idx,parent_idx,depth,path,instance,swID,model,file,imported_from,category,kind,purchased_unit,inside_purchased,is_assembly,n_children,suppressed,suppressed_effective,hidden,hidden_effective,display_state_shown,virtual,coincident_duplicate_of,t_sw_x,t_sw_y,t_sw_z,R_sw_rowmajor(9),M_world_sw_4x4_rowmajor(16),bbox_model_mm(6),bbox_size_mm,bbox_centre_sw_x,bbox_centre_sw_y,bbox_centre_sw_z,t_os_x,t_os_y,t_os_z,R_os_rowmajor(9),bbox_centre_os_x,bbox_centre_os_y,bbox_centre_os_z,bbox_world_aabb_os_mm(6)
0,,1,Robotic Hand_V5/Proximal Phalanx Bone_V02-1,Proximal Phalanx Bone_V02-1,17,Proximal Phalanx Bone_V02,Proximal Phalanx Bone_V02.SLDPRT,,printed/structural,printed,,False,False,0,False,False,False,False,Yes,False,,-29.0339,-0.5230,0.2539,1 0 0 0 1 0 0 0 1,1 0 0 -29.0339 0 1 0 -0.522963 0 0 1 0.253861 0 0 0 1,0 -7.5709 -7.5 56.7 13 7.5,56.70 x 20.57 x 15.00,-0.6839,2.1916,0.2539,-29.0339,-0.2539,-0.5230,1 0 0 0 1 0 0 0 1,-0.6839,-0.2539,2.1916,-29.0339 -7.75386 -8.09386 27.6661 7.24614 12.477
1,,1,Robotic Hand_V5/Metacarpal Bone_V02-1,Metacarpal Bone_V02-1,18,Metacarpal Bone_V02,Metacarpal Bone_V02.SLDPRT,,printed/structural,printed,,False,False,0,False,False,False,False,Yes,False,,-61.0339,-0.5230,0.2539,1 0 0 0 1 0 0 0 1,1 0 0 -61.0339 0 1 0 -0.522963 0 0 1 0.253861 0 0 0 1,0 -8.02025 -10.9633 47 13 7.5,47.00 x 21.02 x 18.46,-37.5339,1.9669,-1.4778,-61.0339,-0.2539,-0.5230,1 0 0 0 1 0 0 0 1,-37.5339,1.4778,1.9669,-61.0339 -7.75386 -8.54321 -14.0339 10.7094 12.477
2,,1,Robotic Hand_V5/Distal Phalanx Bone_V02-2,Distal Phalanx Bone_V02-2,28,Distal Phalanx Bone_V02,Distal Phalanx Bone_V02.SLDPRT,,printed/structural,printed,,False,False,0,False,False,False,False,Yes,False,,49.4661,-0.5230,0.2539,-1 -0 0 -0 1 0 -0 0 -1,-1 -0 0 49.4661 -0 1 0 -0.522963 -0 0 -1 0.253861 0 0 0 1,-3.5 -7.5 -7.5 36.8 13 7.5,40.30 x 20.50 x 15.00,32.8161,2.2270,0.2539,49.4661,-0.2539,-0.5230,-1 -0 -0 0 -1 -0 -0 -0 1,32.8161,-0.2539,2.2270,12.6661 -7.75386 -8.02296 52.9661 7.24614 12.477
3,,1,Robotic Hand_V5/Base Bone 1_V02-1,Base Bone 1_V02-1,44,Base Bone 1_V02,Base Bone 1_V02.SLDPRT,,printed/structural,printed,,False,False,0,False,False,False,False,Yes,False,,-46.0339,-0.5230,0.2539,-1 -0 0 -0 1 0 -0 0 -1,-1 -0 0 -46.0339 -0 1 0 -0.522963 -0 0 -1 0.253861 0 0 0 1,0.1 -7.5 -7.5 31.6 7.5 7.5,31.50 x 15.00 x 15.00,-61.8839,-0.5230,0.2539,-46.0339,-0.2539,-0.5230,-1 -0 -0 0 -1 -0 -0 -0 1,-61.8839,-0.2539,-0.5230,-77.6339 -7.75386 -8.02296 -46.1339 7.24614 6.97704
4,,1,Robotic Hand_V5/Palm1-1,Palm1-1,142,Palm1,Palm1.SLDPRT,,printed/structural,printed,,False,False,0,False,False,False,False,Yes,False,,-89.2119,-1.6230,11.0127,-0 -0 1 0 1 0 -1 0 -0,-0 -0 1 -89.2119 0 1 0 -1.62296 -1 0 -0 11.0127 0 0 0 1,-41.7314 -3 -73.2431 41.7314 0.6 73.2431,83.46 x 3.60 x 146.49,-89.2119,-2.8230,11.0127,-89.2119,-11.0127,-1.6230,-0 -1 -0 1 -0 -0 0 -0 1,-89.2119,-11.0127,-2.8230,-162.455 -52.7441 -4.62296 -15.9687 30.7188 -1.02296
5,,1,Robotic Hand_V5/Palm2-1,Palm2-1,145,Palm2,Palm2.SLDPRT,,printed/structural,printed,,False,False,0,False,False,False,False,Yes,False,,-154.2119,-1.6230,11.0127,-0.133133 -0 -0.991098 -0 1 -0 0.991098 0 -0.133133,-0.133133 -0 -0.991098 -154.212 -0 1 -0 -1.62296 0.991098 0 -0.133133 11.0127 0 0 0 1,-8.65362 0 -64.9305 0 0.6 0,8.65 x 0.60 x 64.93,-121.4596,-1.3230,11.0466,-154.2119,-11.0127,-1.6230,-0.133133 0.991098 -0 -0.991098 -0.133133 -0 -0 0 1,-121.4596,-11.0466,-1.3230,-154.212 -19.657 -1.62296 -88.7073 -2.43609 -1.02296
6,,1,Robotic Hand_V5/Palm2-2,Palm2-2,170,Palm2,Palm2.SLDPRT,,printed/structural,printed,,False,False,0,False,False,False,False,Yes,False,,-155.7807,-1.6230,28.9442,-0.219006 -0 -0.975724 -0 1 0 0.975724 0 -0.219006,-0.219006 -0 -0.975724 -155.781 -0 1 0 -1.62296 0.975724 0 -0.219006 28.9442 0 0 0 1,-8.65362 0 -64.9305 0 0.6 0,8.65 x 0.60 x 64.93,-123.1560,-1.3230,31.8325,-155.7807,-28.9442,-1.6230,-0.219006 0.975724 -0 -0.975724 -0.219006 -0 -0 -0 1,-123.1560,-31.8325,-1.3230,-155.781 -43.1643 -1.62296 -90.5313 -20.5006 -1.02296
7,,1,Robotic Hand_V5/Palm2-3,Palm2-3,176,Palm2,Palm2.SLDPRT,,printed/structural,printed,,False,False,0,False,False,False,False,Yes,False,,-158.9063,-1.0230,46.6707,0.127919 0 -0.991785 0 -1 -0 -0.991785 -0 -0.127919,0.127919 0 -0.991785 -158.906 0 -1 -0 -1.02296 -0.991785 -0 -0.127919 46.6707 0 0 0 1,-8.65362 0 -64.9305 0 0.6 0,8.65 x 0.60 x 64.93,-127.2613,-1.3230,55.1149,-158.9063,-46.6707,-1.0230,0.127919 0.991785 0 0.991785 -0.127919 0 0 0 -1,-127.2613,-55.1149,-1.3230,-160.013 -63.5591 -1.62296 -94.5093 -46.6707 -1.02296
8,,1,Robotic Hand_V5/Base Bone 1_V02-7,Base Bone 1_V02-7,213,Base Bone 1_V02,Base Bone 1_V02.SLDPRT,,printed/structural,printed,,False,False,0,False,False,False,False,Yes,False,,-46.1067,-0.5230,27.8250,-0.996195 -0 0.087156 0 1 0 -0.087156 0 -0.996195,-0.996195 -0 0.087156 -46.1067 0 1 0 -0.522963 -0.087156 0 -0.996195 27.825 0 0 0 1,0.1 -7.5 -7.5 31.6 7.5 7.5,31.50 x 15.00 x 15.00,-61.8964,-0.5230,26.4436,-46.1067,-27.8250,-0.5230,-0.996195 -0.087156 -0 0.087156 -0.996195 -0 0 -0 1,-61.8964,-26.4436,-0.5230,-78.2401 -35.2877 -8.02296 -45.5526 -17.5994 6.97704
9,,1,Robotic Hand_V5/Base Bone 1_V02-8,Base Bone 1_V02-8,214,Base Bone 1_V02,Base Bone 1_V02.SLDPRT,,printed/structural,printed,,False,False,0,False,False,False,False,Yes,False,,-55.4226,-0.5230,82.1637,-0.965926 -0 0.258819 -0 1 -0 -0.258819 -0 -0.965926,-0.965926 -0 0.258819 -55.4226 -0 1 -0 -0.522963 -0.258819 -0 -0.965926 82.1637 0 0 0 1,0.1 -7.5 -7.5 31.6 7.5 7.5,31.50 x 15.00 x 15.00,-70.7325,-0.5230,78.0614,-55.4226,-82.1637,-0.5230,-0.965926 -0.258819 -0 0.258819 -0.965926 0 -0 0 1,-70.7325,-78.0614,-0.5230,-87.887 -89.3822 -8.02296 -53.578 -66.7406 6.97704
10,,1,Robotic Hand_V5/Base Bone 1_V02-9,Base Bone 1_V02-9,215,Base Bone 1_V02,Base Bone 1_V02.SLDPRT,,printed/structural,printed,,False,False,0,False,False,False,False,Yes,False,,-49.5784,-0.5230,55.1977,-0.984808 -0 0.173648 -0 1 -0 -0.173648 -0 -0.984808,-0.984808 -0 0.173648 -49.5784 -0 1 -0 -0.522963 -0.173648 -0 -0.984808 55.1977 0 0 0 1,0.1 -7.5 -7.5 31.6 7.5 7.5,31.50 x 15.00 x 15.00,-65.1876,-0.5230,52.4454,-49.5784,-55.1977,-0.5230,-0.984808 -0.173648 -0 0.173648 -0.984808 0 -0 0 1,-65.1876,-52.4454,-0.5230,-82.0007 -62.5664 -8.02296 -48.3745 -42.3244 6.97704
11,,1,Robotic Hand_V5/Metacarpal Bone_V02-3,Metacarpal Bone_V02-3,246,Metacarpal Bone_V02,Metacarpal Bone_V02.SLDPRT,,printed/structural,printed,,False,False,0,False,False,False,False,Yes,False,,-61.0496,-0.5230,26.5177,0.996195 -0 -0.087156 -0 1 -0 0.087156 0 0.996195,0.996195 -0 -0.087156 -61.0496 -0 1 -0 -0.522963 0.087156 0 0.996195 26.5177 0 0 0 1,0 -8.02025 -10.9633 47 13 7.5,47.00 x 21.02 x 18.46,-37.4881,1.9669,26.8408,-61.0496,-26.5177,-0.5230,0.996195 0.087156 -0 -0.087156 0.996195 -0 -0 0 1,-37.4881,-26.8408,1.9669,-61.7033 -38.0854 -8.54321 -13.2729 -15.5961 12.477
12,,1,Robotic Hand_V5/Proximal Phalanx Bone_V02_middlefinger-1,Proximal Phalanx Bone_V02_middlefinger-1,253,Proximal Phalanx Bone_V02_middlefinger,Proximal Phalanx Bone_V02_middlefinger.SLDPRT,,printed/structural,printed,,False,False,0,False,False,False,False,Yes,False,,-29.1714,-0.5230,29.3066,0.996195 0 -0.087156 -0 1 -0 0.087156 0 0.996195,0.996195 0 -0.087156 -29.1714 -0 1 -0 -0.522963 0.087156 0 0.996195 29.3066 0 0 0 1,0 -7.5709 -7.5 64.7 13 7.5,64.70 x 20.57 x 15.00,3.0555,2.1916,32.1261,-29.1714,-29.3066,-0.5230,0.996195 0.087156 0 -0.087156 0.996195 -0 -0 0 1,3.0555,-32.1261,2.1916,-29.825 -42.4171 -8.09386 35.9361 -21.8352 12.477
13,,1,Robotic Hand_V5/Distal Phalanx Bone_V02-4,Distal Phalanx Bone_V02-4,259,Distal Phalanx Bone_V02,Distal Phalanx Bone_V02.SLDPRT,,printed/structural,printed,,False,False,0,False,False,False,False,Yes,False,,56.9995,-0.5230,36.8456,-0.996195 0 0.087156 0 1 0 -0.087156 0 -0.996195,-0.996195 0 0.087156 56.9995 0 1 0 -0.522963 -0.087156 0 -0.996195 36.8456 0 0 0 1,-3.5 -7.5 -7.5 36.8 13 7.5,40.30 x 20.50 x 15.00,40.4128,2.2270,35.3945,56.9995,-36.8456,-0.5230,-0.996195 -0.087156 0 0.087156 -0.996195 -0 0 -0 1,40.4128,-35.3945,2.2270,19.6858 -44.6221 -8.02296 61.1398 -26.1668 12.477
14,,1,Robotic Hand_V5/Metacarpal Bone_V02-4,Metacarpal Bone_V02-4,264,Metacarpal Bone_V02,Metacarpal Bone_V02.SLDPRT,,printed/structural,printed,,False,False,0,False,False,False,False,Yes,False,,-64.3505,-0.5230,52.5930,0.984808 0 -0.173648 0 1 -0 0.173648 -0 0.984808,0.984808 0 -0.173648 -64.3505 0 1 -0 -0.522963 0.173648 -0 0.984808 52.593 0 0 0 1,0 -8.02025 -10.9633 47 13 7.5,47.00 x 21.02 x 18.46,-40.9068,1.9669,54.9684,-64.3505,-52.5930,-0.5230,0.984808 0.173648 0 -0.173648 0.984808 0 0 0 1,-40.9068,-54.9684,1.9669,-65.6529 -68.1405 -8.54321 -16.1608 -41.7963 12.477
15,,1,Robotic Hand_V5/Proximal Phalanx Bone_V02-2,Proximal Phalanx Bone_V02-2,265,Proximal Phalanx Bone_V02,Proximal Phalanx Bone_V02.SLDPRT,,printed/structural,printed,,False,False,0,False,False,False,False,Yes,False,,-32.8367,-0.5230,58.1497,0.984808 0 -0.173648 -0 1 -0 0.173648 0 0.984808,0.984808 0 -0.173648 -32.8367 -0 1 -0 -0.522963 0.173648 0 0.984808 58.1497 0 0 0 1,0 -7.5709 -7.5 56.7 13 7.5,56.70 x 20.57 x 15.00,-4.9174,2.1916,63.0727,-32.8367,-58.1497,-0.5230,0.984808 0.173648 0 -0.173648 0.984808 -0 -0 0 1,-4.9174,-63.0727,2.1916,-34.139 -75.3816 -8.09386 24.3043 -50.7637 12.477
16,,1,Robotic Hand_V5/Distal Phalanx Bone_V02-5,Distal Phalanx Bone_V02-5,266,Distal Phalanx Bone_V02,Distal Phalanx Bone_V02.SLDPRT,,printed/structural,printed,,False,False,0,False,False,False,False,Yes,False,,44.4708,-0.5230,71.7811,-0.984808 0 0.173648 0 1 0 -0.173648 0 -0.984808,-0.984808 0 0.173648 44.4708 0 1 0 -0.522963 -0.173648 0 -0.984808 71.7811 0 0 0 1,-3.5 -7.5 -7.5 36.8 13 7.5,40.30 x 20.50 x 15.00,28.0737,2.2270,68.8899,44.4708,-71.7811,-0.5230,-0.984808 -0.173648 0 0.173648 -0.984808 -0 0 -0 1,28.0737,-68.8899,2.2270,6.92747 -79.7749 -8.02296 49.2199 -58.0048 12.477
17,,1,Robotic Hand_V5/Proximal Phalanx Bone_V02_pinky-1,Proximal Phalanx Bone_V02_pinky-1,290,Proximal Phalanx Bone_V02_pinky,Proximal Phalanx Bone_V02_pinky.SLDPRT,,printed/structural,printed,,False,False,0,False,False,False,False,Yes,False,,-45.7633,-0.5230,84.7519,0.965926 -0 -0.258819 0 1 -0 0.258819 -0 0.965926,0.965926 -0 -0.258819 -45.7633 0 1 -0 -0.522963 0.258819 -0 0.965926 84.7519 0 0 0 1,0 -7.5709 -7.5 46.7 13 7.5,46.70 x 20.57 x 15.00,-23.2089,2.1916,90.7953,-45.7633,-84.7519,-0.5230,0.965926 0.258819 -0 -0.258819 0.965926 0 0 0 1,-23.2089,-90.7953,2.1916,-47.7044 -104.083 -8.09386 1.28657 -77.5074 12.477
18,,1,Robotic Hand_V5/Distal Phalanx Bone_V02-6,Distal Phalanx Bone_V02-6,295,Distal Phalanx Bone_V02,Distal Phalanx Bone_V02.SLDPRT,,printed/structural,printed,,False,False,0,False,False,False,False,Yes,False,,20.4026,-0.5230,102.4810,-0.965926 -0 0.258819 -0 1 0 -0.258819 -0 -0.965926,-0.965926 -0 0.258819 20.4026 -0 1 0 -0.522963 -0.258819 -0 -0.965926 102.481 0 0 0 1,-3.5 -7.5 -7.5 36.8 13 7.5,40.30 x 20.50 x 15.00,4.3199,2.2270,98.1716,20.4026,-102.4810,-0.5230,-0.965926 -0.258819 -0 0.258819 -0.965926 0 -0 -0 1,4.3199,-98.1716,2.2270,-17.0846 -110.631 -8.02296 25.7245 -85.712 12.477
19,,1,Robotic Hand_V5/Metacarpal Bone_V02_pinky-1,Metacarpal Bone_V02_pinky-1,302,Metacarpal Bone_V02_pinky,Metacarpal Bone_V02_pinky.SLDPRT,,printed/structural,printed,,False,False,0,False,False,False,False,Yes,False,,-69.9115,-0.5230,78.2814,0.965926 -0 -0.258819 0 1 0 0.258819 -0 0.965926,0.965926 -0 -0.258819 -69.9115 0 1 0 -0.522963 0.258819 -0 0.965926 78.2814 0 0 0 1,0 -8.02025 -10.9633 40 13 7.5,40.00 x 21.02 x 18.46,-50.1448,1.9669,81.7851,-69.9115,-78.2814,-0.5230,0.965926 0.258819 -0 -0.258819 0.965926 0 0 -0 1,-50.1448,-81.7851,1.9669,-71.8526 -95.8786 -8.54321 -28.4369 -67.6917 12.477
20,,1,Robotic Hand_V5/Palm_bone1-1,Palm_bone1-1,311,Palm_bone1,Palm_bone1.SLDPRT,,printed/structural,printed,,False,False,0,False,False,False,False,Yes,False,,-168.7764,-0.5230,-5.7635,-0.121869 0 -0.992546 0 1 0 0.992546 0 -0.121869,-0.121869 0 -0.992546 -168.776 0 1 0 -0.522963 0.992546 0 -0.121869 -5.76347 0 0 0 1,-1 -11.0644 -7.9007 63 11.2475 11.0489,64.00 x 22.31 x 18.95,-174.1167,-0.4314,24.8136,-168.7764,5.7635,-0.5230,-0.121869 0.992546 0 -0.992546 -0.121869 -0 0 -0 1,-174.1167,-24.8136,-0.4314,-187.421 -57.7298 -11.5874 -160.813 8.10253 10.7245
21,,1,Robotic Hand_V5/Base Bone 1.2_V02_pointerfinger_and_thumb_attachment-1,Base Bone 1.2_V02_pointerfinger_and_thumb_attachment-1,324,Base Bone 1.2_V02_pointerfinger_and_thumb_attachment,Base Bone 1.2_V02_pointerfinger_and_thumb_attachment.SLDPRT,,printed/structural,printed,,False,False,0,False,False,False,False,Yes,False,,-161.1778,-0.5230,0.2539,1 -0 -0 0 0 1 -0 -1 0,1 -0 -0 -161.178 0 0 1 -0.522963 -0 -1 0 0.253861 0 0 0 1,-5.9195 -10.5 -8.45979 96.8 10.5012 10.5012,102.72 x 21.00 x 18.96,-115.7375,0.4978,0.2532,-161.1778,-0.2539,-0.5230,1 0 -0 0 0 1 0 -1 0,-115.7375,-0.2532,0.4978,-167.097 -10.7539 -8.98275 -64.3778 10.2474 9.97828
22,,1,Robotic Hand_V5/Palm_pinky-1,Palm_pinky-1,357,Palm_pinky,Palm_pinky.SLDPRT,,printed/structural,printed,,False,False,0,False,False,False,False,Yes,False,,-100.0034,-1.6230,77.9828,0.258819 -0 0.965926 0 1 -0 -0.965926 0 0.258819,0.258819 -0 0.965926 -100.003 0 1 -0 -1.62296 -0.965926 0 0.258819 77.9828 0 0 0 1,0 -3 -65 15 0.6 0,15.00 x 3.60 x 65.00,-129.4549,-2.8230,62.3268,-100.0034,-77.9828,-1.6230,0.258819 -0.965926 -0 0.965926 0.258819 -0 0 0 1,-129.4549,-62.3268,-2.8230,-162.789 -77.9828 -4.62296 -96.1211 -46.6707 -1.02296
23,,1,Robotic Hand_V5/Base Bone 1_V02-10,Base Bone 1_V02-10,376,Base Bone 1_V02,Base Bone 1_V02.SLDPRT,,printed/structural,printed,,False,False,0,False,False,True,True,No,False,,-50.3268,-0.0865,37.0392,-0.890308 0.002233 0.455353 -0.009635 0.999672 -0.023741 -0.455257 -0.025525 -0.889994,-0.890308 0.002233 0.455353 -50.3268 -0.009635 0.999672 -0.023741 -0.086532 -0.455257 -0.025525 -0.889994 37.0392 0 0 0 1,0.1 -7.5 -7.5 31.6 7.5 7.5,31.50 x 15.00 x 15.00,-64.4382,-0.2393,29.8234,-50.3268,-37.0392,-0.0865,-0.890308 -0.455353 0.002233 0.455257 -0.889994 0.025525 -0.009635 0.023741 0.999672,-64.4382,-29.8234,-0.2393,-81.8924 -43.8601 -8.0666 -46.9839 -15.7867 7.5881
24,,1,Robotic Hand_V5/Base Bone 1_V02-11,Base Bone 1_V02-11,381,Base Bone 1_V02,Base Bone 1_V02.SLDPRT,,printed/structural,printed,,False,False,0,False,False,True,True,No,False,,-48.6689,-0.5741,18.0896,-0.955837 0.002233 -0.29389 0.009635 0.999672 -0.023741 0.29374 -0.025525 -0.955544,-0.955837 0.002233 -0.29389 -48.6689 0.009635 0.999672 -0.023741 -0.574077 0.29374 -0.025525 -0.955544 18.0896 0 0 0 1,0.1 -7.5 -7.5 31.6 7.5 7.5,31.50 x 15.00 x 15.00,-63.8189,-0.4214,22.7454,-48.6689,-18.0896,-0.5741,-0.955837 0.29389 0.002233 -0.29374 -0.955544 0.025525 0.009635 0.023741 0.999672,-63.8189,-22.7454,-0.4214,-81.0943 -34.7298 -8.24871 -46.5436 -10.761 7.406
25,,1,Robotic Hand_V5/thumb_ball_joint_cap-1,thumb_ball_joint_cap-1,404,thumb_ball_joint_cap,thumb_ball_joint_cap.SLDPRT,,printed/structural,printed,,False,False,0,False,False,True,True,No,False,,-150.3421,10.3127,-10.5818,-0.816497 -0 0.57735 0.408248 0.707107 0.57735 -0.408248 0.707107 -0.57735,-0.816497 -0 0.57735 -150.342 0.408248 0.707107 0.57735 10.3127 -0.408248 0.707107 -0.57735 -10.5818 0 0 0 1,-8.5 -8.5 -1 8.5 8.5 6,17.00 x 17.00 x 7.00,-148.8987,11.7561,-12.0252,-150.3421,10.5818,10.3127,-0.816497 -0.57735 -0 0.408248 -0.57735 -0.707107 0.408248 -0.57735 0.707107,-148.8987,12.0252,11.7561,-157.86 0.523951 0.254849 -139.938 23.5264 23.2573
26,,1,Robotic Hand_V5/Proximal Phalanx Bone_V02-3,Proximal Phalanx Bone_V02-3,409,Proximal Phalanx Bone_V02,Proximal Phalanx Bone_V02.SLDPRT,,printed/structural,printed,,False,False,0,False,False,True,True,No,False,,-124.3547,44.5484,-55.8734,0.407538 0.419721 0.811016 0.546126 0.59977 -0.584827 -0.731887 0.681256 0.015209,0.407538 0.419721 0.811016 -124.355 0.546126 0.59977 -0.584827 44.5484 -0.731887 0.681256 0.015209 -55.8734 0 0 0 1,0 -7.5709 -7.5 56.7 13 7.5,56.70 x 20.57 x 15.00,-111.6617,61.6592,-74.7731,-124.3547,55.8734,44.5484,0.407538 -0.811016 0.419721 0.731887 0.015209 -0.681256 0.546126 0.584827 0.59977,-111.6617,74.7731,61.6592,-133.615 46.903 35.6214 -89.7083 102.643 87.6969
27,,1,Robotic Hand_V5/Distal Phalanx Bone_V02-9,Distal Phalanx Bone_V02-9,428,Distal Phalanx Bone_V02,Distal Phalanx Bone_V02.SLDPRT,,printed/structural,printed,,False,False,0,False,False,True,True,No,False,,-92.3630,87.4193,-113.3265,-0.407538 0.419721 -0.811016 -0.546126 0.59977 0.584827 0.731887 0.681256 -0.015209,-0.407538 0.419721 -0.811016 -92.363 -0.546126 0.59977 0.584827 87.4193 0.731887 0.681256 -0.015209 -113.326 0 0 0 1,-3.5 -7.5 -7.5 36.8 13 7.5,40.30 x 20.50 x 15.00,-97.9943,79.9756,-99.2671,-92.3630,113.3265,87.4193,-0.407538 0.811016 0.419721 -0.731887 -0.015209 -0.681256 -0.546126 -0.584827 0.59977,-97.9943,99.2671,79.9756,-116.591 77.4227 58.4374 -79.3976 121.112 101.514
28,,1,Robotic Hand_V5/Metacarpal Bone_V02_thumb-1,Metacarpal Bone_V02_thumb-1,433,Metacarpal Bone_V02_thumb,Metacarpal Bone_V02_thumb.SLDPRT,,printed/structural,printed,,False,False,0,False,False,True,True,No,False,,-144.5279,17.5151,-19.6449,0.407538 0.419721 0.811016 0.546126 0.59977 -0.584827 -0.731887 0.681256 0.015209,0.407538 0.419721 0.811016 -144.528 0.546126 0.59977 -0.584827 17.5151 -0.731887 0.681256 0.015209 -19.6449 0 0 0 1,-15.5167 -7.5 -7.5 64.5333 7.5 7.5,80.05 x 15.00 x 15.00,-134.5398,30.8998,-37.5823,-144.5279,19.6449,17.5151,0.407538 -0.811016 0.419721 0.731887 0.015209 -0.681256 0.546126 0.584827 0.59977,-134.5398,37.5823,30.8998,-160.082 3.06501 0.1566 -108.998 72.0995 61.6429
29,,1,Robotic Hand_V5/palm_bone_flex-1,palm_bone_flex-1,446,palm_bone_flex,palm_bone_flex.SLDPRT,,printed/structural,printed,,False,False,0,False,False,False,False,Yes,False,,-165.1785,-1.0230,25.9111,0.992546 -0.121869 0 0 -0 -1 0.121869 0.992546 -0,0.992546 -0.121869 0 -165.179 0 -0 -1 -1.02296 0.121869 0.992546 -0 25.9111 0 0 0 1,-11 -25 -0 11 25 3.78954,22.00 x 50.00 x 3.79,-165.1785,-2.9177,25.9111,-165.1785,-25.9111,-1.0230,0.992546 -0 -0.121869 -0.121869 -0 -0.992546 0 1 -0,-165.1785,-25.9111,-2.9177,-179.143 -52.0653 -4.8125 -151.214 0.243128 -1.02296
30,,1,Robotic Hand_V5/Base Bone 1.2_V02_ringfing-1,Base Bone 1.2_V02_ringfing-1,460,Base Bone 1.2_V02_ringfing,Base Bone 1.2_V02_ringfing.SLDPRT,,printed/structural,printed,,False,False,0,False,False,False,False,Yes,False,,-162.9730,-0.5230,35.2032,0.984808 0.173648 -0 -0 0 1 0.173648 -0.984808 0,0.984808 0.173648 -0 -162.973 -0 0 1 -0.522963 0.173648 -0.984808 0 35.2032 0 0 0 1,0 -10.5 -7.5 96.8 10.5 7.5,96.80 x 21.00 x 15.00,-115.3083,-0.5230,43.6078,-162.9730,-35.2032,-0.5230,0.984808 0 0.173648 -0.173648 0 0.984808 -0 -1 0,-115.3083,-43.6078,-0.5230,-164.796 -62.3528 -8.02296 -65.8203 -24.8627 6.97704
31,,1,Robotic Hand_V5/Base Bone 1.2_V02_middlefinger-2,Base Bone 1.2_V02_middlefinger-2,461,Base Bone 1.2_V02_middlefinger,Base Bone 1.2_V02_middlefinger.SLDPRT,,printed/structural,printed,,False,False,0,False,False,False,False,Yes,False,,-160.8124,-0.5230,17.7895,0.996195 0.087156 -0 -0 0 1 0.087156 -0.996195 0,0.996195 0.087156 -0 -160.812 -0 0 1 -0.522963 0.087156 -0.996195 0 17.7895 0 0 0 1,0 -10.5 -7.5 96.8 10.5 7.5,96.80 x 21.00 x 15.00,-112.5966,-0.5230,22.0079,-160.8124,-17.7895,-0.5230,0.996195 0 0.087156 -0.087156 0 0.996195 -0 -1 0,-112.5966,-22.0079,-0.5230,-161.728 -36.6863 -8.02296 -63.4656 -7.3295 6.97704
32,,1,Robotic Hand_V5/Base Bone 1.2_V02_pinky-1,Base Bone 1.2_V02_pinky-1,462,Base Bone 1.2_V02_pinky,Base Bone 1.2_V02_pinky.SLDPRT,,printed/structural,printed,,False,False,0,False,False,False,False,Yes,False,,-166.6430,-0.5230,52.3623,0.965926 0.258819 -0 -0 0 1 0.258819 -0.965926 0,0.965926 0.258819 -0 -166.643 -0 0 1 -0.522963 0.258819 -0.965926 0 52.3623 0 0 0 1,-0.038777 -10.5 -7.5 96.8 10.5 7.5,96.84 x 21.00 x 15.00,-119.9109,-0.5230,64.8841,-166.6430,-52.3623,-0.5230,0.965926 0 0.258819 -0.258819 0 0.965926 -0 -1 0,-119.9109,-64.8841,-0.5230,-169.398 -87.5582 -8.02296 -70.4238 -42.21 6.97704
33,,1,Robotic Hand_V5/M2 x 0.4mm Thread 12mm LONG SOCKET HEAD CAP SCREW.step-1,M2 x 0.4mm Thread 12mm LONG SOCKET HEAD CAP SCREW.step-1,637,M2 x 0.4mm Thread 12mm LONG SOCKET HEAD CAP SCREW.step,M2 x 0.4mm Thread 12mm LONG SOCKET HEAD CAP SCREW.step.SLDPRT,M2 x 0.4mm Thread 12mm LONG SOCKET HEAD CAP SCREW.STEP,fastener,screw-M2,,False,False,0,False,False,True,True,No,False,,-159.6539,12.1047,-4.2453,0.788675 -0.211325 -0.57735 -0.211325 0.788675 -0.57735 0.57735 0.57735 0.57735,0.788675 -0.211325 -0.57735 -159.654 -0.211325 0.788675 -0.57735 12.1047 0.57735 0.57735 0.57735 -4.24526 0 0 0 1,-1.9 -1.9 -14.0041 1.9 1.9 2.5e-05,3.80 x 3.80 x 14.00,-155.6113,16.1473,-8.2879,-159.6539,4.2453,12.1047,0.788675 0.57735 -0.211325 -0.57735 0.57735 -0.57735 -0.211325 0.57735 0.788675,-155.6113,8.2879,16.1473,-161.554 2.05132 10.2046 -149.669 14.5245 22.09
34,,1,Robotic Hand_V5/screw_hole_cav-1,screw_hole_cav-1,640,screw_hole_cav,screw_hole_cav.SLDPRT,,cut-tool (not a physical part),cut-tool,,False,False,0,True,True,True,True,Yes,False,,-150.2679,-0.7168,-7.6808,0.788675 0.57735 0.211325 -0.57735 0.57735 0.57735 0.211325 -0.57735 0.788675,0.788675 0.57735 0.211325 -150.268 -0.57735 0.57735 0.57735 -0.71683 0.211325 -0.57735 0.788675 -7.68077 0 0 0 1,,,,,,-150.2679,7.6808,-0.7168,0.788675 -0.211325 0.57735 -0.211325 0.788675 0.57735 -0.57735 -0.57735 0.57735,,,,
35,,1,Robotic Hand_V5/screw_hole_cav-2,screw_hole_cav-2,641,screw_hole_cav,screw_hole_cav.SLDPRT,,cut-tool (not a physical part),cut-tool,,False,False,0,True,True,True,True,Yes,False,,-159.6539,12.1047,-4.2453,0.788675 0.57735 0.211325 -0.57735 0.57735 0.57735 0.211325 -0.57735 0.788675,0.788675 0.57735 0.211325 -159.654 -0.57735 0.57735 0.57735 12.1047 0.211325 -0.57735 0.788675 -4.24526 0 0 0 1,,,,,,-159.6539,4.2453,12.1047,0.788675 -0.211325 0.57735 -0.211325 0.788675 0.57735 -0.57735 -0.57735 0.57735,,,,
36,,1,Robotic Hand_V5/M2 x 0.4mm Thread HEX NUT.step-1,M2 x 0.4mm Thread HEX NUT.step-1,647,M2 x 0.4mm Thread HEX NUT.step,M2 x 0.4mm Thread HEX NUT.step.SLDPRT,M2 x 0.4mm Thread HEX NUT.STEP,fastener,nut-M2,,False,False,0,False,False,True,True,No,False,,-157.6332,14.1254,-6.2660,0.707107 -0.408248 -0.57735 0 0.816497 -0.57735 0.707107 0.408248 0.57735,0.707107 -0.408248 -0.57735 -157.633 0 0.816497 -0.57735 14.1254 0.707107 0.408248 0.57735 -6.26599 0 0 0 1,-2.3119 -2.31373 -0.804328 2.3119 2.31373 0.804602,4.62 x 4.63 x 1.61,-157.6332,14.1253,-6.2659,-157.6332,6.2660,14.1254,0.707107 0.57735 -0.408248 -0.707107 0.57735 -0.408248 0 0.57735 0.816497,-157.6332,6.2659,14.1253,-160.677 3.22212 11.7717 -154.589 9.3097 16.4789
37,,1,Robotic Hand_V5/M2 x 0.4mm Thread HEX NUT.step-2,M2 x 0.4mm Thread HEX NUT.step-2,656,M2 x 0.4mm Thread HEX NUT.step,M2 x 0.4mm Thread HEX NUT.step.SLDPRT,M2 x 0.4mm Thread HEX NUT.STEP,fastener,nut-M2,,False,False,0,False,False,True,True,No,False,,-148.2472,1.3039,-9.7015,0.707107 0.408248 -0.57735 -0.707107 0.408248 -0.57735 -0 0.816497 0.57735,0.707107 0.408248 -0.57735 -148.247 -0.707107 0.408248 -0.57735 1.3039 -0 0.816497 0.57735 -9.7015 0 0 0 1,-2.3119 -2.31373 -0.804328 2.3119 2.31373 0.804602,4.62 x 4.63 x 1.61,-148.2473,1.3038,-9.7014,-148.2472,9.7015,1.3039,0.707107 0.57735 0.408248 0 0.57735 -0.816497 -0.707107 0.57735 0.408248,-148.2473,9.7014,1.3038,-151.291 7.34781 -1.73998 -145.203 12.055 4.34761
38,,1,Robotic Hand_V5/M2 x 0.4mm Thread 12mm LONG SOCKET HEAD CAP SCREW.step-2,M2 x 0.4mm Thread 12mm LONG SOCKET HEAD CAP SCREW.step-2,668,M2 x 0.4mm Thread 12mm LONG SOCKET HEAD CAP SCREW.step,M2 x 0.4mm Thread 12mm LONG SOCKET HEAD CAP SCREW.step.SLDPRT,M2 x 0.4mm Thread 12mm LONG SOCKET HEAD CAP SCREW.STEP,fastener,screw-M2,,False,False,0,False,False,True,True,No,False,,-150.2679,-0.7168,-7.6808,0.788675 -0.211325 -0.57735 -0.211325 0.788675 -0.57735 0.57735 0.57735 0.57735,0.788675 -0.211325 -0.57735 -150.268 -0.211325 0.788675 -0.57735 -0.71683 0.57735 0.57735 0.57735 -7.68077 0 0 0 1,-1.9 -1.9 -14.0041 1.9 1.9 2.5e-05,3.80 x 3.80 x 14.00,-146.2253,3.3258,-11.7234,-150.2679,7.6808,-0.7168,0.788675 0.57735 -0.211325 -0.57735 0.57735 -0.57735 -0.211325 0.57735 0.788675,-146.2253,11.7234,3.3258,-152.168 5.48683 -2.61685 -140.283 17.96 9.26846
39,,1,Robotic Hand_V5/N20.sat-1,N20.sat-1,838,N20.sat,N20.sat.SLDPRT,N20.sat,motor-model,motor-N20-staging,N20.sat,False,False,0,False,False,False,False,Yes,False,,-206.0128,47.4930,-231.4528,-0.857627 0 0.514272 0.514272 -0 0.857627 0 1 0,-0.857627 0 0.514272 -206.013 0.514272 -0 0.857627 47.493 0 1 0 -231.453 0 0 0 1,-147.521 225.707 1.35675 -106.719 237.707 17.3568,40.80 x 12.00 x 16.00,-92.1795,-9.8566,0.2538,-206.0128,231.4528,47.4930,-0.857627 -0.514272 0 -0 0 -1 0.514272 -0.857627 -0,-92.1795,-0.2538,-9.8566,-113.79 -6.25383 -27.2095 -70.5687 5.74622 7.4962
40,,1,Robotic Hand_V5/N20.sat-7,N20.sat-7,883,N20.sat,N20.sat.SLDPRT,N20.sat,motor-model,motor-N20-staging,N20.sat,False,False,0,False,False,False,False,Yes,False,,-225.9438,47.4930,-231.4528,-0.857627 0 0.514272 0.514272 -0 0.857627 0 1 0,-0.857627 0 0.514272 -225.944 0.514272 -0 0.857627 47.493 0 1 0 -231.453 0 0 0 1,-147.521 225.707 1.35675 -106.719 237.707 17.3568,40.80 x 12.00 x 16.00,-112.1106,-9.8566,0.2538,-225.9438,231.4528,47.4930,-0.857627 -0.514272 0 -0 0 -1 0.514272 -0.857627 -0,-112.1106,-0.2538,-9.8566,-133.721 -6.25383 -27.2095 -90.4998 5.74622 7.4962
41,,1,Robotic Hand_V5/N20.sat-8,N20.sat-8,888,N20.sat,N20.sat.SLDPRT,N20.sat,motor-model,motor-N20-staging,N20.sat,False,False,0,False,False,False,False,Yes,False,,-245.8749,47.4930,-231.4528,-0.857627 0 0.514272 0.514272 -0 0.857627 0 1 0,-0.857627 0 0.514272 -245.875 0.514272 -0 0.857627 47.493 0 1 0 -231.453 0 0 0 1,-147.521 225.707 1.35675 -106.719 237.707 17.3568,40.80 x 12.00 x 16.00,-132.0417,-9.8566,0.2539,-245.8749,231.4528,47.4930,-0.857627 -0.514272 0 -0 0 -1 0.514272 -0.857627 -0,-132.0417,-0.2539,-9.8566,-153.653 -6.25389 -27.2095 -110.431 5.74616 7.4962
42,,1,Robotic Hand_V5/N20.sat-9,N20.sat-9,894,N20.sat,N20.sat.SLDPRT,N20.sat,motor-model,motor-N20-staging,N20.sat,False,False,0,False,False,False,False,Yes,False,,-224.9927,47.4930,-220.4172,-0.854363 -0.087156 0.512316 0.514272 -0 0.857627 -0.074747 0.996195 0.044822,-0.854363 -0.087156 0.512316 -224.993 0.514272 -0 0.857627 47.493 -0.074747 0.996195 0.044822 -220.417 0 0 0 1,-147.521 225.707 1.35675 -106.719 237.707 17.3568,40.80 x 12.00 x 16.00,-131.7872,-9.8566,20.3289,-224.9927,220.4172,47.4930,-0.854363 -0.512316 -0.087156 0.074747 0.044822 -0.996195 0.514272 -0.857627 -0,-131.7872,-20.3289,-9.8566,-153.839 -28.1896 -27.2095 -109.736 -12.4682 7.4962
43,,1,Robotic Hand_V5/N20.sat-10,N20.sat-10,895,N20.sat,N20.sat.SLDPRT,N20.sat,motor-model,motor-N20-staging,N20.sat,False,False,0,False,False,False,False,Yes,False,,-205.1375,47.4930,-218.6800,-0.854363 -0.087156 0.512316 0.514272 -0 0.857627 -0.074747 0.996195 0.044822,-0.854363 -0.087156 0.512316 -205.137 0.514272 -0 0.857627 47.493 -0.074747 0.996195 0.044822 -218.68 0 0 0 1,-147.521 225.707 1.35675 -106.719 237.707 17.3568,40.80 x 12.00 x 16.00,-111.9320,-9.8566,22.0661,-205.1375,218.6800,47.4930,-0.854363 -0.512316 -0.087156 0.074747 0.044822 -0.996195 0.514272 -0.857627 -0,-111.9320,-22.0661,-9.8566,-133.984 -29.9268 -27.2095 -89.8804 -14.2054 7.4962
44,,1,Robotic Hand_V5/N20.sat-11,N20.sat-11,896,N20.sat,N20.sat.SLDPRT,N20.sat,motor-model,motor-N20-staging,N20.sat,False,False,0,False,False,False,False,Yes,False,,-185.2822,47.4930,-216.9430,-0.854363 -0.087156 0.512316 0.514272 -0 0.857627 -0.074747 0.996195 0.044822,-0.854363 -0.087156 0.512316 -185.282 0.514272 -0 0.857627 47.493 -0.074747 0.996195 0.044822 -216.943 0 0 0 1,-147.521 225.707 1.35675 -106.719 237.707 17.3568,40.80 x 12.00 x 16.00,-92.0767,-9.8566,23.8031,-185.2822,216.9430,47.4930,-0.854363 -0.512316 -0.087156 0.074747 0.044822 -0.996195 0.514272 -0.857627 -0,-92.0767,-23.8031,-9.8566,-114.128 -31.6638 -27.2095 -70.0252 -15.9424 7.4962
45,,1,Robotic Hand_V5/N20.sat-12,N20.sat-12,903,N20.sat,N20.sat.SLDPRT,N20.sat,motor-model,motor-N20-staging,N20.sat,False,False,0,False,False,False,False,Yes,False,,-169.2321,47.4930,-188.2119,-0.828404 -0.258819 0.496749 0.514272 -0 0.857627 -0.22197 0.965926 0.133104,-0.828404 -0.258819 0.496749 -169.232 0.514272 -0 0.857627 47.493 -0.22197 0.965926 0.133104 -188.212 0 0 0 1,-147.521 225.707 1.35675 -106.719 237.707 17.3568,40.80 x 12.00 x 16.00,-119.2477,-9.8566,65.0617,-169.2321,188.2119,47.4930,-0.828404 -0.496749 -0.258819 0.22197 0.133104 -0.965926 0.514272 -0.857627 -0,-119.2477,-65.0617,-9.8566,-141.675 -76.4506 -27.2095 -96.8204 -53.6728 7.4962
46,,1,Robotic Hand_V5/N20.sat-13,N20.sat-13,904,N20.sat,N20.sat.SLDPRT,N20.sat,motor-model,motor-N20-staging,N20.sat,False,False,0,False,False,False,False,Yes,False,,-149.9802,47.4930,-183.0534,-0.828404 -0.258819 0.496749 0.514272 -0 0.857627 -0.22197 0.965926 0.133104,-0.828404 -0.258819 0.496749 -149.98 0.514272 -0 0.857627 47.493 -0.22197 0.965926 0.133104 -183.053 0 0 0 1,-147.521 225.707 1.35675 -106.719 237.707 17.3568,40.80 x 12.00 x 16.00,-99.9958,-9.8566,70.2203,-149.9802,183.0534,47.4930,-0.828404 -0.496749 -0.258819 0.22197 0.133104 -0.965926 0.514272 -0.857627 -0,-99.9958,-70.2203,-9.8566,-122.423 -81.6091 -27.2095 -77.5684 -58.8314 7.4962
47,,1,Robotic Hand_V5/N20.sat-14,N20.sat-14,905,N20.sat,N20.sat.SLDPRT,N20.sat,motor-model,motor-N20-staging,N20.sat,False,False,0,False,False,False,False,Yes,False,,-188.4841,47.4930,-193.3704,-0.828404 -0.258819 0.496749 0.514272 -0 0.857627 -0.22197 0.965926 0.133104,-0.828404 -0.258819 0.496749 -188.484 0.514272 -0 0.857627 47.493 -0.22197 0.965926 0.133104 -193.37 0 0 0 1,-147.521 225.707 1.35675 -106.719 237.707 17.3568,40.80 x 12.00 x 16.00,-138.4997,-9.8566,59.9032,-188.4841,193.3704,47.4930,-0.828404 -0.496749 -0.258819 0.22197 0.133104 -0.965926 0.514272 -0.857627 -0,-138.4997,-59.9032,-9.8566,-160.927 -71.2921 -27.2095 -116.072 -48.5143 7.4962
48,,1,Robotic Hand_V5/N20.sat-15,N20.sat-15,912,N20.sat,N20.sat.SLDPRT,N20.sat,motor-model,motor-N20-staging,N20.sat,False,False,0,False,False,False,False,Yes,False,,-186.5197,47.4930,-204.2299,-0.844598 -0.173648 0.50646 0.514272 -0 0.857627 -0.148925 0.984808 0.089302,-0.844598 -0.173648 0.50646 -186.52 0.514272 -0 0.857627 47.493 -0.148925 0.984808 0.089302 -204.23 0 0 0 1,-147.521 225.707 1.35675 -106.719 237.707 17.3568,40.80 x 12.00 x 16.00,-114.6512,-9.8566,43.7236,-186.5197,204.2299,47.4930,-0.844598 -0.50646 -0.173648 0.148925 0.089302 -0.984808 0.514272 -0.857627 -0,-114.6512,-43.7236,-9.8566,-136.976 -53.3851 -27.2095 -92.3268 -34.062 7.4962
49,,1,Robotic Hand_V5/N20.sat-16,N20.sat-16,913,N20.sat,N20.sat.SLDPRT,N20.sat,motor-model,motor-N20-staging,N20.sat,False,False,0,False,False,False,False,Yes,False,,-166.8914,47.4930,-200.7689,-0.844598 -0.173648 0.50646 0.514272 -0 0.857627 -0.148925 0.984808 0.089302,-0.844598 -0.173648 0.50646 -166.891 0.514272 -0 0.857627 47.493 -0.148925 0.984808 0.089302 -200.769 0 0 0 1,-147.521 225.707 1.35675 -106.719 237.707 17.3568,40.80 x 12.00 x 16.00,-95.0230,-9.8566,47.1845,-166.8914,200.7689,47.4930,-0.844598 -0.50646 -0.173648 0.148925 0.089302 -0.984808 0.514272 -0.857627 -0,-95.0230,-47.1845,-9.8566,-117.347 -56.8461 -27.2095 -72.6985 -37.523 7.4962
50,,1,Robotic Hand_V5/N20.sat-17,N20.sat-17,914,N20.sat,N20.sat.SLDPRT,N20.sat,motor-model,motor-N20-staging,N20.sat,False,False,0,False,False,False,False,Yes,False,,-206.1479,47.4930,-207.6909,-0.844598 -0.173648 0.50646 0.514272 -0 0.857627 -0.148925 0.984808 0.089302,-0.844598 -0.173648 0.50646 -206.148 0.514272 -0 0.857627 47.493 -0.148925 0.984808 0.089302 -207.691 0 0 0 1,-147.521 225.707 1.35675 -106.719 237.707 17.3568,40.80 x 12.00 x 16.00,-134.2795,-9.8566,40.2626,-206.1479,207.6909,47.4930,-0.844598 -0.50646 -0.173648 0.148925 0.089302 -0.984808 0.514272 -0.857627 -0,-134.2795,-40.2626,-9.8566,-156.604 -49.9241 -27.2095 -111.955 -30.601 7.4962
51,,1,Robotic Hand_V5/N20.sat-18,N20.sat-18,991,N20.sat,N20.sat.SLDPRT,N20.sat,motor-model,motor-N20-staging,N20.sat,False,False,0,False,False,False,False,Yes,False,,-272.3795,47.4930,-231.4528,-0.857627 0 0.514272 0.514272 -0 0.857627 0 1 0,-0.857627 0 0.514272 -272.379 0.514272 -0 0.857627 47.493 0 1 0 -231.453 0 0 0 1,-147.521 225.707 1.35675 -106.719 237.707 17.3568,40.80 x 12.00 x 16.00,-158.5462,-9.8566,0.2539,-272.3795,231.4528,47.4930,-0.857627 -0.514272 0 -0 0 -1 0.514272 -0.857627 -0,-158.5462,-0.2539,-9.8566,-180.157 -6.25389 -27.2095 -136.935 5.74616 7.4962
52,,1,Robotic Hand_V5/N20.sat-20,N20.sat-20,1003,N20.sat,N20.sat.SLDPRT,N20.sat,motor-model,motor-N20-staging,N20.sat,False,False,0,False,False,False,False,Yes,False,,-251.2068,47.3786,-222.7106,-0.854363 -0.087156 0.512316 0.514272 -0 0.857627 -0.074747 0.996195 0.044822,-0.854363 -0.087156 0.512316 -251.207 0.514272 -0 0.857627 47.3786 -0.074747 0.996195 0.044822 -222.711 0 0 0 1,-147.521 225.707 1.35675 -106.719 237.707 17.3568,40.80 x 12.00 x 16.00,-158.0013,-9.9710,18.0355,-251.2068,222.7106,47.3786,-0.854363 -0.512316 -0.087156 0.074747 0.044822 -0.996195 0.514272 -0.857627 -0,-158.0013,-18.0355,-9.9710,-180.053 -25.8962 -27.3238 -135.95 -10.1748 7.38185
53,,1,Robotic Hand_V5/N20.sat-21,N20.sat-21,1029,N20.sat,N20.sat.SLDPRT,N20.sat,motor-model,motor-N20-staging,N20.sat,False,False,0,False,False,False,False,Yes,False,,-232.2502,47.4930,-212.2933,-0.844598 -0.173648 0.50646 0.514272 -0 0.857627 -0.148925 0.984808 0.089302,-0.844598 -0.173648 0.50646 -232.25 0.514272 -0 0.857627 47.493 -0.148925 0.984808 0.089302 -212.293 0 0 0 1,-147.521 225.707 1.35675 -106.719 237.707 17.3568,40.80 x 12.00 x 16.00,-160.3817,-9.8566,35.6601,-232.2502,212.2933,47.4930,-0.844598 -0.50646 -0.173648 0.148925 0.089302 -0.984808 0.514272 -0.857627 -0,-160.3817,-35.6601,-9.8566,-182.706 -45.3216 -27.2095 -138.057 -25.9985 7.4962
54,,1,Robotic Hand_V5/N20.sat-22,N20.sat-22,1030,N20.sat,N20.sat.SLDPRT,N20.sat,motor-model,motor-N20-staging,N20.sat,False,False,0,False,False,False,False,Yes,False,,-214.0859,47.4930,-200.2304,-0.828404 -0.258819 0.496749 0.514272 -0 0.857627 -0.22197 0.965926 0.133104,-0.828404 -0.258819 0.496749 -214.086 0.514272 -0 0.857627 47.493 -0.22197 0.965926 0.133104 -200.23 0 0 0 1,-147.521 225.707 1.35675 -106.719 237.707 17.3568,40.80 x 12.00 x 16.00,-164.1015,-9.8566,53.0433,-214.0859,200.2304,47.4930,-0.828404 -0.496749 -0.258819 0.22197 0.133104 -0.965926 0.514272 -0.857627 -0,-164.1015,-53.0433,-9.8566,-186.529 -64.4321 -27.2095 -141.674 -41.6544 7.4962
55,,1,Robotic Hand_V5/motor_cav_tolerances-1,motor_cav_tolerances-1,1055,motor_cav_tolerances,motor_cav_tolerances.SLDPRT,,cut-tool (not a physical part),cut-tool,,False,False,0,False,False,True,True,No,False,,-165.9822,-11.8373,52.5393,0.258819 0.496749 0.828404 0 0.857627 -0.514272 -0.965926 0.133104 0.22197,0.258819 0.496749 0.828404 -165.982 0 0.857627 -0.514272 -11.8373 -0.965926 0.133104 0.22197 52.5393 0 0 0 1,-6.5 -5.55 -20 6.5 25.96 10.5,13.00 x 31.51 x 30.50,-164.8478,-0.6424,52.8433,-165.9822,-52.5393,-11.8373,0.258819 -0.828404 0.496749 0.965926 0.22197 -0.133104 0 0.514272 0.857627,-164.8478,-52.8433,-0.6424,-186.99 -64.6039 -21.997 -142.706 -41.0827 20.7122
56,,1,Robotic Hand_V5/motor_cav_tolerances-2,motor_cav_tolerances-2,1061,motor_cav_tolerances,motor_cav_tolerances.SLDPRT,,cut-tool (not a physical part),cut-tool,,False,False,0,False,False,True,True,No,False,,-140.3786,-11.8384,59.3998,0.258819 0.496749 0.828404 0 0.857627 -0.514272 -0.965926 0.133104 0.22197,0.258819 0.496749 0.828404 -140.379 0 0.857627 -0.514272 -11.8384 -0.965926 0.133104 0.22197 59.3998 0 0 0 1,-6.5 -5.55 -20 6.5 25.96 10.5,13.00 x 31.51 x 30.50,-139.2442,-0.6435,59.7038,-140.3786,-59.3998,-11.8384,0.258819 -0.828404 0.496749 0.965926 0.22197 -0.133104 0 0.514272 0.857627,-139.2442,-59.7038,-0.6435,-161.386 -71.4644 -21.9981 -117.102 -47.9431 20.711
57,,1,Robotic Hand_V5/motor_cav_tolerances-3,motor_cav_tolerances-3,1062,motor_cav_tolerances,motor_cav_tolerances.SLDPRT,,cut-tool (not a physical part),cut-tool,,False,False,0,False,False,True,True,No,False,,-101.8747,-11.8384,69.7168,0.258819 0.496749 0.828404 0 0.857627 -0.514272 -0.965926 0.133104 0.22197,0.258819 0.496749 0.828404 -101.875 0 0.857627 -0.514272 -11.8384 -0.965926 0.133104 0.22197 69.7168 0 0 0 1,-6.5 -5.55 -20 6.5 25.96 10.5,13.00 x 31.51 x 30.50,-100.7403,-0.6435,70.0208,-101.8747,-69.7168,-11.8384,0.258819 -0.828404 0.496749 0.965926 0.22197 -0.133104 0 0.514272 0.857627,-100.7403,-70.0208,-0.6435,-122.882 -81.7814 -21.9981 -78.5985 -58.2602 20.711
58,,1,Robotic Hand_V5/motor_cav_tolerances-4,motor_cav_tolerances-4,1063,motor_cav_tolerances,motor_cav_tolerances.SLDPRT,,cut-tool (not a physical part),cut-tool,,False,False,0,False,False,True,True,No,False,,-121.1266,-11.8384,64.5583,0.258819 0.496749 0.828404 0 0.857627 -0.514272 -0.965926 0.133104 0.22197,0.258819 0.496749 0.828404 -121.127 0 0.857627 -0.514272 -11.8384 -0.965926 0.133104 0.22197 64.5583 0 0 0 1,-6.5 -5.55 -20 6.5 25.96 10.5,13.00 x 31.51 x 30.50,-119.9922,-0.6435,64.8623,-121.1266,-64.5583,-11.8384,0.258819 -0.828404 0.496749 0.965926 0.22197 -0.133104 0 0.514272 0.857627,-119.9922,-64.8623,-0.6435,-142.134 -76.6229 -21.9981 -97.8505 -53.1017 20.711
59,,1,Robotic Hand_V5/motor_cav_tolerances-5,motor_cav_tolerances-5,1064,motor_cav_tolerances,motor_cav_tolerances.SLDPRT,,cut-tool (not a physical part),cut-tool,,False,False,0,False,False,True,True,No,False,,-116.5668,-11.8384,43.3858,0.173648 0.50646 0.844598 0 0.857627 -0.514272 -0.984808 0.089302 0.148925,0.173648 0.50646 0.844598 -116.567 0 0.857627 -0.514272 -11.8384 -0.984808 0.089302 0.148925 43.3858 0 0 0 1,-6.5 -5.55 -20 6.5 25.96 10.5,13.00 x 31.51 x 30.50,-115.4103,-0.6435,43.5898,-116.5668,-43.3858,-11.8384,0.173648 -0.844598 0.50646 0.984808 0.148925 -0.089302 0 0.514272 0.857627,-115.4103,-43.5898,-0.6435,-137.398 -53.6691 -21.9981 -93.4222 -33.5104 20.711
60,,1,Robotic Hand_V5/motor_cav_tolerances-6,motor_cav_tolerances-6,1065,motor_cav_tolerances,motor_cav_tolerances.SLDPRT,,cut-tool (not a physical part),cut-tool,,False,False,0,False,False,True,True,No,False,,-96.9386,-11.8384,46.8468,0.173648 0.50646 0.844598 0 0.857627 -0.514272 -0.984808 0.089302 0.148925,0.173648 0.50646 0.844598 -96.9386 0 0.857627 -0.514272 -11.8384 -0.984808 0.089302 0.148925 46.8468 0 0 0 1,-6.5 -5.55 -20 6.5 25.96 10.5,13.00 x 31.51 x 30.50,-95.7820,-0.6435,47.0507,-96.9386,-46.8468,-11.8384,0.173648 -0.844598 0.50646 0.984808 0.148925 -0.089302 0 0.514272 0.857627,-95.7820,-47.0507,-0.6435,-117.77 -57.13 -21.9981 -73.7939 -36.9714 20.711
61,,1,Robotic Hand_V5/motor_cav_tolerances-7,motor_cav_tolerances-7,1066,motor_cav_tolerances,motor_cav_tolerances.SLDPRT,,cut-tool (not a physical part),cut-tool,,False,False,0,False,False,True,True,No,False,,-162.2974,-11.8384,35.3223,0.173648 0.50646 0.844598 0 0.857627 -0.514272 -0.984808 0.089302 0.148925,0.173648 0.50646 0.844598 -162.297 0 0.857627 -0.514272 -11.8384 -0.984808 0.089302 0.148925 35.3223 0 0 0 1,-6.5 -5.55 -20 6.5 25.96 10.5,13.00 x 31.51 x 30.50,-161.1408,-0.6435,35.5263,-162.2974,-35.3223,-11.8384,0.173648 -0.844598 0.50646 0.984808 0.148925 -0.089302 0 0.514272 0.857627,-161.1408,-35.5263,-0.6435,-183.129 -45.6056 -21.9981 -139.153 -25.4469 20.711
62,,1,Robotic Hand_V5/motor_cav_tolerances-9,motor_cav_tolerances-9,1068,motor_cav_tolerances,motor_cav_tolerances.SLDPRT,,cut-tool (not a physical part),cut-tool,,False,False,0,False,False,True,True,No,False,,-136.1951,-11.8384,39.9248,0.173648 0.50646 0.844598 0 0.857627 -0.514272 -0.984808 0.089302 0.148925,0.173648 0.50646 0.844598 -136.195 0 0.857627 -0.514272 -11.8384 -0.984808 0.089302 0.148925 39.9248 0 0 0 1,-6.5 -5.55 -20 6.5 25.96 10.5,13.00 x 31.51 x 30.50,-135.0385,-0.6435,40.1288,-136.1951,-39.9248,-11.8384,0.173648 -0.844598 0.50646 0.984808 0.148925 -0.089302 0 0.514272 0.857627,-135.0385,-40.1288,-0.6435,-157.027 -50.2081 -21.9981 -113.05 -30.0495 20.711
63,,1,Robotic Hand_V5/motor_cav_tolerances-10,motor_cav_tolerances-10,1069,motor_cav_tolerances,motor_cav_tolerances.SLDPRT,,cut-tool (not a physical part),cut-tool,,False,False,0,False,False,True,True,No,False,,-94.1247,-11.8384,0.2539,-0 0.514272 0.857627 0 0.857627 -0.514272 -1 -0 -0,-0 0.514272 0.857627 -94.1247 0 0.857627 -0.514272 -11.8384 -1 -0 -0 0.253861 0 0 0 1,-6.5 -5.55 -20 6.5 25.96 10.5,13.00 x 31.51 x 30.50,-92.9503,-0.6435,0.2539,-94.1247,-0.2539,-11.8384,-0 -0.857627 0.514272 1 -0 0 0 0.514272 0.857627,-92.9503,-0.2539,-0.6435,-114.131 -6.75386 -21.9981 -71.7691 6.24614 20.711
64,,1,Robotic Hand_V5/motor_cav_tolerances-11,motor_cav_tolerances-11,1070,motor_cav_tolerances,motor_cav_tolerances.SLDPRT,,cut-tool (not a physical part),cut-tool,,False,False,0,False,False,True,True,No,False,,-159.9390,-11.9528,17.8660,0.087156 0.512316 0.854363 0 0.857627 -0.514272 -0.996195 0.044822 0.074747,0.087156 0.512316 0.854363 -159.939 0 0.857627 -0.514272 -11.9528 -0.996195 0.044822 0.074747 17.866 0 0 0 1,-6.5 -5.55 -20 6.5 25.96 10.5,13.00 x 31.51 x 30.50,-158.7691,-0.7579,17.9683,-159.9390,-17.8660,-11.9528,0.087156 -0.854363 0.512316 0.996195 0.074747 -0.044822 0 0.514272 0.857627,-158.7691,-17.9683,-0.7579,-180.436 -26.2896 -22.1125 -137.102 -9.64699 20.5967
65,,1,Robotic Hand_V5/motor_cav_tolerances-12,motor_cav_tolerances-12,1071,motor_cav_tolerances,motor_cav_tolerances.SLDPRT,,cut-tool (not a physical part),cut-tool,,False,False,0,False,False,True,True,No,False,,-133.7249,-11.8384,20.1594,0.087156 0.512316 0.854363 0 0.857627 -0.514272 -0.996195 0.044822 0.074747,0.087156 0.512316 0.854363 -133.725 0 0.857627 -0.514272 -11.8384 -0.996195 0.044822 0.074747 20.1594 0 0 0 1,-6.5 -5.55 -20 6.5 25.96 10.5,13.00 x 31.51 x 30.50,-132.5550,-0.6435,20.2618,-133.7249,-20.1594,-11.8384,0.087156 -0.854363 0.512316 0.996195 0.074747 -0.044822 0 0.514272 0.857627,-132.5550,-20.2618,-0.6435,-154.222 -28.5831 -21.9981 -110.888 -11.9405 20.711
66,,1,Robotic Hand_V5/motor_cav_tolerances-13,motor_cav_tolerances-13,1072,motor_cav_tolerances,motor_cav_tolerances.SLDPRT,,cut-tool (not a physical part),cut-tool,,False,False,0,False,False,True,True,No,False,,-114.0558,-11.8384,0.2538,-0 0.514272 0.857627 0 0.857627 -0.514272 -1 0 -0,-0 0.514272 0.857627 -114.056 0 0.857627 -0.514272 -11.8384 -1 0 -0 0.253805 0 0 0 1,-6.5 -5.55 -20 6.5 25.96 10.5,13.00 x 31.51 x 30.50,-112.8813,-0.6435,0.2538,-114.0558,-0.2538,-11.8384,-0 -0.857627 0.514272 1 -0 -0 0 0.514272 0.857627,-112.8813,-0.2538,-0.6435,-134.063 -6.7538 -21.9981 -91.7002 6.2462 20.711
67,,1,Robotic Hand_V5/motor_cav_tolerances-14,motor_cav_tolerances-14,1075,motor_cav_tolerances,motor_cav_tolerances.SLDPRT,,cut-tool (not a physical part),cut-tool,,False,False,0,False,False,True,True,No,False,,-94.0145,-11.8384,23.6336,0.087156 0.512316 0.854363 0 0.857627 -0.514272 -0.996195 0.044822 0.074747,0.087156 0.512316 0.854363 -94.0145 0 0.857627 -0.514272 -11.8384 -0.996195 0.044822 0.074747 23.6336 0 0 0 1,-6.5 -5.55 -20 6.5 25.96 10.5,13.00 x 31.51 x 30.50,-92.8445,-0.6435,23.7360,-94.0145,-23.6336,-11.8384,0.087156 -0.854363 0.512316 0.996195 0.074747 -0.044822 0 0.514272 0.857627,-92.8445,-23.7360,-0.6435,-114.512 -32.0573 -21.9981 -71.1774 -15.4146 20.711
68,,1,Robotic Hand_V5/motor_cav_tolerances-15,motor_cav_tolerances-15,1076,motor_cav_tolerances,motor_cav_tolerances.SLDPRT,,cut-tool (not a physical part),cut-tool,,False,False,0,False,False,True,True,No,False,,-133.9868,-11.8384,0.2539,-0 0.514272 0.857627 0 0.857627 -0.514272 -1 -0 -0,-0 0.514272 0.857627 -133.987 0 0.857627 -0.514272 -11.8384 -1 -0 -0 0.253861 0 0 0 1,-6.5 -5.55 -20 6.5 25.96 10.5,13.00 x 31.51 x 30.50,-132.8124,-0.6435,0.2539,-133.9868,-0.2539,-11.8384,-0 -0.857627 0.514272 1 -0 0 0 0.514272 0.857627,-132.8124,-0.2539,-0.6435,-153.994 -6.75386 -21.9981 -111.631 6.24614 20.711
69,,1,Robotic Hand_V5/motor_cav_tolerances-16,motor_cav_tolerances-16,1077,motor_cav_tolerances,motor_cav_tolerances.SLDPRT,,cut-tool (not a physical part),cut-tool,,False,False,0,False,False,True,True,No,False,,-113.8697,-11.8384,21.8966,0.087156 0.512316 0.854363 0 0.857627 -0.514272 -0.996195 0.044822 0.074747,0.087156 0.512316 0.854363 -113.87 0 0.857627 -0.514272 -11.8384 -0.996195 0.044822 0.074747 21.8966 0 0 0 1,-6.5 -5.55 -20 6.5 25.96 10.5,13.00 x 31.51 x 30.50,-112.6998,-0.6435,21.9989,-113.8697,-21.8966,-11.8384,0.087156 -0.854363 0.512316 0.996195 0.074747 -0.044822 0 0.514272 0.857627,-112.6998,-21.9989,-0.6435,-134.367 -30.3202 -21.9981 -91.0327 -13.6776 20.711
70,,1,Robotic Hand_V5/motor_cav_tolerances-17,motor_cav_tolerances-17,1118,motor_cav_tolerances,motor_cav_tolerances.SLDPRT,,cut-tool (not a physical part),cut-tool,,False,False,0,False,False,True,True,No,False,,-160.4914,-11.8384,0.2539,-0 0.514272 0.857627 0 0.857627 -0.514272 -1 0 -0,-0 0.514272 0.857627 -160.491 0 0.857627 -0.514272 -11.8384 -1 0 -0 0.253861 0 0 0 1,-6.5 -5.55 -20 6.5 25.96 10.5,13.00 x 31.51 x 30.50,-159.3170,-0.6435,0.2539,-160.4914,-0.2539,-11.8384,-0 -0.857627 0.514272 1 -0 -0 0 0.514272 0.857627,-159.3170,-0.2539,-0.6435,-180.498 -6.75386 -21.9981 -138.136 6.24614 20.711
71,,1,Robotic Hand_V5/Palm2_2-1,Palm2_2-1,1146,Palm2_2,Palm2_2.SLDPRT,,printed/structural,printed,,False,False,0,False,False,False,False,Yes,False,,-91.0280,-1.6230,34.6093,0.087156 -0 0.996195 0 1 -0 -0.996195 0 0.087156,0.087156 -0 0.996195 -91.028 0 1 -0 -1.62296 -0.996195 0 0.087156 34.6093 0 0 0 1,-41.7314 -3 -73.2431 41.7314 0.6 73.2431,83.46 x 3.60 x 146.49,-91.0280,-2.8230,34.6093,-91.0280,-34.6093,-1.6230,0.087156 -0.996195 -0 0.996195 0.087156 -0 0 0 1,-91.0280,-34.6093,-2.8230,-167.63 -82.5655 -4.62296 -14.4265 13.3469 -1.02296
72,,1,Robotic Hand_V5/Palm3_2-1,Palm3_2-1,1147,Palm3_2,Palm3_2.SLDPRT,,printed/structural,printed,,False,False,0,False,False,False,False,Yes,False,,-94.8938,-1.6230,57.9579,0.173648 -0 0.984808 0 1 -0 -0.984808 0 0.173648,0.173648 -0 0.984808 -94.8938 0 1 -0 -1.62296 -0.984808 0 0.173648 57.9579 0 0 0 1,-41.7314 -3 -73.2431 41.7314 0.6 73.2431,83.46 x 3.60 x 146.49,-94.8938,-2.8230,57.9579,-94.8938,-57.9579,-1.6230,0.173648 -0.984808 -0 0.984808 0.173648 -0 0 0 1,-94.8938,-57.9579,-2.8230,-174.271 -111.774 -4.62296 -15.5169 -4.14189 -1.02296
73,,1,Robotic Hand_V5/string_3dhole1-1,string_3dhole1-1,1210,string_3dhole1,string_3dhole1.SLDPRT,,cut-tool (not a physical part),tendon-cut-tool,,False,False,0,False,False,True,True,No,False,,-0.8532,-0.2769,-0.0843,1 0 0 0 1 0 0 0 1,1 0 0 -0.853228 0 1 0 -0.276877 0 0 1 -0.084253 0 0 0 1,-59.0906 -14.4504 -4.16147 47.4951 5.43722 4.44671,106.59 x 19.89 x 8.61,-6.6510,-4.7835,0.0584,-0.8532,0.0843,-0.2769,1 0 0 0 1 0 0 0 1,-6.6510,-0.0584,-4.7835,-59.9438 -4.36246 -14.7273 46.6419 4.24572 5.16034
74,,1,Robotic Hand_V5/string_3dhole2-2,string_3dhole2-2,1220,string_3dhole2,string_3dhole2.SLDPRT,,cut-tool (not a physical part),tendon-cut-tool,,False,False,0,False,False,True,True,No,False,,2.9131,-0.2061,31.6132,0.996609 -0.001701 -0.082265 4.9e-05 0.999798 -0.020077 0.082283 0.020005 0.996408,0.996609 -0.001701 -0.082265 2.91309 4.9e-05 0.999798 -0.020077 -0.20606 0.082283 0.020005 0.996408 31.6132 0 0 0 1,-63.0906 -14.4495 -4.16147 47.5682 5.43813 4.44671,110.66 x 19.89 x 8.61,-4.8259,-4.7141,31.0266,2.9131,-31.6132,-0.2061,0.996609 0.082265 -0.001701 -0.082283 0.996408 -0.020005 4.9e-05 0.020077 0.999798,-4.8259,-31.0266,-4.7141,-60.3386 -40.0668 -14.745 50.6869 -21.9864 5.31686
75,,1,Robotic Hand_V5/string_3dhole1-2,string_3dhole1-2,1234,string_3dhole1,string_3dhole1.SLDPRT,,cut-tool (not a physical part),tendon-cut-tool,,False,False,0,False,False,True,True,No,False,,-28.1146,-0.2769,89.1308,0.965926 -0 -0.258819 0 1 0 0.258819 -0 0.965926,0.965926 -0 -0.258819 -28.1146 0 1 0 -0.276877 0.258819 -0 0.965926 89.1308 0 0 0 1,-59.0906 -14.4504 -4.16147 47.4951 5.43722 4.44671,106.59 x 19.89 x 8.61,-33.7517,-4.7835,87.7680,-28.1146,-89.1308,-0.2769,0.965926 0.258819 -0 -0.258819 0.965926 0 0 -0 1,-33.7517,-87.7680,-4.7835,-86.3427 -105.719 -14.7273 18.8392 -69.8173 5.16034
76,,1,Robotic Hand_V5/side_and_knuckle_stringholes-1,side_and_knuckle_stringholes-1,1261,side_and_knuckle_stringholes,side_and_knuckle_stringholes.SLDPRT,,cut-tool (not a physical part),tendon-cut-tool,,False,False,0,False,False,True,True,No,False,,1.0653,-0.2895,0.3613,1 0 0 0 1 0 0 0 1,1 0 0 1.06525 0 1 0 -0.289463 0 0 1 0.361263 0 0 0 1,-100.399 -8.77296 64.0849 -72.5289 0.220241 87.6431,27.87 x 8.99 x 23.56,-85.3985,-4.5658,76.2253,1.0653,-0.3613,-0.2895,1 0 0 0 1 0 0 0 1,-85.3985,-76.2253,-4.5658,-99.3334 -88.0043 -9.06243 -71.4637 -64.4462 -0.069222
77,,1,Robotic Hand_V5/side_and_knuckle_stringholes-2,side_and_knuckle_stringholes-2,1263,side_and_knuckle_stringholes,side_and_knuckle_stringholes.SLDPRT,,cut-tool (not a physical part),tendon-cut-tool,,False,False,0,False,False,True,True,No,False,,0.1433,0.1719,-30.6253,0.996917 0 0.078459 0 1 0 -0.078459 0 0.996917,0.996917 0 0.078459 0.143256 0 1 0 0.171867 -0.078459 0 0.996917 -30.6253 0 0 0 1,-100.399 -8.77296 64.0849 -72.5289 0.220241 87.6431,27.87 x 8.99 x 23.56,-80.1018,-4.1045,51.7887,0.1433,30.6253,0.1719,0.996917 -0.078459 0 0.078459 0.996917 0 0 0 1,-80.1018,-51.7887,-4.1045,-94.9179 -64.6248 -8.6011 -65.2857 -38.9526 0.392107
78,,1,Robotic Hand_V5/side_and_knuckle_stringholes-3,side_and_knuckle_stringholes-3,1264,side_and_knuckle_stringholes,side_and_knuckle_stringholes.SLDPRT,,cut-tool (not a physical part),tendon-cut-tool,,False,False,0,False,False,True,True,No,False,,-4.9292,0.1229,-62.6173,0.984808 0 0.173648 0 1 0 -0.173648 0 0.984808,0.984808 0 0.173648 -4.92919 0 1 0 0.122934 -0.173648 0 0.984808 -62.6173 0 0 0 1,-100.399 -8.77296 64.0849 -72.5289 0.220241 87.6431,27.87 x 8.99 x 23.56,-76.9058,-4.1534,27.1085,-4.9292,62.6173,0.1229,0.984808 -0.173648 0 0.173648 0.984808 0 0 0 1,-76.9058,-27.1085,-4.1534,-92.6744 -41.1284 -8.65003 -61.1372 -13.0886 0.343174
79,,1,Robotic Hand_V5/side_and_knuckle_stringholes-4,side_and_knuckle_stringholes-4,1265,side_and_knuckle_stringholes,side_and_knuckle_stringholes.SLDPRT,,cut-tool (not a physical part),tendon-cut-tool,,False,False,0,False,False,True,True,No,False,,-11.9763,0.2314,-92.8256,0.968148 0 0.25038 0 1 0 -0.25038 0 0.968148,0.968148 0 0.25038 -11.9763 0 1 0 0.231428 -0.25038 0 0.968148 -92.8256 0 0 0 1,-100.399 -8.77296 64.0849 -72.5289 0.220241 87.6431,27.87 x 8.99 x 23.56,-76.6912,-4.0449,2.2708,-11.9763,92.8256,0.2314,0.968148 -0.25038 0 0.25038 0.968148 0 0 0 1,-76.6912,-2.2708,-4.0449,-93.1315 -17.1637 -8.54153 -60.2509 12.6222 0.451668
80,,1,Robotic Hand_V5/GM12-N20-双出轴-Motor.STEP-2,GM12-N20-双出轴-Motor.STEP-2,1581,GM12-N20-双出轴-Motor.STEP,GM12-N20-双出轴-Motor.STEP.SLDASM,GM12-N20-双出轴-Motor.STEP,motor,motor-GM12,GM12-N20-双出轴-Motor.STEP,False,True,11,False,False,False,False,No,False,,-152.1275,-22.7211,68.6472,-0.258819 -0.828404 -0.496749 -0 0.514272 -0.857627 0.965926 -0.22197 -0.133104,-0.258819 -0.828404 -0.496749 -152.127 -0 0.514272 -0.857627 -22.7211 0.965926 -0.22197 -0.133104 68.6472 0 0 0 1,-18.2107 1 -15.0156 -5.7348 36.2 14.9998,12.48 x 35.20 x 30.02,-164.4331,-13.1488,52.9548,-152.1275,-68.6472,-22.7211,-0.258819 0.496749 -0.828404 -0.965926 -0.133104 0.22197 -0 0.857627 0.514272,-164.4331,-52.9548,-13.1488,-188.083 -64.8844 -35.071 -140.784 -41.0252 8.77336
81,80,2,Robotic Hand_V5/GM12-N20-双出轴-Motor.STEP-2/M057-8Y01A.STEP-1,M057-8Y01A.STEP-1,24,M057-8Y01A.STEP,M057-8Y01A.STEP.SLDASM,GM12-N20-双出轴-Motor.STEP,purchased-internal,purchased-internal,GM12-N20-双出轴-Motor.STEP,True,True,11,False,False,False,False,,False,,-177.5218,-5.0233,49.4473,-0.258819 0.828404 0.496749 0 -0.514272 0.857627 0.965926 0.22197 0.133103,-0.258819 0.828404 0.496749 -177.522 0 -0.514272 0.857627 -5.02333 0.965926 0.22197 0.133103 49.4473 0 0 0 1,-6.23755 -1.8 -5.02292 6.23831 21 5.09668,12.48 x 22.80 x 10.12,-169.5509,-9.9287,51.5835,-177.5218,-49.4473,-5.0233,-0.258819 -0.496749 0.828404 -0.965926 0.133103 -0.22197 0 -0.857627 -0.514272,-169.5509,-51.5835,-9.9287,-183.123 -60.8128 -20.1308 -155.979 -42.3542 0.273418
82,81,3,Robotic Hand_V5/GM12-N20-双出轴-Motor.STEP-2/M057-8Y01A.STEP-1/____________.STEP-1,____________.STEP-1,24,____________.STEP,____________.STEP.SLDPRT,GM12-N20-双出轴-Motor.STEP,purchased-internal,purchased-internal,GM12-N20-双出轴-Motor.STEP,True,False,0,False,False,False,False,,False,,-177.5218,-5.0233,49.4473,-0.258819 0.828404 0.496749 0 -0.514272 0.857627 0.965926 0.22197 0.133103,-0.258819 0.828404 0.496749 -177.522 0 -0.514272 0.857627 -5.02333 0.965926 0.22197 0.133103 49.4473 0 0 0 1,-5.91494 -0.8 -5 5.91494 4.4 5,11.83 x 5.20 x 10.00,-176.0306,-5.9490,49.8469,-177.5218,-49.4473,-5.0233,-0.258819 -0.496749 0.828404 -0.965926 0.133103 -0.22197 0 -0.857627 -0.514272,-176.0306,-49.8469,-5.9490,-182.199 -56.8029 -11.5743 -169.862 -42.8908 -0.323774
83,81,3,Robotic Hand_V5/GM12-N20-双出轴-Motor.STEP-2/M057-8Y01A.STEP-1/____.STEP-1,____.STEP-1,25,____.STEP,____.STEP.SLDPRT,GM12-N20-双出轴-Motor.STEP,purchased-internal,purchased-internal,GM12-N20-双出轴-Motor.STEP,True,False,0,False,False,False,False,,False,,-166.5868,-11.8117,52.3773,0.408366 0.828404 -0.383385 0.283268 -0.514272 -0.809496 -0.867754 0.22197 -0.444672,0.408366 0.828404 -0.383385 -166.587 0.283268 -0.514272 -0.809496 -11.8117 -0.867754 0.22197 -0.444672 52.3773 0 0 0 1,-4 -7.5 -4 4 1 3.86421,8.00 x 8.50 x 7.86,-169.2531,-10.0854,51.6861,-166.5868,-52.3773,-11.8117,0.408366 0.383385 0.828404 0.867754 -0.444672 -0.22197 0.283268 0.809496 -0.514272,-169.2531,-51.6861,-10.0854,-175.915 -57.849 -16.5871 -162.591 -45.5232 -3.58363
84,81,3,Robotic Hand_V5/GM12-N20-双出轴-Motor.STEP-2/M057-8Y01A.STEP-1/______.STEP-1,______.STEP-1,26,______.STEP,______.STEP.SLDPRT,GM12-N20-双出轴-Motor.STEP,purchased-internal,purchased-internal,GM12-N20-双出轴-Motor.STEP,True,False,0,False,False,False,False,,False,,-173.3797,-7.5947,50.5572,0.124311 0.828404 0.546163 0.555198 -0.514272 0.653666 0.822376 0.22197 -0.523858,0.124311 0.828404 0.546163 -173.38 0.555198 -0.514272 0.653666 -7.59469 0.822376 0.22197 -0.523858 50.5572 0 0 0 1,-3.25 -2.5025 -3.25 3.25 0.661881 3.25,6.50 x 3.16 x 6.50,-174.1421,-7.1214,50.3529,-173.3797,-50.5572,-7.5947,0.124311 -0.546163 0.828404 -0.822376 -0.523858 -0.22197 0.555198 -0.653666 -0.514272,-174.1421,-50.3529,-7.1214,-177.632 -55.0793 -11.8639 -170.652 -45.6264 -2.37892
85,81,3,Robotic Hand_V5/GM12-N20-双出轴-Motor.STEP-2/M057-8Y01A.STEP-1/____-0.STEP-1,____-0.STEP-1,27,____-0.STEP,____-0.STEP.SLDPRT,GM12-N20-双出轴-Motor.STEP,purchased-internal,purchased-internal,GM12-N20-双出轴-Motor.STEP,True,False,0,False,False,False,False,,False,,-176.2708,-5.7999,49.7825,-0.258819 0.828404 0.496749 0 -0.514272 0.857627 0.965926 0.22197 0.133103,-0.258819 0.828404 0.496749 -176.271 0 -0.514272 0.857627 -5.79993 0.965926 0.22197 0.133103 49.7825 0 0 0 1,-3.21825 -0.010153 -3.66333 3.21825 2.01015 3.66333,6.44 x 2.02 x 7.33,-175.4424,-6.3142,50.0045,-176.2708,-49.7825,-5.7999,-0.258819 -0.496749 0.828404 -0.965926 0.133103 -0.22197 0 -0.857627 -0.514272,-175.4424,-50.0045,-6.3142,-178.932 -53.8249 -9.97546 -171.953 -46.1841 -2.65294
86,81,3,Robotic Hand_V5/GM12-N20-双出轴-Motor.STEP-2/M057-8Y01A.STEP-1/__________.STEP-1,__________.STEP-1,28,__________.STEP,__________.STEP.SLDPRT,GM12-N20-双出轴-Motor.STEP,purchased-internal,purchased-internal,GM12-N20-双出轴-Motor.STEP,True,False,0,False,False,False,False,,False,,-172.7999,-7.9547,50.7125,0.408366 0.828404 -0.383385 0.283268 -0.514272 -0.809496 -0.867754 0.22197 -0.444672,0.408366 0.828404 -0.383385 -172.8 0.283268 -0.514272 -0.809496 -7.95468 -0.867754 0.22197 -0.444672 50.7125 0 0 0 1,-0.99282 -2.8 -1.1 0.99282 0.2 0.7,1.99 x 3.00 x 1.80,-173.8001,-7.1242,50.5129,-172.7999,-50.7125,-7.9547,0.408366 0.383385 0.828404 0.867754 -0.444672 -0.22197 0.283268 0.809496 -0.514272,-173.8001,-50.5129,-7.1242,-175.793 -52.1076 -8.90542 -171.807 -48.9182 -5.34304
87,81,3,Robotic Hand_V5/GM12-N20-双出轴-Motor.STEP-2/M057-8Y01A.STEP-1/____-1.STEP-1,____-1.STEP-1,29,____-1.STEP,____-1.STEP.SLDPRT,GM12-N20-双出轴-Motor.STEP,purchased-internal,purchased-internal,GM12-N20-双出轴-Motor.STEP,True,False,0,False,False,False,False,,False,,-172.7999,-7.9547,50.7125,-0.260059 0.828404 0.496101 -0.002141 -0.514272 0.857624 0.96559 0.22197 0.135515,-0.260059 0.828404 0.496101 -172.8 -0.002141 -0.514272 0.857624 -7.95468 0.96559 0.22197 0.135515 50.7125 0 0 0 1,-5.77332 0 -4.80793 5.77332 8.5 4.80793,11.55 x 8.50 x 9.62,-169.2791,-10.1403,51.6559,-172.7999,-50.7125,-7.9547,-0.260059 -0.496101 0.828404 -0.96559 0.135515 -0.22197 -0.002141 -0.857624 -0.514272,-169.2791,-51.6559,-10.1403,-176.686 -58.8255 -16.4618 -161.872 -44.4863 -3.81892
88,81,3,Robotic Hand_V5/GM12-N20-双出轴-Motor.STEP-2/M057-8Y01A.STEP-1/____-2.STEP-1,____-2.STEP-1,30,____-2.STEP,____-2.STEP.SLDPRT,GM12-N20-双出轴-Motor.STEP,purchased-internal,purchased-internal,GM12-N20-双出轴-Motor.STEP,True,False,0,False,False,False,False,,False,,-174.6898,-6.2833,46.9968,0.258819 -0.828404 0.496749 -0 0.514272 0.857627 -0.965926 -0.22197 0.133103,0.258819 -0.828404 0.496749 -174.69 -0 0.514272 0.857627 -6.2833 -0.965926 -0.22197 0.133103 46.9968 0 0 0 1,-0.2 -0 -1 0.2 4.25 1,0.40 x 4.25 x 2.00,-176.4502,-5.1905,46.5251,-174.6898,-46.9968,-6.2833,0.258819 -0.496749 -0.828404 0.965926 0.133103 0.22197 -0 -0.857627 0.514272,-176.4502,-46.5251,-5.1905,-178.759 -47.323 -7.14092 -174.141 -45.7271 -3.24001
89,81,3,Robotic Hand_V5/GM12-N20-双出轴-Motor.STEP-2/M057-8Y01A.STEP-1/____-2.STEP-2,____-2.STEP-2,31,____-2.STEP,____-2.STEP.SLDPRT,GM12-N20-双出轴-Motor.STEP,purchased-internal,purchased-internal,GM12-N20-双出轴-Motor.STEP,True,False,0,False,False,False,False,,False,,-176.2945,-6.2833,52.9855,-0.258819 -0.828404 -0.496749 0 0.514272 -0.857627 0.965926 -0.22197 -0.133103,-0.258819 -0.828404 -0.496749 -176.295 0 0.514272 -0.857627 -6.28329 0.965926 -0.22197 -0.133103 52.9855 0 0 0 1,-0.2 -0 -1 0.2 4.25 1,0.40 x 4.25 x 2.00,-178.0549,-5.1905,52.5138,-176.2945,-52.9855,-6.2833,-0.258819 0.496749 -0.828404 -0.965926 -0.133103 0.22197 0 0.857627 0.514272,-178.0549,-52.5138,-5.1905,-180.364 -53.3118 -7.14092 -175.746 -51.7158 -3.24001
90,81,3,Robotic Hand_V5/GM12-N20-双出轴-Motor.STEP-2/M057-8Y01A.STEP-1/________.STEP-1,________.STEP-1,32,________.STEP,________.STEP.SLDPRT,GM12-N20-双出轴-Motor.STEP,purchased-internal,purchased-internal,GM12-N20-双出轴-Motor.STEP,True,False,0,False,False,False,False,,False,,-165.1755,-12.6928,52.7276,-0.258819 0.828404 0.496749 -0 -0.514272 0.857627 0.965926 0.22197 0.133104,-0.258819 0.828404 0.496749 -165.176 -0 -0.514272 0.857627 -12.6928 0.965926 0.22197 0.133104 52.7276 0 0 0 1,-6.21067 -13.5245 -5.01502 6.2652 0.9 5.03081,12.48 x 14.42 x 10.05,-170.4077,-9.4398,51.3539,-165.1755,-52.7276,-12.6928,-0.258819 -0.496749 0.828404 -0.965926 0.133104 -0.22197 -0 -0.857627 -0.514272,-170.4077,-51.3539,-9.4398,-180.492 -59.6487 -17.4566 -160.323 -43.059 -1.4229
91,81,3,Robotic Hand_V5/GM12-N20-双出轴-Motor.STEP-2/M057-8Y01A.STEP-1/__.STEP-1,__.STEP-1,33,__.STEP,__.STEP.SLDPRT,GM12-N20-双出轴-Motor.STEP,purchased-internal,purchased-internal,GM12-N20-双出轴-Motor.STEP,True,False,0,False,False,False,False,,False,,-162.6105,-14.2802,53.4428,0.505161 -0.828404 0.24199 0.514737 0.514272 0.685981 -0.692718 -0.22197 0.6862,0.505161 -0.828404 0.24199 -162.61 0.514737 0.514272 0.685981 -14.2802 -0.692718 -0.22197 0.6862 53.4428 0 0 0 1,-0.5 -3 -0.5 0.5 18.6 0.5,1.00 x 21.60 x 1.00,-169.0720,-10.2689,51.7114,-162.6105,-53.4428,-14.2802,0.505161 -0.24199 -0.828404 0.692718 0.6862 0.22197 0.514737 -0.685981 0.514272,-169.0720,-51.7114,-10.2689,-178.392 -54.7981 -16.4234 -159.752 -48.6247 -4.1144
92,81,3,Robotic Hand_V5/GM12-N20-双出轴-Motor.STEP-2/M057-8Y01A.STEP-1/________-3.STEP-1,________-3.STEP-1,34,________-3.STEP,________-3.STEP.SLDPRT,GM12-N20-双出轴-Motor.STEP,purchased-internal,purchased-internal,GM12-N20-双出轴-Motor.STEP,True,False,0,False,False,False,False,,False,,-175.5502,-6.2473,49.9756,-0.55801 0.828404 -0.048706 -0.792159 -0.514272 0.328646 0.247204 0.22197 0.943196,-0.55801 0.828404 -0.048706 -175.55 -0.792159 -0.514272 0.328646 -6.2473 0.247204 0.22197 0.943196 49.9756 0 0 0 1,-0.9 -0.02 -0.9 0.9 0.12 0.9,1.80 x 0.14 x 1.80,-175.5087,-6.2730,49.9867,-175.5502,-49.9756,-6.2473,-0.55801 0.048706 0.828404 -0.247204 0.943196 -0.22197 -0.792159 -0.328646 -0.514272,-175.5087,-49.9867,-6.2730,-176.113 -51.0736 -7.31773 -174.905 -48.8998 -5.22829
93,80,2,Robotic Hand_V5/GM12-N20-双出轴-Motor.STEP-2/__________-4.STEP-1,__________-4.STEP-1,25,__________-4.STEP,__________-4.STEP.SLDPRT,GM12-N20-双出轴-Motor.STEP,purchased-internal,purchased-internal,GM12-N20-双出轴-Motor.STEP,True,False,0,False,False,True,True,,False,,-163.6046,-13.6631,53.1764,0.258819 0.828404 -0.496749 0 -0.514272 -0.857627 -0.965926 0.22197 -0.133104,0.258819 0.828404 -0.496749 -163.605 0 -0.514272 -0.857627 -13.6631 -0.965926 0.22197 -0.133104 53.1764 0 0 0 1,-6 -1.4025 -5.5 6 16.6 5.5,12.00 x 18.00 x 11.00,-157.3097,-17.5709,54.8631,-163.6046,-53.1764,-13.6631,0.258819 0.496749 0.828404 0.965926 -0.133104 -0.22197 0 0.857627 -0.514272,-157.3097,-54.8631,-17.5709,-169.051 -63.3887 -26.917 -145.568 -46.3375 -8.22489
94,80,2,Robotic Hand_V5/GM12-N20-双出轴-Motor.STEP-2/____________-5.STEP-1,____________-5.STEP-1,26,____________-5.STEP,____________-5.STEP.SLDPRT,GM12-N20-双出轴-Motor.STEP,purchased-internal,purchased-internal,GM12-N20-双出轴-Motor.STEP,True,False,0,False,False,False,False,,False,,-173.6004,-11.3327,54.4335,-0.005791 0.828404 0.560101 0.388398 -0.514272 0.764638 0.921473 0.22197 -0.318773,-0.005791 0.828404 0.560101 -173.6 0.388398 -0.514272 0.764638 -11.3327 0.921473 0.22197 -0.318773 54.4335 0 0 0 1,-1.25 6 -1.25 1.25 10 1.25,2.50 x 4.00 x 2.50,-166.9731,-15.4468,56.2093,-173.6004,-54.4335,-11.3327,-0.005791 -0.560101 0.828404 -0.921473 -0.318773 -0.22197 0.388398 -0.764638 -0.514272,-166.9731,-56.2093,-15.4468,-169.337 -58.2035 -17.9167 -164.609 -54.215 -12.977
95,80,2,Robotic Hand_V5/GM12-N20-双出轴-Motor.STEP-2/____________-5.STEP-2,____________-5.STEP-2,27,____________-5.STEP,____________-5.STEP.SLDPRT,GM12-N20-双出轴-Motor.STEP,purchased-internal,purchased-internal,GM12-N20-双出轴-Motor.STEP,True,False,0,False,False,False,False,,False,,-168.8514,-6.5309,47.8350,-0.451565 0.828404 0.331415 -0.378693 -0.514272 0.76949 0.807887 0.22197 0.545938,-0.451565 0.828404 0.331415 -168.851 -0.378693 -0.514272 0.76949 -6.53093 0.807887 0.22197 0.545938 47.835 0 0 0 1,-1.25 6 -1.25 1.25 10 1.25,2.50 x 4.00 x 2.50,-162.2242,-10.6451,49.6108,-168.8514,-47.8350,-6.5309,-0.451565 -0.331415 0.828404 -0.807887 0.545938 -0.22197 -0.378693 -0.76949 -0.514272,-162.2242,-49.6108,-10.6451,-164.86 -51.747 -13.1089 -159.589 -47.4746 -8.18133
96,80,2,Robotic Hand_V5/GM12-N20-双出轴-Motor.STEP-2/____________-5.STEP-3,____________-5.STEP-3,28,____________-5.STEP,____________-5.STEP.SLDPRT,GM12-N20-双出轴-Motor.STEP,purchased-internal,purchased-internal,GM12-N20-双出轴-Motor.STEP,True,False,0,False,False,False,False,,False,,-166.3368,-17.7970,52.4443,-0.863326 0.496749 0.088929 0.504003 0.857627 0.102259 -0.025471 0.133104 -0.990775,-0.863326 0.496749 0.088929 -166.337 0.504003 0.857627 0.102259 -17.797 -0.025471 0.133104 -0.990775 52.4443 0 0 0 1,-1.25 6 -1.25 1.25 10 1.25,2.50 x 4.00 x 2.50,-162.3629,-10.9359,53.5091,-166.3368,-52.4443,-17.7970,-0.863326 -0.088929 0.496749 0.025471 -0.990775 -0.133104 0.504003 -0.102259 0.857627,-162.3629,-53.5091,-10.9359,-164.547 -55.0456 -13.409 -160.179 -51.9726 -8.46286
97,80,2,Robotic Hand_V5/GM12-N20-双出轴-Motor.STEP-2/____________-5.STEP-4,____________-5.STEP-4,29,____________-5.STEP,____________-5.STEP.SLDPRT,GM12-N20-双出轴-Motor.STEP,purchased-internal,purchased-internal,GM12-N20-双出轴-Motor.STEP,True,False,0,False,False,False,False,,False,,-161.3694,-9.2207,53.7753,-0.293533 -0.496749 0.816749 0.021694 -0.857627 -0.513815 0.955703 -0.133104 0.262518,-0.293533 -0.496749 0.816749 -161.369 0.021694 -0.857627 -0.513815 -9.22069 0.955703 -0.133104 0.262518 53.7753 0 0 0 1,-1.25 6 -1.25 1.25 10 1.25,2.50 x 4.00 x 2.50,-165.3433,-16.0817,52.7105,-161.3694,-53.7753,-9.2207,-0.293533 -0.816749 -0.496749 -0.955703 0.262518 0.133104 0.021694 0.513815 -0.857627,-165.3433,-52.7105,-16.0817,-167.725 -54.4995 -18.4663 -162.962 -50.9215 -13.6971
98,80,2,Robotic Hand_V5/GM12-N20-双出轴-Motor.STEP-2/Engrenagem reta28-D.STEP-1,Engrenagem reta28-D.STEP-1,30,Engrenagem reta28-D.STEP,Engrenagem reta28-D.STEP.SLDPRT,GM12-N20-双出轴-Motor.STEP,purchased-internal,purchased-internal,GM12-N20-双出轴-Motor.STEP,True,False,0,False,False,True,True,,False,,-152.5375,-19.1344,56.1418,-0.258819 -0.828404 -0.496749 -0 0.514272 -0.857627 0.965926 -0.22197 -0.133104,-0.258819 -0.828404 -0.496749 -152.537 -0 0.514272 -0.857627 -19.1344 0.965926 -0.22197 -0.133104 56.1418 0 0 0 1,-2.78759 -2.78759 -13.8077 2.78759 2.78759 16.2077,5.58 x 5.58 x 30.02,-153.1336,-20.1635,55.9821,-152.5375,-56.1418,-19.1344,-0.258819 0.496749 -0.828404 -0.965926 -0.133104 0.22197 -0 0.857627 0.514272,-153.1336,-55.9821,-20.1635,-163.619 -61.291 -34.4681 -142.648 -50.6732 -5.85893
99,80,2,Robotic Hand_V5/GM12-N20-双出轴-Motor.STEP-2/Engrenagem reta22-11.STEP-1,Engrenagem reta22-11.STEP-1,31,Engrenagem reta22-11.STEP,Engrenagem reta22-11.STEP.SLDPRT,GM12-N20-双出轴-Motor.STEP,purchased-internal,purchased-internal,GM12-N20-双出轴-Motor.STEP,True,False,0,False,False,False,False,,False,,-156.9685,-19.8233,54.9545,0.156603 -0.853648 0.496749 0.062273 0.510488 0.857627 -0.985696 -0.103373 0.133104,0.156603 -0.853648 0.496749 -156.969 0.062273 0.510488 0.857627 -19.8233 -0.985696 -0.103373 0.133104 54.9545 0 0 0 1,-1.79568 -1.8 -0.7 1.79568 1.8 3,3.59 x 3.60 x 3.70,-156.3973,-18.8370,55.1076,-156.9685,-54.9545,-19.8233,0.156603 -0.496749 -0.853648 0.985696 0.133104 0.103373 0.062273 -0.857627 0.510488,-156.3973,-55.1076,-18.8370,-159.134 -57.3099 -21.4543 -153.661 -52.9053 -16.2197
100,80,2,Robotic Hand_V5/GM12-N20-双出轴-Motor.STEP-2/WHEEL.STEP-1,WHEEL.STEP-1,32,WHEEL.STEP,WHEEL.STEP.SLDPRT,GM12-N20-双出轴-Motor.STEP,purchased-internal,purchased-internal,GM12-N20-双出轴-Motor.STEP,True,False,0,False,False,False,False,,False,,-168.3095,-30.4040,49.0687,-0.792507 0.496749 0.353797 0.510753 0.857627 -0.060062 -0.333262 0.133104 -0.933392,-0.792507 0.496749 0.353797 -168.31 0.510753 0.857627 -0.060062 -30.404 -0.333262 0.133104 -0.933392 49.0687 0 0 0 1,-1.93657 13.5334 -1.93656 1.93656 21.4334 1.93657,3.87 x 7.90 x 3.87,-159.6247,-15.4098,51.3958,-168.3095,-49.0687,-30.4040,-0.792507 -0.353797 0.496749 0.333262 -0.933392 -0.133104 0.510753 0.060062 0.857627,-159.6247,-51.3958,-15.4098,-163.807 -54.3745 -19.9028 -155.443 -48.4171 -10.9167
101,80,2,Robotic Hand_V5/GM12-N20-双出轴-Motor.STEP-2/WORM.STEP-1,WORM.STEP-1,33,WORM.STEP,WORM.STEP.SLDPRT,GM12-N20-双出轴-Motor.STEP,purchased-internal,purchased-internal,GM12-N20-双出轴-Motor.STEP,True,False,0,False,False,False,False,,False,,-134.0292,-31.7383,60.9432,-0.260703 -0.828404 -0.495763 -0.003256 0.514272 -0.857621 0.965413 -0.22197 -0.13677,-0.260703 -0.828404 -0.495763 -134.029 -0.003256 0.514272 -0.857621 -31.7383 0.965413 -0.22197 -0.13677 60.9432 0 0 0 1,-1.0847 30.4444 -0.996281 1.39137 35.02 1.44217,2.48 x 4.58 x 2.44,-161.2952,-15.0968,53.7952,-134.0292,-60.9432,-31.7383,-0.260703 0.495763 -0.828404 -0.965413 -0.13677 0.22197 -0.003256 0.857621 0.514272,-161.2952,-53.7952,-15.0968,-164.118 -55.665 -17.323 -158.473 -51.9254 -12.8706
102,80,2,Robotic Hand_V5/GM12-N20-双出轴-Motor.STEP-2/Engrenagem reta22-11.STEP-2,Engrenagem reta22-11.STEP-2,34,Engrenagem reta22-11.STEP,Engrenagem reta22-11.STEP.SLDPRT,GM12-N20-双出轴-Motor.STEP,purchased-internal,purchased-internal,GM12-N20-双出轴-Motor.STEP,True,False,0,False,False,False,False,,False,,-158.9581,-19.9355,52.7930,0.147403 -0.855285 0.496749 0.067766 0.509788 0.857627 -0.986752 -0.092754 0.133104,0.147403 -0.855285 0.496749 -158.958 0.067766 0.509788 0.857627 -19.9355 -0.986752 -0.092754 0.133104 52.793 0 0 0 1,-1.79568 -1.8 -0.7 1.79568 1.8 3,3.59 x 3.60 x 3.70,-158.3869,-18.9492,52.9461,-158.9581,-52.7930,-19.9355,0.147403 -0.496749 -0.855285 0.986752 0.133104 0.092754 0.067766 -0.857627 0.509788,-158.3869,-52.9461,-18.9492,-161.11 -55.1312 -21.5751 -155.664 -50.761 -16.3233
103,,1,Robotic Hand_V5/GM12-N20-双出轴-Motor.STEP-3,GM12-N20-双出轴-Motor.STEP-3,1585,GM12-N20-双出轴-Motor.STEP,GM12-N20-双出轴-Motor.STEP.SLDASM,GM12-N20-双出轴-Motor.STEP,motor,motor-GM12,GM12-N20-双出轴-Motor.STEP,False,True,11,False,False,False,False,No,False,,-126.5257,-22.7211,75.5071,-0.258819 -0.828404 -0.496749 -0 0.514272 -0.857627 0.965926 -0.22197 -0.133104,-0.258819 -0.828404 -0.496749 -126.526 -0 0.514272 -0.857627 -22.7211 0.965926 -0.22197 -0.133104 75.5071 0 0 0 1,-18.2107 1 -15.0156 -5.7348 36.2 14.9998,12.48 x 35.20 x 30.02,-138.8313,-13.1488,59.8148,-126.5257,-75.5071,-22.7211,-0.258819 0.496749 -0.828404 -0.965926 -0.133104 0.22197 -0 0.857627 0.514272,-138.8313,-59.8148,-13.1488,-162.481 -71.7444 -35.071 -115.182 -47.8851 8.77336
104,103,2,Robotic Hand_V5/GM12-N20-双出轴-Motor.STEP-3/M057-8Y01A.STEP-1,M057-8Y01A.STEP-1,24,M057-8Y01A.STEP,M057-8Y01A.STEP.SLDASM,GM12-N20-双出轴-Motor.STEP,purchased-internal,purchased-internal,GM12-N20-双出轴-Motor.STEP,True,True,11,False,False,False,False,,False,,-151.9200,-5.0233,56.3073,-0.258819 0.828404 0.496749 0 -0.514272 0.857627 0.965926 0.22197 0.133103,-0.258819 0.828404 0.496749 -151.92 0 -0.514272 0.857627 -5.02333 0.965926 0.22197 0.133103 56.3073 0 0 0 1,-6.23755 -1.8 -5.02292 6.23831 21 5.09668,12.48 x 22.80 x 10.12,-143.9491,-9.9287,58.4435,-151.9200,-56.3073,-5.0233,-0.258819 -0.496749 0.828404 -0.965926 0.133103 -0.22197 0 -0.857627 -0.514272,-143.9491,-58.4435,-9.9287,-157.521 -67.6728 -20.1308 -130.377 -49.2142 0.273418
105,104,3,Robotic Hand_V5/GM12-N20-双出轴-Motor.STEP-3/M057-8Y01A.STEP-1/____________.STEP-1,____________.STEP-1,24,____________.STEP,____________.STEP.SLDPRT,GM12-N20-双出轴-Motor.STEP,purchased-internal,purchased-internal,GM12-N20-双出轴-Motor.STEP,True,False,0,False,False,False,False,,False,,-151.9200,-5.0233,56.3073,-0.258819 0.828404 0.496749 0 -0.514272 0.857627 0.965926 0.22197 0.133103,-0.258819 0.828404 0.496749 -151.92 0 -0.514272 0.857627 -5.02333 0.965926 0.22197 0.133103 56.3073 0 0 0 1,-5.91494 -0.8 -5 5.91494 4.4 5,11.83 x 5.20 x 10.00,-150.4289,-5.9490,56.7068,-151.9200,-56.3073,-5.0233,-0.258819 -0.496749 0.828404 -0.965926 0.133103 -0.22197 0 -0.857627 -0.514272,-150.4289,-56.7068,-5.9490,-156.597 -63.6629 -11.5743 -144.26 -49.7508 -0.323774
106,104,3,Robotic Hand_V5/GM12-N20-双出轴-Motor.STEP-3/M057-8Y01A.STEP-1/____.STEP-1,____.STEP-1,25,____.STEP,____.STEP.SLDPRT,GM12-N20-双出轴-Motor.STEP,purchased-internal,purchased-internal,GM12-N20-双出轴-Motor.STEP,True,False,0,False,False,False,False,,False,,-140.9851,-11.8117,59.2373,0.408366 0.828404 -0.383385 0.283268 -0.514272 -0.809496 -0.867754 0.22197 -0.444672,0.408366 0.828404 -0.383385 -140.985 0.283268 -0.514272 -0.809496 -11.8117 -0.867754 0.22197 -0.444672 59.2373 0 0 0 1,-4 -7.5 -4 4 1 3.86421,8.00 x 8.50 x 7.86,-143.6513,-10.0854,58.5461,-140.9851,-59.2373,-11.8117,0.408366 0.383385 0.828404 0.867754 -0.444672 -0.22197 0.283268 0.809496 -0.514272,-143.6513,-58.5461,-10.0854,-150.313 -64.709 -16.5871 -136.99 -52.3832 -3.58363
107,104,3,Robotic Hand_V5/GM12-N20-双出轴-Motor.STEP-3/M057-8Y01A.STEP-1/______.STEP-1,______.STEP-1,26,______.STEP,______.STEP.SLDPRT,GM12-N20-双出轴-Motor.STEP,purchased-internal,purchased-internal,GM12-N20-双出轴-Motor.STEP,True,False,0,False,False,False,False,,False,,-147.7780,-7.5947,57.4171,0.124311 0.828404 0.546163 0.555198 -0.514272 0.653666 0.822376 0.22197 -0.523858,0.124311 0.828404 0.546163 -147.778 0.555198 -0.514272 0.653666 -7.59469 0.822376 0.22197 -0.523858 57.4171 0 0 0 1,-3.25 -2.5025 -3.25 3.25 0.661881 3.25,6.50 x 3.16 x 6.50,-148.5404,-7.1214,57.2128,-147.7780,-57.4171,-7.5947,0.124311 -0.546163 0.828404 -0.822376 -0.523858 -0.22197 0.555198 -0.653666 -0.514272,-148.5404,-57.2128,-7.1214,-152.03 -61.9393 -11.8639 -145.051 -52.4864 -2.37892
108,104,3,Robotic Hand_V5/GM12-N20-双出轴-Motor.STEP-3/M057-8Y01A.STEP-1/____-0.STEP-1,____-0.STEP-1,27,____-0.STEP,____-0.STEP.SLDPRT,GM12-N20-双出轴-Motor.STEP,purchased-internal,purchased-internal,GM12-N20-双出轴-Motor.STEP,True,False,0,False,False,False,False,,False,,-150.6690,-5.7999,56.6425,-0.258819 0.828404 0.496749 0 -0.514272 0.857627 0.965926 0.22197 0.133103,-0.258819 0.828404 0.496749 -150.669 0 -0.514272 0.857627 -5.79993 0.965926 0.22197 0.133103 56.6425 0 0 0 1,-3.21825 -0.010153 -3.66333 3.21825 2.01015 3.66333,6.44 x 2.02 x 7.33,-149.8406,-6.3142,56.8644,-150.6690,-56.6425,-5.7999,-0.258819 -0.496749 0.828404 -0.965926 0.133103 -0.22197 0 -0.857627 -0.514272,-149.8406,-56.8644,-6.3142,-153.33 -60.6849 -9.97546 -146.351 -53.044 -2.65294
109,104,3,Robotic Hand_V5/GM12-N20-双出轴-Motor.STEP-3/M057-8Y01A.STEP-1/__________.STEP-1,__________.STEP-1,28,__________.STEP,__________.STEP.SLDPRT,GM12-N20-双出轴-Motor.STEP,purchased-internal,purchased-internal,GM12-N20-双出轴-Motor.STEP,True,False,0,False,False,False,False,,False,,-147.1981,-7.9547,57.5725,0.408366 0.828404 -0.383385 0.283268 -0.514272 -0.809496 -0.867754 0.22197 -0.444672,0.408366 0.828404 -0.383385 -147.198 0.283268 -0.514272 -0.809496 -7.95468 -0.867754 0.22197 -0.444672 57.5725 0 0 0 1,-0.99282 -2.8 -1.1 0.99282 0.2 0.7,1.99 x 3.00 x 1.80,-148.1983,-7.1242,57.3729,-147.1981,-57.5725,-7.9547,0.408366 0.383385 0.828404 0.867754 -0.444672 -0.22197 0.283268 0.809496 -0.514272,-148.1983,-57.3729,-7.1242,-150.191 -58.9676 -8.90542 -146.205 -55.7782 -5.34304
110,104,3,Robotic Hand_V5/GM12-N20-双出轴-Motor.STEP-3/M057-8Y01A.STEP-1/____-1.STEP-1,____-1.STEP-1,29,____-1.STEP,____-1.STEP.SLDPRT,GM12-N20-双出轴-Motor.STEP,purchased-internal,purchased-internal,GM12-N20-双出轴-Motor.STEP,True,False,0,False,False,False,False,,False,,-147.1981,-7.9547,57.5725,-0.260059 0.828404 0.496101 -0.002141 -0.514272 0.857624 0.96559 0.22197 0.135515,-0.260059 0.828404 0.496101 -147.198 -0.002141 -0.514272 0.857624 -7.95468 0.96559 0.22197 0.135515 57.5725 0 0 0 1,-5.77332 0 -4.80793 5.77332 8.5 4.80793,11.55 x 8.50 x 9.62,-143.6774,-10.1403,58.5159,-147.1981,-57.5725,-7.9547,-0.260059 -0.496101 0.828404 -0.96559 0.135515 -0.22197 -0.002141 -0.857624 -0.514272,-143.6774,-58.5159,-10.1403,-151.085 -65.6855 -16.4618 -136.27 -51.3463 -3.81892
111,104,3,Robotic Hand_V5/GM12-N20-双出轴-Motor.STEP-3/M057-8Y01A.STEP-1/____-2.STEP-1,____-2.STEP-1,30,____-2.STEP,____-2.STEP.SLDPRT,GM12-N20-双出轴-Motor.STEP,purchased-internal,purchased-internal,GM12-N20-双出轴-Motor.STEP,True,False,0,False,False,False,False,,False,,-149.0881,-6.2833,53.8567,0.258819 -0.828404 0.496749 -0 0.514272 0.857627 -0.965926 -0.22197 0.133103,0.258819 -0.828404 0.496749 -149.088 -0 0.514272 0.857627 -6.2833 -0.965926 -0.22197 0.133103 53.8567 0 0 0 1,-0.2 -0 -1 0.2 4.25 1,0.40 x 4.25 x 2.00,-150.8484,-5.1905,53.3850,-149.0881,-53.8567,-6.2833,0.258819 -0.496749 -0.828404 0.965926 0.133103 0.22197 -0 -0.857627 0.514272,-150.8484,-53.3850,-5.1905,-153.157 -54.183 -7.14092 -148.54 -52.5871 -3.24001
112,104,3,Robotic Hand_V5/GM12-N20-双出轴-Motor.STEP-3/M057-8Y01A.STEP-1/____-2.STEP-2,____-2.STEP-2,31,____-2.STEP,____-2.STEP.SLDPRT,GM12-N20-双出轴-Motor.STEP,purchased-internal,purchased-internal,GM12-N20-双出轴-Motor.STEP,True,False,0,False,False,False,False,,False,,-150.6927,-6.2833,59.8455,-0.258819 -0.828404 -0.496749 0 0.514272 -0.857627 0.965926 -0.22197 -0.133103,-0.258819 -0.828404 -0.496749 -150.693 0 0.514272 -0.857627 -6.28329 0.965926 -0.22197 -0.133103 59.8455 0 0 0 1,-0.2 -0 -1 0.2 4.25 1,0.40 x 4.25 x 2.00,-152.4531,-5.1905,59.3738,-150.6927,-59.8455,-6.2833,-0.258819 0.496749 -0.828404 -0.965926 -0.133103 0.22197 0 0.857627 0.514272,-152.4531,-59.3738,-5.1905,-154.762 -60.1718 -7.14092 -150.144 -58.5758 -3.24001
113,104,3,Robotic Hand_V5/GM12-N20-双出轴-Motor.STEP-3/M057-8Y01A.STEP-1/________.STEP-1,________.STEP-1,32,________.STEP,________.STEP.SLDPRT,GM12-N20-双出轴-Motor.STEP,purchased-internal,purchased-internal,GM12-N20-双出轴-Motor.STEP,True,False,0,False,False,False,False,,False,,-139.5737,-12.6928,59.5876,-0.258819 0.828404 0.496749 -0 -0.514272 0.857627 0.965926 0.22197 0.133104,-0.258819 0.828404 0.496749 -139.574 -0 -0.514272 0.857627 -12.6928 0.965926 0.22197 0.133104 59.5876 0 0 0 1,-6.21067 -13.5245 -5.01502 6.2652 0.9 5.03081,12.48 x 14.42 x 10.05,-144.8060,-9.4398,58.2139,-139.5737,-59.5876,-12.6928,-0.258819 -0.496749 0.828404 -0.965926 0.133104 -0.22197 -0 -0.857627 -0.514272,-144.8060,-58.2139,-9.4398,-154.89 -66.5087 -17.4566 -134.722 -49.919 -1.4229
114,104,3,Robotic Hand_V5/GM12-N20-双出轴-Motor.STEP-3/M057-8Y01A.STEP-1/__.STEP-1,__.STEP-1,33,__.STEP,__.STEP.SLDPRT,GM12-N20-双出轴-Motor.STEP,purchased-internal,purchased-internal,GM12-N20-双出轴-Motor.STEP,True,False,0,False,False,False,False,,False,,-137.0087,-14.2802,60.3027,0.505161 -0.828404 0.24199 0.514737 0.514272 0.685981 -0.692718 -0.22197 0.6862,0.505161 -0.828404 0.24199 -137.009 0.514737 0.514272 0.685981 -14.2802 -0.692718 -0.22197 0.6862 60.3027 0 0 0 1,-0.5 -3 -0.5 0.5 18.6 0.5,1.00 x 21.60 x 1.00,-143.4703,-10.2689,58.5714,-137.0087,-60.3027,-14.2802,0.505161 -0.24199 -0.828404 0.692718 0.6862 0.22197 0.514737 -0.685981 0.514272,-143.4703,-58.5714,-10.2689,-152.791 -61.6581 -16.4234 -134.15 -55.4846 -4.1144
115,104,3,Robotic Hand_V5/GM12-N20-双出轴-Motor.STEP-3/M057-8Y01A.STEP-1/________-3.STEP-1,________-3.STEP-1,34,________-3.STEP,________-3.STEP.SLDPRT,GM12-N20-双出轴-Motor.STEP,purchased-internal,purchased-internal,GM12-N20-双出轴-Motor.STEP,True,False,0,False,False,False,False,,False,,-149.9484,-6.2473,56.8356,-0.55801 0.828404 -0.048706 -0.792159 -0.514272 0.328646 0.247204 0.22197 0.943196,-0.55801 0.828404 -0.048706 -149.948 -0.792159 -0.514272 0.328646 -6.2473 0.247204 0.22197 0.943196 56.8356 0 0 0 1,-0.9 -0.02 -0.9 0.9 0.12 0.9,1.80 x 0.14 x 1.80,-149.9070,-6.2730,56.8467,-149.9484,-56.8356,-6.2473,-0.55801 0.048706 0.828404 -0.247204 0.943196 -0.22197 -0.792159 -0.328646 -0.514272,-149.9070,-56.8467,-6.2730,-150.511 -57.9336 -7.31773 -149.303 -55.7598 -5.22829
116,103,2,Robotic Hand_V5/GM12-N20-双出轴-Motor.STEP-3/__________-4.STEP-1,__________-4.STEP-1,25,__________-4.STEP,__________-4.STEP.SLDPRT,GM12-N20-双出轴-Motor.STEP,purchased-internal,purchased-internal,GM12-N20-双出轴-Motor.STEP,True,False,0,False,False,True,True,,False,,-138.0028,-13.6631,60.0364,0.258819 0.828404 -0.496749 0 -0.514272 -0.857627 -0.965926 0.22197 -0.133104,0.258819 0.828404 -0.496749 -138.003 0 -0.514272 -0.857627 -13.6631 -0.965926 0.22197 -0.133104 60.0364 0 0 0 1,-6 -1.4025 -5.5 6 16.6 5.5,12.00 x 18.00 x 11.00,-131.7080,-17.5709,61.7231,-138.0028,-60.0364,-13.6631,0.258819 0.496749 0.828404 0.965926 -0.133104 -0.22197 0 0.857627 -0.514272,-131.7080,-61.7231,-17.5709,-143.45 -70.2487 -26.917 -119.966 -53.1974 -8.22489
117,103,2,Robotic Hand_V5/GM12-N20-双出轴-Motor.STEP-3/____________-5.STEP-1,____________-5.STEP-1,26,____________-5.STEP,____________-5.STEP.SLDPRT,GM12-N20-双出轴-Motor.STEP,purchased-internal,purchased-internal,GM12-N20-双出轴-Motor.STEP,True,False,0,False,False,False,False,,False,,-147.9986,-11.3327,61.2935,-0.005791 0.828404 0.560101 0.388398 -0.514272 0.764638 0.921473 0.22197 -0.318773,-0.005791 0.828404 0.560101 -147.999 0.388398 -0.514272 0.764638 -11.3327 0.921473 0.22197 -0.318773 61.2935 0 0 0 1,-1.25 6 -1.25 1.25 10 1.25,2.50 x 4.00 x 2.50,-141.3714,-15.4468,63.0692,-147.9986,-61.2935,-11.3327,-0.005791 -0.560101 0.828404 -0.921473 -0.318773 -0.22197 0.388398 -0.764638 -0.514272,-141.3714,-63.0692,-15.4468,-143.736 -65.0635 -17.9167 -139.007 -61.075 -12.977
118,103,2,Robotic Hand_V5/GM12-N20-双出轴-Motor.STEP-3/____________-5.STEP-2,____________-5.STEP-2,27,____________-5.STEP,____________-5.STEP.SLDPRT,GM12-N20-双出轴-Motor.STEP,purchased-internal,purchased-internal,GM12-N20-双出轴-Motor.STEP,True,False,0,False,False,False,False,,False,,-143.2496,-6.5309,54.6950,-0.451565 0.828404 0.331415 -0.378693 -0.514272 0.76949 0.807887 0.22197 0.545938,-0.451565 0.828404 0.331415 -143.25 -0.378693 -0.514272 0.76949 -6.53093 0.807887 0.22197 0.545938 54.695 0 0 0 1,-1.25 6 -1.25 1.25 10 1.25,2.50 x 4.00 x 2.50,-136.6224,-10.6451,56.4708,-143.2496,-54.6950,-6.5309,-0.451565 -0.331415 0.828404 -0.807887 0.545938 -0.22197 -0.378693 -0.76949 -0.514272,-136.6224,-56.4708,-10.6451,-139.258 -58.607 -13.1089 -133.987 -54.3346 -8.18133
119,103,2,Robotic Hand_V5/GM12-N20-双出轴-Motor.STEP-3/____________-5.STEP-3,____________-5.STEP-3,28,____________-5.STEP,____________-5.STEP.SLDPRT,GM12-N20-双出轴-Motor.STEP,purchased-internal,purchased-internal,GM12-N20-双出轴-Motor.STEP,True,False,0,False,False,False,False,,False,,-140.7351,-17.7970,59.3043,-0.863326 0.496749 0.088929 0.504003 0.857627 0.102259 -0.025471 0.133104 -0.990775,-0.863326 0.496749 0.088929 -140.735 0.504003 0.857627 0.102259 -17.797 -0.025471 0.133104 -0.990775 59.3043 0 0 0 1,-1.25 6 -1.25 1.25 10 1.25,2.50 x 4.00 x 2.50,-136.7611,-10.9359,60.3691,-140.7351,-59.3043,-17.7970,-0.863326 -0.088929 0.496749 0.025471 -0.990775 -0.133104 0.504003 -0.102259 0.857627,-136.7611,-60.3691,-10.9359,-138.945 -61.9056 -13.409 -134.577 -58.8326 -8.46286
120,103,2,Robotic Hand_V5/GM12-N20-双出轴-Motor.STEP-3/____________-5.STEP-4,____________-5.STEP-4,29,____________-5.STEP,____________-5.STEP.SLDPRT,GM12-N20-双出轴-Motor.STEP,purchased-internal,purchased-internal,GM12-N20-双出轴-Motor.STEP,True,False,0,False,False,False,False,,False,,-135.7676,-9.2207,60.6353,-0.293533 -0.496749 0.816749 0.021694 -0.857627 -0.513815 0.955703 -0.133104 0.262518,-0.293533 -0.496749 0.816749 -135.768 0.021694 -0.857627 -0.513815 -9.22069 0.955703 -0.133104 0.262518 60.6353 0 0 0 1,-1.25 6 -1.25 1.25 10 1.25,2.50 x 4.00 x 2.50,-139.7416,-16.0817,59.5705,-135.7676,-60.6353,-9.2207,-0.293533 -0.816749 -0.496749 -0.955703 0.262518 0.133104 0.021694 0.513815 -0.857627,-139.7416,-59.5705,-16.0817,-142.123 -61.3595 -18.4663 -137.36 -57.7815 -13.6971
121,103,2,Robotic Hand_V5/GM12-N20-双出轴-Motor.STEP-3/Engrenagem reta28-D.STEP-1,Engrenagem reta28-D.STEP-1,30,Engrenagem reta28-D.STEP,Engrenagem reta28-D.STEP.SLDPRT,GM12-N20-双出轴-Motor.STEP,purchased-internal,purchased-internal,GM12-N20-双出轴-Motor.STEP,True,False,0,False,False,True,True,,False,,-126.9357,-19.1344,63.0018,-0.258819 -0.828404 -0.496749 -0 0.514272 -0.857627 0.965926 -0.22197 -0.133104,-0.258819 -0.828404 -0.496749 -126.936 -0 0.514272 -0.857627 -19.1344 0.965926 -0.22197 -0.133104 63.0018 0 0 0 1,-2.78759 -2.78759 -13.8077 2.78759 2.78759 16.2077,5.58 x 5.58 x 30.02,-127.5318,-20.1635,62.8421,-126.9357,-63.0018,-19.1344,-0.258819 0.496749 -0.828404 -0.965926 -0.133104 0.22197 -0 0.857627 0.514272,-127.5318,-62.8421,-20.1635,-138.018 -68.151 -34.4681 -117.046 -57.5331 -5.85893
122,103,2,Robotic Hand_V5/GM12-N20-双出轴-Motor.STEP-3/Engrenagem reta22-11.STEP-1,Engrenagem reta22-11.STEP-1,31,Engrenagem reta22-11.STEP,Engrenagem reta22-11.STEP.SLDPRT,GM12-N20-双出轴-Motor.STEP,purchased-internal,purchased-internal,GM12-N20-双出轴-Motor.STEP,True,False,0,False,False,False,False,,False,,-131.3668,-19.8233,61.8145,0.156603 -0.853648 0.496749 0.062273 0.510488 0.857627 -0.985696 -0.103373 0.133104,0.156603 -0.853648 0.496749 -131.367 0.062273 0.510488 0.857627 -19.8233 -0.985696 -0.103373 0.133104 61.8145 0 0 0 1,-1.79568 -1.8 -0.7 1.79568 1.8 3,3.59 x 3.60 x 3.70,-130.7955,-18.8370,61.9676,-131.3668,-61.8145,-19.8233,0.156603 -0.496749 -0.853648 0.985696 0.133104 0.103373 0.062273 -0.857627 0.510488,-130.7955,-61.9676,-18.8370,-133.532 -64.1699 -21.4543 -128.059 -59.7653 -16.2197
123,103,2,Robotic Hand_V5/GM12-N20-双出轴-Motor.STEP-3/WHEEL.STEP-1,WHEEL.STEP-1,32,WHEEL.STEP,WHEEL.STEP.SLDPRT,GM12-N20-双出轴-Motor.STEP,purchased-internal,purchased-internal,GM12-N20-双出轴-Motor.STEP,True,False,0,False,False,False,False,,False,,-142.7078,-30.4040,55.9287,-0.792507 0.496749 0.353797 0.510753 0.857627 -0.060062 -0.333262 0.133104 -0.933392,-0.792507 0.496749 0.353797 -142.708 0.510753 0.857627 -0.060062 -30.404 -0.333262 0.133104 -0.933392 55.9287 0 0 0 1,-1.93657 13.5334 -1.93656 1.93656 21.4334 1.93657,3.87 x 7.90 x 3.87,-134.0229,-15.4098,58.2558,-142.7078,-55.9287,-30.4040,-0.792507 -0.353797 0.496749 0.333262 -0.933392 -0.133104 0.510753 0.060062 0.857627,-134.0229,-58.2558,-15.4098,-138.205 -61.2345 -19.9028 -129.841 -55.2771 -10.9167
124,103,2,Robotic Hand_V5/GM12-N20-双出轴-Motor.STEP-3/WORM.STEP-1,WORM.STEP-1,33,WORM.STEP,WORM.STEP.SLDPRT,GM12-N20-双出轴-Motor.STEP,purchased-internal,purchased-internal,GM12-N20-双出轴-Motor.STEP,True,False,0,False,False,False,False,,False,,-108.4274,-31.7383,67.8032,-0.260703 -0.828404 -0.495763 -0.003256 0.514272 -0.857621 0.965413 -0.22197 -0.13677,-0.260703 -0.828404 -0.495763 -108.427 -0.003256 0.514272 -0.857621 -31.7383 0.965413 -0.22197 -0.13677 67.8032 0 0 0 1,-1.0847 30.4444 -0.996281 1.39137 35.02 1.44217,2.48 x 4.58 x 2.44,-135.6934,-15.0968,60.6552,-108.4274,-67.8032,-31.7383,-0.260703 0.495763 -0.828404 -0.965413 -0.13677 0.22197 -0.003256 0.857621 0.514272,-135.6934,-60.6552,-15.0968,-138.516 -62.525 -17.323 -132.871 -58.7854 -12.8706
125,103,2,Robotic Hand_V5/GM12-N20-双出轴-Motor.STEP-3/Engrenagem reta22-11.STEP-2,Engrenagem reta22-11.STEP-2,34,Engrenagem reta22-11.STEP,Engrenagem reta22-11.STEP.SLDPRT,GM12-N20-双出轴-Motor.STEP,purchased-internal,purchased-internal,GM12-N20-双出轴-Motor.STEP,True,False,0,False,False,False,False,,False,,-133.3564,-19.9355,59.6530,0.147403 -0.855285 0.496749 0.067766 0.509788 0.857627 -0.986752 -0.092754 0.133104,0.147403 -0.855285 0.496749 -133.356 0.067766 0.509788 0.857627 -19.9355 -0.986752 -0.092754 0.133104 59.653 0 0 0 1,-1.79568 -1.8 -0.7 1.79568 1.8 3,3.59 x 3.60 x 3.70,-132.7851,-18.9492,59.8061,-133.3564,-59.6530,-19.9355,0.147403 -0.496749 -0.855285 0.986752 0.133104 0.092754 0.067766 -0.857627 0.509788,-132.7851,-59.8061,-18.9492,-135.508 -61.9912 -21.5751 -130.062 -57.621 -16.3233
126,,1,Robotic Hand_V5/GM12-N20-双出轴-Motor.STEP-4,GM12-N20-双出轴-Motor.STEP-4,1588,GM12-N20-双出轴-Motor.STEP,GM12-N20-双出轴-Motor.STEP.SLDASM,GM12-N20-双出轴-Motor.STEP,motor,motor-GM12,GM12-N20-双出轴-Motor.STEP,False,True,11,False,False,False,False,No,False,,-107.2738,-22.7211,80.6657,-0.258819 -0.828404 -0.496749 -0 0.514272 -0.857627 0.965926 -0.22197 -0.133104,-0.258819 -0.828404 -0.496749 -107.274 -0 0.514272 -0.857627 -22.7211 0.965926 -0.22197 -0.133104 80.6657 0 0 0 1,-18.2107 1 -15.0156 -5.7348 36.2 14.9998,12.48 x 35.20 x 30.02,-119.5794,-13.1488,64.9733,-107.2738,-80.6657,-22.7211,-0.258819 0.496749 -0.828404 -0.965926 -0.133104 0.22197 -0 0.857627 0.514272,-119.5794,-64.9733,-13.1488,-143.229 -76.903 -35.071 -95.9299 -53.0437 8.77336
127,126,2,Robotic Hand_V5/GM12-N20-双出轴-Motor.STEP-4/M057-8Y01A.STEP-1,M057-8Y01A.STEP-1,24,M057-8Y01A.STEP,M057-8Y01A.STEP.SLDASM,GM12-N20-双出轴-Motor.STEP,purchased-internal,purchased-internal,GM12-N20-双出轴-Motor.STEP,True,True,11,False,False,False,False,,False,,-132.6681,-5.0233,61.4658,-0.258819 0.828404 0.496749 0 -0.514272 0.857627 0.965926 0.22197 0.133103,-0.258819 0.828404 0.496749 -132.668 0 -0.514272 0.857627 -5.02333 0.965926 0.22197 0.133103 61.4658 0 0 0 1,-6.23755 -1.8 -5.02292 6.23831 21 5.09668,12.48 x 22.80 x 10.12,-124.6972,-9.9287,63.6020,-132.6681,-61.4658,-5.0233,-0.258819 -0.496749 0.828404 -0.965926 0.133103 -0.22197 0 -0.857627 -0.514272,-124.6972,-63.6020,-9.9287,-138.269 -72.8313 -20.1308 -111.125 -54.3727 0.273418
128,127,3,Robotic Hand_V5/GM12-N20-双出轴-Motor.STEP-4/M057-8Y01A.STEP-1/____________.STEP-1,____________.STEP-1,24,____________.STEP,____________.STEP.SLDPRT,GM12-N20-双出轴-Motor.STEP,purchased-internal,purchased-internal,GM12-N20-双出轴-Motor.STEP,True,False,0,False,False,False,False,,False,,-132.6681,-5.0233,61.4658,-0.258819 0.828404 0.496749 0 -0.514272 0.857627 0.965926 0.22197 0.133103,-0.258819 0.828404 0.496749 -132.668 0 -0.514272 0.857627 -5.02333 0.965926 0.22197 0.133103 61.4658 0 0 0 1,-5.91494 -0.8 -5 5.91494 4.4 5,11.83 x 5.20 x 10.00,-131.1769,-5.9490,61.8654,-132.6681,-61.4658,-5.0233,-0.258819 -0.496749 0.828404 -0.965926 0.133103 -0.22197 0 -0.857627 -0.514272,-131.1769,-61.8654,-5.9490,-137.345 -68.8214 -11.5743 -125.008 -54.9093 -0.323774
129,127,3,Robotic Hand_V5/GM12-N20-双出轴-Motor.STEP-4/M057-8Y01A.STEP-1/____.STEP-1,____.STEP-1,25,____.STEP,____.STEP.SLDPRT,GM12-N20-双出轴-Motor.STEP,purchased-internal,purchased-internal,GM12-N20-双出轴-Motor.STEP,True,False,0,False,False,False,False,,False,,-121.7331,-11.8117,64.3958,0.408366 0.828404 -0.383385 0.283268 -0.514272 -0.809496 -0.867754 0.22197 -0.444672,0.408366 0.828404 -0.383385 -121.733 0.283268 -0.514272 -0.809496 -11.8117 -0.867754 0.22197 -0.444672 64.3958 0 0 0 1,-4 -7.5 -4 4 1 3.86421,8.00 x 8.50 x 7.86,-124.3994,-10.0854,63.7046,-121.7331,-64.3958,-11.8117,0.408366 0.383385 0.828404 0.867754 -0.444672 -0.22197 0.283268 0.809496 -0.514272,-124.3994,-63.7046,-10.0854,-131.061 -69.8675 -16.5871 -117.738 -57.5417 -3.58363
130,127,3,Robotic Hand_V5/GM12-N20-双出轴-Motor.STEP-4/M057-8Y01A.STEP-1/______.STEP-1,______.STEP-1,26,______.STEP,______.STEP.SLDPRT,GM12-N20-双出轴-Motor.STEP,purchased-internal,purchased-internal,GM12-N20-双出轴-Motor.STEP,True,False,0,False,False,False,False,,False,,-128.5260,-7.5947,62.5757,0.124311 0.828404 0.546163 0.555198 -0.514272 0.653666 0.822376 0.22197 -0.523858,0.124311 0.828404 0.546163 -128.526 0.555198 -0.514272 0.653666 -7.59469 0.822376 0.22197 -0.523858 62.5757 0 0 0 1,-3.25 -2.5025 -3.25 3.25 0.661881 3.25,6.50 x 3.16 x 6.50,-129.2884,-7.1214,62.3714,-128.5260,-62.5757,-7.5947,0.124311 -0.546163 0.828404 -0.822376 -0.523858 -0.22197 0.555198 -0.653666 -0.514272,-129.2884,-62.3714,-7.1214,-132.778 -67.0978 -11.8639 -125.799 -57.6449 -2.37892
131,127,3,Robotic Hand_V5/GM12-N20-双出轴-Motor.STEP-4/M057-8Y01A.STEP-1/____-0.STEP-1,____-0.STEP-1,27,____-0.STEP,____-0.STEP.SLDPRT,GM12-N20-双出轴-Motor.STEP,purchased-internal,purchased-internal,GM12-N20-双出轴-Motor.STEP,True,False,0,False,False,False,False,,False,,-131.4171,-5.7999,61.8010,-0.258819 0.828404 0.496749 0 -0.514272 0.857627 0.965926 0.22197 0.133103,-0.258819 0.828404 0.496749 -131.417 0 -0.514272 0.857627 -5.79993 0.965926 0.22197 0.133103 61.801 0 0 0 1,-3.21825 -0.010153 -3.66333 3.21825 2.01015 3.66333,6.44 x 2.02 x 7.33,-130.5887,-6.3142,62.0230,-131.4171,-61.8010,-5.7999,-0.258819 -0.496749 0.828404 -0.965926 0.133103 -0.22197 0 -0.857627 -0.514272,-130.5887,-62.0230,-6.3142,-134.078 -65.8434 -9.97546 -127.099 -58.2026 -2.65294
132,127,3,Robotic Hand_V5/GM12-N20-双出轴-Motor.STEP-4/M057-8Y01A.STEP-1/__________.STEP-1,__________.STEP-1,28,__________.STEP,__________.STEP.SLDPRT,GM12-N20-双出轴-Motor.STEP,purchased-internal,purchased-internal,GM12-N20-双出轴-Motor.STEP,True,False,0,False,False,False,False,,False,,-127.9462,-7.9547,62.7310,0.408366 0.828404 -0.383385 0.283268 -0.514272 -0.809496 -0.867754 0.22197 -0.444672,0.408366 0.828404 -0.383385 -127.946 0.283268 -0.514272 -0.809496 -7.95468 -0.867754 0.22197 -0.444672 62.731 0 0 0 1,-0.99282 -2.8 -1.1 0.99282 0.2 0.7,1.99 x 3.00 x 1.80,-128.9464,-7.1242,62.5314,-127.9462,-62.7310,-7.9547,0.408366 0.383385 0.828404 0.867754 -0.444672 -0.22197 0.283268 0.809496 -0.514272,-128.9464,-62.5314,-7.1242,-130.939 -64.1261 -8.90542 -126.953 -60.9367 -5.34304
133,127,3,Robotic Hand_V5/GM12-N20-双出轴-Motor.STEP-4/M057-8Y01A.STEP-1/____-1.STEP-1,____-1.STEP-1,29,____-1.STEP,____-1.STEP.SLDPRT,GM12-N20-双出轴-Motor.STEP,purchased-internal,purchased-internal,GM12-N20-双出轴-Motor.STEP,True,False,0,False,False,False,False,,False,,-127.9462,-7.9547,62.7310,-0.260059 0.828404 0.496101 -0.002141 -0.514272 0.857624 0.96559 0.22197 0.135515,-0.260059 0.828404 0.496101 -127.946 -0.002141 -0.514272 0.857624 -7.95468 0.96559 0.22197 0.135515 62.731 0 0 0 1,-5.77332 0 -4.80793 5.77332 8.5 4.80793,11.55 x 8.50 x 9.62,-124.4254,-10.1403,63.6744,-127.9462,-62.7310,-7.9547,-0.260059 -0.496101 0.828404 -0.96559 0.135515 -0.22197 -0.002141 -0.857624 -0.514272,-124.4254,-63.6744,-10.1403,-131.833 -70.844 -16.4618 -117.018 -56.5048 -3.81892
134,127,3,Robotic Hand_V5/GM12-N20-双出轴-Motor.STEP-4/M057-8Y01A.STEP-1/____-2.STEP-1,____-2.STEP-1,30,____-2.STEP,____-2.STEP.SLDPRT,GM12-N20-双出轴-Motor.STEP,purchased-internal,purchased-internal,GM12-N20-双出轴-Motor.STEP,True,False,0,False,False,False,False,,False,,-129.8361,-6.2833,59.0153,0.258819 -0.828404 0.496749 -0 0.514272 0.857627 -0.965926 -0.22197 0.133103,0.258819 -0.828404 0.496749 -129.836 -0 0.514272 0.857627 -6.2833 -0.965926 -0.22197 0.133103 59.0153 0 0 0 1,-0.2 -0 -1 0.2 4.25 1,0.40 x 4.25 x 2.00,-131.5965,-5.1905,58.5436,-129.8361,-59.0153,-6.2833,0.258819 -0.496749 -0.828404 0.965926 0.133103 0.22197 -0 -0.857627 0.514272,-131.5965,-58.5436,-5.1905,-133.905 -59.3416 -7.14092 -129.288 -57.7456 -3.24001
135,127,3,Robotic Hand_V5/GM12-N20-双出轴-Motor.STEP-4/M057-8Y01A.STEP-1/____-2.STEP-2,____-2.STEP-2,31,____-2.STEP,____-2.STEP.SLDPRT,GM12-N20-双出轴-Motor.STEP,purchased-internal,purchased-internal,GM12-N20-双出轴-Motor.STEP,True,False,0,False,False,False,False,,False,,-131.4408,-6.2833,65.0040,-0.258819 -0.828404 -0.496749 0 0.514272 -0.857627 0.965926 -0.22197 -0.133103,-0.258819 -0.828404 -0.496749 -131.441 0 0.514272 -0.857627 -6.28329 0.965926 -0.22197 -0.133103 65.004 0 0 0 1,-0.2 -0 -1 0.2 4.25 1,0.40 x 4.25 x 2.00,-133.2012,-5.1905,64.5323,-131.4408,-65.0040,-6.2833,-0.258819 0.496749 -0.828404 -0.965926 -0.133103 0.22197 0 0.857627 0.514272,-133.2012,-64.5323,-5.1905,-135.51 -65.3303 -7.14092 -130.892 -63.7344 -3.24001
136,127,3,Robotic Hand_V5/GM12-N20-双出轴-Motor.STEP-4/M057-8Y01A.STEP-1/________.STEP-1,________.STEP-1,32,________.STEP,________.STEP.SLDPRT,GM12-N20-双出轴-Motor.STEP,purchased-internal,purchased-internal,GM12-N20-双出轴-Motor.STEP,True,False,0,False,False,False,False,,False,,-120.3218,-12.6928,64.7462,-0.258819 0.828404 0.496749 -0 -0.514272 0.857627 0.965926 0.22197 0.133104,-0.258819 0.828404 0.496749 -120.322 -0 -0.514272 0.857627 -12.6928 0.965926 0.22197 0.133104 64.7462 0 0 0 1,-6.21067 -13.5245 -5.01502 6.2652 0.9 5.03081,12.48 x 14.42 x 10.05,-125.5540,-9.4398,63.3724,-120.3218,-64.7462,-12.6928,-0.258819 -0.496749 0.828404 -0.965926 0.133104 -0.22197 -0 -0.857627 -0.514272,-125.5540,-63.3724,-9.4398,-135.638 -71.6673 -17.4566 -115.47 -55.0776 -1.4229
137,127,3,Robotic Hand_V5/GM12-N20-双出轴-Motor.STEP-4/M057-8Y01A.STEP-1/__.STEP-1,__.STEP-1,33,__.STEP,__.STEP.SLDPRT,GM12-N20-双出轴-Motor.STEP,purchased-internal,purchased-internal,GM12-N20-双出轴-Motor.STEP,True,False,0,False,False,False,False,,False,,-117.7568,-14.2802,65.4613,0.505161 -0.828404 0.24199 0.514737 0.514272 0.685981 -0.692718 -0.22197 0.6862,0.505161 -0.828404 0.24199 -117.757 0.514737 0.514272 0.685981 -14.2802 -0.692718 -0.22197 0.6862 65.4613 0 0 0 1,-0.5 -3 -0.5 0.5 18.6 0.5,1.00 x 21.60 x 1.00,-124.2183,-10.2689,63.7299,-117.7568,-65.4613,-14.2802,0.505161 -0.24199 -0.828404 0.692718 0.6862 0.22197 0.514737 -0.685981 0.514272,-124.2183,-63.7299,-10.2689,-133.539 -66.8167 -16.4234 -114.898 -60.6432 -4.1144
138,127,3,Robotic Hand_V5/GM12-N20-双出轴-Motor.STEP-4/M057-8Y01A.STEP-1/________-3.STEP-1,________-3.STEP-1,34,________-3.STEP,________-3.STEP.SLDPRT,GM12-N20-双出轴-Motor.STEP,purchased-internal,purchased-internal,GM12-N20-双出轴-Motor.STEP,True,False,0,False,False,False,False,,False,,-130.6965,-6.2473,61.9941,-0.55801 0.828404 -0.048706 -0.792159 -0.514272 0.328646 0.247204 0.22197 0.943196,-0.55801 0.828404 -0.048706 -130.696 -0.792159 -0.514272 0.328646 -6.2473 0.247204 0.22197 0.943196 61.9941 0 0 0 1,-0.9 -0.02 -0.9 0.9 0.12 0.9,1.80 x 0.14 x 1.80,-130.6550,-6.2730,62.0052,-130.6965,-61.9941,-6.2473,-0.55801 0.048706 0.828404 -0.247204 0.943196 -0.22197 -0.792159 -0.328646 -0.514272,-130.6550,-62.0052,-6.2730,-131.259 -63.0921 -7.31773 -130.051 -60.9183 -5.22829
139,126,2,Robotic Hand_V5/GM12-N20-双出轴-Motor.STEP-4/__________-4.STEP-1,__________-4.STEP-1,25,__________-4.STEP,__________-4.STEP.SLDPRT,GM12-N20-双出轴-Motor.STEP,purchased-internal,purchased-internal,GM12-N20-双出轴-Motor.STEP,True,False,0,False,False,True,True,,False,,-118.7509,-13.6631,65.1949,0.258819 0.828404 -0.496749 0 -0.514272 -0.857627 -0.965926 0.22197 -0.133104,0.258819 0.828404 -0.496749 -118.751 0 -0.514272 -0.857627 -13.6631 -0.965926 0.22197 -0.133104 65.1949 0 0 0 1,-6 -1.4025 -5.5 6 16.6 5.5,12.00 x 18.00 x 11.00,-112.4560,-17.5709,66.8816,-118.7509,-65.1949,-13.6631,0.258819 0.496749 0.828404 0.965926 -0.133104 -0.22197 0 0.857627 -0.514272,-112.4560,-66.8816,-17.5709,-124.198 -75.4072 -26.917 -100.714 -58.356 -8.22489
140,126,2,Robotic Hand_V5/GM12-N20-双出轴-Motor.STEP-4/____________-5.STEP-1,____________-5.STEP-1,26,____________-5.STEP,____________-5.STEP.SLDPRT,GM12-N20-双出轴-Motor.STEP,purchased-internal,purchased-internal,GM12-N20-双出轴-Motor.STEP,True,False,0,False,False,False,False,,False,,-128.7467,-11.3327,66.4520,-0.005791 0.828404 0.560101 0.388398 -0.514272 0.764638 0.921473 0.22197 -0.318773,-0.005791 0.828404 0.560101 -128.747 0.388398 -0.514272 0.764638 -11.3327 0.921473 0.22197 -0.318773 66.452 0 0 0 1,-1.25 6 -1.25 1.25 10 1.25,2.50 x 4.00 x 2.50,-122.1194,-15.4468,68.2278,-128.7467,-66.4520,-11.3327,-0.005791 -0.560101 0.828404 -0.921473 -0.318773 -0.22197 0.388398 -0.764638 -0.514272,-122.1194,-68.2278,-15.4468,-124.484 -70.222 -17.9167 -119.755 -66.2335 -12.977
141,126,2,Robotic Hand_V5/GM12-N20-双出轴-Motor.STEP-4/____________-5.STEP-2,____________-5.STEP-2,27,____________-5.STEP,____________-5.STEP.SLDPRT,GM12-N20-双出轴-Motor.STEP,purchased-internal,purchased-internal,GM12-N20-双出轴-Motor.STEP,True,False,0,False,False,False,False,,False,,-123.9977,-6.5309,59.8536,-0.451565 0.828404 0.331415 -0.378693 -0.514272 0.76949 0.807887 0.22197 0.545938,-0.451565 0.828404 0.331415 -123.998 -0.378693 -0.514272 0.76949 -6.53093 0.807887 0.22197 0.545938 59.8536 0 0 0 1,-1.25 6 -1.25 1.25 10 1.25,2.50 x 4.00 x 2.50,-117.3705,-10.6451,61.6293,-123.9977,-59.8536,-6.5309,-0.451565 -0.331415 0.828404 -0.807887 0.545938 -0.22197 -0.378693 -0.76949 -0.514272,-117.3705,-61.6293,-10.6451,-120.006 -63.7655 -13.1089 -114.735 -59.4931 -8.18133
142,126,2,Robotic Hand_V5/GM12-N20-双出轴-Motor.STEP-4/____________-5.STEP-3,____________-5.STEP-3,28,____________-5.STEP,____________-5.STEP.SLDPRT,GM12-N20-双出轴-Motor.STEP,purchased-internal,purchased-internal,GM12-N20-双出轴-Motor.STEP,True,False,0,False,False,False,False,,False,,-121.4831,-17.7970,64.4628,-0.863326 0.496749 0.088929 0.504003 0.857627 0.102259 -0.025471 0.133104 -0.990775,-0.863326 0.496749 0.088929 -121.483 0.504003 0.857627 0.102259 -17.797 -0.025471 0.133104 -0.990775 64.4628 0 0 0 1,-1.25 6 -1.25 1.25 10 1.25,2.50 x 4.00 x 2.50,-117.5091,-10.9359,65.5276,-121.4831,-64.4628,-17.7970,-0.863326 -0.088929 0.496749 0.025471 -0.990775 -0.133104 0.504003 -0.102259 0.857627,-117.5091,-65.5276,-10.9359,-119.693 -67.0642 -13.409 -115.325 -63.9911 -8.46286
143,126,2,Robotic Hand_V5/GM12-N20-双出轴-Motor.STEP-4/____________-5.STEP-4,____________-5.STEP-4,29,____________-5.STEP,____________-5.STEP.SLDPRT,GM12-N20-双出轴-Motor.STEP,purchased-internal,purchased-internal,GM12-N20-双出轴-Motor.STEP,True,False,0,False,False,False,False,,False,,-116.5156,-9.2207,65.7938,-0.293533 -0.496749 0.816749 0.021694 -0.857627 -0.513815 0.955703 -0.133104 0.262518,-0.293533 -0.496749 0.816749 -116.516 0.021694 -0.857627 -0.513815 -9.22069 0.955703 -0.133104 0.262518 65.7938 0 0 0 1,-1.25 6 -1.25 1.25 10 1.25,2.50 x 4.00 x 2.50,-120.4896,-16.0817,64.7290,-116.5156,-65.7938,-9.2207,-0.293533 -0.816749 -0.496749 -0.955703 0.262518 0.133104 0.021694 0.513815 -0.857627,-120.4896,-64.7290,-16.0817,-122.871 -66.518 -18.4663 -118.108 -62.94 -13.6971
144,126,2,Robotic Hand_V5/GM12-N20-双出轴-Motor.STEP-4/Engrenagem reta28-D.STEP-1,Engrenagem reta28-D.STEP-1,30,Engrenagem reta28-D.STEP,Engrenagem reta28-D.STEP.SLDPRT,GM12-N20-双出轴-Motor.STEP,purchased-internal,purchased-internal,GM12-N20-双出轴-Motor.STEP,True,False,0,False,False,True,True,,False,,-107.6837,-19.1344,68.1603,-0.258819 -0.828404 -0.496749 -0 0.514272 -0.857627 0.965926 -0.22197 -0.133104,-0.258819 -0.828404 -0.496749 -107.684 -0 0.514272 -0.857627 -19.1344 0.965926 -0.22197 -0.133104 68.1603 0 0 0 1,-2.78759 -2.78759 -13.8077 2.78759 2.78759 16.2077,5.58 x 5.58 x 30.02,-108.2798,-20.1635,68.0006,-107.6837,-68.1603,-19.1344,-0.258819 0.496749 -0.828404 -0.965926 -0.133104 0.22197 -0 0.857627 0.514272,-108.2798,-68.0006,-20.1635,-118.766 -73.3096 -34.4681 -97.7941 -62.6917 -5.85893
145,126,2,Robotic Hand_V5/GM12-N20-双出轴-Motor.STEP-4/Engrenagem reta22-11.STEP-1,Engrenagem reta22-11.STEP-1,31,Engrenagem reta22-11.STEP,Engrenagem reta22-11.STEP.SLDPRT,GM12-N20-双出轴-Motor.STEP,purchased-internal,purchased-internal,GM12-N20-双出轴-Motor.STEP,True,False,0,False,False,False,False,,False,,-112.1148,-19.8233,66.9730,0.156603 -0.853648 0.496749 0.062273 0.510488 0.857627 -0.985696 -0.103373 0.133104,0.156603 -0.853648 0.496749 -112.115 0.062273 0.510488 0.857627 -19.8233 -0.985696 -0.103373 0.133104 66.973 0 0 0 1,-1.79568 -1.8 -0.7 1.79568 1.8 3,3.59 x 3.60 x 3.70,-111.5436,-18.8370,67.1261,-112.1148,-66.9730,-19.8233,0.156603 -0.496749 -0.853648 0.985696 0.133104 0.103373 0.062273 -0.857627 0.510488,-111.5436,-67.1261,-18.8370,-114.28 -69.3284 -21.4543 -108.807 -64.9238 -16.2197
146,126,2,Robotic Hand_V5/GM12-N20-双出轴-Motor.STEP-4/WHEEL.STEP-1,WHEEL.STEP-1,32,WHEEL.STEP,WHEEL.STEP.SLDPRT,GM12-N20-双出轴-Motor.STEP,purchased-internal,purchased-internal,GM12-N20-双出轴-Motor.STEP,True,False,0,False,False,False,False,,False,,-123.4558,-30.4040,61.0872,-0.792507 0.496749 0.353797 0.510753 0.857627 -0.060062 -0.333262 0.133104 -0.933392,-0.792507 0.496749 0.353797 -123.456 0.510753 0.857627 -0.060062 -30.404 -0.333262 0.133104 -0.933392 61.0872 0 0 0 1,-1.93657 13.5334 -1.93656 1.93656 21.4334 1.93657,3.87 x 7.90 x 3.87,-114.7710,-15.4098,63.4143,-123.4558,-61.0872,-30.4040,-0.792507 -0.353797 0.496749 0.333262 -0.933392 -0.133104 0.510753 0.060062 0.857627,-114.7710,-63.4143,-15.4098,-118.953 -66.393 -19.9028 -110.589 -60.4356 -10.9167
147,126,2,Robotic Hand_V5/GM12-N20-双出轴-Motor.STEP-4/WORM.STEP-1,WORM.STEP-1,33,WORM.STEP,WORM.STEP.SLDPRT,GM12-N20-双出轴-Motor.STEP,purchased-internal,purchased-internal,GM12-N20-双出轴-Motor.STEP,True,False,0,False,False,False,False,,False,,-89.1755,-31.7383,72.9617,-0.260703 -0.828404 -0.495763 -0.003256 0.514272 -0.857621 0.965413 -0.22197 -0.13677,-0.260703 -0.828404 -0.495763 -89.1755 -0.003256 0.514272 -0.857621 -31.7383 0.965413 -0.22197 -0.13677 72.9617 0 0 0 1,-1.0847 30.4444 -0.996281 1.39137 35.02 1.44217,2.48 x 4.58 x 2.44,-116.4415,-15.0968,65.8137,-89.1755,-72.9617,-31.7383,-0.260703 0.495763 -0.828404 -0.965413 -0.13677 0.22197 -0.003256 0.857621 0.514272,-116.4415,-65.8137,-15.0968,-119.264 -67.6835 -17.323 -113.619 -63.9439 -12.8706
148,126,2,Robotic Hand_V5/GM12-N20-双出轴-Motor.STEP-4/Engrenagem reta22-11.STEP-2,Engrenagem reta22-11.STEP-2,34,Engrenagem reta22-11.STEP,Engrenagem reta22-11.STEP.SLDPRT,GM12-N20-双出轴-Motor.STEP,purchased-internal,purchased-internal,GM12-N20-双出轴-Motor.STEP,True,False,0,False,False,False,False,,False,,-114.1044,-19.9355,64.8115,0.147403 -0.855285 0.496749 0.067766 0.509788 0.857627 -0.986752 -0.092754 0.133104,0.147403 -0.855285 0.496749 -114.104 0.067766 0.509788 0.857627 -19.9355 -0.986752 -0.092754 0.133104 64.8115 0 0 0 1,-1.79568 -1.8 -0.7 1.79568 1.8 3,3.59 x 3.60 x 3.70,-113.5332,-18.9492,64.9646,-114.1044,-64.8115,-19.9355,0.147403 -0.496749 -0.855285 0.986752 0.133104 0.092754 0.067766 -0.857627 0.509788,-113.5332,-64.9646,-18.9492,-116.256 -67.1497 -21.5751 -110.81 -62.7795 -16.3233
149,,1,Robotic Hand_V5/GM12-N20-双出轴-Motor.STEP-5,GM12-N20-双出轴-Motor.STEP-5,1593,GM12-N20-双出轴-Motor.STEP,GM12-N20-双出轴-Motor.STEP.SLDASM,GM12-N20-双出轴-Motor.STEP,motor,motor-GM12,GM12-N20-双出轴-Motor.STEP,False,True,11,False,False,False,False,No,False,,-88.0218,-22.7211,85.8242,-0.258819 -0.828404 -0.496749 -0 0.514272 -0.857627 0.965926 -0.22197 -0.133104,-0.258819 -0.828404 -0.496749 -88.0218 -0 0.514272 -0.857627 -22.7211 0.965926 -0.22197 -0.133104 85.8242 0 0 0 1,-18.2107 1 -15.0156 -5.7348 36.2 14.9998,12.48 x 35.20 x 30.02,-100.3274,-13.1488,70.1318,-88.0218,-85.8242,-22.7211,-0.258819 0.496749 -0.828404 -0.965926 -0.133104 0.22197 -0 0.857627 0.514272,-100.3274,-70.1318,-13.1488,-123.977 -82.0614 -35.071 -76.678 -58.2022 8.77336
150,149,2,Robotic Hand_V5/GM12-N20-双出轴-Motor.STEP-5/M057-8Y01A.STEP-1,M057-8Y01A.STEP-1,24,M057-8Y01A.STEP,M057-8Y01A.STEP.SLDASM,GM12-N20-双出轴-Motor.STEP,purchased-internal,purchased-internal,GM12-N20-双出轴-Motor.STEP,True,True,11,False,False,False,False,,False,,-113.4161,-5.0233,66.6243,-0.258819 0.828404 0.496749 0 -0.514272 0.857627 0.965926 0.22197 0.133103,-0.258819 0.828404 0.496749 -113.416 0 -0.514272 0.857627 -5.02333 0.965926 0.22197 0.133103 66.6243 0 0 0 1,-6.23755 -1.8 -5.02292 6.23831 21 5.09668,12.48 x 22.80 x 10.12,-105.4452,-9.9287,68.7605,-113.4161,-66.6243,-5.0233,-0.258819 -0.496749 0.828404 -0.965926 0.133103 -0.22197 0 -0.857627 -0.514272,-105.4452,-68.7605,-9.9287,-119.017 -77.9898 -20.1308 -91.8735 -59.5312 0.273418
151,150,3,Robotic Hand_V5/GM12-N20-双出轴-Motor.STEP-5/M057-8Y01A.STEP-1/____________.STEP-1,____________.STEP-1,24,____________.STEP,____________.STEP.SLDPRT,GM12-N20-双出轴-Motor.STEP,purchased-internal,purchased-internal,GM12-N20-双出轴-Motor.STEP,True,False,0,False,False,False,False,,False,,-113.4161,-5.0233,66.6243,-0.258819 0.828404 0.496749 0 -0.514272 0.857627 0.965926 0.22197 0.133103,-0.258819 0.828404 0.496749 -113.416 0 -0.514272 0.857627 -5.02333 0.965926 0.22197 0.133103 66.6243 0 0 0 1,-5.91494 -0.8 -5 5.91494 4.4 5,11.83 x 5.20 x 10.00,-111.9250,-5.9490,67.0239,-113.4161,-66.6243,-5.0233,-0.258819 -0.496749 0.828404 -0.965926 0.133103 -0.22197 0 -0.857627 -0.514272,-111.9250,-67.0239,-5.9490,-118.093 -73.9799 -11.5743 -105.756 -60.0678 -0.323774
152,150,3,Robotic Hand_V5/GM12-N20-双出轴-Motor.STEP-5/M057-8Y01A.STEP-1/____.STEP-1,____.STEP-1,25,____.STEP,____.STEP.SLDPRT,GM12-N20-双出轴-Motor.STEP,purchased-internal,purchased-internal,GM12-N20-双出轴-Motor.STEP,True,False,0,False,False,False,False,,False,,-102.4812,-11.8117,69.5543,0.408366 0.828404 -0.383385 0.283268 -0.514272 -0.809496 -0.867754 0.22197 -0.444672,0.408366 0.828404 -0.383385 -102.481 0.283268 -0.514272 -0.809496 -11.8117 -0.867754 0.22197 -0.444672 69.5543 0 0 0 1,-4 -7.5 -4 4 1 3.86421,8.00 x 8.50 x 7.86,-105.1475,-10.0854,68.8631,-102.4812,-69.5543,-11.8117,0.408366 0.383385 0.828404 0.867754 -0.444672 -0.22197 0.283268 0.809496 -0.514272,-105.1475,-68.8631,-10.0854,-111.809 -75.026 -16.5871 -98.4858 -62.7002 -3.58363
153,150,3,Robotic Hand_V5/GM12-N20-双出轴-Motor.STEP-5/M057-8Y01A.STEP-1/______.STEP-1,______.STEP-1,26,______.STEP,______.STEP.SLDPRT,GM12-N20-双出轴-Motor.STEP,purchased-internal,purchased-internal,GM12-N20-双出轴-Motor.STEP,True,False,0,False,False,False,False,,False,,-109.2741,-7.5947,67.7342,0.124311 0.828404 0.546163 0.555198 -0.514272 0.653666 0.822376 0.22197 -0.523858,0.124311 0.828404 0.546163 -109.274 0.555198 -0.514272 0.653666 -7.59469 0.822376 0.22197 -0.523858 67.7342 0 0 0 1,-3.25 -2.5025 -3.25 3.25 0.661881 3.25,6.50 x 3.16 x 6.50,-110.0365,-7.1214,67.5299,-109.2741,-67.7342,-7.5947,0.124311 -0.546163 0.828404 -0.822376 -0.523858 -0.22197 0.555198 -0.653666 -0.514272,-110.0365,-67.5299,-7.1214,-113.526 -72.2563 -11.8639 -106.547 -62.8034 -2.37892
154,150,3,Robotic Hand_V5/GM12-N20-双出轴-Motor.STEP-5/M057-8Y01A.STEP-1/____-0.STEP-1,____-0.STEP-1,27,____-0.STEP,____-0.STEP.SLDPRT,GM12-N20-双出轴-Motor.STEP,purchased-internal,purchased-internal,GM12-N20-双出轴-Motor.STEP,True,False,0,False,False,False,False,,False,,-112.1651,-5.7999,66.9595,-0.258819 0.828404 0.496749 0 -0.514272 0.857627 0.965926 0.22197 0.133103,-0.258819 0.828404 0.496749 -112.165 0 -0.514272 0.857627 -5.79993 0.965926 0.22197 0.133103 66.9595 0 0 0 1,-3.21825 -0.010153 -3.66333 3.21825 2.01015 3.66333,6.44 x 2.02 x 7.33,-111.3367,-6.3142,67.1815,-112.1651,-66.9595,-5.7999,-0.258819 -0.496749 0.828404 -0.965926 0.133103 -0.22197 0 -0.857627 -0.514272,-111.3367,-67.1815,-6.3142,-114.826 -71.0019 -9.97546 -107.847 -63.3611 -2.65294
155,150,3,Robotic Hand_V5/GM12-N20-双出轴-Motor.STEP-5/M057-8Y01A.STEP-1/__________.STEP-1,__________.STEP-1,28,__________.STEP,__________.STEP.SLDPRT,GM12-N20-双出轴-Motor.STEP,purchased-internal,purchased-internal,GM12-N20-双出轴-Motor.STEP,True,False,0,False,False,False,False,,False,,-108.6942,-7.9547,67.8895,0.408366 0.828404 -0.383385 0.283268 -0.514272 -0.809496 -0.867754 0.22197 -0.444672,0.408366 0.828404 -0.383385 -108.694 0.283268 -0.514272 -0.809496 -7.95468 -0.867754 0.22197 -0.444672 67.8895 0 0 0 1,-0.99282 -2.8 -1.1 0.99282 0.2 0.7,1.99 x 3.00 x 1.80,-109.6945,-7.1242,67.6899,-108.6942,-67.8895,-7.9547,0.408366 0.383385 0.828404 0.867754 -0.444672 -0.22197 0.283268 0.809496 -0.514272,-109.6945,-67.6899,-7.1242,-111.688 -69.2846 -8.90542 -107.701 -66.0952 -5.34304
156,150,3,Robotic Hand_V5/GM12-N20-双出轴-Motor.STEP-5/M057-8Y01A.STEP-1/____-1.STEP-1,____-1.STEP-1,29,____-1.STEP,____-1.STEP.SLDPRT,GM12-N20-双出轴-Motor.STEP,purchased-internal,purchased-internal,GM12-N20-双出轴-Motor.STEP,True,False,0,False,False,False,False,,False,,-108.6942,-7.9547,67.8895,-0.260059 0.828404 0.496101 -0.002141 -0.514272 0.857624 0.96559 0.22197 0.135515,-0.260059 0.828404 0.496101 -108.694 -0.002141 -0.514272 0.857624 -7.95468 0.96559 0.22197 0.135515 67.8895 0 0 0 1,-5.77332 0 -4.80793 5.77332 8.5 4.80793,11.55 x 8.50 x 9.62,-105.1735,-10.1403,68.8329,-108.6942,-67.8895,-7.9547,-0.260059 -0.496101 0.828404 -0.96559 0.135515 -0.22197 -0.002141 -0.857624 -0.514272,-105.1735,-68.8329,-10.1403,-112.581 -76.0025 -16.4618 -97.7662 -61.6633 -3.81892
157,150,3,Robotic Hand_V5/GM12-N20-双出轴-Motor.STEP-5/M057-8Y01A.STEP-1/____-2.STEP-1,____-2.STEP-1,30,____-2.STEP,____-2.STEP.SLDPRT,GM12-N20-双出轴-Motor.STEP,purchased-internal,purchased-internal,GM12-N20-双出轴-Motor.STEP,True,False,0,False,False,False,False,,False,,-110.5842,-6.2833,64.1738,0.258819 -0.828404 0.496749 -0 0.514272 0.857627 -0.965926 -0.22197 0.133103,0.258819 -0.828404 0.496749 -110.584 -0 0.514272 0.857627 -6.2833 -0.965926 -0.22197 0.133103 64.1738 0 0 0 1,-0.2 -0 -1 0.2 4.25 1,0.40 x 4.25 x 2.00,-112.3445,-5.1905,63.7021,-110.5842,-64.1738,-6.2833,0.258819 -0.496749 -0.828404 0.965926 0.133103 0.22197 -0 -0.857627 0.514272,-112.3445,-63.7021,-5.1905,-114.653 -64.5001 -7.14092 -110.036 -62.9041 -3.24001
158,150,3,Robotic Hand_V5/GM12-N20-双出轴-Motor.STEP-5/M057-8Y01A.STEP-1/____-2.STEP-2,____-2.STEP-2,31,____-2.STEP,____-2.STEP.SLDPRT,GM12-N20-双出轴-Motor.STEP,purchased-internal,purchased-internal,GM12-N20-双出轴-Motor.STEP,True,False,0,False,False,False,False,,False,,-112.1889,-6.2833,70.1625,-0.258819 -0.828404 -0.496749 0 0.514272 -0.857627 0.965926 -0.22197 -0.133103,-0.258819 -0.828404 -0.496749 -112.189 0 0.514272 -0.857627 -6.28329 0.965926 -0.22197 -0.133103 70.1625 0 0 0 1,-0.2 -0 -1 0.2 4.25 1,0.40 x 4.25 x 2.00,-113.9492,-5.1905,69.6908,-112.1889,-70.1625,-6.2833,-0.258819 0.496749 -0.828404 -0.965926 -0.133103 0.22197 0 0.857627 0.514272,-113.9492,-69.6908,-5.1905,-116.258 -70.4888 -7.14092 -111.64 -68.8928 -3.24001
159,150,3,Robotic Hand_V5/GM12-N20-双出轴-Motor.STEP-5/M057-8Y01A.STEP-1/________.STEP-1,________.STEP-1,32,________.STEP,________.STEP.SLDPRT,GM12-N20-双出轴-Motor.STEP,purchased-internal,purchased-internal,GM12-N20-双出轴-Motor.STEP,True,False,0,False,False,False,False,,False,,-101.0699,-12.6928,69.9046,-0.258819 0.828404 0.496749 -0 -0.514272 0.857627 0.965926 0.22197 0.133104,-0.258819 0.828404 0.496749 -101.07 -0 -0.514272 0.857627 -12.6928 0.965926 0.22197 0.133104 69.9046 0 0 0 1,-6.21067 -13.5245 -5.01502 6.2652 0.9 5.03081,12.48 x 14.42 x 10.05,-106.3021,-9.4398,68.5309,-101.0699,-69.9046,-12.6928,-0.258819 -0.496749 0.828404 -0.965926 0.133104 -0.22197 -0 -0.857627 -0.514272,-106.3021,-68.5309,-9.4398,-116.386 -76.8257 -17.4566 -96.2178 -60.236 -1.4229
160,150,3,Robotic Hand_V5/GM12-N20-双出轴-Motor.STEP-5/M057-8Y01A.STEP-1/__.STEP-1,__.STEP-1,33,__.STEP,__.STEP.SLDPRT,GM12-N20-双出轴-Motor.STEP,purchased-internal,purchased-internal,GM12-N20-双出轴-Motor.STEP,True,False,0,False,False,False,False,,False,,-98.5048,-14.2802,70.6198,0.505161 -0.828404 0.24199 0.514737 0.514272 0.685981 -0.692718 -0.22197 0.6862,0.505161 -0.828404 0.24199 -98.5048 0.514737 0.514272 0.685981 -14.2802 -0.692718 -0.22197 0.6862 70.6198 0 0 0 1,-0.5 -3 -0.5 0.5 18.6 0.5,1.00 x 21.60 x 1.00,-104.9664,-10.2689,68.8884,-98.5048,-70.6198,-14.2802,0.505161 -0.24199 -0.828404 0.692718 0.6862 0.22197 0.514737 -0.685981 0.514272,-104.9664,-68.8884,-10.2689,-114.287 -71.9751 -16.4234 -95.6461 -65.8017 -4.1144
161,150,3,Robotic Hand_V5/GM12-N20-双出轴-Motor.STEP-5/M057-8Y01A.STEP-1/________-3.STEP-1,________-3.STEP-1,34,________-3.STEP,________-3.STEP.SLDPRT,GM12-N20-双出轴-Motor.STEP,purchased-internal,purchased-internal,GM12-N20-双出轴-Motor.STEP,True,False,0,False,False,False,False,,False,,-111.4445,-6.2473,67.1526,-0.55801 0.828404 -0.048706 -0.792159 -0.514272 0.328646 0.247204 0.22197 0.943196,-0.55801 0.828404 -0.048706 -111.445 -0.792159 -0.514272 0.328646 -6.2473 0.247204 0.22197 0.943196 67.1526 0 0 0 1,-0.9 -0.02 -0.9 0.9 0.12 0.9,1.80 x 0.14 x 1.80,-111.4031,-6.2730,67.1637,-111.4445,-67.1526,-6.2473,-0.55801 0.048706 0.828404 -0.247204 0.943196 -0.22197 -0.792159 -0.328646 -0.514272,-111.4031,-67.1637,-6.2730,-112.007 -68.2506 -7.31773 -110.799 -66.0768 -5.22829
162,149,2,Robotic Hand_V5/GM12-N20-双出轴-Motor.STEP-5/__________-4.STEP-1,__________-4.STEP-1,25,__________-4.STEP,__________-4.STEP.SLDPRT,GM12-N20-双出轴-Motor.STEP,purchased-internal,purchased-internal,GM12-N20-双出轴-Motor.STEP,True,False,0,False,False,True,True,,False,,-99.4989,-13.6631,70.3534,0.258819 0.828404 -0.496749 0 -0.514272 -0.857627 -0.965926 0.22197 -0.133104,0.258819 0.828404 -0.496749 -99.4989 0 -0.514272 -0.857627 -13.6631 -0.965926 0.22197 -0.133104 70.3534 0 0 0 1,-6 -1.4025 -5.5 6 16.6 5.5,12.00 x 18.00 x 11.00,-93.2041,-17.5709,72.0401,-99.4989,-70.3534,-13.6631,0.258819 0.496749 0.828404 0.965926 -0.133104 -0.22197 0 0.857627 -0.514272,-93.2041,-72.0401,-17.5709,-104.946 -80.5657 -26.917 -81.4624 -63.5145 -8.22489
163,149,2,Robotic Hand_V5/GM12-N20-双出轴-Motor.STEP-5/____________-5.STEP-1,____________-5.STEP-1,26,____________-5.STEP,____________-5.STEP.SLDPRT,GM12-N20-双出轴-Motor.STEP,purchased-internal,purchased-internal,GM12-N20-双出轴-Motor.STEP,True,False,0,False,False,False,False,,False,,-109.4947,-11.3327,71.6105,-0.005791 0.828404 0.560101 0.388398 -0.514272 0.764638 0.921473 0.22197 -0.318773,-0.005791 0.828404 0.560101 -109.495 0.388398 -0.514272 0.764638 -11.3327 0.921473 0.22197 -0.318773 71.6105 0 0 0 1,-1.25 6 -1.25 1.25 10 1.25,2.50 x 4.00 x 2.50,-102.8675,-15.4468,73.3863,-109.4947,-71.6105,-11.3327,-0.005791 -0.560101 0.828404 -0.921473 -0.318773 -0.22197 0.388398 -0.764638 -0.514272,-102.8675,-73.3863,-15.4468,-105.232 -75.3805 -17.9167 -100.503 -71.392 -12.977
164,149,2,Robotic Hand_V5/GM12-N20-双出轴-Motor.STEP-5/____________-5.STEP-2,____________-5.STEP-2,27,____________-5.STEP,____________-5.STEP.SLDPRT,GM12-N20-双出轴-Motor.STEP,purchased-internal,purchased-internal,GM12-N20-双出轴-Motor.STEP,True,False,0,False,False,False,False,,False,,-104.7458,-6.5309,65.0120,-0.451565 0.828404 0.331415 -0.378693 -0.514272 0.76949 0.807887 0.22197 0.545938,-0.451565 0.828404 0.331415 -104.746 -0.378693 -0.514272 0.76949 -6.53093 0.807887 0.22197 0.545938 65.012 0 0 0 1,-1.25 6 -1.25 1.25 10 1.25,2.50 x 4.00 x 2.50,-98.1185,-10.6451,66.7878,-104.7458,-65.0120,-6.5309,-0.451565 -0.331415 0.828404 -0.807887 0.545938 -0.22197 -0.378693 -0.76949 -0.514272,-98.1185,-66.7878,-10.6451,-100.754 -68.924 -13.1089 -95.483 -64.6516 -8.18133
165,149,2,Robotic Hand_V5/GM12-N20-双出轴-Motor.STEP-5/____________-5.STEP-3,____________-5.STEP-3,28,____________-5.STEP,____________-5.STEP.SLDPRT,GM12-N20-双出轴-Motor.STEP,purchased-internal,purchased-internal,GM12-N20-双出轴-Motor.STEP,True,False,0,False,False,False,False,,False,,-102.2312,-17.7970,69.6213,-0.863326 0.496749 0.088929 0.504003 0.857627 0.102259 -0.025471 0.133104 -0.990775,-0.863326 0.496749 0.088929 -102.231 0.504003 0.857627 0.102259 -17.797 -0.025471 0.133104 -0.990775 69.6213 0 0 0 1,-1.25 6 -1.25 1.25 10 1.25,2.50 x 4.00 x 2.50,-98.2572,-10.9359,70.6861,-102.2312,-69.6213,-17.7970,-0.863326 -0.088929 0.496749 0.025471 -0.990775 -0.133104 0.504003 -0.102259 0.857627,-98.2572,-70.6861,-10.9359,-100.441 -72.2226 -13.409 -96.0734 -69.1496 -8.46286
166,149,2,Robotic Hand_V5/GM12-N20-双出轴-Motor.STEP-5/____________-5.STEP-4,____________-5.STEP-4,29,____________-5.STEP,____________-5.STEP.SLDPRT,GM12-N20-双出轴-Motor.STEP,purchased-internal,purchased-internal,GM12-N20-双出轴-Motor.STEP,True,False,0,False,False,False,False,,False,,-97.2637,-9.2207,70.9523,-0.293533 -0.496749 0.816749 0.021694 -0.857627 -0.513815 0.955703 -0.133104 0.262518,-0.293533 -0.496749 0.816749 -97.2637 0.021694 -0.857627 -0.513815 -9.22069 0.955703 -0.133104 0.262518 70.9523 0 0 0 1,-1.25 6 -1.25 1.25 10 1.25,2.50 x 4.00 x 2.50,-101.2377,-16.0817,69.8875,-97.2637,-70.9523,-9.2207,-0.293533 -0.816749 -0.496749 -0.955703 0.262518 0.133104 0.021694 0.513815 -0.857627,-101.2377,-69.8875,-16.0817,-103.619 -71.6765 -18.4663 -98.8563 -68.0985 -13.6971
167,149,2,Robotic Hand_V5/GM12-N20-双出轴-Motor.STEP-5/Engrenagem reta28-D.STEP-1,Engrenagem reta28-D.STEP-1,30,Engrenagem reta28-D.STEP,Engrenagem reta28-D.STEP.SLDPRT,GM12-N20-双出轴-Motor.STEP,purchased-internal,purchased-internal,GM12-N20-双出轴-Motor.STEP,True,False,0,False,False,True,True,,False,,-88.4318,-19.1344,73.3188,-0.258819 -0.828404 -0.496749 -0 0.514272 -0.857627 0.965926 -0.22197 -0.133104,-0.258819 -0.828404 -0.496749 -88.4318 -0 0.514272 -0.857627 -19.1344 0.965926 -0.22197 -0.133104 73.3188 0 0 0 1,-2.78759 -2.78759 -13.8077 2.78759 2.78759 16.2077,5.58 x 5.58 x 30.02,-89.0279,-20.1635,73.1591,-88.4318,-73.3188,-19.1344,-0.258819 0.496749 -0.828404 -0.965926 -0.133104 0.22197 -0 0.857627 0.514272,-89.0279,-73.1591,-20.1635,-99.5137 -78.468 -34.4681 -78.5421 -67.8502 -5.85893
168,149,2,Robotic Hand_V5/GM12-N20-双出轴-Motor.STEP-5/Engrenagem reta22-11.STEP-1,Engrenagem reta22-11.STEP-1,31,Engrenagem reta22-11.STEP,Engrenagem reta22-11.STEP.SLDPRT,GM12-N20-双出轴-Motor.STEP,purchased-internal,purchased-internal,GM12-N20-双出轴-Motor.STEP,True,False,0,False,False,False,False,,False,,-92.8629,-19.8233,72.1315,0.156603 -0.853648 0.496749 0.062273 0.510488 0.857627 -0.985696 -0.103373 0.133104,0.156603 -0.853648 0.496749 -92.8629 0.062273 0.510488 0.857627 -19.8233 -0.985696 -0.103373 0.133104 72.1315 0 0 0 1,-1.79568 -1.8 -0.7 1.79568 1.8 3,3.59 x 3.60 x 3.70,-92.2916,-18.8370,72.2846,-92.8629,-72.1315,-19.8233,0.156603 -0.496749 -0.853648 0.985696 0.133104 0.103373 0.062273 -0.857627 0.510488,-92.2916,-72.2846,-18.8370,-95.0284 -74.4869 -21.4543 -89.5549 -70.0823 -16.2197
169,149,2,Robotic Hand_V5/GM12-N20-双出轴-Motor.STEP-5/WHEEL.STEP-1,WHEEL.STEP-1,32,WHEEL.STEP,WHEEL.STEP.SLDPRT,GM12-N20-双出轴-Motor.STEP,purchased-internal,purchased-internal,GM12-N20-双出轴-Motor.STEP,True,False,0,False,False,False,False,,False,,-104.2039,-30.4040,66.2457,-0.792507 0.496749 0.353797 0.510753 0.857627 -0.060062 -0.333262 0.133104 -0.933392,-0.792507 0.496749 0.353797 -104.204 0.510753 0.857627 -0.060062 -30.404 -0.333262 0.133104 -0.933392 66.2457 0 0 0 1,-1.93657 13.5334 -1.93656 1.93656 21.4334 1.93657,3.87 x 7.90 x 3.87,-95.5190,-15.4098,68.5728,-104.2039,-66.2457,-30.4040,-0.792507 -0.353797 0.496749 0.333262 -0.933392 -0.133104 0.510753 0.060062 0.857627,-95.5190,-68.5728,-15.4098,-99.7011 -71.5515 -19.9028 -91.337 -65.5941 -10.9167
170,149,2,Robotic Hand_V5/GM12-N20-双出轴-Motor.STEP-5/WORM.STEP-1,WORM.STEP-1,33,WORM.STEP,WORM.STEP.SLDPRT,GM12-N20-双出轴-Motor.STEP,purchased-internal,purchased-internal,GM12-N20-双出轴-Motor.STEP,True,False,0,False,False,False,False,,False,,-69.9236,-31.7383,78.1202,-0.260703 -0.828404 -0.495763 -0.003256 0.514272 -0.857621 0.965413 -0.22197 -0.13677,-0.260703 -0.828404 -0.495763 -69.9236 -0.003256 0.514272 -0.857621 -31.7383 0.965413 -0.22197 -0.13677 78.1202 0 0 0 1,-1.0847 30.4444 -0.996281 1.39137 35.02 1.44217,2.48 x 4.58 x 2.44,-97.1895,-15.0968,70.9722,-69.9236,-78.1202,-31.7383,-0.260703 0.495763 -0.828404 -0.965413 -0.13677 0.22197 -0.003256 0.857621 0.514272,-97.1895,-70.9722,-15.0968,-100.012 -72.842 -17.323 -94.3671 -69.1024 -12.8706
171,149,2,Robotic Hand_V5/GM12-N20-双出轴-Motor.STEP-5/Engrenagem reta22-11.STEP-2,Engrenagem reta22-11.STEP-2,34,Engrenagem reta22-11.STEP,Engrenagem reta22-11.STEP.SLDPRT,GM12-N20-双出轴-Motor.STEP,purchased-internal,purchased-internal,GM12-N20-双出轴-Motor.STEP,True,False,0,False,False,False,False,,False,,-94.8525,-19.9355,69.9700,0.147403 -0.855285 0.496749 0.067766 0.509788 0.857627 -0.986752 -0.092754 0.133104,0.147403 -0.855285 0.496749 -94.8525 0.067766 0.509788 0.857627 -19.9355 -0.986752 -0.092754 0.133104 69.97 0 0 0 1,-1.79568 -1.8 -0.7 1.79568 1.8 3,3.59 x 3.60 x 3.70,-94.2812,-18.9492,70.1231,-94.8525,-69.9700,-19.9355,0.147403 -0.496749 -0.855285 0.986752 0.133104 0.092754 0.067766 -0.857627 0.509788,-94.2812,-70.1231,-18.9492,-97.0044 -72.3082 -21.5751 -91.558 -67.938 -16.3233
172,,1,Robotic Hand_V5/GM12-N20-双出轴-Motor.STEP-6,GM12-N20-双出轴-Motor.STEP-6,1598,GM12-N20-双出轴-Motor.STEP,GM12-N20-双出轴-Motor.STEP.SLDASM,GM12-N20-双出轴-Motor.STEP,motor,motor-GM12,GM12-N20-双出轴-Motor.STEP,False,True,11,False,False,False,False,No,False,,-141.5944,-22.7075,7.4520,0.087156 -0.854363 0.512315 0 0.514272 0.857627 -0.996195 -0.074747 0.044822,0.087156 -0.854363 0.512315 -141.594 0 0.514272 0.857627 -22.7075 -0.996195 -0.074747 0.044822 7.45205 0 0 0 1,-18.2107 1 -15.0156 -5.7348 36.2 14.9998,12.48 x 35.20 x 30.02,-158.5331,-13.1488,17.9886,-141.5944,-7.4520,-22.7075,0.087156 -0.512315 -0.854363 0.996195 0.044822 0.074747 0 -0.857627 0.514272,-158.5331,-17.9886,-13.1488,-181.802 -26.191 -35.071 -135.264 -9.78615 8.77336
173,172,2,Robotic Hand_V5/GM12-N20-双出轴-Motor.STEP-6/M057-8Y01A.STEP-1,M057-8Y01A.STEP-1,24,M057-8Y01A.STEP,M057-8Y01A.STEP.SLDASM,GM12-N20-双出轴-Motor.STEP,purchased-internal,purchased-internal,GM12-N20-双出轴-Motor.STEP,True,True,11,False,False,False,False,,False,,-172.0321,-5.0233,16.8080,0.087156 0.854363 -0.512316 -0 -0.514272 -0.857627 -0.996195 0.074747 -0.044822,0.087156 0.854363 -0.512316 -172.032 -0 -0.514272 -0.857627 -5.02333 -0.996195 0.074747 -0.044822 16.808 0 0 0 1,-6.23755 -1.8 -5.02292 6.23831 21 5.09668,12.48 x 22.80 x 10.12,-163.8490,-9.9920,17.5235,-172.0321,-16.8080,-5.0233,0.087156 0.512316 0.854363 0.996195 -0.044822 -0.074747 -0 0.857627 -0.514272,-163.8490,-17.5235,-9.9920,-176.725 -24.8166 -20.1941 -150.973 -10.2304 0.210156
174,173,3,Robotic Hand_V5/GM12-N20-双出轴-Motor.STEP-6/M057-8Y01A.STEP-1/____________.STEP-1,____________.STEP-1,24,____________.STEP,____________.STEP.SLDPRT,GM12-N20-双出轴-Motor.STEP,purchased-internal,purchased-internal,GM12-N20-双出轴-Motor.STEP,True,False,0,False,False,False,False,,False,,-172.0321,-5.0233,16.8080,0.087156 0.854363 -0.512316 -0 -0.514272 -0.857627 -0.996195 0.074747 -0.044822,0.087156 0.854363 -0.512316 -172.032 -0 -0.514272 -0.857627 -5.02333 -0.996195 0.074747 -0.044822 16.808 0 0 0 1,-5.91494 -0.8 -5 5.91494 4.4 5,11.83 x 5.20 x 10.00,-170.4942,-5.9490,16.9425,-172.0321,-16.8080,-5.0233,0.087156 0.512316 0.854363 0.996195 -0.044822 -0.074747 -0 0.857627 -0.514272,-170.4942,-16.9425,-5.9490,-175.793 -23.2534 -11.5743 -165.196 -10.6316 -0.323774
175,173,3,Robotic Hand_V5/GM12-N20-双出轴-Motor.STEP-6/M057-8Y01A.STEP-1/____.STEP-1,____.STEP-1,25,____.STEP,____.STEP.SLDPRT,GM12-N20-双出轴-Motor.STEP,purchased-internal,purchased-internal,GM12-N20-双出轴-Motor.STEP,True,False,0,False,False,False,False,,False,,-160.7545,-11.8117,17.7946,-0.251478 0.854363 0.454777 -0.283268 -0.514272 0.809496 0.925483 0.074747 0.371342,-0.251478 0.854363 0.454777 -160.754 -0.283268 -0.514272 0.809496 -11.8117 0.925483 0.074747 0.371342 17.7946 0 0 0 1,-4 -7.5 -4 4 1 3.86421,8.00 x 8.50 x 7.86,-163.5620,-10.1953,17.5265,-160.7545,-17.7946,-11.8117,-0.251478 -0.454777 0.854363 -0.925483 0.371342 -0.074747 -0.283268 -0.809496 -0.514272,-163.5620,-17.5265,-10.1953,-169.987 -23.0062 -16.6971 -157.137 -12.0467 -3.69355
176,173,3,Robotic Hand_V5/GM12-N20-双出轴-Motor.STEP-6/M057-8Y01A.STEP-1/______.STEP-1,______.STEP-1,26,______.STEP,______.STEP.SLDPRT,GM12-N20-双出轴-Motor.STEP,purchased-internal,purchased-internal,GM12-N20-双出轴-Motor.STEP,True,False,0,False,False,False,False,,False,,-167.7602,-7.5947,17.1817,-0.265227 0.854363 -0.446898 -0.555198 -0.514272 -0.653666 -0.788296 0.074747 0.61074,-0.265227 0.854363 -0.446898 -167.76 -0.555198 -0.514272 -0.653666 -7.59469 -0.788296 0.074747 0.61074 17.1817 0 0 0 1,-3.25 -2.5025 -3.25 3.25 0.661881 3.25,6.50 x 3.16 x 6.50,-168.5465,-7.1214,17.1129,-167.7602,-17.1817,-7.5947,-0.265227 0.446898 0.854363 0.788296 0.61074 -0.074747 -0.555198 0.653666 -0.514272,-168.5465,-17.1129,-7.1214,-172.213 -21.778 -11.8639 -164.88 -12.4478 -2.37892
177,173,3,Robotic Hand_V5/GM12-N20-双出轴-Motor.STEP-6/M057-8Y01A.STEP-1/____-0.STEP-1,____-0.STEP-1,27,____-0.STEP,____-0.STEP.SLDPRT,GM12-N20-双出轴-Motor.STEP,purchased-internal,purchased-internal,GM12-N20-双出轴-Motor.STEP,True,False,0,False,False,False,False,,False,,-170.7419,-5.7999,16.9208,0.087156 0.854363 -0.512316 -0 -0.514272 -0.857627 -0.996195 0.074747 -0.044822,0.087156 0.854363 -0.512316 -170.742 -0 -0.514272 -0.857627 -5.79993 -0.996195 0.074747 -0.044822 16.9208 0 0 0 1,-3.21825 -0.010153 -3.66333 3.21825 2.01015 3.66333,6.44 x 2.02 x 7.33,-169.8875,-6.3142,16.9956,-170.7419,-16.9208,-5.7999,0.087156 0.512316 0.854363 0.996195 -0.044822 -0.074747 -0 0.857627 -0.514272,-169.8875,-16.9956,-6.3142,-172.908 -20.4413 -9.97546 -166.867 -13.5499 -2.65294
178,173,3,Robotic Hand_V5/GM12-N20-双出轴-Motor.STEP-6/M057-8Y01A.STEP-1/__________.STEP-1,__________.STEP-1,28,__________.STEP,__________.STEP.SLDPRT,GM12-N20-双出轴-Motor.STEP,purchased-internal,purchased-internal,GM12-N20-双出轴-Motor.STEP,True,False,0,False,False,False,False,,False,,-167.1622,-7.9547,17.2340,-0.251478 0.854363 0.454777 -0.283268 -0.514272 0.809496 0.925483 0.074747 0.371342,-0.251478 0.854363 0.454777 -167.162 -0.283268 -0.514272 0.809496 -7.95468 0.925483 0.074747 0.371342 17.234 0 0 0 1,-0.99282 -2.8 -1.1 0.99282 0.2 0.7,1.99 x 3.00 x 1.80,-168.3638,-7.4480,17.0626,-167.1622,-17.2340,-7.9547,-0.251478 -0.454777 0.854363 -0.925483 0.371342 -0.074747 -0.283268 -0.809496 -0.514272,-168.3638,-17.0626,-7.4480,-170.304 -18.4277 -9.22921 -166.423 -15.6974 -5.66684
179,173,3,Robotic Hand_V5/GM12-N20-双出轴-Motor.STEP-6/M057-8Y01A.STEP-1/____-1.STEP-1,____-1.STEP-1,29,____-1.STEP,____-1.STEP.SLDPRT,GM12-N20-双出轴-Motor.STEP,purchased-internal,purchased-internal,GM12-N20-双出轴-Motor.STEP,True,False,0,False,False,False,False,,False,,-167.1622,-7.9547,17.2340,0.088435 0.854363 -0.512096 0.002141 -0.514272 -0.857624 -0.99608 0.074747 -0.047309,0.088435 0.854363 -0.512096 -167.162 0.002141 -0.514272 -0.857624 -7.95468 -0.99608 0.074747 -0.047309 17.234 0 0 0 1,-5.77332 0 -4.80793 5.77332 8.5 4.80793,11.55 x 8.50 x 9.62,-163.5311,-10.1403,17.5517,-167.1622,-17.2340,-7.9547,0.088435 0.512096 0.854363 0.99608 -0.047309 -0.074747 0.002141 0.857624 -0.514272,-163.5311,-17.5517,-10.1403,-170.135 -23.8475 -16.4618 -156.927 -11.2559 -3.81892
180,173,3,Robotic Hand_V5/GM12-N20-双出轴-Motor.STEP-6/M057-8Y01A.STEP-1/____-2.STEP-1,____-2.STEP-1,30,____-2.STEP,____-2.STEP.SLDPRT,GM12-N20-双出轴-Motor.STEP,purchased-internal,purchased-internal,GM12-N20-双出轴-Motor.STEP,True,False,0,False,False,False,False,,False,,-170.2091,-6.2833,20.0793,-0.087156 -0.854363 -0.512316 0 0.514272 -0.857627 0.996195 -0.074747 -0.044822,-0.087156 -0.854363 -0.512316 -170.209 0 0.514272 -0.857627 -6.28329 0.996195 -0.074747 -0.044822 20.0793 0 0 0 1,-0.2 -0 -1 0.2 4.25 1,0.40 x 4.25 x 2.00,-172.0246,-5.1905,19.9204,-170.2091,-20.0793,-6.2833,-0.087156 0.512316 -0.854363 -0.996195 -0.044822 0.074747 0 0.857627 0.514272,-172.0246,-19.9204,-5.1905,-174.37 -20.3233 -7.14092 -169.679 -19.5175 -3.24001
181,173,3,Robotic Hand_V5/GM12-N20-双出轴-Motor.STEP-6/M057-8Y01A.STEP-1/____-2.STEP-2,____-2.STEP-2,31,____-2.STEP,____-2.STEP.SLDPRT,GM12-N20-双出轴-Motor.STEP,purchased-internal,purchased-internal,GM12-N20-双出轴-Motor.STEP,True,False,0,False,False,False,False,,False,,-169.6687,-6.2833,13.9029,0.087156 -0.854363 0.512316 -0 0.514272 0.857627 -0.996195 -0.074747 0.044822,0.087156 -0.854363 0.512316 -169.669 -0 0.514272 0.857627 -6.2833 -0.996195 -0.074747 0.044822 13.9029 0 0 0 1,-0.2 -0 -1 0.2 4.25 1,0.40 x 4.25 x 2.00,-171.4842,-5.1905,13.7440,-169.6687,-13.9029,-6.2833,0.087156 -0.512316 -0.854363 0.996195 0.044822 0.074747 -0 -0.857627 0.514272,-171.4842,-13.7440,-5.1905,-173.829 -14.1469 -7.14092 -169.139 -13.3411 -3.24001
182,173,3,Robotic Hand_V5/GM12-N20-双出轴-Motor.STEP-6/M057-8Y01A.STEP-1/________.STEP-1,________.STEP-1,32,________.STEP,________.STEP.SLDPRT,GM12-N20-双出轴-Motor.STEP,purchased-internal,purchased-internal,GM12-N20-双出轴-Motor.STEP,True,False,0,False,False,False,False,,False,,-159.3004,-12.6792,17.9488,0.087156 0.854363 -0.512316 0 -0.514272 -0.857627 -0.996195 0.074747 -0.044822,0.087156 0.854363 -0.512316 -159.3 0 -0.514272 -0.857627 -12.6792 -0.996195 0.074747 -0.044822 17.9488 0 0 0 1,-6.21067 -13.5245 -5.01502 6.2652 0.9 5.03081,12.48 x 14.42 x 10.05,-164.6950,-9.4398,17.4495,-159.3004,-17.9488,-12.6792,0.087156 0.512316 0.854363 0.996195 -0.044822 -0.074747 0 0.857627 -0.514272,-164.6950,-17.4495,-9.4398,-173.974 -24.4279 -17.4566 -155.416 -10.4711 -1.4229
183,173,3,Robotic Hand_V5/GM12-N20-双出轴-Motor.STEP-6/M057-8Y01A.STEP-1/__.STEP-1,__.STEP-1,33,__.STEP,__.STEP.SLDPRT,GM12-N20-双出轴-Motor.STEP,purchased-internal,purchased-internal,GM12-N20-双出轴-Motor.STEP,True,False,0,False,False,False,False,,False,,-156.6535,-14.2802,18.1534,-0.377198 -0.854363 -0.357471 -0.514737 0.514272 -0.685981 0.769914 -0.074747 -0.633754,-0.377198 -0.854363 -0.357471 -156.654 -0.514737 0.514272 -0.685981 -14.2802 0.769914 -0.074747 -0.633754 18.1534 0 0 0 1,-0.5 -3 -0.5 0.5 18.6 0.5,1.00 x 21.60 x 1.00,-163.3176,-10.2689,17.5704,-156.6535,-18.1534,-14.2802,-0.377198 0.357471 -0.854363 -0.769914 -0.633754 0.074747 -0.514737 0.685981 0.514272,-163.3176,-17.5704,-10.2689,-172.912 -19.0795 -16.4234 -153.723 -16.0613 -4.1144
184,173,3,Robotic Hand_V5/GM12-N20-双出轴-Motor.STEP-6/M057-8Y01A.STEP-1/________-3.STEP-1,________-3.STEP-1,34,________-3.STEP,________-3.STEP.SLDPRT,GM12-N20-双出轴-Motor.STEP,purchased-internal,purchased-internal,GM12-N20-双出轴-Motor.STEP,True,False,0,False,False,False,False,,False,,-169.9987,-6.2473,16.9858,0.506606 0.854363 -0.115819 0.792159 -0.514272 -0.328646 -0.340345 0.074747 -0.937325,0.506606 0.854363 -0.115819 -169.999 0.792159 -0.514272 -0.328646 -6.2473 -0.340345 0.074747 -0.937325 16.9858 0 0 0 1,-0.9 -0.02 -0.9 0.9 0.12 0.9,1.80 x 0.14 x 1.80,-169.9560,-6.2730,16.9896,-169.9987,-16.9858,-6.2473,0.506606 0.115819 0.854363 0.340345 -0.937325 -0.074747 0.792159 0.328646 -0.514272,-169.9560,-16.9896,-6.2730,-170.576 -18.1447 -7.31773 -169.336 -15.8345 -5.22829
185,172,2,Robotic Hand_V5/GM12-N20-双出轴-Motor.STEP-6/__________-4.STEP-1,__________-4.STEP-1,25,__________-4.STEP,__________-4.STEP.SLDPRT,GM12-N20-双出轴-Motor.STEP,purchased-internal,purchased-internal,GM12-N20-双出轴-Motor.STEP,True,False,0,False,False,True,True,,False,,-157.6788,-13.6631,18.0637,-0.087156 0.854363 0.512316 -0 -0.514272 0.857627 0.996195 0.074747 0.044822,-0.087156 0.854363 0.512316 -157.679 -0 -0.514272 0.857627 -13.6631 0.996195 0.074747 0.044822 18.0637 0 0 0 1,-6 -1.4025 -5.5 6 16.6 5.5,12.00 x 18.00 x 11.00,-151.1867,-17.5709,18.6317,-157.6788,-18.0637,-13.6631,-0.087156 -0.512316 0.854363 -0.996195 0.044822 -0.074747 -0 -0.857627 -0.514272,-151.1867,-18.6317,-17.5709,-162.218 -25.5282 -26.917 -140.156 -11.7352 -8.22489
186,172,2,Robotic Hand_V5/GM12-N20-双出轴-Motor.STEP-6/____________-5.STEP-1,____________-5.STEP-1,26,____________-5.STEP,____________-5.STEP.SLDPRT,GM12-N20-双出轴-Motor.STEP,purchased-internal,purchased-internal,GM12-N20-双出轴-Motor.STEP,True,False,0,False,False,False,False,,False,,-163.7734,-6.5309,13.7146,-0.154309 0.854363 -0.496238 -0.388398 -0.514272 -0.764638 -0.90848 0.074747 0.41119,-0.154309 0.854363 -0.496238 -163.773 -0.388398 -0.514272 -0.764638 -6.53093 -0.90848 0.074747 0.41119 13.7146 0 0 0 1,-1.25 6 -1.25 1.25 10 1.25,2.50 x 4.00 x 2.50,-156.9385,-10.6451,14.3126,-163.7734,-13.7146,-6.5309,-0.154309 0.496238 0.854363 0.90848 0.41119 -0.074747 -0.388398 0.764638 -0.514272,-156.9385,-14.3126,-10.6451,-159.46 -16.1117 -13.1149 -154.417 -12.5135 -8.17527
187,172,2,Robotic Hand_V5/GM12-N20-双出轴-Motor.STEP-6/____________-5.STEP-2,____________-5.STEP-2,27,____________-5.STEP,____________-5.STEP.SLDPRT,GM12-N20-双出轴-Motor.STEP,purchased-internal,purchased-internal,GM12-N20-双出轴-Motor.STEP,True,False,0,False,False,False,False,,False,,-167.3044,-11.3327,21.0375,0.304416 0.854363 -0.421182 0.378693 -0.514272 -0.76949 -0.874027 0.074747 -0.480094,0.304416 0.854363 -0.421182 -167.304 0.378693 -0.514272 -0.76949 -11.3327 -0.874027 0.074747 -0.480094 21.0375 0 0 0 1,-1.25 6 -1.25 1.25 10 1.25,2.50 x 4.00 x 2.50,-160.4695,-15.4468,21.6354,-167.3044,-21.0375,-11.3327,0.304416 0.421182 0.854363 0.874027 -0.480094 -0.074747 0.378693 0.76949 -0.514272,-160.4695,-21.6354,-15.4468,-163.085 -23.4776 -17.9106 -157.854 -19.7933 -12.9831
188,172,2,Robotic Hand_V5/GM12-N20-双出轴-Motor.STEP-6/____________-5.STEP-3,____________-5.STEP-3,28,____________-5.STEP,____________-5.STEP.SLDPRT,GM12-N20-双出轴-Motor.STEP,purchased-internal,purchased-internal,GM12-N20-双出轴-Motor.STEP,True,False,0,False,False,False,False,,False,,-155.3735,-9.2207,18.2654,-0.819973 -0.512316 -0.255299 0.504003 -0.857627 0.102259 -0.27134 -0.044822 0.961439,-0.819973 -0.512316 -0.255299 -155.373 0.504003 -0.857627 0.102259 -9.22069 -0.27134 -0.044822 0.961439 18.2654 0 0 0 1,-1.25 6 -1.25 1.25 10 1.25,2.50 x 4.00 x 2.50,-159.4720,-16.0817,17.9068,-155.3735,-18.2654,-9.2207,-0.819973 0.255299 -0.512316 0.27134 0.961439 0.044822 0.504003 -0.102259 -0.857627,-159.4720,-17.9068,-16.0817,-161.841 -19.5374 -18.5548 -157.103 -16.2762 -13.6086
189,172,2,Robotic Hand_V5/GM12-N20-双出轴-Motor.STEP-6/____________-5.STEP-4,____________-5.STEP-4,29,____________-5.STEP,____________-5.STEP.SLDPRT,GM12-N20-双出轴-Motor.STEP,purchased-internal,purchased-internal,GM12-N20-双出轴-Motor.STEP,True,False,0,False,False,False,False,,False,,-160.4966,-17.7970,17.8172,0.051038 0.512316 0.857279 0.021694 0.857627 -0.513815 -0.998461 0.044822 0.032658,0.051038 0.512316 0.857279 -160.497 0.021694 0.857627 -0.513815 -17.797 -0.998461 0.044822 0.032658 17.8172 0 0 0 1,-1.25 6 -1.25 1.25 10 1.25,2.50 x 4.00 x 2.50,-156.3981,-10.9359,18.1757,-160.4966,-17.8172,-17.7970,0.051038 -0.857279 0.512316 0.998461 0.032658 -0.044822 0.021694 0.513815 0.857627,-156.3981,-18.1757,-10.9359,-158.558 -19.5543 -13.3206 -154.238 -16.7972 -8.5513
190,172,2,Robotic Hand_V5/GM12-N20-双出轴-Motor.STEP-6/Engrenagem reta28-D.STEP-1,Engrenagem reta28-D.STEP-1,30,Engrenagem reta28-D.STEP,Engrenagem reta28-D.STEP.SLDPRT,GM12-N20-双出轴-Motor.STEP,purchased-internal,purchased-internal,GM12-N20-双出轴-Motor.STEP,True,False,0,False,False,True,True,,False,,-147.4944,-21.1927,18.9547,0.087156 -0.854363 0.512316 0 0.514272 0.857627 -0.996195 -0.074747 0.044822,0.087156 -0.854363 0.512316 -147.494 0 0.514272 0.857627 -21.1927 -0.996195 -0.074747 0.044822 18.9547 0 0 0 1,-2.78759 -2.78759 -13.8077 2.78759 2.78759 16.2077,5.58 x 5.58 x 30.02,-146.8796,-20.1635,19.0085,-147.4944,-18.9547,-21.1927,0.087156 -0.512316 -0.854363 0.996195 0.044822 0.074747 0 -0.857627 0.514272,-146.8796,-19.0085,-20.1635,-157.193 -22.6665 -34.4681 -136.566 -15.3505 -5.85893
191,172,2,Robotic Hand_V5/GM12-N20-双出轴-Motor.STEP-6/Engrenagem reta22-11.STEP-1,Engrenagem reta22-11.STEP-1,31,Engrenagem reta22-11.STEP,Engrenagem reta22-11.STEP.SLDPRT,GM12-N20-双出轴-Motor.STEP,purchased-internal,purchased-internal,GM12-N20-双出轴-Motor.STEP,True,False,0,False,False,False,False,,False,,-149.0417,-16.8216,18.8193,-0.189969 -0.837523 -0.512316 0.062273 0.510488 -0.857627 0.979813 -0.194826 -0.044822,-0.189969 -0.837523 -0.512316 -149.042 0.062273 0.510488 -0.857627 -16.8216 0.979813 -0.194826 -0.044822 18.8193 0 0 0 1,-1.79568 -1.8 -0.7 1.79568 1.8 3,3.59 x 3.60 x 3.70,-149.6308,-17.8078,18.7678,-149.0417,-18.8193,-16.8216,-0.189969 0.512316 -0.837523 -0.979813 -0.044822 0.194826 0.062273 0.857627 0.510488,-149.6308,-18.7678,-17.8078,-152.427 -20.9608 -20.4251 -146.834 -16.5748 -15.1905
192,172,2,Robotic Hand_V5/GM12-N20-双出轴-Motor.STEP-6/WHEEL.STEP-1,WHEEL.STEP-1,32,WHEEL.STEP,WHEEL.STEP.SLDPRT,GM12-N20-双出轴-Motor.STEP,purchased-internal,purchased-internal,GM12-N20-双出轴-Motor.STEP,True,False,0,False,False,False,False,,False,,-145.8389,-0.8307,21.8601,-0.858696 -0.512316 0.013222 0.510753 -0.857627 -0.060062 0.04211 -0.044822 0.998107,-0.858696 -0.512316 0.013222 -145.839 0.510753 -0.857627 -0.060062 -0.830683 0.04211 -0.044822 0.998107 21.8601 0 0 0 1,-1.93657 13.5334 -1.93656 1.93656 21.4334 1.93657,3.87 x 7.90 x 3.87,-154.7958,-15.8249,21.0764,-145.8389,-21.8601,-0.8307,-0.858696 -0.013222 -0.512316 -0.04211 0.998107 0.044822 0.510753 0.060062 -0.857627,-154.7958,-21.0764,-15.8249,-158.508 -23.2679 -20.3179 -151.084 -18.8849 -11.3318
193,172,2,Robotic Hand_V5/GM12-N20-双出轴-Motor.STEP-6/WORM.STEP-1,WORM.STEP-1,33,WORM.STEP,WORM.STEP.SLDPRT,GM12-N20-双出轴-Motor.STEP,purchased-internal,purchased-internal,GM12-N20-双出轴-Motor.STEP,True,False,0,False,False,False,False,,False,,-127.4596,-32.1217,20.8606,0.0891 -0.854363 0.511981 0.003256 0.514272 0.857621 -0.996017 -0.074747 0.048604,0.0891 -0.854363 0.511981 -127.46 0.003256 0.514272 0.857621 -32.1217 -0.996017 -0.074747 0.048604 20.8606 0 0 0 1,-1.0847 30.4444 -0.996281 1.39137 35.02 1.44217,2.48 x 4.58 x 2.44,-155.2970,-15.0968,18.2721,-127.4596,-20.8606,-32.1217,0.0891 -0.511981 -0.854363 0.996017 0.048604 0.074747 0.003256 -0.857621 0.514272,-155.2970,-18.2721,-15.0968,-157.986 -19.7354 -17.323 -152.608 -16.8087 -12.8706
194,172,2,Robotic Hand_V5/GM12-N20-双出轴-Motor.STEP-6/Engrenagem reta22-11.STEP-2,Engrenagem reta22-11.STEP-2,34,Engrenagem reta22-11.STEP,Engrenagem reta22-11.STEP.SLDPRT,GM12-N20-双出轴-Motor.STEP,purchased-internal,purchased-internal,GM12-N20-双出轴-Motor.STEP,True,False,0,False,False,False,False,,False,,-150.2445,-14.5800,20.2930,-0.198976 -0.835429 -0.512316 0.067766 0.509788 -0.857627 0.977659 -0.205365 -0.044822,-0.198976 -0.835429 -0.512316 -150.244 0.067766 0.509788 -0.857627 -14.58 0.977659 -0.205365 -0.044822 20.293 0 0 0 1,-1.79568 -1.8 -0.7 1.79568 1.8 3,3.59 x 3.60 x 3.70,-150.8336,-15.5663,20.2415,-150.2445,-20.2930,-14.5800,-0.198976 0.512316 -0.835429 -0.977659 -0.044822 0.205365 0.067766 0.857627 0.509788,-150.8336,-20.2415,-15.5663,-153.643 -22.4496 -18.1922 -148.025 -18.0333 -12.9404
195,,1,Robotic Hand_V5/GM12-N20-双出轴-Motor.STEP-8,GM12-N20-双出轴-Motor.STEP-8,1603,GM12-N20-双出轴-Motor.STEP,GM12-N20-双出轴-Motor.STEP.SLDASM,GM12-N20-双出轴-Motor.STEP,motor,motor-GM12,GM12-N20-双出轴-Motor.STEP,False,True,11,False,False,False,False,No,False,,-147.0933,-22.7211,50.1610,-0.173648 -0.844598 -0.506459 -0 0.514272 -0.857627 0.984808 -0.148925 -0.089303,-0.173648 -0.844598 -0.506459 -147.093 -0 0.514272 -0.857627 -22.7211 0.984808 -0.148925 -0.089303 50.161 0 0 0 1,-18.2107 1 -15.0156 -5.7348 36.2 14.9998,12.48 x 35.20 x 30.02,-160.7198,-13.1488,35.6009,-147.0933,-50.1610,-22.7211,-0.173648 0.506459 -0.844598 -0.984808 -0.089303 0.148925 -0 0.857627 0.514272,-160.7198,-35.6009,-13.1488,-184.269 -45.7053 -35.071 -137.171 -25.4964 8.77336
196,195,2,Robotic Hand_V5/GM12-N20-双出轴-Motor.STEP-8/M057-8Y01A.STEP-1,M057-8Y01A.STEP-1,24,M057-8Y01A.STEP,M057-8Y01A.STEP.SLDASM,GM12-N20-双出轴-Motor.STEP,purchased-internal,purchased-internal,GM12-N20-双出轴-Motor.STEP,True,True,11,False,False,False,False,,False,,-174.0644,-5.0233,33.2475,-0.173648 0.844598 0.50646 0 -0.514272 0.857627 0.984808 0.148925 0.089302,-0.173648 0.844598 0.50646 -174.064 0 -0.514272 0.857627 -5.02333 0.984808 0.148925 0.089302 33.2475 0 0 0 1,-6.23755 -1.8 -5.02292 6.23831 21 5.09668,12.48 x 22.80 x 10.12,-165.9376,-9.9287,34.6808,-174.0644,-33.2475,-5.0233,-0.173648 -0.50646 0.844598 -0.984808 0.089302 -0.148925 0 -0.857627 -0.514272,-165.9376,-34.6808,-9.9287,-179.212 -42.9736 -20.1308 -152.663 -26.3881 0.273418
197,196,3,Robotic Hand_V5/GM12-N20-双出轴-Motor.STEP-8/M057-8Y01A.STEP-1/____________.STEP-1,____________.STEP-1,24,____________.STEP,____________.STEP.SLDPRT,GM12-N20-双出轴-Motor.STEP,purchased-internal,purchased-internal,GM12-N20-双出轴-Motor.STEP,True,False,0,False,False,False,False,,False,,-174.0644,-5.0233,33.2475,-0.173648 0.844598 0.50646 0 -0.514272 0.857627 0.984808 0.148925 0.089302,-0.173648 0.844598 0.50646 -174.064 0 -0.514272 0.857627 -5.02333 0.984808 0.148925 0.089302 33.2475 0 0 0 1,-5.91494 -0.8 -5 5.91494 4.4 5,11.83 x 5.20 x 10.00,-172.5441,-5.9490,33.5155,-174.0644,-33.2475,-5.0233,-0.173648 -0.50646 0.844598 -0.984808 0.089302 -0.148925 0 -0.857627 -0.514272,-172.5441,-33.5155,-5.9490,-178.299 -40.1743 -11.5743 -166.789 -26.8567 -0.323774
198,196,3,Robotic Hand_V5/GM12-N20-双出轴-Motor.STEP-8/M057-8Y01A.STEP-1/____.STEP-1,____.STEP-1,25,____.STEP,____.STEP.SLDPRT,GM12-N20-双出轴-Motor.STEP,purchased-internal,purchased-internal,GM12-N20-双出轴-Motor.STEP,True,False,0,False,False,False,False,,False,,-162.9157,-11.8117,35.2133,0.331183 0.844598 -0.420682 0.283268 -0.514272 -0.809496 -0.900043 0.148925 -0.409565,0.331183 0.844598 -0.420682 -162.916 0.283268 -0.514272 -0.809496 -11.8117 -0.900043 0.148925 -0.409565 35.2133 0 0 0 1,-4 -7.5 -4 4 1 3.86421,8.00 x 8.50 x 7.86,-165.6321,-10.0854,34.7571,-162.9157,-35.2133,-11.8117,0.331183 0.420682 0.844598 0.900043 -0.409565 -0.148925 0.283268 0.809496 -0.514272,-165.6321,-34.7571,-10.0854,-172.201 -40.6006 -16.5871 -159.064 -28.9135 -3.58363
199,196,3,Robotic Hand_V5/GM12-N20-双出轴-Motor.STEP-8/M057-8Y01A.STEP-1/______.STEP-1,______.STEP-1,26,______.STEP,______.STEP.SLDPRT,GM12-N20-双出轴-Motor.STEP,purchased-internal,purchased-internal,GM12-N20-双出轴-Motor.STEP,True,False,0,False,False,False,False,,False,,-169.8414,-7.5947,33.9921,0.195513 0.844598 0.498427 0.555198 -0.514272 0.653666 0.808412 0.148925 -0.569466,0.195513 0.844598 0.498427 -169.841 0.555198 -0.514272 0.653666 -7.59469 0.808412 0.148925 -0.569466 33.9921 0 0 0 1,-3.25 -2.5025 -3.25 3.25 0.661881 3.25,6.50 x 3.16 x 6.50,-170.6187,-7.1214,33.8550,-169.8414,-33.9921,-7.5947,0.195513 -0.498427 0.844598 -0.808412 -0.569466 -0.148925 0.555198 -0.653666 -0.514272,-170.6187,-33.8550,-7.1214,-174.21 -38.5688 -11.8639 -167.027 -29.1413 -2.37892
200,196,3,Robotic Hand_V5/GM12-N20-双出轴-Motor.STEP-8/M057-8Y01A.STEP-1/____-0.STEP-1,____-0.STEP-1,27,____-0.STEP,____-0.STEP.SLDPRT,GM12-N20-双出轴-Motor.STEP,purchased-internal,purchased-internal,GM12-N20-双出轴-Motor.STEP,True,False,0,False,False,False,False,,False,,-172.7890,-5.7999,33.4724,-0.173648 0.844598 0.50646 0 -0.514272 0.857627 0.984808 0.148925 0.089302,-0.173648 0.844598 0.50646 -172.789 0 -0.514272 0.857627 -5.79993 0.984808 0.148925 0.089302 33.4724 0 0 0 1,-3.21825 -0.010153 -3.66333 3.21825 2.01015 3.66333,6.44 x 2.02 x 7.33,-171.9444,-6.3142,33.6213,-172.7890,-33.4724,-5.7999,-0.173648 -0.50646 0.844598 -0.984808 0.089302 -0.148925 0 -0.857627 -0.514272,-171.9444,-33.6213,-6.3142,-175.212 -37.2682 -9.97546 -168.677 -29.9744 -2.65294
201,196,3,Robotic Hand_V5/GM12-N20-双出轴-Motor.STEP-8/M057-8Y01A.STEP-1/__________.STEP-1,__________.STEP-1,28,__________.STEP,__________.STEP.SLDPRT,GM12-N20-双出轴-Motor.STEP,purchased-internal,purchased-internal,GM12-N20-双出轴-Motor.STEP,True,False,0,False,False,False,False,,False,,-169.2502,-7.9547,34.0963,0.331183 0.844598 -0.420682 0.283268 -0.514272 -0.809496 -0.900043 0.148925 -0.409565,0.331183 0.844598 -0.420682 -169.25 0.283268 -0.514272 -0.809496 -7.95468 -0.900043 0.148925 -0.409565 34.0963 0 0 0 1,-0.99282 -2.8 -1.1 0.99282 0.2 0.7,1.99 x 3.00 x 1.80,-170.2640,-7.1242,33.9847,-169.2502,-34.0963,-7.9547,0.331183 0.420682 0.844598 0.900043 -0.409565 -0.148925 0.283268 0.809496 -0.514272,-170.2640,-33.9847,-7.1242,-172.238 -35.4702 -8.90542 -168.29 -32.4991 -5.34304
202,196,3,Robotic Hand_V5/GM12-N20-双出轴-Motor.STEP-8/M057-8Y01A.STEP-1/____-1.STEP-1,____-1.STEP-1,29,____-1.STEP,____-1.STEP.SLDPRT,GM12-N20-双出轴-Motor.STEP,purchased-internal,purchased-internal,GM12-N20-双出轴-Motor.STEP,True,False,0,False,False,False,False,,False,,-169.2502,-7.9547,34.0963,-0.174912 0.844598 0.506024 -0.002141 -0.514272 0.857624 0.984582 0.148925 0.091761,-0.174912 0.844598 0.506024 -169.25 -0.002141 -0.514272 0.857624 -7.95468 0.984582 0.148925 0.091761 34.0963 0 0 0 1,-5.77332 0 -4.80793 5.77332 8.5 4.80793,11.55 x 8.50 x 9.62,-165.6606,-10.1403,34.7293,-169.2502,-34.0963,-7.9547,-0.174912 -0.506024 0.844598 -0.984582 0.091761 -0.148925 -0.002141 -0.857624 -0.514272,-165.6606,-34.7293,-10.1403,-172.693 -41.4877 -16.4618 -158.628 -27.9709 -3.81892
203,196,3,Robotic Hand_V5/GM12-N20-双出轴-Motor.STEP-8/M057-8Y01A.STEP-1/____-2.STEP-1,____-2.STEP-1,30,____-2.STEP,____-2.STEP.SLDPRT,GM12-N20-双出轴-Motor.STEP,purchased-internal,purchased-internal,GM12-N20-双出轴-Motor.STEP,True,False,0,False,False,False,False,,False,,-171.4568,-6.2833,30.5594,0.173648 -0.844598 0.50646 -0 0.514272 0.857627 -0.984808 -0.148925 0.089302,0.173648 -0.844598 0.50646 -171.457 -0 0.514272 0.857627 -6.2833 -0.984808 -0.148925 0.089302 30.5594 0 0 0 1,-0.2 -0 -1 0.2 4.25 1,0.40 x 4.25 x 2.00,-173.2516,-5.1905,30.2430,-171.4568,-30.5594,-6.2833,0.173648 -0.50646 -0.844598 0.984808 0.089302 0.148925 -0 -0.857627 0.514272,-173.2516,-30.2430,-5.1905,-175.588 -30.8457 -7.14092 -170.916 -29.6402 -3.24001
204,196,3,Robotic Hand_V5/GM12-N20-双出轴-Motor.STEP-8/M057-8Y01A.STEP-1/____-2.STEP-2,____-2.STEP-2,31,____-2.STEP,____-2.STEP.SLDPRT,GM12-N20-双出轴-Motor.STEP,purchased-internal,purchased-internal,GM12-N20-双出轴-Motor.STEP,True,False,0,False,False,False,False,,False,,-172.5334,-6.2833,36.6652,-0.173648 -0.844598 -0.50646 0 0.514272 -0.857627 0.984808 -0.148925 -0.089302,-0.173648 -0.844598 -0.50646 -172.533 0 0.514272 -0.857627 -6.28329 0.984808 -0.148925 -0.089302 36.6652 0 0 0 1,-0.2 -0 -1 0.2 4.25 1,0.40 x 4.25 x 2.00,-174.3282,-5.1905,36.3488,-172.5334,-36.6652,-6.2833,-0.173648 0.50646 -0.844598 -0.984808 -0.089302 0.148925 0 0.857627 0.514272,-174.3282,-36.3488,-5.1905,-176.664 -36.9515 -7.14092 -171.992 -35.746 -3.24001
205,196,3,Robotic Hand_V5/GM12-N20-双出轴-Motor.STEP-8/M057-8Y01A.STEP-1/________.STEP-1,________.STEP-1,32,________.STEP,________.STEP.SLDPRT,GM12-N20-双出轴-Motor.STEP,purchased-internal,purchased-internal,GM12-N20-双出轴-Motor.STEP,True,False,0,False,False,False,False,,False,,-161.4792,-12.6928,35.4393,-0.173648 0.844598 0.50646 -0 -0.514272 0.857627 0.984808 0.148925 0.089302,-0.173648 0.844598 0.50646 -161.479 -0 -0.514272 0.857627 -12.6928 0.984808 0.148925 0.089302 35.4393 0 0 0 1,-6.21067 -13.5245 -5.01502 6.2652 0.9 5.03081,12.48 x 14.42 x 10.05,-166.8113,-9.4398,34.5268,-161.4792,-35.4393,-12.6928,-0.173648 -0.50646 0.844598 -0.984808 0.089302 -0.148925 -0 -0.857627 -0.514272,-166.8113,-34.5268,-9.4398,-176.53 -42.1926 -17.4566 -157.093 -26.861 -1.4229
206,196,3,Robotic Hand_V5/GM12-N20-双出轴-Motor.STEP-8/M057-8Y01A.STEP-1/__.STEP-1,__.STEP-1,33,__.STEP,__.STEP.SLDPRT,GM12-N20-双出轴-Motor.STEP,purchased-internal,purchased-internal,GM12-N20-双出轴-Motor.STEP,True,False,0,False,False,False,False,,False,,-158.8616,-14.2802,35.9281,0.442865 -0.844598 0.300875 0.514737 0.514272 0.685981 -0.73411 -0.148925 0.662498,0.442865 -0.844598 0.300875 -158.862 0.514737 0.514272 0.685981 -14.2802 -0.73411 -0.148925 0.662498 35.9281 0 0 0 1,-0.5 -3 -0.5 0.5 18.6 0.5,1.00 x 21.60 x 1.00,-165.4495,-10.2689,34.7665,-158.8616,-35.9281,-14.2802,0.442865 -0.300875 -0.844598 0.73411 0.662498 0.148925 0.514737 -0.685981 0.514272,-165.4495,-34.7665,-10.2689,-174.943 -37.0732 -16.4234 -155.956 -32.4598 -4.1144
207,196,3,Robotic Hand_V5/GM12-N20-双出轴-Motor.STEP-8/M057-8Y01A.STEP-1/________-3.STEP-1,________-3.STEP-1,34,________-3.STEP,________-3.STEP.SLDPRT,GM12-N20-双出轴-Motor.STEP,purchased-internal,purchased-internal,GM12-N20-双出轴-Motor.STEP,True,False,0,False,False,False,False,,False,,-172.0542,-6.2473,33.6019,-0.534341 0.844598 0.033685 -0.792159 -0.514272 0.328646 0.294897 0.148925 0.943852,-0.534341 0.844598 0.033685 -172.054 -0.792159 -0.514272 0.328646 -6.2473 0.294897 0.148925 0.943852 33.6019 0 0 0 1,-0.9 -0.02 -0.9 0.9 0.12 0.9,1.80 x 0.14 x 1.80,-172.0120,-6.2730,33.6094,-172.0542,-33.6019,-6.2473,-0.534341 -0.033685 0.844598 -0.294897 0.943852 -0.148925 -0.792159 -0.328646 -0.514272,-172.0120,-33.6094,-6.2730,-172.582 -34.7347 -7.31773 -171.442 -32.4841 -5.22829
208,195,2,Robotic Hand_V5/GM12-N20-双出轴-Motor.STEP-8/__________-4.STEP-1,__________-4.STEP-1,25,__________-4.STEP,__________-4.STEP.SLDPRT,GM12-N20-双出轴-Motor.STEP,purchased-internal,purchased-internal,GM12-N20-双出轴-Motor.STEP,True,False,0,False,False,True,True,,False,,-159.8751,-13.6631,35.7494,0.173648 0.844598 -0.50646 0 -0.514272 -0.857627 -0.984808 0.148925 -0.089302,0.173648 0.844598 -0.50646 -159.875 0 -0.514272 -0.857627 -13.6631 -0.984808 0.148925 -0.089302 35.7494 0 0 0 1,-6 -1.4025 -5.5 6 16.6 5.5,12.00 x 18.00 x 11.00,-153.4573,-17.5709,36.8811,-159.8751,-35.7494,-13.6631,0.173648 0.50646 0.844598 0.984808 -0.089302 -0.148925 0 0.857627 -0.514272,-153.4573,-36.8811,-17.5709,-164.887 -44.6216 -26.917 -142.027 -29.1405 -8.22489
209,195,2,Robotic Hand_V5/GM12-N20-双出轴-Motor.STEP-8/____________-5.STEP-1,____________-5.STEP-1,26,____________-5.STEP,____________-5.STEP.SLDPRT,GM12-N20-双出轴-Motor.STEP,purchased-internal,purchased-internal,GM12-N20-双出轴-Motor.STEP,True,False,0,False,False,False,False,,False,,-169.7233,-11.3327,37.8729,0.074543 0.844598 0.530187 0.388398 -0.514272 0.764638 0.918472 0.148925 -0.366376,0.074543 0.844598 0.530187 -169.723 0.388398 -0.514272 0.764638 -11.3327 0.918472 0.148925 -0.366376 37.8729 0 0 0 1,-1.25 6 -1.25 1.25 10 1.25,2.50 x 4.00 x 2.50,-162.9666,-15.4468,39.0643,-169.7233,-37.8729,-11.3327,0.074543 -0.530187 0.844598 -0.918472 -0.366376 -0.148925 0.388398 -0.764638 -0.514272,-162.9666,-39.0643,-15.4468,-165.412 -40.9682 -17.9167 -160.521 -37.1604 -12.977
210,195,2,Robotic Hand_V5/GM12-N20-双出轴-Motor.STEP-8/____________-5.STEP-2,____________-5.STEP-2,27,____________-5.STEP,____________-5.STEP.SLDPRT,GM12-N20-双出轴-Motor.STEP,purchased-internal,purchased-internal,GM12-N20-双出轴-Motor.STEP,True,False,0,False,False,False,False,,False,,-165.5675,-6.5309,30.8857,-0.379434 0.844598 0.377736 -0.378693 -0.514272 0.76949 0.844169 0.148925 0.514976,-0.379434 0.844598 0.377736 -165.568 -0.378693 -0.514272 0.76949 -6.53093 0.844169 0.148925 0.514976 30.8857 0 0 0 1,-1.25 6 -1.25 1.25 10 1.25,2.50 x 4.00 x 2.50,-158.8108,-10.6451,32.0771,-165.5675,-30.8857,-6.5309,-0.379434 -0.377736 0.844598 -0.844169 0.514976 -0.148925 -0.378693 -0.76949 -0.514272,-158.8108,-32.0771,-10.6451,-161.446 -34.0739 -13.1089 -156.175 -30.0803 -8.18133
211,195,2,Robotic Hand_V5/GM12-N20-双出轴-Motor.STEP-8/____________-5.STEP-3,____________-5.STEP-3,28,____________-5.STEP,____________-5.STEP.SLDPRT,GM12-N20-双出轴-Motor.STEP,purchased-internal,purchased-internal,GM12-N20-双出轴-Motor.STEP,True,False,0,False,False,False,False,,False,,-162.6608,-17.7970,35.2582,-0.862261 0.50646 0.002239 0.504003 0.857627 0.102259 0.04987 0.089302 -0.994755,-0.862261 0.50646 0.002239 -162.661 0.504003 0.857627 0.102259 -17.797 0.04987 0.089302 -0.994755 35.2582 0 0 0 1,-1.25 6 -1.25 1.25 10 1.25,2.50 x 4.00 x 2.50,-158.6091,-10.9359,35.9726,-162.6608,-35.2582,-17.7970,-0.862261 -0.002239 0.50646 -0.04987 -0.994755 -0.089302 0.504003 -0.102259 0.857627,-158.6091,-35.9726,-10.9359,-160.703 -37.457 -13.409 -156.516 -34.4883 -8.46286
212,195,2,Robotic Hand_V5/GM12-N20-双出轴-Motor.STEP-8/____________-5.STEP-4,____________-5.STEP-4,29,____________-5.STEP,____________-5.STEP.SLDPRT,GM12-N20-双出轴-Motor.STEP,purchased-internal,purchased-internal,GM12-N20-双出轴-Motor.STEP,True,False,0,False,False,False,False,,False,,-157.5962,-9.2207,36.1513,-0.209121 -0.50646 0.836521 0.021694 -0.857627 -0.513815 0.977649 -0.089302 0.190335,-0.209121 -0.50646 0.836521 -157.596 0.021694 -0.857627 -0.513815 -9.22069 0.977649 -0.089302 0.190335 36.1513 0 0 0 1,-1.25 6 -1.25 1.25 10 1.25,2.50 x 4.00 x 2.50,-161.6479,-16.0817,35.4368,-157.5962,-36.1513,-9.2207,-0.209121 -0.836521 -0.50646 -0.977649 0.190335 0.089302 0.021694 0.513815 -0.857627,-161.6479,-35.4368,-16.0817,-163.968 -37.0754 -18.4663 -159.328 -33.7982 -13.6971
213,195,2,Robotic Hand_V5/GM12-N20-双出轴-Motor.STEP-8/Engrenagem reta28-D.STEP-1,Engrenagem reta28-D.STEP-1,30,Engrenagem reta28-D.STEP,Engrenagem reta28-D.STEP.SLDPRT,GM12-N20-双出轴-Motor.STEP,purchased-internal,purchased-internal,GM12-N20-双出轴-Motor.STEP,True,False,0,False,False,True,True,,False,,-148.5917,-19.1344,37.7390,-0.173648 -0.844598 -0.50646 -0 0.514272 -0.857627 0.984808 -0.148925 -0.089302,-0.173648 -0.844598 -0.50646 -148.592 -0 0.514272 -0.857627 -19.1344 0.984808 -0.148925 -0.089302 37.739 0 0 0 1,-2.78759 -2.78759 -13.8077 2.78759 2.78759 16.2077,5.58 x 5.58 x 30.02,-149.1994,-20.1635,37.6318,-148.5917,-37.7390,-19.1344,-0.173648 0.50646 -0.844598 -0.984808 -0.089302 0.148925 -0 0.857627 0.514272,-149.1994,-37.6318,-20.1635,-159.639 -42.1324 -34.4681 -138.76 -33.1312 -5.85893
214,195,2,Robotic Hand_V5/GM12-N20-双出轴-Motor.STEP-8/Engrenagem reta22-11.STEP-1,Engrenagem reta22-11.STEP-1,31,Engrenagem reta22-11.STEP,Engrenagem reta22-11.STEP.SLDPRT,GM12-N20-双出轴-Motor.STEP,purchased-internal,purchased-internal,GM12-N20-双出轴-Motor.STEP,True,False,0,False,False,False,False,,False,,-153.1094,-19.8233,36.9424,0.070098 -0.85941 0.50646 0.062273 0.510488 0.857627 -0.995594 -0.02858 0.089302,0.070098 -0.85941 0.50646 -153.109 0.062273 0.510488 0.857627 -19.8233 -0.995594 -0.02858 0.089302 36.9424 0 0 0 1,-1.79568 -1.8 -0.7 1.79568 1.8 3,3.59 x 3.60 x 3.70,-152.5270,-18.8370,37.0451,-153.1094,-36.9424,-19.8233,0.070098 -0.50646 -0.85941 0.995594 0.089302 0.02858 0.062273 -0.857627 0.510488,-152.5270,-37.0451,-18.8370,-155.137 -39.0495 -21.4543 -149.917 -35.0407 -16.2197
215,195,2,Robotic Hand_V5/GM12-N20-双出轴-Motor.STEP-8/WHEEL.STEP-1,WHEEL.STEP-1,32,WHEEL.STEP,WHEEL.STEP.SLDPRT,GM12-N20-双出轴-Motor.STEP,purchased-internal,purchased-internal,GM12-N20-双出轴-Motor.STEP,True,False,0,False,False,False,False,,False,,-164.9202,-30.4040,32.0674,-0.818537 0.50646 0.271101 0.510753 0.857627 -0.060062 -0.262922 0.089302 -0.960675,-0.818537 0.50646 0.271101 -164.92 0.510753 0.857627 -0.060062 -30.404 -0.262922 0.089302 -0.960675 32.0674 0 0 0 1,-1.93657 13.5334 -1.93656 1.93656 21.4334 1.93657,3.87 x 7.90 x 3.87,-156.0656,-15.4098,33.6287,-164.9202,-32.0674,-30.4040,-0.818537 -0.271101 0.50646 0.262922 -0.960675 -0.089302 0.510753 0.060062 0.857627,-156.0656,-33.6287,-15.4098,-160.176 -36.351 -19.9028 -151.955 -30.9064 -10.9167
216,195,2,Robotic Hand_V5/GM12-N20-双出轴-Motor.STEP-8/WORM.STEP-1,WORM.STEP-1,33,WORM.STEP,WORM.STEP.SLDPRT,GM12-N20-双出轴-Motor.STEP,purchased-internal,purchased-internal,GM12-N20-双出轴-Motor.STEP,True,False,0,False,False,False,False,,False,,-129.7354,-31.7383,40.9090,-0.17557 -0.844598 -0.505797 -0.003256 0.514272 -0.857621 0.984462 -0.148925 -0.093041,-0.17557 -0.844598 -0.505797 -129.735 -0.003256 0.514272 -0.857621 -31.7383 0.984462 -0.148925 -0.093041 40.909 0 0 0 1,-1.0847 30.4444 -0.996281 1.39137 35.02 1.44217,2.48 x 4.58 x 2.44,-157.5206,-15.0968,36.1646,-129.7354,-40.9090,-31.7383,-0.17557 0.505797 -0.844598 -0.984462 -0.093041 0.148925 -0.003256 0.857621 0.514272,-157.5206,-36.1646,-15.0968,-160.287 -37.8375 -17.323 -154.754 -34.4916 -12.8706
217,195,2,Robotic Hand_V5/GM12-N20-双出轴-Motor.STEP-8/Engrenagem reta22-11.STEP-2,Engrenagem reta22-11.STEP-2,34,Engrenagem reta22-11.STEP,Engrenagem reta22-11.STEP.SLDPRT,GM12-N20-双出轴-Motor.STEP,purchased-internal,purchased-internal,GM12-N20-双出轴-Motor.STEP,True,False,0,False,False,False,False,,False,,-155.2798,-19.9355,34.9625,0.06084 -0.860115 0.50646 0.067766 0.509788 0.857627 -0.995844 -0.017858 0.089302,0.06084 -0.860115 0.50646 -155.28 0.067766 0.509788 0.857627 -19.9355 -0.995844 -0.017858 0.089302 34.9625 0 0 0 1,-1.79568 -1.8 -0.7 1.79568 1.8 3,3.59 x 3.60 x 3.70,-154.6974,-18.9492,35.0652,-155.2798,-34.9625,-19.9355,0.06084 -0.50646 -0.860115 0.995844 0.089302 0.017858 0.067766 -0.857627 0.509788,-154.6974,-35.0652,-18.9492,-157.292 -37.0508 -21.5751 -152.103 -33.0797 -16.3233
218,,1,Robotic Hand_V5/GM12-N20-双出轴-Motor.STEP-9,GM12-N20-双出轴-Motor.STEP-9,1604,GM12-N20-双出轴-Motor.STEP,GM12-N20-双出轴-Motor.STEP.SLDASM,GM12-N20-双出轴-Motor.STEP,motor,motor-GM12,GM12-N20-双出轴-Motor.STEP,False,True,11,False,False,False,False,No,False,,-142.9416,-22.7211,12.2270,-0 -0.857627 -0.514272 -0 0.514272 -0.857627 1 0 -0,-0 -0.857627 -0.514272 -142.942 -0 0.514272 -0.857627 -22.7211 1 0 -0 12.227 0 0 0 1,-18.2107 1 -15.0156 -5.7348 36.2 14.9998,12.48 x 35.20 x 30.02,-158.8894,-13.1488,0.2542,-142.9416,-12.2270,-22.7211,-0 0.514272 -0.857627 -1 -0 -0 -0 0.857627 0.514272,-158.8894,-0.2542,-13.1488,-181.702 -6.49218 -35.071 -136.077 5.9837 8.77336
219,218,2,Robotic Hand_V5/GM12-N20-双出轴-Motor.STEP-9/M057-8Y01A.STEP-1,M057-8Y01A.STEP-1,24,M057-8Y01A.STEP,M057-8Y01A.STEP.SLDASM,GM12-N20-双出轴-Motor.STEP,purchased-internal,purchased-internal,GM12-N20-双出轴-Motor.STEP,True,True,11,False,False,False,False,,False,,-172.4399,-5.0233,0.2539,0 0.857627 0.514272 0 -0.514272 0.857627 1 -0 -0,0 0.857627 0.514272 -172.44 0 -0.514272 0.857627 -5.02333 1 -0 -0 0.253861 0 0 0 1,-6.23755 -1.8 -5.02292 6.23831 21 5.09668,12.48 x 22.80 x 10.12,-164.1877,-9.9287,0.2542,-172.4399,-0.2539,-5.0233,0 -0.514272 0.857627 -1 -0 0 0 -0.857627 -0.514272,-164.1877,-0.2542,-9.9287,-176.567 -6.49218 -20.1308 -151.809 5.98369 0.273418
220,219,3,Robotic Hand_V5/GM12-N20-双出轴-Motor.STEP-9/M057-8Y01A.STEP-1/____________.STEP-1,____________.STEP-1,24,____________.STEP,____________.STEP.SLDPRT,GM12-N20-双出轴-Motor.STEP,purchased-internal,purchased-internal,GM12-N20-双出轴-Motor.STEP,True,False,0,False,False,False,False,,False,,-172.4399,-5.0233,0.2539,0 0.857627 0.514272 0 -0.514272 0.857627 1 -0 -0,0 0.857627 0.514272 -172.44 0 -0.514272 0.857627 -5.02333 1 -0 -0 0.253861 0 0 0 1,-5.91494 -0.8 -5 5.91494 4.4 5,11.83 x 5.20 x 10.00,-170.8962,-5.9490,0.2539,-172.4399,-0.2539,-5.0233,0 -0.514272 0.857627 -1 -0 0 0 -0.857627 -0.514272,-170.8962,-0.2539,-5.9490,-175.697 -6.1688 -11.5743 -166.095 5.66108 -0.323774
221,219,3,Robotic Hand_V5/GM12-N20-双出轴-Motor.STEP-9/M057-8Y01A.STEP-1/____.STEP-1,____.STEP-1,25,____.STEP,____.STEP.SLDPRT,GM12-N20-双出轴-Motor.STEP,purchased-internal,purchased-internal,GM12-N20-双出轴-Motor.STEP,True,False,0,False,False,False,False,,False,,-161.1193,-11.8117,0.2539,0.16986 0.857627 -0.485411 0.283268 -0.514272 -0.809496 -0.943879 -0 -0.330292,0.16986 0.857627 -0.485411 -161.119 0.283268 -0.514272 -0.809496 -11.8117 -0.943879 -0 -0.330292 0.253861 0 0 0 1,-4 -7.5 -4 4 1 3.86421,8.00 x 8.50 x 7.86,-163.8736,-10.0854,0.2763,-161.1193,-0.2539,-11.8117,0.16986 0.485411 0.857627 0.943879 -0.330292 0 0.283268 0.809496 -0.514272,-163.8736,-0.2763,-10.0854,-170.107 -5.35055 -16.5871 -157.641 4.79797 -3.58363
222,219,3,Robotic Hand_V5/GM12-N20-双出轴-Motor.STEP-9/M057-8Y01A.STEP-1/______.STEP-1,______.STEP-1,26,______.STEP,______.STEP.SLDPRT,GM12-N20-双出轴-Motor.STEP,purchased-internal,purchased-internal,GM12-N20-双出轴-Motor.STEP,True,False,0,False,False,False,False,,False,,-168.1518,-7.5947,0.2539,0.332922 0.857627 0.391968 0.555198 -0.514272 0.653666 0.76218 -0 -0.647365,0.332922 0.857627 0.391968 -168.152 0.555198 -0.514272 0.653666 -7.59469 0.76218 -0 -0.647365 0.253861 0 0 0 1,-3.25 -2.5025 -3.25 3.25 0.661881 3.25,6.50 x 3.16 x 6.50,-168.9411,-7.1214,0.2539,-168.1518,-0.2539,-7.5947,0.332922 -0.391968 0.857627 -0.76218 -0.647365 0 0.555198 -0.653666 -0.514272,-168.9411,-0.2539,-7.1214,-172.654 -4.83488 -11.8639 -165.228 4.32716 -2.37892
223,219,3,Robotic Hand_V5/GM12-N20-双出轴-Motor.STEP-9/M057-8Y01A.STEP-1/____-0.STEP-1,____-0.STEP-1,27,____-0.STEP,____-0.STEP.SLDPRT,GM12-N20-双出轴-Motor.STEP,purchased-internal,purchased-internal,GM12-N20-双出轴-Motor.STEP,True,False,0,False,False,False,False,,False,,-171.1448,-5.7999,0.2539,0 0.857627 0.514272 0 -0.514272 0.857627 1 -0 -0,0 0.857627 0.514272 -171.145 0 -0.514272 0.857627 -5.79993 1 -0 -0 0.253861 0 0 0 1,-3.21825 -0.010153 -3.66333 3.21825 2.01015 3.66333,6.44 x 2.02 x 7.33,-170.2872,-6.3142,0.2539,-171.1448,-0.2539,-5.7999,0 -0.514272 0.857627 -1 -0 0 0 -0.857627 -0.514272,-170.2872,-0.2539,-6.3142,-173.037 -3.47211 -9.97546 -167.537 2.96439 -2.65294
224,219,3,Robotic Hand_V5/GM12-N20-双出轴-Motor.STEP-9/M057-8Y01A.STEP-1/__________.STEP-1,__________.STEP-1,28,__________.STEP,__________.STEP.SLDPRT,GM12-N20-双出轴-Motor.STEP,purchased-internal,purchased-internal,GM12-N20-双出轴-Motor.STEP,True,False,0,False,False,False,False,,False,,-167.5515,-7.9547,0.2539,0.16986 0.857627 -0.485411 0.283268 -0.514272 -0.809496 -0.943879 -0 -0.330292,0.16986 0.857627 -0.485411 -167.551 0.283268 -0.514272 -0.809496 -7.95468 -0.943879 -0 -0.330292 0.253861 0 0 0 1,-0.99282 -2.8 -1.1 0.99282 0.2 0.7,1.99 x 3.00 x 1.80,-168.5693,-7.1242,0.3199,-167.5515,-0.2539,-7.9547,0.16986 0.485411 0.857627 0.943879 -0.330292 0 0.283268 0.809496 -0.514272,-168.5693,-0.3199,-7.1242,-170.461 -1.55428 -8.90542 -166.677 0.914446 -5.34304
225,219,3,Robotic Hand_V5/GM12-N20-双出轴-Motor.STEP-9/M057-8Y01A.STEP-1/____-1.STEP-1,____-1.STEP-1,29,____-1.STEP,____-1.STEP.SLDPRT,GM12-N20-双出轴-Motor.STEP,purchased-internal,purchased-internal,GM12-N20-双出轴-Motor.STEP,True,False,0,False,False,False,False,,False,,-167.5515,-7.9547,0.2539,-0.001284 0.857627 0.514271 -0.002141 -0.514272 0.857624 0.999997 -0 0.002497,-0.001284 0.857627 0.514271 -167.551 -0.002141 -0.514272 0.857624 -7.95468 0.999997 -0 0.002497 0.253861 0 0 0 1,-5.77332 0 -4.80793 5.77332 8.5 4.80793,11.55 x 8.50 x 9.62,-163.9065,-10.1403,0.2539,-167.5515,-0.2539,-7.9547,-0.001284 -0.514271 0.857627 -0.999997 0.002497 0 -0.002141 -0.857624 -0.514272,-163.9065,-0.2539,-10.1403,-170.031 -6.03916 -16.4618 -157.782 5.53144 -3.81892
226,219,3,Robotic Hand_V5/GM12-N20-双出轴-Motor.STEP-9/M057-8Y01A.STEP-1/____-2.STEP-1,____-2.STEP-1,30,____-2.STEP,____-2.STEP.SLDPRT,GM12-N20-双出轴-Motor.STEP,purchased-internal,purchased-internal,GM12-N20-双出轴-Motor.STEP,True,False,0,False,False,False,False,,False,,-170.3387,-6.2833,-2.8461,-0 -0.857627 0.514272 -0 0.514272 0.857627 -1 0 -0,-0 -0.857627 0.514272 -170.339 -0 0.514272 0.857627 -6.2833 -1 0 -0 -2.84614 0 0 0 1,-0.2 -0 -1 0.2 4.25 1,0.40 x 4.25 x 2.00,-172.1612,-5.1905,-2.8461,-170.3387,2.8461,-6.2833,-0 -0.514272 -0.857627 1 -0 -0 -0 -0.857627 0.514272,-172.1612,2.8461,-5.1905,-174.498 2.64614 -7.14092 -169.824 3.04614 -3.24001
227,219,3,Robotic Hand_V5/GM12-N20-双出轴-Motor.STEP-9/M057-8Y01A.STEP-1/____-2.STEP-2,____-2.STEP-2,31,____-2.STEP,____-2.STEP.SLDPRT,GM12-N20-双出轴-Motor.STEP,purchased-internal,purchased-internal,GM12-N20-双出轴-Motor.STEP,True,False,0,False,False,False,False,,False,,-170.3387,-6.2833,3.3539,0 -0.857627 -0.514272 0 0.514272 -0.857627 1 0 0,0 -0.857627 -0.514272 -170.339 0 0.514272 -0.857627 -6.28329 1 0 0 3.35386 0 0 0 1,-0.2 -0 -1 0.2 4.25 1,0.40 x 4.25 x 2.00,-172.1612,-5.1905,3.3539,-170.3387,-3.3539,-6.2833,0 0.514272 -0.857627 -1 0 -0 0 0.857627 0.514272,-172.1612,-3.3539,-5.1905,-174.498 -3.55386 -7.14092 -169.824 -3.15386 -3.24001
228,219,3,Robotic Hand_V5/GM12-N20-双出轴-Motor.STEP-9/M057-8Y01A.STEP-1/________.STEP-1,________.STEP-1,32,________.STEP,________.STEP.SLDPRT,GM12-N20-双出轴-Motor.STEP,purchased-internal,purchased-internal,GM12-N20-双出轴-Motor.STEP,True,False,0,False,False,False,False,,False,,-159.6653,-12.6928,0.2270,0 0.857627 0.514272 -0 -0.514272 0.857627 1 -0 0,0 0.857627 0.514272 -159.665 -0 -0.514272 0.857627 -12.6928 1 -0 0 0.226979 0 0 0 1,-6.21067 -13.5245 -5.01502 6.2652 0.9 5.03081,12.48 x 14.42 x 10.05,-165.0749,-9.4398,0.2542,-159.6653,-0.2270,-12.6928,0 -0.514272 0.857627 -1 0 0 -0 -0.857627 -0.514272,-165.0749,-0.2542,-9.4398,-173.843 -6.49217 -17.4566 -156.306 5.98369 -1.4229
229,219,3,Robotic Hand_V5/GM12-N20-双出轴-Motor.STEP-9/M057-8Y01A.STEP-1/__.STEP-1,__.STEP-1,33,__.STEP,__.STEP.SLDPRT,GM12-N20-双出轴-Motor.STEP,purchased-internal,purchased-internal,GM12-N20-双出轴-Motor.STEP,True,False,0,False,False,False,False,,False,,-157.0026,-14.2802,0.2539,0.30866 -0.857627 0.411346 0.514737 0.514272 0.685981 -0.79986 0 0.600187,0.30866 -0.857627 0.411346 -157.003 0.514737 0.514272 0.685981 -14.2802 -0.79986 0 0.600187 0.253861 0 0 0 1,-0.5 -3 -0.5 0.5 18.6 0.5,1.00 x 21.60 x 1.00,-163.6921,-10.2689,0.2539,-157.0026,-0.2539,-14.2802,0.30866 -0.411346 -0.857627 0.79986 0.600187 -0 0.514737 -0.685981 0.514272,-163.6921,-0.2539,-10.2689,-173.315 -0.953884 -16.4234 -154.07 0.446162 -4.1144
230,219,3,Robotic Hand_V5/GM12-N20-双出轴-Motor.STEP-9/M057-8Y01A.STEP-1/________-3.STEP-1,________-3.STEP-1,34,________-3.STEP,________-3.STEP.SLDPRT,GM12-N20-双出轴-Motor.STEP,purchased-internal,purchased-internal,GM12-N20-双出轴-Motor.STEP,True,False,0,False,False,False,False,,False,,-170.3988,-6.2473,0.2539,-0.475015 0.857627 0.197071 -0.792159 -0.514272 0.328646 0.383204 -0 0.923664,-0.475015 0.857627 0.197071 -170.399 -0.792159 -0.514272 0.328646 -6.2473 0.383204 -0 0.923664 0.253861 0 0 0 1,-0.9 -0.02 -0.9 0.9 0.12 0.9,1.80 x 0.14 x 1.80,-170.3559,-6.2730,0.2539,-170.3988,-0.2539,-6.2473,-0.475015 -0.197071 0.857627 -0.383204 0.923664 0 -0.792159 -0.328646 -0.514272,-170.3559,-0.2539,-6.2730,-171.021 -1.43004 -7.31773 -169.691 0.92232 -5.22829
231,218,2,Robotic Hand_V5/GM12-N20-双出轴-Motor.STEP-9/__________-4.STEP-1,__________-4.STEP-1,25,__________-4.STEP,__________-4.STEP.SLDPRT,GM12-N20-双出轴-Motor.STEP,purchased-internal,purchased-internal,GM12-N20-双出轴-Motor.STEP,True,False,0,False,False,True,True,,False,,-158.0318,-13.6631,0.2539,-0 0.857627 -0.514272 0 -0.514272 -0.857627 -1 -0 -0,-0 0.857627 -0.514272 -158.032 0 -0.514272 -0.857627 -13.6631 -1 -0 -0 0.253861 0 0 0 1,-6 -1.4025 -5.5 6 16.6 5.5,12.00 x 18.00 x 11.00,-151.5149,-17.5709,0.2539,-158.0318,-0.2539,-13.6631,-0 0.514272 0.857627 1 -0 0 0 0.857627 -0.514272,-151.5149,-0.2539,-17.5709,-162.063 -6.25386 -26.917 -140.967 5.74614 -8.22489
232,218,2,Robotic Hand_V5/GM12-N20-双出轴-Motor.STEP-9/____________-5.STEP-1,____________-5.STEP-1,26,____________-5.STEP,____________-5.STEP.SLDPRT,GM12-N20-双出轴-Motor.STEP,purchased-internal,purchased-internal,GM12-N20-双出轴-Motor.STEP,True,False,0,False,False,False,False,,False,,-167.3616,-11.3327,4.0552,0.232901 0.857627 0.458512 0.388398 -0.514272 0.764638 0.891574 -0 -0.452875,0.232901 0.857627 0.458512 -167.362 0.388398 -0.514272 0.764638 -11.3327 0.891574 -0 -0.452875 4.05524 0 0 0 1,-1.25 6 -1.25 1.25 10 1.25,2.50 x 4.00 x 2.50,-160.5006,-15.4468,4.0552,-167.3616,-4.0552,-11.3327,0.232901 -0.458512 0.857627 -0.891574 -0.452875 0 0.388398 -0.764638 -0.514272,-160.5006,-4.0552,-15.4468,-163.08 -5.7358 -17.9167 -157.921 -2.37467 -12.977
233,218,2,Robotic Hand_V5/GM12-N20-双出轴-Motor.STEP-9/____________-5.STEP-2,____________-5.STEP-2,27,____________-5.STEP,____________-5.STEP.SLDPRT,GM12-N20-双出轴-Motor.STEP,purchased-internal,purchased-internal,GM12-N20-双出轴-Motor.STEP,True,False,0,False,False,False,False,,False,,-164.4823,-6.5309,-3.5475,-0.227082 0.857627 0.461422 -0.378693 -0.514272 0.76949 0.897232 -0 0.441559,-0.227082 0.857627 0.461422 -164.482 -0.378693 -0.514272 0.76949 -6.53093 0.897232 -0 0.441559 -3.54752 0 0 0 1,-1.25 6 -1.25 1.25 10 1.25,2.50 x 4.00 x 2.50,-157.6213,-10.6451,-3.5475,-164.4823,3.5475,-6.5309,-0.227082 -0.461422 0.857627 -0.897232 0.441559 0 -0.378693 -0.76949 -0.514272,-157.6213,3.5475,-10.6451,-160.197 1.87403 -13.1089 -155.045 5.221 -8.18133
234,218,2,Robotic Hand_V5/GM12-N20-双出轴-Motor.STEP-9/____________-5.STEP-3,____________-5.STEP-3,28,____________-5.STEP,____________-5.STEP.SLDPRT,GM12-N20-双出轴-Motor.STEP,purchased-internal,purchased-internal,GM12-N20-双出轴-Motor.STEP,True,False,0,False,False,False,False,,False,,-160.8604,-17.7970,0.2539,-0.840501 0.514272 -0.170532 0.504003 0.857627 0.102259 0.198842 0 -0.980032,-0.840501 0.514272 -0.170532 -160.86 0.504003 0.857627 0.102259 -17.797 0.198842 0 -0.980032 0.253861 0 0 0 1,-1.25 6 -1.25 1.25 10 1.25,2.50 x 4.00 x 2.50,-156.7463,-10.9359,0.2539,-160.8604,-0.2539,-17.7970,-0.840501 0.170532 0.514272 -0.198842 -0.980032 -0 0.504003 -0.102259 0.857627,-156.7463,-0.2539,-10.9359,-159.039 -1.72745 -13.409 -154.454 1.21973 -8.46286
235,218,2,Robotic Hand_V5/GM12-N20-双出轴-Motor.STEP-9/____________-5.STEP-4,____________-5.STEP-4,29,____________-5.STEP,____________-5.STEP.SLDPRT,GM12-N20-双出轴-Motor.STEP,purchased-internal,purchased-internal,GM12-N20-双出轴-Motor.STEP,True,False,0,False,False,False,False,,False,,-155.7177,-9.2207,0.2539,-0.036177 -0.514272 0.856863 0.021694 -0.857627 -0.513815 0.99911 -0 0.042183,-0.036177 -0.514272 0.856863 -155.718 0.021694 -0.857627 -0.513815 -9.22069 0.99911 -0 0.042183 0.253861 0 0 0 1,-1.25 6 -1.25 1.25 10 1.25,2.50 x 4.00 x 2.50,-159.8319,-16.0817,0.2539,-155.7177,-0.2539,-9.2207,-0.036177 -0.856863 -0.514272 -0.99911 0.042183 0 0.021694 0.513815 -0.857627,-159.8319,-0.2539,-16.0817,-161.977 -1.55548 -18.4663 -157.687 1.04775 -13.6971
236,218,2,Robotic Hand_V5/GM12-N20-双出轴-Motor.STEP-9/Engrenagem reta28-D.STEP-1,Engrenagem reta28-D.STEP-1,30,Engrenagem reta28-D.STEP,Engrenagem reta28-D.STEP.SLDPRT,GM12-N20-双出轴-Motor.STEP,purchased-internal,purchased-internal,GM12-N20-双出轴-Motor.STEP,True,False,0,False,False,True,True,,False,,-146.5743,-19.1344,0.2539,0 -0.857627 -0.514272 -0 0.514272 -0.857627 1 0 -0,0 -0.857627 -0.514272 -146.574 -0 0.514272 -0.857627 -19.1344 1 0 -0 0.253861 0 0 0 1,-2.78759 -2.78759 -13.8077 2.78759 2.78759 16.2077,5.58 x 5.58 x 30.02,-147.1914,-20.1635,0.2539,-146.5743,-0.2539,-19.1344,0 0.514272 -0.857627 -1 -0 -0 -0 0.857627 0.514272,-147.1914,-0.2539,-20.1635,-157.3 -3.04145 -34.4681 -137.083 2.53373 -5.85893
237,218,2,Robotic Hand_V5/GM12-N20-双出轴-Motor.STEP-9/Engrenagem reta22-11.STEP-1,Engrenagem reta22-11.STEP-1,31,Engrenagem reta22-11.STEP,Engrenagem reta22-11.STEP.SLDPRT,GM12-N20-双出轴-Motor.STEP,purchased-internal,purchased-internal,GM12-N20-双出轴-Motor.STEP,True,False,0,False,False,False,False,,False,,-151.1617,-19.8233,0.2539,-0.10385 -0.851316 0.514272 0.062273 0.510488 0.857627 -0.992642 0.12109 0,-0.10385 -0.851316 0.514272 -151.162 0.062273 0.510488 0.857627 -19.8233 -0.992642 0.12109 0 0.253861 0 0 0 1,-1.79568 -1.8 -0.7 1.79568 1.8 3,3.59 x 3.60 x 3.70,-150.5703,-18.8370,0.2539,-151.1617,-0.2539,-19.8233,-0.10385 -0.514272 -0.851316 0.992642 0 -0.12109 0.062273 -0.857627 0.510488,-150.5703,-0.2539,-18.8370,-153.241 -2.25429 -21.4543 -147.9 1.74657 -16.2197
238,218,2,Robotic Hand_V5/GM12-N20-双出轴-Motor.STEP-9/WHEEL.STEP-1,WHEEL.STEP-1,32,WHEEL.STEP,WHEEL.STEP.SLDPRT,GM12-N20-双出轴-Motor.STEP,purchased-internal,purchased-internal,GM12-N20-双出轴-Motor.STEP,True,False,0,False,False,False,False,,False,,-163.6396,-30.4040,-2.4961,-0.851758 0.514272 0.100162 0.510753 0.857627 -0.060062 -0.11679 0 -0.993157,-0.851758 0.514272 0.100162 -163.64 0.510753 0.857627 -0.060062 -30.404 -0.11679 0 -0.993157 -2.49613 0 0 0 1,-1.93657 13.5334 -1.93656 1.93656 21.4334 1.93657,3.87 x 7.90 x 3.87,-154.6484,-15.4098,-2.4961,-163.6396,2.4961,-30.4040,-0.851758 -0.100162 0.514272 0.11679 -0.993157 -0 0.510753 0.060062 0.857627,-154.6484,2.4961,-15.4098,-158.523 0.346655 -19.9028 -150.774 4.64562 -10.9167
239,218,2,Robotic Hand_V5/GM12-N20-双出轴-Motor.STEP-9/WORM.STEP-1,WORM.STEP-1,33,WORM.STEP,WORM.STEP.SLDPRT,GM12-N20-双出轴-Motor.STEP,purchased-internal,purchased-internal,GM12-N20-双出轴-Motor.STEP,True,False,0,False,False,False,False,,False,,-127.4540,-31.7383,0.1014,-0.001953 -0.857627 -0.514269 -0.003256 0.514272 -0.857621 0.999993 0 -0.003797,-0.001953 -0.857627 -0.514269 -127.454 -0.003256 0.514272 -0.857621 -31.7383 0.999993 0 -0.003797 0.101375 0 0 0 1,-1.0847 30.4444 -0.996281 1.39137 35.02 1.44217,2.48 x 4.58 x 2.44,-155.6409,-15.0968,0.2539,-127.4540,-0.1014,-31.7383,-0.001953 0.514269 -0.857627 -0.999993 -0.003797 -0 -0.003256 0.857621 0.514272,-155.6409,-0.2539,-15.0968,-158.232 -1.49652 -17.323 -153.049 0.988793 -12.8706
240,218,2,Robotic Hand_V5/GM12-N20-双出轴-Motor.STEP-9/Engrenagem reta22-11.STEP-2,Engrenagem reta22-11.STEP-2,34,Engrenagem reta22-11.STEP,Engrenagem reta22-11.STEP.SLDPRT,GM12-N20-双出轴-Motor.STEP,purchased-internal,purchased-internal,GM12-N20-双出轴-Motor.STEP,True,False,0,False,False,False,False,,False,,-153.6429,-19.9355,-1.3190,-0.11301 -0.850149 0.514272 0.067766 0.509788 0.857627 -0.99128 0.131771 0,-0.11301 -0.850149 0.514272 -153.643 0.067766 0.509788 0.857627 -19.9355 -0.99128 0.131771 0 -1.31904 0 0 0 1,-1.79568 -1.8 -0.7 1.79568 1.8 3,3.59 x 3.60 x 3.70,-153.0515,-18.9492,-1.3190,-153.6429,1.3190,-19.9355,-0.11301 -0.514272 -0.850149 0.99128 0 -0.131771 0.067766 -0.857627 0.509788,-153.0515,1.3190,-18.9492,-155.736 -0.698167 -21.5751 -150.367 3.33625 -16.3233
241,,1,Robotic Hand_V5/GM12-N20-双出轴-Motor.STEP-11,GM12-N20-双出轴-Motor.STEP-11,1612,GM12-N20-双出轴-Motor.STEP,GM12-N20-双出轴-Motor.STEP.SLDASM,GM12-N20-双出轴-Motor.STEP,motor,motor-GM12,GM12-N20-双出轴-Motor.STEP,False,True,11,False,False,False,False,No,False,,-120.9911,-22.7211,54.7635,-0.173648 -0.844598 -0.506459 -0 0.514272 -0.857627 0.984808 -0.148925 -0.089303,-0.173648 -0.844598 -0.506459 -120.991 -0 0.514272 -0.857627 -22.7211 0.984808 -0.148925 -0.089303 54.7635 0 0 0 1,-18.2107 1 -15.0156 -5.7348 36.2 14.9998,12.48 x 35.20 x 30.02,-134.6176,-13.1488,40.2034,-120.9911,-54.7635,-22.7211,-0.173648 0.506459 -0.844598 -0.984808 -0.089303 0.148925 -0 0.857627 0.514272,-134.6176,-40.2034,-13.1488,-158.166 -50.3079 -35.071 -111.069 -30.0989 8.77336
242,241,2,Robotic Hand_V5/GM12-N20-双出轴-Motor.STEP-11/M057-8Y01A.STEP-1,M057-8Y01A.STEP-1,24,M057-8Y01A.STEP,M057-8Y01A.STEP.SLDASM,GM12-N20-双出轴-Motor.STEP,purchased-internal,purchased-internal,GM12-N20-双出轴-Motor.STEP,True,True,11,False,False,False,False,,False,,-147.9621,-5.0233,37.8500,-0.173648 0.844598 0.50646 0 -0.514272 0.857627 0.984808 0.148925 0.089302,-0.173648 0.844598 0.50646 -147.962 0 -0.514272 0.857627 -5.02333 0.984808 0.148925 0.089302 37.85 0 0 0 1,-6.23755 -1.8 -5.02292 6.23831 21 5.09668,12.48 x 22.80 x 10.12,-139.8354,-9.9287,39.2833,-147.9621,-37.8500,-5.0233,-0.173648 -0.50646 0.844598 -0.984808 0.089302 -0.148925 0 -0.857627 -0.514272,-139.8354,-39.2833,-9.9287,-153.11 -47.5761 -20.1308 -126.561 -30.9906 0.273418
243,242,3,Robotic Hand_V5/GM12-N20-双出轴-Motor.STEP-11/M057-8Y01A.STEP-1/____________.STEP-1,____________.STEP-1,24,____________.STEP,____________.STEP.SLDPRT,GM12-N20-双出轴-Motor.STEP,purchased-internal,purchased-internal,GM12-N20-双出轴-Motor.STEP,True,False,0,False,False,False,False,,False,,-147.9621,-5.0233,37.8500,-0.173648 0.844598 0.50646 0 -0.514272 0.857627 0.984808 0.148925 0.089302,-0.173648 0.844598 0.50646 -147.962 0 -0.514272 0.857627 -5.02333 0.984808 0.148925 0.089302 37.85 0 0 0 1,-5.91494 -0.8 -5 5.91494 4.4 5,11.83 x 5.20 x 10.00,-146.4419,-5.9490,38.1181,-147.9621,-37.8500,-5.0233,-0.173648 -0.50646 0.844598 -0.984808 0.089302 -0.148925 0 -0.857627 -0.514272,-146.4419,-38.1181,-5.9490,-152.197 -44.7769 -11.5743 -140.687 -31.4593 -0.323774
244,242,3,Robotic Hand_V5/GM12-N20-双出轴-Motor.STEP-11/M057-8Y01A.STEP-1/____.STEP-1,____.STEP-1,25,____.STEP,____.STEP.SLDPRT,GM12-N20-双出轴-Motor.STEP,purchased-internal,purchased-internal,GM12-N20-双出轴-Motor.STEP,True,False,0,False,False,False,False,,False,,-136.8135,-11.8117,39.8158,0.331183 0.844598 -0.420682 0.283268 -0.514272 -0.809496 -0.900043 0.148925 -0.409565,0.331183 0.844598 -0.420682 -136.813 0.283268 -0.514272 -0.809496 -11.8117 -0.900043 0.148925 -0.409565 39.8158 0 0 0 1,-4 -7.5 -4 4 1 3.86421,8.00 x 8.50 x 7.86,-139.5298,-10.0854,39.3596,-136.8135,-39.8158,-11.8117,0.331183 0.420682 0.844598 0.900043 -0.409565 -0.148925 0.283268 0.809496 -0.514272,-139.5298,-39.3596,-10.0854,-146.098 -45.2032 -16.5871 -132.961 -33.5161 -3.58363
245,242,3,Robotic Hand_V5/GM12-N20-双出轴-Motor.STEP-11/M057-8Y01A.STEP-1/______.STEP-1,______.STEP-1,26,______.STEP,______.STEP.SLDPRT,GM12-N20-双出轴-Motor.STEP,purchased-internal,purchased-internal,GM12-N20-双出轴-Motor.STEP,True,False,0,False,False,False,False,,False,,-143.7392,-7.5947,38.5946,0.195513 0.844598 0.498427 0.555198 -0.514272 0.653666 0.808412 0.148925 -0.569466,0.195513 0.844598 0.498427 -143.739 0.555198 -0.514272 0.653666 -7.59469 0.808412 0.148925 -0.569466 38.5946 0 0 0 1,-3.25 -2.5025 -3.25 3.25 0.661881 3.25,6.50 x 3.16 x 6.50,-144.5164,-7.1214,38.4576,-143.7392,-38.5946,-7.5947,0.195513 -0.498427 0.844598 -0.808412 -0.569466 -0.148925 0.555198 -0.653666 -0.514272,-144.5164,-38.4576,-7.1214,-148.108 -43.1713 -11.8639 -140.925 -33.7438 -2.37892
246,242,3,Robotic Hand_V5/GM12-N20-双出轴-Motor.STEP-11/M057-8Y01A.STEP-1/____-0.STEP-1,____-0.STEP-1,27,____-0.STEP,____-0.STEP.SLDPRT,GM12-N20-双出轴-Motor.STEP,purchased-internal,purchased-internal,GM12-N20-双出轴-Motor.STEP,True,False,0,False,False,False,False,,False,,-146.6867,-5.7999,38.0749,-0.173648 0.844598 0.50646 0 -0.514272 0.857627 0.984808 0.148925 0.089302,-0.173648 0.844598 0.50646 -146.687 0 -0.514272 0.857627 -5.79993 0.984808 0.148925 0.089302 38.0749 0 0 0 1,-3.21825 -0.010153 -3.66333 3.21825 2.01015 3.66333,6.44 x 2.02 x 7.33,-145.8421,-6.3142,38.2238,-146.6867,-38.0749,-5.7999,-0.173648 -0.50646 0.844598 -0.984808 0.089302 -0.148925 0 -0.857627 -0.514272,-145.8421,-38.2238,-6.3142,-149.109 -41.8707 -9.97546 -142.575 -34.5769 -2.65294
247,242,3,Robotic Hand_V5/GM12-N20-双出轴-Motor.STEP-11/M057-8Y01A.STEP-1/__________.STEP-1,__________.STEP-1,28,__________.STEP,__________.STEP.SLDPRT,GM12-N20-双出轴-Motor.STEP,purchased-internal,purchased-internal,GM12-N20-双出轴-Motor.STEP,True,False,0,False,False,False,False,,False,,-143.1479,-7.9547,38.6989,0.331183 0.844598 -0.420682 0.283268 -0.514272 -0.809496 -0.900043 0.148925 -0.409565,0.331183 0.844598 -0.420682 -143.148 0.283268 -0.514272 -0.809496 -7.95468 -0.900043 0.148925 -0.409565 38.6989 0 0 0 1,-0.99282 -2.8 -1.1 0.99282 0.2 0.7,1.99 x 3.00 x 1.80,-144.1618,-7.1242,38.5872,-143.1479,-38.6989,-7.9547,0.331183 0.420682 0.844598 0.900043 -0.409565 -0.148925 0.283268 0.809496 -0.514272,-144.1618,-38.5872,-7.1242,-146.136 -40.0728 -8.90542 -142.187 -37.1016 -5.34304
248,242,3,Robotic Hand_V5/GM12-N20-双出轴-Motor.STEP-11/M057-8Y01A.STEP-1/____-1.STEP-1,____-1.STEP-1,29,____-1.STEP,____-1.STEP.SLDPRT,GM12-N20-双出轴-Motor.STEP,purchased-internal,purchased-internal,GM12-N20-双出轴-Motor.STEP,True,False,0,False,False,False,False,,False,,-143.1479,-7.9547,38.6989,-0.174912 0.844598 0.506024 -0.002141 -0.514272 0.857624 0.984582 0.148925 0.091761,-0.174912 0.844598 0.506024 -143.148 -0.002141 -0.514272 0.857624 -7.95468 0.984582 0.148925 0.091761 38.6989 0 0 0 1,-5.77332 0 -4.80793 5.77332 8.5 4.80793,11.55 x 8.50 x 9.62,-139.5584,-10.1403,39.3318,-143.1479,-38.6989,-7.9547,-0.174912 -0.506024 0.844598 -0.984582 0.091761 -0.148925 -0.002141 -0.857624 -0.514272,-139.5584,-39.3318,-10.1403,-146.591 -46.0902 -16.4618 -132.526 -32.5734 -3.81892
249,242,3,Robotic Hand_V5/GM12-N20-双出轴-Motor.STEP-11/M057-8Y01A.STEP-1/____-2.STEP-1,____-2.STEP-1,30,____-2.STEP,____-2.STEP.SLDPRT,GM12-N20-双出轴-Motor.STEP,purchased-internal,purchased-internal,GM12-N20-双出轴-Motor.STEP,True,False,0,False,False,False,False,,False,,-145.3546,-6.2833,35.1620,0.173648 -0.844598 0.50646 -0 0.514272 0.857627 -0.984808 -0.148925 0.089302,0.173648 -0.844598 0.50646 -145.355 -0 0.514272 0.857627 -6.2833 -0.984808 -0.148925 0.089302 35.162 0 0 0 1,-0.2 -0 -1 0.2 4.25 1,0.40 x 4.25 x 2.00,-147.1493,-5.1905,34.8455,-145.3546,-35.1620,-6.2833,0.173648 -0.50646 -0.844598 0.984808 0.089302 0.148925 -0 -0.857627 0.514272,-147.1493,-34.8455,-5.1905,-149.485 -35.4482 -7.14092 -144.813 -34.2428 -3.24001
250,242,3,Robotic Hand_V5/GM12-N20-双出轴-Motor.STEP-11/M057-8Y01A.STEP-1/____-2.STEP-2,____-2.STEP-2,31,____-2.STEP,____-2.STEP.SLDPRT,GM12-N20-双出轴-Motor.STEP,purchased-internal,purchased-internal,GM12-N20-双出轴-Motor.STEP,True,False,0,False,False,False,False,,False,,-146.4312,-6.2833,41.2678,-0.173648 -0.844598 -0.50646 0 0.514272 -0.857627 0.984808 -0.148925 -0.089302,-0.173648 -0.844598 -0.50646 -146.431 0 0.514272 -0.857627 -6.28329 0.984808 -0.148925 -0.089302 41.2678 0 0 0 1,-0.2 -0 -1 0.2 4.25 1,0.40 x 4.25 x 2.00,-148.2260,-5.1905,40.9513,-146.4312,-41.2678,-6.2833,-0.173648 0.50646 -0.844598 -0.984808 -0.089302 0.148925 0 0.857627 0.514272,-148.2260,-40.9513,-5.1905,-150.562 -41.554 -7.14092 -145.89 -40.3486 -3.24001
251,242,3,Robotic Hand_V5/GM12-N20-双出轴-Motor.STEP-11/M057-8Y01A.STEP-1/________.STEP-1,________.STEP-1,32,________.STEP,________.STEP.SLDPRT,GM12-N20-双出轴-Motor.STEP,purchased-internal,purchased-internal,GM12-N20-双出轴-Motor.STEP,True,False,0,False,False,False,False,,False,,-135.3770,-12.6928,40.0418,-0.173648 0.844598 0.50646 -0 -0.514272 0.857627 0.984808 0.148925 0.089302,-0.173648 0.844598 0.50646 -135.377 -0 -0.514272 0.857627 -12.6928 0.984808 0.148925 0.089302 40.0418 0 0 0 1,-6.21067 -13.5245 -5.01502 6.2652 0.9 5.03081,12.48 x 14.42 x 10.05,-140.7090,-9.4398,39.1293,-135.3770,-40.0418,-12.6928,-0.173648 -0.50646 0.844598 -0.984808 0.089302 -0.148925 -0 -0.857627 -0.514272,-140.7090,-39.1293,-9.4398,-150.428 -46.7951 -17.4566 -130.99 -31.4635 -1.4229
252,242,3,Robotic Hand_V5/GM12-N20-双出轴-Motor.STEP-11/M057-8Y01A.STEP-1/__.STEP-1,__.STEP-1,33,__.STEP,__.STEP.SLDPRT,GM12-N20-双出轴-Motor.STEP,purchased-internal,purchased-internal,GM12-N20-双出轴-Motor.STEP,True,False,0,False,False,False,False,,False,,-132.7594,-14.2802,40.5307,0.442865 -0.844598 0.300875 0.514737 0.514272 0.685981 -0.73411 -0.148925 0.662498,0.442865 -0.844598 0.300875 -132.759 0.514737 0.514272 0.685981 -14.2802 -0.73411 -0.148925 0.662498 40.5307 0 0 0 1,-0.5 -3 -0.5 0.5 18.6 0.5,1.00 x 21.60 x 1.00,-139.3473,-10.2689,39.3690,-132.7594,-40.5307,-14.2802,0.442865 -0.300875 -0.844598 0.73411 0.662498 0.148925 0.514737 -0.685981 0.514272,-139.3473,-39.3690,-10.2689,-148.841 -41.6757 -16.4234 -129.854 -37.0623 -4.1144
253,242,3,Robotic Hand_V5/GM12-N20-双出轴-Motor.STEP-11/M057-8Y01A.STEP-1/________-3.STEP-1,________-3.STEP-1,34,________-3.STEP,________-3.STEP.SLDPRT,GM12-N20-双出轴-Motor.STEP,purchased-internal,purchased-internal,GM12-N20-双出轴-Motor.STEP,True,False,0,False,False,False,False,,False,,-145.9520,-6.2473,38.2044,-0.534341 0.844598 0.033685 -0.792159 -0.514272 0.328646 0.294897 0.148925 0.943852,-0.534341 0.844598 0.033685 -145.952 -0.792159 -0.514272 0.328646 -6.2473 0.294897 0.148925 0.943852 38.2044 0 0 0 1,-0.9 -0.02 -0.9 0.9 0.12 0.9,1.80 x 0.14 x 1.80,-145.9098,-6.2730,38.2119,-145.9520,-38.2044,-6.2473,-0.534341 -0.033685 0.844598 -0.294897 0.943852 -0.148925 -0.792159 -0.328646 -0.514272,-145.9098,-38.2119,-6.2730,-146.48 -39.3372 -7.31773 -145.339 -37.0866 -5.22829
254,241,2,Robotic Hand_V5/GM12-N20-双出轴-Motor.STEP-11/__________-4.STEP-1,__________-4.STEP-1,25,__________-4.STEP,__________-4.STEP.SLDPRT,GM12-N20-双出轴-Motor.STEP,purchased-internal,purchased-internal,GM12-N20-双出轴-Motor.STEP,True,False,0,False,False,True,True,,False,,-133.7729,-13.6631,40.3519,0.173648 0.844598 -0.50646 0 -0.514272 -0.857627 -0.984808 0.148925 -0.089302,0.173648 0.844598 -0.50646 -133.773 0 -0.514272 -0.857627 -13.6631 -0.984808 0.148925 -0.089302 40.3519 0 0 0 1,-6 -1.4025 -5.5 6 16.6 5.5,12.00 x 18.00 x 11.00,-127.3550,-17.5709,41.4836,-133.7729,-40.3519,-13.6631,0.173648 0.50646 0.844598 0.984808 -0.089302 -0.148925 0 0.857627 -0.514272,-127.3550,-41.4836,-17.5709,-138.785 -49.2241 -26.917 -115.925 -33.7431 -8.22489
255,241,2,Robotic Hand_V5/GM12-N20-双出轴-Motor.STEP-11/____________-5.STEP-1,____________-5.STEP-1,26,____________-5.STEP,____________-5.STEP.SLDPRT,GM12-N20-双出轴-Motor.STEP,purchased-internal,purchased-internal,GM12-N20-双出轴-Motor.STEP,True,False,0,False,False,False,False,,False,,-143.6211,-11.3327,42.4755,0.074543 0.844598 0.530187 0.388398 -0.514272 0.764638 0.918472 0.148925 -0.366376,0.074543 0.844598 0.530187 -143.621 0.388398 -0.514272 0.764638 -11.3327 0.918472 0.148925 -0.366376 42.4755 0 0 0 1,-1.25 6 -1.25 1.25 10 1.25,2.50 x 4.00 x 2.50,-136.8643,-15.4468,43.6669,-143.6211,-42.4755,-11.3327,0.074543 -0.530187 0.844598 -0.918472 -0.366376 -0.148925 0.388398 -0.764638 -0.514272,-136.8643,-43.6669,-15.4468,-139.309 -45.5708 -17.9167 -134.419 -41.763 -12.977
256,241,2,Robotic Hand_V5/GM12-N20-双出轴-Motor.STEP-11/____________-5.STEP-2,____________-5.STEP-2,27,____________-5.STEP,____________-5.STEP.SLDPRT,GM12-N20-双出轴-Motor.STEP,purchased-internal,purchased-internal,GM12-N20-双出轴-Motor.STEP,True,False,0,False,False,False,False,,False,,-139.4653,-6.5309,35.4882,-0.379434 0.844598 0.377736 -0.378693 -0.514272 0.76949 0.844169 0.148925 0.514976,-0.379434 0.844598 0.377736 -139.465 -0.378693 -0.514272 0.76949 -6.53093 0.844169 0.148925 0.514976 35.4882 0 0 0 1,-1.25 6 -1.25 1.25 10 1.25,2.50 x 4.00 x 2.50,-132.7085,-10.6451,36.6796,-139.4653,-35.4882,-6.5309,-0.379434 -0.377736 0.844598 -0.844169 0.514976 -0.148925 -0.378693 -0.76949 -0.514272,-132.7085,-36.6796,-10.6451,-135.344 -38.6764 -13.1089 -130.073 -34.6828 -8.18133
257,241,2,Robotic Hand_V5/GM12-N20-双出轴-Motor.STEP-11/____________-5.STEP-3,____________-5.STEP-3,28,____________-5.STEP,____________-5.STEP.SLDPRT,GM12-N20-双出轴-Motor.STEP,purchased-internal,purchased-internal,GM12-N20-双出轴-Motor.STEP,True,False,0,False,False,False,False,,False,,-136.5586,-17.7970,39.8608,-0.862261 0.50646 0.002239 0.504003 0.857627 0.102259 0.04987 0.089302 -0.994755,-0.862261 0.50646 0.002239 -136.559 0.504003 0.857627 0.102259 -17.797 0.04987 0.089302 -0.994755 39.8608 0 0 0 1,-1.25 6 -1.25 1.25 10 1.25,2.50 x 4.00 x 2.50,-132.5069,-10.9359,40.5752,-136.5586,-39.8608,-17.7970,-0.862261 -0.002239 0.50646 -0.04987 -0.994755 -0.089302 0.504003 -0.102259 0.857627,-132.5069,-40.5752,-10.9359,-134.6 -42.0596 -13.409 -130.413 -39.0908 -8.46286
258,241,2,Robotic Hand_V5/GM12-N20-双出轴-Motor.STEP-11/____________-5.STEP-4,____________-5.STEP-4,29,____________-5.STEP,____________-5.STEP.SLDPRT,GM12-N20-双出轴-Motor.STEP,purchased-internal,purchased-internal,GM12-N20-双出轴-Motor.STEP,True,False,0,False,False,False,False,,False,,-131.4940,-9.2207,40.7538,-0.209121 -0.50646 0.836521 0.021694 -0.857627 -0.513815 0.977649 -0.089302 0.190335,-0.209121 -0.50646 0.836521 -131.494 0.021694 -0.857627 -0.513815 -9.22069 0.977649 -0.089302 0.190335 40.7538 0 0 0 1,-1.25 6 -1.25 1.25 10 1.25,2.50 x 4.00 x 2.50,-135.5457,-16.0817,40.0394,-131.4940,-40.7538,-9.2207,-0.209121 -0.836521 -0.50646 -0.977649 0.190335 0.089302 0.021694 0.513815 -0.857627,-135.5457,-40.0394,-16.0817,-137.866 -41.6779 -18.4663 -133.226 -38.4008 -13.6971
259,241,2,Robotic Hand_V5/GM12-N20-双出轴-Motor.STEP-11/Engrenagem reta28-D.STEP-1,Engrenagem reta28-D.STEP-1,30,Engrenagem reta28-D.STEP,Engrenagem reta28-D.STEP.SLDPRT,GM12-N20-双出轴-Motor.STEP,purchased-internal,purchased-internal,GM12-N20-双出轴-Motor.STEP,True,False,0,False,False,True,True,,False,,-122.4894,-19.1344,42.3415,-0.173648 -0.844598 -0.50646 -0 0.514272 -0.857627 0.984808 -0.148925 -0.089302,-0.173648 -0.844598 -0.50646 -122.489 -0 0.514272 -0.857627 -19.1344 0.984808 -0.148925 -0.089302 42.3415 0 0 0 1,-2.78759 -2.78759 -13.8077 2.78759 2.78759 16.2077,5.58 x 5.58 x 30.02,-123.0972,-20.1635,42.2344,-122.4894,-42.3415,-19.1344,-0.173648 0.50646 -0.844598 -0.984808 -0.089302 0.148925 -0 0.857627 0.514272,-123.0972,-42.2344,-20.1635,-133.536 -46.735 -34.4681 -112.658 -37.7338 -5.85893
260,241,2,Robotic Hand_V5/GM12-N20-双出轴-Motor.STEP-11/Engrenagem reta22-11.STEP-1,Engrenagem reta22-11.STEP-1,31,Engrenagem reta22-11.STEP,Engrenagem reta22-11.STEP.SLDPRT,GM12-N20-双出轴-Motor.STEP,purchased-internal,purchased-internal,GM12-N20-双出轴-Motor.STEP,True,False,0,False,False,False,False,,False,,-127.0072,-19.8233,41.5449,0.070098 -0.85941 0.50646 0.062273 0.510488 0.857627 -0.995594 -0.02858 0.089302,0.070098 -0.85941 0.50646 -127.007 0.062273 0.510488 0.857627 -19.8233 -0.995594 -0.02858 0.089302 41.5449 0 0 0 1,-1.79568 -1.8 -0.7 1.79568 1.8 3,3.59 x 3.60 x 3.70,-126.4247,-18.8370,41.6476,-127.0072,-41.5449,-19.8233,0.070098 -0.50646 -0.85941 0.995594 0.089302 0.02858 0.062273 -0.857627 0.510488,-126.4247,-41.6476,-18.8370,-129.034 -43.652 -21.4543 -123.815 -39.6432 -16.2197
261,241,2,Robotic Hand_V5/GM12-N20-双出轴-Motor.STEP-11/WHEEL.STEP-1,WHEEL.STEP-1,32,WHEEL.STEP,WHEEL.STEP.SLDPRT,GM12-N20-双出轴-Motor.STEP,purchased-internal,purchased-internal,GM12-N20-双出轴-Motor.STEP,True,False,0,False,False,False,False,,False,,-138.8180,-30.4040,36.6699,-0.818537 0.50646 0.271101 0.510753 0.857627 -0.060062 -0.262922 0.089302 -0.960675,-0.818537 0.50646 0.271101 -138.818 0.510753 0.857627 -0.060062 -30.404 -0.262922 0.089302 -0.960675 36.6699 0 0 0 1,-1.93657 13.5334 -1.93656 1.93656 21.4334 1.93657,3.87 x 7.90 x 3.87,-129.9633,-15.4098,38.2313,-138.8180,-36.6699,-30.4040,-0.818537 -0.271101 0.50646 0.262922 -0.960675 -0.089302 0.510753 0.060062 0.857627,-129.9633,-38.2313,-15.4098,-134.074 -40.9536 -19.9028 -125.853 -35.5089 -10.9167
262,241,2,Robotic Hand_V5/GM12-N20-双出轴-Motor.STEP-11/WORM.STEP-1,WORM.STEP-1,33,WORM.STEP,WORM.STEP.SLDPRT,GM12-N20-双出轴-Motor.STEP,purchased-internal,purchased-internal,GM12-N20-双出轴-Motor.STEP,True,False,0,False,False,False,False,,False,,-103.6332,-31.7383,45.5116,-0.17557 -0.844598 -0.505797 -0.003256 0.514272 -0.857621 0.984462 -0.148925 -0.093041,-0.17557 -0.844598 -0.505797 -103.633 -0.003256 0.514272 -0.857621 -31.7383 0.984462 -0.148925 -0.093041 45.5116 0 0 0 1,-1.0847 30.4444 -0.996281 1.39137 35.02 1.44217,2.48 x 4.58 x 2.44,-131.4184,-15.0968,40.7671,-103.6332,-45.5116,-31.7383,-0.17557 0.505797 -0.844598 -0.984462 -0.093041 0.148925 -0.003256 0.857621 0.514272,-131.4184,-40.7671,-15.0968,-134.185 -42.4401 -17.323 -128.652 -39.0942 -12.8706
263,241,2,Robotic Hand_V5/GM12-N20-双出轴-Motor.STEP-11/Engrenagem reta22-11.STEP-2,Engrenagem reta22-11.STEP-2,34,Engrenagem reta22-11.STEP,Engrenagem reta22-11.STEP.SLDPRT,GM12-N20-双出轴-Motor.STEP,purchased-internal,purchased-internal,GM12-N20-双出轴-Motor.STEP,True,False,0,False,False,False,False,,False,,-129.1776,-19.9355,39.5651,0.06084 -0.860115 0.50646 0.067766 0.509788 0.857627 -0.995844 -0.017858 0.089302,0.06084 -0.860115 0.50646 -129.178 0.067766 0.509788 0.857627 -19.9355 -0.995844 -0.017858 0.089302 39.5651 0 0 0 1,-1.79568 -1.8 -0.7 1.79568 1.8 3,3.59 x 3.60 x 3.70,-128.5951,-18.9492,39.6678,-129.1776,-39.5651,-19.9355,0.06084 -0.50646 -0.860115 0.995844 0.089302 0.017858 0.067766 -0.857627 0.509788,-128.5951,-39.6678,-18.9492,-131.19 -41.6533 -21.5751 -126.001 -37.6822 -16.3233
264,,1,Robotic Hand_V5/GM12-N20-双出轴-Motor.STEP-12,GM12-N20-双出轴-Motor.STEP-12,1616,GM12-N20-双出轴-Motor.STEP,GM12-N20-双出轴-Motor.STEP.SLDASM,GM12-N20-双出轴-Motor.STEP,motor,motor-GM12,GM12-N20-双出轴-Motor.STEP,False,True,11,False,False,False,False,No,False,,-101.3628,-22.7211,58.2245,-0.173648 -0.844598 -0.506459 -0 0.514272 -0.857627 0.984808 -0.148925 -0.089303,-0.173648 -0.844598 -0.506459 -101.363 -0 0.514272 -0.857627 -22.7211 0.984808 -0.148925 -0.089303 58.2245 0 0 0 1,-18.2107 1 -15.0156 -5.7348 36.2 14.9998,12.48 x 35.20 x 30.02,-114.9893,-13.1488,43.6644,-101.3628,-58.2245,-22.7211,-0.173648 0.506459 -0.844598 -0.984808 -0.089303 0.148925 -0 0.857627 0.514272,-114.9893,-43.6644,-13.1488,-138.538 -53.7689 -35.071 -91.4404 -33.5599 8.77336
265,264,2,Robotic Hand_V5/GM12-N20-双出轴-Motor.STEP-12/M057-8Y01A.STEP-1,M057-8Y01A.STEP-1,24,M057-8Y01A.STEP,M057-8Y01A.STEP.SLDASM,GM12-N20-双出轴-Motor.STEP,purchased-internal,purchased-internal,GM12-N20-双出轴-Motor.STEP,True,True,11,False,False,False,False,,False,,-128.3339,-5.0233,41.3110,-0.173648 0.844598 0.50646 0 -0.514272 0.857627 0.984808 0.148925 0.089302,-0.173648 0.844598 0.50646 -128.334 0 -0.514272 0.857627 -5.02333 0.984808 0.148925 0.089302 41.311 0 0 0 1,-6.23755 -1.8 -5.02292 6.23831 21 5.09668,12.48 x 22.80 x 10.12,-120.2071,-9.9287,42.7443,-128.3339,-41.3110,-5.0233,-0.173648 -0.50646 0.844598 -0.984808 0.089302 -0.148925 0 -0.857627 -0.514272,-120.2071,-42.7443,-9.9287,-133.481 -51.0371 -20.1308 -106.933 -34.4516 0.273418
266,265,3,Robotic Hand_V5/GM12-N20-双出轴-Motor.STEP-12/M057-8Y01A.STEP-1/____________.STEP-1,____________.STEP-1,24,____________.STEP,____________.STEP.SLDPRT,GM12-N20-双出轴-Motor.STEP,purchased-internal,purchased-internal,GM12-N20-双出轴-Motor.STEP,True,False,0,False,False,False,False,,False,,-128.3339,-5.0233,41.3110,-0.173648 0.844598 0.50646 0 -0.514272 0.857627 0.984808 0.148925 0.089302,-0.173648 0.844598 0.50646 -128.334 0 -0.514272 0.857627 -5.02333 0.984808 0.148925 0.089302 41.311 0 0 0 1,-5.91494 -0.8 -5 5.91494 4.4 5,11.83 x 5.20 x 10.00,-126.8136,-5.9490,41.5791,-128.3339,-41.3110,-5.0233,-0.173648 -0.50646 0.844598 -0.984808 0.089302 -0.148925 0 -0.857627 -0.514272,-126.8136,-41.5791,-5.9490,-132.569 -48.2379 -11.5743 -121.058 -34.9203 -0.323774
267,265,3,Robotic Hand_V5/GM12-N20-双出轴-Motor.STEP-12/M057-8Y01A.STEP-1/____.STEP-1,____.STEP-1,25,____.STEP,____.STEP.SLDPRT,GM12-N20-双出轴-Motor.STEP,purchased-internal,purchased-internal,GM12-N20-双出轴-Motor.STEP,True,False,0,False,False,False,False,,False,,-117.1852,-11.8117,43.2768,0.331183 0.844598 -0.420682 0.283268 -0.514272 -0.809496 -0.900043 0.148925 -0.409565,0.331183 0.844598 -0.420682 -117.185 0.283268 -0.514272 -0.809496 -11.8117 -0.900043 0.148925 -0.409565 43.2768 0 0 0 1,-4 -7.5 -4 4 1 3.86421,8.00 x 8.50 x 7.86,-119.9016,-10.0854,42.8206,-117.1852,-43.2768,-11.8117,0.331183 0.420682 0.844598 0.900043 -0.409565 -0.148925 0.283268 0.809496 -0.514272,-119.9016,-42.8206,-10.0854,-126.47 -48.6642 -16.5871 -113.333 -36.977 -3.58363
268,265,3,Robotic Hand_V5/GM12-N20-双出轴-Motor.STEP-12/M057-8Y01A.STEP-1/______.STEP-1,______.STEP-1,26,______.STEP,______.STEP.SLDPRT,GM12-N20-双出轴-Motor.STEP,purchased-internal,purchased-internal,GM12-N20-双出轴-Motor.STEP,True,False,0,False,False,False,False,,False,,-124.1109,-7.5947,42.0556,0.195513 0.844598 0.498427 0.555198 -0.514272 0.653666 0.808412 0.148925 -0.569466,0.195513 0.844598 0.498427 -124.111 0.555198 -0.514272 0.653666 -7.59469 0.808412 0.148925 -0.569466 42.0556 0 0 0 1,-3.25 -2.5025 -3.25 3.25 0.661881 3.25,6.50 x 3.16 x 6.50,-124.8882,-7.1214,41.9186,-124.1109,-42.0556,-7.5947,0.195513 -0.498427 0.844598 -0.808412 -0.569466 -0.148925 0.555198 -0.653666 -0.514272,-124.8882,-41.9186,-7.1214,-128.48 -46.6323 -11.8639 -121.297 -37.2048 -2.37892
269,265,3,Robotic Hand_V5/GM12-N20-双出轴-Motor.STEP-12/M057-8Y01A.STEP-1/____-0.STEP-1,____-0.STEP-1,27,____-0.STEP,____-0.STEP.SLDPRT,GM12-N20-双出轴-Motor.STEP,purchased-internal,purchased-internal,GM12-N20-双出轴-Motor.STEP,True,False,0,False,False,False,False,,False,,-127.0585,-5.7999,41.5359,-0.173648 0.844598 0.50646 0 -0.514272 0.857627 0.984808 0.148925 0.089302,-0.173648 0.844598 0.50646 -127.058 0 -0.514272 0.857627 -5.79993 0.984808 0.148925 0.089302 41.5359 0 0 0 1,-3.21825 -0.010153 -3.66333 3.21825 2.01015 3.66333,6.44 x 2.02 x 7.33,-126.2139,-6.3142,41.6848,-127.0585,-41.5359,-5.7999,-0.173648 -0.50646 0.844598 -0.984808 0.089302 -0.148925 0 -0.857627 -0.514272,-126.2139,-41.6848,-6.3142,-129.481 -45.3317 -9.97546 -122.947 -38.0379 -2.65294
270,265,3,Robotic Hand_V5/GM12-N20-双出轴-Motor.STEP-12/M057-8Y01A.STEP-1/__________.STEP-1,__________.STEP-1,28,__________.STEP,__________.STEP.SLDPRT,GM12-N20-双出轴-Motor.STEP,purchased-internal,purchased-internal,GM12-N20-双出轴-Motor.STEP,True,False,0,False,False,False,False,,False,,-123.5197,-7.9547,42.1599,0.331183 0.844598 -0.420682 0.283268 -0.514272 -0.809496 -0.900043 0.148925 -0.409565,0.331183 0.844598 -0.420682 -123.52 0.283268 -0.514272 -0.809496 -7.95468 -0.900043 0.148925 -0.409565 42.1599 0 0 0 1,-0.99282 -2.8 -1.1 0.99282 0.2 0.7,1.99 x 3.00 x 1.80,-124.5335,-7.1242,42.0482,-123.5197,-42.1599,-7.9547,0.331183 0.420682 0.844598 0.900043 -0.409565 -0.148925 0.283268 0.809496 -0.514272,-124.5335,-42.0482,-7.1242,-126.508 -43.5338 -8.90542 -122.559 -40.5626 -5.34304
271,265,3,Robotic Hand_V5/GM12-N20-双出轴-Motor.STEP-12/M057-8Y01A.STEP-1/____-1.STEP-1,____-1.STEP-1,29,____-1.STEP,____-1.STEP.SLDPRT,GM12-N20-双出轴-Motor.STEP,purchased-internal,purchased-internal,GM12-N20-双出轴-Motor.STEP,True,False,0,False,False,False,False,,False,,-123.5197,-7.9547,42.1599,-0.174912 0.844598 0.506024 -0.002141 -0.514272 0.857624 0.984582 0.148925 0.091761,-0.174912 0.844598 0.506024 -123.52 -0.002141 -0.514272 0.857624 -7.95468 0.984582 0.148925 0.091761 42.1599 0 0 0 1,-5.77332 0 -4.80793 5.77332 8.5 4.80793,11.55 x 8.50 x 9.62,-119.9301,-10.1403,42.7928,-123.5197,-42.1599,-7.9547,-0.174912 -0.506024 0.844598 -0.984582 0.091761 -0.148925 -0.002141 -0.857624 -0.514272,-119.9301,-42.7928,-10.1403,-126.962 -49.5512 -16.4618 -112.898 -36.0344 -3.81892
272,265,3,Robotic Hand_V5/GM12-N20-双出轴-Motor.STEP-12/M057-8Y01A.STEP-1/____-2.STEP-1,____-2.STEP-1,30,____-2.STEP,____-2.STEP.SLDPRT,GM12-N20-双出轴-Motor.STEP,purchased-internal,purchased-internal,GM12-N20-双出轴-Motor.STEP,True,False,0,False,False,False,False,,False,,-125.7263,-6.2833,38.6230,0.173648 -0.844598 0.50646 -0 0.514272 0.857627 -0.984808 -0.148925 0.089302,0.173648 -0.844598 0.50646 -125.726 -0 0.514272 0.857627 -6.2833 -0.984808 -0.148925 0.089302 38.623 0 0 0 1,-0.2 -0 -1 0.2 4.25 1,0.40 x 4.25 x 2.00,-127.5211,-5.1905,38.3065,-125.7263,-38.6230,-6.2833,0.173648 -0.50646 -0.844598 0.984808 0.089302 0.148925 -0 -0.857627 0.514272,-127.5211,-38.3065,-5.1905,-129.857 -38.9092 -7.14092 -125.185 -37.7038 -3.24001
273,265,3,Robotic Hand_V5/GM12-N20-双出轴-Motor.STEP-12/M057-8Y01A.STEP-1/____-2.STEP-2,____-2.STEP-2,31,____-2.STEP,____-2.STEP.SLDPRT,GM12-N20-双出轴-Motor.STEP,purchased-internal,purchased-internal,GM12-N20-双出轴-Motor.STEP,True,False,0,False,False,False,False,,False,,-126.8029,-6.2833,44.7288,-0.173648 -0.844598 -0.50646 0 0.514272 -0.857627 0.984808 -0.148925 -0.089302,-0.173648 -0.844598 -0.50646 -126.803 0 0.514272 -0.857627 -6.28329 0.984808 -0.148925 -0.089302 44.7288 0 0 0 1,-0.2 -0 -1 0.2 4.25 1,0.40 x 4.25 x 2.00,-128.5977,-5.1905,44.4123,-126.8029,-44.7288,-6.2833,-0.173648 0.50646 -0.844598 -0.984808 -0.089302 0.148925 0 0.857627 0.514272,-128.5977,-44.4123,-5.1905,-130.934 -45.015 -7.14092 -126.262 -43.8096 -3.24001
274,265,3,Robotic Hand_V5/GM12-N20-双出轴-Motor.STEP-12/M057-8Y01A.STEP-1/________.STEP-1,________.STEP-1,32,________.STEP,________.STEP.SLDPRT,GM12-N20-双出轴-Motor.STEP,purchased-internal,purchased-internal,GM12-N20-双出轴-Motor.STEP,True,False,0,False,False,False,False,,False,,-115.7487,-12.6928,43.5028,-0.173648 0.844598 0.50646 -0 -0.514272 0.857627 0.984808 0.148925 0.089302,-0.173648 0.844598 0.50646 -115.749 -0 -0.514272 0.857627 -12.6928 0.984808 0.148925 0.089302 43.5028 0 0 0 1,-6.21067 -13.5245 -5.01502 6.2652 0.9 5.03081,12.48 x 14.42 x 10.05,-121.0808,-9.4398,42.5903,-115.7487,-43.5028,-12.6928,-0.173648 -0.50646 0.844598 -0.984808 0.089302 -0.148925 -0 -0.857627 -0.514272,-121.0808,-42.5903,-9.4398,-130.799 -50.2561 -17.4566 -111.362 -34.9245 -1.4229
275,265,3,Robotic Hand_V5/GM12-N20-双出轴-Motor.STEP-12/M057-8Y01A.STEP-1/__.STEP-1,__.STEP-1,33,__.STEP,__.STEP.SLDPRT,GM12-N20-双出轴-Motor.STEP,purchased-internal,purchased-internal,GM12-N20-双出轴-Motor.STEP,True,False,0,False,False,False,False,,False,,-113.1311,-14.2802,43.9916,0.442865 -0.844598 0.300875 0.514737 0.514272 0.685981 -0.73411 -0.148925 0.662498,0.442865 -0.844598 0.300875 -113.131 0.514737 0.514272 0.685981 -14.2802 -0.73411 -0.148925 0.662498 43.9916 0 0 0 1,-0.5 -3 -0.5 0.5 18.6 0.5,1.00 x 21.60 x 1.00,-119.7190,-10.2689,42.8300,-113.1311,-43.9916,-14.2802,0.442865 -0.300875 -0.844598 0.73411 0.662498 0.148925 0.514737 -0.685981 0.514272,-119.7190,-42.8300,-10.2689,-129.213 -45.1367 -16.4234 -110.225 -40.5233 -4.1144
276,265,3,Robotic Hand_V5/GM12-N20-双出轴-Motor.STEP-12/M057-8Y01A.STEP-1/________-3.STEP-1,________-3.STEP-1,34,________-3.STEP,________-3.STEP.SLDPRT,GM12-N20-双出轴-Motor.STEP,purchased-internal,purchased-internal,GM12-N20-双出轴-Motor.STEP,True,False,0,False,False,False,False,,False,,-126.3237,-6.2473,41.6654,-0.534341 0.844598 0.033685 -0.792159 -0.514272 0.328646 0.294897 0.148925 0.943852,-0.534341 0.844598 0.033685 -126.324 -0.792159 -0.514272 0.328646 -6.2473 0.294897 0.148925 0.943852 41.6654 0 0 0 1,-0.9 -0.02 -0.9 0.9 0.12 0.9,1.80 x 0.14 x 1.80,-126.2815,-6.2730,41.6729,-126.3237,-41.6654,-6.2473,-0.534341 -0.033685 0.844598 -0.294897 0.943852 -0.148925 -0.792159 -0.328646 -0.514272,-126.2815,-41.6729,-6.2730,-126.852 -42.7982 -7.31773 -125.711 -40.5476 -5.22829
277,264,2,Robotic Hand_V5/GM12-N20-双出轴-Motor.STEP-12/__________-4.STEP-1,__________-4.STEP-1,25,__________-4.STEP,__________-4.STEP.SLDPRT,GM12-N20-双出轴-Motor.STEP,purchased-internal,purchased-internal,GM12-N20-双出轴-Motor.STEP,True,False,0,False,False,True,True,,False,,-114.1446,-13.6631,43.8129,0.173648 0.844598 -0.50646 0 -0.514272 -0.857627 -0.984808 0.148925 -0.089302,0.173648 0.844598 -0.50646 -114.145 0 -0.514272 -0.857627 -13.6631 -0.984808 0.148925 -0.089302 43.8129 0 0 0 1,-6 -1.4025 -5.5 6 16.6 5.5,12.00 x 18.00 x 11.00,-107.7267,-17.5709,44.9446,-114.1446,-43.8129,-13.6631,0.173648 0.50646 0.844598 0.984808 -0.089302 -0.148925 0 0.857627 -0.514272,-107.7267,-44.9446,-17.5709,-119.157 -52.6851 -26.917 -96.2969 -37.2041 -8.22489
278,264,2,Robotic Hand_V5/GM12-N20-双出轴-Motor.STEP-12/____________-5.STEP-1,____________-5.STEP-1,26,____________-5.STEP,____________-5.STEP.SLDPRT,GM12-N20-双出轴-Motor.STEP,purchased-internal,purchased-internal,GM12-N20-双出轴-Motor.STEP,True,False,0,False,False,False,False,,False,,-123.9928,-11.3327,45.9365,0.074543 0.844598 0.530187 0.388398 -0.514272 0.764638 0.918472 0.148925 -0.366376,0.074543 0.844598 0.530187 -123.993 0.388398 -0.514272 0.764638 -11.3327 0.918472 0.148925 -0.366376 45.9365 0 0 0 1,-1.25 6 -1.25 1.25 10 1.25,2.50 x 4.00 x 2.50,-117.2361,-15.4468,47.1279,-123.9928,-45.9365,-11.3327,0.074543 -0.530187 0.844598 -0.918472 -0.366376 -0.148925 0.388398 -0.764638 -0.514272,-117.2361,-47.1279,-15.4468,-119.681 -49.0318 -17.9167 -114.791 -45.2239 -12.977
279,264,2,Robotic Hand_V5/GM12-N20-双出轴-Motor.STEP-12/____________-5.STEP-2,____________-5.STEP-2,27,____________-5.STEP,____________-5.STEP.SLDPRT,GM12-N20-双出轴-Motor.STEP,purchased-internal,purchased-internal,GM12-N20-双出轴-Motor.STEP,True,False,0,False,False,False,False,,False,,-119.8370,-6.5309,38.9492,-0.379434 0.844598 0.377736 -0.378693 -0.514272 0.76949 0.844169 0.148925 0.514976,-0.379434 0.844598 0.377736 -119.837 -0.378693 -0.514272 0.76949 -6.53093 0.844169 0.148925 0.514976 38.9492 0 0 0 1,-1.25 6 -1.25 1.25 10 1.25,2.50 x 4.00 x 2.50,-113.0803,-10.6451,40.1406,-119.8370,-38.9492,-6.5309,-0.379434 -0.377736 0.844598 -0.844169 0.514976 -0.148925 -0.378693 -0.76949 -0.514272,-113.0803,-40.1406,-10.6451,-115.716 -42.1374 -13.1089 -110.445 -38.1438 -8.18133
280,264,2,Robotic Hand_V5/GM12-N20-双出轴-Motor.STEP-12/____________-5.STEP-3,____________-5.STEP-3,28,____________-5.STEP,____________-5.STEP.SLDPRT,GM12-N20-双出轴-Motor.STEP,purchased-internal,purchased-internal,GM12-N20-双出轴-Motor.STEP,True,False,0,False,False,False,False,,False,,-116.9303,-17.7970,43.3217,-0.862261 0.50646 0.002239 0.504003 0.857627 0.102259 0.04987 0.089302 -0.994755,-0.862261 0.50646 0.002239 -116.93 0.504003 0.857627 0.102259 -17.797 0.04987 0.089302 -0.994755 43.3217 0 0 0 1,-1.25 6 -1.25 1.25 10 1.25,2.50 x 4.00 x 2.50,-112.8786,-10.9359,44.0362,-116.9303,-43.3217,-17.7970,-0.862261 -0.002239 0.50646 -0.04987 -0.994755 -0.089302 0.504003 -0.102259 0.857627,-112.8786,-44.0362,-10.9359,-114.972 -45.5206 -13.409 -110.785 -42.5518 -8.46286
281,264,2,Robotic Hand_V5/GM12-N20-双出轴-Motor.STEP-12/____________-5.STEP-4,____________-5.STEP-4,29,____________-5.STEP,____________-5.STEP.SLDPRT,GM12-N20-双出轴-Motor.STEP,purchased-internal,purchased-internal,GM12-N20-双出轴-Motor.STEP,True,False,0,False,False,False,False,,False,,-111.8657,-9.2207,44.2148,-0.209121 -0.50646 0.836521 0.021694 -0.857627 -0.513815 0.977649 -0.089302 0.190335,-0.209121 -0.50646 0.836521 -111.866 0.021694 -0.857627 -0.513815 -9.22069 0.977649 -0.089302 0.190335 44.2148 0 0 0 1,-1.25 6 -1.25 1.25 10 1.25,2.50 x 4.00 x 2.50,-115.9174,-16.0817,43.5004,-111.8657,-44.2148,-9.2207,-0.209121 -0.836521 -0.50646 -0.977649 0.190335 0.089302 0.021694 0.513815 -0.857627,-115.9174,-43.5004,-16.0817,-118.237 -45.1389 -18.4663 -113.597 -41.8618 -13.6971
282,264,2,Robotic Hand_V5/GM12-N20-双出轴-Motor.STEP-12/Engrenagem reta28-D.STEP-1,Engrenagem reta28-D.STEP-1,30,Engrenagem reta28-D.STEP,Engrenagem reta28-D.STEP.SLDPRT,GM12-N20-双出轴-Motor.STEP,purchased-internal,purchased-internal,GM12-N20-双出轴-Motor.STEP,True,False,0,False,False,True,True,,False,,-102.8612,-19.1344,45.8025,-0.173648 -0.844598 -0.50646 -0 0.514272 -0.857627 0.984808 -0.148925 -0.089302,-0.173648 -0.844598 -0.50646 -102.861 -0 0.514272 -0.857627 -19.1344 0.984808 -0.148925 -0.089302 45.8025 0 0 0 1,-2.78759 -2.78759 -13.8077 2.78759 2.78759 16.2077,5.58 x 5.58 x 30.02,-103.4689,-20.1635,45.6954,-102.8612,-45.8025,-19.1344,-0.173648 0.50646 -0.844598 -0.984808 -0.089302 0.148925 -0 0.857627 0.514272,-103.4689,-45.6954,-20.1635,-113.908 -50.196 -34.4681 -93.0297 -41.1947 -5.85893
283,264,2,Robotic Hand_V5/GM12-N20-双出轴-Motor.STEP-12/Engrenagem reta22-11.STEP-1,Engrenagem reta22-11.STEP-1,31,Engrenagem reta22-11.STEP,Engrenagem reta22-11.STEP.SLDPRT,GM12-N20-双出轴-Motor.STEP,purchased-internal,purchased-internal,GM12-N20-双出轴-Motor.STEP,True,False,0,False,False,False,False,,False,,-107.3789,-19.8233,45.0059,0.070098 -0.85941 0.50646 0.062273 0.510488 0.857627 -0.995594 -0.02858 0.089302,0.070098 -0.85941 0.50646 -107.379 0.062273 0.510488 0.857627 -19.8233 -0.995594 -0.02858 0.089302 45.0059 0 0 0 1,-1.79568 -1.8 -0.7 1.79568 1.8 3,3.59 x 3.60 x 3.70,-106.7965,-18.8370,45.1086,-107.3789,-45.0059,-19.8233,0.070098 -0.50646 -0.85941 0.995594 0.089302 0.02858 0.062273 -0.857627 0.510488,-106.7965,-45.1086,-18.8370,-109.406 -47.113 -21.4543 -104.187 -43.1042 -16.2197
284,264,2,Robotic Hand_V5/GM12-N20-双出轴-Motor.STEP-12/WHEEL.STEP-1,WHEEL.STEP-1,32,WHEEL.STEP,WHEEL.STEP.SLDPRT,GM12-N20-双出轴-Motor.STEP,purchased-internal,purchased-internal,GM12-N20-双出轴-Motor.STEP,True,False,0,False,False,False,False,,False,,-119.1897,-30.4040,40.1309,-0.818537 0.50646 0.271101 0.510753 0.857627 -0.060062 -0.262922 0.089302 -0.960675,-0.818537 0.50646 0.271101 -119.19 0.510753 0.857627 -0.060062 -30.404 -0.262922 0.089302 -0.960675 40.1309 0 0 0 1,-1.93657 13.5334 -1.93656 1.93656 21.4334 1.93657,3.87 x 7.90 x 3.87,-110.3351,-15.4098,41.6922,-119.1897,-40.1309,-30.4040,-0.818537 -0.271101 0.50646 0.262922 -0.960675 -0.089302 0.510753 0.060062 0.857627,-110.3351,-41.6922,-15.4098,-114.446 -44.4146 -19.9028 -106.224 -38.9699 -10.9167
285,264,2,Robotic Hand_V5/GM12-N20-双出轴-Motor.STEP-12/WORM.STEP-1,WORM.STEP-1,33,WORM.STEP,WORM.STEP.SLDPRT,GM12-N20-双出轴-Motor.STEP,purchased-internal,purchased-internal,GM12-N20-双出轴-Motor.STEP,True,False,0,False,False,False,False,,False,,-84.0049,-31.7383,48.9725,-0.17557 -0.844598 -0.505797 -0.003256 0.514272 -0.857621 0.984462 -0.148925 -0.093041,-0.17557 -0.844598 -0.505797 -84.0049 -0.003256 0.514272 -0.857621 -31.7383 0.984462 -0.148925 -0.093041 48.9725 0 0 0 1,-1.0847 30.4444 -0.996281 1.39137 35.02 1.44217,2.48 x 4.58 x 2.44,-111.7901,-15.0968,44.2281,-84.0049,-48.9725,-31.7383,-0.17557 0.505797 -0.844598 -0.984462 -0.093041 0.148925 -0.003256 0.857621 0.514272,-111.7901,-44.2281,-15.0968,-114.556 -45.901 -17.323 -109.024 -42.5552 -12.8706
286,264,2,Robotic Hand_V5/GM12-N20-双出轴-Motor.STEP-12/Engrenagem reta22-11.STEP-2,Engrenagem reta22-11.STEP-2,34,Engrenagem reta22-11.STEP,Engrenagem reta22-11.STEP.SLDPRT,GM12-N20-双出轴-Motor.STEP,purchased-internal,purchased-internal,GM12-N20-双出轴-Motor.STEP,True,False,0,False,False,False,False,,False,,-109.5493,-19.9355,43.0261,0.06084 -0.860115 0.50646 0.067766 0.509788 0.857627 -0.995844 -0.017858 0.089302,0.06084 -0.860115 0.50646 -109.549 0.067766 0.509788 0.857627 -19.9355 -0.995844 -0.017858 0.089302 43.0261 0 0 0 1,-1.79568 -1.8 -0.7 1.79568 1.8 3,3.59 x 3.60 x 3.70,-108.9669,-18.9492,43.1288,-109.5493,-43.0261,-19.9355,0.06084 -0.50646 -0.860115 0.995844 0.089302 0.017858 0.067766 -0.857627 0.509788,-108.9669,-43.1288,-18.9492,-111.561 -45.1143 -21.5751 -106.372 -41.1432 -16.3233
287,,1,Robotic Hand_V5/GM12-N20-双出轴-Motor.STEP-14,GM12-N20-双出轴-Motor.STEP-14,1621,GM12-N20-双出轴-Motor.STEP,GM12-N20-双出轴-Motor.STEP.SLDASM,GM12-N20-双出轴-Motor.STEP,motor,motor-GM12,GM12-N20-双出轴-Motor.STEP,False,True,11,False,False,False,False,No,False,,-81.7345,-22.7211,61.6855,-0.173648 -0.844598 -0.506459 -0 0.514272 -0.857627 0.984808 -0.148925 -0.089303,-0.173648 -0.844598 -0.506459 -81.7345 -0 0.514272 -0.857627 -22.7211 0.984808 -0.148925 -0.089303 61.6855 0 0 0 1,-18.2107 1 -15.0156 -5.7348 36.2 14.9998,12.48 x 35.20 x 30.02,-95.3610,-13.1488,47.1253,-81.7345,-61.6855,-22.7211,-0.173648 0.506459 -0.844598 -0.984808 -0.089303 0.148925 -0 0.857627 0.514272,-95.3610,-47.1253,-13.1488,-118.91 -57.2298 -35.071 -71.8121 -37.0208 8.77336
288,287,2,Robotic Hand_V5/GM12-N20-双出轴-Motor.STEP-14/M057-8Y01A.STEP-1,M057-8Y01A.STEP-1,24,M057-8Y01A.STEP,M057-8Y01A.STEP.SLDASM,GM12-N20-双出轴-Motor.STEP,purchased-internal,purchased-internal,GM12-N20-双出轴-Motor.STEP,True,True,11,False,False,False,False,,False,,-108.7056,-5.0233,44.7719,-0.173648 0.844598 0.50646 0 -0.514272 0.857627 0.984808 0.148925 0.089302,-0.173648 0.844598 0.50646 -108.706 0 -0.514272 0.857627 -5.02333 0.984808 0.148925 0.089302 44.7719 0 0 0 1,-6.23755 -1.8 -5.02292 6.23831 21 5.09668,12.48 x 22.80 x 10.12,-100.5788,-9.9287,46.2053,-108.7056,-44.7719,-5.0233,-0.173648 -0.50646 0.844598 -0.984808 0.089302 -0.148925 0 -0.857627 -0.514272,-100.5788,-46.2053,-9.9287,-113.853 -54.498 -20.1308 -87.3046 -37.9125 0.273418
289,288,3,Robotic Hand_V5/GM12-N20-双出轴-Motor.STEP-14/M057-8Y01A.STEP-1/____________.STEP-1,____________.STEP-1,24,____________.STEP,____________.STEP.SLDPRT,GM12-N20-双出轴-Motor.STEP,purchased-internal,purchased-internal,GM12-N20-双出轴-Motor.STEP,True,False,0,False,False,False,False,,False,,-108.7056,-5.0233,44.7719,-0.173648 0.844598 0.50646 0 -0.514272 0.857627 0.984808 0.148925 0.089302,-0.173648 0.844598 0.50646 -108.706 0 -0.514272 0.857627 -5.02333 0.984808 0.148925 0.089302 44.7719 0 0 0 1,-5.91494 -0.8 -5 5.91494 4.4 5,11.83 x 5.20 x 10.00,-107.1853,-5.9490,45.0400,-108.7056,-44.7719,-5.0233,-0.173648 -0.50646 0.844598 -0.984808 0.089302 -0.148925 0 -0.857627 -0.514272,-107.1853,-45.0400,-5.9490,-112.941 -51.6988 -11.5743 -101.43 -38.3812 -0.323774
290,288,3,Robotic Hand_V5/GM12-N20-双出轴-Motor.STEP-14/M057-8Y01A.STEP-1/____.STEP-1,____.STEP-1,25,____.STEP,____.STEP.SLDPRT,GM12-N20-双出轴-Motor.STEP,purchased-internal,purchased-internal,GM12-N20-双出轴-Motor.STEP,True,False,0,False,False,False,False,,False,,-97.5569,-11.8117,46.7377,0.331183 0.844598 -0.420682 0.283268 -0.514272 -0.809496 -0.900043 0.148925 -0.409565,0.331183 0.844598 -0.420682 -97.5569 0.283268 -0.514272 -0.809496 -11.8117 -0.900043 0.148925 -0.409565 46.7377 0 0 0 1,-4 -7.5 -4 4 1 3.86421,8.00 x 8.50 x 7.86,-100.2733,-10.0854,46.2815,-97.5569,-46.7377,-11.8117,0.331183 0.420682 0.844598 0.900043 -0.409565 -0.148925 0.283268 0.809496 -0.514272,-100.2733,-46.2815,-10.0854,-106.842 -52.1251 -16.5871 -93.7049 -40.438 -3.58363
291,288,3,Robotic Hand_V5/GM12-N20-双出轴-Motor.STEP-14/M057-8Y01A.STEP-1/______.STEP-1,______.STEP-1,26,______.STEP,______.STEP.SLDPRT,GM12-N20-双出轴-Motor.STEP,purchased-internal,purchased-internal,GM12-N20-双出轴-Motor.STEP,True,False,0,False,False,False,False,,False,,-104.4826,-7.5947,45.5166,0.195513 0.844598 0.498427 0.555198 -0.514272 0.653666 0.808412 0.148925 -0.569466,0.195513 0.844598 0.498427 -104.483 0.555198 -0.514272 0.653666 -7.59469 0.808412 0.148925 -0.569466 45.5166 0 0 0 1,-3.25 -2.5025 -3.25 3.25 0.661881 3.25,6.50 x 3.16 x 6.50,-105.2599,-7.1214,45.3795,-104.4826,-45.5166,-7.5947,0.195513 -0.498427 0.844598 -0.808412 -0.569466 -0.148925 0.555198 -0.653666 -0.514272,-105.2599,-45.3795,-7.1214,-108.852 -50.0932 -11.8639 -101.668 -40.6658 -2.37892
292,288,3,Robotic Hand_V5/GM12-N20-双出轴-Motor.STEP-14/M057-8Y01A.STEP-1/____-0.STEP-1,____-0.STEP-1,27,____-0.STEP,____-0.STEP.SLDPRT,GM12-N20-双出轴-Motor.STEP,purchased-internal,purchased-internal,GM12-N20-双出轴-Motor.STEP,True,False,0,False,False,False,False,,False,,-107.4302,-5.7999,44.9968,-0.173648 0.844598 0.50646 0 -0.514272 0.857627 0.984808 0.148925 0.089302,-0.173648 0.844598 0.50646 -107.43 0 -0.514272 0.857627 -5.79993 0.984808 0.148925 0.089302 44.9968 0 0 0 1,-3.21825 -0.010153 -3.66333 3.21825 2.01015 3.66333,6.44 x 2.02 x 7.33,-106.5856,-6.3142,45.1457,-107.4302,-44.9968,-5.7999,-0.173648 -0.50646 0.844598 -0.984808 0.089302 -0.148925 0 -0.857627 -0.514272,-106.5856,-45.1457,-6.3142,-109.853 -48.7927 -9.97546 -103.318 -41.4988 -2.65294
293,288,3,Robotic Hand_V5/GM12-N20-双出轴-Motor.STEP-14/M057-8Y01A.STEP-1/__________.STEP-1,__________.STEP-1,28,__________.STEP,__________.STEP.SLDPRT,GM12-N20-双出轴-Motor.STEP,purchased-internal,purchased-internal,GM12-N20-双出轴-Motor.STEP,True,False,0,False,False,False,False,,False,,-103.8914,-7.9547,45.6208,0.331183 0.844598 -0.420682 0.283268 -0.514272 -0.809496 -0.900043 0.148925 -0.409565,0.331183 0.844598 -0.420682 -103.891 0.283268 -0.514272 -0.809496 -7.95468 -0.900043 0.148925 -0.409565 45.6208 0 0 0 1,-0.99282 -2.8 -1.1 0.99282 0.2 0.7,1.99 x 3.00 x 1.80,-104.9052,-7.1242,45.5091,-103.8914,-45.6208,-7.9547,0.331183 0.420682 0.844598 0.900043 -0.409565 -0.148925 0.283268 0.809496 -0.514272,-104.9052,-45.5091,-7.1242,-106.88 -46.9947 -8.90542 -102.931 -44.0235 -5.34304
294,288,3,Robotic Hand_V5/GM12-N20-双出轴-Motor.STEP-14/M057-8Y01A.STEP-1/____-1.STEP-1,____-1.STEP-1,29,____-1.STEP,____-1.STEP.SLDPRT,GM12-N20-双出轴-Motor.STEP,purchased-internal,purchased-internal,GM12-N20-双出轴-Motor.STEP,True,False,0,False,False,False,False,,False,,-103.8914,-7.9547,45.6208,-0.174912 0.844598 0.506024 -0.002141 -0.514272 0.857624 0.984582 0.148925 0.091761,-0.174912 0.844598 0.506024 -103.891 -0.002141 -0.514272 0.857624 -7.95468 0.984582 0.148925 0.091761 45.6208 0 0 0 1,-5.77332 0 -4.80793 5.77332 8.5 4.80793,11.55 x 8.50 x 9.62,-100.3018,-10.1403,46.2537,-103.8914,-45.6208,-7.9547,-0.174912 -0.506024 0.844598 -0.984582 0.091761 -0.148925 -0.002141 -0.857624 -0.514272,-100.3018,-46.2537,-10.1403,-107.334 -53.0122 -16.4618 -93.2696 -39.4953 -3.81892
295,288,3,Robotic Hand_V5/GM12-N20-双出轴-Motor.STEP-14/M057-8Y01A.STEP-1/____-2.STEP-1,____-2.STEP-1,30,____-2.STEP,____-2.STEP.SLDPRT,GM12-N20-双出轴-Motor.STEP,purchased-internal,purchased-internal,GM12-N20-双出轴-Motor.STEP,True,False,0,False,False,False,False,,False,,-106.0980,-6.2833,42.0839,0.173648 -0.844598 0.50646 -0 0.514272 0.857627 -0.984808 -0.148925 0.089302,0.173648 -0.844598 0.50646 -106.098 -0 0.514272 0.857627 -6.2833 -0.984808 -0.148925 0.089302 42.0839 0 0 0 1,-0.2 -0 -1 0.2 4.25 1,0.40 x 4.25 x 2.00,-107.8928,-5.1905,41.7674,-106.0980,-42.0839,-6.2833,0.173648 -0.50646 -0.844598 0.984808 0.089302 0.148925 -0 -0.857627 0.514272,-107.8928,-41.7674,-5.1905,-110.229 -42.3702 -7.14092 -105.557 -41.1647 -3.24001
296,288,3,Robotic Hand_V5/GM12-N20-双出轴-Motor.STEP-14/M057-8Y01A.STEP-1/____-2.STEP-2,____-2.STEP-2,31,____-2.STEP,____-2.STEP.SLDPRT,GM12-N20-双出轴-Motor.STEP,purchased-internal,purchased-internal,GM12-N20-双出轴-Motor.STEP,True,False,0,False,False,False,False,,False,,-107.1746,-6.2833,48.1897,-0.173648 -0.844598 -0.50646 0 0.514272 -0.857627 0.984808 -0.148925 -0.089302,-0.173648 -0.844598 -0.50646 -107.175 0 0.514272 -0.857627 -6.28329 0.984808 -0.148925 -0.089302 48.1897 0 0 0 1,-0.2 -0 -1 0.2 4.25 1,0.40 x 4.25 x 2.00,-108.9694,-5.1905,47.8732,-107.1746,-48.1897,-6.2833,-0.173648 0.50646 -0.844598 -0.984808 -0.089302 0.148925 0 0.857627 0.514272,-108.9694,-47.8732,-5.1905,-111.305 -48.476 -7.14092 -106.633 -47.2705 -3.24001
297,288,3,Robotic Hand_V5/GM12-N20-双出轴-Motor.STEP-14/M057-8Y01A.STEP-1/________.STEP-1,________.STEP-1,32,________.STEP,________.STEP.SLDPRT,GM12-N20-双出轴-Motor.STEP,purchased-internal,purchased-internal,GM12-N20-双出轴-Motor.STEP,True,False,0,False,False,False,False,,False,,-96.1204,-12.6928,46.9637,-0.173648 0.844598 0.50646 -0 -0.514272 0.857627 0.984808 0.148925 0.089302,-0.173648 0.844598 0.50646 -96.1204 -0 -0.514272 0.857627 -12.6928 0.984808 0.148925 0.089302 46.9637 0 0 0 1,-6.21067 -13.5245 -5.01502 6.2652 0.9 5.03081,12.48 x 14.42 x 10.05,-101.4525,-9.4398,46.0512,-96.1204,-46.9637,-12.6928,-0.173648 -0.50646 0.844598 -0.984808 0.089302 -0.148925 -0 -0.857627 -0.514272,-101.4525,-46.0512,-9.4398,-111.171 -53.717 -17.4566 -91.7339 -38.3854 -1.4229
298,288,3,Robotic Hand_V5/GM12-N20-双出轴-Motor.STEP-14/M057-8Y01A.STEP-1/__.STEP-1,__.STEP-1,33,__.STEP,__.STEP.SLDPRT,GM12-N20-双出轴-Motor.STEP,purchased-internal,purchased-internal,GM12-N20-双出轴-Motor.STEP,True,False,0,False,False,False,False,,False,,-93.5028,-14.2802,47.4526,0.442865 -0.844598 0.300875 0.514737 0.514272 0.685981 -0.73411 -0.148925 0.662498,0.442865 -0.844598 0.300875 -93.5028 0.514737 0.514272 0.685981 -14.2802 -0.73411 -0.148925 0.662498 47.4526 0 0 0 1,-0.5 -3 -0.5 0.5 18.6 0.5,1.00 x 21.60 x 1.00,-100.0907,-10.2689,46.2910,-93.5028,-47.4526,-14.2802,0.442865 -0.300875 -0.844598 0.73411 0.662498 0.148925 0.514737 -0.685981 0.514272,-100.0907,-46.2910,-10.2689,-109.584 -48.5977 -16.4234 -90.5972 -43.9843 -4.1144
299,288,3,Robotic Hand_V5/GM12-N20-双出轴-Motor.STEP-14/M057-8Y01A.STEP-1/________-3.STEP-1,________-3.STEP-1,34,________-3.STEP,________-3.STEP.SLDPRT,GM12-N20-双出轴-Motor.STEP,purchased-internal,purchased-internal,GM12-N20-双出轴-Motor.STEP,True,False,0,False,False,False,False,,False,,-106.6955,-6.2473,45.1264,-0.534341 0.844598 0.033685 -0.792159 -0.514272 0.328646 0.294897 0.148925 0.943852,-0.534341 0.844598 0.033685 -106.695 -0.792159 -0.514272 0.328646 -6.2473 0.294897 0.148925 0.943852 45.1264 0 0 0 1,-0.9 -0.02 -0.9 0.9 0.12 0.9,1.80 x 0.14 x 1.80,-106.6532,-6.2730,45.1338,-106.6955,-45.1264,-6.2473,-0.534341 -0.033685 0.844598 -0.294897 0.943852 -0.148925 -0.792159 -0.328646 -0.514272,-106.6532,-45.1338,-6.2730,-107.224 -46.2591 -7.31773 -106.083 -44.0085 -5.22829
300,287,2,Robotic Hand_V5/GM12-N20-双出轴-Motor.STEP-14/__________-4.STEP-1,__________-4.STEP-1,25,__________-4.STEP,__________-4.STEP.SLDPRT,GM12-N20-双出轴-Motor.STEP,purchased-internal,purchased-internal,GM12-N20-双出轴-Motor.STEP,True,False,0,False,False,True,True,,False,,-94.5164,-13.6631,47.2739,0.173648 0.844598 -0.50646 0 -0.514272 -0.857627 -0.984808 0.148925 -0.089302,0.173648 0.844598 -0.50646 -94.5164 0 -0.514272 -0.857627 -13.6631 -0.984808 0.148925 -0.089302 47.2739 0 0 0 1,-6 -1.4025 -5.5 6 16.6 5.5,12.00 x 18.00 x 11.00,-88.0985,-17.5709,48.4055,-94.5164,-47.2739,-13.6631,0.173648 0.50646 0.844598 0.984808 -0.089302 -0.148925 0 0.857627 -0.514272,-88.0985,-48.4055,-17.5709,-99.5283 -56.146 -26.917 -76.6686 -40.665 -8.22489
301,287,2,Robotic Hand_V5/GM12-N20-双出轴-Motor.STEP-14/____________-5.STEP-1,____________-5.STEP-1,26,____________-5.STEP,____________-5.STEP.SLDPRT,GM12-N20-双出轴-Motor.STEP,purchased-internal,purchased-internal,GM12-N20-双出轴-Motor.STEP,True,False,0,False,False,False,False,,False,,-104.3646,-11.3327,49.3974,0.074543 0.844598 0.530187 0.388398 -0.514272 0.764638 0.918472 0.148925 -0.366376,0.074543 0.844598 0.530187 -104.365 0.388398 -0.514272 0.764638 -11.3327 0.918472 0.148925 -0.366376 49.3974 0 0 0 1,-1.25 6 -1.25 1.25 10 1.25,2.50 x 4.00 x 2.50,-97.6078,-15.4468,50.5888,-104.3646,-49.3974,-11.3327,0.074543 -0.530187 0.844598 -0.918472 -0.366376 -0.148925 0.388398 -0.764638 -0.514272,-97.6078,-50.5888,-15.4468,-100.053 -52.4927 -17.9167 -95.1627 -48.6849 -12.977
302,287,2,Robotic Hand_V5/GM12-N20-双出轴-Motor.STEP-14/____________-5.STEP-2,____________-5.STEP-2,27,____________-5.STEP,____________-5.STEP.SLDPRT,GM12-N20-双出轴-Motor.STEP,purchased-internal,purchased-internal,GM12-N20-双出轴-Motor.STEP,True,False,0,False,False,False,False,,False,,-100.2087,-6.5309,42.4101,-0.379434 0.844598 0.377736 -0.378693 -0.514272 0.76949 0.844169 0.148925 0.514976,-0.379434 0.844598 0.377736 -100.209 -0.378693 -0.514272 0.76949 -6.53093 0.844169 0.148925 0.514976 42.4101 0 0 0 1,-1.25 6 -1.25 1.25 10 1.25,2.50 x 4.00 x 2.50,-93.4520,-10.6451,43.6015,-100.2087,-42.4101,-6.5309,-0.379434 -0.377736 0.844598 -0.844169 0.514976 -0.148925 -0.378693 -0.76949 -0.514272,-93.4520,-43.6015,-10.6451,-96.0876 -45.5983 -13.1089 -90.8163 -41.6048 -8.18133
303,287,2,Robotic Hand_V5/GM12-N20-双出轴-Motor.STEP-14/____________-5.STEP-3,____________-5.STEP-3,28,____________-5.STEP,____________-5.STEP.SLDPRT,GM12-N20-双出轴-Motor.STEP,purchased-internal,purchased-internal,GM12-N20-双出轴-Motor.STEP,True,False,0,False,False,False,False,,False,,-97.3020,-17.7970,46.7827,-0.862261 0.50646 0.002239 0.504003 0.857627 0.102259 0.04987 0.089302 -0.994755,-0.862261 0.50646 0.002239 -97.302 0.504003 0.857627 0.102259 -17.797 0.04987 0.089302 -0.994755 46.7827 0 0 0 1,-1.25 6 -1.25 1.25 10 1.25,2.50 x 4.00 x 2.50,-93.2504,-10.9359,47.4971,-97.3020,-46.7827,-17.7970,-0.862261 -0.002239 0.50646 -0.04987 -0.994755 -0.089302 0.504003 -0.102259 0.857627,-93.2504,-47.4971,-10.9359,-95.3439 -48.9815 -13.409 -91.1568 -46.0127 -8.46286
304,287,2,Robotic Hand_V5/GM12-N20-双出轴-Motor.STEP-14/____________-5.STEP-4,____________-5.STEP-4,29,____________-5.STEP,____________-5.STEP.SLDPRT,GM12-N20-双出轴-Motor.STEP,purchased-internal,purchased-internal,GM12-N20-双出轴-Motor.STEP,True,False,0,False,False,False,False,,False,,-92.2374,-9.2207,47.6757,-0.209121 -0.50646 0.836521 0.021694 -0.857627 -0.513815 0.977649 -0.089302 0.190335,-0.209121 -0.50646 0.836521 -92.2374 0.021694 -0.857627 -0.513815 -9.22069 0.977649 -0.089302 0.190335 47.6757 0 0 0 1,-1.25 6 -1.25 1.25 10 1.25,2.50 x 4.00 x 2.50,-96.2891,-16.0817,46.9613,-92.2374,-47.6757,-9.2207,-0.209121 -0.836521 -0.50646 -0.977649 0.190335 0.089302 0.021694 0.513815 -0.857627,-96.2891,-46.9613,-16.0817,-98.6091 -48.5999 -18.4663 -93.9691 -45.3227 -13.6971
305,287,2,Robotic Hand_V5/GM12-N20-双出轴-Motor.STEP-14/Engrenagem reta28-D.STEP-1,Engrenagem reta28-D.STEP-1,30,Engrenagem reta28-D.STEP,Engrenagem reta28-D.STEP.SLDPRT,GM12-N20-双出轴-Motor.STEP,purchased-internal,purchased-internal,GM12-N20-双出轴-Motor.STEP,True,False,0,False,False,True,True,,False,,-83.2329,-19.1344,49.2635,-0.173648 -0.844598 -0.50646 -0 0.514272 -0.857627 0.984808 -0.148925 -0.089302,-0.173648 -0.844598 -0.50646 -83.2329 -0 0.514272 -0.857627 -19.1344 0.984808 -0.148925 -0.089302 49.2635 0 0 0 1,-2.78759 -2.78759 -13.8077 2.78759 2.78759 16.2077,5.58 x 5.58 x 30.02,-83.8406,-20.1635,49.1563,-83.2329,-49.2635,-19.1344,-0.173648 0.50646 -0.844598 -0.984808 -0.089302 0.148925 -0 0.857627 0.514272,-83.8406,-49.1563,-20.1635,-94.2799 -53.6569 -34.4681 -73.4014 -44.6557 -5.85893
306,287,2,Robotic Hand_V5/GM12-N20-双出轴-Motor.STEP-14/Engrenagem reta22-11.STEP-1,Engrenagem reta22-11.STEP-1,31,Engrenagem reta22-11.STEP,Engrenagem reta22-11.STEP.SLDPRT,GM12-N20-双出轴-Motor.STEP,purchased-internal,purchased-internal,GM12-N20-双出轴-Motor.STEP,True,False,0,False,False,False,False,,False,,-87.7506,-19.8233,48.4669,0.070098 -0.85941 0.50646 0.062273 0.510488 0.857627 -0.995594 -0.02858 0.089302,0.070098 -0.85941 0.50646 -87.7506 0.062273 0.510488 0.857627 -19.8233 -0.995594 -0.02858 0.089302 48.4669 0 0 0 1,-1.79568 -1.8 -0.7 1.79568 1.8 3,3.59 x 3.60 x 3.70,-87.1682,-18.8370,48.5696,-87.7506,-48.4669,-19.8233,0.070098 -0.50646 -0.85941 0.995594 0.089302 0.02858 0.062273 -0.857627 0.510488,-87.1682,-48.5696,-18.8370,-89.7779 -50.574 -21.4543 -84.5584 -46.5651 -16.2197
307,287,2,Robotic Hand_V5/GM12-N20-双出轴-Motor.STEP-14/WHEEL.STEP-1,WHEEL.STEP-1,32,WHEEL.STEP,WHEEL.STEP.SLDPRT,GM12-N20-双出轴-Motor.STEP,purchased-internal,purchased-internal,GM12-N20-双出轴-Motor.STEP,True,False,0,False,False,False,False,,False,,-99.5614,-30.4040,43.5919,-0.818537 0.50646 0.271101 0.510753 0.857627 -0.060062 -0.262922 0.089302 -0.960675,-0.818537 0.50646 0.271101 -99.5614 0.510753 0.857627 -0.060062 -30.404 -0.262922 0.089302 -0.960675 43.5919 0 0 0 1,-1.93657 13.5334 -1.93656 1.93656 21.4334 1.93657,3.87 x 7.90 x 3.87,-90.7068,-15.4098,45.1532,-99.5614,-43.5919,-30.4040,-0.818537 -0.271101 0.50646 0.262922 -0.960675 -0.089302 0.510753 0.060062 0.857627,-90.7068,-45.1532,-15.4098,-94.8175 -47.8755 -19.9028 -86.5961 -42.4309 -10.9167
308,287,2,Robotic Hand_V5/GM12-N20-双出轴-Motor.STEP-14/WORM.STEP-1,WORM.STEP-1,33,WORM.STEP,WORM.STEP.SLDPRT,GM12-N20-双出轴-Motor.STEP,purchased-internal,purchased-internal,GM12-N20-双出轴-Motor.STEP,True,False,0,False,False,False,False,,False,,-64.3766,-31.7383,52.4335,-0.17557 -0.844598 -0.505797 -0.003256 0.514272 -0.857621 0.984462 -0.148925 -0.093041,-0.17557 -0.844598 -0.505797 -64.3766 -0.003256 0.514272 -0.857621 -31.7383 0.984462 -0.148925 -0.093041 52.4335 0 0 0 1,-1.0847 30.4444 -0.996281 1.39137 35.02 1.44217,2.48 x 4.58 x 2.44,-92.1618,-15.0968,47.6890,-64.3766,-52.4335,-31.7383,-0.17557 0.505797 -0.844598 -0.984462 -0.093041 0.148925 -0.003256 0.857621 0.514272,-92.1618,-47.6890,-15.0968,-94.9281 -49.362 -17.323 -89.3955 -46.0161 -12.8706
309,287,2,Robotic Hand_V5/GM12-N20-双出轴-Motor.STEP-14/Engrenagem reta22-11.STEP-2,Engrenagem reta22-11.STEP-2,34,Engrenagem reta22-11.STEP,Engrenagem reta22-11.STEP.SLDPRT,GM12-N20-双出轴-Motor.STEP,purchased-internal,purchased-internal,GM12-N20-双出轴-Motor.STEP,True,False,0,False,False,False,False,,False,,-89.9210,-19.9355,46.4870,0.06084 -0.860115 0.50646 0.067766 0.509788 0.857627 -0.995844 -0.017858 0.089302,0.06084 -0.860115 0.50646 -89.921 0.067766 0.509788 0.857627 -19.9355 -0.995844 -0.017858 0.089302 46.487 0 0 0 1,-1.79568 -1.8 -0.7 1.79568 1.8 3,3.59 x 3.60 x 3.70,-89.3386,-18.9492,46.5897,-89.9210,-46.4870,-19.9355,0.06084 -0.50646 -0.860115 0.995844 0.089302 0.017858 0.067766 -0.857627 0.509788,-89.3386,-46.5897,-18.9492,-91.933 -48.5753 -21.5751 -86.7442 -44.6041 -16.3233
310,,1,Robotic Hand_V5/GM12-N20-双出轴-Motor.STEP-15,GM12-N20-双出轴-Motor.STEP-15,1622,GM12-N20-双出轴-Motor.STEP,GM12-N20-双出轴-Motor.STEP.SLDASM,GM12-N20-双出轴-Motor.STEP,motor,motor-GM12,GM12-N20-双出轴-Motor.STEP,False,True,11,False,False,False,False,No,False,,-77.5750,-22.7211,37.0907,-0.087156 -0.854363 -0.512315 -0 0.514272 -0.857627 0.996195 -0.074747 -0.044822,-0.087156 -0.854363 -0.512315 -77.575 -0 0.514272 -0.857627 -22.7211 0.996195 -0.074747 -0.044822 37.0907 0 0 0 1,-18.2107 1 -15.0156 -5.7348 36.2 14.9998,12.48 x 35.20 x 30.02,-92.4187,-13.1488,23.7736,-77.5750,-37.0907,-22.7211,-0.087156 0.512315 -0.854363 -0.996195 -0.044822 0.074747 -0 0.857627 0.514272,-92.4187,-23.7736,-13.1488,-115.688 -31.976 -35.071 -69.1495 -15.5712 8.77336
311,310,2,Robotic Hand_V5/GM12-N20-双出轴-Motor.STEP-15/M057-8Y01A.STEP-1,M057-8Y01A.STEP-1,24,M057-8Y01A.STEP,M057-8Y01A.STEP.SLDASM,GM12-N20-双出轴-Motor.STEP,purchased-internal,purchased-internal,GM12-N20-双出轴-Motor.STEP,True,True,11,False,False,False,False,,False,,-105.9176,-5.0233,22.5922,-0.087156 0.854363 0.512316 0 -0.514272 0.857627 0.996195 0.074747 0.044822,-0.087156 0.854363 0.512316 -105.918 0 -0.514272 0.857627 -5.02333 0.996195 0.074747 0.044822 22.5922 0 0 0 1,-6.23755 -1.8 -5.02292 6.23831 21 5.09668,12.48 x 22.80 x 10.12,-97.6968,-9.9287,23.3118,-105.9176,-22.5922,-5.0233,-0.087156 -0.512316 0.854363 -0.996195 0.044822 -0.074747 0 -0.857627 -0.514272,-97.6968,-23.3118,-9.9287,-110.572 -30.6049 -20.1308 -84.8212 -16.0187 0.273418
312,311,3,Robotic Hand_V5/GM12-N20-双出轴-Motor.STEP-15/M057-8Y01A.STEP-1/____________.STEP-1,____________.STEP-1,24,____________.STEP,____________.STEP.SLDPRT,GM12-N20-双出轴-Motor.STEP,purchased-internal,purchased-internal,GM12-N20-双出轴-Motor.STEP,True,False,0,False,False,False,False,,False,,-105.9176,-5.0233,22.5922,-0.087156 0.854363 0.512316 0 -0.514272 0.857627 0.996195 0.074747 0.044822,-0.087156 0.854363 0.512316 -105.918 0 -0.514272 0.857627 -5.02333 0.996195 0.074747 0.044822 22.5922 0 0 0 1,-5.91494 -0.8 -5 5.91494 4.4 5,11.83 x 5.20 x 10.00,-104.3797,-5.9490,22.7268,-105.9176,-22.5922,-5.0233,-0.087156 -0.512316 0.854363 -0.996195 0.044822 -0.074747 0 -0.857627 -0.514272,-104.3797,-22.7268,-5.9490,-109.678 -29.0376 -11.5743 -99.0813 -16.4159 -0.323774
313,311,3,Robotic Hand_V5/GM12-N20-双出轴-Motor.STEP-15/M057-8Y01A.STEP-1/____.STEP-1,____.STEP-1,25,____.STEP,____.STEP.SLDPRT,GM12-N20-双出轴-Motor.STEP,purchased-internal,purchased-internal,GM12-N20-双出轴-Motor.STEP,True,False,0,False,False,False,False,,False,,-94.6400,-11.8117,23.5789,0.251478 0.854363 -0.454777 0.283268 -0.514272 -0.809496 -0.925483 0.074747 -0.371342,0.251478 0.854363 -0.454777 -94.64 0.283268 -0.514272 -0.809496 -11.8117 -0.925483 0.074747 -0.371342 23.5789 0 0 0 1,-4 -7.5 -4 4 1 3.86421,8.00 x 8.50 x 7.86,-97.3858,-10.0854,23.3612,-94.6400,-23.5789,-11.8117,0.251478 0.454777 0.854363 0.925483 -0.371342 -0.074747 0.283268 0.809496 -0.514272,-97.3858,-23.3612,-10.0854,-103.811 -28.8409 -16.5871 -90.9606 -17.8814 -3.58363
314,311,3,Robotic Hand_V5/GM12-N20-双出轴-Motor.STEP-15/M057-8Y01A.STEP-1/______.STEP-1,______.STEP-1,26,______.STEP,______.STEP.SLDPRT,GM12-N20-双出轴-Motor.STEP,purchased-internal,purchased-internal,GM12-N20-双出轴-Motor.STEP,True,False,0,False,False,False,False,,False,,-101.6458,-7.5947,22.9660,0.265227 0.854363 0.446898 0.555198 -0.514272 0.653666 0.788296 0.074747 -0.61074,0.265227 0.854363 0.446898 -101.646 0.555198 -0.514272 0.653666 -7.59469 0.788296 0.074747 -0.61074 22.966 0 0 0 1,-3.25 -2.5025 -3.25 3.25 0.661881 3.25,6.50 x 3.16 x 6.50,-102.4320,-7.1214,22.8972,-101.6458,-22.9660,-7.5947,0.265227 -0.446898 0.854363 -0.788296 -0.61074 -0.074747 0.555198 -0.653666 -0.514272,-102.4320,-22.8972,-7.1214,-106.098 -27.5623 -11.8639 -98.7659 -18.232 -2.37892
315,311,3,Robotic Hand_V5/GM12-N20-双出轴-Motor.STEP-15/M057-8Y01A.STEP-1/____-0.STEP-1,____-0.STEP-1,27,____-0.STEP,____-0.STEP.SLDPRT,GM12-N20-双出轴-Motor.STEP,purchased-internal,purchased-internal,GM12-N20-双出轴-Motor.STEP,True,False,0,False,False,False,False,,False,,-104.6274,-5.7999,22.7051,-0.087156 0.854363 0.512316 0 -0.514272 0.857627 0.996195 0.074747 0.044822,-0.087156 0.854363 0.512316 -104.627 0 -0.514272 0.857627 -5.79993 0.996195 0.074747 0.044822 22.7051 0 0 0 1,-3.21825 -0.010153 -3.66333 3.21825 2.01015 3.66333,6.44 x 2.02 x 7.33,-103.7730,-6.3142,22.7798,-104.6274,-22.7051,-5.7999,-0.087156 -0.512316 0.854363 -0.996195 0.044822 -0.074747 0 -0.857627 -0.514272,-103.7730,-22.7798,-6.3142,-106.793 -26.2255 -9.97546 -100.753 -19.3341 -2.65294
316,311,3,Robotic Hand_V5/GM12-N20-双出轴-Motor.STEP-15/M057-8Y01A.STEP-1/__________.STEP-1,__________.STEP-1,28,__________.STEP,__________.STEP.SLDPRT,GM12-N20-双出轴-Motor.STEP,purchased-internal,purchased-internal,GM12-N20-双出轴-Motor.STEP,True,False,0,False,False,False,False,,False,,-101.0477,-7.9547,23.0183,0.251478 0.854363 -0.454777 0.283268 -0.514272 -0.809496 -0.925483 0.074747 -0.371342,0.251478 0.854363 -0.454777 -101.048 0.283268 -0.514272 -0.809496 -7.95468 -0.925483 0.074747 -0.371342 23.0183 0 0 0 1,-0.99282 -2.8 -1.1 0.99282 0.2 0.7,1.99 x 3.00 x 1.80,-102.0674,-7.1242,22.9954,-101.0477,-23.0183,-7.9547,0.251478 0.454777 0.854363 0.925483 -0.371342 -0.074747 0.283268 0.809496 -0.514272,-102.0674,-22.9954,-7.1242,-104.008 -24.3605 -8.90542 -100.127 -21.6302 -5.34304
317,311,3,Robotic Hand_V5/GM12-N20-双出轴-Motor.STEP-15/M057-8Y01A.STEP-1/____-1.STEP-1,____-1.STEP-1,29,____-1.STEP,____-1.STEP.SLDPRT,GM12-N20-双出轴-Motor.STEP,purchased-internal,purchased-internal,GM12-N20-双出轴-Motor.STEP,True,False,0,False,False,False,False,,False,,-101.0477,-7.9547,23.0183,-0.088435 0.854363 0.512096 -0.002141 -0.514272 0.857624 0.99608 0.074747 0.047309,-0.088435 0.854363 0.512096 -101.048 -0.002141 -0.514272 0.857624 -7.95468 0.99608 0.074747 0.047309 23.0183 0 0 0 1,-5.77332 0 -4.80793 5.77332 8.5 4.80793,11.55 x 8.50 x 9.62,-97.4167,-10.1403,23.3360,-101.0477,-23.0183,-7.9547,-0.088435 -0.512096 0.854363 -0.99608 0.047309 -0.074747 -0.002141 -0.857624 -0.514272,-97.4167,-23.3360,-10.1403,-104.02 -29.6318 -16.4618 -90.8129 -17.0401 -3.81892
318,311,3,Robotic Hand_V5/GM12-N20-双出轴-Motor.STEP-15/M057-8Y01A.STEP-1/____-2.STEP-1,____-2.STEP-1,30,____-2.STEP,____-2.STEP.SLDPRT,GM12-N20-双出轴-Motor.STEP,purchased-internal,purchased-internal,GM12-N20-双出轴-Motor.STEP,True,False,0,False,False,False,False,,False,,-103.5542,-6.2833,19.6871,0.087156 -0.854363 0.512316 -0 0.514272 0.857627 -0.996195 -0.074747 0.044822,0.087156 -0.854363 0.512316 -103.554 -0 0.514272 0.857627 -6.2833 -0.996195 -0.074747 0.044822 19.6871 0 0 0 1,-0.2 -0 -1 0.2 4.25 1,0.40 x 4.25 x 2.00,-105.3697,-5.1905,19.5283,-103.5542,-19.6871,-6.2833,0.087156 -0.512316 -0.854363 0.996195 0.044822 0.074747 -0 -0.857627 0.514272,-105.3697,-19.5283,-5.1905,-107.715 -19.9312 -7.14092 -103.024 -19.1254 -3.24001
319,311,3,Robotic Hand_V5/GM12-N20-双出轴-Motor.STEP-15/M057-8Y01A.STEP-1/____-2.STEP-2,____-2.STEP-2,31,____-2.STEP,____-2.STEP.SLDPRT,GM12-N20-双出轴-Motor.STEP,purchased-internal,purchased-internal,GM12-N20-双出轴-Motor.STEP,True,False,0,False,False,False,False,,False,,-104.0946,-6.2833,25.8636,-0.087156 -0.854363 -0.512316 0 0.514272 -0.857627 0.996195 -0.074747 -0.044822,-0.087156 -0.854363 -0.512316 -104.095 0 0.514272 -0.857627 -6.28329 0.996195 -0.074747 -0.044822 25.8636 0 0 0 1,-0.2 -0 -1 0.2 4.25 1,0.40 x 4.25 x 2.00,-105.9101,-5.1905,25.7047,-104.0946,-25.8636,-6.2833,-0.087156 0.512316 -0.854363 -0.996195 -0.044822 0.074747 0 0.857627 0.514272,-105.9101,-25.7047,-5.1905,-108.255 -26.1076 -7.14092 -103.565 -25.3018 -3.24001
320,311,3,Robotic Hand_V5/GM12-N20-双出轴-Motor.STEP-15/M057-8Y01A.STEP-1/________.STEP-1,________.STEP-1,32,________.STEP,________.STEP.SLDPRT,GM12-N20-双出轴-Motor.STEP,purchased-internal,purchased-internal,GM12-N20-双出轴-Motor.STEP,True,False,0,False,False,False,False,,False,,-93.1893,-12.6928,23.6788,-0.087156 0.854363 0.512316 -0 -0.514272 0.857627 0.996195 0.074747 0.044822,-0.087156 0.854363 0.512316 -93.1893 -0 -0.514272 0.857627 -12.6928 0.996195 0.074747 0.044822 23.6788 0 0 0 1,-6.21067 -13.5245 -5.01502 6.2652 0.9 5.03081,12.48 x 14.42 x 10.05,-98.5806,-9.4398,23.2345,-93.1893,-23.6788,-12.6928,-0.087156 -0.512316 0.854363 -0.996195 0.044822 -0.074747 -0 -0.857627 -0.514272,-98.5806,-23.2345,-9.4398,-107.859 -30.2129 -17.4566 -89.3017 -16.2561 -1.4229
321,311,3,Robotic Hand_V5/GM12-N20-双出轴-Motor.STEP-15/M057-8Y01A.STEP-1/__.STEP-1,__.STEP-1,33,__.STEP,__.STEP.SLDPRT,GM12-N20-双出轴-Motor.STEP,purchased-internal,purchased-internal,GM12-N20-双出轴-Motor.STEP,True,False,0,False,False,False,False,,False,,-90.5390,-14.2802,23.9377,0.377198 -0.854363 0.357471 0.514737 0.514272 0.685981 -0.769914 -0.074747 0.633754,0.377198 -0.854363 0.357471 -90.539 0.514737 0.514272 0.685981 -14.2802 -0.769914 -0.074747 0.633754 23.9377 0 0 0 1,-0.5 -3 -0.5 0.5 18.6 0.5,1.00 x 21.60 x 1.00,-97.2031,-10.2689,23.3546,-90.5390,-23.9377,-14.2802,0.377198 -0.357471 -0.854363 0.769914 0.633754 0.074747 0.514737 -0.685981 0.514272,-97.2031,-23.3546,-10.2689,-106.798 -24.8637 -16.4234 -87.6086 -21.8455 -4.1144
322,311,3,Robotic Hand_V5/GM12-N20-双出轴-Motor.STEP-15/M057-8Y01A.STEP-1/________-3.STEP-1,________-3.STEP-1,34,________-3.STEP,________-3.STEP.SLDPRT,GM12-N20-双出轴-Motor.STEP,purchased-internal,purchased-internal,GM12-N20-双出轴-Motor.STEP,True,False,0,False,False,False,False,,False,,-103.8842,-6.2473,22.7701,-0.506606 0.854363 0.115819 -0.792159 -0.514272 0.328646 0.340345 0.074747 0.937325,-0.506606 0.854363 0.115819 -103.884 -0.792159 -0.514272 0.328646 -6.2473 0.340345 0.074747 0.937325 22.7701 0 0 0 1,-0.9 -0.02 -0.9 0.9 0.12 0.9,1.80 x 0.14 x 1.80,-103.8415,-6.2730,22.7739,-103.8842,-22.7701,-6.2473,-0.506606 -0.115819 0.854363 -0.340345 0.937325 -0.074747 -0.792159 -0.328646 -0.514272,-103.8415,-22.7739,-6.2730,-104.461 -23.929 -7.31773 -103.221 -21.6187 -5.22829
323,310,2,Robotic Hand_V5/GM12-N20-双出轴-Motor.STEP-15/__________-4.STEP-1,__________-4.STEP-1,25,__________-4.STEP,__________-4.STEP.SLDPRT,GM12-N20-双出轴-Motor.STEP,purchased-internal,purchased-internal,GM12-N20-双出轴-Motor.STEP,True,False,0,False,False,True,True,,False,,-91.5643,-13.6631,23.8480,0.087156 0.854363 -0.512316 0 -0.514272 -0.857627 -0.996195 0.074747 -0.044822,0.087156 0.854363 -0.512316 -91.5643 0 -0.514272 -0.857627 -13.6631 -0.996195 0.074747 -0.044822 23.848 0 0 0 1,-6 -1.4025 -5.5 6 16.6 5.5,12.00 x 18.00 x 11.00,-85.0722,-17.5709,24.4160,-91.5643,-23.8480,-13.6631,0.087156 0.512316 0.854363 0.996195 -0.044822 -0.074747 0 0.857627 -0.514272,-85.0722,-24.4160,-17.5709,-96.1032 -31.3125 -26.917 -74.0412 -17.5194 -8.22489
324,310,2,Robotic Hand_V5/GM12-N20-双出轴-Motor.STEP-15/____________-5.STEP-1,____________-5.STEP-1,26,____________-5.STEP,____________-5.STEP.SLDPRT,GM12-N20-双出轴-Motor.STEP,purchased-internal,purchased-internal,GM12-N20-双出轴-Motor.STEP,True,False,0,False,False,False,False,,False,,-101.1899,-11.3327,26.8217,0.154309 0.854363 0.496238 0.388398 -0.514272 0.764638 0.90848 0.074747 -0.41119,0.154309 0.854363 0.496238 -101.19 0.388398 -0.514272 0.764638 -11.3327 0.90848 0.074747 -0.41119 26.8217 0 0 0 1,-1.25 6 -1.25 1.25 10 1.25,2.50 x 4.00 x 2.50,-94.3550,-15.4468,27.4197,-101.1899,-26.8217,-11.3327,0.154309 -0.496238 0.854363 -0.90848 -0.41119 -0.074747 0.388398 -0.764638 -0.514272,-94.3550,-27.4197,-15.4468,-96.8769 -29.2188 -17.9167 -91.8331 -25.6206 -12.977
325,310,2,Robotic Hand_V5/GM12-N20-双出轴-Motor.STEP-15/____________-5.STEP-2,____________-5.STEP-2,27,____________-5.STEP,____________-5.STEP.SLDPRT,GM12-N20-双出轴-Motor.STEP,purchased-internal,purchased-internal,GM12-N20-双出轴-Motor.STEP,True,False,0,False,False,False,False,,False,,-97.6589,-6.5309,19.4989,-0.304416 0.854363 0.421182 -0.378693 -0.514272 0.76949 0.874027 0.074747 0.480094,-0.304416 0.854363 0.421182 -97.6589 -0.378693 -0.514272 0.76949 -6.53093 0.874027 0.074747 0.480094 19.4989 0 0 0 1,-1.25 6 -1.25 1.25 10 1.25,2.50 x 4.00 x 2.50,-90.8240,-10.6451,20.0968,-97.6589,-19.4989,-6.5309,-0.304416 -0.421182 0.854363 -0.874027 0.480094 -0.074747 -0.378693 -0.76949 -0.514272,-90.8240,-20.0968,-10.6451,-93.4397 -21.939 -13.1089 -88.2083 -18.2547 -8.18133
326,310,2,Robotic Hand_V5/GM12-N20-双出轴-Motor.STEP-15/____________-5.STEP-3,____________-5.STEP-3,28,____________-5.STEP,____________-5.STEP.SLDPRT,GM12-N20-双出轴-Motor.STEP,purchased-internal,purchased-internal,GM12-N20-双出轴-Motor.STEP,True,False,0,False,False,False,False,,False,,-94.3822,-17.7970,23.6014,-0.854633 0.512316 -0.084468 0.504003 0.857627 0.102259 0.124831 0.044822 -0.991165,-0.854633 0.512316 -0.084468 -94.3822 0.504003 0.857627 0.102259 -17.797 0.124831 0.044822 -0.991165 23.6014 0 0 0 1,-1.25 6 -1.25 1.25 10 1.25,2.50 x 4.00 x 2.50,-90.2836,-10.9359,23.9600,-94.3822,-23.6014,-17.7970,-0.854633 0.084468 0.512316 -0.124831 -0.991165 -0.044822 0.504003 -0.102259 0.857627,-90.2836,-23.9600,-10.9359,-92.4821 -25.4447 -13.409 -88.0851 -22.4754 -8.46286
327,310,2,Robotic Hand_V5/GM12-N20-双出轴-Motor.STEP-15/____________-5.STEP-4,____________-5.STEP-4,29,____________-5.STEP,____________-5.STEP.SLDPRT,GM12-N20-双出轴-Motor.STEP,purchased-internal,purchased-internal,GM12-N20-双出轴-Motor.STEP,True,False,0,False,False,False,False,,False,,-89.2590,-9.2207,24.0497,-0.123118 -0.512316 0.849926 0.021694 -0.857627 -0.513815 0.992155 -0.044822 0.116703,-0.123118 -0.512316 0.849926 -89.259 0.021694 -0.857627 -0.513815 -9.22069 0.992155 -0.044822 0.116703 24.0497 0 0 0 1,-1.25 6 -1.25 1.25 10 1.25,2.50 x 4.00 x 2.50,-93.3575,-16.0817,23.6911,-89.2590,-24.0497,-9.2207,-0.123118 -0.849926 -0.512316 -0.992155 0.116703 0.044822 0.021694 0.513815 -0.857627,-93.3575,-23.6911,-16.0817,-95.5985 -25.1668 -18.4663 -91.1166 -22.2154 -13.6971
328,310,2,Robotic Hand_V5/GM12-N20-双出轴-Motor.STEP-15/Engrenagem reta28-D.STEP-1,Engrenagem reta28-D.STEP-1,30,Engrenagem reta28-D.STEP,Engrenagem reta28-D.STEP.SLDPRT,GM12-N20-双出轴-Motor.STEP,purchased-internal,purchased-internal,GM12-N20-双出轴-Motor.STEP,True,False,0,False,False,True,True,,False,,-80.1503,-19.1344,24.8466,-0.087156 -0.854363 -0.512316 -0 0.514272 -0.857627 0.996195 -0.074747 -0.044822,-0.087156 -0.854363 -0.512316 -80.1503 -0 0.514272 -0.857627 -19.1344 0.996195 -0.074747 -0.044822 24.8466 0 0 0 1,-2.78759 -2.78759 -13.8077 2.78759 2.78759 16.2077,5.58 x 5.58 x 30.02,-80.7651,-20.1635,24.7928,-80.1503,-24.8466,-19.1344,-0.087156 0.512316 -0.854363 -0.996195 -0.044822 0.074747 -0 0.857627 0.514272,-80.7651,-24.7928,-20.1635,-91.0784 -28.4508 -34.4681 -70.4519 -21.1348 -5.85893
329,310,2,Robotic Hand_V5/GM12-N20-双出轴-Motor.STEP-15/Engrenagem reta22-11.STEP-1,Engrenagem reta22-11.STEP-1,31,Engrenagem reta22-11.STEP,Engrenagem reta22-11.STEP.SLDPRT,GM12-N20-双出轴-Motor.STEP,purchased-internal,purchased-internal,GM12-N20-双出轴-Motor.STEP,True,False,0,False,False,False,False,,False,,-84.7203,-19.8233,24.4467,-0.01694 -0.85863 0.512316 0.062273 0.510488 0.857627 -0.997915 0.046432 0.044822,-0.01694 -0.85863 0.512316 -84.7203 0.062273 0.510488 0.857627 -19.8233 -0.997915 0.046432 0.044822 24.4467 0 0 0 1,-1.79568 -1.8 -0.7 1.79568 1.8 3,3.59 x 3.60 x 3.70,-84.1311,-18.8370,24.4983,-84.7203,-24.4467,-19.8233,-0.01694 -0.512316 -0.85863 0.997915 0.044822 -0.046432 0.062273 -0.857627 0.510488,-84.1311,-24.4983,-18.8370,-86.6549 -26.4567 -21.4543 -81.6074 -22.5399 -16.2197
330,310,2,Robotic Hand_V5/GM12-N20-双出轴-Motor.STEP-15/WHEEL.STEP-1,WHEEL.STEP-1,32,WHEEL.STEP,WHEEL.STEP.SLDPRT,GM12-N20-双出轴-Motor.STEP,purchased-internal,purchased-internal,GM12-N20-双出轴-Motor.STEP,True,False,0,False,False,False,False,,False,,-96.9110,-30.4040,20.6197,-0.838338 0.512316 0.186341 0.510753 0.857627 -0.060062 -0.190581 0.044822 -0.980648,-0.838338 0.512316 0.186341 -96.911 0.510753 0.857627 -0.060062 -30.404 -0.190581 0.044822 -0.980648 20.6197 0 0 0 1,-1.93657 13.5334 -1.93656 1.93656 21.4334 1.93657,3.87 x 7.90 x 3.87,-87.9540,-15.4098,21.4033,-96.9110,-20.6197,-30.4040,-0.838338 -0.186341 0.512316 0.190581 -0.980648 -0.044822 0.510753 0.060062 0.857627,-87.9540,-21.4033,-15.4098,-91.962 -23.8485 -19.9028 -83.946 -18.9581 -10.9167
331,310,2,Robotic Hand_V5/GM12-N20-双出轴-Motor.STEP-15/WORM.STEP-1,WORM.STEP-1,33,WORM.STEP,WORM.STEP.SLDPRT,GM12-N20-双出轴-Motor.STEP,purchased-internal,purchased-internal,GM12-N20-双出轴-Motor.STEP,True,False,0,False,False,False,False,,False,,-61.0895,-31.7383,26.3611,-0.0891 -0.854363 -0.511981 -0.003256 0.514272 -0.857621 0.996017 -0.074747 -0.048604,-0.0891 -0.854363 -0.511981 -61.0895 -0.003256 0.514272 -0.857621 -31.7383 0.996017 -0.074747 -0.048604 26.3611 0 0 0 1,-1.0847 30.4444 -0.996281 1.39137 35.02 1.44217,2.48 x 4.58 x 2.44,-89.1825,-15.0968,24.0563,-61.0895,-26.3611,-31.7383,-0.0891 0.511981 -0.854363 -0.996017 -0.048604 0.074747 -0.003256 0.857621 0.514272,-89.1825,-24.0563,-15.0968,-91.8716 -25.5197 -17.323 -86.4934 -22.593 -12.8706
332,310,2,Robotic Hand_V5/GM12-N20-双出轴-Motor.STEP-15/Engrenagem reta22-11.STEP-2,Engrenagem reta22-11.STEP-2,34,Engrenagem reta22-11.STEP,Engrenagem reta22-11.STEP.SLDPRT,GM12-N20-双出轴-Motor.STEP,purchased-internal,purchased-internal,GM12-N20-双出轴-Motor.STEP,True,False,0,False,False,False,False,,False,,-87.0550,-19.9355,22.6636,-0.026185 -0.858398 0.512316 0.067766 0.509788 0.857627 -0.997358 0.057174 0.044822,-0.026185 -0.858398 0.512316 -87.055 0.067766 0.509788 0.857627 -19.9355 -0.997358 0.057174 0.044822 22.6636 0 0 0 1,-1.79568 -1.8 -0.7 1.79568 1.8 3,3.59 x 3.60 x 3.70,-86.4658,-18.9492,22.7151,-87.0550,-22.6636,-19.9355,-0.026185 -0.512316 -0.858398 0.997358 0.044822 -0.057174 0.067766 -0.857627 0.509788,-86.4658,-22.7151,-18.9492,-89.0057 -24.6919 -21.5751 -83.9259 -20.7383 -16.3233
333,,1,Robotic Hand_V5/GM12-N20-双出轴-Motor.STEP-16,GM12-N20-双出轴-Motor.STEP-16,1623,GM12-N20-双出轴-Motor.STEP,GM12-N20-双出轴-Motor.STEP.SLDASM,GM12-N20-双出轴-Motor.STEP,motor,motor-GM12,GM12-N20-双出轴-Motor.STEP,False,True,11,False,False,False,False,No,False,,-97.4303,-22.7211,35.3536,-0.087156 -0.854363 -0.512315 -0 0.514272 -0.857627 0.996195 -0.074747 -0.044822,-0.087156 -0.854363 -0.512315 -97.4303 -0 0.514272 -0.857627 -22.7211 0.996195 -0.074747 -0.044822 35.3536 0 0 0 1,-18.2107 1 -15.0156 -5.7348 36.2 14.9998,12.48 x 35.20 x 30.02,-112.2739,-13.1488,22.0365,-97.4303,-35.3536,-22.7211,-0.087156 0.512315 -0.854363 -0.996195 -0.044822 0.074747 -0 0.857627 0.514272,-112.2739,-22.0365,-13.1488,-135.543 -30.2389 -35.071 -89.0047 -13.8341 8.77336
334,333,2,Robotic Hand_V5/GM12-N20-双出轴-Motor.STEP-16/M057-8Y01A.STEP-1,M057-8Y01A.STEP-1,24,M057-8Y01A.STEP,M057-8Y01A.STEP.SLDASM,GM12-N20-双出轴-Motor.STEP,purchased-internal,purchased-internal,GM12-N20-双出轴-Motor.STEP,True,True,11,False,False,False,False,,False,,-125.7728,-5.0233,20.8551,-0.087156 0.854363 0.512316 0 -0.514272 0.857627 0.996195 0.074747 0.044822,-0.087156 0.854363 0.512316 -125.773 0 -0.514272 0.857627 -5.02333 0.996195 0.074747 0.044822 20.8551 0 0 0 1,-6.23755 -1.8 -5.02292 6.23831 21 5.09668,12.48 x 22.80 x 10.12,-117.5520,-9.9287,21.5747,-125.7728,-20.8551,-5.0233,-0.087156 -0.512316 0.854363 -0.996195 0.044822 -0.074747 0 -0.857627 -0.514272,-117.5520,-21.5747,-9.9287,-130.428 -28.8678 -20.1308 -104.676 -14.2816 0.273418
335,334,3,Robotic Hand_V5/GM12-N20-双出轴-Motor.STEP-16/M057-8Y01A.STEP-1/____________.STEP-1,____________.STEP-1,24,____________.STEP,____________.STEP.SLDPRT,GM12-N20-双出轴-Motor.STEP,purchased-internal,purchased-internal,GM12-N20-双出轴-Motor.STEP,True,False,0,False,False,False,False,,False,,-125.7728,-5.0233,20.8551,-0.087156 0.854363 0.512316 0 -0.514272 0.857627 0.996195 0.074747 0.044822,-0.087156 0.854363 0.512316 -125.773 0 -0.514272 0.857627 -5.02333 0.996195 0.074747 0.044822 20.8551 0 0 0 1,-5.91494 -0.8 -5 5.91494 4.4 5,11.83 x 5.20 x 10.00,-124.2349,-5.9490,20.9897,-125.7728,-20.8551,-5.0233,-0.087156 -0.512316 0.854363 -0.996195 0.044822 -0.074747 0 -0.857627 -0.514272,-124.2349,-20.9897,-5.9490,-129.533 -27.3005 -11.5743 -118.936 -14.6788 -0.323774
336,334,3,Robotic Hand_V5/GM12-N20-双出轴-Motor.STEP-16/M057-8Y01A.STEP-1/____.STEP-1,____.STEP-1,25,____.STEP,____.STEP.SLDPRT,GM12-N20-双出轴-Motor.STEP,purchased-internal,purchased-internal,GM12-N20-双出轴-Motor.STEP,True,False,0,False,False,False,False,,False,,-114.4952,-11.8117,21.8418,0.251478 0.854363 -0.454777 0.283268 -0.514272 -0.809496 -0.925483 0.074747 -0.371342,0.251478 0.854363 -0.454777 -114.495 0.283268 -0.514272 -0.809496 -11.8117 -0.925483 0.074747 -0.371342 21.8418 0 0 0 1,-4 -7.5 -4 4 1 3.86421,8.00 x 8.50 x 7.86,-117.2410,-10.0854,21.6241,-114.4952,-21.8418,-11.8117,0.251478 0.454777 0.854363 0.925483 -0.371342 -0.074747 0.283268 0.809496 -0.514272,-117.2410,-21.6241,-10.0854,-123.666 -27.1038 -16.5871 -110.816 -16.1443 -3.58363
337,334,3,Robotic Hand_V5/GM12-N20-双出轴-Motor.STEP-16/M057-8Y01A.STEP-1/______.STEP-1,______.STEP-1,26,______.STEP,______.STEP.SLDPRT,GM12-N20-双出轴-Motor.STEP,purchased-internal,purchased-internal,GM12-N20-双出轴-Motor.STEP,True,False,0,False,False,False,False,,False,,-121.5010,-7.5947,21.2288,0.265227 0.854363 0.446898 0.555198 -0.514272 0.653666 0.788296 0.074747 -0.61074,0.265227 0.854363 0.446898 -121.501 0.555198 -0.514272 0.653666 -7.59469 0.788296 0.074747 -0.61074 21.2288 0 0 0 1,-3.25 -2.5025 -3.25 3.25 0.661881 3.25,6.50 x 3.16 x 6.50,-122.2873,-7.1214,21.1601,-121.5010,-21.2288,-7.5947,0.265227 -0.446898 0.854363 -0.788296 -0.61074 -0.074747 0.555198 -0.653666 -0.514272,-122.2873,-21.1601,-7.1214,-125.953 -25.8252 -11.8639 -118.621 -16.4949 -2.37892
338,334,3,Robotic Hand_V5/GM12-N20-双出轴-Motor.STEP-16/M057-8Y01A.STEP-1/____-0.STEP-1,____-0.STEP-1,27,____-0.STEP,____-0.STEP.SLDPRT,GM12-N20-双出轴-Motor.STEP,purchased-internal,purchased-internal,GM12-N20-双出轴-Motor.STEP,True,False,0,False,False,False,False,,False,,-124.4826,-5.7999,20.9680,-0.087156 0.854363 0.512316 0 -0.514272 0.857627 0.996195 0.074747 0.044822,-0.087156 0.854363 0.512316 -124.483 0 -0.514272 0.857627 -5.79993 0.996195 0.074747 0.044822 20.968 0 0 0 1,-3.21825 -0.010153 -3.66333 3.21825 2.01015 3.66333,6.44 x 2.02 x 7.33,-123.6283,-6.3142,21.0427,-124.4826,-20.9680,-5.7999,-0.087156 -0.512316 0.854363 -0.996195 0.044822 -0.074747 0 -0.857627 -0.514272,-123.6283,-21.0427,-6.3142,-126.649 -24.4884 -9.97546 -120.608 -17.597 -2.65294
339,334,3,Robotic Hand_V5/GM12-N20-双出轴-Motor.STEP-16/M057-8Y01A.STEP-1/__________.STEP-1,__________.STEP-1,28,__________.STEP,__________.STEP.SLDPRT,GM12-N20-双出轴-Motor.STEP,purchased-internal,purchased-internal,GM12-N20-双出轴-Motor.STEP,True,False,0,False,False,False,False,,False,,-120.9029,-7.9547,21.2812,0.251478 0.854363 -0.454777 0.283268 -0.514272 -0.809496 -0.925483 0.074747 -0.371342,0.251478 0.854363 -0.454777 -120.903 0.283268 -0.514272 -0.809496 -7.95468 -0.925483 0.074747 -0.371342 21.2812 0 0 0 1,-0.99282 -2.8 -1.1 0.99282 0.2 0.7,1.99 x 3.00 x 1.80,-121.9226,-7.1242,21.2583,-120.9029,-21.2812,-7.9547,0.251478 0.454777 0.854363 0.925483 -0.371342 -0.074747 0.283268 0.809496 -0.514272,-121.9226,-21.2583,-7.1242,-123.863 -22.6234 -8.90542 -119.982 -19.8931 -5.34304
340,334,3,Robotic Hand_V5/GM12-N20-双出轴-Motor.STEP-16/M057-8Y01A.STEP-1/____-1.STEP-1,____-1.STEP-1,29,____-1.STEP,____-1.STEP.SLDPRT,GM12-N20-双出轴-Motor.STEP,purchased-internal,purchased-internal,GM12-N20-双出轴-Motor.STEP,True,False,0,False,False,False,False,,False,,-120.9029,-7.9547,21.2812,-0.088435 0.854363 0.512096 -0.002141 -0.514272 0.857624 0.99608 0.074747 0.047309,-0.088435 0.854363 0.512096 -120.903 -0.002141 -0.514272 0.857624 -7.95468 0.99608 0.074747 0.047309 21.2812 0 0 0 1,-5.77332 0 -4.80793 5.77332 8.5 4.80793,11.55 x 8.50 x 9.62,-117.2719,-10.1403,21.5988,-120.9029,-21.2812,-7.9547,-0.088435 -0.512096 0.854363 -0.99608 0.047309 -0.074747 -0.002141 -0.857624 -0.514272,-117.2719,-21.5988,-10.1403,-123.876 -27.8947 -16.4618 -110.668 -15.303 -3.81892
341,334,3,Robotic Hand_V5/GM12-N20-双出轴-Motor.STEP-16/M057-8Y01A.STEP-1/____-2.STEP-1,____-2.STEP-1,30,____-2.STEP,____-2.STEP.SLDPRT,GM12-N20-双出轴-Motor.STEP,purchased-internal,purchased-internal,GM12-N20-双出轴-Motor.STEP,True,False,0,False,False,False,False,,False,,-123.4094,-6.2833,17.9500,0.087156 -0.854363 0.512316 -0 0.514272 0.857627 -0.996195 -0.074747 0.044822,0.087156 -0.854363 0.512316 -123.409 -0 0.514272 0.857627 -6.2833 -0.996195 -0.074747 0.044822 17.95 0 0 0 1,-0.2 -0 -1 0.2 4.25 1,0.40 x 4.25 x 2.00,-125.2249,-5.1905,17.7912,-123.4094,-17.9500,-6.2833,0.087156 -0.512316 -0.854363 0.996195 0.044822 0.074747 -0 -0.857627 0.514272,-125.2249,-17.7912,-5.1905,-127.57 -18.1941 -7.14092 -122.88 -17.3883 -3.24001
342,334,3,Robotic Hand_V5/GM12-N20-双出轴-Motor.STEP-16/M057-8Y01A.STEP-1/____-2.STEP-2,____-2.STEP-2,31,____-2.STEP,____-2.STEP.SLDPRT,GM12-N20-双出轴-Motor.STEP,purchased-internal,purchased-internal,GM12-N20-双出轴-Motor.STEP,True,False,0,False,False,False,False,,False,,-123.9498,-6.2833,24.1264,-0.087156 -0.854363 -0.512316 0 0.514272 -0.857627 0.996195 -0.074747 -0.044822,-0.087156 -0.854363 -0.512316 -123.95 0 0.514272 -0.857627 -6.28329 0.996195 -0.074747 -0.044822 24.1264 0 0 0 1,-0.2 -0 -1 0.2 4.25 1,0.40 x 4.25 x 2.00,-125.7653,-5.1905,23.9676,-123.9498,-24.1264,-6.2833,-0.087156 0.512316 -0.854363 -0.996195 -0.044822 0.074747 0 0.857627 0.514272,-125.7653,-23.9676,-5.1905,-128.111 -24.3705 -7.14092 -123.42 -23.5647 -3.24001
343,334,3,Robotic Hand_V5/GM12-N20-双出轴-Motor.STEP-16/M057-8Y01A.STEP-1/________.STEP-1,________.STEP-1,32,________.STEP,________.STEP.SLDPRT,GM12-N20-双出轴-Motor.STEP,purchased-internal,purchased-internal,GM12-N20-双出轴-Motor.STEP,True,False,0,False,False,False,False,,False,,-113.0445,-12.6928,21.9417,-0.087156 0.854363 0.512316 -0 -0.514272 0.857627 0.996195 0.074747 0.044822,-0.087156 0.854363 0.512316 -113.044 -0 -0.514272 0.857627 -12.6928 0.996195 0.074747 0.044822 21.9417 0 0 0 1,-6.21067 -13.5245 -5.01502 6.2652 0.9 5.03081,12.48 x 14.42 x 10.05,-118.4358,-9.4398,21.4974,-113.0445,-21.9417,-12.6928,-0.087156 -0.512316 0.854363 -0.996195 0.044822 -0.074747 -0 -0.857627 -0.514272,-118.4358,-21.4974,-9.4398,-127.715 -28.4758 -17.4566 -109.157 -14.519 -1.4229
344,334,3,Robotic Hand_V5/GM12-N20-双出轴-Motor.STEP-16/M057-8Y01A.STEP-1/__.STEP-1,__.STEP-1,33,__.STEP,__.STEP.SLDPRT,GM12-N20-双出轴-Motor.STEP,purchased-internal,purchased-internal,GM12-N20-双出轴-Motor.STEP,True,False,0,False,False,False,False,,False,,-110.3943,-14.2802,22.2006,0.377198 -0.854363 0.357471 0.514737 0.514272 0.685981 -0.769914 -0.074747 0.633754,0.377198 -0.854363 0.357471 -110.394 0.514737 0.514272 0.685981 -14.2802 -0.769914 -0.074747 0.633754 22.2006 0 0 0 1,-0.5 -3 -0.5 0.5 18.6 0.5,1.00 x 21.60 x 1.00,-117.0583,-10.2689,21.6175,-110.3943,-22.2006,-14.2802,0.377198 -0.357471 -0.854363 0.769914 0.633754 0.074747 0.514737 -0.685981 0.514272,-117.0583,-21.6175,-10.2689,-126.653 -23.1266 -16.4234 -107.464 -20.1084 -4.1144
345,334,3,Robotic Hand_V5/GM12-N20-双出轴-Motor.STEP-16/M057-8Y01A.STEP-1/________-3.STEP-1,________-3.STEP-1,34,________-3.STEP,________-3.STEP.SLDPRT,GM12-N20-双出轴-Motor.STEP,purchased-internal,purchased-internal,GM12-N20-双出轴-Motor.STEP,True,False,0,False,False,False,False,,False,,-123.7394,-6.2473,21.0330,-0.506606 0.854363 0.115819 -0.792159 -0.514272 0.328646 0.340345 0.074747 0.937325,-0.506606 0.854363 0.115819 -123.739 -0.792159 -0.514272 0.328646 -6.2473 0.340345 0.074747 0.937325 21.033 0 0 0 1,-0.9 -0.02 -0.9 0.9 0.12 0.9,1.80 x 0.14 x 1.80,-123.6967,-6.2730,21.0367,-123.7394,-21.0330,-6.2473,-0.506606 -0.115819 0.854363 -0.340345 0.937325 -0.074747 -0.792159 -0.328646 -0.514272,-123.6967,-21.0367,-6.2730,-124.317 -22.1919 -7.31773 -123.077 -19.8816 -5.22829
346,333,2,Robotic Hand_V5/GM12-N20-双出轴-Motor.STEP-16/__________-4.STEP-1,__________-4.STEP-1,25,__________-4.STEP,__________-4.STEP.SLDPRT,GM12-N20-双出轴-Motor.STEP,purchased-internal,purchased-internal,GM12-N20-双出轴-Motor.STEP,True,False,0,False,False,True,True,,False,,-111.4195,-13.6631,22.1109,0.087156 0.854363 -0.512316 0 -0.514272 -0.857627 -0.996195 0.074747 -0.044822,0.087156 0.854363 -0.512316 -111.419 0 -0.514272 -0.857627 -13.6631 -0.996195 0.074747 -0.044822 22.1109 0 0 0 1,-6 -1.4025 -5.5 6 16.6 5.5,12.00 x 18.00 x 11.00,-104.9274,-17.5709,22.6788,-111.4195,-22.1109,-13.6631,0.087156 0.512316 0.854363 0.996195 -0.044822 -0.074747 0 0.857627 -0.514272,-104.9274,-22.6788,-17.5709,-115.958 -29.5754 -26.917 -93.8964 -15.7823 -8.22489
347,333,2,Robotic Hand_V5/GM12-N20-双出轴-Motor.STEP-16/____________-5.STEP-1,____________-5.STEP-1,26,____________-5.STEP,____________-5.STEP.SLDPRT,GM12-N20-双出轴-Motor.STEP,purchased-internal,purchased-internal,GM12-N20-双出轴-Motor.STEP,True,False,0,False,False,False,False,,False,,-121.0451,-11.3327,25.0846,0.154309 0.854363 0.496238 0.388398 -0.514272 0.764638 0.90848 0.074747 -0.41119,0.154309 0.854363 0.496238 -121.045 0.388398 -0.514272 0.764638 -11.3327 0.90848 0.074747 -0.41119 25.0846 0 0 0 1,-1.25 6 -1.25 1.25 10 1.25,2.50 x 4.00 x 2.50,-114.2102,-15.4468,25.6826,-121.0451,-25.0846,-11.3327,0.154309 -0.496238 0.854363 -0.90848 -0.41119 -0.074747 0.388398 -0.764638 -0.514272,-114.2102,-25.6826,-15.4468,-116.732 -27.4817 -17.9167 -111.688 -23.8835 -12.977
348,333,2,Robotic Hand_V5/GM12-N20-双出轴-Motor.STEP-16/____________-5.STEP-2,____________-5.STEP-2,27,____________-5.STEP,____________-5.STEP.SLDPRT,GM12-N20-双出轴-Motor.STEP,purchased-internal,purchased-internal,GM12-N20-双出轴-Motor.STEP,True,False,0,False,False,False,False,,False,,-117.5141,-6.5309,17.7618,-0.304416 0.854363 0.421182 -0.378693 -0.514272 0.76949 0.874027 0.074747 0.480094,-0.304416 0.854363 0.421182 -117.514 -0.378693 -0.514272 0.76949 -6.53093 0.874027 0.074747 0.480094 17.7618 0 0 0 1,-1.25 6 -1.25 1.25 10 1.25,2.50 x 4.00 x 2.50,-110.6792,-10.6451,18.3597,-117.5141,-17.7618,-6.5309,-0.304416 -0.421182 0.854363 -0.874027 0.480094 -0.074747 -0.378693 -0.76949 -0.514272,-110.6792,-18.3597,-10.6451,-113.295 -20.2019 -13.1089 -108.063 -16.5176 -8.18133
349,333,2,Robotic Hand_V5/GM12-N20-双出轴-Motor.STEP-16/____________-5.STEP-3,____________-5.STEP-3,28,____________-5.STEP,____________-5.STEP.SLDPRT,GM12-N20-双出轴-Motor.STEP,purchased-internal,purchased-internal,GM12-N20-双出轴-Motor.STEP,True,False,0,False,False,False,False,,False,,-114.2374,-17.7970,21.8643,-0.854633 0.512316 -0.084468 0.504003 0.857627 0.102259 0.124831 0.044822 -0.991165,-0.854633 0.512316 -0.084468 -114.237 0.504003 0.857627 0.102259 -17.797 0.124831 0.044822 -0.991165 21.8643 0 0 0 1,-1.25 6 -1.25 1.25 10 1.25,2.50 x 4.00 x 2.50,-110.1389,-10.9359,22.2229,-114.2374,-21.8643,-17.7970,-0.854633 0.084468 0.512316 -0.124831 -0.991165 -0.044822 0.504003 -0.102259 0.857627,-110.1389,-22.2229,-10.9359,-112.337 -23.7075 -13.409 -107.94 -20.7383 -8.46286
350,333,2,Robotic Hand_V5/GM12-N20-双出轴-Motor.STEP-16/____________-5.STEP-4,____________-5.STEP-4,29,____________-5.STEP,____________-5.STEP.SLDPRT,GM12-N20-双出轴-Motor.STEP,purchased-internal,purchased-internal,GM12-N20-双出轴-Motor.STEP,True,False,0,False,False,False,False,,False,,-109.1142,-9.2207,22.3125,-0.123118 -0.512316 0.849926 0.021694 -0.857627 -0.513815 0.992155 -0.044822 0.116703,-0.123118 -0.512316 0.849926 -109.114 0.021694 -0.857627 -0.513815 -9.22069 0.992155 -0.044822 0.116703 22.3125 0 0 0 1,-1.25 6 -1.25 1.25 10 1.25,2.50 x 4.00 x 2.50,-113.2127,-16.0817,21.9540,-109.1142,-22.3125,-9.2207,-0.123118 -0.849926 -0.512316 -0.992155 0.116703 0.044822 0.021694 0.513815 -0.857627,-113.2127,-21.9540,-16.0817,-115.454 -23.4297 -18.4663 -110.972 -20.4783 -13.6971
351,333,2,Robotic Hand_V5/GM12-N20-双出轴-Motor.STEP-16/Engrenagem reta28-D.STEP-1,Engrenagem reta28-D.STEP-1,30,Engrenagem reta28-D.STEP,Engrenagem reta28-D.STEP.SLDPRT,GM12-N20-双出轴-Motor.STEP,purchased-internal,purchased-internal,GM12-N20-双出轴-Motor.STEP,True,False,0,False,False,True,True,,False,,-100.0056,-19.1344,23.1095,-0.087156 -0.854363 -0.512316 -0 0.514272 -0.857627 0.996195 -0.074747 -0.044822,-0.087156 -0.854363 -0.512316 -100.006 -0 0.514272 -0.857627 -19.1344 0.996195 -0.074747 -0.044822 23.1095 0 0 0 1,-2.78759 -2.78759 -13.8077 2.78759 2.78759 16.2077,5.58 x 5.58 x 30.02,-100.6203,-20.1635,23.0557,-100.0056,-23.1095,-19.1344,-0.087156 0.512316 -0.854363 -0.996195 -0.044822 0.074747 -0 0.857627 0.514272,-100.6203,-23.0557,-20.1635,-110.934 -26.7137 -34.4681 -90.3071 -19.3977 -5.85893
352,333,2,Robotic Hand_V5/GM12-N20-双出轴-Motor.STEP-16/Engrenagem reta22-11.STEP-1,Engrenagem reta22-11.STEP-1,31,Engrenagem reta22-11.STEP,Engrenagem reta22-11.STEP.SLDPRT,GM12-N20-双出轴-Motor.STEP,purchased-internal,purchased-internal,GM12-N20-双出轴-Motor.STEP,True,False,0,False,False,False,False,,False,,-104.5755,-19.8233,22.7096,-0.01694 -0.85863 0.512316 0.062273 0.510488 0.857627 -0.997915 0.046432 0.044822,-0.01694 -0.85863 0.512316 -104.576 0.062273 0.510488 0.857627 -19.8233 -0.997915 0.046432 0.044822 22.7096 0 0 0 1,-1.79568 -1.8 -0.7 1.79568 1.8 3,3.59 x 3.60 x 3.70,-103.9863,-18.8370,22.7612,-104.5755,-22.7096,-19.8233,-0.01694 -0.512316 -0.85863 0.997915 0.044822 -0.046432 0.062273 -0.857627 0.510488,-103.9863,-22.7612,-18.8370,-106.51 -24.7196 -21.4543 -101.463 -20.8027 -16.2197
353,333,2,Robotic Hand_V5/GM12-N20-双出轴-Motor.STEP-16/WHEEL.STEP-1,WHEEL.STEP-1,32,WHEEL.STEP,WHEEL.STEP.SLDPRT,GM12-N20-双出轴-Motor.STEP,purchased-internal,purchased-internal,GM12-N20-双出轴-Motor.STEP,True,False,0,False,False,False,False,,False,,-116.7663,-30.4040,18.8826,-0.838338 0.512316 0.186341 0.510753 0.857627 -0.060062 -0.190581 0.044822 -0.980648,-0.838338 0.512316 0.186341 -116.766 0.510753 0.857627 -0.060062 -30.404 -0.190581 0.044822 -0.980648 18.8826 0 0 0 1,-1.93657 13.5334 -1.93656 1.93656 21.4334 1.93657,3.87 x 7.90 x 3.87,-107.8093,-15.4098,19.6662,-116.7663,-18.8826,-30.4040,-0.838338 -0.186341 0.512316 0.190581 -0.980648 -0.044822 0.510753 0.060062 0.857627,-107.8093,-19.6662,-15.4098,-111.817 -22.1114 -19.9028 -103.801 -17.221 -10.9167
354,333,2,Robotic Hand_V5/GM12-N20-双出轴-Motor.STEP-16/WORM.STEP-1,WORM.STEP-1,33,WORM.STEP,WORM.STEP.SLDPRT,GM12-N20-双出轴-Motor.STEP,purchased-internal,purchased-internal,GM12-N20-双出轴-Motor.STEP,True,False,0,False,False,False,False,,False,,-80.9448,-31.7383,24.6240,-0.0891 -0.854363 -0.511981 -0.003256 0.514272 -0.857621 0.996017 -0.074747 -0.048604,-0.0891 -0.854363 -0.511981 -80.9448 -0.003256 0.514272 -0.857621 -31.7383 0.996017 -0.074747 -0.048604 24.624 0 0 0 1,-1.0847 30.4444 -0.996281 1.39137 35.02 1.44217,2.48 x 4.58 x 2.44,-109.0377,-15.0968,22.3192,-80.9448,-24.6240,-31.7383,-0.0891 0.511981 -0.854363 -0.996017 -0.048604 0.074747 -0.003256 0.857621 0.514272,-109.0377,-22.3192,-15.0968,-111.727 -23.7826 -17.323 -106.349 -20.8559 -12.8706
355,333,2,Robotic Hand_V5/GM12-N20-双出轴-Motor.STEP-16/Engrenagem reta22-11.STEP-2,Engrenagem reta22-11.STEP-2,34,Engrenagem reta22-11.STEP,Engrenagem reta22-11.STEP.SLDPRT,GM12-N20-双出轴-Motor.STEP,purchased-internal,purchased-internal,GM12-N20-双出轴-Motor.STEP,True,False,0,False,False,False,False,,False,,-106.9102,-19.9355,20.9265,-0.026185 -0.858398 0.512316 0.067766 0.509788 0.857627 -0.997358 0.057174 0.044822,-0.026185 -0.858398 0.512316 -106.91 0.067766 0.509788 0.857627 -19.9355 -0.997358 0.057174 0.044822 20.9265 0 0 0 1,-1.79568 -1.8 -0.7 1.79568 1.8 3,3.59 x 3.60 x 3.70,-106.3210,-18.9492,20.9780,-106.9102,-20.9265,-19.9355,-0.026185 -0.512316 -0.858398 0.997358 0.044822 -0.057174 0.067766 -0.857627 0.509788,-106.3210,-20.9780,-18.9492,-108.861 -22.9548 -21.5751 -103.781 -19.0012 -16.3233
356,,1,Robotic Hand_V5/GM12-N20-双出轴-Motor.STEP-17,GM12-N20-双出轴-Motor.STEP-17,1624,GM12-N20-双出轴-Motor.STEP,GM12-N20-双出轴-Motor.STEP.SLDASM,GM12-N20-双出轴-Motor.STEP,motor,motor-GM12,GM12-N20-双出轴-Motor.STEP,False,True,11,False,False,False,False,No,False,,-117.2855,-22.7211,33.6166,-0.087156 -0.854363 -0.512315 -0 0.514272 -0.857627 0.996195 -0.074747 -0.044822,-0.087156 -0.854363 -0.512315 -117.285 -0 0.514272 -0.857627 -22.7211 0.996195 -0.074747 -0.044822 33.6166 0 0 0 1,-18.2107 1 -15.0156 -5.7348 36.2 14.9998,12.48 x 35.20 x 30.02,-132.1291,-13.1488,20.2994,-117.2855,-33.6166,-22.7211,-0.087156 0.512315 -0.854363 -0.996195 -0.044822 0.074747 -0 0.857627 0.514272,-132.1291,-20.2994,-13.1488,-155.398 -28.5019 -35.071 -108.86 -12.097 8.77336
357,356,2,Robotic Hand_V5/GM12-N20-双出轴-Motor.STEP-17/M057-8Y01A.STEP-1,M057-8Y01A.STEP-1,24,M057-8Y01A.STEP,M057-8Y01A.STEP.SLDASM,GM12-N20-双出轴-Motor.STEP,purchased-internal,purchased-internal,GM12-N20-双出轴-Motor.STEP,True,True,11,False,False,False,False,,False,,-145.6280,-5.0233,19.1181,-0.087156 0.854363 0.512316 0 -0.514272 0.857627 0.996195 0.074747 0.044822,-0.087156 0.854363 0.512316 -145.628 0 -0.514272 0.857627 -5.02333 0.996195 0.074747 0.044822 19.1181 0 0 0 1,-6.23755 -1.8 -5.02292 6.23831 21 5.09668,12.48 x 22.80 x 10.12,-137.4073,-9.9287,19.8377,-145.6280,-19.1181,-5.0233,-0.087156 -0.512316 0.854363 -0.996195 0.044822 -0.074747 0 -0.857627 -0.514272,-137.4073,-19.8377,-9.9287,-150.283 -27.1308 -20.1308 -124.532 -12.5446 0.273418
358,357,3,Robotic Hand_V5/GM12-N20-双出轴-Motor.STEP-17/M057-8Y01A.STEP-1/____________.STEP-1,____________.STEP-1,24,____________.STEP,____________.STEP.SLDPRT,GM12-N20-双出轴-Motor.STEP,purchased-internal,purchased-internal,GM12-N20-双出轴-Motor.STEP,True,False,0,False,False,False,False,,False,,-145.6280,-5.0233,19.1181,-0.087156 0.854363 0.512316 0 -0.514272 0.857627 0.996195 0.074747 0.044822,-0.087156 0.854363 0.512316 -145.628 0 -0.514272 0.857627 -5.02333 0.996195 0.074747 0.044822 19.1181 0 0 0 1,-5.91494 -0.8 -5 5.91494 4.4 5,11.83 x 5.20 x 10.00,-144.0902,-5.9490,19.2526,-145.6280,-19.1181,-5.0233,-0.087156 -0.512316 0.854363 -0.996195 0.044822 -0.074747 0 -0.857627 -0.514272,-144.0902,-19.2526,-5.9490,-149.389 -25.5635 -11.5743 -138.792 -12.9417 -0.323774
359,357,3,Robotic Hand_V5/GM12-N20-双出轴-Motor.STEP-17/M057-8Y01A.STEP-1/____.STEP-1,____.STEP-1,25,____.STEP,____.STEP.SLDPRT,GM12-N20-双出轴-Motor.STEP,purchased-internal,purchased-internal,GM12-N20-双出轴-Motor.STEP,True,False,0,False,False,False,False,,False,,-134.3504,-11.8117,20.1047,0.251478 0.854363 -0.454777 0.283268 -0.514272 -0.809496 -0.925483 0.074747 -0.371342,0.251478 0.854363 -0.454777 -134.35 0.283268 -0.514272 -0.809496 -11.8117 -0.925483 0.074747 -0.371342 20.1047 0 0 0 1,-4 -7.5 -4 4 1 3.86421,8.00 x 8.50 x 7.86,-137.0962,-10.0854,19.8870,-134.3504,-20.1047,-11.8117,0.251478 0.454777 0.854363 0.925483 -0.371342 -0.074747 0.283268 0.809496 -0.514272,-137.0962,-19.8870,-10.0854,-143.521 -25.3668 -16.5871 -130.671 -14.4072 -3.58363
360,357,3,Robotic Hand_V5/GM12-N20-双出轴-Motor.STEP-17/M057-8Y01A.STEP-1/______.STEP-1,______.STEP-1,26,______.STEP,______.STEP.SLDPRT,GM12-N20-双出轴-Motor.STEP,purchased-internal,purchased-internal,GM12-N20-双出轴-Motor.STEP,True,False,0,False,False,False,False,,False,,-141.3562,-7.5947,19.4918,0.265227 0.854363 0.446898 0.555198 -0.514272 0.653666 0.788296 0.074747 -0.61074,0.265227 0.854363 0.446898 -141.356 0.555198 -0.514272 0.653666 -7.59469 0.788296 0.074747 -0.61074 19.4918 0 0 0 1,-3.25 -2.5025 -3.25 3.25 0.661881 3.25,6.50 x 3.16 x 6.50,-142.1425,-7.1214,19.4230,-141.3562,-19.4918,-7.5947,0.265227 -0.446898 0.854363 -0.788296 -0.61074 -0.074747 0.555198 -0.653666 -0.514272,-142.1425,-19.4230,-7.1214,-145.809 -24.0881 -11.8639 -138.476 -14.7579 -2.37892
361,357,3,Robotic Hand_V5/GM12-N20-双出轴-Motor.STEP-17/M057-8Y01A.STEP-1/____-0.STEP-1,____-0.STEP-1,27,____-0.STEP,____-0.STEP.SLDPRT,GM12-N20-双出轴-Motor.STEP,purchased-internal,purchased-internal,GM12-N20-双出轴-Motor.STEP,True,False,0,False,False,False,False,,False,,-144.3379,-5.7999,19.2309,-0.087156 0.854363 0.512316 0 -0.514272 0.857627 0.996195 0.074747 0.044822,-0.087156 0.854363 0.512316 -144.338 0 -0.514272 0.857627 -5.79993 0.996195 0.074747 0.044822 19.2309 0 0 0 1,-3.21825 -0.010153 -3.66333 3.21825 2.01015 3.66333,6.44 x 2.02 x 7.33,-143.4835,-6.3142,19.3057,-144.3379,-19.2309,-5.7999,-0.087156 -0.512316 0.854363 -0.996195 0.044822 -0.074747 0 -0.857627 -0.514272,-143.4835,-19.3057,-6.3142,-146.504 -22.7514 -9.97546 -140.463 -15.86 -2.65294
362,357,3,Robotic Hand_V5/GM12-N20-双出轴-Motor.STEP-17/M057-8Y01A.STEP-1/__________.STEP-1,__________.STEP-1,28,__________.STEP,__________.STEP.SLDPRT,GM12-N20-双出轴-Motor.STEP,purchased-internal,purchased-internal,GM12-N20-双出轴-Motor.STEP,True,False,0,False,False,False,False,,False,,-140.7582,-7.9547,19.5441,0.251478 0.854363 -0.454777 0.283268 -0.514272 -0.809496 -0.925483 0.074747 -0.371342,0.251478 0.854363 -0.454777 -140.758 0.283268 -0.514272 -0.809496 -7.95468 -0.925483 0.074747 -0.371342 19.5441 0 0 0 1,-0.99282 -2.8 -1.1 0.99282 0.2 0.7,1.99 x 3.00 x 1.80,-141.7779,-7.1242,19.5212,-140.7582,-19.5441,-7.9547,0.251478 0.454777 0.854363 0.925483 -0.371342 -0.074747 0.283268 0.809496 -0.514272,-141.7779,-19.5212,-7.1242,-143.718 -20.8864 -8.90542 -139.837 -18.1561 -5.34304
363,357,3,Robotic Hand_V5/GM12-N20-双出轴-Motor.STEP-17/M057-8Y01A.STEP-1/____-1.STEP-1,____-1.STEP-1,29,____-1.STEP,____-1.STEP.SLDPRT,GM12-N20-双出轴-Motor.STEP,purchased-internal,purchased-internal,GM12-N20-双出轴-Motor.STEP,True,False,0,False,False,False,False,,False,,-140.7582,-7.9547,19.5441,-0.088435 0.854363 0.512096 -0.002141 -0.514272 0.857624 0.99608 0.074747 0.047309,-0.088435 0.854363 0.512096 -140.758 -0.002141 -0.514272 0.857624 -7.95468 0.99608 0.074747 0.047309 19.5441 0 0 0 1,-5.77332 0 -4.80793 5.77332 8.5 4.80793,11.55 x 8.50 x 9.62,-137.1271,-10.1403,19.8618,-140.7582,-19.5441,-7.9547,-0.088435 -0.512096 0.854363 -0.99608 0.047309 -0.074747 -0.002141 -0.857624 -0.514272,-137.1271,-19.8618,-10.1403,-143.731 -26.1576 -16.4618 -130.523 -13.566 -3.81892
364,357,3,Robotic Hand_V5/GM12-N20-双出轴-Motor.STEP-17/M057-8Y01A.STEP-1/____-2.STEP-1,____-2.STEP-1,30,____-2.STEP,____-2.STEP.SLDPRT,GM12-N20-双出轴-Motor.STEP,purchased-internal,purchased-internal,GM12-N20-双出轴-Motor.STEP,True,False,0,False,False,False,False,,False,,-143.2647,-6.2833,16.2130,0.087156 -0.854363 0.512316 -0 0.514272 0.857627 -0.996195 -0.074747 0.044822,0.087156 -0.854363 0.512316 -143.265 -0 0.514272 0.857627 -6.2833 -0.996195 -0.074747 0.044822 16.213 0 0 0 1,-0.2 -0 -1 0.2 4.25 1,0.40 x 4.25 x 2.00,-145.0802,-5.1905,16.0541,-143.2647,-16.2130,-6.2833,0.087156 -0.512316 -0.854363 0.996195 0.044822 0.074747 -0 -0.857627 0.514272,-145.0802,-16.0541,-5.1905,-147.425 -16.457 -7.14092 -142.735 -15.6513 -3.24001
365,357,3,Robotic Hand_V5/GM12-N20-双出轴-Motor.STEP-17/M057-8Y01A.STEP-1/____-2.STEP-2,____-2.STEP-2,31,____-2.STEP,____-2.STEP.SLDPRT,GM12-N20-双出轴-Motor.STEP,purchased-internal,purchased-internal,GM12-N20-双出轴-Motor.STEP,True,False,0,False,False,False,False,,False,,-143.8050,-6.2833,22.3894,-0.087156 -0.854363 -0.512316 0 0.514272 -0.857627 0.996195 -0.074747 -0.044822,-0.087156 -0.854363 -0.512316 -143.805 0 0.514272 -0.857627 -6.28329 0.996195 -0.074747 -0.044822 22.3894 0 0 0 1,-0.2 -0 -1 0.2 4.25 1,0.40 x 4.25 x 2.00,-145.6205,-5.1905,22.2306,-143.8050,-22.3894,-6.2833,-0.087156 0.512316 -0.854363 -0.996195 -0.044822 0.074747 0 0.857627 0.514272,-145.6205,-22.2306,-5.1905,-147.966 -22.6335 -7.14092 -143.275 -21.8277 -3.24001
366,357,3,Robotic Hand_V5/GM12-N20-双出轴-Motor.STEP-17/M057-8Y01A.STEP-1/________.STEP-1,________.STEP-1,32,________.STEP,________.STEP.SLDPRT,GM12-N20-双出轴-Motor.STEP,purchased-internal,purchased-internal,GM12-N20-双出轴-Motor.STEP,True,False,0,False,False,False,False,,False,,-132.8997,-12.6928,20.2047,-0.087156 0.854363 0.512316 -0 -0.514272 0.857627 0.996195 0.074747 0.044822,-0.087156 0.854363 0.512316 -132.9 -0 -0.514272 0.857627 -12.6928 0.996195 0.074747 0.044822 20.2047 0 0 0 1,-6.21067 -13.5245 -5.01502 6.2652 0.9 5.03081,12.48 x 14.42 x 10.05,-138.2910,-9.4398,19.7603,-132.8997,-20.2047,-12.6928,-0.087156 -0.512316 0.854363 -0.996195 0.044822 -0.074747 -0 -0.857627 -0.514272,-138.2910,-19.7603,-9.4398,-147.57 -26.7388 -17.4566 -129.012 -12.7819 -1.4229
367,357,3,Robotic Hand_V5/GM12-N20-双出轴-Motor.STEP-17/M057-8Y01A.STEP-1/__.STEP-1,__.STEP-1,33,__.STEP,__.STEP.SLDPRT,GM12-N20-双出轴-Motor.STEP,purchased-internal,purchased-internal,GM12-N20-双出轴-Motor.STEP,True,False,0,False,False,False,False,,False,,-130.2495,-14.2802,20.4635,0.377198 -0.854363 0.357471 0.514737 0.514272 0.685981 -0.769914 -0.074747 0.633754,0.377198 -0.854363 0.357471 -130.249 0.514737 0.514272 0.685981 -14.2802 -0.769914 -0.074747 0.633754 20.4635 0 0 0 1,-0.5 -3 -0.5 0.5 18.6 0.5,1.00 x 21.60 x 1.00,-136.9135,-10.2689,19.8805,-130.2495,-20.4635,-14.2802,0.377198 -0.357471 -0.854363 0.769914 0.633754 0.074747 0.514737 -0.685981 0.514272,-136.9135,-19.8805,-10.2689,-146.508 -21.3896 -16.4234 -127.319 -18.3714 -4.1144
368,357,3,Robotic Hand_V5/GM12-N20-双出轴-Motor.STEP-17/M057-8Y01A.STEP-1/________-3.STEP-1,________-3.STEP-1,34,________-3.STEP,________-3.STEP.SLDPRT,GM12-N20-双出轴-Motor.STEP,purchased-internal,purchased-internal,GM12-N20-双出轴-Motor.STEP,True,False,0,False,False,False,False,,False,,-143.5946,-6.2473,19.2960,-0.506606 0.854363 0.115819 -0.792159 -0.514272 0.328646 0.340345 0.074747 0.937325,-0.506606 0.854363 0.115819 -143.595 -0.792159 -0.514272 0.328646 -6.2473 0.340345 0.074747 0.937325 19.296 0 0 0 1,-0.9 -0.02 -0.9 0.9 0.12 0.9,1.80 x 0.14 x 1.80,-143.5519,-6.2730,19.2997,-143.5946,-19.2960,-6.2473,-0.506606 -0.115819 0.854363 -0.340345 0.937325 -0.074747 -0.792159 -0.328646 -0.514272,-143.5519,-19.2997,-6.2730,-144.172 -20.4548 -7.31773 -142.932 -18.1446 -5.22829
369,356,2,Robotic Hand_V5/GM12-N20-双出轴-Motor.STEP-17/__________-4.STEP-1,__________-4.STEP-1,25,__________-4.STEP,__________-4.STEP.SLDPRT,GM12-N20-双出轴-Motor.STEP,purchased-internal,purchased-internal,GM12-N20-双出轴-Motor.STEP,True,False,0,False,False,True,True,,False,,-131.2747,-13.6631,20.3738,0.087156 0.854363 -0.512316 0 -0.514272 -0.857627 -0.996195 0.074747 -0.044822,0.087156 0.854363 -0.512316 -131.275 0 -0.514272 -0.857627 -13.6631 -0.996195 0.074747 -0.044822 20.3738 0 0 0 1,-6 -1.4025 -5.5 6 16.6 5.5,12.00 x 18.00 x 11.00,-124.7826,-17.5709,20.9418,-131.2747,-20.3738,-13.6631,0.087156 0.512316 0.854363 0.996195 -0.044822 -0.074747 0 0.857627 -0.514272,-124.7826,-20.9418,-17.5709,-135.814 -27.8383 -26.917 -113.752 -14.0453 -8.22489
370,356,2,Robotic Hand_V5/GM12-N20-双出轴-Motor.STEP-17/____________-5.STEP-1,____________-5.STEP-1,26,____________-5.STEP,____________-5.STEP.SLDPRT,GM12-N20-双出轴-Motor.STEP,purchased-internal,purchased-internal,GM12-N20-双出轴-Motor.STEP,True,False,0,False,False,False,False,,False,,-140.9004,-11.3327,23.3476,0.154309 0.854363 0.496238 0.388398 -0.514272 0.764638 0.90848 0.074747 -0.41119,0.154309 0.854363 0.496238 -140.9 0.388398 -0.514272 0.764638 -11.3327 0.90848 0.074747 -0.41119 23.3476 0 0 0 1,-1.25 6 -1.25 1.25 10 1.25,2.50 x 4.00 x 2.50,-134.0655,-15.4468,23.9456,-140.9004,-23.3476,-11.3327,0.154309 -0.496238 0.854363 -0.90848 -0.41119 -0.074747 0.388398 -0.764638 -0.514272,-134.0655,-23.9456,-15.4468,-136.587 -25.7446 -17.9167 -131.544 -22.1465 -12.977
371,356,2,Robotic Hand_V5/GM12-N20-双出轴-Motor.STEP-17/____________-5.STEP-2,____________-5.STEP-2,27,____________-5.STEP,____________-5.STEP.SLDPRT,GM12-N20-双出轴-Motor.STEP,purchased-internal,purchased-internal,GM12-N20-双出轴-Motor.STEP,True,False,0,False,False,False,False,,False,,-137.3694,-6.5309,16.0247,-0.304416 0.854363 0.421182 -0.378693 -0.514272 0.76949 0.874027 0.074747 0.480094,-0.304416 0.854363 0.421182 -137.369 -0.378693 -0.514272 0.76949 -6.53093 0.874027 0.074747 0.480094 16.0247 0 0 0 1,-1.25 6 -1.25 1.25 10 1.25,2.50 x 4.00 x 2.50,-130.5345,-10.6451,16.6227,-137.3694,-16.0247,-6.5309,-0.304416 -0.421182 0.854363 -0.874027 0.480094 -0.074747 -0.378693 -0.76949 -0.514272,-130.5345,-16.6227,-10.6451,-133.15 -18.4648 -13.1089 -127.919 -14.7805 -8.18133
372,356,2,Robotic Hand_V5/GM12-N20-双出轴-Motor.STEP-17/____________-5.STEP-3,____________-5.STEP-3,28,____________-5.STEP,____________-5.STEP.SLDPRT,GM12-N20-双出轴-Motor.STEP,purchased-internal,purchased-internal,GM12-N20-双出轴-Motor.STEP,True,False,0,False,False,False,False,,False,,-134.0926,-17.7970,20.1273,-0.854633 0.512316 -0.084468 0.504003 0.857627 0.102259 0.124831 0.044822 -0.991165,-0.854633 0.512316 -0.084468 -134.093 0.504003 0.857627 0.102259 -17.797 0.124831 0.044822 -0.991165 20.1273 0 0 0 1,-1.25 6 -1.25 1.25 10 1.25,2.50 x 4.00 x 2.50,-129.9941,-10.9359,20.4859,-134.0926,-20.1273,-17.7970,-0.854633 0.084468 0.512316 -0.124831 -0.991165 -0.044822 0.504003 -0.102259 0.857627,-129.9941,-20.4859,-10.9359,-132.193 -21.9705 -13.409 -127.796 -19.0012 -8.46286
373,356,2,Robotic Hand_V5/GM12-N20-双出轴-Motor.STEP-17/____________-5.STEP-4,____________-5.STEP-4,29,____________-5.STEP,____________-5.STEP.SLDPRT,GM12-N20-双出轴-Motor.STEP,purchased-internal,purchased-internal,GM12-N20-双出轴-Motor.STEP,True,False,0,False,False,False,False,,False,,-128.9695,-9.2207,20.5755,-0.123118 -0.512316 0.849926 0.021694 -0.857627 -0.513815 0.992155 -0.044822 0.116703,-0.123118 -0.512316 0.849926 -128.969 0.021694 -0.857627 -0.513815 -9.22069 0.992155 -0.044822 0.116703 20.5755 0 0 0 1,-1.25 6 -1.25 1.25 10 1.25,2.50 x 4.00 x 2.50,-133.0680,-16.0817,20.2169,-128.9695,-20.5755,-9.2207,-0.123118 -0.849926 -0.512316 -0.992155 0.116703 0.044822 0.021694 0.513815 -0.857627,-133.0680,-20.2169,-16.0817,-135.309 -21.6926 -18.4663 -130.827 -18.7412 -13.6971
374,356,2,Robotic Hand_V5/GM12-N20-双出轴-Motor.STEP-17/Engrenagem reta28-D.STEP-1,Engrenagem reta28-D.STEP-1,30,Engrenagem reta28-D.STEP,Engrenagem reta28-D.STEP.SLDPRT,GM12-N20-双出轴-Motor.STEP,purchased-internal,purchased-internal,GM12-N20-双出轴-Motor.STEP,True,False,0,False,False,True,True,,False,,-119.8608,-19.1344,21.3724,-0.087156 -0.854363 -0.512316 -0 0.514272 -0.857627 0.996195 -0.074747 -0.044822,-0.087156 -0.854363 -0.512316 -119.861 -0 0.514272 -0.857627 -19.1344 0.996195 -0.074747 -0.044822 21.3724 0 0 0 1,-2.78759 -2.78759 -13.8077 2.78759 2.78759 16.2077,5.58 x 5.58 x 30.02,-120.4756,-20.1635,21.3186,-119.8608,-21.3724,-19.1344,-0.087156 0.512316 -0.854363 -0.996195 -0.044822 0.074747 -0 0.857627 0.514272,-120.4756,-21.3186,-20.1635,-130.789 -24.9766 -34.4681 -110.162 -17.6606 -5.85893
375,356,2,Robotic Hand_V5/GM12-N20-双出轴-Motor.STEP-17/Engrenagem reta22-11.STEP-1,Engrenagem reta22-11.STEP-1,31,Engrenagem reta22-11.STEP,Engrenagem reta22-11.STEP.SLDPRT,GM12-N20-双出轴-Motor.STEP,purchased-internal,purchased-internal,GM12-N20-双出轴-Motor.STEP,True,False,0,False,False,False,False,,False,,-124.4307,-19.8233,20.9726,-0.01694 -0.85863 0.512316 0.062273 0.510488 0.857627 -0.997915 0.046432 0.044822,-0.01694 -0.85863 0.512316 -124.431 0.062273 0.510488 0.857627 -19.8233 -0.997915 0.046432 0.044822 20.9726 0 0 0 1,-1.79568 -1.8 -0.7 1.79568 1.8 3,3.59 x 3.60 x 3.70,-123.8416,-18.8370,21.0241,-124.4307,-20.9726,-19.8233,-0.01694 -0.512316 -0.85863 0.997915 0.044822 -0.046432 0.062273 -0.857627 0.510488,-123.8416,-21.0241,-18.8370,-126.365 -22.9826 -21.4543 -121.318 -19.0657 -16.2197
376,356,2,Robotic Hand_V5/GM12-N20-双出轴-Motor.STEP-17/WHEEL.STEP-1,WHEEL.STEP-1,32,WHEEL.STEP,WHEEL.STEP.SLDPRT,GM12-N20-双出轴-Motor.STEP,purchased-internal,purchased-internal,GM12-N20-双出轴-Motor.STEP,True,False,0,False,False,False,False,,False,,-136.6215,-30.4040,17.1455,-0.838338 0.512316 0.186341 0.510753 0.857627 -0.060062 -0.190581 0.044822 -0.980648,-0.838338 0.512316 0.186341 -136.621 0.510753 0.857627 -0.060062 -30.404 -0.190581 0.044822 -0.980648 17.1455 0 0 0 1,-1.93657 13.5334 -1.93656 1.93656 21.4334 1.93657,3.87 x 7.90 x 3.87,-127.6645,-15.4098,17.9292,-136.6215,-17.1455,-30.4040,-0.838338 -0.186341 0.512316 0.190581 -0.980648 -0.044822 0.510753 0.060062 0.857627,-127.6645,-17.9292,-15.4098,-131.672 -20.3744 -19.9028 -123.656 -15.484 -10.9167
377,356,2,Robotic Hand_V5/GM12-N20-双出轴-Motor.STEP-17/WORM.STEP-1,WORM.STEP-1,33,WORM.STEP,WORM.STEP.SLDPRT,GM12-N20-双出轴-Motor.STEP,purchased-internal,purchased-internal,GM12-N20-双出轴-Motor.STEP,True,False,0,False,False,False,False,,False,,-100.8000,-31.7383,22.8869,-0.0891 -0.854363 -0.511981 -0.003256 0.514272 -0.857621 0.996017 -0.074747 -0.048604,-0.0891 -0.854363 -0.511981 -100.8 -0.003256 0.514272 -0.857621 -31.7383 0.996017 -0.074747 -0.048604 22.8869 0 0 0 1,-1.0847 30.4444 -0.996281 1.39137 35.02 1.44217,2.48 x 4.58 x 2.44,-128.8930,-15.0968,20.5822,-100.8000,-22.8869,-31.7383,-0.0891 0.511981 -0.854363 -0.996017 -0.048604 0.074747 -0.003256 0.857621 0.514272,-128.8930,-20.5822,-15.0968,-131.582 -22.0456 -17.323 -126.204 -19.1188 -12.8706
378,356,2,Robotic Hand_V5/GM12-N20-双出轴-Motor.STEP-17/Engrenagem reta22-11.STEP-2,Engrenagem reta22-11.STEP-2,34,Engrenagem reta22-11.STEP,Engrenagem reta22-11.STEP.SLDPRT,GM12-N20-双出轴-Motor.STEP,purchased-internal,purchased-internal,GM12-N20-双出轴-Motor.STEP,True,False,0,False,False,False,False,,False,,-126.7654,-19.9355,19.1894,-0.026185 -0.858398 0.512316 0.067766 0.509788 0.857627 -0.997358 0.057174 0.044822,-0.026185 -0.858398 0.512316 -126.765 0.067766 0.509788 0.857627 -19.9355 -0.997358 0.057174 0.044822 19.1894 0 0 0 1,-1.79568 -1.8 -0.7 1.79568 1.8 3,3.59 x 3.60 x 3.70,-126.1763,-18.9492,19.2410,-126.7654,-19.1894,-19.9355,-0.026185 -0.512316 -0.858398 0.997358 0.044822 -0.057174 0.067766 -0.857627 0.509788,-126.1763,-19.2410,-18.9492,-128.716 -21.2177 -21.5751 -123.636 -17.2642 -16.3233
379,,1,Robotic Hand_V5/GM12-N20-双出轴-Motor.STEP-19,GM12-N20-双出轴-Motor.STEP-19,1626,GM12-N20-双出轴-Motor.STEP,GM12-N20-双出轴-Motor.STEP.SLDASM,GM12-N20-双出轴-Motor.STEP,motor,motor-GM12,GM12-N20-双出轴-Motor.STEP,False,True,11,False,False,False,False,No,False,,-76.5749,-22.7211,12.2270,-0 -0.857627 -0.514272 -0 0.514272 -0.857627 1 0 -0,-0 -0.857627 -0.514272 -76.5749 -0 0.514272 -0.857627 -22.7211 1 0 -0 12.227 0 0 0 1,-18.2107 1 -15.0156 -5.7348 36.2 14.9998,12.48 x 35.20 x 30.02,-92.5227,-13.1488,0.2542,-76.5749,-12.2270,-22.7211,-0 0.514272 -0.857627 -1 -0 -0 -0 0.857627 0.514272,-92.5227,-0.2542,-13.1488,-115.335 -6.49218 -35.071 -69.7105 5.9837 8.77336
380,379,2,Robotic Hand_V5/GM12-N20-双出轴-Motor.STEP-19/M057-8Y01A.STEP-1,M057-8Y01A.STEP-1,24,M057-8Y01A.STEP,M057-8Y01A.STEP.SLDASM,GM12-N20-双出轴-Motor.STEP,purchased-internal,purchased-internal,GM12-N20-双出轴-Motor.STEP,True,True,11,False,False,False,False,,False,,-106.0732,-5.0233,0.2539,0 0.857627 0.514272 0 -0.514272 0.857627 1 -0 -0,0 0.857627 0.514272 -106.073 0 -0.514272 0.857627 -5.02333 1 -0 -0 0.253861 0 0 0 1,-6.23755 -1.8 -5.02292 6.23831 21 5.09668,12.48 x 22.80 x 10.12,-97.8211,-9.9287,0.2542,-106.0732,-0.2539,-5.0233,0 -0.514272 0.857627 -1 -0 0 0 -0.857627 -0.514272,-97.8211,-0.2542,-9.9287,-110.2 -6.49218 -20.1308 -85.442 5.98369 0.273418
381,380,3,Robotic Hand_V5/GM12-N20-双出轴-Motor.STEP-19/M057-8Y01A.STEP-1/____________.STEP-1,____________.STEP-1,24,____________.STEP,____________.STEP.SLDPRT,GM12-N20-双出轴-Motor.STEP,purchased-internal,purchased-internal,GM12-N20-双出轴-Motor.STEP,True,False,0,False,False,False,False,,False,,-106.0732,-5.0233,0.2539,0 0.857627 0.514272 0 -0.514272 0.857627 1 -0 -0,0 0.857627 0.514272 -106.073 0 -0.514272 0.857627 -5.02333 1 -0 -0 0.253861 0 0 0 1,-5.91494 -0.8 -5 5.91494 4.4 5,11.83 x 5.20 x 10.00,-104.5295,-5.9490,0.2539,-106.0732,-0.2539,-5.0233,0 -0.514272 0.857627 -1 -0 0 0 -0.857627 -0.514272,-104.5295,-0.2539,-5.9490,-109.331 -6.1688 -11.5743 -99.7283 5.66108 -0.323774
382,380,3,Robotic Hand_V5/GM12-N20-双出轴-Motor.STEP-19/M057-8Y01A.STEP-1/____.STEP-1,____.STEP-1,25,____.STEP,____.STEP.SLDPRT,GM12-N20-双出轴-Motor.STEP,purchased-internal,purchased-internal,GM12-N20-双出轴-Motor.STEP,True,False,0,False,False,False,False,,False,,-94.7526,-11.8117,0.2539,0.16986 0.857627 -0.485411 0.283268 -0.514272 -0.809496 -0.943879 -0 -0.330292,0.16986 0.857627 -0.485411 -94.7526 0.283268 -0.514272 -0.809496 -11.8117 -0.943879 -0 -0.330292 0.253861 0 0 0 1,-4 -7.5 -4 4 1 3.86421,8.00 x 8.50 x 7.86,-97.5069,-10.0854,0.2763,-94.7526,-0.2539,-11.8117,0.16986 0.485411 0.857627 0.943879 -0.330292 0 0.283268 0.809496 -0.514272,-97.5069,-0.2763,-10.0854,-103.74 -5.35055 -16.5871 -91.2739 4.79797 -3.58363
383,380,3,Robotic Hand_V5/GM12-N20-双出轴-Motor.STEP-19/M057-8Y01A.STEP-1/______.STEP-1,______.STEP-1,26,______.STEP,______.STEP.SLDPRT,GM12-N20-双出轴-Motor.STEP,purchased-internal,purchased-internal,GM12-N20-双出轴-Motor.STEP,True,False,0,False,False,False,False,,False,,-101.7851,-7.5947,0.2539,0.332922 0.857627 0.391968 0.555198 -0.514272 0.653666 0.76218 -0 -0.647365,0.332922 0.857627 0.391968 -101.785 0.555198 -0.514272 0.653666 -7.59469 0.76218 -0 -0.647365 0.253861 0 0 0 1,-3.25 -2.5025 -3.25 3.25 0.661881 3.25,6.50 x 3.16 x 6.50,-102.5744,-7.1214,0.2539,-101.7851,-0.2539,-7.5947,0.332922 -0.391968 0.857627 -0.76218 -0.647365 0 0.555198 -0.653666 -0.514272,-102.5744,-0.2539,-7.1214,-106.287 -4.83488 -11.8639 -98.8616 4.32716 -2.37892
384,380,3,Robotic Hand_V5/GM12-N20-双出轴-Motor.STEP-19/M057-8Y01A.STEP-1/____-0.STEP-1,____-0.STEP-1,27,____-0.STEP,____-0.STEP.SLDPRT,GM12-N20-双出轴-Motor.STEP,purchased-internal,purchased-internal,GM12-N20-双出轴-Motor.STEP,True,False,0,False,False,False,False,,False,,-104.7781,-5.7999,0.2539,0 0.857627 0.514272 0 -0.514272 0.857627 1 -0 -0,0 0.857627 0.514272 -104.778 0 -0.514272 0.857627 -5.79993 1 -0 -0 0.253861 0 0 0 1,-3.21825 -0.010153 -3.66333 3.21825 2.01015 3.66333,6.44 x 2.02 x 7.33,-103.9205,-6.3142,0.2539,-104.7781,-0.2539,-5.7999,0 -0.514272 0.857627 -1 -0 0 0 -0.857627 -0.514272,-103.9205,-0.2539,-6.3142,-106.671 -3.47211 -9.97546 -101.17 2.96439 -2.65294
385,380,3,Robotic Hand_V5/GM12-N20-双出轴-Motor.STEP-19/M057-8Y01A.STEP-1/__________.STEP-1,__________.STEP-1,28,__________.STEP,__________.STEP.SLDPRT,GM12-N20-双出轴-Motor.STEP,purchased-internal,purchased-internal,GM12-N20-双出轴-Motor.STEP,True,False,0,False,False,False,False,,False,,-101.1848,-7.9547,0.2539,0.16986 0.857627 -0.485411 0.283268 -0.514272 -0.809496 -0.943879 -0 -0.330292,0.16986 0.857627 -0.485411 -101.185 0.283268 -0.514272 -0.809496 -7.95468 -0.943879 -0 -0.330292 0.253861 0 0 0 1,-0.99282 -2.8 -1.1 0.99282 0.2 0.7,1.99 x 3.00 x 1.80,-102.2026,-7.1242,0.3199,-101.1848,-0.2539,-7.9547,0.16986 0.485411 0.857627 0.943879 -0.330292 0 0.283268 0.809496 -0.514272,-102.2026,-0.3199,-7.1242,-104.095 -1.55428 -8.90542 -100.311 0.914446 -5.34304
386,380,3,Robotic Hand_V5/GM12-N20-双出轴-Motor.STEP-19/M057-8Y01A.STEP-1/____-1.STEP-1,____-1.STEP-1,29,____-1.STEP,____-1.STEP.SLDPRT,GM12-N20-双出轴-Motor.STEP,purchased-internal,purchased-internal,GM12-N20-双出轴-Motor.STEP,True,False,0,False,False,False,False,,False,,-101.1848,-7.9547,0.2539,-0.001284 0.857627 0.514271 -0.002141 -0.514272 0.857624 0.999997 -0 0.002497,-0.001284 0.857627 0.514271 -101.185 -0.002141 -0.514272 0.857624 -7.95468 0.999997 -0 0.002497 0.253861 0 0 0 1,-5.77332 0 -4.80793 5.77332 8.5 4.80793,11.55 x 8.50 x 9.62,-97.5399,-10.1403,0.2539,-101.1848,-0.2539,-7.9547,-0.001284 -0.514271 0.857627 -0.999997 0.002497 0 -0.002141 -0.857624 -0.514272,-97.5399,-0.2539,-10.1403,-103.665 -6.03916 -16.4618 -91.4149 5.53144 -3.81892
387,380,3,Robotic Hand_V5/GM12-N20-双出轴-Motor.STEP-19/M057-8Y01A.STEP-1/____-2.STEP-1,____-2.STEP-1,30,____-2.STEP,____-2.STEP.SLDPRT,GM12-N20-双出轴-Motor.STEP,purchased-internal,purchased-internal,GM12-N20-双出轴-Motor.STEP,True,False,0,False,False,False,False,,False,,-103.9721,-6.2833,-2.8461,-0 -0.857627 0.514272 -0 0.514272 0.857627 -1 0 -0,-0 -0.857627 0.514272 -103.972 -0 0.514272 0.857627 -6.2833 -1 0 -0 -2.84614 0 0 0 1,-0.2 -0 -1 0.2 4.25 1,0.40 x 4.25 x 2.00,-105.7945,-5.1905,-2.8461,-103.9721,2.8461,-6.2833,-0 -0.514272 -0.857627 1 -0 -0 -0 -0.857627 0.514272,-105.7945,2.8461,-5.1905,-108.131 2.64614 -7.14092 -103.458 3.04614 -3.24001
388,380,3,Robotic Hand_V5/GM12-N20-双出轴-Motor.STEP-19/M057-8Y01A.STEP-1/____-2.STEP-2,____-2.STEP-2,31,____-2.STEP,____-2.STEP.SLDPRT,GM12-N20-双出轴-Motor.STEP,purchased-internal,purchased-internal,GM12-N20-双出轴-Motor.STEP,True,False,0,False,False,False,False,,False,,-103.9721,-6.2833,3.3539,0 -0.857627 -0.514272 0 0.514272 -0.857627 1 0 0,0 -0.857627 -0.514272 -103.972 0 0.514272 -0.857627 -6.28329 1 0 0 3.35386 0 0 0 1,-0.2 -0 -1 0.2 4.25 1,0.40 x 4.25 x 2.00,-105.7945,-5.1905,3.3539,-103.9721,-3.3539,-6.2833,0 0.514272 -0.857627 -1 0 -0 0 0.857627 0.514272,-105.7945,-3.3539,-5.1905,-108.131 -3.55386 -7.14092 -103.458 -3.15386 -3.24001
389,380,3,Robotic Hand_V5/GM12-N20-双出轴-Motor.STEP-19/M057-8Y01A.STEP-1/________.STEP-1,________.STEP-1,32,________.STEP,________.STEP.SLDPRT,GM12-N20-双出轴-Motor.STEP,purchased-internal,purchased-internal,GM12-N20-双出轴-Motor.STEP,True,False,0,False,False,False,False,,False,,-93.2987,-12.6928,0.2270,0 0.857627 0.514272 -0 -0.514272 0.857627 1 -0 0,0 0.857627 0.514272 -93.2987 -0 -0.514272 0.857627 -12.6928 1 -0 0 0.226979 0 0 0 1,-6.21067 -13.5245 -5.01502 6.2652 0.9 5.03081,12.48 x 14.42 x 10.05,-98.7082,-9.4398,0.2542,-93.2987,-0.2270,-12.6928,0 -0.514272 0.857627 -1 0 0 -0 -0.857627 -0.514272,-98.7082,-0.2542,-9.4398,-107.477 -6.49217 -17.4566 -89.9396 5.98369 -1.4229
390,380,3,Robotic Hand_V5/GM12-N20-双出轴-Motor.STEP-19/M057-8Y01A.STEP-1/__.STEP-1,__.STEP-1,33,__.STEP,__.STEP.SLDPRT,GM12-N20-双出轴-Motor.STEP,purchased-internal,purchased-internal,GM12-N20-双出轴-Motor.STEP,True,False,0,False,False,False,False,,False,,-90.6360,-14.2802,0.2539,0.30866 -0.857627 0.411346 0.514737 0.514272 0.685981 -0.79986 0 0.600187,0.30866 -0.857627 0.411346 -90.636 0.514737 0.514272 0.685981 -14.2802 -0.79986 0 0.600187 0.253861 0 0 0 1,-0.5 -3 -0.5 0.5 18.6 0.5,1.00 x 21.60 x 1.00,-97.3254,-10.2689,0.2539,-90.6360,-0.2539,-14.2802,0.30866 -0.411346 -0.857627 0.79986 0.600187 -0 0.514737 -0.685981 0.514272,-97.3254,-0.2539,-10.2689,-106.948 -0.953884 -16.4234 -87.7031 0.446162 -4.1144
391,380,3,Robotic Hand_V5/GM12-N20-双出轴-Motor.STEP-19/M057-8Y01A.STEP-1/________-3.STEP-1,________-3.STEP-1,34,________-3.STEP,________-3.STEP.SLDPRT,GM12-N20-双出轴-Motor.STEP,purchased-internal,purchased-internal,GM12-N20-双出轴-Motor.STEP,True,False,0,False,False,False,False,,False,,-104.0321,-6.2473,0.2539,-0.475015 0.857627 0.197071 -0.792159 -0.514272 0.328646 0.383204 -0 0.923664,-0.475015 0.857627 0.197071 -104.032 -0.792159 -0.514272 0.328646 -6.2473 0.383204 -0 0.923664 0.253861 0 0 0 1,-0.9 -0.02 -0.9 0.9 0.12 0.9,1.80 x 0.14 x 1.80,-103.9892,-6.2730,0.2539,-104.0321,-0.2539,-6.2473,-0.475015 -0.197071 0.857627 -0.383204 0.923664 0 -0.792159 -0.328646 -0.514272,-103.9892,-0.2539,-6.2730,-104.654 -1.43004 -7.31773 -103.324 0.92232 -5.22829
392,379,2,Robotic Hand_V5/GM12-N20-双出轴-Motor.STEP-19/__________-4.STEP-1,__________-4.STEP-1,25,__________-4.STEP,__________-4.STEP.SLDPRT,GM12-N20-双出轴-Motor.STEP,purchased-internal,purchased-internal,GM12-N20-双出轴-Motor.STEP,True,False,0,False,False,True,True,,False,,-91.6651,-13.6631,0.2539,-0 0.857627 -0.514272 0 -0.514272 -0.857627 -1 -0 0,-0 0.857627 -0.514272 -91.6651 0 -0.514272 -0.857627 -13.6631 -1 -0 0 0.253861 0 0 0 1,-6 -1.4025 -5.5 6 16.6 5.5,12.00 x 18.00 x 11.00,-85.1482,-17.5709,0.2539,-91.6651,-0.2539,-13.6631,-0 0.514272 0.857627 1 0 0 0 0.857627 -0.514272,-85.1482,-0.2539,-17.5709,-95.6964 -6.25386 -26.917 -74.6 5.74614 -8.22489
393,379,2,Robotic Hand_V5/GM12-N20-双出轴-Motor.STEP-19/____________-5.STEP-1,____________-5.STEP-1,26,____________-5.STEP,____________-5.STEP.SLDPRT,GM12-N20-双出轴-Motor.STEP,purchased-internal,purchased-internal,GM12-N20-双出轴-Motor.STEP,True,False,0,False,False,False,False,,False,,-100.9949,-11.3327,4.0552,0.232901 0.857627 0.458512 0.388398 -0.514272 0.764638 0.891574 -0 -0.452875,0.232901 0.857627 0.458512 -100.995 0.388398 -0.514272 0.764638 -11.3327 0.891574 -0 -0.452875 4.05524 0 0 0 1,-1.25 6 -1.25 1.25 10 1.25,2.50 x 4.00 x 2.50,-94.1339,-15.4468,4.0552,-100.9949,-4.0552,-11.3327,0.232901 -0.458512 0.857627 -0.891574 -0.452875 0 0.388398 -0.764638 -0.514272,-94.1339,-4.0552,-15.4468,-96.7135 -5.7358 -17.9167 -91.5544 -2.37467 -12.977
394,379,2,Robotic Hand_V5/GM12-N20-双出轴-Motor.STEP-19/____________-5.STEP-2,____________-5.STEP-2,27,____________-5.STEP,____________-5.STEP.SLDPRT,GM12-N20-双出轴-Motor.STEP,purchased-internal,purchased-internal,GM12-N20-双出轴-Motor.STEP,True,False,0,False,False,False,False,,False,,-98.1156,-6.5309,-3.5475,-0.227082 0.857627 0.461422 -0.378693 -0.514272 0.76949 0.897232 -0 0.441559,-0.227082 0.857627 0.461422 -98.1156 -0.378693 -0.514272 0.76949 -6.53093 0.897232 -0 0.441559 -3.54752 0 0 0 1,-1.25 6 -1.25 1.25 10 1.25,2.50 x 4.00 x 2.50,-91.2546,-10.6451,-3.5475,-98.1156,3.5475,-6.5309,-0.227082 -0.461422 0.857627 -0.897232 0.441559 0 -0.378693 -0.76949 -0.514272,-91.2546,3.5475,-10.6451,-93.8305 1.87403 -13.1089 -88.6787 5.221 -8.18133
395,379,2,Robotic Hand_V5/GM12-N20-双出轴-Motor.STEP-19/____________-5.STEP-3,____________-5.STEP-3,28,____________-5.STEP,____________-5.STEP.SLDPRT,GM12-N20-双出轴-Motor.STEP,purchased-internal,purchased-internal,GM12-N20-双出轴-Motor.STEP,True,False,0,False,False,False,False,,False,,-94.4938,-17.7970,0.2539,-0.840501 0.514272 -0.170532 0.504003 0.857627 0.102259 0.198842 -0 -0.980032,-0.840501 0.514272 -0.170532 -94.4938 0.504003 0.857627 0.102259 -17.797 0.198842 -0 -0.980032 0.253861 0 0 0 1,-1.25 6 -1.25 1.25 10 1.25,2.50 x 4.00 x 2.50,-90.3796,-10.9359,0.2539,-94.4938,-0.2539,-17.7970,-0.840501 0.170532 0.514272 -0.198842 -0.980032 0 0.504003 -0.102259 0.857627,-90.3796,-0.2539,-10.9359,-92.6719 -1.72745 -13.409 -88.0872 1.21973 -8.46286
396,379,2,Robotic Hand_V5/GM12-N20-双出轴-Motor.STEP-19/____________-5.STEP-4,____________-5.STEP-4,29,____________-5.STEP,____________-5.STEP.SLDPRT,GM12-N20-双出轴-Motor.STEP,purchased-internal,purchased-internal,GM12-N20-双出轴-Motor.STEP,True,False,0,False,False,False,False,,False,,-89.3510,-9.2207,0.2539,-0.036177 -0.514272 0.856863 0.021694 -0.857627 -0.513815 0.99911 0 0.042183,-0.036177 -0.514272 0.856863 -89.351 0.021694 -0.857627 -0.513815 -9.22069 0.99911 0 0.042183 0.253861 0 0 0 1,-1.25 6 -1.25 1.25 10 1.25,2.50 x 4.00 x 2.50,-93.4652,-16.0817,0.2539,-89.3510,-0.2539,-9.2207,-0.036177 -0.856863 -0.514272 -0.99911 0.042183 -0 0.021694 0.513815 -0.857627,-93.4652,-0.2539,-16.0817,-95.6101 -1.55548 -18.4663 -91.3204 1.04775 -13.6971
397,379,2,Robotic Hand_V5/GM12-N20-双出轴-Motor.STEP-19/Engrenagem reta28-D.STEP-1,Engrenagem reta28-D.STEP-1,30,Engrenagem reta28-D.STEP,Engrenagem reta28-D.STEP.SLDPRT,GM12-N20-双出轴-Motor.STEP,purchased-internal,purchased-internal,GM12-N20-双出轴-Motor.STEP,True,False,0,False,False,True,True,,False,,-80.2076,-19.1344,0.2539,0 -0.857627 -0.514272 -0 0.514272 -0.857627 1 0 0,0 -0.857627 -0.514272 -80.2076 -0 0.514272 -0.857627 -19.1344 1 0 0 0.253861 0 0 0 1,-2.78759 -2.78759 -13.8077 2.78759 2.78759 16.2077,5.58 x 5.58 x 30.02,-80.8247,-20.1635,0.2539,-80.2076,-0.2539,-19.1344,0 0.514272 -0.857627 -1 0 -0 -0 0.857627 0.514272,-80.8247,-0.2539,-20.1635,-90.9335 -3.04145 -34.4681 -70.716 2.53373 -5.85893
398,379,2,Robotic Hand_V5/GM12-N20-双出轴-Motor.STEP-19/Engrenagem reta22-11.STEP-1,Engrenagem reta22-11.STEP-1,31,Engrenagem reta22-11.STEP,Engrenagem reta22-11.STEP.SLDPRT,GM12-N20-双出轴-Motor.STEP,purchased-internal,purchased-internal,GM12-N20-双出轴-Motor.STEP,True,False,0,False,False,False,False,,False,,-84.7950,-19.8233,0.2539,-0.10385 -0.851316 0.514272 0.062273 0.510488 0.857627 -0.992642 0.12109 -0,-0.10385 -0.851316 0.514272 -84.795 0.062273 0.510488 0.857627 -19.8233 -0.992642 0.12109 -0 0.253861 0 0 0 1,-1.79568 -1.8 -0.7 1.79568 1.8 3,3.59 x 3.60 x 3.70,-84.2036,-18.8370,0.2539,-84.7950,-0.2539,-19.8233,-0.10385 -0.514272 -0.851316 0.992642 -0 -0.12109 0.062273 -0.857627 0.510488,-84.2036,-0.2539,-18.8370,-86.8738 -2.25429 -21.4543 -81.5333 1.74657 -16.2197
399,379,2,Robotic Hand_V5/GM12-N20-双出轴-Motor.STEP-19/WHEEL.STEP-1,WHEEL.STEP-1,32,WHEEL.STEP,WHEEL.STEP.SLDPRT,GM12-N20-双出轴-Motor.STEP,purchased-internal,purchased-internal,GM12-N20-双出轴-Motor.STEP,True,False,0,False,False,False,False,,False,,-97.2729,-30.4040,-2.4961,-0.851758 0.514272 0.100162 0.510753 0.857627 -0.060062 -0.11679 -0 -0.993157,-0.851758 0.514272 0.100162 -97.2729 0.510753 0.857627 -0.060062 -30.404 -0.11679 -0 -0.993157 -2.49613 0 0 0 1,-1.93657 13.5334 -1.93656 1.93656 21.4334 1.93657,3.87 x 7.90 x 3.87,-88.2817,-15.4098,-2.4961,-97.2729,2.4961,-30.4040,-0.851758 -0.100162 0.514272 0.11679 -0.993157 0 0.510753 0.060062 0.857627,-88.2817,2.4961,-15.4098,-92.1565 0.346655 -19.9028 -84.4068 4.64562 -10.9167
400,379,2,Robotic Hand_V5/GM12-N20-双出轴-Motor.STEP-19/WORM.STEP-1,WORM.STEP-1,33,WORM.STEP,WORM.STEP.SLDPRT,GM12-N20-双出轴-Motor.STEP,purchased-internal,purchased-internal,GM12-N20-双出轴-Motor.STEP,True,False,0,False,False,False,False,,False,,-61.0873,-31.7383,0.1014,-0.001953 -0.857627 -0.514269 -0.003256 0.514272 -0.857621 0.999993 0 -0.003797,-0.001953 -0.857627 -0.514269 -61.0873 -0.003256 0.514272 -0.857621 -31.7383 0.999993 0 -0.003797 0.101375 0 0 0 1,-1.0847 30.4444 -0.996281 1.39137 35.02 1.44217,2.48 x 4.58 x 2.44,-89.2743,-15.0968,0.2539,-61.0873,-0.1014,-31.7383,-0.001953 0.514269 -0.857627 -0.999993 -0.003797 -0 -0.003256 0.857621 0.514272,-89.2743,-0.2539,-15.0968,-91.8657 -1.49652 -17.323 -86.6828 0.988793 -12.8706
401,379,2,Robotic Hand_V5/GM12-N20-双出轴-Motor.STEP-19/Engrenagem reta22-11.STEP-2,Engrenagem reta22-11.STEP-2,34,Engrenagem reta22-11.STEP,Engrenagem reta22-11.STEP.SLDPRT,GM12-N20-双出轴-Motor.STEP,purchased-internal,purchased-internal,GM12-N20-双出轴-Motor.STEP,True,False,0,False,False,False,False,,False,,-87.2762,-19.9355,-1.3190,-0.11301 -0.850149 0.514272 0.067766 0.509788 0.857627 -0.99128 0.131771 -0,-0.11301 -0.850149 0.514272 -87.2762 0.067766 0.509788 0.857627 -19.9355 -0.99128 0.131771 -0 -1.31904 0 0 0 1,-1.79568 -1.8 -0.7 1.79568 1.8 3,3.59 x 3.60 x 3.70,-86.6848,-18.9492,-1.3190,-87.2762,1.3190,-19.9355,-0.11301 -0.514272 -0.850149 0.99128 -0 -0.131771 0.067766 -0.857627 0.509788,-86.6848,1.3190,-18.9492,-89.3694 -0.698167 -21.5751 -84.0002 3.33625 -16.3233
402,,1,Robotic Hand_V5/GM12-N20-双出轴-Motor.STEP-20,GM12-N20-双出轴-Motor.STEP-20,1627,GM12-N20-双出轴-Motor.STEP,GM12-N20-双出轴-Motor.STEP.SLDASM,GM12-N20-双出轴-Motor.STEP,motor,motor-GM12,GM12-N20-双出轴-Motor.STEP,False,True,11,False,False,False,False,No,False,,-96.5060,-22.7211,12.2269,-0 -0.857627 -0.514272 -0 0.514272 -0.857627 1 0 -0,-0 -0.857627 -0.514272 -96.506 -0 0.514272 -0.857627 -22.7211 1 0 -0 12.2269 0 0 0 1,-18.2107 1 -15.0156 -5.7348 36.2 14.9998,12.48 x 35.20 x 30.02,-112.4538,-13.1488,0.2542,-96.5060,-12.2269,-22.7211,-0 0.514272 -0.857627 -1 -0 -0 -0 0.857627 0.514272,-112.4538,-0.2542,-13.1488,-135.266 -6.49212 -35.071 -89.6415 5.98375 8.77336
403,402,2,Robotic Hand_V5/GM12-N20-双出轴-Motor.STEP-20/M057-8Y01A.STEP-1,M057-8Y01A.STEP-1,24,M057-8Y01A.STEP,M057-8Y01A.STEP.SLDASM,GM12-N20-双出轴-Motor.STEP,purchased-internal,purchased-internal,GM12-N20-双出轴-Motor.STEP,True,True,11,False,False,False,False,,False,,-126.0043,-5.0233,0.2538,0 0.857627 0.514272 0 -0.514272 0.857627 1 -0 -0,0 0.857627 0.514272 -126.004 0 -0.514272 0.857627 -5.02333 1 -0 -0 0.253805 0 0 0 1,-6.23755 -1.8 -5.02292 6.23831 21 5.09668,12.48 x 22.80 x 10.12,-117.7521,-9.9287,0.2542,-126.0043,-0.2538,-5.0233,0 -0.514272 0.857627 -1 -0 0 0 -0.857627 -0.514272,-117.7521,-0.2542,-9.9287,-130.131 -6.49212 -20.1308 -105.373 5.98375 0.273418
404,403,3,Robotic Hand_V5/GM12-N20-双出轴-Motor.STEP-20/M057-8Y01A.STEP-1/____________.STEP-1,____________.STEP-1,24,____________.STEP,____________.STEP.SLDPRT,GM12-N20-双出轴-Motor.STEP,purchased-internal,purchased-internal,GM12-N20-双出轴-Motor.STEP,True,False,0,False,False,False,False,,False,,-126.0043,-5.0233,0.2538,0 0.857627 0.514272 0 -0.514272 0.857627 1 -0 -0,0 0.857627 0.514272 -126.004 0 -0.514272 0.857627 -5.02333 1 -0 -0 0.253805 0 0 0 1,-5.91494 -0.8 -5 5.91494 4.4 5,11.83 x 5.20 x 10.00,-124.4606,-5.9490,0.2538,-126.0043,-0.2538,-5.0233,0 -0.514272 0.857627 -1 -0 0 0 -0.857627 -0.514272,-124.4606,-0.2538,-5.9490,-129.262 -6.16874 -11.5743 -119.659 5.66113 -0.323774
405,403,3,Robotic Hand_V5/GM12-N20-双出轴-Motor.STEP-20/M057-8Y01A.STEP-1/____.STEP-1,____.STEP-1,25,____.STEP,____.STEP.SLDPRT,GM12-N20-双出轴-Motor.STEP,purchased-internal,purchased-internal,GM12-N20-双出轴-Motor.STEP,True,False,0,False,False,False,False,,False,,-114.6836,-11.8117,0.2538,0.16986 0.857627 -0.485411 0.283268 -0.514272 -0.809496 -0.943879 -0 -0.330292,0.16986 0.857627 -0.485411 -114.684 0.283268 -0.514272 -0.809496 -11.8117 -0.943879 -0 -0.330292 0.253805 0 0 0 1,-4 -7.5 -4 4 1 3.86421,8.00 x 8.50 x 7.86,-117.4380,-10.0854,0.2762,-114.6836,-0.2538,-11.8117,0.16986 0.485411 0.857627 0.943879 -0.330292 0 0.283268 0.809496 -0.514272,-117.4380,-0.2762,-10.0854,-123.671 -5.35049 -16.5871 -111.205 4.79803 -3.58363
406,403,3,Robotic Hand_V5/GM12-N20-双出轴-Motor.STEP-20/M057-8Y01A.STEP-1/______.STEP-1,______.STEP-1,26,______.STEP,______.STEP.SLDPRT,GM12-N20-双出轴-Motor.STEP,purchased-internal,purchased-internal,GM12-N20-双出轴-Motor.STEP,True,False,0,False,False,False,False,,False,,-121.7162,-7.5947,0.2538,0.332922 0.857627 0.391968 0.555198 -0.514272 0.653666 0.76218 -0 -0.647365,0.332922 0.857627 0.391968 -121.716 0.555198 -0.514272 0.653666 -7.59469 0.76218 -0 -0.647365 0.253805 0 0 0 1,-3.25 -2.5025 -3.25 3.25 0.661881 3.25,6.50 x 3.16 x 6.50,-122.5055,-7.1214,0.2538,-121.7162,-0.2538,-7.5947,0.332922 -0.391968 0.857627 -0.76218 -0.647365 0 0.555198 -0.653666 -0.514272,-122.5055,-0.2538,-7.1214,-126.218 -4.83483 -11.8639 -118.793 4.32722 -2.37892
407,403,3,Robotic Hand_V5/GM12-N20-双出轴-Motor.STEP-20/M057-8Y01A.STEP-1/____-0.STEP-1,____-0.STEP-1,27,____-0.STEP,____-0.STEP.SLDPRT,GM12-N20-双出轴-Motor.STEP,purchased-internal,purchased-internal,GM12-N20-双出轴-Motor.STEP,True,False,0,False,False,False,False,,False,,-124.7092,-5.7999,0.2538,0 0.857627 0.514272 0 -0.514272 0.857627 1 -0 -0,0 0.857627 0.514272 -124.709 0 -0.514272 0.857627 -5.79993 1 -0 -0 0.253805 0 0 0 1,-3.21825 -0.010153 -3.66333 3.21825 2.01015 3.66333,6.44 x 2.02 x 7.33,-123.8516,-6.3142,0.2538,-124.7092,-0.2538,-5.7999,0 -0.514272 0.857627 -1 -0 0 0 -0.857627 -0.514272,-123.8516,-0.2538,-6.3142,-126.602 -3.47205 -9.97546 -121.101 2.96444 -2.65294
408,403,3,Robotic Hand_V5/GM12-N20-双出轴-Motor.STEP-20/M057-8Y01A.STEP-1/__________.STEP-1,__________.STEP-1,28,__________.STEP,__________.STEP.SLDPRT,GM12-N20-双出轴-Motor.STEP,purchased-internal,purchased-internal,GM12-N20-双出轴-Motor.STEP,True,False,0,False,False,False,False,,False,,-121.1158,-7.9547,0.2538,0.16986 0.857627 -0.485411 0.283268 -0.514272 -0.809496 -0.943879 -0 -0.330292,0.16986 0.857627 -0.485411 -121.116 0.283268 -0.514272 -0.809496 -7.95468 -0.943879 -0 -0.330292 0.253805 0 0 0 1,-0.99282 -2.8 -1.1 0.99282 0.2 0.7,1.99 x 3.00 x 1.80,-122.1337,-7.1242,0.3199,-121.1158,-0.2538,-7.9547,0.16986 0.485411 0.857627 0.943879 -0.330292 0 0.283268 0.809496 -0.514272,-122.1337,-0.3199,-7.1242,-124.026 -1.55423 -8.90542 -120.242 0.914501 -5.34304
409,403,3,Robotic Hand_V5/GM12-N20-双出轴-Motor.STEP-20/M057-8Y01A.STEP-1/____-1.STEP-1,____-1.STEP-1,29,____-1.STEP,____-1.STEP.SLDPRT,GM12-N20-双出轴-Motor.STEP,purchased-internal,purchased-internal,GM12-N20-双出轴-Motor.STEP,True,False,0,False,False,False,False,,False,,-121.1158,-7.9547,0.2538,-0.001284 0.857627 0.514271 -0.002141 -0.514272 0.857624 0.999997 -0 0.002497,-0.001284 0.857627 0.514271 -121.116 -0.002141 -0.514272 0.857624 -7.95468 0.999997 -0 0.002497 0.253805 0 0 0 1,-5.77332 0 -4.80793 5.77332 8.5 4.80793,11.55 x 8.50 x 9.62,-117.4709,-10.1403,0.2538,-121.1158,-0.2538,-7.9547,-0.001284 -0.514271 0.857627 -0.999997 0.002497 0 -0.002141 -0.857624 -0.514272,-117.4709,-0.2538,-10.1403,-123.596 -6.03911 -16.4618 -111.346 5.5315 -3.81892
410,403,3,Robotic Hand_V5/GM12-N20-双出轴-Motor.STEP-20/M057-8Y01A.STEP-1/____-2.STEP-1,____-2.STEP-1,30,____-2.STEP,____-2.STEP.SLDPRT,GM12-N20-双出轴-Motor.STEP,purchased-internal,purchased-internal,GM12-N20-双出轴-Motor.STEP,True,False,0,False,False,False,False,,False,,-123.9031,-6.2833,-2.8462,-0 -0.857627 0.514272 -0 0.514272 0.857627 -1 0 -0,-0 -0.857627 0.514272 -123.903 -0 0.514272 0.857627 -6.2833 -1 0 -0 -2.84619 0 0 0 1,-0.2 -0 -1 0.2 4.25 1,0.40 x 4.25 x 2.00,-125.7256,-5.1905,-2.8462,-123.9031,2.8462,-6.2833,-0 -0.514272 -0.857627 1 -0 -0 -0 -0.857627 0.514272,-125.7256,2.8462,-5.1905,-128.062 2.6462 -7.14092 -123.389 3.04619 -3.24001
411,403,3,Robotic Hand_V5/GM12-N20-双出轴-Motor.STEP-20/M057-8Y01A.STEP-1/____-2.STEP-2,____-2.STEP-2,31,____-2.STEP,____-2.STEP.SLDPRT,GM12-N20-双出轴-Motor.STEP,purchased-internal,purchased-internal,GM12-N20-双出轴-Motor.STEP,True,False,0,False,False,False,False,,False,,-123.9031,-6.2833,3.3538,0 -0.857627 -0.514272 0 0.514272 -0.857627 1 0 0,0 -0.857627 -0.514272 -123.903 0 0.514272 -0.857627 -6.28329 1 0 0 3.3538 0 0 0 1,-0.2 -0 -1 0.2 4.25 1,0.40 x 4.25 x 2.00,-125.7256,-5.1905,3.3538,-123.9031,-3.3538,-6.2833,0 0.514272 -0.857627 -1 0 -0 0 0.857627 0.514272,-125.7256,-3.3538,-5.1905,-128.062 -3.55381 -7.14092 -123.389 -3.15381 -3.24001
412,403,3,Robotic Hand_V5/GM12-N20-双出轴-Motor.STEP-20/M057-8Y01A.STEP-1/________.STEP-1,________.STEP-1,32,________.STEP,________.STEP.SLDPRT,GM12-N20-双出轴-Motor.STEP,purchased-internal,purchased-internal,GM12-N20-双出轴-Motor.STEP,True,False,0,False,False,False,False,,False,,-113.2297,-12.6928,0.2269,0 0.857627 0.514272 -0 -0.514272 0.857627 1 -0 0,0 0.857627 0.514272 -113.23 -0 -0.514272 0.857627 -12.6928 1 -0 0 0.226923 0 0 0 1,-6.21067 -13.5245 -5.01502 6.2652 0.9 5.03081,12.48 x 14.42 x 10.05,-118.6392,-9.4398,0.2542,-113.2297,-0.2269,-12.6928,0 -0.514272 0.857627 -1 0 0 -0 -0.857627 -0.514272,-118.6392,-0.2542,-9.4398,-127.408 -6.49212 -17.4566 -109.871 5.98375 -1.4229
413,403,3,Robotic Hand_V5/GM12-N20-双出轴-Motor.STEP-20/M057-8Y01A.STEP-1/__.STEP-1,__.STEP-1,33,__.STEP,__.STEP.SLDPRT,GM12-N20-双出轴-Motor.STEP,purchased-internal,purchased-internal,GM12-N20-双出轴-Motor.STEP,True,False,0,False,False,False,False,,False,,-110.5670,-14.2802,0.2538,0.30866 -0.857627 0.411346 0.514737 0.514272 0.685981 -0.79986 0 0.600187,0.30866 -0.857627 0.411346 -110.567 0.514737 0.514272 0.685981 -14.2802 -0.79986 0 0.600187 0.253805 0 0 0 1,-0.5 -3 -0.5 0.5 18.6 0.5,1.00 x 21.60 x 1.00,-117.2565,-10.2689,0.2538,-110.5670,-0.2538,-14.2802,0.30866 -0.411346 -0.857627 0.79986 0.600187 -0 0.514737 -0.685981 0.514272,-117.2565,-0.2538,-10.2689,-126.879 -0.953829 -16.4234 -107.634 0.446218 -4.1144
414,403,3,Robotic Hand_V5/GM12-N20-双出轴-Motor.STEP-20/M057-8Y01A.STEP-1/________-3.STEP-1,________-3.STEP-1,34,________-3.STEP,________-3.STEP.SLDPRT,GM12-N20-双出轴-Motor.STEP,purchased-internal,purchased-internal,GM12-N20-双出轴-Motor.STEP,True,False,0,False,False,False,False,,False,,-123.9632,-6.2473,0.2538,-0.475015 0.857627 0.197071 -0.792159 -0.514272 0.328646 0.383204 -0 0.923664,-0.475015 0.857627 0.197071 -123.963 -0.792159 -0.514272 0.328646 -6.2473 0.383204 -0 0.923664 0.253805 0 0 0 1,-0.9 -0.02 -0.9 0.9 0.12 0.9,1.80 x 0.14 x 1.80,-123.9203,-6.2730,0.2538,-123.9632,-0.2538,-6.2473,-0.475015 -0.197071 0.857627 -0.383204 0.923664 0 -0.792159 -0.328646 -0.514272,-123.9203,-0.2538,-6.2730,-124.585 -1.42999 -7.31773 -123.255 0.922376 -5.22829
415,402,2,Robotic Hand_V5/GM12-N20-双出轴-Motor.STEP-20/__________-4.STEP-1,__________-4.STEP-1,25,__________-4.STEP,__________-4.STEP.SLDPRT,GM12-N20-双出轴-Motor.STEP,purchased-internal,purchased-internal,GM12-N20-双出轴-Motor.STEP,True,False,0,False,False,True,True,,False,,-111.5962,-13.6631,0.2538,-0 0.857627 -0.514272 0 -0.514272 -0.857627 -1 -0 0,-0 0.857627 -0.514272 -111.596 0 -0.514272 -0.857627 -13.6631 -1 -0 0 0.253805 0 0 0 1,-6 -1.4025 -5.5 6 16.6 5.5,12.00 x 18.00 x 11.00,-105.0793,-17.5709,0.2538,-111.5962,-0.2538,-13.6631,-0 0.514272 0.857627 1 0 0 0 0.857627 -0.514272,-105.0793,-0.2538,-17.5709,-115.627 -6.2538 -26.917 -94.5311 5.7462 -8.22489
416,402,2,Robotic Hand_V5/GM12-N20-双出轴-Motor.STEP-20/____________-5.STEP-1,____________-5.STEP-1,26,____________-5.STEP,____________-5.STEP.SLDPRT,GM12-N20-双出轴-Motor.STEP,purchased-internal,purchased-internal,GM12-N20-双出轴-Motor.STEP,True,False,0,False,False,False,False,,False,,-120.9260,-11.3327,4.0552,0.232901 0.857627 0.458512 0.388398 -0.514272 0.764638 0.891574 -0 -0.452875,0.232901 0.857627 0.458512 -120.926 0.388398 -0.514272 0.764638 -11.3327 0.891574 -0 -0.452875 4.05518 0 0 0 1,-1.25 6 -1.25 1.25 10 1.25,2.50 x 4.00 x 2.50,-114.0650,-15.4468,4.0552,-120.9260,-4.0552,-11.3327,0.232901 -0.458512 0.857627 -0.891574 -0.452875 0 0.388398 -0.764638 -0.514272,-114.0650,-4.0552,-15.4468,-116.645 -5.73574 -17.9167 -111.485 -2.37462 -12.977
417,402,2,Robotic Hand_V5/GM12-N20-双出轴-Motor.STEP-20/____________-5.STEP-2,____________-5.STEP-2,27,____________-5.STEP,____________-5.STEP.SLDPRT,GM12-N20-双出轴-Motor.STEP,purchased-internal,purchased-internal,GM12-N20-双出轴-Motor.STEP,True,False,0,False,False,False,False,,False,,-118.0467,-6.5309,-3.5476,-0.227082 0.857627 0.461422 -0.378693 -0.514272 0.76949 0.897232 -0 0.441559,-0.227082 0.857627 0.461422 -118.047 -0.378693 -0.514272 0.76949 -6.53093 0.897232 -0 0.441559 -3.54757 0 0 0 1,-1.25 6 -1.25 1.25 10 1.25,2.50 x 4.00 x 2.50,-111.1857,-10.6451,-3.5476,-118.0467,3.5476,-6.5309,-0.227082 -0.461422 0.857627 -0.897232 0.441559 0 -0.378693 -0.76949 -0.514272,-111.1857,3.5476,-10.6451,-113.762 1.87408 -13.1089 -108.61 5.22106 -8.18133
418,402,2,Robotic Hand_V5/GM12-N20-双出轴-Motor.STEP-20/____________-5.STEP-3,____________-5.STEP-3,28,____________-5.STEP,____________-5.STEP.SLDPRT,GM12-N20-双出轴-Motor.STEP,purchased-internal,purchased-internal,GM12-N20-双出轴-Motor.STEP,True,False,0,False,False,False,False,,False,,-114.4248,-17.7970,0.2538,-0.840501 0.514272 -0.170532 0.504003 0.857627 0.102259 0.198842 -0 -0.980032,-0.840501 0.514272 -0.170532 -114.425 0.504003 0.857627 0.102259 -17.797 0.198842 -0 -0.980032 0.253805 0 0 0 1,-1.25 6 -1.25 1.25 10 1.25,2.50 x 4.00 x 2.50,-110.3106,-10.9359,0.2538,-114.4248,-0.2538,-17.7970,-0.840501 0.170532 0.514272 -0.198842 -0.980032 0 0.504003 -0.102259 0.857627,-110.3106,-0.2538,-10.9359,-112.603 -1.7274 -13.409 -108.018 1.21979 -8.46286
419,402,2,Robotic Hand_V5/GM12-N20-双出轴-Motor.STEP-20/____________-5.STEP-4,____________-5.STEP-4,29,____________-5.STEP,____________-5.STEP.SLDPRT,GM12-N20-双出轴-Motor.STEP,purchased-internal,purchased-internal,GM12-N20-双出轴-Motor.STEP,True,False,0,False,False,False,False,,False,,-109.2821,-9.2207,0.2538,-0.036177 -0.514272 0.856863 0.021694 -0.857627 -0.513815 0.99911 0 0.042183,-0.036177 -0.514272 0.856863 -109.282 0.021694 -0.857627 -0.513815 -9.22069 0.99911 0 0.042183 0.253805 0 0 0 1,-1.25 6 -1.25 1.25 10 1.25,2.50 x 4.00 x 2.50,-113.3963,-16.0817,0.2538,-109.2821,-0.2538,-9.2207,-0.036177 -0.856863 -0.514272 -0.99911 0.042183 -0 0.021694 0.513815 -0.857627,-113.3963,-0.2538,-16.0817,-115.541 -1.55542 -18.4663 -111.251 1.04781 -13.6971
420,402,2,Robotic Hand_V5/GM12-N20-双出轴-Motor.STEP-20/Engrenagem reta28-D.STEP-1,Engrenagem reta28-D.STEP-1,30,Engrenagem reta28-D.STEP,Engrenagem reta28-D.STEP.SLDPRT,GM12-N20-双出轴-Motor.STEP,purchased-internal,purchased-internal,GM12-N20-双出轴-Motor.STEP,True,False,0,False,False,True,True,,False,,-100.1386,-19.1344,0.2538,0 -0.857627 -0.514272 -0 0.514272 -0.857627 1 0 0,0 -0.857627 -0.514272 -100.139 -0 0.514272 -0.857627 -19.1344 1 0 0 0.253805 0 0 0 1,-2.78759 -2.78759 -13.8077 2.78759 2.78759 16.2077,5.58 x 5.58 x 30.02,-100.7558,-20.1635,0.2538,-100.1386,-0.2538,-19.1344,0 0.514272 -0.857627 -1 0 -0 -0 0.857627 0.514272,-100.7558,-0.2538,-20.1635,-110.865 -3.04139 -34.4681 -90.647 2.53378 -5.85893
421,402,2,Robotic Hand_V5/GM12-N20-双出轴-Motor.STEP-20/Engrenagem reta22-11.STEP-1,Engrenagem reta22-11.STEP-1,31,Engrenagem reta22-11.STEP,Engrenagem reta22-11.STEP.SLDPRT,GM12-N20-双出轴-Motor.STEP,purchased-internal,purchased-internal,GM12-N20-双出轴-Motor.STEP,True,False,0,False,False,False,False,,False,,-104.7261,-19.8233,0.2538,-0.10385 -0.851316 0.514272 0.062273 0.510488 0.857627 -0.992642 0.12109 -0,-0.10385 -0.851316 0.514272 -104.726 0.062273 0.510488 0.857627 -19.8233 -0.992642 0.12109 -0 0.253805 0 0 0 1,-1.79568 -1.8 -0.7 1.79568 1.8 3,3.59 x 3.60 x 3.70,-104.1346,-18.8370,0.2538,-104.7261,-0.2538,-19.8233,-0.10385 -0.514272 -0.851316 0.992642 -0 -0.12109 0.062273 -0.857627 0.510488,-104.1346,-0.2538,-18.8370,-106.805 -2.25423 -21.4543 -101.464 1.74662 -16.2197
422,402,2,Robotic Hand_V5/GM12-N20-双出轴-Motor.STEP-20/WHEEL.STEP-1,WHEEL.STEP-1,32,WHEEL.STEP,WHEEL.STEP.SLDPRT,GM12-N20-双出轴-Motor.STEP,purchased-internal,purchased-internal,GM12-N20-双出轴-Motor.STEP,True,False,0,False,False,False,False,,False,,-117.2040,-30.4040,-2.4962,-0.851758 0.514272 0.100162 0.510753 0.857627 -0.060062 -0.11679 -0 -0.993157,-0.851758 0.514272 0.100162 -117.204 0.510753 0.857627 -0.060062 -30.404 -0.11679 -0 -0.993157 -2.49619 0 0 0 1,-1.93657 13.5334 -1.93656 1.93656 21.4334 1.93657,3.87 x 7.90 x 3.87,-108.2127,-15.4098,-2.4962,-117.2040,2.4962,-30.4040,-0.851758 -0.100162 0.514272 0.11679 -0.993157 0 0.510753 0.060062 0.857627,-108.2127,2.4962,-15.4098,-112.088 0.34671 -19.9028 -104.338 4.64568 -10.9167
423,402,2,Robotic Hand_V5/GM12-N20-双出轴-Motor.STEP-20/WORM.STEP-1,WORM.STEP-1,33,WORM.STEP,WORM.STEP.SLDPRT,GM12-N20-双出轴-Motor.STEP,purchased-internal,purchased-internal,GM12-N20-双出轴-Motor.STEP,True,False,0,False,False,False,False,,False,,-81.0184,-31.7383,0.1013,-0.001953 -0.857627 -0.514269 -0.003256 0.514272 -0.857621 0.999993 0 -0.003797,-0.001953 -0.857627 -0.514269 -81.0184 -0.003256 0.514272 -0.857621 -31.7383 0.999993 0 -0.003797 0.101319 0 0 0 1,-1.0847 30.4444 -0.996281 1.39137 35.02 1.44217,2.48 x 4.58 x 2.44,-109.2053,-15.0968,0.2538,-81.0184,-0.1013,-31.7383,-0.001953 0.514269 -0.857627 -0.999993 -0.003797 -0 -0.003256 0.857621 0.514272,-109.2053,-0.2538,-15.0968,-111.797 -1.49646 -17.323 -106.614 0.988849 -12.8706
424,402,2,Robotic Hand_V5/GM12-N20-双出轴-Motor.STEP-20/Engrenagem reta22-11.STEP-2,Engrenagem reta22-11.STEP-2,34,Engrenagem reta22-11.STEP,Engrenagem reta22-11.STEP.SLDPRT,GM12-N20-双出轴-Motor.STEP,purchased-internal,purchased-internal,GM12-N20-双出轴-Motor.STEP,True,False,0,False,False,False,False,,False,,-107.2073,-19.9355,-1.3191,-0.11301 -0.850149 0.514272 0.067766 0.509788 0.857627 -0.99128 0.131771 0,-0.11301 -0.850149 0.514272 -107.207 0.067766 0.509788 0.857627 -19.9355 -0.99128 0.131771 0 -1.3191 0 0 0 1,-1.79568 -1.8 -0.7 1.79568 1.8 3,3.59 x 3.60 x 3.70,-106.6159,-18.9492,-1.3191,-107.2073,1.3191,-19.9355,-0.11301 -0.514272 -0.850149 0.99128 0 -0.131771 0.067766 -0.857627 0.509788,-106.6159,1.3191,-18.9492,-109.3 -0.698111 -21.5751 -103.931 3.33631 -16.3233
425,,1,Robotic Hand_V5/GM12-N20-双出轴-Motor.STEP-21,GM12-N20-双出轴-Motor.STEP-21,1628,GM12-N20-双出轴-Motor.STEP,GM12-N20-双出轴-Motor.STEP.SLDASM,GM12-N20-双出轴-Motor.STEP,motor,motor-GM12,GM12-N20-双出轴-Motor.STEP,False,True,11,False,False,False,False,No,False,,-116.4371,-22.7211,12.2270,-0 -0.857627 -0.514272 -0 0.514272 -0.857627 1 0 -0,-0 -0.857627 -0.514272 -116.437 -0 0.514272 -0.857627 -22.7211 1 0 -0 12.227 0 0 0 1,-18.2107 1 -15.0156 -5.7348 36.2 14.9998,12.48 x 35.20 x 30.02,-132.3849,-13.1488,0.2542,-116.4371,-12.2270,-22.7211,-0 0.514272 -0.857627 -1 -0 -0 -0 0.857627 0.514272,-132.3849,-0.2542,-13.1488,-155.197 -6.49218 -35.071 -109.573 5.9837 8.77336
426,425,2,Robotic Hand_V5/GM12-N20-双出轴-Motor.STEP-21/M057-8Y01A.STEP-1,M057-8Y01A.STEP-1,24,M057-8Y01A.STEP,M057-8Y01A.STEP.SLDASM,GM12-N20-双出轴-Motor.STEP,purchased-internal,purchased-internal,GM12-N20-双出轴-Motor.STEP,True,True,11,False,False,False,False,,False,,-145.9354,-5.0233,0.2539,0 0.857627 0.514272 0 -0.514272 0.857627 1 -0 -0,0 0.857627 0.514272 -145.935 0 -0.514272 0.857627 -5.02333 1 -0 -0 0.253861 0 0 0 1,-6.23755 -1.8 -5.02292 6.23831 21 5.09668,12.48 x 22.80 x 10.12,-137.6832,-9.9287,0.2542,-145.9354,-0.2539,-5.0233,0 -0.514272 0.857627 -1 -0 0 0 -0.857627 -0.514272,-137.6832,-0.2542,-9.9287,-150.062 -6.49218 -20.1308 -125.304 5.98369 0.273418
427,426,3,Robotic Hand_V5/GM12-N20-双出轴-Motor.STEP-21/M057-8Y01A.STEP-1/____________.STEP-1,____________.STEP-1,24,____________.STEP,____________.STEP.SLDPRT,GM12-N20-双出轴-Motor.STEP,purchased-internal,purchased-internal,GM12-N20-双出轴-Motor.STEP,True,False,0,False,False,False,False,,False,,-145.9354,-5.0233,0.2539,0 0.857627 0.514272 0 -0.514272 0.857627 1 -0 -0,0 0.857627 0.514272 -145.935 0 -0.514272 0.857627 -5.02333 1 -0 -0 0.253861 0 0 0 1,-5.91494 -0.8 -5 5.91494 4.4 5,11.83 x 5.20 x 10.00,-144.3916,-5.9490,0.2539,-145.9354,-0.2539,-5.0233,0 -0.514272 0.857627 -1 -0 0 0 -0.857627 -0.514272,-144.3916,-0.2539,-5.9490,-149.193 -6.1688 -11.5743 -139.59 5.66108 -0.323774
428,426,3,Robotic Hand_V5/GM12-N20-双出轴-Motor.STEP-21/M057-8Y01A.STEP-1/____.STEP-1,____.STEP-1,25,____.STEP,____.STEP.SLDPRT,GM12-N20-双出轴-Motor.STEP,purchased-internal,purchased-internal,GM12-N20-双出轴-Motor.STEP,True,False,0,False,False,False,False,,False,,-134.6147,-11.8117,0.2539,0.16986 0.857627 -0.485411 0.283268 -0.514272 -0.809496 -0.943879 -0 -0.330292,0.16986 0.857627 -0.485411 -134.615 0.283268 -0.514272 -0.809496 -11.8117 -0.943879 -0 -0.330292 0.253861 0 0 0 1,-4 -7.5 -4 4 1 3.86421,8.00 x 8.50 x 7.86,-137.3690,-10.0854,0.2763,-134.6147,-0.2539,-11.8117,0.16986 0.485411 0.857627 0.943879 -0.330292 0 0.283268 0.809496 -0.514272,-137.3690,-0.2763,-10.0854,-143.602 -5.35055 -16.5871 -131.136 4.79797 -3.58363
429,426,3,Robotic Hand_V5/GM12-N20-双出轴-Motor.STEP-21/M057-8Y01A.STEP-1/______.STEP-1,______.STEP-1,26,______.STEP,______.STEP.SLDPRT,GM12-N20-双出轴-Motor.STEP,purchased-internal,purchased-internal,GM12-N20-双出轴-Motor.STEP,True,False,0,False,False,False,False,,False,,-141.6472,-7.5947,0.2539,0.332922 0.857627 0.391968 0.555198 -0.514272 0.653666 0.76218 -0 -0.647365,0.332922 0.857627 0.391968 -141.647 0.555198 -0.514272 0.653666 -7.59469 0.76218 -0 -0.647365 0.253861 0 0 0 1,-3.25 -2.5025 -3.25 3.25 0.661881 3.25,6.50 x 3.16 x 6.50,-142.4365,-7.1214,0.2539,-141.6472,-0.2539,-7.5947,0.332922 -0.391968 0.857627 -0.76218 -0.647365 0 0.555198 -0.653666 -0.514272,-142.4365,-0.2539,-7.1214,-146.149 -4.83488 -11.8639 -138.724 4.32716 -2.37892
430,426,3,Robotic Hand_V5/GM12-N20-双出轴-Motor.STEP-21/M057-8Y01A.STEP-1/____-0.STEP-1,____-0.STEP-1,27,____-0.STEP,____-0.STEP.SLDPRT,GM12-N20-双出轴-Motor.STEP,purchased-internal,purchased-internal,GM12-N20-双出轴-Motor.STEP,True,False,0,False,False,False,False,,False,,-144.6403,-5.7999,0.2539,0 0.857627 0.514272 0 -0.514272 0.857627 1 -0 -0,0 0.857627 0.514272 -144.64 0 -0.514272 0.857627 -5.79993 1 -0 -0 0.253861 0 0 0 1,-3.21825 -0.010153 -3.66333 3.21825 2.01015 3.66333,6.44 x 2.02 x 7.33,-143.7827,-6.3142,0.2539,-144.6403,-0.2539,-5.7999,0 -0.514272 0.857627 -1 -0 0 0 -0.857627 -0.514272,-143.7827,-0.2539,-6.3142,-146.533 -3.47211 -9.97546 -141.032 2.96439 -2.65294
431,426,3,Robotic Hand_V5/GM12-N20-双出轴-Motor.STEP-21/M057-8Y01A.STEP-1/__________.STEP-1,__________.STEP-1,28,__________.STEP,__________.STEP.SLDPRT,GM12-N20-双出轴-Motor.STEP,purchased-internal,purchased-internal,GM12-N20-双出轴-Motor.STEP,True,False,0,False,False,False,False,,False,,-141.0469,-7.9547,0.2539,0.16986 0.857627 -0.485411 0.283268 -0.514272 -0.809496 -0.943879 -0 -0.330292,0.16986 0.857627 -0.485411 -141.047 0.283268 -0.514272 -0.809496 -7.95468 -0.943879 -0 -0.330292 0.253861 0 0 0 1,-0.99282 -2.8 -1.1 0.99282 0.2 0.7,1.99 x 3.00 x 1.80,-142.0647,-7.1242,0.3199,-141.0469,-0.2539,-7.9547,0.16986 0.485411 0.857627 0.943879 -0.330292 0 0.283268 0.809496 -0.514272,-142.0647,-0.3199,-7.1242,-143.957 -1.55428 -8.90542 -140.173 0.914446 -5.34304
432,426,3,Robotic Hand_V5/GM12-N20-双出轴-Motor.STEP-21/M057-8Y01A.STEP-1/____-1.STEP-1,____-1.STEP-1,29,____-1.STEP,____-1.STEP.SLDPRT,GM12-N20-双出轴-Motor.STEP,purchased-internal,purchased-internal,GM12-N20-双出轴-Motor.STEP,True,False,0,False,False,False,False,,False,,-141.0469,-7.9547,0.2539,-0.001284 0.857627 0.514271 -0.002141 -0.514272 0.857624 0.999997 -0 0.002497,-0.001284 0.857627 0.514271 -141.047 -0.002141 -0.514272 0.857624 -7.95468 0.999997 -0 0.002497 0.253861 0 0 0 1,-5.77332 0 -4.80793 5.77332 8.5 4.80793,11.55 x 8.50 x 9.62,-137.4020,-10.1403,0.2539,-141.0469,-0.2539,-7.9547,-0.001284 -0.514271 0.857627 -0.999997 0.002497 0 -0.002141 -0.857624 -0.514272,-137.4020,-0.2539,-10.1403,-143.527 -6.03916 -16.4618 -131.277 5.53144 -3.81892
433,426,3,Robotic Hand_V5/GM12-N20-双出轴-Motor.STEP-21/M057-8Y01A.STEP-1/____-2.STEP-1,____-2.STEP-1,30,____-2.STEP,____-2.STEP.SLDPRT,GM12-N20-双出轴-Motor.STEP,purchased-internal,purchased-internal,GM12-N20-双出轴-Motor.STEP,True,False,0,False,False,False,False,,False,,-143.8342,-6.2833,-2.8461,-0 -0.857627 0.514272 -0 0.514272 0.857627 -1 0 -0,-0 -0.857627 0.514272 -143.834 -0 0.514272 0.857627 -6.2833 -1 0 -0 -2.84614 0 0 0 1,-0.2 -0 -1 0.2 4.25 1,0.40 x 4.25 x 2.00,-145.6566,-5.1905,-2.8461,-143.8342,2.8461,-6.2833,-0 -0.514272 -0.857627 1 -0 -0 -0 -0.857627 0.514272,-145.6566,2.8461,-5.1905,-147.993 2.64614 -7.14092 -143.32 3.04614 -3.24001
434,426,3,Robotic Hand_V5/GM12-N20-双出轴-Motor.STEP-21/M057-8Y01A.STEP-1/____-2.STEP-2,____-2.STEP-2,31,____-2.STEP,____-2.STEP.SLDPRT,GM12-N20-双出轴-Motor.STEP,purchased-internal,purchased-internal,GM12-N20-双出轴-Motor.STEP,True,False,0,False,False,False,False,,False,,-143.8342,-6.2833,3.3539,0 -0.857627 -0.514272 0 0.514272 -0.857627 1 0 0,0 -0.857627 -0.514272 -143.834 0 0.514272 -0.857627 -6.28329 1 0 0 3.35386 0 0 0 1,-0.2 -0 -1 0.2 4.25 1,0.40 x 4.25 x 2.00,-145.6566,-5.1905,3.3539,-143.8342,-3.3539,-6.2833,0 0.514272 -0.857627 -1 0 -0 0 0.857627 0.514272,-145.6566,-3.3539,-5.1905,-147.993 -3.55386 -7.14092 -143.32 -3.15386 -3.24001
435,426,3,Robotic Hand_V5/GM12-N20-双出轴-Motor.STEP-21/M057-8Y01A.STEP-1/________.STEP-1,________.STEP-1,32,________.STEP,________.STEP.SLDPRT,GM12-N20-双出轴-Motor.STEP,purchased-internal,purchased-internal,GM12-N20-双出轴-Motor.STEP,True,False,0,False,False,False,False,,False,,-133.1608,-12.6928,0.2270,0 0.857627 0.514272 -0 -0.514272 0.857627 1 -0 -0,0 0.857627 0.514272 -133.161 -0 -0.514272 0.857627 -12.6928 1 -0 -0 0.226979 0 0 0 1,-6.21067 -13.5245 -5.01502 6.2652 0.9 5.03081,12.48 x 14.42 x 10.05,-138.5703,-9.4398,0.2542,-133.1608,-0.2270,-12.6928,0 -0.514272 0.857627 -1 -0 0 -0 -0.857627 -0.514272,-138.5703,-0.2542,-9.4398,-147.339 -6.49217 -17.4566 -129.802 5.98369 -1.4229
436,426,3,Robotic Hand_V5/GM12-N20-双出轴-Motor.STEP-21/M057-8Y01A.STEP-1/__.STEP-1,__.STEP-1,33,__.STEP,__.STEP.SLDPRT,GM12-N20-双出轴-Motor.STEP,purchased-internal,purchased-internal,GM12-N20-双出轴-Motor.STEP,True,False,0,False,False,False,False,,False,,-130.4981,-14.2802,0.2539,0.30866 -0.857627 0.411346 0.514737 0.514272 0.685981 -0.79986 0 0.600187,0.30866 -0.857627 0.411346 -130.498 0.514737 0.514272 0.685981 -14.2802 -0.79986 0 0.600187 0.253861 0 0 0 1,-0.5 -3 -0.5 0.5 18.6 0.5,1.00 x 21.60 x 1.00,-137.1876,-10.2689,0.2539,-130.4981,-0.2539,-14.2802,0.30866 -0.411346 -0.857627 0.79986 0.600187 -0 0.514737 -0.685981 0.514272,-137.1876,-0.2539,-10.2689,-146.81 -0.953884 -16.4234 -127.565 0.446162 -4.1144
437,426,3,Robotic Hand_V5/GM12-N20-双出轴-Motor.STEP-21/M057-8Y01A.STEP-1/________-3.STEP-1,________-3.STEP-1,34,________-3.STEP,________-3.STEP.SLDPRT,GM12-N20-双出轴-Motor.STEP,purchased-internal,purchased-internal,GM12-N20-双出轴-Motor.STEP,True,False,0,False,False,False,False,,False,,-143.8942,-6.2473,0.2539,-0.475015 0.857627 0.197071 -0.792159 -0.514272 0.328646 0.383204 -0 0.923664,-0.475015 0.857627 0.197071 -143.894 -0.792159 -0.514272 0.328646 -6.2473 0.383204 -0 0.923664 0.253861 0 0 0 1,-0.9 -0.02 -0.9 0.9 0.12 0.9,1.80 x 0.14 x 1.80,-143.8513,-6.2730,0.2539,-143.8942,-0.2539,-6.2473,-0.475015 -0.197071 0.857627 -0.383204 0.923664 0 -0.792159 -0.328646 -0.514272,-143.8513,-0.2539,-6.2730,-144.516 -1.43004 -7.31773 -143.186 0.92232 -5.22829
438,425,2,Robotic Hand_V5/GM12-N20-双出轴-Motor.STEP-21/__________-4.STEP-1,__________-4.STEP-1,25,__________-4.STEP,__________-4.STEP.SLDPRT,GM12-N20-双出轴-Motor.STEP,purchased-internal,purchased-internal,GM12-N20-双出轴-Motor.STEP,True,False,0,False,False,True,True,,False,,-131.5272,-13.6631,0.2539,-0 0.857627 -0.514272 0 -0.514272 -0.857627 -1 -0 0,-0 0.857627 -0.514272 -131.527 0 -0.514272 -0.857627 -13.6631 -1 -0 0 0.253861 0 0 0 1,-6 -1.4025 -5.5 6 16.6 5.5,12.00 x 18.00 x 11.00,-125.0104,-17.5709,0.2539,-131.5272,-0.2539,-13.6631,-0 0.514272 0.857627 1 0 0 0 0.857627 -0.514272,-125.0104,-0.2539,-17.5709,-135.559 -6.25386 -26.917 -114.462 5.74614 -8.22489
439,425,2,Robotic Hand_V5/GM12-N20-双出轴-Motor.STEP-21/____________-5.STEP-1,____________-5.STEP-1,26,____________-5.STEP,____________-5.STEP.SLDPRT,GM12-N20-双出轴-Motor.STEP,purchased-internal,purchased-internal,GM12-N20-双出轴-Motor.STEP,True,False,0,False,False,False,False,,False,,-140.8571,-11.3327,4.0552,0.232901 0.857627 0.458512 0.388398 -0.514272 0.764638 0.891574 -0 -0.452875,0.232901 0.857627 0.458512 -140.857 0.388398 -0.514272 0.764638 -11.3327 0.891574 -0 -0.452875 4.05524 0 0 0 1,-1.25 6 -1.25 1.25 10 1.25,2.50 x 4.00 x 2.50,-133.9961,-15.4468,4.0552,-140.8571,-4.0552,-11.3327,0.232901 -0.458512 0.857627 -0.891574 -0.452875 0 0.388398 -0.764638 -0.514272,-133.9961,-4.0552,-15.4468,-136.576 -5.7358 -17.9167 -131.417 -2.37467 -12.977
440,425,2,Robotic Hand_V5/GM12-N20-双出轴-Motor.STEP-21/____________-5.STEP-2,____________-5.STEP-2,27,____________-5.STEP,____________-5.STEP.SLDPRT,GM12-N20-双出轴-Motor.STEP,purchased-internal,purchased-internal,GM12-N20-双出轴-Motor.STEP,True,False,0,False,False,False,False,,False,,-137.9777,-6.5309,-3.5475,-0.227082 0.857627 0.461422 -0.378693 -0.514272 0.76949 0.897232 -0 0.441559,-0.227082 0.857627 0.461422 -137.978 -0.378693 -0.514272 0.76949 -6.53093 0.897232 -0 0.441559 -3.54752 0 0 0 1,-1.25 6 -1.25 1.25 10 1.25,2.50 x 4.00 x 2.50,-131.1167,-10.6451,-3.5475,-137.9777,3.5475,-6.5309,-0.227082 -0.461422 0.857627 -0.897232 0.441559 0 -0.378693 -0.76949 -0.514272,-131.1167,3.5475,-10.6451,-133.693 1.87403 -13.1089 -128.541 5.221 -8.18133
441,425,2,Robotic Hand_V5/GM12-N20-双出轴-Motor.STEP-21/____________-5.STEP-3,____________-5.STEP-3,28,____________-5.STEP,____________-5.STEP.SLDPRT,GM12-N20-双出轴-Motor.STEP,purchased-internal,purchased-internal,GM12-N20-双出轴-Motor.STEP,True,False,0,False,False,False,False,,False,,-134.3559,-17.7970,0.2539,-0.840501 0.514272 -0.170532 0.504003 0.857627 0.102259 0.198842 -0 -0.980032,-0.840501 0.514272 -0.170532 -134.356 0.504003 0.857627 0.102259 -17.797 0.198842 -0 -0.980032 0.253861 0 0 0 1,-1.25 6 -1.25 1.25 10 1.25,2.50 x 4.00 x 2.50,-130.2417,-10.9359,0.2539,-134.3559,-0.2539,-17.7970,-0.840501 0.170532 0.514272 -0.198842 -0.980032 0 0.504003 -0.102259 0.857627,-130.2417,-0.2539,-10.9359,-132.534 -1.72745 -13.409 -127.949 1.21973 -8.46286
442,425,2,Robotic Hand_V5/GM12-N20-双出轴-Motor.STEP-21/____________-5.STEP-4,____________-5.STEP-4,29,____________-5.STEP,____________-5.STEP.SLDPRT,GM12-N20-双出轴-Motor.STEP,purchased-internal,purchased-internal,GM12-N20-双出轴-Motor.STEP,True,False,0,False,False,False,False,,False,,-129.2132,-9.2207,0.2539,-0.036177 -0.514272 0.856863 0.021694 -0.857627 -0.513815 0.99911 0 0.042183,-0.036177 -0.514272 0.856863 -129.213 0.021694 -0.857627 -0.513815 -9.22069 0.99911 0 0.042183 0.253861 0 0 0 1,-1.25 6 -1.25 1.25 10 1.25,2.50 x 4.00 x 2.50,-133.3274,-16.0817,0.2539,-129.2132,-0.2539,-9.2207,-0.036177 -0.856863 -0.514272 -0.99911 0.042183 -0 0.021694 0.513815 -0.857627,-133.3274,-0.2539,-16.0817,-135.472 -1.55548 -18.4663 -131.183 1.04775 -13.6971
443,425,2,Robotic Hand_V5/GM12-N20-双出轴-Motor.STEP-21/Engrenagem reta28-D.STEP-1,Engrenagem reta28-D.STEP-1,30,Engrenagem reta28-D.STEP,Engrenagem reta28-D.STEP.SLDPRT,GM12-N20-双出轴-Motor.STEP,purchased-internal,purchased-internal,GM12-N20-双出轴-Motor.STEP,True,False,0,False,False,True,True,,False,,-120.0697,-19.1344,0.2539,0 -0.857627 -0.514272 -0 0.514272 -0.857627 1 0 0,0 -0.857627 -0.514272 -120.07 -0 0.514272 -0.857627 -19.1344 1 0 0 0.253861 0 0 0 1,-2.78759 -2.78759 -13.8077 2.78759 2.78759 16.2077,5.58 x 5.58 x 30.02,-120.6868,-20.1635,0.2539,-120.0697,-0.2539,-19.1344,0 0.514272 -0.857627 -1 0 -0 -0 0.857627 0.514272,-120.6868,-0.2539,-20.1635,-130.796 -3.04145 -34.4681 -110.578 2.53373 -5.85893
444,425,2,Robotic Hand_V5/GM12-N20-双出轴-Motor.STEP-21/Engrenagem reta22-11.STEP-1,Engrenagem reta22-11.STEP-1,31,Engrenagem reta22-11.STEP,Engrenagem reta22-11.STEP.SLDPRT,GM12-N20-双出轴-Motor.STEP,purchased-internal,purchased-internal,GM12-N20-双出轴-Motor.STEP,True,False,0,False,False,False,False,,False,,-124.6571,-19.8233,0.2539,-0.10385 -0.851316 0.514272 0.062273 0.510488 0.857627 -0.992642 0.12109 -0,-0.10385 -0.851316 0.514272 -124.657 0.062273 0.510488 0.857627 -19.8233 -0.992642 0.12109 -0 0.253861 0 0 0 1,-1.79568 -1.8 -0.7 1.79568 1.8 3,3.59 x 3.60 x 3.70,-124.0657,-18.8370,0.2539,-124.6571,-0.2539,-19.8233,-0.10385 -0.514272 -0.851316 0.992642 -0 -0.12109 0.062273 -0.857627 0.510488,-124.0657,-0.2539,-18.8370,-126.736 -2.25429 -21.4543 -121.395 1.74657 -16.2197
445,425,2,Robotic Hand_V5/GM12-N20-双出轴-Motor.STEP-21/WHEEL.STEP-1,WHEEL.STEP-1,32,WHEEL.STEP,WHEEL.STEP.SLDPRT,GM12-N20-双出轴-Motor.STEP,purchased-internal,purchased-internal,GM12-N20-双出轴-Motor.STEP,True,False,0,False,False,False,False,,False,,-137.1350,-30.4040,-2.4961,-0.851758 0.514272 0.100162 0.510753 0.857627 -0.060062 -0.11679 -0 -0.993157,-0.851758 0.514272 0.100162 -137.135 0.510753 0.857627 -0.060062 -30.404 -0.11679 -0 -0.993157 -2.49613 0 0 0 1,-1.93657 13.5334 -1.93656 1.93656 21.4334 1.93657,3.87 x 7.90 x 3.87,-128.1438,-15.4098,-2.4961,-137.1350,2.4961,-30.4040,-0.851758 -0.100162 0.514272 0.11679 -0.993157 0 0.510753 0.060062 0.857627,-128.1438,2.4961,-15.4098,-132.019 0.346655 -19.9028 -124.269 4.64562 -10.9167
446,425,2,Robotic Hand_V5/GM12-N20-双出轴-Motor.STEP-21/WORM.STEP-1,WORM.STEP-1,33,WORM.STEP,WORM.STEP.SLDPRT,GM12-N20-双出轴-Motor.STEP,purchased-internal,purchased-internal,GM12-N20-双出轴-Motor.STEP,True,False,0,False,False,False,False,,False,,-100.9494,-31.7383,0.1014,-0.001953 -0.857627 -0.514269 -0.003256 0.514272 -0.857621 0.999993 0 -0.003797,-0.001953 -0.857627 -0.514269 -100.949 -0.003256 0.514272 -0.857621 -31.7383 0.999993 0 -0.003797 0.101375 0 0 0 1,-1.0847 30.4444 -0.996281 1.39137 35.02 1.44217,2.48 x 4.58 x 2.44,-129.1364,-15.0968,0.2539,-100.9494,-0.1014,-31.7383,-0.001953 0.514269 -0.857627 -0.999993 -0.003797 -0 -0.003256 0.857621 0.514272,-129.1364,-0.2539,-15.0968,-131.728 -1.49652 -17.323 -126.545 0.988793 -12.8706
447,425,2,Robotic Hand_V5/GM12-N20-双出轴-Motor.STEP-21/Engrenagem reta22-11.STEP-2,Engrenagem reta22-11.STEP-2,34,Engrenagem reta22-11.STEP,Engrenagem reta22-11.STEP.SLDPRT,GM12-N20-双出轴-Motor.STEP,purchased-internal,purchased-internal,GM12-N20-双出轴-Motor.STEP,True,False,0,False,False,False,False,,False,,-127.1384,-19.9355,-1.3190,-0.11301 -0.850149 0.514272 0.067766 0.509788 0.857627 -0.99128 0.131771 -0,-0.11301 -0.850149 0.514272 -127.138 0.067766 0.509788 0.857627 -19.9355 -0.99128 0.131771 -0 -1.31904 0 0 0 1,-1.79568 -1.8 -0.7 1.79568 1.8 3,3.59 x 3.60 x 3.70,-126.5469,-18.9492,-1.3190,-127.1384,1.3190,-19.9355,-0.11301 -0.514272 -0.850149 0.99128 -0 -0.131771 0.067766 -0.857627 0.509788,-126.5469,1.3190,-18.9492,-129.232 -0.698167 -21.5751 -123.862 3.33625 -16.3233
448,,1,Robotic Hand_V5/hand_pulley_wheel1-1,hand_pulley_wheel1-1,1758,hand_pulley_wheel1,hand_pulley_wheel1.SLDPRT,,printed/structural,pulley,,False,False,0,False,False,False,False,Yes,False,,-94.4921,-29.5974,71.6950,0.258819 0.496749 0.828404 0 0.857627 -0.514272 -0.965926 0.133104 0.22197,0.258819 0.496749 0.828404 -94.4921 0 0.857627 -0.514272 -29.5974 -0.965926 0.133104 0.22197 71.695 0 0 0 1,-11.25 0 -11.25 12.5 5 11.25,23.75 x 5.00 x 22.50,-93.0885,-27.4533,71.4240,-94.4921,-71.6950,-29.5974,0.258819 -0.828404 0.496749 0.965926 0.22197 -0.133104 0 0.514272 0.857627,-93.0885,-71.4240,-27.4533,-106.723 -85.7243 -35.383 -79.4536 -57.1237 -19.5237
449,,1,Robotic Hand_V5/hand_pulley_wheel1-2,hand_pulley_wheel1-2,1762,hand_pulley_wheel1,hand_pulley_wheel1.SLDPRT,,printed/structural,pulley,,False,False,0,False,False,False,False,Yes,False,,-86.4006,-29.5974,24.2997,0.087156 0.512316 0.854363 0 0.857627 -0.514272 -0.996195 0.044822 0.074747,0.087156 0.512316 0.854363 -86.4006 0 0.857627 -0.514272 -29.5974 -0.996195 0.044822 0.074747 24.2997 0 0 0 1,-11.25 0 -11.25 12.5 5 11.25,23.75 x 5.00 x 22.50,-85.0653,-27.4533,23.7892,-86.4006,-24.2997,-29.5974,0.087156 -0.854363 0.512316 0.996195 0.074747 -0.044822 0 0.514272 0.857627,-85.0653,-23.7892,-27.4533,-96.9927 -36.5719 -35.383 -73.138 -11.0064 -19.5237
450,,1,Robotic Hand_V5/hand_pulley_wheel1-3,hand_pulley_wheel1-3,1763,hand_pulley_wheel1,hand_pulley_wheel1.SLDPRT,,printed/structural,pulley,,False,False,0,False,False,False,False,Yes,False,,-113.7441,-29.5974,66.5365,0.258819 0.496749 0.828404 0 0.857627 -0.514272 -0.965926 0.133104 0.22197,0.258819 0.496749 0.828404 -113.744 0 0.857627 -0.514272 -29.5974 -0.965926 0.133104 0.22197 66.5365 0 0 0 1,-11.25 0 -11.25 12.5 5 11.25,23.75 x 5.00 x 22.50,-112.3405,-27.4533,66.2655,-113.7441,-66.5365,-29.5974,0.258819 -0.828404 0.496749 0.965926 0.22197 -0.133104 0 0.514272 0.857627,-112.3405,-66.2655,-27.4533,-125.975 -80.5658 -35.383 -98.7056 -51.9652 -19.5237
451,,1,Robotic Hand_V5/hand_pulley_wheel1-4,hand_pulley_wheel1-4,1764,hand_pulley_wheel1,hand_pulley_wheel1.SLDPRT,,printed/structural,pulley,,False,False,0,False,False,False,False,Yes,False,,-106.2558,-29.5974,22.5626,0.087156 0.512316 0.854363 0 0.857627 -0.514272 -0.996195 0.044822 0.074747,0.087156 0.512316 0.854363 -106.256 0 0.857627 -0.514272 -29.5974 -0.996195 0.044822 0.074747 22.5626 0 0 0 1,-11.25 0 -11.25 12.5 5 11.25,23.75 x 5.00 x 22.50,-104.9205,-27.4533,22.0521,-106.2558,-22.5626,-29.5974,0.087156 -0.854363 0.512316 0.996195 0.074747 -0.044822 0 0.514272 0.857627,-104.9205,-22.0521,-27.4533,-116.848 -34.8348 -35.383 -92.9932 -9.26929 -19.5237
452,,1,Robotic Hand_V5/hand_pulley_wheel1-5,hand_pulley_wheel1-5,1765,hand_pulley_wheel1,hand_pulley_wheel1.SLDPRT,,printed/structural,pulley,,False,False,0,False,False,False,False,Yes,False,,-132.9960,-29.5974,61.3779,0.258819 0.496749 0.828404 0 0.857627 -0.514272 -0.965926 0.133104 0.22197,0.258819 0.496749 0.828404 -132.996 0 0.857627 -0.514272 -29.5974 -0.965926 0.133104 0.22197 61.3779 0 0 0 1,-11.25 0 -11.25 12.5 5 11.25,23.75 x 5.00 x 22.50,-131.5924,-27.4533,61.1070,-132.9960,-61.3779,-29.5974,0.258819 -0.828404 0.496749 0.965926 0.22197 -0.133104 0 0.514272 0.857627,-131.5924,-61.1070,-27.4533,-145.227 -75.4073 -35.383 -117.957 -46.8067 -19.5237
453,,1,Robotic Hand_V5/hand_pulley_wheel1-6,hand_pulley_wheel1-6,1766,hand_pulley_wheel1,hand_pulley_wheel1.SLDPRT,,printed/structural,pulley,,False,False,0,False,False,False,False,Yes,False,,-158.5978,-29.5974,54.5180,0.258819 0.496749 0.828404 0 0.857627 -0.514272 -0.965926 0.133104 0.22197,0.258819 0.496749 0.828404 -158.598 0 0.857627 -0.514272 -29.5974 -0.965926 0.133104 0.22197 54.518 0 0 0 1,-11.25 0 -11.25 12.5 5 11.25,23.75 x 5.00 x 22.50,-157.1942,-27.4533,54.2470,-158.5978,-54.5180,-29.5974,0.258819 -0.828404 0.496749 0.965926 0.22197 -0.133104 0 0.514272 0.857627,-157.1942,-54.2470,-27.4533,-170.829 -68.5473 -35.383 -143.559 -39.9467 -19.5237
454,,1,Robotic Hand_V5/hand_pulley_wheel1-7,hand_pulley_wheel1-7,1767,hand_pulley_wheel1,hand_pulley_wheel1.SLDPRT,,printed/structural,pulley,,False,False,0,False,False,False,False,Yes,False,,-126.1110,-29.5974,20.8256,0.087156 0.512316 0.854363 0 0.857627 -0.514272 -0.996195 0.044822 0.074747,0.087156 0.512316 0.854363 -126.111 0 0.857627 -0.514272 -29.5974 -0.996195 0.044822 0.074747 20.8256 0 0 0 1,-11.25 0 -11.25 12.5 5 11.25,23.75 x 5.00 x 22.50,-124.7758,-27.4533,20.3150,-126.1110,-20.8256,-29.5974,0.087156 -0.854363 0.512316 0.996195 0.074747 -0.044822 0 0.514272 0.857627,-124.7758,-20.3150,-27.4533,-136.703 -33.0978 -35.383 -112.848 -7.53224 -19.5237
455,,1,Robotic Hand_V5/hand_pulley_wheel1-8,hand_pulley_wheel1-8,1768,hand_pulley_wheel1,hand_pulley_wheel1.SLDPRT,,printed/structural,pulley,,False,False,0,False,False,False,False,Yes,False,,-152.7714,-29.4431,18.4930,0.087156 0.512316 0.854363 0 0.857627 -0.514272 -0.996195 0.044822 0.074747,0.087156 0.512316 0.854363 -152.771 0 0.857627 -0.514272 -29.4431 -0.996195 0.044822 0.074747 18.493 0 0 0 1,-11.25 0 -11.25 12.5 5 11.25,23.75 x 5.00 x 22.50,-151.4361,-27.2991,17.9825,-152.7714,-18.4930,-29.4431,0.087156 -0.854363 0.512316 0.996195 0.074747 -0.044822 0 0.514272 0.857627,-151.4361,-17.9825,-27.2991,-163.363 -30.7652 -35.2287 -139.509 -5.1997 -19.3694
456,,1,Robotic Hand_V5/hand_pulley_wheel22-1,hand_pulley_wheel22-1,1883,hand_pulley_wheel22,hand_pulley_wheel22.SLDPRT,,printed/structural,pulley,,False,False,0,False,False,False,False,Yes,False,,-93.2101,-36.0296,47.5042,0.173648 0.50646 0.844598 0 0.857627 -0.514272 -0.984808 0.089302 0.148925,0.173648 0.50646 0.844598 -93.2101 0 0.857627 -0.514272 -36.0296 -0.984808 0.089302 0.148925 47.5042 0 0 0 1,-11.25 0 -11.25 12.5 12.5 11.25,23.75 x 12.50 x 22.50,-89.9362,-30.6694,47.4468,-93.2101,-47.5042,-36.0296,0.173648 -0.844598 0.50646 0.984808 0.148925 -0.089302 0 0.514272 0.857627,-89.9362,-47.4468,-30.6694,-104.665 -61.375 -41.8152 -75.2071 -33.5187 -19.5237
457,,1,Robotic Hand_V5/hand_pulley_wheel22-2,hand_pulley_wheel22-2,1884,hand_pulley_wheel22,hand_pulley_wheel22.SLDPRT,,printed/structural,pulley,,False,False,0,False,False,False,False,Yes,False,,-112.8384,-36.0296,44.0433,0.173648 0.50646 0.844598 0 0.857627 -0.514272 -0.984808 0.089302 0.148925,0.173648 0.50646 0.844598 -112.838 0 0.857627 -0.514272 -36.0296 -0.984808 0.089302 0.148925 44.0433 0 0 0 1,-11.25 0 -11.25 12.5 12.5 11.25,23.75 x 12.50 x 22.50,-109.5645,-30.6694,43.9859,-112.8384,-44.0433,-36.0296,0.173648 -0.844598 0.50646 0.984808 0.148925 -0.089302 0 0.514272 0.857627,-109.5645,-43.9859,-30.6694,-124.294 -57.914 -41.8152 -94.8354 -30.0578 -19.5237
458,,1,Robotic Hand_V5/hand_pulley_wheel22-3,hand_pulley_wheel22-3,1885,hand_pulley_wheel22,hand_pulley_wheel22.SLDPRT,,printed/structural,pulley,,False,False,0,False,False,False,False,Yes,False,,-132.4667,-36.0296,40.5823,0.173648 0.50646 0.844598 0 0.857627 -0.514272 -0.984808 0.089302 0.148925,0.173648 0.50646 0.844598 -132.467 0 0.857627 -0.514272 -36.0296 -0.984808 0.089302 0.148925 40.5823 0 0 0 1,-11.25 0 -11.25 12.5 12.5 11.25,23.75 x 12.50 x 22.50,-129.1928,-30.6694,40.5249,-132.4667,-40.5823,-36.0296,0.173648 -0.844598 0.50646 0.984808 0.148925 -0.089302 0 0.514272 0.857627,-129.1928,-40.5249,-30.6694,-143.922 -54.453 -41.8152 -114.464 -26.5968 -19.5237
459,,1,Robotic Hand_V5/hand_pulley_wheel22-4,hand_pulley_wheel22-4,1886,hand_pulley_wheel22,hand_pulley_wheel22.SLDPRT,,printed/structural,pulley,,False,False,0,False,False,False,False,Yes,False,,-156.7054,-36.0296,0.2539,-0 0.514272 0.857627 0 0.857627 -0.514272 -1 0 -0,-0 0.514272 0.857627 -156.705 0 0.857627 -0.514272 -36.0296 -1 0 -0 0.253861 0 0 0 1,-11.25 0 -11.25 12.5 12.5 11.25,23.75 x 12.50 x 22.50,-153.4912,-30.6694,-0.3711,-156.7054,-0.2539,-36.0296,-0 -0.857627 0.514272 1 -0 -0 0 0.514272 0.857627,-153.4912,0.3711,-30.6694,-166.354 -11.5039 -41.8152 -140.629 12.2461 -19.5237
460,,1,Robotic Hand_V5/hand_pulley_wheel22-5,hand_pulley_wheel22-5,1887,hand_pulley_wheel22,hand_pulley_wheel22.SLDPRT,,printed/structural,pulley,,False,False,0,False,False,False,False,Yes,False,,-158.5689,-36.0296,35.9797,0.173648 0.50646 0.844598 0 0.857627 -0.514272 -0.984808 0.089302 0.148925,0.173648 0.50646 0.844598 -158.569 0 0.857627 -0.514272 -36.0296 -0.984808 0.089302 0.148925 35.9797 0 0 0 1,-11.25 0 -11.25 12.5 12.5 11.25,23.75 x 12.50 x 22.50,-155.2950,-30.6694,35.9224,-158.5689,-35.9797,-36.0296,0.173648 -0.844598 0.50646 0.984808 0.148925 -0.089302 0 0.514272 0.857627,-155.2950,-35.9224,-30.6694,-170.024 -49.8505 -41.8152 -140.566 -21.9942 -19.5237
461,,1,Robotic Hand_V5/hand_pulley_wheel22-6,hand_pulley_wheel22-6,1888,hand_pulley_wheel22,hand_pulley_wheel22.SLDPRT,,printed/structural,pulley,,False,False,0,False,False,False,False,Yes,False,,-130.2009,-36.0296,0.2539,-0 0.514272 0.857627 0 0.857627 -0.514272 -1 -0 -0,-0 0.514272 0.857627 -130.201 0 0.857627 -0.514272 -36.0296 -1 -0 -0 0.253861 0 0 0 1,-11.25 0 -11.25 12.5 12.5 11.25,23.75 x 12.50 x 22.50,-126.9867,-30.6694,-0.3711,-130.2009,-0.2539,-36.0296,-0 -0.857627 0.514272 1 -0 0 0 0.514272 0.857627,-126.9867,0.3711,-30.6694,-139.849 -11.5039 -41.8152 -114.124 12.2461 -19.5237
462,,1,Robotic Hand_V5/hand_pulley_wheel22-7,hand_pulley_wheel22-7,1889,hand_pulley_wheel22,hand_pulley_wheel22.SLDPRT,,printed/structural,pulley,,False,False,0,False,False,False,False,Yes,False,,-110.2698,-36.0296,0.2538,-0 0.514272 0.857627 0 0.857627 -0.514272 -1 -0 -0,-0 0.514272 0.857627 -110.27 0 0.857627 -0.514272 -36.0296 -1 -0 -0 0.253805 0 0 0 1,-11.25 0 -11.25 12.5 12.5 11.25,23.75 x 12.50 x 22.50,-107.0556,-30.6694,-0.3712,-110.2698,-0.2538,-36.0296,-0 -0.857627 0.514272 1 -0 0 0 0.514272 0.857627,-107.0556,0.3712,-30.6694,-119.918 -11.5038 -41.8152 -94.1931 12.2462 -19.5237
463,,1,Robotic Hand_V5/hand_pulley_wheel22-8,hand_pulley_wheel22-8,1890,hand_pulley_wheel22,hand_pulley_wheel22.SLDPRT,,printed/structural,pulley,,False,False,0,False,False,False,False,Yes,False,,-90.3387,-36.0296,0.2539,-0 0.514272 0.857627 0 0.857627 -0.514272 -1 -0 -0,-0 0.514272 0.857627 -90.3387 0 0.857627 -0.514272 -36.0296 -1 -0 -0 0.253861 0 0 0 1,-11.25 0 -11.25 12.5 12.5 11.25,23.75 x 12.50 x 22.50,-87.1245,-30.6694,-0.3711,-90.3387,-0.2539,-36.0296,-0 -0.857627 0.514272 1 -0 0 0 0.514272 0.857627,-87.1245,0.3711,-30.6694,-99.987 -11.5039 -41.8152 -74.262 12.2461 -19.5237
464,,1,Robotic Hand_V5/shell_molder_block-1,shell_molder_block-1,1982,shell_molder_block,shell_molder_block.SLDPRT,,cut-tool (not a physical part),cut-tool,,False,False,0,False,False,True,True,No,False,,-118.1559,-17.3318,-45.7461,1 0 0 0 1 0 0 0 1,1 0 0 -118.156 0 1 0 -17.3318 0 0 1 -45.7461 0 0 0 1,-65 -50 0 65 50 30,130.00 x 100.00 x 30.00,-118.1559,-17.3318,-30.7461,-118.1559,45.7461,-17.3318,1 0 0 0 1 0 0 0 1,-118.1559,30.7461,-17.3318,-183.156 15.7461 -67.3318 -53.1559 45.7461 32.6682
465,,1,Robotic Hand_V5/shell_molder_block-2,shell_molder_block-2,1984,shell_molder_block,shell_molder_block.SLDPRT,,cut-tool (not a physical part),cut-tool,,False,False,0,False,False,True,True,No,False,,-128.1912,-17.3318,79.2298,0.965926 -0 -0.258819 -0 1 -0 0.258819 0 0.965926,0.965926 -0 -0.258819 -128.191 -0 1 -0 -17.3318 0.258819 0 0.965926 79.2298 0 0 0 1,-65 -50 0 65 50 30,130.00 x 100.00 x 30.00,-132.0735,-17.3318,93.7187,-128.1912,-79.2298,-17.3318,0.965926 0.258819 -0 -0.258819 0.965926 -0 -0 0 1,-132.0735,-93.7187,-17.3318,-198.741 -125.031 -67.3318 -65.406 -62.4066 32.6682
466,,1,Robotic Hand_V5/Shell2-1,Shell2-1,1991,Shell2,Shell2.SLDPRT,,printed/structural,battery-case/shell,,False,False,0,False,False,False,False,Yes,False,,-65.7529,-8.5342,38.2265,0.130526 -0 -0.991445 -0 -1 0 -0.991445 0 -0.130526,0.130526 -0 -0.991445 -65.7529 -0 -1 0 -8.53417 -0.991445 0 -0.130526 38.2265 0 0 0 1,-69 -0 -0.05393 59.3203 73.0212 120.054,128.32 x 73.02 x 120.11,-125.8713,-45.0448,35.1933,-65.7529,-38.2265,-8.5342,0.130526 0.991445 -0 0.991445 -0.130526 -0 -0 -0 -1,-125.8713,-35.1933,-45.0448,-193.786 -106.643 -81.5554 -57.9566 36.2566 -8.53417
467,,1,Robotic Hand_V5/OSH_Logo (1)23_curved2-1,OSH_Logo (1)23_curved2-1,2007,OSH_Logo (1)23_curved2,OSH_Logo (1)23_curved2.SLDPRT,,printed/structural,printed,,False,False,0,False,False,True,True,No,False,,-197.9415,-79.6028,-70.7379,-0.139173 0.990268 -0 0 0 1 0.990268 0.139173 -0,-0.139173 0.990268 -0 -197.941 0 0 1 -79.6028 0.990268 0.139173 -0 -70.7379 0 0 0 1,60.6006 63.738 2 123.399 120.262 11.25,62.80 x 56.52 x 9.25,-119.6408,-72.9778,33.1707,-197.9415,70.7379,-79.6028,-0.139173 0 0.990268 -0.990268 -0 -0.139173 0 -1 0,-119.6408,-33.1707,-72.9778,-151.998 -68.1979 -77.6028 -87.2838 1.85639 -68.3528
468,,1,Robotic Hand_V5/Assem2^Robotic Hand_V5-1,Assem2^Robotic Hand_V5-1,2623,Assem2^Robotic Hand_V5,Assem2^Robotic Hand_V5.SLDASM,,printed/structural,sub-assembly,,False,True,9,False,False,False,False,Yes,True,,0.0000,0.0000,0.0000,1 0 0 0 1 0 0 0 1,1 0 0 0 0 1 0 0 0 0 1 0 0 0 0 1,-183.495 -11.0799 -107.802 -66.3154 11.477 8.85748,117.18 x 22.56 x 116.66,-124.9050,0.1986,-49.4722,0.0000,0.0000,0.0000,1 0 0 0 1 0 0 0 1,-124.9050,49.4722,0.1986,-183.495 -8.85748 -11.0799 -66.3154 107.802 11.477
469,468,2,Robotic Hand_V5/Assem2^Robotic Hand_V5-1/Distal Phalanx Bone_V02-1,Distal Phalanx Bone_V02-1,24,Distal Phalanx Bone_V02,Distal Phalanx Bone_V02.SLDPRT,,printed/structural,printed,,False,False,0,False,False,False,False,,False,,-73.8397,-1.5230,-99.8207,-0.761928 -0 -0.647661 -0 1 -0 0.647661 0 -0.761928,-0.761928 -0 -0.647661 -73.8397 -0 1 -0 -1.52296 0.647661 0 -0.761928 -99.8207 0 0 0 1,-3.5 -7.5 -7.5 36.8 13 7.5,40.30 x 20.50 x 15.00,-86.5258,1.2270,-89.0371,-73.8397,99.8207,-1.5230,-0.761928 0.647661 -0 -0.647661 -0.761928 -0 -0 0 1,-86.5258,89.0371,1.2270,-106.736 70.2722 -9.02296 -66.3154 107.802 11.477
470,468,2,Robotic Hand_V5/Assem2^Robotic Hand_V5-1/Metacarpal Bone_V02-1,Metacarpal Bone_V02-1,25,Metacarpal Bone_V02,Metacarpal Bone_V02.SLDPRT,,printed/structural,printed,,False,False,0,False,False,False,False,,False,,-158.0327,-1.5230,-28.2541,0.761928 -0 0.647661 0 1 0 -0.647661 0 0.761928,0.761928 -0 0.647661 -158.033 0 1 0 -1.52296 -0.647661 0 0.761928 -28.2541 0 0 0 1,0 -8.02025 -10.9633 47 13 7.5,47.00 x 21.02 x 18.46,-141.2489,0.9669,-44.7935,-158.0327,28.2541,-1.5230,0.761928 -0.647661 -0 0.647661 0.761928 -0 0 -0 1,-141.2489,44.7935,0.9669,-165.133 22.5396 -9.54321 -117.365 67.0474 11.477
471,468,2,Robotic Hand_V5/Assem2^Robotic Hand_V5-1/Proximal Phalanx Bone_V02-1,Proximal Phalanx Bone_V02-1,26,Proximal Phalanx Bone_V02,Proximal Phalanx Bone_V02.SLDPRT,,printed/structural,printed,,False,False,0,False,False,False,False,,False,,-133.6510,-1.5230,-48.9792,0.761928 -0 0.647661 0 1 0 -0.647661 0 0.761928,0.761928 -0 0.647661 -133.651 0 1 0 -1.52296 -0.647661 0 0.761928 -48.9792 0 0 0 1,0 -7.5709 -7.5 56.7 13 7.5,56.70 x 20.57 x 15.00,-112.0504,1.1916,-67.3404,-133.6510,48.9792,-1.5230,0.761928 -0.647661 -0 0.647661 0.761928 -0 0 -0 1,-112.0504,67.3404,1.1916,-138.508 43.2648 -9.09386 -85.5922 91.4161 11.477
472,468,2,Robotic Hand_V5/Assem2^Robotic Hand_V5-1/third_thumb_hinge-1,third_thumb_hinge-1,27,third_thumb_hinge,third_thumb_hinge.SLDPRT,,printed/structural,printed,,False,False,0,False,False,False,False,,False,,-171.9760,-1.5230,-16.4019,-0.049367 -0.645777 0.761928 -0.997091 0.076223 0 -0.058077 -0.759712 -0.647661,-0.049367 -0.645777 0.761928 -171.976 -0.997091 0.076223 0 -1.52296 -0.058077 -0.759712 -0.647661 -16.4019 0 0 0 1,-4.85 -4.87917 0 4.85 4.87917 32,9.70 x 9.76 x 32.00,-159.7852,-1.5230,-26.7644,-171.9760,16.4019,-1.5230,-0.049367 -0.761928 -0.645777 0.058077 -0.647661 0.759712 -0.997091 -0 0.076223,-159.7852,26.7644,-1.5230,-175.366 12.4134 -6.73076 -144.204 41.1155 3.68483
473,468,2,Robotic Hand_V5/Assem2^Robotic Hand_V5-1/second_thumb_hinge-1,second_thumb_hinge-1,28,second_thumb_hinge,second_thumb_hinge.SLDPRT,,printed/structural,printed,,False,False,0,False,False,False,False,,False,,-162.0103,-1.5230,-18.6388,0.761928 0.647661 0 0 0 -1 -0.647661 0.761928 -0,0.761928 0.647661 0 -162.01 0 0 -1 -1.52296 -0.647661 0.761928 -0 -18.6388 0 0 0 1,-7.821 -21.5 -6.83314 6.8541 9 6.83314,14.68 x 30.50 x 13.67,-166.4266,-1.5230,-23.0877,-162.0103,18.6388,-1.5230,0.761928 -0 0.647661 0.647661 -0 -0.761928 0 1 0,-166.4266,23.0877,-1.5230,-181.894 6.71607 -8.3561 -150.959 39.4594 5.31017
474,468,2,Robotic Hand_V5/Assem2^Robotic Hand_V5-1/thumb_hollow_for_third_hinge-1,thumb_hollow_for_third_hinge-1,29,thumb_hollow_for_third_hinge,thumb_hollow_for_third_hinge.SLDPRT,,printed/structural,printed,,False,False,0,False,False,False,False,,False,,-155.5566,-1.5230,-36.9212,0.758459 0.072624 0.647661 -0.095316 0.995447 0 -0.644713 -0.061733 0.761928,0.758459 0.072624 0.647661 -155.557 -0.095316 0.995447 0 -1.52296 -0.644713 -0.061733 0.761928 -36.9212 0 0 0 1,-3 -3 0 3 3 10,6.00 x 6.00 x 10.00,-152.3183,-1.5230,-33.1115,-155.5566,36.9212,-1.5230,0.758459 -0.647661 0.072624 0.644713 0.761928 0.061733 -0.095316 -0 0.995447,-152.3183,33.1115,-1.5230,-158.05 27.1825 -4.79525 -146.587 39.0405 1.74933
475,468,2,Robotic Hand_V5/Assem2^Robotic Hand_V5-1/first_thumb_hinge-1,first_thumb_hinge-1,30,first_thumb_hinge,first_thumb_hinge.SLDPRT,,printed/structural,printed,,False,False,0,False,False,False,False,,False,,-169.9442,-1.5230,-27.9724,0.761928 -0.647661 -0 0 -0 1 -0.647661 -0.761928 0,0.761928 -0.647661 -0 -169.944 0 -0 1 -1.52296 -0.647661 -0.761928 0 -27.9724 0 0 0 1,-12.7848 -37.4703 -9.55691 8.5 5.88153 9.16952,21.28 x 43.35 x 18.73,-161.3471,-1.7167,-14.5507,-169.9442,27.9724,-1.5230,0.761928 0 -0.647661 0.647661 0 0.761928 0 -1 -0,-161.3471,14.5507,-1.7167,-183.495 -8.85748 -11.0799 -139.2 37.9588 7.64656
476,468,2,Robotic Hand_V5/Assem2^Robotic Hand_V5-1/Distal Phalanx Bone_V02-2,Distal Phalanx Bone_V02-2,31,Distal Phalanx Bone_V02,Distal Phalanx Bone_V02.SLDPRT,,printed/structural,printed,,False,False,0,False,False,False,False,,False,469,-73.8397,-1.5230,-99.8207,-0.761928 -0 -0.647661 -0 1 -0 0.647661 0 -0.761928,-0.761928 -0 -0.647661 -73.8397 -0 1 -0 -1.52296 0.647661 0 -0.761928 -99.8207 0 0 0 1,-3.5 -7.5 -7.5 36.8 13 7.5,40.30 x 20.50 x 15.00,-86.5258,1.2270,-89.0371,-73.8397,99.8207,-1.5230,-0.761928 0.647661 -0 -0.647661 -0.761928 -0 -0 0 1,-86.5258,89.0371,1.2270,-106.736 70.2722 -9.02296 -66.3154 107.802 11.477
477,468,2,Robotic Hand_V5/Assem2^Robotic Hand_V5-1/first_thumb_hinge-2,first_thumb_hinge-2,32,first_thumb_hinge,first_thumb_hinge.SLDPRT,,printed/structural,printed,,False,False,0,False,False,False,False,,False,475,-169.9442,-1.5230,-27.9724,0.761928 -0.647661 -0 0 -0 1 -0.647661 -0.761928 0,0.761928 -0.647661 -0 -169.944 0 -0 1 -1.52296 -0.647661 -0.761928 0 -27.9724 0 0 0 1,-12.7848 -37.4703 -9.55691 8.5 5.88153 9.16952,21.28 x 43.35 x 18.73,-161.3471,-1.7167,-14.5507,-169.9442,27.9724,-1.5230,0.761928 0 -0.647661 0.647661 0 0.761928 0 -1 -0,-161.3471,14.5507,-1.7167,-183.495 -8.85748 -11.0799 -139.2 37.9588 7.64656
478,,1,Robotic Hand_V5/first_thumb_hinge_cav-1,first_thumb_hinge_cav-1,2061,first_thumb_hinge_cav,first_thumb_hinge_cav.SLDPRT,,cut-tool (not a physical part),cut-tool,,False,False,0,False,False,True,True,No,False,,-169.7820,-1.5230,-27.7816,0.260601 -0.647661 0.715976 -0.93969 -0 0.342028 -0.221518 -0.761928 -0.608601,0.260601 -0.647661 0.715976 -169.782 -0.93969 -0 0.342028 -1.52296 -0.221518 -0.761928 -0.608601 -27.7816 0 0 0 1,-12.7848 -20 -8.5 8.5 5 8.5,21.28 x 25.00 x 17.00,-165.4829,0.4902,-21.5926,-169.7820,27.7816,-1.5230,0.260601 -0.715976 -0.647661 0.221518 -0.608601 0.761928 -0.93969 -0.342028 -0,-165.4829,21.5926,0.4902,-182.438 4.53789 -12.4176 -148.528 38.6473 13.398
479,,1,Robotic Hand_V5/Battery_case-1,Battery_case-1,2128,Battery_case,Battery_case.SLDASM,,printed/structural,sub-assembly,,False,True,14,False,False,False,False,Yes,False,,-113.7769,-44.7560,29.4837,1 0 0 0 1 0 0 0 1,1 0 0 -113.777 0 1 0 -44.756 0 0 1 29.4837 0 0 0 1,-87.8617 -29.1116 -76.2482 69.5936 49.1796 79.8262,157.46 x 78.29 x 156.07,-122.9110,-34.7220,31.2727,-113.7769,-29.4837,-44.7560,1 0 0 0 1 0 0 0 1,-122.9110,-31.2727,-34.7220,-201.639 -109.31 -73.8676 -44.1833 46.7645 4.42361
480,479,2,Robotic Hand_V5/Battery_case-1/Shell1-1,Shell1-1,28,Shell1,Shell1.SLDPRT,,printed/structural,battery-case/shell,,False,False,0,False,False,False,False,,False,,-65.7529,-3.4155,38.2265,0.130526 -0 -0.991445 0 -1 0 -0.991445 -0 -0.130526,0.130526 -0 -0.991445 -65.7529 0 -1 0 -3.41551 -0.991445 -0 -0.130526 38.2265 0 0 0 1,-70.0268 -7.83911 -12.6857 68.894 70.4521 127.839,138.92 x 78.29 x 140.52,-122.9110,-34.7220,31.2727,-65.7529,-38.2265,-3.4155,0.130526 0.991445 -0 0.991445 -0.130526 0 0 -0 -1,-122.9110,-31.2727,-34.7220,-201.639 -109.31 -73.8676 -44.1833 46.7645 4.42361
481,479,2,Robotic Hand_V5/Battery_case-1/battery_FINAL_6v_28mAh-1,battery_FINAL_6v_28mAh-1,99,battery_FINAL_6v_28mAh,battery_FINAL_6v_28mAh.SLDPRT,,battery,battery-cell,,False,False,0,False,False,False,False,,False,,-123.2997,-60.2388,31.6535,0.991105 -0.026177 -0.130481 0.025953 0.999657 -0.003417 0.130526 0 0.991445,0.991105 -0.026177 -0.130481 -123.3 0.025953 0.999657 -0.003417 -60.2388 0.130526 0 0.991445 31.6535 0 0 0 1,-35 0 -25.5 35 14.5 25.5,70.00 x 14.50 x 51.00,-123.4895,-52.9912,31.6535,-123.2997,-31.6535,-60.2388,0.991105 0.130481 -0.026177 -0.130526 0.991445 -0 0.025953 0.003417 0.999657,-123.4895,-31.6535,-52.9912,-161.695 -61.5038 -61.2342 -85.2837 -1.80326 -44.7482
482,479,2,Robotic Hand_V5/Battery_case-1/cav_battery_FINAL_6v_28mAh-1,cav_battery_FINAL_6v_28mAh-1,100,cav_battery_FINAL_6v_28mAh,cav_battery_FINAL_6v_28mAh.SLDPRT,,cut-tool (not a physical part),battery-cell,,False,False,0,False,False,False,False,,False,,-123.2932,-60.4887,31.6535,0.991105 -0.026177 -0.130481 0.025953 0.999657 -0.003417 0.130526 0 0.991445,0.991105 -0.026177 -0.130481 -123.293 0.025953 0.999657 -0.003417 -60.4887 0.130526 0 0.991445 31.6535 0 0 0 1,-35.25 -0 -25.75 35.25 15 25.75,70.50 x 15.00 x 51.50,-123.4895,-52.9912,31.6535,-123.2932,-31.6535,-60.4887,0.991105 0.130481 -0.026177 -0.130526 0.991445 -0 0.025953 0.003417 0.999657,-123.4895,-31.6535,-52.9912,-161.982 -61.7843 -61.4915 -84.9968 -1.52277 -44.491
483,479,2,Robotic Hand_V5/Battery_case-1/battery_cover_better-1,battery_cover_better-1,106,battery_cover_better,battery_cover_better.SLDPRT,,printed/structural,battery-case/shell,,False,False,0,False,False,False,False,,False,,-119.5810,-60.1414,3.3973,0.990068 -0.052336 -0.130481 0.052338 0.998624 -0.003417 0.130481 -0.003446 0.991445,0.990068 -0.052336 -0.130481 -119.581 0.052338 0.998624 -0.003417 -60.1414 0.130481 -0.003446 0.991445 3.39734 0 0 0 1,-48.1895 -2.94395 -6.69155 48.3222 16.7026 63.9209,96.51 x 19.65 x 70.61,-123.6090,-53.3658,31.7522,-119.5810,-3.3973,-60.1414,0.990068 0.130481 -0.052336 -0.130481 0.991445 0.003446 0.052338 0.003417 0.998624,-123.6090,-31.7522,-53.3658,-176.507 -73.0866 -65.8218 -70.7115 9.58232 -40.9098
484,479,2,Robotic Hand_V5/Battery_case-1/m2x5_batt_assemb-1,m2x5_batt_assemb-1,156,m2x5_batt_assemb,m2x5_batt_assemb.SLDASM,,printed/structural,sub-assembly,,False,True,6,False,False,False,False,,False,,-81.7083,-57.0434,52.3082,0.113297 -0.966233 0.231425 0.324934 -0.184083 -0.927648 0.938926 0.180298 0.293106,0.113297 -0.966233 0.231425 -81.7083 0.324934 -0.184083 -0.927648 -57.0434 0.938926 0.180298 0.293106 52.3082 0 0 0 1,-4.10703 -3.22764 -14.0728 2.64297 3.26755 4.05724,6.75 x 6.50 x 18.13,-82.9694,-52.6395,50.1567,-81.7083,-52.3082,-57.0434,0.113297 -0.231425 -0.966233 -0.938926 0.293106 -0.180298 0.324934 0.927648 -0.184083,-82.9694,-50.1567,-52.6395,-88.5876 -56.5681 -62.7431 -77.3512 -43.7452 -42.5359
485,484,3,Robotic Hand_V5/Battery_case-1/m2x5_batt_assemb-1/M2 x 0.4mm Thread 5mm LONG SOCKET HEAD CAP SCREW.step-1,M2 x 0.4mm Thread 5mm LONG SOCKET HEAD CAP SCREW.step-1,24,M2 x 0.4mm Thread 5mm LONG SOCKET HEAD CAP SCREW.step,M2 x 0.4mm Thread 5mm LONG SOCKET HEAD CAP SCREW.step.SLDPRT,M2 x 0.4mm Thread 5mm LONG SOCKET HEAD CAP SCREW.STEP,fastener,screw-M2,,False,False,0,False,False,False,False,,False,,-81.0752,-60.2323,52.5557,0.113297 -0.966233 0.231425 0.324934 -0.184083 -0.927648 0.938926 0.180298 0.293106,0.113297 -0.966233 0.231425 -81.0752 0.324934 -0.184083 -0.927648 -60.2323 0.938926 0.180298 0.293106 52.5557 0 0 0 1,-1.9 -1.9 -7.00414 1.9 1.9 2.5e-05,3.80 x 3.80 x 7.00,-81.8857,-56.9836,51.5292,-81.0752,-52.5557,-60.2323,0.113297 -0.231425 -0.966233 -0.938926 0.293106 -0.180298 0.324934 0.927648 -0.184083,-81.8857,-51.5292,-56.9836,-84.7472 -54.6823 -61.1994 -79.0241 -48.3762 -52.7678
486,484,3,Robotic Hand_V5/Battery_case-1/m2x5_batt_assemb-1/M2 x 0.4mm Thread HEX NUT.step-1,M2 x 0.4mm Thread HEX NUT.step-1,25,M2 x 0.4mm Thread HEX NUT.step,M2 x 0.4mm Thread HEX NUT.step.SLDPRT,M2 x 0.4mm Thread HEX NUT.STEP,fastener,nut-M2,,False,False,0,False,False,False,False,,False,,-81.1145,-60.0746,52.5059,-0.780134 -0.581235 0.231425 0.003047 -0.373443 -0.927648 0.625605 -0.722985 0.293106,-0.780134 -0.581235 0.231425 -81.1145 0.003047 -0.373443 -0.927648 -60.0746 0.625605 -0.722985 0.293106 52.5059 0 0 0 1,-2.3119 -2.31373 -0.804328 2.3119 2.31373 0.804602,4.62 x 4.63 x 1.61,-81.1145,-60.0748,52.5059,-81.1145,-52.5059,-60.0746,-0.780134 -0.231425 -0.581235 -0.625605 0.293106 0.722985 0.003047 0.927648 -0.373443,-81.1145,-52.5059,-60.0748,-84.4491 -55.8609 -61.6921 -77.7799 -49.151 -58.4574
487,484,3,Robotic Hand_V5/Battery_case-1/m2x5_batt_assemb-1/m2_nut_cav-1,m2_nut_cav-1,53,m2_nut_cav,m2_nut_cav.SLDPRT,,cut-tool (not a physical part),cut-tool,,False,False,0,False,False,False,False,,False,,-80.8715,-61.0487,52.8137,0.581235 -0.231425 -0.780134 0.373443 0.927648 0.003047 0.722985 -0.293106 0.625605,0.581235 -0.231425 -0.780134 -80.8715 0.373443 0.927648 0.003047 -61.0487 0.722985 -0.293106 0.625605 52.8137 0 0 0 1,-2.59808 0 -2.25 2.59808 2.1 2.25,5.20 x 2.10 x 4.50,-81.1145,-60.0746,52.5059,-80.8715,-52.8137,-61.0487,0.581235 0.780134 -0.231425 -0.722985 0.625605 0.293106 0.373443 -0.003047 0.927648,-81.1145,-52.5059,-60.0746,-84.6229 -56.0996 -62.0257 -77.6061 -48.9122 -58.1235
488,484,3,Robotic Hand_V5/Battery_case-1/m2x5_batt_assemb-1/m2_screwhead_cav-1,m2_screwhead_cav-1,57,m2_screwhead_cav,m2_screwhead_cav.SLDPRT,,cut-tool (not a physical part),cut-tool,,False,False,0,False,False,False,False,,False,,-82.7530,-53.5068,50.4307,0.113297 0.231425 0.966233 0.324934 -0.927648 0.184083 0.938926 0.293106 -0.180298,0.113297 0.231425 0.966233 -82.753 0.324934 -0.927648 0.184083 -53.5068 0.938926 0.293106 -0.180298 50.4307 0 0 0 1,-2.15 0 -2.15 2.15 2.5 2.15,4.30 x 2.50 x 4.30,-82.4638,-54.6664,50.7971,-82.7530,-50.4307,-53.5068,0.113297 -0.966233 0.231425 -0.938926 -0.180298 -0.293106 0.324934 -0.184083 -0.927648,-82.4638,-50.7971,-54.6664,-85.074 -53.5698 -56.9203 -79.8535 -48.0244 -52.4125
489,484,3,Robotic Hand_V5/Battery_case-1/m2x5_batt_assemb-1/batt_cov_hole_for_allen-1,batt_cov_hole_for_allen-1,75,batt_cov_hole_for_allen,batt_cov_hole_for_allen.SLDPRT,,cut-tool (not a physical part),cut-tool,,False,False,0,False,False,True,True,,False,,-82.7530,-53.5068,50.4307,0.113297 -0.231425 -0.966233 0.324934 0.927648 -0.184083 0.938926 -0.293106 0.180298,0.113297 -0.231425 -0.966233 -82.753 0.324934 0.927648 -0.184083 -53.5068 0.938926 -0.293106 0.180298 50.4307 0 0 0 1,-1.11603 0 -1.11603 1.11603 10 1.11603,2.23 x 10.00 x 2.23,-83.9102,-48.8686,48.9652,-82.7530,-50.4307,-53.5068,0.113297 0.966233 -0.231425 -0.938926 0.180298 0.293106 0.324934 0.184083 0.927648,-83.9102,-48.9652,-48.8686,-86.2721 -51.6798 -54.0749 -81.5482 -46.2506 -43.6623
490,484,3,Robotic Hand_V5/Battery_case-1/m2x5_batt_assemb-1/m2_hole_cav_battcover-1,m2_hole_cav_battcover-1,79,m2_hole_cav_battcover,m2_hole_cav_battcover.SLDPRT,,cut-tool (not a physical part),cut-tool,,False,False,0,False,False,False,False,,False,,-82.1970,-55.7358,51.1350,0.113297 0.231425 0.966233 0.324934 -0.927648 0.184083 0.938926 0.293106 -0.180298,0.113297 0.231425 0.966233 -82.197 0.324934 -0.927648 0.184083 -55.7358 0.938926 0.293106 -0.180298 51.135 0 0 0 1,-1.25 0 -1.25 1.25 5 1.25,2.50 x 5.00 x 2.50,-81.6184,-58.0549,51.8677,-82.1970,-51.1350,-55.7358,0.113297 -0.966233 0.231425 -0.938926 -0.180298 -0.293106 0.324934 -0.184083 -0.927648,-81.6184,-51.8677,-58.0549,-83.5464 -53.9995 -61.0103 -79.6904 -49.7359 -55.0995
491,479,2,Robotic Hand_V5/Battery_case-1/Part1^Battery_case-1,Part1^Battery_case-1,157,Part1^Battery_case,Part1^Battery_case.SLDPRT,,printed/structural,battery-case/shell,,False,False,0,False,False,False,False,,True,,-113.7769,-44.7560,29.4837,1 0 0 0 1 0 0 0 1,1 0 0 -113.777 0 1 0 -44.756 0 0 1 29.4837 0 0 0 1,,,,,,-113.7769,-29.4837,-44.7560,1 0 0 0 1 0 0 0 1,,,,
492,479,2,Robotic Hand_V5/Battery_case-1/m2x5_batt_assemb-2,m2x5_batt_assemb-2,162,m2x5_batt_assemb,m2x5_batt_assemb.SLDASM,,printed/structural,sub-assembly,,False,True,6,False,False,False,False,,False,,-103.6124,-52.9526,68.0678,0.920207 -0.382774 0.081875 0.283216 0.50669 -0.814281 0.270201 0.772496 0.574667,0.920207 -0.382774 0.081875 -103.612 0.283216 0.50669 -0.814281 -52.9526 0.270201 0.772496 0.574667 68.0678 0 0 0 1,-4.10703 -3.22764 -14.0728 2.64297 3.26755 4.05724,6.75 x 6.50 x 18.13,-104.7037,-49.0721,65.0077,-103.6124,-68.0678,-52.9526,0.920207 -0.081875 -0.382774 -0.270201 0.574667 -0.772496 0.283216 0.814281 0.50669,-104.7037,-65.0077,-49.0721,-109.795 -73.6377 -59.055 -99.6127 -56.3776 -39.0893
493,492,3,Robotic Hand_V5/Battery_case-1/m2x5_batt_assemb-2/M2 x 0.4mm Thread 5mm LONG SOCKET HEAD CAP SCREW.step-1,M2 x 0.4mm Thread 5mm LONG SOCKET HEAD CAP SCREW.step-1,24,M2 x 0.4mm Thread 5mm LONG SOCKET HEAD CAP SCREW.step,M2 x 0.4mm Thread 5mm LONG SOCKET HEAD CAP SCREW.step.SLDPRT,M2 x 0.4mm Thread 5mm LONG SOCKET HEAD CAP SCREW.STEP,fastener,screw-M2,,False,False,0,False,False,False,False,,False,,-104.0335,-55.7370,69.7113,0.920207 -0.382774 0.081875 0.283216 0.50669 -0.814281 0.270201 0.772496 0.574667,0.920207 -0.382774 0.081875 -104.034 0.283216 0.50669 -0.814281 -55.737 0.270201 0.772496 0.574667 69.7113 0 0 0 1,-1.9 -1.9 -7.00414 1.9 1.9 2.5e-05,3.80 x 3.80 x 7.00,-104.3203,-52.8853,67.6988,-104.0335,-69.7113,-55.7370,0.920207 -0.081875 -0.382774 -0.270201 0.574667 -0.772496 0.283216 0.814281 0.50669,-104.3203,-67.6988,-52.8853,-107.083 -71.6924 -57.2378 -101.558 -63.7051 -48.5328
494,492,3,Robotic Hand_V5/Battery_case-1/m2x5_batt_assemb-2/M2 x 0.4mm Thread HEX NUT.step-1,M2 x 0.4mm Thread HEX NUT.step-1,25,M2 x 0.4mm Thread HEX NUT.step,M2 x 0.4mm Thread HEX NUT.step.SLDPRT,M2 x 0.4mm Thread HEX NUT.STEP,fastener,nut-M2,,False,False,0,False,False,False,False,,False,,-104.0474,-55.5986,69.6136,0.128611 -0.988309 0.081875 0.580414 0.008073 -0.814281 0.804101 0.152247 0.574667,0.128611 -0.988309 0.081875 -104.047 0.580414 0.008073 -0.814281 -55.5986 0.804101 0.152247 0.574667 69.6136 0 0 0 1,-2.3119 -2.31373 -0.804328 2.3119 2.31373 0.804602,4.62 x 4.63 x 1.61,-104.0474,-55.5987,69.6137,-104.0474,-69.6136,-55.5986,0.128611 -0.081875 -0.988309 -0.804101 0.574667 -0.152247 0.580414 0.814281 0.008073,-104.0474,-69.6137,-55.5987,-106.697 -72.2873 -57.6143 -101.398 -66.9402 -53.5831
495,492,3,Robotic Hand_V5/Battery_case-1/m2x5_batt_assemb-2/m2_nut_cav-1,m2_nut_cav-1,53,m2_nut_cav,m2_nut_cav.SLDPRT,,cut-tool (not a physical part),cut-tool,,False,False,0,False,False,False,False,,False,,-103.9615,-56.4536,70.2170,0.988309 -0.081875 0.128611 -0.008073 0.814281 0.580414 -0.152247 -0.574667 0.804101,0.988309 -0.081875 0.128611 -103.961 -0.008073 0.814281 0.580414 -56.4536 -0.152247 -0.574667 0.804101 70.217 0 0 0 1,-2.59808 0 -2.25 2.59808 2.1 2.25,5.20 x 2.10 x 4.50,-104.0474,-55.5986,69.6136,-103.9615,-70.2170,-56.4536,0.988309 -0.128611 -0.081875 0.152247 0.804101 0.574667 -0.008073 -0.580414 0.814281,-104.0474,-69.6136,-55.5986,-106.99 -72.4218 -57.7805 -101.104 -66.8055 -53.4167
496,492,3,Robotic Hand_V5/Battery_case-1/m2x5_batt_assemb-2/m2_screwhead_cav-1,m2_screwhead_cav-1,57,m2_screwhead_cav,m2_screwhead_cav.SLDPRT,,cut-tool (not a physical part),cut-tool,,False,False,0,False,False,False,False,,False,,-104.6271,-49.8335,65.5450,0.920207 0.081875 0.382774 0.283216 -0.814281 -0.50669 0.270201 0.574667 -0.772496,0.920207 0.081875 0.382774 -104.627 0.283216 -0.814281 -0.50669 -49.8335 0.270201 0.574667 -0.772496 65.545 0 0 0 1,-2.15 0 -2.15 2.15 2.5 2.15,4.30 x 2.50 x 4.30,-104.5248,-50.8513,66.2633,-104.6271,-65.5450,-49.8335,0.920207 -0.382774 0.081875 -0.270201 -0.772496 -0.574667 0.283216 0.50669 -0.814281,-104.5248,-66.2633,-50.8513,-107.429 -69.2234 -53.5675 -101.621 -63.3032 -48.1352
497,492,3,Robotic Hand_V5/Battery_case-1/m2x5_batt_assemb-2/batt_cov_hole_for_allen-1,batt_cov_hole_for_allen-1,75,batt_cov_hole_for_allen,batt_cov_hole_for_allen.SLDPRT,,cut-tool (not a physical part),cut-tool,,False,False,0,False,False,True,True,,False,,-104.6271,-49.8335,65.5450,0.920207 -0.081875 -0.382774 0.283216 0.814281 0.50669 0.270201 -0.574667 0.772496,0.920207 -0.081875 -0.382774 -104.627 0.283216 0.814281 0.50669 -49.8335 0.270201 -0.574667 0.772496 65.545 0 0 0 1,-1.11603 0 -1.11603 1.11603 10 1.11603,2.23 x 10.00 x 2.23,-105.0365,-45.7620,62.6716,-104.6271,-65.5450,-49.8335,0.920207 0.382774 -0.081875 -0.270201 0.772496 0.574667 0.283216 -0.50669 0.814281,-105.0365,-62.6716,-45.7620,-106.9 -66.7086 -50.715 -103.173 -58.6346 -40.8091
498,492,3,Robotic Hand_V5/Battery_case-1/m2x5_batt_assemb-2/m2_hole_cav_battcover-1,m2_hole_cav_battcover-1,79,m2_hole_cav_battcover,m2_hole_cav_battcover.SLDPRT,,cut-tool (not a physical part),cut-tool,,False,False,0,False,False,False,False,,False,,-104.4304,-51.7900,66.9258,0.920207 0.081875 0.382774 0.283216 -0.814281 -0.50669 0.270201 0.574667 -0.772496,0.920207 0.081875 0.382774 -104.43 0.283216 -0.814281 -0.50669 -51.79 0.270201 0.574667 -0.772496 66.9258 0 0 0 1,-1.25 0 -1.25 1.25 5 1.25,2.50 x 5.00 x 2.50,-104.2257,-53.8257,68.3624,-104.4304,-66.9258,-51.7900,0.920207 -0.382774 0.081875 -0.270201 -0.772496 -0.574667 0.283216 0.50669 -0.814281,-104.2257,-68.3624,-53.8257,-106.059 -71.1025 -56.8488 -102.392 -65.6224 -50.8026
499,479,2,Robotic Hand_V5/Battery_case-1/m2x5_batt_assemb-3,m2x5_batt_assemb-3,167,m2x5_batt_assemb,m2x5_batt_assemb.SLDASM,,printed/structural,sub-assembly,,False,True,6,False,False,False,False,,False,,-152.0802,-54.2012,61.7176,-0.972091 -0.143281 -0.185769 0.233664 -0.520465 -0.82129 0.020989 -0.841776 0.539419,-0.972091 -0.143281 -0.185769 -152.08 0.233664 -0.520465 -0.82129 -54.2012 0.020989 -0.841776 0.539419 61.7176 0 0 0 1,-4.10703 -3.22764 -14.0728 2.64297 3.26755 4.05724,6.75 x 6.50 x 18.13,-150.4412,-50.2698,58.9841,-152.0802,-61.7176,-54.2012,-0.972091 0.185769 -0.143281 -0.020989 0.539419 0.841776 0.233664 0.82129 -0.520465,-150.4412,-58.9841,-50.2698,-155.871 -66.6786 -60.1937 -145.011 -51.2897 -40.3459
500,499,3,Robotic Hand_V5/Battery_case-1/m2x5_batt_assemb-3/M2 x 0.4mm Thread 5mm LONG SOCKET HEAD CAP SCREW.step-1,M2 x 0.4mm Thread 5mm LONG SOCKET HEAD CAP SCREW.step-1,24,M2 x 0.4mm Thread 5mm LONG SOCKET HEAD CAP SCREW.step,M2 x 0.4mm Thread 5mm LONG SOCKET HEAD CAP SCREW.step.SLDPRT,M2 x 0.4mm Thread 5mm LONG SOCKET HEAD CAP SCREW.STEP,fastener,screw-M2,,False,False,0,False,False,False,False,,False,,-151.9617,-56.9920,63.3993,-0.972091 -0.143281 -0.185769 0.233664 -0.520465 -0.82129 0.020989 -0.841776 0.539419,-0.972091 -0.143281 -0.185769 -151.962 0.233664 -0.520465 -0.82129 -56.992 0.020989 -0.841776 0.539419 63.3993 0 0 0 1,-1.9 -1.9 -7.00414 1.9 1.9 2.5e-05,3.80 x 3.80 x 7.00,-151.3111,-54.1158,61.5102,-151.9617,-63.3993,-56.9920,-0.972091 0.185769 -0.143281 -0.020989 0.539419 0.841776 0.233664 0.82129 -0.520465,-151.3111,-61.5102,-54.1158,-154.081 -65.0385 -58.4249 -148.541 -57.9819 -49.8068
501,499,3,Robotic Hand_V5/Battery_case-1/m2x5_batt_assemb-3/M2 x 0.4mm Thread HEX NUT.step-1,M2 x 0.4mm Thread HEX NUT.step-1,25,M2 x 0.4mm Thread HEX NUT.step,M2 x 0.4mm Thread HEX NUT.step.SLDPRT,M2 x 0.4mm Thread HEX NUT.STEP,fastener,nut-M2,,False,False,0,False,False,False,False,,False,,-151.9301,-56.8524,63.3076,-0.610131 0.770215 -0.185769 -0.333904 -0.462592 -0.82129 -0.718504 -0.439065 0.539419,-0.610131 0.770215 -0.185769 -151.93 -0.333904 -0.462592 -0.82129 -56.8524 -0.718504 -0.439065 0.539419 63.3076 0 0 0 1,-2.3119 -2.31373 -0.804328 2.3119 2.31373 0.804602,4.62 x 4.63 x 1.61,-151.9302,-56.8526,63.3077,-151.9301,-63.3076,-56.8524,-0.610131 0.185769 0.770215 0.718504 0.539419 0.439065 -0.333904 0.82129 -0.462592,-151.9302,-63.3077,-56.8526,-155.272 -66.4186 -59.3555 -148.588 -60.1967 -54.3496
502,499,3,Robotic Hand_V5/Battery_case-1/m2x5_batt_assemb-3/m2_nut_cav-1,m2_nut_cav-1,53,m2_nut_cav,m2_nut_cav.SLDPRT,,cut-tool (not a physical part),cut-tool,,False,False,0,False,False,False,False,,False,,-152.1252,-57.7148,63.8740,-0.770215 0.185769 -0.610131 0.462592 0.82129 -0.333904 0.439065 -0.539419 -0.718504,-0.770215 0.185769 -0.610131 -152.125 0.462592 0.82129 -0.333904 -57.7148 0.439065 -0.539419 -0.718504 63.874 0 0 0 1,-2.59808 0 -2.25 2.59808 2.1 2.25,5.20 x 2.10 x 4.50,-151.9301,-56.8524,63.3076,-152.1252,-63.8740,-57.7148,-0.770215 0.610131 0.185769 -0.439065 -0.718504 0.539419 0.462592 0.333904 0.82129,-151.9301,-63.3076,-56.8524,-155.499 -66.6313 -59.6679 -148.361 -59.9838 -54.037
503,499,3,Robotic Hand_V5/Battery_case-1/m2x5_batt_assemb-3/m2_screwhead_cav-1,m2_screwhead_cav-1,57,m2_screwhead_cav,m2_screwhead_cav.SLDPRT,,cut-tool (not a physical part),cut-tool,,False,False,0,False,False,False,False,,False,,-150.6149,-51.0377,59.4885,-0.972091 -0.185769 0.143281 0.233664 -0.82129 0.520465 0.020989 0.539419 0.841776,-0.972091 -0.185769 0.143281 -150.615 0.233664 -0.82129 0.520465 -51.0377 0.020989 0.539419 0.841776 59.4885 0 0 0 1,-2.15 0 -2.15 2.15 2.5 2.15,4.30 x 2.50 x 4.30,-150.8471,-52.0643,60.1628,-150.6149,-59.4885,-51.0377,-0.972091 -0.143281 -0.185769 -0.020989 0.841776 -0.539419 0.233664 -0.520465 -0.82129,-150.8471,-60.1628,-52.0643,-153.477 -62.692 -54.7123 -148.217 -57.6335 -49.4163
504,499,3,Robotic Hand_V5/Battery_case-1/m2x5_batt_assemb-3/batt_cov_hole_for_allen-1,batt_cov_hole_for_allen-1,75,batt_cov_hole_for_allen,batt_cov_hole_for_allen.SLDPRT,,cut-tool (not a physical part),cut-tool,,False,False,0,False,False,True,True,,False,,-150.6149,-51.0377,59.4885,-0.972091 0.185769 -0.143281 0.233664 0.82129 -0.520465 0.020989 -0.539419 -0.841776,-0.972091 0.185769 -0.143281 -150.615 0.233664 0.82129 -0.520465 -51.0377 0.020989 -0.539419 -0.841776 59.4885 0 0 0 1,-1.11603 0 -1.11603 1.11603 10 1.11603,2.23 x 10.00 x 2.23,-149.6861,-46.9312,56.7914,-150.6149,-59.4885,-51.0377,-0.972091 0.143281 0.185769 -0.020989 -0.841776 0.539419 0.233664 0.520465 0.82129,-149.6861,-56.7914,-46.9312,-151.86 -60.4514 -51.8793 -147.512 -53.1314 -41.9832
505,499,3,Robotic Hand_V5/Battery_case-1/m2x5_batt_assemb-3/m2_hole_cav_battcover-1,m2_hole_cav_battcover-1,79,m2_hole_cav_battcover,m2_hole_cav_battcover.SLDPRT,,cut-tool (not a physical part),cut-tool,,False,False,0,False,False,False,False,,False,,-151.0613,-53.0111,60.7846,-0.972091 -0.185769 0.143281 0.233664 -0.82129 0.520465 0.020989 0.539419 0.841776,-0.972091 -0.185769 0.143281 -151.061 0.233664 -0.82129 0.520465 -53.0111 0.020989 0.539419 0.841776 60.7846 0 0 0 1,-1.25 0 -1.25 1.25 5 1.25,2.50 x 5.00 x 2.50,-151.5257,-55.0643,62.1331,-151.0613,-60.7846,-53.0111,-0.972091 -0.143281 -0.185769 -0.020989 0.841776 -0.539419 0.233664 -0.520465 -0.82129,-151.5257,-62.1331,-55.0643,-153.384 -64.5601 -58.0602 -149.667 -59.7061 -52.0684
506,479,2,Robotic Hand_V5/Battery_case-1/m2x5_batt_assemb-4,m2x5_batt_assemb-4,168,m2x5_batt_assemb,m2x5_batt_assemb.SLDASM,,printed/structural,sub-assembly,,False,True,6,False,False,False,False,,False,,-168.3861,-59.7846,39.5401,0.368929 0.894829 -0.251341 -0.312307 -0.135349 -0.94029 -0.875418 0.425395 0.229527,0.368929 0.894829 -0.251341 -168.386 -0.312307 -0.135349 -0.94029 -59.7846 -0.875418 0.425395 0.229527 39.5401 0 0 0 1,-4.10703 -3.22764 -14.0728 2.64297 3.26755 4.05724,6.75 x 6.50 x 18.13,-167.3797,-54.8499,39.0400,-168.3861,-39.5401,-59.7846,0.368929 0.251341 0.894829 0.875418 0.229527 -0.425395 -0.312307 0.94029 -0.135349,-167.3797,-39.0400,-54.8499,-173.809 -45.4567 -64.8672 -160.95 -32.6233 -44.8325
507,506,3,Robotic Hand_V5/Battery_case-1/m2x5_batt_assemb-4/M2 x 0.4mm Thread 5mm LONG SOCKET HEAD CAP SCREW.step-1,M2 x 0.4mm Thread 5mm LONG SOCKET HEAD CAP SCREW.step-1,24,M2 x 0.4mm Thread 5mm LONG SOCKET HEAD CAP SCREW.step,M2 x 0.4mm Thread 5mm LONG SOCKET HEAD CAP SCREW.step.SLDPRT,M2 x 0.4mm Thread 5mm LONG SOCKET HEAD CAP SCREW.STEP,fastener,screw-M2,,False,False,0,False,False,False,False,,False,,-169.4369,-62.5461,40.9187,0.368929 0.894829 -0.251341 -0.312307 -0.135349 -0.94029 -0.875418 0.425395 0.229527,0.368929 0.894829 -0.251341 -169.437 -0.312307 -0.135349 -0.94029 -62.5461 -0.875418 0.425395 0.229527 40.9187 0 0 0 1,-1.9 -1.9 -7.00414 1.9 1.9 2.5e-05,3.80 x 3.80 x 7.00,-168.5567,-59.2532,40.1149,-169.4369,-40.9187,-62.5461,0.368929 0.251341 0.894829 0.875418 0.229527 -0.425395 -0.312307 0.94029 -0.135349,-168.5567,-40.1149,-59.2532,-171.838 -43.3902 -63.3967 -165.275 -36.8395 -55.1097
508,506,3,Robotic Hand_V5/Battery_case-1/m2x5_batt_assemb-4/M2 x 0.4mm Thread HEX NUT.step-1,M2 x 0.4mm Thread HEX NUT.step-1,25,M2 x 0.4mm Thread HEX NUT.step,M2 x 0.4mm Thread HEX NUT.step.SLDPRT,M2 x 0.4mm Thread HEX NUT.STEP,fastener,nut-M2,,False,False,0,False,False,False,False,,False,,-169.3942,-62.3863,40.8797,0.959409 0.127913 -0.251341 -0.273369 0.202791 -0.94029 -0.069306 0.970832 0.229527,0.959409 0.127913 -0.251341 -169.394 -0.273369 0.202791 -0.94029 -62.3863 -0.069306 0.970832 0.229527 40.8797 0 0 0 1,-2.3119 -2.31373 -0.804328 2.3119 2.31373 0.804602,4.62 x 4.63 x 1.61,-169.3942,-62.3864,40.8797,-169.3942,-40.8797,-62.3863,0.959409 0.251341 0.127913 0.069306 0.229527 -0.970832 -0.273369 0.94029 0.202791,-169.3942,-40.8797,-62.3864,-172.11 -43.4708 -64.2441 -166.678 -38.2886 -60.5288
509,506,3,Robotic Hand_V5/Battery_case-1/m2x5_batt_assemb-4/m2_nut_cav-1,m2_nut_cav-1,53,m2_nut_cav,m2_nut_cav.SLDPRT,,cut-tool (not a physical part),cut-tool,,False,False,0,False,False,False,False,,False,,-169.6581,-63.3736,41.1207,-0.127913 0.251341 0.959409 -0.202791 0.94029 -0.273369 -0.970832 -0.229527 -0.069306,-0.127913 0.251341 0.959409 -169.658 -0.202791 0.94029 -0.273369 -63.3736 -0.970832 -0.229527 -0.069306 41.1207 0 0 0 1,-2.59808 0 -2.25 2.59808 2.1 2.25,5.20 x 2.10 x 4.50,-169.3942,-62.3863,40.8797,-169.6581,-41.1207,-63.3736,-0.127913 -0.959409 0.251341 0.970832 -0.069306 0.229527 -0.202791 0.273369 0.94029,-169.3942,-40.8797,-62.3863,-172.149 -43.7989 -64.5156 -166.639 -37.9605 -60.2571
510,506,3,Robotic Hand_V5/Battery_case-1/m2x5_batt_assemb-4/m2_screwhead_cav-1,m2_screwhead_cav-1,57,m2_screwhead_cav,m2_screwhead_cav.SLDPRT,,cut-tool (not a physical part),cut-tool,,False,False,0,False,False,False,False,,False,,-167.6147,-55.7290,39.2546,0.368929 -0.251341 -0.894829 -0.312307 -0.94029 0.135349 -0.875418 0.229527 -0.425395,0.368929 -0.251341 -0.894829 -167.615 -0.312307 -0.94029 0.135349 -55.729 -0.875418 0.229527 -0.425395 39.2546 0 0 0 1,-2.15 0 -2.15 2.15 2.5 2.15,4.30 x 2.50 x 4.30,-167.9289,-56.9044,39.5415,-167.6147,-39.2546,-55.7290,0.368929 0.894829 -0.251341 0.875418 -0.425395 -0.229527 -0.312307 -0.135349 -0.94029,-167.9289,-39.5415,-56.9044,-170.96 -42.6252 -59.0422 -164.898 -36.4579 -54.7666
511,506,3,Robotic Hand_V5/Battery_case-1/m2x5_batt_assemb-4/batt_cov_hole_for_allen-1,batt_cov_hole_for_allen-1,75,batt_cov_hole_for_allen,batt_cov_hole_for_allen.SLDPRT,,cut-tool (not a physical part),cut-tool,,False,False,0,False,False,True,True,,False,,-167.6147,-55.7290,39.2546,0.368929 0.251341 0.894829 -0.312307 0.94029 -0.135349 -0.875418 -0.229527 0.425395,0.368929 0.251341 0.894829 -167.615 -0.312307 0.94029 -0.135349 -55.729 -0.875418 -0.229527 0.425395 39.2546 0 0 0 1,-1.11603 0 -1.11603 1.11603 10 1.11603,2.23 x 10.00 x 2.23,-166.3580,-51.0276,38.1070,-167.6147,-39.2546,-55.7290,0.368929 -0.894829 0.251341 0.875418 0.425395 0.229527 -0.312307 0.135349 0.94029,-166.3580,-38.1070,-51.0276,-169.025 -40.7064 -56.2286 -163.691 -35.5076 -45.8265
512,506,3,Robotic Hand_V5/Battery_case-1/m2x5_batt_assemb-4/m2_hole_cav_battcover-1,m2_hole_cav_battcover-1,79,m2_hole_cav_battcover,m2_hole_cav_battcover.SLDPRT,,cut-tool (not a physical part),cut-tool,,False,False,0,False,False,False,False,,False,,-168.2186,-57.9883,39.8061,0.368929 -0.251341 -0.894829 -0.312307 -0.94029 0.135349 -0.875418 0.229527 -0.425395,0.368929 -0.251341 -0.894829 -168.219 -0.312307 -0.94029 0.135349 -57.9883 -0.875418 0.229527 -0.425395 39.8061 0 0 0 1,-1.25 0 -1.25 1.25 5 1.25,2.50 x 5.00 x 2.50,-168.8470,-60.3391,40.3799,-168.2186,-39.8061,-57.9883,0.368929 0.894829 -0.251341 0.875418 -0.425395 -0.229527 -0.312307 -0.135349 -0.94029,-168.8470,-40.3799,-60.3391,-171.055 -42.5798 -63.2494 -166.639 -38.1801 -57.4288
513,479,2,Robotic Hand_V5/Battery_case-1/m2x5_batt_assemb-5,m2x5_batt_assemb-5,170,m2x5_batt_assemb,m2x5_batt_assemb.SLDASM,,printed/structural,sub-assembly,,False,True,6,False,False,False,False,,False,,-94.9268,-52.7046,1.9860,0.95853 0.170324 0.228497 0.284219 -0.512253 -0.810442 -0.020989 0.841776 -0.539419,0.95853 0.170324 0.228497 -94.9268 0.284219 -0.512253 -0.810442 -52.7046 -0.020989 0.841776 -0.539419 1.98602 0 0 0 1,-4.10703 -3.22764 -14.0728 2.64297 3.26755 4.05724,6.75 x 6.50 x 18.13,-96.7693,-48.8643,4.7195,-94.9268,-1.9860,-52.7046,0.95853 -0.228497 0.170324 0.020989 -0.539419 -0.841776 0.284219 0.810442 -0.512253,-96.7693,-4.7195,-48.8643,-102.629 -12.4139 -58.8338 -90.9098 2.97495 -38.8948
514,513,3,Robotic Hand_V5/Battery_case-1/m2x5_batt_assemb-5/M2 x 0.4mm Thread 5mm LONG SOCKET HEAD CAP SCREW.step-1,M2 x 0.4mm Thread 5mm LONG SOCKET HEAD CAP SCREW.step-1,24,M2 x 0.4mm Thread 5mm LONG SOCKET HEAD CAP SCREW.step,M2 x 0.4mm Thread 5mm LONG SOCKET HEAD CAP SCREW.step.SLDPRT,M2 x 0.4mm Thread 5mm LONG SOCKET HEAD CAP SCREW.STEP,fastener,screw-M2,,False,False,0,False,False,False,False,,False,,-94.8991,-55.4978,0.3043,0.95853 0.170324 0.228497 0.284219 -0.512253 -0.810442 -0.020989 0.841776 -0.539419,0.95853 0.170324 0.228497 -94.8991 0.284219 -0.512253 -0.810442 -55.4978 -0.020989 0.841776 -0.539419 0.304347 0 0 0 1,-1.9 -1.9 -7.00414 1.9 1.9 2.5e-05,3.80 x 3.80 x 7.00,-95.6993,-52.6596,2.1934,-94.8991,-0.3043,-55.4978,0.95853 -0.228497 0.170324 0.020989 -0.539419 -0.841776 0.284219 0.810442 -0.512253,-95.6993,-2.1934,-52.6596,-98.6443 -5.72177 -57.0111 -92.7542 1.33492 -48.3081
515,513,3,Robotic Hand_V5/Battery_case-1/m2x5_batt_assemb-5/M2 x 0.4mm Thread HEX NUT.step-1,M2 x 0.4mm Thread HEX NUT.step-1,25,M2 x 0.4mm Thread HEX NUT.step,M2 x 0.4mm Thread HEX NUT.step.SLDPRT,M2 x 0.4mm Thread HEX NUT.STEP,fastener,nut-M2,,False,False,0,False,False,False,False,,False,,-94.9379,-55.3601,0.3960,0.62677 -0.744949 0.228497 -0.301515 -0.502268 -0.810442 0.718504 0.439065 -0.539419,0.62677 -0.744949 0.228497 -94.9379 -0.301515 -0.502268 -0.810442 -55.3601 0.718504 0.439065 -0.539419 0.396027 0 0 0 1,-2.3119 -2.31373 -0.804328 2.3119 2.31373 0.804602,4.62 x 4.63 x 1.61,-94.9379,-55.3602,0.3960,-94.9379,-0.3960,-55.3601,0.62677 -0.228497 -0.744949 -0.718504 -0.539419 -0.439065 -0.301515 0.810442 -0.502268,-94.9379,-0.3960,-55.3602,-98.2943 -3.50689 -57.8713 -91.5814 2.71498 -52.849
516,513,3,Robotic Hand_V5/Battery_case-1/m2x5_batt_assemb-5/m2_nut_cav-1,m2_nut_cav-1,53,m2_nut_cav,m2_nut_cav.SLDPRT,,cut-tool (not a physical part),cut-tool,,False,False,0,False,False,False,False,,False,,-94.6980,-56.2110,-0.1704,0.744949 -0.228497 0.62677 0.502268 0.810442 -0.301515 -0.439065 0.539419 0.718504,0.744949 -0.228497 0.62677 -94.698 0.502268 0.810442 -0.301515 -56.211 -0.439065 0.539419 0.718504 -0.170363 0 0 0 1,-2.59808 0 -2.25 2.59808 2.1 2.25,5.20 x 2.10 x 4.50,-94.9379,-55.3601,0.3960,-94.6980,0.1704,-56.2110,0.744949 -0.62677 -0.228497 0.439065 0.718504 -0.539419 0.502268 0.301515 0.810442,-94.9379,-0.3960,-55.3601,-98.5235 -3.71978 -58.1944 -91.3523 2.92772 -52.5258
517,513,3,Robotic Hand_V5/Battery_case-1/m2x5_batt_assemb-5/m2_screwhead_cav-1,m2_screwhead_cav-1,57,m2_screwhead_cav,m2_screwhead_cav.SLDPRT,,cut-tool (not a physical part),cut-tool,,False,False,0,False,False,False,False,,False,,-96.5557,-49.6221,4.2151,0.95853 0.228497 -0.170324 0.284219 -0.810442 0.512253 -0.020989 -0.539419 -0.841776,0.95853 0.228497 -0.170324 -96.5557 0.284219 -0.810442 0.512253 -49.6221 -0.020989 -0.539419 -0.841776 4.21514 0 0 0 1,-2.15 0 -2.15 2.15 2.5 2.15,4.30 x 2.50 x 4.30,-96.2700,-50.6351,3.5409,-96.5557,-4.2151,-49.6221,0.95853 0.170324 0.228497 0.020989 -0.841776 0.539419 0.284219 -0.512253 -0.810442,-96.2700,-3.5409,-50.6351,-98.9827 -6.07008 -53.3606 -93.5574 -1.01164 -47.9097
518,513,3,Robotic Hand_V5/Battery_case-1/m2x5_batt_assemb-5/batt_cov_hole_for_allen-1,batt_cov_hole_for_allen-1,75,batt_cov_hole_for_allen,batt_cov_hole_for_allen.SLDPRT,,cut-tool (not a physical part),cut-tool,,False,False,0,False,False,True,True,,False,,-96.5557,-49.6221,4.2151,0.95853 -0.228497 0.170324 0.284219 0.810442 -0.512253 -0.020989 0.539419 0.841776,0.95853 -0.228497 0.170324 -96.5557 0.284219 0.810442 -0.512253 -49.6221 -0.020989 0.539419 0.841776 4.21514 0 0 0 1,-1.11603 0 -1.11603 1.11603 10 1.11603,2.23 x 10.00 x 2.23,-97.6982,-45.5699,6.9122,-96.5557,-4.2151,-49.6221,0.95853 -0.170324 -0.228497 0.020989 0.841776 -0.539419 0.284219 0.512253 0.810442,-97.6982,-6.9122,-45.5699,-100.1 -10.5722 -50.511 -95.2958 -3.25227 -40.6288
519,513,3,Robotic Hand_V5/Battery_case-1/m2x5_batt_assemb-5/m2_hole_cav_battcover-1,m2_hole_cav_battcover-1,79,m2_hole_cav_battcover,m2_hole_cav_battcover.SLDPRT,,cut-tool (not a physical part),cut-tool,,False,False,0,False,False,False,False,,False,,-96.0066,-51.5694,2.9190,0.95853 0.228497 -0.170324 0.284219 -0.810442 0.512253 -0.020989 -0.539419 -0.841776,0.95853 0.228497 -0.170324 -96.0066 0.284219 -0.810442 0.512253 -51.5694 -0.020989 -0.539419 -0.841776 2.91903 0 0 0 1,-1.25 0 -1.25 1.25 5 1.25,2.50 x 5.00 x 2.50,-95.4354,-53.5955,1.5705,-96.0066,-2.9190,-51.5694,0.95853 0.170324 0.228497 0.020989 -0.841776 0.539419 0.284219 -0.512253 -0.810442,-95.4354,-1.5705,-53.5955,-97.4177 -3.99749 -56.6172 -93.4531 0.856523 -50.5738
520,479,2,Robotic Hand_V5/Battery_case-1/m2x5_batt_assemb-6,m2x5_batt_assemb-6,171,m2x5_batt_assemb,m2x5_batt_assemb.SLDASM,,printed/structural,sub-assembly,,False,True,6,False,False,False,False,,False,,-78.3510,-57.4269,24.1635,-0.352078 -0.886519 0.300207 -0.331187 -0.181995 -0.925847 0.875418 -0.425395 -0.229527,-0.352078 -0.886519 0.300207 -78.351 -0.331187 -0.181995 -0.925847 -57.4269 0.875418 -0.425395 -0.229527 24.1635 0 0 0 1,-4.10703 -3.22764 -14.0728 2.64297 3.26755 4.05724,6.75 x 6.50 x 18.13,-79.6143,-52.5517,24.6636,-78.3510,-24.1635,-57.4269,-0.352078 -0.300207 -0.886519 -0.875418 -0.229527 0.425395 -0.331187 0.925847 -0.181995,-79.6143,-24.6636,-52.5517,-86.403 -31.0803 -62.6533 -72.8256 -18.2469 -42.45
521,520,3,Robotic Hand_V5/Battery_case-1/m2x5_batt_assemb-6/M2 x 0.4mm Thread 5mm LONG SOCKET HEAD CAP SCREW.step-1,M2 x 0.4mm Thread 5mm LONG SOCKET HEAD CAP SCREW.step-1,24,M2 x 0.4mm Thread 5mm LONG SOCKET HEAD CAP SCREW.step,M2 x 0.4mm Thread 5mm LONG SOCKET HEAD CAP SCREW.step.SLDPRT,M2 x 0.4mm Thread 5mm LONG SOCKET HEAD CAP SCREW.STEP,fastener,screw-M2,,False,False,0,False,False,False,False,,False,,-77.1571,-60.1297,22.7849,-0.352078 -0.886519 0.300207 -0.331187 -0.181995 -0.925847 0.875418 -0.425395 -0.229527,-0.352078 -0.886519 0.300207 -77.1571 -0.331187 -0.181995 -0.925847 -60.1297 0.875418 -0.425395 -0.229527 22.7849 0 0 0 1,-1.9 -1.9 -7.00414 1.9 1.9 2.5e-05,3.80 x 3.80 x 7.00,-78.2085,-56.8873,23.5887,-77.1571,-22.7849,-60.1297,-0.352078 -0.300207 -0.886519 -0.875418 -0.229527 0.425395 -0.331187 0.925847 -0.181995,-78.2085,-23.5887,-56.8873,-81.6132 -26.8641 -61.1048 -74.8038 -20.3134 -52.6699
522,520,3,Robotic Hand_V5/Battery_case-1/m2x5_batt_assemb-6/M2 x 0.4mm Thread HEX NUT.step-1,M2 x 0.4mm Thread HEX NUT.step-1,25,M2 x 0.4mm Thread HEX NUT.step,M2 x 0.4mm Thread HEX NUT.step.SLDPRT,M2 x 0.4mm Thread HEX NUT.STEP,fastener,nut-M2,,False,False,0,False,False,False,False,,False,,-77.2082,-59.9723,22.8239,-0.943787 -0.138351 0.300207 -0.323206 0.195819 -0.925847 0.069306 -0.970832 -0.229527,-0.943787 -0.138351 0.300207 -77.2082 -0.323206 0.195819 -0.925847 -59.9723 0.069306 -0.970832 -0.229527 22.8239 0 0 0 1,-2.3119 -2.31373 -0.804328 2.3119 2.31373 0.804602,4.62 x 4.63 x 1.61,-77.2081,-59.9725,22.8239,-77.2082,-22.8239,-59.9723,-0.943787 -0.300207 -0.138351 -0.069306 -0.229527 0.970832 -0.323206 0.925847 0.195819,-77.2081,-22.8239,-59.9725,-79.9517 -25.415 -61.9176 -74.4646 -20.2328 -58.0274
523,520,3,Robotic Hand_V5/Battery_case-1/m2x5_batt_assemb-6/m2_nut_cav-1,m2_nut_cav-1,53,m2_nut_cav,m2_nut_cav.SLDPRT,,cut-tool (not a physical part),cut-tool,,False,False,0,False,False,False,False,,False,,-76.8929,-60.9445,22.5829,0.138351 -0.300207 -0.943787 -0.195819 0.925847 -0.323206 0.970832 0.229527 0.069306,0.138351 -0.300207 -0.943787 -76.8929 -0.195819 0.925847 -0.323206 -60.9445 0.970832 0.229527 0.069306 22.5829 0 0 0 1,-2.59808 0 -2.25 2.59808 2.1 2.25,5.20 x 2.10 x 4.50,-77.2082,-59.9723,22.8239,-76.8929,-22.5829,-60.9445,0.138351 0.943787 -0.300207 -0.970832 0.069306 -0.229527 -0.195819 0.323206 0.925847,-77.2082,-22.8239,-59.9723,-80.0064 -25.7432 -62.1804 -74.41 -19.9047 -57.7642
524,520,3,Robotic Hand_V5/Battery_case-1/m2x5_batt_assemb-6/m2_screwhead_cav-1,m2_screwhead_cav-1,57,m2_screwhead_cav,m2_screwhead_cav.SLDPRT,,cut-tool (not a physical part),cut-tool,,False,False,0,False,False,False,False,,False,,-79.3336,-53.4173,24.4490,-0.352078 0.300207 0.886519 -0.331187 -0.925847 0.181995 0.875418 -0.229527 0.425395,-0.352078 0.300207 0.886519 -79.3336 -0.331187 -0.925847 0.181995 -53.4173 0.875418 -0.229527 0.425395 24.449 0 0 0 1,-2.15 0 -2.15 2.15 2.5 2.15,4.30 x 2.50 x 4.30,-78.9584,-54.5746,24.1621,-79.3336,-24.4490,-53.4173,-0.352078 -0.886519 0.300207 -0.875418 0.425395 0.229527 -0.331187 -0.181995 -0.925847,-78.9584,-24.1621,-54.5746,-81.9966 -27.2457 -56.8353 -75.9201 -21.0784 -52.314
525,520,3,Robotic Hand_V5/Battery_case-1/m2x5_batt_assemb-6/batt_cov_hole_for_allen-1,batt_cov_hole_for_allen-1,75,batt_cov_hole_for_allen,batt_cov_hole_for_allen.SLDPRT,,cut-tool (not a physical part),cut-tool,,False,False,0,False,False,True,True,,False,,-79.3336,-53.4173,24.4490,-0.352078 -0.300207 -0.886519 -0.331187 0.925847 -0.181995 0.875418 0.229527 -0.425395,-0.352078 -0.300207 -0.886519 -79.3336 -0.331187 0.925847 -0.181995 -53.4173 0.875418 0.229527 -0.425395 24.449 0 0 0 1,-1.11603 0 -1.11603 1.11603 10 1.11603,2.23 x 10.00 x 2.23,-80.8347,-48.7881,25.5966,-79.3336,-24.4490,-53.4173,-0.352078 0.886519 -0.300207 -0.875418 -0.425395 -0.229527 -0.331187 0.181995 0.925847,-80.8347,-25.5966,-48.7881,-83.718 -28.196 -53.99 -77.9513 -22.9973 -43.5861
526,520,3,Robotic Hand_V5/Battery_case-1/m2x5_batt_assemb-6/m2_hole_cav_battcover-1,m2_hole_cav_battcover-1,79,m2_hole_cav_battcover,m2_hole_cav_battcover.SLDPRT,,cut-tool (not a physical part),cut-tool,,False,False,0,False,False,False,False,,False,,-78.6123,-55.6419,23.8975,-0.352078 0.300207 0.886519 -0.331187 -0.925847 0.181995 0.875418 -0.229527 0.425395,-0.352078 0.300207 0.886519 -78.6123 -0.331187 -0.925847 0.181995 -55.6419 0.875418 -0.229527 0.425395 23.8975 0 0 0 1,-1.25 0 -1.25 1.25 5 1.25,2.50 x 5.00 x 2.50,-77.8618,-57.9565,23.3237,-78.6123,-23.8975,-55.6419,-0.352078 -0.886519 0.300207 -0.875418 0.425395 0.229527 -0.331187 -0.181995 -0.925847,-77.8618,-23.3237,-57.9565,-80.1606 -25.5235 -60.9126 -75.563 -21.1238 -55.0004
527,479,2,Robotic Hand_V5/Battery_case-1/m2x5_batt_assemb-7,m2x5_batt_assemb-7,172,m2x5_batt_assemb,m2x5_batt_assemb.SLDASM,,printed/structural,sub-assembly,,False,True,6,False,False,False,False,,False,,-142.0122,-54.3169,-3.9995,0.933768 -0.355731 -0.039147 -0.234668 -0.526028 -0.81745 0.270201 0.772496 -0.574667,0.933768 -0.355731 -0.039147 -142.012 -0.234668 -0.526028 -0.81745 -54.3169 0.270201 0.772496 -0.574667 -3.99947 0 0 0 1,-4.10703 -3.22764 -14.0728 2.64297 3.26755 4.05724,6.75 x 6.50 x 18.13,-142.5068,-50.0620,-1.3040,-142.0122,3.9995,-54.3169,0.933768 0.039147 -0.355731 -0.270201 -0.574667 -0.772496 -0.234668 0.81745 -0.526028,-142.5068,1.3040,-50.0620,-147.168 -7.32601 -59.9726 -137.845 9.93409 -40.1515
528,527,3,Robotic Hand_V5/Battery_case-1/m2x5_batt_assemb-7/M2 x 0.4mm Thread 5mm LONG SOCKET HEAD CAP SCREW.step-1,M2 x 0.4mm Thread 5mm LONG SOCKET HEAD CAP SCREW.step-1,24,M2 x 0.4mm Thread 5mm LONG SOCKET HEAD CAP SCREW.step,M2 x 0.4mm Thread 5mm LONG SOCKET HEAD CAP SCREW.step.SLDPRT,M2 x 0.4mm Thread 5mm LONG SOCKET HEAD CAP SCREW.STEP,fastener,screw-M2,,False,False,0,False,False,False,False,,False,,-142.8272,-56.7528,-6.0077,0.933768 -0.355731 -0.039147 -0.234668 -0.526028 -0.81745 0.270201 0.772496 -0.574667,0.933768 -0.355731 -0.039147 -142.827 -0.234668 -0.526028 -0.81745 -56.7528 0.270201 0.772496 -0.574667 -6.00768 0 0 0 1,-1.9 -1.9 -7.00414 1.9 1.9 2.5e-05,3.80 x 3.80 x 7.00,-142.6902,-53.8901,-3.9952,-142.8272,6.0077,-56.7528,0.933768 0.039147 -0.355731 -0.270201 -0.574667 -0.772496 -0.234668 0.81745 -0.526028,-142.6902,3.9952,-53.8901,-145.277 0.001509 -58.1982 -140.103 7.98882 -49.582
529,527,3,Robotic Hand_V5/Battery_case-1/m2x5_batt_assemb-7/M2 x 0.4mm Thread HEX NUT.step-1,M2 x 0.4mm Thread HEX NUT.step-1,25,M2 x 0.4mm Thread HEX NUT.step,M2 x 0.4mm Thread HEX NUT.step.SLDPRT,M2 x 0.4mm Thread HEX NUT.STEP,fastener,nut-M2,,False,False,0,False,False,False,False,,False,,-142.8206,-56.6139,-5.9100,0.158812 -0.986533 -0.039147 -0.572888 -0.059786 -0.81745 0.804101 0.152247 -0.574667,0.158812 -0.986533 -0.039147 -142.821 -0.572888 -0.059786 -0.81745 -56.6139 0.804101 0.152247 -0.574667 -5.91001 0 0 0 1,-2.3119 -2.31373 -0.804328 2.3119 2.31373 0.804602,4.62 x 4.63 x 1.61,-142.8206,-56.6140,-5.9101,-142.8206,5.9100,-56.6139,0.158812 0.039147 -0.986533 -0.804101 -0.574667 -0.152247 -0.572888 0.81745 -0.059786,-142.8206,5.9101,-56.6140,-145.502 3.23653 -58.7344 -140.139 8.58365 -54.4936
530,527,3,Robotic Hand_V5/Battery_case-1/m2x5_batt_assemb-7/m2_nut_cav-1,m2_nut_cav-1,53,m2_nut_cav,m2_nut_cav.SLDPRT,,cut-tool (not a physical part),cut-tool,,False,False,0,False,False,False,False,,False,,-142.8617,-57.4722,-6.5134,0.986533 0.039147 0.158812 0.059786 0.81745 -0.572888 -0.152247 0.574667 0.804101,0.986533 0.039147 0.158812 -142.862 0.059786 0.81745 -0.572888 -57.4722 -0.152247 0.574667 0.804101 -6.51341 0 0 0 1,-2.59808 0 -2.25 2.59808 2.1 2.25,5.20 x 2.10 x 4.50,-142.8206,-56.6139,-5.9100,-142.8617,6.5134,-57.4722,0.986533 -0.158812 0.039147 0.152247 0.804101 -0.574667 0.059786 0.572888 0.81745,-142.8206,5.9100,-56.6139,-145.782 3.10183 -58.9166 -139.859 8.71819 -54.3113
531,527,3,Robotic Hand_V5/Battery_case-1/m2x5_batt_assemb-7/m2_screwhead_cav-1,m2_screwhead_cav-1,57,m2_screwhead_cav,m2_screwhead_cav.SLDPRT,,cut-tool (not a physical part),cut-tool,,False,False,0,False,False,False,False,,False,,-142.5434,-50.8263,-1.8413,0.933768 -0.039147 0.355731 -0.234668 -0.81745 0.526028 0.270201 -0.574667 -0.772496,0.933768 -0.039147 0.355731 -142.543 -0.234668 -0.81745 0.526028 -50.8263 0.270201 -0.574667 -0.772496 -1.84135 0 0 0 1,-2.15 0 -2.15 2.15 2.5 2.15,4.30 x 2.50 x 4.30,-142.5924,-51.8481,-2.5597,-142.5434,1.8413,-50.8263,0.933768 -0.355731 -0.039147 -0.270201 -0.772496 0.574667 -0.234668 -0.526028 -0.81745,-142.5924,2.5597,-51.8481,-145.414 -0.400452 -54.5055 -139.771 5.51981 -49.1908
532,527,3,Robotic Hand_V5/Battery_case-1/m2x5_batt_assemb-7/batt_cov_hole_for_allen-1,batt_cov_hole_for_allen-1,75,batt_cov_hole_for_allen,batt_cov_hole_for_allen.SLDPRT,,cut-tool (not a physical part),cut-tool,,False,False,0,False,False,True,True,,False,,-142.5434,-50.8263,-1.8413,0.933768 0.039147 -0.355731 -0.234668 0.81745 -0.526028 0.270201 0.574667 0.772496,0.933768 0.039147 -0.355731 -142.543 -0.234668 0.81745 -0.526028 -50.8263 0.270201 0.574667 0.772496 -1.84135 0 0 0 1,-1.11603 0 -1.11603 1.11603 10 1.11603,2.23 x 10.00 x 2.23,-142.3477,-46.7391,1.0320,-142.5434,1.8413,-50.8263,0.933768 0.355731 0.039147 -0.270201 0.772496 -0.574667 -0.234668 0.526028 0.81745,-142.3477,-1.0320,-46.7391,-143.983 -5.069 -51.6753 -140.713 3.00502 -41.8029
533,527,3,Robotic Hand_V5/Battery_case-1/m2x5_batt_assemb-7/m2_hole_cav_battcover-1,m2_hole_cav_battcover-1,79,m2_hole_cav_battcover,m2_hole_cav_battcover.SLDPRT,,cut-tool (not a physical part),cut-tool,,False,False,0,False,False,False,False,,False,,-142.6375,-52.7905,-3.2221,0.933768 -0.039147 0.355731 -0.234668 -0.81745 0.526028 0.270201 -0.574667 -0.772496,0.933768 -0.039147 0.355731 -142.637 -0.234668 -0.81745 0.526028 -52.7905 0.270201 -0.574667 -0.772496 -3.22214 0 0 0 1,-1.25 0 -1.25 1.25 5 1.25,2.50 x 5.00 x 2.50,-142.7354,-54.8341,-4.6588,-142.6375,3.2221,-52.7905,0.933768 -0.355731 -0.039147 -0.270201 -0.772496 0.574667 -0.234668 -0.526028 -0.81745,-142.7354,4.6588,-54.8341,-144.445 1.91877 -57.8286 -141.026 7.39885 -51.8396
534,479,2,Robotic Hand_V5/Battery_case-1/m2x5_batt_assemb-8,m2x5_batt_assemb-8,173,m2x5_batt_assemb,m2x5_batt_assemb.SLDASM,,printed/structural,sub-assembly,,False,True,6,False,False,False,False,,False,,-165.0536,-59.2259,11.3954,-0.130148 0.974543 -0.182558 0.31856 -0.133262 -0.938489 -0.938926 -0.180298 -0.293106,-0.130148 0.974543 -0.182558 -165.054 0.31856 -0.133262 -0.938489 -59.2259 -0.938926 -0.180298 -0.293106 11.3954 0 0 0 1,-4.10703 -3.22764 -14.0728 2.64297 3.26755 4.05724,6.75 x 6.50 x 18.13,-164.0246,-54.7620,13.5470,-165.0536,-11.3954,-59.2259,-0.130148 0.182558 0.974543 0.938926 -0.293106 0.180298 0.31856 0.938489 -0.133262,-164.0246,-13.5470,-54.7620,-169.284 -19.9584 -64.7774 -158.766 -7.13554 -44.7467
535,534,3,Robotic Hand_V5/Battery_case-1/m2x5_batt_assemb-8/M2 x 0.4mm Thread 5mm LONG SOCKET HEAD CAP SCREW.step-1,M2 x 0.4mm Thread 5mm LONG SOCKET HEAD CAP SCREW.step-1,24,M2 x 0.4mm Thread 5mm LONG SOCKET HEAD CAP SCREW.step,M2 x 0.4mm Thread 5mm LONG SOCKET HEAD CAP SCREW.step.SLDPRT,M2 x 0.4mm Thread 5mm LONG SOCKET HEAD CAP SCREW.STEP,fastener,screw-M2,,False,False,0,False,False,False,False,,False,,-165.5189,-62.4435,11.1479,-0.130148 0.974543 -0.182558 0.31856 -0.133262 -0.938489 -0.938926 -0.180298 -0.293106,-0.130148 0.974543 -0.182558 -165.519 0.31856 -0.133262 -0.938489 -62.4435 -0.938926 -0.180298 -0.293106 11.1479 0 0 0 1,-1.9 -1.9 -7.00414 1.9 1.9 2.5e-05,3.80 x 3.80 x 7.00,-164.8795,-59.1569,12.1744,-165.5189,-11.1479,-62.4435,-0.130148 0.182558 0.974543 0.938926 -0.293106 0.180298 0.31856 0.938489 -0.133262,-164.8795,-12.1744,-59.1569,-167.618 -15.3274 -63.302 -162.141 -9.02136 -55.0118
536,534,3,Robotic Hand_V5/Battery_case-1/m2x5_batt_assemb-8/M2 x 0.4mm Thread HEX NUT.step-1,M2 x 0.4mm Thread HEX NUT.step-1,25,M2 x 0.4mm Thread HEX NUT.step,M2 x 0.4mm Thread HEX NUT.step.SLDPRT,M2 x 0.4mm Thread HEX NUT.STEP,fastener,nut-M2,,False,False,0,False,False,False,False,,False,,-165.4878,-62.2840,11.1977,0.778905 0.599983 -0.182558 0.043872 -0.342512 -0.938489 -0.625605 0.722985 -0.293106,0.778905 0.599983 -0.182558 -165.488 0.043872 -0.342512 -0.938489 -62.284 -0.625605 0.722985 -0.293106 11.1977 0 0 0 1,-2.3119 -2.31373 -0.804328 2.3119 2.31373 0.804602,4.62 x 4.63 x 1.61,-165.4879,-62.2841,11.1977,-165.4878,-11.1977,-62.2840,0.778905 0.182558 0.599983 0.625605 -0.293106 -0.722985 0.043872 0.938489 -0.342512,-165.4879,-11.1977,-62.2841,-168.824 -14.5526 -63.933 -162.152 -7.84275 -60.6353
537,534,3,Robotic Hand_V5/Battery_case-1/m2x5_batt_assemb-8/m2_nut_cav-1,m2_nut_cav-1,53,m2_nut_cav,m2_nut_cav.SLDPRT,,cut-tool (not a physical part),cut-tool,,False,False,0,False,False,False,False,,False,,-165.6795,-63.2694,10.8900,-0.599983 0.182558 0.778905 0.342512 0.938489 0.043872 -0.722985 0.293106 -0.625605,-0.599983 0.182558 0.778905 -165.68 0.342512 0.938489 0.043872 -63.2694 -0.722985 0.293106 -0.625605 10.89 0 0 0 1,-2.59808 0 -2.25 2.59808 2.1 2.25,5.20 x 2.10 x 4.50,-165.4878,-62.2840,11.1977,-165.6795,-10.8900,-63.2694,-0.599983 -0.778905 0.182558 0.722985 -0.625605 -0.293106 0.342512 -0.043872 0.938489,-165.4878,-11.1977,-62.2840,-168.991 -14.7915 -64.258 -161.985 -7.60397 -60.31
538,534,3,Robotic Hand_V5/Battery_case-1/m2x5_batt_assemb-8/m2_screwhead_cav-1,m2_screwhead_cav-1,57,m2_screwhead_cav,m2_screwhead_cav.SLDPRT,,cut-tool (not a physical part),cut-tool,,False,False,0,False,False,False,False,,False,,-164.1953,-55.6395,13.2729,-0.130148 -0.182558 -0.974543 0.31856 -0.938489 0.133262 -0.938926 -0.293106 0.180298,-0.130148 -0.182558 -0.974543 -164.195 0.31856 -0.938489 0.133262 -55.6395 -0.938926 -0.293106 0.180298 13.2729 0 0 0 1,-2.15 0 -2.15 2.15 2.5 2.15,4.30 x 2.50 x 4.30,-164.4235,-56.8126,12.9065,-164.1953,-13.2729,-55.6395,-0.130148 0.974543 -0.182558 0.938926 0.180298 0.293106 0.31856 -0.133262 -0.938489,-164.4235,-12.9065,-56.8126,-167.027 -15.6792 -58.9571 -161.82 -10.1338 -54.6681
539,534,3,Robotic Hand_V5/Battery_case-1/m2x5_batt_assemb-8/batt_cov_hole_for_allen-1,batt_cov_hole_for_allen-1,75,batt_cov_hole_for_allen,batt_cov_hole_for_allen.SLDPRT,,cut-tool (not a physical part),cut-tool,,False,False,0,False,False,True,True,,False,,-164.1953,-55.6395,13.2729,-0.130148 0.182558 0.974543 0.31856 0.938489 -0.133262 -0.938926 0.293106 -0.180298,-0.130148 0.182558 0.974543 -164.195 0.31856 0.938489 -0.133262 -55.6395 -0.938926 0.293106 -0.180298 13.2729 0 0 0 1,-1.11603 0 -1.11603 1.11603 10 1.11603,2.23 x 10.00 x 2.23,-163.2825,-50.9470,14.7384,-164.1953,-13.2729,-55.6395,-0.130148 -0.974543 0.182558 0.938926 -0.180298 -0.293106 0.31856 0.133262 0.938489,-163.2825,-14.7384,-50.9470,-165.428 -17.4531 -56.1437 -161.137 -12.0238 -45.7504
540,534,3,Robotic Hand_V5/Battery_case-1/m2x5_batt_assemb-8/m2_hole_cav_battcover-1,m2_hole_cav_battcover-1,79,m2_hole_cav_battcover,m2_hole_cav_battcover.SLDPRT,,cut-tool (not a physical part),cut-tool,,False,False,0,False,False,False,False,,False,,-164.6340,-57.8945,12.5686,-0.130148 -0.182558 -0.974543 0.31856 -0.938489 0.133262 -0.938926 -0.293106 0.180298,-0.130148 -0.182558 -0.974543 -164.634 0.31856 -0.938489 0.133262 -57.8945 -0.938926 -0.293106 0.180298 12.5686 0 0 0 1,-1.25 0 -1.25 1.25 5 1.25,2.50 x 5.00 x 2.50,-165.0903,-60.2407,11.8359,-164.6340,-12.5686,-57.8945,-0.130148 0.974543 -0.182558 0.938926 0.180298 0.293106 0.31856 -0.133262 -0.938489,-165.0903,-11.8359,-60.2407,-166.928 -13.9677 -63.1517 -163.253 -9.70409 -57.3297
541,479,2,Robotic Hand_V5/Battery_case-1/Shell1cavforbatt-1,Shell1cavforbatt-1,183,Shell1cavforbatt,Shell1cavforbatt.SLDPRT,,cut-tool (not a physical part),cut-tool,,False,False,0,False,False,True,True,,False,,-65.7529,-3.1655,38.2265,0.130526 -0 -0.991445 -0 -1 0 -0.991445 -0 -0.130526,0.130526 -0 -0.991445 -65.7529 -0 -1 0 -3.16551 -0.991445 -0 -0.130526 38.2265 0 0 0 1,-70.0268 -7.83911 -6.30078 68.894 70.4521 127.839,138.92 x 78.29 x 134.14,-126.0761,-34.4720,30.8560,-65.7529,-38.2265,-3.1655,0.130526 0.991445 -0 0.991445 -0.130526 0 -0 -0 -1,-126.0761,-30.8560,-34.4720,-201.639 -108.477 -73.6176 -50.5136 46.7645 4.67361
542,,1,Robotic Hand_V5/DC Motor Driver .step-1,DC Motor Driver .step-1,2131,DC Motor Driver .step,DC Motor Driver .step.SLDASM,DC Motor Driver .step,electronics,driver-board,DC Motor Driver .step,False,True,35,False,False,False,False,Yes,False,,-116.6964,-10.8907,77.6511,-0.965926 0 0.258819 0 1 -0 -0.258819 0 -0.965926,-0.965926 0 0.258819 -116.696 0 1 -0 -10.8907 -0.258819 0 -0.965926 77.6511 0 0 0 1,-12.35 -10.5 0 12.35 10.5 5,24.70 x 21.00 x 5.00,-116.0494,-10.8907,75.2363,-116.6964,-77.6511,-10.8907,-0.965926 -0.258819 0 0.258819 -0.965926 -0 0 0 1,-116.0494,-75.2363,-10.8907,-128.626 -80.8475 -21.3907 -103.473 -69.625 -0.390673
543,542,2,Robotic Hand_V5/DC Motor Driver .step-1/Component1.step-1,Component1.step-1,24,Component1.step,Component1.step.SLDPRT,DC Motor Driver .step,purchased-internal,purchased-internal,DC Motor Driver .step,True,False,0,False,False,False,False,,False,,-116.6964,-10.8907,77.6511,-0.965926 0 0.258819 0 1 -0 -0.258819 0 -0.965926,-0.965926 0 0.258819 -116.696 0 1 -0 -10.8907 -0.258819 0 -0.965926 77.6511 0 0 0 1,10 6.04688 2 11.1172 9 3,1.12 x 2.95 x 1.00,-126.2482,-3.3672,72.5035,-116.6964,-77.6511,-10.8907,-0.965926 -0.258819 0 0.258819 -0.965926 -0 0 0 1,-126.2482,-72.5035,-3.3672,-126.917 -73.131 -4.8438 -125.579 -71.876 -1.89067
544,542,2,Robotic Hand_V5/DC Motor Driver .step-1/Component2.step-1,Component2.step-1,25,Component2.step,Component2.step.SLDPRT,DC Motor Driver .step,purchased-internal,purchased-internal,DC Motor Driver .step,True,False,0,False,False,False,False,,False,,-116.6964,-10.8907,77.6511,-0.965926 0 0.258819 0 1 -0 -0.258819 0 -0.965926,-0.965926 0 0.258819 -116.696 0 1 -0 -10.8907 -0.258819 0 -0.965926 77.6511 0 0 0 1,10 6.55586 2 11.1172 8.55543 3,1.12 x 2.00 x 1.00,-126.2482,-3.3350,72.5035,-116.6964,-77.6511,-10.8907,-0.965926 -0.258819 0 0.258819 -0.965926 -0 0 0 1,-126.2482,-72.5035,-3.3350,-126.917 -73.131 -4.33481 -125.579 -71.876 -2.33524
545,542,2,Robotic Hand_V5/DC Motor Driver .step-1/Component3.step-1,Component3.step-1,26,Component3.step,Component3.step.SLDPRT,DC Motor Driver .step,purchased-internal,purchased-internal,DC Motor Driver .step,True,False,0,False,False,False,False,,False,,-116.6964,-10.8907,77.6511,-0.965926 0 0.258819 0 1 -0 -0.258819 0 -0.965926,-0.965926 0 0.258819 -116.696 0 1 -0 -10.8907 -0.258819 0 -0.965926 77.6511 0 0 0 1,8 6.04688 2 9 9 3,1.00 x 2.95 x 1.00,-124.2597,-3.3672,73.0363,-116.6964,-77.6511,-10.8907,-0.965926 -0.258819 0 0.258819 -0.965926 -0 0 0 1,-124.2597,-73.0363,-3.3672,-124.872 -73.6487 -4.8438 -123.647 -72.4239 -1.89067
546,542,2,Robotic Hand_V5/DC Motor Driver .step-1/Component4.step-1,Component4.step-1,27,Component4.step,Component4.step.SLDPRT,DC Motor Driver .step,purchased-internal,purchased-internal,DC Motor Driver .step,True,False,0,False,False,False,False,,False,,-116.6964,-10.8907,77.6511,-0.965926 0 0.258819 0 1 -0 -0.258819 0 -0.965926,-0.965926 0 0.258819 -116.696 0 1 -0 -10.8907 -0.258819 0 -0.965926 77.6511 0 0 0 1,8 6.55586 2 9 8.5 3,1.00 x 1.94 x 1.00,-124.2597,-3.3627,73.0363,-116.6964,-77.6511,-10.8907,-0.965926 -0.258819 0 0.258819 -0.965926 -0 0 0 1,-124.2597,-73.0363,-3.3627,-124.872 -73.6487 -4.33481 -123.647 -72.4239 -2.39067
547,542,2,Robotic Hand_V5/DC Motor Driver .step-1/Component5.step-1,Component5.step-1,28,Component5.step,Component5.step.SLDPRT,DC Motor Driver .step,purchased-internal,purchased-internal,DC Motor Driver .step,True,False,0,False,False,False,False,,False,,-116.6964,-10.8907,77.6511,-0.965926 0 0.258819 0 1 -0 -0.258819 0 -0.965926,-0.965926 0 0.258819 -116.696 0 1 -0 -10.8907 -0.258819 0 -0.965926 77.6511 0 0 0 1,-11.4797 -9.76475 2 -9.42664 -1.47552 2.01,2.05 x 8.29 x 0.01,-106.0805,-16.5108,78.4199,-116.6964,-77.6511,-10.8907,-0.965926 -0.258819 0 0.258819 -0.965926 -0 0 0 1,-106.0805,-78.4199,-16.5108,-107.073 -78.6904 -20.6554 -105.088 -78.1494 -12.3662
548,542,2,Robotic Hand_V5/DC Motor Driver .step-1/Component6.step-1,Component6.step-1,29,Component6.step,Component6.step.SLDPRT,DC Motor Driver .step,purchased-internal,purchased-internal,DC Motor Driver .step,True,False,0,False,False,False,False,,False,,-116.6964,-10.8907,77.6511,-0.965926 0 0.258819 0 1 -0 -0.258819 0 -0.965926,-0.965926 0 0.258819 -116.696 0 1 -0 -10.8907 -0.258819 0 -0.965926 77.6511 0 0 0 1,9.4 -9.767 2 10.1131 -1.18696 2.01,0.71 x 8.58 x 0.01,-125.6016,-16.3677,73.1892,-116.6964,-77.6511,-10.8907,-0.965926 -0.258819 0 0.258819 -0.965926 -0 0 0 1,-125.6016,-73.1892,-16.3677,-125.947 -73.2863 -20.6577 -125.256 -73.0921 -12.0776
549,542,2,Robotic Hand_V5/DC Motor Driver .step-1/DC Motor Driver.step-1,DC Motor Driver.step-1,30,DC Motor Driver.step,DC Motor Driver.step.SLDPRT,DC Motor Driver .step,purchased-internal,purchased-internal,DC Motor Driver .step,True,False,0,False,False,False,False,,False,,-116.6964,-10.8907,77.6511,-0.965926 0 0.258819 0 1 -0 -0.258819 0 -0.965926,-0.965926 0 0.258819 -116.696 0 1 -0 -10.8907 -0.258819 0 -0.965926 77.6511 0 0 0 1,-12.35 -10.5 0 12.35 10.5 5,24.70 x 21.00 x 5.00,-116.0494,-10.8907,75.2363,-116.6964,-77.6511,-10.8907,-0.965926 -0.258819 0 0.258819 -0.965926 -0 0 0 1,-116.0494,-75.2363,-10.8907,-128.626 -80.8475 -21.3907 -103.473 -69.625 -0.390673
550,542,2,Robotic Hand_V5/DC Motor Driver .step-1/DC Motor Driver-0.step-1,DC Motor Driver-0.step-1,31,DC Motor Driver-0.step,DC Motor Driver-0.step.SLDPRT,DC Motor Driver .step,purchased-internal,purchased-internal,DC Motor Driver .step,True,False,0,False,False,False,False,,False,,-116.6964,-10.8907,77.6511,-0.965926 0 0.258819 0 1 -0 -0.258819 0 -0.965926,-0.965926 0 0.258819 -116.696 0 1 -0 -10.8907 -0.258819 0 -0.965926 77.6511 0 0 0 1,-1.5 -9.5 2 1.5 -1 3,3.00 x 8.50 x 1.00,-116.0494,-16.1407,75.2363,-116.6964,-77.6511,-10.8907,-0.965926 -0.258819 0 0.258819 -0.965926 -0 0 0 1,-116.0494,-75.2363,-16.1407,-117.628 -76.1075 -20.3907 -114.471 -74.3651 -11.8907
551,542,2,Robotic Hand_V5/DC Motor Driver .step-1/DC Motor Driver-1.step-1,DC Motor Driver-1.step-1,32,DC Motor Driver-1.step,DC Motor Driver-1.step.SLDPRT,DC Motor Driver .step,purchased-internal,purchased-internal,DC Motor Driver .step,True,False,0,False,False,False,False,,False,,-116.6964,-10.8907,77.6511,-0.965926 0 0.258819 0 1 -0 -0.258819 0 -0.965926,-0.965926 0 0.258819 -116.696 0 1 -0 -10.8907 -0.258819 0 -0.965926 77.6511 0 0 0 1,1.5 -4 2 2.5 -3.5 2.5,1.00 x 0.50 x 0.50,-118.0459,-14.6407,74.9601,-116.6964,-77.6511,-10.8907,-0.965926 -0.258819 0 0.258819 -0.965926 -0 0 0 1,-118.0459,-74.9601,-14.6407,-118.594 -75.331 -14.8907 -117.498 -74.5892 -14.3907
552,542,2,Robotic Hand_V5/DC Motor Driver .step-1/DC Motor Driver-2.step-1,DC Motor Driver-2.step-1,33,DC Motor Driver-2.step,DC Motor Driver-2.step.SLDPRT,DC Motor Driver .step,purchased-internal,purchased-internal,DC Motor Driver .step,True,False,0,False,False,False,False,,False,,-116.6964,-10.8907,77.6511,-0.965926 0 0.258819 0 1 -0 -0.258819 0 -0.965926,-0.965926 0 0.258819 -116.696 0 1 -0 -10.8907 -0.258819 0 -0.965926 77.6511 0 0 0 1,1.5 -8 2 2.5 -7.5 2.5,1.00 x 0.50 x 0.50,-118.0459,-18.6407,74.9601,-116.6964,-77.6511,-10.8907,-0.965926 -0.258819 0 0.258819 -0.965926 -0 0 0 1,-118.0459,-74.9601,-18.6407,-118.594 -75.331 -18.8907 -117.498 -74.5892 -18.3907
553,542,2,Robotic Hand_V5/DC Motor Driver .step-1/DC Motor Driver-3.step-1,DC Motor Driver-3.step-1,34,DC Motor Driver-3.step,DC Motor Driver-3.step.SLDPRT,DC Motor Driver .step,purchased-internal,purchased-internal,DC Motor Driver .step,True,False,0,False,False,False,False,,False,,-116.6964,-10.8907,77.6511,-0.965926 0 0.258819 0 1 -0 -0.258819 0 -0.965926,-0.965926 0 0.258819 -116.696 0 1 -0 -10.8907 -0.258819 0 -0.965926 77.6511 0 0 0 1,-2.5 -7 2 -1.5 -6.5 2.5,1.00 x 0.50 x 0.50,-114.1822,-17.6407,75.9954,-116.6964,-77.6511,-10.8907,-0.965926 -0.258819 0 0.258819 -0.965926 -0 0 0 1,-114.1822,-75.9954,-17.6407,-114.73 -76.3663 -17.8907 -113.635 -75.6245 -17.3907
554,542,2,Robotic Hand_V5/DC Motor Driver .step-1/DC Motor Driver-4.step-1,DC Motor Driver-4.step-1,35,DC Motor Driver-4.step,DC Motor Driver-4.step.SLDPRT,DC Motor Driver .step,purchased-internal,purchased-internal,DC Motor Driver .step,True,False,0,False,False,False,False,,False,,-116.6964,-10.8907,77.6511,-0.965926 0 0.258819 0 1 -0 -0.258819 0 -0.965926,-0.965926 0 0.258819 -116.696 0 1 -0 -10.8907 -0.258819 0 -0.965926 77.6511 0 0 0 1,-2.5 -3 2 -1.5 -2.5 2.5,1.00 x 0.50 x 0.50,-114.1822,-13.6407,75.9954,-116.6964,-77.6511,-10.8907,-0.965926 -0.258819 0 0.258819 -0.965926 -0 0 0 1,-114.1822,-75.9954,-13.6407,-114.73 -76.3663 -13.8907 -113.635 -75.6245 -13.3907
555,542,2,Robotic Hand_V5/DC Motor Driver .step-1/DC Motor Driver-5.step-1,DC Motor Driver-5.step-1,36,DC Motor Driver-5.step,DC Motor Driver-5.step.SLDPRT,DC Motor Driver .step,purchased-internal,purchased-internal,DC Motor Driver .step,True,False,0,False,False,False,False,,False,,-116.6964,-10.8907,77.6511,-0.965926 0 0.258819 0 1 -0 -0.258819 0 -0.965926,-0.965926 0 0.258819 -116.696 0 1 -0 -10.8907 -0.258819 0 -0.965926 77.6511 0 0 0 1,-2.5 -4 2 -1.5 -3.5 2.5,1.00 x 0.50 x 0.50,-114.1822,-14.6407,75.9954,-116.6964,-77.6511,-10.8907,-0.965926 -0.258819 0 0.258819 -0.965926 -0 0 0 1,-114.1822,-75.9954,-14.6407,-114.73 -76.3663 -14.8907 -113.635 -75.6245 -14.3907
556,542,2,Robotic Hand_V5/DC Motor Driver .step-1/DC Motor Driver-6.step-1,DC Motor Driver-6.step-1,37,DC Motor Driver-6.step,DC Motor Driver-6.step.SLDPRT,DC Motor Driver .step,purchased-internal,purchased-internal,DC Motor Driver .step,True,False,0,False,False,False,False,,False,,-116.6964,-10.8907,77.6511,-0.965926 0 0.258819 0 1 -0 -0.258819 0 -0.965926,-0.965926 0 0.258819 -116.696 0 1 -0 -10.8907 -0.258819 0 -0.965926 77.6511 0 0 0 1,-2.5 -8 2 -1.5 -7.5 2.5,1.00 x 0.50 x 0.50,-114.1822,-18.6407,75.9954,-116.6964,-77.6511,-10.8907,-0.965926 -0.258819 0 0.258819 -0.965926 -0 0 0 1,-114.1822,-75.9954,-18.6407,-114.73 -76.3663 -18.8907 -113.635 -75.6245 -18.3907
557,542,2,Robotic Hand_V5/DC Motor Driver .step-1/DC Motor Driver-7.step-1,DC Motor Driver-7.step-1,39,DC Motor Driver-7.step,DC Motor Driver-7.step.SLDPRT,DC Motor Driver .step,purchased-internal,purchased-internal,DC Motor Driver .step,True,False,0,False,False,False,False,,False,,-116.6964,-10.8907,77.6511,-0.965926 0 0.258819 0 1 -0 -0.258819 0 -0.965926,-0.965926 0 0.258819 -116.696 0 1 -0 -10.8907 -0.258819 0 -0.965926 77.6511 0 0 0 1,1.5 -7 2 2.5 -6.5 2.5,1.00 x 0.50 x 0.50,-118.0459,-17.6407,74.9601,-116.6964,-77.6511,-10.8907,-0.965926 -0.258819 0 0.258819 -0.965926 -0 0 0 1,-118.0459,-74.9601,-17.6407,-118.594 -75.331 -17.8907 -117.498 -74.5892 -17.3907
558,542,2,Robotic Hand_V5/DC Motor Driver .step-1/DC Motor Driver-8.step-1,DC Motor Driver-8.step-1,40,DC Motor Driver-8.step,DC Motor Driver-8.step.SLDPRT,DC Motor Driver .step,purchased-internal,purchased-internal,DC Motor Driver .step,True,False,0,False,False,False,False,,False,,-116.6964,-10.8907,77.6511,-0.965926 0 0.258819 0 1 -0 -0.258819 0 -0.965926,-0.965926 0 0.258819 -116.696 0 1 -0 -10.8907 -0.258819 0 -0.965926 77.6511 0 0 0 1,1.5 -5 2 2.5 -4.5 2.5,1.00 x 0.50 x 0.50,-118.0459,-15.6407,74.9601,-116.6964,-77.6511,-10.8907,-0.965926 -0.258819 0 0.258819 -0.965926 -0 0 0 1,-118.0459,-74.9601,-15.6407,-118.594 -75.331 -15.8907 -117.498 -74.5892 -15.3907
559,542,2,Robotic Hand_V5/DC Motor Driver .step-1/DC Motor Driver-9.step-1,DC Motor Driver-9.step-1,41,DC Motor Driver-9.step,DC Motor Driver-9.step.SLDPRT,DC Motor Driver .step,purchased-internal,purchased-internal,DC Motor Driver .step,True,False,0,False,False,False,False,,False,,-116.6964,-10.8907,77.6511,-0.965926 0 0.258819 0 1 -0 -0.258819 0 -0.965926,-0.965926 0 0.258819 -116.696 0 1 -0 -10.8907 -0.258819 0 -0.965926 77.6511 0 0 0 1,1.5 -3 2 2.5 -2.5 2.5,1.00 x 0.50 x 0.50,-118.0459,-13.6407,74.9601,-116.6964,-77.6511,-10.8907,-0.965926 -0.258819 0 0.258819 -0.965926 -0 0 0 1,-118.0459,-74.9601,-13.6407,-118.594 -75.331 -13.8907 -117.498 -74.5892 -13.3907
560,542,2,Robotic Hand_V5/DC Motor Driver .step-1/DC Motor Driver-10.step-1,DC Motor Driver-10.step-1,42,DC Motor Driver-10.step,DC Motor Driver-10.step.SLDPRT,DC Motor Driver .step,purchased-internal,purchased-internal,DC Motor Driver .step,True,False,0,False,False,False,False,,False,,-116.6964,-10.8907,77.6511,-0.965926 0 0.258819 0 1 -0 -0.258819 0 -0.965926,-0.965926 0 0.258819 -116.696 0 1 -0 -10.8907 -0.258819 0 -0.965926 77.6511 0 0 0 1,1.5 -9 2 2.5 -8.5 2.5,1.00 x 0.50 x 0.50,-118.0459,-19.6407,74.9601,-116.6964,-77.6511,-10.8907,-0.965926 -0.258819 0 0.258819 -0.965926 -0 0 0 1,-118.0459,-74.9601,-19.6407,-118.594 -75.331 -19.8907 -117.498 -74.5892 -19.3907
561,542,2,Robotic Hand_V5/DC Motor Driver .step-1/DC Motor Driver-11.step-1,DC Motor Driver-11.step-1,43,DC Motor Driver-11.step,DC Motor Driver-11.step.SLDPRT,DC Motor Driver .step,purchased-internal,purchased-internal,DC Motor Driver .step,True,False,0,False,False,False,False,,False,,-116.6964,-10.8907,77.6511,-0.965926 0 0.258819 0 1 -0 -0.258819 0 -0.965926,-0.965926 0 0.258819 -116.696 0 1 -0 -10.8907 -0.258819 0 -0.965926 77.6511 0 0 0 1,-2.5 -6 2 -1.5 -5.5 2.5,1.00 x 0.50 x 0.50,-114.1822,-16.6407,75.9954,-116.6964,-77.6511,-10.8907,-0.965926 -0.258819 0 0.258819 -0.965926 -0 0 0 1,-114.1822,-75.9954,-16.6407,-114.73 -76.3663 -16.8907 -113.635 -75.6245 -16.3907
562,542,2,Robotic Hand_V5/DC Motor Driver .step-1/DC Motor Driver-12.step-1,DC Motor Driver-12.step-1,44,DC Motor Driver-12.step,DC Motor Driver-12.step.SLDPRT,DC Motor Driver .step,purchased-internal,purchased-internal,DC Motor Driver .step,True,False,0,False,False,False,False,,False,,-116.6964,-10.8907,77.6511,-0.965926 0 0.258819 0 1 -0 -0.258819 0 -0.965926,-0.965926 0 0.258819 -116.696 0 1 -0 -10.8907 -0.258819 0 -0.965926 77.6511 0 0 0 1,-2.5 -2 2 -1.5 -1.5 2.5,1.00 x 0.50 x 0.50,-114.1822,-12.6407,75.9954,-116.6964,-77.6511,-10.8907,-0.965926 -0.258819 0 0.258819 -0.965926 -0 0 0 1,-114.1822,-75.9954,-12.6407,-114.73 -76.3663 -12.8907 -113.635 -75.6245 -12.3907
563,542,2,Robotic Hand_V5/DC Motor Driver .step-1/DC Motor Driver-13.step-1,DC Motor Driver-13.step-1,45,DC Motor Driver-13.step,DC Motor Driver-13.step.SLDPRT,DC Motor Driver .step,purchased-internal,purchased-internal,DC Motor Driver .step,True,False,0,False,False,False,False,,False,,-116.6964,-10.8907,77.6511,-0.965926 0 0.258819 0 1 -0 -0.258819 0 -0.965926,-0.965926 0 0.258819 -116.696 0 1 -0 -10.8907 -0.258819 0 -0.965926 77.6511 0 0 0 1,-2.5 -5 2 -1.5 -4.5 2.5,1.00 x 0.50 x 0.50,-114.1822,-15.6407,75.9954,-116.6964,-77.6511,-10.8907,-0.965926 -0.258819 0 0.258819 -0.965926 -0 0 0 1,-114.1822,-75.9954,-15.6407,-114.73 -76.3663 -15.8907 -113.635 -75.6245 -15.3907
564,542,2,Robotic Hand_V5/DC Motor Driver .step-1/DC Motor Driver-14.step-1,DC Motor Driver-14.step-1,46,DC Motor Driver-14.step,DC Motor Driver-14.step.SLDPRT,DC Motor Driver .step,purchased-internal,purchased-internal,DC Motor Driver .step,True,False,0,False,False,False,False,,False,,-116.6964,-10.8907,77.6511,-0.965926 0 0.258819 0 1 -0 -0.258819 0 -0.965926,-0.965926 0 0.258819 -116.696 0 1 -0 -10.8907 -0.258819 0 -0.965926 77.6511 0 0 0 1,-2.5 -9 2 -1.5 -8.5 2.5,1.00 x 0.50 x 0.50,-114.1822,-19.6407,75.9954,-116.6964,-77.6511,-10.8907,-0.965926 -0.258819 0 0.258819 -0.965926 -0 0 0 1,-114.1822,-75.9954,-19.6407,-114.73 -76.3663 -19.8907 -113.635 -75.6245 -19.3907
565,542,2,Robotic Hand_V5/DC Motor Driver .step-1/DC Motor Driver-15.step-1,DC Motor Driver-15.step-1,47,DC Motor Driver-15.step,DC Motor Driver-15.step.SLDPRT,DC Motor Driver .step,purchased-internal,purchased-internal,DC Motor Driver .step,True,False,0,False,False,False,False,,False,,-116.6964,-10.8907,77.6511,-0.965926 0 0.258819 0 1 -0 -0.258819 0 -0.965926,-0.965926 0 0.258819 -116.696 0 1 -0 -10.8907 -0.258819 0 -0.965926 77.6511 0 0 0 1,1.5 -2 2 2.5 -1.5 2.5,1.00 x 0.50 x 0.50,-118.0459,-12.6407,74.9601,-116.6964,-77.6511,-10.8907,-0.965926 -0.258819 0 0.258819 -0.965926 -0 0 0 1,-118.0459,-74.9601,-12.6407,-118.594 -75.331 -12.8907 -117.498 -74.5892 -12.3907
566,542,2,Robotic Hand_V5/DC Motor Driver .step-1/DC Motor Driver-16.step-1,DC Motor Driver-16.step-1,48,DC Motor Driver-16.step,DC Motor Driver-16.step.SLDPRT,DC Motor Driver .step,purchased-internal,purchased-internal,DC Motor Driver .step,True,False,0,False,False,False,False,,False,,-116.6964,-10.8907,77.6511,-0.965926 0 0.258819 0 1 -0 -0.258819 0 -0.965926,-0.965926 0 0.258819 -116.696 0 1 -0 -10.8907 -0.258819 0 -0.965926 77.6511 0 0 0 1,1.5 -6 2 2.5 -5.5 2.5,1.00 x 0.50 x 0.50,-118.0459,-16.6407,74.9601,-116.6964,-77.6511,-10.8907,-0.965926 -0.258819 0 0.258819 -0.965926 -0 0 0 1,-118.0459,-74.9601,-16.6407,-118.594 -75.331 -16.8907 -117.498 -74.5892 -16.3907
567,542,2,Robotic Hand_V5/DC Motor Driver .step-1/DC Motor Driver-17.step-1,DC Motor Driver-17.step-1,49,DC Motor Driver-17.step,DC Motor Driver-17.step.SLDPRT,DC Motor Driver .step,purchased-internal,purchased-internal,DC Motor Driver .step,True,False,0,False,False,False,False,,False,,-116.6964,-10.8907,77.6511,-0.965926 0 0.258819 0 1 -0 -0.258819 0 -0.965926,-0.965926 0 0.258819 -116.696 0 1 -0 -10.8907 -0.258819 0 -0.965926 77.6511 0 0 0 1,-9 -5.33333 2 -7 -3.33333 2.1,2.00 x 2.00 x 0.10,-108.4384,-15.2240,77.7415,-116.6964,-77.6511,-10.8907,-0.965926 -0.258819 0 0.258819 -0.965926 -0 0 0 1,-108.4384,-77.7415,-15.2240,-109.417 -78.0486 -16.224 -107.46 -77.4344 -14.224
568,542,2,Robotic Hand_V5/DC Motor Driver .step-1/DC Motor Driver-18.step-1,DC Motor Driver-18.step-1,50,DC Motor Driver-18.step,DC Motor Driver-18.step.SLDPRT,DC Motor Driver .step,purchased-internal,purchased-internal,DC Motor Driver .step,True,False,0,False,False,False,False,,False,,-116.6964,-10.8907,77.6511,-0.965926 0 0.258819 0 1 -0 -0.258819 0 -0.965926,-0.965926 0 0.258819 -116.696 0 1 -0 -10.8907 -0.258819 0 -0.965926 77.6511 0 0 0 1,-9 -7.66667 2 -7 -5.66667 2.1,2.00 x 2.00 x 0.10,-108.4384,-17.5573,77.7415,-116.6964,-77.6511,-10.8907,-0.965926 -0.258819 0 0.258819 -0.965926 -0 0 0 1,-108.4384,-77.7415,-17.5573,-109.417 -78.0486 -18.5573 -107.46 -77.4344 -16.5573
569,542,2,Robotic Hand_V5/DC Motor Driver .step-1/DC Motor Driver-19.step-1,DC Motor Driver-19.step-1,51,DC Motor Driver-19.step,DC Motor Driver-19.step.SLDPRT,DC Motor Driver .step,purchased-internal,purchased-internal,DC Motor Driver .step,True,False,0,False,False,False,False,,False,,-116.6964,-10.8907,77.6511,-0.965926 0 0.258819 0 1 -0 -0.258819 0 -0.965926,-0.965926 0 0.258819 -116.696 0 1 -0 -10.8907 -0.258819 0 -0.965926 77.6511 0 0 0 1,-9 -3 2 -7 -1 2.1,2.00 x 2.00 x 0.10,-108.4384,-12.8907,77.7415,-116.6964,-77.6511,-10.8907,-0.965926 -0.258819 0 0.258819 -0.965926 -0 0 0 1,-108.4384,-77.7415,-12.8907,-109.417 -78.0486 -13.8907 -107.46 -77.4344 -11.8907
570,542,2,Robotic Hand_V5/DC Motor Driver .step-1/DC Motor Driver-20.step-1,DC Motor Driver-20.step-1,52,DC Motor Driver-20.step,DC Motor Driver-20.step.SLDPRT,DC Motor Driver .step,purchased-internal,purchased-internal,DC Motor Driver .step,True,False,0,False,False,False,False,,False,,-116.6964,-10.8907,77.6511,-0.965926 0 0.258819 0 1 -0 -0.258819 0 -0.965926,-0.965926 0 0.258819 -116.696 0 1 -0 -10.8907 -0.258819 0 -0.965926 77.6511 0 0 0 1,-9 -10 2 -7 -8 2.1,2.00 x 2.00 x 0.10,-108.4384,-19.8907,77.7415,-116.6964,-77.6511,-10.8907,-0.965926 -0.258819 0 0.258819 -0.965926 -0 0 0 1,-108.4384,-77.7415,-19.8907,-109.417 -78.0486 -20.8907 -107.46 -77.4344 -18.8907
571,542,2,Robotic Hand_V5/DC Motor Driver .step-1/DC Motor Driver-21.step-1,DC Motor Driver-21.step-1,53,DC Motor Driver-21.step,DC Motor Driver-21.step.SLDPRT,DC Motor Driver .step,purchased-internal,purchased-internal,DC Motor Driver .step,True,False,0,False,False,False,False,,False,,-116.6964,-10.8907,77.6511,-0.965926 0 0.258819 0 1 -0 -0.258819 0 -0.965926,-0.965926 0 0.258819 -116.696 0 1 -0 -10.8907 -0.258819 0 -0.965926 77.6511 0 0 0 1,-11.5 4 2 -9.5 6 2.1,2.00 x 2.00 x 0.10,-106.0236,-5.8907,78.3885,-116.6964,-77.6511,-10.8907,-0.965926 -0.258819 0 0.258819 -0.965926 -0 0 0 1,-106.0236,-78.3885,-5.8907,-107.002 -78.6956 -6.89067 -105.045 -78.0814 -4.89067
572,542,2,Robotic Hand_V5/DC Motor Driver .step-1/DC Motor Driver-22.step-1,DC Motor Driver-22.step-1,54,DC Motor Driver-22.step,DC Motor Driver-22.step.SLDPRT,DC Motor Driver .step,purchased-internal,purchased-internal,DC Motor Driver .step,True,False,0,False,False,False,False,,False,,-116.6964,-10.8907,77.6511,-0.965926 0 0.258819 0 1 -0 -0.258819 0 -0.965926,-0.965926 0 0.258819 -116.696 0 1 -0 -10.8907 -0.258819 0 -0.965926 77.6511 0 0 0 1,-11.5 7 2 -9.5 9 2.1,2.00 x 2.00 x 0.10,-106.0236,-2.8907,78.3885,-116.6964,-77.6511,-10.8907,-0.965926 -0.258819 0 0.258819 -0.965926 -0 0 0 1,-106.0236,-78.3885,-2.8907,-107.002 -78.6956 -3.89067 -105.045 -78.0814 -1.89067
573,542,2,Robotic Hand_V5/DC Motor Driver .step-1/DC Motor Driver-23.step-1,DC Motor Driver-23.step-1,55,DC Motor Driver-23.step,DC Motor Driver-23.step.SLDPRT,DC Motor Driver .step,purchased-internal,purchased-internal,DC Motor Driver .step,True,False,0,False,False,False,False,,False,,-116.6964,-10.8907,77.6511,-0.965926 0 0.258819 0 1 -0 -0.258819 0 -0.965926,-0.965926 0 0.258819 -116.696 0 1 -0 -10.8907 -0.258819 0 -0.965926 77.6511 0 0 0 1,-12 -1 2 -8 3 2.1,4.00 x 4.00 x 0.10,-106.5066,-9.8907,78.2591,-116.6964,-77.6511,-10.8907,-0.965926 -0.258819 0 0.258819 -0.965926 -0 0 0 1,-106.5066,-78.2591,-9.8907,-108.451 -78.8251 -11.8907 -104.562 -77.6932 -7.89067
574,542,2,Robotic Hand_V5/DC Motor Driver .step-1/DC Motor Driver-24.step-1,DC Motor Driver-24.step-1,56,DC Motor Driver-24.step,DC Motor Driver-24.step.SLDPRT,DC Motor Driver .step,purchased-internal,purchased-internal,DC Motor Driver .step,True,False,0,False,False,False,False,,False,,-116.6964,-10.8907,77.6511,-0.965926 0 0.258819 0 1 -0 -0.258819 0 -0.965926,-0.965926 0 0.258819 -116.696 0 1 -0 -10.8907 -0.258819 0 -0.965926 77.6511 0 0 0 1,7 -5.33333 2 9 -3.33333 2.1,2.00 x 2.00 x 0.10,-123.8933,-15.2240,73.6004,-116.6964,-77.6511,-10.8907,-0.965926 -0.258819 0 0.258819 -0.965926 -0 0 0 1,-123.8933,-73.6004,-15.2240,-124.872 -73.9075 -16.224 -122.914 -73.2933 -14.224
575,542,2,Robotic Hand_V5/DC Motor Driver .step-1/DC Motor Driver-25.step-1,DC Motor Driver-25.step-1,57,DC Motor Driver-25.step,DC Motor Driver-25.step.SLDPRT,DC Motor Driver .step,purchased-internal,purchased-internal,DC Motor Driver .step,True,False,0,False,False,False,False,,False,,-116.6964,-10.8907,77.6511,-0.965926 0 0.258819 0 1 -0 -0.258819 0 -0.965926,-0.965926 0 0.258819 -116.696 0 1 -0 -10.8907 -0.258819 0 -0.965926 77.6511 0 0 0 1,7 -7.66667 2 9 -5.66667 2.1,2.00 x 2.00 x 0.10,-123.8933,-17.5573,73.6004,-116.6964,-77.6511,-10.8907,-0.965926 -0.258819 0 0.258819 -0.965926 -0 0 0 1,-123.8933,-73.6004,-17.5573,-124.872 -73.9075 -18.5573 -122.914 -73.2933 -16.5573
576,542,2,Robotic Hand_V5/DC Motor Driver .step-1/DC Motor Driver-26.step-1,DC Motor Driver-26.step-1,58,DC Motor Driver-26.step,DC Motor Driver-26.step.SLDPRT,DC Motor Driver .step,purchased-internal,purchased-internal,DC Motor Driver .step,True,False,0,False,False,False,False,,False,,-116.6964,-10.8907,77.6511,-0.965926 0 0.258819 0 1 -0 -0.258819 0 -0.965926,-0.965926 0 0.258819 -116.696 0 1 -0 -10.8907 -0.258819 0 -0.965926 77.6511 0 0 0 1,7 -3 2 9 -1 2.1,2.00 x 2.00 x 0.10,-123.8933,-12.8907,73.6004,-116.6964,-77.6511,-10.8907,-0.965926 -0.258819 0 0.258819 -0.965926 -0 0 0 1,-123.8933,-73.6004,-12.8907,-124.872 -73.9075 -13.8907 -122.914 -73.2933 -11.8907
577,542,2,Robotic Hand_V5/DC Motor Driver .step-1/DC Motor Driver-27.step-1,DC Motor Driver-27.step-1,59,DC Motor Driver-27.step,DC Motor Driver-27.step.SLDPRT,DC Motor Driver .step,purchased-internal,purchased-internal,DC Motor Driver .step,True,False,0,False,False,False,False,,False,,-116.6964,-10.8907,77.6511,-0.965926 0 0.258819 0 1 -0 -0.258819 0 -0.965926,-0.965926 0 0.258819 -116.696 0 1 -0 -10.8907 -0.258819 0 -0.965926 77.6511 0 0 0 1,7 -10 2 9 -8 2.1,2.00 x 2.00 x 0.10,-123.8933,-19.8907,73.6004,-116.6964,-77.6511,-10.8907,-0.965926 -0.258819 0 0.258819 -0.965926 -0 0 0 1,-123.8933,-73.6004,-19.8907,-124.872 -73.9075 -20.8907 -122.914 -73.2933 -18.8907
578,,1,Robotic Hand_V5/DC Motor Driver .step-2,DC Motor Driver .step-2,2133,DC Motor Driver .step,DC Motor Driver .step.SLDASM,DC Motor Driver .step,electronics,driver-board,DC Motor Driver .step,False,True,35,False,False,False,False,Yes,False,,-164.4132,-10.8907,64.8654,-0.965926 0 0.258819 0 1 -0 -0.258819 0 -0.965926,-0.965926 0 0.258819 -164.413 0 1 -0 -10.8907 -0.258819 0 -0.965926 64.8654 0 0 0 1,-12.35 -10.5 0 12.35 10.5 5,24.70 x 21.00 x 5.00,-163.7661,-10.8907,62.4506,-164.4132,-64.8654,-10.8907,-0.965926 -0.258819 0 0.258819 -0.965926 -0 0 0 1,-163.7661,-62.4506,-10.8907,-176.342 -68.0618 -21.3907 -151.19 -56.8394 -0.390673
579,578,2,Robotic Hand_V5/DC Motor Driver .step-2/Component1.step-1,Component1.step-1,24,Component1.step,Component1.step.SLDPRT,DC Motor Driver .step,purchased-internal,purchased-internal,DC Motor Driver .step,True,False,0,False,False,False,False,,False,,-164.4132,-10.8907,64.8654,-0.965926 0 0.258819 0 1 -0 -0.258819 0 -0.965926,-0.965926 0 0.258819 -164.413 0 1 -0 -10.8907 -0.258819 0 -0.965926 64.8654 0 0 0 1,10 6.04688 2 11.1172 9 3,1.12 x 2.95 x 1.00,-173.9649,-3.3672,59.7178,-164.4132,-64.8654,-10.8907,-0.965926 -0.258819 0 0.258819 -0.965926 -0 0 0 1,-173.9649,-59.7178,-3.3672,-174.634 -60.3454 -4.8438 -173.296 -59.0903 -1.89067
580,578,2,Robotic Hand_V5/DC Motor Driver .step-2/Component2.step-1,Component2.step-1,25,Component2.step,Component2.step.SLDPRT,DC Motor Driver .step,purchased-internal,purchased-internal,DC Motor Driver .step,True,False,0,False,False,False,False,,False,,-164.4132,-10.8907,64.8654,-0.965926 0 0.258819 0 1 -0 -0.258819 0 -0.965926,-0.965926 0 0.258819 -164.413 0 1 -0 -10.8907 -0.258819 0 -0.965926 64.8654 0 0 0 1,10 6.55586 2 11.1172 8.55543 3,1.12 x 2.00 x 1.00,-173.9649,-3.3350,59.7178,-164.4132,-64.8654,-10.8907,-0.965926 -0.258819 0 0.258819 -0.965926 -0 0 0 1,-173.9649,-59.7178,-3.3350,-174.634 -60.3454 -4.33481 -173.296 -59.0903 -2.33524
581,578,2,Robotic Hand_V5/DC Motor Driver .step-2/Component3.step-1,Component3.step-1,26,Component3.step,Component3.step.SLDPRT,DC Motor Driver .step,purchased-internal,purchased-internal,DC Motor Driver .step,True,False,0,False,False,False,False,,False,,-164.4132,-10.8907,64.8654,-0.965926 0 0.258819 0 1 -0 -0.258819 0 -0.965926,-0.965926 0 0.258819 -164.413 0 1 -0 -10.8907 -0.258819 0 -0.965926 64.8654 0 0 0 1,8 6.04688 2 9 9 3,1.00 x 2.95 x 1.00,-171.9765,-3.3672,60.2506,-164.4132,-64.8654,-10.8907,-0.965926 -0.258819 0 0.258819 -0.965926 -0 0 0 1,-171.9765,-60.2506,-3.3672,-172.589 -60.863 -4.8438 -171.364 -59.6383 -1.89067
582,578,2,Robotic Hand_V5/DC Motor Driver .step-2/Component4.step-1,Component4.step-1,27,Component4.step,Component4.step.SLDPRT,DC Motor Driver .step,purchased-internal,purchased-internal,DC Motor Driver .step,True,False,0,False,False,False,False,,False,,-164.4132,-10.8907,64.8654,-0.965926 0 0.258819 0 1 -0 -0.258819 0 -0.965926,-0.965926 0 0.258819 -164.413 0 1 -0 -10.8907 -0.258819 0 -0.965926 64.8654 0 0 0 1,8 6.55586 2 9 8.5 3,1.00 x 1.94 x 1.00,-171.9765,-3.3627,60.2506,-164.4132,-64.8654,-10.8907,-0.965926 -0.258819 0 0.258819 -0.965926 -0 0 0 1,-171.9765,-60.2506,-3.3627,-172.589 -60.863 -4.33481 -171.364 -59.6383 -2.39067
583,578,2,Robotic Hand_V5/DC Motor Driver .step-2/Component5.step-1,Component5.step-1,28,Component5.step,Component5.step.SLDPRT,DC Motor Driver .step,purchased-internal,purchased-internal,DC Motor Driver .step,True,False,0,False,False,False,False,,False,,-164.4132,-10.8907,64.8654,-0.965926 0 0.258819 0 1 -0 -0.258819 0 -0.965926,-0.965926 0 0.258819 -164.413 0 1 -0 -10.8907 -0.258819 0 -0.965926 64.8654 0 0 0 1,-11.4797 -9.76475 2 -9.42664 -1.47552 2.01,2.05 x 8.29 x 0.01,-153.7972,-16.5108,65.6342,-164.4132,-64.8654,-10.8907,-0.965926 -0.258819 0 0.258819 -0.965926 -0 0 0 1,-153.7972,-65.6342,-16.5108,-154.79 -65.9047 -20.6554 -152.804 -65.3637 -12.3662
584,578,2,Robotic Hand_V5/DC Motor Driver .step-2/Component6.step-1,Component6.step-1,29,Component6.step,Component6.step.SLDPRT,DC Motor Driver .step,purchased-internal,purchased-internal,DC Motor Driver .step,True,False,0,False,False,False,False,,False,,-164.4132,-10.8907,64.8654,-0.965926 0 0.258819 0 1 -0 -0.258819 0 -0.965926,-0.965926 0 0.258819 -164.413 0 1 -0 -10.8907 -0.258819 0 -0.965926 64.8654 0 0 0 1,9.4 -9.767 2 10.1131 -1.18696 2.01,0.71 x 8.58 x 0.01,-173.3183,-16.3677,60.4036,-164.4132,-64.8654,-10.8907,-0.965926 -0.258819 0 0.258819 -0.965926 -0 0 0 1,-173.3183,-60.4036,-16.3677,-173.664 -60.5007 -20.6577 -172.973 -60.3065 -12.0776
585,578,2,Robotic Hand_V5/DC Motor Driver .step-2/DC Motor Driver.step-1,DC Motor Driver.step-1,30,DC Motor Driver.step,DC Motor Driver.step.SLDPRT,DC Motor Driver .step,purchased-internal,purchased-internal,DC Motor Driver .step,True,False,0,False,False,False,False,,False,,-164.4132,-10.8907,64.8654,-0.965926 0 0.258819 0 1 -0 -0.258819 0 -0.965926,-0.965926 0 0.258819 -164.413 0 1 -0 -10.8907 -0.258819 0 -0.965926 64.8654 0 0 0 1,-12.35 -10.5 0 12.35 10.5 5,24.70 x 21.00 x 5.00,-163.7661,-10.8907,62.4506,-164.4132,-64.8654,-10.8907,-0.965926 -0.258819 0 0.258819 -0.965926 -0 0 0 1,-163.7661,-62.4506,-10.8907,-176.342 -68.0618 -21.3907 -151.19 -56.8394 -0.390673
586,578,2,Robotic Hand_V5/DC Motor Driver .step-2/DC Motor Driver-0.step-1,DC Motor Driver-0.step-1,31,DC Motor Driver-0.step,DC Motor Driver-0.step.SLDPRT,DC Motor Driver .step,purchased-internal,purchased-internal,DC Motor Driver .step,True,False,0,False,False,False,False,,False,,-164.4132,-10.8907,64.8654,-0.965926 0 0.258819 0 1 -0 -0.258819 0 -0.965926,-0.965926 0 0.258819 -164.413 0 1 -0 -10.8907 -0.258819 0 -0.965926 64.8654 0 0 0 1,-1.5 -9.5 2 1.5 -1 3,3.00 x 8.50 x 1.00,-163.7661,-16.1407,62.4506,-164.4132,-64.8654,-10.8907,-0.965926 -0.258819 0 0.258819 -0.965926 -0 0 0 1,-163.7661,-62.4506,-16.1407,-165.344 -63.3218 -20.3907 -162.188 -61.5794 -11.8907
587,578,2,Robotic Hand_V5/DC Motor Driver .step-2/DC Motor Driver-1.step-1,DC Motor Driver-1.step-1,32,DC Motor Driver-1.step,DC Motor Driver-1.step.SLDPRT,DC Motor Driver .step,purchased-internal,purchased-internal,DC Motor Driver .step,True,False,0,False,False,False,False,,False,,-164.4132,-10.8907,64.8654,-0.965926 0 0.258819 0 1 -0 -0.258819 0 -0.965926,-0.965926 0 0.258819 -164.413 0 1 -0 -10.8907 -0.258819 0 -0.965926 64.8654 0 0 0 1,1.5 -4 2 2.5 -3.5 2.5,1.00 x 0.50 x 0.50,-165.7627,-14.6407,62.1744,-164.4132,-64.8654,-10.8907,-0.965926 -0.258819 0 0.258819 -0.965926 -0 0 0 1,-165.7627,-62.1744,-14.6407,-166.31 -62.5453 -14.8907 -165.215 -61.8036 -14.3907
588,578,2,Robotic Hand_V5/DC Motor Driver .step-2/DC Motor Driver-2.step-1,DC Motor Driver-2.step-1,33,DC Motor Driver-2.step,DC Motor Driver-2.step.SLDPRT,DC Motor Driver .step,purchased-internal,purchased-internal,DC Motor Driver .step,True,False,0,False,False,False,False,,False,,-164.4132,-10.8907,64.8654,-0.965926 0 0.258819 0 1 -0 -0.258819 0 -0.965926,-0.965926 0 0.258819 -164.413 0 1 -0 -10.8907 -0.258819 0 -0.965926 64.8654 0 0 0 1,1.5 -8 2 2.5 -7.5 2.5,1.00 x 0.50 x 0.50,-165.7627,-18.6407,62.1744,-164.4132,-64.8654,-10.8907,-0.965926 -0.258819 0 0.258819 -0.965926 -0 0 0 1,-165.7627,-62.1744,-18.6407,-166.31 -62.5453 -18.8907 -165.215 -61.8036 -18.3907
589,578,2,Robotic Hand_V5/DC Motor Driver .step-2/DC Motor Driver-3.step-1,DC Motor Driver-3.step-1,34,DC Motor Driver-3.step,DC Motor Driver-3.step.SLDPRT,DC Motor Driver .step,purchased-internal,purchased-internal,DC Motor Driver .step,True,False,0,False,False,False,False,,False,,-164.4132,-10.8907,64.8654,-0.965926 0 0.258819 0 1 -0 -0.258819 0 -0.965926,-0.965926 0 0.258819 -164.413 0 1 -0 -10.8907 -0.258819 0 -0.965926 64.8654 0 0 0 1,-2.5 -7 2 -1.5 -6.5 2.5,1.00 x 0.50 x 0.50,-161.8990,-17.6407,63.2097,-164.4132,-64.8654,-10.8907,-0.965926 -0.258819 0 0.258819 -0.965926 -0 0 0 1,-161.8990,-63.2097,-17.6407,-162.447 -63.5806 -17.8907 -161.351 -62.8388 -17.3907
590,578,2,Robotic Hand_V5/DC Motor Driver .step-2/DC Motor Driver-4.step-1,DC Motor Driver-4.step-1,35,DC Motor Driver-4.step,DC Motor Driver-4.step.SLDPRT,DC Motor Driver .step,purchased-internal,purchased-internal,DC Motor Driver .step,True,False,0,False,False,False,False,,False,,-164.4132,-10.8907,64.8654,-0.965926 0 0.258819 0 1 -0 -0.258819 0 -0.965926,-0.965926 0 0.258819 -164.413 0 1 -0 -10.8907 -0.258819 0 -0.965926 64.8654 0 0 0 1,-2.5 -3 2 -1.5 -2.5 2.5,1.00 x 0.50 x 0.50,-161.8990,-13.6407,63.2097,-164.4132,-64.8654,-10.8907,-0.965926 -0.258819 0 0.258819 -0.965926 -0 0 0 1,-161.8990,-63.2097,-13.6407,-162.447 -63.5806 -13.8907 -161.351 -62.8388 -13.3907
591,578,2,Robotic Hand_V5/DC Motor Driver .step-2/DC Motor Driver-5.step-1,DC Motor Driver-5.step-1,36,DC Motor Driver-5.step,DC Motor Driver-5.step.SLDPRT,DC Motor Driver .step,purchased-internal,purchased-internal,DC Motor Driver .step,True,False,0,False,False,False,False,,False,,-164.4132,-10.8907,64.8654,-0.965926 0 0.258819 0 1 -0 -0.258819 0 -0.965926,-0.965926 0 0.258819 -164.413 0 1 -0 -10.8907 -0.258819 0 -0.965926 64.8654 0 0 0 1,-2.5 -4 2 -1.5 -3.5 2.5,1.00 x 0.50 x 0.50,-161.8990,-14.6407,63.2097,-164.4132,-64.8654,-10.8907,-0.965926 -0.258819 0 0.258819 -0.965926 -0 0 0 1,-161.8990,-63.2097,-14.6407,-162.447 -63.5806 -14.8907 -161.351 -62.8388 -14.3907
592,578,2,Robotic Hand_V5/DC Motor Driver .step-2/DC Motor Driver-6.step-1,DC Motor Driver-6.step-1,37,DC Motor Driver-6.step,DC Motor Driver-6.step.SLDPRT,DC Motor Driver .step,purchased-internal,purchased-internal,DC Motor Driver .step,True,False,0,False,False,False,False,,False,,-164.4132,-10.8907,64.8654,-0.965926 0 0.258819 0 1 -0 -0.258819 0 -0.965926,-0.965926 0 0.258819 -164.413 0 1 -0 -10.8907 -0.258819 0 -0.965926 64.8654 0 0 0 1,-2.5 -8 2 -1.5 -7.5 2.5,1.00 x 0.50 x 0.50,-161.8990,-18.6407,63.2097,-164.4132,-64.8654,-10.8907,-0.965926 -0.258819 0 0.258819 -0.965926 -0 0 0 1,-161.8990,-63.2097,-18.6407,-162.447 -63.5806 -18.8907 -161.351 -62.8388 -18.3907
593,578,2,Robotic Hand_V5/DC Motor Driver .step-2/DC Motor Driver-7.step-1,DC Motor Driver-7.step-1,39,DC Motor Driver-7.step,DC Motor Driver-7.step.SLDPRT,DC Motor Driver .step,purchased-internal,purchased-internal,DC Motor Driver .step,True,False,0,False,False,False,False,,False,,-164.4132,-10.8907,64.8654,-0.965926 0 0.258819 0 1 -0 -0.258819 0 -0.965926,-0.965926 0 0.258819 -164.413 0 1 -0 -10.8907 -0.258819 0 -0.965926 64.8654 0 0 0 1,1.5 -7 2 2.5 -6.5 2.5,1.00 x 0.50 x 0.50,-165.7627,-17.6407,62.1744,-164.4132,-64.8654,-10.8907,-0.965926 -0.258819 0 0.258819 -0.965926 -0 0 0 1,-165.7627,-62.1744,-17.6407,-166.31 -62.5453 -17.8907 -165.215 -61.8036 -17.3907
594,578,2,Robotic Hand_V5/DC Motor Driver .step-2/DC Motor Driver-8.step-1,DC Motor Driver-8.step-1,40,DC Motor Driver-8.step,DC Motor Driver-8.step.SLDPRT,DC Motor Driver .step,purchased-internal,purchased-internal,DC Motor Driver .step,True,False,0,False,False,False,False,,False,,-164.4132,-10.8907,64.8654,-0.965926 0 0.258819 0 1 -0 -0.258819 0 -0.965926,-0.965926 0 0.258819 -164.413 0 1 -0 -10.8907 -0.258819 0 -0.965926 64.8654 0 0 0 1,1.5 -5 2 2.5 -4.5 2.5,1.00 x 0.50 x 0.50,-165.7627,-15.6407,62.1744,-164.4132,-64.8654,-10.8907,-0.965926 -0.258819 0 0.258819 -0.965926 -0 0 0 1,-165.7627,-62.1744,-15.6407,-166.31 -62.5453 -15.8907 -165.215 -61.8036 -15.3907
595,578,2,Robotic Hand_V5/DC Motor Driver .step-2/DC Motor Driver-9.step-1,DC Motor Driver-9.step-1,41,DC Motor Driver-9.step,DC Motor Driver-9.step.SLDPRT,DC Motor Driver .step,purchased-internal,purchased-internal,DC Motor Driver .step,True,False,0,False,False,False,False,,False,,-164.4132,-10.8907,64.8654,-0.965926 0 0.258819 0 1 -0 -0.258819 0 -0.965926,-0.965926 0 0.258819 -164.413 0 1 -0 -10.8907 -0.258819 0 -0.965926 64.8654 0 0 0 1,1.5 -3 2 2.5 -2.5 2.5,1.00 x 0.50 x 0.50,-165.7627,-13.6407,62.1744,-164.4132,-64.8654,-10.8907,-0.965926 -0.258819 0 0.258819 -0.965926 -0 0 0 1,-165.7627,-62.1744,-13.6407,-166.31 -62.5453 -13.8907 -165.215 -61.8036 -13.3907
596,578,2,Robotic Hand_V5/DC Motor Driver .step-2/DC Motor Driver-10.step-1,DC Motor Driver-10.step-1,42,DC Motor Driver-10.step,DC Motor Driver-10.step.SLDPRT,DC Motor Driver .step,purchased-internal,purchased-internal,DC Motor Driver .step,True,False,0,False,False,False,False,,False,,-164.4132,-10.8907,64.8654,-0.965926 0 0.258819 0 1 -0 -0.258819 0 -0.965926,-0.965926 0 0.258819 -164.413 0 1 -0 -10.8907 -0.258819 0 -0.965926 64.8654 0 0 0 1,1.5 -9 2 2.5 -8.5 2.5,1.00 x 0.50 x 0.50,-165.7627,-19.6407,62.1744,-164.4132,-64.8654,-10.8907,-0.965926 -0.258819 0 0.258819 -0.965926 -0 0 0 1,-165.7627,-62.1744,-19.6407,-166.31 -62.5453 -19.8907 -165.215 -61.8036 -19.3907
597,578,2,Robotic Hand_V5/DC Motor Driver .step-2/DC Motor Driver-11.step-1,DC Motor Driver-11.step-1,43,DC Motor Driver-11.step,DC Motor Driver-11.step.SLDPRT,DC Motor Driver .step,purchased-internal,purchased-internal,DC Motor Driver .step,True,False,0,False,False,False,False,,False,,-164.4132,-10.8907,64.8654,-0.965926 0 0.258819 0 1 -0 -0.258819 0 -0.965926,-0.965926 0 0.258819 -164.413 0 1 -0 -10.8907 -0.258819 0 -0.965926 64.8654 0 0 0 1,-2.5 -6 2 -1.5 -5.5 2.5,1.00 x 0.50 x 0.50,-161.8990,-16.6407,63.2097,-164.4132,-64.8654,-10.8907,-0.965926 -0.258819 0 0.258819 -0.965926 -0 0 0 1,-161.8990,-63.2097,-16.6407,-162.447 -63.5806 -16.8907 -161.351 -62.8388 -16.3907
598,578,2,Robotic Hand_V5/DC Motor Driver .step-2/DC Motor Driver-12.step-1,DC Motor Driver-12.step-1,44,DC Motor Driver-12.step,DC Motor Driver-12.step.SLDPRT,DC Motor Driver .step,purchased-internal,purchased-internal,DC Motor Driver .step,True,False,0,False,False,False,False,,False,,-164.4132,-10.8907,64.8654,-0.965926 0 0.258819 0 1 -0 -0.258819 0 -0.965926,-0.965926 0 0.258819 -164.413 0 1 -0 -10.8907 -0.258819 0 -0.965926 64.8654 0 0 0 1,-2.5 -2 2 -1.5 -1.5 2.5,1.00 x 0.50 x 0.50,-161.8990,-12.6407,63.2097,-164.4132,-64.8654,-10.8907,-0.965926 -0.258819 0 0.258819 -0.965926 -0 0 0 1,-161.8990,-63.2097,-12.6407,-162.447 -63.5806 -12.8907 -161.351 -62.8388 -12.3907
599,578,2,Robotic Hand_V5/DC Motor Driver .step-2/DC Motor Driver-13.step-1,DC Motor Driver-13.step-1,45,DC Motor Driver-13.step,DC Motor Driver-13.step.SLDPRT,DC Motor Driver .step,purchased-internal,purchased-internal,DC Motor Driver .step,True,False,0,False,False,False,False,,False,,-164.4132,-10.8907,64.8654,-0.965926 0 0.258819 0 1 -0 -0.258819 0 -0.965926,-0.965926 0 0.258819 -164.413 0 1 -0 -10.8907 -0.258819 0 -0.965926 64.8654 0 0 0 1,-2.5 -5 2 -1.5 -4.5 2.5,1.00 x 0.50 x 0.50,-161.8990,-15.6407,63.2097,-164.4132,-64.8654,-10.8907,-0.965926 -0.258819 0 0.258819 -0.965926 -0 0 0 1,-161.8990,-63.2097,-15.6407,-162.447 -63.5806 -15.8907 -161.351 -62.8388 -15.3907
600,578,2,Robotic Hand_V5/DC Motor Driver .step-2/DC Motor Driver-14.step-1,DC Motor Driver-14.step-1,46,DC Motor Driver-14.step,DC Motor Driver-14.step.SLDPRT,DC Motor Driver .step,purchased-internal,purchased-internal,DC Motor Driver .step,True,False,0,False,False,False,False,,False,,-164.4132,-10.8907,64.8654,-0.965926 0 0.258819 0 1 -0 -0.258819 0 -0.965926,-0.965926 0 0.258819 -164.413 0 1 -0 -10.8907 -0.258819 0 -0.965926 64.8654 0 0 0 1,-2.5 -9 2 -1.5 -8.5 2.5,1.00 x 0.50 x 0.50,-161.8990,-19.6407,63.2097,-164.4132,-64.8654,-10.8907,-0.965926 -0.258819 0 0.258819 -0.965926 -0 0 0 1,-161.8990,-63.2097,-19.6407,-162.447 -63.5806 -19.8907 -161.351 -62.8388 -19.3907
601,578,2,Robotic Hand_V5/DC Motor Driver .step-2/DC Motor Driver-15.step-1,DC Motor Driver-15.step-1,47,DC Motor Driver-15.step,DC Motor Driver-15.step.SLDPRT,DC Motor Driver .step,purchased-internal,purchased-internal,DC Motor Driver .step,True,False,0,False,False,False,False,,False,,-164.4132,-10.8907,64.8654,-0.965926 0 0.258819 0 1 -0 -0.258819 0 -0.965926,-0.965926 0 0.258819 -164.413 0 1 -0 -10.8907 -0.258819 0 -0.965926 64.8654 0 0 0 1,1.5 -2 2 2.5 -1.5 2.5,1.00 x 0.50 x 0.50,-165.7627,-12.6407,62.1744,-164.4132,-64.8654,-10.8907,-0.965926 -0.258819 0 0.258819 -0.965926 -0 0 0 1,-165.7627,-62.1744,-12.6407,-166.31 -62.5453 -12.8907 -165.215 -61.8036 -12.3907
602,578,2,Robotic Hand_V5/DC Motor Driver .step-2/DC Motor Driver-16.step-1,DC Motor Driver-16.step-1,48,DC Motor Driver-16.step,DC Motor Driver-16.step.SLDPRT,DC Motor Driver .step,purchased-internal,purchased-internal,DC Motor Driver .step,True,False,0,False,False,False,False,,False,,-164.4132,-10.8907,64.8654,-0.965926 0 0.258819 0 1 -0 -0.258819 0 -0.965926,-0.965926 0 0.258819 -164.413 0 1 -0 -10.8907 -0.258819 0 -0.965926 64.8654 0 0 0 1,1.5 -6 2 2.5 -5.5 2.5,1.00 x 0.50 x 0.50,-165.7627,-16.6407,62.1744,-164.4132,-64.8654,-10.8907,-0.965926 -0.258819 0 0.258819 -0.965926 -0 0 0 1,-165.7627,-62.1744,-16.6407,-166.31 -62.5453 -16.8907 -165.215 -61.8036 -16.3907
603,578,2,Robotic Hand_V5/DC Motor Driver .step-2/DC Motor Driver-17.step-1,DC Motor Driver-17.step-1,49,DC Motor Driver-17.step,DC Motor Driver-17.step.SLDPRT,DC Motor Driver .step,purchased-internal,purchased-internal,DC Motor Driver .step,True,False,0,False,False,False,False,,False,,-164.4132,-10.8907,64.8654,-0.965926 0 0.258819 0 1 -0 -0.258819 0 -0.965926,-0.965926 0 0.258819 -164.413 0 1 -0 -10.8907 -0.258819 0 -0.965926 64.8654 0 0 0 1,-9 -5.33333 2 -7 -3.33333 2.1,2.00 x 2.00 x 0.10,-156.1552,-15.2240,64.9558,-164.4132,-64.8654,-10.8907,-0.965926 -0.258819 0 0.258819 -0.965926 -0 0 0 1,-156.1552,-64.9558,-15.2240,-157.134 -65.2629 -16.224 -155.176 -64.6487 -14.224
604,578,2,Robotic Hand_V5/DC Motor Driver .step-2/DC Motor Driver-18.step-1,DC Motor Driver-18.step-1,50,DC Motor Driver-18.step,DC Motor Driver-18.step.SLDPRT,DC Motor Driver .step,purchased-internal,purchased-internal,DC Motor Driver .step,True,False,0,False,False,False,False,,False,,-164.4132,-10.8907,64.8654,-0.965926 0 0.258819 0 1 -0 -0.258819 0 -0.965926,-0.965926 0 0.258819 -164.413 0 1 -0 -10.8907 -0.258819 0 -0.965926 64.8654 0 0 0 1,-9 -7.66667 2 -7 -5.66667 2.1,2.00 x 2.00 x 0.10,-156.1552,-17.5573,64.9558,-164.4132,-64.8654,-10.8907,-0.965926 -0.258819 0 0.258819 -0.965926 -0 0 0 1,-156.1552,-64.9558,-17.5573,-157.134 -65.2629 -18.5573 -155.176 -64.6487 -16.5573
605,578,2,Robotic Hand_V5/DC Motor Driver .step-2/DC Motor Driver-19.step-1,DC Motor Driver-19.step-1,51,DC Motor Driver-19.step,DC Motor Driver-19.step.SLDPRT,DC Motor Driver .step,purchased-internal,purchased-internal,DC Motor Driver .step,True,False,0,False,False,False,False,,False,,-164.4132,-10.8907,64.8654,-0.965926 0 0.258819 0 1 -0 -0.258819 0 -0.965926,-0.965926 0 0.258819 -164.413 0 1 -0 -10.8907 -0.258819 0 -0.965926 64.8654 0 0 0 1,-9 -3 2 -7 -1 2.1,2.00 x 2.00 x 0.10,-156.1552,-12.8907,64.9558,-164.4132,-64.8654,-10.8907,-0.965926 -0.258819 0 0.258819 -0.965926 -0 0 0 1,-156.1552,-64.9558,-12.8907,-157.134 -65.2629 -13.8907 -155.176 -64.6487 -11.8907
606,578,2,Robotic Hand_V5/DC Motor Driver .step-2/DC Motor Driver-20.step-1,DC Motor Driver-20.step-1,52,DC Motor Driver-20.step,DC Motor Driver-20.step.SLDPRT,DC Motor Driver .step,purchased-internal,purchased-internal,DC Motor Driver .step,True,False,0,False,False,False,False,,False,,-164.4132,-10.8907,64.8654,-0.965926 0 0.258819 0 1 -0 -0.258819 0 -0.965926,-0.965926 0 0.258819 -164.413 0 1 -0 -10.8907 -0.258819 0 -0.965926 64.8654 0 0 0 1,-9 -10 2 -7 -8 2.1,2.00 x 2.00 x 0.10,-156.1552,-19.8907,64.9558,-164.4132,-64.8654,-10.8907,-0.965926 -0.258819 0 0.258819 -0.965926 -0 0 0 1,-156.1552,-64.9558,-19.8907,-157.134 -65.2629 -20.8907 -155.176 -64.6487 -18.8907
607,578,2,Robotic Hand_V5/DC Motor Driver .step-2/DC Motor Driver-21.step-1,DC Motor Driver-21.step-1,53,DC Motor Driver-21.step,DC Motor Driver-21.step.SLDPRT,DC Motor Driver .step,purchased-internal,purchased-internal,DC Motor Driver .step,True,False,0,False,False,False,False,,False,,-164.4132,-10.8907,64.8654,-0.965926 0 0.258819 0 1 -0 -0.258819 0 -0.965926,-0.965926 0 0.258819 -164.413 0 1 -0 -10.8907 -0.258819 0 -0.965926 64.8654 0 0 0 1,-11.5 4 2 -9.5 6 2.1,2.00 x 2.00 x 0.10,-153.7404,-5.8907,65.6029,-164.4132,-64.8654,-10.8907,-0.965926 -0.258819 0 0.258819 -0.965926 -0 0 0 1,-153.7404,-65.6029,-5.8907,-154.719 -65.91 -6.89067 -152.761 -65.2958 -4.89067
608,578,2,Robotic Hand_V5/DC Motor Driver .step-2/DC Motor Driver-22.step-1,DC Motor Driver-22.step-1,54,DC Motor Driver-22.step,DC Motor Driver-22.step.SLDPRT,DC Motor Driver .step,purchased-internal,purchased-internal,DC Motor Driver .step,True,False,0,False,False,False,False,,False,,-164.4132,-10.8907,64.8654,-0.965926 0 0.258819 0 1 -0 -0.258819 0 -0.965926,-0.965926 0 0.258819 -164.413 0 1 -0 -10.8907 -0.258819 0 -0.965926 64.8654 0 0 0 1,-11.5 7 2 -9.5 9 2.1,2.00 x 2.00 x 0.10,-153.7404,-2.8907,65.6029,-164.4132,-64.8654,-10.8907,-0.965926 -0.258819 0 0.258819 -0.965926 -0 0 0 1,-153.7404,-65.6029,-2.8907,-154.719 -65.91 -3.89067 -152.761 -65.2958 -1.89067
609,578,2,Robotic Hand_V5/DC Motor Driver .step-2/DC Motor Driver-23.step-1,DC Motor Driver-23.step-1,55,DC Motor Driver-23.step,DC Motor Driver-23.step.SLDPRT,DC Motor Driver .step,purchased-internal,purchased-internal,DC Motor Driver .step,True,False,0,False,False,False,False,,False,,-164.4132,-10.8907,64.8654,-0.965926 0 0.258819 0 1 -0 -0.258819 0 -0.965926,-0.965926 0 0.258819 -164.413 0 1 -0 -10.8907 -0.258819 0 -0.965926 64.8654 0 0 0 1,-12 -1 2 -8 3 2.1,4.00 x 4.00 x 0.10,-154.2233,-9.8907,65.4735,-164.4132,-64.8654,-10.8907,-0.965926 -0.258819 0 0.258819 -0.965926 -0 0 0 1,-154.2233,-65.4735,-9.8907,-156.168 -66.0394 -11.8907 -152.279 -64.9075 -7.89067
610,578,2,Robotic Hand_V5/DC Motor Driver .step-2/DC Motor Driver-24.step-1,DC Motor Driver-24.step-1,56,DC Motor Driver-24.step,DC Motor Driver-24.step.SLDPRT,DC Motor Driver .step,purchased-internal,purchased-internal,DC Motor Driver .step,True,False,0,False,False,False,False,,False,,-164.4132,-10.8907,64.8654,-0.965926 0 0.258819 0 1 -0 -0.258819 0 -0.965926,-0.965926 0 0.258819 -164.413 0 1 -0 -10.8907 -0.258819 0 -0.965926 64.8654 0 0 0 1,7 -5.33333 2 9 -3.33333 2.1,2.00 x 2.00 x 0.10,-171.6100,-15.2240,60.8147,-164.4132,-64.8654,-10.8907,-0.965926 -0.258819 0 0.258819 -0.965926 -0 0 0 1,-171.6100,-60.8147,-15.2240,-172.589 -61.1218 -16.224 -170.631 -60.5076 -14.224
611,578,2,Robotic Hand_V5/DC Motor Driver .step-2/DC Motor Driver-25.step-1,DC Motor Driver-25.step-1,57,DC Motor Driver-25.step,DC Motor Driver-25.step.SLDPRT,DC Motor Driver .step,purchased-internal,purchased-internal,DC Motor Driver .step,True,False,0,False,False,False,False,,False,,-164.4132,-10.8907,64.8654,-0.965926 0 0.258819 0 1 -0 -0.258819 0 -0.965926,-0.965926 0 0.258819 -164.413 0 1 -0 -10.8907 -0.258819 0 -0.965926 64.8654 0 0 0 1,7 -7.66667 2 9 -5.66667 2.1,2.00 x 2.00 x 0.10,-171.6100,-17.5573,60.8147,-164.4132,-64.8654,-10.8907,-0.965926 -0.258819 0 0.258819 -0.965926 -0 0 0 1,-171.6100,-60.8147,-17.5573,-172.589 -61.1218 -18.5573 -170.631 -60.5076 -16.5573
612,578,2,Robotic Hand_V5/DC Motor Driver .step-2/DC Motor Driver-26.step-1,DC Motor Driver-26.step-1,58,DC Motor Driver-26.step,DC Motor Driver-26.step.SLDPRT,DC Motor Driver .step,purchased-internal,purchased-internal,DC Motor Driver .step,True,False,0,False,False,False,False,,False,,-164.4132,-10.8907,64.8654,-0.965926 0 0.258819 0 1 -0 -0.258819 0 -0.965926,-0.965926 0 0.258819 -164.413 0 1 -0 -10.8907 -0.258819 0 -0.965926 64.8654 0 0 0 1,7 -3 2 9 -1 2.1,2.00 x 2.00 x 0.10,-171.6100,-12.8907,60.8147,-164.4132,-64.8654,-10.8907,-0.965926 -0.258819 0 0.258819 -0.965926 -0 0 0 1,-171.6100,-60.8147,-12.8907,-172.589 -61.1218 -13.8907 -170.631 -60.5076 -11.8907
613,578,2,Robotic Hand_V5/DC Motor Driver .step-2/DC Motor Driver-27.step-1,DC Motor Driver-27.step-1,59,DC Motor Driver-27.step,DC Motor Driver-27.step.SLDPRT,DC Motor Driver .step,purchased-internal,purchased-internal,DC Motor Driver .step,True,False,0,False,False,False,False,,False,,-164.4132,-10.8907,64.8654,-0.965926 0 0.258819 0 1 -0 -0.258819 0 -0.965926,-0.965926 0 0.258819 -164.413 0 1 -0 -10.8907 -0.258819 0 -0.965926 64.8654 0 0 0 1,7 -10 2 9 -8 2.1,2.00 x 2.00 x 0.10,-171.6100,-19.8907,60.8147,-164.4132,-64.8654,-10.8907,-0.965926 -0.258819 0 0.258819 -0.965926 -0 0 0 1,-171.6100,-60.8147,-19.8907,-172.589 -61.1218 -20.8907 -170.631 -60.5076 -18.8907
614,,1,Robotic Hand_V5/DC Motor Driver .step-3,DC Motor Driver .step-3,2134,DC Motor Driver .step,DC Motor Driver .step.SLDASM,DC Motor Driver .step,electronics,driver-board,DC Motor Driver .step,False,True,35,False,False,False,False,Yes,False,,-140.5548,-10.8907,71.2583,-0.965926 0 0.258819 0 1 -0 -0.258819 0 -0.965926,-0.965926 0 0.258819 -140.555 0 1 -0 -10.8907 -0.258819 0 -0.965926 71.2583 0 0 0 1,-12.35 -10.5 0 12.35 10.5 5,24.70 x 21.00 x 5.00,-139.9077,-10.8907,68.8434,-140.5548,-71.2583,-10.8907,-0.965926 -0.258819 0 0.258819 -0.965926 -0 0 0 1,-139.9077,-68.8434,-10.8907,-152.484 -74.4547 -21.3907 -127.332 -63.2322 -0.390673
615,614,2,Robotic Hand_V5/DC Motor Driver .step-3/Component1.step-1,Component1.step-1,24,Component1.step,Component1.step.SLDPRT,DC Motor Driver .step,purchased-internal,purchased-internal,DC Motor Driver .step,True,False,0,False,False,False,False,,False,,-140.5548,-10.8907,71.2583,-0.965926 0 0.258819 0 1 -0 -0.258819 0 -0.965926,-0.965926 0 0.258819 -140.555 0 1 -0 -10.8907 -0.258819 0 -0.965926 71.2583 0 0 0 1,10 6.04688 2 11.1172 9 3,1.12 x 2.95 x 1.00,-150.1066,-3.3672,66.1107,-140.5548,-71.2583,-10.8907,-0.965926 -0.258819 0 0.258819 -0.965926 -0 0 0 1,-150.1066,-66.1107,-3.3672,-150.776 -66.7382 -4.8438 -149.438 -65.4831 -1.89067
616,614,2,Robotic Hand_V5/DC Motor Driver .step-3/Component2.step-1,Component2.step-1,25,Component2.step,Component2.step.SLDPRT,DC Motor Driver .step,purchased-internal,purchased-internal,DC Motor Driver .step,True,False,0,False,False,False,False,,False,,-140.5548,-10.8907,71.2583,-0.965926 0 0.258819 0 1 -0 -0.258819 0 -0.965926,-0.965926 0 0.258819 -140.555 0 1 -0 -10.8907 -0.258819 0 -0.965926 71.2583 0 0 0 1,10 6.55586 2 11.1172 8.55543 3,1.12 x 2.00 x 1.00,-150.1066,-3.3350,66.1107,-140.5548,-71.2583,-10.8907,-0.965926 -0.258819 0 0.258819 -0.965926 -0 0 0 1,-150.1066,-66.1107,-3.3350,-150.776 -66.7382 -4.33481 -149.438 -65.4831 -2.33524
617,614,2,Robotic Hand_V5/DC Motor Driver .step-3/Component3.step-1,Component3.step-1,26,Component3.step,Component3.step.SLDPRT,DC Motor Driver .step,purchased-internal,purchased-internal,DC Motor Driver .step,True,False,0,False,False,False,False,,False,,-140.5548,-10.8907,71.2583,-0.965926 0 0.258819 0 1 -0 -0.258819 0 -0.965926,-0.965926 0 0.258819 -140.555 0 1 -0 -10.8907 -0.258819 0 -0.965926 71.2583 0 0 0 1,8 6.04688 2 9 9 3,1.00 x 2.95 x 1.00,-148.1181,-3.3672,66.6435,-140.5548,-71.2583,-10.8907,-0.965926 -0.258819 0 0.258819 -0.965926 -0 0 0 1,-148.1181,-66.6435,-3.3672,-148.73 -67.2558 -4.8438 -147.506 -66.0311 -1.89067
618,614,2,Robotic Hand_V5/DC Motor Driver .step-3/Component4.step-1,Component4.step-1,27,Component4.step,Component4.step.SLDPRT,DC Motor Driver .step,purchased-internal,purchased-internal,DC Motor Driver .step,True,False,0,False,False,False,False,,False,,-140.5548,-10.8907,71.2583,-0.965926 0 0.258819 0 1 -0 -0.258819 0 -0.965926,-0.965926 0 0.258819 -140.555 0 1 -0 -10.8907 -0.258819 0 -0.965926 71.2583 0 0 0 1,8 6.55586 2 9 8.5 3,1.00 x 1.94 x 1.00,-148.1181,-3.3627,66.6435,-140.5548,-71.2583,-10.8907,-0.965926 -0.258819 0 0.258819 -0.965926 -0 0 0 1,-148.1181,-66.6435,-3.3627,-148.73 -67.2558 -4.33481 -147.506 -66.0311 -2.39067
619,614,2,Robotic Hand_V5/DC Motor Driver .step-3/Component5.step-1,Component5.step-1,28,Component5.step,Component5.step.SLDPRT,DC Motor Driver .step,purchased-internal,purchased-internal,DC Motor Driver .step,True,False,0,False,False,False,False,,False,,-140.5548,-10.8907,71.2583,-0.965926 0 0.258819 0 1 -0 -0.258819 0 -0.965926,-0.965926 0 0.258819 -140.555 0 1 -0 -10.8907 -0.258819 0 -0.965926 71.2583 0 0 0 1,-11.4797 -9.76475 2 -9.42664 -1.47552 2.01,2.05 x 8.29 x 0.01,-129.9389,-16.5108,72.0271,-140.5548,-71.2583,-10.8907,-0.965926 -0.258819 0 0.258819 -0.965926 -0 0 0 1,-129.9389,-72.0271,-16.5108,-130.932 -72.2976 -20.6554 -128.946 -71.7565 -12.3662
620,614,2,Robotic Hand_V5/DC Motor Driver .step-3/Component6.step-1,Component6.step-1,29,Component6.step,Component6.step.SLDPRT,DC Motor Driver .step,purchased-internal,purchased-internal,DC Motor Driver .step,True,False,0,False,False,False,False,,False,,-140.5548,-10.8907,71.2583,-0.965926 0 0.258819 0 1 -0 -0.258819 0 -0.965926,-0.965926 0 0.258819 -140.555 0 1 -0 -10.8907 -0.258819 0 -0.965926 71.2583 0 0 0 1,9.4 -9.767 2 10.1131 -1.18696 2.01,0.71 x 8.58 x 0.01,-149.4600,-16.3677,66.7964,-140.5548,-71.2583,-10.8907,-0.965926 -0.258819 0 0.258819 -0.965926 -0 0 0 1,-149.4600,-66.7964,-16.3677,-149.806 -66.8935 -20.6577 -149.114 -66.6993 -12.0776
621,614,2,Robotic Hand_V5/DC Motor Driver .step-3/DC Motor Driver.step-1,DC Motor Driver.step-1,30,DC Motor Driver.step,DC Motor Driver.step.SLDPRT,DC Motor Driver .step,purchased-internal,purchased-internal,DC Motor Driver .step,True,False,0,False,False,False,False,,False,,-140.5548,-10.8907,71.2583,-0.965926 0 0.258819 0 1 -0 -0.258819 0 -0.965926,-0.965926 0 0.258819 -140.555 0 1 -0 -10.8907 -0.258819 0 -0.965926 71.2583 0 0 0 1,-12.35 -10.5 0 12.35 10.5 5,24.70 x 21.00 x 5.00,-139.9077,-10.8907,68.8434,-140.5548,-71.2583,-10.8907,-0.965926 -0.258819 0 0.258819 -0.965926 -0 0 0 1,-139.9077,-68.8434,-10.8907,-152.484 -74.4547 -21.3907 -127.332 -63.2322 -0.390673
622,614,2,Robotic Hand_V5/DC Motor Driver .step-3/DC Motor Driver-0.step-1,DC Motor Driver-0.step-1,31,DC Motor Driver-0.step,DC Motor Driver-0.step.SLDPRT,DC Motor Driver .step,purchased-internal,purchased-internal,DC Motor Driver .step,True,False,0,False,False,False,False,,False,,-140.5548,-10.8907,71.2583,-0.965926 0 0.258819 0 1 -0 -0.258819 0 -0.965926,-0.965926 0 0.258819 -140.555 0 1 -0 -10.8907 -0.258819 0 -0.965926 71.2583 0 0 0 1,-1.5 -9.5 2 1.5 -1 3,3.00 x 8.50 x 1.00,-139.9077,-16.1407,68.8434,-140.5548,-71.2583,-10.8907,-0.965926 -0.258819 0 0.258819 -0.965926 -0 0 0 1,-139.9077,-68.8434,-16.1407,-141.486 -69.7146 -20.3907 -138.329 -67.9722 -11.8907
623,614,2,Robotic Hand_V5/DC Motor Driver .step-3/DC Motor Driver-1.step-1,DC Motor Driver-1.step-1,32,DC Motor Driver-1.step,DC Motor Driver-1.step.SLDPRT,DC Motor Driver .step,purchased-internal,purchased-internal,DC Motor Driver .step,True,False,0,False,False,False,False,,False,,-140.5548,-10.8907,71.2583,-0.965926 0 0.258819 0 1 -0 -0.258819 0 -0.965926,-0.965926 0 0.258819 -140.555 0 1 -0 -10.8907 -0.258819 0 -0.965926 71.2583 0 0 0 1,1.5 -4 2 2.5 -3.5 2.5,1.00 x 0.50 x 0.50,-141.9043,-14.6407,68.5673,-140.5548,-71.2583,-10.8907,-0.965926 -0.258819 0 0.258819 -0.965926 -0 0 0 1,-141.9043,-68.5673,-14.6407,-142.452 -68.9382 -14.8907 -141.357 -68.1964 -14.3907
624,614,2,Robotic Hand_V5/DC Motor Driver .step-3/DC Motor Driver-2.step-1,DC Motor Driver-2.step-1,33,DC Motor Driver-2.step,DC Motor Driver-2.step.SLDPRT,DC Motor Driver .step,purchased-internal,purchased-internal,DC Motor Driver .step,True,False,0,False,False,False,False,,False,,-140.5548,-10.8907,71.2583,-0.965926 0 0.258819 0 1 -0 -0.258819 0 -0.965926,-0.965926 0 0.258819 -140.555 0 1 -0 -10.8907 -0.258819 0 -0.965926 71.2583 0 0 0 1,1.5 -8 2 2.5 -7.5 2.5,1.00 x 0.50 x 0.50,-141.9043,-18.6407,68.5673,-140.5548,-71.2583,-10.8907,-0.965926 -0.258819 0 0.258819 -0.965926 -0 0 0 1,-141.9043,-68.5673,-18.6407,-142.452 -68.9382 -18.8907 -141.357 -68.1964 -18.3907
625,614,2,Robotic Hand_V5/DC Motor Driver .step-3/DC Motor Driver-3.step-1,DC Motor Driver-3.step-1,34,DC Motor Driver-3.step,DC Motor Driver-3.step.SLDPRT,DC Motor Driver .step,purchased-internal,purchased-internal,DC Motor Driver .step,True,False,0,False,False,False,False,,False,,-140.5548,-10.8907,71.2583,-0.965926 0 0.258819 0 1 -0 -0.258819 0 -0.965926,-0.965926 0 0.258819 -140.555 0 1 -0 -10.8907 -0.258819 0 -0.965926 71.2583 0 0 0 1,-2.5 -7 2 -1.5 -6.5 2.5,1.00 x 0.50 x 0.50,-138.0406,-17.6407,69.6026,-140.5548,-71.2583,-10.8907,-0.965926 -0.258819 0 0.258819 -0.965926 -0 0 0 1,-138.0406,-69.6026,-17.6407,-138.588 -69.9734 -17.8907 -137.493 -69.2317 -17.3907
626,614,2,Robotic Hand_V5/DC Motor Driver .step-3/DC Motor Driver-4.step-1,DC Motor Driver-4.step-1,35,DC Motor Driver-4.step,DC Motor Driver-4.step.SLDPRT,DC Motor Driver .step,purchased-internal,purchased-internal,DC Motor Driver .step,True,False,0,False,False,False,False,,False,,-140.5548,-10.8907,71.2583,-0.965926 0 0.258819 0 1 -0 -0.258819 0 -0.965926,-0.965926 0 0.258819 -140.555 0 1 -0 -10.8907 -0.258819 0 -0.965926 71.2583 0 0 0 1,-2.5 -3 2 -1.5 -2.5 2.5,1.00 x 0.50 x 0.50,-138.0406,-13.6407,69.6026,-140.5548,-71.2583,-10.8907,-0.965926 -0.258819 0 0.258819 -0.965926 -0 0 0 1,-138.0406,-69.6026,-13.6407,-138.588 -69.9734 -13.8907 -137.493 -69.2317 -13.3907
627,614,2,Robotic Hand_V5/DC Motor Driver .step-3/DC Motor Driver-5.step-1,DC Motor Driver-5.step-1,36,DC Motor Driver-5.step,DC Motor Driver-5.step.SLDPRT,DC Motor Driver .step,purchased-internal,purchased-internal,DC Motor Driver .step,True,False,0,False,False,False,False,,False,,-140.5548,-10.8907,71.2583,-0.965926 0 0.258819 0 1 -0 -0.258819 0 -0.965926,-0.965926 0 0.258819 -140.555 0 1 -0 -10.8907 -0.258819 0 -0.965926 71.2583 0 0 0 1,-2.5 -4 2 -1.5 -3.5 2.5,1.00 x 0.50 x 0.50,-138.0406,-14.6407,69.6026,-140.5548,-71.2583,-10.8907,-0.965926 -0.258819 0 0.258819 -0.965926 -0 0 0 1,-138.0406,-69.6026,-14.6407,-138.588 -69.9734 -14.8907 -137.493 -69.2317 -14.3907
628,614,2,Robotic Hand_V5/DC Motor Driver .step-3/DC Motor Driver-6.step-1,DC Motor Driver-6.step-1,37,DC Motor Driver-6.step,DC Motor Driver-6.step.SLDPRT,DC Motor Driver .step,purchased-internal,purchased-internal,DC Motor Driver .step,True,False,0,False,False,False,False,,False,,-140.5548,-10.8907,71.2583,-0.965926 0 0.258819 0 1 -0 -0.258819 0 -0.965926,-0.965926 0 0.258819 -140.555 0 1 -0 -10.8907 -0.258819 0 -0.965926 71.2583 0 0 0 1,-2.5 -8 2 -1.5 -7.5 2.5,1.00 x 0.50 x 0.50,-138.0406,-18.6407,69.6026,-140.5548,-71.2583,-10.8907,-0.965926 -0.258819 0 0.258819 -0.965926 -0 0 0 1,-138.0406,-69.6026,-18.6407,-138.588 -69.9734 -18.8907 -137.493 -69.2317 -18.3907
629,614,2,Robotic Hand_V5/DC Motor Driver .step-3/DC Motor Driver-7.step-1,DC Motor Driver-7.step-1,39,DC Motor Driver-7.step,DC Motor Driver-7.step.SLDPRT,DC Motor Driver .step,purchased-internal,purchased-internal,DC Motor Driver .step,True,False,0,False,False,False,False,,False,,-140.5548,-10.8907,71.2583,-0.965926 0 0.258819 0 1 -0 -0.258819 0 -0.965926,-0.965926 0 0.258819 -140.555 0 1 -0 -10.8907 -0.258819 0 -0.965926 71.2583 0 0 0 1,1.5 -7 2 2.5 -6.5 2.5,1.00 x 0.50 x 0.50,-141.9043,-17.6407,68.5673,-140.5548,-71.2583,-10.8907,-0.965926 -0.258819 0 0.258819 -0.965926 -0 0 0 1,-141.9043,-68.5673,-17.6407,-142.452 -68.9382 -17.8907 -141.357 -68.1964 -17.3907
630,614,2,Robotic Hand_V5/DC Motor Driver .step-3/DC Motor Driver-8.step-1,DC Motor Driver-8.step-1,40,DC Motor Driver-8.step,DC Motor Driver-8.step.SLDPRT,DC Motor Driver .step,purchased-internal,purchased-internal,DC Motor Driver .step,True,False,0,False,False,False,False,,False,,-140.5548,-10.8907,71.2583,-0.965926 0 0.258819 0 1 -0 -0.258819 0 -0.965926,-0.965926 0 0.258819 -140.555 0 1 -0 -10.8907 -0.258819 0 -0.965926 71.2583 0 0 0 1,1.5 -5 2 2.5 -4.5 2.5,1.00 x 0.50 x 0.50,-141.9043,-15.6407,68.5673,-140.5548,-71.2583,-10.8907,-0.965926 -0.258819 0 0.258819 -0.965926 -0 0 0 1,-141.9043,-68.5673,-15.6407,-142.452 -68.9382 -15.8907 -141.357 -68.1964 -15.3907
631,614,2,Robotic Hand_V5/DC Motor Driver .step-3/DC Motor Driver-9.step-1,DC Motor Driver-9.step-1,41,DC Motor Driver-9.step,DC Motor Driver-9.step.SLDPRT,DC Motor Driver .step,purchased-internal,purchased-internal,DC Motor Driver .step,True,False,0,False,False,False,False,,False,,-140.5548,-10.8907,71.2583,-0.965926 0 0.258819 0 1 -0 -0.258819 0 -0.965926,-0.965926 0 0.258819 -140.555 0 1 -0 -10.8907 -0.258819 0 -0.965926 71.2583 0 0 0 1,1.5 -3 2 2.5 -2.5 2.5,1.00 x 0.50 x 0.50,-141.9043,-13.6407,68.5673,-140.5548,-71.2583,-10.8907,-0.965926 -0.258819 0 0.258819 -0.965926 -0 0 0 1,-141.9043,-68.5673,-13.6407,-142.452 -68.9382 -13.8907 -141.357 -68.1964 -13.3907
632,614,2,Robotic Hand_V5/DC Motor Driver .step-3/DC Motor Driver-10.step-1,DC Motor Driver-10.step-1,42,DC Motor Driver-10.step,DC Motor Driver-10.step.SLDPRT,DC Motor Driver .step,purchased-internal,purchased-internal,DC Motor Driver .step,True,False,0,False,False,False,False,,False,,-140.5548,-10.8907,71.2583,-0.965926 0 0.258819 0 1 -0 -0.258819 0 -0.965926,-0.965926 0 0.258819 -140.555 0 1 -0 -10.8907 -0.258819 0 -0.965926 71.2583 0 0 0 1,1.5 -9 2 2.5 -8.5 2.5,1.00 x 0.50 x 0.50,-141.9043,-19.6407,68.5673,-140.5548,-71.2583,-10.8907,-0.965926 -0.258819 0 0.258819 -0.965926 -0 0 0 1,-141.9043,-68.5673,-19.6407,-142.452 -68.9382 -19.8907 -141.357 -68.1964 -19.3907
633,614,2,Robotic Hand_V5/DC Motor Driver .step-3/DC Motor Driver-11.step-1,DC Motor Driver-11.step-1,43,DC Motor Driver-11.step,DC Motor Driver-11.step.SLDPRT,DC Motor Driver .step,purchased-internal,purchased-internal,DC Motor Driver .step,True,False,0,False,False,False,False,,False,,-140.5548,-10.8907,71.2583,-0.965926 0 0.258819 0 1 -0 -0.258819 0 -0.965926,-0.965926 0 0.258819 -140.555 0 1 -0 -10.8907 -0.258819 0 -0.965926 71.2583 0 0 0 1,-2.5 -6 2 -1.5 -5.5 2.5,1.00 x 0.50 x 0.50,-138.0406,-16.6407,69.6026,-140.5548,-71.2583,-10.8907,-0.965926 -0.258819 0 0.258819 -0.965926 -0 0 0 1,-138.0406,-69.6026,-16.6407,-138.588 -69.9734 -16.8907 -137.493 -69.2317 -16.3907
634,614,2,Robotic Hand_V5/DC Motor Driver .step-3/DC Motor Driver-12.step-1,DC Motor Driver-12.step-1,44,DC Motor Driver-12.step,DC Motor Driver-12.step.SLDPRT,DC Motor Driver .step,purchased-internal,purchased-internal,DC Motor Driver .step,True,False,0,False,False,False,False,,False,,-140.5548,-10.8907,71.2583,-0.965926 0 0.258819 0 1 -0 -0.258819 0 -0.965926,-0.965926 0 0.258819 -140.555 0 1 -0 -10.8907 -0.258819 0 -0.965926 71.2583 0 0 0 1,-2.5 -2 2 -1.5 -1.5 2.5,1.00 x 0.50 x 0.50,-138.0406,-12.6407,69.6026,-140.5548,-71.2583,-10.8907,-0.965926 -0.258819 0 0.258819 -0.965926 -0 0 0 1,-138.0406,-69.6026,-12.6407,-138.588 -69.9734 -12.8907 -137.493 -69.2317 -12.3907
635,614,2,Robotic Hand_V5/DC Motor Driver .step-3/DC Motor Driver-13.step-1,DC Motor Driver-13.step-1,45,DC Motor Driver-13.step,DC Motor Driver-13.step.SLDPRT,DC Motor Driver .step,purchased-internal,purchased-internal,DC Motor Driver .step,True,False,0,False,False,False,False,,False,,-140.5548,-10.8907,71.2583,-0.965926 0 0.258819 0 1 -0 -0.258819 0 -0.965926,-0.965926 0 0.258819 -140.555 0 1 -0 -10.8907 -0.258819 0 -0.965926 71.2583 0 0 0 1,-2.5 -5 2 -1.5 -4.5 2.5,1.00 x 0.50 x 0.50,-138.0406,-15.6407,69.6026,-140.5548,-71.2583,-10.8907,-0.965926 -0.258819 0 0.258819 -0.965926 -0 0 0 1,-138.0406,-69.6026,-15.6407,-138.588 -69.9734 -15.8907 -137.493 -69.2317 -15.3907
636,614,2,Robotic Hand_V5/DC Motor Driver .step-3/DC Motor Driver-14.step-1,DC Motor Driver-14.step-1,46,DC Motor Driver-14.step,DC Motor Driver-14.step.SLDPRT,DC Motor Driver .step,purchased-internal,purchased-internal,DC Motor Driver .step,True,False,0,False,False,False,False,,False,,-140.5548,-10.8907,71.2583,-0.965926 0 0.258819 0 1 -0 -0.258819 0 -0.965926,-0.965926 0 0.258819 -140.555 0 1 -0 -10.8907 -0.258819 0 -0.965926 71.2583 0 0 0 1,-2.5 -9 2 -1.5 -8.5 2.5,1.00 x 0.50 x 0.50,-138.0406,-19.6407,69.6026,-140.5548,-71.2583,-10.8907,-0.965926 -0.258819 0 0.258819 -0.965926 -0 0 0 1,-138.0406,-69.6026,-19.6407,-138.588 -69.9734 -19.8907 -137.493 -69.2317 -19.3907
637,614,2,Robotic Hand_V5/DC Motor Driver .step-3/DC Motor Driver-15.step-1,DC Motor Driver-15.step-1,47,DC Motor Driver-15.step,DC Motor Driver-15.step.SLDPRT,DC Motor Driver .step,purchased-internal,purchased-internal,DC Motor Driver .step,True,False,0,False,False,False,False,,False,,-140.5548,-10.8907,71.2583,-0.965926 0 0.258819 0 1 -0 -0.258819 0 -0.965926,-0.965926 0 0.258819 -140.555 0 1 -0 -10.8907 -0.258819 0 -0.965926 71.2583 0 0 0 1,1.5 -2 2 2.5 -1.5 2.5,1.00 x 0.50 x 0.50,-141.9043,-12.6407,68.5673,-140.5548,-71.2583,-10.8907,-0.965926 -0.258819 0 0.258819 -0.965926 -0 0 0 1,-141.9043,-68.5673,-12.6407,-142.452 -68.9382 -12.8907 -141.357 -68.1964 -12.3907
638,614,2,Robotic Hand_V5/DC Motor Driver .step-3/DC Motor Driver-16.step-1,DC Motor Driver-16.step-1,48,DC Motor Driver-16.step,DC Motor Driver-16.step.SLDPRT,DC Motor Driver .step,purchased-internal,purchased-internal,DC Motor Driver .step,True,False,0,False,False,False,False,,False,,-140.5548,-10.8907,71.2583,-0.965926 0 0.258819 0 1 -0 -0.258819 0 -0.965926,-0.965926 0 0.258819 -140.555 0 1 -0 -10.8907 -0.258819 0 -0.965926 71.2583 0 0 0 1,1.5 -6 2 2.5 -5.5 2.5,1.00 x 0.50 x 0.50,-141.9043,-16.6407,68.5673,-140.5548,-71.2583,-10.8907,-0.965926 -0.258819 0 0.258819 -0.965926 -0 0 0 1,-141.9043,-68.5673,-16.6407,-142.452 -68.9382 -16.8907 -141.357 -68.1964 -16.3907
639,614,2,Robotic Hand_V5/DC Motor Driver .step-3/DC Motor Driver-17.step-1,DC Motor Driver-17.step-1,49,DC Motor Driver-17.step,DC Motor Driver-17.step.SLDPRT,DC Motor Driver .step,purchased-internal,purchased-internal,DC Motor Driver .step,True,False,0,False,False,False,False,,False,,-140.5548,-10.8907,71.2583,-0.965926 0 0.258819 0 1 -0 -0.258819 0 -0.965926,-0.965926 0 0.258819 -140.555 0 1 -0 -10.8907 -0.258819 0 -0.965926 71.2583 0 0 0 1,-9 -5.33333 2 -7 -3.33333 2.1,2.00 x 2.00 x 0.10,-132.2968,-15.2240,71.3487,-140.5548,-71.2583,-10.8907,-0.965926 -0.258819 0 0.258819 -0.965926 -0 0 0 1,-132.2968,-71.3487,-15.2240,-133.276 -71.6558 -16.224 -131.318 -71.0415 -14.224
640,614,2,Robotic Hand_V5/DC Motor Driver .step-3/DC Motor Driver-18.step-1,DC Motor Driver-18.step-1,50,DC Motor Driver-18.step,DC Motor Driver-18.step.SLDPRT,DC Motor Driver .step,purchased-internal,purchased-internal,DC Motor Driver .step,True,False,0,False,False,False,False,,False,,-140.5548,-10.8907,71.2583,-0.965926 0 0.258819 0 1 -0 -0.258819 0 -0.965926,-0.965926 0 0.258819 -140.555 0 1 -0 -10.8907 -0.258819 0 -0.965926 71.2583 0 0 0 1,-9 -7.66667 2 -7 -5.66667 2.1,2.00 x 2.00 x 0.10,-132.2968,-17.5573,71.3487,-140.5548,-71.2583,-10.8907,-0.965926 -0.258819 0 0.258819 -0.965926 -0 0 0 1,-132.2968,-71.3487,-17.5573,-133.276 -71.6558 -18.5573 -131.318 -71.0415 -16.5573
641,614,2,Robotic Hand_V5/DC Motor Driver .step-3/DC Motor Driver-19.step-1,DC Motor Driver-19.step-1,51,DC Motor Driver-19.step,DC Motor Driver-19.step.SLDPRT,DC Motor Driver .step,purchased-internal,purchased-internal,DC Motor Driver .step,True,False,0,False,False,False,False,,False,,-140.5548,-10.8907,71.2583,-0.965926 0 0.258819 0 1 -0 -0.258819 0 -0.965926,-0.965926 0 0.258819 -140.555 0 1 -0 -10.8907 -0.258819 0 -0.965926 71.2583 0 0 0 1,-9 -3 2 -7 -1 2.1,2.00 x 2.00 x 0.10,-132.2968,-12.8907,71.3487,-140.5548,-71.2583,-10.8907,-0.965926 -0.258819 0 0.258819 -0.965926 -0 0 0 1,-132.2968,-71.3487,-12.8907,-133.276 -71.6558 -13.8907 -131.318 -71.0415 -11.8907
642,614,2,Robotic Hand_V5/DC Motor Driver .step-3/DC Motor Driver-20.step-1,DC Motor Driver-20.step-1,52,DC Motor Driver-20.step,DC Motor Driver-20.step.SLDPRT,DC Motor Driver .step,purchased-internal,purchased-internal,DC Motor Driver .step,True,False,0,False,False,False,False,,False,,-140.5548,-10.8907,71.2583,-0.965926 0 0.258819 0 1 -0 -0.258819 0 -0.965926,-0.965926 0 0.258819 -140.555 0 1 -0 -10.8907 -0.258819 0 -0.965926 71.2583 0 0 0 1,-9 -10 2 -7 -8 2.1,2.00 x 2.00 x 0.10,-132.2968,-19.8907,71.3487,-140.5548,-71.2583,-10.8907,-0.965926 -0.258819 0 0.258819 -0.965926 -0 0 0 1,-132.2968,-71.3487,-19.8907,-133.276 -71.6558 -20.8907 -131.318 -71.0415 -18.8907
643,614,2,Robotic Hand_V5/DC Motor Driver .step-3/DC Motor Driver-21.step-1,DC Motor Driver-21.step-1,53,DC Motor Driver-21.step,DC Motor Driver-21.step.SLDPRT,DC Motor Driver .step,purchased-internal,purchased-internal,DC Motor Driver .step,True,False,0,False,False,False,False,,False,,-140.5548,-10.8907,71.2583,-0.965926 0 0.258819 0 1 -0 -0.258819 0 -0.965926,-0.965926 0 0.258819 -140.555 0 1 -0 -10.8907 -0.258819 0 -0.965926 71.2583 0 0 0 1,-11.5 4 2 -9.5 6 2.1,2.00 x 2.00 x 0.10,-129.8820,-5.8907,71.9957,-140.5548,-71.2583,-10.8907,-0.965926 -0.258819 0 0.258819 -0.965926 -0 0 0 1,-129.8820,-71.9957,-5.8907,-130.861 -72.3028 -6.89067 -128.903 -71.6886 -4.89067
644,614,2,Robotic Hand_V5/DC Motor Driver .step-3/DC Motor Driver-22.step-1,DC Motor Driver-22.step-1,54,DC Motor Driver-22.step,DC Motor Driver-22.step.SLDPRT,DC Motor Driver .step,purchased-internal,purchased-internal,DC Motor Driver .step,True,False,0,False,False,False,False,,False,,-140.5548,-10.8907,71.2583,-0.965926 0 0.258819 0 1 -0 -0.258819 0 -0.965926,-0.965926 0 0.258819 -140.555 0 1 -0 -10.8907 -0.258819 0 -0.965926 71.2583 0 0 0 1,-11.5 7 2 -9.5 9 2.1,2.00 x 2.00 x 0.10,-129.8820,-2.8907,71.9957,-140.5548,-71.2583,-10.8907,-0.965926 -0.258819 0 0.258819 -0.965926 -0 0 0 1,-129.8820,-71.9957,-2.8907,-130.861 -72.3028 -3.89067 -128.903 -71.6886 -1.89067
645,614,2,Robotic Hand_V5/DC Motor Driver .step-3/DC Motor Driver-23.step-1,DC Motor Driver-23.step-1,55,DC Motor Driver-23.step,DC Motor Driver-23.step.SLDPRT,DC Motor Driver .step,purchased-internal,purchased-internal,DC Motor Driver .step,True,False,0,False,False,False,False,,False,,-140.5548,-10.8907,71.2583,-0.965926 0 0.258819 0 1 -0 -0.258819 0 -0.965926,-0.965926 0 0.258819 -140.555 0 1 -0 -10.8907 -0.258819 0 -0.965926 71.2583 0 0 0 1,-12 -1 2 -8 3 2.1,4.00 x 4.00 x 0.10,-130.3650,-9.8907,71.8663,-140.5548,-71.2583,-10.8907,-0.965926 -0.258819 0 0.258819 -0.965926 -0 0 0 1,-130.3650,-71.8663,-9.8907,-132.31 -72.4322 -11.8907 -128.42 -71.3004 -7.89067
646,614,2,Robotic Hand_V5/DC Motor Driver .step-3/DC Motor Driver-24.step-1,DC Motor Driver-24.step-1,56,DC Motor Driver-24.step,DC Motor Driver-24.step.SLDPRT,DC Motor Driver .step,purchased-internal,purchased-internal,DC Motor Driver .step,True,False,0,False,False,False,False,,False,,-140.5548,-10.8907,71.2583,-0.965926 0 0.258819 0 1 -0 -0.258819 0 -0.965926,-0.965926 0 0.258819 -140.555 0 1 -0 -10.8907 -0.258819 0 -0.965926 71.2583 0 0 0 1,7 -5.33333 2 9 -3.33333 2.1,2.00 x 2.00 x 0.10,-147.7516,-15.2240,67.2075,-140.5548,-71.2583,-10.8907,-0.965926 -0.258819 0 0.258819 -0.965926 -0 0 0 1,-147.7516,-67.2075,-15.2240,-148.73 -67.5147 -16.224 -146.773 -66.9004 -14.224
647,614,2,Robotic Hand_V5/DC Motor Driver .step-3/DC Motor Driver-25.step-1,DC Motor Driver-25.step-1,57,DC Motor Driver-25.step,DC Motor Driver-25.step.SLDPRT,DC Motor Driver .step,purchased-internal,purchased-internal,DC Motor Driver .step,True,False,0,False,False,False,False,,False,,-140.5548,-10.8907,71.2583,-0.965926 0 0.258819 0 1 -0 -0.258819 0 -0.965926,-0.965926 0 0.258819 -140.555 0 1 -0 -10.8907 -0.258819 0 -0.965926 71.2583 0 0 0 1,7 -7.66667 2 9 -5.66667 2.1,2.00 x 2.00 x 0.10,-147.7516,-17.5573,67.2075,-140.5548,-71.2583,-10.8907,-0.965926 -0.258819 0 0.258819 -0.965926 -0 0 0 1,-147.7516,-67.2075,-17.5573,-148.73 -67.5147 -18.5573 -146.773 -66.9004 -16.5573
648,614,2,Robotic Hand_V5/DC Motor Driver .step-3/DC Motor Driver-26.step-1,DC Motor Driver-26.step-1,58,DC Motor Driver-26.step,DC Motor Driver-26.step.SLDPRT,DC Motor Driver .step,purchased-internal,purchased-internal,DC Motor Driver .step,True,False,0,False,False,False,False,,False,,-140.5548,-10.8907,71.2583,-0.965926 0 0.258819 0 1 -0 -0.258819 0 -0.965926,-0.965926 0 0.258819 -140.555 0 1 -0 -10.8907 -0.258819 0 -0.965926 71.2583 0 0 0 1,7 -3 2 9 -1 2.1,2.00 x 2.00 x 0.10,-147.7516,-12.8907,67.2075,-140.5548,-71.2583,-10.8907,-0.965926 -0.258819 0 0.258819 -0.965926 -0 0 0 1,-147.7516,-67.2075,-12.8907,-148.73 -67.5147 -13.8907 -146.773 -66.9004 -11.8907
649,614,2,Robotic Hand_V5/DC Motor Driver .step-3/DC Motor Driver-27.step-1,DC Motor Driver-27.step-1,59,DC Motor Driver-27.step,DC Motor Driver-27.step.SLDPRT,DC Motor Driver .step,purchased-internal,purchased-internal,DC Motor Driver .step,True,False,0,False,False,False,False,,False,,-140.5548,-10.8907,71.2583,-0.965926 0 0.258819 0 1 -0 -0.258819 0 -0.965926,-0.965926 0 0.258819 -140.555 0 1 -0 -10.8907 -0.258819 0 -0.965926 71.2583 0 0 0 1,7 -10 2 9 -8 2.1,2.00 x 2.00 x 0.10,-147.7516,-19.8907,67.2075,-140.5548,-71.2583,-10.8907,-0.965926 -0.258819 0 0.258819 -0.965926 -0 0 0 1,-147.7516,-67.2075,-19.8907,-148.73 -67.5147 -20.8907 -146.773 -66.9004 -18.8907
650,,1,Robotic Hand_V5/DC Motor Driver .step-4,DC Motor Driver .step-4,2135,DC Motor Driver .step,DC Motor Driver .step.SLDASM,DC Motor Driver .step,electronics,driver-board,DC Motor Driver .step,False,True,35,False,False,False,False,Yes,False,,-92.8381,-10.8907,84.0439,-0.965926 -0 0.258819 0 1 0 -0.258819 0 -0.965926,-0.965926 -0 0.258819 -92.8381 0 1 0 -10.8907 -0.258819 0 -0.965926 84.0439 0 0 0 1,-12.35 -10.5 0 12.35 10.5 5,24.70 x 21.00 x 5.00,-92.1910,-10.8907,81.6291,-92.8381,-84.0439,-10.8907,-0.965926 -0.258819 -0 0.258819 -0.965926 -0 0 -0 1,-92.1910,-81.6291,-10.8907,-104.767 -87.2403 -21.3907 -79.6148 -76.0179 -0.390673
651,650,2,Robotic Hand_V5/DC Motor Driver .step-4/Component1.step-1,Component1.step-1,24,Component1.step,Component1.step.SLDPRT,DC Motor Driver .step,purchased-internal,purchased-internal,DC Motor Driver .step,True,False,0,False,False,False,False,,False,,-92.8381,-10.8907,84.0439,-0.965926 -0 0.258819 0 1 0 -0.258819 0 -0.965926,-0.965926 -0 0.258819 -92.8381 0 1 0 -10.8907 -0.258819 0 -0.965926 84.0439 0 0 0 1,10 6.04688 2 11.1172 9 3,1.12 x 2.95 x 1.00,-102.3898,-3.3672,78.8963,-92.8381,-84.0439,-10.8907,-0.965926 -0.258819 -0 0.258819 -0.965926 -0 0 -0 1,-102.3898,-78.8963,-3.3672,-103.059 -79.5239 -4.8438 -101.721 -78.2688 -1.89067
652,650,2,Robotic Hand_V5/DC Motor Driver .step-4/Component2.step-1,Component2.step-1,25,Component2.step,Component2.step.SLDPRT,DC Motor Driver .step,purchased-internal,purchased-internal,DC Motor Driver .step,True,False,0,False,False,False,False,,False,,-92.8381,-10.8907,84.0439,-0.965926 -0 0.258819 0 1 0 -0.258819 0 -0.965926,-0.965926 -0 0.258819 -92.8381 0 1 0 -10.8907 -0.258819 0 -0.965926 84.0439 0 0 0 1,10 6.55586 2 11.1172 8.55543 3,1.12 x 2.00 x 1.00,-102.3898,-3.3350,78.8963,-92.8381,-84.0439,-10.8907,-0.965926 -0.258819 -0 0.258819 -0.965926 -0 0 -0 1,-102.3898,-78.8963,-3.3350,-103.059 -79.5239 -4.33481 -101.721 -78.2688 -2.33524
653,650,2,Robotic Hand_V5/DC Motor Driver .step-4/Component3.step-1,Component3.step-1,26,Component3.step,Component3.step.SLDPRT,DC Motor Driver .step,purchased-internal,purchased-internal,DC Motor Driver .step,True,False,0,False,False,False,False,,False,,-92.8381,-10.8907,84.0439,-0.965926 -0 0.258819 0 1 0 -0.258819 0 -0.965926,-0.965926 -0 0.258819 -92.8381 0 1 0 -10.8907 -0.258819 0 -0.965926 84.0439 0 0 0 1,8 6.04688 2 9 9 3,1.00 x 2.95 x 1.00,-100.4014,-3.3672,79.4291,-92.8381,-84.0439,-10.8907,-0.965926 -0.258819 -0 0.258819 -0.965926 -0 0 -0 1,-100.4014,-79.4291,-3.3672,-101.014 -80.0415 -4.8438 -99.789 -78.8168 -1.89067
654,650,2,Robotic Hand_V5/DC Motor Driver .step-4/Component4.step-1,Component4.step-1,27,Component4.step,Component4.step.SLDPRT,DC Motor Driver .step,purchased-internal,purchased-internal,DC Motor Driver .step,True,False,0,False,False,False,False,,False,,-92.8381,-10.8907,84.0439,-0.965926 -0 0.258819 0 1 0 -0.258819 0 -0.965926,-0.965926 -0 0.258819 -92.8381 0 1 0 -10.8907 -0.258819 0 -0.965926 84.0439 0 0 0 1,8 6.55586 2 9 8.5 3,1.00 x 1.94 x 1.00,-100.4014,-3.3627,79.4291,-92.8381,-84.0439,-10.8907,-0.965926 -0.258819 -0 0.258819 -0.965926 -0 0 -0 1,-100.4014,-79.4291,-3.3627,-101.014 -80.0415 -4.33481 -99.789 -78.8168 -2.39067
655,650,2,Robotic Hand_V5/DC Motor Driver .step-4/Component5.step-1,Component5.step-1,28,Component5.step,Component5.step.SLDPRT,DC Motor Driver .step,purchased-internal,purchased-internal,DC Motor Driver .step,True,False,0,False,False,False,False,,False,,-92.8381,-10.8907,84.0439,-0.965926 -0 0.258819 0 1 0 -0.258819 0 -0.965926,-0.965926 -0 0.258819 -92.8381 0 1 0 -10.8907 -0.258819 0 -0.965926 84.0439 0 0 0 1,-11.4797 -9.76475 2 -9.42664 -1.47552 2.01,2.05 x 8.29 x 0.01,-82.2221,-16.5108,84.8127,-92.8381,-84.0439,-10.8907,-0.965926 -0.258819 -0 0.258819 -0.965926 -0 0 -0 1,-82.2221,-84.8127,-16.5108,-83.215 -85.0832 -20.6554 -81.2293 -84.5422 -12.3662
656,650,2,Robotic Hand_V5/DC Motor Driver .step-4/Component6.step-1,Component6.step-1,29,Component6.step,Component6.step.SLDPRT,DC Motor Driver .step,purchased-internal,purchased-internal,DC Motor Driver .step,True,False,0,False,False,False,False,,False,,-92.8381,-10.8907,84.0439,-0.965926 -0 0.258819 0 1 0 -0.258819 0 -0.965926,-0.965926 -0 0.258819 -92.8381 0 1 0 -10.8907 -0.258819 0 -0.965926 84.0439 0 0 0 1,9.4 -9.767 2 10.1131 -1.18696 2.01,0.71 x 8.58 x 0.01,-101.7432,-16.3677,79.5821,-92.8381,-84.0439,-10.8907,-0.965926 -0.258819 -0 0.258819 -0.965926 -0 0 -0 1,-101.7432,-79.5821,-16.3677,-102.089 -79.6792 -20.6577 -101.398 -79.4849 -12.0776
657,650,2,Robotic Hand_V5/DC Motor Driver .step-4/DC Motor Driver.step-1,DC Motor Driver.step-1,30,DC Motor Driver.step,DC Motor Driver.step.SLDPRT,DC Motor Driver .step,purchased-internal,purchased-internal,DC Motor Driver .step,True,False,0,False,False,False,False,,False,,-92.8381,-10.8907,84.0439,-0.965926 -0 0.258819 0 1 0 -0.258819 0 -0.965926,-0.965926 -0 0.258819 -92.8381 0 1 0 -10.8907 -0.258819 0 -0.965926 84.0439 0 0 0 1,-12.35 -10.5 0 12.35 10.5 5,24.70 x 21.00 x 5.00,-92.1910,-10.8907,81.6291,-92.8381,-84.0439,-10.8907,-0.965926 -0.258819 -0 0.258819 -0.965926 -0 0 -0 1,-92.1910,-81.6291,-10.8907,-104.767 -87.2403 -21.3907 -79.6148 -76.0179 -0.390673
658,650,2,Robotic Hand_V5/DC Motor Driver .step-4/DC Motor Driver-0.step-1,DC Motor Driver-0.step-1,31,DC Motor Driver-0.step,DC Motor Driver-0.step.SLDPRT,DC Motor Driver .step,purchased-internal,purchased-internal,DC Motor Driver .step,True,False,0,False,False,False,False,,False,,-92.8381,-10.8907,84.0439,-0.965926 -0 0.258819 0 1 0 -0.258819 0 -0.965926,-0.965926 -0 0.258819 -92.8381 0 1 0 -10.8907 -0.258819 0 -0.965926 84.0439 0 0 0 1,-1.5 -9.5 2 1.5 -1 3,3.00 x 8.50 x 1.00,-92.1910,-16.1407,81.6291,-92.8381,-84.0439,-10.8907,-0.965926 -0.258819 -0 0.258819 -0.965926 -0 0 -0 1,-92.1910,-81.6291,-16.1407,-93.7693 -82.5003 -20.3907 -90.6127 -80.7579 -11.8907
659,650,2,Robotic Hand_V5/DC Motor Driver .step-4/DC Motor Driver-1.step-1,DC Motor Driver-1.step-1,32,DC Motor Driver-1.step,DC Motor Driver-1.step.SLDPRT,DC Motor Driver .step,purchased-internal,purchased-internal,DC Motor Driver .step,True,False,0,False,False,False,False,,False,,-92.8381,-10.8907,84.0439,-0.965926 -0 0.258819 0 1 0 -0.258819 0 -0.965926,-0.965926 -0 0.258819 -92.8381 0 1 0 -10.8907 -0.258819 0 -0.965926 84.0439 0 0 0 1,1.5 -4 2 2.5 -3.5 2.5,1.00 x 0.50 x 0.50,-94.1876,-14.6407,81.3529,-92.8381,-84.0439,-10.8907,-0.965926 -0.258819 -0 0.258819 -0.965926 -0 0 -0 1,-94.1876,-81.3529,-14.6407,-94.7352 -81.7238 -14.8907 -93.6399 -80.982 -14.3907
660,650,2,Robotic Hand_V5/DC Motor Driver .step-4/DC Motor Driver-2.step-1,DC Motor Driver-2.step-1,33,DC Motor Driver-2.step,DC Motor Driver-2.step.SLDPRT,DC Motor Driver .step,purchased-internal,purchased-internal,DC Motor Driver .step,True,False,0,False,False,False,False,,False,,-92.8381,-10.8907,84.0439,-0.965926 -0 0.258819 0 1 0 -0.258819 0 -0.965926,-0.965926 -0 0.258819 -92.8381 0 1 0 -10.8907 -0.258819 0 -0.965926 84.0439 0 0 0 1,1.5 -8 2 2.5 -7.5 2.5,1.00 x 0.50 x 0.50,-94.1876,-18.6407,81.3529,-92.8381,-84.0439,-10.8907,-0.965926 -0.258819 -0 0.258819 -0.965926 -0 0 -0 1,-94.1876,-81.3529,-18.6407,-94.7352 -81.7238 -18.8907 -93.6399 -80.982 -18.3907
661,650,2,Robotic Hand_V5/DC Motor Driver .step-4/DC Motor Driver-3.step-1,DC Motor Driver-3.step-1,34,DC Motor Driver-3.step,DC Motor Driver-3.step.SLDPRT,DC Motor Driver .step,purchased-internal,purchased-internal,DC Motor Driver .step,True,False,0,False,False,False,False,,False,,-92.8381,-10.8907,84.0439,-0.965926 -0 0.258819 0 1 0 -0.258819 0 -0.965926,-0.965926 -0 0.258819 -92.8381 0 1 0 -10.8907 -0.258819 0 -0.965926 84.0439 0 0 0 1,-2.5 -7 2 -1.5 -6.5 2.5,1.00 x 0.50 x 0.50,-90.3239,-17.6407,82.3882,-92.8381,-84.0439,-10.8907,-0.965926 -0.258819 -0 0.258819 -0.965926 -0 0 -0 1,-90.3239,-82.3882,-17.6407,-90.8715 -82.7591 -17.8907 -89.7762 -82.0173 -17.3907
662,650,2,Robotic Hand_V5/DC Motor Driver .step-4/DC Motor Driver-4.step-1,DC Motor Driver-4.step-1,35,DC Motor Driver-4.step,DC Motor Driver-4.step.SLDPRT,DC Motor Driver .step,purchased-internal,purchased-internal,DC Motor Driver .step,True,False,0,False,False,False,False,,False,,-92.8381,-10.8907,84.0439,-0.965926 -0 0.258819 0 1 0 -0.258819 0 -0.965926,-0.965926 -0 0.258819 -92.8381 0 1 0 -10.8907 -0.258819 0 -0.965926 84.0439 0 0 0 1,-2.5 -3 2 -1.5 -2.5 2.5,1.00 x 0.50 x 0.50,-90.3239,-13.6407,82.3882,-92.8381,-84.0439,-10.8907,-0.965926 -0.258819 -0 0.258819 -0.965926 -0 0 -0 1,-90.3239,-82.3882,-13.6407,-90.8715 -82.7591 -13.8907 -89.7762 -82.0173 -13.3907
663,650,2,Robotic Hand_V5/DC Motor Driver .step-4/DC Motor Driver-5.step-1,DC Motor Driver-5.step-1,36,DC Motor Driver-5.step,DC Motor Driver-5.step.SLDPRT,DC Motor Driver .step,purchased-internal,purchased-internal,DC Motor Driver .step,True,False,0,False,False,False,False,,False,,-92.8381,-10.8907,84.0439,-0.965926 -0 0.258819 0 1 0 -0.258819 0 -0.965926,-0.965926 -0 0.258819 -92.8381 0 1 0 -10.8907 -0.258819 0 -0.965926 84.0439 0 0 0 1,-2.5 -4 2 -1.5 -3.5 2.5,1.00 x 0.50 x 0.50,-90.3239,-14.6407,82.3882,-92.8381,-84.0439,-10.8907,-0.965926 -0.258819 -0 0.258819 -0.965926 -0 0 -0 1,-90.3239,-82.3882,-14.6407,-90.8715 -82.7591 -14.8907 -89.7762 -82.0173 -14.3907
664,650,2,Robotic Hand_V5/DC Motor Driver .step-4/DC Motor Driver-6.step-1,DC Motor Driver-6.step-1,37,DC Motor Driver-6.step,DC Motor Driver-6.step.SLDPRT,DC Motor Driver .step,purchased-internal,purchased-internal,DC Motor Driver .step,True,False,0,False,False,False,False,,False,,-92.8381,-10.8907,84.0439,-0.965926 -0 0.258819 0 1 0 -0.258819 0 -0.965926,-0.965926 -0 0.258819 -92.8381 0 1 0 -10.8907 -0.258819 0 -0.965926 84.0439 0 0 0 1,-2.5 -8 2 -1.5 -7.5 2.5,1.00 x 0.50 x 0.50,-90.3239,-18.6407,82.3882,-92.8381,-84.0439,-10.8907,-0.965926 -0.258819 -0 0.258819 -0.965926 -0 0 -0 1,-90.3239,-82.3882,-18.6407,-90.8715 -82.7591 -18.8907 -89.7762 -82.0173 -18.3907
665,650,2,Robotic Hand_V5/DC Motor Driver .step-4/DC Motor Driver-7.step-1,DC Motor Driver-7.step-1,39,DC Motor Driver-7.step,DC Motor Driver-7.step.SLDPRT,DC Motor Driver .step,purchased-internal,purchased-internal,DC Motor Driver .step,True,False,0,False,False,False,False,,False,,-92.8381,-10.8907,84.0439,-0.965926 -0 0.258819 0 1 0 -0.258819 0 -0.965926,-0.965926 -0 0.258819 -92.8381 0 1 0 -10.8907 -0.258819 0 -0.965926 84.0439 0 0 0 1,1.5 -7 2 2.5 -6.5 2.5,1.00 x 0.50 x 0.50,-94.1876,-17.6407,81.3529,-92.8381,-84.0439,-10.8907,-0.965926 -0.258819 -0 0.258819 -0.965926 -0 0 -0 1,-94.1876,-81.3529,-17.6407,-94.7352 -81.7238 -17.8907 -93.6399 -80.982 -17.3907
666,650,2,Robotic Hand_V5/DC Motor Driver .step-4/DC Motor Driver-8.step-1,DC Motor Driver-8.step-1,40,DC Motor Driver-8.step,DC Motor Driver-8.step.SLDPRT,DC Motor Driver .step,purchased-internal,purchased-internal,DC Motor Driver .step,True,False,0,False,False,False,False,,False,,-92.8381,-10.8907,84.0439,-0.965926 -0 0.258819 0 1 0 -0.258819 0 -0.965926,-0.965926 -0 0.258819 -92.8381 0 1 0 -10.8907 -0.258819 0 -0.965926 84.0439 0 0 0 1,1.5 -5 2 2.5 -4.5 2.5,1.00 x 0.50 x 0.50,-94.1876,-15.6407,81.3529,-92.8381,-84.0439,-10.8907,-0.965926 -0.258819 -0 0.258819 -0.965926 -0 0 -0 1,-94.1876,-81.3529,-15.6407,-94.7352 -81.7238 -15.8907 -93.6399 -80.982 -15.3907
667,650,2,Robotic Hand_V5/DC Motor Driver .step-4/DC Motor Driver-9.step-1,DC Motor Driver-9.step-1,41,DC Motor Driver-9.step,DC Motor Driver-9.step.SLDPRT,DC Motor Driver .step,purchased-internal,purchased-internal,DC Motor Driver .step,True,False,0,False,False,False,False,,False,,-92.8381,-10.8907,84.0439,-0.965926 -0 0.258819 0 1 0 -0.258819 0 -0.965926,-0.965926 -0 0.258819 -92.8381 0 1 0 -10.8907 -0.258819 0 -0.965926 84.0439 0 0 0 1,1.5 -3 2 2.5 -2.5 2.5,1.00 x 0.50 x 0.50,-94.1876,-13.6407,81.3529,-92.8381,-84.0439,-10.8907,-0.965926 -0.258819 -0 0.258819 -0.965926 -0 0 -0 1,-94.1876,-81.3529,-13.6407,-94.7352 -81.7238 -13.8907 -93.6399 -80.982 -13.3907
668,650,2,Robotic Hand_V5/DC Motor Driver .step-4/DC Motor Driver-10.step-1,DC Motor Driver-10.step-1,42,DC Motor Driver-10.step,DC Motor Driver-10.step.SLDPRT,DC Motor Driver .step,purchased-internal,purchased-internal,DC Motor Driver .step,True,False,0,False,False,False,False,,False,,-92.8381,-10.8907,84.0439,-0.965926 -0 0.258819 0 1 0 -0.258819 0 -0.965926,-0.965926 -0 0.258819 -92.8381 0 1 0 -10.8907 -0.258819 0 -0.965926 84.0439 0 0 0 1,1.5 -9 2 2.5 -8.5 2.5,1.00 x 0.50 x 0.50,-94.1876,-19.6407,81.3529,-92.8381,-84.0439,-10.8907,-0.965926 -0.258819 -0 0.258819 -0.965926 -0 0 -0 1,-94.1876,-81.3529,-19.6407,-94.7352 -81.7238 -19.8907 -93.6399 -80.982 -19.3907
669,650,2,Robotic Hand_V5/DC Motor Driver .step-4/DC Motor Driver-11.step-1,DC Motor Driver-11.step-1,43,DC Motor Driver-11.step,DC Motor Driver-11.step.SLDPRT,DC Motor Driver .step,purchased-internal,purchased-internal,DC Motor Driver .step,True,False,0,False,False,False,False,,False,,-92.8381,-10.8907,84.0439,-0.965926 -0 0.258819 0 1 0 -0.258819 0 -0.965926,-0.965926 -0 0.258819 -92.8381 0 1 0 -10.8907 -0.258819 0 -0.965926 84.0439 0 0 0 1,-2.5 -6 2 -1.5 -5.5 2.5,1.00 x 0.50 x 0.50,-90.3239,-16.6407,82.3882,-92.8381,-84.0439,-10.8907,-0.965926 -0.258819 -0 0.258819 -0.965926 -0 0 -0 1,-90.3239,-82.3882,-16.6407,-90.8715 -82.7591 -16.8907 -89.7762 -82.0173 -16.3907
670,650,2,Robotic Hand_V5/DC Motor Driver .step-4/DC Motor Driver-12.step-1,DC Motor Driver-12.step-1,44,DC Motor Driver-12.step,DC Motor Driver-12.step.SLDPRT,DC Motor Driver .step,purchased-internal,purchased-internal,DC Motor Driver .step,True,False,0,False,False,False,False,,False,,-92.8381,-10.8907,84.0439,-0.965926 -0 0.258819 0 1 0 -0.258819 0 -0.965926,-0.965926 -0 0.258819 -92.8381 0 1 0 -10.8907 -0.258819 0 -0.965926 84.0439 0 0 0 1,-2.5 -2 2 -1.5 -1.5 2.5,1.00 x 0.50 x 0.50,-90.3239,-12.6407,82.3882,-92.8381,-84.0439,-10.8907,-0.965926 -0.258819 -0 0.258819 -0.965926 -0 0 -0 1,-90.3239,-82.3882,-12.6407,-90.8715 -82.7591 -12.8907 -89.7762 -82.0173 -12.3907
671,650,2,Robotic Hand_V5/DC Motor Driver .step-4/DC Motor Driver-13.step-1,DC Motor Driver-13.step-1,45,DC Motor Driver-13.step,DC Motor Driver-13.step.SLDPRT,DC Motor Driver .step,purchased-internal,purchased-internal,DC Motor Driver .step,True,False,0,False,False,False,False,,False,,-92.8381,-10.8907,84.0439,-0.965926 -0 0.258819 0 1 0 -0.258819 0 -0.965926,-0.965926 -0 0.258819 -92.8381 0 1 0 -10.8907 -0.258819 0 -0.965926 84.0439 0 0 0 1,-2.5 -5 2 -1.5 -4.5 2.5,1.00 x 0.50 x 0.50,-90.3239,-15.6407,82.3882,-92.8381,-84.0439,-10.8907,-0.965926 -0.258819 -0 0.258819 -0.965926 -0 0 -0 1,-90.3239,-82.3882,-15.6407,-90.8715 -82.7591 -15.8907 -89.7762 -82.0173 -15.3907
672,650,2,Robotic Hand_V5/DC Motor Driver .step-4/DC Motor Driver-14.step-1,DC Motor Driver-14.step-1,46,DC Motor Driver-14.step,DC Motor Driver-14.step.SLDPRT,DC Motor Driver .step,purchased-internal,purchased-internal,DC Motor Driver .step,True,False,0,False,False,False,False,,False,,-92.8381,-10.8907,84.0439,-0.965926 -0 0.258819 0 1 0 -0.258819 0 -0.965926,-0.965926 -0 0.258819 -92.8381 0 1 0 -10.8907 -0.258819 0 -0.965926 84.0439 0 0 0 1,-2.5 -9 2 -1.5 -8.5 2.5,1.00 x 0.50 x 0.50,-90.3239,-19.6407,82.3882,-92.8381,-84.0439,-10.8907,-0.965926 -0.258819 -0 0.258819 -0.965926 -0 0 -0 1,-90.3239,-82.3882,-19.6407,-90.8715 -82.7591 -19.8907 -89.7762 -82.0173 -19.3907
673,650,2,Robotic Hand_V5/DC Motor Driver .step-4/DC Motor Driver-15.step-1,DC Motor Driver-15.step-1,47,DC Motor Driver-15.step,DC Motor Driver-15.step.SLDPRT,DC Motor Driver .step,purchased-internal,purchased-internal,DC Motor Driver .step,True,False,0,False,False,False,False,,False,,-92.8381,-10.8907,84.0439,-0.965926 -0 0.258819 0 1 0 -0.258819 0 -0.965926,-0.965926 -0 0.258819 -92.8381 0 1 0 -10.8907 -0.258819 0 -0.965926 84.0439 0 0 0 1,1.5 -2 2 2.5 -1.5 2.5,1.00 x 0.50 x 0.50,-94.1876,-12.6407,81.3529,-92.8381,-84.0439,-10.8907,-0.965926 -0.258819 -0 0.258819 -0.965926 -0 0 -0 1,-94.1876,-81.3529,-12.6407,-94.7352 -81.7238 -12.8907 -93.6399 -80.982 -12.3907
674,650,2,Robotic Hand_V5/DC Motor Driver .step-4/DC Motor Driver-16.step-1,DC Motor Driver-16.step-1,48,DC Motor Driver-16.step,DC Motor Driver-16.step.SLDPRT,DC Motor Driver .step,purchased-internal,purchased-internal,DC Motor Driver .step,True,False,0,False,False,False,False,,False,,-92.8381,-10.8907,84.0439,-0.965926 -0 0.258819 0 1 0 -0.258819 0 -0.965926,-0.965926 -0 0.258819 -92.8381 0 1 0 -10.8907 -0.258819 0 -0.965926 84.0439 0 0 0 1,1.5 -6 2 2.5 -5.5 2.5,1.00 x 0.50 x 0.50,-94.1876,-16.6407,81.3529,-92.8381,-84.0439,-10.8907,-0.965926 -0.258819 -0 0.258819 -0.965926 -0 0 -0 1,-94.1876,-81.3529,-16.6407,-94.7352 -81.7238 -16.8907 -93.6399 -80.982 -16.3907
675,650,2,Robotic Hand_V5/DC Motor Driver .step-4/DC Motor Driver-17.step-1,DC Motor Driver-17.step-1,49,DC Motor Driver-17.step,DC Motor Driver-17.step.SLDPRT,DC Motor Driver .step,purchased-internal,purchased-internal,DC Motor Driver .step,True,False,0,False,False,False,False,,False,,-92.8381,-10.8907,84.0439,-0.965926 -0 0.258819 0 1 0 -0.258819 0 -0.965926,-0.965926 -0 0.258819 -92.8381 0 1 0 -10.8907 -0.258819 0 -0.965926 84.0439 0 0 0 1,-9 -5.33333 2 -7 -3.33333 2.1,2.00 x 2.00 x 0.10,-84.5801,-15.2240,84.1343,-92.8381,-84.0439,-10.8907,-0.965926 -0.258819 -0 0.258819 -0.965926 -0 0 -0 1,-84.5801,-84.1343,-15.2240,-85.5589 -84.4414 -16.224 -83.6012 -83.8272 -14.224
676,650,2,Robotic Hand_V5/DC Motor Driver .step-4/DC Motor Driver-18.step-1,DC Motor Driver-18.step-1,50,DC Motor Driver-18.step,DC Motor Driver-18.step.SLDPRT,DC Motor Driver .step,purchased-internal,purchased-internal,DC Motor Driver .step,True,False,0,False,False,False,False,,False,,-92.8381,-10.8907,84.0439,-0.965926 -0 0.258819 0 1 0 -0.258819 0 -0.965926,-0.965926 -0 0.258819 -92.8381 0 1 0 -10.8907 -0.258819 0 -0.965926 84.0439 0 0 0 1,-9 -7.66667 2 -7 -5.66667 2.1,2.00 x 2.00 x 0.10,-84.5801,-17.5573,84.1343,-92.8381,-84.0439,-10.8907,-0.965926 -0.258819 -0 0.258819 -0.965926 -0 0 -0 1,-84.5801,-84.1343,-17.5573,-85.5589 -84.4414 -18.5573 -83.6012 -83.8272 -16.5573
677,650,2,Robotic Hand_V5/DC Motor Driver .step-4/DC Motor Driver-19.step-1,DC Motor Driver-19.step-1,51,DC Motor Driver-19.step,DC Motor Driver-19.step.SLDPRT,DC Motor Driver .step,purchased-internal,purchased-internal,DC Motor Driver .step,True,False,0,False,False,False,False,,False,,-92.8381,-10.8907,84.0439,-0.965926 -0 0.258819 0 1 0 -0.258819 0 -0.965926,-0.965926 -0 0.258819 -92.8381 0 1 0 -10.8907 -0.258819 0 -0.965926 84.0439 0 0 0 1,-9 -3 2 -7 -1 2.1,2.00 x 2.00 x 0.10,-84.5801,-12.8907,84.1343,-92.8381,-84.0439,-10.8907,-0.965926 -0.258819 -0 0.258819 -0.965926 -0 0 -0 1,-84.5801,-84.1343,-12.8907,-85.5589 -84.4414 -13.8907 -83.6012 -83.8272 -11.8907
678,650,2,Robotic Hand_V5/DC Motor Driver .step-4/DC Motor Driver-20.step-1,DC Motor Driver-20.step-1,52,DC Motor Driver-20.step,DC Motor Driver-20.step.SLDPRT,DC Motor Driver .step,purchased-internal,purchased-internal,DC Motor Driver .step,True,False,0,False,False,False,False,,False,,-92.8381,-10.8907,84.0439,-0.965926 -0 0.258819 0 1 0 -0.258819 0 -0.965926,-0.965926 -0 0.258819 -92.8381 0 1 0 -10.8907 -0.258819 0 -0.965926 84.0439 0 0 0 1,-9 -10 2 -7 -8 2.1,2.00 x 2.00 x 0.10,-84.5801,-19.8907,84.1343,-92.8381,-84.0439,-10.8907,-0.965926 -0.258819 -0 0.258819 -0.965926 -0 0 -0 1,-84.5801,-84.1343,-19.8907,-85.5589 -84.4414 -20.8907 -83.6012 -83.8272 -18.8907
679,650,2,Robotic Hand_V5/DC Motor Driver .step-4/DC Motor Driver-21.step-1,DC Motor Driver-21.step-1,53,DC Motor Driver-21.step,DC Motor Driver-21.step.SLDPRT,DC Motor Driver .step,purchased-internal,purchased-internal,DC Motor Driver .step,True,False,0,False,False,False,False,,False,,-92.8381,-10.8907,84.0439,-0.965926 -0 0.258819 0 1 0 -0.258819 0 -0.965926,-0.965926 -0 0.258819 -92.8381 0 1 0 -10.8907 -0.258819 0 -0.965926 84.0439 0 0 0 1,-11.5 4 2 -9.5 6 2.1,2.00 x 2.00 x 0.10,-82.1653,-5.8907,84.7814,-92.8381,-84.0439,-10.8907,-0.965926 -0.258819 -0 0.258819 -0.965926 -0 0 -0 1,-82.1653,-84.7814,-5.8907,-83.1441 -85.0885 -6.89067 -81.1864 -84.4742 -4.89067
680,650,2,Robotic Hand_V5/DC Motor Driver .step-4/DC Motor Driver-22.step-1,DC Motor Driver-22.step-1,54,DC Motor Driver-22.step,DC Motor Driver-22.step.SLDPRT,DC Motor Driver .step,purchased-internal,purchased-internal,DC Motor Driver .step,True,False,0,False,False,False,False,,False,,-92.8381,-10.8907,84.0439,-0.965926 -0 0.258819 0 1 0 -0.258819 0 -0.965926,-0.965926 -0 0.258819 -92.8381 0 1 0 -10.8907 -0.258819 0 -0.965926 84.0439 0 0 0 1,-11.5 7 2 -9.5 9 2.1,2.00 x 2.00 x 0.10,-82.1653,-2.8907,84.7814,-92.8381,-84.0439,-10.8907,-0.965926 -0.258819 -0 0.258819 -0.965926 -0 0 -0 1,-82.1653,-84.7814,-2.8907,-83.1441 -85.0885 -3.89067 -81.1864 -84.4742 -1.89067
681,650,2,Robotic Hand_V5/DC Motor Driver .step-4/DC Motor Driver-23.step-1,DC Motor Driver-23.step-1,55,DC Motor Driver-23.step,DC Motor Driver-23.step.SLDPRT,DC Motor Driver .step,purchased-internal,purchased-internal,DC Motor Driver .step,True,False,0,False,False,False,False,,False,,-92.8381,-10.8907,84.0439,-0.965926 -0 0.258819 0 1 0 -0.258819 0 -0.965926,-0.965926 -0 0.258819 -92.8381 0 1 0 -10.8907 -0.258819 0 -0.965926 84.0439 0 0 0 1,-12 -1 2 -8 3 2.1,4.00 x 4.00 x 0.10,-82.6482,-9.8907,84.6520,-92.8381,-84.0439,-10.8907,-0.965926 -0.258819 -0 0.258819 -0.965926 -0 0 -0 1,-82.6482,-84.6520,-9.8907,-84.593 -85.2179 -11.8907 -80.7034 -84.086 -7.89067
682,650,2,Robotic Hand_V5/DC Motor Driver .step-4/DC Motor Driver-24.step-1,DC Motor Driver-24.step-1,56,DC Motor Driver-24.step,DC Motor Driver-24.step.SLDPRT,DC Motor Driver .step,purchased-internal,purchased-internal,DC Motor Driver .step,True,False,0,False,False,False,False,,False,,-92.8381,-10.8907,84.0439,-0.965926 -0 0.258819 0 1 0 -0.258819 0 -0.965926,-0.965926 -0 0.258819 -92.8381 0 1 0 -10.8907 -0.258819 0 -0.965926 84.0439 0 0 0 1,7 -5.33333 2 9 -3.33333 2.1,2.00 x 2.00 x 0.10,-100.0349,-15.2240,79.9932,-92.8381,-84.0439,-10.8907,-0.965926 -0.258819 -0 0.258819 -0.965926 -0 0 -0 1,-100.0349,-79.9932,-15.2240,-101.014 -80.3003 -16.224 -99.056 -79.6861 -14.224
683,650,2,Robotic Hand_V5/DC Motor Driver .step-4/DC Motor Driver-25.step-1,DC Motor Driver-25.step-1,57,DC Motor Driver-25.step,DC Motor Driver-25.step.SLDPRT,DC Motor Driver .step,purchased-internal,purchased-internal,DC Motor Driver .step,True,False,0,False,False,False,False,,False,,-92.8381,-10.8907,84.0439,-0.965926 -0 0.258819 0 1 0 -0.258819 0 -0.965926,-0.965926 -0 0.258819 -92.8381 0 1 0 -10.8907 -0.258819 0 -0.965926 84.0439 0 0 0 1,7 -7.66667 2 9 -5.66667 2.1,2.00 x 2.00 x 0.10,-100.0349,-17.5573,79.9932,-92.8381,-84.0439,-10.8907,-0.965926 -0.258819 -0 0.258819 -0.965926 -0 0 -0 1,-100.0349,-79.9932,-17.5573,-101.014 -80.3003 -18.5573 -99.056 -79.6861 -16.5573
684,650,2,Robotic Hand_V5/DC Motor Driver .step-4/DC Motor Driver-26.step-1,DC Motor Driver-26.step-1,58,DC Motor Driver-26.step,DC Motor Driver-26.step.SLDPRT,DC Motor Driver .step,purchased-internal,purchased-internal,DC Motor Driver .step,True,False,0,False,False,False,False,,False,,-92.8381,-10.8907,84.0439,-0.965926 -0 0.258819 0 1 0 -0.258819 0 -0.965926,-0.965926 -0 0.258819 -92.8381 0 1 0 -10.8907 -0.258819 0 -0.965926 84.0439 0 0 0 1,7 -3 2 9 -1 2.1,2.00 x 2.00 x 0.10,-100.0349,-12.8907,79.9932,-92.8381,-84.0439,-10.8907,-0.965926 -0.258819 -0 0.258819 -0.965926 -0 0 -0 1,-100.0349,-79.9932,-12.8907,-101.014 -80.3003 -13.8907 -99.056 -79.6861 -11.8907
685,650,2,Robotic Hand_V5/DC Motor Driver .step-4/DC Motor Driver-27.step-1,DC Motor Driver-27.step-1,59,DC Motor Driver-27.step,DC Motor Driver-27.step.SLDPRT,DC Motor Driver .step,purchased-internal,purchased-internal,DC Motor Driver .step,True,False,0,False,False,False,False,,False,,-92.8381,-10.8907,84.0439,-0.965926 -0 0.258819 0 1 0 -0.258819 0 -0.965926,-0.965926 -0 0.258819 -92.8381 0 1 0 -10.8907 -0.258819 0 -0.965926 84.0439 0 0 0 1,7 -10 2 9 -8 2.1,2.00 x 2.00 x 0.10,-100.0349,-19.8907,79.9932,-92.8381,-84.0439,-10.8907,-0.965926 -0.258819 -0 0.258819 -0.965926 -0 0 -0 1,-100.0349,-79.9932,-19.8907,-101.014 -80.3003 -20.8907 -99.056 -79.6861 -18.8907
686,,1,Robotic Hand_V5/driver_cav-1,driver_cav-1,2152,driver_cav,driver_cav.SLDPRT,,cut-tool (not a physical part),cut-tool,,False,False,0,False,False,True,True,No,False,,-92.2557,-10.8907,81.8706,0.965926 -0 -0.258819 -0 1 -0 0.258819 0 0.965926,0.965926 -0 -0.258819 -92.2557 -0 1 -0 -10.8907 0.258819 0 0.965926 81.8706 0 0 0 1,-12.6 -10.75 0 12.6 10.75 2.5,25.20 x 21.50 x 2.50,-92.5792,-10.8907,83.0780,-92.2557,-81.8706,-10.8907,0.965926 0.258819 -0 -0.258819 0.965926 -0 -0 0 1,-92.5792,-83.0780,-10.8907,-105.073 -87.5465 -21.6407 -80.085 -78.6095 -0.140673
687,,1,Robotic Hand_V5/capit_cav-1,capit_cav-1,2161,capit_cav,capit_cav.SLDPRT,,cut-tool (not a physical part),cut-tool,,False,False,0,False,False,False,False,Yes,False,,-87.6231,-4.8104,80.0061,0.956783 -0.132587 -0.258819 0.137264 0.990534 -0 0.256369 -0.035527 0.965926,0.956783 -0.132587 -0.258819 -87.6231 0.137264 0.990534 -0 -4.81036 0.256369 -0.035527 0.965926 80.0061 0 0 0 1,-2.75 -2.75 0 2.75 2.75 3.25,5.50 x 5.50 x 3.25,-88.0437,-4.8104,81.5757,-87.6231,-80.0061,-4.8104,0.956783 0.258819 -0.132587 -0.256369 0.965926 0.035527 0.137264 0 0.990534,-88.0437,-81.5757,-4.8104,-91.46 -83.948 -7.9118 -84.6273 -79.2033 -1.70891
688,,1,Robotic Hand_V5/capit_cav-2,capit_cav-2,2162,capit_cav,capit_cav.SLDPRT,,cut-tool (not a physical part),cut-tool,,False,False,0,False,False,False,False,Yes,False,,-95.3430,-4.8907,77.9375,0.962728 -0.078528 -0.258819 0.081299 0.99669 -0 0.257962 -0.021042 0.965926,0.962728 -0.078528 -0.258819 -95.343 0.081299 0.99669 -0 -4.89067 0.257962 -0.021042 0.965926 77.9375 0 0 0 1,-2.75 -2.75 0 2.75 2.75 3.25,5.50 x 5.50 x 3.25,-95.7635,-4.8907,79.5072,-95.3430,-77.9375,-4.8907,0.962728 0.258819 -0.078528 -0.257962 0.965926 0.021042 0.081299 0 0.99669,-95.7635,-79.5072,-4.8907,-99.0476 -81.844 -7.85514 -92.4795 -77.1703 -1.9262
689,,1,Robotic Hand_V5/capit_cav-3,capit_cav-3,2163,capit_cav,capit_cav.SLDPRT,,cut-tool (not a physical part),cut-tool,,False,False,0,False,False,False,False,Yes,False,,-135.3398,-4.8104,67.2204,0.962563 0.08053 -0.258819 -0.083371 0.996519 0 0.257918 0.021578 0.965926,0.962563 0.08053 -0.258819 -135.34 -0.083371 0.996519 0 -4.81036 0.257918 0.021578 0.965926 67.2204 0 0 0 1,-2.75 -2.75 0 2.75 2.75 3.25,5.50 x 5.50 x 3.25,-135.7604,-4.8104,68.7900,-135.3398,-67.2204,-4.8104,0.962563 0.258819 0.08053 -0.257918 0.965926 -0.021578 -0.083371 -0 0.996519,-135.7604,-68.7900,-4.8104,-139.05 -71.1283 -7.78005 -132.471 -66.4518 -1.84066
690,,1,Robotic Hand_V5/capit_cav-4,capit_cav-4,2164,capit_cav,capit_cav.SLDPRT,,cut-tool (not a physical part),cut-tool,,False,False,0,False,False,False,False,Yes,False,,-143.0597,-4.8907,65.1519,0.965926 -0 -0.258819 0 1 0 0.258819 -0 0.965926,0.965926 -0 -0.258819 -143.06 0 1 0 -4.89067 0.258819 -0 0.965926 65.1519 0 0 0 1,-2.75 -2.75 0 2.75 2.75 3.25,5.50 x 5.50 x 3.25,-143.4803,-4.8907,66.7215,-143.0597,-65.1519,-4.8907,0.965926 0.258819 -0 -0.258819 0.965926 0 0 -0 1,-143.4803,-66.7215,-4.8907,-146.557 -69.0029 -7.64067 -140.403 -64.4401 -2.14067
691,,1,Robotic Hand_V5/capit_cav-5,capit_cav-5,2165,capit_cav,capit_cav.SLDPRT,,cut-tool (not a physical part),cut-tool,,False,False,0,False,False,False,False,Yes,False,,-159.1982,-4.8104,60.8276,0.964122 -0.058998 -0.258819 0.061079 0.998133 0 0.258336 -0.015808 0.965926,0.964122 -0.058998 -0.258819 -159.198 0.061079 0.998133 0 -4.81036 0.258336 -0.015808 0.965926 60.8276 0 0 0 1,-2.75 -2.75 0 2.75 2.75 3.25,5.50 x 5.50 x 3.25,-159.6188,-4.8104,62.3972,-159.1982,-60.8276,-4.8104,0.964122 0.258819 -0.058998 -0.258336 0.965926 0.015808 0.061079 -0 0.998133,-159.6188,-62.3972,-4.8104,-162.853 -64.7207 -7.72319 -156.385 -60.0737 -1.89752
692,,1,Robotic Hand_V5/capit_cav-6,capit_cav-6,2166,capit_cav,capit_cav.SLDPRT,,cut-tool (not a physical part),cut-tool,,False,False,0,False,False,False,False,Yes,False,,-166.9181,-4.8907,58.7590,0.95967 0.109757 -0.258819 -0.113629 0.993523 0 0.257143 0.029409 0.965926,0.95967 0.109757 -0.258819 -166.918 -0.113629 0.993523 0 -4.89067 0.257143 0.029409 0.965926 58.759 0 0 0 1,-2.75 -2.75 0 2.75 2.75 3.25,5.50 x 5.50 x 3.25,-167.3386,-4.8907,60.3287,-166.9181,-58.7590,-4.8907,0.95967 0.258819 0.109757 -0.257143 0.965926 -0.029409 -0.113629 -0 0.993523,-167.3386,-60.3287,-4.8907,-170.7 -62.6863 -7.93534 -163.977 -57.971 -1.846
693,,1,Robotic Hand_V5/capit_cav-7,capit_cav-7,2167,capit_cav,capit_cav.SLDPRT,,cut-tool (not a physical part),cut-tool,,False,False,0,False,False,False,False,Yes,False,,-111.4815,-4.8104,73.6132,0.965926 -0 -0.258819 0 1 0 0.258819 -0 0.965926,0.965926 -0 -0.258819 -111.481 0 1 0 -4.81036 0.258819 -0 0.965926 73.6132 0 0 0 1,-2.75 -2.75 0 2.75 2.75 3.25,5.50 x 5.50 x 3.25,-111.9020,-4.8104,75.1829,-111.4815,-73.6132,-4.8104,0.965926 0.258819 -0 -0.258819 0.965926 0 0 -0 1,-111.9020,-75.1829,-4.8104,-114.979 -77.4642 -7.56036 -108.825 -72.9015 -2.06036
694,,1,Robotic Hand_V5/capit_cav-8,capit_cav-8,2168,capit_cav,capit_cav.SLDPRT,,cut-tool (not a physical part),cut-tool,,False,False,0,False,False,False,False,Yes,False,,-119.2013,-4.8907,71.5447,0.965926 -0 -0.258819 0 1 0 0.258819 -0 0.965926,0.965926 -0 -0.258819 -119.201 0 1 0 -4.89067 0.258819 -0 0.965926 71.5447 0 0 0 1,-2.75 -2.75 0 2.75 2.75 3.25,5.50 x 5.50 x 3.25,-119.6219,-4.8907,73.1143,-119.2013,-71.5447,-4.8907,0.965926 0.258819 -0 -0.258819 0.965926 0 0 -0 1,-119.6219,-73.1143,-4.8907,-122.699 -75.3957 -7.64067 -116.545 -70.8329 -2.14067
695,,1,Robotic Hand_V5/capit_cav-15,capit_cav-15,2194,capit_cav,capit_cav.SLDPRT,,cut-tool (not a physical part),cut-tool,,False,False,0,False,False,False,False,Yes,False,,-179.9311,-32.4869,26.3620,-0.130526 -0.000186 -0.991445 -0.001427 0.999999 0 0.991444 0.001415 -0.130526,-0.130526 -0.000186 -0.991445 -179.931 -0.001427 0.999999 0 -32.4869 0.991444 0.001415 -0.130526 26.362 0 0 0 1,-2.75 -2.75 0 2.75 2.75 3.25,5.50 x 5.50 x 3.25,-181.5422,-32.4869,26.1499,-179.9311,-26.3620,-32.4869,-0.130526 0.991445 -0.000186 -0.991444 -0.130526 -0.001415 -0.001427 -0 0.999999,-181.5422,-26.1499,-32.4869,-183.513 -29.0924 -35.2409 -179.572 -23.2074 -29.733
696,,1,Robotic Hand_V5/capit_cav-16,capit_cav-16,2195,capit_cav,capit_cav.SLDPRT,,cut-tool (not a physical part),cut-tool,,False,False,0,False,False,False,False,Yes,False,,-178.8879,-32.5745,18.4383,-0.13033 0.00716 -0.991445 0.054856 0.998494 0 0.989952 -0.054386 -0.130526,-0.13033 0.00716 -0.991445 -178.888 0.054856 0.998494 0 -32.5745 0.989952 -0.054386 -0.130526 18.4383 0 0 0 1,-2.75 -2.75 0 2.75 2.75 3.25,5.50 x 5.50 x 3.25,-180.4990,-32.5745,18.2262,-178.8879,-18.4383,-32.5745,-0.13033 0.991445 0.00716 -0.989952 -0.130526 0.054386 0.054856 -0 0.998494,-180.4990,-18.2262,-32.5745,-182.488 -21.3102 -35.4712 -178.51 -15.1421 -29.6778
697,,1,Robotic Hand_V5/DC Motor Driver .step-9,DC Motor Driver .step-9,2197,DC Motor Driver .step,DC Motor Driver .step.SLDASM,DC Motor Driver .step,electronics,driver-board,DC Motor Driver .step,False,True,35,False,False,False,False,Yes,False,,-184.6134,-26.4906,21.7056,-0.130526 -0.000119 0.991445 0.000911 -1 -0 0.991444 0.000903 0.130526,-0.130526 -0.000119 0.991445 -184.613 0.000911 -1 -0 -26.4906 0.991444 0.000903 0.130526 21.7056 0 0 0 1,-12.35 -10.5 0 12.35 10.5 5,24.70 x 21.00 x 5.00,-182.1348,-26.4906,22.0319,-184.6134,-21.7056,-26.4906,-0.130526 -0.991445 -0.000119 -0.991444 0.130526 -0.000903 0.000911 0 -1,-182.1348,-22.0319,-26.4906,-186.227 -34.612 -37.0018 -178.043 -9.45173 -15.9793
698,697,2,Robotic Hand_V5/DC Motor Driver .step-9/Component1.step-1,Component1.step-1,24,Component1.step,Component1.step.SLDPRT,DC Motor Driver .step,purchased-internal,purchased-internal,DC Motor Driver .step,True,False,0,False,False,False,False,,False,,-184.6134,-26.4906,21.7056,-0.130526 -0.000119 0.991445 0.000911 -1 -0 0.991444 0.000903 0.130526,-0.130526 -0.000119 0.991445 -184.613 0.000911 -1 -0 -26.4906 0.991444 0.000903 0.130526 21.7056 0 0 0 1,10 6.04688 2 11.1172 9 3,1.12 x 2.95 x 1.00,-183.5138,-34.0044,32.5069,-184.6134,-21.7056,-26.4906,-0.130526 -0.991445 -0.000119 -0.991444 0.130526 -0.000903 0.000911 0 -1,-183.5138,-32.5069,-34.0044,-184.083 -33.1274 -35.4815 -182.945 -31.8865 -32.5273
699,697,2,Robotic Hand_V5/DC Motor Driver .step-9/Component2.step-1,Component2.step-1,25,Component2.step,Component2.step.SLDPRT,DC Motor Driver .step,purchased-internal,purchased-internal,DC Motor Driver .step,True,False,0,False,False,False,False,,False,,-184.6134,-26.4906,21.7056,-0.130526 -0.000119 0.991445 0.000911 -1 -0 0.991444 0.000903 0.130526,-0.130526 -0.000119 0.991445 -184.613 0.000911 -1 -0 -26.4906 0.991444 0.000903 0.130526 21.7056 0 0 0 1,10 6.55586 2 11.1172 8.55543 3,1.12 x 2.00 x 1.00,-183.5138,-34.0366,32.5070,-184.6134,-21.7056,-26.4906,-0.130526 -0.991445 -0.000119 -0.991444 0.130526 -0.000903 0.000911 0 -1,-183.5138,-32.5070,-34.0366,-184.083 -33.127 -35.0369 -182.945 -31.887 -33.0363
700,697,2,Robotic Hand_V5/DC Motor Driver .step-9/Component3.step-1,Component3.step-1,26,Component3.step,Component3.step.SLDPRT,DC Motor Driver .step,purchased-internal,purchased-internal,DC Motor Driver .step,True,False,0,False,False,False,False,,False,,-184.6134,-26.4906,21.7056,-0.130526 -0.000119 0.991445 0.000911 -1 -0 0.991444 0.000903 0.130526,-0.130526 -0.000119 0.991445 -184.613 0.000911 -1 -0 -26.4906 0.991444 0.000903 0.130526 21.7056 0 0 0 1,8 6.04688 2 9 9 3,1.00 x 2.95 x 1.00,-183.2451,-34.0063,30.4659,-184.6134,-21.7056,-26.4906,-0.130526 -0.991445 -0.000119 -0.991444 0.130526 -0.000903 0.000911 0 -1,-183.2451,-30.4659,-34.0063,-183.806 -31.0283 -35.4833 -182.684 -29.9036 -32.5292
701,697,2,Robotic Hand_V5/DC Motor Driver .step-9/Component4.step-1,Component4.step-1,27,Component4.step,Component4.step.SLDPRT,DC Motor Driver .step,purchased-internal,purchased-internal,DC Motor Driver .step,True,False,0,False,False,False,False,,False,,-184.6134,-26.4906,21.7056,-0.130526 -0.000119 0.991445 0.000911 -1 -0 0.991444 0.000903 0.130526,-0.130526 -0.000119 0.991445 -184.613 0.000911 -1 -0 -26.4906 0.991444 0.000903 0.130526 21.7056 0 0 0 1,8 6.55586 2 9 8.5 3,1.00 x 1.94 x 1.00,-183.2451,-34.0108,30.4659,-184.6134,-21.7056,-26.4906,-0.130526 -0.991445 -0.000119 -0.991444 0.130526 -0.000903 0.000911 0 -1,-183.2451,-30.4659,-34.0108,-183.806 -31.0278 -34.9833 -182.684 -29.9041 -33.0382
702,697,2,Robotic Hand_V5/DC Motor Driver .step-9/Component5.step-1,Component5.step-1,28,Component5.step,Component5.step.SLDPRT,DC Motor Driver .step,purchased-internal,purchased-internal,DC Motor Driver .step,True,False,0,False,False,False,False,,False,,-184.6134,-26.4906,21.7056,-0.130526 -0.000119 0.991445 0.000911 -1 -0 0.991444 0.000903 0.130526,-0.130526 -0.000119 0.991445 -184.613 0.000911 -1 -0 -26.4906 0.991444 0.000903 0.130526 21.7056 0 0 0 1,-11.4797 -9.76475 2 -9.42664 -1.47552 2.01,2.05 x 8.29 x 0.01,-181.2604,-20.8800,11.5984,-184.6134,-21.7056,-26.4906,-0.130526 -0.991445 -0.000119 -0.991444 0.130526 -0.000903 0.000911 0 -1,-181.2604,-11.5984,-20.8800,-181.4 -12.6206 -25.0255 -181.121 -10.5763 -16.7344
703,697,2,Robotic Hand_V5/DC Motor Driver .step-9/Component6.step-1,Component6.step-1,29,Component6.step,Component6.step.SLDPRT,DC Motor Driver .step,purchased-internal,purchased-internal,DC Motor Driver .step,True,False,0,False,False,False,False,,False,,-184.6134,-26.4906,21.7056,-0.130526 -0.000119 0.991445 0.000911 -1 -0 0.991444 0.000903 0.130526,-0.130526 -0.000119 0.991445 -184.613 0.000911 -1 -0 -26.4906 0.991444 0.000903 0.130526 21.7056 0 0 0 1,9.4 -9.767 2 10.1131 -1.18696 2.01,0.71 x 8.58 x 0.01,-183.8984,-21.0047,31.6354,-184.6134,-21.7056,-26.4906,-0.130526 -0.991445 -0.000119 -0.991444 0.130526 -0.000903 0.000911 0 -1,-183.8984,-31.6354,-21.0047,-183.95 -31.9934 -25.2951 -183.846 -31.2774 -16.7144
704,697,2,Robotic Hand_V5/DC Motor Driver .step-9/DC Motor Driver.step-1,DC Motor Driver.step-1,30,DC Motor Driver.step,DC Motor Driver.step.SLDPRT,DC Motor Driver .step,purchased-internal,purchased-internal,DC Motor Driver .step,True,False,0,False,False,False,False,,False,,-184.6134,-26.4906,21.7056,-0.130526 -0.000119 0.991445 0.000911 -1 -0 0.991444 0.000903 0.130526,-0.130526 -0.000119 0.991445 -184.613 0.000911 -1 -0 -26.4906 0.991444 0.000903 0.130526 21.7056 0 0 0 1,-12.35 -10.5 0 12.35 10.5 5,24.70 x 21.00 x 5.00,-182.1348,-26.4906,22.0319,-184.6134,-21.7056,-26.4906,-0.130526 -0.991445 -0.000119 -0.991444 0.130526 -0.000903 0.000911 0 -1,-182.1348,-22.0319,-26.4906,-186.227 -34.612 -37.0018 -178.043 -9.45173 -15.9793
705,697,2,Robotic Hand_V5/DC Motor Driver .step-9/DC Motor Driver-0.step-1,DC Motor Driver-0.step-1,31,DC Motor Driver-0.step,DC Motor Driver-0.step.SLDPRT,DC Motor Driver .step,purchased-internal,purchased-internal,DC Motor Driver .step,True,False,0,False,False,False,False,,False,,-184.6134,-26.4906,21.7056,-0.130526 -0.000119 0.991445 0.000911 -1 -0 0.991444 0.000903 0.130526,-0.130526 -0.000119 0.991445 -184.613 0.000911 -1 -0 -26.4906 0.991444 0.000903 0.130526 21.7056 0 0 0 1,-1.5 -9.5 2 1.5 -1 3,3.00 x 8.50 x 1.00,-182.1341,-21.2406,22.0271,-184.6134,-21.7056,-26.4906,-0.130526 -0.991445 -0.000119 -0.991444 0.130526 -0.000903 0.000911 0 -1,-182.1341,-22.0271,-21.2406,-182.826 -23.5834 -25.4919 -181.442 -20.4709 -16.9892
706,697,2,Robotic Hand_V5/DC Motor Driver .step-9/DC Motor Driver-1.step-1,DC Motor Driver-1.step-1,32,DC Motor Driver-1.step,DC Motor Driver-1.step.SLDPRT,DC Motor Driver .step,purchased-internal,purchased-internal,DC Motor Driver .step,True,False,0,False,False,False,False,,False,,-184.6134,-26.4906,21.7056,-0.130526 -0.000119 0.991445 0.000911 -1 -0 0.991444 0.000903 0.130526,-0.130526 -0.000119 0.991445 -184.613 0.000911 -1 -0 -26.4906 0.991444 0.000903 0.130526 21.7056 0 0 0 1,1.5 -4 2 2.5 -3.5 2.5,1.00 x 0.50 x 0.50,-182.6432,-22.7388,23.9787,-184.6134,-21.7056,-26.4906,-0.130526 -0.991445 -0.000119 -0.991444 0.130526 -0.000903 0.000911 0 -1,-182.6432,-23.9787,-22.7388,-182.956 -24.5073 -22.9892 -182.33 -23.4502 -22.4883
707,697,2,Robotic Hand_V5/DC Motor Driver .step-9/DC Motor Driver-2.step-1,DC Motor Driver-2.step-1,33,DC Motor Driver-2.step,DC Motor Driver-2.step.SLDPRT,DC Motor Driver .step,purchased-internal,purchased-internal,DC Motor Driver .step,True,False,0,False,False,False,False,,False,,-184.6134,-26.4906,21.7056,-0.130526 -0.000119 0.991445 0.000911 -1 -0 0.991444 0.000903 0.130526,-0.130526 -0.000119 0.991445 -184.613 0.000911 -1 -0 -26.4906 0.991444 0.000903 0.130526 21.7056 0 0 0 1,1.5 -8 2 2.5 -7.5 2.5,1.00 x 0.50 x 0.50,-182.6427,-18.7388,23.9751,-184.6134,-21.7056,-26.4906,-0.130526 -0.991445 -0.000119 -0.991444 0.130526 -0.000903 0.000911 0 -1,-182.6427,-23.9751,-18.7388,-182.956 -24.5037 -18.9892 -182.33 -23.4466 -18.4883
708,697,2,Robotic Hand_V5/DC Motor Driver .step-9/DC Motor Driver-3.step-1,DC Motor Driver-3.step-1,34,DC Motor Driver-3.step,DC Motor Driver-3.step.SLDPRT,DC Motor Driver .step,purchased-internal,purchased-internal,DC Motor Driver .step,True,False,0,False,False,False,False,,False,,-184.6134,-26.4906,21.7056,-0.130526 -0.000119 0.991445 0.000911 -1 -0 0.991444 0.000903 0.130526,-0.130526 -0.000119 0.991445 -184.613 0.000911 -1 -0 -26.4906 0.991444 0.000903 0.130526 21.7056 0 0 0 1,-2.5 -7 2 -1.5 -6.5 2.5,1.00 x 0.50 x 0.50,-182.1208,-19.7424,20.0103,-184.6134,-21.7056,-26.4906,-0.130526 -0.991445 -0.000119 -0.991444 0.130526 -0.000903 0.000911 0 -1,-182.1208,-20.0103,-19.7424,-182.434 -20.5388 -19.9929 -181.808 -19.4817 -19.4919
709,697,2,Robotic Hand_V5/DC Motor Driver .step-9/DC Motor Driver-4.step-1,DC Motor Driver-4.step-1,35,DC Motor Driver-4.step,DC Motor Driver-4.step.SLDPRT,DC Motor Driver .step,purchased-internal,purchased-internal,DC Motor Driver .step,True,False,0,False,False,False,False,,False,,-184.6134,-26.4906,21.7056,-0.130526 -0.000119 0.991445 0.000911 -1 -0 0.991444 0.000903 0.130526,-0.130526 -0.000119 0.991445 -184.613 0.000911 -1 -0 -26.4906 0.991444 0.000903 0.130526 21.7056 0 0 0 1,-2.5 -3 2 -1.5 -2.5 2.5,1.00 x 0.50 x 0.50,-182.1212,-23.7424,20.0139,-184.6134,-21.7056,-26.4906,-0.130526 -0.991445 -0.000119 -0.991444 0.130526 -0.000903 0.000911 0 -1,-182.1212,-20.0139,-23.7424,-182.434 -20.5424 -23.9929 -181.808 -19.4853 -23.4919
710,697,2,Robotic Hand_V5/DC Motor Driver .step-9/DC Motor Driver-5.step-1,DC Motor Driver-5.step-1,36,DC Motor Driver-5.step,DC Motor Driver-5.step.SLDPRT,DC Motor Driver .step,purchased-internal,purchased-internal,DC Motor Driver .step,True,False,0,False,False,False,False,,False,,-184.6134,-26.4906,21.7056,-0.130526 -0.000119 0.991445 0.000911 -1 -0 0.991444 0.000903 0.130526,-0.130526 -0.000119 0.991445 -184.613 0.000911 -1 -0 -26.4906 0.991444 0.000903 0.130526 21.7056 0 0 0 1,-2.5 -4 2 -1.5 -3.5 2.5,1.00 x 0.50 x 0.50,-182.1211,-22.7424,20.0130,-184.6134,-21.7056,-26.4906,-0.130526 -0.991445 -0.000119 -0.991444 0.130526 -0.000903 0.000911 0 -1,-182.1211,-20.0130,-22.7424,-182.434 -20.5415 -22.9929 -181.808 -19.4844 -22.4919
711,697,2,Robotic Hand_V5/DC Motor Driver .step-9/DC Motor Driver-6.step-1,DC Motor Driver-6.step-1,37,DC Motor Driver-6.step,DC Motor Driver-6.step.SLDPRT,DC Motor Driver .step,purchased-internal,purchased-internal,DC Motor Driver .step,True,False,0,False,False,False,False,,False,,-184.6134,-26.4906,21.7056,-0.130526 -0.000119 0.991445 0.000911 -1 -0 0.991444 0.000903 0.130526,-0.130526 -0.000119 0.991445 -184.613 0.000911 -1 -0 -26.4906 0.991444 0.000903 0.130526 21.7056 0 0 0 1,-2.5 -8 2 -1.5 -7.5 2.5,1.00 x 0.50 x 0.50,-182.1206,-18.7424,20.0094,-184.6134,-21.7056,-26.4906,-0.130526 -0.991445 -0.000119 -0.991444 0.130526 -0.000903 0.000911 0 -1,-182.1206,-20.0094,-18.7424,-182.434 -20.5379 -18.9929 -181.807 -19.4808 -18.4919
712,697,2,Robotic Hand_V5/DC Motor Driver .step-9/DC Motor Driver-7.step-1,DC Motor Driver-7.step-1,39,DC Motor Driver-7.step,DC Motor Driver-7.step.SLDPRT,DC Motor Driver .step,purchased-internal,purchased-internal,DC Motor Driver .step,True,False,0,False,False,False,False,,False,,-184.6134,-26.4906,21.7056,-0.130526 -0.000119 0.991445 0.000911 -1 -0 0.991444 0.000903 0.130526,-0.130526 -0.000119 0.991445 -184.613 0.000911 -1 -0 -26.4906 0.991444 0.000903 0.130526 21.7056 0 0 0 1,1.5 -7 2 2.5 -6.5 2.5,1.00 x 0.50 x 0.50,-182.6429,-19.7388,23.9760,-184.6134,-21.7056,-26.4906,-0.130526 -0.991445 -0.000119 -0.991444 0.130526 -0.000903 0.000911 0 -1,-182.6429,-23.9760,-19.7388,-182.956 -24.5046 -19.9892 -182.33 -23.4475 -19.4883
713,697,2,Robotic Hand_V5/DC Motor Driver .step-9/DC Motor Driver-8.step-1,DC Motor Driver-8.step-1,40,DC Motor Driver-8.step,DC Motor Driver-8.step.SLDPRT,DC Motor Driver .step,purchased-internal,purchased-internal,DC Motor Driver .step,True,False,0,False,False,False,False,,False,,-184.6134,-26.4906,21.7056,-0.130526 -0.000119 0.991445 0.000911 -1 -0 0.991444 0.000903 0.130526,-0.130526 -0.000119 0.991445 -184.613 0.000911 -1 -0 -26.4906 0.991444 0.000903 0.130526 21.7056 0 0 0 1,1.5 -5 2 2.5 -4.5 2.5,1.00 x 0.50 x 0.50,-182.6431,-21.7388,23.9778,-184.6134,-21.7056,-26.4906,-0.130526 -0.991445 -0.000119 -0.991444 0.130526 -0.000903 0.000911 0 -1,-182.6431,-23.9778,-21.7388,-182.956 -24.5064 -21.9892 -182.33 -23.4493 -21.4883
714,697,2,Robotic Hand_V5/DC Motor Driver .step-9/DC Motor Driver-9.step-1,DC Motor Driver-9.step-1,41,DC Motor Driver-9.step,DC Motor Driver-9.step.SLDPRT,DC Motor Driver .step,purchased-internal,purchased-internal,DC Motor Driver .step,True,False,0,False,False,False,False,,False,,-184.6134,-26.4906,21.7056,-0.130526 -0.000119 0.991445 0.000911 -1 -0 0.991444 0.000903 0.130526,-0.130526 -0.000119 0.991445 -184.613 0.000911 -1 -0 -26.4906 0.991444 0.000903 0.130526 21.7056 0 0 0 1,1.5 -3 2 2.5 -2.5 2.5,1.00 x 0.50 x 0.50,-182.6433,-23.7388,23.9796,-184.6134,-21.7056,-26.4906,-0.130526 -0.991445 -0.000119 -0.991444 0.130526 -0.000903 0.000911 0 -1,-182.6433,-23.9796,-23.7388,-182.956 -24.5082 -23.9892 -182.33 -23.4511 -23.4883
715,697,2,Robotic Hand_V5/DC Motor Driver .step-9/DC Motor Driver-10.step-1,DC Motor Driver-10.step-1,42,DC Motor Driver-10.step,DC Motor Driver-10.step.SLDPRT,DC Motor Driver .step,purchased-internal,purchased-internal,DC Motor Driver .step,True,False,0,False,False,False,False,,False,,-184.6134,-26.4906,21.7056,-0.130526 -0.000119 0.991445 0.000911 -1 -0 0.991444 0.000903 0.130526,-0.130526 -0.000119 0.991445 -184.613 0.000911 -1 -0 -26.4906 0.991444 0.000903 0.130526 21.7056 0 0 0 1,1.5 -9 2 2.5 -8.5 2.5,1.00 x 0.50 x 0.50,-182.6426,-17.7388,23.9742,-184.6134,-21.7056,-26.4906,-0.130526 -0.991445 -0.000119 -0.991444 0.130526 -0.000903 0.000911 0 -1,-182.6426,-23.9742,-17.7388,-182.956 -24.5028 -17.9892 -182.329 -23.4456 -17.4883
716,697,2,Robotic Hand_V5/DC Motor Driver .step-9/DC Motor Driver-11.step-1,DC Motor Driver-11.step-1,43,DC Motor Driver-11.step,DC Motor Driver-11.step.SLDPRT,DC Motor Driver .step,purchased-internal,purchased-internal,DC Motor Driver .step,True,False,0,False,False,False,False,,False,,-184.6134,-26.4906,21.7056,-0.130526 -0.000119 0.991445 0.000911 -1 -0 0.991444 0.000903 0.130526,-0.130526 -0.000119 0.991445 -184.613 0.000911 -1 -0 -26.4906 0.991444 0.000903 0.130526 21.7056 0 0 0 1,-2.5 -6 2 -1.5 -5.5 2.5,1.00 x 0.50 x 0.50,-182.1209,-20.7424,20.0112,-184.6134,-21.7056,-26.4906,-0.130526 -0.991445 -0.000119 -0.991444 0.130526 -0.000903 0.000911 0 -1,-182.1209,-20.0112,-20.7424,-182.434 -20.5397 -20.9929 -181.808 -19.4826 -20.4919
717,697,2,Robotic Hand_V5/DC Motor Driver .step-9/DC Motor Driver-12.step-1,DC Motor Driver-12.step-1,44,DC Motor Driver-12.step,DC Motor Driver-12.step.SLDPRT,DC Motor Driver .step,purchased-internal,purchased-internal,DC Motor Driver .step,True,False,0,False,False,False,False,,False,,-184.6134,-26.4906,21.7056,-0.130526 -0.000119 0.991445 0.000911 -1 -0 0.991444 0.000903 0.130526,-0.130526 -0.000119 0.991445 -184.613 0.000911 -1 -0 -26.4906 0.991444 0.000903 0.130526 21.7056 0 0 0 1,-2.5 -2 2 -1.5 -1.5 2.5,1.00 x 0.50 x 0.50,-182.1214,-24.7424,20.0148,-184.6134,-21.7056,-26.4906,-0.130526 -0.991445 -0.000119 -0.991444 0.130526 -0.000903 0.000911 0 -1,-182.1214,-20.0148,-24.7424,-182.435 -20.5434 -24.9929 -181.808 -19.4862 -24.4919
718,697,2,Robotic Hand_V5/DC Motor Driver .step-9/DC Motor Driver-13.step-1,DC Motor Driver-13.step-1,45,DC Motor Driver-13.step,DC Motor Driver-13.step.SLDPRT,DC Motor Driver .step,purchased-internal,purchased-internal,DC Motor Driver .step,True,False,0,False,False,False,False,,False,,-184.6134,-26.4906,21.7056,-0.130526 -0.000119 0.991445 0.000911 -1 -0 0.991444 0.000903 0.130526,-0.130526 -0.000119 0.991445 -184.613 0.000911 -1 -0 -26.4906 0.991444 0.000903 0.130526 21.7056 0 0 0 1,-2.5 -5 2 -1.5 -4.5 2.5,1.00 x 0.50 x 0.50,-182.1210,-21.7424,20.0121,-184.6134,-21.7056,-26.4906,-0.130526 -0.991445 -0.000119 -0.991444 0.130526 -0.000903 0.000911 0 -1,-182.1210,-20.0121,-21.7424,-182.434 -20.5406 -21.9929 -181.808 -19.4835 -21.4919
719,697,2,Robotic Hand_V5/DC Motor Driver .step-9/DC Motor Driver-14.step-1,DC Motor Driver-14.step-1,46,DC Motor Driver-14.step,DC Motor Driver-14.step.SLDPRT,DC Motor Driver .step,purchased-internal,purchased-internal,DC Motor Driver .step,True,False,0,False,False,False,False,,False,,-184.6134,-26.4906,21.7056,-0.130526 -0.000119 0.991445 0.000911 -1 -0 0.991444 0.000903 0.130526,-0.130526 -0.000119 0.991445 -184.613 0.000911 -1 -0 -26.4906 0.991444 0.000903 0.130526 21.7056 0 0 0 1,-2.5 -9 2 -1.5 -8.5 2.5,1.00 x 0.50 x 0.50,-182.1205,-17.7424,20.0084,-184.6134,-21.7056,-26.4906,-0.130526 -0.991445 -0.000119 -0.991444 0.130526 -0.000903 0.000911 0 -1,-182.1205,-20.0084,-17.7424,-182.434 -20.537 -17.9929 -181.807 -19.4799 -17.4919
720,697,2,Robotic Hand_V5/DC Motor Driver .step-9/DC Motor Driver-15.step-1,DC Motor Driver-15.step-1,47,DC Motor Driver-15.step,DC Motor Driver-15.step.SLDPRT,DC Motor Driver .step,purchased-internal,purchased-internal,DC Motor Driver .step,True,False,0,False,False,False,False,,False,,-184.6134,-26.4906,21.7056,-0.130526 -0.000119 0.991445 0.000911 -1 -0 0.991444 0.000903 0.130526,-0.130526 -0.000119 0.991445 -184.613 0.000911 -1 -0 -26.4906 0.991444 0.000903 0.130526 21.7056 0 0 0 1,1.5 -2 2 2.5 -1.5 2.5,1.00 x 0.50 x 0.50,-182.6435,-24.7388,23.9806,-184.6134,-21.7056,-26.4906,-0.130526 -0.991445 -0.000119 -0.991444 0.130526 -0.000903 0.000911 0 -1,-182.6435,-23.9806,-24.7388,-182.957 -24.5091 -24.9892 -182.33 -23.452 -24.4883
721,697,2,Robotic Hand_V5/DC Motor Driver .step-9/DC Motor Driver-16.step-1,DC Motor Driver-16.step-1,48,DC Motor Driver-16.step,DC Motor Driver-16.step.SLDPRT,DC Motor Driver .step,purchased-internal,purchased-internal,DC Motor Driver .step,True,False,0,False,False,False,False,,False,,-184.6134,-26.4906,21.7056,-0.130526 -0.000119 0.991445 0.000911 -1 -0 0.991444 0.000903 0.130526,-0.130526 -0.000119 0.991445 -184.613 0.000911 -1 -0 -26.4906 0.991444 0.000903 0.130526 21.7056 0 0 0 1,1.5 -6 2 2.5 -5.5 2.5,1.00 x 0.50 x 0.50,-182.6430,-20.7388,23.9769,-184.6134,-21.7056,-26.4906,-0.130526 -0.991445 -0.000119 -0.991444 0.130526 -0.000903 0.000911 0 -1,-182.6430,-23.9769,-20.7388,-182.956 -24.5055 -20.9892 -182.33 -23.4484 -20.4883
722,697,2,Robotic Hand_V5/DC Motor Driver .step-9/DC Motor Driver-17.step-1,DC Motor Driver-17.step-1,49,DC Motor Driver-17.step,DC Motor Driver-17.step.SLDPRT,DC Motor Driver .step,purchased-internal,purchased-internal,DC Motor Driver .step,True,False,0,False,False,False,False,,False,,-184.6134,-26.4906,21.7056,-0.130526 -0.000119 0.991445 0.000911 -1 -0 0.991444 0.000903 0.130526,-0.130526 -0.000119 0.991445 -184.613 0.000911 -1 -0 -26.4906 0.991444 0.000903 0.130526 21.7056 0 0 0 1,-9 -5.33333 2 -7 -3.33333 2.1,2.00 x 2.00 x 0.10,-181.5362,-22.1645,14.0377,-184.6134,-21.7056,-26.4906,-0.130526 -0.991445 -0.000119 -0.991444 0.130526 -0.000903 0.000911 0 -1,-181.5362,-14.0377,-22.1645,-181.716 -15.0365 -23.1654 -181.356 -13.0388 -21.1636
723,697,2,Robotic Hand_V5/DC Motor Driver .step-9/DC Motor Driver-18.step-1,DC Motor Driver-18.step-1,50,DC Motor Driver-18.step,DC Motor Driver-18.step.SLDPRT,DC Motor Driver .step,purchased-internal,purchased-internal,DC Motor Driver .step,True,False,0,False,False,False,False,,False,,-184.6134,-26.4906,21.7056,-0.130526 -0.000119 0.991445 0.000911 -1 -0 0.991444 0.000903 0.130526,-0.130526 -0.000119 0.991445 -184.613 0.000911 -1 -0 -26.4906 0.991444 0.000903 0.130526 21.7056 0 0 0 1,-9 -7.66667 2 -7 -5.66667 2.1,2.00 x 2.00 x 0.10,-181.5359,-19.8312,14.0356,-184.6134,-21.7056,-26.4906,-0.130526 -0.991445 -0.000119 -0.991444 0.130526 -0.000903 0.000911 0 -1,-181.5359,-14.0356,-19.8312,-181.716 -15.0344 -20.8321 -181.356 -13.0367 -18.8303
724,697,2,Robotic Hand_V5/DC Motor Driver .step-9/DC Motor Driver-19.step-1,DC Motor Driver-19.step-1,51,DC Motor Driver-19.step,DC Motor Driver-19.step.SLDPRT,DC Motor Driver .step,purchased-internal,purchased-internal,DC Motor Driver .step,True,False,0,False,False,False,False,,False,,-184.6134,-26.4906,21.7056,-0.130526 -0.000119 0.991445 0.000911 -1 -0 0.991444 0.000903 0.130526,-0.130526 -0.000119 0.991445 -184.613 0.000911 -1 -0 -26.4906 0.991444 0.000903 0.130526 21.7056 0 0 0 1,-9 -3 2 -7 -1 2.1,2.00 x 2.00 x 0.10,-181.5365,-24.4979,14.0398,-184.6134,-21.7056,-26.4906,-0.130526 -0.991445 -0.000119 -0.991444 0.130526 -0.000903 0.000911 0 -1,-181.5365,-14.0398,-24.4979,-181.717 -15.0386 -25.4988 -181.356 -13.0409 -23.497
725,697,2,Robotic Hand_V5/DC Motor Driver .step-9/DC Motor Driver-20.step-1,DC Motor Driver-20.step-1,52,DC Motor Driver-20.step,DC Motor Driver-20.step.SLDPRT,DC Motor Driver .step,purchased-internal,purchased-internal,DC Motor Driver .step,True,False,0,False,False,False,False,,False,,-184.6134,-26.4906,21.7056,-0.130526 -0.000119 0.991445 0.000911 -1 -0 0.991444 0.000903 0.130526,-0.130526 -0.000119 0.991445 -184.613 0.000911 -1 -0 -26.4906 0.991444 0.000903 0.130526 21.7056 0 0 0 1,-9 -10 2 -7 -8 2.1,2.00 x 2.00 x 0.10,-181.5356,-17.4979,14.0335,-184.6134,-21.7056,-26.4906,-0.130526 -0.991445 -0.000119 -0.991444 0.130526 -0.000903 0.000911 0 -1,-181.5356,-14.0335,-17.4979,-181.716 -15.0323 -18.4988 -181.355 -13.0346 -16.497
726,697,2,Robotic Hand_V5/DC Motor Driver .step-9/DC Motor Driver-21.step-1,DC Motor Driver-21.step-1,53,DC Motor Driver-21.step,DC Motor Driver-21.step.SLDPRT,DC Motor Driver .step,purchased-internal,purchased-internal,DC Motor Driver .step,True,False,0,False,False,False,False,,False,,-184.6134,-26.4906,21.7056,-0.130526 -0.000119 0.991445 0.000911 -1 -0 0.991444 0.000903 0.130526,-0.130526 -0.000119 0.991445 -184.613 0.000911 -1 -0 -26.4906 0.991444 0.000903 0.130526 21.7056 0 0 0 1,-11.5 4 2 -9.5 6 2.1,2.00 x 2.00 x 0.10,-181.2110,-31.5001,11.5675,-184.6134,-21.7056,-26.4906,-0.130526 -0.991445 -0.000119 -0.991444 0.130526 -0.000903 0.000911 0 -1,-181.2110,-11.5675,-31.5001,-181.391 -12.5664 -32.501 -181.031 -10.5686 -30.4992
727,697,2,Robotic Hand_V5/DC Motor Driver .step-9/DC Motor Driver-22.step-1,DC Motor Driver-22.step-1,54,DC Motor Driver-22.step,DC Motor Driver-22.step.SLDPRT,DC Motor Driver .step,purchased-internal,purchased-internal,DC Motor Driver .step,True,False,0,False,False,False,False,,False,,-184.6134,-26.4906,21.7056,-0.130526 -0.000119 0.991445 0.000911 -1 -0 0.991444 0.000903 0.130526,-0.130526 -0.000119 0.991445 -184.613 0.000911 -1 -0 -26.4906 0.991444 0.000903 0.130526 21.7056 0 0 0 1,-11.5 7 2 -9.5 9 2.1,2.00 x 2.00 x 0.10,-181.2113,-34.5001,11.5702,-184.6134,-21.7056,-26.4906,-0.130526 -0.991445 -0.000119 -0.991444 0.130526 -0.000903 0.000911 0 -1,-181.2113,-11.5702,-34.5001,-181.392 -12.5691 -35.501 -181.031 -10.5713 -33.4992
728,697,2,Robotic Hand_V5/DC Motor Driver .step-9/DC Motor Driver-23.step-1,DC Motor Driver-23.step-1,55,DC Motor Driver-23.step,DC Motor Driver-23.step.SLDPRT,DC Motor Driver .step,purchased-internal,purchased-internal,DC Motor Driver .step,True,False,0,False,False,False,False,,False,,-184.6134,-26.4906,21.7056,-0.130526 -0.000119 0.991445 0.000911 -1 -0 0.991444 0.000903 0.130526,-0.130526 -0.000119 0.991445 -184.613 0.000911 -1 -0 -26.4906 0.991444 0.000903 0.130526 21.7056 0 0 0 1,-12 -1 2 -8 3 2.1,4.00 x 4.00 x 0.10,-181.2758,-27.4997,12.0596,-184.6134,-21.7056,-26.4906,-0.130526 -0.991445 -0.000119 -0.991444 0.130526 -0.000903 0.000911 0 -1,-181.2758,-12.0596,-27.4997,-181.587 -14.0508 -29.5015 -180.965 -10.0684 -25.4979
729,697,2,Robotic Hand_V5/DC Motor Driver .step-9/DC Motor Driver-24.step-1,DC Motor Driver-24.step-1,56,DC Motor Driver-24.step,DC Motor Driver-24.step.SLDPRT,DC Motor Driver .step,purchased-internal,purchased-internal,DC Motor Driver .step,True,False,0,False,False,False,False,,False,,-184.6134,-26.4906,21.7056,-0.130526 -0.000119 0.991445 0.000911 -1 -0 0.991444 0.000903 0.130526,-0.130526 -0.000119 0.991445 -184.613 0.000911 -1 -0 -26.4906 0.991444 0.000903 0.130526 21.7056 0 0 0 1,7 -5.33333 2 9 -3.33333 2.1,2.00 x 2.00 x 0.10,-183.6246,-22.1500,29.9008,-184.6134,-21.7056,-26.4906,-0.130526 -0.991445 -0.000119 -0.991444 0.130526 -0.000903 0.000911 0 -1,-183.6246,-29.9008,-22.1500,-183.805 -30.8997 -23.1509 -183.444 -28.9019 -21.149
730,697,2,Robotic Hand_V5/DC Motor Driver .step-9/DC Motor Driver-25.step-1,DC Motor Driver-25.step-1,57,DC Motor Driver-25.step,DC Motor Driver-25.step.SLDPRT,DC Motor Driver .step,purchased-internal,purchased-internal,DC Motor Driver .step,True,False,0,False,False,False,False,,False,,-184.6134,-26.4906,21.7056,-0.130526 -0.000119 0.991445 0.000911 -1 -0 0.991444 0.000903 0.130526,-0.130526 -0.000119 0.991445 -184.613 0.000911 -1 -0 -26.4906 0.991444 0.000903 0.130526 21.7056 0 0 0 1,7 -7.66667 2 9 -5.66667 2.1,2.00 x 2.00 x 0.10,-183.6243,-19.8166,29.8987,-184.6134,-21.7056,-26.4906,-0.130526 -0.991445 -0.000119 -0.991444 0.130526 -0.000903 0.000911 0 -1,-183.6243,-29.8987,-19.8166,-183.805 -30.8975 -20.8175 -183.444 -28.8998 -18.8157
731,697,2,Robotic Hand_V5/DC Motor Driver .step-9/DC Motor Driver-26.step-1,DC Motor Driver-26.step-1,58,DC Motor Driver-26.step,DC Motor Driver-26.step.SLDPRT,DC Motor Driver .step,purchased-internal,purchased-internal,DC Motor Driver .step,True,False,0,False,False,False,False,,False,,-184.6134,-26.4906,21.7056,-0.130526 -0.000119 0.991445 0.000911 -1 -0 0.991444 0.000903 0.130526,-0.130526 -0.000119 0.991445 -184.613 0.000911 -1 -0 -26.4906 0.991444 0.000903 0.130526 21.7056 0 0 0 1,7 -3 2 9 -1 2.1,2.00 x 2.00 x 0.10,-183.6249,-24.4833,29.9029,-184.6134,-21.7056,-26.4906,-0.130526 -0.991445 -0.000119 -0.991444 0.130526 -0.000903 0.000911 0 -1,-183.6249,-29.9029,-24.4833,-183.805 -30.9018 -25.4842 -183.445 -28.904 -23.4824
732,697,2,Robotic Hand_V5/DC Motor Driver .step-9/DC Motor Driver-27.step-1,DC Motor Driver-27.step-1,59,DC Motor Driver-27.step,DC Motor Driver-27.step.SLDPRT,DC Motor Driver .step,purchased-internal,purchased-internal,DC Motor Driver .step,True,False,0,False,False,False,False,,False,,-184.6134,-26.4906,21.7056,-0.130526 -0.000119 0.991445 0.000911 -1 -0 0.991444 0.000903 0.130526,-0.130526 -0.000119 0.991445 -184.613 0.000911 -1 -0 -26.4906 0.991444 0.000903 0.130526 21.7056 0 0 0 1,7 -10 2 9 -8 2.1,2.00 x 2.00 x 0.10,-183.6240,-17.4833,29.8966,-184.6134,-21.7056,-26.4906,-0.130526 -0.991445 -0.000119 -0.991444 0.130526 -0.000903 0.000911 0 -1,-183.6240,-29.8966,-17.4833,-183.804 -30.8954 -18.4842 -183.444 -28.8977 -16.4824
733,,1,Robotic Hand_V5/driver_side_palm_cover2-1,driver_side_palm_cover2-1,2290,driver_side_palm_cover2,driver_side_palm_cover2.SLDPRT,,printed/structural,printed,,False,False,0,False,False,False,False,Yes,False,,-104.7672,-21.3907,80.8475,0.965926 -0 -0.258819 -0 1 -0 0.258819 0 0.965926,0.965926 -0 -0.258819 -104.767 -0 1 -0 -21.3907 0.258819 0 0.965926 80.8475 0 0 0 1,-74.2064 -24.5 -15.3345 33.898 28.3677 4.5,108.10 x 52.87 x 19.83,-122.8326,-19.4568,70.3985,-104.7672,-80.8475,-21.3907,0.965926 0.258819 -0 -0.258819 0.965926 -0 -0 0 1,-122.8326,-70.3985,-19.4568,-177.61 -93.9676 -45.8907 -68.0554 -46.8294 6.97704
734,,1,Robotic Hand_V5/driver_side_palm_cover3-1,driver_side_palm_cover3-1,2318,driver_side_palm_cover3,driver_side_palm_cover3.SLDPRT,,printed/structural,printed,,False,False,0,False,False,False,False,Yes,False,,-143.4378,-21.3907,-15.7461,-1 -0 -0 -0 1 0 0 0 -1,-1 -0 -0 -143.438 -0 1 0 -21.3907 0 0 -1 -15.7461 0 0 0 1,-74.165 -39.3806 -17.8676 5.73049 28.6535 4.565,79.90 x 68.03 x 22.43,-109.2206,-26.7542,-9.0948,-143.4378,15.7461,-21.3907,-1 0 -0 -0 -1 -0 -0 -0 1,-109.2206,9.0948,-26.7542,-149.168 -2.12145 -60.7713 -69.2728 20.3111 7.26281
735,,1,Robotic Hand_V5/m2x5_assemb-5,m2x5_assemb-5,2337,m2x5_assemb,m2x5_assemb.SLDASM,,printed/structural,sub-assembly,,False,True,5,False,False,False,False,Yes,False,,-137.9527,4.4810,59.6368,1 0 0 0 -0 -1 0 1 -0,1 0 0 -137.953 0 -0 -1 4.481 0 1 -0 59.6368 0 0 0 1,-4.53854 -3.08263 -3.24603 2.21146 3.41256 9.50397,6.75 x 6.50 x 12.75,-139.1163,1.3520,59.8018,-137.9527,-59.6368,4.4810,1 0 0 0 -0 -1 0 1 -0,-139.1163,-59.8018,1.3520,-142.491 -63.0494 -5.02296 -135.741 -56.5542 7.72704
736,735,2,Robotic Hand_V5/m2x5_assemb-5/M2 x 0.4mm Thread 5mm LONG SOCKET HEAD CAP SCREW.step-1,M2 x 0.4mm Thread 5mm LONG SOCKET HEAD CAP SCREW.step-1,24,M2 x 0.4mm Thread 5mm LONG SOCKET HEAD CAP SCREW.step,M2 x 0.4mm Thread 5mm LONG SOCKET HEAD CAP SCREW.step.SLDPRT,M2 x 0.4mm Thread 5mm LONG SOCKET HEAD CAP SCREW.STEP,fastener,screw-M2,,False,False,0,False,False,False,False,,False,,-139.1163,0.4770,59.8018,1 0 0 0 -0 -1 0 1 -0,1 0 0 -139.116 0 -0 -1 0.477037 0 1 -0 59.8018 0 0 0 1,-1.9 -1.9 -7.00414 1.9 1.9 2.5e-05,3.80 x 3.80 x 7.00,-139.1163,3.9791,59.8018,-139.1163,-59.8018,0.4770,1 0 0 0 -0 -1 0 1 -0,-139.1163,-59.8018,3.9791,-141.016 -61.7018 0.477012 -137.216 -57.9018 7.48118
737,735,2,Robotic Hand_V5/m2x5_assemb-5/M2 x 0.4mm Thread HEX NUT.step-1,M2 x 0.4mm Thread HEX NUT.step-1,25,M2 x 0.4mm Thread HEX NUT.step,M2 x 0.4mm Thread HEX NUT.step.SLDPRT,M2 x 0.4mm Thread HEX NUT.STEP,fastener,nut-M2,,False,False,0,False,False,False,False,,False,,-139.1163,1.4738,59.8018,0.5 -0.866025 0 -0 -0 -1 0.866025 0.5 -0,0.5 -0.866025 0 -139.116 -0 -0 -1 1.47376 0.866025 0.5 -0 59.8018 0 0 0 1,-2.3119 -2.31373 -0.804328 2.3119 2.31373 0.804602,4.62 x 4.63 x 1.61,-139.1163,1.4736,59.8018,-139.1163,-59.8018,1.4738,0.5 0 -0.866025 -0.866025 -0 -0.5 -0 1 -0,-139.1163,-59.8018,1.4736,-142.276 -62.9608 0.669163 -135.957 -56.6428 2.27809
738,735,2,Robotic Hand_V5/m2x5_assemb-5/m2_nut_cav-1,m2_nut_cav-1,53,m2_nut_cav,m2_nut_cav.SLDPRT,,cut-tool (not a physical part),cut-tool,,False,False,0,False,False,False,False,,False,,-139.1163,0.4238,59.8018,0.866025 0 0.5 0 1 -0 -0.5 0 0.866025,0.866025 0 0.5 -139.116 0 1 -0 0.423765 -0.5 0 0.866025 59.8018 0 0 0 1,-2.59808 0 -2.25 2.59808 2.1 2.25,5.20 x 2.10 x 4.50,-139.1163,1.4738,59.8018,-139.1163,-59.8018,0.4238,0.866025 -0.5 0 0.5 0.866025 -0 0 0 1,-139.1163,-59.8018,1.4738,-142.491 -63.0494 0.423765 -135.741 -56.5542 2.52377
739,735,2,Robotic Hand_V5/m2x5_assemb-5/m2_screwhead_cav-1,m2_screwhead_cav-1,57,m2_screwhead_cav,m2_screwhead_cav.SLDPRT,,cut-tool (not a physical part),cut-tool,,False,False,0,False,False,False,False,,False,,-139.1163,7.7270,59.8018,1 0 0 0 -1 0 0 -0 -1,1 0 0 -139.116 0 -1 0 7.72704 0 -0 -1 59.8018 0 0 0 1,-2.15 0 -2.15 2.15 2.5 2.15,4.30 x 2.50 x 4.30,-139.1163,6.4770,59.8018,-139.1163,-59.8018,7.7270,1 0 0 0 -1 0 0 -0 -1,-139.1163,-59.8018,6.4770,-141.266 -61.9518 5.22704 -136.966 -57.6518 7.72704
740,735,2,Robotic Hand_V5/m2x5_assemb-5/m2_hole_cav-1,m2_hole_cav-1,60,m2_hole_cav,m2_hole_cav.SLDPRT,,cut-tool (not a physical part),cut-tool,,False,False,0,False,False,False,False,,False,,-139.1163,5.4770,59.8018,1 0 0 0 -1 0 0 -0 -1,1 0 0 -139.116 0 -1 0 5.47704 0 -0 -1 59.8018 0 0 0 1,-1.25 0 -1.25 1.25 10.5 1.25,2.50 x 10.50 x 2.50,-139.1163,0.2270,59.8018,-139.1163,-59.8018,5.4770,1 0 0 0 -1 0 0 -0 -1,-139.1163,-59.8018,0.2270,-140.366 -61.0518 -5.02296 -137.866 -58.5518 5.47704
741,,1,Robotic Hand_V5/m2x5_assemb-6,m2x5_assemb-6,2339,m2x5_assemb,m2x5_assemb.SLDASM,,printed/structural,sub-assembly,,False,True,5,False,False,False,False,Yes,False,,-99.8015,4.4810,70.9922,1 0 0 0 -0 -1 0 1 -0,1 0 0 -99.8015 0 -0 -1 4.481 0 1 -0 70.9922 0 0 0 1,-4.53854 -3.08263 -3.24603 2.21146 3.41256 9.50397,6.75 x 6.50 x 12.75,-100.9650,1.3520,71.1572,-99.8015,-70.9922,4.4810,1 0 0 0 -0 -1 0 1 -0,-100.9650,-71.1572,1.3520,-104.34 -74.4048 -5.02296 -97.59 -67.9096 7.72704
742,741,2,Robotic Hand_V5/m2x5_assemb-6/M2 x 0.4mm Thread 5mm LONG SOCKET HEAD CAP SCREW.step-1,M2 x 0.4mm Thread 5mm LONG SOCKET HEAD CAP SCREW.step-1,24,M2 x 0.4mm Thread 5mm LONG SOCKET HEAD CAP SCREW.step,M2 x 0.4mm Thread 5mm LONG SOCKET HEAD CAP SCREW.step.SLDPRT,M2 x 0.4mm Thread 5mm LONG SOCKET HEAD CAP SCREW.STEP,fastener,screw-M2,,False,False,0,False,False,False,False,,False,,-100.9650,0.4770,71.1572,1 0 0 0 -0 -1 0 1 -0,1 0 0 -100.965 0 -0 -1 0.477037 0 1 -0 71.1572 0 0 0 1,-1.9 -1.9 -7.00414 1.9 1.9 2.5e-05,3.80 x 3.80 x 7.00,-100.9650,3.9791,71.1572,-100.9650,-71.1572,0.4770,1 0 0 0 -0 -1 0 1 -0,-100.9650,-71.1572,3.9791,-102.865 -73.0572 0.477012 -99.065 -69.2572 7.48118
743,741,2,Robotic Hand_V5/m2x5_assemb-6/M2 x 0.4mm Thread HEX NUT.step-1,M2 x 0.4mm Thread HEX NUT.step-1,25,M2 x 0.4mm Thread HEX NUT.step,M2 x 0.4mm Thread HEX NUT.step.SLDPRT,M2 x 0.4mm Thread HEX NUT.STEP,fastener,nut-M2,,False,False,0,False,False,False,False,,False,,-100.9650,1.4738,71.1572,0.5 -0.866025 0 -0 -0 -1 0.866025 0.5 -0,0.5 -0.866025 0 -100.965 -0 -0 -1 1.47376 0.866025 0.5 -0 71.1572 0 0 0 1,-2.3119 -2.31373 -0.804328 2.3119 2.31373 0.804602,4.62 x 4.63 x 1.61,-100.9650,1.4736,71.1572,-100.9650,-71.1572,1.4738,0.5 0 -0.866025 -0.866025 -0 -0.5 -0 1 -0,-100.9650,-71.1572,1.4736,-104.125 -74.3162 0.669163 -97.8053 -67.9982 2.27809
744,741,2,Robotic Hand_V5/m2x5_assemb-6/m2_nut_cav-1,m2_nut_cav-1,53,m2_nut_cav,m2_nut_cav.SLDPRT,,cut-tool (not a physical part),cut-tool,,False,False,0,False,False,False,False,,False,,-100.9650,0.4238,71.1572,0.866025 0 0.5 0 1 -0 -0.5 0 0.866025,0.866025 0 0.5 -100.965 0 1 -0 0.423765 -0.5 0 0.866025 71.1572 0 0 0 1,-2.59808 0 -2.25 2.59808 2.1 2.25,5.20 x 2.10 x 4.50,-100.9650,1.4738,71.1572,-100.9650,-71.1572,0.4238,0.866025 -0.5 0 0.5 0.866025 -0 0 0 1,-100.9650,-71.1572,1.4738,-104.34 -74.4048 0.423765 -97.59 -67.9096 2.52377
745,741,2,Robotic Hand_V5/m2x5_assemb-6/m2_screwhead_cav-1,m2_screwhead_cav-1,57,m2_screwhead_cav,m2_screwhead_cav.SLDPRT,,cut-tool (not a physical part),cut-tool,,False,False,0,False,False,False,False,,False,,-100.9650,7.7270,71.1572,1 0 0 0 -1 0 0 -0 -1,1 0 0 -100.965 0 -1 0 7.72704 0 -0 -1 71.1572 0 0 0 1,-2.15 0 -2.15 2.15 2.5 2.15,4.30 x 2.50 x 4.30,-100.9650,6.4770,71.1572,-100.9650,-71.1572,7.7270,1 0 0 0 -1 0 0 -0 -1,-100.9650,-71.1572,6.4770,-103.115 -73.3072 5.22704 -98.815 -69.0072 7.72704
746,741,2,Robotic Hand_V5/m2x5_assemb-6/m2_hole_cav-1,m2_hole_cav-1,60,m2_hole_cav,m2_hole_cav.SLDPRT,,cut-tool (not a physical part),cut-tool,,False,False,0,False,False,False,False,,False,,-100.9650,5.4770,71.1572,1 0 0 0 -1 0 0 -0 -1,1 0 0 -100.965 0 -1 0 5.47704 0 -0 -1 71.1572 0 0 0 1,-1.25 0 -1.25 1.25 10.5 1.25,2.50 x 10.50 x 2.50,-100.9650,0.2270,71.1572,-100.9650,-71.1572,5.4770,1 0 0 0 -1 0 0 -0 -1,-100.9650,-71.1572,0.2270,-102.215 -72.4072 -5.02296 -99.715 -69.9072 5.47704
747,,1,Robotic Hand_V5/m2x5_assemb-9,m2x5_assemb-9,2345,m2x5_assemb,m2x5_assemb.SLDASM,,printed/structural,sub-assembly,,False,True,5,False,False,False,False,Yes,False,,-119.2617,4.4810,65.6483,1 0 0 0 -0 -1 0 1 -0,1 0 0 -119.262 0 -0 -1 4.481 0 1 -0 65.6483 0 0 0 1,-4.53854 -3.08263 -3.24603 2.21146 3.41256 9.50397,6.75 x 6.50 x 12.75,-120.4252,1.3520,65.8133,-119.2617,-65.6483,4.4810,1 0 0 0 -0 -1 0 1 -0,-120.4252,-65.8133,1.3520,-123.8 -69.0609 -5.02296 -117.05 -62.5657 7.72704
748,747,2,Robotic Hand_V5/m2x5_assemb-9/M2 x 0.4mm Thread 5mm LONG SOCKET HEAD CAP SCREW.step-1,M2 x 0.4mm Thread 5mm LONG SOCKET HEAD CAP SCREW.step-1,24,M2 x 0.4mm Thread 5mm LONG SOCKET HEAD CAP SCREW.step,M2 x 0.4mm Thread 5mm LONG SOCKET HEAD CAP SCREW.step.SLDPRT,M2 x 0.4mm Thread 5mm LONG SOCKET HEAD CAP SCREW.STEP,fastener,screw-M2,,False,False,0,False,False,False,False,,False,,-120.4252,0.4770,65.8133,1 0 0 0 -0 -1 0 1 -0,1 0 0 -120.425 0 -0 -1 0.477037 0 1 -0 65.8133 0 0 0 1,-1.9 -1.9 -7.00414 1.9 1.9 2.5e-05,3.80 x 3.80 x 7.00,-120.4252,3.9791,65.8133,-120.4252,-65.8133,0.4770,1 0 0 0 -0 -1 0 1 -0,-120.4252,-65.8133,3.9791,-122.325 -67.7133 0.477012 -118.525 -63.9133 7.48118
749,747,2,Robotic Hand_V5/m2x5_assemb-9/M2 x 0.4mm Thread HEX NUT.step-1,M2 x 0.4mm Thread HEX NUT.step-1,25,M2 x 0.4mm Thread HEX NUT.step,M2 x 0.4mm Thread HEX NUT.step.SLDPRT,M2 x 0.4mm Thread HEX NUT.STEP,fastener,nut-M2,,False,False,0,False,False,False,False,,False,,-120.4252,1.4738,65.8133,0.5 -0.866025 0 -0 -0 -1 0.866025 0.5 -0,0.5 -0.866025 0 -120.425 -0 -0 -1 1.47376 0.866025 0.5 -0 65.8133 0 0 0 1,-2.3119 -2.31373 -0.804328 2.3119 2.31373 0.804602,4.62 x 4.63 x 1.61,-120.4252,1.4736,65.8133,-120.4252,-65.8133,1.4738,0.5 0 -0.866025 -0.866025 -0 -0.5 -0 1 -0,-120.4252,-65.8133,1.4736,-123.585 -68.9723 0.669163 -117.266 -62.6543 2.27809
750,747,2,Robotic Hand_V5/m2x5_assemb-9/m2_nut_cav-1,m2_nut_cav-1,53,m2_nut_cav,m2_nut_cav.SLDPRT,,cut-tool (not a physical part),cut-tool,,False,False,0,False,False,False,False,,False,,-120.4252,0.4238,65.8133,0.866025 0 0.5 0 1 -0 -0.5 0 0.866025,0.866025 0 0.5 -120.425 0 1 -0 0.423765 -0.5 0 0.866025 65.8133 0 0 0 1,-2.59808 0 -2.25 2.59808 2.1 2.25,5.20 x 2.10 x 4.50,-120.4252,1.4738,65.8133,-120.4252,-65.8133,0.4238,0.866025 -0.5 0 0.5 0.866025 -0 0 0 1,-120.4252,-65.8133,1.4738,-123.8 -69.0609 0.423765 -117.05 -62.5657 2.52377
751,747,2,Robotic Hand_V5/m2x5_assemb-9/m2_screwhead_cav-1,m2_screwhead_cav-1,57,m2_screwhead_cav,m2_screwhead_cav.SLDPRT,,cut-tool (not a physical part),cut-tool,,False,False,0,False,False,False,False,,False,,-120.4252,7.7270,65.8133,1 0 0 0 -1 0 0 -0 -1,1 0 0 -120.425 0 -1 0 7.72704 0 -0 -1 65.8133 0 0 0 1,-2.15 0 -2.15 2.15 2.5 2.15,4.30 x 2.50 x 4.30,-120.4252,6.4770,65.8133,-120.4252,-65.8133,7.7270,1 0 0 0 -1 0 0 -0 -1,-120.4252,-65.8133,6.4770,-122.575 -67.9633 5.22704 -118.275 -63.6633 7.72704
752,747,2,Robotic Hand_V5/m2x5_assemb-9/m2_hole_cav-1,m2_hole_cav-1,60,m2_hole_cav,m2_hole_cav.SLDPRT,,cut-tool (not a physical part),cut-tool,,False,False,0,False,False,False,False,,False,,-120.4252,5.4770,65.8133,1 0 0 0 -1 0 0 -0 -1,1 0 0 -120.425 0 -1 0 5.47704 0 -0 -1 65.8133 0 0 0 1,-1.25 0 -1.25 1.25 10.5 1.25,2.50 x 10.50 x 2.50,-120.4252,0.2270,65.8133,-120.4252,-65.8133,5.4770,1 0 0 0 -1 0 0 -0 -1,-120.4252,-65.8133,0.2270,-121.675 -67.0633 -5.02296 -119.175 -64.5633 5.47704
753,,1,Robotic Hand_V5/m2x5_assemb-10,m2x5_assemb-10,2346,m2x5_assemb,m2x5_assemb.SLDASM,,printed/structural,sub-assembly,,False,True,5,False,False,False,False,Yes,False,,-156.9894,4.4810,53.8774,1 0 0 0 -0 -1 0 1 -0,1 0 0 -156.989 0 -0 -1 4.481 0 1 -0 53.8774 0 0 0 1,-4.53854 -3.08263 -3.24603 2.21146 3.41256 9.50397,6.75 x 6.50 x 12.75,-158.1530,1.3520,54.0424,-156.9894,-53.8774,4.4810,1 0 0 0 -0 -1 0 1 -0,-158.1530,-54.0424,1.3520,-161.528 -57.29 -5.02296 -154.778 -50.7948 7.72704
754,753,2,Robotic Hand_V5/m2x5_assemb-10/M2 x 0.4mm Thread 5mm LONG SOCKET HEAD CAP SCREW.step-1,M2 x 0.4mm Thread 5mm LONG SOCKET HEAD CAP SCREW.step-1,24,M2 x 0.4mm Thread 5mm LONG SOCKET HEAD CAP SCREW.step,M2 x 0.4mm Thread 5mm LONG SOCKET HEAD CAP SCREW.step.SLDPRT,M2 x 0.4mm Thread 5mm LONG SOCKET HEAD CAP SCREW.STEP,fastener,screw-M2,,False,False,0,False,False,False,False,,False,,-158.1530,0.4770,54.0424,1 0 0 0 -0 -1 0 1 -0,1 0 0 -158.153 0 -0 -1 0.477037 0 1 -0 54.0424 0 0 0 1,-1.9 -1.9 -7.00414 1.9 1.9 2.5e-05,3.80 x 3.80 x 7.00,-158.1530,3.9791,54.0424,-158.1530,-54.0424,0.4770,1 0 0 0 -0 -1 0 1 -0,-158.1530,-54.0424,3.9791,-160.053 -55.9424 0.477012 -156.253 -52.1424 7.48118
755,753,2,Robotic Hand_V5/m2x5_assemb-10/M2 x 0.4mm Thread HEX NUT.step-1,M2 x 0.4mm Thread HEX NUT.step-1,25,M2 x 0.4mm Thread HEX NUT.step,M2 x 0.4mm Thread HEX NUT.step.SLDPRT,M2 x 0.4mm Thread HEX NUT.STEP,fastener,nut-M2,,False,False,0,False,False,False,False,,False,,-158.1530,1.4738,54.0424,0.5 -0.866025 0 -0 -0 -1 0.866025 0.5 -0,0.5 -0.866025 0 -158.153 -0 -0 -1 1.47376 0.866025 0.5 -0 54.0424 0 0 0 1,-2.3119 -2.31373 -0.804328 2.3119 2.31373 0.804602,4.62 x 4.63 x 1.61,-158.1530,1.4736,54.0424,-158.1530,-54.0424,1.4738,0.5 0 -0.866025 -0.866025 -0 -0.5 -0 1 -0,-158.1530,-54.0424,1.4736,-161.313 -57.2014 0.669163 -154.993 -50.8834 2.27809
756,753,2,Robotic Hand_V5/m2x5_assemb-10/m2_nut_cav-1,m2_nut_cav-1,53,m2_nut_cav,m2_nut_cav.SLDPRT,,cut-tool (not a physical part),cut-tool,,False,False,0,False,False,False,False,,False,,-158.1530,0.4238,54.0424,0.866025 0 0.5 0 1 -0 -0.5 0 0.866025,0.866025 0 0.5 -158.153 0 1 -0 0.423765 -0.5 0 0.866025 54.0424 0 0 0 1,-2.59808 0 -2.25 2.59808 2.1 2.25,5.20 x 2.10 x 4.50,-158.1530,1.4738,54.0424,-158.1530,-54.0424,0.4238,0.866025 -0.5 0 0.5 0.866025 -0 0 0 1,-158.1530,-54.0424,1.4738,-161.528 -57.29 0.423765 -154.778 -50.7948 2.52377
757,753,2,Robotic Hand_V5/m2x5_assemb-10/m2_screwhead_cav-1,m2_screwhead_cav-1,57,m2_screwhead_cav,m2_screwhead_cav.SLDPRT,,cut-tool (not a physical part),cut-tool,,False,False,0,False,False,False,False,,False,,-158.1530,7.7270,54.0424,1 0 0 0 -1 0 0 -0 -1,1 0 0 -158.153 0 -1 0 7.72704 0 -0 -1 54.0424 0 0 0 1,-2.15 0 -2.15 2.15 2.5 2.15,4.30 x 2.50 x 4.30,-158.1530,6.4770,54.0424,-158.1530,-54.0424,7.7270,1 0 0 0 -1 0 0 -0 -1,-158.1530,-54.0424,6.4770,-160.303 -56.1924 5.22704 -156.003 -51.8924 7.72704
758,753,2,Robotic Hand_V5/m2x5_assemb-10/m2_hole_cav-1,m2_hole_cav-1,60,m2_hole_cav,m2_hole_cav.SLDPRT,,cut-tool (not a physical part),cut-tool,,False,False,0,False,False,False,False,,False,,-158.1530,5.4770,54.0424,1 0 0 0 -1 0 0 -0 -1,1 0 0 -158.153 0 -1 0 5.47704 0 -0 -1 54.0424 0 0 0 1,-1.25 0 -1.25 1.25 10.5 1.25,2.50 x 10.50 x 2.50,-158.1530,0.2270,54.0424,-158.1530,-54.0424,5.4770,1 0 0 0 -1 0 0 -0 -1,-158.1530,-54.0424,0.2270,-159.403 -55.2924 -5.02296 -156.903 -52.7924 5.47704
759,,1,Robotic Hand_V5/m2x5_assemb-11,m2x5_assemb-11,2347,m2x5_assemb,m2x5_assemb.SLDASM,,printed/structural,sub-assembly,,False,True,5,False,False,False,False,Yes,False,,-112.9843,4.4810,-1.2613,1 0 0 0 -0 -1 0 1 -0,1 0 0 -112.984 0 -0 -1 4.481 0 1 -0 -1.26126 0 0 0 1,-4.53854 -3.08263 -3.24603 2.21146 3.41256 9.50397,6.75 x 6.50 x 12.75,-114.1478,1.3520,-1.0963,-112.9843,1.2613,4.4810,1 0 0 0 -0 -1 0 1 -0,-114.1478,1.0963,1.3520,-117.523 -2.15131 -5.02296 -110.773 4.34388 7.72704
760,759,2,Robotic Hand_V5/m2x5_assemb-11/M2 x 0.4mm Thread 5mm LONG SOCKET HEAD CAP SCREW.step-1,M2 x 0.4mm Thread 5mm LONG SOCKET HEAD CAP SCREW.step-1,24,M2 x 0.4mm Thread 5mm LONG SOCKET HEAD CAP SCREW.step,M2 x 0.4mm Thread 5mm LONG SOCKET HEAD CAP SCREW.step.SLDPRT,M2 x 0.4mm Thread 5mm LONG SOCKET HEAD CAP SCREW.STEP,fastener,screw-M2,,False,False,0,False,False,False,False,,False,,-114.1478,0.4770,-1.0963,1 0 0 0 -0 -1 0 1 -0,1 0 0 -114.148 0 -0 -1 0.477037 0 1 -0 -1.09629 0 0 0 1,-1.9 -1.9 -7.00414 1.9 1.9 2.5e-05,3.80 x 3.80 x 7.00,-114.1478,3.9791,-1.0963,-114.1478,1.0963,0.4770,1 0 0 0 -0 -1 0 1 -0,-114.1478,1.0963,3.9791,-116.048 -0.803711 0.477012 -112.248 2.99629 7.48118
761,759,2,Robotic Hand_V5/m2x5_assemb-11/M2 x 0.4mm Thread HEX NUT.step-1,M2 x 0.4mm Thread HEX NUT.step-1,25,M2 x 0.4mm Thread HEX NUT.step,M2 x 0.4mm Thread HEX NUT.step.SLDPRT,M2 x 0.4mm Thread HEX NUT.STEP,fastener,nut-M2,,False,False,0,False,False,False,False,,False,,-114.1478,1.4738,-1.0963,0.5 -0.866025 0 -0 -0 -1 0.866025 0.5 -0,0.5 -0.866025 0 -114.148 -0 -0 -1 1.47376 0.866025 0.5 -0 -1.09629 0 0 0 1,-2.3119 -2.31373 -0.804328 2.3119 2.31373 0.804602,4.62 x 4.63 x 1.61,-114.1478,1.4736,-1.0963,-114.1478,1.0963,1.4738,0.5 0 -0.866025 -0.866025 -0 -0.5 -0 1 -0,-114.1478,1.0963,1.4736,-117.308 -2.06274 0.669163 -110.988 4.25532 2.27809
762,759,2,Robotic Hand_V5/m2x5_assemb-11/m2_nut_cav-1,m2_nut_cav-1,53,m2_nut_cav,m2_nut_cav.SLDPRT,,cut-tool (not a physical part),cut-tool,,False,False,0,False,False,False,False,,False,,-114.1478,0.4238,-1.0963,0.866025 0 0.5 0 1 -0 -0.5 0 0.866025,0.866025 0 0.5 -114.148 0 1 -0 0.423765 -0.5 0 0.866025 -1.09629 0 0 0 1,-2.59808 0 -2.25 2.59808 2.1 2.25,5.20 x 2.10 x 4.50,-114.1478,1.4738,-1.0963,-114.1478,1.0963,0.4238,0.866025 -0.5 0 0.5 0.866025 -0 0 0 1,-114.1478,1.0963,1.4738,-117.523 -2.15131 0.423765 -110.773 4.34388 2.52377
763,759,2,Robotic Hand_V5/m2x5_assemb-11/m2_screwhead_cav-1,m2_screwhead_cav-1,57,m2_screwhead_cav,m2_screwhead_cav.SLDPRT,,cut-tool (not a physical part),cut-tool,,False,False,0,False,False,False,False,,False,,-114.1478,7.7270,-1.0963,1 0 0 0 -1 0 0 -0 -1,1 0 0 -114.148 0 -1 0 7.72704 0 -0 -1 -1.09629 0 0 0 1,-2.15 0 -2.15 2.15 2.5 2.15,4.30 x 2.50 x 4.30,-114.1478,6.4770,-1.0963,-114.1478,1.0963,7.7270,1 0 0 0 -1 0 0 -0 -1,-114.1478,1.0963,6.4770,-116.298 -1.05371 5.22704 -111.998 3.24629 7.72704
764,759,2,Robotic Hand_V5/m2x5_assemb-11/m2_hole_cav-1,m2_hole_cav-1,60,m2_hole_cav,m2_hole_cav.SLDPRT,,cut-tool (not a physical part),cut-tool,,False,False,0,False,False,False,False,,False,,-114.1478,5.4770,-1.0963,1 0 0 0 -1 0 0 -0 -1,1 0 0 -114.148 0 -1 0 5.47704 0 -0 -1 -1.09629 0 0 0 1,-1.25 0 -1.25 1.25 10.5 1.25,2.50 x 10.50 x 2.50,-114.1478,0.2270,-1.0963,-114.1478,1.0963,5.4770,1 0 0 0 -1 0 0 -0 -1,-114.1478,1.0963,0.2270,-115.398 -0.153711 -5.02296 -112.898 2.34629 5.47704
765,,1,Robotic Hand_V5/m2x5_assemb-12,m2x5_assemb-12,2348,m2x5_assemb,m2x5_assemb.SLDASM,,printed/structural,sub-assembly,,False,True,5,False,False,False,False,Yes,False,,-132.0393,4.4810,-1.5739,1 0 0 0 -0 -1 0 1 -0,1 0 0 -132.039 0 -0 -1 4.481 0 1 -0 -1.57385 0 0 0 1,-4.53854 -3.08263 -3.24603 2.21146 3.41256 9.50397,6.75 x 6.50 x 12.75,-133.2028,1.3520,-1.4089,-132.0393,1.5739,4.4810,1 0 0 0 -0 -1 0 1 -0,-133.2028,1.4089,1.3520,-136.578 -1.83871 -5.02296 -129.828 4.65648 7.72704
766,765,2,Robotic Hand_V5/m2x5_assemb-12/M2 x 0.4mm Thread 5mm LONG SOCKET HEAD CAP SCREW.step-1,M2 x 0.4mm Thread 5mm LONG SOCKET HEAD CAP SCREW.step-1,24,M2 x 0.4mm Thread 5mm LONG SOCKET HEAD CAP SCREW.step,M2 x 0.4mm Thread 5mm LONG SOCKET HEAD CAP SCREW.step.SLDPRT,M2 x 0.4mm Thread 5mm LONG SOCKET HEAD CAP SCREW.STEP,fastener,screw-M2,,False,False,0,False,False,False,False,,False,,-133.2028,0.4770,-1.4089,1 0 0 0 -0 -1 0 1 -0,1 0 0 -133.203 0 -0 -1 0.477037 0 1 -0 -1.40889 0 0 0 1,-1.9 -1.9 -7.00414 1.9 1.9 2.5e-05,3.80 x 3.80 x 7.00,-133.2028,3.9791,-1.4089,-133.2028,1.4089,0.4770,1 0 0 0 -0 -1 0 1 -0,-133.2028,1.4089,3.9791,-135.103 -0.491112 0.477012 -131.303 3.30889 7.48118
767,765,2,Robotic Hand_V5/m2x5_assemb-12/M2 x 0.4mm Thread HEX NUT.step-1,M2 x 0.4mm Thread HEX NUT.step-1,25,M2 x 0.4mm Thread HEX NUT.step,M2 x 0.4mm Thread HEX NUT.step.SLDPRT,M2 x 0.4mm Thread HEX NUT.STEP,fastener,nut-M2,,False,False,0,False,False,False,False,,False,,-133.2028,1.4738,-1.4089,0.5 -0.866025 0 -0 -0 -1 0.866025 0.5 -0,0.5 -0.866025 0 -133.203 -0 -0 -1 1.47376 0.866025 0.5 -0 -1.40889 0 0 0 1,-2.3119 -2.31373 -0.804328 2.3119 2.31373 0.804602,4.62 x 4.63 x 1.61,-133.2028,1.4736,-1.4089,-133.2028,1.4089,1.4738,0.5 0 -0.866025 -0.866025 -0 -0.5 -0 1 -0,-133.2028,1.4089,1.4736,-136.363 -1.75014 0.669163 -130.043 4.56792 2.27809
768,765,2,Robotic Hand_V5/m2x5_assemb-12/m2_nut_cav-1,m2_nut_cav-1,53,m2_nut_cav,m2_nut_cav.SLDPRT,,cut-tool (not a physical part),cut-tool,,False,False,0,False,False,False,False,,False,,-133.2028,0.4238,-1.4089,0.866025 0 0.5 0 1 -0 -0.5 0 0.866025,0.866025 0 0.5 -133.203 0 1 -0 0.423765 -0.5 0 0.866025 -1.40889 0 0 0 1,-2.59808 0 -2.25 2.59808 2.1 2.25,5.20 x 2.10 x 4.50,-133.2028,1.4738,-1.4089,-133.2028,1.4089,0.4238,0.866025 -0.5 0 0.5 0.866025 -0 0 0 1,-133.2028,1.4089,1.4738,-136.578 -1.83871 0.423765 -129.828 4.65648 2.52377
769,765,2,Robotic Hand_V5/m2x5_assemb-12/m2_screwhead_cav-1,m2_screwhead_cav-1,57,m2_screwhead_cav,m2_screwhead_cav.SLDPRT,,cut-tool (not a physical part),cut-tool,,False,False,0,False,False,False,False,,False,,-133.2028,7.7270,-1.4089,1 0 0 0 -1 0 0 -0 -1,1 0 0 -133.203 0 -1 0 7.72704 0 -0 -1 -1.40889 0 0 0 1,-2.15 0 -2.15 2.15 2.5 2.15,4.30 x 2.50 x 4.30,-133.2028,6.4770,-1.4089,-133.2028,1.4089,7.7270,1 0 0 0 -1 0 0 -0 -1,-133.2028,1.4089,6.4770,-135.353 -0.741112 5.22704 -131.053 3.55889 7.72704
770,765,2,Robotic Hand_V5/m2x5_assemb-12/m2_hole_cav-1,m2_hole_cav-1,60,m2_hole_cav,m2_hole_cav.SLDPRT,,cut-tool (not a physical part),cut-tool,,False,False,0,False,False,False,False,,False,,-133.2028,5.4770,-1.4089,1 0 0 0 -1 0 0 -0 -1,1 0 0 -133.203 0 -1 0 5.47704 0 -0 -1 -1.40889 0 0 0 1,-1.25 0 -1.25 1.25 10.5 1.25,2.50 x 10.50 x 2.50,-133.2028,0.2270,-1.4089,-133.2028,1.4089,5.4770,1 0 0 0 -1 0 0 -0 -1,-133.2028,1.4089,0.2270,-134.453 0.158888 -5.02296 -131.953 2.65889 5.47704
771,,1,Robotic Hand_V5/m2x5_assemb-13,m2x5_assemb-13,2349,m2x5_assemb,m2x5_assemb.SLDASM,,printed/structural,sub-assembly,,False,True,5,False,False,False,False,Yes,False,,-90.6589,4.4810,-1.6326,1 0 0 0 -0 -1 0 1 -0,1 0 0 -90.6589 0 -0 -1 4.481 0 1 -0 -1.63261 0 0 0 1,-4.53854 -3.08263 -3.24603 2.21146 3.41256 9.50397,6.75 x 6.50 x 12.75,-91.8224,1.3520,-1.4676,-90.6589,1.6326,4.4810,1 0 0 0 -0 -1 0 1 -0,-91.8224,1.4676,1.3520,-95.1974 -1.77995 -5.02296 -88.4474 4.71524 7.72704
772,771,2,Robotic Hand_V5/m2x5_assemb-13/M2 x 0.4mm Thread 5mm LONG SOCKET HEAD CAP SCREW.step-1,M2 x 0.4mm Thread 5mm LONG SOCKET HEAD CAP SCREW.step-1,24,M2 x 0.4mm Thread 5mm LONG SOCKET HEAD CAP SCREW.step,M2 x 0.4mm Thread 5mm LONG SOCKET HEAD CAP SCREW.step.SLDPRT,M2 x 0.4mm Thread 5mm LONG SOCKET HEAD CAP SCREW.STEP,fastener,screw-M2,,False,False,0,False,False,False,False,,False,,-91.8224,0.4770,-1.4676,1 0 0 0 -0 -1 0 1 -0,1 0 0 -91.8224 0 -0 -1 0.477037 0 1 -0 -1.46764 0 0 0 1,-1.9 -1.9 -7.00414 1.9 1.9 2.5e-05,3.80 x 3.80 x 7.00,-91.8224,3.9791,-1.4676,-91.8224,1.4676,0.4770,1 0 0 0 -0 -1 0 1 -0,-91.8224,1.4676,3.9791,-93.7224 -0.432357 0.477012 -89.9224 3.36764 7.48118
773,771,2,Robotic Hand_V5/m2x5_assemb-13/M2 x 0.4mm Thread HEX NUT.step-1,M2 x 0.4mm Thread HEX NUT.step-1,25,M2 x 0.4mm Thread HEX NUT.step,M2 x 0.4mm Thread HEX NUT.step.SLDPRT,M2 x 0.4mm Thread HEX NUT.STEP,fastener,nut-M2,,False,False,0,False,False,False,False,,False,,-91.8224,1.4738,-1.4676,0.5 -0.866025 0 -0 -0 -1 0.866025 0.5 -0,0.5 -0.866025 0 -91.8224 -0 -0 -1 1.47376 0.866025 0.5 -0 -1.46764 0 0 0 1,-2.3119 -2.31373 -0.804328 2.3119 2.31373 0.804602,4.62 x 4.63 x 1.61,-91.8224,1.4736,-1.4676,-91.8224,1.4676,1.4738,0.5 0 -0.866025 -0.866025 -0 -0.5 -0 1 -0,-91.8224,1.4676,1.4736,-94.9821 -1.69139 0.669163 -88.6627 4.62667 2.27809
774,771,2,Robotic Hand_V5/m2x5_assemb-13/m2_nut_cav-1,m2_nut_cav-1,53,m2_nut_cav,m2_nut_cav.SLDPRT,,cut-tool (not a physical part),cut-tool,,False,False,0,False,False,False,False,,False,,-91.8224,0.4238,-1.4676,0.866025 0 0.5 0 1 -0 -0.5 0 0.866025,0.866025 0 0.5 -91.8224 0 1 -0 0.423765 -0.5 0 0.866025 -1.46764 0 0 0 1,-2.59808 0 -2.25 2.59808 2.1 2.25,5.20 x 2.10 x 4.50,-91.8224,1.4738,-1.4676,-91.8224,1.4676,0.4238,0.866025 -0.5 0 0.5 0.866025 -0 0 0 1,-91.8224,1.4676,1.4738,-95.1974 -1.77995 0.423765 -88.4474 4.71524 2.52377
775,771,2,Robotic Hand_V5/m2x5_assemb-13/m2_screwhead_cav-1,m2_screwhead_cav-1,57,m2_screwhead_cav,m2_screwhead_cav.SLDPRT,,cut-tool (not a physical part),cut-tool,,False,False,0,False,False,False,False,,False,,-91.8224,7.7270,-1.4676,1 0 0 0 -1 0 0 -0 -1,1 0 0 -91.8224 0 -1 0 7.72704 0 -0 -1 -1.46764 0 0 0 1,-2.15 0 -2.15 2.15 2.5 2.15,4.30 x 2.50 x 4.30,-91.8224,6.4770,-1.4676,-91.8224,1.4676,7.7270,1 0 0 0 -1 0 0 -0 -1,-91.8224,1.4676,6.4770,-93.9724 -0.682357 5.22704 -89.6724 3.61764 7.72704
776,771,2,Robotic Hand_V5/m2x5_assemb-13/m2_hole_cav-1,m2_hole_cav-1,60,m2_hole_cav,m2_hole_cav.SLDPRT,,cut-tool (not a physical part),cut-tool,,False,False,0,False,False,False,False,,False,,-91.8224,5.4770,-1.4676,1 0 0 0 -1 0 0 -0 -1,1 0 0 -91.8224 0 -1 0 5.47704 0 -0 -1 -1.46764 0 0 0 1,-1.25 0 -1.25 1.25 10.5 1.25,2.50 x 10.50 x 2.50,-91.8224,0.2270,-1.4676,-91.8224,1.4676,5.4770,1 0 0 0 -1 0 0 -0 -1,-91.8224,1.4676,0.2270,-93.0724 0.217643 -5.02296 -90.5724 2.71764 5.47704
777,,1,Robotic Hand_V5/DC Motor Driver .step-13,DC Motor Driver .step-13,2405,DC Motor Driver .step,DC Motor Driver .step.SLDASM,DC Motor Driver .step,electronics,driver-board,DC Motor Driver .step,False,True,35,False,False,False,False,Yes,False,,-81.6878,-10.8907,-15.7461,1 0 0 0 1 0 0 0 1,1 0 0 -81.6878 0 1 0 -10.8907 0 0 1 -15.7461 0 0 0 1,-12.35 -10.5 0 12.35 10.5 5,24.70 x 21.00 x 5.00,-81.6878,-10.8907,-13.2461,-81.6878,15.7461,-10.8907,1 0 0 0 1 0 0 0 1,-81.6878,13.2461,-10.8907,-94.0378 10.7461 -21.3907 -69.3378 15.7461 -0.390673
778,777,2,Robotic Hand_V5/DC Motor Driver .step-13/Component1.step-1,Component1.step-1,24,Component1.step,Component1.step.SLDPRT,DC Motor Driver .step,purchased-internal,purchased-internal,DC Motor Driver .step,True,False,0,False,False,False,False,,False,,-81.6878,-10.8907,-15.7461,1 0 0 0 1 0 0 0 1,1 0 0 -81.6878 0 1 0 -10.8907 0 0 1 -15.7461 0 0 0 1,10 6.04688 2 11.1172 9 3,1.12 x 2.95 x 1.00,-71.1292,-3.3672,-13.2461,-81.6878,15.7461,-10.8907,1 0 0 0 1 0 0 0 1,-71.1292,13.2461,-3.3672,-71.6878 12.7461 -4.8438 -70.5706 13.7461 -1.89067
779,777,2,Robotic Hand_V5/DC Motor Driver .step-13/Component2.step-1,Component2.step-1,25,Component2.step,Component2.step.SLDPRT,DC Motor Driver .step,purchased-internal,purchased-internal,DC Motor Driver .step,True,False,0,False,False,False,False,,False,,-81.6878,-10.8907,-15.7461,1 0 0 0 1 0 0 0 1,1 0 0 -81.6878 0 1 0 -10.8907 0 0 1 -15.7461 0 0 0 1,10 6.55586 2 11.1172 8.55543 3,1.12 x 2.00 x 1.00,-71.1292,-3.3350,-13.2461,-81.6878,15.7461,-10.8907,1 0 0 0 1 0 0 0 1,-71.1292,13.2461,-3.3350,-71.6878 12.7461 -4.33481 -70.5706 13.7461 -2.33524
780,777,2,Robotic Hand_V5/DC Motor Driver .step-13/Component3.step-1,Component3.step-1,26,Component3.step,Component3.step.SLDPRT,DC Motor Driver .step,purchased-internal,purchased-internal,DC Motor Driver .step,True,False,0,False,False,False,False,,False,,-81.6878,-10.8907,-15.7461,1 0 0 0 1 0 0 0 1,1 0 0 -81.6878 0 1 0 -10.8907 0 0 1 -15.7461 0 0 0 1,8 6.04688 2 9 9 3,1.00 x 2.95 x 1.00,-73.1878,-3.3672,-13.2461,-81.6878,15.7461,-10.8907,1 0 0 0 1 0 0 0 1,-73.1878,13.2461,-3.3672,-73.6878 12.7461 -4.8438 -72.6878 13.7461 -1.89067
781,777,2,Robotic Hand_V5/DC Motor Driver .step-13/Component4.step-1,Component4.step-1,27,Component4.step,Component4.step.SLDPRT,DC Motor Driver .step,purchased-internal,purchased-internal,DC Motor Driver .step,True,False,0,False,False,False,False,,False,,-81.6878,-10.8907,-15.7461,1 0 0 0 1 0 0 0 1,1 0 0 -81.6878 0 1 0 -10.8907 0 0 1 -15.7461 0 0 0 1,8 6.55586 2 9 8.5 3,1.00 x 1.94 x 1.00,-73.1878,-3.3627,-13.2461,-81.6878,15.7461,-10.8907,1 0 0 0 1 0 0 0 1,-73.1878,13.2461,-3.3627,-73.6878 12.7461 -4.33481 -72.6878 13.7461 -2.39067
782,777,2,Robotic Hand_V5/DC Motor Driver .step-13/Component5.step-1,Component5.step-1,28,Component5.step,Component5.step.SLDPRT,DC Motor Driver .step,purchased-internal,purchased-internal,DC Motor Driver .step,True,False,0,False,False,False,False,,False,,-81.6878,-10.8907,-15.7461,1 0 0 0 1 0 0 0 1,1 0 0 -81.6878 0 1 0 -10.8907 0 0 1 -15.7461 0 0 0 1,-11.4797 -9.76475 2 -9.42664 -1.47552 2.01,2.05 x 8.29 x 0.01,-92.1410,-16.5108,-13.7411,-81.6878,15.7461,-10.8907,1 0 0 0 1 0 0 0 1,-92.1410,13.7411,-16.5108,-93.1675 13.7361 -20.6554 -91.1145 13.7461 -12.3662
783,777,2,Robotic Hand_V5/DC Motor Driver .step-13/Component6.step-1,Component6.step-1,29,Component6.step,Component6.step.SLDPRT,DC Motor Driver .step,purchased-internal,purchased-internal,DC Motor Driver .step,True,False,0,False,False,False,False,,False,,-81.6878,-10.8907,-15.7461,1 0 0 0 1 0 0 0 1,1 0 0 -81.6878 0 1 0 -10.8907 0 0 1 -15.7461 0 0 0 1,9.4 -9.767 2 10.1131 -1.18696 2.01,0.71 x 8.58 x 0.01,-71.9313,-16.3677,-13.7411,-81.6878,15.7461,-10.8907,1 0 0 0 1 0 0 0 1,-71.9313,13.7411,-16.3677,-72.2878 13.7361 -20.6577 -71.5748 13.7461 -12.0776
784,777,2,Robotic Hand_V5/DC Motor Driver .step-13/DC Motor Driver.step-1,DC Motor Driver.step-1,30,DC Motor Driver.step,DC Motor Driver.step.SLDPRT,DC Motor Driver .step,purchased-internal,purchased-internal,DC Motor Driver .step,True,False,0,False,False,False,False,,False,,-81.6878,-10.8907,-15.7461,1 0 0 0 1 0 0 0 1,1 0 0 -81.6878 0 1 0 -10.8907 0 0 1 -15.7461 0 0 0 1,-12.35 -10.5 0 12.35 10.5 5,24.70 x 21.00 x 5.00,-81.6878,-10.8907,-13.2461,-81.6878,15.7461,-10.8907,1 0 0 0 1 0 0 0 1,-81.6878,13.2461,-10.8907,-94.0378 10.7461 -21.3907 -69.3378 15.7461 -0.390673
785,777,2,Robotic Hand_V5/DC Motor Driver .step-13/DC Motor Driver-0.step-1,DC Motor Driver-0.step-1,31,DC Motor Driver-0.step,DC Motor Driver-0.step.SLDPRT,DC Motor Driver .step,purchased-internal,purchased-internal,DC Motor Driver .step,True,False,0,False,False,False,False,,False,,-81.6878,-10.8907,-15.7461,1 0 0 0 1 0 0 0 1,1 0 0 -81.6878 0 1 0 -10.8907 0 0 1 -15.7461 0 0 0 1,-1.5 -9.5 2 1.5 -1 3,3.00 x 8.50 x 1.00,-81.6878,-16.1407,-13.2461,-81.6878,15.7461,-10.8907,1 0 0 0 1 0 0 0 1,-81.6878,13.2461,-16.1407,-83.1878 12.7461 -20.3907 -80.1878 13.7461 -11.8907
786,777,2,Robotic Hand_V5/DC Motor Driver .step-13/DC Motor Driver-1.step-1,DC Motor Driver-1.step-1,32,DC Motor Driver-1.step,DC Motor Driver-1.step.SLDPRT,DC Motor Driver .step,purchased-internal,purchased-internal,DC Motor Driver .step,True,False,0,False,False,False,False,,False,,-81.6878,-10.8907,-15.7461,1 0 0 0 1 0 0 0 1,1 0 0 -81.6878 0 1 0 -10.8907 0 0 1 -15.7461 0 0 0 1,1.5 -4 2 2.5 -3.5 2.5,1.00 x 0.50 x 0.50,-79.6878,-14.6407,-13.4961,-81.6878,15.7461,-10.8907,1 0 0 0 1 0 0 0 1,-79.6878,13.4961,-14.6407,-80.1878 13.2461 -14.8907 -79.1878 13.7461 -14.3907
787,777,2,Robotic Hand_V5/DC Motor Driver .step-13/DC Motor Driver-2.step-1,DC Motor Driver-2.step-1,33,DC Motor Driver-2.step,DC Motor Driver-2.step.SLDPRT,DC Motor Driver .step,purchased-internal,purchased-internal,DC Motor Driver .step,True,False,0,False,False,False,False,,False,,-81.6878,-10.8907,-15.7461,1 0 0 0 1 0 0 0 1,1 0 0 -81.6878 0 1 0 -10.8907 0 0 1 -15.7461 0 0 0 1,1.5 -8 2 2.5 -7.5 2.5,1.00 x 0.50 x 0.50,-79.6878,-18.6407,-13.4961,-81.6878,15.7461,-10.8907,1 0 0 0 1 0 0 0 1,-79.6878,13.4961,-18.6407,-80.1878 13.2461 -18.8907 -79.1878 13.7461 -18.3907
788,777,2,Robotic Hand_V5/DC Motor Driver .step-13/DC Motor Driver-3.step-1,DC Motor Driver-3.step-1,34,DC Motor Driver-3.step,DC Motor Driver-3.step.SLDPRT,DC Motor Driver .step,purchased-internal,purchased-internal,DC Motor Driver .step,True,False,0,False,False,False,False,,False,,-81.6878,-10.8907,-15.7461,1 0 0 0 1 0 0 0 1,1 0 0 -81.6878 0 1 0 -10.8907 0 0 1 -15.7461 0 0 0 1,-2.5 -7 2 -1.5 -6.5 2.5,1.00 x 0.50 x 0.50,-83.6878,-17.6407,-13.4961,-81.6878,15.7461,-10.8907,1 0 0 0 1 0 0 0 1,-83.6878,13.4961,-17.6407,-84.1878 13.2461 -17.8907 -83.1878 13.7461 -17.3907
789,777,2,Robotic Hand_V5/DC Motor Driver .step-13/DC Motor Driver-4.step-1,DC Motor Driver-4.step-1,35,DC Motor Driver-4.step,DC Motor Driver-4.step.SLDPRT,DC Motor Driver .step,purchased-internal,purchased-internal,DC Motor Driver .step,True,False,0,False,False,False,False,,False,,-81.6878,-10.8907,-15.7461,1 0 0 0 1 0 0 0 1,1 0 0 -81.6878 0 1 0 -10.8907 0 0 1 -15.7461 0 0 0 1,-2.5 -3 2 -1.5 -2.5 2.5,1.00 x 0.50 x 0.50,-83.6878,-13.6407,-13.4961,-81.6878,15.7461,-10.8907,1 0 0 0 1 0 0 0 1,-83.6878,13.4961,-13.6407,-84.1878 13.2461 -13.8907 -83.1878 13.7461 -13.3907
790,777,2,Robotic Hand_V5/DC Motor Driver .step-13/DC Motor Driver-5.step-1,DC Motor Driver-5.step-1,36,DC Motor Driver-5.step,DC Motor Driver-5.step.SLDPRT,DC Motor Driver .step,purchased-internal,purchased-internal,DC Motor Driver .step,True,False,0,False,False,False,False,,False,,-81.6878,-10.8907,-15.7461,1 0 0 0 1 0 0 0 1,1 0 0 -81.6878 0 1 0 -10.8907 0 0 1 -15.7461 0 0 0 1,-2.5 -4 2 -1.5 -3.5 2.5,1.00 x 0.50 x 0.50,-83.6878,-14.6407,-13.4961,-81.6878,15.7461,-10.8907,1 0 0 0 1 0 0 0 1,-83.6878,13.4961,-14.6407,-84.1878 13.2461 -14.8907 -83.1878 13.7461 -14.3907
791,777,2,Robotic Hand_V5/DC Motor Driver .step-13/DC Motor Driver-6.step-1,DC Motor Driver-6.step-1,37,DC Motor Driver-6.step,DC Motor Driver-6.step.SLDPRT,DC Motor Driver .step,purchased-internal,purchased-internal,DC Motor Driver .step,True,False,0,False,False,False,False,,False,,-81.6878,-10.8907,-15.7461,1 0 0 0 1 0 0 0 1,1 0 0 -81.6878 0 1 0 -10.8907 0 0 1 -15.7461 0 0 0 1,-2.5 -8 2 -1.5 -7.5 2.5,1.00 x 0.50 x 0.50,-83.6878,-18.6407,-13.4961,-81.6878,15.7461,-10.8907,1 0 0 0 1 0 0 0 1,-83.6878,13.4961,-18.6407,-84.1878 13.2461 -18.8907 -83.1878 13.7461 -18.3907
792,777,2,Robotic Hand_V5/DC Motor Driver .step-13/DC Motor Driver-7.step-1,DC Motor Driver-7.step-1,39,DC Motor Driver-7.step,DC Motor Driver-7.step.SLDPRT,DC Motor Driver .step,purchased-internal,purchased-internal,DC Motor Driver .step,True,False,0,False,False,False,False,,False,,-81.6878,-10.8907,-15.7461,1 0 0 0 1 0 0 0 1,1 0 0 -81.6878 0 1 0 -10.8907 0 0 1 -15.7461 0 0 0 1,1.5 -7 2 2.5 -6.5 2.5,1.00 x 0.50 x 0.50,-79.6878,-17.6407,-13.4961,-81.6878,15.7461,-10.8907,1 0 0 0 1 0 0 0 1,-79.6878,13.4961,-17.6407,-80.1878 13.2461 -17.8907 -79.1878 13.7461 -17.3907
793,777,2,Robotic Hand_V5/DC Motor Driver .step-13/DC Motor Driver-8.step-1,DC Motor Driver-8.step-1,40,DC Motor Driver-8.step,DC Motor Driver-8.step.SLDPRT,DC Motor Driver .step,purchased-internal,purchased-internal,DC Motor Driver .step,True,False,0,False,False,False,False,,False,,-81.6878,-10.8907,-15.7461,1 0 0 0 1 0 0 0 1,1 0 0 -81.6878 0 1 0 -10.8907 0 0 1 -15.7461 0 0 0 1,1.5 -5 2 2.5 -4.5 2.5,1.00 x 0.50 x 0.50,-79.6878,-15.6407,-13.4961,-81.6878,15.7461,-10.8907,1 0 0 0 1 0 0 0 1,-79.6878,13.4961,-15.6407,-80.1878 13.2461 -15.8907 -79.1878 13.7461 -15.3907
794,777,2,Robotic Hand_V5/DC Motor Driver .step-13/DC Motor Driver-9.step-1,DC Motor Driver-9.step-1,41,DC Motor Driver-9.step,DC Motor Driver-9.step.SLDPRT,DC Motor Driver .step,purchased-internal,purchased-internal,DC Motor Driver .step,True,False,0,False,False,False,False,,False,,-81.6878,-10.8907,-15.7461,1 0 0 0 1 0 0 0 1,1 0 0 -81.6878 0 1 0 -10.8907 0 0 1 -15.7461 0 0 0 1,1.5 -3 2 2.5 -2.5 2.5,1.00 x 0.50 x 0.50,-79.6878,-13.6407,-13.4961,-81.6878,15.7461,-10.8907,1 0 0 0 1 0 0 0 1,-79.6878,13.4961,-13.6407,-80.1878 13.2461 -13.8907 -79.1878 13.7461 -13.3907
795,777,2,Robotic Hand_V5/DC Motor Driver .step-13/DC Motor Driver-10.step-1,DC Motor Driver-10.step-1,42,DC Motor Driver-10.step,DC Motor Driver-10.step.SLDPRT,DC Motor Driver .step,purchased-internal,purchased-internal,DC Motor Driver .step,True,False,0,False,False,False,False,,False,,-81.6878,-10.8907,-15.7461,1 0 0 0 1 0 0 0 1,1 0 0 -81.6878 0 1 0 -10.8907 0 0 1 -15.7461 0 0 0 1,1.5 -9 2 2.5 -8.5 2.5,1.00 x 0.50 x 0.50,-79.6878,-19.6407,-13.4961,-81.6878,15.7461,-10.8907,1 0 0 0 1 0 0 0 1,-79.6878,13.4961,-19.6407,-80.1878 13.2461 -19.8907 -79.1878 13.7461 -19.3907
796,777,2,Robotic Hand_V5/DC Motor Driver .step-13/DC Motor Driver-11.step-1,DC Motor Driver-11.step-1,43,DC Motor Driver-11.step,DC Motor Driver-11.step.SLDPRT,DC Motor Driver .step,purchased-internal,purchased-internal,DC Motor Driver .step,True,False,0,False,False,False,False,,False,,-81.6878,-10.8907,-15.7461,1 0 0 0 1 0 0 0 1,1 0 0 -81.6878 0 1 0 -10.8907 0 0 1 -15.7461 0 0 0 1,-2.5 -6 2 -1.5 -5.5 2.5,1.00 x 0.50 x 0.50,-83.6878,-16.6407,-13.4961,-81.6878,15.7461,-10.8907,1 0 0 0 1 0 0 0 1,-83.6878,13.4961,-16.6407,-84.1878 13.2461 -16.8907 -83.1878 13.7461 -16.3907
797,777,2,Robotic Hand_V5/DC Motor Driver .step-13/DC Motor Driver-12.step-1,DC Motor Driver-12.step-1,44,DC Motor Driver-12.step,DC Motor Driver-12.step.SLDPRT,DC Motor Driver .step,purchased-internal,purchased-internal,DC Motor Driver .step,True,False,0,False,False,False,False,,False,,-81.6878,-10.8907,-15.7461,1 0 0 0 1 0 0 0 1,1 0 0 -81.6878 0 1 0 -10.8907 0 0 1 -15.7461 0 0 0 1,-2.5 -2 2 -1.5 -1.5 2.5,1.00 x 0.50 x 0.50,-83.6878,-12.6407,-13.4961,-81.6878,15.7461,-10.8907,1 0 0 0 1 0 0 0 1,-83.6878,13.4961,-12.6407,-84.1878 13.2461 -12.8907 -83.1878 13.7461 -12.3907
798,777,2,Robotic Hand_V5/DC Motor Driver .step-13/DC Motor Driver-13.step-1,DC Motor Driver-13.step-1,45,DC Motor Driver-13.step,DC Motor Driver-13.step.SLDPRT,DC Motor Driver .step,purchased-internal,purchased-internal,DC Motor Driver .step,True,False,0,False,False,False,False,,False,,-81.6878,-10.8907,-15.7461,1 0 0 0 1 0 0 0 1,1 0 0 -81.6878 0 1 0 -10.8907 0 0 1 -15.7461 0 0 0 1,-2.5 -5 2 -1.5 -4.5 2.5,1.00 x 0.50 x 0.50,-83.6878,-15.6407,-13.4961,-81.6878,15.7461,-10.8907,1 0 0 0 1 0 0 0 1,-83.6878,13.4961,-15.6407,-84.1878 13.2461 -15.8907 -83.1878 13.7461 -15.3907
799,777,2,Robotic Hand_V5/DC Motor Driver .step-13/DC Motor Driver-14.step-1,DC Motor Driver-14.step-1,46,DC Motor Driver-14.step,DC Motor Driver-14.step.SLDPRT,DC Motor Driver .step,purchased-internal,purchased-internal,DC Motor Driver .step,True,False,0,False,False,False,False,,False,,-81.6878,-10.8907,-15.7461,1 0 0 0 1 0 0 0 1,1 0 0 -81.6878 0 1 0 -10.8907 0 0 1 -15.7461 0 0 0 1,-2.5 -9 2 -1.5 -8.5 2.5,1.00 x 0.50 x 0.50,-83.6878,-19.6407,-13.4961,-81.6878,15.7461,-10.8907,1 0 0 0 1 0 0 0 1,-83.6878,13.4961,-19.6407,-84.1878 13.2461 -19.8907 -83.1878 13.7461 -19.3907
800,777,2,Robotic Hand_V5/DC Motor Driver .step-13/DC Motor Driver-15.step-1,DC Motor Driver-15.step-1,47,DC Motor Driver-15.step,DC Motor Driver-15.step.SLDPRT,DC Motor Driver .step,purchased-internal,purchased-internal,DC Motor Driver .step,True,False,0,False,False,False,False,,False,,-81.6878,-10.8907,-15.7461,1 0 0 0 1 0 0 0 1,1 0 0 -81.6878 0 1 0 -10.8907 0 0 1 -15.7461 0 0 0 1,1.5 -2 2 2.5 -1.5 2.5,1.00 x 0.50 x 0.50,-79.6878,-12.6407,-13.4961,-81.6878,15.7461,-10.8907,1 0 0 0 1 0 0 0 1,-79.6878,13.4961,-12.6407,-80.1878 13.2461 -12.8907 -79.1878 13.7461 -12.3907
801,777,2,Robotic Hand_V5/DC Motor Driver .step-13/DC Motor Driver-16.step-1,DC Motor Driver-16.step-1,48,DC Motor Driver-16.step,DC Motor Driver-16.step.SLDPRT,DC Motor Driver .step,purchased-internal,purchased-internal,DC Motor Driver .step,True,False,0,False,False,False,False,,False,,-81.6878,-10.8907,-15.7461,1 0 0 0 1 0 0 0 1,1 0 0 -81.6878 0 1 0 -10.8907 0 0 1 -15.7461 0 0 0 1,1.5 -6 2 2.5 -5.5 2.5,1.00 x 0.50 x 0.50,-79.6878,-16.6407,-13.4961,-81.6878,15.7461,-10.8907,1 0 0 0 1 0 0 0 1,-79.6878,13.4961,-16.6407,-80.1878 13.2461 -16.8907 -79.1878 13.7461 -16.3907
802,777,2,Robotic Hand_V5/DC Motor Driver .step-13/DC Motor Driver-17.step-1,DC Motor Driver-17.step-1,49,DC Motor Driver-17.step,DC Motor Driver-17.step.SLDPRT,DC Motor Driver .step,purchased-internal,purchased-internal,DC Motor Driver .step,True,False,0,False,False,False,False,,False,,-81.6878,-10.8907,-15.7461,1 0 0 0 1 0 0 0 1,1 0 0 -81.6878 0 1 0 -10.8907 0 0 1 -15.7461 0 0 0 1,-9 -5.33333 2 -7 -3.33333 2.1,2.00 x 2.00 x 0.10,-89.6878,-15.2240,-13.6961,-81.6878,15.7461,-10.8907,1 0 0 0 1 0 0 0 1,-89.6878,13.6961,-15.2240,-90.6878 13.6461 -16.224 -88.6878 13.7461 -14.224
803,777,2,Robotic Hand_V5/DC Motor Driver .step-13/DC Motor Driver-18.step-1,DC Motor Driver-18.step-1,50,DC Motor Driver-18.step,DC Motor Driver-18.step.SLDPRT,DC Motor Driver .step,purchased-internal,purchased-internal,DC Motor Driver .step,True,False,0,False,False,False,False,,False,,-81.6878,-10.8907,-15.7461,1 0 0 0 1 0 0 0 1,1 0 0 -81.6878 0 1 0 -10.8907 0 0 1 -15.7461 0 0 0 1,-9 -7.66667 2 -7 -5.66667 2.1,2.00 x 2.00 x 0.10,-89.6878,-17.5573,-13.6961,-81.6878,15.7461,-10.8907,1 0 0 0 1 0 0 0 1,-89.6878,13.6961,-17.5573,-90.6878 13.6461 -18.5573 -88.6878 13.7461 -16.5573
804,777,2,Robotic Hand_V5/DC Motor Driver .step-13/DC Motor Driver-19.step-1,DC Motor Driver-19.step-1,51,DC Motor Driver-19.step,DC Motor Driver-19.step.SLDPRT,DC Motor Driver .step,purchased-internal,purchased-internal,DC Motor Driver .step,True,False,0,False,False,False,False,,False,,-81.6878,-10.8907,-15.7461,1 0 0 0 1 0 0 0 1,1 0 0 -81.6878 0 1 0 -10.8907 0 0 1 -15.7461 0 0 0 1,-9 -3 2 -7 -1 2.1,2.00 x 2.00 x 0.10,-89.6878,-12.8907,-13.6961,-81.6878,15.7461,-10.8907,1 0 0 0 1 0 0 0 1,-89.6878,13.6961,-12.8907,-90.6878 13.6461 -13.8907 -88.6878 13.7461 -11.8907
805,777,2,Robotic Hand_V5/DC Motor Driver .step-13/DC Motor Driver-20.step-1,DC Motor Driver-20.step-1,52,DC Motor Driver-20.step,DC Motor Driver-20.step.SLDPRT,DC Motor Driver .step,purchased-internal,purchased-internal,DC Motor Driver .step,True,False,0,False,False,False,False,,False,,-81.6878,-10.8907,-15.7461,1 0 0 0 1 0 0 0 1,1 0 0 -81.6878 0 1 0 -10.8907 0 0 1 -15.7461 0 0 0 1,-9 -10 2 -7 -8 2.1,2.00 x 2.00 x 0.10,-89.6878,-19.8907,-13.6961,-81.6878,15.7461,-10.8907,1 0 0 0 1 0 0 0 1,-89.6878,13.6961,-19.8907,-90.6878 13.6461 -20.8907 -88.6878 13.7461 -18.8907
806,777,2,Robotic Hand_V5/DC Motor Driver .step-13/DC Motor Driver-21.step-1,DC Motor Driver-21.step-1,53,DC Motor Driver-21.step,DC Motor Driver-21.step.SLDPRT,DC Motor Driver .step,purchased-internal,purchased-internal,DC Motor Driver .step,True,False,0,False,False,False,False,,False,,-81.6878,-10.8907,-15.7461,1 0 0 0 1 0 0 0 1,1 0 0 -81.6878 0 1 0 -10.8907 0 0 1 -15.7461 0 0 0 1,-11.5 4 2 -9.5 6 2.1,2.00 x 2.00 x 0.10,-92.1878,-5.8907,-13.6961,-81.6878,15.7461,-10.8907,1 0 0 0 1 0 0 0 1,-92.1878,13.6961,-5.8907,-93.1878 13.6461 -6.89067 -91.1878 13.7461 -4.89067
807,777,2,Robotic Hand_V5/DC Motor Driver .step-13/DC Motor Driver-22.step-1,DC Motor Driver-22.step-1,54,DC Motor Driver-22.step,DC Motor Driver-22.step.SLDPRT,DC Motor Driver .step,purchased-internal,purchased-internal,DC Motor Driver .step,True,False,0,False,False,False,False,,False,,-81.6878,-10.8907,-15.7461,1 0 0 0 1 0 0 0 1,1 0 0 -81.6878 0 1 0 -10.8907 0 0 1 -15.7461 0 0 0 1,-11.5 7 2 -9.5 9 2.1,2.00 x 2.00 x 0.10,-92.1878,-2.8907,-13.6961,-81.6878,15.7461,-10.8907,1 0 0 0 1 0 0 0 1,-92.1878,13.6961,-2.8907,-93.1878 13.6461 -3.89067 -91.1878 13.7461 -1.89067
808,777,2,Robotic Hand_V5/DC Motor Driver .step-13/DC Motor Driver-23.step-1,DC Motor Driver-23.step-1,55,DC Motor Driver-23.step,DC Motor Driver-23.step.SLDPRT,DC Motor Driver .step,purchased-internal,purchased-internal,DC Motor Driver .step,True,False,0,False,False,False,False,,False,,-81.6878,-10.8907,-15.7461,1 0 0 0 1 0 0 0 1,1 0 0 -81.6878 0 1 0 -10.8907 0 0 1 -15.7461 0 0 0 1,-12 -1 2 -8 3 2.1,4.00 x 4.00 x 0.10,-91.6878,-9.8907,-13.6961,-81.6878,15.7461,-10.8907,1 0 0 0 1 0 0 0 1,-91.6878,13.6961,-9.8907,-93.6878 13.6461 -11.8907 -89.6878 13.7461 -7.89067
809,777,2,Robotic Hand_V5/DC Motor Driver .step-13/DC Motor Driver-24.step-1,DC Motor Driver-24.step-1,56,DC Motor Driver-24.step,DC Motor Driver-24.step.SLDPRT,DC Motor Driver .step,purchased-internal,purchased-internal,DC Motor Driver .step,True,False,0,False,False,False,False,,False,,-81.6878,-10.8907,-15.7461,1 0 0 0 1 0 0 0 1,1 0 0 -81.6878 0 1 0 -10.8907 0 0 1 -15.7461 0 0 0 1,7 -5.33333 2 9 -3.33333 2.1,2.00 x 2.00 x 0.10,-73.6878,-15.2240,-13.6961,-81.6878,15.7461,-10.8907,1 0 0 0 1 0 0 0 1,-73.6878,13.6961,-15.2240,-74.6878 13.6461 -16.224 -72.6878 13.7461 -14.224
810,777,2,Robotic Hand_V5/DC Motor Driver .step-13/DC Motor Driver-25.step-1,DC Motor Driver-25.step-1,57,DC Motor Driver-25.step,DC Motor Driver-25.step.SLDPRT,DC Motor Driver .step,purchased-internal,purchased-internal,DC Motor Driver .step,True,False,0,False,False,False,False,,False,,-81.6878,-10.8907,-15.7461,1 0 0 0 1 0 0 0 1,1 0 0 -81.6878 0 1 0 -10.8907 0 0 1 -15.7461 0 0 0 1,7 -7.66667 2 9 -5.66667 2.1,2.00 x 2.00 x 0.10,-73.6878,-17.5573,-13.6961,-81.6878,15.7461,-10.8907,1 0 0 0 1 0 0 0 1,-73.6878,13.6961,-17.5573,-74.6878 13.6461 -18.5573 -72.6878 13.7461 -16.5573
811,777,2,Robotic Hand_V5/DC Motor Driver .step-13/DC Motor Driver-26.step-1,DC Motor Driver-26.step-1,58,DC Motor Driver-26.step,DC Motor Driver-26.step.SLDPRT,DC Motor Driver .step,purchased-internal,purchased-internal,DC Motor Driver .step,True,False,0,False,False,False,False,,False,,-81.6878,-10.8907,-15.7461,1 0 0 0 1 0 0 0 1,1 0 0 -81.6878 0 1 0 -10.8907 0 0 1 -15.7461 0 0 0 1,7 -3 2 9 -1 2.1,2.00 x 2.00 x 0.10,-73.6878,-12.8907,-13.6961,-81.6878,15.7461,-10.8907,1 0 0 0 1 0 0 0 1,-73.6878,13.6961,-12.8907,-74.6878 13.6461 -13.8907 -72.6878 13.7461 -11.8907
812,777,2,Robotic Hand_V5/DC Motor Driver .step-13/DC Motor Driver-27.step-1,DC Motor Driver-27.step-1,59,DC Motor Driver-27.step,DC Motor Driver-27.step.SLDPRT,DC Motor Driver .step,purchased-internal,purchased-internal,DC Motor Driver .step,True,False,0,False,False,False,False,,False,,-81.6878,-10.8907,-15.7461,1 0 0 0 1 0 0 0 1,1 0 0 -81.6878 0 1 0 -10.8907 0 0 1 -15.7461 0 0 0 1,7 -10 2 9 -8 2.1,2.00 x 2.00 x 0.10,-73.6878,-19.8907,-13.6961,-81.6878,15.7461,-10.8907,1 0 0 0 1 0 0 0 1,-73.6878,13.6961,-19.8907,-74.6878 13.6461 -20.8907 -72.6878 13.7461 -18.8907
813,,1,Robotic Hand_V5/DC Motor Driver .step-14,DC Motor Driver .step-14,2406,DC Motor Driver .step,DC Motor Driver .step.SLDASM,DC Motor Driver .step,electronics,driver-board,DC Motor Driver .step,False,True,35,False,False,False,False,Yes,False,,-106.3878,-10.8907,-15.7461,1 0 0 0 1 0 0 0 1,1 0 0 -106.388 0 1 0 -10.8907 0 0 1 -15.7461 0 0 0 1,-12.35 -10.5 0 12.35 10.5 5,24.70 x 21.00 x 5.00,-106.3878,-10.8907,-13.2461,-106.3878,15.7461,-10.8907,1 0 0 0 1 0 0 0 1,-106.3878,13.2461,-10.8907,-118.738 10.7461 -21.3907 -94.0378 15.7461 -0.390673
814,813,2,Robotic Hand_V5/DC Motor Driver .step-14/Component1.step-1,Component1.step-1,24,Component1.step,Component1.step.SLDPRT,DC Motor Driver .step,purchased-internal,purchased-internal,DC Motor Driver .step,True,False,0,False,False,False,False,,False,,-106.3878,-10.8907,-15.7461,1 0 0 0 1 0 0 0 1,1 0 0 -106.388 0 1 0 -10.8907 0 0 1 -15.7461 0 0 0 1,10 6.04688 2 11.1172 9 3,1.12 x 2.95 x 1.00,-95.8292,-3.3672,-13.2461,-106.3878,15.7461,-10.8907,1 0 0 0 1 0 0 0 1,-95.8292,13.2461,-3.3672,-96.3878 12.7461 -4.8438 -95.2706 13.7461 -1.89067
815,813,2,Robotic Hand_V5/DC Motor Driver .step-14/Component2.step-1,Component2.step-1,25,Component2.step,Component2.step.SLDPRT,DC Motor Driver .step,purchased-internal,purchased-internal,DC Motor Driver .step,True,False,0,False,False,False,False,,False,,-106.3878,-10.8907,-15.7461,1 0 0 0 1 0 0 0 1,1 0 0 -106.388 0 1 0 -10.8907 0 0 1 -15.7461 0 0 0 1,10 6.55586 2 11.1172 8.55543 3,1.12 x 2.00 x 1.00,-95.8292,-3.3350,-13.2461,-106.3878,15.7461,-10.8907,1 0 0 0 1 0 0 0 1,-95.8292,13.2461,-3.3350,-96.3878 12.7461 -4.33481 -95.2706 13.7461 -2.33524
816,813,2,Robotic Hand_V5/DC Motor Driver .step-14/Component3.step-1,Component3.step-1,26,Component3.step,Component3.step.SLDPRT,DC Motor Driver .step,purchased-internal,purchased-internal,DC Motor Driver .step,True,False,0,False,False,False,False,,False,,-106.3878,-10.8907,-15.7461,1 0 0 0 1 0 0 0 1,1 0 0 -106.388 0 1 0 -10.8907 0 0 1 -15.7461 0 0 0 1,8 6.04688 2 9 9 3,1.00 x 2.95 x 1.00,-97.8878,-3.3672,-13.2461,-106.3878,15.7461,-10.8907,1 0 0 0 1 0 0 0 1,-97.8878,13.2461,-3.3672,-98.3878 12.7461 -4.8438 -97.3878 13.7461 -1.89067
817,813,2,Robotic Hand_V5/DC Motor Driver .step-14/Component4.step-1,Component4.step-1,27,Component4.step,Component4.step.SLDPRT,DC Motor Driver .step,purchased-internal,purchased-internal,DC Motor Driver .step,True,False,0,False,False,False,False,,False,,-106.3878,-10.8907,-15.7461,1 0 0 0 1 0 0 0 1,1 0 0 -106.388 0 1 0 -10.8907 0 0 1 -15.7461 0 0 0 1,8 6.55586 2 9 8.5 3,1.00 x 1.94 x 1.00,-97.8878,-3.3627,-13.2461,-106.3878,15.7461,-10.8907,1 0 0 0 1 0 0 0 1,-97.8878,13.2461,-3.3627,-98.3878 12.7461 -4.33481 -97.3878 13.7461 -2.39067
818,813,2,Robotic Hand_V5/DC Motor Driver .step-14/Component5.step-1,Component5.step-1,28,Component5.step,Component5.step.SLDPRT,DC Motor Driver .step,purchased-internal,purchased-internal,DC Motor Driver .step,True,False,0,False,False,False,False,,False,,-106.3878,-10.8907,-15.7461,1 0 0 0 1 0 0 0 1,1 0 0 -106.388 0 1 0 -10.8907 0 0 1 -15.7461 0 0 0 1,-11.4797 -9.76475 2 -9.42664 -1.47552 2.01,2.05 x 8.29 x 0.01,-116.8410,-16.5108,-13.7411,-106.3878,15.7461,-10.8907,1 0 0 0 1 0 0 0 1,-116.8410,13.7411,-16.5108,-117.868 13.7361 -20.6554 -115.814 13.7461 -12.3662
819,813,2,Robotic Hand_V5/DC Motor Driver .step-14/Component6.step-1,Component6.step-1,29,Component6.step,Component6.step.SLDPRT,DC Motor Driver .step,purchased-internal,purchased-internal,DC Motor Driver .step,True,False,0,False,False,False,False,,False,,-106.3878,-10.8907,-15.7461,1 0 0 0 1 0 0 0 1,1 0 0 -106.388 0 1 0 -10.8907 0 0 1 -15.7461 0 0 0 1,9.4 -9.767 2 10.1131 -1.18696 2.01,0.71 x 8.58 x 0.01,-96.6313,-16.3677,-13.7411,-106.3878,15.7461,-10.8907,1 0 0 0 1 0 0 0 1,-96.6313,13.7411,-16.3677,-96.9878 13.7361 -20.6577 -96.2748 13.7461 -12.0776
820,813,2,Robotic Hand_V5/DC Motor Driver .step-14/DC Motor Driver.step-1,DC Motor Driver.step-1,30,DC Motor Driver.step,DC Motor Driver.step.SLDPRT,DC Motor Driver .step,purchased-internal,purchased-internal,DC Motor Driver .step,True,False,0,False,False,False,False,,False,,-106.3878,-10.8907,-15.7461,1 0 0 0 1 0 0 0 1,1 0 0 -106.388 0 1 0 -10.8907 0 0 1 -15.7461 0 0 0 1,-12.35 -10.5 0 12.35 10.5 5,24.70 x 21.00 x 5.00,-106.3878,-10.8907,-13.2461,-106.3878,15.7461,-10.8907,1 0 0 0 1 0 0 0 1,-106.3878,13.2461,-10.8907,-118.738 10.7461 -21.3907 -94.0378 15.7461 -0.390673
821,813,2,Robotic Hand_V5/DC Motor Driver .step-14/DC Motor Driver-0.step-1,DC Motor Driver-0.step-1,31,DC Motor Driver-0.step,DC Motor Driver-0.step.SLDPRT,DC Motor Driver .step,purchased-internal,purchased-internal,DC Motor Driver .step,True,False,0,False,False,False,False,,False,,-106.3878,-10.8907,-15.7461,1 0 0 0 1 0 0 0 1,1 0 0 -106.388 0 1 0 -10.8907 0 0 1 -15.7461 0 0 0 1,-1.5 -9.5 2 1.5 -1 3,3.00 x 8.50 x 1.00,-106.3878,-16.1407,-13.2461,-106.3878,15.7461,-10.8907,1 0 0 0 1 0 0 0 1,-106.3878,13.2461,-16.1407,-107.888 12.7461 -20.3907 -104.888 13.7461 -11.8907
822,813,2,Robotic Hand_V5/DC Motor Driver .step-14/DC Motor Driver-1.step-1,DC Motor Driver-1.step-1,32,DC Motor Driver-1.step,DC Motor Driver-1.step.SLDPRT,DC Motor Driver .step,purchased-internal,purchased-internal,DC Motor Driver .step,True,False,0,False,False,False,False,,False,,-106.3878,-10.8907,-15.7461,1 0 0 0 1 0 0 0 1,1 0 0 -106.388 0 1 0 -10.8907 0 0 1 -15.7461 0 0 0 1,1.5 -4 2 2.5 -3.5 2.5,1.00 x 0.50 x 0.50,-104.3878,-14.6407,-13.4961,-106.3878,15.7461,-10.8907,1 0 0 0 1 0 0 0 1,-104.3878,13.4961,-14.6407,-104.888 13.2461 -14.8907 -103.888 13.7461 -14.3907
823,813,2,Robotic Hand_V5/DC Motor Driver .step-14/DC Motor Driver-2.step-1,DC Motor Driver-2.step-1,33,DC Motor Driver-2.step,DC Motor Driver-2.step.SLDPRT,DC Motor Driver .step,purchased-internal,purchased-internal,DC Motor Driver .step,True,False,0,False,False,False,False,,False,,-106.3878,-10.8907,-15.7461,1 0 0 0 1 0 0 0 1,1 0 0 -106.388 0 1 0 -10.8907 0 0 1 -15.7461 0 0 0 1,1.5 -8 2 2.5 -7.5 2.5,1.00 x 0.50 x 0.50,-104.3878,-18.6407,-13.4961,-106.3878,15.7461,-10.8907,1 0 0 0 1 0 0 0 1,-104.3878,13.4961,-18.6407,-104.888 13.2461 -18.8907 -103.888 13.7461 -18.3907
824,813,2,Robotic Hand_V5/DC Motor Driver .step-14/DC Motor Driver-3.step-1,DC Motor Driver-3.step-1,34,DC Motor Driver-3.step,DC Motor Driver-3.step.SLDPRT,DC Motor Driver .step,purchased-internal,purchased-internal,DC Motor Driver .step,True,False,0,False,False,False,False,,False,,-106.3878,-10.8907,-15.7461,1 0 0 0 1 0 0 0 1,1 0 0 -106.388 0 1 0 -10.8907 0 0 1 -15.7461 0 0 0 1,-2.5 -7 2 -1.5 -6.5 2.5,1.00 x 0.50 x 0.50,-108.3878,-17.6407,-13.4961,-106.3878,15.7461,-10.8907,1 0 0 0 1 0 0 0 1,-108.3878,13.4961,-17.6407,-108.888 13.2461 -17.8907 -107.888 13.7461 -17.3907
825,813,2,Robotic Hand_V5/DC Motor Driver .step-14/DC Motor Driver-4.step-1,DC Motor Driver-4.step-1,35,DC Motor Driver-4.step,DC Motor Driver-4.step.SLDPRT,DC Motor Driver .step,purchased-internal,purchased-internal,DC Motor Driver .step,True,False,0,False,False,False,False,,False,,-106.3878,-10.8907,-15.7461,1 0 0 0 1 0 0 0 1,1 0 0 -106.388 0 1 0 -10.8907 0 0 1 -15.7461 0 0 0 1,-2.5 -3 2 -1.5 -2.5 2.5,1.00 x 0.50 x 0.50,-108.3878,-13.6407,-13.4961,-106.3878,15.7461,-10.8907,1 0 0 0 1 0 0 0 1,-108.3878,13.4961,-13.6407,-108.888 13.2461 -13.8907 -107.888 13.7461 -13.3907
826,813,2,Robotic Hand_V5/DC Motor Driver .step-14/DC Motor Driver-5.step-1,DC Motor Driver-5.step-1,36,DC Motor Driver-5.step,DC Motor Driver-5.step.SLDPRT,DC Motor Driver .step,purchased-internal,purchased-internal,DC Motor Driver .step,True,False,0,False,False,False,False,,False,,-106.3878,-10.8907,-15.7461,1 0 0 0 1 0 0 0 1,1 0 0 -106.388 0 1 0 -10.8907 0 0 1 -15.7461 0 0 0 1,-2.5 -4 2 -1.5 -3.5 2.5,1.00 x 0.50 x 0.50,-108.3878,-14.6407,-13.4961,-106.3878,15.7461,-10.8907,1 0 0 0 1 0 0 0 1,-108.3878,13.4961,-14.6407,-108.888 13.2461 -14.8907 -107.888 13.7461 -14.3907
827,813,2,Robotic Hand_V5/DC Motor Driver .step-14/DC Motor Driver-6.step-1,DC Motor Driver-6.step-1,37,DC Motor Driver-6.step,DC Motor Driver-6.step.SLDPRT,DC Motor Driver .step,purchased-internal,purchased-internal,DC Motor Driver .step,True,False,0,False,False,False,False,,False,,-106.3878,-10.8907,-15.7461,1 0 0 0 1 0 0 0 1,1 0 0 -106.388 0 1 0 -10.8907 0 0 1 -15.7461 0 0 0 1,-2.5 -8 2 -1.5 -7.5 2.5,1.00 x 0.50 x 0.50,-108.3878,-18.6407,-13.4961,-106.3878,15.7461,-10.8907,1 0 0 0 1 0 0 0 1,-108.3878,13.4961,-18.6407,-108.888 13.2461 -18.8907 -107.888 13.7461 -18.3907
828,813,2,Robotic Hand_V5/DC Motor Driver .step-14/DC Motor Driver-7.step-1,DC Motor Driver-7.step-1,39,DC Motor Driver-7.step,DC Motor Driver-7.step.SLDPRT,DC Motor Driver .step,purchased-internal,purchased-internal,DC Motor Driver .step,True,False,0,False,False,False,False,,False,,-106.3878,-10.8907,-15.7461,1 0 0 0 1 0 0 0 1,1 0 0 -106.388 0 1 0 -10.8907 0 0 1 -15.7461 0 0 0 1,1.5 -7 2 2.5 -6.5 2.5,1.00 x 0.50 x 0.50,-104.3878,-17.6407,-13.4961,-106.3878,15.7461,-10.8907,1 0 0 0 1 0 0 0 1,-104.3878,13.4961,-17.6407,-104.888 13.2461 -17.8907 -103.888 13.7461 -17.3907
829,813,2,Robotic Hand_V5/DC Motor Driver .step-14/DC Motor Driver-8.step-1,DC Motor Driver-8.step-1,40,DC Motor Driver-8.step,DC Motor Driver-8.step.SLDPRT,DC Motor Driver .step,purchased-internal,purchased-internal,DC Motor Driver .step,True,False,0,False,False,False,False,,False,,-106.3878,-10.8907,-15.7461,1 0 0 0 1 0 0 0 1,1 0 0 -106.388 0 1 0 -10.8907 0 0 1 -15.7461 0 0 0 1,1.5 -5 2 2.5 -4.5 2.5,1.00 x 0.50 x 0.50,-104.3878,-15.6407,-13.4961,-106.3878,15.7461,-10.8907,1 0 0 0 1 0 0 0 1,-104.3878,13.4961,-15.6407,-104.888 13.2461 -15.8907 -103.888 13.7461 -15.3907
830,813,2,Robotic Hand_V5/DC Motor Driver .step-14/DC Motor Driver-9.step-1,DC Motor Driver-9.step-1,41,DC Motor Driver-9.step,DC Motor Driver-9.step.SLDPRT,DC Motor Driver .step,purchased-internal,purchased-internal,DC Motor Driver .step,True,False,0,False,False,False,False,,False,,-106.3878,-10.8907,-15.7461,1 0 0 0 1 0 0 0 1,1 0 0 -106.388 0 1 0 -10.8907 0 0 1 -15.7461 0 0 0 1,1.5 -3 2 2.5 -2.5 2.5,1.00 x 0.50 x 0.50,-104.3878,-13.6407,-13.4961,-106.3878,15.7461,-10.8907,1 0 0 0 1 0 0 0 1,-104.3878,13.4961,-13.6407,-104.888 13.2461 -13.8907 -103.888 13.7461 -13.3907
831,813,2,Robotic Hand_V5/DC Motor Driver .step-14/DC Motor Driver-10.step-1,DC Motor Driver-10.step-1,42,DC Motor Driver-10.step,DC Motor Driver-10.step.SLDPRT,DC Motor Driver .step,purchased-internal,purchased-internal,DC Motor Driver .step,True,False,0,False,False,False,False,,False,,-106.3878,-10.8907,-15.7461,1 0 0 0 1 0 0 0 1,1 0 0 -106.388 0 1 0 -10.8907 0 0 1 -15.7461 0 0 0 1,1.5 -9 2 2.5 -8.5 2.5,1.00 x 0.50 x 0.50,-104.3878,-19.6407,-13.4961,-106.3878,15.7461,-10.8907,1 0 0 0 1 0 0 0 1,-104.3878,13.4961,-19.6407,-104.888 13.2461 -19.8907 -103.888 13.7461 -19.3907
832,813,2,Robotic Hand_V5/DC Motor Driver .step-14/DC Motor Driver-11.step-1,DC Motor Driver-11.step-1,43,DC Motor Driver-11.step,DC Motor Driver-11.step.SLDPRT,DC Motor Driver .step,purchased-internal,purchased-internal,DC Motor Driver .step,True,False,0,False,False,False,False,,False,,-106.3878,-10.8907,-15.7461,1 0 0 0 1 0 0 0 1,1 0 0 -106.388 0 1 0 -10.8907 0 0 1 -15.7461 0 0 0 1,-2.5 -6 2 -1.5 -5.5 2.5,1.00 x 0.50 x 0.50,-108.3878,-16.6407,-13.4961,-106.3878,15.7461,-10.8907,1 0 0 0 1 0 0 0 1,-108.3878,13.4961,-16.6407,-108.888 13.2461 -16.8907 -107.888 13.7461 -16.3907
833,813,2,Robotic Hand_V5/DC Motor Driver .step-14/DC Motor Driver-12.step-1,DC Motor Driver-12.step-1,44,DC Motor Driver-12.step,DC Motor Driver-12.step.SLDPRT,DC Motor Driver .step,purchased-internal,purchased-internal,DC Motor Driver .step,True,False,0,False,False,False,False,,False,,-106.3878,-10.8907,-15.7461,1 0 0 0 1 0 0 0 1,1 0 0 -106.388 0 1 0 -10.8907 0 0 1 -15.7461 0 0 0 1,-2.5 -2 2 -1.5 -1.5 2.5,1.00 x 0.50 x 0.50,-108.3878,-12.6407,-13.4961,-106.3878,15.7461,-10.8907,1 0 0 0 1 0 0 0 1,-108.3878,13.4961,-12.6407,-108.888 13.2461 -12.8907 -107.888 13.7461 -12.3907
834,813,2,Robotic Hand_V5/DC Motor Driver .step-14/DC Motor Driver-13.step-1,DC Motor Driver-13.step-1,45,DC Motor Driver-13.step,DC Motor Driver-13.step.SLDPRT,DC Motor Driver .step,purchased-internal,purchased-internal,DC Motor Driver .step,True,False,0,False,False,False,False,,False,,-106.3878,-10.8907,-15.7461,1 0 0 0 1 0 0 0 1,1 0 0 -106.388 0 1 0 -10.8907 0 0 1 -15.7461 0 0 0 1,-2.5 -5 2 -1.5 -4.5 2.5,1.00 x 0.50 x 0.50,-108.3878,-15.6407,-13.4961,-106.3878,15.7461,-10.8907,1 0 0 0 1 0 0 0 1,-108.3878,13.4961,-15.6407,-108.888 13.2461 -15.8907 -107.888 13.7461 -15.3907
835,813,2,Robotic Hand_V5/DC Motor Driver .step-14/DC Motor Driver-14.step-1,DC Motor Driver-14.step-1,46,DC Motor Driver-14.step,DC Motor Driver-14.step.SLDPRT,DC Motor Driver .step,purchased-internal,purchased-internal,DC Motor Driver .step,True,False,0,False,False,False,False,,False,,-106.3878,-10.8907,-15.7461,1 0 0 0 1 0 0 0 1,1 0 0 -106.388 0 1 0 -10.8907 0 0 1 -15.7461 0 0 0 1,-2.5 -9 2 -1.5 -8.5 2.5,1.00 x 0.50 x 0.50,-108.3878,-19.6407,-13.4961,-106.3878,15.7461,-10.8907,1 0 0 0 1 0 0 0 1,-108.3878,13.4961,-19.6407,-108.888 13.2461 -19.8907 -107.888 13.7461 -19.3907
836,813,2,Robotic Hand_V5/DC Motor Driver .step-14/DC Motor Driver-15.step-1,DC Motor Driver-15.step-1,47,DC Motor Driver-15.step,DC Motor Driver-15.step.SLDPRT,DC Motor Driver .step,purchased-internal,purchased-internal,DC Motor Driver .step,True,False,0,False,False,False,False,,False,,-106.3878,-10.8907,-15.7461,1 0 0 0 1 0 0 0 1,1 0 0 -106.388 0 1 0 -10.8907 0 0 1 -15.7461 0 0 0 1,1.5 -2 2 2.5 -1.5 2.5,1.00 x 0.50 x 0.50,-104.3878,-12.6407,-13.4961,-106.3878,15.7461,-10.8907,1 0 0 0 1 0 0 0 1,-104.3878,13.4961,-12.6407,-104.888 13.2461 -12.8907 -103.888 13.7461 -12.3907
837,813,2,Robotic Hand_V5/DC Motor Driver .step-14/DC Motor Driver-16.step-1,DC Motor Driver-16.step-1,48,DC Motor Driver-16.step,DC Motor Driver-16.step.SLDPRT,DC Motor Driver .step,purchased-internal,purchased-internal,DC Motor Driver .step,True,False,0,False,False,False,False,,False,,-106.3878,-10.8907,-15.7461,1 0 0 0 1 0 0 0 1,1 0 0 -106.388 0 1 0 -10.8907 0 0 1 -15.7461 0 0 0 1,1.5 -6 2 2.5 -5.5 2.5,1.00 x 0.50 x 0.50,-104.3878,-16.6407,-13.4961,-106.3878,15.7461,-10.8907,1 0 0 0 1 0 0 0 1,-104.3878,13.4961,-16.6407,-104.888 13.2461 -16.8907 -103.888 13.7461 -16.3907
838,813,2,Robotic Hand_V5/DC Motor Driver .step-14/DC Motor Driver-17.step-1,DC Motor Driver-17.step-1,49,DC Motor Driver-17.step,DC Motor Driver-17.step.SLDPRT,DC Motor Driver .step,purchased-internal,purchased-internal,DC Motor Driver .step,True,False,0,False,False,False,False,,False,,-106.3878,-10.8907,-15.7461,1 0 0 0 1 0 0 0 1,1 0 0 -106.388 0 1 0 -10.8907 0 0 1 -15.7461 0 0 0 1,-9 -5.33333 2 -7 -3.33333 2.1,2.00 x 2.00 x 0.10,-114.3878,-15.2240,-13.6961,-106.3878,15.7461,-10.8907,1 0 0 0 1 0 0 0 1,-114.3878,13.6961,-15.2240,-115.388 13.6461 -16.224 -113.388 13.7461 -14.224
839,813,2,Robotic Hand_V5/DC Motor Driver .step-14/DC Motor Driver-18.step-1,DC Motor Driver-18.step-1,50,DC Motor Driver-18.step,DC Motor Driver-18.step.SLDPRT,DC Motor Driver .step,purchased-internal,purchased-internal,DC Motor Driver .step,True,False,0,False,False,False,False,,False,,-106.3878,-10.8907,-15.7461,1 0 0 0 1 0 0 0 1,1 0 0 -106.388 0 1 0 -10.8907 0 0 1 -15.7461 0 0 0 1,-9 -7.66667 2 -7 -5.66667 2.1,2.00 x 2.00 x 0.10,-114.3878,-17.5573,-13.6961,-106.3878,15.7461,-10.8907,1 0 0 0 1 0 0 0 1,-114.3878,13.6961,-17.5573,-115.388 13.6461 -18.5573 -113.388 13.7461 -16.5573
840,813,2,Robotic Hand_V5/DC Motor Driver .step-14/DC Motor Driver-19.step-1,DC Motor Driver-19.step-1,51,DC Motor Driver-19.step,DC Motor Driver-19.step.SLDPRT,DC Motor Driver .step,purchased-internal,purchased-internal,DC Motor Driver .step,True,False,0,False,False,False,False,,False,,-106.3878,-10.8907,-15.7461,1 0 0 0 1 0 0 0 1,1 0 0 -106.388 0 1 0 -10.8907 0 0 1 -15.7461 0 0 0 1,-9 -3 2 -7 -1 2.1,2.00 x 2.00 x 0.10,-114.3878,-12.8907,-13.6961,-106.3878,15.7461,-10.8907,1 0 0 0 1 0 0 0 1,-114.3878,13.6961,-12.8907,-115.388 13.6461 -13.8907 -113.388 13.7461 -11.8907
841,813,2,Robotic Hand_V5/DC Motor Driver .step-14/DC Motor Driver-20.step-1,DC Motor Driver-20.step-1,52,DC Motor Driver-20.step,DC Motor Driver-20.step.SLDPRT,DC Motor Driver .step,purchased-internal,purchased-internal,DC Motor Driver .step,True,False,0,False,False,False,False,,False,,-106.3878,-10.8907,-15.7461,1 0 0 0 1 0 0 0 1,1 0 0 -106.388 0 1 0 -10.8907 0 0 1 -15.7461 0 0 0 1,-9 -10 2 -7 -8 2.1,2.00 x 2.00 x 0.10,-114.3878,-19.8907,-13.6961,-106.3878,15.7461,-10.8907,1 0 0 0 1 0 0 0 1,-114.3878,13.6961,-19.8907,-115.388 13.6461 -20.8907 -113.388 13.7461 -18.8907
842,813,2,Robotic Hand_V5/DC Motor Driver .step-14/DC Motor Driver-21.step-1,DC Motor Driver-21.step-1,53,DC Motor Driver-21.step,DC Motor Driver-21.step.SLDPRT,DC Motor Driver .step,purchased-internal,purchased-internal,DC Motor Driver .step,True,False,0,False,False,False,False,,False,,-106.3878,-10.8907,-15.7461,1 0 0 0 1 0 0 0 1,1 0 0 -106.388 0 1 0 -10.8907 0 0 1 -15.7461 0 0 0 1,-11.5 4 2 -9.5 6 2.1,2.00 x 2.00 x 0.10,-116.8878,-5.8907,-13.6961,-106.3878,15.7461,-10.8907,1 0 0 0 1 0 0 0 1,-116.8878,13.6961,-5.8907,-117.888 13.6461 -6.89067 -115.888 13.7461 -4.89067
843,813,2,Robotic Hand_V5/DC Motor Driver .step-14/DC Motor Driver-22.step-1,DC Motor Driver-22.step-1,54,DC Motor Driver-22.step,DC Motor Driver-22.step.SLDPRT,DC Motor Driver .step,purchased-internal,purchased-internal,DC Motor Driver .step,True,False,0,False,False,False,False,,False,,-106.3878,-10.8907,-15.7461,1 0 0 0 1 0 0 0 1,1 0 0 -106.388 0 1 0 -10.8907 0 0 1 -15.7461 0 0 0 1,-11.5 7 2 -9.5 9 2.1,2.00 x 2.00 x 0.10,-116.8878,-2.8907,-13.6961,-106.3878,15.7461,-10.8907,1 0 0 0 1 0 0 0 1,-116.8878,13.6961,-2.8907,-117.888 13.6461 -3.89067 -115.888 13.7461 -1.89067
844,813,2,Robotic Hand_V5/DC Motor Driver .step-14/DC Motor Driver-23.step-1,DC Motor Driver-23.step-1,55,DC Motor Driver-23.step,DC Motor Driver-23.step.SLDPRT,DC Motor Driver .step,purchased-internal,purchased-internal,DC Motor Driver .step,True,False,0,False,False,False,False,,False,,-106.3878,-10.8907,-15.7461,1 0 0 0 1 0 0 0 1,1 0 0 -106.388 0 1 0 -10.8907 0 0 1 -15.7461 0 0 0 1,-12 -1 2 -8 3 2.1,4.00 x 4.00 x 0.10,-116.3878,-9.8907,-13.6961,-106.3878,15.7461,-10.8907,1 0 0 0 1 0 0 0 1,-116.3878,13.6961,-9.8907,-118.388 13.6461 -11.8907 -114.388 13.7461 -7.89067
845,813,2,Robotic Hand_V5/DC Motor Driver .step-14/DC Motor Driver-24.step-1,DC Motor Driver-24.step-1,56,DC Motor Driver-24.step,DC Motor Driver-24.step.SLDPRT,DC Motor Driver .step,purchased-internal,purchased-internal,DC Motor Driver .step,True,False,0,False,False,False,False,,False,,-106.3878,-10.8907,-15.7461,1 0 0 0 1 0 0 0 1,1 0 0 -106.388 0 1 0 -10.8907 0 0 1 -15.7461 0 0 0 1,7 -5.33333 2 9 -3.33333 2.1,2.00 x 2.00 x 0.10,-98.3878,-15.2240,-13.6961,-106.3878,15.7461,-10.8907,1 0 0 0 1 0 0 0 1,-98.3878,13.6961,-15.2240,-99.3878 13.6461 -16.224 -97.3878 13.7461 -14.224
846,813,2,Robotic Hand_V5/DC Motor Driver .step-14/DC Motor Driver-25.step-1,DC Motor Driver-25.step-1,57,DC Motor Driver-25.step,DC Motor Driver-25.step.SLDPRT,DC Motor Driver .step,purchased-internal,purchased-internal,DC Motor Driver .step,True,False,0,False,False,False,False,,False,,-106.3878,-10.8907,-15.7461,1 0 0 0 1 0 0 0 1,1 0 0 -106.388 0 1 0 -10.8907 0 0 1 -15.7461 0 0 0 1,7 -7.66667 2 9 -5.66667 2.1,2.00 x 2.00 x 0.10,-98.3878,-17.5573,-13.6961,-106.3878,15.7461,-10.8907,1 0 0 0 1 0 0 0 1,-98.3878,13.6961,-17.5573,-99.3878 13.6461 -18.5573 -97.3878 13.7461 -16.5573
847,813,2,Robotic Hand_V5/DC Motor Driver .step-14/DC Motor Driver-26.step-1,DC Motor Driver-26.step-1,58,DC Motor Driver-26.step,DC Motor Driver-26.step.SLDPRT,DC Motor Driver .step,purchased-internal,purchased-internal,DC Motor Driver .step,True,False,0,False,False,False,False,,False,,-106.3878,-10.8907,-15.7461,1 0 0 0 1 0 0 0 1,1 0 0 -106.388 0 1 0 -10.8907 0 0 1 -15.7461 0 0 0 1,7 -3 2 9 -1 2.1,2.00 x 2.00 x 0.10,-98.3878,-12.8907,-13.6961,-106.3878,15.7461,-10.8907,1 0 0 0 1 0 0 0 1,-98.3878,13.6961,-12.8907,-99.3878 13.6461 -13.8907 -97.3878 13.7461 -11.8907
848,813,2,Robotic Hand_V5/DC Motor Driver .step-14/DC Motor Driver-27.step-1,DC Motor Driver-27.step-1,59,DC Motor Driver-27.step,DC Motor Driver-27.step.SLDPRT,DC Motor Driver .step,purchased-internal,purchased-internal,DC Motor Driver .step,True,False,0,False,False,False,False,,False,,-106.3878,-10.8907,-15.7461,1 0 0 0 1 0 0 0 1,1 0 0 -106.388 0 1 0 -10.8907 0 0 1 -15.7461 0 0 0 1,7 -10 2 9 -8 2.1,2.00 x 2.00 x 0.10,-98.3878,-19.8907,-13.6961,-106.3878,15.7461,-10.8907,1 0 0 0 1 0 0 0 1,-98.3878,13.6961,-19.8907,-99.3878 13.6461 -20.8907 -97.3878 13.7461 -18.8907
849,,1,Robotic Hand_V5/DC Motor Driver .step-15,DC Motor Driver .step-15,2407,DC Motor Driver .step,DC Motor Driver .step.SLDASM,DC Motor Driver .step,electronics,driver-board,DC Motor Driver .step,False,True,35,False,False,False,False,Yes,False,,-131.0878,-10.8907,-15.7461,1 0 0 0 1 0 0 0 1,1 0 0 -131.088 0 1 0 -10.8907 0 0 1 -15.7461 0 0 0 1,-12.35 -10.5 0 12.35 10.5 5,24.70 x 21.00 x 5.00,-131.0878,-10.8907,-13.2461,-131.0878,15.7461,-10.8907,1 0 0 0 1 0 0 0 1,-131.0878,13.2461,-10.8907,-143.438 10.7461 -21.3907 -118.738 15.7461 -0.390673
850,849,2,Robotic Hand_V5/DC Motor Driver .step-15/Component1.step-1,Component1.step-1,24,Component1.step,Component1.step.SLDPRT,DC Motor Driver .step,purchased-internal,purchased-internal,DC Motor Driver .step,True,False,0,False,False,False,False,,False,,-131.0878,-10.8907,-15.7461,1 0 0 0 1 0 0 0 1,1 0 0 -131.088 0 1 0 -10.8907 0 0 1 -15.7461 0 0 0 1,10 6.04688 2 11.1172 9 3,1.12 x 2.95 x 1.00,-120.5292,-3.3672,-13.2461,-131.0878,15.7461,-10.8907,1 0 0 0 1 0 0 0 1,-120.5292,13.2461,-3.3672,-121.088 12.7461 -4.8438 -119.971 13.7461 -1.89067
851,849,2,Robotic Hand_V5/DC Motor Driver .step-15/Component2.step-1,Component2.step-1,25,Component2.step,Component2.step.SLDPRT,DC Motor Driver .step,purchased-internal,purchased-internal,DC Motor Driver .step,True,False,0,False,False,False,False,,False,,-131.0878,-10.8907,-15.7461,1 0 0 0 1 0 0 0 1,1 0 0 -131.088 0 1 0 -10.8907 0 0 1 -15.7461 0 0 0 1,10 6.55586 2 11.1172 8.55543 3,1.12 x 2.00 x 1.00,-120.5292,-3.3350,-13.2461,-131.0878,15.7461,-10.8907,1 0 0 0 1 0 0 0 1,-120.5292,13.2461,-3.3350,-121.088 12.7461 -4.33481 -119.971 13.7461 -2.33524
852,849,2,Robotic Hand_V5/DC Motor Driver .step-15/Component3.step-1,Component3.step-1,26,Component3.step,Component3.step.SLDPRT,DC Motor Driver .step,purchased-internal,purchased-internal,DC Motor Driver .step,True,False,0,False,False,False,False,,False,,-131.0878,-10.8907,-15.7461,1 0 0 0 1 0 0 0 1,1 0 0 -131.088 0 1 0 -10.8907 0 0 1 -15.7461 0 0 0 1,8 6.04688 2 9 9 3,1.00 x 2.95 x 1.00,-122.5878,-3.3672,-13.2461,-131.0878,15.7461,-10.8907,1 0 0 0 1 0 0 0 1,-122.5878,13.2461,-3.3672,-123.088 12.7461 -4.8438 -122.088 13.7461 -1.89067
853,849,2,Robotic Hand_V5/DC Motor Driver .step-15/Component4.step-1,Component4.step-1,27,Component4.step,Component4.step.SLDPRT,DC Motor Driver .step,purchased-internal,purchased-internal,DC Motor Driver .step,True,False,0,False,False,False,False,,False,,-131.0878,-10.8907,-15.7461,1 0 0 0 1 0 0 0 1,1 0 0 -131.088 0 1 0 -10.8907 0 0 1 -15.7461 0 0 0 1,8 6.55586 2 9 8.5 3,1.00 x 1.94 x 1.00,-122.5878,-3.3627,-13.2461,-131.0878,15.7461,-10.8907,1 0 0 0 1 0 0 0 1,-122.5878,13.2461,-3.3627,-123.088 12.7461 -4.33481 -122.088 13.7461 -2.39067
854,849,2,Robotic Hand_V5/DC Motor Driver .step-15/Component5.step-1,Component5.step-1,28,Component5.step,Component5.step.SLDPRT,DC Motor Driver .step,purchased-internal,purchased-internal,DC Motor Driver .step,True,False,0,False,False,False,False,,False,,-131.0878,-10.8907,-15.7461,1 0 0 0 1 0 0 0 1,1 0 0 -131.088 0 1 0 -10.8907 0 0 1 -15.7461 0 0 0 1,-11.4797 -9.76475 2 -9.42664 -1.47552 2.01,2.05 x 8.29 x 0.01,-141.5410,-16.5108,-13.7411,-131.0878,15.7461,-10.8907,1 0 0 0 1 0 0 0 1,-141.5410,13.7411,-16.5108,-142.568 13.7361 -20.6554 -140.514 13.7461 -12.3662
855,849,2,Robotic Hand_V5/DC Motor Driver .step-15/Component6.step-1,Component6.step-1,29,Component6.step,Component6.step.SLDPRT,DC Motor Driver .step,purchased-internal,purchased-internal,DC Motor Driver .step,True,False,0,False,False,False,False,,False,,-131.0878,-10.8907,-15.7461,1 0 0 0 1 0 0 0 1,1 0 0 -131.088 0 1 0 -10.8907 0 0 1 -15.7461 0 0 0 1,9.4 -9.767 2 10.1131 -1.18696 2.01,0.71 x 8.58 x 0.01,-121.3313,-16.3677,-13.7411,-131.0878,15.7461,-10.8907,1 0 0 0 1 0 0 0 1,-121.3313,13.7411,-16.3677,-121.688 13.7361 -20.6577 -120.975 13.7461 -12.0776
856,849,2,Robotic Hand_V5/DC Motor Driver .step-15/DC Motor Driver.step-1,DC Motor Driver.step-1,30,DC Motor Driver.step,DC Motor Driver.step.SLDPRT,DC Motor Driver .step,purchased-internal,purchased-internal,DC Motor Driver .step,True,False,0,False,False,False,False,,False,,-131.0878,-10.8907,-15.7461,1 0 0 0 1 0 0 0 1,1 0 0 -131.088 0 1 0 -10.8907 0 0 1 -15.7461 0 0 0 1,-12.35 -10.5 0 12.35 10.5 5,24.70 x 21.00 x 5.00,-131.0878,-10.8907,-13.2461,-131.0878,15.7461,-10.8907,1 0 0 0 1 0 0 0 1,-131.0878,13.2461,-10.8907,-143.438 10.7461 -21.3907 -118.738 15.7461 -0.390673
857,849,2,Robotic Hand_V5/DC Motor Driver .step-15/DC Motor Driver-0.step-1,DC Motor Driver-0.step-1,31,DC Motor Driver-0.step,DC Motor Driver-0.step.SLDPRT,DC Motor Driver .step,purchased-internal,purchased-internal,DC Motor Driver .step,True,False,0,False,False,False,False,,False,,-131.0878,-10.8907,-15.7461,1 0 0 0 1 0 0 0 1,1 0 0 -131.088 0 1 0 -10.8907 0 0 1 -15.7461 0 0 0 1,-1.5 -9.5 2 1.5 -1 3,3.00 x 8.50 x 1.00,-131.0878,-16.1407,-13.2461,-131.0878,15.7461,-10.8907,1 0 0 0 1 0 0 0 1,-131.0878,13.2461,-16.1407,-132.588 12.7461 -20.3907 -129.588 13.7461 -11.8907
858,849,2,Robotic Hand_V5/DC Motor Driver .step-15/DC Motor Driver-1.step-1,DC Motor Driver-1.step-1,32,DC Motor Driver-1.step,DC Motor Driver-1.step.SLDPRT,DC Motor Driver .step,purchased-internal,purchased-internal,DC Motor Driver .step,True,False,0,False,False,False,False,,False,,-131.0878,-10.8907,-15.7461,1 0 0 0 1 0 0 0 1,1 0 0 -131.088 0 1 0 -10.8907 0 0 1 -15.7461 0 0 0 1,1.5 -4 2 2.5 -3.5 2.5,1.00 x 0.50 x 0.50,-129.0878,-14.6407,-13.4961,-131.0878,15.7461,-10.8907,1 0 0 0 1 0 0 0 1,-129.0878,13.4961,-14.6407,-129.588 13.2461 -14.8907 -128.588 13.7461 -14.3907
859,849,2,Robotic Hand_V5/DC Motor Driver .step-15/DC Motor Driver-2.step-1,DC Motor Driver-2.step-1,33,DC Motor Driver-2.step,DC Motor Driver-2.step.SLDPRT,DC Motor Driver .step,purchased-internal,purchased-internal,DC Motor Driver .step,True,False,0,False,False,False,False,,False,,-131.0878,-10.8907,-15.7461,1 0 0 0 1 0 0 0 1,1 0 0 -131.088 0 1 0 -10.8907 0 0 1 -15.7461 0 0 0 1,1.5 -8 2 2.5 -7.5 2.5,1.00 x 0.50 x 0.50,-129.0878,-18.6407,-13.4961,-131.0878,15.7461,-10.8907,1 0 0 0 1 0 0 0 1,-129.0878,13.4961,-18.6407,-129.588 13.2461 -18.8907 -128.588 13.7461 -18.3907
860,849,2,Robotic Hand_V5/DC Motor Driver .step-15/DC Motor Driver-3.step-1,DC Motor Driver-3.step-1,34,DC Motor Driver-3.step,DC Motor Driver-3.step.SLDPRT,DC Motor Driver .step,purchased-internal,purchased-internal,DC Motor Driver .step,True,False,0,False,False,False,False,,False,,-131.0878,-10.8907,-15.7461,1 0 0 0 1 0 0 0 1,1 0 0 -131.088 0 1 0 -10.8907 0 0 1 -15.7461 0 0 0 1,-2.5 -7 2 -1.5 -6.5 2.5,1.00 x 0.50 x 0.50,-133.0878,-17.6407,-13.4961,-131.0878,15.7461,-10.8907,1 0 0 0 1 0 0 0 1,-133.0878,13.4961,-17.6407,-133.588 13.2461 -17.8907 -132.588 13.7461 -17.3907
861,849,2,Robotic Hand_V5/DC Motor Driver .step-15/DC Motor Driver-4.step-1,DC Motor Driver-4.step-1,35,DC Motor Driver-4.step,DC Motor Driver-4.step.SLDPRT,DC Motor Driver .step,purchased-internal,purchased-internal,DC Motor Driver .step,True,False,0,False,False,False,False,,False,,-131.0878,-10.8907,-15.7461,1 0 0 0 1 0 0 0 1,1 0 0 -131.088 0 1 0 -10.8907 0 0 1 -15.7461 0 0 0 1,-2.5 -3 2 -1.5 -2.5 2.5,1.00 x 0.50 x 0.50,-133.0878,-13.6407,-13.4961,-131.0878,15.7461,-10.8907,1 0 0 0 1 0 0 0 1,-133.0878,13.4961,-13.6407,-133.588 13.2461 -13.8907 -132.588 13.7461 -13.3907
862,849,2,Robotic Hand_V5/DC Motor Driver .step-15/DC Motor Driver-5.step-1,DC Motor Driver-5.step-1,36,DC Motor Driver-5.step,DC Motor Driver-5.step.SLDPRT,DC Motor Driver .step,purchased-internal,purchased-internal,DC Motor Driver .step,True,False,0,False,False,False,False,,False,,-131.0878,-10.8907,-15.7461,1 0 0 0 1 0 0 0 1,1 0 0 -131.088 0 1 0 -10.8907 0 0 1 -15.7461 0 0 0 1,-2.5 -4 2 -1.5 -3.5 2.5,1.00 x 0.50 x 0.50,-133.0878,-14.6407,-13.4961,-131.0878,15.7461,-10.8907,1 0 0 0 1 0 0 0 1,-133.0878,13.4961,-14.6407,-133.588 13.2461 -14.8907 -132.588 13.7461 -14.3907
863,849,2,Robotic Hand_V5/DC Motor Driver .step-15/DC Motor Driver-6.step-1,DC Motor Driver-6.step-1,37,DC Motor Driver-6.step,DC Motor Driver-6.step.SLDPRT,DC Motor Driver .step,purchased-internal,purchased-internal,DC Motor Driver .step,True,False,0,False,False,False,False,,False,,-131.0878,-10.8907,-15.7461,1 0 0 0 1 0 0 0 1,1 0 0 -131.088 0 1 0 -10.8907 0 0 1 -15.7461 0 0 0 1,-2.5 -8 2 -1.5 -7.5 2.5,1.00 x 0.50 x 0.50,-133.0878,-18.6407,-13.4961,-131.0878,15.7461,-10.8907,1 0 0 0 1 0 0 0 1,-133.0878,13.4961,-18.6407,-133.588 13.2461 -18.8907 -132.588 13.7461 -18.3907
864,849,2,Robotic Hand_V5/DC Motor Driver .step-15/DC Motor Driver-7.step-1,DC Motor Driver-7.step-1,39,DC Motor Driver-7.step,DC Motor Driver-7.step.SLDPRT,DC Motor Driver .step,purchased-internal,purchased-internal,DC Motor Driver .step,True,False,0,False,False,False,False,,False,,-131.0878,-10.8907,-15.7461,1 0 0 0 1 0 0 0 1,1 0 0 -131.088 0 1 0 -10.8907 0 0 1 -15.7461 0 0 0 1,1.5 -7 2 2.5 -6.5 2.5,1.00 x 0.50 x 0.50,-129.0878,-17.6407,-13.4961,-131.0878,15.7461,-10.8907,1 0 0 0 1 0 0 0 1,-129.0878,13.4961,-17.6407,-129.588 13.2461 -17.8907 -128.588 13.7461 -17.3907
865,849,2,Robotic Hand_V5/DC Motor Driver .step-15/DC Motor Driver-8.step-1,DC Motor Driver-8.step-1,40,DC Motor Driver-8.step,DC Motor Driver-8.step.SLDPRT,DC Motor Driver .step,purchased-internal,purchased-internal,DC Motor Driver .step,True,False,0,False,False,False,False,,False,,-131.0878,-10.8907,-15.7461,1 0 0 0 1 0 0 0 1,1 0 0 -131.088 0 1 0 -10.8907 0 0 1 -15.7461 0 0 0 1,1.5 -5 2 2.5 -4.5 2.5,1.00 x 0.50 x 0.50,-129.0878,-15.6407,-13.4961,-131.0878,15.7461,-10.8907,1 0 0 0 1 0 0 0 1,-129.0878,13.4961,-15.6407,-129.588 13.2461 -15.8907 -128.588 13.7461 -15.3907
866,849,2,Robotic Hand_V5/DC Motor Driver .step-15/DC Motor Driver-9.step-1,DC Motor Driver-9.step-1,41,DC Motor Driver-9.step,DC Motor Driver-9.step.SLDPRT,DC Motor Driver .step,purchased-internal,purchased-internal,DC Motor Driver .step,True,False,0,False,False,False,False,,False,,-131.0878,-10.8907,-15.7461,1 0 0 0 1 0 0 0 1,1 0 0 -131.088 0 1 0 -10.8907 0 0 1 -15.7461 0 0 0 1,1.5 -3 2 2.5 -2.5 2.5,1.00 x 0.50 x 0.50,-129.0878,-13.6407,-13.4961,-131.0878,15.7461,-10.8907,1 0 0 0 1 0 0 0 1,-129.0878,13.4961,-13.6407,-129.588 13.2461 -13.8907 -128.588 13.7461 -13.3907
867,849,2,Robotic Hand_V5/DC Motor Driver .step-15/DC Motor Driver-10.step-1,DC Motor Driver-10.step-1,42,DC Motor Driver-10.step,DC Motor Driver-10.step.SLDPRT,DC Motor Driver .step,purchased-internal,purchased-internal,DC Motor Driver .step,True,False,0,False,False,False,False,,False,,-131.0878,-10.8907,-15.7461,1 0 0 0 1 0 0 0 1,1 0 0 -131.088 0 1 0 -10.8907 0 0 1 -15.7461 0 0 0 1,1.5 -9 2 2.5 -8.5 2.5,1.00 x 0.50 x 0.50,-129.0878,-19.6407,-13.4961,-131.0878,15.7461,-10.8907,1 0 0 0 1 0 0 0 1,-129.0878,13.4961,-19.6407,-129.588 13.2461 -19.8907 -128.588 13.7461 -19.3907
868,849,2,Robotic Hand_V5/DC Motor Driver .step-15/DC Motor Driver-11.step-1,DC Motor Driver-11.step-1,43,DC Motor Driver-11.step,DC Motor Driver-11.step.SLDPRT,DC Motor Driver .step,purchased-internal,purchased-internal,DC Motor Driver .step,True,False,0,False,False,False,False,,False,,-131.0878,-10.8907,-15.7461,1 0 0 0 1 0 0 0 1,1 0 0 -131.088 0 1 0 -10.8907 0 0 1 -15.7461 0 0 0 1,-2.5 -6 2 -1.5 -5.5 2.5,1.00 x 0.50 x 0.50,-133.0878,-16.6407,-13.4961,-131.0878,15.7461,-10.8907,1 0 0 0 1 0 0 0 1,-133.0878,13.4961,-16.6407,-133.588 13.2461 -16.8907 -132.588 13.7461 -16.3907
869,849,2,Robotic Hand_V5/DC Motor Driver .step-15/DC Motor Driver-12.step-1,DC Motor Driver-12.step-1,44,DC Motor Driver-12.step,DC Motor Driver-12.step.SLDPRT,DC Motor Driver .step,purchased-internal,purchased-internal,DC Motor Driver .step,True,False,0,False,False,False,False,,False,,-131.0878,-10.8907,-15.7461,1 0 0 0 1 0 0 0 1,1 0 0 -131.088 0 1 0 -10.8907 0 0 1 -15.7461 0 0 0 1,-2.5 -2 2 -1.5 -1.5 2.5,1.00 x 0.50 x 0.50,-133.0878,-12.6407,-13.4961,-131.0878,15.7461,-10.8907,1 0 0 0 1 0 0 0 1,-133.0878,13.4961,-12.6407,-133.588 13.2461 -12.8907 -132.588 13.7461 -12.3907
870,849,2,Robotic Hand_V5/DC Motor Driver .step-15/DC Motor Driver-13.step-1,DC Motor Driver-13.step-1,45,DC Motor Driver-13.step,DC Motor Driver-13.step.SLDPRT,DC Motor Driver .step,purchased-internal,purchased-internal,DC Motor Driver .step,True,False,0,False,False,False,False,,False,,-131.0878,-10.8907,-15.7461,1 0 0 0 1 0 0 0 1,1 0 0 -131.088 0 1 0 -10.8907 0 0 1 -15.7461 0 0 0 1,-2.5 -5 2 -1.5 -4.5 2.5,1.00 x 0.50 x 0.50,-133.0878,-15.6407,-13.4961,-131.0878,15.7461,-10.8907,1 0 0 0 1 0 0 0 1,-133.0878,13.4961,-15.6407,-133.588 13.2461 -15.8907 -132.588 13.7461 -15.3907
871,849,2,Robotic Hand_V5/DC Motor Driver .step-15/DC Motor Driver-14.step-1,DC Motor Driver-14.step-1,46,DC Motor Driver-14.step,DC Motor Driver-14.step.SLDPRT,DC Motor Driver .step,purchased-internal,purchased-internal,DC Motor Driver .step,True,False,0,False,False,False,False,,False,,-131.0878,-10.8907,-15.7461,1 0 0 0 1 0 0 0 1,1 0 0 -131.088 0 1 0 -10.8907 0 0 1 -15.7461 0 0 0 1,-2.5 -9 2 -1.5 -8.5 2.5,1.00 x 0.50 x 0.50,-133.0878,-19.6407,-13.4961,-131.0878,15.7461,-10.8907,1 0 0 0 1 0 0 0 1,-133.0878,13.4961,-19.6407,-133.588 13.2461 -19.8907 -132.588 13.7461 -19.3907
872,849,2,Robotic Hand_V5/DC Motor Driver .step-15/DC Motor Driver-15.step-1,DC Motor Driver-15.step-1,47,DC Motor Driver-15.step,DC Motor Driver-15.step.SLDPRT,DC Motor Driver .step,purchased-internal,purchased-internal,DC Motor Driver .step,True,False,0,False,False,False,False,,False,,-131.0878,-10.8907,-15.7461,1 0 0 0 1 0 0 0 1,1 0 0 -131.088 0 1 0 -10.8907 0 0 1 -15.7461 0 0 0 1,1.5 -2 2 2.5 -1.5 2.5,1.00 x 0.50 x 0.50,-129.0878,-12.6407,-13.4961,-131.0878,15.7461,-10.8907,1 0 0 0 1 0 0 0 1,-129.0878,13.4961,-12.6407,-129.588 13.2461 -12.8907 -128.588 13.7461 -12.3907
873,849,2,Robotic Hand_V5/DC Motor Driver .step-15/DC Motor Driver-16.step-1,DC Motor Driver-16.step-1,48,DC Motor Driver-16.step,DC Motor Driver-16.step.SLDPRT,DC Motor Driver .step,purchased-internal,purchased-internal,DC Motor Driver .step,True,False,0,False,False,False,False,,False,,-131.0878,-10.8907,-15.7461,1 0 0 0 1 0 0 0 1,1 0 0 -131.088 0 1 0 -10.8907 0 0 1 -15.7461 0 0 0 1,1.5 -6 2 2.5 -5.5 2.5,1.00 x 0.50 x 0.50,-129.0878,-16.6407,-13.4961,-131.0878,15.7461,-10.8907,1 0 0 0 1 0 0 0 1,-129.0878,13.4961,-16.6407,-129.588 13.2461 -16.8907 -128.588 13.7461 -16.3907
874,849,2,Robotic Hand_V5/DC Motor Driver .step-15/DC Motor Driver-17.step-1,DC Motor Driver-17.step-1,49,DC Motor Driver-17.step,DC Motor Driver-17.step.SLDPRT,DC Motor Driver .step,purchased-internal,purchased-internal,DC Motor Driver .step,True,False,0,False,False,False,False,,False,,-131.0878,-10.8907,-15.7461,1 0 0 0 1 0 0 0 1,1 0 0 -131.088 0 1 0 -10.8907 0 0 1 -15.7461 0 0 0 1,-9 -5.33333 2 -7 -3.33333 2.1,2.00 x 2.00 x 0.10,-139.0878,-15.2240,-13.6961,-131.0878,15.7461,-10.8907,1 0 0 0 1 0 0 0 1,-139.0878,13.6961,-15.2240,-140.088 13.6461 -16.224 -138.088 13.7461 -14.224
875,849,2,Robotic Hand_V5/DC Motor Driver .step-15/DC Motor Driver-18.step-1,DC Motor Driver-18.step-1,50,DC Motor Driver-18.step,DC Motor Driver-18.step.SLDPRT,DC Motor Driver .step,purchased-internal,purchased-internal,DC Motor Driver .step,True,False,0,False,False,False,False,,False,,-131.0878,-10.8907,-15.7461,1 0 0 0 1 0 0 0 1,1 0 0 -131.088 0 1 0 -10.8907 0 0 1 -15.7461 0 0 0 1,-9 -7.66667 2 -7 -5.66667 2.1,2.00 x 2.00 x 0.10,-139.0878,-17.5573,-13.6961,-131.0878,15.7461,-10.8907,1 0 0 0 1 0 0 0 1,-139.0878,13.6961,-17.5573,-140.088 13.6461 -18.5573 -138.088 13.7461 -16.5573
876,849,2,Robotic Hand_V5/DC Motor Driver .step-15/DC Motor Driver-19.step-1,DC Motor Driver-19.step-1,51,DC Motor Driver-19.step,DC Motor Driver-19.step.SLDPRT,DC Motor Driver .step,purchased-internal,purchased-internal,DC Motor Driver .step,True,False,0,False,False,False,False,,False,,-131.0878,-10.8907,-15.7461,1 0 0 0 1 0 0 0 1,1 0 0 -131.088 0 1 0 -10.8907 0 0 1 -15.7461 0 0 0 1,-9 -3 2 -7 -1 2.1,2.00 x 2.00 x 0.10,-139.0878,-12.8907,-13.6961,-131.0878,15.7461,-10.8907,1 0 0 0 1 0 0 0 1,-139.0878,13.6961,-12.8907,-140.088 13.6461 -13.8907 -138.088 13.7461 -11.8907
877,849,2,Robotic Hand_V5/DC Motor Driver .step-15/DC Motor Driver-20.step-1,DC Motor Driver-20.step-1,52,DC Motor Driver-20.step,DC Motor Driver-20.step.SLDPRT,DC Motor Driver .step,purchased-internal,purchased-internal,DC Motor Driver .step,True,False,0,False,False,False,False,,False,,-131.0878,-10.8907,-15.7461,1 0 0 0 1 0 0 0 1,1 0 0 -131.088 0 1 0 -10.8907 0 0 1 -15.7461 0 0 0 1,-9 -10 2 -7 -8 2.1,2.00 x 2.00 x 0.10,-139.0878,-19.8907,-13.6961,-131.0878,15.7461,-10.8907,1 0 0 0 1 0 0 0 1,-139.0878,13.6961,-19.8907,-140.088 13.6461 -20.8907 -138.088 13.7461 -18.8907
878,849,2,Robotic Hand_V5/DC Motor Driver .step-15/DC Motor Driver-21.step-1,DC Motor Driver-21.step-1,53,DC Motor Driver-21.step,DC Motor Driver-21.step.SLDPRT,DC Motor Driver .step,purchased-internal,purchased-internal,DC Motor Driver .step,True,False,0,False,False,False,False,,False,,-131.0878,-10.8907,-15.7461,1 0 0 0 1 0 0 0 1,1 0 0 -131.088 0 1 0 -10.8907 0 0 1 -15.7461 0 0 0 1,-11.5 4 2 -9.5 6 2.1,2.00 x 2.00 x 0.10,-141.5878,-5.8907,-13.6961,-131.0878,15.7461,-10.8907,1 0 0 0 1 0 0 0 1,-141.5878,13.6961,-5.8907,-142.588 13.6461 -6.89067 -140.588 13.7461 -4.89067
879,849,2,Robotic Hand_V5/DC Motor Driver .step-15/DC Motor Driver-22.step-1,DC Motor Driver-22.step-1,54,DC Motor Driver-22.step,DC Motor Driver-22.step.SLDPRT,DC Motor Driver .step,purchased-internal,purchased-internal,DC Motor Driver .step,True,False,0,False,False,False,False,,False,,-131.0878,-10.8907,-15.7461,1 0 0 0 1 0 0 0 1,1 0 0 -131.088 0 1 0 -10.8907 0 0 1 -15.7461 0 0 0 1,-11.5 7 2 -9.5 9 2.1,2.00 x 2.00 x 0.10,-141.5878,-2.8907,-13.6961,-131.0878,15.7461,-10.8907,1 0 0 0 1 0 0 0 1,-141.5878,13.6961,-2.8907,-142.588 13.6461 -3.89067 -140.588 13.7461 -1.89067
880,849,2,Robotic Hand_V5/DC Motor Driver .step-15/DC Motor Driver-23.step-1,DC Motor Driver-23.step-1,55,DC Motor Driver-23.step,DC Motor Driver-23.step.SLDPRT,DC Motor Driver .step,purchased-internal,purchased-internal,DC Motor Driver .step,True,False,0,False,False,False,False,,False,,-131.0878,-10.8907,-15.7461,1 0 0 0 1 0 0 0 1,1 0 0 -131.088 0 1 0 -10.8907 0 0 1 -15.7461 0 0 0 1,-12 -1 2 -8 3 2.1,4.00 x 4.00 x 0.10,-141.0878,-9.8907,-13.6961,-131.0878,15.7461,-10.8907,1 0 0 0 1 0 0 0 1,-141.0878,13.6961,-9.8907,-143.088 13.6461 -11.8907 -139.088 13.7461 -7.89067
881,849,2,Robotic Hand_V5/DC Motor Driver .step-15/DC Motor Driver-24.step-1,DC Motor Driver-24.step-1,56,DC Motor Driver-24.step,DC Motor Driver-24.step.SLDPRT,DC Motor Driver .step,purchased-internal,purchased-internal,DC Motor Driver .step,True,False,0,False,False,False,False,,False,,-131.0878,-10.8907,-15.7461,1 0 0 0 1 0 0 0 1,1 0 0 -131.088 0 1 0 -10.8907 0 0 1 -15.7461 0 0 0 1,7 -5.33333 2 9 -3.33333 2.1,2.00 x 2.00 x 0.10,-123.0878,-15.2240,-13.6961,-131.0878,15.7461,-10.8907,1 0 0 0 1 0 0 0 1,-123.0878,13.6961,-15.2240,-124.088 13.6461 -16.224 -122.088 13.7461 -14.224
882,849,2,Robotic Hand_V5/DC Motor Driver .step-15/DC Motor Driver-25.step-1,DC Motor Driver-25.step-1,57,DC Motor Driver-25.step,DC Motor Driver-25.step.SLDPRT,DC Motor Driver .step,purchased-internal,purchased-internal,DC Motor Driver .step,True,False,0,False,False,False,False,,False,,-131.0878,-10.8907,-15.7461,1 0 0 0 1 0 0 0 1,1 0 0 -131.088 0 1 0 -10.8907 0 0 1 -15.7461 0 0 0 1,7 -7.66667 2 9 -5.66667 2.1,2.00 x 2.00 x 0.10,-123.0878,-17.5573,-13.6961,-131.0878,15.7461,-10.8907,1 0 0 0 1 0 0 0 1,-123.0878,13.6961,-17.5573,-124.088 13.6461 -18.5573 -122.088 13.7461 -16.5573
883,849,2,Robotic Hand_V5/DC Motor Driver .step-15/DC Motor Driver-26.step-1,DC Motor Driver-26.step-1,58,DC Motor Driver-26.step,DC Motor Driver-26.step.SLDPRT,DC Motor Driver .step,purchased-internal,purchased-internal,DC Motor Driver .step,True,False,0,False,False,False,False,,False,,-131.0878,-10.8907,-15.7461,1 0 0 0 1 0 0 0 1,1 0 0 -131.088 0 1 0 -10.8907 0 0 1 -15.7461 0 0 0 1,7 -3 2 9 -1 2.1,2.00 x 2.00 x 0.10,-123.0878,-12.8907,-13.6961,-131.0878,15.7461,-10.8907,1 0 0 0 1 0 0 0 1,-123.0878,13.6961,-12.8907,-124.088 13.6461 -13.8907 -122.088 13.7461 -11.8907
884,849,2,Robotic Hand_V5/DC Motor Driver .step-15/DC Motor Driver-27.step-1,DC Motor Driver-27.step-1,59,DC Motor Driver-27.step,DC Motor Driver-27.step.SLDPRT,DC Motor Driver .step,purchased-internal,purchased-internal,DC Motor Driver .step,True,False,0,False,False,False,False,,False,,-131.0878,-10.8907,-15.7461,1 0 0 0 1 0 0 0 1,1 0 0 -131.088 0 1 0 -10.8907 0 0 1 -15.7461 0 0 0 1,7 -10 2 9 -8 2.1,2.00 x 2.00 x 0.10,-123.0878,-19.8907,-13.6961,-131.0878,15.7461,-10.8907,1 0 0 0 1 0 0 0 1,-123.0878,13.6961,-19.8907,-124.088 13.6461 -20.8907 -122.088 13.7461 -18.8907
885,,1,Robotic Hand_V5/m2x10_assemb-1,m2x10_assemb-1,2418,m2x10_assemb,m2x10_assemb.SLDASM,,printed/structural,sub-assembly,,False,True,5,False,False,False,False,Yes,False,,-84.2176,-8.9657,81.8385,-0.939157 0.225824 0.258819 0.23379 0.972287 0 -0.251646 0.060509 -0.965926,-0.939157 0.225824 0.258819 -84.2176 0.23379 0.972287 0 -8.96572 -0.251646 0.060509 -0.965926 81.8385 0 0 0 1,-5.77312 -3.62228 -9.11139 0.976884 2.87291 1.63861,6.75 x 6.50 x 10.75,-83.0170,-9.8907,86.0284,-84.2176,-81.8385,-8.9657,-0.939157 -0.258819 0.225824 0.251646 -0.965926 -0.060509 0.23379 -0 0.972287,-83.0170,-86.0284,-9.8907,-88.3112 -92.2661 -13.8373 -77.7228 -79.7907 -5.94404
886,885,2,Robotic Hand_V5/m2x10_assemb-1/M2 x 0.4mm Thread HEX NUT.step-1,M2 x 0.4mm Thread HEX NUT.step-1,25,M2 x 0.4mm Thread HEX NUT.step,M2 x 0.4mm Thread HEX NUT.step.SLDPRT,M2 x 0.4mm Thread HEX NUT.STEP,fastener,nut-M2,,False,False,0,False,False,False,False,,False,,-82.0025,-9.8907,82.2423,-0.274009 0.926246 0.258819 0.95892 0.283675 0 -0.073421 0.248187 -0.965926,-0.274009 0.926246 0.258819 -82.0025 0.95892 0.283675 0 -9.89067 -0.073421 0.248187 -0.965926 82.2423 0 0 0 1,-2.3119 -2.31373 -0.804328 2.3119 2.31373 0.804602,4.62 x 4.63 x 1.61,-82.0025,-9.8907,82.2422,-82.0025,-82.2423,-9.8907,-0.274009 -0.258819 0.926246 0.073421 -0.965926 -0.248187 0.95892 -0 0.283675,-82.0025,-82.2422,-9.8907,-84.9873 -83.7632 -12.7639 -79.0177 -80.7211 -7.0174
887,885,2,Robotic Hand_V5/m2x10_assemb-1/m2_nut_cav-1,m2_nut_cav-1,53,m2_nut_cav,m2_nut_cav.SLDPRT,,cut-tool (not a physical part),cut-tool,,False,False,0,False,False,False,False,,False,,-81.7308,-9.8907,81.2281,-0.926246 -0.258819 -0.274009 -0.283675 -0 0.95892 -0.248187 0.965926 -0.073421,-0.926246 -0.258819 -0.274009 -81.7308 -0.283675 -0 0.95892 -9.89067 -0.248187 0.965926 -0.073421 81.2281 0 0 0 1,-2.59808 0 -2.25 2.59808 2.1 2.25,5.20 x 2.10 x 4.50,-82.0025,-9.8907,82.2423,-81.7308,-81.2281,-9.8907,-0.926246 0.274009 -0.258819 0.248187 -0.073421 -0.965926 -0.283675 -0.95892 -0,-82.0025,-82.2423,-9.8907,-85.2973 -84.0665 -12.7853 -78.7078 -80.4181 -6.99609
888,885,2,Robotic Hand_V5/m2x10_assemb-1/m2_screwhead_cav-1,m2_screwhead_cav-1,57,m2_screwhead_cav,m2_screwhead_cav.SLDPRT,,cut-tool (not a physical part),cut-tool,,False,False,0,False,False,False,False,,False,,-84.4082,-9.8907,91.2202,-0.939157 0.258819 -0.225824 0.23379 0 -0.972287 -0.251646 -0.965926 -0.060509,-0.939157 0.258819 -0.225824 -84.4082 0.23379 0 -0.972287 -9.89067 -0.251646 -0.965926 -0.060509 91.2202 0 0 0 1,-2.15 0 -2.15 2.15 2.5 2.15,4.30 x 2.50 x 4.30,-84.0847,-9.8907,90.0128,-84.4082,-91.2202,-9.8907,-0.939157 0.225824 0.258819 0.251646 -0.060509 0.965926 0.23379 0.972287 0,-84.0847,-90.0128,-9.8907,-86.9129 -91.8914 -12.4837 -81.2564 -88.1343 -7.29761
889,885,2,Robotic Hand_V5/m2x10_assemb-1/m2_hole_cav-1,m2_hole_cav-1,60,m2_hole_cav,m2_hole_cav.SLDPRT,,cut-tool (not a physical part),cut-tool,,False,False,0,False,False,False,False,,False,,-84.3435,-9.8907,90.9788,-0.939157 0.258819 -0.225824 0.23379 0 -0.972287 -0.251646 -0.965926 -0.060509,-0.939157 0.258819 -0.225824 -84.3435 0.23379 0 -0.972287 -9.89067 -0.251646 -0.965926 -0.060509 90.9788 0 0 0 1,-1.25 0 -1.25 1.25 10.5 1.25,2.50 x 10.50 x 2.50,-82.9847,-9.8907,85.9077,-84.3435,-90.9788,-9.8907,-0.939157 0.225824 0.258819 0.251646 -0.060509 0.965926 0.23379 0.972287 0,-82.9847,-85.9077,-9.8907,-85.7997 -91.369 -11.3983 -80.1697 -80.4464 -8.38308
890,885,2,Robotic Hand_V5/m2x10_assemb-1/M2 x 0.4mm Thread 8mm LONG SOCKET HEAD CAP SCREW.step-1,M2 x 0.4mm Thread 8mm LONG SOCKET HEAD CAP SCREW.step-1,66,M2 x 0.4mm Thread 8mm LONG SOCKET HEAD CAP SCREW.step,M2 x 0.4mm Thread 8mm LONG SOCKET HEAD CAP SCREW.step.SLDPRT,M2 x 0.4mm Thread 8mm LONG SOCKET HEAD CAP SCREW.STEP,fastener,screw-M2,,False,False,0,False,False,False,False,,False,,-81.7553,-9.8907,81.3195,-0.939157 0.225824 0.258819 0.23379 0.972287 0 -0.251646 0.060509 -0.965926,-0.939157 0.225824 0.258819 -81.7553 0.23379 0.972287 0 -9.89067 -0.251646 0.060509 -0.965926 81.3195 0 0 0 1,-1.9 -1.9 -10.0041 1.9 1.9 2.5e-05,3.80 x 3.80 x 10.00,-83.0499,-9.8907,86.1511,-81.7553,-81.3195,-9.8907,-0.939157 -0.258819 0.225824 0.251646 -0.965926 -0.060509 0.23379 -0 0.972287,-83.0499,-86.1511,-9.8907,-86.558 -91.5759 -12.1822 -79.5418 -80.7264 -7.59913
891,,1,Robotic Hand_V5/m2x10_assemb-2,m2x10_assemb-2,2419,m2x10_assemb,m2x10_assemb.SLDASM,,printed/structural,sub-assembly,,False,True,5,False,False,False,False,Yes,False,,-108.2248,-9.5160,75.4058,-0.965926 -0 0.258819 0 1 0 -0.258819 0 -0.965926,-0.965926 -0 0.258819 -108.225 0 1 0 -9.51599 -0.258819 0 -0.965926 75.4058 0 0 0 1,-5.77312 -3.62228 -9.11139 0.976884 2.87291 1.63861,6.75 x 6.50 x 10.75,-106.8754,-9.8907,79.6356,-108.2248,-75.4058,-9.5160,-0.965926 -0.258819 -0 0.258819 -0.965926 -0 0 -0 1,-106.8754,-79.6356,-9.8907,-111.527 -85.7009 -13.1383 -102.224 -73.5702 -6.64308
892,891,2,Robotic Hand_V5/m2x10_assemb-2/M2 x 0.4mm Thread HEX NUT.step-1,M2 x 0.4mm Thread HEX NUT.step-1,25,M2 x 0.4mm Thread HEX NUT.step,M2 x 0.4mm Thread HEX NUT.step.SLDPRT,M2 x 0.4mm Thread HEX NUT.STEP,fastener,nut-M2,,False,False,0,False,False,False,False,,False,,-105.8609,-9.8907,75.8495,-0.482963 0.836516 0.258819 0.866025 0.5 0 -0.12941 0.224144 -0.965926,-0.482963 0.836516 0.258819 -105.861 0.866025 0.5 0 -9.89067 -0.12941 0.224144 -0.965926 75.8495 0 0 0 1,-2.3119 -2.31373 -0.804328 2.3119 2.31373 0.804602,4.62 x 4.63 x 1.61,-105.8609,-9.8907,75.8493,-105.8609,-75.8495,-9.8907,-0.482963 -0.258819 0.836516 0.12941 -0.965926 -0.224144 0.866025 -0 0.5,-105.8609,-75.8493,-9.8907,-109.121 -77.4442 -13.0497 -102.601 -74.2545 -6.73164
893,891,2,Robotic Hand_V5/m2x10_assemb-2/m2_nut_cav-1,m2_nut_cav-1,53,m2_nut_cav,m2_nut_cav.SLDPRT,,cut-tool (not a physical part),cut-tool,,False,False,0,False,False,False,False,,False,,-105.5892,-9.8907,74.8352,-0.836516 -0.258819 -0.482963 -0.5 -0 0.866025 -0.224144 0.965926 -0.12941,-0.836516 -0.258819 -0.482963 -105.589 -0.5 -0 0.866025 -9.89067 -0.224144 0.965926 -0.12941 74.8352 0 0 0 1,-2.59808 0 -2.25 2.59808 2.1 2.25,5.20 x 2.10 x 4.50,-105.8609,-9.8907,75.8495,-105.5892,-74.8352,-9.8907,-0.836516 0.482963 -0.258819 0.224144 -0.12941 -0.965926 -0.5 -0.866025 -0,-105.8609,-75.8495,-9.8907,-109.393 -77.7372 -13.1383 -102.329 -73.9617 -6.64308
894,891,2,Robotic Hand_V5/m2x10_assemb-2/m2_screwhead_cav-1,m2_screwhead_cav-1,57,m2_screwhead_cav,m2_screwhead_cav.SLDPRT,,cut-tool (not a physical part),cut-tool,,False,False,0,False,False,False,False,,False,,-108.2666,-9.8907,84.8274,-0.965926 0.258819 0 0 0 -1 -0.258819 -0.965926 -0,-0.965926 0.258819 0 -108.267 0 0 -1 -9.89067 -0.258819 -0.965926 -0 84.8274 0 0 0 1,-2.15 0 -2.15 2.15 2.5 2.15,4.30 x 2.50 x 4.30,-107.9430,-9.8907,83.6200,-108.2666,-84.8274,-9.8907,-0.965926 -0 0.258819 0.258819 -0 0.965926 0 1 0,-107.9430,-83.6200,-9.8907,-110.343 -85.3839 -12.0407 -105.543 -81.8561 -7.74067
895,891,2,Robotic Hand_V5/m2x10_assemb-2/m2_hole_cav-1,m2_hole_cav-1,60,m2_hole_cav,m2_hole_cav.SLDPRT,,cut-tool (not a physical part),cut-tool,,False,False,0,False,False,False,False,,False,,-108.2019,-9.8907,84.5859,-0.965926 0.258819 0 0 0 -1 -0.258819 -0.965926 -0,-0.965926 0.258819 0 -108.202 0 0 -1 -9.89067 -0.258819 -0.965926 -0 84.5859 0 0 0 1,-1.25 0 -1.25 1.25 10.5 1.25,2.50 x 10.50 x 2.50,-106.8431,-9.8907,79.5148,-108.2019,-84.5859,-9.8907,-0.965926 -0 0.258819 0.258819 -0 0.965926 0 1 0,-106.8431,-79.5148,-9.8907,-109.409 -84.9095 -11.1407 -104.277 -74.1202 -8.64067
896,891,2,Robotic Hand_V5/m2x10_assemb-2/M2 x 0.4mm Thread 8mm LONG SOCKET HEAD CAP SCREW.step-1,M2 x 0.4mm Thread 8mm LONG SOCKET HEAD CAP SCREW.step-1,66,M2 x 0.4mm Thread 8mm LONG SOCKET HEAD CAP SCREW.step,M2 x 0.4mm Thread 8mm LONG SOCKET HEAD CAP SCREW.step.SLDPRT,M2 x 0.4mm Thread 8mm LONG SOCKET HEAD CAP SCREW.STEP,fastener,screw-M2,,False,False,0,False,False,False,False,,False,,-105.6137,-9.8907,74.9267,-0.965926 -0 0.258819 0 1 0 -0.258819 0 -0.965926,-0.965926 -0 0.258819 -105.614 0 1 0 -9.89067 -0.258819 0 -0.965926 74.9267 0 0 0 1,-1.9 -1.9 -10.0041 1.9 1.9 2.5e-05,3.80 x 3.80 x 10.00,-106.9083,-9.8907,79.7583,-105.6137,-74.9267,-9.8907,-0.965926 -0.258819 -0 0.258819 -0.965926 -0 0 -0 1,-106.9083,-79.7583,-9.8907,-110.038 -85.0817 -11.7907 -103.778 -74.4349 -7.99067
897,,1,Robotic Hand_V5/m2x10_assemb-3,m2x10_assemb-3,2420,m2x10_assemb,m2x10_assemb.SLDASM,,printed/structural,sub-assembly,,False,True,5,False,False,False,False,Yes,False,,-132.0831,-9.5160,69.0130,-0.965926 -0 0.258819 0 1 0 -0.258819 0 -0.965926,-0.965926 -0 0.258819 -132.083 0 1 0 -9.51599 -0.258819 0 -0.965926 69.013 0 0 0 1,-5.77312 -3.62228 -9.11139 0.976884 2.87291 1.63861,6.75 x 6.50 x 10.75,-130.7338,-9.8907,73.2427,-132.0831,-69.0130,-9.5160,-0.965926 -0.258819 -0 0.258819 -0.965926 -0 0 -0 1,-130.7338,-73.2427,-9.8907,-135.385 -79.3081 -13.1383 -126.083 -67.1774 -6.64308
898,897,2,Robotic Hand_V5/m2x10_assemb-3/M2 x 0.4mm Thread HEX NUT.step-1,M2 x 0.4mm Thread HEX NUT.step-1,25,M2 x 0.4mm Thread HEX NUT.step,M2 x 0.4mm Thread HEX NUT.step.SLDPRT,M2 x 0.4mm Thread HEX NUT.STEP,fastener,nut-M2,,False,False,0,False,False,False,False,,False,,-129.7193,-9.8907,69.4566,-0.482963 0.836516 0.258819 0.866025 0.5 0 -0.12941 0.224144 -0.965926,-0.482963 0.836516 0.258819 -129.719 0.866025 0.5 0 -9.89067 -0.12941 0.224144 -0.965926 69.4566 0 0 0 1,-2.3119 -2.31373 -0.804328 2.3119 2.31373 0.804602,4.62 x 4.63 x 1.61,-129.7192,-9.8907,69.4565,-129.7193,-69.4566,-9.8907,-0.482963 -0.258819 0.836516 0.12941 -0.965926 -0.224144 0.866025 -0 0.5,-129.7192,-69.4565,-9.8907,-132.979 -71.0513 -13.0497 -126.459 -67.8616 -6.73164
899,897,2,Robotic Hand_V5/m2x10_assemb-3/m2_nut_cav-1,m2_nut_cav-1,53,m2_nut_cav,m2_nut_cav.SLDPRT,,cut-tool (not a physical part),cut-tool,,False,False,0,False,False,False,False,,False,,-129.4475,-9.8907,68.4424,-0.836516 -0.258819 -0.482963 -0.5 -0 0.866025 -0.224144 0.965926 -0.12941,-0.836516 -0.258819 -0.482963 -129.448 -0.5 -0 0.866025 -9.89067 -0.224144 0.965926 -0.12941 68.4424 0 0 0 1,-2.59808 0 -2.25 2.59808 2.1 2.25,5.20 x 2.10 x 4.50,-129.7193,-9.8907,69.4566,-129.4475,-68.4424,-9.8907,-0.836516 0.482963 -0.258819 0.224144 -0.12941 -0.965926 -0.5 -0.866025 -0,-129.7193,-69.4566,-9.8907,-133.251 -71.3444 -13.1383 -126.188 -67.5689 -6.64308
900,897,2,Robotic Hand_V5/m2x10_assemb-3/m2_screwhead_cav-1,m2_screwhead_cav-1,57,m2_screwhead_cav,m2_screwhead_cav.SLDPRT,,cut-tool (not a physical part),cut-tool,,False,False,0,False,False,False,False,,False,,-132.1249,-9.8907,78.4346,-0.965926 0.258819 0 0 0 -1 -0.258819 -0.965926 -0,-0.965926 0.258819 0 -132.125 0 0 -1 -9.89067 -0.258819 -0.965926 -0 78.4346 0 0 0 1,-2.15 0 -2.15 2.15 2.5 2.15,4.30 x 2.50 x 4.30,-131.8014,-9.8907,77.2272,-132.1249,-78.4346,-9.8907,-0.965926 -0 0.258819 0.258819 -0 0.965926 0 1 0,-131.8014,-77.2272,-9.8907,-134.202 -78.991 -12.0407 -129.401 -75.4633 -7.74067
901,897,2,Robotic Hand_V5/m2x10_assemb-3/m2_hole_cav-1,m2_hole_cav-1,60,m2_hole_cav,m2_hole_cav.SLDPRT,,cut-tool (not a physical part),cut-tool,,False,False,0,False,False,False,False,,False,,-132.0602,-9.8907,78.1931,-0.965926 0.258819 0 0 0 -1 -0.258819 -0.965926 -0,-0.965926 0.258819 0 -132.06 0 0 -1 -9.89067 -0.258819 -0.965926 -0 78.1931 0 0 0 1,-1.25 0 -1.25 1.25 10.5 1.25,2.50 x 10.50 x 2.50,-130.7014,-9.8907,73.1220,-132.0602,-78.1931,-9.8907,-0.965926 -0 0.258819 0.258819 -0 0.965926 0 1 0,-130.7014,-73.1220,-9.8907,-133.268 -78.5166 -11.1407 -128.135 -67.7274 -8.64067
902,897,2,Robotic Hand_V5/m2x10_assemb-3/M2 x 0.4mm Thread 8mm LONG SOCKET HEAD CAP SCREW.step-1,M2 x 0.4mm Thread 8mm LONG SOCKET HEAD CAP SCREW.step-1,66,M2 x 0.4mm Thread 8mm LONG SOCKET HEAD CAP SCREW.step,M2 x 0.4mm Thread 8mm LONG SOCKET HEAD CAP SCREW.step.SLDPRT,M2 x 0.4mm Thread 8mm LONG SOCKET HEAD CAP SCREW.STEP,fastener,screw-M2,,False,False,0,False,False,False,False,,False,,-129.4720,-9.8907,68.5338,-0.965926 -0 0.258819 0 1 0 -0.258819 0 -0.965926,-0.965926 -0 0.258819 -129.472 0 1 0 -9.89067 -0.258819 0 -0.965926 68.5338 0 0 0 1,-1.9 -1.9 -10.0041 1.9 1.9 2.5e-05,3.80 x 3.80 x 10.00,-130.7667,-9.8907,73.3655,-129.4720,-68.5338,-9.8907,-0.965926 -0.258819 -0 0.258819 -0.965926 -0 0 -0 1,-130.7667,-73.3655,-9.8907,-133.897 -78.6889 -11.7907 -127.637 -68.0421 -7.99067
903,,1,Robotic Hand_V5/m2x10_assemb-4,m2x10_assemb-4,2421,m2x10_assemb,m2x10_assemb.SLDASM,,printed/structural,sub-assembly,,False,True,5,False,False,False,False,Yes,False,,-155.9415,-9.5160,62.6201,-0.965926 -0 0.258819 0 1 0 -0.258819 0 -0.965926,-0.965926 -0 0.258819 -155.941 0 1 0 -9.51599 -0.258819 0 -0.965926 62.6201 0 0 0 1,-5.77312 -3.62228 -9.11139 0.976884 2.87291 1.63861,6.75 x 6.50 x 10.75,-154.5921,-9.8907,66.8499,-155.9415,-62.6201,-9.5160,-0.965926 -0.258819 -0 0.258819 -0.965926 -0 0 -0 1,-154.5921,-66.8499,-9.8907,-159.243 -72.9153 -13.1383 -149.941 -60.7845 -6.64308
904,903,2,Robotic Hand_V5/m2x10_assemb-4/M2 x 0.4mm Thread HEX NUT.step-1,M2 x 0.4mm Thread HEX NUT.step-1,25,M2 x 0.4mm Thread HEX NUT.step,M2 x 0.4mm Thread HEX NUT.step.SLDPRT,M2 x 0.4mm Thread HEX NUT.STEP,fastener,nut-M2,,False,False,0,False,False,False,False,,False,,-153.5777,-9.8907,63.0638,-0.482963 0.836516 0.258819 0.866025 0.5 0 -0.12941 0.224144 -0.965926,-0.482963 0.836516 0.258819 -153.578 0.866025 0.5 0 -9.89067 -0.12941 0.224144 -0.965926 63.0638 0 0 0 1,-2.3119 -2.31373 -0.804328 2.3119 2.31373 0.804602,4.62 x 4.63 x 1.61,-153.5776,-9.8907,63.0637,-153.5777,-63.0638,-9.8907,-0.482963 -0.258819 0.836516 0.12941 -0.965926 -0.224144 0.866025 -0 0.5,-153.5776,-63.0637,-9.8907,-156.838 -64.6585 -13.0497 -150.317 -61.4688 -6.73164
905,903,2,Robotic Hand_V5/m2x10_assemb-4/m2_nut_cav-1,m2_nut_cav-1,53,m2_nut_cav,m2_nut_cav.SLDPRT,,cut-tool (not a physical part),cut-tool,,False,False,0,False,False,False,False,,False,,-153.3059,-9.8907,62.0496,-0.836516 -0.258819 -0.482963 -0.5 -0 0.866025 -0.224144 0.965926 -0.12941,-0.836516 -0.258819 -0.482963 -153.306 -0.5 -0 0.866025 -9.89067 -0.224144 0.965926 -0.12941 62.0496 0 0 0 1,-2.59808 0 -2.25 2.59808 2.1 2.25,5.20 x 2.10 x 4.50,-153.5777,-9.8907,63.0638,-153.3059,-62.0496,-9.8907,-0.836516 0.482963 -0.258819 0.224144 -0.12941 -0.965926 -0.5 -0.866025 -0,-153.5777,-63.0638,-9.8907,-157.109 -64.9515 -13.1383 -150.046 -61.1761 -6.64308
906,903,2,Robotic Hand_V5/m2x10_assemb-4/m2_screwhead_cav-1,m2_screwhead_cav-1,57,m2_screwhead_cav,m2_screwhead_cav.SLDPRT,,cut-tool (not a physical part),cut-tool,,False,False,0,False,False,False,False,,False,,-155.9833,-9.8907,72.0418,-0.965926 0.258819 0 0 0 -1 -0.258819 -0.965926 -0,-0.965926 0.258819 0 -155.983 0 0 -1 -9.89067 -0.258819 -0.965926 -0 72.0418 0 0 0 1,-2.15 0 -2.15 2.15 2.5 2.15,4.30 x 2.50 x 4.30,-155.6598,-9.8907,70.8344,-155.9833,-72.0418,-9.8907,-0.965926 -0 0.258819 0.258819 -0 0.965926 0 1 0,-155.6598,-70.8344,-9.8907,-158.06 -72.5982 -12.0407 -153.26 -69.0705 -7.74067
907,903,2,Robotic Hand_V5/m2x10_assemb-4/m2_hole_cav-1,m2_hole_cav-1,60,m2_hole_cav,m2_hole_cav.SLDPRT,,cut-tool (not a physical part),cut-tool,,False,False,0,False,False,False,False,,False,,-155.9186,-9.8907,71.8003,-0.965926 0.258819 0 0 0 -1 -0.258819 -0.965926 -0,-0.965926 0.258819 0 -155.919 0 0 -1 -9.89067 -0.258819 -0.965926 -0 71.8003 0 0 0 1,-1.25 0 -1.25 1.25 10.5 1.25,2.50 x 10.50 x 2.50,-154.5598,-9.8907,66.7292,-155.9186,-71.8003,-9.8907,-0.965926 -0 0.258819 0.258819 -0 0.965926 0 1 0,-154.5598,-66.7292,-9.8907,-157.126 -72.1238 -11.1407 -151.994 -61.3345 -8.64067
908,903,2,Robotic Hand_V5/m2x10_assemb-4/M2 x 0.4mm Thread 8mm LONG SOCKET HEAD CAP SCREW.step-1,M2 x 0.4mm Thread 8mm LONG SOCKET HEAD CAP SCREW.step-1,66,M2 x 0.4mm Thread 8mm LONG SOCKET HEAD CAP SCREW.step,M2 x 0.4mm Thread 8mm LONG SOCKET HEAD CAP SCREW.step.SLDPRT,M2 x 0.4mm Thread 8mm LONG SOCKET HEAD CAP SCREW.STEP,fastener,screw-M2,,False,False,0,False,False,False,False,,False,,-153.3304,-9.8907,62.1410,-0.965926 -0 0.258819 0 1 0 -0.258819 0 -0.965926,-0.965926 -0 0.258819 -153.33 0 1 0 -9.89067 -0.258819 0 -0.965926 62.141 0 0 0 1,-1.9 -1.9 -10.0041 1.9 1.9 2.5e-05,3.80 x 3.80 x 10.00,-154.6250,-9.8907,66.9726,-153.3304,-62.1410,-9.8907,-0.965926 -0.258819 -0 0.258819 -0.965926 -0 0 -0 1,-154.6250,-66.9726,-9.8907,-157.755 -72.296 -11.7907 -151.495 -61.6492 -7.99067
909,,1,Robotic Hand_V5/m2x10_assemb-5,m2x10_assemb-5,2422,m2x10_assemb,m2x10_assemb.SLDASM,,printed/structural,sub-assembly,,False,True,5,False,False,False,False,Yes,False,,-90.1858,-7.9840,-11.3847,0.732675 -0.680579 0 0.680579 0.732675 0 0 0 1,0.732675 -0.680579 0 -90.1858 0.680579 0.732675 0 -7.98405 0 0 1 -11.3847 0 0 0 1,-5.77312 -3.62228 -9.11139 0.976884 2.87291 1.63861,6.75 x 6.50 x 10.75,-91.6878,-9.8907,-15.1211,-90.1858,11.3847,-7.9840,0.732675 0 -0.680579 0 1 0 0.680579 0 0.732675,-91.6878,15.1211,-9.8907,-96.3709 9.74614 -14.5671 -87.0048 20.4961 -5.21429
910,909,2,Robotic Hand_V5/m2x10_assemb-5/M2 x 0.4mm Thread HEX NUT.step-1,M2 x 0.4mm Thread HEX NUT.step-1,25,M2 x 0.4mm Thread HEX NUT.step,M2 x 0.4mm Thread HEX NUT.step.SLDPRT,M2 x 0.4mm Thread HEX NUT.STEP,fastener,nut-M2,,False,False,0,False,False,False,False,,False,,-91.6878,-9.8907,-11.2015,-0.223061 -0.974805 0 0.974805 -0.223061 0 0 0 1,-0.223061 -0.974805 0 -91.6878 0.974805 -0.223061 0 -9.89067 0 0 1 -11.2015 0 0 0 1,-2.3119 -2.31373 -0.804328 2.3119 2.31373 0.804602,4.62 x 4.63 x 1.61,-91.6878,-9.8907,-11.2013,-91.6878,11.2015,-9.8907,-0.223061 0 -0.974805 0 1 0 0.974805 0 -0.223061,-91.6878,11.2013,-9.8907,-94.459 10.3969 -12.6604 -88.9167 12.0058 -7.12092
911,909,2,Robotic Hand_V5/m2x10_assemb-5/m2_nut_cav-1,m2_nut_cav-1,53,m2_nut_cav,m2_nut_cav.SLDPRT,,cut-tool (not a physical part),cut-tool,,False,False,0,False,False,False,False,,False,,-91.6878,-9.8907,-10.1515,0.974805 0 -0.223061 0.223061 0 0.974805 0 -1 0,0.974805 0 -0.223061 -91.6878 0.223061 0 0.974805 -9.89067 0 -1 0 -10.1515 0 0 0 1,-2.59808 0 -2.25 2.59808 2.1 2.25,5.20 x 2.10 x 4.50,-91.6878,-9.8907,-11.2015,-91.6878,10.1515,-9.8907,0.974805 0.223061 0 -0 0 1 0.223061 -0.974805 0,-91.6878,11.2015,-9.8907,-94.7223 10.1515 -12.6635 -88.6533 12.2515 -7.11783
912,909,2,Robotic Hand_V5/m2x10_assemb-5/m2_screwhead_cav-1,m2_screwhead_cav-1,57,m2_screwhead_cav,m2_screwhead_cav.SLDPRT,,cut-tool (not a physical part),cut-tool,,False,False,0,False,False,False,False,,False,,-91.6878,-9.8907,-20.4961,0.732675 -0 0.680579 0.680579 0 -0.732675 0 1 0,0.732675 -0 0.680579 -91.6878 0.680579 0 -0.732675 -9.89067 0 1 0 -20.4961 0 0 0 1,-2.15 0 -2.15 2.15 2.5 2.15,4.30 x 2.50 x 4.30,-91.6878,-9.8907,-19.2461,-91.6878,20.4961,-9.8907,0.732675 -0.680579 -0 0 0 -1 0.680579 0.732675 0,-91.6878,19.2461,-9.8907,-94.7263 17.9961 -12.9292 -88.6493 20.4961 -6.85218
913,909,2,Robotic Hand_V5/m2x10_assemb-5/m2_hole_cav-1,m2_hole_cav-1,60,m2_hole_cav,m2_hole_cav.SLDPRT,,cut-tool (not a physical part),cut-tool,,False,False,0,False,False,False,False,,False,,-91.6878,-9.8907,-20.2461,0.732675 0 0.680579 0.680579 0 -0.732675 0 1 0,0.732675 0 0.680579 -91.6878 0.680579 0 -0.732675 -9.89067 0 1 0 -20.2461 0 0 0 1,-1.25 0 -1.25 1.25 10.5 1.25,2.50 x 10.50 x 2.50,-91.6878,-9.8907,-14.9961,-91.6878,20.2461,-9.8907,0.732675 -0.680579 0 0 0 -1 0.680579 0.732675 0,-91.6878,14.9961,-9.8907,-93.4544 9.74614 -11.6572 -89.9213 20.2461 -8.12411
914,909,2,Robotic Hand_V5/m2x10_assemb-5/M2 x 0.4mm Thread 8mm LONG SOCKET HEAD CAP SCREW.step-1,M2 x 0.4mm Thread 8mm LONG SOCKET HEAD CAP SCREW.step-1,66,M2 x 0.4mm Thread 8mm LONG SOCKET HEAD CAP SCREW.step,M2 x 0.4mm Thread 8mm LONG SOCKET HEAD CAP SCREW.step.SLDPRT,M2 x 0.4mm Thread 8mm LONG SOCKET HEAD CAP SCREW.STEP,fastener,screw-M2,,False,False,0,False,False,False,False,,False,,-91.6878,-9.8907,-10.2461,0.732675 -0.680579 0 0.680579 0.732675 0 0 0 1,0.732675 -0.680579 0 -91.6878 0.680579 0.732675 0 -9.89067 0 0 1 -10.2461 0 0 0 1,-1.9 -1.9 -10.0041 1.9 1.9 2.5e-05,3.80 x 3.80 x 10.00,-91.6878,-9.8907,-15.2482,-91.6878,10.2461,-9.8907,0.732675 0 -0.680579 0 1 0 0.680579 0 0.732675,-91.6878,15.2482,-9.8907,-94.373 10.2461 -12.5759 -89.0027 20.2503 -7.20549
915,,1,Robotic Hand_V5/m2x10_assemb-6,m2x10_assemb-6,2423,m2x10_assemb,m2x10_assemb.SLDASM,,printed/structural,sub-assembly,,False,True,5,False,False,False,False,Yes,False,,-113.9897,-9.5160,-11.3847,1 0 0 0 1 0 0 0 1,1 0 0 -113.99 0 1 0 -9.51599 0 0 1 -11.3847 0 0 0 1,-5.77312 -3.62228 -9.11139 0.976884 2.87291 1.63861,6.75 x 6.50 x 10.75,-116.3878,-9.8907,-15.1211,-113.9897,11.3847,-9.5160,1 0 0 0 1 0 0 0 1,-116.3878,15.1211,-9.8907,-119.763 9.74614 -13.1383 -113.013 20.4961 -6.64308
916,915,2,Robotic Hand_V5/m2x10_assemb-6/M2 x 0.4mm Thread HEX NUT.step-1,M2 x 0.4mm Thread HEX NUT.step-1,25,M2 x 0.4mm Thread HEX NUT.step,M2 x 0.4mm Thread HEX NUT.step.SLDPRT,M2 x 0.4mm Thread HEX NUT.STEP,fastener,nut-M2,,False,False,0,False,False,False,False,,False,,-116.3878,-9.8907,-11.2015,0.5 -0.866025 0 0.866025 0.5 0 0 0 1,0.5 -0.866025 0 -116.388 0.866025 0.5 0 -9.89067 0 0 1 -11.2015 0 0 0 1,-2.3119 -2.31373 -0.804328 2.3119 2.31373 0.804602,4.62 x 4.63 x 1.61,-116.3878,-9.8907,-11.2013,-116.3878,11.2015,-9.8907,0.5 0 -0.866025 0 1 0 0.866025 0 0.5,-116.3878,11.2013,-9.8907,-119.548 10.3969 -13.0497 -113.228 12.0058 -6.73164
917,915,2,Robotic Hand_V5/m2x10_assemb-6/m2_nut_cav-1,m2_nut_cav-1,53,m2_nut_cav,m2_nut_cav.SLDPRT,,cut-tool (not a physical part),cut-tool,,False,False,0,False,False,False,False,,False,,-116.3878,-9.8907,-10.1515,0.866025 0 0.5 -0.5 0 0.866025 0 -1 0,0.866025 0 0.5 -116.388 -0.5 0 0.866025 -9.89067 0 -1 0 -10.1515 0 0 0 1,-2.59808 0 -2.25 2.59808 2.1 2.25,5.20 x 2.10 x 4.50,-116.3878,-9.8907,-11.2015,-116.3878,10.1515,-9.8907,0.866025 -0.5 0 -0 0 1 -0.5 -0.866025 0,-116.3878,11.2015,-9.8907,-119.763 10.1515 -13.1383 -113.013 12.2515 -6.64308
918,915,2,Robotic Hand_V5/m2x10_assemb-6/m2_screwhead_cav-1,m2_screwhead_cav-1,57,m2_screwhead_cav,m2_screwhead_cav.SLDPRT,,cut-tool (not a physical part),cut-tool,,False,False,0,False,False,False,False,,False,,-116.3878,-9.8907,-20.4961,1 0 0 0 0 -1 0 1 0,1 0 0 -116.388 0 0 -1 -9.89067 0 1 0 -20.4961 0 0 0 1,-2.15 0 -2.15 2.15 2.5 2.15,4.30 x 2.50 x 4.30,-116.3878,-9.8907,-19.2461,-116.3878,20.4961,-9.8907,1 0 0 0 0 -1 0 1 0,-116.3878,19.2461,-9.8907,-118.538 17.9961 -12.0407 -114.238 20.4961 -7.74067
919,915,2,Robotic Hand_V5/m2x10_assemb-6/m2_hole_cav-1,m2_hole_cav-1,60,m2_hole_cav,m2_hole_cav.SLDPRT,,cut-tool (not a physical part),cut-tool,,False,False,0,False,False,False,False,,False,,-116.3878,-9.8907,-20.2461,1 0 0 0 0 -1 0 1 0,1 0 0 -116.388 0 0 -1 -9.89067 0 1 0 -20.2461 0 0 0 1,-1.25 0 -1.25 1.25 10.5 1.25,2.50 x 10.50 x 2.50,-116.3878,-9.8907,-14.9961,-116.3878,20.2461,-9.8907,1 0 0 0 0 -1 0 1 0,-116.3878,14.9961,-9.8907,-117.638 9.74614 -11.1407 -115.138 20.2461 -8.64067
920,915,2,Robotic Hand_V5/m2x10_assemb-6/M2 x 0.4mm Thread 8mm LONG SOCKET HEAD CAP SCREW.step-1,M2 x 0.4mm Thread 8mm LONG SOCKET HEAD CAP SCREW.step-1,66,M2 x 0.4mm Thread 8mm LONG SOCKET HEAD CAP SCREW.step,M2 x 0.4mm Thread 8mm LONG SOCKET HEAD CAP SCREW.step.SLDPRT,M2 x 0.4mm Thread 8mm LONG SOCKET HEAD CAP SCREW.STEP,fastener,screw-M2,,False,False,0,False,False,False,False,,False,,-116.3878,-9.8907,-10.2461,1 0 0 0 1 0 0 0 1,1 0 0 -116.388 0 1 0 -9.89067 0 0 1 -10.2461 0 0 0 1,-1.9 -1.9 -10.0041 1.9 1.9 2.5e-05,3.80 x 3.80 x 10.00,-116.3878,-9.8907,-15.2482,-116.3878,10.2461,-9.8907,1 0 0 0 1 0 0 0 1,-116.3878,15.2482,-9.8907,-118.288 10.2461 -11.7907 -114.488 20.2503 -7.99067
921,,1,Robotic Hand_V5/m2x10_assemb-7,m2x10_assemb-7,2424,m2x10_assemb,m2x10_assemb.SLDASM,,printed/structural,sub-assembly,,False,True,5,False,False,False,False,Yes,False,,-138.6897,-9.5160,-11.3847,1 0 0 0 1 0 0 0 1,1 0 0 -138.69 0 1 0 -9.51599 0 0 1 -11.3847 0 0 0 1,-5.77312 -3.62228 -9.11139 0.976884 2.87291 1.63861,6.75 x 6.50 x 10.75,-141.0878,-9.8907,-15.1211,-138.6897,11.3847,-9.5160,1 0 0 0 1 0 0 0 1,-141.0878,15.1211,-9.8907,-144.463 9.74614 -13.1383 -137.713 20.4961 -6.64308
922,921,2,Robotic Hand_V5/m2x10_assemb-7/M2 x 0.4mm Thread HEX NUT.step-1,M2 x 0.4mm Thread HEX NUT.step-1,25,M2 x 0.4mm Thread HEX NUT.step,M2 x 0.4mm Thread HEX NUT.step.SLDPRT,M2 x 0.4mm Thread HEX NUT.STEP,fastener,nut-M2,,False,False,0,False,False,False,False,,False,,-141.0878,-9.8907,-11.2015,0.5 -0.866025 0 0.866025 0.5 0 0 0 1,0.5 -0.866025 0 -141.088 0.866025 0.5 0 -9.89067 0 0 1 -11.2015 0 0 0 1,-2.3119 -2.31373 -0.804328 2.3119 2.31373 0.804602,4.62 x 4.63 x 1.61,-141.0878,-9.8907,-11.2013,-141.0878,11.2015,-9.8907,0.5 0 -0.866025 0 1 0 0.866025 0 0.5,-141.0878,11.2013,-9.8907,-144.248 10.3969 -13.0497 -137.928 12.0058 -6.73164
923,921,2,Robotic Hand_V5/m2x10_assemb-7/m2_nut_cav-1,m2_nut_cav-1,53,m2_nut_cav,m2_nut_cav.SLDPRT,,cut-tool (not a physical part),cut-tool,,False,False,0,False,False,False,False,,False,,-141.0878,-9.8907,-10.1515,0.866025 0 0.5 -0.5 0 0.866025 0 -1 0,0.866025 0 0.5 -141.088 -0.5 0 0.866025 -9.89067 0 -1 0 -10.1515 0 0 0 1,-2.59808 0 -2.25 2.59808 2.1 2.25,5.20 x 2.10 x 4.50,-141.0878,-9.8907,-11.2015,-141.0878,10.1515,-9.8907,0.866025 -0.5 0 -0 0 1 -0.5 -0.866025 0,-141.0878,11.2015,-9.8907,-144.463 10.1515 -13.1383 -137.713 12.2515 -6.64308
924,921,2,Robotic Hand_V5/m2x10_assemb-7/m2_screwhead_cav-1,m2_screwhead_cav-1,57,m2_screwhead_cav,m2_screwhead_cav.SLDPRT,,cut-tool (not a physical part),cut-tool,,False,False,0,False,False,False,False,,False,,-141.0878,-9.8907,-20.4961,1 0 0 0 0 -1 0 1 0,1 0 0 -141.088 0 0 -1 -9.89067 0 1 0 -20.4961 0 0 0 1,-2.15 0 -2.15 2.15 2.5 2.15,4.30 x 2.50 x 4.30,-141.0878,-9.8907,-19.2461,-141.0878,20.4961,-9.8907,1 0 0 0 0 -1 0 1 0,-141.0878,19.2461,-9.8907,-143.238 17.9961 -12.0407 -138.938 20.4961 -7.74067
925,921,2,Robotic Hand_V5/m2x10_assemb-7/m2_hole_cav-1,m2_hole_cav-1,60,m2_hole_cav,m2_hole_cav.SLDPRT,,cut-tool (not a physical part),cut-tool,,False,False,0,False,False,False,False,,False,,-141.0878,-9.8907,-20.2461,1 0 0 0 0 -1 0 1 0,1 0 0 -141.088 0 0 -1 -9.89067 0 1 0 -20.2461 0 0 0 1,-1.25 0 -1.25 1.25 10.5 1.25,2.50 x 10.50 x 2.50,-141.0878,-9.8907,-14.9961,-141.0878,20.2461,-9.8907,1 0 0 0 0 -1 0 1 0,-141.0878,14.9961,-9.8907,-142.338 9.74614 -11.1407 -139.838 20.2461 -8.64067
926,921,2,Robotic Hand_V5/m2x10_assemb-7/M2 x 0.4mm Thread 8mm LONG SOCKET HEAD CAP SCREW.step-1,M2 x 0.4mm Thread 8mm LONG SOCKET HEAD CAP SCREW.step-1,66,M2 x 0.4mm Thread 8mm LONG SOCKET HEAD CAP SCREW.step,M2 x 0.4mm Thread 8mm LONG SOCKET HEAD CAP SCREW.step.SLDPRT,M2 x 0.4mm Thread 8mm LONG SOCKET HEAD CAP SCREW.STEP,fastener,screw-M2,,False,False,0,False,False,False,False,,False,,-141.0878,-9.8907,-10.2461,1 0 0 0 1 0 0 0 1,1 0 0 -141.088 0 1 0 -9.89067 0 0 1 -10.2461 0 0 0 1,-1.9 -1.9 -10.0041 1.9 1.9 2.5e-05,3.80 x 3.80 x 10.00,-141.0878,-9.8907,-15.2482,-141.0878,10.2461,-9.8907,1 0 0 0 1 0 0 0 1,-141.0878,15.2482,-9.8907,-142.988 10.2461 -11.7907 -139.188 20.2503 -7.99067
927,,1,Robotic Hand_V5/m1_screw_assemb-1,m1_screw_assemb-1,2471,m1_screw_assemb,m1_screw_assemb.SLDASM,,fastener,sub-assembly,,False,True,4,False,False,False,False,Yes,False,,-176.5777,-46.7866,-8.4595,0.00504 0.130429 -0.991445 0.999254 -0.038615 0 -0.038284 -0.990705 -0.130526,0.00504 0.130429 -0.991445 -176.578 0.999254 -0.038615 0 -46.7866 -0.038284 -0.990705 -0.130526 -8.45947 0 0 0 1,-2.6382 -1.54595 -7.47037 1.61616 2.7084 8.52964,4.25 x 4.25 x 16.00,-177.0295,-47.3196,-9.0849,-176.5777,8.4595,-46.7866,0.00504 0.991445 0.130429 0.038284 -0.130526 0.990705 0.999254 -0 -0.038615,-177.0295,9.0849,-47.3196,-185.249 5.85182 -49.5274 -168.81 12.3179 -45.1119
928,927,2,Robotic Hand_V5/m1_screw_assemb-1/TR Fastenings Ltd-M1_6X3mm-1,TR Fastenings Ltd-M1_6X3mm-1,28,TR Fastenings Ltd-M1_6X3mm,TR Fastenings Ltd-M1_6X3mm.sldprt,,fastener,screw-M1.6,,False,False,0,False,False,False,False,,False,,-178.5663,-47.3196,-9.2872,0.00504 0.130429 -0.991445 0.999254 -0.038615 0 -0.038284 -0.990705 -0.130526,0.00504 0.130429 -0.991445 -178.566 0.999254 -0.038615 0 -47.3196 -0.038284 -0.990705 -0.130526 -9.28718 0 0 0 1,-1.66762 -1.66762 -4.3 1.66762 1.66762 0.000498,3.34 x 3.34 x 4.30,-176.4349,-47.3196,-9.0066,-178.5663,9.2872,-47.3196,0.00504 0.991445 0.130429 0.038284 -0.130526 0.990705 0.999254 -0 -0.038615,-176.4349,9.0066,-47.3196,-178.793 7.00996 -49.0504 -174.077 11.0032 -45.5889
929,927,2,Robotic Hand_V5/m1_screw_assemb-1/m1.6 Nut .35mm pitch-1,m1.6 Nut .35mm pitch-1,29,m1.6 Nut .35mm pitch,m1.6 Nut .35mm pitch.SLDPRT,,fastener,nut-M1.6,,False,False,0,False,False,False,False,,False,,-173.3075,-47.3196,-8.5949,-0.007742 0.991445 0.130296 0.998239 -0 0.059316 0.058808 0.130526 -0.989699,-0.007742 0.991445 0.130296 -173.308 0.998239 -0 0.059316 -47.3196 0.058808 0.130526 -0.989699 -8.59486 0 0 0 1,-1.60367 -0.117477 -1.84751 1.60367 1.305 1.84751,3.21 x 1.42 x 3.70,-172.7188,-47.3196,-8.5174,-173.3075,8.5949,-47.3196,-0.007742 -0.130296 0.991445 -0.058808 -0.989699 -0.130526 0.998239 -0.059316 -0,-172.7188,8.5174,-47.3196,-173.677 6.50174 -49.0301 -171.761 10.533 -45.6092
930,927,2,Robotic Hand_V5/m1_screw_assemb-1/m1_head_cav-1,m1_head_cav-1,44,m1_head_cav,m1_head_cav.SLDPRT,,cut-tool (not a physical part),cut-tool,,False,False,0,False,False,True,True,,False,,-177.0295,-47.3196,-9.0849,0.019938 -0.991445 -0.128994 0.988264 0 0.152754 -0.151447 -0.130526 0.97981,0.019938 -0.991445 -0.128994 -177.03 0.988264 0 0.152754 -47.3196 -0.151447 -0.130526 0.97981 -9.08487 0 0 0 1,-1.92 0 -1.92 1.92 8 1.92,3.84 x 8.00 x 3.84,-180.9953,-47.3196,-9.6070,-177.0295,9.0849,-47.3196,0.019938 0.128994 -0.991445 0.151447 0.97981 0.130526 0.988264 -0.152754 0,-180.9953,9.6070,-47.3196,-185.247 6.91286 -49.5104 -176.744 12.3011 -45.1289
931,927,2,Robotic Hand_V5/m1_screw_assemb-1/m1_hole_cav-1,m1_hole_cav-1,53,m1_hole_cav,m1_hole_cav.SLDPRT,,cut-tool (not a physical part),cut-tool,,False,False,0,False,False,False,False,,False,,-169.0980,-47.3196,-8.0407,0.00504 -0.991445 -0.130429 0.999254 0 0.038615 -0.038284 -0.130526 0.990705,0.00504 -0.991445 -0.130429 -169.098 0.999254 0 0.038615 -47.3196 -0.038284 -0.130526 0.990705 -8.04066 0 0 0 1,-1.05 0 -1.05 1.05 8 1.05,2.10 x 8.00 x 2.10,-173.0637,-47.3196,-8.5628,-169.0980,8.0407,-47.3196,0.00504 0.130429 -0.991445 0.038284 0.990705 0.130526 0.999254 -0.038615 0,-173.0637,8.5628,-47.3196,-177.172 6.96022 -48.4094 -168.956 10.1653 -46.2299
932,,1,Robotic Hand_V5/m1_hole_cav-2,m1_hole_cav-2,2485,m1_hole_cav,m1_hole_cav.SLDPRT,,cut-tool (not a physical part),cut-tool,,False,False,0,False,False,False,False,Yes,False,,-186.0306,-28.3347,46.9140,0.055889 -0.991445 0.117955 -0.903692 0 0.428183 -0.42452 -0.130526 -0.895961,0.055889 -0.991445 0.117955 -186.031 -0.903692 0 0.428183 -28.3347 -0.42452 -0.130526 -0.895961 46.914 0 0 0 1,-1.05 0 -1.05 1.05 8 1.05,2.10 x 8.00 x 2.10,-189.9964,-28.3347,46.3919,-186.0306,-46.9140,-28.3347,0.055889 -0.117955 -0.991445 0.42452 -0.895961 0.130526 -0.903692 -0.428183 0,-189.9964,-46.3919,-28.3347,-194.145 -48.3005 -29.7332 -185.848 -44.4833 -26.9362
933,,1,Robotic Hand_V5/m1.6 Nut .35mm pitch-3,m1.6 Nut .35mm pitch-3,2487,m1.6 Nut .35mm pitch,m1.6 Nut .35mm pitch.SLDPRT,,fastener,nut-M1.6,,False,False,0,False,False,False,False,Yes,False,,-190.0016,-28.3347,46.3912,-0.117913 0.991445 -0.055979 -0.428872 -0 0.903365 0.895637 0.130526 0.425203,-0.117913 0.991445 -0.055979 -190.002 -0.428872 -0 0.903365 -28.3347 0.895637 0.130526 0.425203 46.3912 0 0 0 1,-1.60367 -0.117477 -1.84751 1.60367 1.305 1.84751,3.21 x 1.42 x 3.70,-189.4129,-28.3347,46.4687,-190.0016,-46.3912,-28.3347,-0.117913 0.055979 0.991445 -0.895637 0.425203 -0.130526 -0.428872 -0.903365 -0,-189.4129,-46.4687,-28.3347,-190.411 -48.7834 -30.6915 -188.415 -44.154 -25.978
934,,1,Robotic Hand_V5/TR Fastenings Ltd-M1_6X3mm-3,TR Fastenings Ltd-M1_6X3mm-3,2488,TR Fastenings Ltd-M1_6X3mm,TR Fastenings Ltd-M1_6X3mm.sldprt,,fastener,screw-M1.6,,False,False,0,False,False,False,False,Yes,False,,-195.2562,-28.3347,45.6994,-0.126918 -0.030478 -0.991445 -0.233502 0.972356 0 0.964038 0.231505 -0.130526,-0.126918 -0.030478 -0.991445 -195.256 -0.233502 0.972356 0 -28.3347 0.964038 0.231505 -0.130526 45.6994 0 0 0 1,-1.66762 -1.66762 -4.3 1.66762 1.66762 0.000498,3.34 x 3.34 x 4.30,-193.1249,-28.3347,45.9800,-195.2562,-45.6994,-28.3347,-0.126918 0.991445 -0.030478 -0.964038 -0.130526 -0.231505 -0.233502 -0 0.972356,-193.1249,-45.9800,-28.3347,-195.519 -48.2544 -30.3456 -190.731 -43.7057 -26.3238
935,,1,Robotic Hand_V5/m1_hole_cav-3,m1_hole_cav-3,2498,m1_hole_cav,m1_hole_cav.SLDPRT,,cut-tool (not a physical part),cut-tool,,False,False,0,False,False,False,False,Yes,False,,-171.5336,-55.8573,10.4598,-0.130034 -0.991445 0.01132 -0.086725 0 -0.996232 0.987709 -0.130526 -0.085983,-0.130034 -0.991445 0.01132 -171.534 -0.086725 0 -0.996232 -55.8573 0.987709 -0.130526 -0.085983 10.4598 0 0 0 1,-1.05 0 -1.05 1.05 8 1.05,2.10 x 8.00 x 2.10,-175.4994,-55.8573,9.9377,-171.5336,-10.4598,-55.8573,-0.130034 -0.01132 -0.991445 -0.987709 -0.085983 0.130526 -0.086725 0.996232 0,-175.4994,-9.9377,-55.8573,-179.614 -11.5872 -56.9945 -171.385 -8.28822 -54.7202
936,,1,Robotic Hand_V5/m1_head_cav-3,m1_head_cav-3,2499,m1_head_cav,m1_head_cav.SLDPRT,,cut-tool (not a physical part),cut-tool,,False,False,0,False,False,True,True,No,False,,-179.4652,-55.8573,9.4156,-0.130475 -0.991445 -0.003641 0.027892 0 -0.999611 0.991059 -0.130526 0.027653,-0.130475 -0.991445 -0.003641 -179.465 0.027892 0 -0.999611 -55.8573 0.991059 -0.130526 0.027653 9.41559 0 0 0 1,-1.92 0 -1.92 1.92 8 1.92,3.84 x 8.00 x 3.84,-183.4309,-55.8573,8.8935,-179.4652,-9.4156,-55.8573,-0.130475 0.003641 -0.991445 -0.991059 0.027653 0.130526 0.027892 0.999611 0,-183.4309,-8.8935,-55.8573,-187.654 -11.3715 -57.8302 -179.208 -6.41546 -53.8845
937,,1,Robotic Hand_V5/m1.6 Nut .35mm pitch-4,m1.6 Nut .35mm pitch-4,2500,m1.6 Nut .35mm pitch,m1.6 Nut .35mm pitch.SLDPRT,,fastener,nut-M1.6,,False,False,0,False,False,False,False,Yes,False,,-175.7432,-55.8573,9.9056,-0.129426 0.991445 0.016914 0.129585 -0 0.991568 0.983085 0.130526 -0.128476,-0.129426 0.991445 0.016914 -175.743 0.129585 -0 0.991568 -55.8573 0.983085 0.130526 -0.128476 9.90561 0 0 0 1,-1.60367 -0.117477 -1.84751 1.60367 1.305 1.84751,3.21 x 1.42 x 3.70,-175.1545,-55.8573,9.9831,-175.7432,-9.9056,-55.8573,-0.129426 -0.016914 0.991445 -0.983085 -0.128476 -0.130526 0.129585 -0.991568 -0,-175.1545,-9.9831,-55.8573,-176.098 -11.8898 -57.8971 -174.211 -8.07637 -53.8176
938,,1,Robotic Hand_V5/TR Fastenings Ltd-M1_6X3mm-4,TR Fastenings Ltd-M1_6X3mm-4,2501,TR Fastenings Ltd-M1_6X3mm,TR Fastenings Ltd-M1_6X3mm.sldprt,,fastener,screw-M1.6,,False,False,0,False,False,False,False,Yes,False,,-181.0019,-55.8573,9.2133,-0.105409 0.07698 -0.991445 0.58977 0.807571 0 0.800663 -0.584724 -0.130526,-0.105409 0.07698 -0.991445 -181.002 0.58977 0.807571 0 -55.8573 0.800663 -0.584724 -0.130526 9.21328 0 0 0 1,-1.66762 -1.66762 -4.3 1.66762 1.66762 0.000498,3.34 x 3.34 x 4.30,-178.8705,-55.8573,9.4939,-181.0019,-9.2133,-55.8573,-0.105409 0.991445 0.07698 -0.800663 -0.130526 0.584724 0.58977 -0 0.807571,-178.8705,-9.4939,-55.8573,-181.307 -12.0848 -58.1876 -176.435 -6.90292 -53.5271
939,,1,Robotic Hand_V5/cover_back-1,cover_back-1,2533,cover_back,cover_back.SLDPRT,,printed/structural,printed,,False,False,0,False,False,False,False,Yes,False,,-190.0057,-3.4155,62.6645,0.130526 -0 -0.991445 -0 -1 0 -0.991445 0 -0.130526,0.130526 -0 -0.991445 -190.006 -0 -1 0 -3.41551 -0.991445 0 -0.130526 62.6645 0 0 0 1,-5.97384 -2.5e-05 -0.544319 84.504 56.7499 5.70395,90.48 x 56.75 x 6.25,-187.4383,-31.7904,23.3986,-190.0057,-62.6645,-3.4155,0.130526 0.991445 -0 0.991445 -0.130526 -0 -0 -0 -1,-187.4383,-23.3986,-31.7904,-196.441 -68.6583 -60.1654 -178.436 21.861 -3.41548
940,,1,Robotic Hand_V5/m1_screw_assemb-2,m1_screw_assemb-2,2547,m1_screw_assemb,m1_screw_assemb.SLDASM,,fastener,sub-assembly,,False,True,4,False,False,False,False,No,False,,-186.5054,-9.7857,-4.8374,0.128835 0.020943 -0.991445 0.16045 -0.987044 0 -0.9786 -0.159078 -0.130526,0.128835 0.020943 -0.991445 -186.505 0.16045 -0.987044 0 -9.78571 -0.9786 -0.159078 -0.130526 -4.83739 0 0 0 1,-2.6382 -1.54595 -7.47037 1.61616 2.7084 8.52964,4.25 x 4.25 x 16.00,-187.0841,-10.4414,-4.4989,-186.5054,4.8374,-9.7857,0.128835 0.991445 0.020943 0.9786 -0.130526 0.159078 0.16045 -0 -0.987044,-187.0841,4.4989,-10.4414,-195.334 1.03465 -12.8823 -178.834 7.96315 -8.00048
941,940,2,Robotic Hand_V5/m1_screw_assemb-2/TR Fastenings Ltd-M1_6X3mm-1,TR Fastenings Ltd-M1_6X3mm-1,28,TR Fastenings Ltd-M1_6X3mm,TR Fastenings Ltd-M1_6X3mm.sldprt,,fastener,screw-M1.6,,False,False,0,False,False,False,False,,False,,-188.6209,-10.4414,-4.7012,0.128835 0.020943 -0.991445 0.16045 -0.987044 0 -0.9786 -0.159078 -0.130526,0.128835 0.020943 -0.991445 -188.621 0.16045 -0.987044 0 -10.4414 -0.9786 -0.159078 -0.130526 -4.70122 0 0 0 1,-1.66762 -1.66762 -4.3 1.66762 1.66762 0.000498,3.34 x 3.34 x 4.30,-186.4895,-10.4414,-4.4206,-188.6209,4.7012,-10.4414,0.128835 0.991445 0.020943 0.9786 -0.130526 0.159078 0.16045 -0 -0.987044,-186.4895,4.4206,-10.4414,-188.871 2.24274 -12.355 -184.108 6.59849 -8.52782
942,940,2,Robotic Hand_V5/m1_screw_assemb-2/m1.6 Nut .35mm pitch-1,m1.6 Nut .35mm pitch-1,29,m1.6 Nut .35mm pitch,m1.6 Nut .35mm pitch.SLDPRT,,fastener,nut-M1.6,,False,False,0,False,False,False,False,,False,,-183.3621,-10.4414,-4.0089,0.126169 0.991445 0.033445 0.256232 -0 -0.966615 -0.958346 0.130526 -0.25404,0.126169 0.991445 0.033445 -183.362 0.256232 -0 -0.966615 -10.4414 -0.958346 0.130526 -0.25404 -4.00889 0 0 0 1,-1.60367 -0.117477 -1.84751 1.60367 1.305 1.84751,3.21 x 1.42 x 3.70,-182.7734,-10.4414,-3.9314,-183.3621,4.0089,-10.4414,0.126169 -0.033445 0.991445 0.958346 -0.25404 -0.130526 0.256232 0.966615 -0,-182.7734,3.9314,-10.4414,-183.743 1.83234 -12.6381 -181.804 6.03043 -8.24466
943,940,2,Robotic Hand_V5/m1_screw_assemb-2/m1_head_cav-1,m1_head_cav-1,44,m1_head_cav,m1_head_cav.SLDPRT,,cut-tool (not a physical part),cut-tool,,False,False,0,False,False,True,True,,False,,-187.0841,-10.4414,-4.4989,0.130386 -0.991445 -0.006056 0.0464 0 0.998923 -0.990377 -0.130526 0.046003,0.130386 -0.991445 -0.006056 -187.084 0.0464 0 0.998923 -10.4414 -0.990377 -0.130526 0.046003 -4.4989 0 0 0 1,-1.92 0 -1.92 1.92 8 1.92,3.84 x 8.00 x 3.84,-191.0499,-10.4414,-5.0210,-187.0841,4.4989,-10.4414,0.130386 0.006056 -0.991445 0.990377 0.046003 0.130526 0.0464 -0.998923 0,-191.0499,5.0210,-10.4414,-195.278 2.50905 -12.4484 -186.822 7.53296 -8.43438
944,940,2,Robotic Hand_V5/m1_screw_assemb-2/m1_hole_cav-1,m1_hole_cav-1,53,m1_hole_cav,m1_hole_cav.SLDPRT,,cut-tool (not a physical part),cut-tool,,False,False,0,False,False,False,False,,False,,-179.1526,-10.4414,-3.4547,0.128835 -0.991445 -0.020943 0.16045 0 0.987044 -0.9786 -0.130526 0.159078,0.128835 -0.991445 -0.020943 -179.153 0.16045 0 0.987044 -10.4414 -0.9786 -0.130526 0.159078 -3.45469 0 0 0 1,-1.05 0 -1.05 1.05 8 1.05,2.10 x 8.00 x 2.10,-183.1184,-10.4414,-3.9768,-179.1526,3.4547,-10.4414,0.128835 0.020943 -0.991445 0.9786 0.159078 0.130526 0.16045 -0.987044 0,-183.1184,3.9768,-10.4414,-187.241 2.26013 -11.6463 -178.995 5.69346 -9.23653
945,,1,Robotic Hand_V5/m1_screw_assemb-4,m1_screw_assemb-4,2549,m1_screw_assemb,m1_screw_assemb.SLDASM,,fastener,sub-assembly,,False,True,4,False,False,False,False,No,False,,-185.1962,-46.1454,57.0048,0.00504 0.130429 -0.991445 0.999254 -0.038615 0 -0.038284 -0.990705 -0.130526,0.00504 0.130429 -0.991445 -185.196 0.999254 -0.038615 0 -46.1454 -0.038284 -0.990705 -0.130526 57.0048 0 0 0 1,-2.6382 -1.54595 -7.47037 1.61616 2.7084 8.52964,4.25 x 4.25 x 16.00,-185.6481,-46.6785,56.3794,-185.1962,-57.0048,-46.1454,0.00504 0.991445 0.130429 0.038284 -0.130526 0.990705 0.999254 -0 -0.038615,-185.6481,-56.3794,-46.6785,-193.868 -59.6125 -48.8862 -177.428 -53.1464 -44.4708
946,945,2,Robotic Hand_V5/m1_screw_assemb-4/TR Fastenings Ltd-M1_6X3mm-1,TR Fastenings Ltd-M1_6X3mm-1,28,TR Fastenings Ltd-M1_6X3mm,TR Fastenings Ltd-M1_6X3mm.sldprt,,fastener,screw-M1.6,,False,False,0,False,False,False,False,,False,,-187.1848,-46.6785,56.1771,0.00504 0.130429 -0.991445 0.999254 -0.038615 0 -0.038284 -0.990705 -0.130526,0.00504 0.130429 -0.991445 -187.185 0.999254 -0.038615 0 -46.6785 -0.038284 -0.990705 -0.130526 56.1771 0 0 0 1,-1.66762 -1.66762 -4.3 1.66762 1.66762 0.000498,3.34 x 3.34 x 4.30,-185.0534,-46.6785,56.4577,-187.1848,-56.1771,-46.6785,0.00504 0.991445 0.130429 0.038284 -0.130526 0.990705 0.999254 -0 -0.038615,-185.0534,-56.4577,-46.6785,-187.411 -58.4543 -48.4093 -182.696 -54.4611 -44.9477
947,945,2,Robotic Hand_V5/m1_screw_assemb-4/m1.6 Nut .35mm pitch-1,m1.6 Nut .35mm pitch-1,29,m1.6 Nut .35mm pitch,m1.6 Nut .35mm pitch.SLDPRT,,fastener,nut-M1.6,,False,False,0,False,False,False,False,,False,,-181.9261,-46.6785,56.8694,-0.007742 0.991445 0.130296 0.998239 -0 0.059316 0.058808 0.130526 -0.989699,-0.007742 0.991445 0.130296 -181.926 0.998239 -0 0.059316 -46.6785 0.058808 0.130526 -0.989699 56.8694 0 0 0 1,-1.60367 -0.117477 -1.84751 1.60367 1.305 1.84751,3.21 x 1.42 x 3.70,-181.3374,-46.6785,56.9469,-181.9261,-56.8694,-46.6785,-0.007742 -0.130296 0.991445 -0.058808 -0.989699 -0.130526 0.998239 -0.059316 -0,-181.3374,-56.9469,-46.6785,-182.296 -58.9626 -48.3889 -180.379 -54.9313 -44.9681
948,945,2,Robotic Hand_V5/m1_screw_assemb-4/m1_head_cav-1,m1_head_cav-1,44,m1_head_cav,m1_head_cav.SLDPRT,,cut-tool (not a physical part),cut-tool,,False,False,0,False,False,True,True,,False,,-185.6481,-46.6785,56.3794,0.019938 -0.991445 -0.128994 0.988264 0 0.152754 -0.151447 -0.130526 0.97981,0.019938 -0.991445 -0.128994 -185.648 0.988264 0 0.152754 -46.6785 -0.151447 -0.130526 0.97981 56.3794 0 0 0 1,-1.92 0 -1.92 1.92 8 1.92,3.84 x 8.00 x 3.84,-189.6138,-46.6785,55.8573,-185.6481,-56.3794,-46.6785,0.019938 0.128994 -0.991445 0.151447 0.97981 0.130526 0.988264 -0.152754 0,-189.6138,-55.8573,-46.6785,-193.866 -58.5514 -48.8692 -185.362 -53.1632 -44.4877
949,945,2,Robotic Hand_V5/m1_screw_assemb-4/m1_hole_cav-1,m1_hole_cav-1,53,m1_hole_cav,m1_hole_cav.SLDPRT,,cut-tool (not a physical part),cut-tool,,False,False,0,False,False,False,False,,False,,-177.7165,-46.6785,57.4236,0.00504 -0.991445 -0.130429 0.999254 0 0.038615 -0.038284 -0.130526 0.990705,0.00504 -0.991445 -0.130429 -177.717 0.999254 0 0.038615 -46.6785 -0.038284 -0.130526 0.990705 57.4236 0 0 0 1,-1.05 0 -1.05 1.05 8 1.05,2.10 x 8.00 x 2.10,-181.6823,-46.6785,56.9015,-177.7165,-57.4236,-46.6785,0.00504 0.130429 -0.991445 0.038284 0.990705 0.130526 0.999254 -0.038615 0,-181.6823,-56.9015,-46.6785,-185.79 -58.5041 -47.7683 -177.574 -55.299 -45.5887
950,,1,Robotic Hand_V5/m1_screw_assemb-5,m1_screw_assemb-5,2550,m1_screw_assemb,m1_screw_assemb.SLDASM,,fastener,sub-assembly,,False,True,4,False,False,False,False,No,False,,-182.2412,-56.3510,34.5597,0.00504 0.130429 -0.991445 0.999254 -0.038615 0 -0.038284 -0.990705 -0.130526,0.00504 0.130429 -0.991445 -182.241 0.999254 -0.038615 0 -56.351 -0.038284 -0.990705 -0.130526 34.5597 0 0 0 1,-2.6382 -1.54595 -7.47037 1.61616 2.7084 8.52964,4.25 x 4.25 x 16.00,-182.6931,-56.8841,33.9343,-182.2412,-34.5597,-56.3510,0.00504 0.991445 0.130429 0.038284 -0.130526 0.990705 0.999254 -0 -0.038615,-182.6931,-33.9343,-56.8841,-190.913 -37.1674 -59.0918 -174.473 -30.7013 -54.6764
951,950,2,Robotic Hand_V5/m1_screw_assemb-5/TR Fastenings Ltd-M1_6X3mm-1,TR Fastenings Ltd-M1_6X3mm-1,28,TR Fastenings Ltd-M1_6X3mm,TR Fastenings Ltd-M1_6X3mm.sldprt,,fastener,screw-M1.6,,False,False,0,False,False,False,False,,False,,-184.2299,-56.8841,33.7320,0.00504 0.130429 -0.991445 0.999254 -0.038615 0 -0.038284 -0.990705 -0.130526,0.00504 0.130429 -0.991445 -184.23 0.999254 -0.038615 0 -56.8841 -0.038284 -0.990705 -0.130526 33.732 0 0 0 1,-1.66762 -1.66762 -4.3 1.66762 1.66762 0.000498,3.34 x 3.34 x 4.30,-182.0985,-56.8841,34.0126,-184.2299,-33.7320,-56.8841,0.00504 0.991445 0.130429 0.038284 -0.130526 0.990705 0.999254 -0 -0.038615,-182.0985,-34.0126,-56.8841,-184.456 -36.0092 -58.6149 -179.741 -32.016 -55.1533
952,950,2,Robotic Hand_V5/m1_screw_assemb-5/m1.6 Nut .35mm pitch-1,m1.6 Nut .35mm pitch-1,29,m1.6 Nut .35mm pitch,m1.6 Nut .35mm pitch.SLDPRT,,fastener,nut-M1.6,,False,False,0,False,False,False,False,,False,,-178.9711,-56.8841,34.4243,-0.007742 0.991445 0.130296 0.998239 -0 0.059316 0.058808 0.130526 -0.989699,-0.007742 0.991445 0.130296 -178.971 0.998239 -0 0.059316 -56.8841 0.058808 0.130526 -0.989699 34.4243 0 0 0 1,-1.60367 -0.117477 -1.84751 1.60367 1.305 1.84751,3.21 x 1.42 x 3.70,-178.3824,-56.8841,34.5018,-178.9711,-34.4243,-56.8841,-0.007742 -0.130296 0.991445 -0.058808 -0.989699 -0.130526 0.998239 -0.059316 -0,-178.3824,-34.5018,-56.8841,-179.341 -36.5175 -58.5945 -177.424 -32.4862 -55.1737
953,950,2,Robotic Hand_V5/m1_screw_assemb-5/m1_head_cav-1,m1_head_cav-1,44,m1_head_cav,m1_head_cav.SLDPRT,,cut-tool (not a physical part),cut-tool,,False,False,0,False,False,True,True,,False,,-182.6931,-56.8841,33.9343,0.019938 -0.991445 -0.128994 0.988264 0 0.152754 -0.151447 -0.130526 0.97981,0.019938 -0.991445 -0.128994 -182.693 0.988264 0 0.152754 -56.8841 -0.151447 -0.130526 0.97981 33.9343 0 0 0 1,-1.92 0 -1.92 1.92 8 1.92,3.84 x 8.00 x 3.84,-186.6589,-56.8841,33.4122,-182.6931,-33.9343,-56.8841,0.019938 0.128994 -0.991445 0.151447 0.97981 0.130526 0.988264 -0.152754 0,-186.6589,-33.4122,-56.8841,-190.911 -36.1063 -59.0749 -182.407 -30.7181 -54.6933
954,950,2,Robotic Hand_V5/m1_screw_assemb-5/m1_hole_cav-1,m1_hole_cav-1,53,m1_hole_cav,m1_hole_cav.SLDPRT,,cut-tool (not a physical part),cut-tool,,False,False,0,False,False,False,False,,False,,-174.7616,-56.8841,34.9785,0.00504 -0.991445 -0.130429 0.999254 0 0.038615 -0.038284 -0.130526 0.990705,0.00504 -0.991445 -0.130429 -174.762 0.999254 0 0.038615 -56.8841 -0.038284 -0.130526 0.990705 34.9785 0 0 0 1,-1.05 0 -1.05 1.05 8 1.05,2.10 x 8.00 x 2.10,-178.7273,-56.8841,34.4564,-174.7616,-34.9785,-56.8841,0.00504 0.130429 -0.991445 0.038284 0.990705 0.130526 0.999254 -0.038615 0,-178.7273,-34.4564,-56.8841,-182.835 -36.059 -57.9739 -174.619 -32.8539 -55.7943
955,,1,Robotic Hand_V5/m1_nut_cav-1,m1_nut_cav-1,2559,m1_nut_cav,m1_nut_cav.SLDPRT,,cut-tool (not a physical part),cut-tool,,False,False,0,False,False,False,False,Yes,False,,-182.1739,-46.6785,56.8368,-0.121272 0.991445 -0.048273 -0.369832 -0 0.929099 0.92115 0.130526 0.366668,-0.121272 0.991445 -0.048273 -182.174 -0.369832 -0 0.929099 -46.6785 0.92115 0.130526 0.366668 56.8368 0 0 0 1,-2.02541 0 -2.09356 2.02541 1.8 2.09356,4.05 x 1.80 x 4.19,-181.2816,-46.6785,56.9543,-182.1739,-56.8368,-46.6785,-0.121272 0.048273 0.991445 -0.92115 0.366668 -0.130526 -0.369832 -0.929099 -0,-181.2816,-56.9543,-46.6785,-182.521 -59.7051 -49.3727 -180.043 -54.2035 -43.9843
956,,1,Robotic Hand_V5/m1_nut_cav-2,m1_nut_cav-2,2560,m1_nut_cav,m1_nut_cav.SLDPRT,,cut-tool (not a physical part),cut-tool,,False,False,0,False,False,False,False,Yes,False,,-179.2190,-56.8841,34.3917,-0.121272 0.991445 -0.048273 -0.369832 -0 0.929099 0.92115 0.130526 0.366668,-0.121272 0.991445 -0.048273 -179.219 -0.369832 -0 0.929099 -56.8841 0.92115 0.130526 0.366668 34.3917 0 0 0 1,-2.02541 0 -2.09356 2.02541 1.8 2.09356,4.05 x 1.80 x 4.19,-178.3267,-56.8841,34.5092,-179.2190,-34.3917,-56.8841,-0.121272 0.048273 0.991445 -0.92115 0.366668 -0.130526 -0.369832 -0.929099 -0,-178.3267,-34.5092,-56.8841,-179.566 -37.26 -59.5783 -177.088 -31.7584 -54.1899
957,,1,Robotic Hand_V5/m1_nut_cav-3,m1_nut_cav-3,2561,m1_nut_cav,m1_nut_cav.SLDPRT,,cut-tool (not a physical part),cut-tool,,False,False,0,False,False,False,False,Yes,False,,-183.6100,-10.4414,-4.0415,-0.071378 0.991445 0.10928 0.83723 -0 0.546851 0.542173 0.130526 -0.830067,-0.071378 0.991445 0.10928 -183.61 0.83723 -0 0.546851 -10.4414 0.542173 0.130526 -0.830067 -4.04152 0 0 0 1,-2.02541 0 -2.09356 2.02541 1.8 2.09356,4.05 x 1.80 x 4.19,-182.7177,-10.4414,-3.9240,-183.6100,4.0415,-10.4414,-0.071378 -0.10928 0.991445 -0.542173 -0.830067 -0.130526 0.83723 -0.546851 -0,-182.7177,3.9240,-10.4414,-183.983 0.970655 -13.282 -181.452 6.87744 -7.6008
958,,1,Robotic Hand_V5/usb_cav-1,usb_cav-1,2581,usb_cav,usb_cav.SLDPRT,,cut-tool (not a physical part),cut-tool,,False,False,0,False,False,True,True,No,False,,-182.7817,-21.3494,-6.7640,0.130526 0.000119 0.991445 -0.000911 1 -0 -0.991444 -0.000903 0.130526,0.130526 0.000119 0.991445 -182.782 -0.000911 1 -0 -21.3494 -0.991444 -0.000903 0.130526 -6.76401 0 0 0 1,0 -4.1 -2.1 10.5 4.1 2.1,10.50 x 8.20 x 4.20,-182.0964,-21.3542,-11.9691,-182.7817,6.7640,-21.3494,0.130526 -0.991445 0.000119 0.991444 0.130526 0.000903 -0.000911 0 1,-182.0964,11.9691,-21.3542,-184.864 6.4862 -25.4589 -179.329 17.452 -17.2494
959,,1,Robotic Hand_V5/m2_hole_cav-1,m2_hole_cav-1,2586,m2_hole_cav,m2_hole_cav.SLDPRT,,cut-tool (not a physical part),cut-tool,,False,False,0,False,False,True,True,No,False,,-195.4538,-21.7653,7.1312,0.017037 0.991445 -0.12941 -0.991445 -0 -0.130526 -0.12941 0.130526 0.982963,0.017037 0.991445 -0.12941 -195.454 -0.991445 -0 -0.130526 -21.7653 -0.12941 0.130526 0.982963 7.13122 0 0 0 1,-1.25 0 -1.25 1.25 10.5 1.25,2.50 x 10.50 x 2.50,-190.2487,-21.7653,7.8165,-195.4538,-7.1312,-21.7653,0.017037 0.12941 0.991445 0.12941 0.982963 -0.130526 -0.991445 0.130526 -0,-190.2487,-7.8165,-21.7653,-195.637 -9.89221 -23.1678 -184.861 -5.74075 -20.3629
960,,1,Robotic Hand_V5/m2x5_assemb-15,m2x5_assemb-15,2610,m2x5_assemb,m2x5_assemb.SLDASM,,printed/structural,sub-assembly,,False,True,5,False,False,False,False,Yes,False,,-150.4592,4.4810,-0.1141,1 0 0 0 -0 -1 0 1 -0,1 0 0 -150.459 0 -0 -1 4.481 0 1 -0 -0.114091 0 0 0 1,-4.53854 -3.08263 -3.24603 2.21146 3.41256 9.50397,6.75 x 6.50 x 12.75,-151.6227,1.3520,0.0509,-150.4592,0.1141,4.4810,1 0 0 0 -0 -1 0 1 -0,-151.6227,-0.0509,1.3520,-154.998 -3.29847 -5.02296 -148.248 3.19672 7.72704
961,960,2,Robotic Hand_V5/m2x5_assemb-15/M2 x 0.4mm Thread 5mm LONG SOCKET HEAD CAP SCREW.step-1,M2 x 0.4mm Thread 5mm LONG SOCKET HEAD CAP SCREW.step-1,24,M2 x 0.4mm Thread 5mm LONG SOCKET HEAD CAP SCREW.step,M2 x 0.4mm Thread 5mm LONG SOCKET HEAD CAP SCREW.step.SLDPRT,M2 x 0.4mm Thread 5mm LONG SOCKET HEAD CAP SCREW.STEP,fastener,screw-M2,,False,False,0,False,False,False,False,,False,,-151.6227,0.4770,0.0509,1 0 0 0 -0 -1 0 1 -0,1 0 0 -151.623 0 -0 -1 0.477037 0 1 -0 0.050876 0 0 0 1,-1.9 -1.9 -7.00414 1.9 1.9 2.5e-05,3.80 x 3.80 x 7.00,-151.6227,3.9791,0.0509,-151.6227,-0.0509,0.4770,1 0 0 0 -0 -1 0 1 -0,-151.6227,-0.0509,3.9791,-153.523 -1.95088 0.477012 -149.723 1.84912 7.48118
962,960,2,Robotic Hand_V5/m2x5_assemb-15/M2 x 0.4mm Thread HEX NUT.step-1,M2 x 0.4mm Thread HEX NUT.step-1,25,M2 x 0.4mm Thread HEX NUT.step,M2 x 0.4mm Thread HEX NUT.step.SLDPRT,M2 x 0.4mm Thread HEX NUT.STEP,fastener,nut-M2,,False,False,0,False,False,False,False,,False,,-151.6227,1.4738,0.0509,0.5 -0.866025 0 -0 -0 -1 0.866025 0.5 -0,0.5 -0.866025 0 -151.623 -0 -0 -1 1.47376 0.866025 0.5 -0 0.050876 0 0 0 1,-2.3119 -2.31373 -0.804328 2.3119 2.31373 0.804602,4.62 x 4.63 x 1.61,-151.6227,1.4736,0.0509,-151.6227,-0.0509,1.4738,0.5 0 -0.866025 -0.866025 -0 -0.5 -0 1 -0,-151.6227,-0.0509,1.4736,-154.782 -3.20991 0.669163 -148.463 3.10815 2.27809
963,960,2,Robotic Hand_V5/m2x5_assemb-15/m2_nut_cav-1,m2_nut_cav-1,53,m2_nut_cav,m2_nut_cav.SLDPRT,,cut-tool (not a physical part),cut-tool,,False,False,0,False,False,False,False,,False,,-151.6227,0.4238,0.0509,0.866025 0 0.5 0 1 -0 -0.5 0 0.866025,0.866025 0 0.5 -151.623 0 1 -0 0.423765 -0.5 0 0.866025 0.050876 0 0 0 1,-2.59808 0 -2.25 2.59808 2.1 2.25,5.20 x 2.10 x 4.50,-151.6227,1.4738,0.0509,-151.6227,-0.0509,0.4238,0.866025 -0.5 0 0.5 0.866025 -0 0 0 1,-151.6227,-0.0509,1.4738,-154.998 -3.29847 0.423765 -148.248 3.19672 2.52377
964,960,2,Robotic Hand_V5/m2x5_assemb-15/m2_screwhead_cav-1,m2_screwhead_cav-1,57,m2_screwhead_cav,m2_screwhead_cav.SLDPRT,,cut-tool (not a physical part),cut-tool,,False,False,0,False,False,False,False,,False,,-151.6227,7.7270,0.0509,1 0 0 0 -1 0 0 -0 -1,1 0 0 -151.623 0 -1 0 7.72704 0 -0 -1 0.050876 0 0 0 1,-2.15 0 -2.15 2.15 2.5 2.15,4.30 x 2.50 x 4.30,-151.6227,6.4770,0.0509,-151.6227,-0.0509,7.7270,1 0 0 0 -1 0 0 -0 -1,-151.6227,-0.0509,6.4770,-153.773 -2.20088 5.22704 -149.473 2.09912 7.72704
965,960,2,Robotic Hand_V5/m2x5_assemb-15/m2_hole_cav-1,m2_hole_cav-1,60,m2_hole_cav,m2_hole_cav.SLDPRT,,cut-tool (not a physical part),cut-tool,,False,False,0,False,False,False,False,,False,,-151.6227,5.4770,0.0509,1 0 0 0 -1 0 0 -0 -1,1 0 0 -151.623 0 -1 0 5.47704 0 -0 -1 0.050876 0 0 0 1,-1.25 0 -1.25 1.25 10.5 1.25,2.50 x 10.50 x 2.50,-151.6227,0.2270,0.0509,-151.6227,-0.0509,5.4770,1 0 0 0 -1 0 0 -0 -1,-151.6227,-0.0509,0.2270,-152.873 -1.30088 -5.02296 -150.373 1.19912 5.47704
966,,1,Robotic Hand_V5/Mini Mega2560 PRO v1.1.stp-1,Mini Mega2560 PRO v1.1.stp-1,2631,Mini Mega2560 PRO v1.1.stp,Mini Mega2560 PRO v1.1.stp.SLDASM,Mini Mega2560 PRO v1.1.stp,electronics,mega,Mini Mega2560 PRO v1.1.stp,False,True,12,False,False,False,False,Yes,False,,-204.0241,21.6233,134.6690,0.130526 -0 -0.991445 -0 -1 0 -0.991445 -0 -0.130526,0.130526 -0 -0.991445 -204.024 -0 -1 0 21.6233 -0.991445 -0 -0.130526 134.669 0 0 0 1,87.3529 30.078 -8.89 144.353 67.478 5.52,57.00 x 37.40 x 14.41,-187.2317,-27.1547,20.0272,-204.0241,-134.6690,21.6233,0.130526 0.991445 -0 0.991445 -0.130526 0 -0 -0 -1,-187.2317,-20.0272,-27.1547,-198.095 -49.2238 -45.8547 -176.368 9.16941 -8.45471
967,966,2,Robotic Hand_V5/Mini Mega2560 PRO v1.1.stp-1/Mini Mega PCB.stp-1,Mini Mega PCB.stp-1,24,Mini Mega PCB.stp,Mini Mega PCB.stp.SLDPRT,Mini Mega2560 PRO v1.1.stp,purchased-internal,purchased-internal,Mini Mega2560 PRO v1.1.stp,True,False,0,False,False,False,False,,False,,-204.0241,21.6233,134.6690,0.130526 -0 -0.991445 -0 -1 0 -0.991445 -0 -0.130526,0.130526 -0 -0.991445 -204.024 -0 -1 0 21.6233 -0.991445 -0 -0.130526 134.669 0 0 0 1,87.3529 30.078 0 142.153 67.478 1.7225,54.80 x 37.40 x 1.72,-189.8997,-27.1547,20.7854,-204.0241,-134.6690,21.6233,0.130526 0.991445 -0 0.991445 -0.130526 0 -0 -0 -1,-189.8997,-20.7854,-27.1547,-194.33 -48.0635 -45.8547 -185.469 6.49256 -8.45471
968,966,2,Robotic Hand_V5/Mini Mega2560 PRO v1.1.stp-1/Mini USB.stp-1,Mini USB.stp-1,25,Mini USB.stp,Mini USB.stp.SLDPRT,Mini Mega2560 PRO v1.1.stp,purchased-internal,purchased-internal,Mini Mega2560 PRO v1.1.stp,True,False,0,False,False,False,False,,False,,-187.3888,-27.1047,-4.0997,-0.130526 0 -0.991445 0 1 0 0.991445 0 -0.130526,-0.130526 0 -0.991445 -187.389 0 1 0 -27.1047 0.991445 0 -0.130526 -4.09971 0 0 0 1,-4.6 -5.35 -0 5.9 5.35 3.9,10.50 x 10.70 x 3.90,-189.4070,-27.1047,-3.7098,-187.3888,4.0997,-27.1047,-0.130526 0.991445 0 -0.991445 -0.130526 -0 0 -0 1,-189.4070,3.7098,-27.1047,-192.026 -1.74981 -32.4547 -186.788 9.16941 -21.7547
969,966,2,Robotic Hand_V5/Mini Mega2560 PRO v1.1.stp-1/TQFP 100.stp-1,TQFP 100.stp-1,26,TQFP 100.stp,TQFP 100.stp.SLDPRT,Mini Mega2560 PRO v1.1.stp,purchased-internal,purchased-internal,Mini Mega2560 PRO v1.1.stp,True,False,0,False,False,False,False,,False,,-191.1939,-27.2062,24.8024,-0.092296 -0.092296 -0.991445 -0.707107 0.707107 0 0.701057 0.701057 -0.130526,-0.092296 -0.092296 -0.991445 -191.194 -0.707107 0.707107 0 -27.2062 0.701057 0.701057 -0.130526 24.8024 0 0 0 1,-8.01319 -8.01319 0.000175 8.01319 8.01319 1.10087,16.03 x 16.03 x 1.10,-191.7397,-27.2062,24.7306,-191.1939,-24.8024,-27.2062,-0.092296 0.991445 -0.092296 -0.701057 -0.130526 -0.701057 -0.707107 -0 0.707107,-191.7397,-24.7306,-27.2062,-193.765 -36.0378 -38.5386 -189.715 -13.4233 -15.8739
970,966,2,Robotic Hand_V5/Mini Mega2560 PRO v1.1.stp-1/QFN-28 5x5mm.stp-1,QFN-28 5x5mm.stp-1,27,QFN-28 5x5mm.stp,QFN-28 5x5mm.stp.SLDPRT,Mini Mega2560 PRO v1.1.stp,purchased-internal,purchased-internal,Mini Mega2560 PRO v1.1.stp,True,False,0,False,False,False,False,,False,,-188.9160,-20.6547,7.5002,0.130526 -0 -0.991445 -0 -1 0 -0.991445 -0 -0.130526,0.130526 -0 -0.991445 -188.916 -0 -1 0 -20.6547 -0.991445 -0 -0.130526 7.50019 0 0 0 1,-2.5 -2.5 0 2.5 2.5 1.05668,5.00 x 5.00 x 1.06,-189.4398,-20.6547,7.4312,-188.9160,-7.5002,-20.6547,0.130526 0.991445 -0 0.991445 -0.130526 0 -0 -0 -1,-189.4398,-7.4312,-20.6547,-190.29 -9.9788 -23.1547 -188.59 -4.88366 -18.1547
971,966,2,Robotic Hand_V5/Mini Mega2560 PRO v1.1.stp-1/Pin Header 16 x 2 TH 2.54mm Pitch.stp-1,Pin Header 16 x 2 TH 2.54mm Pitch.stp-1,28,Pin Header 16 x 2 TH 2.54mm Pitch.stp,Pin Header 16 x 2 TH 2.54mm Pitch.stp.SLDPRT,Mini Mega2560 PRO v1.1.stp,purchased-internal,purchased-internal,Mini Mega2560 PRO v1.1.stp,True,False,0,False,False,False,False,,False,,-184.8705,-41.1445,8.6425,-0 -0.130526 -0.991445 -1 0 0 -0 0.991445 -0.130526,-0 -0.130526 -0.991445 -184.87 -1 0 0 -41.1445 -0 0.991445 -0.130526 8.64245 0 0 0 1,-1.27 -1.27 -6.35 3.81 39.37 5.08,5.08 x 40.64 x 11.43,-186.7274,-42.4145,27.6124,-184.8705,-8.6425,-41.1445,-0 0.991445 -0.130526 0 -0.130526 -0.991445 -1 -0 0,-186.7274,-27.6124,-42.4145,-195.046 -48.5045 -44.9545 -178.409 -6.72024 -39.8745
972,966,2,Robotic Hand_V5/Mini Mega2560 PRO v1.1.stp-1/Pin Header 16 x 2 TH 2.54mm Pitch.stp-2,Pin Header 16 x 2 TH 2.54mm Pitch.stp-2,29,Pin Header 16 x 2 TH 2.54mm Pitch.stp,Pin Header 16 x 2 TH 2.54mm Pitch.stp.SLDPRT,Mini Mega2560 PRO v1.1.stp,purchased-internal,purchased-internal,Mini Mega2560 PRO v1.1.stp,True,False,0,False,False,False,False,,False,,-184.5386,-10.6615,6.1218,-0 -0.130526 -0.991445 -1 0 0 -0 0.991445 -0.130526,-0 -0.130526 -0.991445 -184.539 -1 0 0 -10.6615 -0 0.991445 -0.130526 6.12176 0 0 0 1,-1.27 -1.27 -6.35 3.81 39.37 5.08,5.08 x 40.64 x 11.43,-186.3956,-11.9315,25.0917,-184.5386,-6.1218,-10.6615,-0 0.991445 -0.130526 0 -0.130526 -0.991445 -1 -0 0,-186.3956,-25.0917,-11.9315,-194.714 -45.9838 -14.4715 -178.077 -4.19955 -9.39149
973,966,2,Robotic Hand_V5/Mini Mega2560 PRO v1.1.stp-1/Pin Header 6 x 2 TH 2.54mm Pitch.stp-1,Pin Header 6 x 2 TH 2.54mm Pitch.stp-1,30,Pin Header 6 x 2 TH 2.54mm Pitch.stp,Pin Header 6 x 2 TH 2.54mm Pitch.stp.SLDPRT,Mini Mega2560 PRO v1.1.stp,purchased-internal,purchased-internal,Mini Mega2560 PRO v1.1.stp,True,False,0,False,False,False,False,,False,,-189.8418,-10.6675,46.4031,0.130526 -0 -0.991445 -0 -1 0 -0.991445 -0 -0.130526,0.130526 -0 -0.991445 -189.842 -0 -1 0 -10.6675 -0.991445 -0 -0.130526 46.4031 0 0 0 1,-1.27 -1.27 -6.35 3.81 13.97 5.08,5.08 x 15.24 x 11.43,-189.0464,-17.0175,45.2268,-189.8418,-46.4031,-10.6675,0.130526 0.991445 -0 0.991445 -0.130526 0 -0 -0 -1,-189.0464,-45.2268,-17.0175,-195.044 -48.4911 -24.6375 -183.049 -41.9626 -9.39752
974,966,2,Robotic Hand_V5/Mini Mega2560 PRO v1.1.stp-1/Pin Header 4 x 2 TH 2.54mm Pitch.stp-1,Pin Header 4 x 2 TH 2.54mm Pitch.stp-1,31,Pin Header 4 x 2 TH 2.54mm Pitch.stp,Pin Header 4 x 2 TH 2.54mm Pitch.stp.SLDPRT,Mini Mega2560 PRO v1.1.stp,purchased-internal,purchased-internal,Mini Mega2560 PRO v1.1.stp,True,False,0,False,False,False,False,,False,,-183.2125,-41.1388,-3.9512,-0 -0.130526 -0.991445 -1 0 0 -0 0.991445 -0.130526,-0 -0.130526 -0.991445 -183.212 -1 0 0 -41.1388 -0 0.991445 -0.130526 -3.95125 0 0 0 1,-1.27 -1.27 -6.35 3.81 8.89 5.08,5.08 x 10.16 x 11.43,-183.0802,-42.4088,-0.0910,-183.2125,3.9512,-41.1388,-0 0.991445 -0.130526 0 -0.130526 -0.991445 -1 -0 0,-183.0802,0.0910,-42.4088,-189.409 -5.69154 -44.9488 -176.751 5.87346 -39.8688
975,966,2,Robotic Hand_V5/Mini Mega2560 PRO v1.1.stp-1/0805 Chip SMD LED (2x1.2mm).stp-1,0805 Chip SMD LED (2x1.2mm).stp-1,32,0805 Chip SMD LED (2x1.2mm).stp,0805 Chip SMD LED (2x1.2mm).stp.SLDPRT,Mini Mega2560 PRO v1.1.stp,purchased-internal,purchased-internal,Mini Mega2560 PRO v1.1.stp,True,False,0,False,False,False,False,,False,,-193.1361,-19.8921,39.5550,0.130526 -0.991445 0 -0 0 1 -0.991445 -0.130526 0,0.130526 -0.991445 0 -193.136 -0 0 1 -19.8921 -0.991445 -0.130526 0 39.555 0 0 0 1,-1 0 -0.625 1 0.8 0.625,2.00 x 0.80 x 1.25,-193.5327,-19.8921,39.5028,-193.1361,-39.5550,-19.8921,0.130526 -0 -0.991445 0.991445 0 0.130526 -0 -1 0,-193.5327,-39.5028,-19.8921,-194.06 -40.5464 -20.5171 -193.006 -38.4591 -19.2671
976,966,2,Robotic Hand_V5/Mini Mega2560 PRO v1.1.stp-1/0805 Chip SMD LED (2x1.2mm).stp-2,0805 Chip SMD LED (2x1.2mm).stp-2,33,0805 Chip SMD LED (2x1.2mm).stp,0805 Chip SMD LED (2x1.2mm).stp.SLDPRT,Mini Mega2560 PRO v1.1.stp,purchased-internal,purchased-internal,Mini Mega2560 PRO v1.1.stp,True,False,0,False,False,False,False,,False,,-193.1361,-22.4878,39.5550,0.130526 -0.991445 0 -0 0 1 -0.991445 -0.130526 0,0.130526 -0.991445 0 -193.136 -0 0 1 -22.4878 -0.991445 -0.130526 0 39.555 0 0 0 1,-1 0 -0.625 1 0.8 0.625,2.00 x 0.80 x 1.25,-193.5327,-22.4878,39.5028,-193.1361,-39.5550,-22.4878,0.130526 -0 -0.991445 0.991445 0 0.130526 -0 -1 0,-193.5327,-39.5028,-22.4878,-194.06 -40.5464 -23.1128 -193.006 -38.4591 -21.8628
977,966,2,Robotic Hand_V5/Mini Mega2560 PRO v1.1.stp-1/0805 Chip SMD LED (2x1.2mm).stp-3,0805 Chip SMD LED (2x1.2mm).stp-3,34,0805 Chip SMD LED (2x1.2mm).stp,0805 Chip SMD LED (2x1.2mm).stp.SLDPRT,Mini Mega2560 PRO v1.1.stp,purchased-internal,purchased-internal,Mini Mega2560 PRO v1.1.stp,True,False,0,False,False,False,False,,False,,-193.1361,-25.0525,39.5550,0.130526 -0.991445 0 -0 0 1 -0.991445 -0.130526 0,0.130526 -0.991445 0 -193.136 -0 0 1 -25.0525 -0.991445 -0.130526 0 39.555 0 0 0 1,-1 0 -0.625 1 0.8 0.625,2.00 x 0.80 x 1.25,-193.5327,-25.0525,39.5028,-193.1361,-39.5550,-25.0525,0.130526 -0 -0.991445 0.991445 0 0.130526 -0 -1 0,-193.5327,-39.5028,-25.0525,-194.06 -40.5464 -25.6775 -193.006 -38.4591 -24.4275
978,966,2,Robotic Hand_V5/Mini Mega2560 PRO v1.1.stp-1/0805 Chip SMD LED (2x1.2mm).stp-4,0805 Chip SMD LED (2x1.2mm).stp-4,35,0805 Chip SMD LED (2x1.2mm).stp,0805 Chip SMD LED (2x1.2mm).stp.SLDPRT,Mini Mega2560 PRO v1.1.stp,purchased-internal,purchased-internal,Mini Mega2560 PRO v1.1.stp,True,False,0,False,False,False,False,,False,,-193.1361,-27.6929,39.5550,0.130526 -0.991445 0 -0 0 1 -0.991445 -0.130526 0,0.130526 -0.991445 0 -193.136 -0 0 1 -27.6929 -0.991445 -0.130526 0 39.555 0 0 0 1,-1 0 -0.625 1 0.8 0.625,2.00 x 0.80 x 1.25,-193.5327,-27.6929,39.5028,-193.1361,-39.5550,-27.6929,0.130526 -0 -0.991445 0.991445 0 0.130526 -0 -1 0,-193.5327,-39.5028,-27.6929,-194.06 -40.5464 -28.3179 -193.006 -38.4591 -27.0679
979,,1,Robotic Hand_V5/m1_head_cav-4,m1_head_cav-4,2676,m1_head_cav,m1_head_cav.SLDPRT,,cut-tool (not a physical part),cut-tool,,False,False,0,False,False,True,True,No,False,,-193.9674,-28.3347,45.8691,0.019938 -0.991445 -0.128994 0.988264 0 0.152754 -0.151447 -0.130526 0.97981,0.019938 -0.991445 -0.128994 -193.967 0.988264 0 0.152754 -28.3347 -0.151447 -0.130526 0.97981 45.8691 0 0 0 1,-1.92 0 -1.92 1.92 8 1.92,3.84 x 8.00 x 3.84,-197.9331,-28.3347,45.3470,-193.9674,-45.8691,-28.3347,0.019938 0.128994 -0.991445 0.151447 0.97981 0.130526 0.988264 -0.152754 0,-197.9331,-45.3470,-28.3347,-202.185 -48.0411 -30.5255 -193.681 -42.6529 -26.144
980,,1,Robotic Hand_V5/m1_nut_cav-6,m1_nut_cav-6,2684,m1_nut_cav,m1_nut_cav.SLDPRT,,cut-tool (not a physical part),cut-tool,,False,False,0,False,False,False,False,Yes,False,,-190.2494,-28.3347,46.3586,-0.090179 0.991445 0.094365 0.722959 -0 0.690891 0.68498 0.130526 -0.716774,-0.090179 0.991445 0.094365 -190.249 0.722959 -0 0.690891 -28.3347 0.68498 0.130526 -0.716774 46.3586 0 0 0 1,-2.02541 0 -2.09356 2.02541 1.8 2.09356,4.05 x 1.80 x 4.19,-189.3571,-28.3347,46.4761,-190.2494,-46.3586,-28.3347,-0.090179 -0.094365 0.991445 -0.68498 -0.716774 -0.130526 0.722959 -0.690891 -0,-189.3571,-46.4761,-28.3347,-190.63 -49.4815 -31.2454 -188.085 -43.4706 -25.424
981,,1,Robotic Hand_V5/m1_screw_assemb-6,m1_screw_assemb-6,2689,m1_screw_assemb,m1_screw_assemb.SLDASM,,fastener,sub-assembly,,False,True,4,False,False,False,False,Yes,False,,0.0000,0.0000,0.0000,0.00504 0.130429 -0.991445 0.999254 -0.038615 0 -0.038284 -0.990705 -0.130526,0.00504 0.130429 -0.991445 0 0.999254 -0.038615 0 0 -0.038284 -0.990705 -0.130526 0 0 0 0 1,-2.6382 -1.54595 -7.47037 1.61616 2.7084 8.52964,4.25 x 4.25 x 16.00,-0.4519,-0.5331,-0.6254,0.0000,0.0000,0.0000,0.00504 0.991445 0.130429 0.038284 -0.130526 0.990705 0.999254 -0 -0.038615,-0.4519,0.6254,-0.5331,-8.6716 -2.60766 -2.74081 7.76785 3.85845 1.67465
982,981,2,Robotic Hand_V5/m1_screw_assemb-6/TR Fastenings Ltd-M1_6X3mm-1,TR Fastenings Ltd-M1_6X3mm-1,28,TR Fastenings Ltd-M1_6X3mm,TR Fastenings Ltd-M1_6X3mm.sldprt,,fastener,screw-M1.6,,False,False,0,False,False,False,False,,False,,-1.9886,-0.5331,-0.8277,0.00504 0.130429 -0.991445 0.999254 -0.038615 0 -0.038284 -0.990705 -0.130526,0.00504 0.130429 -0.991445 -1.98861 0.999254 -0.038615 0 -0.533082 -0.038284 -0.990705 -0.130526 -0.82771 0 0 0 1,-1.66762 -1.66762 -4.3 1.66762 1.66762 0.000498,3.34 x 3.34 x 4.30,0.1427,-0.5331,-0.5471,-1.9886,0.8277,-0.5331,0.00504 0.991445 0.130429 0.038284 -0.130526 0.990705 0.999254 -0 -0.038615,0.1427,0.5471,-0.5331,-2.21501 -1.44951 -2.26385 2.50051 2.54374 1.19769
983,981,2,Robotic Hand_V5/m1_screw_assemb-6/m1.6 Nut .35mm pitch-1,m1.6 Nut .35mm pitch-1,29,m1.6 Nut .35mm pitch,m1.6 Nut .35mm pitch.SLDPRT,,fastener,nut-M1.6,,False,False,0,False,False,False,False,,False,,3.2701,-0.5331,-0.1354,-0.007742 0.991445 0.130296 0.998239 -0 0.059316 0.058808 0.130526 -0.989699,-0.007742 0.991445 0.130296 3.27014 0.998239 -0 0.059316 -0.533082 0.058808 0.130526 -0.989699 -0.135383 0 0 0 1,-1.60367 -0.117477 -1.84751 1.60367 1.305 1.84751,3.21 x 1.42 x 3.70,3.8588,-0.5331,-0.0579,3.2701,0.1354,-0.5331,-0.007742 -0.130296 0.991445 -0.058808 -0.989699 -0.130526 0.998239 -0.059316 -0,3.8588,0.0579,-0.5331,2.90053 -1.95774 -2.24351 4.81711 2.0735 1.17735
984,981,2,Robotic Hand_V5/m1_screw_assemb-6/m1_head_cav-1,m1_head_cav-1,44,m1_head_cav,m1_head_cav.SLDPRT,,cut-tool (not a physical part),cut-tool,,False,False,0,False,False,True,True,,False,,-0.4519,-0.5331,-0.6254,0.019938 -0.991445 -0.128994 0.988264 0 0.152754 -0.151447 -0.130526 0.97981,0.019938 -0.991445 -0.128994 -0.451871 0.988264 0 0.152754 -0.533082 -0.151447 -0.130526 0.97981 -0.625394 0 0 0 1,-1.92 0 -1.92 1.92 8 1.92,3.84 x 8.00 x 3.84,-4.4177,-0.5331,-1.1475,-0.4519,0.6254,-0.5331,0.019938 0.128994 -0.991445 0.151447 0.97981 0.130526 0.988264 -0.152754 0,-4.4177,1.1475,-0.5331,-8.66938 -1.54662 -2.72384 -0.16592 3.84162 1.65767
985,981,2,Robotic Hand_V5/m1_screw_assemb-6/m1_hole_cav-1,m1_hole_cav-1,53,m1_hole_cav,m1_hole_cav.SLDPRT,,cut-tool (not a physical part),cut-tool,,False,False,0,False,False,False,False,,False,,7.4797,-0.5331,0.4188,0.00504 -0.991445 -0.130429 0.999254 0 0.038615 -0.038284 -0.130526 0.990705,0.00504 -0.991445 -0.130429 7.47969 0.999254 0 0.038615 -0.533082 -0.038284 -0.130526 0.990705 0.418815 0 0 0 1,-1.05 0 -1.05 1.05 8 1.05,2.10 x 8.00 x 2.10,3.5139,-0.5331,-0.1033,7.4797,-0.4188,-0.5331,0.00504 0.130429 -0.991445 0.038284 0.990705 0.130526 0.999254 -0.038615 0,3.5139,0.1033,-0.5331,-0.594113 -1.49926 -1.62285 7.62193 1.70583 0.55668
986,,1,Robotic Hand_V5/m1_screw_assemb-7,m1_screw_assemb-7,2690,m1_screw_assemb,m1_screw_assemb.SLDASM,,fastener,sub-assembly,,False,True,4,False,False,False,False,Yes,False,981,0.0000,0.0000,0.0000,0.00504 0.130429 -0.991445 0.999254 -0.038615 0 -0.038284 -0.990705 -0.130526,0.00504 0.130429 -0.991445 0 0.999254 -0.038615 0 0 -0.038284 -0.990705 -0.130526 0 0 0 0 1,-2.6382 -1.54595 -7.47037 1.61616 2.7084 8.52964,4.25 x 4.25 x 16.00,-0.4519,-0.5331,-0.6254,0.0000,0.0000,0.0000,0.00504 0.991445 0.130429 0.038284 -0.130526 0.990705 0.999254 -0 -0.038615,-0.4519,0.6254,-0.5331,-8.6716 -2.60766 -2.74081 7.76785 3.85845 1.67465
987,986,2,Robotic Hand_V5/m1_screw_assemb-7/TR Fastenings Ltd-M1_6X3mm-1,TR Fastenings Ltd-M1_6X3mm-1,28,TR Fastenings Ltd-M1_6X3mm,TR Fastenings Ltd-M1_6X3mm.sldprt,,fastener,screw-M1.6,,False,False,0,False,False,False,False,,False,982,-1.9886,-0.5331,-0.8277,0.00504 0.130429 -0.991445 0.999254 -0.038615 0 -0.038284 -0.990705 -0.130526,0.00504 0.130429 -0.991445 -1.98861 0.999254 -0.038615 0 -0.533082 -0.038284 -0.990705 -0.130526 -0.82771 0 0 0 1,-1.66762 -1.66762 -4.3 1.66762 1.66762 0.000498,3.34 x 3.34 x 4.30,0.1427,-0.5331,-0.5471,-1.9886,0.8277,-0.5331,0.00504 0.991445 0.130429 0.038284 -0.130526 0.990705 0.999254 -0 -0.038615,0.1427,0.5471,-0.5331,-2.21501 -1.44951 -2.26385 2.50051 2.54374 1.19769
988,986,2,Robotic Hand_V5/m1_screw_assemb-7/m1.6 Nut .35mm pitch-1,m1.6 Nut .35mm pitch-1,29,m1.6 Nut .35mm pitch,m1.6 Nut .35mm pitch.SLDPRT,,fastener,nut-M1.6,,False,False,0,False,False,False,False,,False,983,3.2701,-0.5331,-0.1354,-0.007742 0.991445 0.130296 0.998239 -0 0.059316 0.058808 0.130526 -0.989699,-0.007742 0.991445 0.130296 3.27014 0.998239 -0 0.059316 -0.533082 0.058808 0.130526 -0.989699 -0.135383 0 0 0 1,-1.60367 -0.117477 -1.84751 1.60367 1.305 1.84751,3.21 x 1.42 x 3.70,3.8588,-0.5331,-0.0579,3.2701,0.1354,-0.5331,-0.007742 -0.130296 0.991445 -0.058808 -0.989699 -0.130526 0.998239 -0.059316 -0,3.8588,0.0579,-0.5331,2.90053 -1.95774 -2.24351 4.81711 2.0735 1.17735
989,986,2,Robotic Hand_V5/m1_screw_assemb-7/m1_head_cav-1,m1_head_cav-1,44,m1_head_cav,m1_head_cav.SLDPRT,,cut-tool (not a physical part),cut-tool,,False,False,0,False,False,True,True,,False,984,-0.4519,-0.5331,-0.6254,0.019938 -0.991445 -0.128994 0.988264 0 0.152754 -0.151447 -0.130526 0.97981,0.019938 -0.991445 -0.128994 -0.451871 0.988264 0 0.152754 -0.533082 -0.151447 -0.130526 0.97981 -0.625394 0 0 0 1,-1.92 0 -1.92 1.92 8 1.92,3.84 x 8.00 x 3.84,-4.4177,-0.5331,-1.1475,-0.4519,0.6254,-0.5331,0.019938 0.128994 -0.991445 0.151447 0.97981 0.130526 0.988264 -0.152754 0,-4.4177,1.1475,-0.5331,-8.66938 -1.54662 -2.72384 -0.16592 3.84162 1.65767
990,986,2,Robotic Hand_V5/m1_screw_assemb-7/m1_hole_cav-1,m1_hole_cav-1,53,m1_hole_cav,m1_hole_cav.SLDPRT,,cut-tool (not a physical part),cut-tool,,False,False,0,False,False,False,False,,False,985,7.4797,-0.5331,0.4188,0.00504 -0.991445 -0.130429 0.999254 0 0.038615 -0.038284 -0.130526 0.990705,0.00504 -0.991445 -0.130429 7.47969 0.999254 0 0.038615 -0.533082 -0.038284 -0.130526 0.990705 0.418815 0 0 0 1,-1.05 0 -1.05 1.05 8 1.05,2.10 x 8.00 x 2.10,3.5139,-0.5331,-0.1033,7.4797,-0.4188,-0.5331,0.00504 0.130429 -0.991445 0.038284 0.990705 0.130526 0.999254 -0.038615 0,3.5139,0.1033,-0.5331,-0.594113 -1.49926 -1.62285 7.62193 1.70583 0.55668
991,,1,Robotic Hand_V5/m1_nut_cav-7,m1_nut_cav-7,2702,m1_nut_cav,m1_nut_cav.SLDPRT,,cut-tool (not a physical part),cut-tool,,False,False,0,False,False,False,False,Yes,False,,-175.9910,-55.8573,9.8730,-0.09872 0.991445 -0.08539 -0.654201 -0 0.756321 0.74985 0.130526 0.648604,-0.09872 0.991445 -0.08539 -175.991 -0.654201 -0 0.756321 -55.8573 0.74985 0.130526 0.648604 9.87298 0 0 0 1,-2.02541 0 -2.09356 2.02541 1.8 2.09356,4.05 x 1.80 x 4.19,-175.0987,-55.8573,9.9904,-175.9910,-9.8730,-55.8573,-0.09872 0.08539 0.991445 -0.74985 0.648604 -0.130526 -0.654201 -0.756321 -0,-175.0987,-9.9904,-55.8573,-176.37 -12.9846 -58.7658 -173.828 -6.99633 -52.9489
992,,1,Robotic Hand_V5/m1_nut_cav-8,m1_nut_cav-8,2703,m1_nut_cav,m1_nut_cav.SLDPRT,,cut-tool (not a physical part),cut-tool,,False,False,0,False,False,False,False,Yes,False,,-173.5554,-47.3196,-8.6275,-0.121272 0.991445 -0.048273 -0.369832 -0 0.929099 0.92115 0.130526 0.366668,-0.121272 0.991445 -0.048273 -173.555 -0.369832 -0 0.929099 -47.3196 0.92115 0.130526 0.366668 -8.62749 0 0 0 1,-2.02541 0 -2.09356 2.02541 1.8 2.09356,4.05 x 1.80 x 4.19,-172.6631,-47.3196,-8.5100,-173.5554,8.6275,-47.3196,-0.121272 0.048273 0.991445 -0.92115 0.366668 -0.130526 -0.369832 -0.929099 -0,-172.6631,8.5100,-47.3196,-173.902 5.75919 -50.0138 -171.424 11.2608 -44.6255
993,,1,Robotic Hand_V5/m1_head_cav-5,m1_head_cav-5,2716,m1_head_cav,m1_head_cav.SLDPRT,,cut-tool (not a physical part),cut-tool,,False,False,0,False,False,True,True,No,False,,-190.6247,-56.8841,32.8901,0.017037 0.991445 -0.12941 -0.991445 -0 -0.130526 -0.12941 0.130526 0.982963,0.017037 0.991445 -0.12941 -190.625 -0.991445 -0 -0.130526 -56.8841 -0.12941 0.130526 0.982963 32.8901 0 0 0 1,-1.92 0 -1.92 1.92 8 1.92,3.84 x 8.00 x 3.84,-186.6589,-56.8841,33.4122,-190.6247,-32.8901,-56.8841,0.017037 0.12941 0.991445 0.12941 0.982963 -0.130526 -0.991445 0.130526 -0,-186.6589,-33.4122,-56.8841,-190.906 -36.0701 -59.0383 -182.412 -30.7544 -54.7299
994,,1,Robotic Hand_V5/m1_head_cav-6,m1_head_cav-6,2717,m1_head_cav,m1_head_cav.SLDPRT,,cut-tool (not a physical part),cut-tool,,False,False,0,False,False,True,True,No,False,,-193.5796,-46.6785,55.3352,0.017037 0.991445 -0.12941 -0.991445 -0 -0.130526 -0.12941 0.130526 0.982963,0.017037 0.991445 -0.12941 -193.58 -0.991445 -0 -0.130526 -46.6785 -0.12941 0.130526 0.982963 55.3352 0 0 0 1,-1.92 0 -1.92 1.92 8 1.92,3.84 x 8.00 x 3.84,-189.6138,-46.6785,55.8573,-193.5796,-55.3352,-46.6785,0.017037 0.12941 0.991445 0.12941 0.982963 -0.130526 -0.991445 0.130526 -0,-189.6138,-55.8573,-46.6785,-193.861 -58.5152 -48.8327 -185.367 -53.1995 -44.5243
995,,1,Robotic Hand_V5/M2 x 0.4mm Thread HEX NUT.step-4,M2 x 0.4mm Thread HEX NUT.step-4,2738,M2 x 0.4mm Thread HEX NUT.step,M2 x 0.4mm Thread HEX NUT.step.SLDPRT,M2 x 0.4mm Thread HEX NUT.STEP,fastener,nut-M2,,False,False,0,False,False,False,False,Yes,False,,-185.3260,-27.4997,11.5264,-0.06516 0.113098 -0.991445 0.866481 0.499211 0 0.49494 -0.859068 -0.130526,-0.06516 0.113098 -0.991445 -185.326 0.866481 0.499211 0 -27.4997 0.49494 -0.859068 -0.130526 11.5264 0 0 0 1,-2.3119 -2.31373 -0.804328 2.3119 2.31373 0.804602,4.62 x 4.63 x 1.61,-185.3262,-27.4997,11.5263,-185.3260,-11.5264,-27.4997,-0.06516 0.991445 0.113098 -0.49494 -0.130526 0.859068 0.866481 -0 0.499211,-185.3262,-11.5263,-27.4997,-186.536 -14.7633 -30.6579 -184.116 -8.28944 -24.3414
996,,1,Robotic Hand_V5/M2 x 0.4mm Thread 5mm LONG SOCKET HEAD CAP SCREW.step-3,M2 x 0.4mm Thread 5mm LONG SOCKET HEAD CAP SCREW.step-3,2739,M2 x 0.4mm Thread 5mm LONG SOCKET HEAD CAP SCREW.step,M2 x 0.4mm Thread 5mm LONG SOCKET HEAD CAP SCREW.step.SLDPRT,M2 x 0.4mm Thread 5mm LONG SOCKET HEAD CAP SCREW.STEP,fastener,screw-M2,,False,False,0,False,False,False,False,Yes,False,,-186.1834,-27.4997,11.4135,-0.130526 0 -0.991445 0 1 0 0.991445 0 -0.130526,-0.130526 0 -0.991445 -186.183 0 1 0 -27.4997 0.991445 0 -0.130526 11.4135 0 0 0 1,-1.9 -1.9 -7.00414 1.9 1.9 2.5e-05,3.80 x 3.80 x 7.00,-182.7113,-27.4997,11.8706,-186.1834,-11.4135,-27.4997,-0.130526 0.991445 0 -0.991445 -0.130526 -0 0 -0 1,-182.7113,-11.8706,-27.4997,-186.431 -14.2115 -29.3997 -178.991 -9.52974 -25.5997
997,,1,Robotic Hand_V5/m2_screwhead_cav-2,m2_screwhead_cav-2,2740,m2_screwhead_cav,m2_screwhead_cav.SLDPRT,,cut-tool (not a physical part),cut-tool,,False,False,0,False,False,False,False,Yes,False,,-178.9954,-27.4997,12.3598,-0.130526 -0.991445 -0 0 0 -1 0.991445 -0.130526 -0,-0.130526 -0.991445 -0 -178.995 0 0 -1 -27.4997 0.991445 -0.130526 -0 12.3598 0 0 0 1,-2.15 0 -2.15 2.15 2.5 2.15,4.30 x 2.50 x 4.30,-180.2347,-27.4997,12.1966,-178.9954,-12.3598,-27.4997,-0.130526 0 -0.991445 -0.991445 -0 0.130526 0 1 0,-180.2347,-12.1966,-27.4997,-181.755 -14.4914 -29.6497 -178.715 -9.90188 -25.3497
998,,1,Robotic Hand_V5/m2_nut_cav-2,m2_nut_cav-2,2741,m2_nut_cav,m2_nut_cav.SLDPRT,,cut-tool (not a physical part),cut-tool,,False,False,0,False,False,False,False,Yes,False,,-186.3671,-27.4997,11.3893,-0.113098 0.991445 -0.06516 -0.499211 -0 0.866481 0.859068 0.130526 0.49494,-0.113098 0.991445 -0.06516 -186.367 -0.499211 -0 0.866481 -27.4997 0.859068 0.130526 0.49494 11.3893 0 0 0 1,-2.59808 0 -2.25 2.59808 2.1 2.25,5.20 x 2.10 x 4.50,-185.3260,-27.4997,11.5264,-186.3671,-11.3893,-27.4997,-0.113098 0.06516 0.991445 -0.859068 0.49494 -0.130526 -0.499211 -0.866481 -0,-185.3260,-11.5264,-27.4997,-186.808 -15.009 -30.7463 -183.845 -8.04377 -24.2531
999,,1,Robotic Hand_V5/m2_hole_cav_short-1,m2_hole_cav_short-1,2743,m2_hole_cav_short,m2_hole_cav_short.SLDPRT,,cut-tool (not a physical part),cut-tool,,False,False,0,False,False,False,False,Yes,False,,-186.6791,-27.4997,11.3482,-0.120571 0.991445 0.049998 0.383049 -0 0.923728 0.915825 0.130526 -0.379772,-0.120571 0.991445 0.049998 -186.679 0.383049 -0 0.923728 -27.4997 0.915825 0.130526 -0.379772 11.3482 0 0 0 1,-1.25 0 -1.25 1.25 7.5 1.25,2.50 x 7.50 x 2.50,-182.9612,-27.4997,11.8377,-186.6791,-11.3482,-27.4997,-0.120571 -0.049998 0.991445 -0.915825 -0.379772 -0.130526 0.383049 -0.923728 -0,-182.9612,-11.8377,-27.4997,-186.892 -13.9467 -29.1332 -179.03 -9.72873 -25.8662
1000,,1,Robotic Hand_V5/driver_hole-1,driver_hole-1,2766,driver_hole,driver_hole.SLDPRT,,cut-tool (not a physical part),cut-tool,,False,False,0,False,False,True,True,No,False,,-186.1186,-31.5001,10.9214,-0.130526 -0 0.991445 -0 -1 -0 0.991445 -0 0.130526,-0.130526 -0 0.991445 -186.119 -0 -1 -0 -31.5001 0.991445 -0 0.130526 10.9214 0 0 0 1,-1.25 -1.25 0 1.25 1.25 5,2.50 x 2.50 x 5.00,-183.6400,-31.5001,11.2477,-186.1186,-10.9214,-31.5001,-0.130526 -0.991445 -0 -0.991445 0.130526 0 -0 0 -1,-183.6400,-11.2477,-31.5001,-186.282 -12.8133 -32.7501 -180.998 -9.68207 -30.2501
1001,,1,Robotic Hand_V5/driver_hole-2,driver_hole-2,2768,driver_hole,driver_hole.SLDPRT,,cut-tool (not a physical part),cut-tool,,False,False,0,False,False,True,True,No,False,,-186.1190,-34.5001,10.9241,-0.130526 -0 0.991445 -0 -1 -0 0.991445 -0 0.130526,-0.130526 -0 0.991445 -186.119 -0 -1 -0 -34.5001 0.991445 -0 0.130526 10.9241 0 0 0 1,-1.25 -1.25 0 1.25 1.25 5,2.50 x 2.50 x 5.00,-183.6404,-34.5001,11.2504,-186.1190,-10.9241,-34.5001,-0.130526 -0.991445 -0 -0.991445 0.130526 0 -0 0 -1,-183.6404,-11.2504,-34.5001,-186.282 -12.816 -35.7501 -180.999 -9.68478 -33.2501
1002,,1,Robotic Hand_V5/driver_hole-3,driver_hole-3,2769,driver_hole,driver_hole.SLDPRT,,cut-tool (not a physical part),cut-tool,,False,False,0,False,False,True,True,No,False,1000,-186.1186,-31.5001,10.9214,-0.130526 -0 0.991445 -0 -1 -0 0.991445 -0 0.130526,-0.130526 -0 0.991445 -186.119 -0 -1 -0 -31.5001 0.991445 -0 0.130526 10.9214 0 0 0 1,-1.25 -1.25 0 1.25 1.25 5,2.50 x 2.50 x 5.00,-183.6400,-31.5001,11.2477,-186.1186,-10.9214,-31.5001,-0.130526 -0.991445 -0 -0.991445 0.130526 0 -0 0 -1,-183.6400,-11.2477,-31.5001,-186.282 -12.8133 -32.7501 -180.998 -9.68207 -30.2501
1003,,1,Robotic Hand_V5/driver_hole-4,driver_hole-4,2770,driver_hole,driver_hole.SLDPRT,,cut-tool (not a physical part),cut-tool,,False,False,0,False,False,True,True,No,False,,-186.4438,-22.1645,13.3916,-0.130526 -0 0.991445 -0 -1 -0 0.991445 -0 0.130526,-0.130526 -0 0.991445 -186.444 -0 -1 -0 -22.1645 0.991445 -0 0.130526 13.3916 0 0 0 1,-1.25 -1.25 0 1.25 1.25 5,2.50 x 2.50 x 5.00,-183.9652,-22.1645,13.7179,-186.4438,-13.3916,-22.1645,-0.130526 -0.991445 -0 -0.991445 0.130526 0 -0 0 -1,-183.9652,-13.7179,-22.1645,-186.607 -15.2835 -23.4145 -181.323 -12.1523 -20.9145
1004,,1,Robotic Hand_V5/driver_hole-5,driver_hole-5,2771,driver_hole,driver_hole.SLDPRT,,cut-tool (not a physical part),cut-tool,,False,False,0,False,False,True,True,No,False,,-186.4436,-19.8312,13.3895,-0.130526 -0 0.991445 -0 -1 -0 0.991445 -0 0.130526,-0.130526 -0 0.991445 -186.444 -0 -1 -0 -19.8312 0.991445 -0 0.130526 13.3895 0 0 0 1,-1.25 -1.25 0 1.25 1.25 5,2.50 x 2.50 x 5.00,-183.9649,-19.8312,13.7158,-186.4436,-13.3895,-19.8312,-0.130526 -0.991445 -0 -0.991445 0.130526 0 -0 0 -1,-183.9649,-13.7158,-19.8312,-186.607 -15.2814 -21.0812 -181.323 -12.1501 -18.5812
1005,,1,Robotic Hand_V5/driver_hole-6,driver_hole-6,2772,driver_hole,driver_hole.SLDPRT,,cut-tool (not a physical part),cut-tool,,False,False,0,False,False,True,True,No,False,,-186.4433,-17.4979,13.3873,-0.130526 -0 0.991445 -0 -1 -0 0.991445 -0 0.130526,-0.130526 -0 0.991445 -186.443 -0 -1 -0 -17.4979 0.991445 -0 0.130526 13.3873 0 0 0 1,-1.25 -1.25 0 1.25 1.25 5,2.50 x 2.50 x 5.00,-183.9647,-17.4979,13.7137,-186.4433,-13.3873,-17.4979,-0.130526 -0.991445 -0 -0.991445 0.130526 0 -0 0 -1,-183.9647,-13.7137,-17.4979,-186.606 -15.2793 -18.7479 -181.323 -12.148 -16.2479
1006,,1,Robotic Hand_V5/driver_hole-7,driver_hole-7,2773,driver_hole,driver_hole.SLDPRT,,cut-tool (not a physical part),cut-tool,,False,False,0,False,False,True,True,No,False,,-186.4441,-24.4979,13.3937,-0.130526 -0 0.991445 -0 -1 -0 0.991445 -0 0.130526,-0.130526 -0 0.991445 -186.444 -0 -1 -0 -24.4979 0.991445 -0 0.130526 13.3937 0 0 0 1,-1.25 -1.25 0 1.25 1.25 5,2.50 x 2.50 x 5.00,-183.9655,-24.4979,13.7200,-186.4441,-13.3937,-24.4979,-0.130526 -0.991445 -0 -0.991445 0.130526 0 -0 0 -1,-183.9655,-13.7200,-24.4979,-186.607 -15.2856 -25.7479 -181.324 -12.1544 -23.2479
1007,,1,Robotic Hand_V5/driver_hole-8,driver_hole-8,2774,driver_hole,driver_hole.SLDPRT,,cut-tool (not a physical part),cut-tool,,False,False,0,False,False,True,True,No,False,,-188.5323,-22.1500,29.2547,-0.130526 -0 0.991445 -0 -1 -0 0.991445 -0 0.130526,-0.130526 -0 0.991445 -188.532 -0 -1 -0 -22.15 0.991445 -0 0.130526 29.2547 0 0 0 1,-1.25 -1.25 0 1.25 1.25 5,2.50 x 2.50 x 5.00,-186.0536,-22.1500,29.5810,-188.5323,-29.2547,-22.1500,-0.130526 -0.991445 -0 -0.991445 0.130526 0 -0 0 -1,-186.0536,-29.5810,-22.1500,-188.695 -31.1466 -23.4 -183.412 -28.0154 -20.9
1008,,1,Robotic Hand_V5/driver_hole-9,driver_hole-9,2775,driver_hole,driver_hole.SLDPRT,,cut-tool (not a physical part),cut-tool,,False,False,0,False,False,True,True,No,False,,-188.5320,-19.8166,29.2526,-0.130526 -0 0.991445 -0 -1 -0 0.991445 -0 0.130526,-0.130526 -0 0.991445 -188.532 -0 -1 -0 -19.8166 0.991445 -0 0.130526 29.2526 0 0 0 1,-1.25 -1.25 0 1.25 1.25 5,2.50 x 2.50 x 5.00,-186.0534,-19.8166,29.5789,-188.5320,-29.2526,-19.8166,-0.130526 -0.991445 -0 -0.991445 0.130526 0 -0 0 -1,-186.0534,-29.5789,-19.8166,-188.695 -31.1445 -21.0666 -183.412 -28.0133 -18.5666
1009,,1,Robotic Hand_V5/driver_hole-10,driver_hole-10,2776,driver_hole,driver_hole.SLDPRT,,cut-tool (not a physical part),cut-tool,,False,False,0,False,False,True,True,No,False,,-188.5317,-17.4833,29.2505,-0.130526 -0 0.991445 -0 -1 -0 0.991445 -0 0.130526,-0.130526 -0 0.991445 -188.532 -0 -1 -0 -17.4833 0.991445 -0 0.130526 29.2505 0 0 0 1,-1.25 -1.25 0 1.25 1.25 5,2.50 x 2.50 x 5.00,-186.0531,-17.4833,29.5768,-188.5317,-29.2505,-17.4833,-0.130526 -0.991445 -0 -0.991445 0.130526 0 -0 0 -1,-186.0531,-29.5768,-17.4833,-188.695 -31.1424 -18.7333 -183.411 -28.0112 -16.2333
1010,,1,Robotic Hand_V5/driver_hole-11,driver_hole-11,2793,driver_hole,driver_hole.SLDPRT,,cut-tool (not a physical part),cut-tool,,False,False,0,False,False,True,True,No,False,,-188.5325,-24.4833,29.2568,-0.130526 -0 0.991445 -0 -1 -0 0.991445 -0 0.130526,-0.130526 -0 0.991445 -188.533 -0 -1 -0 -24.4833 0.991445 -0 0.130526 29.2568 0 0 0 1,-1.25 -1.25 0 1.25 1.25 5,2.50 x 2.50 x 5.00,-186.0539,-24.4833,29.5831,-188.5325,-29.2568,-24.4833,-0.130526 -0.991445 -0 -0.991445 0.130526 0 -0 0 -1,-186.0539,-29.5831,-24.4833,-188.696 -31.1487 -25.7333 -183.412 -28.0175 -23.2333
1011,,1,Robotic Hand_V5/m1_screw_assemb_copy-1,m1_screw_assemb_copy-1,2832,m1_screw_assemb_copy,m1_screw_assemb_copy.SLDASM,,fastener,sub-assembly,,False,True,5,False,False,False,False,Yes,False,,-174.3971,-6.3657,-34.1678,0.945855 0.324589 0 0 0 -1 -0.324589 0.945855 -0,0.945855 0.324589 0 -174.397 0 0 -1 -6.36565 -0.324589 0.945855 -0 -34.1678 0 0 0 1,-3.15048 -2.05823 -7.47037 2.12844 3.22069 8.52964,5.28 x 5.28 x 16.00,-174.6918,-6.8953,-33.4521,-174.3971,34.1678,-6.3657,0.945855 -0 0.324589 0.324589 -0 -0.945855 0 1 0,-174.6918,33.4521,-6.8953,-178.045 30.0988 -14.8953 -171.339 36.8054 1.10471
1012,1011,2,Robotic Hand_V5/m1_screw_assemb_copy-1/TR Fastenings Ltd-M1_6X3mm-1,TR Fastenings Ltd-M1_6X3mm-1,28,TR Fastenings Ltd-M1_6X3mm,TR Fastenings Ltd-M1_6X3mm.sldprt,,fastener,screw-M1.6,,False,False,0,False,False,False,False,,False,,-174.6918,-8.4453,-33.4521,0.945855 0.324589 0 0 0 -1 -0.324589 0.945855 -0,0.945855 0.324589 0 -174.692 0 0 -1 -8.44529 -0.324589 0.945855 -0 -33.4521 0 0 0 1,-1.66762 -1.66762 -4.3 1.66762 1.66762 0.000498,3.34 x 3.34 x 4.30,-174.6918,-6.2955,-33.4521,-174.6918,33.4521,-8.4453,0.945855 -0 0.324589 0.324589 -0 -0.945855 0 1 0,-174.6918,33.4521,-6.2955,-176.81 31.3335 -8.44579 -172.573 35.5707 -4.14529
1013,1011,2,Robotic Hand_V5/m1_screw_assemb_copy-1/m1.6 Nut .35mm pitch-1,m1.6 Nut .35mm pitch-1,29,m1.6 Nut .35mm pitch,m1.6 Nut .35mm pitch.SLDPRT,,fastener,nut-M1.6,,False,False,0,False,False,False,False,,False,,-174.6918,-5.4453,-33.4521,0.982955 -0 0.183847 0 1 0 -0.183847 0 0.982955,0.982955 -0 0.183847 -174.692 0 1 0 -5.44529 -0.183847 0 0.982955 -33.4521 0 0 0 1,-1.60367 -0.117477 -1.84751 1.60367 1.305 1.84751,3.21 x 1.42 x 3.70,-174.6918,-4.8515,-33.4521,-174.6918,33.4521,-5.4453,0.982955 -0.183847 -0 0.183847 0.982955 -0 0 -0 1,-174.6918,33.4521,-4.8515,-176.608 31.3413 -5.56277 -172.776 35.563 -4.14029
1014,1011,2,Robotic Hand_V5/m1_screw_assemb_copy-1/m1_head_cav-1,m1_head_cav-1,44,m1_head_cav,m1_head_cav.SLDPRT,,cut-tool (not a physical part),cut-tool,,False,False,0,False,False,False,False,,False,,-174.6918,-6.8953,-33.4521,-0.637854 0 0.770158 -0 -1 0 0.770158 -0 0.637854,-0.637854 0 0.770158 -174.692 -0 -1 0 -6.89529 0.770158 -0 0.637854 -33.4521 0 0 0 1,-1.92 0 -1.92 1.92 8 1.92,3.84 x 8.00 x 3.84,-174.6918,-10.8953,-33.4521,-174.6918,33.4521,-6.8953,-0.637854 -0.770158 0 -0.770158 0.637854 0 -0 -0 -1,-174.6918,33.4521,-10.8953,-177.395 30.7488 -14.8953 -171.988 36.1555 -6.89529
1015,1011,2,Robotic Hand_V5/m1_screw_assemb_copy-1/m1_hole_cav-1,m1_hole_cav-1,53,m1_hole_cav,m1_hole_cav.SLDPRT,,cut-tool (not a physical part),cut-tool,,False,False,0,False,False,False,False,,False,,-174.6918,1.1047,-33.4521,0.945855 0 -0.324589 0 -1 -0 -0.324589 -0 -0.945855,0.945855 0 -0.324589 -174.692 0 -1 -0 1.10471 -0.324589 -0 -0.945855 -33.4521 0 0 0 1,-1.05 0 -1.05 1.05 8 1.05,2.10 x 8.00 x 2.10,-174.6918,-2.8953,-33.4521,-174.6918,33.4521,1.1047,0.945855 0.324589 0 0.324589 -0.945855 0 0 0 -1,-174.6918,33.4521,-2.8953,-176.026 32.1182 -6.89529 -173.358 34.7861 1.10471
1016,1011,2,Robotic Hand_V5/m1_screw_assemb_copy-1/m1_nut_cav-1,m1_nut_cav-1,65,m1_nut_cav,m1_nut_cav.SLDPRT,,cut-tool (not a physical part),cut-tool,,False,False,0,False,False,False,False,,False,,-174.6918,-3.8953,-33.4521,-0.928275 0 0.371893 -0 -1 0 0.371893 -0 0.928275,-0.928275 0 0.371893 -174.692 -0 -1 0 -3.89529 0.371893 -0 0.928275 -33.4521 0 0 0 1,-2.02541 0 -2.09356 2.02541 1.8 2.09356,4.05 x 1.80 x 4.19,-174.6918,-4.7953,-33.4521,-174.6918,33.4521,-3.8953,-0.928275 -0.371893 0 -0.371893 0.928275 0 -0 -0 -1,-174.6918,33.4521,-4.7953,-177.351 30.7555 -5.69529 -172.033 36.1488 -3.89529
1017,,1,Robotic Hand_V5/Mirrorm1_screw_assemb_copy-3,Mirrorm1_screw_assemb_copy-3,2844,Mirrorm1_screw_assemb_copy,Mirrorm1_screw_assemb_copy.SLDASM,,fastener,sub-assembly,,False,True,5,False,False,False,False,Yes,False,,-158.4147,0.9942,-28.3994,0.945855 0.324589 0 0 0 -1 -0.324589 0.945855 -0,0.945855 0.324589 0 -158.415 0 0 -1 0.994209 -0.324589 0.945855 -0 -28.3994 0 0 0 1,-3.15048 -2.05823 -8.52964 2.12844 3.22069 7.47037,5.28 x 5.28 x 16.00,-158.7094,1.5238,-27.6837,-158.4147,28.3994,0.9942,0.945855 -0 0.324589 0.324589 -0 -0.945855 0 1 0,-158.7094,27.6837,1.5238,-162.063 24.3305 -6.47616 -155.356 31.037 9.52384
1018,1017,2,Robotic Hand_V5/Mirrorm1_screw_assemb_copy-3/MirrorTR Fastenings Ltd-M1_6X3mm-1,MirrorTR Fastenings Ltd-M1_6X3mm-1,24,MirrorTR Fastenings Ltd-M1_6X3mm,MirrorTR Fastenings Ltd-M1_6X3mm.SLDPRT,,fastener,screw-M1.6,,False,False,0,False,False,False,False,,False,,-158.7094,3.0738,-27.6837,0.945855 0.324589 0 0 0 -1 -0.324589 0.945855 -0,0.945855 0.324589 0 -158.709 0 0 -1 3.07384 -0.324589 0.945855 -0 -27.6837 0 0 0 1,-1.66762 -1.66762 -0.000498 1.66762 1.66762 4.3,3.34 x 3.34 x 4.30,-158.7094,0.9241,-27.6837,-158.7094,27.6837,3.0738,0.945855 -0 0.324589 0.324589 -0 -0.945855 0 1 0,-158.7094,27.6837,0.9241,-160.828 25.5651 -1.22616 -156.591 29.8024 3.07434
1019,1017,2,Robotic Hand_V5/Mirrorm1_screw_assemb_copy-3/Mirrorm1.6 Nut .35mm pitch-1,Mirrorm1.6 Nut .35mm pitch-1,25,Mirrorm1.6 Nut .35mm pitch,Mirrorm1.6 Nut .35mm pitch.SLDPRT,,fastener,nut-M1.6,,False,False,0,False,False,False,False,,False,,-158.7094,0.0738,-27.6837,0.982955 0 -0.183847 0 -1 -0 -0.183847 -0 -0.982955,0.982955 0 -0.183847 -158.709 0 -1 -0 0.073845 -0.183847 -0 -0.982955 -27.6837 0 0 0 1,-1.60367 -0.117477 -1.84751 1.60367 1.305 1.84751,3.21 x 1.42 x 3.70,-158.7094,-0.5199,-27.6837,-158.7094,27.6837,0.0738,0.982955 0.183847 0 0.183847 -0.982955 0 0 0 -1,-158.7094,27.6837,-0.5199,-160.625 25.5729 -1.23115 -156.793 29.7946 0.191321
1020,1017,2,Robotic Hand_V5/Mirrorm1_screw_assemb_copy-3/Mirrorm1_head_cav-1,Mirrorm1_head_cav-1,26,Mirrorm1_head_cav,Mirrorm1_head_cav.SLDPRT,,cut-tool (not a physical part),cut-tool,,False,False,0,False,False,False,False,,False,,-158.7094,1.5238,-27.6837,-0.637854 -0 -0.770158 -0 1 -0 0.770158 0 -0.637854,-0.637854 -0 -0.770158 -158.709 -0 1 -0 1.52384 0.770158 0 -0.637854 -27.6837 0 0 0 1,-1.92 0 -1.92 1.92 8 1.92,3.84 x 8.00 x 3.84,-158.7094,5.5238,-27.6837,-158.7094,27.6837,1.5238,-0.637854 0.770158 -0 -0.770158 -0.637854 -0 -0 0 1,-158.7094,27.6837,5.5238,-161.413 24.9804 1.52384 -156.006 30.3871 9.52384
1021,1017,2,Robotic Hand_V5/Mirrorm1_screw_assemb_copy-3/Mirrorm1_hole_cav-1,Mirrorm1_hole_cav-1,27,Mirrorm1_hole_cav,Mirrorm1_hole_cav.SLDPRT,,cut-tool (not a physical part),cut-tool,,False,False,0,False,False,False,False,,False,,-158.7094,-6.4762,-27.6837,0.945855 -0 0.324589 0 1 0 -0.324589 0 0.945855,0.945855 -0 0.324589 -158.709 0 1 0 -6.47616 -0.324589 0 0.945855 -27.6837 0 0 0 1,-1.05 0 -1.05 1.05 8 1.05,2.10 x 8.00 x 2.10,-158.7094,-2.4762,-27.6837,-158.7094,27.6837,-6.4762,0.945855 -0.324589 -0 0.324589 0.945855 -0 0 -0 1,-158.7094,27.6837,-2.4762,-160.043 26.3498 -6.47616 -157.375 29.0177 1.52384
1022,1017,2,Robotic Hand_V5/Mirrorm1_screw_assemb_copy-3/Mirrorm1_nut_cav-1,Mirrorm1_nut_cav-1,28,Mirrorm1_nut_cav,Mirrorm1_nut_cav.SLDPRT,,cut-tool (not a physical part),cut-tool,,False,False,0,False,False,False,False,,False,,-158.7094,-1.4762,-27.6837,-0.928275 -0 -0.371893 -0 1 -0 0.371893 0 -0.928275,-0.928275 -0 -0.371893 -158.709 -0 1 -0 -1.47616 0.371893 0 -0.928275 -27.6837 0 0 0 1,-2.02541 0 -2.09356 2.02541 1.8 2.09356,4.05 x 1.80 x 4.19,-158.7094,-0.5762,-27.6837,-158.7094,27.6837,-1.4762,-0.928275 0.371893 -0 -0.371893 -0.928275 -0 -0 0 1,-158.7094,27.6837,-0.5762,-161.368 24.9871 -1.47616 -156.051 30.3804 0.323845
1023,,1,Robotic Hand_V5/Mirrorm1_screw_assemb_fingies-1,Mirrorm1_screw_assemb_fingies-1,2862,Mirrorm1_screw_assemb_fingies,Mirrorm1_screw_assemb_fingies.SLDASM,,fastener,sub-assembly,,False,True,6,False,False,False,False,Yes,False,,43.6390,-1.2915,0.3449,0 -0 -1 -0.567327 0.823492 -0 0.823492 0.567327 -0,0 -0 -1 43.639 -0.567327 0.823492 -0 -1.29152 0.823492 0.567327 -0 0.344934 0 0 0 1,-14.2265 -10.8842 -8.52964 2.12844 3.22069 7.47037,16.35 x 14.10 x 16.00,44.1686,-1.0152,-6.8102,43.6390,-0.3449,-1.2915,0 1 -0 -0.823492 -0 -0.567327 -0.567327 0 0.823492,44.1686,6.8102,-1.0152,36.1686 -3.92488 -11.4621 52.1686 17.5454 9.43176
1024,1023,2,Robotic Hand_V5/Mirrorm1_screw_assemb_fingies-1/MirrorTR Fastenings Ltd-M1_6X3mm-1,MirrorTR Fastenings Ltd-M1_6X3mm-1,24,MirrorTR Fastenings Ltd-M1_6X3mm,MirrorTR Fastenings Ltd-M1_6X3mm.SLDPRT,,fastener,screw-M1.6,,False,False,0,False,False,False,False,,False,,45.7186,-0.5230,0.2539,0 -0 -1 -0.567327 0.823492 -0 0.823492 0.567327 -0,0 -0 -1 45.7186 -0.567327 0.823492 -0 -0.522963 0.823492 0.567327 -0 0.253861 0 0 0 1,-1.66762 -1.66762 -0.000498 1.66762 1.66762 4.3,3.34 x 3.34 x 4.30,43.5689,-0.5230,0.2539,45.7186,-0.2539,-0.5230,0 1 -0 -0.823492 -0 -0.567327 -0.567327 0 0.823492,43.5689,-0.2539,-0.5230,41.4186 -2.57322 -2.84232 45.7191 2.06549 1.79639
1025,1023,2,Robotic Hand_V5/Mirrorm1_screw_assemb_fingies-1/Mirrorm1.6 Nut .35mm pitch-1,Mirrorm1.6 Nut .35mm pitch-1,25,Mirrorm1.6 Nut .35mm pitch,Mirrorm1.6 Nut .35mm pitch.SLDPRT,,fastener,nut-M1.6,,False,False,0,False,False,False,False,,False,,42.7186,-0.5230,0.2539,0 -1 0 -0.441776 -0 -0.897125 0.897125 -0 -0.441776,0 -1 0 42.7186 -0.441776 -0 -0.897125 -0.522963 0.897125 -0 -0.441776 0.253861 0 0 0 1,-1.60367 -0.117477 -1.84751 1.60367 1.305 1.84751,3.21 x 1.42 x 3.70,42.1249,-0.5230,0.2539,42.7186,-0.2539,-0.5230,0 -0 -1 -0.897125 -0.441776 0 -0.441776 0.897125 -0,42.1249,-0.2539,-0.5230,41.4136 -2.50874 -2.88887 42.8361 2.00102 1.84295
1026,1023,2,Robotic Hand_V5/Mirrorm1_screw_assemb_fingies-1/Mirrorm1_head_cav-1,Mirrorm1_head_cav-1,26,Mirrorm1_head_cav,Mirrorm1_head_cav.SLDPRT,,cut-tool (not a physical part),cut-tool,,False,False,0,False,False,False,False,,False,,44.1686,-0.5230,0.2539,-0 1 0 0.913485 0 -0.406873 -0.406873 0 -0.913485,-0 1 0 44.1686 0.913485 0 -0.406873 -0.522963 -0.406873 0 -0.913485 0.253861 0 0 0 1,-1.92 0 -1.92 1.92 8 1.92,3.84 x 8.00 x 3.84,48.1686,-0.5230,0.2539,44.1686,-0.2539,-0.5230,-0 -0 1 0.406873 -0.913485 -0 0.913485 0.406873 0,48.1686,-0.2539,-0.5230,44.1686 -2.78895 -3.05805 52.1686 2.28123 2.01212
1027,1023,2,Robotic Hand_V5/Mirrorm1_screw_assemb_fingies-1/Mirrorm1_hole_cav-1,Mirrorm1_hole_cav-1,27,Mirrorm1_hole_cav,Mirrorm1_hole_cav.SLDPRT,,cut-tool (not a physical part),cut-tool,,False,False,0,False,False,False,False,,False,,36.1686,-0.5230,0.2539,0 1 -0 -0.567327 0 0.823492 0.823492 0 0.567327,0 1 -0 36.1686 -0.567327 0 0.823492 -0.522963 0.823492 0 0.567327 0.253861 0 0 0 1,-1.05 0 -1.05 1.05 8 1.05,2.10 x 8.00 x 2.10,40.1686,-0.5230,0.2539,36.1686,-0.2539,-0.5230,0 0 1 -0.823492 0.567327 -0 -0.567327 -0.823492 0,40.1686,-0.2539,-0.5230,36.1686 -1.71422 -1.98332 44.1686 1.2065 0.937398
1028,1023,2,Robotic Hand_V5/Mirrorm1_screw_assemb_fingies-1/Mirrorm1_nut_cav-1,Mirrorm1_nut_cav-1,28,Mirrorm1_nut_cav,Mirrorm1_nut_cav.SLDPRT,,cut-tool (not a physical part),cut-tool,,False,False,0,False,False,False,False,,False,,41.1686,-0.5230,0.2539,-0 1 0 0.60815 0 -0.793822 -0.793822 0 -0.60815,-0 1 0 41.1686 0.60815 0 -0.793822 -0.522963 -0.793822 0 -0.60815 0.253861 0 0 0 1,-2.02541 0 -2.09356 2.02541 1.8 2.09356,4.05 x 1.80 x 4.19,42.0686,-0.5230,0.2539,41.1686,-0.2539,-0.5230,-0 -0 1 0.793822 -0.60815 -0 0.60815 0.793822 0,42.0686,-0.2539,-0.5230,41.1686 -3.13488 -3.41663 42.9686 2.62715 2.3707
1029,1023,2,Robotic Hand_V5/Mirrorm1_screw_assemb_fingies-1/m1_nutopening_insertion_cav-1,m1_nutopening_insertion_cav-1,43,m1_nutopening_insertion_cav,m1_nutopening_insertion_cav.SLDPRT,,cut-tool (not a physical part),cut-tool,,False,False,0,False,False,False,False,,False,,42.0686,-1.6469,-15.7749,0 1 -0 -0.997551 0 0.06995 0.06995 0 0.997551,0 1 -0 42.0686 -0.997551 0 0.06995 -1.64692 0.06995 0 0.997551 -15.7749 0 0 0 1,-1.85 -0.9 0 1.85 0.9 15,3.70 x 1.80 x 15.00,42.0686,-1.1223,-8.2933,42.0686,15.7749,-1.6469,0 0 1 -0.06995 0.997551 -0 -0.997551 -0.06995 0,42.0686,8.2933,-1.1223,41.1686 0.682214 -3.49239 42.9686 15.9043 1.24779
1030,,1,Robotic Hand_V5/Mirrorm1_screw_assemb_fingies-2,Mirrorm1_screw_assemb_fingies-2,2863,Mirrorm1_screw_assemb_fingies,Mirrorm1_screw_assemb_fingies.SLDASM,,fastener,sub-assembly,,False,True,6,False,False,False,False,Yes,False,,48.0672,0.2508,36.0470,-0.064169 -0.058978 0.996195 0.676699 -0.736259 -0 0.733458 0.674124 0.087156,-0.064169 -0.058978 0.996195 48.0672 0.676699 -0.736259 -0 0.250779 0.733458 0.674124 0.087156 36.047 0 0 0 1,-14.2265 -10.8842 -8.52964 2.12844 3.22069 7.47037,16.35 x 14.10 x 16.00,48.1537,-1.0214,28.9811,48.0672,-36.0470,0.2508,-0.064169 -0.996195 -0.058978 -0.733458 0.087156 -0.674124 0.676699 0 -0.736259,48.1537,-28.9811,-1.0214,39.2435 -40.4304 -11.7475 57.064 -17.5318 9.70469
1031,1030,2,Robotic Hand_V5/Mirrorm1_screw_assemb_fingies-2/MirrorTR Fastenings Ltd-M1_6X3mm-1,MirrorTR Fastenings Ltd-M1_6X3mm-1,24,MirrorTR Fastenings Ltd-M1_6X3mm,MirrorTR Fastenings Ltd-M1_6X3mm.SLDPRT,,fastener,screw-M1.6,,False,False,0,False,False,False,False,,False,,45.9940,-0.5230,35.8828,-0.064169 -0.058978 0.996195 0.676699 -0.736259 -0 0.733458 0.674124 0.087156,-0.064169 -0.058978 0.996195 45.994 0.676699 -0.736259 -0 -0.522963 0.733458 0.674124 0.087156 35.8828 0 0 0 1,-1.66762 -1.66762 -0.000498 1.66762 1.66762 4.3,3.34 x 3.34 x 4.30,48.1356,-0.5230,36.0701,45.9940,-35.8828,-0.5230,-0.064169 -0.996195 -0.058978 -0.733458 0.087156 -0.674124 0.676699 0 -0.736259,48.1356,-36.0701,-0.5230,45.7881 -38.6048 -2.87924 50.483 -33.5354 1.83331
1032,1030,2,Robotic Hand_V5/Mirrorm1_screw_assemb_fingies-2/Mirrorm1.6 Nut .35mm pitch-1,Mirrorm1.6 Nut .35mm pitch-1,25,Mirrorm1.6 Nut .35mm pitch,Mirrorm1.6 Nut .35mm pitch.SLDPRT,,fastener,nut-M1.6,,False,False,0,False,False,False,False,,False,,48.9826,-0.5230,36.1442,-0.072051 0.996195 0.049038 0.562653 -0 0.826693 0.823547 0.087156 -0.560512,-0.072051 0.996195 0.049038 48.9826 0.562653 -0 0.826693 -0.522963 0.823547 0.087156 -0.560512 36.1442 0 0 0 1,-1.60367 -0.117477 -1.84751 1.60367 1.305 1.84751,3.21 x 1.42 x 3.70,49.5741,-0.5230,36.1960,48.9826,-36.1442,-0.5230,-0.072051 -0.049038 0.996195 -0.823547 -0.560512 -0.087156 0.562653 -0.826693 -0,49.5741,-36.1960,-0.5230,48.6594 -38.6142 -2.95259 50.4888 -33.7777 1.90667
1033,1030,2,Robotic Hand_V5/Mirrorm1_screw_assemb_fingies-2/Mirrorm1_head_cav-1,Mirrorm1_head_cav-1,26,Mirrorm1_head_cav,Mirrorm1_head_cav.SLDPRT,,cut-tool (not a physical part),cut-tool,,False,False,0,False,False,False,False,,False,,47.5381,-0.5230,36.0179,0.024003 -0.996195 0.083785 -0.961327 0 0.275409 -0.274361 -0.087156 -0.957669,0.024003 -0.996195 0.083785 47.5381 -0.961327 0 0.275409 -0.522963 -0.274361 -0.087156 -0.957669 36.0179 0 0 0 1,-1.92 0 -1.92 1.92 8 1.92,3.84 x 8.00 x 3.84,43.5533,-0.5230,35.6692,47.5381,-36.0179,-0.5230,0.024003 -0.083785 -0.996195 0.274361 -0.957669 0.087156 -0.961327 -0.275409 0,43.5533,-35.6692,-0.5230,39.3616 -38.3833 -2.8975 47.7451 -32.9551 1.85157
1034,1030,2,Robotic Hand_V5/Mirrorm1_screw_assemb_fingies-2/Mirrorm1_hole_cav-1,Mirrorm1_hole_cav-1,27,Mirrorm1_hole_cav,Mirrorm1_hole_cav.SLDPRT,,cut-tool (not a physical part),cut-tool,,False,False,0,False,False,False,False,,False,,55.5077,-0.5230,36.7151,-0.064169 -0.996195 -0.058978 0.676699 0 -0.736259 0.733458 -0.087156 0.674124,-0.064169 -0.996195 -0.058978 55.5077 0.676699 0 -0.736259 -0.522963 0.733458 -0.087156 0.674124 36.7151 0 0 0 1,-1.05 0 -1.05 1.05 8 1.05,2.10 x 8.00 x 2.10,51.5229,-0.5230,36.3665,55.5077,-36.7151,-0.5230,-0.064169 0.058978 -0.996195 -0.733458 0.674124 0.087156 0.676699 0.736259 0,51.5229,-36.3665,-0.5230,47.4088 -38.1931 -2.00657 55.637 -34.5399 0.960644
1035,1030,2,Robotic Hand_V5/Mirrorm1_screw_assemb_fingies-2/Mirrorm1_nut_cav-1,Mirrorm1_nut_cav-1,28,Mirrorm1_nut_cav,Mirrorm1_nut_cav.SLDPRT,,cut-tool (not a physical part),cut-tool,,False,False,0,False,False,False,False,,False,,50.5267,-0.5230,36.2793,0.061112 -0.996195 0.06214 -0.712981 0 0.701183 -0.698515 -0.087156 -0.710268,0.061112 -0.996195 0.06214 50.5267 -0.712981 0 0.701183 -0.522963 -0.698515 -0.087156 -0.710268 36.2793 0 0 0 1,-2.02541 0 -2.09356 2.02541 1.8 2.09356,4.05 x 1.80 x 4.19,49.6301,-0.5230,36.2009,50.5267,-36.2793,-0.5230,0.061112 -0.06214 -0.996195 0.698515 -0.710268 0.087156 -0.712981 -0.701183 0,49.6301,-36.2009,-0.5230,48.4797 -39.1811 -3.43501 50.7806 -33.2207 2.38909
1036,1030,2,Robotic Hand_V5/Mirrorm1_screw_assemb_fingies-2/m1_nutopening_insertion_cav-1,m1_nutopening_insertion_cav-1,43,m1_nutopening_insertion_cav,m1_nutopening_insertion_cav.SLDPRT,,cut-tool (not a physical part),cut-tool,,False,False,0,False,False,False,False,,False,,51.0271,-1.6469,20.2331,0.006097 -0.996195 -0.086942 0.997551 0 0.06995 -0.069683 -0.087156 0.993755,0.006097 -0.996195 -0.086942 51.0271 0.997551 0 0.06995 -1.64692 -0.069683 -0.087156 0.993755 20.2331 0 0 0 1,-1.85 -0.9 0 1.85 0.9 15,3.70 x 1.80 x 15.00,50.3750,-1.1223,27.6863,51.0271,-20.2331,-1.6469,0.006097 0.086942 -0.996195 0.069683 0.993755 0.087156 0.997551 -0.06995 0,50.3750,-27.6863,-1.1223,48.8151 -35.3468 -3.49239 51.935 -20.0258 1.24779
1037,,1,Robotic Hand_V5/Mirrorm1_screw_assemb_fingies-3,Mirrorm1_screw_assemb_fingies-3,2864,Mirrorm1_screw_assemb_fingies,Mirrorm1_screw_assemb_fingies.SLDASM,,fastener,sub-assembly,,False,True,6,False,False,False,False,Yes,False,,35.6421,0.2508,70.2070,-0.12785 -0.117508 0.984808 0.676699 -0.736259 -0 0.725074 0.666419 0.173648,-0.12785 -0.117508 0.984808 35.6421 0.676699 -0.736259 -0 0.250779 0.725074 0.666419 0.173648 70.207 0 0 0 1,-14.2265 -10.8842 -8.52964 2.12844 3.22069 7.47037,16.35 x 14.10 x 16.00,36.3441,-1.0214,63.1755,35.6421,-70.2070,0.2508,-0.12785 -0.984808 -0.117508 -0.725074 0.173648 -0.666419 0.676699 0 -0.736259,36.3441,-63.1755,-1.0214,26.5915 -75.1939 -11.7475 46.0968 -51.1572 9.70469
1038,1037,2,Robotic Hand_V5/Mirrorm1_screw_assemb_fingies-3/MirrorTR Fastenings Ltd-M1_6X3mm-1,MirrorTR Fastenings Ltd-M1_6X3mm-1,24,MirrorTR Fastenings Ltd-M1_6X3mm,MirrorTR Fastenings Ltd-M1_6X3mm.SLDPRT,,fastener,screw-M1.6,,False,False,0,False,False,False,False,,False,,33.5911,-0.5230,69.8627,-0.12785 -0.117508 0.984808 0.676699 -0.736259 -0 0.725074 0.666419 0.173648,-0.12785 -0.117508 0.984808 33.5911 0.676699 -0.736259 -0 -0.522963 0.725074 0.666419 0.173648 69.8627 0 0 0 1,-1.66762 -1.66762 -0.000498 1.66762 1.66762 4.3,3.34 x 3.34 x 4.30,35.7082,-0.5230,70.2360,33.5911,-69.8627,-0.5230,-0.12785 -0.984808 -0.117508 -0.725074 0.173648 -0.666419 0.676699 0 -0.736259,35.7082,-70.2360,-0.5230,33.1814 -72.9299 -2.87924 38.2349 -67.5422 1.83331
1039,1037,2,Robotic Hand_V5/Mirrorm1_screw_assemb_fingies-3/Mirrorm1.6 Nut .35mm pitch-1,Mirrorm1.6 Nut .35mm pitch-1,25,Mirrorm1.6 Nut .35mm pitch,Mirrorm1.6 Nut .35mm pitch.SLDPRT,,fastener,nut-M1.6,,False,False,0,False,False,False,False,,False,,36.5455,-0.5230,70.3837,-0.143554 0.984808 0.097704 0.562653 -0 0.826693 0.814134 0.173648 -0.554105,-0.143554 0.984808 0.097704 36.5455 0.562653 -0 0.826693 -0.522963 0.814134 0.173648 -0.554105 70.3837 0 0 0 1,-1.60367 -0.117477 -1.84751 1.60367 1.305 1.84751,3.21 x 1.42 x 3.70,37.1303,-0.5230,70.4868,36.5455,-70.3837,-0.5230,-0.143554 -0.097704 0.984808 -0.814134 -0.554105 -0.173648 0.562653 -0.826693 -0,37.1303,-70.4868,-0.5230,36.0191 -72.9396 -2.95259 38.2414 -68.034 1.90667
1040,1037,2,Robotic Hand_V5/Mirrorm1_screw_assemb_fingies-3/Mirrorm1_head_cav-1,Mirrorm1_head_cav-1,26,Mirrorm1_head_cav,Mirrorm1_head_cav.SLDPRT,,cut-tool (not a physical part),cut-tool,,False,False,0,False,False,False,False,,False,,35.1175,-0.5230,70.1319,0.047824 -0.984808 0.166933 -0.961327 0 0.275409 -0.271225 -0.173648 -0.946723,0.047824 -0.984808 0.166933 35.1175 -0.961327 0 0.275409 -0.522963 -0.271225 -0.173648 -0.946723 70.1319 0 0 0 1,-1.92 0 -1.92 1.92 8 1.92,3.84 x 8.00 x 3.84,31.1783,-0.5230,69.4373,35.1175,-70.1319,-0.5230,0.047824 -0.166933 -0.984808 0.271225 -0.946723 0.173648 -0.961327 -0.275409 0,31.1783,-69.4373,-0.5230,26.8268 -72.4703 -2.8975 35.5299 -66.4042 1.85157
1041,1037,2,Robotic Hand_V5/Mirrorm1_screw_assemb_fingies-3/Mirrorm1_hole_cav-1,Mirrorm1_hole_cav-1,27,Mirrorm1_hole_cav,Mirrorm1_hole_cav.SLDPRT,,cut-tool (not a physical part),cut-tool,,False,False,0,False,False,False,False,,False,,42.9960,-0.5230,71.5211,-0.12785 -0.984808 -0.117508 0.676699 0 -0.736259 0.725074 -0.173648 0.666419,-0.12785 -0.984808 -0.117508 42.996 0.676699 0 -0.736259 -0.522963 0.725074 -0.173648 0.666419 71.5211 0 0 0 1,-1.05 0 -1.05 1.05 8 1.05,2.10 x 8.00 x 2.10,39.0568,-0.5230,70.8265,42.9960,-71.5211,-0.5230,-0.12785 0.117508 -0.984808 -0.725074 0.666419 0.173648 0.676699 0.736259 0,39.0568,-70.8265,-0.5230,34.8599 -72.9821 -2.00657 43.2536 -68.6708 0.960644
1042,1037,2,Robotic Hand_V5/Mirrorm1_screw_assemb_fingies-3/Mirrorm1_nut_cav-1,Mirrorm1_nut_cav-1,28,Mirrorm1_nut_cav,Mirrorm1_nut_cav.SLDPRT,,cut-tool (not a physical part),cut-tool,,False,False,0,False,False,False,False,,False,,38.0720,-0.5230,70.6528,0.121759 -0.984808 0.123808 -0.712981 0 0.701183 -0.69053 -0.173648 -0.70215,0.121759 -0.984808 0.123808 38.072 -0.712981 0 0.701183 -0.522963 -0.69053 -0.173648 -0.70215 70.6528 0 0 0 1,-2.02541 0 -2.09356 2.02541 1.8 2.09356,4.05 x 1.80 x 4.19,37.1856,-0.5230,70.4965,38.0720,-70.6528,-0.5230,0.121759 -0.123808 -0.984808 0.69053 -0.70215 0.173648 -0.712981 -0.701183 0,37.1856,-70.4965,-0.5230,35.7935 -73.5214 -3.43501 38.5778 -67.4717 2.38909
1043,1037,2,Robotic Hand_V5/Mirrorm1_screw_assemb_fingies-3/m1_nutopening_insertion_cav-1,m1_nutopening_insertion_cav-1,43,m1_nutopening_insertion_cav,m1_nutopening_insertion_cav.SLDPRT,,cut-tool (not a physical part),cut-tool,,False,False,0,False,False,False,False,,False,,39.9690,-1.6469,54.7113,0.012147 -0.984808 -0.173223 0.997551 0 0.06995 -0.068887 -0.173648 0.982395,0.012147 -0.984808 -0.173223 39.969 0.997551 0 0.06995 -1.64692 -0.068887 -0.173648 0.982395 54.7113 0 0 0 1,-1.85 -0.9 0 1.85 0.9 15,3.70 x 1.80 x 15.00,38.6698,-1.1223,62.0793,39.9690,-54.7113,-1.6469,0.012147 0.173223 -0.984808 0.068887 0.982395 0.173648 0.997551 -0.06995 0,38.6698,-62.0793,-1.1223,36.4619 -69.731 -3.49239 40.8778 -54.4276 1.24779
1044,,1,Robotic Hand_V5/Mirrorm1_screw_assemb_fingies-4,Mirrorm1_screw_assemb_fingies-4,2865,Mirrorm1_screw_assemb_fingies,Mirrorm1_screw_assemb_fingies.SLDASM,,fastener,sub-assembly,,False,True,6,False,False,False,False,Yes,False,,11.7447,0.2508,100.1434,-0.190558 -0.175143 0.965926 0.676699 -0.736259 0 0.711172 0.653641 0.258819,-0.190558 -0.175143 0.965926 11.7447 0.676699 -0.736259 0 0.250779 0.711172 0.653641 0.258819 100.143 0 0 0 1,-14.2265 -10.8842 -8.52964 2.12844 3.22069 7.47037,16.35 x 14.10 x 16.00,13.0569,-1.0214,93.1999,11.7447,-100.1434,0.2508,-0.190558 -0.965926 -0.175143 -0.711172 0.258819 -0.653641 0.676699 -0 -0.736259,13.0569,-93.1999,-1.0214,2.53608 -105.696 -11.7475 23.5778 -80.704 9.70469
1045,1044,2,Robotic Hand_V5/Mirrorm1_screw_assemb_fingies-4/MirrorTR Fastenings Ltd-M1_6X3mm-1,MirrorTR Fastenings Ltd-M1_6X3mm-1,24,MirrorTR Fastenings Ltd-M1_6X3mm,MirrorTR Fastenings Ltd-M1_6X3mm.SLDPRT,,fastener,screw-M1.6,,False,False,0,False,False,False,False,,False,,9.7316,-0.5230,99.6217,-0.190558 -0.175143 0.965926 0.676699 -0.736259 0 0.711172 0.653641 0.258819,-0.190558 -0.175143 0.965926 9.73155 0.676699 -0.736259 0 -0.522963 0.711172 0.653641 0.258819 99.6217 0 0 0 1,-1.66762 -1.66762 -0.000498 1.66762 1.66762 4.3,3.34 x 3.34 x 4.30,11.8081,-0.5230,100.1781,9.7316,-99.6217,-0.5230,-0.190558 -0.965926 -0.175143 -0.711172 0.258819 -0.653641 0.676699 -0 -0.736259,11.8081,-100.1781,-0.5230,9.12122 -103.011 -2.87924 14.4949 -97.3456 1.83331
1046,1044,2,Robotic Hand_V5/Mirrorm1_screw_assemb_fingies-4/Mirrorm1.6 Nut .35mm pitch-1,Mirrorm1.6 Nut .35mm pitch-1,25,Mirrorm1.6 Nut .35mm pitch,Mirrorm1.6 Nut .35mm pitch.SLDPRT,,fastener,nut-M1.6,,False,False,0,False,False,False,False,,False,,12.6293,-0.5230,100.3981,-0.213964 0.965926 0.145625 0.562653 0 0.826693 0.798524 0.258819 -0.543481,-0.213964 0.965926 0.145625 12.6293 0.562653 0 0.826693 -0.522963 0.798524 0.258819 -0.543481 100.398 0 0 0 1,-1.60367 -0.117477 -1.84751 1.60367 1.305 1.84751,3.21 x 1.42 x 3.70,13.2029,-0.5230,100.5518,12.6293,-100.3981,-0.5230,-0.213964 -0.145625 0.965926 -0.798524 -0.543481 -0.258819 0.562653 -0.826693 0,13.2029,-100.5518,-0.5230,11.9037 -103.021 -2.95259 14.502 -98.0831 1.90667
1047,1044,2,Robotic Hand_V5/Mirrorm1_screw_assemb_fingies-4/Mirrorm1_head_cav-1,Mirrorm1_head_cav-1,26,Mirrorm1_head_cav,Mirrorm1_head_cav.SLDPRT,,cut-tool (not a physical part),cut-tool,,False,False,0,False,False,False,False,,False,,11.2287,-0.5230,100.0228,0.071281 -0.965926 0.24881 -0.961327 -0 0.275409 -0.266024 -0.258819 -0.928571,0.071281 -0.965926 0.24881 11.2287 -0.961327 -0 0.275409 -0.522963 -0.266024 -0.258819 -0.928571 100.023 0 0 0 1,-1.92 0 -1.92 1.92 8 1.92,3.84 x 8.00 x 3.84,7.3650,-0.5230,98.9876,11.2287,-100.0228,-0.5230,0.071281 -0.24881 -0.965926 0.266024 -0.928571 0.258819 -0.961327 -0.275409 -0,7.3650,-98.9876,-0.5230,2.88676 -102.316 -2.8975 11.8433 -95.6587 1.85157
1048,1044,2,Robotic Hand_V5/Mirrorm1_screw_assemb_fingies-4/Mirrorm1_hole_cav-1,Mirrorm1_hole_cav-1,27,Mirrorm1_hole_cav,Mirrorm1_hole_cav.SLDPRT,,cut-tool (not a physical part),cut-tool,,False,False,0,False,False,False,False,,False,,18.9561,-0.5230,102.0934,-0.190558 -0.965926 -0.175143 0.676699 -0 -0.736259 0.711172 -0.258819 0.653641,-0.190558 -0.965926 -0.175143 18.9561 0.676699 -0 -0.736259 -0.522963 0.711172 -0.258819 0.653641 102.093 0 0 0 1,-1.05 0 -1.05 1.05 8 1.05,2.10 x 8.00 x 2.10,15.0924,-0.5230,101.0581,18.9561,-102.0934,-0.5230,-0.190558 0.175143 -0.965926 -0.711172 0.653641 0.258819 0.676699 0.736259 -0,15.0924,-101.0581,-0.5230,10.8448 -103.526 -2.00657 19.3401 -98.5898 0.960644
1049,1044,2,Robotic Hand_V5/Mirrorm1_screw_assemb_fingies-4/Mirrorm1_nut_cav-1,Mirrorm1_nut_cav-1,28,Mirrorm1_nut_cav,Mirrorm1_nut_cav.SLDPRT,,cut-tool (not a physical part),cut-tool,,False,False,0,False,False,False,False,,False,,14.1265,-0.5230,100.7993,0.181479 -0.965926 0.184533 -0.712981 -0 0.701183 -0.677291 -0.258819 -0.688687,0.181479 -0.965926 0.184533 14.1265 -0.712981 -0 0.701183 -0.522963 -0.677291 -0.258819 -0.688687 100.799 0 0 0 1,-2.02541 0 -2.09356 2.02541 1.8 2.09356,4.05 x 1.80 x 4.19,13.2572,-0.5230,100.5664,14.1265,-100.7993,-0.5230,0.181479 -0.184533 -0.965926 0.677291 -0.688687 0.258819 -0.712981 -0.701183 -0,13.2572,-100.5664,-0.5230,11.6339 -103.613 -3.43501 14.8804 -97.5198 2.38909
1050,1044,2,Robotic Hand_V5/Mirrorm1_screw_assemb_fingies-4/m1_nutopening_insertion_cav-1,m1_nutopening_insertion_cav-1,43,m1_nutopening_insertion_cav,m1_nutopening_insertion_cav.SLDPRT,,cut-tool (not a physical part),cut-tool,,False,False,0,False,False,False,False,,False,,17.4057,-1.6469,85.0838,0.018104 -0.965926 -0.258185 0.997551 -0 0.06995 -0.067566 -0.258819 0.96356,0.018104 -0.965926 -0.258185 17.4057 0.997551 -0 0.06995 -1.64692 -0.067566 -0.258819 0.96356 85.0838 0 0 0 1,-1.85 -0.9 0 1.85 0.9 15,3.70 x 1.80 x 15.00,15.4693,-1.1223,92.3105,17.4057,-85.0838,-1.6469,0.018104 0.258185 -0.965926 0.067566 0.96356 0.258819 0.997551 -0.06995 -0,15.4693,-92.3105,-1.1223,12.6301 -99.8951 -3.49239 18.3086 -84.7259 1.24779
1051,,1,Robotic Hand_V5/Mirrorm1_screw_assemb_fingies-5,Mirrorm1_screw_assemb_fingies-5,2866,Mirrorm1_screw_assemb_fingies,Mirrorm1_screw_assemb_fingies.SLDASM,,fastener,sub-assembly,,False,True,6,False,False,False,False,Yes,False,,-78.2205,-2.2915,-95.9773,0.533344 0.367436 -0.761928 -0.567327 0.823492 -0 0.627442 0.432263 0.647661,0.533344 0.367436 -0.761928 -78.2205 -0.567327 0.823492 -0 -2.29152 0.627442 0.432263 0.647661 -95.9773 0 0 0 1,-14.2265 -10.8842 -8.52964 2.12844 3.22069 7.47037,16.35 x 14.10 x 16.00,-82.4511,-2.0152,-101.7720,-78.2205,95.9773,-2.2915,0.533344 0.761928 0.367436 -0.627442 0.647661 -0.432263 -0.567327 0 0.823492,-82.4511,101.7720,-2.0152,-95.4993 88.4113 -12.4621 -69.403 115.133 8.43176
1052,1051,2,Robotic Hand_V5/Mirrorm1_screw_assemb_fingies-5/MirrorTR Fastenings Ltd-M1_6X3mm-1,MirrorTR Fastenings Ltd-M1_6X3mm-1,24,MirrorTR Fastenings Ltd-M1_6X3mm,MirrorTR Fastenings Ltd-M1_6X3mm.SLDPRT,,fastener,screw-M1.6,,False,False,0,False,False,False,False,,False,,-76.6950,-1.5230,-97.3935,0.533344 0.367436 -0.761928 -0.567327 0.823492 -0 0.627442 0.432263 0.647661,0.533344 0.367436 -0.761928 -76.695 -0.567327 0.823492 -0 -1.52296 0.627442 0.432263 0.647661 -97.3935 0 0 0 1,-1.66762 -1.66762 -0.000498 1.66762 1.66762 4.3,3.34 x 3.34 x 4.30,-78.3329,-1.5230,-96.0012,-76.6950,97.3935,-1.5230,0.533344 0.761928 0.367436 -0.627442 0.647661 -0.432263 -0.567327 0 0.823492,-78.3329,96.0012,-1.5230,-81.4734 92.8414 -3.84232 -75.1924 99.161 0.796392
1053,1051,2,Robotic Hand_V5/Mirrorm1_screw_assemb_fingies-5/Mirrorm1.6 Nut .35mm pitch-1,Mirrorm1.6 Nut .35mm pitch-1,25,Mirrorm1.6 Nut .35mm pitch,Mirrorm1.6 Nut .35mm pitch.SLDPRT,,fastener,nut-M1.6,,False,False,0,False,False,False,False,,False,,-78.9808,-1.5230,-95.4506,0.581033 -0.761928 -0.286122 -0.441776 -0 -0.897125 0.683545 0.647661 -0.336602,0.581033 -0.761928 -0.286122 -78.9808 -0.441776 -0 -0.897125 -1.52296 0.683545 0.647661 -0.336602 -95.4506 0 0 0 1,-1.60367 -0.117477 -1.84751 1.60367 1.305 1.84751,3.21 x 1.42 x 3.70,-79.4332,-1.5230,-95.0660,-78.9808,95.4506,-1.5230,0.581033 0.286122 -0.761928 -0.683545 -0.336602 -0.647661 -0.441776 0.897125 -0,-79.4332,95.0660,-1.5230,-81.4355 92.8873 -3.88887 -77.4309 97.2447 0.842945
1054,1051,2,Robotic Hand_V5/Mirrorm1_screw_assemb_fingies-5/Mirrorm1_head_cav-1,Mirrorm1_head_cav-1,26,Mirrorm1_head_cav,Mirrorm1_head_cav.SLDPRT,,cut-tool (not a physical part),cut-tool,,False,False,0,False,False,False,False,,False,,-77.8760,-1.5230,-96.3897,-0.263516 0.761928 -0.591629 0.913485 0 -0.406873 -0.310008 -0.647661 -0.69601,-0.263516 0.761928 -0.591629 -77.876 0.913485 0 -0.406873 -1.52296 -0.310008 -0.647661 -0.69601 -96.3897 0 0 0 1,-1.92 0 -1.92 1.92 8 1.92,3.84 x 8.00 x 3.84,-74.8283,-1.5230,-98.9803,-77.8760,96.3897,-1.5230,-0.263516 0.591629 0.761928 0.310008 -0.69601 0.647661 0.913485 0.406873 0,-74.8283,98.9803,-1.5230,-79.5178 94.4581 -4.05805 -70.1387 103.503 1.01212
1055,1051,2,Robotic Hand_V5/Mirrorm1_screw_assemb_fingies-5/Mirrorm1_hole_cav-1,Mirrorm1_hole_cav-1,27,Mirrorm1_hole_cav,Mirrorm1_hole_cav.SLDPRT,,cut-tool (not a physical part),cut-tool,,False,False,0,False,False,False,False,,False,,-83.9714,-1.5230,-91.2084,0.533344 0.761928 0.367436 -0.567327 0 0.823492 0.627442 -0.647661 0.432263,0.533344 0.761928 0.367436 -83.9714 -0.567327 0 0.823492 -1.52296 0.627442 -0.647661 0.432263 -91.2084 0 0 0 1,-1.05 0 -1.05 1.05 8 1.05,2.10 x 8.00 x 2.10,-80.9237,-1.5230,-93.7990,-83.9714,91.2084,-1.5230,0.533344 -0.367436 0.761928 -0.627442 0.432263 0.647661 -0.567327 -0.823492 0,-80.9237,93.7990,-1.5230,-84.9172 90.0957 -2.98332 -76.9301 97.5024 -0.062602
1056,1051,2,Robotic Hand_V5/Mirrorm1_screw_assemb_fingies-5/Mirrorm1_nut_cav-1,Mirrorm1_nut_cav-1,28,Mirrorm1_nut_cav,Mirrorm1_nut_cav.SLDPRT,,cut-tool (not a physical part),cut-tool,,False,False,0,False,False,False,False,,False,,-80.1617,-1.5230,-94.4467,-0.514128 0.761928 -0.393875 0.60815 0 -0.793822 -0.604836 -0.647661 -0.463366,-0.514128 0.761928 -0.393875 -80.1617 0.60815 0 -0.793822 -1.52296 -0.604836 -0.647661 -0.463366 -94.4467 0 0 0 1,-2.02541 0 -2.09356 2.02541 1.8 2.09356,4.05 x 1.80 x 4.19,-79.4760,-1.5230,-95.0296,-80.1617,94.4467,-1.5230,-0.514128 0.393875 0.761928 0.604836 -0.463366 0.647661 0.60815 0.793822 0,-79.4760,95.0296,-1.5230,-82.0277 92.2516 -4.41663 -76.9244 97.8076 1.3707
1057,1051,2,Robotic Hand_V5/Mirrorm1_screw_assemb_fingies-5/m1_nutopening_insertion_cav-1,m1_nutopening_insertion_cav-1,43,m1_nutopening_insertion_cav,m1_nutopening_insertion_cav.SLDPRT,,cut-tool (not a physical part),cut-tool,,False,False,0,False,False,False,False,,False,,-89.8572,-2.6469,-107.2423,0.045304 0.761928 0.646075 -0.997551 0 0.06995 0.053297 -0.647661 0.760062,0.045304 0.761928 0.646075 -89.8572 -0.997551 0 0.06995 -2.64692 0.053297 -0.647661 0.760062 -107.242 0 0 0 1,-1.85 -0.9 0 1.85 0.9 15,3.70 x 1.80 x 15.00,-85.0116,-2.1223,-101.5419,-89.8572,107.2423,-2.6469,0.045304 -0.646075 0.761928 -0.053297 0.760062 0.647661 -0.997551 -0.06995 0,-85.0116,101.5419,-2.1223,-90.6268 95.1599 -4.49239 -79.3965 107.924 0.247792
1058,,1,Robotic Hand_V5/Mirrorm1_screw_assemb_copy-2,Mirrorm1_screw_assemb_copy-2,2842,Mirrorm1_screw_assemb_copy,Mirrorm1_screw_assemb_copy.SLDASM,,fastener,sub-assembly,,False,True,5,False,False,False,False,Yes,False,,-174.3971,3.3197,-34.1678,0.945855 0.324589 0 0 0 -1 -0.324589 0.945855 -0,0.945855 0.324589 0 -174.397 0 0 -1 3.31973 -0.324589 0.945855 -0 -34.1678 0 0 0 1,-3.15048 -2.05823 -8.52964 2.12844 3.22069 7.47037,5.28 x 5.28 x 16.00,-174.6918,3.8494,-33.4521,-174.3971,34.1678,3.3197,0.945855 -0 0.324589 0.324589 -0 -0.945855 0 1 0,-174.6918,33.4521,3.8494,-178.045 30.0988 -4.15064 -171.339 36.8054 11.8494
1059,1058,2,Robotic Hand_V5/Mirrorm1_screw_assemb_copy-2/MirrorTR Fastenings Ltd-M1_6X3mm-1,MirrorTR Fastenings Ltd-M1_6X3mm-1,24,MirrorTR Fastenings Ltd-M1_6X3mm,MirrorTR Fastenings Ltd-M1_6X3mm.SLDPRT,,fastener,screw-M1.6,,False,False,0,False,False,False,False,,False,,-174.6918,5.3994,-33.4521,0.945855 0.324589 0 0 0 -1 -0.324589 0.945855 -0,0.945855 0.324589 0 -174.692 0 0 -1 5.39936 -0.324589 0.945855 -0 -33.4521 0 0 0 1,-1.66762 -1.66762 -0.000498 1.66762 1.66762 4.3,3.34 x 3.34 x 4.30,-174.6918,3.2496,-33.4521,-174.6918,33.4521,5.3994,0.945855 -0 0.324589 0.324589 -0 -0.945855 0 1 0,-174.6918,33.4521,3.2496,-176.81 31.3335 1.09936 -172.573 35.5707 5.39986
1060,1058,2,Robotic Hand_V5/Mirrorm1_screw_assemb_copy-2/Mirrorm1.6 Nut .35mm pitch-1,Mirrorm1.6 Nut .35mm pitch-1,25,Mirrorm1.6 Nut .35mm pitch,Mirrorm1.6 Nut .35mm pitch.SLDPRT,,fastener,nut-M1.6,,False,False,0,False,False,False,False,,False,,-174.6918,2.3994,-33.4521,0.982955 0 -0.183847 0 -1 -0 -0.183847 -0 -0.982955,0.982955 0 -0.183847 -174.692 0 -1 -0 2.39936 -0.183847 -0 -0.982955 -33.4521 0 0 0 1,-1.60367 -0.117477 -1.84751 1.60367 1.305 1.84751,3.21 x 1.42 x 3.70,-174.6918,1.8056,-33.4521,-174.6918,33.4521,2.3994,0.982955 0.183847 0 0.183847 -0.982955 0 0 0 -1,-174.6918,33.4521,1.8056,-176.608 31.3413 1.09436 -172.776 35.563 2.51684
1061,1058,2,Robotic Hand_V5/Mirrorm1_screw_assemb_copy-2/Mirrorm1_head_cav-1,Mirrorm1_head_cav-1,26,Mirrorm1_head_cav,Mirrorm1_head_cav.SLDPRT,,cut-tool (not a physical part),cut-tool,,False,False,0,False,False,False,False,,False,,-174.6918,3.8494,-33.4521,-0.637854 -0 -0.770158 -0 1 -0 0.770158 0 -0.637854,-0.637854 -0 -0.770158 -174.692 -0 1 -0 3.84936 0.770158 0 -0.637854 -33.4521 0 0 0 1,-1.92 0 -1.92 1.92 8 1.92,3.84 x 8.00 x 3.84,-174.6918,7.8494,-33.4521,-174.6918,33.4521,3.8494,-0.637854 0.770158 -0 -0.770158 -0.637854 -0 -0 0 1,-174.6918,33.4521,7.8494,-177.395 30.7488 3.84936 -171.988 36.1555 11.8494
1062,1058,2,Robotic Hand_V5/Mirrorm1_screw_assemb_copy-2/Mirrorm1_hole_cav-1,Mirrorm1_hole_cav-1,27,Mirrorm1_hole_cav,Mirrorm1_hole_cav.SLDPRT,,cut-tool (not a physical part),cut-tool,,False,False,0,False,False,False,False,,False,,-174.6918,-4.1506,-33.4521,0.945855 -0 0.324589 0 1 0 -0.324589 0 0.945855,0.945855 -0 0.324589 -174.692 0 1 0 -4.15064 -0.324589 0 0.945855 -33.4521 0 0 0 1,-1.05 0 -1.05 1.05 8 1.05,2.10 x 8.00 x 2.10,-174.6918,-0.1506,-33.4521,-174.6918,33.4521,-4.1506,0.945855 -0.324589 -0 0.324589 0.945855 -0 0 -0 1,-174.6918,33.4521,-0.1506,-176.026 32.1182 -4.15064 -173.358 34.7861 3.84936
1063,1058,2,Robotic Hand_V5/Mirrorm1_screw_assemb_copy-2/Mirrorm1_nut_cav-1,Mirrorm1_nut_cav-1,28,Mirrorm1_nut_cav,Mirrorm1_nut_cav.SLDPRT,,cut-tool (not a physical part),cut-tool,,False,False,0,False,False,False,False,,False,,-174.6918,0.8494,-33.4521,-0.928275 -0 -0.371893 -0 1 -0 0.371893 0 -0.928275,-0.928275 -0 -0.371893 -174.692 -0 1 -0 0.849363 0.371893 0 -0.928275 -33.4521 0 0 0 1,-2.02541 0 -2.09356 2.02541 1.8 2.09356,4.05 x 1.80 x 4.19,-174.6918,1.7494,-33.4521,-174.6918,33.4521,0.8494,-0.928275 0.371893 -0 -0.371893 -0.928275 -0 -0 0 1,-174.6918,33.4521,1.7494,-177.351 30.7555 0.849363 -172.033 36.1488 2.64936
