DBRep_DrawableShape

CASCADE Topology V1, (c) Matra-Datavision
Locations 6
1
              1               0               0               0 
              0               1               0               0 
              0               0               1               0 
1
-0.130526192220021 -0.991444861373815 -9.61353114032502e-15 43.3709567636376 
-0.991444861373815 0.130526192220021 -6.31467558932555e-14 -84.0651623910707 
6.386134425633e-14 1.28898045093856e-15              -1 17.9751672483964 
2  1 1 2 1 0
1
              1               0               0               0 
              0               1               0               0 
              0               0               1               0 
2  4 -1 1 -1 0
2  2 -1 1 -1 0
Curve2ds 652
3 18.635909496016332 -11.566897215945609 -1 -1.2e-16 1.2e-16 -1 7.5777663311643781 6.5
7 0 0  3 25 23  5.7418374986318064 3.3113434204097771  5.7622086350696042 3.3607617748853666  5.8029509079451991 3.4557901145840422  5.8640643172585918 3.5864245851768524  5.9251777265719872 3.7046500646931477  5.9862911358853781 3.8100286742442986  6.0474045451987717 3.9021660151348985  6.1085179545121644 3.9807183294337358  6.1696313638255571 4.0453922593604741  6.2307447731389525 4.0959463509725511  6.2918581824523443 4.1321918462524589  6.352971591765737 4.1539934171943704  6.4140850010791297 4.1612696632091355  6.4751984103925233 4.1539934171943713  6.536311819705916 4.1321918462524581  6.5974252290193096 4.0959463509725502  6.6585386383327023 4.045392259360475  6.7196520476460959 3.9807183294337358  6.7807654569594886 3.9021660151348994  6.8418788662728813 3.810028674244299  6.9029922755862749 3.7046500646931473  6.9641056848996676 3.5864245851768528  7.0252190942130612 3.4557901145840417  7.0659613670886561 3.3607617748853666  7.0863325035264531 3.3113434204097771 
 5.6109378047322629 4 5.6720512140456556 1 5.7331646233590492 1 5.7942780326724419 1 5.8553914419858346 1 5.9165048512992282 1 5.9776182606126209 1 6.0387316699260145 1 6.0998450792394072 1 6.1609584885527999 1 6.2220718978661935 1 6.2831853071795862 1 6.3442987164929789 1 6.4054121258063725 1 6.4665255351197652 1 6.5276389444331588 1 6.5887523537465515 1 6.6498657630599443 1 6.7109791723733379 1 6.7720925816867306 1 6.8332059910001233 1 6.8943194003135169 1 6.9554328096269096 4
1 12.706883101439864 0 0 -1 
1 0 0 0 -1 
1 14.814588910689945 -2.2737701452156998 0.15170538906473163 0.98842575590112913 
1 -2.272079366740507 -8.7857812042185977 -0.077981032611334003 -0.99695484278520374 
1 -1.8367646511569775 -16.264932404368331 -0.99368399064880975 0.11221464578323297 
1 -6.2872061875464 16.797445484577455 -0.51078280183627223 0.85970979367940636 
1 12.706883101439864 0 0 -1 
1 0 0 0 -1 
3 17.851524008852667 -12 1 0 -0 1 11.376514914717703 9.7584622847961011
7 0 0  1 2 2  2.0621137419168019 6.46765637349e-06  4.2431295058932639 0.00018212228803492 
 2.0621131734794433 2 4.2431407562701677 2
7 0 0  3 4 2  12.484227879176231 -3.3958432705926  12.648087447421375 -3.6612715004517007  12.706883101439864 -3.971182571777101  12.706883101439864 -4.2816119945628994 
 8.9999999999999996e-17 4 0.00091700398059660999 4
7 0 0  3 25 23  5.3338424866557412 0.18693123048380711  5.3340169867005045 0.18391847292245087  5.3344059679444271 0.17790906972988599  5.3351075870945293 0.16894272742229691  5.3359255748450511 0.16002349980983402  5.3368580912791375 0.15115099977568164  5.3379032543746225 0.14232500652863628  5.3390591328960477 0.13354548586397499  5.3403237463109576 0.12481257926674806  5.3416950628283653 0.11612660094048255  5.3431709979547239 0.10748803231407553  5.3447494129357764 0.098897516850472766  5.3464281132637703 0.090355854424324547  5.3482048472122283 0.081863995488867441  5.3500773044191838 0.073423034996540973  5.3520431145223837 0.065034206108020215  5.3540998458607403 0.056698873700883987  5.3562450042306766 0.048418527715590062  5.3584760317773767 0.040194776295921629  5.360790305760629 0.032029338979995901  5.3631851382040718 0.02392403908559752  5.3656577726996657 0.01588079858708618  5.3682053923164563 0.00790162328169184  5.3699518551653487 0.00262629035422685  5.370836618409097 0 
 8.9999999999999996e-17 4 4.168199911812e-05 1 8.3363998236139997e-05 1 0.00012504599735416001 1 0.00016672799647219 1 0.00020840999559020999 1 0.00025009199470824001 1 0.00029177399382626 1 0.00033345599294427999 1 0.00037513799206231001 1 0.00041681999118033 1 0.00045850199029834999 1 0.00050018398941637995 1 0.00054186598853440005 1 0.00058354798765242004 1 0.00062522998677045001 1 0.00066691198588847 1 0.00070859398500648998 1 0.00075027598412451995 1 0.00079195798324254005 1 0.00083363998236056004 1 0.00087532198147859 1 0.00091700398059660999 4
1 12.706883101439864 0 0 -1 
1 0 0 0 -1 
1 7.1488688537818224 0 0 1 
1 4.5000000000000062 4.2127781807258788 -1 0 
1 7.1488688537818232 0 -8.0000000000000006e-17 1 
1 26.000000000000004 -4.287221819274083 -1 -0 
1 12.566370614359172 15.500000000000007 -1 0 
2 0 0 1 1.0000000000000001e-17 1.0000000000000001e-17 -1 6.4999999999999964
1 6.2831853071795862 15.500000000000007 -1 -3.47e-15 
2 0 0 1 1.0000000000000001e-17 1.0000000000000001e-17 -1 6.4999999999999964
1 5.2598552092668953 0 7.0000000000000003e-17 1 
1 -25.5 9.8834154341433713 1 0 
7 0 0  1 2 2  5.2598552092668953 3.3245087435068825  5.7418374986318099 3.3113434204097061 
 1.9873628617775712 2 2.4693451511424858 2
3 5.0858292149631428 -11.566897215945609 1 -1.197e-14 1.197e-14 1 6.5000934093417211 6.5000000000000009
7 0 0  1 2 2  7.0863325035264495 3.3113434204097061  7.1488688537818224 3.3127529333775598 
 3.8138401560371245 2 3.8763765062924973 2
3 5.0858292149631428 -11.566897215945609 1 -1.197e-14 1.197e-14 1 6.5000934093417211 6.5000000000000009
1 -2.0562962852494913 -15.619345422870174 -0.9914451041083977 0.13052434845456407 
1 1.1996804598019022 6.5519712352769766 0.00531517376290239 0.99998587436416841 
1 2.0714065645062689 -0.27270976670129699 0.1305280360106208 0.99144461863243283 
1 -1.1775516926143024 -10.804108653857694 0.00069976561430567998 -0.99999975516401263 
1 4.7000000000000004e-16 4.9499999999999922 -1 0 
1 -1.1599999999999999e-15 4.462778180725822 1 0 
1 0 0 -1.0000000000000001e-17 1 
1 4.46277818072583 -4.8099999999999997e-15 4.0000000000000003e-17 1 
1 6.5999999999999998e-16 6.9499999999999966 -1 0 
1 -1.1599999999999999e-15 4.4627781807259224 1 0 
1 -0 0 -0 -1 
1 -4.2740000000000003e-14 6.949999999999994 -1 2.0000000000000001e-17 
1 1.0999999999999999e-15 -4.2415903306461704 1 0 
1 6.5999999999999998e-16 6.9500000000000073 -1 0 
1 1.2010799518349042 6.5519637966286073 0.00531517376290239 0.99998587436416841 
1 -2.3173450460709417 -17.602236116556259 -0.9914451041083977 0.13052434845456407 
3 5.9711889531615272 -12 -1 0 -0 -1 9.7586025204173623 9.7584622847961011
1 -8.9000000000000007e-16 -1.0418189893e-07 0.99999999999999989 2.007089701e-08 
3 2.8603867123356581 -6 -1 0 -0 -1 3.0000431120038713 3
1 0 3.1819999999999997e-14 1 -6.7499999999999996e-15 
1 34.105026496742212 -3 -1 0 
1 0 -13.856709960229304 0 -1 
3 34.121109838492956 6 1 0 -0 1 9.0001293360116197 9
1 0 1.0000000000000051 1 -1.01e-15 
3 41.452654345478216 -3.5 1 0 -0 1 3.0000431120038704 3
1 -6.7000000000000004e-16 4.9999999999999999e-17 1 -5.6000000000000003e-16 
1 0 -0.5 -1 0 
1 3.1415926535897931 47.961736456971522 0 1 
3 45.416884446254649 -3.5 -1 0 -0 -1 3.0023871854903503 3
1 -3.11e-15 -1.8899999999999999e-15 1 2.8000000000000001e-16 
1 48.419271631745005 0 0 -1 
1 4.7177500429402697 0 0 1 
3 57.426433188216059 -6 1 0 -0 1 9.0071615564710594 9
7 0 0  1 2 2  3.1415926535897896 1.0000000000000011  3.964686231190826 1.0000003719804231 
 3.1415926535897931 2 3.964686245612957 2
7 0 0  3 4 2  51.301955803084994 -12.5992843969396  51.301955803084994 -13.89952293129306  51.301955803084994 -15.19976146564653  51.301955803084994 -16.499999999999996 
 3.00389029795e-06 4 1 4
7 0 0  1 2 2  0.091303554205277013 3.9007156030603993  0.091303554205277013 3.0400000000000001e-15 
 3.00389029795e-06 2 0.99999999999999989 2
1 51.301955803085001 0 0 -1 
1 0 0 0 -1 
3 45.297181432104281 -18 -1 0 -0 -1 6.0047743709807104 6
7 0 0  3 25 23  4.7123889803846879 0.23940602830075619  4.6885890360393114 0.23370813380772523  4.6409891473485558 0.22231250128369856  4.5695893143124238 0.20530603152834068  4.4981894812762944 0.18847336121188935  4.4267896482401614 0.17190022306980066  4.3553898152040302 0.15567108145496025  4.2839899821678973 0.13986863328772267  4.2125901491317661 0.12457340504301684  4.1411903160956358 0.10986333747793918  4.0697904830595011 0.09581338978394971  3.9983906500233717 0.082495157257941862  3.9269908169872392 0.069976506565188029  3.855590983951108 0.058321229875522219  3.7841911509149759 0.047588719820555868  3.7127913178788461 0.037833666762960287  3.6413914848427145 0.02910578039769697  3.5699916518065824 0.02144953535899715  3.4985918187704508 0.01490394863228185  3.4271919857343192 0.00950236563847719  3.3557921526981871 0.0052723466452904398  3.2843923196620555 0.0022353160929461501  3.2129924866259252 0.00040723802174542001  3.1653925979351709 -5.1629234970999998e-07  3.1415926535897931 2.1320000000000001e-14 
 1.5707963267948966 4 1.6421961598310282 1 1.7135959928671598 1 1.7849958259032916 1 1.8563956589394233 1 1.9277954919755549 1 1.9991953250116865 1 2.0705951580478184 1 2.14199499108395 1 2.2133948241200816 1 2.2847946571562132 1 2.3561944901923448 1 2.4275943232284765 1 2.4989941562646081 1 2.5703939893007397 1 2.6417938223368713 1 2.7131936553730034 1 2.784593488409135 1 2.8559933214452666 1 2.9273931544813983 1 2.9987929875175299 1 3.0701928205536615 1 3.1415926535897931 4
1 0 -24 -1 0 
1 47.749827440661399 -39.655612955420899 0.99998562953855608 -0.0053610368752413798 
3 2.8443033705849223 -18 -1 0 -0 -1 6.0000862240077426 6
7 0 0  1 2 2  0.2918227477065865 46.525717593040156  0 46.516463290115752 
 1.2789735790883099 2 1.5707963267948966 2
1 1.118088248442568 -22 0 -1 
1 0 0 0 -1 
1 0 -22 1 0 
1 -47.749827440661399 -39.655612955420899 0.99998562953855608 0.0053610368752422801 
7 0 0  3 4 2  0.38891798956706936 -22  0.16059142471617349 -21.60291734288591  9.9479999999999996e-14 -21.16364075824908  9.9479999999999996e-14 -20.70365550957094 
 0 4 0.0013613015428888299 4
7 0 0  3 25 23  4.3112304349569079 0.27666051420528492  4.3100324350518999 0.27318594389982098  4.3076423589093213 0.266187553217618  4.3040785322016699 0.25553787615905421  4.3005394907884016 0.24473195113704821  4.2970287979627413 0.23376497759703668  4.293550063172602 0.22263171648436564  4.2901069506109195 0.21132641891024651  4.286703180520945 0.19984282913219512  4.2833425326689367 0.18817416786816621  4.2800288494659995 0.1763131211459156  4.2767660394294298 0.16425182796735291  4.273558080814988 0.15198186863704466  4.2704090254829792 0.13949425332539467  4.2673230029990643 0.12677941107321397  4.2643042249916743 0.11382717928344946  4.2613569897712544 0.10062679387342151  4.2584856872665817 0.087166880047365697  4.2556948041553113 0.07343544452653479  4.2529889297328323 0.05941986694521776  4.2503727605787791 0.045106899941322609  4.2478511113570061 0.03048264351609237  4.2454289044683762 0.01553262344424421  4.2438837951356092 0.0053385350589891601  4.243129505893271 0.00018212228803094 
 0 4 6.1877342858580005e-05 1 0.00012375468571717001 1 0.00018563202857575 1 0.00024750937143432999 1 0.00030938671429291999 1 0.00037126405715150001 1 0.00043314140001008002 1 0.00049501874286866996 1 0.00055689608572725004 1 0.00061877342858583 1 0.00068065077144440996 1 0.00074252811430300001 1 0.00080440545716157998 1 0.00086628280002016005 1 0.00092816014287874999 1 0.00099003748573732995 1 0.0010519148285959099 1 0.0011137921714545001 1 0.00117566951431308 1 0.00123754685717166 1 0.0012994242000302499 1 0.0013613015428888299 4
1 10.701427788177027 -1.4088899424629009 0.1305280360106208 0.99144461863243283 
1 -1.1312858306001001 -10.804076278590436 0.00069976561430567998 -0.99999975516401263 
1 -2.0562962852494913 -15.619345422870174 -0.9914451041083977 0.13052434845456407 
1 1.1996804598019022 6.5519712352769766 0.00531517376290239 0.99998587436416841 
3 5.4444642981613773 -11.61411174186683 1 -1.197e-14 1.197e-14 1 6.1383636781479813 6.1382754670294108
7 0 0  1 2 2  2.2035275312059701 3.3563611936248137  4.27100837231061 3.3583527326803591 
 5.2142204908962304 2 7.2817013320008721 2
1 -0.68579029093683797 -5.2091692810182995 0.9914451041083977 -0.13052434845456407 
1 -22.192333126628689 13.052010288181089 0.00531517376290239 -0.99998587436416841 
7 0 0  3 25 23  4.0423625814824886 1.0002757132071018  4.0445051430892409 0.98198974098786529  4.0490746949209981 0.94658761285318949  4.056738014831291 0.89664342979999423  4.065166332770116 0.84948520853645115  4.0743146061504518 0.80481902829147622  4.0841364205100792 0.76239605603768612  4.0945834570052675 0.72201453616521993  4.1056050827880899 0.68351218381646961  4.1171479754778453 0.646761429550051  4.1291558158094688 0.61166427343391605  4.1415690157824896 0.5781476859756115  4.154324596227899 0.54615918359148163  4.1673558088539506 0.51566313326986657  4.18065669532026 0.48656745673498208  4.194220830866584 0.45878820334953913  4.2080410513282294 0.43224992379986782  4.2221095037194107 0.40688532194428756  4.2364176140225567 0.38263495446306378  4.250956078968037 0.35944683125218396  4.265714863638979 0.33727591789757982  4.2806831739739026 0.31608381683414349  4.2958495496164648 0.29583761578400647  4.3060842031875115 0.28295369782972185  4.3112304349567765 0.27666051420501508 
 0 4 0.00019922152205595001 1 0.00039844304411190999 1 0.00059766456616786002 1 0.00079688608822381 1 0.00099610761027977006 1 0.00119532913233572 1 0.00139455065439168 1 0.00159377217644763 1 0.00179299369850358 1 0.0019922152205595401 1 0.0021914367426154901 1 0.0023906582646714401 1 0.0025898797867274 1 0.00278910130878335 1 0.0029883228308393 1 0.0031875443528952599 1 0.0033867658749512099 1 0.0035859873970071699 1 0.0037852089190631199 1 0.0039844304411190698 1 0.0041836519631750302 1 0.0043828734852309802 4
7 0 0  3 5 3  -49.718087022818501 -36.095143090769497  -49.718087022818501 -36.841018668318597  -49.020059195846201 -38.199459710652597  -47.937189462386499 -39.195799120444299  -47.360915040029198 -39.6535279517405 
 0 4 0.0021914367426154901 1 0.0043828734852309802 4
7 0 0  1 2 2  4.0423625814824886 1.0002757132070823  2.1246273884729665 1.0000475510848947 
 2.2408416580767714 2 4.1585675830885815 2
7 0 0  3 25 23  0.67004533128187593 42.971241840718513  0.69910178469114592 42.838041418867583  0.75721469150968557 42.580913024123149  0.84438405173749509 42.225707268018041  0.93155341196530406 41.903755159184783  1.0187227721931142 41.617482881459779  1.105892132420923 41.369069286108477  1.1930614926487333 41.160399411419689  1.280230852876542 40.993058189344474  1.3674002131043519 40.868316260789442  1.4545695733321609 40.787120902654827  1.5417389335599703 40.750088680188952  1.628908293787779 40.75750080638128  1.7160776540155898 40.809300995253636  1.8032470142433983 40.905095892942889  1.8904163744712075 41.044158061313802  1.9775857346990167 41.225431511806036  2.0647550949268263 41.44753968803618  2.1519244551546368 41.708796054005909  2.2390938153824451 42.007216397095277  2.3262631756102548 42.340535776615972  2.4134325358380648 42.706218702843174  2.5006018960658745 43.101504590543819  2.5587148028844138 43.382722158825672  2.5877712562936841 43.527258314367366 
 2.2408416580767714 4 2.328011018304581 1 2.4151803785323906 1 2.5023497387601998 1 2.5895190989880095 1 2.6766884592158191 1 2.7638578194436287 1 2.8510271796714384 1 2.9381965398992476 1 3.0253659001270572 1 3.1125352603548668 1 3.1997046205826765 1 3.2868739808104861 1 3.3740433410382957 1 3.4612127012661049 1 3.5483820614939146 1 3.6355514217217242 1 3.7227207819495338 1 3.8098901421773435 1 3.8970595024051526 1 3.9842288626329623 1 4.0713982228607719 1 4.1585675830885815 4
7 0 0  3 25 23  2.0621137419167979 6.46765639771e-06  2.0627878882056319 0.016332107285335299  2.0641858157521864 0.048581261750717308  2.0664179367477984 0.095905264590367703  2.0687711284006065 0.1423434157695464  2.0712329249489843 0.18803428161007454  2.0737918979617929 0.23310453169233852  2.0764377583238209 0.27766954182492598  2.0791612555141974 0.32183704296048488  2.0819541327637734 0.36570967426967965  2.0848090698424815 0.40938758139101589  2.0877196320659972 0.4529710075010604  2.0906802225518661 0.49656227793020002  2.0936860333775718 0.54026994342541279  2.0967283304777835 0.58418105393649544  2.099799119214885 0.62837130081335024  2.1028910796575913 0.67290933814853904  2.1059975124073507 0.71785896032217  2.1091122862811407 0.76328191745095886  2.1122297905829299 0.80924074966576776  2.1153448862346313 0.85580162473436927  2.1184528729013645 0.90303813290516854  2.1215494068484642 0.95103253235426022  2.1236035433850753 0.98360276099765698  2.1246273884729665 1.0000475510848974 
 8.0000000000000006e-17 4 0.00017959450964173001 1 0.00035918901928338998 1 0.00053878352892503998 1 0.00071837803856668997 1 0.00089797254820833997 1 0.00107756705784999 1 0.00125716156749164 1 0.00143675607713329 1 0.00161635058677494 1 0.0017959450964165999 1 0.0019755396060582501 1 0.0021551341156999001 1 0.0023347286253415501 1 0.0025143231349832001 1 0.0026939176446248501 1 0.0028735121542665001 1 0.0030531066639081501 1 0.0032327011735498101 1 0.0034122956831914601 1 0.0035918901928331101 1 0.0037714847024747601 1 0.0039510792121164101 4
7 0 0  3 25 23  5.3338424866557412 0.18693123048380711  5.3330947557740069 0.19983723324637934  5.331550191005733 0.22537948621658063  5.3290998521270403 0.26299354458112462  5.326530435679528 0.30002291039732137  5.3238542667780209 0.33656579031839373  5.3210824559996581 0.37271280718390987  5.3182248058574402 0.40854754583556496  5.3152899632638082 0.44414911851830569  5.3122854932603163 0.47959405504001829  5.3092179618610276 0.51495825057497913  5.306093004231565 0.55031897254417395  5.3029153881608186 0.58575641362529363  5.2996890591820796 0.62135706865985685  5.2964218296206527 0.65719146053610888  5.2931209007953575 0.69332182802065945  5.2897929231601362 0.729805550840672  5.2864440577812051 0.76669687057311064  5.283080030323398 0.80404918112510582  5.2797061802806944 0.84191739209270156  5.2763275082921135 0.88036032752791959  5.2729487118159053 0.91944405368991344  5.2695742491422939 0.95924287489750037  5.2673302731248572 0.98631461876986526  5.2662104096717801 0.99999998281607583 
 8.0000000000000006e-17 4 0.00017959450964173001 1 0.00035918901928338998 1 0.00053878352892503998 1 0.00071837803856668997 1 0.00089797254820833997 1 0.00107756705784999 1 0.00125716156749164 1 0.00143675607713329 1 0.00161635058677494 1 0.0017959450964165999 1 0.0019755396060582501 1 0.0021551341156999001 1 0.0023347286253415501 1 0.0025143231349832001 1 0.0026939176446248501 1 0.0028735121542665001 1 0.0030531066639081501 1 0.0032327011735498101 1 0.0034122956831914601 1 0.0035918901928331101 1 0.0037714847024747601 1 0.0039510792121164101 4
7 0 0  1 2 2  5.2662104096717801 0.99999998281607494  5.1906949682289598 0.99999999999999989 
 1.0169749294987867 2 1.0924903389506211 2
7 0 0  1 2 2  2.5877712562936845 43.527258314367366  2.663286665745519 43.52382295325004 
 1.0169749294987867 2 1.0924903389506211 2
7 0 0  3 25 23  5.1906949682289598 0  5.1906949682289589 0.0168334711019376  5.1906949682289607 0.050005928356274362  5.1906949682289598 0.09845045088020174  5.1906949682289607 0.14575566112192803  5.1906949682289589 0.19207695161164193  5.1906949682289598 0.23755990195308507  5.1906949682289589 0.28234024792396911  5.1906949682289607 0.32654613285270018  5.1906949682289607 0.37029950106350507  5.1906949682289589 0.41371752848591764  5.1906949682289607 0.45691389636649604  5.1906949682289616 0.5000000000000131  5.1906949682289589 0.54308610363353516  5.1906949682289589 0.58628247151411061  5.1906949682289607 0.6297004989365258  5.1906949682289598 0.67345386714732691  5.1906949682289607 0.71765975207606092  5.1906949682289589 0.76244009804694057  5.190694968228958 0.80792304838838258  5.1906949682289607 0.85424433887810058  5.1906949682289598 0.90154954911981722  5.1906949682289607 0.94999407164375294  5.1906949682289589 0.9831665288980771  5.1906949682289598 1 
 4.709921421628299 4 4.7814334164260845 1 4.8529454112238701 1 4.9244574060216566 1 4.9959694008194422 1 5.0674813956172278 1 5.1389933904150134 1 5.2105053852127998 1 5.2820173800105854 1 5.353529374808371 1 5.4250413696061566 1 5.496553364403943 1 5.5680653592017286 1 5.6395773539995142 1 5.7110893487972998 1 5.7826013435950863 1 5.8541133383928718 1 5.9256253331906574 1 5.997137327988443 1 6.0686493227862286 1 6.1401613175840151 1 6.2116733123818006 1 6.2831853071795862 4
7 0 0  3 25 23  5.1906949682289696 0  5.1906949682289696 0.016833471101930449  5.1906949682289696 0.050005928356261539  5.1906949682289687 0.098450450880193913  5.1906949682289705 0.14575566112191768  5.1906949682289696 0.19207695161163096  5.1906949682289696 0.23755990195307553  5.1906949682289696 0.28234024792395612  5.1906949682289696 0.32654613285268941  5.1906949682289705 0.37029950106349158  5.1906949682289678 0.41371752848590426  5.1906949682289696 0.45691389636647928  5.1906949682289696 0.50000000000000111  5.1906949682289696 0.54308610363351961  5.1906949682289678 0.58628247151409474  5.1906949682289696 0.62970049893650704  5.1906949682289705 0.67345386714730837  5.1906949682289687 0.71765975207604216  5.1906949682289687 0.76244009804692048  5.1906949682289687 0.80792304838836237  5.1906949682289705 0.85424433887807794  5.1906949682289705 0.90154954911980079  5.1906949682289687 0.94999407164372451  5.1906949682289696 0.98316652889806122  5.1906949682289696 1 
 4.709921421628299 4 4.7814334164260845 1 4.8529454112238701 1 4.9244574060216566 1 4.9959694008194422 1 5.0674813956172278 1 5.1389933904150134 1 5.2105053852127998 1 5.2820173800105854 1 5.353529374808371 1 5.4250413696061566 1 5.496553364403943 1 5.5680653592017286 1 5.6395773539995142 1 5.7110893487972998 1 5.7826013435950863 1 5.8541133383928718 1 5.9256253331906574 1 5.997137327988443 1 6.0686493227862286 1 6.1401613175840151 1 6.2116733123818006 1 6.2831853071795862 4
1 -0 0 -0 -1 
1 6.0000000000000001e-17 4.9499999999999975 -1 2.0000000000000001e-17 
1 3.9199999999999998e-15 -14.99999999999998 -1 -0 
1 0.500000000000001 10.5 1 1.4000000000000001e-16 
1 10.499999999999998 -8.4999999999999645 -0 1 
1 -5.0000000000000004e-16 4.9500000000000011 1 -2.0000000000000001e-17 
1 26.000000000000007 -12.491590330646186 -1 -0 
1 2.2035275312059706 -7.1100000000000008e-15 -8.0000000000000006e-17 1 
1 21.499999999999996 6.2900000000000001e-15 0 -1 
1 8.4999999999999698 4.9499999999999931 -1 2.0000000000000001e-17 
1 10.499999999999998 -8.4999999999999645 -0 1 
1 -5.0000000000000004e-16 4.9500000000000011 1 -2.0000000000000001e-17 
1 0.50000000000000056 -1.9999999999999714 -1 -0 
1 9.8999999999999992e-16 10.500000000000014 1 1.4000000000000001e-16 
1 0.24999999998800573 -26.045727327112676 -2.5999999999999998e-16 1 
1 -12.76472625748479 1.6805080928169041 0.13052619222002107 0.99144486137381449 
1 6.4999999999999298 -5.5500000000000114 4.0000000000000003e-17 1 
1 -9.9999999999999964 9.5000000000000005e-16 -1.0000000000000001e-17 1 
1 -6.4999999999999885 -5.5499999999999945 1 -2.0000000000000001e-17 
1 -9.9999999999999964 2.8299999999999998e-15 -0 1 
1 6.4999999999999298 -5.5500000000000114 4.0000000000000003e-17 1 
1 -9.9999999999999964 9.5000000000000005e-16 -1.0000000000000001e-17 1 
1 -1.4532715555894926 10.130035217721447 -5.6770000000000001e-14 -1 
1 -0.26309256587130309 -1.9983864392441983 0.99144486137381449 -0.13052619222002065 
1 -1.4532715555895959 9.060826776148911 1 -4.4439999999999998e-14 
1 -0.92026012837573989 -5.6329999999999998e-14 1.5749999999999999e-14 1 
1 -3.553271555589494 10.130035217721543 -5.6770000000000001e-14 -1 
1 -0.2630925658711965 -1.9983864392441983 0.99144486137381449 -0.13052619222002065 
1 -1.4532715555894924 11.143406218738704 -1 8.0079999999999998e-14 
1 -1.1341537523504108 -4.066e-14 2.5050000000000001e-14 -1 
1 -25.500000000000004 3.516076826740095 1 0 
1 4.27100837231061 -7.1100000000000008e-15 7.0000000000000003e-17 1 
1 -9.9999999999999964 2.8299999999999998e-15 -0 1 
1 -6.4999999999999885 -5.5499999999999945 1 -2.0000000000000001e-17 
1 0 0 -1 0 
1 0 0 -1 0 
1 0.25000000001199818 -11.045727327112699 -2.5999999999999998e-16 -1 
1 -2.3545552130597294 0.30998307450670026 -0.13052619222002107 -0.99144486137381449 
1 3.3800000000000001e-15 12.999999999999915 -1 0 
1 0 0 -1 0 
1 -4.2415903306462699 -7.7400000000000003e-15 4.0000000000000003e-17 1 
1 0 0 -1.0000000000000001e-17 1 
1 6.0000000000000001e-17 4.9499999999999975 -1 2.0000000000000001e-17 
1 -0 0 -0 -1 
1 4.7000000000000004e-16 4.9499999999999975 -1 0 
1 1.0999999999999999e-15 -4.2415903306462779 1 0 
1 6.2831853071795845 0.99999999999996581 -1 2.2050000000000001e-14 
7 0 0  1 2 2  2.6632866657455261 43.52382295324999  3.1415926535897931 43.516420178111851 
 1.0924903389506293 2 1.5707963267948966 2
7 0 0  3 25 23  4.7123889803846897 0  4.7123889803846897 0.01682780133705488  4.7123889803846897 0.049990702988808859  4.7123889803846888 0.098425525904051167  4.7123889803846897 0.14572491307535915  4.7123889803846906 0.19204363722297249  4.7123889803846888 0.23752672442294903  4.7123889803846906 0.28230942253945701  4.7123889803846906 0.32651943621433466  4.7123889803846888 0.37027831059062971  4.7123889803846897 0.4137028522920469  4.7123889803846897 0.45690639488525431  4.7123889803846897 0.50000000000000333  4.7123889803846906 0.54309360511475113  4.7123889803846897 0.58629714770795949  4.7123889803846888 0.62972168940937601  4.7123889803846906 0.67348056378567023  4.7123889803846897 0.71769057746055132  4.7123889803846906 0.76247327557705047  4.7123889803846897 0.80795636277703364  4.7123889803846897 0.85427508692464516  4.7123889803846897 0.90157447409595004  4.7123889803846897 0.95000929701119052  4.7123889803846906 0.98317219866294447  4.7123889803846897 1 
 0 4 0.071399833036131663 1 0.14279966607226333 1 0.21419949910839498 1 0.28559933214452665 1 0.35699916518065833 1 0.42839899821678995 1 0.49979883125292163 1 0.5711986642890533 1 0.64259849732518493 1 0.71399833036131666 1 0.78539816339744828 1 0.8567979964335799 1 0.92819782946971163 1 0.99959766250584325 1 1.070997495541975 1 1.1423973285781066 1 1.2137971616142382 1 1.2851969946503699 1 1.3565968276865017 1 1.4279966607226333 1 1.4993964937587649 1 1.5707963267948966 4
1 0 -45.101349744635833 1 0 
1 1.5707963267949157 -45.117433086386569 8.0000000000000006e-17 -1 
1 44.921648054654099 -36.640407651551101 0.99998562953855608 -0.0053610368752413798 
1 0 -13.84062661847854 1 1.13e-15 
7 0 0  3 25 23  4.7123889803846897 1  4.7123889803846897 0.98317219866294492  4.7123889803846897 0.95000929701119097  4.7123889803846888 0.90157447409594804  4.7123889803846897 0.85427508692464149  4.7123889803846906 0.80795636277702843  4.7123889803846888 0.76247327557704969  4.7123889803846906 0.71769057746054321  4.7123889803846906 0.67348056378566479  4.7123889803846888 0.62972168940937001  4.7123889803846897 0.5862971477079536  4.7123889803846897 0.54309360511474469  4.7123889803846897 0.49999999999999734  4.7123889803846906 0.45690639488524948  4.7123889803846897 0.41370285229204123  4.7123889803846888 0.37027831059062227  4.7123889803846906 0.32651943621432949  4.7123889803846897 0.28230942253945085  4.7123889803846906 0.23752672442294853  4.7123889803846897 0.192043637222967  4.7123889803846897 0.14572491307535398  4.7123889803846897 0.098425525904052527  4.7123889803846897 0.049990702988808977  4.7123889803846906 0.01682780133705461  4.7123889803846897 0 
 0 4 0.071399833036131663 1 0.14279966607226333 1 0.21419949910839498 1 0.28559933214452665 1 0.35699916518065833 1 0.42839899821678995 1 0.49979883125292163 1 0.5711986642890533 1 0.64259849732518493 1 0.71399833036131666 1 0.78539816339744828 1 0.8567979964335799 1 0.92819782946971163 1 0.99959766250584325 1 1.070997495541975 1 1.1423973285781066 1 1.2137971616142382 1 1.2851969946503699 1 1.3565968276865017 1 1.4279966607226333 1 1.4993964937587649 1 1.5707963267948966 4
1 6.2831853071795818 -9.4500000000000001e-15 -1 4.9500000000000004e-15 
7 0 0  1 2 2  3.7988568068353077 -36.443253028396079  3.1415926535897931 -36.472731538736895 
 0.91353217354938232 2 1.5707963267948966 2
7 0 0  3 25 23  5.3696531336301998 1  5.3696531336302007 0.9831646703065714  5.3696531336302007 0.94998908082184186  5.3696531336302007 0.90154137923370969  5.3696531336301989 0.85423426072678066  5.3696531336302007 0.80791212945947333  5.3696531336301989 0.76242922429342863  5.3696531336301998 0.71764964947176435  5.3696531336301989 0.67344511785598271  5.3696531336302007 0.62969355428628837  5.3696531336301998 0.58627766180830376  5.3696531336301998 0.54308364525179675  5.3696531336301989 0.49999999999999883  5.3696531336302007 0.45691635474820441  5.3696531336301998 0.41372233819169529  5.3696531336302007 0.37030644571371202  5.3696531336301989 0.32655488214401684  5.3696531336301998 0.28235035052823321  5.3696531336302007 0.2375707757065727  5.3696531336301989 0.19208787054052387  5.3696531336301998 0.14576573927321798  5.3696531336301989 0.09845862076628821  5.3696531336302007 0.050010919178162312  5.3696531336302007 0.016835329693431801  5.3696531336301998 0 
 4.7091136315594149 4 4.7806623440876042 1 4.8522110566157943 1 4.9237597691439836 1 4.9953084816721729 1 5.0668571942003631 1 5.1384059067285524 1 5.2099546192567425 1 5.2815033317849318 1 5.3530520443131211 1 5.4246007568413113 1 5.4961494693695006 1 5.5676981818976898 1 5.63924689442588 1 5.7107956069540693 1 5.7823443194822586 1 5.8538930320104487 1 5.925441744538638 1 5.9969904570668273 1 6.0685391695950175 1 6.1400878821232068 1 6.2116365946513969 1 6.2831853071795862 4
7 0 0  3 25 23  2.2280604800404098 0  2.2280604800404098 0.016835329693429459  2.2280604800404094 0.050010919178158177  2.2280604800404102 0.098458620766285893  2.2280604800404094 0.14576573927321668  2.2280604800404098 0.19208787054052051  2.2280604800404098 0.23757077570656682  2.2280604800404098 0.28235035052822716  2.2280604800404098 0.32655488214401085  2.2280604800404098 0.37030644571370352  2.2280604800404094 0.41372233819168697  2.2280604800404102 0.45691635474819664  2.2280604800404094 0.49999999999999112  2.2280604800404102 0.5430836452517861  2.2280604800404098 0.58627766180829488  2.2280604800404102 0.62969355428627627  2.2280604800404094 0.67344511785596772  2.2280604800404102 0.71764964947175536  2.2280604800404098 0.76242922429341464  2.2280604800404098 0.80791212945946056  2.2280604800404098 0.85423426072676389  2.2280604800404094 0.90154137923369404  2.2280604800404098 0.94998908082181555  2.2280604800404098 0.98316467030655685  2.2280604800404098 1 
 4.7091136315594149 4 4.7806623440876042 1 4.8522110566157943 1 4.9237597691439836 1 4.9953084816721729 1 5.0668571942003631 1 5.1384059067285524 1 5.2099546192567425 1 5.2815033317849318 1 5.3530520443131211 1 5.4246007568413113 1 5.4961494693695006 1 5.5676981818976898 1 5.63924689442588 1 5.7107956069540693 1 5.7823443194822586 1 5.8538930320104487 1 5.925441744538638 1 5.9969904570668273 1 6.0685391695950175 1 6.1400878821232068 1 6.2116365946513969 1 6.2831853071795862 4
1 6.2831853071795827 0.99999999999998368 -1 3.2100000000000001e-15 
7 0 0  1 2 2  0.65726415324551535 -36.443253028396008  0 -36.433426858282402 
 4.0551248271391742 2 4.7123889803846897 2
7 0 0  3 25 23  1.5707963267949001 0  1.5707963267949003 0.016827801337054409  1.5707963267949003 0.049990702988808297  1.5707963267948997 0.098425525904051528  1.5707963267949003 0.14572491307535859  1.5707963267949001 0.19204363722297152  1.5707963267949003 0.23752672442294984  1.5707963267948999 0.28230942253945462  1.5707963267949006 0.32651943621433444  1.5707963267948999 0.37027831059063149  1.5707963267949001 0.4137028522920459  1.5707963267948999 0.45690639488525431  1.5707963267949001 0.500000000000003  1.5707963267949003 0.54309360511474947  1.5707963267949001 0.58629714770796004  1.5707963267949001 0.62972168940937634  1.5707963267949003 0.67348056378567178  1.5707963267948999 0.71769057746055109  1.5707963267949006 0.7624732755770508  1.5707963267948999 0.80795636277703453  1.5707963267949003 0.85427508692464704  1.5707963267948999 0.90157447409594826  1.5707963267949006 0.95000929701119197  1.5707963267949001 0.9831721986629457  1.5707963267949001 1 
 0 4 0.071399833036131663 1 0.14279966607226333 1 0.21419949910839498 1 0.28559933214452665 1 0.35699916518065833 1 0.42839899821678995 1 0.49979883125292163 1 0.5711986642890533 1 0.64259849732518493 1 0.71399833036131666 1 0.78539816339744828 1 0.8567979964335799 1 0.92819782946971163 1 0.99959766250584325 1 1.070997495541975 1 1.1423973285781066 1 1.2137971616142382 1 1.2851969946503699 1 1.3565968276865017 1 1.4279966607226333 1 1.4993964937587649 1 1.5707963267948966 4
1 3.1415926535897931 6.5090821114933073 -1 -1.13e-15 
1 1.570796326794893 0 5.6000000000000003e-16 1 
1 0.19513667339985802 -36.398531429058799 -0.99998562953855608 -0.0053610368752413798 
1 3.1415926535897931 2.544852010716868 -1 2.8000000000000001e-16 
7 0 0  3 25 23  4.7123889803846897 0  4.7123889803846897 0.016827801337054429  4.7123889803846897 0.049990702988808339  4.7123889803846888 0.098425525904051472  4.7123889803846897 0.14572491307535959  4.7123889803846906 0.19204363722297169  4.7123889803846888 0.23752672442295136  4.7123889803846906 0.28230942253945457  4.7123889803846906 0.32651943621433488  4.7123889803846888 0.37027831059063043  4.7123889803846897 0.41370285229204529  4.7123889803846897 0.4569063948852562  4.7123889803846897 0.500000000000002  4.7123889803846906 0.54309360511475124  4.7123889803846897 0.58629714770795871  4.7123889803846888 0.62972168940937601  4.7123889803846906 0.67348056378566956  4.7123889803846897 0.71769057746054943  4.7123889803846906 0.76247327557705202  4.7123889803846897 0.8079563627770322  4.7123889803846897 0.85427508692464904  4.7123889803846897 0.90157447409594416  4.7123889803846897 0.95000929701119174  4.7123889803846906 0.98317219866294658  4.7123889803846897 1 
 0 4 0.071399833036131663 1 0.14279966607226333 1 0.21419949910839498 1 0.28559933214452665 1 0.35699916518065833 1 0.42839899821678995 1 0.49979883125292163 1 0.5711986642890533 1 0.64259849732518493 1 0.71399833036131666 1 0.78539816339744828 1 0.8567979964335799 1 0.92819782946971163 1 0.99959766250584325 1 1.070997495541975 1 1.1423973285781066 1 1.2137971616142382 1 1.2851969946503699 1 1.3565968276865017 1 1.4279966607226333 1 1.4993964937587649 1 1.5707963267948966 4
1 6.2831853071795845 1.0000000000000109 -1 -7.9899999999999993e-15 
7 0 0  1 2 2  1.570796326794897 36.47157518065729  3.1415926535897931 36.351872166506929 
 1.5707963267948966 2 3.1415926535897931 2
7 0 0  3 25 23  3.14159265358979 0  3.14159265358979 0.01673776193915141  3.1415926535897905 0.049748811127082557  3.1415926535897891 0.098029264800377908  3.1415926535897905 0.14523581912673358  3.1415926535897896 0.19151348607079613  3.1415926535897905 0.23699855342266252  3.1415926535897896 0.28181854397374384  3.14159265358979 0.32609419918316179  3.14159265358979 0.36994071327894101  3.1415926535897913 0.41346900562018341  3.1415926535897896 0.4567868584620125  3.14159265358979 0.49999999999998751  3.1415926535897896 0.54321314153796907  3.1415926535897905 0.58653099437979239  3.1415926535897896 0.63005928672103806  3.1415926535897905 0.67390580081681561  3.1415926535897909 0.71818145602623229  3.1415926535897896 0.76300144657731583  3.14159265358979 0.8084865139291797  3.1415926535897896 0.85476418087324368  3.1415926535897909 0.9019707351995998  3.1415926535897891 0.95025118887288607  3.14159265358979 0.98326223806083168  3.14159265358979 1 
 4.7177500429402697 4 4.7873371555405342 1 4.8569242681407996 1 4.9265113807410641 1 4.9960984933413286 1 5.0656856059415931 1 5.1352727185418585 1 5.204859831142123 1 5.2744469437423875 1 5.3440340563426521 1 5.4136211689429174 1 5.483208281543182 1 5.5527953941434465 1 5.622382506743711 1 5.6919696193439764 1 5.7615567319442409 1 5.8311438445445054 1 5.9007309571447708 1 5.9703180697450353 1 6.0399051823452998 1 6.1094922949455643 1 6.1790794075458297 1 6.2486665201460942 4
1 0 3.5 1 0 
1 6.2486665201460942 0 0 1 
1 2.8826841713399558 0 0 -1 
1 -8.9000000000000007e-16 6 1 0 
7 0 0  3 25 23  3.14159265358979 1  3.14159265358979 0.98326223806084834  3.14159265358979 0.95025118887291682  3.1415926535897905 0.90197073519962023  3.1415926535897896 0.85476418087326378  3.1415926535897905 0.80848651392919957  3.1415926535897896 0.76300144657733127  3.1415926535897913 0.71818145602625172  3.14159265358979 0.67390580081683316  3.14159265358979 0.63005928672105072  3.1415926535897896 0.58653099437980905  3.1415926535897909 0.54321314153797706  3.1415926535897896 0.50000000000000078  3.1415926535897905 0.45678685846202244  3.1415926535897887 0.4134690056201939  3.1415926535897918 0.36994071327895106  3.1415926535897896 0.32609419918316984  3.14159265358979 0.28181854397375139  3.1415926535897896 0.2369985534226722  3.1415926535897896 0.19151348607079777  3.1415926535897909 0.14523581912674033  3.1415926535897896 0.09802926480037906  3.1415926535897905 0.049748811127084333  3.14159265358979 0.01673776193915243  3.14159265358979 0 
 4.7177500429402706 4 4.7873371555405351 1 4.8569242681407996 1 4.926511380741065 1 4.9960984933413295 1 5.065685605941594 1 5.1352727185418585 1 5.2048598311421239 1 5.2744469437423884 1 5.3440340563426529 1 5.4136211689429174 1 5.4832082815431828 1 5.5527953941434474 1 5.6223825067437119 1 5.6919696193439764 1 5.7615567319442418 1 5.8311438445445063 1 5.9007309571447708 1 5.9703180697450353 1 6.0399051823452998 1 6.1094922949455652 1 6.1790794075458297 1 6.2486665201460942 4
7 0 0  1 2 2  3.958104458156178 5.3531027260000002e-08  3.14159265358979 5.1200000000000004e-15 
 2.3250807787168473 2 3.1415926535897931 2
7 0 0  3 25 23  3.9581045284627385 2.9958870556712469  3.945733136419209 2.9926493608123144  3.9209903523321499 2.9862870338930492  3.8838761762015608 2.9770953398425823  3.8467620000709735 2.9682682455928884  3.8096478239403844 2.9598178702273326  3.7725336478097957 2.9517558627996943  3.735419471679208 2.9440933243799372  3.6983052955486189 2.936840809353408  3.6611911194180307 2.9300083064392513  3.624076943287442 2.9236052261240171  3.5869627671568547 2.9176403873812671  3.5498485910262647 2.9121220056109522  3.5127344148956769 2.9070576813007758  3.4756202387650883 2.90245438956631  3.4385060626345005 2.8983184705341229  3.4013918865039119 2.8946556206417546  3.3642777103733232 2.8914708846727613  3.3271635342427346 2.8887686492531182  3.2900493581121468 2.8865526351504074  3.2529351819815582 2.8848258983410715  3.21582100585097 2.883590802692618  3.1787068297203818 2.8828491029515813  3.1539640456333227 2.882684114623995  3.1415926535897931 2.88268417134001 
 2.3250807787168473 4 2.3621949548474359 1 2.3993091309780241 1 2.4364233071086128 1 2.473537483239201 1 2.5106516593697896 1 2.5477658355003778 1 2.5848800116309665 1 2.6219941877615547 1 2.6591083638921433 1 2.6962225400227315 1 2.7333367161533202 1 2.7704508922839088 1 2.807565068414497 1 2.8446792445450857 1 2.8817934206756739 1 2.9189075968062625 1 2.9560217729368508 1 2.9931359490674394 1 3.0302501251980276 1 3.0673643013286163 1 3.1044784774592045 1 3.1415926535897931 4
7 0 0  3 25 23  3.9616370023803262 0.98589125345585094  3.9616606085692894 0.96932681702566514  3.961702959960538 0.93670286934130176  3.9617508265913339 0.88908992495888273  3.9617819918683108 0.84259654471187695  3.9617952867996449 0.79705996677842295  3.9617894720524647 0.75233474104086295  3.961763242249511 0.70829088543464402  3.9617152520174366 0.66480721686051114  3.9616441448836337 0.62176664452535457  3.9615485913552222 0.57905150977172293  3.9614273350217699 0.53653895024262022  3.9612792488254165 0.49409748276913451  3.9611033955029136 0.45157924539352462  3.9609001595113762 0.40886237904860701  3.9606702861841274 0.36584458256758218  3.9604149201354426 0.32243500522135249  3.9601356425502785 0.27855040908269607  3.9598344964096208 0.23411002165243849  3.9595139990774708 0.18903028102251707  3.9591771346261653 0.14321950181167636  3.9588273374373895 0.096570457827267156  3.9584684126469698 0.048958100534250273  3.9582258640744197 0.016462387804323651  3.9581044581562148 5.3531038490000001e-08 
 1.0000000000000001e-17 4 0.00020665799230611999 1 0.00041331598461222003 1 0.00061997397691832001 1 0.00082663196922442 1 0.0010332899615305201 1 0.0012399479538366201 1 0.0014466059461427201 1 0.00165326393844882 1 0.00185992193075493 1 0.0020665799230610302 1 0.0022732379153671302 1 0.0024798959076732302 1 0.0026865538999793302 1 0.0028932118922854301 1 0.0030998698845915301 1 0.0033065278768976301 1 0.0035131858692037301 1 0.0037198438615098401 1 0.0039265018538159396 1 0.0041331598461220396 1 0.0043398178384281396 1 0.0045464758307342404 4
7 0 0  3 25 23  0.0068066143377476301 5.0670623422649998e-05  0.0068068228844376999 0.01692012940195254  0.0068071967762211799 0.050138397467928052  0.0068076187044027103 0.098600356386545324  0.0068078927469942298 0.14590532672797499  0.0068080087777733101 0.19221994050949459  0.0068079560297019601 0.23769299321613344  0.0068077231243590802 0.28245731020758047  0.00680729829391664 0.32663656914766809  0.0068066696264849503 0.37035009652788187  0.0068058253916928402 0.41371761078740371  0.0068047544362579999 0.45686392821935301  0.0068034466707196798 0.49992242497354938  0.0068018935904944804 0.54304288624977515  0.0068000986632745404 0.58634854834908512  0.0067980684884388597 0.62994266140858868  0.0067958131396460104 0.67391673695034005  0.0067933465078610098 0.71835445766476635  0.0067906865439494304 0.76333690531492226  0.00678785539786784 0.80894788530548867  0.0067848793832153004 0.85527932250054461  0.00678178887682935 0.9024387378895552  0.0067786176328573497 0.95055155642070122  0.0067764747961539503 0.983374676885445  0.0067754023078790996 0.99999924140775287 
 1.0000000000000001e-17 4 0.00020665799230611999 1 0.00041331598461222003 1 0.00061997397691832001 1 0.00082663196922442 1 0.0010332899615305201 1 0.0012399479538366201 1 0.0014466059461427201 1 0.00165326393844882 1 0.00185992193075493 1 0.0020665799230610302 1 0.0022732379153671302 1 0.0024798959076732302 1 0.0026865538999793302 1 0.0028932118922854301 1 0.0030998698845915301 1 0.0033065278768976301 1 0.0035131858692037301 1 0.0037198438615098401 1 0.0039265018538159396 1 0.0041331598461220396 1 0.0043398178384281396 1 0.0045464758307342404 4
7 0 0  1 2 2  3.9646850871262762 1.000001709481164  3.9616363367044984 0.98589123949696245 
 0 2 1 2
7 0 0  1 2 2  0.091303554205277138 3.9007273204173489  0.091191847428536463 3.9627707073366989 
 0 2 1 2
7 0 0  3 25 23  0.091191847428534409 3.9627707073364715  0.090766242266521704 3.8908771277860019  0.089901662743407357 3.7499847901432619  0.088566429821463913 3.5474324940141231  0.087194577235414558 3.3537681541803268  0.085787848912326284 3.1690935166022469  0.084347988745448368 2.9935103272402572  0.082876740579402128 2.827120332054728  0.081375848194918082 2.6700252770060358  0.079847055286261417 2.5223269080545512  0.07829210543353303 2.3841269711606476  0.076712742069672643 2.2555272122846994  0.075110708442685317 2.1366293773870781  0.073487747573481782 2.027535212428158  0.071845602209817727 1.9283464633683101  0.07018601477682096 1.8391648761679091  0.068510727324712042 1.7600921967873278  0.066821481474067593 1.6912301711869389  0.065120018360081633 1.632680545327114  0.063408078573281221 1.5845450651682296  0.061687402109203912 1.5469254766706553  0.05995972828347846 1.5199235257947663  0.058226795778075387 1.5036409585009329  0.057069160061606047 1.4999999999999991  0.056490045011245563 1.4999999999999991 
 3.6700000000000001e-15 4 0.045454545454548953 1 0.090909090909094242 1 0.13636363636363955 1 0.18181818181818482 1 0.22727272727273012 1 0.27272727272727543 1 0.31818181818182067 1 0.36363636363636598 1 0.40909090909091128 1 0.45454545454545658 1 0.50000000000000189 1 0.54545454545454719 1 0.59090909090909238 1 0.63636363636363769 1 0.68181818181818299 1 0.72727272727272829 1 0.7727272727272736 1 0.8181818181818189 1 0.8636363636363642 1 0.9090909090909095 1 0.9545454545454547 1 1 4
7 0 0  1 2 2  0.0068066142810760902 5.0680534815420001e-05  -3.24548e-12 0 
 3.6700000000000001e-15 2 1 2
7 0 0  1 2 2  0.056490045011245417 1.4999999999999991  -0.09129247732878909 1.4999999999999991 
 1.03e-15 2 1 2
7 0 0  1 2 2  3.2910800000000001e-12 1  0.026445777183916962 1.0000000000000004 
 1.03e-15 2 1 2
7 0 0  1 2 2  -0.09129247732878909 2.4999995909e-07  -0.09129247732878909 1.4999997500000393 
 1.6666663939999999e-07 2 0.99999983333335984 2
7 0 0  1 2 2  4.410654152307445 2.4999995909e-07  4.410654152307445 1.4999997500000393 
 1.6666663939999999e-07 2 0.99999983333335984 2
1 -4.5871697350933118 0 1 0 
2 -2.61693406931456 142.42199245277402 -1 0 0 1 181.90689690162901
8 2.7935853418548859 4.2935853418548859
1 27.372054447786262 -13.706414658145114 1.2889164887463311e-15 -1 
8 2.7935853418548859 4.2935853418548859
1 21.727495354683299 60.027790809768305 -0.99144486137381449 0.13052619222002118 
1 0 -18 -1 0 
1 3.1415926535897931 -5.6840000000000001e-14 0 1 
1 39.234556337846939 -16.5 -1 0 
1 4.9054514824914204 -0.16939752205627401 -0.03451193231767289 -0.99940428582616181 
1 4.7123889803846897 -39.234556337846982 0 1 
1 1.09097423246555 0.037674071849763201 0.03451193231767289 -0.99940428582616181 
7 0 0  7 8 2  3.1415926535897931 -27.372054447786311  3.3659921288462074 -27.372054447786311  3.5903916041029555 -27.359882015218652  3.8147910793586286 -27.335538915890055  4.0391905546162929 -27.300519708440497  4.2635900298714988 -27.257848144910806  4.4879895051282759 -27.211353879287199  4.7123889803846897 -27.164859424868759 
 3.1415926535897558 8 4.7123889803846541 8
3 16.687018261405782 54.636001168335937 -0.13052619221998418 -0.99144486137381937 0.99144486137381937 -0.13052619221998418 6.0035764155644609 6.0000000000000018
1 44.905564944028399 0 0 -1 
1 0 6.8760987499489481 0 1 
8 -27.715697337784 15.978465767553661
1 28.927099176474737 -12.024832751601711 1 6.3861344256330029e-14 
8 -27.715697337784 15.978465767553661
1 7.1593761958579307 28.234160217613606 -0.13052619222002115 -0.99144486137381449 
1 24.234046672551099 0 0 -1 
1 0 0 0 1 
1 44.905564944028399 -17.216956375818601 -1 0 
1 -18 20.6715182714773 0 -1 
1 3.141592653589794 24.093055125767549 -1 0 
2 -12 20.6715182714773 1 0 -0 1 6
1 0.47830598784426798 0 0 1 
1 0.47830598784427453 0 0 1 
7 0 0  1 2 2  0.47830598784426864 31.575748033682736  0.30556633563770452 31.57061929374381 
 1.0924903389506282 2 1.265229991157192 2
3 1.8050258863256061 4 -1 0 -0 -1 6.0000862240077426 6
1 0.30556633563770436 31.825483116132148 0 1 
1 -1.7220603973003303 0 0 -1 
7 0 0  1 2 2  0.30556633563770202 31.825483116131537  0.2918227477065865 46.525717593039715 
 4.4068226447469883 2 4.4205662326781034 2
3 321.98814442148961 4 1 0 -0 1 1119.18648194873 6
1 -14.700445729096556 0 0 -1 
1 0 0 -1 0 
1 0 0 -1 0 
1 -46.631755259662896 -39.649618843091197 -0.0053610368752424397 0.99998562953855608 
1 -49.718087022818501 6.8760987499489499 0 -1 
1 0.67004533128187405 0 0 1 
1 -46.7105648912991 -24.9493843661832 0 1 
1 0 0 0 1 
1 -46.7105648912991 -24.694520543794898 -0.99998562953855608 -0.0053610368752425403 
1 0 0 -1 0 
1 4.500000000000008 -3.9915903306462241 -1 0 
1 2.2035275312059701 -7.1100000000000008e-15 0 1 
1 9.4247779607693793 15.500000000000004 -1 0 
2 -0.36172453297065582 -4.5299999999999999e-15 -1 -1.0000000000000001e-17 -1.0000000000000001e-17 1 6.1382754670294117
1 3.1415926535897931 15.500000000000004 -1 0 
2 -0.36172453297065582 -4.5299999999999999e-15 -1 -1.0000000000000001e-17 -1.0000000000000001e-17 1 6.1382754670294117
1 2.663286665745519 0 0 1 
1 2.6632866657455261 0 0 1 
7 0 0  1 2 2  0.6700453312818746 31.586742962498604  0.47830598784427497 31.575748033682792 
 0.90075099551302096 2 1.0924903389506206 2
3 4.9158281271514683 10 -1 0 -0 -1 12.758645632421198 12.758462284796099
1 3.1415926535897936 24.093055125767549 -1 0 
2 -6 17.5607607343151 1 0 -0 1 12.758462284796099
1 0.25000000001200084 -2.3748725771770594 -8.9999999999999996e-17 -1 
1 1.4417567283086985 10.951229598602207 0.99144486137381449 -0.13052619222002107 
1 -9.9999999999999964 9.5000000000000005e-16 -1.0000000000000001e-17 1 
1 -6.4999999999999885 -5.5499999999999945 4.0000000000000003e-17 1 
1 -9.9999999999999964 9.5000000000000005e-16 -1.0000000000000001e-17 1 
1 -6.4999999999999885 -5.5499999999999945 4.0000000000000003e-17 1 
1 0.25000000001200084 -2.3748725771769714 -8.9999999999999996e-17 -1 
1 3.1385972271689013 23.840012796461803 0.99144486137381449 -0.13052619222002107 
2 -14.658086348637809 13.4765390727766 1 0 -0 1 1.25
1 3.1415926535898215 4.2499999999894982 1 0 
2 -14.658086348637809 13.4765390727766 1 0 -0 1 1.25
1 -3.1415926535897647 4.2499999999894982 1 0 
2 2.4078228785169991 21.041491469383207 1 0 -0 1 1.25
1 2.094395102393154 4.2499999999892033 1 0 
2 2.4078228785169991 21.041491469383207 1 0 -0 1 1.25
1 -4.1887902047864323 4.2499999999892033 1 0 
2 0 0 1 0 0 -1 6
1 6.2831853071795862 0.55177299999999718 -1 0 
1 6 0 0 1 
1 24.234046672551099 -17.216956375818601 1 0 
2 0 20.6715182714773 1 0 -0 1 6
1 3.1415926535897931 24.093055125767549 -1 0 
2 -12 0 1 0 0 -1 6
1 -3.1415926535897931 17.216956375818601 1 0 
1 -12 6 1 0 
1 -19.523123716554 0.55177299999999718 1 0 
2 0 -0 1 4.2000000000000002e-16 -4.2000000000000002e-16 1 1.25
1 0.5235987755982956 2.5467284443877034 1 0 
1 -2.2499999988280019 -1.2990381050000002 0.86602540378443904 -0.4999999999999995 
1 0 0 -1 -0 
1 -2.2499999988280028 1.2990381050000002 -0 -1 
1 -0 0 -1 0 
1 -1.09e-15 2.5980762100000003 -0.8660254037844386 -0.50000000000000022 
1 -0 0 -1 0 
1 2.2499999988280019 1.2990381050000019 -0.86602540378443904 0.4999999999999995 
1 0 0 -1 0 
1 2.2499999988280028 -1.2990381049999984 -1.7e-16 1 
1 0 0 -1 0 
1 1.09e-15 -2.5980762099999986 0.8660254037844386 0.50000000000000022 
1 0 0 -1 -0 
1 6.5930000000000003e-14 -2.1000000000000014 -1 -0 
1 1.09e-15 -2.5980762099999986 0.8660254037844386 0.50000000000000022 
1 -2.5980762100000088 -7.0679999999999995e-14 -1.5e-16 -1 
1 0 0 0 -1 
2 0 -0 1 4.2000000000000002e-16 -4.2000000000000002e-16 1 1.25
1 0.52359877559829648 0.44672844438770198 1 0 
1 -2.2499999988279025 -1.2990381050000002 0.86602540378443904 -0.4999999999999995 
1 -1.625e-14 -2.0999999999999979 -1 -0 
1 2.2499999988279957 -1.2990381049999984 -1.7e-16 1 
1 -4.2199999999999999e-15 -2.0999999999999019 -1 0 
1 2.2499999988279948 1.2990381050000019 -0.86602540378443904 0.4999999999999995 
1 -7.4529999999999999e-14 -2.1000000000000014 -1 0 
1 -1.09e-15 2.5980762100000003 -0.8660254037844386 -0.50000000000000022 
1 -6.5930000000000003e-14 -2.1000000000000014 -1 0 
1 -2.2499999988279034 1.2990381050000002 -0 -1 
1 4.2199999999999999e-15 -2.0999999999999979 -1 0 
1 0 0 -1.5e-16 -1 
1 -2.5980762100000003 -5.2199999999999996e-15 -0 -1 
1 3.1415926535897931 24.64482812576755 0 -1 
1 44.905564944028399 -17.768729375818598 0 1 
1 13.645291048887501 -39.459596807689998 0 -1 
1 3.1415926535897931 -39.459596807689998 0 -1 
8 -15.281808127587237 15.978465767553661
1 28.927099176474737 -12.024832751601743 1 6.3861344256330029e-14 
8 -15.281808127587237 15.978465767553661
1 30.954052868829478 25.10153160433309 -0.13052619222002115 -0.99144486137381449 
1 24.234046672551099 -7.7534242168630598 0 -1 
1 0 10.015305158955538 0 -1 
1 14.954138910507799 -9.1412200000000001e-12 -6.1128e-13 -1 
1 11.303964567200371 30.367512808493547 3.4499999999999998e-14 -1 
1 -1.8517459999999999e-11 -30.367512808493601 1 -6.0977999999999995e-13 
1 -21.439905883841387 11.956254944813633 0.99904822158255935 -0.043619387349268617 
1 -2.1578550000000001e-11 -35.387512808493604 -1 6.0977999999999995e-13 
1 21.43990588384144 11.956254944813786 0.99904822158255935 0.043619387349268617 
1 27.966523817621901 -1.7095479999999999e-11 -6.1128e-13 -1 
1 10.736372309599185 30.36751280849349 3.4499999999999998e-14 -1 
1 3.7988568068353077 0 0 1 
1 0.65726415324551546 0 0 1 
1 8.9305835183415511e-18 -12.024832751602727 1 0 
2 38.897398262203311 39.469444591609914 0.99144486137381449 -0.13052619222002115 -0.13052619222002115 -0.99144486137381449 6.0000000000000018
1 0 0 0 1 
1 -6.3138518995799302 0 0 1 
1 0 -12.024832751603181 1 0 
2 30.435616914803973 47.978161088755911 0.99144486137381449 -0.13052619222002115 -0.13052619222002115 -0.99144486137381449 6.0000000000000018
1 -1.09097423246555 0.037674071849763201 -0.03451193231767289 -0.99940428582616181 
1 1.5707963267948966 7.1100000000000008e-15 0 1 
8 22.613247276894803 27.715697337784
1 -28.927099176474737 -12.024832751601746 1 -6.3861344256330029e-14 
8 22.613247276894803 27.715697337784
1 33.432665022264018 24.775216123783039 0.13052619222002115 0.99144486137381449 
1 -1.09097423246555 0.037674071849763201 -0.03451193231767289 -0.99940428582616181 
1 1.5707963267948966 8.9000000000000007e-16 0 1 
1 1.58385e-11 -25.963403092473502 1 6.1002999999999998e-13 
1 5.6745848381916577 7.2756238780374201 -0.41469324265680602 0.90996127087628498 
1 -1.9904234670452401 -1.36372e-12 -6.8514000000000005e-13 1 
1 5.4644156103825603 25.963403092473378 -8.272e-14 1 
7 0 0  3 25 23  1.5985682295014185 31.033814414492873  1.5981474430967741 30.956273763768824  1.5973058702874861 30.801392460453354  1.5960435110735529 30.569670869043893  1.5947811518596204 30.338550010739535  1.5935187926456875 30.108030253767893  1.5922564334317555 29.878111965493808  1.5909940742178224 29.648795512298634  1.5897317150038894 29.420081259610658  1.5884693557899572 29.191969571897925  1.5872069965760243 28.964460812667372  1.5859446373620913 28.737555344466138  1.5846822781481595 28.511253528879365  1.5834199189342251 28.285555726530387  1.5821575597202939 28.060462297080342  1.5808952005063601 27.835973599226659  1.5796328412924279 27.61208999070378  1.5783704820784952 27.388811828281064  1.5771081228645625 27.166139467764296  1.5758457636506302 26.944073263991648  1.5745834044366969 26.722613570842025  1.5733210452227651 26.501760741202517  1.5720586860088319 26.281515127089445  1.5712171131995432 26.13508976182349  1.5707963267948994 26.061978398737438 
 2.6864399027688988 4 2.6877022619828317 1 2.6889646211967642 1 2.6902269804106966 1 2.6914893396246296 1 2.6927516988385625 1 2.6940140580524949 1 2.6952764172664274 1 2.6965387764803603 1 2.6978011356942933 1 2.6990634949082257 1 2.7003258541221582 1 2.7015882133360911 1 2.702850572550024 1 2.7041129317639565 1 2.705375290977889 1 2.7066376501918219 1 2.7079000094057548 1 2.7091623686196873 1 2.7104247278336198 1 2.7116870870475527 1 2.7129494462614856 1 2.7142118054754181 4
3 -9.0041104778313823 -381.30352185124946 -0.031407738572889539 -0.99950665528436444 0.99950665528436444 -0.031407738572889539 419.23257019577403 6
7 0 0  3 25 23  3.1415926535897931 30.832372851935631  3.1182134956490604 30.832372435817692  3.0714551797675944 30.832712933446782  3.0013177059453962 30.83423967936103  2.9311802321231966 30.836776385357769  2.8610427583009974 30.840310184472223  2.7909052844787996 30.844823805532126  2.7207678106565996 30.850295025697704  2.6506303368344009 30.856696949184485  2.5804928630122017 30.863998094113192  2.5103553891900035 30.872162559479765  2.440217915367803 30.881150198429697  2.3700804415456056 30.890916816543758  2.2999429677234056 30.901414388918344  2.2298054939012073 30.912591296380501  2.1596680200790082 30.924392579288394  2.0895305462568086 30.936760207812554  2.0193930724346103 30.949633367182624  1.9492555986124112 30.962948757099433  1.8791181247902127 30.976640901615568  1.8089806509680129 30.990642476257506  1.7388431771458142 31.004884619816966  1.6687057033236155 31.019297344837824  1.6219473874421493 31.028972190615399  1.5985682295014161 31.03381441449293 
 3.141592653590787 4 3.2117301274129861 1 3.2818676012351848 1 3.352005075057384 1 3.4221425488795831 1 3.4922800227017823 1 3.562417496523981 1 3.6325549703461801 1 3.7026924441683793 1 3.772829917990578 1 3.8429673918127771 1 3.9131048656349763 1 3.9832423394571754 1 4.0533798132793741 1 4.1235172871015733 1 4.1936547609237724 1 4.2637922347459716 1 4.3339297085681707 1 4.404067182390369 1 4.4742046562125681 1 4.5443421300347673 1 4.6144796038569664 1 4.6846170776791656 4
3 -1.1114709639644065 2.819937337265813 -0.41469324265771002 -0.90996127087587297 0.90996127087587297 -0.41469324265771002 6.0035764155646012 6
1 3.1415926535897931 39.234556337846939 0 1 
1 0 -3.5 -1 0 
1 8.4021834859111415 2.9843000000000002e-13 -3.4329999999999997e-14 1 
1 -1.8066928407232716 9.734385711474804 -0.90996127087628542 0.41469324265680496 
1 0 -6 -1 0 
1 3.1415926535897931 6.7500000000000003e-14 0 -1 
7 0 0  1 2 2  3.6170020087277113 13.448152555895017  3.1415926535897931 13.425175753600488 
 2.6661832984508766 2 3.1415926535887992 2
3 -6.2146057436943432 12.866992950579229 -0.41469324265771002 0.90996127087587297 -0.90996127087587297 -0.41469324265771002 6.0035764155646021 6
1 3.1415926535897931 7.1049999999999998e-14 0 -1 
1 0 -6 -1 0 
7 0 0  7 8 2  4.7123889803846897 27.579249470703886  4.4879895051282759 27.532755016285446  4.2635900298718221 27.486260750658854  4.0391905546160638 27.44358918714568  3.8147910793597211 27.408569979677896  3.5903916041023649 27.384226880355506  3.3659921288462069 27.372054447786326  3.1415926535897931 27.372054447786326 
 1.5707963267948584 8 3.1415926535897558 8
3 30.151604536342667 64.974116835848491 0.13052619221998418 0.99144486137381937 -0.99144486137381937 0.13052619221998418 6.0035764155644609 6.0000000000000018
1 4.712388980384687 35.952302983412899 0 -1 
1 10.788600291830701 -3.65676718555105 -0.03451193231767289 -0.99940428582616181 
7 0 0  3 25 23  4.7123889803846897 3.5274283898722487  4.7009122135829555 3.5167274823997992  4.677974956405742 3.4955465339300944  4.6436098254754237 3.464445807663497  4.6092768519431386 3.4340238748472189  4.5749692688511638 3.404288832493708  4.5406813524215419 3.3752487776153237  4.5064084682859642 3.346911807224437  4.4721468869431034 3.3192860183335018  4.4378936543398293 3.2923795079548901  4.4036464418023957 3.2662003731009599  4.3694033965639818 3.2407567107841628  4.3351629882398299 3.2160566180168422  4.3009238536210734 3.1921081918114371  4.2666846403474761 3.1689195291803176  4.2324438505068285 3.1464987271358549  4.198199685207924 3.1248538826905068  4.1639498906937007 3.103993092856614  4.1296916083528519 3.0839244546465778  4.0954212240434034 3.0646560650728363  4.0611342377592212 3.0461960211477055  4.0268250786851683 3.0285524198836513  3.9924871484891229 3.0117333582930503  3.9695704094470683 3.0010757416898679  3.9581045284627385 2.9958870556713109 
 0 4 0.00020613282483924 1 0.00041226564967848 1 0.00061839847451771997 1 0.00082453129935695999 1 0.0010306641241961999 1 0.00123679694903543 1 0.00144292977387467 1 0.00164906259871391 1 0.00185519542355315 1 0.0020613282483923898 1 0.0022674610732316301 1 0.0024735938980708699 1 0.0026797267229101101 1 0.00288585954774935 1 0.0030919923725885902 1 0.00329812519742783 1 0.0035042580222670598 1 0.0037103908471063001 1 0.0039165236719455399 1 0.0041226564967847797 1 0.0043287893216240204 1 0.0045349221464632602 4
7 0 0  1 2 2  -4.9999999999999999e-17 0.999999999999999  0.0067754023078794197 0.99999924140777985 
 0 2 0.0045349221464632602 2
7 0 0  1 2 2  3.1415926535897931 8.402183485911447  3.6289994657367095 8.4263112817061199 
 3.141592653590787 2 3.6289994657377043 2
3 6.1427173558431223 12.709248280443907 0.41469324265771002 0.90996127087587297 -0.90996127087587297 0.41469324265771002 6.0035764155646003 6
7 0 0  1 2 2  3.6170020087277153 13.448152555895142  3.6289994657367139 8.426311281706127 
 1.6188248338184406 2 1.6308222908274388 2
3 13.493233490464029 19.929215405656592 0.031407738572889539 0.99950665528436444 -0.99950665528436444 0.031407738572889539 419.23257019577403 6.0000000000000009
7 0 0  3 25 23  -4.0000000000000003e-17 0  -4.0000000000000003e-17 0.016827801337054749  -4.0000000000000003e-17 0.04999070298880863  -4.0000000000000003e-17 0.09842552590405082  -4.0000000000000003e-17 0.14572491307535804  -4.0000000000000003e-17 0.19204363722297063  -4.0000000000000003e-17 0.23752672442294726  -4.0000000000000003e-17 0.28230942253945585  -4.0000000000000003e-17 0.32651943621433155  -4.0000000000000003e-17 0.3702783105906291  -4.0000000000000003e-17 0.41370285229204223  -4.0000000000000003e-17 0.45690639488525298  -4.0000000000000003e-17 0.50000000000000056  -4.0000000000000003e-17 0.54309360511474947  -4.0000000000000003e-17 0.58629714770795727  -4.0000000000000003e-17 0.62972168940937201  -4.0000000000000003e-17 0.67348056378566912  -4.0000000000000003e-17 0.7176905774605491  -4.0000000000000003e-17 0.76247327557705147  -4.0000000000000003e-17 0.80795636277703275  -4.0000000000000003e-17 0.85427508692464382  -4.0000000000000003e-17 0.90157447409595082  -4.0000000000000003e-17 0.95000929701118852  -4.0000000000000003e-17 0.98317219866294281  -4.0000000000000003e-17 1 
 0 4 0.071399833036131663 1 0.14279966607226333 1 0.21419949910839498 1 0.28559933214452665 1 0.35699916518065833 1 0.42839899821678995 1 0.49979883125292163 1 0.5711986642890533 1 0.64259849732518493 1 0.71399833036131666 1 0.78539816339744828 1 0.8567979964335799 1 0.92819782946971163 1 0.99959766250584325 1 1.070997495541975 1 1.1423973285781066 1 1.2137971616142382 1 1.2851969946503699 1 1.3565968276865017 1 1.4279966607226333 1 1.4993964937587649 1 1.5707963267948966 4
7 0 0  3 25 23  2.0000000000000001e-17 1  2.0000000000000001e-17 0.98317219866294547  2.0000000000000001e-17 0.95000929701119163  2.0000000000000001e-17 0.90157447409594882  2.0000000000000001e-17 0.85427508692464182  2.0000000000000001e-17 0.80795636277702987  2.0000000000000001e-17 0.76247327557705169  2.0000000000000001e-17 0.71769057746054454  2.0000000000000001e-17 0.67348056378566834  2.0000000000000001e-17 0.62972168940937112  2.0000000000000001e-17 0.5862971477079566  2.0000000000000001e-17 0.54309360511474636  2.0000000000000001e-17 0.49999999999999822  2.0000000000000001e-17 0.45690639488524981  2.0000000000000001e-17 0.4137028522920439  2.0000000000000001e-17 0.37027831059062799  2.0000000000000001e-17 0.32651943621432999  2.0000000000000001e-17 0.28230942253945335  2.0000000000000001e-17 0.23752672442294634  2.0000000000000001e-17 0.19204363722297202  2.0000000000000001e-17 0.14572491307535293  2.0000000000000001e-17 0.09842552590405107  2.0000000000000001e-17 0.049990702988809171  2.0000000000000001e-17 0.016827801337055161  2.0000000000000001e-17 0 
 0 4 0.071399833036131663 1 0.14279966607226333 1 0.21419949910839498 1 0.28559933214452665 1 0.35699916518065833 1 0.42839899821678995 1 0.49979883125292163 1 0.5711986642890533 1 0.64259849732518493 1 0.71399833036131666 1 0.78539816339744828 1 0.8567979964335799 1 0.92819782946971163 1 0.99959766250584325 1 1.070997495541975 1 1.1423973285781066 1 1.2137971616142382 1 1.2851969946503699 1 1.3565968276865017 1 1.4279966607226333 1 1.4993964937587649 1 1.5707963267948966 4
7 0 0  3 69 67  0.026445777545894441 1.0000000000000004  0.02647155771741292 0.97120642213469788  0.02659536980910486 0.92668687451629272  0.026909770951680151 0.88579796357484575  0.027221909905113729 0.85353201994954864  0.027550896811607259 0.8264642030888868  0.027883292522014481 0.80257097841252845  0.0282192321928319 0.78098469880825694  0.028557009174246289 0.76111026077816857  0.028896325188810499 0.74256425220330047  0.029236945717561129 0.72502796733255415  0.029578672739671439 0.70833100550005801  0.029921330510806012 0.69235855799835311  0.030264739219279291 0.67699143817595098  0.030608724344691848 0.66211175155635205  0.03095310898274492 0.64765131323185499  0.031297769230363787 0.63357001339120311  0.031642617905285941 0.61982373518006184  0.031987548892179037 0.60637050714545404  0.032332510523817602 0.59317639526065458  0.032677502772940369 0.58021522091665212  0.033022514722205819 0.56746050026344708  0.033367536739557238 0.55488643989912256  0.033712563997480627 0.54247104773686883  0.034057601789679592 0.53019796211353221  0.034402653199784021 0.51805047754498323  0.034747721440150842 0.50601232681631358  0.035092809473941687 0.49406901669000758  0.035437920682478592 0.48221058489982271  0.035783057978060508 0.47042662317537376  0.036128223922052657 0.45870706664489941  0.036473420727287827 0.44704199049388144  0.036818650067943208 0.43542167210602273  0.037163913774295843 0.42383658145258024  0.037509209213142408 0.41227739630499316  0.037854532532700269 0.4007350215164816  0.038199882147443617 0.38920290276884145  0.038545256419650169 0.377674443190259  0.03889065376866517 0.36614302512513103  0.03923607264300364 0.35460200512108336  0.039581511532959489 0.34304471885805565  0.039926968957752447 0.33146447206275037  0.04027244351353735 0.31985457683915969  0.040617933703052021 0.30820821997638209  0.040963439041320417 0.29651932646815821  0.041308959384339983 0.28478191186132734  0.041654494559733773 0.27298978233953791  0.042000044463305998 0.2611366067506018  0.042345609033642297 0.24921589465514674  0.042691188265650402 0.23722099114951159  0.043036782190199373 0.2251450973635416  0.043382390950383452 0.21298117042182296  0.043728014467668018 0.20072235344237835  0.044073652444110732 0.18836185911412212  0.044419304696924108 0.17589250314345742  0.044764971092585593 0.16330679475931317  0.045110651541857928 0.15059690033246484  0.045456346094089058 0.13775463246251249  0.045802054573526589 0.12477146053564522  0.046147777948366213 0.11163840636123087  0.046493512978927412 0.098346390662745253  0.046839242503109217 0.084886744968620101  0.047184951383524992 0.071250092043906962  0.047530624030687897 0.057426490782493428  0.047876245067668008 0.043405369999933503  0.048221799156018798 0.029175485534818042  0.048567271034869838 0.01472498510272606  0.048797520708813158 0.00493566714265644  0.04891262678651162 0 
 0 4 0.00035402527044375002 1 0.00070805054088748996 1 0.00106207581133124 1 0.0014161010817749899 1 0.00177012635221873 1 0.0021241516226624801 1 0.0024781768931062299 1 0.0028322021635499798 1 0.0031862274339937201 1 0.00354025270443747 1 0.0038942779748812198 1 0.0042483032453249601 1 0.00460232851576871 1 0.0049563537862124599 1 0.0053103790566562002 1 0.00566440432709995 1 0.0060184295975436999 1 0.0063724548679874498 1 0.0067264801384311901 1 0.0070805054088749399 1 0.0074345306793186898 1 0.0077885559497624301 1 0.0081425812202061808 1 0.0084966064906499307 1 0.0088506317610936806 1 0.00920465703153742 1 0.0095586823019811699 1 0.0099127075724249197 1 0.010266732842868659 1 0.010620758113312411 1 0.010974783383756161 1 0.0113288086541999 1 0.01168283392464365 1 0.0120368591950874 1 0.012390884465531139 1 0.012744909735974891 1 0.013098935006418641 1 0.013452960276862391 1 0.01380698554730613 1 0.01416101081774988 1 0.01451503608819363 1 0.014869061358637369 1 0.015223086629081121 1 0.015577111899524871 1 0.01593113716996861 1 0.016285162440412362 1 0.01663918771085611 1 0.016993212981299851 1 0.017347238251743599 1 0.017701263522187351 1 0.018055288792631099 1 0.01840931406307484 1 0.018763339333518592 1 0.01911736460396234 1 0.019471389874406081 1 0.019825415144849829 1 0.020179440415293581 1 0.020533465685737329 1 0.02088749095618107 1 0.021241516226624822 1 0.02159554149706857 1 0.021949566767512311 1 0.022303592037956059 1 0.022657617308399811 1 0.023011642578843559 1 0.0233656678492873 4
7 0 0  3 69 67  4.4106541523074441 1.4999999999999991  4.4105452500596458 1.6232219991367161  4.4100227005547072 1.8159434598657387  4.4086968573204164 1.9977601783963672  4.4073822900289494 2.1416612244766213  4.4059985175600431 2.2629295880713358  4.4046024573687683 2.3699607017536106  4.4031933882478098 2.4664907300530872  4.4017781589798224 2.5550498123630367  4.4003577187197171 2.6372809986491608  4.3989327431479532 2.7145896065389703  4.3975037583699974 2.7876916354441983  4.3960712025626814 2.8570440631165637  4.3946355355043591 2.9231582311168101  4.3931972142913445 2.9865732371729843  4.3917566791825138 3.047581430372015  4.3903143632652375 3.1063298526264798  4.3888706896124896 3.1629974953536588  4.3874261272230699 3.2177632853312081  4.3859809255684992 3.2707655006492646  4.3845351149186582 3.3220990507379429  4.3830887705853119 3.3718669403052539  4.3816419611881914 3.4201742038663321  4.3801947340540313 3.4671073333132041  4.378747092838708 3.5127195061583065  4.3772990491244501 3.5570693736080972  4.3758506125769951 3.6002162281544177  4.3744017925143872 3.6422108013893029  4.3729525950995294 3.6830742574477577  4.3715030269513724 3.72283190610049  4.3700530945614968 3.7615079462984258  4.3686028044502425 3.7991268746359124  4.3671521631246577 3.835713107953409  4.365701177089556 3.8712910844634871  4.3642498528443756 3.9058852366441652  4.3627981968837446 3.9395199985395641  4.3613462076443916 3.9721992448670211  4.3598938835591534 4.0039268508972352  4.3584412230558849 4.034706690217317  4.3569882245612419 4.0645426425953781  4.3555348864867023 4.0934385647590856  4.3540812072807284 4.1213983994169308  4.3526271852341587 4.1484257683945041  4.3511728192064911 4.1745254910682084  4.3497181039530748 4.199693814732024  4.3482630329717384 4.2239243682334644  4.3468076000721068 4.2472114398361303  4.3453517989732537 4.2695491466315891  4.3438956234170494 4.290931630983458  4.3424390671177768 4.311353105339192  4.3409821238509316 4.3308074765388191  4.3395247871490943 4.349289803768281  4.3380670516639102 4.3667897109642606  4.3366089131617018 4.3832913868354826  4.3351503671704279 4.3987801723727147  4.3336914092519301 4.4132411031935153  4.332232035032642 4.4266592841261998  4.3307722398089128 4.4390198485292993  4.3293120200953936 4.4503077464297123  4.3278513678265602 4.4605086326506527  4.3263902930542812 4.469605363775452  4.3249288651519491 4.4775716358140194  4.3234671452064299 4.4843824245403558  4.3220051965241426 4.4900123628166666  4.320543081814292 4.4944361753882598  4.3190808639416627 4.4976285623798287  4.3176186057240082 4.4995642305154098  4.3166437818956078 4.4999999999999991  4.3161563841971518 4.4999999999999991 
 0 4 0.00035402527044375002 1 0.00070805054088748996 1 0.00106207581133124 1 0.0014161010817749899 1 0.00177012635221873 1 0.0021241516226624801 1 0.0024781768931062299 1 0.0028322021635499798 1 0.0031862274339937201 1 0.00354025270443747 1 0.0038942779748812198 1 0.0042483032453249601 1 0.00460232851576871 1 0.0049563537862124599 1 0.0053103790566562002 1 0.00566440432709995 1 0.0060184295975436999 1 0.0063724548679874498 1 0.0067264801384311901 1 0.0070805054088749399 1 0.0074345306793186898 1 0.0077885559497624301 1 0.0081425812202061808 1 0.0084966064906499307 1 0.0088506317610936806 1 0.00920465703153742 1 0.0095586823019811699 1 0.0099127075724249197 1 0.010266732842868659 1 0.010620758113312411 1 0.010974783383756161 1 0.0113288086541999 1 0.01168283392464365 1 0.0120368591950874 1 0.012390884465531139 1 0.012744909735974891 1 0.013098935006418641 1 0.013452960276862391 1 0.01380698554730613 1 0.01416101081774988 1 0.01451503608819363 1 0.014869061358637369 1 0.015223086629081121 1 0.015577111899524871 1 0.01593113716996861 1 0.016285162440412362 1 0.01663918771085611 1 0.016993212981299851 1 0.017347238251743599 1 0.017701263522187351 1 0.018055288792631099 1 0.01840931406307484 1 0.018763339333518592 1 0.01911736460396234 1 0.019471389874406081 1 0.019825415144849829 1 0.020179440415293581 1 0.020533465685737329 1 0.02088749095618107 1 0.021241516226624822 1 0.02159554149706857 1 0.021949566767512311 1 0.022303592037956059 1 0.022657617308399811 1 0.023011642578843559 1 0.0233656678492873 4
7 0 0  1 2 2  0.048912626786511593 7.41939859e-09  2.0000000000000001e-17 3.0000000000000001e-17 
 2.0000000000000001e-17 2 0.048925516373083601 2
7 0 0  3 8 6  57.774602525027504 -27.482602474933199  53.792501240570402 -28.357719047083197  47.820045732206601 -29.6738703753377  39.853986047767201 -31.414832932892899  31.897211940953103 -33.2021484241723  21.851172554450798 -34.946553281261799  13.7371287344835 -35.782395627957904  9.6695552144494101 -36.062325821711397 
 2.0000000000000001e-17 4 0.0122313790932709 1 0.0183470686399064 1 0.0244627581865418 1 0.036694137279812702 1 0.048925516373083601 4
1 0 4.4999999999999991 1 0 
2 -34.891766211532499 194.01681857979199 -1 0 0 1 240.10216455167199
1 4.2851163488869624 -8.7000000000000004e-16 0 1 
1 4.4926731371076105 25.5 0 1 
1 0 0 1 0 
2 -34.891766211532499 194.01681857979199 -1 0 0 1 240.10216455167199
8 23.261611829985487 103.02709917647474
1 -28.927099176474737 -12.024832751601721 1 -6.3861344256330029e-14 
8 23.261611829985487 103.02709917647474
1 14.595212656161543 27.255213775963441 0.13052619222002115 0.99144486137381449 
1 74.099999999999994 20.999999999998902 0 -1 
1 2 0 0 -1 
2 60.760913261831796 -7.2902608698581801 1 0 -0 1 17.633662582432798
1 9.4247779607693793 25.5 -1 0 
8 -8.9564146581451478 -4.4564146581451478
1 6.4564146581451478 -33.0248327516072 1 1.2889804509385654e-15 
8 -8.9564146581451478 -4.4564146581451478
1 23.624658194172319 129.98258067301086 -0.99144486137381449 0.13052619222002115 
8 23.261611829985487 103.02709917647474
1 -28.927099176474737 -12.024832751601728 1 -6.3861344256330029e-14 
8 23.261611829985487 103.02709917647474
1 19.056714532343712 26.667845910973341 0.13052619222002115 0.99144486137381449 
8 -10.206414658145114 -7.7064146581451141
1 27.372054447786262 -13.706414658145114 1.2889164887463311e-15 -1 
8 -10.206414658145114 -7.7064146581451141
1 21.727495354683299 60.027790809768305 -0.99144486137381449 0.13052619222002118 
7 0 0  7 8 2  1.570796326794899 12.069696912978252  1.7951958020513128 12.023202458559812  2.0195952773078947 11.976708192938146  2.2439947525640629 11.934036629403396  2.4683942278209758 11.899017421960346  2.6927937030768563 11.87467432262684  2.9171931783333793 11.862501890060694  3.1415926535897931 11.862501890060692 
 1.5707963267948586 8 3.1415926535897549 8
3 31.062968751326096 52.743371381145622 -0.13052619221998418 -0.99144486137381937 0.99144486137381937 -0.13052619221998418 6.0035764155644609 6.0000000000000018
1 8.9305835183415511e-18 5.7438966242165677 1 0 
2 25.617949973812387 30.537591546825809 0.99144486137381449 -0.13052619222002115 -0.13052619222002115 -0.99144486137381449 6.0000000000000018
8 -5.05514720013187 6.94485279986813
1 -14.46797651642213 5.7438966242169629 1 -1.2889804509385654e-15 
8 -5.05514720013187 6.94485279986813
1 17.949354199065461 25.495407570078243 0.99144486137381449 -0.13052619222002115 
1 0 12.02483275160202 1 0 
2 13.720611637326613 32.10390585346606 -0.99144486137381449 0.13052619222002115 -0.13052619222002115 -0.99144486137381449 6.0000000000000018
8 6.8317486357407216 19.831748635747012
1 6.1573199430866108 -21.831748635740738 6.7444363894013829e-13 1 
8 6.8317486357407216 19.831748635747012
1 24.719653570039412 19.75245291477664 0.087155742763649083 0.99619469809034655 
8 -16.702024059956049 -6.2020240599560017
1 -5.6573199431000472 -6.2020240599560017 -3.7656158411870872e-15 -1 
8 -16.702024059956049 -6.2020240599560017
1 9.8096365367838345 40.964413072163865 -0.99619469809034666 0.087155742763649083 
8 -27.331748635740603 -14.331748635740574
1 -5.6573199430815899 -14.331748635740574 6.7444752270812497e-13 -1 
8 -27.331748635740603 -14.331748635740574
1 13.60594116936344 13.196127978117516 -0.087155742763649083 -0.99619469809034655 
8 -16.702024059956045 -6.202024059955999
1 -5.6573199430912791 -6.2020240599560017 -3.7656158411870872e-15 -1 
8 -16.702024059956045 -6.202024059955999
1 8.6766118808563917 28.013881996989326 -0.99619469809034666 0.087155742763649083 
1 0 15.438570340872602 1 0 
2 28.847354810464729 50.100148002558456 -0.8480480961561121 0.52991926423370728 0.52991926423370728 0.8480480961561121 6.1382754670294117
8 -11.083932802737694 1.9160671985479398
1 -7.0307465125976183 -10.311430159958707 1 -2.5309945581731236e-14 
8 -11.083932802737694 1.9160671985479398
1 27.276299870790808 56.918785156843754 -0.84804809668993708 0.52991926337940898 
1 1.8016608906746799e-17 15.438570340872495 1 0 
2 28.540595008946106 50.291832800925505 -0.8480480961561121 0.52991926423370728 0.52991926423370728 0.8480480961561121 6.5000000000000018
8 -11.083932802737678 1.9160672091253019
1 -7.0307465125976236 -10.311430159958089 1 -2.5309945581731236e-14 
8 -11.083932802737678 1.9160672091253019
1 21.71214760530701 48.014280141599414 -0.84804809668993708 0.52991926337940898 
1 1.5707963267948966 17.768729375818598 0 1 
1 -19.523123716554 0 0 -1 
1 0 0 0 -1 
1 0 0.25486382238830174 -1 0 
1 7.8539816339744863 0 0 1 
1 1.5707963267949001 0 0 1 
1 1.5707963267949001 2.5467284443875968 1 0 
2 0 -0 0.49999999999999989 0.86602540378443882 -0.86602540378443882 0.49999999999999989 1.25
1 6.8067840827778818 0 0 1 
1 0.5235987755982956 0 0 1 
1 1.5707963267948966 0 0 -1 
1 -7.5231237165540001 0 0 -1 
1 -0 0 -0 -1 
1 -2.5980762100000088 -3.5899999999999997e-14 1.5e-16 -1 
1 -0 0 1.5e-16 -1 
1 -2.5980762100000088 7.5899999999999997e-14 1.5e-16 -1 
1 0 0 1.5e-16 -1 
1 -2.5980762100000003 5.2199999999999996e-15 0 -1 
1 9.4247779607693776 0 -1 0 
2 0 -0 1 -1.0000000000000001e-17 1.0000000000000001e-17 1 1.249999999999998
1 6.8067840827778827 0 0 1 
1 0.52359877559829648 0 0 1 
1 3.1415926535897913 0 -1 0 
2 0 -0 1 -1.0000000000000001e-17 1.0000000000000001e-17 1 1.249999999999998
1 -4.994e-14 -5.0199999999999996 -1 -0 
1 6.5000000000000684 -6.1810000000000004e-14 1.0000000000000001e-17 -1 
1 -0 0 0 -1 
1 6.2831853071795862 1.5000000000000355 0 -1 
1 -0 0 -1 0 
1 -6.5000000000000675 8.3799999999999997e-15 1.9000000000000001e-16 -1 
2 0 -0 1 0 -0 1 6.5000000000000009
1 9.4247779607693776 1.5000000000000036 -1 0 
1 -2.0299999999999999e-14 4.9500000000000313 1 0 
1 3 -3.1730000000000001e-14 -0 -1 
1 -4.4627781807259428 8.91e-15 1.0000000000000001e-17 1 
1 -3 6.6099999999999997e-15 -0 1 
1 1.4220000000000002e-14 6.9500000000000135 1 0 
1 3 -2.8100000000000001e-14 -0 -1 
1 4.2415903306461313 3.6000000000000001e-15 1.0000000000000001e-17 1 
1 -2.9999999999999964 -2.2699999999999998e-15 -0 1 
1 -2.0299999999999999e-14 4.9500000000000313 1 0 
1 3 -3.1730000000000001e-14 -0 -1 
2 0.36172453297053564 4.7500000000000003e-15 1 0 -0 1 6.1382754670294091
1 3.1415926535897931 1.5 -1 -3.7899999999999997e-15 
1 6.4999999999999627 5.0699999999999999e-15 1.9000000000000001e-16 -1 
1 -0 0 -1 0 
2 0.048060538006292473 -0.29000000000001674 -1 0 0 1 4.7500000000000018
1 9.4247779607693793 0.98000000000000398 -1 0 
1 10.959999999999971 -5.0200000000000129 1 -0 
1 -6.4999999999999485 10.959999999999958 2.8999999999999998e-16 1 
2 -0.36172453297053792 -2.5569999999999999e-14 1 -0 -0 -1 6.138275467029402
1 6.28318530717958 -3.5199999999999867 -1 -6.2900000000000001e-15 
1 3.3834154341434939 -5.5500000000000167 -1 -6.8999999999999997e-16 
1 -29.019999999999953 9.8834154341434211 0 -1 
2 0 -0 1 -0 -0 -1 6.5000000000000009
1 6.2831853071795862 -3.519999999999893 -1 0 
1 -0 0 0 -1 
1 3.1415926535897931 1.5000000000000462 0 -1 
7 0 0  3 25 23  1.5707963267948974 26.016575607168399  1.5945962711402748 26.011644338776918  1.6421961598310288 26.001781937404729  1.7135959928671609 25.987063611739394  1.7849958259032916 25.97249570157938  1.8563956589394239 25.958152404705832  1.9277954919755558 25.94410682117249  1.9991953250116874 25.930430521400627  2.0705951580478179 25.917193197389839  2.1419949910839513 25.904462303318532  2.2133948241200807 25.892302712955807  2.2847946571562137 25.880776388773029  2.3561944901923453 25.86994206628064  2.4275943232284751 25.859854954698616  2.4989941562646099 25.850566455646895  2.5703939893007388 25.842123901145584  2.6417938223368722 25.834570312673545  2.7131936553730029 25.827944181002795  2.784593488409135 25.822279273558703  2.8559933214452662 25.817604449285653  2.9273931544813978 25.813943560341123  2.998792987517529 25.811315148603246  3.0701928205536624 25.80973303022235  3.1177927092444166 25.809380137419033  3.1415926535897931 25.809380584246586 
 1.5707963267939038 4 1.6421961598300354 1 1.713595992866167 1 1.7849958259022987 1 1.8563956589384303 1 1.9277954919745619 1 1.9991953250106935 1 2.0705951580468249 1 2.1419949910829565 1 2.2133948241190882 1 2.2847946571552198 1 2.3561944901913514 1 2.427594323227483 1 2.4989941562636147 1 2.5703939892997463 1 2.6417938223358779 1 2.7131936553720095 1 2.7845934884081411 1 2.8559933214442728 1 2.9273931544804044 1 2.998792987516536 1 3.0701928205526676 1 3.1415926535887992 4
3 1.0395825761131692 2.9776820074011709 0.41469324265771002 -0.90996127087587297 0.90996127087587297 0.41469324265771002 6.0035764155646003 6
1 3.1415926535897931 39.234556337846925 0 1 
1 0 -3.5 -1 0 
1 1.7348044528722137 9.8921303816102544 -0.90996127087628542 -0.41469324265680496 
1 13.425175753600188 5.0092999999999997e-13 3.4329999999999997e-14 -1 
1 -6.4999999999999547 2.3509999999999999e-14 -0 -1 
1 0 0 -1 0 
2 0 0 1 1.0000000000000001e-17 -1.0000000000000001e-17 1 6.4999999999999991
1 9.4247779607693722 1.5000000000000093 -1 -4.1000000000000004e-15 
1 1.2069999999999999e-14 4.9500000000000011 1 -4.0000000000000003e-17 
1 3.0000000000000036 -3.91e-15 -7.0000000000000003e-17 -1 
1 -4.4627781807258406 2.27e-14 0 1 
1 -3 -4.0000000000000003e-17 -1.5e-16 1 
1 3.64e-15 6.9499999999999922 1 -4.0000000000000003e-17 
1 3 -9.6400000000000004e-15 -7.0000000000000003e-17 -1 
1 4.2415903306462184 1.5679999999999999e-14 0 1 
1 -3.0000000000000036 3.5999999999999998e-16 -1.5e-16 1 
1 1.2069999999999999e-14 4.9500000000000011 1 -4.0000000000000003e-17 
1 3.0000000000000036 -3.91e-15 -7.0000000000000003e-17 -1 
2 0.36172453297063523 2.42e-14 1 1.0000000000000001e-17 -1.0000000000000001e-17 1 6.1382754670294108
1 3.1415926535897891 1.5 -1 0 
1 0 0 -1 0 
1 6.5000000000000462 1.904e-14 -0 -1 
1 0 0 1.5e-16 -1 
1 3.1415926535897905 1.4999999999999467 -8.9999999999999996e-17 -1 
1 10.959999999999999 -5.0199999999999294 1 -0 
1 -6.4999999999999583 10.95999999999999 -0 1 
2 0.048060538006211309 -0.28999999999999421 -1 1.0000000000000001e-17 1.0000000000000001e-17 1 4.7500000000000009
1 9.424777960769374 0.97999999999990095 -1 0 
2 -0.36172453297054913 -2.675e-14 1 -1.0000000000000001e-17 -1.0000000000000001e-17 -1 6.1382754670294011
1 6.2831853071795827 -3.5199999999999996 -1 0 
1 3.383415434143465 -5.5500000000000087 -1 -4.0000000000000003e-17 
1 -8.2312638693234597 -29.27000050083279 -1 -2.8412000000000001e-13 
2 0 0 1 -1.0000000000000001e-17 -1.0000000000000001e-17 -1 6.5
1 6.2831853071795862 -3.5200000000000031 -1 3.47e-15 
1 6.5000000000000204 -5.1419999999999997e-14 0 -1 
1 -4.5139999999999997e-14 -5.0199999999999996 -1 0 
1 74.099999999999994 20.999999999998902 0 -1 
1 -2.5 0 0 -1 
2 60.760913261831796 -7.2902608698581801 -1 0 -0 -1 17.633662582432798
1 6.2831853071795862 30 -1 0 
1 0 0 1.5e-16 -1 
1 6.2831853071795862 1.4999999999999503 0 -1 
1 3.8545118405195411 0 0 1 
1 27.5 -39.823466021189404 -1 0 
1 0.50000000000000233 10.500000000000043 1 1.4000000000000001e-16 
1 -7.1e-16 -15.000000000000014 -1 0 
1 0.49999999999999895 -1.9999999999999893 -1 0 
1 2.3699999999999999e-15 10.500000000000048 1 1.4000000000000001e-16 
1 10.500000000000011 -8.4999999999999556 -0 1 
1 1.625e-14 4.9500000000000428 1 -0 
1 25.999999999999982 -4.287221819274122 -1 -0 
1 7.1488688537818215 7.1049999999999998e-14 4.0000000000000003e-17 1 
1 21.500000000000004 -1.1179999999999999e-14 0 -1 
1 8.4999999999999645 4.950000000000002 -1 0 
1 25.999999999999979 -12.491590330646178 -1 -0 
1 2.2035275312059723 4.6190000000000003e-14 0 1 
1 10.500000000000011 -8.4999999999999556 -0 1 
1 1.625e-14 4.9500000000000428 1 -0 
1 0 -0 -1 -0 
1 2.8999999999999998e-16 13.00000000000003 -1 0 
1 -9.9999999999999574 8.2999999999999998e-16 -0 1 
1 6.5000000000000071 -5.5500000000000069 -1.0000000000000001e-17 1 
1 -9.9999999999999574 8.2999999999999998e-16 -0 1 
1 6.5000000000000071 -5.5500000000000069 -1.0000000000000001e-17 1 
1 0 -0 -1 -0 
1 0 0 -1 0 
1 -10.000000000000018 2.21e-15 -0 1 
1 -6.5000000000000231 -5.5500000000000078 1 -0 
1 -25.499999999999968 3.516076826740107 1 -0 
1 4.2710083723105967 5.3289999999999999e-14 0 1 
1 -25.499999999999961 9.8834154341434672 1 -0 
1 5.2598552092669077 9.2370000000000002e-14 0 1 
1 -10.000000000000018 2.21e-15 -0 1 
1 -6.5000000000000231 -5.5500000000000078 1 -0 
1 -10.000000000000018 -2.8000000000000001e-16 -0 1 
1 -6.5000000000000231 -5.5500000000000078 -1.0000000000000001e-17 1 
1 -10.000000000000018 -2.8000000000000001e-16 -0 1 
1 -6.5000000000000231 -5.5500000000000078 -1.0000000000000001e-17 1 
1 -15.606269644691485 -25.750000500829291 -2.8419999999999999e-13 1 
1 2.2035275312059781 -4.6190000000000003e-14 4.0000000000000003e-17 1 
1 -14.598602476727807 -25.750000500834688 -2.8419999999999999e-13 1 
1 4.2710083723105914 -4.9739999999999998e-14 0 1 
1 2.203527531205979 -4.6190000000000003e-14 -1.5e-16 1 
1 4.5000000000000702 -3.991590330646241 -1 -0 
1 -7.4019011333193978 -25.750000500826889 -2.8419999999999999e-13 1 
1 7.1488688537818224 2.4869999999999999e-14 -1.0000000000000001e-17 1 
1 -3.1146793140465627 -21.250000500825692 -1 -2.8412000000000001e-13 
1 8.5000000000000409 4.9499999999999691 -1 -4.0000000000000003e-17 
1 -8.2312638693244597 -25.75000050083279 -2.8419999999999999e-13 1 
1 5.2598552092669006 3.9080000000000002e-14 0 1 
1 7.1488688537818224 2.4869999999999999e-14 0 1 
1 4.5 4.2127781807258469 -1 -0 
1 2.2499999988279953 1.2990381050000011 -0.86602540378443871 0.50000000000000022 
1 0 0 -1 -0 
1 2.2499999988279957 -1.2990381050000004 1.0000000000000001e-17 1 
1 0 0 -1 -0 
1 4.6879999999999998e-14 -2.5980762099999217 0.86602540378443893 0.49999999999999983 
1 0 0 -1 -0 
1 -2.2499999988279566 -1.2990381049999169 0.8660254037844386 -0.50000000000000022 
1 0 0 -1 0 
1 -2.2499999988279442 1.2990381050000857 -1.0000000000000001e-17 -1 
1 -0 0 -1 0 
1 8.5999999999999997e-16 2.5980762100000012 -0.86602540378443893 -0.49999999999999983 
1 0 0 -1 0 
1 7.1488688537818215 7.1049999999999998e-14 0 1 
1 4.4999999999999725 4.2127781807258362 -1 -0 
1 12.566370614359169 15.500000000000004 -1 0 
2 0 -0 1 -0 -0 -1 6.5000000000000009
1 6.2831853071795862 15.500000000000004 -1 0 
2 0 -0 1 -0 -0 -1 6.5000000000000009
1 0 0 -0 -1 
1 1.714e-14 4.9500000000000224 -1 0 
1 2.537e-14 4.4627781807258433 1 0 
1 -6.0669999999999995e-14 4.9499999999999718 -1 -0 
1 0 -0 -0 1 
1 4.4627781807258406 -6.2100000000000003e-15 -1.0000000000000001e-17 1 
1 -4.4999999999999998e-14 6.9499999999999531 -1 -0 
1 2.537e-14 4.4627781807258433 1 0 
1 0 0 -0 -1 
1 -2.082e-14 6.9500000000000028 -1 0 
1 1.0229999999999999e-14 -4.2415903306462344 1 0 
1 -4.4999999999999998e-14 6.9500000000000348 -1 -0 
1 0 -0 -0 1 
1 -4.2415903306462379 -1.9299999999999998e-15 -1.0000000000000001e-17 1 
1 -6.0669999999999995e-14 4.9499999999999531 -1 -0 
1 1.0229999999999999e-14 -4.2415903306462308 1 0 
1 4.4999999999999671 -3.9915903306462188 -1 -0 
1 2.2035275312059732 4.6190000000000003e-14 -1.5e-16 1 
1 0 0 -0 -1 
1 1.714e-14 4.9500000000000224 -1 0 
1 9.4247779607693722 15.49999999999998 -1 3.1499999999999999e-15 
2 -0.36172453297063822 -8.6200000000000004e-15 -1 0 0 1 6.1382754670294091
1 3.141592653589794 15.5 -1 -3.7899999999999997e-15 
2 -0.36172453297063822 -8.6200000000000004e-15 -1 0 0 1 6.1382754670294091
1 9.4247779607693793 0 -1 0 
2 0 -0 1 0 -0 1 4.7500000000000018
1 9.4247779607693793 0 0 1 
1 3.1415926535897931 0 0 1 
1 0 0 -7.0000000000000003e-17 -1 
1 8.0079999999999998e-14 4.9499999999999593 -1 -4.0000000000000003e-17 
1 7.1019999999999997e-14 4.4627781807258478 1 0 
1 -7.6760000000000006e-14 4.9499999999999904 -1 -0 
1 0 0 -1.5e-16 1 
1 4.4627781807259304 -1.9400000000000001e-14 -0 1 
1 -5.7169999999999998e-14 6.9499999999999913 -1 -0 
1 -3.2000000000000002e-14 4.4627781807258344 1 0 
1 0 0 -7.0000000000000003e-17 -1 
1 9.4110000000000002e-14 6.9499999999999584 -1 -4.0000000000000003e-17 
1 -4.6100000000000004e-15 -4.2415903306462255 1 0 
1 -6.0720000000000005e-14 6.9499999999999931 -1 -0 
1 0 0 -1.5e-16 1 
1 -4.2415903306461269 -2.7099999999999999e-14 -0 1 
1 2.272e-14 4.9499999999999966 -1 -0 
1 -4.6100000000000004e-15 -4.2415903306462219 1 0 
1 0 0 -7.0000000000000003e-17 -1 
1 8.0079999999999998e-14 4.9499999999999593 -1 -4.0000000000000003e-17 
1 9.4247779607693793 -3.5500000000000001e-15 -1 0 
2 0 0 1 1.0000000000000001e-17 -1.0000000000000001e-17 1 4.7500000000000009
1 9.4247779607693793 0 0 1 
1 3.1415926535897931 0 0 1 
1 -7.6299999999999997e-15 -2.0999999999999979 -1 -0 
1 2.2499999988279975 1.2990381050000082 -0.86602540378443871 0.50000000000000022 
1 0 0 0 -1 
1 -2.5980762100000017 2.7930000000000001e-14 -1.4000000000000001e-16 -1 
1 -2.5980762100000003 -3.74e-15 0 -1 
1 0 0 1.5e-16 -1 
1 -1.6009999999999999e-14 -2.0999999999999979 -1 -0 
1 2.249999998827994 -1.2990381049999995 1.0000000000000001e-17 1 
1 0 0 -1.4000000000000001e-16 -1 
1 -2.5980762099999204 -7.1329999999999997e-14 -1.5e-16 -1 
1 7.4829999999999995e-14 -2.1000000000000014 -1 -0 
1 -4.4100000000000003e-15 -2.598076210000007 0.86602540378443893 0.49999999999999983 
1 0 0 -1.5e-16 -1 
1 -2.5980762100000105 3.74e-15 -0 -1 
1 -3.0200000000000002e-15 -2.1000000000000014 -1 0 
1 -2.2499999988279988 -1.2990381050000075 0.8660254037844386 -0.50000000000000022 
1 0 0 -0 -1 
1 -2.5980762100000017 7.5100000000000003e-14 1.4000000000000001e-16 -1 
1 -7.3099999999999999e-14 -2.0999999999999979 -1 0 
1 -2.2499999988279948 1.2990381049999999 -1.0000000000000001e-17 -1 
1 -0 0 1.4000000000000001e-16 -1 
1 -2.5980762099999124 -3.17e-14 1.5e-16 -1 
1 1.5950000000000001e-14 -2.0999999999999979 -1 0 
1 3.08e-15 2.5980762100000079 -0.86602540378443893 -0.49999999999999983 
2 7.6899999999999999e-15 -4.4400000000000004e-15 0.49999999999999989 0.86602540378443882 -0.86602540378443882 0.49999999999999989 1.25
1 1.5707963267948983 0.44672844438759896 1 0 
1 9.4247779607693793 0 -1 0 
2 0 0 1 0 -0 1 1.25
1 7.8539816339744846 0 0 1 
1 1.5707963267948983 0 0 1 
1 3.1415926535897931 0 -1 0 
2 0 0 1 0 -0 1 1.25
Curves 326
3 42.6640713114109 -4.9331027840543902 -42.703306933066195 -0.51402941643727718 0 0.85777255670553632 0.85777255670553632 1.2e-16 0.51402941643727718 -1.0293270680466433e-16 1 -6.1683529972473245e-17 7.5777663311643799 6.5
1 47.749827440661399 -16.5 -39.655612955420899 0 1 0 
1 45.941895239877802 -14.2262298547843 -40.739035742571104 -0.13012871944406304 -0.98842575590112913 -0.077981032611333906 
1 60.224969357231103 -0.23506759563167101 -32.179750188284203 0.85235485721618975 -0.11221464578323297 0.510782801836272 
1 47.749827440661399 -16.5 -39.655612955420899 0 1 0 
3 43.336895656178001 -4.5 -42.300109718837604 -0.51402941643727718 0 0.85777255670553632 -0.85777255670553632 0 -0.51402941643727718 -0 -1 0 11.376514914717699 9.7584622847961011
7 0 0  3 4 2  47.940814979926301 -13.1041567294074 -39.541161621453995  47.800260739132 -12.838728499548299 -39.625390259696701  47.749827440661399 -12.528817428222899 -39.655612955420899  47.749827440661399 -12.218388005437101 -39.655612955420899 
 8.9999999999999996e-17 4 0.00091700398059660999 4
1 47.749827440661399 -16.5 -39.655612955420899 0 1 0 
1 47.486913242288402 -0.57532861485174802 -42.966956375830605 2.7e-16 6.0000000000000001e-17 1 
1 47.486913242288402 -0.57532861485174802 -42.966956375830605 2.7e-16 6.0000000000000001e-17 1 
2 42.6640713114109 -4.9331027840543902 -27.466956375830598 -2.7e-16 -6.0000000000000001e-17 -1 0.99144486137381449 -0.13052619222002104 -2.5985854103772864e-16 -0.13052619222002104 -0.99144486137381449 9.4728763581834553e-17 6.5
2 42.6640713114109 -4.9331027840543902 -27.466956375830598 -2.7e-16 -6.0000000000000001e-17 -1 0.99144486137381449 -0.13052619222002104 -2.5985854103772864e-16 -0.13052619222002104 -0.99144486137381449 9.4728763581834553e-17 6.5
1 45.294120790664095 -10.877246097996199 -42.966956375830605 2.7e-16 6.0000000000000001e-17 1 
3 42.6640713114109 -4.9331027840543902 -39.628347637458305 0.0053610368752413798 0 0.99998562953855608 -0.99998562953855608 1.197e-14 0.0053610368752413798 -1.1969827985576516e-14 -1 6.4171611396639316e-17 6.5000934093417202 6.5
3 42.6640713114109 -4.9331027840543902 -39.628347637458305 0.0053610368752413798 0 0.99998562953855608 -0.99998562953855608 1.197e-14 0.0053610368752413798 -1.1969827985576516e-14 -1 6.4171611396639316e-17 6.5000934093417202 6.5
1 49.806094175984406 -0.88065457712982598 -39.666636835632502 0.99143085658475538 -0.13052434845456407 -0.0053151737629026502 
1 45.6784506432233 -16.227290233298703 -39.6445080684449 -0.13052616026251196 -0.99144461863243283 0.00069976561430576997 
1 47.734774457631801 -0.60796016290675592 -38.466956375830598 -2.7e-16 -6.0000000000000001e-17 -1 
1 47.088669806142704 -5.5156122267071304 -38.466956375830598 0.13052619222002107 0.99144486137381449 -9.9999999999999998e-17 
1 47.995826842071899 1.37492955984087 -38.466956375830598 -2.7e-16 -6.0000000000000001e-17 -1 
1 43.571228347340003 1.9574390024936199 -38.466956375830598 -0.99144486137381449 0.13052619222002107 2.5999999999999998e-16 
1 39.365925409968 2.5110776373101302 -38.466956375830598 -2.7e-16 -6.0000000000000001e-17 -1 
1 50.067139185414703 1.10223611655626 -39.668036327665504 0.99143085658475538 -0.13052434845456407 -0.0053151737629026502 
3 41.778724296240497 -4.5 -39.623601191253904 0.0053610368752413798 0 0.99998562953855608 0.99998562953855608 0 -0.0053610368752413798 -0 1 0 9.7586025204173605 9.7584622847961011
3 44.889481833402705 -10.5 -39.640278316778598 0.0053610368752413798 0 0.99998562953855608 0.99998562953855608 0 -0.0053610368752413798 -0 1 0 3.00004311200387 3
1 13.645291048887501 -13.5 -39.472774650740696 0.99998562953855608 0 -0.0053610368752413798 
3 13.6292079382618 -22.5 -39.472688427352502 0.0053610368752413798 0 0.99998562953855608 -0.99998562953855608 0 0.0053610368752413798 0 -1 0 9.0001293360116197 9
3 6.2977687889542002 -13 -39.433383746898102 0.0053610368752413798 0 0.99998562953855608 -0.99998562953855608 0 0.0053610368752413798 0 -1 0 3.00004311200387 3
1 47.749827440661399 -16 -39.655612955420899 0.99998562953855608 0 -0.0053610368752413798 
3 2.33359565599359 -13 -39.412131363145896 0.0053610368752413798 0 0.99998562953855608 0.99998562953855608 0 -0.0053610368752413798 -0 1 0 3.0023871854903499 3
1 -0.66874838380747592 -16.5 -39.396035454730701 0 1 0 
3 -9.6757805032106692 -10.5 -39.347747729485299 0.0053610368752413798 0 0.99998562953855608 -0.99998562953855608 0 0.0053610368752413798 0 -1 0 9.0071615564710594 9
7 0 0  3 4 2  -3.5513911296457299 -3.9007156030604002 -39.3805812785886  -3.5513911296457299 -2.6004770687069398 -39.3805812785886  -3.5513911296457299 -1.3002385343534699 -39.3805812785886  -3.5513911296457299 -3.47e-15 -39.3805812785886 
 3.00389029795e-06 4 1 4
1 -3.5513911296457299 -16.5 -39.380581278588494 0 1 0 
3 2.4532969499564001 1.5 -39.412773095418899 0.0053610368752413798 0 0.99998562953855608 0.99998562953855608 0 -0.0053610368752413798 -0 1 0 6.0047743709807095 6
1 47.749827440661399 7.5 -39.655612955420899 0.99998562953855608 0 -0.0053610368752413798 
3 44.905564944028399 1.5 -39.6403645401668 0.0053610368752413798 0 0.99998562953855608 0.99998562953855608 0 -0.0053610368752413798 -0 1 0 6.0000862240077399 6
1 46.631755259662896 5.5 -39.649618843091197 0 1 0 
1 47.749827440661399 5.5 -39.655612955420899 -0.99998562953855608 0 0.0053610368752422801 
7 0 0  3 4 2  47.360915040025297 5.5 -39.653527951737303  47.589238323718099 5.1029173428859096 -39.6547520188711  47.749827440661299 4.6636407582490804 -39.655612955420899  47.749827440661299 4.2036555095709396 -39.655612955420899 
 0 4 0.0013613015428888299 4
1 37.048553436939798 -15.091110057537099 -39.598242206430697 -0.13052616026251196 -0.99144461863243283 0.00069976561430576997 
1 49.806094175984406 -0.88065457712982598 -39.666636835632502 0.99143085658475538 -0.13052434845456407 -0.0053151737629026502 
3 42.3054413819643 -4.8858882581331695 -39.626424981552496 0.0053610368752413798 0 0.99998562953855608 -0.99998562953855608 1.197e-14 0.0053610368752413798 -1.1969827985576516e-14 -1 6.4171611396639316e-17 6.1383636781479796 6.13827546702941
1 48.435607876475302 -11.290830718981701 -39.659289502459295 -0.99143085658475538 0.13052434845456407 0.0053151737629026502 
7 0 0  3 5 3  49.718087022818501 5.5 -36.095143090769497  49.718087022818501 5.5 -36.841018668318597  49.020059195846201 5.5 -38.199459710652597  47.937189462386499 5.5 -39.195799120444299  47.360915040029198 5.5 -39.6535279517405 
 0 4 0.0021914367426154901 1 0.0043828734852309802 4
3 41.794807406866198 -4.5 -39.726792048721002 0.41666853451676689 0 -0.90905848675629775 -0.90905848675629775 0 -0.41666853451676689 0 1 0 14.0348090586788 12.758462284796099
7 0 0  3 5 3  47.940814979926301 -13.1041567294074 -39.541161621453995  48.241891765108299 -13.672722129433399 -39.360738124595599  48.674273585711099 -14.732775059547299 -38.585244330781101  48.636202531022704 -15.2702119748259 -37.291354978352096  48.505008874901705 -15.351338909597201 -36.6511595644184 
 8.0000000000000006e-17 4 0.0019755396060582501 1 0.0039510792121164101 4
3 41.794807406866198 -4.5 -36.623644302638297 -0.0041004775475916404 0 -0.99999159300660212 0.99999159300660212 0 -0.0041004775475916404 0 -1 -0 12.758569546005999 12.758462284796099
2 46.286392744529799 -13.163327727742599 -36.647724203301003 -0.88776585423156573 -0.46027072038101091 0.0047594138760891297 0.46027593350046075 -0.88777590924753058 -1.1321633965655689e-20 0.0042252929813303402 0.0021906436647319699 0.99998867392563806 3
1 43.310175962900004 -0.0254507202540116 -38.466956375830598 -0.99144486137381449 0.13052619222002107 2.5999999999999998e-16 
1 36.865784363970199 0.82296952917613497 -16.966956375830602 2.8999999999999998e-16 2e-16 1 
1 43.310175962900004 -0.025450720254007301 -27.466956375830598 0.99144486137381449 -0.13052619222002107 -2.5999999999999998e-16 
1 39.352734240871399 0.49555636650749502 -42.966956375830605 2.7e-16 6.0000000000000001e-17 1 
1 51.737457284577395 -1.1349233541241899 -38.466956375830598 -0.99144486137381449 0.13052619222002107 2.5999999999999998e-16 
1 43.310175962900004 -0.025450720254007301 -27.466956375830598 0.99144486137381449 -0.13052619222002107 -2.5999999999999998e-16 
1 49.754567561829795 -0.87387096968414302 -17.466956375830602 2.8999999999999998e-16 2e-16 1 
1 25.914554765368003 2.26472625748479 -17.216956375818601 0.99144486137381449 -0.13052619222002107 0 
1 48.384042543519506 -11.284042014109199 -27.466956375830598 0.13052619222002107 0.99144486137381449 -9.9999999999999998e-17 
1 35.495259345660003 -9.5872015152489194 -27.466956375830598 0.99144486137381449 -0.13052619222002107 -2.5999999999999998e-16 
1 48.384042543519506 -11.284042014109199 -27.466956375830598 0.13052619222002107 0.99144486137381449 -9.9999999999999998e-17 
1 45.538630707805702 -10.909436439272801 -18.920227931420097 -0.99144486137381449 0.13052619222002107 -5.6509999999999997e-14 
1 44.478569492671099 -10.769876732704899 -18.9202279314202 -4.3790000000000002e-14 5.8700000000000003e-15 1 
1 45.538630707805794 -10.909436439272801 -21.020227931420099 -0.99144486137381449 0.13052619222002107 -5.6509999999999997e-14 
1 46.543332179429498 -11.0417078973418 -18.920227931420097 7.9119999999999995e-14 -1.0520000000000001e-14 -1 
1 38.981255647727004 -10.046141634996401 -42.966956375830605 2.7e-16 6.0000000000000001e-17 1 
1 35.495259345660003 -9.5872015152489194 -27.466956375830598 0.99144486137381449 -0.13052619222002107 -2.5999999999999998e-16 
1 35.495259345660003 -9.5872015152489194 -17.466956375830602 -2.7e-16 -6.0000000000000001e-17 -1 
1 24.544029747057799 -8.1454447869402706 -17.216956375818601 -0.99144486137381449 0.13052619222002107 0 
1 48.384042543519506 -11.284042014109199 -17.466956375830602 -2.7e-16 -6.0000000000000001e-17 -1 
1 38.458768374038797 -4.3794641492378803 -38.466956375830598 0.13052619222002107 0.99144486137381449 -9.9999999999999998e-17 
1 43.310175962900004 -0.0254507202540116 -38.466956375830598 -0.99144486137381449 0.13052619222002107 2.5999999999999998e-16 
1 39.104873025527894 0.52818791456249903 -38.466956375830598 -2.7e-16 -6.0000000000000001e-17 -1 
3 44.905564944028399 -10.5 -36.640321428162899 -0.0026805473280953102 0 -0.99999640732655726 0.99999640732655726 0 -0.0026805473280953102 0 -1 -0 6.0000215561180994 6
2 44.905564944028399 -13.5 -36.640321428162899 -0.99998562953855608 0 0.00536103687524132 -0.00536103687524132 0 -0.99998562953855608 -0 -1 0 3
1 44.921648054654099 -16.5 -36.640407651551101 0.99998562953855608 0 -0.0053610368752413798 
2 13.645291048887501 -13.5 -36.472731538736895 -0.99998562953855608 1.0000000000000001e-17 0.00536103687524132 -0.00536103687524132 1.3557051834850646e-36 -0.99998562953855608 -9.9998562953855611e-18 -1 5.3610368752413201e-20 3
3 13.645291048887501 -22.5 -36.472731538736895 -0.0080414108667162705 0 -0.99996766733293574 -0.99996766733293574 0 0.0080414108667162705 0 1 0 6.0001940022750002 6
2 8.1467116869068299 -15.375 -36.4432530283961 -0.79165953647366027 -0.61094775985533711 0.0042441769584530796 0.61095326244229986 -0.79166666666666619 7.4494842021256809e-21 0.0033599734254420193 0.0025929937591493463 0.99999099344041364 3
3 6.3138518995799302 -13 -36.433426858282402 -0.0026805473280953102 0 -0.99999640732655726 -0.99999640732655726 0 0.0026805473280953102 0 1 0 6.0000215561180994 6
2 6.3138518995799302 -16 -36.433426858282402 -0.99998562953855608 0 0.00536103687524132 -0.00536103687524132 0 -0.99998562953855608 -0 -1 0 3
1 -0.19513667339985802 -19 -36.398531429058799 0.99998562953855608 0 -0.0053610368752413798 
2 2.3496787666193102 -16 -36.412174474530197 -0.99998562953855608 1.0000000000000001e-17 0.0053610368752414596 -0.0053610368752414596 1.4888259987227709e-36 -0.99998562953855608 -9.9998562953855611e-18 -1 5.3610368752414597e-20 3
3 2.3496787666193102 -13 -36.412174474530197 0.0145704153678876 0 -0.99989384586365326 0.99989384586365337 0 0.014570415367887602 0 -1 0 6.0011939488402399 6
2 -0.65266527318175205 -13 -36.396078566115101 0 1 0 -1 0 0 0 -0 1 3
1 -3.65087813066024 -16.5 -36.499614363068105 0 1 0 
2 -0.65266527318175094 -10.5 -36.396078566115101 0 1 0 -1 0 0 0 -0 1 3
3 -9.6596973925849507 -10.5 -36.3477908408696 -0.025258719879770089 0 -0.99968094763781279 -0.99968094763781279 0 0.025258719879770089 0 1 0 6.0107370017636095 6
7 0 0  3 5 3  -3.5716995232853197 -3.9627707073364804 -39.3798867719632  -4.0973505544578899 -4.5233049513068 -39.361881476702102  -5.1119457390856695 -5.6180049166339998 -38.719955323442697  -5.5408001029801301 -6.1068599680645494 -37.209250034019703  -5.5450539699322796 -6.1274297178610109 -36.451754636382105 
 1.0000000000000001e-17 4 0.0022732379153671302 1 0.0045464758307342404 4
7 0 0  3 4 2  -3.5513813514707704 -3.9007273204173498 -39.380293080850599  -3.55147052848928 -3.9277473238503604 -39.380290055190201  -3.55824005679511 -3.9484284528234701 -39.380060742449601  -3.57168986026422 -3.9627707073366998 -39.379602903917302 
 0 4 1 4
7 0 0  3 4 2  -3.5716898602645699 -3.9627707073364897 -39.379602903917302  -5.2739551923906598 -2.3811119572261501 -39.321656877931005  -7.5634218353414795 -1.5 -39.214597255674704  -9.8755409338022098 -1.5 -39.055436470705004 
 0 4 1 4
7 0 0  3 4 2  -9.8755409338022098 -1.5 -39.055436470705004  -18.8152716651676 -1.5 -38.440046648628197  -27.709376896697098 -1.5 -37.162894143384406  -36.461051572535098 -1.5 -35.237879714677604 
 0 4 1 4
7 0 0  3 4 2  -36.461100120235898 -2.4999995995999998e-07 -35.238100426625401  -36.461100120235898 -0.50000008333331991 -35.238100426625401  -36.461100120235898 -0.99999991666668109 -35.238100426625401  -36.461100120235898 -1.4999997500000402 -35.238100426625401 
 1.6666663939999999e-07 4 0.99999983333335996 4
2 2.61693406931456 -8.7000000000000004e-16 142.42199245277402 0 -1 0 1 0 0 -0 0 1 181.90689690162901
1 46.727495354683299 -79.972209190231695 30 -0.99144486137381449 0.13052619222002118 0 
1 -3.5513911296457299 1.5 -39.380581278588494 0.03451193231767289 0 -0.99940428582616181 
1 -4.9054514824914204 0 -0.16939752205627401 0.03451193231767289 0 -0.99940428582616181 
1 1.09097423246555 7.5 0.037674071849763201 0.03451193231767289 0 -0.99940428582616181 
3 41.687018261405782 -85.363998831664063 30 0 0 1 -0.13052619221998418 -0.99144486137381937 0 0.99144486137381937 -0.13052619221998418 0 6.0035764155644609 6.0000000000000018
1 44.905564944028399 7.5 0 0 0 -1 
1 32.159376195857931 -111.76583978238639 30 -0.13052619222002115 -0.99144486137381449 0 
1 24.234046672551099 7.5 0 0 0 -1 
1 44.905564944028399 7.5 -17.216956375818601 -1 0 0 
2 44.905564944028399 1.5 -17.216956375818601 0 0 1 0 -1 0 1 0 -0 6
1 47.6672205450311 6.8266554554851906 6.8760987499489499 0 0 -1 
3 44.905564944028399 1.5 -24.684843733457502 0.0053610368752425403 0 0.99998562953855608 0.99998562953855608 0 -0.0053610368752425403 -0 1 0 6.0000862240077399 6
1 46.7105648912991 7.2220603973003303 -24.9493843661832 0 0 -1 
3 44.905564944028399 1.5 -361.63313614636598 -0.99998562953855608 0 0.0053610368752424397 -0.0053610368752424397 0 -0.99998562953855608 -0 -1 0 1119.18648194873 6
1 46.7105648912991 5.5 -24.9493843661832 0 1 0 
1 46.631755259662896 5.5 -39.649618843091197 0.0053610368752424397 0 0.99998562953855608 
1 49.718087022818501 5.5 6.8760987499489499 0 0 -1 
1 46.7105648912991 5.5 -24.9493843661832 0 0 1 
1 46.7105648912991 5.5 -24.694520543794898 0.99998562953855608 0 -0.0053610368752425403 
1 39.352734240871399 0.49555636650749502 -42.966956375830605 2.7e-16 6.0000000000000001e-17 1 
2 42.3054413819643 -4.8858882581331695 -27.466956375830598 -2.7e-16 -6.0000000000000001e-17 -1 -0.99144486137381449 0.13052619222002104 2.5985854103772864e-16 0.13052619222002104 0.99144486137381449 -9.4728763581834553e-17 6.13827546702941
2 42.3054413819643 -4.8858882581331695 -27.466956375830598 -2.7e-16 -6.0000000000000001e-17 -1 -0.99144486137381449 0.13052619222002104 2.5985854103772864e-16 0.13052619222002104 0.99144486137381449 -9.4728763581834553e-17 6.13827546702941
1 47.6672205450311 -15.8266554554852 6.8760987499489499 0 0 -1 
3 41.794807406866198 -4.5 -24.6681666079329 0.0053610368752425403 0 0.99998562953855608 0.99998562953855608 0 -0.0053610368752425403 -0 1 0 12.758645632421199 12.758462284796099
2 41.794807406866198 -4.5 -17.216956375818601 0 0 1 0 -1 0 1 0 -0 12.758462284796099
1 35.185276271153306 -11.941756728308698 -17.216956375818601 -0.13052619222002107 -0.99144486137381449 0 
1 35.495259345660003 -9.5872015152489194 -27.466956375830598 0.13052619222002107 0.99144486137381449 -9.9999999999999998e-17 
1 35.495259345660003 -9.5872015152489194 -27.466956375830598 0.13052619222002107 0.99144486137381449 -9.9999999999999998e-17 
1 48.074059469012902 -13.638597227168901 -17.216956375818601 -0.13052619222002107 -0.99144486137381449 0 
2 37.710585745327698 4.1580863486378092 -17.216956375818601 0 0 1 0 -1 0 1 0 -0 1.25
2 37.710585745327698 4.1580863486378092 -17.216956375818601 0 0 1 0 -1 0 1 0 -0 1.25
2 45.275538141934305 -12.907822878516999 -17.216956375818601 0 0 1 0 -1 0 1 0 -0 1.25
2 45.275538141934305 -12.907822878516999 -17.216956375818601 0 0 1 0 -1 0 1 0 -0 1.25
2 24.234046672551099 -10.5 -17.216956375818601 0 0 -1 0 -1 0 -1 -0 -0 6
1 24.234046672551099 -16.5 -17.216956375818601 1 0 0 
2 44.905564944028399 -10.5 -17.216956375818601 0 0 1 0 -1 0 1 0 -0 6
2 24.234046672551099 1.5 -17.216956375818601 0 0 -1 0 -1 0 -1 -0 -0 6
1 30.234046672551099 1.5 -17.216956375818601 0 -1 0 
2 45.275538141934398 -12.907822878516999 -18.920227931420097 -5.726e-14 -2.0099999999999999e-15 1 -1 0 -5.726e-14 1.150926e-28 -1 -2.0099999999999999e-15 1.25
1 47.5255381407624 -11.608784773517 -18.920227931420001 -0.86602540378443882 0.49999999999999989 -4.8729999999999998e-14 
1 47.5255381407624 -14.206860983517 -18.920227931420001 4.2000000000000002e-16 1 2.0099999999999999e-15 
1 45.275538141934398 -15.505899088516999 -18.920227931420097 0.86602540378443882 0.49999999999999989 5.074e-14 
1 43.025538143106395 -14.206860983517 -18.9202279314203 0.86602540378443882 -0.49999999999999989 4.8729999999999998e-14 
1 43.025538143106395 -11.608784773517 -18.9202279314203 -2.5000000000000002e-16 -1 -2.0099999999999999e-15 
1 45.275538141934398 -10.309746668517001 -18.920227931420097 -0.86602540378443882 -0.49999999999999989 -5.074e-14 
1 45.275538141934597 -10.309746668517001 -21.020227931420099 -0.86602540378443882 -0.49999999999999989 -5.074e-14 
1 43.025538143106395 -11.608784773517 -18.9202279314203 5.726e-14 2.0099999999999999e-15 -1 
2 45.275538141934597 -12.907822878516999 -21.020227931420099 -5.726e-14 -2.0099999999999999e-15 1 -1 0 -5.726e-14 1.150926e-28 -1 -2.0099999999999999e-15 1.25
1 47.525538140762499 -11.608784773517 -21.020227931419999 -0.86602540378443882 0.49999999999999989 -4.8729999999999998e-14 
1 43.025538143106601 -11.608784773517 -21.020227931420202 -2.5000000000000002e-16 -1 -2.0099999999999999e-15 
1 43.025538143106601 -14.206860983517 -21.020227931420301 0.86602540378443882 -0.49999999999999989 4.8729999999999998e-14 
1 45.275538141934597 -15.505899088516999 -21.020227931420099 0.86602540378443882 0.49999999999999989 5.074e-14 
1 47.525538140762499 -14.206860983517 -21.020227931419999 4.2000000000000002e-16 1 2.0099999999999999e-15 
1 47.5255381407624 -11.608784773517 -18.920227931420001 5.726e-14 2.0099999999999999e-15 -1 
1 44.905564944028399 -16.5 -17.768729375818598 0 0 1 
1 13.645291048887501 -16.5 -39.459596807689998 0 0 -1 
1 55.954052868829478 -114.89846839566691 30 -0.13052619222002115 -0.99144486137381449 0 
1 24.234046672551099 -16.5 -7.7534242168630598 0 0 -1 
1 14.954138910507799 -16.5 -9.1412200000000001e-12 -6.1128e-13 0 -1 
1 -1.8517459999999999e-11 -16.5 -30.367512808493601 1 0 -6.0977999999999995e-13 
1 -2.1578550000000001e-11 -16.5 -35.387512808493604 -1 0 6.0977999999999995e-13 
1 27.966523817621901 -16.5 -1.7095479999999999e-11 -6.1128e-13 0 -1 
1 9.9795714742337189 -17.75 0 0 0 1 
2 63.897398262203311 -100.53055540839009 30 -9.6135311403250198e-15 -6.3146755893255512e-14 -1 0.99144486137381449 -0.13052619222002115 -1.2889804509385656e-15 -0.13052619222002115 -0.99144486137381449 6.3861344256330042e-14 6.0000000000000018
1 6.3138518995799302 -19 0 0 0 1 
2 55.435616914803973 -92.021838911244089 30 -9.6135311403250198e-15 -6.3146755893255512e-14 -1 0.99144486137381449 -0.13052619222002115 -1.2889804509385656e-15 -0.13052619222002115 -0.99144486137381449 6.3861344256330042e-14 6.0000000000000018
1 1.09097423246555 -19 0.037674071849763201 0.03451193231767289 0 -0.99940428582616181 
1 58.432665022264018 -115.22478387621696 30 0.13052619222002115 0.99144486137381449 -0 
1 1.09097423246555 -19 0.037674071849763201 0.03451193231767289 0 -0.99940428582616181 
1 -1.58385e-11 -19 -25.963403092473502 -1 0 6.1002999999999998e-13 
1 1.9904234670452401 -19 -1.36372e-12 6.8514000000000005e-13 0 1 
3 15.156221853734701 -13 -407.26692494373202 -0.41469324265680602 0.90996127087628498 2.8412000000000001e-13 0.028579825706527111 0.01302457695334309 -0.99950665528438132 -0.90951234629188416 -0.41448865593693041 -0.031407738572349082 419.23257019577397 6
3 2.1622096981324299 -13 -30.9834030924746 6.1002999999999998e-13 -3.4310000000000001e-14 1 1 -9.9344000000000006e-13 -6.1003000000003411e-13 9.9344000000002106e-13 1 3.4309999999393973e-14 6.0035764155646003 6
1 -3.5513911296457299 -13 -39.380581278588494 0.03451193231767289 0 -0.99940428582616181 
1 -3.8413667174321597 -16.500000000000298 -30.9834030924711 1.18e-15 -1 -3.4310000000000001e-14 
1 -3.5513911296457299 -10.5 -39.380581278588494 0.03451193231767289 0 -0.99940428582616181 
3 -10.0182963021714 -10.5 -25.9634030924671 -6.1002999999999998e-13 3.4310000000000001e-14 -1 -1 9.9344000000000006e-13 6.1003000000003411e-13 9.9344000000002106e-13 1 3.4309999999393973e-14 6.0035764155646003 6
1 -3.5513911296457299 -10.5 -39.380581278588494 0.03451193231767289 0 -0.99940428582616181 
3 55.151604536342667 -75.025883164151509 30 0 0 1 0.13052619221998418 0.99144486137381937 -0 -0.99144486137381937 0.13052619221998418 0 6.0035764155644609 6.0000000000000018
1 -10.788600291830701 -4.5 -3.65676718555105 0.03451193231767289 0 -0.99940428582616181 
7 0 0  3 4 2  -9.6695552144494101 -4.5 -36.062325821711397  -8.1473842471181008 -4.5 -36.245321737965796  -6.6513257519387095 -5.0910263766810999 -36.3757378365543  -5.5450539699321197 -6.1274297178611592 -36.451754636381999 
 0 4 0.0045349221464632602 4
3 -9.8449431329967698 -10.5 -30.983403092467199 6.1002999999999998e-13 -3.4310000000000001e-14 1 -1 9.9344000000000006e-13 6.1003000000003411e-13 -9.9344000000002106e-13 -1 -3.4309999999393973e-14 6.0035764155646003 6
3 -10.7065020092901 -10.5 -6.0341876868101103 -0.41469324265680602 0.90996127087628498 2.8412000000000001e-13 -0.028579825706527111 -0.01302457695334309 0.99950665528438132 0.90951234629188416 0.41448865593693041 0.031407738572349082 419.23257019577397 6
2 -9.6695552144494101 -1.5 -36.062325821711397 -0.99764028618339695 -2.3100000000000001e-15 0.068657551543219994 -0.068657551543219994 7.4949827400038474e-34 -0.99764028618339695 2.3045490610836465e-15 -1 -1.5859894406483816e-16 3
7 0 0  3 17 15  -36.461100120236196 -1.5 -35.238100426626097  -36.461100120236196 -1.6242351251744001 -35.238100426626097  -36.626356710517804 -1.8254486796815901 -35.186667618624803  -37.024493926724098 -2.0678783124258699 -35.062166481899702  -37.565371124273703 -2.2839524758699699 -34.891839341138095  -38.229490441484096 -2.4876831007926796 -34.680567563822201  -39.121715164102696 -2.7168071209918301 -34.3938652325918  -40.246009044599901 -2.9539984095372498 -34.0271280393167  -41.602155887053193 -3.1954654989380598 -33.575826906580801  -42.958300800350997 -3.40595893196424 -33.115523793503598  -44.764994252648101 -3.65486381920446 -32.490246319353503  -47.020006911691603 -3.9166084228136895 -31.687117064565001  -49.719371549601597 -4.1654034398423407 -30.689146781889502  -52.411829509143402 -4.3510757652701999 -29.656847369868402  -55.097705243294904 -4.47034043849541 -28.589867165064401  -56.883946482628701 -4.5 -27.855216817893503  -57.774602525027504 -4.5 -27.482602474933298 
 0 4 0.00036508856014511 1 0.00073017712029022996 1 0.0014603542405804599 1 0.00219053136087068 1 0.0029207084811609099 1 0.0043810627217413696 1 0.0058414169623218198 1 0.0073017712029022803 1 0.0087621254434827392 1 0.0116828339246436 1 0.014603542405804601 1 0.017524250886965499 1 0.0204449593681264 1 0.0233656678492873 4
7 0 0  3 8 6  -57.774602525027504 -4.5 -27.482602474933199  -53.792501240570402 -4.5 -28.357719047083197  -47.820045732206601 -4.5 -29.6738703753377  -39.853986047767201 -4.5 -31.414832932892899  -31.897211940953103 -4.5 -33.2021484241723  -21.851172554450798 -4.5 -34.946553281261799  -13.7371287344835 -4.5 -35.782395627957904  -9.6695552144494101 -4.5 -36.062325821711397 
 2.0000000000000001e-17 4 0.0122313790932709 1 0.0183470686399064 1 0.0244627581865418 1 0.036694137279812702 1 0.048925516373083601 4
2 34.891766211532499 -4.5 194.01681857979199 0 -1 0 1 0 0 -0 0 1 240.10216455167199
1 -64.604210692887207 0 -24.5 0 -1 0 
2 34.891766211532499 -8.7000000000000004e-16 194.01681857979199 0 -1 0 1 0 0 -0 0 1 240.10216455167199
1 39.595212656161543 -112.74478622403656 30 0.13052619222002115 0.99144486137381449 -0 
1 -74.099999999999994 0 20.999999999998902 0 0 -1 
2 -60.760913261831796 0 -7.2902608698581801 0 1 0 -1 0 0 0 -0 1 17.633662582432802
1 48.624658194172319 -10.017419326989152 30 -0.99144486137381449 0.13052619222002115 0 
1 44.056714532343712 -113.33215408902666 30 0.13052619222002115 0.99144486137381449 -0 
1 46.727495354683299 -79.972209190231695 30 -0.99144486137381449 0.13052619222002118 0 
3 56.062968751326096 -87.256628618854378 30 0 0 1 -0.13052619221998418 -0.99144486137381937 0 0.99144486137381937 -0.13052619221998418 0 6.0035764155644609 6.0000000000000018
2 50.617949973812387 -109.46240845317419 30 -9.6135311403250198e-15 -6.3146755893255512e-14 -1 0.99144486137381449 -0.13052619222002115 -1.2889804509385656e-15 -0.13052619222002115 -0.99144486137381449 6.3861344256330042e-14 6.0000000000000018
1 42.949354199065461 -114.50459242992176 30 0.99144486137381449 -0.13052619222002115 0 
2 38.720611637326613 -107.89609414653394 30 9.6135311403250198e-15 6.3146755893255512e-14 1 -0.99144486137381449 0.13052619222002115 1.2889804509385656e-15 -0.13052619222002115 -0.99144486137381449 6.3861344256330042e-14 6.0000000000000018
1 49.719653570039412 -120.24754708522336 30 0.087155742763649083 0.99619469809034655 -0 
1 34.809636536783835 -99.035586927836135 30 -0.99619469809034666 0.087155742763649083 0 
1 38.60594116936344 -126.80387202188248 30 -0.087155742763649083 -0.99619469809034655 0 
1 33.676611880856392 -111.98611800301067 30 -0.99619469809034666 0.087155742763649083 0 
2 53.847354810464729 -89.899851997441544 30 -5.522195098656898e-14 -6.7243621833219245e-13 -1 -0.8480480961561121 0.52991926423370728 -3.0950603566250601e-13 0.52991926423370728 0.8480480961561121 -5.99521430379384e-13 6.1382754670294117
1 52.276299870790808 -83.081214843156246 30 -0.84804809668993708 0.52991926337940898 0 
2 53.540595008946106 -89.708167199074495 30 -5.522195098656898e-14 -6.7243621833219245e-13 -1 -0.8480480961561121 0.52991926423370728 -3.0950603566250601e-13 0.52991926423370728 0.8480480961561121 -5.99521430379384e-13 6.5000000000000018
1 46.71214760530701 -91.985719858400586 30 -0.84804809668993708 0.52991926337940898 0 
1 30.234046672551099 1.5 -17.768729375818598 0 0 -1 
1 46.7105648912991 5.5 -24.694520543794898 0 1 0 
7 0 0  1 2 2  36.460585745327755 4.1580863486378092 -18.920227931420573  36.460585745327663 4.1580863486378119 -17.216956375818672 
 2.5467284443875968 2 4.2499999999894982 2
2 37.710585745327798 4.1580863486378092 -18.920227931420502 -5.7300000000000006e-14 1.4399999999999999e-15 1 -1 0 -5.7300000000000006e-14 -8.2511999999999999e-29 -1 1.4399999999999999e-15 1.25
7 0 0  1 2 2  44.025538141934447 -12.907822878517001 -18.920227931420168  44.025538141934355 -12.907822878517004 -17.216956375818668 
 2.5467284443877034 2 4.2499999999892033 2
1 30.234046672551099 -10.5 -17.768729375818598 0 0 -1 
1 47.5255381407624 -14.206860983517 -18.920227931420001 5.726e-14 2.0099999999999999e-15 -1 
1 45.275538141934398 -15.505899088516999 -18.920227931420097 5.726e-14 2.0099999999999999e-15 -1 
1 43.025538143106395 -14.206860983517 -18.9202279314203 5.726e-14 2.0099999999999999e-15 -1 
2 45.275538141934597 -12.907822878516999 -21.466956375807801 5.7240000000000004e-14 2.04e-15 -1 0.86602540378443882 -0.49999999999999989 4.8551294112621285e-14 -0.49999999999999989 -0.86602540378443882 -3.0386691823720252e-14 1.25
7 0 0  1 2 2  44.025538141934597 -12.907822878516997 -21.466956375807872  44.025538141934568 -12.907822878516999 -21.02022793142017 
 0 2 0.44672844438770198 2
2 45.275538141934597 -12.907822878516999 -21.466956375807801 5.7240000000000004e-14 2.04e-15 -1 0.86602540378443882 -0.49999999999999989 4.8551294112621285e-14 -0.49999999999999989 -0.86602540378443882 -3.0386691823720252e-14 1.25
1 15.4472109195254 -5.2067943023049397 -35.387512808502599 0.04361938734926861 0.99904822158255935 7.8399999999999996e-15 
1 15.4472109195284 -5.2067943023051599 -30.3675128085026 -6.0977999999999995e-13 3.4469999999999997e-14 -1 
1 15.4472109195284 -5.2067943023051599 -30.3675128085026 0.043619387349268811 0.99904822158255935 7.8399999999999996e-15 
2 21.941024359815103 -5.4903203200754005 -30.3675128085066 -6.0977999999999995e-13 3.4469999999999997e-14 -1 0.99904822158255935 -0.043619387349268617 -6.1070318483854227e-13 -0.043619387349268617 -0.99904822158255935 -7.8389621801138061e-15 6.5
1 21.725108392436201 -10.435609016909099 -30.3675128085066 0.99904822158255935 -0.043619387349268617 -6.1070000000000001e-13 
1 17.4824937550434 -5.2956566699564602 -30.3675128085038 -0.04361938734926861 -0.99904822158255935 -7.8399999999999996e-15 
1 21.637869617737699 -12.433705460074201 -30.3675128085066 0.99904822158255935 -0.043619387349268617 -6.1070000000000001e-13 
1 26.1785776363289 -5.67533589168477 -30.367512808509098 -0.04361938734926861 -0.99904822158255935 -7.8399999999999996e-15 
1 21.725108392436201 -10.435609016909099 -30.3675128085066 0.99904822158255935 -0.043619387349268617 -6.1070000000000001e-13 
2 22.302404611182098 -5.5060985225927803 -30.367512808506799 -6.0977999999999995e-13 3.4469999999999997e-14 -1 0.99904822158255935 -0.043619387349268617 -6.1070318483854227e-13 -0.043619387349268617 -0.99904822158255935 -7.8389621801138061e-15 6.13827546702941
1 28.4348378001017 -5.7738463378456499 -30.367512808510501 0.043619387349268811 0.99904822158255935 7.8399999999999996e-15 
2 21.905659187119902 -5.1984999645927807 -35.3875128085065 -6.0977999999999995e-13 3.4469999999999997e-14 -1 0.99904822158255935 -0.043619387349268617 -6.1070318483854227e-13 -0.043619387349268617 -0.99904822158255935 -7.8389621801138061e-15 4.75
1 27.956769314750701 -16.723414846390302 -35.3875128085106 -0.043619387349268908 -0.99904822158255935 -7.8399999999999996e-15 
2 22.302404611179099 -5.5060985225926 -35.387512808506798 -6.0977999999999995e-13 3.4469999999999997e-14 -1 -0.99904822158255935 0.043619387349268617 6.1070318483854227e-13 0.043619387349268617 0.99904822158255935 7.8389621801138061e-15 6.1382754670294002
1 18.802916787244502 0.20197981809336901 -35.387512808504397 0.99904822158255935 -0.043619387349267923 -6.1070000000000001e-13 
2 21.941024359812101 -5.4903203200752504 -35.3875128085065 -6.0977999999999995e-13 3.4469999999999997e-14 -1 -0.99904822158255935 0.043619387349268617 6.1070318483854227e-13 0.043619387349268617 0.99904822158255935 7.8389621801138061e-15 6.5
1 28.4348378001017 -5.7738463378456499 -30.367512808510501 -6.0977999999999995e-13 3.4469999999999997e-14 -1 
3 1.9888565289577602 -13 -25.963403092474501 -6.1002999999999998e-13 3.4310000000000001e-14 -1 1 -9.9344000000000006e-13 -6.1003000000003411e-13 -9.9344000000002106e-13 -1 -3.4309999999393973e-14 6.0035764155646003 6
1 -3.5513911296457299 -13 -39.380581278588494 0.03451193231767289 0 -0.99940428582616181 
1 -4.0147198866068399 -16.500000000000501 -25.963403092470998 -1.18e-15 1 3.4310000000000001e-14 
1 1.57181788591085 -4.9044472499134004 -25.963403092474 0.90996127087628487 0.41469324265680596 -5.4072999999999996e-13 
2 4.2673239631800906 -10.8191955106092 -25.963403092475801 -6.1002999999999998e-13 3.4310000000000001e-14 -1 0.41469324265680602 -0.90996127087628498 -2.841960900216967e-13 -0.90996127087628498 -0.41469324265680602 5.4087554891710513e-13 6.5
1 -0.23698432765751501 -12.871927061760401 -25.963403092473101 0.41469324265680602 -0.90996127087628487 -2.8412000000000001e-13 
1 2.41664000815683 -6.7582402056369695 -25.963403092474501 -0.90996127087628487 -0.41469324265680596 5.4072999999999996e-13 
1 -2.0569068694100796 -13.701313547074001 -25.963403092472099 0.41469324265680602 -0.90996127087628487 -2.8412000000000001e-13 
1 6.0262828114175102 -14.6788784384206 -25.963403092477002 -0.90996127087628487 -0.41469324265680596 5.4072999999999996e-13 
1 -0.23698432765751501 -12.871927061760401 -25.963403092473101 0.41469324265680602 -0.90996127087628487 -2.8412000000000001e-13 
2 4.41732868270618 -11.1483508263383 -25.9634030924759 -6.1002999999999998e-13 3.4310000000000001e-14 -1 0.41469324265680602 -0.90996127087628498 -2.841960900216967e-13 -0.90996127087628498 -0.41469324265680602 5.4087554891710513e-13 6.13827546702941
1 6.9628300404493304 -16.7339437713051 -25.963403092477698 0.90996127087628487 0.41469324265680596 -5.4072999999999996e-13 
1 6.9628300404493304 -16.7339437713051 -25.963403092477698 -6.1002999999999998e-13 3.4310000000000001e-14 -1 
1 -3.01034548835782 -21.278981710823501 -30.983403092471701 -0.90996127087628487 -0.41469324265680596 5.4072999999999996e-13 
2 4.5112823513815208 -10.655201241995499 -30.983403092475999 -6.1002999999999998e-13 3.4310000000000001e-14 -1 0.41469324265680602 -0.90996127087628498 -2.841960900216967e-13 -0.90996127087628498 -0.41469324265680602 5.4087554891710513e-13 4.75
2 4.4173286827031299 -11.148350826338101 -30.9834030924759 -6.1002999999999998e-13 3.4310000000000001e-14 -1 -0.41469324265680602 0.90996127087628498 2.841960900216967e-13 0.90996127087628498 0.41469324265680602 -5.4087554891710513e-13 6.1382754670294002
1 7.9145294989003796 -5.4388710055081999 -30.983403092477801 0.41469324265680602 -0.90996127087628487 -2.8412000000000001e-13 
2 4.2673239631770299 -10.8191955106091 -30.9834030924758 -6.1002999999999998e-13 3.4310000000000001e-14 -1 -0.41469324265680602 0.90996127087628498 2.841960900216967e-13 0.90996127087628498 0.41469324265680602 -5.4087554891710513e-13 6.5
1 1.57181788590783 -4.9044472499132103 -30.983403092473999 0.90996127087628487 0.41469324265680596 -5.4072999999999996e-13 
1 -74.099999999999994 -4.5 20.999999999998902 0 0 -1 
2 -60.760913261831796 -4.5 -7.2902608698581801 0 1 0 1 0 0 0 0 -1 17.633662582432802
1 1.57181788591085 -4.9044472499134004 -25.963403092474 -6.1002999999999998e-13 3.4310000000000001e-14 -1 
1 -74.099999999999994 25.5 -18.823466021190502 0 -1 0 
1 28.218921832737799 -10.719135034680201 -5.8675128085105595 6.0977000000000004e-13 -3.4609999999999997e-14 1 
1 15.2312949521642 -10.152082999139699 -6.36751280850262 6.0977000000000004e-13 -3.4609999999999997e-14 1 
1 21.725108392444703 -10.4356090169096 -16.3675128085066 -0.99904822158255935 0.043619387349268617 6.1070000000000001e-13 
1 17.516339843059299 -10.251850213627399 -31.867512808503999 6.0977999999999995e-13 -3.4469999999999997e-14 1 
1 13.2331985089863 -10.0648442244404 -27.367512808501402 0.99904822158255935 -0.043619387349268617 -6.1070000000000001e-13 
1 25.7128996135535 -10.609719741681101 -31.867512808509005 6.0977999999999995e-13 -3.4469999999999997e-14 1 
1 21.725108392444703 -10.4356090169096 -16.3675128085066 -0.99904822158255935 0.043619387349268617 6.1070000000000001e-13 
1 15.6892985193315 0.33792332747722298 -6.3675128085025401 -6.0977999999999995e-13 3.4469999999999997e-14 -1 
1 15.6892985193254 0.33792332747756698 -16.367512808502497 -0.04361938734926861 -0.99904822158255935 -7.8399999999999996e-15 
1 15.6892985193254 0.33792332747756698 -16.367512808502497 -0.04361938734926861 -0.99904822158255935 -7.8399999999999996e-15 
1 28.6769253999048 -0.22912870806327001 -6.3675128085104795 -6.0977999999999995e-13 3.4469999999999997e-14 -1 
1 28.6769253998987 -0.22912870806292499 -16.367512808510497 -0.99904822158255935 0.043619387349268617 6.1070000000000001e-13 
1 25.164195099186898 -0.075759591007031404 -31.867512808508302 6.0977999999999995e-13 -3.4469999999999997e-14 1 
1 18.802916787246602 0.201979818093247 -31.867512808504404 6.0977999999999995e-13 -3.4469999999999997e-14 1 
1 28.6769253998987 -0.22912870806292499 -16.367512808510497 -0.99904822158255935 0.043619387349268617 6.1070000000000001e-13 
1 28.6769253998987 -0.22912870806292499 -16.367512808510497 -0.04361938734926861 -0.99904822158255935 -7.8399999999999996e-15 
1 28.6769253998987 -0.22912870806292499 -16.367512808510497 -0.04361938734926861 -0.99904822158255935 -7.8399999999999996e-15 
1 1.41830120991479 -16.504119671852699 -27.463403092474302 6.1002999999999998e-13 -3.4310000000000001e-14 1 
1 10.555021793100499 -11.232902536800701 -27.463403092479698 6.1002999999999998e-13 -3.4310000000000001e-14 1 
1 1.41830120991479 -16.504119671852699 -27.463403092474302 6.1002999999999998e-13 -3.4310000000000001e-14 1 
1 -1.9839949720174901 -9.03846207450718 -27.4634030924719 6.1002999999999998e-13 -3.4310000000000001e-14 1 
1 -3.76187689023853 -5.13725625931212 -22.963403092470703 0.41469324265680602 -0.90996127087628487 -2.8412000000000001e-13 
1 7.9145294989025308 -5.4388710055083198 -27.463403092477801 6.1002999999999998e-13 -3.4310000000000001e-14 1 
1 -1.9839949720174901 -9.03846207450718 -27.4634030924719 6.1002999999999998e-13 -3.4310000000000001e-14 1 
1 35.460585746499802 5.4571244536378103 -18.920227931420602 -3.2999999999999999e-16 -1 1.4399999999999999e-15 
1 37.710585745327798 6.7561625586378105 -18.920227931420502 -0.86602540378443882 -0.49999999999999989 -4.9039999999999999e-14 
1 39.960585744155701 5.4571244536378103 -18.9202279314203 -0.86602540378443849 0.50000000000000044 -5.0490000000000001e-14 
1 39.960585744155701 2.8590482436377997 -18.9202279314203 3.8999999999999998e-16 1 -1.4399999999999999e-15 
1 37.710585745327698 1.56001013863781 -18.920227931420502 0.86602540378443882 0.49999999999999989 4.9039999999999999e-14 
1 35.460585746499802 2.85904824363781 -18.920227931420602 0.86602540378443849 -0.50000000000000044 5.0490000000000001e-14 
1 17.516339843059299 -10.251850213627399 -31.867512808503999 6.0977999999999995e-13 -3.4469999999999997e-14 1 
2 21.941024359823601 -5.4903203200758899 -16.3675128085066 -6.0977999999999995e-13 3.4469999999999997e-14 -1 -0.99904822158255935 0.043619387349268617 6.1070318483854227e-13 0.043619387349268617 0.99904822158255935 7.8389621801138061e-15 6.5
2 21.941024359823601 -5.4903203200758899 -16.3675128085066 -6.0977999999999995e-13 3.4469999999999997e-14 -1 -0.99904822158255935 0.043619387349268617 6.1070318483854227e-13 0.043619387349268617 0.99904822158255935 7.8389621801138061e-15 6.5
1 21.725108392437999 -10.435609016909201 -27.3675128085066 0.99904822158255935 -0.043619387349268617 -6.1070000000000001e-13 
1 17.2665777876664 -10.2409453667902 -27.3675128085039 -6.0977999999999995e-13 3.4469999999999997e-14 -1 
1 17.482493755045297 -5.2956566699565597 -27.3675128085038 -0.04361938734926861 -0.99904822158255935 -7.8399999999999996e-15 
1 17.179339012967901 -12.2390418099553 -27.3675128085039 -6.0977999999999995e-13 3.4469999999999997e-14 -1 
1 21.637869617739501 -12.4337054600743 -27.3675128085066 0.99904822158255935 -0.043619387349268617 -6.1070000000000001e-13 
1 25.875422894253401 -12.6187210316837 -27.367512808509201 -6.0977999999999995e-13 3.4469999999999997e-14 -1 
1 26.1785776363308 -5.6753358916848793 -27.367512808509101 -0.04361938734926861 -0.99904822158255935 -7.8399999999999996e-15 
1 25.962661668951899 -10.620624588518499 -27.367512808509201 -6.0977999999999995e-13 3.4469999999999997e-14 -1 
1 25.7128996135535 -10.609719741681101 -31.867512808509005 6.0977999999999995e-13 -3.4469999999999997e-14 1 
1 21.725108392437999 -10.435609016909201 -27.3675128085066 0.99904822158255935 -0.043619387349268617 -6.1070000000000001e-13 
2 22.302404611190699 -5.5060985225932608 -16.367512808506799 -6.0977999999999995e-13 3.4469999999999997e-14 -1 0.99904822158255935 -0.043619387349268617 -6.1070318483854227e-13 -0.043619387349268617 -0.99904822158255935 -7.8389621801138061e-15 6.13827546702941
2 22.302404611190699 -5.5060985225932608 -16.367512808506799 -6.0977999999999995e-13 3.4469999999999997e-14 -1 0.99904822158255935 -0.043619387349268617 -6.1070318483854227e-13 -0.043619387349268617 -0.99904822158255935 -7.8389621801138061e-15 6.13827546702941
2 21.905659187119301 -5.1984999645927497 -36.367512808506504 -6.0977999999999995e-13 3.4469999999999997e-14 -1 0.99904822158255935 -0.043619387349268617 -6.1070318483854227e-13 -0.043619387349268617 -0.99904822158255935 -7.8389621801138061e-15 4.75
7 0 0  1 2 2  26.65113823963646 -5.4056920545017766 -36.367512808509403  26.651138239637056 -5.4056920545018103 -35.387512808509399 
 0 2 0.98000000000000398 2
1 -0.236984327655686 -12.8719270617605 -22.963403092473097 0.41469324265680602 -0.90996127087628487 -2.8412000000000001e-13 
1 -2.0876682826789401 -8.8109717567882591 -22.9634030924719 -6.1002999999999998e-13 3.4310000000000001e-14 -1 
1 2.4166400081586596 -6.7582402056370707 -22.963403092474501 -0.90996127087628487 -0.41469324265680596 5.4072999999999996e-13 
1 -3.9075908244315101 -9.6403582421018701 -22.963403092470799 -6.1002999999999998e-13 3.4310000000000001e-14 -1 
1 -2.0569068694082602 -13.701313547074099 -22.963403092472099 0.41469324265680602 -0.90996127087628487 -2.8412000000000001e-13 
1 -0.29794802117082997 -17.560996474885503 -22.9634030924733 -6.1002999999999998e-13 3.4310000000000001e-14 -1 
1 6.0262828114193399 -14.6788784384207 -22.963403092476998 -0.90996127087628487 -0.41469324265680596 5.4072999999999996e-13 
1 1.5219745205817399 -16.731609989571901 -22.963403092474298 -6.1002999999999998e-13 3.4310000000000001e-14 -1 
1 -0.236984327655686 -12.8719270617605 -22.963403092473097 0.41469324265680602 -0.90996127087628487 -2.8412000000000001e-13 
2 4.5112823513809204 -10.655201241995401 -31.963403092475904 -6.1002999999999998e-13 3.4310000000000001e-14 -1 0.41469324265680602 -0.90996127087628498 -2.841960900216967e-13 -0.90996127087628498 -0.41469324265680602 5.4087554891710513e-13 4.75
7 0 0  1 2 2  6.4810752540007481 -14.977517278657755 -31.963403092477257  6.4810752540013459 -14.977517278657789 -30.983403092477353 
 -3.5500000000000001e-15 2 0.97999999999990095 2
1 35.460585746499902 5.4571244536377996 -21.0202279314206 -3.2999999999999999e-16 -1 1.4399999999999999e-15 
1 35.460585746499802 5.4571244536378103 -18.920227931420602 5.7300000000000006e-14 -1.4399999999999999e-15 -1 
1 35.460585746499802 2.85904824363781 -18.920227931420602 5.7300000000000006e-14 -1.4399999999999999e-15 -1 
1 37.710585745327904 6.7561625586377998 -21.0202279314205 -0.86602540378443882 -0.49999999999999989 -4.9039999999999999e-14 
1 37.710585745327798 6.7561625586378105 -18.920227931420502 5.7300000000000006e-14 -1.4399999999999999e-15 -1 
1 39.960585744155907 5.4571244536377996 -21.020227931420301 -0.86602540378443849 0.50000000000000044 -5.0490000000000001e-14 
1 39.960585744155701 5.4571244536378103 -18.9202279314203 5.7300000000000006e-14 -1.4399999999999999e-15 -1 
1 39.960585744155907 2.8590482436377997 -21.020227931420301 3.8999999999999998e-16 1 -1.4399999999999999e-15 
1 39.960585744155701 2.8590482436377997 -18.9202279314203 5.7300000000000006e-14 -1.4399999999999999e-15 -1 
1 37.710585745327904 1.5600101386378 -21.0202279314205 0.86602540378443882 0.49999999999999989 4.9039999999999999e-14 
1 37.710585745327698 1.56001013863781 -18.920227931420502 5.7300000000000006e-14 -1.4399999999999999e-15 -1 
1 35.460585746499902 2.8590482436377997 -21.0202279314206 0.86602540378443849 -0.50000000000000044 5.0490000000000001e-14 
2 37.710585745327904 4.1580863486378092 -21.0202279314205 -5.7300000000000006e-14 1.4399999999999999e-15 1 -1 0 -5.7300000000000006e-14 -8.2511999999999999e-29 -1 1.4399999999999999e-15 1.25
2 37.710585745327904 4.1580863486378092 -21.466956375808099 5.7229999999999999e-14 -1.41e-15 -1 -8.0000000000000006e-17 -1 1.4099999999999955e-15 -1 7.9999999999919308e-17 -5.7229999999999999e-14 1.25
7 0 0  1 2 2  36.460585745327904 4.1580863486378075 -21.46695637580817  36.460585745327876 4.1580863486378083 -21.020227931420571 
 0 2 0.44672844438759896 2
2 37.710585745327904 4.1580863486378092 -21.466956375808099 5.7229999999999999e-14 -1.41e-15 -1 -8.0000000000000006e-17 -1 1.4099999999999955e-15 -1 7.9999999999919308e-17 -5.7229999999999999e-14 1.25
Polygon3D 0
PolygonOnTriangulations 0
Surfaces 121
1 58.649443046341801 -16.5 -33.123901250050999 -0.51402941643727718 0 0.85777255670553632 -0.85777255670553632 0 -0.51402941643727718 -0 -1 0 
2 42.6640713114109 -4.9331027840543902 -42.966956375830605 2.7e-16 6.0000000000000001e-17 1 0.99144486137381449 -0.13052619222002104 -2.5985854103772864e-16 0.13052619222002104 0.99144486137381449 -9.4728763581834553e-17 6.5
1 47.749827440661399 -16.5 -39.655612955420899 0.0053610368752413798 0 0.99998562953855608 -0.99998562953855608 0 0.0053610368752413798 0 -1 0 
1 47.088669806142704 -5.5156122267071304 -38.466956375830598 -0.99144486137381449 0.13052619222002104 2.5999999999999998e-16 2.7014024876123919e-16 5.9981535900299326e-17 1 0.13052619222002104 0.99144486137381449 -9.4728763581834553e-17 
1 43.571228347340003 1.9574390024936199 -38.466956375830598 -0.13052619222002104 -0.99144486137381449 9.9999999999999998e-17 -2.6939393919244236e-16 -6.5396511128431222e-17 -1 0.99144486137381449 -0.13052619222002104 -2.5855327911552844e-16 
1 47.749827440661399 -16.5 -39.655612955420899 0.0053610368752413798 0 0.99998562953855608 -0.99998562953855608 0 0.0053610368752413798 0 -1 0 
9 1 1 0 0 3 2 7 3 5 2 47.824288771099695 -13.1654999391807 -39.6109912034971  1 48.645260542673903 -15.320183190875801 -39.119015052762499  0.78624886108874703 47.66173952618 -15.829495460077998 -37.037673533380499  1 
49.467922175451399 -12.3143512144621 -38.626026234553898  1 50.4682785483839 -14.1475680555843 -38.026551934975501  0.81377793001002496 49.810667726906601 -14.716681925939 -36.052708564427796  1 
52.254174402504198 -9.6530534171490299 -36.9563346652413  1 53.587209271809797 -10.802139332972299 -36.157499204029598  0.85756458423124404 53.453484895965296 -11.237233362739 -34.383016995129005  1 
53.626123944218399 -4.0358567081888603 -36.134179168663898  1 55.144675519402497 -3.9359047525706505 -35.224170829131602  0.87798564238382903 55.247206690837999 -3.8931672316319998 -33.560861498546501  1 
51.753996364264104 1.4350008786933399 -37.256071726192303  1 53.017512401746501 2.7764962686113401 -36.498896171519597  0.84998802781220795 52.799539381764895 3.2595714018389796 -34.6827540560746  1 
48.739447740336104 3.8346266899373096 -39.062572363063801  1 49.6375596387157 5.8426978074225095 -38.524369162916898  0.80196204872072396 48.858241685338101 6.3969033417422603 -36.489254692950297  1 
47.025855872795802 4.5343322212546102 -40.089460692373905  1 47.724520182056601 6.8598322467132302 -39.670778601920695  0.77276027737146202 46.617848006936896 7.31171618532351 -37.516143022257303  1 

2.04861847086848 4
2.6176450976308101 1
3.1866717243931402 1
3.7556983511554698 1
4.3247249779177999 4

0 3
1 3

9 1 1 0 0 3 2 4 3 2 2 46.270309633903999 -13.163327727742599 -39.647681091916795  1 47.654513348956698 -15.833243623146 -39.6551019657174  0.70623382946008695 47.6672205450311 -15.8266554554852 -36.647724203301095  1 
46.793639606000802 -12.8920022852214 -39.650486723513296  1 48.339619307349096 -15.479017953310899 -39.658774896806804  0.70613205600828 48.351435487574797 -15.4719176572258 -36.650529834896503  1 
47.292307978760803 -12.5731327807183 -39.653160141466401  1 48.9924663812048 -15.062527904206801 -39.662274884339396  0.70603505640848196 49.003407226647404 -15.055019540669601 -36.6532032528496  1 
47.7581663701243 -12.211929631995901 -39.655657661371698  1 49.602404637939102 -14.590587097151801 -39.665544832815399  0.70594442247598499 49.612482359878896 -14.582773338799299 -36.655700772755999  1 

5.1906949682289598 4
5.3719174684200599 4

0 3
1 3

1 43.310175962900004 -0.0254507202540116 -38.466956375830598 -0.13052619222002104 -0.99144486137381449 9.9999999999999998e-17 -2.6939393919244236e-16 -6.5396511128431222e-17 -1 0.99144486137381449 -0.13052619222002104 -2.5855327911552844e-16 
1 51.737457284577395 -1.1349233541241899 -16.966956375830602 -0.13052619222002104 -0.99144486137381449 2.4e-16 -2.9050362643447618e-16 -2.0382542256095017e-16 -1 0.99144486137381449 -0.13052619222002104 -2.6141377135440205e-16 
1 42.6640713114109 -4.9331027840543902 -27.466956375830598 2.7e-16 6.0000000000000001e-17 1 0.99144486137381449 -0.13052619222002104 -2.5985854103772864e-16 0.13052619222002104 0.99144486137381449 -9.4728763581834553e-17 
1 42.6640713114109 -4.9331027840543902 -27.466956375830598 2.7e-16 6.0000000000000001e-17 1 0.99144486137381449 -0.13052619222002104 -2.5985854103772864e-16 0.13052619222002104 0.99144486137381449 -9.4728763581834553e-17 
1 35.495259345660003 -9.5872015152489194 -17.466956375830602 0.13052619222002104 0.99144486137381449 -9.9999999999999998e-17 2.6939393919244236e-16 6.5396511128431222e-17 1 0.99144486137381449 -0.13052619222002104 -2.5855327911552844e-16 
1 42.6640713114109 -4.9331027840543902 -38.466956375830598 2.7e-16 6.0000000000000001e-17 1 0.99144486137381449 -0.13052619222002104 -2.5985854103772864e-16 0.13052619222002104 0.99144486137381449 -9.4728763581834553e-17 
1 38.458768374038797 -4.3794641492378803 -38.466956375830598 -0.99144486137381449 0.13052619222002104 2.5999999999999998e-16 2.7014024876123919e-16 5.9981535900299326e-17 1 0.13052619222002104 0.99144486137381449 -9.4728763581834553e-17 
9 1 1 0 0 3 2 4 3 2 2 44.889481833402705 -13.5 -39.640278316778598  1 44.889481833402705 -16.5 -39.640278316778598  0.70710678118654802 44.905564944028399 -16.5 -36.640321428162899  1 
45.367787838958002 -13.499999999995399 -39.642842569761498  1 45.846489093221805 -16.502565312456902 -39.6454089417104  0.706804585417113 45.862176955139098 -16.5 -36.642885681143596  1 
45.845681084918006 -13.3834804709458 -39.645404609893198  1 46.803488828233704 -16.2718958650287 -39.650539526317502  0.70650244319845001 46.817963447062304 -16.266960941900997 -36.645447721280199  1 
46.270309633904098 -13.163327727742599 -39.647681091916702  1 47.654513348956804 -15.833243623145901 -39.6551019657173  0.70623382946008695 47.667220545031199 -15.8266554554852 -36.647724203301003  1 

4.7123889803846897 4
5.1906949682289696 4

0 3
1 3

2 -0.19513667339985802 -13.5 -36.398531429058799 -0.99998562953855608 0 0.0053610368752413798 -0.0053610368752413798 0 -0.99998562953855608 -0 -1 0 3
9 1 1 0 0 3 2 4 3 2 2 13.645291048887501 -16.5 -36.472731538736895  1 13.6292079382618 -16.5 -39.472688427352594  0.70710678118654702 13.6292079382618 -13.5 -39.472688427352594  1 
12.330762736984001 -16.5 -36.4621605346927  1 12.3138882889182 -16.503525688022098 -39.465636848878901  0.70669151889677795 11.6574154704125 -13.5000000000017 -39.462117423311895  1 
11.020239721159101 -16.946884639268401 -36.451621739926701  1 11.0062328166012 -16.9541606456288 -39.458626358926303  0.70627711182210695 9.6916309466664199 -14.1703269589041 -39.451578628544006  1 
9.9795714742337189 -17.75 -36.4432530283961  1 9.9694584845158101 -17.757804501972 -39.4530680936236  0.705947822799602 8.1306285762811008 -15.375 -39.443209917011799  1 

4.7123889803846897 4
5.3696531336301998 4

0 3
1 3

9 1 1 0 0 3 2 4 3 2 2 6.29776878895421 -16 -39.433383746898102  1 6.2977687889542002 -19 -39.433383746898102  0.70710678118654802 6.3138518995799302 -19 -36.433426858282402  1 
6.9550329665420705 -15.9999999999943 -39.436907415027605  1 7.6130506789342496 -19.003525688006199 -39.4404351229444  0.70669151888258397 7.6283802547556903 -19 -36.4369505264089  1 
7.6102944356878002 -15.776557693579898 -39.440420346409098  1 8.9258666742622097 -18.559642517242999 -39.4474732790422  0.70627711183323605 8.9389031930530507 -18.553115387167402 -36.440463457785398  1 
8.1306285762811008 -15.375 -39.4432099170117  1 9.9694584845158207 -17.757804501972 -39.4530680936236  0.705947822799603 9.9795714742337296 -17.75 -36.443253028396001  1 

1.5707963267949001 4
2.2280604800404098 4

0 3
1 3

2 -0.19513667339985802 -16 -36.398531429058799 0.99998562953855608 0 -0.0053610368752413798 0.0053610368752413798 0 0.99998562953855608 0 -1 0 3
9 1 1 0 0 3 2 5 3 3 2 -0.66874838380747503 -13 -39.396035454730701  1 -3.5513911296457401 -13 -39.380581278588494  0.72106493452214904 -3.65087813066024 -13 -36.499614363067998  1 
-0.6687483837999959 -13.7853981924859 -39.396035454730701  1 -3.5513911296301601 -14.540683696118901 -39.380581278586604  0.72106493452214904 -3.6508781306603102 -14.5707963849718 -36.499614363065803  1 
-0.018182053782620299 -15.3499415908804 -39.399523214936501  1 -2.2947001142591601 -17.628731015963801 -39.387318542274599  0.71807864046966596 -2.3506406405390701 -17.6998831817527 -36.480667351458798  1 
1.5475837953462102 -15.999999999991799 -39.407917464020898  1 0.77097646422312105 -18.968849311473999 -39.403753983663599  0.71079708428187505 0.77873658636739596 -19 -36.435066184662503  1 
2.33359565599359 -16 -39.412131363145896  1 2.33359565599359 -19 -39.412131363145896  0.70710678118654602 2.34967876661932 -19 -36.412174474530197  1 

3.14159265358979 4
3.9269908169872401 1
4.7123889803846897 4

0 3
1 3

2 -0.65266527318175205 -16.5 -36.396078566115101 0 1 0 -1 0 0 0 -0 1 3
9 1 1 0 0 3 2 5 3 3 2 -3.65087813066024 -10.5 -36.499614363068105  1 -3.5513911296457299 -10.5 -39.380581278588494  0.72106493452215104 -0.66874838380748092 -10.5 -39.3960354547308  1 
-3.6508781306606899 -9.6719678430133609 -36.499614363055301  1 -3.5513911296538101 -9.6560941908891902 -39.380581278573302  0.72106493452111697 -0.66874838380642698 -9.2579517645232805 -39.3960354547308  1 
-3.9991831105250899 -8.0163396965972709 -36.490813817325005  1 -3.9143787587176804 -7.9662010094522104 -39.378635260566099  0.72026436119824899 -1.1908466537415898 -6.7745095448950696 -39.393236426429802  1 
-4.9849465879363599 -6.6404088155652996 -36.465906747101897  1 -4.9327422308336395 -6.5801462006598594 -39.373175697976201  0.71799079538080401 -2.6684752719675902 -4.7106132233463605 -39.385314691080602  1 
-5.5957731629958802 -6.0803886520437294 -36.450473125622899  1 -5.5581915050011297 -6.0223665528201398 -39.369822593167704  0.71657681159669095 -3.5840852014942999 -3.87058297806559 -39.380406001944998  1 

3.14159265358979 4
3.5556087303774402 1
3.9696248071650899 4

0 3
1 3

2 2.61693406931456 -8.7000000000000004e-16 142.42199245277402 0 -1 0 -0.12489226505367799 -0 -0.99217030903457404 0.99217030903457382 0 -0.12489226505367797 181.90689690162901
1 -3.5513911296457299 -16.5 -39.380581278588494 0.99940428582616181 0 0.03451193231767289 -0.03451193231767289 0 0.99940428582616181 0 -1 0 
2 2.4450345853112498 1.5 -39.1735096846825 0.03451193231767289 0 -0.99940428582616181 0.99940428582616181 0 0.03451193231767289 0 -1 0 6
1 0 7.5 0 0 -1 0 1 0 0 -0 0 1 
2 44.905564944028399 1.5 6.8760987499489499 0 0 -1 0 1 0 1 -0 0 6
1 46.631755259662896 5.5 -39.649618843091197 -0.99998562953855608 0 0.0053610368752424397 -0.0053610368752424397 0 -0.99998562953855608 -0 -1 0 
1 0 5.5 0 0 1 0 -1 0 0 0 -0 1 
1 43.310175962900004 -0.0254507202540116 -38.466956375830598 -0.13052619222002104 -0.99144486137381449 9.9999999999999998e-17 -2.6939393919244236e-16 -6.5396511128431222e-17 -1 0.99144486137381449 -0.13052619222002104 -2.5855327911552844e-16 
2 42.3054413819643 -4.8858882581331695 -42.966956375830605 2.7e-16 6.0000000000000001e-17 1 0.99144486137381449 -0.13052619222002104 -2.5985854103772864e-16 0.13052619222002104 0.99144486137381449 -9.4728763581834553e-17 6.13827546702941
2 41.794807406866198 -4.5 6.8760987499489499 0 0 -1 0 1 0 1 -0 0 12.758462284796099
1 35.495259345660003 -9.5872015152489194 -17.466956375830602 -0.99144486137381449 0.13052619222002104 2.5999999999999998e-16 2.7014024876123919e-16 5.9981535900299326e-17 1 0.13052619222002104 0.99144486137381449 -9.4728763581834553e-17 
1 42.6640713114109 -4.9331027840543902 -27.466956375830598 2.7e-16 6.0000000000000001e-17 1 0.99144486137381449 -0.13052619222002104 -2.5985854103772864e-16 0.13052619222002104 0.99144486137381449 -9.4728763581834553e-17 
1 48.384042543519506 -11.284042014109199 -17.466956375830602 -0.99144486137381449 0.13052619222002104 2.5999999999999998e-16 2.7014024876123919e-16 5.9981535900299326e-17 1 0.13052619222002104 0.99144486137381449 -9.4728763581834553e-17 
1 24.234046672551099 -10.5 -17.216956375818601 0 0 1 0 -1 0 1 0 -0 
1 45.275538141934398 -12.907822878516999 -18.920227931420097 -5.726e-14 -2.0099999999999999e-15 1 -1 4.2000000000000002e-16 -5.726e-14 -4.1999999999988495e-16 -1 -2.010000000000024e-15 
1 45.275538141934398 -10.309746668517001 -18.920227931420097 0.49999999999999989 -0.86602540378443882 2.6979999999999999e-14 0.86602540378443882 0.49999999999999989 5.0739999999999994e-14 -5.7432128988022406e-14 -2.0046346058958316e-15 1 
1 45.275538141934597 -12.907822878516999 -21.020227931420099 -5.726e-14 -2.0099999999999999e-15 1 -1 4.2000000000000002e-16 -5.726e-14 -4.1999999999988495e-16 -1 -2.010000000000024e-15 
1 47.5255381407624 -11.608784773517 -18.920227931420001 -0.49999999999999989 -0.86602540378443882 -3.0449999999999999e-14 0.86602540378443882 -0.49999999999999989 4.8729999999999998e-14 -5.7426417926415688e-14 -2.005473545236168e-15 1 
1 42.6640713114109 -4.9331027840543902 -27.466956375830598 2.7e-16 6.0000000000000001e-17 1 0.99144486137381449 -0.13052619222002104 -2.5985854103772864e-16 0.13052619222002104 0.99144486137381449 -9.4728763581834553e-17 
2 44.905564944028399 -10.5 6.8760987499489499 0 0 -1 0 1 0 1 -0 0 6
1 0 -16.5 0 0 -1 0 1 0 0 -0 0 1 
2 13.645291048887501 -22.5 0 0 0 1 0 -1 0 1 0 -0 6
2 6.3138518995799302 -13 0 0 0 1 0 -1 0 1 0 -0 6
1 0 -19 0 0 1 0 -1 0 0 0 -0 1 
2 1.09097423246555 -13 0.037674071849763201 0.03451193231767289 0 -0.99940428582616181 0.99940428582616181 0 0.03451193231767289 0 -1 0 6
1 -3.5513911296457299 -16.5 -39.380581278588494 0.99940428582616181 0 0.03451193231767289 -0.03451193231767289 0 0.99940428582616181 0 -1 0 
2 -9.5478168446026999 -10.5 -39.587652872494601 -0.03451193231767289 0 0.99940428582616181 -0.99940428582616181 0 -0.03451193231767289 -0 -1 0 6
9 1 1 0 0 3 2 6 3 4 2 -9.87552786907907 -1.5 -39.055246680261597  1 -9.87552786907907 -4.5 -39.055246680261597  0.70710678118654802 -9.6695552144494012 -4.5 -36.062325821711397  1 
-8.7010526455530197 -1.50000000230804 -39.136074002806801  1 -9.0872165834624585 -4.4606981964278596 -39.109498221046202  0.71176908270396 -8.8980725713984992 -4.5 -36.155073729727697  1 
-6.9594480739082396 -1.8336699374236101 -39.238011320061894  1 -7.8903993445644005 -4.6378128830608496 -39.186697904506303  0.71710574316269005 -7.7554233487800897 -4.7224466253728297 -36.274911664956498  1 
-4.8933846182246103 -2.8796647698374298 -39.331869075939302  1 -6.4531295514255094 -5.3155070256379702 -39.263979230895998  0.72192942506012603 -6.3955210550443002 -5.4197765130315299 -36.390780758615598  1 
-3.9548738153749103 -3.5969438807412799 -39.366805292667202  1 -5.8026583316679599 -5.7997081109854998 -39.303716951129402  0.72257545842550397 -5.7856917575344609 -5.8979625874325396 -36.435310116604199  1 
-3.5405249045634002 -3.9920423579676201 -39.380952280787703  1 -5.5131843412575101 -6.0632275546227001 -39.313600373039002  0.72366449742590699 -5.5091319937194099 -6.1613615719784098 -36.454215308970902  1 

-4.0000000000000003e-17 4
0.0034246096872150599 1
0.0051369145308226101 1
0.0068492193744301598 4

0 3
1 3

9 1 1 0 0 3 2 10 3 8 2 -9.6695552144494101 -4.5 -36.062325821711397  1 -9.87552786907907 -4.5 -39.055246680261597  0.70710678118654802 -9.87552786907907 -1.5 -39.055246680261597  1 
-13.7615317134071 -4.5 -35.780716216015399  1 -14.035907505461701 -4.4999999999962297 -38.768929574212201  0.70710678118654802 -14.0359075054825 -1.4999999999946598 -38.768929574505499  1 
-19.882886544308899 -4.5 -35.148256497517899  1 -20.261710519633301 -4.5000000000008598 -38.125510582625196  0.70710678118654802 -20.261710519628799 -1.5000000000012099 -38.125510582559102  1 
-27.988300735022403 -4.5 -33.882440711707197  1 -28.499211993384101 -4.4999999999998197 -36.839316065359903  0.70710678118654702 -28.499211993384602 -1.49999999999977 -36.8393160653725  1 
-33.023691467328604 -4.5 -32.922292196892499  1 -33.628728408624902 -4.5000000000000497 -35.860923790013501  0.70710678118654802 -33.628728408626102 -1.50000000000003 -35.860923790012599  1 
-37.0298582892217 -4.5 -32.041451854058799  1 -37.680942842124601 -4.4999999999999396 -34.969955788271598  0.70710678118654702 -37.680942842122299 -1.49999999999999 -34.969955788270802  1 
-41.035813291335003 -4.5 -31.161199478952398  1 -41.675641761386899 -4.5000000000003002 -34.092179063113797  0.70710678118654802 -41.675641761399298 -1.5 -34.0921790631199  1 
-48.0463338355639 -4.5 -29.620482212645801  1 -48.693325267577997 -4.4999999999964704 -32.549886383275002  0.70710678118654702 -48.6933252674324 -1.5 -32.5498863832021  1 
-54.055317402392596 -4.5 -28.299961907757801  1 -54.699238992868402 -4.5000000000150902 -31.230041255278699  0.70710678118654802 -54.6992389934912 -1.5 -31.230041255591001  1 
-58.061314011994796 -4.5 -27.419594038997701  1 -58.7052356030905 -4.5 -30.349673386817599  0.70710678118654802 -58.7052356030905 -1.5 -30.349673386817599  1 

2.0000000000000001e-17 4
0.012301525641792399 1
0.018452288462688499 1
0.024603051283584702 1
0.027678432694032799 1
0.0307538141044809 1
0.036904576925376999 1
0.049206102567169403 4

0 3
1 3

2 34.891766211532499 -8.7000000000000004e-16 194.01681857979199 0 -1 0 1 0 0 -0 0 1 240.10216455167199
1 0 0 0 0 1 0 -1 0 0 0 -0 1 
1 25 -140 30 0 0 1 1 0 -0 -0 1 0 
2 24.234046672551099 1.5 0 0 0 -1 0 1 0 1 -0 0 6
1 46.7105648912991 5.5 -24.694520543794898 0.0053610368752425403 0 0.99998562953855608 -0.99998562953855608 0 0.0053610368752425403 0 -1 0 
1 46.7105648912991 5.5 -24.9493843661832 -1 0 0 0 -1 0 0 0 1 
10 1.5707963267949001 7.8539816339744863 2.5467284443875968 4.2499999999894982
2 37.710585745327904 4.1580863486378092 -21.466956375808099 -5.7229999999999999e-14 1.41e-15 1 8.0000000000000006e-17 1 -1.4099999999999955e-15 -1 7.9999999999919308e-17 -5.7229999999999999e-14 1.25
10 0.5235987755982956 6.8067840827778818 2.5467284443877034 4.2499999999892033
2 45.275538141934597 -12.907822878516999 -21.466956375807801 -5.7240000000000004e-14 -2.04e-15 1 -0.86602540378443882 0.49999999999999989 -4.8551294112621285e-14 -0.49999999999999989 -0.86602540378443882 -3.0386691823720252e-14 1.25
2 24.234046672551099 -10.5 -17.768729375818598 0 0 1 0 -1 0 1 0 -0 6
1 30.234046672551099 -18.023123716554 -17.768729375818598 -1 0 0 0 -1 0 0 0 1 
1 47.5255381407624 -14.206860983517 -18.920227931420001 -1 4.2000000000000002e-16 -5.7430000000000001e-14 -4.199999999998846e-16 -1 -2.0099999999999999e-15 -5.7430000000000001e-14 -2.0099999999999759e-15 1 
1 45.275538141934398 -15.505899088516999 -18.920227931420097 -0.49999999999999989 0.86602540378443882 -2.6979999999999999e-14 -0.86602540378443882 -0.49999999999999989 -5.0739999999999994e-14 -5.7432128988022406e-14 -2.0046346058958316e-15 1 
1 43.025538143106395 -14.206860983517 -18.9202279314203 0.49999999999999989 0.86602540378443882 3.0449999999999999e-14 -0.86602540378443882 0.49999999999999989 -4.8729999999999998e-14 -5.7426417926415688e-14 -2.005473545236168e-15 1 
1 43.025538143106395 -11.608784773517 -18.9202279314203 1 -2.5000000000000002e-16 5.7430000000000001e-14 2.499999999998846e-16 1 2.0099999999999999e-15 -5.7430000000000001e-14 -2.0099999999999857e-15 1 
10 0.52359877559829648 6.8067840827778827 0 0.44672844438770198
2 45.275538141934597 -12.907822878516999 -21.466956375807801 -5.7240000000000004e-14 -2.04e-15 1 -0.86602540378443882 0.49999999999999989 -4.8551294112621285e-14 -0.49999999999999989 -0.86602540378443882 -3.0386691823720252e-14 1.25
1 15.4472109195284 -5.2067943023051599 -30.3675128085026 -0.99904822158255935 0.043619387349268811 6.1070000000000001e-13 -0.043619387349268811 -0.99904822158255935 -7.8399999999999949e-15 6.0977677292365066e-13 -3.447089791140572e-14 1 
1 21.941024359815103 -5.4903203200754005 -30.3675128085066 -6.0977999999999995e-13 3.4469999999999997e-14 -1 0.99904822158255935 -0.043619387349268617 -6.1070318483854227e-13 -0.043619387349268617 -0.99904822158255935 -7.8389621801138061e-15 
1 21.941024359812101 -5.4903203200752504 -35.3875128085065 6.0977999999999995e-13 -3.4469999999999997e-14 1 -0.99904822158255935 0.043619387349268617 6.1070318483854227e-13 -0.043619387349268617 -0.99904822158255935 -7.8389621801138061e-15 
1 28.4348378001017 -5.7738463378456499 -30.367512808510501 -0.99904822158255935 0.043619387349268811 6.1070000000000001e-13 -0.043619387349268811 -0.99904822158255935 -7.8399999999999949e-15 6.0977677292365066e-13 -3.447089791140572e-14 1 
2 1.09097423246555 -13 0.037674071849763201 0.03451193231767289 0 -0.99940428582616181 0.99940428582616181 0 0.03451193231767289 0 -1 0 6
1 4.2673239631800906 -10.8191955106092 -25.963403092475801 -6.1002999999999998e-13 3.4310000000000001e-14 -1 0.41469324265680602 -0.90996127087628498 -2.841960900216967e-13 -0.90996127087628498 -0.41469324265680602 5.4087554891710513e-13 
1 6.9628300404493304 -16.7339437713051 -25.963403092477698 -0.41469324265680602 0.90996127087628498 2.8412000000000001e-13 -0.90996127087628498 -0.41469324265680602 5.4073000000000006e-13 6.0986600210458529e-13 -3.4301119179555354e-14 1 
1 4.2673239631770299 -10.8191955106091 -30.9834030924758 6.1002999999999998e-13 -3.4310000000000001e-14 1 -0.41469324265680602 0.90996127087628498 2.841960900216967e-13 -0.90996127087628498 -0.41469324265680602 5.4087554891710513e-13 
1 -3.5513911296457299 -16.5 -39.380581278588494 0.99940428582616181 0 0.03451193231767289 -0.03451193231767289 0 0.99940428582616181 0 -1 0 
1 0 -4.5 0 0 1 0 -1 0 0 0 -0 1 
1 1.57181788591085 -4.9044472499134004 -25.963403092474 -0.41469324265680602 0.90996127087628498 2.8412000000000001e-13 -0.90996127087628498 -0.41469324265680602 5.4073000000000006e-13 6.0986600210458529e-13 -3.4301119179555354e-14 1 
2 -60.760913261831796 25.5 -7.2902608698581801 0 -1 0 1 0 0 -0 0 1 17.633662582432802
1 -74.099999999999994 -2 20.999999999998902 1 0 0 -0 1 0 0 -0 1 
1 13.233198508999401 -10.064844224441099 -5.8675128085013997 0.04361938734926861 0.99904822158255924 7.9799999999999995e-15 -6.0976996794520316e-13 3.461073417555299e-14 -1 -0.99904822158255935 0.043619387349268617 6.106993010705555e-13 
1 15.6892985193315 0.33792332747722298 -6.3675128085025401 0.99904822158255935 -0.043619387349268617 -6.1070000000000001e-13 6.097768181927183e-13 -3.4469861079293979e-14 1 -0.043619387349268617 -0.99904822158255935 -7.8389621801138029e-15 
1 28.6769253999048 -0.22912870806327001 -6.3675128085104795 -0.04361938734926861 -0.99904822158255924 -7.8399999999999996e-15 6.0977995473093221e-13 -3.4471036832111618e-14 1 -0.99904822158255935 0.043619387349268617 6.1070318483854217e-13 
1 28.6769253999048 -0.22912870806327001 -6.3675128085104795 0.99904822158255935 -0.043619387349268617 -6.1070000000000001e-13 6.097768181927183e-13 -3.4469861079293979e-14 1 -0.043619387349268617 -0.99904822158255935 -7.8389621801138029e-15 
2 4.4173286827052696 -11.1483508263382 -27.4634030924759 6.1002999999999998e-13 -3.4310000000000001e-14 1 -0.41469324265680602 0.90996127087628498 2.841960900216967e-13 -0.90996127087628498 -0.41469324265680602 5.4087554891710513e-13 6.13827546702941
1 -5.0535133295922101 -2.30301870083483 -1.71340259164501 0.90996127129403448 0.41469324174013816 0 -0.41469324174013816 0.90996127129403448 0 0 -0 1 
2 4.2673239631791704 -10.8191955106092 -27.463403092475797 6.1002999999999998e-13 -3.4310000000000001e-14 1 -0.41469324265680602 0.90996127087628498 2.841960900216967e-13 -0.90996127087628498 -0.41469324265680602 5.4087554891710513e-13 6.5
1 4.5010800189951503 2.0512603374366298 -1.71340259164501 0.90996127129403448 0.41469324174013816 0 -0.41469324174013816 0.90996127129403448 0 0 -0 1 
1 37.710585745327798 4.1580863486378092 -18.920227931420502 -5.7300000000000006e-14 1.4399999999999999e-15 1 -0.49999999999999989 0.86602540378443882 -2.9897076581449589e-14 -0.86602540378443882 -0.49999999999999989 -4.8903255636848349e-14 
1 45.275538141934597 -12.907822878516999 -21.466956375807801 5.7240000000000004e-14 2.04e-15 -1 0.86602540378443882 -0.49999999999999989 4.8551294112621285e-14 -0.49999999999999989 -0.86602540378443882 -3.0386691823720252e-14 
2 21.9410243598142 -5.4903203200753499 -31.867512808506604 6.0977999999999995e-13 -3.4469999999999997e-14 1 -0.99904822158255935 0.043619387349268617 6.1070318483854227e-13 -0.043619387349268617 -0.99904822158255935 -7.8389621801138061e-15 6.5
1 21.725108392437999 -10.435609016909201 -27.3675128085066 0.04361938734926861 0.99904822158255924 7.8399999999999996e-15 -6.0977995473093221e-13 3.4471036832111618e-14 -1 -0.99904822158255935 0.043619387349268617 6.1070318483854217e-13 
1 17.482493755045297 -5.2956566699565597 -27.3675128085038 0.99904822158255935 -0.043619387349268617 -6.1070000000000001e-13 6.097768181927183e-13 -3.4469861079293979e-14 1 -0.043619387349268617 -0.99904822158255935 -7.8389621801138029e-15 
1 21.637869617739501 -12.4337054600743 -27.3675128085066 0.04361938734926861 0.99904822158255924 7.8399999999999996e-15 -6.0977995473093221e-13 3.4471036832111618e-14 -1 -0.99904822158255935 0.043619387349268617 6.1070318483854217e-13 
1 26.1785776363308 -5.6753358916848793 -27.367512808509101 0.99904822158255935 -0.043619387349268617 -6.1070000000000001e-13 6.097768181927183e-13 -3.4469861079293979e-14 1 -0.043619387349268617 -0.99904822158255935 -7.8389621801138029e-15 
1 21.725108392437999 -10.435609016909201 -27.3675128085066 0.04361938734926861 0.99904822158255924 7.8399999999999996e-15 -6.0977995473093221e-13 3.4471036832111618e-14 -1 -0.99904822158255935 0.043619387349268617 6.1070318483854217e-13 
2 22.302404611181199 -5.5060985225927297 -31.867512808506795 6.0977999999999995e-13 -3.4469999999999997e-14 1 -0.99904822158255935 0.043619387349268617 6.1070318483854227e-13 -0.043619387349268617 -0.99904822158255935 -7.8389621801138061e-15 6.13827546702941
10 3.1415926535897931 9.4247779607693793 0 0.98000000000000398
2 21.905659187119301 -5.1984999645927497 -36.367512808506504 6.0977999999999995e-13 -3.4469999999999997e-14 1 -0.99904822158255935 0.043619387349268617 6.1070318483854227e-13 -0.043619387349268617 -0.99904822158255935 -7.8389621801138061e-15 4.75
1 -0.236984327655686 -12.8719270617605 -22.963403092473097 0.90996127087628498 0.41469324265680602 -5.4072999999999996e-13 -6.0989784124670744e-13 3.4370983800554691e-14 -1 -0.41469324265680602 0.90996127087628498 2.8419677757640396e-13 
1 2.4166400081586596 -6.7582402056370707 -22.963403092474501 0.41469324265680602 -0.90996127087628498 -2.8412000000000001e-13 6.1000001993204184e-13 -3.424004373687386e-14 1 -0.90996127087628498 -0.41469324265680602 5.4087727860596489e-13 
1 -2.0569068694082602 -13.701313547074099 -22.963403092472099 0.90996127087628498 0.41469324265680602 -5.4072999999999996e-13 -6.0989784124670744e-13 3.4370983800554691e-14 -1 -0.41469324265680602 0.90996127087628498 2.8419677757640396e-13 
1 6.0262828114193399 -14.6788784384207 -22.963403092476998 0.41469324265680602 -0.90996127087628498 -2.8412000000000001e-13 6.1000001993204184e-13 -3.424004373687386e-14 1 -0.90996127087628498 -0.41469324265680602 5.4087727860596489e-13 
1 -0.236984327655686 -12.8719270617605 -22.963403092473097 0.90996127087628498 0.41469324265680602 -5.4072999999999996e-13 -6.0989784124670744e-13 3.4370983800554691e-14 -1 -0.41469324265680602 0.90996127087628498 2.8419677757640396e-13 
10 3.1415926535897931 9.4247779607693793 -3.5500000000000001e-15 0.97999999999990095
2 4.5112823513809204 -10.655201241995401 -31.963403092475904 6.1002999999999998e-13 -3.4310000000000001e-14 1 -0.41469324265680602 0.90996127087628498 2.841960900216967e-13 -0.90996127087628498 -0.41469324265680602 5.4087554891710513e-13 4.75
1 21.941024359823601 -5.4903203200758899 -16.3675128085066 6.0977999999999995e-13 -3.4469999999999997e-14 1 -0.99904822158255935 0.043619387349268617 6.1070318483854227e-13 -0.043619387349268617 -0.99904822158255935 -7.8389621801138061e-15 
1 21.941024359816897 -5.4903203200755106 -27.3675128085066 6.0977999999999995e-13 -3.4469999999999997e-14 1 -0.99904822158255935 0.043619387349268617 6.1070318483854227e-13 -0.043619387349268617 -0.99904822158255935 -7.8389621801138061e-15 
1 21.941024359823601 -5.4903203200758899 -16.3675128085066 6.0977999999999995e-13 -3.4469999999999997e-14 1 -0.99904822158255935 0.043619387349268617 6.1070318483854227e-13 -0.043619387349268617 -0.99904822158255935 -7.8389621801138061e-15 
1 21.941024359823601 -5.4903203200758899 -16.3675128085066 6.0977999999999995e-13 -3.4469999999999997e-14 1 -0.99904822158255935 0.043619387349268617 6.1070318483854227e-13 -0.043619387349268617 -0.99904822158255935 -7.8389621801138061e-15 
1 21.941024359823601 -5.4903203200758899 -16.3675128085066 6.0977999999999995e-13 -3.4469999999999997e-14 1 -0.99904822158255935 0.043619387349268617 6.1070318483854227e-13 -0.043619387349268617 -0.99904822158255935 -7.8389621801138061e-15 
1 4.2673239631819193 -10.819195510609401 -22.963403092475801 6.1002999999999998e-13 -3.4310000000000001e-14 1 -0.41469324265680602 0.90996127087628498 2.841960900216967e-13 -0.90996127087628498 -0.41469324265680602 5.4087554891710513e-13 
1 35.460585746499802 5.4571244536378103 -18.920227931420602 1 -3.8999999999999998e-16 5.7469999999999994e-14 3.9000000000008276e-16 1 -1.4399999999999999e-15 -5.7469999999999994e-14 1.4400000000000224e-15 1 
1 37.710585745327798 6.7561625586378105 -18.920227931420502 0.49999999999999989 -0.86602540378443882 2.9980000000000002e-14 0.86602540378443882 0.49999999999999989 4.9039999999999992e-14 -5.7459885801588858e-14 1.4434416054574874e-15 1 
1 39.960585744155701 5.4571244536378103 -18.9202279314203 -0.50000000000000033 -0.86602540378443849 -2.748e-14 0.86602540378443849 -0.50000000000000033 5.0490000000000001e-14 -5.7465622637076304e-14 1.4466219040036467e-15 1 
1 39.960585744155701 2.8590482436377997 -18.9202279314203 -1 3.8999999999999998e-16 -5.7469999999999994e-14 -3.9000000000008276e-16 -1 1.4399999999999999e-15 -5.7469999999999994e-14 1.4400000000000224e-15 1 
1 37.710585745327698 1.56001013863781 -18.920227931420502 -0.49999999999999989 0.86602540378443882 -2.9980000000000002e-14 -0.86602540378443882 -0.49999999999999989 -4.9039999999999992e-14 -5.7459885801588858e-14 1.4434416054574874e-15 1 
1 35.460585746499802 2.85904824363781 -18.920227931420602 0.50000000000000033 0.86602540378443849 2.748e-14 -0.86602540378443849 0.50000000000000033 -5.0490000000000001e-14 -5.7465622637076304e-14 1.4466219040036467e-15 1 
1 21.905659187119301 -5.1984999645927497 -36.367512808506504 -6.0977999999999995e-13 3.4469999999999997e-14 -1 0.99904822158255935 -0.043619387349268617 -6.1070318483854227e-13 -0.043619387349268617 -0.99904822158255935 -7.8389621801138061e-15 
1 4.5112823513809204 -10.655201241995401 -31.963403092475904 -6.1002999999999998e-13 3.4310000000000001e-14 -1 0.41469324265680602 -0.90996127087628498 -2.841960900216967e-13 -0.90996127087628498 -0.41469324265680602 5.4087554891710513e-13 
1 37.710585745327904 4.1580863486378004 -21.0202279314205 -5.7300000000000006e-14 1.4399999999999999e-15 1 -0.49999999999999989 0.86602540378443882 -2.9897076581449589e-14 -0.86602540378443882 -0.49999999999999989 -4.8903255636848349e-14 
10 1.5707963267948983 7.8539816339744846 0 0.44672844438759896
2 37.710585745327904 4.1580863486378092 -21.466956375808099 -5.7229999999999999e-14 1.41e-15 1 8.0000000000000006e-17 1 -1.4099999999999955e-15 -1 7.9999999999919308e-17 -5.7229999999999999e-14 1.25
1 37.710585745327904 4.1580863486378092 -21.466956375808099 5.7229999999999999e-14 -1.41e-15 -1 -8.0000000000000006e-17 -1 1.4099999999999955e-15 -1 7.9999999999919308e-17 -5.7229999999999999e-14 
Triangulations 0

TShapes 796
Ve
0.000616154215722
47.7498274406614 -8.98095216289631 -39.6556129554209
0 0

0101101
*
Ve
1.2989535619e-05
47.7498274406614 -0.885253405212467 -39.6556129554209
0 0

0101101
*
Ed
 1e-07 1 1 0
1  1 0 5.61093780473226 6.95543280962691
2  1 1 0 5.61093780473226 6.95543280962691
2  2 2 0 5.61093780473226 6.95543280962691
0

0101000
+796 5 -795 5 *
Ve
1e-07
47.7498274406614 -0.49362140515135 -39.6556129554209
0 0

0101101
*
Ed
 1e-07 1 1 0
1  2 0 15.6147465947875 16.0063785948486
2  3 1 0 15.6147465947875 16.0063785948486
2  4 3 0 15.6147465947875 16.0063785948486
0

0101000
+795 5 -793 5 *
Ve
1e-07
47.9958268420719 1.37492955984087 -39.5081951722772
0 0

0101101
*
Ed
 1e-07 1 1 0
1  3 0 -15.7838454952056 -13.893414217149
2  5 1 0 -15.7838454952056 -13.893414217149
2  6 4 0 -15.7838454952056 -13.893414217149
0

0101000
+791 5 -793 5 *
Ve
1e-07
47.7498274406614 1.40731599544157 -39.6556129554209
0 0

0101101
*
Ed
 1e-07 1 1 0
1  4 0 -14.6360894303035 -14.3474779449252
2  7 1 0 -14.6360894303035 -14.3474779449252
2  8 5 0 -14.6360894303035 -14.3474779449252
0

0101000
+789 5 -791 5 *
Ve
0.003083350005362
47.7498274406614 4.20365550957094 -39.6556129554209
0 0

0101101
*
Ed
 1e-07 1 1 0
1  5 0 17.9073159954416 20.7036555095709
2  9 1 0 17.9073159954416 20.7036555095709
2  10 6 0 17.9073159954416 20.7036555095709
0

0101000
+789 5 -787 5 *
Ve
0.003083350005362
47.9408149799263 -13.1041567294073 -39.541161621454
0 0

0101101
*
Ed
 0.003083350005362 1 1 0
1  6 0 2.06211317347944 4.24314075627017
2  11 1 0 2.06211317347944 4.24314075627017
2  12 7 0 2.06211317347944 4.24314075627017
4 G1 1 0 7 0
0

0101000
+785 5 -787 5 *
Ve
4.7989941567e-05
47.7498274406614 -12.2183880054371 -39.6556129554209
0 0

0101101
*
Ed
 4.7989941567e-05 1 1 0
1  7 0 0 0.000917003980597
2  13 1 0 0 0.000917003980597
2  14 8 0 0 0.000917003980597
0

0101000
+785 5 -783 5 *
Ed
 1e-07 1 1 0
1  8 0 4.2816119945629 7.51904783710369
2  15 1 0 4.2816119945629 7.51904783710369
2  16 6 0 4.2816119945629 7.51904783710369
0

0101000
+783 5 -796 5 *
Wi

0101100
+794 0 +792 0 -790 0 -788 0 +786 0 -784 0 +782 0 +781 0 *
Fa
0  1e-07 1 0

0111000
-780 0 *
Ve
1.2989535619e-05
47.4869132422884 -0.575328614851749 -39.654203442453
0 0

0101101
*
Ve
1e-07
47.4869132422884 -0.57532861485175 -38.4669563758306
0 0

0101101
*
Ed
 1e-07 1 1 0
1  9 0 3.31275293337761 4.50000000000001
2  17 2 0 3.31275293337761 4.50000000000001
2  18 9 0 3.31275293337761 4.50000000000001
0

0101000
+778 5 -777 5 *
Ve
1e-07
47.4869132422884 -0.575328614851748 -27.4669563758306
0 0

0101101
*
Ed
 1e-07 1 1 0
1  10 0 4.50000000000001 15.5
2  19 2 0 4.50000000000001 15.5
2  20 10 0 4.50000000000001 15.5
0

0101000
+777 5 -775 5 *
Ve
1e-07
49.1084629103407 -5.78152303348453 -27.4669563758306
0 0

0101101
*
Ed
 1e-07 1 1 0
1  11 0 5.41750176057735 6.28318530717959
2  21 2 0 5.41750176057735 6.28318530717959
2  22 11 0 5.41750176057735 6.28318530717959
0

0101000
+775 5 -773 5 *
Ve
1e-07
45.2941207906641 -10.8772460979963 -27.4669563758306
0 0

0101101
*
Ed
 1e-07 1 1 0
1  12 0 0 1.0233300979127
2  23 2 0 0 1.0233300979127
2  24 12 0 0 1.0233300979127
0

0101000
+773 5 -771 5 *
Ve
0.000616154215722
45.2941207906641 -10.8772460979962 -39.6424476323237
0 0

0101101
*
Ed
 1e-07 1 1 0
1  13 0 3.32450874350691 15.5
2  25 2 0 3.32450874350691 15.5
2  26 13 0 3.32450874350691 15.5
0

0101000
+769 5 -771 5 *
Ed
 0.000616154215722 1 1 0
1  14 0 1.98736286177757 2.46934515114249
2  27 2 0 1.98736286177757 2.46934515114249
2  28 6 0 1.98736286177757 2.46934515114249
0

0101000
+769 5 -796 5 *
Ed
 1.2989535619e-05 1 1 0
1  15 0 3.81384015603712 3.8763765062925
2  29 2 0 3.81384015603712 3.8763765062925
2  30 3 0 3.81384015603712 3.8763765062925
0

0101000
+795 5 -778 5 *
Wi

0101100
+776 0 +774 0 +772 0 +770 0 -768 0 +767 0 +794 0 +766 0 *
Fa
0  1e-07 2 0

0111000
+765 0 *
Ve
1e-07
47.7347744576318 -0.607960162906756 -39.655532254664
0 0

0101101
*
Ed
 1e-07 1 1 0
1  16 0 -2.33922609760708 -2.08922256614829
2  31 3 0 -2.33922609760708 -2.08922256614829
2  32 9 0 -2.33922609760708 -2.08922256614829
0

0101000
+778 5 -763 5 *
Ed
 1e-07 1 1 0
1  17 0 -15.8694379216561 -15.7541125110314
2  33 3 0 -15.8694379216561 -15.7541125110314
2  34 4 0 -15.8694379216561 -15.7541125110314
0

0101000
+793 5 -763 5 *
Wi

0101100
+766 0 +762 0 -761 0 -792 0 *
Fa
0  1e-07 3 0

0111000
-760 0 *
Ve
1e-07
47.7347744576318 -0.607960162906756 -38.4669563758306
0 0

0101101
*
Ed
 1e-07 1 1 0
1  18 0 -0 1.1885758788334
2  35 4 0 -0 1.1885758788334
2  36 9 0 -0 1.1885758788334
0

0101000
+758 5 -763 5 *
Ve
1e-07
47.9958268420719 1.37492955984087 -38.4669563758306
0 0

0101101
*
Ed
 1e-07 1 1 0
1  19 0 4.94999999999999 6.95
2  37 4 0 4.94999999999999 6.95
2  38 14 0 4.94999999999999 6.95
0

0101000
+758 5 -756 5 *
Ed
 1e-07 1 1 0
1  20 0 -0 1.04123879644661
2  39 4 0 -0 1.04123879644661
2  40 5 0 -0 1.04123879644661
0

0101000
+756 5 -791 5 *
Wi

0101100
+790 0 +761 0 -757 0 +755 0 +754 0 *
Fa
0  1e-07 4 0

0111000
+753 0 *
Ve
1e-07
39.365925409968 2.51107763731013 -38.4669563758306
0 0

0101101
*
Ed
 1e-07 1 1 0
1  21 0 -4.46277818072592 4.24159033064617
2  41 5 0 -4.46277818072592 4.24159033064617
2  42 14 0 -4.46277818072592 4.24159033064617
0

0101000
+756 5 -751 5 *
Ve
1e-07
39.365925409968 2.51107763731013 -39.610665901566
0 0

0101101
*
Ed
 1e-07 1 1 0
1  22 0 -0 1.1437095257354
2  43 5 0 -0 1.1437095257354
2  44 15 0 -0 1.1437095257354
0

0101000
+751 5 -749 5 *
Ed
 1e-07 1 1 0
1  23 0 -10.7937065952434 -2.33734075287499
2  45 5 0 -10.7937065952434 -2.33734075287499
2  46 6 0 -10.7937065952434 -2.33734075287499
0

0101000
+749 5 -789 5 *
Wi

0101100
+788 0 -754 0 +750 0 +748 0 +747 0 *
Fa
0  1e-07 5 0

0111000
+746 0 *
Ve
0.000407340959605
46.270309633904 -13.1633277277426 -39.6476810919167
0 0

0101101
*
Ed
 2.7384962089e-05 1 1 0
1  24 0 5.19069496822896 5.37083661851832
2  47 6 0 5.19069496822896 5.37083661851832
2  48 8 0 5.19069496822896 5.37083661851832
4 G1 6 0 8 0
0

0101000
+744 5 -783 5 *
Ve
0.000407340959605
44.8894818334027 -13.5 -39.6402783167786
0 0

0101101
*
Ed
 0.000407340959605 1 1 0
1  25 0 4.71238898038469 5.19069496822894
2  49 6 0 4.71238898038469 5.19069496822894
2  50 16 0 4.71238898038469 5.19069496822894
4 G1 6 0 16 0
0

0101000
+742 5 -744 5 *
Ve
0.00434256934022
13.6292079382618 -13.5 -39.4726884273525
0 0

0101101
*
Ed
 1e-07 1 1 0
1  26 0 -0.016083341750743 31.2446397844066
2  51 6 0 -0.016083341750743 31.2446397844066
2  52 17 0 -0.016083341750743 31.2446397844066
4 G1 6 0 17 0
0

0101000
+740 5 -742 5 *
Ve
0.00434256934022
8.1306285762811 -15.375 -39.4432099170117
0 0

0101101
*
Ed
 0.00434256934022 1 1 0
1  27 0 4.71238898038469 5.36965313363021
2  53 6 0 4.71238898038469 5.36965313363021
2  54 18 0 4.71238898038469 5.36965313363021
4 G1 6 0 18 0
0

0101000
+740 5 -738 5 *
Ve
0.001447517879454
6.2977687889542 -16 -39.4333837468981
0 0

0101101
*
Ed
 0.001447517879454 1 1 0
1  28 0 1.5707963267949 2.22806048004041
2  55 6 0 1.5707963267949 2.22806048004041
2  56 19 0 1.5707963267949 2.22806048004041
4 G1 6 0 19 0
0

0101000
+736 5 -738 5 *
Ve
0.003389676899829
2.33359565599359 -16 -39.4121313631459
0 0

0101101
*
Ed
 1e-07 1 1 0
1  29 0 -45.4168844462546 -41.4526543454782
2  57 6 0 -45.4168844462546 -41.4526543454782
2  58 20 0 -45.4168844462546 -41.4526543454782
4 G1 6 0 20 0
0

0101000
+734 5 -736 5 *
Ve
0.003389676899829
-0.668748383807476 -13 -39.3960354547307
0 0

0101101
*
Ed
 0.003389676899829 1 1 0
1  30 0 3.14159265358979 4.71238898038469
2  59 6 0 3.14159265358979 4.71238898038469
2  60 21 0 3.14159265358979 4.71238898038469
4 G1 6 0 21 0
0

0101000
+732 5 -734 5 *
Ve
0.000711736983992
-0.668748383807476 -10.5 -39.3960354547307
0 0

0101101
*
Ed
 1e-07 1 1 0
1  31 0 3.5 6
2  61 6 0 3.5 6
2  62 22 0 3.5 6
4 G1 6 0 22 0
0

0101000
+732 5 -730 5 *
Ve
0.006909015507667
-3.55138529876478 -3.9007156030604 -39.3804350619174
0 0

0101101
*
Ed
 0.000711736983992 1 1 0
1  32 0 3.14159265358979 3.96468624561296
2  63 6 0 3.14159265358979 3.96468624561296
2  64 23 0 3.14159265358979 3.96468624561296
4 G1 6 0 23 0
0

0101000
+730 5 -728 5 *
Ve
0.00028836645425
-3.55139611731252 -4e-15 -39.3804368446136
0 0

0101101
*
Ed
 0.00028836645425 1 1 0
1  33 0 3.003890298e-06 1
2  65 6 0 3.003890298e-06 1
2  66 24 0 3.003890298e-06 1
0

0101000
+728 5 -726 5 *
Ve
1e-07
-3.55139112964573 1.5 -39.3805812785885
0 0

0101101
*
Ed
 1e-07 1 1 0
1  34 0 16.5 18
2  67 6 0 16.5 18
2  68 25 0 16.5 18
0

0101000
+726 5 -724 5 *
Ve
1e-07
2.45329694995639 7.5 -39.4127730954189
0 0

0101101
*
Ed
 1e-07 1 1 0
1  35 0 1.5707963267949 3.14159265358979
2  69 6 0 1.5707963267949 3.14159265358979
2  70 26 0 1.5707963267949 3.14159265358979
0

0101000
+722 5 -724 5 *
Ve
5.0945528775e-05
44.9055649440284 7.5 -39.6403645401668
0 0

0101101
*
Ed
 1e-07 1 1 0
1  36 0 -45.2971814321043 -2.84430337058492
2  71 6 0 -45.2971814321043 -2.84430337058492
2  72 27 0 -45.2971814321043 -2.84430337058492
0

0101000
+722 5 -720 5 *
Ve
0.007776053481713
46.6317552596629 7.2463263912007 -39.6496188430912
0 0

0101101
*
Ed
 5.0945528775e-05 1 1 0
1  37 0 1.27897357908831 1.5707963267949
2  73 6 0 1.27897357908831 1.5707963267949
2  74 28 0 1.27897357908831 1.5707963267949
0

0101000
+718 5 -720 5 *
Ve
1e-07
46.6317552596629 5.5 -39.6496188430912
0 0

0101101
*
Ed
 1e-07 1 1 0
1  38 0 0 1.7463263912007
2  75 6 0 0 1.7463263912007
2  76 29 0 0 1.7463263912007
0

0101000
+716 5 -718 5 *
Ve
0.006284857366858
47.3609150400253 5.5 -39.6535279517373
0 0

0101101
*
Ed
 1e-07 1 1 0
1  39 0 0.388917989567076 1.11808824844257
2  77 6 0 0.388917989567076 1.11808824844257
2  78 30 0 0.388917989567076 1.11808824844257
0

0101000
+714 5 -716 5 *
Ed
 0.000957113274471 1 1 0
1  40 0 0 0.001361301542889
2  79 6 0 0 0.001361301542889
2  80 7 0 0 0.001361301542889
0

0101000
+714 5 -787 5 *
Ve
1e-07
39.1048730255279 0.528187914562498 -39.6092663699947
0 0

0101101
*
Ed
 1e-07 1 1 0
1  41 0 -17.7540806254283 -15.7540801357562
2  81 6 0 -17.7540806254283 -15.7540801357562
2  82 15 0 -17.7540806254283 -15.7540801357562
0

0101000
+749 5 -711 5 *
Ve
0.0160621724593
39.3527342408714 0.495556366507494 -39.6105951822058
0 0

0101101
*
Ed
 1e-07 1 1 0
1  42 0 -10.793714033997 -10.5437105025381
2  83 6 0 -10.793714033997 -10.5437105025381
2  84 31 0 -10.793714033997 -10.5437105025381
0

0101000
+711 5 -709 5 *
Ve
0.0160621724593
38.981255647727 -10.0461416349964 -39.6086036431502
0 0

0101101
*
Ed
 0.0160621724593 1 1 0
1  43 0 5.21422049089623 7.28170133200087
2  85 6 0 5.21422049089623 7.28170133200087
2  86 32 0 5.21422049089623 7.28170133200087
0

0101000
+709 5 -707 5 *
Ed
 1e-07 1 1 0
1  44 0 3.16863961308698 9.53606816446716
2  87 6 0 3.16863961308698 9.53606816446716
2  88 13 0 3.16863961308698 9.53606816446716
0

0101000
+769 5 -707 5 *
Wi

0101100
+767 0 -781 0 -743 0 -741 0 -739 0 +737 0 -735 0 -733 0 -731 0 +729 0 
+727 0 +725 0 +723 0 -721 0 +719 0 -717 0 -715 0 -713 0 +712 0 -786 0 
-747 0 +710 0 +708 0 +706 0 -705 0 *
Fa
0  1e-07 6 0

0111000
-704 0 *
Ve
0.006284857366858
49.7180870228185 5.5 -36.0951430907695
0 0

0101101
*
Ed
 0.006284857366858 1 1 0
1  45 0 0 0.004382873485231
2  89 7 0 0 0.004382873485231
2  90 30 0 0 0.004382873485231
0

0101000
+702 5 -714 5 *
Ve
0.004068579958393
48.5050088749017 -15.3513389095972 -36.6511595644184
0 0

0101101
*
Ed
 0.004068579958393 1 1 0
1  46 0 2.24084165807677 4.15856758308858
2  91 7 0 2.24084165807677 4.15856758308858
2  92 33 0 2.24084165807677 4.15856758308858
0

0101000
+702 5 -700 5 *
Ed
 0.002415033634622 1 1 0
1  47 0 0 0.003951079212116
2  93 7 0 0 0.003951079212116
2  94 8 0 0 0.003951079212116
0

0101000
+785 5 -700 5 *
Wi

0101100
-701 0 +699 0 -698 0 +784 0 -712 0 *
Fa
0  1e-07 7 0

0111000
+697 0 *
Ve
0.000814681419419
47.6672205450311 -15.8266554554852 -36.647724203301
0 0

0101101
*
Ed
 3.3853066214e-05 1 1 0
1  48 0 1.01697492949879 1.09249033895062
2  95 8 0 1.01697492949879 1.09249033895062
2  96 33 0 1.01697492949879 1.09249033895062
0

0101000
+700 5 -695 5 *
Ed
 1e-07 1 1 0
1  49 0 4.7099214216283 6.28318530717959
2  97 8 0 4.7099214216283 6.28318530717959
2  98 16 0 4.7099214216283 6.28318530717959
4 G1 8 0 16 0
0

0101000
+744 5 -695 5 *
Wi

0101100
+698 0 +694 0 -693 0 +743 0 -782 0 *
Fa
0  1e-07 8 0

0111000
+692 0 *
Ed
 1e-07 1 1 0
1  50 0 -4.46277818072582 -4.21277818072588
2  99 9 0 -4.46277818072582 -4.21277818072588
2  100 14 0 -4.46277818072582 -4.21277818072588
0

0101000
+758 5 -777 5 *
Wi

0101100
+776 0 -690 0 +757 0 -762 0 *
Fa
0  1e-07 9 0

0111000
-689 0 *
Ve
1e-07
36.8657843639702 0.822969529176132 -27.4669563758306
0 0

0101101
*
Ve
1e-07
36.8657843639702 0.822969529176135 -17.2169563758186
0 0

0101101
*
Ed
 1e-07 1 1 0
1  51 0 -10.5 -0.249999999987999
2  101 10 0 -10.5 -0.249999999987999
2  102 34 0 -10.5 -0.249999999987999
0

0101000
+687 5 -686 5 *
Ve
1e-07
39.3527342408714 0.495556366507497 -27.4669563758306
0 0

0101101
*
Ed
 1e-07 1 1 0
1  52 0 -6.50000000000001 -3.99159033064623
2  103 10 0 -6.50000000000001 -3.99159033064623
2  104 35 0 -6.50000000000001 -3.99159033064623
0

0101000
+687 5 -684 5 *
Ve
1e-07
39.3527342408714 0.495556366507495 -38.4669563758306
0 0

0101101
*
Ed
 1e-07 1 1 0
1  53 0 4.50000000000001 15.5
2  105 10 0 4.50000000000001 15.5
2  106 32 0 4.50000000000001 15.5
0

0101000
+682 5 -684 5 *
Ed
 1e-07 1 1 0
1  54 0 4.28722181927409 12.4915903306462
2  107 10 0 4.28722181927409 12.4915903306462
2  108 14 0 4.28722181927409 12.4915903306462
0

0101000
+777 5 -682 5 *
Ve
1e-07
49.7545675618298 -0.873870969684147 -27.4669563758306
0 0

0101101
*
Ed
 1e-07 1 1 0
1  55 0 4.21277818072588 6.5
2  109 10 0 4.21277818072588 6.5
2  110 11 0 4.21277818072588 6.5
0

0101000
+775 5 -679 5 *
Ve
1e-07
49.7545675618298 -0.873870969684143 -17.2169563758186
0 0

0101101
*
Ed
 1e-07 1 1 0
1  56 0 -10 0.250000000012001
2  111 10 0 -10 0.250000000012001
2  112 36 0 -10 0.250000000012001
0

0101000
+679 5 -677 5 *
Ed
 1e-07 1 1 0
1  57 0 11.0457273271127 24.0457273271127
2  113 10 0 11.0457273271127 24.0457273271127
2  114 37 0 11.0457273271127 24.0457273271127
0

0101000
+686 5 -677 5 *
Wi

0101100
-685 0 +683 0 -681 0 -680 0 +774 0 +678 0 +676 0 -675 0 *
Fa
0  1e-07 10 0

0111000
+674 0 *
Ed
 1e-07 1 1 0
1  58 0 5.55000000000001 10.5
2  115 11 0 5.55000000000001 10.5
2  116 36 0 5.55000000000001 10.5
0

0101000
+773 5 -679 5 *
Wi

0101100
+772 0 +672 0 -678 0 *
Fa
0  1e-07 11 0

0111000
+671 0 *
Ve
1e-07
48.3840425435195 -11.2840420141092 -27.4669563758306
0 0

0101101
*
Ed
 1e-07 1 1 0
1  59 0 9.88341543414338 12.9999999999999
2  117 12 0 9.88341543414338 12.9999999999999
2  118 13 0 9.88341543414338 12.9999999999999
0

0101000
+771 5 -669 5 *
Ed
 1e-07 1 1 0
1  60 0 0 5.55000000000001
2  119 12 0 0 5.55000000000001
2  120 36 0 0 5.55000000000001
0

0101000
+669 5 -773 5 *
Wi

0101100
+770 0 +668 0 +667 0 *
Fa
0  1e-07 12 0

0111000
+666 0 *
Ve
1e-07
46.5433321794295 -11.0417078973418 -18.92022793142
0 0

0101101
*
Ve
1e-07
44.4785694926711 -10.7698767327049 -18.9202279314201
0 0

0101101
*
Ed
 1e-07 1 1 0
1  61 0 -1.01337100101726 1.06920844157253
2  121 13 0 -1.01337100101726 1.06920844157253
2  122 38 0 -1.01337100101726 1.06920844157253
0

0101000
+664 5 -663 5 *
Ve
1e-07
44.4785694926712 -10.7698767327049 -21.0202279314202
0 0

0101101
*
Ed
 1e-07 1 1 0
1  62 0 -2.1 1.03e-13
2  123 13 0 -2.1 1.03e-13
2  124 39 0 -2.1 1.03e-13
0

0101000
+661 5 -663 5 *
Ve
1e-07
46.5433321794297 -11.0417078973418 -21.02022793142
0 0

0101101
*
Ed
 1e-07 1 1 0
1  63 0 -1.01337100101737 1.06920844157253
2  125 13 0 -1.01337100101737 1.06920844157253
2  126 40 0 -1.01337100101737 1.06920844157253
0

0101000
+659 5 -661 5 *
Ed
 1e-07 1 1 0
1  64 0 -9.6e-14 2.0999999999999
2  127 13 0 -9.6e-14 2.0999999999999
2  128 41 0 -9.6e-14 2.0999999999999
0

0101000
+664 5 -659 5 *
Wi

0101100
+662 0 -660 0 -658 0 -657 0 *
Ve
1e-07
38.981255647727 -10.0461416349964 -27.4669563758306
0 0

0101101
*
Ed
 1e-07 1 1 0
1  65 0 3.35835273268041 15.5
2  129 13 0 3.35835273268041 15.5
2  130 32 0 3.35835273268041 15.5
0

0101000
+707 5 -655 5 *
Ve
1e-07
35.49525934566 -9.58720151524892 -27.4669563758306
0 0

0101101
*
Ed
 1e-07 1 1 0
1  66 0 0 3.51607682674009
2  131 13 0 0 3.51607682674009
2  132 42 0 0 3.51607682674009
0

0101000
+653 5 -655 5 *
Ve
1e-07
35.49525934566 -9.58720151524892 -17.2169563758186
0 0

0101101
*
Ed
 1e-07 1 1 0
1  67 0 -0.250000000012001 10
2  133 13 0 -0.250000000012001 10
2  134 34 0 -0.250000000012001 10
0

0101000
+651 5 -653 5 *
Ve
1e-07
48.3840425435195 -11.2840420141092 -17.2169563758186
0 0

0101101
*
Ed
 1e-07 1 1 0
1  68 0 -24.0457273271126 -11.0457273271127
2  135 13 0 -24.0457273271126 -11.0457273271127
2  136 37 0 -24.0457273271126 -11.0457273271127
0

0101000
+649 5 -651 5 *
Ed
 1e-07 1 1 0
1  69 0 -0.250000000012001 10
2  137 13 0 -0.250000000012001 10
2  138 36 0 -0.250000000012001 10
0

0101000
+649 5 -669 5 *
Wi

0101100
+705 0 +654 0 -652 0 -650 0 -648 0 +647 0 -668 0 -768 0 *
Fa
0  1e-07 13 0

0111000
+656 0 +646 0 *
Ve
1e-07
39.1048730255279 0.528187914562499 -38.4669563758306
0 0

0101101
*
Ed
 1e-07 1 1 0
1  70 0 4.95 6.95000000000001
2  139 14 0 4.95 6.95000000000001
2  140 15 0 4.95 6.95000000000001
0

0101000
+644 5 -751 5 *
Ed
 1e-07 1 1 0
1  71 0 3.99159033064623 4.24159033064628
2  141 14 0 3.99159033064623 4.24159033064628
2  142 31 0 3.99159033064623 4.24159033064628
0

0101000
+682 5 -644 5 *
Wi

0101100
+643 0 -750 0 -755 0 +690 0 +680 0 +642 0 *
Fa
0  1e-07 14 0

0111000
-641 0 *
Ed
 1e-07 1 1 0
1  72 0 -0 1.1423099941641
2  143 15 0 -0 1.1423099941641
2  144 31 0 -0 1.1423099941641
0

0101000
+644 5 -711 5 *
Wi

0101100
-748 0 -643 0 +639 0 -710 0 *
Fa
0  1e-07 15 0

0111000
-638 0 *
Ve
0.000814681419419
44.9055649440284 -16.5 -36.6403214281629
0 0

0101101
*
Ed
 0.000814681419419 1 1 0
1  73 0 1.09249033895063 1.5707963267949
2  145 16 0 1.09249033895063 1.5707963267949
2  146 43 0 1.09249033895063 1.5707963267949
0

0101000
+695 5 -636 5 *
Ed
 1e-07 1 1 0
1  74 0 0 1.5707963267949
2  147 16 0 0 1.5707963267949
2  148 17 0 0 1.5707963267949
4 G1 16 0 17 0
0

0101000
+742 5 -636 5 *
Wi

0101100
+693 0 +635 0 -634 0 +741 0 *
Fa
0  1e-07 16 0

0111000
+633 0 *
Ve
0.002895051642966
13.6452910488875 -16.5 -36.4727315387369
0 0

0101101
*
Ed
 1e-07 1 1 0
1  75 0 -31.276806467908 -0.016083341750743
2  149 17 0 -31.276806467908 -0.016083341750743
2  150 44 0 -31.276806467908 -0.016083341750743
4 G1 17 0 44 0
0

0101000
+631 5 -636 5 *
Ed
 1e-07 1 1 0
1  76 0 0 1.5707963267949
2  151 17 0 0 1.5707963267949
2  152 18 0 0 1.5707963267949
4 G1 17 0 18 0
0

0101000
+740 5 -631 5 *
Wi

0101100
+634 0 -630 0 -629 0 +739 0 *
Fa
0  1e-07 17 0

0111000
+628 0 *
Ve
0.002895051642966
9.97957147423372 -17.75 -36.4432530283961
0 0

0101101
*
Ed
 0.002895051642966 1 1 0
1  77 0 0.913532173549382 1.5707963267949
2  153 18 0 0.913532173549382 1.5707963267949
2  154 45 0 0.913532173549382 1.5707963267949
0

0101000
+626 5 -631 5 *
Ed
 1e-07 1 1 0
1  78 0 4.70911363155941 6.28318530717959
2  155 18 0 4.70911363155941 6.28318530717959
2  156 19 0 4.70911363155941 6.28318530717959
4 G1 18 0 19 0
0

0101000
+738 5 -626 5 *
Wi

0101100
+629 0 -625 0 -624 0 -737 0 *
Fa
0  1e-07 18 0

0111000
+623 0 *
Ve
0.002895032501144
6.31385189957993 -19 -36.4334268582824
0 0

0101101
*
Ed
 0.002895032501144 1 1 0
1  79 0 4.05512482713917 4.71238898038469
2  157 19 0 4.05512482713917 4.71238898038469
2  158 46 0 4.05512482713917 4.71238898038469
0

0101000
+626 5 -621 5 *
Ed
 1e-07 1 1 0
1  80 0 0 1.5707963267949
2  159 19 0 0 1.5707963267949
2  160 20 0 0 1.5707963267949
4 G1 19 0 20 0
0

0101000
+736 5 -621 5 *
Wi

0101100
+624 0 +620 0 -619 0 +735 0 *
Fa
0  1e-07 19 0

0111000
+618 0 *
Ve
0.02517320054963
2.34967876661931 -19 -36.4121744745302
0 0

0101101
*
Ed
 1e-07 1 1 0
1  81 0 2.54485201071687 6.50908211149331
2  161 20 0 2.54485201071687 6.50908211149331
2  162 47 0 2.54485201071687 6.50908211149331
4 G1 20 0 47 0
0

0101000
+616 5 -621 5 *
Ed
 1e-07 1 1 0
1  82 0 0 1.5707963267949
2  163 20 0 0 1.5707963267949
2  164 21 0 0 1.5707963267949
0

0101000
+734 5 -616 5 *
Wi

0101100
+619 0 -615 0 -614 0 +733 0 *
Fa
0  1e-07 20 0

0111000
+613 0 *
Ve
0.02517320054963
-3.65087813066024 -13 -36.4996143630681
0 0

0101101
*
Ed
 0.02517320054963 1 1 0
1  83 0 1.5707963267949 3.14159265358979
2  165 21 0 1.5707963267949 3.14159265358979
2  166 48 0 1.5707963267949 3.14159265358979
0

0101000
+616 5 -611 5 *
Ed
 1e-07 1 1 0
1  84 0 4.71775004294027 6.24866652014609
2  167 21 0 4.71775004294027 6.24866652014609
2  168 22 0 4.71775004294027 6.24866652014609
4 G1 21 0 22 0
0

0101000
+732 5 -611 5 *
Wi

0101100
+614 0 +610 0 -609 0 +731 0 *
Fa
0  1e-07 21 0

0111000
+608 0 *
Ve
0.000476298736491
-3.65087813066024 -10.5 -36.4996143630681
0 0

0101101
*
Ed
 1e-07 1 1 0
1  85 0 3.5 6
2  169 22 0 3.5 6
2  170 49 0 3.5 6
4 G1 22 0 49 0
0

0101000
+611 5 -606 5 *
Ed
 1e-07 1 1 0
1  86 0 4.71775004294027 6.24866652014609
2  171 22 0 4.71775004294027 6.24866652014609
2  172 23 0 4.71775004294027 6.24866652014609
4 G1 22 0 23 0
0

0101000
+730 5 -606 5 *
Wi

0101100
+609 0 +605 0 -604 0 -729 0 *
Fa
0  1e-07 22 0

0111000
+603 0 *
Ve
0.00502792181612
-5.54505396993212 -6.12742971786116 -36.4517546363821
0 0

0101101
*
Ed
 0.000476298736491 1 1 0
1  87 0 2.32508077871685 3.14159265358979
2  173 23 0 2.32508077871685 3.14159265358979
2  174 50 0 2.32508077871685 3.14159265358979
0

0101000
+601 5 -606 5 *
Ve
0.012277175722218
-3.57169952328531 -3.96277070733648 -39.3798867719632
0 0

0101101
*
Ed
 0.00432710930778 1 1 0
1  88 0 0 0.004546475830734
2  175 23 0 0 0.004546475830734
2  176 51 0 0 0.004546475830734
0

0101000
+599 5 -601 5 *
Ed
 0.006909015507667 1 1 0
1  89 0 0 1
2  177 23 0 0 1
2  178 24 0 0 1
0

0101000
+728 5 -599 5 *
Wi

0101100
+604 0 -600 0 -598 0 -597 0 -727 0 *
Fa
0  1e-07 23 0

0111000
+596 0 *
Ve
0.012277175722218
-9.87552786907907 -1.5 -39.0552466802616
0 0

0101101
*
Ed
 0.012277175722218 1 1 0
1  90 0 4e-15 1
2  179 24 0 4e-15 1
2  180 51 0 4e-15 1
0

0101000
+599 5 -594 5 *
Ve
0.010428580402699
-36.4610758463818 -1.49999975000004 -35.2379900706339
0 0

0101101
*
Ed
 0.010428580402699 1 1 0
1  91 0 1e-15 1
2  181 24 0 1e-15 1
2  182 52 0 1e-15 1
4 G1 24 0 52 0
0

0101000
+594 5 -592 5 *
Ve
0.000225990408031
-36.4610758463818 -2.4999996e-07 -35.2379900706339
0 0

0101101
*
Ed
 0.000225990408031 1 1 0
1  92 0 1.66666639e-07 0.99999983333336
2  183 24 0 1.66666639e-07 0.99999983333336
2  184 53 0 1.66666639e-07 0.99999983333336
0

0101000
+590 5 -592 5 *
Ed
 1e-07 1 1 0
1  93 0 4.49587725776452 4.67847323497173
2  185 24 0 4.49587725776452 4.67847323497173
2  186 54 0 4.49587725776452 4.67847323497173
0

0101000
+590 5 -726 5 *
Wi

0101100
+593 0 +591 0 -589 0 +588 0 -725 0 +597 0 *
Fa
0  1e-07 24 0

0111000
+587 0 *
Ve
1.50000014210855e-07
43.9578095226921 -79.6075731329177 30
0 0

0101101
*
Ve
1.50000015888219e-07
42.4706422306313 -79.4117838445877 30
0 0

0101101
*
Ed
 1.5e-07 1 1 0
1  94 0 2.79358534185489 4.29358534185489
2  187 25 3 2.79358534185489 4.29358534185489
2  188 55 0 2.79358534185489 4.29358534185489
0

0101000
+585 0 -584 0 *
Ed
 1e-07 1 1 0
1  95 0 -27.3720544477863 0
2  189 25 0 -27.3720544477863 0
2  190 26 0 -27.3720544477863 0
4 G1 25 0 26 0
0

0101000
+584 6 -724 5 *
Ed
 1e-07 1 1 0
1  96 0 11.8625018900607 39.2344118177794
2  191 25 0 11.8625018900607 39.2344118177794
2  192 54 0 11.8625018900607 39.2344118177794
0

0101000
+585 6 -726 5 *
Wi

0101100
-583 0 -582 3 +723 3 +581 3 *
Fa
0  1e-07 25 3

0101000
+580 0 *
Ve
1.50000007105427e-07
35.7383490931629 -84.5808416783439 30
0 0

0101101
*
Ed
 1e-07 1 1 0
1  97 0 12.0696969129782 39.4739623661477
2  193 26 0 12.0696969129782 39.4739623661477
2  194 27 0 12.0696969129782 39.4739623661477
4 G1 26 0 27 0
0

0101000
+578 6 -722 5 *
Ed
 1e-07 1 1 0
1  98 0 3.14159265358976 4.71238898038465
2  195 26 3 3.14159265358976 4.71238898038465
2  196 55 0 3.14159265358976 4.71238898038465
0

0101000
+584 0 -578 0 *
Wi

0101100
-582 3 +721 3 +577 3 +576 0 *
Fa
0  1e-07 26 3

0101000
+575 0 *
Ve
1e-07
44.9055649440284 7.5 -17.2169563758186
0 0

0101101
*
Ed
 1e-07 1 1 0
1  99 0 17.2169563758186 39.6403645401668
2  197 27 0 17.2169563758186 39.6403645401668
2  198 28 0 17.2169563758186 39.6403645401668
4 G1 27 0 28 0
0

0101000
+573 5 -720 5 *
Ve
1.5e-07
32.7719424690837 -107.112936993214 30
0 0

0101101
*
Ed
 1.5e-07 1 1 0
1  100 0 -27.4195763810537 -4.69305250392362
2  199 27 3 -27.4195763810537 -4.69305250392362
2  200 55 0 -27.4195763810537 -4.69305250392362
0

0101000
+578 0 -571 0 *
Ve
1e-07
24.2340466725511 7.5 -17.2169563758186
0 0

0101101
*
Ed
 1e-07 1 1 0
1  101 0 12.024832751602 17.2169563758186
2  201 27 0 12.024832751602 17.2169563758186
2  202 56 0 12.024832751602 17.2169563758186
4 G1 27 0 56 0
0

0101000
+571 6 -569 5 *
Ed
 1e-07 1 1 0
1  102 0 0 20.6715182714773
2  203 27 0 0 20.6715182714773
2  204 37 0 0 20.6715182714773
0

0101000
+573 5 -569 5 *
Wi

0101100
-572 3 +719 3 +577 3 -570 0 -568 3 +567 3 *
Fa
0  1e-07 27 3

0101000
+566 0 *
Ve
1e-07
47.6672205450311 6.82665545548519 -17.2169563758186
0 0

0101101
*
Ed
 1e-07 1 1 0
1  103 0 2.66328666574553 3.14159265358979
2  205 28 0 2.66328666574553 3.14159265358979
2  206 37 0 2.66328666574553 3.14159265358979
0

0101000
+564 5 -573 5 *
Ve
0.000170597077212
47.6672205450311 6.82665545548519 -24.6996492837338
0 0

0101101
*
Ed
 1e-07 1 1 0
1  104 0 24.0930551257675 31.5757480336827
2  207 28 0 24.0930551257675 31.5757480336827
2  208 33 0 24.0930551257675 31.5757480336827
4 G1 28 0 33 0
0

0101000
+564 5 -562 5 *
Ve
4.5800858649e-05
46.7105648912991 7.22206039730033 -24.6945205437949
0 0

0101101
*
Ed
 4.5800858649e-05 1 1 0
1  105 0 1.09249033895063 1.26522999115719
2  209 28 0 1.09249033895063 1.26522999115719
2  210 57 0 1.09249033895063 1.26522999115719
0

0101000
+562 5 -560 5 *
Ve
0.007776053481713
46.7105648912991 7.22206039730033 -24.9493843661832
0 0

0101101
*
Ed
 1e-07 1 1 0
1  106 0 -0.254863822388302 0
2  211 28 0 -0.254863822388302 0
2  212 58 0 -0.254863822388302 0
0

0101000
+560 5 -558 5 *
Ed
 0.007776053481713 1 1 0
1  107 0 4.40682264474699 4.4205662326781
2  213 28 0 4.40682264474699 4.4205662326781
2  214 29 0 4.40682264474699 4.4205662326781
0

0101000
+558 5 -718 5 *
Wi

0101100
-572 0 -563 0 +561 0 +559 0 +557 0 +556 0 +717 0 *
Fa
0  1e-07 28 0

0111000
+555 0 *
Ve
1e-07
46.7105648912991 5.5 -24.9493843661832
0 0

0101101
*
Ed
 1e-07 1 1 0
1  108 0 0 1.72206039730033
2  215 29 0 0 1.72206039730033
2  216 58 0 0 1.72206039730033
4 C1 29 0 58 0
0

0101000
+553 5 -558 5 *
Ed
 1e-07 1 1 0
1  109 0 0 14.7004457290966
2  217 29 0 0 14.7004457290966
2  218 30 0 0 14.7004457290966
0

0101000
+716 5 -553 5 *
Wi

0101100
+715 0 -556 0 -552 0 -551 0 *
Fa
0  1e-07 29 0

0111000
-550 0 *
Ve
0.000170597077212
49.7180870228185 5.5 -24.7106442125496
0 0

0101101
*
Ed
 1e-07 1 1 0
1  110 0 31.5867429624985 42.9712418407184
2  219 30 0 31.5867429624985 42.9712418407184
2  220 33 0 31.5867429624985 42.9712418407184
0

0101000
+548 5 -702 5 *
Ve
1e-07
46.7105648912991 5.5 -24.6945205437949
0 0

0101101
*
Ed
 1e-07 1 1 0
1  111 0 0 0.254863822388302
2  221 30 0 0 0.254863822388302
2  222 58 0 0 0.254863822388302
0

0101000
+553 5 -546 5 *
Ed
 1e-07 1 1 0
1  112 0 0 3.00756535162133
2  223 30 0 0 3.00756535162133
2  224 57 0 0 3.00756535162133
0

0101000
+546 5 -548 5 *
Wi

0101100
+547 0 +701 0 +713 0 +551 0 +545 0 +544 0 *
Fa
0  1e-07 30 0

0111000
+543 0 *
Ed
 1e-07 1 1 0
1  113 0 3.35636119362481 4.50000000000001
2  225 31 0 3.35636119362481 4.50000000000001
2  226 32 0 3.35636119362481 4.50000000000001
0

0101000
+709 5 -682 5 *
Wi

0101100
-639 0 -642 0 -541 0 -708 0 *
Fa
0  1e-07 31 0

0111000
-540 0 *
Ve
1e-07
36.2196797124811 -4.08468253462425 -27.4669563758306
0 0

0101101
*
Ed
 1e-07 1 1 0
1  114 0 5.15376958845877 6.28318530717959
2  227 32 0 5.15376958845877 6.28318530717959
2  228 42 0 5.15376958845877 6.28318530717959
0

0101000
+655 5 -538 5 *
Ed
 1e-07 1 1 0
1  115 0 0 0.938065122383824
2  229 32 0 0 0.938065122383824
2  230 35 0 0 0.938065122383824
0

0101000
+538 5 -684 5 *
Wi

0101100
+654 0 +537 0 +536 0 -681 0 -541 0 +706 0 *
Fa
0  1e-07 32 0

0111000
+535 0 *
Ve
1e-07
47.6672205450311 -15.8266554554852 -17.2169563758186
0 0

0101101
*
Ed
 1e-07 1 1 0
1  116 0 24.0930551257675 43.52382295325
2  231 33 0 24.0930551257675 43.52382295325
2  232 43 0 24.0930551257675 43.52382295325
4 G1 33 0 43 0
0

0101000
+533 5 -695 5 *
Ed
 0.000170597077212 1 1 0
1  117 0 0.900750995513021 1.09249033895062
2  233 33 0 0.900750995513021 1.09249033895062
2  234 57 0 0.900750995513021 1.09249033895062
0

0101000
+548 5 -562 5 *
Ed
 1e-07 1 1 0
1  118 0 0.478305987844274 2.66328666574552
2  235 33 0 0.478305987844274 2.66328666574552
2  236 37 0 0.478305987844274 2.66328666574552
0

0101000
+533 5 -564 5 *
Wi

0101100
+532 0 -694 0 -699 0 -547 0 +531 0 -561 0 -530 0 *
Fa
0  1e-07 33 0

0111000
+529 0 *
Ed
 1e-07 1 1 0
1  119 0 -12.8748725771771 -2.37487257717706
2  237 34 0 -12.8748725771771 -2.37487257717706
2  238 37 0 -12.8748725771771 -2.37487257717706
0

0101000
+686 5 -651 5 *
Ed
 1e-07 1 1 0
1  120 0 0 5.55
2  239 34 0 0 5.55
2  240 42 0 0 5.55
0

0101000
+653 5 -538 5 *
Ed
 1e-07 1 1 0
1  121 0 5.55 10.5
2  241 34 0 5.55 10.5
2  242 35 0 5.55 10.5
0

0101000
+538 5 -687 5 *
Wi

0101100
+527 0 +650 0 +526 0 +525 0 +685 0 *
Fa
0  1e-07 34 0

0111000
-524 0 *
Wi

0101100
-525 0 +536 0 -683 0 *
Fa
0  1e-07 35 0

0111000
+522 0 *
Ed
 1e-07 1 1 0
1  122 0 -12.874872577177 -2.37487257717697
2  243 36 0 -12.874872577177 -2.37487257717697
2  244 37 0 -12.874872577177 -2.37487257717697
0

0101000
+677 5 -649 5 *
Wi

0101100
-676 0 -672 0 -667 0 -647 0 -520 0 *
Fa
0  1e-07 36 0

0111000
+519 0 *
Wi

0101100
-527 0 +675 0 +520 0 +648 0 *
Ve
1e-05
36.4605857453277 4.15808634863781 -17.2169563758187
0 0

0101101
*
Ve
1e-07
37.7105857453277 2.90808634863781 -17.2169563758186
0 0

0101101
*
Ed
 1e-07 1 1 0
1  123 0 0 4.71238898038466
2  245 37 0 0 4.71238898038466
2  246 59 0 0 4.71238898038466
0

0101000
-516 5 +515 5 *
Ed
 1e-07 1 1 0
1  124 0 4.71238898038466 6.28318530717959
2  247 37 0 4.71238898038466 6.28318530717959
2  248 59 0 4.71238898038466 6.28318530717959
0

0101000
-515 5 +516 5 *
Wi

0101100
-514 0 -513 0 *
Ve
1e-05
44.0255381419344 -12.907822878517 -17.2169563758187
0 0

0101101
*
Ve
1e-07
45.2755381419343 -14.157822878517 -17.2169563758186
0 0

0101101
*
Ed
 1e-07 1 1 0
1  125 0 0 4.71238898038473
2  249 37 0 0 4.71238898038473
2  250 60 0 0 4.71238898038473
0

0101000
-511 5 +510 5 *
Ed
 1e-07 1 1 0
1  126 0 4.71238898038473 6.28318530717959
2  251 37 0 4.71238898038473 6.28318530717959
2  252 60 0 4.71238898038473 6.28318530717959
0

0101000
-510 5 +511 5 *
Wi

0101100
-509 0 -508 0 *
Ve
1e-07
30.2340466725511 -10.5 -17.2169563758186
0 0

0101101
*
Ve
1e-07
24.2340466725511 -16.5 -17.2169563758186
0 0

0101101
*
Ed
 1e-07 1 1 0
1  127 0 4.71238898038469 6.28318530717959
2  253 37 0 4.71238898038469 6.28318530717959
2  254 61 0 4.71238898038469 6.28318530717959
0

0101000
+506 5 -505 5 *
Ve
1e-07
44.9055649440284 -16.5 -17.2169563758186
0 0

0101101
*
Ed
 1e-07 1 1 0
1  128 0 0 20.6715182714773
2  255 37 0 0 20.6715182714773
2  256 44 0 0 20.6715182714773
0

0101000
+505 5 -503 5 *
Ed
 1e-07 1 1 0
1  129 0 0 0.478305987844267
2  257 37 0 0 0.478305987844267
2  258 43 0 0 0.478305987844267
0

0101000
+503 5 -533 5 *
Ve
1e-07
30.2340466725511 1.5 -17.2169563758186
0 0

0101101
*
Ed
 1e-07 1 1 0
1  130 0 3.14159265358979 4.71238898038469
2  259 37 0 3.14159265358979 4.71238898038469
2  260 56 0 3.14159265358979 4.71238898038469
0

0101000
+569 5 -500 5 *
Ed
 1e-07 1 1 0
1  131 0 0 12
2  261 37 0 0 12
2  262 62 0 0 12
0

0101000
+500 5 -506 5 *
Wi

0101100
+504 0 +502 0 +501 0 +530 0 +563 0 +567 0 +499 0 +498 0 *
Fa
0  1e-07 37 0

0111000
+517 0 +512 0 +507 0 +497 0 *
Ve
1e-05
44.0255381419344 -12.907822878517 -18.9202279314202
0 0

0101101
*
Ed
 1e-07 1 1 0
1  132 0 0 6.28318530717959
2  263 38 0 0 6.28318530717959
2  264 60 0 0 6.28318530717959
0

0101000
+495 5 -495 5 *
Wi

0101100
+494 0 *
Ve
1e-07
47.5255381407624 -11.608784773517 -18.92022793142
0 0

0101101
*
Ed
 1e-07 1 1 0
1  133 0 0 1.13415375235041
2  265 38 0 0 1.13415375235041
2  266 41 0 0 1.13415375235041
0

0101000
+492 5 -664 5 *
Ve
1e-07
47.5255381407624 -14.206860983517 -18.92022793142
0 0

0101101
*
Ed
 1e-07 1 1 0
1  134 0 0 2.59807621
2  267 38 0 0 2.59807621
2  268 63 0 0 2.59807621
0

0101000
+490 5 -492 5 *
Ve
1e-07
45.2755381419344 -15.505899088517 -18.9202279314201
0 0

0101101
*
Ed
 1e-07 1 1 0
1  135 0 0 2.59807621000001
2  269 38 0 0 2.59807621000001
2  270 64 0 0 2.59807621000001
0

0101000
+488 5 -490 5 *
Ve
1e-07
43.0255381431064 -14.206860983517 -18.9202279314203
0 0

0101101
*
Ed
 1e-07 1 1 0
1  136 0 0 2.59807621000001
2  271 38 0 0 2.59807621000001
2  272 65 0 0 2.59807621000001
0

0101000
+486 5 -488 5 *
Ve
1e-07
43.0255381431064 -11.608784773517 -18.9202279314203
0 0

0101101
*
Ed
 1e-07 1 1 0
1  137 0 -0 2.59807621
2  273 38 0 -0 2.59807621
2  274 66 0 -0 2.59807621
0

0101000
+484 5 -486 5 *
Ed
 1e-07 1 1 0
1  138 0 0.920260128375736 2.59807621000001
2  275 38 0 0.920260128375736 2.59807621000001
2  276 39 0 0.920260128375736 2.59807621000001
0

0101000
+663 5 -484 5 *
Wi

0101100
-662 0 -491 0 -489 0 -487 0 -485 0 -483 0 -482 0 *
Fa
0  1e-07 38 0

0111000
-493 0 -481 0 *
Ve
1e-07
43.0255381431066 -11.608784773517 -21.0202279314202
0 0

0101101
*
Ed
 1e-07 1 1 0
1  139 0 0.920260128375823 2.59807621
2  277 39 0 0.920260128375823 2.59807621
2  278 40 0 0.920260128375823 2.59807621
0

0101000
+661 5 -479 5 *
Ed
 1e-07 1 1 0
1  140 0 0 2.0999999999999
2  279 39 0 0 2.0999999999999
2  280 66 0 0 2.0999999999999
0

0101000
+484 5 -479 5 *
Wi

0101100
-478 0 +660 0 +482 0 +477 0 *
Fa
0  1e-07 39 0

0111000
+476 0 *
Ve
1e-05
44.0255381419346 -12.907822878517 -21.0202279314202
0 0

0101101
*
Ed
 1e-07 1 1 0
1  141 0 0 6.28318530717959
2  281 40 0 0 6.28318530717959
2  282 67 0 0 6.28318530717959
0

0101000
-474 5 +474 5 *
Wi

0101100
-473 0 *
Ve
1e-07
47.5255381407625 -11.608784773517 -21.02022793142
0 0

0101101
*
Ed
 1e-07 1 1 0
1  142 0 0 1.13415375235032
2  283 40 0 0 1.13415375235032
2  284 41 0 0 1.13415375235032
0

0101000
+471 5 -659 5 *
Ve
1e-07
43.0255381431066 -14.206860983517 -21.0202279314203
0 0

0101101
*
Ed
 1e-07 1 1 0
1  143 0 -0 2.59807621
2  285 40 0 -0 2.59807621
2  286 66 0 -0 2.59807621
0

0101000
+479 5 -469 5 *
Ve
1e-07
45.2755381419346 -15.505899088517 -21.0202279314201
0 0

0101101
*
Ed
 1e-07 1 1 0
1  144 0 0 2.59807621
2  287 40 0 0 2.59807621
2  288 65 0 0 2.59807621
0

0101000
+469 5 -467 5 *
Ve
1e-07
47.5255381407625 -14.206860983517 -21.02022793142
0 0

0101101
*
Ed
 1e-07 1 1 0
1  145 0 0 2.59807620999992
2  289 40 0 0 2.59807620999992
2  290 64 0 0 2.59807620999992
0

0101000
+467 5 -465 5 *
Ed
 1e-07 1 1 0
1  146 0 0 2.59807621
2  291 40 0 0 2.59807621
2  292 63 0 0 2.59807621
0

0101000
+465 5 -471 5 *
Wi

0101100
+470 0 +658 0 +478 0 +468 0 +466 0 +464 0 +463 0 *
Fa
0  1e-07 40 0

0111000
+472 0 +462 0 *
Ed
 1e-07 1 1 0
1  147 0 0 2.1
2  293 41 0 0 2.1
2  294 63 0 0 2.1
0

0101000
+492 5 -471 5 *
Wi

0101100
+491 0 +657 0 -470 0 -460 0 *
Fa
0  1e-07 41 0

0111000
+459 0 *
Wi

0101100
+537 0 -526 0 +652 0 *
Fa
0  1e-07 42 0

0111000
+457 0 *
Ed
 1e-07 1 1 0
1  148 0 -18.8715920523443 0.551772999999997
2  295 43 0 -18.8715920523443 0.551772999999997
2  296 44 0 -18.8715920523443 0.551772999999997
4 G1 43 0 44 0
0

0101000
+636 5 -503 5 *
Wi

0101100
-455 0 -635 0 -532 0 -501 0 *
Fa
0  1e-07 43 0

0111000
+454 0 *
Ve
1.50000014210855e-07
57.9487290939604 -99.74739825507 30
0 0

0101101
*
Ed
 1e-07 1 1 0
1  149 0 -27.4347640560873 -2.9868652689531
2  297 44 0 -27.4347640560873 -2.9868652689531
2  298 45 0 -27.4347640560873 -2.9868652689531
4 G1 44 0 45 0
0

0101000
+452 6 -631 5 *
Ve
1.50000007105427e-07
56.5666191420553 -110.245565606494 30
0 0

0101101
*
Ed
 1.5e-07 1 1 0
1  150 0 -15.2818081275872 -4.69305250392364
2  299 44 3 -15.2818081275872 -4.69305250392364
2  300 55 0 -15.2818081275872 -4.69305250392364
0

0101000
+452 0 -450 0 *
Ed
 1e-07 1 1 0
1  151 0 4.27140853473898 9.46353215895554
2  301 44 0 4.27140853473898 9.46353215895554
2  302 61 0 4.27140853473898 9.46353215895554
4 G1 44 0 61 0
0

0101000
+450 6 -505 5 *
Wi

0101100
+630 3 +451 3 -449 0 -448 3 -502 3 +455 3 *
Ve
1e-07
14.9541389104893 -16.5 -30.3675128085027
0 0

0101101
*
Ve
1e-07
14.9541389104862 -16.5 -35.3875128085027
0 0

0101101
*
Ed
 1e-07 1 1 0
1  152 0 30.3675128084936 35.3875128084936
2  303 44 0 30.3675128084936 35.3875128084936
2  304 68 0 30.3675128084936 35.3875128084936
0

0101000
+446 5 -445 5 *
Ve
1e-07
27.9665238176033 -16.5 -30.3675128085106
0 0

0101101
*
Ed
 1e-07 1 1 0
1  153 0 14.9541389105078 27.9665238176218
2  305 44 0 14.9541389105078 27.9665238176218
2  306 69 0 14.9541389105078 27.9665238176218
0

0101000
+446 5 -443 5 *
Ve
1e-07
27.9665238176002 -16.5 -35.3875128085106
0 0

0101101
*
Ed
 1e-07 1 1 0
1  154 0 -27.9665238176218 -14.9541389105078
2  307 44 0 -27.9665238176218 -14.9541389105078
2  308 70 0 -27.9665238176218 -14.9541389105078
0

0101000
+441 5 -445 5 *
Ed
 1e-07 1 1 0
1  155 0 30.3675128084935 35.3875128084935
2  309 44 0 30.3675128084935 35.3875128084935
2  310 71 0 30.3675128084935 35.3875128084935
0

0101000
+443 5 -441 5 *
Wi

0101100
-444 3 +442 3 +440 3 +439 3 *
Fa
0  1e-07 44 3

0101000
+447 0 +438 0 *
Ve
1.00000227928111e-07
59.6665075885036 -96.2761971598171 30
0 0

0101101
*
Ed
 1e-07 1 1 0
1  156 0 -36.4432530283961 -12.024832751603
2  311 45 0 -36.4432530283961 -12.024832751603
2  312 46 0 -36.4432530283961 -12.024832751603
4 C1 45 0 46 0
0

0101000
+626 5 -436 6 *
Ed
 1e-07 1 1 0
1  157 0 3.14159265358979 3.79885680683531
2  313 45 3 3.14159265358979 3.79885680683531
2  314 55 0 3.14159265358979 3.79885680683531
0

0101000
+452 0 -436 0 *
Wi

0101100
+435 3 -625 3 +451 3 -434 0 *
Fa
0  1e-07 45 3

0101000
+433 0 *
Ve
1.5e-07
61.3842860830469 -92.8049960645642 30
0 0

0101101
*
Ed
 1e-07 1 1 0
1  158 0 -36.4334268582824 -12.0248327516032
2  315 46 0 -36.4334268582824 -12.0248327516032
2  316 47 0 -36.4334268582824 -12.0248327516032
4 G1 46 0 47 0
0

0101000
+621 5 -431 6 *
Ed
 1e-07 1 1 0
1  159 0 -1.77635683940025e-15 0.657264153245515
2  317 46 3 -1.77635683940025e-15 0.657264153245515
2  318 55 0 -1.77635683940025e-15 0.657264153245515
0

0101000
+431 0 -436 0 *
Wi

0101100
-620 3 -430 3 -429 0 +435 3 *
Fa
0  1e-07 46 3

0101000
+428 0 *
Ve
1e-07
1.99042346702742 -19 -26.0087788369572
0 0

0101101
*
Ed
 1e-07 1 1 0
1  160 0 26.0619783987374 36.4715751806573
2  319 47 0 26.0619783987374 36.4715751806573
2  320 48 0 26.0619783987374 36.4715751806573
4 G1 47 0 48 0
0

0101000
+426 5 -616 5 *
Ve
1.50000007105427e-07
62.011637919569 -88.0397857721745 30
0 0

0101101
*
Ed
 1.5e-07 1 1 0
1  161 0 22.6132472768948 27.4195763810537
2  321 47 3 22.6132472768948 27.4195763810537
2  322 55 0 22.6132472768948 27.4195763810537
0

0101000
+431 0 -424 0 *
Ve
1e-07
1.98885652895776 -19 -25.9634030924747
0 0

0101101
*
Ed
 1e-07 1 1 0
1  162 0 12.0696969129783 26.0165756071684
2  323 47 0 12.0696969129783 26.0165756071684
2  324 72 0 12.0696969129783 26.0165756071684
4 G1 47 0 72 0
0

0101000
+424 6 -422 5 *
Ve
1e-07
1.99042346702745 -19 -25.9634030924747
0 0

0101101
*
Ed
 1e-07 1 1 0
1  163 0 -1.99042346704329 -1.9888565289736
2  325 47 0 -1.99042346704329 -1.9888565289736
2  326 73 0 -1.99042346704329 -1.9888565289736
0

0101000
+420 5 -422 5 *
Ed
 1e-07 1 1 0
1  164 0 -26.0087788369558 -25.9634030924733
2  327 47 0 -26.0087788369558 -25.9634030924733
2  328 74 0 -26.0087788369558 -25.9634030924733
0

0101000
+426 5 -420 5 *
Wi

0101100
-425 3 -615 3 -430 3 -423 0 -421 3 +419 3 +418 3 *
Fa
0  1e-07 47 3

0101000
+417 0 *
Ve
1e-07
1.99550038984313 -18.997686312974 -30.9834030924747
0 0

0101101
*
Ed
 1e-07 1 1 0
1  165 0 2.6864399027689 2.71421180547542
2  329 48 0 2.6864399027689 2.71421180547542
2  330 74 0 2.6864399027689 2.71421180547542
0

0101000
+415 5 -426 5 *
Ve
1e-07
-3.84136671743217 -13 -30.9834030924709
0 0

0101101
*
Ed
 1e-07 1 1 0
1  166 0 3.14159265359079 4.68461707767917
2  331 48 0 3.14159265359079 4.68461707767917
2  332 75 0 3.14159265359079 4.68461707767917
0

0101000
+413 5 -415 5 *
Ed
 1e-07 1 1 0
1  167 0 -8.40218348591134 -2.88268417133996
2  333 48 0 -8.40218348591134 -2.88268417133996
2  334 49 0 -8.40218348591134 -2.88268417133996
4 G1 48 0 49 0
0

0101000
+413 5 -611 5 *
Wi

0101100
-425 0 -414 0 -412 0 +411 0 -610 0 *
Fa
0  1e-07 48 0

0111000
+410 0 *
Ve
0.005941552919671
-3.84136671743217 -10.5 -30.9834030924708
0 0

0101101
*
Ed
 1e-07 1 1 0
1  168 0 -6.0000000000003 -3.5000000000003
2  335 49 0 -6.0000000000003 -3.5000000000003
2  336 75 0 -6.0000000000003 -3.5000000000003
0

0101000
+408 5 -413 5 *
Ed
 1e-07 1 1 0
1  169 0 -8.40218348591144 -2.88268417133996
2  337 49 0 -8.40218348591144 -2.88268417133996
2  338 50 0 -8.40218348591144 -2.88268417133996
4 G1 49 0 50 0
0

0101000
+408 5 -606 5 *
Wi

0101100
-407 0 +406 0 -605 0 -411 0 *
Fa
0  1e-07 49 0

0111000
-405 0 *
Ve
0.005662345021975
-4.68048389201034 -7.75378532762985 -25.9634030924702
0 0

0101101
*
Ve
0.005662345021975
-4.01471988660685 -10.5 -25.9634030924707
0 0

0101101
*
Ed
 0.005662345021975 1 1 0
1  170 0 2.66618329845088 3.1415926535888
2  339 50 0 2.66618329845088 3.1415926535888
2  340 73 0 2.66618329845088 3.1415926535888
0

0101000
+403 5 -402 5 *
Ve
1.50000028421709e-07
54.3679805671171 -80.9780981512279 30
0 0

0101101
*
Ed
 1e-07 1 1 0
1  171 0 -27.3720544477863 -13.4251757536005
2  341 50 0 -27.3720544477863 -13.4251757536005
2  342 76 0 -27.3720544477863 -13.4251757536005
4 G1 50 0 76 0
0

0101000
+400 6 -402 5 *
Ve
1.50000014210855e-07
49.2029353680998 -74.2427260108314 30
0 0

0101101
*
Ed
 1e-07 1 1 0
1  172 0 1.57079632679486 3.14159265358976
2  343 50 3 1.57079632679486 3.14159265358976
2  344 55 0 1.57079632679486 3.14159265358976
0

0101000
+398 0 -400 0 *
Ve
0.00502792181612
-9.66955521444941 -4.5 -36.0623258217114
0 0

0101101
*
Ed
 1e-07 1 1 0
1  173 0 8.37305351270902 32.4248745935407
2  345 50 0 8.37305351270902 32.4248745935407
2  346 77 0 8.37305351270902 32.4248745935407
4 G1 50 0 77 0
0

0101000
+398 6 -396 5 *
Ed
 0.00502792181612 1 1 0
1  174 0 0 0.004534922146463
2  347 50 0 0 0.004534922146463
2  348 51 0 0 0.004534922146463
0

0101000
+396 5 -601 5 *
Ve
0.005941552919671
-4.54048131849418 -7.68998247903473 -30.9834030924703
0 0

0101101
*
Ed
 0.005941552919671 1 1 0
1  175 0 3.14159265359079 3.6289994657377
2  349 50 0 3.14159265359079 3.6289994657377
2  350 75 0 3.14159265359079 3.6289994657377
0

0101000
+408 5 -393 5 *
Ed
 0.000407289708841 1 1 0
1  176 0 1.61882483381844 1.63082229082744
2  351 50 0 1.61882483381844 1.63082229082744
2  352 78 0 1.61882483381844 1.63082229082744
0

0101000
+403 5 -393 5 *
Wi

0101100
-401 3 +399 3 +397 0 -395 3 -394 3 -600 3 +406 3 -392 3 +391 3 *
Fa
0  1e-07 50 3

0101000
+390 0 *
Ed
 1e-07 1 1 0
1  177 0 0 1.5707963267949
2  353 51 0 0 1.5707963267949
2  354 52 0 0 1.5707963267949
0

0101000
+594 5 -396 5 *
Wi

0101100
+598 0 -394 0 -388 0 -593 0 *
Fa
0  1e-07 51 0

0111000
+387 0 *
Ve
0.004106678121662
-57.7746025250275 -4.5 -27.4826024749333
0 0

0101101
*
Ed
 0.000549279171399 1 1 0
1  178 0 0 0.023365667849287
2  355 52 0 0 0.023365667849287
2  356 53 0 0 0.023365667849287
0

0101000
+592 5 -385 5 *
Ed
 0.004106678121662 1 1 0
1  179 0 0 0.048925516373084
2  357 52 0 0 0.048925516373084
2  358 77 0 0 0.048925516373084
4 G1 52 0 77 0
0

0101000
+385 5 -396 5 *
Wi

0101100
-384 0 -591 0 +388 0 -383 0 *
Fa
0  1e-07 52 0

0111000
+382 0 *
Ve
1e-07
-64.6042106928872 -4.5 -24.5
0 0

0101101
*
Ed
 1e-07 1 1 0
1  180 0 4.28511634888696 4.31615638419715
2  359 53 0 4.28511634888696 4.31615638419715
2  360 77 0 4.28511634888696 4.31615638419715
0

0101000
+380 5 -385 5 *
Ve
1e-07
-64.6042106928872 -1e-15 -24.5
0 0

0101101
*
Ed
 1e-07 1 1 0
1  181 0 1e-15 4.5
2  361 53 0 1e-15 4.5
2  362 79 0 1e-15 4.5
0

0101000
+378 5 -380 5 *
Ed
 1e-07 1 1 0
1  182 0 4.28511634888696 4.41065411224925
2  363 53 0 4.28511634888696 4.41065411224925
2  364 54 0 4.28511634888696 4.41065411224925
0

0101000
+378 5 -590 5 *
Wi

0101100
+589 0 +384 0 -379 0 -377 0 +376 0 *
Fa
0  1e-07 53 0

0111000
+375 0 *
Ve
1.50000014321447e-07
53.0429476071413 -10.5990981632703 30
0 0

0101101
*
Ed
 1.5e-07 1 1 0
1  183 0 33.4231527966181 103.027099176475
2  365 54 3 33.4231527966181 103.027099176475
2  366 55 0 33.4231527966181 103.027099176475
0

0101000
+585 0 -373 0 *
Ve
1e-07
-74.1 0 -18.8234660211905
0 0

0101101
*
Ed
 1e-07 1 1 0
1  184 0 33.0248327516072 39.8234660211894
2  367 54 0 33.0248327516072 39.8234660211894
2  368 80 0 33.0248327516072 39.8234660211894
0

0101000
+373 6 -371 5 *
Ed
 1e-07 1 1 0
1  185 0 4.93210482366177 5.57026612024984
2  369 54 0 4.93210482366177 5.57026612024984
2  370 79 0 4.93210482366177 5.57026612024984
0

0101000
+378 5 -371 5 *
Wi

0101100
-372 0 -370 3 +369 3 -376 3 -588 3 +581 3 *
Fa
0  1e-07 54 3

0101000
+368 0 *
Ve
1.50000014321447e-07
57.5044494833234 -11.1864660282604 30
0 0

0101101
*
Ed
 1.5e-07 1 1 0
1  186 0 -8.95641465814515 -4.45641465814515
2  371 80 3 -8.95641465814515 -4.45641465814515
2  372 55 0 -8.95641465814515 -4.45641465814515
0

0101000
+366 0 -373 0 *
Ed
 1.5e-07 1 1 0
1  187 0 39.4267292121826 103.027099176475
2  373 77 3 39.4267292121826 103.027099176475
2  374 55 0 39.4267292121826 103.027099176475
0

0101000
+398 0 -366 0 *
Ve
1.50000029296428e-07
56.8465927205517 -81.304413631778 30
0 0

0101101
*
Ed
 1.5e-07 1 1 0
1  188 0 -10.2064146581451 -7.70641465814511
2  375 76 3 -10.2064146581451 -7.70641465814511
2  376 55 0 -10.2064146581451 -7.70641465814511
0

0101000
+363 0 -400 0 *
Ed
 1e-07 1 1 0
1  189 0 1.57079632679486 3.14159265358975
2  377 72 3 1.57079632679486 3.14159265358975
2  378 55 0 1.57079632679486 3.14159265358975
0

0101000
+424 0 -363 0 *
Ve
1.50000015888219e-07
49.8347928204923 -115.411077621417 30
0 0

0101101
*
Ed
 1e-07 1 1 0
1  190 0 -3.5527136788005e-15 1.5707963267949
2  379 61 3 -3.5527136788005e-15 1.5707963267949
2  380 55 0 -3.5527136788005e-15 1.5707963267949
0

0101000
+450 0 -360 0 *
Ve
1.50000020097183e-07
37.9374544840065 -113.844763314777 30
0 0

0101101
*
Ed
 1.5e-07 1 1 0
1  191 0 -5.05514720013187 6.94485279986813
2  381 62 3 -5.05514720013187 6.94485279986813
2  382 55 0 -5.05514720013187 6.94485279986813
0

0101000
+358 0 -360 0 *
Ed
 1e-07 1 1 0
1  192 0 -3.5527136788005e-15 1.5707963267949
2  383 56 3 -3.5527136788005e-15 1.5707963267949
2  384 55 0 -3.5527136788005e-15 1.5707963267949
0

0101000
+571 0 -358 0 *
Wi

0101100
-372 0 +365 0 +364 0 -397 0 +362 0 +361 0 +423 0 -429 0 +434 0 -449 0 
-359 0 +357 0 +356 0 +570 0 +576 0 +583 0 *
Ve
1.50000072461426e-07
50.315079696762 -113.441795315613 30
0 0

0101101
*
Ve
1.50006270337346e-07
51.4481043526895 -100.491264240438 30
0 0

0101101
*
Ed
 1.5e-07 1 1 0
1  193 0 6.83174863574072 19.831748635747
2  385 81 3 6.83174863574072 19.831748635747
2  386 55 0 6.83174863574072 19.831748635747
0

0101000
+354 0 -353 0 *
Ve
1.50000014210855e-07
40.9880600227408 -99.5761289414196 30
0 0

0101101
*
Ed
 1.5e-07 1 1 0
1  194 0 -16.702024059956 -6.202024059956
2  387 82 3 -16.702024059956 -6.202024059956
2  388 55 0 -16.702024059956 -6.202024059956
0

0101000
+353 0 -351 0 *
Ve
1.5e-07
39.8550353668133 -112.526660016594 30
0 0

0101101
*
Ed
 1.5e-07 1 1 0
1  195 0 -27.3317486357406 -14.3317486357406
2  389 83 3 -27.3317486357406 -14.3317486357406
2  390 55 0 -27.3317486357406 -14.3317486357406
0

0101000
+351 0 -349 0 *
Ed
 1.5e-07 1 1 0
1  196 0 -16.702024059956 -6.202024059956
2  391 84 3 -16.702024059956 -6.202024059956
2  392 55 0 -16.702024059956 -6.202024059956
0

0101000
+354 0 -349 0 *
Wi

0101100
-352 0 -350 0 -348 0 +347 0 *
Ve
1.61993048471976e-07
59.5487559474426 -87.6255497342402 30
0 0

0101101
*
Ve
1.6300813996388e-07
53.1300534586082 -95.9960725052447 30
0 0

0101101
*
Ed
 1e-07 1 1 0
1  197 0 2.20352753120597 4.2710083723106
2  393 85 3 2.20352753120597 4.2710083723106
2  394 55 0 2.20352753120597 4.2710083723106
0

0101000
+345 0 -344 0 *
Ve
1.70257882884008e-07
52.5910568512104 -83.2778968091917 30
0 0

0101101
*
Ed
 1.5e-07 1 1 0
1  198 0 -8.57552313209826 -0.371154620726174
2  395 86 3 -8.57552313209826 -0.371154620726174
2  396 55 0 -8.57552313209826 -0.371154620726174
0

0101000
+345 0 -342 0 *
Ve
1.69422403761247e-07
47.7302440750185 -92.6218971152827 30
0 0

0101101
*
Ed
 1e-07 1 1 0
1  199 0 5.2598552092669 7.14886885378182
2  397 87 3 5.2598552092669 7.14886885378182
2  398 55 0 5.2598552092669 7.14886885378182
0

0101000
+340 0 -342 0 *
Ed
 1.5e-07 1 1 0
1  200 0 -7.56785596413459 -1.20051735673124
2  399 88 3 -7.56785596413459 -1.20051735673124
2  400 55 0 -7.56785596413459 -1.20051735673124
0

0101000
+344 0 -340 0 *
Wi

0101100
+343 0 -341 0 +339 0 +338 0 *
Fa
0  1e-07 55 0

0101000
+355 0 +346 0 +337 0 *
Ed
 1e-07 1 1 0
1  201 0 -5.74389662421697 -0.551772999999997
2  401 56 0 -5.74389662421697 -0.551772999999997
2  402 62 0 -5.74389662421697 -0.551772999999997
4 G1 56 0 62 0
0

0101000
+358 6 -500 5 *
Wi

0101100
-499 3 +335 3 +356 0 -568 3 *
Fa
0  1e-07 56 3

0101000
+334 0 *
Ed
 1e-07 1 1 0
1  202 0 0 1.72206039730033
2  403 57 0 0 1.72206039730033
2  404 58 0 0 1.72206039730033
0

0101000
+546 5 -560 5 *
Wi

0101100
+332 0 -559 0 -531 0 -544 0 *
Fa
0  1e-07 57 0

0111000
-331 0 *
Wi

0101100
+552 0 -557 0 -332 0 -545 0 *
Fa
0  1e-07 58 0

0111000
-329 0 *
Ve
1e-05
36.4605857453278 4.15808634863781 -18.9202279314206
0 0

0101101
*
Ed
 1e-05 1 1 0
1  203 0 2.5467284443876 4.2499999999895
3  405 406CN 59 0 2.5467284443876 4.2499999999895
0

0101000
-516 5 +327 5 *
Ed
 1e-07 1 1 0
1  204 0 0 6.28318530717959
2  407 59 0 0 6.28318530717959
2  408 89 0 0 6.28318530717959
0

0101000
+327 5 -327 5 *
Wi

0101100
-513 0 -326 0 +325 0 +326 0 -514 0 *
Fa
0  1e-07 59 0

0111000
+324 0 *
Ed
 1e-05 1 1 0
1  205 0 2.5467284443877 4.2499999999892
3  409 410CN 60 0 2.5467284443877 4.2499999999892
0

0101000
-511 5 +495 5 *
Wi

0101100
-508 0 -322 0 +494 0 +322 0 -509 0 *
Fa
0  1e-07 60 0

0111000
+321 0 *
Ed
 1e-07 1 1 0
1  206 0 -5.74389662421695 -0.551772999999997
2  411 61 0 -5.74389662421695 -0.551772999999997
2  412 62 0 -5.74389662421695 -0.551772999999997
4 G1 61 0 62 0
0

0101000
+360 6 -506 5 *
Wi

0101100
-504 3 +448 3 -359 0 -319 3 *
Fa
0  1e-07 61 3

0101000
+318 0 *
Wi

0101100
-319 3 +498 3 +335 3 -357 0 *
Fa
0  1e-07 62 3

0101000
+316 0 *
Ed
 1e-07 1 1 0
1  207 0 0 2.1
2  413 63 0 0 2.1
2  414 64 0 0 2.1
0

0101000
+490 5 -465 5 *
Wi

0101100
-463 0 -314 0 +489 0 +460 0 *
Fa
0  1e-07 63 0

0111000
+313 0 *
Ed
 1e-07 1 1 0
1  208 0 0 2.1
2  415 64 0 0 2.1
2  416 65 0 0 2.1
0

0101000
+488 5 -467 5 *
Wi

0101100
-464 0 -311 0 +487 0 +314 0 *
Fa
0  1e-07 64 0

0111000
+310 0 *
Ed
 1e-07 1 1 0
1  209 0 0 2.1
2  417 65 0 0 2.1
2  418 66 0 0 2.1
0

0101000
+486 5 -469 5 *
Wi

0101100
-466 0 -308 0 +485 0 +311 0 *
Fa
0  1e-07 65 0

0111000
+307 0 *
Wi

0101100
-468 0 -477 0 +483 0 +308 0 *
Fa
0  1e-07 66 0

0111000
+305 0 *
Ve
1e-07
46.3580698966651 -13.532822878517 -21.4669563758077
0 0

0101101
*
Ve
1e-05
44.0255381419346 -12.907822878517 -21.4669563758079
0 0

0101101
*
Ed
 1e-07 1 1 0
1  210 0 2.61799387799149 6.28318530717959
2  419 67 0 2.61799387799149 6.28318530717959
2  420 90 0 2.61799387799149 6.28318530717959
0

0101000
-303 5 +302 5 *
Ed
 1e-05 1 1 0
1  211 0 0 0.446728444387702
3  421 422CN 67 0 0 0.446728444387702
0

0101000
+302 5 -474 5 *
Ed
 1e-07 1 1 0
1  212 0 0 2.61799387799149
2  423 67 0 0 2.61799387799149
2  424 90 0 0 2.61799387799149
0

0101000
-302 5 +303 5 *
Wi

0101100
-301 0 +300 0 -473 0 -300 0 -299 0 *
Fa
0  1e-07 67 0

0111000
+298 0 *
Ve
1e-07
15.4472109195254 -5.20679430230494 -35.3875128085026
0 0

0101101
*
Ed
 1e-07 1 1 0
1  213 0 -11.3039645672016 0
2  425 68 0 -11.3039645672016 0
2  426 70 0 -11.3039645672016 0
0

0101000
+445 5 -296 5 *
Ve
1e-07
15.4472109195284 -5.20679430230516 -30.3675128085026
0 0

0101101
*
Ed
 1e-07 1 1 0
1  214 0 0 5.02
2  427 68 0 0 5.02
2  428 91 0 0 5.02
4 G1 68 0 91 0
0

0101000
+294 5 -296 5 *
Ed
 1e-07 1 1 0
1  215 0 -11.3039645672014 0
2  429 68 0 -11.3039645672014 0
2  430 69 0 -11.3039645672014 0
0

0101000
+446 5 -294 5 *
Wi

0101100
+444 0 +295 0 -293 0 -292 0 *
Fa
0  1e-07 68 0

0111000
-291 0 *
Ve
1e-07
17.5163398430602 -10.2518502136274 -30.367512808504
0 0

0101101
*
Ed
 1e-07 1 1 0
1  216 0 2.27590910698756 3.14159265358979
2  431 69 0 2.27590910698756 3.14159265358979
2  432 91 0 2.27590910698756 3.14159265358979
0

0101000
+289 5 -294 5 *
Ve
1e-07
17.2665777876646 -10.2409453667901 -30.3675128085039
0 0

0101101
*
Ed
 1e-07 1 1 0
1  217 0 -4.46277818072585 -4.21277818072588
2  433 69 0 -4.46277818072585 -4.21277818072588
2  434 92 0 -4.46277818072585 -4.21277818072588
0

0101000
+287 5 -289 5 *
Ve
1e-07
17.179339012966 -12.2390418099552 -30.3675128085039
0 0

0101101
*
Ed
 1e-07 1 1 0
1  218 0 4.94999999999997 6.94999999999995
2  435 69 0 4.94999999999997 6.94999999999995
2  436 93 0 4.94999999999997 6.94999999999995
0

0101000
+287 5 -285 5 *
Ve
1e-07
25.8754228942515 -12.6187210316836 -30.3675128085092
0 0

0101101
*
Ed
 1e-07 1 1 0
1  219 0 -4.46277818072594 4.24159033064614
2  437 69 0 -4.46277818072594 4.24159033064614
2  438 94 0 -4.46277818072594 4.24159033064614
0

0101000
+285 5 -283 5 *
Ve
1e-07
25.9626616689501 -10.6206245885184 -30.3675128085092
0 0

0101101
*
Ed
 1e-07 1 1 0
1  220 0 4.94999999999996 6.95000000000004
2  439 69 0 4.94999999999996 6.95000000000004
2  440 95 0 4.94999999999996 6.95000000000004
0

0101000
+281 5 -283 5 *
Ve
1e-07
25.7128996135544 -10.6097197416811 -30.367512808509
0 0

0101101
*
Ed
 1e-07 1 1 0
1  221 0 3.99159033064617 4.24159033064623
2  441 69 0 3.99159033064617 4.24159033064623
2  442 96 0 3.99159033064617 4.24159033064623
0

0101000
+279 5 -281 5 *
Ve
1e-07
28.4348378001017 -5.77384633784565 -30.3675128085105
0 0

0101101
*
Ed
 1e-07 1 1 0
1  222 0 0 0.938065122383816
2  443 69 0 0 0.938065122383816
2  444 97 0 0 0.938065122383816
0

0101000
+277 5 -279 5 *
Ed
 1e-07 1 1 0
1  223 0 -10.7363723096002 0
2  445 69 0 -10.7363723096002 0
2  446 71 0 -10.7363723096002 0
0

0101000
+443 5 -277 5 *
Wi

0101100
+292 0 -288 0 -286 0 +284 0 +282 0 -280 0 -278 0 -276 0 -275 0 -442 0 
*
Fa
0  1e-07 69 0

0111000
+274 0 *
Ve
1e-05
26.6511382396371 -5.40569205450181 -35.3875128085094
0 0

0101101
*
Ed
 1e-07 1 1 0
1  224 0 0 6.28318530717959
2  447 70 0 0 6.28318530717959
2  448 98 0 0 6.28318530717959
0

0101000
+272 5 -272 5 *
Wi

0101100
+271 0 *
Ve
1e-07
28.4348378000987 -5.77384633784548 -35.3875128085105
0 0

0101101
*
Ed
 1e-07 1 1 0
1  225 0 -10.96 -0.223627690399563
2  449 71 0 -10.96 -0.223627690399563
2  450 70 0 -10.96 -0.223627690399563
0

0101000
+269 5 -441 5 *
Ve
1e-07
25.1641950991848 -0.075759591006906 -35.3875128085083
0 0

0101101
*
Ed
 1e-07 1 1 0
1  226 0 2.01217693486899 3.14159265358979
2  451 70 0 2.01217693486899 3.14159265358979
2  452 97 0 2.01217693486899 3.14159265358979
0

0101000
+267 5 -269 5 *
Ve
1e-07
18.8029167872445 0.201979818093369 -35.3875128085044
0 0

0101101
*
Ed
 1e-07 1 1 0
1  227 0 0 6.36733860740336
2  453 70 0 0 6.36733860740336
2  454 83 0 0 6.36733860740336
0

0101000
+265 5 -267 5 *
Ed
 1e-07 1 1 0
1  228 0 0 1.02333009791268
2  455 70 0 0 1.02333009791268
2  456 91 0 0 1.02333009791268
0

0101000
+296 5 -265 5 *
Wi

0101100
-268 0 -266 0 -264 0 -263 0 -295 0 -440 0 *
Fa
0  1e-07 70 0

0111000
+270 0 +262 0 *
Ed
 1e-07 1 1 0
1  229 0 0 5.02
2  457 71 0 0 5.02
2  458 97 0 0 5.02
4 G1 71 0 97 0
0

0101000
+277 5 -269 5 *
Wi

0101100
+275 0 +260 0 +268 0 -439 0 *
Fa
0  1e-07 71 0

0111000
+259 0 *
Ve
1e-07
-4.01471988660685 -13 -25.9634030924708
0 0

0101101
*
Ed
 1e-07 1 1 0
1  230 0 1.5707963267939 3.1415926535888
2  459 72 0 1.5707963267939 3.1415926535888
2  460 73 0 1.5707963267939 3.1415926535888
0

0101000
+422 5 -257 5 *
Ed
 1e-07 1 1 0
1  231 0 -27.3720544477863 -13.4251757536004
2  461 72 0 -27.3720544477863 -13.4251757536004
2  462 76 0 -27.3720544477863 -13.4251757536004
4 G1 72 0 76 0
0

0101000
+363 6 -257 5 *
Wi

0101100
+361 0 -421 3 -256 3 +255 3 *
Fa
0  1e-07 72 3

0101000
+254 0 *
Ed
 1e-07 1 1 0
1  232 0 3.5000000000005 6.0000000000005
2  463 73 0 3.5000000000005 6.0000000000005
2  464 76 0 3.5000000000005 6.0000000000005
0

0101000
+257 5 -402 5 *
Ve
1e-07
1.57181788591085 -4.9044472499134 -25.963403092474
0 0

0101101
*
Ed
 1e-07 1 1 0
1  233 0 -6.87095371861297 0
2  465 73 0 -6.87095371861297 0
2  466 78 0 -6.87095371861297 0
0

0101000
+403 5 -251 5 *
Ve
1e-07
-1.98399497201657 -9.03846207450723 -25.9634030924719
0 0

0101101
*
Ed
 1e-07 1 1 0
1  234 0 2.27590910698755 3.14159265358979
2  467 73 0 2.27590910698755 3.14159265358979
2  468 87 0 2.27590910698755 3.14159265358979
0

0101000
+249 5 -251 5 *
Ve
1e-07
-2.08766828268077 -8.81097175678816 -25.9634030924719
0 0

0101101
*
Ed
 1e-07 1 1 0
1  235 0 -4.46277818072585 -4.21277818072585
2  469 73 0 -4.46277818072585 -4.21277818072585
2  470 99 0 -4.46277818072585 -4.21277818072585
0

0101000
+247 5 -249 5 *
Ve
1e-07
-3.90759082443334 -9.64035824210177 -25.9634030924708
0 0

0101101
*
Ed
 1e-07 1 1 0
1  236 0 4.94999999999999 6.94999999999999
2  471 73 0 4.94999999999999 6.94999999999999
2  472 100 0 4.94999999999999 6.94999999999999
0

0101000
+247 5 -245 5 *
Ve
1e-07
-0.297948021172659 -17.5609964748854 -25.9634030924733
0 0

0101101
*
Ed
 1e-07 1 1 0
1  237 0 -4.46277818072584 4.24159033064622
2  473 73 0 -4.46277818072584 4.24159033064622
2  474 101 0 -4.46277818072584 4.24159033064622
0

0101000
+245 5 -243 5 *
Ve
1e-07
1.52197452057991 -16.7316099895718 -25.9634030924743
0 0

0101101
*
Ed
 1e-07 1 1 0
1  238 0 4.95 6.94999999999999
2  475 73 0 4.95 6.94999999999999
2  476 102 0 4.95 6.94999999999999
0

0101000
+241 5 -243 5 *
Ve
1e-07
1.41830120991571 -16.5041196718527 -25.9634030924743
0 0

0101101
*
Ed
 1e-07 1 1 0
1  239 0 3.99159033064619 4.24159033064622
2  477 73 0 3.99159033064619 4.24159033064622
2  478 103 0 3.99159033064619 4.24159033064622
0

0101000
+239 5 -241 5 *
Ve
1e-07
6.96283004044933 -16.7339437713051 -25.9634030924777
0 0

0101101
*
Ed
 1e-07 1 1 0
1  240 0 0 0.938065122383821
2  479 73 0 0 0.938065122383821
2  480 85 0 0 0.938065122383821
0

0101000
+237 5 -239 5 *
Ed
 1e-07 1 1 0
1  241 0 -5.46441561038471 0
2  481 74 0 -5.46441561038471 0
2  482 73 0 -5.46441561038471 0
0

0101000
+420 5 -237 5 *
Wi

0101100
+419 0 +256 0 +252 0 -401 0 +250 0 -248 0 -246 0 +244 0 +242 0 -240 0 
-238 0 -236 0 -235 0 *
Fa
0  1e-07 73 0

0111000
+234 0 *
Ve
1e-07
6.96283004044626 -16.7339437713049 -30.9834030924777
0 0

0101101
*
Ed
 1e-07 1 1 0
1  242 0 0 5.02
2  483 74 0 0 5.02
2  484 85 0 0 5.02
4 G1 74 0 85 0
0

0101000
+237 5 -232 5 *
Ed
 1e-07 1 1 0
1  243 0 -10.96 -5.50116366313081
2  485 74 0 -10.96 -5.50116366313081
2  486 75 0 -10.96 -5.50116366313081
0

0101000
+232 5 -415 5 *
Wi

0101100
+418 0 +235 0 +231 0 +230 0 +414 0 *
Fa
0  1e-07 74 0

0111000
+229 0 *
Ve
1e-05
6.48107525400135 -14.9775172786579 -30.9834030924773
0 0

0101101
*
Ed
 1e-07 1 1 0
1  244 0 0 6.28318530717959
2  487 75 0 0 6.28318530717959
2  488 104 0 0 6.28318530717959
0

0101000
+227 5 -227 5 *
Wi

0101100
+226 0 *
Ve
1e-07
10.5550217930983 -11.2329025368006 -30.9834030924797
0 0

0101101
*
Ed
 1e-07 1 1 0
1  245 0 2.01217693486899 3.14159265358979
2  489 75 0 2.01217693486899 3.14159265358979
2  490 85 0 2.01217693486899 3.14159265358979
0

0101000
+224 5 -232 5 *
Ve
1e-07
7.91452949890038 -5.4388710055082 -30.9834030924778
0 0

0101101
*
Ed
 1e-07 1 1 0
1  246 0 0 6.36733860740334
2  491 75 0 0 6.36733860740334
2  492 88 0 0 6.36733860740334
0

0101000
+222 5 -224 5 *
Ve
1e-07
1.57181788590783 -4.90444724991321 -30.983403092474
0 0

0101101
*
Ed
 1e-07 1 1 0
1  247 0 0 1.02333009791268
2  493 75 0 0 1.02333009791268
2  494 87 0 0 1.02333009791268
0

0101000
+220 5 -222 5 *
Ed
 1e-07 1 1 0
1  248 0 -6.71709818871293 0
2  495 75 0 -6.71709818871293 0
2  496 78 0 -6.71709818871293 0
0

0101000
+393 5 -220 5 *
Wi

0101100
-230 0 -223 0 -221 0 -219 0 -218 0 -392 0 +407 0 +412 0 *
Fa
0  1e-07 75 0

0111000
+225 0 +217 0 *
Wi

0101100
+255 3 -362 0 -399 3 +252 3 *
Fa
0  1e-07 76 3

0101000
+215 0 *
Ve
1e-07
-74.1 -4.5 -18.8234660211905
0 0

0101101
*
Ed
 1e-07 1 1 0
1  249 0 33.0248327516072 39.8234660211894
2  497 77 0 33.0248327516072 39.8234660211894
2  498 80 0 33.0248327516072 39.8234660211894
0

0101000
+366 6 -213 5 *
Ed
 1e-07 1 1 0
1  250 0 1.79051217007198 2.42867346666005
2  499 77 0 1.79051217007198 2.42867346666005
2  500 79 0 1.79051217007198 2.42867346666005
0

0101000
+380 5 -213 5 *
Wi

0101100
-364 0 -212 3 +211 3 -379 3 -383 3 +395 3 *
Fa
0  1e-07 77 3

0101000
+210 0 *
Ed
 1e-07 1 1 0
1  251 0 0 5.02
2  501 78 0 0 5.02
2  502 87 0 0 5.02
4 G1 78 0 87 0
0

0101000
+251 5 -220 5 *
Wi

0101100
+218 0 -208 0 -250 0 +391 0 *
Fa
0  1e-07 78 0

0111000
-207 0 *
Ed
 1e-07 1 1 0
1  252 0 25.5 30
2  503 79 0 25.5 30
2  504 80 0 25.5 30
0

0101000
+371 5 -213 5 *
Wi

0101100
-369 0 +377 0 +211 0 -205 0 *
Fa
0  1e-07 79 0

0111000
+204 0 *
Wi

0101100
-365 0 -370 3 -205 3 +212 3 *
Fa
0  1e-07 80 3

0101000
+202 0 *
Ve
1e-07
28.2189218327314 -10.7191350346798 -16.3675128085106
0 0

0101101
*
Ed
 1e-07 1 1 0
1  253 0 -10.5 -6.15731994309122
2  505 84 0 -10.5 -6.15731994309122
2  506 81 0 -10.5 -6.15731994309122
0

0101000
+200 5 -354 6 *
Ve
1e-07
15.2312949521581 -10.1520829991393 -16.3675128085026
0 0

0101101
*
Ed
 1e-07 1 1 0
1  254 0 -9.99999999999998 -5.65731994309999
2  507 81 0 -9.99999999999998 -5.65731994309999
2  508 82 0 -9.99999999999998 -5.65731994309999
0

0101000
+198 5 -353 6 *
Ve
1e-07
17.5163398430687 -10.2518502136279 -16.367512808504
0 0

0101101
*
Ed
 1e-07 1 1 0
1  255 0 4.21277818072589 6.49999999999997
2  509 81 0 4.21277818072589 6.49999999999997
2  510 105 0 4.21277818072589 6.49999999999997
0

0101000
+196 5 -198 5 *
Ve
1e-07
17.516339843062 -10.2518502136275 -27.367512808504
0 0

0101101
*
Ed
 1e-07 1 1 0
1  256 0 4.5 15.5
2  511 81 0 4.5 15.5
2  512 91 0 4.5 15.5
0

0101000
+194 5 -196 5 *
Ve
1e-07
25.7128996135563 -10.6097197416812 -27.367512808509
0 0

0101101
*
Ed
 1e-07 1 1 0
1  257 0 4.28722181927406 12.4915903306462
2  513 81 0 4.28722181927406 12.4915903306462
2  514 106 0 4.28722181927406 12.4915903306462
0

0101000
+194 5 -192 5 *
Ve
1e-07
25.712899613563 -10.6097197416816 -16.367512808509
0 0

0101101
*
Ed
 1e-07 1 1 0
1  258 0 4.50000000000001 15.5
2  515 81 0 4.50000000000001 15.5
2  516 97 0 4.50000000000001 15.5
0

0101000
+192 5 -190 5 *
Ed
 1e-07 1 1 0
1  259 0 -6.50000000000006 -3.99159033064627
2  517 81 0 -6.50000000000006 -3.99159033064627
2  518 107 0 -6.50000000000006 -3.99159033064627
0

0101000
+200 5 -190 5 *
Wi

0101100
-199 3 -352 0 +197 3 +195 3 +193 3 -191 3 -189 3 +188 3 *
Fa
0  1e-07 81 3

0101000
+187 0 *
Ve
1e-07
15.6892985193254 0.337923327477567 -16.3675128085025
0 0

0101101
*
Ed
 1e-07 1 1 0
1  260 0 5.65731994310002 9.99999999999996
2  519 82 0 5.65731994310002 9.99999999999996
2  520 83 0 5.65731994310002 9.99999999999996
0

0101000
+351 6 -185 5 *
Ve
1e-07
15.447210919537 -5.20679430230564 -16.3675128085026
0 0

0101101
*
Ed
 1e-07 1 1 0
1  261 0 -0 5.55
2  521 82 0 -0 5.55
2  522 108 0 -0 5.55
0

0101000
+185 5 -183 5 *
Ed
 1e-07 1 1 0
1  262 0 5.55 10.5
2  523 82 0 5.55 10.5
2  524 105 0 5.55 10.5
0

0101000
+183 5 -198 5 *
Wi

0101100
-197 3 -350 0 -184 3 -182 3 -181 3 *
Fa
0  1e-07 82 3

0101000
+180 0 *
Ve
1e-07
28.6769253998987 -0.229128708062925 -16.3675128085105
0 0

0101101
*
Ed
 1e-07 1 1 0
1  263 0 5.65731994309126 10
2  525 84 0 5.65731994309126 10
2  526 83 0 5.65731994309126 10
0

0101000
+349 6 -178 5 *
Ve
1e-07
25.1641950991963 -0.075759591007561 -16.3675128085083
0 0

0101101
*
Ed
 1e-07 1 1 0
1  264 0 0 3.51607682674015
2  527 83 0 0 3.51607682674015
2  528 109 0 0 3.51607682674015
0

0101000
+178 5 -176 5 *
Ed
 1e-07 1 1 0
1  265 0 -3.52 15.5
2  529 83 0 -3.52 15.5
2  530 97 0 -3.52 15.5
0

0101000
+267 5 -176 5 *
Ve
1e-07
18.8029167872561 0.201979818092717 -16.3675128085044
0 0

0101101
*
Ed
 1e-07 1 1 0
1  266 0 -3.51999999999999 15.5
2  531 83 0 -3.51999999999999 15.5
2  532 91 0 -3.51999999999999 15.5
0

0101000
+265 5 -173 5 *
Ed
 1e-07 1 1 0
1  267 0 9.88341543414342 13
2  533 83 0 9.88341543414342 13
2  534 108 0 9.88341543414342 13
0

0101000
+173 5 -185 5 *
Wi

0101100
-348 0 -177 3 -175 3 +174 3 +264 3 -172 3 -171 3 +184 3 *
Fa
0  1e-07 83 3

0101000
+170 0 *
Ve
1e-07
28.4348378001103 -5.77384633784613 -16.3675128085105
0 0

0101101
*
Ed
 1e-07 1 1 0
1  268 0 -0 5.55
2  535 84 0 -0 5.55
2  536 109 0 -0 5.55
0

0101000
+178 5 -168 5 *
Ed
 1e-07 1 1 0
1  269 0 5.55 10.5
2  537 84 0 5.55 10.5
2  538 107 0 5.55 10.5
0

0101000
+168 5 -200 5 *
Wi

0101100
-347 0 -177 3 -167 3 -166 3 -199 3 *
Fa
0  1e-07 84 3

0101000
+165 0 *
Ve
1e-07
1.41830120991754 -16.5041196718528 -22.9634030924743
0 0

0101101
*
Ed
 1e-07 1 1 0
1  270 0 4.5 15.4385703408708
2  539 86 0 4.5 15.4385703408708
2  540 85 0 4.5 15.4385703408708
0

0101000
+163 5 -345 6 *
Ed
 1e-07 1 1 0
1  271 0 -3.52 15.4385703408768
2  541 88 0 -3.52 15.4385703408768
2  542 85 0 -3.52 15.4385703408768
0

0101000
+224 5 -344 6 *
Ed
 1e-07 1 1 0
1  272 0 1.5 4.5
2  543 85 0 1.5 4.5
2  544 103 0 1.5 4.5
0

0101000
+239 5 -163 5 *
Wi

0101100
-162 3 -343 0 +161 3 -223 3 +231 3 -236 3 -160 3 *
Fa
0  1e-07 85 3

0101000
+159 0 *
Ve
1e-07
-1.98399497201474 -9.03846207450733 -22.9634030924719
0 0

0101101
*
Ed
 1e-07 1 1 0
1  273 0 4.5 15.4385703408682
2  545 86 0 4.5 15.4385703408682
2  546 87 0 4.5 15.4385703408682
0

0101000
+157 5 -342 6 *
Ed
 1e-07 1 1 0
1  274 0 4.28722181927411 12.4915903306462
2  547 86 0 4.28722181927411 12.4915903306462
2  548 110 0 4.28722181927411 12.4915903306462
0

0101000
+157 5 -163 5 *
Wi

0101100
-341 0 +156 3 -155 3 -162 3 *
Fa
0  1e-07 86 3

0101000
+154 0 *
Ed
 1e-07 1 1 0
1  275 0 -3.52 15.4385703408747
2  549 88 0 -3.52 15.4385703408747
2  550 87 0 -3.52 15.4385703408747
0

0101000
+222 5 -340 6 *
Ed
 1e-07 1 1 0
1  276 0 1.5 4.5
2  551 87 0 1.5 4.5
2  552 99 0 1.5 4.5
0

0101000
+249 5 -157 5 *
Wi

0101100
-248 3 -208 3 -219 3 -152 3 -339 0 +156 3 +151 3 *
Fa
0  1e-07 87 3

0101000
+150 0 *
Wi

0101100
+152 3 -221 3 -161 3 -338 0 *
Fa
0  1e-07 88 3

0101000
+148 0 *
Wi

0101100
+325 0 *
Ve
1e-07
35.4605857464998 5.45712445363781 -18.9202279314206
0 0

0101101
*
Ve
1e-07
35.4605857464998 2.85904824363781 -18.9202279314206
0 0

0101101
*
Ed
 1e-07 1 1 0
1  277 0 0 2.59807621
2  553 89 0 0 2.59807621
2  554 111 0 0 2.59807621
0

0101000
+145 5 -144 5 *
Ve
1e-07
37.7105857453278 6.75616255863781 -18.9202279314205
0 0

0101101
*
Ed
 1e-07 1 1 0
1  278 0 -0 2.59807621
2  555 89 0 -0 2.59807621
2  556 112 0 -0 2.59807621
0

0101000
+142 5 -145 5 *
Ve
1e-07
39.9605857441557 5.45712445363781 -18.9202279314203
0 0

0101101
*
Ed
 1e-07 1 1 0
1  279 0 0 2.59807620999992
2  557 89 0 0 2.59807620999992
2  558 113 0 0 2.59807620999992
0

0101000
+140 5 -142 5 *
Ve
1e-07
39.9605857441557 2.8590482436378 -18.9202279314203
0 0

0101101
*
Ed
 1e-07 1 1 0
1  280 0 0 2.59807621000001
2  559 89 0 0 2.59807621000001
2  560 114 0 0 2.59807621000001
0

0101000
+138 5 -140 5 *
Ve
1e-07
37.7105857453277 1.56001013863781 -18.9202279314205
0 0

0101101
*
Ed
 1e-07 1 1 0
1  281 0 0 2.59807621
2  561 89 0 0 2.59807621
2  562 115 0 0 2.59807621
0

0101000
+136 5 -138 5 *
Ed
 1e-07 1 1 0
1  282 0 0 2.59807620999992
2  563 89 0 0 2.59807620999992
2  564 116 0 0 2.59807620999992
0

0101000
+144 5 -136 5 *
Wi

0101100
-143 0 -141 0 -139 0 -137 0 -135 0 -134 0 *
Fa
0  1e-07 89 0

0111000
-146 0 -133 0 *
Wi

0101100
-299 0 -301 0 *
Fa
0  1e-07 90 0

0111000
-131 0 *
Ed
 1e-07 1 1 0
1  283 0 1.5 4.5
2  565 91 0 1.5 4.5
2  566 92 0 1.5 4.5
0

0101000
+289 5 -194 5 *
Ed
 1e-07 1 1 0
1  284 0 5.41750176057736 6.28318530717959
2  567 91 0 5.41750176057736 6.28318530717959
2  568 105 0 5.41750176057736 6.28318530717959
0

0101000
+196 5 -183 5 *
Ed
 1e-07 1 1 0
1  285 0 0 1.02333009791269
2  569 91 0 0 1.02333009791269
2  570 108 0 0 1.02333009791269
0

0101000
+183 5 -173 5 *
Wi

0101100
+129 0 +193 0 +128 0 +127 0 -172 0 -263 0 -293 0 -288 0 *
Fa
0  1e-07 91 0

0111000
+126 0 *
Ve
1e-07
17.2665777876664 -10.2409453667902 -27.3675128085039
0 0

0101101
*
Ed
 1e-07 1 1 0
1  286 0 -4.46277818072584 -4.21277818072588
2  571 92 0 -4.46277818072584 -4.21277818072588
2  572 106 0 -4.46277818072584 -4.21277818072588
0

0101000
+124 5 -194 5 *
Ed
 1e-07 1 1 0
1  287 0 0 3
2  573 92 0 0 3
2  574 93 0 0 3
0

0101000
+124 5 -287 5 *
Wi

0101100
+129 0 -123 0 +122 0 +286 0 *
Fa
0  1e-07 92 0

0111000
-121 0 *
Ve
1e-07
17.1793390129679 -12.2390418099553 -27.3675128085039
0 0

0101101
*
Ed
 1e-07 1 1 0
1  288 0 4.94999999999997 6.94999999999995
2  575 93 0 4.94999999999997 6.94999999999995
2  576 106 0 4.94999999999997 6.94999999999995
0

0101000
+124 5 -119 5 *
Ed
 1e-07 1 1 0
1  289 0 0 3
2  577 93 0 0 3
2  578 94 0 0 3
0

0101000
+119 5 -285 5 *
Wi

0101100
-284 0 -122 0 +118 0 +117 0 *
Fa
0  1e-07 93 0

0111000
+116 0 *
Ve
1e-07
25.8754228942534 -12.6187210316837 -27.3675128085092
0 0

0101101
*
Ed
 1e-07 1 1 0
1  290 0 -4.46277818072584 4.24159033064624
2  579 94 0 -4.46277818072584 4.24159033064624
2  580 106 0 -4.46277818072584 4.24159033064624
0

0101000
+119 5 -114 5 *
Ed
 1e-07 1 1 0
1  291 0 0 3
2  581 94 0 0 3
2  582 95 0 0 3
0

0101000
+114 5 -283 5 *
Wi

0101100
-282 0 -117 0 +113 0 +112 0 *
Fa
0  1e-07 94 0

0111000
+111 0 *
Ve
1e-07
25.9626616689519 -10.6206245885185 -27.3675128085092
0 0

0101101
*
Ed
 1e-07 1 1 0
1  292 0 4.94999999999995 6.95000000000003
2  583 95 0 4.94999999999995 6.95000000000003
2  584 106 0 4.94999999999995 6.95000000000003
0

0101000
+109 5 -114 5 *
Ed
 1e-07 1 1 0
1  293 0 0 3
2  585 95 0 0 3
2  586 96 0 0 3
0

0101000
+109 5 -281 5 *
Wi

0101100
+280 0 -112 0 -108 0 +107 0 *
Fa
0  1e-07 95 0

0111000
-106 0 *
Ed
 1e-07 1 1 0
1  294 0 1.50000000000001 4.50000000000001
2  587 96 0 1.50000000000001 4.50000000000001
2  588 97 0 1.50000000000001 4.50000000000001
0

0101000
+279 5 -192 5 *
Ed
 1e-07 1 1 0
1  295 0 3.99159033064627 4.24159033064623
2  589 96 0 3.99159033064627 4.24159033064623
2  590 106 0 3.99159033064627 4.24159033064623
0

0101000
+192 5 -109 5 *
Wi

0101100
-104 0 +278 0 -107 0 -103 0 *
Fa
0  1e-07 96 0

0111000
-102 0 *
Ed
 1e-07 1 1 0
1  296 0 5.15376958845877 6.28318530717959
2  591 97 0 5.15376958845877 6.28318530717959
2  592 109 0 5.15376958845877 6.28318530717959
0

0101000
+176 5 -168 5 *
Ed
 1e-07 1 1 0
1  297 0 0 0.938065122383818
2  593 97 0 0 0.938065122383818
2  594 107 0 0 0.938065122383818
0

0101000
+168 5 -190 5 *
Wi

0101100
-189 0 -104 0 -276 0 +260 0 -266 0 +174 0 +100 0 +99 0 *
Fa
0  1e-07 97 0

0111000
+98 0 *
Ve
1e-05
26.6511382396365 -5.40569205450178 -36.3675128085094
0 0

0101101
*
Ed
 1e-07 1 1 0
1  298 0 0 6.28318530717959
2  595 98 0 0 6.28318530717959
2  596 117 0 0 6.28318530717959
0

0101000
-96 5 +96 5 *
Ed
 1e-05 1 1 0
1  299 0 0 0.980000000000004
3  597 598CN 98 0 0 0.980000000000004
0

0101000
+96 5 -272 5 *
Wi

0101100
-95 0 +94 0 +271 0 -94 0 *
Fa
0  1e-07 98 0

0111000
+93 0 *
Ve
1e-07
-2.08766828267894 -8.81097175678826 -22.9634030924719
0 0

0101101
*
Ed
 1e-07 1 1 0
1  300 0 -4.46277818072585 -4.21277818072585
2  599 99 0 -4.46277818072585 -4.21277818072585
2  600 110 0 -4.46277818072585 -4.21277818072585
0

0101000
+91 5 -157 5 *
Ed
 1e-07 1 1 0
1  301 0 0 3
2  601 99 0 0 3
2  602 100 0 0 3
0

0101000
+91 5 -247 5 *
Wi

0101100
+151 0 -90 0 +89 0 +246 0 *
Fa
0  1e-07 99 0

0111000
-88 0 *
Ve
1e-07
-3.90759082443151 -9.64035824210187 -22.9634030924708
0 0

0101101
*
Ed
 1e-07 1 1 0
1  302 0 4.94999999999999 6.94999999999999
2  603 100 0 4.94999999999999 6.94999999999999
2  604 110 0 4.94999999999999 6.94999999999999
0

0101000
+91 5 -86 5 *
Ed
 1e-07 1 1 0
1  303 0 0 3
2  605 100 0 0 3
2  606 101 0 0 3
0

0101000
+86 5 -245 5 *
Wi

0101100
-244 0 -89 0 +85 0 +84 0 *
Fa
0  1e-07 100 0

0111000
+83 0 *
Ve
1e-07
-0.29794802117083 -17.5609964748855 -22.9634030924733
0 0

0101101
*
Ed
 1e-07 1 1 0
1  304 0 -4.46277818072583 4.24159033064622
2  607 101 0 -4.46277818072583 4.24159033064622
2  608 110 0 -4.46277818072583 4.24159033064622
0

0101000
+86 5 -81 5 *
Ed
 1e-07 1 1 0
1  305 0 0 3
2  609 101 0 0 3
2  610 102 0 0 3
0

0101000
+81 5 -243 5 *
Wi

0101100
-242 0 -84 0 +80 0 +79 0 *
Fa
0  1e-07 101 0

0111000
+78 0 *
Ve
1e-07
1.52197452058174 -16.7316099895719 -22.9634030924743
0 0

0101101
*
Ed
 1e-07 1 1 0
1  306 0 4.95 6.94999999999999
2  611 102 0 4.95 6.94999999999999
2  612 110 0 4.95 6.94999999999999
0

0101000
+76 5 -81 5 *
Ed
 1e-07 1 1 0
1  307 0 0 3
2  613 102 0 0 3
2  614 103 0 0 3
0

0101000
+76 5 -241 5 *
Wi

0101100
+240 0 -79 0 -75 0 +74 0 *
Fa
0  1e-07 102 0

0111000
-73 0 *
Ed
 1e-07 1 1 0
1  308 0 3.99159033064619 4.24159033064622
2  615 103 0 3.99159033064619 4.24159033064622
2  616 110 0 3.99159033064619 4.24159033064622
0

0101000
+163 5 -76 5 *
Wi

0101100
-160 0 +238 0 -74 0 -71 0 *
Fa
0  1e-07 103 0

0111000
-70 0 *
Ve
1e-05
6.48107525400075 -14.9775172786578 -31.9634030924772
0 0

0101101
*
Ed
 1e-07 1 1 0
1  309 0 0 6.28318530717959
2  617 104 0 0 6.28318530717959
2  618 118 0 0 6.28318530717959
0

0101000
-68 5 +68 5 *
Ed
 1e-05 1 1 0
1  310 0 -4e-15 0.979999999999901
3  619 620CN 104 0 -4e-15 0.979999999999901
0

0101000
+68 5 -227 5 *
Wi

0101100
-67 0 +66 0 +226 0 -66 0 *
Fa
0  1e-07 104 0

0111000
+65 0 *
Wi

0101100
+128 0 +181 0 -195 0 *
Fa
0  1e-07 105 0

0111000
+63 0 *
Wi

0101100
+108 0 -113 0 -118 0 +123 0 +191 0 +103 0 *
Fa
0  1e-07 106 0

0111000
-61 0 *
Wi

0101100
-166 0 +99 0 -188 0 *
Fa
0  1e-07 107 0

0111000
+59 0 *
Wi

0101100
+127 0 +171 0 +182 0 *
Fa
0  1e-07 108 0

0111000
+57 0 *
Wi

0101100
+100 0 -167 0 +175 0 *
Fa
0  1e-07 109 0

0111000
+55 0 *
Wi

0101100
+75 0 -80 0 -85 0 +90 0 +155 0 +71 0 *
Fa
0  1e-07 110 0

0111000
-53 0 *
Ve
1e-07
35.4605857464999 5.4571244536378 -21.0202279314206
0 0

0101101
*
Ve
1e-07
35.4605857464999 2.8590482436378 -21.0202279314206
0 0

0101101
*
Ed
 1e-07 1 1 0
1  311 0 0 2.59807621
2  621 111 0 0 2.59807621
2  622 119 0 0 2.59807621
0

0101000
+51 5 -50 5 *
Ed
 1e-07 1 1 0
1  312 0 0 2.1
2  623 111 0 0 2.1
2  624 112 0 0 2.1
0

0101000
+145 5 -51 5 *
Ed
 1e-07 1 1 0
1  313 0 0 2.1
2  625 111 0 0 2.1
2  626 116 0 0 2.1
0

0101000
+144 5 -50 5 *
Wi

0101100
-49 0 -48 0 +143 0 +47 0 *
Fa
0  1e-07 111 0

0111000
+46 0 *
Ve
1e-07
37.7105857453279 6.7561625586378 -21.0202279314205
0 0

0101101
*
Ed
 1e-07 1 1 0
1  314 0 -0 2.59807621000001
2  627 112 0 -0 2.59807621000001
2  628 119 0 -0 2.59807621000001
0

0101000
+44 5 -51 5 *
Ed
 1e-07 1 1 0
1  315 0 0 2.1
2  629 112 0 0 2.1
2  630 113 0 0 2.1
0

0101000
+142 5 -44 5 *
Wi

0101100
-43 0 -42 0 +141 0 +48 0 *
Fa
0  1e-07 112 0

0111000
+41 0 *
Ve
1e-07
39.9605857441559 5.4571244536378 -21.0202279314203
0 0

0101101
*
Ed
 1e-07 1 1 0
1  316 0 0 2.59807621000001
2  631 113 0 0 2.59807621000001
2  632 119 0 0 2.59807621000001
0

0101000
+39 5 -44 5 *
Ed
 1e-07 1 1 0
1  317 0 0 2.1
2  633 113 0 0 2.1
2  634 114 0 0 2.1
0

0101000
+140 5 -39 5 *
Wi

0101100
-38 0 -37 0 +139 0 +42 0 *
Fa
0  1e-07 113 0

0111000
+36 0 *
Ve
1e-07
39.9605857441559 2.8590482436378 -21.0202279314203
0 0

0101101
*
Ed
 1e-07 1 1 0
1  318 0 0 2.59807621
2  635 114 0 0 2.59807621
2  636 119 0 0 2.59807621
0

0101000
+34 5 -39 5 *
Ed
 1e-07 1 1 0
1  319 0 0 2.1
2  637 114 0 0 2.1
2  638 115 0 0 2.1
0

0101000
+138 5 -34 5 *
Wi

0101100
-33 0 -32 0 +137 0 +37 0 *
Fa
0  1e-07 114 0

0111000
+31 0 *
Ve
1e-07
37.7105857453279 1.5600101386378 -21.0202279314205
0 0

0101101
*
Ed
 1e-07 1 1 0
1  320 0 0 2.59807621000001
2  639 115 0 0 2.59807621000001
2  640 119 0 0 2.59807621000001
0

0101000
+29 5 -34 5 *
Ed
 1e-07 1 1 0
1  321 0 0 2.1
2  641 115 0 0 2.1
2  642 116 0 0 2.1
0

0101000
+136 5 -29 5 *
Wi

0101100
-28 0 -27 0 +135 0 +32 0 *
Fa
0  1e-07 115 0

0111000
+26 0 *
Ed
 1e-07 1 1 0
1  322 0 0 2.59807621000001
2  643 116 0 0 2.59807621000001
2  644 119 0 0 2.59807621000001
0

0101000
+50 5 -29 5 *
Wi

0101100
-24 0 -47 0 +134 0 +27 0 *
Fa
0  1e-07 116 0

0111000
+23 0 *
Wi

0101100
-95 0 *
Fa
0  1e-07 117 0

0111000
-21 0 *
Wi

0101100
-67 0 *
Fa
0  1e-07 118 0

0111000
-19 0 *
Ve
1e-05
36.4605857453279 4.15808634863781 -21.0202279314206
0 0

0101101
*
Ed
 1e-07 1 1 0
1  323 0 0 6.28318530717959
2  645 119 0 0 6.28318530717959
2  646 120 0 0 6.28318530717959
0

0101000
-17 5 +17 5 *
Wi

0101100
-16 0 *
Wi

0101100
+49 0 +24 0 +28 0 +33 0 +38 0 +43 0 *
Fa
0  1e-07 119 0

0111000
+15 0 +14 0 *
Ve
1e-07
37.7105857453279 2.90808634863781 -21.4669563758081
0 0

0101101
*
Ve
1e-05
36.4605857453279 4.15808634863781 -21.4669563758082
0 0

0101101
*
Ed
 1e-07 1 1 0
1  324 0 1.5707963267949 6.28318530717959
2  647 120 0 1.5707963267949 6.28318530717959
2  648 121 0 1.5707963267949 6.28318530717959
0

0101000
-12 5 +11 5 *
Ed
 1e-05 1 1 0
1  325 0 0 0.446728444387599
3  649 650CN 120 0 0 0.446728444387599
0

0101000
+11 5 -17 5 *
Ed
 1e-07 1 1 0
1  326 0 0 1.5707963267949
2  651 120 0 0 1.5707963267949
2  652 121 0 0 1.5707963267949
0

0101000
-11 5 +12 5 *
Wi

0101100
-10 0 +9 0 -16 0 -9 0 -8 0 *
Fa
0  1e-07 120 0

0111000
+7 0 *
Wi

0101100
-8 0 -10 0 *
Fa
0  1e-07 121 0

0111000
-5 0 *
Sh

0101100
-779 3 -764 3 -759 3 +752 3 +745 3 -703 3 +696 3 +691 3 -688 3 +673 3 
+670 3 +665 3 +645 3 -640 3 -637 3 +632 3 +627 3 +622 3 +617 3 +612 3 
+607 3 +602 3 +595 3 +586 3 -579 0 +574 0 -565 0 +554 3 -549 3 +542 3 
-539 3 -534 3 +528 3 -523 3 +521 3 +518 3 +496 3 -480 3 +475 3 +461 3 
+458 3 +456 3 +453 3 +437 0 -432 0 +427 0 -416 0 +409 3 -404 3 -389 0 
+386 3 +381 3 +374 3 +367 0 -336 0 +333 0 -330 3 -328 3 -323 3 -320 3 
+317 0 -315 0 +312 3 +309 3 +306 3 +304 3 -297 3 -290 3 +273 3 +261 3 
+258 3 +253 0 +233 3 +228 3 +216 3 -214 0 -209 0 -206 3 +203 3 -201 0 
+186 0 +179 0 +169 0 -164 0 -158 0 +153 0 -149 0 -147 0 -132 3 -130 3 
-125 3 -120 3 +115 3 +110 3 -105 3 -101 3 -97 3 -92 3 -87 3 +82 3 
+77 3 -72 3 -69 3 -64 3 +62 3 -60 3 +58 3 +56 3 +54 3 -52 3 
+45 3 +40 3 +35 3 +30 3 +25 3 +22 3 -20 3 -18 3 +13 3 -6 3 
-4 3 *
So

0100000
+3 0 *
Co

1100000
+2 0 *

+1 0 