DBRep_DrawableShape

CASCADE Topology V1, (c) Matra-Datavision
Locations 1
1
              1               0               0               0 
              0               1               0               0 
              0               0               1               0 
Curve2ds 86
7 0 0  1 2 2  0.4359083150003355 0.84060572162559788  0.42297511446146463 0.83537472571675786 
 0.00060634620989359004 2 0.0032078711494377401 2
7 0 0  1 2 2  0.42297511446146524 0.83537472571675775  0.4135605276667465 0.8503261724880381 
 0.00083597318502647998 2 0.0034340091188472702 2
7 0 0  1 2 2  0.413560527666746 0.85032617248803799  0.41706740698863631 0.87061736130982292 
 0.00055075192950946 2 0.0031493374926424601 2
7 0 0  1 2 2  0.41706740698863665 0.87061736130982315  0.4301950580773265 0.87590127659286277 
 0.00223695857487631 2 0.0048370787174394801 2
7 0 0  1 2 2  0.43019505807732827 0.87590127659285477  0.43961966504803202 0.86084010476441497 
 0.0029252676968706498 2 0.0055245864818573498 2
7 0 0  1 2 2  0.43961966504803035 0.86084010476441497  0.43590831500033511 0.84060572162558989 
 0.0019154208397929699 2 0.0045148389007629601 2
7 0 0  1 2 2  0.32885051312451197 0.27367923256235843  0.31955995809322202 0.25881916636806646 
 0.00201035033916946 2 0.00460946737869267 2
7 0 0  1 2 2  0.31955995809322246 0.25881916636806557  0.30712147281070934 0.26477033512468828 
 0.0022864286711640402 2 0.0048849429920225004 2
7 0 0  1 2 2  0.30712147281070934 0.26477033512468828  0.30409250299463503 0.28554058135652866 
 0.0011000431575221401 2 0.0036981767236990899 2
7 0 0  1 2 2  0.30409250299463464 0.28554058135652949  0.31336859349092072 0.30032458428584513 
 0.0041971143463179804 2 0.0067951236193012302 2
7 0 0  1 2 2  0.31336859349092111 0.30032458428584424  0.32568908509540739 0.29441397435164024 
 0.0046880303605116901 2 0.0072875083100447796 2
7 0 0  1 2 2  0.32568908509540739 0.29441397435164113  0.32885051312451224 0.27367923256235854 
 0.00056453579734617001 2 0.0031629889112126299 2
7 0 0  1 2 2  0.42014231582884454 0.12844472489208311  0.43341096226870368 0.12298612818086685 
 0.00212441153071526 2 0.0047249754819556501 2
7 0 0  1 2 2  0.43341096226870357 0.12298612818086663  0.43706765701953365 0.10284700399645649 
 0.00073817934041416002 2 0.00333677043017706 2
7 0 0  1 2 2  0.43706765701953365 0.1028470039964557  0.4272033533491697 0.088093295978603103 
 0.00099845830370412004 2 0.0035981515258714501 2
7 0 0  1 2 2  0.42720335334919479 0.088093295978740979  0.41369610176018673 0.093625817515707185 
 0.00072689942284320005 2 0.0033262016564967901 2
7 0 0  1 2 2  0.41369610176018673 0.093625817515707171  0.41029409591933652 0.11383662284692278 
 0.0021717000437278702 2 0.0047698437258422996 2
7 0 0  1 2 2  0.41029409591933652 0.11383662284692279  0.42014231582884454 0.12844472489208311 
 0.00308104928178468 2 0.0056791712894368497 2
7 0 0  3 25 23  0.2759552335795567 0.66778998907705034  0.27649424837263836 0.66771894917488162  0.27757271847001169 0.66760497190000778  0.27919012787130532 0.66752026524863151  0.28080562391377079 0.6675237677852881  0.28241759015817547 0.66761743554613573  0.28402441110938559 0.66780322830229777  0.28562447243452643 0.66808310994713915  0.28721616103416231 0.66845904816541113  0.28879786512610922 0.66893301430990548  0.2903679742658738 0.66950698325765745  0.291924879415147 0.67018293322419331  0.29346697265621086 0.67096284583929577  0.29499264801751773 0.67184870527844542  0.29649747538332649 0.67284148212204442  0.29797701419928829 0.67394215900246657  0.29942681433878821 0.67515172929974898  0.30084241568464815 0.67647119677301371  0.30221934789228305 0.67790157487541225  0.30355312984115124 0.67944388608026351  0.30483926909138787 0.68109916105141666  0.3060732604006699 0.68286843787357421  0.307250586615748 0.68475276050550493  0.30799466854038671 0.68608637312217091  0.30835575357954143 0.68677270358253961 
 1.0000000000000001e-17 4 0.00032963169721387001 1 0.00065926339442773005 1 0.00098889509164158001 1 0.0013185267888554399 1 0.0016481584860693001 1 0.00197779018328316 1 0.00230742188049701 1 0.0026370535777108699 1 0.0029666852749247298 1 0.0032963169721385902 1 0.0036259486693524501 1 0.0039555803665663001 1 0.00428521206378016 1 0.00461484376099402 1 0.0049444754582078799 1 0.0052741071554217303 1 0.0056037388526355902 1 0.0059333705498494501 1 0.0062630022470633101 1 0.0065926339442771596 1 0.0069222656414910204 1 0.0072518973387048803 4
7 0 0  3 25 23  3.1415926535897851 -7.4360011248795033  3.1556489395957432 -7.3634848424134258  3.1837999573772024 -7.2189861443416063  3.2261676916780644 -7.0040678528258473  3.2687006755322057 -6.7912074719130269  3.311429350248285 -6.5806331566140974  3.3543883987470968 -6.3725730619400167  3.3976173082252741 -6.167255342901738  3.4411601360672117 -5.9649081545102351  3.4850654109800883 -5.7657596517764826  3.52938591447688 -5.5700379897113752  3.574178369844446 -5.3779713233259372  3.6195031056783731 -5.1897878076310997  3.6654232982501314 -5.0057155976378152  3.7119188038030608 -4.8262638201781849  3.7589754638778059 -4.6519416020843654  3.8065860416378969 -4.4832580701884304  3.8547512947728566 -4.3207223513225008  3.9034808871570066 -4.1648435723186834  3.9527942276503127 -4.0161308600090901  4.0027210314254837 -3.875093341225869  4.0533021881224682 -3.7422401428010681  4.1045886526178821 -3.6180803915668749  4.139294044602492 -3.5414422734258406  4.1567856656552529 -3.5047418311644449 
 1.0000000000000001e-17 4 0.00032963169721387001 1 0.00065926339442773005 1 0.00098889509164158001 1 0.0013185267888554399 1 0.0016481584860693001 1 0.00197779018328316 1 0.00230742188049701 1 0.0026370535777108699 1 0.0029666852749247298 1 0.0032963169721385902 1 0.0036259486693524501 1 0.0039555803665663001 1 0.00428521206378016 1 0.00461484376099402 1 0.0049444754582078799 1 0.0052741071554217303 1 0.0056037388526355902 1 0.0059333705498494501 1 0.0062630022470633101 1 0.0065926339442771596 1 0.0069222656414910204 1 0.0072518973387048803 4
7 0 0  1 2 2  0.2759552335795567 0.66778998907705034  0.26623778255593994 0.66904210609826509 
 1.0000000000000001e-17 2 0.0020045967545405498 2
7 0 0  3 47 45  0.2662377825559451 0.66904210609826509  0.26596983937869018 0.66316754331210104  0.26539552061118005 0.65139559199353114  0.26441922434097875 0.63369345000332911  0.26332870096680727 0.61597122125524162  0.26212414987147636 0.598253502905437  0.26080546111120384 0.58056405319002968  0.25937239935761208 0.56293004995488716  0.25782361658020514 0.54536266309488601  0.2561566760647081 0.5278570504062714  0.25436905231082474 0.51041173342341661  0.25245790494471354 0.49302435429383912  0.25042013318720197 0.47569273422839953  0.24825235890847636 0.45841456993167173  0.24594967917508936 0.44119115988273006  0.24350683797592734 0.42402375791603192  0.24091823322126188 0.4069136111960564  0.23817782364815385 0.38986204484197329  0.23527938963238146 0.37287026613143731  0.23221528606359856 0.35594053217602234  0.22897678738096586 0.33907775138013524  0.22555353128057645 0.32228163809093557  0.2219436650215211 0.30558756859658859  0.21814791638734382 0.28904163376374131  0.21416616945038203 0.2726869396750507  0.20998721678736298 0.2565257872591748  0.20559914737484611 0.24056041812527229  0.20098953914891493 0.22479332897996288  0.19614501764500458 0.20922729234032053  0.1910527746914441 0.1938655222726553  0.18569383730144423 0.17871168206251392  0.18004375001402734 0.16377217735186839  0.17407431749502938 0.14904672868826299  0.16778119472907199 0.13458664935717929  0.16116831511125793 0.12045850405308338  0.15423850385512985 0.10672446711614439  0.14696523673654993 0.09341349750698294  0.13932075858552539 0.080555248482928679  0.1312760384367874 0.068179757270116825  0.12280302285874123 0.056321214478486967  0.11386719833412431 0.045005361491446821  0.10446276508089025 0.034307473465629047  0.094612732833825569 0.02434735249939347  0.084346038070436641 0.015240542647789989  0.07363862904424523 0.0070508763470490199  0.066179432849189077 0.0022366201828132402  0.062363616766526263 0 
 0.040760875105511699 4 0.042877211580350197 1 0.044993548055188709 1 0.047109884530027221 1 0.049226221004865733 1 0.051342557479704232 1 0.053458893954542737 1 0.055575230429381249 1 0.057691566904219747 1 0.05980790337905826 1 0.061924239853896758 1 0.064040576328735277 1 0.066156912803573775 1 0.068273249278412287 1 0.0703895857532508 1 0.072505922228089298 1 0.07462225870292781 1 0.076738595177766322 1 0.078854931652604821 1 0.080971268127443333 1 0.083087604602281845 1 0.085203941077120343 1 0.087320277551958855 1 0.089436614026797354 1 0.091552950501635866 1 0.093669286976474378 1 0.095785623451312876 1 0.097901959926151388 1 0.10001829640098989 1 0.1021346328758284 1 0.10425096935066691 1 0.10636730582550541 1 0.10848364230034392 1 0.11059997877518243 1 0.11271631525002093 1 0.11483265172485944 1 0.11694898819969796 1 0.11906532467453645 1 0.12118166114937497 1 0.12329799762421347 1 0.12541433409905198 1 0.12753067057389048 1 0.129647007048729 1 0.1317633435235675 1 0.133879679998406 4
7 0 0  1 2 2  0.999999999999999 1.0000000000000001e-17  0.062361728396735129 -3.4765028399000003e-07 
 0 2 0.99999999999999956 2
1 1 3.0000000000000001e-17 0 1 
7 0 0  3 91 89  0.7539904768790664 1  0.75353156739938165 0.99579966313564972  0.75264846533460805 0.98738928247728253  0.75142441837138196 0.97474496741484939  0.75029733800468235 0.96207230544039535  0.74926391715354146 0.94937162214616988  0.74832104790021226 0.93664320558189451  0.7474658396931948 0.92388730465924596  0.74669559816023179 0.91110413686127645  0.74600781565553409 0.89829389369448609  0.7454001597031984 0.88545674630077176  0.74487046314178063 0.872592850976464  0.74441671426664946 0.85970235333745648  0.74403704967059214 0.84678539657472796  0.74373038550480164 0.83384153250773907  0.74349575233449516 0.82087027363404208  0.7433322928894176 0.80787110017473895  0.74323925803734947 0.79484346292286145  0.7432160036560822 0.78178678731793361  0.74326198766639273 0.76870047730572855  0.74337676740114189 0.75558391938960989  0.74355999725302346 0.74243648674895057  0.74381142656590216 0.7292575435705666  0.74413089788200137 0.71604644918300842  0.74451834504941927 0.70280256353194681  0.7449740385492486 0.68953004885403557  0.74549833729094972 0.67623308189934828  0.74609170311234041 0.66291579848749238  0.74675465280475961 0.64958248222368498  0.74748794402943508 0.63623684367251065  0.74829174667132059 0.62288524886895058  0.74916564628159166 0.60953677602162359  0.75010947346429835 0.59619998551479525  0.75112311791018282 0.58288362296812168  0.75220657653458245 0.56959641544051431  0.75335993941406221 0.55634711344821441  0.75458454159931665 0.54313483371087712  0.75588181186518388 0.52995865871995207  0.75725327545657317 0.51681764719544632  0.75870055625654309 0.50371083732043009  0.76022537920865019 0.49063726732047008  0.76182957299345355 0.47759590273955216  0.76351507259947515 0.46458569423424778  0.76528392195825867 0.45160561434675106  0.76713827644960197 0.43865466000958298  0.76908040622550389 0.42573186172479932  0.77111269635100144 0.41283630111281355  0.77323797134399419 0.39997258324202345  0.77545919953610054 0.3871453097670598  0.77777952208368351 0.37435900242285652  0.78020216429476752 0.36161843252453973  0.78273079404769175 0.34892741241662406  0.78536793533659877 0.3362942797192221  0.78811492191404642 0.32373189120897838  0.79097347659897665 0.31125213649728395  0.79394535645817332 0.29886714591490227  0.79703244586599509 0.28658896032574205  0.8002367176672216 0.27442960701480118  0.80356409403467888 0.26238931385197289  0.80702073764082938 0.25046837480586442  0.81061299487565541 0.23866718912004148  0.81434758817223885 0.22698623019665115  0.81823090950480992 0.21542630850376535  0.82227213320140957 0.20398750697660425  0.82648277939526371 0.19267061590322279  0.83087610437086257 0.18147260070279536  0.83545300946966372 0.17042054093478307  0.84021026635618612 0.15955049366507351  0.8451453973857328 0.14889595946059891  0.85026700771263841 0.13846907770742431  0.855584041423188 0.12828202251252707  0.86110551618854247 0.11834719336053885  0.86684088868926201 0.10867739229976323  0.87279859715745234 0.099285272874265723  0.87899217644827643 0.09018631064095127  0.88543896668160937 0.081400571767963462  0.8921606681608254 0.072942993433132985  0.89914381631121287 0.064866295811670568  0.90636235190863068 0.057233681312159217  0.91379145099385317 0.050104010128582351  0.92145787068234497 0.043489268007805428  0.92939345111232696 0.037399402176790178  0.937612216364758 0.031859629871042593  0.94606928205681806 0.02693644689790857  0.95472320932295573 0.02269202086411987  0.96353906413500656 0.019168290434890069  0.97249273924612445 0.016385576407683299  0.98155265274239456 0.01436851567287077  0.99071465732171038 0.013136467772723939  0.99689301778417194 0.01285153271249434  1 0.01284643181639963 
 0 4 0.0015965671241863601 1 0.0031931342483727302 1 0.0047897013725590899 1 0.00638626849674545 1 0.0079828356209318205 1 0.0095794027451181797 1 0.011175969869304549 1 0.01277253699349091 1 0.01436910411767727 1 0.015965671241863631 1 0.01756223836605 1 0.019158805490236359 1 0.020755372614422729 1 0.022351939738609088 1 0.023948506862795451 1 0.025545073986981821 1 0.02714164111116818 1 0.028738208235354539 1 0.030334775359540909 1 0.031931342483727268 1 0.033527909607913638 1 0.0351244767321 1 0.036721043856286363 1 0.038317610980472733 1 0.039914178104659088 1 0.041510745228845451 1 0.043107312353031807 1 0.044703879477218177 1 0.046300446601404553 1 0.047897013725590909 1 0.049493580849777272 1 0.051090147973963627 1 0.052686715098149997 1 0.05428328222233636 1 0.055879849346522723 1 0.057476416470709092 1 0.059072983594895448 1 0.060669550719081818 1 0.06226611784326818 1 0.063862684967454536 1 0.065459252091640913 1 0.067055819215827275 1 0.068652386340013638 1 0.070248953464200001 1 0.071845520588386363 1 0.073442087712572726 1 0.075038654836759089 1 0.076635221960945452 1 0.078231789085131814 1 0.079828356209318177 1 0.08142492333350454 1 0.083021490457690902 1 0.084618057581877265 1 0.086214624706063628 1 0.087811191830249991 1 0.089407758954436367 1 0.09100432607862273 1 0.092600893202809093 1 0.094197460326995455 1 0.095794027451181818 1 0.097390594575368181 1 0.098987161699554543 1 0.10058372882374091 1 0.10218029594792727 1 0.10377686307211363 1 0.10537343019629999 1 0.10696999732048636 1 0.10856656444467272 1 0.11016313156885908 1 0.11175969869304545 1 0.11335626581723181 1 0.11495283294141817 1 0.11654940006560455 1 0.11814596718979091 1 0.11974253431397727 1 0.12133910143816364 1 0.12293566856235 1 0.12453223568653636 1 0.12612880281072272 1 0.12772536993490907 1 0.12932193705909545 1 0.13091850418328183 1 0.13251507130746817 1 0.13411163843165455 1 0.1357082055558409 1 0.13730477268002728 1 0.13890133980421362 1 0.1404979069284 4
7 0 0  1 2 2  0.31462566371822176 1.0000002929898617  0.7539907373463699 1.0000002601898048 
 1.6000000000000001e-16 2 0.999999999999997 2
7 0 0  3 25 23  0.31462596972318313 1  0.31481955017825147 0.995737578170936  0.31518662096350919 0.98720378145861809  0.31567847436825586 0.97437623394531259  0.3161131416510411 0.96152185051989869  0.31649201778915931 0.94864061336267314  0.31681639427269237 0.93573248432099265  0.3170874490827818 0.92279740328967208  0.31730625689552761 0.90983529074876812  0.31747379319482427 0.89684604916774402  0.31759093939863209 0.88382956470589913  0.31765848714285827 0.87078570883700568  0.31767714226332305 0.85771434000786295  0.31764752836986593 0.84461530531046991  0.31757019007645176 0.83148844218141815  0.31744559590069088 0.81833358013242996  0.31727414086207306 0.80515054251697071  0.31705614878060551 0.79193914833996781  0.31679187435887968 0.77869921410496457  0.31648150482088888 0.76543055573851548  0.31612516202751939 0.75213299045954185  0.31572290170207434 0.73880633910136684  0.31527472238984838 0.72545042700352902  0.31494526552434726 0.71652686934150034  0.31477285900093432 0.71206015864465111 
 0 4 0.00161725790858157 1 0.00323451581716315 1 0.0048517737257447197 1 0.0064690316343262904 1 0.0080862895429078593 1 0.0097035474514894395 1 0.011320805360071009 1 0.012938063268652581 1 0.014555321177234159 1 0.016172579085815729 1 0.0177898369943973 1 0.019407094902978868 1 0.02102435281156045 1 0.022641610720142018 1 0.02425886862872359 1 0.025876126537305161 1 0.02749338444588674 1 0.029110642354468311 1 0.030727900263049879 1 0.032345158171631458 1 0.033962416080213033 1 0.035579673988794601 4
7 0 0  3 25 23  0.31394651025840642 0.70385931738391261  0.31396662169851236 0.7039812548604707  0.31400615836651768 0.70422533934404807  0.31406340316393916 0.70459209517463006  0.31411858619058403 0.70495948062757063  0.31417170587404103 0.70532749620842128  0.3142227606377539 0.705696142415007  0.31427174890040505 0.70606541973626369  0.3143186690760213 0.70643532865242387  0.31436351957388986 0.70680586963483572  0.31440629879852955 0.70717704314588381  0.31444700514964885 0.70754884963887887  0.31448563702211146 0.70792128955795819  0.31452219280590271 0.70829436333797757  0.31455667088609912 0.70866807140440935  0.31458906964284056 0.7090424141732361  0.31461938745130419 0.70941739205084187  0.31464762268168206 0.70979300543390822  0.31467377369916277 0.71016925470930825  0.31469783886390229 0.71054614025397878  0.31471981653105452 0.71092366243489635  0.31473970505058729 0.71130182160862532  0.31475750276791392 0.71168061812252048  0.31476797293696451 0.71193357424729398  0.31477285900093854 0.7120601586447538 
 0.0096185383422940501 4 0.0096637832018471002 1 0.0097090280614001503 1 0.00975427292095319 1 0.0097995177805062401 1 0.0098447626400592902 1 0.0098900074996123404 1 0.00993525235916538 1 0.0099804972187184302 1 0.01002574207827148 1 0.01007098693782453 1 0.01011623179737758 1 0.01016147665693062 1 0.01020672151648367 1 0.01025196637603672 1 0.01029721123558977 1 0.01034245609514281 1 0.01038770095469586 1 0.01043294581424891 1 0.01047819067380196 1 0.010523435533355011 1 0.01056868039290805 1 0.0106139252524611 4
7 0 0  1 2 2  4.54423609588068 -3.0088254411610222  4.7123889803846968 -2.9940700149792931 
 0.0096185383422940501 2 0.0106139252524611 2
7 0 0  1 2 2  0.31394651025840614 0.70385931738391261  0.32325516050066005 0.70789846935561618 
 0.0053911092316851102 2 0.0073512787302613099 2
7 0 0  1 2 2  0.32325516050066 0.70789846935561695  0.33214278660988417 0.69253142231558507 
 0.0039076356647043398 2 0.0065068826784021499 2
7 0 0  1 2 2  0.33214278660988422 0.69253142231558507  0.32868482777453312 0.67184858378980694 
 0.00083926895785223004 2 0.0034380569700804501 2
7 0 0  1 2 2  0.32868482777453267 0.67184858378980683  0.31643506736598531 0.66650581216977822 
 0.0021789685153223502 2 0.0047791332213295403 2
7 0 0  1 2 2  0.31643506736598531 0.66650581216977822  0.30755568044364207 0.68182108423512711 
 0.00191452251625063 2 0.0045126023274146797 2
7 0 0  1 2 2  0.30755568044364207 0.681821084235127  0.3083557535795407 0.68677270358254061 
 0.00042210335324640999 2 0.00104280864669695 2
7 0 0  1 2 2  0.27915456581710141 0.92669038323228159  0.30088447922987449 0.92669038323228159 
 0.00082259885567416999 2 0.0045914281727891604 2
7 0 0  1 2 2  0.27915456581710141 0.92669038323228126  0.27845886506826778 0.94167760070376971 
 0 2 0.00187768525413552 2
7 0 0  1 2 2  0.27845886506826739 0.94167760070376993  0.30040365385748941 0.94167760070376982 
 0.00042180969503071 2 0.0041920347433702602 2
7 0 0  1 2 2  0.30040365385748946 0.94167760070376982  0.30088447922987072 0.92669038323228137 
 0 2 0.00187567979897139 2
7 0 0  1 2 2  0.43790486437181603 0.97085498805234893  0.43283164010174768 0.97085498805234871 
 0.00048958095774737 2 0.00134436091929153 2
7 0 0  3 25 23  0.43790486437181597 0.97085498805234893  0.43806716862664269 0.97052469391133944  0.43836840335929056 0.96984948114692981  0.43875896422174276 0.96879971313525171  0.43909704917372167 0.96771991358042009  0.43939152523085739 0.96661702521504622  0.43965098905391325 0.96549776603410653  0.43988496515472097 0.96436963216008076  0.44009848726381501 0.9632363898753199  0.44029211408716856 0.96209807973128159  0.44046734956051048 0.96095552996997791  0.4406254397646171 0.95980935525620181  0.44076769522227421 0.9586602253602986  0.44089540427626067 0.95750879353717999  0.44100910518924535 0.95635509695799592  0.44110933336144453 0.95519917066562254  0.44119662281215577 0.9540410490603547  0.44127150578564306 0.95288076562268154  0.44133451286274217 0.95171835310292041  0.44138617293383242 0.95055384357915584  0.44142701322790334 0.94938726854828459  0.44145755926198682 0.94821865898994651  0.44147833505807266 0.9470480454797261  0.44148601993524472 0.94626632056440629  0.44148840802787914 0.94587513416763891 
 0 4 0.00014702012437632999 1 0.00029404024875265001 1 0.00044106037312897998 1 0.00058808049750531 1 0.00073510062188162999 1 0.00088212074625795996 1 0.00102914087063428 1 0.00117616099501061 1 0.0013231811193869401 1 0.00147020124376326 1 0.0016172213681395901 1 0.0017642414925159199 1 0.00191126161689224 1 0.0020582817412685699 1 0.0022053018656449002 1 0.0023523219900212201 1 0.0024993421143975499 1 0.0026463622387738698 1 0.0027933823631502001 1 0.0029404024875265299 1 0.0030874226119028498 1 0.0032344427362791801 4
7 0 0  3 25 23  7.2703308858445164 0  7.241714962613484 0.03966591090656775  7.1876732877807976 0.1207527138650097  7.1146692113589829 0.24681932427340644  7.0481825683048962 0.37649577105076348  6.9867735880540218 0.5089485970733657  6.9291824191252678 0.64336992744091237  6.8742493927031632 0.77885644588190128  6.8214099416792475 0.9149546568344783  6.7705196320669989 1.0516608845847317  6.7213443374848589 1.1888760146324979  6.6736825103919095 1.3265265052231032  6.6273390447208529 1.4645319624056605  6.5821392131758873 1.6028138282695761  6.5379574563461746 1.741368048442149  6.4946682753892899 1.8801907003723888  6.4521500295890526 2.0192778261878481  6.4102861924133263 2.1586254774804527  6.3689668354072992 2.2982297033060015  6.3280897531040834 2.4380865534000904  6.2875613240221799 2.5781920773159364  6.2472977354393207 2.71854232465579  6.2072242883091189 2.8591333450086656  6.180595772365443 2.9530185736476486  6.1672926566131334 3 
 0 4 0.00014702012437632999 1 0.00029404024875265001 1 0.00044106037312897998 1 0.00058808049750531 1 0.00073510062188162999 1 0.00088212074625795996 1 0.00102914087063428 1 0.00117616099501061 1 0.0013231811193869401 1 0.00147020124376326 1 0.0016172213681395901 1 0.0017642414925159199 1 0.00191126161689224 1 0.0020582817412685699 1 0.0022053018656449002 1 0.0023523219900212201 1 0.0024993421143975499 1 0.0026463622387738698 1 0.0027933823631502001 1 0.0029404024875265299 1 0.0030874226119028498 1 0.0032344427362791801 4
7 0 0  1 2 2  0.4414884080278792 0.94587513416763858  0.42924790390873474 0.94587513416763891 
 1.9847891335610001e-05 2 0.00211737385736853 2
7 0 0  3 25 23  0.42924790390889628 0.94587513416763891  0.42925029474139159 0.94626635941217307  0.4292579478090458 0.94704820064291662  0.42927860472724699 0.94821915715035054  0.42930900137002093 0.94938833091033248  0.42934970259828736 0.9505557439718183  0.42940127489880592 0.95172141793656073  0.42946428662441705 0.95288537383542959  0.42953930794508399 0.95404763205850873  0.42962691088686522 0.95520821225948993  0.42972766930597661 0.9563671332792183  0.42984215903102913 0.95752441298805058  0.42997095739266172 0.95868006840298903  0.43011464502918367 0.95983411475566094  0.4302742345088777 0.96098502737378699  0.43045076145367811 0.96213127316178138  0.43064518754215236 0.96327134855140006  0.43085876139650336 0.9644036364926234  0.43109167081108096 0.96552693909786447  0.43134911427381362 0.9666380761403377  0.43164132059589799 0.9677318780411851  0.4319774801404927 0.96880358110055587  0.43236708728677398 0.96984829367584091  0.43266875090702228 0.9705235102879588  0.43283164010188496 0.97085498805234971 
 2.84e-15 4 0.00014639784556412999 1 0.00029279569112542001 1 0.00043919353668670001 1 0.00058559138224798999 1 0.00073198922780927996 1 0.00087838707337057004 1 0.00102478491893185 1 0.00117118276449314 1 0.00131758061005443 1 0.00146397845561571 1 0.001610376301177 1 0.0017567741467382899 1 0.0019031719922995799 1 0.0020495698378608599 1 0.0021959676834221501 1 0.0023423655289834398 1 0.0024887633745447201 1 0.0026351612201060098 1 0.0027815590656673 1 0.0029279569112285902 1 0.00307435475678987 1 0.0032207526023511602 4
7 0 0  3 25 23  2.9286090963324729 3  2.9153045823465003 2.9530139076575455  2.8886726394762547 2.8591146462511428  2.8485905623901262 2.7184822093983732  2.8083136318406643 2.5780639132231529  2.7677646112338001 2.4378574431482805  2.7268563328831394 2.2978604845892638  2.6854909142615941 2.1580707229879996  2.6435610523379891 2.0184858436887101  2.6009509120717174 1.8791035323995184  2.5575373102814472 1.7399214734710258  2.5131912285488336 1.6009373563196079  2.4677792900666957 1.4621488514563956  2.4211672125892214 1.3235536999474722  2.3732275393433961 1.1853347874977127  2.3238167913933157 1.0476759825148549  2.2727901491831224 0.91075748590949035  2.2199666342466422 0.77477318587810384  2.1652784222620669 0.63986588897066921  2.1081296905264901 0.50641915855495734  2.0472180373954973 0.3750573152779394  1.9811607443106025 0.24635359675655161  1.908386892409526 0.12089493296614506  1.8542853506347887 0.03980802264072815  1.8255655184908477 0 
 2.84e-15 4 0.00014639784556412999 1 0.00029279569112542001 1 0.00043919353668670001 1 0.00058559138224798999 1 0.00073198922780927996 1 0.00087838707337057004 1 0.00102478491893185 1 0.00117118276449314 1 0.00131758061005443 1 0.00146397845561571 1 0.001610376301177 1 0.0017567741467382899 1 0.0019031719922995799 1 0.0020495698378608599 1 0.0021959676834221501 1 0.0023423655289834398 1 0.0024887633745447201 1 0.0026351612201060098 1 0.0027815590656673 1 0.0029279569112285902 1 0.00307435475678987 1 0.0032207526023511602 4
7 0 0  1 2 2  0.423724619851444 0.92669038323228181  0.44547930634349048 0.92669038323228148 
 1.5865255039020001e-05 2 0.00378885760736651 2
7 0 0  1 2 2  0.42372461985144411 0.92669038323228159  0.4234504893262524 0.92798962576099309 
 0 2 0.00016906935096465999 2
7 0 0  1 2 2  0.4234504893262524 0.92798962576099309  0.42409318059104706 0.94167760070376993 
 0 2 0.0017151820189018399 2
7 0 0  1 2 2  0.42409318059104706 0.94167760070377005  0.44640722302090613 0.94167760070376982 
 0.00045046185502636003 2 0.0042840861702342298 2
7 0 0  1 2 2  0.44640722302090613 0.94167760070376982  0.44547930634349042 0.92669038323228148 
 0 2 0.00188067928461998 2
7 0 0  1 2 2  0.29551729662797027 0.9458751341676388  0.2836667660941653 0.94587513416763891 
 9.9183133647530003e-05 2 0.0021298953610210001 2
7 0 0  3 69 67  0.2836667660941653 0.94587513416763891  0.28367915105771008 0.94611919916417375  0.2837052863253281 0.94660691854985435  0.28374872087019209 0.94733724766743899  0.28379652257081772 0.94806630872511566  0.28384882732287214 0.94879408348462102  0.28390577113963211 0.94952055369169752  0.28396749072120475 0.95024570071459458  0.28403412144201751 0.95096950681768422  0.28410580482973063 0.95169195037772103  0.28418266065956138 0.952413023692668  0.28426496645259847 0.95313261832910112  0.2843530483472872 0.95385059495043378  0.28444722111192805 0.95456682183452513  0.28454780257991447 0.95528116482248182  0.28465511307309393 0.95599349064137273  0.28476946323493879 0.95670366350822644  0.28489120323136269 0.95741155522620613  0.28502053806588085 0.9581170080219934  0.28515836081496915 0.95882000315517535  0.28530626877781606 0.95952068794600209  0.28546567389328242 0.96021909548989726  0.28563818592956314 0.96091557123864368  0.28582474324091567 0.96160915799493119  0.28602505398248751 0.96229665479682358  0.28623923808956431 0.96297524102770149  0.28646660545734326 0.96364209410318769  0.28670945427888977 0.96429400081665484  0.28697993427995805 0.96492654344520012  0.28728864034477852 0.96553509215192224  0.28764730609776068 0.96611636262168332  0.28806468921981887 0.96666169323129736  0.2885261753914834 0.96711915279625893  0.28901896877614447 0.96744042249069495  0.28952966912787725 0.96757625335533481  0.29004490308269171 0.96747768914306531  0.29054841703338952 0.96719099085316163  0.29102390316478416 0.96676268504437091  0.29145572603088182 0.96623851087860002  0.29182617695542284 0.96566731092171643  0.29214404540000671 0.96506092528855902  0.29242148723639871 0.9644266459136529  0.2926694265951732 0.9637727096578943  0.2929003518806863 0.96310792724389038  0.29311704085452467 0.96243465584354837  0.29331933542103494 0.96175323272825275  0.29350784595158658 0.96106450555793843  0.29368287433416468 0.96036917918143738  0.29384538619271805 0.95966802470497437  0.29399669247501858 0.95896182491818693  0.29413799204481345 0.95825134320037075  0.29427061841658025 0.95753740491734785  0.29439535364510905 0.95682054054453047  0.29451243687000284 0.95610098618337958  0.29462222172215519 0.95537904003408181  0.29472503056119603 0.95465498346004818  0.29482119324951078 0.95392910167989298  0.29491103772293514 0.95320168012180295  0.29499488884779507 0.95247299849075107  0.29507308234519569 0.95174335831195789  0.29514590750700376 0.95101297378319871  0.29521350304618627 0.95028177331705788  0.29527602835591266 0.94954972504823743  0.29533363688864928 0.94881678625528731  0.29538648329454492 0.94808291692716251  0.29543472150185413 0.94734807613695704  0.29547850526980812 0.94661222303991843  0.29550482702959846 0.94612095205664881  0.29551729662797011 0.94587513416763935 
 0 4 9.1252909581299995e-05 1 0.00018250581916259999 1 0.0002737587287439 1 0.00036501163832519001 1 0.00045626454790648999 1 0.00054751745748779002 1 0.00063877036706908995 1 0.00073002327665038999 1 0.00082127618623169002 1 0.00091252909581298995 1 0.00100378200539428 1 0.00109503491497558 1 0.0011862878245568801 1 0.0012775407341381799 1 0.0013687936437194799 1 0.00146004655330078 1 0.00155129946288208 1 0.00164255237246338 1 0.0017338052820446699 1 0.0018250581916259699 1 0.00191631110120727 1 0.00200756401078857 1 0.00209881692036987 1 0.0021900698299511701 1 0.0022813227395324701 1 0.0023725756491137602 1 0.0024638285586950602 1 0.0025550814682763598 1 0.0026463343778576598 1 0.0027375872874389599 1 0.0028288401970202599 1 0.00292009310660156 1 0.00301134601618285 1 0.00310259892576415 1 0.0031938518353454501 1 0.0032851047449267501 1 0.0033763576545080502 1 0.0034676105640893502 1 0.0035588634736706498 1 0.0036501163832519498 1 0.0037413692928332399 1 0.0038326222024145399 1 0.00392387511199584 1 0.00401512802157714 1 0.00410638093115844 1 0.0041976338407397401 1 0.0042888867503210401 1 0.0043801396599023297 1 0.0044713925694836298 1 0.0045626454790649298 1 0.0046538983886462298 1 0.0047451512982275299 1 0.0048364042078088299 1 0.00492765711739013 1 0.0050189100269714196 1 0.0051101629365527196 1 0.0052014158461340197 1 0.0052926687557153197 1 0.0053839216652966197 1 0.0054751745748779198 1 0.0055664274844592198 1 0.0056576803940405103 1 0.0057489333036218103 1 0.0058401862132031104 1 0.0059314391227844104 1 0.0060226920323657096 4
7 0 0  3 69 67  8.5447690039154942 3  8.5362304790255799 2.9706878324373442  8.5191017293921547 2.9121128300562531  8.4932308024545939 2.8244005365666349  8.4671598895672382 2.7368406643330507  8.4408649891428382 2.6494354268932288  8.4143210459535744 2.5621870290048747  8.3875018601380198 2.4750977081822381  8.360380386363321 2.3881695796933293  8.3329284123285952 2.3014052150349249  8.305118430605134 2.2148054830345387  8.2769131472074626 2.128383440707176  8.2482692471543082 2.0421558701214724  8.219140995822027 1.9561386087367145  8.189479739028485 1.8703477634604369  8.159234047774607 1.7847993080164415  8.1283515461164555 1.6995094794151233  8.096773748043411 1.614493594704586  8.0644576520777598 1.529770387495172  8.0312814531400676 1.4453423089758692  7.9970283252940035 1.361192192357346  7.9614891714909364 1.2773162940833913  7.9244105966073048 1.1936732595089594  7.8856401556379803 1.1103776284412958  7.8452305835365115 1.0278128659262282  7.8031778550901061 0.9463170653596289  7.759594431498031 0.86622825802731562  7.7141997032303653 0.78793292058184961  7.6652641900611105 0.71196566877516576  7.6111340747551361 0.63888405657149461  7.5498542089021443 0.56908202845212974  7.4799220850214523 0.50359551282966553  7.4038723547976462 0.44865716545741863  7.3237876112765603 0.41007062510860093  7.2416025675150415 0.39375495579650183  7.1587440461685619 0.40559653755437874  7.0770817458906219 0.44003168803438175  6.9990085702955431 0.49146816614952227  6.9270353177087545 0.55441265508888704  6.8640969901326718 0.62300469967699856  6.8086547489270659 0.69582659075920028  6.7587014553108054 0.77200270065801835  6.7125647418201551 0.85054198489309085  6.668532544509719 0.93038194424210519  6.6262480877041749 1.0112392203143654  6.5857052252144195 1.0930745198130549  6.54679245919528 1.1757867227659775  6.5094296890319105 1.2592919472922126  6.4734540158121412 1.3434978236289339  6.4386721967259017 1.4283102023181402  6.4049172418156308 1.5136372128700424  6.3720240138100586 1.5993793543832442  6.339893449427171 1.6854727885645364  6.3084788865248109 1.7718893154937922  6.2777242086974256 1.858593177543707  6.2475782523112331 1.9455506294728488  6.2179915439714977 2.0327274342037236  6.1889176412882172 2.1200893096169486  6.1603132372460063 2.2076026455971127  6.1321382052912012 2.2952311890541193  6.1043568315662542 2.3829491967670005  6.0769370738414006 2.470765335814793  6.049847074684914 2.5586834659966109  6.0230559894285305 2.6467087352183669  5.9965339819903711 2.7348459462381287  5.9702524791414371 2.8230999942985155  5.9441840995560637 2.9114757498523156  5.9269303820529915 2.9704773099684862  5.9183305057062192 3 
 0 4 9.1252909581299995e-05 1 0.00018250581916259999 1 0.0002737587287439 1 0.00036501163832519001 1 0.00045626454790648999 1 0.00054751745748779002 1 0.00063877036706908995 1 0.00073002327665038999 1 0.00082127618623169002 1 0.00091252909581298995 1 0.00100378200539428 1 0.00109503491497558 1 0.0011862878245568801 1 0.0012775407341381799 1 0.0013687936437194799 1 0.00146004655330078 1 0.00155129946288208 1 0.00164255237246338 1 0.0017338052820446699 1 0.0018250581916259699 1 0.00191631110120727 1 0.00200756401078857 1 0.00209881692036987 1 0.0021900698299511701 1 0.0022813227395324701 1 0.0023725756491137602 1 0.0024638285586950602 1 0.0025550814682763598 1 0.0026463343778576598 1 0.0027375872874389599 1 0.0028288401970202599 1 0.00292009310660156 1 0.00301134601618285 1 0.00310259892576415 1 0.0031938518353454501 1 0.0032851047449267501 1 0.0033763576545080502 1 0.0034676105640893502 1 0.0035588634736706498 1 0.0036501163832519498 1 0.0037413692928332399 1 0.0038326222024145399 1 0.00392387511199584 1 0.00401512802157714 1 0.00410638093115844 1 0.0041976338407397401 1 0.0042888867503210401 1 0.0043801396599023297 1 0.0044713925694836298 1 0.0045626454790649298 1 0.0046538983886462298 1 0.0047451512982275299 1 0.0048364042078088299 1 0.00492765711739013 1 0.0050189100269714196 1 0.0051101629365527196 1 0.0052014158461340197 1 0.0052926687557153197 1 0.0053839216652966197 1 0.0054751745748779198 1 0.0055664274844592198 1 0.0056576803940405103 1 0.0057489333036218103 1 0.0058401862132031104 1 0.0059314391227844104 1 0.0060226920323657096 4
7 0 0  3 25 23  0.69971734343905179 0.71056106706822941  0.69977046893052008 0.70917685941317843  0.69997284049676023 0.70642966118353756  0.70054887102269159 0.70240261275788063  0.70138139643174346 0.69849937583233057  0.70245475245085709 0.69475013582460698  0.70375317073644894 0.69118420770049138  0.70526208921707123 0.68783401192068683  0.70696235255961115 0.68471722468164509  0.70883019153378413 0.68183680108020905  0.7108429990400571 0.67919886645572525  0.71297803477253596 0.67680876649033261  0.71521275920627081 0.67467214059114167  0.71752474846086001 0.6727946519560436  0.71990277749870335 0.67116592809266185  0.72233564635804026 0.66977563762204351  0.72481207673417658 0.66861344989995553  0.72732112134057481 0.66766923397992717  0.72985062049077976 0.66693232008297676  0.73239416104989585 0.66639484512944502  0.73495106326776005 0.66605171131562646  0.73751941970356794 0.66589723502922749  0.74009764156459001 0.66592589124084201  0.74182190769608958 0.66606337447846242  0.74268512703143963 0.66616078541129464 
 0 4 0.00049670837179240004 1 0.0009934167435847901 1 0.0014901251153771899 1 0.0019868334871695802 1 0.0024835418589619798 1 0.0029802502307543699 1 0.0034769586025467699 1 0.0039736669743391604 1 0.0044703753461315596 1 0.0049670837179239596 1 0.0054637920897163501 1 0.0059605004615087501 1 0.0064572088333011398 1 0.0069539172050935398 1 0.0074506255768859303 1 0.0079473339486783295 1 0.00844404232047072 1 0.0089407506922631191 1 0.0094374590640555096 1 0.0099341674358479105 1 0.010430875807640299 1 0.0109275841794327 4
7 0 0  3 25 23  4.7123889803846941 -7.9909350164202948  4.6843924208104966 -7.9838102545660909  4.6285473272578859 -7.9809298300661169  4.5453525682612845 -8.0094841476735645  4.4628331706390298 -8.0696780334254026  4.381183750193439 -8.160286751416562  4.3006131714882514 -8.2800460074551481  4.2213777281909808 -8.4278390901885576  4.1435255136854146 -8.6018537218687108  4.0669905694169168 -8.7995820610086533  3.9918309398234229 -9.0186638409910884  3.9181588764564239 -9.2566992661337171  3.8461404775461281 -9.5112990821444328  3.7759728131306476 -9.780071398235668  3.7074305945527626 -10.061577673416741  3.6403328123370295 -10.354381984827228  3.5745456916654375 -10.657037932494397  3.5099735508029402 -10.968138406764414  3.4465920859832186 -11.286129613820309  3.3842876425733235 -11.610149125632049  3.322826258517003 -11.940025882613133  3.2620107263405758 -12.275442133044322  3.2016486023967756 -12.616119444747131  3.1615986837700878 -12.846552347924273  3.1415926535897816 -12.962549807751891 
 0 4 0.00049670837179240004 1 0.0009934167435847901 1 0.0014901251153771899 1 0.0019868334871695802 1 0.0024835418589619798 1 0.0029802502307543699 1 0.0034769586025467699 1 0.0039736669743391604 1 0.0044703753461315596 1 0.0049670837179239596 1 0.0054637920897163501 1 0.0059605004615087501 1 0.0064572088333011398 1 0.0069539172050935398 1 0.0074506255768859303 1 0.0079473339486783295 1 0.00844404232047072 1 0.0089407506922631191 1 0.0094374590640555096 1 0.0099341674358479105 1 0.010430875807640299 1 0.0109275841794327 4
7 0 0  3 25 23  0.69971734343905179 0.71056106706822941  0.69954530467868703 0.71504492617463433  0.69921850904311 0.72400316236888573  0.69878022970340392 0.73741229266252539  0.69839390403842494 0.75079341787589415  0.69805967274920533 0.76414676791810876  0.69777774486677158 0.77747257688941362  0.69754840890082659 0.79077108195038559  0.69737203255361691 0.80404252072877092  0.69724906586372748 0.8172871291704098  0.69718004382129195 0.83050513931820602  0.69716558954242502 0.84369677715153801  0.69720641774136893 0.85686226044406433  0.69730333860390326 0.87000179664377808  0.69745726207022185 0.88311558076625252  0.69766920256905496 0.89620379329375743  0.69794028422488963 0.90926659807449461  0.69827174662735325 0.92230414020336005  0.69866495102617621 0.93531654391022323  0.69912138767622234 0.94830391031031858  0.69964268186696377 0.961266315505931  0.70023060810143467 0.9742038071544582  0.70088707739200573 0.98711640647160748  0.7013718449563856 0.99570819521652831  0.70162635472467649 0.99999993505782458 
 0.00095398893928485998 4 0.0025778623167335298 1 0.0042017356941822003 1 0.0058256090716308703 1 0.00744948244907953 1 0.0090733558265282 1 0.010697229203976861 1 0.01232110258142553 1 0.013944975958874201 1 0.015568849336322859 1 0.017192722713771529 1 0.018816596091220199 1 0.02044046946866886 1 0.022064342846117531 1 0.023688216223566198 1 0.025312089601014859 1 0.02693596297846353 1 0.028559836355912201 1 0.030183709733360861 1 0.031807583110809529 1 0.033431456488258203 1 0.035055329865706857 1 0.036679203243155531 4
7 0 0  1 2 2  0.22002481661046353 0.99999977020700204  0.70162625985757376 1.0000000228730244 
 1.6099999999999999e-15 2 1 2
7 0 0  3 69 67  0 0.070801103402772833  0.0039114167034189698 0.070829895524575692  0.0116717098355704 0.07136580942369386  0.02312010757595432 0.073564464855742917  0.034402715900613882 0.077127181252236554  0.045438429486009062 0.081990052319413698  0.056143788789466742 0.088088097263953738  0.066459583626514829 0.095308399037296446  0.076326500149600171 0.1035257576175026  0.085745392653097094 0.11264261448270477  0.094734273542015329 0.12257202981431246  0.10328117592503845 0.13319876295098476  0.11135936515852003 0.14438401932593903  0.11900042681568967 0.15607462326867205  0.12626134225811905 0.16825524989117815  0.13317270466363251 0.18090122381965804  0.13975991870451854 0.19400110984217786  0.14602787365211972 0.20749274603676326  0.1519595433188137 0.22126140925830196  0.15756280013402194 0.23525306407376681  0.16286391520655902 0.24946389549981091  0.16788406991440114 0.26388046090682726  0.17264525381423848 0.27849144466361575  0.17716547033459826 0.29328915819372586  0.18145744670847971 0.30827395071000135  0.18553409756460845 0.32344448720539098  0.18940814736235961 0.33880217615007002  0.19308960886369142 0.35433978549236783  0.19658074543647364 0.37002160517130916  0.19988462451328218 0.38581603645277196  0.20300349971701512 0.40168941854364887  0.20594021342564472 0.41761196946836676  0.20870387659185802 0.43358300553799672  0.21130259669344656 0.44959948778917824  0.2137442077994568 0.46565900309428898  0.21603609833216417 0.48175890297130763  0.21818241565845803 0.49789944979368195  0.22018702455941352 0.51408096989057739  0.22205350663731444 0.53030397651172412  0.22378516780731397 0.54656904332981038  0.22538504026993766 0.56287671849176746  0.2268558978356566 0.5792276500309812  0.22820022129543707 0.59562204734197832  0.22942034881797221 0.61206159527575832  0.23051754052682794 0.62853700725752715  0.23149253757100904 0.64503564254494428  0.23234587763662831 0.66154570146309744  0.23307781480496725 0.67805516125550913  0.23368834108013958 0.69455212334149996  0.23417717741539801 0.71102458122784451  0.23454377999690104 0.72746109298219719  0.23478731081868906 0.74384841154928105  0.23490675058883709 0.76018221385602402  0.23490089802143288 0.77646701417975617  0.23476824309926589 0.7927054115232971  0.23450698084066027 0.80890045664281229  0.23411498828385599 0.82505498109262077  0.23358981957205963 0.84117180381975099  0.23292865644633187 0.85725346739936559  0.23212840933831838 0.87330297953455782  0.23118522841027681 0.88932086989982928  0.23009358668298738 0.90530002317189906  0.22884763616896214 0.92123440360866382  0.22744095609757606 0.93711768382649885  0.22586657950877514 0.95294359648476246  0.22411691251349478 0.96870581761475605  0.22218378782700812 0.98439798596241057  0.22076664386727379 0.99480841601951808  0.22002449709810185 0.99999980395901567 
 0 4 0.0020015352220391701 1 0.0040030704440783401 1 0.0060046056661175002 1 0.0080061408881566699 1 0.01000767611019584 1 0.012009211332235009 1 0.01401074655427418 1 0.01601228177631335 1 0.01801381699835251 1 0.020015352220391681 1 0.022016887442430851 1 0.024018422664470018 1 0.026019957886509189 1 0.028021493108548359 1 0.03002302833058753 1 0.032024563552626693 1 0.034026098774665857 1 0.036027633996705027 1 0.038029169218744198 1 0.040030704440783368 1 0.042032239662822532 1 0.044033774884861702 1 0.046035310106900873 1 0.048036845328940037 1 0.050038380550979207 1 0.052039915773018378 1 0.054041450995057548 1 0.056042986217096712 1 0.058044521439135882 1 0.060046056661175053 1 0.062047591883214223 1 0.064049127105253387 1 0.06605066232729255 1 0.068052197549331728 1 0.070053732771370891 1 0.072055267993410055 1 0.074056803215449232 1 0.076058338437488396 1 0.078059873659527559 1 0.080061408881566737 1 0.0820629441036059 1 0.084064479325645064 1 0.086066014547684241 1 0.088067549769723405 1 0.090069084991762569 1 0.092070620213801746 1 0.09407215543584091 1 0.096073690657880073 1 0.098075225879919251 1 0.10007676110195841 1 0.10207829632399759 1 0.10407983154603676 1 0.10608136676807592 1 0.1080829019901151 1 0.11008443721215426 1 0.11208597243419342 1 0.1140875076562326 1 0.11608904287827176 1 0.11809057810031093 1 0.12009211332235011 1 0.12209364854438927 1 0.12409518376642843 1 0.12609671898846761 1 0.12809825421050677 1 0.13009978943254594 1 0.1321013246545851 4
1 -4.0000000000000003e-17 -6.0000000000000001e-17 -3.0000000000000001e-17 1 
1 1 4.0000000000000003e-17 -1 -4.0000000000000003e-17 
1 1 -0 0 1 
7 0 0  3 69 67  1 0.035674448242254062  0.99709097402465419 0.035686547242667267  0.99130598072977971 0.035957611821961472  0.98273086859886238 0.037091304167783661  0.97426132329951787 0.038938645980848452  0.96590057873510393 0.04148598738042307  0.95764855396656523 0.044722532779055073  0.94953986119289435 0.048608304355257703  0.94161275867489691 0.053098276399521742  0.93390161119254123 0.058148032958702342  0.92644463581559733 0.063709008546658522  0.9192399994489483 0.069748330983435969  0.91227361993370282 0.076239177771727576  0.90553472927533274 0.083153504389907748  0.8990091199723963 0.090465863938786986  0.8926966862675203 0.098141310339755039  0.88660491635127225 0.106138713515589  0.88073804136850875 0.11441933856095575  0.87510306745033306 0.12293906805889918  0.86969310164436198 0.13167648684106356  0.86448817779226506 0.14063355951944598  0.85947202367535314 0.14980738810099714  0.85462642836988933 0.15919889835589829  0.84994083595879144 0.16880001578920695  0.84541675048749165 0.17858707098284152  0.84105327152973264 0.18853933776081383  0.83685039325260158 0.19863453219646532  0.83280639201575468 0.2088535268265313  0.82891479574296001 0.21918697838420628  0.82516998201446123 0.22962433126426304  0.82156637597347837 0.24015513785164636  0.81809846470742531 0.25076999562595659  0.81475951372790167 0.26146867653109673  0.81154311995978801 0.27225029713224591  0.80844305236673142 0.28311423923352369  0.80545329342816996 0.29405986704991383  0.80257016691980421 0.30508547017532117  0.79979010971271713 0.3161893931469541  0.7971096792837008 0.32737002456057218  0.79452554943460163 0.33862579662676406  0.79203451766133259 0.34995513592729549  0.78963347339160639 0.36135660235805545  0.78731950757632141 0.37282832748531802  0.78508949315983501 0.38437007035637921  0.78294277685728131 0.39596989303040969  0.78087953252680842 0.40761207030351326  0.77889969827381078 0.41928238228617076  0.77700378919853796 0.43096403787392434  0.77518986626441844 0.44265313977404319  0.77345464276856413 0.4543531935438257  0.77179531882971797 0.46606588901933688  0.77020896338551037 0.47779369756183188  0.76869343803979073 0.48953742966671765  0.767247348954605 0.50129641340418529  0.76586923780491312 0.51307030397741848  0.76455775893343425 0.52485873113254666  0.76331163010509762 0.53666134633241558  0.76212964171068742 0.54847779210758008  0.76101065948277558 0.56030771566911142  0.7599535951772427 0.57215072720931959  0.7589575174146943 0.58400654314549139  0.75802185224832874 0.59587526219135056  0.75714604717821865 0.60775693283506216  0.75632962358012135 0.61965161735784202  0.75557216223033663 0.63155937165240161  0.75487330943615416 0.64348024726568842  0.75423276820240348 0.65541428925919232  0.75384447556394296 0.66337911580141751  0.7536599738999562 0.66736373459776577 
 0 4 0.00145391155538077 1 0.0029078231107615301 1 0.0043617346661423001 1 0.0058156462215230697 1 0.0072695577769038297 1 0.0087234693322846002 1 0.01017738088766537 1 0.011631292443046131 1 0.0130852039984269 1 0.01453911555380767 1 0.015993027109188439 1 0.0174469386645692 1 0.018900850219949972 1 0.02035476177533074 1 0.0218086733307115 1 0.023262584886092268 1 0.02471649644147304 1 0.026170407996853801 1 0.027624319552234568 1 0.02907823110761534 1 0.030532142662996101 1 0.031986054218376872 1 0.033439965773757643 1 0.034893877329138401 1 0.036347788884519172 1 0.037801700439899943 1 0.039255611995280701 1 0.040709523550661472 1 0.042163435106042237 1 0.043617346661423001 1 0.045071258216803772 1 0.046525169772184537 1 0.047979081327565301 1 0.049432992882946072 1 0.050886904438326837 1 0.052340815993707601 1 0.053794727549088373 1 0.055248639104469137 1 0.056702550659849901 1 0.058156462215230673 1 0.059610373770611437 1 0.061064285325992201 1 0.062518196881372973 1 0.063972108436753744 1 0.065426019992134501 1 0.066879931547515273 1 0.068333843102896044 1 0.069787754658276802 1 0.071241666213657573 1 0.072695577769038344 1 0.074149489324419102 1 0.075603400879799873 1 0.077057312435180644 1 0.078511223990561402 1 0.079965135545942173 1 0.081419047101322944 1 0.082872958656703702 1 0.084326870212084473 1 0.085780781767465245 1 0.087234693322846002 1 0.088688604878226773 1 0.090142516433607545 1 0.091596427988988302 1 0.093050339544369073 1 0.094504251099749845 1 0.095958162655130602 4
7 0 0  1 2 2  0.75365997389996164 0.6673637345977691  0.74268512703143963 0.66616078541129464 
 6.2999999999999998e-16 2 0.0021215011341108102 2
1 15.707963267948958 0 -1 0 
1 12.201515812885805 0 0 1 
1 5.9183305057062192 0 0 1 
1 15.707963267948966 3 -1 0 
1 9.4247779607693722 0 -1 0 
1 9.4247779607693793 3 -1 0 
1 9.4247779607693811 0 -1 0 
7 0 0  1 2 2  4.5062230672578165 -3.9947994789982744  4.5442360958806862 -3.0088254411610365 
 4.2266915723088223 2 4.2647046009316893 2
7 0 0  3 25 23  4.1567856656552546 -3.5047418311646013  4.1620801717401399 -3.5200066189101431  4.1726691839099148 -3.5498443944971787  4.1885527021645803 -3.5925149454911911  4.2044362204192351 -3.6330884641072556  4.2203197386739015 -3.6715547559634945  4.2362032569285599 -3.7079041056206195  4.2520867751832272 -3.7421273458162507  4.2679702934378803 -3.7742158418832528  4.283853811692552 -3.804161498722689  4.2997373299472068 -3.8319567615615076  4.3156208482018732 -3.8575946182026102  4.3315043664565342 -3.8810686007015769  4.3473878847111926 -3.902372787023598  4.3632714029658608 -3.9215018025290527  4.3791549212205192 -3.9384508213380558  4.3950384394751829 -3.9532155675216019  4.4109219577298413 -3.9657923162773718  4.4268054759845041 -3.9761778945071407  4.442688994239167 -3.9843696829696178  4.4585725124938227 -3.9903656118940072  4.4744560307484935 -3.9941641803390473  4.490339549003151 -3.9957643862708792  4.5009285611729242 -3.9953654548787316  4.5062230672578112 -3.994799478998317 
 2.8044204721209369 4 2.8203039903755984 1 2.8361875086302599 1 2.8520710268849219 1 2.8679545451395834 1 2.8838380633942449 1 2.8997215816489064 1 2.9156050999035679 1 2.9314886181582294 1 2.9473721364128913 1 2.9632556546675528 1 2.9791391729222143 1 2.9950226911768758 1 3.0109062094315373 1 3.0267897276861992 1 3.0426732459408607 1 3.0585567641955222 1 3.0744402824501837 1 3.0903238007048452 1 3.1062073189595067 1 3.1220908372141687 1 3.1379743554688302 1 3.1538578737234917 4
1 9.4247779607693793 0 -1 0 
1 9.4247779607693793 0 0 1 
1 3.1415926535897931 0 0 1 
1 9.4247779607694113 0.50000000000004263 -1 0 
1 9.4247779607693793 -7.1100000000000008e-15 -1 0 
1 9.4247779607693793 0 0 1 
1 3.1415926535897931 0 0 1 
1 9.4247779607693403 0.50000000000004263 -1 0 
1 9.4247779607693793 0 -1 0 
1 9.4247779607693793 0 0 1 
1 3.1415926535897931 0 0 1 
1 9.42477796076939 0.50000000000005684 -1 0 
1 4.712388980384703 -39.234556337846939 -3.5999999999999998e-16 1 
1 3.1415926535897838 4.6190000000000003e-14 -1.6000000000000001e-16 1 
Curves 152
7 0 0  3 4 2  12.393653802771 -100.84334310581799 60.718709221008702  13.227693278491 -100.637815613911 60.5966817984418  14.0578295627489 -100.428362018729 60.458459926024297  14.884097421131699 -100.215017289933 60.304187847142998 
 0.00060634620989359004 4 0.0032078711494377401 4
7 0 0  3 4 2  14.884097421131601 -100.215017289933 60.304187847143098  15.442365438755301 -100.816275496364 60.026243202109804  15.997473080280301 -101.414933254906 59.7372273423072  16.5494028588497 -102.01097617687201 59.437079008966599 
 0.00083597318502647998 4 0.0034340091188472702 4
7 0 0  3 4 2  16.549402858849803 -102.01097617687201 59.437079008966599  16.281534697214799 -102.825166754018 59.311623137609303  16.011898431364898 -103.637707562261 59.1797918730338  15.7405029008823 -104.44860684956799 59.041617088820402 
 0.00055075192950946 4 0.0031493374926424601 4
7 0 0  3 4 2  15.740502900882198 -104.44860684956799 59.041617088820303  14.917085448450701 -104.664095100301 59.205233597196397  14.0895837411828 -104.87571333598299 59.352721488134002  13.2579631535137 -105.083428747336 59.483944026168004 
 0.00223695857487631 4 0.0048370787174394801 4
7 0 0  3 4 2  13.257963153513399 -105.08342874733501 59.483944026168203  12.700385485916 -104.482699106775 59.764928415329599  12.139817687512501 -103.87955377868501 60.034734712211801  11.576270928264 -103.27400178713 60.293404673803003 
 0.0029252676968706498 4 0.0055245864818573498 4
7 0 0  3 4 2  11.5762709282643 -103.27400178713 60.293404673802897  11.850507366697201 -102.465546462758 60.441659812941204  12.122970103966599 -101.65532867015401 60.583434495526795  12.3936538027711 -100.843343105817 60.718709221008794 
 0.0019154208397929699 4 0.0045148389007629601 4
7 0 0  3 4 2  32.838549810695405 -32.802862531014497 55.072018608677801  33.321384836414005 -32.207006506215507 54.668388045998704  33.797571427627297 -31.6128677997912 54.2549272977258  34.267082284420702 -31.0204534634235 53.831595998984199 
 0.00201035033916946 4 0.00460946737869267 4
7 0 0  3 4 2  34.267082284420603 -31.020453463423401 53.831595998984199  34.992349548373497 -31.255768620389595 53.419418002491099  35.708359057753796 -31.4937086078228 52.993735709664001  36.415154854179399 -31.7342609387014 52.554613364057701 
 0.0022864286711640402 4 0.0048849429920225004 4
7 0 0  3 4 2  36.415154854179399 -31.7342609387014 52.554613364057701  36.664692204339502 -32.563593103882802 52.556360120258397  36.910350193823703 -33.394058235135198 52.5525147300513  37.152112479132697 -34.2256611055723 52.543053634080103 
 0.0011000431575221401 4 0.0036981767236990899 4
7 0 0  3 4 2  37.152112479132796 -34.225661105572399 52.543053634080103  36.693549214944902 -34.814909900158099 52.9817706298739  36.228148746755799 -35.4060661551338 53.410713688538102  35.7559252133182 -35.9991259260348 53.829903021738403 
 0.0041971143463179804 4 0.0067951236193012302 4
7 0 0  3 4 2  35.7559252133181 -35.999125926034701 53.829903021738403  35.0431760949728 -35.760122387223504 54.260805144273903  34.321410405525 -35.523774093067097 54.678225397057801  33.590605564949094 -35.290087693043397 55.0821300177032 
 0.0046880303605116901 4 0.0072875083100447796 4
7 0 0  3 4 2  33.590605564949094 -35.290087693043503 55.0821300177032  33.343837468555897 -34.459792384086398 55.0844364291437  33.093148500663098 -33.630718487816594 55.081060573420295  32.838549810695405 -32.802862531014497 55.072018608677901 
 0.00056453579734617001 4 0.0031629889112126299 4
7 0 0  3 4 2  14.9767046843115 -15.388048067731299 58.4389149359573  14.1523942583866 -15.165199608581899 58.588415819948302  13.324062407889599 -14.9471000654733 58.721913352746903  12.491668474889501 -14.7337974515155 58.839245735185202 
 0.00212441153071526 4 0.0047249754819556501 4
7 0 0  3 4 2  12.491668474889501 -14.7337974515155 58.839245735185102  12.2236662810095 -13.9272945570606 58.671500189196301  11.953910115958999 -13.1227609528129 58.497518539981399  11.682404706976699 -12.320191331213801 58.317317594856696 
 0.00073817934041416002 4 0.00333677043017706 4
7 0 0  3 4 2  11.682404706976699 -12.320191331213699 58.317317594856696  12.2468714978039 -11.727852289333001 58.031097368098301  12.8083293485683 -11.138523428420999 57.733630499671499  13.3667592441374 -10.5522237714522 57.424845915917196 
 0.00099845830370412004 4 0.0035981515258714501 4
7 0 0  3 4 2  13.366759244134 -10.552223771468698 57.4248459159231  14.196504819406901 -10.7684424079658 57.2975805357922  15.021946290756601 -10.9894414776661 57.154053602116697  15.8431245689611 -11.215175542251901 56.994419681983999 
 0.00072689942284320005 4 0.0033262016564967901 4
7 0 0  3 4 2  15.8431245689611 -11.215175542251901 56.994419681983999  16.111808313184099 -12.020684563898199 57.1647505341748  16.378763206347099 -12.8280292321798 57.329009349017007  16.643980239989101 -13.637219112033799 57.487164487166503 
 0.0021717000437278702 4 0.0047698437258422996 4
7 0 0  3 4 2  16.643980239989101 -13.637219112033799 57.487164487166503  16.091447876111602 -14.217591896358499 57.815659814415199  15.5356801122142 -14.8012108242963 58.1328777381949  14.9767046843115 -15.388048067731299 58.4389149359573 
 0.00308104928178468 4 0.0056791712894368497 4
7 0 0  3 5 3  42.380836069706696 -80.093929360778901 49.924177133371998  41.457489778729702 -80.000135513306105 50.721381051748601  39.527858595156097 -80.220580264557995 52.236808819608299  37.6728978143055 -81.466212986108701 53.385630710530904  36.939386630219602 -82.37242107498389 53.755244073008697 
 1.0000000000000001e-17 4 0.0036259486693524402 1 0.0072518973387048803 4
7 0 0  3 4 2  42.380836069706696 -80.093929360778901 49.924177133371998  42.885176532446501 -80.145160445907905 49.488736825633701  43.3828989555725 -80.195256802738299 49.045732831485502  43.873993794536901 -80.244216794763304 48.595154242567396 
 1.0000000000000001e-17 4 0.0020045967545405498 4
7 0 0  3 14 12  43.873993794536098 -80.244216794763304 48.5951542425681  44.384554148346098 -76.366125887515807 48.708373730325299  45.4164724169827 -68.527928454521003 48.571410090886005  46.9328907624202 -57.009587570549101 47.239316574314401  48.175260995495698 -47.572848763136797 45.163933278292802  49.154563731179998 -40.134305980957805 42.873820738319601  50.122452321266806 -32.782462242144696 40.134131005852801  51.044473028231202 -25.7790196652013 36.7685576063488  51.917216292542498 -19.149876425952598 32.680796141805601  52.754623436338498 -12.7891376694384 28.020610624207297  53.498185010488804 -7.1412267845197102 22.610174196183102  54.106858169541098 -2.5178951333415203 16.1560154796517  54.341396861388901 -0.73639690014537706 12.6502098373925  54.438345353566802 8.0374616400000004e-09 10.8042163025024 
 0.040760875105511699 4 0.052400725717123502 1 0.064040576328735305 1 0.075680426940347101 1 0.081500352246152999 1 0.087320277551958897 1 0.098960128163570596 1 0.10478005346937699 1 0.110599978775182 1 0.12223982938679399 1 0.1280597546926 1 0.133879679998406 4
7 0 0  3 11 9  -55.5 0 1.7933e-13  -55.5 0 6.8160252208305296  -52.963335494796006 0 20.4312632571772  -42.058420275316699 0 38.128456642933799  -25.515422580768199 0 50.710834204899896  -5.5520106274557399 0 56.496282350243298  15.1557314894991 0 54.707631317429296  33.831556927920694 0 45.586499094381999  47.9730325571105 0 30.349843199150499  53.111171221957704 0 17.4908781479532  54.438281009097402 0 10.803867861768301 
 0 4 0.125 1 0.25 1 0.375 1 0.5 1 0.625 1 0.75 1 0.875 1 1 4
7 0 0  3 5 3  -55.5 0 6.8000000000000001e-15  -62.666423627988799 -19.970835358655702 7.6700000000000004e-15  -69.999777261302398 -59.972855194626398 8.57e-15  -63.333090294655506 -99.970835358655606 7.7599999999999999e-15  -56.5 -120 6.9199999999999996e-15 
 0 4 0.50035193404824196 1 1 4
7 0 0  3 20 18  -40.449298233118903 -119.999999999614 39.447634184709401  -41.180816723965499 -114.44356541423301 41.412651279622601  -42.661357147441201 -103.197744370149 44.567874555647407  -44.552155774181401 -88.835702936864195 46.621082742818501  -46.095416740700095 -77.113472101843399 47.045792523117399  -47.644765555606398 -65.344999469365803 46.597717914739199  -49.157714564065301 -53.853010815855299 44.836714863756896  -50.644515264537802 -42.5596382804695 41.631013088279396  -51.734332440145899 -34.281654986722401 38.444158078081202  -52.595025955425001 -27.744038678248099 35.153183558365001  -53.254541780766196 -22.734518635506401 32.081312649170002  -53.894570356649901 -17.873018947976998 28.6710792580404  -54.483039215555998 -13.403154192730801 24.808845386783602  -55.003626706603001 -9.4488996165795207 20.413636481269403  -55.353820130642802 -6.7889164756807201 16.796318164873298  -55.643981980161804 -4.58491841384126 12.961675376989499  -55.869979534414604 -2.8682965616599501 8.804417041060411  -56.011658081138997 -1.7921411576949799 4.4659009998093806  -56.044854522533797 -1.5399891514428801 1.50436382053815  -56.045073233475399 -1.5383278769086202 2.4364818799999999e-09 
 0 4 0.01756223836605 1 0.0351244767321 1 0.043905595915125002 1 0.052686715098149997 1 0.070248953464200001 1 0.079030072647225003 1 0.087811191830250004 1 0.096592311013275006 1 0.100982870604788 1 0.10537343019629999 1 0.114154549379325 1 0.118545108970838 1 0.12293566856235 1 0.12732622815386199 1 0.13171678774537501 1 0.13610734733688801 1 0.1404979069284 4
7 0 0  3 8 6  31.075310386168098 -120 47.186598567848797  28.354866856511798 -120 48.978179856560594  22.627679176522399 -120 52.076489395338399  10.253871322820501 -120 56.229968382754301  -6.1983592186201601 -120 57.298830147886804  -25.218353835010401 -120 51.821305805102902  -35.908502584766701 -120 44.103591802594799  -40.449257205910605 -120 39.447529599330899 
 0 4 0.125 1 0.25 1 0.5 1 0.75 1 1 4
7 0 0  3 4 2  31.075328437772598 -119.99999999998801 47.186724736575499  32.5599913938469 -108.722865245374 50.815598998550399  34.0764406447799 -97.204289610124107 53.201274643689494  35.629466669534303 -85.407885795424392 54.156390528046202 
 0 4 0.035579673988794601 4
7 0 0  3 4 2  35.844427970898899 -84.423441340923404 54.1762997194759  35.745266746428499 -84.745463973874507 54.190065267648102  35.673478675164397 -85.073581422649895 54.183458049781002  35.629466669532604 -85.407885795436712 54.156390528045193 
 0.0096185383422940501 4 0.0106139252524611 4
7 0 0  3 4 2  35.844427970898899 -84.423441340923404 54.1762997194758  35.304913418813399 -84.586169755297306 54.507050227995002  34.760203038180101 -84.747791557471402 54.830035978329903  34.210289414474005 -84.908305168293609 55.145245890054397 
 0.0053911092316851102 4 0.0073512787302613099 4
7 0 0  3 4 2  34.210289414474005 -84.908305168293708 55.145245890054397  33.7398659405793 -84.294580830425701 55.536046332188604  33.2629781824456 -83.679700227890493 55.917184948783898  32.779638225213702 -83.063665522353787 56.288679802864294 
 0.0039076356647043398 4 0.0065068826784021499 4
7 0 0  3 4 2  32.779638225213702 -83.063665522353787 56.288679802864294  33.037379045074296 -82.237129669268612 56.259430230949896  33.2910874473679 -81.409598695675797 56.2242593046496  33.540756632875301 -80.581070923663304 56.183157039732798 
 0.00083926895785223004 4 0.0034380569700804501 4
7 0 0  3 4 2  33.5407566328754 -80.581070923663304 56.183157039732798  34.274814607511502 -80.369293865873999 55.772577737036698  34.9999066019992 -80.155533843451195 55.348298954245301  35.716048824910999 -79.939794441170207 54.910345457085398 
 0.0021789685153223502 4 0.0047791332213295403 4
7 0 0  3 4 2  35.716048824910999 -79.939794441170207 54.910345457085398  36.189014965831099 -80.553883674580106 54.523531127849701  36.6553731810505 -81.166641813539002 54.127148341406802  37.115111600517899 -81.778066466954698 53.721179909597801 
 0.00191452251625063 4 0.0045126023274146797 4
7 0 0  3 4 2  37.115111600517899 -81.778066466954698 53.721179909597801  37.056766131438103 -81.976236564823409 53.732869494172697  36.998191081956897 -82.174354754073406 53.744224128673601  36.939386630219701 -82.372421074984004 53.755244073008598 
 0.00042210335324640999 4 0.00104280864669695 4
7 0 0  3 4 2  -35.310741437980106 -111.195874923609 42.453292535204696  -34.344482304499401 -111.195874923609 43.2569690937868  -33.351824999315596 -111.195874923609 44.026971207685904  -32.33268939653 -111.195874923609 44.763196665461898 
 0.00082259885567416999 4 0.0045914281727891604 4
7 0 0  3 4 2  -35.310741437980198 -111.195874923609 42.453292535204803  -35.231629080726499 -111.79672892298299 42.296865671985998  -35.151216045419595 -112.39672711185401 42.137867010947303  -35.069510589834202 -112.99587492360901 41.976312879977499 
 0 4 0.00187768525413552 4
7 0 0  3 4 2  -35.069510589834202 -112.99587492360901 41.976312879977399  -34.104404865088199 -112.99587492360901 42.782599074236195  -33.112799493486001 -112.99587492360901 43.554691431701997  -32.094657536777198 -112.99587492360901 44.292542289079201 
 0.00042180969503071 4 0.0041920347433702602 4
7 0 0  3 4 2  -32.094657536777198 -112.99587492360901 44.292542289079201  -32.175272501733097 -112.39670012432499 44.451940220506103  -32.254619465437401 -111.79670207885401 44.608830965126501  -32.332689396530597 -111.195874923609 44.763196665461599 
 0 4 0.00187567979897139 4
7 0 0  3 4 2  -10.396306384882099 -116.5 52.615413794141197  -10.675833829114699 -116.5 52.560182985146504  -10.954906506748101 -116.5 52.502720028687399  -11.233525008907 -116.5 52.443027826203604 
 0.00048958095774737 4 0.00134436091929153 4
7 0 0  3 6 4  -10.396306384882099 -116.5 52.615413794141197  -10.2620239769379 -116.281837490014 52.711741189185901  -10.1120932483682 -115.79242594394699 52.896102064550696  -9.9559471755860809 -114.78494484072201 53.241282681638801  -9.9472001003494004 -114.01679568987599 53.478384520523697  -9.9708457383269113 -113.5 53.630193996433299 
 0 4 0.00080861068406980002 1 0.0016172213681395901 1 0.0032344427362791801 4
7 0 0  3 4 2  -9.9708457383269202 -113.5 53.630193996433398  -10.658375865551101 -113.5 53.502392955125103  -11.3431841279635 -113.5 53.3613830792223  -12.0252750287151 -113.5 53.207186221896293 
 1.9847891335610001e-05 4 0.00211737385736853 4
7 0 0  3 6 4  -12.025275028688101 -113.5 53.207186221902404  -11.987020792812501 -114.016847015767 53.058369152498905  -11.885853388228499 -114.785499751892 52.8437552315076  -11.6029942641358 -115.798674843878 52.587168823353203  -11.395518836842399 -116.281055875476 52.478597602950302  -11.233525008884301 -116.5 52.443027826208095 
 2.84e-15 4 0.001610376301177 1 0.00241556445176408 1 0.0032207526023511602 4
7 0 0  3 4 2  -13.105652660471401 -111.195874923609 53.641274597811901  -11.882785697521399 -111.195874923609 53.940125292493903  -10.651523496087801 -111.195874923609 54.196735212056701  -9.4118652241405005 -111.195874923609 54.411100170127298 
 1.5865255039020001e-05 4 0.00378885760736651 4
7 0 0  3 4 2  -13.105652660471401 -111.195874923609 53.641274597812  -13.117501350145901 -111.24790482521401 53.623148678214399  -13.1293700804199 -111.299919452322 53.604992100855704  -13.1412588826995 -111.35191878099499 53.5868048176917 
 0 4 0.00016906935096465999 4
7 0 0  3 4 2  -13.1412588826995 -111.35191878099499 53.5868048176917  -13.0687572441299 -111.900618233019 53.443449161339601  -12.9951703999602 -112.44860223656499 53.297947755399605  -12.920504617646401 -112.99587492360901 53.150312992353896 
 0 4 0.0017151820189018399 4
7 0 0  3 4 2  -12.920504617646401 -112.99587492360901 53.150312992353896  -11.6780001314954 -112.99587492360901 53.4524387423631  -10.4264792128635 -112.99587492360901 53.710626865829504  -9.1659296931763006 -112.99587492360901 53.9248180645465 
 0.00045046185502636003 4 0.0042840861702342298 4
7 0 0  3 4 2  -9.1659296931763095 -112.99587492360901 53.9248180645465  -9.2492394894410399 -112.396767956758 54.0895444177672  -9.3312203487129217 -111.796769532445 54.2516430974811  -9.4118652241405094 -111.195874923609 54.411100170127298 
 0 4 0.00188067928461998 4
7 0 0  3 4 2  -32.681417575408801 -113.5 43.675239764818997  -33.223488670577105 -113.5 43.269566508861601  -33.757797782012901 -113.5 42.8539743251267  -34.284355388440403 -113.5 42.428476604225899 
 9.9183133647530003e-05 4 0.0021298953610210001 4
7 0 0  3 15 13  -34.284355388440403 -113.5 42.428476604225899  -34.2255708209156 -113.74182538239199 42.383587357276404  -34.0957292156859 -114.22211843599401 42.303740730095498  -33.894812292861005 -114.81305556408999 42.235443965395099  -33.7001416483036 -115.275644453441 42.209905579614897  -33.523270878535797 -115.618365483914 42.215804665572698  -33.321099994569103 -115.932605245313 42.251827658190201  -32.997442411910406 -116.18141160992 42.407211812600202  -32.753481608713599 -115.95106132915799 42.686183327470701  -32.665812158090702 -115.63257941947499 42.877263724423798  -32.615085028651002 -115.295012472132 43.046434019043303  -32.589970488515597 -114.82770667447099 43.2447713826609  -32.606405312572399 -114.22770407954199 43.460031855732701  -32.652169191391501 -113.74356219276 43.606726398890899  -32.681417575408695 -113.5 43.675239764818805 
 0 4 0.00075283650404571001 1 0.00150567300809143 1 0.00188209126011428 1 0.0022585095121371401 1 0.0026349277641600001 1 0.00301134601618286 1 0.00338776426820571 1 0.0037641825202285699 1 0.0041406007722514298 1 0.0045170190242742802 1 0.0052698555283200001 1 0.0060226920323657096 4
7 0 0  3 7 5  35.651976102827703 -85.236909674910905 49.162502229910302  35.772347685036301 -84.322596734294905 49.233557739523299  36.449545075258598 -82.571269960183699 49.030866728864602  38.312177588685699 -80.775312878794395 47.875106646058498  40.398121353480498 -79.920124803873009 46.259170241664897  41.7483596439303 -79.840492691979804 45.0385266656141  42.405731574967099 -79.904829224308898 44.400920693882398 
 0 4 0.0027318960448581698 1 0.0054637920897163302 1 0.0081956881345745004 1 0.0109275841794327 4
7 0 0  3 4 2  35.651976102827703 -85.236909674910905 49.162502229910302  34.092290165151802 -97.083900550574413 48.2418174876778  32.5680266637494 -108.66183131023099 45.9080896656886  31.0753284376745 -120 42.315185498009704 
 0.00095398893928485998 4 0.0366792114339239 4
7 0 0  3 7 5  -40.449332556693598 -120 33.467917409334  -36.226920726834202 -120 38.571125302684003  -25.8407188852205 -120 47.148919135120103  -6.6006589110783098 -120 53.361156291120501  13.574006963514501 -120 52.023924116381302  25.735569227007897 -120 46.236571657743397  31.075309895192202 -120 42.315187757089902 
 0 4 0.25 1 0.5 1 0.75 1 1 4
7 0 0  3 19 17  -55.129943348849999 -8.4894294798240004 6.7499999999999996e-15  -55.128996505859099 -8.4966214663660704 1.3977517033070899  -55.095081731886999 -8.7542297237525784 4.1436367336500401  -54.952833771545201 -9.834710264193129 8.1611500746806502  -54.728288266634998 -11.540302703754799 11.9672964300846  -54.438209215180905 -13.743671852617 15.4815023412184  -54.095256603863199 -16.348655560297399 18.719290086643799  -53.716881929775099 -19.222696547207001 21.640687302042501  -53.306315110774705 -22.341261151162797 24.313672591491898  -52.719532098434399 -26.798320630427099 27.5814856069751  -51.946515073602605 -32.669967875994502 31.0367064466034  -50.968434041265901 -40.099230899945404 34.382022213626698  -49.9403327039768 -47.908435860953702 37.026304983630403  -48.550882014044603 -58.462361653435998 39.600422587336098  -46.786073696444099 -71.867411690004204 41.235504923063203  -44.619641599187403 -88.323097202736491 40.879654824198006  -42.510595702306397 -104.34289124767899 38.380736492997301  -41.126398490610001 -114.85691291177399 35.3388075578642  -40.449298230135504 -120 33.467814609615004 
 0 4 0.0041281671827844398 1 0.0082563343655688692 1 0.012384501548353299 1 0.0165126687311377 1 0.020640835913922202 1 0.024769003096706599 1 0.0288971702794911 1 0.033025337462275497 1 0.041281671827844403 1 0.049538006193413198 1 0.057794340558982103 1 0.066050674924550995 1 0.082563343655688695 1 0.099076012386826506 1 0.115588681117964 1 0.13210134984910199 4
7 0 0  3 5 3  -52.5 0 0  -59.1666666666667 -20 0  -65.833336636203597 -59.943690524383896 0  -59.1666666666667 -100 0  -52.5 -120 0 
 0 4 0.50035193404824196 1 1 4
7 0 0  3 11 9  52.5 0 0  52.5 0 6.8770237861433703  49.7664232580575 0 20.611273971917999  38.089571337854494 0 38.090286614075296  20.613927464287201 0 49.766215645543198  9.0640000000000006e-14 0 53.866903544806796  -20.613927464287098 0 49.766170175229398  -38.089571337854402 0 38.090468495331201  -49.766423258057301 0 20.6105919172089  -52.5 0 6.8784939929611397  -52.5 0 1.6963000000000001e-13 
 0 4 0.125 1 0.25 1 0.375 1 0.5 1 0.625 1 0.75 1 0.875 1 1 4
7 0 0  3 5 3  52.5 0 0  59.1666666666667 -20 0  65.833336636203597 -59.943690524383896 0  59.1666666666667 -100 0  52.5 -120 0 
 0 4 0.50035193404824196 1 1 4
7 0 0  3 16 14  53.875172426560297 -4.2777230335064695 0  53.874386226152097 -4.2836948184907699 2.0309702469756301  53.806593814958802 -4.7986293557821202 5.9985625669976397  53.520321762821602 -6.9730814526009599 11.703415458944701  53.099422972178402 -10.1701251781799 16.7629602643465  52.574745916866696 -14.155443077440699 21.310699417474201  51.990493693390803 -18.593279307173397 25.2443004282323  51.348388824149801 -23.470550008406001 28.7443720857855  50.672056274185906 -28.607805756394999 31.774857081434799  49.7399636959397 -35.687751791041002 35.242571908349497  48.763950511924399 -43.101307947604596 37.962575110841897  47.750850127258502 -50.796569361035296 40.019109053932503  46.734940743612796 -58.513167240020302 41.614156798742599  45.453873754563503 -68.243837090769006 42.817232914324201  44.419362608764899 -76.101729381131605 42.999047718659  43.899657085393905 -80.049284747683899 42.901558751891301 
 0 4 0.00599738516594566 1 0.011994770331891299 1 0.017992155497837 1 0.023989540663782599 1 0.029986925829728301 1 0.035984310995674 1 0.041981696161619599 1 0.047979081327565301 1 0.059973851659456602 1 0.065971236825402305 1 0.071968621991347903 1 0.083963392323239294 1 0.095958162655130602 4
7 0 0  3 4 2  43.899657085394601 -80.049284747684297 42.901558751890498  43.4101547047092 -80.002547157628399 43.409924389994998  42.912173977956002 -79.954394389011597 43.9097060781707  42.405731574967099 -79.904829224308898 44.400920693882398 
 6.2999999999999998e-16 4 0.0021215011341108102 4
1 31.0753284376745 -120 -3.6810000000000003e-14 1.18e-15 0 1 
1 -40.449298230088104 -120 4.8482999999999996e-13 1.199e-14 0 1 
1 54.438345352508705 0 5.0049999999999999e-14 -9.1999999999999996e-16 0 1 
1 44.0112466667672 -79.201677726035996 18.144564770452401 -0.0045047111115713813 -0.034216677952374 0.99940428582616403 
1 54.405321594382102 -0.25084034660754301 -2.2999999999999999e-16 -0.13052619222002107 -0.99144486137381449 2.0000000000000005e-17 
1 0 0 6.43e-15 1 0 -1.2e-16 
1 -0 0 6.43e-15 -1 0 -1.2e-16 
1 -56.234861049532199 -0.096746292550627597 -4.5999999999999998e-16 0.13052619222007705 -0.99144486137380716 2.0000000000000005e-17 
2 -33.647103156917197 -116.5 43.262988193970898 -2.5000000000000002e-16 -1 -4.9999999999999999e-17 -0.99925417025616203 2.5174428285319728e-16 -0.038614805783134497 0.038614805783134497 4.0309007067024474e-17 -0.99925417025616203 1.05
7 0 0  1 2 2  -32.681417575408688 -116.5 43.675239764818812  -32.681417575408688 -113.5 43.675239764818812 
 0 2 3 2
2 -33.647103156917197 -113.5 43.262988193970898 -2.5000000000000002e-16 -1 -4.9999999999999999e-17 -0.99925417025616203 2.5174428285319728e-16 -0.038614805783134497 0.038614805783134497 4.0309007067024474e-17 -0.99925417025616203 1.05
1 -13.1412588826995 -111.195874923609 53.5868048176917 0.54715641648851931 -2.2999999999999999e-16 0.83703037931453961 
1 -11.9724255371582 -111.195874923609 55.374865761676702 -1.9000000000000001e-16 -1 -1.2999999999999999e-16 
1 -13.1412588826995 -112.99587492360901 53.5868048176917 0.54715641648851931 -2.2999999999999999e-16 0.83703037931453961 
1 -13.1412588826995 -111.195874923609 53.5868048176917 -1.9000000000000001e-16 -1 -1.2999999999999999e-16 
1 -11.9724255371582 -112.99587492360901 55.374865761676702 0.99846778046997564 -2.1000000000000001e-16 -0.055336166865446179 
1 -11.9724255371582 -111.195874923609 55.374865761676702 0.99846778046997564 -2.1000000000000001e-16 -0.055336166865446179 
1 -9.8395026633816709 -111.195874923609 55.256656863640096 -1.9000000000000001e-16 -1 -1.2999999999999999e-16 
1 -9.8395026633816709 -112.99587492360901 55.256656863640096 0.45131136398145616 2.0000000000000005e-17 -0.89236654617998634 
1 -9.8395026633816709 -111.195874923609 55.256656863640096 0.45131136398145616 2.0000000000000005e-17 -0.89236654617998634 
1 -12.177169354464299 -112.99587492360901 51.680534975670007 -0.45131136398145616 -2.0000000000000005e-17 0.89236654617998634 
2 -11.008336008922999 -113.5 53.468595919655002 -2.5000000000000002e-16 -1 -4.9999999999999999e-17 -0.99925417025616203 2.5174428285319728e-16 -0.038614805783134497 0.038614805783134497 4.0309007067024474e-17 -0.99925417025616203 1.05
2 -11.008336008922999 -116.5 53.468595919655002 -2.5000000000000002e-16 -1 -4.9999999999999999e-17 -0.99925417025616203 2.5174428285319728e-16 -0.038614805783134497 0.038614805783134497 4.0309007067024474e-17 -0.99925417025616203 1.05
1 -35.780026030693698 -112.99587492360901 43.381197092007504 0.54715641648852076 -1.7999999999999999e-16 0.83703037931453861 
1 -35.780026030693698 -111.195874923609 43.381197092007504 -2.5000000000000002e-16 -1 -3.0000000000000001e-17 
1 -35.780026030693698 -111.195874923609 43.381197092007504 0.54715641648852076 -1.7999999999999999e-16 0.83703037931453861 
1 -34.611192685152304 -111.195874923609 45.169258035992499 -2.5000000000000002e-16 -1 -3.0000000000000001e-17 
1 -34.611192685152304 -112.99587492360901 45.169258035992499 0.99846778046997564 -2.7000000000000005e-16 -0.055336166865447789 
1 -34.611192685152304 -111.195874923609 45.169258035992499 0.99846778046997564 -2.7000000000000005e-16 -0.055336166865447789 
1 -32.478269811375796 -111.195874923609 45.0510491379559 -2.5000000000000002e-16 -1 -3.0000000000000001e-17 
1 -32.478269811375796 -112.99587492360901 45.0510491379559 0.45131136398145494 -8.9999999999999996e-17 -0.8923665461799869 
1 -32.478269811375796 -111.195874923609 45.0510491379559 0.45131136398145494 -8.9999999999999996e-17 -0.8923665461799869 
1 -34.815936502458499 -111.195874923609 41.474927249985797 -0.45131136398145416 9.0000000000000008e-17 0.89236654617998734 
1 -34.815936502458499 -112.99587492360901 41.474927249985797 -0.45131136398145416 9.0000000000000008e-17 0.89236654617998734 
1 16.962008531817702 -101.922823595834 67.614212182787398 -0.266770130989128 0.21925466858816298 -0.93848872529953087 
1 15.953142349641499 -101.52091793889099 57.3394537495032 -0.63848593868424597 0.6892180537454009 0.34251157716769093 
1 18.620843659532802 -103.713464624772 66.724341002498491 -0.266770130989128 0.21925466858816298 -0.93848872529953087 
1 14.508269539938299 -102.581316434859 68.157859249965497 -0.266770130989128 0.21925466858816298 -0.93848872529953087 
1 14.294307221926401 -99.73027690995221 58.229324929792107 -0.944444578813744 -0.25345401204566698 0.20924985382858599 
1 13.7133656757739 -105.030450302822 67.811635136854491 -0.266770130989128 0.21925466858816298 -0.93848872529953087 
1 11.840568230046999 -100.388769748977 58.772971996970199 -0.30595864012949603 -0.94267206579106821 -0.13326172333911002 
1 15.3722008034889 -106.821091331761 66.921763956565599 -0.266770130989128 0.21925466858816298 -0.93848872529953087 
1 11.045664365882601 -102.83790361694 58.4267478838592 0.63848593868425008 -0.68921805374539713 -0.34251157716769104 
1 17.825939795368399 -106.162598492736 66.378116889387499 -0.266770130989128 0.21925466858816298 -0.93848872529953087 
1 12.7044994935976 -104.628544645879 57.5368767035703 0.94444457881374422 0.25345401204566809 -0.20924985382858405 
1 15.158238485477101 -103.97005180685399 56.993229636392201 0.30595864012949797 0.94267206579106788 0.13326172333910799 
1 31.278524500593402 -82.761069699933898 54.115465749844596 0.53260590054341628 -0.70636319327739017 -0.46624241965881319 
1 36.642615302005503 -83.842367832758001 61.881244797831805 -0.56464113699074592 0.11382085608675097 -0.81745042610391783 
1 38.026366021512899 -85.6775532408316 60.6699114592234 -0.56464113699074592 0.11382085608675097 -0.81745042610391783 
3 41.521563869930702 -86.620749706179595 66.707310158948601 -0.14600773773694298 0.96104775482359572 0.23466775123451894 0.025561447964745753 -0.23346570379178874 0.97202900035490225 0.98895316011370626 0.14792220286870647 0.0095220270732432281 29.658655936090398 6
1 40.1368326410538 -85.02320916252549 59.303249662011901 -0.56464113699074592 0.11382085608675097 -0.81745042610391783 
1 32.662275220100902 -84.596255108007497 52.904132411236198 0.81231898102822386 0.25185715329967795 -0.52602837128148394 
3 41.543387764762102 -86.454980767258206 61.8655137623062 -0.77649274241520627 0.26240918452946405 0.57288780825838315 0.52911513078904793 -0.22219982466641788 0.81894103346230118 0.34219321931710012 0.93902537654357088 0.033691881226850025 10.580785752546999 6
1 40.863548541087297 -82.533679676145695 59.147921203408799 -0.56464113699074592 0.11382085608675097 -0.81745042610391783 
1 34.772741839641803 -83.941911029701302 51.537470614024699 0.27971308048480598 0.95822034657706601 -0.05978595162266951 
1 35.499457739675201 -81.452381543321508 51.382142155421597 -0.53260590054341594 0.70636319327739083 0.46624241965881286 
1 39.479797821579801 -80.698494268072011 60.359254542017204 -0.56464113699074592 0.11382085608675097 -0.81745042610391783 
1 34.115707020167704 -79.617196135247795 52.593475494029995 -0.81231898102822275 -0.25185715329967895 0.52602837128148505 
1 37.3693312020389 -81.352838346378206 61.725916339228696 -0.56464113699074592 0.11382085608675097 -0.81745042610391783 
1 32.005240400626803 -80.27154021355409 53.960137291241502 -0.27971308048480714 -0.95822034657706556 0.059785951622669142 
1 34.7704460650274 -32.189063452427895 50.193876342934701 -0.81234251853582673 0.27874068297763394 0.5122531251559449 
1 40.134423101208696 -30.705791607760098 57.893074677185801 -0.56462916170328981 -0.15613387838608395 -0.8104419299211757 
1 38.023895329429301 -29.9816020705568 59.2239473351516 -0.56462916170328981 -0.15613387838608395 -0.8104419299211757 
1 32.659918293247998 -31.464873915224601 51.524749000900499 -0.53254434481160717 -0.68126623017671628 0.50226770195781223 
1 36.640304536404194 -31.751583655855299 60.5288771026596 -0.56462916170328981 -0.15613387838608395 -0.8104419299211757 
1 31.276327500223001 -33.234855500523103 52.829678768408399 0.27979817372421906 -0.96000691315435116 -0.0099854231981368613 
1 37.367241515158504 -34.245754778357096 60.502934212201701 -0.56462916170328981 -0.15613387838608395 -0.8104419299211757 
1 32.0032644789773 -35.7290266230249 52.803735877950601 0.8123425185358274 -0.27874068297763316 -0.51225312515594434 
1 39.477769286937999 -34.969944315560497 59.172061554235896 -0.56462916170328981 -0.15613387838608395 -0.8104419299211757 
1 34.113792250756696 -36.453216160228301 51.472863219984802 0.53254434481160506 0.68126623017671706 -0.50226770195781323 
1 40.861360079962999 -33.199962730262001 57.867131786727995 -0.56462916170328981 -0.15613387838608395 -0.8104419299211757 
1 35.497383043781795 -34.683234574929699 50.167933452476795 -0.27979817372421906 0.96000691315435116 0.0099854231981368613 
1 11.1750517554786 -12.8293154475825 56.5563660473751 0.30604191038457995 -0.93446029307758183 0.18199535639547698 
1 13.7091627943385 -10.286357848478399 65.351913096415799 -0.26674853040629892 -0.26767974727411392 -0.92584705779375154 
1 14.504283000971599 -12.714156905112901 65.824750902197309 -0.26674853040629892 -0.26767974727411392 -0.92584705779375154 
1 11.970171962111801 -15.257114504217 57.029203853156702 0.94446752822213009 -0.26388650840257805 -0.19581879076604503 
1 16.958081617163 -13.399754164733601 65.315998760437097 -0.26674853040629892 -0.26767974727411392 -0.92584705779375154 
1 14.4239705783032 -15.9427117638377 56.520451711396497 0.63842561783754903 0.67057378467500295 -0.37781414716152001 
1 18.616760026721298 -11.6575523677199 64.334408812895305 -0.26674853040629892 -0.26767974727411392 -0.92584705779375154 
1 16.0826489878615 -14.200509966823901 55.538861763854698 -0.30604191038458201 0.93446029307758094 -0.18199535639547798 
1 17.821639820088198 -9.2297533110853802 63.861571007113803 -0.26674853040629892 -0.26767974727411392 -0.92584705779375154 
1 15.2875287812283 -11.772710910189399 55.066023958073096 -0.94446752822212965 0.26388650840258093 0.19581879076604292 
1 15.3678412038968 -8.5441560514646486 64.370323148874007 -0.26674853040629892 -0.26767974727411392 -0.92584705779375154 
1 12.833730165036901 -11.0871136505687 55.574776099833301 -0.63842561783754814 -0.67057378467500217 0.37781414716152306 
2 13.628850371670101 -13.5149127072032 56.047613905614895 0.26674853040629892 0.26767974727411392 0.92584705779375165 5.0180014526902118e-18 -0.96065528242661336 0.27774345779125709 0.96376616537730775 -0.074087659195781738 -0.25625338481434717 1.25
7 0 0  1 2 2  13.628850371670101 -14.715731810236466 56.394793227853967  13.49547610646694 -14.849571683873535 55.931869698957051 
 0 2 0.50000000000004263 2
2 13.495476106466901 -13.6487525808403 55.584690376718001 0.26674853040629881 0.26767974727411481 0.92584705779375132 7.6278535208824297e-18 -0.96065528242661313 0.27774345779125803 0.96376616537730775 -0.074087659195781946 -0.25625338481434701 1.25
2 33.3868552720024 -33.959045037726398 51.498806110442601 0.56462916170328981 0.15613387838608395 0.8104419299211757 -0.82050467975624053 -9.7530330914023937e-17 0.57163980835672146 0.089252340318612761 -0.98773590195968863 0.12810857788427354 1.25
7 0 0  1 2 2  32.361224422307103 -33.959045037726398 52.213355870888513  32.078909841455427 -34.037111976919448 51.808134905927886 
 -7.1100000000000008e-15 2 0.50000000000004263 2
2 33.104540691150703 -34.037111976919498 51.093585145481995 0.56462916170329036 0.15613387838608309 0.81044192992117547 -0.82050467975624009 -5.3501368042648191e-17 0.5716398083567219 0.089252340318612317 -0.98773590195968874 0.12810857788427285 1.25
2 33.3889911201343 -82.106725621627703 52.748803952633104 0.56464113699074636 -0.11382085608675106 0.81745042610391749 -0.82279754897542745 -1.7159124753673081e-17 0.5683345787474392 -0.064688328296736555 -0.99350128974233298 -0.093651521410463651 1.25
7 0 0  1 2 2  32.360494183915016 -82.106725621627703 53.459222176067399  32.078173615419608 -82.049815193584323 53.050496963015391 
 0 2 0.50000000000005684 2
2 33.106670551638899 -82.049815193584294 52.340078739581102 0.56464113699074636 -0.11382085608675208 0.81745042610391749 -0.82279754897542745 1.7088740187160479e-17 0.56833457874743931 -0.064688328296737152 -0.99350128974233287 -0.093651521410464442 1.25
1 35.792719590959997 -84.167856746089697 17.937493176546802 -0.0045047111115713813 -0.034216677952374 0.99940428582616403 
1 42.3473390328138 -80.348364616522304 57.355748526984804 -0.0045047111115713813 -0.034216677952374 0.99940428582616403 
Polygon3D 0
PolygonOnTriangulations 0
Surfaces 63
9 0 0 0 0 3 3 19 5 17 3 54.620811868820297 0 9.8401124157493705  61.671463882552402 -19.970835198902201 11.110721272574398  68.893089241192598 -59.972855354379803 12.410926399015599  62.327674613276898 -99.970835198902193 11.2289212470184  55.604971229356501 -120 10.0174123782355  
54.561433741843899 0 10.169811943430199  61.605242262416695 -19.970835195391501 11.482993144372101  68.817394172728598 -59.972855357890502 12.8267624208068  62.260701469347403 -99.970835195391501 11.605153476725  55.544523268646998 -120 10.3530524424791  
53.822804374692595 0 14.068053471898699  60.780290418944297 -19.970835157242398 15.884593130705001  67.876958120590601 -59.972855396039698 17.743447461620502  61.426456629859196 -99.970835157242504 16.0535791802549  54.792585796939697 -120 14.321532543439  
51.605884164592403 0 21.3759084116572  58.266183941442499 -19.970835169832899 24.136052218312301  65.091572238948103 -59.972855383449904 26.960488549427502  58.886230590926296 -99.970835169832696 24.3928190563492  52.535722805835597 -120 21.761058669923099  
46.444159075970497 0 31.032978300235701  52.442135220415295 -19.970835277423401 35.040096602384104  58.5771587704008 -59.9728552758584 39.140554240082899  52.999981234078597 -99.97083527742349 35.412864299149199  47.280990081841601 -120 31.592129845058999  
39.497466884486599 0 39.497487098099398  44.597339905761999 -19.970835216582799 44.597584228401303  49.816720252852306 -59.972855336699901 49.8164797069009  45.071796014195101 -99.9708352165826 45.0720281504694  40.209134438614399 -120 40.209152981288597  
31.032988131474699 0 46.444127321300705  35.0401812193317 -19.9708352469248 52.441210637105598  39.140523926685397 -59.972855306356898 58.577986111987002  35.412947011666098 -99.970835246924906 52.999097737393598  31.592141268687499 -120 47.280957971709398  
21.375883690051502 0 51.605951157366199  24.136027425181098 -19.970835232781099 58.269555156367197  26.9605151609919 -59.972855320501601 65.088376821947307  24.3927960397479 -99.970835232780999 58.889446375787898  21.761035425578601 -120 52.5357879865035  
10.897336437717099 0 54.784586013751301  12.3044579648162 -19.970835239040099 61.858631808115803  13.7443433035175 -59.972855314241301 69.097455816646999  12.435356804714999 -99.970835239040497 62.516704872860807  11.093684994145999 -120 55.7716956108669  
5.5510000000000002e-14 0 55.8578805258364  7.2940000000000003e-14 -19.970835235938001 63.070515448975904  6.0290000000000001e-14 -59.972855317344901 70.45115680112859  -4.7630000000000001e-14 -99.970835235937599 63.741481007484694  -1.2316999999999999e-13 -120 56.864328863600505  
-10.897336437717 0 54.784586013751102  -12.3044579648162 -19.970835239040099 61.858631808115803  -13.744343303517601 -59.9728553142415 69.097455816647098  -12.435356804714999 -99.970835239040298 62.516704872860707  -11.093684994145901 -120 55.771695610866701  
-21.375883690051399 0 51.605951157366498  -24.136027425180998 -19.970835232781099 58.269555156367304  -26.960515160991701 -59.972855320501701 65.088376821947094  -24.3927960397479 -99.970835232781099 58.889446375787898  -21.7610354255788 -120 52.535787986503699  
-31.0329881314746 0 46.444127321300499  -35.0401812193317 -19.9708352469247 52.441210637105598  -39.140523926685397 -59.9728553063566 58.5779861119873  -35.412947011666098 -99.970835246925006 52.999097737393697  -31.5921412686873 -120 47.280957971709199  
-39.497466884486698 0 39.497487098099604  -44.597339905761906 -19.970835216582902 44.597584228401303  -49.8167202528522 -59.972855336699901 49.816479706900701  -45.071796014195201 -99.970835216582699 45.0720281504694  -40.209134438614697 -120 40.209152981288796  
-46.444159075970198 0 31.032978300235598  -52.442135220415096 -19.970835277423401 35.040096602384196  -58.5771587704007 -59.972855275858301 39.140554240083198  -52.999981234078398 -99.970835277423404 35.412864299149298  -47.280990081841303 -120 31.592129845058903  
-51.605884164592496 0 21.375908411657402  -58.266183941442598 -19.970835169832899 24.136052218312301  -65.091572238948302 -59.972855383449996 26.960488549427502  -58.886230590926402 -99.970835169832696 24.3928190563492  -52.535722805835697 -120 21.761058669923202  
-54.784681215730203 0 10.897323017915101  -61.871110370692598 -19.970835151779699 12.3044519217526  -69.085480719057799 -59.972855401502102 13.744359752075301  -62.5286093310336 -99.970835151779909 12.4353516625805  -55.771793002795704 -120 11.0936726246393  
-55.5 0 3.6324664767264201  -62.6397588036466 -19.970835289697 4.10150944467226  -70.025821154100711 -59.972855263585096 4.5814730328998508  -63.3076656391829 -99.970835289696993 4.1451426691343496  -56.5 -120 3.6979163231539203  
-55.5 0 6.8000000000000001e-15  -62.666423627988799 -19.970835358655702 7.6700000000000004e-15  -69.999777261302398 -59.972855194626398 8.57e-15  -63.333090294655506 -99.970835358655606 7.7599999999999999e-15  -56.5 -120 6.9199999999999996e-15  

0.056735898767115302 4
0.0625 1
0.125 1
0.1875 1
0.25 1
0.3125 1
0.375 1
0.4375 1
0.5 1
0.5625 1
0.625 1
0.6875 1
0.75 1
0.8125 1
0.875 1
0.9375 1
1 4

0 4
0.50035193404824196 1
1 4

1 16.962008531817702 -101.922823595834 67.614212182787398 0.19198472533348193 -0.94217219980227074 -0.27468784312083694 -8.8462731608329331e-17 0.2798944640643235 -0.96003077502033507 0.98139791381407959 0.18431124465396884 0.053735461805751193 
1 18.620843659532802 -103.713464624772 66.724341002498491 -0.72192063505245596 -0.69058371302376997 0.043871767593316499 0.69124926822227961 -0.72261639144304146 1.7828693369412965e-17 0.031702458384510121 0.030326327244497964 0.99903717048378038 
1 17.825939795368399 -106.162598492736 66.378116889387499 -0.9139053603859385 0.25158848677849915 0.31855961071415323 -0.3291468493452081 5.8187555275995966e-17 -0.94427874675125623 -0.23756966099224613 -0.96783430054968855 0.08280955775467147 
1 15.3722008034889 -106.821091331761 66.921763956565599 -0.1919847253334831 0.94217219980227052 0.27468784312083716 -5.7262422610182804e-17 -0.27989446406432378 0.96003077502033496 0.98139791381407937 0.18431124465396989 0.053735461805751707 
1 13.7133656757739 -105.030450302822 67.811635136854491 0.72192063505245219 0.69058371302377419 -0.043871767593314508 -0.69124926822228372 0.72261639144303769 -1.6663852575947749e-17 0.031702458384508518 0.030326327244496767 0.9990371704837806 
1 14.508269539938299 -102.581316434859 68.157859249965497 0.91390536038593917 -0.25158848677849704 -0.31855961071415306 0.32914684934520783 9.4435613238524875e-17 0.94427874675125634 -0.23756966099224414 -0.96783430054968911 0.082809557754670846 
1 38.023895329429301 -29.9816020705568 59.2239473351516 0.63054772266927817 -0.7151912580848071 -0.30151456647342606 0.75009972116098622 0.66132473741287723 5.4389033465642646e-17 0.19939904149919593 -0.22616599223769251 0.95346157038673662 
1 40.134423101208696 -30.705791607760098 57.893074677185801 -0.14592306991395598 -0.94758949111589375 0.28421930615918495 2.6100945415713742e-17 -0.28729452386906801 -0.95784229211016025 0.98929594038734769 -0.13977128775813474 0.041922898892442724 
1 40.861360079962999 -33.199962730262001 57.867131786727995 -0.77647079258323182 -0.23239823303109094 0.5857338726326099 -0.60222228637568842 4.0321618573913426e-18 -0.79832845232550642 0.18553012169889321 -0.97262071810342743 -0.13995539524565362 
1 39.477769286937999 -34.969944315560497 59.172061554235896 -0.63054772266927817 0.7151912580848071 0.30151456647342606 -0.75009972116098622 -0.66132473741287723 -5.4389033465642646e-17 0.19939904149919593 -0.22616599223769251 0.95346157038673662 
1 37.367241515158504 -34.245754778357096 60.502934212201701 0.14592306991395299 0.94758949111589474 -0.28421930615918295 -1.8792097103099156e-17 0.28729452386906584 0.95784229211016092 0.98929594038734814 -0.13977128775813197 0.041922898892441537 
1 36.640304536404194 -31.751583655855299 60.5288771026596 0.77647079258323182 0.23239823303109094 -0.5857338726326099 0.60222228637568842 -1.6382660669737568e-16 0.79832845232550642 0.18553012169889313 -0.97262071810342743 -0.13995539524565376 
1 14.504283000971599 -12.714156905112901 65.824750902197309 0.19190182297222702 0.9266668568489741 -0.32320616757354603 -4.9513433608760754e-17 0.32932699703662288 0.94421593347223287 0.98141412784814552 -0.1811967589127445 0.063198451085297189 
1 13.7091627943385 -10.286357848478399 65.351913096415799 0.91388378397597048 0.23480100843187512 -0.33118713112851517 0.34071226756115575 -1.0131265868255096e-17 0.94016761842414853 0.22075230490098446 -0.97204345913100743 -0.079999584008470237 
1 15.3678412038968 -8.5441560514646486 64.370323148874007 0.7219819610037409 -0.69186584841710985 -0.0079809635549648993 0.69188788393697376 0.72200495570405665 -9.3950863067988245e-18 0.0057622952379781291 -0.0055219319858227653 0.99996815160320707 
1 17.821639820088198 -9.2297533110853802 63.861571007113803 -0.19190182297222605 -0.92666685684897421 0.32320616757354603 2.0540072823330545e-17 -0.32932699703662288 -0.94421593347223298 0.98141412784814575 -0.18119675891274362 0.063198451085296842 
1 18.616760026721298 -11.6575523677199 64.334408812895305 -0.91388378397597025 -0.23480100843187607 0.33118713112851506 -0.34071226756115575 1.8042188437816151e-17 -0.94016761842414853 0.22075230490098532 -0.9720434591310072 -0.079999584008470556 
1 16.958081617163 -13.399754164733601 65.315998760437097 -0.72198196100374379 0.69186584841710674 0.0079809635549663999 -0.69188788393697065 -0.72200495570405965 5.9157478440274889e-19 0.0057622952379792298 -0.0055219319858237845 0.99996815160320707 
2 41.564648417310202 -86.293490078226199 57.148676933079102 -0.0045047111115713804 -0.034216677952374097 0.99940428582616403 -0.13044843591725908 -0.99085424361731722 -0.034511932317608622 0.99144486137381438 -0.13052619222002135 -1.17940183657543e-15 6
1 60.193346537542496 -82.697836076482702 57.355748526984698 -0.13044843591725902 -0.99085424361731711 -0.034511932317608809 0.0045047111115714012 0.034216677952374284 -0.99940428582616392 0.99144486137381438 -0.13052619222002129 -1.1822995746145582e-15 
1 46.670912859602097 -58.999507303323902 13.9162633834339 0.99144486137381449 -0.13052619222002104 9.1e-16 -0.13052619222002104 -0.99144486137381449 6.9200000000000004e-15 -1.0264263123744925e-18 -6.9795772756270145e-15 -1 
1 0 0 0 0 -1 0 1 0 0 -0 0 1 
1 -55.5 0 -3.7e-16 1.2e-16 -0 -1 1 0 1.2e-16 0 -1 0 
1 -48.802373183268095 -56.552096570493099 13.916263383434901 0.99144486137380705 0.130526192220077 -1.1880000000000001e-14 0.13052619222007703 -0.99144486137380716 5.500000000000001e-15 -1.1060470895910406e-14 -7.0035979011304543e-15 -1 
1 0 -120 0 0 -1 0 1 0 0 -0 0 1 
1 35.935120303333903 -83.086215949420506 17.975167248396502 0.99144486137381449 -0.13052619222002104 -1.1700000000000001e-15 -0.13052619222002104 -0.99144486137381449 6.4160000000000014e-14 -9.5345509806439133e-15 -6.3458386660846516e-14 -1 
1 38.026366021512899 -85.6775532408316 60.6699114592234 -0.14600773773694298 0.96104775482359572 0.23466775123451894 -8.5864166765827006e-17 -0.23720982262954241 0.97145843969161183 0.98928344801727086 0.14184044908483268 0.034634469571121068 
1 36.642615302005503 -83.842367832758001 61.881244797831805 0.63048500467826096 0.69863857029413201 -0.33822005702386199 -0.74238979052990894 0.66996820739267771 6.9686971139446476e-17 0.22659668530852611 0.25109111728695871 0.94106705022903425 
1 37.3693312020389 -81.352838346378206 61.725916339228696 0.77649274241520683 -0.26240918452946294 -0.57288780825838292 0.5936927659630985 1.3618134257342072e-16 0.804691804135649 -0.21115852012077788 -0.96495669326378708 0.15579043457741809 
1 39.479797821579801 -80.698494268072011 60.359254542017204 0.14600773773694295 -0.9610477548235955 -0.23466775123451988 -7.3671039743045417e-17 0.23720982262954335 -0.97145843969161161 0.98928344801727086 0.14184044908483268 0.034634469571121047 
1 40.863548541087297 -82.533679676145695 59.147921203408799 -0.63048500467826185 -0.6986385702941309 0.33822005702386293 0.74238979052990806 -0.66996820739267882 -8.0768778574427544e-17 0.22659668530852706 0.25109111728695904 0.94106705022903392 
1 40.1368326410538 -85.02320916252549 59.303249662011901 -0.77649274241520627 0.26240918452946405 0.57288780825838315 -0.59369276596309895 1.1751784997440439e-18 -0.80469180413564867 -0.21115852012077871 -0.96495669326378664 0.1557904345774187 
9 0 0 0 0 3 3 19 5 17 3 -52.5 0 6.43e-15  -59.1666666666667 -20 7.2500000000000007e-15  -65.833336636203597 -59.943690524384003 8.0599999999999992e-15  -59.1666666666667 -100 7.2500000000000007e-15  -52.5 -120 6.43e-15  
-52.5 0 3.4361169374439102  -59.141866004739207 -20 3.8724516702903  -65.85813732270509 -59.943690524384103 4.3087793493175299  -59.141866004739207 -100 3.8724516702903  -52.5 -120 3.4361169374439102  
-51.823346920283299 0 10.308272848824201  -58.415611601167598 -20 11.6172770473634  -64.973349449546802 -59.943690524383697 12.926285268438601  -58.415611601167598 -100 11.6172770473634  -51.823346920283299 -120 10.308272848824201  
-48.816380677573697 0 20.220464359953599  -55.012209973734301 -20 22.7881252019112  -61.217294650333201 -59.943690524384103 25.355786411901601  -55.012209973734301 -100 22.7881252019112  -48.816380677573697 -120 20.220464359953599  
-43.933658040707996 0 29.3555216873321  -49.513364754204503 -20 33.083199938681894  -55.090595087231904 -59.943690524383804 36.810880279081104  -49.513364754204503 -100 33.083199938681894  -43.933658040707996 -120 29.3555216873321  
-37.362467655051603 0 37.362491692624495  -42.106694363190904 -20 42.106928473647102  -46.8515876902351 -59.943690524384003 46.8513675402979  -42.106694363190798 -100 42.106928473646995  -37.362467655051603 -120 37.362491692624495  
-29.355525922434001 0 43.933634837741998  -33.083275436237095 -20 49.512506103791999  -36.810848867826699 -59.943690524384103 55.091380151183898  -33.083275436237201 -100 49.512506103791999  -29.355525922434001 -120 43.933634837741998  
-20.220429198006901 0 48.816441350234101  -22.788091374869797 -20 55.015352823047003  -25.355802271578803 -59.943690524383804 61.214267362305705  -22.788091374869797 -100 55.015352823047003  -20.220429198006901 -120 48.816441350234101  
-10.3082900606903 0 51.823256918163501  -11.617285113310999 -20 58.403987826931001  -12.926268952510801 -59.943690524383896 64.984721997332002  -11.617285113310999 -100 58.403987826931001  -10.3082900606903 -120 51.823256918163501  
-5.7249999999999996e-14 0 52.838535776416599  3.3389999999999997e-14 -20 59.5481911280921  1.1636999999999999e-13 -59.943690524384195 66.257849803266694  3.2229999999999999e-14 -100 59.548191128092199  -5.7249999999999996e-14 -120 52.838535776416599  
10.308290060690201 0 51.823256918163601  11.617285113310999 -20 58.403987826930901  12.926268952511 -59.943690524383598 64.984721997331704  11.617285113310999 -100 58.403987826930901  10.308290060690201 -120 51.823256918163601  
20.220429198006801 0 48.816441350233994  22.7880913748699 -20 55.015352823046896  25.355802271578998 -59.943690524384301 61.214267362305598  22.7880913748699 -100 55.015352823046896  20.220429198006801 -120 48.816441350233994  
29.355525922434001 0 43.933634837742098  33.083275436237201 -20 49.512506103791999  36.810848867826799 -59.943690524383697 55.091380151183998  33.083275436237201 -100 49.512506103791999  29.355525922434001 -120 43.933634837742098  
37.362467655051603 0 37.362491692624403  42.106694363190904 -20 42.106928473646697  46.851587690235199 -59.943690524383896 46.851367540297296  42.106694363190904 -100 42.106928473646697  37.362467655051603 -120 37.362491692624403  
43.933658040707904 0 29.355521687332303  49.513364754204702 -20 33.083199938682  55.090595087232295 -59.943690524383804 36.810880279081196  49.513364754204702 -100 33.083199938682  43.933658040707904 -120 29.355521687332303  
48.816380677573697 0 20.2204643599534  55.012209973734194 -20 22.788125201911001  61.217294650332704 -59.943690524384103 25.355786411901398  55.012209973734194 -100 22.788125201911001  48.816380677573697 -120 20.2204643599534  
51.823346920283299 0 10.308272848824299  58.415611601167804 -20 11.6172770473634  64.9733494495473 -59.943690524383697 12.926285268438399  58.415611601167697 -100 11.617277047363299  51.823346920283299 -120 10.308272848824299  
52.5 0 3.4361169374439  59.141866004739299 -20 3.8724516702902498  65.858137322705005 -59.943690524384003 4.3087793493175699  59.141866004739299 -100 3.8724516702902498  52.5 -120 3.4361169374439  
52.5 0 0  59.1666666666667 -20 0  65.833336636203597 -59.943690524384003 0  59.1666666666667 -100 0  52.5 -120 0  

0 4
0.0625 1
0.125 1
0.1875 1
0.25 1
0.3125 1
0.375 1
0.4375 1
0.5 1
0.5625 1
0.625 1
0.6875 1
0.75 1
0.8125 1
0.875 1
0.9375 1
1 4

0 4
0.50035193404824196 1
1 4

1 -33.647103156917197 -111.195874923609 43.262988193970898 2.5000000000000002e-16 1 3.0000000000000001e-17 -0.36983150440840706 1.2033084136438258e-16 -0.92909884207602711 -0.92909884207602711 2.2117976538675458e-16 0.36983150440840706 
1 -34.815936502458499 -111.195874923609 41.474927249985797 0.89236654617998734 -2.5999999999999998e-16 0.45131136398145416 0.45131136398145416 -9.0000000000000008e-17 -0.89236654617998734 2.7263332476512756e-16 1 3.7027965478979218e-17 
1 -33.647103156917197 -112.99587492360901 43.262988193970898 2.5000000000000002e-16 1 3.0000000000000001e-17 -0.36983150440840706 1.2033084136438258e-16 -0.92909884207602711 -0.92909884207602711 2.2117976538675458e-16 0.36983150440840706 
1 -32.478269811375796 -111.195874923609 45.0510491379559 -0.89236654617998701 2.5999999999999998e-16 -0.45131136398145499 -0.45131136398145499 8.9999999999999996e-17 0.89236654617998701 2.7263332476512751e-16 1 3.7027965478979453e-17 
1 -11.008336008922999 -116.5 53.468595919655002 -2.5000000000000002e-16 -1 -4.9999999999999999e-17 -0.99925417025616203 2.5174428285319728e-16 -0.038614805783134497 0.038614805783134497 4.0309007067024474e-17 -0.99925417025616203 
2 -11.008336008922999 -116.5 53.468595919655002 2.5000000000000002e-16 1 4.9999999999999999e-17 0.99925417025616203 -2.5174428285319728e-16 0.038614805783134497 0.038614805783134497 4.0309007067024474e-17 -0.99925417025616203 1.05
1 -11.008336008922999 -113.5 53.468595919655002 -2.5000000000000002e-16 -1 -4.9999999999999999e-17 -0.99925417025616203 2.5174428285319728e-16 -0.038614805783134497 0.038614805783134497 4.0309007067024474e-17 -0.99925417025616203 
1 -11.008336008922999 -111.195874923609 53.468595919655002 1.9000000000000001e-16 1 1.2999999999999999e-16 -0.3698315044084059 1.9105083530748072e-16 -0.92909884207602766 -0.92909884207602766 1.284506844213525e-16 0.3698315044084059 
1 -13.1412588826995 -111.195874923609 53.5868048176917 0.83703037931453994 -1.1e-16 -0.54715641648851898 -0.54715641648851898 2.2999999999999999e-16 -0.83703037931453994 2.1791931751695871e-16 1 1.3232978142860707e-16 
1 -12.177169354464299 -111.195874923609 51.680534975670007 0.89236654617998634 -2.5000000000000002e-16 0.45131136398145616 0.45131136398145616 1.9999999999999998e-17 -0.89236654617998634 2.1406540926536742e-16 1 1.3067517191896375e-16 
1 -11.008336008922999 -112.99587492360901 53.468595919655002 1.9000000000000001e-16 1 1.2999999999999999e-16 -0.3698315044084059 1.9105083530748072e-16 -0.92909884207602766 -0.92909884207602766 1.284506844213525e-16 0.3698315044084059 
1 -9.8395026633816709 -111.195874923609 55.256656863640096 -0.89236654617998634 2.5000000000000002e-16 -0.45131136398145616 -0.45131136398145616 -1.9999999999999998e-17 0.89236654617998634 2.1406540926536742e-16 1 1.3067517191896375e-16 
1 -33.647103156917197 -113.5 43.262988193970898 -2.5000000000000002e-16 -1 -4.9999999999999999e-17 -0.99925417025616203 2.5174428285319728e-16 -0.038614805783134497 0.038614805783134497 4.0309007067024474e-17 -0.99925417025616203 
10 5.9183305057062201 12.201515812885805 0 3
2 -33.647103156917197 -116.5 43.262988193970898 2.5000000000000002e-16 1 4.9999999999999999e-17 0.99925417025616203 -2.5174428285319728e-16 0.038614805783134497 0.038614805783134497 4.0309007067024474e-17 -0.99925417025616203 1.05
1 52.5 0 0 -1.2e-16 0 -1 1 0 -1.2e-16 0 -1 -0 
1 -33.647103156917197 -116.5 43.262988193970898 -2.5000000000000002e-16 -1 -4.9999999999999999e-17 -0.99925417025616203 2.5174428285319728e-16 -0.038614805783134497 0.038614805783134497 4.0309007067024474e-17 -0.99925417025616203 
1 -11.9724255371582 -111.195874923609 55.374865761676702 -0.055336166865446089 1.4000000000000001e-16 -0.99846778046997575 -0.99846778046997575 2.1000000000000001e-16 0.055336166865446089 2.1742529725985733e-16 1 1.281648942240529e-16 
1 -35.780026030693698 -111.195874923609 43.381197092007504 0.83703037931453872 -2.1000000000000001e-16 -0.54715641648852076 -0.54715641648852076 1.7999999999999999e-16 -0.83703037931453872 2.7426453462398685e-16 1 3.5762620814027599e-17 
1 -34.611192685152304 -111.195874923609 45.169258035992499 -0.055336166865447678 4.9999999999999999e-17 -0.99846778046997564 -0.99846778046997564 2.7e-16 0.055336166865447678 2.7235310907016572e-16 1 3.4982623969827905e-17 
1 21.428894451543798 -17.612110972706201 75.386160226562495 0.26677013098912911 -0.21925466858816009 0.93848872529953131 -0.9618938497833267 -2.1899068206949802e-17 0.27342315510762999 -0.059949303257452471 -0.97566766386013637 -0.21089971725123269 
1 40.268956891185802 -8.1174516817932894 58.298756170858894 0.56464113699074714 -0.11382085608675001 0.81745042610391716 -0.8227975489754269 -4.8060015013433767e-19 0.56833457874743987 -0.064688328296736056 -0.9935012897423332 -0.093651521410462721 
1 31.215989875791099 8.6319905126138785 44.805951933156599 0.56462916170328836 0.15613387838608109 0.81044192992117736 -0.82050467975624175 -9.094499886700631e-18 0.57163980835671968 0.089252340318610776 -0.98773590195968919 0.12810857788427146 
1 13.846736377066401 13.895075216867401 48.060096583197002 0.26674853040629903 0.26767974727411203 0.92584705779375209 5.2652337117962424e-17 -0.96065528242661402 0.27774345779125514 0.96376616537730775 -0.074087659195781197 -0.25625338481434745 
10 3.1415926535897931 9.4247779607693793 0 0.50000000000004263
2 13.628850371670101 -13.5149127072032 56.047613905614895 -0.26674853040629892 -0.26767974727411392 -0.92584705779375165 -5.0180014526902118e-18 0.96065528242661336 -0.27774345779125709 0.96376616537730775 -0.074087659195781738 -0.25625338481434717 1.25
1 13.713362111863201 13.761235343230499 47.597173054300001 0.26674853040629881 0.26767974727411481 0.92584705779375132 7.6278535208824297e-18 -0.96065528242661313 0.27774345779125803 0.96376616537730775 -0.074087659195781946 -0.25625338481434701 
10 3.1415926535897931 9.4247779607693793 -7.1100000000000008e-15 0.50000000000004263
2 33.3868552720024 -33.959045037726398 51.498806110442601 -0.56462916170328981 -0.15613387838608395 -0.8104419299211757 0.82050467975624053 9.7530330914023937e-17 -0.57163980835672146 0.089252340318612761 -0.98773590195968863 0.12810857788427354 1.25
1 30.933675294939501 8.5539235734209011 44.400730968195894 0.56462916170329036 0.15613387838608309 0.81044192992117547 -0.82050467975624009 -5.3501368042648191e-17 0.5716398083567219 0.089252340318612317 -0.98773590195968874 0.12810857788427285 
10 3.1415926535897931 9.4247779607693793 0 0.50000000000005684
2 33.3889911201343 -82.106725621627703 52.748803952633104 -0.56464113699074636 0.11382085608675106 -0.81745042610391749 0.82279754897542745 1.7159124753673081e-17 -0.5683345787474392 -0.064688328296736555 -0.99350128974233298 -0.093651521410463651 1.25
1 39.986636322690501 -8.0605412537500598 57.890030957807099 0.56464113699074636 -0.11382085608675208 0.81745042610391749 -0.82279754897542745 1.7088740187160479e-17 0.56833457874743931 -0.064688328296737152 -0.99350128974233287 -0.093651521410464442 
Triangulations 0

TShapes 393
Ve
0.003427545063831
12.3936538027708 -100.843343105817 60.7187092210087
0 0

0101101
*
Ve
0.003529514545775
14.8840974211317 -100.215017289933 60.3041878471434
0 0

0101101
*
Ed
 0.003427545063831 1 1 0
1  1 0 0.000606346209894 0.003207871149438
2  1 1 0 0.000606346209894 0.003207871149438
4 C0 1 0 2 0
0

0101000
+393 0 -392 0 *
Ve
0.003529514545775
16.5494028588496 -102.010976176872 59.4370790089666
0 0

0101101
*
Ed
 0.003529514545775 1 1 0
1  2 0 0.000835973185026 0.003434009118847
2  2 1 0 0.000835973185026 0.003434009118847
4 C0 1 0 3 0
0

0101000
+392 0 -390 0 *
Ve
0.003484371493557
15.7405029008821 -104.448606849568 59.0416170888205
0 0

0101101
*
Ed
 0.002114311359727 1 1 0
1  3 0 0.000550751929509 0.003149337492642
2  3 1 0 0.000550751929509 0.003149337492642
4 C0 1 0 4 0
0

0101000
+390 0 -388 0 *
Ve
0.003484371493557
13.2579631535135 -105.083428747335 59.4839440261681
0 0

0101101
*
Ed
 0.003484371493557 1 1 0
1  4 0 0.002236958574876 0.004837078717439
2  4 1 0 0.002236958574876 0.004837078717439
4 C0 1 0 5 0
0

0101000
+388 0 -386 0 *
Ve
0.003414633977489
11.5762709282641 -103.27400178713 60.2934046738029
0 0

0101101
*
Ed
 0.003414633977489 1 1 0
1  5 0 0.002925267696871 0.005524586481857
2  5 1 0 0.002925267696871 0.005524586481857
4 C0 1 0 6 0
0

0101000
+386 0 -384 0 *
Ed
 0.002473993963483 1 1 0
1  6 0 0.001915420839793 0.004514838900763
2  6 1 0 0.001915420839793 0.004514838900763
4 C0 1 0 7 0
0

0101000
+384 0 -393 0 *
Wi

0101100
+391 0 +389 0 +387 0 +385 0 +383 0 +382 0 *
Ve
0.002267933801681
32.8385498106954 -32.8028625310145 55.0720186086778
0 0

0101101
*
Ve
0.002434211960462
34.2670822844209 -31.0204534634234 53.8315959989846
0 0

0101101
*
Ed
 0.002267933801681 1 1 0
1  7 0 0.002010350339169 0.004609467378693
2  7 1 0 0.002010350339169 0.004609467378693
4 C0 1 0 8 0
0

0101000
+380 0 -379 0 *
Ve
0.002434211960462
36.4151548541794 -31.7342609387014 52.5546133640577
0 0

0101101
*
Ed
 0.002434211960462 1 1 0
1  8 0 0.002286428671164 0.004884942992023
2  8 1 0 0.002286428671164 0.004884942992023
4 C0 1 0 9 0
0

0101000
+379 0 -377 0 *
Ve
0.002377748020685
37.1521124791327 -34.2256611055723 52.5430536340801
0 0

0101101
*
Ed
 0.001275282098418 1 1 0
1  9 0 0.001100043157522 0.003698176723699
2  9 1 0 0.001100043157522 0.003698176723699
4 C0 1 0 10 0
0

0101000
+377 0 -375 0 *
Ve
0.002399214419348
35.7559252133181 -35.9991259260347 53.8299030217384
0 0

0101101
*
Ed
 0.002377748020685 1 1 0
1  10 0 0.004197114346318 0.006795123619301
2  10 1 0 0.004197114346318 0.006795123619301
4 C0 1 0 11 0
0

0101000
+375 0 -373 0 *
Ve
0.002399214419348
33.5906055649491 -35.2900876930435 55.0821300177032
0 0

0101101
*
Ed
 0.002399214419348 1 1 0
1  11 0 0.004688030360512 0.007287508310045
2  11 1 0 0.004688030360512 0.007287508310045
4 C0 1 0 12 0
0

0101000
+373 0 -371 0 *
Ed
 0.001584486591577 1 1 0
1  12 0 0.000564535797346 0.003162988911213
2  12 1 0 0.000564535797346 0.003162988911213
4 C0 1 0 13 0
0

0101000
+371 0 -380 0 *
Wi

0101100
+378 0 +376 0 +374 0 +372 0 +370 0 +369 0 *
Ve
0.004371697036314
14.9767046843115 -15.3880480677313 58.4389149359573
0 0

0101101
*
Ve
0.004232834544387
12.4916684748895 -14.7337974515155 58.8392457351852
0 0

0101101
*
Ed
 0.004232834544387 1 1 0
1  13 0 0.002124411530715 0.004724975481956
2  13 1 0 0.002124411530715 0.004724975481956
4 C0 1 0 14 0
0

0101000
+367 0 -366 0 *
Ve
0.00426881273372
11.682404706977 -12.3201913312134 58.3173175948579
0 0

0101101
*
Ed
 0.002723437148915 1 1 0
1  14 0 0.000738179340414 0.003336770430177
2  14 1 0 0.000738179340414 0.003336770430177
4 C0 1 0 15 0
0

0101000
+366 0 -364 0 *
Ve
0.004312245858798
13.3667592441374 -10.5522237714522 57.4248459159172
0 0

0101101
*
Ed
 0.00426881273372 1 1 0
1  15 0 0.000998458303704 0.003598151525871
2  15 1 0 0.000998458303704 0.003598151525871
4 C0 1 0 16 0
0

0101000
+364 0 -362 0 *
Ve
0.004312245858798
15.8431245689612 -11.2151755422518 56.9944196819843
0 0

0101101
*
Ed
 0.004312245858798 1 1 0
1  16 0 0.000726899422843 0.003326201656497
2  16 1 0 0.000726899422843 0.003326201656497
4 C0 1 0 17 0
0

0101000
+362 0 -360 0 *
Ve
0.004371697036314
16.6439802399891 -13.6372191120338 57.4871644871665
0 0

0101101
*
Ed
 0.002318887801081 1 1 0
1  17 0 0.002171700043728 0.004769843725842
2  17 1 0 0.002171700043728 0.004769843725842
4 C0 1 0 18 0
0

0101000
+360 0 -358 0 *
Ed
 0.004371697036314 1 1 0
1  18 0 0.003081049281785 0.005679171289437
2  18 1 0 0.003081049281785 0.005679171289437
4 C0 1 0 19 0
0

0101000
+358 0 -367 0 *
Wi

0101100
+365 0 +363 0 +361 0 +359 0 +357 0 +356 0 *
Ve
0.001810242592072
42.3808360697067 -80.0939293607788 49.924177133372
0 0

0101101
*
Ve
0.001810242592072
36.9393866302197 -82.372421074984 53.7552440730086
0 0

0101101
*
Ed
 0.001810242592072 1 1 0
1  19 0 0 0.007251897338705
2  19 1 0 0 0.007251897338705
2  20 20 0 0 0.007251897338705
4 C0 1 0 20 0
0

0101000
+354 0 -353 0 *
Ve
0.002767329632169
43.8739937945369 -80.2442167947633 48.5951542425681
0 0

0101101
*
Ed
 0.000866280762069 1 1 0
1  20 0 0 0.002004596754541
2  21 1 0 0 0.002004596754541
4 C0 1 0 21 0
0

0101000
+354 0 -351 0 *
Ve
0.003454743502722
54.4383453501976 0 10.8038806309582
0 0

0101101
*
Ed
 0.002767329632169 1 1 0
1  21 0 0.040760875105512 0.133879679998406
2  22 1 0 0.040760875105512 0.133879679998406
4 C0 1 0 22 0
0

0101000
+351 0 -349 0 *
Ve
0.003454743502722
-55.5 0 -0
0 0

0101101
*
Ed
 0.003454743502722 1 1 0
1  22 0 0 1
2  23 1 0 0 1
4 C0 1 0 23 0
0

0101000
+347 0 -349 0 *
Ve
0.001394899830307
-56.0450732360399 -1.53832788423583 7e-15
0 0

0101101
*
Ed
 1e-07 1 1 0
1  23 0 0 0.012846431877589
2  24 1 0 0 0.012846431877589
4 C0 1 0 24 0
0

0101000
+347 0 -345 0 *
Ve
0.004032341130218
-40.4492982309235 -120 39.4475696083579
0 0

0101101
*
Ed
 0.001394899830307 1 1 0
1  24 0 0 0.1404979069284
2  25 1 0 0 0.1404979069284
4 C0 1 0 25 0
0

0101000
+343 0 -345 0 *
Ve
0.004032341130218
31.0753284368663 -120 47.186625977102
0 0

0101101
*
Ed
 0.004032341130218 1 1 0
1  25 0 0 0.999999999999997
2  26 1 0 0 0.999999999999997
4 C0 1 0 26 0
0

0101000
+341 0 -343 0 *
Ve
0.015251389412042
35.6294666695327 -85.4078857954367 54.1563905280452
0 0

0101101
*
Ed
 0.003079091438109 1 1 0
1  26 0 0 0.035579673988795
2  27 1 0 0 0.035579673988795
4 C0 1 0 27 0
0

0101000
+341 0 -339 0 *
Ve
0.015251389412042
35.8444279708989 -84.4234413409234 54.1762997194759
0 0

0101101
*
Ed
 0.015251389412042 1 1 0
1  27 0 0.009618538342294 0.010613925252461
2  28 1 0 0.009618538342294 0.010613925252461
2  29 20 0 0.009618538342294 0.010613925252461
4 C0 1 0 20 0
0

0101000
+337 0 -339 0 *
Ve
0.001553327256977
34.210289414474 -84.9083051682936 55.1452458900544
0 0

0101101
*
Ed
 0.001042686697397 1 1 0
1  28 0 0.005391109231685 0.007351278730261
2  30 1 0 0.005391109231685 0.007351278730261
4 C0 1 0 28 0
0

0101000
+337 0 -335 0 *
Ve
0.001553327256977
32.7796382252137 -83.0636655223538 56.2886798028643
0 0

0101101
*
Ed
 0.001553327256977 1 1 0
1  29 0 0.003907635664704 0.006506882678402
2  31 1 0 0.003907635664704 0.006506882678402
4 C0 1 0 29 0
0

0101000
+335 0 -333 0 *
Ve
0.001770743913927
33.5407566328754 -80.5810709236633 56.1831570397328
0 0

0101101
*
Ed
 0.00138739760995 1 1 0
1  30 0 0.000839268957852 0.00343805697008
2  32 1 0 0.000839268957852 0.00343805697008
4 C0 1 0 30 0
0

0101000
+333 0 -331 0 *
Ve
0.001770743913927
35.716048824911 -79.9397944411702 54.9103454570854
0 0

0101101
*
Ed
 0.001770743913927 1 1 0
1  31 0 0.002178968515322 0.00477913322133
2  33 1 0 0.002178968515322 0.00477913322133
4 C0 1 0 31 0
0

0101000
+331 0 -329 0 *
Ve
0.001677684810112
37.1151116005179 -81.7780664669547 53.7211799095978
0 0

0101101
*
Ed
 0.001677684810112 1 1 0
1  32 0 0.001914522516251 0.004512602327415
2  34 1 0 0.001914522516251 0.004512602327415
4 C0 1 0 32 0
0

0101000
+329 0 -327 0 *
Ed
 5.9919444229e-05 1 1 0
1  33 0 0.000422103353246 0.001042808646697
2  35 1 0 0.000422103353246 0.001042808646697
4 C0 1 0 33 0
0

0101000
+327 0 -353 0 *
Wi

0101100
-352 0 +350 0 +348 0 -346 0 +344 0 -342 0 -340 0 +338 0 -336 0 +334 0 
+332 0 +330 0 +328 0 +326 0 +325 0 *
Fa
0  1e-07 1 0

0111000
+381 0 +368 0 +355 0 +324 0 *
Ve
0.001013269177458
-35.3107414379802 -111.195874923609 42.4532925352048
0 0

0101101
*
Ve
0.000829948710364
-32.3326893965323 -111.195874923609 44.7631966654648
0 0

0101101
*
Ed
 0.00026738594884 1 1 0
1  34 0 0.000822598855674 0.004591428172789
2  36 34 0 0.000822598855674 0.004591428172789
4 C0 34 0 35 0
0

0101000
+322 0 -321 0 *
Ve
0.001013269177458
-35.0695105898342 -112.995874923609 41.9763128799775
0 0

0101101
*
Ed
 0.001013269177458 1 1 0
1  35 0 0 0.001877685254136
2  37 34 0 0 0.001877685254136
4 C0 34 0 36 0
0

0101000
+322 0 -319 0 *
Ve
0.000829948710364
-32.0946575367772 -112.995874923609 44.2925422890792
0 0

0101101
*
Ed
 0.000191660846892 1 1 0
1  36 0 0.000421809695031 0.00419203474337
2  38 34 0 0.000421809695031 0.00419203474337
4 C0 34 0 37 0
0

0101000
+319 0 -317 0 *
Ed
 0.000829948710364 1 1 0
1  37 0 0 0.001875679798971
2  39 34 0 0 0.001875679798971
4 C0 34 0 38 0
0

0101000
+317 0 -321 0 *
Wi

0101100
-320 0 +318 0 +316 0 +315 0 *
Ve
0.001544683644433
-10.3963063848821 -116.5 52.6154137941412
0 0

0101101
*
Ve
0.001701496406493
-11.233525008909 -116.5 52.4430278262135
0 0

0101101
*
Ed
 4.43002236e-06 1 1 0
1  38 0 0.000489580957747 0.001344360919292
2  40 34 0 0.000489580957747 0.001344360919292
4 C0 34 0 39 0
0

0101000
+313 0 -312 0 *
Ve
0.001544683644433
-9.97084573832691 -113.5 53.6301939964333
0 0

0101101
*
Ed
 0.001544683644433 1 1 0
1  39 0 0 0.003234442736279
2  41 34 0 0 0.003234442736279
2  42 40 0 0 0.003234442736279
4 C0 34 0 40 0
0

0101000
+313 0 -310 0 *
Ve
0.001701496406493
-12.0252750287151 -113.5 53.2071862218963
0 0

0101101
*
Ed
 2.6139428032e-05 1 1 0
1  40 0 1.9847891336e-05 0.002117373857369
2  43 34 0 1.9847891336e-05 0.002117373857369
4 C0 34 0 41 0
0

0101000
+310 0 -308 0 *
Ed
 0.001701496406493 1 1 0
1  41 0 3e-15 0.003220752602351
2  44 34 0 3e-15 0.003220752602351
2  45 40 0 3e-15 0.003220752602351
4 C0 34 0 40 0
0

0101000
+308 0 -312 0 *
Wi

0101100
-311 0 +309 0 +307 0 +306 0 *
Ve
0.000374117113234
-13.1056526604714 -111.195874923609 53.641274597812
0 0

0101101
*
Ve
0.001241299185067
-9.4118652241405 -111.195874923609 54.4111001701273
0 0

0101101
*
Ed
 0.000374117113234 1 1 0
1  42 0 1.5865255039e-05 0.003788857607367
2  46 34 0 1.5865255039e-05 0.003788857607367
4 C0 34 0 42 0
0

0101000
+304 0 -303 0 *
Ve
0.000851469032869
-13.1412588826995 -111.351918780995 53.5868048176917
0 0

0101101
*
Ed
 3.1940445945e-05 1 1 0
1  43 0 0 0.000169069350965
2  47 34 0 0 0.000169069350965
4 C0 34 0 43 0
0

0101000
+304 0 -301 0 *
Ve
0.000851469032869
-12.9205046176464 -112.995874923609 53.1503129923539
0 0

0101101
*
Ed
 0.000851469032869 1 1 0
1  44 0 0 0.001715182018902
2  48 34 0 0 0.001715182018902
4 C0 34 0 44 0
0

0101000
+301 0 -299 0 *
Ve
0.001241299185067
-9.16592969317631 -112.995874923609 53.9248180645465
0 0

0101101
*
Ed
 0.000173361417838 1 1 0
1  45 0 0.000450461855026 0.004284086170234
2  49 34 0 0.000450461855026 0.004284086170234
4 C0 34 0 45 0
0

0101000
+299 0 -297 0 *
Ed
 0.001241299185067 1 1 0
1  46 0 0 0.00188067928462
2  50 34 0 0 0.00188067928462
4 C0 34 0 46 0
0

0101000
+297 0 -303 0 *
Wi

0101100
-302 0 +300 0 +298 0 +296 0 +295 0 *
Ve
0.001258399605826
-32.6814175754088 -113.5 43.675239764819
0 0

0101101
*
Ve
0.001258399605826
-34.2843553884404 -113.5 42.4284766042259
0 0

0101101
*
Ed
 4.4326664931e-05 1 1 0
1  47 0 9.9183133648e-05 0.002129895361021
2  51 34 0 9.9183133648e-05 0.002129895361021
4 C0 34 0 47 0
0

0101000
+293 0 -292 0 *
Ed
 0.001258399605826 1 1 0
1  48 0 0 0.006022692032366
2  52 34 0 0 0.006022692032366
2  53 48 0 0 0.006022692032366
4 C0 34 0 48 0
0

0101000
+292 0 -293 0 *
Wi

0101100
+291 0 +290 0 *
Ve
0.00378488513311
35.6519761028277 -85.2369096749109 49.1625022299103
0 0

0101101
*
Ve
0.001731441245007
42.4057315749671 -79.9048292243089 44.4009206938824
0 0

0101101
*
Ed
 0.001731441245007 1 1 0
1  49 0 0 0.010927584179433
2  54 34 0 0 0.010927584179433
2  55 20 0 0 0.010927584179433
4 C0 34 0 20 0
0

0101000
+288 0 -287 0 *
Ve
0.00378488513311
31.0753284373568 -120 42.3152130059186
0 0

0101101
*
Ed
 0.00378488513311 1 1 0
1  50 0 0.000953988939285 0.036679203243156
2  56 34 0 0.000953988939285 0.036679203243156
4 C0 34 0 27 0
0

0101000
+288 0 -285 0 *
Ve
0.003718322704898
-40.449298230202 -120 33.4678890074765
0 0

0101101
*
Ed
 0.003718322704898 1 1 0
1  51 0 2e-15 1
2  57 34 0 2e-15 1
4 C0 34 0 26 0
0

0101000
+283 0 -285 0 *
Ve
0.001828556898625
-55.1299433465083 -8.48942947951565 -0
0 0

0101101
*
Ed
 0.001828556898625 1 1 0
1  52 0 0 0.132101324654585
2  58 34 0 0 0.132101324654585
4 C0 34 0 25 0
0

0101000
+281 0 -283 0 *
Ve
0.004045533505901
-52.5 0 0
0 0

0101101
*
Ed
 1e-07 1 1 0
1  53 0 0 0.070801103395229
2  59 34 0 0 0.070801103395229
4 C0 34 0 24 0
0

0101000
+279 0 -281 0 *
Ve
0.004045533505901
52.5 0 0
0 0

0101101
*
Ed
 0.004045533505901 1 1 0
1  54 0 0 1
2  60 34 0 0 1
4 C0 34 0 23 0
0

0101000
+277 0 -279 0 *
Ve
0.001169688892768
53.8751724265603 -4.27772303350647 0
0 0

0101101
*
Ed
 1e-07 1 1 0
1  55 0 0 0.035674448242254
2  61 34 0 0 0.035674448242254
4 C0 34 0 49 0
0

0101000
+277 0 -275 0 *
Ve
0.001169688892768
43.8996570853946 -80.0492847476844 42.9015587518914
0 0

0101101
*
Ed
 0.001169688892768 1 1 0
1  56 0 0 0.095958162655131
2  62 34 0 0 0.095958162655131
4 C0 34 0 22 0
0

0101000
+275 0 -273 0 *
Ed
 0.001076392530621 1 1 0
1  57 0 1e-15 0.002121501134111
2  63 34 0 1e-15 0.002121501134111
4 C0 34 0 21 0
0

0101000
+273 0 -287 0 *
Wi

0101100
-286 0 +284 0 -282 0 -280 0 -278 0 -276 0 +274 0 +272 0 +271 0 *
Fa
0  1e-07 34 0

0111000
+314 0 +305 0 +294 0 +289 0 +270 0 *
Ed
 1e-07 1 1 0
1  58 0 42.3152130059186 47.186625977102
4 C0 26 0 27 0
0

0101000
+285 0 -341 0 *
Ed
 1e-07 1 1 0
1  59 0 33.467889007476 39.4475696083574
4 C0 26 0 25 0
0

0101000
+283 0 -343 0 *
Wi

0101100
+282 0 +268 0 +340 0 -267 0 *
Fa
0  1e-07 26 0

0111000
+266 0 *
Ve
1e-07
54.4383453525087 1e-15 -0
0 0

0101101
*
Ed
 1e-07 1 1 0
1  60 0 -5e-14 10.8038806309582
4 C0 22 0 23 0
0

0101000
+264 0 -349 0 *
Ed
 1e-07 1 1 0
1  61 0 24.7717508645397 30.4687401324715
4 C0 22 0 21 0
0

0101000
+273 0 -351 0 *
Ed
 1e-07 1 1 0
1  62 0 -0.253004838070336 4.06163049946551
4 C0 22 0 49 0
0

0101000
+264 0 -275 0 *
Wi

0101100
+263 0 -348 0 -262 0 -272 0 -261 0 *
Fa
0  1e-07 22 0

0111000
+260 0 *
Ed
 1e-07 1 1 0
1  63 0 52.5 54.4383453525087
4 C0 23 0 49 0
0

0101000
+277 0 -264 0 *
Ed
 1e-07 1 1 0
1  64 0 52.5 55.5
4 C0 23 0 24 0
0

0101000
+279 0 -347 0 *
Wi

0101100
-263 0 -258 0 +276 0 +257 0 +346 0 *
Fa
0  1e-07 23 0

0111000
-256 0 *
Wi

0101100
+258 0 +261 0 -274 0 *
Fa
0  1e-07 49 0

0111000
+254 0 *
Ed
 1e-07 1 1 0
1  65 0 1.45402094195229 8.46510331934708
4 C0 24 0 25 0
0

0101000
+345 0 -281 0 *
Wi

0101100
-252 0 -344 0 -257 0 +278 0 *
Fa
0  1e-07 24 0

0111000
+251 0 *
Wi

0101100
+267 0 +342 0 +252 0 +280 0 *
Fa
0  1e-07 25 0

0111000
-249 0 *
Ve
1e-07
-34.6963200356862 -116.5 43.2224426478986
0 0

0101101
*
Ve
1e-05
-32.6814175754087 -116.5 43.6752397648188
0 0

0101101
*
Ed
 1e-07 1 1 0
1  66 0 3.50644745506315 6.28318530717959
2  64 48 0 3.50644745506315 6.28318530717959
4 C0 48 0 50 0
0

0101000
-247 0 +246 0 *
Ed
 1e-05 1 1 0
1  67 0 0 3
3  65 66CN 48 0 0 3
0

0101000
+246 0 -293 0 *
Ed
 1e-07 1 1 0
1  68 0 3.50644745506337 7.16319426403347
2  67 48 0 3.50644745506337 7.16319426403347
4 C0 48 0 47 0
0

0101000
+293 0 -292 0 *
Ed
 1e-07 1 1 0
1  66 0 0 3.50644745506315
2  68 48 0 0 3.50644745506315
4 C0 48 0 50 0
0

0101000
-246 0 +247 0 *
Wi

0101100
-245 0 +244 0 +243 0 +290 0 -244 0 -242 0 *
Fa
0  1e-07 48 0

0111000
+241 0 *
Wi

0101100
-242 0 -245 0 *
Fa
0  1e-07 50 0

0111000
-239 0 *
Wi

0101100
+243 0 -291 0 *
Fa
0  1e-07 47 0

0111000
+237 0 *
Ve
1e-07
-11.9724255371582 -111.195874923609 55.3748657616767
0 0

0101101
*
Ed
 1e-07 1 1 0
1  69 0 0.065075033674295 2.13619599499994
4 C0 43 0 42 0
0

0101000
+304 0 -235 0 *
Ve
1e-07
-11.9724255371582 -112.995874923609 55.3748657616767
0 0

0101101
*
Ed
 1e-07 1 1 0
1  70 0 -0 1.80000000000001
4 C0 43 0 51 0
0

0101000
+235 0 -233 0 *
Ve
1e-07
-13.1412588826995 -112.995874923609 53.5868048176917
0 0

0101101
*
Ed
 1e-07 1 1 0
1  71 0 0 2.13619599499994
4 C0 43 0 45 0
0

0101000
+231 0 -233 0 *
Ed
 1e-07 1 1 0
1  72 0 0.156043857385995 1.80000000000001
4 C0 43 0 44 0
0

0101000
+301 0 -231 0 *
Wi

0101100
+234 0 +232 0 -230 0 -229 0 -300 0 *
Fa
0  1e-07 43 0

0111000
+228 0 *
Ve
1e-07
-9.83950266338167 -112.995874923609 55.2566568636401
0 0

0101101
*
Ed
 1e-07 1 1 0
1  73 0 0 2.13619599500003
4 C0 51 0 45 0
0

0101000
+233 0 -226 0 *
Ve
1e-07
-9.83950266338167 -111.195874923609 55.2566568636401
0 0

0101101
*
Ed
 1e-07 1 1 0
1  74 0 0 2.13619599500003
4 C0 51 0 42 0
0

0101000
+235 0 -224 0 *
Ed
 1e-07 1 1 0
1  75 0 -0 1.80000000000001
4 C0 51 0 46 0
0

0101000
+224 0 -226 0 *
Wi

0101100
-225 0 -232 0 +223 0 +222 0 *
Fa
0  1e-07 51 0

0111000
+221 0 *
Ed
 1e-07 1 1 0
1  76 0 0 1.49247952514008
4 C0 46 0 45 0
0

0101000
+226 0 -297 0 *
Ed
 1e-07 1 1 0
1  77 0 0 0.947544142182854
4 C0 46 0 42 0
0

0101000
+224 0 -303 0 *
Wi

0101100
-219 0 -222 0 +218 0 -295 0 *
Fa
0  1e-07 46 0

0111000
+217 0 *
Ed
 1e-07 1 1 0
1  78 0 1.6470563839217 2.13619599500003
4 C0 44 0 45 0
0

0101000
+299 0 -231 0 *
Wi

0101100
+229 0 -215 0 -298 0 *
Fa
0  1e-07 44 0

0111000
+214 0 *
Wi

0101100
+302 0 -218 0 -223 0 -234 0 *
Fa
0  1e-07 42 0

0111000
-212 0 *
Wi

0101100
+215 0 +230 0 +225 0 +219 0 -296 0 *
Fa
0  1e-07 45 0

0111000
+210 0 *
Ed
 1e-07 1 1 0
1  79 0 3.25748530415625 6.49616886443614
2  69 40 0 3.25748530415625 6.49616886443614
4 C0 40 0 41 0
0

0101000
+310 0 -308 0 *
Ed
 1e-07 1 1 0
1  80 0 2.15444707492486 7.59921244225445
2  70 40 0 2.15444707492486 7.59921244225445
4 C0 40 0 39 0
0

0101000
+313 0 -312 0 *
Wi

0101100
+309 0 +208 0 +306 0 -207 0 *
Fa
0  1e-07 40 0

0111000
+206 0 *
Wi

0101100
+311 0 -207 0 *
Fa
0  1e-07 39 0

0111000
-204 0 *
Wi

0101100
+208 0 -307 0 *
Fa
0  1e-07 41 0

0111000
+202 0 *
Ve
1e-07
-35.7800260306937 -112.995874923609 43.3811970920075
0 0

0101101
*
Ve
1e-07
-34.6111926851523 -112.995874923609 45.1692580359925
0 0

0101101
*
Ed
 1e-07 1 1 0
1  81 0 0 2.13619599499999
4 C0 52 0 37 0
0

0101000
+200 0 -199 0 *
Ve
1e-07
-35.7800260306937 -111.195874923609 43.3811970920075
0 0

0101101
*
Ed
 1e-07 1 1 0
1  82 0 -0 1.80000000000001
4 C0 52 0 36 0
0

0101000
+197 0 -200 0 *
Ve
1e-07
-34.6111926851523 -111.195874923609 45.1692580359925
0 0

0101101
*
Ed
 1e-07 1 1 0
1  83 0 0 2.13619599499999
4 C0 52 0 35 0
0

0101000
+197 0 -195 0 *
Ed
 1e-07 1 1 0
1  84 0 -0 1.80000000000001
4 C0 52 0 53 0
0

0101000
+195 0 -199 0 *
Wi

0101100
-198 0 -196 0 +194 0 +193 0 *
Fa
0  1e-07 52 0

0111000
+192 0 *
Ve
1e-07
-32.4782698113758 -112.995874923609 45.0510491379559
0 0

0101101
*
Ed
 1e-07 1 1 0
1  85 0 0 2.136195995
4 C0 53 0 37 0
0

0101000
+199 0 -190 0 *
Ve
1e-07
-32.4782698113758 -111.195874923609 45.0510491379559
0 0

0101101
*
Ed
 1e-07 1 1 0
1  86 0 0 2.136195995
4 C0 53 0 35 0
0

0101000
+195 0 -188 0 *
Ed
 1e-07 1 1 0
1  87 0 -0 1.80000000000001
4 C0 53 0 38 0
0

0101000
+188 0 -190 0 *
Wi

0101100
-189 0 -193 0 +187 0 +186 0 *
Fa
0  1e-07 53 0

0111000
+185 0 *
Ed
 1e-07 1 1 0
1  88 0 0 0.849994715875087
4 C0 38 0 37 0
0

0101000
+190 0 -317 0 *
Ed
 1e-07 1 1 0
1  89 0 0 0.322572012278262
4 C0 38 0 35 0
0

0101000
+188 0 -321 0 *
Wi

0101100
-183 0 -186 0 +182 0 -315 0 *
Fa
0  1e-07 38 0

0111000
+181 0 *
Ed
 1e-07 1 1 0
1  90 0 1.09637154082834 2.13619599500004
4 C0 36 0 35 0
0

0101000
+322 0 -197 0 *
Ed
 1e-07 1 1 0
1  91 0 0.561860630183854 2.13619599500004
4 C0 36 0 37 0
0

0101000
+319 0 -200 0 *
Wi

0101100
+179 0 +196 0 -178 0 -318 0 *
Fa
0  1e-07 36 0

0111000
+177 0 *
Wi

0101100
+320 0 -182 0 -187 0 -194 0 -179 0 *
Fa
0  1e-07 35 0

0111000
-175 0 *
Wi

0101100
+178 0 +198 0 +189 0 +183 0 -316 0 *
Fa
0  1e-07 37 0

0111000
+173 0 *
Ve
1e-07
14.2943072219264 -99.7302769099522 58.2293249297921
0 0

0101101
*
Ed
 1e-07 1 1 0
1  92 0 7.78914454546166 10
4 C0 3 0 2 0
0

0101000
+392 0 -171 0 *
Ve
1e-07
15.9531423496415 -101.520917938891 57.3394537495032
0 0

0101101
*
Ed
 1e-07 1 1 0
1  93 0 0 2.59807621000025
4 C0 3 0 54 0
0

0101000
+169 0 -171 0 *
Ed
 1e-07 1 1 0
1  94 0 7.76489029338744 9.99999999999985
4 C0 3 0 4 0
0

0101000
+390 0 -169 0 *
Wi

0101100
+170 0 -168 0 -167 0 -389 0 *
Fa
0  1e-07 3 0

0111000
+166 0 *
Ve
1e-07
11.840568230047 -100.388769748977 58.7729719969702
0 0

0101101
*
Ed
 1e-07 1 1 0
1  95 0 7.92673351145765 10.0000000000001
4 C0 2 0 7 0
0

0101000
+393 0 -164 0 *
Ed
 1e-07 1 1 0
1  96 0 0 2.59807620999993
4 C0 2 0 54 0
0

0101000
+171 0 -164 0 *
Wi

0101100
+163 0 -162 0 -170 0 -391 0 *
Fa
0  1e-07 2 0

0111000
+161 0 *
Ve
1e-07
11.0456643658826 -102.83790361694 58.4267478838592
0 0

0101101
*
Ed
 1e-07 1 1 0
1  97 0 8.01099710670698 10.0000000000001
4 C0 7 0 6 0
0

0101000
+384 0 -159 0 *
Ed
 1e-07 1 1 0
1  98 0 -0 2.5980762099997
4 C0 7 0 54 0
0

0101000
+164 0 -159 0 *
Wi

0101100
+158 0 -157 0 -163 0 -382 0 *
Fa
0  1e-07 7 0

0111000
+156 0 *
Ve
1e-07
12.7044994935976 -104.628544645879 57.5368767035703
0 0

0101101
*
Ed
 1e-07 1 1 0
1  99 0 7.92531623437865 10.0000000000001
4 C0 6 0 5 0
0

0101000
+386 0 -154 0 *
Ed
 1e-07 1 1 0
1  100 0 0 2.59807621000034
4 C0 6 0 54 0
0

0101000
+159 0 -154 0 *
Wi

0101100
+153 0 -152 0 -158 0 -383 0 *
Fa
0  1e-07 6 0

0111000
+151 0 *
Ve
1e-07
15.1582384854771 -103.970051806854 56.9932296363922
0 0

0101101
*
Ed
 1e-07 1 1 0
1  101 0 7.81735528919174 10.0000000000001
4 C0 5 0 4 0
0

0101000
+388 0 -149 0 *
Ed
 1e-07 1 1 0
1  102 0 0 2.59807621000008
4 C0 5 0 54 0
0

0101000
+154 0 -149 0 *
Wi

0101100
+148 0 -147 0 -153 0 -385 0 *
Fa
0  1e-07 5 0

0111000
+146 0 *
Ed
 1e-07 1 1 0
1  103 0 0 2.5980762099997
4 C0 4 0 54 0
0

0101000
+149 0 -169 0 *
Wi

0101100
+167 0 -144 0 -148 0 -387 0 *
Fa
0  1e-07 4 0

0111000
+143 0 *
Wi

0101100
+168 0 +162 0 +157 0 +152 0 +147 0 +144 0 *
Fa
0  1e-07 54 0

0111000
+141 0 *
Ve
1e-07
31.2785245005934 -82.7610696999339 54.1154657498446
0 0

0101101
*
Ve
1e-07
32.6622752201009 -84.5962551080075 52.9041324112362
0 0

0101101
*
Ed
 1e-07 1 1 0
1  104 0 0 2.59807621
4 C0 29 0 55 0
0

0101000
+139 0 -138 0 *
Ed
 1e-07 1 1 0
1  105 0 6.84147297056589 9.5
4 C0 29 0 30 0
0

0101000
+333 0 -139 0 *
Ed
 1e-07 1 1 0
1  106 0 6.75841053200043 9.49999999999993
4 C0 29 0 28 0
0

0101000
+335 0 -138 0 *
Wi

0101100
-137 0 -136 0 -332 0 +135 0 *
Fa
0  1e-07 29 0

0111000
+134 0 *
Ve
0.00236043525489
35.9201732060298 -84.173211251855 53.1986465325521
0 0

0101101
*
Ed
 0.00236043525489 1 1 0
1  107 0 4.22669157230882 4.26470460093169
2  71 20 0 4.22669157230882 4.26470460093169
4 C0 28 0 20 0
0

0101000
+132 0 -337 0 *
Ve
1e-07
34.7727418396418 -83.9419110297013 51.5374706140248
0 0

0101101
*
Ed
 1e-07 1 1 0
1  108 0 7.4678572969314 9.49999999999986
4 C0 28 0 33 0
0

0101000
+132 0 -130 0 *
Ed
 1e-07 1 1 0
1  109 0 0 2.59807620999998
4 C0 28 0 55 0
0

0101000
+138 0 -130 0 *
Wi

0101100
-131 0 +129 0 -128 0 -135 0 -334 0 *
Fa
0  1e-07 28 0

0111000
+127 0 *
Ed
 1e-07 1 1 0
1  110 0 2.80442047212094 3.15385787372349
2  72 20 0 2.80442047212094 3.15385787372349
4 C0 33 0 20 0
0

0101000
+353 0 -132 0 *
Ve
1e-07
35.4994577396752 -81.4523815433215 51.3821421554216
0 0

0101101
*
Ed
 1e-07 1 1 0
1  111 0 6.63861822138332 9.5
4 C0 33 0 32 0
0

0101000
+327 0 -124 0 *
Ed
 1e-07 1 1 0
1  112 0 -6e-15 2.59807620999997
4 C0 33 0 55 0
0

0101000
+130 0 -124 0 *
Wi

0101100
-125 0 -325 0 +123 0 -122 0 -129 0 *
Fa
0  1e-07 33 0

0111000
+121 0 *
Ve
1e-07
34.1157070201678 -79.6171961352479 52.59347549403
0 0

0101101
*
Ed
 1e-07 1 1 0
1  113 0 0 2.59807620999996
4 C0 32 0 55 0
0

0101000
+124 0 -119 0 *
Ed
 1e-07 1 1 0
1  114 0 6.6657364299167 9.49999999999994
4 C0 32 0 31 0
0

0101000
+329 0 -119 0 *
Wi

0101100
-118 0 -123 0 -326 0 +117 0 *
Fa
0  1e-07 32 0

0111000
+116 0 *
Ve
1e-07
32.0052404006269 -80.271540213554 53.9601372912415
0 0

0101101
*
Ed
 1e-07 1 1 0
1  115 0 -5e-14 2.59807620999996
4 C0 31 0 55 0
0

0101000
+119 0 -114 0 *
Ed
 1e-07 1 1 0
1  116 0 6.78054487770398 9.49999999999994
4 C0 31 0 30 0
0

0101000
+331 0 -114 0 *
Wi

0101100
-113 0 -117 0 -328 0 +112 0 *
Fa
0  1e-07 31 0

0111000
+111 0 *
Ed
 1e-07 1 1 0
1  117 0 -1.21e-13 2.59807620999998
4 C0 30 0 55 0
0

0101000
+114 0 -139 0 *
Wi

0101100
-109 0 -112 0 -330 0 +136 0 *
Fa
0  1e-07 30 0

0111000
+108 0 *
Ve
1e-07
34.7704460650274 -32.1890634524279 50.1938763429347
0 0

0101101
*
Ve
1e-07
32.659918293248 -31.4648739152246 51.5247490009005
0 0

0101101
*
Ed
 1e-07 1 1 0
1  118 0 0 2.59807620999997
4 C0 9 0 56 0
0

0101000
+106 0 -105 0 *
Ed
 1e-07 1 1 0
1  119 0 6.58709910733189 9.49999999999997
4 C0 9 0 10 0
0

0101000
+377 0 -106 0 *
Ed
 1e-07 1 1 0
1  120 0 6.65359372101034 9.49999999999998
4 C0 9 0 8 0
0

0101000
+379 0 -105 0 *
Wi

0101100
-104 0 -103 0 -376 0 +102 0 *
Fa
0  1e-07 9 0

0111000
+101 0 *
Ve
1e-07
31.2763275002229 -33.2348555005231 52.8296787684084
0 0

0101101
*
Ed
 1e-07 1 1 0
1  121 0 0 2.59807620999998
4 C0 8 0 56 0
0

0101000
+105 0 -99 0 *
Ed
 1e-07 1 1 0
1  122 0 6.73318876099181 9.50000000000005
4 C0 8 0 13 0
0

0101000
+380 0 -99 0 *
Wi

0101100
-98 0 -102 0 -378 0 +97 0 *
Fa
0  1e-07 8 0

0111000
+96 0 *
Ve
1e-07
32.0032644789773 -35.7290266230249 52.8037358779506
0 0

0101101
*
Ed
 1e-07 1 1 0
1  123 0 -2.9e-14 2.59807620999993
4 C0 13 0 56 0
0

0101000
+99 0 -94 0 *
Ed
 1e-07 1 1 0
1  124 0 6.68870155203565 9.49999999999992
4 C0 13 0 12 0
0

0101000
+371 0 -94 0 *
Wi

0101100
-93 0 -97 0 -369 0 +92 0 *
Fa
0  1e-07 13 0

0111000
+91 0 *
Ve
1e-07
34.1137922507567 -36.4532161602283 51.4728632199847
0 0

0101101
*
Ed
 1e-07 1 1 0
1  125 0 0 2.59807621000005
4 C0 12 0 56 0
0

0101000
+94 0 -89 0 *
Ed
 1e-07 1 1 0
1  126 0 6.59166108670748 9.50000000000006
4 C0 12 0 11 0
0

0101000
+373 0 -89 0 *
Wi

0101100
-88 0 -92 0 -370 0 +87 0 *
Fa
0  1e-07 12 0

0111000
+86 0 *
Ve
1e-07
35.4973830437818 -34.6832345749298 50.1679334524768
0 0

0101101
*
Ed
 1e-07 1 1 0
1  127 0 5.4e-14 2.59807621000003
4 C0 11 0 56 0
0

0101000
+89 0 -84 0 *
Ed
 1e-07 1 1 0
1  128 0 6.56935180188138 9.5
4 C0 11 0 10 0
0

0101000
+375 0 -84 0 *
Wi

0101100
-83 0 -87 0 -372 0 +82 0 *
Fa
0  1e-07 11 0

0111000
+81 0 *
Ed
 1e-07 1 1 0
1  129 0 -9.5e-14 2.59807620999997
4 C0 10 0 56 0
0

0101000
+84 0 -106 0 *
Wi

0101100
-79 0 -82 0 -374 0 +103 0 *
Fa
0  1e-07 10 0

0111000
+78 0 *
Ve
1e-07
11.1750517554786 -12.8293154475825 56.5563660473751
0 0

0101101
*
Ve
1e-07
11.9701719621118 -15.257114504217 57.0292038531567
0 0

0101101
*
Ed
 1e-07 1 1 0
1  130 0 0 2.59807621000004
4 C0 15 0 57 0
0

0101000
+76 0 -75 0 *
Ed
 1e-07 1 1 0
1  131 0 7.59801032183544 9.50000000000008
4 C0 15 0 16 0
0

0101000
+364 0 -76 0 *
Ed
 1e-07 1 1 0
1  132 0 7.54498824423358 9.49999999999996
4 C0 15 0 14 0
0

0101000
+366 0 -75 0 *
Wi

0101100
-74 0 -73 0 -363 0 +72 0 *
Fa
0  1e-07 15 0

0111000
+71 0 *
Ve
1e-07
14.4239705783032 -15.9427117638377 56.5204517113965
0 0

0101101
*
Ed
 1e-07 1 1 0
1  133 0 0 2.59807620999998
4 C0 14 0 57 0
0

0101000
+75 0 -69 0 *
Ed
 1e-07 1 1 0
1  134 0 7.42788321957578 9.49999999999996
4 C0 14 0 19 0
0

0101000
+367 0 -69 0 *
Wi

0101100
-68 0 -72 0 -365 0 +67 0 *
Fa
0  1e-07 14 0

0111000
+66 0 *
Ve
1e-07
16.0826489878615 -14.2005099668239 55.5388617638547
0 0

0101101
*
Ed
 1e-07 1 1 0
1  135 0 0 2.59807621000002
4 C0 19 0 57 0
0

0101000
+69 0 -64 0 *
Ed
 1e-07 1 1 0
1  136 0 7.39565381570195 9.49999999999994
4 C0 19 0 18 0
0

0101000
+358 0 -64 0 *
Wi

0101100
-63 0 -67 0 -356 0 +62 0 *
Fa
0  1e-07 19 0

0111000
+61 0 *
Ve
1e-07
15.2875287812284 -11.7727109101894 55.0660239580733
0 0

0101101
*
Ed
 1e-07 1 1 0
1  137 0 0 2.59807620999997
4 C0 18 0 57 0
0

0101000
+64 0 -59 0 *
Ed
 1e-07 1 1 0
1  138 0 7.41715520649123 9.49999999999984
4 C0 18 0 17 0
0

0101000
+360 0 -59 0 *
Wi

0101100
-58 0 -62 0 -357 0 +57 0 *
Fa
0  1e-07 18 0

0111000
+56 0 *
Ve
1e-07
12.833730165037 -11.0871136505687 55.5747760998334
0 0

0101101
*
Ed
 1e-07 1 1 0
1  139 0 -5.4e-14 2.5980762099999
4 C0 17 0 57 0
0

0101000
+59 0 -54 0 *
Ed
 1e-07 1 1 0
1  140 0 7.5017543928905 9.49999999999995
4 C0 17 0 16 0
0

0101000
+362 0 -54 0 *
Wi

0101100
-53 0 -57 0 -359 0 +52 0 *
Fa
0  1e-07 17 0

0111000
+51 0 *
Ed
 1e-07 1 1 0
1  141 0 -2.6e-14 2.59807621000002
4 C0 16 0 57 0
0

0101000
+54 0 -76 0 *
Wi

0101100
-49 0 -52 0 -361 0 +73 0 *
Fa
0  1e-07 16 0

0111000
+48 0 *
Wi

0101100
+68 0 +63 0 +58 0 +53 0 +49 0 +74 0 *
Ve
1e-05
13.6288503716701 -14.7157318102365 56.394793227854
0 0

0101101
*
Ed
 1e-07 1 1 0
1  142 0 0 6.28318530717959
2  73 58 0 0 6.28318530717959
4 C0 57 0 58 0
0

0101000
-45 0 +45 0 *
Wi

0101100
-44 0 *
Fa
0  1e-07 57 0

0111000
+46 0 +43 0 *
Ve
1e-05
13.4954761064669 -14.8495716838736 55.9318696989571
0 0

0101101
*
Ed
 1e-05 1 1 0
1  143 0 0 0.500000000000043
3  74 75CN 58 0 0 0.500000000000043
0

0101000
+45 0 -41 0 *
Ed
 1e-07 1 1 0
1  144 0 0 6.28318530717959
2  76 58 0 0 6.28318530717959
4 C0 58 0 59 0
0

0101000
+41 0 -41 0 *
Wi

0101100
-44 0 +40 0 +39 0 -40 0 *
Fa
0  1e-07 58 0

0111000
+38 0 *
Wi

0101100
+39 0 *
Fa
0  1e-07 59 0

0111000
+36 0 *
Wi

0101100
+79 0 +104 0 +98 0 +93 0 +88 0 +83 0 *
Ve
1e-05
32.3612244223071 -33.9590450377264 52.2133558708885
0 0

0101101
*
Ed
 1e-07 1 1 0
1  145 0 0 6.28318530717959
2  77 60 0 0 6.28318530717959
4 C0 56 0 60 0
0

0101000
-33 0 +33 0 *
Wi

0101100
-32 0 *
Fa
0  1e-07 56 0

0111000
+34 0 +31 0 *
Ve
1e-05
32.0789098414554 -34.0371119769195 51.8081349059279
0 0

0101101
*
Ed
 1e-05 1 1 0
1  146 0 -7e-15 0.500000000000043
3  78 79CN 60 0 -7e-15 0.500000000000043
0

0101000
+33 0 -29 0 *
Ed
 1e-07 1 1 0
1  147 0 0 6.28318530717959
2  80 60 0 0 6.28318530717959
4 C0 60 0 61 0
0

0101000
+29 0 -29 0 *
Wi

0101100
-32 0 +28 0 +27 0 -28 0 *
Fa
0  1e-07 60 0

0111000
+26 0 *
Wi

0101100
+27 0 *
Fa
0  1e-07 61 0

0111000
+24 0 *
Wi

0101100
+118 0 +113 0 +109 0 +137 0 +128 0 +122 0 *
Ve
1e-05
32.360494183915 -82.1067256216277 53.4592221760674
0 0

0101101
*
Ed
 1e-07 1 1 0
1  148 0 0 6.28318530717959
2  81 62 0 0 6.28318530717959
4 C0 55 0 62 0
0

0101000
-21 0 +21 0 *
Wi

0101100
-20 0 *
Fa
0  1e-07 55 0

0111000
+22 0 +19 0 *
Ve
1e-05
32.0781736154196 -82.0498151935843 53.0504969630154
0 0

0101101
*
Ed
 1e-05 1 1 0
1  149 0 0 0.500000000000057
3  82 83CN 62 0 0 0.500000000000057
0

0101000
+21 0 -17 0 *
Ed
 1e-07 1 1 0
1  150 0 0 6.28318530717959
2  84 62 0 0 6.28318530717959
4 C0 62 0 63 0
0

0101000
+17 0 -17 0 *
Wi

0101100
-20 0 +16 0 +15 0 -16 0 *
Fa
0  1e-07 62 0

0111000
+14 0 *
Wi

0101100
+15 0 *
Fa
0  1e-07 63 0

0111000
+12 0 *
Ed
 1e-07 1 1 0
1  151 0 31.2436213214266 36.2404863228676
2  85 20 0 31.2436213214266 36.2404863228676
4 G1 27 0 20 0
0

0101000
+288 0 -339 0 *
Wi

0101100
-268 0 -284 0 +10 0 -338 0 *
Fa
0  1e-07 27 0

0111000
+9 0 *
Ed
 1e-07 1 1 0
1  152 0 -12.9625498077519 -7.43600112487956
2  86 20 0 -12.9625498077519 -7.43600112487956
4 G1 21 0 20 0
0

0101000
+287 0 -354 0 *
Wi

0101100
-7 0 -271 0 +262 0 -350 0 *
Fa
0  1e-07 21 0

0111000
+6 0 *
Wi

0101100
+10 0 -336 0 -131 0 -125 0 -352 0 -7 0 -286 0 *
Fa
0  1e-07 20 0

0111000
+4 0 *
Sh

0101100
+323 0 +269 0 +265 0 +259 0 -255 0 +253 0 +250 0 -248 0 -240 0 -238 0 
+236 0 +227 0 +220 0 +216 0 +213 0 -211 0 +209 0 -205 0 -203 0 +201 0 
+191 0 +184 0 +180 0 +176 0 -174 0 +172 0 +165 0 +160 0 +155 0 +150 0 
+145 0 +142 0 +140 0 +133 0 +126 0 +120 0 +115 0 +110 0 +107 0 +100 0 
+95 0 +90 0 +85 0 +80 0 +77 0 +70 0 +65 0 +60 0 +55 0 +50 0 
+47 0 +42 0 -37 0 +35 0 +30 0 -25 0 +23 0 +18 0 -13 0 +11 0 
+8 0 +5 0 -3 0 *
So

0100000
+2 0 *

+1 1 