ISO-10303-21;
HEADER;
/* Generated by software containing ST-Developer
 * from STEP Tools, Inc. (www.steptools.com) 
 */
/* OPTION: using custom renumber hook */

FILE_DESCRIPTION(
/* description */ ('STEP AP242 Edition 2',
'CAx-IF Rec.Pracs.---Representation and Presentation of Product Manufa
cturing Information (PMI)---4.0---2014-10-13',
'CAx-IF Rec.Pracs.---3D Tessellated Geometry---0.4---2014-09-14','2;1',
'CAx-IF Rec.Pracs.---User Defined Attributes---1.5---2016-08-15'),
/* implementation_level */ '2;1');

FILE_NAME(
/* name */ 'Robotic Hand_V5_simulacra - Proximal Phalanx Bone_V02 (1)',

/* time_stamp */ '2026-09-25T22:15:31Z',
/* author */ (''),
/* organization */ (''),
/* preprocessor_version */ 'ST-DEVELOPER v20',
/* originating_system */ 'ONSHAPE BY PTC INC, 1.221',
/* authorisation */ '  ');

FILE_SCHEMA (('AP242_MANAGED_MODEL_BASED_3D_ENGINEERING_MIM_LF { 1 0 10303 442 3 1 4 }'));
ENDSEC;

DATA;
#10=SHAPE_REPRESENTATION_RELATIONSHIP('','',#1040,#11);
#11=ADVANCED_BREP_SHAPE_REPRESENTATION('',(#1038),#2032);
#12=ELLIPSE('',#1049,0.00853136712373814,0.006);
#13=ELLIPSE('',#1050,0.00853136712373814,0.006);
#14=ELLIPSE('',#1052,0.00853136712373814,0.006);
#15=ELLIPSE('',#1053,0.00853136712373814,0.006);
#16=ELLIPSE('',#1103,0.00857720525579282,0.006065);
#17=ELLIPSE('',#1105,0.00857720525579282,0.006065);
#18=ELLIPSE('',#1108,9.19238815542512E-5,6.5E-5);
#19=ELLIPSE('',#1115,9.19238815542512E-5,6.5E-5);
#20=ELLIPSE('',#1125,0.00857720525579282,0.006065);
#21=ELLIPSE('',#1127,0.00857720525579282,0.006065);
#22=CYLINDRICAL_SURFACE('',#1048,0.006);
#23=CYLINDRICAL_SURFACE('',#1051,0.006);
#24=CYLINDRICAL_SURFACE('',#1054,0.0075);
#25=CYLINDRICAL_SURFACE('',#1057,0.006);
#26=CYLINDRICAL_SURFACE('',#1058,0.006);
#27=CYLINDRICAL_SURFACE('',#1080,0.008);
#28=CYLINDRICAL_SURFACE('',#1081,0.006);
#29=CYLINDRICAL_SURFACE('',#1082,0.006);
#30=CYLINDRICAL_SURFACE('',#1083,0.008);
#31=CYLINDRICAL_SURFACE('',#1085,0.0075);
#32=CYLINDRICAL_SURFACE('',#1088,0.008);
#33=CYLINDRICAL_SURFACE('',#1089,0.0034);
#34=CYLINDRICAL_SURFACE('',#1090,0.008);
#35=CYLINDRICAL_SURFACE('',#1100,0.0034);
#36=CYLINDRICAL_SURFACE('',#1106,6.5E-5);
#37=CYLINDRICAL_SURFACE('',#1109,6.5E-5);
#38=CYLINDRICAL_SURFACE('',#1112,6.5E-5);
#39=CYLINDRICAL_SURFACE('',#1114,6.5E-5);
#40=CYLINDRICAL_SURFACE('',#1116,6.5E-5);
#41=CYLINDRICAL_SURFACE('',#1119,6.5E-5);
#42=CYLINDRICAL_SURFACE('',#1120,0.0074);
#43=CYLINDRICAL_SURFACE('',#1128,6.5E-5);
#44=CYLINDRICAL_SURFACE('',#1129,6.5E-5);
#45=CYLINDRICAL_SURFACE('',#1130,0.0074);
#46=CIRCLE('',#1043,6.5E-5);
#47=CIRCLE('',#1044,6.5E-5);
#48=CIRCLE('',#1045,6.5E-5);
#49=CIRCLE('',#1055,0.0075);
#50=CIRCLE('',#1056,0.0075);
#51=CIRCLE('',#1060,0.0034);
#52=CIRCLE('',#1061,0.0074);
#53=CIRCLE('',#1062,0.0074);
#54=CIRCLE('',#1063,0.008);
#55=CIRCLE('',#1065,0.0034);
#56=CIRCLE('',#1066,0.0074);
#57=CIRCLE('',#1067,6.5E-5);
#58=CIRCLE('',#1068,0.008);
#59=CIRCLE('',#1069,0.0074);
#60=CIRCLE('',#1072,6.5E-5);
#61=CIRCLE('',#1074,0.008);
#62=CIRCLE('',#1075,0.008);
#63=CIRCLE('',#1078,0.008);
#64=CIRCLE('',#1079,0.008);
#65=CIRCLE('',#1084,0.008);
#66=CIRCLE('',#1086,0.0075);
#67=CIRCLE('',#1087,0.0075);
#68=CIRCLE('',#1091,0.008);
#69=CIRCLE('',#1093,0.0074);
#70=CIRCLE('',#1094,0.0074);
#71=CIRCLE('',#1095,0.0034);
#72=CIRCLE('',#1097,0.0074);
#73=CIRCLE('',#1098,0.0074);
#74=CIRCLE('',#1099,0.0034);
#75=CIRCLE('',#1107,6.5E-5);
#76=CIRCLE('',#1110,6.5E-5);
#77=CIRCLE('',#1111,6.5E-5);
#78=CIRCLE('',#1113,6.5E-5);
#79=CIRCLE('',#1117,6.5E-5);
#80=CIRCLE('',#1118,6.5E-5);
#81=B_SPLINE_CURVE_WITH_KNOTS('',3,(#1423,#1424,#1425,#1426,#1427),
 .UNSPECIFIED.,.F.,.F.,(4,1,4),(0.,0.000826642046405457,0.00165328409281091),
 .UNSPECIFIED.);
#82=B_SPLINE_CURVE_WITH_KNOTS('',3,(#1430,#1431,#1432,#1433),
 .UNSPECIFIED.,.F.,.F.,(4,4),(2.50206140376002E-15,0.000859238089862595),
 .UNSPECIFIED.);
#83=B_SPLINE_CURVE_WITH_KNOTS('',3,(#1435,#1436,#1437,#1438),
 .UNSPECIFIED.,.F.,.F.,(4,4),(0.000855986139432212,0.00165520234960577),
 .UNSPECIFIED.);
#84=B_SPLINE_CURVE_WITH_KNOTS('',3,(#1454,#1455,#1456,#1457),
 .UNSPECIFIED.,.F.,.F.,(4,4),(6.32312061055681E-16,0.000209621839261522),
 .UNSPECIFIED.);
#85=B_SPLINE_CURVE_WITH_KNOTS('',3,(#1462,#1463,#1464,#1465),
 .UNSPECIFIED.,.F.,.F.,(4,4),(0.,0.000304991694449093),.UNSPECIFIED.);
#86=B_SPLINE_CURVE_WITH_KNOTS('',3,(#1469,#1470,#1471,#1472),
 .UNSPECIFIED.,.F.,.F.,(4,4),(7.97247863816464E-5,0.000149338909587491),
 .UNSPECIFIED.);
#87=B_SPLINE_CURVE_WITH_KNOTS('',3,(#1497,#1498,#1499,#1500),
 .UNSPECIFIED.,.F.,.F.,(4,4),(0.000855986139429651,0.00165520234960577),
 .UNSPECIFIED.);
#88=B_SPLINE_CURVE_WITH_KNOTS('',3,(#1503,#1504,#1505,#1506),
 .UNSPECIFIED.,.F.,.F.,(4,4),(9.08586157611276E-16,0.000859356157777678),
 .UNSPECIFIED.);
#89=B_SPLINE_CURVE_WITH_KNOTS('',3,(#1508,#1509,#1510,#1511,#1512),
 .UNSPECIFIED.,.F.,.F.,(4,1,4),(0.,0.000826642046405469,0.00165328409281094),
 .UNSPECIFIED.);
#90=B_SPLINE_CURVE_WITH_KNOTS('',3,(#1528,#1529,#1530,#1531,#1532),
 .UNSPECIFIED.,.F.,.F.,(4,1,4),(0.,0.000103333660939285,0.00020666732187857),
 .UNSPECIFIED.);
#91=B_SPLINE_CURVE_WITH_KNOTS('',3,(#1535,#1536,#1537,#1538),
 .UNSPECIFIED.,.F.,.F.,(4,4),(2.08274486688194E-15,0.000164919580655271),
 .UNSPECIFIED.);
#92=B_SPLINE_CURVE_WITH_KNOTS('',3,(#1540,#1541,#1542,#1543),
 .UNSPECIFIED.,.F.,.F.,(4,4),(0.000169075238267181,0.000327563553769414),
 .UNSPECIFIED.);
#93=B_SPLINE_CURVE_WITH_KNOTS('',3,(#1572,#1573,#1574,#1575,#1576),
 .UNSPECIFIED.,.F.,.F.,(4,1,4),(0.,0.00348390449672677,0.00696780899345354),
 .UNSPECIFIED.);
#94=B_SPLINE_CURVE_WITH_KNOTS('',3,(#1580,#1581,#1582,#1583,#1584),
 .UNSPECIFIED.,.F.,.F.,(4,1,4),(0.,0.00348390449672677,0.00696780899345354),
 .UNSPECIFIED.);
#95=B_SPLINE_CURVE_WITH_KNOTS('',3,(#1593,#1594,#1595,#1596),
 .UNSPECIFIED.,.F.,.F.,(4,4),(0.00717268209719406,0.00776809105304308),
 .UNSPECIFIED.);
#96=B_SPLINE_CURVE_WITH_KNOTS('',3,(#1605,#1606,#1607,#1608),
 .UNSPECIFIED.,.F.,.F.,(4,4),(0.,0.000305246625154701),.UNSPECIFIED.);
#97=B_SPLINE_CURVE_WITH_KNOTS('',3,(#1612,#1613,#1614,#1615),
 .UNSPECIFIED.,.F.,.F.,(4,4),(0.0071726820971941,0.00776809105304306),
 .UNSPECIFIED.);
#98=B_SPLINE_CURVE_WITH_KNOTS('',3,(#1619,#1620,#1621,#1622,#1623),
 .UNSPECIFIED.,.F.,.F.,(4,1,4),(0.,0.00346133356374527,0.00692266712749053),
 .UNSPECIFIED.);
#99=B_SPLINE_CURVE_WITH_KNOTS('',3,(#1627,#1628,#1629,#1630,#1631),
 .UNSPECIFIED.,.F.,.F.,(4,1,4),(0.,0.00346133356374527,0.00692266712749054),
 .UNSPECIFIED.);
#100=B_SPLINE_CURVE_WITH_KNOTS('',3,(#1641,#1642,#1643,#1644),
 .UNSPECIFIED.,.F.,.F.,(4,4),(0.,0.000143875687387065),.UNSPECIFIED.);
#101=B_SPLINE_CURVE_WITH_KNOTS('',3,(#1646,#1647,#1648,#1649,#1650,#1651,
#1652,#1653,#1654,#1655,#1656),.UNSPECIFIED.,.F.,.F.,(4,1,1,1,1,1,1,1,4),
(2.60208521396521E-18,0.0010346490688101,0.00206929813762019,0.00310394720643029,
0.00413859627524038,0.00517324534405048,0.00620789441286057,0.00724254348167067,
0.00827719255048076),.UNSPECIFIED.);
#102=B_SPLINE_CURVE_WITH_KNOTS('',3,(#1661,#1662,#1663,#1664,#1665,#1666,
#1667,#1668,#1669,#1670,#1671),.UNSPECIFIED.,.F.,.F.,(4,1,1,1,1,1,1,1,4),
(0.,0.0010346490688101,0.0020692981376202,0.0031039472064303,0.00413859627524039,
0.00517324534405049,0.00620789441286059,0.00724254348167069,0.00827719255048079),
 .UNSPECIFIED.);
#103=B_SPLINE_CURVE_WITH_KNOTS('',3,(#1699,#1700,#1701,#1702,#1703),
 .UNSPECIFIED.,.F.,.F.,(4,1,4),(0.,0.000164666180408223,0.000329332360816445),
 .UNSPECIFIED.);
#104=B_SPLINE_CURVE_WITH_KNOTS('',3,(#1715,#1716,#1717,#1718,#1719),
 .UNSPECIFIED.,.F.,.F.,(4,1,4),(0.,0.000828579731189445,0.00165715946237889),
 .UNSPECIFIED.);
#105=B_SPLINE_CURVE_WITH_KNOTS('',3,(#1728,#1729,#1730,#1731,#1732),
 .UNSPECIFIED.,.F.,.F.,(4,1,4),(0.,0.000827601174802907,0.00165520234960581),
 .UNSPECIFIED.);
#106=B_SPLINE_CURVE_WITH_KNOTS('',3,(#1769,#1770,#1771,#1772,#1773,#1774,
#1775,#1776,#1777,#1778,#1779),.UNSPECIFIED.,.F.,.F.,(4,1,1,1,1,1,1,1,4),
(0.00723981242389068,0.00827598267124364,0.0093121529185966,0.0103483231659496,
0.0113844934133025,0.0124206636606555,0.0134568339080084,0.0144930041553614,
0.0155291744027143),.UNSPECIFIED.);
#107=B_SPLINE_CURVE_WITH_KNOTS('',3,(#1784,#1785,#1786,#1787,#1788,#1789,
#1790,#1791,#1792,#1793,#1794),.UNSPECIFIED.,.F.,.F.,(4,1,1,1,1,1,1,1,4),
(0.,0.0010346490688101,0.00206929813762019,0.00310394720643029,0.00413859627524039,
0.00517324534405048,0.00620789441286058,0.00724254348167067,0.00827719255048077),
 .UNSPECIFIED.);
#108=B_SPLINE_CURVE_WITH_KNOTS('',3,(#1796,#1797,#1798,#1799),
 .UNSPECIFIED.,.F.,.F.,(4,4),(0.,0.000103179632474706),.UNSPECIFIED.);
#109=B_SPLINE_CURVE_WITH_KNOTS('',3,(#1806,#1807,#1808,#1809),
 .UNSPECIFIED.,.F.,.F.,(4,4),(0.,0.000143287326396011),.UNSPECIFIED.);
#110=B_SPLINE_CURVE_WITH_KNOTS('',3,(#1812,#1813,#1814,#1815),
 .UNSPECIFIED.,.F.,.F.,(4,4),(0.,0.000102744019591063),.UNSPECIFIED.);
#111=B_SPLINE_CURVE_WITH_KNOTS('',3,(#1878,#1879,#1880,#1881,#1882),
 .UNSPECIFIED.,.F.,.F.,(4,1,4),(0.,0.000826642046405732,0.00165328409281146),
 .UNSPECIFIED.);
#112=B_SPLINE_CURVE_WITH_KNOTS('',3,(#1884,#1885,#1886,#1887),
 .UNSPECIFIED.,.F.,.F.,(4,4),(0.,0.000247502760358979),.UNSPECIFIED.);
#113=B_SPLINE_CURVE_WITH_KNOTS('',3,(#1942,#1943,#1944,#1945,#1946),
 .UNSPECIFIED.,.F.,.F.,(4,1,4),(0.,0.000826618294392764,0.00165323658878553),
 .UNSPECIFIED.);
#114=B_SPLINE_CURVE_WITH_KNOTS('',3,(#1962,#1963,#1964,#1965,#1966),
 .UNSPECIFIED.,.F.,.F.,(4,1,4),(0.,0.000103128091150045,0.000206256182300089),
 .UNSPECIFIED.);
#115=(
BOUNDED_SURFACE()
B_SPLINE_SURFACE(3,2,((#1399,#1400,#1401),(#1402,#1403,#1404),(#1405,#1406,
#1407),(#1408,#1409,#1410),(#1411,#1412,#1413),(#1414,#1415,#1416),(#1417,
#1418,#1419),(#1420,#1421,#1422)),.UNSPECIFIED.,.F.,.F.,.F.)
B_SPLINE_SURFACE_WITH_KNOTS((4,1,1,1,1,4),(3,3),(-9.93121409761372E-6,0.000198210481365362,
0.000406352176828338,0.000822635567754289,0.00123891895868024,0.00165520234960619),
(0.,1.),.UNSPECIFIED.)
GEOMETRIC_REPRESENTATION_ITEM()
RATIONAL_B_SPLINE_SURFACE(((1.,0.37039885785862,1.),(1.,0.45757052275186,
1.),(1.,0.580139188358797,1.),(1.,0.75605479302154,1.),(1.,0.89225192030544,
1.),(1.,0.981530227567633,1.),(1.,0.999999951271618,1.),(1.,1.,1.)))
REPRESENTATION_ITEM('')
SURFACE()
);
#116=(
BOUNDED_SURFACE()
B_SPLINE_SURFACE(3,2,((#1439,#1440,#1441),(#1442,#1443,#1444),(#1445,#1446,
#1447),(#1448,#1449,#1450),(#1451,#1452,#1453)),.UNSPECIFIED.,.F.,.F.,.F.)
B_SPLINE_SURFACE_WITH_KNOTS((4,1,4),(3,3),(0.000100364046571412,0.000252517118799304,
0.000404670191027196),(0.,1.),.UNSPECIFIED.)
GEOMETRIC_REPRESENTATION_ITEM()
RATIONAL_B_SPLINE_SURFACE(((1.,0.858015886412178,1.),(1.,0.807329158963949,
1.),(1.,0.687215091873367,1.),(1.,0.514873466875316,1.),(1.,0.429459955562888,
1.)))
REPRESENTATION_ITEM('')
SURFACE()
);
#117=(
BOUNDED_SURFACE()
B_SPLINE_SURFACE(3,2,((#1473,#1474,#1475),(#1476,#1477,#1478),(#1479,#1480,
#1481),(#1482,#1483,#1484),(#1485,#1486,#1487),(#1488,#1489,#1490),(#1491,
#1492,#1493),(#1494,#1495,#1496)),.UNSPECIFIED.,.F.,.F.,.F.)
B_SPLINE_SURFACE_WITH_KNOTS((4,1,1,1,1,4),(3,3),(-9.93121409761077E-6,0.00019821048136538,
0.00040635217682837,0.000822635567754351,0.00123891895868033,0.00165520234960631),
(0.,1.),.UNSPECIFIED.)
GEOMETRIC_REPRESENTATION_ITEM()
RATIONAL_B_SPLINE_SURFACE(((1.,0.37039885785862,1.),(1.,0.457570522751891,
1.),(1.,0.580139188358718,1.),(1.,0.756054793021618,1.),(1.,0.892251920305122,
1.),(1.,0.981530227568823,1.),(1.,0.999999951269053,1.),(1.,1.,1.)))
REPRESENTATION_ITEM('')
SURFACE()
);
#118=(
BOUNDED_SURFACE()
B_SPLINE_SURFACE(3,2,((#1513,#1514,#1515),(#1516,#1517,#1518),(#1519,#1520,
#1521),(#1522,#1523,#1524),(#1525,#1526,#1527)),.UNSPECIFIED.,.F.,.F.,.F.)
B_SPLINE_SURFACE_WITH_KNOTS((4,1,4),(3,3),(6.64492664220868E-5,0.000228317133380404,
0.000390185000338721),(0.,1.),.UNSPECIFIED.)
GEOMETRIC_REPRESENTATION_ITEM()
RATIONAL_B_SPLINE_SURFACE(((1.,0.87413454611842,1.),(1.,0.917413474582262,
1.),(1.,0.917327391045635,1.),(1.,0.777840822959352,1.),(1.,0.70448510570064,
1.)))
REPRESENTATION_ITEM('')
SURFACE()
);
#119=(
BOUNDED_SURFACE()
B_SPLINE_SURFACE(3,2,((#1854,#1855,#1856),(#1857,#1858,#1859),(#1860,#1861,
#1862),(#1863,#1864,#1865),(#1866,#1867,#1868),(#1869,#1870,#1871),(#1872,
#1873,#1874),(#1875,#1876,#1877)),.UNSPECIFIED.,.F.,.F.,.F.)
B_SPLINE_SURFACE_WITH_KNOTS((4,1,1,1,1,4),(3,3),(2.43945488809238E-19,0.000206900293700711,
0.000413800587401422,0.000827601174802845,0.00124140176220427,0.00165520234960569),
(0.,1.),.UNSPECIFIED.)
GEOMETRIC_REPRESENTATION_ITEM()
RATIONAL_B_SPLINE_SURFACE(((1.,0.38268343236512,1.),(1.,0.466683683778086,
1.),(1.,0.586440282202136,1.),(1.,0.759198374271462,1.),(1.,0.893590706276972,
1.),(1.,0.98174252827305,1.),(1.,0.999999951559695,1.),(1.,1.,1.)))
REPRESENTATION_ITEM('')
SURFACE()
);
#120=(
BOUNDED_SURFACE()
B_SPLINE_SURFACE(3,2,((#1888,#1889,#1890),(#1891,#1892,#1893),(#1894,#1895,
#1896),(#1897,#1898,#1899)),.UNSPECIFIED.,.F.,.F.,.F.)
B_SPLINE_SURFACE_WITH_KNOTS((4,4),(3,3),(3.13878569009146,3.6094199033114),
(0.,1.),.PIECEWISE_BEZIER_KNOTS.)
GEOMETRIC_REPRESENTATION_ITEM()
RATIONAL_B_SPLINE_SURFACE(((1.,0.382685252181444,1.),(1.,0.382481837764348,
1.),(1.,0.400339972877235,1.),(1.,0.429459955564052,1.)))
REPRESENTATION_ITEM('')
SURFACE()
);
#121=(
BOUNDED_SURFACE()
B_SPLINE_SURFACE(3,2,((#1901,#1902,#1903),(#1904,#1905,#1906),(#1907,#1908,
#1909),(#1910,#1911,#1912),(#1913,#1914,#1915)),.UNSPECIFIED.,.F.,.F.,.F.)
B_SPLINE_SURFACE_WITH_KNOTS((4,1,4),(3,3),(3.62931678393982E-5,0.000189550871126395,
0.000342808574413392),(0.,1.),.UNSPECIFIED.)
GEOMETRIC_REPRESENTATION_ITEM()
RATIONAL_B_SPLINE_SURFACE(((1.,0.429459955564174,1.),(1.,0.515627728115898,
1.),(1.,0.686040758448702,1.),(1.,0.807825170624376,1.),(1.,0.858015886411747,
1.)))
REPRESENTATION_ITEM('')
SURFACE()
);
#122=(
BOUNDED_SURFACE()
B_SPLINE_SURFACE(3,2,((#1918,#1919,#1920),(#1921,#1922,#1923),(#1924,#1925,
#1926),(#1927,#1928,#1929),(#1930,#1931,#1932),(#1933,#1934,#1935),(#1936,
#1937,#1938),(#1939,#1940,#1941)),.UNSPECIFIED.,.F.,.F.,.F.)
B_SPLINE_SURFACE_WITH_KNOTS((4,1,1,1,1,4),(3,3),(6.79659236876851E-18,0.000207144932797365,
0.000414289865594722,0.000828579731189438,0.00124286959678415,0.00165715946237887),
(0.,1.),.UNSPECIFIED.)
GEOMETRIC_REPRESENTATION_ITEM()
RATIONAL_B_SPLINE_SURFACE(((1.,0.382683432365112,1.),(1.,0.466638158536534,
1.),(1.,0.586715295677754,1.),(1.,0.7592493586985,1.),(1.,0.893662973239458,
1.),(1.,0.981745099495421,1.),(1.,0.999999951504957,1.),(1.,1.,1.)))
REPRESENTATION_ITEM('')
SURFACE()
);
#123=(
BOUNDED_SURFACE()
B_SPLINE_SURFACE(3,2,((#1950,#1951,#1952),(#1953,#1954,#1955),(#1956,#1957,
#1958),(#1959,#1960,#1961)),.UNSPECIFIED.,.F.,.F.,.F.)
B_SPLINE_SURFACE_WITH_KNOTS((4,4),(3,3),(2.57830592000306,3.14495221661318),
(0.,1.),.PIECEWISE_BEZIER_KNOTS.)
GEOMETRIC_REPRESENTATION_ITEM()
RATIONAL_B_SPLINE_SURFACE(((1.,0.448407133120009,1.),(1.,0.408646017802535,
1.),(1.,0.382392912604312,1.),(1.,0.382686039233171,1.)))
REPRESENTATION_ITEM('')
SURFACE()
);
#124=(
BOUNDED_SURFACE()
B_SPLINE_SURFACE(3,2,((#1969,#1970,#1971),(#1972,#1973,#1974),(#1975,#1976,
#1977),(#1978,#1979,#1980),(#1981,#1982,#1983)),.UNSPECIFIED.,.F.,.F.,.F.)
B_SPLINE_SURFACE_WITH_KNOTS((4,1,4),(3,3),(6.57381518754279E-5,0.000227793974394071,
0.000389849796912714),(0.,1.),.UNSPECIFIED.)
GEOMETRIC_REPRESENTATION_ITEM()
RATIONAL_B_SPLINE_SURFACE(((1.,0.707106781186543,1.),(1.,0.780479607575849,
1.),(1.,0.917332210733104,1.),(1.,0.916867950506502,1.),(1.,0.874134546118502,
1.)))
REPRESENTATION_ITEM('')
SURFACE()
);
#125=(
BOUNDED_SURFACE()
B_SPLINE_SURFACE(3,2,((#2001,#2002,#2003),(#2004,#2005,#2006),(#2007,#2008,
#2009),(#2010,#2011,#2012)),.UNSPECIFIED.,.F.,.F.,.F.)
B_SPLINE_SURFACE_WITH_KNOTS((4,4),(3,3),(0.,0.467827249721607),(0.,1.),
 .PIECEWISE_BEZIER_KNOTS.)
GEOMETRIC_REPRESENTATION_ITEM()
RATIONAL_B_SPLINE_SURFACE(((1.,0.382683432365098,1.),(1.,0.382683432367619,
1.),(1.,0.400513650837071,1.),(1.,0.42945995556399,1.)))
REPRESENTATION_ITEM('')
SURFACE()
);
#126=(
BOUNDED_SURFACE()
B_SPLINE_SURFACE(3,2,((#2014,#2015,#2016),(#2017,#2018,#2019),(#2020,#2021,
#2022),(#2023,#2024,#2025)),.UNSPECIFIED.,.F.,.F.,.F.)
B_SPLINE_SURFACE_WITH_KNOTS((4,4),(3,3),(5.71987870466293,6.28654498870553),
(0.,1.),.PIECEWISE_BEZIER_KNOTS.)
GEOMETRIC_REPRESENTATION_ITEM()
RATIONAL_B_SPLINE_SURFACE(((1.,0.448411315726757,1.),(1.,0.408647917840884,
1.),(1.,0.382392892399635,1.),(1.,0.382686039417077,1.)))
REPRESENTATION_ITEM('')
SURFACE()
);
#127=ORIENTED_EDGE('',*,*,#429,.T.);
#128=ORIENTED_EDGE('',*,*,#430,.T.);
#129=ORIENTED_EDGE('',*,*,#431,.F.);
#130=ORIENTED_EDGE('',*,*,#432,.F.);
#131=ORIENTED_EDGE('',*,*,#433,.F.);
#132=ORIENTED_EDGE('',*,*,#434,.T.);
#133=ORIENTED_EDGE('',*,*,#435,.F.);
#134=ORIENTED_EDGE('',*,*,#436,.F.);
#135=ORIENTED_EDGE('',*,*,#437,.T.);
#136=ORIENTED_EDGE('',*,*,#438,.T.);
#137=ORIENTED_EDGE('',*,*,#439,.F.);
#138=ORIENTED_EDGE('',*,*,#440,.F.);
#139=ORIENTED_EDGE('',*,*,#441,.F.);
#140=ORIENTED_EDGE('',*,*,#442,.T.);
#141=ORIENTED_EDGE('',*,*,#443,.F.);
#142=ORIENTED_EDGE('',*,*,#444,.T.);
#143=ORIENTED_EDGE('',*,*,#445,.T.);
#144=ORIENTED_EDGE('',*,*,#446,.F.);
#145=ORIENTED_EDGE('',*,*,#447,.F.);
#146=ORIENTED_EDGE('',*,*,#448,.F.);
#147=ORIENTED_EDGE('',*,*,#449,.F.);
#148=ORIENTED_EDGE('',*,*,#450,.F.);
#149=ORIENTED_EDGE('',*,*,#451,.F.);
#150=ORIENTED_EDGE('',*,*,#452,.T.);
#151=ORIENTED_EDGE('',*,*,#453,.T.);
#152=ORIENTED_EDGE('',*,*,#430,.F.);
#153=ORIENTED_EDGE('',*,*,#454,.T.);
#154=ORIENTED_EDGE('',*,*,#455,.T.);
#155=ORIENTED_EDGE('',*,*,#456,.F.);
#156=ORIENTED_EDGE('',*,*,#457,.F.);
#157=ORIENTED_EDGE('',*,*,#458,.T.);
#158=ORIENTED_EDGE('',*,*,#459,.T.);
#159=ORIENTED_EDGE('',*,*,#460,.F.);
#160=ORIENTED_EDGE('',*,*,#461,.T.);
#161=ORIENTED_EDGE('',*,*,#462,.T.);
#162=ORIENTED_EDGE('',*,*,#463,.T.);
#163=ORIENTED_EDGE('',*,*,#464,.T.);
#164=ORIENTED_EDGE('',*,*,#465,.F.);
#165=ORIENTED_EDGE('',*,*,#466,.T.);
#166=ORIENTED_EDGE('',*,*,#467,.T.);
#167=ORIENTED_EDGE('',*,*,#468,.T.);
#168=ORIENTED_EDGE('',*,*,#438,.F.);
#169=ORIENTED_EDGE('',*,*,#469,.T.);
#170=ORIENTED_EDGE('',*,*,#470,.T.);
#171=ORIENTED_EDGE('',*,*,#471,.T.);
#172=ORIENTED_EDGE('',*,*,#472,.F.);
#173=ORIENTED_EDGE('',*,*,#473,.T.);
#174=ORIENTED_EDGE('',*,*,#474,.F.);
#175=ORIENTED_EDGE('',*,*,#475,.F.);
#176=ORIENTED_EDGE('',*,*,#476,.F.);
#177=ORIENTED_EDGE('',*,*,#477,.F.);
#178=ORIENTED_EDGE('',*,*,#478,.T.);
#179=ORIENTED_EDGE('',*,*,#479,.F.);
#180=ORIENTED_EDGE('',*,*,#480,.T.);
#181=ORIENTED_EDGE('',*,*,#481,.T.);
#182=ORIENTED_EDGE('',*,*,#482,.T.);
#183=ORIENTED_EDGE('',*,*,#474,.T.);
#184=ORIENTED_EDGE('',*,*,#483,.T.);
#185=ORIENTED_EDGE('',*,*,#484,.F.);
#186=ORIENTED_EDGE('',*,*,#485,.F.);
#187=ORIENTED_EDGE('',*,*,#486,.F.);
#188=ORIENTED_EDGE('',*,*,#487,.F.);
#189=ORIENTED_EDGE('',*,*,#488,.F.);
#190=ORIENTED_EDGE('',*,*,#489,.F.);
#191=ORIENTED_EDGE('',*,*,#490,.F.);
#192=ORIENTED_EDGE('',*,*,#487,.T.);
#193=ORIENTED_EDGE('',*,*,#491,.F.);
#194=ORIENTED_EDGE('',*,*,#492,.T.);
#195=ORIENTED_EDGE('',*,*,#493,.F.);
#196=ORIENTED_EDGE('',*,*,#475,.T.);
#197=ORIENTED_EDGE('',*,*,#482,.F.);
#198=ORIENTED_EDGE('',*,*,#494,.F.);
#199=ORIENTED_EDGE('',*,*,#485,.T.);
#200=ORIENTED_EDGE('',*,*,#495,.T.);
#201=ORIENTED_EDGE('',*,*,#496,.T.);
#202=ORIENTED_EDGE('',*,*,#497,.T.);
#203=ORIENTED_EDGE('',*,*,#498,.T.);
#204=ORIENTED_EDGE('',*,*,#499,.T.);
#205=ORIENTED_EDGE('',*,*,#500,.T.);
#206=ORIENTED_EDGE('',*,*,#501,.T.);
#207=ORIENTED_EDGE('',*,*,#502,.T.);
#208=ORIENTED_EDGE('',*,*,#503,.F.);
#209=ORIENTED_EDGE('',*,*,#504,.T.);
#210=ORIENTED_EDGE('',*,*,#505,.F.);
#211=ORIENTED_EDGE('',*,*,#441,.T.);
#212=ORIENTED_EDGE('',*,*,#465,.T.);
#213=ORIENTED_EDGE('',*,*,#506,.T.);
#214=ORIENTED_EDGE('',*,*,#507,.T.);
#215=ORIENTED_EDGE('',*,*,#497,.F.);
#216=ORIENTED_EDGE('',*,*,#508,.F.);
#217=ORIENTED_EDGE('',*,*,#509,.T.);
#218=ORIENTED_EDGE('',*,*,#510,.T.);
#219=ORIENTED_EDGE('',*,*,#511,.T.);
#220=ORIENTED_EDGE('',*,*,#470,.F.);
#221=ORIENTED_EDGE('',*,*,#435,.T.);
#222=ORIENTED_EDGE('',*,*,#512,.F.);
#223=ORIENTED_EDGE('',*,*,#513,.F.);
#224=ORIENTED_EDGE('',*,*,#514,.T.);
#225=ORIENTED_EDGE('',*,*,#515,.T.);
#226=ORIENTED_EDGE('',*,*,#516,.F.);
#227=ORIENTED_EDGE('',*,*,#480,.F.);
#228=ORIENTED_EDGE('',*,*,#517,.T.);
#229=ORIENTED_EDGE('',*,*,#518,.T.);
#230=ORIENTED_EDGE('',*,*,#519,.T.);
#231=ORIENTED_EDGE('',*,*,#509,.F.);
#232=ORIENTED_EDGE('',*,*,#520,.F.);
#233=ORIENTED_EDGE('',*,*,#521,.F.);
#234=ORIENTED_EDGE('',*,*,#461,.F.);
#235=ORIENTED_EDGE('',*,*,#522,.T.);
#236=ORIENTED_EDGE('',*,*,#457,.T.);
#237=ORIENTED_EDGE('',*,*,#523,.F.);
#238=ORIENTED_EDGE('',*,*,#524,.F.);
#239=ORIENTED_EDGE('',*,*,#523,.T.);
#240=ORIENTED_EDGE('',*,*,#456,.T.);
#241=ORIENTED_EDGE('',*,*,#525,.F.);
#242=ORIENTED_EDGE('',*,*,#455,.F.);
#243=ORIENTED_EDGE('',*,*,#526,.F.);
#244=ORIENTED_EDGE('',*,*,#477,.T.);
#245=ORIENTED_EDGE('',*,*,#527,.T.);
#246=ORIENTED_EDGE('',*,*,#528,.T.);
#247=ORIENTED_EDGE('',*,*,#525,.T.);
#248=ORIENTED_EDGE('',*,*,#493,.T.);
#249=ORIENTED_EDGE('',*,*,#529,.T.);
#250=ORIENTED_EDGE('',*,*,#527,.F.);
#251=ORIENTED_EDGE('',*,*,#476,.T.);
#252=ORIENTED_EDGE('',*,*,#530,.F.);
#253=ORIENTED_EDGE('',*,*,#531,.T.);
#254=ORIENTED_EDGE('',*,*,#532,.F.);
#255=ORIENTED_EDGE('',*,*,#533,.T.);
#256=ORIENTED_EDGE('',*,*,#460,.T.);
#257=ORIENTED_EDGE('',*,*,#534,.T.);
#258=ORIENTED_EDGE('',*,*,#535,.T.);
#259=ORIENTED_EDGE('',*,*,#458,.F.);
#260=ORIENTED_EDGE('',*,*,#522,.F.);
#261=ORIENTED_EDGE('',*,*,#536,.F.);
#262=ORIENTED_EDGE('',*,*,#450,.T.);
#263=ORIENTED_EDGE('',*,*,#537,.F.);
#264=ORIENTED_EDGE('',*,*,#538,.T.);
#265=ORIENTED_EDGE('',*,*,#467,.F.);
#266=ORIENTED_EDGE('',*,*,#521,.T.);
#267=ORIENTED_EDGE('',*,*,#539,.T.);
#268=ORIENTED_EDGE('',*,*,#502,.F.);
#269=ORIENTED_EDGE('',*,*,#540,.T.);
#270=ORIENTED_EDGE('',*,*,#462,.F.);
#271=ORIENTED_EDGE('',*,*,#494,.T.);
#272=ORIENTED_EDGE('',*,*,#488,.T.);
#273=ORIENTED_EDGE('',*,*,#526,.T.);
#274=ORIENTED_EDGE('',*,*,#454,.F.);
#275=ORIENTED_EDGE('',*,*,#541,.F.);
#276=ORIENTED_EDGE('',*,*,#478,.F.);
#277=ORIENTED_EDGE('',*,*,#451,.T.);
#278=ORIENTED_EDGE('',*,*,#536,.T.);
#279=ORIENTED_EDGE('',*,*,#479,.T.);
#280=ORIENTED_EDGE('',*,*,#541,.T.);
#281=ORIENTED_EDGE('',*,*,#429,.F.);
#282=ORIENTED_EDGE('',*,*,#542,.T.);
#283=ORIENTED_EDGE('',*,*,#532,.T.);
#284=ORIENTED_EDGE('',*,*,#543,.T.);
#285=ORIENTED_EDGE('',*,*,#544,.T.);
#286=ORIENTED_EDGE('',*,*,#545,.F.);
#287=ORIENTED_EDGE('',*,*,#515,.F.);
#288=ORIENTED_EDGE('',*,*,#546,.F.);
#289=ORIENTED_EDGE('',*,*,#547,.F.);
#290=ORIENTED_EDGE('',*,*,#453,.F.);
#291=ORIENTED_EDGE('',*,*,#548,.F.);
#292=ORIENTED_EDGE('',*,*,#530,.T.);
#293=ORIENTED_EDGE('',*,*,#549,.F.);
#294=ORIENTED_EDGE('',*,*,#431,.T.);
#295=ORIENTED_EDGE('',*,*,#535,.F.);
#296=ORIENTED_EDGE('',*,*,#550,.T.);
#297=ORIENTED_EDGE('',*,*,#446,.T.);
#298=ORIENTED_EDGE('',*,*,#551,.T.);
#299=ORIENTED_EDGE('',*,*,#551,.F.);
#300=ORIENTED_EDGE('',*,*,#544,.F.);
#301=ORIENTED_EDGE('',*,*,#552,.T.);
#302=ORIENTED_EDGE('',*,*,#539,.F.);
#303=ORIENTED_EDGE('',*,*,#520,.T.);
#304=ORIENTED_EDGE('',*,*,#524,.T.);
#305=ORIENTED_EDGE('',*,*,#528,.F.);
#306=ORIENTED_EDGE('',*,*,#529,.F.);
#307=ORIENTED_EDGE('',*,*,#553,.T.);
#308=ORIENTED_EDGE('',*,*,#554,.T.);
#309=ORIENTED_EDGE('',*,*,#555,.T.);
#310=ORIENTED_EDGE('',*,*,#556,.T.);
#311=ORIENTED_EDGE('',*,*,#557,.T.);
#312=ORIENTED_EDGE('',*,*,#558,.T.);
#313=ORIENTED_EDGE('',*,*,#559,.F.);
#314=ORIENTED_EDGE('',*,*,#510,.F.);
#315=ORIENTED_EDGE('',*,*,#519,.F.);
#316=ORIENTED_EDGE('',*,*,#560,.F.);
#317=ORIENTED_EDGE('',*,*,#556,.F.);
#318=ORIENTED_EDGE('',*,*,#511,.F.);
#319=ORIENTED_EDGE('',*,*,#559,.T.);
#320=ORIENTED_EDGE('',*,*,#561,.F.);
#321=ORIENTED_EDGE('',*,*,#560,.T.);
#322=ORIENTED_EDGE('',*,*,#518,.F.);
#323=ORIENTED_EDGE('',*,*,#562,.F.);
#324=ORIENTED_EDGE('',*,*,#557,.F.);
#325=ORIENTED_EDGE('',*,*,#561,.T.);
#326=ORIENTED_EDGE('',*,*,#558,.F.);
#327=ORIENTED_EDGE('',*,*,#563,.F.);
#328=ORIENTED_EDGE('',*,*,#471,.F.);
#329=ORIENTED_EDGE('',*,*,#563,.T.);
#330=ORIENTED_EDGE('',*,*,#562,.T.);
#331=ORIENTED_EDGE('',*,*,#564,.F.);
#332=ORIENTED_EDGE('',*,*,#472,.T.);
#333=ORIENTED_EDGE('',*,*,#483,.F.);
#334=ORIENTED_EDGE('',*,*,#473,.F.);
#335=ORIENTED_EDGE('',*,*,#564,.T.);
#336=ORIENTED_EDGE('',*,*,#517,.F.);
#337=ORIENTED_EDGE('',*,*,#565,.F.);
#338=ORIENTED_EDGE('',*,*,#566,.F.);
#339=ORIENTED_EDGE('',*,*,#506,.F.);
#340=ORIENTED_EDGE('',*,*,#566,.T.);
#341=ORIENTED_EDGE('',*,*,#554,.F.);
#342=ORIENTED_EDGE('',*,*,#567,.F.);
#343=ORIENTED_EDGE('',*,*,#498,.F.);
#344=ORIENTED_EDGE('',*,*,#507,.F.);
#345=ORIENTED_EDGE('',*,*,#565,.T.);
#346=ORIENTED_EDGE('',*,*,#464,.F.);
#347=ORIENTED_EDGE('',*,*,#568,.F.);
#348=ORIENTED_EDGE('',*,*,#555,.F.);
#349=ORIENTED_EDGE('',*,*,#567,.T.);
#350=ORIENTED_EDGE('',*,*,#553,.F.);
#351=ORIENTED_EDGE('',*,*,#569,.F.);
#352=ORIENTED_EDGE('',*,*,#499,.F.);
#353=ORIENTED_EDGE('',*,*,#569,.T.);
#354=ORIENTED_EDGE('',*,*,#568,.T.);
#355=ORIENTED_EDGE('',*,*,#570,.F.);
#356=ORIENTED_EDGE('',*,*,#500,.F.);
#357=ORIENTED_EDGE('',*,*,#570,.T.);
#358=ORIENTED_EDGE('',*,*,#463,.F.);
#359=ORIENTED_EDGE('',*,*,#540,.F.);
#360=ORIENTED_EDGE('',*,*,#501,.F.);
#361=ORIENTED_EDGE('',*,*,#484,.T.);
#362=ORIENTED_EDGE('',*,*,#504,.F.);
#363=ORIENTED_EDGE('',*,*,#571,.F.);
#364=ORIENTED_EDGE('',*,*,#491,.T.);
#365=ORIENTED_EDGE('',*,*,#486,.T.);
#366=ORIENTED_EDGE('',*,*,#490,.T.);
#367=ORIENTED_EDGE('',*,*,#572,.T.);
#368=ORIENTED_EDGE('',*,*,#495,.F.);
#369=ORIENTED_EDGE('',*,*,#503,.T.);
#370=ORIENTED_EDGE('',*,*,#552,.F.);
#371=ORIENTED_EDGE('',*,*,#492,.F.);
#372=ORIENTED_EDGE('',*,*,#571,.T.);
#373=ORIENTED_EDGE('',*,*,#516,.T.);
#374=ORIENTED_EDGE('',*,*,#508,.T.);
#375=ORIENTED_EDGE('',*,*,#496,.F.);
#376=ORIENTED_EDGE('',*,*,#572,.F.);
#377=ORIENTED_EDGE('',*,*,#489,.T.);
#378=ORIENTED_EDGE('',*,*,#481,.F.);
#379=ORIENTED_EDGE('',*,*,#537,.T.);
#380=ORIENTED_EDGE('',*,*,#449,.T.);
#381=ORIENTED_EDGE('',*,*,#573,.T.);
#382=ORIENTED_EDGE('',*,*,#574,.T.);
#383=ORIENTED_EDGE('',*,*,#513,.T.);
#384=ORIENTED_EDGE('',*,*,#575,.T.);
#385=ORIENTED_EDGE('',*,*,#440,.T.);
#386=ORIENTED_EDGE('',*,*,#576,.T.);
#387=ORIENTED_EDGE('',*,*,#577,.T.);
#388=ORIENTED_EDGE('',*,*,#442,.F.);
#389=ORIENTED_EDGE('',*,*,#505,.T.);
#390=ORIENTED_EDGE('',*,*,#545,.T.);
#391=ORIENTED_EDGE('',*,*,#445,.F.);
#392=ORIENTED_EDGE('',*,*,#434,.F.);
#393=ORIENTED_EDGE('',*,*,#578,.T.);
#394=ORIENTED_EDGE('',*,*,#436,.T.);
#395=ORIENTED_EDGE('',*,*,#575,.F.);
#396=ORIENTED_EDGE('',*,*,#512,.T.);
#397=ORIENTED_EDGE('',*,*,#433,.T.);
#398=ORIENTED_EDGE('',*,*,#469,.F.);
#399=ORIENTED_EDGE('',*,*,#437,.F.);
#400=ORIENTED_EDGE('',*,*,#578,.F.);
#401=ORIENTED_EDGE('',*,*,#439,.T.);
#402=ORIENTED_EDGE('',*,*,#468,.F.);
#403=ORIENTED_EDGE('',*,*,#538,.F.);
#404=ORIENTED_EDGE('',*,*,#576,.F.);
#405=ORIENTED_EDGE('',*,*,#443,.T.);
#406=ORIENTED_EDGE('',*,*,#577,.F.);
#407=ORIENTED_EDGE('',*,*,#444,.F.);
#408=ORIENTED_EDGE('',*,*,#466,.F.);
#409=ORIENTED_EDGE('',*,*,#534,.F.);
#410=ORIENTED_EDGE('',*,*,#459,.F.);
#411=ORIENTED_EDGE('',*,*,#447,.T.);
#412=ORIENTED_EDGE('',*,*,#550,.F.);
#413=ORIENTED_EDGE('',*,*,#548,.T.);
#414=ORIENTED_EDGE('',*,*,#452,.F.);
#415=ORIENTED_EDGE('',*,*,#543,.F.);
#416=ORIENTED_EDGE('',*,*,#533,.F.);
#417=ORIENTED_EDGE('',*,*,#542,.F.);
#418=ORIENTED_EDGE('',*,*,#432,.T.);
#419=ORIENTED_EDGE('',*,*,#549,.T.);
#420=ORIENTED_EDGE('',*,*,#531,.F.);
#421=ORIENTED_EDGE('',*,*,#546,.T.);
#422=ORIENTED_EDGE('',*,*,#514,.F.);
#423=ORIENTED_EDGE('',*,*,#574,.F.);
#424=ORIENTED_EDGE('',*,*,#579,.T.);
#425=ORIENTED_EDGE('',*,*,#573,.F.);
#426=ORIENTED_EDGE('',*,*,#448,.T.);
#427=ORIENTED_EDGE('',*,*,#547,.T.);
#428=ORIENTED_EDGE('',*,*,#579,.F.);
#429=EDGE_CURVE('',#580,#581,#677,.T.);
#430=EDGE_CURVE('',#581,#582,#678,.T.);
#431=EDGE_CURVE('',#583,#582,#679,.T.);
#432=EDGE_CURVE('',#580,#583,#680,.T.);
#433=EDGE_CURVE('',#584,#585,#81,.T.);
#434=EDGE_CURVE('',#584,#586,#82,.F.);
#435=EDGE_CURVE('',#585,#586,#83,.F.);
#436=EDGE_CURVE('',#587,#588,#84,.F.);
#437=EDGE_CURVE('',#587,#589,#46,.T.);
#438=EDGE_CURVE('',#589,#590,#85,.T.);
#439=EDGE_CURVE('',#591,#590,#47,.F.);
#440=EDGE_CURVE('',#588,#591,#86,.T.);
#441=EDGE_CURVE('',#592,#593,#87,.T.);
#442=EDGE_CURVE('',#592,#594,#88,.T.);
#443=EDGE_CURVE('',#593,#594,#89,.F.);
#444=EDGE_CURVE('',#595,#596,#90,.T.);
#445=EDGE_CURVE('',#596,#597,#91,.F.);
#446=EDGE_CURVE('',#598,#597,#92,.F.);
#447=EDGE_CURVE('',#595,#598,#48,.F.);
#448=EDGE_CURVE('',#599,#600,#681,.T.);
#449=EDGE_CURVE('',#601,#599,#682,.T.);
#450=EDGE_CURVE('',#602,#601,#683,.F.);
#451=EDGE_CURVE('',#603,#602,#684,.T.);
#452=EDGE_CURVE('',#603,#604,#685,.T.);
#453=EDGE_CURVE('',#604,#600,#686,.T.);
#454=EDGE_CURVE('',#581,#605,#687,.T.);
#455=EDGE_CURVE('',#605,#606,#688,.T.);
#456=EDGE_CURVE('',#607,#606,#689,.T.);
#457=EDGE_CURVE('',#608,#607,#690,.T.);
#458=EDGE_CURVE('',#608,#582,#691,.T.);
#459=EDGE_CURVE('',#595,#609,#692,.T.);
#460=EDGE_CURVE('',#610,#609,#93,.T.);
#461=EDGE_CURVE('',#610,#611,#693,.T.);
#462=EDGE_CURVE('',#611,#612,#94,.T.);
#463=EDGE_CURVE('',#612,#613,#694,.T.);
#464=EDGE_CURVE('',#613,#614,#12,.F.);
#465=EDGE_CURVE('',#593,#614,#695,.T.);
#466=EDGE_CURVE('',#593,#595,#13,.T.);
#467=EDGE_CURVE('',#615,#616,#95,.T.);
#468=EDGE_CURVE('',#616,#590,#696,.T.);
#469=EDGE_CURVE('',#589,#585,#14,.T.);
#470=EDGE_CURVE('',#585,#617,#697,.T.);
#471=EDGE_CURVE('',#617,#618,#15,.F.);
#472=EDGE_CURVE('',#619,#618,#96,.T.);
#473=EDGE_CURVE('',#619,#620,#698,.T.);
#474=EDGE_CURVE('',#621,#620,#97,.T.);
#475=EDGE_CURVE('',#622,#621,#699,.T.);
#476=EDGE_CURVE('',#623,#622,#98,.T.);
#477=EDGE_CURVE('',#624,#623,#700,.T.);
#478=EDGE_CURVE('',#624,#625,#99,.T.);
#479=EDGE_CURVE('',#615,#625,#701,.T.);
#480=EDGE_CURVE('',#626,#627,#49,.F.);
#481=EDGE_CURVE('',#627,#628,#702,.T.);
#482=EDGE_CURVE('',#628,#621,#50,.F.);
#483=EDGE_CURVE('',#620,#626,#100,.T.);
#484=EDGE_CURVE('',#629,#630,#101,.T.);
#485=EDGE_CURVE('',#630,#629,#703,.T.);
#486=EDGE_CURVE('',#631,#632,#102,.T.);
#487=EDGE_CURVE('',#632,#631,#704,.F.);
#488=EDGE_CURVE('',#633,#633,#51,.T.);
#489=EDGE_CURVE('',#634,#628,#705,.T.);
#490=EDGE_CURVE('',#632,#634,#52,.T.);
#491=EDGE_CURVE('',#635,#631,#53,.T.);
#492=EDGE_CURVE('',#635,#636,#706,.T.);
#493=EDGE_CURVE('',#622,#636,#54,.F.);
#494=EDGE_CURVE('',#637,#637,#55,.T.);
#495=EDGE_CURVE('',#629,#638,#56,.T.);
#496=EDGE_CURVE('',#638,#639,#707,.T.);
#497=EDGE_CURVE('',#639,#640,#708,.T.);
#498=EDGE_CURVE('',#640,#641,#57,.T.);
#499=EDGE_CURVE('',#641,#642,#709,.T.);
#500=EDGE_CURVE('',#642,#643,#103,.F.);
#501=EDGE_CURVE('',#643,#644,#710,.T.);
#502=EDGE_CURVE('',#644,#645,#58,.F.);
#503=EDGE_CURVE('',#646,#645,#711,.T.);
#504=EDGE_CURVE('',#646,#630,#59,.T.);
#505=EDGE_CURVE('',#592,#647,#712,.T.);
#506=EDGE_CURVE('',#614,#648,#104,.F.);
#507=EDGE_CURVE('',#648,#640,#713,.T.);
#508=EDGE_CURVE('',#649,#639,#714,.T.);
#509=EDGE_CURVE('',#649,#650,#715,.T.);
#510=EDGE_CURVE('',#650,#651,#716,.T.);
#511=EDGE_CURVE('',#651,#617,#105,.T.);
#512=EDGE_CURVE('',#652,#586,#717,.T.);
#513=EDGE_CURVE('',#653,#652,#718,.T.);
#514=EDGE_CURVE('',#653,#654,#719,.T.);
#515=EDGE_CURVE('',#654,#647,#720,.T.);
#516=EDGE_CURVE('',#627,#649,#721,.T.);
#517=EDGE_CURVE('',#626,#655,#722,.T.);
#518=EDGE_CURVE('',#655,#656,#723,.F.);
#519=EDGE_CURVE('',#656,#650,#60,.F.);
#520=EDGE_CURVE('',#657,#658,#724,.T.);
#521=EDGE_CURVE('',#611,#657,#61,.F.);
#522=EDGE_CURVE('',#610,#608,#62,.F.);
#523=EDGE_CURVE('',#658,#607,#725,.T.);
#524=EDGE_CURVE('',#658,#659,#726,.T.);
#525=EDGE_CURVE('',#659,#606,#727,.T.);
#526=EDGE_CURVE('',#624,#605,#63,.F.);
#527=EDGE_CURVE('',#623,#660,#64,.F.);
#528=EDGE_CURVE('',#660,#659,#728,.T.);
#529=EDGE_CURVE('',#636,#660,#729,.T.);
#530=EDGE_CURVE('',#661,#662,#730,.T.);
#531=EDGE_CURVE('',#661,#662,#106,.T.);
#532=EDGE_CURVE('',#663,#664,#731,.F.);
#533=EDGE_CURVE('',#663,#664,#107,.T.);
#534=EDGE_CURVE('',#609,#665,#108,.T.);
#535=EDGE_CURVE('',#665,#582,#65,.F.);
#536=EDGE_CURVE('',#602,#615,#66,.T.);
#537=EDGE_CURVE('',#666,#601,#67,.T.);
#538=EDGE_CURVE('',#666,#616,#109,.T.);
#539=EDGE_CURVE('',#657,#645,#732,.T.);
#540=EDGE_CURVE('',#644,#612,#110,.T.);
#541=EDGE_CURVE('',#625,#581,#68,.F.);
#542=EDGE_CURVE('',#580,#663,#69,.T.);
#543=EDGE_CURVE('',#664,#603,#70,.T.);
#544=EDGE_CURVE('',#667,#667,#71,.T.);
#545=EDGE_CURVE('',#647,#597,#733,.T.);
#546=EDGE_CURVE('',#668,#654,#734,.T.);
#547=EDGE_CURVE('',#600,#668,#735,.T.);
#548=EDGE_CURVE('',#661,#604,#72,.T.);
#549=EDGE_CURVE('',#583,#662,#73,.T.);
#550=EDGE_CURVE('',#665,#598,#736,.T.);
#551=EDGE_CURVE('',#669,#669,#74,.F.);
#552=EDGE_CURVE('',#636,#645,#737,.T.);
#553=EDGE_CURVE('',#670,#671,#738,.F.);
#554=EDGE_CURVE('',#671,#672,#739,.F.);
#555=EDGE_CURVE('',#672,#670,#16,.F.);
#556=EDGE_CURVE('',#673,#674,#740,.F.);
#557=EDGE_CURVE('',#674,#675,#741,.T.);
#558=EDGE_CURVE('',#675,#673,#17,.F.);
#559=EDGE_CURVE('',#651,#673,#75,.T.);
#560=EDGE_CURVE('',#674,#656,#18,.T.);
#561=EDGE_CURVE('',#617,#673,#111,.F.);
#562=EDGE_CURVE('',#675,#655,#112,.T.);
#563=EDGE_CURVE('',#618,#675,#76,.T.);
#564=EDGE_CURVE('',#619,#655,#77,.F.);
#565=EDGE_CURVE('',#672,#614,#113,.T.);
#566=EDGE_CURVE('',#648,#672,#78,.T.);
#567=EDGE_CURVE('',#641,#671,#19,.T.);
#568=EDGE_CURVE('',#670,#613,#114,.T.);
#569=EDGE_CURVE('',#642,#670,#79,.T.);
#570=EDGE_CURVE('',#643,#613,#80,.F.);
#571=EDGE_CURVE('',#635,#646,#742,.T.);
#572=EDGE_CURVE('',#634,#638,#743,.T.);
#573=EDGE_CURVE('',#599,#676,#744,.T.);
#574=EDGE_CURVE('',#676,#653,#745,.T.);
#575=EDGE_CURVE('',#652,#588,#746,.T.);
#576=EDGE_CURVE('',#591,#666,#747,.T.);
#577=EDGE_CURVE('',#596,#594,#20,.T.);
#578=EDGE_CURVE('',#584,#587,#21,.T.);
#579=EDGE_CURVE('',#676,#668,#748,.T.);
#580=VERTEX_POINT('',#1392);
#581=VERTEX_POINT('',#1393);
#582=VERTEX_POINT('',#1395);
#583=VERTEX_POINT('',#1397);
#584=VERTEX_POINT('',#1428);
#585=VERTEX_POINT('',#1429);
#586=VERTEX_POINT('',#1434);
#587=VERTEX_POINT('',#1458);
#588=VERTEX_POINT('',#1459);
#589=VERTEX_POINT('',#1461);
#590=VERTEX_POINT('',#1466);
#591=VERTEX_POINT('',#1468);
#592=VERTEX_POINT('',#1501);
#593=VERTEX_POINT('',#1502);
#594=VERTEX_POINT('',#1507);
#595=VERTEX_POINT('',#1533);
#596=VERTEX_POINT('',#1534);
#597=VERTEX_POINT('',#1539);
#598=VERTEX_POINT('',#1544);
#599=VERTEX_POINT('',#1548);
#600=VERTEX_POINT('',#1549);
#601=VERTEX_POINT('',#1551);
#602=VERTEX_POINT('',#1553);
#603=VERTEX_POINT('',#1555);
#604=VERTEX_POINT('',#1557);
#605=VERTEX_POINT('',#1561);
#606=VERTEX_POINT('',#1563);
#607=VERTEX_POINT('',#1565);
#608=VERTEX_POINT('',#1567);
#609=VERTEX_POINT('',#1571);
#610=VERTEX_POINT('',#1577);
#611=VERTEX_POINT('',#1579);
#612=VERTEX_POINT('',#1585);
#613=VERTEX_POINT('',#1587);
#614=VERTEX_POINT('',#1589);
#615=VERTEX_POINT('',#1597);
#616=VERTEX_POINT('',#1598);
#617=VERTEX_POINT('',#1602);
#618=VERTEX_POINT('',#1604);
#619=VERTEX_POINT('',#1609);
#620=VERTEX_POINT('',#1611);
#621=VERTEX_POINT('',#1616);
#622=VERTEX_POINT('',#1618);
#623=VERTEX_POINT('',#1624);
#624=VERTEX_POINT('',#1626);
#625=VERTEX_POINT('',#1632);
#626=VERTEX_POINT('',#1636);
#627=VERTEX_POINT('',#1637);
#628=VERTEX_POINT('',#1639);
#629=VERTEX_POINT('',#1657);
#630=VERTEX_POINT('',#1658);
#631=VERTEX_POINT('',#1672);
#632=VERTEX_POINT('',#1673);
#633=VERTEX_POINT('',#1677);
#634=VERTEX_POINT('',#1679);
#635=VERTEX_POINT('',#1682);
#636=VERTEX_POINT('',#1684);
#637=VERTEX_POINT('',#1688);
#638=VERTEX_POINT('',#1690);
#639=VERTEX_POINT('',#1692);
#640=VERTEX_POINT('',#1694);
#641=VERTEX_POINT('',#1696);
#642=VERTEX_POINT('',#1698);
#643=VERTEX_POINT('',#1704);
#644=VERTEX_POINT('',#1706);
#645=VERTEX_POINT('',#1708);
#646=VERTEX_POINT('',#1710);
#647=VERTEX_POINT('',#1714);
#648=VERTEX_POINT('',#1720);
#649=VERTEX_POINT('',#1723);
#650=VERTEX_POINT('',#1725);
#651=VERTEX_POINT('',#1727);
#652=VERTEX_POINT('',#1734);
#653=VERTEX_POINT('',#1736);
#654=VERTEX_POINT('',#1738);
#655=VERTEX_POINT('',#1743);
#656=VERTEX_POINT('',#1745);
#657=VERTEX_POINT('',#1749);
#658=VERTEX_POINT('',#1750);
#659=VERTEX_POINT('',#1756);
#660=VERTEX_POINT('',#1761);
#661=VERTEX_POINT('',#1767);
#662=VERTEX_POINT('',#1768);
#663=VERTEX_POINT('',#1782);
#664=VERTEX_POINT('',#1783);
#665=VERTEX_POINT('',#1800);
#666=VERTEX_POINT('',#1805);
#667=VERTEX_POINT('',#1823);
#668=VERTEX_POINT('',#1827);
#669=VERTEX_POINT('',#1833);
#670=VERTEX_POINT('',#1839);
#671=VERTEX_POINT('',#1840);
#672=VERTEX_POINT('',#1842);
#673=VERTEX_POINT('',#1846);
#674=VERTEX_POINT('',#1847);
#675=VERTEX_POINT('',#1849);
#676=VERTEX_POINT('',#1993);
#677=LINE('',#1391,#749);
#678=LINE('',#1394,#750);
#679=LINE('',#1396,#751);
#680=LINE('',#1398,#752);
#681=LINE('',#1547,#753);
#682=LINE('',#1550,#754);
#683=LINE('',#1552,#755);
#684=LINE('',#1554,#756);
#685=LINE('',#1556,#757);
#686=LINE('',#1558,#758);
#687=LINE('',#1560,#759);
#688=LINE('',#1562,#760);
#689=LINE('',#1564,#761);
#690=LINE('',#1566,#762);
#691=LINE('',#1568,#763);
#692=LINE('',#1570,#764);
#693=LINE('',#1578,#765);
#694=LINE('',#1586,#766);
#695=LINE('',#1590,#767);
#696=LINE('',#1599,#768);
#697=LINE('',#1601,#769);
#698=LINE('',#1610,#770);
#699=LINE('',#1617,#771);
#700=LINE('',#1625,#772);
#701=LINE('',#1633,#773);
#702=LINE('',#1638,#774);
#703=LINE('',#1659,#775);
#704=LINE('',#1674,#776);
#705=LINE('',#1678,#777);
#706=LINE('',#1683,#778);
#707=LINE('',#1691,#779);
#708=LINE('',#1693,#780);
#709=LINE('',#1697,#781);
#710=LINE('',#1705,#782);
#711=LINE('',#1709,#783);
#712=LINE('',#1713,#784);
#713=LINE('',#1721,#785);
#714=LINE('',#1722,#786);
#715=LINE('',#1724,#787);
#716=LINE('',#1726,#788);
#717=LINE('',#1733,#789);
#718=LINE('',#1735,#790);
#719=LINE('',#1737,#791);
#720=LINE('',#1739,#792);
#721=LINE('',#1741,#793);
#722=LINE('',#1742,#794);
#723=LINE('',#1744,#795);
#724=LINE('',#1748,#796);
#725=LINE('',#1753,#797);
#726=LINE('',#1755,#798);
#727=LINE('',#1757,#799);
#728=LINE('',#1762,#800);
#729=LINE('',#1764,#801);
#730=LINE('',#1766,#802);
#731=LINE('',#1781,#803);
#732=LINE('',#1811,#804);
#733=LINE('',#1825,#805);
#734=LINE('',#1826,#806);
#735=LINE('',#1828,#807);
#736=LINE('',#1831,#808);
#737=LINE('',#1836,#809);
#738=LINE('',#1838,#810);
#739=LINE('',#1841,#811);
#740=LINE('',#1845,#812);
#741=LINE('',#1848,#813);
#742=LINE('',#1987,#814);
#743=LINE('',#1988,#815);
#744=LINE('',#1992,#816);
#745=LINE('',#1994,#817);
#746=LINE('',#1995,#818);
#747=LINE('',#1996,#819);
#748=LINE('',#2029,#820);
#749=VECTOR('',#1137,1.);
#750=VECTOR('',#1138,1.);
#751=VECTOR('',#1139,1.);
#752=VECTOR('',#1140,1.);
#753=VECTOR('',#1149,1.);
#754=VECTOR('',#1150,1.);
#755=VECTOR('',#1151,1.);
#756=VECTOR('',#1152,1.);
#757=VECTOR('',#1153,1.);
#758=VECTOR('',#1154,1.);
#759=VECTOR('',#1157,1.);
#760=VECTOR('',#1158,1.);
#761=VECTOR('',#1159,1.);
#762=VECTOR('',#1160,1.);
#763=VECTOR('',#1161,1.);
#764=VECTOR('',#1164,1.);
#765=VECTOR('',#1165,1.);
#766=VECTOR('',#1166,1.);
#767=VECTOR('',#1169,1.);
#768=VECTOR('',#1174,1.);
#769=VECTOR('',#1177,1.);
#770=VECTOR('',#1180,1.);
#771=VECTOR('',#1181,1.);
#772=VECTOR('',#1182,1.);
#773=VECTOR('',#1183,1.);
#774=VECTOR('',#1188,1.);
#775=VECTOR('',#1193,1.);
#776=VECTOR('',#1196,1.);
#777=VECTOR('',#1201,1.);
#778=VECTOR('',#1206,1.);
#779=VECTOR('',#1215,1.);
#780=VECTOR('',#1216,1.);
#781=VECTOR('',#1219,1.);
#782=VECTOR('',#1220,1.);
#783=VECTOR('',#1223,1.);
#784=VECTOR('',#1228,1.);
#785=VECTOR('',#1229,1.);
#786=VECTOR('',#1230,1.);
#787=VECTOR('',#1231,1.);
#788=VECTOR('',#1232,1.);
#789=VECTOR('',#1233,1.);
#790=VECTOR('',#1234,1.);
#791=VECTOR('',#1235,1.);
#792=VECTOR('',#1236,1.);
#793=VECTOR('',#1239,1.);
#794=VECTOR('',#1240,1.);
#795=VECTOR('',#1241,1.);
#796=VECTOR('',#1246,1.);
#797=VECTOR('',#1251,1.);
#798=VECTOR('',#1254,1.);
#799=VECTOR('',#1255,1.);
#800=VECTOR('',#1262,1.);
#801=VECTOR('',#1265,1.);
#802=VECTOR('',#1268,1.);
#803=VECTOR('',#1271,1.);
#804=VECTOR('',#1284,1.);
#805=VECTOR('',#1301,1.);
#806=VECTOR('',#1302,1.);
#807=VECTOR('',#1303,1.);
#808=VECTOR('',#1308,1.);
#809=VECTOR('',#1315,1.);
#810=VECTOR('',#1318,1.);
#811=VECTOR('',#1319,1.);
#812=VECTOR('',#1324,1.);
#813=VECTOR('',#1325,1.);
#814=VECTOR('',#1358,1.);
#815=VECTOR('',#1359,1.);
#816=VECTOR('',#1366,1.);
#817=VECTOR('',#1367,1.);
#818=VECTOR('',#1368,1.);
#819=VECTOR('',#1369,1.);
#820=VECTOR('',#1386,1.);
#821=EDGE_LOOP('',(#127,#128,#129,#130));
#822=EDGE_LOOP('',(#131,#132,#133));
#823=EDGE_LOOP('',(#134,#135,#136,#137,#138));
#824=EDGE_LOOP('',(#139,#140,#141));
#825=EDGE_LOOP('',(#142,#143,#144,#145));
#826=EDGE_LOOP('',(#146,#147,#148,#149,#150,#151));
#827=EDGE_LOOP('',(#152,#153,#154,#155,#156,#157));
#828=EDGE_LOOP('',(#158,#159,#160,#161,#162,#163,#164,#165));
#829=EDGE_LOOP('',(#166,#167,#168,#169,#170,#171,#172,#173,#174,#175,#176,
#177,#178,#179));
#830=EDGE_LOOP('',(#180,#181,#182,#183,#184));
#831=EDGE_LOOP('',(#185,#186));
#832=EDGE_LOOP('',(#187,#188));
#833=EDGE_LOOP('',(#189));
#834=EDGE_LOOP('',(#190,#191,#192,#193,#194,#195,#196,#197));
#835=EDGE_LOOP('',(#198));
#836=EDGE_LOOP('',(#199,#200,#201,#202,#203,#204,#205,#206,#207,#208,#209));
#837=EDGE_LOOP('',(#210,#211,#212,#213,#214,#215,#216,#217,#218,#219,#220,
#221,#222,#223,#224,#225));
#838=EDGE_LOOP('',(#226,#227,#228,#229,#230,#231));
#839=EDGE_LOOP('',(#232,#233,#234,#235,#236,#237));
#840=EDGE_LOOP('',(#238,#239,#240,#241));
#841=EDGE_LOOP('',(#242,#243,#244,#245,#246,#247));
#842=EDGE_LOOP('',(#248,#249,#250,#251));
#843=EDGE_LOOP('',(#252,#253));
#844=EDGE_LOOP('',(#254,#255));
#845=EDGE_LOOP('',(#256,#257,#258,#259,#260));
#846=EDGE_LOOP('',(#261,#262,#263,#264,#265));
#847=EDGE_LOOP('',(#266,#267,#268,#269,#270));
#848=EDGE_LOOP('',(#271));
#849=EDGE_LOOP('',(#272));
#850=EDGE_LOOP('',(#273,#274,#275,#276));
#851=EDGE_LOOP('',(#277,#278,#279,#280,#281,#282,#283,#284));
#852=EDGE_LOOP('',(#285));
#853=EDGE_LOOP('',(#286,#287,#288,#289,#290,#291,#292,#293,#294,#295,#296,
#297));
#854=EDGE_LOOP('',(#298));
#855=EDGE_LOOP('',(#299));
#856=EDGE_LOOP('',(#300));
#857=EDGE_LOOP('',(#301,#302,#303,#304,#305,#306));
#858=EDGE_LOOP('',(#307,#308,#309));
#859=EDGE_LOOP('',(#310,#311,#312));
#860=EDGE_LOOP('',(#313,#314,#315,#316,#317));
#861=EDGE_LOOP('',(#318,#319,#320));
#862=EDGE_LOOP('',(#321,#322,#323,#324));
#863=EDGE_LOOP('',(#325,#326,#327,#328));
#864=EDGE_LOOP('',(#329,#330,#331,#332));
#865=EDGE_LOOP('',(#333,#334,#335,#336));
#866=EDGE_LOOP('',(#337,#338,#339));
#867=EDGE_LOOP('',(#340,#341,#342,#343,#344));
#868=EDGE_LOOP('',(#345,#346,#347,#348));
#869=EDGE_LOOP('',(#349,#350,#351,#352));
#870=EDGE_LOOP('',(#353,#354,#355,#356));
#871=EDGE_LOOP('',(#357,#358,#359,#360));
#872=EDGE_LOOP('',(#361,#362,#363,#364,#365,#366,#367,#368));
#873=EDGE_LOOP('',(#369,#370,#371,#372));
#874=EDGE_LOOP('',(#373,#374,#375,#376,#377,#378));
#875=EDGE_LOOP('',(#379,#380,#381,#382,#383,#384,#385,#386));
#876=EDGE_LOOP('',(#387,#388,#389,#390,#391));
#877=EDGE_LOOP('',(#392,#393,#394,#395,#396));
#878=EDGE_LOOP('',(#397,#398,#399,#400));
#879=EDGE_LOOP('',(#401,#402,#403,#404));
#880=EDGE_LOOP('',(#405,#406,#407,#408));
#881=EDGE_LOOP('',(#409,#410,#411,#412));
#882=EDGE_LOOP('',(#413,#414,#415,#416,#417,#418,#419,#420));
#883=EDGE_LOOP('',(#421,#422,#423,#424));
#884=EDGE_LOOP('',(#425,#426,#427,#428));
#885=FACE_BOUND('',#821,.T.);
#886=FACE_BOUND('',#822,.T.);
#887=FACE_BOUND('',#823,.T.);
#888=FACE_BOUND('',#824,.T.);
#889=FACE_BOUND('',#825,.T.);
#890=FACE_BOUND('',#826,.T.);
#891=FACE_BOUND('',#827,.T.);
#892=FACE_BOUND('',#828,.T.);
#893=FACE_BOUND('',#829,.T.);
#894=FACE_BOUND('',#830,.T.);
#895=FACE_BOUND('',#831,.T.);
#896=FACE_BOUND('',#832,.T.);
#897=FACE_BOUND('',#833,.T.);
#898=FACE_BOUND('',#834,.T.);
#899=FACE_BOUND('',#835,.T.);
#900=FACE_BOUND('',#836,.T.);
#901=FACE_BOUND('',#837,.T.);
#902=FACE_BOUND('',#838,.T.);
#903=FACE_BOUND('',#839,.T.);
#904=FACE_BOUND('',#840,.T.);
#905=FACE_BOUND('',#841,.T.);
#906=FACE_BOUND('',#842,.T.);
#907=FACE_BOUND('',#843,.T.);
#908=FACE_BOUND('',#844,.T.);
#909=FACE_BOUND('',#845,.T.);
#910=FACE_BOUND('',#846,.T.);
#911=FACE_BOUND('',#847,.T.);
#912=FACE_BOUND('',#848,.T.);
#913=FACE_BOUND('',#849,.T.);
#914=FACE_BOUND('',#850,.T.);
#915=FACE_BOUND('',#851,.T.);
#916=FACE_BOUND('',#852,.T.);
#917=FACE_BOUND('',#853,.T.);
#918=FACE_BOUND('',#854,.T.);
#919=FACE_BOUND('',#855,.T.);
#920=FACE_BOUND('',#856,.T.);
#921=FACE_BOUND('',#857,.T.);
#922=FACE_BOUND('',#858,.T.);
#923=FACE_BOUND('',#859,.T.);
#924=FACE_BOUND('',#860,.T.);
#925=FACE_BOUND('',#861,.T.);
#926=FACE_BOUND('',#862,.T.);
#927=FACE_BOUND('',#863,.T.);
#928=FACE_BOUND('',#864,.T.);
#929=FACE_BOUND('',#865,.T.);
#930=FACE_BOUND('',#866,.T.);
#931=FACE_BOUND('',#867,.T.);
#932=FACE_BOUND('',#868,.T.);
#933=FACE_BOUND('',#869,.T.);
#934=FACE_BOUND('',#870,.T.);
#935=FACE_BOUND('',#871,.T.);
#936=FACE_BOUND('',#872,.T.);
#937=FACE_BOUND('',#873,.T.);
#938=FACE_BOUND('',#874,.T.);
#939=FACE_BOUND('',#875,.T.);
#940=FACE_BOUND('',#876,.T.);
#941=FACE_BOUND('',#877,.T.);
#942=FACE_BOUND('',#878,.T.);
#943=FACE_BOUND('',#879,.T.);
#944=FACE_BOUND('',#880,.T.);
#945=FACE_BOUND('',#881,.T.);
#946=FACE_BOUND('',#882,.T.);
#947=FACE_BOUND('',#883,.T.);
#948=FACE_BOUND('',#884,.T.);
#949=PLANE('',#1042);
#950=PLANE('',#1046);
#951=PLANE('',#1047);
#952=PLANE('',#1059);
#953=PLANE('',#1064);
#954=PLANE('',#1070);
#955=PLANE('',#1071);
#956=PLANE('',#1073);
#957=PLANE('',#1076);
#958=PLANE('',#1077);
#959=PLANE('',#1092);
#960=PLANE('',#1096);
#961=PLANE('',#1101);
#962=PLANE('',#1102);
#963=PLANE('',#1104);
#964=PLANE('',#1121);
#965=PLANE('',#1122);
#966=PLANE('',#1123);
#967=PLANE('',#1124);
#968=PLANE('',#1126);
#969=PLANE('',#1131);
#970=PLANE('',#1132);
#971=ADVANCED_FACE('',(#885),#949,.T.);
#972=ADVANCED_FACE('',(#886),#115,.T.);
#973=ADVANCED_FACE('',(#887),#116,.F.);
#974=ADVANCED_FACE('',(#888),#117,.T.);
#975=ADVANCED_FACE('',(#889),#118,.T.);
#976=ADVANCED_FACE('',(#890),#950,.F.);
#977=ADVANCED_FACE('',(#891),#951,.F.);
#978=ADVANCED_FACE('',(#892),#22,.T.);
#979=ADVANCED_FACE('',(#893),#23,.T.);
#980=ADVANCED_FACE('',(#894),#24,.T.);
#981=ADVANCED_FACE('',(#895),#25,.T.);
#982=ADVANCED_FACE('',(#896),#26,.T.);
#983=ADVANCED_FACE('',(#897,#898),#952,.T.);
#984=ADVANCED_FACE('',(#899,#900),#953,.T.);
#985=ADVANCED_FACE('',(#901),#954,.F.);
#986=ADVANCED_FACE('',(#902),#955,.F.);
#987=ADVANCED_FACE('',(#903),#956,.F.);
#988=ADVANCED_FACE('',(#904),#957,.F.);
#989=ADVANCED_FACE('',(#905),#958,.F.);
#990=ADVANCED_FACE('',(#906),#27,.F.);
#991=ADVANCED_FACE('',(#907),#28,.T.);
#992=ADVANCED_FACE('',(#908),#29,.T.);
#993=ADVANCED_FACE('',(#909),#30,.F.);
#994=ADVANCED_FACE('',(#910),#31,.T.);
#995=ADVANCED_FACE('',(#911),#32,.F.);
#996=ADVANCED_FACE('',(#912,#913),#33,.F.);
#997=ADVANCED_FACE('',(#914),#34,.F.);
#998=ADVANCED_FACE('',(#915,#916),#959,.T.);
#999=ADVANCED_FACE('',(#917,#918),#960,.T.);
#1000=ADVANCED_FACE('',(#919,#920),#35,.F.);
#1001=ADVANCED_FACE('',(#921),#961,.T.);
#1002=ADVANCED_FACE('',(#922),#962,.T.);
#1003=ADVANCED_FACE('',(#923),#963,.T.);
#1004=ADVANCED_FACE('',(#924),#36,.T.);
#1005=ADVANCED_FACE('',(#925),#119,.T.);
#1006=ADVANCED_FACE('',(#926),#37,.T.);
#1007=ADVANCED_FACE('',(#927),#120,.F.);
#1008=ADVANCED_FACE('',(#928),#121,.F.);
#1009=ADVANCED_FACE('',(#929),#38,.F.);
#1010=ADVANCED_FACE('',(#930),#122,.T.);
#1011=ADVANCED_FACE('',(#931),#39,.T.);
#1012=ADVANCED_FACE('',(#932),#123,.F.);
#1013=ADVANCED_FACE('',(#933),#40,.T.);
#1014=ADVANCED_FACE('',(#934),#124,.T.);
#1015=ADVANCED_FACE('',(#935),#41,.T.);
#1016=ADVANCED_FACE('',(#936),#42,.T.);
#1017=ADVANCED_FACE('',(#937),#964,.F.);
#1018=ADVANCED_FACE('',(#938),#965,.T.);
#1019=ADVANCED_FACE('',(#939),#966,.F.);
#1020=ADVANCED_FACE('',(#940),#967,.F.);
#1021=ADVANCED_FACE('',(#941),#968,.F.);
#1022=ADVANCED_FACE('',(#942),#125,.F.);
#1023=ADVANCED_FACE('',(#943),#43,.F.);
#1024=ADVANCED_FACE('',(#944),#126,.F.);
#1025=ADVANCED_FACE('',(#945),#44,.T.);
#1026=ADVANCED_FACE('',(#946),#45,.T.);
#1027=ADVANCED_FACE('',(#947),#969,.F.);
#1028=ADVANCED_FACE('',(#948),#970,.F.);
#1029=CLOSED_SHELL('',(#971,#972,#973,#974,#975,#976,#977,#978,#979,#980,
#981,#982,#983,#984,#985,#986,#987,#988,#989,#990,#991,#992,#993,#994,#995,
#996,#997,#998,#999,#1000,#1001,#1002,#1003,#1004,#1005,#1006,#1007,#1008,
#1009,#1010,#1011,#1012,#1013,#1014,#1015,#1016,#1017,#1018,#1019,#1020,
#1021,#1022,#1023,#1024,#1025,#1026,#1027,#1028));
#1030=STYLED_ITEM('',(#1031),#1038);
#1031=PRESENTATION_STYLE_ASSIGNMENT((#1032));
#1032=SURFACE_STYLE_USAGE(.BOTH.,#1033);
#1033=SURFACE_SIDE_STYLE('',(#1034));
#1034=SURFACE_STYLE_FILL_AREA(#1035);
#1035=FILL_AREA_STYLE('',(#1036));
#1036=FILL_AREA_STYLE_COLOUR('',#1037);
#1037=COLOUR_RGB('',0.796078431372549,0.823529411764706,0.937254901960784);
#1038=MANIFOLD_SOLID_BREP('Proximal Phalanx Bone_V02',#1029);
#1039=SHAPE_DEFINITION_REPRESENTATION(#2037,#1040);
#1040=SHAPE_REPRESENTATION('Proximal Phalanx Bone_V02',(#1041),#2032);
#1041=AXIS2_PLACEMENT_3D('',#1389,#1133,#1134);
#1042=AXIS2_PLACEMENT_3D('',#1390,#1135,#1136);
#1043=AXIS2_PLACEMENT_3D('',#1460,#1141,#1142);
#1044=AXIS2_PLACEMENT_3D('',#1467,#1143,#1144);
#1045=AXIS2_PLACEMENT_3D('',#1545,#1145,#1146);
#1046=AXIS2_PLACEMENT_3D('',#1546,#1147,#1148);
#1047=AXIS2_PLACEMENT_3D('',#1559,#1155,#1156);
#1048=AXIS2_PLACEMENT_3D('',#1569,#1162,#1163);
#1049=AXIS2_PLACEMENT_3D('',#1588,#1167,#1168);
#1050=AXIS2_PLACEMENT_3D('',#1591,#1170,#1171);
#1051=AXIS2_PLACEMENT_3D('',#1592,#1172,#1173);
#1052=AXIS2_PLACEMENT_3D('',#1600,#1175,#1176);
#1053=AXIS2_PLACEMENT_3D('',#1603,#1178,#1179);
#1054=AXIS2_PLACEMENT_3D('',#1634,#1184,#1185);
#1055=AXIS2_PLACEMENT_3D('',#1635,#1186,#1187);
#1056=AXIS2_PLACEMENT_3D('',#1640,#1189,#1190);
#1057=AXIS2_PLACEMENT_3D('',#1645,#1191,#1192);
#1058=AXIS2_PLACEMENT_3D('',#1660,#1194,#1195);
#1059=AXIS2_PLACEMENT_3D('',#1675,#1197,#1198);
#1060=AXIS2_PLACEMENT_3D('',#1676,#1199,#1200);
#1061=AXIS2_PLACEMENT_3D('',#1680,#1202,#1203);
#1062=AXIS2_PLACEMENT_3D('',#1681,#1204,#1205);
#1063=AXIS2_PLACEMENT_3D('',#1685,#1207,#1208);
#1064=AXIS2_PLACEMENT_3D('',#1686,#1209,#1210);
#1065=AXIS2_PLACEMENT_3D('',#1687,#1211,#1212);
#1066=AXIS2_PLACEMENT_3D('',#1689,#1213,#1214);
#1067=AXIS2_PLACEMENT_3D('',#1695,#1217,#1218);
#1068=AXIS2_PLACEMENT_3D('',#1707,#1221,#1222);
#1069=AXIS2_PLACEMENT_3D('',#1711,#1224,#1225);
#1070=AXIS2_PLACEMENT_3D('',#1712,#1226,#1227);
#1071=AXIS2_PLACEMENT_3D('',#1740,#1237,#1238);
#1072=AXIS2_PLACEMENT_3D('',#1746,#1242,#1243);
#1073=AXIS2_PLACEMENT_3D('',#1747,#1244,#1245);
#1074=AXIS2_PLACEMENT_3D('',#1751,#1247,#1248);
#1075=AXIS2_PLACEMENT_3D('',#1752,#1249,#1250);
#1076=AXIS2_PLACEMENT_3D('',#1754,#1252,#1253);
#1077=AXIS2_PLACEMENT_3D('',#1758,#1256,#1257);
#1078=AXIS2_PLACEMENT_3D('',#1759,#1258,#1259);
#1079=AXIS2_PLACEMENT_3D('',#1760,#1260,#1261);
#1080=AXIS2_PLACEMENT_3D('',#1763,#1263,#1264);
#1081=AXIS2_PLACEMENT_3D('',#1765,#1266,#1267);
#1082=AXIS2_PLACEMENT_3D('',#1780,#1269,#1270);
#1083=AXIS2_PLACEMENT_3D('',#1795,#1272,#1273);
#1084=AXIS2_PLACEMENT_3D('',#1801,#1274,#1275);
#1085=AXIS2_PLACEMENT_3D('',#1802,#1276,#1277);
#1086=AXIS2_PLACEMENT_3D('',#1803,#1278,#1279);
#1087=AXIS2_PLACEMENT_3D('',#1804,#1280,#1281);
#1088=AXIS2_PLACEMENT_3D('',#1810,#1282,#1283);
#1089=AXIS2_PLACEMENT_3D('',#1816,#1285,#1286);
#1090=AXIS2_PLACEMENT_3D('',#1817,#1287,#1288);
#1091=AXIS2_PLACEMENT_3D('',#1818,#1289,#1290);
#1092=AXIS2_PLACEMENT_3D('',#1819,#1291,#1292);
#1093=AXIS2_PLACEMENT_3D('',#1820,#1293,#1294);
#1094=AXIS2_PLACEMENT_3D('',#1821,#1295,#1296);
#1095=AXIS2_PLACEMENT_3D('',#1822,#1297,#1298);
#1096=AXIS2_PLACEMENT_3D('',#1824,#1299,#1300);
#1097=AXIS2_PLACEMENT_3D('',#1829,#1304,#1305);
#1098=AXIS2_PLACEMENT_3D('',#1830,#1306,#1307);
#1099=AXIS2_PLACEMENT_3D('',#1832,#1309,#1310);
#1100=AXIS2_PLACEMENT_3D('',#1834,#1311,#1312);
#1101=AXIS2_PLACEMENT_3D('',#1835,#1313,#1314);
#1102=AXIS2_PLACEMENT_3D('',#1837,#1316,#1317);
#1103=AXIS2_PLACEMENT_3D('',#1843,#1320,#1321);
#1104=AXIS2_PLACEMENT_3D('',#1844,#1322,#1323);
#1105=AXIS2_PLACEMENT_3D('',#1850,#1326,#1327);
#1106=AXIS2_PLACEMENT_3D('',#1851,#1328,#1329);
#1107=AXIS2_PLACEMENT_3D('',#1852,#1330,#1331);
#1108=AXIS2_PLACEMENT_3D('',#1853,#1332,#1333);
#1109=AXIS2_PLACEMENT_3D('',#1883,#1334,#1335);
#1110=AXIS2_PLACEMENT_3D('',#1900,#1336,#1337);
#1111=AXIS2_PLACEMENT_3D('',#1916,#1338,#1339);
#1112=AXIS2_PLACEMENT_3D('',#1917,#1340,#1341);
#1113=AXIS2_PLACEMENT_3D('',#1947,#1342,#1343);
#1114=AXIS2_PLACEMENT_3D('',#1948,#1344,#1345);
#1115=AXIS2_PLACEMENT_3D('',#1949,#1346,#1347);
#1116=AXIS2_PLACEMENT_3D('',#1967,#1348,#1349);
#1117=AXIS2_PLACEMENT_3D('',#1968,#1350,#1351);
#1118=AXIS2_PLACEMENT_3D('',#1984,#1352,#1353);
#1119=AXIS2_PLACEMENT_3D('',#1985,#1354,#1355);
#1120=AXIS2_PLACEMENT_3D('',#1986,#1356,#1357);
#1121=AXIS2_PLACEMENT_3D('',#1989,#1360,#1361);
#1122=AXIS2_PLACEMENT_3D('',#1990,#1362,#1363);
#1123=AXIS2_PLACEMENT_3D('',#1991,#1364,#1365);
#1124=AXIS2_PLACEMENT_3D('',#1997,#1370,#1371);
#1125=AXIS2_PLACEMENT_3D('',#1998,#1372,#1373);
#1126=AXIS2_PLACEMENT_3D('',#1999,#1374,#1375);
#1127=AXIS2_PLACEMENT_3D('',#2000,#1376,#1377);
#1128=AXIS2_PLACEMENT_3D('',#2013,#1378,#1379);
#1129=AXIS2_PLACEMENT_3D('',#2026,#1380,#1381);
#1130=AXIS2_PLACEMENT_3D('',#2027,#1382,#1383);
#1131=AXIS2_PLACEMENT_3D('',#2028,#1384,#1385);
#1132=AXIS2_PLACEMENT_3D('',#2030,#1387,#1388);
#1133=DIRECTION('',(0.,0.,1.));
#1134=DIRECTION('',(1.,0.,0.));
#1135=DIRECTION('',(0.,0.,1.));
#1136=DIRECTION('',(0.,-1.,0.));
#1137=DIRECTION('',(-1.,0.,0.));
#1138=DIRECTION('',(0.,-1.,0.));
#1139=DIRECTION('',(-1.,0.,0.));
#1140=DIRECTION('',(0.,-1.,0.));
#1141=DIRECTION('',(-0.41108326242176,-0.813646792357318,-0.411083262421775));
#1142=DIRECTION('',(0.,0.450948062654581,-0.892550191747265));
#1143=DIRECTION('',(1.,0.,0.));
#1144=DIRECTION('',(0.,1.,0.));
#1145=DIRECTION('',(1.,0.,0.));
#1146=DIRECTION('',(0.,1.,0.));
#1147=DIRECTION('',(-1.,0.,1.22876246215024E-16));
#1148=DIRECTION('',(-1.22876246215024E-16,0.,-1.));
#1149=DIRECTION('',(0.,-1.,0.));
#1150=DIRECTION('',(1.22876246215024E-16,0.,1.));
#1151=DIRECTION('',(0.,1.,0.));
#1152=DIRECTION('',(-1.22876246215024E-16,0.,-1.));
#1153=DIRECTION('',(0.,-1.,0.));
#1154=DIRECTION('',(-1.22876246215024E-16,0.,-1.));
#1155=DIRECTION('',(-1.,0.,0.));
#1156=DIRECTION('',(0.,-1.,0.));
#1157=DIRECTION('',(0.,1.,0.));
#1158=DIRECTION('',(0.,0.,1.));
#1159=DIRECTION('',(0.,1.,0.));
#1160=DIRECTION('',(0.,0.,1.));
#1161=DIRECTION('',(0.,1.,0.));
#1162=DIRECTION('',(-1.,0.,0.));
#1163=DIRECTION('',(0.,-1.,0.));
#1164=DIRECTION('',(-1.,0.,0.));
#1165=DIRECTION('',(-1.,0.,0.));
#1166=DIRECTION('',(-1.,0.,0.));
#1167=DIRECTION('',(-0.703287048016639,0.,-0.710905991036819));
#1168=DIRECTION('',(-0.710905991036819,0.,0.703287048016639));
#1169=DIRECTION('',(-1.,0.,0.));
#1170=DIRECTION('',(-0.703287048016639,0.,0.710905991036819));
#1171=DIRECTION('',(-0.710905991036819,0.,-0.703287048016639));
#1172=DIRECTION('',(-1.,0.,0.));
#1173=DIRECTION('',(0.,-1.,0.));
#1174=DIRECTION('',(-1.,0.,0.));
#1175=DIRECTION('',(-0.703287048016639,0.,0.710905991036819));
#1176=DIRECTION('',(-0.710905991036819,0.,-0.703287048016639));
#1177=DIRECTION('',(-1.,0.,0.));
#1178=DIRECTION('',(-0.703287048016639,0.,-0.710905991036819));
#1179=DIRECTION('',(-0.710905991036819,0.,0.703287048016639));
#1180=DIRECTION('',(-1.,0.,0.));
#1181=DIRECTION('',(-1.,0.,0.));
#1182=DIRECTION('',(-1.,0.,0.));
#1183=DIRECTION('',(-1.,0.,0.));
#1184=DIRECTION('',(0.,1.,0.));
#1185=DIRECTION('',(-1.,0.,0.));
#1186=DIRECTION('',(0.,-1.,0.));
#1187=DIRECTION('',(1.,0.,0.));
#1188=DIRECTION('',(0.,1.,0.));
#1189=DIRECTION('',(0.,1.,0.));
#1190=DIRECTION('',(-1.,0.,0.));
#1191=DIRECTION('',(-1.,0.,0.));
#1192=DIRECTION('',(0.,-1.,0.));
#1193=DIRECTION('',(-1.,0.,0.));
#1194=DIRECTION('',(-1.,0.,0.));
#1195=DIRECTION('',(0.,-1.,0.));
#1196=DIRECTION('',(-1.,0.,0.));
#1197=DIRECTION('',(0.,1.,0.));
#1198=DIRECTION('',(-1.,0.,0.));
#1199=DIRECTION('',(0.,1.,0.));
#1200=DIRECTION('',(-1.,0.,0.));
#1201=DIRECTION('',(1.22876246215024E-16,0.,-1.));
#1202=DIRECTION('',(0.,-1.,0.));
#1203=DIRECTION('',(1.,0.,0.));
#1204=DIRECTION('',(0.,-1.,0.));
#1205=DIRECTION('',(1.,0.,0.));
#1206=DIRECTION('',(1.,0.,0.));
#1207=DIRECTION('',(0.,1.,0.));
#1208=DIRECTION('',(-1.,0.,0.));
#1209=DIRECTION('',(0.,-1.,0.));
#1210=DIRECTION('',(-1.,0.,0.));
#1211=DIRECTION('',(0.,-1.,0.));
#1212=DIRECTION('',(1.,0.,0.));
#1213=DIRECTION('',(0.,-1.,0.));
#1214=DIRECTION('',(1.,0.,0.));
#1215=DIRECTION('',(1.22876246215024E-16,0.,-1.));
#1216=DIRECTION('',(1.,0.,0.));
#1217=DIRECTION('',(0.,-1.,0.));
#1218=DIRECTION('',(1.,0.,0.));
#1219=DIRECTION('',(-0.707106781186548,0.,0.707106781186547));
#1220=DIRECTION('',(1.,0.,0.));
#1221=DIRECTION('',(0.,1.,0.));
#1222=DIRECTION('',(-1.,0.,0.));
#1223=DIRECTION('',(1.,0.,0.));
#1224=DIRECTION('',(0.,-1.,0.));
#1225=DIRECTION('',(1.,0.,0.));
#1226=DIRECTION('',(0.,0.,1.));
#1227=DIRECTION('',(0.,-1.,0.));
#1228=DIRECTION('',(0.,-1.,0.));
#1229=DIRECTION('',(0.,-1.,0.));
#1230=DIRECTION('',(0.,-1.,0.));
#1231=DIRECTION('',(1.,0.,0.));
#1232=DIRECTION('',(0.,-1.,0.));
#1233=DIRECTION('',(0.,-1.,0.));
#1234=DIRECTION('',(-1.,0.,0.));
#1235=DIRECTION('',(0.,-1.,0.));
#1236=DIRECTION('',(-1.,0.,0.));
#1237=DIRECTION('',(0.,-1.,0.));
#1238=DIRECTION('',(1.,0.,0.));
#1239=DIRECTION('',(1.22876246215024E-16,0.,-1.));
#1240=DIRECTION('',(1.,0.,0.));
#1241=DIRECTION('',(-0.707106781186548,0.,0.707106781186547));
#1242=DIRECTION('',(0.,-1.,0.));
#1243=DIRECTION('',(1.,0.,0.));
#1244=DIRECTION('',(0.,1.,0.));
#1245=DIRECTION('',(-1.,0.,0.));
#1246=DIRECTION('',(0.,0.,1.));
#1247=DIRECTION('',(0.,1.,0.));
#1248=DIRECTION('',(-1.,0.,0.));
#1249=DIRECTION('',(0.,-1.,0.));
#1250=DIRECTION('',(1.,0.,0.));
#1251=DIRECTION('',(1.,0.,0.));
#1252=DIRECTION('',(0.,0.,-1.));
#1253=DIRECTION('',(0.,1.,0.));
#1254=DIRECTION('',(0.,1.,0.));
#1255=DIRECTION('',(1.,0.,0.));
#1256=DIRECTION('',(0.,-1.,0.));
#1257=DIRECTION('',(1.,0.,0.));
#1258=DIRECTION('',(0.,-1.,0.));
#1259=DIRECTION('',(1.,0.,0.));
#1260=DIRECTION('',(0.,1.,0.));
#1261=DIRECTION('',(-1.,0.,0.));
#1262=DIRECTION('',(0.,0.,1.));
#1263=DIRECTION('',(0.,1.,0.));
#1264=DIRECTION('',(-1.,0.,0.));
#1265=DIRECTION('',(0.,1.,0.));
#1266=DIRECTION('',(-1.,0.,0.));
#1267=DIRECTION('',(0.,-1.,0.));
#1268=DIRECTION('',(-1.,0.,0.));
#1269=DIRECTION('',(-1.,0.,0.));
#1270=DIRECTION('',(0.,-1.,0.));
#1271=DIRECTION('',(-1.,0.,0.));
#1272=DIRECTION('',(0.,-1.,0.));
#1273=DIRECTION('',(1.,0.,0.));
#1274=DIRECTION('',(0.,-1.,0.));
#1275=DIRECTION('',(1.,0.,0.));
#1276=DIRECTION('',(0.,1.,0.));
#1277=DIRECTION('',(-1.,0.,0.));
#1278=DIRECTION('',(0.,1.,0.));
#1279=DIRECTION('',(-1.,0.,0.));
#1280=DIRECTION('',(0.,-1.,0.));
#1281=DIRECTION('',(1.,0.,0.));
#1282=DIRECTION('',(0.,-1.,0.));
#1283=DIRECTION('',(1.,0.,0.));
#1284=DIRECTION('',(0.,1.,0.));
#1285=DIRECTION('',(0.,1.,0.));
#1286=DIRECTION('',(-1.,0.,0.));
#1287=DIRECTION('',(0.,1.,0.));
#1288=DIRECTION('',(-1.,0.,0.));
#1289=DIRECTION('',(0.,-1.,0.));
#1290=DIRECTION('',(1.,0.,0.));
#1291=DIRECTION('',(0.,1.,0.));
#1292=DIRECTION('',(1.,0.,0.));
#1293=DIRECTION('',(0.,1.,0.));
#1294=DIRECTION('',(-1.,0.,0.));
#1295=DIRECTION('',(0.,1.,0.));
#1296=DIRECTION('',(-1.,0.,0.));
#1297=DIRECTION('',(0.,-1.,0.));
#1298=DIRECTION('',(1.,0.,0.));
#1299=DIRECTION('',(0.,-1.,0.));
#1300=DIRECTION('',(1.,0.,0.));
#1301=DIRECTION('',(0.707106781186548,0.,0.707106781186547));
#1302=DIRECTION('',(-1.22464679914735E-16,0.,-1.));
#1303=DIRECTION('',(0.707106781186548,0.,0.707106781186547));
#1304=DIRECTION('',(0.,1.,0.));
#1305=DIRECTION('',(-1.,0.,0.));
#1306=DIRECTION('',(0.,1.,0.));
#1307=DIRECTION('',(-1.,0.,0.));
#1308=DIRECTION('',(1.,0.,0.));
#1309=DIRECTION('',(0.,-1.,0.));
#1310=DIRECTION('',(1.,0.,0.));
#1311=DIRECTION('',(0.,1.,0.));
#1312=DIRECTION('',(-1.,0.,0.));
#1313=DIRECTION('',(-1.,0.,0.));
#1314=DIRECTION('',(0.,-1.,0.));
#1315=DIRECTION('',(0.,-1.,0.));
#1316=DIRECTION('',(0.707106781186547,0.,0.707106781186548));
#1317=DIRECTION('',(-0.707106781186548,0.,0.707106781186547));
#1318=DIRECTION('',(-0.707106781186548,0.,0.707106781186547));
#1319=DIRECTION('',(0.,-1.,0.));
#1320=DIRECTION('',(0.707106781186547,0.,0.707106781186548));
#1321=DIRECTION('',(-0.707106781186548,0.,0.707106781186547));
#1322=DIRECTION('',(0.707106781186547,0.,0.707106781186548));
#1323=DIRECTION('',(-0.707106781186548,0.,0.707106781186547));
#1324=DIRECTION('',(0.,-1.,0.));
#1325=DIRECTION('',(-0.707106781186548,0.,0.707106781186547));
#1326=DIRECTION('',(0.707106781186547,0.,0.707106781186548));
#1327=DIRECTION('',(-0.707106781186548,0.,0.707106781186547));
#1328=DIRECTION('',(0.,1.,0.));
#1329=DIRECTION('',(-1.,0.,0.));
#1330=DIRECTION('',(0.,-1.,0.));
#1331=DIRECTION('',(1.,0.,0.));
#1332=DIRECTION('',(-0.5,0.707106781186548,0.5));
#1333=DIRECTION('',(0.5,0.707106781186548,-0.5));
#1334=DIRECTION('',(0.707106781186548,0.,-0.707106781186547));
#1335=DIRECTION('',(0.707106781186547,0.,0.707106781186548));
#1336=DIRECTION('',(0.411083262421779,-0.81364679235731,-0.411083262421771));
#1337=DIRECTION('',(0.892550191747262,0.450948062654588,0.));
#1338=DIRECTION('',(-1.,0.,0.));
#1339=DIRECTION('',(0.,-1.,0.));
#1340=DIRECTION('',(-1.,0.,0.));
#1341=DIRECTION('',(0.,-1.,0.));
#1342=DIRECTION('',(0.,-1.,0.));
#1343=DIRECTION('',(1.,0.,0.));
#1344=DIRECTION('',(0.,1.,0.));
#1345=DIRECTION('',(-1.,0.,0.));
#1346=DIRECTION('',(-0.5,-0.707106781186548,0.5));
#1347=DIRECTION('',(-0.5,0.707106781186548,0.5));
#1348=DIRECTION('',(-0.707106781186548,0.,0.707106781186547));
#1349=DIRECTION('',(-0.707106781186547,0.,-0.707106781186548));
#1350=DIRECTION('',(-0.707106781186548,0.,0.707106781186548));
#1351=DIRECTION('',(-0.707106781186548,0.,-0.707106781186548));
#1352=DIRECTION('',(-1.,0.,0.));
#1353=DIRECTION('',(0.,-1.,0.));
#1354=DIRECTION('',(-1.,0.,0.));
#1355=DIRECTION('',(0.,-1.,0.));
#1356=DIRECTION('',(0.,-1.,0.));
#1357=DIRECTION('',(1.,0.,0.));
#1358=DIRECTION('',(0.,-1.,0.));
#1359=DIRECTION('',(0.,-1.,0.));
#1360=DIRECTION('',(0.,0.,-1.));
#1361=DIRECTION('',(0.,1.,0.));
#1362=DIRECTION('',(-1.,0.,-1.22876246215024E-16));
#1363=DIRECTION('',(1.22876246215024E-16,0.,-1.));
#1364=DIRECTION('',(0.,-1.,0.));
#1365=DIRECTION('',(-1.,0.,0.));
#1366=DIRECTION('',(0.707106781186548,0.,0.707106781186547));
#1367=DIRECTION('',(-1.22464679914735E-16,0.,-1.));
#1368=DIRECTION('',(0.707106781186548,0.,0.707106781186547));
#1369=DIRECTION('',(1.,0.,0.));
#1370=DIRECTION('',(0.707106781186547,0.,-0.707106781186548));
#1371=DIRECTION('',(0.707106781186548,0.,0.707106781186547));
#1372=DIRECTION('',(0.707106781186547,0.,-0.707106781186548));
#1373=DIRECTION('',(-0.707106781186548,0.,-0.707106781186547));
#1374=DIRECTION('',(0.707106781186547,0.,-0.707106781186548));
#1375=DIRECTION('',(0.707106781186548,0.,0.707106781186547));
#1376=DIRECTION('',(0.707106781186547,0.,-0.707106781186548));
#1377=DIRECTION('',(-0.707106781186548,0.,-0.707106781186547));
#1378=DIRECTION('',(-1.,0.,0.));
#1379=DIRECTION('',(0.,-1.,0.));
#1380=DIRECTION('',(-1.,0.,0.));
#1381=DIRECTION('',(0.,-1.,0.));
#1382=DIRECTION('',(0.,-1.,0.));
#1383=DIRECTION('',(1.,0.,0.));
#1384=DIRECTION('',(-1.,0.,1.22464679914735E-16));
#1385=DIRECTION('',(-1.22464679914735E-16,0.,-1.));
#1386=DIRECTION('',(0.,-1.,0.));
#1387=DIRECTION('',(0.707106781186547,0.,-0.707106781186548));
#1388=DIRECTION('',(0.707106781186548,0.,0.707106781186547));
#1389=CARTESIAN_POINT('',(0.,0.,0.));
#1390=CARTESIAN_POINT('',(0.0418,0.0047,0.));
#1391=CARTESIAN_POINT('',(0.0418,0.0047,0.));
#1392=CARTESIAN_POINT('',(0.0418,0.0047,0.));
#1393=CARTESIAN_POINT('',(0.0412,0.0047,-1.73472347597681E-18));
#1394=CARTESIAN_POINT('',(0.0412,0.,-1.73472347597681E-18));
#1395=CARTESIAN_POINT('',(0.0412,-0.0047,-1.73472347597681E-18));
#1396=CARTESIAN_POINT('',(0.0418,-0.0047,0.));
#1397=CARTESIAN_POINT('',(0.0418,-0.0047,0.));
#1398=CARTESIAN_POINT('',(0.0418,0.0047,0.));
#1399=CARTESIAN_POINT('',(0.0493568487808632,0.00313562219651562,-0.0075));
#1400=CARTESIAN_POINT('',(0.0491938631775513,0.00313313109592136,-0.0075));
#1401=CARTESIAN_POINT('',(0.0493121270588471,0.00313493866185963,-0.00738783539080739));
#1402=CARTESIAN_POINT('',(0.0493579145579133,0.00306586780398113,-0.0075));
#1403=CARTESIAN_POINT('',(0.0492304883468165,0.00309199283012716,-0.00749999999999951));
#1404=CARTESIAN_POINT('',(0.0493042649893752,0.00307005840044452,-0.00739623052434794));
#1405=CARTESIAN_POINT('',(0.0493410327225466,0.00292786772094386,-0.0075));
#1406=CARTESIAN_POINT('',(0.0492538348472793,0.00296022824223098,-0.00750000000011087));
#1407=CARTESIAN_POINT('',(0.0492791929031932,0.00293797248838409,-0.00741286143791522));
#1408=CARTESIAN_POINT('',(0.0492884212239822,0.0026548057691715,-0.0075));
#1409=CARTESIAN_POINT('',(0.0492372894595153,0.00269303863962184,-0.00749999999957524));
#1410=CARTESIAN_POINT('',(0.0492228562955099,0.00267001436751232,-0.00744289242155596));
#1411=CARTESIAN_POINT('',(0.0492068247512951,0.00231715761599717,-0.0075));
#1412=CARTESIAN_POINT('',(0.0491776823362817,0.00234315318183614,-0.0075000000028789));
#1413=CARTESIAN_POINT('',(0.0491519728530323,0.00233037518006662,-0.00747297756611062));
#1414=CARTESIAN_POINT('',(0.0491136511318575,0.00191095978629726,-0.0075));
#1415=CARTESIAN_POINT('',(0.0490997690770726,0.00192212171621773,-0.00749999999044789));
#1416=CARTESIAN_POINT('',(0.0490832652482897,0.00191695906953987,-0.00749509838160448));
#1417=CARTESIAN_POINT('',(0.04906356693468,0.00163723985476021,-0.0075));
#1418=CARTESIAN_POINT('',(0.0490584442361322,0.00163799143280785,-0.00750000002016411));
#1419=CARTESIAN_POINT('',(0.0490533215259818,0.00163874290675404,-0.0075));
#1420=CARTESIAN_POINT('',(0.0490430761184458,0.0015,-0.0075));
#1421=CARTESIAN_POINT('',(0.0490430761184458,0.0015,-0.0075));
#1422=CARTESIAN_POINT('',(0.0490430761184458,0.0015,-0.0075));
#1423=CARTESIAN_POINT('',(0.0493109619407771,0.00312563417595993,-0.00738903805922288));
#1424=CARTESIAN_POINT('',(0.0492759199825035,0.00285423057263695,-0.00742408001749658));
#1425=CARTESIAN_POINT('',(0.0491357093482369,0.00232305911594308,-0.0074807503222985));
#1426=CARTESIAN_POINT('',(0.0490635432011314,0.00177478622960239,-0.0075));
#1427=CARTESIAN_POINT('',(0.0490430761184458,0.0015,-0.0075));
#1428=CARTESIAN_POINT('',(0.0493109619407771,0.00312563417595993,-0.00738903805922288));
#1429=CARTESIAN_POINT('',(0.0490430761184458,0.0015,-0.0075));
#1430=CARTESIAN_POINT('',(0.0492,0.00228447247951529,-0.0075));
#1431=CARTESIAN_POINT('',(0.0492,0.00257124592102668,-0.00750000000000001));
#1432=CARTESIAN_POINT('',(0.0492584161405934,0.00284902956545737,-0.00744158385940653));
#1433=CARTESIAN_POINT('',(0.0493109619407771,0.00312563417595994,-0.00738903805922287));
#1434=CARTESIAN_POINT('',(0.0491999999999993,0.00228447247951281,-0.0075));
#1435=CARTESIAN_POINT('',(0.0491999999999994,0.00228447247951279,-0.0075));
#1436=CARTESIAN_POINT('',(0.0491392736747445,0.00202471782818714,-0.0075));
#1437=CARTESIAN_POINT('',(0.0490824161278018,0.00176348472938652,-0.0075));
#1438=CARTESIAN_POINT('',(0.0490430761184458,0.0015,-0.0075));
#1439=CARTESIAN_POINT('',(0.0499462714424221,0.00433429513602638,-0.00678836185239789));
#1440=CARTESIAN_POINT('',(0.0499462714424221,0.00430000000000001,-0.00680674231499517));
#1441=CARTESIAN_POINT('',(0.0499462714424221,0.0043,-0.00684565243913218));
#1442=CARTESIAN_POINT('',(0.0498949555607142,0.00433429459628077,-0.0067883621416743));
#1443=CARTESIAN_POINT('',(0.0499009936930665,0.00429183751397191,-0.00681111699648811));
#1444=CARTESIAN_POINT('',(0.0499077844580121,0.00430000000000001,-0.00685848162894548));
#1445=CARTESIAN_POINT('',(0.0497966268458528,0.0043076415619555,-0.00680270828107939));
#1446=CARTESIAN_POINT('',(0.0498124862778706,0.00424440574226852,-0.00683634472730408));
#1447=CARTESIAN_POINT('',(0.0498304126992184,0.00428652870590665,-0.00689394015211564));
#1448=CARTESIAN_POINT('',(0.0497157736615478,0.00424683330218071,-0.00683451327216203));
#1449=CARTESIAN_POINT('',(0.0497955459043322,0.00416856348201683,-0.00687446150862297));
#1450=CARTESIAN_POINT('',(0.0497617349258127,0.00425579532574562,-0.00693826507418589));
#1451=CARTESIAN_POINT('',(0.0496947592054969,0.00420568837592689,-0.00685530115048392));
#1452=CARTESIAN_POINT('',(0.0498193606317431,0.00415553707691043,-0.00688063936825608));
#1453=CARTESIAN_POINT('',(0.0497407211462741,0.00423499999999971,-0.00695927885372462));
#1454=CARTESIAN_POINT('',(0.0498817313095426,0.0043,-0.00681826869045743));
#1455=CARTESIAN_POINT('',(0.0498376355928636,0.00426668954861978,-0.00686236440713644));
#1456=CARTESIAN_POINT('',(0.0497873920209559,0.00425793528507376,-0.00691260797904413));
#1457=CARTESIAN_POINT('',(0.0497407211462753,0.00423499999999925,-0.00695927885372469));
#1458=CARTESIAN_POINT('',(0.0497407211462757,0.004235,-0.00695927885372431));
#1459=CARTESIAN_POINT('',(0.0498817313095413,0.0043,-0.00681826869045707));
#1460=CARTESIAN_POINT('',(0.0496947592054986,0.004235,-0.00691331691294718));
#1461=CARTESIAN_POINT('',(0.0496947592054986,0.00420568837592745,-0.00685530115048361));
#1462=CARTESIAN_POINT('',(0.0496947592054986,0.00420568837592745,-0.00685530115048361));
#1463=CARTESIAN_POINT('',(0.0497372566879162,0.00428890110590324,-0.00681325912335982));
#1464=CARTESIAN_POINT('',(0.0498440195834095,0.00433429513602641,-0.00678836185239786));
#1465=CARTESIAN_POINT('',(0.0499462714424221,0.00433429513602638,-0.00678836185239788));
#1466=CARTESIAN_POINT('',(0.0499462714424221,0.00433429513602638,-0.00678836185239788));
#1467=CARTESIAN_POINT('',(0.0499462714424221,0.004365,-0.00684565243913219));
#1468=CARTESIAN_POINT('',(0.0499462714424221,0.0043,-0.00684565243913219));
#1469=CARTESIAN_POINT('',(0.0498817313095413,0.0043,-0.00681826869045686));
#1470=CARTESIAN_POINT('',(0.0499041517251778,0.0043,-0.00682481547298968));
#1471=CARTESIAN_POINT('',(0.0499261152955736,0.00430000000000001,-0.00683415512617212));
#1472=CARTESIAN_POINT('',(0.0499462714424221,0.0043,-0.0068456524391322));
#1473=CARTESIAN_POINT('',(0.0493121270588471,-0.00313493866185963,-0.00738783539080739));
#1474=CARTESIAN_POINT('',(0.0491938631775513,-0.00313313109592136,-0.0075));
#1475=CARTESIAN_POINT('',(0.0493568487808632,-0.00313562219651562,-0.0075));
#1476=CARTESIAN_POINT('',(0.0493042649893752,-0.00307005840044448,-0.00739623052434794));
#1477=CARTESIAN_POINT('',(0.0492304883468174,-0.00309199283012728,-0.00749999999999953));
#1478=CARTESIAN_POINT('',(0.0493579145579133,-0.00306586780398102,-0.0075));
#1479=CARTESIAN_POINT('',(0.0492791929031925,-0.00293797248838411,-0.00741286143791521));
#1480=CARTESIAN_POINT('',(0.0492538348472784,-0.00296022824223096,-0.00749999999996537));
#1481=CARTESIAN_POINT('',(0.0493410327225465,-0.00292786772094392,-0.0075));
#1482=CARTESIAN_POINT('',(0.0492228562955128,-0.00267001436751231,-0.00744289242155596));
#1483=CARTESIAN_POINT('',(0.0492372894595174,-0.00269303863962181,-0.00750000000013344));
#1484=CARTESIAN_POINT('',(0.0492884212239822,-0.00265480576917147,-0.0075));
#1485=CARTESIAN_POINT('',(0.0491519728530088,-0.0023303751800666,-0.00747297756611061));
#1486=CARTESIAN_POINT('',(0.0491776823362684,-0.00234315318183642,-0.00749999999909493));
#1487=CARTESIAN_POINT('',(0.0492068247512951,-0.00231715761599718,-0.0075));
#1488=CARTESIAN_POINT('',(0.0490832652483754,-0.00191695906953994,-0.00749509838160448));
#1489=CARTESIAN_POINT('',(0.0490997690771167,-0.00192212171621729,-0.00750000000300311));
#1490=CARTESIAN_POINT('',(0.0491136511318575,-0.00191095978629724,-0.0075));
#1491=CARTESIAN_POINT('',(0.0490533215257974,-0.00163874290675388,-0.0075));
#1492=CARTESIAN_POINT('',(0.049058444236039,-0.00163799143280806,-0.00749999999366054));
#1493=CARTESIAN_POINT('',(0.04906356693468,-0.00163723985476025,-0.0075));
#1494=CARTESIAN_POINT('',(0.0490430761184458,-0.0015,-0.0075));
#1495=CARTESIAN_POINT('',(0.0490430761184458,-0.0015,-0.0075));
#1496=CARTESIAN_POINT('',(0.0490430761184458,-0.0015,-0.0075));
#1497=CARTESIAN_POINT('',(0.0492,-0.00228447247951529,-0.0075));
#1498=CARTESIAN_POINT('',(0.0491392736747449,-0.00202471782818881,-0.0075));
#1499=CARTESIAN_POINT('',(0.0490824161278023,-0.00176348472938731,-0.0075));
#1500=CARTESIAN_POINT('',(0.0490430761184458,-0.0015,-0.0075));
#1501=CARTESIAN_POINT('',(0.0492,-0.00228447247951528,-0.0075));
#1502=CARTESIAN_POINT('',(0.0490430761184458,-0.0015,-0.0075));
#1503=CARTESIAN_POINT('',(0.0492,-0.00228447247951437,-0.0075));
#1504=CARTESIAN_POINT('',(0.0491999999999998,-0.00257134051878961,-0.00750000000000023));
#1505=CARTESIAN_POINT('',(0.0492584089202703,-0.00284899155721598,-0.00744159107972983));
#1506=CARTESIAN_POINT('',(0.0493109619407771,-0.00312563417595995,-0.00738903805922288));
#1507=CARTESIAN_POINT('',(0.0493109619407771,-0.00312563417595993,-0.00738903805922288));
#1508=CARTESIAN_POINT('',(0.0493109619407771,-0.00312563417595993,-0.00738903805922288));
#1509=CARTESIAN_POINT('',(0.0492759199825035,-0.00285423057263695,-0.00742408001749658));
#1510=CARTESIAN_POINT('',(0.0491357093482369,-0.00232305911594305,-0.0074807503222985));
#1511=CARTESIAN_POINT('',(0.0490635432011314,-0.0017747862296024,-0.0075));
#1512=CARTESIAN_POINT('',(0.0490430761184458,-0.0015,-0.0075));
#1513=CARTESIAN_POINT('',(0.049958247917969,-0.0046693344566133,-0.00659463630714928));
#1514=CARTESIAN_POINT('',(0.049958247917969,-0.0047,-0.00657555950609288));
#1515=CARTESIAN_POINT('',(0.049958247917969,-0.0047,-0.00653944441382182));
#1516=CARTESIAN_POINT('',(0.0499919465281578,-0.00467917083947681,-0.00658851716826314));
#1517=CARTESIAN_POINT('',(0.0499974251450391,-0.00470000000000008,-0.00656833630085086));
#1518=CARTESIAN_POINT('',(0.0500134069538784,-0.0047,-0.00653944404062991));
#1519=CARTESIAN_POINT('',(0.0500385015792309,-0.00467891616421821,-0.00663606762898515));
#1520=CARTESIAN_POINT('',(0.0500684529571646,-0.00469999999999992,-0.00664365561091674));
#1521=CARTESIAN_POINT('',(0.0501069047309075,-0.0047,-0.00663415765674264));
#1522=CARTESIAN_POINT('',(0.0499886606357802,-0.00464795522067719,-0.00671166716552072));
#1523=CARTESIAN_POINT('',(0.0499943070542199,-0.0047000000000001,-0.00672276869909918));
#1524=CARTESIAN_POINT('',(0.0500455233458887,-0.0047,-0.0067470562388275));
#1525=CARTESIAN_POINT('',(0.0499611388645875,-0.00463451890434003,-0.00673885516154069));
#1526=CARTESIAN_POINT('',(0.0499607991359935,-0.0047,-0.00673850948936861));
#1527=CARTESIAN_POINT('',(0.0500066992769553,-0.0047,-0.00678521265685524));
#1528=CARTESIAN_POINT('',(0.049958247917969,-0.00466933445661331,-0.00659463630714928));
#1529=CARTESIAN_POINT('',(0.0499911693368547,-0.00467894384002155,-0.0065886583828959));
#1530=CARTESIAN_POINT('',(0.05003652876464,-0.00467294236355964,-0.00665825531403));
#1531=CARTESIAN_POINT('',(0.0499852067932831,-0.00464634032036436,-0.00671479320671695));
#1532=CARTESIAN_POINT('',(0.0499621212648203,-0.004635,-0.00673787873517975));
#1533=CARTESIAN_POINT('',(0.049958247917969,-0.00466933445661331,-0.00659463630714928));
#1534=CARTESIAN_POINT('',(0.0499621212648203,-0.004635,-0.00673787873517975));
#1535=CARTESIAN_POINT('',(0.0500675275568343,-0.0047,-0.00663247244316172));
#1536=CARTESIAN_POINT('',(0.0500280781102227,-0.0046999999999998,-0.00667192188977329));
#1537=CARTESIAN_POINT('',(0.0499948972448623,-0.00466455541022856,-0.00670510275513777));
#1538=CARTESIAN_POINT('',(0.0499621212648203,-0.004635,-0.00673787873517975));
#1539=CARTESIAN_POINT('',(0.0500675275568348,-0.0047,-0.00663247244316521));
#1540=CARTESIAN_POINT('',(0.0500675275568348,-0.0047,-0.00663247244316521));
#1541=CARTESIAN_POINT('',(0.0500607508242482,-0.0047,-0.00658036569693028));
#1542=CARTESIAN_POINT('',(0.050011294690231,-0.0047,-0.00653944441382182));
#1543=CARTESIAN_POINT('',(0.049958247917969,-0.0047,-0.00653944441382184));
#1544=CARTESIAN_POINT('',(0.049958247917969,-0.0047,-0.00653944441382183));
#1545=CARTESIAN_POINT('',(0.049958247917969,-0.004635,-0.00653944441382183));
#1546=CARTESIAN_POINT('',(0.0566,0.0047,1.22876246215023E-20));
#1547=CARTESIAN_POINT('',(0.0566,0.0047,-0.000100000000000004));
#1548=CARTESIAN_POINT('',(0.0566,0.0043,-0.000100000000000003));
#1549=CARTESIAN_POINT('',(0.0566,-0.0047,-0.000100000000000003));
#1550=CARTESIAN_POINT('',(0.0566,0.0043,1.22876246215023E-20));
#1551=CARTESIAN_POINT('',(0.0566,0.0043,-0.00122065556157339));
#1552=CARTESIAN_POINT('',(0.0566,-0.0075,-0.00122065556157339));
#1553=CARTESIAN_POINT('',(0.0566,0.0047,-0.00122065556157339));
#1554=CARTESIAN_POINT('',(0.0566,0.0047,1.22876246215023E-20));
#1555=CARTESIAN_POINT('',(0.0566,0.0047,-1.01798765179123E-19));
#1556=CARTESIAN_POINT('',(0.0566,0.0047,-1.01798765179123E-19));
#1557=CARTESIAN_POINT('',(0.0566,-0.0047,-1.01798765179123E-19));
#1558=CARTESIAN_POINT('',(0.0566,-0.0047,1.22876246215023E-20));
#1559=CARTESIAN_POINT('',(0.0412,-0.0075,-1.22464679914735E-19));
#1560=CARTESIAN_POINT('',(0.0412,-0.0075,-1.22464679914735E-19));
#1561=CARTESIAN_POINT('',(0.0412,0.0075,-1.22464679914735E-19));
#1562=CARTESIAN_POINT('',(0.0412,0.0075,-1.22464679914735E-19));
#1563=CARTESIAN_POINT('',(0.0412,0.0075,0.0075));
#1564=CARTESIAN_POINT('',(0.0412,-0.0075,0.0075));
#1565=CARTESIAN_POINT('',(0.0412,-0.0075,0.0075));
#1566=CARTESIAN_POINT('',(0.0412,-0.0075,-1.22464679914735E-19));
#1567=CARTESIAN_POINT('',(0.0412,-0.0075,-1.22464679914735E-19));
#1568=CARTESIAN_POINT('',(0.0412,-0.0075,-1.22464679914735E-19));
#1569=CARTESIAN_POINT('',(0.0567,-0.0015,-0.0015));
#1570=CARTESIAN_POINT('',(0.0567,-0.00466933445661331,-0.00659463630714928));
#1571=CARTESIAN_POINT('',(0.0446711180213624,-0.00466933445661331,-0.00659463630714928));
#1572=CARTESIAN_POINT('',(0.0413418831772491,-0.0075,-0.0015));
#1573=CARTESIAN_POINT('',(0.0415634225131227,-0.0075,-0.00266058798808607));
#1574=CARTESIAN_POINT('',(0.0425238220344955,-0.0068170457360714,-0.00478047436785126));
#1575=CARTESIAN_POINT('',(0.0439550756765155,-0.00545980187547307,-0.0061028925444185));
#1576=CARTESIAN_POINT('',(0.0446711180213624,-0.00466933445661331,-0.00659463630714928));
#1577=CARTESIAN_POINT('',(0.0413418831772491,-0.0075,-0.0015));
#1578=CARTESIAN_POINT('',(0.0567,-0.0075,-0.0015));
#1579=CARTESIAN_POINT('',(0.0153581168227509,-0.0075,-0.0015));
#1580=CARTESIAN_POINT('',(0.0153581168227509,-0.0075,-0.0015));
#1581=CARTESIAN_POINT('',(0.0151365774868773,-0.0075,-0.00266058798808607));
#1582=CARTESIAN_POINT('',(0.0141761779655044,-0.0068170457360714,-0.00478047436785126));
#1583=CARTESIAN_POINT('',(0.0127449243234845,-0.00545980187547307,-0.0061028925444185));
#1584=CARTESIAN_POINT('',(0.0120288819786376,-0.00466933445661331,-0.00659463630714928));
#1585=CARTESIAN_POINT('',(0.0120288819786376,-0.00466933445661331,-0.00659463630714928));
#1586=CARTESIAN_POINT('',(0.0567,-0.00466933445661331,-0.00659463630714928));
#1587=CARTESIAN_POINT('',(0.00674175208203098,-0.00466933445661331,-0.00659463630714928));
#1588=CARTESIAN_POINT('',(0.00159192388155426,-0.0015,-0.0015));
#1589=CARTESIAN_POINT('',(0.00765692388155427,-0.0015,-0.0075));
#1590=CARTESIAN_POINT('',(0.0567,-0.0015,-0.0075));
#1591=CARTESIAN_POINT('',(0.0551080761184458,-0.0015,-0.0015));
#1592=CARTESIAN_POINT('',(0.0567,0.0015,-0.0015));
#1593=CARTESIAN_POINT('',(0.0528074515868492,0.00470000000000002,-0.0065754310161798));
#1594=CARTESIAN_POINT('',(0.0526687639421835,0.00457931952547933,-0.0066515186464195));
#1595=CARTESIAN_POINT('',(0.0525291896515363,0.00445738251846949,-0.00672239322560913));
#1596=CARTESIAN_POINT('',(0.0523887526340105,0.00433429513602636,-0.0067883618523979));
#1597=CARTESIAN_POINT('',(0.0528074515868492,0.0047,-0.00657543101617981));
#1598=CARTESIAN_POINT('',(0.0523887526340105,0.00433429513602638,-0.00678836185239788));
#1599=CARTESIAN_POINT('',(0.0567,0.00433429513602638,-0.00678836185239788));
#1600=CARTESIAN_POINT('',(0.0551080761184458,0.0015,-0.0015));
#1601=CARTESIAN_POINT('',(0.0567,0.0015,-0.0075));
#1602=CARTESIAN_POINT('',(0.00765692388155427,0.0015,-0.0075));
#1603=CARTESIAN_POINT('',(0.00159192388155426,0.0015,-0.0015));
#1604=CARTESIAN_POINT('',(0.00700524079450143,0.00420568837592745,-0.00685530115048361));
#1605=CARTESIAN_POINT('',(0.00675372855757795,0.00433429513602638,-0.00678836185239788));
#1606=CARTESIAN_POINT('',(0.00685586647557604,0.00433429513602638,-0.00678836185239788));
#1607=CARTESIAN_POINT('',(0.00696261719042651,0.00428914806000066,-0.00681313435337732));
#1608=CARTESIAN_POINT('',(0.00700524079450144,0.00420568837592746,-0.0068553011504836));
#1609=CARTESIAN_POINT('',(0.00675372855757795,0.00433429513602638,-0.00678836185239788));
#1610=CARTESIAN_POINT('',(0.0567,0.00433429513602638,-0.00678836185239788));
#1611=CARTESIAN_POINT('',(0.00431124736598946,0.00433429513602638,-0.00678836185239788));
#1612=CARTESIAN_POINT('',(0.00389254841315083,0.0047,-0.00657543101617981));
#1613=CARTESIAN_POINT('',(0.00403123605781654,0.00457931952547933,-0.0066515186464195));
#1614=CARTESIAN_POINT('',(0.00417081034846369,0.0044573825184695,-0.00672239322560913));
#1615=CARTESIAN_POINT('',(0.00431124736598946,0.00433429513602638,-0.00678836185239789));
#1616=CARTESIAN_POINT('',(0.00389254841315083,0.0047,-0.00657543101617981));
#1617=CARTESIAN_POINT('',(0.0567,0.0047,-0.00657543101617981));
#1618=CARTESIAN_POINT('',(0.0120567210745733,0.0047,-0.0065754310161798));
#1619=CARTESIAN_POINT('',(0.0153581168227509,0.0075,-0.0015));
#1620=CARTESIAN_POINT('',(0.0151380127585696,0.0075,-0.00265306896633251));
#1621=CARTESIAN_POINT('',(0.0141871155737046,0.00682585546470084,-0.00476098217086439));
#1622=CARTESIAN_POINT('',(0.0127683856847472,0.00548221572110482,-0.00608225313639859));
#1623=CARTESIAN_POINT('',(0.0120567210745733,0.0047,-0.00657543101617982));
#1624=CARTESIAN_POINT('',(0.0153581168227509,0.0075,-0.0015));
#1625=CARTESIAN_POINT('',(0.0567,0.0075,-0.0015));
#1626=CARTESIAN_POINT('',(0.0413418831772491,0.0075,-0.0015));
#1627=CARTESIAN_POINT('',(0.0413418831772491,0.0075,-0.0015));
#1628=CARTESIAN_POINT('',(0.0415619872414304,0.0075,-0.00265306896633251));
#1629=CARTESIAN_POINT('',(0.0425128844262954,0.00682585546470084,-0.00476098217086439));
#1630=CARTESIAN_POINT('',(0.0439316143152528,0.00548221572110482,-0.0060822531363986));
#1631=CARTESIAN_POINT('',(0.0446432789254267,0.0047,-0.00657543101617982));
#1632=CARTESIAN_POINT('',(0.0446432789254267,0.0047,-0.0065754310161798));
#1633=CARTESIAN_POINT('',(0.0567,0.0047,-0.00657543101617981));
#1634=CARTESIAN_POINT('',(0.0075,-0.0075,-9.18485099360515E-19));
#1635=CARTESIAN_POINT('',(0.0075,0.0043,-9.18485099360515E-19));
#1636=CARTESIAN_POINT('',(0.00443617189081968,0.0043,-0.00684565243913219));
#1637=CARTESIAN_POINT('',(0.0001,0.0043,-0.00122065556157337));
#1638=CARTESIAN_POINT('',(0.0001,-0.0075,-0.00122065556157338));
#1639=CARTESIAN_POINT('',(0.0001,0.0047,-0.00122065556157337));
#1640=CARTESIAN_POINT('',(0.0075,0.0047,-9.18485099360515E-19));
#1641=CARTESIAN_POINT('',(0.00431124736598946,0.00433429513602638,-0.00678836185239788));
#1642=CARTESIAN_POINT('',(0.00434569659142266,0.00430410177917168,-0.00680454396830865));
#1643=CARTESIAN_POINT('',(0.00439228723342012,0.0043,-0.00682601149941198));
#1644=CARTESIAN_POINT('',(0.00443617189081968,0.0043,-0.00684565243913219));
#1645=CARTESIAN_POINT('',(0.0567,-0.0015,0.0015));
#1646=CARTESIAN_POINT('',(0.00410534140870387,-0.0047,0.00657543101617981));
#1647=CARTESIAN_POINT('',(0.00435544292359783,-0.00449520886627549,0.00670454943505484));
#1648=CARTESIAN_POINT('',(0.0048623578117033,-0.00408140561035497,0.00693072057695465));
#1649=CARTESIAN_POINT('',(0.00565554567902574,-0.00346396795917809,0.00718191828085638));
#1650=CARTESIAN_POINT('',(0.00648605138854162,-0.0028710621699193,0.0073498864015289));
#1651=CARTESIAN_POINT('',(0.00750300289464778,-0.00245039311679338,0.00742515483252623));
#1652=CARTESIAN_POINT('',(0.00851501910814599,-0.00287260305530706,0.00734949234110607));
#1653=CARTESIAN_POINT('',(0.0093433762631881,-0.00346295106856052,0.00718225936413665));
#1654=CARTESIAN_POINT('',(0.0101391977380796,-0.00408268693756077,0.00693018268852625));
#1655=CARTESIAN_POINT('',(0.0106451499040285,-0.00449569429253037,0.00670424337946849));
#1656=CARTESIAN_POINT('',(0.0108946585912961,-0.0047,0.00657543101617981));
#1657=CARTESIAN_POINT('',(0.00410534140870387,-0.0047,0.0065754310161798));
#1658=CARTESIAN_POINT('',(0.0108946585912961,-0.0047,0.0065754310161798));
#1659=CARTESIAN_POINT('',(0.0567,-0.0047,0.00657543101617981));
#1660=CARTESIAN_POINT('',(0.0567,0.0015,0.0015));
#1661=CARTESIAN_POINT('',(0.0108946585912961,0.0047,0.0065754310161798));
#1662=CARTESIAN_POINT('',(0.0106445570764021,0.0044952088662755,0.00670454943505483));
#1663=CARTESIAN_POINT('',(0.0101376421882967,0.00408140561035496,0.00693072057695467));
#1664=CARTESIAN_POINT('',(0.00934445432097425,0.00346396795917807,0.00718191828085638));
#1665=CARTESIAN_POINT('',(0.00851394861145835,0.00287106216991928,0.00734988640152891));
#1666=CARTESIAN_POINT('',(0.00749699710535219,0.00245039311679338,0.00742515483252623));
#1667=CARTESIAN_POINT('',(0.006484980891854,0.00287260305530708,0.00734949234110607));
#1668=CARTESIAN_POINT('',(0.00565662373681187,0.00346295106856054,0.00718225936413664));
#1669=CARTESIAN_POINT('',(0.00486080226192037,0.00408268693756078,0.00693018268852624));
#1670=CARTESIAN_POINT('',(0.00435485009597143,0.00449569429253037,0.00670424337946849));
#1671=CARTESIAN_POINT('',(0.00410534140870387,0.0047,0.00657543101617981));
#1672=CARTESIAN_POINT('',(0.0108946585912961,0.0047,0.0065754310161798));
#1673=CARTESIAN_POINT('',(0.00410534140870387,0.0047,0.0065754310161798));
#1674=CARTESIAN_POINT('',(0.0567,0.0047,0.0065754310161798));
#1675=CARTESIAN_POINT('',(0.,0.0047,0.));
#1676=CARTESIAN_POINT('',(0.0075,0.0047,-9.18485099360515E-19));
#1677=CARTESIAN_POINT('',(0.0041,0.0047,-9.18485099360515E-19));
#1678=CARTESIAN_POINT('',(0.0001,0.0047,1.22876246215023E-20));
#1679=CARTESIAN_POINT('',(0.0001,0.0047,-1.01798765179123E-19));
#1680=CARTESIAN_POINT('',(0.0075,0.0047,-9.18485099360515E-19));
#1681=CARTESIAN_POINT('',(0.0075,0.0047,-9.18485099360515E-19));
#1682=CARTESIAN_POINT('',(0.0149,0.0047,0.));
#1683=CARTESIAN_POINT('',(0.0149,0.0047,0.));
#1684=CARTESIAN_POINT('',(0.0155,0.0047,0.));
#1685=CARTESIAN_POINT('',(0.0075,0.0047,-9.18485099360515E-19));
#1686=CARTESIAN_POINT('',(0.,-0.0047,0.));
#1687=CARTESIAN_POINT('',(0.0075,-0.0047,-9.18485099360515E-19));
#1688=CARTESIAN_POINT('',(0.0109,-0.0047,-9.18485099360515E-19));
#1689=CARTESIAN_POINT('',(0.0075,-0.0047,-9.18485099360515E-19));
#1690=CARTESIAN_POINT('',(0.0001,-0.0047,-1.01798765179123E-19));
#1691=CARTESIAN_POINT('',(0.0001,-0.0047,1.22876246215023E-20));
#1692=CARTESIAN_POINT('',(0.0001,-0.0047,-0.0075));
#1693=CARTESIAN_POINT('',(9.18485099360515E-19,-0.0047,-0.0075));
#1694=CARTESIAN_POINT('',(0.00734307611844575,-0.0047,-0.0075));
#1695=CARTESIAN_POINT('',(0.00734307611844575,-0.0047,-0.007435));
#1696=CARTESIAN_POINT('',(0.00738903805922288,-0.0047,-0.00748096194077713));
#1697=CARTESIAN_POINT('',(-4.59619407771249E-5,-0.0047,-4.59619407771249E-5));
#1698=CARTESIAN_POINT('',(0.00669191679440262,-0.0047,-0.00678384067595687));
#1699=CARTESIAN_POINT('',(0.00674175208203098,-0.0047,-0.00653944441382183));
#1700=CARTESIAN_POINT('',(0.00668684089231175,-0.0047,-0.00653944441382184));
#1701=CARTESIAN_POINT('',(0.00659368603230135,-0.0047,-0.00663363569005112));
#1702=CARTESIAN_POINT('',(0.00665329003187864,-0.0047,-0.00674521391343288));
#1703=CARTESIAN_POINT('',(0.00669191679440263,-0.0047,-0.00678384067595687));
#1704=CARTESIAN_POINT('',(0.00674175208203098,-0.0047,-0.00653944441382183));
#1705=CARTESIAN_POINT('',(0.0120567210745733,-0.0047,-0.00653944441382183));
#1706=CARTESIAN_POINT('',(0.012108217308085,-0.0047,-0.00653944441382183));
#1707=CARTESIAN_POINT('',(0.0075,-0.0047,-9.18485099360515E-19));
#1708=CARTESIAN_POINT('',(0.0155,-0.0047,0.));
#1709=CARTESIAN_POINT('',(0.0149,-0.0047,0.));
#1710=CARTESIAN_POINT('',(0.0149,-0.0047,0.));
#1711=CARTESIAN_POINT('',(0.0075,-0.0047,-9.18485099360515E-19));
#1712=CARTESIAN_POINT('',(0.0567,-0.0015,-0.0075));
#1713=CARTESIAN_POINT('',(0.0492,0.0043,-0.0075));
#1714=CARTESIAN_POINT('',(0.0492,-0.0047,-0.0075));
#1715=CARTESIAN_POINT('',(0.00734307611844575,-0.00312563417595994,-0.0075));
#1716=CARTESIAN_POINT('',(0.00734307611844576,-0.00284825083695092,-0.0075));
#1717=CARTESIAN_POINT('',(0.00750751805939143,-0.00231322287236199,-0.0075));
#1718=CARTESIAN_POINT('',(0.0076161385046484,-0.0017731652630051,-0.0075));
#1719=CARTESIAN_POINT('',(0.00765692388155426,-0.0015,-0.0075));
#1720=CARTESIAN_POINT('',(0.00734307611844575,-0.00312563417595994,-0.0075));
#1721=CARTESIAN_POINT('',(0.00734307611844575,-0.0047,-0.0075));
#1722=CARTESIAN_POINT('',(0.0001,0.0047,-0.0075));
#1723=CARTESIAN_POINT('',(0.0001,0.0043,-0.0075));
#1724=CARTESIAN_POINT('',(9.18485099360515E-19,0.0043,-0.0075));
#1725=CARTESIAN_POINT('',(0.00734307611844575,0.0043,-0.0075));
#1726=CARTESIAN_POINT('',(0.00734307611844575,0.0015,-0.0075));
#1727=CARTESIAN_POINT('',(0.00734307611844575,0.00312563417595994,-0.0075));
#1728=CARTESIAN_POINT('',(0.00734307611844575,0.00312563417595994,-0.0075));
#1729=CARTESIAN_POINT('',(0.00734307611844576,0.00284810037874534,-0.0075));
#1730=CARTESIAN_POINT('',(0.00750740897767881,0.00231382191592688,-0.0075));
#1731=CARTESIAN_POINT('',(0.00761618667233955,0.00177284265359844,-0.0075));
#1732=CARTESIAN_POINT('',(0.00765692388155426,0.0015,-0.0075));
#1733=CARTESIAN_POINT('',(0.0492,0.0043,-0.0075));
#1734=CARTESIAN_POINT('',(0.0492,0.0043,-0.0075));
#1735=CARTESIAN_POINT('',(0.0567,0.0043,-0.0075));
#1736=CARTESIAN_POINT('',(0.0567,0.0043,-0.0075));
#1737=CARTESIAN_POINT('',(0.0567,0.0043,-0.0075));
#1738=CARTESIAN_POINT('',(0.0567,-0.0047,-0.0075));
#1739=CARTESIAN_POINT('',(0.0567,-0.0047,-0.0075));
#1740=CARTESIAN_POINT('',(0.,0.0043,0.));
#1741=CARTESIAN_POINT('',(0.0001,0.0043,1.22876246215023E-20));
#1742=CARTESIAN_POINT('',(0.00680659966456867,0.0043,-0.00684565243913219));
#1743=CARTESIAN_POINT('',(0.00675372855757795,0.0043,-0.00684565243913219));
#1744=CARTESIAN_POINT('',(0.00745403805922288,0.0043,-0.00754596194077712));
#1745=CARTESIAN_POINT('',(0.00738903805922288,0.0043,-0.00748096194077712));
#1746=CARTESIAN_POINT('',(0.00734307611844575,0.0043,-0.007435));
#1747=CARTESIAN_POINT('',(0.0567,-0.0075,-0.0015));
#1748=CARTESIAN_POINT('',(0.0155,-0.0075,-1.22464679914735E-19));
#1749=CARTESIAN_POINT('',(0.0155,-0.0075,-1.22464679914735E-19));
#1750=CARTESIAN_POINT('',(0.0155,-0.0075,0.0075));
#1751=CARTESIAN_POINT('',(0.0075,-0.0075,-9.18485099360515E-19));
#1752=CARTESIAN_POINT('',(0.0492,-0.0075,-9.18485099360515E-19));
#1753=CARTESIAN_POINT('',(0.,-0.0075,0.0075));
#1754=CARTESIAN_POINT('',(0.0567,-0.0015,0.0075));
#1755=CARTESIAN_POINT('',(0.0155,-0.0075,0.0075));
#1756=CARTESIAN_POINT('',(0.0155,0.0075,0.0075));
#1757=CARTESIAN_POINT('',(0.,0.0075,0.0075));
#1758=CARTESIAN_POINT('',(0.0567,0.0075,-0.0015));
#1759=CARTESIAN_POINT('',(0.0492,0.0075,-9.18485099360515E-19));
#1760=CARTESIAN_POINT('',(0.0075,0.0075,-9.18485099360515E-19));
#1761=CARTESIAN_POINT('',(0.0155,0.0075,-1.22464679914735E-19));
#1762=CARTESIAN_POINT('',(0.0155,0.0075,-1.22464679914735E-19));
#1763=CARTESIAN_POINT('',(0.0075,0.0047,-9.18485099360515E-19));
#1764=CARTESIAN_POINT('',(0.0155,-0.0075,-1.22464679914735E-19));
#1765=CARTESIAN_POINT('',(0.0567,-0.0015,0.0015));
#1766=CARTESIAN_POINT('',(0.0567,-0.0047,0.00657543101617981));
#1767=CARTESIAN_POINT('',(0.0525946585912961,-0.0047,0.00657543101617981));
#1768=CARTESIAN_POINT('',(0.0458053414087039,-0.0047,0.00657543101617981));
#1769=CARTESIAN_POINT('',(0.0525946585912961,-0.00469999999999999,0.00657543101617981));
#1770=CARTESIAN_POINT('',(0.0523459981255196,-0.00449638884346454,0.00670380547321339));
#1771=CARTESIAN_POINT('',(0.0518413303866988,-0.00408440206903863,0.00692921796490019));
#1772=CARTESIAN_POINT('',(0.0510497305569081,-0.00346795545801988,0.0071805439906876));
#1773=CARTESIAN_POINT('',(0.0502185259621554,-0.00287381653368884,0.00734934346598298));
#1774=CARTESIAN_POINT('',(0.0491983217610467,-0.00244931988586392,0.00742535550474183));
#1775=CARTESIAN_POINT('',(0.0481818841763592,-0.0028741336111887,0.00734923406769037));
#1776=CARTESIAN_POINT('',(0.0473507843672984,-0.00346735973066895,0.00718081993129999));
#1777=CARTESIAN_POINT('',(0.0465553069583085,-0.00408712783754703,0.00692799397863983));
#1778=CARTESIAN_POINT('',(0.0460526002652621,-0.00449753652600043,0.00670308187277371));
#1779=CARTESIAN_POINT('',(0.0458053414087039,-0.0047,0.00657543101617981));
#1780=CARTESIAN_POINT('',(0.0567,0.0015,0.0015));
#1781=CARTESIAN_POINT('',(0.0567,0.0047,0.0065754310161798));
#1782=CARTESIAN_POINT('',(0.0458053414087039,0.0047,0.0065754310161798));
#1783=CARTESIAN_POINT('',(0.0525946585912961,0.0047,0.0065754310161798));
#1784=CARTESIAN_POINT('',(0.0458053414087039,0.0047,0.0065754310161798));
#1785=CARTESIAN_POINT('',(0.0460554429235979,0.0044952088662755,0.00670454943505483));
#1786=CARTESIAN_POINT('',(0.0465623578117033,0.00408140561035496,0.00693072057695466));
#1787=CARTESIAN_POINT('',(0.0473555456790258,0.00346396795917808,0.00718191828085638));
#1788=CARTESIAN_POINT('',(0.0481860513885416,0.00287106216991927,0.00734988640152891));
#1789=CARTESIAN_POINT('',(0.0492030028946478,0.00245039311679339,0.00742515483252623));
#1790=CARTESIAN_POINT('',(0.050215019108146,0.00287260305530707,0.00734949234110606));
#1791=CARTESIAN_POINT('',(0.0510433762631881,0.00346295106856053,0.00718225936413664));
#1792=CARTESIAN_POINT('',(0.0518391977380796,0.00408268693756077,0.00693018268852625));
#1793=CARTESIAN_POINT('',(0.0523451499040285,0.00449569429253037,0.00670424337946849));
#1794=CARTESIAN_POINT('',(0.0525946585912961,0.0047,0.00657543101617981));
#1795=CARTESIAN_POINT('',(0.0492,-0.0047,-9.18485099360515E-19));
#1796=CARTESIAN_POINT('',(0.0446711180213624,-0.00466933445661331,-0.00659463630714928));
#1797=CARTESIAN_POINT('',(0.0446497989304125,-0.00469286944294047,-0.00657999537134825));
#1798=CARTESIAN_POINT('',(0.0446201226580721,-0.0047,-0.00655941502818773));
#1799=CARTESIAN_POINT('',(0.044591782691915,-0.0047,-0.00653944441382183));
#1800=CARTESIAN_POINT('',(0.044591782691915,-0.0047,-0.00653944441382183));
#1801=CARTESIAN_POINT('',(0.0492,-0.0047,-9.18485099360515E-19));
#1802=CARTESIAN_POINT('',(0.0492,-0.0075,-9.18485099360515E-19));
#1803=CARTESIAN_POINT('',(0.0492,0.0047,-9.18485099360515E-19));
#1804=CARTESIAN_POINT('',(0.0492,0.0043,-9.18485099360515E-19));
#1805=CARTESIAN_POINT('',(0.0522638281091803,0.0043,-0.00684565243913219));
#1806=CARTESIAN_POINT('',(0.0522638281091803,0.0043,-0.00684565243913219));
#1807=CARTESIAN_POINT('',(0.0523078002557686,0.0043,-0.00682597234290528));
#1808=CARTESIAN_POINT('',(0.0523540105026266,0.00430384505891072,-0.0068046815574123));
#1809=CARTESIAN_POINT('',(0.0523887526340167,0.00433429513600328,-0.00678836185239503));
#1810=CARTESIAN_POINT('',(0.0075,-0.0047,-9.18485099360515E-19));
#1811=CARTESIAN_POINT('',(0.0155,-0.0075,-1.22464679914735E-19));
#1812=CARTESIAN_POINT('',(0.012108217308085,-0.0047,-0.00653944441382183));
#1813=CARTESIAN_POINT('',(0.0120797942063325,-0.0047,-0.0065594736121997));
#1814=CARTESIAN_POINT('',(0.0120503213987837,-0.00469300227909162,-0.00657991273499008));
#1815=CARTESIAN_POINT('',(0.0120288819786376,-0.00466933445661345,-0.00659463630714931));
#1816=CARTESIAN_POINT('',(0.0075,-0.0063,-9.18485099360515E-19));
#1817=CARTESIAN_POINT('',(0.0492,0.0047,-9.18485099360515E-19));
#1818=CARTESIAN_POINT('',(0.0492,0.0047,-9.18485099360515E-19));
#1819=CARTESIAN_POINT('',(0.0567,0.0047,0.));
#1820=CARTESIAN_POINT('',(0.0492,0.0047,-9.18485099360515E-19));
#1821=CARTESIAN_POINT('',(0.0492,0.0047,-9.18485099360515E-19));
#1822=CARTESIAN_POINT('',(0.0492,0.0047,-9.18485099360515E-19));
#1823=CARTESIAN_POINT('',(0.0526,0.0047,-9.18485099360515E-19));
#1824=CARTESIAN_POINT('',(0.0567,-0.0047,0.));
#1825=CARTESIAN_POINT('',(0.0492,-0.0047,-0.0075));
#1826=CARTESIAN_POINT('',(0.0567,-0.0047,0.));
#1827=CARTESIAN_POINT('',(0.0567,-0.0047,0.));
#1828=CARTESIAN_POINT('',(0.0492,-0.0047,-0.0075));
#1829=CARTESIAN_POINT('',(0.0492,-0.0047,-9.18485099360515E-19));
#1830=CARTESIAN_POINT('',(0.0492,-0.0047,-9.18485099360515E-19));
#1831=CARTESIAN_POINT('',(0.0501245689838202,-0.0047,-0.00653944441382183));
#1832=CARTESIAN_POINT('',(0.0492,-0.0047,-9.18485099360515E-19));
#1833=CARTESIAN_POINT('',(0.0526,-0.0047,-9.18485099360515E-19));
#1834=CARTESIAN_POINT('',(0.0492,-0.0063,-9.18485099360515E-19));
#1835=CARTESIAN_POINT('',(0.0155,-0.0075,-1.22464679914735E-19));
#1836=CARTESIAN_POINT('',(0.0155,0.,-1.73472347597681E-18));
#1837=CARTESIAN_POINT('',(0.0075,0.0043,-0.0075));
#1838=CARTESIAN_POINT('',(0.0075,-0.004635,-0.0075));
#1839=CARTESIAN_POINT('',(0.00673787873517975,-0.004635,-0.00673787873517975));
#1840=CARTESIAN_POINT('',(0.00738903805922288,-0.004635,-0.00738903805922287));
#1841=CARTESIAN_POINT('',(0.00738903805922288,-0.0015,-0.00738903805922287));
#1842=CARTESIAN_POINT('',(0.00738903805922288,-0.00312563417595994,-0.00738903805922287));
#1843=CARTESIAN_POINT('',(0.00154596194077713,-0.0015,-0.00154596194077713));
#1844=CARTESIAN_POINT('',(0.0075,0.0043,-0.0075));
#1845=CARTESIAN_POINT('',(0.00738903805922288,0.0043,-0.00738903805922287));
#1846=CARTESIAN_POINT('',(0.00738903805922288,0.00312563417595994,-0.00738903805922287));
#1847=CARTESIAN_POINT('',(0.00738903805922288,0.004235,-0.00738903805922287));
#1848=CARTESIAN_POINT('',(0.00680659966456866,0.004235,-0.00680659966456865));
#1849=CARTESIAN_POINT('',(0.00695927885372431,0.004235,-0.00695927885372431));
#1850=CARTESIAN_POINT('',(0.00154596194077713,0.0015,-0.00154596194077713));
#1851=CARTESIAN_POINT('',(0.00734307611844575,-0.0015,-0.007435));
#1852=CARTESIAN_POINT('',(0.00734307611844575,0.00312563417595994,-0.007435));
#1853=CARTESIAN_POINT('',(0.00734307611844575,0.004235,-0.007435));
#1854=CARTESIAN_POINT('',(0.00738903805922288,0.00312563417595994,-0.00738903805922288));
#1855=CARTESIAN_POINT('',(0.00749999999999999,0.00312563417595993,-0.0075));
#1856=CARTESIAN_POINT('',(0.00734307611844575,0.00312563417595994,-0.0075));
#1857=CARTESIAN_POINT('',(0.0073973960576279,0.00306090131316119,-0.00739739605762791));
#1858=CARTESIAN_POINT('',(0.00746690828535014,0.00308175822026329,-0.00750000000000003));
#1859=CARTESIAN_POINT('',(0.0073430764460801,0.00305625076272604,-0.0075));
#1860=CARTESIAN_POINT('',(0.00742249288344425,0.00292968435698102,-0.00741384131024828));
#1861=CARTESIAN_POINT('',(0.00744622143259949,0.00295119015860198,-0.00749999999996577));
#1862=CARTESIAN_POINT('',(0.00736037911666702,0.00291934007889412,-0.0075));
#1863=CARTESIAN_POINT('',(0.00747864194970977,0.00266312348609547,-0.00744356399079487));
#1864=CARTESIAN_POINT('',(0.00746385822883533,0.00268531811367082,-0.00750000000013218));
#1865=CARTESIAN_POINT('',(0.00741323212186021,0.00264791692426801,-0.0075));
#1866=CARTESIAN_POINT('',(0.00754891790463874,0.0023254728508294,-0.00747329657310568));
#1867=CARTESIAN_POINT('',(0.00752332645859166,0.00233793326057515,-0.00749999999910165));
#1868=CARTESIAN_POINT('',(0.00749431875210315,0.00231233284899981,-0.0075));
#1869=CARTESIAN_POINT('',(0.00761703506476729,0.00191446898365392,-0.00749515747102779));
#1870=CARTESIAN_POINT('',(0.00760064484090052,0.00191949695607554,-0.00750000000298456));
#1871=CARTESIAN_POINT('',(0.00758683131497866,0.00190851516097308,-0.0075));
#1872=CARTESIAN_POINT('',(0.00764673958001104,0.00163791541426761,-0.0075));
#1873=CARTESIAN_POINT('',(0.00764164742271861,0.00163716842223414,-0.00749999999369835));
#1874=CARTESIAN_POINT('',(0.00763655527694739,0.00163642132679922,-0.0075));
#1875=CARTESIAN_POINT('',(0.00765692388155426,0.0015,-0.0075));
#1876=CARTESIAN_POINT('',(0.00765692388155426,0.0015,-0.0075));
#1877=CARTESIAN_POINT('',(0.00765692388155426,0.0015,-0.0075));
#1878=CARTESIAN_POINT('',(0.00738903805922288,0.00312563417595994,-0.00738903805922287));
#1879=CARTESIAN_POINT('',(0.0074240800174966,0.00285423057263688,-0.00742408001749657));
#1880=CARTESIAN_POINT('',(0.00756429065176712,0.00232305911594287,-0.00748075032229853));
#1881=CARTESIAN_POINT('',(0.00763645679886093,0.00177478622960191,-0.0075));
#1882=CARTESIAN_POINT('',(0.00765692388155426,0.0015,-0.0075));
#1883=CARTESIAN_POINT('',(0.00745403805922288,0.004235,-0.00754596194077712));
#1884=CARTESIAN_POINT('',(0.00695927885372431,0.004235,-0.00695927885372431));
#1885=CARTESIAN_POINT('',(0.00691098415787745,0.00428279424018893,-0.00691098415787745));
#1886=CARTESIAN_POINT('',(0.00683241239901137,0.0043,-0.00687188038627666));
#1887=CARTESIAN_POINT('',(0.00675372855757794,0.0043,-0.00684565243913219));
#1888=CARTESIAN_POINT('',(0.00765689998836878,0.0014831582411262,-0.00749997636288327));
#1889=CARTESIAN_POINT('',(0.00749997759927846,0.00148359871423077,-0.00749997759927844));
#1890=CARTESIAN_POINT('',(0.00761093804759165,0.0014829757887384,-0.00761093804759163));
#1891=CARTESIAN_POINT('',(0.00765957071381765,0.00242442296795006,-0.00750261846555282));
#1892=CARTESIAN_POINT('',(0.007502482833588,0.00240073408163079,-0.00750248283358367));
#1893=CARTESIAN_POINT('',(0.00761360877303929,0.00243443755010318,-0.00761360877303927));
#1894=CARTESIAN_POINT('',(0.00743430232211643,0.00336555905509771,-0.00727976432702029));
#1895=CARTESIAN_POINT('',(0.00732278346429117,0.00325944327150659,-0.00732278346429398));
#1896=CARTESIAN_POINT('',(0.0073883403813393,0.0033857692781933,-0.00738834038133928));
#1897=CARTESIAN_POINT('',(0.00700524079450145,0.00420568837592745,-0.00685530115048361));
#1898=CARTESIAN_POINT('',(0.00688063936825597,0.00415553707691063,-0.00688063936825596));
#1899=CARTESIAN_POINT('',(0.00695927885372432,0.004235,-0.0069592788537243));
#1900=CARTESIAN_POINT('',(0.00700524079450143,0.004235,-0.00691331691294718));
#1901=CARTESIAN_POINT('',(0.00700524079450193,0.00420568837592751,-0.00685530115048359));
#1902=CARTESIAN_POINT('',(0.00688063936825653,0.00415553707691066,-0.00688063936825595));
#1903=CARTESIAN_POINT('',(0.0069592788537248,0.00423500000000003,-0.00695927885372429));
#1904=CARTESIAN_POINT('',(0.00698404061379889,0.00424719651981754,-0.00683432976170941));
#1905=CARTESIAN_POINT('',(0.00690462906821059,0.00416865963971434,-0.00687441589568));
#1906=CARTESIAN_POINT('',(0.00693807946073174,0.0042559789010392,-0.00693807946073123));
#1907=CARTESIAN_POINT('',(0.0069040558654234,0.00430729400643315,-0.00680288756021231));
#1908=CARTESIAN_POINT('',(0.00688797571221489,0.00424413568418392,-0.00683648496199563));
#1909=CARTESIAN_POINT('',(0.00687014461224157,0.00428635307598524,-0.00689424677514277));
#1910=CARTESIAN_POINT('',(0.00680454237293086,0.00433429471482492,-0.00678836207814135));
#1911=CARTESIAN_POINT('',(0.00679853586330558,0.00429192243763333,-0.00681107148270217));
#1912=CARTESIAN_POINT('',(0.00679183897616625,0.00430000000000207,-0.00685835606419037));
#1913=CARTESIAN_POINT('',(0.006753728557578,0.00433429513602847,-0.0067883618523975));
#1914=CARTESIAN_POINT('',(0.00675372855757793,0.00430000000000205,-0.00680674231499483));
#1915=CARTESIAN_POINT('',(0.00675372855757789,0.00430000000000211,-0.00684565243913191));
#1916=CARTESIAN_POINT('',(0.00675372855757795,0.004365,-0.00684565243913219));
#1917=CARTESIAN_POINT('',(0.0567,0.004365,-0.00684565243913219));
#1918=CARTESIAN_POINT('',(0.00734307611844575,-0.00312563417595994,-0.0075));
#1919=CARTESIAN_POINT('',(0.00749999999999999,-0.00312563417595994,-0.0075));
#1920=CARTESIAN_POINT('',(0.00738903805922288,-0.00312563417595994,-0.00738903805922288));
#1921=CARTESIAN_POINT('',(0.00734307644343286,-0.00305628837140947,-0.0075));
#1922=CARTESIAN_POINT('',(0.00746692299207442,-0.00308177773676657,-0.00750000000000014));
#1923=CARTESIAN_POINT('',(0.007397391526618,-0.00306093640152191,-0.007397391526618));
#1924=CARTESIAN_POINT('',(0.00736042397709371,-0.00291901072914011,-0.0075));
#1925=CARTESIAN_POINT('',(0.00744619823882949,-0.00295090866017917,-0.00750000000010888));
#1926=CARTESIAN_POINT('',(0.00742255407532237,-0.00292936715358285,-0.0074138800725122));
#1927=CARTESIAN_POINT('',(0.00741328310487788,-0.00264773888676845,-0.0075));
#1928=CARTESIAN_POINT('',(0.00746390628199216,-0.00268506242603467,-0.00749999999957915));
#1929=CARTESIAN_POINT('',(0.0074786833785121,-0.00266294261012716,-0.00744357992773982));
#1930=CARTESIAN_POINT('',(0.00749436137033038,-0.00231215037108119,-0.0075));
#1931=CARTESIAN_POINT('',(0.00752335792932124,-0.00233776583803619,-0.00750000000286056));
#1932=CARTESIAN_POINT('',(0.00754895416813052,-0.00232528867919972,-0.00747331152762493));
#1933=CARTESIAN_POINT('',(0.00758686317970664,-0.00190833469278936,-0.0075));
#1934=CARTESIAN_POINT('',(0.0076006730128066,-0.00191929728852455,-0.0074999999904957));
#1935=CARTESIAN_POINT('',(0.00761705259012742,-0.00191428544396114,-0.00749515906390519));
#1936=CARTESIAN_POINT('',(0.00763653119310144,-0.0016365826315025,-0.0075));
#1937=CARTESIAN_POINT('',(0.00764162935973463,-0.00163733061031148,-0.00750000002006761));
#1938=CARTESIAN_POINT('',(0.00764672753790486,-0.00163807848558184,-0.0075));
#1939=CARTESIAN_POINT('',(0.00765692388155426,-0.0015,-0.0075));
#1940=CARTESIAN_POINT('',(0.00765692388155426,-0.0015,-0.0075));
#1941=CARTESIAN_POINT('',(0.00765692388155426,-0.0015,-0.0075));
#1942=CARTESIAN_POINT('',(0.00738903805922288,-0.00312563417595994,-0.00738903805922287));
#1943=CARTESIAN_POINT('',(0.00742406787463096,-0.00285432462039139,-0.00742406787463093));
#1944=CARTESIAN_POINT('',(0.00756433493003219,-0.0023228087673989,-0.00748077089965465));
#1945=CARTESIAN_POINT('',(0.00763645739276013,-0.00177477833456677,-0.0075));
#1946=CARTESIAN_POINT('',(0.00765692388155426,-0.0015,-0.0075));
#1947=CARTESIAN_POINT('',(0.00734307611844575,-0.00312563417595994,-0.007435));
#1948=CARTESIAN_POINT('',(0.00734307611844575,-0.0015,-0.007435));
#1949=CARTESIAN_POINT('',(0.00734307611844575,-0.004635,-0.007435));
#1950=CARTESIAN_POINT('',(0.00671990970726841,-0.00470380815383391,-0.00657302802214095));
#1951=CARTESIAN_POINT('',(0.00660561573206863,-0.00465220757174456,-0.00660561573206861));
#1952=CARTESIAN_POINT('',(0.00667394776649128,-0.00473851607550045,-0.00667394776649127));
#1953=CARTESIAN_POINT('',(0.00733160742514427,-0.00374560396662762,-0.00717817003488184));
#1954=CARTESIAN_POINT('',(0.00725458987887066,-0.0036009093427086,-0.00725458987887684));
#1955=CARTESIAN_POINT('',(0.00728564548436884,-0.00376993134293334,-0.00728564548436882));
#1956=CARTESIAN_POINT('',(0.00766073826194869,-0.00261312886772799,-0.007503773500804));
#1957=CARTESIAN_POINT('',(0.00750357888881101,-0.00258486379237235,-0.00750357888882982));
#1958=CARTESIAN_POINT('',(0.00761477632117156,-0.00262518776379487,-0.00761477632117155));
#1959=CARTESIAN_POINT('',(0.00765688965477876,-0.00147984265977793,-0.00749996614004072));
#1960=CARTESIAN_POINT('',(0.00749996791115703,-0.00148036984429858,-0.00749996791115701));
#1961=CARTESIAN_POINT('',(0.00761092771400164,-0.00147962428859219,-0.00761092771400162));
#1962=CARTESIAN_POINT('',(0.00673787873517975,-0.004635,-0.00673787873517975));
#1963=CARTESIAN_POINT('',(0.00671477090413417,-0.00464635127607777,-0.00671477090413417));
#1964=CARTESIAN_POINT('',(0.00666344970054432,-0.00467295008410223,-0.00665824571927624));
#1965=CARTESIAN_POINT('',(0.00670888871103717,-0.00467892689650976,-0.00658866892332561));
#1966=CARTESIAN_POINT('',(0.00674175208203098,-0.00466933445661331,-0.00659463630714928));
#1967=CARTESIAN_POINT('',(-4.59619407771249E-5,-0.004635,-4.59619407771249E-5));
#1968=CARTESIAN_POINT('',(0.00669191679440262,-0.004635,-0.00678384067595687));
#1969=CARTESIAN_POINT('',(0.00673787873517975,-0.004635,-0.00673787873517975));
#1970=CARTESIAN_POINT('',(0.00673787873517975,-0.0047,-0.00673787873517975));
#1971=CARTESIAN_POINT('',(0.00669191679440262,-0.0047,-0.00678384067595687));
#1972=CARTESIAN_POINT('',(0.00671041812917528,-0.00464848949356346,-0.00671041812917527));
#1973=CARTESIAN_POINT('',(0.00670435728228041,-0.00469999999999986,-0.0067216414052281));
#1974=CARTESIAN_POINT('',(0.00665328626488176,-0.0047,-0.00674520986388339));
#1975=CARTESIAN_POINT('',(0.00666165819022249,-0.00467895226816147,-0.00663576527715986));
#1976=CARTESIAN_POINT('',(0.00663174323865627,-0.00470000000000001,-0.00664288895324565));
#1977=CARTESIAN_POINT('',(0.00659346666837505,-0.0047,-0.00663360526495314));
#1978=CARTESIAN_POINT('',(0.00670847865290214,-0.00467904700038302,-0.0065885942076205));
#1979=CARTESIAN_POINT('',(0.00670304640320779,-0.00470000000000009,-0.0065684226226427));
#1980=CARTESIAN_POINT('',(0.00668728912474877,-0.0047,-0.00653944331599421));
#1981=CARTESIAN_POINT('',(0.00674175208203098,-0.00466933445661331,-0.00659463630714927));
#1982=CARTESIAN_POINT('',(0.00674175208203098,-0.0047,-0.00657555950609287));
#1983=CARTESIAN_POINT('',(0.00674175208203097,-0.0047,-0.00653944441382182));
#1984=CARTESIAN_POINT('',(0.00674175208203098,-0.004635,-0.00653944441382183));
#1985=CARTESIAN_POINT('',(0.0567,-0.004635,-0.00653944441382183));
#1986=CARTESIAN_POINT('',(0.0075,0.0047,-9.18485099360515E-19));
#1987=CARTESIAN_POINT('',(0.0149,0.0047,0.));
#1988=CARTESIAN_POINT('',(0.0001,0.0047,-1.01798765179123E-19));
#1989=CARTESIAN_POINT('',(0.0149,0.0047,0.));
#1990=CARTESIAN_POINT('',(0.0001,0.0047,1.22876246215023E-20));
#1991=CARTESIAN_POINT('',(0.0567,0.0043,0.));
#1992=CARTESIAN_POINT('',(0.0492,0.0043,-0.0075));
#1993=CARTESIAN_POINT('',(0.0567,0.0043,0.));
#1994=CARTESIAN_POINT('',(0.0567,0.0043,0.));
#1995=CARTESIAN_POINT('',(0.0492,0.0043,-0.0075));
#1996=CARTESIAN_POINT('',(0.0523496350592242,0.0043,-0.00684565243913219));
#1997=CARTESIAN_POINT('',(0.0492,0.0043,-0.0075));
#1998=CARTESIAN_POINT('',(0.0551540380592229,-0.0015,-0.00154596194077713));
#1999=CARTESIAN_POINT('',(0.0492,0.0043,-0.0075));
#2000=CARTESIAN_POINT('',(0.0551540380592229,0.0015,-0.00154596194077713));
#2001=CARTESIAN_POINT('',(0.0490890380592229,0.0015,-0.00761096194077712));
#2002=CARTESIAN_POINT('',(0.0492,0.0015,-0.0075));
#2003=CARTESIAN_POINT('',(0.0490430761184458,0.0015,-0.0075));
#2004=CARTESIAN_POINT('',(0.0490890380592225,0.00244579076509107,-0.00761096194077753));
#2005=CARTESIAN_POINT('',(0.0491999999999976,0.00241118338621772,-0.00750000000000527));
#2006=CARTESIAN_POINT('',(0.0490430761184425,0.00243565450792205,-0.0075));
#2007=CARTESIAN_POINT('',(0.0493142186337399,0.00339083427255715,-0.00738578136626018));
#2008=CARTESIAN_POINT('',(0.0493800441650015,0.00326517403020877,-0.00731995583499185));
#2009=CARTESIAN_POINT('',(0.0492682566929672,0.0033705697667526,-0.00727723273749828));
#2010=CARTESIAN_POINT('',(0.0497407211462757,0.00423499999999999,-0.00695927885372431));
#2011=CARTESIAN_POINT('',(0.0498193606317441,0.00415553707691061,-0.00688063936825595));
#2012=CARTESIAN_POINT('',(0.0496947592054986,0.00420568837592744,-0.00685530115048361));
#2013=CARTESIAN_POINT('',(0.0567,0.004365,-0.00684565243913219));
#2014=CARTESIAN_POINT('',(0.0500261165803699,-0.00473861796245221,-0.00667388341963012));
#2015=CARTESIAN_POINT('',(0.0500944464826228,-0.00465230835349216,-0.00660555351737722));
#2016=CARTESIAN_POINT('',(0.0499801546395928,-0.00470390894883977,-0.00657296436489991));
#2017=CARTESIAN_POINT('',(0.0494143780406471,-0.00377001121919545,-0.00728562195935293));
#2018=CARTESIAN_POINT('',(0.049445425160283,-0.00360098014661793,-0.0072545748397209));
#2019=CARTESIAN_POINT('',(0.0493684160998655,-0.00374568298683714,-0.00717814676198371));
#2020=CARTESIAN_POINT('',(0.0490852234097335,-0.00262522745232285,-0.00761477659026658));
#2021=CARTESIAN_POINT('',(0.0491964208583875,-0.00258490211757144,-0.00750357914156529));
#2022=CARTESIAN_POINT('',(0.0490392614689583,-0.00261316813090454,-0.00750377376701514));
#2023=CARTESIAN_POINT('',(0.049089072288413,-0.00147962356987822,-0.007610927711587));
#2024=CARTESIAN_POINT('',(0.0492000320911068,-0.00148036915188193,-0.00749996790889321));
#2025=CARTESIAN_POINT('',(0.0490431103476359,-0.00147984194876659,-0.00749996613765198));
#2026=CARTESIAN_POINT('',(0.0567,-0.004635,-0.00653944441382183));
#2027=CARTESIAN_POINT('',(0.0492,0.0047,-9.18485099360515E-19));
#2028=CARTESIAN_POINT('',(0.0567,0.0043,0.));
#2029=CARTESIAN_POINT('',(0.0567,0.0043,0.));
#2030=CARTESIAN_POINT('',(0.0492,0.0043,-0.0075));
#2031=MECHANICAL_DESIGN_GEOMETRIC_PRESENTATION_REPRESENTATION('',(#1030),
#2032);
#2032=(
GEOMETRIC_REPRESENTATION_CONTEXT(3)
GLOBAL_UNCERTAINTY_ASSIGNED_CONTEXT((#2033))
GLOBAL_UNIT_ASSIGNED_CONTEXT((#2036,#2035,#2034))
REPRESENTATION_CONTEXT('Proximal Phalanx Bone_V02',
'TOP_LEVEL_ASSEMBLY_PART')
);
#2033=UNCERTAINTY_MEASURE_WITH_UNIT(LENGTH_MEASURE(2.E-5),#2036,
'DISTANCE_ACCURACY_VALUE','Maximum Tolerance applied to model');
#2034=(
NAMED_UNIT(*)
SI_UNIT($,.STERADIAN.)
SOLID_ANGLE_UNIT()
);
#2035=(
NAMED_UNIT(*)
PLANE_ANGLE_UNIT()
SI_UNIT($,.RADIAN.)
);
#2036=(
LENGTH_UNIT()
NAMED_UNIT(*)
SI_UNIT($,.METRE.)
);
#2037=PRODUCT_DEFINITION_SHAPE('','',#2038);
#2038=PRODUCT_DEFINITION('','',#2040,#2039);
#2039=PRODUCT_DEFINITION_CONTEXT('',#2046,'design');
#2040=PRODUCT_DEFINITION_FORMATION_WITH_SPECIFIED_SOURCE('','',#2042,
 .NOT_KNOWN.);
#2041=PRODUCT_RELATED_PRODUCT_CATEGORY('','',(#2042));
#2042=PRODUCT('Proximal Phalanx Bone_V02','Proximal Phalanx Bone_V02',
'Proximal Phalanx Bone_V02',(#2044));
#2043=PRODUCT_CATEGORY('','');
#2044=PRODUCT_CONTEXT('',#2046,'mechanical');
#2045=APPLICATION_PROTOCOL_DEFINITION('international standard',
'ap242_managed_model_based_3d_engineering',2020,#2046);
#2046=APPLICATION_CONTEXT('managed model based 3d engineering');
ENDSEC;
END-ISO-10303-21;
