ISO-10303-21;
HEADER;
/* Generated by software containing ST-Developer
 * from STEP Tools, Inc. (www.steptools.com) 
 */
/* OPTION: using custom renumber hook */

FILE_DESCRIPTION(
/* description */ ('STEP AP242 Edition 2',
'CAx-IF Rec.Pracs.---Representation and Presentation of Product Manufa
cturing Information (PMI)---4.0---2014-10-13',
'CAx-IF Rec.Pracs.---3D Tessellated Geometry---0.4---2014-09-14','2;1',
'CAx-IF Rec.Pracs.---User Defined Attributes---1.5---2016-08-15'),
/* implementation_level */ '2;1');

FILE_NAME(
/* name */ 'Robotic Hand_V5_simulacra - Palm_bone1 (3)',
/* time_stamp */ '2026-09-25T22:15:31Z',
/* author */ (''),
/* organization */ (''),
/* preprocessor_version */ 'ST-DEVELOPER v20',
/* originating_system */ 'ONSHAPE BY PTC INC, 1.221',
/* authorisation */ '  ');

FILE_SCHEMA (('AP242_MANAGED_MODEL_BASED_3D_ENGINEERING_MIM_LF { 1 0 10303 442 3 1 4 }'));
ENDSEC;

DATA;
#10=SHAPE_REPRESENTATION_RELATIONSHIP('','',#1223,#11);
#11=ADVANCED_BREP_SHAPE_REPRESENTATION('',(#1221),#2120);
#12=B_SPLINE_CURVE_WITH_KNOTS('',3,(#1717,#1718,#1719,#1720,#1721,#1722,
#1723),.UNSPECIFIED.,.F.,.F.,(4,1,1,1,4),(2.47919843126354E-17,0.000311435016577777,
0.000622870033155528,0.00093430504973328,0.00124574006631103),
 .UNSPECIFIED.);
#13=B_SPLINE_CURVE_WITH_KNOTS('',3,(#1724,#1725,#1726,#1727,#1728,#1729,
#1730,#1731,#1732),.UNSPECIFIED.,.F.,.F.,(4,1,1,1,1,1,4),(1.76268734269395E-17,
0.000773681533521937,0.0011605223002829,0.00154736306704386,0.00193420383380482,
0.00232104460056578,0.00309472613408769),.UNSPECIFIED.);
#14=B_SPLINE_CURVE_WITH_KNOTS('',3,(#1734,#1735,#1736,#1737,#1738,#1739,
#1740),.UNSPECIFIED.,.F.,.F.,(4,1,1,1,4),(6.93889390390723E-18,0.00140811732683799,
0.00281623465367597,0.00422435198051396,0.00563246930735194),
 .UNSPECIFIED.);
#15=B_SPLINE_CURVE_WITH_KNOTS('',3,(#1758,#1759,#1760,#1761),
 .UNSPECIFIED.,.F.,.F.,(4,4),(0.,0.000380008076159236),.UNSPECIFIED.);
#16=B_SPLINE_CURVE_WITH_KNOTS('',3,(#1770,#1771,#1772,#1773),
 .UNSPECIFIED.,.F.,.F.,(4,4),(1.88058056501475E-14,0.00144701951911623),
 .UNSPECIFIED.);
#17=B_SPLINE_CURVE_WITH_KNOTS('',3,(#1777,#1778,#1779,#1780),
 .UNSPECIFIED.,.F.,.F.,(4,4),(7.22535234894094E-16,0.00144701951909848),
 .UNSPECIFIED.);
#18=B_SPLINE_CURVE_WITH_KNOTS('',3,(#1784,#1785,#1786,#1787,#1788),
 .UNSPECIFIED.,.F.,.F.,(4,1,4),(4.85509558280464E-17,0.00261950716616591,
0.00523901433233177),.UNSPECIFIED.);
#19=B_SPLINE_CURVE_WITH_KNOTS('',3,(#1792,#1793,#1794,#1795),
 .UNSPECIFIED.,.F.,.F.,(4,4),(0.,0.00524931251153806),.UNSPECIFIED.);
#20=B_SPLINE_CURVE_WITH_KNOTS('',3,(#1797,#1798,#1799,#1800),
 .UNSPECIFIED.,.F.,.F.,(4,4),(0.,0.000287588888261071),.UNSPECIFIED.);
#21=B_SPLINE_CURVE_WITH_KNOTS('',3,(#1801,#1802,#1803,#1804),
 .UNSPECIFIED.,.F.,.F.,(4,4),(0.,0.000287588888261071),.UNSPECIFIED.);
#22=B_SPLINE_CURVE_WITH_KNOTS('',3,(#1806,#1807,#1808,#1809),
 .UNSPECIFIED.,.F.,.F.,(4,4),(0.,0.00116511159140517),.UNSPECIFIED.);
#23=B_SPLINE_CURVE_WITH_KNOTS('',3,(#1813,#1814,#1815,#1816),
 .UNSPECIFIED.,.F.,.F.,(4,4),(0.,0.0011651115914052),.UNSPECIFIED.);
#24=B_SPLINE_CURVE_WITH_KNOTS('',3,(#1825,#1826,#1827,#1828),
 .UNSPECIFIED.,.F.,.F.,(4,4),(0.,0.00550467462867881),.UNSPECIFIED.);
#25=B_SPLINE_CURVE_WITH_KNOTS('',3,(#1832,#1833,#1834,#1835),
 .UNSPECIFIED.,.F.,.F.,(4,4),(0.,0.0055046746286788),.UNSPECIFIED.);
#26=B_SPLINE_CURVE_WITH_KNOTS('',3,(#1850,#1851,#1852,#1853),
 .UNSPECIFIED.,.F.,.F.,(4,4),(9.97929578774427E-15,0.0065024129388863),
 .UNSPECIFIED.);
#27=B_SPLINE_CURVE_WITH_KNOTS('',3,(#1856,#1857,#1858,#1859),
 .UNSPECIFIED.,.F.,.F.,(4,4),(1.02851250184081E-14,0.00661854141484116),
 .UNSPECIFIED.);
#28=B_SPLINE_CURVE_WITH_KNOTS('',3,(#1882,#1883,#1884,#1885),
 .UNSPECIFIED.,.F.,.F.,(4,4),(0.,0.00650456581327631),.UNSPECIFIED.);
#29=B_SPLINE_CURVE_WITH_KNOTS('',3,(#1965,#1966,#1967,#1968),
 .UNSPECIFIED.,.F.,.F.,(4,4),(3.6799042000401E-18,0.00662112047352229),
 .UNSPECIFIED.);
#30=B_SPLINE_CURVE_WITH_KNOTS('',3,(#2024,#2025,#2026,#2027,#2028,#2029,
#2030,#2031,#2032,#2033,#2034,#2035,#2036),.UNSPECIFIED.,.F.,.F.,(4,1,1,
1,1,1,1,1,1,1,4),(1.07286721840365E-17,0.000725085615600628,0.00145017123120124,
0.00217525684680186,0.00253779965460217,0.00290034246240248,0.00326288527020279,
0.0036254280780031,0.00435051369360371,0.00507559930920433,0.00580068492480495),
 .UNSPECIFIED.);
#31=B_SPLINE_CURVE_WITH_KNOTS('',3,(#2086,#2087,#2088,#2089,#2090,#2091,
#2092),.UNSPECIFIED.,.F.,.F.,(4,1,1,1,4),(8.67361737988404E-19,0.00152069250644102,
0.00304138501288204,0.00456207751932305,0.00608277002576407),
 .UNSPECIFIED.);
#32=B_SPLINE_CURVE_WITH_KNOTS('',3,(#2094,#2095,#2096,#2097),
 .UNSPECIFIED.,.F.,.F.,(4,4),(0.,0.000120406287441561),.UNSPECIFIED.);
#33=CYLINDRICAL_SURFACE('',#1237,0.00125);
#34=CYLINDRICAL_SURFACE('',#1239,0.00613827546702941);
#35=CYLINDRICAL_SURFACE('',#1246,0.00969402399620191);
#36=CYLINDRICAL_SURFACE('',#1249,0.0015);
#37=CYLINDRICAL_SURFACE('',#1250,0.0015);
#38=CYLINDRICAL_SURFACE('',#1252,0.00891944998840667);
#39=CYLINDRICAL_SURFACE('',#1257,0.00475);
#40=CYLINDRICAL_SURFACE('',#1259,0.006);
#41=CYLINDRICAL_SURFACE('',#1264,0.0163066344459773);
#42=CYLINDRICAL_SURFACE('',#1266,0.0163066344459773);
#43=CYLINDRICAL_SURFACE('',#1268,0.0065);
#44=CYLINDRICAL_SURFACE('',#1276,0.00613827546702941);
#45=CYLINDRICAL_SURFACE('',#1287,0.0163066344459773);
#46=CYLINDRICAL_SURFACE('',#1290,0.0163066344459773);
#47=CYLINDRICAL_SURFACE('',#1306,0.006);
#48=CYLINDRICAL_SURFACE('',#1309,0.00125);
#49=CYLINDRICAL_SURFACE('',#1323,0.0065);
#50=CYLINDRICAL_SURFACE('',#1328,0.006);
#51=CYLINDRICAL_SURFACE('',#1331,0.00715757504052328);
#52=CYLINDRICAL_SURFACE('',#1333,0.00715757504052159);
#53=CYLINDRICAL_SURFACE('',#1337,0.015);
#54=CYLINDRICAL_SURFACE('',#1338,0.015);
#55=ELLIPSE('',#1229,0.00758367345204178,0.0065);
#56=ELLIPSE('',#1232,0.00716164256932774,0.00613827546702941);
#57=ELLIPSE('',#1235,0.0119358430493504,0.00613827546702941);
#58=ELLIPSE('',#1240,0.0119358430493519,0.00613827546702941);
#59=ELLIPSE('',#1243,0.0119358430493504,0.00613827546702941);
#60=ELLIPSE('',#1244,0.00716164256932774,0.00613827546702941);
#61=ELLIPSE('',#1245,0.205082610536872,0.00613827546702941);
#62=ELLIPSE('',#1254,0.0126392144239061,0.0065);
#63=ELLIPSE('',#1265,0.0190252601138628,0.0163066344459773);
#64=ELLIPSE('',#1267,0.0190252601138628,0.0163066344459773);
#65=ELLIPSE('',#1270,0.0126392144239045,0.0065);
#66=ELLIPSE('',#1277,0.0119358430493504,0.00613827546702941);
#67=ELLIPSE('',#1280,0.0126392144239045,0.0065);
#68=ELLIPSE('',#1283,0.00758367345204178,0.0065);
#69=ELLIPSE('',#1286,0.334301874321706,0.006);
#70=ELLIPSE('',#1288,0.0190252601138628,0.0163066344459773);
#71=ELLIPSE('',#1291,0.0190252601138628,0.0163066344459773);
#72=ELLIPSE('',#1293,0.00835087874089435,0.00715757504052328);
#73=ELLIPSE('',#1295,0.00835087874089237,0.00715757504052159);
#74=ELLIPSE('',#1304,0.00835087874089237,0.00715757504052159);
#75=ELLIPSE('',#1305,0.00835087874089435,0.00715757504052328);
#76=ELLIPSE('',#1312,0.205091067688889,0.00715757504052328);
#77=ELLIPSE('',#1322,0.20509106768884,0.00715757504052159);
#78=ELLIPSE('',#1324,0.217167993787478,0.0065);
#79=ELLIPSE('',#1325,0.0126392144239045,0.0065);
#80=LINE('',#1679,#185);
#81=LINE('',#1683,#186);
#82=LINE('',#1690,#187);
#83=LINE('',#1692,#188);
#84=LINE('',#1694,#189);
#85=LINE('',#1700,#190);
#86=LINE('',#1702,#191);
#87=LINE('',#1704,#192);
#88=LINE('',#1706,#193);
#89=LINE('',#1744,#194);
#90=LINE('',#1748,#195);
#91=LINE('',#1754,#196);
#92=LINE('',#1756,#197);
#93=LINE('',#1775,#198);
#94=LINE('',#1790,#199);
#95=LINE('',#1811,#200);
#96=LINE('',#1818,#201);
#97=LINE('',#1819,#202);
#98=LINE('',#1821,#203);
#99=LINE('',#1823,#204);
#100=LINE('',#1830,#205);
#101=LINE('',#1837,#206);
#102=LINE('',#1841,#207);
#103=LINE('',#1842,#208);
#104=LINE('',#1863,#209);
#105=LINE('',#1869,#210);
#106=LINE('',#1872,#211);
#107=LINE('',#1874,#212);
#108=LINE('',#1876,#213);
#109=LINE('',#1878,#214);
#110=LINE('',#1888,#215);
#111=LINE('',#1892,#216);
#112=LINE('',#1899,#217);
#113=LINE('',#1901,#218);
#114=LINE('',#1903,#219);
#115=LINE('',#1905,#220);
#116=LINE('',#1907,#221);
#117=LINE('',#1909,#222);
#118=LINE('',#1910,#223);
#119=LINE('',#1912,#224);
#120=LINE('',#1914,#225);
#121=LINE('',#1916,#226);
#122=LINE('',#1918,#227);
#123=LINE('',#1920,#228);
#124=LINE('',#1922,#229);
#125=LINE('',#1924,#230);
#126=LINE('',#1926,#231);
#127=LINE('',#1940,#232);
#128=LINE('',#1942,#233);
#129=LINE('',#1944,#234);
#130=LINE('',#1946,#235);
#131=LINE('',#1950,#236);
#132=LINE('',#1952,#237);
#133=LINE('',#1956,#238);
#134=LINE('',#1958,#239);
#135=LINE('',#1960,#240);
#136=LINE('',#1962,#241);
#137=LINE('',#1970,#242);
#138=LINE('',#1974,#243);
#139=LINE('',#1975,#244);
#140=LINE('',#1979,#245);
#141=LINE('',#1983,#246);
#142=LINE('',#1988,#247);
#143=LINE('',#1992,#248);
#144=LINE('',#1994,#249);
#145=LINE('',#1996,#250);
#146=LINE('',#1998,#251);
#147=LINE('',#2002,#252);
#148=LINE('',#2004,#253);
#149=LINE('',#2005,#254);
#150=LINE('',#2007,#255);
#151=LINE('',#2012,#256);
#152=LINE('',#2013,#257);
#153=LINE('',#2015,#258);
#154=LINE('',#2016,#259);
#155=LINE('',#2018,#260);
#156=LINE('',#2020,#261);
#157=LINE('',#2022,#262);
#158=LINE('',#2041,#263);
#159=LINE('',#2043,#264);
#160=LINE('',#2045,#265);
#161=LINE('',#2047,#266);
#162=LINE('',#2049,#267);
#163=LINE('',#2051,#268);
#164=LINE('',#2053,#269);
#165=LINE('',#2055,#270);
#166=LINE('',#2057,#271);
#167=LINE('',#2059,#272);
#168=LINE('',#2061,#273);
#169=LINE('',#2063,#274);
#170=LINE('',#2065,#275);
#171=LINE('',#2067,#276);
#172=LINE('',#2069,#277);
#173=LINE('',#2071,#278);
#174=LINE('',#2076,#279);
#175=LINE('',#2078,#280);
#176=LINE('',#2080,#281);
#177=LINE('',#2081,#282);
#178=LINE('',#2083,#283);
#179=LINE('',#2106,#284);
#180=LINE('',#2108,#285);
#181=LINE('',#2110,#286);
#182=LINE('',#2112,#287);
#183=LINE('',#2114,#288);
#184=LINE('',#2116,#289);
#185=VECTOR('',#1345,1.);
#186=VECTOR('',#1348,1.);
#187=VECTOR('',#1355,1.);
#188=VECTOR('',#1356,1.);
#189=VECTOR('',#1357,1.);
#190=VECTOR('',#1362,1.);
#191=VECTOR('',#1363,1.);
#192=VECTOR('',#1364,1.);
#193=VECTOR('',#1367,1.);
#194=VECTOR('',#1382,1.);
#195=VECTOR('',#1385,1.);
#196=VECTOR('',#1390,1.);
#197=VECTOR('',#1391,1.);
#198=VECTOR('',#1400,1.);
#199=VECTOR('',#1403,1.);
#200=VECTOR('',#1408,1.);
#201=VECTOR('',#1411,1.);
#202=VECTOR('',#1412,1.);
#203=VECTOR('',#1413,1.);
#204=VECTOR('',#1414,1.);
#205=VECTOR('',#1417,1.);
#206=VECTOR('',#1420,1.);
#207=VECTOR('',#1423,1.);
#208=VECTOR('',#1424,1.);
#209=VECTOR('',#1437,1.);
#210=VECTOR('',#1444,1.);
#211=VECTOR('',#1445,1.);
#212=VECTOR('',#1446,1.);
#213=VECTOR('',#1447,1.);
#214=VECTOR('',#1450,1.);
#215=VECTOR('',#1455,1.);
#216=VECTOR('',#1458,1.);
#217=VECTOR('',#1465,1.);
#218=VECTOR('',#1468,1.);
#219=VECTOR('',#1469,1.);
#220=VECTOR('',#1470,1.);
#221=VECTOR('',#1473,1.);
#222=VECTOR('',#1474,1.);
#223=VECTOR('',#1475,1.);
#224=VECTOR('',#1478,1.);
#225=VECTOR('',#1479,1.);
#226=VECTOR('',#1482,1.);
#227=VECTOR('',#1483,1.);
#228=VECTOR('',#1484,1.);
#229=VECTOR('',#1487,1.);
#230=VECTOR('',#1488,1.);
#231=VECTOR('',#1489,1.);
#232=VECTOR('',#1506,1.);
#233=VECTOR('',#1507,1.);
#234=VECTOR('',#1510,1.);
#235=VECTOR('',#1511,1.);
#236=VECTOR('',#1516,1.);
#237=VECTOR('',#1517,1.);
#238=VECTOR('',#1522,1.);
#239=VECTOR('',#1525,1.);
#240=VECTOR('',#1526,1.);
#241=VECTOR('',#1529,1.);
#242=VECTOR('',#1534,1.);
#243=VECTOR('',#1537,1.);
#244=VECTOR('',#1538,1.);
#245=VECTOR('',#1541,1.);
#246=VECTOR('',#1546,1.);
#247=VECTOR('',#1553,1.);
#248=VECTOR('',#1556,1.);
#249=VECTOR('',#1559,1.);
#250=VECTOR('',#1562,1.);
#251=VECTOR('',#1563,1.);
#252=VECTOR('',#1568,1.);
#253=VECTOR('',#1569,1.);
#254=VECTOR('',#1570,1.);
#255=VECTOR('',#1571,1.);
#256=VECTOR('',#1578,1.);
#257=VECTOR('',#1579,1.);
#258=VECTOR('',#1580,1.);
#259=VECTOR('',#1581,1.);
#260=VECTOR('',#1582,1.);
#261=VECTOR('',#1583,1.);
#262=VECTOR('',#1586,1.);
#263=VECTOR('',#1595,1.);
#264=VECTOR('',#1596,1.);
#265=VECTOR('',#1597,1.);
#266=VECTOR('',#1600,1.);
#267=VECTOR('',#1603,1.);
#268=VECTOR('',#1604,1.);
#269=VECTOR('',#1605,1.);
#270=VECTOR('',#1608,1.);
#271=VECTOR('',#1609,1.);
#272=VECTOR('',#1612,1.);
#273=VECTOR('',#1613,1.);
#274=VECTOR('',#1614,1.);
#275=VECTOR('',#1617,1.);
#276=VECTOR('',#1618,1.);
#277=VECTOR('',#1621,1.);
#278=VECTOR('',#1622,1.);
#279=VECTOR('',#1627,1.);
#280=VECTOR('',#1628,1.);
#281=VECTOR('',#1631,1.);
#282=VECTOR('',#1632,1.);
#283=VECTOR('',#1633,1.);
#284=VECTOR('',#1656,1.);
#285=VECTOR('',#1659,1.);
#286=VECTOR('',#1662,1.);
#287=VECTOR('',#1663,1.);
#288=VECTOR('',#1666,1.);
#289=VECTOR('',#1669,1.);
#290=ORIENTED_EDGE('',*,*,#646,.F.);
#291=ORIENTED_EDGE('',*,*,#647,.T.);
#292=ORIENTED_EDGE('',*,*,#648,.T.);
#293=ORIENTED_EDGE('',*,*,#649,.T.);
#294=ORIENTED_EDGE('',*,*,#650,.F.);
#295=ORIENTED_EDGE('',*,*,#651,.F.);
#296=ORIENTED_EDGE('',*,*,#652,.T.);
#297=ORIENTED_EDGE('',*,*,#653,.F.);
#298=ORIENTED_EDGE('',*,*,#654,.F.);
#299=ORIENTED_EDGE('',*,*,#655,.T.);
#300=ORIENTED_EDGE('',*,*,#656,.F.);
#301=ORIENTED_EDGE('',*,*,#657,.T.);
#302=ORIENTED_EDGE('',*,*,#658,.T.);
#303=ORIENTED_EDGE('',*,*,#659,.T.);
#304=ORIENTED_EDGE('',*,*,#660,.F.);
#305=ORIENTED_EDGE('',*,*,#661,.T.);
#306=ORIENTED_EDGE('',*,*,#662,.F.);
#307=ORIENTED_EDGE('',*,*,#663,.T.);
#308=ORIENTED_EDGE('',*,*,#664,.T.);
#309=ORIENTED_EDGE('',*,*,#665,.F.);
#310=ORIENTED_EDGE('',*,*,#663,.F.);
#311=ORIENTED_EDGE('',*,*,#666,.T.);
#312=ORIENTED_EDGE('',*,*,#661,.F.);
#313=ORIENTED_EDGE('',*,*,#666,.F.);
#314=ORIENTED_EDGE('',*,*,#662,.T.);
#315=ORIENTED_EDGE('',*,*,#656,.T.);
#316=ORIENTED_EDGE('',*,*,#667,.T.);
#317=ORIENTED_EDGE('',*,*,#668,.F.);
#318=ORIENTED_EDGE('',*,*,#669,.F.);
#319=ORIENTED_EDGE('',*,*,#670,.T.);
#320=ORIENTED_EDGE('',*,*,#671,.F.);
#321=ORIENTED_EDGE('',*,*,#672,.T.);
#322=ORIENTED_EDGE('',*,*,#673,.F.);
#323=ORIENTED_EDGE('',*,*,#674,.F.);
#324=ORIENTED_EDGE('',*,*,#675,.F.);
#325=ORIENTED_EDGE('',*,*,#676,.T.);
#326=ORIENTED_EDGE('',*,*,#677,.T.);
#327=ORIENTED_EDGE('',*,*,#678,.F.);
#328=ORIENTED_EDGE('',*,*,#679,.T.);
#329=ORIENTED_EDGE('',*,*,#680,.T.);
#330=ORIENTED_EDGE('',*,*,#681,.T.);
#331=ORIENTED_EDGE('',*,*,#682,.F.);
#332=ORIENTED_EDGE('',*,*,#683,.F.);
#333=ORIENTED_EDGE('',*,*,#684,.F.);
#334=ORIENTED_EDGE('',*,*,#685,.F.);
#335=ORIENTED_EDGE('',*,*,#686,.F.);
#336=ORIENTED_EDGE('',*,*,#687,.F.);
#337=ORIENTED_EDGE('',*,*,#649,.F.);
#338=ORIENTED_EDGE('',*,*,#688,.T.);
#339=ORIENTED_EDGE('',*,*,#681,.F.);
#340=ORIENTED_EDGE('',*,*,#689,.F.);
#341=ORIENTED_EDGE('',*,*,#690,.F.);
#342=ORIENTED_EDGE('',*,*,#691,.T.);
#343=ORIENTED_EDGE('',*,*,#647,.F.);
#344=ORIENTED_EDGE('',*,*,#692,.T.);
#345=ORIENTED_EDGE('',*,*,#654,.T.);
#346=ORIENTED_EDGE('',*,*,#693,.T.);
#347=ORIENTED_EDGE('',*,*,#694,.F.);
#348=ORIENTED_EDGE('',*,*,#695,.F.);
#349=ORIENTED_EDGE('',*,*,#683,.T.);
#350=ORIENTED_EDGE('',*,*,#690,.T.);
#351=ORIENTED_EDGE('',*,*,#696,.T.);
#352=ORIENTED_EDGE('',*,*,#697,.F.);
#353=ORIENTED_EDGE('',*,*,#698,.F.);
#354=ORIENTED_EDGE('',*,*,#699,.T.);
#355=ORIENTED_EDGE('',*,*,#700,.T.);
#356=ORIENTED_EDGE('',*,*,#701,.T.);
#357=ORIENTED_EDGE('',*,*,#668,.T.);
#358=ORIENTED_EDGE('',*,*,#702,.T.);
#359=ORIENTED_EDGE('',*,*,#697,.T.);
#360=ORIENTED_EDGE('',*,*,#703,.F.);
#361=ORIENTED_EDGE('',*,*,#704,.F.);
#362=ORIENTED_EDGE('',*,*,#703,.T.);
#363=ORIENTED_EDGE('',*,*,#705,.F.);
#364=ORIENTED_EDGE('',*,*,#706,.T.);
#365=ORIENTED_EDGE('',*,*,#707,.T.);
#366=ORIENTED_EDGE('',*,*,#708,.T.);
#367=ORIENTED_EDGE('',*,*,#709,.T.);
#368=ORIENTED_EDGE('',*,*,#710,.T.);
#369=ORIENTED_EDGE('',*,*,#711,.F.);
#370=ORIENTED_EDGE('',*,*,#712,.F.);
#371=ORIENTED_EDGE('',*,*,#713,.T.);
#372=ORIENTED_EDGE('',*,*,#714,.T.);
#373=ORIENTED_EDGE('',*,*,#715,.T.);
#374=ORIENTED_EDGE('',*,*,#716,.F.);
#375=ORIENTED_EDGE('',*,*,#705,.T.);
#376=ORIENTED_EDGE('',*,*,#717,.T.);
#377=ORIENTED_EDGE('',*,*,#718,.T.);
#378=ORIENTED_EDGE('',*,*,#719,.F.);
#379=ORIENTED_EDGE('',*,*,#720,.T.);
#380=ORIENTED_EDGE('',*,*,#721,.T.);
#381=ORIENTED_EDGE('',*,*,#722,.T.);
#382=ORIENTED_EDGE('',*,*,#723,.F.);
#383=ORIENTED_EDGE('',*,*,#724,.F.);
#384=ORIENTED_EDGE('',*,*,#725,.T.);
#385=ORIENTED_EDGE('',*,*,#726,.T.);
#386=ORIENTED_EDGE('',*,*,#723,.T.);
#387=ORIENTED_EDGE('',*,*,#727,.T.);
#388=ORIENTED_EDGE('',*,*,#728,.T.);
#389=ORIENTED_EDGE('',*,*,#712,.T.);
#390=ORIENTED_EDGE('',*,*,#729,.F.);
#391=ORIENTED_EDGE('',*,*,#725,.F.);
#392=ORIENTED_EDGE('',*,*,#728,.F.);
#393=ORIENTED_EDGE('',*,*,#730,.F.);
#394=ORIENTED_EDGE('',*,*,#731,.T.);
#395=ORIENTED_EDGE('',*,*,#713,.F.);
#396=ORIENTED_EDGE('',*,*,#731,.F.);
#397=ORIENTED_EDGE('',*,*,#732,.F.);
#398=ORIENTED_EDGE('',*,*,#733,.T.);
#399=ORIENTED_EDGE('',*,*,#734,.T.);
#400=ORIENTED_EDGE('',*,*,#714,.F.);
#401=ORIENTED_EDGE('',*,*,#735,.F.);
#402=ORIENTED_EDGE('',*,*,#736,.T.);
#403=ORIENTED_EDGE('',*,*,#737,.T.);
#404=ORIENTED_EDGE('',*,*,#733,.F.);
#405=ORIENTED_EDGE('',*,*,#736,.F.);
#406=ORIENTED_EDGE('',*,*,#738,.T.);
#407=ORIENTED_EDGE('',*,*,#739,.T.);
#408=ORIENTED_EDGE('',*,*,#740,.T.);
#409=ORIENTED_EDGE('',*,*,#741,.T.);
#410=ORIENTED_EDGE('',*,*,#742,.F.);
#411=ORIENTED_EDGE('',*,*,#743,.F.);
#412=ORIENTED_EDGE('',*,*,#744,.F.);
#413=ORIENTED_EDGE('',*,*,#677,.F.);
#414=ORIENTED_EDGE('',*,*,#745,.F.);
#415=ORIENTED_EDGE('',*,*,#746,.F.);
#416=ORIENTED_EDGE('',*,*,#747,.T.);
#417=ORIENTED_EDGE('',*,*,#675,.T.);
#418=ORIENTED_EDGE('',*,*,#748,.F.);
#419=ORIENTED_EDGE('',*,*,#749,.T.);
#420=ORIENTED_EDGE('',*,*,#750,.T.);
#421=ORIENTED_EDGE('',*,*,#751,.T.);
#422=ORIENTED_EDGE('',*,*,#706,.F.);
#423=ORIENTED_EDGE('',*,*,#752,.F.);
#424=ORIENTED_EDGE('',*,*,#707,.F.);
#425=ORIENTED_EDGE('',*,*,#753,.F.);
#426=ORIENTED_EDGE('',*,*,#754,.F.);
#427=ORIENTED_EDGE('',*,*,#755,.T.);
#428=ORIENTED_EDGE('',*,*,#718,.F.);
#429=ORIENTED_EDGE('',*,*,#756,.F.);
#430=ORIENTED_EDGE('',*,*,#704,.T.);
#431=ORIENTED_EDGE('',*,*,#757,.T.);
#432=ORIENTED_EDGE('',*,*,#719,.T.);
#433=ORIENTED_EDGE('',*,*,#755,.F.);
#434=ORIENTED_EDGE('',*,*,#758,.T.);
#435=ORIENTED_EDGE('',*,*,#759,.F.);
#436=ORIENTED_EDGE('',*,*,#670,.F.);
#437=ORIENTED_EDGE('',*,*,#760,.F.);
#438=ORIENTED_EDGE('',*,*,#761,.F.);
#439=ORIENTED_EDGE('',*,*,#762,.F.);
#440=ORIENTED_EDGE('',*,*,#763,.T.);
#441=ORIENTED_EDGE('',*,*,#720,.F.);
#442=ORIENTED_EDGE('',*,*,#757,.F.);
#443=ORIENTED_EDGE('',*,*,#764,.F.);
#444=ORIENTED_EDGE('',*,*,#765,.F.);
#445=ORIENTED_EDGE('',*,*,#752,.T.);
#446=ORIENTED_EDGE('',*,*,#766,.F.);
#447=ORIENTED_EDGE('',*,*,#767,.T.);
#448=ORIENTED_EDGE('',*,*,#768,.F.);
#449=ORIENTED_EDGE('',*,*,#769,.T.);
#450=ORIENTED_EDGE('',*,*,#708,.F.);
#451=ORIENTED_EDGE('',*,*,#709,.F.);
#452=ORIENTED_EDGE('',*,*,#769,.F.);
#453=ORIENTED_EDGE('',*,*,#770,.F.);
#454=ORIENTED_EDGE('',*,*,#715,.F.);
#455=ORIENTED_EDGE('',*,*,#710,.F.);
#456=ORIENTED_EDGE('',*,*,#771,.F.);
#457=ORIENTED_EDGE('',*,*,#772,.F.);
#458=ORIENTED_EDGE('',*,*,#750,.F.);
#459=ORIENTED_EDGE('',*,*,#716,.T.);
#460=ORIENTED_EDGE('',*,*,#772,.T.);
#461=ORIENTED_EDGE('',*,*,#773,.T.);
#462=ORIENTED_EDGE('',*,*,#774,.T.);
#463=ORIENTED_EDGE('',*,*,#775,.T.);
#464=ORIENTED_EDGE('',*,*,#721,.F.);
#465=ORIENTED_EDGE('',*,*,#726,.F.);
#466=ORIENTED_EDGE('',*,*,#729,.T.);
#467=ORIENTED_EDGE('',*,*,#711,.T.);
#468=ORIENTED_EDGE('',*,*,#734,.F.);
#469=ORIENTED_EDGE('',*,*,#737,.F.);
#470=ORIENTED_EDGE('',*,*,#739,.F.);
#471=ORIENTED_EDGE('',*,*,#776,.T.);
#472=ORIENTED_EDGE('',*,*,#777,.F.);
#473=ORIENTED_EDGE('',*,*,#778,.T.);
#474=ORIENTED_EDGE('',*,*,#717,.F.);
#475=ORIENTED_EDGE('',*,*,#765,.T.);
#476=ORIENTED_EDGE('',*,*,#685,.T.);
#477=ORIENTED_EDGE('',*,*,#756,.T.);
#478=ORIENTED_EDGE('',*,*,#767,.F.);
#479=ORIENTED_EDGE('',*,*,#779,.F.);
#480=ORIENTED_EDGE('',*,*,#780,.T.);
#481=ORIENTED_EDGE('',*,*,#781,.F.);
#482=ORIENTED_EDGE('',*,*,#776,.F.);
#483=ORIENTED_EDGE('',*,*,#738,.F.);
#484=ORIENTED_EDGE('',*,*,#735,.T.);
#485=ORIENTED_EDGE('',*,*,#732,.T.);
#486=ORIENTED_EDGE('',*,*,#730,.T.);
#487=ORIENTED_EDGE('',*,*,#727,.F.);
#488=ORIENTED_EDGE('',*,*,#724,.T.);
#489=ORIENTED_EDGE('',*,*,#722,.F.);
#490=ORIENTED_EDGE('',*,*,#775,.F.);
#491=ORIENTED_EDGE('',*,*,#782,.T.);
#492=ORIENTED_EDGE('',*,*,#783,.T.);
#493=ORIENTED_EDGE('',*,*,#784,.T.);
#494=ORIENTED_EDGE('',*,*,#785,.F.);
#495=ORIENTED_EDGE('',*,*,#760,.T.);
#496=ORIENTED_EDGE('',*,*,#669,.T.);
#497=ORIENTED_EDGE('',*,*,#701,.F.);
#498=ORIENTED_EDGE('',*,*,#786,.T.);
#499=ORIENTED_EDGE('',*,*,#741,.F.);
#500=ORIENTED_EDGE('',*,*,#787,.T.);
#501=ORIENTED_EDGE('',*,*,#788,.T.);
#502=ORIENTED_EDGE('',*,*,#777,.T.);
#503=ORIENTED_EDGE('',*,*,#781,.T.);
#504=ORIENTED_EDGE('',*,*,#789,.F.);
#505=ORIENTED_EDGE('',*,*,#790,.F.);
#506=ORIENTED_EDGE('',*,*,#791,.T.);
#507=ORIENTED_EDGE('',*,*,#671,.T.);
#508=ORIENTED_EDGE('',*,*,#759,.T.);
#509=ORIENTED_EDGE('',*,*,#672,.F.);
#510=ORIENTED_EDGE('',*,*,#791,.F.);
#511=ORIENTED_EDGE('',*,*,#792,.F.);
#512=ORIENTED_EDGE('',*,*,#674,.T.);
#513=ORIENTED_EDGE('',*,*,#793,.T.);
#514=ORIENTED_EDGE('',*,*,#794,.F.);
#515=ORIENTED_EDGE('',*,*,#795,.F.);
#516=ORIENTED_EDGE('',*,*,#796,.T.);
#517=ORIENTED_EDGE('',*,*,#797,.F.);
#518=ORIENTED_EDGE('',*,*,#794,.T.);
#519=ORIENTED_EDGE('',*,*,#798,.T.);
#520=ORIENTED_EDGE('',*,*,#799,.F.);
#521=ORIENTED_EDGE('',*,*,#800,.T.);
#522=ORIENTED_EDGE('',*,*,#748,.T.);
#523=ORIENTED_EDGE('',*,*,#795,.T.);
#524=ORIENTED_EDGE('',*,*,#797,.T.);
#525=ORIENTED_EDGE('',*,*,#799,.T.);
#526=ORIENTED_EDGE('',*,*,#801,.F.);
#527=ORIENTED_EDGE('',*,*,#802,.F.);
#528=ORIENTED_EDGE('',*,*,#802,.T.);
#529=ORIENTED_EDGE('',*,*,#803,.T.);
#530=ORIENTED_EDGE('',*,*,#804,.T.);
#531=ORIENTED_EDGE('',*,*,#800,.F.);
#532=ORIENTED_EDGE('',*,*,#805,.F.);
#533=ORIENTED_EDGE('',*,*,#806,.F.);
#534=ORIENTED_EDGE('',*,*,#807,.T.);
#535=ORIENTED_EDGE('',*,*,#762,.T.);
#536=ORIENTED_EDGE('',*,*,#808,.F.);
#537=ORIENTED_EDGE('',*,*,#807,.F.);
#538=ORIENTED_EDGE('',*,*,#809,.T.);
#539=ORIENTED_EDGE('',*,*,#810,.T.);
#540=ORIENTED_EDGE('',*,*,#782,.F.);
#541=ORIENTED_EDGE('',*,*,#774,.F.);
#542=ORIENTED_EDGE('',*,*,#811,.F.);
#543=ORIENTED_EDGE('',*,*,#812,.F.);
#544=ORIENTED_EDGE('',*,*,#650,.T.);
#545=ORIENTED_EDGE('',*,*,#813,.T.);
#546=ORIENTED_EDGE('',*,*,#742,.T.);
#547=ORIENTED_EDGE('',*,*,#814,.T.);
#548=ORIENTED_EDGE('',*,*,#749,.F.);
#549=ORIENTED_EDGE('',*,*,#804,.F.);
#550=ORIENTED_EDGE('',*,*,#815,.F.);
#551=ORIENTED_EDGE('',*,*,#805,.T.);
#552=ORIENTED_EDGE('',*,*,#808,.T.);
#553=ORIENTED_EDGE('',*,*,#761,.T.);
#554=ORIENTED_EDGE('',*,*,#785,.T.);
#555=ORIENTED_EDGE('',*,*,#700,.F.);
#556=ORIENTED_EDGE('',*,*,#786,.F.);
#557=ORIENTED_EDGE('',*,*,#740,.F.);
#558=ORIENTED_EDGE('',*,*,#813,.F.);
#559=ORIENTED_EDGE('',*,*,#659,.F.);
#560=ORIENTED_EDGE('',*,*,#816,.F.);
#561=ORIENTED_EDGE('',*,*,#743,.T.);
#562=ORIENTED_EDGE('',*,*,#676,.F.);
#563=ORIENTED_EDGE('',*,*,#747,.F.);
#564=ORIENTED_EDGE('',*,*,#814,.F.);
#565=ORIENTED_EDGE('',*,*,#744,.T.);
#566=ORIENTED_EDGE('',*,*,#816,.T.);
#567=ORIENTED_EDGE('',*,*,#658,.F.);
#568=ORIENTED_EDGE('',*,*,#817,.T.);
#569=ORIENTED_EDGE('',*,*,#745,.T.);
#570=ORIENTED_EDGE('',*,*,#657,.F.);
#571=ORIENTED_EDGE('',*,*,#678,.T.);
#572=ORIENTED_EDGE('',*,*,#746,.T.);
#573=ORIENTED_EDGE('',*,*,#817,.F.);
#574=ORIENTED_EDGE('',*,*,#778,.F.);
#575=ORIENTED_EDGE('',*,*,#788,.F.);
#576=ORIENTED_EDGE('',*,*,#758,.F.);
#577=ORIENTED_EDGE('',*,*,#754,.T.);
#578=ORIENTED_EDGE('',*,*,#684,.T.);
#579=ORIENTED_EDGE('',*,*,#695,.T.);
#580=ORIENTED_EDGE('',*,*,#779,.T.);
#581=ORIENTED_EDGE('',*,*,#766,.T.);
#582=ORIENTED_EDGE('',*,*,#753,.T.);
#583=ORIENTED_EDGE('',*,*,#751,.F.);
#584=ORIENTED_EDGE('',*,*,#694,.T.);
#585=ORIENTED_EDGE('',*,*,#818,.T.);
#586=ORIENTED_EDGE('',*,*,#789,.T.);
#587=ORIENTED_EDGE('',*,*,#780,.F.);
#588=ORIENTED_EDGE('',*,*,#773,.F.);
#589=ORIENTED_EDGE('',*,*,#771,.T.);
#590=ORIENTED_EDGE('',*,*,#770,.T.);
#591=ORIENTED_EDGE('',*,*,#768,.T.);
#592=ORIENTED_EDGE('',*,*,#784,.F.);
#593=ORIENTED_EDGE('',*,*,#819,.F.);
#594=ORIENTED_EDGE('',*,*,#686,.T.);
#595=ORIENTED_EDGE('',*,*,#764,.T.);
#596=ORIENTED_EDGE('',*,*,#763,.F.);
#597=ORIENTED_EDGE('',*,*,#811,.T.);
#598=ORIENTED_EDGE('',*,*,#820,.F.);
#599=ORIENTED_EDGE('',*,*,#821,.F.);
#600=ORIENTED_EDGE('',*,*,#809,.F.);
#601=ORIENTED_EDGE('',*,*,#806,.T.);
#602=ORIENTED_EDGE('',*,*,#815,.T.);
#603=ORIENTED_EDGE('',*,*,#803,.F.);
#604=ORIENTED_EDGE('',*,*,#801,.T.);
#605=ORIENTED_EDGE('',*,*,#798,.F.);
#606=ORIENTED_EDGE('',*,*,#796,.F.);
#607=ORIENTED_EDGE('',*,*,#793,.F.);
#608=ORIENTED_EDGE('',*,*,#673,.T.);
#609=ORIENTED_EDGE('',*,*,#792,.T.);
#610=ORIENTED_EDGE('',*,*,#790,.T.);
#611=ORIENTED_EDGE('',*,*,#818,.F.);
#612=ORIENTED_EDGE('',*,*,#693,.F.);
#613=ORIENTED_EDGE('',*,*,#653,.T.);
#614=ORIENTED_EDGE('',*,*,#787,.F.);
#615=ORIENTED_EDGE('',*,*,#664,.F.);
#616=ORIENTED_EDGE('',*,*,#783,.F.);
#617=ORIENTED_EDGE('',*,*,#810,.F.);
#618=ORIENTED_EDGE('',*,*,#821,.T.);
#619=ORIENTED_EDGE('',*,*,#822,.F.);
#620=ORIENTED_EDGE('',*,*,#823,.F.);
#621=ORIENTED_EDGE('',*,*,#679,.F.);
#622=ORIENTED_EDGE('',*,*,#819,.T.);
#623=ORIENTED_EDGE('',*,*,#822,.T.);
#624=ORIENTED_EDGE('',*,*,#820,.T.);
#625=ORIENTED_EDGE('',*,*,#652,.F.);
#626=ORIENTED_EDGE('',*,*,#655,.F.);
#627=ORIENTED_EDGE('',*,*,#692,.F.);
#628=ORIENTED_EDGE('',*,*,#682,.T.);
#629=ORIENTED_EDGE('',*,*,#688,.F.);
#630=ORIENTED_EDGE('',*,*,#648,.F.);
#631=ORIENTED_EDGE('',*,*,#691,.F.);
#632=ORIENTED_EDGE('',*,*,#698,.T.);
#633=ORIENTED_EDGE('',*,*,#702,.F.);
#634=ORIENTED_EDGE('',*,*,#667,.F.);
#635=ORIENTED_EDGE('',*,*,#660,.T.);
#636=ORIENTED_EDGE('',*,*,#665,.T.);
#637=ORIENTED_EDGE('',*,*,#823,.T.);
#638=ORIENTED_EDGE('',*,*,#651,.T.);
#639=ORIENTED_EDGE('',*,*,#812,.T.);
#640=ORIENTED_EDGE('',*,*,#699,.F.);
#641=ORIENTED_EDGE('',*,*,#696,.F.);
#642=ORIENTED_EDGE('',*,*,#689,.T.);
#643=ORIENTED_EDGE('',*,*,#646,.T.);
#644=ORIENTED_EDGE('',*,*,#687,.T.);
#645=ORIENTED_EDGE('',*,*,#680,.F.);
#646=EDGE_CURVE('',#824,#825,#941,.F.);
#647=EDGE_CURVE('',#824,#826,#80,.T.);
#648=EDGE_CURVE('',#826,#827,#942,.T.);
#649=EDGE_CURVE('',#827,#825,#81,.F.);
#650=EDGE_CURVE('',#828,#829,#55,.F.);
#651=EDGE_CURVE('',#830,#828,#943,.F.);
#652=EDGE_CURVE('',#830,#831,#82,.T.);
#653=EDGE_CURVE('',#832,#831,#83,.T.);
#654=EDGE_CURVE('',#833,#832,#84,.T.);
#655=EDGE_CURVE('',#833,#834,#944,.T.);
#656=EDGE_CURVE('',#835,#834,#56,.F.);
#657=EDGE_CURVE('',#835,#836,#85,.T.);
#658=EDGE_CURVE('',#836,#837,#86,.T.);
#659=EDGE_CURVE('',#837,#829,#87,.T.);
#660=EDGE_CURVE('',#838,#839,#88,.F.);
#661=EDGE_CURVE('',#838,#840,#945,.T.);
#662=EDGE_CURVE('',#841,#840,#57,.F.);
#663=EDGE_CURVE('',#841,#839,#946,.T.);
#664=EDGE_CURVE('',#842,#842,#947,.T.);
#665=EDGE_CURVE('',#839,#838,#12,.T.);
#666=EDGE_CURVE('',#841,#840,#13,.T.);
#667=EDGE_CURVE('',#834,#843,#14,.T.);
#668=EDGE_CURVE('',#844,#843,#58,.F.);
#669=EDGE_CURVE('',#845,#844,#89,.T.);
#670=EDGE_CURVE('',#845,#846,#948,.T.);
#671=EDGE_CURVE('',#847,#846,#90,.T.);
#672=EDGE_CURVE('',#847,#848,#949,.T.);
#673=EDGE_CURVE('',#849,#848,#59,.F.);
#674=EDGE_CURVE('',#850,#849,#91,.F.);
#675=EDGE_CURVE('',#851,#850,#92,.F.);
#676=EDGE_CURVE('',#851,#852,#15,.T.);
#677=EDGE_CURVE('',#852,#853,#60,.F.);
#678=EDGE_CURVE('',#835,#853,#61,.F.);
#679=EDGE_CURVE('',#854,#855,#950,.F.);
#680=EDGE_CURVE('',#855,#856,#16,.T.);
#681=EDGE_CURVE('',#856,#857,#93,.F.);
#682=EDGE_CURVE('',#858,#857,#17,.T.);
#683=EDGE_CURVE('',#859,#858,#951,.F.);
#684=EDGE_CURVE('',#860,#859,#18,.T.);
#685=EDGE_CURVE('',#861,#860,#94,.F.);
#686=EDGE_CURVE('',#854,#861,#19,.T.);
#687=EDGE_CURVE('',#825,#856,#20,.T.);
#688=EDGE_CURVE('',#827,#857,#21,.T.);
#689=EDGE_CURVE('',#862,#824,#22,.T.);
#690=EDGE_CURVE('',#863,#862,#95,.T.);
#691=EDGE_CURVE('',#863,#826,#23,.T.);
#692=EDGE_CURVE('',#858,#833,#96,.T.);
#693=EDGE_CURVE('',#832,#864,#97,.T.);
#694=EDGE_CURVE('',#865,#864,#98,.T.);
#695=EDGE_CURVE('',#859,#865,#99,.T.);
#696=EDGE_CURVE('',#862,#866,#24,.T.);
#697=EDGE_CURVE('',#867,#866,#100,.T.);
#698=EDGE_CURVE('',#863,#867,#25,.T.);
#699=EDGE_CURVE('',#866,#868,#101,.T.);
#700=EDGE_CURVE('',#868,#869,#62,.F.);
#701=EDGE_CURVE('',#869,#844,#102,.T.);
#702=EDGE_CURVE('',#843,#867,#103,.F.);
#703=EDGE_CURVE('',#870,#870,#952,.T.);
#704=EDGE_CURVE('',#871,#871,#953,.T.);
#705=EDGE_CURVE('',#872,#873,#26,.T.);
#706=EDGE_CURVE('',#872,#874,#27,.T.);
#707=EDGE_CURVE('',#874,#875,#954,.T.);
#708=EDGE_CURVE('',#875,#876,#104,.T.);
#709=EDGE_CURVE('',#876,#877,#955,.T.);
#710=EDGE_CURVE('',#877,#873,#956,.T.);
#711=EDGE_CURVE('',#878,#879,#105,.T.);
#712=EDGE_CURVE('',#880,#878,#106,.T.);
#713=EDGE_CURVE('',#880,#881,#107,.T.);
#714=EDGE_CURVE('',#881,#879,#108,.T.);
#715=EDGE_CURVE('',#873,#882,#109,.F.);
#716=EDGE_CURVE('',#872,#882,#63,.T.);
#717=EDGE_CURVE('',#883,#884,#28,.T.);
#718=EDGE_CURVE('',#884,#885,#110,.T.);
#719=EDGE_CURVE('',#886,#885,#64,.T.);
#720=EDGE_CURVE('',#886,#883,#111,.F.);
#721=EDGE_CURVE('',#887,#888,#957,.T.);
#722=EDGE_CURVE('',#888,#889,#65,.F.);
#723=EDGE_CURVE('',#887,#889,#112,.T.);
#724=EDGE_CURVE('',#890,#889,#113,.T.);
#725=EDGE_CURVE('',#890,#891,#114,.T.);
#726=EDGE_CURVE('',#891,#887,#115,.T.);
#727=EDGE_CURVE('',#890,#892,#116,.T.);
#728=EDGE_CURVE('',#892,#880,#117,.T.);
#729=EDGE_CURVE('',#891,#878,#118,.T.);
#730=EDGE_CURVE('',#893,#892,#119,.T.);
#731=EDGE_CURVE('',#893,#881,#120,.T.);
#732=EDGE_CURVE('',#894,#893,#121,.T.);
#733=EDGE_CURVE('',#894,#895,#122,.T.);
#734=EDGE_CURVE('',#895,#879,#123,.T.);
#735=EDGE_CURVE('',#896,#894,#124,.T.);
#736=EDGE_CURVE('',#896,#897,#125,.F.);
#737=EDGE_CURVE('',#897,#895,#126,.T.);
#738=EDGE_CURVE('',#896,#898,#66,.F.);
#739=EDGE_CURVE('',#898,#897,#958,.T.);
#740=EDGE_CURVE('',#899,#900,#67,.F.);
#741=EDGE_CURVE('',#900,#899,#959,.T.);
#742=EDGE_CURVE('',#901,#902,#68,.F.);
#743=EDGE_CURVE('',#903,#901,#127,.T.);
#744=EDGE_CURVE('',#902,#903,#128,.T.);
#745=EDGE_CURVE('',#904,#852,#129,.T.);
#746=EDGE_CURVE('',#853,#904,#130,.T.);
#747=EDGE_CURVE('',#905,#851,#69,.T.);
#748=EDGE_CURVE('',#906,#850,#131,.T.);
#749=EDGE_CURVE('',#906,#905,#132,.T.);
#750=EDGE_CURVE('',#872,#907,#70,.F.);
#751=EDGE_CURVE('',#907,#874,#133,.T.);
#752=EDGE_CURVE('',#875,#908,#134,.T.);
#753=EDGE_CURVE('',#908,#874,#135,.T.);
#754=EDGE_CURVE('',#909,#860,#136,.T.);
#755=EDGE_CURVE('',#909,#885,#71,.F.);
#756=EDGE_CURVE('',#860,#884,#29,.T.);
#757=EDGE_CURVE('',#910,#886,#137,.T.);
#758=EDGE_CURVE('',#909,#911,#72,.T.);
#759=EDGE_CURVE('',#846,#911,#138,.T.);
#760=EDGE_CURVE('',#912,#845,#139,.T.);
#761=EDGE_CURVE('',#913,#912,#960,.T.);
#762=EDGE_CURVE('',#914,#913,#140,.T.);
#763=EDGE_CURVE('',#914,#910,#73,.T.);
#764=EDGE_CURVE('',#861,#910,#141,.T.);
#765=EDGE_CURVE('',#883,#861,#961,.T.);
#766=EDGE_CURVE('',#915,#908,#962,.T.);
#767=EDGE_CURVE('',#915,#916,#142,.T.);
#768=EDGE_CURVE('',#917,#916,#963,.T.);
#769=EDGE_CURVE('',#917,#876,#143,.T.);
#770=EDGE_CURVE('',#877,#917,#144,.T.);
#771=EDGE_CURVE('',#918,#877,#145,.T.);
#772=EDGE_CURVE('',#882,#918,#146,.T.);
#773=EDGE_CURVE('',#918,#919,#74,.T.);
#774=EDGE_CURVE('',#919,#920,#147,.T.);
#775=EDGE_CURVE('',#920,#888,#148,.T.);
#776=EDGE_CURVE('',#898,#921,#149,.T.);
#777=EDGE_CURVE('',#922,#921,#150,.T.);
#778=EDGE_CURVE('',#922,#907,#75,.T.);
#779=EDGE_CURVE('',#865,#915,#151,.T.);
#780=EDGE_CURVE('',#865,#923,#152,.T.);
#781=EDGE_CURVE('',#921,#923,#153,.T.);
#782=EDGE_CURVE('',#920,#924,#154,.T.);
#783=EDGE_CURVE('',#924,#925,#155,.T.);
#784=EDGE_CURVE('',#925,#916,#156,.T.);
#785=EDGE_CURVE('',#912,#869,#157,.T.);
#786=EDGE_CURVE('',#900,#899,#30,.T.);
#787=EDGE_CURVE('',#926,#926,#964,.T.);
#788=EDGE_CURVE('',#911,#922,#76,.T.);
#789=EDGE_CURVE('',#927,#923,#158,.T.);
#790=EDGE_CURVE('',#928,#927,#159,.T.);
#791=EDGE_CURVE('',#928,#847,#160,.T.);
#792=EDGE_CURVE('',#848,#928,#161,.T.);
#793=EDGE_CURVE('',#849,#929,#162,.T.);
#794=EDGE_CURVE('',#930,#929,#163,.T.);
#795=EDGE_CURVE('',#850,#930,#164,.T.);
#796=EDGE_CURVE('',#929,#931,#165,.T.);
#797=EDGE_CURVE('',#930,#931,#166,.T.);
#798=EDGE_CURVE('',#931,#932,#167,.T.);
#799=EDGE_CURVE('',#933,#932,#168,.T.);
#800=EDGE_CURVE('',#933,#906,#169,.T.);
#801=EDGE_CURVE('',#934,#932,#170,.T.);
#802=EDGE_CURVE('',#933,#934,#171,.T.);
#803=EDGE_CURVE('',#934,#935,#172,.T.);
#804=EDGE_CURVE('',#935,#906,#173,.T.);
#805=EDGE_CURVE('',#936,#937,#965,.T.);
#806=EDGE_CURVE('',#938,#936,#174,.T.);
#807=EDGE_CURVE('',#938,#937,#175,.T.);
#808=EDGE_CURVE('',#937,#913,#176,.T.);
#809=EDGE_CURVE('',#938,#939,#177,.T.);
#810=EDGE_CURVE('',#939,#924,#178,.T.);
#811=EDGE_CURVE('',#914,#919,#77,.T.);
#812=EDGE_CURVE('',#828,#868,#31,.T.);
#813=EDGE_CURVE('',#829,#901,#78,.F.);
#814=EDGE_CURVE('',#902,#905,#32,.T.);
#815=EDGE_CURVE('',#936,#935,#79,.F.);
#816=EDGE_CURVE('',#903,#837,#966,.T.);
#817=EDGE_CURVE('',#836,#904,#967,.T.);
#818=EDGE_CURVE('',#864,#927,#179,.T.);
#819=EDGE_CURVE('',#854,#925,#180,.T.);
#820=EDGE_CURVE('',#940,#831,#181,.T.);
#821=EDGE_CURVE('',#939,#940,#182,.T.);
#822=EDGE_CURVE('',#925,#940,#183,.T.);
#823=EDGE_CURVE('',#855,#830,#184,.T.);
#824=VERTEX_POINT('',#1677);
#825=VERTEX_POINT('',#1678);
#826=VERTEX_POINT('',#1680);
#827=VERTEX_POINT('',#1682);
#828=VERTEX_POINT('',#1686);
#829=VERTEX_POINT('',#1687);
#830=VERTEX_POINT('',#1689);
#831=VERTEX_POINT('',#1691);
#832=VERTEX_POINT('',#1693);
#833=VERTEX_POINT('',#1695);
#834=VERTEX_POINT('',#1697);
#835=VERTEX_POINT('',#1699);
#836=VERTEX_POINT('',#1701);
#837=VERTEX_POINT('',#1703);
#838=VERTEX_POINT('',#1707);
#839=VERTEX_POINT('',#1708);
#840=VERTEX_POINT('',#1710);
#841=VERTEX_POINT('',#1712);
#842=VERTEX_POINT('',#1716);
#843=VERTEX_POINT('',#1741);
#844=VERTEX_POINT('',#1743);
#845=VERTEX_POINT('',#1745);
#846=VERTEX_POINT('',#1747);
#847=VERTEX_POINT('',#1749);
#848=VERTEX_POINT('',#1751);
#849=VERTEX_POINT('',#1753);
#850=VERTEX_POINT('',#1755);
#851=VERTEX_POINT('',#1757);
#852=VERTEX_POINT('',#1762);
#853=VERTEX_POINT('',#1764);
#854=VERTEX_POINT('',#1768);
#855=VERTEX_POINT('',#1769);
#856=VERTEX_POINT('',#1774);
#857=VERTEX_POINT('',#1776);
#858=VERTEX_POINT('',#1781);
#859=VERTEX_POINT('',#1783);
#860=VERTEX_POINT('',#1789);
#861=VERTEX_POINT('',#1791);
#862=VERTEX_POINT('',#1810);
#863=VERTEX_POINT('',#1812);
#864=VERTEX_POINT('',#1820);
#865=VERTEX_POINT('',#1822);
#866=VERTEX_POINT('',#1829);
#867=VERTEX_POINT('',#1831);
#868=VERTEX_POINT('',#1838);
#869=VERTEX_POINT('',#1840);
#870=VERTEX_POINT('',#1845);
#871=VERTEX_POINT('',#1848);
#872=VERTEX_POINT('',#1854);
#873=VERTEX_POINT('',#1855);
#874=VERTEX_POINT('',#1860);
#875=VERTEX_POINT('',#1862);
#876=VERTEX_POINT('',#1864);
#877=VERTEX_POINT('',#1866);
#878=VERTEX_POINT('',#1870);
#879=VERTEX_POINT('',#1871);
#880=VERTEX_POINT('',#1873);
#881=VERTEX_POINT('',#1875);
#882=VERTEX_POINT('',#1879);
#883=VERTEX_POINT('',#1886);
#884=VERTEX_POINT('',#1887);
#885=VERTEX_POINT('',#1889);
#886=VERTEX_POINT('',#1891);
#887=VERTEX_POINT('',#1895);
#888=VERTEX_POINT('',#1896);
#889=VERTEX_POINT('',#1898);
#890=VERTEX_POINT('',#1902);
#891=VERTEX_POINT('',#1904);
#892=VERTEX_POINT('',#1908);
#893=VERTEX_POINT('',#1913);
#894=VERTEX_POINT('',#1917);
#895=VERTEX_POINT('',#1919);
#896=VERTEX_POINT('',#1923);
#897=VERTEX_POINT('',#1925);
#898=VERTEX_POINT('',#1929);
#899=VERTEX_POINT('',#1933);
#900=VERTEX_POINT('',#1934);
#901=VERTEX_POINT('',#1938);
#902=VERTEX_POINT('',#1939);
#903=VERTEX_POINT('',#1941);
#904=VERTEX_POINT('',#1945);
#905=VERTEX_POINT('',#1949);
#906=VERTEX_POINT('',#1951);
#907=VERTEX_POINT('',#1955);
#908=VERTEX_POINT('',#1959);
#909=VERTEX_POINT('',#1963);
#910=VERTEX_POINT('',#1971);
#911=VERTEX_POINT('',#1973);
#912=VERTEX_POINT('',#1976);
#913=VERTEX_POINT('',#1978);
#914=VERTEX_POINT('',#1980);
#915=VERTEX_POINT('',#1987);
#916=VERTEX_POINT('',#1989);
#917=VERTEX_POINT('',#1991);
#918=VERTEX_POINT('',#1997);
#919=VERTEX_POINT('',#2001);
#920=VERTEX_POINT('',#2003);
#921=VERTEX_POINT('',#2006);
#922=VERTEX_POINT('',#2008);
#923=VERTEX_POINT('',#2014);
#924=VERTEX_POINT('',#2017);
#925=VERTEX_POINT('',#2019);
#926=VERTEX_POINT('',#2038);
#927=VERTEX_POINT('',#2042);
#928=VERTEX_POINT('',#2044);
#929=VERTEX_POINT('',#2050);
#930=VERTEX_POINT('',#2052);
#931=VERTEX_POINT('',#2056);
#932=VERTEX_POINT('',#2060);
#933=VERTEX_POINT('',#2062);
#934=VERTEX_POINT('',#2066);
#935=VERTEX_POINT('',#2070);
#936=VERTEX_POINT('',#2074);
#937=VERTEX_POINT('',#2075);
#938=VERTEX_POINT('',#2077);
#939=VERTEX_POINT('',#2082);
#940=VERTEX_POINT('',#2111);
#941=CIRCLE('',#1226,0.015);
#942=CIRCLE('',#1227,0.015);
#943=CIRCLE('',#1230,0.015);
#944=CIRCLE('',#1231,0.015);
#945=CIRCLE('',#1234,0.00125);
#946=CIRCLE('',#1236,0.00125);
#947=CIRCLE('',#1238,0.00125);
#948=CIRCLE('',#1241,0.0061382754670294);
#949=CIRCLE('',#1242,0.00613827546702941);
#950=CIRCLE('',#1247,0.00969402399620191);
#951=CIRCLE('',#1248,0.00969402399620191);
#952=CIRCLE('',#1256,0.00475);
#953=CIRCLE('',#1258,0.00475);
#954=CIRCLE('',#1260,0.006);
#955=CIRCLE('',#1261,0.006);
#956=CIRCLE('',#1262,0.006);
#957=CIRCLE('',#1269,0.0065);
#958=CIRCLE('',#1278,0.00613827546702941);
#959=CIRCLE('',#1281,0.00125);
#960=CIRCLE('',#1294,0.0065);
#961=CIRCLE('',#1297,0.006);
#962=CIRCLE('',#1299,0.00715757504052328);
#963=CIRCLE('',#1300,0.00715757504052159);
#964=CIRCLE('',#1310,0.00125);
#965=CIRCLE('',#1320,0.0065);
#966=CIRCLE('',#1327,0.006);
#967=CIRCLE('',#1329,0.006);
#968=EDGE_LOOP('',(#290,#291,#292,#293));
#969=EDGE_LOOP('',(#294,#295,#296,#297,#298,#299,#300,#301,#302,#303));
#970=EDGE_LOOP('',(#304,#305,#306,#307));
#971=EDGE_LOOP('',(#308));
#972=EDGE_LOOP('',(#309,#310,#311,#312));
#973=EDGE_LOOP('',(#313,#314));
#974=EDGE_LOOP('',(#315,#316,#317,#318,#319,#320,#321,#322,#323,#324,#325,
#326,#327));
#975=EDGE_LOOP('',(#328,#329,#330,#331,#332,#333,#334,#335));
#976=EDGE_LOOP('',(#336,#337,#338,#339));
#977=EDGE_LOOP('',(#340,#341,#342,#343));
#978=EDGE_LOOP('',(#344,#345,#346,#347,#348,#349));
#979=EDGE_LOOP('',(#350,#351,#352,#353));
#980=EDGE_LOOP('',(#354,#355,#356,#357,#358,#359));
#981=EDGE_LOOP('',(#360));
#982=EDGE_LOOP('',(#361));
#983=EDGE_LOOP('',(#362));
#984=EDGE_LOOP('',(#363,#364,#365,#366,#367,#368));
#985=EDGE_LOOP('',(#369,#370,#371,#372));
#986=EDGE_LOOP('',(#373,#374,#375));
#987=EDGE_LOOP('',(#376,#377,#378,#379));
#988=EDGE_LOOP('',(#380,#381,#382));
#989=EDGE_LOOP('',(#383,#384,#385,#386));
#990=EDGE_LOOP('',(#387,#388,#389,#390,#391));
#991=EDGE_LOOP('',(#392,#393,#394,#395));
#992=EDGE_LOOP('',(#396,#397,#398,#399,#400));
#993=EDGE_LOOP('',(#401,#402,#403,#404));
#994=EDGE_LOOP('',(#405,#406,#407));
#995=EDGE_LOOP('',(#408,#409));
#996=EDGE_LOOP('',(#410,#411,#412));
#997=EDGE_LOOP('',(#413,#414,#415));
#998=EDGE_LOOP('',(#416,#417,#418,#419));
#999=EDGE_LOOP('',(#420,#421,#422));
#1000=EDGE_LOOP('',(#423,#424,#425));
#1001=EDGE_LOOP('',(#426,#427,#428,#429));
#1002=EDGE_LOOP('',(#430));
#1003=EDGE_LOOP('',(#431,#432,#433,#434,#435,#436,#437,#438,#439,#440));
#1004=EDGE_LOOP('',(#441,#442,#443,#444));
#1005=EDGE_LOOP('',(#445,#446,#447,#448,#449,#450));
#1006=EDGE_LOOP('',(#451,#452,#453));
#1007=EDGE_LOOP('',(#454,#455,#456,#457));
#1008=EDGE_LOOP('',(#458,#459,#460,#461,#462,#463,#464,#465,#466,#467,#468,
#469,#470,#471,#472,#473));
#1009=EDGE_LOOP('',(#474,#475,#476,#477));
#1010=EDGE_LOOP('',(#478,#479,#480,#481,#482,#483,#484,#485,#486,#487,#488,
#489,#490,#491,#492,#493));
#1011=EDGE_LOOP('',(#494,#495,#496,#497));
#1012=EDGE_LOOP('',(#498,#499));
#1013=EDGE_LOOP('',(#500));
#1014=EDGE_LOOP('',(#501,#502,#503,#504,#505,#506,#507,#508));
#1015=EDGE_LOOP('',(#509,#510,#511));
#1016=EDGE_LOOP('',(#512,#513,#514,#515));
#1017=EDGE_LOOP('',(#516,#517,#518));
#1018=EDGE_LOOP('',(#519,#520,#521,#522,#523,#524));
#1019=EDGE_LOOP('',(#525,#526,#527));
#1020=EDGE_LOOP('',(#528,#529,#530,#531));
#1021=EDGE_LOOP('',(#532,#533,#534));
#1022=EDGE_LOOP('',(#535,#536,#537,#538,#539,#540,#541,#542));
#1023=EDGE_LOOP('',(#543,#544,#545,#546,#547,#548,#549,#550,#551,#552,#553,
#554,#555));
#1024=EDGE_LOOP('',(#556,#557));
#1025=EDGE_LOOP('',(#558,#559,#560,#561));
#1026=EDGE_LOOP('',(#562,#563,#564,#565,#566,#567,#568,#569));
#1027=EDGE_LOOP('',(#570,#571,#572,#573));
#1028=EDGE_LOOP('',(#574,#575,#576,#577,#578,#579,#580,#581,#582,#583));
#1029=EDGE_LOOP('',(#584,#585,#586,#587));
#1030=EDGE_LOOP('',(#588,#589,#590,#591,#592,#593,#594,#595,#596,#597));
#1031=EDGE_LOOP('',(#598,#599,#600,#601,#602,#603,#604,#605,#606,#607,#608,
#609,#610,#611,#612,#613));
#1032=EDGE_LOOP('',(#614));
#1033=EDGE_LOOP('',(#615));
#1034=EDGE_LOOP('',(#616,#617,#618,#619));
#1035=EDGE_LOOP('',(#620,#621,#622,#623,#624,#625));
#1036=EDGE_LOOP('',(#626,#627,#628,#629,#630,#631,#632,#633,#634));
#1037=EDGE_LOOP('',(#635,#636));
#1038=EDGE_LOOP('',(#637,#638,#639,#640,#641,#642,#643,#644,#645));
#1039=FACE_BOUND('',#968,.T.);
#1040=FACE_BOUND('',#969,.T.);
#1041=FACE_BOUND('',#970,.T.);
#1042=FACE_BOUND('',#971,.T.);
#1043=FACE_BOUND('',#972,.T.);
#1044=FACE_BOUND('',#973,.T.);
#1045=FACE_BOUND('',#974,.T.);
#1046=FACE_BOUND('',#975,.T.);
#1047=FACE_BOUND('',#976,.T.);
#1048=FACE_BOUND('',#977,.T.);
#1049=FACE_BOUND('',#978,.T.);
#1050=FACE_BOUND('',#979,.T.);
#1051=FACE_BOUND('',#980,.T.);
#1052=FACE_BOUND('',#981,.T.);
#1053=FACE_BOUND('',#982,.T.);
#1054=FACE_BOUND('',#983,.T.);
#1055=FACE_BOUND('',#984,.T.);
#1056=FACE_BOUND('',#985,.T.);
#1057=FACE_BOUND('',#986,.T.);
#1058=FACE_BOUND('',#987,.T.);
#1059=FACE_BOUND('',#988,.T.);
#1060=FACE_BOUND('',#989,.T.);
#1061=FACE_BOUND('',#990,.T.);
#1062=FACE_BOUND('',#991,.T.);
#1063=FACE_BOUND('',#992,.T.);
#1064=FACE_BOUND('',#993,.T.);
#1065=FACE_BOUND('',#994,.T.);
#1066=FACE_BOUND('',#995,.T.);
#1067=FACE_BOUND('',#996,.T.);
#1068=FACE_BOUND('',#997,.T.);
#1069=FACE_BOUND('',#998,.T.);
#1070=FACE_BOUND('',#999,.T.);
#1071=FACE_BOUND('',#1000,.T.);
#1072=FACE_BOUND('',#1001,.T.);
#1073=FACE_BOUND('',#1002,.T.);
#1074=FACE_BOUND('',#1003,.T.);
#1075=FACE_BOUND('',#1004,.T.);
#1076=FACE_BOUND('',#1005,.T.);
#1077=FACE_BOUND('',#1006,.T.);
#1078=FACE_BOUND('',#1007,.T.);
#1079=FACE_BOUND('',#1008,.T.);
#1080=FACE_BOUND('',#1009,.T.);
#1081=FACE_BOUND('',#1010,.T.);
#1082=FACE_BOUND('',#1011,.T.);
#1083=FACE_BOUND('',#1012,.T.);
#1084=FACE_BOUND('',#1013,.T.);
#1085=FACE_BOUND('',#1014,.T.);
#1086=FACE_BOUND('',#1015,.T.);
#1087=FACE_BOUND('',#1016,.T.);
#1088=FACE_BOUND('',#1017,.T.);
#1089=FACE_BOUND('',#1018,.T.);
#1090=FACE_BOUND('',#1019,.T.);
#1091=FACE_BOUND('',#1020,.T.);
#1092=FACE_BOUND('',#1021,.T.);
#1093=FACE_BOUND('',#1022,.T.);
#1094=FACE_BOUND('',#1023,.T.);
#1095=FACE_BOUND('',#1024,.T.);
#1096=FACE_BOUND('',#1025,.T.);
#1097=FACE_BOUND('',#1026,.T.);
#1098=FACE_BOUND('',#1027,.T.);
#1099=FACE_BOUND('',#1028,.T.);
#1100=FACE_BOUND('',#1029,.T.);
#1101=FACE_BOUND('',#1030,.T.);
#1102=FACE_BOUND('',#1031,.T.);
#1103=FACE_BOUND('',#1032,.T.);
#1104=FACE_BOUND('',#1033,.T.);
#1105=FACE_BOUND('',#1034,.T.);
#1106=FACE_BOUND('',#1035,.T.);
#1107=FACE_BOUND('',#1036,.T.);
#1108=FACE_BOUND('',#1037,.T.);
#1109=FACE_BOUND('',#1038,.T.);
#1110=PLANE('',#1225);
#1111=PLANE('',#1228);
#1112=PLANE('',#1233);
#1113=PLANE('',#1251);
#1114=PLANE('',#1253);
#1115=PLANE('',#1255);
#1116=PLANE('',#1263);
#1117=PLANE('',#1271);
#1118=PLANE('',#1272);
#1119=PLANE('',#1273);
#1120=PLANE('',#1274);
#1121=PLANE('',#1275);
#1122=PLANE('',#1279);
#1123=PLANE('',#1282);
#1124=PLANE('',#1284);
#1125=PLANE('',#1285);
#1126=PLANE('',#1289);
#1127=PLANE('',#1292);
#1128=PLANE('',#1296);
#1129=PLANE('',#1298);
#1130=PLANE('',#1301);
#1131=PLANE('',#1302);
#1132=PLANE('',#1303);
#1133=PLANE('',#1307);
#1134=PLANE('',#1308);
#1135=PLANE('',#1311);
#1136=PLANE('',#1313);
#1137=PLANE('',#1314);
#1138=PLANE('',#1315);
#1139=PLANE('',#1316);
#1140=PLANE('',#1317);
#1141=PLANE('',#1318);
#1142=PLANE('',#1319);
#1143=PLANE('',#1321);
#1144=PLANE('',#1326);
#1145=PLANE('',#1330);
#1146=PLANE('',#1332);
#1147=PLANE('',#1334);
#1148=PLANE('',#1335);
#1149=PLANE('',#1336);
#1150=ADVANCED_FACE('',(#1039),#1110,.T.);
#1151=ADVANCED_FACE('',(#1040),#1111,.F.);
#1152=ADVANCED_FACE('',(#1041),#1112,.F.);
#1153=ADVANCED_FACE('',(#1042,#1043),#33,.F.);
#1154=ADVANCED_FACE('',(#1044,#1045),#34,.F.);
#1155=ADVANCED_FACE('',(#1046),#35,.T.);
#1156=ADVANCED_FACE('',(#1047),#36,.T.);
#1157=ADVANCED_FACE('',(#1048),#37,.T.);
#1158=ADVANCED_FACE('',(#1049),#1113,.F.);
#1159=ADVANCED_FACE('',(#1050),#38,.T.);
#1160=ADVANCED_FACE('',(#1051),#1114,.T.);
#1161=ADVANCED_FACE('',(#1052),#1115,.F.);
#1162=ADVANCED_FACE('',(#1053,#1054),#39,.F.);
#1163=ADVANCED_FACE('',(#1055),#40,.T.);
#1164=ADVANCED_FACE('',(#1056),#1116,.T.);
#1165=ADVANCED_FACE('',(#1057),#41,.T.);
#1166=ADVANCED_FACE('',(#1058),#42,.T.);
#1167=ADVANCED_FACE('',(#1059),#43,.F.);
#1168=ADVANCED_FACE('',(#1060),#1117,.F.);
#1169=ADVANCED_FACE('',(#1061),#1118,.T.);
#1170=ADVANCED_FACE('',(#1062),#1119,.F.);
#1171=ADVANCED_FACE('',(#1063),#1120,.F.);
#1172=ADVANCED_FACE('',(#1064),#1121,.F.);
#1173=ADVANCED_FACE('',(#1065),#44,.F.);
#1174=ADVANCED_FACE('',(#1066),#1122,.T.);
#1175=ADVANCED_FACE('',(#1067),#1123,.F.);
#1176=ADVANCED_FACE('',(#1068),#1124,.F.);
#1177=ADVANCED_FACE('',(#1069),#1125,.T.);
#1178=ADVANCED_FACE('',(#1070),#45,.T.);
#1179=ADVANCED_FACE('',(#1071),#1126,.T.);
#1180=ADVANCED_FACE('',(#1072),#46,.T.);
#1181=ADVANCED_FACE('',(#1073,#1074),#1127,.T.);
#1182=ADVANCED_FACE('',(#1075),#1128,.F.);
#1183=ADVANCED_FACE('',(#1076),#1129,.F.);
#1184=ADVANCED_FACE('',(#1077),#1130,.F.);
#1185=ADVANCED_FACE('',(#1078),#1131,.F.);
#1186=ADVANCED_FACE('',(#1079),#1132,.T.);
#1187=ADVANCED_FACE('',(#1080),#47,.T.);
#1188=ADVANCED_FACE('',(#1081),#1133,.F.);
#1189=ADVANCED_FACE('',(#1082),#1134,.T.);
#1190=ADVANCED_FACE('',(#1083,#1084),#48,.F.);
#1191=ADVANCED_FACE('',(#1085),#1135,.T.);
#1192=ADVANCED_FACE('',(#1086),#1136,.T.);
#1193=ADVANCED_FACE('',(#1087),#1137,.F.);
#1194=ADVANCED_FACE('',(#1088),#1138,.F.);
#1195=ADVANCED_FACE('',(#1089),#1139,.F.);
#1196=ADVANCED_FACE('',(#1090),#1140,.T.);
#1197=ADVANCED_FACE('',(#1091),#1141,.F.);
#1198=ADVANCED_FACE('',(#1092),#1142,.T.);
#1199=ADVANCED_FACE('',(#1093),#1143,.F.);
#1200=ADVANCED_FACE('',(#1094,#1095),#49,.F.);
#1201=ADVANCED_FACE('',(#1096),#1144,.F.);
#1202=ADVANCED_FACE('',(#1097),#50,.T.);
#1203=ADVANCED_FACE('',(#1098),#1145,.T.);
#1204=ADVANCED_FACE('',(#1099),#51,.T.);
#1205=ADVANCED_FACE('',(#1100),#1146,.T.);
#1206=ADVANCED_FACE('',(#1101),#52,.T.);
#1207=ADVANCED_FACE('',(#1102,#1103,#1104),#1147,.T.);
#1208=ADVANCED_FACE('',(#1105),#1148,.T.);
#1209=ADVANCED_FACE('',(#1106),#1149,.T.);
#1210=ADVANCED_FACE('',(#1107,#1108),#53,.T.);
#1211=ADVANCED_FACE('',(#1109),#54,.T.);
#1212=CLOSED_SHELL('',(#1150,#1151,#1152,#1153,#1154,#1155,#1156,#1157,
#1158,#1159,#1160,#1161,#1162,#1163,#1164,#1165,#1166,#1167,#1168,#1169,
#1170,#1171,#1172,#1173,#1174,#1175,#1176,#1177,#1178,#1179,#1180,#1181,
#1182,#1183,#1184,#1185,#1186,#1187,#1188,#1189,#1190,#1191,#1192,#1193,
#1194,#1195,#1196,#1197,#1198,#1199,#1200,#1201,#1202,#1203,#1204,#1205,
#1206,#1207,#1208,#1209,#1210,#1211));
#1213=STYLED_ITEM('',(#1214),#1221);
#1214=PRESENTATION_STYLE_ASSIGNMENT((#1215));
#1215=SURFACE_STYLE_USAGE(.BOTH.,#1216);
#1216=SURFACE_SIDE_STYLE('',(#1217));
#1217=SURFACE_STYLE_FILL_AREA(#1218);
#1218=FILL_AREA_STYLE('',(#1219));
#1219=FILL_AREA_STYLE_COLOUR('',#1220);
#1220=COLOUR_RGB('',0.796078431372549,0.823529411764706,0.937254901960784);
#1221=MANIFOLD_SOLID_BREP('Palm_bone1',#1212);
#1222=SHAPE_DEFINITION_REPRESENTATION(#2125,#1223);
#1223=SHAPE_REPRESENTATION('Palm_bone1',(#1224),#2120);
#1224=AXIS2_PLACEMENT_3D('',#1674,#1339,#1340);
#1225=AXIS2_PLACEMENT_3D('',#1675,#1341,#1342);
#1226=AXIS2_PLACEMENT_3D('',#1676,#1343,#1344);
#1227=AXIS2_PLACEMENT_3D('',#1681,#1346,#1347);
#1228=AXIS2_PLACEMENT_3D('',#1684,#1349,#1350);
#1229=AXIS2_PLACEMENT_3D('',#1685,#1351,#1352);
#1230=AXIS2_PLACEMENT_3D('',#1688,#1353,#1354);
#1231=AXIS2_PLACEMENT_3D('',#1696,#1358,#1359);
#1232=AXIS2_PLACEMENT_3D('',#1698,#1360,#1361);
#1233=AXIS2_PLACEMENT_3D('',#1705,#1365,#1366);
#1234=AXIS2_PLACEMENT_3D('',#1709,#1368,#1369);
#1235=AXIS2_PLACEMENT_3D('',#1711,#1370,#1371);
#1236=AXIS2_PLACEMENT_3D('',#1713,#1372,#1373);
#1237=AXIS2_PLACEMENT_3D('',#1714,#1374,#1375);
#1238=AXIS2_PLACEMENT_3D('',#1715,#1376,#1377);
#1239=AXIS2_PLACEMENT_3D('',#1733,#1378,#1379);
#1240=AXIS2_PLACEMENT_3D('',#1742,#1380,#1381);
#1241=AXIS2_PLACEMENT_3D('',#1746,#1383,#1384);
#1242=AXIS2_PLACEMENT_3D('',#1750,#1386,#1387);
#1243=AXIS2_PLACEMENT_3D('',#1752,#1388,#1389);
#1244=AXIS2_PLACEMENT_3D('',#1763,#1392,#1393);
#1245=AXIS2_PLACEMENT_3D('',#1765,#1394,#1395);
#1246=AXIS2_PLACEMENT_3D('',#1766,#1396,#1397);
#1247=AXIS2_PLACEMENT_3D('',#1767,#1398,#1399);
#1248=AXIS2_PLACEMENT_3D('',#1782,#1401,#1402);
#1249=AXIS2_PLACEMENT_3D('',#1796,#1404,#1405);
#1250=AXIS2_PLACEMENT_3D('',#1805,#1406,#1407);
#1251=AXIS2_PLACEMENT_3D('',#1817,#1409,#1410);
#1252=AXIS2_PLACEMENT_3D('',#1824,#1415,#1416);
#1253=AXIS2_PLACEMENT_3D('',#1836,#1418,#1419);
#1254=AXIS2_PLACEMENT_3D('',#1839,#1421,#1422);
#1255=AXIS2_PLACEMENT_3D('',#1843,#1425,#1426);
#1256=AXIS2_PLACEMENT_3D('',#1844,#1427,#1428);
#1257=AXIS2_PLACEMENT_3D('',#1846,#1429,#1430);
#1258=AXIS2_PLACEMENT_3D('',#1847,#1431,#1432);
#1259=AXIS2_PLACEMENT_3D('',#1849,#1433,#1434);
#1260=AXIS2_PLACEMENT_3D('',#1861,#1435,#1436);
#1261=AXIS2_PLACEMENT_3D('',#1865,#1438,#1439);
#1262=AXIS2_PLACEMENT_3D('',#1867,#1440,#1441);
#1263=AXIS2_PLACEMENT_3D('',#1868,#1442,#1443);
#1264=AXIS2_PLACEMENT_3D('',#1877,#1448,#1449);
#1265=AXIS2_PLACEMENT_3D('',#1880,#1451,#1452);
#1266=AXIS2_PLACEMENT_3D('',#1881,#1453,#1454);
#1267=AXIS2_PLACEMENT_3D('',#1890,#1456,#1457);
#1268=AXIS2_PLACEMENT_3D('',#1893,#1459,#1460);
#1269=AXIS2_PLACEMENT_3D('',#1894,#1461,#1462);
#1270=AXIS2_PLACEMENT_3D('',#1897,#1463,#1464);
#1271=AXIS2_PLACEMENT_3D('',#1900,#1466,#1467);
#1272=AXIS2_PLACEMENT_3D('',#1906,#1471,#1472);
#1273=AXIS2_PLACEMENT_3D('',#1911,#1476,#1477);
#1274=AXIS2_PLACEMENT_3D('',#1915,#1480,#1481);
#1275=AXIS2_PLACEMENT_3D('',#1921,#1485,#1486);
#1276=AXIS2_PLACEMENT_3D('',#1927,#1490,#1491);
#1277=AXIS2_PLACEMENT_3D('',#1928,#1492,#1493);
#1278=AXIS2_PLACEMENT_3D('',#1930,#1494,#1495);
#1279=AXIS2_PLACEMENT_3D('',#1931,#1496,#1497);
#1280=AXIS2_PLACEMENT_3D('',#1932,#1498,#1499);
#1281=AXIS2_PLACEMENT_3D('',#1935,#1500,#1501);
#1282=AXIS2_PLACEMENT_3D('',#1936,#1502,#1503);
#1283=AXIS2_PLACEMENT_3D('',#1937,#1504,#1505);
#1284=AXIS2_PLACEMENT_3D('',#1943,#1508,#1509);
#1285=AXIS2_PLACEMENT_3D('',#1947,#1512,#1513);
#1286=AXIS2_PLACEMENT_3D('',#1948,#1514,#1515);
#1287=AXIS2_PLACEMENT_3D('',#1953,#1518,#1519);
#1288=AXIS2_PLACEMENT_3D('',#1954,#1520,#1521);
#1289=AXIS2_PLACEMENT_3D('',#1957,#1523,#1524);
#1290=AXIS2_PLACEMENT_3D('',#1961,#1527,#1528);
#1291=AXIS2_PLACEMENT_3D('',#1964,#1530,#1531);
#1292=AXIS2_PLACEMENT_3D('',#1969,#1532,#1533);
#1293=AXIS2_PLACEMENT_3D('',#1972,#1535,#1536);
#1294=AXIS2_PLACEMENT_3D('',#1977,#1539,#1540);
#1295=AXIS2_PLACEMENT_3D('',#1981,#1542,#1543);
#1296=AXIS2_PLACEMENT_3D('',#1982,#1544,#1545);
#1297=AXIS2_PLACEMENT_3D('',#1984,#1547,#1548);
#1298=AXIS2_PLACEMENT_3D('',#1985,#1549,#1550);
#1299=AXIS2_PLACEMENT_3D('',#1986,#1551,#1552);
#1300=AXIS2_PLACEMENT_3D('',#1990,#1554,#1555);
#1301=AXIS2_PLACEMENT_3D('',#1993,#1557,#1558);
#1302=AXIS2_PLACEMENT_3D('',#1995,#1560,#1561);
#1303=AXIS2_PLACEMENT_3D('',#1999,#1564,#1565);
#1304=AXIS2_PLACEMENT_3D('',#2000,#1566,#1567);
#1305=AXIS2_PLACEMENT_3D('',#2009,#1572,#1573);
#1306=AXIS2_PLACEMENT_3D('',#2010,#1574,#1575);
#1307=AXIS2_PLACEMENT_3D('',#2011,#1576,#1577);
#1308=AXIS2_PLACEMENT_3D('',#2021,#1584,#1585);
#1309=AXIS2_PLACEMENT_3D('',#2023,#1587,#1588);
#1310=AXIS2_PLACEMENT_3D('',#2037,#1589,#1590);
#1311=AXIS2_PLACEMENT_3D('',#2039,#1591,#1592);
#1312=AXIS2_PLACEMENT_3D('',#2040,#1593,#1594);
#1313=AXIS2_PLACEMENT_3D('',#2046,#1598,#1599);
#1314=AXIS2_PLACEMENT_3D('',#2048,#1601,#1602);
#1315=AXIS2_PLACEMENT_3D('',#2054,#1606,#1607);
#1316=AXIS2_PLACEMENT_3D('',#2058,#1610,#1611);
#1317=AXIS2_PLACEMENT_3D('',#2064,#1615,#1616);
#1318=AXIS2_PLACEMENT_3D('',#2068,#1619,#1620);
#1319=AXIS2_PLACEMENT_3D('',#2072,#1623,#1624);
#1320=AXIS2_PLACEMENT_3D('',#2073,#1625,#1626);
#1321=AXIS2_PLACEMENT_3D('',#2079,#1629,#1630);
#1322=AXIS2_PLACEMENT_3D('',#2084,#1634,#1635);
#1323=AXIS2_PLACEMENT_3D('',#2085,#1636,#1637);
#1324=AXIS2_PLACEMENT_3D('',#2093,#1638,#1639);
#1325=AXIS2_PLACEMENT_3D('',#2098,#1640,#1641);
#1326=AXIS2_PLACEMENT_3D('',#2099,#1642,#1643);
#1327=AXIS2_PLACEMENT_3D('',#2100,#1644,#1645);
#1328=AXIS2_PLACEMENT_3D('',#2101,#1646,#1647);
#1329=AXIS2_PLACEMENT_3D('',#2102,#1648,#1649);
#1330=AXIS2_PLACEMENT_3D('',#2103,#1650,#1651);
#1331=AXIS2_PLACEMENT_3D('',#2104,#1652,#1653);
#1332=AXIS2_PLACEMENT_3D('',#2105,#1654,#1655);
#1333=AXIS2_PLACEMENT_3D('',#2107,#1657,#1658);
#1334=AXIS2_PLACEMENT_3D('',#2109,#1660,#1661);
#1335=AXIS2_PLACEMENT_3D('',#2113,#1664,#1665);
#1336=AXIS2_PLACEMENT_3D('',#2115,#1667,#1668);
#1337=AXIS2_PLACEMENT_3D('',#2117,#1670,#1671);
#1338=AXIS2_PLACEMENT_3D('',#2118,#1672,#1673);
#1339=DIRECTION('',(0.,0.,1.));
#1340=DIRECTION('',(1.,0.,0.));
#1341=DIRECTION('',(0.,-1.,0.));
#1342=DIRECTION('',(1.,0.,0.));
#1343=DIRECTION('',(0.,-1.,0.));
#1344=DIRECTION('',(1.,0.,0.));
#1345=DIRECTION('',(1.,0.,1.06642836637918E-16));
#1346=DIRECTION('',(0.,-1.,0.));
#1347=DIRECTION('',(1.,0.,0.));
#1348=DIRECTION('',(1.,0.,1.06642836637918E-16));
#1349=DIRECTION('',(0.,-1.,0.));
#1350=DIRECTION('',(1.,0.,0.));
#1351=DIRECTION('',(0.,-1.,0.));
#1352=DIRECTION('',(-0.0581018513808587,0.,-0.998310660499084));
#1353=DIRECTION('',(0.,1.,0.));
#1354=DIRECTION('',(-1.,0.,0.));
#1355=DIRECTION('',(1.32746021322352E-14,-7.63413366337736E-14,1.));
#1356=DIRECTION('',(-1.,0.,0.));
#1357=DIRECTION('',(1.32746021322352E-14,-7.63413366337736E-14,1.));
#1358=DIRECTION('',(0.,1.,-5.41030040162767E-17));
#1359=DIRECTION('',(0.,5.41030040162767E-17,1.));
#1360=DIRECTION('',(0.,-1.,0.));
#1361=DIRECTION('',(-0.0581018513808587,0.,-0.998310660499084));
#1362=DIRECTION('',(0.,0.,1.));
#1363=DIRECTION('',(-1.,0.,0.));
#1364=DIRECTION('',(0.,0.,-1.));
#1365=DIRECTION('',(-1.32746021322352E-14,7.63413366337736E-14,-1.));
#1366=DIRECTION('',(-2.99760216648792E-15,1.,7.63413366337737E-14));
#1367=DIRECTION('',(0.,1.,-7.1095224425279E-17));
#1368=DIRECTION('',(1.32746021322352E-14,-7.63413366337736E-14,1.));
#1369=DIRECTION('',(0.,-1.,-7.63413366337736E-14));
#1370=DIRECTION('',(-1.32746021322352E-14,7.63413366337736E-14,-1.));
#1371=DIRECTION('',(-0.0348994967025128,0.999390827019095,7.67581084875113E-14));
#1372=DIRECTION('',(1.32746021322352E-14,-7.63413366337736E-14,1.));
#1373=DIRECTION('',(0.,-1.,-7.63413366337736E-14));
#1374=DIRECTION('',(1.32746021322352E-14,-7.63413366337736E-14,1.));
#1375=DIRECTION('',(0.,-1.,-7.63413366337736E-14));
#1376=DIRECTION('',(1.32746021322352E-14,-7.63413366337736E-14,1.));
#1377=DIRECTION('',(0.,-1.,-7.63413366337736E-14));
#1378=DIRECTION('',(-0.0299307457173498,0.857104415308123,-0.514272468366842));
#1379=DIRECTION('',(-0.999390827019095,-0.0348994967025131,1.0084469966798E-14));
#1380=DIRECTION('',(0.,2.3913601307301E-16,-1.));
#1381=DIRECTION('',(-0.0348994967025192,0.999390827019095,2.38990337875084E-16));
#1382=DIRECTION('',(-0.0299307457173498,0.857104415308123,-0.514272468366842));
#1383=DIRECTION('',(0.0299307457173498,-0.857104415308123,0.514272468366842));
#1384=DIRECTION('',(-0.999390827019095,-0.0348994967025131,1.0084469966798E-14));
#1385=DIRECTION('',(0.0299307457173498,-0.857104415308123,0.514272468366842));
#1386=DIRECTION('',(0.0299307457173498,-0.857104415308123,0.514272468366842));
#1387=DIRECTION('',(0.999390827019095,0.0348994967025131,-1.0084469966798E-14));
#1388=DIRECTION('',(1.32746021322352E-14,-7.63413366337736E-14,1.));
#1389=DIRECTION('',(-0.0348994967025128,0.999390827019095,7.67581084875113E-14));
#1390=DIRECTION('',(-0.0299307457173498,0.857104415308123,-0.514272468366842));
#1391=DIRECTION('',(-0.0299307457173498,0.857104415308123,-0.514272468366842));
#1392=DIRECTION('',(0.,-1.,-9.6373526443156E-17));
#1393=DIRECTION('',(-0.0581018513808587,9.62107188380929E-17,-0.998310660499084));
#1394=DIRECTION('',(-1.,0.,0.));
#1395=DIRECTION('',(0.,0.857488591748365,-0.5145029786322));
#1396=DIRECTION('',(-1.,0.,-1.06642836637918E-16));
#1397=DIRECTION('',(1.06642836637918E-16,0.,-1.));
#1398=DIRECTION('',(-1.,0.,0.));
#1399=DIRECTION('',(0.,-1.,0.));
#1400=DIRECTION('',(-1.,0.,-1.06642836637918E-16));
#1401=DIRECTION('',(-1.,0.,0.));
#1402=DIRECTION('',(0.,-1.,0.));
#1403=DIRECTION('',(-1.,0.,0.));
#1404=DIRECTION('',(-1.,0.,-1.06642836637918E-16));
#1405=DIRECTION('',(1.06642836637918E-16,0.,-1.));
#1406=DIRECTION('',(-1.,0.,-1.06642836637918E-16));
#1407=DIRECTION('',(1.06642836637918E-16,0.,-1.));
#1408=DIRECTION('',(-1.,0.,-1.06642836637918E-16));
#1409=DIRECTION('',(-1.,0.,0.));
#1410=DIRECTION('',(0.,-1.,0.));
#1411=DIRECTION('',(0.,1.,-7.1095224425279E-17));
#1412=DIRECTION('',(0.,-1.,-7.63472514893558E-14));
#1413=DIRECTION('',(0.,7.63413366337737E-14,-1.));
#1414=DIRECTION('',(0.,1.,-7.1095224425279E-17));
#1415=DIRECTION('',(-1.,0.,-1.06642836637918E-16));
#1416=DIRECTION('',(1.06642836637918E-16,0.,-1.));
#1417=DIRECTION('',(-1.,0.,-1.06642836637918E-16));
#1418=DIRECTION('',(0.,2.3913601307301E-16,-1.));
#1419=DIRECTION('',(0.,1.,2.3913601307301E-16));
#1420=DIRECTION('',(0.,1.,0.));
#1421=DIRECTION('',(0.,2.3913601307301E-16,-1.));
#1422=DIRECTION('',(-0.0348994967025192,0.999390827019095,2.38990337875084E-16));
#1423=DIRECTION('',(0.999390827019096,0.0348994967024963,1.12386393745524E-17));
#1424=DIRECTION('',(0.,1.,-7.1095224425279E-17));
#1425=DIRECTION('',(0.0299307457173498,-0.857104415308123,0.514272468366842));
#1426=DIRECTION('',(0.999390827019095,0.0348994967025131,-1.0084469966798E-14));
#1427=DIRECTION('',(0.0299307457173498,-0.857104415308123,0.514272468366842));
#1428=DIRECTION('',(0.999390827019095,0.0348994967025131,-1.0084469966798E-14));
#1429=DIRECTION('',(-0.0299307457173498,0.857104415308123,-0.514272468366842));
#1430=DIRECTION('',(-0.999390827019095,-0.0348994967025131,1.0084469966798E-14));
#1431=DIRECTION('',(0.0299307457173498,-0.857104415308123,0.514272468366842));
#1432=DIRECTION('',(0.999390827019095,0.0348994967025131,-1.0084469966798E-14));
#1433=DIRECTION('',(-1.,0.,0.));
#1434=DIRECTION('',(0.,-1.,0.));
#1435=DIRECTION('',(-1.,0.,-1.73472347597681E-16));
#1436=DIRECTION('',(1.73472347597681E-16,0.,-1.));
#1437=DIRECTION('',(-1.,0.,0.));
#1438=DIRECTION('',(1.,0.,1.73472347597681E-16));
#1439=DIRECTION('',(-1.73472347597681E-16,0.,1.));
#1440=DIRECTION('',(1.,0.,1.73472347597681E-16));
#1441=DIRECTION('',(-1.73472347597681E-16,0.,1.));
#1442=DIRECTION('',(0.0179478503139533,-0.51395918747429,-0.857626858417969));
#1443=DIRECTION('',(0.0299307457173498,-0.857104415308123,0.514272468366842));
#1444=DIRECTION('',(0.999390827019095,0.0348994967025131,-1.0084469966798E-14));
#1445=DIRECTION('',(0.0299307457173498,-0.857104415308123,0.514272468366842));
#1446=DIRECTION('',(0.999390827019095,0.0348994967025131,-1.0084469966798E-14));
#1447=DIRECTION('',(0.0299307457173498,-0.857104415308123,0.514272468366842));
#1448=DIRECTION('',(0.,1.,0.));
#1449=DIRECTION('',(-1.,0.,0.));
#1450=DIRECTION('',(0.,1.,0.));
#1451=DIRECTION('',(0.0299307457173498,-0.857104415308123,0.514272468366842));
#1452=DIRECTION('',(0.0497993533561103,0.515142719311184,0.855656474962933));
#1453=DIRECTION('',(0.,1.,0.));
#1454=DIRECTION('',(-1.,0.,0.));
#1455=DIRECTION('',(0.,1.,0.));
#1456=DIRECTION('',(-0.0299307457173498,0.857104415308123,-0.514272468366842));
#1457=DIRECTION('',(0.0497993533561103,0.515142719311184,0.855656474962933));
#1458=DIRECTION('',(0.,1.,0.));
#1459=DIRECTION('',(-0.0299307457173498,0.857104415308123,-0.514272468366842));
#1460=DIRECTION('',(-0.999390827019095,-0.0348994967025131,1.0084469966798E-14));
#1461=DIRECTION('',(0.0299307457173498,-0.857104415308123,0.514272468366842));
#1462=DIRECTION('',(0.999390827019095,0.0348994967025131,-1.0084469966798E-14));
#1463=DIRECTION('',(1.32746021322352E-14,-7.63413366337736E-14,1.));
#1464=DIRECTION('',(-0.0348994967025128,0.999390827019095,7.67581084875113E-14));
#1465=DIRECTION('',(-0.0299307457173498,0.857104415308123,-0.514272468366842));
#1466=DIRECTION('',(0.0179478503139533,-0.51395918747429,-0.857626858417969));
#1467=DIRECTION('',(0.0299307457173498,-0.857104415308123,0.514272468366842));
#1468=DIRECTION('',(0.999390827019095,0.034899496702514,-1.06022413771681E-14));
#1469=DIRECTION('',(0.0299307457173498,-0.857104415308123,0.514272468366842));
#1470=DIRECTION('',(0.999390827019095,0.0348994967025131,-1.0084469966798E-14));
#1471=DIRECTION('',(0.999390827019095,0.0348994967025131,-1.0084469966798E-14));
#1472=DIRECTION('',(-0.0299307457173498,0.857104415308123,-0.514272468366842));
#1473=DIRECTION('',(-0.0348994967025131,0.999390827019095,7.67581084875113E-14));
#1474=DIRECTION('',(-0.0179478503139533,0.51395918747429,0.857626858417969));
#1475=DIRECTION('',(-0.0179478503139533,0.51395918747429,0.857626858417969));
#1476=DIRECTION('',(-0.0299307457173498,0.857104415308123,-0.514272468366842));
#1477=DIRECTION('',(-0.999390827019095,-0.0348994967025131,1.0084469966798E-14));
#1478=DIRECTION('',(-0.999390827019095,-0.0348994967025128,1.06022413771682E-14));
#1479=DIRECTION('',(-0.0179478503139533,0.51395918747429,0.857626858417969));
#1480=DIRECTION('',(0.999390827019095,0.0348994967025131,-1.0084469966798E-14));
#1481=DIRECTION('',(-0.0299307457173498,0.857104415308123,-0.514272468366842));
#1482=DIRECTION('',(-0.0348994967025131,0.999390827019095,7.67581084875113E-14));
#1483=DIRECTION('',(0.0299307457173498,-0.857104415308123,0.514272468366842));
#1484=DIRECTION('',(-0.0179478503139533,0.51395918747429,0.857626858417969));
#1485=DIRECTION('',(0.0179478503139533,-0.51395918747429,-0.857626858417969));
#1486=DIRECTION('',(0.0299307457173498,-0.857104415308123,0.514272468366842));
#1487=DIRECTION('',(0.999390827019095,0.034899496702514,-1.06022413771681E-14));
#1488=DIRECTION('',(-0.0299307457173498,0.857104415308123,-0.514272468366842));
#1489=DIRECTION('',(0.999390827019095,0.0348994967025131,-1.0084469966798E-14));
#1490=DIRECTION('',(-0.0299307457173498,0.857104415308123,-0.514272468366842));
#1491=DIRECTION('',(-0.999390827019095,-0.0348994967025131,1.0084469966798E-14));
#1492=DIRECTION('',(1.32746021322352E-14,-7.63413366337736E-14,1.));
#1493=DIRECTION('',(-0.0348994967025128,0.999390827019095,7.67581084875113E-14));
#1494=DIRECTION('',(0.0299307457173498,-0.857104415308123,0.514272468366842));
#1495=DIRECTION('',(0.999390827019095,0.0348994967025131,-1.0084469966798E-14));
#1496=DIRECTION('',(1.32746021322352E-14,-7.63413366337736E-14,1.));
#1497=DIRECTION('',(2.99760216648792E-15,-1.,-7.63413366337737E-14));
#1498=DIRECTION('',(1.32746021322352E-14,-7.63413366337736E-14,1.));
#1499=DIRECTION('',(-0.0348994967025128,0.999390827019095,7.67581084875113E-14));
#1500=DIRECTION('',(1.32746021322352E-14,-7.63413366337736E-14,1.));
#1501=DIRECTION('',(0.,-1.,-7.63413366337736E-14));
#1502=DIRECTION('',(0.,-1.,-9.6373526443156E-17));
#1503=DIRECTION('',(0.,9.6373526443156E-17,-1.));
#1504=DIRECTION('',(0.,-1.,-9.6373526443156E-17));
#1505=DIRECTION('',(-0.0581018513808587,9.62107188380929E-17,-0.998310660499084));
#1506=DIRECTION('',(0.,6.53196499512665E-17,-1.));
#1507=DIRECTION('',(-1.,0.,0.));
#1508=DIRECTION('',(0.,-1.,-9.6373526443156E-17));
#1509=DIRECTION('',(0.,9.6373526443156E-17,-1.));
#1510=DIRECTION('',(-1.,0.,0.));
#1511=DIRECTION('',(0.,-6.53196499512665E-17,1.));
#1512=DIRECTION('',(0.0179478503139533,-0.51395918747429,-0.857626858417969));
#1513=DIRECTION('',(0.0299307457173498,-0.857104415308123,0.514272468366842));
#1514=DIRECTION('',(0.0179478503139533,-0.51395918747429,-0.857626858417969));
#1515=DIRECTION('',(-0.999838924361873,-0.00922594863983408,-0.0153950382457211));
#1516=DIRECTION('',(0.999390827019095,0.0348994967025131,-1.0084469966798E-14));
#1517=DIRECTION('',(-0.0299307457173498,0.857104415308123,-0.514272468366842));
#1518=DIRECTION('',(0.,1.,0.));
#1519=DIRECTION('',(-1.,0.,0.));
#1520=DIRECTION('',(0.0299307457173498,-0.857104415308123,0.514272468366842));
#1521=DIRECTION('',(0.0497993533561103,0.515142719311184,0.855656474962933));
#1522=DIRECTION('',(0.,1.,0.));
#1523=DIRECTION('',(-1.,0.,0.));
#1524=DIRECTION('',(0.,-1.,0.));
#1525=DIRECTION('',(0.,0.,1.));
#1526=DIRECTION('',(0.,-1.,0.));
#1527=DIRECTION('',(0.,1.,0.));
#1528=DIRECTION('',(-1.,0.,0.));
#1529=DIRECTION('',(0.,-1.,0.));
#1530=DIRECTION('',(-0.0299307457173498,0.857104415308123,-0.514272468366842));
#1531=DIRECTION('',(0.0497993533561103,0.515142719311184,0.855656474962933));
#1532=DIRECTION('',(-0.0299307457173498,0.857104415308123,-0.514272468366842));
#1533=DIRECTION('',(-0.999390827019095,-0.0348994967025131,1.0084469966798E-14));
#1534=DIRECTION('',(-1.48750559048818E-16,0.5145029786322,0.857488591748365));
#1535=DIRECTION('',(-0.0299307457173498,0.857104415308123,-0.514272468366842));
#1536=DIRECTION('',(0.0497993533561103,0.515142719311184,0.855656474962933));
#1537=DIRECTION('',(-0.0179478503139536,0.51395918747429,0.857626858417969));
#1538=DIRECTION('',(0.999390827019095,0.0348994967025128,-1.06686015548354E-14));
#1539=DIRECTION('',(0.0299307457173498,-0.857104415308123,0.514272468366842));
#1540=DIRECTION('',(-0.999390827019095,-0.0348994967025131,1.0084469966798E-14));
#1541=DIRECTION('',(0.0179478503139533,-0.51395918747429,-0.857626858417969));
#1542=DIRECTION('',(-0.0299307457173498,0.857104415308123,-0.514272468366842));
#1543=DIRECTION('',(0.0497993533561103,0.515142719311184,0.855656474962933));
#1544=DIRECTION('',(1.,0.,1.73472347597681E-16));
#1545=DIRECTION('',(-1.73472347597681E-16,0.,1.));
#1546=DIRECTION('',(0.,1.,-1.30104260698261E-16));
#1547=DIRECTION('',(1.,0.,1.73472347597681E-16));
#1548=DIRECTION('',(-1.73472347597681E-16,0.,1.));
#1549=DIRECTION('',(0.,-1.,0.));
#1550=DIRECTION('',(1.,0.,0.));
#1551=DIRECTION('',(0.,-1.,7.1095224425279E-17));
#1552=DIRECTION('',(0.,-7.1095224425279E-17,-1.));
#1553=DIRECTION('',(-1.,0.,1.32746021322352E-14));
#1554=DIRECTION('',(0.,-1.,7.1095224425279E-17));
#1555=DIRECTION('',(0.,-7.1095224425279E-17,-1.));
#1556=DIRECTION('',(0.,0.,-1.));
#1557=DIRECTION('',(-1.,0.,0.));
#1558=DIRECTION('',(0.,-1.,0.));
#1559=DIRECTION('',(0.,1.,-1.30104260698261E-16));
#1560=DIRECTION('',(1.,0.,1.73472347597681E-16));
#1561=DIRECTION('',(-1.73472347597681E-16,0.,1.));
#1562=DIRECTION('',(0.,1.,-1.30104260698261E-16));
#1563=DIRECTION('',(1.48750559048818E-16,-0.5145029786322,-0.857488591748365));
#1564=DIRECTION('',(0.0299307457173498,-0.857104415308123,0.514272468366842));
#1565=DIRECTION('',(0.999390827019095,0.0348994967025131,-1.0084469966798E-14));
#1566=DIRECTION('',(0.0299307457173498,-0.857104415308123,0.514272468366842));
#1567=DIRECTION('',(0.0497993533561103,0.515142719311184,0.855656474962933));
#1568=DIRECTION('',(0.0179478503139535,-0.51395918747429,-0.857626858417969));
#1569=DIRECTION('',(0.999390827019095,0.0348994967025128,-1.06022413771682E-14));
#1570=DIRECTION('',(0.999390827019095,0.0348994967025128,-1.06022413771682E-14));
#1571=DIRECTION('',(0.0179478503139534,-0.51395918747429,-0.857626858417969));
#1572=DIRECTION('',(0.0299307457173498,-0.857104415308123,0.514272468366842));
#1573=DIRECTION('',(0.0497993533561103,0.515142719311184,0.855656474962933));
#1574=DIRECTION('',(-1.,0.,0.));
#1575=DIRECTION('',(0.,-1.,0.));
#1576=DIRECTION('',(1.32746021322352E-14,-7.63413366337736E-14,1.));
#1577=DIRECTION('',(2.99760216648792E-15,-1.,-7.63413366337737E-14));
#1578=DIRECTION('',(0.,1.,7.63413366337736E-14));
#1579=DIRECTION('',(-1.,-2.99760216648792E-15,1.3274602132235E-14));
#1580=DIRECTION('',(0.0348994967025132,-0.999390827019095,-7.67581084875113E-14));
#1581=DIRECTION('',(0.0348994967025133,-0.999390827019095,-7.67581084875113E-14));
#1582=DIRECTION('',(-1.,-2.99760216648792E-15,1.3274602132235E-14));
#1583=DIRECTION('',(0.,1.,7.63413366337736E-14));
#1584=DIRECTION('',(-0.0179478503139533,0.51395918747429,0.857626858417969));
#1585=DIRECTION('',(-0.0299307457173498,0.857104415308123,-0.514272468366842));
#1586=DIRECTION('',(-0.0299307457173498,0.857104415308123,-0.514272468366842));
#1587=DIRECTION('',(1.32746021322352E-14,-7.63413366337736E-14,1.));
#1588=DIRECTION('',(0.,-1.,-7.63413366337736E-14));
#1589=DIRECTION('',(1.32746021322352E-14,-7.63413366337736E-14,1.));
#1590=DIRECTION('',(0.,-1.,-7.63413366337736E-14));
#1591=DIRECTION('',(-0.999390827019095,-0.0348994967025132,9.94872676926825E-15));
#1592=DIRECTION('',(-0.0179478503139534,0.51395918747429,0.857626858417969));
#1593=DIRECTION('',(-0.999390827019095,-0.0348994967025132,9.94872676926825E-15));
#1594=DIRECTION('',(-0.0348994967025132,0.999390827019095,2.76278634132118E-16));
#1595=DIRECTION('',(1.26206891782319E-14,-7.63413366337736E-14,1.));
#1596=DIRECTION('',(0.0348994967025132,-0.999390827019095,-7.67581084875113E-14));
#1597=DIRECTION('',(0.0179478503139534,-0.51395918747429,-0.857626858417969));
#1598=DIRECTION('',(0.0299307457173498,-0.857104415308123,0.514272468366842));
#1599=DIRECTION('',(0.999390827019095,0.0348994967025131,-1.0084469966798E-14));
#1600=DIRECTION('',(0.999390827019095,0.0348994967025128,-1.06022413771682E-14));
#1601=DIRECTION('',(0.0179478503139533,-0.51395918747429,-0.857626858417969));
#1602=DIRECTION('',(0.0299307457173498,-0.857104415308123,0.514272468366842));
#1603=DIRECTION('',(0.999390827019095,0.034899496702514,-1.06022413771681E-14));
#1604=DIRECTION('',(0.0299307457173498,-0.857104415308123,0.514272468366842));
#1605=DIRECTION('',(0.999390827019095,0.0348994967025131,-1.0084469966798E-14));
#1606=DIRECTION('',(0.999390827019095,0.0348994967025131,-1.0084469966798E-14));
#1607=DIRECTION('',(-0.0299307457173498,0.857104415308123,-0.514272468366842));
#1608=DIRECTION('',(-0.0348994967025131,0.999390827019095,7.67581084875113E-14));
#1609=DIRECTION('',(-0.0179478503139533,0.51395918747429,0.857626858417969));
#1610=DIRECTION('',(-0.0299307457173498,0.857104415308123,-0.514272468366842));
#1611=DIRECTION('',(-0.999390827019095,-0.0348994967025131,1.0084469966798E-14));
#1612=DIRECTION('',(-0.999390827019095,-0.0348994967025128,1.06022413771682E-14));
#1613=DIRECTION('',(-0.0179478503139533,0.51395918747429,0.857626858417969));
#1614=DIRECTION('',(0.999390827019095,0.0348994967025131,-1.0084469966798E-14));
#1615=DIRECTION('',(0.999390827019095,0.0348994967025131,-1.0084469966798E-14));
#1616=DIRECTION('',(-0.0299307457173498,0.857104415308123,-0.514272468366842));
#1617=DIRECTION('',(-0.0348994967025131,0.999390827019095,7.67581084875113E-14));
#1618=DIRECTION('',(0.0299307457173498,-0.857104415308123,0.514272468366842));
#1619=DIRECTION('',(0.0179478503139533,-0.51395918747429,-0.857626858417969));
#1620=DIRECTION('',(0.0299307457173498,-0.857104415308123,0.514272468366842));
#1621=DIRECTION('',(0.999390827019095,0.034899496702514,-1.06022413771681E-14));
#1622=DIRECTION('',(-0.0299307457173498,0.857104415308123,-0.514272468366842));
#1623=DIRECTION('',(0.0299307457173498,-0.857104415308123,0.514272468366842));
#1624=DIRECTION('',(0.999390827019095,0.0348994967025131,-1.0084469966798E-14));
#1625=DIRECTION('',(0.0299307457173498,-0.857104415308123,0.514272468366842));
#1626=DIRECTION('',(0.999390827019095,0.0348994967025131,-1.0084469966798E-14));
#1627=DIRECTION('',(0.999390827019095,0.0348994967025128,-1.06022413771682E-14));
#1628=DIRECTION('',(0.0179478503139535,-0.51395918747429,-0.857626858417969));
#1629=DIRECTION('',(-0.999390827019095,-0.0348994967025133,9.88085517050338E-15));
#1630=DIRECTION('',(-0.0179478503139535,0.51395918747429,0.857626858417969));
#1631=DIRECTION('',(0.0299307457173498,-0.857104415308123,0.514272468366842));
#1632=DIRECTION('',(0.0348994967025133,-0.999390827019095,-7.67581084875113E-14));
#1633=DIRECTION('',(1.25527762087209E-14,-7.63413366337736E-14,1.));
#1634=DIRECTION('',(-0.999390827019095,-0.0348994967025133,9.88085517050338E-15));
#1635=DIRECTION('',(-0.0348994967025133,0.999390827019095,2.73908505676613E-16));
#1636=DIRECTION('',(-0.0299307457173498,0.857104415308123,-0.514272468366842));
#1637=DIRECTION('',(-0.999390827019095,-0.0348994967025131,1.0084469966798E-14));
#1638=DIRECTION('',(-1.,0.,0.));
#1639=DIRECTION('',(0.,0.857488591748365,-0.5145029786322));
#1640=DIRECTION('',(1.32746021322352E-14,-7.63413366337736E-14,1.));
#1641=DIRECTION('',(-0.0348994967025128,0.999390827019095,7.67581084875113E-14));
#1642=DIRECTION('',(-1.,0.,0.));
#1643=DIRECTION('',(0.,-1.,0.));
#1644=DIRECTION('',(1.,0.,1.73472347597681E-16));
#1645=DIRECTION('',(-1.73472347597681E-16,0.,1.));
#1646=DIRECTION('',(-1.,0.,0.));
#1647=DIRECTION('',(0.,-1.,0.));
#1648=DIRECTION('',(-1.,0.,-1.73472347597681E-16));
#1649=DIRECTION('',(1.73472347597681E-16,0.,-1.));
#1650=DIRECTION('',(-1.,0.,0.));
#1651=DIRECTION('',(0.,-1.,0.));
#1652=DIRECTION('',(0.,1.,-7.1095224425279E-17));
#1653=DIRECTION('',(0.,7.1095224425279E-17,1.));
#1654=DIRECTION('',(-2.99760216648792E-15,1.,7.63413366337737E-14));
#1655=DIRECTION('',(1.32746021322352E-14,-7.63413366337736E-14,1.));
#1656=DIRECTION('',(-1.,-2.99760216648792E-15,1.3274602132235E-14));
#1657=DIRECTION('',(0.,1.,-7.1095224425279E-17));
#1658=DIRECTION('',(0.,7.1095224425279E-17,1.));
#1659=DIRECTION('',(0.,1.,-7.1095224425279E-17));
#1660=DIRECTION('',(1.32746021322352E-14,-7.63413366337736E-14,1.));
#1661=DIRECTION('',(2.99760216648792E-15,-1.,-7.63413366337737E-14));
#1662=DIRECTION('',(0.,1.,7.63472514893521E-14));
#1663=DIRECTION('',(-1.,-2.99760216648792E-15,1.3274602132235E-14));
#1664=DIRECTION('',(-2.99760216648792E-15,1.,7.63413366337737E-14));
#1665=DIRECTION('',(1.32746021322352E-14,-7.63413366337736E-14,1.));
#1666=DIRECTION('',(0.,7.63413366337737E-14,-1.));
#1667=DIRECTION('',(-1.,0.,0.));
#1668=DIRECTION('',(0.,-1.,0.));
#1669=DIRECTION('',(0.,1.,0.));
#1670=DIRECTION('',(0.,1.,-7.1095224425279E-17));
#1671=DIRECTION('',(0.,7.1095224425279E-17,1.));
#1672=DIRECTION('',(0.,1.,0.));
#1673=DIRECTION('',(-1.,0.,0.));
#1674=CARTESIAN_POINT('',(0.,0.,0.));
#1675=CARTESIAN_POINT('',(0.,-0.0109,0.));
#1676=CARTESIAN_POINT('',(0.0296597910577763,-0.0109,-0.00117917211049428));
#1677=CARTESIAN_POINT('',(0.0152489564221712,-0.0109,-0.00534184494237123));
#1678=CARTESIAN_POINT('',(0.0147632089904886,-0.0109,-0.0029375357567752));
#1679=CARTESIAN_POINT('',(0.0306999999999887,-0.0109,-0.00534184494237123));
#1680=CARTESIAN_POINT('',(0.0301110435778174,-0.0109,-0.00534184494237123));
#1681=CARTESIAN_POINT('',(0.0157002089422124,-0.0109,-0.00117917211049429));
#1682=CARTESIAN_POINT('',(0.0305967910095001,-0.0109,-0.0029375357567752));
#1683=CARTESIAN_POINT('',(0.01466,-0.0109,-0.0029375357567752));
#1684=CARTESIAN_POINT('',(0.04794,0.0075,-0.0011000000001605));
#1685=CARTESIAN_POINT('',(0.0225212458687376,0.0075,-0.00893901085179008));
#1686=CARTESIAN_POINT('',(0.0161314779657302,0.0075,-0.00765873574422569));
#1687=CARTESIAN_POINT('',(0.01686,0.0075,-0.0053263811455525));
#1688=CARTESIAN_POINT('',(0.0296597910577763,0.0075,-0.00117917211049428));
#1689=CARTESIAN_POINT('',(0.01466,0.0075,-0.00125834422082856));
#1690=CARTESIAN_POINT('',(0.01466,0.00750000000000081,-0.0111000000001601));
#1691=CARTESIAN_POINT('',(0.01466,0.0075,-0.00110000000016007));
#1692=CARTESIAN_POINT('',(0.04794,0.0075,-0.0011000000001605));
#1693=CARTESIAN_POINT('',(0.0306999999999886,0.0074999999999994,-0.00110000000016028));
#1694=CARTESIAN_POINT('',(0.0306999999999885,0.00750000000000016,-0.0111000000001603));
#1695=CARTESIAN_POINT('',(0.0306999999999886,0.0075,-0.00125834422082822));
#1696=CARTESIAN_POINT('',(0.0157002089422124,0.0075,-0.00117917211049429));
#1697=CARTESIAN_POINT('',(0.0289972230886535,0.0075,-0.00812103171648929));
#1698=CARTESIAN_POINT('',(0.022883190888835,0.0075,-0.00893143630467926));
#1699=CARTESIAN_POINT('',(0.0284999999999886,0.0075,-0.00591798450824263));
#1700=CARTESIAN_POINT('',(0.0284999999999886,0.0075,-0.009));
#1701=CARTESIAN_POINT('',(0.0284999999999886,0.0075,-0.00149999999999996));
#1702=CARTESIAN_POINT('',(0.062,0.0075,-0.00149999999999996));
#1703=CARTESIAN_POINT('',(0.01686,0.0075,-0.00149999999999996));
#1704=CARTESIAN_POINT('',(0.01686,0.0075,-0.009));
#1705=CARTESIAN_POINT('',(0.0292386201786914,0.00508418391749969,-0.00410000000016045));
#1706=CARTESIAN_POINT('',(0.0304130864459144,-0.0124999999999998,-0.0041000000001618));
#1707=CARTESIAN_POINT('',(0.0304130864459144,0.00551211964533195,-0.00410000000016046));
#1708=CARTESIAN_POINT('',(0.0304130864459144,0.00465624818966743,-0.00410000000016049));
#1709=CARTESIAN_POINT('',(0.0292386201786914,0.00508418391749969,-0.00410000000016045));
#1710=CARTESIAN_POINT('',(0.0282043129570872,0.00578611594507612,-0.00410000000016038));
#1711=CARTESIAN_POINT('',(0.0231643813090404,-0.000552240093725637,-0.0041000000001608));
#1712=CARTESIAN_POINT('',(0.0287384213791695,0.00393862677752063,-0.00410000000016053));
#1713=CARTESIAN_POINT('',(0.0292386201786914,0.00508418391749969,-0.00410000000016045));
#1714=CARTESIAN_POINT('',(0.0292386201786914,0.00508418391749969,-0.00410000000016045));
#1715=CARTESIAN_POINT('',(0.0292386201786914,0.00508418391749946,-0.00110000000016045));
#1716=CARTESIAN_POINT('',(0.0292386201786914,0.00383418391749946,-0.00110000000016055));
#1717=CARTESIAN_POINT('',(0.0304130864459144,0.00465624818966743,-0.00410000000016046));
#1718=CARTESIAN_POINT('',(0.0304309401636541,0.00470524757874876,-0.00401006674424354));
#1719=CARTESIAN_POINT('',(0.0304634426356775,0.00480353622053636,-0.00383798595560778));
#1720=CARTESIAN_POINT('',(0.0305012039432866,0.00508417738651261,-0.00361562743950004));
#1721=CARTESIAN_POINT('',(0.0304634626624054,0.00536474031148652,-0.00383787495231283));
#1722=CARTESIAN_POINT('',(0.0304309404642242,0.00546311943133851,-0.00401006523020512));
#1723=CARTESIAN_POINT('',(0.0304130864459146,0.00551211964533144,-0.00410000000016089));
#1724=CARTESIAN_POINT('',(0.0287384213791695,0.0039386267775207,-0.00410000000016053));
#1725=CARTESIAN_POINT('',(0.0286489500914483,0.00397769373380594,-0.00385897399378031));
#1726=CARTESIAN_POINT('',(0.0284903671686603,0.0040592118018886,-0.00350989048114854));
#1727=CARTESIAN_POINT('',(0.028214565515436,0.0043376581294649,-0.00314616667521337));
#1728=CARTESIAN_POINT('',(0.0280266086719483,0.00469793880781399,-0.00306127960326811));
#1729=CARTESIAN_POINT('',(0.0279739039594084,0.00507007864185033,-0.00322193544981316));
#1730=CARTESIAN_POINT('',(0.0280236543593522,0.00546494227642869,-0.00356134501938021));
#1731=CARTESIAN_POINT('',(0.0281277471896449,0.00567329515462613,-0.0038782462540194));
#1732=CARTESIAN_POINT('',(0.0282043129570872,0.00578611594507605,-0.00410000000016037));
#1733=CARTESIAN_POINT('',(0.0232017116191573,-0.00162124030936236,-0.0034585876240706));
#1734=CARTESIAN_POINT('',(0.0289972230886534,0.0075,-0.00812103171648938));
#1735=CARTESIAN_POINT('',(0.0290311608168573,0.00703406780612605,-0.00805602457465149));
#1736=CARTESIAN_POINT('',(0.0290849839875214,0.00610014743773867,-0.00795070720555487));
#1737=CARTESIAN_POINT('',(0.0291005306162197,0.00469365820954634,-0.0079187261761105));
#1738=CARTESIAN_POINT('',(0.0289976894108891,0.00326293937524047,-0.00812561588246399));
#1739=CARTESIAN_POINT('',(0.0287147294311862,0.00248509587717149,-0.0086485676590618));
#1740=CARTESIAN_POINT('',(0.0284999999999886,0.00224056900158161,-0.009));
#1741=CARTESIAN_POINT('',(0.0284999999999886,0.00224056900158159,-0.009));
#1742=CARTESIAN_POINT('',(0.0228792004700273,0.00761427064368401,-0.009));
#1743=CARTESIAN_POINT('',(0.0258764351735555,-0.00307958640592895,-0.009));
#1744=CARTESIAN_POINT('',(0.0259219234561268,-0.00438220038704456,-0.00821841668829035));
#1745=CARTESIAN_POINT('',(0.0260272796810519,-0.00739920792892915,-0.00640817759963907));
#1746=CARTESIAN_POINT('',(0.0233070678440824,-0.00463824785124695,-0.00164834853541932));
#1747=CARTESIAN_POINT('',(0.0294416040395479,-0.00442402512682624,-0.00164834853541937));
#1748=CARTESIAN_POINT('',(0.0292913516960468,-0.000121360961979469,-0.00422999632662092));
#1749=CARTESIAN_POINT('',(0.0292913516960468,-0.000121360961979469,-0.00422999632662092));
#1750=CARTESIAN_POINT('',(0.0231568155005813,-0.000335583686400178,-0.00422999632662086));
#1751=CARTESIAN_POINT('',(0.0280237734045643,0.00171240788251264,-0.00110000000016069));
#1752=CARTESIAN_POINT('',(0.0233389818227276,-0.00555214462699702,-0.00110000000016118));
#1753=CARTESIAN_POINT('',(0.0266307200966286,0.00419392032891477,-0.00110000000016048));
#1754=CARTESIAN_POINT('',(0.0267405243416106,0.00104953815807192,0.00078666532509831));
#1755=CARTESIAN_POINT('',(0.0266058359858825,0.00490650802695847,-0.00152756078255248));
#1756=CARTESIAN_POINT('',(0.0267405243416106,0.00104953815807192,0.00078666532509831));
#1757=CARTESIAN_POINT('',(0.026521685344001,0.00731626712179676,-0.00297344384620048));
#1758=CARTESIAN_POINT('',(0.026521685344001,0.00731626712179676,-0.00297344384620048));
#1759=CARTESIAN_POINT('',(0.0266234719194011,0.00729772713736773,-0.00304662851635352));
#1760=CARTESIAN_POINT('',(0.0267230234879107,0.00727711657173859,-0.00312219192564399));
#1761=CARTESIAN_POINT('',(0.0268203779870585,0.00725412895232632,-0.0032));
#1762=CARTESIAN_POINT('',(0.0268203779870585,0.00725412895232632,-0.0032));
#1763=CARTESIAN_POINT('',(0.0228917768950156,0.00725412895232632,-0.00878391085932075));
#1764=CARTESIAN_POINT('',(0.0284999999999886,0.00725412895232632,-0.00574812987829525));
#1765=CARTESIAN_POINT('',(0.0284999999999886,-0.153344368348699,0.0875770273739898));
#1766=CARTESIAN_POINT('',(0.069,-0.00135484485472523,-0.00449236949026302));
#1767=CARTESIAN_POINT('',(0.01466,-0.00135484485472523,-0.00449236949026302));
#1768=CARTESIAN_POINT('',(0.01466,-0.0101885919132184,-0.000500000000160472));
#1769=CARTESIAN_POINT('',(0.01466,-0.0104935089691129,-0.00125834422082855));
#1770=CARTESIAN_POINT('',(0.01466,-0.0104935089691066,-0.00125834422081075));
#1771=CARTESIAN_POINT('',(0.0146624091505043,-0.0106550331748007,-0.00171477709909525));
#1772=CARTESIAN_POINT('',(0.0146856466932542,-0.0107812977837715,-0.00217971773632748));
#1773=CARTESIAN_POINT('',(0.0147323631499924,-0.0108727480324082,-0.00265290752023199));
#1774=CARTESIAN_POINT('',(0.0147323631499924,-0.0108727480324082,-0.00265290752023199));
#1775=CARTESIAN_POINT('',(0.069,-0.0108727480324082,-0.00265290752023198));
#1776=CARTESIAN_POINT('',(0.0306276368499963,-0.0108727480324082,-0.00265290752023199));
#1777=CARTESIAN_POINT('',(0.0306999999999887,-0.0104935089691126,-0.00125834422082753));
#1778=CARTESIAN_POINT('',(0.0306975908494839,-0.0106550331748059,-0.0017147770991124));
#1779=CARTESIAN_POINT('',(0.0306743533067345,-0.0107812977837714,-0.00217971773632742));
#1780=CARTESIAN_POINT('',(0.0306276368499963,-0.0108727480324082,-0.00265290752023199));
#1781=CARTESIAN_POINT('',(0.0306999999999886,-0.0104935089691128,-0.00125834422082822));
#1782=CARTESIAN_POINT('',(0.0306999999999887,-0.00135484485472523,-0.00449236949026302));
#1783=CARTESIAN_POINT('',(0.0306999999999886,-0.0101885919132187,-0.000500000000161128));
#1784=CARTESIAN_POINT('',(0.0284999999999887,-0.00725412895232631,0.0032));
#1785=CARTESIAN_POINT('',(0.0289992779104342,-0.00783549468068006,0.00275415017433721));
#1786=CARTESIAN_POINT('',(0.0298899684072946,-0.00892374507817429,0.0017179531808032));
#1787=CARTESIAN_POINT('',(0.0305132458980271,-0.0098297394239922,0.000294017720141798));
#1788=CARTESIAN_POINT('',(0.0306999999999886,-0.0101885919132187,-0.00050000000016113));
#1789=CARTESIAN_POINT('',(0.0284999999999886,-0.00725412895232631,0.0032));
#1790=CARTESIAN_POINT('',(0.062,-0.00725412895232632,0.0032));
#1791=CARTESIAN_POINT('',(0.01686,-0.00725412895232632,0.0032));
#1792=CARTESIAN_POINT('',(0.01466,-0.0101885919132184,-0.000500000000160472));
#1793=CARTESIAN_POINT('',(0.0150331294674517,-0.0094716146859851,0.00108642517611149));
#1794=CARTESIAN_POINT('',(0.0158617415970592,-0.00841651409168275,0.00230856593971817));
#1795=CARTESIAN_POINT('',(0.01686,-0.00725412895232632,0.0032));
#1796=CARTESIAN_POINT('',(0.069,-0.0094,-0.0029375357567752));
#1797=CARTESIAN_POINT('',(0.0147632089904886,-0.0109,-0.0029375357567752));
#1798=CARTESIAN_POINT('',(0.0147519202175095,-0.0109,-0.00284189903596482));
#1799=CARTESIAN_POINT('',(0.0147416544886074,-0.0108909363815648,-0.00274701924912577));
#1800=CARTESIAN_POINT('',(0.0147323631499924,-0.0108727480324082,-0.00265290752023199));
#1801=CARTESIAN_POINT('',(0.0305967910095001,-0.0109,-0.0029375357567752));
#1802=CARTESIAN_POINT('',(0.0306080797824792,-0.0109,-0.00284189903596482));
#1803=CARTESIAN_POINT('',(0.0306183455113813,-0.0108909363815648,-0.00274701924912577));
#1804=CARTESIAN_POINT('',(0.0306276368499963,-0.0108727480324082,-0.00265290752023199));
#1805=CARTESIAN_POINT('',(0.069,-0.0094,-0.00534184494237122));
#1806=CARTESIAN_POINT('',(0.015583810736294,-0.0104992201406384,-0.00636248938703104));
#1807=CARTESIAN_POINT('',(0.0154811411539654,-0.0107581024963437,-0.00608367662227629));
#1808=CARTESIAN_POINT('',(0.0153582925581469,-0.0109,-0.00572035774865668));
#1809=CARTESIAN_POINT('',(0.0152489564221712,-0.0109,-0.00534184494237123));
#1810=CARTESIAN_POINT('',(0.015583810736294,-0.0104992201406384,-0.00636248938703104));
#1811=CARTESIAN_POINT('',(0.069,-0.0104992201406384,-0.00636248938703103));
#1812=CARTESIAN_POINT('',(0.0297761892636946,-0.0104992201406384,-0.00636248938703104));
#1813=CARTESIAN_POINT('',(0.0297761892636946,-0.0104992201406384,-0.00636248938703104));
#1814=CARTESIAN_POINT('',(0.0298788588460232,-0.0107581024963437,-0.00608367662227629));
#1815=CARTESIAN_POINT('',(0.0300017074418417,-0.0109,-0.00572035774865668));
#1816=CARTESIAN_POINT('',(0.0301110435778174,-0.0109,-0.00534184494237123));
#1817=CARTESIAN_POINT('',(0.0306999999999886,0.,3.81639164714898E-19));
#1818=CARTESIAN_POINT('',(0.0306999999999886,-0.0125,-0.00125834422082822));
#1819=CARTESIAN_POINT('',(0.0306999999999886,0.0074999999999994,-0.00110000000016028));
#1820=CARTESIAN_POINT('',(0.0306999999999886,-0.00356875918238505,-0.00110000000016029));
#1821=CARTESIAN_POINT('',(0.0306999999999886,-0.00356875918238509,-2.72062206942616E-16));
#1822=CARTESIAN_POINT('',(0.0306999999999886,-0.00356875918238505,-0.000500000000161126));
#1823=CARTESIAN_POINT('',(0.0306999999999886,-0.0125,-0.000500000000161125));
#1824=CARTESIAN_POINT('',(0.069,-0.0039629274268561,-0.000293431333638862));
#1825=CARTESIAN_POINT('',(0.015583810736294,-0.0104992201406384,-0.00636248938703104));
#1826=CARTESIAN_POINT('',(0.0160683357901973,-0.0092774854797214,-0.00767828094678778));
#1827=CARTESIAN_POINT('',(0.0166150449762167,-0.00770192885580324,-0.00859909958801349));
#1828=CARTESIAN_POINT('',(0.01686,-0.0059,-0.009));
#1829=CARTESIAN_POINT('',(0.01686,-0.0059,-0.009));
#1830=CARTESIAN_POINT('',(0.069,-0.0059,-0.009));
#1831=CARTESIAN_POINT('',(0.0284999999999886,-0.0059,-0.009));
#1832=CARTESIAN_POINT('',(0.0297761892636946,-0.0104992201406384,-0.00636248938703104));
#1833=CARTESIAN_POINT('',(0.0292916642097913,-0.0092774854797214,-0.00767828094678778));
#1834=CARTESIAN_POINT('',(0.0287449550237719,-0.00770192885580325,-0.00859909958801349));
#1835=CARTESIAN_POINT('',(0.0284999999999886,-0.0059,-0.009));
#1836=CARTESIAN_POINT('',(0.,2.15222411765709E-18,-0.009));
#1837=CARTESIAN_POINT('',(0.01686,-0.0125,-0.009));
#1838=CARTESIAN_POINT('',(0.01686,0.00190387865121027,-0.009));
#1839=CARTESIAN_POINT('',(0.0225176962898687,0.00760164663953839,-0.009));
#1840=CARTESIAN_POINT('',(0.0195129753767921,-0.0033018033186617,-0.009));
#1841=CARTESIAN_POINT('',(0.0001389273919028,-0.00397835998246399,-0.009));
#1842=CARTESIAN_POINT('',(0.0284999999999886,-0.0125,-0.009));
#1843=CARTESIAN_POINT('',(0.0229320694104928,-0.00564155963534975,-0.00139307330536101));
#1844=CARTESIAN_POINT('',(0.0229320694104928,-0.00564155963534975,-0.00139307330536101));
#1845=CARTESIAN_POINT('',(0.0276791758388335,-0.00547578702601281,-0.00139307330536106));
#1846=CARTESIAN_POINT('',(0.0229320694104928,-0.00564155963534975,-0.00139307330536101));
#1847=CARTESIAN_POINT('',(0.0229027372796898,-0.00480159730834779,-0.00189706032436052));
#1848=CARTESIAN_POINT('',(0.0276498437080305,-0.00463582469901085,-0.00189706032436057));
#1849=CARTESIAN_POINT('',(0.062,0.0015,0.0015));
#1850=CARTESIAN_POINT('',(0.0226326067799249,0.0056716823503736,0.0058124316072932));
#1851=CARTESIAN_POINT('',(0.0205411471354953,0.00615665651447387,0.00534328604279481));
#1852=CARTESIAN_POINT('',(0.0186347131601906,0.00685178763769485,0.00450717201195405));
#1853=CARTESIAN_POINT('',(0.01686,0.00723398502029619,0.00326675289359292));
#1854=CARTESIAN_POINT('',(0.0226326067799136,0.00567168235037335,0.00581243160729345));
#1855=CARTESIAN_POINT('',(0.01686,0.00723398502029619,0.00326675289359292));
#1856=CARTESIAN_POINT('',(0.0226326067799249,0.0056716823503736,0.0058124316072932));
#1857=CARTESIAN_POINT('',(0.0247614184078891,0.00616531780853251,0.00533490743628086));
#1858=CARTESIAN_POINT('',(0.0267009062157817,0.00687697186308441,0.00447659442751881));
#1859=CARTESIAN_POINT('',(0.0284999999999886,0.00725412895232632,0.0032));
#1860=CARTESIAN_POINT('',(0.0284999999999887,0.00725412895232632,0.0032));
#1861=CARTESIAN_POINT('',(0.0284999999999886,0.0015,0.0015));
#1862=CARTESIAN_POINT('',(0.0284999999999886,0.0075,0.00149999999999996));
#1863=CARTESIAN_POINT('',(0.062,0.0075,0.00149999999999996));
#1864=CARTESIAN_POINT('',(0.01686,0.0075,0.00149999999999996));
#1865=CARTESIAN_POINT('',(0.01686,0.0015,0.0015));
#1866=CARTESIAN_POINT('',(0.01686,0.00725412895232632,0.0032));
#1867=CARTESIAN_POINT('',(0.01686,0.0015,0.0015));
#1868=CARTESIAN_POINT('',(0.0225807815235887,0.00579512190832488,0.000187692934283498));
#1869=CARTESIAN_POINT('',(0.0226705737607407,0.00322380866240051,0.00173051033938402));
#1870=CARTESIAN_POINT('',(0.0182105141839023,0.00306805994999822,0.00173051033938407));
#1871=CARTESIAN_POINT('',(0.0269095802291614,0.00337183803015831,0.00173051033938398));
#1872=CARTESIAN_POINT('',(0.0181207219467503,0.00563937319592259,0.000187692934283543));
#1873=CARTESIAN_POINT('',(0.0181207219467503,0.00563937319592259,0.000187692934283543));
#1874=CARTESIAN_POINT('',(0.0225807815235887,0.00579512190832488,0.000187692934283498));
#1875=CARTESIAN_POINT('',(0.0268197879920094,0.00594315127608268,0.000187692934283454));
#1876=CARTESIAN_POINT('',(0.0268197879920094,0.00594315127608268,0.000187692934283454));
#1877=CARTESIAN_POINT('',(0.0262017356351802,-0.0625,-0.0100988111527592));
#1878=CARTESIAN_POINT('',(0.01686,-0.0625,0.00326675289359292));
#1879=CARTESIAN_POINT('',(0.01686,0.00394266208755416,0.00326675289359292));
#1880=CARTESIAN_POINT('',(0.0262017356351802,-0.00375060886241156,-0.0100988111527592));
#1881=CARTESIAN_POINT('',(0.0262017356351802,-0.0625,-0.0100988111527592));
#1882=CARTESIAN_POINT('',(0.01686,-0.00723398502029618,0.00326675289359292));
#1883=CARTESIAN_POINT('',(0.0186343041552393,-0.00685187571988486,0.00450688614177944));
#1884=CARTESIAN_POINT('',(0.0205454183473631,-0.00615566609258798,0.00534424413926497));
#1885=CARTESIAN_POINT('',(0.0226326067799249,-0.0056716823503736,0.0058124316072932));
#1886=CARTESIAN_POINT('',(0.01686,-0.00723398502029618,0.00326675289359292));
#1887=CARTESIAN_POINT('',(0.0226326067799249,-0.0056716823503736,0.0058124316072932));
#1888=CARTESIAN_POINT('',(0.0226326067799249,-0.0625,0.0058124316072932));
#1889=CARTESIAN_POINT('',(0.0226326067799249,-0.000185246992587901,0.0058124316072932));
#1890=CARTESIAN_POINT('',(0.0262017356351802,-0.00960753820537304,-0.0100988111527592));
#1891=CARTESIAN_POINT('',(0.01686,-0.00191426725540733,0.00326675289359293));
#1892=CARTESIAN_POINT('',(0.01686,-0.0625,0.00326675289359292));
#1893=CARTESIAN_POINT('',(0.0228402074389987,-0.00163386431350799,-0.00345858762407059));
#1894=CARTESIAN_POINT('',(0.0227953113204227,-0.000348207690545804,-0.00422999632662086));
#1895=CARTESIAN_POINT('',(0.018496257591285,0.00204886644922527,1.52566225481293E-5));
#1896=CARTESIAN_POINT('',(0.0178896254689149,0.00171852251219211,-0.000500000000160553));
#1897=CARTESIAN_POINT('',(0.0230123977453065,-0.00656474953779692,-0.000500000000161253));
#1898=CARTESIAN_POINT('',(0.0184662695676164,0.00290761109045165,-0.000500000000160468));
#1899=CARTESIAN_POINT('',(0.018541153709861,0.000763209826263085,0.000786665325098391));
#1900=CARTESIAN_POINT('',(0.0226166772242166,0.0047672035333763,-0.00152756078255244));
#1901=CARTESIAN_POINT('',(0.0311424938987658,0.00335027459834557,-0.000500000000160604));
#1902=CARTESIAN_POINT('',(0.0182164218608617,0.00289888621627602,-0.000500000000160466));
#1903=CARTESIAN_POINT('',(0.0181566176473782,0.00461145482097401,-0.0015275607825524));
#1904=CARTESIAN_POINT('',(0.0182464098845302,0.00204014157504964,1.52566225481311E-5));
#1905=CARTESIAN_POINT('',(0.0227064694613686,0.00219589028745193,1.52566225480859E-5));
#1906=CARTESIAN_POINT('',(0.0182454595064322,0.00206735684297627,-0.00577281373172134));
#1907=CARTESIAN_POINT('',(0.0180739113802149,0.00697985243554542,-0.000500000000160153));
#1908=CARTESIAN_POINT('',(0.0181351135317714,0.0052272521221137,-0.000500000000160288));
#1909=CARTESIAN_POINT('',(0.0182454595064322,0.00206735684297627,-0.00577281373172134));
#1910=CARTESIAN_POINT('',(0.0183352517435843,-0.000503956402948095,-0.00422999632662081));
#1911=CARTESIAN_POINT('',(0.0227055190832706,0.00222310555537857,-0.00577281373172138));
#1912=CARTESIAN_POINT('',(0.0310611855696755,0.00567864050418323,-0.000500000000160425));
#1913=CARTESIAN_POINT('',(0.0268341795770305,0.00553103020227379,-0.000500000000160379));
#1914=CARTESIAN_POINT('',(0.0269445255516913,0.00237113492313636,-0.00577281373172143));
#1915=CARTESIAN_POINT('',(0.0269445255516913,0.00237113492313636,-0.00577281373172143));
#1916=CARTESIAN_POINT('',(0.026772977425474,0.00728363051570551,-0.000500000000160245));
#1917=CARTESIAN_POINT('',(0.0269154879061208,0.00320266429643612,-0.000500000000160559));
#1918=CARTESIAN_POINT('',(0.0268556836926373,0.0049152329011341,-0.00152756078255248));
#1919=CARTESIAN_POINT('',(0.0269454759297893,0.00234391965520973,1.52566225480426E-5));
#1920=CARTESIAN_POINT('',(0.0270343177888434,-0.000200178322788005,-0.0042299963266209));
#1921=CARTESIAN_POINT('',(0.0226166772242166,0.0047672035333763,-0.00152756078255244));
#1922=CARTESIAN_POINT('',(0.0311424938987658,0.00335027459834557,-0.000500000000160604));
#1923=CARTESIAN_POINT('',(0.026665640199366,0.00319393942226049,-0.000500000000160555));
#1924=CARTESIAN_POINT('',(0.0267405243416106,0.00104953815807192,0.00078666532509831));
#1925=CARTESIAN_POINT('',(0.0266956282230346,0.0023351947810341,1.52566225480461E-5));
#1926=CARTESIAN_POINT('',(0.0227064694613686,0.00219589028745193,1.52566225480859E-5));
#1927=CARTESIAN_POINT('',(0.0232017116191573,-0.00162124030936236,-0.0034585876240706));
#1928=CARTESIAN_POINT('',(0.023373901925465,-0.0065521255336513,-0.000500000000161256));
#1929=CARTESIAN_POINT('',(0.0274077259484258,0.00205090190503652,-0.000500000000160654));
#1930=CARTESIAN_POINT('',(0.0231568155005813,-0.000335583686400178,-0.00422999632662086));
#1931=CARTESIAN_POINT('',(0.0166594839610327,0.0047148567407565,-0.00410000000016031));
#1932=CARTESIAN_POINT('',(0.0228028771288818,-0.000564864097871261,-0.00410000000016079));
#1933=CARTESIAN_POINT('',(0.0165370613618933,0.00347086610284154,-0.0041000000001604));
#1934=CARTESIAN_POINT('',(0.0170504922223415,0.00590212778798555,-0.00410000000016022));
#1935=CARTESIAN_POINT('',(0.0166594839610327,0.0047148567407565,-0.00410000000016031));
#1936=CARTESIAN_POINT('',(0.,0.00725412895232632,6.99105988409084E-19));
#1937=CARTESIAN_POINT('',(0.0225298318749181,0.00725412895232632,-0.00879148540643156));
#1938=CARTESIAN_POINT('',(0.01686,0.00725412895232632,-0.00519678148611783));
#1939=CARTESIAN_POINT('',(0.0182252193648694,0.00725412895232632,-0.0032));
#1940=CARTESIAN_POINT('',(0.01686,0.00725412895232632,0.0032));
#1941=CARTESIAN_POINT('',(0.01686,0.00725412895232632,-0.0032));
#1942=CARTESIAN_POINT('',(0.062,0.00725412895232632,-0.0032));
#1943=CARTESIAN_POINT('',(0.,0.00725412895232632,6.99105988409084E-19));
#1944=CARTESIAN_POINT('',(0.062,0.00725412895232632,-0.0032));
#1945=CARTESIAN_POINT('',(0.0284999999999886,0.00725412895232632,-0.0032));
#1946=CARTESIAN_POINT('',(0.0284999999999886,0.00725412895232632,0.0032));
#1947=CARTESIAN_POINT('',(0.0134783441616312,0.0228983027405296,-0.0125844188524395));
#1948=CARTESIAN_POINT('',(-0.0696268158410297,0.0015,-0.0015));
#1949=CARTESIAN_POINT('',(0.0183136964210369,0.0072767343600725,-0.00312152401559699));
#1950=CARTESIAN_POINT('',(0.0141218551945543,0.00447055781140494,-0.00152756078255236));
#1951=CARTESIAN_POINT('',(0.0184064653541329,0.00462017969514964,-0.0015275607825524));
#1952=CARTESIAN_POINT('',(0.018541153709861,0.000763209826263085,0.000786665325098391));
#1953=CARTESIAN_POINT('',(0.0190634779246696,-0.0625,-0.0100988111527592));
#1954=CARTESIAN_POINT('',(0.0190634779246696,-0.00399988231449312,-0.0100988111527592));
#1955=CARTESIAN_POINT('',(0.0284999999999886,0.00430908734354592,0.0032));
#1956=CARTESIAN_POINT('',(0.0284999999999886,0.,0.0032));
#1957=CARTESIAN_POINT('',(0.0284999999999886,0.,0.));
#1958=CARTESIAN_POINT('',(0.0284999999999886,0.0075,-0.009));
#1959=CARTESIAN_POINT('',(0.0284999999999886,0.0075,0.0032));
#1960=CARTESIAN_POINT('',(0.0284999999999886,-0.0125,0.0032));
#1961=CARTESIAN_POINT('',(0.0190634779246696,-0.0625,-0.0100988111527592));
#1962=CARTESIAN_POINT('',(0.0284999999999886,-0.0125,0.0032));
#1963=CARTESIAN_POINT('',(0.0284999999999886,-0.00154784199941557,0.0032));
#1964=CARTESIAN_POINT('',(0.0190634779246696,-0.0098568116574546,-0.0100988111527592));
#1965=CARTESIAN_POINT('',(0.0284999999999886,-0.00725412895232632,0.0032));
#1966=CARTESIAN_POINT('',(0.0267011950834441,-0.00687703242050931,0.00447638945385299));
#1967=CARTESIAN_POINT('',(0.0247569656076576,-0.00616428527937234,0.00533590626572697));
#1968=CARTESIAN_POINT('',(0.0226326067799249,-0.0056716823503736,0.0058124316072932));
#1969=CARTESIAN_POINT('',(0.0229455636639238,-0.00465087185539256,-0.00164834853541929));
#1970=CARTESIAN_POINT('',(0.01686,0.00487195809803418,0.0145769125297522));
#1971=CARTESIAN_POINT('',(0.01686,-0.00195431975629933,0.0032));
#1972=CARTESIAN_POINT('',(0.023732549615361,-0.0049176387669448,-0.00213875428268015));
#1973=CARTESIAN_POINT('',(0.0293592868944767,-0.00206677051104075,0.00228512501636629));
#1974=CARTESIAN_POINT('',(0.029244895600107,0.00120896756789198,0.00775124183284157));
#1975=CARTESIAN_POINT('',(0.0196638198842884,-0.00762142484166201,-0.006408177599639));
#1976=CARTESIAN_POINT('',(0.0196638198842884,-0.00762142484166201,-0.006408177599639));
#1977=CARTESIAN_POINT('',(0.0229455636639238,-0.00465087185539256,-0.00164834853541929));
#1978=CARTESIAN_POINT('',(0.0164495232882997,-0.00487771858395894,-0.00164834853541928));
#1979=CARTESIAN_POINT('',(0.0164495232882997,-0.00487771858395894,-0.00164834853541928));
#1980=CARTESIAN_POINT('',(0.0163584061052203,-0.00226846385087285,0.00270562935637738));
#1981=CARTESIAN_POINT('',(0.0216274503846258,-0.00499115045193825,-0.00213875428267956));
#1982=CARTESIAN_POINT('',(0.01686,0.0125,0.01));
#1983=CARTESIAN_POINT('',(0.01686,-0.0125,0.0032));
#1984=CARTESIAN_POINT('',(0.01686,-0.0015,0.0015));
#1985=CARTESIAN_POINT('',(0.0306999999999886,0.0075,-0.009));
#1986=CARTESIAN_POINT('',(0.023732549615361,0.0075,-0.00213875428268015));
#1987=CARTESIAN_POINT('',(0.0306999999999886,0.0075,-0.000500000000161127));
#1988=CARTESIAN_POINT('',(0.062,0.0075,-0.000500000000160697));
#1989=CARTESIAN_POINT('',(0.01466,0.0075,-0.000500000000160068));
#1990=CARTESIAN_POINT('',(0.0216274503846258,0.0075,-0.00213875428267956));
#1991=CARTESIAN_POINT('',(0.01686,0.0075,0.0032));
#1992=CARTESIAN_POINT('',(0.01686,0.0075,-0.009));
#1993=CARTESIAN_POINT('',(0.01686,0.,0.));
#1994=CARTESIAN_POINT('',(0.01686,-0.0125,0.0032));
#1995=CARTESIAN_POINT('',(0.01686,0.0125,0.01));
#1996=CARTESIAN_POINT('',(0.01686,-0.0125,0.0032));
#1997=CARTESIAN_POINT('',(0.01686,0.00390260958666216,0.0032));
#1998=CARTESIAN_POINT('',(0.01686,0.00917848025877419,0.0119929498968166));
#1999=CARTESIAN_POINT('',(0.0227953113204227,-0.000348207690545804,-0.00422999632662086));
#2000=CARTESIAN_POINT('',(0.0216274503846258,0.000865778891023244,-0.00213875428267956));
#2001=CARTESIAN_POINT('',(0.0161588653983074,0.00344563437253574,0.00247919533897193));
#2002=CARTESIAN_POINT('',(0.0162992709447986,-0.000575054419112141,-0.00422999632662079));
#2003=CARTESIAN_POINT('',(0.0162212120371492,0.00166026023132446,-0.000500000000160534));
#2004=CARTESIAN_POINT('',(0.031183264873839,0.00218274662955804,-0.000500000000160693));
#2005=CARTESIAN_POINT('',(0.031183264873839,0.00218274662955804,-0.000500000000160693));
#2006=CARTESIAN_POINT('',(0.0292132927883974,0.00211395368845713,-0.000500000000160672));
#2007=CARTESIAN_POINT('',(0.0292913516960468,-0.000121360961979467,-0.00422999632662092));
#2008=CARTESIAN_POINT('',(0.0291496853460274,0.00393543251884316,0.00253944205097875));
#2009=CARTESIAN_POINT('',(0.023732549615361,0.00093929057601669,-0.00213875428268015));
#2010=CARTESIAN_POINT('',(0.062,-0.0015,0.0015));
#2011=CARTESIAN_POINT('',(0.030999983418119,0.00743124081761495,-0.00050000000016029));
#2012=CARTESIAN_POINT('',(0.0306999999999886,3.81706683291666E-17,-0.000500000000160853));
#2013=CARTESIAN_POINT('',(0.00599998341811904,-0.00356875918238512,-0.000500000000160798));
#2014=CARTESIAN_POINT('',(0.0294117374946479,-0.00356875918238505,-0.000500000000161109));
#2015=CARTESIAN_POINT('',(0.0290300113326774,0.00736244787651405,-0.000500000000160269));
#2016=CARTESIAN_POINT('',(0.0160379305814292,0.00690875441938137,-0.000500000000160131));
#2017=CARTESIAN_POINT('',(0.0164038134187633,-0.00356875918238509,-0.000500000000160913));
#2018=CARTESIAN_POINT('',(0.00599998341811904,-0.00356875918238512,-0.000500000000160798));
#2019=CARTESIAN_POINT('',(0.01466,-0.0035687591823855,-0.000500000000160067));
#2020=CARTESIAN_POINT('',(0.01466,3.81706683291503E-17,-0.000500000000160641));
#2021=CARTESIAN_POINT('',(0.0286726243680729,0.0175966715149332,-0.0213323646316449));
#2022=CARTESIAN_POINT('',(0.0195584636593634,-0.00460441729977742,-0.00821841668829029));
#2023=CARTESIAN_POINT('',(0.0166594839610327,0.0047148567407565,-0.00410000000016031));
#2024=CARTESIAN_POINT('',(0.0170504922223415,0.00590212778798551,-0.00410000000016022));
#2025=CARTESIAN_POINT('',(0.0171554847613748,0.00586755021596974,-0.00388216588535607));
#2026=CARTESIAN_POINT('',(0.01736992123517,0.00576679870430904,-0.00346067575136675));
#2027=CARTESIAN_POINT('',(0.01767942310901,0.00548329937975736,-0.00285687045935522));
#2028=CARTESIAN_POINT('',(0.017872262267772,0.00510823180913961,-0.00240348824678279));
#2029=CARTESIAN_POINT('',(0.0179234214492634,0.00470938589687734,-0.00211841346834693));
#2030=CARTESIAN_POINT('',(0.0178777131913506,0.00436067194624766,-0.00198040316292656));
#2031=CARTESIAN_POINT('',(0.0177157049430057,0.00401346924606006,-0.0019981730398404));
#2032=CARTESIAN_POINT('',(0.0174188965631692,0.00368802895872832,-0.00224780993904202));
#2033=CARTESIAN_POINT('',(0.017079100589531,0.00351959442814354,-0.00274731220417442));
#2034=CARTESIAN_POINT('',(0.0167682855644787,0.00345956195579483,-0.00340459651054692));
#2035=CARTESIAN_POINT('',(0.0166073145999452,0.00346395239807707,-0.00386600521010236));
#2036=CARTESIAN_POINT('',(0.0165370613618929,0.00347086610284159,-0.00410000000016026));
#2037=CARTESIAN_POINT('',(0.0166594839610327,0.00471485674075627,-0.00110000000016031));
#2038=CARTESIAN_POINT('',(0.0166594839610327,0.00346485674075627,-0.00110000000016041));
#2039=CARTESIAN_POINT('',(0.0292913516960468,-0.000121360961979467,-0.00422999632662092));
#2040=CARTESIAN_POINT('',(0.023732549615361,0.159061903370082,-0.00213875428268016));
#2041=CARTESIAN_POINT('',(0.0294117374946479,-0.00356875918238501,-0.00110000000016109));
#2042=CARTESIAN_POINT('',(0.0294117374946479,-0.00356875918238501,-0.00110000000016113));
#2043=CARTESIAN_POINT('',(0.0290300113326774,0.00736244787651409,-0.00110000000016027));
#2044=CARTESIAN_POINT('',(0.0292258491934151,0.00175438529404672,-0.0011000000001607));
#2045=CARTESIAN_POINT('',(0.0292913516960468,-0.000121360961979467,-0.00422999632662092));
#2046=CARTESIAN_POINT('',(0.0227953113204227,-0.000348207690545804,-0.00422999632662086));
#2047=CARTESIAN_POINT('',(0.0311958212788567,0.00182317823514763,-0.00110000000016072));
#2048=CARTESIAN_POINT('',(0.0226166772242166,0.0047672035333763,-0.00152756078255244));
#2049=CARTESIAN_POINT('',(0.0311075737960283,0.00435025550499985,-0.00110000000016053));
#2050=CARTESIAN_POINT('',(0.0268805678033833,0.0042026452030904,-0.00110000000016048));
#2051=CARTESIAN_POINT('',(0.0268556836926373,0.0049152329011341,-0.00152756078255248));
#2052=CARTESIAN_POINT('',(0.0268556836926373,0.0049152329011341,-0.00152756078255248));
#2053=CARTESIAN_POINT('',(0.0226166772242166,0.0047672035333763,-0.00152756078255244));
#2054=CARTESIAN_POINT('',(0.0269445255516913,0.00237113492313636,-0.00577281373172143));
#2055=CARTESIAN_POINT('',(0.026772977425474,0.00728363051570556,-0.00110000000016025));
#2056=CARTESIAN_POINT('',(0.0268467359820483,0.00517146180786338,-0.00110000000016041));
#2057=CARTESIAN_POINT('',(0.0269445255516913,0.00237113492313636,-0.00577281373172143));
#2058=CARTESIAN_POINT('',(0.0227055190832706,0.00222310555537857,-0.00577281373172138));
#2059=CARTESIAN_POINT('',(0.0310737419746933,0.00531907210977282,-0.00110000000016045));
#2060=CARTESIAN_POINT('',(0.0181476699367891,0.00486768372770329,-0.00110000000016031));
#2061=CARTESIAN_POINT('',(0.0182454595064322,0.00206735684297627,-0.00577281373172134));
#2062=CARTESIAN_POINT('',(0.0181566176473782,0.00461145482097401,-0.0015275607825524));
#2063=CARTESIAN_POINT('',(0.0226166772242166,0.0047672035333763,-0.00152756078255244));
#2064=CARTESIAN_POINT('',(0.0182454595064322,0.00206735684297627,-0.00577281373172134));
#2065=CARTESIAN_POINT('',(0.0180739113802149,0.00697985243554547,-0.00110000000016015));
#2066=CARTESIAN_POINT('',(0.0181815017581242,0.0038988671229303,-0.00110000000016039));
#2067=CARTESIAN_POINT('',(0.0181566176473782,0.00461145482097401,-0.0015275607825524));
#2068=CARTESIAN_POINT('',(0.0226166772242166,0.0047672035333763,-0.00152756078255244));
#2069=CARTESIAN_POINT('',(0.0311075737960283,0.00435025550499985,-0.00110000000016053));
#2070=CARTESIAN_POINT('',(0.018431349464879,0.00390759199710593,-0.00110000000016039));
#2071=CARTESIAN_POINT('',(0.018541153709861,0.000763209826263085,0.000786665325098391));
#2072=CARTESIAN_POINT('',(0.0227953113204227,-0.000348207690545804,-0.00422999632662086));
#2073=CARTESIAN_POINT('',(0.0227953113204227,-0.000348207690545804,-0.00422999632662086));
#2074=CARTESIAN_POINT('',(0.0173543858678192,0.00133982465972371,-0.00110000000016057));
#2075=CARTESIAN_POINT('',(0.0162992709447986,-0.000575054419112141,-0.00422999632662079));
#2076=CARTESIAN_POINT('',(0.0311958212788567,0.00182317823514763,-0.00110000000016072));
#2077=CARTESIAN_POINT('',(0.0162337684421669,0.00130069183691405,-0.00110000000016056));
#2078=CARTESIAN_POINT('',(0.0162992709447986,-0.000575054419112141,-0.00422999632662079));
#2079=CARTESIAN_POINT('',(0.0162992709447986,-0.000575054419112141,-0.00422999632662079));
#2080=CARTESIAN_POINT('',(0.0162992709447986,-0.000575054419112141,-0.00422999632662079));
#2081=CARTESIAN_POINT('',(0.0160379305814292,0.00690875441938142,-0.00110000000016013));
#2082=CARTESIAN_POINT('',(0.0164038134187632,-0.00356875918238505,-0.00110000000016094));
#2083=CARTESIAN_POINT('',(0.0164038134187632,-0.00356875918238505,-0.00110000000016093));
#2084=CARTESIAN_POINT('',(0.0216274503846258,-0.153154150394772,-0.00213875428267955));
#2085=CARTESIAN_POINT('',(0.0228402074389987,-0.00163386431350799,-0.00345858762407059));
#2086=CARTESIAN_POINT('',(0.0161314779657302,0.0075,-0.00765873574422573));
#2087=CARTESIAN_POINT('',(0.0161077709711408,0.00699228514274658,-0.00760923925597354));
#2088=CARTESIAN_POINT('',(0.0160774160550286,0.00597710774308264,-0.0075447097757028));
#2089=CARTESIAN_POINT('',(0.0161083033851826,0.0044585632460703,-0.00761009214646827));
#2090=CARTESIAN_POINT('',(0.0162881479789622,0.00293886447804381,-0.00798801940671756));
#2091=CARTESIAN_POINT('',(0.0166255520322254,0.00216291160805265,-0.00861629573699458));
#2092=CARTESIAN_POINT('',(0.01686,0.00190387865121026,-0.009));
#2093=CARTESIAN_POINT('',(0.01686,0.169616870593946,-0.106210990455681));
#2094=CARTESIAN_POINT('',(0.0182252193648694,0.00725412895232632,-0.0032));
#2095=CARTESIAN_POINT('',(0.0182544875831336,0.00726191091889151,-0.00317365974169483));
#2096=CARTESIAN_POINT('',(0.0182839798526421,0.00726944290292569,-0.00314750007924441));
#2097=CARTESIAN_POINT('',(0.0183136964210369,0.0072767343600725,-0.00312152401559699));
#2098=CARTESIAN_POINT('',(0.022977477642569,-0.00556476863114265,-0.00110000000016118));
#2099=CARTESIAN_POINT('',(0.01686,0.,0.));
#2100=CARTESIAN_POINT('',(0.01686,0.0015,-0.0015));
#2101=CARTESIAN_POINT('',(0.062,0.0015,-0.0015));
#2102=CARTESIAN_POINT('',(0.0284999999999886,0.0015,-0.0015));
#2103=CARTESIAN_POINT('',(0.0284999999999886,0.,0.));
#2104=CARTESIAN_POINT('',(0.023732549615361,-0.0125,-0.00213875428268015));
#2105=CARTESIAN_POINT('',(0.00599998341811903,-0.00356875918238508,-0.0011000000001608));
#2106=CARTESIAN_POINT('',(0.00599998341811903,-0.00356875918238508,-0.0011000000001608));
#2107=CARTESIAN_POINT('',(0.0216274503846258,-0.0125,-0.00213875428267956));
#2108=CARTESIAN_POINT('',(0.01466,-0.0125,-0.000500000000160067));
#2109=CARTESIAN_POINT('',(0.030999983418119,0.007431240817615,-0.00110000000016029));
#2110=CARTESIAN_POINT('',(0.01466,0.0075,-0.00110000000016007));
#2111=CARTESIAN_POINT('',(0.01466,-0.00356875918238505,-0.00110000000016091));
#2112=CARTESIAN_POINT('',(0.00599998341811903,-0.00356875918238508,-0.0011000000001608));
#2113=CARTESIAN_POINT('',(0.00599998341811903,-0.00356875918238508,-0.0011000000001608));
#2114=CARTESIAN_POINT('',(0.01466,-0.00356875918238514,-2.7282548527205E-16));
#2115=CARTESIAN_POINT('',(0.01466,0.,-3.81639164714898E-19));
#2116=CARTESIAN_POINT('',(0.01466,-0.0125,-0.00125834422082856));
#2117=CARTESIAN_POINT('',(0.0157002089422124,-0.0125,-0.00117917211049429));
#2118=CARTESIAN_POINT('',(0.0296597910577763,-0.0125,-0.00117917211049428));
#2119=MECHANICAL_DESIGN_GEOMETRIC_PRESENTATION_REPRESENTATION('',(#1213),
#2120);
#2120=(
GEOMETRIC_REPRESENTATION_CONTEXT(3)
GLOBAL_UNCERTAINTY_ASSIGNED_CONTEXT((#2121))
GLOBAL_UNIT_ASSIGNED_CONTEXT((#2124,#2123,#2122))
REPRESENTATION_CONTEXT('Palm_bone1','TOP_LEVEL_ASSEMBLY_PART')
);
#2121=UNCERTAINTY_MEASURE_WITH_UNIT(LENGTH_MEASURE(2.E-5),#2124,
'DISTANCE_ACCURACY_VALUE','Maximum Tolerance applied to model');
#2122=(
NAMED_UNIT(*)
SI_UNIT($,.STERADIAN.)
SOLID_ANGLE_UNIT()
);
#2123=(
NAMED_UNIT(*)
PLANE_ANGLE_UNIT()
SI_UNIT($,.RADIAN.)
);
#2124=(
LENGTH_UNIT()
NAMED_UNIT(*)
SI_UNIT($,.METRE.)
);
#2125=PRODUCT_DEFINITION_SHAPE('','',#2126);
#2126=PRODUCT_DEFINITION('','',#2128,#2127);
#2127=PRODUCT_DEFINITION_CONTEXT('',#2134,'design');
#2128=PRODUCT_DEFINITION_FORMATION_WITH_SPECIFIED_SOURCE('','',#2130,
 .NOT_KNOWN.);
#2129=PRODUCT_RELATED_PRODUCT_CATEGORY('','',(#2130));
#2130=PRODUCT('Palm_bone1','Palm_bone1','Palm_bone1',(#2132));
#2131=PRODUCT_CATEGORY('','');
#2132=PRODUCT_CONTEXT('',#2134,'mechanical');
#2133=APPLICATION_PROTOCOL_DEFINITION('international standard',
'ap242_managed_model_based_3d_engineering',2020,#2134);
#2134=APPLICATION_CONTEXT('managed model based 3d engineering');
ENDSEC;
END-ISO-10303-21;
