ISO-10303-21;
HEADER;
/* Generated by software containing ST-Developer
 * from STEP Tools, Inc. (www.steptools.com) 
 */
/* OPTION: using custom renumber hook */

FILE_DESCRIPTION(
/* description */ ('STEP AP242 Edition 2',
'CAx-IF Rec.Pracs.---Representation and Presentation of Product Manufa
cturing Information (PMI)---4.0---2014-10-13',
'CAx-IF Rec.Pracs.---3D Tessellated Geometry---0.4---2014-09-14','2;1',
'CAx-IF Rec.Pracs.---User Defined Attributes---1.5---2016-08-15'),
/* implementation_level */ '2;1');

FILE_NAME(
/* name */ 'Robotic Hand_V5_simulacra - Base Bone 1.2_V02_ringfing',
/* time_stamp */ '2026-09-25T22:15:30Z',
/* author */ (''),
/* organization */ (''),
/* preprocessor_version */ 'ST-DEVELOPER v20',
/* originating_system */ 'ONSHAPE BY PTC INC, 1.221',
/* authorisation */ '  ');

FILE_SCHEMA (('AP242_MANAGED_MODEL_BASED_3D_ENGINEERING_MIM_LF { 1 0 10303 442 3 1 4 }'));
ENDSEC;

DATA;
#10=SHAPE_REPRESENTATION_RELATIONSHIP('','',#4253,#11);
#11=ADVANCED_BREP_SHAPE_REPRESENTATION('',(#4251),#7426);
#12=(
BOUNDED_SURFACE()
B_SPLINE_SURFACE(3,2,((#7166,#7167,#7168),(#7169,#7170,#7171),(#7172,#7173,
#7174),(#7175,#7176,#7177),(#7178,#7179,#7180),(#7181,#7182,#7183),(#7184,
#7185,#7186),(#7187,#7188,#7189)),.UNSPECIFIED.,.F.,.F.,.F.)
B_SPLINE_SURFACE_WITH_KNOTS((4,1,1,1,1,4),(3,3),(-1.30104260698261E-17,
0.00185157732242068,0.00370315464484138,0.00462894330605173,0.00555473196726208,
0.00740630928968278),(0.,1.),.UNSPECIFIED.)
GEOMETRIC_REPRESENTATION_ITEM()
RATIONAL_B_SPLINE_SURFACE(((1.,0.707106781186549,1.),(1.,0.690672637055798,
1.),(1.,0.622786465490141,1.),(1.,0.561533643617992,1.),(1.,0.584662924643307,
1.),(1.,0.640257119163981,1.),(1.,0.690677426673645,1.),(1.,0.707106781186542,
1.)))
REPRESENTATION_ITEM('')
SURFACE()
);
#13=(
BOUNDED_SURFACE()
B_SPLINE_SURFACE(3,2,((#7191,#7192,#7193),(#7194,#7195,#7196),(#7197,#7198,
#7199),(#7200,#7201,#7202),(#7203,#7204,#7205),(#7206,#7207,#7208),(#7209,
#7210,#7211),(#7212,#7213,#7214)),.UNSPECIFIED.,.F.,.F.,.F.)
B_SPLINE_SURFACE_WITH_KNOTS((4,1,1,1,1,4),(3,3),(-1.7130394325271E-17,0.00185157732242068,
0.00370315464484138,0.00462894330605173,0.00555473196726208,0.00740630928968279),
(0.,1.),.UNSPECIFIED.)
GEOMETRIC_REPRESENTATION_ITEM()
RATIONAL_B_SPLINE_SURFACE(((1.,0.707106781186541,1.),(1.,0.690672637072287,
1.),(1.,0.622786465482223,1.),(1.,0.561533643619182,1.),(1.,0.584662924642745,
1.),(1.,0.640257119166136,1.),(1.,0.690677426664502,1.),(1.,0.707106781186549,
1.)))
REPRESENTATION_ITEM('')
SURFACE()
);
#14=(
BOUNDED_SURFACE()
B_SPLINE_SURFACE(3,2,((#7220,#7221,#7222),(#7223,#7224,#7225),(#7226,#7227,
#7228),(#7229,#7230,#7231),(#7232,#7233,#7234),(#7235,#7236,#7237),(#7238,
#7239,#7240),(#7241,#7242,#7243)),.UNSPECIFIED.,.F.,.F.,.F.)
B_SPLINE_SURFACE_WITH_KNOTS((4,1,1,1,1,4),(3,3),(-1.21430643318376E-17,
0.00185157732242068,0.00370315464484138,0.00462894330605173,0.00555473196726207,
0.00740630928968277),(0.,1.),.UNSPECIFIED.)
GEOMETRIC_REPRESENTATION_ITEM()
RATIONAL_B_SPLINE_SURFACE(((1.,0.707106781186549,1.),(1.,0.690672637055798,
1.),(1.,0.622786465490142,1.),(1.,0.561533643617988,1.),(1.,0.584662924643313,
1.),(1.,0.640257119163949,1.),(1.,0.690677426673784,1.),(1.,0.707106781186541,
1.)))
REPRESENTATION_ITEM('')
SURFACE()
);
#15=(
BOUNDED_SURFACE()
B_SPLINE_SURFACE(3,2,((#7245,#7246,#7247),(#7248,#7249,#7250),(#7251,#7252,
#7253),(#7254,#7255,#7256),(#7257,#7258,#7259),(#7260,#7261,#7262),(#7263,
#7264,#7265),(#7266,#7267,#7268)),.UNSPECIFIED.,.F.,.F.,.F.)
B_SPLINE_SURFACE_WITH_KNOTS((4,1,1,1,1,4),(3,3),(-1.77809156287623E-17,
0.00185157732242068,0.00370315464484138,0.00462894330605173,0.00555473196726208,
0.00740630928968278),(0.,1.),.UNSPECIFIED.)
GEOMETRIC_REPRESENTATION_ITEM()
RATIONAL_B_SPLINE_SURFACE(((1.,0.707106781186541,1.),(1.,0.690672637072287,
1.),(1.,0.622786465482222,1.),(1.,0.561533643619186,1.),(1.,0.584662924642739,
1.),(1.,0.640257119166168,1.),(1.,0.690677426664363,1.),(1.,0.707106781186549,
1.)))
REPRESENTATION_ITEM('')
SURFACE()
);
#16=TOROIDAL_SURFACE('',#4539,0.00335,0.0006);
#17=TOROIDAL_SURFACE('',#4544,0.00335,0.0006);
#18=TOROIDAL_SURFACE('',#4545,0.00335,0.0006);
#19=TOROIDAL_SURFACE('',#4550,0.00335,0.0006);
#20=TOROIDAL_SURFACE('',#4551,0.00335,0.0006);
#21=TOROIDAL_SURFACE('',#4552,0.00335,0.0006);
#22=TOROIDAL_SURFACE('',#4624,0.003,0.0015);
#23=TOROIDAL_SURFACE('',#4627,0.003,0.0015);
#24=TOROIDAL_SURFACE('',#4646,0.003,0.00075);
#25=TOROIDAL_SURFACE('',#4648,0.003,0.00075);
#26=TOROIDAL_SURFACE('',#4654,0.005,0.00075);
#27=TOROIDAL_SURFACE('',#4659,0.005,0.00075);
#28=SPHERICAL_SURFACE('',#4484,0.006);
#29=SPHERICAL_SURFACE('',#4485,0.006);
#30=SPHERICAL_SURFACE('',#4486,0.006);
#31=SPHERICAL_SURFACE('',#4488,0.006);
#32=SPHERICAL_SURFACE('',#4626,0.0015);
#33=SPHERICAL_SURFACE('',#4629,0.0015);
#34=SPHERICAL_SURFACE('',#4637,0.0015);
#35=SPHERICAL_SURFACE('',#4640,0.0015);
#36=CIRCLE('',#4263,0.00145);
#37=CIRCLE('',#4265,0.00145);
#38=CIRCLE('',#4276,0.00475);
#39=CIRCLE('',#4278,0.00475);
#40=CIRCLE('',#4281,0.00475);
#41=CIRCLE('',#4283,0.00475);
#42=CIRCLE('',#4290,0.00475);
#43=CIRCLE('',#4292,0.00475);
#44=CIRCLE('',#4295,0.00475);
#45=CIRCLE('',#4297,0.00475);
#46=CIRCLE('',#4308,0.00125);
#47=CIRCLE('',#4309,0.00125);
#48=CIRCLE('',#4310,0.00125);
#49=CIRCLE('',#4311,0.00125);
#50=CIRCLE('',#4312,0.00125);
#51=CIRCLE('',#4313,0.00125);
#52=CIRCLE('',#4338,0.00335);
#53=CIRCLE('',#4344,0.006);
#54=CIRCLE('',#4345,0.006);
#55=CIRCLE('',#4346,0.006);
#56=CIRCLE('',#4348,0.006);
#57=CIRCLE('',#4349,0.006);
#58=CIRCLE('',#4364,0.0065);
#59=CIRCLE('',#4365,0.0065);
#60=CIRCLE('',#4373,0.0015);
#61=CIRCLE('',#4374,0.0015);
#62=CIRCLE('',#4376,0.0065);
#63=CIRCLE('',#4377,0.0065);
#64=CIRCLE('',#4379,0.0065);
#65=CIRCLE('',#4381,0.0065);
#66=CIRCLE('',#4382,0.0065);
#67=CIRCLE('',#4387,0.00613827546702941);
#68=CIRCLE('',#4388,0.0061382754670294);
#69=CIRCLE('',#4391,0.0061382754670294);
#70=CIRCLE('',#4392,0.00613827546702941);
#71=CIRCLE('',#4394,0.00613827546702941);
#72=CIRCLE('',#4396,0.00613827546702941);
#73=CIRCLE('',#4397,0.0061382754670294);
#74=CIRCLE('',#4400,0.00613827546702941);
#75=CIRCLE('',#4403,0.0065);
#76=CIRCLE('',#4406,0.00475);
#77=CIRCLE('',#4408,0.00475);
#78=CIRCLE('',#4413,0.00475);
#79=CIRCLE('',#4416,0.00613827546702941);
#80=CIRCLE('',#4417,0.0065);
#81=CIRCLE('',#4421,0.00475);
#82=CIRCLE('',#4422,0.00475);
#83=CIRCLE('',#4424,0.00475);
#84=CIRCLE('',#4427,0.00475);
#85=CIRCLE('',#4430,0.00475);
#86=CIRCLE('',#4433,0.006);
#87=CIRCLE('',#4439,0.00335);
#88=CIRCLE('',#4442,0.006);
#89=CIRCLE('',#4444,0.006);
#90=CIRCLE('',#4445,0.006);
#91=CIRCLE('',#4447,0.006);
#92=CIRCLE('',#4448,0.006);
#93=CIRCLE('',#4450,0.00335);
#94=CIRCLE('',#4451,0.0075);
#95=CIRCLE('',#4463,0.003);
#96=CIRCLE('',#4466,0.00335);
#97=CIRCLE('',#4467,0.0075);
#98=CIRCLE('',#4469,0.00335);
#99=CIRCLE('',#4470,0.00145);
#100=CIRCLE('',#4471,0.0075);
#101=CIRCLE('',#4473,0.00335);
#102=CIRCLE('',#4474,0.00145);
#103=CIRCLE('',#4475,0.0075);
#104=CIRCLE('',#4476,0.00145);
#105=CIRCLE('',#4482,0.006);
#106=CIRCLE('',#4483,0.006);
#107=CIRCLE('',#4487,0.006);
#108=CIRCLE('',#4489,0.006);
#109=CIRCLE('',#4494,0.003);
#110=CIRCLE('',#4495,0.00145);
#111=CIRCLE('',#4510,0.00145);
#112=CIRCLE('',#4512,0.008);
#113=CIRCLE('',#4518,0.008);
#114=CIRCLE('',#4526,0.008);
#115=CIRCLE('',#4528,0.008);
#116=CIRCLE('',#4532,0.00275);
#117=CIRCLE('',#4533,0.00275);
#118=CIRCLE('',#4534,0.00275);
#119=CIRCLE('',#4536,0.00275);
#120=CIRCLE('',#4537,0.00275);
#121=CIRCLE('',#4538,0.00275);
#122=CIRCLE('',#4540,0.0006);
#123=CIRCLE('',#4541,0.0006);
#124=CIRCLE('',#4542,0.0006);
#125=CIRCLE('',#4543,0.0006);
#126=CIRCLE('',#4546,0.0006);
#127=CIRCLE('',#4547,0.0006);
#128=CIRCLE('',#4548,0.0006);
#129=CIRCLE('',#4549,0.0006);
#130=CIRCLE('',#4597,0.00125);
#131=CIRCLE('',#4599,0.00125);
#132=CIRCLE('',#4601,0.00125);
#133=CIRCLE('',#4604,0.00125);
#134=CIRCLE('',#4606,0.00125);
#135=CIRCLE('',#4609,0.00125);
#136=CIRCLE('',#4615,0.0015);
#137=CIRCLE('',#4617,0.0015);
#138=CIRCLE('',#4619,0.0015);
#139=CIRCLE('',#4620,0.0015);
#140=CIRCLE('',#4622,0.0015);
#141=CIRCLE('',#4623,0.0015);
#142=CIRCLE('',#4625,0.0015);
#143=CIRCLE('',#4628,0.0015);
#144=CIRCLE('',#4631,0.0015);
#145=CIRCLE('',#4633,0.0015);
#146=CIRCLE('',#4634,0.0015);
#147=CIRCLE('',#4636,0.0015);
#148=CIRCLE('',#4638,0.0015);
#149=CIRCLE('',#4641,0.0015);
#150=CIRCLE('',#4644,0.00075);
#151=CIRCLE('',#4645,0.00075);
#152=CIRCLE('',#4647,0.00075);
#153=CIRCLE('',#4649,0.00075);
#154=CIRCLE('',#4651,0.00075);
#155=CIRCLE('',#4653,0.00075);
#156=CIRCLE('',#4655,0.00075);
#157=CIRCLE('',#4658,0.00075);
#158=PLANE('',#4259);
#159=PLANE('',#4260);
#160=PLANE('',#4261);
#161=PLANE('',#4262);
#162=PLANE('',#4264);
#163=PLANE('',#4266);
#164=PLANE('',#4273);
#165=PLANE('',#4274);
#166=PLANE('',#4285);
#167=PLANE('',#4286);
#168=PLANE('',#4287);
#169=PLANE('',#4288);
#170=PLANE('',#4305);
#171=PLANE('',#4306);
#172=PLANE('',#4307);
#173=PLANE('',#4326);
#174=PLANE('',#4335);
#175=PLANE('',#4336);
#176=PLANE('',#4337);
#177=PLANE('',#4354);
#178=PLANE('',#4358);
#179=PLANE('',#4366);
#180=PLANE('',#4367);
#181=PLANE('',#4368);
#182=PLANE('',#4369);
#183=PLANE('',#4370);
#184=PLANE('',#4371);
#185=PLANE('',#4372);
#186=PLANE('',#4383);
#187=PLANE('',#4384);
#188=PLANE('',#4385);
#189=PLANE('',#4398);
#190=PLANE('',#4399);
#191=PLANE('',#4404);
#192=PLANE('',#4405);
#193=PLANE('',#4407);
#194=PLANE('',#4409);
#195=PLANE('',#4410);
#196=PLANE('',#4411);
#197=PLANE('',#4412);
#198=PLANE('',#4414);
#199=PLANE('',#4415);
#200=PLANE('',#4418);
#201=PLANE('',#4419);
#202=PLANE('',#4423);
#203=PLANE('',#4425);
#204=PLANE('',#4426);
#205=PLANE('',#4428);
#206=PLANE('',#4429);
#207=PLANE('',#4431);
#208=PLANE('',#4435);
#209=PLANE('',#4436);
#210=PLANE('',#4437);
#211=PLANE('',#4438);
#212=PLANE('',#4449);
#213=PLANE('',#4452);
#214=PLANE('',#4455);
#215=PLANE('',#4459);
#216=PLANE('',#4462);
#217=PLANE('',#4464);
#218=PLANE('',#4465);
#219=PLANE('',#4468);
#220=PLANE('',#4472);
#221=PLANE('',#4477);
#222=PLANE('',#4478);
#223=PLANE('',#4491);
#224=PLANE('',#4493);
#225=PLANE('',#4496);
#226=PLANE('',#4497);
#227=PLANE('',#4498);
#228=PLANE('',#4499);
#229=PLANE('',#4501);
#230=PLANE('',#4502);
#231=PLANE('',#4506);
#232=PLANE('',#4507);
#233=PLANE('',#4508);
#234=PLANE('',#4509);
#235=PLANE('',#4513);
#236=PLANE('',#4515);
#237=PLANE('',#4519);
#238=PLANE('',#4522);
#239=PLANE('',#4525);
#240=PLANE('',#4527);
#241=PLANE('',#4553);
#242=PLANE('',#4554);
#243=PLANE('',#4557);
#244=PLANE('',#4558);
#245=PLANE('',#4559);
#246=PLANE('',#4560);
#247=PLANE('',#4562);
#248=PLANE('',#4563);
#249=PLANE('',#4567);
#250=PLANE('',#4568);
#251=PLANE('',#4569);
#252=PLANE('',#4570);
#253=PLANE('',#4571);
#254=PLANE('',#4572);
#255=PLANE('',#4573);
#256=PLANE('',#4574);
#257=PLANE('',#4575);
#258=PLANE('',#4576);
#259=PLANE('',#4577);
#260=PLANE('',#4578);
#261=PLANE('',#4579);
#262=PLANE('',#4580);
#263=PLANE('',#4581);
#264=PLANE('',#4583);
#265=PLANE('',#4584);
#266=PLANE('',#4585);
#267=PLANE('',#4586);
#268=PLANE('',#4587);
#269=PLANE('',#4588);
#270=PLANE('',#4590);
#271=PLANE('',#4591);
#272=PLANE('',#4592);
#273=PLANE('',#4593);
#274=PLANE('',#4594);
#275=PLANE('',#4596);
#276=PLANE('',#4598);
#277=PLANE('',#4610);
#278=PLANE('',#4611);
#279=PLANE('',#4612);
#280=PLANE('',#4613);
#281=PLANE('',#4662);
#282=PLANE('',#4663);
#283=PLANE('',#4664);
#284=PLANE('',#4665);
#285=PLANE('',#4666);
#286=PLANE('',#4667);
#287=PLANE('',#4668);
#288=PLANE('',#4669);
#289=B_SPLINE_CURVE_WITH_KNOTS('',3,(#5897,#5898,#5899,#5900,#5901,#5902,
#5903),.UNSPECIFIED.,.F.,.F.,(4,1,1,1,4),(0.,0.00192126857889711,0.00384253715779421,
0.00576380573669132,0.00768507431558843),.UNSPECIFIED.);
#290=B_SPLINE_CURVE_WITH_KNOTS('',3,(#5907,#5908,#5909,#5910,#5911),
 .UNSPECIFIED.,.F.,.F.,(4,1,4),(0.,0.00333741979482029,0.00667483958964059),
 .UNSPECIFIED.);
#291=B_SPLINE_CURVE_WITH_KNOTS('',3,(#5915,#5916,#5917,#5918),
 .UNSPECIFIED.,.F.,.F.,(4,4),(0.,0.000225576425949704),.UNSPECIFIED.);
#292=B_SPLINE_CURVE_WITH_KNOTS('',3,(#5927,#5928,#5929,#5930),
 .UNSPECIFIED.,.F.,.F.,(4,4),(0.,0.00118993476882239),.UNSPECIFIED.);
#293=B_SPLINE_CURVE_WITH_KNOTS('',3,(#5934,#5935,#5936,#5937,#5938),
 .UNSPECIFIED.,.F.,.F.,(4,1,4),(3.81269371180124E-17,0.0033374197948201,
0.00667483958964016),.UNSPECIFIED.);
#294=B_SPLINE_CURVE_WITH_KNOTS('',3,(#5942,#5943,#5944,#5945,#5946,#5947,
#5948),.UNSPECIFIED.,.F.,.F.,(4,1,1,1,4),(0.,0.0019212685788971,0.00384253715779421,
0.00576380573669131,0.00768507431558841),.UNSPECIFIED.);
#295=B_SPLINE_CURVE_WITH_KNOTS('',3,(#6344,#6345,#6346,#6347),
 .UNSPECIFIED.,.F.,.F.,(4,4),(0.0054627138828187,0.00667784832392581),
 .UNSPECIFIED.);
#296=B_SPLINE_CURVE_WITH_KNOTS('',3,(#6356,#6357,#6358,#6359),
 .UNSPECIFIED.,.F.,.F.,(4,4),(0.0019071974204088,0.00290831609180965),
 .UNSPECIFIED.);
#297=B_SPLINE_CURVE_WITH_KNOTS('',3,(#6363,#6364,#6365,#6366),
 .UNSPECIFIED.,.F.,.F.,(4,4),(0.0021117397398502,0.00333019629667205),
 .UNSPECIFIED.);
#298=B_SPLINE_CURVE_WITH_KNOTS('',3,(#6371,#6372,#6373,#6374),
 .UNSPECIFIED.,.F.,.F.,(4,4),(0.00549879675848962,0.00651563128457454),
 .UNSPECIFIED.);
#299=B_SPLINE_CURVE_WITH_KNOTS('',3,(#6382,#6383,#6384,#6385,#6386,#6387,
#6388,#6389,#6390,#6391),.UNSPECIFIED.,.F.,.F.,(4,1,1,1,1,1,1,4),(0.000224599977083662,
0.000939617947618847,0.00129712693288644,0.00165463591815403,0.00201214490342162,
0.00236965388868922,0.00272716287395681,0.0030846718592244),
 .UNSPECIFIED.);
#300=B_SPLINE_CURVE_WITH_KNOTS('',3,(#6394,#6395,#6396,#6397,#6398,#6399,
#6400,#6401,#6402,#6403,#6404),.UNSPECIFIED.,.F.,.F.,(4,1,1,1,1,1,1,1,4),
(0.00047288336161637,0.00313943518073905,0.00447271109030039,0.00580598699986173,
0.00847253881898441,0.0111390906381071,0.0138056424572298,0.0164721942763525,
0.0218052979145978),.UNSPECIFIED.);
#301=B_SPLINE_CURVE_WITH_KNOTS('',3,(#6408,#6409,#6410,#6411,#6412,#6413,
#6414,#6415,#6416,#6417,#6418),.UNSPECIFIED.,.F.,.F.,(4,1,1,1,1,1,1,1,4),
(0.000472885842596241,0.00313943263078822,0.00447270602488421,0.0058059794189802,
0.00847252620717217,0.0111390729953642,0.0138056197835561,0.0164721665717481,
0.0218052601481321),.UNSPECIFIED.);
#302=B_SPLINE_CURVE_WITH_KNOTS('',3,(#6422,#6423,#6424,#6425,#6426,#6427,
#6428,#6429,#6430,#6431,#6432),.UNSPECIFIED.,.F.,.F.,(4,1,1,1,1,1,1,1,4),
(2.96588255432904E-17,0.00272565751851278,0.00408848627776915,0.00545131503702553,
0.00817697255553828,0.010902630074051,0.0136282875925638,0.0163539451110765,
0.021805260148102),.UNSPECIFIED.);
#303=B_SPLINE_CURVE_WITH_KNOTS('',3,(#6450,#6451,#6452,#6453,#6454),
 .UNSPECIFIED.,.F.,.F.,(4,1,4),(0.,0.00333741979482029,0.00667483958964059),
 .UNSPECIFIED.);
#304=B_SPLINE_CURVE_WITH_KNOTS('',3,(#6458,#6459,#6460,#6461,#6462,#6463,
#6464),.UNSPECIFIED.,.F.,.F.,(4,1,1,1,4),(0.,0.0019212685788971,0.0038425371577942,
0.00576380573669131,0.00768507431558841),.UNSPECIFIED.);
#305=B_SPLINE_CURVE_WITH_KNOTS('',3,(#6466,#6467,#6468,#6469,#6470,#6471,
#6472,#6473,#6474),.UNSPECIFIED.,.F.,.F.,(4,1,1,1,1,1,4),(0.000226681916102817,
0.000803429569527575,0.00109180339623995,0.00138017722295233,0.00166855104966471,
0.00195692487637709,0.00253367252980185),.UNSPECIFIED.);
#306=B_SPLINE_CURVE_WITH_KNOTS('',3,(#6475,#6476,#6477,#6478,#6479,#6480,
#6481),.UNSPECIFIED.,.F.,.F.,(4,1,1,1,4),(0.,0.00192126857889711,0.00384253715779421,
0.00576380573669132,0.00768507431558842),.UNSPECIFIED.);
#307=B_SPLINE_CURVE_WITH_KNOTS('',3,(#6485,#6486,#6487,#6488,#6489),
 .UNSPECIFIED.,.F.,.F.,(4,1,4),(3.81269371180124E-17,0.00333741979482006,
0.00667483958964008),.UNSPECIFIED.);
#308=B_SPLINE_CURVE_WITH_KNOTS('',3,(#6493,#6494,#6495,#6496),
 .UNSPECIFIED.,.F.,.F.,(4,4),(0.,0.000225576425949704),.UNSPECIFIED.);
#309=B_SPLINE_CURVE_WITH_KNOTS('',3,(#6510,#6511,#6512,#6513,#6514,#6515,
#6516,#6517,#6518,#6519,#6520,#6521,#6522),.UNSPECIFIED.,.F.,.F.,(4,1,1,
1,1,1,1,1,1,1,4),(0.,0.00275994502340416,0.00551989004680833,0.00827983507021249,
0.0110397800936167,0.0137997251170208,0.0151796976287229,0.016559670140425,
0.0179396426521271,0.0193196151638291,0.0220795601872333),.UNSPECIFIED.);
#310=B_SPLINE_CURVE_WITH_KNOTS('',3,(#6526,#6527,#6528,#6529,#6530,#6531,
#6532,#6533,#6534,#6535,#6536,#6537,#6538),.UNSPECIFIED.,.F.,.F.,(4,1,1,
1,1,1,1,1,1,1,4),(0.,0.00269192526518914,0.00538385053037827,0.00807577579556741,
0.0107677010607565,0.0134596263259457,0.0148055889585403,0.0161515515911348,
0.0174975142237294,0.018843476856324,0.0215354021215131),.UNSPECIFIED.);
#311=B_SPLINE_CURVE_WITH_KNOTS('',3,(#6542,#6543,#6544,#6545,#6546,#6547,
#6548,#6549,#6550,#6551,#6552,#6553,#6554),.UNSPECIFIED.,.F.,.F.,(4,1,1,
1,1,1,1,1,1,1,4),(0.,0.00269191978420167,0.00538383956840334,0.00807575935260501,
0.0107676791368067,0.0134595989210083,0.0148055588131092,0.01615151870521,
0.0174974785973109,0.0188434384894117,0.0215353582736134),.UNSPECIFIED.);
#312=B_SPLINE_CURVE_WITH_KNOTS('',3,(#6597,#6598,#6599,#6600),
 .UNSPECIFIED.,.F.,.F.,(4,4),(0.000957310476361555,0.00176411045180591),
 .UNSPECIFIED.);
#313=B_SPLINE_CURVE_WITH_KNOTS('',3,(#6725,#6726,#6727,#6728),
 .UNSPECIFIED.,.F.,.F.,(4,4),(1.47451495458029E-17,0.00092957507207941),
 .UNSPECIFIED.);
#314=B_SPLINE_CURVE_WITH_KNOTS('',3,(#6940,#6941,#6942,#6943,#6944),
 .UNSPECIFIED.,.F.,.F.,(4,1,4),(0.,0.00153561195406649,0.00307122390813298),
 .UNSPECIFIED.);
#315=B_SPLINE_CURVE_WITH_KNOTS('',3,(#6948,#6949,#6950,#6951,#6952),
 .UNSPECIFIED.,.F.,.F.,(4,1,4),(0.,0.00153561195406649,0.00307122390813298),
 .UNSPECIFIED.);
#316=B_SPLINE_CURVE_WITH_KNOTS('',3,(#7072,#7073,#7074,#7075),
 .UNSPECIFIED.,.F.,.F.,(4,4),(0.,0.000523940552808647),.UNSPECIFIED.);
#317=B_SPLINE_CURVE_WITH_KNOTS('',3,(#7084,#7085,#7086,#7087),
 .UNSPECIFIED.,.F.,.F.,(4,4),(0.,0.000523940552809087),.UNSPECIFIED.);
#318=B_SPLINE_CURVE_WITH_KNOTS('',3,(#7096,#7097,#7098,#7099),
 .UNSPECIFIED.,.F.,.F.,(4,4),(0.00829706777085864,0.00882195993738412),
 .UNSPECIFIED.);
#319=B_SPLINE_CURVE_WITH_KNOTS('',3,(#7105,#7106,#7107,#7108),
 .UNSPECIFIED.,.F.,.F.,(4,4),(0.00829706777085843,0.0088219599373841),
 .UNSPECIFIED.);
#320=B_SPLINE_CURVE_WITH_KNOTS('',3,(#7120,#7121,#7122,#7123,#7124,#7125,
#7126),.UNSPECIFIED.,.F.,.F.,(4,1,1,1,4),(0.,0.00153341607373156,0.00306683214746313,
0.00460024822119469,0.00613366429492625),.UNSPECIFIED.);
#321=B_SPLINE_CURVE_WITH_KNOTS('',3,(#7131,#7132,#7133,#7134,#7135,#7136,
#7137),.UNSPECIFIED.,.F.,.F.,(4,1,1,1,4),(0.,0.00153341607373151,0.00306683214746303,
0.00460024822119454,0.00613366429492606),.UNSPECIFIED.);
#322=B_SPLINE_CURVE_WITH_KNOTS('',3,(#7143,#7144,#7145,#7146,#7147,#7148,
#7149),.UNSPECIFIED.,.F.,.F.,(4,1,1,1,4),(0.,0.00153341607373151,0.00306683214746303,
0.00460024822119454,0.00613366429492605),.UNSPECIFIED.);
#323=B_SPLINE_CURVE_WITH_KNOTS('',3,(#7154,#7155,#7156,#7157,#7158,#7159,
#7160),.UNSPECIFIED.,.F.,.F.,(4,1,1,1,4),(0.,0.00153341607373156,0.00306683214746313,
0.00460024822119469,0.00613366429492625),.UNSPECIFIED.);
#324=LINE('',#5895,#712);
#325=LINE('',#5905,#713);
#326=LINE('',#5913,#714);
#327=LINE('',#5920,#715);
#328=LINE('',#5925,#716);
#329=LINE('',#5932,#717);
#330=LINE('',#5940,#718);
#331=LINE('',#5950,#719);
#332=LINE('',#5952,#720);
#333=LINE('',#5955,#721);
#334=LINE('',#5957,#722);
#335=LINE('',#5959,#723);
#336=LINE('',#5961,#724);
#337=LINE('',#5963,#725);
#338=LINE('',#5965,#726);
#339=LINE('',#5968,#727);
#340=LINE('',#5970,#728);
#341=LINE('',#5972,#729);
#342=LINE('',#5974,#730);
#343=LINE('',#5976,#731);
#344=LINE('',#5978,#732);
#345=LINE('',#5981,#733);
#346=LINE('',#5982,#734);
#347=LINE('',#5984,#735);
#348=LINE('',#5987,#736);
#349=LINE('',#5990,#737);
#350=LINE('',#5992,#738);
#351=LINE('',#5994,#739);
#352=LINE('',#5996,#740);
#353=LINE('',#5998,#741);
#354=LINE('',#6000,#742);
#355=LINE('',#6004,#743);
#356=LINE('',#6005,#744);
#357=LINE('',#6010,#745);
#358=LINE('',#6014,#746);
#359=LINE('',#6019,#747);
#360=LINE('',#6023,#748);
#361=LINE('',#6025,#749);
#362=LINE('',#6028,#750);
#363=LINE('',#6030,#751);
#364=LINE('',#6032,#752);
#365=LINE('',#6034,#753);
#366=LINE('',#6036,#754);
#367=LINE('',#6038,#755);
#368=LINE('',#6041,#756);
#369=LINE('',#6043,#757);
#370=LINE('',#6045,#758);
#371=LINE('',#6047,#759);
#372=LINE('',#6049,#760);
#373=LINE('',#6069,#761);
#374=LINE('',#6070,#762);
#375=LINE('',#6072,#763);
#376=LINE('',#6073,#764);
#377=LINE('',#6075,#765);
#378=LINE('',#6078,#766);
#379=LINE('',#6080,#767);
#380=LINE('',#6082,#768);
#381=LINE('',#6084,#769);
#382=LINE('',#6086,#770);
#383=LINE('',#6088,#771);
#384=LINE('',#6091,#772);
#385=LINE('',#6093,#773);
#386=LINE('',#6095,#774);
#387=LINE('',#6097,#775);
#388=LINE('',#6099,#776);
#389=LINE('',#6119,#777);
#390=LINE('',#6124,#778);
#391=LINE('',#6128,#779);
#392=LINE('',#6133,#780);
#393=LINE('',#6137,#781);
#394=LINE('',#6138,#782);
#395=LINE('',#6140,#783);
#396=LINE('',#6141,#784);
#397=LINE('',#6155,#785);
#398=LINE('',#6158,#786);
#399=LINE('',#6160,#787);
#400=LINE('',#6164,#788);
#401=LINE('',#6166,#789);
#402=LINE('',#6168,#790);
#403=LINE('',#6172,#791);
#404=LINE('',#6176,#792);
#405=LINE('',#6178,#793);
#406=LINE('',#6180,#794);
#407=LINE('',#6184,#795);
#408=LINE('',#6186,#796);
#409=LINE('',#6187,#797);
#410=LINE('',#6190,#798);
#411=LINE('',#6192,#799);
#412=LINE('',#6196,#800);
#413=LINE('',#6198,#801);
#414=LINE('',#6200,#802);
#415=LINE('',#6204,#803);
#416=LINE('',#6208,#804);
#417=LINE('',#6210,#805);
#418=LINE('',#6212,#806);
#419=LINE('',#6216,#807);
#420=LINE('',#6218,#808);
#421=LINE('',#6219,#809);
#422=LINE('',#6222,#810);
#423=LINE('',#6224,#811);
#424=LINE('',#6228,#812);
#425=LINE('',#6230,#813);
#426=LINE('',#6232,#814);
#427=LINE('',#6236,#815);
#428=LINE('',#6240,#816);
#429=LINE('',#6242,#817);
#430=LINE('',#6244,#818);
#431=LINE('',#6248,#819);
#432=LINE('',#6250,#820);
#433=LINE('',#6251,#821);
#434=LINE('',#6254,#822);
#435=LINE('',#6256,#823);
#436=LINE('',#6258,#824);
#437=LINE('',#6260,#825);
#438=LINE('',#6262,#826);
#439=LINE('',#6264,#827);
#440=LINE('',#6268,#828);
#441=LINE('',#6270,#829);
#442=LINE('',#6272,#830);
#443=LINE('',#6273,#831);
#444=LINE('',#6275,#832);
#445=LINE('',#6277,#833);
#446=LINE('',#6281,#834);
#447=LINE('',#6282,#835);
#448=LINE('',#6283,#836);
#449=LINE('',#6287,#837);
#450=LINE('',#6289,#838);
#451=LINE('',#6291,#839);
#452=LINE('',#6292,#840);
#453=LINE('',#6294,#841);
#454=LINE('',#6296,#842);
#455=LINE('',#6300,#843);
#456=LINE('',#6301,#844);
#457=LINE('',#6302,#845);
#458=LINE('',#6306,#846);
#459=LINE('',#6308,#847);
#460=LINE('',#6310,#848);
#461=LINE('',#6314,#849);
#462=LINE('',#6318,#850);
#463=LINE('',#6320,#851);
#464=LINE('',#6322,#852);
#465=LINE('',#6326,#853);
#466=LINE('',#6327,#854);
#467=LINE('',#6328,#855);
#468=LINE('',#6331,#856);
#469=LINE('',#6333,#857);
#470=LINE('',#6335,#858);
#471=LINE('',#6337,#859);
#472=LINE('',#6339,#860);
#473=LINE('',#6341,#861);
#474=LINE('',#6342,#862);
#475=LINE('',#6350,#863);
#476=LINE('',#6352,#864);
#477=LINE('',#6354,#865);
#478=LINE('',#6361,#866);
#479=LINE('',#6369,#867);
#480=LINE('',#6376,#868);
#481=LINE('',#6380,#869);
#482=LINE('',#6436,#870);
#483=LINE('',#6440,#871);
#484=LINE('',#6444,#872);
#485=LINE('',#6448,#873);
#486=LINE('',#6456,#874);
#487=LINE('',#6483,#875);
#488=LINE('',#6491,#876);
#489=LINE('',#6498,#877);
#490=LINE('',#6502,#878);
#491=LINE('',#6506,#879);
#492=LINE('',#6558,#880);
#493=LINE('',#6563,#881);
#494=LINE('',#6567,#882);
#495=LINE('',#6569,#883);
#496=LINE('',#6571,#884);
#497=LINE('',#6573,#885);
#498=LINE('',#6580,#886);
#499=LINE('',#6584,#887);
#500=LINE('',#6586,#888);
#501=LINE('',#6588,#889);
#502=LINE('',#6591,#890);
#503=LINE('',#6593,#891);
#504=LINE('',#6602,#892);
#505=LINE('',#6604,#893);
#506=LINE('',#6607,#894);
#507=LINE('',#6611,#895);
#508=LINE('',#6613,#896);
#509=LINE('',#6615,#897);
#510=LINE('',#6617,#898);
#511=LINE('',#6619,#899);
#512=LINE('',#6621,#900);
#513=LINE('',#6623,#901);
#514=LINE('',#6625,#902);
#515=LINE('',#6627,#903);
#516=LINE('',#6629,#904);
#517=LINE('',#6631,#905);
#518=LINE('',#6633,#906);
#519=LINE('',#6635,#907);
#520=LINE('',#6637,#908);
#521=LINE('',#6639,#909);
#522=LINE('',#6641,#910);
#523=LINE('',#6643,#911);
#524=LINE('',#6645,#912);
#525=LINE('',#6647,#913);
#526=LINE('',#6649,#914);
#527=LINE('',#6651,#915);
#528=LINE('',#6653,#916);
#529=LINE('',#6654,#917);
#530=LINE('',#6656,#918);
#531=LINE('',#6658,#919);
#532=LINE('',#6660,#920);
#533=LINE('',#6662,#921);
#534=LINE('',#6663,#922);
#535=LINE('',#6665,#923);
#536=LINE('',#6667,#924);
#537=LINE('',#6669,#925);
#538=LINE('',#6673,#926);
#539=LINE('',#6676,#927);
#540=LINE('',#6678,#928);
#541=LINE('',#6679,#929);
#542=LINE('',#6680,#930);
#543=LINE('',#6684,#931);
#544=LINE('',#6688,#932);
#545=LINE('',#6689,#933);
#546=LINE('',#6691,#934);
#547=LINE('',#6697,#935);
#548=LINE('',#6701,#936);
#549=LINE('',#6702,#937);
#550=LINE('',#6704,#938);
#551=LINE('',#6706,#939);
#552=LINE('',#6708,#940);
#553=LINE('',#6710,#941);
#554=LINE('',#6711,#942);
#555=LINE('',#6713,#943);
#556=LINE('',#6714,#944);
#557=LINE('',#6718,#945);
#558=LINE('',#6719,#946);
#559=LINE('',#6723,#947);
#560=LINE('',#6733,#948);
#561=LINE('',#6734,#949);
#562=LINE('',#6738,#950);
#563=LINE('',#6741,#951);
#564=LINE('',#6745,#952);
#565=LINE('',#6749,#953);
#566=LINE('',#6750,#954);
#567=LINE('',#6754,#955);
#568=LINE('',#6756,#956);
#569=LINE('',#6758,#957);
#570=LINE('',#6760,#958);
#571=LINE('',#6762,#959);
#572=LINE('',#6763,#960);
#573=LINE('',#6767,#961);
#574=LINE('',#6769,#962);
#575=LINE('',#6774,#963);
#576=LINE('',#6776,#964);
#577=LINE('',#6778,#965);
#578=LINE('',#6779,#966);
#579=LINE('',#6780,#967);
#580=LINE('',#6783,#968);
#581=LINE('',#6784,#969);
#582=LINE('',#6785,#970);
#583=LINE('',#6788,#971);
#584=LINE('',#6789,#972);
#585=LINE('',#6791,#973);
#586=LINE('',#6792,#974);
#587=LINE('',#6793,#975);
#588=LINE('',#6795,#976);
#589=LINE('',#6796,#977);
#590=LINE('',#6798,#978);
#591=LINE('',#6800,#979);
#592=LINE('',#6801,#980);
#593=LINE('',#6802,#981);
#594=LINE('',#6805,#982);
#595=LINE('',#6806,#983);
#596=LINE('',#6808,#984);
#597=LINE('',#6809,#985);
#598=LINE('',#6812,#986);
#599=LINE('',#6814,#987);
#600=LINE('',#6817,#988);
#601=LINE('',#6819,#989);
#602=LINE('',#6833,#990);
#603=LINE('',#6834,#991);
#604=LINE('',#6836,#992);
#605=LINE('',#6840,#993);
#606=LINE('',#6844,#994);
#607=LINE('',#6846,#995);
#608=LINE('',#6848,#996);
#609=LINE('',#6850,#997);
#610=LINE('',#6852,#998);
#611=LINE('',#6854,#999);
#612=LINE('',#6856,#1000);
#613=LINE('',#6858,#1001);
#614=LINE('',#6860,#1002);
#615=LINE('',#6862,#1003);
#616=LINE('',#6871,#1004);
#617=LINE('',#6875,#1005);
#618=LINE('',#6878,#1006);
#619=LINE('',#6883,#1007);
#620=LINE('',#6886,#1008);
#621=LINE('',#6888,#1009);
#622=LINE('',#6889,#1010);
#623=LINE('',#6893,#1011);
#624=LINE('',#6897,#1012);
#625=LINE('',#6899,#1013);
#626=LINE('',#6901,#1014);
#627=LINE('',#6906,#1015);
#628=LINE('',#6910,#1016);
#629=LINE('',#6911,#1017);
#630=LINE('',#6913,#1018);
#631=LINE('',#6917,#1019);
#632=LINE('',#6919,#1020);
#633=LINE('',#6920,#1021);
#634=LINE('',#6924,#1022);
#635=LINE('',#6928,#1023);
#636=LINE('',#6930,#1024);
#637=LINE('',#6932,#1025);
#638=LINE('',#6936,#1026);
#639=LINE('',#6938,#1027);
#640=LINE('',#6939,#1028);
#641=LINE('',#6946,#1029);
#642=LINE('',#6954,#1030);
#643=LINE('',#6956,#1031);
#644=LINE('',#6958,#1032);
#645=LINE('',#6960,#1033);
#646=LINE('',#6961,#1034);
#647=LINE('',#6962,#1035);
#648=LINE('',#6963,#1036);
#649=LINE('',#6964,#1037);
#650=LINE('',#6971,#1038);
#651=LINE('',#6978,#1039);
#652=LINE('',#6985,#1040);
#653=LINE('',#6986,#1041);
#654=LINE('',#6988,#1042);
#655=LINE('',#6990,#1043);
#656=LINE('',#6991,#1044);
#657=LINE('',#6992,#1045);
#658=LINE('',#6994,#1046);
#659=LINE('',#7009,#1047);
#660=LINE('',#7011,#1048);
#661=LINE('',#7013,#1049);
#662=LINE('',#7017,#1050);
#663=LINE('',#7020,#1051);
#664=LINE('',#7022,#1052);
#665=LINE('',#7024,#1053);
#666=LINE('',#7027,#1054);
#667=LINE('',#7031,#1055);
#668=LINE('',#7033,#1056);
#669=LINE('',#7035,#1057);
#670=LINE('',#7037,#1058);
#671=LINE('',#7040,#1059);
#672=LINE('',#7041,#1060);
#673=LINE('',#7047,#1061);
#674=LINE('',#7048,#1062);
#675=LINE('',#7050,#1063);
#676=LINE('',#7054,#1064);
#677=LINE('',#7056,#1065);
#678=LINE('',#7058,#1066);
#679=LINE('',#7060,#1067);
#680=LINE('',#7062,#1068);
#681=LINE('',#7064,#1069);
#682=LINE('',#7066,#1070);
#683=LINE('',#7077,#1071);
#684=LINE('',#7079,#1072);
#685=LINE('',#7082,#1073);
#686=LINE('',#7091,#1074);
#687=LINE('',#7094,#1075);
#688=LINE('',#7100,#1076);
#689=LINE('',#7103,#1077);
#690=LINE('',#7110,#1078);
#691=LINE('',#7276,#1079);
#692=LINE('',#7278,#1080);
#693=LINE('',#7283,#1081);
#694=LINE('',#7285,#1082);
#695=LINE('',#7290,#1083);
#696=LINE('',#7293,#1084);
#697=LINE('',#7294,#1085);
#698=LINE('',#7296,#1086);
#699=LINE('',#7298,#1087);
#700=LINE('',#7300,#1088);
#701=LINE('',#7304,#1089);
#702=LINE('',#7306,#1090);
#703=LINE('',#7309,#1091);
#704=LINE('',#7311,#1092);
#705=LINE('',#7316,#1093);
#706=LINE('',#7318,#1094);
#707=LINE('',#7325,#1095);
#708=LINE('',#7327,#1096);
#709=LINE('',#7333,#1097);
#710=LINE('',#7335,#1098);
#711=LINE('',#7365,#1099);
#712=VECTOR('',#4676,1.);
#713=VECTOR('',#4677,1.);
#714=VECTOR('',#4678,1.);
#715=VECTOR('',#4679,1.);
#716=VECTOR('',#4684,1.);
#717=VECTOR('',#4685,1.);
#718=VECTOR('',#4686,1.);
#719=VECTOR('',#4687,1.);
#720=VECTOR('',#4690,1.);
#721=VECTOR('',#4691,1.);
#722=VECTOR('',#4692,1.);
#723=VECTOR('',#4693,1.);
#724=VECTOR('',#4694,1.);
#725=VECTOR('',#4695,1.);
#726=VECTOR('',#4698,1.);
#727=VECTOR('',#4699,1.);
#728=VECTOR('',#4700,1.);
#729=VECTOR('',#4701,1.);
#730=VECTOR('',#4702,1.);
#731=VECTOR('',#4703,1.);
#732=VECTOR('',#4706,1.);
#733=VECTOR('',#4707,1.);
#734=VECTOR('',#4708,1.);
#735=VECTOR('',#4711,1.);
#736=VECTOR('',#4712,1.);
#737=VECTOR('',#4717,1.);
#738=VECTOR('',#4718,1.);
#739=VECTOR('',#4719,1.);
#740=VECTOR('',#4720,1.);
#741=VECTOR('',#4721,1.);
#742=VECTOR('',#4722,1.);
#743=VECTOR('',#4727,1.);
#744=VECTOR('',#4728,1.);
#745=VECTOR('',#4733,1.);
#746=VECTOR('',#4736,1.);
#747=VECTOR('',#4741,1.);
#748=VECTOR('',#4744,1.);
#749=VECTOR('',#4747,1.);
#750=VECTOR('',#4748,1.);
#751=VECTOR('',#4749,1.);
#752=VECTOR('',#4750,1.);
#753=VECTOR('',#4751,1.);
#754=VECTOR('',#4752,1.);
#755=VECTOR('',#4755,1.);
#756=VECTOR('',#4756,1.);
#757=VECTOR('',#4757,1.);
#758=VECTOR('',#4758,1.);
#759=VECTOR('',#4759,1.);
#760=VECTOR('',#4760,1.);
#761=VECTOR('',#4783,1.);
#762=VECTOR('',#4784,1.);
#763=VECTOR('',#4787,1.);
#764=VECTOR('',#4788,1.);
#765=VECTOR('',#4791,1.);
#766=VECTOR('',#4792,1.);
#767=VECTOR('',#4793,1.);
#768=VECTOR('',#4794,1.);
#769=VECTOR('',#4795,1.);
#770=VECTOR('',#4796,1.);
#771=VECTOR('',#4799,1.);
#772=VECTOR('',#4800,1.);
#773=VECTOR('',#4801,1.);
#774=VECTOR('',#4802,1.);
#775=VECTOR('',#4803,1.);
#776=VECTOR('',#4804,1.);
#777=VECTOR('',#4827,1.);
#778=VECTOR('',#4830,1.);
#779=VECTOR('',#4835,1.);
#780=VECTOR('',#4838,1.);
#781=VECTOR('',#4843,1.);
#782=VECTOR('',#4844,1.);
#783=VECTOR('',#4847,1.);
#784=VECTOR('',#4848,1.);
#785=VECTOR('',#4863,1.);
#786=VECTOR('',#4864,1.);
#787=VECTOR('',#4865,1.);
#788=VECTOR('',#4868,1.);
#789=VECTOR('',#4869,1.);
#790=VECTOR('',#4870,1.);
#791=VECTOR('',#4873,1.);
#792=VECTOR('',#4876,1.);
#793=VECTOR('',#4877,1.);
#794=VECTOR('',#4878,1.);
#795=VECTOR('',#4881,1.);
#796=VECTOR('',#4882,1.);
#797=VECTOR('',#4883,1.);
#798=VECTOR('',#4884,1.);
#799=VECTOR('',#4885,1.);
#800=VECTOR('',#4888,1.);
#801=VECTOR('',#4889,1.);
#802=VECTOR('',#4890,1.);
#803=VECTOR('',#4893,1.);
#804=VECTOR('',#4896,1.);
#805=VECTOR('',#4897,1.);
#806=VECTOR('',#4898,1.);
#807=VECTOR('',#4901,1.);
#808=VECTOR('',#4902,1.);
#809=VECTOR('',#4903,1.);
#810=VECTOR('',#4904,1.);
#811=VECTOR('',#4905,1.);
#812=VECTOR('',#4908,1.);
#813=VECTOR('',#4909,1.);
#814=VECTOR('',#4910,1.);
#815=VECTOR('',#4913,1.);
#816=VECTOR('',#4916,1.);
#817=VECTOR('',#4917,1.);
#818=VECTOR('',#4918,1.);
#819=VECTOR('',#4921,1.);
#820=VECTOR('',#4922,1.);
#821=VECTOR('',#4923,1.);
#822=VECTOR('',#4924,1.);
#823=VECTOR('',#4925,1.);
#824=VECTOR('',#4926,1.);
#825=VECTOR('',#4927,1.);
#826=VECTOR('',#4928,1.);
#827=VECTOR('',#4931,1.);
#828=VECTOR('',#4934,1.);
#829=VECTOR('',#4935,1.);
#830=VECTOR('',#4936,1.);
#831=VECTOR('',#4937,1.);
#832=VECTOR('',#4938,1.);
#833=VECTOR('',#4939,1.);
#834=VECTOR('',#4942,1.);
#835=VECTOR('',#4943,1.);
#836=VECTOR('',#4944,1.);
#837=VECTOR('',#4947,1.);
#838=VECTOR('',#4948,1.);
#839=VECTOR('',#4949,1.);
#840=VECTOR('',#4950,1.);
#841=VECTOR('',#4951,1.);
#842=VECTOR('',#4952,1.);
#843=VECTOR('',#4955,1.);
#844=VECTOR('',#4956,1.);
#845=VECTOR('',#4957,1.);
#846=VECTOR('',#4960,1.);
#847=VECTOR('',#4961,1.);
#848=VECTOR('',#4962,1.);
#849=VECTOR('',#4965,1.);
#850=VECTOR('',#4968,1.);
#851=VECTOR('',#4969,1.);
#852=VECTOR('',#4970,1.);
#853=VECTOR('',#4973,1.);
#854=VECTOR('',#4974,1.);
#855=VECTOR('',#4975,1.);
#856=VECTOR('',#4976,1.);
#857=VECTOR('',#4977,1.);
#858=VECTOR('',#4978,1.);
#859=VECTOR('',#4979,1.);
#860=VECTOR('',#4980,1.);
#861=VECTOR('',#4983,1.);
#862=VECTOR('',#4984,1.);
#863=VECTOR('',#4987,1.);
#864=VECTOR('',#4988,1.);
#865=VECTOR('',#4989,1.);
#866=VECTOR('',#4990,1.);
#867=VECTOR('',#4993,1.);
#868=VECTOR('',#4994,1.);
#869=VECTOR('',#4997,1.);
#870=VECTOR('',#5008,1.);
#871=VECTOR('',#5011,1.);
#872=VECTOR('',#5014,1.);
#873=VECTOR('',#5017,1.);
#874=VECTOR('',#5018,1.);
#875=VECTOR('',#5021,1.);
#876=VECTOR('',#5022,1.);
#877=VECTOR('',#5023,1.);
#878=VECTOR('',#5026,1.);
#879=VECTOR('',#5029,1.);
#880=VECTOR('',#5040,1.);
#881=VECTOR('',#5043,1.);
#882=VECTOR('',#5046,1.);
#883=VECTOR('',#5047,1.);
#884=VECTOR('',#5048,1.);
#885=VECTOR('',#5049,1.);
#886=VECTOR('',#5056,1.);
#887=VECTOR('',#5059,1.);
#888=VECTOR('',#5060,1.);
#889=VECTOR('',#5061,1.);
#890=VECTOR('',#5064,1.);
#891=VECTOR('',#5067,1.);
#892=VECTOR('',#5070,1.);
#893=VECTOR('',#5071,1.);
#894=VECTOR('',#5074,1.);
#895=VECTOR('',#5077,1.);
#896=VECTOR('',#5080,1.);
#897=VECTOR('',#5081,1.);
#898=VECTOR('',#5082,1.);
#899=VECTOR('',#5085,1.);
#900=VECTOR('',#5086,1.);
#901=VECTOR('',#5087,1.);
#902=VECTOR('',#5090,1.);
#903=VECTOR('',#5091,1.);
#904=VECTOR('',#5092,1.);
#905=VECTOR('',#5095,1.);
#906=VECTOR('',#5096,1.);
#907=VECTOR('',#5099,1.);
#908=VECTOR('',#5100,1.);
#909=VECTOR('',#5101,1.);
#910=VECTOR('',#5104,1.);
#911=VECTOR('',#5105,1.);
#912=VECTOR('',#5106,1.);
#913=VECTOR('',#5109,1.);
#914=VECTOR('',#5110,1.);
#915=VECTOR('',#5111,1.);
#916=VECTOR('',#5112,1.);
#917=VECTOR('',#5113,1.);
#918=VECTOR('',#5114,1.);
#919=VECTOR('',#5115,1.);
#920=VECTOR('',#5116,1.);
#921=VECTOR('',#5117,1.);
#922=VECTOR('',#5118,1.);
#923=VECTOR('',#5119,1.);
#924=VECTOR('',#5120,1.);
#925=VECTOR('',#5121,1.);
#926=VECTOR('',#5124,1.);
#927=VECTOR('',#5127,1.);
#928=VECTOR('',#5128,1.);
#929=VECTOR('',#5129,1.);
#930=VECTOR('',#5130,1.);
#931=VECTOR('',#5135,1.);
#932=VECTOR('',#5138,1.);
#933=VECTOR('',#5139,1.);
#934=VECTOR('',#5142,1.);
#935=VECTOR('',#5149,1.);
#936=VECTOR('',#5152,1.);
#937=VECTOR('',#5153,1.);
#938=VECTOR('',#5156,1.);
#939=VECTOR('',#5157,1.);
#940=VECTOR('',#5158,1.);
#941=VECTOR('',#5161,1.);
#942=VECTOR('',#5162,1.);
#943=VECTOR('',#5165,1.);
#944=VECTOR('',#5166,1.);
#945=VECTOR('',#5171,1.);
#946=VECTOR('',#5172,1.);
#947=VECTOR('',#5175,1.);
#948=VECTOR('',#5180,1.);
#949=VECTOR('',#5181,1.);
#950=VECTOR('',#5184,1.);
#951=VECTOR('',#5187,1.);
#952=VECTOR('',#5192,1.);
#953=VECTOR('',#5197,1.);
#954=VECTOR('',#5198,1.);
#955=VECTOR('',#5201,1.);
#956=VECTOR('',#5204,1.);
#957=VECTOR('',#5205,1.);
#958=VECTOR('',#5206,1.);
#959=VECTOR('',#5209,1.);
#960=VECTOR('',#5210,1.);
#961=VECTOR('',#5215,1.);
#962=VECTOR('',#5216,1.);
#963=VECTOR('',#5221,1.);
#964=VECTOR('',#5224,1.);
#965=VECTOR('',#5227,1.);
#966=VECTOR('',#5228,1.);
#967=VECTOR('',#5229,1.);
#968=VECTOR('',#5234,1.);
#969=VECTOR('',#5235,1.);
#970=VECTOR('',#5236,1.);
#971=VECTOR('',#5241,1.);
#972=VECTOR('',#5242,1.);
#973=VECTOR('',#5245,1.);
#974=VECTOR('',#5246,1.);
#975=VECTOR('',#5247,1.);
#976=VECTOR('',#5248,1.);
#977=VECTOR('',#5249,1.);
#978=VECTOR('',#5252,1.);
#979=VECTOR('',#5255,1.);
#980=VECTOR('',#5256,1.);
#981=VECTOR('',#5257,1.);
#982=VECTOR('',#5262,1.);
#983=VECTOR('',#5263,1.);
#984=VECTOR('',#5266,1.);
#985=VECTOR('',#5267,1.);
#986=VECTOR('',#5270,1.);
#987=VECTOR('',#5271,1.);
#988=VECTOR('',#5274,1.);
#989=VECTOR('',#5277,1.);
#990=VECTOR('',#5304,1.);
#991=VECTOR('',#5305,1.);
#992=VECTOR('',#5308,1.);
#993=VECTOR('',#5311,1.);
#994=VECTOR('',#5316,1.);
#995=VECTOR('',#5317,1.);
#996=VECTOR('',#5320,1.);
#997=VECTOR('',#5321,1.);
#998=VECTOR('',#5322,1.);
#999=VECTOR('',#5325,1.);
#1000=VECTOR('',#5326,1.);
#1001=VECTOR('',#5329,1.);
#1002=VECTOR('',#5332,1.);
#1003=VECTOR('',#5333,1.);
#1004=VECTOR('',#5346,1.);
#1005=VECTOR('',#5351,1.);
#1006=VECTOR('',#5354,1.);
#1007=VECTOR('',#5363,1.);
#1008=VECTOR('',#5364,1.);
#1009=VECTOR('',#5365,1.);
#1010=VECTOR('',#5366,1.);
#1011=VECTOR('',#5369,1.);
#1012=VECTOR('',#5372,1.);
#1013=VECTOR('',#5373,1.);
#1014=VECTOR('',#5376,1.);
#1015=VECTOR('',#5379,1.);
#1016=VECTOR('',#5382,1.);
#1017=VECTOR('',#5383,1.);
#1018=VECTOR('',#5384,1.);
#1019=VECTOR('',#5389,1.);
#1020=VECTOR('',#5390,1.);
#1021=VECTOR('',#5391,1.);
#1022=VECTOR('',#5394,1.);
#1023=VECTOR('',#5397,1.);
#1024=VECTOR('',#5398,1.);
#1025=VECTOR('',#5401,1.);
#1026=VECTOR('',#5404,1.);
#1027=VECTOR('',#5407,1.);
#1028=VECTOR('',#5408,1.);
#1029=VECTOR('',#5409,1.);
#1030=VECTOR('',#5410,1.);
#1031=VECTOR('',#5411,1.);
#1032=VECTOR('',#5412,1.);
#1033=VECTOR('',#5413,1.);
#1034=VECTOR('',#5414,1.);
#1035=VECTOR('',#5415,1.);
#1036=VECTOR('',#5416,1.);
#1037=VECTOR('',#5417,1.);
#1038=VECTOR('',#5428,1.);
#1039=VECTOR('',#5437,1.);
#1040=VECTOR('',#5446,1.);
#1041=VECTOR('',#5447,1.);
#1042=VECTOR('',#5450,1.);
#1043=VECTOR('',#5451,1.);
#1044=VECTOR('',#5452,1.);
#1045=VECTOR('',#5453,1.);
#1046=VECTOR('',#5454,1.);
#1047=VECTOR('',#5483,1.);
#1048=VECTOR('',#5484,1.);
#1049=VECTOR('',#5485,1.);
#1050=VECTOR('',#5490,1.);
#1051=VECTOR('',#5495,1.);
#1052=VECTOR('',#5496,1.);
#1053=VECTOR('',#5499,1.);
#1054=VECTOR('',#5504,1.);
#1055=VECTOR('',#5507,1.);
#1056=VECTOR('',#5508,1.);
#1057=VECTOR('',#5509,1.);
#1058=VECTOR('',#5512,1.);
#1059=VECTOR('',#5513,1.);
#1060=VECTOR('',#5514,1.);
#1061=VECTOR('',#5521,1.);
#1062=VECTOR('',#5522,1.);
#1063=VECTOR('',#5523,1.);
#1064=VECTOR('',#5526,1.);
#1065=VECTOR('',#5529,1.);
#1066=VECTOR('',#5530,1.);
#1067=VECTOR('',#5533,1.);
#1068=VECTOR('',#5534,1.);
#1069=VECTOR('',#5537,1.);
#1070=VECTOR('',#5538,1.);
#1071=VECTOR('',#5549,1.);
#1072=VECTOR('',#5552,1.);
#1073=VECTOR('',#5557,1.);
#1074=VECTOR('',#5564,1.);
#1075=VECTOR('',#5569,1.);
#1076=VECTOR('',#5570,1.);
#1077=VECTOR('',#5575,1.);
#1078=VECTOR('',#5578,1.);
#1079=VECTOR('',#5641,1.);
#1080=VECTOR('',#5644,1.);
#1081=VECTOR('',#5653,1.);
#1082=VECTOR('',#5656,1.);
#1083=VECTOR('',#5663,1.);
#1084=VECTOR('',#5666,1.);
#1085=VECTOR('',#5667,1.);
#1086=VECTOR('',#5670,1.);
#1087=VECTOR('',#5673,1.);
#1088=VECTOR('',#5676,1.);
#1089=VECTOR('',#5683,1.);
#1090=VECTOR('',#5686,1.);
#1091=VECTOR('',#5691,1.);
#1092=VECTOR('',#5694,1.);
#1093=VECTOR('',#5703,1.);
#1094=VECTOR('',#5706,1.);
#1095=VECTOR('',#5719,1.);
#1096=VECTOR('',#5722,1.);
#1097=VECTOR('',#5733,1.);
#1098=VECTOR('',#5736,1.);
#1099=VECTOR('',#5787,1.);
#1100=ORIENTED_EDGE('',*,*,#2338,.F.);
#1101=ORIENTED_EDGE('',*,*,#2339,.F.);
#1102=ORIENTED_EDGE('',*,*,#2340,.T.);
#1103=ORIENTED_EDGE('',*,*,#2341,.F.);
#1104=ORIENTED_EDGE('',*,*,#2342,.T.);
#1105=ORIENTED_EDGE('',*,*,#2343,.F.);
#1106=ORIENTED_EDGE('',*,*,#2344,.T.);
#1107=ORIENTED_EDGE('',*,*,#2345,.T.);
#1108=ORIENTED_EDGE('',*,*,#2346,.F.);
#1109=ORIENTED_EDGE('',*,*,#2347,.T.);
#1110=ORIENTED_EDGE('',*,*,#2348,.T.);
#1111=ORIENTED_EDGE('',*,*,#2349,.F.);
#1112=ORIENTED_EDGE('',*,*,#2350,.T.);
#1113=ORIENTED_EDGE('',*,*,#2351,.T.);
#1114=ORIENTED_EDGE('',*,*,#2352,.T.);
#1115=ORIENTED_EDGE('',*,*,#2353,.T.);
#1116=ORIENTED_EDGE('',*,*,#2354,.F.);
#1117=ORIENTED_EDGE('',*,*,#2355,.F.);
#1118=ORIENTED_EDGE('',*,*,#2356,.F.);
#1119=ORIENTED_EDGE('',*,*,#2357,.T.);
#1120=ORIENTED_EDGE('',*,*,#2358,.T.);
#1121=ORIENTED_EDGE('',*,*,#2359,.T.);
#1122=ORIENTED_EDGE('',*,*,#2360,.T.);
#1123=ORIENTED_EDGE('',*,*,#2361,.T.);
#1124=ORIENTED_EDGE('',*,*,#2362,.F.);
#1125=ORIENTED_EDGE('',*,*,#2363,.F.);
#1126=ORIENTED_EDGE('',*,*,#2364,.F.);
#1127=ORIENTED_EDGE('',*,*,#2365,.T.);
#1128=ORIENTED_EDGE('',*,*,#2366,.F.);
#1129=ORIENTED_EDGE('',*,*,#2367,.T.);
#1130=ORIENTED_EDGE('',*,*,#2345,.F.);
#1131=ORIENTED_EDGE('',*,*,#2368,.T.);
#1132=ORIENTED_EDGE('',*,*,#2369,.F.);
#1133=ORIENTED_EDGE('',*,*,#2370,.T.);
#1134=ORIENTED_EDGE('',*,*,#2366,.T.);
#1135=ORIENTED_EDGE('',*,*,#2371,.T.);
#1136=ORIENTED_EDGE('',*,*,#2347,.F.);
#1137=ORIENTED_EDGE('',*,*,#2372,.T.);
#1138=ORIENTED_EDGE('',*,*,#2373,.F.);
#1139=ORIENTED_EDGE('',*,*,#2374,.T.);
#1140=ORIENTED_EDGE('',*,*,#2375,.T.);
#1141=ORIENTED_EDGE('',*,*,#2376,.F.);
#1142=ORIENTED_EDGE('',*,*,#2377,.T.);
#1143=ORIENTED_EDGE('',*,*,#2378,.T.);
#1144=ORIENTED_EDGE('',*,*,#2355,.T.);
#1145=ORIENTED_EDGE('',*,*,#2379,.T.);
#1146=ORIENTED_EDGE('',*,*,#2360,.F.);
#1147=ORIENTED_EDGE('',*,*,#2380,.T.);
#1148=ORIENTED_EDGE('',*,*,#2381,.F.);
#1149=ORIENTED_EDGE('',*,*,#2382,.T.);
#1150=ORIENTED_EDGE('',*,*,#2383,.F.);
#1151=ORIENTED_EDGE('',*,*,#2384,.T.);
#1152=ORIENTED_EDGE('',*,*,#2385,.F.);
#1153=ORIENTED_EDGE('',*,*,#2386,.F.);
#1154=ORIENTED_EDGE('',*,*,#2387,.F.);
#1155=ORIENTED_EDGE('',*,*,#2388,.F.);
#1156=ORIENTED_EDGE('',*,*,#2389,.F.);
#1157=ORIENTED_EDGE('',*,*,#2390,.F.);
#1158=ORIENTED_EDGE('',*,*,#2391,.F.);
#1159=ORIENTED_EDGE('',*,*,#2392,.T.);
#1160=ORIENTED_EDGE('',*,*,#2393,.T.);
#1161=ORIENTED_EDGE('',*,*,#2394,.T.);
#1162=ORIENTED_EDGE('',*,*,#2395,.T.);
#1163=ORIENTED_EDGE('',*,*,#2396,.T.);
#1164=ORIENTED_EDGE('',*,*,#2397,.F.);
#1165=ORIENTED_EDGE('',*,*,#2398,.F.);
#1166=ORIENTED_EDGE('',*,*,#2399,.F.);
#1167=ORIENTED_EDGE('',*,*,#2400,.T.);
#1168=ORIENTED_EDGE('',*,*,#2401,.F.);
#1169=ORIENTED_EDGE('',*,*,#2402,.T.);
#1170=ORIENTED_EDGE('',*,*,#2403,.T.);
#1171=ORIENTED_EDGE('',*,*,#2404,.F.);
#1172=ORIENTED_EDGE('',*,*,#2405,.T.);
#1173=ORIENTED_EDGE('',*,*,#2406,.T.);
#1174=ORIENTED_EDGE('',*,*,#2407,.F.);
#1175=ORIENTED_EDGE('',*,*,#2408,.F.);
#1176=ORIENTED_EDGE('',*,*,#2390,.T.);
#1177=ORIENTED_EDGE('',*,*,#2409,.T.);
#1178=ORIENTED_EDGE('',*,*,#2395,.F.);
#1179=ORIENTED_EDGE('',*,*,#2410,.T.);
#1180=ORIENTED_EDGE('',*,*,#2411,.F.);
#1181=ORIENTED_EDGE('',*,*,#2405,.F.);
#1182=ORIENTED_EDGE('',*,*,#2412,.T.);
#1183=ORIENTED_EDGE('',*,*,#2403,.F.);
#1184=ORIENTED_EDGE('',*,*,#2413,.F.);
#1185=ORIENTED_EDGE('',*,*,#2414,.F.);
#1186=ORIENTED_EDGE('',*,*,#2415,.F.);
#1187=ORIENTED_EDGE('',*,*,#2416,.T.);
#1188=ORIENTED_EDGE('',*,*,#2417,.T.);
#1189=ORIENTED_EDGE('',*,*,#2418,.T.);
#1190=ORIENTED_EDGE('',*,*,#2419,.T.);
#1191=ORIENTED_EDGE('',*,*,#2420,.T.);
#1192=ORIENTED_EDGE('',*,*,#2421,.F.);
#1193=ORIENTED_EDGE('',*,*,#2422,.F.);
#1194=ORIENTED_EDGE('',*,*,#2423,.F.);
#1195=ORIENTED_EDGE('',*,*,#2424,.T.);
#1196=ORIENTED_EDGE('',*,*,#2425,.F.);
#1197=ORIENTED_EDGE('',*,*,#2426,.T.);
#1198=ORIENTED_EDGE('',*,*,#2427,.T.);
#1199=ORIENTED_EDGE('',*,*,#2428,.F.);
#1200=ORIENTED_EDGE('',*,*,#2429,.T.);
#1201=ORIENTED_EDGE('',*,*,#2430,.T.);
#1202=ORIENTED_EDGE('',*,*,#2431,.F.);
#1203=ORIENTED_EDGE('',*,*,#2432,.F.);
#1204=ORIENTED_EDGE('',*,*,#2433,.T.);
#1205=ORIENTED_EDGE('',*,*,#2434,.T.);
#1206=ORIENTED_EDGE('',*,*,#2435,.T.);
#1207=ORIENTED_EDGE('',*,*,#2436,.T.);
#1208=ORIENTED_EDGE('',*,*,#2437,.F.);
#1209=ORIENTED_EDGE('',*,*,#2438,.T.);
#1210=ORIENTED_EDGE('',*,*,#2439,.F.);
#1211=ORIENTED_EDGE('',*,*,#2440,.T.);
#1212=ORIENTED_EDGE('',*,*,#2414,.T.);
#1213=ORIENTED_EDGE('',*,*,#2441,.T.);
#1214=ORIENTED_EDGE('',*,*,#2419,.F.);
#1215=ORIENTED_EDGE('',*,*,#2442,.T.);
#1216=ORIENTED_EDGE('',*,*,#2443,.F.);
#1217=ORIENTED_EDGE('',*,*,#2429,.F.);
#1218=ORIENTED_EDGE('',*,*,#2444,.T.);
#1219=ORIENTED_EDGE('',*,*,#2427,.F.);
#1220=ORIENTED_EDGE('',*,*,#2445,.F.);
#1221=ORIENTED_EDGE('',*,*,#2446,.F.);
#1222=ORIENTED_EDGE('',*,*,#2447,.F.);
#1223=ORIENTED_EDGE('',*,*,#2448,.F.);
#1224=ORIENTED_EDGE('',*,*,#2449,.F.);
#1225=ORIENTED_EDGE('',*,*,#2450,.F.);
#1226=ORIENTED_EDGE('',*,*,#2451,.T.);
#1227=ORIENTED_EDGE('',*,*,#2452,.T.);
#1228=ORIENTED_EDGE('',*,*,#2453,.T.);
#1229=ORIENTED_EDGE('',*,*,#2454,.F.);
#1230=ORIENTED_EDGE('',*,*,#2455,.F.);
#1231=ORIENTED_EDGE('',*,*,#2456,.F.);
#1232=ORIENTED_EDGE('',*,*,#2457,.F.);
#1233=ORIENTED_EDGE('',*,*,#2458,.F.);
#1234=ORIENTED_EDGE('',*,*,#2459,.T.);
#1235=ORIENTED_EDGE('',*,*,#2460,.F.);
#1236=ORIENTED_EDGE('',*,*,#2461,.F.);
#1237=ORIENTED_EDGE('',*,*,#2462,.T.);
#1238=ORIENTED_EDGE('',*,*,#2463,.F.);
#1239=ORIENTED_EDGE('',*,*,#2464,.F.);
#1240=ORIENTED_EDGE('',*,*,#2465,.T.);
#1241=ORIENTED_EDGE('',*,*,#2466,.F.);
#1242=ORIENTED_EDGE('',*,*,#2467,.T.);
#1243=ORIENTED_EDGE('',*,*,#2468,.T.);
#1244=ORIENTED_EDGE('',*,*,#2469,.T.);
#1245=ORIENTED_EDGE('',*,*,#2470,.F.);
#1246=ORIENTED_EDGE('',*,*,#2471,.F.);
#1247=ORIENTED_EDGE('',*,*,#2472,.F.);
#1248=ORIENTED_EDGE('',*,*,#2473,.F.);
#1249=ORIENTED_EDGE('',*,*,#2474,.F.);
#1250=ORIENTED_EDGE('',*,*,#2475,.T.);
#1251=ORIENTED_EDGE('',*,*,#2476,.F.);
#1252=ORIENTED_EDGE('',*,*,#2477,.F.);
#1253=ORIENTED_EDGE('',*,*,#2478,.T.);
#1254=ORIENTED_EDGE('',*,*,#2479,.F.);
#1255=ORIENTED_EDGE('',*,*,#2480,.F.);
#1256=ORIENTED_EDGE('',*,*,#2481,.T.);
#1257=ORIENTED_EDGE('',*,*,#2482,.F.);
#1258=ORIENTED_EDGE('',*,*,#2483,.T.);
#1259=ORIENTED_EDGE('',*,*,#2484,.T.);
#1260=ORIENTED_EDGE('',*,*,#2485,.T.);
#1261=ORIENTED_EDGE('',*,*,#2486,.F.);
#1262=ORIENTED_EDGE('',*,*,#2487,.F.);
#1263=ORIENTED_EDGE('',*,*,#2488,.F.);
#1264=ORIENTED_EDGE('',*,*,#2489,.F.);
#1265=ORIENTED_EDGE('',*,*,#2490,.F.);
#1266=ORIENTED_EDGE('',*,*,#2491,.T.);
#1267=ORIENTED_EDGE('',*,*,#2492,.F.);
#1268=ORIENTED_EDGE('',*,*,#2493,.F.);
#1269=ORIENTED_EDGE('',*,*,#2494,.T.);
#1270=ORIENTED_EDGE('',*,*,#2495,.F.);
#1271=ORIENTED_EDGE('',*,*,#2496,.F.);
#1272=ORIENTED_EDGE('',*,*,#2497,.T.);
#1273=ORIENTED_EDGE('',*,*,#2498,.F.);
#1274=ORIENTED_EDGE('',*,*,#2499,.T.);
#1275=ORIENTED_EDGE('',*,*,#2500,.F.);
#1276=ORIENTED_EDGE('',*,*,#2501,.T.);
#1277=ORIENTED_EDGE('',*,*,#2502,.F.);
#1278=ORIENTED_EDGE('',*,*,#2503,.F.);
#1279=ORIENTED_EDGE('',*,*,#2504,.F.);
#1280=ORIENTED_EDGE('',*,*,#2364,.T.);
#1281=ORIENTED_EDGE('',*,*,#2505,.F.);
#1282=ORIENTED_EDGE('',*,*,#2506,.T.);
#1283=ORIENTED_EDGE('',*,*,#2507,.T.);
#1284=ORIENTED_EDGE('',*,*,#2508,.F.);
#1285=ORIENTED_EDGE('',*,*,#2509,.T.);
#1286=ORIENTED_EDGE('',*,*,#2404,.T.);
#1287=ORIENTED_EDGE('',*,*,#2412,.F.);
#1288=ORIENTED_EDGE('',*,*,#2408,.T.);
#1289=ORIENTED_EDGE('',*,*,#2510,.T.);
#1290=ORIENTED_EDGE('',*,*,#2511,.T.);
#1291=ORIENTED_EDGE('',*,*,#2512,.T.);
#1292=ORIENTED_EDGE('',*,*,#2513,.T.);
#1293=ORIENTED_EDGE('',*,*,#2514,.F.);
#1294=ORIENTED_EDGE('',*,*,#2357,.F.);
#1295=ORIENTED_EDGE('',*,*,#2515,.F.);
#1296=ORIENTED_EDGE('',*,*,#2399,.T.);
#1297=ORIENTED_EDGE('',*,*,#2516,.F.);
#1298=ORIENTED_EDGE('',*,*,#2517,.T.);
#1299=ORIENTED_EDGE('',*,*,#2518,.T.);
#1300=ORIENTED_EDGE('',*,*,#2519,.F.);
#1301=ORIENTED_EDGE('',*,*,#2520,.T.);
#1302=ORIENTED_EDGE('',*,*,#2428,.T.);
#1303=ORIENTED_EDGE('',*,*,#2444,.F.);
#1304=ORIENTED_EDGE('',*,*,#2432,.T.);
#1305=ORIENTED_EDGE('',*,*,#2521,.T.);
#1306=ORIENTED_EDGE('',*,*,#2522,.T.);
#1307=ORIENTED_EDGE('',*,*,#2523,.T.);
#1308=ORIENTED_EDGE('',*,*,#2524,.T.);
#1309=ORIENTED_EDGE('',*,*,#2525,.F.);
#1310=ORIENTED_EDGE('',*,*,#2392,.F.);
#1311=ORIENTED_EDGE('',*,*,#2526,.F.);
#1312=ORIENTED_EDGE('',*,*,#2423,.T.);
#1313=ORIENTED_EDGE('',*,*,#2527,.F.);
#1314=ORIENTED_EDGE('',*,*,#2528,.T.);
#1315=ORIENTED_EDGE('',*,*,#2529,.T.);
#1316=ORIENTED_EDGE('',*,*,#2530,.F.);
#1317=ORIENTED_EDGE('',*,*,#2531,.T.);
#1318=ORIENTED_EDGE('',*,*,#2532,.T.);
#1319=ORIENTED_EDGE('',*,*,#2533,.F.);
#1320=ORIENTED_EDGE('',*,*,#2534,.T.);
#1321=ORIENTED_EDGE('',*,*,#2535,.T.);
#1322=ORIENTED_EDGE('',*,*,#2536,.T.);
#1323=ORIENTED_EDGE('',*,*,#2537,.T.);
#1324=ORIENTED_EDGE('',*,*,#2538,.T.);
#1325=ORIENTED_EDGE('',*,*,#2539,.F.);
#1326=ORIENTED_EDGE('',*,*,#2416,.F.);
#1327=ORIENTED_EDGE('',*,*,#2540,.F.);
#1328=ORIENTED_EDGE('',*,*,#2541,.T.);
#1329=ORIENTED_EDGE('',*,*,#2542,.F.);
#1330=ORIENTED_EDGE('',*,*,#2543,.T.);
#1331=ORIENTED_EDGE('',*,*,#2544,.F.);
#1332=ORIENTED_EDGE('',*,*,#2545,.T.);
#1333=ORIENTED_EDGE('',*,*,#2546,.T.);
#1334=ORIENTED_EDGE('',*,*,#2542,.T.);
#1335=ORIENTED_EDGE('',*,*,#2547,.T.);
#1336=ORIENTED_EDGE('',*,*,#2499,.F.);
#1337=ORIENTED_EDGE('',*,*,#2548,.F.);
#1338=ORIENTED_EDGE('',*,*,#2549,.F.);
#1339=ORIENTED_EDGE('',*,*,#2550,.T.);
#1340=ORIENTED_EDGE('',*,*,#2551,.F.);
#1341=ORIENTED_EDGE('',*,*,#2552,.F.);
#1342=ORIENTED_EDGE('',*,*,#2553,.F.);
#1343=ORIENTED_EDGE('',*,*,#2554,.F.);
#1344=ORIENTED_EDGE('',*,*,#2555,.F.);
#1345=ORIENTED_EDGE('',*,*,#2556,.F.);
#1346=ORIENTED_EDGE('',*,*,#2557,.F.);
#1347=ORIENTED_EDGE('',*,*,#2558,.F.);
#1348=ORIENTED_EDGE('',*,*,#2559,.T.);
#1349=ORIENTED_EDGE('',*,*,#2560,.T.);
#1350=ORIENTED_EDGE('',*,*,#2561,.F.);
#1351=ORIENTED_EDGE('',*,*,#2552,.T.);
#1352=ORIENTED_EDGE('',*,*,#2562,.F.);
#1353=ORIENTED_EDGE('',*,*,#2563,.F.);
#1354=ORIENTED_EDGE('',*,*,#2564,.F.);
#1355=ORIENTED_EDGE('',*,*,#2565,.F.);
#1356=ORIENTED_EDGE('',*,*,#2566,.F.);
#1357=ORIENTED_EDGE('',*,*,#2567,.F.);
#1358=ORIENTED_EDGE('',*,*,#2568,.F.);
#1359=ORIENTED_EDGE('',*,*,#2569,.T.);
#1360=ORIENTED_EDGE('',*,*,#2570,.T.);
#1361=ORIENTED_EDGE('',*,*,#2571,.F.);
#1362=ORIENTED_EDGE('',*,*,#2572,.F.);
#1363=ORIENTED_EDGE('',*,*,#2573,.T.);
#1364=ORIENTED_EDGE('',*,*,#2574,.F.);
#1365=ORIENTED_EDGE('',*,*,#2575,.T.);
#1366=ORIENTED_EDGE('',*,*,#2576,.T.);
#1367=ORIENTED_EDGE('',*,*,#2577,.T.);
#1368=ORIENTED_EDGE('',*,*,#2578,.T.);
#1369=ORIENTED_EDGE('',*,*,#2558,.T.);
#1370=ORIENTED_EDGE('',*,*,#2579,.F.);
#1371=ORIENTED_EDGE('',*,*,#2560,.F.);
#1372=ORIENTED_EDGE('',*,*,#2580,.T.);
#1373=ORIENTED_EDGE('',*,*,#2581,.F.);
#1374=ORIENTED_EDGE('',*,*,#2582,.T.);
#1375=ORIENTED_EDGE('',*,*,#2583,.T.);
#1376=ORIENTED_EDGE('',*,*,#2584,.T.);
#1377=ORIENTED_EDGE('',*,*,#2585,.T.);
#1378=ORIENTED_EDGE('',*,*,#2586,.T.);
#1379=ORIENTED_EDGE('',*,*,#2587,.T.);
#1380=ORIENTED_EDGE('',*,*,#2588,.T.);
#1381=ORIENTED_EDGE('',*,*,#2589,.F.);
#1382=ORIENTED_EDGE('',*,*,#2590,.F.);
#1383=ORIENTED_EDGE('',*,*,#2591,.F.);
#1384=ORIENTED_EDGE('',*,*,#2592,.F.);
#1385=ORIENTED_EDGE('',*,*,#2593,.F.);
#1386=ORIENTED_EDGE('',*,*,#2594,.F.);
#1387=ORIENTED_EDGE('',*,*,#2595,.F.);
#1388=ORIENTED_EDGE('',*,*,#2596,.F.);
#1389=ORIENTED_EDGE('',*,*,#2550,.F.);
#1390=ORIENTED_EDGE('',*,*,#2597,.T.);
#1391=ORIENTED_EDGE('',*,*,#2598,.T.);
#1392=ORIENTED_EDGE('',*,*,#2599,.T.);
#1393=ORIENTED_EDGE('',*,*,#2600,.T.);
#1394=ORIENTED_EDGE('',*,*,#2601,.T.);
#1395=ORIENTED_EDGE('',*,*,#2602,.F.);
#1396=ORIENTED_EDGE('',*,*,#2603,.F.);
#1397=ORIENTED_EDGE('',*,*,#2604,.T.);
#1398=ORIENTED_EDGE('',*,*,#2605,.T.);
#1399=ORIENTED_EDGE('',*,*,#2606,.F.);
#1400=ORIENTED_EDGE('',*,*,#2607,.F.);
#1401=ORIENTED_EDGE('',*,*,#2608,.F.);
#1402=ORIENTED_EDGE('',*,*,#2609,.T.);
#1403=ORIENTED_EDGE('',*,*,#2610,.T.);
#1404=ORIENTED_EDGE('',*,*,#2611,.T.);
#1405=ORIENTED_EDGE('',*,*,#2376,.T.);
#1406=ORIENTED_EDGE('',*,*,#2612,.T.);
#1407=ORIENTED_EDGE('',*,*,#2613,.F.);
#1408=ORIENTED_EDGE('',*,*,#2614,.F.);
#1409=ORIENTED_EDGE('',*,*,#2615,.F.);
#1410=ORIENTED_EDGE('',*,*,#2616,.F.);
#1411=ORIENTED_EDGE('',*,*,#2617,.F.);
#1412=ORIENTED_EDGE('',*,*,#2618,.F.);
#1413=ORIENTED_EDGE('',*,*,#2480,.T.);
#1414=ORIENTED_EDGE('',*,*,#2619,.T.);
#1415=ORIENTED_EDGE('',*,*,#2620,.T.);
#1416=ORIENTED_EDGE('',*,*,#2621,.T.);
#1417=ORIENTED_EDGE('',*,*,#2622,.F.);
#1418=ORIENTED_EDGE('',*,*,#2565,.T.);
#1419=ORIENTED_EDGE('',*,*,#2453,.F.);
#1420=ORIENTED_EDGE('',*,*,#2623,.F.);
#1421=ORIENTED_EDGE('',*,*,#2624,.F.);
#1422=ORIENTED_EDGE('',*,*,#2625,.T.);
#1423=ORIENTED_EDGE('',*,*,#2465,.F.);
#1424=ORIENTED_EDGE('',*,*,#2626,.T.);
#1425=ORIENTED_EDGE('',*,*,#2627,.F.);
#1426=ORIENTED_EDGE('',*,*,#2628,.T.);
#1427=ORIENTED_EDGE('',*,*,#2469,.F.);
#1428=ORIENTED_EDGE('',*,*,#2629,.F.);
#1429=ORIENTED_EDGE('',*,*,#2630,.F.);
#1430=ORIENTED_EDGE('',*,*,#2631,.T.);
#1431=ORIENTED_EDGE('',*,*,#2481,.F.);
#1432=ORIENTED_EDGE('',*,*,#2618,.T.);
#1433=ORIENTED_EDGE('',*,*,#2632,.F.);
#1434=ORIENTED_EDGE('',*,*,#2633,.T.);
#1435=ORIENTED_EDGE('',*,*,#2485,.F.);
#1436=ORIENTED_EDGE('',*,*,#2634,.F.);
#1437=ORIENTED_EDGE('',*,*,#2635,.F.);
#1438=ORIENTED_EDGE('',*,*,#2636,.T.);
#1439=ORIENTED_EDGE('',*,*,#2497,.F.);
#1440=ORIENTED_EDGE('',*,*,#2637,.T.);
#1441=ORIENTED_EDGE('',*,*,#2638,.F.);
#1442=ORIENTED_EDGE('',*,*,#2639,.T.);
#1443=ORIENTED_EDGE('',*,*,#2640,.F.);
#1444=ORIENTED_EDGE('',*,*,#2437,.T.);
#1445=ORIENTED_EDGE('',*,*,#2641,.T.);
#1446=ORIENTED_EDGE('',*,*,#2642,.F.);
#1447=ORIENTED_EDGE('',*,*,#2643,.F.);
#1448=ORIENTED_EDGE('',*,*,#2388,.T.);
#1449=ORIENTED_EDGE('',*,*,#2644,.T.);
#1450=ORIENTED_EDGE('',*,*,#2645,.F.);
#1451=ORIENTED_EDGE('',*,*,#2646,.F.);
#1452=ORIENTED_EDGE('',*,*,#2647,.T.);
#1453=ORIENTED_EDGE('',*,*,#2648,.T.);
#1454=ORIENTED_EDGE('',*,*,#2587,.F.);
#1455=ORIENTED_EDGE('',*,*,#2649,.T.);
#1456=ORIENTED_EDGE('',*,*,#2650,.T.);
#1457=ORIENTED_EDGE('',*,*,#2651,.T.);
#1458=ORIENTED_EDGE('',*,*,#2652,.T.);
#1459=ORIENTED_EDGE('',*,*,#2653,.T.);
#1460=ORIENTED_EDGE('',*,*,#2654,.T.);
#1461=ORIENTED_EDGE('',*,*,#2655,.T.);
#1462=ORIENTED_EDGE('',*,*,#2373,.T.);
#1463=ORIENTED_EDGE('',*,*,#2656,.T.);
#1464=ORIENTED_EDGE('',*,*,#2657,.F.);
#1465=ORIENTED_EDGE('',*,*,#2501,.F.);
#1466=ORIENTED_EDGE('',*,*,#2658,.F.);
#1467=ORIENTED_EDGE('',*,*,#2546,.F.);
#1468=ORIENTED_EDGE('',*,*,#2659,.F.);
#1469=ORIENTED_EDGE('',*,*,#2626,.F.);
#1470=ORIENTED_EDGE('',*,*,#2464,.T.);
#1471=ORIENTED_EDGE('',*,*,#2660,.T.);
#1472=ORIENTED_EDGE('',*,*,#2661,.T.);
#1473=ORIENTED_EDGE('',*,*,#2662,.T.);
#1474=ORIENTED_EDGE('',*,*,#2663,.T.);
#1475=ORIENTED_EDGE('',*,*,#2567,.T.);
#1476=ORIENTED_EDGE('',*,*,#2664,.F.);
#1477=ORIENTED_EDGE('',*,*,#2517,.F.);
#1478=ORIENTED_EDGE('',*,*,#2665,.F.);
#1479=ORIENTED_EDGE('',*,*,#2666,.T.);
#1480=ORIENTED_EDGE('',*,*,#2637,.F.);
#1481=ORIENTED_EDGE('',*,*,#2496,.T.);
#1482=ORIENTED_EDGE('',*,*,#2667,.T.);
#1483=ORIENTED_EDGE('',*,*,#2668,.T.);
#1484=ORIENTED_EDGE('',*,*,#2669,.T.);
#1485=ORIENTED_EDGE('',*,*,#2670,.F.);
#1486=ORIENTED_EDGE('',*,*,#2563,.T.);
#1487=ORIENTED_EDGE('',*,*,#2671,.F.);
#1488=ORIENTED_EDGE('',*,*,#2530,.T.);
#1489=ORIENTED_EDGE('',*,*,#2672,.F.);
#1490=ORIENTED_EDGE('',*,*,#2673,.F.);
#1491=ORIENTED_EDGE('',*,*,#2674,.T.);
#1492=ORIENTED_EDGE('',*,*,#2519,.T.);
#1493=ORIENTED_EDGE('',*,*,#2675,.F.);
#1494=ORIENTED_EDGE('',*,*,#2384,.F.);
#1495=ORIENTED_EDGE('',*,*,#2676,.T.);
#1496=ORIENTED_EDGE('',*,*,#2508,.T.);
#1497=ORIENTED_EDGE('',*,*,#2677,.F.);
#1498=ORIENTED_EDGE('',*,*,#2433,.F.);
#1499=ORIENTED_EDGE('',*,*,#2678,.T.);
#1500=ORIENTED_EDGE('',*,*,#2679,.T.);
#1501=ORIENTED_EDGE('',*,*,#2454,.T.);
#1502=ORIENTED_EDGE('',*,*,#2625,.F.);
#1503=ORIENTED_EDGE('',*,*,#2680,.F.);
#1504=ORIENTED_EDGE('',*,*,#2591,.T.);
#1505=ORIENTED_EDGE('',*,*,#2681,.F.);
#1506=ORIENTED_EDGE('',*,*,#2682,.T.);
#1507=ORIENTED_EDGE('',*,*,#2683,.F.);
#1508=ORIENTED_EDGE('',*,*,#2684,.F.);
#1509=ORIENTED_EDGE('',*,*,#2685,.T.);
#1510=ORIENTED_EDGE('',*,*,#2686,.F.);
#1511=ORIENTED_EDGE('',*,*,#2593,.T.);
#1512=ORIENTED_EDGE('',*,*,#2687,.F.);
#1513=ORIENTED_EDGE('',*,*,#2688,.T.);
#1514=ORIENTED_EDGE('',*,*,#2689,.F.);
#1515=ORIENTED_EDGE('',*,*,#2690,.T.);
#1516=ORIENTED_EDGE('',*,*,#2470,.T.);
#1517=ORIENTED_EDGE('',*,*,#2631,.F.);
#1518=ORIENTED_EDGE('',*,*,#2691,.F.);
#1519=ORIENTED_EDGE('',*,*,#2524,.F.);
#1520=ORIENTED_EDGE('',*,*,#2692,.T.);
#1521=ORIENTED_EDGE('',*,*,#2693,.F.);
#1522=ORIENTED_EDGE('',*,*,#2694,.T.);
#1523=ORIENTED_EDGE('',*,*,#2486,.T.);
#1524=ORIENTED_EDGE('',*,*,#2636,.F.);
#1525=ORIENTED_EDGE('',*,*,#2695,.F.);
#1526=ORIENTED_EDGE('',*,*,#2595,.T.);
#1527=ORIENTED_EDGE('',*,*,#2696,.F.);
#1528=ORIENTED_EDGE('',*,*,#2697,.T.);
#1529=ORIENTED_EDGE('',*,*,#2698,.F.);
#1530=ORIENTED_EDGE('',*,*,#2699,.T.);
#1531=ORIENTED_EDGE('',*,*,#2536,.F.);
#1532=ORIENTED_EDGE('',*,*,#2700,.T.);
#1533=ORIENTED_EDGE('',*,*,#2701,.T.);
#1534=ORIENTED_EDGE('',*,*,#2702,.T.);
#1535=ORIENTED_EDGE('',*,*,#2418,.F.);
#1536=ORIENTED_EDGE('',*,*,#2703,.F.);
#1537=ORIENTED_EDGE('',*,*,#2704,.F.);
#1538=ORIENTED_EDGE('',*,*,#2537,.F.);
#1539=ORIENTED_EDGE('',*,*,#2699,.F.);
#1540=ORIENTED_EDGE('',*,*,#2705,.F.);
#1541=ORIENTED_EDGE('',*,*,#2646,.T.);
#1542=ORIENTED_EDGE('',*,*,#2706,.T.);
#1543=ORIENTED_EDGE('',*,*,#2707,.F.);
#1544=ORIENTED_EDGE('',*,*,#2708,.F.);
#1545=ORIENTED_EDGE('',*,*,#2672,.T.);
#1546=ORIENTED_EDGE('',*,*,#2529,.F.);
#1547=ORIENTED_EDGE('',*,*,#2709,.F.);
#1548=ORIENTED_EDGE('',*,*,#2710,.F.);
#1549=ORIENTED_EDGE('',*,*,#2421,.T.);
#1550=ORIENTED_EDGE('',*,*,#2463,.T.);
#1551=ORIENTED_EDGE('',*,*,#2711,.T.);
#1552=ORIENTED_EDGE('',*,*,#2660,.F.);
#1553=ORIENTED_EDGE('',*,*,#2457,.T.);
#1554=ORIENTED_EDGE('',*,*,#2712,.F.);
#1555=ORIENTED_EDGE('',*,*,#2682,.F.);
#1556=ORIENTED_EDGE('',*,*,#2713,.F.);
#1557=ORIENTED_EDGE('',*,*,#2662,.F.);
#1558=ORIENTED_EDGE('',*,*,#2714,.F.);
#1559=ORIENTED_EDGE('',*,*,#2461,.T.);
#1560=ORIENTED_EDGE('',*,*,#2715,.T.);
#1561=ORIENTED_EDGE('',*,*,#2473,.T.);
#1562=ORIENTED_EDGE('',*,*,#2716,.F.);
#1563=ORIENTED_EDGE('',*,*,#2688,.F.);
#1564=ORIENTED_EDGE('',*,*,#2717,.F.);
#1565=ORIENTED_EDGE('',*,*,#2621,.F.);
#1566=ORIENTED_EDGE('',*,*,#2718,.F.);
#1567=ORIENTED_EDGE('',*,*,#2477,.T.);
#1568=ORIENTED_EDGE('',*,*,#2719,.T.);
#1569=ORIENTED_EDGE('',*,*,#2720,.T.);
#1570=ORIENTED_EDGE('',*,*,#2522,.F.);
#1571=ORIENTED_EDGE('',*,*,#2721,.T.);
#1572=ORIENTED_EDGE('',*,*,#2386,.T.);
#1573=ORIENTED_EDGE('',*,*,#2722,.F.);
#1574=ORIENTED_EDGE('',*,*,#2394,.F.);
#1575=ORIENTED_EDGE('',*,*,#2723,.F.);
#1576=ORIENTED_EDGE('',*,*,#2692,.F.);
#1577=ORIENTED_EDGE('',*,*,#2523,.F.);
#1578=ORIENTED_EDGE('',*,*,#2720,.F.);
#1579=ORIENTED_EDGE('',*,*,#2385,.T.);
#1580=ORIENTED_EDGE('',*,*,#2643,.T.);
#1581=ORIENTED_EDGE('',*,*,#2724,.T.);
#1582=ORIENTED_EDGE('',*,*,#2725,.F.);
#1583=ORIENTED_EDGE('',*,*,#2381,.T.);
#1584=ORIENTED_EDGE('',*,*,#2675,.T.);
#1585=ORIENTED_EDGE('',*,*,#2518,.F.);
#1586=ORIENTED_EDGE('',*,*,#2666,.F.);
#1587=ORIENTED_EDGE('',*,*,#2726,.F.);
#1588=ORIENTED_EDGE('',*,*,#2397,.T.);
#1589=ORIENTED_EDGE('',*,*,#2479,.T.);
#1590=ORIENTED_EDGE('',*,*,#2727,.T.);
#1591=ORIENTED_EDGE('',*,*,#2619,.F.);
#1592=ORIENTED_EDGE('',*,*,#2489,.T.);
#1593=ORIENTED_EDGE('',*,*,#2728,.F.);
#1594=ORIENTED_EDGE('',*,*,#2697,.F.);
#1595=ORIENTED_EDGE('',*,*,#2729,.F.);
#1596=ORIENTED_EDGE('',*,*,#2669,.F.);
#1597=ORIENTED_EDGE('',*,*,#2730,.F.);
#1598=ORIENTED_EDGE('',*,*,#2493,.T.);
#1599=ORIENTED_EDGE('',*,*,#2731,.T.);
#1600=ORIENTED_EDGE('',*,*,#2732,.T.);
#1601=ORIENTED_EDGE('',*,*,#2511,.F.);
#1602=ORIENTED_EDGE('',*,*,#2733,.T.);
#1603=ORIENTED_EDGE('',*,*,#2439,.T.);
#1604=ORIENTED_EDGE('',*,*,#2734,.T.);
#1605=ORIENTED_EDGE('',*,*,#2359,.F.);
#1606=ORIENTED_EDGE('',*,*,#2735,.F.);
#1607=ORIENTED_EDGE('',*,*,#2736,.F.);
#1608=ORIENTED_EDGE('',*,*,#2512,.F.);
#1609=ORIENTED_EDGE('',*,*,#2732,.F.);
#1610=ORIENTED_EDGE('',*,*,#2438,.F.);
#1611=ORIENTED_EDGE('',*,*,#2640,.T.);
#1612=ORIENTED_EDGE('',*,*,#2737,.T.);
#1613=ORIENTED_EDGE('',*,*,#2738,.F.);
#1614=ORIENTED_EDGE('',*,*,#2434,.F.);
#1615=ORIENTED_EDGE('',*,*,#2677,.T.);
#1616=ORIENTED_EDGE('',*,*,#2507,.F.);
#1617=ORIENTED_EDGE('',*,*,#2739,.F.);
#1618=ORIENTED_EDGE('',*,*,#2740,.F.);
#1619=ORIENTED_EDGE('',*,*,#2362,.T.);
#1620=ORIENTED_EDGE('',*,*,#2495,.T.);
#1621=ORIENTED_EDGE('',*,*,#2741,.T.);
#1622=ORIENTED_EDGE('',*,*,#2667,.F.);
#1623=ORIENTED_EDGE('',*,*,#2540,.T.);
#1624=ORIENTED_EDGE('',*,*,#2415,.T.);
#1625=ORIENTED_EDGE('',*,*,#2442,.F.);
#1626=ORIENTED_EDGE('',*,*,#2424,.F.);
#1627=ORIENTED_EDGE('',*,*,#2742,.F.);
#1628=ORIENTED_EDGE('',*,*,#2534,.F.);
#1629=ORIENTED_EDGE('',*,*,#2743,.T.);
#1630=ORIENTED_EDGE('',*,*,#2532,.F.);
#1631=ORIENTED_EDGE('',*,*,#2744,.F.);
#1632=ORIENTED_EDGE('',*,*,#2459,.F.);
#1633=ORIENTED_EDGE('',*,*,#2526,.T.);
#1634=ORIENTED_EDGE('',*,*,#2391,.T.);
#1635=ORIENTED_EDGE('',*,*,#2410,.F.);
#1636=ORIENTED_EDGE('',*,*,#2400,.F.);
#1637=ORIENTED_EDGE('',*,*,#2745,.F.);
#1638=ORIENTED_EDGE('',*,*,#2475,.F.);
#1639=ORIENTED_EDGE('',*,*,#2515,.T.);
#1640=ORIENTED_EDGE('',*,*,#2356,.T.);
#1641=ORIENTED_EDGE('',*,*,#2380,.F.);
#1642=ORIENTED_EDGE('',*,*,#2365,.F.);
#1643=ORIENTED_EDGE('',*,*,#2746,.F.);
#1644=ORIENTED_EDGE('',*,*,#2491,.F.);
#1645=ORIENTED_EDGE('',*,*,#2747,.F.);
#1646=ORIENTED_EDGE('',*,*,#2589,.T.);
#1647=ORIENTED_EDGE('',*,*,#2748,.T.);
#1648=ORIENTED_EDGE('',*,*,#2569,.F.);
#1649=ORIENTED_EDGE('',*,*,#2673,.T.);
#1650=ORIENTED_EDGE('',*,*,#2708,.T.);
#1651=ORIENTED_EDGE('',*,*,#2749,.T.);
#1652=ORIENTED_EDGE('',*,*,#2750,.T.);
#1653=ORIENTED_EDGE('',*,*,#2751,.F.);
#1654=ORIENTED_EDGE('',*,*,#2752,.F.);
#1655=ORIENTED_EDGE('',*,*,#2706,.F.);
#1656=ORIENTED_EDGE('',*,*,#2645,.T.);
#1657=ORIENTED_EDGE('',*,*,#2753,.F.);
#1658=ORIENTED_EDGE('',*,*,#2754,.F.);
#1659=ORIENTED_EDGE('',*,*,#2755,.F.);
#1660=ORIENTED_EDGE('',*,*,#2751,.T.);
#1661=ORIENTED_EDGE('',*,*,#2756,.T.);
#1662=ORIENTED_EDGE('',*,*,#2757,.F.);
#1663=ORIENTED_EDGE('',*,*,#2724,.F.);
#1664=ORIENTED_EDGE('',*,*,#2642,.T.);
#1665=ORIENTED_EDGE('',*,*,#2758,.F.);
#1666=ORIENTED_EDGE('',*,*,#2759,.F.);
#1667=ORIENTED_EDGE('',*,*,#2737,.F.);
#1668=ORIENTED_EDGE('',*,*,#2657,.T.);
#1669=ORIENTED_EDGE('',*,*,#2760,.F.);
#1670=ORIENTED_EDGE('',*,*,#2353,.F.);
#1671=ORIENTED_EDGE('',*,*,#2761,.T.);
#1672=ORIENTED_EDGE('',*,*,#2339,.T.);
#1673=ORIENTED_EDGE('',*,*,#2762,.F.);
#1674=ORIENTED_EDGE('',*,*,#2763,.F.);
#1675=ORIENTED_EDGE('',*,*,#2647,.F.);
#1676=ORIENTED_EDGE('',*,*,#2705,.T.);
#1677=ORIENTED_EDGE('',*,*,#2701,.F.);
#1678=ORIENTED_EDGE('',*,*,#2764,.F.);
#1679=ORIENTED_EDGE('',*,*,#2757,.T.);
#1680=ORIENTED_EDGE('',*,*,#2765,.T.);
#1681=ORIENTED_EDGE('',*,*,#2766,.F.);
#1682=ORIENTED_EDGE('',*,*,#2648,.F.);
#1683=ORIENTED_EDGE('',*,*,#2767,.T.);
#1684=ORIENTED_EDGE('',*,*,#2768,.F.);
#1685=ORIENTED_EDGE('',*,*,#2769,.T.);
#1686=ORIENTED_EDGE('',*,*,#2770,.F.);
#1687=ORIENTED_EDGE('',*,*,#2771,.F.);
#1688=ORIENTED_EDGE('',*,*,#2772,.F.);
#1689=ORIENTED_EDGE('',*,*,#2341,.T.);
#1690=ORIENTED_EDGE('',*,*,#2773,.T.);
#1691=ORIENTED_EDGE('',*,*,#2351,.F.);
#1692=ORIENTED_EDGE('',*,*,#2774,.T.);
#1693=ORIENTED_EDGE('',*,*,#2775,.T.);
#1694=ORIENTED_EDGE('',*,*,#2776,.T.);
#1695=ORIENTED_EDGE('',*,*,#2777,.F.);
#1696=ORIENTED_EDGE('',*,*,#2603,.T.);
#1697=ORIENTED_EDGE('',*,*,#2778,.T.);
#1698=ORIENTED_EDGE('',*,*,#2779,.F.);
#1699=ORIENTED_EDGE('',*,*,#2780,.F.);
#1700=ORIENTED_EDGE('',*,*,#2781,.F.);
#1701=ORIENTED_EDGE('',*,*,#2782,.T.);
#1702=ORIENTED_EDGE('',*,*,#2783,.T.);
#1703=ORIENTED_EDGE('',*,*,#2784,.T.);
#1704=ORIENTED_EDGE('',*,*,#2785,.T.);
#1705=ORIENTED_EDGE('',*,*,#2786,.T.);
#1706=ORIENTED_EDGE('',*,*,#2787,.T.);
#1707=ORIENTED_EDGE('',*,*,#2788,.F.);
#1708=ORIENTED_EDGE('',*,*,#2783,.F.);
#1709=ORIENTED_EDGE('',*,*,#2789,.F.);
#1710=ORIENTED_EDGE('',*,*,#2790,.F.);
#1711=ORIENTED_EDGE('',*,*,#2791,.T.);
#1712=ORIENTED_EDGE('',*,*,#2792,.T.);
#1713=ORIENTED_EDGE('',*,*,#2793,.T.);
#1714=ORIENTED_EDGE('',*,*,#2377,.F.);
#1715=ORIENTED_EDGE('',*,*,#2611,.F.);
#1716=ORIENTED_EDGE('',*,*,#2794,.F.);
#1717=ORIENTED_EDGE('',*,*,#2795,.T.);
#1718=ORIENTED_EDGE('',*,*,#2796,.T.);
#1719=ORIENTED_EDGE('',*,*,#2797,.T.);
#1720=ORIENTED_EDGE('',*,*,#2798,.F.);
#1721=ORIENTED_EDGE('',*,*,#2799,.F.);
#1722=ORIENTED_EDGE('',*,*,#2800,.T.);
#1723=ORIENTED_EDGE('',*,*,#2801,.T.);
#1724=ORIENTED_EDGE('',*,*,#2802,.T.);
#1725=ORIENTED_EDGE('',*,*,#2775,.F.);
#1726=ORIENTED_EDGE('',*,*,#2788,.T.);
#1727=ORIENTED_EDGE('',*,*,#2435,.F.);
#1728=ORIENTED_EDGE('',*,*,#2738,.T.);
#1729=ORIENTED_EDGE('',*,*,#2763,.T.);
#1730=ORIENTED_EDGE('',*,*,#2803,.F.);
#1731=ORIENTED_EDGE('',*,*,#2369,.T.);
#1732=ORIENTED_EDGE('',*,*,#2804,.T.);
#1733=ORIENTED_EDGE('',*,*,#2802,.F.);
#1734=ORIENTED_EDGE('',*,*,#2805,.T.);
#1735=ORIENTED_EDGE('',*,*,#2806,.T.);
#1736=ORIENTED_EDGE('',*,*,#2807,.T.);
#1737=ORIENTED_EDGE('',*,*,#2808,.T.);
#1738=ORIENTED_EDGE('',*,*,#2809,.T.);
#1739=ORIENTED_EDGE('',*,*,#2810,.F.);
#1740=ORIENTED_EDGE('',*,*,#2811,.F.);
#1741=ORIENTED_EDGE('',*,*,#2571,.T.);
#1742=ORIENTED_EDGE('',*,*,#2770,.T.);
#1743=ORIENTED_EDGE('',*,*,#2749,.F.);
#1744=ORIENTED_EDGE('',*,*,#2707,.T.);
#1745=ORIENTED_EDGE('',*,*,#2754,.T.);
#1746=ORIENTED_EDGE('',*,*,#2812,.F.);
#1747=ORIENTED_EDGE('',*,*,#2382,.F.);
#1748=ORIENTED_EDGE('',*,*,#2725,.T.);
#1749=ORIENTED_EDGE('',*,*,#2759,.T.);
#1750=ORIENTED_EDGE('',*,*,#2813,.F.);
#1751=ORIENTED_EDGE('',*,*,#2544,.T.);
#1752=ORIENTED_EDGE('',*,*,#2814,.F.);
#1753=ORIENTED_EDGE('',*,*,#2503,.T.);
#1754=ORIENTED_EDGE('',*,*,#2815,.T.);
#1755=ORIENTED_EDGE('',*,*,#2581,.T.);
#1756=ORIENTED_EDGE('',*,*,#2816,.T.);
#1757=ORIENTED_EDGE('',*,*,#2577,.F.);
#1758=ORIENTED_EDGE('',*,*,#2817,.F.);
#1759=ORIENTED_EDGE('',*,*,#2818,.T.);
#1760=ORIENTED_EDGE('',*,*,#2819,.F.);
#1761=ORIENTED_EDGE('',*,*,#2820,.T.);
#1762=ORIENTED_EDGE('',*,*,#2583,.F.);
#1763=ORIENTED_EDGE('',*,*,#2821,.T.);
#1764=ORIENTED_EDGE('',*,*,#2575,.F.);
#1765=ORIENTED_EDGE('',*,*,#2822,.T.);
#1766=ORIENTED_EDGE('',*,*,#2823,.T.);
#1767=ORIENTED_EDGE('',*,*,#2824,.T.);
#1768=ORIENTED_EDGE('',*,*,#2343,.T.);
#1769=ORIENTED_EDGE('',*,*,#2825,.F.);
#1770=ORIENTED_EDGE('',*,*,#2349,.T.);
#1771=ORIENTED_EDGE('',*,*,#2826,.T.);
#1772=ORIENTED_EDGE('',*,*,#2772,.T.);
#1773=ORIENTED_EDGE('',*,*,#2827,.T.);
#1774=ORIENTED_EDGE('',*,*,#2768,.T.);
#1775=ORIENTED_EDGE('',*,*,#2828,.T.);
#1776=ORIENTED_EDGE('',*,*,#2809,.F.);
#1777=ORIENTED_EDGE('',*,*,#2829,.T.);
#1778=ORIENTED_EDGE('',*,*,#2830,.T.);
#1779=ORIENTED_EDGE('',*,*,#2823,.F.);
#1780=ORIENTED_EDGE('',*,*,#2831,.T.);
#1781=ORIENTED_EDGE('',*,*,#2819,.T.);
#1782=ORIENTED_EDGE('',*,*,#2574,.T.);
#1783=ORIENTED_EDGE('',*,*,#2832,.T.);
#1784=ORIENTED_EDGE('',*,*,#2833,.T.);
#1785=ORIENTED_EDGE('',*,*,#2774,.F.);
#1786=ORIENTED_EDGE('',*,*,#2350,.F.);
#1787=ORIENTED_EDGE('',*,*,#2825,.T.);
#1788=ORIENTED_EDGE('',*,*,#2342,.F.);
#1789=ORIENTED_EDGE('',*,*,#2821,.F.);
#1790=ORIENTED_EDGE('',*,*,#2582,.F.);
#1791=ORIENTED_EDGE('',*,*,#2817,.T.);
#1792=ORIENTED_EDGE('',*,*,#2576,.F.);
#1793=ORIENTED_EDGE('',*,*,#2834,.F.);
#1794=ORIENTED_EDGE('',*,*,#2756,.F.);
#1795=ORIENTED_EDGE('',*,*,#2835,.F.);
#1796=ORIENTED_EDGE('',*,*,#2828,.F.);
#1797=ORIENTED_EDGE('',*,*,#2765,.F.);
#1798=ORIENTED_EDGE('',*,*,#2834,.T.);
#1799=ORIENTED_EDGE('',*,*,#2767,.F.);
#1800=ORIENTED_EDGE('',*,*,#2835,.T.);
#1801=ORIENTED_EDGE('',*,*,#2750,.F.);
#1802=ORIENTED_EDGE('',*,*,#2769,.F.);
#1803=ORIENTED_EDGE('',*,*,#2588,.F.);
#1804=ORIENTED_EDGE('',*,*,#2766,.T.);
#1805=ORIENTED_EDGE('',*,*,#2836,.F.);
#1806=ORIENTED_EDGE('',*,*,#2771,.T.);
#1807=ORIENTED_EDGE('',*,*,#2570,.F.);
#1808=ORIENTED_EDGE('',*,*,#2837,.F.);
#1809=ORIENTED_EDGE('',*,*,#2836,.T.);
#1810=ORIENTED_EDGE('',*,*,#2827,.F.);
#1811=ORIENTED_EDGE('',*,*,#2837,.T.);
#1812=ORIENTED_EDGE('',*,*,#2748,.F.);
#1813=ORIENTED_EDGE('',*,*,#2838,.F.);
#1814=ORIENTED_EDGE('',*,*,#2597,.F.);
#1815=ORIENTED_EDGE('',*,*,#2839,.T.);
#1816=ORIENTED_EDGE('',*,*,#2840,.T.);
#1817=ORIENTED_EDGE('',*,*,#2841,.T.);
#1818=ORIENTED_EDGE('',*,*,#2786,.F.);
#1819=ORIENTED_EDGE('',*,*,#2808,.F.);
#1820=ORIENTED_EDGE('',*,*,#2842,.T.);
#1821=ORIENTED_EDGE('',*,*,#2843,.T.);
#1822=ORIENTED_EDGE('',*,*,#2604,.F.);
#1823=ORIENTED_EDGE('',*,*,#2777,.T.);
#1824=ORIENTED_EDGE('',*,*,#2844,.T.);
#1825=ORIENTED_EDGE('',*,*,#2829,.F.);
#1826=ORIENTED_EDGE('',*,*,#2572,.T.);
#1827=ORIENTED_EDGE('',*,*,#2811,.T.);
#1828=ORIENTED_EDGE('',*,*,#2845,.F.);
#1829=ORIENTED_EDGE('',*,*,#2846,.F.);
#1830=ORIENTED_EDGE('',*,*,#2573,.F.);
#1831=ORIENTED_EDGE('',*,*,#2846,.T.);
#1832=ORIENTED_EDGE('',*,*,#2847,.T.);
#1833=ORIENTED_EDGE('',*,*,#2832,.F.);
#1834=ORIENTED_EDGE('',*,*,#2810,.T.);
#1835=ORIENTED_EDGE('',*,*,#2833,.F.);
#1836=ORIENTED_EDGE('',*,*,#2847,.F.);
#1837=ORIENTED_EDGE('',*,*,#2845,.T.);
#1838=ORIENTED_EDGE('',*,*,#2848,.T.);
#1839=ORIENTED_EDGE('',*,*,#2849,.T.);
#1840=ORIENTED_EDGE('',*,*,#2613,.T.);
#1841=ORIENTED_EDGE('',*,*,#2850,.T.);
#1842=ORIENTED_EDGE('',*,*,#2851,.T.);
#1843=ORIENTED_EDGE('',*,*,#2852,.T.);
#1844=ORIENTED_EDGE('',*,*,#2853,.T.);
#1845=ORIENTED_EDGE('',*,*,#2854,.T.);
#1846=ORIENTED_EDGE('',*,*,#2654,.F.);
#1847=ORIENTED_EDGE('',*,*,#2855,.T.);
#1848=ORIENTED_EDGE('',*,*,#2856,.F.);
#1849=ORIENTED_EDGE('',*,*,#2848,.F.);
#1850=ORIENTED_EDGE('',*,*,#2857,.T.);
#1851=ORIENTED_EDGE('',*,*,#2858,.F.);
#1852=ORIENTED_EDGE('',*,*,#2799,.T.);
#1853=ORIENTED_EDGE('',*,*,#2859,.T.);
#1854=ORIENTED_EDGE('',*,*,#2860,.F.);
#1855=ORIENTED_EDGE('',*,*,#2861,.F.);
#1856=ORIENTED_EDGE('',*,*,#2862,.F.);
#1857=ORIENTED_EDGE('',*,*,#2863,.T.);
#1858=ORIENTED_EDGE('',*,*,#2864,.T.);
#1859=ORIENTED_EDGE('',*,*,#2652,.F.);
#1860=ORIENTED_EDGE('',*,*,#2792,.F.);
#1861=ORIENTED_EDGE('',*,*,#2858,.T.);
#1862=ORIENTED_EDGE('',*,*,#2586,.F.);
#1863=ORIENTED_EDGE('',*,*,#2865,.T.);
#1864=ORIENTED_EDGE('',*,*,#2866,.T.);
#1865=ORIENTED_EDGE('',*,*,#2649,.F.);
#1866=ORIENTED_EDGE('',*,*,#2585,.F.);
#1867=ORIENTED_EDGE('',*,*,#2867,.T.);
#1868=ORIENTED_EDGE('',*,*,#2868,.F.);
#1869=ORIENTED_EDGE('',*,*,#2865,.F.);
#1870=ORIENTED_EDGE('',*,*,#2650,.F.);
#1871=ORIENTED_EDGE('',*,*,#2866,.F.);
#1872=ORIENTED_EDGE('',*,*,#2868,.T.);
#1873=ORIENTED_EDGE('',*,*,#2869,.T.);
#1874=ORIENTED_EDGE('',*,*,#2860,.T.);
#1875=ORIENTED_EDGE('',*,*,#2870,.F.);
#1876=ORIENTED_EDGE('',*,*,#2871,.T.);
#1877=ORIENTED_EDGE('',*,*,#2798,.T.);
#1878=ORIENTED_EDGE('',*,*,#2872,.F.);
#1879=ORIENTED_EDGE('',*,*,#2870,.T.);
#1880=ORIENTED_EDGE('',*,*,#2859,.F.);
#1881=ORIENTED_EDGE('',*,*,#2873,.T.);
#1882=ORIENTED_EDGE('',*,*,#2861,.T.);
#1883=ORIENTED_EDGE('',*,*,#2871,.F.);
#1884=ORIENTED_EDGE('',*,*,#2872,.T.);
#1885=ORIENTED_EDGE('',*,*,#2797,.F.);
#1886=ORIENTED_EDGE('',*,*,#2607,.T.);
#1887=ORIENTED_EDGE('',*,*,#2874,.T.);
#1888=ORIENTED_EDGE('',*,*,#2862,.T.);
#1889=ORIENTED_EDGE('',*,*,#2873,.F.);
#1890=ORIENTED_EDGE('',*,*,#2796,.F.);
#1891=ORIENTED_EDGE('',*,*,#2875,.T.);
#1892=ORIENTED_EDGE('',*,*,#2876,.F.);
#1893=ORIENTED_EDGE('',*,*,#2877,.T.);
#1894=ORIENTED_EDGE('',*,*,#2609,.F.);
#1895=ORIENTED_EDGE('',*,*,#2794,.T.);
#1896=ORIENTED_EDGE('',*,*,#2610,.F.);
#1897=ORIENTED_EDGE('',*,*,#2877,.F.);
#1898=ORIENTED_EDGE('',*,*,#2878,.F.);
#1899=ORIENTED_EDGE('',*,*,#2878,.T.);
#1900=ORIENTED_EDGE('',*,*,#2876,.T.);
#1901=ORIENTED_EDGE('',*,*,#2608,.T.);
#1902=ORIENTED_EDGE('',*,*,#2875,.F.);
#1903=ORIENTED_EDGE('',*,*,#2795,.F.);
#1904=ORIENTED_EDGE('',*,*,#2779,.T.);
#1905=ORIENTED_EDGE('',*,*,#2879,.T.);
#1906=ORIENTED_EDGE('',*,*,#2880,.F.);
#1907=ORIENTED_EDGE('',*,*,#2600,.F.);
#1908=ORIENTED_EDGE('',*,*,#2881,.F.);
#1909=ORIENTED_EDGE('',*,*,#2599,.F.);
#1910=ORIENTED_EDGE('',*,*,#2882,.T.);
#1911=ORIENTED_EDGE('',*,*,#2784,.F.);
#1912=ORIENTED_EDGE('',*,*,#2883,.F.);
#1913=ORIENTED_EDGE('',*,*,#2780,.T.);
#1914=ORIENTED_EDGE('',*,*,#2881,.T.);
#1915=ORIENTED_EDGE('',*,*,#2781,.T.);
#1916=ORIENTED_EDGE('',*,*,#2883,.T.);
#1917=ORIENTED_EDGE('',*,*,#2791,.F.);
#1918=ORIENTED_EDGE('',*,*,#2884,.T.);
#1919=ORIENTED_EDGE('',*,*,#2885,.T.);
#1920=ORIENTED_EDGE('',*,*,#2602,.T.);
#1921=ORIENTED_EDGE('',*,*,#2886,.T.);
#1922=ORIENTED_EDGE('',*,*,#2879,.F.);
#1923=ORIENTED_EDGE('',*,*,#2778,.F.);
#1924=ORIENTED_EDGE('',*,*,#2885,.F.);
#1925=ORIENTED_EDGE('',*,*,#2887,.F.);
#1926=ORIENTED_EDGE('',*,*,#2789,.T.);
#1927=ORIENTED_EDGE('',*,*,#2782,.F.);
#1928=ORIENTED_EDGE('',*,*,#2790,.T.);
#1929=ORIENTED_EDGE('',*,*,#2887,.T.);
#1930=ORIENTED_EDGE('',*,*,#2884,.F.);
#1931=ORIENTED_EDGE('',*,*,#2880,.T.);
#1932=ORIENTED_EDGE('',*,*,#2886,.F.);
#1933=ORIENTED_EDGE('',*,*,#2601,.F.);
#1934=ORIENTED_EDGE('',*,*,#2888,.T.);
#1935=ORIENTED_EDGE('',*,*,#2889,.T.);
#1936=ORIENTED_EDGE('',*,*,#2890,.T.);
#1937=ORIENTED_EDGE('',*,*,#2891,.T.);
#1938=ORIENTED_EDGE('',*,*,#2892,.T.);
#1939=ORIENTED_EDGE('',*,*,#2893,.T.);
#1940=ORIENTED_EDGE('',*,*,#2894,.T.);
#1941=ORIENTED_EDGE('',*,*,#2895,.T.);
#1942=ORIENTED_EDGE('',*,*,#2896,.T.);
#1943=ORIENTED_EDGE('',*,*,#2897,.T.);
#1944=ORIENTED_EDGE('',*,*,#2898,.F.);
#1945=ORIENTED_EDGE('',*,*,#2897,.F.);
#1946=ORIENTED_EDGE('',*,*,#2899,.F.);
#1947=ORIENTED_EDGE('',*,*,#2816,.F.);
#1948=ORIENTED_EDGE('',*,*,#2899,.T.);
#1949=ORIENTED_EDGE('',*,*,#2896,.F.);
#1950=ORIENTED_EDGE('',*,*,#2900,.F.);
#1951=ORIENTED_EDGE('',*,*,#2578,.F.);
#1952=ORIENTED_EDGE('',*,*,#2898,.T.);
#1953=ORIENTED_EDGE('',*,*,#2580,.F.);
#1954=ORIENTED_EDGE('',*,*,#2901,.F.);
#1955=ORIENTED_EDGE('',*,*,#2894,.F.);
#1956=ORIENTED_EDGE('',*,*,#2900,.T.);
#1957=ORIENTED_EDGE('',*,*,#2895,.F.);
#1958=ORIENTED_EDGE('',*,*,#2901,.T.);
#1959=ORIENTED_EDGE('',*,*,#2559,.F.);
#1960=ORIENTED_EDGE('',*,*,#2902,.F.);
#1961=ORIENTED_EDGE('',*,*,#2761,.F.);
#1962=ORIENTED_EDGE('',*,*,#2903,.F.);
#1963=ORIENTED_EDGE('',*,*,#2892,.F.);
#1964=ORIENTED_EDGE('',*,*,#2903,.T.);
#1965=ORIENTED_EDGE('',*,*,#2352,.F.);
#1966=ORIENTED_EDGE('',*,*,#2904,.F.);
#1967=ORIENTED_EDGE('',*,*,#2889,.F.);
#1968=ORIENTED_EDGE('',*,*,#2902,.T.);
#1969=ORIENTED_EDGE('',*,*,#2891,.F.);
#1970=ORIENTED_EDGE('',*,*,#2905,.F.);
#1971=ORIENTED_EDGE('',*,*,#2340,.F.);
#1972=ORIENTED_EDGE('',*,*,#2904,.T.);
#1973=ORIENTED_EDGE('',*,*,#2773,.F.);
#1974=ORIENTED_EDGE('',*,*,#2905,.T.);
#1975=ORIENTED_EDGE('',*,*,#2890,.F.);
#1976=ORIENTED_EDGE('',*,*,#2893,.F.);
#1977=ORIENTED_EDGE('',*,*,#2818,.F.);
#1978=ORIENTED_EDGE('',*,*,#2822,.F.);
#1979=ORIENTED_EDGE('',*,*,#2888,.F.);
#1980=ORIENTED_EDGE('',*,*,#2659,.T.);
#1981=ORIENTED_EDGE('',*,*,#2545,.F.);
#1982=ORIENTED_EDGE('',*,*,#2815,.F.);
#1983=ORIENTED_EDGE('',*,*,#2502,.T.);
#1984=ORIENTED_EDGE('',*,*,#2543,.F.);
#1985=ORIENTED_EDGE('',*,*,#2548,.T.);
#1986=ORIENTED_EDGE('',*,*,#2504,.T.);
#1987=ORIENTED_EDGE('',*,*,#2814,.T.);
#1988=ORIENTED_EDGE('',*,*,#2528,.F.);
#1989=ORIENTED_EDGE('',*,*,#2906,.F.);
#1990=ORIENTED_EDGE('',*,*,#2709,.T.);
#1991=ORIENTED_EDGE('',*,*,#2506,.F.);
#1992=ORIENTED_EDGE('',*,*,#2907,.F.);
#1993=ORIENTED_EDGE('',*,*,#2739,.T.);
#1994=ORIENTED_EDGE('',*,*,#2711,.F.);
#1995=ORIENTED_EDGE('',*,*,#2462,.F.);
#1996=ORIENTED_EDGE('',*,*,#2714,.T.);
#1997=ORIENTED_EDGE('',*,*,#2661,.F.);
#1998=ORIENTED_EDGE('',*,*,#2727,.F.);
#1999=ORIENTED_EDGE('',*,*,#2478,.F.);
#2000=ORIENTED_EDGE('',*,*,#2718,.T.);
#2001=ORIENTED_EDGE('',*,*,#2620,.F.);
#2002=ORIENTED_EDGE('',*,*,#2741,.F.);
#2003=ORIENTED_EDGE('',*,*,#2494,.F.);
#2004=ORIENTED_EDGE('',*,*,#2730,.T.);
#2005=ORIENTED_EDGE('',*,*,#2668,.F.);
#2006=ORIENTED_EDGE('',*,*,#2566,.T.);
#2007=ORIENTED_EDGE('',*,*,#2622,.T.);
#2008=ORIENTED_EDGE('',*,*,#2717,.T.);
#2009=ORIENTED_EDGE('',*,*,#2687,.T.);
#2010=ORIENTED_EDGE('',*,*,#2592,.T.);
#2011=ORIENTED_EDGE('',*,*,#2680,.T.);
#2012=ORIENTED_EDGE('',*,*,#2908,.F.);
#2013=ORIENTED_EDGE('',*,*,#2664,.T.);
#2014=ORIENTED_EDGE('',*,*,#2538,.F.);
#2015=ORIENTED_EDGE('',*,*,#2704,.T.);
#2016=ORIENTED_EDGE('',*,*,#2909,.F.);
#2017=ORIENTED_EDGE('',*,*,#2568,.T.);
#2018=ORIENTED_EDGE('',*,*,#2663,.F.);
#2019=ORIENTED_EDGE('',*,*,#2713,.T.);
#2020=ORIENTED_EDGE('',*,*,#2681,.T.);
#2021=ORIENTED_EDGE('',*,*,#2590,.T.);
#2022=ORIENTED_EDGE('',*,*,#2747,.T.);
#2023=ORIENTED_EDGE('',*,*,#2910,.F.);
#2024=ORIENTED_EDGE('',*,*,#2691,.T.);
#2025=ORIENTED_EDGE('',*,*,#2911,.F.);
#2026=ORIENTED_EDGE('',*,*,#2617,.T.);
#2027=ORIENTED_EDGE('',*,*,#2912,.F.);
#2028=ORIENTED_EDGE('',*,*,#2913,.T.);
#2029=ORIENTED_EDGE('',*,*,#2614,.T.);
#2030=ORIENTED_EDGE('',*,*,#2564,.T.);
#2031=ORIENTED_EDGE('',*,*,#2670,.T.);
#2032=ORIENTED_EDGE('',*,*,#2729,.T.);
#2033=ORIENTED_EDGE('',*,*,#2696,.T.);
#2034=ORIENTED_EDGE('',*,*,#2594,.T.);
#2035=ORIENTED_EDGE('',*,*,#2686,.T.);
#2036=ORIENTED_EDGE('',*,*,#2914,.T.);
#2037=ORIENTED_EDGE('',*,*,#2513,.F.);
#2038=ORIENTED_EDGE('',*,*,#2736,.T.);
#2039=ORIENTED_EDGE('',*,*,#2915,.F.);
#2040=ORIENTED_EDGE('',*,*,#2562,.T.);
#2041=ORIENTED_EDGE('',*,*,#2551,.T.);
#2042=ORIENTED_EDGE('',*,*,#2596,.T.);
#2043=ORIENTED_EDGE('',*,*,#2695,.T.);
#2044=ORIENTED_EDGE('',*,*,#2916,.F.);
#2045=ORIENTED_EDGE('',*,*,#2671,.T.);
#2046=ORIENTED_EDGE('',*,*,#2456,.T.);
#2047=ORIENTED_EDGE('',*,*,#2917,.T.);
#2048=ORIENTED_EDGE('',*,*,#2683,.T.);
#2049=ORIENTED_EDGE('',*,*,#2712,.T.);
#2050=ORIENTED_EDGE('',*,*,#2455,.T.);
#2051=ORIENTED_EDGE('',*,*,#2679,.F.);
#2052=ORIENTED_EDGE('',*,*,#2917,.F.);
#2053=ORIENTED_EDGE('',*,*,#2700,.F.);
#2054=ORIENTED_EDGE('',*,*,#2535,.F.);
#2055=ORIENTED_EDGE('',*,*,#2742,.T.);
#2056=ORIENTED_EDGE('',*,*,#2531,.F.);
#2057=ORIENTED_EDGE('',*,*,#2674,.F.);
#2058=ORIENTED_EDGE('',*,*,#2752,.T.);
#2059=ORIENTED_EDGE('',*,*,#2755,.T.);
#2060=ORIENTED_EDGE('',*,*,#2764,.T.);
#2061=ORIENTED_EDGE('',*,*,#2431,.T.);
#2062=ORIENTED_EDGE('',*,*,#2918,.F.);
#2063=ORIENTED_EDGE('',*,*,#2425,.T.);
#2064=ORIENTED_EDGE('',*,*,#2520,.F.);
#2065=ORIENTED_EDGE('',*,*,#2676,.F.);
#2066=ORIENTED_EDGE('',*,*,#2383,.T.);
#2067=ORIENTED_EDGE('',*,*,#2812,.T.);
#2068=ORIENTED_EDGE('',*,*,#2753,.T.);
#2069=ORIENTED_EDGE('',*,*,#2644,.F.);
#2070=ORIENTED_EDGE('',*,*,#2387,.T.);
#2071=ORIENTED_EDGE('',*,*,#2721,.F.);
#2072=ORIENTED_EDGE('',*,*,#2521,.F.);
#2073=ORIENTED_EDGE('',*,*,#2472,.T.);
#2074=ORIENTED_EDGE('',*,*,#2919,.T.);
#2075=ORIENTED_EDGE('',*,*,#2689,.T.);
#2076=ORIENTED_EDGE('',*,*,#2716,.T.);
#2077=ORIENTED_EDGE('',*,*,#2471,.T.);
#2078=ORIENTED_EDGE('',*,*,#2690,.F.);
#2079=ORIENTED_EDGE('',*,*,#2919,.F.);
#2080=ORIENTED_EDGE('',*,*,#2407,.T.);
#2081=ORIENTED_EDGE('',*,*,#2920,.T.);
#2082=ORIENTED_EDGE('',*,*,#2401,.T.);
#2083=ORIENTED_EDGE('',*,*,#2509,.F.);
#2084=ORIENTED_EDGE('',*,*,#2678,.F.);
#2085=ORIENTED_EDGE('',*,*,#2436,.F.);
#2086=ORIENTED_EDGE('',*,*,#2813,.T.);
#2087=ORIENTED_EDGE('',*,*,#2758,.T.);
#2088=ORIENTED_EDGE('',*,*,#2641,.F.);
#2089=ORIENTED_EDGE('',*,*,#2440,.F.);
#2090=ORIENTED_EDGE('',*,*,#2733,.F.);
#2091=ORIENTED_EDGE('',*,*,#2510,.F.);
#2092=ORIENTED_EDGE('',*,*,#2488,.T.);
#2093=ORIENTED_EDGE('',*,*,#2921,.T.);
#2094=ORIENTED_EDGE('',*,*,#2698,.T.);
#2095=ORIENTED_EDGE('',*,*,#2728,.T.);
#2096=ORIENTED_EDGE('',*,*,#2487,.T.);
#2097=ORIENTED_EDGE('',*,*,#2694,.F.);
#2098=ORIENTED_EDGE('',*,*,#2921,.F.);
#2099=ORIENTED_EDGE('',*,*,#2417,.F.);
#2100=ORIENTED_EDGE('',*,*,#2539,.T.);
#2101=ORIENTED_EDGE('',*,*,#2909,.T.);
#2102=ORIENTED_EDGE('',*,*,#2703,.T.);
#2103=ORIENTED_EDGE('',*,*,#2906,.T.);
#2104=ORIENTED_EDGE('',*,*,#2527,.T.);
#2105=ORIENTED_EDGE('',*,*,#2422,.T.);
#2106=ORIENTED_EDGE('',*,*,#2710,.T.);
#2107=ORIENTED_EDGE('',*,*,#2623,.T.);
#2108=ORIENTED_EDGE('',*,*,#2452,.F.);
#2109=ORIENTED_EDGE('',*,*,#2922,.F.);
#2110=ORIENTED_EDGE('',*,*,#2466,.T.);
#2111=ORIENTED_EDGE('',*,*,#2628,.F.);
#2112=ORIENTED_EDGE('',*,*,#2923,.T.);
#2113=ORIENTED_EDGE('',*,*,#2922,.T.);
#2114=ORIENTED_EDGE('',*,*,#2451,.F.);
#2115=ORIENTED_EDGE('',*,*,#2923,.F.);
#2116=ORIENTED_EDGE('',*,*,#2627,.T.);
#2117=ORIENTED_EDGE('',*,*,#2908,.T.);
#2118=ORIENTED_EDGE('',*,*,#2624,.T.);
#2119=ORIENTED_EDGE('',*,*,#2458,.T.);
#2120=ORIENTED_EDGE('',*,*,#2715,.F.);
#2121=ORIENTED_EDGE('',*,*,#2460,.T.);
#2122=ORIENTED_EDGE('',*,*,#2744,.T.);
#2123=ORIENTED_EDGE('',*,*,#2533,.T.);
#2124=ORIENTED_EDGE('',*,*,#2743,.F.);
#2125=ORIENTED_EDGE('',*,*,#2393,.F.);
#2126=ORIENTED_EDGE('',*,*,#2525,.T.);
#2127=ORIENTED_EDGE('',*,*,#2693,.T.);
#2128=ORIENTED_EDGE('',*,*,#2723,.T.);
#2129=ORIENTED_EDGE('',*,*,#2665,.T.);
#2130=ORIENTED_EDGE('',*,*,#2516,.T.);
#2131=ORIENTED_EDGE('',*,*,#2398,.T.);
#2132=ORIENTED_EDGE('',*,*,#2726,.T.);
#2133=ORIENTED_EDGE('',*,*,#2629,.T.);
#2134=ORIENTED_EDGE('',*,*,#2468,.F.);
#2135=ORIENTED_EDGE('',*,*,#2924,.F.);
#2136=ORIENTED_EDGE('',*,*,#2482,.T.);
#2137=ORIENTED_EDGE('',*,*,#2633,.F.);
#2138=ORIENTED_EDGE('',*,*,#2925,.T.);
#2139=ORIENTED_EDGE('',*,*,#2924,.T.);
#2140=ORIENTED_EDGE('',*,*,#2467,.F.);
#2141=ORIENTED_EDGE('',*,*,#2925,.F.);
#2142=ORIENTED_EDGE('',*,*,#2632,.T.);
#2143=ORIENTED_EDGE('',*,*,#2911,.T.);
#2144=ORIENTED_EDGE('',*,*,#2630,.T.);
#2145=ORIENTED_EDGE('',*,*,#2474,.T.);
#2146=ORIENTED_EDGE('',*,*,#2719,.F.);
#2147=ORIENTED_EDGE('',*,*,#2476,.T.);
#2148=ORIENTED_EDGE('',*,*,#2745,.T.);
#2149=ORIENTED_EDGE('',*,*,#2358,.F.);
#2150=ORIENTED_EDGE('',*,*,#2514,.T.);
#2151=ORIENTED_EDGE('',*,*,#2915,.T.);
#2152=ORIENTED_EDGE('',*,*,#2735,.T.);
#2153=ORIENTED_EDGE('',*,*,#2907,.T.);
#2154=ORIENTED_EDGE('',*,*,#2505,.T.);
#2155=ORIENTED_EDGE('',*,*,#2363,.T.);
#2156=ORIENTED_EDGE('',*,*,#2740,.T.);
#2157=ORIENTED_EDGE('',*,*,#2634,.T.);
#2158=ORIENTED_EDGE('',*,*,#2484,.F.);
#2159=ORIENTED_EDGE('',*,*,#2926,.F.);
#2160=ORIENTED_EDGE('',*,*,#2498,.T.);
#2161=ORIENTED_EDGE('',*,*,#2639,.F.);
#2162=ORIENTED_EDGE('',*,*,#2927,.T.);
#2163=ORIENTED_EDGE('',*,*,#2926,.T.);
#2164=ORIENTED_EDGE('',*,*,#2483,.F.);
#2165=ORIENTED_EDGE('',*,*,#2927,.F.);
#2166=ORIENTED_EDGE('',*,*,#2638,.T.);
#2167=ORIENTED_EDGE('',*,*,#2916,.T.);
#2168=ORIENTED_EDGE('',*,*,#2635,.T.);
#2169=ORIENTED_EDGE('',*,*,#2490,.T.);
#2170=ORIENTED_EDGE('',*,*,#2731,.F.);
#2171=ORIENTED_EDGE('',*,*,#2492,.T.);
#2172=ORIENTED_EDGE('',*,*,#2746,.T.);
#2173=ORIENTED_EDGE('',*,*,#2615,.T.);
#2174=ORIENTED_EDGE('',*,*,#2913,.F.);
#2175=ORIENTED_EDGE('',*,*,#2928,.T.);
#2176=ORIENTED_EDGE('',*,*,#2685,.F.);
#2177=ORIENTED_EDGE('',*,*,#2929,.T.);
#2178=ORIENTED_EDGE('',*,*,#2914,.F.);
#2179=ORIENTED_EDGE('',*,*,#2930,.F.);
#2180=ORIENTED_EDGE('',*,*,#2449,.T.);
#2181=ORIENTED_EDGE('',*,*,#2684,.T.);
#2182=ORIENTED_EDGE('',*,*,#2910,.T.);
#2183=ORIENTED_EDGE('',*,*,#2929,.F.);
#2184=ORIENTED_EDGE('',*,*,#2446,.T.);
#2185=ORIENTED_EDGE('',*,*,#2931,.F.);
#2186=ORIENTED_EDGE('',*,*,#2448,.T.);
#2187=ORIENTED_EDGE('',*,*,#2932,.F.);
#2188=ORIENTED_EDGE('',*,*,#2450,.T.);
#2189=ORIENTED_EDGE('',*,*,#2616,.T.);
#2190=ORIENTED_EDGE('',*,*,#2928,.F.);
#2191=ORIENTED_EDGE('',*,*,#2912,.T.);
#2192=ORIENTED_EDGE('',*,*,#2447,.T.);
#2193=ORIENTED_EDGE('',*,*,#2933,.F.);
#2194=ORIENTED_EDGE('',*,*,#2445,.T.);
#2195=ORIENTED_EDGE('',*,*,#2930,.T.);
#2196=ORIENTED_EDGE('',*,*,#2931,.T.);
#2197=ORIENTED_EDGE('',*,*,#2932,.T.);
#2198=ORIENTED_EDGE('',*,*,#2933,.T.);
#2199=ORIENTED_EDGE('',*,*,#2843,.F.);
#2200=ORIENTED_EDGE('',*,*,#2934,.T.);
#2201=ORIENTED_EDGE('',*,*,#2839,.F.);
#2202=ORIENTED_EDGE('',*,*,#2605,.F.);
#2203=ORIENTED_EDGE('',*,*,#2841,.F.);
#2204=ORIENTED_EDGE('',*,*,#2935,.T.);
#2205=ORIENTED_EDGE('',*,*,#2800,.F.);
#2206=ORIENTED_EDGE('',*,*,#2787,.F.);
#2207=ORIENTED_EDGE('',*,*,#2936,.F.);
#2208=ORIENTED_EDGE('',*,*,#2937,.T.);
#2209=ORIENTED_EDGE('',*,*,#2840,.F.);
#2210=ORIENTED_EDGE('',*,*,#2938,.T.);
#2211=ORIENTED_EDGE('',*,*,#2806,.F.);
#2212=ORIENTED_EDGE('',*,*,#2939,.T.);
#2213=ORIENTED_EDGE('',*,*,#2936,.T.);
#2214=ORIENTED_EDGE('',*,*,#2940,.T.);
#2215=ORIENTED_EDGE('',*,*,#2805,.F.);
#2216=ORIENTED_EDGE('',*,*,#2801,.F.);
#2217=ORIENTED_EDGE('',*,*,#2941,.F.);
#2218=ORIENTED_EDGE('',*,*,#2939,.F.);
#2219=ORIENTED_EDGE('',*,*,#2941,.T.);
#2220=ORIENTED_EDGE('',*,*,#2935,.F.);
#2221=ORIENTED_EDGE('',*,*,#2937,.F.);
#2222=ORIENTED_EDGE('',*,*,#2807,.F.);
#2223=ORIENTED_EDGE('',*,*,#2940,.F.);
#2224=ORIENTED_EDGE('',*,*,#2942,.F.);
#2225=ORIENTED_EDGE('',*,*,#2842,.F.);
#2226=ORIENTED_EDGE('',*,*,#2938,.F.);
#2227=ORIENTED_EDGE('',*,*,#2934,.F.);
#2228=ORIENTED_EDGE('',*,*,#2942,.T.);
#2229=ORIENTED_EDGE('',*,*,#2852,.F.);
#2230=ORIENTED_EDGE('',*,*,#2943,.T.);
#2231=ORIENTED_EDGE('',*,*,#2863,.F.);
#2232=ORIENTED_EDGE('',*,*,#2857,.F.);
#2233=ORIENTED_EDGE('',*,*,#2851,.F.);
#2234=ORIENTED_EDGE('',*,*,#2944,.T.);
#2235=ORIENTED_EDGE('',*,*,#2853,.F.);
#2236=ORIENTED_EDGE('',*,*,#2945,.T.);
#2237=ORIENTED_EDGE('',*,*,#2375,.F.);
#2238=ORIENTED_EDGE('',*,*,#2946,.T.);
#2239=ORIENTED_EDGE('',*,*,#2850,.F.);
#2240=ORIENTED_EDGE('',*,*,#2612,.F.);
#2241=ORIENTED_EDGE('',*,*,#2944,.F.);
#2242=ORIENTED_EDGE('',*,*,#2946,.F.);
#2243=ORIENTED_EDGE('',*,*,#2947,.F.);
#2244=ORIENTED_EDGE('',*,*,#2655,.F.);
#2245=ORIENTED_EDGE('',*,*,#2854,.F.);
#2246=ORIENTED_EDGE('',*,*,#2947,.T.);
#2247=ORIENTED_EDGE('',*,*,#2374,.F.);
#2248=ORIENTED_EDGE('',*,*,#2943,.F.);
#2249=ORIENTED_EDGE('',*,*,#2945,.F.);
#2250=ORIENTED_EDGE('',*,*,#2948,.F.);
#2251=ORIENTED_EDGE('',*,*,#2653,.F.);
#2252=ORIENTED_EDGE('',*,*,#2864,.F.);
#2253=ORIENTED_EDGE('',*,*,#2948,.T.);
#2254=ORIENTED_EDGE('',*,*,#2855,.F.);
#2255=ORIENTED_EDGE('',*,*,#2556,.T.);
#2256=ORIENTED_EDGE('',*,*,#2949,.T.);
#2257=ORIENTED_EDGE('',*,*,#2554,.T.);
#2258=ORIENTED_EDGE('',*,*,#2950,.F.);
#2259=ORIENTED_EDGE('',*,*,#2951,.F.);
#2260=ORIENTED_EDGE('',*,*,#2553,.T.);
#2261=ORIENTED_EDGE('',*,*,#2561,.T.);
#2262=ORIENTED_EDGE('',*,*,#2557,.T.);
#2263=ORIENTED_EDGE('',*,*,#2950,.T.);
#2264=ORIENTED_EDGE('',*,*,#2952,.T.);
#2265=ORIENTED_EDGE('',*,*,#2555,.T.);
#2266=ORIENTED_EDGE('',*,*,#2579,.T.);
#2267=ORIENTED_EDGE('',*,*,#2549,.T.);
#2268=ORIENTED_EDGE('',*,*,#2949,.F.);
#2269=ORIENTED_EDGE('',*,*,#2838,.T.);
#2270=ORIENTED_EDGE('',*,*,#2785,.F.);
#2271=ORIENTED_EDGE('',*,*,#2882,.F.);
#2272=ORIENTED_EDGE('',*,*,#2598,.F.);
#2273=ORIENTED_EDGE('',*,*,#2953,.T.);
#2274=ORIENTED_EDGE('',*,*,#2856,.T.);
#2275=ORIENTED_EDGE('',*,*,#2874,.F.);
#2276=ORIENTED_EDGE('',*,*,#2606,.T.);
#2277=ORIENTED_EDGE('',*,*,#2849,.F.);
#2278=ORIENTED_EDGE('',*,*,#2954,.F.);
#2279=ORIENTED_EDGE('',*,*,#2955,.F.);
#2280=ORIENTED_EDGE('',*,*,#2954,.T.);
#2281=ORIENTED_EDGE('',*,*,#2952,.F.);
#2282=ORIENTED_EDGE('',*,*,#2955,.T.);
#2283=ORIENTED_EDGE('',*,*,#2956,.F.);
#2284=ORIENTED_EDGE('',*,*,#2951,.T.);
#2285=ORIENTED_EDGE('',*,*,#2953,.F.);
#2286=ORIENTED_EDGE('',*,*,#2956,.T.);
#2287=ORIENTED_EDGE('',*,*,#2824,.F.);
#2288=ORIENTED_EDGE('',*,*,#2830,.F.);
#2289=ORIENTED_EDGE('',*,*,#2844,.F.);
#2290=ORIENTED_EDGE('',*,*,#2776,.F.);
#2291=ORIENTED_EDGE('',*,*,#2804,.F.);
#2292=ORIENTED_EDGE('',*,*,#2371,.F.);
#2293=ORIENTED_EDGE('',*,*,#2368,.F.);
#2294=ORIENTED_EDGE('',*,*,#2344,.F.);
#2295=ORIENTED_EDGE('',*,*,#2378,.F.);
#2296=ORIENTED_EDGE('',*,*,#2793,.F.);
#2297=ORIENTED_EDGE('',*,*,#2651,.F.);
#2298=ORIENTED_EDGE('',*,*,#2869,.F.);
#2299=ORIENTED_EDGE('',*,*,#2867,.F.);
#2300=ORIENTED_EDGE('',*,*,#2584,.F.);
#2301=ORIENTED_EDGE('',*,*,#2820,.F.);
#2302=ORIENTED_EDGE('',*,*,#2831,.F.);
#2303=ORIENTED_EDGE('',*,*,#2826,.F.);
#2304=ORIENTED_EDGE('',*,*,#2348,.F.);
#2305=ORIENTED_EDGE('',*,*,#2547,.F.);
#2306=ORIENTED_EDGE('',*,*,#2541,.F.);
#2307=ORIENTED_EDGE('',*,*,#2658,.T.);
#2308=ORIENTED_EDGE('',*,*,#2500,.T.);
#2309=ORIENTED_EDGE('',*,*,#2426,.F.);
#2310=ORIENTED_EDGE('',*,*,#2918,.T.);
#2311=ORIENTED_EDGE('',*,*,#2430,.F.);
#2312=ORIENTED_EDGE('',*,*,#2443,.T.);
#2313=ORIENTED_EDGE('',*,*,#2441,.F.);
#2314=ORIENTED_EDGE('',*,*,#2413,.T.);
#2315=ORIENTED_EDGE('',*,*,#2702,.F.);
#2316=ORIENTED_EDGE('',*,*,#2420,.F.);
#2317=ORIENTED_EDGE('',*,*,#2402,.F.);
#2318=ORIENTED_EDGE('',*,*,#2920,.F.);
#2319=ORIENTED_EDGE('',*,*,#2406,.F.);
#2320=ORIENTED_EDGE('',*,*,#2411,.T.);
#2321=ORIENTED_EDGE('',*,*,#2409,.F.);
#2322=ORIENTED_EDGE('',*,*,#2389,.T.);
#2323=ORIENTED_EDGE('',*,*,#2722,.T.);
#2324=ORIENTED_EDGE('',*,*,#2396,.F.);
#2325=ORIENTED_EDGE('',*,*,#2379,.F.);
#2326=ORIENTED_EDGE('',*,*,#2354,.T.);
#2327=ORIENTED_EDGE('',*,*,#2734,.F.);
#2328=ORIENTED_EDGE('',*,*,#2361,.F.);
#2329=ORIENTED_EDGE('',*,*,#2372,.F.);
#2330=ORIENTED_EDGE('',*,*,#2346,.T.);
#2331=ORIENTED_EDGE('',*,*,#2760,.T.);
#2332=ORIENTED_EDGE('',*,*,#2656,.F.);
#2333=ORIENTED_EDGE('',*,*,#2762,.T.);
#2334=ORIENTED_EDGE('',*,*,#2338,.T.);
#2335=ORIENTED_EDGE('',*,*,#2367,.F.);
#2336=ORIENTED_EDGE('',*,*,#2370,.F.);
#2337=ORIENTED_EDGE('',*,*,#2803,.T.);
#2338=EDGE_CURVE('',#2957,#2958,#3363,.T.);
#2339=EDGE_CURVE('',#2959,#2957,#324,.T.);
#2340=EDGE_CURVE('',#2959,#2960,#289,.T.);
#2341=EDGE_CURVE('',#2961,#2960,#325,.T.);
#2342=EDGE_CURVE('',#2961,#2962,#290,.T.);
#2343=EDGE_CURVE('',#2963,#2962,#326,.F.);
#2344=EDGE_CURVE('',#2963,#2964,#291,.T.);
#2345=EDGE_CURVE('',#2964,#2958,#327,.T.);
#2346=EDGE_CURVE('',#2965,#2966,#3364,.T.);
#2347=EDGE_CURVE('',#2965,#2967,#328,.F.);
#2348=EDGE_CURVE('',#2967,#2968,#292,.T.);
#2349=EDGE_CURVE('',#2969,#2968,#329,.T.);
#2350=EDGE_CURVE('',#2969,#2970,#293,.F.);
#2351=EDGE_CURVE('',#2970,#2971,#330,.T.);
#2352=EDGE_CURVE('',#2971,#2972,#294,.T.);
#2353=EDGE_CURVE('',#2972,#2966,#331,.T.);
#2354=EDGE_CURVE('',#2973,#2974,#332,.T.);
#2355=EDGE_CURVE('',#2975,#2973,#333,.T.);
#2356=EDGE_CURVE('',#2976,#2975,#334,.T.);
#2357=EDGE_CURVE('',#2976,#2977,#335,.T.);
#2358=EDGE_CURVE('',#2977,#2978,#336,.T.);
#2359=EDGE_CURVE('',#2978,#2974,#337,.T.);
#2360=EDGE_CURVE('',#2979,#2980,#338,.T.);
#2361=EDGE_CURVE('',#2980,#2981,#339,.T.);
#2362=EDGE_CURVE('',#2982,#2981,#340,.T.);
#2363=EDGE_CURVE('',#2983,#2982,#341,.T.);
#2364=EDGE_CURVE('',#2984,#2983,#342,.T.);
#2365=EDGE_CURVE('',#2984,#2979,#343,.T.);
#2366=EDGE_CURVE('',#2985,#2986,#344,.T.);
#2367=EDGE_CURVE('',#2985,#2958,#345,.T.);
#2368=EDGE_CURVE('',#2964,#2986,#346,.F.);
#2369=EDGE_CURVE('',#2987,#2988,#347,.T.);
#2370=EDGE_CURVE('',#2987,#2985,#348,.T.);
#2371=EDGE_CURVE('',#2986,#2988,#36,.F.);
#2372=EDGE_CURVE('',#2965,#2989,#349,.T.);
#2373=EDGE_CURVE('',#2990,#2989,#350,.T.);
#2374=EDGE_CURVE('',#2990,#2991,#351,.T.);
#2375=EDGE_CURVE('',#2991,#2992,#352,.T.);
#2376=EDGE_CURVE('',#2993,#2992,#353,.T.);
#2377=EDGE_CURVE('',#2993,#2994,#354,.T.);
#2378=EDGE_CURVE('',#2994,#2967,#37,.F.);
#2379=EDGE_CURVE('',#2973,#2980,#355,.T.);
#2380=EDGE_CURVE('',#2979,#2975,#356,.T.);
#2381=EDGE_CURVE('',#2995,#2996,#3365,.T.);
#2382=EDGE_CURVE('',#2995,#2997,#357,.T.);
#2383=EDGE_CURVE('',#2998,#2997,#3366,.T.);
#2384=EDGE_CURVE('',#2998,#2996,#358,.F.);
#2385=EDGE_CURVE('',#2999,#3000,#3367,.T.);
#2386=EDGE_CURVE('',#3001,#2999,#359,.F.);
#2387=EDGE_CURVE('',#3002,#3001,#3368,.T.);
#2388=EDGE_CURVE('',#3000,#3002,#360,.T.);
#2389=EDGE_CURVE('',#3003,#3004,#361,.T.);
#2390=EDGE_CURVE('',#3005,#3003,#362,.T.);
#2391=EDGE_CURVE('',#3006,#3005,#363,.T.);
#2392=EDGE_CURVE('',#3006,#3007,#364,.T.);
#2393=EDGE_CURVE('',#3007,#3008,#365,.T.);
#2394=EDGE_CURVE('',#3008,#3004,#366,.T.);
#2395=EDGE_CURVE('',#3009,#3010,#367,.T.);
#2396=EDGE_CURVE('',#3010,#3011,#368,.T.);
#2397=EDGE_CURVE('',#3012,#3011,#369,.T.);
#2398=EDGE_CURVE('',#3013,#3012,#370,.T.);
#2399=EDGE_CURVE('',#3014,#3013,#371,.T.);
#2400=EDGE_CURVE('',#3014,#3009,#372,.T.);
#2401=EDGE_CURVE('',#3015,#3016,#38,.T.);
#2402=EDGE_CURVE('',#3015,#3017,#3369,.T.);
#2403=EDGE_CURVE('',#3017,#3018,#39,.T.);
#2404=EDGE_CURVE('',#3016,#3018,#3370,.F.);
#2405=EDGE_CURVE('',#3019,#3020,#40,.T.);
#2406=EDGE_CURVE('',#3020,#3021,#3371,.T.);
#2407=EDGE_CURVE('',#3022,#3021,#41,.T.);
#2408=EDGE_CURVE('',#3019,#3022,#3372,.F.);
#2409=EDGE_CURVE('',#3003,#3010,#373,.T.);
#2410=EDGE_CURVE('',#3009,#3005,#374,.T.);
#2411=EDGE_CURVE('',#3020,#3017,#375,.T.);
#2412=EDGE_CURVE('',#3019,#3018,#376,.T.);
#2413=EDGE_CURVE('',#3023,#3024,#377,.T.);
#2414=EDGE_CURVE('',#3025,#3023,#378,.T.);
#2415=EDGE_CURVE('',#3026,#3025,#379,.T.);
#2416=EDGE_CURVE('',#3026,#3027,#380,.T.);
#2417=EDGE_CURVE('',#3027,#3028,#381,.T.);
#2418=EDGE_CURVE('',#3028,#3024,#382,.T.);
#2419=EDGE_CURVE('',#3029,#3030,#383,.T.);
#2420=EDGE_CURVE('',#3030,#3031,#384,.T.);
#2421=EDGE_CURVE('',#3032,#3031,#385,.T.);
#2422=EDGE_CURVE('',#3033,#3032,#386,.T.);
#2423=EDGE_CURVE('',#3034,#3033,#387,.T.);
#2424=EDGE_CURVE('',#3034,#3029,#388,.T.);
#2425=EDGE_CURVE('',#3035,#3036,#42,.T.);
#2426=EDGE_CURVE('',#3035,#3037,#3373,.T.);
#2427=EDGE_CURVE('',#3037,#3038,#43,.T.);
#2428=EDGE_CURVE('',#3036,#3038,#3374,.F.);
#2429=EDGE_CURVE('',#3039,#3040,#44,.T.);
#2430=EDGE_CURVE('',#3040,#3041,#3375,.T.);
#2431=EDGE_CURVE('',#3042,#3041,#45,.T.);
#2432=EDGE_CURVE('',#3039,#3042,#3376,.F.);
#2433=EDGE_CURVE('',#3043,#3044,#389,.F.);
#2434=EDGE_CURVE('',#3044,#3045,#3377,.T.);
#2435=EDGE_CURVE('',#3045,#3046,#390,.T.);
#2436=EDGE_CURVE('',#3046,#3043,#3378,.T.);
#2437=EDGE_CURVE('',#3047,#3048,#391,.T.);
#2438=EDGE_CURVE('',#3047,#3049,#3379,.T.);
#2439=EDGE_CURVE('',#3050,#3049,#392,.F.);
#2440=EDGE_CURVE('',#3050,#3048,#3380,.T.);
#2441=EDGE_CURVE('',#3023,#3030,#393,.T.);
#2442=EDGE_CURVE('',#3029,#3025,#394,.T.);
#2443=EDGE_CURVE('',#3040,#3037,#395,.T.);
#2444=EDGE_CURVE('',#3039,#3038,#396,.T.);
#2445=EDGE_CURVE('',#3051,#3051,#46,.T.);
#2446=EDGE_CURVE('',#3052,#3052,#47,.T.);
#2447=EDGE_CURVE('',#3053,#3053,#48,.T.);
#2448=EDGE_CURVE('',#3054,#3054,#49,.T.);
#2449=EDGE_CURVE('',#3055,#3055,#50,.T.);
#2450=EDGE_CURVE('',#3056,#3056,#51,.T.);
#2451=EDGE_CURVE('',#3057,#3058,#397,.T.);
#2452=EDGE_CURVE('',#3058,#3059,#398,.T.);
#2453=EDGE_CURVE('',#3059,#3060,#399,.T.);
#2454=EDGE_CURVE('',#3061,#3060,#3381,.F.);
#2455=EDGE_CURVE('',#3062,#3061,#400,.T.);
#2456=EDGE_CURVE('',#3063,#3062,#401,.T.);
#2457=EDGE_CURVE('',#3064,#3063,#402,.T.);
#2458=EDGE_CURVE('',#3065,#3064,#3382,.F.);
#2459=EDGE_CURVE('',#3065,#3066,#403,.T.);
#2460=EDGE_CURVE('',#3067,#3066,#3383,.F.);
#2461=EDGE_CURVE('',#3068,#3067,#404,.T.);
#2462=EDGE_CURVE('',#3068,#3069,#405,.T.);
#2463=EDGE_CURVE('',#3070,#3069,#406,.T.);
#2464=EDGE_CURVE('',#3071,#3070,#3384,.F.);
#2465=EDGE_CURVE('',#3071,#3072,#407,.T.);
#2466=EDGE_CURVE('',#3057,#3072,#408,.T.);
#2467=EDGE_CURVE('',#3073,#3074,#409,.T.);
#2468=EDGE_CURVE('',#3074,#3075,#410,.T.);
#2469=EDGE_CURVE('',#3075,#3076,#411,.T.);
#2470=EDGE_CURVE('',#3077,#3076,#3385,.F.);
#2471=EDGE_CURVE('',#3078,#3077,#412,.T.);
#2472=EDGE_CURVE('',#3079,#3078,#413,.T.);
#2473=EDGE_CURVE('',#3080,#3079,#414,.T.);
#2474=EDGE_CURVE('',#3081,#3080,#3386,.F.);
#2475=EDGE_CURVE('',#3081,#3082,#415,.T.);
#2476=EDGE_CURVE('',#3083,#3082,#3387,.F.);
#2477=EDGE_CURVE('',#3084,#3083,#416,.T.);
#2478=EDGE_CURVE('',#3084,#3085,#417,.T.);
#2479=EDGE_CURVE('',#3086,#3085,#418,.T.);
#2480=EDGE_CURVE('',#3087,#3086,#3388,.F.);
#2481=EDGE_CURVE('',#3087,#3088,#419,.T.);
#2482=EDGE_CURVE('',#3073,#3088,#420,.T.);
#2483=EDGE_CURVE('',#3089,#3090,#421,.T.);
#2484=EDGE_CURVE('',#3090,#3091,#422,.T.);
#2485=EDGE_CURVE('',#3091,#3092,#423,.T.);
#2486=EDGE_CURVE('',#3093,#3092,#3389,.F.);
#2487=EDGE_CURVE('',#3094,#3093,#424,.T.);
#2488=EDGE_CURVE('',#3095,#3094,#425,.T.);
#2489=EDGE_CURVE('',#3096,#3095,#426,.T.);
#2490=EDGE_CURVE('',#3097,#3096,#3390,.F.);
#2491=EDGE_CURVE('',#3097,#3098,#427,.T.);
#2492=EDGE_CURVE('',#3099,#3098,#3391,.F.);
#2493=EDGE_CURVE('',#3100,#3099,#428,.T.);
#2494=EDGE_CURVE('',#3100,#3101,#429,.T.);
#2495=EDGE_CURVE('',#3102,#3101,#430,.T.);
#2496=EDGE_CURVE('',#3103,#3102,#3392,.F.);
#2497=EDGE_CURVE('',#3103,#3104,#431,.T.);
#2498=EDGE_CURVE('',#3089,#3104,#432,.T.);
#2499=EDGE_CURVE('',#3105,#3106,#433,.T.);
#2500=EDGE_CURVE('',#3107,#3106,#434,.T.);
#2501=EDGE_CURVE('',#3107,#3108,#435,.T.);
#2502=EDGE_CURVE('',#3109,#3108,#436,.T.);
#2503=EDGE_CURVE('',#3110,#3109,#437,.T.);
#2504=EDGE_CURVE('',#3105,#3110,#438,.T.);
#2505=EDGE_CURVE('',#3111,#2983,#439,.T.);
#2506=EDGE_CURVE('',#3111,#3112,#3393,.F.);
#2507=EDGE_CURVE('',#3112,#3113,#440,.T.);
#2508=EDGE_CURVE('',#3114,#3113,#441,.T.);
#2509=EDGE_CURVE('',#3114,#3016,#442,.T.);
#2510=EDGE_CURVE('',#3022,#3115,#443,.T.);
#2511=EDGE_CURVE('',#3115,#3116,#444,.T.);
#2512=EDGE_CURVE('',#3116,#3117,#445,.T.);
#2513=EDGE_CURVE('',#3117,#3118,#3394,.F.);
#2514=EDGE_CURVE('',#2977,#3118,#446,.T.);
#2515=EDGE_CURVE('',#2984,#2976,#447,.T.);
#2516=EDGE_CURVE('',#3119,#3013,#448,.T.);
#2517=EDGE_CURVE('',#3119,#3120,#3395,.F.);
#2518=EDGE_CURVE('',#3120,#3121,#449,.T.);
#2519=EDGE_CURVE('',#3122,#3121,#450,.T.);
#2520=EDGE_CURVE('',#3122,#3036,#451,.T.);
#2521=EDGE_CURVE('',#3042,#3123,#452,.T.);
#2522=EDGE_CURVE('',#3123,#3124,#453,.T.);
#2523=EDGE_CURVE('',#3124,#3125,#454,.T.);
#2524=EDGE_CURVE('',#3125,#3126,#3396,.F.);
#2525=EDGE_CURVE('',#3007,#3126,#455,.T.);
#2526=EDGE_CURVE('',#3014,#3006,#456,.T.);
#2527=EDGE_CURVE('',#3127,#3033,#457,.T.);
#2528=EDGE_CURVE('',#3127,#3128,#3397,.F.);
#2529=EDGE_CURVE('',#3128,#3129,#458,.T.);
#2530=EDGE_CURVE('',#3130,#3129,#459,.T.);
#2531=EDGE_CURVE('',#3130,#3131,#460,.T.);
#2532=EDGE_CURVE('',#3131,#3132,#3398,.F.);
#2533=EDGE_CURVE('',#3133,#3132,#461,.T.);
#2534=EDGE_CURVE('',#3133,#3134,#3399,.F.);
#2535=EDGE_CURVE('',#3134,#3135,#462,.T.);
#2536=EDGE_CURVE('',#3135,#3136,#463,.T.);
#2537=EDGE_CURVE('',#3136,#3137,#464,.T.);
#2538=EDGE_CURVE('',#3137,#3138,#3400,.F.);
#2539=EDGE_CURVE('',#3027,#3138,#465,.T.);
#2540=EDGE_CURVE('',#3034,#3026,#466,.T.);
#2541=EDGE_CURVE('',#3139,#3140,#467,.T.);
#2542=EDGE_CURVE('',#3141,#3140,#468,.T.);
#2543=EDGE_CURVE('',#3141,#3142,#469,.T.);
#2544=EDGE_CURVE('',#3143,#3142,#470,.T.);
#2545=EDGE_CURVE('',#3143,#3144,#471,.T.);
#2546=EDGE_CURVE('',#3144,#3139,#472,.T.);
#2547=EDGE_CURVE('',#3140,#3106,#473,.T.);
#2548=EDGE_CURVE('',#3141,#3105,#474,.F.);
#2549=EDGE_CURVE('',#3145,#3146,#295,.T.);
#2550=EDGE_CURVE('',#3145,#3147,#475,.T.);
#2551=EDGE_CURVE('',#3148,#3147,#476,.T.);
#2552=EDGE_CURVE('',#3149,#3148,#477,.T.);
#2553=EDGE_CURVE('',#3150,#3149,#296,.T.);
#2554=EDGE_CURVE('',#3146,#3150,#478,.T.);
#2555=EDGE_CURVE('',#3151,#3152,#297,.T.);
#2556=EDGE_CURVE('',#3153,#3151,#479,.F.);
#2557=EDGE_CURVE('',#3154,#3153,#298,.T.);
#2558=EDGE_CURVE('',#3155,#3154,#480,.T.);
#2559=EDGE_CURVE('',#3155,#3156,#52,.T.);
#2560=EDGE_CURVE('',#3156,#3152,#481,.T.);
#2561=EDGE_CURVE('',#3149,#3154,#299,.T.);
#2562=EDGE_CURVE('',#3157,#3148,#3401,.T.);
#2563=EDGE_CURVE('',#3158,#3157,#300,.T.);
#2564=EDGE_CURVE('',#3159,#3158,#3402,.T.);
#2565=EDGE_CURVE('',#3160,#3159,#301,.T.);
#2566=EDGE_CURVE('',#3161,#3160,#3403,.T.);
#2567=EDGE_CURVE('',#3162,#3161,#302,.T.);
#2568=EDGE_CURVE('',#3163,#3162,#3404,.T.);
#2569=EDGE_CURVE('',#3163,#3164,#482,.T.);
#2570=EDGE_CURVE('',#3164,#3165,#53,.F.);
#2571=EDGE_CURVE('',#3166,#3165,#483,.T.);
#2572=EDGE_CURVE('',#3167,#3166,#54,.T.);
#2573=EDGE_CURVE('',#3167,#3168,#484,.F.);
#2574=EDGE_CURVE('',#3169,#3168,#55,.T.);
#2575=EDGE_CURVE('',#3169,#3170,#485,.F.);
#2576=EDGE_CURVE('',#3170,#3171,#303,.F.);
#2577=EDGE_CURVE('',#3171,#3172,#486,.T.);
#2578=EDGE_CURVE('',#3172,#3155,#304,.T.);
#2579=EDGE_CURVE('',#3152,#3145,#305,.T.);
#2580=EDGE_CURVE('',#3156,#3173,#306,.T.);
#2581=EDGE_CURVE('',#3174,#3173,#487,.T.);
#2582=EDGE_CURVE('',#3174,#3175,#307,.T.);
#2583=EDGE_CURVE('',#3175,#3176,#488,.T.);
#2584=EDGE_CURVE('',#3176,#3177,#308,.T.);
#2585=EDGE_CURVE('',#3177,#3178,#489,.T.);
#2586=EDGE_CURVE('',#3178,#3179,#56,.T.);
#2587=EDGE_CURVE('',#3179,#3180,#490,.T.);
#2588=EDGE_CURVE('',#3180,#3181,#57,.F.);
#2589=EDGE_CURVE('',#3182,#3181,#491,.T.);
#2590=EDGE_CURVE('',#3183,#3182,#3405,.T.);
#2591=EDGE_CURVE('',#3184,#3183,#309,.T.);
#2592=EDGE_CURVE('',#3185,#3184,#3406,.T.);
#2593=EDGE_CURVE('',#3186,#3185,#310,.T.);
#2594=EDGE_CURVE('',#3187,#3186,#3407,.T.);
#2595=EDGE_CURVE('',#3188,#3187,#311,.T.);
#2596=EDGE_CURVE('',#3147,#3188,#3408,.T.);
#2597=EDGE_CURVE('',#3189,#3190,#492,.T.);
#2598=EDGE_CURVE('',#3190,#3191,#3409,.F.);
#2599=EDGE_CURVE('',#3191,#3192,#493,.T.);
#2600=EDGE_CURVE('',#3192,#3193,#3410,.F.);
#2601=EDGE_CURVE('',#3193,#3194,#494,.T.);
#2602=EDGE_CURVE('',#3195,#3194,#495,.T.);
#2603=EDGE_CURVE('',#3196,#3195,#496,.T.);
#2604=EDGE_CURVE('',#3196,#3197,#497,.T.);
#2605=EDGE_CURVE('',#3197,#3189,#3411,.T.);
#2606=EDGE_CURVE('',#3198,#3199,#3412,.F.);
#2607=EDGE_CURVE('',#3200,#3198,#498,.T.);
#2608=EDGE_CURVE('',#3201,#3200,#3413,.F.);
#2609=EDGE_CURVE('',#3201,#3202,#499,.T.);
#2610=EDGE_CURVE('',#3202,#3203,#500,.T.);
#2611=EDGE_CURVE('',#3203,#2993,#501,.T.);
#2612=EDGE_CURVE('',#2992,#3204,#3414,.F.);
#2613=EDGE_CURVE('',#3199,#3204,#502,.T.);
#2614=EDGE_CURVE('',#3205,#3159,#503,.T.);
#2615=EDGE_CURVE('',#3206,#3205,#3415,.T.);
#2616=EDGE_CURVE('',#3207,#3206,#312,.T.);
#2617=EDGE_CURVE('',#3208,#3207,#504,.T.);
#2618=EDGE_CURVE('',#3087,#3208,#505,.T.);
#2619=EDGE_CURVE('',#3086,#3209,#58,.T.);
#2620=EDGE_CURVE('',#3209,#3210,#506,.T.);
#2621=EDGE_CURVE('',#3210,#3211,#59,.T.);
#2622=EDGE_CURVE('',#3160,#3211,#507,.F.);
#2623=EDGE_CURVE('',#3212,#3059,#508,.T.);
#2624=EDGE_CURVE('',#3213,#3212,#509,.T.);
#2625=EDGE_CURVE('',#3213,#3060,#510,.F.);
#2626=EDGE_CURVE('',#3071,#3214,#511,.T.);
#2627=EDGE_CURVE('',#3215,#3214,#512,.T.);
#2628=EDGE_CURVE('',#3215,#3072,#513,.T.);
#2629=EDGE_CURVE('',#3216,#3075,#514,.T.);
#2630=EDGE_CURVE('',#3217,#3216,#515,.T.);
#2631=EDGE_CURVE('',#3217,#3076,#516,.F.);
#2632=EDGE_CURVE('',#3218,#3208,#517,.T.);
#2633=EDGE_CURVE('',#3218,#3088,#518,.T.);
#2634=EDGE_CURVE('',#3219,#3091,#519,.T.);
#2635=EDGE_CURVE('',#3220,#3219,#520,.T.);
#2636=EDGE_CURVE('',#3220,#3092,#521,.F.);
#2637=EDGE_CURVE('',#3103,#3221,#522,.T.);
#2638=EDGE_CURVE('',#3222,#3221,#523,.T.);
#2639=EDGE_CURVE('',#3222,#3104,#524,.T.);
#2640=EDGE_CURVE('',#3047,#3223,#525,.T.);
#2641=EDGE_CURVE('',#3048,#3224,#526,.T.);
#2642=EDGE_CURVE('',#3225,#3224,#527,.T.);
#2643=EDGE_CURVE('',#3000,#3225,#528,.T.);
#2644=EDGE_CURVE('',#3002,#3226,#529,.T.);
#2645=EDGE_CURVE('',#3227,#3226,#530,.T.);
#2646=EDGE_CURVE('',#3228,#3227,#531,.T.);
#2647=EDGE_CURVE('',#3228,#3229,#532,.T.);
#2648=EDGE_CURVE('',#3229,#3180,#533,.T.);
#2649=EDGE_CURVE('',#3179,#3230,#534,.T.);
#2650=EDGE_CURVE('',#3230,#3231,#535,.T.);
#2651=EDGE_CURVE('',#3231,#3232,#536,.T.);
#2652=EDGE_CURVE('',#3232,#3233,#537,.T.);
#2653=EDGE_CURVE('',#3233,#3234,#60,.T.);
#2654=EDGE_CURVE('',#3234,#3235,#538,.T.);
#2655=EDGE_CURVE('',#3235,#2990,#61,.T.);
#2656=EDGE_CURVE('',#2989,#3236,#539,.T.);
#2657=EDGE_CURVE('',#3223,#3236,#540,.T.);
#2658=EDGE_CURVE('',#3139,#3107,#541,.T.);
#2659=EDGE_CURVE('',#3108,#3144,#542,.T.);
#2660=EDGE_CURVE('',#3070,#3237,#62,.T.);
#2661=EDGE_CURVE('',#3237,#3238,#543,.T.);
#2662=EDGE_CURVE('',#3238,#3239,#63,.T.);
#2663=EDGE_CURVE('',#3239,#3162,#544,.T.);
#2664=EDGE_CURVE('',#3214,#3161,#545,.T.);
#2665=EDGE_CURVE('',#3240,#3119,#546,.T.);
#2666=EDGE_CURVE('',#3240,#3120,#64,.T.);
#2667=EDGE_CURVE('',#3102,#3241,#65,.T.);
#2668=EDGE_CURVE('',#3241,#3242,#547,.T.);
#2669=EDGE_CURVE('',#3242,#3243,#66,.T.);
#2670=EDGE_CURVE('',#3158,#3243,#548,.F.);
#2671=EDGE_CURVE('',#3221,#3157,#549,.T.);
#2672=EDGE_CURVE('',#3244,#3129,#550,.T.);
#2673=EDGE_CURVE('',#3245,#3244,#551,.F.);
#2674=EDGE_CURVE('',#3245,#3130,#552,.T.);
#2675=EDGE_CURVE('',#2996,#3121,#553,.T.);
#2676=EDGE_CURVE('',#2998,#3122,#554,.T.);
#2677=EDGE_CURVE('',#3044,#3113,#555,.T.);
#2678=EDGE_CURVE('',#3043,#3114,#556,.T.);
#2679=EDGE_CURVE('',#3246,#3061,#67,.T.);
#2680=EDGE_CURVE('',#3184,#3213,#557,.F.);
#2681=EDGE_CURVE('',#3247,#3183,#558,.T.);
#2682=EDGE_CURVE('',#3247,#3248,#68,.T.);
#2683=EDGE_CURVE('',#3246,#3248,#559,.T.);
#2684=EDGE_CURVE('',#3249,#3250,#313,.T.);
#2685=EDGE_CURVE('',#3249,#3251,#3416,.T.);
#2686=EDGE_CURVE('',#3186,#3251,#560,.F.);
#2687=EDGE_CURVE('',#3252,#3185,#561,.T.);
#2688=EDGE_CURVE('',#3252,#3253,#69,.T.);
#2689=EDGE_CURVE('',#3254,#3253,#562,.T.);
#2690=EDGE_CURVE('',#3254,#3077,#70,.T.);
#2691=EDGE_CURVE('',#3250,#3217,#563,.F.);
#2692=EDGE_CURVE('',#3125,#3255,#71,.T.);
#2693=EDGE_CURVE('',#3126,#3255,#564,.F.);
#2694=EDGE_CURVE('',#3256,#3093,#72,.T.);
#2695=EDGE_CURVE('',#3188,#3220,#565,.F.);
#2696=EDGE_CURVE('',#3257,#3187,#566,.T.);
#2697=EDGE_CURVE('',#3257,#3258,#73,.T.);
#2698=EDGE_CURVE('',#3256,#3258,#567,.T.);
#2699=EDGE_CURVE('',#3259,#3136,#568,.T.);
#2700=EDGE_CURVE('',#3135,#3260,#569,.T.);
#2701=EDGE_CURVE('',#3260,#3259,#570,.F.);
#2702=EDGE_CURVE('',#3031,#3024,#571,.T.);
#2703=EDGE_CURVE('',#3261,#3028,#572,.T.);
#2704=EDGE_CURVE('',#3137,#3261,#74,.T.);
#2705=EDGE_CURVE('',#3228,#3259,#3417,.T.);
#2706=EDGE_CURVE('',#3227,#3262,#573,.T.);
#2707=EDGE_CURVE('',#3263,#3262,#574,.T.);
#2708=EDGE_CURVE('',#3244,#3263,#3418,.T.);
#2709=EDGE_CURVE('',#3264,#3128,#75,.T.);
#2710=EDGE_CURVE('',#3032,#3264,#575,.T.);
#2711=EDGE_CURVE('',#3069,#3237,#576,.T.);
#2712=EDGE_CURVE('',#3248,#3063,#577,.T.);
#2713=EDGE_CURVE('',#3239,#3247,#578,.T.);
#2714=EDGE_CURVE('',#3068,#3238,#579,.T.);
#2715=EDGE_CURVE('',#3067,#3064,#76,.T.);
#2716=EDGE_CURVE('',#3253,#3079,#580,.T.);
#2717=EDGE_CURVE('',#3211,#3252,#581,.T.);
#2718=EDGE_CURVE('',#3084,#3210,#582,.T.);
#2719=EDGE_CURVE('',#3083,#3080,#77,.T.);
#2720=EDGE_CURVE('',#2999,#3124,#583,.T.);
#2721=EDGE_CURVE('',#3123,#3001,#584,.T.);
#2722=EDGE_CURVE('',#3004,#3011,#585,.T.);
#2723=EDGE_CURVE('',#3255,#3008,#586,.T.);
#2724=EDGE_CURVE('',#3225,#3265,#587,.T.);
#2725=EDGE_CURVE('',#2995,#3265,#588,.T.);
#2726=EDGE_CURVE('',#3012,#3240,#589,.T.);
#2727=EDGE_CURVE('',#3085,#3209,#590,.T.);
#2728=EDGE_CURVE('',#3258,#3095,#591,.T.);
#2729=EDGE_CURVE('',#3243,#3257,#592,.T.);
#2730=EDGE_CURVE('',#3100,#3242,#593,.T.);
#2731=EDGE_CURVE('',#3099,#3096,#78,.T.);
#2732=EDGE_CURVE('',#3049,#3116,#594,.T.);
#2733=EDGE_CURVE('',#3115,#3050,#595,.T.);
#2734=EDGE_CURVE('',#2981,#2974,#596,.T.);
#2735=EDGE_CURVE('',#3266,#2978,#597,.T.);
#2736=EDGE_CURVE('',#3117,#3266,#79,.T.);
#2737=EDGE_CURVE('',#3223,#3267,#598,.T.);
#2738=EDGE_CURVE('',#3045,#3267,#599,.T.);
#2739=EDGE_CURVE('',#3268,#3112,#80,.T.);
#2740=EDGE_CURVE('',#2982,#3268,#600,.T.);
#2741=EDGE_CURVE('',#3101,#3241,#601,.T.);
#2742=EDGE_CURVE('',#3134,#3131,#81,.T.);
#2743=EDGE_CURVE('',#3133,#3132,#82,.T.);
#2744=EDGE_CURVE('',#3066,#3065,#83,.T.);
#2745=EDGE_CURVE('',#3082,#3081,#84,.T.);
#2746=EDGE_CURVE('',#3098,#3097,#85,.T.);
#2747=EDGE_CURVE('',#3182,#3163,#602,.T.);
#2748=EDGE_CURVE('',#3181,#3164,#603,.T.);
#2749=EDGE_CURVE('',#3263,#3269,#604,.T.);
#2750=EDGE_CURVE('',#3269,#3270,#86,.F.);
#2751=EDGE_CURVE('',#3271,#3270,#605,.T.);
#2752=EDGE_CURVE('',#3245,#3271,#3419,.T.);
#2753=EDGE_CURVE('',#3272,#3226,#606,.T.);
#2754=EDGE_CURVE('',#3262,#3272,#607,.T.);
#2755=EDGE_CURVE('',#3271,#3273,#608,.T.);
#2756=EDGE_CURVE('',#3270,#3274,#609,.T.);
#2757=EDGE_CURVE('',#3273,#3274,#610,.T.);
#2758=EDGE_CURVE('',#3275,#3224,#611,.T.);
#2759=EDGE_CURVE('',#3265,#3275,#612,.T.);
#2760=EDGE_CURVE('',#2966,#3236,#613,.T.);
#2761=EDGE_CURVE('',#2972,#2959,#87,.T.);
#2762=EDGE_CURVE('',#3276,#2957,#614,.T.);
#2763=EDGE_CURVE('',#3267,#3276,#615,.T.);
#2764=EDGE_CURVE('',#3273,#3260,#3420,.T.);
#2765=EDGE_CURVE('',#3274,#3229,#88,.F.);
#2766=EDGE_CURVE('',#3180,#3277,#89,.T.);
#2767=EDGE_CURVE('',#3229,#3278,#90,.T.);
#2768=EDGE_CURVE('',#3277,#3278,#616,.F.);
#2769=EDGE_CURVE('',#3279,#3269,#91,.T.);
#2770=EDGE_CURVE('',#3165,#3269,#617,.T.);
#2771=EDGE_CURVE('',#3280,#3165,#92,.T.);
#2772=EDGE_CURVE('',#3279,#3280,#618,.F.);
#2773=EDGE_CURVE('',#2960,#2971,#93,.T.);
#2774=EDGE_CURVE('',#2970,#2961,#94,.F.);
#2775=EDGE_CURVE('',#3281,#3282,#619,.T.);
#2776=EDGE_CURVE('',#3282,#3283,#620,.T.);
#2777=EDGE_CURVE('',#3196,#3283,#621,.T.);
#2778=EDGE_CURVE('',#3195,#3284,#622,.T.);
#2779=EDGE_CURVE('',#3285,#3284,#3421,.F.);
#2780=EDGE_CURVE('',#3286,#3285,#623,.T.);
#2781=EDGE_CURVE('',#3287,#3286,#3422,.F.);
#2782=EDGE_CURVE('',#3287,#3288,#624,.T.);
#2783=EDGE_CURVE('',#3288,#3281,#625,.T.);
#2784=EDGE_CURVE('',#3289,#3290,#626,.T.);
#2785=EDGE_CURVE('',#3290,#3291,#3423,.F.);
#2786=EDGE_CURVE('',#3291,#3292,#627,.T.);
#2787=EDGE_CURVE('',#3292,#3293,#3424,.T.);
#2788=EDGE_CURVE('',#3281,#3293,#628,.T.);
#2789=EDGE_CURVE('',#3294,#3288,#629,.T.);
#2790=EDGE_CURVE('',#3295,#3294,#630,.T.);
#2791=EDGE_CURVE('',#3295,#3289,#3425,.F.);
#2792=EDGE_CURVE('',#3296,#3232,#631,.T.);
#2793=EDGE_CURVE('',#3232,#2994,#632,.F.);
#2794=EDGE_CURVE('',#3297,#3203,#633,.T.);
#2795=EDGE_CURVE('',#3297,#3298,#3426,.F.);
#2796=EDGE_CURVE('',#3298,#3299,#634,.T.);
#2797=EDGE_CURVE('',#3299,#3300,#3427,.F.);
#2798=EDGE_CURVE('',#3301,#3300,#635,.T.);
#2799=EDGE_CURVE('',#3296,#3301,#636,.T.);
#2800=EDGE_CURVE('',#3293,#3302,#637,.F.);
#2801=EDGE_CURVE('',#3302,#3303,#95,.F.);
#2802=EDGE_CURVE('',#3303,#3282,#638,.T.);
#2803=EDGE_CURVE('',#2987,#3276,#639,.T.);
#2804=EDGE_CURVE('',#2988,#3282,#640,.T.);
#2805=EDGE_CURVE('',#3303,#3304,#314,.T.);
#2806=EDGE_CURVE('',#3304,#3305,#641,.F.);
#2807=EDGE_CURVE('',#3305,#3306,#315,.F.);
#2808=EDGE_CURVE('',#3306,#3307,#642,.T.);
#2809=EDGE_CURVE('',#3307,#3308,#643,.T.);
#2810=EDGE_CURVE('',#3309,#3308,#644,.T.);
#2811=EDGE_CURVE('',#3166,#3309,#645,.T.);
#2812=EDGE_CURVE('',#2997,#3272,#646,.T.);
#2813=EDGE_CURVE('',#3046,#3275,#647,.T.);
#2814=EDGE_CURVE('',#3110,#3142,#648,.T.);
#2815=EDGE_CURVE('',#3109,#3143,#649,.T.);
#2816=EDGE_CURVE('',#3173,#3172,#96,.T.);
#2817=EDGE_CURVE('',#3174,#3171,#97,.F.);
#2818=EDGE_CURVE('',#3310,#3310,#98,.T.);
#2819=EDGE_CURVE('',#3311,#3169,#650,.T.);
#2820=EDGE_CURVE('',#3311,#3176,#99,.F.);
#2821=EDGE_CURVE('',#3175,#3170,#100,.F.);
#2822=EDGE_CURVE('',#3312,#3312,#101,.F.);
#2823=EDGE_CURVE('',#3313,#3314,#651,.T.);
#2824=EDGE_CURVE('',#3314,#2963,#102,.T.);
#2825=EDGE_CURVE('',#2969,#2962,#103,.F.);
#2826=EDGE_CURVE('',#2968,#3313,#104,.T.);
#2827=EDGE_CURVE('',#3280,#3277,#652,.F.);
#2828=EDGE_CURVE('',#3278,#3279,#653,.F.);
#2829=EDGE_CURVE('',#3307,#3315,#654,.T.);
#2830=EDGE_CURVE('',#3315,#3314,#655,.F.);
#2831=EDGE_CURVE('',#3313,#3311,#656,.T.);
#2832=EDGE_CURVE('',#3168,#3316,#657,.T.);
#2833=EDGE_CURVE('',#3316,#3308,#658,.T.);
#2834=EDGE_CURVE('',#3274,#3278,#105,.T.);
#2835=EDGE_CURVE('',#3279,#3270,#106,.T.);
#2836=EDGE_CURVE('',#3181,#3277,#107,.T.);
#2837=EDGE_CURVE('',#3280,#3164,#108,.T.);
#2838=EDGE_CURVE('',#3190,#3291,#3428,.F.);
#2839=EDGE_CURVE('',#3189,#3317,#659,.F.);
#2840=EDGE_CURVE('',#3317,#3318,#660,.T.);
#2841=EDGE_CURVE('',#3318,#3292,#661,.T.);
#2842=EDGE_CURVE('',#3306,#3319,#109,.T.);
#2843=EDGE_CURVE('',#3319,#3197,#662,.T.);
#2844=EDGE_CURVE('',#3283,#3315,#110,.T.);
#2845=EDGE_CURVE('',#3320,#3309,#663,.T.);
#2846=EDGE_CURVE('',#3167,#3320,#664,.T.);
#2847=EDGE_CURVE('',#3320,#3316,#665,.T.);
#2848=EDGE_CURVE('',#3321,#3322,#666,.T.);
#2849=EDGE_CURVE('',#3322,#3199,#3429,.F.);
#2850=EDGE_CURVE('',#3204,#3323,#667,.F.);
#2851=EDGE_CURVE('',#3323,#3324,#668,.F.);
#2852=EDGE_CURVE('',#3324,#3321,#669,.T.);
#2853=EDGE_CURVE('',#3325,#3326,#670,.T.);
#2854=EDGE_CURVE('',#3326,#3235,#671,.F.);
#2855=EDGE_CURVE('',#3234,#3325,#672,.T.);
#2856=EDGE_CURVE('',#3322,#3327,#3430,.F.);
#2857=EDGE_CURVE('',#3321,#3328,#3431,.F.);
#2858=EDGE_CURVE('',#3296,#3328,#673,.T.);
#2859=EDGE_CURVE('',#3301,#3329,#674,.T.);
#2860=EDGE_CURVE('',#3330,#3329,#675,.T.);
#2861=EDGE_CURVE('',#3331,#3330,#3432,.F.);
#2862=EDGE_CURVE('',#3327,#3331,#676,.T.);
#2863=EDGE_CURVE('',#3328,#3332,#677,.F.);
#2864=EDGE_CURVE('',#3332,#3233,#678,.F.);
#2865=EDGE_CURVE('',#3178,#3333,#679,.T.);
#2866=EDGE_CURVE('',#3333,#3230,#680,.T.);
#2867=EDGE_CURVE('',#3177,#3334,#681,.F.);
#2868=EDGE_CURVE('',#3333,#3334,#682,.T.);
#2869=EDGE_CURVE('',#3334,#3231,#111,.F.);
#2870=EDGE_CURVE('',#3335,#3329,#112,.T.);
#2871=EDGE_CURVE('',#3335,#3330,#316,.T.);
#2872=EDGE_CURVE('',#3335,#3300,#683,.F.);
#2873=EDGE_CURVE('',#3299,#3331,#684,.T.);
#2874=EDGE_CURVE('',#3198,#3327,#3433,.F.);
#2875=EDGE_CURVE('',#3298,#3200,#685,.T.);
#2876=EDGE_CURVE('',#3336,#3201,#317,.T.);
#2877=EDGE_CURVE('',#3336,#3202,#113,.T.);
#2878=EDGE_CURVE('',#3297,#3336,#686,.T.);
#2879=EDGE_CURVE('',#3284,#3337,#687,.T.);
#2880=EDGE_CURVE('',#3193,#3337,#318,.T.);
#2881=EDGE_CURVE('',#3285,#3192,#688,.T.);
#2882=EDGE_CURVE('',#3191,#3290,#3434,.F.);
#2883=EDGE_CURVE('',#3286,#3289,#689,.T.);
#2884=EDGE_CURVE('',#3295,#3338,#319,.T.);
#2885=EDGE_CURVE('',#3338,#3287,#690,.F.);
#2886=EDGE_CURVE('',#3194,#3337,#114,.T.);
#2887=EDGE_CURVE('',#3294,#3338,#115,.T.);
#2888=EDGE_CURVE('',#3339,#3339,#116,.T.);
#2889=EDGE_CURVE('',#3340,#3341,#320,.T.);
#2890=EDGE_CURVE('',#3341,#3342,#117,.F.);
#2891=EDGE_CURVE('',#3342,#3343,#321,.T.);
#2892=EDGE_CURVE('',#3343,#3340,#118,.F.);
#2893=EDGE_CURVE('',#3344,#3344,#119,.F.);
#2894=EDGE_CURVE('',#3345,#3346,#322,.T.);
#2895=EDGE_CURVE('',#3346,#3347,#120,.F.);
#2896=EDGE_CURVE('',#3347,#3348,#323,.T.);
#2897=EDGE_CURVE('',#3348,#3345,#121,.F.);
#2898=EDGE_CURVE('',#3345,#3173,#122,.T.);
#2899=EDGE_CURVE('',#3172,#3348,#123,.T.);
#2900=EDGE_CURVE('',#3155,#3347,#124,.T.);
#2901=EDGE_CURVE('',#3346,#3156,#125,.T.);
#2902=EDGE_CURVE('',#2959,#3343,#126,.T.);
#2903=EDGE_CURVE('',#3340,#2972,#127,.T.);
#2904=EDGE_CURVE('',#3341,#2971,#128,.T.);
#2905=EDGE_CURVE('',#2960,#3342,#129,.T.);
#2906=EDGE_CURVE('',#3264,#3127,#691,.T.);
#2907=EDGE_CURVE('',#3268,#3111,#692,.T.);
#2908=EDGE_CURVE('',#3214,#3213,#693,.T.);
#2909=EDGE_CURVE('',#3138,#3261,#694,.F.);
#2910=EDGE_CURVE('',#3250,#3349,#3435,.T.);
#2911=EDGE_CURVE('',#3208,#3217,#695,.T.);
#2912=EDGE_CURVE('',#3350,#3207,#3436,.T.);
#2913=EDGE_CURVE('',#3350,#3205,#696,.T.);
#2914=EDGE_CURVE('',#3251,#3349,#697,.T.);
#2915=EDGE_CURVE('',#3118,#3266,#698,.F.);
#2916=EDGE_CURVE('',#3221,#3220,#699,.T.);
#2917=EDGE_CURVE('',#3062,#3246,#700,.T.);
#2918=EDGE_CURVE('',#3035,#3041,#701,.T.);
#2919=EDGE_CURVE('',#3078,#3254,#702,.T.);
#2920=EDGE_CURVE('',#3021,#3015,#703,.T.);
#2921=EDGE_CURVE('',#3094,#3256,#704,.T.);
#2922=EDGE_CURVE('',#3212,#3058,#705,.T.);
#2923=EDGE_CURVE('',#3215,#3057,#706,.T.);
#2924=EDGE_CURVE('',#3216,#3074,#707,.T.);
#2925=EDGE_CURVE('',#3218,#3073,#708,.T.);
#2926=EDGE_CURVE('',#3219,#3090,#709,.T.);
#2927=EDGE_CURVE('',#3222,#3089,#710,.T.);
#2928=EDGE_CURVE('',#3350,#3206,#130,.T.);
#2929=EDGE_CURVE('',#3249,#3349,#131,.T.);
#2930=EDGE_CURVE('',#3351,#3351,#132,.T.);
#2931=EDGE_CURVE('',#3352,#3352,#133,.T.);
#2932=EDGE_CURVE('',#3353,#3353,#134,.T.);
#2933=EDGE_CURVE('',#3354,#3354,#135,.T.);
#2934=EDGE_CURVE('',#3319,#3317,#136,.T.);
#2935=EDGE_CURVE('',#3318,#3302,#137,.F.);
#2936=EDGE_CURVE('',#3355,#3356,#711,.F.);
#2937=EDGE_CURVE('',#3355,#3318,#138,.F.);
#2938=EDGE_CURVE('',#3317,#3356,#139,.T.);
#2939=EDGE_CURVE('',#3304,#3355,#140,.T.);
#2940=EDGE_CURVE('',#3356,#3305,#141,.F.);
#2941=EDGE_CURVE('',#3355,#3302,#142,.T.);
#2942=EDGE_CURVE('',#3319,#3356,#143,.T.);
#2943=EDGE_CURVE('',#3324,#3332,#144,.F.);
#2944=EDGE_CURVE('',#3323,#3326,#145,.F.);
#2945=EDGE_CURVE('',#3325,#3324,#146,.T.);
#2946=EDGE_CURVE('',#2991,#3323,#147,.T.);
#2947=EDGE_CURVE('',#3326,#2991,#148,.T.);
#2948=EDGE_CURVE('',#3332,#3325,#149,.T.);
#2949=EDGE_CURVE('',#3151,#3146,#150,.T.);
#2950=EDGE_CURVE('',#3153,#3150,#151,.T.);
#2951=EDGE_CURVE('',#3357,#3357,#152,.T.);
#2952=EDGE_CURVE('',#3358,#3358,#153,.T.);
#2953=EDGE_CURVE('',#3359,#3359,#154,.T.);
#2954=EDGE_CURVE('',#3360,#3360,#155,.T.);
#2955=EDGE_CURVE('',#3361,#3361,#156,.T.);
#2956=EDGE_CURVE('',#3362,#3362,#157,.T.);
#2957=VERTEX_POINT('',#5893);
#2958=VERTEX_POINT('',#5894);
#2959=VERTEX_POINT('',#5896);
#2960=VERTEX_POINT('',#5904);
#2961=VERTEX_POINT('',#5906);
#2962=VERTEX_POINT('',#5912);
#2963=VERTEX_POINT('',#5914);
#2964=VERTEX_POINT('',#5919);
#2965=VERTEX_POINT('',#5923);
#2966=VERTEX_POINT('',#5924);
#2967=VERTEX_POINT('',#5926);
#2968=VERTEX_POINT('',#5931);
#2969=VERTEX_POINT('',#5933);
#2970=VERTEX_POINT('',#5939);
#2971=VERTEX_POINT('',#5941);
#2972=VERTEX_POINT('',#5949);
#2973=VERTEX_POINT('',#5953);
#2974=VERTEX_POINT('',#5954);
#2975=VERTEX_POINT('',#5956);
#2976=VERTEX_POINT('',#5958);
#2977=VERTEX_POINT('',#5960);
#2978=VERTEX_POINT('',#5962);
#2979=VERTEX_POINT('',#5966);
#2980=VERTEX_POINT('',#5967);
#2981=VERTEX_POINT('',#5969);
#2982=VERTEX_POINT('',#5971);
#2983=VERTEX_POINT('',#5973);
#2984=VERTEX_POINT('',#5975);
#2985=VERTEX_POINT('',#5979);
#2986=VERTEX_POINT('',#5980);
#2987=VERTEX_POINT('',#5985);
#2988=VERTEX_POINT('',#5986);
#2989=VERTEX_POINT('',#5991);
#2990=VERTEX_POINT('',#5993);
#2991=VERTEX_POINT('',#5995);
#2992=VERTEX_POINT('',#5997);
#2993=VERTEX_POINT('',#5999);
#2994=VERTEX_POINT('',#6001);
#2995=VERTEX_POINT('',#6008);
#2996=VERTEX_POINT('',#6009);
#2997=VERTEX_POINT('',#6011);
#2998=VERTEX_POINT('',#6013);
#2999=VERTEX_POINT('',#6017);
#3000=VERTEX_POINT('',#6018);
#3001=VERTEX_POINT('',#6020);
#3002=VERTEX_POINT('',#6022);
#3003=VERTEX_POINT('',#6026);
#3004=VERTEX_POINT('',#6027);
#3005=VERTEX_POINT('',#6029);
#3006=VERTEX_POINT('',#6031);
#3007=VERTEX_POINT('',#6033);
#3008=VERTEX_POINT('',#6035);
#3009=VERTEX_POINT('',#6039);
#3010=VERTEX_POINT('',#6040);
#3011=VERTEX_POINT('',#6042);
#3012=VERTEX_POINT('',#6044);
#3013=VERTEX_POINT('',#6046);
#3014=VERTEX_POINT('',#6048);
#3015=VERTEX_POINT('',#6052);
#3016=VERTEX_POINT('',#6053);
#3017=VERTEX_POINT('',#6055);
#3018=VERTEX_POINT('',#6057);
#3019=VERTEX_POINT('',#6061);
#3020=VERTEX_POINT('',#6062);
#3021=VERTEX_POINT('',#6064);
#3022=VERTEX_POINT('',#6066);
#3023=VERTEX_POINT('',#6076);
#3024=VERTEX_POINT('',#6077);
#3025=VERTEX_POINT('',#6079);
#3026=VERTEX_POINT('',#6081);
#3027=VERTEX_POINT('',#6083);
#3028=VERTEX_POINT('',#6085);
#3029=VERTEX_POINT('',#6089);
#3030=VERTEX_POINT('',#6090);
#3031=VERTEX_POINT('',#6092);
#3032=VERTEX_POINT('',#6094);
#3033=VERTEX_POINT('',#6096);
#3034=VERTEX_POINT('',#6098);
#3035=VERTEX_POINT('',#6102);
#3036=VERTEX_POINT('',#6103);
#3037=VERTEX_POINT('',#6105);
#3038=VERTEX_POINT('',#6107);
#3039=VERTEX_POINT('',#6111);
#3040=VERTEX_POINT('',#6112);
#3041=VERTEX_POINT('',#6114);
#3042=VERTEX_POINT('',#6116);
#3043=VERTEX_POINT('',#6120);
#3044=VERTEX_POINT('',#6121);
#3045=VERTEX_POINT('',#6123);
#3046=VERTEX_POINT('',#6125);
#3047=VERTEX_POINT('',#6129);
#3048=VERTEX_POINT('',#6130);
#3049=VERTEX_POINT('',#6132);
#3050=VERTEX_POINT('',#6134);
#3051=VERTEX_POINT('',#6144);
#3052=VERTEX_POINT('',#6146);
#3053=VERTEX_POINT('',#6148);
#3054=VERTEX_POINT('',#6150);
#3055=VERTEX_POINT('',#6152);
#3056=VERTEX_POINT('',#6154);
#3057=VERTEX_POINT('',#6156);
#3058=VERTEX_POINT('',#6157);
#3059=VERTEX_POINT('',#6159);
#3060=VERTEX_POINT('',#6161);
#3061=VERTEX_POINT('',#6163);
#3062=VERTEX_POINT('',#6165);
#3063=VERTEX_POINT('',#6167);
#3064=VERTEX_POINT('',#6169);
#3065=VERTEX_POINT('',#6171);
#3066=VERTEX_POINT('',#6173);
#3067=VERTEX_POINT('',#6175);
#3068=VERTEX_POINT('',#6177);
#3069=VERTEX_POINT('',#6179);
#3070=VERTEX_POINT('',#6181);
#3071=VERTEX_POINT('',#6183);
#3072=VERTEX_POINT('',#6185);
#3073=VERTEX_POINT('',#6188);
#3074=VERTEX_POINT('',#6189);
#3075=VERTEX_POINT('',#6191);
#3076=VERTEX_POINT('',#6193);
#3077=VERTEX_POINT('',#6195);
#3078=VERTEX_POINT('',#6197);
#3079=VERTEX_POINT('',#6199);
#3080=VERTEX_POINT('',#6201);
#3081=VERTEX_POINT('',#6203);
#3082=VERTEX_POINT('',#6205);
#3083=VERTEX_POINT('',#6207);
#3084=VERTEX_POINT('',#6209);
#3085=VERTEX_POINT('',#6211);
#3086=VERTEX_POINT('',#6213);
#3087=VERTEX_POINT('',#6215);
#3088=VERTEX_POINT('',#6217);
#3089=VERTEX_POINT('',#6220);
#3090=VERTEX_POINT('',#6221);
#3091=VERTEX_POINT('',#6223);
#3092=VERTEX_POINT('',#6225);
#3093=VERTEX_POINT('',#6227);
#3094=VERTEX_POINT('',#6229);
#3095=VERTEX_POINT('',#6231);
#3096=VERTEX_POINT('',#6233);
#3097=VERTEX_POINT('',#6235);
#3098=VERTEX_POINT('',#6237);
#3099=VERTEX_POINT('',#6239);
#3100=VERTEX_POINT('',#6241);
#3101=VERTEX_POINT('',#6243);
#3102=VERTEX_POINT('',#6245);
#3103=VERTEX_POINT('',#6247);
#3104=VERTEX_POINT('',#6249);
#3105=VERTEX_POINT('',#6252);
#3106=VERTEX_POINT('',#6253);
#3107=VERTEX_POINT('',#6255);
#3108=VERTEX_POINT('',#6257);
#3109=VERTEX_POINT('',#6259);
#3110=VERTEX_POINT('',#6261);
#3111=VERTEX_POINT('',#6265);
#3112=VERTEX_POINT('',#6267);
#3113=VERTEX_POINT('',#6269);
#3114=VERTEX_POINT('',#6271);
#3115=VERTEX_POINT('',#6274);
#3116=VERTEX_POINT('',#6276);
#3117=VERTEX_POINT('',#6278);
#3118=VERTEX_POINT('',#6280);
#3119=VERTEX_POINT('',#6284);
#3120=VERTEX_POINT('',#6286);
#3121=VERTEX_POINT('',#6288);
#3122=VERTEX_POINT('',#6290);
#3123=VERTEX_POINT('',#6293);
#3124=VERTEX_POINT('',#6295);
#3125=VERTEX_POINT('',#6297);
#3126=VERTEX_POINT('',#6299);
#3127=VERTEX_POINT('',#6303);
#3128=VERTEX_POINT('',#6305);
#3129=VERTEX_POINT('',#6307);
#3130=VERTEX_POINT('',#6309);
#3131=VERTEX_POINT('',#6311);
#3132=VERTEX_POINT('',#6313);
#3133=VERTEX_POINT('',#6315);
#3134=VERTEX_POINT('',#6317);
#3135=VERTEX_POINT('',#6319);
#3136=VERTEX_POINT('',#6321);
#3137=VERTEX_POINT('',#6323);
#3138=VERTEX_POINT('',#6325);
#3139=VERTEX_POINT('',#6329);
#3140=VERTEX_POINT('',#6330);
#3141=VERTEX_POINT('',#6332);
#3142=VERTEX_POINT('',#6334);
#3143=VERTEX_POINT('',#6336);
#3144=VERTEX_POINT('',#6338);
#3145=VERTEX_POINT('',#6348);
#3146=VERTEX_POINT('',#6349);
#3147=VERTEX_POINT('',#6351);
#3148=VERTEX_POINT('',#6353);
#3149=VERTEX_POINT('',#6355);
#3150=VERTEX_POINT('',#6360);
#3151=VERTEX_POINT('',#6367);
#3152=VERTEX_POINT('',#6368);
#3153=VERTEX_POINT('',#6370);
#3154=VERTEX_POINT('',#6375);
#3155=VERTEX_POINT('',#6377);
#3156=VERTEX_POINT('',#6379);
#3157=VERTEX_POINT('',#6393);
#3158=VERTEX_POINT('',#6405);
#3159=VERTEX_POINT('',#6407);
#3160=VERTEX_POINT('',#6419);
#3161=VERTEX_POINT('',#6421);
#3162=VERTEX_POINT('',#6433);
#3163=VERTEX_POINT('',#6435);
#3164=VERTEX_POINT('',#6437);
#3165=VERTEX_POINT('',#6439);
#3166=VERTEX_POINT('',#6441);
#3167=VERTEX_POINT('',#6443);
#3168=VERTEX_POINT('',#6445);
#3169=VERTEX_POINT('',#6447);
#3170=VERTEX_POINT('',#6449);
#3171=VERTEX_POINT('',#6455);
#3172=VERTEX_POINT('',#6457);
#3173=VERTEX_POINT('',#6482);
#3174=VERTEX_POINT('',#6484);
#3175=VERTEX_POINT('',#6490);
#3176=VERTEX_POINT('',#6492);
#3177=VERTEX_POINT('',#6497);
#3178=VERTEX_POINT('',#6499);
#3179=VERTEX_POINT('',#6501);
#3180=VERTEX_POINT('',#6503);
#3181=VERTEX_POINT('',#6505);
#3182=VERTEX_POINT('',#6507);
#3183=VERTEX_POINT('',#6509);
#3184=VERTEX_POINT('',#6523);
#3185=VERTEX_POINT('',#6525);
#3186=VERTEX_POINT('',#6539);
#3187=VERTEX_POINT('',#6541);
#3188=VERTEX_POINT('',#6555);
#3189=VERTEX_POINT('',#6559);
#3190=VERTEX_POINT('',#6560);
#3191=VERTEX_POINT('',#6562);
#3192=VERTEX_POINT('',#6564);
#3193=VERTEX_POINT('',#6566);
#3194=VERTEX_POINT('',#6568);
#3195=VERTEX_POINT('',#6570);
#3196=VERTEX_POINT('',#6572);
#3197=VERTEX_POINT('',#6574);
#3198=VERTEX_POINT('',#6578);
#3199=VERTEX_POINT('',#6579);
#3200=VERTEX_POINT('',#6581);
#3201=VERTEX_POINT('',#6583);
#3202=VERTEX_POINT('',#6585);
#3203=VERTEX_POINT('',#6587);
#3204=VERTEX_POINT('',#6590);
#3205=VERTEX_POINT('',#6594);
#3206=VERTEX_POINT('',#6596);
#3207=VERTEX_POINT('',#6601);
#3208=VERTEX_POINT('',#6603);
#3209=VERTEX_POINT('',#6606);
#3210=VERTEX_POINT('',#6608);
#3211=VERTEX_POINT('',#6610);
#3212=VERTEX_POINT('',#6614);
#3213=VERTEX_POINT('',#6616);
#3214=VERTEX_POINT('',#6620);
#3215=VERTEX_POINT('',#6622);
#3216=VERTEX_POINT('',#6626);
#3217=VERTEX_POINT('',#6628);
#3218=VERTEX_POINT('',#6632);
#3219=VERTEX_POINT('',#6636);
#3220=VERTEX_POINT('',#6638);
#3221=VERTEX_POINT('',#6642);
#3222=VERTEX_POINT('',#6644);
#3223=VERTEX_POINT('',#6648);
#3224=VERTEX_POINT('',#6650);
#3225=VERTEX_POINT('',#6652);
#3226=VERTEX_POINT('',#6655);
#3227=VERTEX_POINT('',#6657);
#3228=VERTEX_POINT('',#6659);
#3229=VERTEX_POINT('',#6661);
#3230=VERTEX_POINT('',#6664);
#3231=VERTEX_POINT('',#6666);
#3232=VERTEX_POINT('',#6668);
#3233=VERTEX_POINT('',#6670);
#3234=VERTEX_POINT('',#6672);
#3235=VERTEX_POINT('',#6674);
#3236=VERTEX_POINT('',#6677);
#3237=VERTEX_POINT('',#6683);
#3238=VERTEX_POINT('',#6685);
#3239=VERTEX_POINT('',#6687);
#3240=VERTEX_POINT('',#6692);
#3241=VERTEX_POINT('',#6696);
#3242=VERTEX_POINT('',#6698);
#3243=VERTEX_POINT('',#6700);
#3244=VERTEX_POINT('',#6705);
#3245=VERTEX_POINT('',#6707);
#3246=VERTEX_POINT('',#6717);
#3247=VERTEX_POINT('',#6720);
#3248=VERTEX_POINT('',#6722);
#3249=VERTEX_POINT('',#6729);
#3250=VERTEX_POINT('',#6730);
#3251=VERTEX_POINT('',#6732);
#3252=VERTEX_POINT('',#6735);
#3253=VERTEX_POINT('',#6737);
#3254=VERTEX_POINT('',#6739);
#3255=VERTEX_POINT('',#6744);
#3256=VERTEX_POINT('',#6748);
#3257=VERTEX_POINT('',#6751);
#3258=VERTEX_POINT('',#6753);
#3259=VERTEX_POINT('',#6757);
#3260=VERTEX_POINT('',#6759);
#3261=VERTEX_POINT('',#6764);
#3262=VERTEX_POINT('',#6768);
#3263=VERTEX_POINT('',#6770);
#3264=VERTEX_POINT('',#6773);
#3265=VERTEX_POINT('',#6794);
#3266=VERTEX_POINT('',#6810);
#3267=VERTEX_POINT('',#6813);
#3268=VERTEX_POINT('',#6816);
#3269=VERTEX_POINT('',#6837);
#3270=VERTEX_POINT('',#6839);
#3271=VERTEX_POINT('',#6841);
#3272=VERTEX_POINT('',#6845);
#3273=VERTEX_POINT('',#6849);
#3274=VERTEX_POINT('',#6851);
#3275=VERTEX_POINT('',#6855);
#3276=VERTEX_POINT('',#6861);
#3277=VERTEX_POINT('',#6868);
#3278=VERTEX_POINT('',#6870);
#3279=VERTEX_POINT('',#6874);
#3280=VERTEX_POINT('',#6877);
#3281=VERTEX_POINT('',#6884);
#3282=VERTEX_POINT('',#6885);
#3283=VERTEX_POINT('',#6887);
#3284=VERTEX_POINT('',#6890);
#3285=VERTEX_POINT('',#6892);
#3286=VERTEX_POINT('',#6894);
#3287=VERTEX_POINT('',#6896);
#3288=VERTEX_POINT('',#6898);
#3289=VERTEX_POINT('',#6902);
#3290=VERTEX_POINT('',#6903);
#3291=VERTEX_POINT('',#6905);
#3292=VERTEX_POINT('',#6907);
#3293=VERTEX_POINT('',#6909);
#3294=VERTEX_POINT('',#6912);
#3295=VERTEX_POINT('',#6914);
#3296=VERTEX_POINT('',#6918);
#3297=VERTEX_POINT('',#6921);
#3298=VERTEX_POINT('',#6923);
#3299=VERTEX_POINT('',#6925);
#3300=VERTEX_POINT('',#6927);
#3301=VERTEX_POINT('',#6929);
#3302=VERTEX_POINT('',#6933);
#3303=VERTEX_POINT('',#6935);
#3304=VERTEX_POINT('',#6945);
#3305=VERTEX_POINT('',#6947);
#3306=VERTEX_POINT('',#6953);
#3307=VERTEX_POINT('',#6955);
#3308=VERTEX_POINT('',#6957);
#3309=VERTEX_POINT('',#6959);
#3310=VERTEX_POINT('',#6970);
#3311=VERTEX_POINT('',#6972);
#3312=VERTEX_POINT('',#6977);
#3313=VERTEX_POINT('',#6979);
#3314=VERTEX_POINT('',#6980);
#3315=VERTEX_POINT('',#6989);
#3316=VERTEX_POINT('',#6993);
#3317=VERTEX_POINT('',#7010);
#3318=VERTEX_POINT('',#7012);
#3319=VERTEX_POINT('',#7016);
#3320=VERTEX_POINT('',#7021);
#3321=VERTEX_POINT('',#7028);
#3322=VERTEX_POINT('',#7029);
#3323=VERTEX_POINT('',#7032);
#3324=VERTEX_POINT('',#7034);
#3325=VERTEX_POINT('',#7038);
#3326=VERTEX_POINT('',#7039);
#3327=VERTEX_POINT('',#7044);
#3328=VERTEX_POINT('',#7046);
#3329=VERTEX_POINT('',#7049);
#3330=VERTEX_POINT('',#7051);
#3331=VERTEX_POINT('',#7053);
#3332=VERTEX_POINT('',#7057);
#3333=VERTEX_POINT('',#7061);
#3334=VERTEX_POINT('',#7065);
#3335=VERTEX_POINT('',#7071);
#3336=VERTEX_POINT('',#7088);
#3337=VERTEX_POINT('',#7095);
#3338=VERTEX_POINT('',#7109);
#3339=VERTEX_POINT('',#7119);
#3340=VERTEX_POINT('',#7127);
#3341=VERTEX_POINT('',#7128);
#3342=VERTEX_POINT('',#7130);
#3343=VERTEX_POINT('',#7138);
#3344=VERTEX_POINT('',#7142);
#3345=VERTEX_POINT('',#7150);
#3346=VERTEX_POINT('',#7151);
#3347=VERTEX_POINT('',#7153);
#3348=VERTEX_POINT('',#7161);
#3349=VERTEX_POINT('',#7289);
#3350=VERTEX_POINT('',#7292);
#3351=VERTEX_POINT('',#7344);
#3352=VERTEX_POINT('',#7348);
#3353=VERTEX_POINT('',#7351);
#3354=VERTEX_POINT('',#7355);
#3355=VERTEX_POINT('',#7366);
#3356=VERTEX_POINT('',#7367);
#3357=VERTEX_POINT('',#7397);
#3358=VERTEX_POINT('',#7400);
#3359=VERTEX_POINT('',#7403);
#3360=VERTEX_POINT('',#7406);
#3361=VERTEX_POINT('',#7409);
#3362=VERTEX_POINT('',#7413);
#3363=ELLIPSE('',#4256,0.00699604955363554,0.006);
#3364=ELLIPSE('',#4258,0.00699604955363554,0.006);
#3365=ELLIPSE('',#4268,0.00699604955363554,0.006);
#3366=ELLIPSE('',#4269,0.00699604955363554,0.006);
#3367=ELLIPSE('',#4271,0.00699604955363554,0.006);
#3368=ELLIPSE('',#4272,0.00699604955363554,0.006);
#3369=ELLIPSE('',#4277,0.00923634900208408,0.00475);
#3370=ELLIPSE('',#4279,0.00923634900208409,0.00475);
#3371=ELLIPSE('',#4282,0.00923634900208408,0.00475);
#3372=ELLIPSE('',#4284,0.00923634900208409,0.00475);
#3373=ELLIPSE('',#4291,0.00923634900208289,0.00475);
#3374=ELLIPSE('',#4293,0.0092363490020829,0.00475);
#3375=ELLIPSE('',#4296,0.00923634900208289,0.00475);
#3376=ELLIPSE('',#4298,0.0092363490020829,0.00475);
#3377=ELLIPSE('',#4300,0.00699604955363554,0.006);
#3378=ELLIPSE('',#4301,0.00699604955363554,0.006);
#3379=ELLIPSE('',#4303,0.00699604955363554,0.006);
#3380=ELLIPSE('',#4304,0.00699604955363554,0.006);
#3381=ELLIPSE('',#4314,0.0119358430493504,0.00613827546702941);
#3382=ELLIPSE('',#4315,0.00923634900208407,0.00475);
#3383=ELLIPSE('',#4316,0.00923634900208407,0.00475);
#3384=ELLIPSE('',#4317,0.0126392144239045,0.0065);
#3385=ELLIPSE('',#4318,0.0119358430493489,0.00613827546702941);
#3386=ELLIPSE('',#4319,0.0092363490020829,0.00475);
#3387=ELLIPSE('',#4320,0.0092363490020829,0.00475);
#3388=ELLIPSE('',#4321,0.0126392144239029,0.0065);
#3389=ELLIPSE('',#4322,0.0119358430493504,0.00613827546702941);
#3390=ELLIPSE('',#4323,0.00923634900208409,0.00475);
#3391=ELLIPSE('',#4324,0.00923634900208409,0.00475);
#3392=ELLIPSE('',#4325,0.0126392144239045,0.0065);
#3393=ELLIPSE('',#4327,0.0126392144239045,0.0065);
#3394=ELLIPSE('',#4328,0.0119358430493504,0.00613827546702941);
#3395=ELLIPSE('',#4329,0.0126392144239029,0.0065);
#3396=ELLIPSE('',#4330,0.0119358430493489,0.00613827546702941);
#3397=ELLIPSE('',#4331,0.0126392144239045,0.0065);
#3398=ELLIPSE('',#4332,0.00923634900208407,0.00475);
#3399=ELLIPSE('',#4333,0.00923634900208407,0.00475);
#3400=ELLIPSE('',#4334,0.0119358430493504,0.00613827546702941);
#3401=ELLIPSE('',#4340,0.0116669671605273,0.006);
#3402=ELLIPSE('',#4341,0.0116669671605258,0.006);
#3403=ELLIPSE('',#4342,0.0116669671605068,0.006);
#3404=ELLIPSE('',#4343,0.0116669671605068,0.006);
#3405=ELLIPSE('',#4350,0.0116669671605068,0.006);
#3406=ELLIPSE('',#4351,0.0116669671605068,0.006);
#3407=ELLIPSE('',#4352,0.0116669671605258,0.006);
#3408=ELLIPSE('',#4353,0.0116669671605273,0.006);
#3409=ELLIPSE('',#4355,0.00215433786639005,0.00075);
#3410=ELLIPSE('',#4356,0.0435957441991341,0.006);
#3411=ELLIPSE('',#4357,0.003,0.0015);
#3412=ELLIPSE('',#4359,0.0022697295050334,0.00075);
#3413=ELLIPSE('',#4360,0.0435957441991703,0.006);
#3414=ELLIPSE('',#4361,0.003,0.0015);
#3415=ELLIPSE('',#4363,0.0126392144239029,0.0065);
#3416=ELLIPSE('',#4390,0.0119358430493489,0.00613827546702941);
#3417=ELLIPSE('',#4401,0.00699604955363554,0.006);
#3418=ELLIPSE('',#4402,0.00699604955363554,0.006);
#3419=ELLIPSE('',#4434,0.00699604955361593,0.006);
#3420=ELLIPSE('',#4441,0.00699604955361593,0.006);
#3421=ELLIPSE('',#4453,0.0159552171093947,0.006);
#3422=ELLIPSE('',#4454,0.0159552171093947,0.006);
#3423=ELLIPSE('',#4456,0.00215433786639005,0.00075);
#3424=ELLIPSE('',#4457,0.003,0.0015);
#3425=ELLIPSE('',#4458,0.0435957441991341,0.006);
#3426=ELLIPSE('',#4460,0.0159552171093901,0.006);
#3427=ELLIPSE('',#4461,0.0159552171093901,0.006);
#3428=ELLIPSE('',#4492,0.00461844322022442,0.00075);
#3429=ELLIPSE('',#4500,0.0041572298678167,0.00075);
#3430=ELLIPSE('',#4503,0.0022697295050334,0.00075);
#3431=ELLIPSE('',#4504,0.003,0.0015);
#3432=ELLIPSE('',#4505,0.0435957441991703,0.006);
#3433=ELLIPSE('',#4516,0.00377142364131437,0.00075);
#3434=ELLIPSE('',#4523,0.00345408114990415,0.00075);
#3435=ELLIPSE('',#4564,0.00145751032366913,0.00125);
#3436=ELLIPSE('',#4565,0.00145751032366913,0.00125);
#3437=EDGE_LOOP('',(#1100,#1101,#1102,#1103,#1104,#1105,#1106,#1107));
#3438=EDGE_LOOP('',(#1108,#1109,#1110,#1111,#1112,#1113,#1114,#1115));
#3439=EDGE_LOOP('',(#1116,#1117,#1118,#1119,#1120,#1121));
#3440=EDGE_LOOP('',(#1122,#1123,#1124,#1125,#1126,#1127));
#3441=EDGE_LOOP('',(#1128,#1129,#1130,#1131));
#3442=EDGE_LOOP('',(#1132,#1133,#1134,#1135));
#3443=EDGE_LOOP('',(#1136,#1137,#1138,#1139,#1140,#1141,#1142,#1143));
#3444=EDGE_LOOP('',(#1144,#1145,#1146,#1147));
#3445=EDGE_LOOP('',(#1148,#1149,#1150,#1151));
#3446=EDGE_LOOP('',(#1152,#1153,#1154,#1155));
#3447=EDGE_LOOP('',(#1156,#1157,#1158,#1159,#1160,#1161));
#3448=EDGE_LOOP('',(#1162,#1163,#1164,#1165,#1166,#1167));
#3449=EDGE_LOOP('',(#1168,#1169,#1170,#1171));
#3450=EDGE_LOOP('',(#1172,#1173,#1174,#1175));
#3451=EDGE_LOOP('',(#1176,#1177,#1178,#1179));
#3452=EDGE_LOOP('',(#1180,#1181,#1182,#1183));
#3453=EDGE_LOOP('',(#1184,#1185,#1186,#1187,#1188,#1189));
#3454=EDGE_LOOP('',(#1190,#1191,#1192,#1193,#1194,#1195));
#3455=EDGE_LOOP('',(#1196,#1197,#1198,#1199));
#3456=EDGE_LOOP('',(#1200,#1201,#1202,#1203));
#3457=EDGE_LOOP('',(#1204,#1205,#1206,#1207));
#3458=EDGE_LOOP('',(#1208,#1209,#1210,#1211));
#3459=EDGE_LOOP('',(#1212,#1213,#1214,#1215));
#3460=EDGE_LOOP('',(#1216,#1217,#1218,#1219));
#3461=EDGE_LOOP('',(#1220));
#3462=EDGE_LOOP('',(#1221));
#3463=EDGE_LOOP('',(#1222));
#3464=EDGE_LOOP('',(#1223));
#3465=EDGE_LOOP('',(#1224));
#3466=EDGE_LOOP('',(#1225));
#3467=EDGE_LOOP('',(#1226,#1227,#1228,#1229,#1230,#1231,#1232,#1233,#1234,
#1235,#1236,#1237,#1238,#1239,#1240,#1241));
#3468=EDGE_LOOP('',(#1242,#1243,#1244,#1245,#1246,#1247,#1248,#1249,#1250,
#1251,#1252,#1253,#1254,#1255,#1256,#1257));
#3469=EDGE_LOOP('',(#1258,#1259,#1260,#1261,#1262,#1263,#1264,#1265,#1266,
#1267,#1268,#1269,#1270,#1271,#1272,#1273));
#3470=EDGE_LOOP('',(#1274,#1275,#1276,#1277,#1278,#1279));
#3471=EDGE_LOOP('',(#1280,#1281,#1282,#1283,#1284,#1285,#1286,#1287,#1288,
#1289,#1290,#1291,#1292,#1293,#1294,#1295));
#3472=EDGE_LOOP('',(#1296,#1297,#1298,#1299,#1300,#1301,#1302,#1303,#1304,
#1305,#1306,#1307,#1308,#1309,#1310,#1311));
#3473=EDGE_LOOP('',(#1312,#1313,#1314,#1315,#1316,#1317,#1318,#1319,#1320,
#1321,#1322,#1323,#1324,#1325,#1326,#1327));
#3474=EDGE_LOOP('',(#1328,#1329,#1330,#1331,#1332,#1333));
#3475=EDGE_LOOP('',(#1334,#1335,#1336,#1337));
#3476=EDGE_LOOP('',(#1338,#1339,#1340,#1341,#1342,#1343));
#3477=EDGE_LOOP('',(#1344,#1345,#1346,#1347,#1348,#1349));
#3478=EDGE_LOOP('',(#1350,#1351,#1352,#1353,#1354,#1355,#1356,#1357,#1358,
#1359,#1360,#1361,#1362,#1363,#1364,#1365,#1366,#1367,#1368,#1369));
#3479=EDGE_LOOP('',(#1370,#1371,#1372,#1373,#1374,#1375,#1376,#1377,#1378,
#1379,#1380,#1381,#1382,#1383,#1384,#1385,#1386,#1387,#1388,#1389));
#3480=EDGE_LOOP('',(#1390,#1391,#1392,#1393,#1394,#1395,#1396,#1397,#1398));
#3481=EDGE_LOOP('',(#1399,#1400,#1401,#1402,#1403,#1404,#1405,#1406,#1407));
#3482=EDGE_LOOP('',(#1408,#1409,#1410,#1411,#1412,#1413,#1414,#1415,#1416,
#1417,#1418));
#3483=EDGE_LOOP('',(#1419,#1420,#1421,#1422));
#3484=EDGE_LOOP('',(#1423,#1424,#1425,#1426));
#3485=EDGE_LOOP('',(#1427,#1428,#1429,#1430));
#3486=EDGE_LOOP('',(#1431,#1432,#1433,#1434));
#3487=EDGE_LOOP('',(#1435,#1436,#1437,#1438));
#3488=EDGE_LOOP('',(#1439,#1440,#1441,#1442));
#3489=EDGE_LOOP('',(#1443,#1444,#1445,#1446,#1447,#1448,#1449,#1450,#1451,
#1452,#1453,#1454,#1455,#1456,#1457,#1458,#1459,#1460,#1461,#1462,#1463,
#1464));
#3490=EDGE_LOOP('',(#1465,#1466,#1467,#1468));
#3491=EDGE_LOOP('',(#1469,#1470,#1471,#1472,#1473,#1474,#1475,#1476));
#3492=EDGE_LOOP('',(#1477,#1478,#1479));
#3493=EDGE_LOOP('',(#1480,#1481,#1482,#1483,#1484,#1485,#1486,#1487));
#3494=EDGE_LOOP('',(#1488,#1489,#1490,#1491));
#3495=EDGE_LOOP('',(#1492,#1493,#1494,#1495));
#3496=EDGE_LOOP('',(#1496,#1497,#1498,#1499));
#3497=EDGE_LOOP('',(#1500,#1501,#1502,#1503,#1504,#1505,#1506,#1507));
#3498=EDGE_LOOP('',(#1508,#1509,#1510,#1511,#1512,#1513,#1514,#1515,#1516,
#1517,#1518));
#3499=EDGE_LOOP('',(#1519,#1520,#1521));
#3500=EDGE_LOOP('',(#1522,#1523,#1524,#1525,#1526,#1527,#1528,#1529));
#3501=EDGE_LOOP('',(#1530,#1531,#1532,#1533));
#3502=EDGE_LOOP('',(#1534,#1535,#1536,#1537,#1538,#1539,#1540,#1541,#1542,
#1543,#1544,#1545,#1546,#1547,#1548,#1549));
#3503=EDGE_LOOP('',(#1550,#1551,#1552));
#3504=EDGE_LOOP('',(#1553,#1554,#1555,#1556,#1557,#1558,#1559,#1560));
#3505=EDGE_LOOP('',(#1561,#1562,#1563,#1564,#1565,#1566,#1567,#1568));
#3506=EDGE_LOOP('',(#1569,#1570,#1571,#1572));
#3507=EDGE_LOOP('',(#1573,#1574,#1575,#1576,#1577,#1578,#1579,#1580,#1581,
#1582,#1583,#1584,#1585,#1586,#1587,#1588));
#3508=EDGE_LOOP('',(#1589,#1590,#1591));
#3509=EDGE_LOOP('',(#1592,#1593,#1594,#1595,#1596,#1597,#1598,#1599));
#3510=EDGE_LOOP('',(#1600,#1601,#1602,#1603));
#3511=EDGE_LOOP('',(#1604,#1605,#1606,#1607,#1608,#1609,#1610,#1611,#1612,
#1613,#1614,#1615,#1616,#1617,#1618,#1619));
#3512=EDGE_LOOP('',(#1620,#1621,#1622));
#3513=EDGE_LOOP('',(#1623,#1624,#1625,#1626));
#3514=EDGE_LOOP('',(#1627,#1628,#1629,#1630));
#3515=EDGE_LOOP('',(#1631,#1632));
#3516=EDGE_LOOP('',(#1633,#1634,#1635,#1636));
#3517=EDGE_LOOP('',(#1637,#1638));
#3518=EDGE_LOOP('',(#1639,#1640,#1641,#1642));
#3519=EDGE_LOOP('',(#1643,#1644));
#3520=EDGE_LOOP('',(#1645,#1646,#1647,#1648));
#3521=EDGE_LOOP('',(#1649,#1650,#1651,#1652,#1653,#1654));
#3522=EDGE_LOOP('',(#1655,#1656,#1657,#1658));
#3523=EDGE_LOOP('',(#1659,#1660,#1661,#1662));
#3524=EDGE_LOOP('',(#1663,#1664,#1665,#1666));
#3525=EDGE_LOOP('',(#1667,#1668,#1669,#1670,#1671,#1672,#1673,#1674));
#3526=EDGE_LOOP('',(#1675,#1676,#1677,#1678,#1679,#1680));
#3527=EDGE_LOOP('',(#1681,#1682,#1683,#1684));
#3528=EDGE_LOOP('',(#1685,#1686,#1687,#1688));
#3529=EDGE_LOOP('',(#1689,#1690,#1691,#1692));
#3530=EDGE_LOOP('',(#1693,#1694,#1695,#1696,#1697,#1698,#1699,#1700,#1701,
#1702));
#3531=EDGE_LOOP('',(#1703,#1704,#1705,#1706,#1707,#1708,#1709,#1710,#1711));
#3532=EDGE_LOOP('',(#1712,#1713,#1714,#1715,#1716,#1717,#1718,#1719,#1720,
#1721));
#3533=EDGE_LOOP('',(#1722,#1723,#1724,#1725,#1726));
#3534=EDGE_LOOP('',(#1727,#1728,#1729,#1730,#1731,#1732,#1733,#1734,#1735,
#1736,#1737,#1738,#1739,#1740,#1741,#1742,#1743,#1744,#1745,#1746,#1747,
#1748,#1749,#1750));
#3535=EDGE_LOOP('',(#1751,#1752,#1753,#1754));
#3536=EDGE_LOOP('',(#1755,#1756,#1757,#1758));
#3537=EDGE_LOOP('',(#1759));
#3538=EDGE_LOOP('',(#1760,#1761,#1762,#1763,#1764));
#3539=EDGE_LOOP('',(#1765));
#3540=EDGE_LOOP('',(#1766,#1767,#1768,#1769,#1770,#1771));
#3541=EDGE_LOOP('',(#1772,#1773,#1774,#1775));
#3542=EDGE_LOOP('',(#1776,#1777,#1778,#1779,#1780,#1781,#1782,#1783,#1784));
#3543=EDGE_LOOP('',(#1785,#1786,#1787,#1788));
#3544=EDGE_LOOP('',(#1789,#1790,#1791,#1792));
#3545=EDGE_LOOP('',(#1793,#1794,#1795,#1796));
#3546=EDGE_LOOP('',(#1797,#1798,#1799));
#3547=EDGE_LOOP('',(#1800,#1801,#1802));
#3548=EDGE_LOOP('',(#1803,#1804,#1805));
#3549=EDGE_LOOP('',(#1806,#1807,#1808));
#3550=EDGE_LOOP('',(#1809,#1810,#1811,#1812));
#3551=EDGE_LOOP('',(#1813,#1814,#1815,#1816,#1817,#1818));
#3552=EDGE_LOOP('',(#1819,#1820,#1821,#1822,#1823,#1824,#1825));
#3553=EDGE_LOOP('',(#1826,#1827,#1828,#1829));
#3554=EDGE_LOOP('',(#1830,#1831,#1832,#1833));
#3555=EDGE_LOOP('',(#1834,#1835,#1836,#1837));
#3556=EDGE_LOOP('',(#1838,#1839,#1840,#1841,#1842,#1843));
#3557=EDGE_LOOP('',(#1844,#1845,#1846,#1847));
#3558=EDGE_LOOP('',(#1848,#1849,#1850,#1851,#1852,#1853,#1854,#1855,#1856));
#3559=EDGE_LOOP('',(#1857,#1858,#1859,#1860,#1861));
#3560=EDGE_LOOP('',(#1862,#1863,#1864,#1865));
#3561=EDGE_LOOP('',(#1866,#1867,#1868,#1869));
#3562=EDGE_LOOP('',(#1870,#1871,#1872,#1873));
#3563=EDGE_LOOP('',(#1874,#1875,#1876));
#3564=EDGE_LOOP('',(#1877,#1878,#1879,#1880));
#3565=EDGE_LOOP('',(#1881,#1882,#1883,#1884,#1885));
#3566=EDGE_LOOP('',(#1886,#1887,#1888,#1889,#1890,#1891));
#3567=EDGE_LOOP('',(#1892,#1893,#1894));
#3568=EDGE_LOOP('',(#1895,#1896,#1897,#1898));
#3569=EDGE_LOOP('',(#1899,#1900,#1901,#1902,#1903));
#3570=EDGE_LOOP('',(#1904,#1905,#1906,#1907,#1908));
#3571=EDGE_LOOP('',(#1909,#1910,#1911,#1912,#1913,#1914));
#3572=EDGE_LOOP('',(#1915,#1916,#1917,#1918,#1919));
#3573=EDGE_LOOP('',(#1920,#1921,#1922,#1923));
#3574=EDGE_LOOP('',(#1924,#1925,#1926,#1927));
#3575=EDGE_LOOP('',(#1928,#1929,#1930));
#3576=EDGE_LOOP('',(#1931,#1932,#1933));
#3577=EDGE_LOOP('',(#1934));
#3578=EDGE_LOOP('',(#1935,#1936,#1937,#1938));
#3579=EDGE_LOOP('',(#1939));
#3580=EDGE_LOOP('',(#1940,#1941,#1942,#1943));
#3581=EDGE_LOOP('',(#1944,#1945,#1946,#1947));
#3582=EDGE_LOOP('',(#1948,#1949,#1950,#1951));
#3583=EDGE_LOOP('',(#1952,#1953,#1954,#1955));
#3584=EDGE_LOOP('',(#1956,#1957,#1958,#1959));
#3585=EDGE_LOOP('',(#1960,#1961,#1962,#1963));
#3586=EDGE_LOOP('',(#1964,#1965,#1966,#1967));
#3587=EDGE_LOOP('',(#1968,#1969,#1970,#1971));
#3588=EDGE_LOOP('',(#1972,#1973,#1974,#1975));
#3589=EDGE_LOOP('',(#1976));
#3590=EDGE_LOOP('',(#1977));
#3591=EDGE_LOOP('',(#1978));
#3592=EDGE_LOOP('',(#1979));
#3593=EDGE_LOOP('',(#1980,#1981,#1982,#1983));
#3594=EDGE_LOOP('',(#1984,#1985,#1986,#1987));
#3595=EDGE_LOOP('',(#1988,#1989,#1990));
#3596=EDGE_LOOP('',(#1991,#1992,#1993));
#3597=EDGE_LOOP('',(#1994,#1995,#1996,#1997));
#3598=EDGE_LOOP('',(#1998,#1999,#2000,#2001));
#3599=EDGE_LOOP('',(#2002,#2003,#2004,#2005));
#3600=EDGE_LOOP('',(#2006,#2007,#2008,#2009,#2010,#2011,#2012,#2013));
#3601=EDGE_LOOP('',(#2014,#2015,#2016));
#3602=EDGE_LOOP('',(#2017,#2018,#2019,#2020,#2021,#2022));
#3603=EDGE_LOOP('',(#2023,#2024,#2025,#2026,#2027,#2028,#2029,#2030,#2031,
#2032,#2033,#2034,#2035,#2036));
#3604=EDGE_LOOP('',(#2037,#2038,#2039));
#3605=EDGE_LOOP('',(#2040,#2041,#2042,#2043,#2044,#2045));
#3606=EDGE_LOOP('',(#2046,#2047,#2048,#2049));
#3607=EDGE_LOOP('',(#2050,#2051,#2052));
#3608=EDGE_LOOP('',(#2053,#2054,#2055,#2056,#2057,#2058,#2059,#2060));
#3609=EDGE_LOOP('',(#2061,#2062,#2063,#2064,#2065,#2066,#2067,#2068,#2069,
#2070,#2071,#2072));
#3610=EDGE_LOOP('',(#2073,#2074,#2075,#2076));
#3611=EDGE_LOOP('',(#2077,#2078,#2079));
#3612=EDGE_LOOP('',(#2080,#2081,#2082,#2083,#2084,#2085,#2086,#2087,#2088,
#2089,#2090,#2091));
#3613=EDGE_LOOP('',(#2092,#2093,#2094,#2095));
#3614=EDGE_LOOP('',(#2096,#2097,#2098));
#3615=EDGE_LOOP('',(#2099,#2100,#2101,#2102));
#3616=EDGE_LOOP('',(#2103,#2104,#2105,#2106));
#3617=EDGE_LOOP('',(#2107,#2108,#2109));
#3618=EDGE_LOOP('',(#2110,#2111,#2112));
#3619=EDGE_LOOP('',(#2113,#2114,#2115,#2116,#2117,#2118));
#3620=EDGE_LOOP('',(#2119,#2120,#2121,#2122));
#3621=EDGE_LOOP('',(#2123,#2124));
#3622=EDGE_LOOP('',(#2125,#2126,#2127,#2128));
#3623=EDGE_LOOP('',(#2129,#2130,#2131,#2132));
#3624=EDGE_LOOP('',(#2133,#2134,#2135));
#3625=EDGE_LOOP('',(#2136,#2137,#2138));
#3626=EDGE_LOOP('',(#2139,#2140,#2141,#2142,#2143,#2144));
#3627=EDGE_LOOP('',(#2145,#2146,#2147,#2148));
#3628=EDGE_LOOP('',(#2149,#2150,#2151,#2152));
#3629=EDGE_LOOP('',(#2153,#2154,#2155,#2156));
#3630=EDGE_LOOP('',(#2157,#2158,#2159));
#3631=EDGE_LOOP('',(#2160,#2161,#2162));
#3632=EDGE_LOOP('',(#2163,#2164,#2165,#2166,#2167,#2168));
#3633=EDGE_LOOP('',(#2169,#2170,#2171,#2172));
#3634=EDGE_LOOP('',(#2173,#2174,#2175));
#3635=EDGE_LOOP('',(#2176,#2177,#2178));
#3636=EDGE_LOOP('',(#2179));
#3637=EDGE_LOOP('',(#2180));
#3638=EDGE_LOOP('',(#2181,#2182,#2183));
#3639=EDGE_LOOP('',(#2184));
#3640=EDGE_LOOP('',(#2185));
#3641=EDGE_LOOP('',(#2186));
#3642=EDGE_LOOP('',(#2187));
#3643=EDGE_LOOP('',(#2188));
#3644=EDGE_LOOP('',(#2189,#2190,#2191));
#3645=EDGE_LOOP('',(#2192));
#3646=EDGE_LOOP('',(#2193));
#3647=EDGE_LOOP('',(#2194));
#3648=EDGE_LOOP('',(#2195));
#3649=EDGE_LOOP('',(#2196));
#3650=EDGE_LOOP('',(#2197));
#3651=EDGE_LOOP('',(#2198));
#3652=EDGE_LOOP('',(#2199,#2200,#2201,#2202));
#3653=EDGE_LOOP('',(#2203,#2204,#2205,#2206));
#3654=EDGE_LOOP('',(#2207,#2208,#2209,#2210));
#3655=EDGE_LOOP('',(#2211,#2212,#2213,#2214));
#3656=EDGE_LOOP('',(#2215,#2216,#2217,#2218));
#3657=EDGE_LOOP('',(#2219,#2220,#2221));
#3658=EDGE_LOOP('',(#2222,#2223,#2224,#2225));
#3659=EDGE_LOOP('',(#2226,#2227,#2228));
#3660=EDGE_LOOP('',(#2229,#2230,#2231,#2232));
#3661=EDGE_LOOP('',(#2233,#2234,#2235,#2236));
#3662=EDGE_LOOP('',(#2237,#2238,#2239,#2240));
#3663=EDGE_LOOP('',(#2241,#2242,#2243));
#3664=EDGE_LOOP('',(#2244,#2245,#2246,#2247));
#3665=EDGE_LOOP('',(#2248,#2249,#2250));
#3666=EDGE_LOOP('',(#2251,#2252,#2253,#2254));
#3667=EDGE_LOOP('',(#2255,#2256,#2257,#2258));
#3668=EDGE_LOOP('',(#2259));
#3669=EDGE_LOOP('',(#2260,#2261,#2262,#2263));
#3670=EDGE_LOOP('',(#2264));
#3671=EDGE_LOOP('',(#2265,#2266,#2267,#2268));
#3672=EDGE_LOOP('',(#2269,#2270,#2271,#2272));
#3673=EDGE_LOOP('',(#2273));
#3674=EDGE_LOOP('',(#2274,#2275,#2276,#2277));
#3675=EDGE_LOOP('',(#2278));
#3676=EDGE_LOOP('',(#2279));
#3677=EDGE_LOOP('',(#2280));
#3678=EDGE_LOOP('',(#2281));
#3679=EDGE_LOOP('',(#2282));
#3680=EDGE_LOOP('',(#2283));
#3681=EDGE_LOOP('',(#2284));
#3682=EDGE_LOOP('',(#2285));
#3683=EDGE_LOOP('',(#2286));
#3684=EDGE_LOOP('',(#2287,#2288,#2289,#2290,#2291,#2292,#2293,#2294));
#3685=EDGE_LOOP('',(#2295,#2296,#2297,#2298,#2299,#2300,#2301,#2302,#2303,
#2304));
#3686=EDGE_LOOP('',(#2305,#2306,#2307,#2308));
#3687=EDGE_LOOP('',(#2309,#2310,#2311,#2312));
#3688=EDGE_LOOP('',(#2313,#2314,#2315,#2316));
#3689=EDGE_LOOP('',(#2317,#2318,#2319,#2320));
#3690=EDGE_LOOP('',(#2321,#2322,#2323,#2324));
#3691=EDGE_LOOP('',(#2325,#2326,#2327,#2328));
#3692=EDGE_LOOP('',(#2329,#2330,#2331,#2332));
#3693=EDGE_LOOP('',(#2333,#2334,#2335,#2336,#2337));
#3694=FACE_BOUND('',#3437,.T.);
#3695=FACE_BOUND('',#3438,.T.);
#3696=FACE_BOUND('',#3439,.T.);
#3697=FACE_BOUND('',#3440,.T.);
#3698=FACE_BOUND('',#3441,.T.);
#3699=FACE_BOUND('',#3442,.T.);
#3700=FACE_BOUND('',#3443,.T.);
#3701=FACE_BOUND('',#3444,.T.);
#3702=FACE_BOUND('',#3445,.T.);
#3703=FACE_BOUND('',#3446,.T.);
#3704=FACE_BOUND('',#3447,.T.);
#3705=FACE_BOUND('',#3448,.T.);
#3706=FACE_BOUND('',#3449,.T.);
#3707=FACE_BOUND('',#3450,.T.);
#3708=FACE_BOUND('',#3451,.T.);
#3709=FACE_BOUND('',#3452,.T.);
#3710=FACE_BOUND('',#3453,.T.);
#3711=FACE_BOUND('',#3454,.T.);
#3712=FACE_BOUND('',#3455,.T.);
#3713=FACE_BOUND('',#3456,.T.);
#3714=FACE_BOUND('',#3457,.T.);
#3715=FACE_BOUND('',#3458,.T.);
#3716=FACE_BOUND('',#3459,.T.);
#3717=FACE_BOUND('',#3460,.T.);
#3718=FACE_BOUND('',#3461,.T.);
#3719=FACE_BOUND('',#3462,.T.);
#3720=FACE_BOUND('',#3463,.T.);
#3721=FACE_BOUND('',#3464,.T.);
#3722=FACE_BOUND('',#3465,.T.);
#3723=FACE_BOUND('',#3466,.T.);
#3724=FACE_BOUND('',#3467,.T.);
#3725=FACE_BOUND('',#3468,.T.);
#3726=FACE_BOUND('',#3469,.T.);
#3727=FACE_BOUND('',#3470,.T.);
#3728=FACE_BOUND('',#3471,.T.);
#3729=FACE_BOUND('',#3472,.T.);
#3730=FACE_BOUND('',#3473,.T.);
#3731=FACE_BOUND('',#3474,.T.);
#3732=FACE_BOUND('',#3475,.T.);
#3733=FACE_BOUND('',#3476,.T.);
#3734=FACE_BOUND('',#3477,.T.);
#3735=FACE_BOUND('',#3478,.T.);
#3736=FACE_BOUND('',#3479,.T.);
#3737=FACE_BOUND('',#3480,.T.);
#3738=FACE_BOUND('',#3481,.T.);
#3739=FACE_BOUND('',#3482,.T.);
#3740=FACE_BOUND('',#3483,.T.);
#3741=FACE_BOUND('',#3484,.T.);
#3742=FACE_BOUND('',#3485,.T.);
#3743=FACE_BOUND('',#3486,.T.);
#3744=FACE_BOUND('',#3487,.T.);
#3745=FACE_BOUND('',#3488,.T.);
#3746=FACE_BOUND('',#3489,.T.);
#3747=FACE_BOUND('',#3490,.T.);
#3748=FACE_BOUND('',#3491,.T.);
#3749=FACE_BOUND('',#3492,.T.);
#3750=FACE_BOUND('',#3493,.T.);
#3751=FACE_BOUND('',#3494,.T.);
#3752=FACE_BOUND('',#3495,.T.);
#3753=FACE_BOUND('',#3496,.T.);
#3754=FACE_BOUND('',#3497,.T.);
#3755=FACE_BOUND('',#3498,.T.);
#3756=FACE_BOUND('',#3499,.T.);
#3757=FACE_BOUND('',#3500,.T.);
#3758=FACE_BOUND('',#3501,.T.);
#3759=FACE_BOUND('',#3502,.T.);
#3760=FACE_BOUND('',#3503,.T.);
#3761=FACE_BOUND('',#3504,.T.);
#3762=FACE_BOUND('',#3505,.T.);
#3763=FACE_BOUND('',#3506,.T.);
#3764=FACE_BOUND('',#3507,.T.);
#3765=FACE_BOUND('',#3508,.T.);
#3766=FACE_BOUND('',#3509,.T.);
#3767=FACE_BOUND('',#3510,.T.);
#3768=FACE_BOUND('',#3511,.T.);
#3769=FACE_BOUND('',#3512,.T.);
#3770=FACE_BOUND('',#3513,.T.);
#3771=FACE_BOUND('',#3514,.T.);
#3772=FACE_BOUND('',#3515,.T.);
#3773=FACE_BOUND('',#3516,.T.);
#3774=FACE_BOUND('',#3517,.T.);
#3775=FACE_BOUND('',#3518,.T.);
#3776=FACE_BOUND('',#3519,.T.);
#3777=FACE_BOUND('',#3520,.T.);
#3778=FACE_BOUND('',#3521,.T.);
#3779=FACE_BOUND('',#3522,.T.);
#3780=FACE_BOUND('',#3523,.T.);
#3781=FACE_BOUND('',#3524,.T.);
#3782=FACE_BOUND('',#3525,.T.);
#3783=FACE_BOUND('',#3526,.T.);
#3784=FACE_BOUND('',#3527,.T.);
#3785=FACE_BOUND('',#3528,.T.);
#3786=FACE_BOUND('',#3529,.T.);
#3787=FACE_BOUND('',#3530,.T.);
#3788=FACE_BOUND('',#3531,.T.);
#3789=FACE_BOUND('',#3532,.T.);
#3790=FACE_BOUND('',#3533,.T.);
#3791=FACE_BOUND('',#3534,.T.);
#3792=FACE_BOUND('',#3535,.T.);
#3793=FACE_BOUND('',#3536,.T.);
#3794=FACE_BOUND('',#3537,.T.);
#3795=FACE_BOUND('',#3538,.T.);
#3796=FACE_BOUND('',#3539,.T.);
#3797=FACE_BOUND('',#3540,.T.);
#3798=FACE_BOUND('',#3541,.T.);
#3799=FACE_BOUND('',#3542,.T.);
#3800=FACE_BOUND('',#3543,.T.);
#3801=FACE_BOUND('',#3544,.T.);
#3802=FACE_BOUND('',#3545,.T.);
#3803=FACE_BOUND('',#3546,.T.);
#3804=FACE_BOUND('',#3547,.T.);
#3805=FACE_BOUND('',#3548,.T.);
#3806=FACE_BOUND('',#3549,.T.);
#3807=FACE_BOUND('',#3550,.T.);
#3808=FACE_BOUND('',#3551,.T.);
#3809=FACE_BOUND('',#3552,.T.);
#3810=FACE_BOUND('',#3553,.T.);
#3811=FACE_BOUND('',#3554,.T.);
#3812=FACE_BOUND('',#3555,.T.);
#3813=FACE_BOUND('',#3556,.T.);
#3814=FACE_BOUND('',#3557,.T.);
#3815=FACE_BOUND('',#3558,.T.);
#3816=FACE_BOUND('',#3559,.T.);
#3817=FACE_BOUND('',#3560,.T.);
#3818=FACE_BOUND('',#3561,.T.);
#3819=FACE_BOUND('',#3562,.T.);
#3820=FACE_BOUND('',#3563,.T.);
#3821=FACE_BOUND('',#3564,.T.);
#3822=FACE_BOUND('',#3565,.T.);
#3823=FACE_BOUND('',#3566,.T.);
#3824=FACE_BOUND('',#3567,.T.);
#3825=FACE_BOUND('',#3568,.T.);
#3826=FACE_BOUND('',#3569,.T.);
#3827=FACE_BOUND('',#3570,.T.);
#3828=FACE_BOUND('',#3571,.T.);
#3829=FACE_BOUND('',#3572,.T.);
#3830=FACE_BOUND('',#3573,.T.);
#3831=FACE_BOUND('',#3574,.T.);
#3832=FACE_BOUND('',#3575,.T.);
#3833=FACE_BOUND('',#3576,.T.);
#3834=FACE_BOUND('',#3577,.T.);
#3835=FACE_BOUND('',#3578,.T.);
#3836=FACE_BOUND('',#3579,.T.);
#3837=FACE_BOUND('',#3580,.T.);
#3838=FACE_BOUND('',#3581,.T.);
#3839=FACE_BOUND('',#3582,.T.);
#3840=FACE_BOUND('',#3583,.T.);
#3841=FACE_BOUND('',#3584,.T.);
#3842=FACE_BOUND('',#3585,.T.);
#3843=FACE_BOUND('',#3586,.T.);
#3844=FACE_BOUND('',#3587,.T.);
#3845=FACE_BOUND('',#3588,.T.);
#3846=FACE_BOUND('',#3589,.T.);
#3847=FACE_BOUND('',#3590,.T.);
#3848=FACE_BOUND('',#3591,.T.);
#3849=FACE_BOUND('',#3592,.T.);
#3850=FACE_BOUND('',#3593,.T.);
#3851=FACE_BOUND('',#3594,.T.);
#3852=FACE_BOUND('',#3595,.T.);
#3853=FACE_BOUND('',#3596,.T.);
#3854=FACE_BOUND('',#3597,.T.);
#3855=FACE_BOUND('',#3598,.T.);
#3856=FACE_BOUND('',#3599,.T.);
#3857=FACE_BOUND('',#3600,.T.);
#3858=FACE_BOUND('',#3601,.T.);
#3859=FACE_BOUND('',#3602,.T.);
#3860=FACE_BOUND('',#3603,.T.);
#3861=FACE_BOUND('',#3604,.T.);
#3862=FACE_BOUND('',#3605,.T.);
#3863=FACE_BOUND('',#3606,.T.);
#3864=FACE_BOUND('',#3607,.T.);
#3865=FACE_BOUND('',#3608,.T.);
#3866=FACE_BOUND('',#3609,.T.);
#3867=FACE_BOUND('',#3610,.T.);
#3868=FACE_BOUND('',#3611,.T.);
#3869=FACE_BOUND('',#3612,.T.);
#3870=FACE_BOUND('',#3613,.T.);
#3871=FACE_BOUND('',#3614,.T.);
#3872=FACE_BOUND('',#3615,.T.);
#3873=FACE_BOUND('',#3616,.T.);
#3874=FACE_BOUND('',#3617,.T.);
#3875=FACE_BOUND('',#3618,.T.);
#3876=FACE_BOUND('',#3619,.T.);
#3877=FACE_BOUND('',#3620,.T.);
#3878=FACE_BOUND('',#3621,.T.);
#3879=FACE_BOUND('',#3622,.T.);
#3880=FACE_BOUND('',#3623,.T.);
#3881=FACE_BOUND('',#3624,.T.);
#3882=FACE_BOUND('',#3625,.T.);
#3883=FACE_BOUND('',#3626,.T.);
#3884=FACE_BOUND('',#3627,.T.);
#3885=FACE_BOUND('',#3628,.T.);
#3886=FACE_BOUND('',#3629,.T.);
#3887=FACE_BOUND('',#3630,.T.);
#3888=FACE_BOUND('',#3631,.T.);
#3889=FACE_BOUND('',#3632,.T.);
#3890=FACE_BOUND('',#3633,.T.);
#3891=FACE_BOUND('',#3634,.T.);
#3892=FACE_BOUND('',#3635,.T.);
#3893=FACE_BOUND('',#3636,.T.);
#3894=FACE_BOUND('',#3637,.T.);
#3895=FACE_BOUND('',#3638,.T.);
#3896=FACE_BOUND('',#3639,.T.);
#3897=FACE_BOUND('',#3640,.T.);
#3898=FACE_BOUND('',#3641,.T.);
#3899=FACE_BOUND('',#3642,.T.);
#3900=FACE_BOUND('',#3643,.T.);
#3901=FACE_BOUND('',#3644,.T.);
#3902=FACE_BOUND('',#3645,.T.);
#3903=FACE_BOUND('',#3646,.T.);
#3904=FACE_BOUND('',#3647,.T.);
#3905=FACE_BOUND('',#3648,.T.);
#3906=FACE_BOUND('',#3649,.T.);
#3907=FACE_BOUND('',#3650,.T.);
#3908=FACE_BOUND('',#3651,.T.);
#3909=FACE_BOUND('',#3652,.T.);
#3910=FACE_BOUND('',#3653,.T.);
#3911=FACE_BOUND('',#3654,.T.);
#3912=FACE_BOUND('',#3655,.T.);
#3913=FACE_BOUND('',#3656,.T.);
#3914=FACE_BOUND('',#3657,.T.);
#3915=FACE_BOUND('',#3658,.T.);
#3916=FACE_BOUND('',#3659,.T.);
#3917=FACE_BOUND('',#3660,.T.);
#3918=FACE_BOUND('',#3661,.T.);
#3919=FACE_BOUND('',#3662,.T.);
#3920=FACE_BOUND('',#3663,.T.);
#3921=FACE_BOUND('',#3664,.T.);
#3922=FACE_BOUND('',#3665,.T.);
#3923=FACE_BOUND('',#3666,.T.);
#3924=FACE_BOUND('',#3667,.T.);
#3925=FACE_BOUND('',#3668,.T.);
#3926=FACE_BOUND('',#3669,.T.);
#3927=FACE_BOUND('',#3670,.T.);
#3928=FACE_BOUND('',#3671,.T.);
#3929=FACE_BOUND('',#3672,.T.);
#3930=FACE_BOUND('',#3673,.T.);
#3931=FACE_BOUND('',#3674,.T.);
#3932=FACE_BOUND('',#3675,.T.);
#3933=FACE_BOUND('',#3676,.T.);
#3934=FACE_BOUND('',#3677,.T.);
#3935=FACE_BOUND('',#3678,.T.);
#3936=FACE_BOUND('',#3679,.T.);
#3937=FACE_BOUND('',#3680,.T.);
#3938=FACE_BOUND('',#3681,.T.);
#3939=FACE_BOUND('',#3682,.T.);
#3940=FACE_BOUND('',#3683,.T.);
#3941=FACE_BOUND('',#3684,.T.);
#3942=FACE_BOUND('',#3685,.T.);
#3943=FACE_BOUND('',#3686,.T.);
#3944=FACE_BOUND('',#3687,.T.);
#3945=FACE_BOUND('',#3688,.T.);
#3946=FACE_BOUND('',#3689,.T.);
#3947=FACE_BOUND('',#3690,.T.);
#3948=FACE_BOUND('',#3691,.T.);
#3949=FACE_BOUND('',#3692,.T.);
#3950=FACE_BOUND('',#3693,.T.);
#3951=CYLINDRICAL_SURFACE('',#4255,0.006);
#3952=CYLINDRICAL_SURFACE('',#4257,0.006);
#3953=CYLINDRICAL_SURFACE('',#4267,0.006);
#3954=CYLINDRICAL_SURFACE('',#4270,0.006);
#3955=CYLINDRICAL_SURFACE('',#4275,0.00475);
#3956=CYLINDRICAL_SURFACE('',#4280,0.00475);
#3957=CYLINDRICAL_SURFACE('',#4289,0.00475);
#3958=CYLINDRICAL_SURFACE('',#4294,0.00475);
#3959=CYLINDRICAL_SURFACE('',#4299,0.006);
#3960=CYLINDRICAL_SURFACE('',#4302,0.006);
#3961=CYLINDRICAL_SURFACE('',#4339,0.006);
#3962=CYLINDRICAL_SURFACE('',#4347,0.006);
#3963=CYLINDRICAL_SURFACE('',#4362,0.0065);
#3964=CYLINDRICAL_SURFACE('',#4375,0.0065);
#3965=CYLINDRICAL_SURFACE('',#4378,0.0065);
#3966=CYLINDRICAL_SURFACE('',#4380,0.0065);
#3967=CYLINDRICAL_SURFACE('',#4386,0.00613827546702941);
#3968=CYLINDRICAL_SURFACE('',#4389,0.00613827546702941);
#3969=CYLINDRICAL_SURFACE('',#4393,0.00613827546702941);
#3970=CYLINDRICAL_SURFACE('',#4395,0.00613827546702941);
#3971=CYLINDRICAL_SURFACE('',#4420,0.00475);
#3972=CYLINDRICAL_SURFACE('',#4432,0.006);
#3973=CYLINDRICAL_SURFACE('',#4440,0.006);
#3974=CYLINDRICAL_SURFACE('',#4443,0.006);
#3975=CYLINDRICAL_SURFACE('',#4446,0.006);
#3976=CYLINDRICAL_SURFACE('',#4479,0.0075);
#3977=CYLINDRICAL_SURFACE('',#4480,0.0075);
#3978=CYLINDRICAL_SURFACE('',#4481,0.006);
#3979=CYLINDRICAL_SURFACE('',#4490,0.006);
#3980=CYLINDRICAL_SURFACE('',#4511,0.008);
#3981=CYLINDRICAL_SURFACE('',#4514,0.006);
#3982=CYLINDRICAL_SURFACE('',#4517,0.008);
#3983=CYLINDRICAL_SURFACE('',#4520,0.006);
#3984=CYLINDRICAL_SURFACE('',#4521,0.006);
#3985=CYLINDRICAL_SURFACE('',#4524,0.006);
#3986=CYLINDRICAL_SURFACE('',#4529,0.008);
#3987=CYLINDRICAL_SURFACE('',#4530,0.008);
#3988=CYLINDRICAL_SURFACE('',#4531,0.00275);
#3989=CYLINDRICAL_SURFACE('',#4535,0.00275);
#3990=CYLINDRICAL_SURFACE('',#4555,0.0065);
#3991=CYLINDRICAL_SURFACE('',#4556,0.0065);
#3992=CYLINDRICAL_SURFACE('',#4561,0.00613827546702941);
#3993=CYLINDRICAL_SURFACE('',#4566,0.00613827546702941);
#3994=CYLINDRICAL_SURFACE('',#4582,0.00475);
#3995=CYLINDRICAL_SURFACE('',#4589,0.00475);
#3996=CYLINDRICAL_SURFACE('',#4595,0.00475);
#3997=CYLINDRICAL_SURFACE('',#4600,0.00125);
#3998=CYLINDRICAL_SURFACE('',#4602,0.00125);
#3999=CYLINDRICAL_SURFACE('',#4603,0.00125);
#4000=CYLINDRICAL_SURFACE('',#4605,0.00125);
#4001=CYLINDRICAL_SURFACE('',#4607,0.00125);
#4002=CYLINDRICAL_SURFACE('',#4608,0.00125);
#4003=CYLINDRICAL_SURFACE('',#4614,0.0015);
#4004=CYLINDRICAL_SURFACE('',#4616,0.0015);
#4005=CYLINDRICAL_SURFACE('',#4618,0.0015);
#4006=CYLINDRICAL_SURFACE('',#4621,0.0015);
#4007=CYLINDRICAL_SURFACE('',#4630,0.0015);
#4008=CYLINDRICAL_SURFACE('',#4632,0.0015);
#4009=CYLINDRICAL_SURFACE('',#4635,0.0015);
#4010=CYLINDRICAL_SURFACE('',#4639,0.0015);
#4011=CYLINDRICAL_SURFACE('',#4642,0.0015);
#4012=CYLINDRICAL_SURFACE('',#4643,0.00075);
#4013=CYLINDRICAL_SURFACE('',#4650,0.00075);
#4014=CYLINDRICAL_SURFACE('',#4652,0.00075);
#4015=CYLINDRICAL_SURFACE('',#4656,0.00075);
#4016=CYLINDRICAL_SURFACE('',#4657,0.00075);
#4017=CYLINDRICAL_SURFACE('',#4660,0.00145);
#4018=CYLINDRICAL_SURFACE('',#4661,0.00145);
#4019=ADVANCED_FACE('',(#3694),#3951,.T.);
#4020=ADVANCED_FACE('',(#3695),#3952,.T.);
#4021=ADVANCED_FACE('',(#3696),#158,.F.);
#4022=ADVANCED_FACE('',(#3697),#159,.T.);
#4023=ADVANCED_FACE('',(#3698),#160,.T.);
#4024=ADVANCED_FACE('',(#3699),#161,.T.);
#4025=ADVANCED_FACE('',(#3700),#162,.T.);
#4026=ADVANCED_FACE('',(#3701),#163,.T.);
#4027=ADVANCED_FACE('',(#3702),#3953,.T.);
#4028=ADVANCED_FACE('',(#3703),#3954,.T.);
#4029=ADVANCED_FACE('',(#3704),#164,.F.);
#4030=ADVANCED_FACE('',(#3705),#165,.T.);
#4031=ADVANCED_FACE('',(#3706),#3955,.F.);
#4032=ADVANCED_FACE('',(#3707),#3956,.F.);
#4033=ADVANCED_FACE('',(#3708),#166,.T.);
#4034=ADVANCED_FACE('',(#3709),#167,.F.);
#4035=ADVANCED_FACE('',(#3710),#168,.F.);
#4036=ADVANCED_FACE('',(#3711),#169,.T.);
#4037=ADVANCED_FACE('',(#3712),#3957,.F.);
#4038=ADVANCED_FACE('',(#3713),#3958,.F.);
#4039=ADVANCED_FACE('',(#3714),#3959,.T.);
#4040=ADVANCED_FACE('',(#3715),#3960,.T.);
#4041=ADVANCED_FACE('',(#3716),#170,.T.);
#4042=ADVANCED_FACE('',(#3717),#171,.F.);
#4043=ADVANCED_FACE('',(#3718,#3719,#3720,#3721,#3722,#3723,#3724,#3725,
#3726,#3727),#172,.T.);
#4044=ADVANCED_FACE('',(#3728,#3729,#3730,#3731),#173,.F.);
#4045=ADVANCED_FACE('',(#3732),#174,.T.);
#4046=ADVANCED_FACE('',(#3733),#175,.F.);
#4047=ADVANCED_FACE('',(#3734),#176,.F.);
#4048=ADVANCED_FACE('',(#3735),#3961,.T.);
#4049=ADVANCED_FACE('',(#3736),#3962,.T.);
#4050=ADVANCED_FACE('',(#3737),#177,.T.);
#4051=ADVANCED_FACE('',(#3738),#178,.F.);
#4052=ADVANCED_FACE('',(#3739),#3963,.F.);
#4053=ADVANCED_FACE('',(#3740),#179,.F.);
#4054=ADVANCED_FACE('',(#3741),#180,.F.);
#4055=ADVANCED_FACE('',(#3742),#181,.F.);
#4056=ADVANCED_FACE('',(#3743),#182,.F.);
#4057=ADVANCED_FACE('',(#3744),#183,.F.);
#4058=ADVANCED_FACE('',(#3745),#184,.F.);
#4059=ADVANCED_FACE('',(#3746,#3747),#185,.F.);
#4060=ADVANCED_FACE('',(#3748),#3964,.F.);
#4061=ADVANCED_FACE('',(#3749),#3965,.F.);
#4062=ADVANCED_FACE('',(#3750),#3966,.F.);
#4063=ADVANCED_FACE('',(#3751),#186,.F.);
#4064=ADVANCED_FACE('',(#3752),#187,.F.);
#4065=ADVANCED_FACE('',(#3753),#188,.F.);
#4066=ADVANCED_FACE('',(#3754),#3967,.F.);
#4067=ADVANCED_FACE('',(#3755),#3968,.F.);
#4068=ADVANCED_FACE('',(#3756),#3969,.F.);
#4069=ADVANCED_FACE('',(#3757),#3970,.F.);
#4070=ADVANCED_FACE('',(#3758),#189,.T.);
#4071=ADVANCED_FACE('',(#3759),#190,.T.);
#4072=ADVANCED_FACE('',(#3760),#191,.T.);
#4073=ADVANCED_FACE('',(#3761),#192,.T.);
#4074=ADVANCED_FACE('',(#3762),#193,.T.);
#4075=ADVANCED_FACE('',(#3763),#194,.T.);
#4076=ADVANCED_FACE('',(#3764),#195,.T.);
#4077=ADVANCED_FACE('',(#3765),#196,.T.);
#4078=ADVANCED_FACE('',(#3766),#197,.T.);
#4079=ADVANCED_FACE('',(#3767),#198,.T.);
#4080=ADVANCED_FACE('',(#3768),#199,.T.);
#4081=ADVANCED_FACE('',(#3769),#200,.T.);
#4082=ADVANCED_FACE('',(#3770),#201,.F.);
#4083=ADVANCED_FACE('',(#3771),#3971,.F.);
#4084=ADVANCED_FACE('',(#3772),#202,.F.);
#4085=ADVANCED_FACE('',(#3773),#203,.F.);
#4086=ADVANCED_FACE('',(#3774),#204,.F.);
#4087=ADVANCED_FACE('',(#3775),#205,.F.);
#4088=ADVANCED_FACE('',(#3776),#206,.F.);
#4089=ADVANCED_FACE('',(#3777),#207,.F.);
#4090=ADVANCED_FACE('',(#3778),#3972,.T.);
#4091=ADVANCED_FACE('',(#3779),#208,.F.);
#4092=ADVANCED_FACE('',(#3780),#209,.F.);
#4093=ADVANCED_FACE('',(#3781),#210,.F.);
#4094=ADVANCED_FACE('',(#3782),#211,.F.);
#4095=ADVANCED_FACE('',(#3783),#3973,.T.);
#4096=ADVANCED_FACE('',(#3784),#3974,.T.);
#4097=ADVANCED_FACE('',(#3785),#3975,.T.);
#4098=ADVANCED_FACE('',(#3786),#212,.F.);
#4099=ADVANCED_FACE('',(#3787),#213,.F.);
#4100=ADVANCED_FACE('',(#3788),#214,.T.);
#4101=ADVANCED_FACE('',(#3789),#215,.T.);
#4102=ADVANCED_FACE('',(#3790),#216,.T.);
#4103=ADVANCED_FACE('',(#3791,#3792),#217,.F.);
#4104=ADVANCED_FACE('',(#3793),#218,.F.);
#4105=ADVANCED_FACE('',(#3794,#3795),#219,.F.);
#4106=ADVANCED_FACE('',(#3796,#3797),#220,.T.);
#4107=ADVANCED_FACE('',(#3798),#221,.T.);
#4108=ADVANCED_FACE('',(#3799),#222,.T.);
#4109=ADVANCED_FACE('',(#3800),#3976,.T.);
#4110=ADVANCED_FACE('',(#3801),#3977,.T.);
#4111=ADVANCED_FACE('',(#3802),#3978,.T.);
#4112=ADVANCED_FACE('',(#3803),#28,.T.);
#4113=ADVANCED_FACE('',(#3804),#29,.T.);
#4114=ADVANCED_FACE('',(#3805),#30,.T.);
#4115=ADVANCED_FACE('',(#3806),#31,.T.);
#4116=ADVANCED_FACE('',(#3807),#3979,.T.);
#4117=ADVANCED_FACE('',(#3808),#223,.F.);
#4118=ADVANCED_FACE('',(#3809),#224,.F.);
#4119=ADVANCED_FACE('',(#3810),#225,.F.);
#4120=ADVANCED_FACE('',(#3811),#226,.T.);
#4121=ADVANCED_FACE('',(#3812),#227,.F.);
#4122=ADVANCED_FACE('',(#3813),#228,.T.);
#4123=ADVANCED_FACE('',(#3814),#229,.T.);
#4124=ADVANCED_FACE('',(#3815),#230,.F.);
#4125=ADVANCED_FACE('',(#3816),#231,.F.);
#4126=ADVANCED_FACE('',(#3817),#232,.T.);
#4127=ADVANCED_FACE('',(#3818),#233,.T.);
#4128=ADVANCED_FACE('',(#3819),#234,.T.);
#4129=ADVANCED_FACE('',(#3820),#3980,.T.);
#4130=ADVANCED_FACE('',(#3821),#235,.F.);
#4131=ADVANCED_FACE('',(#3822),#3981,.F.);
#4132=ADVANCED_FACE('',(#3823),#236,.T.);
#4133=ADVANCED_FACE('',(#3824),#3982,.T.);
#4134=ADVANCED_FACE('',(#3825),#237,.F.);
#4135=ADVANCED_FACE('',(#3826),#3983,.F.);
#4136=ADVANCED_FACE('',(#3827),#3984,.F.);
#4137=ADVANCED_FACE('',(#3828),#238,.T.);
#4138=ADVANCED_FACE('',(#3829),#3985,.F.);
#4139=ADVANCED_FACE('',(#3830),#239,.F.);
#4140=ADVANCED_FACE('',(#3831),#240,.F.);
#4141=ADVANCED_FACE('',(#3832),#3986,.T.);
#4142=ADVANCED_FACE('',(#3833),#3987,.T.);
#4143=ADVANCED_FACE('',(#3834,#3835),#3988,.F.);
#4144=ADVANCED_FACE('',(#3836,#3837),#3989,.F.);
#4145=ADVANCED_FACE('',(#3838),#16,.T.);
#4146=ADVANCED_FACE('',(#3839),#12,.T.);
#4147=ADVANCED_FACE('',(#3840),#13,.T.);
#4148=ADVANCED_FACE('',(#3841),#17,.T.);
#4149=ADVANCED_FACE('',(#3842),#18,.T.);
#4150=ADVANCED_FACE('',(#3843),#14,.T.);
#4151=ADVANCED_FACE('',(#3844),#15,.T.);
#4152=ADVANCED_FACE('',(#3845),#19,.T.);
#4153=ADVANCED_FACE('',(#3846,#3847),#20,.T.);
#4154=ADVANCED_FACE('',(#3848,#3849),#21,.T.);
#4155=ADVANCED_FACE('',(#3850),#241,.F.);
#4156=ADVANCED_FACE('',(#3851),#242,.F.);
#4157=ADVANCED_FACE('',(#3852),#3990,.F.);
#4158=ADVANCED_FACE('',(#3853),#3991,.F.);
#4159=ADVANCED_FACE('',(#3854),#243,.F.);
#4160=ADVANCED_FACE('',(#3855),#244,.F.);
#4161=ADVANCED_FACE('',(#3856),#245,.F.);
#4162=ADVANCED_FACE('',(#3857),#246,.T.);
#4163=ADVANCED_FACE('',(#3858),#3992,.F.);
#4164=ADVANCED_FACE('',(#3859),#247,.T.);
#4165=ADVANCED_FACE('',(#3860),#248,.T.);
#4166=ADVANCED_FACE('',(#3861),#3993,.F.);
#4167=ADVANCED_FACE('',(#3862),#249,.T.);
#4168=ADVANCED_FACE('',(#3863),#250,.T.);
#4169=ADVANCED_FACE('',(#3864),#251,.T.);
#4170=ADVANCED_FACE('',(#3865),#252,.T.);
#4171=ADVANCED_FACE('',(#3866),#253,.T.);
#4172=ADVANCED_FACE('',(#3867),#254,.T.);
#4173=ADVANCED_FACE('',(#3868),#255,.T.);
#4174=ADVANCED_FACE('',(#3869),#256,.T.);
#4175=ADVANCED_FACE('',(#3870),#257,.T.);
#4176=ADVANCED_FACE('',(#3871),#258,.T.);
#4177=ADVANCED_FACE('',(#3872),#259,.F.);
#4178=ADVANCED_FACE('',(#3873),#260,.F.);
#4179=ADVANCED_FACE('',(#3874),#261,.F.);
#4180=ADVANCED_FACE('',(#3875),#262,.T.);
#4181=ADVANCED_FACE('',(#3876),#263,.F.);
#4182=ADVANCED_FACE('',(#3877),#3994,.F.);
#4183=ADVANCED_FACE('',(#3878),#264,.F.);
#4184=ADVANCED_FACE('',(#3879),#265,.F.);
#4185=ADVANCED_FACE('',(#3880),#266,.F.);
#4186=ADVANCED_FACE('',(#3881),#267,.F.);
#4187=ADVANCED_FACE('',(#3882),#268,.T.);
#4188=ADVANCED_FACE('',(#3883),#269,.F.);
#4189=ADVANCED_FACE('',(#3884),#3995,.F.);
#4190=ADVANCED_FACE('',(#3885),#270,.F.);
#4191=ADVANCED_FACE('',(#3886),#271,.F.);
#4192=ADVANCED_FACE('',(#3887),#272,.F.);
#4193=ADVANCED_FACE('',(#3888),#273,.T.);
#4194=ADVANCED_FACE('',(#3889),#274,.F.);
#4195=ADVANCED_FACE('',(#3890),#3996,.F.);
#4196=ADVANCED_FACE('',(#3891),#275,.F.);
#4197=ADVANCED_FACE('',(#3892),#276,.T.);
#4198=ADVANCED_FACE('',(#3893,#3894),#3997,.F.);
#4199=ADVANCED_FACE('',(#3895,#3896),#3998,.F.);
#4200=ADVANCED_FACE('',(#3897,#3898),#3999,.F.);
#4201=ADVANCED_FACE('',(#3899,#3900),#4000,.F.);
#4202=ADVANCED_FACE('',(#3901,#3902),#4001,.F.);
#4203=ADVANCED_FACE('',(#3903,#3904),#4002,.F.);
#4204=ADVANCED_FACE('',(#3905),#277,.T.);
#4205=ADVANCED_FACE('',(#3906),#278,.T.);
#4206=ADVANCED_FACE('',(#3907),#279,.F.);
#4207=ADVANCED_FACE('',(#3908),#280,.F.);
#4208=ADVANCED_FACE('',(#3909),#4003,.T.);
#4209=ADVANCED_FACE('',(#3910),#4004,.T.);
#4210=ADVANCED_FACE('',(#3911),#4005,.T.);
#4211=ADVANCED_FACE('',(#3912),#4006,.F.);
#4212=ADVANCED_FACE('',(#3913),#22,.T.);
#4213=ADVANCED_FACE('',(#3914),#32,.T.);
#4214=ADVANCED_FACE('',(#3915),#23,.T.);
#4215=ADVANCED_FACE('',(#3916),#33,.T.);
#4216=ADVANCED_FACE('',(#3917),#4007,.T.);
#4217=ADVANCED_FACE('',(#3918),#4008,.T.);
#4218=ADVANCED_FACE('',(#3919),#4009,.T.);
#4219=ADVANCED_FACE('',(#3920),#34,.T.);
#4220=ADVANCED_FACE('',(#3921),#4010,.T.);
#4221=ADVANCED_FACE('',(#3922),#35,.T.);
#4222=ADVANCED_FACE('',(#3923),#4011,.T.);
#4223=ADVANCED_FACE('',(#3924),#4012,.F.);
#4224=ADVANCED_FACE('',(#3925,#3926),#24,.F.);
#4225=ADVANCED_FACE('',(#3927,#3928),#25,.F.);
#4226=ADVANCED_FACE('',(#3929,#3930),#4013,.F.);
#4227=ADVANCED_FACE('',(#3931,#3932),#4014,.F.);
#4228=ADVANCED_FACE('',(#3933,#3934),#26,.F.);
#4229=ADVANCED_FACE('',(#3935,#3936),#4015,.F.);
#4230=ADVANCED_FACE('',(#3937,#3938),#4016,.F.);
#4231=ADVANCED_FACE('',(#3939,#3940),#27,.F.);
#4232=ADVANCED_FACE('',(#3941),#4017,.F.);
#4233=ADVANCED_FACE('',(#3942),#4018,.F.);
#4234=ADVANCED_FACE('',(#3943),#281,.F.);
#4235=ADVANCED_FACE('',(#3944),#282,.F.);
#4236=ADVANCED_FACE('',(#3945),#283,.F.);
#4237=ADVANCED_FACE('',(#3946),#284,.F.);
#4238=ADVANCED_FACE('',(#3947),#285,.F.);
#4239=ADVANCED_FACE('',(#3948),#286,.F.);
#4240=ADVANCED_FACE('',(#3949),#287,.F.);
#4241=ADVANCED_FACE('',(#3950),#288,.F.);
#4242=CLOSED_SHELL('',(#4019,#4020,#4021,#4022,#4023,#4024,#4025,#4026,
#4027,#4028,#4029,#4030,#4031,#4032,#4033,#4034,#4035,#4036,#4037,#4038,
#4039,#4040,#4041,#4042,#4043,#4044,#4045,#4046,#4047,#4048,#4049,#4050,
#4051,#4052,#4053,#4054,#4055,#4056,#4057,#4058,#4059,#4060,#4061,#4062,
#4063,#4064,#4065,#4066,#4067,#4068,#4069,#4070,#4071,#4072,#4073,#4074,
#4075,#4076,#4077,#4078,#4079,#4080,#4081,#4082,#4083,#4084,#4085,#4086,
#4087,#4088,#4089,#4090,#4091,#4092,#4093,#4094,#4095,#4096,#4097,#4098,
#4099,#4100,#4101,#4102,#4103,#4104,#4105,#4106,#4107,#4108,#4109,#4110,
#4111,#4112,#4113,#4114,#4115,#4116,#4117,#4118,#4119,#4120,#4121,#4122,
#4123,#4124,#4125,#4126,#4127,#4128,#4129,#4130,#4131,#4132,#4133,#4134,
#4135,#4136,#4137,#4138,#4139,#4140,#4141,#4142,#4143,#4144,#4145,#4146,
#4147,#4148,#4149,#4150,#4151,#4152,#4153,#4154,#4155,#4156,#4157,#4158,
#4159,#4160,#4161,#4162,#4163,#4164,#4165,#4166,#4167,#4168,#4169,#4170,
#4171,#4172,#4173,#4174,#4175,#4176,#4177,#4178,#4179,#4180,#4181,#4182,
#4183,#4184,#4185,#4186,#4187,#4188,#4189,#4190,#4191,#4192,#4193,#4194,
#4195,#4196,#4197,#4198,#4199,#4200,#4201,#4202,#4203,#4204,#4205,#4206,
#4207,#4208,#4209,#4210,#4211,#4212,#4213,#4214,#4215,#4216,#4217,#4218,
#4219,#4220,#4221,#4222,#4223,#4224,#4225,#4226,#4227,#4228,#4229,#4230,
#4231,#4232,#4233,#4234,#4235,#4236,#4237,#4238,#4239,#4240,#4241));
#4243=STYLED_ITEM('',(#4244),#4251);
#4244=PRESENTATION_STYLE_ASSIGNMENT((#4245));
#4245=SURFACE_STYLE_USAGE(.BOTH.,#4246);
#4246=SURFACE_SIDE_STYLE('',(#4247));
#4247=SURFACE_STYLE_FILL_AREA(#4248);
#4248=FILL_AREA_STYLE('',(#4249));
#4249=FILL_AREA_STYLE_COLOUR('',#4250);
#4250=COLOUR_RGB('',0.796078431372549,0.823529411764706,0.937254901960784);
#4251=MANIFOLD_SOLID_BREP('Base Bone 1.2_V02_ringfing',#4242);
#4252=SHAPE_DEFINITION_REPRESENTATION(#7431,#4253);
#4253=SHAPE_REPRESENTATION('Base Bone 1.2_V02_ringfing',(#4254),#7426);
#4254=AXIS2_PLACEMENT_3D('',#5890,#4670,#4671);
#4255=AXIS2_PLACEMENT_3D('',#5891,#4672,#4673);
#4256=AXIS2_PLACEMENT_3D('',#5892,#4674,#4675);
#4257=AXIS2_PLACEMENT_3D('',#5921,#4680,#4681);
#4258=AXIS2_PLACEMENT_3D('',#5922,#4682,#4683);
#4259=AXIS2_PLACEMENT_3D('',#5951,#4688,#4689);
#4260=AXIS2_PLACEMENT_3D('',#5964,#4696,#4697);
#4261=AXIS2_PLACEMENT_3D('',#5977,#4704,#4705);
#4262=AXIS2_PLACEMENT_3D('',#5983,#4709,#4710);
#4263=AXIS2_PLACEMENT_3D('',#5988,#4713,#4714);
#4264=AXIS2_PLACEMENT_3D('',#5989,#4715,#4716);
#4265=AXIS2_PLACEMENT_3D('',#6002,#4723,#4724);
#4266=AXIS2_PLACEMENT_3D('',#6003,#4725,#4726);
#4267=AXIS2_PLACEMENT_3D('',#6006,#4729,#4730);
#4268=AXIS2_PLACEMENT_3D('',#6007,#4731,#4732);
#4269=AXIS2_PLACEMENT_3D('',#6012,#4734,#4735);
#4270=AXIS2_PLACEMENT_3D('',#6015,#4737,#4738);
#4271=AXIS2_PLACEMENT_3D('',#6016,#4739,#4740);
#4272=AXIS2_PLACEMENT_3D('',#6021,#4742,#4743);
#4273=AXIS2_PLACEMENT_3D('',#6024,#4745,#4746);
#4274=AXIS2_PLACEMENT_3D('',#6037,#4753,#4754);
#4275=AXIS2_PLACEMENT_3D('',#6050,#4761,#4762);
#4276=AXIS2_PLACEMENT_3D('',#6051,#4763,#4764);
#4277=AXIS2_PLACEMENT_3D('',#6054,#4765,#4766);
#4278=AXIS2_PLACEMENT_3D('',#6056,#4767,#4768);
#4279=AXIS2_PLACEMENT_3D('',#6058,#4769,#4770);
#4280=AXIS2_PLACEMENT_3D('',#6059,#4771,#4772);
#4281=AXIS2_PLACEMENT_3D('',#6060,#4773,#4774);
#4282=AXIS2_PLACEMENT_3D('',#6063,#4775,#4776);
#4283=AXIS2_PLACEMENT_3D('',#6065,#4777,#4778);
#4284=AXIS2_PLACEMENT_3D('',#6067,#4779,#4780);
#4285=AXIS2_PLACEMENT_3D('',#6068,#4781,#4782);
#4286=AXIS2_PLACEMENT_3D('',#6071,#4785,#4786);
#4287=AXIS2_PLACEMENT_3D('',#6074,#4789,#4790);
#4288=AXIS2_PLACEMENT_3D('',#6087,#4797,#4798);
#4289=AXIS2_PLACEMENT_3D('',#6100,#4805,#4806);
#4290=AXIS2_PLACEMENT_3D('',#6101,#4807,#4808);
#4291=AXIS2_PLACEMENT_3D('',#6104,#4809,#4810);
#4292=AXIS2_PLACEMENT_3D('',#6106,#4811,#4812);
#4293=AXIS2_PLACEMENT_3D('',#6108,#4813,#4814);
#4294=AXIS2_PLACEMENT_3D('',#6109,#4815,#4816);
#4295=AXIS2_PLACEMENT_3D('',#6110,#4817,#4818);
#4296=AXIS2_PLACEMENT_3D('',#6113,#4819,#4820);
#4297=AXIS2_PLACEMENT_3D('',#6115,#4821,#4822);
#4298=AXIS2_PLACEMENT_3D('',#6117,#4823,#4824);
#4299=AXIS2_PLACEMENT_3D('',#6118,#4825,#4826);
#4300=AXIS2_PLACEMENT_3D('',#6122,#4828,#4829);
#4301=AXIS2_PLACEMENT_3D('',#6126,#4831,#4832);
#4302=AXIS2_PLACEMENT_3D('',#6127,#4833,#4834);
#4303=AXIS2_PLACEMENT_3D('',#6131,#4836,#4837);
#4304=AXIS2_PLACEMENT_3D('',#6135,#4839,#4840);
#4305=AXIS2_PLACEMENT_3D('',#6136,#4841,#4842);
#4306=AXIS2_PLACEMENT_3D('',#6139,#4845,#4846);
#4307=AXIS2_PLACEMENT_3D('',#6142,#4849,#4850);
#4308=AXIS2_PLACEMENT_3D('',#6143,#4851,#4852);
#4309=AXIS2_PLACEMENT_3D('',#6145,#4853,#4854);
#4310=AXIS2_PLACEMENT_3D('',#6147,#4855,#4856);
#4311=AXIS2_PLACEMENT_3D('',#6149,#4857,#4858);
#4312=AXIS2_PLACEMENT_3D('',#6151,#4859,#4860);
#4313=AXIS2_PLACEMENT_3D('',#6153,#4861,#4862);
#4314=AXIS2_PLACEMENT_3D('',#6162,#4866,#4867);
#4315=AXIS2_PLACEMENT_3D('',#6170,#4871,#4872);
#4316=AXIS2_PLACEMENT_3D('',#6174,#4874,#4875);
#4317=AXIS2_PLACEMENT_3D('',#6182,#4879,#4880);
#4318=AXIS2_PLACEMENT_3D('',#6194,#4886,#4887);
#4319=AXIS2_PLACEMENT_3D('',#6202,#4891,#4892);
#4320=AXIS2_PLACEMENT_3D('',#6206,#4894,#4895);
#4321=AXIS2_PLACEMENT_3D('',#6214,#4899,#4900);
#4322=AXIS2_PLACEMENT_3D('',#6226,#4906,#4907);
#4323=AXIS2_PLACEMENT_3D('',#6234,#4911,#4912);
#4324=AXIS2_PLACEMENT_3D('',#6238,#4914,#4915);
#4325=AXIS2_PLACEMENT_3D('',#6246,#4919,#4920);
#4326=AXIS2_PLACEMENT_3D('',#6263,#4929,#4930);
#4327=AXIS2_PLACEMENT_3D('',#6266,#4932,#4933);
#4328=AXIS2_PLACEMENT_3D('',#6279,#4940,#4941);
#4329=AXIS2_PLACEMENT_3D('',#6285,#4945,#4946);
#4330=AXIS2_PLACEMENT_3D('',#6298,#4953,#4954);
#4331=AXIS2_PLACEMENT_3D('',#6304,#4958,#4959);
#4332=AXIS2_PLACEMENT_3D('',#6312,#4963,#4964);
#4333=AXIS2_PLACEMENT_3D('',#6316,#4966,#4967);
#4334=AXIS2_PLACEMENT_3D('',#6324,#4971,#4972);
#4335=AXIS2_PLACEMENT_3D('',#6340,#4981,#4982);
#4336=AXIS2_PLACEMENT_3D('',#6343,#4985,#4986);
#4337=AXIS2_PLACEMENT_3D('',#6362,#4991,#4992);
#4338=AXIS2_PLACEMENT_3D('',#6378,#4995,#4996);
#4339=AXIS2_PLACEMENT_3D('',#6381,#4998,#4999);
#4340=AXIS2_PLACEMENT_3D('',#6392,#5000,#5001);
#4341=AXIS2_PLACEMENT_3D('',#6406,#5002,#5003);
#4342=AXIS2_PLACEMENT_3D('',#6420,#5004,#5005);
#4343=AXIS2_PLACEMENT_3D('',#6434,#5006,#5007);
#4344=AXIS2_PLACEMENT_3D('',#6438,#5009,#5010);
#4345=AXIS2_PLACEMENT_3D('',#6442,#5012,#5013);
#4346=AXIS2_PLACEMENT_3D('',#6446,#5015,#5016);
#4347=AXIS2_PLACEMENT_3D('',#6465,#5019,#5020);
#4348=AXIS2_PLACEMENT_3D('',#6500,#5024,#5025);
#4349=AXIS2_PLACEMENT_3D('',#6504,#5027,#5028);
#4350=AXIS2_PLACEMENT_3D('',#6508,#5030,#5031);
#4351=AXIS2_PLACEMENT_3D('',#6524,#5032,#5033);
#4352=AXIS2_PLACEMENT_3D('',#6540,#5034,#5035);
#4353=AXIS2_PLACEMENT_3D('',#6556,#5036,#5037);
#4354=AXIS2_PLACEMENT_3D('',#6557,#5038,#5039);
#4355=AXIS2_PLACEMENT_3D('',#6561,#5041,#5042);
#4356=AXIS2_PLACEMENT_3D('',#6565,#5044,#5045);
#4357=AXIS2_PLACEMENT_3D('',#6575,#5050,#5051);
#4358=AXIS2_PLACEMENT_3D('',#6576,#5052,#5053);
#4359=AXIS2_PLACEMENT_3D('',#6577,#5054,#5055);
#4360=AXIS2_PLACEMENT_3D('',#6582,#5057,#5058);
#4361=AXIS2_PLACEMENT_3D('',#6589,#5062,#5063);
#4362=AXIS2_PLACEMENT_3D('',#6592,#5065,#5066);
#4363=AXIS2_PLACEMENT_3D('',#6595,#5068,#5069);
#4364=AXIS2_PLACEMENT_3D('',#6605,#5072,#5073);
#4365=AXIS2_PLACEMENT_3D('',#6609,#5075,#5076);
#4366=AXIS2_PLACEMENT_3D('',#6612,#5078,#5079);
#4367=AXIS2_PLACEMENT_3D('',#6618,#5083,#5084);
#4368=AXIS2_PLACEMENT_3D('',#6624,#5088,#5089);
#4369=AXIS2_PLACEMENT_3D('',#6630,#5093,#5094);
#4370=AXIS2_PLACEMENT_3D('',#6634,#5097,#5098);
#4371=AXIS2_PLACEMENT_3D('',#6640,#5102,#5103);
#4372=AXIS2_PLACEMENT_3D('',#6646,#5107,#5108);
#4373=AXIS2_PLACEMENT_3D('',#6671,#5122,#5123);
#4374=AXIS2_PLACEMENT_3D('',#6675,#5125,#5126);
#4375=AXIS2_PLACEMENT_3D('',#6681,#5131,#5132);
#4376=AXIS2_PLACEMENT_3D('',#6682,#5133,#5134);
#4377=AXIS2_PLACEMENT_3D('',#6686,#5136,#5137);
#4378=AXIS2_PLACEMENT_3D('',#6690,#5140,#5141);
#4379=AXIS2_PLACEMENT_3D('',#6693,#5143,#5144);
#4380=AXIS2_PLACEMENT_3D('',#6694,#5145,#5146);
#4381=AXIS2_PLACEMENT_3D('',#6695,#5147,#5148);
#4382=AXIS2_PLACEMENT_3D('',#6699,#5150,#5151);
#4383=AXIS2_PLACEMENT_3D('',#6703,#5154,#5155);
#4384=AXIS2_PLACEMENT_3D('',#6709,#5159,#5160);
#4385=AXIS2_PLACEMENT_3D('',#6712,#5163,#5164);
#4386=AXIS2_PLACEMENT_3D('',#6715,#5167,#5168);
#4387=AXIS2_PLACEMENT_3D('',#6716,#5169,#5170);
#4388=AXIS2_PLACEMENT_3D('',#6721,#5173,#5174);
#4389=AXIS2_PLACEMENT_3D('',#6724,#5176,#5177);
#4390=AXIS2_PLACEMENT_3D('',#6731,#5178,#5179);
#4391=AXIS2_PLACEMENT_3D('',#6736,#5182,#5183);
#4392=AXIS2_PLACEMENT_3D('',#6740,#5185,#5186);
#4393=AXIS2_PLACEMENT_3D('',#6742,#5188,#5189);
#4394=AXIS2_PLACEMENT_3D('',#6743,#5190,#5191);
#4395=AXIS2_PLACEMENT_3D('',#6746,#5193,#5194);
#4396=AXIS2_PLACEMENT_3D('',#6747,#5195,#5196);
#4397=AXIS2_PLACEMENT_3D('',#6752,#5199,#5200);
#4398=AXIS2_PLACEMENT_3D('',#6755,#5202,#5203);
#4399=AXIS2_PLACEMENT_3D('',#6761,#5207,#5208);
#4400=AXIS2_PLACEMENT_3D('',#6765,#5211,#5212);
#4401=AXIS2_PLACEMENT_3D('',#6766,#5213,#5214);
#4402=AXIS2_PLACEMENT_3D('',#6771,#5217,#5218);
#4403=AXIS2_PLACEMENT_3D('',#6772,#5219,#5220);
#4404=AXIS2_PLACEMENT_3D('',#6775,#5222,#5223);
#4405=AXIS2_PLACEMENT_3D('',#6777,#5225,#5226);
#4406=AXIS2_PLACEMENT_3D('',#6781,#5230,#5231);
#4407=AXIS2_PLACEMENT_3D('',#6782,#5232,#5233);
#4408=AXIS2_PLACEMENT_3D('',#6786,#5237,#5238);
#4409=AXIS2_PLACEMENT_3D('',#6787,#5239,#5240);
#4410=AXIS2_PLACEMENT_3D('',#6790,#5243,#5244);
#4411=AXIS2_PLACEMENT_3D('',#6797,#5250,#5251);
#4412=AXIS2_PLACEMENT_3D('',#6799,#5253,#5254);
#4413=AXIS2_PLACEMENT_3D('',#6803,#5258,#5259);
#4414=AXIS2_PLACEMENT_3D('',#6804,#5260,#5261);
#4415=AXIS2_PLACEMENT_3D('',#6807,#5264,#5265);
#4416=AXIS2_PLACEMENT_3D('',#6811,#5268,#5269);
#4417=AXIS2_PLACEMENT_3D('',#6815,#5272,#5273);
#4418=AXIS2_PLACEMENT_3D('',#6818,#5275,#5276);
#4419=AXIS2_PLACEMENT_3D('',#6820,#5278,#5279);
#4420=AXIS2_PLACEMENT_3D('',#6821,#5280,#5281);
#4421=AXIS2_PLACEMENT_3D('',#6822,#5282,#5283);
#4422=AXIS2_PLACEMENT_3D('',#6823,#5284,#5285);
#4423=AXIS2_PLACEMENT_3D('',#6824,#5286,#5287);
#4424=AXIS2_PLACEMENT_3D('',#6825,#5288,#5289);
#4425=AXIS2_PLACEMENT_3D('',#6826,#5290,#5291);
#4426=AXIS2_PLACEMENT_3D('',#6827,#5292,#5293);
#4427=AXIS2_PLACEMENT_3D('',#6828,#5294,#5295);
#4428=AXIS2_PLACEMENT_3D('',#6829,#5296,#5297);
#4429=AXIS2_PLACEMENT_3D('',#6830,#5298,#5299);
#4430=AXIS2_PLACEMENT_3D('',#6831,#5300,#5301);
#4431=AXIS2_PLACEMENT_3D('',#6832,#5302,#5303);
#4432=AXIS2_PLACEMENT_3D('',#6835,#5306,#5307);
#4433=AXIS2_PLACEMENT_3D('',#6838,#5309,#5310);
#4434=AXIS2_PLACEMENT_3D('',#6842,#5312,#5313);
#4435=AXIS2_PLACEMENT_3D('',#6843,#5314,#5315);
#4436=AXIS2_PLACEMENT_3D('',#6847,#5318,#5319);
#4437=AXIS2_PLACEMENT_3D('',#6853,#5323,#5324);
#4438=AXIS2_PLACEMENT_3D('',#6857,#5327,#5328);
#4439=AXIS2_PLACEMENT_3D('',#6859,#5330,#5331);
#4440=AXIS2_PLACEMENT_3D('',#6863,#5334,#5335);
#4441=AXIS2_PLACEMENT_3D('',#6864,#5336,#5337);
#4442=AXIS2_PLACEMENT_3D('',#6865,#5338,#5339);
#4443=AXIS2_PLACEMENT_3D('',#6866,#5340,#5341);
#4444=AXIS2_PLACEMENT_3D('',#6867,#5342,#5343);
#4445=AXIS2_PLACEMENT_3D('',#6869,#5344,#5345);
#4446=AXIS2_PLACEMENT_3D('',#6872,#5347,#5348);
#4447=AXIS2_PLACEMENT_3D('',#6873,#5349,#5350);
#4448=AXIS2_PLACEMENT_3D('',#6876,#5352,#5353);
#4449=AXIS2_PLACEMENT_3D('',#6879,#5355,#5356);
#4450=AXIS2_PLACEMENT_3D('',#6880,#5357,#5358);
#4451=AXIS2_PLACEMENT_3D('',#6881,#5359,#5360);
#4452=AXIS2_PLACEMENT_3D('',#6882,#5361,#5362);
#4453=AXIS2_PLACEMENT_3D('',#6891,#5367,#5368);
#4454=AXIS2_PLACEMENT_3D('',#6895,#5370,#5371);
#4455=AXIS2_PLACEMENT_3D('',#6900,#5374,#5375);
#4456=AXIS2_PLACEMENT_3D('',#6904,#5377,#5378);
#4457=AXIS2_PLACEMENT_3D('',#6908,#5380,#5381);
#4458=AXIS2_PLACEMENT_3D('',#6915,#5385,#5386);
#4459=AXIS2_PLACEMENT_3D('',#6916,#5387,#5388);
#4460=AXIS2_PLACEMENT_3D('',#6922,#5392,#5393);
#4461=AXIS2_PLACEMENT_3D('',#6926,#5395,#5396);
#4462=AXIS2_PLACEMENT_3D('',#6931,#5399,#5400);
#4463=AXIS2_PLACEMENT_3D('',#6934,#5402,#5403);
#4464=AXIS2_PLACEMENT_3D('',#6937,#5405,#5406);
#4465=AXIS2_PLACEMENT_3D('',#6965,#5418,#5419);
#4466=AXIS2_PLACEMENT_3D('',#6966,#5420,#5421);
#4467=AXIS2_PLACEMENT_3D('',#6967,#5422,#5423);
#4468=AXIS2_PLACEMENT_3D('',#6968,#5424,#5425);
#4469=AXIS2_PLACEMENT_3D('',#6969,#5426,#5427);
#4470=AXIS2_PLACEMENT_3D('',#6973,#5429,#5430);
#4471=AXIS2_PLACEMENT_3D('',#6974,#5431,#5432);
#4472=AXIS2_PLACEMENT_3D('',#6975,#5433,#5434);
#4473=AXIS2_PLACEMENT_3D('',#6976,#5435,#5436);
#4474=AXIS2_PLACEMENT_3D('',#6981,#5438,#5439);
#4475=AXIS2_PLACEMENT_3D('',#6982,#5440,#5441);
#4476=AXIS2_PLACEMENT_3D('',#6983,#5442,#5443);
#4477=AXIS2_PLACEMENT_3D('',#6984,#5444,#5445);
#4478=AXIS2_PLACEMENT_3D('',#6987,#5448,#5449);
#4479=AXIS2_PLACEMENT_3D('',#6995,#5455,#5456);
#4480=AXIS2_PLACEMENT_3D('',#6996,#5457,#5458);
#4481=AXIS2_PLACEMENT_3D('',#6997,#5459,#5460);
#4482=AXIS2_PLACEMENT_3D('',#6998,#5461,#5462);
#4483=AXIS2_PLACEMENT_3D('',#6999,#5463,#5464);
#4484=AXIS2_PLACEMENT_3D('',#7000,#5465,#5466);
#4485=AXIS2_PLACEMENT_3D('',#7001,#5467,#5468);
#4486=AXIS2_PLACEMENT_3D('',#7002,#5469,#5470);
#4487=AXIS2_PLACEMENT_3D('',#7003,#5471,#5472);
#4488=AXIS2_PLACEMENT_3D('',#7004,#5473,#5474);
#4489=AXIS2_PLACEMENT_3D('',#7005,#5475,#5476);
#4490=AXIS2_PLACEMENT_3D('',#7006,#5477,#5478);
#4491=AXIS2_PLACEMENT_3D('',#7007,#5479,#5480);
#4492=AXIS2_PLACEMENT_3D('',#7008,#5481,#5482);
#4493=AXIS2_PLACEMENT_3D('',#7014,#5486,#5487);
#4494=AXIS2_PLACEMENT_3D('',#7015,#5488,#5489);
#4495=AXIS2_PLACEMENT_3D('',#7018,#5491,#5492);
#4496=AXIS2_PLACEMENT_3D('',#7019,#5493,#5494);
#4497=AXIS2_PLACEMENT_3D('',#7023,#5497,#5498);
#4498=AXIS2_PLACEMENT_3D('',#7025,#5500,#5501);
#4499=AXIS2_PLACEMENT_3D('',#7026,#5502,#5503);
#4500=AXIS2_PLACEMENT_3D('',#7030,#5505,#5506);
#4501=AXIS2_PLACEMENT_3D('',#7036,#5510,#5511);
#4502=AXIS2_PLACEMENT_3D('',#7042,#5515,#5516);
#4503=AXIS2_PLACEMENT_3D('',#7043,#5517,#5518);
#4504=AXIS2_PLACEMENT_3D('',#7045,#5519,#5520);
#4505=AXIS2_PLACEMENT_3D('',#7052,#5524,#5525);
#4506=AXIS2_PLACEMENT_3D('',#7055,#5527,#5528);
#4507=AXIS2_PLACEMENT_3D('',#7059,#5531,#5532);
#4508=AXIS2_PLACEMENT_3D('',#7063,#5535,#5536);
#4509=AXIS2_PLACEMENT_3D('',#7067,#5539,#5540);
#4510=AXIS2_PLACEMENT_3D('',#7068,#5541,#5542);
#4511=AXIS2_PLACEMENT_3D('',#7069,#5543,#5544);
#4512=AXIS2_PLACEMENT_3D('',#7070,#5545,#5546);
#4513=AXIS2_PLACEMENT_3D('',#7076,#5547,#5548);
#4514=AXIS2_PLACEMENT_3D('',#7078,#5550,#5551);
#4515=AXIS2_PLACEMENT_3D('',#7080,#5553,#5554);
#4516=AXIS2_PLACEMENT_3D('',#7081,#5555,#5556);
#4517=AXIS2_PLACEMENT_3D('',#7083,#5558,#5559);
#4518=AXIS2_PLACEMENT_3D('',#7089,#5560,#5561);
#4519=AXIS2_PLACEMENT_3D('',#7090,#5562,#5563);
#4520=AXIS2_PLACEMENT_3D('',#7092,#5565,#5566);
#4521=AXIS2_PLACEMENT_3D('',#7093,#5567,#5568);
#4522=AXIS2_PLACEMENT_3D('',#7101,#5571,#5572);
#4523=AXIS2_PLACEMENT_3D('',#7102,#5573,#5574);
#4524=AXIS2_PLACEMENT_3D('',#7104,#5576,#5577);
#4525=AXIS2_PLACEMENT_3D('',#7111,#5579,#5580);
#4526=AXIS2_PLACEMENT_3D('',#7112,#5581,#5582);
#4527=AXIS2_PLACEMENT_3D('',#7113,#5583,#5584);
#4528=AXIS2_PLACEMENT_3D('',#7114,#5585,#5586);
#4529=AXIS2_PLACEMENT_3D('',#7115,#5587,#5588);
#4530=AXIS2_PLACEMENT_3D('',#7116,#5589,#5590);
#4531=AXIS2_PLACEMENT_3D('',#7117,#5591,#5592);
#4532=AXIS2_PLACEMENT_3D('',#7118,#5593,#5594);
#4533=AXIS2_PLACEMENT_3D('',#7129,#5595,#5596);
#4534=AXIS2_PLACEMENT_3D('',#7139,#5597,#5598);
#4535=AXIS2_PLACEMENT_3D('',#7140,#5599,#5600);
#4536=AXIS2_PLACEMENT_3D('',#7141,#5601,#5602);
#4537=AXIS2_PLACEMENT_3D('',#7152,#5603,#5604);
#4538=AXIS2_PLACEMENT_3D('',#7162,#5605,#5606);
#4539=AXIS2_PLACEMENT_3D('',#7163,#5607,#5608);
#4540=AXIS2_PLACEMENT_3D('',#7164,#5609,#5610);
#4541=AXIS2_PLACEMENT_3D('',#7165,#5611,#5612);
#4542=AXIS2_PLACEMENT_3D('',#7190,#5613,#5614);
#4543=AXIS2_PLACEMENT_3D('',#7215,#5615,#5616);
#4544=AXIS2_PLACEMENT_3D('',#7216,#5617,#5618);
#4545=AXIS2_PLACEMENT_3D('',#7217,#5619,#5620);
#4546=AXIS2_PLACEMENT_3D('',#7218,#5621,#5622);
#4547=AXIS2_PLACEMENT_3D('',#7219,#5623,#5624);
#4548=AXIS2_PLACEMENT_3D('',#7244,#5625,#5626);
#4549=AXIS2_PLACEMENT_3D('',#7269,#5627,#5628);
#4550=AXIS2_PLACEMENT_3D('',#7270,#5629,#5630);
#4551=AXIS2_PLACEMENT_3D('',#7271,#5631,#5632);
#4552=AXIS2_PLACEMENT_3D('',#7272,#5633,#5634);
#4553=AXIS2_PLACEMENT_3D('',#7273,#5635,#5636);
#4554=AXIS2_PLACEMENT_3D('',#7274,#5637,#5638);
#4555=AXIS2_PLACEMENT_3D('',#7275,#5639,#5640);
#4556=AXIS2_PLACEMENT_3D('',#7277,#5642,#5643);
#4557=AXIS2_PLACEMENT_3D('',#7279,#5645,#5646);
#4558=AXIS2_PLACEMENT_3D('',#7280,#5647,#5648);
#4559=AXIS2_PLACEMENT_3D('',#7281,#5649,#5650);
#4560=AXIS2_PLACEMENT_3D('',#7282,#5651,#5652);
#4561=AXIS2_PLACEMENT_3D('',#7284,#5654,#5655);
#4562=AXIS2_PLACEMENT_3D('',#7286,#5657,#5658);
#4563=AXIS2_PLACEMENT_3D('',#7287,#5659,#5660);
#4564=AXIS2_PLACEMENT_3D('',#7288,#5661,#5662);
#4565=AXIS2_PLACEMENT_3D('',#7291,#5664,#5665);
#4566=AXIS2_PLACEMENT_3D('',#7295,#5668,#5669);
#4567=AXIS2_PLACEMENT_3D('',#7297,#5671,#5672);
#4568=AXIS2_PLACEMENT_3D('',#7299,#5674,#5675);
#4569=AXIS2_PLACEMENT_3D('',#7301,#5677,#5678);
#4570=AXIS2_PLACEMENT_3D('',#7302,#5679,#5680);
#4571=AXIS2_PLACEMENT_3D('',#7303,#5681,#5682);
#4572=AXIS2_PLACEMENT_3D('',#7305,#5684,#5685);
#4573=AXIS2_PLACEMENT_3D('',#7307,#5687,#5688);
#4574=AXIS2_PLACEMENT_3D('',#7308,#5689,#5690);
#4575=AXIS2_PLACEMENT_3D('',#7310,#5692,#5693);
#4576=AXIS2_PLACEMENT_3D('',#7312,#5695,#5696);
#4577=AXIS2_PLACEMENT_3D('',#7313,#5697,#5698);
#4578=AXIS2_PLACEMENT_3D('',#7314,#5699,#5700);
#4579=AXIS2_PLACEMENT_3D('',#7315,#5701,#5702);
#4580=AXIS2_PLACEMENT_3D('',#7317,#5704,#5705);
#4581=AXIS2_PLACEMENT_3D('',#7319,#5707,#5708);
#4582=AXIS2_PLACEMENT_3D('',#7320,#5709,#5710);
#4583=AXIS2_PLACEMENT_3D('',#7321,#5711,#5712);
#4584=AXIS2_PLACEMENT_3D('',#7322,#5713,#5714);
#4585=AXIS2_PLACEMENT_3D('',#7323,#5715,#5716);
#4586=AXIS2_PLACEMENT_3D('',#7324,#5717,#5718);
#4587=AXIS2_PLACEMENT_3D('',#7326,#5720,#5721);
#4588=AXIS2_PLACEMENT_3D('',#7328,#5723,#5724);
#4589=AXIS2_PLACEMENT_3D('',#7329,#5725,#5726);
#4590=AXIS2_PLACEMENT_3D('',#7330,#5727,#5728);
#4591=AXIS2_PLACEMENT_3D('',#7331,#5729,#5730);
#4592=AXIS2_PLACEMENT_3D('',#7332,#5731,#5732);
#4593=AXIS2_PLACEMENT_3D('',#7334,#5734,#5735);
#4594=AXIS2_PLACEMENT_3D('',#7336,#5737,#5738);
#4595=AXIS2_PLACEMENT_3D('',#7337,#5739,#5740);
#4596=AXIS2_PLACEMENT_3D('',#7338,#5741,#5742);
#4597=AXIS2_PLACEMENT_3D('',#7339,#5743,#5744);
#4598=AXIS2_PLACEMENT_3D('',#7340,#5745,#5746);
#4599=AXIS2_PLACEMENT_3D('',#7341,#5747,#5748);
#4600=AXIS2_PLACEMENT_3D('',#7342,#5749,#5750);
#4601=AXIS2_PLACEMENT_3D('',#7343,#5751,#5752);
#4602=AXIS2_PLACEMENT_3D('',#7345,#5753,#5754);
#4603=AXIS2_PLACEMENT_3D('',#7346,#5755,#5756);
#4604=AXIS2_PLACEMENT_3D('',#7347,#5757,#5758);
#4605=AXIS2_PLACEMENT_3D('',#7349,#5759,#5760);
#4606=AXIS2_PLACEMENT_3D('',#7350,#5761,#5762);
#4607=AXIS2_PLACEMENT_3D('',#7352,#5763,#5764);
#4608=AXIS2_PLACEMENT_3D('',#7353,#5765,#5766);
#4609=AXIS2_PLACEMENT_3D('',#7354,#5767,#5768);
#4610=AXIS2_PLACEMENT_3D('',#7356,#5769,#5770);
#4611=AXIS2_PLACEMENT_3D('',#7357,#5771,#5772);
#4612=AXIS2_PLACEMENT_3D('',#7358,#5773,#5774);
#4613=AXIS2_PLACEMENT_3D('',#7359,#5775,#5776);
#4614=AXIS2_PLACEMENT_3D('',#7360,#5777,#5778);
#4615=AXIS2_PLACEMENT_3D('',#7361,#5779,#5780);
#4616=AXIS2_PLACEMENT_3D('',#7362,#5781,#5782);
#4617=AXIS2_PLACEMENT_3D('',#7363,#5783,#5784);
#4618=AXIS2_PLACEMENT_3D('',#7364,#5785,#5786);
#4619=AXIS2_PLACEMENT_3D('',#7368,#5788,#5789);
#4620=AXIS2_PLACEMENT_3D('',#7369,#5790,#5791);
#4621=AXIS2_PLACEMENT_3D('',#7370,#5792,#5793);
#4622=AXIS2_PLACEMENT_3D('',#7371,#5794,#5795);
#4623=AXIS2_PLACEMENT_3D('',#7372,#5796,#5797);
#4624=AXIS2_PLACEMENT_3D('',#7373,#5798,#5799);
#4625=AXIS2_PLACEMENT_3D('',#7374,#5800,#5801);
#4626=AXIS2_PLACEMENT_3D('',#7375,#5802,#5803);
#4627=AXIS2_PLACEMENT_3D('',#7376,#5804,#5805);
#4628=AXIS2_PLACEMENT_3D('',#7377,#5806,#5807);
#4629=AXIS2_PLACEMENT_3D('',#7378,#5808,#5809);
#4630=AXIS2_PLACEMENT_3D('',#7379,#5810,#5811);
#4631=AXIS2_PLACEMENT_3D('',#7380,#5812,#5813);
#4632=AXIS2_PLACEMENT_3D('',#7381,#5814,#5815);
#4633=AXIS2_PLACEMENT_3D('',#7382,#5816,#5817);
#4634=AXIS2_PLACEMENT_3D('',#7383,#5818,#5819);
#4635=AXIS2_PLACEMENT_3D('',#7384,#5820,#5821);
#4636=AXIS2_PLACEMENT_3D('',#7385,#5822,#5823);
#4637=AXIS2_PLACEMENT_3D('',#7386,#5824,#5825);
#4638=AXIS2_PLACEMENT_3D('',#7387,#5826,#5827);
#4639=AXIS2_PLACEMENT_3D('',#7388,#5828,#5829);
#4640=AXIS2_PLACEMENT_3D('',#7389,#5830,#5831);
#4641=AXIS2_PLACEMENT_3D('',#7390,#5832,#5833);
#4642=AXIS2_PLACEMENT_3D('',#7391,#5834,#5835);
#4643=AXIS2_PLACEMENT_3D('',#7392,#5836,#5837);
#4644=AXIS2_PLACEMENT_3D('',#7393,#5838,#5839);
#4645=AXIS2_PLACEMENT_3D('',#7394,#5840,#5841);
#4646=AXIS2_PLACEMENT_3D('',#7395,#5842,#5843);
#4647=AXIS2_PLACEMENT_3D('',#7396,#5844,#5845);
#4648=AXIS2_PLACEMENT_3D('',#7398,#5846,#5847);
#4649=AXIS2_PLACEMENT_3D('',#7399,#5848,#5849);
#4650=AXIS2_PLACEMENT_3D('',#7401,#5850,#5851);
#4651=AXIS2_PLACEMENT_3D('',#7402,#5852,#5853);
#4652=AXIS2_PLACEMENT_3D('',#7404,#5854,#5855);
#4653=AXIS2_PLACEMENT_3D('',#7405,#5856,#5857);
#4654=AXIS2_PLACEMENT_3D('',#7407,#5858,#5859);
#4655=AXIS2_PLACEMENT_3D('',#7408,#5860,#5861);
#4656=AXIS2_PLACEMENT_3D('',#7410,#5862,#5863);
#4657=AXIS2_PLACEMENT_3D('',#7411,#5864,#5865);
#4658=AXIS2_PLACEMENT_3D('',#7412,#5866,#5867);
#4659=AXIS2_PLACEMENT_3D('',#7414,#5868,#5869);
#4660=AXIS2_PLACEMENT_3D('',#7415,#5870,#5871);
#4661=AXIS2_PLACEMENT_3D('',#7416,#5872,#5873);
#4662=AXIS2_PLACEMENT_3D('',#7417,#5874,#5875);
#4663=AXIS2_PLACEMENT_3D('',#7418,#5876,#5877);
#4664=AXIS2_PLACEMENT_3D('',#7419,#5878,#5879);
#4665=AXIS2_PLACEMENT_3D('',#7420,#5880,#5881);
#4666=AXIS2_PLACEMENT_3D('',#7421,#5882,#5883);
#4667=AXIS2_PLACEMENT_3D('',#7422,#5884,#5885);
#4668=AXIS2_PLACEMENT_3D('',#7423,#5886,#5887);
#4669=AXIS2_PLACEMENT_3D('',#7424,#5888,#5889);
#4670=DIRECTION('',(0.,0.,1.));
#4671=DIRECTION('',(1.,0.,0.));
#4672=DIRECTION('',(-1.,0.,0.));
#4673=DIRECTION('',(0.,-1.,0.));
#4674=DIRECTION('',(-0.857626858414985,-0.51427246837182,0.));
#4675=DIRECTION('',(-0.514272468371819,0.857626858414985,0.));
#4676=DIRECTION('',(-1.,0.,0.));
#4677=DIRECTION('',(-1.,0.,0.));
#4678=DIRECTION('',(-1.,0.,0.));
#4679=DIRECTION('',(-1.,0.,0.));
#4680=DIRECTION('',(-1.,0.,0.));
#4681=DIRECTION('',(0.,-1.,0.));
#4682=DIRECTION('',(-0.857626858414985,-0.51427246837182,0.));
#4683=DIRECTION('',(-0.514272468371819,0.857626858414985,0.));
#4684=DIRECTION('',(-1.,0.,0.));
#4685=DIRECTION('',(-1.,0.,0.));
#4686=DIRECTION('',(-1.,0.,0.));
#4687=DIRECTION('',(-1.,0.,0.));
#4688=DIRECTION('',(-2.4980018054066E-16,-9.52258810397678E-16,-1.));
#4689=DIRECTION('',(0.85762685841793,0.514272468366907,-6.93889390390723E-16));
#4690=DIRECTION('',(-1.,0.,2.4980018054066E-16));
#4691=DIRECTION('',(-0.85762685841793,-0.514272468366907,6.93889390390723E-16));
#4692=DIRECTION('',(0.514272468366907,-0.85762685841793,6.80011602582908E-16));
#4693=DIRECTION('',(-1.,-5.2386464872084E-16,2.4980018054066E-16));
#4694=DIRECTION('',(-0.85762685841793,-0.514272468366907,6.93889390390723E-16));
#4695=DIRECTION('',(0.514272468366907,-0.85762685841793,6.80011602582908E-16));
#4696=DIRECTION('',(-2.4980018054066E-16,-9.52258810397678E-16,-1.));
#4697=DIRECTION('',(0.85762685841793,0.514272468366907,-6.93889390390723E-16));
#4698=DIRECTION('',(-0.85762685841793,-0.514272468366907,6.93889390390723E-16));
#4699=DIRECTION('',(-1.,0.,2.4980018054066E-16));
#4700=DIRECTION('',(0.514272468366907,-0.85762685841793,6.80011602582908E-16));
#4701=DIRECTION('',(-0.85762685841793,-0.514272468366907,6.93889390390723E-16));
#4702=DIRECTION('',(-1.,-5.2386464872084E-16,2.4980018054066E-16));
#4703=DIRECTION('',(0.514272468366907,-0.85762685841793,6.80011602582908E-16));
#4704=DIRECTION('',(0.,0.,-1.));
#4705=DIRECTION('',(0.,-1.,0.));
#4706=DIRECTION('',(1.,0.,0.));
#4707=DIRECTION('',(-0.514272468371819,0.857626858414985,0.));
#4708=DIRECTION('',(0.,1.,0.));
#4709=DIRECTION('',(0.,-1.,0.));
#4710=DIRECTION('',(1.,0.,0.));
#4711=DIRECTION('',(1.,0.,0.));
#4712=DIRECTION('',(0.,0.,-1.));
#4713=DIRECTION('',(0.,-1.,0.));
#4714=DIRECTION('',(1.,0.,0.));
#4715=DIRECTION('',(0.,-1.,0.));
#4716=DIRECTION('',(1.,0.,0.));
#4717=DIRECTION('',(0.,0.,-1.));
#4718=DIRECTION('',(-1.,0.,0.));
#4719=DIRECTION('',(0.,0.,-1.));
#4720=DIRECTION('',(1.,0.,-3.33847688608259E-16));
#4721=DIRECTION('',(0.866025403784438,0.,-0.5));
#4722=DIRECTION('',(-1.,0.,5.78241158658936E-17));
#4723=DIRECTION('',(0.,-1.,0.));
#4724=DIRECTION('',(1.,0.,0.));
#4725=DIRECTION('',(-0.514272468366907,0.85762685841793,-6.80011602582908E-16));
#4726=DIRECTION('',(-0.85762685841793,-0.514272468366907,6.93889390390723E-16));
#4727=DIRECTION('',(-1.32227883935205E-15,0.,1.));
#4728=DIRECTION('',(-2.4980018054066E-16,-9.52258810397678E-16,-1.));
#4729=DIRECTION('',(-1.,0.,0.));
#4730=DIRECTION('',(0.,-1.,0.));
#4731=DIRECTION('',(0.857626858414985,0.51427246837182,0.));
#4732=DIRECTION('',(-0.514272468371819,0.857626858414985,0.));
#4733=DIRECTION('',(-1.,0.,0.));
#4734=DIRECTION('',(-0.857626858414985,-0.51427246837182,0.));
#4735=DIRECTION('',(-0.514272468371819,0.857626858414985,0.));
#4736=DIRECTION('',(-1.,0.,0.));
#4737=DIRECTION('',(-1.,0.,0.));
#4738=DIRECTION('',(0.,-1.,0.));
#4739=DIRECTION('',(0.857626858414985,0.51427246837182,0.));
#4740=DIRECTION('',(-0.514272468371819,0.857626858414985,0.));
#4741=DIRECTION('',(-1.,0.,0.));
#4742=DIRECTION('',(-0.857626858414985,-0.51427246837182,0.));
#4743=DIRECTION('',(-0.514272468371819,0.857626858414985,0.));
#4744=DIRECTION('',(-1.,0.,0.));
#4745=DIRECTION('',(5.27355936696949E-16,-3.09180656815252E-16,-1.));
#4746=DIRECTION('',(0.857626858417891,0.514272468366973,2.93271515705727E-16));
#4747=DIRECTION('',(-1.,0.,-5.27355936696949E-16));
#4748=DIRECTION('',(-0.857626858417891,-0.514272468366973,-2.93271515705727E-16));
#4749=DIRECTION('',(0.514272468366973,-0.857626858417891,5.36366274661162E-16));
#4750=DIRECTION('',(-1.,-5.23864648720838E-16,-5.27355936696949E-16));
#4751=DIRECTION('',(-0.857626858417891,-0.514272468366973,-2.93271515705727E-16));
#4752=DIRECTION('',(0.514272468366973,-0.857626858417891,5.36366274661162E-16));
#4753=DIRECTION('',(5.27355936696949E-16,-3.09180656815252E-16,-1.));
#4754=DIRECTION('',(0.857626858417891,0.514272468366973,2.93271515705727E-16));
#4755=DIRECTION('',(-0.857626858417891,-0.514272468366973,-2.93271515705727E-16));
#4756=DIRECTION('',(-1.,0.,-5.27355936696949E-16));
#4757=DIRECTION('',(0.514272468366973,-0.857626858417891,5.36366274661162E-16));
#4758=DIRECTION('',(-0.857626858417891,-0.514272468366973,-2.93271515705727E-16));
#4759=DIRECTION('',(-1.,-5.23864648720838E-16,-5.27355936696949E-16));
#4760=DIRECTION('',(0.514272468366973,-0.857626858417891,5.36366274661162E-16));
#4761=DIRECTION('',(0.85762685841793,0.514272468366907,-6.93889390390723E-16));
#4762=DIRECTION('',(2.4980018054066E-16,9.52258810397678E-16,1.));
#4763=DIRECTION('',(-0.85762685841793,-0.514272468366907,6.93889390390723E-16));
#4764=DIRECTION('',(-2.4980018054066E-16,-9.52258810397678E-16,-1.));
#4765=DIRECTION('',(0.,-1.,0.));
#4766=DIRECTION('',(1.,0.,-8.0908075998313E-16));
#4767=DIRECTION('',(-0.85762685841793,-0.514272468366907,6.93889390390723E-16));
#4768=DIRECTION('',(-2.4980018054066E-16,-9.52258810397678E-16,-1.));
#4769=DIRECTION('',(-5.23864648720854E-16,1.,2.28065816117274E-15));
#4770=DIRECTION('',(1.,5.23864648720844E-16,-2.18676705588957E-15));
#4771=DIRECTION('',(0.85762685841793,0.514272468366907,-6.93889390390723E-16));
#4772=DIRECTION('',(2.4980018054066E-16,9.52258810397678E-16,1.));
#4773=DIRECTION('',(-0.85762685841793,-0.514272468366907,6.93889390390723E-16));
#4774=DIRECTION('',(-2.4980018054066E-16,-9.52258810397678E-16,-1.));
#4775=DIRECTION('',(0.,-1.,0.));
#4776=DIRECTION('',(1.,0.,-8.0908075998313E-16));
#4777=DIRECTION('',(-0.85762685841793,-0.514272468366907,6.93889390390723E-16));
#4778=DIRECTION('',(-2.4980018054066E-16,-9.52258810397678E-16,-1.));
#4779=DIRECTION('',(-5.23864648720854E-16,1.,2.28065816117274E-15));
#4780=DIRECTION('',(1.,5.23864648720844E-16,-2.18676705588957E-15));
#4781=DIRECTION('',(-0.514272468366973,0.857626858417891,-5.36366274661162E-16));
#4782=DIRECTION('',(-0.857626858417891,-0.514272468366973,-2.93271515705727E-16));
#4783=DIRECTION('',(-1.04296128541422E-15,0.,1.));
#4784=DIRECTION('',(5.27355936696949E-16,-3.09180656815252E-16,-1.));
#4785=DIRECTION('',(-0.85762685841793,-0.514272468366907,6.93889390390723E-16));
#4786=DIRECTION('',(-2.4980018054066E-16,-9.52258810397678E-16,-1.));
#4787=DIRECTION('',(8.0908075998313E-16,0.,1.));
#4788=DIRECTION('',(2.18676705588957E-15,-2.28065816117273E-15,1.));
#4789=DIRECTION('',(2.77555756156289E-17,2.08627078227901E-16,-1.));
#4790=DIRECTION('',(0.857626858417389,0.51427246836781,1.31095089607425E-16));
#4791=DIRECTION('',(-1.,0.,-2.77555756156289E-17));
#4792=DIRECTION('',(-0.857626858417389,-0.51427246836781,-1.31095089607425E-16));
#4793=DIRECTION('',(0.51427246836781,-0.857626858417389,-1.64650257298574E-16));
#4794=DIRECTION('',(-1.,-5.23864648720839E-16,-3.33066907387547E-16));
#4795=DIRECTION('',(-0.857626858417389,-0.51427246836781,-1.31095089607425E-16));
#4796=DIRECTION('',(0.51427246836781,-0.857626858417389,-1.64650257298574E-16));
#4797=DIRECTION('',(2.77555756156289E-17,2.08627078227901E-16,-1.));
#4798=DIRECTION('',(0.857626858417389,0.51427246836781,1.31095089607425E-16));
#4799=DIRECTION('',(-0.857626858417389,-0.51427246836781,-1.31095089607425E-16));
#4800=DIRECTION('',(-1.,0.,-2.77555756156289E-17));
#4801=DIRECTION('',(0.51427246836781,-0.857626858417389,-1.64650257298574E-16));
#4802=DIRECTION('',(-0.857626858417389,-0.51427246836781,-1.31095089607425E-16));
#4803=DIRECTION('',(-1.,-5.23864648720839E-16,-3.33066907387547E-16));
#4804=DIRECTION('',(0.51427246836781,-0.857626858417389,-1.64650257298574E-16));
#4805=DIRECTION('',(0.857626858417891,0.514272468366973,2.93271515705727E-16));
#4806=DIRECTION('',(-5.27355936696949E-16,3.09180656815252E-16,1.));
#4807=DIRECTION('',(-0.857626858417891,-0.514272468366973,-2.93271515705727E-16));
#4808=DIRECTION('',(5.27355936696949E-16,-3.09180656815252E-16,-1.));
#4809=DIRECTION('',(0.,-1.,0.));
#4810=DIRECTION('',(1.,0.,3.41957009423353E-16));
#4811=DIRECTION('',(-0.857626858417891,-0.514272468366973,-2.93271515705727E-16));
#4812=DIRECTION('',(5.27355936696949E-16,-3.09180656815252E-16,-1.));
#4813=DIRECTION('',(-5.23864648720854E-16,1.,2.28065816117274E-15));
#4814=DIRECTION('',(1.,5.23864648720842E-16,-1.0256304099017E-15));
#4815=DIRECTION('',(0.857626858417891,0.514272468366973,2.93271515705727E-16));
#4816=DIRECTION('',(-5.27355936696949E-16,3.09180656815252E-16,1.));
#4817=DIRECTION('',(-0.857626858417891,-0.514272468366973,-2.93271515705727E-16));
#4818=DIRECTION('',(5.27355936696949E-16,-3.09180656815252E-16,-1.));
#4819=DIRECTION('',(0.,-1.,0.));
#4820=DIRECTION('',(1.,0.,3.41957009423353E-16));
#4821=DIRECTION('',(-0.857626858417891,-0.514272468366973,-2.93271515705727E-16));
#4822=DIRECTION('',(5.27355936696949E-16,-3.09180656815252E-16,-1.));
#4823=DIRECTION('',(-5.23864648720854E-16,1.,2.28065816117274E-15));
#4824=DIRECTION('',(1.,5.23864648720842E-16,-1.0256304099017E-15));
#4825=DIRECTION('',(-1.,0.,0.));
#4826=DIRECTION('',(0.,-1.,0.));
#4827=DIRECTION('',(-1.,0.,0.));
#4828=DIRECTION('',(-0.857626858414985,-0.51427246837182,0.));
#4829=DIRECTION('',(-0.514272468371819,0.857626858414985,0.));
#4830=DIRECTION('',(-1.,0.,0.));
#4831=DIRECTION('',(0.857626858414985,0.51427246837182,0.));
#4832=DIRECTION('',(-0.514272468371819,0.857626858414985,0.));
#4833=DIRECTION('',(-1.,0.,0.));
#4834=DIRECTION('',(0.,-1.,0.));
#4835=DIRECTION('',(-1.,0.,0.));
#4836=DIRECTION('',(-0.857626858414985,-0.51427246837182,0.));
#4837=DIRECTION('',(-0.514272468371819,0.857626858414985,0.));
#4838=DIRECTION('',(-1.,0.,0.));
#4839=DIRECTION('',(0.857626858414985,0.51427246837182,0.));
#4840=DIRECTION('',(-0.514272468371819,0.857626858414985,0.));
#4841=DIRECTION('',(-0.51427246836781,0.857626858417389,1.64650257298574E-16));
#4842=DIRECTION('',(-0.857626858417389,-0.51427246836781,-1.31095089607425E-16));
#4843=DIRECTION('',(3.20161524145243E-16,0.,1.));
#4844=DIRECTION('',(2.77555756156289E-17,2.08627078227901E-16,-1.));
#4845=DIRECTION('',(-0.857626858417891,-0.514272468366973,-2.93271515705727E-16));
#4846=DIRECTION('',(5.27355936696949E-16,-3.09180656815252E-16,-1.));
#4847=DIRECTION('',(-3.41957009423353E-16,0.,1.));
#4848=DIRECTION('',(1.0256304099017E-15,-2.28065816117273E-15,1.));
#4849=DIRECTION('',(-1.02610192429359E-15,-1.,-1.33078412432519E-15));
#4850=DIRECTION('',(-0.998629534754574,1.09434354696756E-15,-0.0523359562429366));
#4851=DIRECTION('',(0.,-1.,0.));
#4852=DIRECTION('',(1.,0.,0.));
#4853=DIRECTION('',(0.,-1.,0.));
#4854=DIRECTION('',(1.,0.,0.));
#4855=DIRECTION('',(0.,-1.,0.));
#4856=DIRECTION('',(1.,0.,0.));
#4857=DIRECTION('',(0.,-1.,0.));
#4858=DIRECTION('',(1.,0.,0.));
#4859=DIRECTION('',(0.,-1.,0.));
#4860=DIRECTION('',(1.,0.,0.));
#4861=DIRECTION('',(0.,-1.,0.));
#4862=DIRECTION('',(1.,0.,0.));
#4863=DIRECTION('',(-8.24635877643377E-16,2.28065816117273E-15,-1.));
#4864=DIRECTION('',(-1.,-5.23864648720839E-16,-3.33066907387547E-16));
#4865=DIRECTION('',(-3.55270661601514E-15,-2.28065816117273E-15,1.));
#4866=DIRECTION('',(-5.23864648720854E-16,1.,2.28065816117274E-15));
#4867=DIRECTION('',(1.,5.23864648720841E-16,-8.24635877643377E-16));
#4868=DIRECTION('',(8.24635877643377E-16,-2.28065816117273E-15,1.));
#4869=DIRECTION('',(1.,5.23864648720838E-16,4.14464765409866E-16));
#4870=DIRECTION('',(-8.24635877643377E-16,2.28065816117273E-15,-1.));
#4871=DIRECTION('',(-5.23864648720854E-16,1.,2.28065816117274E-15));
#4872=DIRECTION('',(1.,5.23864648720841E-16,-8.24635877643377E-16));
#4873=DIRECTION('',(8.24635877643377E-16,-2.28065816117273E-15,1.));
#4874=DIRECTION('',(-5.23864648720854E-16,1.,2.28065816117274E-15));
#4875=DIRECTION('',(1.,5.23864648720841E-16,-8.24635877643377E-16));
#4876=DIRECTION('',(-8.24635877643377E-16,2.28065816117273E-15,-1.));
#4877=DIRECTION('',(1.,5.23864648720838E-16,4.55163694421025E-16));
#4878=DIRECTION('',(8.24635877643377E-16,-2.28065816117273E-15,1.));
#4879=DIRECTION('',(-5.23864648720854E-16,1.,2.28065816117274E-15));
#4880=DIRECTION('',(1.,5.23864648720841E-16,-8.24635877643377E-16));
#4881=DIRECTION('',(-3.55270661601514E-15,-2.28065816117273E-15,1.));
#4882=DIRECTION('',(-1.,-5.23864648720839E-16,-3.33066907387547E-16));
#4883=DIRECTION('',(-1.0256304099017E-15,2.28065816117273E-15,-1.));
#4884=DIRECTION('',(-1.,-5.23864648720838E-16,-5.27355936696949E-16));
#4885=DIRECTION('',(-4.84630253777145E-15,-2.28065816117273E-15,1.));
#4886=DIRECTION('',(-5.23864648720854E-16,1.,2.28065816117274E-15));
#4887=DIRECTION('',(1.,5.23864648720842E-16,-1.0256304099017E-15));
#4888=DIRECTION('',(1.0256304099017E-15,-2.28065816117273E-15,1.));
#4889=DIRECTION('',(1.,5.23864648720838E-16,6.08753794719279E-16));
#4890=DIRECTION('',(-1.0256304099017E-15,2.28065816117273E-15,-1.));
#4891=DIRECTION('',(-5.23864648720854E-16,1.,2.28065816117274E-15));
#4892=DIRECTION('',(1.,5.23864648720842E-16,-1.0256304099017E-15));
#4893=DIRECTION('',(1.0256304099017E-15,-2.28065816117273E-15,1.));
#4894=DIRECTION('',(-5.23864648720854E-16,1.,2.28065816117274E-15));
#4895=DIRECTION('',(1.,5.23864648720842E-16,-1.0256304099017E-15));
#4896=DIRECTION('',(-1.0256304099017E-15,2.28065816117273E-15,-1.));
#4897=DIRECTION('',(1.,5.23864648720838E-16,6.49452723730443E-16));
#4898=DIRECTION('',(1.0256304099017E-15,-2.28065816117273E-15,1.));
#4899=DIRECTION('',(-5.23864648720854E-16,1.,2.28065816117274E-15));
#4900=DIRECTION('',(1.,5.23864648720842E-16,-1.0256304099017E-15));
#4901=DIRECTION('',(-4.84630253777145E-15,-2.28065816117273E-15,1.));
#4902=DIRECTION('',(-1.,-5.23864648720838E-16,-5.27355936696949E-16));
#4903=DIRECTION('',(-2.18676705588957E-15,2.28065816117273E-15,-1.));
#4904=DIRECTION('',(-1.,-5.2386464872084E-16,2.4980018054066E-16));
#4905=DIRECTION('',(-5.1032995530774E-15,-2.28065816117273E-15,1.));
#4906=DIRECTION('',(-5.23864648720854E-16,1.,2.28065816117274E-15));
#4907=DIRECTION('',(1.,5.23864648720844E-16,-2.18676705588957E-15));
#4908=DIRECTION('',(2.18676705588957E-15,-2.28065816117273E-15,1.));
#4909=DIRECTION('',(1.,5.2386464872084E-16,-1.68402322518342E-16));
#4910=DIRECTION('',(-2.18676705588957E-15,2.28065816117273E-15,-1.));
#4911=DIRECTION('',(-5.23864648720854E-16,1.,2.28065816117274E-15));
#4912=DIRECTION('',(1.,5.23864648720844E-16,-2.18676705588957E-15));
#4913=DIRECTION('',(2.18676705588957E-15,-2.28065816117273E-15,1.));
#4914=DIRECTION('',(-5.23864648720854E-16,1.,2.28065816117274E-15));
#4915=DIRECTION('',(1.,5.23864648720844E-16,-2.18676705588957E-15));
#4916=DIRECTION('',(-2.18676705588957E-15,2.28065816117273E-15,-1.));
#4917=DIRECTION('',(1.,5.2386464872084E-16,-1.27703393507182E-16));
#4918=DIRECTION('',(2.18676705588957E-15,-2.28065816117273E-15,1.));
#4919=DIRECTION('',(-5.23864648720854E-16,1.,2.28065816117274E-15));
#4920=DIRECTION('',(1.,5.23864648720844E-16,-2.18676705588957E-15));
#4921=DIRECTION('',(-5.1032995530774E-15,-2.28065816117273E-15,1.));
#4922=DIRECTION('',(-1.,-5.2386464872084E-16,2.4980018054066E-16));
#4923=DIRECTION('',(-1.,-5.23864648720839E-16,-1.11022302462516E-16));
#4924=DIRECTION('',(0.,0.,1.));
#4925=DIRECTION('',(1.,0.,0.));
#4926=DIRECTION('',(0.,0.,-1.));
#4927=DIRECTION('',(1.,0.,0.));
#4928=DIRECTION('',(0.,0.,1.));
#4929=DIRECTION('',(-1.02610192429359E-15,-1.,-1.33078412432519E-15));
#4930=DIRECTION('',(-0.998629534754574,1.09434354696756E-15,-0.0523359562429366));
#4931=DIRECTION('',(-5.1032995530774E-15,-2.28065816117273E-15,1.));
#4932=DIRECTION('',(-5.23864648720854E-16,1.,2.28065816117274E-15));
#4933=DIRECTION('',(1.,5.23864648720844E-16,-2.18676705588957E-15));
#4934=DIRECTION('',(2.18676705588957E-15,-2.28065816117273E-15,1.));
#4935=DIRECTION('',(1.,5.2386464872084E-16,-1.27703393507182E-16));
#4936=DIRECTION('',(-2.18676705588957E-15,2.28065816117273E-15,-1.));
#4937=DIRECTION('',(-2.18676705588957E-15,2.28065816117273E-15,-1.));
#4938=DIRECTION('',(1.,5.2386464872084E-16,-1.68402322518342E-16));
#4939=DIRECTION('',(2.18676705588957E-15,-2.28065816117273E-15,1.));
#4940=DIRECTION('',(-5.23864648720854E-16,1.,2.28065816117274E-15));
#4941=DIRECTION('',(1.,5.23864648720844E-16,-2.18676705588957E-15));
#4942=DIRECTION('',(-5.1032995530774E-15,-2.28065816117273E-15,1.));
#4943=DIRECTION('',(-2.18676705588957E-15,2.28065816117273E-15,-1.));
#4944=DIRECTION('',(-4.84630253777145E-15,-2.28065816117273E-15,1.));
#4945=DIRECTION('',(-5.23864648720854E-16,1.,2.28065816117274E-15));
#4946=DIRECTION('',(1.,5.23864648720842E-16,-1.0256304099017E-15));
#4947=DIRECTION('',(1.0256304099017E-15,-2.28065816117273E-15,1.));
#4948=DIRECTION('',(1.,5.23864648720838E-16,6.49452723730443E-16));
#4949=DIRECTION('',(-1.0256304099017E-15,2.28065816117273E-15,-1.));
#4950=DIRECTION('',(-1.0256304099017E-15,2.28065816117273E-15,-1.));
#4951=DIRECTION('',(1.,5.23864648720838E-16,6.08753794719279E-16));
#4952=DIRECTION('',(1.0256304099017E-15,-2.28065816117273E-15,1.));
#4953=DIRECTION('',(-5.23864648720854E-16,1.,2.28065816117274E-15));
#4954=DIRECTION('',(1.,5.23864648720842E-16,-1.0256304099017E-15));
#4955=DIRECTION('',(-4.84630253777145E-15,-2.28065816117273E-15,1.));
#4956=DIRECTION('',(-1.0256304099017E-15,2.28065816117273E-15,-1.));
#4957=DIRECTION('',(-3.55270661601514E-15,-2.28065816117273E-15,1.));
#4958=DIRECTION('',(-5.23864648720854E-16,1.,2.28065816117274E-15));
#4959=DIRECTION('',(1.,5.23864648720841E-16,-8.24635877643377E-16));
#4960=DIRECTION('',(8.24635877643377E-16,-2.28065816117273E-15,1.));
#4961=DIRECTION('',(1.,5.23864648720838E-16,4.55163694421025E-16));
#4962=DIRECTION('',(-8.24635877643377E-16,2.28065816117273E-15,-1.));
#4963=DIRECTION('',(-5.23864648720854E-16,1.,2.28065816117274E-15));
#4964=DIRECTION('',(1.,5.23864648720841E-16,-8.24635877643377E-16));
#4965=DIRECTION('',(8.24635877643377E-16,-2.28065816117273E-15,1.));
#4966=DIRECTION('',(-5.23864648720854E-16,1.,2.28065816117274E-15));
#4967=DIRECTION('',(1.,5.23864648720841E-16,-8.24635877643377E-16));
#4968=DIRECTION('',(-8.24635877643377E-16,2.28065816117273E-15,-1.));
#4969=DIRECTION('',(1.,5.23864648720838E-16,4.14464765409866E-16));
#4970=DIRECTION('',(8.24635877643377E-16,-2.28065816117273E-15,1.));
#4971=DIRECTION('',(-5.23864648720854E-16,1.,2.28065816117274E-15));
#4972=DIRECTION('',(1.,5.23864648720841E-16,-8.24635877643377E-16));
#4973=DIRECTION('',(-3.55270661601514E-15,-2.28065816117273E-15,1.));
#4974=DIRECTION('',(-8.24635877643377E-16,2.28065816117273E-15,-1.));
#4975=DIRECTION('',(0.,0.,1.));
#4976=DIRECTION('',(-1.,-5.23864648720839E-16,-1.11022302462516E-16));
#4977=DIRECTION('',(0.,-1.32995466491555E-15,1.));
#4978=DIRECTION('',(-1.,0.,0.));
#4979=DIRECTION('',(0.,0.,-1.));
#4980=DIRECTION('',(-1.,0.,0.));
#4981=DIRECTION('',(1.11022302462516E-16,2.28065816117273E-15,-1.));
#4982=DIRECTION('',(1.,5.23864648720839E-16,1.11022302462516E-16));
#4983=DIRECTION('',(0.,1.,2.28065816117273E-15));
#4984=DIRECTION('',(0.,-1.,0.));
#4985=DIRECTION('',(0.,-1.,0.));
#4986=DIRECTION('',(1.,0.,0.));
#4987=DIRECTION('',(-1.,0.,0.));
#4988=DIRECTION('',(1.32227883935205E-15,0.,-1.));
#4989=DIRECTION('',(-1.,0.,0.));
#4990=DIRECTION('',(0.00872653549837069,2.67668731410572E-16,0.999961923064171));
#4991=DIRECTION('',(0.,-1.,0.));
#4992=DIRECTION('',(1.,0.,0.));
#4993=DIRECTION('',(0.00872653549837069,2.67668731410572E-16,0.999961923064171));
#4994=DIRECTION('',(-1.,0.,0.));
#4995=DIRECTION('',(0.,-1.,0.));
#4996=DIRECTION('',(1.,0.,0.));
#4997=DIRECTION('',(-1.,0.,0.));
#4998=DIRECTION('',(-1.,0.,0.));
#4999=DIRECTION('',(0.,-1.,0.));
#5000=DIRECTION('',(-0.514272468366907,0.85762685841793,-6.80011602582908E-16));
#5001=DIRECTION('',(-0.85762685841793,-0.514272468366907,4.07766200353803E-16));
#5002=DIRECTION('',(-0.514272468366973,0.857626858417891,-5.36366274661162E-16));
#5003=DIRECTION('',(-0.857626858417891,-0.514272468366973,3.2162986188148E-16));
#5004=DIRECTION('',(-0.51427246836781,0.857626858417389,1.64650257298574E-16));
#5005=DIRECTION('',(-0.857626858417389,-0.51427246836781,-9.87318592080792E-17));
#5006=DIRECTION('',(0.51427246836781,-0.857626858417389,-1.64650257298574E-16));
#5007=DIRECTION('',(-0.857626858417389,-0.51427246836781,-9.87318592080792E-17));
#5008=DIRECTION('',(-1.,0.,0.));
#5009=DIRECTION('',(-1.,0.,0.));
#5010=DIRECTION('',(0.,-1.,0.));
#5011=DIRECTION('',(-1.,0.,0.));
#5012=DIRECTION('',(1.,0.,0.));
#5013=DIRECTION('',(0.,1.,0.));
#5014=DIRECTION('',(-1.,0.,0.));
#5015=DIRECTION('',(1.,0.,0.));
#5016=DIRECTION('',(0.,1.,0.));
#5017=DIRECTION('',(-1.,0.,0.));
#5018=DIRECTION('',(-1.,0.,0.));
#5019=DIRECTION('',(-1.,0.,0.));
#5020=DIRECTION('',(0.,-1.,0.));
#5021=DIRECTION('',(-1.,0.,0.));
#5022=DIRECTION('',(-1.,0.,0.));
#5023=DIRECTION('',(-1.,0.,0.));
#5024=DIRECTION('',(-1.,0.,0.));
#5025=DIRECTION('',(0.,-1.,0.));
#5026=DIRECTION('',(-1.,0.,0.));
#5027=DIRECTION('',(-1.,0.,0.));
#5028=DIRECTION('',(0.,-1.,0.));
#5029=DIRECTION('',(-1.,0.,0.));
#5030=DIRECTION('',(0.51427246836781,-0.857626858417389,-1.64650257298574E-16));
#5031=DIRECTION('',(-0.857626858417389,-0.51427246836781,-9.87318592080792E-17));
#5032=DIRECTION('',(-0.51427246836781,0.857626858417389,1.64650257298574E-16));
#5033=DIRECTION('',(-0.857626858417389,-0.51427246836781,-9.87318592080792E-17));
#5034=DIRECTION('',(-0.514272468366973,0.857626858417891,-5.36366274661162E-16));
#5035=DIRECTION('',(-0.857626858417891,-0.514272468366973,3.2162986188148E-16));
#5036=DIRECTION('',(-0.514272468366907,0.85762685841793,-6.80011602582908E-16));
#5037=DIRECTION('',(-0.85762685841793,-0.514272468366907,4.07766200353803E-16));
#5038=DIRECTION('',(0.5,0.,-0.866025403784438));
#5039=DIRECTION('',(0.866025403784438,0.,0.5));
#5040=DIRECTION('',(0.,-1.,0.));
#5041=DIRECTION('',(0.5,0.,-0.866025403784438));
#5042=DIRECTION('',(0.857089765318623,-0.143281234807943,0.494841006726382));
#5043=DIRECTION('',(-4.18510001670756E-14,1.,-2.41626862123163E-14));
#5044=DIRECTION('',(0.5,0.,-0.866025403784438));
#5045=DIRECTION('',(0.866025403784438,-1.65541358839346E-14,0.5));
#5046=DIRECTION('',(-1.77136950940682E-14,-1.,-1.94289029309402E-16));
#5047=DIRECTION('',(0.866025403784438,-1.54376544610095E-14,0.5));
#5048=DIRECTION('',(0.,-1.,0.));
#5049=DIRECTION('',(0.866025403784438,0.,0.5));
#5050=DIRECTION('',(0.5,0.,-0.866025403784438));
#5051=DIRECTION('',(0.866025403784438,0.,0.5));
#5052=DIRECTION('',(-0.5,0.,-0.866025403784438));
#5053=DIRECTION('',(0.866025403784438,0.,-0.5));
#5054=DIRECTION('',(-0.5,0.,-0.866025403784438));
#5055=DIRECTION('',(-0.856226178075988,0.150007697479767,0.494342414399378));
#5056=DIRECTION('',(-4.30735645955705E-14,1.,2.48685341142094E-14));
#5057=DIRECTION('',(-0.5,0.,-0.866025403784438));
#5058=DIRECTION('',(0.866025403784438,-1.64980914120462E-14,-0.5));
#5059=DIRECTION('',(1.77136950940682E-14,1.,1.94289029309402E-16));
#5060=DIRECTION('',(-0.866025403784438,1.52433654317001E-14,0.5));
#5061=DIRECTION('',(0.,-1.,0.));
#5062=DIRECTION('',(-0.5,0.,-0.866025403784438));
#5063=DIRECTION('',(0.866025403784438,0.,-0.5));
#5064=DIRECTION('',(0.,-1.,0.));
#5065=DIRECTION('',(0.857626858417891,0.514272468366973,2.93271515705727E-16));
#5066=DIRECTION('',(-5.27355936696949E-16,3.09180656815252E-16,1.));
#5067=DIRECTION('',(0.857626858417891,0.514272468366973,2.93271515705727E-16));
#5068=DIRECTION('',(-5.23864648720854E-16,1.,2.28065816117274E-15));
#5069=DIRECTION('',(1.,5.23864648720857E-16,-1.02563040990171E-15));
#5070=DIRECTION('',(0.857626858417891,0.514272468366973,2.93271515705727E-16));
#5071=DIRECTION('',(0.857626858417891,0.514272468366973,2.93271515705727E-16));
#5072=DIRECTION('',(-0.857626858417891,-0.514272468366973,-2.93271515705727E-16));
#5073=DIRECTION('',(5.27355936696949E-16,-3.09180656815252E-16,-1.));
#5074=DIRECTION('',(-0.857626858417891,-0.514272468366973,-2.93271515705727E-16));
#5075=DIRECTION('',(-0.857626858417891,-0.514272468366973,-2.93271515705727E-16));
#5076=DIRECTION('',(-5.27355936696949E-16,3.09180656815252E-16,1.));
#5077=DIRECTION('',(0.857626858417891,0.514272468366973,2.93271515705727E-16));
#5078=DIRECTION('',(-0.51427246836781,0.857626858417389,1.64650257298574E-16));
#5079=DIRECTION('',(-0.857626858417389,-0.51427246836781,-1.31095089607425E-16));
#5080=DIRECTION('',(-0.857626858417389,-0.51427246836781,-1.31095089607425E-16));
#5081=DIRECTION('',(2.77555756156289E-17,2.08627078227901E-16,-1.));
#5082=DIRECTION('',(0.857626858417389,0.51427246836781,1.31095089607425E-16));
#5083=DIRECTION('',(-0.51427246836781,0.857626858417389,1.64650257298574E-16));
#5084=DIRECTION('',(-0.857626858417389,-0.51427246836781,-1.31095089607425E-16));
#5085=DIRECTION('',(0.857626858417389,0.51427246836781,1.31095089607425E-16));
#5086=DIRECTION('',(2.77555756156289E-17,2.08627078227901E-16,-1.));
#5087=DIRECTION('',(-0.857626858417389,-0.51427246836781,-1.31095089607425E-16));
#5088=DIRECTION('',(-0.514272468366973,0.857626858417891,-5.36366274661162E-16));
#5089=DIRECTION('',(-0.857626858417891,-0.514272468366973,-2.93271515705727E-16));
#5090=DIRECTION('',(-0.857626858417891,-0.514272468366973,-2.93271515705727E-16));
#5091=DIRECTION('',(5.27355936696949E-16,-3.09180656815252E-16,-1.));
#5092=DIRECTION('',(0.857626858417891,0.514272468366973,2.93271515705727E-16));
#5093=DIRECTION('',(-0.514272468366973,0.857626858417891,-5.36366274661162E-16));
#5094=DIRECTION('',(-0.857626858417891,-0.514272468366973,-2.93271515705727E-16));
#5095=DIRECTION('',(5.27355936696949E-16,-3.09180656815252E-16,-1.));
#5096=DIRECTION('',(-0.857626858417891,-0.514272468366973,-2.93271515705727E-16));
#5097=DIRECTION('',(-0.514272468366907,0.85762685841793,-6.80011602582908E-16));
#5098=DIRECTION('',(-0.85762685841793,-0.514272468366907,6.93889390390723E-16));
#5099=DIRECTION('',(-0.85762685841793,-0.514272468366907,6.93889390390723E-16));
#5100=DIRECTION('',(-2.4980018054066E-16,-9.52258810397678E-16,-1.));
#5101=DIRECTION('',(0.85762685841793,0.514272468366907,-6.93889390390723E-16));
#5102=DIRECTION('',(-0.514272468366907,0.85762685841793,-6.80011602582908E-16));
#5103=DIRECTION('',(-0.85762685841793,-0.514272468366907,6.93889390390723E-16));
#5104=DIRECTION('',(0.85762685841793,0.514272468366907,-6.93889390390723E-16));
#5105=DIRECTION('',(-2.4980018054066E-16,-9.52258810397678E-16,-1.));
#5106=DIRECTION('',(-0.85762685841793,-0.514272468366907,6.93889390390723E-16));
#5107=DIRECTION('',(0.,0.,1.));
#5108=DIRECTION('',(0.,-1.,0.));
#5109=DIRECTION('',(0.51427246837182,-0.857626858414985,-9.37426927228833E-15));
#5110=DIRECTION('',(0.51427246837182,-0.857626858414985,-9.37426927228833E-15));
#5111=DIRECTION('',(1.,0.,0.));
#5112=DIRECTION('',(0.51427246837182,-0.857626858414985,-9.37426927228833E-15));
#5113=DIRECTION('',(0.51427246837182,-0.857626858414985,-9.37426927228833E-15));
#5114=DIRECTION('',(1.,0.,0.));
#5115=DIRECTION('',(0.51427246837182,-0.857626858414985,-9.37426927228833E-15));
#5116=DIRECTION('',(-1.,0.,0.));
#5117=DIRECTION('',(0.,1.,0.));
#5118=DIRECTION('',(0.,1.,0.));
#5119=DIRECTION('',(1.,0.,0.));
#5120=DIRECTION('',(0.,-1.,0.));
#5121=DIRECTION('',(-1.,0.,0.));
#5122=DIRECTION('',(0.,0.,1.));
#5123=DIRECTION('',(0.,-1.,0.));
#5124=DIRECTION('',(0.,-1.,0.));
#5125=DIRECTION('',(0.,0.,1.));
#5126=DIRECTION('',(0.,-1.,0.));
#5127=DIRECTION('',(0.51427246837182,-0.857626858414985,-9.37426927228833E-15));
#5128=DIRECTION('',(1.,0.,6.16124300632485E-17));
#5129=DIRECTION('',(0.,1.,0.));
#5130=DIRECTION('',(0.,-1.,0.));
#5131=DIRECTION('',(0.857626858417389,0.51427246836781,1.31095089607425E-16));
#5132=DIRECTION('',(-2.77555756156289E-17,-2.08627078227901E-16,1.));
#5133=DIRECTION('',(-0.857626858417389,-0.51427246836781,-1.31095089607425E-16));
#5134=DIRECTION('',(2.77555756156289E-17,2.08627078227901E-16,-1.));
#5135=DIRECTION('',(-0.857626858417389,-0.51427246836781,-1.31095089607425E-16));
#5136=DIRECTION('',(-0.857626858417389,-0.51427246836781,-1.31095089607425E-16));
#5137=DIRECTION('',(-2.77555756156289E-17,-2.08627078227901E-16,1.));
#5138=DIRECTION('',(0.857626858417389,0.51427246836781,1.31095089607425E-16));
#5139=DIRECTION('',(0.857626858417389,0.51427246836781,1.31095089607425E-16));
#5140=DIRECTION('',(0.857626858417891,0.514272468366973,2.93271515705727E-16));
#5141=DIRECTION('',(-5.27355936696949E-16,3.09180656815252E-16,1.));
#5142=DIRECTION('',(0.857626858417891,0.514272468366973,2.93271515705727E-16));
#5143=DIRECTION('',(-0.857626858417891,-0.514272468366973,-2.93271515705727E-16));
#5144=DIRECTION('',(5.27355936696949E-16,-3.09180656815252E-16,-1.));
#5145=DIRECTION('',(0.85762685841793,0.514272468366907,-6.93889390390723E-16));
#5146=DIRECTION('',(2.4980018054066E-16,9.52258810397678E-16,1.));
#5147=DIRECTION('',(-0.85762685841793,-0.514272468366907,6.93889390390723E-16));
#5148=DIRECTION('',(-2.4980018054066E-16,-9.52258810397678E-16,-1.));
#5149=DIRECTION('',(-0.85762685841793,-0.514272468366907,6.93889390390723E-16));
#5150=DIRECTION('',(-0.85762685841793,-0.514272468366907,6.93889390390723E-16));
#5151=DIRECTION('',(2.4980018054066E-16,9.52258810397678E-16,1.));
#5152=DIRECTION('',(0.85762685841793,0.514272468366907,-6.93889390390723E-16));
#5153=DIRECTION('',(0.85762685841793,0.514272468366907,-6.93889390390723E-16));
#5154=DIRECTION('',(-1.49852362649322E-16,-5.01228193343691E-18,1.));
#5155=DIRECTION('',(0.51427246836781,-0.857626858417389,7.27662768223391E-17));
#5156=DIRECTION('',(-0.51427246836781,0.857626858417389,-7.27662768223391E-17));
#5157=DIRECTION('',(-1.,0.,0.));
#5158=DIRECTION('',(-0.51427246836781,0.857626858417389,1.64650257298574E-16));
#5159=DIRECTION('',(-6.49452723730443E-16,5.12795453109835E-16,1.));
#5160=DIRECTION('',(0.514272468366973,-0.857626858417891,7.73782808782075E-16));
#5161=DIRECTION('',(-0.514272468366973,0.857626858417891,-7.73782808782075E-16));
#5162=DIRECTION('',(-0.514272468366973,0.857626858417891,-5.36366274661162E-16));
#5163=DIRECTION('',(1.27703393507182E-16,1.15587360669227E-15,1.));
#5164=DIRECTION('',(0.514272468366907,-0.85762685841793,9.17428136703822E-16));
#5165=DIRECTION('',(-0.514272468366907,0.85762685841793,-9.17428136703822E-16));
#5166=DIRECTION('',(-0.514272468366907,0.85762685841793,-6.80011602582908E-16));
#5167=DIRECTION('',(0.857626858417389,0.51427246836781,1.31095089607425E-16));
#5168=DIRECTION('',(-2.77555756156289E-17,-2.08627078227901E-16,1.));
#5169=DIRECTION('',(-0.857626858417389,-0.51427246836781,-1.31095089607425E-16));
#5170=DIRECTION('',(2.77555756156289E-17,2.08627078227901E-16,-1.));
#5171=DIRECTION('',(0.857626858417389,0.51427246836781,1.31095089607425E-16));
#5172=DIRECTION('',(0.857626858417389,0.51427246836781,1.31095089607425E-16));
#5173=DIRECTION('',(-0.857626858417389,-0.51427246836781,-1.31095089607425E-16));
#5174=DIRECTION('',(-2.77555756156289E-17,-2.08627078227901E-16,1.));
#5175=DIRECTION('',(-0.857626858417389,-0.51427246836781,-1.31095089607425E-16));
#5176=DIRECTION('',(0.857626858417891,0.514272468366973,2.93271515705727E-16));
#5177=DIRECTION('',(-5.27355936696949E-16,3.09180656815252E-16,1.));
#5178=DIRECTION('',(5.23864648720854E-16,-1.,-2.28065816117274E-15));
#5179=DIRECTION('',(1.,5.23864648720857E-16,-1.02563040990171E-15));
#5180=DIRECTION('',(0.857626858417891,0.514272468366973,2.93271515705727E-16));
#5181=DIRECTION('',(0.857626858417891,0.514272468366973,2.93271515705727E-16));
#5182=DIRECTION('',(-0.857626858417891,-0.514272468366973,-2.93271515705727E-16));
#5183=DIRECTION('',(-5.27355936696949E-16,3.09180656815252E-16,1.));
#5184=DIRECTION('',(-0.857626858417891,-0.514272468366973,-2.93271515705727E-16));
#5185=DIRECTION('',(-0.857626858417891,-0.514272468366973,-2.93271515705727E-16));
#5186=DIRECTION('',(5.27355936696949E-16,-3.09180656815252E-16,-1.));
#5187=DIRECTION('',(0.857626858417891,0.514272468366973,2.93271515705727E-16));
#5188=DIRECTION('',(0.857626858417891,0.514272468366973,2.93271515705727E-16));
#5189=DIRECTION('',(-5.27355936696949E-16,3.09180656815252E-16,1.));
#5190=DIRECTION('',(-0.857626858417891,-0.514272468366973,-2.93271515705727E-16));
#5191=DIRECTION('',(5.27355936696949E-16,-3.09180656815252E-16,-1.));
#5192=DIRECTION('',(0.857626858417891,0.514272468366973,2.93271515705727E-16));
#5193=DIRECTION('',(0.85762685841793,0.514272468366907,-6.93889390390723E-16));
#5194=DIRECTION('',(2.4980018054066E-16,9.52258810397678E-16,1.));
#5195=DIRECTION('',(-0.85762685841793,-0.514272468366907,6.93889390390723E-16));
#5196=DIRECTION('',(-2.4980018054066E-16,-9.52258810397678E-16,-1.));
#5197=DIRECTION('',(0.85762685841793,0.514272468366907,-6.93889390390723E-16));
#5198=DIRECTION('',(0.85762685841793,0.514272468366907,-6.93889390390723E-16));
#5199=DIRECTION('',(-0.85762685841793,-0.514272468366907,6.93889390390723E-16));
#5200=DIRECTION('',(2.4980018054066E-16,9.52258810397678E-16,1.));
#5201=DIRECTION('',(-0.85762685841793,-0.514272468366907,6.93889390390723E-16));
#5202=DIRECTION('',(-1.09153433638091E-16,-7.28838806982581E-17,1.));
#5203=DIRECTION('',(0.51427246836781,-0.857626858417389,-6.37256788463199E-18));
#5204=DIRECTION('',(-0.51427246836781,0.857626858417389,6.37256788463199E-18));
#5205=DIRECTION('',(0.51427246836781,-0.857626858417389,1.5190512152931E-16));
#5206=DIRECTION('',(-1.,0.,0.));
#5207=DIRECTION('',(-0.857626858417389,-0.51427246836781,-1.31095089607425E-16));
#5208=DIRECTION('',(2.77555756156289E-17,2.08627078227901E-16,-1.));
#5209=DIRECTION('',(0.,0.,-1.));
#5210=DIRECTION('',(2.77555756156289E-17,2.08627078227901E-16,-1.));
#5211=DIRECTION('',(-0.857626858417389,-0.51427246836781,-1.31095089607425E-16));
#5212=DIRECTION('',(2.77555756156289E-17,2.08627078227901E-16,-1.));
#5213=DIRECTION('',(-0.857626858414985,-0.51427246837182,0.));
#5214=DIRECTION('',(-0.514272468371819,0.857626858414985,0.));
#5215=DIRECTION('',(-1.52857957188211E-16,0.,1.));
#5216=DIRECTION('',(0.51427246837182,-0.857626858414985,-9.37426927228833E-15));
#5217=DIRECTION('',(-0.857626858414985,-0.51427246837182,0.));
#5218=DIRECTION('',(-0.514272468371819,0.857626858414985,0.));
#5219=DIRECTION('',(-0.857626858417389,-0.51427246836781,-1.31095089607425E-16));
#5220=DIRECTION('',(2.77555756156289E-17,2.08627078227901E-16,-1.));
#5221=DIRECTION('',(2.77555756156289E-17,2.08627078227901E-16,-1.));
#5222=DIRECTION('',(-0.857626858417389,-0.51427246836781,-1.31095089607425E-16));
#5223=DIRECTION('',(2.77555756156289E-17,2.08627078227901E-16,-1.));
#5224=DIRECTION('',(-0.51427246836781,0.857626858417389,-7.27662768223391E-17));
#5225=DIRECTION('',(0.857626858417389,0.51427246836781,1.31095089607425E-16));
#5226=DIRECTION('',(-2.77555756156289E-17,-2.08627078227901E-16,1.));
#5227=DIRECTION('',(0.51427246836781,-0.857626858417389,1.5190512152931E-16));
#5228=DIRECTION('',(-3.2251656276606E-16,7.92758666264962E-16,-1.));
#5229=DIRECTION('',(-0.51427246836781,0.857626858417389,1.64650257298574E-16));
#5230=DIRECTION('',(-0.857626858417389,-0.51427246836781,-1.31095089607425E-16));
#5231=DIRECTION('',(2.77555756156289E-17,2.08627078227901E-16,-1.));
#5232=DIRECTION('',(0.857626858417891,0.514272468366973,2.93271515705727E-16));
#5233=DIRECTION('',(-5.27355936696949E-16,3.09180656815252E-16,1.));
#5234=DIRECTION('',(0.514272468366973,-0.857626858417891,8.52921653489046E-16));
#5235=DIRECTION('',(1.66842434439813E-16,2.92029949188627E-16,-1.));
#5236=DIRECTION('',(-0.514272468366973,0.857626858417891,-5.36366274661162E-16));
#5237=DIRECTION('',(-0.857626858417891,-0.514272468366973,-2.93271515705727E-16));
#5238=DIRECTION('',(5.27355936696949E-16,-3.09180656815252E-16,-1.));
#5239=DIRECTION('',(-6.08753794719279E-16,4.44923854344974E-16,1.));
#5240=DIRECTION('',(0.514272468366973,-0.857626858417891,6.94643964075104E-16));
#5241=DIRECTION('',(-0.514272468366973,0.857626858417891,-6.94643964075104E-16));
#5242=DIRECTION('',(0.514272468366973,-0.857626858417891,8.52921653489046E-16));
#5243=DIRECTION('',(-0.857626858417891,-0.514272468366973,-2.93271515705727E-16));
#5244=DIRECTION('',(5.27355936696949E-16,-3.09180656815252E-16,-1.));
#5245=DIRECTION('',(0.,0.,1.));
#5246=DIRECTION('',(5.27355936696949E-16,-3.09180656815252E-16,-1.));
#5247=DIRECTION('',(-3.41957009423353E-16,0.,1.));
#5248=DIRECTION('',(0.51427246837182,-0.857626858414985,-9.37426927228833E-15));
#5249=DIRECTION('',(5.27355936696949E-16,-3.09180656815252E-16,-1.));
#5250=DIRECTION('',(-0.857626858417891,-0.514272468366973,-2.93271515705727E-16));
#5251=DIRECTION('',(5.27355936696949E-16,-3.09180656815252E-16,-1.));
#5252=DIRECTION('',(-0.514272468366973,0.857626858417891,-7.73782808782075E-16));
#5253=DIRECTION('',(0.85762685841793,0.514272468366907,-6.93889390390723E-16));
#5254=DIRECTION('',(2.4980018054066E-16,9.52258810397678E-16,1.));
#5255=DIRECTION('',(0.514272468366907,-0.85762685841793,9.96566981410793E-16));
#5256=DIRECTION('',(-3.19259769951543E-16,-8.16850332668872E-16,-1.));
#5257=DIRECTION('',(-0.514272468366907,0.85762685841793,-6.80011602582908E-16));
#5258=DIRECTION('',(-0.85762685841793,-0.514272468366907,6.93889390390723E-16));
#5259=DIRECTION('',(-2.4980018054066E-16,-9.52258810397678E-16,-1.));
#5260=DIRECTION('',(1.68402322518341E-16,1.08800200792741E-15,1.));
#5261=DIRECTION('',(0.514272468366907,-0.85762685841793,8.38289291996851E-16));
#5262=DIRECTION('',(-0.514272468366907,0.85762685841793,-8.38289291996851E-16));
#5263=DIRECTION('',(0.514272468366907,-0.85762685841793,9.96566981410793E-16));
#5264=DIRECTION('',(-0.85762685841793,-0.514272468366907,6.93889390390723E-16));
#5265=DIRECTION('',(-2.4980018054066E-16,-9.52258810397678E-16,-1.));
#5266=DIRECTION('',(0.,0.,-1.));
#5267=DIRECTION('',(-2.4980018054066E-16,-9.52258810397678E-16,-1.));
#5268=DIRECTION('',(-0.85762685841793,-0.514272468366907,6.93889390390723E-16));
#5269=DIRECTION('',(-2.4980018054066E-16,-9.52258810397678E-16,-1.));
#5270=DIRECTION('',(8.0908075998313E-16,0.,1.));
#5271=DIRECTION('',(0.51427246837182,-0.857626858414985,-9.37426927228833E-15));
#5272=DIRECTION('',(-0.85762685841793,-0.514272468366907,6.93889390390723E-16));
#5273=DIRECTION('',(-2.4980018054066E-16,-9.52258810397678E-16,-1.));
#5274=DIRECTION('',(-2.4980018054066E-16,-9.52258810397678E-16,-1.));
#5275=DIRECTION('',(-0.85762685841793,-0.514272468366907,6.93889390390723E-16));
#5276=DIRECTION('',(-2.4980018054066E-16,-9.52258810397678E-16,-1.));
#5277=DIRECTION('',(-0.514272468366907,0.85762685841793,-9.17428136703822E-16));
#5278=DIRECTION('',(0.857626858417389,0.51427246836781,1.31095089607425E-16));
#5279=DIRECTION('',(-2.77555756156289E-17,-2.08627078227901E-16,1.));
#5280=DIRECTION('',(0.857626858417389,0.51427246836781,1.31095089607425E-16));
#5281=DIRECTION('',(-2.77555756156289E-17,-2.08627078227901E-16,1.));
#5282=DIRECTION('',(-0.857626858417389,-0.51427246836781,-1.31095089607425E-16));
#5283=DIRECTION('',(2.77555756156289E-17,2.08627078227901E-16,-1.));
#5284=DIRECTION('',(-0.857626858417389,-0.51427246836781,-1.31095089607425E-16));
#5285=DIRECTION('',(2.77555756156289E-17,2.08627078227901E-16,-1.));
#5286=DIRECTION('',(-0.857626858417389,-0.51427246836781,-1.31095089607425E-16));
#5287=DIRECTION('',(2.77555756156289E-17,2.08627078227901E-16,-1.));
#5288=DIRECTION('',(-0.857626858417389,-0.51427246836781,-1.31095089607425E-16));
#5289=DIRECTION('',(2.77555756156289E-17,2.08627078227901E-16,-1.));
#5290=DIRECTION('',(0.857626858417891,0.514272468366973,2.93271515705727E-16));
#5291=DIRECTION('',(-5.27355936696949E-16,3.09180656815252E-16,1.));
#5292=DIRECTION('',(-0.857626858417891,-0.514272468366973,-2.93271515705727E-16));
#5293=DIRECTION('',(5.27355936696949E-16,-3.09180656815252E-16,-1.));
#5294=DIRECTION('',(-0.857626858417891,-0.514272468366973,-2.93271515705727E-16));
#5295=DIRECTION('',(5.27355936696949E-16,-3.09180656815252E-16,-1.));
#5296=DIRECTION('',(0.85762685841793,0.514272468366907,-6.93889390390723E-16));
#5297=DIRECTION('',(2.4980018054066E-16,9.52258810397678E-16,1.));
#5298=DIRECTION('',(-0.85762685841793,-0.514272468366907,6.93889390390723E-16));
#5299=DIRECTION('',(-2.4980018054066E-16,-9.52258810397678E-16,-1.));
#5300=DIRECTION('',(-0.85762685841793,-0.514272468366907,6.93889390390723E-16));
#5301=DIRECTION('',(-2.4980018054066E-16,-9.52258810397678E-16,-1.));
#5302=DIRECTION('',(0.,-1.,0.));
#5303=DIRECTION('',(1.,0.,0.));
#5304=DIRECTION('',(3.20161524145243E-16,0.,1.));
#5305=DIRECTION('',(0.,0.,1.));
#5306=DIRECTION('',(-1.,0.,0.));
#5307=DIRECTION('',(0.,-1.,0.));
#5308=DIRECTION('',(-1.,0.,0.));
#5309=DIRECTION('',(-1.,0.,0.));
#5310=DIRECTION('',(0.,-1.,0.));
#5311=DIRECTION('',(-1.,0.,0.));
#5312=DIRECTION('',(0.857626858417389,0.51427246836781,1.31095089607425E-16));
#5313=DIRECTION('',(-0.51427246836781,0.857626858417389,2.18620822169992E-16));
#5314=DIRECTION('',(0.,1.,0.));
#5315=DIRECTION('',(-1.,0.,0.));
#5316=DIRECTION('',(3.41957009423353E-16,0.,-1.));
#5317=DIRECTION('',(1.,0.,0.));
#5318=DIRECTION('',(0.,1.,0.));
#5319=DIRECTION('',(-1.,0.,0.));
#5320=DIRECTION('',(1.52857957188211E-16,0.,-1.));
#5321=DIRECTION('',(0.,0.,-1.));
#5322=DIRECTION('',(-1.,0.,0.));
#5323=DIRECTION('',(0.,1.,0.));
#5324=DIRECTION('',(-1.,0.,0.));
#5325=DIRECTION('',(-8.0908075998313E-16,0.,-1.));
#5326=DIRECTION('',(1.,0.,0.));
#5327=DIRECTION('',(0.,1.,0.));
#5328=DIRECTION('',(-1.,0.,0.));
#5329=DIRECTION('',(0.,0.,-1.));
#5330=DIRECTION('',(0.,1.,0.));
#5331=DIRECTION('',(-1.,0.,0.));
#5332=DIRECTION('',(0.,0.,-1.));
#5333=DIRECTION('',(1.,0.,0.));
#5334=DIRECTION('',(-1.,0.,0.));
#5335=DIRECTION('',(0.,-1.,0.));
#5336=DIRECTION('',(0.857626858417389,0.51427246836781,1.31095089607425E-16));
#5337=DIRECTION('',(-0.51427246836781,0.857626858417389,2.18620822169992E-16));
#5338=DIRECTION('',(-1.,0.,0.));
#5339=DIRECTION('',(0.,-1.,0.));
#5340=DIRECTION('',(0.,-1.,0.));
#5341=DIRECTION('',(1.,0.,0.));
#5342=DIRECTION('',(0.,1.,0.));
#5343=DIRECTION('',(-1.,0.,0.));
#5344=DIRECTION('',(-1.05533270607156E-30,1.,7.30029462806906E-15));
#5345=DIRECTION('',(0.,-7.30029462806906E-15,1.));
#5346=DIRECTION('',(0.,1.,0.));
#5347=DIRECTION('',(0.,1.,0.));
#5348=DIRECTION('',(-1.,0.,0.));
#5349=DIRECTION('',(0.,1.,-7.2280144832367E-15));
#5350=DIRECTION('',(0.,7.2280144832367E-15,1.));
#5351=DIRECTION('',(0.,-1.,0.));
#5352=DIRECTION('',(0.,1.,7.15573433840433E-15));
#5353=DIRECTION('',(0.,-7.15573433840433E-15,1.));
#5354=DIRECTION('',(0.,-1.,0.));
#5355=DIRECTION('',(0.,1.,0.));
#5356=DIRECTION('',(-1.,0.,0.));
#5357=DIRECTION('',(0.,1.,0.));
#5358=DIRECTION('',(-1.,0.,0.));
#5359=DIRECTION('',(0.,1.,0.));
#5360=DIRECTION('',(-1.,0.,0.));
#5361=DIRECTION('',(-5.78241158658936E-17,0.,1.));
#5362=DIRECTION('',(-1.,0.,-5.78241158658936E-17));
#5363=DIRECTION('',(-1.,0.,-5.78241158658936E-17));
#5364=DIRECTION('',(0.,1.,0.));
#5365=DIRECTION('',(-1.,0.,-5.78241158658936E-17));
#5366=DIRECTION('',(-1.,1.77136950940682E-14,-5.78241158658936E-17));
#5367=DIRECTION('',(-5.78241158658936E-17,0.,1.));
#5368=DIRECTION('',(1.,-1.76954842134851E-14,5.78241158658936E-17));
#5369=DIRECTION('',(1.76861715080592E-14,1.,1.02268723050608E-30));
#5370=DIRECTION('',(-5.78241158658936E-17,0.,1.));
#5371=DIRECTION('',(1.,-1.76954842134851E-14,5.78241158658936E-17));
#5372=DIRECTION('',(1.,-1.77136950940682E-14,5.78241158658936E-17));
#5373=DIRECTION('',(0.,-1.,0.));
#5374=DIRECTION('',(0.5,0.,-0.866025403784438));
#5375=DIRECTION('',(0.866025403784438,0.,0.5));
#5376=DIRECTION('',(-4.18510001670756E-14,1.,-2.41626862123163E-14));
#5377=DIRECTION('',(0.5,0.,-0.866025403784438));
#5378=DIRECTION('',(0.857089765318623,-0.143281234807943,0.494841006726382));
#5379=DIRECTION('',(0.,-1.,0.));
#5380=DIRECTION('',(0.5,0.,-0.866025403784438));
#5381=DIRECTION('',(-0.866025403784438,0.,-0.5));
#5382=DIRECTION('',(0.866025403784438,0.,0.5));
#5383=DIRECTION('',(-0.866025403784438,1.54376544610095E-14,-0.5));
#5384=DIRECTION('',(1.77136950940682E-14,1.,1.94289029309402E-16));
#5385=DIRECTION('',(0.5,0.,-0.866025403784438));
#5386=DIRECTION('',(0.866025403784438,-1.65541358839346E-14,0.5));
#5387=DIRECTION('',(5.78241158658936E-17,0.,1.));
#5388=DIRECTION('',(-1.,0.,5.78241158658936E-17));
#5389=DIRECTION('',(-1.,0.,5.78241158658936E-17));
#5390=DIRECTION('',(0.,1.,0.));
#5391=DIRECTION('',(1.,-1.77136950940682E-14,-5.78241158658936E-17));
#5392=DIRECTION('',(5.78241158658936E-17,0.,1.));
#5393=DIRECTION('',(1.,-1.76355756761572E-14,-5.78241158658936E-17));
#5394=DIRECTION('',(1.82028254488216E-14,1.,-1.05256228783929E-30));
#5395=DIRECTION('',(5.78241158658936E-17,0.,1.));
#5396=DIRECTION('',(1.,-1.76355756761572E-14,-5.78241158658936E-17));
#5397=DIRECTION('',(-1.,1.77136950940682E-14,5.78241158658936E-17));
#5398=DIRECTION('',(0.,-1.,0.));
#5399=DIRECTION('',(0.,-1.,0.));
#5400=DIRECTION('',(1.,0.,0.));
#5401=DIRECTION('',(1.,0.,3.33847688608259E-16));
#5402=DIRECTION('',(0.,-1.,0.));
#5403=DIRECTION('',(1.,0.,0.));
#5404=DIRECTION('',(1.,0.,0.));
#5405=DIRECTION('',(0.,0.,-1.));
#5406=DIRECTION('',(0.,1.,0.));
#5407=DIRECTION('',(0.51427246837182,-0.857626858414985,-9.37426927228833E-15));
#5408=DIRECTION('',(0.,1.,0.));
#5409=DIRECTION('',(0.,-1.,0.));
#5410=DIRECTION('',(1.,0.,0.));
#5411=DIRECTION('',(0.,1.,0.));
#5412=DIRECTION('',(1.,0.,0.));
#5413=DIRECTION('',(0.,1.,0.));
#5414=DIRECTION('',(0.51427246837182,-0.857626858414985,-9.37426927228833E-15));
#5415=DIRECTION('',(0.51427246837182,-0.857626858414985,-9.37426927228833E-15));
#5416=DIRECTION('',(0.,-1.,0.));
#5417=DIRECTION('',(0.,-1.,0.));
#5418=DIRECTION('',(0.,-1.,0.));
#5419=DIRECTION('',(1.,0.,0.));
#5420=DIRECTION('',(0.,-1.,0.));
#5421=DIRECTION('',(1.,0.,0.));
#5422=DIRECTION('',(0.,1.,0.));
#5423=DIRECTION('',(-1.,0.,0.));
#5424=DIRECTION('',(-1.15648231731787E-16,1.,0.));
#5425=DIRECTION('',(-1.,-1.15648231731787E-16,0.));
#5426=DIRECTION('',(-1.15648231731787E-16,1.,0.));
#5427=DIRECTION('',(-1.,-1.15648231731787E-16,0.));
#5428=DIRECTION('',(0.,0.,1.));
#5429=DIRECTION('',(-1.15648231731787E-16,1.,0.));
#5430=DIRECTION('',(-1.,-1.15648231731787E-16,0.));
#5431=DIRECTION('',(-1.15648231731787E-16,1.,0.));
#5432=DIRECTION('',(-1.,-1.15648231731787E-16,0.));
#5433=DIRECTION('',(-1.73472347597681E-16,1.,0.));
#5434=DIRECTION('',(-1.,-1.73472347597681E-16,0.));
#5435=DIRECTION('',(-1.73472347597681E-16,1.,0.));
#5436=DIRECTION('',(-1.,-1.73472347597681E-16,0.));
#5437=DIRECTION('',(0.,0.,1.));
#5438=DIRECTION('',(-1.73472347597681E-16,1.,0.));
#5439=DIRECTION('',(-1.,-1.73472347597681E-16,0.));
#5440=DIRECTION('',(-1.73472347597681E-16,1.,0.));
#5441=DIRECTION('',(-1.,-1.73472347597681E-16,0.));
#5442=DIRECTION('',(-1.73472347597681E-16,1.,0.));
#5443=DIRECTION('',(-1.,-1.73472347597681E-16,0.));
#5444=DIRECTION('',(-1.,0.,0.));
#5445=DIRECTION('',(0.,-1.,0.));
#5446=DIRECTION('',(0.,0.,1.));
#5447=DIRECTION('',(0.,0.,-1.));
#5448=DIRECTION('',(1.,0.,0.));
#5449=DIRECTION('',(0.,1.,0.));
#5450=DIRECTION('',(0.,0.,-1.));
#5451=DIRECTION('',(0.,1.,0.));
#5452=DIRECTION('',(0.,1.,0.));
#5453=DIRECTION('',(0.,1.,0.));
#5454=DIRECTION('',(0.,0.,1.));
#5455=DIRECTION('',(0.,1.,0.));
#5456=DIRECTION('',(-1.,0.,0.));
#5457=DIRECTION('',(0.,1.,0.));
#5458=DIRECTION('',(-1.,0.,0.));
#5459=DIRECTION('',(0.,0.,1.));
#5460=DIRECTION('',(0.,-1.,0.));
#5461=DIRECTION('',(0.,0.,-1.));
#5462=DIRECTION('',(0.,1.,0.));
#5463=DIRECTION('',(0.,-7.11959426598814E-15,1.));
#5464=DIRECTION('',(0.,-1.,-7.11959426598814E-15));
#5465=DIRECTION('',(-1.,0.,0.));
#5466=DIRECTION('',(0.,-1.,0.));
#5467=DIRECTION('',(-1.,0.,0.));
#5468=DIRECTION('',(0.,-1.,0.));
#5469=DIRECTION('',(-1.,0.,0.));
#5470=DIRECTION('',(0.,-1.,0.));
#5471=DIRECTION('',(-1.04488386739759E-30,-7.2280144832367E-15,1.));
#5472=DIRECTION('',(0.,-1.,-7.2280144832367E-15));
#5473=DIRECTION('',(-1.,0.,0.));
#5474=DIRECTION('',(0.,-1.,0.));
#5475=DIRECTION('',(0.,-7.2280144832367E-15,-1.));
#5476=DIRECTION('',(0.,1.,-7.2280144832367E-15));
#5477=DIRECTION('',(0.,0.,-1.));
#5478=DIRECTION('',(0.,1.,0.));
#5479=DIRECTION('',(3.33847688608259E-16,0.,-1.));
#5480=DIRECTION('',(1.,0.,3.33847688608259E-16));
#5481=DIRECTION('',(3.33847688608259E-16,0.,-1.));
#5482=DIRECTION('',(0.990691657069972,-0.136125091779414,3.30740119836296E-16));
#5483=DIRECTION('',(1.,0.,3.33847688608259E-16));
#5484=DIRECTION('',(0.,-1.,0.));
#5485=DIRECTION('',(1.,0.,3.33847688608259E-16));
#5486=DIRECTION('',(0.,-1.,0.));
#5487=DIRECTION('',(1.,0.,0.));
#5488=DIRECTION('',(0.,-1.,0.));
#5489=DIRECTION('',(1.,0.,0.));
#5490=DIRECTION('',(1.,0.,3.33847688608259E-16));
#5491=DIRECTION('',(0.,-1.,0.));
#5492=DIRECTION('',(1.,0.,0.));
#5493=DIRECTION('',(1.,0.,0.));
#5494=DIRECTION('',(0.,1.,0.));
#5495=DIRECTION('',(0.,0.,1.));
#5496=DIRECTION('',(0.,1.,0.));
#5497=DIRECTION('',(0.,0.,-1.));
#5498=DIRECTION('',(0.,1.,0.));
#5499=DIRECTION('',(1.,0.,0.));
#5500=DIRECTION('',(0.,-1.,0.));
#5501=DIRECTION('',(1.,0.,0.));
#5502=DIRECTION('',(-3.33847688608259E-16,0.,-1.));
#5503=DIRECTION('',(1.,0.,-3.33847688608259E-16));
#5504=DIRECTION('',(0.,-1.,0.));
#5505=DIRECTION('',(-3.33847688608259E-16,0.,-1.));
#5506=DIRECTION('',(-0.98958592351326,0.143943391596863,3.30370973244171E-16));
#5507=DIRECTION('',(1.,0.,-3.33847688608259E-16));
#5508=DIRECTION('',(0.,-1.,0.));
#5509=DIRECTION('',(1.,0.,-3.33847688608259E-16));
#5510=DIRECTION('',(-1.,0.,0.));
#5511=DIRECTION('',(0.,-1.,0.));
#5512=DIRECTION('',(0.,-1.,0.));
#5513=DIRECTION('',(0.,0.,-1.));
#5514=DIRECTION('',(0.,0.,-1.));
#5515=DIRECTION('',(-0.5,0.,-0.866025403784438));
#5516=DIRECTION('',(0.866025403784438,0.,-0.5));
#5517=DIRECTION('',(-0.5,0.,-0.866025403784438));
#5518=DIRECTION('',(-0.856226178075988,0.150007697479767,0.494342414399378));
#5519=DIRECTION('',(-0.5,0.,-0.866025403784438));
#5520=DIRECTION('',(-0.866025403784438,0.,0.5));
#5521=DIRECTION('',(0.866025403784438,0.,-0.5));
#5522=DIRECTION('',(0.866025403784438,-1.52433654317001E-14,-0.5));
#5523=DIRECTION('',(-1.77136950940682E-14,-1.,-1.94289029309402E-16));
#5524=DIRECTION('',(-0.5,0.,-0.866025403784438));
#5525=DIRECTION('',(0.866025403784438,-1.64980914120462E-14,-0.5));
#5526=DIRECTION('',(-4.30735645955705E-14,1.,2.48685341142094E-14));
#5527=DIRECTION('',(0.,-1.,0.));
#5528=DIRECTION('',(1.,0.,0.));
#5529=DIRECTION('',(1.,0.,-3.33847688608259E-16));
#5530=DIRECTION('',(0.,0.,-1.));
#5531=DIRECTION('',(-1.,0.,0.));
#5532=DIRECTION('',(0.,-1.,0.));
#5533=DIRECTION('',(0.,1.,0.));
#5534=DIRECTION('',(0.,0.,-1.));
#5535=DIRECTION('',(0.,0.,1.));
#5536=DIRECTION('',(0.,1.,0.));
#5537=DIRECTION('',(0.,-1.,0.));
#5538=DIRECTION('',(1.,0.,0.));
#5539=DIRECTION('',(0.,1.,0.));
#5540=DIRECTION('',(-1.,0.,0.));
#5541=DIRECTION('',(0.,1.,0.));
#5542=DIRECTION('',(-1.,0.,0.));
#5543=DIRECTION('',(-1.77136950940682E-14,-1.,-1.94289029309402E-16));
#5544=DIRECTION('',(0.376052544999141,-6.84521883620448E-15,0.926598339842927));
#5545=DIRECTION('',(-1.77136950940682E-14,-1.,-1.94289029309402E-16));
#5546=DIRECTION('',(0.376052544999141,-6.84521883620448E-15,0.926598339842927));
#5547=DIRECTION('',(1.77136950940682E-14,1.,1.94289029309402E-16));
#5548=DIRECTION('',(-0.376052544999141,6.84521883620448E-15,-0.926598339842927));
#5549=DIRECTION('',(0.926598339842927,-1.63410951437015E-14,-0.376052544999141));
#5550=DIRECTION('',(0.926598339842927,-1.63410951437015E-14,-0.376052544999141));
#5551=DIRECTION('',(-0.376052544999141,6.84521883620448E-15,-0.926598339842927));
#5552=DIRECTION('',(0.926598339842927,-1.63410951437015E-14,-0.376052544999141));
#5553=DIRECTION('',(0.376052544999141,-6.84521883620448E-15,0.926598339842927));
#5554=DIRECTION('',(0.926598339842927,-1.63410951437015E-14,-0.376052544999141));
#5555=DIRECTION('',(0.376052544999141,-6.84521883620448E-15,0.926598339842927));
#5556=DIRECTION('',(-0.916877976284669,0.144466954568077,0.372107612985753));
#5557=DIRECTION('',(0.926598339842927,-1.63410951437015E-14,-0.376052544999141));
#5558=DIRECTION('',(1.77136950940682E-14,1.,1.94289029309402E-16));
#5559=DIRECTION('',(-0.376052544999141,6.84521883620448E-15,-0.926598339842927));
#5560=DIRECTION('',(-1.77136950940682E-14,-1.,-1.94289029309402E-16));
#5561=DIRECTION('',(0.376052544999141,-6.84521883620448E-15,0.926598339842927));
#5562=DIRECTION('',(-1.77136950940682E-14,-1.,-1.94289029309402E-16));
#5563=DIRECTION('',(-0.376052544999141,6.84521883620448E-15,-0.926598339842927));
#5564=DIRECTION('',(0.926598339842927,-1.63410951437015E-14,-0.376052544999141));
#5565=DIRECTION('',(0.926598339842927,-1.63410951437015E-14,-0.376052544999141));
#5566=DIRECTION('',(-0.376052544999141,6.84521883620448E-15,-0.926598339842927));
#5567=DIRECTION('',(0.926598339842971,-1.63966062949328E-14,0.376052544999035));
#5568=DIRECTION('',(0.376052544999035,-6.65092980689508E-15,-0.926598339842971));
#5569=DIRECTION('',(0.926598339842971,-1.63966062949328E-14,0.376052544999035));
#5570=DIRECTION('',(0.926598339842971,-1.63966062949328E-14,0.376052544999035));
#5571=DIRECTION('',(0.376052544999035,-6.65092980689508E-15,-0.92659833984297));
#5572=DIRECTION('',(-0.926598339842971,1.63966062949328E-14,-0.376052544999035));
#5573=DIRECTION('',(0.376052544999035,-6.65092980689508E-15,-0.926598339842971));
#5574=DIRECTION('',(0.917784279462976,-0.137601130938254,0.372475428901208));
#5575=DIRECTION('',(0.926598339842971,-1.63966062949328E-14,0.376052544999035));
#5576=DIRECTION('',(0.926598339842971,-1.63966062949328E-14,0.376052544999035));
#5577=DIRECTION('',(0.376052544999035,-6.65092980689508E-15,-0.926598339842971));
#5578=DIRECTION('',(0.926598339842971,-1.63966062949328E-14,0.376052544999035));
#5579=DIRECTION('',(1.77136950940682E-14,1.,1.94289029309402E-16));
#5580=DIRECTION('',(-0.376052544999141,6.84521883620448E-15,-0.926598339842927));
#5581=DIRECTION('',(-1.77136950940682E-14,-1.,-1.94289029309402E-16));
#5582=DIRECTION('',(0.376052544999141,-6.84521883620448E-15,0.926598339842927));
#5583=DIRECTION('',(-1.77136950940682E-14,-1.,-1.94289029309402E-16));
#5584=DIRECTION('',(-0.376052544999141,6.84521883620448E-15,-0.926598339842927));
#5585=DIRECTION('',(-1.77136950940682E-14,-1.,-1.94289029309402E-16));
#5586=DIRECTION('',(0.376052544999141,-6.84521883620448E-15,0.926598339842927));
#5587=DIRECTION('',(1.77136950940682E-14,1.,1.94289029309402E-16));
#5588=DIRECTION('',(-0.376052544999141,6.84521883620448E-15,-0.926598339842927));
#5589=DIRECTION('',(-1.77136950940682E-14,-1.,-1.94289029309402E-16));
#5590=DIRECTION('',(0.376052544999141,-6.84521883620448E-15,0.926598339842927));
#5591=DIRECTION('',(0.,-1.,0.));
#5592=DIRECTION('',(1.,0.,0.));
#5593=DIRECTION('',(-1.73472347597681E-16,1.,0.));
#5594=DIRECTION('',(-1.,-1.73472347597681E-16,0.));
#5595=DIRECTION('',(0.,1.,0.));
#5596=DIRECTION('',(-1.,0.,0.));
#5597=DIRECTION('',(0.,1.,0.));
#5598=DIRECTION('',(-1.,0.,0.));
#5599=DIRECTION('',(0.,-1.,0.));
#5600=DIRECTION('',(1.,0.,0.));
#5601=DIRECTION('',(-1.15648231731787E-16,1.,0.));
#5602=DIRECTION('',(-1.,-1.15648231731787E-16,0.));
#5603=DIRECTION('',(0.,-1.,0.));
#5604=DIRECTION('',(1.,0.,0.));
#5605=DIRECTION('',(0.,-1.,0.));
#5606=DIRECTION('',(1.,0.,0.));
#5607=DIRECTION('',(0.,-1.,0.));
#5608=DIRECTION('',(1.,0.,0.));
#5609=DIRECTION('',(-0.447761194029836,2.58518086027969E-15,-0.894153182134345));
#5610=DIRECTION('',(0.894153182134345,0.,-0.447761194029836));
#5611=DIRECTION('',(-0.447761194029832,0.,0.894153182134348));
#5612=DIRECTION('',(-0.894153182134348,0.,-0.447761194029832));
#5613=DIRECTION('',(-0.447761194029837,-6.46295215069922E-15,-0.894153182134345));
#5614=DIRECTION('',(0.894153182134345,0.,-0.447761194029837));
#5615=DIRECTION('',(-0.447761194029836,-4.84721411302442E-15,0.894153182134345));
#5616=DIRECTION('',(-0.894153182134345,0.,-0.447761194029836));
#5617=DIRECTION('',(0.,-1.,0.));
#5618=DIRECTION('',(1.,0.,0.));
#5619=DIRECTION('',(0.,1.,0.));
#5620=DIRECTION('',(-1.,0.,0.));
#5621=DIRECTION('',(0.447761194029831,0.,0.894153182134348));
#5622=DIRECTION('',(-0.894153182134348,0.,0.447761194029831));
#5623=DIRECTION('',(0.447761194029836,-2.58518086027969E-15,-0.894153182134345));
#5624=DIRECTION('',(0.894153182134345,0.,0.447761194029836));
#5625=DIRECTION('',(0.447761194029836,4.84721411302442E-15,0.894153182134345));
#5626=DIRECTION('',(-0.894153182134345,0.,0.447761194029836));
#5627=DIRECTION('',(0.44776119402984,6.46295215069921E-15,-0.894153182134343));
#5628=DIRECTION('',(0.894153182134343,0.,0.44776119402984));
#5629=DIRECTION('',(0.,1.,0.));
#5630=DIRECTION('',(-1.,0.,0.));
#5631=DIRECTION('',(-1.15648231731787E-16,1.,0.));
#5632=DIRECTION('',(-1.,-1.15648231731787E-16,0.));
#5633=DIRECTION('',(-1.73472347597681E-16,1.,0.));
#5634=DIRECTION('',(-1.,-1.73472347597681E-16,0.));
#5635=DIRECTION('',(1.,0.,0.));
#5636=DIRECTION('',(0.,1.,0.));
#5637=DIRECTION('',(-1.,0.,0.));
#5638=DIRECTION('',(0.,-1.,0.));
#5639=DIRECTION('',(0.857626858417389,0.51427246836781,1.31095089607425E-16));
#5640=DIRECTION('',(-2.77555756156289E-17,-2.08627078227901E-16,1.));
#5641=DIRECTION('',(0.857626858417389,0.51427246836781,1.31095089607425E-16));
#5642=DIRECTION('',(0.85762685841793,0.514272468366907,-6.93889390390723E-16));
#5643=DIRECTION('',(2.4980018054066E-16,9.52258810397678E-16,1.));
#5644=DIRECTION('',(0.85762685841793,0.514272468366907,-6.93889390390723E-16));
#5645=DIRECTION('',(-1.49852362649322E-16,-5.01228193343691E-18,1.));
#5646=DIRECTION('',(0.51427246836781,-0.857626858417389,7.27662768223391E-17));
#5647=DIRECTION('',(-6.49452723730443E-16,5.12795453109835E-16,1.));
#5648=DIRECTION('',(0.514272468366973,-0.857626858417891,7.73782808782075E-16));
#5649=DIRECTION('',(1.27703393507182E-16,1.15587360669227E-15,1.));
#5650=DIRECTION('',(0.514272468366907,-0.85762685841793,9.17428136703822E-16));
#5651=DIRECTION('',(-0.51427246836781,0.857626858417389,1.64650257298574E-16));
#5652=DIRECTION('',(-0.857626858417389,-0.51427246836781,-1.31095089607425E-16));
#5653=DIRECTION('',(2.77555756156289E-17,2.08627078227901E-16,-1.));
#5654=DIRECTION('',(0.857626858417389,0.51427246836781,1.31095089607425E-16));
#5655=DIRECTION('',(-2.77555756156289E-17,-2.08627078227901E-16,1.));
#5656=DIRECTION('',(0.857626858417389,0.51427246836781,1.31095089607425E-16));
#5657=DIRECTION('',(0.51427246836781,-0.857626858417389,-1.64650257298574E-16));
#5658=DIRECTION('',(0.857626858417389,0.51427246836781,1.31095089607425E-16));
#5659=DIRECTION('',(-0.514272468366973,0.857626858417891,-5.36366274661162E-16));
#5660=DIRECTION('',(-0.857626858417891,-0.514272468366973,-2.93271515705727E-16));
#5661=DIRECTION('',(-0.514272468366973,0.857626858417891,-5.36366274661162E-16));
#5662=DIRECTION('',(-0.857626858417891,-0.514272468366973,-8.94471610661282E-16));
#5663=DIRECTION('',(5.27355936696949E-16,-3.09180656815252E-16,-1.));
#5664=DIRECTION('',(-0.514272468366973,0.857626858417891,-5.36366274661162E-16));
#5665=DIRECTION('',(-0.857626858417891,-0.514272468366973,-8.94471610661282E-16));
#5666=DIRECTION('',(-1.04296128541422E-15,0.,1.));
#5667=DIRECTION('',(-1.04296128541422E-15,0.,1.));
#5668=DIRECTION('',(0.85762685841793,0.514272468366907,-6.93889390390723E-16));
#5669=DIRECTION('',(2.4980018054066E-16,9.52258810397678E-16,1.));
#5670=DIRECTION('',(0.85762685841793,0.514272468366907,-6.93889390390723E-16));
#5671=DIRECTION('',(-0.514272468366907,0.85762685841793,-6.80011602582908E-16));
#5672=DIRECTION('',(-0.85762685841793,-0.514272468366907,6.93889390390723E-16));
#5673=DIRECTION('',(-2.4980018054066E-16,-9.52258810397678E-16,-1.));
#5674=DIRECTION('',(-1.09153433638091E-16,-7.28838806982581E-17,1.));
#5675=DIRECTION('',(0.51427246836781,-0.857626858417389,-6.37256788463199E-18));
#5676=DIRECTION('',(-0.51427246836781,0.857626858417389,6.37256788463199E-18));
#5677=DIRECTION('',(-0.857626858417389,-0.51427246836781,-1.31095089607425E-16));
#5678=DIRECTION('',(2.77555756156289E-17,2.08627078227901E-16,-1.));
#5679=DIRECTION('',(0.857626858417389,0.51427246836781,1.31095089607425E-16));
#5680=DIRECTION('',(-2.77555756156289E-17,-2.08627078227901E-16,1.));
#5681=DIRECTION('',(0.857626858417891,0.514272468366973,2.93271515705727E-16));
#5682=DIRECTION('',(-5.27355936696949E-16,3.09180656815252E-16,1.));
#5683=DIRECTION('',(0.,0.,-1.));
#5684=DIRECTION('',(-6.08753794719279E-16,4.44923854344974E-16,1.));
#5685=DIRECTION('',(0.514272468366973,-0.857626858417891,6.94643964075104E-16));
#5686=DIRECTION('',(-0.514272468366973,0.857626858417891,-6.94643964075104E-16));
#5687=DIRECTION('',(-0.857626858417891,-0.514272468366973,-2.93271515705727E-16));
#5688=DIRECTION('',(5.27355936696949E-16,-3.09180656815252E-16,-1.));
#5689=DIRECTION('',(0.85762685841793,0.514272468366907,-6.93889390390723E-16));
#5690=DIRECTION('',(2.4980018054066E-16,9.52258810397678E-16,1.));
#5691=DIRECTION('',(0.,0.,1.));
#5692=DIRECTION('',(1.68402322518341E-16,1.08800200792741E-15,1.));
#5693=DIRECTION('',(0.514272468366907,-0.85762685841793,8.38289291996851E-16));
#5694=DIRECTION('',(-0.514272468366907,0.85762685841793,-8.38289291996851E-16));
#5695=DIRECTION('',(-0.85762685841793,-0.514272468366907,6.93889390390723E-16));
#5696=DIRECTION('',(-2.4980018054066E-16,-9.52258810397678E-16,-1.));
#5697=DIRECTION('',(-0.51427246836781,0.857626858417389,1.64650257298574E-16));
#5698=DIRECTION('',(-0.857626858417389,-0.51427246836781,-1.31095089607425E-16));
#5699=DIRECTION('',(-0.51427246836781,0.857626858417389,1.64650257298574E-16));
#5700=DIRECTION('',(-0.857626858417389,-0.51427246836781,-1.31095089607425E-16));
#5701=DIRECTION('',(2.77555756156289E-17,2.08627078227901E-16,-1.));
#5702=DIRECTION('',(0.857626858417389,0.51427246836781,1.31095089607425E-16));
#5703=DIRECTION('',(0.51427246836781,-0.857626858417389,-1.64650257298574E-16));
#5704=DIRECTION('',(2.77555756156289E-17,2.08627078227901E-16,-1.));
#5705=DIRECTION('',(0.857626858417389,0.51427246836781,1.31095089607425E-16));
#5706=DIRECTION('',(0.51427246836781,-0.857626858417389,-1.64650257298574E-16));
#5707=DIRECTION('',(0.857626858417389,0.51427246836781,1.31095089607425E-16));
#5708=DIRECTION('',(-2.77555756156289E-17,-2.08627078227901E-16,1.));
#5709=DIRECTION('',(0.857626858417389,0.51427246836781,1.31095089607425E-16));
#5710=DIRECTION('',(-2.77555756156289E-17,-2.08627078227901E-16,1.));
#5711=DIRECTION('',(-0.857626858417389,-0.51427246836781,-1.31095089607425E-16));
#5712=DIRECTION('',(2.77555756156289E-17,2.08627078227901E-16,-1.));
#5713=DIRECTION('',(-0.514272468366973,0.857626858417891,-5.36366274661162E-16));
#5714=DIRECTION('',(-0.857626858417891,-0.514272468366973,-2.93271515705727E-16));
#5715=DIRECTION('',(-0.514272468366973,0.857626858417891,-5.36366274661162E-16));
#5716=DIRECTION('',(-0.857626858417891,-0.514272468366973,-2.93271515705727E-16));
#5717=DIRECTION('',(5.27355936696949E-16,-3.09180656815252E-16,-1.));
#5718=DIRECTION('',(0.857626858417891,0.514272468366973,2.93271515705727E-16));
#5719=DIRECTION('',(0.514272468366973,-0.857626858417891,5.36366274661162E-16));
#5720=DIRECTION('',(5.27355936696949E-16,-3.09180656815252E-16,-1.));
#5721=DIRECTION('',(0.857626858417891,0.514272468366973,2.93271515705727E-16));
#5722=DIRECTION('',(0.514272468366973,-0.857626858417891,5.36366274661162E-16));
#5723=DIRECTION('',(0.857626858417891,0.514272468366973,2.93271515705727E-16));
#5724=DIRECTION('',(-5.27355936696949E-16,3.09180656815252E-16,1.));
#5725=DIRECTION('',(0.857626858417891,0.514272468366973,2.93271515705727E-16));
#5726=DIRECTION('',(-5.27355936696949E-16,3.09180656815252E-16,1.));
#5727=DIRECTION('',(-0.514272468366907,0.85762685841793,-6.80011602582908E-16));
#5728=DIRECTION('',(-0.85762685841793,-0.514272468366907,6.93889390390723E-16));
#5729=DIRECTION('',(-0.514272468366907,0.85762685841793,-6.80011602582908E-16));
#5730=DIRECTION('',(-0.85762685841793,-0.514272468366907,6.93889390390723E-16));
#5731=DIRECTION('',(-2.4980018054066E-16,-9.52258810397678E-16,-1.));
#5732=DIRECTION('',(0.85762685841793,0.514272468366907,-6.93889390390723E-16));
#5733=DIRECTION('',(0.514272468366907,-0.85762685841793,6.80011602582908E-16));
#5734=DIRECTION('',(-2.4980018054066E-16,-9.52258810397678E-16,-1.));
#5735=DIRECTION('',(0.85762685841793,0.514272468366907,-6.93889390390723E-16));
#5736=DIRECTION('',(0.514272468366907,-0.85762685841793,6.80011602582908E-16));
#5737=DIRECTION('',(0.85762685841793,0.514272468366907,-6.93889390390723E-16));
#5738=DIRECTION('',(2.4980018054066E-16,9.52258810397678E-16,1.));
#5739=DIRECTION('',(0.85762685841793,0.514272468366907,-6.93889390390723E-16));
#5740=DIRECTION('',(2.4980018054066E-16,9.52258810397678E-16,1.));
#5741=DIRECTION('',(-5.23864648720854E-16,1.,2.28065816117274E-15));
#5742=DIRECTION('',(-1.,-5.23864648720839E-16,-1.11022302462516E-16));
#5743=DIRECTION('',(0.,-1.,0.));
#5744=DIRECTION('',(1.,0.,0.));
#5745=DIRECTION('',(5.23864648720854E-16,-1.,-2.28065816117274E-15));
#5746=DIRECTION('',(1.,5.23864648720839E-16,1.11022302462516E-16));
#5747=DIRECTION('',(0.,-1.,0.));
#5748=DIRECTION('',(1.,0.,0.));
#5749=DIRECTION('',(0.,-1.,0.));
#5750=DIRECTION('',(1.,0.,0.));
#5751=DIRECTION('',(0.,-1.,0.));
#5752=DIRECTION('',(1.,0.,0.));
#5753=DIRECTION('',(0.,-1.,0.));
#5754=DIRECTION('',(1.,0.,0.));
#5755=DIRECTION('',(0.,-1.,0.));
#5756=DIRECTION('',(1.,0.,0.));
#5757=DIRECTION('',(0.,-1.,0.));
#5758=DIRECTION('',(1.,0.,0.));
#5759=DIRECTION('',(0.,-1.,0.));
#5760=DIRECTION('',(1.,0.,0.));
#5761=DIRECTION('',(0.,-1.,0.));
#5762=DIRECTION('',(1.,0.,0.));
#5763=DIRECTION('',(0.,-1.,0.));
#5764=DIRECTION('',(1.,0.,0.));
#5765=DIRECTION('',(0.,-1.,0.));
#5766=DIRECTION('',(1.,0.,0.));
#5767=DIRECTION('',(0.,-1.,0.));
#5768=DIRECTION('',(1.,0.,0.));
#5769=DIRECTION('',(5.23864648720854E-16,-1.,-2.28065816117274E-15));
#5770=DIRECTION('',(1.,5.23864648720839E-16,1.11022302462516E-16));
#5771=DIRECTION('',(5.23864648720854E-16,-1.,-2.28065816117274E-15));
#5772=DIRECTION('',(1.,5.23864648720839E-16,1.11022302462516E-16));
#5773=DIRECTION('',(-5.23864648720854E-16,1.,2.28065816117274E-15));
#5774=DIRECTION('',(-1.,-5.23864648720839E-16,-1.11022302462516E-16));
#5775=DIRECTION('',(-5.23864648720854E-16,1.,2.28065816117274E-15));
#5776=DIRECTION('',(-1.,-5.23864648720839E-16,-1.11022302462516E-16));
#5777=DIRECTION('',(1.,0.,3.33847688608259E-16));
#5778=DIRECTION('',(-3.33847688608259E-16,0.,1.));
#5779=DIRECTION('',(1.,0.,3.33847688608259E-16));
#5780=DIRECTION('',(-3.33847688608259E-16,0.,1.));
#5781=DIRECTION('',(-1.,0.,-3.33847688608259E-16));
#5782=DIRECTION('',(3.33847688608259E-16,0.,-1.));
#5783=DIRECTION('',(-1.,0.,-3.33847688608259E-16));
#5784=DIRECTION('',(3.33847688608259E-16,0.,-1.));
#5785=DIRECTION('',(0.,-1.,0.));
#5786=DIRECTION('',(1.,0.,0.));
#5787=DIRECTION('',(0.,-1.,0.));
#5788=DIRECTION('',(0.,-1.,0.));
#5789=DIRECTION('',(1.,0.,0.));
#5790=DIRECTION('',(0.,-1.,0.));
#5791=DIRECTION('',(1.,0.,0.));
#5792=DIRECTION('',(0.,1.,0.));
#5793=DIRECTION('',(-1.,0.,0.));
#5794=DIRECTION('',(0.,-1.,0.));
#5795=DIRECTION('',(1.,0.,0.));
#5796=DIRECTION('',(0.,-1.,0.));
#5797=DIRECTION('',(1.,0.,0.));
#5798=DIRECTION('',(0.,-1.,0.));
#5799=DIRECTION('',(1.,0.,0.));
#5800=DIRECTION('',(2.31296463463574E-15,1.15648231731787E-15,1.));
#5801=DIRECTION('',(-1.,0.,2.31296463463574E-15));
#5802=DIRECTION('',(0.,-1.,0.));
#5803=DIRECTION('',(1.,0.,0.));
#5804=DIRECTION('',(0.,-1.,0.));
#5805=DIRECTION('',(1.,0.,0.));
#5806=DIRECTION('',(0.,0.,1.));
#5807=DIRECTION('',(0.,-1.,0.));
#5808=DIRECTION('',(0.,-1.,0.));
#5809=DIRECTION('',(1.,0.,0.));
#5810=DIRECTION('',(-1.,0.,3.33847688608259E-16));
#5811=DIRECTION('',(-3.33847688608259E-16,0.,-1.));
#5812=DIRECTION('',(-1.,0.,3.33847688608259E-16));
#5813=DIRECTION('',(-3.33847688608259E-16,0.,-1.));
#5814=DIRECTION('',(0.,-1.,0.));
#5815=DIRECTION('',(1.,0.,0.));
#5816=DIRECTION('',(0.,-1.,0.));
#5817=DIRECTION('',(1.,0.,0.));
#5818=DIRECTION('',(0.,-1.,0.));
#5819=DIRECTION('',(1.,0.,0.));
#5820=DIRECTION('',(1.,0.,-3.33847688608259E-16));
#5821=DIRECTION('',(3.33847688608259E-16,0.,1.));
#5822=DIRECTION('',(1.,0.,-3.33847688608259E-16));
#5823=DIRECTION('',(3.33847688608259E-16,0.,1.));
#5824=DIRECTION('',(0.,-1.,0.));
#5825=DIRECTION('',(1.,0.,0.));
#5826=DIRECTION('',(0.,0.,1.));
#5827=DIRECTION('',(0.,-1.,0.));
#5828=DIRECTION('',(0.,0.,-1.));
#5829=DIRECTION('',(0.,1.,0.));
#5830=DIRECTION('',(0.,-1.,0.));
#5831=DIRECTION('',(1.,0.,0.));
#5832=DIRECTION('',(0.,-1.15648231731787E-15,1.));
#5833=DIRECTION('',(0.,-1.,-1.15648231731787E-15));
#5834=DIRECTION('',(0.,0.,1.));
#5835=DIRECTION('',(0.,-1.,0.));
#5836=DIRECTION('',(0.00872653549837069,2.67668731410572E-16,0.999961923064171));
#5837=DIRECTION('',(-0.999961923064171,5.58083893716776E-16,0.00872653549837069));
#5838=DIRECTION('',(-0.00872653549836922,5.87095500069193E-15,-0.999961923064171));
#5839=DIRECTION('',(0.632623880225894,0.774439504841824,-0.00552082496400059));
#5840=DIRECTION('',(-0.00872653549837116,-1.38127120091733E-16,-0.999961923064171));
#5841=DIRECTION('',(0.632623880225894,0.774439504841824,-0.0055208249640065));
#5842=DIRECTION('',(0.999961923064171,3.09277844271646E-16,-0.00872653549836866));
#5843=DIRECTION('',(0.00872653549836866,9.19338366469067E-15,0.999961923064171));
#5844=DIRECTION('',(-0.00656575406319354,0.658718433227251,-0.752360895182769));
#5845=DIRECTION('',(0.637075613902894,0.582680185803739,0.504597327818897));
#5846=DIRECTION('',(0.999961923064171,-1.93509215501322E-14,-0.00872653549836866));
#5847=DIRECTION('',(0.00872653549836866,9.19338366469067E-15,0.999961923064171));
#5848=DIRECTION('',(-0.00667502472348247,-0.644135745782786,-0.76488207264244));
#5849=DIRECTION('',(0.628270698885554,0.592377449517728,-0.50434599852158));
#5850=DIRECTION('',(0.97754147449238,-0.134318202827119,0.162392382938846));
#5851=DIRECTION('',(-0.130540963196659,-0.990867956185882,-0.0337601885614013));
#5852=DIRECTION('',(-0.97754147449238,0.134318202827119,-0.162392382938846));
#5853=DIRECTION('',(0.130540963196658,0.990867956185882,0.0337601885614013));
#5854=DIRECTION('',(-0.973348554379865,0.141581533037504,0.180408595109485));
#5855=DIRECTION('',(-0.182244416370952,-8.9567858529533E-15,-0.983253259695391));
#5856=DIRECTION('',(0.973348554379864,-0.141581533037504,-0.180408595109485));
#5857=DIRECTION('',(0.139163208502948,0.989926564709335,-0.026057587799719));
#5858=DIRECTION('',(-0.00811830838082955,0.764908812835365,-0.644087417293512));
#5859=DIRECTION('',(-0.194317130180145,0.63062357403516,0.751368591830717));
#5860=DIRECTION('',(-0.00667502472347387,-0.644135745782785,-0.764882072642441));
#5861=DIRECTION('',(0.628270698885554,0.592377449517732,-0.504345998521575));
#5862=DIRECTION('',(0.00667502472348211,0.644135745782786,0.76488207264244));
#5863=DIRECTION('',(-0.164535299369479,-0.75376651391107,0.636210796645065));
#5864=DIRECTION('',(0.00656575406319485,-0.658718433227239,0.752360895182779));
#5865=DIRECTION('',(0.168148909625474,-0.740936733143865,-0.650183590741769));
#5866=DIRECTION('',(-0.00656575406319529,0.658718433227239,-0.752360895182779));
#5867=DIRECTION('',(0.637075613902894,0.582680185803748,0.504597327818887));
#5868=DIRECTION('',(-0.00605958236669443,0.75233708997936,0.658750472108316));
#5869=DIRECTION('',(-0.190799598675571,-0.647529855921308,0.73776730670027));
#5870=DIRECTION('',(0.,1.,0.));
#5871=DIRECTION('',(-1.,0.,0.));
#5872=DIRECTION('',(0.,-1.,0.));
#5873=DIRECTION('',(1.,0.,0.));
#5874=DIRECTION('',(-1.,0.,0.));
#5875=DIRECTION('',(0.,-1.,0.));
#5876=DIRECTION('',(0.,-1.,0.));
#5877=DIRECTION('',(1.,0.,0.));
#5878=DIRECTION('',(0.,-1.,0.));
#5879=DIRECTION('',(1.,0.,0.));
#5880=DIRECTION('',(0.,-1.,0.));
#5881=DIRECTION('',(1.,0.,0.));
#5882=DIRECTION('',(0.,-1.,0.));
#5883=DIRECTION('',(1.,0.,0.));
#5884=DIRECTION('',(0.,-1.,0.));
#5885=DIRECTION('',(1.,0.,0.));
#5886=DIRECTION('',(-0.857626858414985,-0.514272468371819,0.));
#5887=DIRECTION('',(0.51427246837182,-0.857626858414985,0.));
#5888=DIRECTION('',(-0.857626858414985,-0.514272468371819,0.));
#5889=DIRECTION('',(0.51427246837182,-0.857626858414985,0.));
#5890=CARTESIAN_POINT('',(0.,0.,0.));
#5891=CARTESIAN_POINT('',(0.0968,-0.0015,0.0015));
#5892=CARTESIAN_POINT('',(0.0724914248281053,-0.0015,0.0015));
#5893=CARTESIAN_POINT('',(0.0760893005009051,-0.0075,0.00149999999999996));
#5894=CARTESIAN_POINT('',(0.074480225436276,-0.00481662479035541,0.0065));
#5895=CARTESIAN_POINT('',(0.0968,-0.0075,0.00149999999999996));
#5896=CARTESIAN_POINT('',(0.0863045868398499,-0.0075,0.00149999999999996));
#5897=CARTESIAN_POINT('',(0.0863045868398499,-0.0075,0.00149999999999996));
#5898=CARTESIAN_POINT('',(0.0865715668923402,-0.0075,0.0020923818983163));
#5899=CARTESIAN_POINT('',(0.0873844848970865,-0.00731435300792613,0.00312184711394664));
#5900=CARTESIAN_POINT('',(0.0892983434549076,-0.00704841395110868,0.0037714923731853));
#5901=CARTESIAN_POINT('',(0.0912112559268631,-0.00731341885817415,0.00312551345160424));
#5902=CARTESIAN_POINT('',(0.0920284119777024,-0.0075,0.00209242878198487));
#5903=CARTESIAN_POINT('',(0.0922954131601501,-0.0075,0.00149999999999996));
#5904=CARTESIAN_POINT('',(0.0922954131601501,-0.0075,0.00149999999999996));
#5905=CARTESIAN_POINT('',(0.0968,-0.0075,0.00149999999999996));
#5906=CARTESIAN_POINT('',(0.0966484692283495,-0.0075,0.00149999999999996));
#5907=CARTESIAN_POINT('',(0.0966484692283495,-0.0075,0.00149999999999996));
#5908=CARTESIAN_POINT('',(0.0964220396552095,-0.00750000000000001,0.00260927383373859));
#5909=CARTESIAN_POINT('',(0.0954656909490342,-0.00687770959402901,0.0046287395856497));
#5910=CARTESIAN_POINT('',(0.0940223798191547,-0.00566413037005722,0.00589642880455588));
#5911=CARTESIAN_POINT('',(0.0932534552587311,-0.00499999999999973,0.00637339717240472));
#5912=CARTESIAN_POINT('',(0.0932534552587308,-0.005,0.00637339717240448));
#5913=CARTESIAN_POINT('',(0.0968,-0.005,0.00637339717240448));
#5914=CARTESIAN_POINT('',(0.0818365240472931,-0.005,0.00637339717240448));
#5915=CARTESIAN_POINT('',(0.0818365240472931,-0.005,0.00637339717240448));
#5916=CARTESIAN_POINT('',(0.0818464757099722,-0.00493943640935842,0.00641689302545045));
#5917=CARTESIAN_POINT('',(0.0818582360465099,-0.00487831474389699,0.00645907951415362));
#5918=CARTESIAN_POINT('',(0.0818715951247909,-0.00481662479035541,0.0065));
#5919=CARTESIAN_POINT('',(0.081871595124791,-0.00481662479035541,0.0065));
#5920=CARTESIAN_POINT('',(0.0968,-0.00481662479035541,0.0065));
#5921=CARTESIAN_POINT('',(0.0968,-0.0015,-0.0015));
#5922=CARTESIAN_POINT('',(0.0724914248281053,-0.0015,-0.0015));
#5923=CARTESIAN_POINT('',(0.0739905396917719,-0.004,-0.00695435605731786));
#5924=CARTESIAN_POINT('',(0.0760893005009051,-0.0075,-0.00149999999999996));
#5925=CARTESIAN_POINT('',(0.0968,-0.004,-0.00695435605731786));
#5926=CARTESIAN_POINT('',(0.0821165803417994,-0.004,-0.00695435605731786));
#5927=CARTESIAN_POINT('',(0.0821165803417994,-0.004,-0.00695435605731786));
#5928=CARTESIAN_POINT('',(0.0819904670298834,-0.00434483845960258,-0.00679629960850025));
#5929=CARTESIAN_POINT('',(0.0818895256928651,-0.00467744385342909,-0.00660505210900411));
#5930=CARTESIAN_POINT('',(0.0818365240472931,-0.005,-0.00637339717240448));
#5931=CARTESIAN_POINT('',(0.0818365240472931,-0.005,-0.00637339717240448));
#5932=CARTESIAN_POINT('',(0.0968,-0.005,-0.00637339717240448));
#5933=CARTESIAN_POINT('',(0.0932534552587314,-0.005,-0.00637339717240451));
#5934=CARTESIAN_POINT('',(0.0966484692283495,-0.0075,-0.00149999999999996));
#5935=CARTESIAN_POINT('',(0.0964220396552095,-0.00750000000000001,-0.00260927383373852));
#5936=CARTESIAN_POINT('',(0.0954656909490343,-0.00687770959402907,-0.00462873958564954));
#5937=CARTESIAN_POINT('',(0.094022379819155,-0.00566413037005742,-0.00589642880455569));
#5938=CARTESIAN_POINT('',(0.0932534552587314,-0.00499999999999998,-0.00637339717240454));
#5939=CARTESIAN_POINT('',(0.0966484692283495,-0.0075,-0.0015));
#5940=CARTESIAN_POINT('',(0.0968,-0.0075,-0.00149999999999996));
#5941=CARTESIAN_POINT('',(0.0922954131601501,-0.0075,-0.00149999999999996));
#5942=CARTESIAN_POINT('',(0.0922954131601501,-0.0075,-0.00149999999999996));
#5943=CARTESIAN_POINT('',(0.0920284331076598,-0.0075,-0.0020923818983163));
#5944=CARTESIAN_POINT('',(0.0912155151029135,-0.00731435300792613,-0.00312184711394665));
#5945=CARTESIAN_POINT('',(0.0893016565450924,-0.00704841395110868,-0.0037714923731853));
#5946=CARTESIAN_POINT('',(0.0873887440731369,-0.00731341885817414,-0.00312551345160423));
#5947=CARTESIAN_POINT('',(0.0865715880222977,-0.0075,-0.00209242878198488));
#5948=CARTESIAN_POINT('',(0.0863045868398499,-0.0075,-0.00149999999999996));
#5949=CARTESIAN_POINT('',(0.0863045868398499,-0.0075,-0.00149999999999996));
#5950=CARTESIAN_POINT('',(0.0968,-0.0075,-0.00149999999999996));
#5951=CARTESIAN_POINT('',(0.0576191977950032,0.00565846549528506,-0.00424153455010813));
#5952=CARTESIAN_POINT('',(0.0576191977950032,-0.00106779856188762,-0.00424153455010812));
#5953=CARTESIAN_POINT('',(0.0599163755760908,-0.00106779856188762,-0.00424153455010812));
#5954=CARTESIAN_POINT('',(0.0581545499881164,-0.00106779856188762,-0.00424153455010812));
#5955=CARTESIAN_POINT('',(0.0611933914501532,-0.000302041170719549,-0.00424153455010812));
#5956=CARTESIAN_POINT('',(0.0611933914501532,-0.000302041170719549,-0.00424153455010812));
#5957=CARTESIAN_POINT('',(0.0576191977950032,0.00565846549528506,-0.00424153455010813));
#5958=CARTESIAN_POINT('',(0.060712450714019,0.000500000000035215,-0.00424153455010813));
#5959=CARTESIAN_POINT('',(0.0709961946980923,0.000500000000035225,-0.00424153455010813));
#5960=CARTESIAN_POINT('',(0.0586419269423009,0.000500000000035219,-0.00424153455010813));
#5961=CARTESIAN_POINT('',(0.0601648465134194,0.00141321254611631,-0.00424153455010812));
#5962=CARTESIAN_POINT('',(0.0575919659381656,-0.00012960485898441,-0.00424153455010812));
#5963=CARTESIAN_POINT('',(0.0550463172197494,0.00411564809018434,-0.00424153455010813));
#5964=CARTESIAN_POINT('',(0.0576191977950032,0.00565846549528507,0.00446283396126395));
#5965=CARTESIAN_POINT('',(0.0611933914501532,-0.000302041170719539,0.00446283396126396));
#5966=CARTESIAN_POINT('',(0.0611933914501532,-0.000302041170719539,0.00446283396126396));
#5967=CARTESIAN_POINT('',(0.0599163755760908,-0.00106779856188761,0.00446283396126396));
#5968=CARTESIAN_POINT('',(0.0576191977950032,-0.00106779856188762,0.00446283396126396));
#5969=CARTESIAN_POINT('',(0.0581545499881164,-0.00106779856188762,0.00446283396126396));
#5970=CARTESIAN_POINT('',(0.0550463172197494,0.00411564809018435,0.00446283396126396));
#5971=CARTESIAN_POINT('',(0.0575919659381656,-0.000129604858984401,0.00446283396126396));
#5972=CARTESIAN_POINT('',(0.0601648465134194,0.00141321254611632,0.00446283396126396));
#5973=CARTESIAN_POINT('',(0.0586419269423008,0.000500000000035199,0.00446283396126396));
#5974=CARTESIAN_POINT('',(0.0709961946980923,0.000500000000035205,0.00446283396126395));
#5975=CARTESIAN_POINT('',(0.060712450714019,0.000500000000035204,0.00446283396126395));
#5976=CARTESIAN_POINT('',(0.0576191977950032,0.00565846549528507,0.00446283396126395));
#5977=CARTESIAN_POINT('',(0.,0.,0.0065));
#5978=CARTESIAN_POINT('',(0.,-0.005,0.0065));
#5979=CARTESIAN_POINT('',(0.0745901856372385,-0.005,0.0065));
#5980=CARTESIAN_POINT('',(0.081871595124791,-0.005,0.0065));
#5981=CARTESIAN_POINT('',(0.0526575894845312,0.0315759100324448,0.0065));
#5982=CARTESIAN_POINT('',(0.081871595124791,-0.00481662479035541,0.0065));
#5983=CARTESIAN_POINT('',(0.,-0.005,0.0065));
#5984=CARTESIAN_POINT('',(0.,-0.005,0.0075));
#5985=CARTESIAN_POINT('',(0.0745901856372385,-0.005,0.0075));
#5986=CARTESIAN_POINT('',(0.0832499959465699,-0.005,0.0075));
#5987=CARTESIAN_POINT('',(0.0745901856372385,-0.005,0.0065));
#5988=CARTESIAN_POINT('',(0.08325,-0.005,0.00605));
#5989=CARTESIAN_POINT('',(0.,-0.004,0.));
#5990=CARTESIAN_POINT('',(0.0739905396917719,-0.004,0.));
#5991=CARTESIAN_POINT('',(0.0739905396917719,-0.004,-0.0075));
#5992=CARTESIAN_POINT('',(0.,-0.004,-0.0075));
#5993=CARTESIAN_POINT('',(0.0758,-0.004,-0.0075));
#5994=CARTESIAN_POINT('',(0.0758,-0.004,0.));
#5995=CARTESIAN_POINT('',(0.0758,-0.004,-0.009));
#5996=CARTESIAN_POINT('',(-3.00462919747432E-18,-0.004,-0.009));
#5997=CARTESIAN_POINT('',(0.0918980762113533,-0.004,-0.009));
#5998=CARTESIAN_POINT('',(0.0190774047358085,-0.004,0.0330430342789753));
#5999=CARTESIAN_POINT('',(0.0893,-0.004,-0.0075));
#6000=CARTESIAN_POINT('',(-4.33680868994201E-19,-0.004,-0.0075));
#6001=CARTESIAN_POINT('',(0.08325,-0.004,-0.0075));
#6002=CARTESIAN_POINT('',(0.08325,-0.004,-0.00605));
#6003=CARTESIAN_POINT('',(0.0611933914501532,-0.000302041170719544,5.57805380759023E-8));
#6004=CARTESIAN_POINT('',(0.0599163755760908,-0.00106779856188762,5.57805380742137E-8));
#6005=CARTESIAN_POINT('',(0.0611933914501532,-0.000302041170719544,5.57805380759023E-8));
#6006=CARTESIAN_POINT('',(0.0968,-0.0015,0.0015));
#6007=CARTESIAN_POINT('',(0.0384826489288666,-0.0015,0.0015));
#6008=CARTESIAN_POINT('',(0.0384826489288665,-0.00149999999999996,0.0075));
#6009=CARTESIAN_POINT('',(0.0404714495370372,-0.00481662479035538,0.0065));
#6010=CARTESIAN_POINT('',(0.0968,-0.00149999999999996,0.0075));
#6011=CARTESIAN_POINT('',(0.0326292874690113,-0.00149999999999996,0.0075));
#6012=CARTESIAN_POINT('',(0.0326292874690113,-0.0015,0.0015));
#6013=CARTESIAN_POINT('',(0.0346180880771861,-0.0048166247903622,0.00649999999999549));
#6014=CARTESIAN_POINT('',(0.0968,-0.00481662479035532,0.0065));
#6015=CARTESIAN_POINT('',(0.0968,-0.0015,-0.0015));
#6016=CARTESIAN_POINT('',(0.0384826489288666,-0.0015,-0.0015));
#6017=CARTESIAN_POINT('',(0.0404714495370579,-0.00481662479035543,-0.0065));
#6018=CARTESIAN_POINT('',(0.0384826489288665,-0.00149999999999995,-0.0075));
#6019=CARTESIAN_POINT('',(0.0968,-0.00481662479035548,-0.0065));
#6020=CARTESIAN_POINT('',(0.0346180880772027,-0.00481662479035548,-0.0065));
#6021=CARTESIAN_POINT('',(0.0326292874690113,-0.0015,-0.0015));
#6022=CARTESIAN_POINT('',(0.0326292874690113,-0.00149999999999996,-0.0075));
#6023=CARTESIAN_POINT('',(0.0968,-0.00149999999999996,-0.0075));
#6024=CARTESIAN_POINT('',(0.0376881288957684,0.00565846549527632,-0.00424159033064619));
#6025=CARTESIAN_POINT('',(0.0376881288957684,-0.00106779856188762,-0.00424159033064619));
#6026=CARTESIAN_POINT('',(0.0399853066768708,-0.00106779856188762,-0.00424159033064619));
#6027=CARTESIAN_POINT('',(0.0382234810888776,-0.00106779856188762,-0.00424159033064619));
#6028=CARTESIAN_POINT('',(0.0412623225509189,-0.000302041170728013,-0.00424159033064619));
#6029=CARTESIAN_POINT('',(0.0412623225509189,-0.000302041170728013,-0.00424159033064619));
#6030=CARTESIAN_POINT('',(0.0376881288957684,0.00565846549527632,-0.00424159033064619));
#6031=CARTESIAN_POINT('',(0.0407813818147799,0.000500000000035205,-0.00424159033064615));
#6032=CARTESIAN_POINT('',(0.0709961946980923,0.000500000000035225,-0.00424159033064613));
#6033=CARTESIAN_POINT('',(0.0387108580430811,0.000500000000035207,-0.00424159033064615));
#6034=CARTESIAN_POINT('',(0.0402337776141849,0.00141321254610777,-0.00424159033064619));
#6035=CARTESIAN_POINT('',(0.0376608970389313,-0.000129604858993151,-0.00424159033064619));
#6036=CARTESIAN_POINT('',(0.0351152483205147,0.0041156480901754,-0.00424159033064619));
#6037=CARTESIAN_POINT('',(0.0376881288957684,0.00565846549527632,0.00446277818072589));
#6038=CARTESIAN_POINT('',(0.0412623225509189,-0.000302041170728009,0.0044627781807259));
#6039=CARTESIAN_POINT('',(0.0412623225509189,-0.000302041170728009,0.0044627781807259));
#6040=CARTESIAN_POINT('',(0.0399853066768708,-0.00106779856188761,0.0044627781807259));
#6041=CARTESIAN_POINT('',(0.0376881288957684,-0.00106779856188762,0.00446277818072589));
#6042=CARTESIAN_POINT('',(0.0382234810888776,-0.00106779856188762,0.0044627781807259));
#6043=CARTESIAN_POINT('',(0.0351152483205147,0.0041156480901754,0.00446277818072589));
#6044=CARTESIAN_POINT('',(0.0376608970389313,-0.000129604858993148,0.00446277818072589));
#6045=CARTESIAN_POINT('',(0.0402337776141849,0.00141321254610777,0.0044627781807259));
#6046=CARTESIAN_POINT('',(0.038710858043081,0.000500000000035189,0.00446277818072593));
#6047=CARTESIAN_POINT('',(0.0709961946980923,0.000500000000035205,0.00446277818072595));
#6048=CARTESIAN_POINT('',(0.0407813818147799,0.00050000000003519,0.00446277818072593));
#6049=CARTESIAN_POINT('',(0.0376881288957684,0.00565846549527632,0.00446277818072589));
#6050=CARTESIAN_POINT('',(0.0497514170534154,0.0012787250689241,4.81163185442872E-5));
#6051=CARTESIAN_POINT('',(0.050591891374665,0.00178271208792367,4.81163185442865E-5));
#6052=CARTESIAN_POINT('',(0.0523011885283115,-0.00106779856188762,0.00344155001847835));
#6053=CARTESIAN_POINT('',(0.0513610644773583,0.000500000000035195,0.00455649989114299));
#6054=CARTESIAN_POINT('',(0.0458382352023879,-0.00106779856188762,4.81163185442903E-5));
#6055=CARTESIAN_POINT('',(0.051158500434555,-0.00106779856188762,0.00393095589912999));
#6056=CARTESIAN_POINT('',(0.0497514170534154,0.0012787250689241,4.81163185442872E-5));
#6057=CARTESIAN_POINT('',(0.0502183763836018,0.0005000000000352,0.00471052302013477));
#6058=CARTESIAN_POINT('',(0.0484527756221071,0.000500000000035203,4.81163185442855E-5));
#6059=CARTESIAN_POINT('',(0.0497514170534154,0.0012787250689241,4.81163185442872E-5));
#6060=CARTESIAN_POINT('',(0.0497514170534154,0.0012787250689241,4.81163185442872E-5));
#6061=CARTESIAN_POINT('',(0.0502183763836018,0.000500000000035215,-0.00461429038304621));
#6062=CARTESIAN_POINT('',(0.051158500434555,-0.00106779856188762,-0.00383472326204142));
#6063=CARTESIAN_POINT('',(0.0458382352023879,-0.00106779856188762,4.81163185442903E-5));
#6064=CARTESIAN_POINT('',(0.0523011885283115,-0.00106779856188762,-0.00334531738138978));
#6065=CARTESIAN_POINT('',(0.050591891374665,0.00178271208792367,4.81163185442865E-5));
#6066=CARTESIAN_POINT('',(0.0513610644773583,0.000500000000035215,-0.00446026725405443));
#6067=CARTESIAN_POINT('',(0.0484527756221071,0.000500000000035203,4.81163185442855E-5));
#6068=CARTESIAN_POINT('',(0.0412623225509189,-0.000302041170728011,1.43795467439465E-17));
#6069=CARTESIAN_POINT('',(0.0399853066768708,-0.00106779856188762,1.3047668626455E-17));
#6070=CARTESIAN_POINT('',(0.0412623225509189,-0.000302041170728011,1.43795467439465E-17));
#6071=CARTESIAN_POINT('',(0.0497514170534154,0.0012787250689241,4.81163185442872E-5));
#6072=CARTESIAN_POINT('',(0.051158500434555,-0.00106779856188762,4.8116318544286E-5));
#6073=CARTESIAN_POINT('',(0.0502183763836018,0.000500000000035229,-0.0105871557427478));
#6074=CARTESIAN_POINT('',(0.0177570599965628,0.00565846549528642,-0.00424159033064613));
#6075=CARTESIAN_POINT('',(0.0177570599965628,-0.00106779856188762,-0.00424159033064613));
#6076=CARTESIAN_POINT('',(0.0200542377776512,-0.00106779856188762,-0.00424159033064613));
#6077=CARTESIAN_POINT('',(0.0182924121896934,-0.00106779856188762,-0.00424159033064613));
#6078=CARTESIAN_POINT('',(0.021331253651719,-0.000302041170714428,-0.00424159033064613));
#6079=CARTESIAN_POINT('',(0.021331253651719,-0.000302041170714428,-0.00424159033064613));
#6080=CARTESIAN_POINT('',(0.0177570599965628,0.00565846549528642,-0.00424159033064613));
#6081=CARTESIAN_POINT('',(0.0208503129155508,0.000500000000035195,-0.00424159033064607));
#6082=CARTESIAN_POINT('',(0.0709961946980923,0.000500000000035225,-0.00424159033064606));
#6083=CARTESIAN_POINT('',(0.0187797891438323,0.000500000000035196,-0.00424159033064608));
#6084=CARTESIAN_POINT('',(0.0203027087149834,0.00141321254612035,-0.00424159033064613));
#6085=CARTESIAN_POINT('',(0.0177298281397313,-0.000129604858983081,-0.00424159033064613));
#6086=CARTESIAN_POINT('',(0.0151841794213106,0.00411564809018299,-0.00424159033064613));
#6087=CARTESIAN_POINT('',(0.0177570599965628,0.00565846549528642,0.00446277818072595));
#6088=CARTESIAN_POINT('',(0.021331253651719,-0.000302041170714428,0.00446277818072595));
#6089=CARTESIAN_POINT('',(0.021331253651719,-0.000302041170714428,0.00446277818072595));
#6090=CARTESIAN_POINT('',(0.0200542377776512,-0.00106779856188762,0.00446277818072595));
#6091=CARTESIAN_POINT('',(0.0177570599965628,-0.00106779856188762,0.00446277818072595));
#6092=CARTESIAN_POINT('',(0.0182924121896934,-0.00106779856188762,0.00446277818072595));
#6093=CARTESIAN_POINT('',(0.0151841794213106,0.00411564809018298,0.00446277818072595));
#6094=CARTESIAN_POINT('',(0.0177298281397313,-0.000129604858983084,0.00446277818072595));
#6095=CARTESIAN_POINT('',(0.0203027087149834,0.00141321254612035,0.00446277818072595));
#6096=CARTESIAN_POINT('',(0.0187797891438323,0.000500000000035177,0.00446277818072601));
#6097=CARTESIAN_POINT('',(0.0709961946980923,0.000500000000035205,0.00446277818072603));
#6098=CARTESIAN_POINT('',(0.0208503129155508,0.000500000000035179,0.00446277818072601));
#6099=CARTESIAN_POINT('',(0.0177570599965628,0.00565846549528642,0.00446277818072595));
#6100=CARTESIAN_POINT('',(0.029820348154181,0.00127872506891475,4.80605380062178E-5));
#6101=CARTESIAN_POINT('',(0.0306608224754305,0.00178271208791438,4.80605380062181E-5));
#6102=CARTESIAN_POINT('',(0.0323701196290718,-0.00106779856188762,0.00344149423795074));
#6103=CARTESIAN_POINT('',(0.0314299955781188,0.000500000000035184,0.00455644411060849));
#6104=CARTESIAN_POINT('',(0.0259071663031698,-0.00106779856188762,4.80605380062165E-5));
#6105=CARTESIAN_POINT('',(0.0312274315353152,-0.00106779856188762,0.00393090011859952));
#6106=CARTESIAN_POINT('',(0.029820348154181,0.00127872506891475,4.80605380062178E-5));
#6107=CARTESIAN_POINT('',(0.0302873074843619,0.000500000000035045,0.00471046723959878));
#6108=CARTESIAN_POINT('',(0.0285217067228886,0.000500000000035193,4.80605380062532E-5));
#6109=CARTESIAN_POINT('',(0.029820348154181,0.00127872506891475,4.80605380062178E-5));
#6110=CARTESIAN_POINT('',(0.029820348154181,0.00127872506891475,4.80605380062178E-5));
#6111=CARTESIAN_POINT('',(0.0302873074843621,0.000500000000035201,-0.00461434616358633));
#6112=CARTESIAN_POINT('',(0.0312274315353152,-0.00106779856188762,-0.00383477904258708));
#6113=CARTESIAN_POINT('',(0.0259071663031698,-0.00106779856188762,4.80605380062165E-5));
#6114=CARTESIAN_POINT('',(0.0323701196290718,-0.00106779856188762,-0.0033453731619383));
#6115=CARTESIAN_POINT('',(0.0306608224754305,0.00178271208791438,4.80605380062181E-5));
#6116=CARTESIAN_POINT('',(0.0314299955781187,0.000500000000035205,-0.00446032303459599));
#6117=CARTESIAN_POINT('',(0.0285217067228886,0.000500000000035193,4.80605380062532E-5));
#6118=CARTESIAN_POINT('',(0.0968,-0.0015,0.0015));
#6119=CARTESIAN_POINT('',(0.0968,-0.00481654069649504,0.00650005578053807));
#6120=CARTESIAN_POINT('',(0.0545491065498787,-0.00481654069649504,0.00650005578053808));
#6121=CARTESIAN_POINT('',(0.0604024680097336,-0.00481654069649504,0.00650005578053808));
#6122=CARTESIAN_POINT('',(0.0584137178281054,-0.0015,0.0015));
#6123=CARTESIAN_POINT('',(0.0584137178281053,-0.00149999999999996,0.0075));
#6124=CARTESIAN_POINT('',(0.0968,-0.00149999999999996,0.0075));
#6125=CARTESIAN_POINT('',(0.0525603563682504,-0.00149999999999996,0.0075));
#6126=CARTESIAN_POINT('',(0.0525603563682504,-0.0015,0.0015));
#6127=CARTESIAN_POINT('',(0.0968,-0.0015,-0.0015));
#6128=CARTESIAN_POINT('',(0.0968,-0.00149999999999996,-0.0075));
#6129=CARTESIAN_POINT('',(0.0584137178281053,-0.00149999999999996,-0.0075));
#6130=CARTESIAN_POINT('',(0.0525603563682504,-0.00149999999999996,-0.0075));
#6131=CARTESIAN_POINT('',(0.0584137178281054,-0.0015,-0.0015));
#6132=CARTESIAN_POINT('',(0.0604025688609774,-0.00481670888114549,-0.00649994421946192));
#6133=CARTESIAN_POINT('',(0.0968,-0.00481670888114548,-0.00649994421946192));
#6134=CARTESIAN_POINT('',(0.0545492074011433,-0.00481670888114548,-0.00649994421946192));
#6135=CARTESIAN_POINT('',(0.0525603563682504,-0.0015,-0.0015));
#6136=CARTESIAN_POINT('',(0.021331253651719,-0.000302041170714428,6.68025737651655E-17));
#6137=CARTESIAN_POINT('',(0.0200542377776512,-0.00106779856188762,6.72114251137648E-17));
#6138=CARTESIAN_POINT('',(0.021331253651719,-0.000302041170714428,6.68025737651655E-17));
#6139=CARTESIAN_POINT('',(0.029820348154181,0.00127872506891475,4.80605380062178E-5));
#6140=CARTESIAN_POINT('',(0.0312274315353152,-0.00106779856188762,4.80605380062183E-5));
#6141=CARTESIAN_POINT('',(0.0302873074843621,0.000500000000035218,-0.0105871557427478));
#6142=CARTESIAN_POINT('',(-0.00378560139267331,0.00110000000003431,0.00876793639522711));
#6143=CARTESIAN_POINT('',(0.0675061946980923,0.00110000000003431,0.0052628442572522));
#6144=CARTESIAN_POINT('',(0.0687561946980923,0.00110000000003431,0.0052628442572522));
#6145=CARTESIAN_POINT('',(0.0448461946980923,0.00110000000003431,-0.00509715574274781));
#6146=CARTESIAN_POINT('',(0.0460961946980923,0.00110000000003431,-0.00509715574274781));
#6147=CARTESIAN_POINT('',(0.0448461946980923,0.00110000000003431,0.00526284425725219));
#6148=CARTESIAN_POINT('',(0.0460961946980923,0.00110000000003431,0.00526284425725219));
#6149=CARTESIAN_POINT('',(0.0256461946980923,0.00110000000003431,-0.00509715574274781));
#6150=CARTESIAN_POINT('',(0.0268961946980923,0.00110000000003431,-0.00509715574274781));
#6151=CARTESIAN_POINT('',(0.0675061946980923,0.00110000000003431,-0.0050971557427478));
#6152=CARTESIAN_POINT('',(0.0687561946980923,0.00110000000003431,-0.0050971557427478));
#6153=CARTESIAN_POINT('',(0.0256461946980923,0.00110000000003431,0.0052628442572522));
#6154=CARTESIAN_POINT('',(0.0268961946980923,0.00110000000003431,0.0052628442572522));
#6155=CARTESIAN_POINT('',(0.0204905253482755,0.00110000000003521,-0.0105871557427478));
#6156=CARTESIAN_POINT('',(0.0204905253482755,0.00110000000003518,0.00446277818072601));
#6157=CARTESIAN_POINT('',(0.0204905253482755,0.00110000000003519,-0.00424159033064607));
#6158=CARTESIAN_POINT('',(0.0709961946980923,0.00110000000003522,-0.00424159033064606));
#6159=CARTESIAN_POINT('',(0.0197803795831471,0.0011000000000352,-0.00424159033064607));
#6160=CARTESIAN_POINT('',(0.0197803795831471,0.00110000000003521,-0.010587155742748));
#6161=CARTESIAN_POINT('',(0.0197803795831471,0.0011000000000352,-0.00399159033064608));
#6162=CARTESIAN_POINT('',(0.0101551316757121,0.00110000000003518,-0.000361724532970469));
#6163=CARTESIAN_POINT('',(0.0169925005714698,0.0011000000000352,-0.00539305307752948));
#6164=CARTESIAN_POINT('',(0.0169925005714698,0.00110000000003521,-0.0105871557427478));
#6165=CARTESIAN_POINT('',(0.0169925005714698,0.0011000000000352,-0.00649999999999988));
#6166=CARTESIAN_POINT('',(0.0709961946980923,0.00110000000003523,-0.00649999999999985));
#6167=CARTESIAN_POINT('',(0.0111391391116148,0.00110000000003519,-0.00649999999999988));
#6168=CARTESIAN_POINT('',(0.0111391391116148,0.00110000000003521,-0.0105871557427478));
#6169=CARTESIAN_POINT('',(0.0111391391116148,0.00110000000003519,-0.00463475994632159));
#6170=CARTESIAN_POINT('',(0.00959122826295331,0.00110000000003518,4.80605380063313E-5));
#6171=CARTESIAN_POINT('',(0.00999645101787926,0.00110000000004773,-0.00469736584568093));
#6172=CARTESIAN_POINT('',(0.00999645101785826,0.00110000000003521,-0.0105871557427478));
#6173=CARTESIAN_POINT('',(0.00999645101785828,0.00110000000003517,0.00479348692169254));
#6174=CARTESIAN_POINT('',(0.00959122826295331,0.00110000000003518,4.80605380063313E-5));
#6175=CARTESIAN_POINT('',(0.0111391391116148,0.00110000000003517,0.00473088102233425));
#6176=CARTESIAN_POINT('',(0.0111391391116148,0.00110000000003521,-0.0105871557427478));
#6177=CARTESIAN_POINT('',(0.0111391391116148,0.00110000000003517,0.00650000000000012));
#6178=CARTESIAN_POINT('',(0.0709961946980923,0.0011000000000352,0.00650000000000015));
#6179=CARTESIAN_POINT('',(0.0169925005714698,0.00110000000003517,0.00650000000000012));
#6180=CARTESIAN_POINT('',(0.0169925005714698,0.00110000000003521,-0.0105871557427478));
#6181=CARTESIAN_POINT('',(0.0169925005714698,0.00110000000003518,0.00546679441850161));
#6182=CARTESIAN_POINT('',(0.0101551316757121,0.00110000000003518,1.21430643318376E-16));
#6183=CARTESIAN_POINT('',(0.0197803795831471,0.00110000000003518,0.00421277818072601));
#6184=CARTESIAN_POINT('',(0.0197803795831471,0.00110000000003521,-0.010587155742748));
#6185=CARTESIAN_POINT('',(0.0197803795831471,0.00110000000003518,0.00446277818072601));
#6186=CARTESIAN_POINT('',(0.0709961946980923,0.00110000000003521,0.00446277818072603));
#6187=CARTESIAN_POINT('',(0.0404215942475045,0.00110000000003522,-0.0105871557427478));
#6188=CARTESIAN_POINT('',(0.0404215942475045,0.00110000000003519,0.00446277818072593));
#6189=CARTESIAN_POINT('',(0.0404215942475045,0.00110000000003521,-0.00424159033064615));
#6190=CARTESIAN_POINT('',(0.0709961946980923,0.00110000000003522,-0.00424159033064613));
#6191=CARTESIAN_POINT('',(0.0397114484823957,0.00110000000003521,-0.00424159033064615));
#6192=CARTESIAN_POINT('',(0.0397114484823957,0.00110000000003522,-0.010587155742748));
#6193=CARTESIAN_POINT('',(0.0397114484823957,0.00110000000003521,-0.00399159033064615));
#6194=CARTESIAN_POINT('',(0.0300862005749619,0.00110000000003519,-0.000361724532970549));
#6195=CARTESIAN_POINT('',(0.0369235694706986,0.00110000000003521,-0.00539305307753679));
#6196=CARTESIAN_POINT('',(0.0369235694706986,0.00110000000003522,-0.0105871557427478));
#6197=CARTESIAN_POINT('',(0.0369235694706986,0.00110000000003521,-0.0065));
#6198=CARTESIAN_POINT('',(0.0709961946980923,0.00110000000003523,-0.00649999999999993));
#6199=CARTESIAN_POINT('',(0.0310702080108434,0.00110000000003521,-0.0065));
#6200=CARTESIAN_POINT('',(0.0310702080108434,0.00110000000003522,-0.0105871557427478));
#6201=CARTESIAN_POINT('',(0.0310702080108434,0.0011000000000352,-0.00463475994632351));
#6202=CARTESIAN_POINT('',(0.0295222971622032,0.00110000000003519,4.80605380062532E-5));
#6203=CARTESIAN_POINT('',(0.0299275199170866,0.00110000000003506,-0.00469736584568046));
#6204=CARTESIAN_POINT('',(0.0299275199170868,0.00110000000003522,-0.0105871557427478));
#6205=CARTESIAN_POINT('',(0.0299275199170868,0.00110000000003518,0.00479348692169294));
#6206=CARTESIAN_POINT('',(0.0295222971622032,0.00110000000003519,4.80605380062532E-5));
#6207=CARTESIAN_POINT('',(0.0310702080108434,0.00110000000003518,0.00473088102233602));
#6208=CARTESIAN_POINT('',(0.0310702080108434,0.00110000000003522,-0.0105871557427478));
#6209=CARTESIAN_POINT('',(0.0310702080108434,0.00110000000003518,0.0065));
#6210=CARTESIAN_POINT('',(0.0709961946980923,0.0011000000000352,0.0065));
#6211=CARTESIAN_POINT('',(0.0369235694706986,0.00110000000003519,0.0065));
#6212=CARTESIAN_POINT('',(0.0369235694706986,0.00110000000003522,-0.0105871557427478));
#6213=CARTESIAN_POINT('',(0.0369235694706986,0.00110000000003519,0.00546679441850819));
#6214=CARTESIAN_POINT('',(0.0300862005749619,0.00110000000003519,4.33680868994202E-17));
#6215=CARTESIAN_POINT('',(0.0397114484823957,0.00110000000003519,0.00421277818072593));
#6216=CARTESIAN_POINT('',(0.0397114484823957,0.00110000000003522,-0.010587155742748));
#6217=CARTESIAN_POINT('',(0.0397114484823957,0.00110000000003519,0.00446277818072593));
#6218=CARTESIAN_POINT('',(0.0709961946980923,0.00110000000003521,0.00446277818072595));
#6219=CARTESIAN_POINT('',(0.0603526631467437,0.00110000000003523,-0.0105871557427478));
#6220=CARTESIAN_POINT('',(0.0603526631467437,0.0011000000000352,0.00446283396126395));
#6221=CARTESIAN_POINT('',(0.0603526631467437,0.00110000000003522,-0.00424153455010813));
#6222=CARTESIAN_POINT('',(0.0709961946980923,0.00110000000003522,-0.00424153455010813));
#6223=CARTESIAN_POINT('',(0.0596425173816157,0.00110000000003522,-0.00424153455010813));
#6224=CARTESIAN_POINT('',(0.0596425173816157,0.00110000000003523,-0.0105871557427479));
#6225=CARTESIAN_POINT('',(0.0596425173816157,0.00110000000003522,-0.00399153455010813));
#6226=CARTESIAN_POINT('',(0.0500172694741807,0.00110000000003521,-0.000361668752432516));
#6227=CARTESIAN_POINT('',(0.056854638369938,0.00110000000003522,-0.00539299729699167));
#6228=CARTESIAN_POINT('',(0.056854638369938,0.00110000000003523,-0.0105871557427478));
#6229=CARTESIAN_POINT('',(0.056854638369938,0.00110000000003522,-0.00649994421946193));
#6230=CARTESIAN_POINT('',(0.0709961946980923,0.00110000000003523,-0.00649994421946193));
#6231=CARTESIAN_POINT('',(0.051001276910083,0.00110000000003522,-0.00649994421946193));
#6232=CARTESIAN_POINT('',(0.051001276910083,0.00110000000003523,-0.0105871557427478));
#6233=CARTESIAN_POINT('',(0.051001276910083,0.00110000000003522,-0.00463470416578367));
#6234=CARTESIAN_POINT('',(0.0494533660614219,0.0011000000000352,4.81163185442838E-5));
#6235=CARTESIAN_POINT('',(0.0498585888163265,0.00110000000003522,-0.00469731006514192));
#6236=CARTESIAN_POINT('',(0.0498585888163265,0.00110000000003523,-0.0105871557427478));
#6237=CARTESIAN_POINT('',(0.0498585888163265,0.00110000000003519,0.0047935427022305));
#6238=CARTESIAN_POINT('',(0.0494533660614219,0.0011000000000352,4.81163185442838E-5));
#6239=CARTESIAN_POINT('',(0.051001276910083,0.00110000000003519,0.00473093680287223));
#6240=CARTESIAN_POINT('',(0.051001276910083,0.00110000000003523,-0.0105871557427478));
#6241=CARTESIAN_POINT('',(0.051001276910083,0.00110000000003519,0.00650005578053807));
#6242=CARTESIAN_POINT('',(0.0709961946980923,0.0011000000000352,0.00650005578053807));
#6243=CARTESIAN_POINT('',(0.056854638369938,0.0011000000000352,0.00650005578053808));
#6244=CARTESIAN_POINT('',(0.056854638369938,0.00110000000003523,-0.0105871557427478));
#6245=CARTESIAN_POINT('',(0.056854638369938,0.00110000000003519,0.00546685019903969));
#6246=CARTESIAN_POINT('',(0.0500172694741807,0.0011000000000352,5.57805380756865E-8));
#6247=CARTESIAN_POINT('',(0.0596425173816157,0.0011000000000352,0.00421283396126396));
#6248=CARTESIAN_POINT('',(0.0596425173816157,0.00110000000003523,-0.0105871557427479));
#6249=CARTESIAN_POINT('',(0.0596425173816157,0.0011000000000352,0.00446283396126395));
#6250=CARTESIAN_POINT('',(0.0709961946980923,0.00110000000003521,0.00446283396126395));
#6251=CARTESIAN_POINT('',(0.0709961946980923,0.0011000000000352,0.00741284425725219));
#6252=CARTESIAN_POINT('',(0.070992389396184,0.00110000000003515,0.00741284425725219));
#6253=CARTESIAN_POINT('',(0.00845630299206943,0.00110000000003517,0.00741284425725219));
#6254=CARTESIAN_POINT('',(0.00845630299206945,0.00110000000003431,0.0075));
#6255=CARTESIAN_POINT('',(0.00845630299206945,0.00110000000003431,-0.0075));
#6256=CARTESIAN_POINT('',(0.0709974229126531,0.00110000000003514,-0.0075));
#6257=CARTESIAN_POINT('',(0.0712474229126531,0.00110000000003514,-0.0075));
#6258=CARTESIAN_POINT('',(0.0712474229126531,0.00110000000003514,0.0075));
#6259=CARTESIAN_POINT('',(0.0712474229126531,0.00110000000003514,0.0075));
#6260=CARTESIAN_POINT('',(0.0709974229126531,0.00110000000003514,0.0075));
#6261=CARTESIAN_POINT('',(0.070992389396184,0.00110000000003513,0.0075));
#6262=CARTESIAN_POINT('',(0.070992389396184,0.00110000000003511,-0.0085));
#6263=CARTESIAN_POINT('',(-0.00378560139267331,0.000500000000034305,0.00876793639522711));
#6264=CARTESIAN_POINT('',(0.0586419269423009,0.000500000000035233,-0.0105871557427479));
#6265=CARTESIAN_POINT('',(0.0586419269423008,0.000500000000035199,0.00421283396126396));
#6266=CARTESIAN_POINT('',(0.0490166790348659,0.000500000000035204,5.57805380756865E-8));
#6267=CARTESIAN_POINT('',(0.0572144259372133,0.000500000000035196,0.00494741805527174));
#6268=CARTESIAN_POINT('',(0.0572144259372133,0.000500000000035232,-0.0105871557427478));
#6269=CARTESIAN_POINT('',(0.0572144259372133,0.000500000000035202,0.00650005578053808));
#6270=CARTESIAN_POINT('',(0.0709961946980923,0.000500000000035201,0.00650005578053808));
#6271=CARTESIAN_POINT('',(0.0513610644773583,0.000500000000035191,0.00650005578053808));
#6272=CARTESIAN_POINT('',(0.0513610644773583,0.000500000000035229,-0.0105871557427478));
#6273=CARTESIAN_POINT('',(0.0513610644773583,0.000500000000035229,-0.0105871557427478));
#6274=CARTESIAN_POINT('',(0.0513610644773583,0.00050000000003522,-0.00649994421946193));
#6275=CARTESIAN_POINT('',(0.0709961946980923,0.00050000000003523,-0.00649994421946193));
#6276=CARTESIAN_POINT('',(0.0572144259372133,0.000500000000035218,-0.00649994421946193));
#6277=CARTESIAN_POINT('',(0.0572144259372133,0.000500000000035232,-0.0105871557427478));
#6278=CARTESIAN_POINT('',(0.0572144259372133,0.000500000000035218,-0.00482315047789025));
#6279=CARTESIAN_POINT('',(0.0490166790348659,0.000500000000035205,-0.000361668752432516));
#6280=CARTESIAN_POINT('',(0.0586419269423009,0.000500000000035219,-0.00399153455010813));
#6281=CARTESIAN_POINT('',(0.0586419269423009,0.000500000000035233,-0.0105871557427479));
#6282=CARTESIAN_POINT('',(0.060712450714019,0.000500000000035234,-0.0105871557427478));
#6283=CARTESIAN_POINT('',(0.0387108580430811,0.000500000000035223,-0.010587155742748));
#6284=CARTESIAN_POINT('',(0.038710858043081,0.000500000000035187,0.00421277818072593));
#6285=CARTESIAN_POINT('',(0.0290856101356473,0.000500000000035193,4.33680868994202E-17));
#6286=CARTESIAN_POINT('',(0.037283357037974,0.000500000000035186,0.00494736227474233));
#6287=CARTESIAN_POINT('',(0.037283357037974,0.000500000000035222,-0.0105871557427478));
#6288=CARTESIAN_POINT('',(0.037283357037974,0.000500000000035184,0.0065));
#6289=CARTESIAN_POINT('',(0.0709961946980923,0.000500000000035201,0.00650000000000008));
#6290=CARTESIAN_POINT('',(0.0314299955781188,0.00050000000003518,0.0065));
#6291=CARTESIAN_POINT('',(0.0314299955781187,0.000500000000035219,-0.0105871557427478));
#6292=CARTESIAN_POINT('',(0.0314299955781187,0.000500000000035219,-0.0105871557427478));
#6293=CARTESIAN_POINT('',(0.0314299955781187,0.00050000000003521,-0.0065));
#6294=CARTESIAN_POINT('',(0.0709961946980923,0.00050000000003523,-0.00649999999999993));
#6295=CARTESIAN_POINT('',(0.037283357037974,0.000500000000035207,-0.0065));
#6296=CARTESIAN_POINT('',(0.037283357037974,0.000500000000035222,-0.0105871557427478));
#6297=CARTESIAN_POINT('',(0.037283357037974,0.000500000000035208,-0.00482320625843782));
#6298=CARTESIAN_POINT('',(0.0290856101356473,0.000500000000035194,-0.000361724532970549));
#6299=CARTESIAN_POINT('',(0.0387108580430811,0.000500000000035203,-0.00399159033064615));
#6300=CARTESIAN_POINT('',(0.0387108580430811,0.000500000000035223,-0.010587155742748));
#6301=CARTESIAN_POINT('',(0.0407813818147799,0.000500000000035224,-0.0105871557427478));
#6302=CARTESIAN_POINT('',(0.0187797891438323,0.000500000000035212,-0.010587155742748));
#6303=CARTESIAN_POINT('',(0.0187797891438323,0.000500000000035179,0.00421277818072601));
#6304=CARTESIAN_POINT('',(0.00915454123639732,0.000500000000035183,1.21430643318376E-16));
#6305=CARTESIAN_POINT('',(0.0173522881387451,0.000500000000035176,0.00494736227473363));
#6306=CARTESIAN_POINT('',(0.0173522881387451,0.000500000000035211,-0.0105871557427478));
#6307=CARTESIAN_POINT('',(0.0173522881387451,0.000500000000035177,0.00650000000000012));
#6308=CARTESIAN_POINT('',(0.0709961946980923,0.000500000000035201,0.00650000000000015));
#6309=CARTESIAN_POINT('',(0.0114989266788901,0.000500000000035171,0.00650000000000013));
#6310=CARTESIAN_POINT('',(0.0114989266788901,0.000500000000035208,-0.0105871557427478));
#6311=CARTESIAN_POINT('',(0.0114989266788901,0.000500000000035174,0.00455644411060498));
#6312=CARTESIAN_POINT('',(0.0085906378236385,0.000500000000035182,4.80605380063313E-5));
#6313=CARTESIAN_POINT('',(0.0103562385851556,0.000500000000047423,0.004710467239601));
#6314=CARTESIAN_POINT('',(0.0103562385851336,0.000500000000035208,-0.0105871557427478));
#6315=CARTESIAN_POINT('',(0.0103562385851336,0.000500000000035193,-0.00461434616358412));
#6316=CARTESIAN_POINT('',(0.0085906378236385,0.000500000000035182,4.80605380063313E-5));
#6317=CARTESIAN_POINT('',(0.0114989266788901,0.000500000000035194,-0.00446032303459232));
#6318=CARTESIAN_POINT('',(0.0114989266788901,0.000500000000035208,-0.0105871557427478));
#6319=CARTESIAN_POINT('',(0.0114989266788901,0.000500000000035194,-0.00649999999999988));
#6320=CARTESIAN_POINT('',(0.0709961946980923,0.00050000000003523,-0.00649999999999985));
#6321=CARTESIAN_POINT('',(0.0173522881387451,0.000500000000035199,-0.00649999999999988));
#6322=CARTESIAN_POINT('',(0.0173522881387451,0.000500000000035211,-0.0105871557427478));
#6323=CARTESIAN_POINT('',(0.0173522881387451,0.000500000000035198,-0.004823206258428));
#6324=CARTESIAN_POINT('',(0.00915454123639732,0.000500000000035184,-0.000361724532970469));
#6325=CARTESIAN_POINT('',(0.0187797891438323,0.000500000000035197,-0.00399159033064608));
#6326=CARTESIAN_POINT('',(0.0187797891438323,0.000500000000035212,-0.010587155742748));
#6327=CARTESIAN_POINT('',(0.0208503129155508,0.000500000000035213,-0.0105871557427478));
#6328=CARTESIAN_POINT('',(0.00845630299206945,0.000500000000034313,0.0075));
#6329=CARTESIAN_POINT('',(0.00845630299206945,0.000500000000034313,-0.0075));
#6330=CARTESIAN_POINT('',(0.00845630299206945,0.000500000000034313,0.00741284425725219));
#6331=CARTESIAN_POINT('',(0.0709961946980923,0.000500000000035198,0.00741284425725219));
#6332=CARTESIAN_POINT('',(0.070992389396184,0.000500000000034714,0.00741284425725219));
#6333=CARTESIAN_POINT('',(0.070992389396184,0.00050000000003425,-0.0075));
#6334=CARTESIAN_POINT('',(0.070992389396184,0.000500000000034687,0.0075));
#6335=CARTESIAN_POINT('',(0.0709974229126531,0.000500000000035144,0.0075));
#6336=CARTESIAN_POINT('',(0.0712474229126531,0.000500000000035144,0.0075));
#6337=CARTESIAN_POINT('',(0.0712474229126531,0.000500000000035144,0.0075));
#6338=CARTESIAN_POINT('',(0.0712474229126531,0.000500000000035144,-0.0075));
#6339=CARTESIAN_POINT('',(0.0709974229126531,0.000500000000035144,-0.0075));
#6340=CARTESIAN_POINT('',(0.0709961946980923,0.000500000000035198,0.00741284425725219));
#6341=CARTESIAN_POINT('',(0.00845630299206945,0.000500000000035198,0.00741284425725219));
#6342=CARTESIAN_POINT('',(0.070992389396184,0.000500000000035144,0.00741284425725219));
#6343=CARTESIAN_POINT('',(0.0968,0.0075,-0.00149999999999996));
#6344=CARTESIAN_POINT('',(0.0706461284591962,0.0075,-0.0015000000000132));
#6345=CARTESIAN_POINT('',(0.0705587429556729,0.0075,-0.00109669854473168));
#6346=CARTESIAN_POINT('',(0.0705582436119908,0.0075,-0.000685476908890721));
#6347=CARTESIAN_POINT('',(0.0705618037138665,0.0075,-0.000277529640633643));
#6348=CARTESIAN_POINT('',(0.0706461284591963,0.0075,-0.00150000000001317));
#6349=CARTESIAN_POINT('',(0.0705618037138665,0.0075,-0.000277529640633642));
#6350=CARTESIAN_POINT('',(0.0968,0.0075,-0.00149999999999996));
#6351=CARTESIAN_POINT('',(0.0703154820675817,0.0075,-0.00149999999999996));
#6352=CARTESIAN_POINT('',(0.0703154820675817,0.0075,-0.0015));
#6353=CARTESIAN_POINT('',(0.0703154820675817,0.0075,0.00149999999999996));
#6354=CARTESIAN_POINT('',(0.0968,0.0075,0.00149999999999996));
#6355=CARTESIAN_POINT('',(0.0706319023425323,0.0075,0.00149999999999033));
#6356=CARTESIAN_POINT('',(0.0705685877647156,0.0075,0.000499845588572732));
#6357=CARTESIAN_POINT('',(0.0705715055453558,0.0075,0.000834190133502569));
#6358=CARTESIAN_POINT('',(0.0705810710597341,0.0075,0.00117017722212366));
#6359=CARTESIAN_POINT('',(0.0706319023425323,0.0075,0.00149999999999033));
#6360=CARTESIAN_POINT('',(0.0705685877647156,0.0075,0.000499845588572732));
#6361=CARTESIAN_POINT('',(0.0705618037138665,0.0075,-0.000277529640633642));
#6362=CARTESIAN_POINT('',(0.0968,0.0075,-0.00149999999999996));
#6363=CARTESIAN_POINT('',(0.072021832902148,0.0075,-0.000290271122330415));
#6364=CARTESIAN_POINT('',(0.0720182841897465,0.0075,-0.000696913286117099));
#6365=CARTESIAN_POINT('',(0.072009525122308,0.0075,-0.00110557909113409));
#6366=CARTESIAN_POINT('',(0.0719187635318247,0.0075,-0.00149999999999995));
#6367=CARTESIAN_POINT('',(0.072021832902148,0.0075,-0.000290271122330416));
#6368=CARTESIAN_POINT('',(0.0719187635318247,0.0075,-0.00149999999999996));
#6369=CARTESIAN_POINT('',(0.072021832902148,0.0075,-0.000290271122330419));
#6370=CARTESIAN_POINT('',(0.0720286169529971,0.0075,0.000487104106875954));
#6371=CARTESIAN_POINT('',(0.0719811396429295,0.0075,0.00150000000000067));
#6372=CARTESIAN_POINT('',(0.0720278431553692,0.0075,0.00116597878907555));
#6373=CARTESIAN_POINT('',(0.0720315687998133,0.0075,0.000825352248919518));
#6374=CARTESIAN_POINT('',(0.0720286169529972,0.0075,0.000487104106875959));
#6375=CARTESIAN_POINT('',(0.0719811396429295,0.0075,0.00150000000000066));
#6376=CARTESIAN_POINT('',(0.0968,0.0075,0.00149999999999996));
#6377=CARTESIAN_POINT('',(0.0863045868398499,0.0075,0.00149999999999996));
#6378=CARTESIAN_POINT('',(0.0893,0.0075,0.));
#6379=CARTESIAN_POINT('',(0.0863045868398499,0.0075,-0.00149999999999996));
#6380=CARTESIAN_POINT('',(0.0968,0.0075,-0.00149999999999996));
#6381=CARTESIAN_POINT('',(0.0968,0.0015,0.0015));
#6382=CARTESIAN_POINT('',(0.0706319023425323,0.00750000000000001,0.00149999999999033));
#6383=CARTESIAN_POINT('',(0.0706682930969988,0.00750000000000039,0.00173612427358762));
#6384=CARTESIAN_POINT('',(0.0707511944526903,0.00747815333286953,0.00208984981309112));
#6385=CARTESIAN_POINT('',(0.0709693345269051,0.00741680502861502,0.00250980570647924));
#6386=CARTESIAN_POINT('',(0.0713058494993878,0.00737107613326307,0.00273845970956337));
#6387=CARTESIAN_POINT('',(0.0716504111432038,0.00741486435401438,0.00252076569428468));
#6388=CARTESIAN_POINT('',(0.071814023462841,0.00746218635943183,0.00220067258476894));
#6389=CARTESIAN_POINT('',(0.0719222289344706,0.00749275554963156,0.00185773250271875));
#6390=CARTESIAN_POINT('',(0.071964456548248,0.00749999999999999,0.00161931666798738));
#6391=CARTESIAN_POINT('',(0.0719811396429298,0.0075,0.00150000000000071));
#6392=CARTESIAN_POINT('',(0.0603095776744335,0.0015,0.0015));
#6393=CARTESIAN_POINT('',(0.069234319014491,0.00685168495883427,0.00421283396126395));
#6394=CARTESIAN_POINT('',(0.0496454084887649,0.00705685884020598,0.00376303332499208));
#6395=CARTESIAN_POINT('',(0.0501320387894204,0.0067743216887942,0.00445680086706513));
#6396=CARTESIAN_POINT('',(0.0509826491001882,0.0061682506871502,0.00534452594598502));
#6397=CARTESIAN_POINT('',(0.05244362821956,0.00543030496523962,0.00604798783153763));
#6398=CARTESIAN_POINT('',(0.0541273697526386,0.00490028667441183,0.00645430722804457));
#6399=CARTESIAN_POINT('',(0.0563760120116507,0.0047500727580108,0.00654050867479894));
#6400=CARTESIAN_POINT('',(0.0590162382843747,0.00497276434887567,0.00639848613123224));
#6401=CARTESIAN_POINT('',(0.0616473493196603,0.00536627785080264,0.00610060809557633));
#6402=CARTESIAN_POINT('',(0.0650783073653277,0.00599502447268524,0.00551650769634844));
#6403=CARTESIAN_POINT('',(0.0675992945526229,0.00652019210885176,0.00486677936468478));
#6404=CARTESIAN_POINT('',(0.069234319014491,0.00685168495883426,0.00421283396126396));
#6405=CARTESIAN_POINT('',(0.0496454084887649,0.00705685884020596,0.0037630333249921));
#6406=CARTESIAN_POINT('',(0.0403785087752133,0.0015,0.0015));
#6407=CARTESIAN_POINT('',(0.0493032972688697,0.0068517132342996,0.0042127781807259));
#6408=CARTESIAN_POINT('',(0.0297143774724255,0.00705688155653733,0.00376297754443461));
#6409=CARTESIAN_POINT('',(0.0302010178023616,0.00677435456234905,0.0044567400818004));
#6410=CARTESIAN_POINT('',(0.0310516441056944,0.00616830335098964,0.00534445904997351));
#6411=CARTESIAN_POINT('',(0.0325126317170475,0.00543038425078597,0.00604791879248083));
#6412=CARTESIAN_POINT('',(0.0341963724241056,0.00490037961052525,0.00645424341800097));
#6413=CARTESIAN_POINT('',(0.0364450101514408,0.00475015689054462,0.00654045446526453));
#6414=CARTESIAN_POINT('',(0.0390852288419463,0.00497283353833674,0.00639843666744968));
#6415=CARTESIAN_POINT('',(0.0417163388960602,0.00536633474338424,0.00610055994984162));
#6416=CARTESIAN_POINT('',(0.0451472940914325,0.0059950678438004,0.00551645829391793));
#6417=CARTESIAN_POINT('',(0.0476682771980106,0.00652022694533623,0.00486672754239448));
#6418=CARTESIAN_POINT('',(0.0493032972688697,0.0068517132342996,0.0042127781807259));
#6419=CARTESIAN_POINT('',(0.0297143774724255,0.00705688155653734,0.00376297754443459));
#6420=CARTESIAN_POINT('',(0.0204474398759905,0.0015,0.0015));
#6421=CARTESIAN_POINT('',(0.0293722283696271,0.00685171323429957,0.00421277818072595));
#6422=CARTESIAN_POINT('',(0.00953040529269219,0.00719673119450356,0.0033834154341435));
#6423=CARTESIAN_POINT('',(0.0100054692378946,0.00694902345555753,0.00413265236721317));
#6424=CARTESIAN_POINT('',(0.0108222371892747,0.00636751748643789,0.0051038565437665));
#6425=CARTESIAN_POINT('',(0.0122440277469134,0.00557817038679025,0.00592101218698665));
#6426=CARTESIAN_POINT('',(0.0139195204403831,0.00496076928203942,0.00641770244414731));
#6427=CARTESIAN_POINT('',(0.0162197731433947,0.00473872007205949,0.00654664937982921));
#6428=CARTESIAN_POINT('',(0.0189193622614036,0.00494353551369106,0.00641893779887786));
#6429=CARTESIAN_POINT('',(0.0216128722001963,0.00533633965883758,0.00612569620964316));
#6430=CARTESIAN_POINT('',(0.0251228498644682,0.00597557368698919,0.00553915370968912));
#6431=CARTESIAN_POINT('',(0.0277009639579957,0.00651287871626325,0.00488122397820993));
#6432=CARTESIAN_POINT('',(0.029372228369627,0.00685171323429957,0.00421277818072596));
#6433=CARTESIAN_POINT('',(0.00953040529269224,0.00719673119450358,0.00338341543414351));
#6434=CARTESIAN_POINT('',(3.02473451036511E-5,0.0015,0.0015));
#6435=CARTESIAN_POINT('',(0.0100361517382279,0.0075,0.00149999999999996));
#6436=CARTESIAN_POINT('',(0.0968,0.0075,0.00149999999999996));
#6437=CARTESIAN_POINT('',(0.006,0.0075,0.00149999999999996));
#6438=CARTESIAN_POINT('',(0.006,0.0015,0.0015));
#6439=CARTESIAN_POINT('',(0.006,0.00149999999999996,0.0075));
#6440=CARTESIAN_POINT('',(0.0968,0.00149999999999996,0.0075));
#6441=CARTESIAN_POINT('',(0.0643346220374522,0.0015,0.0075));
#6442=CARTESIAN_POINT('',(0.0643346220374522,0.0015,0.0015));
#6443=CARTESIAN_POINT('',(0.0643346220374522,0.00481662479035541,0.0065));
#6444=CARTESIAN_POINT('',(0.0968,0.00481662479035541,0.0065));
#6445=CARTESIAN_POINT('',(0.0818,0.00481662479035541,0.0065));
#6446=CARTESIAN_POINT('',(0.0818,0.0015,0.0015));
#6447=CARTESIAN_POINT('',(0.0818,0.005,0.00637339717240448));
#6448=CARTESIAN_POINT('',(0.0968,0.005,0.00637339717240448));
#6449=CARTESIAN_POINT('',(0.0932534552587308,0.005,0.00637339717240448));
#6450=CARTESIAN_POINT('',(0.0966484692283495,0.0075,0.00149999999999996));
#6451=CARTESIAN_POINT('',(0.0964220396552095,0.00750000000000001,0.00260927383373859));
#6452=CARTESIAN_POINT('',(0.0954656909490342,0.00687770959402901,0.0046287395856497));
#6453=CARTESIAN_POINT('',(0.0940223798191547,0.00566413037005722,0.00589642880455588));
#6454=CARTESIAN_POINT('',(0.0932534552587311,0.00499999999999973,0.00637339717240472));
#6455=CARTESIAN_POINT('',(0.0966484692283495,0.0075,0.00149999999999996));
#6456=CARTESIAN_POINT('',(0.0968,0.0075,0.00149999999999996));
#6457=CARTESIAN_POINT('',(0.0922954131601501,0.0075,0.00149999999999996));
#6458=CARTESIAN_POINT('',(0.0922954131601501,0.0075,0.00149999999999996));
#6459=CARTESIAN_POINT('',(0.0920284331076598,0.0075,0.0020923818983163));
#6460=CARTESIAN_POINT('',(0.0912155151029135,0.00731435300792613,0.00312184711394664));
#6461=CARTESIAN_POINT('',(0.0893016565450924,0.00704841395110868,0.0037714923731853));
#6462=CARTESIAN_POINT('',(0.087388744073137,0.00731341885817415,0.00312551345160423));
#6463=CARTESIAN_POINT('',(0.0865715880222977,0.0075,0.00209242878198488));
#6464=CARTESIAN_POINT('',(0.0863045868398499,0.0075,0.00149999999999996));
#6465=CARTESIAN_POINT('',(0.0968,0.0015,-0.0015));
#6466=CARTESIAN_POINT('',(0.0719187635318249,0.00750000000000004,-0.00150000000000003));
#6467=CARTESIAN_POINT('',(0.0718755450610738,0.00750000000000004,-0.00168781368222707));
#6468=CARTESIAN_POINT('',(0.0717864825545949,0.00748624841722757,-0.00196603575834948));
#6469=CARTESIAN_POINT('',(0.0715632101245511,0.00744922688866803,-0.00228778207926983));
#6470=CARTESIAN_POINT('',(0.0712809939869388,0.00742718703717964,-0.00243190712095653));
#6471=CARTESIAN_POINT('',(0.0709959549161709,0.00744857720767124,-0.00229245503617915));
#6472=CARTESIAN_POINT('',(0.0707738731131064,0.00748600690260251,-0.00196973371879394));
#6473=CARTESIAN_POINT('',(0.0706872877300279,0.00749999999999958,-0.00168995820996251));
#6474=CARTESIAN_POINT('',(0.0706461284591963,0.0075,-0.00150000000001317));
#6475=CARTESIAN_POINT('',(0.0863045868398499,0.0075,-0.00149999999999996));
#6476=CARTESIAN_POINT('',(0.0865715668923402,0.0075,-0.0020923818983163));
#6477=CARTESIAN_POINT('',(0.0873844848970865,0.00731435300792613,-0.00312184711394664));
#6478=CARTESIAN_POINT('',(0.0892983434549076,0.00704841395110868,-0.0037714923731853));
#6479=CARTESIAN_POINT('',(0.091211255926863,0.00731341885817414,-0.00312551345160423));
#6480=CARTESIAN_POINT('',(0.0920284119777024,0.0075,-0.00209242878198487));
#6481=CARTESIAN_POINT('',(0.0922954131601501,0.0075,-0.00149999999999996));
#6482=CARTESIAN_POINT('',(0.0922954131601501,0.0075,-0.00149999999999996));
#6483=CARTESIAN_POINT('',(0.0968,0.0075,-0.00149999999999996));
#6484=CARTESIAN_POINT('',(0.0966484692283495,0.0075,-0.0015));
#6485=CARTESIAN_POINT('',(0.0966484692283495,0.0075,-0.00149999999999996));
#6486=CARTESIAN_POINT('',(0.0964220396552095,0.00750000000000001,-0.0026092738337385));
#6487=CARTESIAN_POINT('',(0.0954656909490343,0.0068777095940291,-0.0046287395856495));
#6488=CARTESIAN_POINT('',(0.094022379819155,0.00566413037005745,-0.00589642880455565));
#6489=CARTESIAN_POINT('',(0.0932534552587315,0.00500000000000003,-0.0063733971724045));
#6490=CARTESIAN_POINT('',(0.0932534552587315,0.005,-0.00637339717240451));
#6491=CARTESIAN_POINT('',(0.0968,0.005,-0.00637339717240448));
#6492=CARTESIAN_POINT('',(0.0818365240472931,0.005,-0.00637339717240448));
#6493=CARTESIAN_POINT('',(0.0818365240472931,0.005,-0.00637339717240448));
#6494=CARTESIAN_POINT('',(0.0818464757099722,0.00493943640935842,-0.00641689302545045));
#6495=CARTESIAN_POINT('',(0.0818582360465099,0.00487831474389699,-0.00645907951415362));
#6496=CARTESIAN_POINT('',(0.0818715951247909,0.00481662479035541,-0.0065));
#6497=CARTESIAN_POINT('',(0.081871595124791,0.00481662479035541,-0.0065));
#6498=CARTESIAN_POINT('',(0.0968,0.00481662479035541,-0.0065));
#6499=CARTESIAN_POINT('',(0.0643346220374522,0.00481662479035541,-0.0065));
#6500=CARTESIAN_POINT('',(0.0643346220374522,0.0015,-0.0015));
#6501=CARTESIAN_POINT('',(0.0643346220374522,0.00149999999999996,-0.0075));
#6502=CARTESIAN_POINT('',(0.0968,0.00149999999999996,-0.0075));
#6503=CARTESIAN_POINT('',(0.006,0.00149999999999996,-0.0075));
#6504=CARTESIAN_POINT('',(0.006,0.0015,-0.0015));
#6505=CARTESIAN_POINT('',(0.006,0.0075,-0.00149999999999996));
#6506=CARTESIAN_POINT('',(0.0968,0.0075,-0.00149999999999996));
#6507=CARTESIAN_POINT('',(0.0100361517382279,0.0075,-0.00149999999999996));
#6508=CARTESIAN_POINT('',(3.02473451036511E-5,0.0015,-0.0015));
#6509=CARTESIAN_POINT('',(0.00972530552228002,0.00731360232694517,-0.00298392317325984));
#6510=CARTESIAN_POINT('',(0.0295498157440806,0.00695820278335558,-0.00399159033064613));
#6511=CARTESIAN_POINT('',(0.0287150785815288,0.00678398418335628,-0.00437324233648847));
#6512=CARTESIAN_POINT('',(0.0270067759569201,0.00642068543771318,-0.00497401784931537));
#6513=CARTESIAN_POINT('',(0.0243804996097308,0.00587905334859886,-0.00562551397588381));
#6514=CARTESIAN_POINT('',(0.0216983159598947,0.00537247474663653,-0.00609661152764051));
#6515=CARTESIAN_POINT('',(0.0189689918528325,0.00495387414146393,-0.00641149274396902));
#6516=CARTESIAN_POINT('',(0.0166523948924714,0.0047712988386202,-0.0065295173666892));
#6517=CARTESIAN_POINT('',(0.0148234698099442,0.00487317245812341,-0.00646297075185284));
#6518=CARTESIAN_POINT('',(0.013454430552621,0.00515218895210441,-0.00626864829480023));
#6519=CARTESIAN_POINT('',(0.0122196666429899,0.00566784245026972,-0.00584178872528268));
#6520=CARTESIAN_POINT('',(0.0108527870374631,0.00653187787840851,-0.00489616670766982));
#6521=CARTESIAN_POINT('',(0.0101296495694022,0.00710427219497995,-0.0038040209817061));
#6522=CARTESIAN_POINT('',(0.00972530552228006,0.00731360232694522,-0.00298392317325983));
#6523=CARTESIAN_POINT('',(0.0295498157440806,0.00695820278335558,-0.00399159033064613));
#6524=CARTESIAN_POINT('',(0.0204474398759905,0.0015,-0.0015));
#6525=CARTESIAN_POINT('',(0.0299054287739406,0.00717144469486556,-0.00345824285344827));
#6526=CARTESIAN_POINT('',(0.0494808846433235,0.00695820278335556,-0.00399159033064618));
#6527=CARTESIAN_POINT('',(0.0486667198543109,0.0067882778583928,-0.00436383639653643));
#6528=CARTESIAN_POINT('',(0.0470013800499174,0.00643423738149577,-0.00495328968811301));
#6529=CARTESIAN_POINT('',(0.0444418044165054,0.0059054709307,-0.00559657428772349));
#6530=CARTESIAN_POINT('',(0.0418292876269863,0.0054084596507603,-0.00606586266431422));
#6531=CARTESIAN_POINT('',(0.0391708133051267,0.00499025771869279,-0.00638624938589257));
#6532=CARTESIAN_POINT('',(0.0369132845817717,0.00478748686874686,-0.0065190058140467));
#6533=CARTESIAN_POINT('',(0.0351269972645694,0.00483758478066029,-0.00648639109756453));
#6534=CARTESIAN_POINT('',(0.0337816215073569,0.0050470513039872,-0.00634400229076083));
#6535=CARTESIAN_POINT('',(0.0325321958180818,0.00547940273535349,-0.00600846196346061));
#6536=CARTESIAN_POINT('',(0.0310947116425707,0.0062945221235113,-0.00520425551120283));
#6537=CARTESIAN_POINT('',(0.030332200808428,0.00690843056806393,-0.0042199819153308));
#6538=CARTESIAN_POINT('',(0.0299054287739406,0.00717144469486557,-0.00345824285344826));
#6539=CARTESIAN_POINT('',(0.0494808846433235,0.00695820278335556,-0.00399159033064618));
#6540=CARTESIAN_POINT('',(0.0403785087752133,0.0015,-0.0015));
#6541=CARTESIAN_POINT('',(0.04983652979156,0.0071714639545178,-0.00345818707293385));
#6542=CARTESIAN_POINT('',(0.0694119960053713,0.00695822824601697,-0.00399153455010813));
#6543=CARTESIAN_POINT('',(0.0685978335194901,0.00678830679866855,-0.0043637830679868));
#6544=CARTESIAN_POINT('',(0.0669324973911535,0.0064342725756836,-0.00495323909849162));
#6545=CARTESIAN_POINT('',(0.0643729261741951,0.00590551561985507,-0.00559652587946097));
#6546=CARTESIAN_POINT('',(0.0617604124275977,0.00540851489154711,-0.00606581497998606));
#6547=CARTESIAN_POINT('',(0.0591019414520267,0.00499032571741505,-0.00638620039073698));
#6548=CARTESIAN_POINT('',(0.0568444158447261,0.00478756810219917,-0.00651895257426608));
#6549=CARTESIAN_POINT('',(0.055058132782713,0.00483767444784037,-0.0064863311565891));
#6550=CARTESIAN_POINT('',(0.0537127615421942,0.00504714171080538,-0.00634393611389257));
#6551=CARTESIAN_POINT('',(0.0524633366839284,0.00547948135358086,-0.00600839188547047));
#6552=CARTESIAN_POINT('',(0.0510258400547068,0.00629457225670127,-0.00520418742237959));
#6553=CARTESIAN_POINT('',(0.0502633114169915,0.00690846091965946,-0.00421991829501422));
#6554=CARTESIAN_POINT('',(0.04983652979156,0.0071714639545178,-0.00345818707293387));
#6555=CARTESIAN_POINT('',(0.0694119960053713,0.00695822824601697,-0.00399153455010813));
#6556=CARTESIAN_POINT('',(0.0603095776744335,0.0015,-0.0015));
#6557=CARTESIAN_POINT('',(0.0190774047358085,0.004,-0.0330430342789753));
#6558=CARTESIAN_POINT('',(0.0944961524227066,0.004,0.0105));
#6559=CARTESIAN_POINT('',(0.0944961524227066,0.0025,0.0105));
#6560=CARTESIAN_POINT('',(0.0944961524227066,0.000677526725979039,0.0105));
#6561=CARTESIAN_POINT('',(0.093844248268414,6.48097368860746E-5,0.0101236229610333));
#6562=CARTESIAN_POINT('',(0.0927641016151552,0.000837344616326668,0.00950000000001008));
#6563=CARTESIAN_POINT('',(0.0927641016151551,0.00400000000000411,0.00950000000001));
#6564=CARTESIAN_POINT('',(0.0927641016151553,0.00149999999999422,0.0095000000000101));
#6565=CARTESIAN_POINT('',(0.0550090796418169,0.00149999999999489,-0.0122978720995571));
#6566=CARTESIAN_POINT('',(0.0900970771576557,0.0037150523369119,0.00796019271153741));
#6567=CARTESIAN_POINT('',(0.0900970771576557,0.00749999999999421,0.00796019271153741));
#6568=CARTESIAN_POINT('',(0.0900970771576556,0.00329999999999427,0.00796019271153741));
#6569=CARTESIAN_POINT('',(0.0190774047358084,0.00329999999999553,-0.0330430342789753));
#6570=CARTESIAN_POINT('',(0.0893,0.00329999999999428,0.0075));
#6571=CARTESIAN_POINT('',(0.0893,0.004,0.0075));
#6572=CARTESIAN_POINT('',(0.0893,0.004,0.0075));
#6573=CARTESIAN_POINT('',(0.0190774047358085,0.004,-0.0330430342789753));
#6574=CARTESIAN_POINT('',(0.0918980762113533,0.004,0.009));
#6575=CARTESIAN_POINT('',(0.0918980762113533,0.0025,0.009));
#6576=CARTESIAN_POINT('',(0.0190774047358085,0.004,0.0330430342789753));
#6577=CARTESIAN_POINT('',(0.0943047481059179,-1.49569449218364E-5,-0.010389492666178));
#6578=CARTESIAN_POINT('',(0.0927641016151113,-0.00023789865785722,-0.00949999999998473));
#6579=CARTESIAN_POINT('',(0.0944961524227066,-0.000798711617358436,-0.0105));
#6580=CARTESIAN_POINT('',(0.0927641016151111,0.00400000000000423,-0.00949999999998462));
#6581=CARTESIAN_POINT('',(0.0927641016151113,-0.00150000000000577,-0.00949999999998473));
#6582=CARTESIAN_POINT('',(0.0550090796417419,-0.00150000000000511,0.0122978720996004));
#6583=CARTESIAN_POINT('',(0.0900970771576433,-0.00371505233691007,-0.00796019271153024));
#6584=CARTESIAN_POINT('',(0.0900970771576433,-0.00750000000000578,-0.00796019271153024));
#6585=CARTESIAN_POINT('',(0.0900970771576433,-0.00330000000000572,-0.00796019271153024));
#6586=CARTESIAN_POINT('',(0.0190774047358084,-0.00330000000000447,0.0330430342789753));
#6587=CARTESIAN_POINT('',(0.0893,-0.00330000000000571,-0.0075));
#6588=CARTESIAN_POINT('',(0.0893,0.004,-0.0075));
#6589=CARTESIAN_POINT('',(0.0918980762113533,-0.0025,-0.009));
#6590=CARTESIAN_POINT('',(0.0944961524227066,-0.0025,-0.0105));
#6591=CARTESIAN_POINT('',(0.0944961524227066,0.004,-0.0105));
#6592=CARTESIAN_POINT('',(0.0338288080328879,0.00334423938762494,9.33207931437569E-18));
#6593=CARTESIAN_POINT('',(0.0363744567513044,-0.000901013561543609,0.00421277818072589));
#6594=CARTESIAN_POINT('',(0.0447144006789673,0.00410000000003431,0.0042127781807259));
#6595=CARTESIAN_POINT('',(0.035089152771535,0.0041000000000352,9.76306303204592E-18));
#6596=CARTESIAN_POINT('',(0.0437033136092678,0.00410000000003431,0.00475656092076215));
#6597=CARTESIAN_POINT('',(0.0441680640064637,0.00377239142951196,0.0042127781807259));
#6598=CARTESIAN_POINT('',(0.0439395805934639,0.00378180769439691,0.00436033233788503));
#6599=CARTESIAN_POINT('',(0.0437852224716671,0.00391762924299959,0.004571660326379));
#6600=CARTESIAN_POINT('',(0.0437033136092678,0.00410000000003431,0.00475656092076215));
#6601=CARTESIAN_POINT('',(0.0441680640064637,0.00377239142951199,0.0042127781807259));
#6602=CARTESIAN_POINT('',(0.0363744567513044,-0.000901013561543609,0.00421277818072589));
#6603=CARTESIAN_POINT('',(0.0402337776141849,0.00141321254610777,0.0042127781807259));
#6604=CARTESIAN_POINT('',(0.0363744567513044,-0.000901013561543609,0.00421277818072589));
#6605=CARTESIAN_POINT('',(0.0351152483205147,0.0041156480901754,9.77198658793428E-18));
#6606=CARTESIAN_POINT('',(0.0351152483205147,0.00411564809017541,0.0065));
#6607=CARTESIAN_POINT('',(0.0351152483205147,0.00411564809017541,0.0065));
#6608=CARTESIAN_POINT('',(0.0308099614912569,0.00153400029897324,0.0065));
#6609=CARTESIAN_POINT('',(0.0308099614912569,0.00153400029897318,-3.68030467963054E-17));
#6610=CARTESIAN_POINT('',(0.0280843174089098,0.00607942264859164,0.00376297754443942));
#6611=CARTESIAN_POINT('',(0.0311031639505346,0.00788966173724367,0.00376297754443459));
#6612=CARTESIAN_POINT('',(0.0203027087149834,0.00141321254612035,6.71318742797627E-17));
#6613=CARTESIAN_POINT('',(0.0203027087149834,0.00141321254612035,-0.00424159033064613));
#6614=CARTESIAN_POINT('',(0.0203027087149834,0.00141321254612035,-0.00424159033064613));
#6615=CARTESIAN_POINT('',(0.0203027087149834,0.00141321254612035,6.71318742797627E-17));
#6616=CARTESIAN_POINT('',(0.0203027087149834,0.00141321254612035,-0.00399159033064613));
#6617=CARTESIAN_POINT('',(0.0164433878521052,-0.000901013561534799,-0.00399159033064613));
#6618=CARTESIAN_POINT('',(0.0203027087149834,0.00141321254612035,6.71318742797627E-17));
#6619=CARTESIAN_POINT('',(0.0164433878521052,-0.0009010135615348,0.00421277818072595));
#6620=CARTESIAN_POINT('',(0.0203027087149834,0.00141321254612035,0.00421277818072595));
#6621=CARTESIAN_POINT('',(0.0203027087149834,0.00141321254612035,6.71318742797627E-17));
#6622=CARTESIAN_POINT('',(0.0203027087149834,0.00141321254612035,0.00446277818072595));
#6623=CARTESIAN_POINT('',(0.0203027087149834,0.00141321254612035,0.00446277818072595));
#6624=CARTESIAN_POINT('',(0.0402337776141849,0.00141321254610777,1.33068141946242E-17));
#6625=CARTESIAN_POINT('',(0.0402337776141849,0.00141321254610777,-0.00424159033064619));
#6626=CARTESIAN_POINT('',(0.0402337776141849,0.00141321254610777,-0.00424159033064619));
#6627=CARTESIAN_POINT('',(0.0402337776141849,0.00141321254610777,1.33068141946242E-17));
#6628=CARTESIAN_POINT('',(0.0402337776141849,0.00141321254610777,-0.00399159033064619));
#6629=CARTESIAN_POINT('',(0.0363744567513044,-0.000901013561543611,-0.00399159033064619));
#6630=CARTESIAN_POINT('',(0.0402337776141849,0.00141321254610777,1.33068141946242E-17));
#6631=CARTESIAN_POINT('',(0.0402337776141849,0.00141321254610777,1.33068141946242E-17));
#6632=CARTESIAN_POINT('',(0.0402337776141849,0.00141321254610777,0.0044627781807259));
#6633=CARTESIAN_POINT('',(0.0402337776141849,0.00141321254610777,0.0044627781807259));
#6634=CARTESIAN_POINT('',(0.0601648465134194,0.00141321254611632,5.57805380745423E-8));
#6635=CARTESIAN_POINT('',(0.0601648465134194,0.00141321254611631,-0.00424153455010812));
#6636=CARTESIAN_POINT('',(0.0601648465134194,0.00141321254611631,-0.00424153455010812));
#6637=CARTESIAN_POINT('',(0.0601648465134194,0.00141321254611632,5.57805380745423E-8));
#6638=CARTESIAN_POINT('',(0.0601648465134194,0.00141321254611631,-0.00399153455010812));
#6639=CARTESIAN_POINT('',(0.0563055256505387,-0.000901013561534771,-0.00399153455010812));
#6640=CARTESIAN_POINT('',(0.0601648465134194,0.00141321254611632,5.57805380745423E-8));
#6641=CARTESIAN_POINT('',(0.0563055256505387,-0.000901013561534762,0.00421283396126396));
#6642=CARTESIAN_POINT('',(0.0601648465134194,0.00141321254611632,0.00421283396126396));
#6643=CARTESIAN_POINT('',(0.0601648465134194,0.00141321254611632,5.57805380745423E-8));
#6644=CARTESIAN_POINT('',(0.0601648465134194,0.00141321254611632,0.00446283396126396));
#6645=CARTESIAN_POINT('',(0.0601648465134194,0.00141321254611632,0.00446283396126396));
#6646=CARTESIAN_POINT('',(0.0968,-0.00149999999999996,-0.0075));
#6647=CARTESIAN_POINT('',(0.0581545499881164,-0.00106779856188762,-0.0075));
#6648=CARTESIAN_POINT('',(0.0620115935009051,-0.0075,-0.0075));
#6649=CARTESIAN_POINT('',(0.0523011885282614,-0.00106779856188762,-0.0075));
#6650=CARTESIAN_POINT('',(0.0561582320410501,-0.0075,-0.0075));
#6651=CARTESIAN_POINT('',(0.,-0.0075,-0.0075));
#6652=CARTESIAN_POINT('',(0.0420805246016663,-0.0075,-0.0075));
#6653=CARTESIAN_POINT('',(0.0382234810888776,-0.00106779856188762,-0.0075));
#6654=CARTESIAN_POINT('',(0.0323701196290224,-0.00106779856188762,-0.0075));
#6655=CARTESIAN_POINT('',(0.036227163141811,-0.0075,-0.0075));
#6656=CARTESIAN_POINT('',(0.,-0.0075,-0.0075));
#6657=CARTESIAN_POINT('',(0.0221494557024821,-0.0075,-0.0075));
#6658=CARTESIAN_POINT('',(0.0182924121896934,-0.00106779856188762,-0.0075));
#6659=CARTESIAN_POINT('',(0.0185515800296823,-0.00149999999999996,-0.0075));
#6660=CARTESIAN_POINT('',(0.0968,-0.00149999999999996,-0.0075));
#6661=CARTESIAN_POINT('',(0.006,-0.00149999999999996,-0.0075));
#6662=CARTESIAN_POINT('',(0.006,0.00149999999999996,-0.0075));
#6663=CARTESIAN_POINT('',(0.0643346220374522,0.,-0.0075));
#6664=CARTESIAN_POINT('',(0.0643346220374522,0.005,-0.0075));
#6665=CARTESIAN_POINT('',(0.,0.005,-0.0075));
#6666=CARTESIAN_POINT('',(0.0832499959465699,0.005,-0.0075));
#6667=CARTESIAN_POINT('',(0.08325,0.0045,-0.0075));
#6668=CARTESIAN_POINT('',(0.08325,0.004,-0.0075));
#6669=CARTESIAN_POINT('',(0.,0.004,-0.0075));
#6670=CARTESIAN_POINT('',(0.0758,0.004,-0.0075));
#6671=CARTESIAN_POINT('',(0.0758,0.0025,-0.0075));
#6672=CARTESIAN_POINT('',(0.0743,0.0025,-0.0075));
#6673=CARTESIAN_POINT('',(0.0743,0.004,-0.0075));
#6674=CARTESIAN_POINT('',(0.0743,-0.0025,-0.0075));
#6675=CARTESIAN_POINT('',(0.0758,-0.0025,-0.0075));
#6676=CARTESIAN_POINT('',(0.0722322569881164,-0.00106779856188762,-0.00749999999999992));
#6677=CARTESIAN_POINT('',(0.0760893005009051,-0.0075,-0.0075));
#6678=CARTESIAN_POINT('',(4.62093225474364E-19,-0.0075,-0.0075));
#6679=CARTESIAN_POINT('',(0.00845630299206945,0.000500000000034313,-0.0075));
#6680=CARTESIAN_POINT('',(0.0712474229126531,0.00110000000003514,-0.0075));
#6681=CARTESIAN_POINT('',(0.0138977391336845,0.00334423938763127,6.73569651501572E-17));
#6682=CARTESIAN_POINT('',(0.0151841794213106,0.00411564809018298,6.75536077845683E-17));
#6683=CARTESIAN_POINT('',(0.0151841794213106,0.00411564809018298,0.0065));
#6684=CARTESIAN_POINT('',(0.0151841794213106,0.00411564809018298,0.0065));
#6685=CARTESIAN_POINT('',(0.0108788925920553,0.00153400029897661,0.0065));
#6686=CARTESIAN_POINT('',(0.0108788925920553,0.00153400029897656,2.17927000593421E-17));
#6687=CARTESIAN_POINT('',(0.00802468039261396,0.00629382936319308,0.00338341543414351));
#6688=CARTESIAN_POINT('',(0.0110435269342432,0.00810406845184777,0.00338341543414351));
#6689=CARTESIAN_POINT('',(0.0164433878521052,-0.0009010135615348,0.00421277818072595));
#6690=CARTESIAN_POINT('',(0.0338288080328879,0.00334423938762494,9.33207931437569E-18));
#6691=CARTESIAN_POINT('',(0.0363744567513044,-0.000901013561543609,0.00421277818072589));
#6692=CARTESIAN_POINT('',(0.0376608970389313,-0.000129604858993148,0.00421277818072589));
#6693=CARTESIAN_POINT('',(0.0351152483205147,0.0041156480901754,9.77198658793428E-18));
#6694=CARTESIAN_POINT('',(0.0537598769321225,0.00334423938763398,5.57805380742987E-8));
#6695=CARTESIAN_POINT('',(0.0550463172197494,0.00411564809018434,5.57805380732579E-8));
#6696=CARTESIAN_POINT('',(0.0550463172197494,0.00411564809018435,0.00650005578053807));
#6697=CARTESIAN_POINT('',(0.0550463172197494,0.00411564809018435,0.00650005578053807));
#6698=CARTESIAN_POINT('',(0.0507410303904914,0.00153400029898251,0.00650005578053808));
#6699=CARTESIAN_POINT('',(0.0507410303904914,0.00153400029898245,5.57805380316384E-8));
#6700=CARTESIAN_POINT('',(0.0480153863081501,0.00607942264859199,0.00376303332499249));
#6701=CARTESIAN_POINT('',(0.0510342328497807,0.00788966173724353,0.0037630333249921));
#6702=CARTESIAN_POINT('',(0.0563055256505387,-0.000901013561534762,0.00421283396126396));
#6703=CARTESIAN_POINT('',(0.0151841794213106,0.00411564809018298,0.0065));
#6704=CARTESIAN_POINT('',(0.0151841794213106,0.00411564809018298,0.0065));
#6705=CARTESIAN_POINT('',(0.0205403806378564,-0.00481662479036099,0.00649999999999629));
#6706=CARTESIAN_POINT('',(0.0968,-0.00481662479035528,0.00650000000000008));
#6707=CARTESIAN_POINT('',(0.0146870191780114,-0.0048166247903553,0.0065));
#6708=CARTESIAN_POINT('',(0.0108788925920553,0.00153400029897661,0.0065));
#6709=CARTESIAN_POINT('',(0.0351152483205147,0.00411564809017541,0.0065));
#6710=CARTESIAN_POINT('',(0.0351152483205147,0.00411564809017541,0.0065));
#6711=CARTESIAN_POINT('',(0.0308099614912569,0.00153400029897324,0.0065));
#6712=CARTESIAN_POINT('',(0.0550463172197494,0.00411564809018435,0.00650005578053807));
#6713=CARTESIAN_POINT('',(0.0550463172197494,0.00411564809018435,0.00650005578053807));
#6714=CARTESIAN_POINT('',(0.0507410303904914,0.00153400029898251,0.00650005578053808));
#6715=CARTESIAN_POINT('',(0.0138977391336845,0.00334423938763127,-0.000361724532970524));
#6716=CARTESIAN_POINT('',(0.0151841794213106,0.00411564809018298,-0.000361724532970524));
#6717=CARTESIAN_POINT('',(0.0151841794213106,0.00411564809018299,-0.00649999999999993));
#6718=CARTESIAN_POINT('',(0.0164433878521052,-0.000901013561534799,-0.00399159033064613));
#6719=CARTESIAN_POINT('',(0.0110435269342432,0.00810406845184778,-0.00298392317325984));
#6720=CARTESIAN_POINT('',(0.00802468039261396,0.00629382936319309,-0.00298392317325983));
#6721=CARTESIAN_POINT('',(0.0108788925920553,0.00153400029897658,-0.000361724532970533));
#6722=CARTESIAN_POINT('',(0.0108788925920553,0.00153400029897658,-0.0065));
#6723=CARTESIAN_POINT('',(0.0151841794213106,0.00411564809018299,-0.00649999999999993));
#6724=CARTESIAN_POINT('',(0.0338288080328879,0.00334423938762494,-0.000361724532970582));
#6725=CARTESIAN_POINT('',(0.0436922805648107,0.00410000000003431,-0.00461654969512356));
#6726=CARTESIAN_POINT('',(0.0437859779424907,0.00390392699359332,-0.00439158638288313));
#6727=CARTESIAN_POINT('',(0.0439875951236824,0.00378837065141055,-0.00413684259297342));
#6728=CARTESIAN_POINT('',(0.0442629065021166,0.00382926334748747,-0.00399159033064619));
#6729=CARTESIAN_POINT('',(0.0436922805648107,0.00410000000003431,-0.00461654969512358));
#6730=CARTESIAN_POINT('',(0.0442629065021166,0.00382926334748746,-0.00399159033064618));
#6731=CARTESIAN_POINT('',(0.035089152771535,0.0041000000000352,-0.000361724532970582));
#6732=CARTESIAN_POINT('',(0.0447144006789673,0.00410000000003431,-0.00399159033064618));
#6733=CARTESIAN_POINT('',(0.0363744567513044,-0.000901013561543611,-0.00399159033064619));
#6734=CARTESIAN_POINT('',(0.0311031639505346,0.00788966173724367,-0.00345824285344827));
#6735=CARTESIAN_POINT('',(0.0280843174089098,0.00607942264859164,-0.00345824285345415));
#6736=CARTESIAN_POINT('',(0.0308099614912569,0.0015340002989732,-0.000361724532970592));
#6737=CARTESIAN_POINT('',(0.0308099614912569,0.00153400029897319,-0.0065));
#6738=CARTESIAN_POINT('',(0.0351152483205147,0.0041156480901754,-0.0065));
#6739=CARTESIAN_POINT('',(0.0351152483205147,0.0041156480901754,-0.0065));
#6740=CARTESIAN_POINT('',(0.0351152483205147,0.0041156480901754,-0.000361724532970582));
#6741=CARTESIAN_POINT('',(0.0363744567513044,-0.000901013561543611,-0.00399159033064619));
#6742=CARTESIAN_POINT('',(0.0338288080328879,0.00334423938762494,-0.000361724532970582));
#6743=CARTESIAN_POINT('',(0.0351152483205147,0.0041156480901754,-0.000361724532970582));
#6744=CARTESIAN_POINT('',(0.0376608970389313,-0.000129604858993151,-0.00399159033064619));
#6745=CARTESIAN_POINT('',(0.0363744567513044,-0.000901013561543611,-0.00399159033064619));
#6746=CARTESIAN_POINT('',(0.0537598769321225,0.00334423938763398,-0.000361668752432517));
#6747=CARTESIAN_POINT('',(0.0550463172197494,0.00411564809018434,-0.000361668752432518));
#6748=CARTESIAN_POINT('',(0.0550463172197494,0.00411564809018434,-0.00649994421946193));
#6749=CARTESIAN_POINT('',(0.0563055256505387,-0.000901013561534771,-0.00399153455010812));
#6750=CARTESIAN_POINT('',(0.0510342328497807,0.00788966173724352,-0.00345818707293385));
#6751=CARTESIAN_POINT('',(0.0480153863081501,0.00607942264859198,-0.00345818707293432));
#6752=CARTESIAN_POINT('',(0.0507410303904914,0.00153400029898247,-0.000361668752432523));
#6753=CARTESIAN_POINT('',(0.0507410303904914,0.00153400029898246,-0.00649994421946193));
#6754=CARTESIAN_POINT('',(0.0550463172197494,0.00411564809018434,-0.00649994421946193));
#6755=CARTESIAN_POINT('',(0.0151841794213106,0.00411564809018299,-0.00649999999999993));
#6756=CARTESIAN_POINT('',(0.0151841794213106,0.00411564809018299,-0.00649999999999993));
#6757=CARTESIAN_POINT('',(0.0205403806378702,-0.0048166247903555,-0.00649999999999993));
#6758=CARTESIAN_POINT('',(0.0165153188453665,-0.007865590069278,-0.00649999999999993));
#6759=CARTESIAN_POINT('',(0.0146870191780115,-0.0048166247903555,-0.00649999999999993));
#6760=CARTESIAN_POINT('',(0.0968,-0.00481662479035551,-0.00649999999999992));
#6761=CARTESIAN_POINT('',(0.0151841794213106,0.00411564809018298,6.75536077845683E-17));
#6762=CARTESIAN_POINT('',(0.0182924121896934,-0.00106779856188762,7.03070195421625E-17));
#6763=CARTESIAN_POINT('',(0.0177298281397313,-0.000129604858983083,6.67385890109404E-17));
#6764=CARTESIAN_POINT('',(0.0177298281397313,-0.000129604858983081,-0.00399159033064613));
#6765=CARTESIAN_POINT('',(0.0151841794213106,0.00411564809018298,-0.000361724532970524));
#6766=CARTESIAN_POINT('',(0.0185515800296823,-0.0015,-0.0015));
#6767=CARTESIAN_POINT('',(0.0221494557024821,-0.0075,-0.00149999999999997));
#6768=CARTESIAN_POINT('',(0.0221494557024821,-0.0075,0.0075));
#6769=CARTESIAN_POINT('',(0.0182924121896934,-0.00106779856188762,0.0075));
#6770=CARTESIAN_POINT('',(0.0185515800296823,-0.00149999999999997,0.0075));
#6771=CARTESIAN_POINT('',(0.0185515800296823,-0.0015,0.0015));
#6772=CARTESIAN_POINT('',(0.0151841794213106,0.00411564809018298,6.75536077845683E-17));
#6773=CARTESIAN_POINT('',(0.0177298281397313,-0.000129604858983084,0.00421277818072595));
#6774=CARTESIAN_POINT('',(0.0177298281397313,-0.000129604858983083,6.67385890109404E-17));
#6775=CARTESIAN_POINT('',(0.0151841794213106,0.00411564809018298,6.75536077845683E-17));
#6776=CARTESIAN_POINT('',(0.0151841794213106,0.00411564809018298,0.0065));
#6777=CARTESIAN_POINT('',(0.0108788925920553,0.00153400029897656,2.17927000593421E-17));
#6778=CARTESIAN_POINT('',(0.0165153188453665,-0.007865590069278,-0.00649999999999993));
#6779=CARTESIAN_POINT('',(0.00802468039261396,0.00629382936319308,0.00338341543414351));
#6780=CARTESIAN_POINT('',(0.0108788925920553,0.00153400029897661,0.0065));
#6781=CARTESIAN_POINT('',(0.0107297535762286,0.00178271208791762,4.80605380062769E-5));
#6782=CARTESIAN_POINT('',(0.0308099614912569,0.00153400029897318,-3.68030467963054E-17));
#6783=CARTESIAN_POINT('',(0.036446387744559,-0.00786559006928689,-0.0065));
#6784=CARTESIAN_POINT('',(0.0280843174089098,0.00607942264859163,0.0085));
#6785=CARTESIAN_POINT('',(0.0308099614912569,0.00153400029897324,0.0065));
#6786=CARTESIAN_POINT('',(0.0306608224754305,0.00178271208791438,4.80605380062181E-5));
#6787=CARTESIAN_POINT('',(0.0351152483205147,0.0041156480901754,-0.0065));
#6788=CARTESIAN_POINT('',(0.0351152483205147,0.0041156480901754,-0.0065));
#6789=CARTESIAN_POINT('',(0.036446387744559,-0.00786559006928689,-0.0065));
#6790=CARTESIAN_POINT('',(0.0351152483205147,0.0041156480901754,9.77198658793428E-18));
#6791=CARTESIAN_POINT('',(0.0382234810888776,-0.00106779856188762,7.03070195421625E-17));
#6792=CARTESIAN_POINT('',(0.0376608970389313,-0.000129604858993151,1.2426999647507E-17));
#6793=CARTESIAN_POINT('',(0.0420805246016663,-0.0075,-0.00149999999999998));
#6794=CARTESIAN_POINT('',(0.0420805246016663,-0.0075,0.0075));
#6795=CARTESIAN_POINT('',(0.0382234810888776,-0.00106779856188762,0.0075));
#6796=CARTESIAN_POINT('',(0.0376608970389313,-0.000129604858993151,1.2426999647507E-17));
#6797=CARTESIAN_POINT('',(0.0351152483205147,0.0041156480901754,9.77198658793428E-18));
#6798=CARTESIAN_POINT('',(0.0351152483205147,0.00411564809017541,0.0065));
#6799=CARTESIAN_POINT('',(0.0507410303904914,0.00153400029898245,5.57805380316384E-8));
#6800=CARTESIAN_POINT('',(0.0563774566437927,-0.00786559006927805,-0.00649994421946191));
#6801=CARTESIAN_POINT('',(0.0480153863081501,0.00607942264859199,0.0085));
#6802=CARTESIAN_POINT('',(0.0507410303904914,0.00153400029898251,0.00650005578053808));
#6803=CARTESIAN_POINT('',(0.050591891374665,0.00178271208792367,4.81163185442865E-5));
#6804=CARTESIAN_POINT('',(0.0550463172197494,0.00411564809018434,-0.00649994421946193));
#6805=CARTESIAN_POINT('',(0.0550463172197494,0.00411564809018434,-0.00649994421946193));
#6806=CARTESIAN_POINT('',(0.0563774566437927,-0.00786559006927805,-0.00649994421946191));
#6807=CARTESIAN_POINT('',(0.0550463172197494,0.00411564809018434,5.57805380732579E-8));
#6808=CARTESIAN_POINT('',(0.0581545499881164,-0.00106779856188762,7.03070195421625E-17));
#6809=CARTESIAN_POINT('',(0.0575919659381656,-0.000129604858984406,5.5780538076624E-8));
#6810=CARTESIAN_POINT('',(0.0575919659381656,-0.00012960485898441,-0.00399153455010812));
#6811=CARTESIAN_POINT('',(0.0550463172197494,0.00411564809018434,-0.000361668752432518));
#6812=CARTESIAN_POINT('',(0.0620115935009051,-0.0075,-0.00149999999999993));
#6813=CARTESIAN_POINT('',(0.0620115935009051,-0.0075,0.0075));
#6814=CARTESIAN_POINT('',(0.0581545499881164,-0.00106779856188762,0.0075));
#6815=CARTESIAN_POINT('',(0.0550463172197494,0.00411564809018434,5.57805380732579E-8));
#6816=CARTESIAN_POINT('',(0.0575919659381656,-0.000129604858984401,0.00421283396126396));
#6817=CARTESIAN_POINT('',(0.0575919659381656,-0.000129604858984406,5.5780538076624E-8));
#6818=CARTESIAN_POINT('',(0.0550463172197494,0.00411564809018434,5.57805380732579E-8));
#6819=CARTESIAN_POINT('',(0.0550463172197494,0.00411564809018435,0.00650005578053807));
#6820=CARTESIAN_POINT('',(0.0177570599965628,0.00565846549528642,6.79468930533906E-17));
#6821=CARTESIAN_POINT('',(0.0098892792549796,0.00127872506891717,4.80605380062767E-5));
#6822=CARTESIAN_POINT('',(0.0107297535762286,0.00178271208791762,4.80605380062769E-5));
#6823=CARTESIAN_POINT('',(0.0098892792549796,0.00127872506891717,4.80605380062767E-5));
#6824=CARTESIAN_POINT('',(0.0098892792549796,0.00127872506891717,4.80605380062767E-5));
#6825=CARTESIAN_POINT('',(0.0098892792549796,0.00127872506891717,4.80605380062767E-5));
#6826=CARTESIAN_POINT('',(0.0376881288957684,0.00565846549527632,1.06518011350515E-17));
#6827=CARTESIAN_POINT('',(0.029820348154181,0.00127872506891475,4.80605380062178E-5));
#6828=CARTESIAN_POINT('',(0.029820348154181,0.00127872506891475,4.80605380062178E-5));
#6829=CARTESIAN_POINT('',(0.0576191977950032,0.00565846549528507,5.57805380711762E-8));
#6830=CARTESIAN_POINT('',(0.0497514170534154,0.0012787250689241,4.81163185442872E-5));
#6831=CARTESIAN_POINT('',(0.0497514170534154,0.0012787250689241,4.81163185442872E-5));
#6832=CARTESIAN_POINT('',(0.0968,0.0075,-0.00149999999999996));
#6833=CARTESIAN_POINT('',(0.0100361517382279,0.0075,-0.00149999999999993));
#6834=CARTESIAN_POINT('',(0.006,0.0075,0.00149999999999996));
#6835=CARTESIAN_POINT('',(0.0968,-0.0015,0.0015));
#6836=CARTESIAN_POINT('',(0.0968,-0.00149999999999996,0.0075));
#6837=CARTESIAN_POINT('',(0.006,-0.00149999999999996,0.0075));
#6838=CARTESIAN_POINT('',(0.006,-0.0015,0.0015));
#6839=CARTESIAN_POINT('',(0.006,-0.0075,0.00149999999999996));
#6840=CARTESIAN_POINT('',(0.0968,-0.0075,0.00149999999999996));
#6841=CARTESIAN_POINT('',(0.0162960942426234,-0.0075,0.00149999999999996));
#6842=CARTESIAN_POINT('',(0.0126982185698618,-0.0015,0.0015));
#6843=CARTESIAN_POINT('',(0.0968,-0.0075,-0.00149999999999996));
#6844=CARTESIAN_POINT('',(0.036227163141811,-0.0075,-0.00149999999999998));
#6845=CARTESIAN_POINT('',(0.036227163141811,-0.0075,0.0075));
#6846=CARTESIAN_POINT('',(0.,-0.0075,0.0075));
#6847=CARTESIAN_POINT('',(0.0968,-0.0075,-0.00149999999999996));
#6848=CARTESIAN_POINT('',(0.0162960942426234,-0.0075,-0.00149999999999997));
#6849=CARTESIAN_POINT('',(0.0162960942426234,-0.0075,-0.00149999999999996));
#6850=CARTESIAN_POINT('',(0.006,-0.0075,-0.00149999999999996));
#6851=CARTESIAN_POINT('',(0.006,-0.0075,-0.00149999999999996));
#6852=CARTESIAN_POINT('',(0.0968,-0.0075,-0.00149999999999996));
#6853=CARTESIAN_POINT('',(0.0968,-0.0075,-0.00149999999999996));
#6854=CARTESIAN_POINT('',(0.0561582320410501,-0.0075,-0.00149999999999992));
#6855=CARTESIAN_POINT('',(0.0561582320410501,-0.0075,0.0075));
#6856=CARTESIAN_POINT('',(0.,-0.0075,0.0075));
#6857=CARTESIAN_POINT('',(0.0968,-0.0075,-0.00149999999999996));
#6858=CARTESIAN_POINT('',(0.0760893005009051,-0.0075,0.));
#6859=CARTESIAN_POINT('',(0.0893,-0.0075,0.));
#6860=CARTESIAN_POINT('',(0.0760893005009051,-0.0075,0.));
#6861=CARTESIAN_POINT('',(0.0760893005009051,-0.0075,0.0075));
#6862=CARTESIAN_POINT('',(0.,-0.0075,0.0075));
#6863=CARTESIAN_POINT('',(0.0968,-0.0015,-0.0015));
#6864=CARTESIAN_POINT('',(0.0126982185698618,-0.0015,-0.0015));
#6865=CARTESIAN_POINT('',(0.006,-0.0015,-0.0015));
#6866=CARTESIAN_POINT('',(0.006,-0.00149999999999996,-0.0015));
#6867=CARTESIAN_POINT('',(0.006,0.00149999999999996,-0.0015));
#6868=CARTESIAN_POINT('',(0.,0.00149999999999996,-0.0015));
#6869=CARTESIAN_POINT('',(0.006,-0.0015,-0.0015));
#6870=CARTESIAN_POINT('',(0.,-0.0015,-0.0015));
#6871=CARTESIAN_POINT('',(0.,-0.00149999999999996,-0.0015));
#6872=CARTESIAN_POINT('',(0.006,-0.00149999999999996,0.0015));
#6873=CARTESIAN_POINT('',(0.006,-0.0015,0.0015));
#6874=CARTESIAN_POINT('',(0.,-0.0015,0.0015));
#6875=CARTESIAN_POINT('',(0.006,-0.00149999999999996,0.0075));
#6876=CARTESIAN_POINT('',(0.006,0.0015,0.0015));
#6877=CARTESIAN_POINT('',(0.,0.0015,0.0015));
#6878=CARTESIAN_POINT('',(0.,0.00149999999999996,0.0015));
#6879=CARTESIAN_POINT('',(0.0968,-0.0075,-0.00149999999999996));
#6880=CARTESIAN_POINT('',(0.0893,-0.0075,0.));
#6881=CARTESIAN_POINT('',(0.0893,-0.0075,0.));
#6882=CARTESIAN_POINT('',(-4.33680868994201E-19,0.004,0.0075));
#6883=CARTESIAN_POINT('',(-4.33680868994201E-19,-0.004,0.0075));
#6884=CARTESIAN_POINT('',(0.0893,-0.004,0.0075));
#6885=CARTESIAN_POINT('',(0.08325,-0.004,0.0075));
#6886=CARTESIAN_POINT('',(0.08325,0.004,0.0075));
#6887=CARTESIAN_POINT('',(0.08325,0.004,0.0075));
#6888=CARTESIAN_POINT('',(-4.33680868994201E-19,0.004,0.0075));
#6889=CARTESIAN_POINT('',(-1.28332674349152E-17,0.00329999999999586,0.0075));
#6890=CARTESIAN_POINT('',(0.0885709857616221,0.0032999999999943,0.0075));
#6891=CARTESIAN_POINT('',(0.103791292829392,0.00149999999999403,0.0075));
#6892=CARTESIAN_POINT('',(0.0878360757199973,0.00149999999999431,0.0075));
#6893=CARTESIAN_POINT('',(0.0878360757199973,0.00399999999999845,0.0075));
#6894=CARTESIAN_POINT('',(0.0878360757199972,-0.00150000000000569,0.0075));
#6895=CARTESIAN_POINT('',(0.103791292829392,-0.00150000000000597,0.0075));
#6896=CARTESIAN_POINT('',(0.0885709857616219,-0.0033000000000057,0.0075));
#6897=CARTESIAN_POINT('',(-1.29743655055765E-16,-0.00330000000000413,0.0075));
#6898=CARTESIAN_POINT('',(0.0893,-0.00330000000000571,0.0075));
#6899=CARTESIAN_POINT('',(0.0893,0.004,0.0075));
#6900=CARTESIAN_POINT('',(0.0190774047358085,0.004,-0.0330430342789753));
#6901=CARTESIAN_POINT('',(0.0927641016151551,0.00400000000000411,0.00950000000001));
#6902=CARTESIAN_POINT('',(0.0927641016151553,-0.00150000000000577,0.00950000000001013));
#6903=CARTESIAN_POINT('',(0.0927641016151553,-0.000391158603865142,0.00950000000001011));
#6904=CARTESIAN_POINT('',(0.093844248268414,6.48097368860746E-5,0.0101236229610333));
#6905=CARTESIAN_POINT('',(0.0944961524227066,-0.000738965606235981,0.0105));
#6906=CARTESIAN_POINT('',(0.0944961524227066,0.004,0.0105));
#6907=CARTESIAN_POINT('',(0.0944961524227066,-0.0025,0.0105));
#6908=CARTESIAN_POINT('',(0.0918980762113533,-0.0025,0.009));
#6909=CARTESIAN_POINT('',(0.0918980762113533,-0.004,0.009));
#6910=CARTESIAN_POINT('',(0.0190774047358085,-0.004,-0.0330430342789753));
#6911=CARTESIAN_POINT('',(0.0190774047358084,-0.00330000000000446,-0.0330430342789753));
#6912=CARTESIAN_POINT('',(0.0900970771576557,-0.00330000000000573,0.00796019271153739));
#6913=CARTESIAN_POINT('',(0.0900970771576556,-0.00750000000000578,0.00796019271153739));
#6914=CARTESIAN_POINT('',(0.0900970771576557,-0.0037150523369235,0.00796019271153739));
#6915=CARTESIAN_POINT('',(0.0550090796418171,-0.00150000000000511,-0.012297872099557));
#6916=CARTESIAN_POINT('',(-4.33680868994201E-19,0.004,-0.0075));
#6917=CARTESIAN_POINT('',(-4.33680868994201E-19,0.004,-0.0075));
#6918=CARTESIAN_POINT('',(0.0893,0.004,-0.0075));
#6919=CARTESIAN_POINT('',(0.08325,-0.004,-0.0075));
#6920=CARTESIAN_POINT('',(-1.29743655055765E-16,-0.00330000000000413,-0.0075));
#6921=CARTESIAN_POINT('',(0.0885709857616419,-0.0033000000000057,-0.0075));
#6922=CARTESIAN_POINT('',(0.103791292829408,-0.00150000000000597,-0.0075));
#6923=CARTESIAN_POINT('',(0.0878360757200175,-0.00150000000000568,-0.0075));
#6924=CARTESIAN_POINT('',(0.0878360757200175,0.0039999999999984,-0.0075));
#6925=CARTESIAN_POINT('',(0.0878360757200175,0.00149999999999431,-0.0075));
#6926=CARTESIAN_POINT('',(0.103791292829408,0.00149999999999403,-0.0075));
#6927=CARTESIAN_POINT('',(0.088570985761642,0.0032999999999943,-0.0075));
#6928=CARTESIAN_POINT('',(-1.28332674349151E-17,0.00329999999999587,-0.0075));
#6929=CARTESIAN_POINT('',(0.0893,0.00329999999999429,-0.0075));
#6930=CARTESIAN_POINT('',(0.0893,0.004,-0.0075));
#6931=CARTESIAN_POINT('',(0.,-0.004,0.));
#6932=CARTESIAN_POINT('',(0.0743,-0.004,0.009));
#6933=CARTESIAN_POINT('',(0.0758,-0.004,0.009));
#6934=CARTESIAN_POINT('',(0.0728,-0.004,0.009));
#6935=CARTESIAN_POINT('',(0.0753980762113533,-0.004,0.0075));
#6936=CARTESIAN_POINT('',(0.,-0.004,0.0075));
#6937=CARTESIAN_POINT('',(0.0968,-0.00149999999999996,0.0075));
#6938=CARTESIAN_POINT('',(0.0722322569881164,-0.00106779856188762,0.0075));
#6939=CARTESIAN_POINT('',(0.08325,-0.0045,0.0075));
#6940=CARTESIAN_POINT('',(0.0753980762113533,-0.004,0.0075));
#6941=CARTESIAN_POINT('',(0.0748780954658355,-0.00399999999999999,0.0075));
#6942=CARTESIAN_POINT('',(0.0738982471607684,-0.00359926949128315,0.0075));
#6943=CARTESIAN_POINT('',(0.0731619478119038,-0.00286194660542287,0.0075));
#6944=CARTESIAN_POINT('',(0.0728,-0.0025,0.0075));
#6945=CARTESIAN_POINT('',(0.0728,-0.0025,0.0075));
#6946=CARTESIAN_POINT('',(0.0728,0.004,0.0075));
#6947=CARTESIAN_POINT('',(0.0728,0.0025,0.0075));
#6948=CARTESIAN_POINT('',(0.0753980762113533,0.004,0.0075));
#6949=CARTESIAN_POINT('',(0.0748780954658355,0.00399999999999999,0.0075));
#6950=CARTESIAN_POINT('',(0.0738982471607691,0.00359926949128248,0.0075));
#6951=CARTESIAN_POINT('',(0.0731619478119025,0.0028619466054242,0.0075));
#6952=CARTESIAN_POINT('',(0.0728,0.0025,0.0075));
#6953=CARTESIAN_POINT('',(0.0753980762113533,0.004,0.0075));
#6954=CARTESIAN_POINT('',(0.,0.004,0.0075));
#6955=CARTESIAN_POINT('',(0.0818,0.004,0.0075));
#6956=CARTESIAN_POINT('',(0.0818,0.,0.0075));
#6957=CARTESIAN_POINT('',(0.0818,0.005,0.0075));
#6958=CARTESIAN_POINT('',(0.,0.005,0.0075));
#6959=CARTESIAN_POINT('',(0.0643346220374522,0.005,0.0075));
#6960=CARTESIAN_POINT('',(0.0643346220374522,0.,0.0075));
#6961=CARTESIAN_POINT('',(0.0323701196290224,-0.00106779856188762,0.0075));
#6962=CARTESIAN_POINT('',(0.0523011885282614,-0.00106779856188762,0.0075));
#6963=CARTESIAN_POINT('',(0.070992389396184,0.000500000000035144,0.0075));
#6964=CARTESIAN_POINT('',(0.0712474229126531,0.00110000000003514,0.0075));
#6965=CARTESIAN_POINT('',(0.0968,0.0075,-0.00149999999999996));
#6966=CARTESIAN_POINT('',(0.0893,0.0075,0.));
#6967=CARTESIAN_POINT('',(0.0893,0.0075,0.));
#6968=CARTESIAN_POINT('',(-5.78241158658934E-19,0.005,-0.0075));
#6969=CARTESIAN_POINT('',(0.0893,0.005,0.));
#6970=CARTESIAN_POINT('',(0.08595,0.005,0.));
#6971=CARTESIAN_POINT('',(0.0818,0.005,-0.0075));
#6972=CARTESIAN_POINT('',(0.0818,0.005,-0.00605));
#6973=CARTESIAN_POINT('',(0.08325,0.005,-0.00605));
#6974=CARTESIAN_POINT('',(0.0893,0.005,0.));
#6975=CARTESIAN_POINT('',(8.67361737988406E-19,-0.005,-0.0075));
#6976=CARTESIAN_POINT('',(0.0893,-0.005,0.));
#6977=CARTESIAN_POINT('',(0.08595,-0.005,0.));
#6978=CARTESIAN_POINT('',(0.0818,-0.005,-0.0075));
#6979=CARTESIAN_POINT('',(0.0818,-0.005,-0.00605));
#6980=CARTESIAN_POINT('',(0.0818,-0.005,0.00605));
#6981=CARTESIAN_POINT('',(0.08325,-0.005,0.00605));
#6982=CARTESIAN_POINT('',(0.0893,-0.005,0.));
#6983=CARTESIAN_POINT('',(0.08325,-0.005,-0.00605));
#6984=CARTESIAN_POINT('',(0.,0.0015,-0.0015));
#6985=CARTESIAN_POINT('',(0.,0.0015,-0.00149999999999996));
#6986=CARTESIAN_POINT('',(0.,-0.0015,0.00149999999999996));
#6987=CARTESIAN_POINT('',(0.0818,0.,-0.0075));
#6988=CARTESIAN_POINT('',(0.0818,0.004,-0.0075));
#6989=CARTESIAN_POINT('',(0.0818,0.004,0.00605));
#6990=CARTESIAN_POINT('',(0.0818,0.,0.00605));
#6991=CARTESIAN_POINT('',(0.0818,0.00131737434139212,-0.00605));
#6992=CARTESIAN_POINT('',(0.0818,0.,0.0065));
#6993=CARTESIAN_POINT('',(0.0818,0.005,0.0065));
#6994=CARTESIAN_POINT('',(0.0818,0.005,0.0065));
#6995=CARTESIAN_POINT('',(0.0893,-0.0075,0.));
#6996=CARTESIAN_POINT('',(0.0893,-0.0075,0.));
#6997=CARTESIAN_POINT('',(0.006,-0.0015,-0.00149999999999996));
#6998=CARTESIAN_POINT('',(0.006,-0.0015,-0.00149999999999996));
#6999=CARTESIAN_POINT('',(0.006,-0.0015,0.0015));
#7000=CARTESIAN_POINT('',(0.006,-0.0015,-0.0015));
#7001=CARTESIAN_POINT('',(0.006,-0.0015,0.0015));
#7002=CARTESIAN_POINT('',(0.006,0.0015,-0.0015));
#7003=CARTESIAN_POINT('',(0.006,0.0015,-0.0015));
#7004=CARTESIAN_POINT('',(0.006,0.0015,0.0015));
#7005=CARTESIAN_POINT('',(0.006,0.0015,0.0015));
#7006=CARTESIAN_POINT('',(0.006,0.0015,-0.00149999999999996));
#7007=CARTESIAN_POINT('',(-3.50540073038671E-18,0.004,0.0105));
#7008=CARTESIAN_POINT('',(0.0961098974262019,-0.000246499738007433,0.0105));
#7009=CARTESIAN_POINT('',(-3.50540073038671E-18,0.0025,0.0105));
#7010=CARTESIAN_POINT('',(0.0758,0.0025,0.0105));
#7011=CARTESIAN_POINT('',(0.0758,0.004,0.0105));
#7012=CARTESIAN_POINT('',(0.0758,-0.0025,0.0105));
#7013=CARTESIAN_POINT('',(0.0944961524227066,-0.0025,0.0105));
#7014=CARTESIAN_POINT('',(0.,0.004,0.));
#7015=CARTESIAN_POINT('',(0.0728,0.004,0.009));
#7016=CARTESIAN_POINT('',(0.0758,0.004,0.009));
#7017=CARTESIAN_POINT('',(-3.00462919747432E-18,0.004,0.009));
#7018=CARTESIAN_POINT('',(0.08325,0.004,0.00605));
#7019=CARTESIAN_POINT('',(0.0643346220374522,0.,0.0065));
#7020=CARTESIAN_POINT('',(0.0643346220374522,0.005,0.0065));
#7021=CARTESIAN_POINT('',(0.0643346220374522,0.005,0.0065));
#7022=CARTESIAN_POINT('',(0.0643346220374522,0.,0.0065));
#7023=CARTESIAN_POINT('',(0.,0.,0.0065));
#7024=CARTESIAN_POINT('',(0.,0.005,0.0065));
#7025=CARTESIAN_POINT('',(0.,0.005,0.0065));
#7026=CARTESIAN_POINT('',(-3.50540073038671E-18,0.004,-0.0105));
#7027=CARTESIAN_POINT('',(0.0944961524227066,0.004,-0.0105));
#7028=CARTESIAN_POINT('',(0.0944961524227066,0.0025,-0.0105));
#7029=CARTESIAN_POINT('',(0.0944961524227066,0.000709203711718798,-0.0105));
#7030=CARTESIAN_POINT('',(0.0949009622361746,-0.000101681181784898,-0.0105));
#7031=CARTESIAN_POINT('',(-3.50540073038671E-18,-0.0025,-0.0105));
#7032=CARTESIAN_POINT('',(0.0758,-0.0025,-0.0105));
#7033=CARTESIAN_POINT('',(0.0758,0.004,-0.0105));
#7034=CARTESIAN_POINT('',(0.0758,0.0025,-0.0105));
#7035=CARTESIAN_POINT('',(0.0944961524227066,0.0025,-0.0105));
#7036=CARTESIAN_POINT('',(0.0743,0.004,0.));
#7037=CARTESIAN_POINT('',(0.0743,0.004,-0.009));
#7038=CARTESIAN_POINT('',(0.0743,0.0025,-0.009));
#7039=CARTESIAN_POINT('',(0.0743,-0.0025,-0.009));
#7040=CARTESIAN_POINT('',(0.0743,-0.0025,0.));
#7041=CARTESIAN_POINT('',(0.0743,0.0025,-0.009));
#7042=CARTESIAN_POINT('',(0.0190774047358085,0.004,0.0330430342789753));
#7043=CARTESIAN_POINT('',(0.0943047481059179,-1.49569449218364E-5,-0.010389492666178));
#7044=CARTESIAN_POINT('',(0.0927641016151113,0.000687667320891832,-0.0094999999999847));
#7045=CARTESIAN_POINT('',(0.0918980762113533,0.0025,-0.009));
#7046=CARTESIAN_POINT('',(0.0918980762113533,0.004,-0.009));
#7047=CARTESIAN_POINT('',(0.0190774047358085,0.004,0.0330430342789753));
#7048=CARTESIAN_POINT('',(0.0190774047358084,0.00329999999999552,0.0330430342789753));
#7049=CARTESIAN_POINT('',(0.0900970771576432,0.00329999999999427,-0.00796019271153026));
#7050=CARTESIAN_POINT('',(0.0900970771576433,0.00749999999999421,-0.00796019271153026));
#7051=CARTESIAN_POINT('',(0.0900970771576432,0.00371505233689833,-0.00796019271153026));
#7052=CARTESIAN_POINT('',(0.0550090796417418,0.00149999999999489,0.0122978720996005));
#7053=CARTESIAN_POINT('',(0.0927641016151112,0.00149999999999423,-0.00949999999998469));
#7054=CARTESIAN_POINT('',(0.0927641016151111,0.00400000000000423,-0.00949999999998462));
#7055=CARTESIAN_POINT('',(0.,0.004,0.));
#7056=CARTESIAN_POINT('',(0.0743,0.004,-0.009));
#7057=CARTESIAN_POINT('',(0.0758,0.004,-0.009));
#7058=CARTESIAN_POINT('',(0.0758,0.004,-0.0075));
#7059=CARTESIAN_POINT('',(0.0643346220374522,0.,-0.0065));
#7060=CARTESIAN_POINT('',(0.0643346220374522,0.,-0.0065));
#7061=CARTESIAN_POINT('',(0.0643346220374522,0.005,-0.0065));
#7062=CARTESIAN_POINT('',(0.0643346220374522,0.005,-0.0065));
#7063=CARTESIAN_POINT('',(0.,0.,-0.0065));
#7064=CARTESIAN_POINT('',(0.081871595124791,0.00481662479035541,-0.0065));
#7065=CARTESIAN_POINT('',(0.081871595124791,0.005,-0.0065));
#7066=CARTESIAN_POINT('',(0.,0.005,-0.0065));
#7067=CARTESIAN_POINT('',(0.,0.005,-0.0065));
#7068=CARTESIAN_POINT('',(0.08325,0.005,-0.00605));
#7069=CARTESIAN_POINT('',(0.089300000000002,0.00749999999999428,4.1962960883879E-15));
#7070=CARTESIAN_POINT('',(0.0893000000000019,0.00329999999999428,4.19456136491192E-15));
#7071=CARTESIAN_POINT('',(0.0897690776681897,0.00329999999999428,-0.00798623604341497));
#7072=CARTESIAN_POINT('',(0.0897690776681897,0.00329999999999428,-0.00798623604341497));
#7073=CARTESIAN_POINT('',(0.0898738494681158,0.00344341474479044,-0.00798008219179651));
#7074=CARTESIAN_POINT('',(0.0899837167211798,0.0035812594168623,-0.00797154382044932));
#7075=CARTESIAN_POINT('',(0.0900970771576432,0.0037150523368983,-0.00796019271153027));
#7076=CARTESIAN_POINT('',(0.0893000000000019,0.00329999999999428,4.19456136491192E-15));
#7077=CARTESIAN_POINT('',(0.0797267058808618,0.00329999999999445,-0.00391061955883073));
#7078=CARTESIAN_POINT('',(0.0818790934676655,0.00149999999999442,0.00139289132323345));
#7079=CARTESIAN_POINT('',(0.0796227781976706,0.00149999999999446,-0.00416669871582411));
#7080=CARTESIAN_POINT('',(0.0796227781976706,-0.00150000000000554,-0.00416669871582411));
#7081=CARTESIAN_POINT('',(0.0955031209692057,-0.000189270109893789,-0.0106116091564222));
#7082=CARTESIAN_POINT('',(0.0796227781976706,-0.00150000000000554,-0.00416669871582411));
#7083=CARTESIAN_POINT('',(0.0893000000000017,-0.00750000000000571,4.19282664143594E-15));
#7084=CARTESIAN_POINT('',(0.0897690776681895,-0.00330000000000572,-0.00798623604341497));
#7085=CARTESIAN_POINT('',(0.0898738494681157,-0.00344341474480201,-0.00798008219179651));
#7086=CARTESIAN_POINT('',(0.0899837167211798,-0.00358125941687395,-0.00797154382044931));
#7087=CARTESIAN_POINT('',(0.0900970771576433,-0.00371505233691006,-0.00796019271153025));
#7088=CARTESIAN_POINT('',(0.0897690776681895,-0.00330000000000572,-0.00798623604341497));
#7089=CARTESIAN_POINT('',(0.0893000000000018,-0.00330000000000571,4.19456136491192E-15));
#7090=CARTESIAN_POINT('',(0.0893000000000018,-0.00330000000000571,4.19456136491192E-15));
#7091=CARTESIAN_POINT('',(0.0797267058808616,-0.00330000000000554,-0.00391061955883073));
#7092=CARTESIAN_POINT('',(0.0818790934676654,-0.00150000000000558,0.00139289132323345));
#7093=CARTESIAN_POINT('',(0.0818790934676654,0.00149999999999442,-0.00139289132322421));
#7094=CARTESIAN_POINT('',(0.0797267058808623,0.00329999999999445,0.00391061955884022));
#7095=CARTESIAN_POINT('',(0.0897690776681906,0.00329999999999428,0.0079862360434233));
#7096=CARTESIAN_POINT('',(0.0900970771576557,0.00371505233691189,0.00796019271153741));
#7097=CARTESIAN_POINT('',(0.0899835446534122,0.00358105633499487,0.00797156105010195));
#7098=CARTESIAN_POINT('',(0.0898736805269534,0.00344318349311935,0.00798009211469297));
#7099=CARTESIAN_POINT('',(0.0897690776681906,0.00329999999999428,0.0079862360434233));
#7100=CARTESIAN_POINT('',(0.0796227781976711,0.00149999999999446,0.00416669871583361));
#7101=CARTESIAN_POINT('',(0.0796227781976711,-0.00150000000000554,0.00416669871583361));
#7102=CARTESIAN_POINT('',(0.0946170457765458,-4.13758062853152E-5,0.0102520026074722));
#7103=CARTESIAN_POINT('',(0.0796227781976711,-0.00150000000000554,0.00416669871583361));
#7104=CARTESIAN_POINT('',(0.0818790934676653,-0.00150000000000558,-0.00139289132322421));
#7105=CARTESIAN_POINT('',(0.0900970771576557,-0.00371505233692352,0.00796019271153739));
#7106=CARTESIAN_POINT('',(0.0899835446534122,-0.00358105633500645,0.00797156105010194));
#7107=CARTESIAN_POINT('',(0.0898736805269534,-0.00344318349313084,0.00798009211469297));
#7108=CARTESIAN_POINT('',(0.0897690776681905,-0.00330000000000572,0.0079862360434233));
#7109=CARTESIAN_POINT('',(0.0897690776681905,-0.00330000000000572,0.0079862360434233));
#7110=CARTESIAN_POINT('',(0.0797267058808621,-0.00330000000000554,0.00391061955884022));
#7111=CARTESIAN_POINT('',(0.0893000000000019,0.00329999999999428,4.19456136491192E-15));
#7112=CARTESIAN_POINT('',(0.0893000000000019,0.00329999999999428,4.19456136491192E-15));
#7113=CARTESIAN_POINT('',(0.0893000000000018,-0.00330000000000571,4.19456136491192E-15));
#7114=CARTESIAN_POINT('',(0.0893000000000018,-0.00330000000000571,4.19456136491192E-15));
#7115=CARTESIAN_POINT('',(0.0893000000000017,-0.00750000000000571,4.19282664143594E-15));
#7116=CARTESIAN_POINT('',(0.089300000000002,0.00749999999999428,4.1962960883879E-15));
#7117=CARTESIAN_POINT('',(0.0893,0.0075,0.));
#7118=CARTESIAN_POINT('',(0.0893,-0.0056,0.));
#7119=CARTESIAN_POINT('',(0.08655,-0.0056,0.));
#7120=CARTESIAN_POINT('',(0.0868410787491305,-0.0069,-0.00123134328358206));
#7121=CARTESIAN_POINT('',(0.087072091477674,-0.0069,-0.00169266232840967));
#7122=CARTESIAN_POINT('',(0.0877788583366486,-0.00672005008944283,-0.00245903065034882));
#7123=CARTESIAN_POINT('',(0.0893011639875406,-0.00649956779839574,-0.00289623198840752));
#7124=CARTESIAN_POINT('',(0.0908252209509812,-0.00672096357276135,-0.00245603908376703));
#7125=CARTESIAN_POINT('',(0.0915278068048296,-0.0069,-0.00169286545236095));
#7126=CARTESIAN_POINT('',(0.0917589212508694,-0.0069,-0.00123134328358206));
#7127=CARTESIAN_POINT('',(0.0868410787491305,-0.0069,-0.00123134328358206));
#7128=CARTESIAN_POINT('',(0.0917589212508694,-0.0069,-0.00123134328358206));
#7129=CARTESIAN_POINT('',(0.0893,-0.0069,0.));
#7130=CARTESIAN_POINT('',(0.0917589212508694,-0.0069,0.00123134328358206));
#7131=CARTESIAN_POINT('',(0.0917589212508694,-0.0069,0.00123134328358206));
#7132=CARTESIAN_POINT('',(0.0915279085223259,-0.0069,0.00169266232840965));
#7133=CARTESIAN_POINT('',(0.0908211416633514,-0.00672005008944282,0.00245903065034885));
#7134=CARTESIAN_POINT('',(0.0892988360124593,-0.00649956779839573,0.00289623198840752));
#7135=CARTESIAN_POINT('',(0.0877747790490188,-0.00672096357276137,0.00245603908376698));
#7136=CARTESIAN_POINT('',(0.0870721931951703,-0.0069,0.00169286545236097));
#7137=CARTESIAN_POINT('',(0.0868410787491305,-0.0069,0.00123134328358206));
#7138=CARTESIAN_POINT('',(0.0868410787491305,-0.0069,0.00123134328358206));
#7139=CARTESIAN_POINT('',(0.0893,-0.0069,0.));
#7140=CARTESIAN_POINT('',(0.0893,0.0075,0.));
#7141=CARTESIAN_POINT('',(0.0893,0.0056,0.));
#7142=CARTESIAN_POINT('',(0.08655,0.0056,0.));
#7143=CARTESIAN_POINT('',(0.0917589212508694,0.0069,-0.00123134328358206));
#7144=CARTESIAN_POINT('',(0.0915279085223259,0.0069,-0.00169266232840965));
#7145=CARTESIAN_POINT('',(0.0908211416633514,0.00672005008944282,-0.00245903065034885));
#7146=CARTESIAN_POINT('',(0.0892988360124594,0.00649956779839573,-0.00289623198840752));
#7147=CARTESIAN_POINT('',(0.0877747790490188,0.00672096357276136,-0.00245603908376698));
#7148=CARTESIAN_POINT('',(0.0870721931951703,0.0069,-0.00169286545236097));
#7149=CARTESIAN_POINT('',(0.0868410787491305,0.0069,-0.00123134328358206));
#7150=CARTESIAN_POINT('',(0.0917589212508694,0.0069,-0.00123134328358206));
#7151=CARTESIAN_POINT('',(0.0868410787491305,0.0069,-0.00123134328358206));
#7152=CARTESIAN_POINT('',(0.0893,0.0069,0.));
#7153=CARTESIAN_POINT('',(0.0868410787491305,0.0069,0.00123134328358206));
#7154=CARTESIAN_POINT('',(0.0868410787491305,0.0069,0.00123134328358206));
#7155=CARTESIAN_POINT('',(0.087072091477674,0.0069,0.00169266232840967));
#7156=CARTESIAN_POINT('',(0.0877788583366487,0.00672005008944283,0.00245903065034882));
#7157=CARTESIAN_POINT('',(0.0893011639875406,0.00649956779839573,0.00289623198840752));
#7158=CARTESIAN_POINT('',(0.0908252209509812,0.00672096357276135,0.00245603908376703));
#7159=CARTESIAN_POINT('',(0.0915278068048296,0.0069,0.00169286545236095));
#7160=CARTESIAN_POINT('',(0.0917589212508694,0.0069,0.00123134328358206));
#7161=CARTESIAN_POINT('',(0.0917589212508694,0.0069,0.00123134328358206));
#7162=CARTESIAN_POINT('',(0.0893,0.0069,0.));
#7163=CARTESIAN_POINT('',(0.0893,0.0069,0.));
#7164=CARTESIAN_POINT('',(0.0922954131601501,0.0069,-0.00149999999999996));
#7165=CARTESIAN_POINT('',(0.0922954131601501,0.0069,0.00149999999999996));
#7166=CARTESIAN_POINT('',(0.0917589212508695,0.0069,0.00123134328358206));
#7167=CARTESIAN_POINT('',(0.0917589212508695,0.0075,0.00123134328358206));
#7168=CARTESIAN_POINT('',(0.0922954131601501,0.0075,0.00149999999999996));
#7169=CARTESIAN_POINT('',(0.091528479207717,0.00689999998062954,0.00169152270272264));
#7170=CARTESIAN_POINT('',(0.0914974649384335,0.00752855325915909,0.00175345635032769));
#7171=CARTESIAN_POINT('',(0.092014692843102,0.0075,0.00212286910725349));
#7172=CARTESIAN_POINT('',(0.0908239267998841,0.00672012811364346,0.00245724777082922));
#7173=CARTESIAN_POINT('',(0.0906129787658522,0.00744835932426327,0.00257905085062738));
#7174=CARTESIAN_POINT('',(0.0911564199246523,0.00730014233842245,0.00315930506613932));
#7175=CARTESIAN_POINT('',(0.0895565097511166,0.00653849592825373,0.00282207604627055));
#7176=CARTESIAN_POINT('',(0.0895238305321515,0.00742634372815853,0.00280016571450314));
#7177=CARTESIAN_POINT('',(0.0896124755142334,0.00709832880996067,0.00365311303209912));
#7178=CARTESIAN_POINT('',(0.0885376056148368,0.00660632407518343,0.00267881253951724));
#7179=CARTESIAN_POINT('',(0.0886368957844213,0.00743434715468038,0.00269969235397097));
#7180=CARTESIAN_POINT('',(0.0883712650221255,0.00717369341746277,0.00345920081095323));
#7181=CARTESIAN_POINT('',(0.0876039392972045,0.00676708930177224,0.00226710908791085));
#7182=CARTESIAN_POINT('',(0.0877410290777879,0.00747044163900745,0.00236290753428715));
#7183=CARTESIAN_POINT('',(0.0872338896875938,0.00735232144206993,0.00290194563503173));
#7184=CARTESIAN_POINT('',(0.087071453635562,0.0068999999820527,0.00169138859463877));
#7185=CARTESIAN_POINT('',(0.0871024570517329,0.00752854474115366,0.00175330057569549));
#7186=CARTESIAN_POINT('',(0.0865852253452608,0.0075,0.00212268758862605));
#7187=CARTESIAN_POINT('',(0.0868410787491305,0.0069,0.00123134328358206));
#7188=CARTESIAN_POINT('',(0.0868410787491305,0.00750000000000001,0.00123134328358205));
#7189=CARTESIAN_POINT('',(0.0863045868398499,0.0075,0.00149999999999996));
#7190=CARTESIAN_POINT('',(0.0863045868398499,0.0069,0.00149999999999996));
#7191=CARTESIAN_POINT('',(0.0868410787491305,0.0069,-0.00123134328358206));
#7192=CARTESIAN_POINT('',(0.0868410787491305,0.00750000000000001,-0.00123134328358205));
#7193=CARTESIAN_POINT('',(0.0863045868398499,0.0075,-0.00149999999999996));
#7194=CARTESIAN_POINT('',(0.0870715207922837,0.00689999998062954,-0.00169152270272407));
#7195=CARTESIAN_POINT('',(0.0871025350615893,0.00752855325912889,-0.00175345635031219));
#7196=CARTESIAN_POINT('',(0.086585307156911,0.0075,-0.00212286910723718));
#7197=CARTESIAN_POINT('',(0.0877760732001156,0.00672012811364347,-0.00245724777082851));
#7198=CARTESIAN_POINT('',(0.0879870212341467,0.00744835932427834,-0.00257905085064614));
#7199=CARTESIAN_POINT('',(0.0874435800753417,0.00730014233842246,-0.00315930506614713));
#7200=CARTESIAN_POINT('',(0.0890434902488834,0.00653849592825373,-0.0028220760462707));
#7201=CARTESIAN_POINT('',(0.0890761694678471,0.00742634372815608,-0.00280016571449963));
#7202=CARTESIAN_POINT('',(0.088987524485767,0.00709832880996067,-0.00365311303209803));
#7203=CARTESIAN_POINT('',(0.0900623943851632,0.00660632407518342,-0.00267881253951712));
#7204=CARTESIAN_POINT('',(0.0899631042155793,0.00743434715468149,-0.00269969235397233));
#7205=CARTESIAN_POINT('',(0.090228734977875,0.00717369341746277,-0.00345920081095362));
#7206=CARTESIAN_POINT('',(0.0909960607027953,0.00676708930177224,-0.00226710908791146));
#7207=CARTESIAN_POINT('',(0.0908589709222092,0.0074704416390035,-0.00236290753428364));
#7208=CARTESIAN_POINT('',(0.0913661103124024,0.00735232144206993,-0.00290194563503045));
#7209=CARTESIAN_POINT('',(0.0915285463644393,0.0068999999820527,-0.00169138859463609));
#7210=CARTESIAN_POINT('',(0.0914975429482858,0.00752854474116995,-0.00175330057570096));
#7211=CARTESIAN_POINT('',(0.0920147746547566,0.0075,-0.00212268758863128));
#7212=CARTESIAN_POINT('',(0.0917589212508695,0.0069,-0.00123134328358206));
#7213=CARTESIAN_POINT('',(0.0917589212508695,0.0075,-0.00123134328358206));
#7214=CARTESIAN_POINT('',(0.0922954131601501,0.0075,-0.00149999999999996));
#7215=CARTESIAN_POINT('',(0.0863045868398499,0.0069,-0.00149999999999996));
#7216=CARTESIAN_POINT('',(0.0893,0.0069,0.));
#7217=CARTESIAN_POINT('',(0.0893,-0.0069,0.));
#7218=CARTESIAN_POINT('',(0.0863045868398499,-0.0069,0.00149999999999996));
#7219=CARTESIAN_POINT('',(0.0863045868398499,-0.0069,-0.00149999999999996));
#7220=CARTESIAN_POINT('',(0.0917589212508695,-0.0069,-0.00123134328358206));
#7221=CARTESIAN_POINT('',(0.0917589212508695,-0.0075,-0.00123134328358206));
#7222=CARTESIAN_POINT('',(0.0922954131601501,-0.0075,-0.00149999999999996));
#7223=CARTESIAN_POINT('',(0.091528479207717,-0.00689999998062954,-0.00169152270272264));
#7224=CARTESIAN_POINT('',(0.0914974649384334,-0.00752855325915909,-0.00175345635032769));
#7225=CARTESIAN_POINT('',(0.092014692843102,-0.0075,-0.00212286910725349));
#7226=CARTESIAN_POINT('',(0.0908239267998841,-0.00672012811364347,-0.00245724777082922));
#7227=CARTESIAN_POINT('',(0.0906129787658521,-0.00744835932426328,-0.00257905085062737));
#7228=CARTESIAN_POINT('',(0.0911564199246523,-0.00730014233842246,-0.00315930506613932));
#7229=CARTESIAN_POINT('',(0.0895565097511166,-0.00653849592825373,-0.00282207604627055));
#7230=CARTESIAN_POINT('',(0.0895238305321516,-0.00742634372815853,-0.00280016571450316));
#7231=CARTESIAN_POINT('',(0.0896124755142334,-0.00709832880996067,-0.00365311303209912));
#7232=CARTESIAN_POINT('',(0.0885376056148368,-0.00660632407518343,-0.00267881253951725));
#7233=CARTESIAN_POINT('',(0.088636895784421,-0.00743434715468038,-0.00269969235397094));
#7234=CARTESIAN_POINT('',(0.0883712650221255,-0.00717369341746277,-0.00345920081095322));
#7235=CARTESIAN_POINT('',(0.0876039392972045,-0.00676708930177224,-0.00226710908791084));
#7236=CARTESIAN_POINT('',(0.0877410290777891,-0.00747044163900744,-0.0023629075342873));
#7237=CARTESIAN_POINT('',(0.0872338896875938,-0.00735232144206993,-0.00290194563503178));
#7238=CARTESIAN_POINT('',(0.0870714536355621,-0.0068999999820527,-0.00169138859463882));
#7239=CARTESIAN_POINT('',(0.0871024570517279,-0.00752854474115371,-0.00175330057569499));
#7240=CARTESIAN_POINT('',(0.0865852253452608,-0.0075,-0.00212268758862585));
#7241=CARTESIAN_POINT('',(0.0868410787491305,-0.0069,-0.00123134328358206));
#7242=CARTESIAN_POINT('',(0.0868410787491305,-0.00750000000000001,-0.00123134328358205));
#7243=CARTESIAN_POINT('',(0.0863045868398499,-0.0075,-0.00149999999999996));
#7244=CARTESIAN_POINT('',(0.0922954131601501,-0.0069,-0.00149999999999996));
#7245=CARTESIAN_POINT('',(0.0868410787491305,-0.0069,0.00123134328358206));
#7246=CARTESIAN_POINT('',(0.0868410787491305,-0.00750000000000001,0.00123134328358205));
#7247=CARTESIAN_POINT('',(0.0863045868398499,-0.0075,0.00149999999999996));
#7248=CARTESIAN_POINT('',(0.0870715207922837,-0.00689999998062954,0.00169152270272407));
#7249=CARTESIAN_POINT('',(0.0871025350615894,-0.00752855325912889,0.00175345635031219));
#7250=CARTESIAN_POINT('',(0.086585307156911,-0.0075,0.00212286910723718));
#7251=CARTESIAN_POINT('',(0.0877760732001156,-0.00672012811364347,0.00245724777082856));
#7252=CARTESIAN_POINT('',(0.0879870212341466,-0.00744835932427836,0.00257905085064621));
#7253=CARTESIAN_POINT('',(0.0874435800753416,-0.00730014233842246,0.0031593050661472));
#7254=CARTESIAN_POINT('',(0.0890434902488835,-0.00653849592825372,0.00282207604627058));
#7255=CARTESIAN_POINT('',(0.0890761694678473,-0.00742634372815603,0.00280016571449941));
#7256=CARTESIAN_POINT('',(0.088987524485767,-0.00709832880996067,0.00365311303209783));
#7257=CARTESIAN_POINT('',(0.0900623943851631,-0.00660632407518343,0.00267881253951733));
#7258=CARTESIAN_POINT('',(0.0899631042155789,-0.00743434715468156,0.0026996923539727));
#7259=CARTESIAN_POINT('',(0.090228734977875,-0.00717369341746277,0.00345920081095397));
#7260=CARTESIAN_POINT('',(0.0909960607027958,-0.00676708930177224,0.0022671090879103));
#7261=CARTESIAN_POINT('',(0.0908589709222108,-0.00747044163900313,0.00236290753428184));
#7262=CARTESIAN_POINT('',(0.0913661103124024,-0.00735232144206993,0.00290194563502857));
#7263=CARTESIAN_POINT('',(0.0915285463644367,-0.0068999999820527,0.00169138859464125));
#7264=CARTESIAN_POINT('',(0.091497542948279,-0.00752854474117147,0.00175330057570825));
#7265=CARTESIAN_POINT('',(0.0920147746547566,-0.0075,0.00212268758863964));
#7266=CARTESIAN_POINT('',(0.0917589212508695,-0.0069,0.00123134328358206));
#7267=CARTESIAN_POINT('',(0.0917589212508695,-0.0075,0.00123134328358206));
#7268=CARTESIAN_POINT('',(0.0922954131601501,-0.0075,0.00149999999999996));
#7269=CARTESIAN_POINT('',(0.0922954131601501,-0.0069,0.00149999999999996));
#7270=CARTESIAN_POINT('',(0.0893,-0.0069,0.));
#7271=CARTESIAN_POINT('',(0.0893,0.0056,0.));
#7272=CARTESIAN_POINT('',(0.0893,-0.0056,0.));
#7273=CARTESIAN_POINT('',(0.0712474229126531,0.00110000000003514,0.0075));
#7274=CARTESIAN_POINT('',(0.070992389396184,0.000500000000035144,-0.0085));
#7275=CARTESIAN_POINT('',(0.0138977391336845,0.00334423938763127,6.73569651501572E-17));
#7276=CARTESIAN_POINT('',(0.0164433878521052,-0.0009010135615348,0.00421277818072595));
#7277=CARTESIAN_POINT('',(0.0537598769321225,0.00334423938763398,5.57805380742987E-8));
#7278=CARTESIAN_POINT('',(0.0563055256505387,-0.000901013561534762,0.00421283396126396));
#7279=CARTESIAN_POINT('',(0.0151841794213106,0.00411564809018298,0.0065));
#7280=CARTESIAN_POINT('',(0.0351152483205147,0.00411564809017541,0.0065));
#7281=CARTESIAN_POINT('',(0.0550463172197494,0.00411564809018435,0.00650005578053807));
#7282=CARTESIAN_POINT('',(0.0387416861709573,0.0124700706160283,0.0085));
#7283=CARTESIAN_POINT('',(0.0203027087149834,0.00141321254612035,0.0085));
#7284=CARTESIAN_POINT('',(0.0138977391336845,0.00334423938763127,-0.000361724532970524));
#7285=CARTESIAN_POINT('',(0.0164433878521052,-0.000901013561534799,-0.00399159033064613));
#7286=CARTESIAN_POINT('',(0.0329130118238866,0.0212180163952269,-0.00649999999999993));
#7287=CARTESIAN_POINT('',(0.0586727550701696,0.0124700706159977,0.0085));
#7288=CARTESIAN_POINT('',(0.0448461946980923,0.00417902974923834,-0.00509715574274781));
#7289=CARTESIAN_POINT('',(0.0447144006789673,0.00410000000003431,-0.00385412302534939));
#7290=CARTESIAN_POINT('',(0.0402337776141849,0.00141321254610777,0.0085));
#7291=CARTESIAN_POINT('',(0.0448461946980923,0.00417902974923834,0.00526284425725219));
#7292=CARTESIAN_POINT('',(0.0447144006789673,0.00410000000003431,0.00401981153985378));
#7293=CARTESIAN_POINT('',(0.0447144006789673,0.00410000000003431,0.0085));
#7294=CARTESIAN_POINT('',(0.0447144006789673,0.00410000000003431,0.0085));
#7295=CARTESIAN_POINT('',(0.0537598769321225,0.00334423938763398,-0.000361668752432517));
#7296=CARTESIAN_POINT('',(0.0563055256505387,-0.000901013561534771,-0.00399153455010812));
#7297=CARTESIAN_POINT('',(0.0786038239694049,0.0124700706160048,0.00850005578053806));
#7298=CARTESIAN_POINT('',(0.0601648465134194,0.00141321254611632,0.00850005578053807));
#7299=CARTESIAN_POINT('',(0.0151841794213106,0.00411564809018299,-0.00649999999999993));
#7300=CARTESIAN_POINT('',(0.0151841794213106,0.00411564809018299,-0.00649999999999993));
#7301=CARTESIAN_POINT('',(0.0151841794213106,0.00411564809018298,6.75536077845683E-17));
#7302=CARTESIAN_POINT('',(0.0108788925920553,0.00153400029897656,2.17927000593421E-17));
#7303=CARTESIAN_POINT('',(0.0308099614912569,0.00153400029897318,-3.68030467963054E-17));
#7304=CARTESIAN_POINT('',(0.0323701196290224,-0.00106779856188762,7.03070195421625E-17));
#7305=CARTESIAN_POINT('',(0.0351152483205147,0.0041156480901754,-0.0065));
#7306=CARTESIAN_POINT('',(0.0351152483205147,0.0041156480901754,-0.0065));
#7307=CARTESIAN_POINT('',(0.0351152483205147,0.0041156480901754,9.77198658793428E-18));
#7308=CARTESIAN_POINT('',(0.0507410303904914,0.00153400029898245,5.57805380316384E-8));
#7309=CARTESIAN_POINT('',(0.0523011885282614,-0.00106779856188762,7.03070195421625E-17));
#7310=CARTESIAN_POINT('',(0.0550463172197494,0.00411564809018434,-0.00649994421946193));
#7311=CARTESIAN_POINT('',(0.0550463172197494,0.00411564809018434,-0.00649994421946193));
#7312=CARTESIAN_POINT('',(0.0550463172197494,0.00411564809018434,5.57805380732579E-8));
#7313=CARTESIAN_POINT('',(0.0203027087149834,0.00141321254612035,6.71318742797627E-17));
#7314=CARTESIAN_POINT('',(0.0203027087149834,0.00141321254612035,6.71318742797627E-17));
#7315=CARTESIAN_POINT('',(0.0177570599965628,0.00565846549528642,-0.00424159033064613));
#7316=CARTESIAN_POINT('',(0.0177570599965628,0.00565846549528642,-0.00424159033064613));
#7317=CARTESIAN_POINT('',(0.0177570599965628,0.00565846549528642,0.00446277818072595));
#7318=CARTESIAN_POINT('',(0.0177570599965628,0.00565846549528642,0.00446277818072595));
#7319=CARTESIAN_POINT('',(0.0177570599965628,0.00565846549528642,6.79468930533906E-17));
#7320=CARTESIAN_POINT('',(0.0098892792549796,0.00127872506891717,4.80605380062767E-5));
#7321=CARTESIAN_POINT('',(0.0098892792549796,0.00127872506891717,4.80605380062767E-5));
#7322=CARTESIAN_POINT('',(0.0402337776141849,0.00141321254610777,1.33068141946242E-17));
#7323=CARTESIAN_POINT('',(0.0402337776141849,0.00141321254610777,1.33068141946242E-17));
#7324=CARTESIAN_POINT('',(0.0376881288957684,0.00565846549527632,-0.00424159033064619));
#7325=CARTESIAN_POINT('',(0.0376881288957684,0.00565846549527632,-0.00424159033064619));
#7326=CARTESIAN_POINT('',(0.0376881288957684,0.00565846549527632,0.00446277818072589));
#7327=CARTESIAN_POINT('',(0.0376881288957684,0.00565846549527632,0.00446277818072589));
#7328=CARTESIAN_POINT('',(0.0376881288957684,0.00565846549527632,1.06518011350515E-17));
#7329=CARTESIAN_POINT('',(0.029820348154181,0.00127872506891475,4.80605380062178E-5));
#7330=CARTESIAN_POINT('',(0.0601648465134194,0.00141321254611632,5.57805380745423E-8));
#7331=CARTESIAN_POINT('',(0.0601648465134194,0.00141321254611632,5.57805380745423E-8));
#7332=CARTESIAN_POINT('',(0.0576191977950032,0.00565846549528506,-0.00424153455010813));
#7333=CARTESIAN_POINT('',(0.0576191977950032,0.00565846549528506,-0.00424153455010813));
#7334=CARTESIAN_POINT('',(0.0576191977950032,0.00565846549528507,0.00446283396126395));
#7335=CARTESIAN_POINT('',(0.0576191977950032,0.00565846549528507,0.00446283396126395));
#7336=CARTESIAN_POINT('',(0.0576191977950032,0.00565846549528507,5.57805380711762E-8));
#7337=CARTESIAN_POINT('',(0.0497514170534154,0.0012787250689241,4.81163185442872E-5));
#7338=CARTESIAN_POINT('',(0.0448461946980923,0.00410000000003519,0.0052628442572522));
#7339=CARTESIAN_POINT('',(0.0448461946980923,0.00410000000003431,0.00526284425725219));
#7340=CARTESIAN_POINT('',(0.0448461946980923,0.00410000000003521,-0.00509715574274781));
#7341=CARTESIAN_POINT('',(0.0448461946980923,0.00410000000003431,-0.00509715574274781));
#7342=CARTESIAN_POINT('',(0.0675061946980923,0.00410000000003431,-0.0050971557427478));
#7343=CARTESIAN_POINT('',(0.0675061946980923,0.00410000000003431,-0.0050971557427478));
#7344=CARTESIAN_POINT('',(0.0687561946980923,0.00410000000003431,-0.0050971557427478));
#7345=CARTESIAN_POINT('',(0.0448461946980923,0.00410000000003431,-0.00509715574274781));
#7346=CARTESIAN_POINT('',(0.0256461946980923,0.00410000000003431,-0.00509715574274781));
#7347=CARTESIAN_POINT('',(0.0256461946980923,0.00410000000003431,-0.00509715574274781));
#7348=CARTESIAN_POINT('',(0.0268961946980923,0.00410000000003431,-0.00509715574274781));
#7349=CARTESIAN_POINT('',(0.0256461946980923,0.00410000000003431,0.0052628442572522));
#7350=CARTESIAN_POINT('',(0.0256461946980923,0.00410000000003431,0.0052628442572522));
#7351=CARTESIAN_POINT('',(0.0268961946980923,0.00410000000003431,0.0052628442572522));
#7352=CARTESIAN_POINT('',(0.0448461946980923,0.00410000000003431,0.00526284425725219));
#7353=CARTESIAN_POINT('',(0.0675061946980923,0.00410000000003431,0.0052628442572522));
#7354=CARTESIAN_POINT('',(0.0675061946980923,0.00410000000003431,0.0052628442572522));
#7355=CARTESIAN_POINT('',(0.0687561946980923,0.00410000000003431,0.0052628442572522));
#7356=CARTESIAN_POINT('',(0.0675061946980923,0.00410000000003522,-0.0050971557427478));
#7357=CARTESIAN_POINT('',(0.0256461946980923,0.0041000000000352,-0.00509715574274781));
#7358=CARTESIAN_POINT('',(0.0256461946980923,0.00410000000003518,0.0052628442572522));
#7359=CARTESIAN_POINT('',(0.0675061946980923,0.0041000000000352,0.0052628442572522));
#7360=CARTESIAN_POINT('',(-3.00462919747432E-18,0.0025,0.009));
#7361=CARTESIAN_POINT('',(0.0758,0.0025,0.009));
#7362=CARTESIAN_POINT('',(-3.00462919747432E-18,-0.0025,0.009));
#7363=CARTESIAN_POINT('',(0.0758,-0.0025,0.009));
#7364=CARTESIAN_POINT('',(0.0758,0.004,0.009));
#7365=CARTESIAN_POINT('',(0.0743,0.004,0.009));
#7366=CARTESIAN_POINT('',(0.0743,-0.0025,0.009));
#7367=CARTESIAN_POINT('',(0.0743,0.0025,0.009));
#7368=CARTESIAN_POINT('',(0.0758,-0.0025,0.009));
#7369=CARTESIAN_POINT('',(0.0758,0.0025,0.009));
#7370=CARTESIAN_POINT('',(0.0728,0.004,0.009));
#7371=CARTESIAN_POINT('',(0.0728,-0.0025,0.009));
#7372=CARTESIAN_POINT('',(0.0728,0.0025,0.009));
#7373=CARTESIAN_POINT('',(0.0728,-0.0025,0.009));
#7374=CARTESIAN_POINT('',(0.0758,-0.0025,0.009));
#7375=CARTESIAN_POINT('',(0.0758,-0.0025,0.009));
#7376=CARTESIAN_POINT('',(0.0728,0.0025,0.009));
#7377=CARTESIAN_POINT('',(0.0758,0.0025,0.009));
#7378=CARTESIAN_POINT('',(0.0758,0.0025,0.009));
#7379=CARTESIAN_POINT('',(-3.00462919747432E-18,0.0025,-0.009));
#7380=CARTESIAN_POINT('',(0.0758,0.0025,-0.009));
#7381=CARTESIAN_POINT('',(0.0758,0.004,-0.009));
#7382=CARTESIAN_POINT('',(0.0758,-0.0025,-0.009));
#7383=CARTESIAN_POINT('',(0.0758,0.0025,-0.009));
#7384=CARTESIAN_POINT('',(-3.00462919747432E-18,-0.0025,-0.009));
#7385=CARTESIAN_POINT('',(0.0758,-0.0025,-0.009));
#7386=CARTESIAN_POINT('',(0.0758,-0.0025,-0.009));
#7387=CARTESIAN_POINT('',(0.0758,-0.0025,-0.009));
#7388=CARTESIAN_POINT('',(0.0758,-0.0025,0.));
#7389=CARTESIAN_POINT('',(0.0758,0.0025,-0.009));
#7390=CARTESIAN_POINT('',(0.0758,0.0025,-0.009));
#7391=CARTESIAN_POINT('',(0.0758,0.0025,0.));
#7392=CARTESIAN_POINT('',(0.0712918183080072,0.00732813346456466,-0.00028390038148203));
#7393=CARTESIAN_POINT('',(0.0712918183080072,0.00732813346456466,-0.00028390038148203));
#7394=CARTESIAN_POINT('',(0.0712986023588563,0.00732813346456466,0.000493474847724343));
#7395=CARTESIAN_POINT('',(0.0712986023588564,0.00432813346456466,0.000493474847724343));
#7396=CARTESIAN_POINT('',(0.0713158473482293,0.00658530209617812,0.00246955490146754));
#7397=CARTESIAN_POINT('',(0.0717936540586565,0.00702231223553092,0.00284800289733171));
#7398=CARTESIAN_POINT('',(0.0712918183080072,0.00432813346456466,-0.000283900381482016));
#7399=CARTESIAN_POINT('',(0.0712749550876532,0.00662286705891578,-0.00221623403868404));
#7400=CARTESIAN_POINT('',(0.0717461581118174,0.00706715014605408,-0.00259449353757523));
#7401=CARTESIAN_POINT('',(0.0752702228392472,0.00261695691427966,0.00703804518360406));
#7402=CARTESIAN_POINT('',(0.0752702228392474,0.00261695691427975,0.00703804518360396));
#7403=CARTESIAN_POINT('',(0.0753681285616449,0.00336010788141916,0.00706336532502501));
#7404=CARTESIAN_POINT('',(0.0953834744045955,-0.000171866535435325,-0.0105894328573627));
#7405=CARTESIAN_POINT('',(0.0751213338917389,0.00277542804215746,-0.00683387757617733));
#7406=CARTESIAN_POINT('',(0.0752257062981161,0.00351787296568946,-0.00685342076702712));
#7407=CARTESIAN_POINT('',(0.0762672689330442,0.0059173588877902,-0.00311701015287988));
#7408=CARTESIAN_POINT('',(0.071267545097886,0.00590780764225934,-0.00306533476357858));
#7409=CARTESIAN_POINT('',(0.0717387481220502,0.00635209072939764,-0.00344359426246976));
#7410=CARTESIAN_POINT('',(0.071267545097886,0.00590780764225935,-0.00306533476357861));
#7411=CARTESIAN_POINT('',(0.0713158473482293,0.0065853020961781,0.00246955490146755));
#7412=CARTESIAN_POINT('',(0.071323702374093,0.0057972356715034,0.00336965171191649));
#7413=CARTESIAN_POINT('',(0.0718015090845202,0.00623424581085621,0.00374809970778066));
#7414=CARTESIAN_POINT('',(0.0763235028009478,0.00584165660351699,0.00336491120340236));
#7415=CARTESIAN_POINT('',(0.08325,0.004,0.00605));
#7416=CARTESIAN_POINT('',(0.08325,0.,-0.00605));
#7417=CARTESIAN_POINT('',(0.00845630299206945,0.000500000000034313,0.0075));
#7418=CARTESIAN_POINT('',(-0.00385704351278865,-0.00106779856188762,7.03070195421625E-17));
#7419=CARTESIAN_POINT('',(-0.00385704351278865,-0.00106779856188762,7.03070195421625E-17));
#7420=CARTESIAN_POINT('',(-0.00385704351278865,-0.00106779856188762,7.03070195421625E-17));
#7421=CARTESIAN_POINT('',(-0.00385704351278865,-0.00106779856188762,7.03070195421625E-17));
#7422=CARTESIAN_POINT('',(-0.00385704351278865,-0.00106779856188762,7.03070195421625E-17));
#7423=CARTESIAN_POINT('',(0.0722322569881164,-0.00106779856188762,7.03070195421625E-17));
#7424=CARTESIAN_POINT('',(0.0722322569881164,-0.00106779856188762,7.03070195421625E-17));
#7425=MECHANICAL_DESIGN_GEOMETRIC_PRESENTATION_REPRESENTATION('',(#4243),
#7426);
#7426=(
GEOMETRIC_REPRESENTATION_CONTEXT(3)
GLOBAL_UNCERTAINTY_ASSIGNED_CONTEXT((#7427))
GLOBAL_UNIT_ASSIGNED_CONTEXT((#7430,#7429,#7428))
REPRESENTATION_CONTEXT('Base Bone 1.2_V02_ringfing',
'TOP_LEVEL_ASSEMBLY_PART')
);
#7427=UNCERTAINTY_MEASURE_WITH_UNIT(LENGTH_MEASURE(2.E-5),#7430,
'DISTANCE_ACCURACY_VALUE','Maximum Tolerance applied to model');
#7428=(
NAMED_UNIT(*)
SI_UNIT($,.STERADIAN.)
SOLID_ANGLE_UNIT()
);
#7429=(
NAMED_UNIT(*)
PLANE_ANGLE_UNIT()
SI_UNIT($,.RADIAN.)
);
#7430=(
LENGTH_UNIT()
NAMED_UNIT(*)
SI_UNIT($,.METRE.)
);
#7431=PRODUCT_DEFINITION_SHAPE('','',#7432);
#7432=PRODUCT_DEFINITION('','',#7434,#7433);
#7433=PRODUCT_DEFINITION_CONTEXT('',#7440,'design');
#7434=PRODUCT_DEFINITION_FORMATION_WITH_SPECIFIED_SOURCE('','',#7436,
 .NOT_KNOWN.);
#7435=PRODUCT_RELATED_PRODUCT_CATEGORY('','',(#7436));
#7436=PRODUCT('Base Bone 1.2_V02_ringfing','Base Bone 1.2_V02_ringfing',
'Base Bone 1.2_V02_ringfing',(#7438));
#7437=PRODUCT_CATEGORY('','');
#7438=PRODUCT_CONTEXT('',#7440,'mechanical');
#7439=APPLICATION_PROTOCOL_DEFINITION('international standard',
'ap242_managed_model_based_3d_engineering',2020,#7440);
#7440=APPLICATION_CONTEXT('managed model based 3d engineering');
ENDSEC;
END-ISO-10303-21;
