ISO-10303-21;
HEADER;
/* Generated by software containing ST-Developer
 * from STEP Tools, Inc. (www.steptools.com) 
 */
/* OPTION: using custom renumber hook */

FILE_DESCRIPTION(
/* description */ ('STEP AP242 Edition 2',
'CAx-IF Rec.Pracs.---Representation and Presentation of Product Manufa
cturing Information (PMI)---4.0---2014-10-13',
'CAx-IF Rec.Pracs.---3D Tessellated Geometry---0.4---2014-09-14','2;1',
'CAx-IF Rec.Pracs.---User Defined Attributes---1.5---2016-08-15'),
/* implementation_level */ '2;1');

FILE_NAME(
/* name */ 'Robotic Hand_V5_simulacra - driver_side_palm_cover3',
/* time_stamp */ '2026-09-25T22:15:30Z',
/* author */ (''),
/* organization */ (''),
/* preprocessor_version */ 'ST-DEVELOPER v20',
/* originating_system */ 'ONSHAPE BY PTC INC, 1.221',
/* authorisation */ '  ');

FILE_SCHEMA (('AP242_MANAGED_MODEL_BASED_3D_ENGINEERING_MIM_LF { 1 0 10303 442 3 1 4 }'));
ENDSEC;

DATA;
#10=SHAPE_REPRESENTATION_RELATIONSHIP('','',#4539,#11);
#11=ADVANCED_BREP_SHAPE_REPRESENTATION('',(#4537),#7924);
#12=(
BOUNDED_SURFACE()
B_SPLINE_SURFACE(3,2,((#7244,#7245,#7246),(#7247,#7248,#7249),(#7250,#7251,
#7252),(#7253,#7254,#7255),(#7256,#7257,#7258),(#7259,#7260,#7261),(#7262,
#7263,#7264)),.UNSPECIFIED.,.F.,.F.,.F.)
B_SPLINE_SURFACE_WITH_KNOTS((4,1,1,1,4),(3,3),(2.04861847086848,2.61764509763081,
3.18667172439314,3.75569835115547,4.3247249779178),(0.,1.),
 .UNSPECIFIED.)
GEOMETRIC_REPRESENTATION_ITEM()
RATIONAL_B_SPLINE_SURFACE(((1.,0.786248861088747,1.),(1.,0.813777930010025,
1.),(1.,0.857564584231244,1.),(1.,0.877985642383829,1.),(1.,0.849988027812208,
1.),(1.,0.801962048720724,1.),(1.,0.772760277371462,1.)))
REPRESENTATION_ITEM('')
SURFACE()
);
#13=(
BOUNDED_SURFACE()
B_SPLINE_SURFACE(3,2,((#7270,#7271,#7272),(#7273,#7274,#7275),(#7276,#7277,
#7278),(#7279,#7280,#7281)),.UNSPECIFIED.,.F.,.F.,.F.)
B_SPLINE_SURFACE_WITH_KNOTS((4,4),(3,3),(5.19069496822896,5.37191746842006),
(0.,1.),.PIECEWISE_BEZIER_KNOTS.)
GEOMETRIC_REPRESENTATION_ITEM()
RATIONAL_B_SPLINE_SURFACE(((1.,0.706233829460087,1.),(1.,0.70613205600828,
1.),(1.,0.706035056408482,1.),(1.,0.705944422475985,1.)))
REPRESENTATION_ITEM('')
SURFACE()
);
#14=(
BOUNDED_SURFACE()
B_SPLINE_SURFACE(3,2,((#7283,#7284,#7285),(#7286,#7287,#7288),(#7289,#7290,
#7291),(#7292,#7293,#7294)),.UNSPECIFIED.,.F.,.F.,.F.)
B_SPLINE_SURFACE_WITH_KNOTS((4,4),(3,3),(4.71238898038469,5.19069496822897),
(0.,1.),.PIECEWISE_BEZIER_KNOTS.)
GEOMETRIC_REPRESENTATION_ITEM()
RATIONAL_B_SPLINE_SURFACE(((1.,0.707106781186548,1.),(1.,0.706804585417113,
1.),(1.,0.70650244319845,1.),(1.,0.706233829460087,1.)))
REPRESENTATION_ITEM('')
SURFACE()
);
#15=(
BOUNDED_SURFACE()
B_SPLINE_SURFACE(3,2,((#7298,#7299,#7300),(#7301,#7302,#7303),(#7304,#7305,
#7306),(#7307,#7308,#7309)),.UNSPECIFIED.,.F.,.F.,.F.)
B_SPLINE_SURFACE_WITH_KNOTS((4,4),(3,3),(4.71238898038469,5.3696531336302),
(0.,1.),.PIECEWISE_BEZIER_KNOTS.)
GEOMETRIC_REPRESENTATION_ITEM()
RATIONAL_B_SPLINE_SURFACE(((1.,0.707106781186547,1.),(1.,0.706691518896778,
1.),(1.,0.706277111822107,1.),(1.,0.705947822799602,1.)))
REPRESENTATION_ITEM('')
SURFACE()
);
#16=(
BOUNDED_SURFACE()
B_SPLINE_SURFACE(3,2,((#7311,#7312,#7313),(#7314,#7315,#7316),(#7317,#7318,
#7319),(#7320,#7321,#7322)),.UNSPECIFIED.,.F.,.F.,.F.)
B_SPLINE_SURFACE_WITH_KNOTS((4,4),(3,3),(1.5707963267949,2.22806048004041),
(0.,1.),.PIECEWISE_BEZIER_KNOTS.)
GEOMETRIC_REPRESENTATION_ITEM()
RATIONAL_B_SPLINE_SURFACE(((1.,0.707106781186548,1.),(1.,0.706691518882584,
1.),(1.,0.706277111833236,1.),(1.,0.705947822799603,1.)))
REPRESENTATION_ITEM('')
SURFACE()
);
#17=(
BOUNDED_SURFACE()
B_SPLINE_SURFACE(3,2,((#7326,#7327,#7328),(#7329,#7330,#7331),(#7332,#7333,
#7334),(#7335,#7336,#7337),(#7338,#7339,#7340)),.UNSPECIFIED.,.F.,.F.,.F.)
B_SPLINE_SURFACE_WITH_KNOTS((4,1,4),(3,3),(3.14159265358979,3.92699081698724,
4.71238898038469),(0.,1.),.UNSPECIFIED.)
GEOMETRIC_REPRESENTATION_ITEM()
RATIONAL_B_SPLINE_SURFACE(((1.,0.721064934522149,1.),(1.,0.721064934522149,
1.),(1.,0.718078640469666,1.),(1.,0.710797084281875,1.),(1.,0.707106781186546,
1.)))
REPRESENTATION_ITEM('')
SURFACE()
);
#18=(
BOUNDED_SURFACE()
B_SPLINE_SURFACE(3,2,((#7344,#7345,#7346),(#7347,#7348,#7349),(#7350,#7351,
#7352),(#7353,#7354,#7355),(#7356,#7357,#7358)),.UNSPECIFIED.,.F.,.F.,.F.)
B_SPLINE_SURFACE_WITH_KNOTS((4,1,4),(3,3),(3.14159265358979,3.55560873037744,
3.96962480716509),(0.,1.),.UNSPECIFIED.)
GEOMETRIC_REPRESENTATION_ITEM()
RATIONAL_B_SPLINE_SURFACE(((1.,0.721064934522151,1.),(1.,0.721064934521117,
1.),(1.,0.720264361198249,1.),(1.,0.717990795380804,1.),(1.,0.716576811596691,
1.)))
REPRESENTATION_ITEM('')
SURFACE()
);
#19=(
BOUNDED_SURFACE()
B_SPLINE_SURFACE(3,2,((#7364,#7365,#7366),(#7367,#7368,#7369),(#7370,#7371,
#7372),(#7373,#7374,#7375),(#7376,#7377,#7378),(#7379,#7380,#7381)),
 .UNSPECIFIED.,.F.,.F.,.F.)
B_SPLINE_SURFACE_WITH_KNOTS((4,1,1,4),(3,3),(-4.25007251614318E-17,0.00342460968721506,
0.00513691453082261,0.00684921937443016),(0.,1.),.UNSPECIFIED.)
GEOMETRIC_REPRESENTATION_ITEM()
RATIONAL_B_SPLINE_SURFACE(((1.,0.707106781186548,1.),(1.,0.71176908270396,
1.),(1.,0.71710574316269,1.),(1.,0.721929425060126,1.),(1.,0.722575458425504,
1.),(1.,0.723664497425907,1.)))
REPRESENTATION_ITEM('')
SURFACE()
);
#20=(
BOUNDED_SURFACE()
B_SPLINE_SURFACE(3,2,((#7383,#7384,#7385),(#7386,#7387,#7388),(#7389,#7390,
#7391),(#7392,#7393,#7394),(#7395,#7396,#7397),(#7398,#7399,#7400),(#7401,
#7402,#7403),(#7404,#7405,#7406),(#7407,#7408,#7409),(#7410,#7411,#7412)),
 .UNSPECIFIED.,.F.,.F.,.F.)
B_SPLINE_SURFACE_WITH_KNOTS((4,1,1,1,1,1,1,4),(3,3),(2.25514051876985E-17,
0.0123015256417924,0.0184522884626885,0.0246030512835847,0.0276784326940328,
0.0307538141044809,0.036904576925377,0.0492061025671694),(0.,1.),
 .UNSPECIFIED.)
GEOMETRIC_REPRESENTATION_ITEM()
RATIONAL_B_SPLINE_SURFACE(((1.,0.707106781186548,1.),(1.,0.707106781186548,
1.),(1.,0.707106781186548,1.),(1.,0.707106781186547,1.),(1.,0.707106781186548,
1.),(1.,0.707106781186547,1.),(1.,0.707106781186548,1.),(1.,0.707106781186547,
1.),(1.,0.707106781186548,1.),(1.,0.707106781186548,1.)))
REPRESENTATION_ITEM('')
SURFACE()
);
#21=B_SPLINE_SURFACE_WITH_KNOTS('',3,1,((#7061,#7062),(#7063,#7064),(#7065,
#7066),(#7067,#7068),(#7069,#7070),(#7071,#7072),(#7073,#7074)),
 .SURF_OF_LINEAR_EXTRUSION.,.F.,.F.,.F.,(4,1,1,1,4),(2,2),(-8.05297068031342E-17,
0.25,0.5,0.75,1.),(0.,1.),.UNSPECIFIED.);
#22=B_SPLINE_SURFACE_WITH_KNOTS('',3,1,((#7413,#7414),(#7415,#7416),(#7417,
#7418),(#7419,#7420),(#7421,#7422)),.SURF_OF_LINEAR_EXTRUSION.,.F.,.F.,
 .F.,(4,1,4),(2,2),(1.5707963267949,2.35619449019234,3.14159265358979),
(0.,1.),.UNSPECIFIED.);
#23=B_SPLINE_SURFACE_WITH_KNOTS('',3,1,((#7428,#7429),(#7430,#7431),(#7432,
#7433),(#7434,#7435),(#7436,#7437)),.SURF_OF_LINEAR_EXTRUSION.,.F.,.F.,
 .F.,(4,1,4),(2,2),(1.5707963267949,2.35619449019234,3.14159265358979),
(0.,1.),.UNSPECIFIED.);
#24=B_SPLINE_SURFACE_WITH_KNOTS('',3,1,((#7445,#7446),(#7447,#7448),(#7449,
#7450),(#7451,#7452),(#7453,#7454)),.SURF_OF_LINEAR_EXTRUSION.,.F.,.F.,
 .F.,(4,1,4),(2,2),(3.14159265358979,3.92699081698724,4.71238898038469),
(0.,1.),.UNSPECIFIED.);
#25=CIRCLE('',#4577,0.00125);
#26=CIRCLE('',#4579,0.00125);
#27=CIRCLE('',#4583,0.00125);
#28=CIRCLE('',#4587,0.005);
#29=CIRCLE('',#4588,0.005);
#30=CIRCLE('',#4589,0.001050000015);
#31=CIRCLE('',#4590,0.001050000015);
#32=CIRCLE('',#4591,0.181906896901629);
#33=CIRCLE('',#4592,0.240102164551672);
#34=CIRCLE('',#4593,0.0176336625824328);
#35=CIRCLE('',#4594,0.001050000015);
#36=CIRCLE('',#4595,0.001050000015);
#37=CIRCLE('',#4596,0.001050000015);
#38=CIRCLE('',#4597,0.001050000015);
#39=CIRCLE('',#4598,0.001050000015);
#40=CIRCLE('',#4599,0.001050000015);
#41=CIRCLE('',#4600,0.001050000015);
#42=CIRCLE('',#4601,0.001050000015);
#43=CIRCLE('',#4602,0.00105);
#44=CIRCLE('',#4603,0.00105);
#45=CIRCLE('',#4604,0.001050000015);
#46=CIRCLE('',#4605,0.001050000015);
#47=CIRCLE('',#4606,0.001050000015);
#48=CIRCLE('',#4607,0.001050000015);
#49=CIRCLE('',#4608,0.001050000015);
#50=CIRCLE('',#4609,0.001050000015);
#51=CIRCLE('',#4610,0.001050000015);
#52=CIRCLE('',#4611,0.001050000015);
#53=CIRCLE('',#4612,0.00105);
#54=CIRCLE('',#4613,0.00105);
#55=CIRCLE('',#4614,0.001050000015);
#56=CIRCLE('',#4615,0.001050000015);
#57=CIRCLE('',#4616,0.001050000015);
#58=CIRCLE('',#4617,0.001050000015);
#59=CIRCLE('',#4618,0.00125);
#60=CIRCLE('',#4619,0.00125);
#61=CIRCLE('',#4620,0.00125);
#62=CIRCLE('',#4623,0.001050000015);
#63=CIRCLE('',#4627,0.001050000015);
#64=CIRCLE('',#4632,0.00215);
#65=CIRCLE('',#4633,0.00215);
#66=CIRCLE('',#4634,0.00215);
#67=CIRCLE('',#4635,0.0176336625824328);
#68=CIRCLE('',#4636,0.240102164551672);
#69=CIRCLE('',#4645,0.00125);
#70=CIRCLE('',#4646,0.004);
#71=CIRCLE('',#4648,0.00125);
#72=CIRCLE('',#4650,0.00215);
#73=CIRCLE('',#4651,0.004);
#74=CIRCLE('',#4653,0.00215);
#75=CIRCLE('',#4654,0.004);
#76=CIRCLE('',#4655,0.004);
#77=CIRCLE('',#4657,0.001050000015);
#78=CIRCLE('',#4659,0.001050000015);
#79=CIRCLE('',#4661,0.001050000015);
#80=CIRCLE('',#4663,0.001050000015);
#81=CIRCLE('',#4665,0.00105);
#82=CIRCLE('',#4667,0.00105);
#83=CIRCLE('',#4669,0.001050000015);
#84=CIRCLE('',#4671,0.001050000015);
#85=CIRCLE('',#4673,0.001050000015);
#86=CIRCLE('',#4675,0.001050000015);
#87=CIRCLE('',#4677,0.001050000015);
#88=CIRCLE('',#4679,0.001050000015);
#89=CIRCLE('',#4681,0.001050000015);
#90=CIRCLE('',#4683,0.001050000015);
#91=CIRCLE('',#4686,0.00105);
#92=CIRCLE('',#4688,0.00105);
#93=CIRCLE('',#4690,0.001050000015);
#94=CIRCLE('',#4692,0.001050000015);
#95=CIRCLE('',#4694,0.001050000015);
#96=CIRCLE('',#4696,0.001050000015);
#97=CIRCLE('',#4698,0.001050000015);
#98=CIRCLE('',#4700,0.001050000015);
#99=CIRCLE('',#4702,0.001050000015);
#100=CIRCLE('',#4704,0.001050000015);
#101=CIRCLE('',#4730,0.00215);
#102=CIRCLE('',#4731,0.004);
#103=CIRCLE('',#4732,0.004);
#104=CIRCLE('',#4747,0.00125);
#105=CIRCLE('',#4748,0.004);
#106=CIRCLE('',#4753,0.00125);
#107=CIRCLE('',#4755,0.00215);
#108=CIRCLE('',#4758,0.00125);
#109=CIRCLE('',#4760,0.00215);
#110=CIRCLE('',#4763,0.00125);
#111=CIRCLE('',#4765,0.00215);
#112=CIRCLE('',#4779,0.00215);
#113=CIRCLE('',#4781,0.00125);
#114=CIRCLE('',#4784,0.00215);
#115=CIRCLE('',#4786,0.00125);
#116=CIRCLE('',#4789,0.00215);
#117=CIRCLE('',#4791,0.00125);
#118=CIRCLE('',#4802,0.0127584622847961);
#119=CIRCLE('',#4806,0.006);
#120=CIRCLE('',#4807,0.006);
#121=CIRCLE('',#4812,0.006);
#122=CIRCLE('',#4813,0.006);
#123=CIRCLE('',#4815,0.006);
#124=CIRCLE('',#4816,0.006);
#125=CIRCLE('',#4818,0.006);
#126=CIRCLE('',#4821,0.006);
#127=CIRCLE('',#4823,0.006);
#128=CIRCLE('',#4824,0.006);
#129=CIRCLE('',#4827,0.006);
#130=CIRCLE('',#4828,0.003);
#131=CIRCLE('',#4829,0.003);
#132=CIRCLE('',#4831,0.003);
#133=CIRCLE('',#4832,0.003);
#134=CIRCLE('',#4833,0.003);
#135=CIRCLE('',#4835,0.003);
#136=CIRCLE('',#4836,0.003);
#137=CIRCLE('',#4838,0.003);
#138=CIRCLE('',#4839,0.003);
#139=CIRCLE('',#4849,0.00125);
#140=CIRCLE('',#4850,0.00125);
#141=CIRCLE('',#4852,0.00125);
#142=CIRCLE('',#4853,0.00125);
#143=CIRCLE('',#4860,0.00125);
#144=CIRCLE('',#4868,0.00125);
#145=CIRCLE('',#4870,0.00125);
#146=CIRCLE('',#4872,0.00125);
#147=CIRCLE('',#4880,0.00125);
#148=CIRCLE('',#4890,0.00125);
#149=CIRCLE('',#4892,0.00125);
#150=CIRCLE('',#4895,0.00125);
#151=CIRCLE('',#4901,0.00125);
#152=CIRCLE('',#4903,0.00125);
#153=CIRCLE('',#4913,0.00125);
#154=CIRCLE('',#4915,0.00125);
#155=CIRCLE('',#4917,0.00125);
#156=CIRCLE('',#4923,0.0065);
#157=CIRCLE('',#4924,0.00613827546702941);
#158=CIRCLE('',#4926,0.00613827546702941);
#159=CIRCLE('',#4927,0.00613827546702941);
#160=CIRCLE('',#4928,0.0061382754670294);
#161=CIRCLE('',#4930,0.0065);
#162=CIRCLE('',#4932,0.0065);
#163=CIRCLE('',#4936,0.0065);
#164=CIRCLE('',#4938,0.00475);
#165=CIRCLE('',#4946,0.00475);
#166=CIRCLE('',#4949,0.00613827546702941);
#167=CIRCLE('',#4950,0.00613827546702941);
#168=CIRCLE('',#4952,0.0065);
#169=CIRCLE('',#4953,0.0065);
#170=CIRCLE('',#4969,0.00613827546702941);
#171=CIRCLE('',#4970,0.00613827546702941);
#172=CIRCLE('',#4971,0.0061382754670294);
#173=CIRCLE('',#4972,0.00613827546702941);
#174=CIRCLE('',#4974,0.0065);
#175=CIRCLE('',#4976,0.0065);
#176=CIRCLE('',#4983,0.0065);
#177=CIRCLE('',#4984,0.0065);
#178=CIRCLE('',#4989,0.00475);
#179=CIRCLE('',#4998,0.00475);
#180=CYLINDRICAL_SURFACE('',#4561,0.006);
#181=CYLINDRICAL_SURFACE('',#4564,0.006);
#182=CYLINDRICAL_SURFACE('',#4568,0.006);
#183=CYLINDRICAL_SURFACE('',#4621,0.001050000015);
#184=CYLINDRICAL_SURFACE('',#4625,0.001050000015);
#185=CYLINDRICAL_SURFACE('',#4656,0.001050000015);
#186=CYLINDRICAL_SURFACE('',#4658,0.001050000015);
#187=CYLINDRICAL_SURFACE('',#4660,0.001050000015);
#188=CYLINDRICAL_SURFACE('',#4662,0.001050000015);
#189=CYLINDRICAL_SURFACE('',#4664,0.00105);
#190=CYLINDRICAL_SURFACE('',#4666,0.00105);
#191=CYLINDRICAL_SURFACE('',#4668,0.001050000015);
#192=CYLINDRICAL_SURFACE('',#4670,0.001050000015);
#193=CYLINDRICAL_SURFACE('',#4672,0.001050000015);
#194=CYLINDRICAL_SURFACE('',#4674,0.001050000015);
#195=CYLINDRICAL_SURFACE('',#4676,0.001050000015);
#196=CYLINDRICAL_SURFACE('',#4678,0.001050000015);
#197=CYLINDRICAL_SURFACE('',#4680,0.001050000015);
#198=CYLINDRICAL_SURFACE('',#4682,0.001050000015);
#199=CYLINDRICAL_SURFACE('',#4685,0.00105);
#200=CYLINDRICAL_SURFACE('',#4687,0.00105);
#201=CYLINDRICAL_SURFACE('',#4689,0.001050000015);
#202=CYLINDRICAL_SURFACE('',#4691,0.001050000015);
#203=CYLINDRICAL_SURFACE('',#4693,0.001050000015);
#204=CYLINDRICAL_SURFACE('',#4695,0.001050000015);
#205=CYLINDRICAL_SURFACE('',#4697,0.001050000015);
#206=CYLINDRICAL_SURFACE('',#4699,0.001050000015);
#207=CYLINDRICAL_SURFACE('',#4701,0.001050000015);
#208=CYLINDRICAL_SURFACE('',#4703,0.001050000015);
#209=CYLINDRICAL_SURFACE('',#4749,0.0176336625824328);
#210=CYLINDRICAL_SURFACE('',#4750,0.240102164551672);
#211=CYLINDRICAL_SURFACE('',#4751,0.181906896901629);
#212=CYLINDRICAL_SURFACE('',#4752,0.00125);
#213=CYLINDRICAL_SURFACE('',#4754,0.00215);
#214=CYLINDRICAL_SURFACE('',#4757,0.00125);
#215=CYLINDRICAL_SURFACE('',#4759,0.00215);
#216=CYLINDRICAL_SURFACE('',#4762,0.00125);
#217=CYLINDRICAL_SURFACE('',#4764,0.00215);
#218=CYLINDRICAL_SURFACE('',#4767,0.004);
#219=CYLINDRICAL_SURFACE('',#4769,0.004);
#220=CYLINDRICAL_SURFACE('',#4770,0.004);
#221=CYLINDRICAL_SURFACE('',#4772,0.004);
#222=CYLINDRICAL_SURFACE('',#4774,0.004);
#223=CYLINDRICAL_SURFACE('',#4776,0.004);
#224=CYLINDRICAL_SURFACE('',#4778,0.00215);
#225=CYLINDRICAL_SURFACE('',#4782,0.00125);
#226=CYLINDRICAL_SURFACE('',#4783,0.00215);
#227=CYLINDRICAL_SURFACE('',#4787,0.00125);
#228=CYLINDRICAL_SURFACE('',#4788,0.00215);
#229=CYLINDRICAL_SURFACE('',#4792,0.00125);
#230=CYLINDRICAL_SURFACE('',#4793,0.004);
#231=CYLINDRICAL_SURFACE('',#4794,0.004);
#232=CYLINDRICAL_SURFACE('',#4795,0.004);
#233=CYLINDRICAL_SURFACE('',#4799,0.0127584622847961);
#234=CYLINDRICAL_SURFACE('',#4805,0.006);
#235=CYLINDRICAL_SURFACE('',#4809,0.006);
#236=CYLINDRICAL_SURFACE('',#4811,0.006);
#237=CYLINDRICAL_SURFACE('',#4814,0.006);
#238=CYLINDRICAL_SURFACE('',#4817,0.006);
#239=CYLINDRICAL_SURFACE('',#4819,0.006);
#240=CYLINDRICAL_SURFACE('',#4822,0.006);
#241=CYLINDRICAL_SURFACE('',#4825,0.006);
#242=CYLINDRICAL_SURFACE('',#4830,0.003);
#243=CYLINDRICAL_SURFACE('',#4834,0.003);
#244=CYLINDRICAL_SURFACE('',#4837,0.003);
#245=CYLINDRICAL_SURFACE('',#4856,0.005);
#246=CYLINDRICAL_SURFACE('',#4857,0.005);
#247=CYLINDRICAL_SURFACE('',#4873,0.00125);
#248=CYLINDRICAL_SURFACE('',#4874,0.00125);
#249=CYLINDRICAL_SURFACE('',#4881,0.00125);
#250=CYLINDRICAL_SURFACE('',#4882,0.00125);
#251=CYLINDRICAL_SURFACE('',#4893,0.00125);
#252=CYLINDRICAL_SURFACE('',#4894,0.00125);
#253=CYLINDRICAL_SURFACE('',#4904,0.00125);
#254=CYLINDRICAL_SURFACE('',#4905,0.00125);
#255=CYLINDRICAL_SURFACE('',#4918,0.00125);
#256=CYLINDRICAL_SURFACE('',#4919,0.00125);
#257=CYLINDRICAL_SURFACE('',#4925,0.00613827546702941);
#258=CYLINDRICAL_SURFACE('',#4935,0.0065);
#259=CYLINDRICAL_SURFACE('',#4945,0.00475);
#260=CYLINDRICAL_SURFACE('',#4948,0.00613827546702941);
#261=CYLINDRICAL_SURFACE('',#4951,0.0065);
#262=CYLINDRICAL_SURFACE('',#4968,0.00613827546702941);
#263=CYLINDRICAL_SURFACE('',#4982,0.0065);
#264=CYLINDRICAL_SURFACE('',#4997,0.00475);
#265=B_SPLINE_CURVE_WITH_KNOTS('',3,(#6300,#6301,#6302,#6303),
 .UNSPECIFIED.,.F.,.F.,(4,4),(9.37553445772819E-17,0.000917003980596612),
 .UNSPECIFIED.);
#266=B_SPLINE_CURVE_WITH_KNOTS('',3,(#6333,#6334,#6335,#6336),
 .UNSPECIFIED.,.F.,.F.,(4,4),(3.00389029795439E-6,1.),.UNSPECIFIED.);
#267=B_SPLINE_CURVE_WITH_KNOTS('',3,(#6350,#6351,#6352,#6353),
 .UNSPECIFIED.,.F.,.F.,(4,4),(0.,0.00136130154288883),.UNSPECIFIED.);
#268=B_SPLINE_CURVE_WITH_KNOTS('',3,(#6434,#6435,#6436,#6437),
 .UNSPECIFIED.,.F.,.F.,(4,4),(0.,0.00453492214646326),.UNSPECIFIED.);
#269=B_SPLINE_CURVE_WITH_KNOTS('',3,(#6571,#6572,#6573,#6574),
 .UNSPECIFIED.,.F.,.F.,(4,4),(0.,1.),.UNSPECIFIED.);
#270=B_SPLINE_CURVE_WITH_KNOTS('',3,(#6600,#6601,#6602,#6603),
 .UNSPECIFIED.,.F.,.F.,(4,4),(0.322286220077822,0.597091805285346),
 .UNSPECIFIED.);
#271=B_SPLINE_CURVE_WITH_KNOTS('',3,(#6687,#6688,#6689,#6690),
 .UNSPECIFIED.,.F.,.F.,(4,4),(0.,1.),.UNSPECIFIED.);
#272=B_SPLINE_CURVE_WITH_KNOTS('',3,(#6692,#6693,#6694,#6695),
 .UNSPECIFIED.,.F.,.F.,(4,4),(0.0814888771601806,1.),.UNSPECIFIED.);
#273=B_SPLINE_CURVE_WITH_KNOTS('',3,(#6703,#6704,#6705,#6706,#6707,#6708,
#6709,#6710),.UNSPECIFIED.,.F.,.F.,(4,1,1,1,1,4),(2.11038219202008E-17,
0.0122313790932709,0.0183470686399064,0.0244627581865418,0.0366941372798127,
0.0489255163730836),.UNSPECIFIED.);
#274=B_SPLINE_CURVE_WITH_KNOTS('',3,(#6734,#6735,#6736,#6737,#6738),
 .UNSPECIFIED.,.F.,.F.,(4,1,4),(0.,0.00219143674261549,0.00438287348523098),
 .UNSPECIFIED.);
#275=B_SPLINE_CURVE_WITH_KNOTS('',3,(#6786,#6787,#6788,#6789),
 .UNSPECIFIED.,.F.,.F.,(4,4),(0.,1.),.UNSPECIFIED.);
#276=B_SPLINE_CURVE_WITH_KNOTS('',3,(#6791,#6792,#6793,#6794),
 .UNSPECIFIED.,.F.,.F.,(4,4),(0.,1.),.UNSPECIFIED.);
#277=B_SPLINE_CURVE_WITH_KNOTS('',3,(#6807,#6808,#6809,#6810),
 .UNSPECIFIED.,.F.,.F.,(4,4),(0.,1.),.UNSPECIFIED.);
#278=B_SPLINE_CURVE_WITH_KNOTS('',3,(#6812,#6813,#6814,#6815),
 .UNSPECIFIED.,.F.,.F.,(4,4),(0.,1.),.UNSPECIFIED.);
#279=B_SPLINE_CURVE_WITH_KNOTS('',3,(#6817,#6818,#6819,#6820),
 .UNSPECIFIED.,.F.,.F.,(4,4),(0.,1.),.UNSPECIFIED.);
#280=B_SPLINE_CURVE_WITH_KNOTS('',3,(#6870,#6871,#6872,#6873,#6874,#6875,
#6876,#6877,#6878,#6879,#6880,#6881,#6882,#6883,#6884,#6885,#6886,#6887,
#6888,#6889,#6890),.UNSPECIFIED.,.F.,.F.,(4,1,1,1,1,1,1,1,1,1,1,1,1,1,1,
1,1,1,4),(0.,0.25,0.375,0.4375,0.46875,0.5,0.53125,0.5625,0.625,0.6875,
0.71875,0.734375,0.75,0.765625,0.78125,0.8125,0.875,0.9375,1.),
 .UNSPECIFIED.);
#281=B_SPLINE_CURVE_WITH_KNOTS('',3,(#6954,#6955,#6956,#6957),
 .UNSPECIFIED.,.F.,.F.,(4,4),(0.,1.),.UNSPECIFIED.);
#282=B_SPLINE_CURVE_WITH_KNOTS('',3,(#6959,#6960,#6961,#6962),
 .UNSPECIFIED.,.F.,.F.,(4,4),(0.,1.),.UNSPECIFIED.);
#283=B_SPLINE_CURVE_WITH_KNOTS('',3,(#6964,#6965,#6966,#6967),
 .UNSPECIFIED.,.F.,.F.,(4,4),(0.,1.),.UNSPECIFIED.);
#284=B_SPLINE_CURVE_WITH_KNOTS('',3,(#7007,#7008,#7009,#7010),
 .UNSPECIFIED.,.F.,.F.,(4,4),(0.,0.743533604399502),.UNSPECIFIED.);
#285=B_SPLINE_CURVE_WITH_KNOTS('',3,(#7024,#7025,#7026,#7027),
 .UNSPECIFIED.,.F.,.F.,(4,4),(1.66666639395675E-7,0.99999983333336),
 .UNSPECIFIED.);
#286=B_SPLINE_CURVE_WITH_KNOTS('',3,(#7029,#7030,#7031,#7032,#7033,#7034,
#7035,#7036,#7037,#7038,#7039,#7040,#7041,#7042,#7043,#7044,#7045),
 .UNSPECIFIED.,.F.,.F.,(4,1,1,1,1,1,1,1,1,1,1,1,1,1,4),(0.,0.000365088560145114,
0.000730177120290228,0.00146035424058046,0.00219053136087068,0.00292070848116091,
0.00438106272174137,0.00584141696232182,0.00730177120290228,0.00876212544348274,
0.0116828339246436,0.0146035424058046,0.0175242508869655,0.0204449593681264,
0.0233656678492873),.UNSPECIFIED.);
#287=B_SPLINE_CURVE_WITH_KNOTS('',3,(#7047,#7048,#7049,#7050),
 .UNSPECIFIED.,.F.,.F.,(4,4),(0.,1.),.UNSPECIFIED.);
#288=B_SPLINE_CURVE_WITH_KNOTS('',3,(#7053,#7054,#7055,#7056),
 .UNSPECIFIED.,.F.,.F.,(4,4),(0.,1.),.UNSPECIFIED.);
#289=B_SPLINE_CURVE_WITH_KNOTS('',3,(#7057,#7058,#7059,#7060),
 .UNSPECIFIED.,.F.,.F.,(4,4),(0.,1.),.UNSPECIFIED.);
#290=B_SPLINE_CURVE_WITH_KNOTS('',3,(#7075,#7076,#7077,#7078,#7079,#7080),
 .UNSPECIFIED.,.F.,.F.,(4,1,1,4),(0.,0.00196774610789046,0.00393549221578092,
0.00787098443156183),.UNSPECIFIED.);
#291=B_SPLINE_CURVE_WITH_KNOTS('',3,(#7082,#7083,#7084,#7085,#7086),
 .UNSPECIFIED.,.F.,.F.,(4,1,4),(0.,0.00144133824771021,0.00288267649542042),
 .UNSPECIFIED.);
#292=B_SPLINE_CURVE_WITH_KNOTS('',3,(#7087,#7088,#7089,#7090,#7091),
 .UNSPECIFIED.,.F.,.F.,(4,1,4),(0.,0.00144187101010512,0.00288374202021023),
 .UNSPECIFIED.);
#293=B_SPLINE_CURVE_WITH_KNOTS('',3,(#7092,#7093,#7094,#7095,#7096),
 .UNSPECIFIED.,.F.,.F.,(4,1,4),(0.,0.00144133824771022,0.00288267649542043),
 .UNSPECIFIED.);
#294=B_SPLINE_CURVE_WITH_KNOTS('',3,(#7097,#7098,#7099,#7100,#7101),
 .UNSPECIFIED.,.F.,.F.,(4,1,4),(0.,0.00144187101010512,0.00288374202021024),
 .UNSPECIFIED.);
#295=B_SPLINE_CURVE_WITH_KNOTS('',3,(#7102,#7103,#7104,#7105),
 .UNSPECIFIED.,.F.,.F.,(4,4),(0.,0.000332359346479583),.UNSPECIFIED.);
#296=B_SPLINE_CURVE_WITH_KNOTS('',3,(#7106,#7107,#7108,#7109,#7110),
 .UNSPECIFIED.,.F.,.F.,(4,1,4),(0.,0.00144187101010517,0.00288374202021033),
 .UNSPECIFIED.);
#297=B_SPLINE_CURVE_WITH_KNOTS('',3,(#7111,#7112,#7113,#7114,#7115),
 .UNSPECIFIED.,.F.,.F.,(4,1,4),(0.,0.00366457755928239,0.00732915511856477),
 .UNSPECIFIED.);
#298=B_SPLINE_CURVE_WITH_KNOTS('',3,(#7117,#7118,#7119,#7120),
 .UNSPECIFIED.,.F.,.F.,(4,4),(0.,0.00177459949131289),.UNSPECIFIED.);
#299=B_SPLINE_CURVE_WITH_KNOTS('',3,(#7145,#7146,#7147,#7148),
 .UNSPECIFIED.,.F.,.F.,(4,4),(0.,0.00157530904095601),.UNSPECIFIED.);
#300=B_SPLINE_CURVE_WITH_KNOTS('',3,(#7265,#7266,#7267,#7268,#7269),
 .UNSPECIFIED.,.F.,.F.,(4,1,4),(8.35733528939807E-17,0.00197553960605825,
0.00395107921211641),.UNSPECIFIED.);
#301=B_SPLINE_CURVE_WITH_KNOTS('',3,(#7359,#7360,#7361,#7362,#7363),
 .UNSPECIFIED.,.F.,.F.,(4,1,4),(1.44162200741172E-17,0.00227323791536713,
0.00454647583073424),.UNSPECIFIED.);
#302=LINE('',#6290,#667);
#303=LINE('',#6292,#668);
#304=LINE('',#6294,#669);
#305=LINE('',#6296,#670);
#306=LINE('',#6305,#671);
#307=LINE('',#6309,#672);
#308=LINE('',#6311,#673);
#309=LINE('',#6319,#674);
#310=LINE('',#6325,#675);
#311=LINE('',#6329,#676);
#312=LINE('',#6338,#677);
#313=LINE('',#6342,#678);
#314=LINE('',#6346,#679);
#315=LINE('',#6348,#680);
#316=LINE('',#6354,#681);
#317=LINE('',#6356,#682);
#318=LINE('',#6358,#683);
#319=LINE('',#6362,#684);
#320=LINE('',#6364,#685);
#321=LINE('',#6367,#686);
#322=LINE('',#6369,#687);
#323=LINE('',#6371,#688);
#324=LINE('',#6373,#689);
#325=LINE('',#6375,#690);
#326=LINE('',#6376,#691);
#327=LINE('',#6379,#692);
#328=LINE('',#6381,#693);
#329=LINE('',#6383,#694);
#330=LINE('',#6385,#695);
#331=LINE('',#6388,#696);
#332=LINE('',#6390,#697);
#333=LINE('',#6392,#698);
#334=LINE('',#6394,#699);
#335=LINE('',#6397,#700);
#336=LINE('',#6399,#701);
#337=LINE('',#6401,#702);
#338=LINE('',#6403,#703);
#339=LINE('',#6406,#704);
#340=LINE('',#6408,#705);
#341=LINE('',#6410,#706);
#342=LINE('',#6412,#707);
#343=LINE('',#6414,#708);
#344=LINE('',#6416,#709);
#345=LINE('',#6418,#710);
#346=LINE('',#6432,#711);
#347=LINE('',#6444,#712);
#348=LINE('',#6447,#713);
#349=LINE('',#6449,#714);
#350=LINE('',#6451,#715);
#351=LINE('',#6453,#716);
#352=LINE('',#6456,#717);
#353=LINE('',#6458,#718);
#354=LINE('',#6460,#719);
#355=LINE('',#6464,#720);
#356=LINE('',#6465,#721);
#357=LINE('',#6467,#722);
#358=LINE('',#6469,#723);
#359=LINE('',#6471,#724);
#360=LINE('',#6475,#725);
#361=LINE('',#6476,#726);
#362=LINE('',#6478,#727);
#363=LINE('',#6480,#728);
#364=LINE('',#6482,#729);
#365=LINE('',#6484,#730);
#366=LINE('',#6487,#731);
#367=LINE('',#6489,#732);
#368=LINE('',#6491,#733);
#369=LINE('',#6493,#734);
#370=LINE('',#6496,#735);
#371=LINE('',#6498,#736);
#372=LINE('',#6500,#737);
#373=LINE('',#6504,#738);
#374=LINE('',#6505,#739);
#375=LINE('',#6507,#740);
#376=LINE('',#6509,#741);
#377=LINE('',#6511,#742);
#378=LINE('',#6514,#743);
#379=LINE('',#6516,#744);
#380=LINE('',#6518,#745);
#381=LINE('',#6520,#746);
#382=LINE('',#6522,#747);
#383=LINE('',#6524,#748);
#384=LINE('',#6526,#749);
#385=LINE('',#6527,#750);
#386=LINE('',#6529,#751);
#387=LINE('',#6532,#752);
#388=LINE('',#6534,#753);
#389=LINE('',#6536,#754);
#390=LINE('',#6538,#755);
#391=LINE('',#6545,#756);
#392=LINE('',#6546,#757);
#393=LINE('',#6550,#758);
#394=LINE('',#6554,#759);
#395=LINE('',#6556,#760);
#396=LINE('',#6558,#761);
#397=LINE('',#6560,#762);
#398=LINE('',#6562,#763);
#399=LINE('',#6569,#764);
#400=LINE('',#6576,#765);
#401=LINE('',#6578,#766);
#402=LINE('',#6580,#767);
#403=LINE('',#6582,#768);
#404=LINE('',#6584,#769);
#405=LINE('',#6586,#770);
#406=LINE('',#6588,#771);
#407=LINE('',#6590,#772);
#408=LINE('',#6592,#773);
#409=LINE('',#6594,#774);
#410=LINE('',#6596,#775);
#411=LINE('',#6598,#776);
#412=LINE('',#6671,#777);
#413=LINE('',#6673,#778);
#414=LINE('',#6681,#779);
#415=LINE('',#6684,#780);
#416=LINE('',#6685,#781);
#417=LINE('',#6697,#782);
#418=LINE('',#6711,#783);
#419=LINE('',#6713,#784);
#420=LINE('',#6715,#785);
#421=LINE('',#6718,#786);
#422=LINE('',#6719,#787);
#423=LINE('',#6721,#788);
#424=LINE('',#6723,#789);
#425=LINE('',#6725,#790);
#426=LINE('',#6727,#791);
#427=LINE('',#6729,#792);
#428=LINE('',#6731,#793);
#429=LINE('',#6739,#794);
#430=LINE('',#6741,#795);
#431=LINE('',#6743,#796);
#432=LINE('',#6747,#797);
#433=LINE('',#6749,#798);
#434=LINE('',#6760,#799);
#435=LINE('',#6762,#800);
#436=LINE('',#6764,#801);
#437=LINE('',#6766,#802);
#438=LINE('',#6770,#803);
#439=LINE('',#6773,#804);
#440=LINE('',#6775,#805);
#441=LINE('',#6777,#806);
#442=LINE('',#6781,#807);
#443=LINE('',#6796,#808);
#444=LINE('',#6798,#809);
#445=LINE('',#6802,#810);
#446=LINE('',#6824,#811);
#447=LINE('',#6826,#812);
#448=LINE('',#6891,#813);
#449=LINE('',#6949,#814);
#450=LINE('',#6971,#815);
#451=LINE('',#6973,#816);
#452=LINE('',#6977,#817);
#453=LINE('',#6978,#818);
#454=LINE('',#6980,#819);
#455=LINE('',#6982,#820);
#456=LINE('',#6984,#821);
#457=LINE('',#6989,#822);
#458=LINE('',#6990,#823);
#459=LINE('',#6992,#824);
#460=LINE('',#6994,#825);
#461=LINE('',#6996,#826);
#462=LINE('',#6998,#827);
#463=LINE('',#7002,#828);
#464=LINE('',#7003,#829);
#465=LINE('',#7005,#830);
#466=LINE('',#7012,#831);
#467=LINE('',#7020,#832);
#468=LINE('',#7022,#833);
#469=LINE('',#7182,#834);
#470=LINE('',#7184,#835);
#471=LINE('',#7186,#836);
#472=LINE('',#7187,#837);
#473=LINE('',#7189,#838);
#474=LINE('',#7191,#839);
#475=LINE('',#7197,#840);
#476=LINE('',#7201,#841);
#477=LINE('',#7204,#842);
#478=LINE('',#7206,#843);
#479=LINE('',#7208,#844);
#480=LINE('',#7210,#845);
#481=LINE('',#7213,#846);
#482=LINE('',#7215,#847);
#483=LINE('',#7217,#848);
#484=LINE('',#7219,#849);
#485=LINE('',#7423,#850);
#486=LINE('',#7427,#851);
#487=LINE('',#7438,#852);
#488=LINE('',#7442,#853);
#489=LINE('',#7444,#854);
#490=LINE('',#7457,#855);
#491=LINE('',#7459,#856);
#492=LINE('',#7461,#857);
#493=LINE('',#7463,#858);
#494=LINE('',#7465,#859);
#495=LINE('',#7467,#860);
#496=LINE('',#7469,#861);
#497=LINE('',#7471,#862);
#498=LINE('',#7473,#863);
#499=LINE('',#7475,#864);
#500=LINE('',#7477,#865);
#501=LINE('',#7479,#866);
#502=LINE('',#7481,#867);
#503=LINE('',#7482,#868);
#504=LINE('',#7489,#869);
#505=LINE('',#7492,#870);
#506=LINE('',#7494,#871);
#507=LINE('',#7496,#872);
#508=LINE('',#7503,#873);
#509=LINE('',#7505,#874);
#510=LINE('',#7507,#875);
#511=LINE('',#7510,#876);
#512=LINE('',#7513,#877);
#513=LINE('',#7515,#878);
#514=LINE('',#7517,#879);
#515=LINE('',#7521,#880);
#516=LINE('',#7524,#881);
#517=LINE('',#7526,#882);
#518=LINE('',#7528,#883);
#519=LINE('',#7530,#884);
#520=LINE('',#7532,#885);
#521=LINE('',#7534,#886);
#522=LINE('',#7536,#887);
#523=LINE('',#7538,#888);
#524=LINE('',#7540,#889);
#525=LINE('',#7542,#890);
#526=LINE('',#7544,#891);
#527=LINE('',#7546,#892);
#528=LINE('',#7548,#893);
#529=LINE('',#7550,#894);
#530=LINE('',#7552,#895);
#531=LINE('',#7554,#896);
#532=LINE('',#7555,#897);
#533=LINE('',#7568,#898);
#534=LINE('',#7569,#899);
#535=LINE('',#7571,#900);
#536=LINE('',#7580,#901);
#537=LINE('',#7583,#902);
#538=LINE('',#7585,#903);
#539=LINE('',#7587,#904);
#540=LINE('',#7589,#905);
#541=LINE('',#7591,#906);
#542=LINE('',#7593,#907);
#543=LINE('',#7595,#908);
#544=LINE('',#7597,#909);
#545=LINE('',#7599,#910);
#546=LINE('',#7601,#911);
#547=LINE('',#7603,#912);
#548=LINE('',#7605,#913);
#549=LINE('',#7607,#914);
#550=LINE('',#7609,#915);
#551=LINE('',#7611,#916);
#552=LINE('',#7613,#917);
#553=LINE('',#7614,#918);
#554=LINE('',#7627,#919);
#555=LINE('',#7629,#920);
#556=LINE('',#7631,#921);
#557=LINE('',#7633,#922);
#558=LINE('',#7635,#923);
#559=LINE('',#7645,#924);
#560=LINE('',#7648,#925);
#561=LINE('',#7650,#926);
#562=LINE('',#7652,#927);
#563=LINE('',#7654,#928);
#564=LINE('',#7656,#929);
#565=LINE('',#7658,#930);
#566=LINE('',#7660,#931);
#567=LINE('',#7662,#932);
#568=LINE('',#7664,#933);
#569=LINE('',#7666,#934);
#570=LINE('',#7668,#935);
#571=LINE('',#7670,#936);
#572=LINE('',#7672,#937);
#573=LINE('',#7674,#938);
#574=LINE('',#7676,#939);
#575=LINE('',#7678,#940);
#576=LINE('',#7679,#941);
#577=LINE('',#7692,#942);
#578=LINE('',#7694,#943);
#579=LINE('',#7696,#944);
#580=LINE('',#7698,#945);
#581=LINE('',#7700,#946);
#582=LINE('',#7702,#947);
#583=LINE('',#7706,#948);
#584=LINE('',#7708,#949);
#585=LINE('',#7710,#950);
#586=LINE('',#7712,#951);
#587=LINE('',#7714,#952);
#588=LINE('',#7721,#953);
#589=LINE('',#7730,#954);
#590=LINE('',#7735,#955);
#591=LINE('',#7737,#956);
#592=LINE('',#7739,#957);
#593=LINE('',#7741,#958);
#594=LINE('',#7743,#959);
#595=LINE('',#7745,#960);
#596=LINE('',#7747,#961);
#597=LINE('',#7749,#962);
#598=LINE('',#7751,#963);
#599=LINE('',#7758,#964);
#600=LINE('',#7760,#965);
#601=LINE('',#7766,#966);
#602=LINE('',#7768,#967);
#603=LINE('',#7774,#968);
#604=LINE('',#7776,#969);
#605=LINE('',#7778,#970);
#606=LINE('',#7780,#971);
#607=LINE('',#7782,#972);
#608=LINE('',#7784,#973);
#609=LINE('',#7786,#974);
#610=LINE('',#7788,#975);
#611=LINE('',#7790,#976);
#612=LINE('',#7792,#977);
#613=LINE('',#7794,#978);
#614=LINE('',#7796,#979);
#615=LINE('',#7798,#980);
#616=LINE('',#7799,#981);
#617=LINE('',#7801,#982);
#618=LINE('',#7803,#983);
#619=LINE('',#7805,#984);
#620=LINE('',#7807,#985);
#621=LINE('',#7809,#986);
#622=LINE('',#7811,#987);
#623=LINE('',#7813,#988);
#624=LINE('',#7815,#989);
#625=LINE('',#7817,#990);
#626=LINE('',#7819,#991);
#627=LINE('',#7827,#992);
#628=LINE('',#7831,#993);
#629=LINE('',#7835,#994);
#630=LINE('',#7837,#995);
#631=LINE('',#7842,#996);
#632=LINE('',#7844,#997);
#633=LINE('',#7848,#998);
#634=LINE('',#7850,#999);
#635=LINE('',#7852,#1000);
#636=LINE('',#7854,#1001);
#637=LINE('',#7856,#1002);
#638=LINE('',#7857,#1003);
#639=LINE('',#7859,#1004);
#640=LINE('',#7861,#1005);
#641=LINE('',#7862,#1006);
#642=LINE('',#7864,#1007);
#643=LINE('',#7866,#1008);
#644=LINE('',#7868,#1009);
#645=LINE('',#7873,#1010);
#646=LINE('',#7876,#1011);
#647=LINE('',#7878,#1012);
#648=LINE('',#7880,#1013);
#649=LINE('',#7881,#1014);
#650=LINE('',#7883,#1015);
#651=LINE('',#7884,#1016);
#652=LINE('',#7886,#1017);
#653=LINE('',#7888,#1018);
#654=LINE('',#7890,#1019);
#655=LINE('',#7892,#1020);
#656=LINE('',#7894,#1021);
#657=LINE('',#7899,#1022);
#658=LINE('',#7901,#1023);
#659=LINE('',#7903,#1024);
#660=LINE('',#7905,#1025);
#661=LINE('',#7907,#1026);
#662=LINE('',#7909,#1027);
#663=LINE('',#7911,#1028);
#664=LINE('',#7913,#1029);
#665=LINE('',#7915,#1030);
#666=LINE('',#7917,#1031);
#667=VECTOR('',#5006,1.);
#668=VECTOR('',#5007,1.);
#669=VECTOR('',#5008,1.);
#670=VECTOR('',#5009,1.);
#671=VECTOR('',#5012,1.);
#672=VECTOR('',#5017,1.);
#673=VECTOR('',#5018,1.);
#674=VECTOR('',#5027,1.);
#675=VECTOR('',#5032,1.);
#676=VECTOR('',#5035,1.);
#677=VECTOR('',#5038,1.);
#678=VECTOR('',#5041,1.);
#679=VECTOR('',#5044,1.);
#680=VECTOR('',#5045,1.);
#681=VECTOR('',#5046,1.);
#682=VECTOR('',#5047,1.);
#683=VECTOR('',#5048,1.);
#684=VECTOR('',#5051,1.);
#685=VECTOR('',#5054,1.);
#686=VECTOR('',#5055,1.);
#687=VECTOR('',#5056,1.);
#688=VECTOR('',#5057,1.);
#689=VECTOR('',#5058,1.);
#690=VECTOR('',#5059,1.);
#691=VECTOR('',#5060,1.);
#692=VECTOR('',#5061,1.);
#693=VECTOR('',#5062,1.);
#694=VECTOR('',#5063,1.);
#695=VECTOR('',#5066,1.);
#696=VECTOR('',#5067,1.);
#697=VECTOR('',#5068,1.);
#698=VECTOR('',#5069,1.);
#699=VECTOR('',#5072,1.);
#700=VECTOR('',#5073,1.);
#701=VECTOR('',#5074,1.);
#702=VECTOR('',#5075,1.);
#703=VECTOR('',#5078,1.);
#704=VECTOR('',#5079,1.);
#705=VECTOR('',#5080,1.);
#706=VECTOR('',#5081,1.);
#707=VECTOR('',#5082,1.);
#708=VECTOR('',#5083,1.);
#709=VECTOR('',#5084,1.);
#710=VECTOR('',#5085,1.);
#711=VECTOR('',#5106,1.);
#712=VECTOR('',#5115,1.);
#713=VECTOR('',#5116,1.);
#714=VECTOR('',#5117,1.);
#715=VECTOR('',#5118,1.);
#716=VECTOR('',#5121,1.);
#717=VECTOR('',#5122,1.);
#718=VECTOR('',#5123,1.);
#719=VECTOR('',#5124,1.);
#720=VECTOR('',#5129,1.);
#721=VECTOR('',#5130,1.);
#722=VECTOR('',#5131,1.);
#723=VECTOR('',#5132,1.);
#724=VECTOR('',#5133,1.);
#725=VECTOR('',#5138,1.);
#726=VECTOR('',#5139,1.);
#727=VECTOR('',#5140,1.);
#728=VECTOR('',#5141,1.);
#729=VECTOR('',#5142,1.);
#730=VECTOR('',#5145,1.);
#731=VECTOR('',#5146,1.);
#732=VECTOR('',#5147,1.);
#733=VECTOR('',#5148,1.);
#734=VECTOR('',#5151,1.);
#735=VECTOR('',#5152,1.);
#736=VECTOR('',#5153,1.);
#737=VECTOR('',#5154,1.);
#738=VECTOR('',#5159,1.);
#739=VECTOR('',#5160,1.);
#740=VECTOR('',#5161,1.);
#741=VECTOR('',#5162,1.);
#742=VECTOR('',#5165,1.);
#743=VECTOR('',#5166,1.);
#744=VECTOR('',#5167,1.);
#745=VECTOR('',#5168,1.);
#746=VECTOR('',#5169,1.);
#747=VECTOR('',#5170,1.);
#748=VECTOR('',#5171,1.);
#749=VECTOR('',#5172,1.);
#750=VECTOR('',#5173,1.);
#751=VECTOR('',#5176,1.);
#752=VECTOR('',#5177,1.);
#753=VECTOR('',#5178,1.);
#754=VECTOR('',#5179,1.);
#755=VECTOR('',#5182,1.);
#756=VECTOR('',#5187,1.);
#757=VECTOR('',#5188,1.);
#758=VECTOR('',#5191,1.);
#759=VECTOR('',#5194,1.);
#760=VECTOR('',#5195,1.);
#761=VECTOR('',#5196,1.);
#762=VECTOR('',#5197,1.);
#763=VECTOR('',#5198,1.);
#764=VECTOR('',#5205,1.);
#765=VECTOR('',#5206,1.);
#766=VECTOR('',#5207,1.);
#767=VECTOR('',#5208,1.);
#768=VECTOR('',#5209,1.);
#769=VECTOR('',#5210,1.);
#770=VECTOR('',#5211,1.);
#771=VECTOR('',#5212,1.);
#772=VECTOR('',#5213,1.);
#773=VECTOR('',#5214,1.);
#774=VECTOR('',#5215,1.);
#775=VECTOR('',#5216,1.);
#776=VECTOR('',#5217,1.);
#777=VECTOR('',#5290,1.);
#778=VECTOR('',#5293,1.);
#779=VECTOR('',#5302,1.);
#780=VECTOR('',#5303,1.);
#781=VECTOR('',#5304,1.);
#782=VECTOR('',#5305,1.);
#783=VECTOR('',#5310,1.);
#784=VECTOR('',#5311,1.);
#785=VECTOR('',#5314,1.);
#786=VECTOR('',#5315,1.);
#787=VECTOR('',#5316,1.);
#788=VECTOR('',#5317,1.);
#789=VECTOR('',#5318,1.);
#790=VECTOR('',#5319,1.);
#791=VECTOR('',#5320,1.);
#792=VECTOR('',#5321,1.);
#793=VECTOR('',#5324,1.);
#794=VECTOR('',#5325,1.);
#795=VECTOR('',#5326,1.);
#796=VECTOR('',#5327,1.);
#797=VECTOR('',#5332,1.);
#798=VECTOR('',#5335,1.);
#799=VECTOR('',#5346,1.);
#800=VECTOR('',#5347,1.);
#801=VECTOR('',#5348,1.);
#802=VECTOR('',#5349,1.);
#803=VECTOR('',#5354,1.);
#804=VECTOR('',#5355,1.);
#805=VECTOR('',#5356,1.);
#806=VECTOR('',#5357,1.);
#807=VECTOR('',#5362,1.);
#808=VECTOR('',#5365,1.);
#809=VECTOR('',#5366,1.);
#810=VECTOR('',#5371,1.);
#811=VECTOR('',#5376,1.);
#812=VECTOR('',#5377,1.);
#813=VECTOR('',#5436,1.);
#814=VECTOR('',#5529,1.);
#815=VECTOR('',#5534,1.);
#816=VECTOR('',#5535,1.);
#817=VECTOR('',#5540,1.);
#818=VECTOR('',#5541,1.);
#819=VECTOR('',#5544,1.);
#820=VECTOR('',#5547,1.);
#821=VECTOR('',#5550,1.);
#822=VECTOR('',#5553,1.);
#823=VECTOR('',#5554,1.);
#824=VECTOR('',#5557,1.);
#825=VECTOR('',#5558,1.);
#826=VECTOR('',#5561,1.);
#827=VECTOR('',#5562,1.);
#828=VECTOR('',#5567,1.);
#829=VECTOR('',#5568,1.);
#830=VECTOR('',#5571,1.);
#831=VECTOR('',#5574,1.);
#832=VECTOR('',#5583,1.);
#833=VECTOR('',#5586,1.);
#834=VECTOR('',#5681,1.);
#835=VECTOR('',#5682,1.);
#836=VECTOR('',#5685,1.);
#837=VECTOR('',#5686,1.);
#838=VECTOR('',#5689,1.);
#839=VECTOR('',#5692,1.);
#840=VECTOR('',#5697,1.);
#841=VECTOR('',#5702,1.);
#842=VECTOR('',#5703,1.);
#843=VECTOR('',#5704,1.);
#844=VECTOR('',#5705,1.);
#845=VECTOR('',#5708,1.);
#846=VECTOR('',#5709,1.);
#847=VECTOR('',#5710,1.);
#848=VECTOR('',#5711,1.);
#849=VECTOR('',#5714,1.);
#850=VECTOR('',#5783,1.);
#851=VECTOR('',#5788,1.);
#852=VECTOR('',#5789,1.);
#853=VECTOR('',#5794,1.);
#854=VECTOR('',#5795,1.);
#855=VECTOR('',#5800,1.);
#856=VECTOR('',#5801,1.);
#857=VECTOR('',#5802,1.);
#858=VECTOR('',#5803,1.);
#859=VECTOR('',#5806,1.);
#860=VECTOR('',#5807,1.);
#861=VECTOR('',#5808,1.);
#862=VECTOR('',#5809,1.);
#863=VECTOR('',#5810,1.);
#864=VECTOR('',#5811,1.);
#865=VECTOR('',#5812,1.);
#866=VECTOR('',#5815,1.);
#867=VECTOR('',#5816,1.);
#868=VECTOR('',#5817,1.);
#869=VECTOR('',#5826,1.);
#870=VECTOR('',#5827,1.);
#871=VECTOR('',#5828,1.);
#872=VECTOR('',#5829,1.);
#873=VECTOR('',#5838,1.);
#874=VECTOR('',#5841,1.);
#875=VECTOR('',#5844,1.);
#876=VECTOR('',#5849,1.);
#877=VECTOR('',#5850,1.);
#878=VECTOR('',#5851,1.);
#879=VECTOR('',#5852,1.);
#880=VECTOR('',#5857,1.);
#881=VECTOR('',#5858,1.);
#882=VECTOR('',#5859,1.);
#883=VECTOR('',#5860,1.);
#884=VECTOR('',#5863,1.);
#885=VECTOR('',#5864,1.);
#886=VECTOR('',#5865,1.);
#887=VECTOR('',#5868,1.);
#888=VECTOR('',#5869,1.);
#889=VECTOR('',#5870,1.);
#890=VECTOR('',#5873,1.);
#891=VECTOR('',#5874,1.);
#892=VECTOR('',#5875,1.);
#893=VECTOR('',#5878,1.);
#894=VECTOR('',#5879,1.);
#895=VECTOR('',#5880,1.);
#896=VECTOR('',#5883,1.);
#897=VECTOR('',#5884,1.);
#898=VECTOR('',#5903,1.);
#899=VECTOR('',#5904,1.);
#900=VECTOR('',#5907,1.);
#901=VECTOR('',#5922,1.);
#902=VECTOR('',#5923,1.);
#903=VECTOR('',#5924,1.);
#904=VECTOR('',#5925,1.);
#905=VECTOR('',#5928,1.);
#906=VECTOR('',#5929,1.);
#907=VECTOR('',#5930,1.);
#908=VECTOR('',#5933,1.);
#909=VECTOR('',#5934,1.);
#910=VECTOR('',#5935,1.);
#911=VECTOR('',#5938,1.);
#912=VECTOR('',#5939,1.);
#913=VECTOR('',#5940,1.);
#914=VECTOR('',#5943,1.);
#915=VECTOR('',#5944,1.);
#916=VECTOR('',#5945,1.);
#917=VECTOR('',#5948,1.);
#918=VECTOR('',#5949,1.);
#919=VECTOR('',#5968,1.);
#920=VECTOR('',#5969,1.);
#921=VECTOR('',#5970,1.);
#922=VECTOR('',#5973,1.);
#923=VECTOR('',#5976,1.);
#924=VECTOR('',#5991,1.);
#925=VECTOR('',#5992,1.);
#926=VECTOR('',#5993,1.);
#927=VECTOR('',#5994,1.);
#928=VECTOR('',#5997,1.);
#929=VECTOR('',#5998,1.);
#930=VECTOR('',#5999,1.);
#931=VECTOR('',#6002,1.);
#932=VECTOR('',#6003,1.);
#933=VECTOR('',#6004,1.);
#934=VECTOR('',#6007,1.);
#935=VECTOR('',#6008,1.);
#936=VECTOR('',#6009,1.);
#937=VECTOR('',#6012,1.);
#938=VECTOR('',#6013,1.);
#939=VECTOR('',#6014,1.);
#940=VECTOR('',#6017,1.);
#941=VECTOR('',#6018,1.);
#942=VECTOR('',#6037,1.);
#943=VECTOR('',#6038,1.);
#944=VECTOR('',#6039,1.);
#945=VECTOR('',#6042,1.);
#946=VECTOR('',#6043,1.);
#947=VECTOR('',#6044,1.);
#948=VECTOR('',#6049,1.);
#949=VECTOR('',#6050,1.);
#950=VECTOR('',#6051,1.);
#951=VECTOR('',#6052,1.);
#952=VECTOR('',#6053,1.);
#953=VECTOR('',#6064,1.);
#954=VECTOR('',#6081,1.);
#955=VECTOR('',#6088,1.);
#956=VECTOR('',#6089,1.);
#957=VECTOR('',#6092,1.);
#958=VECTOR('',#6093,1.);
#959=VECTOR('',#6096,1.);
#960=VECTOR('',#6097,1.);
#961=VECTOR('',#6100,1.);
#962=VECTOR('',#6101,1.);
#963=VECTOR('',#6104,1.);
#964=VECTOR('',#6115,1.);
#965=VECTOR('',#6116,1.);
#966=VECTOR('',#6121,1.);
#967=VECTOR('',#6124,1.);
#968=VECTOR('',#6129,1.);
#969=VECTOR('',#6130,1.);
#970=VECTOR('',#6133,1.);
#971=VECTOR('',#6134,1.);
#972=VECTOR('',#6137,1.);
#973=VECTOR('',#6138,1.);
#974=VECTOR('',#6141,1.);
#975=VECTOR('',#6142,1.);
#976=VECTOR('',#6145,1.);
#977=VECTOR('',#6146,1.);
#978=VECTOR('',#6149,1.);
#979=VECTOR('',#6152,1.);
#980=VECTOR('',#6153,1.);
#981=VECTOR('',#6154,1.);
#982=VECTOR('',#6155,1.);
#983=VECTOR('',#6158,1.);
#984=VECTOR('',#6159,1.);
#985=VECTOR('',#6162,1.);
#986=VECTOR('',#6165,1.);
#987=VECTOR('',#6168,1.);
#988=VECTOR('',#6169,1.);
#989=VECTOR('',#6172,1.);
#990=VECTOR('',#6175,1.);
#991=VECTOR('',#6178,1.);
#992=VECTOR('',#6187,1.);
#993=VECTOR('',#6190,1.);
#994=VECTOR('',#6193,1.);
#995=VECTOR('',#6194,1.);
#996=VECTOR('',#6199,1.);
#997=VECTOR('',#6200,1.);
#998=VECTOR('',#6205,1.);
#999=VECTOR('',#6206,1.);
#1000=VECTOR('',#6209,1.);
#1001=VECTOR('',#6210,1.);
#1002=VECTOR('',#6213,1.);
#1003=VECTOR('',#6214,1.);
#1004=VECTOR('',#6215,1.);
#1005=VECTOR('',#6218,1.);
#1006=VECTOR('',#6219,1.);
#1007=VECTOR('',#6220,1.);
#1008=VECTOR('',#6223,1.);
#1009=VECTOR('',#6226,1.);
#1010=VECTOR('',#6231,1.);
#1011=VECTOR('',#6234,1.);
#1012=VECTOR('',#6235,1.);
#1013=VECTOR('',#6238,1.);
#1014=VECTOR('',#6239,1.);
#1015=VECTOR('',#6242,1.);
#1016=VECTOR('',#6243,1.);
#1017=VECTOR('',#6246,1.);
#1018=VECTOR('',#6247,1.);
#1019=VECTOR('',#6248,1.);
#1020=VECTOR('',#6249,1.);
#1021=VECTOR('',#6250,1.);
#1022=VECTOR('',#6257,1.);
#1023=VECTOR('',#6260,1.);
#1024=VECTOR('',#6261,1.);
#1025=VECTOR('',#6264,1.);
#1026=VECTOR('',#6265,1.);
#1027=VECTOR('',#6268,1.);
#1028=VECTOR('',#6269,1.);
#1029=VECTOR('',#6272,1.);
#1030=VECTOR('',#6273,1.);
#1031=VECTOR('',#6276,1.);
#1032=ORIENTED_EDGE('',*,*,#2242,.F.);
#1033=ORIENTED_EDGE('',*,*,#2243,.T.);
#1034=ORIENTED_EDGE('',*,*,#2244,.F.);
#1035=ORIENTED_EDGE('',*,*,#2245,.F.);
#1036=ORIENTED_EDGE('',*,*,#2246,.T.);
#1037=ORIENTED_EDGE('',*,*,#2247,.T.);
#1038=ORIENTED_EDGE('',*,*,#2248,.T.);
#1039=ORIENTED_EDGE('',*,*,#2249,.T.);
#1040=ORIENTED_EDGE('',*,*,#2250,.F.);
#1041=ORIENTED_EDGE('',*,*,#2251,.T.);
#1042=ORIENTED_EDGE('',*,*,#2252,.F.);
#1043=ORIENTED_EDGE('',*,*,#2243,.F.);
#1044=ORIENTED_EDGE('',*,*,#2253,.F.);
#1045=ORIENTED_EDGE('',*,*,#2249,.F.);
#1046=ORIENTED_EDGE('',*,*,#2254,.T.);
#1047=ORIENTED_EDGE('',*,*,#2255,.T.);
#1048=ORIENTED_EDGE('',*,*,#2256,.T.);
#1049=ORIENTED_EDGE('',*,*,#2257,.T.);
#1050=ORIENTED_EDGE('',*,*,#2258,.T.);
#1051=ORIENTED_EDGE('',*,*,#2259,.T.);
#1052=ORIENTED_EDGE('',*,*,#2260,.T.);
#1053=ORIENTED_EDGE('',*,*,#2261,.T.);
#1054=ORIENTED_EDGE('',*,*,#2262,.T.);
#1055=ORIENTED_EDGE('',*,*,#2263,.F.);
#1056=ORIENTED_EDGE('',*,*,#2264,.T.);
#1057=ORIENTED_EDGE('',*,*,#2265,.T.);
#1058=ORIENTED_EDGE('',*,*,#2266,.T.);
#1059=ORIENTED_EDGE('',*,*,#2267,.T.);
#1060=ORIENTED_EDGE('',*,*,#2268,.F.);
#1061=ORIENTED_EDGE('',*,*,#2269,.F.);
#1062=ORIENTED_EDGE('',*,*,#2270,.T.);
#1063=ORIENTED_EDGE('',*,*,#2246,.F.);
#1064=ORIENTED_EDGE('',*,*,#2271,.F.);
#1065=ORIENTED_EDGE('',*,*,#2272,.T.);
#1066=ORIENTED_EDGE('',*,*,#2273,.T.);
#1067=ORIENTED_EDGE('',*,*,#2274,.F.);
#1068=ORIENTED_EDGE('',*,*,#2275,.F.);
#1069=ORIENTED_EDGE('',*,*,#2276,.T.);
#1070=ORIENTED_EDGE('',*,*,#2277,.F.);
#1071=ORIENTED_EDGE('',*,*,#2278,.T.);
#1072=ORIENTED_EDGE('',*,*,#2279,.F.);
#1073=ORIENTED_EDGE('',*,*,#2280,.T.);
#1074=ORIENTED_EDGE('',*,*,#2281,.T.);
#1075=ORIENTED_EDGE('',*,*,#2282,.F.);
#1076=ORIENTED_EDGE('',*,*,#2283,.T.);
#1077=ORIENTED_EDGE('',*,*,#2284,.T.);
#1078=ORIENTED_EDGE('',*,*,#2285,.T.);
#1079=ORIENTED_EDGE('',*,*,#2286,.F.);
#1080=ORIENTED_EDGE('',*,*,#2287,.T.);
#1081=ORIENTED_EDGE('',*,*,#2288,.T.);
#1082=ORIENTED_EDGE('',*,*,#2289,.T.);
#1083=ORIENTED_EDGE('',*,*,#2290,.F.);
#1084=ORIENTED_EDGE('',*,*,#2291,.T.);
#1085=ORIENTED_EDGE('',*,*,#2292,.T.);
#1086=ORIENTED_EDGE('',*,*,#2293,.T.);
#1087=ORIENTED_EDGE('',*,*,#2294,.F.);
#1088=ORIENTED_EDGE('',*,*,#2295,.T.);
#1089=ORIENTED_EDGE('',*,*,#2296,.T.);
#1090=ORIENTED_EDGE('',*,*,#2297,.T.);
#1091=ORIENTED_EDGE('',*,*,#2298,.F.);
#1092=ORIENTED_EDGE('',*,*,#2299,.T.);
#1093=ORIENTED_EDGE('',*,*,#2300,.T.);
#1094=ORIENTED_EDGE('',*,*,#2301,.F.);
#1095=ORIENTED_EDGE('',*,*,#2287,.F.);
#1096=ORIENTED_EDGE('',*,*,#2302,.T.);
#1097=ORIENTED_EDGE('',*,*,#2300,.F.);
#1098=ORIENTED_EDGE('',*,*,#2303,.F.);
#1099=ORIENTED_EDGE('',*,*,#2295,.F.);
#1100=ORIENTED_EDGE('',*,*,#2304,.T.);
#1101=ORIENTED_EDGE('',*,*,#2305,.T.);
#1102=ORIENTED_EDGE('',*,*,#2293,.F.);
#1103=ORIENTED_EDGE('',*,*,#2306,.T.);
#1104=ORIENTED_EDGE('',*,*,#2307,.F.);
#1105=ORIENTED_EDGE('',*,*,#2289,.F.);
#1106=ORIENTED_EDGE('',*,*,#2308,.F.);
#1107=ORIENTED_EDGE('',*,*,#2309,.F.);
#1108=ORIENTED_EDGE('',*,*,#2310,.T.);
#1109=ORIENTED_EDGE('',*,*,#2311,.T.);
#1110=ORIENTED_EDGE('',*,*,#2291,.F.);
#1111=ORIENTED_EDGE('',*,*,#2312,.F.);
#1112=ORIENTED_EDGE('',*,*,#2313,.T.);
#1113=ORIENTED_EDGE('',*,*,#2314,.T.);
#1114=ORIENTED_EDGE('',*,*,#2315,.T.);
#1115=ORIENTED_EDGE('',*,*,#2316,.F.);
#1116=ORIENTED_EDGE('',*,*,#2317,.F.);
#1117=ORIENTED_EDGE('',*,*,#2318,.F.);
#1118=ORIENTED_EDGE('',*,*,#2319,.T.);
#1119=ORIENTED_EDGE('',*,*,#2320,.T.);
#1120=ORIENTED_EDGE('',*,*,#2321,.T.);
#1121=ORIENTED_EDGE('',*,*,#2322,.F.);
#1122=ORIENTED_EDGE('',*,*,#2323,.F.);
#1123=ORIENTED_EDGE('',*,*,#2314,.F.);
#1124=ORIENTED_EDGE('',*,*,#2324,.F.);
#1125=ORIENTED_EDGE('',*,*,#2325,.F.);
#1126=ORIENTED_EDGE('',*,*,#2326,.F.);
#1127=ORIENTED_EDGE('',*,*,#2327,.F.);
#1128=ORIENTED_EDGE('',*,*,#2320,.F.);
#1129=ORIENTED_EDGE('',*,*,#2328,.T.);
#1130=ORIENTED_EDGE('',*,*,#2316,.T.);
#1131=ORIENTED_EDGE('',*,*,#2329,.T.);
#1132=ORIENTED_EDGE('',*,*,#2318,.T.);
#1133=ORIENTED_EDGE('',*,*,#2330,.T.);
#1134=ORIENTED_EDGE('',*,*,#2331,.T.);
#1135=ORIENTED_EDGE('',*,*,#2332,.T.);
#1136=ORIENTED_EDGE('',*,*,#2333,.T.);
#1137=ORIENTED_EDGE('',*,*,#2334,.F.);
#1138=ORIENTED_EDGE('',*,*,#2335,.F.);
#1139=ORIENTED_EDGE('',*,*,#2336,.F.);
#1140=ORIENTED_EDGE('',*,*,#2337,.T.);
#1141=ORIENTED_EDGE('',*,*,#2338,.F.);
#1142=ORIENTED_EDGE('',*,*,#2339,.F.);
#1143=ORIENTED_EDGE('',*,*,#2340,.T.);
#1144=ORIENTED_EDGE('',*,*,#2341,.T.);
#1145=ORIENTED_EDGE('',*,*,#2342,.T.);
#1146=ORIENTED_EDGE('',*,*,#2335,.T.);
#1147=ORIENTED_EDGE('',*,*,#2343,.T.);
#1148=ORIENTED_EDGE('',*,*,#2338,.T.);
#1149=ORIENTED_EDGE('',*,*,#2344,.T.);
#1150=ORIENTED_EDGE('',*,*,#2345,.T.);
#1151=ORIENTED_EDGE('',*,*,#2346,.T.);
#1152=ORIENTED_EDGE('',*,*,#2347,.T.);
#1153=ORIENTED_EDGE('',*,*,#2348,.T.);
#1154=ORIENTED_EDGE('',*,*,#2349,.T.);
#1155=ORIENTED_EDGE('',*,*,#2350,.F.);
#1156=ORIENTED_EDGE('',*,*,#2351,.T.);
#1157=ORIENTED_EDGE('',*,*,#2352,.T.);
#1158=ORIENTED_EDGE('',*,*,#2353,.F.);
#1159=ORIENTED_EDGE('',*,*,#2354,.T.);
#1160=ORIENTED_EDGE('',*,*,#2343,.F.);
#1161=ORIENTED_EDGE('',*,*,#2334,.T.);
#1162=ORIENTED_EDGE('',*,*,#2355,.F.);
#1163=ORIENTED_EDGE('',*,*,#2339,.T.);
#1164=ORIENTED_EDGE('',*,*,#2356,.T.);
#1165=ORIENTED_EDGE('',*,*,#2357,.T.);
#1166=ORIENTED_EDGE('',*,*,#2358,.T.);
#1167=ORIENTED_EDGE('',*,*,#2359,.F.);
#1168=ORIENTED_EDGE('',*,*,#2360,.F.);
#1169=ORIENTED_EDGE('',*,*,#2361,.T.);
#1170=ORIENTED_EDGE('',*,*,#2362,.T.);
#1171=ORIENTED_EDGE('',*,*,#2363,.F.);
#1172=ORIENTED_EDGE('',*,*,#2356,.F.);
#1173=ORIENTED_EDGE('',*,*,#2364,.T.);
#1174=ORIENTED_EDGE('',*,*,#2365,.T.);
#1175=ORIENTED_EDGE('',*,*,#2366,.T.);
#1176=ORIENTED_EDGE('',*,*,#2367,.T.);
#1177=ORIENTED_EDGE('',*,*,#2368,.T.);
#1178=ORIENTED_EDGE('',*,*,#2369,.T.);
#1179=ORIENTED_EDGE('',*,*,#2370,.F.);
#1180=ORIENTED_EDGE('',*,*,#2371,.T.);
#1181=ORIENTED_EDGE('',*,*,#2372,.T.);
#1182=ORIENTED_EDGE('',*,*,#2373,.F.);
#1183=ORIENTED_EDGE('',*,*,#2374,.F.);
#1184=ORIENTED_EDGE('',*,*,#2375,.F.);
#1185=ORIENTED_EDGE('',*,*,#2376,.F.);
#1186=ORIENTED_EDGE('',*,*,#2377,.T.);
#1187=ORIENTED_EDGE('',*,*,#2378,.T.);
#1188=ORIENTED_EDGE('',*,*,#2379,.T.);
#1189=ORIENTED_EDGE('',*,*,#2380,.T.);
#1190=ORIENTED_EDGE('',*,*,#2381,.F.);
#1191=ORIENTED_EDGE('',*,*,#2382,.T.);
#1192=ORIENTED_EDGE('',*,*,#2383,.T.);
#1193=ORIENTED_EDGE('',*,*,#2384,.T.);
#1194=ORIENTED_EDGE('',*,*,#2385,.T.);
#1195=ORIENTED_EDGE('',*,*,#2386,.T.);
#1196=ORIENTED_EDGE('',*,*,#2387,.T.);
#1197=ORIENTED_EDGE('',*,*,#2388,.T.);
#1198=ORIENTED_EDGE('',*,*,#2389,.T.);
#1199=ORIENTED_EDGE('',*,*,#2390,.T.);
#1200=ORIENTED_EDGE('',*,*,#2391,.T.);
#1201=ORIENTED_EDGE('',*,*,#2392,.T.);
#1202=ORIENTED_EDGE('',*,*,#2393,.T.);
#1203=ORIENTED_EDGE('',*,*,#2394,.T.);
#1204=ORIENTED_EDGE('',*,*,#2395,.T.);
#1205=ORIENTED_EDGE('',*,*,#2396,.T.);
#1206=ORIENTED_EDGE('',*,*,#2397,.T.);
#1207=ORIENTED_EDGE('',*,*,#2398,.T.);
#1208=ORIENTED_EDGE('',*,*,#2399,.T.);
#1209=ORIENTED_EDGE('',*,*,#2400,.T.);
#1210=ORIENTED_EDGE('',*,*,#2401,.T.);
#1211=ORIENTED_EDGE('',*,*,#2402,.T.);
#1212=ORIENTED_EDGE('',*,*,#2403,.T.);
#1213=ORIENTED_EDGE('',*,*,#2404,.T.);
#1214=ORIENTED_EDGE('',*,*,#2405,.T.);
#1215=ORIENTED_EDGE('',*,*,#2406,.T.);
#1216=ORIENTED_EDGE('',*,*,#2407,.T.);
#1217=ORIENTED_EDGE('',*,*,#2408,.T.);
#1218=ORIENTED_EDGE('',*,*,#2409,.T.);
#1219=ORIENTED_EDGE('',*,*,#2410,.T.);
#1220=ORIENTED_EDGE('',*,*,#2411,.T.);
#1221=ORIENTED_EDGE('',*,*,#2412,.T.);
#1222=ORIENTED_EDGE('',*,*,#2413,.T.);
#1223=ORIENTED_EDGE('',*,*,#2414,.T.);
#1224=ORIENTED_EDGE('',*,*,#2415,.T.);
#1225=ORIENTED_EDGE('',*,*,#2416,.T.);
#1226=ORIENTED_EDGE('',*,*,#2417,.T.);
#1227=ORIENTED_EDGE('',*,*,#2365,.F.);
#1228=ORIENTED_EDGE('',*,*,#2418,.T.);
#1229=ORIENTED_EDGE('',*,*,#2419,.F.);
#1230=ORIENTED_EDGE('',*,*,#2420,.T.);
#1231=ORIENTED_EDGE('',*,*,#2367,.F.);
#1232=ORIENTED_EDGE('',*,*,#2421,.T.);
#1233=ORIENTED_EDGE('',*,*,#2422,.F.);
#1234=ORIENTED_EDGE('',*,*,#2423,.T.);
#1235=ORIENTED_EDGE('',*,*,#2422,.T.);
#1236=ORIENTED_EDGE('',*,*,#2424,.T.);
#1237=ORIENTED_EDGE('',*,*,#2419,.T.);
#1238=ORIENTED_EDGE('',*,*,#2425,.T.);
#1239=ORIENTED_EDGE('',*,*,#2426,.F.);
#1240=ORIENTED_EDGE('',*,*,#2427,.F.);
#1241=ORIENTED_EDGE('',*,*,#2428,.F.);
#1242=ORIENTED_EDGE('',*,*,#2429,.F.);
#1243=ORIENTED_EDGE('',*,*,#2430,.F.);
#1244=ORIENTED_EDGE('',*,*,#2358,.F.);
#1245=ORIENTED_EDGE('',*,*,#2431,.F.);
#1246=ORIENTED_EDGE('',*,*,#2432,.F.);
#1247=ORIENTED_EDGE('',*,*,#2433,.T.);
#1248=ORIENTED_EDGE('',*,*,#2434,.T.);
#1249=ORIENTED_EDGE('',*,*,#2435,.F.);
#1250=ORIENTED_EDGE('',*,*,#2436,.T.);
#1251=ORIENTED_EDGE('',*,*,#2437,.T.);
#1252=ORIENTED_EDGE('',*,*,#2309,.T.);
#1253=ORIENTED_EDGE('',*,*,#2438,.F.);
#1254=ORIENTED_EDGE('',*,*,#2439,.F.);
#1255=ORIENTED_EDGE('',*,*,#2440,.F.);
#1256=ORIENTED_EDGE('',*,*,#2441,.T.);
#1257=ORIENTED_EDGE('',*,*,#2266,.F.);
#1258=ORIENTED_EDGE('',*,*,#2442,.T.);
#1259=ORIENTED_EDGE('',*,*,#2443,.F.);
#1260=ORIENTED_EDGE('',*,*,#2444,.F.);
#1261=ORIENTED_EDGE('',*,*,#2445,.T.);
#1262=ORIENTED_EDGE('',*,*,#2446,.F.);
#1263=ORIENTED_EDGE('',*,*,#2447,.T.);
#1264=ORIENTED_EDGE('',*,*,#2448,.F.);
#1265=ORIENTED_EDGE('',*,*,#2449,.T.);
#1266=ORIENTED_EDGE('',*,*,#2269,.T.);
#1267=ORIENTED_EDGE('',*,*,#2450,.T.);
#1268=ORIENTED_EDGE('',*,*,#2451,.T.);
#1269=ORIENTED_EDGE('',*,*,#2452,.T.);
#1270=ORIENTED_EDGE('',*,*,#2268,.T.);
#1271=ORIENTED_EDGE('',*,*,#2453,.T.);
#1272=ORIENTED_EDGE('',*,*,#2454,.F.);
#1273=ORIENTED_EDGE('',*,*,#2450,.F.);
#1274=ORIENTED_EDGE('',*,*,#2455,.T.);
#1275=ORIENTED_EDGE('',*,*,#2456,.T.);
#1276=ORIENTED_EDGE('',*,*,#2457,.T.);
#1277=ORIENTED_EDGE('',*,*,#2452,.F.);
#1278=ORIENTED_EDGE('',*,*,#2458,.F.);
#1279=ORIENTED_EDGE('',*,*,#2459,.T.);
#1280=ORIENTED_EDGE('',*,*,#2460,.T.);
#1281=ORIENTED_EDGE('',*,*,#2461,.F.);
#1282=ORIENTED_EDGE('',*,*,#2462,.F.);
#1283=ORIENTED_EDGE('',*,*,#2463,.F.);
#1284=ORIENTED_EDGE('',*,*,#2464,.F.);
#1285=ORIENTED_EDGE('',*,*,#2465,.T.);
#1286=ORIENTED_EDGE('',*,*,#2466,.T.);
#1287=ORIENTED_EDGE('',*,*,#2467,.T.);
#1288=ORIENTED_EDGE('',*,*,#2468,.T.);
#1289=ORIENTED_EDGE('',*,*,#2469,.T.);
#1290=ORIENTED_EDGE('',*,*,#2470,.F.);
#1291=ORIENTED_EDGE('',*,*,#2471,.T.);
#1292=ORIENTED_EDGE('',*,*,#2472,.F.);
#1293=ORIENTED_EDGE('',*,*,#2473,.T.);
#1294=ORIENTED_EDGE('',*,*,#2474,.F.);
#1295=ORIENTED_EDGE('',*,*,#2475,.F.);
#1296=ORIENTED_EDGE('',*,*,#2476,.T.);
#1297=ORIENTED_EDGE('',*,*,#2477,.T.);
#1298=ORIENTED_EDGE('',*,*,#2478,.T.);
#1299=ORIENTED_EDGE('',*,*,#2479,.F.);
#1300=ORIENTED_EDGE('',*,*,#2480,.T.);
#1301=ORIENTED_EDGE('',*,*,#2481,.T.);
#1302=ORIENTED_EDGE('',*,*,#2482,.T.);
#1303=ORIENTED_EDGE('',*,*,#2483,.T.);
#1304=ORIENTED_EDGE('',*,*,#2484,.T.);
#1305=ORIENTED_EDGE('',*,*,#2485,.F.);
#1306=ORIENTED_EDGE('',*,*,#2392,.F.);
#1307=ORIENTED_EDGE('',*,*,#2486,.F.);
#1308=ORIENTED_EDGE('',*,*,#2393,.F.);
#1309=ORIENTED_EDGE('',*,*,#2487,.F.);
#1310=ORIENTED_EDGE('',*,*,#2391,.F.);
#1311=ORIENTED_EDGE('',*,*,#2488,.F.);
#1312=ORIENTED_EDGE('',*,*,#2394,.F.);
#1313=ORIENTED_EDGE('',*,*,#2489,.F.);
#1314=ORIENTED_EDGE('',*,*,#2400,.F.);
#1315=ORIENTED_EDGE('',*,*,#2490,.F.);
#1316=ORIENTED_EDGE('',*,*,#2399,.F.);
#1317=ORIENTED_EDGE('',*,*,#2491,.F.);
#1318=ORIENTED_EDGE('',*,*,#2398,.F.);
#1319=ORIENTED_EDGE('',*,*,#2492,.F.);
#1320=ORIENTED_EDGE('',*,*,#2401,.F.);
#1321=ORIENTED_EDGE('',*,*,#2493,.F.);
#1322=ORIENTED_EDGE('',*,*,#2397,.F.);
#1323=ORIENTED_EDGE('',*,*,#2494,.F.);
#1324=ORIENTED_EDGE('',*,*,#2402,.F.);
#1325=ORIENTED_EDGE('',*,*,#2495,.F.);
#1326=ORIENTED_EDGE('',*,*,#2396,.F.);
#1327=ORIENTED_EDGE('',*,*,#2496,.F.);
#1328=ORIENTED_EDGE('',*,*,#2403,.F.);
#1329=ORIENTED_EDGE('',*,*,#2497,.F.);
#1330=ORIENTED_EDGE('',*,*,#2395,.F.);
#1331=ORIENTED_EDGE('',*,*,#2498,.F.);
#1332=ORIENTED_EDGE('',*,*,#2404,.F.);
#1333=ORIENTED_EDGE('',*,*,#2434,.F.);
#1334=ORIENTED_EDGE('',*,*,#2499,.T.);
#1335=ORIENTED_EDGE('',*,*,#2376,.T.);
#1336=ORIENTED_EDGE('',*,*,#2500,.T.);
#1337=ORIENTED_EDGE('',*,*,#2501,.F.);
#1338=ORIENTED_EDGE('',*,*,#2410,.F.);
#1339=ORIENTED_EDGE('',*,*,#2502,.F.);
#1340=ORIENTED_EDGE('',*,*,#2409,.F.);
#1341=ORIENTED_EDGE('',*,*,#2503,.F.);
#1342=ORIENTED_EDGE('',*,*,#2408,.F.);
#1343=ORIENTED_EDGE('',*,*,#2504,.F.);
#1344=ORIENTED_EDGE('',*,*,#2411,.F.);
#1345=ORIENTED_EDGE('',*,*,#2505,.F.);
#1346=ORIENTED_EDGE('',*,*,#2407,.F.);
#1347=ORIENTED_EDGE('',*,*,#2506,.F.);
#1348=ORIENTED_EDGE('',*,*,#2412,.F.);
#1349=ORIENTED_EDGE('',*,*,#2507,.F.);
#1350=ORIENTED_EDGE('',*,*,#2406,.F.);
#1351=ORIENTED_EDGE('',*,*,#2508,.F.);
#1352=ORIENTED_EDGE('',*,*,#2413,.F.);
#1353=ORIENTED_EDGE('',*,*,#2509,.F.);
#1354=ORIENTED_EDGE('',*,*,#2405,.F.);
#1355=ORIENTED_EDGE('',*,*,#2510,.F.);
#1356=ORIENTED_EDGE('',*,*,#2414,.F.);
#1357=ORIENTED_EDGE('',*,*,#2510,.T.);
#1358=ORIENTED_EDGE('',*,*,#2509,.T.);
#1359=ORIENTED_EDGE('',*,*,#2508,.T.);
#1360=ORIENTED_EDGE('',*,*,#2507,.T.);
#1361=ORIENTED_EDGE('',*,*,#2506,.T.);
#1362=ORIENTED_EDGE('',*,*,#2505,.T.);
#1363=ORIENTED_EDGE('',*,*,#2504,.T.);
#1364=ORIENTED_EDGE('',*,*,#2503,.T.);
#1365=ORIENTED_EDGE('',*,*,#2502,.T.);
#1366=ORIENTED_EDGE('',*,*,#2501,.T.);
#1367=ORIENTED_EDGE('',*,*,#2498,.T.);
#1368=ORIENTED_EDGE('',*,*,#2497,.T.);
#1369=ORIENTED_EDGE('',*,*,#2496,.T.);
#1370=ORIENTED_EDGE('',*,*,#2495,.T.);
#1371=ORIENTED_EDGE('',*,*,#2494,.T.);
#1372=ORIENTED_EDGE('',*,*,#2493,.T.);
#1373=ORIENTED_EDGE('',*,*,#2492,.T.);
#1374=ORIENTED_EDGE('',*,*,#2491,.T.);
#1375=ORIENTED_EDGE('',*,*,#2490,.T.);
#1376=ORIENTED_EDGE('',*,*,#2489,.T.);
#1377=ORIENTED_EDGE('',*,*,#2488,.T.);
#1378=ORIENTED_EDGE('',*,*,#2487,.T.);
#1379=ORIENTED_EDGE('',*,*,#2486,.T.);
#1380=ORIENTED_EDGE('',*,*,#2485,.T.);
#1381=ORIENTED_EDGE('',*,*,#2511,.T.);
#1382=ORIENTED_EDGE('',*,*,#2512,.T.);
#1383=ORIENTED_EDGE('',*,*,#2513,.T.);
#1384=ORIENTED_EDGE('',*,*,#2514,.F.);
#1385=ORIENTED_EDGE('',*,*,#2515,.T.);
#1386=ORIENTED_EDGE('',*,*,#2516,.T.);
#1387=ORIENTED_EDGE('',*,*,#2517,.T.);
#1388=ORIENTED_EDGE('',*,*,#2518,.T.);
#1389=ORIENTED_EDGE('',*,*,#2519,.T.);
#1390=ORIENTED_EDGE('',*,*,#2461,.T.);
#1391=ORIENTED_EDGE('',*,*,#2520,.T.);
#1392=ORIENTED_EDGE('',*,*,#2521,.T.);
#1393=ORIENTED_EDGE('',*,*,#2477,.F.);
#1394=ORIENTED_EDGE('',*,*,#2522,.F.);
#1395=ORIENTED_EDGE('',*,*,#2484,.F.);
#1396=ORIENTED_EDGE('',*,*,#2523,.F.);
#1397=ORIENTED_EDGE('',*,*,#2462,.T.);
#1398=ORIENTED_EDGE('',*,*,#2522,.T.);
#1399=ORIENTED_EDGE('',*,*,#2483,.F.);
#1400=ORIENTED_EDGE('',*,*,#2524,.T.);
#1401=ORIENTED_EDGE('',*,*,#2463,.T.);
#1402=ORIENTED_EDGE('',*,*,#2523,.T.);
#1403=ORIENTED_EDGE('',*,*,#2525,.T.);
#1404=ORIENTED_EDGE('',*,*,#2526,.T.);
#1405=ORIENTED_EDGE('',*,*,#2527,.T.);
#1406=ORIENTED_EDGE('',*,*,#2512,.F.);
#1407=ORIENTED_EDGE('',*,*,#2528,.F.);
#1408=ORIENTED_EDGE('',*,*,#2519,.F.);
#1409=ORIENTED_EDGE('',*,*,#2529,.F.);
#1410=ORIENTED_EDGE('',*,*,#2530,.T.);
#1411=ORIENTED_EDGE('',*,*,#2528,.T.);
#1412=ORIENTED_EDGE('',*,*,#2518,.F.);
#1413=ORIENTED_EDGE('',*,*,#2531,.T.);
#1414=ORIENTED_EDGE('',*,*,#2532,.T.);
#1415=ORIENTED_EDGE('',*,*,#2529,.T.);
#1416=ORIENTED_EDGE('',*,*,#2467,.F.);
#1417=ORIENTED_EDGE('',*,*,#2533,.T.);
#1418=ORIENTED_EDGE('',*,*,#2534,.T.);
#1419=ORIENTED_EDGE('',*,*,#2470,.T.);
#1420=ORIENTED_EDGE('',*,*,#2535,.F.);
#1421=ORIENTED_EDGE('',*,*,#2475,.T.);
#1422=ORIENTED_EDGE('',*,*,#2536,.F.);
#1423=ORIENTED_EDGE('',*,*,#2468,.F.);
#1424=ORIENTED_EDGE('',*,*,#2535,.T.);
#1425=ORIENTED_EDGE('',*,*,#2537,.T.);
#1426=ORIENTED_EDGE('',*,*,#2538,.T.);
#1427=ORIENTED_EDGE('',*,*,#2539,.T.);
#1428=ORIENTED_EDGE('',*,*,#2465,.F.);
#1429=ORIENTED_EDGE('',*,*,#2536,.T.);
#1430=ORIENTED_EDGE('',*,*,#2474,.T.);
#1431=ORIENTED_EDGE('',*,*,#2540,.F.);
#1432=ORIENTED_EDGE('',*,*,#2541,.T.);
#1433=ORIENTED_EDGE('',*,*,#2542,.T.);
#1434=ORIENTED_EDGE('',*,*,#2525,.F.);
#1435=ORIENTED_EDGE('',*,*,#2530,.F.);
#1436=ORIENTED_EDGE('',*,*,#2532,.F.);
#1437=ORIENTED_EDGE('',*,*,#2375,.T.);
#1438=ORIENTED_EDGE('',*,*,#2543,.T.);
#1439=ORIENTED_EDGE('',*,*,#2435,.T.);
#1440=ORIENTED_EDGE('',*,*,#2500,.F.);
#1441=ORIENTED_EDGE('',*,*,#2544,.T.);
#1442=ORIENTED_EDGE('',*,*,#2545,.T.);
#1443=ORIENTED_EDGE('',*,*,#2436,.F.);
#1444=ORIENTED_EDGE('',*,*,#2543,.F.);
#1445=ORIENTED_EDGE('',*,*,#2374,.T.);
#1446=ORIENTED_EDGE('',*,*,#2546,.T.);
#1447=ORIENTED_EDGE('',*,*,#2547,.T.);
#1448=ORIENTED_EDGE('',*,*,#2544,.F.);
#1449=ORIENTED_EDGE('',*,*,#2373,.T.);
#1450=ORIENTED_EDGE('',*,*,#2263,.T.);
#1451=ORIENTED_EDGE('',*,*,#2548,.T.);
#1452=ORIENTED_EDGE('',*,*,#2549,.F.);
#1453=ORIENTED_EDGE('',*,*,#2390,.F.);
#1454=ORIENTED_EDGE('',*,*,#2550,.T.);
#1455=ORIENTED_EDGE('',*,*,#2516,.F.);
#1456=ORIENTED_EDGE('',*,*,#2515,.F.);
#1457=ORIENTED_EDGE('',*,*,#2514,.T.);
#1458=ORIENTED_EDGE('',*,*,#2551,.T.);
#1459=ORIENTED_EDGE('',*,*,#2386,.F.);
#1460=ORIENTED_EDGE('',*,*,#2552,.T.);
#1461=ORIENTED_EDGE('',*,*,#2481,.F.);
#1462=ORIENTED_EDGE('',*,*,#2480,.F.);
#1463=ORIENTED_EDGE('',*,*,#2479,.T.);
#1464=ORIENTED_EDGE('',*,*,#2553,.T.);
#1465=ORIENTED_EDGE('',*,*,#2382,.F.);
#1466=ORIENTED_EDGE('',*,*,#2554,.T.);
#1467=ORIENTED_EDGE('',*,*,#2537,.F.);
#1468=ORIENTED_EDGE('',*,*,#2473,.F.);
#1469=ORIENTED_EDGE('',*,*,#2472,.T.);
#1470=ORIENTED_EDGE('',*,*,#2555,.T.);
#1471=ORIENTED_EDGE('',*,*,#2378,.F.);
#1472=ORIENTED_EDGE('',*,*,#2377,.F.);
#1473=ORIENTED_EDGE('',*,*,#2499,.F.);
#1474=ORIENTED_EDGE('',*,*,#2433,.F.);
#1475=ORIENTED_EDGE('',*,*,#2432,.T.);
#1476=ORIENTED_EDGE('',*,*,#2556,.T.);
#1477=ORIENTED_EDGE('',*,*,#2557,.T.);
#1478=ORIENTED_EDGE('',*,*,#2558,.T.);
#1479=ORIENTED_EDGE('',*,*,#2458,.T.);
#1480=ORIENTED_EDGE('',*,*,#2476,.F.);
#1481=ORIENTED_EDGE('',*,*,#2559,.T.);
#1482=ORIENTED_EDGE('',*,*,#2558,.F.);
#1483=ORIENTED_EDGE('',*,*,#2559,.F.);
#1484=ORIENTED_EDGE('',*,*,#2560,.T.);
#1485=ORIENTED_EDGE('',*,*,#2464,.T.);
#1486=ORIENTED_EDGE('',*,*,#2469,.F.);
#1487=ORIENTED_EDGE('',*,*,#2561,.T.);
#1488=ORIENTED_EDGE('',*,*,#2560,.F.);
#1489=ORIENTED_EDGE('',*,*,#2561,.F.);
#1490=ORIENTED_EDGE('',*,*,#2562,.T.);
#1491=ORIENTED_EDGE('',*,*,#2540,.T.);
#1492=ORIENTED_EDGE('',*,*,#2511,.F.);
#1493=ORIENTED_EDGE('',*,*,#2563,.T.);
#1494=ORIENTED_EDGE('',*,*,#2562,.F.);
#1495=ORIENTED_EDGE('',*,*,#2563,.F.);
#1496=ORIENTED_EDGE('',*,*,#2471,.F.);
#1497=ORIENTED_EDGE('',*,*,#2534,.F.);
#1498=ORIENTED_EDGE('',*,*,#2564,.T.);
#1499=ORIENTED_EDGE('',*,*,#2379,.F.);
#1500=ORIENTED_EDGE('',*,*,#2555,.F.);
#1501=ORIENTED_EDGE('',*,*,#2381,.T.);
#1502=ORIENTED_EDGE('',*,*,#2565,.T.);
#1503=ORIENTED_EDGE('',*,*,#2538,.F.);
#1504=ORIENTED_EDGE('',*,*,#2554,.F.);
#1505=ORIENTED_EDGE('',*,*,#2478,.F.);
#1506=ORIENTED_EDGE('',*,*,#2521,.F.);
#1507=ORIENTED_EDGE('',*,*,#2566,.T.);
#1508=ORIENTED_EDGE('',*,*,#2383,.F.);
#1509=ORIENTED_EDGE('',*,*,#2553,.F.);
#1510=ORIENTED_EDGE('',*,*,#2552,.F.);
#1511=ORIENTED_EDGE('',*,*,#2385,.F.);
#1512=ORIENTED_EDGE('',*,*,#2567,.T.);
#1513=ORIENTED_EDGE('',*,*,#2459,.F.);
#1514=ORIENTED_EDGE('',*,*,#2524,.F.);
#1515=ORIENTED_EDGE('',*,*,#2482,.F.);
#1516=ORIENTED_EDGE('',*,*,#2513,.F.);
#1517=ORIENTED_EDGE('',*,*,#2527,.F.);
#1518=ORIENTED_EDGE('',*,*,#2568,.T.);
#1519=ORIENTED_EDGE('',*,*,#2387,.F.);
#1520=ORIENTED_EDGE('',*,*,#2551,.F.);
#1521=ORIENTED_EDGE('',*,*,#2541,.F.);
#1522=ORIENTED_EDGE('',*,*,#2531,.F.);
#1523=ORIENTED_EDGE('',*,*,#2517,.F.);
#1524=ORIENTED_EDGE('',*,*,#2550,.F.);
#1525=ORIENTED_EDGE('',*,*,#2389,.F.);
#1526=ORIENTED_EDGE('',*,*,#2569,.T.);
#1527=ORIENTED_EDGE('',*,*,#2570,.T.);
#1528=ORIENTED_EDGE('',*,*,#2428,.T.);
#1529=ORIENTED_EDGE('',*,*,#2571,.F.);
#1530=ORIENTED_EDGE('',*,*,#2570,.F.);
#1531=ORIENTED_EDGE('',*,*,#2415,.F.);
#1532=ORIENTED_EDGE('',*,*,#2571,.T.);
#1533=ORIENTED_EDGE('',*,*,#2572,.T.);
#1534=ORIENTED_EDGE('',*,*,#2427,.T.);
#1535=ORIENTED_EDGE('',*,*,#2573,.F.);
#1536=ORIENTED_EDGE('',*,*,#2572,.F.);
#1537=ORIENTED_EDGE('',*,*,#2416,.F.);
#1538=ORIENTED_EDGE('',*,*,#2573,.T.);
#1539=ORIENTED_EDGE('',*,*,#2574,.T.);
#1540=ORIENTED_EDGE('',*,*,#2426,.T.);
#1541=ORIENTED_EDGE('',*,*,#2575,.F.);
#1542=ORIENTED_EDGE('',*,*,#2574,.F.);
#1543=ORIENTED_EDGE('',*,*,#2417,.F.);
#1544=ORIENTED_EDGE('',*,*,#2575,.T.);
#1545=ORIENTED_EDGE('',*,*,#2565,.F.);
#1546=ORIENTED_EDGE('',*,*,#2380,.F.);
#1547=ORIENTED_EDGE('',*,*,#2564,.F.);
#1548=ORIENTED_EDGE('',*,*,#2533,.F.);
#1549=ORIENTED_EDGE('',*,*,#2466,.F.);
#1550=ORIENTED_EDGE('',*,*,#2539,.F.);
#1551=ORIENTED_EDGE('',*,*,#2567,.F.);
#1552=ORIENTED_EDGE('',*,*,#2384,.F.);
#1553=ORIENTED_EDGE('',*,*,#2566,.F.);
#1554=ORIENTED_EDGE('',*,*,#2520,.F.);
#1555=ORIENTED_EDGE('',*,*,#2460,.F.);
#1556=ORIENTED_EDGE('',*,*,#2569,.F.);
#1557=ORIENTED_EDGE('',*,*,#2388,.F.);
#1558=ORIENTED_EDGE('',*,*,#2568,.F.);
#1559=ORIENTED_EDGE('',*,*,#2526,.F.);
#1560=ORIENTED_EDGE('',*,*,#2542,.F.);
#1561=ORIENTED_EDGE('',*,*,#2576,.T.);
#1562=ORIENTED_EDGE('',*,*,#2577,.T.);
#1563=ORIENTED_EDGE('',*,*,#2264,.F.);
#1564=ORIENTED_EDGE('',*,*,#2372,.F.);
#1565=ORIENTED_EDGE('',*,*,#2578,.F.);
#1566=ORIENTED_EDGE('',*,*,#2369,.F.);
#1567=ORIENTED_EDGE('',*,*,#2579,.F.);
#1568=ORIENTED_EDGE('',*,*,#2429,.T.);
#1569=ORIENTED_EDGE('',*,*,#2454,.T.);
#1570=ORIENTED_EDGE('',*,*,#2580,.T.);
#1571=ORIENTED_EDGE('',*,*,#2455,.F.);
#1572=ORIENTED_EDGE('',*,*,#2451,.F.);
#1573=ORIENTED_EDGE('',*,*,#2581,.T.);
#1574=ORIENTED_EDGE('',*,*,#2582,.T.);
#1575=ORIENTED_EDGE('',*,*,#2583,.T.);
#1576=ORIENTED_EDGE('',*,*,#2448,.T.);
#1577=ORIENTED_EDGE('',*,*,#2457,.F.);
#1578=ORIENTED_EDGE('',*,*,#2584,.T.);
#1579=ORIENTED_EDGE('',*,*,#2585,.F.);
#1580=ORIENTED_EDGE('',*,*,#2586,.T.);
#1581=ORIENTED_EDGE('',*,*,#2587,.F.);
#1582=ORIENTED_EDGE('',*,*,#2588,.T.);
#1583=ORIENTED_EDGE('',*,*,#2589,.F.);
#1584=ORIENTED_EDGE('',*,*,#2590,.T.);
#1585=ORIENTED_EDGE('',*,*,#2591,.F.);
#1586=ORIENTED_EDGE('',*,*,#2592,.T.);
#1587=ORIENTED_EDGE('',*,*,#2593,.F.);
#1588=ORIENTED_EDGE('',*,*,#2594,.T.);
#1589=ORIENTED_EDGE('',*,*,#2595,.F.);
#1590=ORIENTED_EDGE('',*,*,#2590,.F.);
#1591=ORIENTED_EDGE('',*,*,#2596,.F.);
#1592=ORIENTED_EDGE('',*,*,#2297,.F.);
#1593=ORIENTED_EDGE('',*,*,#2597,.T.);
#1594=ORIENTED_EDGE('',*,*,#2598,.F.);
#1595=ORIENTED_EDGE('',*,*,#2442,.F.);
#1596=ORIENTED_EDGE('',*,*,#2265,.F.);
#1597=ORIENTED_EDGE('',*,*,#2577,.F.);
#1598=ORIENTED_EDGE('',*,*,#2599,.F.);
#1599=ORIENTED_EDGE('',*,*,#2445,.F.);
#1600=ORIENTED_EDGE('',*,*,#2600,.F.);
#1601=ORIENTED_EDGE('',*,*,#2592,.F.);
#1602=ORIENTED_EDGE('',*,*,#2601,.F.);
#1603=ORIENTED_EDGE('',*,*,#2447,.F.);
#1604=ORIENTED_EDGE('',*,*,#2602,.F.);
#1605=ORIENTED_EDGE('',*,*,#2588,.F.);
#1606=ORIENTED_EDGE('',*,*,#2441,.F.);
#1607=ORIENTED_EDGE('',*,*,#2603,.F.);
#1608=ORIENTED_EDGE('',*,*,#2584,.F.);
#1609=ORIENTED_EDGE('',*,*,#2456,.F.);
#1610=ORIENTED_EDGE('',*,*,#2580,.F.);
#1611=ORIENTED_EDGE('',*,*,#2453,.F.);
#1612=ORIENTED_EDGE('',*,*,#2267,.F.);
#1613=ORIENTED_EDGE('',*,*,#2276,.F.);
#1614=ORIENTED_EDGE('',*,*,#2604,.T.);
#1615=ORIENTED_EDGE('',*,*,#2581,.F.);
#1616=ORIENTED_EDGE('',*,*,#2605,.F.);
#1617=ORIENTED_EDGE('',*,*,#2606,.F.);
#1618=ORIENTED_EDGE('',*,*,#2586,.F.);
#1619=ORIENTED_EDGE('',*,*,#2607,.F.);
#1620=ORIENTED_EDGE('',*,*,#2278,.F.);
#1621=ORIENTED_EDGE('',*,*,#2594,.F.);
#1622=ORIENTED_EDGE('',*,*,#2608,.T.);
#1623=ORIENTED_EDGE('',*,*,#2280,.F.);
#1624=ORIENTED_EDGE('',*,*,#2609,.F.);
#1625=ORIENTED_EDGE('',*,*,#2449,.F.);
#1626=ORIENTED_EDGE('',*,*,#2583,.F.);
#1627=ORIENTED_EDGE('',*,*,#2610,.F.);
#1628=ORIENTED_EDGE('',*,*,#2247,.F.);
#1629=ORIENTED_EDGE('',*,*,#2270,.F.);
#1630=ORIENTED_EDGE('',*,*,#2610,.T.);
#1631=ORIENTED_EDGE('',*,*,#2582,.F.);
#1632=ORIENTED_EDGE('',*,*,#2611,.F.);
#1633=ORIENTED_EDGE('',*,*,#2254,.F.);
#1634=ORIENTED_EDGE('',*,*,#2248,.F.);
#1635=ORIENTED_EDGE('',*,*,#2611,.T.);
#1636=ORIENTED_EDGE('',*,*,#2604,.F.);
#1637=ORIENTED_EDGE('',*,*,#2612,.F.);
#1638=ORIENTED_EDGE('',*,*,#2255,.F.);
#1639=ORIENTED_EDGE('',*,*,#2612,.T.);
#1640=ORIENTED_EDGE('',*,*,#2281,.F.);
#1641=ORIENTED_EDGE('',*,*,#2613,.F.);
#1642=ORIENTED_EDGE('',*,*,#2256,.F.);
#1643=ORIENTED_EDGE('',*,*,#2613,.T.);
#1644=ORIENTED_EDGE('',*,*,#2608,.F.);
#1645=ORIENTED_EDGE('',*,*,#2614,.F.);
#1646=ORIENTED_EDGE('',*,*,#2257,.F.);
#1647=ORIENTED_EDGE('',*,*,#2614,.T.);
#1648=ORIENTED_EDGE('',*,*,#2597,.F.);
#1649=ORIENTED_EDGE('',*,*,#2615,.F.);
#1650=ORIENTED_EDGE('',*,*,#2258,.F.);
#1651=ORIENTED_EDGE('',*,*,#2615,.T.);
#1652=ORIENTED_EDGE('',*,*,#2296,.F.);
#1653=ORIENTED_EDGE('',*,*,#2616,.F.);
#1654=ORIENTED_EDGE('',*,*,#2259,.F.);
#1655=ORIENTED_EDGE('',*,*,#2616,.T.);
#1656=ORIENTED_EDGE('',*,*,#2306,.F.);
#1657=ORIENTED_EDGE('',*,*,#2617,.F.);
#1658=ORIENTED_EDGE('',*,*,#2260,.F.);
#1659=ORIENTED_EDGE('',*,*,#2617,.T.);
#1660=ORIENTED_EDGE('',*,*,#2292,.F.);
#1661=ORIENTED_EDGE('',*,*,#2618,.F.);
#1662=ORIENTED_EDGE('',*,*,#2261,.F.);
#1663=ORIENTED_EDGE('',*,*,#2618,.T.);
#1664=ORIENTED_EDGE('',*,*,#2311,.F.);
#1665=ORIENTED_EDGE('',*,*,#2619,.F.);
#1666=ORIENTED_EDGE('',*,*,#2548,.F.);
#1667=ORIENTED_EDGE('',*,*,#2262,.F.);
#1668=ORIENTED_EDGE('',*,*,#2619,.T.);
#1669=ORIENTED_EDGE('',*,*,#2310,.F.);
#1670=ORIENTED_EDGE('',*,*,#2620,.F.);
#1671=ORIENTED_EDGE('',*,*,#2546,.F.);
#1672=ORIENTED_EDGE('',*,*,#2545,.F.);
#1673=ORIENTED_EDGE('',*,*,#2547,.F.);
#1674=ORIENTED_EDGE('',*,*,#2620,.T.);
#1675=ORIENTED_EDGE('',*,*,#2437,.F.);
#1676=ORIENTED_EDGE('',*,*,#2598,.T.);
#1677=ORIENTED_EDGE('',*,*,#2621,.F.);
#1678=ORIENTED_EDGE('',*,*,#2622,.F.);
#1679=ORIENTED_EDGE('',*,*,#2443,.T.);
#1680=ORIENTED_EDGE('',*,*,#2576,.F.);
#1681=ORIENTED_EDGE('',*,*,#2371,.F.);
#1682=ORIENTED_EDGE('',*,*,#2623,.F.);
#1683=ORIENTED_EDGE('',*,*,#2621,.T.);
#1684=ORIENTED_EDGE('',*,*,#2308,.T.);
#1685=ORIENTED_EDGE('',*,*,#2624,.F.);
#1686=ORIENTED_EDGE('',*,*,#2625,.F.);
#1687=ORIENTED_EDGE('',*,*,#2438,.T.);
#1688=ORIENTED_EDGE('',*,*,#2288,.F.);
#1689=ORIENTED_EDGE('',*,*,#2626,.F.);
#1690=ORIENTED_EDGE('',*,*,#2627,.F.);
#1691=ORIENTED_EDGE('',*,*,#2624,.T.);
#1692=ORIENTED_EDGE('',*,*,#2303,.T.);
#1693=ORIENTED_EDGE('',*,*,#2299,.F.);
#1694=ORIENTED_EDGE('',*,*,#2628,.F.);
#1695=ORIENTED_EDGE('',*,*,#2626,.T.);
#1696=ORIENTED_EDGE('',*,*,#2353,.T.);
#1697=ORIENTED_EDGE('',*,*,#2629,.F.);
#1698=ORIENTED_EDGE('',*,*,#2630,.F.);
#1699=ORIENTED_EDGE('',*,*,#2631,.F.);
#1700=ORIENTED_EDGE('',*,*,#2632,.T.);
#1701=ORIENTED_EDGE('',*,*,#2631,.T.);
#1702=ORIENTED_EDGE('',*,*,#2633,.F.);
#1703=ORIENTED_EDGE('',*,*,#2634,.F.);
#1704=ORIENTED_EDGE('',*,*,#2635,.T.);
#1705=ORIENTED_EDGE('',*,*,#2636,.T.);
#1706=ORIENTED_EDGE('',*,*,#2637,.F.);
#1707=ORIENTED_EDGE('',*,*,#2638,.F.);
#1708=ORIENTED_EDGE('',*,*,#2639,.F.);
#1709=ORIENTED_EDGE('',*,*,#2638,.T.);
#1710=ORIENTED_EDGE('',*,*,#2640,.T.);
#1711=ORIENTED_EDGE('',*,*,#2641,.T.);
#1712=ORIENTED_EDGE('',*,*,#2347,.F.);
#1713=ORIENTED_EDGE('',*,*,#2642,.T.);
#1714=ORIENTED_EDGE('',*,*,#2643,.T.);
#1715=ORIENTED_EDGE('',*,*,#2644,.T.);
#1716=ORIENTED_EDGE('',*,*,#2632,.F.);
#1717=ORIENTED_EDGE('',*,*,#2639,.T.);
#1718=ORIENTED_EDGE('',*,*,#2642,.F.);
#1719=ORIENTED_EDGE('',*,*,#2354,.F.);
#1720=ORIENTED_EDGE('',*,*,#2600,.T.);
#1721=ORIENTED_EDGE('',*,*,#2444,.T.);
#1722=ORIENTED_EDGE('',*,*,#2622,.T.);
#1723=ORIENTED_EDGE('',*,*,#2623,.T.);
#1724=ORIENTED_EDGE('',*,*,#2370,.T.);
#1725=ORIENTED_EDGE('',*,*,#2578,.T.);
#1726=ORIENTED_EDGE('',*,*,#2439,.T.);
#1727=ORIENTED_EDGE('',*,*,#2625,.T.);
#1728=ORIENTED_EDGE('',*,*,#2627,.T.);
#1729=ORIENTED_EDGE('',*,*,#2628,.T.);
#1730=ORIENTED_EDGE('',*,*,#2298,.T.);
#1731=ORIENTED_EDGE('',*,*,#2596,.T.);
#1732=ORIENTED_EDGE('',*,*,#2593,.T.);
#1733=ORIENTED_EDGE('',*,*,#2645,.F.);
#1734=ORIENTED_EDGE('',*,*,#2646,.T.);
#1735=ORIENTED_EDGE('',*,*,#2647,.T.);
#1736=ORIENTED_EDGE('',*,*,#2648,.T.);
#1737=ORIENTED_EDGE('',*,*,#2649,.T.);
#1738=ORIENTED_EDGE('',*,*,#2650,.T.);
#1739=ORIENTED_EDGE('',*,*,#2606,.T.);
#1740=ORIENTED_EDGE('',*,*,#2277,.T.);
#1741=ORIENTED_EDGE('',*,*,#2605,.T.);
#1742=ORIENTED_EDGE('',*,*,#2585,.T.);
#1743=ORIENTED_EDGE('',*,*,#2603,.T.);
#1744=ORIENTED_EDGE('',*,*,#2440,.T.);
#1745=ORIENTED_EDGE('',*,*,#2601,.T.);
#1746=ORIENTED_EDGE('',*,*,#2587,.T.);
#1747=ORIENTED_EDGE('',*,*,#2430,.T.);
#1748=ORIENTED_EDGE('',*,*,#2579,.T.);
#1749=ORIENTED_EDGE('',*,*,#2368,.F.);
#1750=ORIENTED_EDGE('',*,*,#2423,.F.);
#1751=ORIENTED_EDGE('',*,*,#2424,.F.);
#1752=ORIENTED_EDGE('',*,*,#2421,.F.);
#1753=ORIENTED_EDGE('',*,*,#2366,.F.);
#1754=ORIENTED_EDGE('',*,*,#2420,.F.);
#1755=ORIENTED_EDGE('',*,*,#2425,.F.);
#1756=ORIENTED_EDGE('',*,*,#2418,.F.);
#1757=ORIENTED_EDGE('',*,*,#2364,.F.);
#1758=ORIENTED_EDGE('',*,*,#2359,.T.);
#1759=ORIENTED_EDGE('',*,*,#2363,.T.);
#1760=ORIENTED_EDGE('',*,*,#2651,.T.);
#1761=ORIENTED_EDGE('',*,*,#2431,.T.);
#1762=ORIENTED_EDGE('',*,*,#2357,.F.);
#1763=ORIENTED_EDGE('',*,*,#2651,.F.);
#1764=ORIENTED_EDGE('',*,*,#2362,.F.);
#1765=ORIENTED_EDGE('',*,*,#2652,.F.);
#1766=ORIENTED_EDGE('',*,*,#2556,.F.);
#1767=ORIENTED_EDGE('',*,*,#2361,.F.);
#1768=ORIENTED_EDGE('',*,*,#2653,.T.);
#1769=ORIENTED_EDGE('',*,*,#2557,.F.);
#1770=ORIENTED_EDGE('',*,*,#2652,.T.);
#1771=ORIENTED_EDGE('',*,*,#2549,.T.);
#1772=ORIENTED_EDGE('',*,*,#2653,.F.);
#1773=ORIENTED_EDGE('',*,*,#2360,.T.);
#1774=ORIENTED_EDGE('',*,*,#2654,.F.);
#1775=ORIENTED_EDGE('',*,*,#2655,.T.);
#1776=ORIENTED_EDGE('',*,*,#2656,.T.);
#1777=ORIENTED_EDGE('',*,*,#2657,.T.);
#1778=ORIENTED_EDGE('',*,*,#2658,.T.);
#1779=ORIENTED_EDGE('',*,*,#2602,.T.);
#1780=ORIENTED_EDGE('',*,*,#2446,.T.);
#1781=ORIENTED_EDGE('',*,*,#2599,.T.);
#1782=ORIENTED_EDGE('',*,*,#2591,.T.);
#1783=ORIENTED_EDGE('',*,*,#2595,.T.);
#1784=ORIENTED_EDGE('',*,*,#2609,.T.);
#1785=ORIENTED_EDGE('',*,*,#2279,.T.);
#1786=ORIENTED_EDGE('',*,*,#2607,.T.);
#1787=ORIENTED_EDGE('',*,*,#2589,.T.);
#1788=ORIENTED_EDGE('',*,*,#2659,.F.);
#1789=ORIENTED_EDGE('',*,*,#2660,.F.);
#1790=ORIENTED_EDGE('',*,*,#2661,.T.);
#1791=ORIENTED_EDGE('',*,*,#2662,.T.);
#1792=ORIENTED_EDGE('',*,*,#2663,.F.);
#1793=ORIENTED_EDGE('',*,*,#2662,.F.);
#1794=ORIENTED_EDGE('',*,*,#2664,.T.);
#1795=ORIENTED_EDGE('',*,*,#2665,.T.);
#1796=ORIENTED_EDGE('',*,*,#2666,.F.);
#1797=ORIENTED_EDGE('',*,*,#2665,.F.);
#1798=ORIENTED_EDGE('',*,*,#2667,.T.);
#1799=ORIENTED_EDGE('',*,*,#2668,.T.);
#1800=ORIENTED_EDGE('',*,*,#2669,.F.);
#1801=ORIENTED_EDGE('',*,*,#2668,.F.);
#1802=ORIENTED_EDGE('',*,*,#2670,.T.);
#1803=ORIENTED_EDGE('',*,*,#2671,.T.);
#1804=ORIENTED_EDGE('',*,*,#2672,.F.);
#1805=ORIENTED_EDGE('',*,*,#2671,.F.);
#1806=ORIENTED_EDGE('',*,*,#2673,.T.);
#1807=ORIENTED_EDGE('',*,*,#2674,.T.);
#1808=ORIENTED_EDGE('',*,*,#2675,.F.);
#1809=ORIENTED_EDGE('',*,*,#2674,.F.);
#1810=ORIENTED_EDGE('',*,*,#2676,.T.);
#1811=ORIENTED_EDGE('',*,*,#2660,.T.);
#1812=ORIENTED_EDGE('',*,*,#2677,.F.);
#1813=ORIENTED_EDGE('',*,*,#2661,.F.);
#1814=ORIENTED_EDGE('',*,*,#2676,.F.);
#1815=ORIENTED_EDGE('',*,*,#2673,.F.);
#1816=ORIENTED_EDGE('',*,*,#2670,.F.);
#1817=ORIENTED_EDGE('',*,*,#2667,.F.);
#1818=ORIENTED_EDGE('',*,*,#2664,.F.);
#1819=ORIENTED_EDGE('',*,*,#2678,.T.);
#1820=ORIENTED_EDGE('',*,*,#2659,.T.);
#1821=ORIENTED_EDGE('',*,*,#2663,.T.);
#1822=ORIENTED_EDGE('',*,*,#2666,.T.);
#1823=ORIENTED_EDGE('',*,*,#2669,.T.);
#1824=ORIENTED_EDGE('',*,*,#2672,.T.);
#1825=ORIENTED_EDGE('',*,*,#2675,.T.);
#1826=ORIENTED_EDGE('',*,*,#2679,.F.);
#1827=ORIENTED_EDGE('',*,*,#2679,.T.);
#1828=ORIENTED_EDGE('',*,*,#2678,.F.);
#1829=ORIENTED_EDGE('',*,*,#2658,.F.);
#1830=ORIENTED_EDGE('',*,*,#2677,.T.);
#1831=ORIENTED_EDGE('',*,*,#2331,.F.);
#1832=ORIENTED_EDGE('',*,*,#2680,.F.);
#1833=ORIENTED_EDGE('',*,*,#2326,.T.);
#1834=ORIENTED_EDGE('',*,*,#2681,.T.);
#1835=ORIENTED_EDGE('',*,*,#2332,.F.);
#1836=ORIENTED_EDGE('',*,*,#2681,.F.);
#1837=ORIENTED_EDGE('',*,*,#2325,.T.);
#1838=ORIENTED_EDGE('',*,*,#2682,.T.);
#1839=ORIENTED_EDGE('',*,*,#2333,.F.);
#1840=ORIENTED_EDGE('',*,*,#2682,.F.);
#1841=ORIENTED_EDGE('',*,*,#2324,.T.);
#1842=ORIENTED_EDGE('',*,*,#2317,.T.);
#1843=ORIENTED_EDGE('',*,*,#2330,.F.);
#1844=ORIENTED_EDGE('',*,*,#2321,.F.);
#1845=ORIENTED_EDGE('',*,*,#2327,.T.);
#1846=ORIENTED_EDGE('',*,*,#2680,.T.);
#1847=ORIENTED_EDGE('',*,*,#2683,.F.);
#1848=ORIENTED_EDGE('',*,*,#2683,.T.);
#1849=ORIENTED_EDGE('',*,*,#2328,.F.);
#1850=ORIENTED_EDGE('',*,*,#2650,.F.);
#1851=ORIENTED_EDGE('',*,*,#2322,.T.);
#1852=ORIENTED_EDGE('',*,*,#2684,.F.);
#1853=ORIENTED_EDGE('',*,*,#2685,.F.);
#1854=ORIENTED_EDGE('',*,*,#2686,.T.);
#1855=ORIENTED_EDGE('',*,*,#2687,.T.);
#1856=ORIENTED_EDGE('',*,*,#2688,.F.);
#1857=ORIENTED_EDGE('',*,*,#2687,.F.);
#1858=ORIENTED_EDGE('',*,*,#2689,.T.);
#1859=ORIENTED_EDGE('',*,*,#2690,.T.);
#1860=ORIENTED_EDGE('',*,*,#2691,.F.);
#1861=ORIENTED_EDGE('',*,*,#2690,.F.);
#1862=ORIENTED_EDGE('',*,*,#2692,.T.);
#1863=ORIENTED_EDGE('',*,*,#2693,.T.);
#1864=ORIENTED_EDGE('',*,*,#2694,.F.);
#1865=ORIENTED_EDGE('',*,*,#2693,.F.);
#1866=ORIENTED_EDGE('',*,*,#2695,.T.);
#1867=ORIENTED_EDGE('',*,*,#2696,.T.);
#1868=ORIENTED_EDGE('',*,*,#2697,.F.);
#1869=ORIENTED_EDGE('',*,*,#2696,.F.);
#1870=ORIENTED_EDGE('',*,*,#2698,.T.);
#1871=ORIENTED_EDGE('',*,*,#2699,.T.);
#1872=ORIENTED_EDGE('',*,*,#2700,.F.);
#1873=ORIENTED_EDGE('',*,*,#2699,.F.);
#1874=ORIENTED_EDGE('',*,*,#2701,.T.);
#1875=ORIENTED_EDGE('',*,*,#2685,.T.);
#1876=ORIENTED_EDGE('',*,*,#2702,.F.);
#1877=ORIENTED_EDGE('',*,*,#2686,.F.);
#1878=ORIENTED_EDGE('',*,*,#2701,.F.);
#1879=ORIENTED_EDGE('',*,*,#2698,.F.);
#1880=ORIENTED_EDGE('',*,*,#2695,.F.);
#1881=ORIENTED_EDGE('',*,*,#2692,.F.);
#1882=ORIENTED_EDGE('',*,*,#2689,.F.);
#1883=ORIENTED_EDGE('',*,*,#2703,.T.);
#1884=ORIENTED_EDGE('',*,*,#2684,.T.);
#1885=ORIENTED_EDGE('',*,*,#2688,.T.);
#1886=ORIENTED_EDGE('',*,*,#2691,.T.);
#1887=ORIENTED_EDGE('',*,*,#2694,.T.);
#1888=ORIENTED_EDGE('',*,*,#2697,.T.);
#1889=ORIENTED_EDGE('',*,*,#2700,.T.);
#1890=ORIENTED_EDGE('',*,*,#2649,.F.);
#1891=ORIENTED_EDGE('',*,*,#2702,.T.);
#1892=ORIENTED_EDGE('',*,*,#2704,.T.);
#1893=ORIENTED_EDGE('',*,*,#2703,.F.);
#1894=ORIENTED_EDGE('',*,*,#2704,.F.);
#1895=ORIENTED_EDGE('',*,*,#2345,.F.);
#1896=ORIENTED_EDGE('',*,*,#2705,.F.);
#1897=ORIENTED_EDGE('',*,*,#2706,.T.);
#1898=ORIENTED_EDGE('',*,*,#2707,.T.);
#1899=ORIENTED_EDGE('',*,*,#2346,.F.);
#1900=ORIENTED_EDGE('',*,*,#2707,.F.);
#1901=ORIENTED_EDGE('',*,*,#2708,.T.);
#1902=ORIENTED_EDGE('',*,*,#2336,.T.);
#1903=ORIENTED_EDGE('',*,*,#2344,.F.);
#1904=ORIENTED_EDGE('',*,*,#2341,.F.);
#1905=ORIENTED_EDGE('',*,*,#2709,.T.);
#1906=ORIENTED_EDGE('',*,*,#2705,.T.);
#1907=ORIENTED_EDGE('',*,*,#2355,.T.);
#1908=ORIENTED_EDGE('',*,*,#2337,.F.);
#1909=ORIENTED_EDGE('',*,*,#2708,.F.);
#1910=ORIENTED_EDGE('',*,*,#2706,.F.);
#1911=ORIENTED_EDGE('',*,*,#2709,.F.);
#1912=ORIENTED_EDGE('',*,*,#2340,.F.);
#1913=ORIENTED_EDGE('',*,*,#2710,.F.);
#1914=ORIENTED_EDGE('',*,*,#2711,.F.);
#1915=ORIENTED_EDGE('',*,*,#2711,.T.);
#1916=ORIENTED_EDGE('',*,*,#2342,.F.);
#1917=ORIENTED_EDGE('',*,*,#2644,.F.);
#1918=ORIENTED_EDGE('',*,*,#2710,.T.);
#1919=ORIENTED_EDGE('',*,*,#2712,.F.);
#1920=ORIENTED_EDGE('',*,*,#2713,.F.);
#1921=ORIENTED_EDGE('',*,*,#2714,.T.);
#1922=ORIENTED_EDGE('',*,*,#2715,.T.);
#1923=ORIENTED_EDGE('',*,*,#2716,.F.);
#1924=ORIENTED_EDGE('',*,*,#2715,.F.);
#1925=ORIENTED_EDGE('',*,*,#2717,.T.);
#1926=ORIENTED_EDGE('',*,*,#2718,.T.);
#1927=ORIENTED_EDGE('',*,*,#2719,.F.);
#1928=ORIENTED_EDGE('',*,*,#2718,.F.);
#1929=ORIENTED_EDGE('',*,*,#2720,.T.);
#1930=ORIENTED_EDGE('',*,*,#2721,.T.);
#1931=ORIENTED_EDGE('',*,*,#2722,.F.);
#1932=ORIENTED_EDGE('',*,*,#2721,.F.);
#1933=ORIENTED_EDGE('',*,*,#2723,.T.);
#1934=ORIENTED_EDGE('',*,*,#2724,.T.);
#1935=ORIENTED_EDGE('',*,*,#2725,.F.);
#1936=ORIENTED_EDGE('',*,*,#2724,.F.);
#1937=ORIENTED_EDGE('',*,*,#2726,.T.);
#1938=ORIENTED_EDGE('',*,*,#2727,.T.);
#1939=ORIENTED_EDGE('',*,*,#2728,.F.);
#1940=ORIENTED_EDGE('',*,*,#2727,.F.);
#1941=ORIENTED_EDGE('',*,*,#2729,.T.);
#1942=ORIENTED_EDGE('',*,*,#2713,.T.);
#1943=ORIENTED_EDGE('',*,*,#2730,.F.);
#1944=ORIENTED_EDGE('',*,*,#2714,.F.);
#1945=ORIENTED_EDGE('',*,*,#2729,.F.);
#1946=ORIENTED_EDGE('',*,*,#2726,.F.);
#1947=ORIENTED_EDGE('',*,*,#2723,.F.);
#1948=ORIENTED_EDGE('',*,*,#2720,.F.);
#1949=ORIENTED_EDGE('',*,*,#2717,.F.);
#1950=ORIENTED_EDGE('',*,*,#2731,.T.);
#1951=ORIENTED_EDGE('',*,*,#2712,.T.);
#1952=ORIENTED_EDGE('',*,*,#2716,.T.);
#1953=ORIENTED_EDGE('',*,*,#2719,.T.);
#1954=ORIENTED_EDGE('',*,*,#2722,.T.);
#1955=ORIENTED_EDGE('',*,*,#2725,.T.);
#1956=ORIENTED_EDGE('',*,*,#2728,.T.);
#1957=ORIENTED_EDGE('',*,*,#2732,.F.);
#1958=ORIENTED_EDGE('',*,*,#2732,.T.);
#1959=ORIENTED_EDGE('',*,*,#2731,.F.);
#1960=ORIENTED_EDGE('',*,*,#2643,.F.);
#1961=ORIENTED_EDGE('',*,*,#2730,.T.);
#1962=ORIENTED_EDGE('',*,*,#2294,.T.);
#1963=ORIENTED_EDGE('',*,*,#2733,.T.);
#1964=ORIENTED_EDGE('',*,*,#2734,.T.);
#1965=ORIENTED_EDGE('',*,*,#2735,.T.);
#1966=ORIENTED_EDGE('',*,*,#2304,.F.);
#1967=ORIENTED_EDGE('',*,*,#2736,.T.);
#1968=ORIENTED_EDGE('',*,*,#2737,.F.);
#1969=ORIENTED_EDGE('',*,*,#2738,.F.);
#1970=ORIENTED_EDGE('',*,*,#2313,.F.);
#1971=ORIENTED_EDGE('',*,*,#2301,.T.);
#1972=ORIENTED_EDGE('',*,*,#2302,.F.);
#1973=ORIENTED_EDGE('',*,*,#2286,.T.);
#1974=ORIENTED_EDGE('',*,*,#2307,.T.);
#1975=ORIENTED_EDGE('',*,*,#2738,.T.);
#1976=ORIENTED_EDGE('',*,*,#2739,.F.);
#1977=ORIENTED_EDGE('',*,*,#2740,.F.);
#1978=ORIENTED_EDGE('',*,*,#2741,.T.);
#1979=ORIENTED_EDGE('',*,*,#2742,.T.);
#1980=ORIENTED_EDGE('',*,*,#2743,.F.);
#1981=ORIENTED_EDGE('',*,*,#2744,.F.);
#1982=ORIENTED_EDGE('',*,*,#2745,.F.);
#1983=ORIENTED_EDGE('',*,*,#2733,.F.);
#1984=ORIENTED_EDGE('',*,*,#2746,.F.);
#1985=ORIENTED_EDGE('',*,*,#2747,.F.);
#1986=ORIENTED_EDGE('',*,*,#2636,.F.);
#1987=ORIENTED_EDGE('',*,*,#2748,.T.);
#1988=ORIENTED_EDGE('',*,*,#2734,.F.);
#1989=ORIENTED_EDGE('',*,*,#2745,.T.);
#1990=ORIENTED_EDGE('',*,*,#2749,.F.);
#1991=ORIENTED_EDGE('',*,*,#2349,.F.);
#1992=ORIENTED_EDGE('',*,*,#2750,.T.);
#1993=ORIENTED_EDGE('',*,*,#2629,.T.);
#1994=ORIENTED_EDGE('',*,*,#2352,.F.);
#1995=ORIENTED_EDGE('',*,*,#2751,.T.);
#1996=ORIENTED_EDGE('',*,*,#2633,.T.);
#1997=ORIENTED_EDGE('',*,*,#2630,.T.);
#1998=ORIENTED_EDGE('',*,*,#2747,.T.);
#1999=ORIENTED_EDGE('',*,*,#2640,.F.);
#2000=ORIENTED_EDGE('',*,*,#2637,.T.);
#2001=ORIENTED_EDGE('',*,*,#2641,.F.);
#2002=ORIENTED_EDGE('',*,*,#2746,.T.);
#2003=ORIENTED_EDGE('',*,*,#2348,.F.);
#2004=ORIENTED_EDGE('',*,*,#2739,.T.);
#2005=ORIENTED_EDGE('',*,*,#2737,.T.);
#2006=ORIENTED_EDGE('',*,*,#2752,.T.);
#2007=ORIENTED_EDGE('',*,*,#2634,.T.);
#2008=ORIENTED_EDGE('',*,*,#2751,.F.);
#2009=ORIENTED_EDGE('',*,*,#2750,.F.);
#2010=ORIENTED_EDGE('',*,*,#2351,.F.);
#2011=ORIENTED_EDGE('',*,*,#2753,.F.);
#2012=ORIENTED_EDGE('',*,*,#2754,.T.);
#2013=ORIENTED_EDGE('',*,*,#2735,.F.);
#2014=ORIENTED_EDGE('',*,*,#2748,.F.);
#2015=ORIENTED_EDGE('',*,*,#2635,.F.);
#2016=ORIENTED_EDGE('',*,*,#2752,.F.);
#2017=ORIENTED_EDGE('',*,*,#2736,.F.);
#2018=ORIENTED_EDGE('',*,*,#2312,.T.);
#2019=ORIENTED_EDGE('',*,*,#2290,.T.);
#2020=ORIENTED_EDGE('',*,*,#2305,.F.);
#2021=ORIENTED_EDGE('',*,*,#2749,.T.);
#2022=ORIENTED_EDGE('',*,*,#2744,.T.);
#2023=ORIENTED_EDGE('',*,*,#2755,.F.);
#2024=ORIENTED_EDGE('',*,*,#2756,.F.);
#2025=ORIENTED_EDGE('',*,*,#2753,.T.);
#2026=ORIENTED_EDGE('',*,*,#2757,.F.);
#2027=ORIENTED_EDGE('',*,*,#2758,.T.);
#2028=ORIENTED_EDGE('',*,*,#2740,.T.);
#2029=ORIENTED_EDGE('',*,*,#2743,.T.);
#2030=ORIENTED_EDGE('',*,*,#2759,.F.);
#2031=ORIENTED_EDGE('',*,*,#2760,.F.);
#2032=ORIENTED_EDGE('',*,*,#2755,.T.);
#2033=ORIENTED_EDGE('',*,*,#2741,.F.);
#2034=ORIENTED_EDGE('',*,*,#2758,.F.);
#2035=ORIENTED_EDGE('',*,*,#2761,.T.);
#2036=ORIENTED_EDGE('',*,*,#2762,.T.);
#2037=ORIENTED_EDGE('',*,*,#2742,.F.);
#2038=ORIENTED_EDGE('',*,*,#2762,.F.);
#2039=ORIENTED_EDGE('',*,*,#2763,.T.);
#2040=ORIENTED_EDGE('',*,*,#2759,.T.);
#2041=ORIENTED_EDGE('',*,*,#2760,.T.);
#2042=ORIENTED_EDGE('',*,*,#2763,.F.);
#2043=ORIENTED_EDGE('',*,*,#2761,.F.);
#2044=ORIENTED_EDGE('',*,*,#2757,.T.);
#2045=ORIENTED_EDGE('',*,*,#2350,.T.);
#2046=ORIENTED_EDGE('',*,*,#2756,.T.);
#2047=ORIENTED_EDGE('',*,*,#2764,.T.);
#2048=ORIENTED_EDGE('',*,*,#2754,.F.);
#2049=ORIENTED_EDGE('',*,*,#2764,.F.);
#2050=ORIENTED_EDGE('',*,*,#2274,.T.);
#2051=ORIENTED_EDGE('',*,*,#2765,.F.);
#2052=ORIENTED_EDGE('',*,*,#2766,.F.);
#2053=ORIENTED_EDGE('',*,*,#2767,.F.);
#2054=ORIENTED_EDGE('',*,*,#2768,.F.);
#2055=ORIENTED_EDGE('',*,*,#2769,.F.);
#2056=ORIENTED_EDGE('',*,*,#2250,.T.);
#2057=ORIENTED_EDGE('',*,*,#2242,.T.);
#2058=ORIENTED_EDGE('',*,*,#2253,.T.);
#2059=ORIENTED_EDGE('',*,*,#2770,.T.);
#2060=ORIENTED_EDGE('',*,*,#2771,.F.);
#2061=ORIENTED_EDGE('',*,*,#2772,.F.);
#2062=ORIENTED_EDGE('',*,*,#2773,.F.);
#2063=ORIENTED_EDGE('',*,*,#2774,.F.);
#2064=ORIENTED_EDGE('',*,*,#2775,.F.);
#2065=ORIENTED_EDGE('',*,*,#2776,.F.);
#2066=ORIENTED_EDGE('',*,*,#2765,.T.);
#2067=ORIENTED_EDGE('',*,*,#2273,.F.);
#2068=ORIENTED_EDGE('',*,*,#2774,.T.);
#2069=ORIENTED_EDGE('',*,*,#2777,.F.);
#2070=ORIENTED_EDGE('',*,*,#2778,.T.);
#2071=ORIENTED_EDGE('',*,*,#2251,.F.);
#2072=ORIENTED_EDGE('',*,*,#2779,.F.);
#2073=ORIENTED_EDGE('',*,*,#2780,.F.);
#2074=ORIENTED_EDGE('',*,*,#2775,.T.);
#2075=ORIENTED_EDGE('',*,*,#2272,.F.);
#2076=ORIENTED_EDGE('',*,*,#2244,.T.);
#2077=ORIENTED_EDGE('',*,*,#2252,.T.);
#2078=ORIENTED_EDGE('',*,*,#2778,.F.);
#2079=ORIENTED_EDGE('',*,*,#2781,.T.);
#2080=ORIENTED_EDGE('',*,*,#2782,.T.);
#2081=ORIENTED_EDGE('',*,*,#2245,.T.);
#2082=ORIENTED_EDGE('',*,*,#2782,.F.);
#2083=ORIENTED_EDGE('',*,*,#2783,.T.);
#2084=ORIENTED_EDGE('',*,*,#2779,.T.);
#2085=ORIENTED_EDGE('',*,*,#2271,.T.);
#2086=ORIENTED_EDGE('',*,*,#2323,.T.);
#2087=ORIENTED_EDGE('',*,*,#2319,.F.);
#2088=ORIENTED_EDGE('',*,*,#2329,.F.);
#2089=ORIENTED_EDGE('',*,*,#2315,.F.);
#2090=ORIENTED_EDGE('',*,*,#2275,.T.);
#2091=ORIENTED_EDGE('',*,*,#2769,.T.);
#2092=ORIENTED_EDGE('',*,*,#2784,.F.);
#2093=ORIENTED_EDGE('',*,*,#2785,.F.);
#2094=ORIENTED_EDGE('',*,*,#2648,.F.);
#2095=ORIENTED_EDGE('',*,*,#2786,.T.);
#2096=ORIENTED_EDGE('',*,*,#2787,.F.);
#2097=ORIENTED_EDGE('',*,*,#2770,.F.);
#2098=ORIENTED_EDGE('',*,*,#2772,.T.);
#2099=ORIENTED_EDGE('',*,*,#2788,.T.);
#2100=ORIENTED_EDGE('',*,*,#2789,.F.);
#2101=ORIENTED_EDGE('',*,*,#2771,.T.);
#2102=ORIENTED_EDGE('',*,*,#2787,.T.);
#2103=ORIENTED_EDGE('',*,*,#2790,.T.);
#2104=ORIENTED_EDGE('',*,*,#2768,.T.);
#2105=ORIENTED_EDGE('',*,*,#2791,.F.);
#2106=ORIENTED_EDGE('',*,*,#2784,.T.);
#2107=ORIENTED_EDGE('',*,*,#2645,.T.);
#2108=ORIENTED_EDGE('',*,*,#2785,.T.);
#2109=ORIENTED_EDGE('',*,*,#2791,.T.);
#2110=ORIENTED_EDGE('',*,*,#2792,.T.);
#2111=ORIENTED_EDGE('',*,*,#2793,.T.);
#2112=ORIENTED_EDGE('',*,*,#2794,.F.);
#2113=ORIENTED_EDGE('',*,*,#2788,.F.);
#2114=ORIENTED_EDGE('',*,*,#2790,.F.);
#2115=ORIENTED_EDGE('',*,*,#2786,.F.);
#2116=ORIENTED_EDGE('',*,*,#2647,.F.);
#2117=ORIENTED_EDGE('',*,*,#2792,.F.);
#2118=ORIENTED_EDGE('',*,*,#2767,.T.);
#2119=ORIENTED_EDGE('',*,*,#2795,.F.);
#2120=ORIENTED_EDGE('',*,*,#2793,.F.);
#2121=ORIENTED_EDGE('',*,*,#2795,.T.);
#2122=ORIENTED_EDGE('',*,*,#2766,.T.);
#2123=ORIENTED_EDGE('',*,*,#2796,.F.);
#2124=ORIENTED_EDGE('',*,*,#2773,.T.);
#2125=ORIENTED_EDGE('',*,*,#2789,.T.);
#2126=ORIENTED_EDGE('',*,*,#2794,.T.);
#2127=ORIENTED_EDGE('',*,*,#2646,.F.);
#2128=ORIENTED_EDGE('',*,*,#2780,.T.);
#2129=ORIENTED_EDGE('',*,*,#2783,.F.);
#2130=ORIENTED_EDGE('',*,*,#2781,.F.);
#2131=ORIENTED_EDGE('',*,*,#2777,.T.);
#2132=ORIENTED_EDGE('',*,*,#2796,.T.);
#2133=ORIENTED_EDGE('',*,*,#2776,.T.);
#2134=ORIENTED_EDGE('',*,*,#2797,.F.);
#2135=ORIENTED_EDGE('',*,*,#2798,.F.);
#2136=ORIENTED_EDGE('',*,*,#2799,.F.);
#2137=ORIENTED_EDGE('',*,*,#2800,.T.);
#2138=ORIENTED_EDGE('',*,*,#2801,.F.);
#2139=ORIENTED_EDGE('',*,*,#2802,.T.);
#2140=ORIENTED_EDGE('',*,*,#2803,.F.);
#2141=ORIENTED_EDGE('',*,*,#2804,.F.);
#2142=ORIENTED_EDGE('',*,*,#2805,.T.);
#2143=ORIENTED_EDGE('',*,*,#2806,.T.);
#2144=ORIENTED_EDGE('',*,*,#2807,.F.);
#2145=ORIENTED_EDGE('',*,*,#2808,.T.);
#2146=ORIENTED_EDGE('',*,*,#2809,.T.);
#2147=ORIENTED_EDGE('',*,*,#2810,.T.);
#2148=ORIENTED_EDGE('',*,*,#2798,.T.);
#2149=ORIENTED_EDGE('',*,*,#2811,.F.);
#2150=ORIENTED_EDGE('',*,*,#2812,.T.);
#2151=ORIENTED_EDGE('',*,*,#2654,.T.);
#2152=ORIENTED_EDGE('',*,*,#2813,.T.);
#2153=ORIENTED_EDGE('',*,*,#2811,.T.);
#2154=ORIENTED_EDGE('',*,*,#2814,.T.);
#2155=ORIENTED_EDGE('',*,*,#2815,.T.);
#2156=ORIENTED_EDGE('',*,*,#2816,.T.);
#2157=ORIENTED_EDGE('',*,*,#2809,.F.);
#2158=ORIENTED_EDGE('',*,*,#2817,.F.);
#2159=ORIENTED_EDGE('',*,*,#2818,.T.);
#2160=ORIENTED_EDGE('',*,*,#2799,.T.);
#2161=ORIENTED_EDGE('',*,*,#2812,.F.);
#2162=ORIENTED_EDGE('',*,*,#2813,.F.);
#2163=ORIENTED_EDGE('',*,*,#2657,.F.);
#2164=ORIENTED_EDGE('',*,*,#2819,.F.);
#2165=ORIENTED_EDGE('',*,*,#2806,.F.);
#2166=ORIENTED_EDGE('',*,*,#2810,.F.);
#2167=ORIENTED_EDGE('',*,*,#2816,.F.);
#2168=ORIENTED_EDGE('',*,*,#2656,.F.);
#2169=ORIENTED_EDGE('',*,*,#2814,.F.);
#2170=ORIENTED_EDGE('',*,*,#2797,.T.);
#2171=ORIENTED_EDGE('',*,*,#2820,.F.);
#2172=ORIENTED_EDGE('',*,*,#2821,.T.);
#2173=ORIENTED_EDGE('',*,*,#2822,.T.);
#2174=ORIENTED_EDGE('',*,*,#2823,.T.);
#2175=ORIENTED_EDGE('',*,*,#2817,.T.);
#2176=ORIENTED_EDGE('',*,*,#2808,.F.);
#2177=ORIENTED_EDGE('',*,*,#2805,.F.);
#2178=ORIENTED_EDGE('',*,*,#2824,.F.);
#2179=ORIENTED_EDGE('',*,*,#2825,.F.);
#2180=ORIENTED_EDGE('',*,*,#2826,.T.);
#2181=ORIENTED_EDGE('',*,*,#2801,.T.);
#2182=ORIENTED_EDGE('',*,*,#2827,.T.);
#2183=ORIENTED_EDGE('',*,*,#2284,.F.);
#2184=ORIENTED_EDGE('',*,*,#2282,.T.);
#2185=ORIENTED_EDGE('',*,*,#2828,.T.);
#2186=ORIENTED_EDGE('',*,*,#2822,.F.);
#2187=ORIENTED_EDGE('',*,*,#2829,.F.);
#2188=ORIENTED_EDGE('',*,*,#2829,.T.);
#2189=ORIENTED_EDGE('',*,*,#2821,.F.);
#2190=ORIENTED_EDGE('',*,*,#2830,.F.);
#2191=ORIENTED_EDGE('',*,*,#2831,.T.);
#2192=ORIENTED_EDGE('',*,*,#2832,.T.);
#2193=ORIENTED_EDGE('',*,*,#2833,.F.);
#2194=ORIENTED_EDGE('',*,*,#2834,.F.);
#2195=ORIENTED_EDGE('',*,*,#2802,.F.);
#2196=ORIENTED_EDGE('',*,*,#2826,.F.);
#2197=ORIENTED_EDGE('',*,*,#2283,.F.);
#2198=ORIENTED_EDGE('',*,*,#2835,.T.);
#2199=ORIENTED_EDGE('',*,*,#2827,.F.);
#2200=ORIENTED_EDGE('',*,*,#2800,.F.);
#2201=ORIENTED_EDGE('',*,*,#2818,.F.);
#2202=ORIENTED_EDGE('',*,*,#2823,.F.);
#2203=ORIENTED_EDGE('',*,*,#2828,.F.);
#2204=ORIENTED_EDGE('',*,*,#2285,.F.);
#2205=ORIENTED_EDGE('',*,*,#2815,.F.);
#2206=ORIENTED_EDGE('',*,*,#2820,.T.);
#2207=ORIENTED_EDGE('',*,*,#2804,.T.);
#2208=ORIENTED_EDGE('',*,*,#2836,.F.);
#2209=ORIENTED_EDGE('',*,*,#2824,.T.);
#2210=ORIENTED_EDGE('',*,*,#2807,.T.);
#2211=ORIENTED_EDGE('',*,*,#2819,.T.);
#2212=ORIENTED_EDGE('',*,*,#2655,.F.);
#2213=ORIENTED_EDGE('',*,*,#2803,.T.);
#2214=ORIENTED_EDGE('',*,*,#2834,.T.);
#2215=ORIENTED_EDGE('',*,*,#2837,.F.);
#2216=ORIENTED_EDGE('',*,*,#2838,.F.);
#2217=ORIENTED_EDGE('',*,*,#2825,.T.);
#2218=ORIENTED_EDGE('',*,*,#2839,.F.);
#2219=ORIENTED_EDGE('',*,*,#2840,.T.);
#2220=ORIENTED_EDGE('',*,*,#2830,.T.);
#2221=ORIENTED_EDGE('',*,*,#2833,.T.);
#2222=ORIENTED_EDGE('',*,*,#2841,.F.);
#2223=ORIENTED_EDGE('',*,*,#2842,.F.);
#2224=ORIENTED_EDGE('',*,*,#2837,.T.);
#2225=ORIENTED_EDGE('',*,*,#2831,.F.);
#2226=ORIENTED_EDGE('',*,*,#2840,.F.);
#2227=ORIENTED_EDGE('',*,*,#2843,.T.);
#2228=ORIENTED_EDGE('',*,*,#2844,.T.);
#2229=ORIENTED_EDGE('',*,*,#2832,.F.);
#2230=ORIENTED_EDGE('',*,*,#2844,.F.);
#2231=ORIENTED_EDGE('',*,*,#2845,.T.);
#2232=ORIENTED_EDGE('',*,*,#2841,.T.);
#2233=ORIENTED_EDGE('',*,*,#2842,.T.);
#2234=ORIENTED_EDGE('',*,*,#2845,.F.);
#2235=ORIENTED_EDGE('',*,*,#2843,.F.);
#2236=ORIENTED_EDGE('',*,*,#2839,.T.);
#2237=ORIENTED_EDGE('',*,*,#2836,.T.);
#2238=ORIENTED_EDGE('',*,*,#2838,.T.);
#2239=ORIENTED_EDGE('',*,*,#2846,.T.);
#2240=ORIENTED_EDGE('',*,*,#2835,.F.);
#2241=ORIENTED_EDGE('',*,*,#2846,.F.);
#2242=EDGE_CURVE('',#2847,#2848,#3276,.F.);
#2243=EDGE_CURVE('',#2847,#2849,#302,.T.);
#2244=EDGE_CURVE('',#2850,#2849,#303,.T.);
#2245=EDGE_CURVE('',#2851,#2850,#304,.T.);
#2246=EDGE_CURVE('',#2851,#2852,#305,.T.);
#2247=EDGE_CURVE('',#2852,#2853,#3277,.F.);
#2248=EDGE_CURVE('',#2853,#2854,#265,.T.);
#2249=EDGE_CURVE('',#2854,#2848,#306,.T.);
#2250=EDGE_CURVE('',#2855,#2847,#3278,.F.);
#2251=EDGE_CURVE('',#2855,#2856,#307,.T.);
#2252=EDGE_CURVE('',#2849,#2856,#308,.T.);
#2253=EDGE_CURVE('',#2848,#2857,#3279,.F.);
#2254=EDGE_CURVE('',#2854,#2858,#3280,.F.);
#2255=EDGE_CURVE('',#2858,#2859,#3281,.F.);
#2256=EDGE_CURVE('',#2859,#2860,#309,.F.);
#2257=EDGE_CURVE('',#2860,#2861,#3282,.T.);
#2258=EDGE_CURVE('',#2861,#2862,#3283,.F.);
#2259=EDGE_CURVE('',#2862,#2863,#310,.F.);
#2260=EDGE_CURVE('',#2863,#2864,#3284,.F.);
#2261=EDGE_CURVE('',#2864,#2865,#311,.T.);
#2262=EDGE_CURVE('',#2865,#2866,#3285,.T.);
#2263=EDGE_CURVE('',#2867,#2866,#266,.F.);
#2264=EDGE_CURVE('',#2867,#2868,#312,.T.);
#2265=EDGE_CURVE('',#2868,#2869,#3286,.F.);
#2266=EDGE_CURVE('',#2869,#2870,#313,.T.);
#2267=EDGE_CURVE('',#2870,#2871,#3287,.F.);
#2268=EDGE_CURVE('',#2872,#2871,#314,.T.);
#2269=EDGE_CURVE('',#2873,#2872,#315,.T.);
#2270=EDGE_CURVE('',#2873,#2852,#267,.T.);
#2271=EDGE_CURVE('',#2874,#2851,#316,.T.);
#2272=EDGE_CURVE('',#2874,#2875,#317,.T.);
#2273=EDGE_CURVE('',#2875,#2876,#318,.T.);
#2274=EDGE_CURVE('',#2877,#2876,#3288,.F.);
#2275=EDGE_CURVE('',#2857,#2877,#319,.T.);
#2276=EDGE_CURVE('',#2878,#2879,#320,.T.);
#2277=EDGE_CURVE('',#2880,#2879,#321,.T.);
#2278=EDGE_CURVE('',#2880,#2881,#322,.F.);
#2279=EDGE_CURVE('',#2882,#2881,#323,.T.);
#2280=EDGE_CURVE('',#2882,#2883,#324,.T.);
#2281=EDGE_CURVE('',#2883,#2878,#325,.T.);
#2282=EDGE_CURVE('',#2884,#2885,#326,.T.);
#2283=EDGE_CURVE('',#2884,#2886,#327,.T.);
#2284=EDGE_CURVE('',#2886,#2887,#328,.T.);
#2285=EDGE_CURVE('',#2887,#2885,#329,.T.);
#2286=EDGE_CURVE('',#2888,#2889,#330,.T.);
#2287=EDGE_CURVE('',#2888,#2890,#331,.F.);
#2288=EDGE_CURVE('',#2890,#2891,#332,.T.);
#2289=EDGE_CURVE('',#2891,#2889,#333,.T.);
#2290=EDGE_CURVE('',#2892,#2893,#334,.T.);
#2291=EDGE_CURVE('',#2892,#2894,#335,.T.);
#2292=EDGE_CURVE('',#2894,#2895,#336,.F.);
#2293=EDGE_CURVE('',#2895,#2893,#337,.F.);
#2294=EDGE_CURVE('',#2896,#2897,#338,.T.);
#2295=EDGE_CURVE('',#2896,#2898,#339,.T.);
#2296=EDGE_CURVE('',#2898,#2899,#340,.T.);
#2297=EDGE_CURVE('',#2899,#2900,#341,.T.);
#2298=EDGE_CURVE('',#2901,#2900,#342,.T.);
#2299=EDGE_CURVE('',#2901,#2902,#343,.T.);
#2300=EDGE_CURVE('',#2902,#2903,#344,.T.);
#2301=EDGE_CURVE('',#2897,#2903,#345,.T.);
#2302=EDGE_CURVE('',#2888,#2903,#3289,.F.);
#2303=EDGE_CURVE('',#2890,#2902,#3290,.F.);
#2304=EDGE_CURVE('',#2896,#2904,#3291,.F.);
#2305=EDGE_CURVE('',#2904,#2893,#3292,.F.);
#2306=EDGE_CURVE('',#2895,#2898,#3293,.F.);
#2307=EDGE_CURVE('',#2889,#2905,#3294,.F.);
#2308=EDGE_CURVE('',#2906,#2891,#3295,.T.);
#2309=EDGE_CURVE('',#2907,#2906,#346,.F.);
#2310=EDGE_CURVE('',#2907,#2908,#268,.T.);
#2311=EDGE_CURVE('',#2908,#2894,#3296,.T.);
#2312=EDGE_CURVE('',#2909,#2892,#3297,.F.);
#2313=EDGE_CURVE('',#2909,#2905,#3298,.F.);
#2314=EDGE_CURVE('',#2910,#2911,#347,.T.);
#2315=EDGE_CURVE('',#2911,#2912,#348,.T.);
#2316=EDGE_CURVE('',#2913,#2912,#349,.T.);
#2317=EDGE_CURVE('',#2910,#2913,#350,.T.);
#2318=EDGE_CURVE('',#2914,#2915,#351,.T.);
#2319=EDGE_CURVE('',#2914,#2916,#352,.T.);
#2320=EDGE_CURVE('',#2916,#2917,#353,.T.);
#2321=EDGE_CURVE('',#2917,#2915,#354,.T.);
#2322=EDGE_CURVE('',#2918,#2918,#25,.F.);
#2323=EDGE_CURVE('',#2911,#2916,#355,.T.);
#2324=EDGE_CURVE('',#2919,#2910,#356,.T.);
#2325=EDGE_CURVE('',#2920,#2919,#357,.T.);
#2326=EDGE_CURVE('',#2921,#2920,#358,.T.);
#2327=EDGE_CURVE('',#2917,#2921,#359,.T.);
#2328=EDGE_CURVE('',#2922,#2922,#26,.F.);
#2329=EDGE_CURVE('',#2912,#2914,#360,.T.);
#2330=EDGE_CURVE('',#2915,#2923,#361,.T.);
#2331=EDGE_CURVE('',#2923,#2924,#362,.T.);
#2332=EDGE_CURVE('',#2924,#2925,#363,.T.);
#2333=EDGE_CURVE('',#2925,#2913,#364,.T.);
#2334=EDGE_CURVE('',#2926,#2927,#365,.T.);
#2335=EDGE_CURVE('',#2928,#2926,#366,.T.);
#2336=EDGE_CURVE('',#2929,#2928,#367,.T.);
#2337=EDGE_CURVE('',#2929,#2927,#368,.T.);
#2338=EDGE_CURVE('',#2930,#2931,#369,.T.);
#2339=EDGE_CURVE('',#2932,#2930,#370,.T.);
#2340=EDGE_CURVE('',#2932,#2933,#371,.T.);
#2341=EDGE_CURVE('',#2933,#2931,#372,.T.);
#2342=EDGE_CURVE('',#2934,#2934,#27,.F.);
#2343=EDGE_CURVE('',#2926,#2930,#373,.T.);
#2344=EDGE_CURVE('',#2931,#2935,#374,.T.);
#2345=EDGE_CURVE('',#2935,#2936,#375,.T.);
#2346=EDGE_CURVE('',#2936,#2928,#376,.T.);
#2347=EDGE_CURVE('',#2937,#2938,#377,.T.);
#2348=EDGE_CURVE('',#2938,#2939,#378,.T.);
#2349=EDGE_CURVE('',#2939,#2940,#379,.F.);
#2350=EDGE_CURVE('',#2941,#2940,#380,.T.);
#2351=EDGE_CURVE('',#2941,#2942,#381,.T.);
#2352=EDGE_CURVE('',#2942,#2943,#382,.T.);
#2353=EDGE_CURVE('',#2944,#2943,#383,.T.);
#2354=EDGE_CURVE('',#2944,#2937,#384,.T.);
#2355=EDGE_CURVE('',#2932,#2927,#385,.T.);
#2356=EDGE_CURVE('',#2945,#2946,#386,.T.);
#2357=EDGE_CURVE('',#2946,#2947,#387,.T.);
#2358=EDGE_CURVE('',#2947,#2948,#388,.T.);
#2359=EDGE_CURVE('',#2945,#2948,#389,.T.);
#2360=EDGE_CURVE('',#2949,#2950,#390,.T.);
#2361=EDGE_CURVE('',#2949,#2951,#28,.F.);
#2362=EDGE_CURVE('',#2951,#2952,#29,.F.);
#2363=EDGE_CURVE('',#2946,#2952,#391,.T.);
#2364=EDGE_CURVE('',#2945,#2953,#392,.T.);
#2365=EDGE_CURVE('',#2953,#2954,#30,.T.);
#2366=EDGE_CURVE('',#2954,#2955,#393,.T.);
#2367=EDGE_CURVE('',#2955,#2956,#31,.T.);
#2368=EDGE_CURVE('',#2956,#2957,#394,.T.);
#2369=EDGE_CURVE('',#2957,#2958,#395,.T.);
#2370=EDGE_CURVE('',#2959,#2958,#396,.T.);
#2371=EDGE_CURVE('',#2959,#2960,#397,.T.);
#2372=EDGE_CURVE('',#2960,#2867,#398,.T.);
#2373=EDGE_CURVE('',#2961,#2867,#32,.T.);
#2374=EDGE_CURVE('',#2962,#2961,#33,.T.);
#2375=EDGE_CURVE('',#2963,#2962,#34,.F.);
#2376=EDGE_CURVE('',#2964,#2963,#399,.T.);
#2377=EDGE_CURVE('',#2964,#2965,#269,.T.);
#2378=EDGE_CURVE('',#2965,#2966,#400,.F.);
#2379=EDGE_CURVE('',#2966,#2967,#401,.T.);
#2380=EDGE_CURVE('',#2967,#2968,#402,.F.);
#2381=EDGE_CURVE('',#2969,#2968,#403,.T.);
#2382=EDGE_CURVE('',#2969,#2970,#404,.F.);
#2383=EDGE_CURVE('',#2970,#2971,#405,.T.);
#2384=EDGE_CURVE('',#2971,#2972,#406,.F.);
#2385=EDGE_CURVE('',#2972,#2973,#407,.F.);
#2386=EDGE_CURVE('',#2973,#2974,#408,.F.);
#2387=EDGE_CURVE('',#2974,#2975,#409,.T.);
#2388=EDGE_CURVE('',#2975,#2976,#410,.F.);
#2389=EDGE_CURVE('',#2976,#2977,#411,.T.);
#2390=EDGE_CURVE('',#2977,#2950,#270,.T.);
#2391=EDGE_CURVE('',#2978,#2978,#35,.T.);
#2392=EDGE_CURVE('',#2979,#2979,#36,.T.);
#2393=EDGE_CURVE('',#2980,#2980,#37,.T.);
#2394=EDGE_CURVE('',#2981,#2981,#38,.T.);
#2395=EDGE_CURVE('',#2982,#2982,#39,.T.);
#2396=EDGE_CURVE('',#2983,#2983,#40,.T.);
#2397=EDGE_CURVE('',#2984,#2984,#41,.T.);
#2398=EDGE_CURVE('',#2985,#2985,#42,.T.);
#2399=EDGE_CURVE('',#2986,#2986,#43,.T.);
#2400=EDGE_CURVE('',#2987,#2987,#44,.T.);
#2401=EDGE_CURVE('',#2988,#2988,#45,.T.);
#2402=EDGE_CURVE('',#2989,#2989,#46,.T.);
#2403=EDGE_CURVE('',#2990,#2990,#47,.T.);
#2404=EDGE_CURVE('',#2991,#2991,#48,.T.);
#2405=EDGE_CURVE('',#2992,#2992,#49,.T.);
#2406=EDGE_CURVE('',#2993,#2993,#50,.T.);
#2407=EDGE_CURVE('',#2994,#2994,#51,.T.);
#2408=EDGE_CURVE('',#2995,#2995,#52,.T.);
#2409=EDGE_CURVE('',#2996,#2996,#53,.T.);
#2410=EDGE_CURVE('',#2997,#2997,#54,.T.);
#2411=EDGE_CURVE('',#2998,#2998,#55,.T.);
#2412=EDGE_CURVE('',#2999,#2999,#56,.T.);
#2413=EDGE_CURVE('',#3000,#3000,#57,.T.);
#2414=EDGE_CURVE('',#3001,#3001,#58,.T.);
#2415=EDGE_CURVE('',#3002,#3002,#59,.F.);
#2416=EDGE_CURVE('',#3003,#3003,#60,.F.);
#2417=EDGE_CURVE('',#3004,#3004,#61,.F.);
#2418=EDGE_CURVE('',#2953,#3005,#3299,.T.);
#2419=EDGE_CURVE('',#3006,#3005,#62,.T.);
#2420=EDGE_CURVE('',#3006,#2954,#3300,.T.);
#2421=EDGE_CURVE('',#2955,#3007,#3301,.T.);
#2422=EDGE_CURVE('',#3008,#3007,#63,.T.);
#2423=EDGE_CURVE('',#3008,#2956,#3302,.T.);
#2424=EDGE_CURVE('',#3007,#3008,#412,.T.);
#2425=EDGE_CURVE('',#3005,#3006,#413,.T.);
#2426=EDGE_CURVE('',#3009,#3009,#64,.F.);
#2427=EDGE_CURVE('',#3010,#3010,#65,.F.);
#2428=EDGE_CURVE('',#3011,#3011,#66,.F.);
#2429=EDGE_CURVE('',#3012,#3013,#414,.T.);
#2430=EDGE_CURVE('',#2948,#3012,#415,.T.);
#2431=EDGE_CURVE('',#3014,#2947,#416,.T.);
#2432=EDGE_CURVE('',#3015,#3014,#271,.F.);
#2433=EDGE_CURVE('',#3015,#3016,#272,.T.);
#2434=EDGE_CURVE('',#3016,#3017,#417,.T.);
#2435=EDGE_CURVE('',#3018,#3017,#67,.T.);
#2436=EDGE_CURVE('',#3018,#3019,#68,.T.);
#2437=EDGE_CURVE('',#3019,#2907,#273,.T.);
#2438=EDGE_CURVE('',#3020,#2906,#418,.T.);
#2439=EDGE_CURVE('',#3013,#3020,#419,.T.);
#2440=EDGE_CURVE('',#3021,#3022,#420,.T.);
#2441=EDGE_CURVE('',#3021,#2870,#421,.T.);
#2442=EDGE_CURVE('',#2869,#3023,#422,.F.);
#2443=EDGE_CURVE('',#3024,#3023,#423,.T.);
#2444=EDGE_CURVE('',#3025,#3024,#424,.T.);
#2445=EDGE_CURVE('',#3025,#3026,#425,.F.);
#2446=EDGE_CURVE('',#3027,#3026,#426,.T.);
#2447=EDGE_CURVE('',#3027,#3022,#427,.T.);
#2448=EDGE_CURVE('',#3028,#3029,#428,.F.);
#2449=EDGE_CURVE('',#3028,#2873,#274,.T.);
#2450=EDGE_CURVE('',#2872,#3030,#429,.T.);
#2451=EDGE_CURVE('',#3030,#3031,#430,.T.);
#2452=EDGE_CURVE('',#3031,#3029,#431,.T.);
#2453=EDGE_CURVE('',#2871,#3032,#3303,.F.);
#2454=EDGE_CURVE('',#3030,#3032,#432,.T.);
#2455=EDGE_CURVE('',#3031,#3033,#433,.T.);
#2456=EDGE_CURVE('',#3033,#3034,#3304,.F.);
#2457=EDGE_CURVE('',#3034,#3029,#3305,.F.);
#2458=EDGE_CURVE('',#3035,#3035,#69,.F.);
#2459=EDGE_CURVE('',#3036,#3037,#70,.T.);
#2460=EDGE_CURVE('',#3037,#3038,#434,.T.);
#2461=EDGE_CURVE('',#3039,#3038,#435,.T.);
#2462=EDGE_CURVE('',#3040,#3039,#436,.T.);
#2463=EDGE_CURVE('',#3036,#3040,#437,.T.);
#2464=EDGE_CURVE('',#3041,#3041,#71,.F.);
#2465=EDGE_CURVE('',#3042,#3043,#438,.T.);
#2466=EDGE_CURVE('',#3043,#3044,#439,.T.);
#2467=EDGE_CURVE('',#3044,#3045,#440,.T.);
#2468=EDGE_CURVE('',#3045,#3042,#441,.T.);
#2469=EDGE_CURVE('',#3046,#3046,#72,.F.);
#2470=EDGE_CURVE('',#3047,#3048,#442,.T.);
#2471=EDGE_CURVE('',#3047,#3049,#73,.F.);
#2472=EDGE_CURVE('',#3050,#3049,#275,.F.);
#2473=EDGE_CURVE('',#3050,#3051,#276,.T.);
#2474=EDGE_CURVE('',#3052,#3051,#443,.T.);
#2475=EDGE_CURVE('',#3048,#3052,#444,.T.);
#2476=EDGE_CURVE('',#3053,#3053,#74,.F.);
#2477=EDGE_CURVE('',#3054,#3055,#445,.T.);
#2478=EDGE_CURVE('',#3055,#3056,#75,.F.);
#2479=EDGE_CURVE('',#3057,#3056,#277,.F.);
#2480=EDGE_CURVE('',#3057,#3058,#278,.T.);
#2481=EDGE_CURVE('',#3058,#3059,#279,.T.);
#2482=EDGE_CURVE('',#3059,#3060,#76,.F.);
#2483=EDGE_CURVE('',#3060,#3061,#446,.T.);
#2484=EDGE_CURVE('',#3061,#3054,#447,.T.);
#2485=EDGE_CURVE('',#3062,#3062,#77,.T.);
#2486=EDGE_CURVE('',#3063,#3063,#78,.T.);
#2487=EDGE_CURVE('',#3064,#3064,#79,.T.);
#2488=EDGE_CURVE('',#3065,#3065,#80,.T.);
#2489=EDGE_CURVE('',#3066,#3066,#81,.T.);
#2490=EDGE_CURVE('',#3067,#3067,#82,.T.);
#2491=EDGE_CURVE('',#3068,#3068,#83,.T.);
#2492=EDGE_CURVE('',#3069,#3069,#84,.T.);
#2493=EDGE_CURVE('',#3070,#3070,#85,.T.);
#2494=EDGE_CURVE('',#3071,#3071,#86,.T.);
#2495=EDGE_CURVE('',#3072,#3072,#87,.T.);
#2496=EDGE_CURVE('',#3073,#3073,#88,.T.);
#2497=EDGE_CURVE('',#3074,#3074,#89,.T.);
#2498=EDGE_CURVE('',#3075,#3075,#90,.T.);
#2499=EDGE_CURVE('',#3016,#2964,#280,.T.);
#2500=EDGE_CURVE('',#2963,#3017,#448,.T.);
#2501=EDGE_CURVE('',#3076,#3076,#91,.T.);
#2502=EDGE_CURVE('',#3077,#3077,#92,.T.);
#2503=EDGE_CURVE('',#3078,#3078,#93,.T.);
#2504=EDGE_CURVE('',#3079,#3079,#94,.T.);
#2505=EDGE_CURVE('',#3080,#3080,#95,.T.);
#2506=EDGE_CURVE('',#3081,#3081,#96,.T.);
#2507=EDGE_CURVE('',#3082,#3082,#97,.T.);
#2508=EDGE_CURVE('',#3083,#3083,#98,.T.);
#2509=EDGE_CURVE('',#3084,#3084,#99,.T.);
#2510=EDGE_CURVE('',#3085,#3085,#100,.T.);
#2511=EDGE_CURVE('',#3086,#3086,#101,.F.);
#2512=EDGE_CURVE('',#3087,#3088,#449,.T.);
#2513=EDGE_CURVE('',#3088,#3089,#102,.F.);
#2514=EDGE_CURVE('',#3090,#3089,#281,.F.);
#2515=EDGE_CURVE('',#3090,#3091,#282,.T.);
#2516=EDGE_CURVE('',#3091,#3092,#283,.T.);
#2517=EDGE_CURVE('',#3092,#3093,#103,.F.);
#2518=EDGE_CURVE('',#3093,#3094,#450,.T.);
#2519=EDGE_CURVE('',#3094,#3087,#451,.T.);
#2520=EDGE_CURVE('',#3038,#3095,#3306,.F.);
#2521=EDGE_CURVE('',#3095,#3055,#452,.F.);
#2522=EDGE_CURVE('',#3039,#3054,#453,.T.);
#2523=EDGE_CURVE('',#3040,#3061,#454,.T.);
#2524=EDGE_CURVE('',#3060,#3036,#455,.T.);
#2525=EDGE_CURVE('',#3096,#3097,#456,.T.);
#2526=EDGE_CURVE('',#3097,#3098,#3307,.F.);
#2527=EDGE_CURVE('',#3098,#3088,#457,.F.);
#2528=EDGE_CURVE('',#3096,#3087,#458,.T.);
#2529=EDGE_CURVE('',#3099,#3094,#459,.T.);
#2530=EDGE_CURVE('',#3099,#3096,#460,.T.);
#2531=EDGE_CURVE('',#3093,#3100,#461,.F.);
#2532=EDGE_CURVE('',#3100,#3099,#462,.T.);
#2533=EDGE_CURVE('',#3044,#3101,#3308,.T.);
#2534=EDGE_CURVE('',#3101,#3047,#463,.F.);
#2535=EDGE_CURVE('',#3045,#3048,#464,.T.);
#2536=EDGE_CURVE('',#3042,#3052,#465,.T.);
#2537=EDGE_CURVE('',#3051,#3102,#284,.T.);
#2538=EDGE_CURVE('',#3102,#3103,#466,.T.);
#2539=EDGE_CURVE('',#3103,#3043,#3309,.T.);
#2540=EDGE_CURVE('',#3104,#3104,#104,.F.);
#2541=EDGE_CURVE('',#3100,#3105,#105,.T.);
#2542=EDGE_CURVE('',#3105,#3097,#467,.T.);
#2543=EDGE_CURVE('',#2962,#3018,#468,.T.);
#2544=EDGE_CURVE('',#2961,#3106,#285,.T.);
#2545=EDGE_CURVE('',#3106,#3019,#286,.T.);
#2546=EDGE_CURVE('',#3107,#3108,#287,.T.);
#2547=EDGE_CURVE('',#3108,#3106,#288,.T.);
#2548=EDGE_CURVE('',#2866,#3107,#289,.T.);
#2549=EDGE_CURVE('',#2950,#3109,#290,.T.);
#2550=EDGE_CURVE('',#2977,#3092,#291,.T.);
#2551=EDGE_CURVE('',#3089,#2974,#292,.T.);
#2552=EDGE_CURVE('',#2973,#3059,#293,.T.);
#2553=EDGE_CURVE('',#3056,#2970,#294,.T.);
#2554=EDGE_CURVE('',#2969,#3102,#295,.T.);
#2555=EDGE_CURVE('',#3049,#2966,#296,.T.);
#2556=EDGE_CURVE('',#3014,#3110,#297,.T.);
#2557=EDGE_CURVE('',#3110,#3109,#298,.T.);
#2558=EDGE_CURVE('',#3111,#3111,#106,.F.);
#2559=EDGE_CURVE('',#3112,#3112,#107,.T.);
#2560=EDGE_CURVE('',#3113,#3113,#108,.F.);
#2561=EDGE_CURVE('',#3114,#3114,#109,.T.);
#2562=EDGE_CURVE('',#3115,#3115,#110,.F.);
#2563=EDGE_CURVE('',#3116,#3116,#111,.T.);
#2564=EDGE_CURVE('',#3101,#2967,#3310,.T.);
#2565=EDGE_CURVE('',#2968,#3103,#299,.T.);
#2566=EDGE_CURVE('',#3095,#2971,#3311,.F.);
#2567=EDGE_CURVE('',#2972,#3037,#3312,.F.);
#2568=EDGE_CURVE('',#3098,#2975,#3313,.F.);
#2569=EDGE_CURVE('',#2976,#3105,#3314,.T.);
#2570=EDGE_CURVE('',#3117,#3117,#112,.T.);
#2571=EDGE_CURVE('',#3118,#3118,#113,.F.);
#2572=EDGE_CURVE('',#3119,#3119,#114,.T.);
#2573=EDGE_CURVE('',#3120,#3120,#115,.F.);
#2574=EDGE_CURVE('',#3121,#3121,#116,.T.);
#2575=EDGE_CURVE('',#3122,#3122,#117,.F.);
#2576=EDGE_CURVE('',#2960,#3123,#469,.T.);
#2577=EDGE_CURVE('',#3123,#2868,#470,.T.);
#2578=EDGE_CURVE('',#2958,#3013,#471,.T.);
#2579=EDGE_CURVE('',#3012,#2957,#472,.T.);
#2580=EDGE_CURVE('',#3032,#3033,#473,.F.);
#2581=EDGE_CURVE('',#3124,#3125,#474,.T.);
#2582=EDGE_CURVE('',#3125,#3126,#3315,.F.);
#2583=EDGE_CURVE('',#3126,#3028,#3316,.F.);
#2584=EDGE_CURVE('',#3034,#3127,#475,.F.);
#2585=EDGE_CURVE('',#3124,#3127,#118,.T.);
#2586=EDGE_CURVE('',#3128,#3129,#476,.T.);
#2587=EDGE_CURVE('',#3130,#3129,#477,.T.);
#2588=EDGE_CURVE('',#3130,#3131,#478,.F.);
#2589=EDGE_CURVE('',#3128,#3131,#479,.T.);
#2590=EDGE_CURVE('',#3132,#3133,#480,.F.);
#2591=EDGE_CURVE('',#3134,#3133,#481,.T.);
#2592=EDGE_CURVE('',#3134,#3135,#482,.T.);
#2593=EDGE_CURVE('',#3132,#3135,#483,.T.);
#2594=EDGE_CURVE('',#3136,#3137,#484,.T.);
#2595=EDGE_CURVE('',#3133,#3137,#119,.T.);
#2596=EDGE_CURVE('',#2900,#3132,#120,.T.);
#2597=EDGE_CURVE('',#2899,#3136,#3317,.F.);
#2598=EDGE_CURVE('',#3023,#3123,#3318,.F.);
#2599=EDGE_CURVE('',#3026,#3134,#121,.T.);
#2600=EDGE_CURVE('',#3135,#3025,#122,.T.);
#2601=EDGE_CURVE('',#3022,#3130,#123,.T.);
#2602=EDGE_CURVE('',#3131,#3027,#124,.T.);
#2603=EDGE_CURVE('',#3127,#3021,#125,.T.);
#2604=EDGE_CURVE('',#2878,#3125,#3319,.F.);
#2605=EDGE_CURVE('',#2879,#3124,#126,.T.);
#2606=EDGE_CURVE('',#3129,#2880,#127,.T.);
#2607=EDGE_CURVE('',#2881,#3128,#128,.T.);
#2608=EDGE_CURVE('',#3136,#2883,#3320,.T.);
#2609=EDGE_CURVE('',#3137,#2882,#129,.T.);
#2610=EDGE_CURVE('',#2853,#3126,#300,.T.);
#2611=EDGE_CURVE('',#2858,#3125,#130,.T.);
#2612=EDGE_CURVE('',#2859,#2878,#131,.T.);
#2613=EDGE_CURVE('',#2860,#2883,#132,.T.);
#2614=EDGE_CURVE('',#2861,#3136,#133,.T.);
#2615=EDGE_CURVE('',#2862,#2899,#134,.T.);
#2616=EDGE_CURVE('',#2863,#2898,#135,.T.);
#2617=EDGE_CURVE('',#2864,#2895,#136,.T.);
#2618=EDGE_CURVE('',#2865,#2894,#137,.T.);
#2619=EDGE_CURVE('',#3107,#2908,#301,.T.);
#2620=EDGE_CURVE('',#3108,#2907,#138,.T.);
#2621=EDGE_CURVE('',#3138,#3123,#485,.T.);
#2622=EDGE_CURVE('',#3024,#3138,#3321,.T.);
#2623=EDGE_CURVE('',#3138,#2959,#486,.T.);
#2624=EDGE_CURVE('',#3139,#2891,#487,.T.);
#2625=EDGE_CURVE('',#3020,#3139,#3322,.T.);
#2626=EDGE_CURVE('',#3140,#2890,#488,.T.);
#2627=EDGE_CURVE('',#3139,#3140,#489,.T.);
#2628=EDGE_CURVE('',#3140,#2901,#3323,.T.);
#2629=EDGE_CURVE('',#3141,#2943,#490,.T.);
#2630=EDGE_CURVE('',#3142,#3141,#491,.T.);
#2631=EDGE_CURVE('',#3143,#3142,#492,.T.);
#2632=EDGE_CURVE('',#3143,#2944,#493,.T.);
#2633=EDGE_CURVE('',#3144,#3142,#494,.T.);
#2634=EDGE_CURVE('',#3145,#3144,#495,.T.);
#2635=EDGE_CURVE('',#3145,#3146,#496,.T.);
#2636=EDGE_CURVE('',#3146,#3147,#497,.T.);
#2637=EDGE_CURVE('',#3148,#3147,#498,.T.);
#2638=EDGE_CURVE('',#3149,#3148,#499,.T.);
#2639=EDGE_CURVE('',#3143,#3149,#500,.T.);
#2640=EDGE_CURVE('',#3148,#3150,#501,.T.);
#2641=EDGE_CURVE('',#3150,#2938,#502,.T.);
#2642=EDGE_CURVE('',#2937,#3149,#503,.T.);
#2643=EDGE_CURVE('',#3151,#3151,#139,.F.);
#2644=EDGE_CURVE('',#3152,#3152,#140,.F.);
#2645=EDGE_CURVE('',#3153,#3154,#504,.T.);
#2646=EDGE_CURVE('',#3153,#3155,#505,.T.);
#2647=EDGE_CURVE('',#3155,#3156,#506,.T.);
#2648=EDGE_CURVE('',#3156,#3154,#507,.T.);
#2649=EDGE_CURVE('',#3157,#3157,#141,.F.);
#2650=EDGE_CURVE('',#3158,#3158,#142,.F.);
#2651=EDGE_CURVE('',#2952,#3014,#508,.T.);
#2652=EDGE_CURVE('',#3110,#2951,#509,.T.);
#2653=EDGE_CURVE('',#2949,#3109,#510,.F.);
#2654=EDGE_CURVE('',#3159,#3160,#511,.T.);
#2655=EDGE_CURVE('',#3159,#3161,#512,.T.);
#2656=EDGE_CURVE('',#3161,#3162,#513,.T.);
#2657=EDGE_CURVE('',#3162,#3160,#514,.T.);
#2658=EDGE_CURVE('',#3163,#3163,#143,.F.);
#2659=EDGE_CURVE('',#3164,#3165,#515,.T.);
#2660=EDGE_CURVE('',#3166,#3164,#516,.T.);
#2661=EDGE_CURVE('',#3166,#3167,#517,.T.);
#2662=EDGE_CURVE('',#3167,#3165,#518,.T.);
#2663=EDGE_CURVE('',#3165,#3168,#519,.T.);
#2664=EDGE_CURVE('',#3167,#3169,#520,.T.);
#2665=EDGE_CURVE('',#3169,#3168,#521,.T.);
#2666=EDGE_CURVE('',#3168,#3170,#522,.T.);
#2667=EDGE_CURVE('',#3169,#3171,#523,.T.);
#2668=EDGE_CURVE('',#3171,#3170,#524,.T.);
#2669=EDGE_CURVE('',#3170,#3172,#525,.T.);
#2670=EDGE_CURVE('',#3171,#3173,#526,.T.);
#2671=EDGE_CURVE('',#3173,#3172,#527,.T.);
#2672=EDGE_CURVE('',#3172,#3174,#528,.T.);
#2673=EDGE_CURVE('',#3173,#3175,#529,.T.);
#2674=EDGE_CURVE('',#3175,#3174,#530,.T.);
#2675=EDGE_CURVE('',#3174,#3164,#531,.T.);
#2676=EDGE_CURVE('',#3175,#3166,#532,.T.);
#2677=EDGE_CURVE('',#3176,#3176,#144,.F.);
#2678=EDGE_CURVE('',#3177,#3177,#145,.F.);
#2679=EDGE_CURVE('',#3178,#3178,#146,.T.);
#2680=EDGE_CURVE('',#2921,#2923,#533,.T.);
#2681=EDGE_CURVE('',#2920,#2924,#534,.T.);
#2682=EDGE_CURVE('',#2919,#2925,#535,.T.);
#2683=EDGE_CURVE('',#3179,#3179,#147,.T.);
#2684=EDGE_CURVE('',#3180,#3181,#536,.T.);
#2685=EDGE_CURVE('',#3182,#3180,#537,.T.);
#2686=EDGE_CURVE('',#3182,#3183,#538,.T.);
#2687=EDGE_CURVE('',#3183,#3181,#539,.T.);
#2688=EDGE_CURVE('',#3181,#3184,#540,.T.);
#2689=EDGE_CURVE('',#3183,#3185,#541,.T.);
#2690=EDGE_CURVE('',#3185,#3184,#542,.T.);
#2691=EDGE_CURVE('',#3184,#3186,#543,.T.);
#2692=EDGE_CURVE('',#3185,#3187,#544,.T.);
#2693=EDGE_CURVE('',#3187,#3186,#545,.T.);
#2694=EDGE_CURVE('',#3186,#3188,#546,.T.);
#2695=EDGE_CURVE('',#3187,#3189,#547,.T.);
#2696=EDGE_CURVE('',#3189,#3188,#548,.T.);
#2697=EDGE_CURVE('',#3188,#3190,#549,.T.);
#2698=EDGE_CURVE('',#3189,#3191,#550,.T.);
#2699=EDGE_CURVE('',#3191,#3190,#551,.T.);
#2700=EDGE_CURVE('',#3190,#3180,#552,.T.);
#2701=EDGE_CURVE('',#3191,#3182,#553,.T.);
#2702=EDGE_CURVE('',#3192,#3192,#148,.F.);
#2703=EDGE_CURVE('',#3193,#3193,#149,.F.);
#2704=EDGE_CURVE('',#3194,#3194,#150,.T.);
#2705=EDGE_CURVE('',#3195,#2935,#554,.T.);
#2706=EDGE_CURVE('',#3195,#3196,#555,.T.);
#2707=EDGE_CURVE('',#3196,#2936,#556,.T.);
#2708=EDGE_CURVE('',#3196,#2929,#557,.T.);
#2709=EDGE_CURVE('',#2933,#3195,#558,.T.);
#2710=EDGE_CURVE('',#3197,#3197,#151,.F.);
#2711=EDGE_CURVE('',#3198,#3198,#152,.T.);
#2712=EDGE_CURVE('',#3199,#3200,#559,.T.);
#2713=EDGE_CURVE('',#3201,#3199,#560,.T.);
#2714=EDGE_CURVE('',#3201,#3202,#561,.T.);
#2715=EDGE_CURVE('',#3202,#3200,#562,.T.);
#2716=EDGE_CURVE('',#3200,#3203,#563,.T.);
#2717=EDGE_CURVE('',#3202,#3204,#564,.T.);
#2718=EDGE_CURVE('',#3204,#3203,#565,.T.);
#2719=EDGE_CURVE('',#3203,#3205,#566,.T.);
#2720=EDGE_CURVE('',#3204,#3206,#567,.T.);
#2721=EDGE_CURVE('',#3206,#3205,#568,.T.);
#2722=EDGE_CURVE('',#3205,#3207,#569,.T.);
#2723=EDGE_CURVE('',#3206,#3208,#570,.T.);
#2724=EDGE_CURVE('',#3208,#3207,#571,.T.);
#2725=EDGE_CURVE('',#3207,#3209,#572,.T.);
#2726=EDGE_CURVE('',#3208,#3210,#573,.T.);
#2727=EDGE_CURVE('',#3210,#3209,#574,.T.);
#2728=EDGE_CURVE('',#3209,#3199,#575,.T.);
#2729=EDGE_CURVE('',#3210,#3201,#576,.T.);
#2730=EDGE_CURVE('',#3211,#3211,#153,.F.);
#2731=EDGE_CURVE('',#3212,#3212,#154,.F.);
#2732=EDGE_CURVE('',#3213,#3213,#155,.T.);
#2733=EDGE_CURVE('',#2897,#3214,#577,.T.);
#2734=EDGE_CURVE('',#3214,#3215,#578,.T.);
#2735=EDGE_CURVE('',#3215,#2904,#579,.T.);
#2736=EDGE_CURVE('',#2909,#3216,#580,.T.);
#2737=EDGE_CURVE('',#3217,#3216,#581,.T.);
#2738=EDGE_CURVE('',#2905,#3217,#582,.T.);
#2739=EDGE_CURVE('',#3218,#3217,#156,.T.);
#2740=EDGE_CURVE('',#3219,#3218,#583,.T.);
#2741=EDGE_CURVE('',#3219,#3220,#584,.T.);
#2742=EDGE_CURVE('',#3220,#3221,#585,.T.);
#2743=EDGE_CURVE('',#3222,#3221,#586,.T.);
#2744=EDGE_CURVE('',#3223,#3222,#587,.T.);
#2745=EDGE_CURVE('',#3214,#3223,#157,.T.);
#2746=EDGE_CURVE('',#3150,#2939,#158,.T.);
#2747=EDGE_CURVE('',#3147,#3150,#159,.T.);
#2748=EDGE_CURVE('',#3146,#3215,#160,.T.);
#2749=EDGE_CURVE('',#2940,#3223,#588,.F.);
#2750=EDGE_CURVE('',#2942,#3141,#161,.T.);
#2751=EDGE_CURVE('',#3141,#3144,#162,.T.);
#2752=EDGE_CURVE('',#3216,#3145,#163,.T.);
#2753=EDGE_CURVE('',#3218,#2941,#589,.T.);
#2754=EDGE_CURVE('',#3224,#3224,#164,.T.);
#2755=EDGE_CURVE('',#3225,#3222,#590,.T.);
#2756=EDGE_CURVE('',#2940,#3225,#591,.T.);
#2757=EDGE_CURVE('',#3226,#2941,#592,.T.);
#2758=EDGE_CURVE('',#3226,#3219,#593,.T.);
#2759=EDGE_CURVE('',#3227,#3221,#594,.T.);
#2760=EDGE_CURVE('',#3225,#3227,#595,.T.);
#2761=EDGE_CURVE('',#3226,#3228,#596,.T.);
#2762=EDGE_CURVE('',#3228,#3220,#597,.T.);
#2763=EDGE_CURVE('',#3228,#3227,#598,.T.);
#2764=EDGE_CURVE('',#3229,#3229,#165,.T.);
#2765=EDGE_CURVE('',#3230,#2876,#599,.F.);
#2766=EDGE_CURVE('',#3231,#3230,#600,.F.);
#2767=EDGE_CURVE('',#3232,#3231,#166,.T.);
#2768=EDGE_CURVE('',#3233,#3232,#167,.T.);
#2769=EDGE_CURVE('',#2877,#3233,#601,.T.);
#2770=EDGE_CURVE('',#2857,#3234,#602,.T.);
#2771=EDGE_CURVE('',#3235,#3234,#168,.T.);
#2772=EDGE_CURVE('',#3236,#3235,#169,.T.);
#2773=EDGE_CURVE('',#3237,#3236,#603,.T.);
#2774=EDGE_CURVE('',#2855,#3237,#604,.T.);
#2775=EDGE_CURVE('',#3238,#2875,#605,.T.);
#2776=EDGE_CURVE('',#3230,#3238,#606,.T.);
#2777=EDGE_CURVE('',#3239,#3237,#607,.T.);
#2778=EDGE_CURVE('',#3239,#2856,#608,.T.);
#2779=EDGE_CURVE('',#3240,#2874,#609,.T.);
#2780=EDGE_CURVE('',#3238,#3240,#610,.T.);
#2781=EDGE_CURVE('',#3239,#3241,#611,.T.);
#2782=EDGE_CURVE('',#3241,#2850,#612,.T.);
#2783=EDGE_CURVE('',#3241,#3240,#613,.T.);
#2784=EDGE_CURVE('',#3242,#3233,#614,.T.);
#2785=EDGE_CURVE('',#3154,#3242,#615,.T.);
#2786=EDGE_CURVE('',#3156,#3243,#616,.T.);
#2787=EDGE_CURVE('',#3234,#3243,#617,.T.);
#2788=EDGE_CURVE('',#3235,#3244,#618,.T.);
#2789=EDGE_CURVE('',#3236,#3244,#619,.T.);
#2790=EDGE_CURVE('',#3243,#3235,#620,.T.);
#2791=EDGE_CURVE('',#3242,#3232,#621,.T.);
#2792=EDGE_CURVE('',#3232,#3245,#622,.T.);
#2793=EDGE_CURVE('',#3245,#3153,#623,.T.);
#2794=EDGE_CURVE('',#3244,#3155,#624,.T.);
#2795=EDGE_CURVE('',#3245,#3231,#625,.T.);
#2796=EDGE_CURVE('',#3237,#3230,#626,.T.);
#2797=EDGE_CURVE('',#3246,#3247,#170,.T.);
#2798=EDGE_CURVE('',#3248,#3246,#171,.T.);
#2799=EDGE_CURVE('',#3249,#3248,#627,.T.);
#2800=EDGE_CURVE('',#3249,#3250,#172,.T.);
#2801=EDGE_CURVE('',#3251,#3250,#628,.T.);
#2802=EDGE_CURVE('',#3251,#3252,#173,.T.);
#2803=EDGE_CURVE('',#3253,#3252,#629,.F.);
#2804=EDGE_CURVE('',#3247,#3253,#630,.F.);
#2805=EDGE_CURVE('',#3254,#3255,#174,.T.);
#2806=EDGE_CURVE('',#3255,#3256,#631,.T.);
#2807=EDGE_CURVE('',#3254,#3256,#632,.T.);
#2808=EDGE_CURVE('',#3255,#3257,#175,.T.);
#2809=EDGE_CURVE('',#3257,#3258,#633,.T.);
#2810=EDGE_CURVE('',#3258,#3255,#634,.T.);
#2811=EDGE_CURVE('',#3259,#3246,#635,.T.);
#2812=EDGE_CURVE('',#3259,#3248,#636,.T.);
#2813=EDGE_CURVE('',#3160,#3259,#637,.T.);
#2814=EDGE_CURVE('',#3246,#3260,#638,.T.);
#2815=EDGE_CURVE('',#3260,#3159,#639,.T.);
#2816=EDGE_CURVE('',#3162,#3258,#640,.T.);
#2817=EDGE_CURVE('',#3261,#3257,#641,.T.);
#2818=EDGE_CURVE('',#3261,#3249,#642,.T.);
#2819=EDGE_CURVE('',#3256,#3161,#643,.T.);
#2820=EDGE_CURVE('',#3260,#3247,#644,.T.);
#2821=EDGE_CURVE('',#3262,#3263,#176,.T.);
#2822=EDGE_CURVE('',#3263,#3264,#645,.T.);
#2823=EDGE_CURVE('',#3264,#3261,#177,.T.);
#2824=EDGE_CURVE('',#3265,#3254,#646,.T.);
#2825=EDGE_CURVE('',#3262,#3265,#647,.T.);
#2826=EDGE_CURVE('',#2886,#3251,#648,.T.);
#2827=EDGE_CURVE('',#3250,#2887,#649,.T.);
#2828=EDGE_CURVE('',#2885,#3264,#650,.T.);
#2829=EDGE_CURVE('',#2884,#3263,#651,.T.);
#2830=EDGE_CURVE('',#3266,#3262,#652,.T.);
#2831=EDGE_CURVE('',#3266,#3267,#653,.T.);
#2832=EDGE_CURVE('',#3267,#3268,#654,.T.);
#2833=EDGE_CURVE('',#3269,#3268,#655,.T.);
#2834=EDGE_CURVE('',#3252,#3269,#656,.T.);
#2835=EDGE_CURVE('',#3270,#3270,#178,.T.);
#2836=EDGE_CURVE('',#3265,#3253,#657,.T.);
#2837=EDGE_CURVE('',#3271,#3269,#658,.T.);
#2838=EDGE_CURVE('',#3253,#3271,#659,.T.);
#2839=EDGE_CURVE('',#3272,#3265,#660,.T.);
#2840=EDGE_CURVE('',#3272,#3266,#661,.T.);
#2841=EDGE_CURVE('',#3273,#3268,#662,.T.);
#2842=EDGE_CURVE('',#3271,#3273,#663,.T.);
#2843=EDGE_CURVE('',#3272,#3274,#664,.T.);
#2844=EDGE_CURVE('',#3274,#3267,#665,.T.);
#2845=EDGE_CURVE('',#3274,#3273,#666,.T.);
#2846=EDGE_CURVE('',#3275,#3275,#179,.T.);
#2847=VERTEX_POINT('',#6288);
#2848=VERTEX_POINT('',#6289);
#2849=VERTEX_POINT('',#6291);
#2850=VERTEX_POINT('',#6293);
#2851=VERTEX_POINT('',#6295);
#2852=VERTEX_POINT('',#6297);
#2853=VERTEX_POINT('',#6299);
#2854=VERTEX_POINT('',#6304);
#2855=VERTEX_POINT('',#6308);
#2856=VERTEX_POINT('',#6310);
#2857=VERTEX_POINT('',#6314);
#2858=VERTEX_POINT('',#6316);
#2859=VERTEX_POINT('',#6318);
#2860=VERTEX_POINT('',#6320);
#2861=VERTEX_POINT('',#6322);
#2862=VERTEX_POINT('',#6324);
#2863=VERTEX_POINT('',#6326);
#2864=VERTEX_POINT('',#6328);
#2865=VERTEX_POINT('',#6330);
#2866=VERTEX_POINT('',#6332);
#2867=VERTEX_POINT('',#6337);
#2868=VERTEX_POINT('',#6339);
#2869=VERTEX_POINT('',#6341);
#2870=VERTEX_POINT('',#6343);
#2871=VERTEX_POINT('',#6345);
#2872=VERTEX_POINT('',#6347);
#2873=VERTEX_POINT('',#6349);
#2874=VERTEX_POINT('',#6355);
#2875=VERTEX_POINT('',#6357);
#2876=VERTEX_POINT('',#6359);
#2877=VERTEX_POINT('',#6361);
#2878=VERTEX_POINT('',#6365);
#2879=VERTEX_POINT('',#6366);
#2880=VERTEX_POINT('',#6368);
#2881=VERTEX_POINT('',#6370);
#2882=VERTEX_POINT('',#6372);
#2883=VERTEX_POINT('',#6374);
#2884=VERTEX_POINT('',#6377);
#2885=VERTEX_POINT('',#6378);
#2886=VERTEX_POINT('',#6380);
#2887=VERTEX_POINT('',#6382);
#2888=VERTEX_POINT('',#6386);
#2889=VERTEX_POINT('',#6387);
#2890=VERTEX_POINT('',#6389);
#2891=VERTEX_POINT('',#6391);
#2892=VERTEX_POINT('',#6395);
#2893=VERTEX_POINT('',#6396);
#2894=VERTEX_POINT('',#6398);
#2895=VERTEX_POINT('',#6400);
#2896=VERTEX_POINT('',#6404);
#2897=VERTEX_POINT('',#6405);
#2898=VERTEX_POINT('',#6407);
#2899=VERTEX_POINT('',#6409);
#2900=VERTEX_POINT('',#6411);
#2901=VERTEX_POINT('',#6413);
#2902=VERTEX_POINT('',#6415);
#2903=VERTEX_POINT('',#6417);
#2904=VERTEX_POINT('',#6424);
#2905=VERTEX_POINT('',#6429);
#2906=VERTEX_POINT('',#6431);
#2907=VERTEX_POINT('',#6433);
#2908=VERTEX_POINT('',#6438);
#2909=VERTEX_POINT('',#6441);
#2910=VERTEX_POINT('',#6445);
#2911=VERTEX_POINT('',#6446);
#2912=VERTEX_POINT('',#6448);
#2913=VERTEX_POINT('',#6450);
#2914=VERTEX_POINT('',#6454);
#2915=VERTEX_POINT('',#6455);
#2916=VERTEX_POINT('',#6457);
#2917=VERTEX_POINT('',#6459);
#2918=VERTEX_POINT('',#6463);
#2919=VERTEX_POINT('',#6466);
#2920=VERTEX_POINT('',#6468);
#2921=VERTEX_POINT('',#6470);
#2922=VERTEX_POINT('',#6474);
#2923=VERTEX_POINT('',#6477);
#2924=VERTEX_POINT('',#6479);
#2925=VERTEX_POINT('',#6481);
#2926=VERTEX_POINT('',#6485);
#2927=VERTEX_POINT('',#6486);
#2928=VERTEX_POINT('',#6488);
#2929=VERTEX_POINT('',#6490);
#2930=VERTEX_POINT('',#6494);
#2931=VERTEX_POINT('',#6495);
#2932=VERTEX_POINT('',#6497);
#2933=VERTEX_POINT('',#6499);
#2934=VERTEX_POINT('',#6503);
#2935=VERTEX_POINT('',#6506);
#2936=VERTEX_POINT('',#6508);
#2937=VERTEX_POINT('',#6512);
#2938=VERTEX_POINT('',#6513);
#2939=VERTEX_POINT('',#6515);
#2940=VERTEX_POINT('',#6517);
#2941=VERTEX_POINT('',#6519);
#2942=VERTEX_POINT('',#6521);
#2943=VERTEX_POINT('',#6523);
#2944=VERTEX_POINT('',#6525);
#2945=VERTEX_POINT('',#6530);
#2946=VERTEX_POINT('',#6531);
#2947=VERTEX_POINT('',#6533);
#2948=VERTEX_POINT('',#6535);
#2949=VERTEX_POINT('',#6539);
#2950=VERTEX_POINT('',#6540);
#2951=VERTEX_POINT('',#6542);
#2952=VERTEX_POINT('',#6544);
#2953=VERTEX_POINT('',#6547);
#2954=VERTEX_POINT('',#6549);
#2955=VERTEX_POINT('',#6551);
#2956=VERTEX_POINT('',#6553);
#2957=VERTEX_POINT('',#6555);
#2958=VERTEX_POINT('',#6557);
#2959=VERTEX_POINT('',#6559);
#2960=VERTEX_POINT('',#6561);
#2961=VERTEX_POINT('',#6564);
#2962=VERTEX_POINT('',#6566);
#2963=VERTEX_POINT('',#6568);
#2964=VERTEX_POINT('',#6570);
#2965=VERTEX_POINT('',#6575);
#2966=VERTEX_POINT('',#6577);
#2967=VERTEX_POINT('',#6579);
#2968=VERTEX_POINT('',#6581);
#2969=VERTEX_POINT('',#6583);
#2970=VERTEX_POINT('',#6585);
#2971=VERTEX_POINT('',#6587);
#2972=VERTEX_POINT('',#6589);
#2973=VERTEX_POINT('',#6591);
#2974=VERTEX_POINT('',#6593);
#2975=VERTEX_POINT('',#6595);
#2976=VERTEX_POINT('',#6597);
#2977=VERTEX_POINT('',#6599);
#2978=VERTEX_POINT('',#6605);
#2979=VERTEX_POINT('',#6607);
#2980=VERTEX_POINT('',#6609);
#2981=VERTEX_POINT('',#6611);
#2982=VERTEX_POINT('',#6613);
#2983=VERTEX_POINT('',#6615);
#2984=VERTEX_POINT('',#6617);
#2985=VERTEX_POINT('',#6619);
#2986=VERTEX_POINT('',#6621);
#2987=VERTEX_POINT('',#6623);
#2988=VERTEX_POINT('',#6625);
#2989=VERTEX_POINT('',#6627);
#2990=VERTEX_POINT('',#6629);
#2991=VERTEX_POINT('',#6631);
#2992=VERTEX_POINT('',#6633);
#2993=VERTEX_POINT('',#6635);
#2994=VERTEX_POINT('',#6637);
#2995=VERTEX_POINT('',#6639);
#2996=VERTEX_POINT('',#6641);
#2997=VERTEX_POINT('',#6643);
#2998=VERTEX_POINT('',#6645);
#2999=VERTEX_POINT('',#6647);
#3000=VERTEX_POINT('',#6649);
#3001=VERTEX_POINT('',#6651);
#3002=VERTEX_POINT('',#6653);
#3003=VERTEX_POINT('',#6655);
#3004=VERTEX_POINT('',#6657);
#3005=VERTEX_POINT('',#6660);
#3006=VERTEX_POINT('',#6662);
#3007=VERTEX_POINT('',#6666);
#3008=VERTEX_POINT('',#6668);
#3009=VERTEX_POINT('',#6676);
#3010=VERTEX_POINT('',#6678);
#3011=VERTEX_POINT('',#6680);
#3012=VERTEX_POINT('',#6682);
#3013=VERTEX_POINT('',#6683);
#3014=VERTEX_POINT('',#6686);
#3015=VERTEX_POINT('',#6691);
#3016=VERTEX_POINT('',#6696);
#3017=VERTEX_POINT('',#6698);
#3018=VERTEX_POINT('',#6700);
#3019=VERTEX_POINT('',#6702);
#3020=VERTEX_POINT('',#6712);
#3021=VERTEX_POINT('',#6716);
#3022=VERTEX_POINT('',#6717);
#3023=VERTEX_POINT('',#6720);
#3024=VERTEX_POINT('',#6722);
#3025=VERTEX_POINT('',#6724);
#3026=VERTEX_POINT('',#6726);
#3027=VERTEX_POINT('',#6728);
#3028=VERTEX_POINT('',#6732);
#3029=VERTEX_POINT('',#6733);
#3030=VERTEX_POINT('',#6740);
#3031=VERTEX_POINT('',#6742);
#3032=VERTEX_POINT('',#6746);
#3033=VERTEX_POINT('',#6750);
#3034=VERTEX_POINT('',#6752);
#3035=VERTEX_POINT('',#6756);
#3036=VERTEX_POINT('',#6758);
#3037=VERTEX_POINT('',#6759);
#3038=VERTEX_POINT('',#6761);
#3039=VERTEX_POINT('',#6763);
#3040=VERTEX_POINT('',#6765);
#3041=VERTEX_POINT('',#6769);
#3042=VERTEX_POINT('',#6771);
#3043=VERTEX_POINT('',#6772);
#3044=VERTEX_POINT('',#6774);
#3045=VERTEX_POINT('',#6776);
#3046=VERTEX_POINT('',#6780);
#3047=VERTEX_POINT('',#6782);
#3048=VERTEX_POINT('',#6783);
#3049=VERTEX_POINT('',#6785);
#3050=VERTEX_POINT('',#6790);
#3051=VERTEX_POINT('',#6795);
#3052=VERTEX_POINT('',#6797);
#3053=VERTEX_POINT('',#6801);
#3054=VERTEX_POINT('',#6803);
#3055=VERTEX_POINT('',#6804);
#3056=VERTEX_POINT('',#6806);
#3057=VERTEX_POINT('',#6811);
#3058=VERTEX_POINT('',#6816);
#3059=VERTEX_POINT('',#6821);
#3060=VERTEX_POINT('',#6823);
#3061=VERTEX_POINT('',#6825);
#3062=VERTEX_POINT('',#6829);
#3063=VERTEX_POINT('',#6832);
#3064=VERTEX_POINT('',#6835);
#3065=VERTEX_POINT('',#6838);
#3066=VERTEX_POINT('',#6841);
#3067=VERTEX_POINT('',#6844);
#3068=VERTEX_POINT('',#6847);
#3069=VERTEX_POINT('',#6850);
#3070=VERTEX_POINT('',#6853);
#3071=VERTEX_POINT('',#6856);
#3072=VERTEX_POINT('',#6859);
#3073=VERTEX_POINT('',#6862);
#3074=VERTEX_POINT('',#6865);
#3075=VERTEX_POINT('',#6868);
#3076=VERTEX_POINT('',#6894);
#3077=VERTEX_POINT('',#6897);
#3078=VERTEX_POINT('',#6900);
#3079=VERTEX_POINT('',#6903);
#3080=VERTEX_POINT('',#6906);
#3081=VERTEX_POINT('',#6909);
#3082=VERTEX_POINT('',#6912);
#3083=VERTEX_POINT('',#6915);
#3084=VERTEX_POINT('',#6918);
#3085=VERTEX_POINT('',#6921);
#3086=VERTEX_POINT('',#6948);
#3087=VERTEX_POINT('',#6950);
#3088=VERTEX_POINT('',#6951);
#3089=VERTEX_POINT('',#6953);
#3090=VERTEX_POINT('',#6958);
#3091=VERTEX_POINT('',#6963);
#3092=VERTEX_POINT('',#6968);
#3093=VERTEX_POINT('',#6970);
#3094=VERTEX_POINT('',#6972);
#3095=VERTEX_POINT('',#6976);
#3096=VERTEX_POINT('',#6985);
#3097=VERTEX_POINT('',#6986);
#3098=VERTEX_POINT('',#6988);
#3099=VERTEX_POINT('',#6993);
#3100=VERTEX_POINT('',#6997);
#3101=VERTEX_POINT('',#7001);
#3102=VERTEX_POINT('',#7011);
#3103=VERTEX_POINT('',#7013);
#3104=VERTEX_POINT('',#7017);
#3105=VERTEX_POINT('',#7019);
#3106=VERTEX_POINT('',#7028);
#3107=VERTEX_POINT('',#7051);
#3108=VERTEX_POINT('',#7052);
#3109=VERTEX_POINT('',#7081);
#3110=VERTEX_POINT('',#7116);
#3111=VERTEX_POINT('',#7123);
#3112=VERTEX_POINT('',#7126);
#3113=VERTEX_POINT('',#7130);
#3114=VERTEX_POINT('',#7133);
#3115=VERTEX_POINT('',#7137);
#3116=VERTEX_POINT('',#7140);
#3117=VERTEX_POINT('',#7159);
#3118=VERTEX_POINT('',#7162);
#3119=VERTEX_POINT('',#7166);
#3120=VERTEX_POINT('',#7169);
#3121=VERTEX_POINT('',#7173);
#3122=VERTEX_POINT('',#7176);
#3123=VERTEX_POINT('',#7183);
#3124=VERTEX_POINT('',#7192);
#3125=VERTEX_POINT('',#7193);
#3126=VERTEX_POINT('',#7195);
#3127=VERTEX_POINT('',#7198);
#3128=VERTEX_POINT('',#7202);
#3129=VERTEX_POINT('',#7203);
#3130=VERTEX_POINT('',#7205);
#3131=VERTEX_POINT('',#7207);
#3132=VERTEX_POINT('',#7211);
#3133=VERTEX_POINT('',#7212);
#3134=VERTEX_POINT('',#7214);
#3135=VERTEX_POINT('',#7216);
#3136=VERTEX_POINT('',#7220);
#3137=VERTEX_POINT('',#7221);
#3138=VERTEX_POINT('',#7424);
#3139=VERTEX_POINT('',#7439);
#3140=VERTEX_POINT('',#7443);
#3141=VERTEX_POINT('',#7458);
#3142=VERTEX_POINT('',#7460);
#3143=VERTEX_POINT('',#7462);
#3144=VERTEX_POINT('',#7466);
#3145=VERTEX_POINT('',#7468);
#3146=VERTEX_POINT('',#7470);
#3147=VERTEX_POINT('',#7472);
#3148=VERTEX_POINT('',#7474);
#3149=VERTEX_POINT('',#7476);
#3150=VERTEX_POINT('',#7480);
#3151=VERTEX_POINT('',#7485);
#3152=VERTEX_POINT('',#7487);
#3153=VERTEX_POINT('',#7490);
#3154=VERTEX_POINT('',#7491);
#3155=VERTEX_POINT('',#7493);
#3156=VERTEX_POINT('',#7495);
#3157=VERTEX_POINT('',#7498);
#3158=VERTEX_POINT('',#7500);
#3159=VERTEX_POINT('',#7511);
#3160=VERTEX_POINT('',#7512);
#3161=VERTEX_POINT('',#7514);
#3162=VERTEX_POINT('',#7516);
#3163=VERTEX_POINT('',#7519);
#3164=VERTEX_POINT('',#7522);
#3165=VERTEX_POINT('',#7523);
#3166=VERTEX_POINT('',#7525);
#3167=VERTEX_POINT('',#7527);
#3168=VERTEX_POINT('',#7531);
#3169=VERTEX_POINT('',#7533);
#3170=VERTEX_POINT('',#7537);
#3171=VERTEX_POINT('',#7539);
#3172=VERTEX_POINT('',#7543);
#3173=VERTEX_POINT('',#7545);
#3174=VERTEX_POINT('',#7549);
#3175=VERTEX_POINT('',#7551);
#3176=VERTEX_POINT('',#7558);
#3177=VERTEX_POINT('',#7561);
#3178=VERTEX_POINT('',#7564);
#3179=VERTEX_POINT('',#7576);
#3180=VERTEX_POINT('',#7581);
#3181=VERTEX_POINT('',#7582);
#3182=VERTEX_POINT('',#7584);
#3183=VERTEX_POINT('',#7586);
#3184=VERTEX_POINT('',#7590);
#3185=VERTEX_POINT('',#7592);
#3186=VERTEX_POINT('',#7596);
#3187=VERTEX_POINT('',#7598);
#3188=VERTEX_POINT('',#7602);
#3189=VERTEX_POINT('',#7604);
#3190=VERTEX_POINT('',#7608);
#3191=VERTEX_POINT('',#7610);
#3192=VERTEX_POINT('',#7617);
#3193=VERTEX_POINT('',#7620);
#3194=VERTEX_POINT('',#7624);
#3195=VERTEX_POINT('',#7628);
#3196=VERTEX_POINT('',#7630);
#3197=VERTEX_POINT('',#7638);
#3198=VERTEX_POINT('',#7641);
#3199=VERTEX_POINT('',#7646);
#3200=VERTEX_POINT('',#7647);
#3201=VERTEX_POINT('',#7649);
#3202=VERTEX_POINT('',#7651);
#3203=VERTEX_POINT('',#7655);
#3204=VERTEX_POINT('',#7657);
#3205=VERTEX_POINT('',#7661);
#3206=VERTEX_POINT('',#7663);
#3207=VERTEX_POINT('',#7667);
#3208=VERTEX_POINT('',#7669);
#3209=VERTEX_POINT('',#7673);
#3210=VERTEX_POINT('',#7675);
#3211=VERTEX_POINT('',#7682);
#3212=VERTEX_POINT('',#7685);
#3213=VERTEX_POINT('',#7688);
#3214=VERTEX_POINT('',#7693);
#3215=VERTEX_POINT('',#7695);
#3216=VERTEX_POINT('',#7699);
#3217=VERTEX_POINT('',#7701);
#3218=VERTEX_POINT('',#7705);
#3219=VERTEX_POINT('',#7707);
#3220=VERTEX_POINT('',#7709);
#3221=VERTEX_POINT('',#7711);
#3222=VERTEX_POINT('',#7713);
#3223=VERTEX_POINT('',#7715);
#3224=VERTEX_POINT('',#7733);
#3225=VERTEX_POINT('',#7736);
#3226=VERTEX_POINT('',#7740);
#3227=VERTEX_POINT('',#7744);
#3228=VERTEX_POINT('',#7748);
#3229=VERTEX_POINT('',#7755);
#3230=VERTEX_POINT('',#7759);
#3231=VERTEX_POINT('',#7761);
#3232=VERTEX_POINT('',#7763);
#3233=VERTEX_POINT('',#7765);
#3234=VERTEX_POINT('',#7769);
#3235=VERTEX_POINT('',#7771);
#3236=VERTEX_POINT('',#7773);
#3237=VERTEX_POINT('',#7775);
#3238=VERTEX_POINT('',#7779);
#3239=VERTEX_POINT('',#7783);
#3240=VERTEX_POINT('',#7787);
#3241=VERTEX_POINT('',#7791);
#3242=VERTEX_POINT('',#7797);
#3243=VERTEX_POINT('',#7800);
#3244=VERTEX_POINT('',#7804);
#3245=VERTEX_POINT('',#7812);
#3246=VERTEX_POINT('',#7823);
#3247=VERTEX_POINT('',#7824);
#3248=VERTEX_POINT('',#7826);
#3249=VERTEX_POINT('',#7828);
#3250=VERTEX_POINT('',#7830);
#3251=VERTEX_POINT('',#7832);
#3252=VERTEX_POINT('',#7834);
#3253=VERTEX_POINT('',#7836);
#3254=VERTEX_POINT('',#7840);
#3255=VERTEX_POINT('',#7841);
#3256=VERTEX_POINT('',#7843);
#3257=VERTEX_POINT('',#7847);
#3258=VERTEX_POINT('',#7849);
#3259=VERTEX_POINT('',#7853);
#3260=VERTEX_POINT('',#7858);
#3261=VERTEX_POINT('',#7863);
#3262=VERTEX_POINT('',#7871);
#3263=VERTEX_POINT('',#7872);
#3264=VERTEX_POINT('',#7874);
#3265=VERTEX_POINT('',#7877);
#3266=VERTEX_POINT('',#7887);
#3267=VERTEX_POINT('',#7889);
#3268=VERTEX_POINT('',#7891);
#3269=VERTEX_POINT('',#7893);
#3270=VERTEX_POINT('',#7897);
#3271=VERTEX_POINT('',#7902);
#3272=VERTEX_POINT('',#7906);
#3273=VERTEX_POINT('',#7910);
#3274=VERTEX_POINT('',#7914);
#3275=VERTEX_POINT('',#7921);
#3276=ELLIPSE('',#4542,0.00757776633116438,0.0065);
#3277=ELLIPSE('',#4543,0.0113765149147177,0.0097584622847961);
#3278=ELLIPSE('',#4545,0.00650009340934172,0.0065);
#3279=ELLIPSE('',#4547,0.00650009340934172,0.0065);
#3280=ELLIPSE('',#4548,0.00975860252041736,0.0097584622847961);
#3281=ELLIPSE('',#4549,0.00300004311200387,0.003);
#3282=ELLIPSE('',#4550,0.00900012933601162,0.009);
#3283=ELLIPSE('',#4551,0.00300004311200387,0.003);
#3284=ELLIPSE('',#4552,0.00300238718549035,0.003);
#3285=ELLIPSE('',#4553,0.00900716155647106,0.009);
#3286=ELLIPSE('',#4554,0.00600477437098071,0.006);
#3287=ELLIPSE('',#4555,0.00600008622400774,0.006);
#3288=ELLIPSE('',#4556,0.00613836367814798,0.00613827546702941);
#3289=ELLIPSE('',#4562,0.0060035764155646,0.006);
#3290=ELLIPSE('',#4563,0.00600357641556447,0.006);
#3291=ELLIPSE('',#4565,0.419232570195774,0.006);
#3292=ELLIPSE('',#4566,0.0060035764155646,0.006);
#3293=ELLIPSE('',#4567,0.00600119394884024,0.006);
#3294=ELLIPSE('',#4569,0.0060035764155646,0.006);
#3295=ELLIPSE('',#4570,0.00600357641556447,0.006);
#3296=ELLIPSE('',#4571,0.00601073700176361,0.006);
#3297=ELLIPSE('',#4572,0.0060035764155646,0.006);
#3298=ELLIPSE('',#4573,0.419232570195774,0.006);
#3299=ELLIPSE('',#4622,0.103815987390884,0.001050000015);
#3300=ELLIPSE('',#4624,0.103815987390884,0.001050000015);
#3301=ELLIPSE('',#4626,0.103815987390884,0.001050000015);
#3302=ELLIPSE('',#4628,0.103815987390884,0.001050000015);
#3303=ELLIPSE('',#4640,1.11918648194873,0.006);
#3304=ELLIPSE('',#4642,0.00600008622400774,0.006);
#3305=ELLIPSE('',#4643,0.0127586456324212,0.0127584622847961);
#3306=ELLIPSE('',#4734,0.00410551090669478,0.004);
#3307=ELLIPSE('',#4738,0.00406657492400802,0.004);
#3308=ELLIPSE('',#4742,0.00403916068394211,0.004);
#3309=ELLIPSE('',#4745,0.00405650058167069,0.004);
#3310=ELLIPSE('',#4768,0.00565685424949238,0.004);
#3311=ELLIPSE('',#4771,0.00565685424949238,0.004);
#3312=ELLIPSE('',#4773,0.00565685424949238,0.004);
#3313=ELLIPSE('',#4775,0.00565685424949238,0.004);
#3314=ELLIPSE('',#4777,0.00565685424949238,0.004);
#3315=ELLIPSE('',#4800,0.012758569546006,0.0127584622847961);
#3316=ELLIPSE('',#4801,0.0140348090586788,0.0127584622847961);
#3317=ELLIPSE('',#4808,0.0060000215561181,0.006);
#3318=ELLIPSE('',#4810,0.00600357641556447,0.006);
#3319=ELLIPSE('',#4820,0.0060000215561181,0.006);
#3320=ELLIPSE('',#4826,0.006000194002275,0.006);
#3321=ELLIPSE('',#4840,0.00600357641556447,0.006);
#3322=ELLIPSE('',#4842,0.00600357641556447,0.006);
#3323=ELLIPSE('',#4844,0.00600357641556447,0.006);
#3324=EDGE_LOOP('',(#1032,#1033,#1034,#1035,#1036,#1037,#1038,#1039));
#3325=EDGE_LOOP('',(#1040,#1041,#1042,#1043));
#3326=EDGE_LOOP('',(#1044,#1045,#1046,#1047,#1048,#1049,#1050,#1051,#1052,
#1053,#1054,#1055,#1056,#1057,#1058,#1059,#1060,#1061,#1062,#1063,#1064,
#1065,#1066,#1067,#1068));
#3327=EDGE_LOOP('',(#1069,#1070,#1071,#1072,#1073,#1074));
#3328=EDGE_LOOP('',(#1075,#1076,#1077,#1078));
#3329=EDGE_LOOP('',(#1079,#1080,#1081,#1082));
#3330=EDGE_LOOP('',(#1083,#1084,#1085,#1086));
#3331=EDGE_LOOP('',(#1087,#1088,#1089,#1090,#1091,#1092,#1093,#1094));
#3332=EDGE_LOOP('',(#1095,#1096,#1097,#1098));
#3333=EDGE_LOOP('',(#1099,#1100,#1101,#1102,#1103));
#3334=EDGE_LOOP('',(#1104,#1105,#1106,#1107,#1108,#1109,#1110,#1111,#1112));
#3335=EDGE_LOOP('',(#1113,#1114,#1115,#1116));
#3336=EDGE_LOOP('',(#1117,#1118,#1119,#1120));
#3337=EDGE_LOOP('',(#1121));
#3338=EDGE_LOOP('',(#1122,#1123,#1124,#1125,#1126,#1127,#1128));
#3339=EDGE_LOOP('',(#1129));
#3340=EDGE_LOOP('',(#1130,#1131,#1132,#1133,#1134,#1135,#1136));
#3341=EDGE_LOOP('',(#1137,#1138,#1139,#1140));
#3342=EDGE_LOOP('',(#1141,#1142,#1143,#1144));
#3343=EDGE_LOOP('',(#1145));
#3344=EDGE_LOOP('',(#1146,#1147,#1148,#1149,#1150,#1151));
#3345=EDGE_LOOP('',(#1152,#1153,#1154,#1155,#1156,#1157,#1158,#1159));
#3346=EDGE_LOOP('',(#1160,#1161,#1162,#1163));
#3347=EDGE_LOOP('',(#1164,#1165,#1166,#1167));
#3348=EDGE_LOOP('',(#1168,#1169,#1170,#1171,#1172,#1173,#1174,#1175,#1176,
#1177,#1178,#1179,#1180,#1181,#1182,#1183,#1184,#1185,#1186,#1187,#1188,
#1189,#1190,#1191,#1192,#1193,#1194,#1195,#1196,#1197,#1198,#1199));
#3349=EDGE_LOOP('',(#1200));
#3350=EDGE_LOOP('',(#1201));
#3351=EDGE_LOOP('',(#1202));
#3352=EDGE_LOOP('',(#1203));
#3353=EDGE_LOOP('',(#1204));
#3354=EDGE_LOOP('',(#1205));
#3355=EDGE_LOOP('',(#1206));
#3356=EDGE_LOOP('',(#1207));
#3357=EDGE_LOOP('',(#1208));
#3358=EDGE_LOOP('',(#1209));
#3359=EDGE_LOOP('',(#1210));
#3360=EDGE_LOOP('',(#1211));
#3361=EDGE_LOOP('',(#1212));
#3362=EDGE_LOOP('',(#1213));
#3363=EDGE_LOOP('',(#1214));
#3364=EDGE_LOOP('',(#1215));
#3365=EDGE_LOOP('',(#1216));
#3366=EDGE_LOOP('',(#1217));
#3367=EDGE_LOOP('',(#1218));
#3368=EDGE_LOOP('',(#1219));
#3369=EDGE_LOOP('',(#1220));
#3370=EDGE_LOOP('',(#1221));
#3371=EDGE_LOOP('',(#1222));
#3372=EDGE_LOOP('',(#1223));
#3373=EDGE_LOOP('',(#1224));
#3374=EDGE_LOOP('',(#1225));
#3375=EDGE_LOOP('',(#1226));
#3376=EDGE_LOOP('',(#1227,#1228,#1229,#1230));
#3377=EDGE_LOOP('',(#1231,#1232,#1233,#1234));
#3378=EDGE_LOOP('',(#1235,#1236));
#3379=EDGE_LOOP('',(#1237,#1238));
#3380=EDGE_LOOP('',(#1239));
#3381=EDGE_LOOP('',(#1240));
#3382=EDGE_LOOP('',(#1241));
#3383=EDGE_LOOP('',(#1242,#1243,#1244,#1245,#1246,#1247,#1248,#1249,#1250,
#1251,#1252,#1253,#1254));
#3384=EDGE_LOOP('',(#1255,#1256,#1257,#1258,#1259,#1260,#1261,#1262,#1263));
#3385=EDGE_LOOP('',(#1264,#1265,#1266,#1267,#1268,#1269));
#3386=EDGE_LOOP('',(#1270,#1271,#1272,#1273));
#3387=EDGE_LOOP('',(#1274,#1275,#1276,#1277));
#3388=EDGE_LOOP('',(#1278));
#3389=EDGE_LOOP('',(#1279,#1280,#1281,#1282,#1283));
#3390=EDGE_LOOP('',(#1284));
#3391=EDGE_LOOP('',(#1285,#1286,#1287,#1288));
#3392=EDGE_LOOP('',(#1289));
#3393=EDGE_LOOP('',(#1290,#1291,#1292,#1293,#1294,#1295));
#3394=EDGE_LOOP('',(#1296));
#3395=EDGE_LOOP('',(#1297,#1298,#1299,#1300,#1301,#1302,#1303,#1304));
#3396=EDGE_LOOP('',(#1305));
#3397=EDGE_LOOP('',(#1306));
#3398=EDGE_LOOP('',(#1307));
#3399=EDGE_LOOP('',(#1308));
#3400=EDGE_LOOP('',(#1309));
#3401=EDGE_LOOP('',(#1310));
#3402=EDGE_LOOP('',(#1311));
#3403=EDGE_LOOP('',(#1312));
#3404=EDGE_LOOP('',(#1313));
#3405=EDGE_LOOP('',(#1314));
#3406=EDGE_LOOP('',(#1315));
#3407=EDGE_LOOP('',(#1316));
#3408=EDGE_LOOP('',(#1317));
#3409=EDGE_LOOP('',(#1318));
#3410=EDGE_LOOP('',(#1319));
#3411=EDGE_LOOP('',(#1320));
#3412=EDGE_LOOP('',(#1321));
#3413=EDGE_LOOP('',(#1322));
#3414=EDGE_LOOP('',(#1323));
#3415=EDGE_LOOP('',(#1324));
#3416=EDGE_LOOP('',(#1325));
#3417=EDGE_LOOP('',(#1326));
#3418=EDGE_LOOP('',(#1327));
#3419=EDGE_LOOP('',(#1328));
#3420=EDGE_LOOP('',(#1329));
#3421=EDGE_LOOP('',(#1330));
#3422=EDGE_LOOP('',(#1331));
#3423=EDGE_LOOP('',(#1332));
#3424=EDGE_LOOP('',(#1333,#1334,#1335,#1336));
#3425=EDGE_LOOP('',(#1337));
#3426=EDGE_LOOP('',(#1338));
#3427=EDGE_LOOP('',(#1339));
#3428=EDGE_LOOP('',(#1340));
#3429=EDGE_LOOP('',(#1341));
#3430=EDGE_LOOP('',(#1342));
#3431=EDGE_LOOP('',(#1343));
#3432=EDGE_LOOP('',(#1344));
#3433=EDGE_LOOP('',(#1345));
#3434=EDGE_LOOP('',(#1346));
#3435=EDGE_LOOP('',(#1347));
#3436=EDGE_LOOP('',(#1348));
#3437=EDGE_LOOP('',(#1349));
#3438=EDGE_LOOP('',(#1350));
#3439=EDGE_LOOP('',(#1351));
#3440=EDGE_LOOP('',(#1352));
#3441=EDGE_LOOP('',(#1353));
#3442=EDGE_LOOP('',(#1354));
#3443=EDGE_LOOP('',(#1355));
#3444=EDGE_LOOP('',(#1356));
#3445=EDGE_LOOP('',(#1357));
#3446=EDGE_LOOP('',(#1358));
#3447=EDGE_LOOP('',(#1359));
#3448=EDGE_LOOP('',(#1360));
#3449=EDGE_LOOP('',(#1361));
#3450=EDGE_LOOP('',(#1362));
#3451=EDGE_LOOP('',(#1363));
#3452=EDGE_LOOP('',(#1364));
#3453=EDGE_LOOP('',(#1365));
#3454=EDGE_LOOP('',(#1366));
#3455=EDGE_LOOP('',(#1367));
#3456=EDGE_LOOP('',(#1368));
#3457=EDGE_LOOP('',(#1369));
#3458=EDGE_LOOP('',(#1370));
#3459=EDGE_LOOP('',(#1371));
#3460=EDGE_LOOP('',(#1372));
#3461=EDGE_LOOP('',(#1373));
#3462=EDGE_LOOP('',(#1374));
#3463=EDGE_LOOP('',(#1375));
#3464=EDGE_LOOP('',(#1376));
#3465=EDGE_LOOP('',(#1377));
#3466=EDGE_LOOP('',(#1378));
#3467=EDGE_LOOP('',(#1379));
#3468=EDGE_LOOP('',(#1380));
#3469=EDGE_LOOP('',(#1381));
#3470=EDGE_LOOP('',(#1382,#1383,#1384,#1385,#1386,#1387,#1388,#1389));
#3471=EDGE_LOOP('',(#1390,#1391,#1392,#1393,#1394));
#3472=EDGE_LOOP('',(#1395,#1396,#1397,#1398));
#3473=EDGE_LOOP('',(#1399,#1400,#1401,#1402));
#3474=EDGE_LOOP('',(#1403,#1404,#1405,#1406,#1407));
#3475=EDGE_LOOP('',(#1408,#1409,#1410,#1411));
#3476=EDGE_LOOP('',(#1412,#1413,#1414,#1415));
#3477=EDGE_LOOP('',(#1416,#1417,#1418,#1419,#1420));
#3478=EDGE_LOOP('',(#1421,#1422,#1423,#1424));
#3479=EDGE_LOOP('',(#1425,#1426,#1427,#1428,#1429,#1430));
#3480=EDGE_LOOP('',(#1431));
#3481=EDGE_LOOP('',(#1432,#1433,#1434,#1435,#1436));
#3482=EDGE_LOOP('',(#1437,#1438,#1439,#1440));
#3483=EDGE_LOOP('',(#1441,#1442,#1443,#1444,#1445));
#3484=EDGE_LOOP('',(#1446,#1447,#1448,#1449,#1450,#1451));
#3485=EDGE_LOOP('',(#1452,#1453,#1454,#1455,#1456,#1457,#1458,#1459,#1460,
#1461,#1462,#1463,#1464,#1465,#1466,#1467,#1468,#1469,#1470,#1471,#1472,
#1473,#1474,#1475,#1476,#1477));
#3486=EDGE_LOOP('',(#1478));
#3487=EDGE_LOOP('',(#1479));
#3488=EDGE_LOOP('',(#1480));
#3489=EDGE_LOOP('',(#1481));
#3490=EDGE_LOOP('',(#1482));
#3491=EDGE_LOOP('',(#1483));
#3492=EDGE_LOOP('',(#1484));
#3493=EDGE_LOOP('',(#1485));
#3494=EDGE_LOOP('',(#1486));
#3495=EDGE_LOOP('',(#1487));
#3496=EDGE_LOOP('',(#1488));
#3497=EDGE_LOOP('',(#1489));
#3498=EDGE_LOOP('',(#1490));
#3499=EDGE_LOOP('',(#1491));
#3500=EDGE_LOOP('',(#1492));
#3501=EDGE_LOOP('',(#1493));
#3502=EDGE_LOOP('',(#1494));
#3503=EDGE_LOOP('',(#1495));
#3504=EDGE_LOOP('',(#1496,#1497,#1498,#1499,#1500));
#3505=EDGE_LOOP('',(#1501,#1502,#1503,#1504));
#3506=EDGE_LOOP('',(#1505,#1506,#1507,#1508,#1509));
#3507=EDGE_LOOP('',(#1510,#1511,#1512,#1513,#1514,#1515));
#3508=EDGE_LOOP('',(#1516,#1517,#1518,#1519,#1520));
#3509=EDGE_LOOP('',(#1521,#1522,#1523,#1524,#1525,#1526));
#3510=EDGE_LOOP('',(#1527));
#3511=EDGE_LOOP('',(#1528));
#3512=EDGE_LOOP('',(#1529));
#3513=EDGE_LOOP('',(#1530));
#3514=EDGE_LOOP('',(#1531));
#3515=EDGE_LOOP('',(#1532));
#3516=EDGE_LOOP('',(#1533));
#3517=EDGE_LOOP('',(#1534));
#3518=EDGE_LOOP('',(#1535));
#3519=EDGE_LOOP('',(#1536));
#3520=EDGE_LOOP('',(#1537));
#3521=EDGE_LOOP('',(#1538));
#3522=EDGE_LOOP('',(#1539));
#3523=EDGE_LOOP('',(#1540));
#3524=EDGE_LOOP('',(#1541));
#3525=EDGE_LOOP('',(#1542));
#3526=EDGE_LOOP('',(#1543));
#3527=EDGE_LOOP('',(#1544));
#3528=EDGE_LOOP('',(#1545,#1546,#1547,#1548,#1549,#1550));
#3529=EDGE_LOOP('',(#1551,#1552,#1553,#1554,#1555));
#3530=EDGE_LOOP('',(#1556,#1557,#1558,#1559,#1560));
#3531=EDGE_LOOP('',(#1561,#1562,#1563,#1564));
#3532=EDGE_LOOP('',(#1565,#1566,#1567,#1568));
#3533=EDGE_LOOP('',(#1569,#1570,#1571,#1572));
#3534=EDGE_LOOP('',(#1573,#1574,#1575,#1576,#1577,#1578,#1579));
#3535=EDGE_LOOP('',(#1580,#1581,#1582,#1583));
#3536=EDGE_LOOP('',(#1584,#1585,#1586,#1587));
#3537=EDGE_LOOP('',(#1588,#1589,#1590,#1591,#1592,#1593));
#3538=EDGE_LOOP('',(#1594,#1595,#1596,#1597));
#3539=EDGE_LOOP('',(#1598,#1599,#1600,#1601));
#3540=EDGE_LOOP('',(#1602,#1603,#1604,#1605));
#3541=EDGE_LOOP('',(#1606,#1607,#1608,#1609,#1610,#1611,#1612));
#3542=EDGE_LOOP('',(#1613,#1614,#1615,#1616));
#3543=EDGE_LOOP('',(#1617,#1618,#1619,#1620));
#3544=EDGE_LOOP('',(#1621,#1622,#1623,#1624));
#3545=EDGE_LOOP('',(#1625,#1626,#1627,#1628,#1629));
#3546=EDGE_LOOP('',(#1630,#1631,#1632,#1633,#1634));
#3547=EDGE_LOOP('',(#1635,#1636,#1637,#1638));
#3548=EDGE_LOOP('',(#1639,#1640,#1641,#1642));
#3549=EDGE_LOOP('',(#1643,#1644,#1645,#1646));
#3550=EDGE_LOOP('',(#1647,#1648,#1649,#1650));
#3551=EDGE_LOOP('',(#1651,#1652,#1653,#1654));
#3552=EDGE_LOOP('',(#1655,#1656,#1657,#1658));
#3553=EDGE_LOOP('',(#1659,#1660,#1661,#1662));
#3554=EDGE_LOOP('',(#1663,#1664,#1665,#1666,#1667));
#3555=EDGE_LOOP('',(#1668,#1669,#1670,#1671));
#3556=EDGE_LOOP('',(#1672,#1673,#1674,#1675));
#3557=EDGE_LOOP('',(#1676,#1677,#1678,#1679));
#3558=EDGE_LOOP('',(#1680,#1681,#1682,#1683));
#3559=EDGE_LOOP('',(#1684,#1685,#1686,#1687));
#3560=EDGE_LOOP('',(#1688,#1689,#1690,#1691));
#3561=EDGE_LOOP('',(#1692,#1693,#1694,#1695));
#3562=EDGE_LOOP('',(#1696,#1697,#1698,#1699,#1700));
#3563=EDGE_LOOP('',(#1701,#1702,#1703,#1704,#1705,#1706,#1707,#1708));
#3564=EDGE_LOOP('',(#1709,#1710,#1711,#1712,#1713));
#3565=EDGE_LOOP('',(#1714));
#3566=EDGE_LOOP('',(#1715));
#3567=EDGE_LOOP('',(#1716,#1717,#1718,#1719));
#3568=EDGE_LOOP('',(#1720,#1721,#1722,#1723,#1724,#1725,#1726,#1727,#1728,
#1729,#1730,#1731,#1732));
#3569=EDGE_LOOP('',(#1733,#1734,#1735,#1736));
#3570=EDGE_LOOP('',(#1737));
#3571=EDGE_LOOP('',(#1738));
#3572=EDGE_LOOP('',(#1739,#1740,#1741,#1742,#1743,#1744,#1745,#1746));
#3573=EDGE_LOOP('',(#1747,#1748,#1749,#1750,#1751,#1752,#1753,#1754,#1755,
#1756,#1757,#1758));
#3574=EDGE_LOOP('',(#1759,#1760,#1761,#1762));
#3575=EDGE_LOOP('',(#1763,#1764,#1765,#1766));
#3576=EDGE_LOOP('',(#1767,#1768,#1769,#1770));
#3577=EDGE_LOOP('',(#1771,#1772,#1773));
#3578=EDGE_LOOP('',(#1774,#1775,#1776,#1777));
#3579=EDGE_LOOP('',(#1778));
#3580=EDGE_LOOP('',(#1779,#1780,#1781,#1782,#1783,#1784,#1785,#1786,#1787));
#3581=EDGE_LOOP('',(#1788,#1789,#1790,#1791));
#3582=EDGE_LOOP('',(#1792,#1793,#1794,#1795));
#3583=EDGE_LOOP('',(#1796,#1797,#1798,#1799));
#3584=EDGE_LOOP('',(#1800,#1801,#1802,#1803));
#3585=EDGE_LOOP('',(#1804,#1805,#1806,#1807));
#3586=EDGE_LOOP('',(#1808,#1809,#1810,#1811));
#3587=EDGE_LOOP('',(#1812));
#3588=EDGE_LOOP('',(#1813,#1814,#1815,#1816,#1817,#1818));
#3589=EDGE_LOOP('',(#1819));
#3590=EDGE_LOOP('',(#1820,#1821,#1822,#1823,#1824,#1825));
#3591=EDGE_LOOP('',(#1826));
#3592=EDGE_LOOP('',(#1827));
#3593=EDGE_LOOP('',(#1828));
#3594=EDGE_LOOP('',(#1829));
#3595=EDGE_LOOP('',(#1830));
#3596=EDGE_LOOP('',(#1831,#1832,#1833,#1834));
#3597=EDGE_LOOP('',(#1835,#1836,#1837,#1838));
#3598=EDGE_LOOP('',(#1839,#1840,#1841,#1842));
#3599=EDGE_LOOP('',(#1843,#1844,#1845,#1846));
#3600=EDGE_LOOP('',(#1847));
#3601=EDGE_LOOP('',(#1848));
#3602=EDGE_LOOP('',(#1849));
#3603=EDGE_LOOP('',(#1850));
#3604=EDGE_LOOP('',(#1851));
#3605=EDGE_LOOP('',(#1852,#1853,#1854,#1855));
#3606=EDGE_LOOP('',(#1856,#1857,#1858,#1859));
#3607=EDGE_LOOP('',(#1860,#1861,#1862,#1863));
#3608=EDGE_LOOP('',(#1864,#1865,#1866,#1867));
#3609=EDGE_LOOP('',(#1868,#1869,#1870,#1871));
#3610=EDGE_LOOP('',(#1872,#1873,#1874,#1875));
#3611=EDGE_LOOP('',(#1876));
#3612=EDGE_LOOP('',(#1877,#1878,#1879,#1880,#1881,#1882));
#3613=EDGE_LOOP('',(#1883));
#3614=EDGE_LOOP('',(#1884,#1885,#1886,#1887,#1888,#1889));
#3615=EDGE_LOOP('',(#1890));
#3616=EDGE_LOOP('',(#1891));
#3617=EDGE_LOOP('',(#1892));
#3618=EDGE_LOOP('',(#1893));
#3619=EDGE_LOOP('',(#1894));
#3620=EDGE_LOOP('',(#1895,#1896,#1897,#1898));
#3621=EDGE_LOOP('',(#1899,#1900,#1901,#1902));
#3622=EDGE_LOOP('',(#1903,#1904,#1905,#1906));
#3623=EDGE_LOOP('',(#1907,#1908,#1909,#1910,#1911,#1912));
#3624=EDGE_LOOP('',(#1913));
#3625=EDGE_LOOP('',(#1914));
#3626=EDGE_LOOP('',(#1915));
#3627=EDGE_LOOP('',(#1916));
#3628=EDGE_LOOP('',(#1917));
#3629=EDGE_LOOP('',(#1918));
#3630=EDGE_LOOP('',(#1919,#1920,#1921,#1922));
#3631=EDGE_LOOP('',(#1923,#1924,#1925,#1926));
#3632=EDGE_LOOP('',(#1927,#1928,#1929,#1930));
#3633=EDGE_LOOP('',(#1931,#1932,#1933,#1934));
#3634=EDGE_LOOP('',(#1935,#1936,#1937,#1938));
#3635=EDGE_LOOP('',(#1939,#1940,#1941,#1942));
#3636=EDGE_LOOP('',(#1943));
#3637=EDGE_LOOP('',(#1944,#1945,#1946,#1947,#1948,#1949));
#3638=EDGE_LOOP('',(#1950));
#3639=EDGE_LOOP('',(#1951,#1952,#1953,#1954,#1955,#1956));
#3640=EDGE_LOOP('',(#1957));
#3641=EDGE_LOOP('',(#1958));
#3642=EDGE_LOOP('',(#1959));
#3643=EDGE_LOOP('',(#1960));
#3644=EDGE_LOOP('',(#1961));
#3645=EDGE_LOOP('',(#1962,#1963,#1964,#1965,#1966));
#3646=EDGE_LOOP('',(#1967,#1968,#1969,#1970));
#3647=EDGE_LOOP('',(#1971,#1972,#1973,#1974,#1975,#1976,#1977,#1978,#1979,
#1980,#1981,#1982,#1983));
#3648=EDGE_LOOP('',(#1984,#1985,#1986,#1987,#1988,#1989,#1990,#1991));
#3649=EDGE_LOOP('',(#1992,#1993,#1994));
#3650=EDGE_LOOP('',(#1995,#1996,#1997));
#3651=EDGE_LOOP('',(#1998,#1999,#2000));
#3652=EDGE_LOOP('',(#2001,#2002,#2003));
#3653=EDGE_LOOP('',(#2004,#2005,#2006,#2007,#2008,#2009,#2010,#2011));
#3654=EDGE_LOOP('',(#2012));
#3655=EDGE_LOOP('',(#2013,#2014,#2015,#2016,#2017,#2018,#2019,#2020));
#3656=EDGE_LOOP('',(#2021,#2022,#2023,#2024));
#3657=EDGE_LOOP('',(#2025,#2026,#2027,#2028));
#3658=EDGE_LOOP('',(#2029,#2030,#2031,#2032));
#3659=EDGE_LOOP('',(#2033,#2034,#2035,#2036));
#3660=EDGE_LOOP('',(#2037,#2038,#2039,#2040));
#3661=EDGE_LOOP('',(#2041,#2042,#2043,#2044,#2045,#2046));
#3662=EDGE_LOOP('',(#2047));
#3663=EDGE_LOOP('',(#2048));
#3664=EDGE_LOOP('',(#2049));
#3665=EDGE_LOOP('',(#2050,#2051,#2052,#2053,#2054,#2055));
#3666=EDGE_LOOP('',(#2056,#2057,#2058,#2059,#2060,#2061,#2062,#2063));
#3667=EDGE_LOOP('',(#2064,#2065,#2066,#2067));
#3668=EDGE_LOOP('',(#2068,#2069,#2070,#2071));
#3669=EDGE_LOOP('',(#2072,#2073,#2074,#2075));
#3670=EDGE_LOOP('',(#2076,#2077,#2078,#2079,#2080));
#3671=EDGE_LOOP('',(#2081,#2082,#2083,#2084,#2085));
#3672=EDGE_LOOP('',(#2086,#2087,#2088,#2089));
#3673=EDGE_LOOP('',(#2090,#2091,#2092,#2093,#2094,#2095,#2096,#2097));
#3674=EDGE_LOOP('',(#2098,#2099,#2100));
#3675=EDGE_LOOP('',(#2101,#2102,#2103));
#3676=EDGE_LOOP('',(#2104,#2105,#2106));
#3677=EDGE_LOOP('',(#2107,#2108,#2109,#2110,#2111));
#3678=EDGE_LOOP('',(#2112,#2113,#2114,#2115,#2116));
#3679=EDGE_LOOP('',(#2117,#2118,#2119));
#3680=EDGE_LOOP('',(#2120,#2121,#2122,#2123,#2124,#2125,#2126,#2127));
#3681=EDGE_LOOP('',(#2128,#2129,#2130,#2131,#2132,#2133));
#3682=EDGE_LOOP('',(#2134,#2135,#2136,#2137,#2138,#2139,#2140,#2141));
#3683=EDGE_LOOP('',(#2142,#2143,#2144));
#3684=EDGE_LOOP('',(#2145,#2146,#2147));
#3685=EDGE_LOOP('',(#2148,#2149,#2150));
#3686=EDGE_LOOP('',(#2151,#2152,#2153,#2154,#2155));
#3687=EDGE_LOOP('',(#2156,#2157,#2158,#2159,#2160,#2161,#2162,#2163));
#3688=EDGE_LOOP('',(#2164,#2165,#2166,#2167,#2168));
#3689=EDGE_LOOP('',(#2169,#2170,#2171));
#3690=EDGE_LOOP('',(#2172,#2173,#2174,#2175,#2176,#2177,#2178,#2179));
#3691=EDGE_LOOP('',(#2180,#2181,#2182,#2183));
#3692=EDGE_LOOP('',(#2184,#2185,#2186,#2187));
#3693=EDGE_LOOP('',(#2188,#2189,#2190,#2191,#2192,#2193,#2194,#2195,#2196,
#2197));
#3694=EDGE_LOOP('',(#2198));
#3695=EDGE_LOOP('',(#2199,#2200,#2201,#2202,#2203,#2204));
#3696=EDGE_LOOP('',(#2205,#2206,#2207,#2208,#2209,#2210,#2211,#2212));
#3697=EDGE_LOOP('',(#2213,#2214,#2215,#2216));
#3698=EDGE_LOOP('',(#2217,#2218,#2219,#2220));
#3699=EDGE_LOOP('',(#2221,#2222,#2223,#2224));
#3700=EDGE_LOOP('',(#2225,#2226,#2227,#2228));
#3701=EDGE_LOOP('',(#2229,#2230,#2231,#2232));
#3702=EDGE_LOOP('',(#2233,#2234,#2235,#2236,#2237,#2238));
#3703=EDGE_LOOP('',(#2239));
#3704=EDGE_LOOP('',(#2240));
#3705=EDGE_LOOP('',(#2241));
#3706=FACE_BOUND('',#3324,.T.);
#3707=FACE_BOUND('',#3325,.T.);
#3708=FACE_BOUND('',#3326,.T.);
#3709=FACE_BOUND('',#3327,.T.);
#3710=FACE_BOUND('',#3328,.T.);
#3711=FACE_BOUND('',#3329,.T.);
#3712=FACE_BOUND('',#3330,.T.);
#3713=FACE_BOUND('',#3331,.T.);
#3714=FACE_BOUND('',#3332,.T.);
#3715=FACE_BOUND('',#3333,.T.);
#3716=FACE_BOUND('',#3334,.T.);
#3717=FACE_BOUND('',#3335,.T.);
#3718=FACE_BOUND('',#3336,.T.);
#3719=FACE_BOUND('',#3337,.T.);
#3720=FACE_BOUND('',#3338,.T.);
#3721=FACE_BOUND('',#3339,.T.);
#3722=FACE_BOUND('',#3340,.T.);
#3723=FACE_BOUND('',#3341,.T.);
#3724=FACE_BOUND('',#3342,.T.);
#3725=FACE_BOUND('',#3343,.T.);
#3726=FACE_BOUND('',#3344,.T.);
#3727=FACE_BOUND('',#3345,.T.);
#3728=FACE_BOUND('',#3346,.T.);
#3729=FACE_BOUND('',#3347,.T.);
#3730=FACE_BOUND('',#3348,.T.);
#3731=FACE_BOUND('',#3349,.T.);
#3732=FACE_BOUND('',#3350,.T.);
#3733=FACE_BOUND('',#3351,.T.);
#3734=FACE_BOUND('',#3352,.T.);
#3735=FACE_BOUND('',#3353,.T.);
#3736=FACE_BOUND('',#3354,.T.);
#3737=FACE_BOUND('',#3355,.T.);
#3738=FACE_BOUND('',#3356,.T.);
#3739=FACE_BOUND('',#3357,.T.);
#3740=FACE_BOUND('',#3358,.T.);
#3741=FACE_BOUND('',#3359,.T.);
#3742=FACE_BOUND('',#3360,.T.);
#3743=FACE_BOUND('',#3361,.T.);
#3744=FACE_BOUND('',#3362,.T.);
#3745=FACE_BOUND('',#3363,.T.);
#3746=FACE_BOUND('',#3364,.T.);
#3747=FACE_BOUND('',#3365,.T.);
#3748=FACE_BOUND('',#3366,.T.);
#3749=FACE_BOUND('',#3367,.T.);
#3750=FACE_BOUND('',#3368,.T.);
#3751=FACE_BOUND('',#3369,.T.);
#3752=FACE_BOUND('',#3370,.T.);
#3753=FACE_BOUND('',#3371,.T.);
#3754=FACE_BOUND('',#3372,.T.);
#3755=FACE_BOUND('',#3373,.T.);
#3756=FACE_BOUND('',#3374,.T.);
#3757=FACE_BOUND('',#3375,.T.);
#3758=FACE_BOUND('',#3376,.T.);
#3759=FACE_BOUND('',#3377,.T.);
#3760=FACE_BOUND('',#3378,.T.);
#3761=FACE_BOUND('',#3379,.T.);
#3762=FACE_BOUND('',#3380,.T.);
#3763=FACE_BOUND('',#3381,.T.);
#3764=FACE_BOUND('',#3382,.T.);
#3765=FACE_BOUND('',#3383,.T.);
#3766=FACE_BOUND('',#3384,.T.);
#3767=FACE_BOUND('',#3385,.T.);
#3768=FACE_BOUND('',#3386,.T.);
#3769=FACE_BOUND('',#3387,.T.);
#3770=FACE_BOUND('',#3388,.T.);
#3771=FACE_BOUND('',#3389,.T.);
#3772=FACE_BOUND('',#3390,.T.);
#3773=FACE_BOUND('',#3391,.T.);
#3774=FACE_BOUND('',#3392,.T.);
#3775=FACE_BOUND('',#3393,.T.);
#3776=FACE_BOUND('',#3394,.T.);
#3777=FACE_BOUND('',#3395,.T.);
#3778=FACE_BOUND('',#3396,.T.);
#3779=FACE_BOUND('',#3397,.T.);
#3780=FACE_BOUND('',#3398,.T.);
#3781=FACE_BOUND('',#3399,.T.);
#3782=FACE_BOUND('',#3400,.T.);
#3783=FACE_BOUND('',#3401,.T.);
#3784=FACE_BOUND('',#3402,.T.);
#3785=FACE_BOUND('',#3403,.T.);
#3786=FACE_BOUND('',#3404,.T.);
#3787=FACE_BOUND('',#3405,.T.);
#3788=FACE_BOUND('',#3406,.T.);
#3789=FACE_BOUND('',#3407,.T.);
#3790=FACE_BOUND('',#3408,.T.);
#3791=FACE_BOUND('',#3409,.T.);
#3792=FACE_BOUND('',#3410,.T.);
#3793=FACE_BOUND('',#3411,.T.);
#3794=FACE_BOUND('',#3412,.T.);
#3795=FACE_BOUND('',#3413,.T.);
#3796=FACE_BOUND('',#3414,.T.);
#3797=FACE_BOUND('',#3415,.T.);
#3798=FACE_BOUND('',#3416,.T.);
#3799=FACE_BOUND('',#3417,.T.);
#3800=FACE_BOUND('',#3418,.T.);
#3801=FACE_BOUND('',#3419,.T.);
#3802=FACE_BOUND('',#3420,.T.);
#3803=FACE_BOUND('',#3421,.T.);
#3804=FACE_BOUND('',#3422,.T.);
#3805=FACE_BOUND('',#3423,.T.);
#3806=FACE_BOUND('',#3424,.T.);
#3807=FACE_BOUND('',#3425,.T.);
#3808=FACE_BOUND('',#3426,.T.);
#3809=FACE_BOUND('',#3427,.T.);
#3810=FACE_BOUND('',#3428,.T.);
#3811=FACE_BOUND('',#3429,.T.);
#3812=FACE_BOUND('',#3430,.T.);
#3813=FACE_BOUND('',#3431,.T.);
#3814=FACE_BOUND('',#3432,.T.);
#3815=FACE_BOUND('',#3433,.T.);
#3816=FACE_BOUND('',#3434,.T.);
#3817=FACE_BOUND('',#3435,.T.);
#3818=FACE_BOUND('',#3436,.T.);
#3819=FACE_BOUND('',#3437,.T.);
#3820=FACE_BOUND('',#3438,.T.);
#3821=FACE_BOUND('',#3439,.T.);
#3822=FACE_BOUND('',#3440,.T.);
#3823=FACE_BOUND('',#3441,.T.);
#3824=FACE_BOUND('',#3442,.T.);
#3825=FACE_BOUND('',#3443,.T.);
#3826=FACE_BOUND('',#3444,.T.);
#3827=FACE_BOUND('',#3445,.T.);
#3828=FACE_BOUND('',#3446,.T.);
#3829=FACE_BOUND('',#3447,.T.);
#3830=FACE_BOUND('',#3448,.T.);
#3831=FACE_BOUND('',#3449,.T.);
#3832=FACE_BOUND('',#3450,.T.);
#3833=FACE_BOUND('',#3451,.T.);
#3834=FACE_BOUND('',#3452,.T.);
#3835=FACE_BOUND('',#3453,.T.);
#3836=FACE_BOUND('',#3454,.T.);
#3837=FACE_BOUND('',#3455,.T.);
#3838=FACE_BOUND('',#3456,.T.);
#3839=FACE_BOUND('',#3457,.T.);
#3840=FACE_BOUND('',#3458,.T.);
#3841=FACE_BOUND('',#3459,.T.);
#3842=FACE_BOUND('',#3460,.T.);
#3843=FACE_BOUND('',#3461,.T.);
#3844=FACE_BOUND('',#3462,.T.);
#3845=FACE_BOUND('',#3463,.T.);
#3846=FACE_BOUND('',#3464,.T.);
#3847=FACE_BOUND('',#3465,.T.);
#3848=FACE_BOUND('',#3466,.T.);
#3849=FACE_BOUND('',#3467,.T.);
#3850=FACE_BOUND('',#3468,.T.);
#3851=FACE_BOUND('',#3469,.T.);
#3852=FACE_BOUND('',#3470,.T.);
#3853=FACE_BOUND('',#3471,.T.);
#3854=FACE_BOUND('',#3472,.T.);
#3855=FACE_BOUND('',#3473,.T.);
#3856=FACE_BOUND('',#3474,.T.);
#3857=FACE_BOUND('',#3475,.T.);
#3858=FACE_BOUND('',#3476,.T.);
#3859=FACE_BOUND('',#3477,.T.);
#3860=FACE_BOUND('',#3478,.T.);
#3861=FACE_BOUND('',#3479,.T.);
#3862=FACE_BOUND('',#3480,.T.);
#3863=FACE_BOUND('',#3481,.T.);
#3864=FACE_BOUND('',#3482,.T.);
#3865=FACE_BOUND('',#3483,.T.);
#3866=FACE_BOUND('',#3484,.T.);
#3867=FACE_BOUND('',#3485,.T.);
#3868=FACE_BOUND('',#3486,.T.);
#3869=FACE_BOUND('',#3487,.T.);
#3870=FACE_BOUND('',#3488,.T.);
#3871=FACE_BOUND('',#3489,.T.);
#3872=FACE_BOUND('',#3490,.T.);
#3873=FACE_BOUND('',#3491,.T.);
#3874=FACE_BOUND('',#3492,.T.);
#3875=FACE_BOUND('',#3493,.T.);
#3876=FACE_BOUND('',#3494,.T.);
#3877=FACE_BOUND('',#3495,.T.);
#3878=FACE_BOUND('',#3496,.T.);
#3879=FACE_BOUND('',#3497,.T.);
#3880=FACE_BOUND('',#3498,.T.);
#3881=FACE_BOUND('',#3499,.T.);
#3882=FACE_BOUND('',#3500,.T.);
#3883=FACE_BOUND('',#3501,.T.);
#3884=FACE_BOUND('',#3502,.T.);
#3885=FACE_BOUND('',#3503,.T.);
#3886=FACE_BOUND('',#3504,.T.);
#3887=FACE_BOUND('',#3505,.T.);
#3888=FACE_BOUND('',#3506,.T.);
#3889=FACE_BOUND('',#3507,.T.);
#3890=FACE_BOUND('',#3508,.T.);
#3891=FACE_BOUND('',#3509,.T.);
#3892=FACE_BOUND('',#3510,.T.);
#3893=FACE_BOUND('',#3511,.T.);
#3894=FACE_BOUND('',#3512,.T.);
#3895=FACE_BOUND('',#3513,.T.);
#3896=FACE_BOUND('',#3514,.T.);
#3897=FACE_BOUND('',#3515,.T.);
#3898=FACE_BOUND('',#3516,.T.);
#3899=FACE_BOUND('',#3517,.T.);
#3900=FACE_BOUND('',#3518,.T.);
#3901=FACE_BOUND('',#3519,.T.);
#3902=FACE_BOUND('',#3520,.T.);
#3903=FACE_BOUND('',#3521,.T.);
#3904=FACE_BOUND('',#3522,.T.);
#3905=FACE_BOUND('',#3523,.T.);
#3906=FACE_BOUND('',#3524,.T.);
#3907=FACE_BOUND('',#3525,.T.);
#3908=FACE_BOUND('',#3526,.T.);
#3909=FACE_BOUND('',#3527,.T.);
#3910=FACE_BOUND('',#3528,.T.);
#3911=FACE_BOUND('',#3529,.T.);
#3912=FACE_BOUND('',#3530,.T.);
#3913=FACE_BOUND('',#3531,.T.);
#3914=FACE_BOUND('',#3532,.T.);
#3915=FACE_BOUND('',#3533,.T.);
#3916=FACE_BOUND('',#3534,.T.);
#3917=FACE_BOUND('',#3535,.T.);
#3918=FACE_BOUND('',#3536,.T.);
#3919=FACE_BOUND('',#3537,.T.);
#3920=FACE_BOUND('',#3538,.T.);
#3921=FACE_BOUND('',#3539,.T.);
#3922=FACE_BOUND('',#3540,.T.);
#3923=FACE_BOUND('',#3541,.T.);
#3924=FACE_BOUND('',#3542,.T.);
#3925=FACE_BOUND('',#3543,.T.);
#3926=FACE_BOUND('',#3544,.T.);
#3927=FACE_BOUND('',#3545,.T.);
#3928=FACE_BOUND('',#3546,.T.);
#3929=FACE_BOUND('',#3547,.T.);
#3930=FACE_BOUND('',#3548,.T.);
#3931=FACE_BOUND('',#3549,.T.);
#3932=FACE_BOUND('',#3550,.T.);
#3933=FACE_BOUND('',#3551,.T.);
#3934=FACE_BOUND('',#3552,.T.);
#3935=FACE_BOUND('',#3553,.T.);
#3936=FACE_BOUND('',#3554,.T.);
#3937=FACE_BOUND('',#3555,.T.);
#3938=FACE_BOUND('',#3556,.T.);
#3939=FACE_BOUND('',#3557,.T.);
#3940=FACE_BOUND('',#3558,.T.);
#3941=FACE_BOUND('',#3559,.T.);
#3942=FACE_BOUND('',#3560,.T.);
#3943=FACE_BOUND('',#3561,.T.);
#3944=FACE_BOUND('',#3562,.T.);
#3945=FACE_BOUND('',#3563,.T.);
#3946=FACE_BOUND('',#3564,.T.);
#3947=FACE_BOUND('',#3565,.T.);
#3948=FACE_BOUND('',#3566,.T.);
#3949=FACE_BOUND('',#3567,.T.);
#3950=FACE_BOUND('',#3568,.T.);
#3951=FACE_BOUND('',#3569,.T.);
#3952=FACE_BOUND('',#3570,.T.);
#3953=FACE_BOUND('',#3571,.T.);
#3954=FACE_BOUND('',#3572,.T.);
#3955=FACE_BOUND('',#3573,.T.);
#3956=FACE_BOUND('',#3574,.T.);
#3957=FACE_BOUND('',#3575,.T.);
#3958=FACE_BOUND('',#3576,.T.);
#3959=FACE_BOUND('',#3577,.T.);
#3960=FACE_BOUND('',#3578,.T.);
#3961=FACE_BOUND('',#3579,.T.);
#3962=FACE_BOUND('',#3580,.T.);
#3963=FACE_BOUND('',#3581,.T.);
#3964=FACE_BOUND('',#3582,.T.);
#3965=FACE_BOUND('',#3583,.T.);
#3966=FACE_BOUND('',#3584,.T.);
#3967=FACE_BOUND('',#3585,.T.);
#3968=FACE_BOUND('',#3586,.T.);
#3969=FACE_BOUND('',#3587,.T.);
#3970=FACE_BOUND('',#3588,.T.);
#3971=FACE_BOUND('',#3589,.T.);
#3972=FACE_BOUND('',#3590,.T.);
#3973=FACE_BOUND('',#3591,.T.);
#3974=FACE_BOUND('',#3592,.T.);
#3975=FACE_BOUND('',#3593,.T.);
#3976=FACE_BOUND('',#3594,.T.);
#3977=FACE_BOUND('',#3595,.T.);
#3978=FACE_BOUND('',#3596,.T.);
#3979=FACE_BOUND('',#3597,.T.);
#3980=FACE_BOUND('',#3598,.T.);
#3981=FACE_BOUND('',#3599,.T.);
#3982=FACE_BOUND('',#3600,.T.);
#3983=FACE_BOUND('',#3601,.T.);
#3984=FACE_BOUND('',#3602,.T.);
#3985=FACE_BOUND('',#3603,.T.);
#3986=FACE_BOUND('',#3604,.T.);
#3987=FACE_BOUND('',#3605,.T.);
#3988=FACE_BOUND('',#3606,.T.);
#3989=FACE_BOUND('',#3607,.T.);
#3990=FACE_BOUND('',#3608,.T.);
#3991=FACE_BOUND('',#3609,.T.);
#3992=FACE_BOUND('',#3610,.T.);
#3993=FACE_BOUND('',#3611,.T.);
#3994=FACE_BOUND('',#3612,.T.);
#3995=FACE_BOUND('',#3613,.T.);
#3996=FACE_BOUND('',#3614,.T.);
#3997=FACE_BOUND('',#3615,.T.);
#3998=FACE_BOUND('',#3616,.T.);
#3999=FACE_BOUND('',#3617,.T.);
#4000=FACE_BOUND('',#3618,.T.);
#4001=FACE_BOUND('',#3619,.T.);
#4002=FACE_BOUND('',#3620,.T.);
#4003=FACE_BOUND('',#3621,.T.);
#4004=FACE_BOUND('',#3622,.T.);
#4005=FACE_BOUND('',#3623,.T.);
#4006=FACE_BOUND('',#3624,.T.);
#4007=FACE_BOUND('',#3625,.T.);
#4008=FACE_BOUND('',#3626,.T.);
#4009=FACE_BOUND('',#3627,.T.);
#4010=FACE_BOUND('',#3628,.T.);
#4011=FACE_BOUND('',#3629,.T.);
#4012=FACE_BOUND('',#3630,.T.);
#4013=FACE_BOUND('',#3631,.T.);
#4014=FACE_BOUND('',#3632,.T.);
#4015=FACE_BOUND('',#3633,.T.);
#4016=FACE_BOUND('',#3634,.T.);
#4017=FACE_BOUND('',#3635,.T.);
#4018=FACE_BOUND('',#3636,.T.);
#4019=FACE_BOUND('',#3637,.T.);
#4020=FACE_BOUND('',#3638,.T.);
#4021=FACE_BOUND('',#3639,.T.);
#4022=FACE_BOUND('',#3640,.T.);
#4023=FACE_BOUND('',#3641,.T.);
#4024=FACE_BOUND('',#3642,.T.);
#4025=FACE_BOUND('',#3643,.T.);
#4026=FACE_BOUND('',#3644,.T.);
#4027=FACE_BOUND('',#3645,.T.);
#4028=FACE_BOUND('',#3646,.T.);
#4029=FACE_BOUND('',#3647,.T.);
#4030=FACE_BOUND('',#3648,.T.);
#4031=FACE_BOUND('',#3649,.T.);
#4032=FACE_BOUND('',#3650,.T.);
#4033=FACE_BOUND('',#3651,.T.);
#4034=FACE_BOUND('',#3652,.T.);
#4035=FACE_BOUND('',#3653,.T.);
#4036=FACE_BOUND('',#3654,.T.);
#4037=FACE_BOUND('',#3655,.T.);
#4038=FACE_BOUND('',#3656,.T.);
#4039=FACE_BOUND('',#3657,.T.);
#4040=FACE_BOUND('',#3658,.T.);
#4041=FACE_BOUND('',#3659,.T.);
#4042=FACE_BOUND('',#3660,.T.);
#4043=FACE_BOUND('',#3661,.T.);
#4044=FACE_BOUND('',#3662,.T.);
#4045=FACE_BOUND('',#3663,.T.);
#4046=FACE_BOUND('',#3664,.T.);
#4047=FACE_BOUND('',#3665,.T.);
#4048=FACE_BOUND('',#3666,.T.);
#4049=FACE_BOUND('',#3667,.T.);
#4050=FACE_BOUND('',#3668,.T.);
#4051=FACE_BOUND('',#3669,.T.);
#4052=FACE_BOUND('',#3670,.T.);
#4053=FACE_BOUND('',#3671,.T.);
#4054=FACE_BOUND('',#3672,.T.);
#4055=FACE_BOUND('',#3673,.T.);
#4056=FACE_BOUND('',#3674,.T.);
#4057=FACE_BOUND('',#3675,.T.);
#4058=FACE_BOUND('',#3676,.T.);
#4059=FACE_BOUND('',#3677,.T.);
#4060=FACE_BOUND('',#3678,.T.);
#4061=FACE_BOUND('',#3679,.T.);
#4062=FACE_BOUND('',#3680,.T.);
#4063=FACE_BOUND('',#3681,.T.);
#4064=FACE_BOUND('',#3682,.T.);
#4065=FACE_BOUND('',#3683,.T.);
#4066=FACE_BOUND('',#3684,.T.);
#4067=FACE_BOUND('',#3685,.T.);
#4068=FACE_BOUND('',#3686,.T.);
#4069=FACE_BOUND('',#3687,.T.);
#4070=FACE_BOUND('',#3688,.T.);
#4071=FACE_BOUND('',#3689,.T.);
#4072=FACE_BOUND('',#3690,.T.);
#4073=FACE_BOUND('',#3691,.T.);
#4074=FACE_BOUND('',#3692,.T.);
#4075=FACE_BOUND('',#3693,.T.);
#4076=FACE_BOUND('',#3694,.T.);
#4077=FACE_BOUND('',#3695,.T.);
#4078=FACE_BOUND('',#3696,.T.);
#4079=FACE_BOUND('',#3697,.T.);
#4080=FACE_BOUND('',#3698,.T.);
#4081=FACE_BOUND('',#3699,.T.);
#4082=FACE_BOUND('',#3700,.T.);
#4083=FACE_BOUND('',#3701,.T.);
#4084=FACE_BOUND('',#3702,.T.);
#4085=FACE_BOUND('',#3703,.T.);
#4086=FACE_BOUND('',#3704,.T.);
#4087=FACE_BOUND('',#3705,.T.);
#4088=PLANE('',#4541);
#4089=PLANE('',#4544);
#4090=PLANE('',#4546);
#4091=PLANE('',#4557);
#4092=PLANE('',#4558);
#4093=PLANE('',#4559);
#4094=PLANE('',#4560);
#4095=PLANE('',#4574);
#4096=PLANE('',#4575);
#4097=PLANE('',#4576);
#4098=PLANE('',#4578);
#4099=PLANE('',#4580);
#4100=PLANE('',#4581);
#4101=PLANE('',#4582);
#4102=PLANE('',#4584);
#4103=PLANE('',#4585);
#4104=PLANE('',#4586);
#4105=PLANE('',#4629);
#4106=PLANE('',#4630);
#4107=PLANE('',#4631);
#4108=PLANE('',#4637);
#4109=PLANE('',#4638);
#4110=PLANE('',#4639);
#4111=PLANE('',#4641);
#4112=PLANE('',#4644);
#4113=PLANE('',#4647);
#4114=PLANE('',#4649);
#4115=PLANE('',#4652);
#4116=PLANE('',#4684);
#4117=PLANE('',#4705);
#4118=PLANE('',#4706);
#4119=PLANE('',#4707);
#4120=PLANE('',#4708);
#4121=PLANE('',#4709);
#4122=PLANE('',#4710);
#4123=PLANE('',#4711);
#4124=PLANE('',#4712);
#4125=PLANE('',#4713);
#4126=PLANE('',#4714);
#4127=PLANE('',#4715);
#4128=PLANE('',#4716);
#4129=PLANE('',#4717);
#4130=PLANE('',#4718);
#4131=PLANE('',#4719);
#4132=PLANE('',#4720);
#4133=PLANE('',#4721);
#4134=PLANE('',#4722);
#4135=PLANE('',#4723);
#4136=PLANE('',#4724);
#4137=PLANE('',#4725);
#4138=PLANE('',#4726);
#4139=PLANE('',#4727);
#4140=PLANE('',#4728);
#4141=PLANE('',#4729);
#4142=PLANE('',#4733);
#4143=PLANE('',#4735);
#4144=PLANE('',#4736);
#4145=PLANE('',#4737);
#4146=PLANE('',#4739);
#4147=PLANE('',#4740);
#4148=PLANE('',#4741);
#4149=PLANE('',#4743);
#4150=PLANE('',#4744);
#4151=PLANE('',#4746);
#4152=PLANE('',#4756);
#4153=PLANE('',#4761);
#4154=PLANE('',#4766);
#4155=PLANE('',#4780);
#4156=PLANE('',#4785);
#4157=PLANE('',#4790);
#4158=PLANE('',#4796);
#4159=PLANE('',#4797);
#4160=PLANE('',#4798);
#4161=PLANE('',#4803);
#4162=PLANE('',#4804);
#4163=PLANE('',#4841);
#4164=PLANE('',#4843);
#4165=PLANE('',#4845);
#4166=PLANE('',#4846);
#4167=PLANE('',#4847);
#4168=PLANE('',#4848);
#4169=PLANE('',#4851);
#4170=PLANE('',#4854);
#4171=PLANE('',#4855);
#4172=PLANE('',#4858);
#4173=PLANE('',#4859);
#4174=PLANE('',#4861);
#4175=PLANE('',#4862);
#4176=PLANE('',#4863);
#4177=PLANE('',#4864);
#4178=PLANE('',#4865);
#4179=PLANE('',#4866);
#4180=PLANE('',#4867);
#4181=PLANE('',#4869);
#4182=PLANE('',#4871);
#4183=PLANE('',#4875);
#4184=PLANE('',#4876);
#4185=PLANE('',#4877);
#4186=PLANE('',#4878);
#4187=PLANE('',#4879);
#4188=PLANE('',#4883);
#4189=PLANE('',#4884);
#4190=PLANE('',#4885);
#4191=PLANE('',#4886);
#4192=PLANE('',#4887);
#4193=PLANE('',#4888);
#4194=PLANE('',#4889);
#4195=PLANE('',#4891);
#4196=PLANE('',#4896);
#4197=PLANE('',#4897);
#4198=PLANE('',#4898);
#4199=PLANE('',#4899);
#4200=PLANE('',#4900);
#4201=PLANE('',#4902);
#4202=PLANE('',#4906);
#4203=PLANE('',#4907);
#4204=PLANE('',#4908);
#4205=PLANE('',#4909);
#4206=PLANE('',#4910);
#4207=PLANE('',#4911);
#4208=PLANE('',#4912);
#4209=PLANE('',#4914);
#4210=PLANE('',#4916);
#4211=PLANE('',#4920);
#4212=PLANE('',#4921);
#4213=PLANE('',#4922);
#4214=PLANE('',#4929);
#4215=PLANE('',#4931);
#4216=PLANE('',#4933);
#4217=PLANE('',#4934);
#4218=PLANE('',#4937);
#4219=PLANE('',#4939);
#4220=PLANE('',#4940);
#4221=PLANE('',#4941);
#4222=PLANE('',#4942);
#4223=PLANE('',#4943);
#4224=PLANE('',#4944);
#4225=PLANE('',#4947);
#4226=PLANE('',#4954);
#4227=PLANE('',#4955);
#4228=PLANE('',#4956);
#4229=PLANE('',#4957);
#4230=PLANE('',#4958);
#4231=PLANE('',#4959);
#4232=PLANE('',#4960);
#4233=PLANE('',#4961);
#4234=PLANE('',#4962);
#4235=PLANE('',#4963);
#4236=PLANE('',#4964);
#4237=PLANE('',#4965);
#4238=PLANE('',#4966);
#4239=PLANE('',#4967);
#4240=PLANE('',#4973);
#4241=PLANE('',#4975);
#4242=PLANE('',#4977);
#4243=PLANE('',#4978);
#4244=PLANE('',#4979);
#4245=PLANE('',#4980);
#4246=PLANE('',#4981);
#4247=PLANE('',#4985);
#4248=PLANE('',#4986);
#4249=PLANE('',#4987);
#4250=PLANE('',#4988);
#4251=PLANE('',#4990);
#4252=PLANE('',#4991);
#4253=PLANE('',#4992);
#4254=PLANE('',#4993);
#4255=PLANE('',#4994);
#4256=PLANE('',#4995);
#4257=PLANE('',#4996);
#4258=PLANE('',#4999);
#4259=ADVANCED_FACE('',(#3706),#4088,.F.);
#4260=ADVANCED_FACE('',(#3707),#4089,.F.);
#4261=ADVANCED_FACE('',(#3708),#4090,.F.);
#4262=ADVANCED_FACE('',(#3709,#3710),#4091,.T.);
#4263=ADVANCED_FACE('',(#3711),#4092,.F.);
#4264=ADVANCED_FACE('',(#3712),#4093,.F.);
#4265=ADVANCED_FACE('',(#3713),#4094,.F.);
#4266=ADVANCED_FACE('',(#3714),#180,.T.);
#4267=ADVANCED_FACE('',(#3715),#181,.T.);
#4268=ADVANCED_FACE('',(#3716),#182,.F.);
#4269=ADVANCED_FACE('',(#3717),#4095,.T.);
#4270=ADVANCED_FACE('',(#3718),#4096,.T.);
#4271=ADVANCED_FACE('',(#3719,#3720),#4097,.F.);
#4272=ADVANCED_FACE('',(#3721,#3722),#4098,.T.);
#4273=ADVANCED_FACE('',(#3723),#4099,.T.);
#4274=ADVANCED_FACE('',(#3724),#4100,.T.);
#4275=ADVANCED_FACE('',(#3725,#3726),#4101,.T.);
#4276=ADVANCED_FACE('',(#3727,#3728),#4102,.T.);
#4277=ADVANCED_FACE('',(#3729),#4103,.F.);
#4278=ADVANCED_FACE('',(#3730,#3731,#3732,#3733,#3734,#3735,#3736,#3737,
#3738,#3739,#3740,#3741,#3742,#3743,#3744,#3745,#3746,#3747,#3748,#3749,
#3750,#3751,#3752,#3753,#3754,#3755,#3756,#3757),#4104,.T.);
#4279=ADVANCED_FACE('',(#3758),#183,.F.);
#4280=ADVANCED_FACE('',(#3759),#184,.F.);
#4281=ADVANCED_FACE('',(#3760),#4105,.T.);
#4282=ADVANCED_FACE('',(#3761),#4106,.T.);
#4283=ADVANCED_FACE('',(#3762,#3763,#3764,#3765),#4107,.F.);
#4284=ADVANCED_FACE('',(#3766),#4108,.F.);
#4285=ADVANCED_FACE('',(#3767),#4109,.T.);
#4286=ADVANCED_FACE('',(#3768),#4110,.F.);
#4287=ADVANCED_FACE('',(#3769),#4111,.F.);
#4288=ADVANCED_FACE('',(#3770,#3771),#4112,.F.);
#4289=ADVANCED_FACE('',(#3772,#3773),#4113,.F.);
#4290=ADVANCED_FACE('',(#3774,#3775),#4114,.T.);
#4291=ADVANCED_FACE('',(#3776,#3777),#4115,.T.);
#4292=ADVANCED_FACE('',(#3778,#3779),#185,.F.);
#4293=ADVANCED_FACE('',(#3780,#3781),#186,.F.);
#4294=ADVANCED_FACE('',(#3782,#3783),#187,.F.);
#4295=ADVANCED_FACE('',(#3784,#3785),#188,.F.);
#4296=ADVANCED_FACE('',(#3786,#3787),#189,.F.);
#4297=ADVANCED_FACE('',(#3788,#3789),#190,.F.);
#4298=ADVANCED_FACE('',(#3790,#3791),#191,.F.);
#4299=ADVANCED_FACE('',(#3792,#3793),#192,.F.);
#4300=ADVANCED_FACE('',(#3794,#3795),#193,.F.);
#4301=ADVANCED_FACE('',(#3796,#3797),#194,.F.);
#4302=ADVANCED_FACE('',(#3798,#3799),#195,.F.);
#4303=ADVANCED_FACE('',(#3800,#3801),#196,.F.);
#4304=ADVANCED_FACE('',(#3802,#3803),#197,.F.);
#4305=ADVANCED_FACE('',(#3804,#3805),#198,.F.);
#4306=ADVANCED_FACE('',(#3806),#4116,.F.);
#4307=ADVANCED_FACE('',(#3807,#3808),#199,.F.);
#4308=ADVANCED_FACE('',(#3809,#3810),#200,.F.);
#4309=ADVANCED_FACE('',(#3811,#3812),#201,.F.);
#4310=ADVANCED_FACE('',(#3813,#3814),#202,.F.);
#4311=ADVANCED_FACE('',(#3815,#3816),#203,.F.);
#4312=ADVANCED_FACE('',(#3817,#3818),#204,.F.);
#4313=ADVANCED_FACE('',(#3819,#3820),#205,.F.);
#4314=ADVANCED_FACE('',(#3821,#3822),#206,.F.);
#4315=ADVANCED_FACE('',(#3823,#3824),#207,.F.);
#4316=ADVANCED_FACE('',(#3825,#3826),#208,.F.);
#4317=ADVANCED_FACE('',(#3827),#4117,.T.);
#4318=ADVANCED_FACE('',(#3828),#4118,.T.);
#4319=ADVANCED_FACE('',(#3829),#4119,.T.);
#4320=ADVANCED_FACE('',(#3830),#4120,.T.);
#4321=ADVANCED_FACE('',(#3831),#4121,.T.);
#4322=ADVANCED_FACE('',(#3832),#4122,.T.);
#4323=ADVANCED_FACE('',(#3833),#4123,.T.);
#4324=ADVANCED_FACE('',(#3834),#4124,.T.);
#4325=ADVANCED_FACE('',(#3835),#4125,.T.);
#4326=ADVANCED_FACE('',(#3836),#4126,.T.);
#4327=ADVANCED_FACE('',(#3837),#4127,.T.);
#4328=ADVANCED_FACE('',(#3838),#4128,.T.);
#4329=ADVANCED_FACE('',(#3839),#4129,.T.);
#4330=ADVANCED_FACE('',(#3840),#4130,.T.);
#4331=ADVANCED_FACE('',(#3841),#4131,.T.);
#4332=ADVANCED_FACE('',(#3842),#4132,.T.);
#4333=ADVANCED_FACE('',(#3843),#4133,.T.);
#4334=ADVANCED_FACE('',(#3844),#4134,.T.);
#4335=ADVANCED_FACE('',(#3845),#4135,.T.);
#4336=ADVANCED_FACE('',(#3846),#4136,.T.);
#4337=ADVANCED_FACE('',(#3847),#4137,.T.);
#4338=ADVANCED_FACE('',(#3848),#4138,.T.);
#4339=ADVANCED_FACE('',(#3849),#4139,.T.);
#4340=ADVANCED_FACE('',(#3850),#4140,.T.);
#4341=ADVANCED_FACE('',(#3851,#3852),#4141,.T.);
#4342=ADVANCED_FACE('',(#3853),#4142,.T.);
#4343=ADVANCED_FACE('',(#3854),#4143,.T.);
#4344=ADVANCED_FACE('',(#3855),#4144,.T.);
#4345=ADVANCED_FACE('',(#3856),#4145,.T.);
#4346=ADVANCED_FACE('',(#3857),#4146,.T.);
#4347=ADVANCED_FACE('',(#3858),#4147,.T.);
#4348=ADVANCED_FACE('',(#3859),#4148,.F.);
#4349=ADVANCED_FACE('',(#3860),#4149,.F.);
#4350=ADVANCED_FACE('',(#3861),#4150,.F.);
#4351=ADVANCED_FACE('',(#3862,#3863),#4151,.F.);
#4352=ADVANCED_FACE('',(#3864),#209,.T.);
#4353=ADVANCED_FACE('',(#3865),#210,.T.);
#4354=ADVANCED_FACE('',(#3866),#211,.T.);
#4355=ADVANCED_FACE('',(#3867),#21,.T.);
#4356=ADVANCED_FACE('',(#3868,#3869),#212,.F.);
#4357=ADVANCED_FACE('',(#3870,#3871),#213,.F.);
#4358=ADVANCED_FACE('',(#3872,#3873),#4152,.F.);
#4359=ADVANCED_FACE('',(#3874,#3875),#214,.F.);
#4360=ADVANCED_FACE('',(#3876,#3877),#215,.F.);
#4361=ADVANCED_FACE('',(#3878,#3879),#4153,.F.);
#4362=ADVANCED_FACE('',(#3880,#3881),#216,.F.);
#4363=ADVANCED_FACE('',(#3882,#3883),#217,.F.);
#4364=ADVANCED_FACE('',(#3884,#3885),#4154,.F.);
#4365=ADVANCED_FACE('',(#3886),#218,.F.);
#4366=ADVANCED_FACE('',(#3887),#219,.F.);
#4367=ADVANCED_FACE('',(#3888),#220,.F.);
#4368=ADVANCED_FACE('',(#3889),#221,.F.);
#4369=ADVANCED_FACE('',(#3890),#222,.F.);
#4370=ADVANCED_FACE('',(#3891),#223,.F.);
#4371=ADVANCED_FACE('',(#3892,#3893),#224,.F.);
#4372=ADVANCED_FACE('',(#3894,#3895),#4155,.F.);
#4373=ADVANCED_FACE('',(#3896,#3897),#225,.F.);
#4374=ADVANCED_FACE('',(#3898,#3899),#226,.F.);
#4375=ADVANCED_FACE('',(#3900,#3901),#4156,.F.);
#4376=ADVANCED_FACE('',(#3902,#3903),#227,.F.);
#4377=ADVANCED_FACE('',(#3904,#3905),#228,.F.);
#4378=ADVANCED_FACE('',(#3906,#3907),#4157,.F.);
#4379=ADVANCED_FACE('',(#3908,#3909),#229,.F.);
#4380=ADVANCED_FACE('',(#3910),#230,.F.);
#4381=ADVANCED_FACE('',(#3911),#231,.F.);
#4382=ADVANCED_FACE('',(#3912),#232,.F.);
#4383=ADVANCED_FACE('',(#3913),#4158,.F.);
#4384=ADVANCED_FACE('',(#3914),#4159,.T.);
#4385=ADVANCED_FACE('',(#3915),#4160,.F.);
#4386=ADVANCED_FACE('',(#3916),#233,.T.);
#4387=ADVANCED_FACE('',(#3917),#4161,.F.);
#4388=ADVANCED_FACE('',(#3918),#4162,.F.);
#4389=ADVANCED_FACE('',(#3919),#234,.T.);
#4390=ADVANCED_FACE('',(#3920),#235,.T.);
#4391=ADVANCED_FACE('',(#3921),#236,.T.);
#4392=ADVANCED_FACE('',(#3922),#237,.T.);
#4393=ADVANCED_FACE('',(#3923),#238,.T.);
#4394=ADVANCED_FACE('',(#3924),#239,.T.);
#4395=ADVANCED_FACE('',(#3925),#240,.T.);
#4396=ADVANCED_FACE('',(#3926),#241,.F.);
#4397=ADVANCED_FACE('',(#3927),#12,.T.);
#4398=ADVANCED_FACE('',(#3928),#13,.T.);
#4399=ADVANCED_FACE('',(#3929),#14,.T.);
#4400=ADVANCED_FACE('',(#3930),#242,.T.);
#4401=ADVANCED_FACE('',(#3931),#15,.T.);
#4402=ADVANCED_FACE('',(#3932),#16,.T.);
#4403=ADVANCED_FACE('',(#3933),#243,.T.);
#4404=ADVANCED_FACE('',(#3934),#17,.T.);
#4405=ADVANCED_FACE('',(#3935),#244,.T.);
#4406=ADVANCED_FACE('',(#3936),#18,.T.);
#4407=ADVANCED_FACE('',(#3937),#19,.T.);
#4408=ADVANCED_FACE('',(#3938),#20,.T.);
#4409=ADVANCED_FACE('',(#3939),#22,.F.);
#4410=ADVANCED_FACE('',(#3940),#4163,.F.);
#4411=ADVANCED_FACE('',(#3941),#23,.F.);
#4412=ADVANCED_FACE('',(#3942),#4164,.F.);
#4413=ADVANCED_FACE('',(#3943),#24,.F.);
#4414=ADVANCED_FACE('',(#3944),#4165,.T.);
#4415=ADVANCED_FACE('',(#3945),#4166,.F.);
#4416=ADVANCED_FACE('',(#3946),#4167,.T.);
#4417=ADVANCED_FACE('',(#3947,#3948,#3949,#3950),#4168,.T.);
#4418=ADVANCED_FACE('',(#3951,#3952,#3953,#3954),#4169,.T.);
#4419=ADVANCED_FACE('',(#3955),#4170,.T.);
#4420=ADVANCED_FACE('',(#3956),#4171,.F.);
#4421=ADVANCED_FACE('',(#3957),#245,.F.);
#4422=ADVANCED_FACE('',(#3958),#246,.F.);
#4423=ADVANCED_FACE('',(#3959),#4172,.F.);
#4424=ADVANCED_FACE('',(#3960,#3961,#3962),#4173,.T.);
#4425=ADVANCED_FACE('',(#3963),#4174,.T.);
#4426=ADVANCED_FACE('',(#3964),#4175,.T.);
#4427=ADVANCED_FACE('',(#3965),#4176,.T.);
#4428=ADVANCED_FACE('',(#3966),#4177,.T.);
#4429=ADVANCED_FACE('',(#3967),#4178,.T.);
#4430=ADVANCED_FACE('',(#3968),#4179,.T.);
#4431=ADVANCED_FACE('',(#3969,#3970),#4180,.F.);
#4432=ADVANCED_FACE('',(#3971,#3972),#4181,.T.);
#4433=ADVANCED_FACE('',(#3973),#4182,.F.);
#4434=ADVANCED_FACE('',(#3974,#3975),#247,.F.);
#4435=ADVANCED_FACE('',(#3976,#3977),#248,.F.);
#4436=ADVANCED_FACE('',(#3978),#4183,.T.);
#4437=ADVANCED_FACE('',(#3979),#4184,.T.);
#4438=ADVANCED_FACE('',(#3980),#4185,.T.);
#4439=ADVANCED_FACE('',(#3981),#4186,.T.);
#4440=ADVANCED_FACE('',(#3982),#4187,.F.);
#4441=ADVANCED_FACE('',(#3983,#3984),#249,.F.);
#4442=ADVANCED_FACE('',(#3985,#3986),#250,.F.);
#4443=ADVANCED_FACE('',(#3987),#4188,.T.);
#4444=ADVANCED_FACE('',(#3988),#4189,.T.);
#4445=ADVANCED_FACE('',(#3989),#4190,.T.);
#4446=ADVANCED_FACE('',(#3990),#4191,.T.);
#4447=ADVANCED_FACE('',(#3991),#4192,.T.);
#4448=ADVANCED_FACE('',(#3992),#4193,.T.);
#4449=ADVANCED_FACE('',(#3993,#3994),#4194,.F.);
#4450=ADVANCED_FACE('',(#3995,#3996),#4195,.T.);
#4451=ADVANCED_FACE('',(#3997,#3998),#251,.F.);
#4452=ADVANCED_FACE('',(#3999,#4000),#252,.F.);
#4453=ADVANCED_FACE('',(#4001),#4196,.F.);
#4454=ADVANCED_FACE('',(#4002),#4197,.T.);
#4455=ADVANCED_FACE('',(#4003),#4198,.T.);
#4456=ADVANCED_FACE('',(#4004),#4199,.T.);
#4457=ADVANCED_FACE('',(#4005,#4006),#4200,.F.);
#4458=ADVANCED_FACE('',(#4007),#4201,.F.);
#4459=ADVANCED_FACE('',(#4008,#4009),#253,.F.);
#4460=ADVANCED_FACE('',(#4010,#4011),#254,.F.);
#4461=ADVANCED_FACE('',(#4012),#4202,.T.);
#4462=ADVANCED_FACE('',(#4013),#4203,.T.);
#4463=ADVANCED_FACE('',(#4014),#4204,.T.);
#4464=ADVANCED_FACE('',(#4015),#4205,.T.);
#4465=ADVANCED_FACE('',(#4016),#4206,.T.);
#4466=ADVANCED_FACE('',(#4017),#4207,.T.);
#4467=ADVANCED_FACE('',(#4018,#4019),#4208,.F.);
#4468=ADVANCED_FACE('',(#4020,#4021),#4209,.T.);
#4469=ADVANCED_FACE('',(#4022),#4210,.F.);
#4470=ADVANCED_FACE('',(#4023,#4024),#255,.F.);
#4471=ADVANCED_FACE('',(#4025,#4026),#256,.F.);
#4472=ADVANCED_FACE('',(#4027),#4211,.T.);
#4473=ADVANCED_FACE('',(#4028),#4212,.F.);
#4474=ADVANCED_FACE('',(#4029),#4213,.T.);
#4475=ADVANCED_FACE('',(#4030),#257,.F.);
#4476=ADVANCED_FACE('',(#4031),#4214,.T.);
#4477=ADVANCED_FACE('',(#4032),#4215,.T.);
#4478=ADVANCED_FACE('',(#4033),#4216,.T.);
#4479=ADVANCED_FACE('',(#4034),#4217,.T.);
#4480=ADVANCED_FACE('',(#4035),#258,.F.);
#4481=ADVANCED_FACE('',(#4036,#4037),#4218,.T.);
#4482=ADVANCED_FACE('',(#4038),#4219,.F.);
#4483=ADVANCED_FACE('',(#4039),#4220,.F.);
#4484=ADVANCED_FACE('',(#4040),#4221,.F.);
#4485=ADVANCED_FACE('',(#4041),#4222,.T.);
#4486=ADVANCED_FACE('',(#4042),#4223,.T.);
#4487=ADVANCED_FACE('',(#4043),#4224,.F.);
#4488=ADVANCED_FACE('',(#4044,#4045),#259,.F.);
#4489=ADVANCED_FACE('',(#4046),#4225,.F.);
#4490=ADVANCED_FACE('',(#4047),#260,.F.);
#4491=ADVANCED_FACE('',(#4048),#261,.F.);
#4492=ADVANCED_FACE('',(#4049),#4226,.F.);
#4493=ADVANCED_FACE('',(#4050),#4227,.F.);
#4494=ADVANCED_FACE('',(#4051),#4228,.F.);
#4495=ADVANCED_FACE('',(#4052),#4229,.T.);
#4496=ADVANCED_FACE('',(#4053),#4230,.T.);
#4497=ADVANCED_FACE('',(#4054,#4055),#4231,.T.);
#4498=ADVANCED_FACE('',(#4056),#4232,.T.);
#4499=ADVANCED_FACE('',(#4057),#4233,.T.);
#4500=ADVANCED_FACE('',(#4058),#4234,.T.);
#4501=ADVANCED_FACE('',(#4059),#4235,.F.);
#4502=ADVANCED_FACE('',(#4060),#4236,.T.);
#4503=ADVANCED_FACE('',(#4061),#4237,.T.);
#4504=ADVANCED_FACE('',(#4062),#4238,.T.);
#4505=ADVANCED_FACE('',(#4063),#4239,.F.);
#4506=ADVANCED_FACE('',(#4064),#262,.F.);
#4507=ADVANCED_FACE('',(#4065),#4240,.T.);
#4508=ADVANCED_FACE('',(#4066),#4241,.T.);
#4509=ADVANCED_FACE('',(#4067),#4242,.T.);
#4510=ADVANCED_FACE('',(#4068),#4243,.F.);
#4511=ADVANCED_FACE('',(#4069),#4244,.T.);
#4512=ADVANCED_FACE('',(#4070),#4245,.T.);
#4513=ADVANCED_FACE('',(#4071),#4246,.T.);
#4514=ADVANCED_FACE('',(#4072),#263,.F.);
#4515=ADVANCED_FACE('',(#4073),#4247,.T.);
#4516=ADVANCED_FACE('',(#4074),#4248,.F.);
#4517=ADVANCED_FACE('',(#4075),#4249,.T.);
#4518=ADVANCED_FACE('',(#4076,#4077),#4250,.T.);
#4519=ADVANCED_FACE('',(#4078),#4251,.T.);
#4520=ADVANCED_FACE('',(#4079),#4252,.F.);
#4521=ADVANCED_FACE('',(#4080),#4253,.F.);
#4522=ADVANCED_FACE('',(#4081),#4254,.F.);
#4523=ADVANCED_FACE('',(#4082),#4255,.T.);
#4524=ADVANCED_FACE('',(#4083),#4256,.T.);
#4525=ADVANCED_FACE('',(#4084),#4257,.F.);
#4526=ADVANCED_FACE('',(#4085,#4086),#264,.F.);
#4527=ADVANCED_FACE('',(#4087),#4258,.F.);
#4528=CLOSED_SHELL('',(#4259,#4260,#4261,#4262,#4263,#4264,#4265,#4266,
#4267,#4268,#4269,#4270,#4271,#4272,#4273,#4274,#4275,#4276,#4277,#4278,
#4279,#4280,#4281,#4282,#4283,#4284,#4285,#4286,#4287,#4288,#4289,#4290,
#4291,#4292,#4293,#4294,#4295,#4296,#4297,#4298,#4299,#4300,#4301,#4302,
#4303,#4304,#4305,#4306,#4307,#4308,#4309,#4310,#4311,#4312,#4313,#4314,
#4315,#4316,#4317,#4318,#4319,#4320,#4321,#4322,#4323,#4324,#4325,#4326,
#4327,#4328,#4329,#4330,#4331,#4332,#4333,#4334,#4335,#4336,#4337,#4338,
#4339,#4340,#4341,#4342,#4343,#4344,#4345,#4346,#4347,#4348,#4349,#4350,
#4351,#4352,#4353,#4354,#4355,#4356,#4357,#4358,#4359,#4360,#4361,#4362,
#4363,#4364,#4365,#4366,#4367,#4368,#4369,#4370,#4371,#4372,#4373,#4374,
#4375,#4376,#4377,#4378,#4379,#4380,#4381,#4382,#4383,#4384,#4385,#4386,
#4387,#4388,#4389,#4390,#4391,#4392,#4393,#4394,#4395,#4396,#4397,#4398,
#4399,#4400,#4401,#4402,#4403,#4404,#4405,#4406,#4407,#4408,#4409,#4410,
#4411,#4412,#4413,#4414,#4415,#4416,#4417,#4418,#4419,#4420,#4421,#4422,
#4423,#4424,#4425,#4426,#4427,#4428,#4429,#4430,#4431,#4432,#4433,#4434,
#4435,#4436,#4437,#4438,#4439,#4440,#4441,#4442,#4443,#4444,#4445,#4446,
#4447,#4448,#4449,#4450,#4451,#4452,#4453,#4454,#4455,#4456,#4457,#4458,
#4459,#4460,#4461,#4462,#4463,#4464,#4465,#4466,#4467,#4468,#4469,#4470,
#4471,#4472,#4473,#4474,#4475,#4476,#4477,#4478,#4479,#4480,#4481,#4482,
#4483,#4484,#4485,#4486,#4487,#4488,#4489,#4490,#4491,#4492,#4493,#4494,
#4495,#4496,#4497,#4498,#4499,#4500,#4501,#4502,#4503,#4504,#4505,#4506,
#4507,#4508,#4509,#4510,#4511,#4512,#4513,#4514,#4515,#4516,#4517,#4518,
#4519,#4520,#4521,#4522,#4523,#4524,#4525,#4526,#4527));
#4529=STYLED_ITEM('',(#4530),#4537);
#4530=PRESENTATION_STYLE_ASSIGNMENT((#4531));
#4531=SURFACE_STYLE_USAGE(.BOTH.,#4532);
#4532=SURFACE_SIDE_STYLE('',(#4533));
#4533=SURFACE_STYLE_FILL_AREA(#4534);
#4534=FILL_AREA_STYLE('',(#4535));
#4535=FILL_AREA_STYLE_COLOUR('',#4536);
#4536=COLOUR_RGB('',0.796078431372549,0.823529411764706,0.937254901960784);
#4537=MANIFOLD_SOLID_BREP('driver_side_palm_cover3',#4528);
#4538=SHAPE_DEFINITION_REPRESENTATION(#7929,#4539);
#4539=SHAPE_REPRESENTATION('driver_side_palm_cover3',(#4540),#7924);
#4540=AXIS2_PLACEMENT_3D('',#6285,#5000,#5001);
#4541=AXIS2_PLACEMENT_3D('',#6286,#5002,#5003);
#4542=AXIS2_PLACEMENT_3D('',#6287,#5004,#5005);
#4543=AXIS2_PLACEMENT_3D('',#6298,#5010,#5011);
#4544=AXIS2_PLACEMENT_3D('',#6306,#5013,#5014);
#4545=AXIS2_PLACEMENT_3D('',#6307,#5015,#5016);
#4546=AXIS2_PLACEMENT_3D('',#6312,#5019,#5020);
#4547=AXIS2_PLACEMENT_3D('',#6313,#5021,#5022);
#4548=AXIS2_PLACEMENT_3D('',#6315,#5023,#5024);
#4549=AXIS2_PLACEMENT_3D('',#6317,#5025,#5026);
#4550=AXIS2_PLACEMENT_3D('',#6321,#5028,#5029);
#4551=AXIS2_PLACEMENT_3D('',#6323,#5030,#5031);
#4552=AXIS2_PLACEMENT_3D('',#6327,#5033,#5034);
#4553=AXIS2_PLACEMENT_3D('',#6331,#5036,#5037);
#4554=AXIS2_PLACEMENT_3D('',#6340,#5039,#5040);
#4555=AXIS2_PLACEMENT_3D('',#6344,#5042,#5043);
#4556=AXIS2_PLACEMENT_3D('',#6360,#5049,#5050);
#4557=AXIS2_PLACEMENT_3D('',#6363,#5052,#5053);
#4558=AXIS2_PLACEMENT_3D('',#6384,#5064,#5065);
#4559=AXIS2_PLACEMENT_3D('',#6393,#5070,#5071);
#4560=AXIS2_PLACEMENT_3D('',#6402,#5076,#5077);
#4561=AXIS2_PLACEMENT_3D('',#6419,#5086,#5087);
#4562=AXIS2_PLACEMENT_3D('',#6420,#5088,#5089);
#4563=AXIS2_PLACEMENT_3D('',#6421,#5090,#5091);
#4564=AXIS2_PLACEMENT_3D('',#6422,#5092,#5093);
#4565=AXIS2_PLACEMENT_3D('',#6423,#5094,#5095);
#4566=AXIS2_PLACEMENT_3D('',#6425,#5096,#5097);
#4567=AXIS2_PLACEMENT_3D('',#6426,#5098,#5099);
#4568=AXIS2_PLACEMENT_3D('',#6427,#5100,#5101);
#4569=AXIS2_PLACEMENT_3D('',#6428,#5102,#5103);
#4570=AXIS2_PLACEMENT_3D('',#6430,#5104,#5105);
#4571=AXIS2_PLACEMENT_3D('',#6439,#5107,#5108);
#4572=AXIS2_PLACEMENT_3D('',#6440,#5109,#5110);
#4573=AXIS2_PLACEMENT_3D('',#6442,#5111,#5112);
#4574=AXIS2_PLACEMENT_3D('',#6443,#5113,#5114);
#4575=AXIS2_PLACEMENT_3D('',#6452,#5119,#5120);
#4576=AXIS2_PLACEMENT_3D('',#6461,#5125,#5126);
#4577=AXIS2_PLACEMENT_3D('',#6462,#5127,#5128);
#4578=AXIS2_PLACEMENT_3D('',#6472,#5134,#5135);
#4579=AXIS2_PLACEMENT_3D('',#6473,#5136,#5137);
#4580=AXIS2_PLACEMENT_3D('',#6483,#5143,#5144);
#4581=AXIS2_PLACEMENT_3D('',#6492,#5149,#5150);
#4582=AXIS2_PLACEMENT_3D('',#6501,#5155,#5156);
#4583=AXIS2_PLACEMENT_3D('',#6502,#5157,#5158);
#4584=AXIS2_PLACEMENT_3D('',#6510,#5163,#5164);
#4585=AXIS2_PLACEMENT_3D('',#6528,#5174,#5175);
#4586=AXIS2_PLACEMENT_3D('',#6537,#5180,#5181);
#4587=AXIS2_PLACEMENT_3D('',#6541,#5183,#5184);
#4588=AXIS2_PLACEMENT_3D('',#6543,#5185,#5186);
#4589=AXIS2_PLACEMENT_3D('',#6548,#5189,#5190);
#4590=AXIS2_PLACEMENT_3D('',#6552,#5192,#5193);
#4591=AXIS2_PLACEMENT_3D('',#6563,#5199,#5200);
#4592=AXIS2_PLACEMENT_3D('',#6565,#5201,#5202);
#4593=AXIS2_PLACEMENT_3D('',#6567,#5203,#5204);
#4594=AXIS2_PLACEMENT_3D('',#6604,#5218,#5219);
#4595=AXIS2_PLACEMENT_3D('',#6606,#5220,#5221);
#4596=AXIS2_PLACEMENT_3D('',#6608,#5222,#5223);
#4597=AXIS2_PLACEMENT_3D('',#6610,#5224,#5225);
#4598=AXIS2_PLACEMENT_3D('',#6612,#5226,#5227);
#4599=AXIS2_PLACEMENT_3D('',#6614,#5228,#5229);
#4600=AXIS2_PLACEMENT_3D('',#6616,#5230,#5231);
#4601=AXIS2_PLACEMENT_3D('',#6618,#5232,#5233);
#4602=AXIS2_PLACEMENT_3D('',#6620,#5234,#5235);
#4603=AXIS2_PLACEMENT_3D('',#6622,#5236,#5237);
#4604=AXIS2_PLACEMENT_3D('',#6624,#5238,#5239);
#4605=AXIS2_PLACEMENT_3D('',#6626,#5240,#5241);
#4606=AXIS2_PLACEMENT_3D('',#6628,#5242,#5243);
#4607=AXIS2_PLACEMENT_3D('',#6630,#5244,#5245);
#4608=AXIS2_PLACEMENT_3D('',#6632,#5246,#5247);
#4609=AXIS2_PLACEMENT_3D('',#6634,#5248,#5249);
#4610=AXIS2_PLACEMENT_3D('',#6636,#5250,#5251);
#4611=AXIS2_PLACEMENT_3D('',#6638,#5252,#5253);
#4612=AXIS2_PLACEMENT_3D('',#6640,#5254,#5255);
#4613=AXIS2_PLACEMENT_3D('',#6642,#5256,#5257);
#4614=AXIS2_PLACEMENT_3D('',#6644,#5258,#5259);
#4615=AXIS2_PLACEMENT_3D('',#6646,#5260,#5261);
#4616=AXIS2_PLACEMENT_3D('',#6648,#5262,#5263);
#4617=AXIS2_PLACEMENT_3D('',#6650,#5264,#5265);
#4618=AXIS2_PLACEMENT_3D('',#6652,#5266,#5267);
#4619=AXIS2_PLACEMENT_3D('',#6654,#5268,#5269);
#4620=AXIS2_PLACEMENT_3D('',#6656,#5270,#5271);
#4621=AXIS2_PLACEMENT_3D('',#6658,#5272,#5273);
#4622=AXIS2_PLACEMENT_3D('',#6659,#5274,#5275);
#4623=AXIS2_PLACEMENT_3D('',#6661,#5276,#5277);
#4624=AXIS2_PLACEMENT_3D('',#6663,#5278,#5279);
#4625=AXIS2_PLACEMENT_3D('',#6664,#5280,#5281);
#4626=AXIS2_PLACEMENT_3D('',#6665,#5282,#5283);
#4627=AXIS2_PLACEMENT_3D('',#6667,#5284,#5285);
#4628=AXIS2_PLACEMENT_3D('',#6669,#5286,#5287);
#4629=AXIS2_PLACEMENT_3D('',#6670,#5288,#5289);
#4630=AXIS2_PLACEMENT_3D('',#6672,#5291,#5292);
#4631=AXIS2_PLACEMENT_3D('',#6674,#5294,#5295);
#4632=AXIS2_PLACEMENT_3D('',#6675,#5296,#5297);
#4633=AXIS2_PLACEMENT_3D('',#6677,#5298,#5299);
#4634=AXIS2_PLACEMENT_3D('',#6679,#5300,#5301);
#4635=AXIS2_PLACEMENT_3D('',#6699,#5306,#5307);
#4636=AXIS2_PLACEMENT_3D('',#6701,#5308,#5309);
#4637=AXIS2_PLACEMENT_3D('',#6714,#5312,#5313);
#4638=AXIS2_PLACEMENT_3D('',#6730,#5322,#5323);
#4639=AXIS2_PLACEMENT_3D('',#6744,#5328,#5329);
#4640=AXIS2_PLACEMENT_3D('',#6745,#5330,#5331);
#4641=AXIS2_PLACEMENT_3D('',#6748,#5333,#5334);
#4642=AXIS2_PLACEMENT_3D('',#6751,#5336,#5337);
#4643=AXIS2_PLACEMENT_3D('',#6753,#5338,#5339);
#4644=AXIS2_PLACEMENT_3D('',#6754,#5340,#5341);
#4645=AXIS2_PLACEMENT_3D('',#6755,#5342,#5343);
#4646=AXIS2_PLACEMENT_3D('',#6757,#5344,#5345);
#4647=AXIS2_PLACEMENT_3D('',#6767,#5350,#5351);
#4648=AXIS2_PLACEMENT_3D('',#6768,#5352,#5353);
#4649=AXIS2_PLACEMENT_3D('',#6778,#5358,#5359);
#4650=AXIS2_PLACEMENT_3D('',#6779,#5360,#5361);
#4651=AXIS2_PLACEMENT_3D('',#6784,#5363,#5364);
#4652=AXIS2_PLACEMENT_3D('',#6799,#5367,#5368);
#4653=AXIS2_PLACEMENT_3D('',#6800,#5369,#5370);
#4654=AXIS2_PLACEMENT_3D('',#6805,#5372,#5373);
#4655=AXIS2_PLACEMENT_3D('',#6822,#5374,#5375);
#4656=AXIS2_PLACEMENT_3D('',#6827,#5378,#5379);
#4657=AXIS2_PLACEMENT_3D('',#6828,#5380,#5381);
#4658=AXIS2_PLACEMENT_3D('',#6830,#5382,#5383);
#4659=AXIS2_PLACEMENT_3D('',#6831,#5384,#5385);
#4660=AXIS2_PLACEMENT_3D('',#6833,#5386,#5387);
#4661=AXIS2_PLACEMENT_3D('',#6834,#5388,#5389);
#4662=AXIS2_PLACEMENT_3D('',#6836,#5390,#5391);
#4663=AXIS2_PLACEMENT_3D('',#6837,#5392,#5393);
#4664=AXIS2_PLACEMENT_3D('',#6839,#5394,#5395);
#4665=AXIS2_PLACEMENT_3D('',#6840,#5396,#5397);
#4666=AXIS2_PLACEMENT_3D('',#6842,#5398,#5399);
#4667=AXIS2_PLACEMENT_3D('',#6843,#5400,#5401);
#4668=AXIS2_PLACEMENT_3D('',#6845,#5402,#5403);
#4669=AXIS2_PLACEMENT_3D('',#6846,#5404,#5405);
#4670=AXIS2_PLACEMENT_3D('',#6848,#5406,#5407);
#4671=AXIS2_PLACEMENT_3D('',#6849,#5408,#5409);
#4672=AXIS2_PLACEMENT_3D('',#6851,#5410,#5411);
#4673=AXIS2_PLACEMENT_3D('',#6852,#5412,#5413);
#4674=AXIS2_PLACEMENT_3D('',#6854,#5414,#5415);
#4675=AXIS2_PLACEMENT_3D('',#6855,#5416,#5417);
#4676=AXIS2_PLACEMENT_3D('',#6857,#5418,#5419);
#4677=AXIS2_PLACEMENT_3D('',#6858,#5420,#5421);
#4678=AXIS2_PLACEMENT_3D('',#6860,#5422,#5423);
#4679=AXIS2_PLACEMENT_3D('',#6861,#5424,#5425);
#4680=AXIS2_PLACEMENT_3D('',#6863,#5426,#5427);
#4681=AXIS2_PLACEMENT_3D('',#6864,#5428,#5429);
#4682=AXIS2_PLACEMENT_3D('',#6866,#5430,#5431);
#4683=AXIS2_PLACEMENT_3D('',#6867,#5432,#5433);
#4684=AXIS2_PLACEMENT_3D('',#6869,#5434,#5435);
#4685=AXIS2_PLACEMENT_3D('',#6892,#5437,#5438);
#4686=AXIS2_PLACEMENT_3D('',#6893,#5439,#5440);
#4687=AXIS2_PLACEMENT_3D('',#6895,#5441,#5442);
#4688=AXIS2_PLACEMENT_3D('',#6896,#5443,#5444);
#4689=AXIS2_PLACEMENT_3D('',#6898,#5445,#5446);
#4690=AXIS2_PLACEMENT_3D('',#6899,#5447,#5448);
#4691=AXIS2_PLACEMENT_3D('',#6901,#5449,#5450);
#4692=AXIS2_PLACEMENT_3D('',#6902,#5451,#5452);
#4693=AXIS2_PLACEMENT_3D('',#6904,#5453,#5454);
#4694=AXIS2_PLACEMENT_3D('',#6905,#5455,#5456);
#4695=AXIS2_PLACEMENT_3D('',#6907,#5457,#5458);
#4696=AXIS2_PLACEMENT_3D('',#6908,#5459,#5460);
#4697=AXIS2_PLACEMENT_3D('',#6910,#5461,#5462);
#4698=AXIS2_PLACEMENT_3D('',#6911,#5463,#5464);
#4699=AXIS2_PLACEMENT_3D('',#6913,#5465,#5466);
#4700=AXIS2_PLACEMENT_3D('',#6914,#5467,#5468);
#4701=AXIS2_PLACEMENT_3D('',#6916,#5469,#5470);
#4702=AXIS2_PLACEMENT_3D('',#6917,#5471,#5472);
#4703=AXIS2_PLACEMENT_3D('',#6919,#5473,#5474);
#4704=AXIS2_PLACEMENT_3D('',#6920,#5475,#5476);
#4705=AXIS2_PLACEMENT_3D('',#6922,#5477,#5478);
#4706=AXIS2_PLACEMENT_3D('',#6923,#5479,#5480);
#4707=AXIS2_PLACEMENT_3D('',#6924,#5481,#5482);
#4708=AXIS2_PLACEMENT_3D('',#6925,#5483,#5484);
#4709=AXIS2_PLACEMENT_3D('',#6926,#5485,#5486);
#4710=AXIS2_PLACEMENT_3D('',#6927,#5487,#5488);
#4711=AXIS2_PLACEMENT_3D('',#6928,#5489,#5490);
#4712=AXIS2_PLACEMENT_3D('',#6929,#5491,#5492);
#4713=AXIS2_PLACEMENT_3D('',#6930,#5493,#5494);
#4714=AXIS2_PLACEMENT_3D('',#6931,#5495,#5496);
#4715=AXIS2_PLACEMENT_3D('',#6932,#5497,#5498);
#4716=AXIS2_PLACEMENT_3D('',#6933,#5499,#5500);
#4717=AXIS2_PLACEMENT_3D('',#6934,#5501,#5502);
#4718=AXIS2_PLACEMENT_3D('',#6935,#5503,#5504);
#4719=AXIS2_PLACEMENT_3D('',#6936,#5505,#5506);
#4720=AXIS2_PLACEMENT_3D('',#6937,#5507,#5508);
#4721=AXIS2_PLACEMENT_3D('',#6938,#5509,#5510);
#4722=AXIS2_PLACEMENT_3D('',#6939,#5511,#5512);
#4723=AXIS2_PLACEMENT_3D('',#6940,#5513,#5514);
#4724=AXIS2_PLACEMENT_3D('',#6941,#5515,#5516);
#4725=AXIS2_PLACEMENT_3D('',#6942,#5517,#5518);
#4726=AXIS2_PLACEMENT_3D('',#6943,#5519,#5520);
#4727=AXIS2_PLACEMENT_3D('',#6944,#5521,#5522);
#4728=AXIS2_PLACEMENT_3D('',#6945,#5523,#5524);
#4729=AXIS2_PLACEMENT_3D('',#6946,#5525,#5526);
#4730=AXIS2_PLACEMENT_3D('',#6947,#5527,#5528);
#4731=AXIS2_PLACEMENT_3D('',#6952,#5530,#5531);
#4732=AXIS2_PLACEMENT_3D('',#6969,#5532,#5533);
#4733=AXIS2_PLACEMENT_3D('',#6974,#5536,#5537);
#4734=AXIS2_PLACEMENT_3D('',#6975,#5538,#5539);
#4735=AXIS2_PLACEMENT_3D('',#6979,#5542,#5543);
#4736=AXIS2_PLACEMENT_3D('',#6981,#5545,#5546);
#4737=AXIS2_PLACEMENT_3D('',#6983,#5548,#5549);
#4738=AXIS2_PLACEMENT_3D('',#6987,#5551,#5552);
#4739=AXIS2_PLACEMENT_3D('',#6991,#5555,#5556);
#4740=AXIS2_PLACEMENT_3D('',#6995,#5559,#5560);
#4741=AXIS2_PLACEMENT_3D('',#6999,#5563,#5564);
#4742=AXIS2_PLACEMENT_3D('',#7000,#5565,#5566);
#4743=AXIS2_PLACEMENT_3D('',#7004,#5569,#5570);
#4744=AXIS2_PLACEMENT_3D('',#7006,#5572,#5573);
#4745=AXIS2_PLACEMENT_3D('',#7014,#5575,#5576);
#4746=AXIS2_PLACEMENT_3D('',#7015,#5577,#5578);
#4747=AXIS2_PLACEMENT_3D('',#7016,#5579,#5580);
#4748=AXIS2_PLACEMENT_3D('',#7018,#5581,#5582);
#4749=AXIS2_PLACEMENT_3D('',#7021,#5584,#5585);
#4750=AXIS2_PLACEMENT_3D('',#7023,#5587,#5588);
#4751=AXIS2_PLACEMENT_3D('',#7046,#5589,#5590);
#4752=AXIS2_PLACEMENT_3D('',#7121,#5591,#5592);
#4753=AXIS2_PLACEMENT_3D('',#7122,#5593,#5594);
#4754=AXIS2_PLACEMENT_3D('',#7124,#5595,#5596);
#4755=AXIS2_PLACEMENT_3D('',#7125,#5597,#5598);
#4756=AXIS2_PLACEMENT_3D('',#7127,#5599,#5600);
#4757=AXIS2_PLACEMENT_3D('',#7128,#5601,#5602);
#4758=AXIS2_PLACEMENT_3D('',#7129,#5603,#5604);
#4759=AXIS2_PLACEMENT_3D('',#7131,#5605,#5606);
#4760=AXIS2_PLACEMENT_3D('',#7132,#5607,#5608);
#4761=AXIS2_PLACEMENT_3D('',#7134,#5609,#5610);
#4762=AXIS2_PLACEMENT_3D('',#7135,#5611,#5612);
#4763=AXIS2_PLACEMENT_3D('',#7136,#5613,#5614);
#4764=AXIS2_PLACEMENT_3D('',#7138,#5615,#5616);
#4765=AXIS2_PLACEMENT_3D('',#7139,#5617,#5618);
#4766=AXIS2_PLACEMENT_3D('',#7141,#5619,#5620);
#4767=AXIS2_PLACEMENT_3D('',#7142,#5621,#5622);
#4768=AXIS2_PLACEMENT_3D('',#7143,#5623,#5624);
#4769=AXIS2_PLACEMENT_3D('',#7144,#5625,#5626);
#4770=AXIS2_PLACEMENT_3D('',#7149,#5627,#5628);
#4771=AXIS2_PLACEMENT_3D('',#7150,#5629,#5630);
#4772=AXIS2_PLACEMENT_3D('',#7151,#5631,#5632);
#4773=AXIS2_PLACEMENT_3D('',#7152,#5633,#5634);
#4774=AXIS2_PLACEMENT_3D('',#7153,#5635,#5636);
#4775=AXIS2_PLACEMENT_3D('',#7154,#5637,#5638);
#4776=AXIS2_PLACEMENT_3D('',#7155,#5639,#5640);
#4777=AXIS2_PLACEMENT_3D('',#7156,#5641,#5642);
#4778=AXIS2_PLACEMENT_3D('',#7157,#5643,#5644);
#4779=AXIS2_PLACEMENT_3D('',#7158,#5645,#5646);
#4780=AXIS2_PLACEMENT_3D('',#7160,#5647,#5648);
#4781=AXIS2_PLACEMENT_3D('',#7161,#5649,#5650);
#4782=AXIS2_PLACEMENT_3D('',#7163,#5651,#5652);
#4783=AXIS2_PLACEMENT_3D('',#7164,#5653,#5654);
#4784=AXIS2_PLACEMENT_3D('',#7165,#5655,#5656);
#4785=AXIS2_PLACEMENT_3D('',#7167,#5657,#5658);
#4786=AXIS2_PLACEMENT_3D('',#7168,#5659,#5660);
#4787=AXIS2_PLACEMENT_3D('',#7170,#5661,#5662);
#4788=AXIS2_PLACEMENT_3D('',#7171,#5663,#5664);
#4789=AXIS2_PLACEMENT_3D('',#7172,#5665,#5666);
#4790=AXIS2_PLACEMENT_3D('',#7174,#5667,#5668);
#4791=AXIS2_PLACEMENT_3D('',#7175,#5669,#5670);
#4792=AXIS2_PLACEMENT_3D('',#7177,#5671,#5672);
#4793=AXIS2_PLACEMENT_3D('',#7178,#5673,#5674);
#4794=AXIS2_PLACEMENT_3D('',#7179,#5675,#5676);
#4795=AXIS2_PLACEMENT_3D('',#7180,#5677,#5678);
#4796=AXIS2_PLACEMENT_3D('',#7181,#5679,#5680);
#4797=AXIS2_PLACEMENT_3D('',#7185,#5683,#5684);
#4798=AXIS2_PLACEMENT_3D('',#7188,#5687,#5688);
#4799=AXIS2_PLACEMENT_3D('',#7190,#5690,#5691);
#4800=AXIS2_PLACEMENT_3D('',#7194,#5693,#5694);
#4801=AXIS2_PLACEMENT_3D('',#7196,#5695,#5696);
#4802=AXIS2_PLACEMENT_3D('',#7199,#5698,#5699);
#4803=AXIS2_PLACEMENT_3D('',#7200,#5700,#5701);
#4804=AXIS2_PLACEMENT_3D('',#7209,#5706,#5707);
#4805=AXIS2_PLACEMENT_3D('',#7218,#5712,#5713);
#4806=AXIS2_PLACEMENT_3D('',#7222,#5715,#5716);
#4807=AXIS2_PLACEMENT_3D('',#7223,#5717,#5718);
#4808=AXIS2_PLACEMENT_3D('',#7224,#5719,#5720);
#4809=AXIS2_PLACEMENT_3D('',#7225,#5721,#5722);
#4810=AXIS2_PLACEMENT_3D('',#7226,#5723,#5724);
#4811=AXIS2_PLACEMENT_3D('',#7227,#5725,#5726);
#4812=AXIS2_PLACEMENT_3D('',#7228,#5727,#5728);
#4813=AXIS2_PLACEMENT_3D('',#7229,#5729,#5730);
#4814=AXIS2_PLACEMENT_3D('',#7230,#5731,#5732);
#4815=AXIS2_PLACEMENT_3D('',#7231,#5733,#5734);
#4816=AXIS2_PLACEMENT_3D('',#7232,#5735,#5736);
#4817=AXIS2_PLACEMENT_3D('',#7233,#5737,#5738);
#4818=AXIS2_PLACEMENT_3D('',#7234,#5739,#5740);
#4819=AXIS2_PLACEMENT_3D('',#7235,#5741,#5742);
#4820=AXIS2_PLACEMENT_3D('',#7236,#5743,#5744);
#4821=AXIS2_PLACEMENT_3D('',#7237,#5745,#5746);
#4822=AXIS2_PLACEMENT_3D('',#7238,#5747,#5748);
#4823=AXIS2_PLACEMENT_3D('',#7239,#5749,#5750);
#4824=AXIS2_PLACEMENT_3D('',#7240,#5751,#5752);
#4825=AXIS2_PLACEMENT_3D('',#7241,#5753,#5754);
#4826=AXIS2_PLACEMENT_3D('',#7242,#5755,#5756);
#4827=AXIS2_PLACEMENT_3D('',#7243,#5757,#5758);
#4828=AXIS2_PLACEMENT_3D('',#7282,#5759,#5760);
#4829=AXIS2_PLACEMENT_3D('',#7295,#5761,#5762);
#4830=AXIS2_PLACEMENT_3D('',#7296,#5763,#5764);
#4831=AXIS2_PLACEMENT_3D('',#7297,#5765,#5766);
#4832=AXIS2_PLACEMENT_3D('',#7310,#5767,#5768);
#4833=AXIS2_PLACEMENT_3D('',#7323,#5769,#5770);
#4834=AXIS2_PLACEMENT_3D('',#7324,#5771,#5772);
#4835=AXIS2_PLACEMENT_3D('',#7325,#5773,#5774);
#4836=AXIS2_PLACEMENT_3D('',#7341,#5775,#5776);
#4837=AXIS2_PLACEMENT_3D('',#7342,#5777,#5778);
#4838=AXIS2_PLACEMENT_3D('',#7343,#5779,#5780);
#4839=AXIS2_PLACEMENT_3D('',#7382,#5781,#5782);
#4840=AXIS2_PLACEMENT_3D('',#7425,#5784,#5785);
#4841=AXIS2_PLACEMENT_3D('',#7426,#5786,#5787);
#4842=AXIS2_PLACEMENT_3D('',#7440,#5790,#5791);
#4843=AXIS2_PLACEMENT_3D('',#7441,#5792,#5793);
#4844=AXIS2_PLACEMENT_3D('',#7455,#5796,#5797);
#4845=AXIS2_PLACEMENT_3D('',#7456,#5798,#5799);
#4846=AXIS2_PLACEMENT_3D('',#7464,#5804,#5805);
#4847=AXIS2_PLACEMENT_3D('',#7478,#5813,#5814);
#4848=AXIS2_PLACEMENT_3D('',#7483,#5818,#5819);
#4849=AXIS2_PLACEMENT_3D('',#7484,#5820,#5821);
#4850=AXIS2_PLACEMENT_3D('',#7486,#5822,#5823);
#4851=AXIS2_PLACEMENT_3D('',#7488,#5824,#5825);
#4852=AXIS2_PLACEMENT_3D('',#7497,#5830,#5831);
#4853=AXIS2_PLACEMENT_3D('',#7499,#5832,#5833);
#4854=AXIS2_PLACEMENT_3D('',#7501,#5834,#5835);
#4855=AXIS2_PLACEMENT_3D('',#7502,#5836,#5837);
#4856=AXIS2_PLACEMENT_3D('',#7504,#5839,#5840);
#4857=AXIS2_PLACEMENT_3D('',#7506,#5842,#5843);
#4858=AXIS2_PLACEMENT_3D('',#7508,#5845,#5846);
#4859=AXIS2_PLACEMENT_3D('',#7509,#5847,#5848);
#4860=AXIS2_PLACEMENT_3D('',#7518,#5853,#5854);
#4861=AXIS2_PLACEMENT_3D('',#7520,#5855,#5856);
#4862=AXIS2_PLACEMENT_3D('',#7529,#5861,#5862);
#4863=AXIS2_PLACEMENT_3D('',#7535,#5866,#5867);
#4864=AXIS2_PLACEMENT_3D('',#7541,#5871,#5872);
#4865=AXIS2_PLACEMENT_3D('',#7547,#5876,#5877);
#4866=AXIS2_PLACEMENT_3D('',#7553,#5881,#5882);
#4867=AXIS2_PLACEMENT_3D('',#7556,#5885,#5886);
#4868=AXIS2_PLACEMENT_3D('',#7557,#5887,#5888);
#4869=AXIS2_PLACEMENT_3D('',#7559,#5889,#5890);
#4870=AXIS2_PLACEMENT_3D('',#7560,#5891,#5892);
#4871=AXIS2_PLACEMENT_3D('',#7562,#5893,#5894);
#4872=AXIS2_PLACEMENT_3D('',#7563,#5895,#5896);
#4873=AXIS2_PLACEMENT_3D('',#7565,#5897,#5898);
#4874=AXIS2_PLACEMENT_3D('',#7566,#5899,#5900);
#4875=AXIS2_PLACEMENT_3D('',#7567,#5901,#5902);
#4876=AXIS2_PLACEMENT_3D('',#7570,#5905,#5906);
#4877=AXIS2_PLACEMENT_3D('',#7572,#5908,#5909);
#4878=AXIS2_PLACEMENT_3D('',#7573,#5910,#5911);
#4879=AXIS2_PLACEMENT_3D('',#7574,#5912,#5913);
#4880=AXIS2_PLACEMENT_3D('',#7575,#5914,#5915);
#4881=AXIS2_PLACEMENT_3D('',#7577,#5916,#5917);
#4882=AXIS2_PLACEMENT_3D('',#7578,#5918,#5919);
#4883=AXIS2_PLACEMENT_3D('',#7579,#5920,#5921);
#4884=AXIS2_PLACEMENT_3D('',#7588,#5926,#5927);
#4885=AXIS2_PLACEMENT_3D('',#7594,#5931,#5932);
#4886=AXIS2_PLACEMENT_3D('',#7600,#5936,#5937);
#4887=AXIS2_PLACEMENT_3D('',#7606,#5941,#5942);
#4888=AXIS2_PLACEMENT_3D('',#7612,#5946,#5947);
#4889=AXIS2_PLACEMENT_3D('',#7615,#5950,#5951);
#4890=AXIS2_PLACEMENT_3D('',#7616,#5952,#5953);
#4891=AXIS2_PLACEMENT_3D('',#7618,#5954,#5955);
#4892=AXIS2_PLACEMENT_3D('',#7619,#5956,#5957);
#4893=AXIS2_PLACEMENT_3D('',#7621,#5958,#5959);
#4894=AXIS2_PLACEMENT_3D('',#7622,#5960,#5961);
#4895=AXIS2_PLACEMENT_3D('',#7623,#5962,#5963);
#4896=AXIS2_PLACEMENT_3D('',#7625,#5964,#5965);
#4897=AXIS2_PLACEMENT_3D('',#7626,#5966,#5967);
#4898=AXIS2_PLACEMENT_3D('',#7632,#5971,#5972);
#4899=AXIS2_PLACEMENT_3D('',#7634,#5974,#5975);
#4900=AXIS2_PLACEMENT_3D('',#7636,#5977,#5978);
#4901=AXIS2_PLACEMENT_3D('',#7637,#5979,#5980);
#4902=AXIS2_PLACEMENT_3D('',#7639,#5981,#5982);
#4903=AXIS2_PLACEMENT_3D('',#7640,#5983,#5984);
#4904=AXIS2_PLACEMENT_3D('',#7642,#5985,#5986);
#4905=AXIS2_PLACEMENT_3D('',#7643,#5987,#5988);
#4906=AXIS2_PLACEMENT_3D('',#7644,#5989,#5990);
#4907=AXIS2_PLACEMENT_3D('',#7653,#5995,#5996);
#4908=AXIS2_PLACEMENT_3D('',#7659,#6000,#6001);
#4909=AXIS2_PLACEMENT_3D('',#7665,#6005,#6006);
#4910=AXIS2_PLACEMENT_3D('',#7671,#6010,#6011);
#4911=AXIS2_PLACEMENT_3D('',#7677,#6015,#6016);
#4912=AXIS2_PLACEMENT_3D('',#7680,#6019,#6020);
#4913=AXIS2_PLACEMENT_3D('',#7681,#6021,#6022);
#4914=AXIS2_PLACEMENT_3D('',#7683,#6023,#6024);
#4915=AXIS2_PLACEMENT_3D('',#7684,#6025,#6026);
#4916=AXIS2_PLACEMENT_3D('',#7686,#6027,#6028);
#4917=AXIS2_PLACEMENT_3D('',#7687,#6029,#6030);
#4918=AXIS2_PLACEMENT_3D('',#7689,#6031,#6032);
#4919=AXIS2_PLACEMENT_3D('',#7690,#6033,#6034);
#4920=AXIS2_PLACEMENT_3D('',#7691,#6035,#6036);
#4921=AXIS2_PLACEMENT_3D('',#7697,#6040,#6041);
#4922=AXIS2_PLACEMENT_3D('',#7703,#6045,#6046);
#4923=AXIS2_PLACEMENT_3D('',#7704,#6047,#6048);
#4924=AXIS2_PLACEMENT_3D('',#7716,#6054,#6055);
#4925=AXIS2_PLACEMENT_3D('',#7717,#6056,#6057);
#4926=AXIS2_PLACEMENT_3D('',#7718,#6058,#6059);
#4927=AXIS2_PLACEMENT_3D('',#7719,#6060,#6061);
#4928=AXIS2_PLACEMENT_3D('',#7720,#6062,#6063);
#4929=AXIS2_PLACEMENT_3D('',#7722,#6065,#6066);
#4930=AXIS2_PLACEMENT_3D('',#7723,#6067,#6068);
#4931=AXIS2_PLACEMENT_3D('',#7724,#6069,#6070);
#4932=AXIS2_PLACEMENT_3D('',#7725,#6071,#6072);
#4933=AXIS2_PLACEMENT_3D('',#7726,#6073,#6074);
#4934=AXIS2_PLACEMENT_3D('',#7727,#6075,#6076);
#4935=AXIS2_PLACEMENT_3D('',#7728,#6077,#6078);
#4936=AXIS2_PLACEMENT_3D('',#7729,#6079,#6080);
#4937=AXIS2_PLACEMENT_3D('',#7731,#6082,#6083);
#4938=AXIS2_PLACEMENT_3D('',#7732,#6084,#6085);
#4939=AXIS2_PLACEMENT_3D('',#7734,#6086,#6087);
#4940=AXIS2_PLACEMENT_3D('',#7738,#6090,#6091);
#4941=AXIS2_PLACEMENT_3D('',#7742,#6094,#6095);
#4942=AXIS2_PLACEMENT_3D('',#7746,#6098,#6099);
#4943=AXIS2_PLACEMENT_3D('',#7750,#6102,#6103);
#4944=AXIS2_PLACEMENT_3D('',#7752,#6105,#6106);
#4945=AXIS2_PLACEMENT_3D('',#7753,#6107,#6108);
#4946=AXIS2_PLACEMENT_3D('',#7754,#6109,#6110);
#4947=AXIS2_PLACEMENT_3D('',#7756,#6111,#6112);
#4948=AXIS2_PLACEMENT_3D('',#7757,#6113,#6114);
#4949=AXIS2_PLACEMENT_3D('',#7762,#6117,#6118);
#4950=AXIS2_PLACEMENT_3D('',#7764,#6119,#6120);
#4951=AXIS2_PLACEMENT_3D('',#7767,#6122,#6123);
#4952=AXIS2_PLACEMENT_3D('',#7770,#6125,#6126);
#4953=AXIS2_PLACEMENT_3D('',#7772,#6127,#6128);
#4954=AXIS2_PLACEMENT_3D('',#7777,#6131,#6132);
#4955=AXIS2_PLACEMENT_3D('',#7781,#6135,#6136);
#4956=AXIS2_PLACEMENT_3D('',#7785,#6139,#6140);
#4957=AXIS2_PLACEMENT_3D('',#7789,#6143,#6144);
#4958=AXIS2_PLACEMENT_3D('',#7793,#6147,#6148);
#4959=AXIS2_PLACEMENT_3D('',#7795,#6150,#6151);
#4960=AXIS2_PLACEMENT_3D('',#7802,#6156,#6157);
#4961=AXIS2_PLACEMENT_3D('',#7806,#6160,#6161);
#4962=AXIS2_PLACEMENT_3D('',#7808,#6163,#6164);
#4963=AXIS2_PLACEMENT_3D('',#7810,#6166,#6167);
#4964=AXIS2_PLACEMENT_3D('',#7814,#6170,#6171);
#4965=AXIS2_PLACEMENT_3D('',#7816,#6173,#6174);
#4966=AXIS2_PLACEMENT_3D('',#7818,#6176,#6177);
#4967=AXIS2_PLACEMENT_3D('',#7820,#6179,#6180);
#4968=AXIS2_PLACEMENT_3D('',#7821,#6181,#6182);
#4969=AXIS2_PLACEMENT_3D('',#7822,#6183,#6184);
#4970=AXIS2_PLACEMENT_3D('',#7825,#6185,#6186);
#4971=AXIS2_PLACEMENT_3D('',#7829,#6188,#6189);
#4972=AXIS2_PLACEMENT_3D('',#7833,#6191,#6192);
#4973=AXIS2_PLACEMENT_3D('',#7838,#6195,#6196);
#4974=AXIS2_PLACEMENT_3D('',#7839,#6197,#6198);
#4975=AXIS2_PLACEMENT_3D('',#7845,#6201,#6202);
#4976=AXIS2_PLACEMENT_3D('',#7846,#6203,#6204);
#4977=AXIS2_PLACEMENT_3D('',#7851,#6207,#6208);
#4978=AXIS2_PLACEMENT_3D('',#7855,#6211,#6212);
#4979=AXIS2_PLACEMENT_3D('',#7860,#6216,#6217);
#4980=AXIS2_PLACEMENT_3D('',#7865,#6221,#6222);
#4981=AXIS2_PLACEMENT_3D('',#7867,#6224,#6225);
#4982=AXIS2_PLACEMENT_3D('',#7869,#6227,#6228);
#4983=AXIS2_PLACEMENT_3D('',#7870,#6229,#6230);
#4984=AXIS2_PLACEMENT_3D('',#7875,#6232,#6233);
#4985=AXIS2_PLACEMENT_3D('',#7879,#6236,#6237);
#4986=AXIS2_PLACEMENT_3D('',#7882,#6240,#6241);
#4987=AXIS2_PLACEMENT_3D('',#7885,#6244,#6245);
#4988=AXIS2_PLACEMENT_3D('',#7895,#6251,#6252);
#4989=AXIS2_PLACEMENT_3D('',#7896,#6253,#6254);
#4990=AXIS2_PLACEMENT_3D('',#7898,#6255,#6256);
#4991=AXIS2_PLACEMENT_3D('',#7900,#6258,#6259);
#4992=AXIS2_PLACEMENT_3D('',#7904,#6262,#6263);
#4993=AXIS2_PLACEMENT_3D('',#7908,#6266,#6267);
#4994=AXIS2_PLACEMENT_3D('',#7912,#6270,#6271);
#4995=AXIS2_PLACEMENT_3D('',#7916,#6274,#6275);
#4996=AXIS2_PLACEMENT_3D('',#7918,#6277,#6278);
#4997=AXIS2_PLACEMENT_3D('',#7919,#6279,#6280);
#4998=AXIS2_PLACEMENT_3D('',#7920,#6281,#6282);
#4999=AXIS2_PLACEMENT_3D('',#7922,#6283,#6284);
#5000=DIRECTION('',(0.,0.,1.));
#5001=DIRECTION('',(1.,0.,0.));
#5002=DIRECTION('',(-0.514029416437277,0.,0.857772556705536));
#5003=DIRECTION('',(-0.857772556705537,0.,-0.514029416437277));
#5004=DIRECTION('',(-0.514029416437277,0.,0.857772556705536));
#5005=DIRECTION('',(0.857772556705536,1.24858586821171E-16,0.514029416437277));
#5006=DIRECTION('',(0.,1.,0.));
#5007=DIRECTION('',(-0.130128719444063,-0.988425755901129,-0.0779810326113339));
#5008=DIRECTION('',(0.85235485721619,-0.112214645783233,0.510782801836272));
#5009=DIRECTION('',(0.,1.,0.));
#5010=DIRECTION('',(-0.514029416437277,0.,0.857772556705536));
#5011=DIRECTION('',(-0.857772556705536,0.,-0.514029416437277));
#5012=DIRECTION('',(0.,1.,0.));
#5013=DIRECTION('',(0.00536103687524138,0.,0.999985629538556));
#5014=DIRECTION('',(-0.999985629538556,0.,0.00536103687524138));
#5015=DIRECTION('',(0.00536103687524138,0.,0.999985629538556));
#5016=DIRECTION('',(-0.999985629538556,1.19717487520515E-14,0.00536103687524138));
#5017=DIRECTION('',(0.991430856584755,-0.130524348454564,-0.00531517376290265));
#5018=DIRECTION('',(-0.130526160262512,-0.991444618632433,0.000699765614305775));
#5019=DIRECTION('',(0.00536103687524138,0.,0.999985629538556));
#5020=DIRECTION('',(-0.999985629538556,0.,0.00536103687524138));
#5021=DIRECTION('',(0.00536103687524138,0.,0.999985629538556));
#5022=DIRECTION('',(-0.999985629538556,1.19717487520515E-14,0.00536103687524138));
#5023=DIRECTION('',(0.00536103687524138,0.,0.999985629538556));
#5024=DIRECTION('',(0.999985629538556,0.,-0.00536103687524138));
#5025=DIRECTION('',(0.00536103687524138,0.,0.999985629538556));
#5026=DIRECTION('',(0.999985629538556,0.,-0.00536103687524138));
#5027=DIRECTION('',(0.999985629538556,0.,-0.00536103687524138));
#5028=DIRECTION('',(0.00536103687524138,0.,0.999985629538556));
#5029=DIRECTION('',(-0.999985629538556,0.,0.00536103687524138));
#5030=DIRECTION('',(0.00536103687524138,0.,0.999985629538556));
#5031=DIRECTION('',(-0.999985629538556,0.,0.00536103687524138));
#5032=DIRECTION('',(0.999985629538556,0.,-0.00536103687524138));
#5033=DIRECTION('',(0.00536103687524138,0.,0.999985629538556));
#5034=DIRECTION('',(0.999985629538556,0.,-0.00536103687524138));
#5035=DIRECTION('',(0.,1.,0.));
#5036=DIRECTION('',(0.00536103687524138,0.,0.999985629538556));
#5037=DIRECTION('',(-0.999985629538556,0.,0.00536103687524138));
#5038=DIRECTION('',(0.,1.,0.));
#5039=DIRECTION('',(0.00536103687524138,0.,0.999985629538556));
#5040=DIRECTION('',(0.999985629538556,0.,-0.00536103687524138));
#5041=DIRECTION('',(0.999985629538556,0.,-0.00536103687524138));
#5042=DIRECTION('',(0.00536103687524138,0.,0.999985629538556));
#5043=DIRECTION('',(0.999985629538556,0.,-0.00536103687524138));
#5044=DIRECTION('',(0.,1.,0.));
#5045=DIRECTION('',(-0.999985629538556,0.,0.00536103687524228));
#5046=DIRECTION('',(0.991430856584755,-0.130524348454564,-0.00531517376290265));
#5047=DIRECTION('',(-0.130526160262512,-0.991444618632433,0.000699765614305775));
#5048=DIRECTION('',(0.991430856584755,-0.130524348454564,-0.00531517376290265));
#5049=DIRECTION('',(0.00536103687524138,0.,0.999985629538556));
#5050=DIRECTION('',(-0.999985629538556,1.19717487520515E-14,0.00536103687524138));
#5051=DIRECTION('',(-0.991430856584755,0.130524348454564,0.00531517376290265));
#5052=DIRECTION('',(0.,-1.,0.));
#5053=DIRECTION('',(1.,0.,0.));
#5054=DIRECTION('',(0.,0.,1.));
#5055=DIRECTION('',(1.,0.,0.));
#5056=DIRECTION('',(0.,0.,-1.));
#5057=DIRECTION('',(1.,0.,0.));
#5058=DIRECTION('',(0.,0.,-1.));
#5059=DIRECTION('',(0.999985629538556,0.,-0.00536103687524138));
#5060=DIRECTION('',(-6.11283567043234E-13,0.,-1.));
#5061=DIRECTION('',(1.,0.,-6.09778631332508E-13));
#5062=DIRECTION('',(-6.11283567043234E-13,0.,-1.));
#5063=DIRECTION('',(-1.,0.,6.09778631332508E-13));
#5064=DIRECTION('',(0.999404285826162,0.,0.0345119323176729));
#5065=DIRECTION('',(-0.0345119323176729,0.,0.999404285826162));
#5066=DIRECTION('',(-1.18466868223529E-15,1.,3.43059017215242E-14));
#5067=DIRECTION('',(0.0345119323176729,0.,-0.999404285826162));
#5068=DIRECTION('',(0.,1.,0.));
#5069=DIRECTION('',(0.0345119323176729,0.,-0.999404285826162));
#5070=DIRECTION('',(0.999404285826162,0.,0.0345119323176729));
#5071=DIRECTION('',(-0.0345119323176729,0.,0.999404285826162));
#5072=DIRECTION('',(1.18466868223529E-15,-1.,-3.43059017215242E-14));
#5073=DIRECTION('',(0.0345119323176729,0.,-0.999404285826162));
#5074=DIRECTION('',(0.,1.,0.));
#5075=DIRECTION('',(0.0345119323176729,0.,-0.999404285826162));
#5076=DIRECTION('',(0.,1.,0.));
#5077=DIRECTION('',(-1.,0.,0.));
#5078=DIRECTION('',(6.85142503588751E-13,0.,1.));
#5079=DIRECTION('',(0.0345119323176729,0.,-0.999404285826162));
#5080=DIRECTION('',(0.999985629538556,0.,-0.00536103687524138));
#5081=DIRECTION('',(0.,0.,1.));
#5082=DIRECTION('',(1.,0.,0.));
#5083=DIRECTION('',(0.,0.,-1.));
#5084=DIRECTION('',(0.0345119323176729,0.,-0.999404285826162));
#5085=DIRECTION('',(-1.,0.,6.10031606117655E-13));
#5086=DIRECTION('',(0.0345119323176729,0.,-0.999404285826162));
#5087=DIRECTION('',(0.999404285826162,0.,0.0345119323176729));
#5088=DIRECTION('',(-6.10031606117655E-13,3.43059017215234E-14,-1.));
#5089=DIRECTION('',(1.,-9.9343800554043E-13,-6.10031606117689E-13));
#5090=DIRECTION('',(0.,0.,-1.));
#5091=DIRECTION('',(1.,0.,0.));
#5092=DIRECTION('',(0.0345119323176729,0.,-0.999404285826162));
#5093=DIRECTION('',(0.999404285826162,0.,0.0345119323176729));
#5094=DIRECTION('',(-0.414693242656806,0.909961270876285,2.84123966495221E-13));
#5095=DIRECTION('',(0.0285798257065271,0.0130245769533431,-0.999506655284381));
#5096=DIRECTION('',(6.10031606117655E-13,-3.43059017215234E-14,1.));
#5097=DIRECTION('',(1.,-9.9343800554043E-13,-6.10031606117689E-13));
#5098=DIRECTION('',(0.0145704153678876,0.,-0.999893845863653));
#5099=DIRECTION('',(0.999893845863653,0.,0.0145704153678876));
#5100=DIRECTION('',(-0.0345119323176729,0.,0.999404285826162));
#5101=DIRECTION('',(-0.999404285826162,0.,-0.0345119323176729));
#5102=DIRECTION('',(-6.10031606117655E-13,3.43059017215234E-14,-1.));
#5103=DIRECTION('',(-1.,9.9343800554043E-13,6.10031606117689E-13));
#5104=DIRECTION('',(0.,0.,-1.));
#5105=DIRECTION('',(-1.,0.,0.));
#5106=DIRECTION('',(0.0345119323176729,0.,-0.999404285826162));
#5107=DIRECTION('',(-0.0252587198797701,0.,-0.999680947637813));
#5108=DIRECTION('',(-0.999680947637813,0.,0.0252587198797701));
#5109=DIRECTION('',(6.10031606117655E-13,-3.43059017215234E-14,1.));
#5110=DIRECTION('',(-1.,9.9343800554043E-13,6.10031606117689E-13));
#5111=DIRECTION('',(-0.414693242656806,0.909961270876285,2.84123966495221E-13));
#5112=DIRECTION('',(-0.0285798257065271,-0.0130245769533431,0.999506655284381));
#5113=DIRECTION('',(-0.5,-0.866025403784439,-3.04544897858503E-14));
#5114=DIRECTION('',(0.866025403784439,-0.5,4.87331589171956E-14));
#5115=DIRECTION('',(-0.866025403784439,0.5,-4.87331589171956E-14));
#5116=DIRECTION('',(7.9124106214711E-14,-1.05165082706652E-14,-1.));
#5117=DIRECTION('',(-0.866025403784439,0.5,-4.87331589171956E-14));
#5118=DIRECTION('',(5.72648650681869E-14,2.00778235524225E-15,-1.));
#5119=DIRECTION('',(0.5,-0.866025403784439,2.69769087360304E-14));
#5120=DIRECTION('',(0.866025403784439,0.5,5.07409412724379E-14));
#5121=DIRECTION('',(-0.866025403784439,-0.5,-5.07409412724378E-14));
#5122=DIRECTION('',(-4.37947923875145E-14,5.86531586726696E-15,1.));
#5123=DIRECTION('',(-0.866025403784439,-0.5,-5.07409412724378E-14));
#5124=DIRECTION('',(5.72648650681869E-14,2.00778235524225E-15,-1.));
#5125=DIRECTION('',(-5.72648650681869E-14,-2.00778235524225E-15,1.));
#5126=DIRECTION('',(-1.,4.16333634234604E-16,-5.74313985218807E-14));
#5127=DIRECTION('',(-5.72648650681869E-14,-2.00778235524225E-15,1.));
#5128=DIRECTION('',(-1.,0.,-5.72648650681869E-14));
#5129=DIRECTION('',(-0.991444861373814,0.130526192220021,-5.65128880234824E-14));
#5130=DIRECTION('',(4.16333634234489E-16,1.,2.00778235524227E-15));
#5131=DIRECTION('',(0.866025403784439,0.5,5.07409412724378E-14));
#5132=DIRECTION('',(0.866025403784439,-0.5,4.87331589171956E-14));
#5133=DIRECTION('',(-2.49409789843411E-16,-1.,-2.00778235524226E-15));
#5134=DIRECTION('',(-5.72648650681869E-14,-2.00778235524225E-15,1.));
#5135=DIRECTION('',(-1.,4.16333634234604E-16,-5.74313985218807E-14));
#5136=DIRECTION('',(-5.72648650681869E-14,-2.00778235524225E-15,1.));
#5137=DIRECTION('',(-1.,0.,-5.72648650681869E-14));
#5138=DIRECTION('',(-0.991444861373814,0.130526192220021,-5.65128880234824E-14));
#5139=DIRECTION('',(-2.49409789843411E-16,-1.,-2.00778235524226E-15));
#5140=DIRECTION('',(0.866025403784439,-0.5,4.87331589171956E-14));
#5141=DIRECTION('',(0.866025403784439,0.5,5.07409412724378E-14));
#5142=DIRECTION('',(4.16333634234489E-16,1.,2.00778235524227E-15));
#5143=DIRECTION('',(-0.866025403784439,0.5,-4.87618194194235E-14));
#5144=DIRECTION('',(-0.5,-0.866025403784439,-3.04258292836223E-14));
#5145=DIRECTION('',(-2.48382404299762E-14,5.45025444435169E-14,1.));
#5146=DIRECTION('',(0.5,0.866025403784439,3.04258292836223E-14));
#5147=DIRECTION('',(5.72753555400875E-14,1.96863138111391E-15,-1.));
#5148=DIRECTION('',(0.5,0.866025403784439,3.04258292836223E-14));
#5149=DIRECTION('',(1.11022302462516E-16,-1.,-1.96863138111362E-15));
#5150=DIRECTION('',(1.,1.11022302462516E-16,5.74418889937813E-14));
#5151=DIRECTION('',(-1.,-1.11022302462516E-16,-5.74418889937813E-14));
#5152=DIRECTION('',(-8.97157005445319E-16,1.96863138111362E-15,-1.));
#5153=DIRECTION('',(-1.,-1.11022302462516E-16,-5.74418889937813E-14));
#5154=DIRECTION('',(5.72753555400875E-14,1.96863138111391E-15,-1.));
#5155=DIRECTION('',(-5.72753555400876E-14,-1.96863138111391E-15,1.));
#5156=DIRECTION('',(-0.866025403784439,0.5,-4.87618194194235E-14));
#5157=DIRECTION('',(-5.72753555400875E-14,-1.96863138111391E-15,1.));
#5158=DIRECTION('',(-1.,0.,-5.72753555400875E-14));
#5159=DIRECTION('',(-0.414693242656806,0.909961270876285,-2.1960324599795E-14));
#5160=DIRECTION('',(-0.5,-0.866025403784439,-3.04258292836223E-14));
#5161=DIRECTION('',(0.5,-0.866025403784439,2.7016059710159E-14));
#5162=DIRECTION('',(1.,-5.55111512312578E-17,5.74418889937813E-14));
#5163=DIRECTION('',(0.909961271294034,0.414693241740138,0.));
#5164=DIRECTION('',(-0.414693241740138,0.909961271294034,0.));
#5165=DIRECTION('',(0.,0.,-1.));
#5166=DIRECTION('',(-0.414693242656806,0.909961270876285,2.84123966495221E-13));
#5167=DIRECTION('',(6.10031606117655E-13,-3.43059017215234E-14,1.));
#5168=DIRECTION('',(0.414693242656806,-0.909961270876285,-2.84123966495221E-13));
#5169=DIRECTION('',(6.10031606117655E-13,-3.43059017215234E-14,1.));
#5170=DIRECTION('',(-0.414693242656806,0.909961270876285,2.84123966495221E-13));
#5171=DIRECTION('',(0.,0.,-1.));
#5172=DIRECTION('',(0.414693241740138,-0.909961271294034,0.));
#5173=DIRECTION('',(0.414693241740138,-0.909961271294034,2.19603245464702E-14));
#5174=DIRECTION('',(-1.,0.,0.));
#5175=DIRECTION('',(0.,-1.,0.));
#5176=DIRECTION('',(0.,0.,1.));
#5177=DIRECTION('',(0.,-1.,0.));
#5178=DIRECTION('',(0.,0.,-1.));
#5179=DIRECTION('',(0.,-0.999948851695265,-0.0101140493038571));
#5180=DIRECTION('',(0.,1.,0.));
#5181=DIRECTION('',(-1.,0.,0.));
#5182=DIRECTION('',(0.,0.,1.));
#5183=DIRECTION('',(0.,1.,0.));
#5184=DIRECTION('',(-1.,0.,0.));
#5185=DIRECTION('',(0.,1.,0.));
#5186=DIRECTION('',(-1.,0.,0.));
#5187=DIRECTION('',(-1.,0.,0.));
#5188=DIRECTION('',(-1.,0.,0.));
#5189=DIRECTION('',(0.,-1.,0.));
#5190=DIRECTION('',(1.,0.,0.));
#5191=DIRECTION('',(-1.,0.,0.));
#5192=DIRECTION('',(0.,-1.,0.));
#5193=DIRECTION('',(1.,0.,0.));
#5194=DIRECTION('',(-1.,0.,0.));
#5195=DIRECTION('',(0.,0.,-1.));
#5196=DIRECTION('',(-1.,0.,0.));
#5197=DIRECTION('',(0.,0.,-1.));
#5198=DIRECTION('',(0.0345119323176729,0.,-0.999404285826162));
#5199=DIRECTION('',(0.,-1.,0.));
#5200=DIRECTION('',(1.,0.,0.));
#5201=DIRECTION('',(0.,-1.,0.));
#5202=DIRECTION('',(1.,0.,0.));
#5203=DIRECTION('',(0.,1.,0.));
#5204=DIRECTION('',(-1.,0.,0.));
#5205=DIRECTION('',(0.,0.,-1.));
#5206=DIRECTION('',(-1.,0.,-1.38395059816124E-16));
#5207=DIRECTION('',(1.40463439350349E-16,0.,-1.));
#5208=DIRECTION('',(-1.,0.,-1.23584481522658E-16));
#5209=DIRECTION('',(1.23584481522658E-16,0.,-1.));
#5210=DIRECTION('',(-1.,0.,-1.38395059816124E-16));
#5211=DIRECTION('',(1.40463439350349E-16,0.,-1.));
#5212=DIRECTION('',(-1.,0.,-1.23584481522658E-16));
#5213=DIRECTION('',(1.40463439350349E-16,0.,-1.));
#5214=DIRECTION('',(-1.,0.,-1.38395059816124E-16));
#5215=DIRECTION('',(1.40463439350349E-16,0.,-1.));
#5216=DIRECTION('',(-1.,0.,-1.23584481522658E-16));
#5217=DIRECTION('',(-1.40463439350349E-16,0.,1.));
#5218=DIRECTION('',(0.,-1.,0.));
#5219=DIRECTION('',(1.,0.,0.));
#5220=DIRECTION('',(0.,-1.,0.));
#5221=DIRECTION('',(1.,0.,0.));
#5222=DIRECTION('',(0.,-1.,0.));
#5223=DIRECTION('',(1.,0.,0.));
#5224=DIRECTION('',(0.,-1.,0.));
#5225=DIRECTION('',(1.,0.,0.));
#5226=DIRECTION('',(0.,-1.,0.));
#5227=DIRECTION('',(1.,0.,0.));
#5228=DIRECTION('',(0.,-1.,0.));
#5229=DIRECTION('',(1.,0.,0.));
#5230=DIRECTION('',(0.,-1.,0.));
#5231=DIRECTION('',(1.,0.,0.));
#5232=DIRECTION('',(0.,-1.,0.));
#5233=DIRECTION('',(1.,0.,0.));
#5234=DIRECTION('',(0.,-1.,0.));
#5235=DIRECTION('',(1.,0.,0.));
#5236=DIRECTION('',(0.,-1.,0.));
#5237=DIRECTION('',(1.,0.,0.));
#5238=DIRECTION('',(0.,-1.,0.));
#5239=DIRECTION('',(1.,0.,0.));
#5240=DIRECTION('',(0.,-1.,0.));
#5241=DIRECTION('',(1.,0.,0.));
#5242=DIRECTION('',(0.,-1.,0.));
#5243=DIRECTION('',(1.,0.,0.));
#5244=DIRECTION('',(0.,-1.,0.));
#5245=DIRECTION('',(1.,0.,0.));
#5246=DIRECTION('',(0.,-1.,0.));
#5247=DIRECTION('',(1.,0.,0.));
#5248=DIRECTION('',(0.,-1.,0.));
#5249=DIRECTION('',(1.,0.,0.));
#5250=DIRECTION('',(0.,-1.,0.));
#5251=DIRECTION('',(1.,0.,0.));
#5252=DIRECTION('',(0.,-1.,0.));
#5253=DIRECTION('',(1.,0.,0.));
#5254=DIRECTION('',(0.,-1.,0.));
#5255=DIRECTION('',(1.,0.,0.));
#5256=DIRECTION('',(0.,-1.,0.));
#5257=DIRECTION('',(1.,0.,0.));
#5258=DIRECTION('',(0.,-1.,0.));
#5259=DIRECTION('',(1.,0.,0.));
#5260=DIRECTION('',(0.,-1.,0.));
#5261=DIRECTION('',(1.,0.,0.));
#5262=DIRECTION('',(0.,-1.,0.));
#5263=DIRECTION('',(1.,0.,0.));
#5264=DIRECTION('',(0.,-1.,0.));
#5265=DIRECTION('',(1.,0.,0.));
#5266=DIRECTION('',(0.,1.,0.));
#5267=DIRECTION('',(-1.,0.,0.));
#5268=DIRECTION('',(0.,1.,0.));
#5269=DIRECTION('',(-1.,0.,0.));
#5270=DIRECTION('',(0.,1.,0.));
#5271=DIRECTION('',(-1.,0.,0.));
#5272=DIRECTION('',(0.,1.,0.));
#5273=DIRECTION('',(-1.,0.,0.));
#5274=DIRECTION('',(0.,0.0101140493038571,-0.999948851695265));
#5275=DIRECTION('',(0.,0.999948851695265,0.0101140493038571));
#5276=DIRECTION('',(0.,1.,0.));
#5277=DIRECTION('',(-1.,0.,0.));
#5278=DIRECTION('',(0.,0.0101140493038571,-0.999948851695265));
#5279=DIRECTION('',(0.,0.999948851695265,0.0101140493038571));
#5280=DIRECTION('',(0.,1.,0.));
#5281=DIRECTION('',(-1.,0.,0.));
#5282=DIRECTION('',(0.,0.0101140493038571,-0.999948851695265));
#5283=DIRECTION('',(0.,0.999948851695265,0.0101140493038571));
#5284=DIRECTION('',(0.,1.,0.));
#5285=DIRECTION('',(-1.,0.,0.));
#5286=DIRECTION('',(0.,0.0101140493038571,-0.999948851695265));
#5287=DIRECTION('',(0.,0.999948851695265,0.0101140493038571));
#5288=DIRECTION('',(0.,1.,0.));
#5289=DIRECTION('',(-1.,0.,0.));
#5290=DIRECTION('',(-1.,0.,0.));
#5291=DIRECTION('',(0.,1.,0.));
#5292=DIRECTION('',(-1.,0.,0.));
#5293=DIRECTION('',(-1.,0.,0.));
#5294=DIRECTION('',(0.,1.,0.));
#5295=DIRECTION('',(-1.,0.,0.));
#5296=DIRECTION('',(0.,1.,0.));
#5297=DIRECTION('',(-1.,0.,0.));
#5298=DIRECTION('',(0.,1.,0.));
#5299=DIRECTION('',(-1.,0.,0.));
#5300=DIRECTION('',(0.,1.,0.));
#5301=DIRECTION('',(-1.,0.,0.));
#5302=DIRECTION('',(0.,0.,-1.));
#5303=DIRECTION('',(-1.,0.,0.));
#5304=DIRECTION('',(1.,0.,0.));
#5305=DIRECTION('',(0.,0.,-1.));
#5306=DIRECTION('',(0.,1.,0.));
#5307=DIRECTION('',(1.,0.,0.));
#5308=DIRECTION('',(0.,-1.,0.));
#5309=DIRECTION('',(1.,0.,0.));
#5310=DIRECTION('',(0.,0.,-1.));
#5311=DIRECTION('',(-1.,0.,0.));
#5312=DIRECTION('',(0.,-1.,0.));
#5313=DIRECTION('',(1.,0.,0.));
#5314=DIRECTION('',(-1.,0.,0.));
#5315=DIRECTION('',(0.,0.,-1.));
#5316=DIRECTION('',(0.0345119323176729,0.,-0.999404285826162));
#5317=DIRECTION('',(0.,0.,-1.));
#5318=DIRECTION('',(-1.,0.,0.));
#5319=DIRECTION('',(0.,0.,1.));
#5320=DIRECTION('',(-1.,4.84013566245739E-17,0.));
#5321=DIRECTION('',(0.,0.,-1.));
#5322=DIRECTION('',(0.,1.,0.));
#5323=DIRECTION('',(-1.,0.,0.));
#5324=DIRECTION('',(0.,0.,-1.));
#5325=DIRECTION('',(0.00536103687524244,0.,0.999985629538556));
#5326=DIRECTION('',(0.,0.,1.));
#5327=DIRECTION('',(0.999985629538556,0.,-0.00536103687524254));
#5328=DIRECTION('',(-0.999985629538556,0.,0.00536103687524244));
#5329=DIRECTION('',(-0.00536103687524244,0.,-0.999985629538556));
#5330=DIRECTION('',(-0.999985629538556,0.,0.00536103687524244));
#5331=DIRECTION('',(-0.00536103687524244,0.,-0.999985629538556));
#5332=DIRECTION('',(0.,1.,0.));
#5333=DIRECTION('',(0.00536103687524254,0.,0.999985629538556));
#5334=DIRECTION('',(-0.999985629538556,0.,0.00536103687524254));
#5335=DIRECTION('',(0.,1.,0.));
#5336=DIRECTION('',(0.00536103687524254,0.,0.999985629538556));
#5337=DIRECTION('',(0.999985629538556,0.,-0.00536103687524254));
#5338=DIRECTION('',(0.00536103687524254,0.,0.999985629538556));
#5339=DIRECTION('',(0.999985629538556,0.,-0.00536103687524254));
#5340=DIRECTION('',(-1.23584481522658E-16,0.,1.));
#5341=DIRECTION('',(-1.,0.,-1.23584481522658E-16));
#5342=DIRECTION('',(-1.23584481522658E-16,0.,1.));
#5343=DIRECTION('',(-1.,0.,-1.23584481522658E-16));
#5344=DIRECTION('',(-1.23584481522658E-16,0.,1.));
#5345=DIRECTION('',(-1.,0.,-1.23584481522658E-16));
#5346=DIRECTION('',(-1.,0.,-1.23584481522658E-16));
#5347=DIRECTION('',(-0.225253560580095,-0.974300176252673,-2.78378444954237E-17));
#5348=DIRECTION('',(-1.,0.,-1.23584481522658E-16));
#5349=DIRECTION('',(0.188374863471236,0.982097200287321,2.32802098339941E-17));
#5350=DIRECTION('',(-1.23584481522658E-16,0.,1.));
#5351=DIRECTION('',(-1.,0.,-1.23584481522658E-16));
#5352=DIRECTION('',(-1.23584481522658E-16,0.,1.));
#5353=DIRECTION('',(-1.,0.,-1.23584481522658E-16));
#5354=DIRECTION('',(-0.166321402397732,-0.986071595323814,-2.0554744281445E-17));
#5355=DIRECTION('',(-1.,0.,-1.23584481522658E-16));
#5356=DIRECTION('',(0.138911870186708,0.99030474719716,1.71673514543671E-17));
#5357=DIRECTION('',(1.,0.,1.23584481522658E-16));
#5358=DIRECTION('',(-1.40463439350349E-16,0.,1.));
#5359=DIRECTION('',(-1.,0.,-1.40463439350349E-16));
#5360=DIRECTION('',(-1.40463439350349E-16,0.,1.));
#5361=DIRECTION('',(-1.,0.,-1.40463439350349E-16));
#5362=DIRECTION('',(0.138911870186708,0.99030474719716,1.71673514543671E-17));
#5363=DIRECTION('',(-1.40463439350349E-16,0.,1.));
#5364=DIRECTION('',(-1.,0.,-1.40463439350349E-16));
#5365=DIRECTION('',(-0.166321402397732,-0.986071595323814,-2.0554744281445E-17));
#5366=DIRECTION('',(1.,0.,1.23584481522658E-16));
#5367=DIRECTION('',(-1.40463439350349E-16,0.,1.));
#5368=DIRECTION('',(-1.,0.,-1.40463439350349E-16));
#5369=DIRECTION('',(-1.40463439350349E-16,0.,1.));
#5370=DIRECTION('',(-1.,0.,-1.40463439350349E-16));
#5371=DIRECTION('',(-0.225253560580095,-0.974300176252673,-2.78378444954237E-17));
#5372=DIRECTION('',(-1.40463439350349E-16,0.,1.));
#5373=DIRECTION('',(-1.,0.,-1.40463439350349E-16));
#5374=DIRECTION('',(-1.40463439350349E-16,0.,1.));
#5375=DIRECTION('',(-1.,0.,-1.40463439350349E-16));
#5376=DIRECTION('',(0.188374863471236,0.982097200287321,2.32802098339941E-17));
#5377=DIRECTION('',(-1.,0.,-1.23584481522658E-16));
#5378=DIRECTION('',(0.,1.,0.));
#5379=DIRECTION('',(-1.,0.,0.));
#5380=DIRECTION('',(0.,1.,0.));
#5381=DIRECTION('',(-1.,0.,0.));
#5382=DIRECTION('',(0.,1.,0.));
#5383=DIRECTION('',(-1.,0.,0.));
#5384=DIRECTION('',(0.,1.,0.));
#5385=DIRECTION('',(-1.,0.,0.));
#5386=DIRECTION('',(0.,1.,0.));
#5387=DIRECTION('',(-1.,0.,0.));
#5388=DIRECTION('',(0.,1.,0.));
#5389=DIRECTION('',(-1.,0.,0.));
#5390=DIRECTION('',(0.,1.,0.));
#5391=DIRECTION('',(-1.,0.,0.));
#5392=DIRECTION('',(0.,1.,0.));
#5393=DIRECTION('',(-1.,0.,0.));
#5394=DIRECTION('',(0.,1.,0.));
#5395=DIRECTION('',(-1.,0.,0.));
#5396=DIRECTION('',(0.,1.,0.));
#5397=DIRECTION('',(-1.,0.,0.));
#5398=DIRECTION('',(0.,1.,0.));
#5399=DIRECTION('',(-1.,0.,0.));
#5400=DIRECTION('',(0.,1.,0.));
#5401=DIRECTION('',(-1.,0.,0.));
#5402=DIRECTION('',(0.,1.,0.));
#5403=DIRECTION('',(-1.,0.,0.));
#5404=DIRECTION('',(0.,1.,0.));
#5405=DIRECTION('',(-1.,0.,0.));
#5406=DIRECTION('',(0.,1.,0.));
#5407=DIRECTION('',(-1.,0.,0.));
#5408=DIRECTION('',(0.,1.,0.));
#5409=DIRECTION('',(-1.,0.,0.));
#5410=DIRECTION('',(0.,1.,0.));
#5411=DIRECTION('',(-1.,0.,0.));
#5412=DIRECTION('',(0.,1.,0.));
#5413=DIRECTION('',(-1.,0.,0.));
#5414=DIRECTION('',(0.,1.,0.));
#5415=DIRECTION('',(-1.,0.,0.));
#5416=DIRECTION('',(0.,1.,0.));
#5417=DIRECTION('',(-1.,0.,0.));
#5418=DIRECTION('',(0.,1.,0.));
#5419=DIRECTION('',(-1.,0.,0.));
#5420=DIRECTION('',(0.,1.,0.));
#5421=DIRECTION('',(-1.,0.,0.));
#5422=DIRECTION('',(0.,1.,0.));
#5423=DIRECTION('',(-1.,0.,0.));
#5424=DIRECTION('',(0.,1.,0.));
#5425=DIRECTION('',(-1.,0.,0.));
#5426=DIRECTION('',(0.,1.,0.));
#5427=DIRECTION('',(-1.,0.,0.));
#5428=DIRECTION('',(0.,1.,0.));
#5429=DIRECTION('',(-1.,0.,0.));
#5430=DIRECTION('',(0.,1.,0.));
#5431=DIRECTION('',(-1.,0.,0.));
#5432=DIRECTION('',(0.,1.,0.));
#5433=DIRECTION('',(-1.,0.,0.));
#5434=DIRECTION('',(1.,0.,0.));
#5435=DIRECTION('',(0.,1.,0.));
#5436=DIRECTION('',(0.,-1.,0.));
#5437=DIRECTION('',(0.,1.,0.));
#5438=DIRECTION('',(-1.,0.,0.));
#5439=DIRECTION('',(0.,1.,0.));
#5440=DIRECTION('',(-1.,0.,0.));
#5441=DIRECTION('',(0.,1.,0.));
#5442=DIRECTION('',(-1.,0.,0.));
#5443=DIRECTION('',(0.,1.,0.));
#5444=DIRECTION('',(-1.,0.,0.));
#5445=DIRECTION('',(0.,1.,0.));
#5446=DIRECTION('',(-1.,0.,0.));
#5447=DIRECTION('',(0.,1.,0.));
#5448=DIRECTION('',(-1.,0.,0.));
#5449=DIRECTION('',(0.,1.,0.));
#5450=DIRECTION('',(-1.,0.,0.));
#5451=DIRECTION('',(0.,1.,0.));
#5452=DIRECTION('',(-1.,0.,0.));
#5453=DIRECTION('',(0.,1.,0.));
#5454=DIRECTION('',(-1.,0.,0.));
#5455=DIRECTION('',(0.,1.,0.));
#5456=DIRECTION('',(-1.,0.,0.));
#5457=DIRECTION('',(0.,1.,0.));
#5458=DIRECTION('',(-1.,0.,0.));
#5459=DIRECTION('',(0.,1.,0.));
#5460=DIRECTION('',(-1.,0.,0.));
#5461=DIRECTION('',(0.,1.,0.));
#5462=DIRECTION('',(-1.,0.,0.));
#5463=DIRECTION('',(0.,1.,0.));
#5464=DIRECTION('',(-1.,0.,0.));
#5465=DIRECTION('',(0.,1.,0.));
#5466=DIRECTION('',(-1.,0.,0.));
#5467=DIRECTION('',(0.,1.,0.));
#5468=DIRECTION('',(-1.,0.,0.));
#5469=DIRECTION('',(0.,1.,0.));
#5470=DIRECTION('',(-1.,0.,0.));
#5471=DIRECTION('',(0.,1.,0.));
#5472=DIRECTION('',(-1.,0.,0.));
#5473=DIRECTION('',(0.,1.,0.));
#5474=DIRECTION('',(-1.,0.,0.));
#5475=DIRECTION('',(0.,1.,0.));
#5476=DIRECTION('',(-1.,0.,0.));
#5477=DIRECTION('',(0.,1.,0.));
#5478=DIRECTION('',(-1.,0.,0.));
#5479=DIRECTION('',(0.,1.,0.));
#5480=DIRECTION('',(-1.,0.,0.));
#5481=DIRECTION('',(0.,1.,0.));
#5482=DIRECTION('',(-1.,0.,0.));
#5483=DIRECTION('',(0.,1.,0.));
#5484=DIRECTION('',(-1.,0.,0.));
#5485=DIRECTION('',(0.,1.,0.));
#5486=DIRECTION('',(-1.,0.,0.));
#5487=DIRECTION('',(0.,1.,0.));
#5488=DIRECTION('',(-1.,0.,0.));
#5489=DIRECTION('',(0.,1.,0.));
#5490=DIRECTION('',(-1.,0.,0.));
#5491=DIRECTION('',(0.,1.,0.));
#5492=DIRECTION('',(-1.,0.,0.));
#5493=DIRECTION('',(0.,1.,0.));
#5494=DIRECTION('',(-1.,0.,0.));
#5495=DIRECTION('',(0.,1.,0.));
#5496=DIRECTION('',(-1.,0.,0.));
#5497=DIRECTION('',(0.,1.,0.));
#5498=DIRECTION('',(-1.,0.,0.));
#5499=DIRECTION('',(0.,1.,0.));
#5500=DIRECTION('',(-1.,0.,0.));
#5501=DIRECTION('',(0.,1.,0.));
#5502=DIRECTION('',(-1.,0.,0.));
#5503=DIRECTION('',(0.,1.,0.));
#5504=DIRECTION('',(-1.,0.,0.));
#5505=DIRECTION('',(0.,1.,0.));
#5506=DIRECTION('',(-1.,0.,0.));
#5507=DIRECTION('',(0.,1.,0.));
#5508=DIRECTION('',(-1.,0.,0.));
#5509=DIRECTION('',(0.,1.,0.));
#5510=DIRECTION('',(-1.,0.,0.));
#5511=DIRECTION('',(0.,1.,0.));
#5512=DIRECTION('',(-1.,0.,0.));
#5513=DIRECTION('',(0.,1.,0.));
#5514=DIRECTION('',(-1.,0.,0.));
#5515=DIRECTION('',(0.,1.,0.));
#5516=DIRECTION('',(-1.,0.,0.));
#5517=DIRECTION('',(0.,1.,0.));
#5518=DIRECTION('',(-1.,0.,0.));
#5519=DIRECTION('',(0.,1.,0.));
#5520=DIRECTION('',(-1.,0.,0.));
#5521=DIRECTION('',(0.,1.,0.));
#5522=DIRECTION('',(-1.,0.,0.));
#5523=DIRECTION('',(0.,1.,0.));
#5524=DIRECTION('',(-1.,0.,0.));
#5525=DIRECTION('',(-1.40463439350349E-16,0.,1.));
#5526=DIRECTION('',(-1.,0.,-1.40463439350349E-16));
#5527=DIRECTION('',(-1.40463439350349E-16,0.,1.));
#5528=DIRECTION('',(-1.,0.,-1.40463439350349E-16));
#5529=DIRECTION('',(-0.180206788619017,-0.983628747717156,-2.22707625383444E-17));
#5530=DIRECTION('',(-1.40463439350349E-16,0.,1.));
#5531=DIRECTION('',(-1.,0.,-1.40463439350349E-16));
#5532=DIRECTION('',(-1.40463439350349E-16,0.,1.));
#5533=DIRECTION('',(-1.,0.,-1.40463439350349E-16));
#5534=DIRECTION('',(0.180206788619017,0.983628747717156,2.22707625383444E-17));
#5535=DIRECTION('',(-0.999999353752025,-0.00113687973494607,-1.23584401656437E-16));
#5536=DIRECTION('',(-0.974300176252673,0.225253560580095,-1.36853553716102E-16));
#5537=DIRECTION('',(-0.225253560580095,-0.974300176252673,0.));
#5538=DIRECTION('',(-0.974300176252673,0.225253560580095,-1.36853553716102E-16));
#5539=DIRECTION('',(-0.225253560580095,-0.974300176252673,4.32932556476802E-17));
#5540=DIRECTION('',(1.40463439350349E-16,0.,-1.));
#5541=DIRECTION('',(-1.40463439350349E-16,0.,1.));
#5542=DIRECTION('',(0.,1.,0.));
#5543=DIRECTION('',(-1.,0.,0.));
#5544=DIRECTION('',(-1.40463439350349E-16,0.,1.));
#5545=DIRECTION('',(0.982097200287321,-0.188374863471236,1.37948750528705E-16));
#5546=DIRECTION('',(0.188374863471236,0.982097200287321,0.));
#5547=DIRECTION('',(1.40463439350349E-16,1.05466689800314E-34,-1.));
#5548=DIRECTION('',(-0.983628747717156,0.180206788619017,-1.38163876948228E-16));
#5549=DIRECTION('',(-0.180206788619017,-0.983628747717156,0.));
#5550=DIRECTION('',(-0.180206788619017,-0.983628747717156,-2.22707625383444E-17));
#5551=DIRECTION('',(-0.983628747717156,0.180206788619017,-1.38163876948228E-16));
#5552=DIRECTION('',(-0.180206788619017,-0.983628747717156,6.83519185601604E-17));
#5553=DIRECTION('',(1.40463439350349E-16,7.56868899817863E-33,-1.));
#5554=DIRECTION('',(-1.40463439350349E-16,0.,1.));
#5555=DIRECTION('',(-0.00113687973494607,0.999999353752025,-1.59690037698237E-19));
#5556=DIRECTION('',(-0.999999353752025,-0.00113687973494607,0.));
#5557=DIRECTION('',(-1.40463439350349E-16,0.,1.));
#5558=DIRECTION('',(-0.999999353752025,-0.00113687973494607,-1.23584401656437E-16));
#5559=DIRECTION('',(0.983628747717156,-0.180206788619017,1.38163876948228E-16));
#5560=DIRECTION('',(0.180206788619017,0.983628747717156,0.));
#5561=DIRECTION('',(-1.40463439350349E-16,-1.60665172572681E-33,1.));
#5562=DIRECTION('',(0.180206788619017,0.983628747717156,2.22707625383444E-17));
#5563=DIRECTION('',(0.99030474719716,-0.138911870186708,1.39101610796291E-16));
#5564=DIRECTION('',(0.138911870186708,0.99030474719716,0.));
#5565=DIRECTION('',(0.99030474719716,-0.138911870186708,1.39101610796291E-16));
#5566=DIRECTION('',(-0.138911870186708,-0.99030474719716,1.01996351878619E-16));
#5567=DIRECTION('',(1.40463439350349E-16,6.21985330755295E-33,-1.));
#5568=DIRECTION('',(-1.40463439350349E-16,0.,1.));
#5569=DIRECTION('',(0.,-1.,0.));
#5570=DIRECTION('',(1.,0.,0.));
#5571=DIRECTION('',(-1.40463439350349E-16,0.,1.));
#5572=DIRECTION('',(-0.986071595323814,0.166321402397732,-1.38507007724868E-16));
#5573=DIRECTION('',(-0.166321402397732,-0.986071595323814,0.));
#5574=DIRECTION('',(1.39996519965605E-16,-2.76823028163598E-18,-1.));
#5575=DIRECTION('',(-0.986071595323814,0.166321402397732,-1.38507007724868E-16));
#5576=DIRECTION('',(-0.166321402397732,-0.986071595323814,7.81219035001828E-17));
#5577=DIRECTION('',(-1.23584481522658E-16,0.,1.));
#5578=DIRECTION('',(-1.,0.,-1.23584481522658E-16));
#5579=DIRECTION('',(-1.23584481522658E-16,0.,1.));
#5580=DIRECTION('',(-1.,0.,-1.23584481522658E-16));
#5581=DIRECTION('',(-1.23584481522658E-16,0.,1.));
#5582=DIRECTION('',(-1.,0.,-1.23584481522658E-16));
#5583=DIRECTION('',(-1.,0.,-1.23584481522658E-16));
#5584=DIRECTION('',(0.,-1.,0.));
#5585=DIRECTION('',(1.,0.,0.));
#5586=DIRECTION('',(0.,-1.,0.));
#5587=DIRECTION('',(0.,-1.,0.));
#5588=DIRECTION('',(1.,0.,0.));
#5589=DIRECTION('',(0.,-1.,0.));
#5590=DIRECTION('',(-0.124892265053678,0.,-0.992170309034574));
#5591=DIRECTION('',(-5.72319969194268E-14,1.40547635898103E-15,1.));
#5592=DIRECTION('',(8.32667268471373E-17,1.,-1.40547635898102E-15));
#5593=DIRECTION('',(5.72319969194268E-14,-1.28301167906629E-15,-1.));
#5594=DIRECTION('',(1.,0.,5.72319969194268E-14));
#5595=DIRECTION('',(-5.72319969194268E-14,1.28301167906629E-15,1.));
#5596=DIRECTION('',(8.32667268471302E-17,1.,-1.28301167906629E-15));
#5597=DIRECTION('',(5.72319969194268E-14,-1.28301167906629E-15,-1.));
#5598=DIRECTION('',(-8.32667268471302E-17,-1.,1.28301167906629E-15));
#5599=DIRECTION('',(5.72319969194268E-14,-1.28301167906629E-15,-1.));
#5600=DIRECTION('',(-8.32667268471302E-17,-1.,1.28301167906629E-15));
#5601=DIRECTION('',(-5.72319969194268E-14,1.40547635898103E-15,1.));
#5602=DIRECTION('',(8.32667268471373E-17,1.,-1.40547635898102E-15));
#5603=DIRECTION('',(5.72319969194268E-14,-1.28301167906629E-15,-1.));
#5604=DIRECTION('',(1.,0.,5.72319969194268E-14));
#5605=DIRECTION('',(-5.72319969194268E-14,1.28301167906629E-15,1.));
#5606=DIRECTION('',(8.32667268471302E-17,1.,-1.28301167906629E-15));
#5607=DIRECTION('',(5.72319969194268E-14,-1.28301167906629E-15,-1.));
#5608=DIRECTION('',(-8.32667268471302E-17,-1.,1.28301167906629E-15));
#5609=DIRECTION('',(5.72319969194268E-14,-1.28301167906629E-15,-1.));
#5610=DIRECTION('',(-8.32667268471302E-17,-1.,1.28301167906629E-15));
#5611=DIRECTION('',(-5.72319969194268E-14,1.40547635898103E-15,1.));
#5612=DIRECTION('',(8.32667268471373E-17,1.,-1.40547635898102E-15));
#5613=DIRECTION('',(5.72319969194268E-14,-1.28301167906629E-15,-1.));
#5614=DIRECTION('',(1.,0.,5.72319969194268E-14));
#5615=DIRECTION('',(-5.72319969194268E-14,1.28301167906629E-15,1.));
#5616=DIRECTION('',(8.32667268471302E-17,1.,-1.28301167906629E-15));
#5617=DIRECTION('',(5.72319969194268E-14,-1.28301167906629E-15,-1.));
#5618=DIRECTION('',(-8.32667268471302E-17,-1.,1.28301167906629E-15));
#5619=DIRECTION('',(5.72319969194268E-14,-1.28301167906629E-15,-1.));
#5620=DIRECTION('',(-8.32667268471302E-17,-1.,1.28301167906629E-15));
#5621=DIRECTION('',(1.40463439350349E-16,0.,-1.));
#5622=DIRECTION('',(1.,0.,1.40463439350349E-16));
#5623=DIRECTION('',(0.707106781186548,0.,-0.707106781186547));
#5624=DIRECTION('',(-0.707106781186547,0.,-0.707106781186548));
#5625=DIRECTION('',(1.23584481522658E-16,0.,-1.));
#5626=DIRECTION('',(1.,0.,1.23584481522658E-16));
#5627=DIRECTION('',(-1.40463439350349E-16,0.,1.));
#5628=DIRECTION('',(-1.,0.,-1.40463439350349E-16));
#5629=DIRECTION('',(-0.707106781186548,0.,0.707106781186547));
#5630=DIRECTION('',(0.707106781186547,0.,0.707106781186548));
#5631=DIRECTION('',(-1.40463439350349E-16,0.,1.));
#5632=DIRECTION('',(-1.,0.,-1.40463439350349E-16));
#5633=DIRECTION('',(0.707106781186547,0.,0.707106781186548));
#5634=DIRECTION('',(-0.707106781186548,0.,0.707106781186547));
#5635=DIRECTION('',(-1.40463439350349E-16,0.,1.));
#5636=DIRECTION('',(-1.,0.,-1.40463439350349E-16));
#5637=DIRECTION('',(-0.707106781186548,0.,0.707106781186547));
#5638=DIRECTION('',(0.707106781186547,0.,0.707106781186548));
#5639=DIRECTION('',(1.40463439350349E-16,0.,-1.));
#5640=DIRECTION('',(1.,0.,1.40463439350349E-16));
#5641=DIRECTION('',(-0.707106781186547,0.,-0.707106781186548));
#5642=DIRECTION('',(0.707106781186548,0.,-0.707106781186547));
#5643=DIRECTION('',(-8.32667268469304E-17,-1.,-2.20846965977685E-15));
#5644=DIRECTION('',(-5.72319969194268E-14,-2.20846965977684E-15,1.));
#5645=DIRECTION('',(8.32667268469304E-17,1.,2.20846965977685E-15));
#5646=DIRECTION('',(5.72319969194268E-14,2.20846965977684E-15,-1.));
#5647=DIRECTION('',(8.32667268469304E-17,1.,2.20846965977685E-15));
#5648=DIRECTION('',(5.72319969194268E-14,2.20846965977684E-15,-1.));
#5649=DIRECTION('',(8.32667268469304E-17,1.,2.20846965977685E-15));
#5650=DIRECTION('',(0.,-2.20846965977685E-15,1.));
#5651=DIRECTION('',(-8.32667268469374E-17,-1.,-2.08600497986211E-15));
#5652=DIRECTION('',(-5.72319969194268E-14,-2.08600497986211E-15,1.));
#5653=DIRECTION('',(-8.32667268469304E-17,-1.,-2.20846965977685E-15));
#5654=DIRECTION('',(-5.72319969194268E-14,-2.20846965977684E-15,1.));
#5655=DIRECTION('',(8.32667268469304E-17,1.,2.20846965977685E-15));
#5656=DIRECTION('',(5.72319969194268E-14,2.20846965977684E-15,-1.));
#5657=DIRECTION('',(8.32667268469304E-17,1.,2.20846965977685E-15));
#5658=DIRECTION('',(5.72319969194268E-14,2.20846965977684E-15,-1.));
#5659=DIRECTION('',(8.32667268469304E-17,1.,2.20846965977685E-15));
#5660=DIRECTION('',(0.,-2.20846965977685E-15,1.));
#5661=DIRECTION('',(-8.32667268469374E-17,-1.,-2.08600497986211E-15));
#5662=DIRECTION('',(-5.72319969194268E-14,-2.08600497986211E-15,1.));
#5663=DIRECTION('',(-1.66613566512056E-16,-1.,-2.17573179940039E-15));
#5664=DIRECTION('',(0.680578593951727,-1.7074981038468E-15,0.732675083140331));
#5665=DIRECTION('',(1.66613566512056E-16,1.,2.17573179940039E-15));
#5666=DIRECTION('',(-0.680578593951727,1.7074981038468E-15,-0.732675083140331));
#5667=DIRECTION('',(1.66613566512056E-16,1.,2.17573179940039E-15));
#5668=DIRECTION('',(-0.680578593951727,1.7074981038468E-15,-0.732675083140331));
#5669=DIRECTION('',(1.66613566512056E-16,1.,2.17573179940039E-15));
#5670=DIRECTION('',(0.,-2.17573179940039E-15,1.));
#5671=DIRECTION('',(-8.32667268469374E-17,-1.,-2.08600497986211E-15));
#5672=DIRECTION('',(0.680578593951727,-1.58503342393207E-15,0.732675083140331));
#5673=DIRECTION('',(-1.,0.,-1.23584481522658E-16));
#5674=DIRECTION('',(1.23584481522658E-16,0.,-1.));
#5675=DIRECTION('',(-1.,0.,-1.23584481522658E-16));
#5676=DIRECTION('',(1.23584481522658E-16,0.,-1.));
#5677=DIRECTION('',(-1.,0.,-1.23584481522658E-16));
#5678=DIRECTION('',(1.23584481522658E-16,0.,-1.));
#5679=DIRECTION('',(0.999404285826162,0.,0.0345119323176729));
#5680=DIRECTION('',(-0.0345119323176729,0.,0.999404285826162));
#5681=DIRECTION('',(0.,1.,0.));
#5682=DIRECTION('',(0.0345119323176729,0.,-0.999404285826162));
#5683=DIRECTION('',(1.,0.,0.));
#5684=DIRECTION('',(0.,1.,0.));
#5685=DIRECTION('',(0.,-1.,0.));
#5686=DIRECTION('',(0.,0.999948851695265,0.0101140493038571));
#5687=DIRECTION('',(-1.,0.,0.));
#5688=DIRECTION('',(0.,-1.,0.));
#5689=DIRECTION('',(0.,0.,-1.));
#5690=DIRECTION('',(0.,0.,-1.));
#5691=DIRECTION('',(0.,1.,0.));
#5692=DIRECTION('',(0.,0.,-1.));
#5693=DIRECTION('',(-0.00410047754759164,0.,-0.999991593006602));
#5694=DIRECTION('',(0.999991593006602,0.,-0.00410047754759164));
#5695=DIRECTION('',(0.416668534516767,0.,-0.909058486756298));
#5696=DIRECTION('',(-0.909058486756298,0.,-0.416668534516767));
#5697=DIRECTION('',(0.,0.,-1.));
#5698=DIRECTION('',(0.,0.,1.));
#5699=DIRECTION('',(0.,-1.,0.));
#5700=DIRECTION('',(-1.,0.,0.));
#5701=DIRECTION('',(0.,-1.,0.));
#5702=DIRECTION('',(0.,0.,-1.));
#5703=DIRECTION('',(0.,-1.,0.));
#5704=DIRECTION('',(0.,0.,-1.));
#5705=DIRECTION('',(0.,1.,0.));
#5706=DIRECTION('',(-1.,0.,0.));
#5707=DIRECTION('',(0.,-1.,0.));
#5708=DIRECTION('',(0.,0.,1.));
#5709=DIRECTION('',(0.,-1.,0.));
#5710=DIRECTION('',(0.,0.,1.));
#5711=DIRECTION('',(0.,1.,0.));
#5712=DIRECTION('',(0.,0.,1.));
#5713=DIRECTION('',(0.,-1.,0.));
#5714=DIRECTION('',(0.,0.,1.));
#5715=DIRECTION('',(0.,0.,-1.));
#5716=DIRECTION('',(0.,-1.,0.));
#5717=DIRECTION('',(0.,0.,1.));
#5718=DIRECTION('',(0.,-1.,0.));
#5719=DIRECTION('',(-0.00268054732809531,0.,-0.999996407326557));
#5720=DIRECTION('',(-0.999996407326557,0.,0.00268054732809531));
#5721=DIRECTION('',(0.0345119323176729,0.,-0.999404285826162));
#5722=DIRECTION('',(0.999404285826162,0.,0.0345119323176729));
#5723=DIRECTION('',(0.,0.,-1.));
#5724=DIRECTION('',(1.,0.,0.));
#5725=DIRECTION('',(0.,0.,1.));
#5726=DIRECTION('',(0.,-1.,0.));
#5727=DIRECTION('',(0.,0.,-1.));
#5728=DIRECTION('',(0.,-1.,0.));
#5729=DIRECTION('',(0.,0.,1.));
#5730=DIRECTION('',(0.,-1.,0.));
#5731=DIRECTION('',(0.,0.,-1.));
#5732=DIRECTION('',(0.,1.,0.));
#5733=DIRECTION('',(0.,0.,-1.));
#5734=DIRECTION('',(0.,-1.,0.));
#5735=DIRECTION('',(0.,0.,1.));
#5736=DIRECTION('',(0.,-1.,0.));
#5737=DIRECTION('',(0.,0.,-1.));
#5738=DIRECTION('',(0.,1.,0.));
#5739=DIRECTION('',(0.,0.,1.));
#5740=DIRECTION('',(0.,-1.,0.));
#5741=DIRECTION('',(0.,0.,-1.));
#5742=DIRECTION('',(0.,1.,0.));
#5743=DIRECTION('',(-0.00268054732809531,0.,-0.999996407326557));
#5744=DIRECTION('',(0.999996407326557,0.,-0.00268054732809531));
#5745=DIRECTION('',(0.,0.,1.));
#5746=DIRECTION('',(0.,-1.,0.));
#5747=DIRECTION('',(0.,0.,1.));
#5748=DIRECTION('',(0.,-1.,0.));
#5749=DIRECTION('',(0.,0.,-1.));
#5750=DIRECTION('',(0.,-1.,0.));
#5751=DIRECTION('',(0.,0.,1.));
#5752=DIRECTION('',(0.,-1.,0.));
#5753=DIRECTION('',(0.,0.,1.));
#5754=DIRECTION('',(0.,-1.,0.));
#5755=DIRECTION('',(-0.00804141086671627,0.,-0.999967667332936));
#5756=DIRECTION('',(-0.999967667332936,0.,0.00804141086671627));
#5757=DIRECTION('',(0.,0.,-1.));
#5758=DIRECTION('',(0.,-1.,0.));
#5759=DIRECTION('',(-0.887765854231566,-0.460270720381011,0.00475941387608913));
#5760=DIRECTION('',(0.460275933500461,-0.887775909247531,0.));
#5761=DIRECTION('',(-0.999985629538556,0.,0.00536103687524132));
#5762=DIRECTION('',(-0.00536103687524132,0.,-0.999985629538556));
#5763=DIRECTION('',(-0.999985629538556,0.,0.00536103687524138));
#5764=DIRECTION('',(-0.00536103687524138,0.,-0.999985629538556));
#5765=DIRECTION('',(-0.999985629538556,1.23998886974113E-17,0.00536103687524132));
#5766=DIRECTION('',(-0.00536103687524132,0.,-0.999985629538556));
#5767=DIRECTION('',(-0.79165953647366,-0.610947759855337,0.00424417695845308));
#5768=DIRECTION('',(0.6109532624423,-0.791666666666666,0.));
#5769=DIRECTION('',(-0.999985629538556,0.,0.00536103687524132));
#5770=DIRECTION('',(-0.00536103687524132,0.,-0.999985629538556));
#5771=DIRECTION('',(0.999985629538556,0.,-0.00536103687524138));
#5772=DIRECTION('',(0.00536103687524138,0.,0.999985629538556));
#5773=DIRECTION('',(-0.999985629538556,1.23998886974116E-17,0.00536103687524146));
#5774=DIRECTION('',(-0.00536103687524146,0.,-0.999985629538556));
#5775=DIRECTION('',(0.,1.,0.));
#5776=DIRECTION('',(-1.,0.,0.));
#5777=DIRECTION('',(0.,1.,0.));
#5778=DIRECTION('',(-1.,0.,0.));
#5779=DIRECTION('',(0.,1.,0.));
#5780=DIRECTION('',(-1.,0.,0.));
#5781=DIRECTION('',(-0.997640286183397,-2.30750670003008E-15,0.06865755154322));
#5782=DIRECTION('',(-0.06865755154322,0.,-0.997640286183397));
#5783=DIRECTION('',(0.,0.,-1.));
#5784=DIRECTION('',(0.,0.,1.));
#5785=DIRECTION('',(1.,0.,0.));
#5786=DIRECTION('',(1.,0.,0.));
#5787=DIRECTION('',(0.,1.,0.));
#5788=DIRECTION('',(0.,-1.,0.));
#5789=DIRECTION('',(0.,0.,-1.));
#5790=DIRECTION('',(0.,0.,-1.));
#5791=DIRECTION('',(-1.,0.,0.));
#5792=DIRECTION('',(1.,0.,0.));
#5793=DIRECTION('',(0.,1.,0.));
#5794=DIRECTION('',(0.,0.,-1.));
#5795=DIRECTION('',(0.,-1.,0.));
#5796=DIRECTION('',(0.,0.,1.));
#5797=DIRECTION('',(1.,0.,0.));
#5798=DIRECTION('',(0.414693241740138,-0.909961271294034,0.));
#5799=DIRECTION('',(0.909961271294034,0.414693241740138,0.));
#5800=DIRECTION('',(-0.909961270876285,-0.414693242656806,5.40727170957192E-13));
#5801=DIRECTION('',(-0.909961270876285,-0.414693242656806,5.40727170957192E-13));
#5802=DIRECTION('',(0.,0.,-1.));
#5803=DIRECTION('',(-0.909961271294034,-0.414693241740138,0.));
#5804=DIRECTION('',(0.909961271294034,0.414693241740138,0.));
#5805=DIRECTION('',(-0.414693241740138,0.909961271294034,0.));
#5806=DIRECTION('',(-0.414693242656806,0.909961270876285,2.84123966495221E-13));
#5807=DIRECTION('',(6.10031606117655E-13,-3.43059017215234E-14,1.));
#5808=DIRECTION('',(0.414693242656806,-0.909961270876285,-2.84123966495222E-13));
#5809=DIRECTION('',(6.10031606117655E-13,-3.43059017215234E-14,1.));
#5810=DIRECTION('',(-0.414693242656806,0.909961270876285,2.84123966495221E-13));
#5811=DIRECTION('',(0.,0.,-1.));
#5812=DIRECTION('',(0.414693241740138,-0.909961271294034,0.));
#5813=DIRECTION('',(-0.414693241740138,0.909961271294034,0.));
#5814=DIRECTION('',(-0.909961271294035,-0.414693241740138,0.));
#5815=DIRECTION('',(-0.909961270876285,-0.414693242656806,5.40727170957192E-13));
#5816=DIRECTION('',(-0.909961270876285,-0.414693242656806,5.40727170957192E-13));
#5817=DIRECTION('',(0.909961271294035,0.414693241740138,0.));
#5818=DIRECTION('',(0.,0.,1.));
#5819=DIRECTION('',(0.,-1.,0.));
#5820=DIRECTION('',(0.,0.,1.));
#5821=DIRECTION('',(0.,-1.,0.));
#5822=DIRECTION('',(0.,0.,1.));
#5823=DIRECTION('',(0.,-1.,0.));
#5824=DIRECTION('',(0.,0.,1.));
#5825=DIRECTION('',(0.,-1.,0.));
#5826=DIRECTION('',(-0.130526192220021,-0.991444861373814,0.));
#5827=DIRECTION('',(0.991444861373814,-0.130526192220021,0.));
#5828=DIRECTION('',(-0.130526192220021,-0.991444861373814,0.));
#5829=DIRECTION('',(-0.991444861373814,0.130526192220021,0.));
#5830=DIRECTION('',(0.,0.,1.));
#5831=DIRECTION('',(0.,-1.,0.));
#5832=DIRECTION('',(0.,0.,1.));
#5833=DIRECTION('',(0.,-1.,0.));
#5834=DIRECTION('',(0.,0.0101140493038571,-0.999948851695265));
#5835=DIRECTION('',(0.,0.999948851695265,0.0101140493038571));
#5836=DIRECTION('',(0.,0.,-1.));
#5837=DIRECTION('',(0.,1.,0.));
#5838=DIRECTION('',(0.,-1.,0.));
#5839=DIRECTION('',(0.,1.,0.));
#5840=DIRECTION('',(-1.,0.,0.));
#5841=DIRECTION('',(0.,1.,0.));
#5842=DIRECTION('',(0.,1.,0.));
#5843=DIRECTION('',(-1.,0.,0.));
#5844=DIRECTION('',(0.,1.,0.));
#5845=DIRECTION('',(-1.,0.,0.));
#5846=DIRECTION('',(0.,-1.,0.));
#5847=DIRECTION('',(0.,0.,1.));
#5848=DIRECTION('',(0.,-1.,0.));
#5849=DIRECTION('',(0.0436193873492686,0.999048221582559,0.));
#5850=DIRECTION('',(-0.999048221582559,0.0436193873492686,0.));
#5851=DIRECTION('',(0.0436193873492686,0.999048221582559,0.));
#5852=DIRECTION('',(0.999048221582559,-0.0436193873492686,0.));
#5853=DIRECTION('',(0.,0.,1.));
#5854=DIRECTION('',(0.,-1.,0.));
#5855=DIRECTION('',(1.,-3.88578058618805E-16,5.74663418494769E-14));
#5856=DIRECTION('',(3.88578058618805E-16,1.,-1.44462733310943E-15));
#5857=DIRECTION('',(-3.33066907387547E-16,-1.,1.44462733310944E-15));
#5858=DIRECTION('',(5.72998083957831E-14,-1.44462733310946E-15,-1.));
#5859=DIRECTION('',(-3.33066907387547E-16,-1.,1.44462733310944E-15));
#5860=DIRECTION('',(5.72998083957831E-14,-1.44462733310946E-15,-1.));
#5861=DIRECTION('',(0.5,0.866025403784438,2.74820869552643E-14));
#5862=DIRECTION('',(-0.866025403784438,0.5,-5.04896255707625E-14));
#5863=DIRECTION('',(0.866025403784438,-0.5,5.04896255707625E-14));
#5864=DIRECTION('',(0.866025403784438,-0.5,5.04896255707625E-14));
#5865=DIRECTION('',(5.72998083957831E-14,-1.44462733310946E-15,-1.));
#5866=DIRECTION('',(-0.5,0.866025403784439,-2.99842548942125E-14));
#5867=DIRECTION('',(-0.866025403784439,-0.5,-4.90449982376531E-14));
#5868=DIRECTION('',(0.866025403784439,0.5,4.90449982376531E-14));
#5869=DIRECTION('',(0.866025403784439,0.5,4.90449982376531E-14));
#5870=DIRECTION('',(5.72998083957831E-14,-1.44462733310946E-15,-1.));
#5871=DIRECTION('',(-1.,3.88578058618805E-16,-5.74663418494769E-14));
#5872=DIRECTION('',(-3.88578058618805E-16,-1.,1.44462733310943E-15));
#5873=DIRECTION('',(3.88578058618805E-16,1.,-1.44462733310943E-15));
#5874=DIRECTION('',(3.88578058618805E-16,1.,-1.44462733310943E-15));
#5875=DIRECTION('',(5.72998083957831E-14,-1.44462733310946E-15,-1.));
#5876=DIRECTION('',(-0.5,-0.866025403784438,-2.74820869552643E-14));
#5877=DIRECTION('',(0.866025403784439,-0.5,5.04896255707625E-14));
#5878=DIRECTION('',(-0.866025403784438,0.5,-5.04896255707625E-14));
#5879=DIRECTION('',(-0.866025403784438,0.5,-5.04896255707625E-14));
#5880=DIRECTION('',(5.72998083957831E-14,-1.44462733310946E-15,-1.));
#5881=DIRECTION('',(0.5,-0.866025403784439,2.99842548942126E-14));
#5882=DIRECTION('',(0.866025403784439,0.5,4.90449982376531E-14));
#5883=DIRECTION('',(-0.866025403784439,-0.5,-4.90449982376531E-14));
#5884=DIRECTION('',(-0.866025403784439,-0.5,-4.90449982376531E-14));
#5885=DIRECTION('',(-5.72998083957831E-14,1.44462733310946E-15,1.));
#5886=DIRECTION('',(-0.5,0.866025403784439,-2.99842548942125E-14));
#5887=DIRECTION('',(-5.72998083957831E-14,1.44462733310946E-15,1.));
#5888=DIRECTION('',(-1.,0.,-5.72998083957831E-14));
#5889=DIRECTION('',(-5.72998083957831E-14,1.44462733310946E-15,1.));
#5890=DIRECTION('',(-0.5,0.866025403784439,-2.99842548942125E-14));
#5891=DIRECTION('',(-5.72998083957831E-14,1.44462733310946E-15,1.));
#5892=DIRECTION('',(-1.,0.,-5.72998083957831E-14));
#5893=DIRECTION('',(5.72319969194268E-14,-1.40547635898103E-15,-1.));
#5894=DIRECTION('',(-8.32667268471373E-17,-1.,1.40547635898102E-15));
#5895=DIRECTION('',(5.72319969194268E-14,-1.40547635898103E-15,-1.));
#5896=DIRECTION('',(-8.32667268471373E-17,-1.,1.40547635898102E-15));
#5897=DIRECTION('',(-5.72319969194268E-14,1.40547635898103E-15,1.));
#5898=DIRECTION('',(8.32667268471373E-17,1.,-1.40547635898102E-15));
#5899=DIRECTION('',(-5.72319969194268E-14,1.40547635898103E-15,1.));
#5900=DIRECTION('',(8.32667268471373E-17,1.,-1.40547635898102E-15));
#5901=DIRECTION('',(0.5,0.866025403784439,3.04544897858503E-14));
#5902=DIRECTION('',(-0.866025403784439,0.5,-4.87331589171956E-14));
#5903=DIRECTION('',(5.72648650681869E-14,2.00778235524225E-15,-1.));
#5904=DIRECTION('',(5.72648650681869E-14,2.00778235524225E-15,-1.));
#5905=DIRECTION('',(-0.5,0.866025403784439,-2.69769087360304E-14));
#5906=DIRECTION('',(-0.866025403784439,-0.5,-5.07409412724378E-14));
#5907=DIRECTION('',(5.72648650681869E-14,2.00778235524225E-15,-1.));
#5908=DIRECTION('',(-1.,4.16333634234604E-16,-5.74313985218807E-14));
#5909=DIRECTION('',(-4.16333634234489E-16,-1.,-2.00778235524227E-15));
#5910=DIRECTION('',(1.,-2.49409789843526E-16,5.74313985218807E-14));
#5911=DIRECTION('',(2.49409789843411E-16,1.,2.00778235524226E-15));
#5912=DIRECTION('',(5.72386869552541E-14,2.04074248185321E-15,-1.));
#5913=DIRECTION('',(0.866025403784439,-0.5,4.85497857415884E-14));
#5914=DIRECTION('',(5.72386869552541E-14,2.04074248185321E-15,-1.));
#5915=DIRECTION('',(0.866025403784439,-0.5,4.85497857415884E-14));
#5916=DIRECTION('',(-5.72386869552541E-14,-2.04074248185321E-15,1.));
#5917=DIRECTION('',(-0.866025403784439,0.5,-4.85497857415884E-14));
#5918=DIRECTION('',(-5.72386869552541E-14,-2.04074248185321E-15,1.));
#5919=DIRECTION('',(-0.866025403784439,0.5,-4.85497857415884E-14));
#5920=DIRECTION('',(1.,-3.88578058618805E-16,5.74663418494769E-14));
#5921=DIRECTION('',(3.88578058618805E-16,1.,-1.44462733310943E-15));
#5922=DIRECTION('',(-3.33066907387547E-16,-1.,1.44462733310944E-15));
#5923=DIRECTION('',(5.72998083957831E-14,-1.44462733310946E-15,-1.));
#5924=DIRECTION('',(-3.33066907387547E-16,-1.,1.44462733310944E-15));
#5925=DIRECTION('',(5.72998083957831E-14,-1.44462733310946E-15,-1.));
#5926=DIRECTION('',(0.5,0.866025403784438,2.74820869552643E-14));
#5927=DIRECTION('',(-0.866025403784438,0.5,-5.04896255707625E-14));
#5928=DIRECTION('',(0.866025403784438,-0.5,5.04896255707625E-14));
#5929=DIRECTION('',(0.866025403784438,-0.5,5.04896255707625E-14));
#5930=DIRECTION('',(5.72998083957831E-14,-1.44462733310946E-15,-1.));
#5931=DIRECTION('',(-0.5,0.866025403784439,-2.99842548942125E-14));
#5932=DIRECTION('',(-0.866025403784439,-0.5,-4.90449982376531E-14));
#5933=DIRECTION('',(0.866025403784439,0.5,4.90449982376531E-14));
#5934=DIRECTION('',(0.866025403784439,0.5,4.90449982376531E-14));
#5935=DIRECTION('',(5.72998083957831E-14,-1.44462733310946E-15,-1.));
#5936=DIRECTION('',(-1.,3.88578058618805E-16,-5.74663418494769E-14));
#5937=DIRECTION('',(-3.88578058618805E-16,-1.,1.44462733310943E-15));
#5938=DIRECTION('',(3.88578058618805E-16,1.,-1.44462733310943E-15));
#5939=DIRECTION('',(3.88578058618805E-16,1.,-1.44462733310943E-15));
#5940=DIRECTION('',(5.72998083957831E-14,-1.44462733310946E-15,-1.));
#5941=DIRECTION('',(-0.5,-0.866025403784438,-2.74820869552643E-14));
#5942=DIRECTION('',(0.866025403784439,-0.5,5.04896255707625E-14));
#5943=DIRECTION('',(-0.866025403784438,0.5,-5.04896255707625E-14));
#5944=DIRECTION('',(-0.866025403784438,0.5,-5.04896255707625E-14));
#5945=DIRECTION('',(5.72998083957831E-14,-1.44462733310946E-15,-1.));
#5946=DIRECTION('',(0.5,-0.866025403784439,2.99842548942126E-14));
#5947=DIRECTION('',(0.866025403784439,0.5,4.90449982376531E-14));
#5948=DIRECTION('',(-0.866025403784439,-0.5,-4.90449982376531E-14));
#5949=DIRECTION('',(-0.866025403784439,-0.5,-4.90449982376531E-14));
#5950=DIRECTION('',(-5.72998083957831E-14,1.44462733310946E-15,1.));
#5951=DIRECTION('',(-0.5,0.866025403784439,-2.99842548942125E-14));
#5952=DIRECTION('',(-5.72998083957831E-14,1.44462733310946E-15,1.));
#5953=DIRECTION('',(-1.,0.,-5.72998083957831E-14));
#5954=DIRECTION('',(-5.72998083957831E-14,1.44462733310946E-15,1.));
#5955=DIRECTION('',(-0.5,0.866025403784439,-2.99842548942125E-14));
#5956=DIRECTION('',(-5.72998083957831E-14,1.44462733310946E-15,1.));
#5957=DIRECTION('',(-1.,0.,-5.72998083957831E-14));
#5958=DIRECTION('',(-5.72319969194268E-14,1.40547635898103E-15,1.));
#5959=DIRECTION('',(8.32667268471373E-17,1.,-1.40547635898102E-15));
#5960=DIRECTION('',(-5.72319969194268E-14,1.40547635898103E-15,1.));
#5961=DIRECTION('',(8.32667268471373E-17,1.,-1.40547635898102E-15));
#5962=DIRECTION('',(5.72319969194268E-14,-1.40547635898103E-15,-1.));
#5963=DIRECTION('',(-8.32667268471373E-17,-1.,1.40547635898102E-15));
#5964=DIRECTION('',(5.72319969194268E-14,-1.40547635898103E-15,-1.));
#5965=DIRECTION('',(-8.32667268471373E-17,-1.,1.40547635898102E-15));
#5966=DIRECTION('',(0.866025403784439,0.5,5.07304508005372E-14));
#5967=DIRECTION('',(-0.5,0.866025403784439,-2.7016059710159E-14));
#5968=DIRECTION('',(5.72753555400875E-14,1.96863138111391E-15,-1.));
#5969=DIRECTION('',(0.5,-0.866025403784439,2.7016059710159E-14));
#5970=DIRECTION('',(5.72753555400875E-14,1.96863138111391E-15,-1.));
#5971=DIRECTION('',(0.,1.,1.96863138111363E-15));
#5972=DIRECTION('',(-1.,0.,-5.74418889937813E-14));
#5973=DIRECTION('',(1.,-5.55111512312578E-17,5.74418889937813E-14));
#5974=DIRECTION('',(0.866025403784439,-0.5,4.87618194194236E-14));
#5975=DIRECTION('',(0.5,0.866025403784439,3.04258292836223E-14));
#5976=DIRECTION('',(-0.5,-0.866025403784439,-3.04258292836223E-14));
#5977=DIRECTION('',(-5.72753555400876E-14,-1.96863138111391E-15,1.));
#5978=DIRECTION('',(-0.866025403784439,0.5,-4.87618194194235E-14));
#5979=DIRECTION('',(-5.72753555400875E-14,-1.96863138111391E-15,1.));
#5980=DIRECTION('',(-1.,0.,-5.72753555400875E-14));
#5981=DIRECTION('',(5.71970535918307E-14,1.96863138111391E-15,-1.));
#5982=DIRECTION('',(0.5,-0.866025403784438,2.69769087360306E-14));
#5983=DIRECTION('',(5.71970535918307E-14,1.96863138111391E-15,-1.));
#5984=DIRECTION('',(0.5,-0.866025403784438,2.69769087360306E-14));
#5985=DIRECTION('',(-5.71970535918307E-14,-1.96863138111391E-15,1.));
#5986=DIRECTION('',(-0.5,0.866025403784438,-2.69769087360306E-14));
#5987=DIRECTION('',(-5.71970535918307E-14,-1.96863138111391E-15,1.));
#5988=DIRECTION('',(-0.5,0.866025403784438,-2.69769087360306E-14));
#5989=DIRECTION('',(0.909961270876285,0.414693242656807,-5.40659359480835E-13));
#5990=DIRECTION('',(-0.414693242656807,0.909961270876285,1.03480208334862E-13));
#5991=DIRECTION('',(0.414693242656807,-0.909961270876285,-1.03480208334862E-13));
#5992=DIRECTION('',(-5.35058154463218E-13,-1.30044801068926E-13,-1.));
#5993=DIRECTION('',(0.414693242656807,-0.909961270876285,-1.03480208334862E-13));
#5994=DIRECTION('',(-5.35058154463218E-13,-1.30044801068926E-13,-1.));
#5995=DIRECTION('',(0.0958457525196033,0.995396198367239,-1.80713190533521E-13));
#5996=DIRECTION('',(-0.995396198367239,0.0958457525196033,5.19964844271657E-13));
#5997=DIRECTION('',(0.995396198367239,-0.0958457525196033,-5.19964844271657E-13));
#5998=DIRECTION('',(0.995396198367239,-0.0958457525196033,-5.19964844271657E-13));
#5999=DIRECTION('',(-5.35058154463218E-13,-1.30044801068926E-13,-1.));
#6000=DIRECTION('',(-0.814115518356681,0.580702955710432,3.59946168947314E-13));
#6001=DIRECTION('',(-0.580702955710432,-0.814115518356681,4.16484635936795E-13));
#6002=DIRECTION('',(0.580702955710432,0.814115518356681,-4.16484635936795E-13));
#6003=DIRECTION('',(0.580702955710432,0.814115518356681,-4.16484635936795E-13));
#6004=DIRECTION('',(-5.35058154463218E-13,-1.30044801068926E-13,-1.));
#6005=DIRECTION('',(-0.909961270876285,-0.414693242656807,5.40659359480835E-13));
#6006=DIRECTION('',(0.414693242656807,-0.909961270876285,-1.03480208334862E-13));
#6007=DIRECTION('',(-0.414693242656807,0.909961270876285,1.03480208334862E-13));
#6008=DIRECTION('',(-0.414693242656807,0.909961270876285,1.03480208334862E-13));
#6009=DIRECTION('',(-5.35058154463218E-13,-1.30044801068926E-13,-1.));
#6010=DIRECTION('',(-0.0958457525196031,-0.995396198367239,1.80713190533521E-13));
#6011=DIRECTION('',(0.995396198367239,-0.0958457525196031,-5.19964844271657E-13));
#6012=DIRECTION('',(-0.995396198367239,0.0958457525196031,5.19964844271657E-13));
#6013=DIRECTION('',(-0.995396198367239,0.0958457525196031,5.19964844271657E-13));
#6014=DIRECTION('',(-5.35058154463218E-13,-1.30044801068926E-13,-1.));
#6015=DIRECTION('',(0.814115518356681,-0.580702955710432,-3.59946168947314E-13));
#6016=DIRECTION('',(0.580702955710432,0.814115518356681,-4.16484635936795E-13));
#6017=DIRECTION('',(-0.580702955710432,-0.814115518356681,4.16484635936795E-13));
#6018=DIRECTION('',(-0.580702955710432,-0.814115518356681,4.16484635936795E-13));
#6019=DIRECTION('',(5.35058154463218E-13,1.30044801068926E-13,1.));
#6020=DIRECTION('',(-0.814115518356681,0.580702955710432,3.59946168947314E-13));
#6021=DIRECTION('',(5.35058154463218E-13,1.30044801068926E-13,1.));
#6022=DIRECTION('',(-1.,0.,5.35058154463218E-13));
#6023=DIRECTION('',(5.35058154463218E-13,1.30044801068926E-13,1.));
#6024=DIRECTION('',(-0.814115518356681,0.580702955710432,3.59946168947314E-13));
#6025=DIRECTION('',(5.35058154463218E-13,1.30044801068926E-13,1.));
#6026=DIRECTION('',(-1.,0.,5.35058154463218E-13));
#6027=DIRECTION('',(-5.35136095924838E-13,-1.30037296159771E-13,-1.));
#6028=DIRECTION('',(0.414693242656807,-0.909961270876284,-1.03519359308991E-13));
#6029=DIRECTION('',(-5.35136095924838E-13,-1.30037296159771E-13,-1.));
#6030=DIRECTION('',(0.414693242656807,-0.909961270876284,-1.03519359308991E-13));
#6031=DIRECTION('',(5.35136095924838E-13,1.30037296159771E-13,1.));
#6032=DIRECTION('',(-0.414693242656807,0.909961270876284,1.03519359308991E-13));
#6033=DIRECTION('',(5.35136095924838E-13,1.30037296159771E-13,1.));
#6034=DIRECTION('',(-0.414693242656807,0.909961270876284,1.03519359308991E-13));
#6035=DIRECTION('',(-0.414693242656806,0.909961270876285,2.84123966495221E-13));
#6036=DIRECTION('',(-0.909961270876285,-0.414693242656806,5.40727170957192E-13));
#6037=DIRECTION('',(0.909961270876285,0.414693242656806,-5.40727170957192E-13));
#6038=DIRECTION('',(-6.10031606117655E-13,3.43059017215234E-14,-1.));
#6039=DIRECTION('',(-0.909961270876285,-0.414693242656806,5.40727170957192E-13));
#6040=DIRECTION('',(-0.414693242656806,0.909961270876285,2.84123966495221E-13));
#6041=DIRECTION('',(-0.909961270876285,-0.414693242656806,5.40727170957192E-13));
#6042=DIRECTION('',(0.909961270876285,0.414693242656806,-5.40727170957192E-13));
#6043=DIRECTION('',(-6.10031606117655E-13,3.43059017215234E-14,-1.));
#6044=DIRECTION('',(0.909961270876285,0.414693242656806,-5.40727170957192E-13));
#6045=DIRECTION('',(-6.10031606117655E-13,3.43059017215234E-14,-1.));
#6046=DIRECTION('',(0.414693242656806,-0.909961270876285,-2.84123966495221E-13));
#6047=DIRECTION('',(-6.10031606117655E-13,3.43059017215234E-14,-1.));
#6048=DIRECTION('',(0.414693242656806,-0.909961270876285,-2.84123966495221E-13));
#6049=DIRECTION('',(0.414693242656806,-0.909961270876285,-2.84123966495221E-13));
#6050=DIRECTION('',(-0.909961270876285,-0.414693242656806,5.40727170957192E-13));
#6051=DIRECTION('',(0.414693242656806,-0.909961270876285,-2.84123966495221E-13));
#6052=DIRECTION('',(-0.909961270876285,-0.414693242656806,5.40727170957192E-13));
#6053=DIRECTION('',(0.414693242656806,-0.909961270876285,-2.84123966495221E-13));
#6054=DIRECTION('',(-6.10031606117655E-13,3.43059017215234E-14,-1.));
#6055=DIRECTION('',(0.414693242656806,-0.909961270876285,-2.84123966495221E-13));
#6056=DIRECTION('',(6.10031606117655E-13,-3.43059017215234E-14,1.));
#6057=DIRECTION('',(-0.414693242656806,0.909961270876285,2.84123966495221E-13));
#6058=DIRECTION('',(-6.10031606117655E-13,3.43059017215234E-14,-1.));
#6059=DIRECTION('',(0.414693242656806,-0.909961270876285,-2.84123966495221E-13));
#6060=DIRECTION('',(-6.10031606117655E-13,3.43059017215234E-14,-1.));
#6061=DIRECTION('',(0.414693242656806,-0.909961270876285,-2.84123966495221E-13));
#6062=DIRECTION('',(-6.10031606117655E-13,3.43059017215234E-14,-1.));
#6063=DIRECTION('',(-0.414693242656806,0.909961270876285,2.84123966495221E-13));
#6064=DIRECTION('',(6.10031606117655E-13,-3.43059017215234E-14,1.));
#6065=DIRECTION('',(6.10031606117655E-13,-3.43059017215234E-14,1.));
#6066=DIRECTION('',(-0.414693242656806,0.909961270876285,2.84123966495221E-13));
#6067=DIRECTION('',(-6.10031606117655E-13,3.43059017215234E-14,-1.));
#6068=DIRECTION('',(-0.414693242656806,0.909961270876285,2.84123966495221E-13));
#6069=DIRECTION('',(6.10031606117655E-13,-3.43059017215234E-14,1.));
#6070=DIRECTION('',(-0.414693242656806,0.909961270876285,2.84123966495221E-13));
#6071=DIRECTION('',(-6.10031606117655E-13,3.43059017215234E-14,-1.));
#6072=DIRECTION('',(-0.414693242656806,0.909961270876285,2.84123966495221E-13));
#6073=DIRECTION('',(6.10031606117655E-13,-3.43059017215234E-14,1.));
#6074=DIRECTION('',(-0.414693242656806,0.909961270876285,2.84123966495221E-13));
#6075=DIRECTION('',(6.10031606117655E-13,-3.43059017215234E-14,1.));
#6076=DIRECTION('',(-0.414693242656806,0.909961270876285,2.84123966495221E-13));
#6077=DIRECTION('',(6.10031606117655E-13,-3.43059017215234E-14,1.));
#6078=DIRECTION('',(-0.414693242656806,0.909961270876285,2.84123966495221E-13));
#6079=DIRECTION('',(-6.10031606117655E-13,3.43059017215234E-14,-1.));
#6080=DIRECTION('',(-0.414693242656806,0.909961270876285,2.84123966495221E-13));
#6081=DIRECTION('',(6.10031606117655E-13,-3.43059017215234E-14,1.));
#6082=DIRECTION('',(6.10031606117655E-13,-3.43059017215234E-14,1.));
#6083=DIRECTION('',(-0.414693242656806,0.909961270876285,2.84123966495221E-13));
#6084=DIRECTION('',(-6.10031606117655E-13,3.43059017215234E-14,-1.));
#6085=DIRECTION('',(0.414693242656806,-0.909961270876285,-2.84123966495221E-13));
#6086=DIRECTION('',(0.909961270876285,0.414693242656806,-5.40727170957192E-13));
#6087=DIRECTION('',(-6.10031606117655E-13,3.43059017215234E-14,-1.));
#6088=DIRECTION('',(-6.10031606117655E-13,3.43059017215234E-14,-1.));
#6089=DIRECTION('',(0.414693242656806,-0.909961270876285,-2.84123966495221E-13));
#6090=DIRECTION('',(0.909961270876285,0.414693242656806,-5.40727170957192E-13));
#6091=DIRECTION('',(-6.10031606117655E-13,3.43059017215234E-14,-1.));
#6092=DIRECTION('',(0.414693242656806,-0.909961270876285,-2.84123966495221E-13));
#6093=DIRECTION('',(-6.10031606117655E-13,3.43059017215234E-14,-1.));
#6094=DIRECTION('',(0.414693242656806,-0.909961270876285,-2.84123966495221E-13));
#6095=DIRECTION('',(6.10031606117655E-13,-3.43059017215234E-14,1.));
#6096=DIRECTION('',(-6.10031606117655E-13,3.43059017215234E-14,-1.));
#6097=DIRECTION('',(-0.909961270876285,-0.414693242656806,5.40727170957192E-13));
#6098=DIRECTION('',(0.414693242656806,-0.909961270876285,-2.84123966495221E-13));
#6099=DIRECTION('',(6.10031606117655E-13,-3.43059017215234E-14,1.));
#6100=DIRECTION('',(-0.909961270876285,-0.414693242656806,5.40727170957192E-13));
#6101=DIRECTION('',(-6.10031606117655E-13,3.43059017215234E-14,-1.));
#6102=DIRECTION('',(0.909961270876285,0.414693242656806,-5.40727170957192E-13));
#6103=DIRECTION('',(-6.10031606117655E-13,3.43059017215234E-14,-1.));
#6104=DIRECTION('',(0.414693242656806,-0.909961270876285,-2.84123966495221E-13));
#6105=DIRECTION('',(6.10031606117655E-13,-3.43059017215234E-14,1.));
#6106=DIRECTION('',(-0.414693242656806,0.909961270876285,2.84123966495221E-13));
#6107=DIRECTION('',(6.10031606117655E-13,-3.43059017215234E-14,1.));
#6108=DIRECTION('',(-0.414693242656806,0.909961270876285,2.84123966495221E-13));
#6109=DIRECTION('',(-6.10031606117655E-13,3.43059017215234E-14,-1.));
#6110=DIRECTION('',(0.414693242656806,-0.909961270876285,-2.84123966495221E-13));
#6111=DIRECTION('',(-6.10031606117655E-13,3.43059017215234E-14,-1.));
#6112=DIRECTION('',(0.414693242656806,-0.909961270876285,-2.84123966495221E-13));
#6113=DIRECTION('',(2.69201741396327E-16,6.41809865208697E-17,1.));
#6114=DIRECTION('',(0.991444861373814,-0.130526192220021,-2.58521383396778E-16));
#6115=DIRECTION('',(2.69201741396327E-16,6.41809865208697E-17,1.));
#6116=DIRECTION('',(2.69201741396327E-16,6.41809865208697E-17,1.));
#6117=DIRECTION('',(-2.69201741396327E-16,-6.41809865208697E-17,-1.));
#6118=DIRECTION('',(-0.991444861373814,0.130526192220021,2.58521383396778E-16));
#6119=DIRECTION('',(-2.69201741396327E-16,-6.41809865208697E-17,-1.));
#6120=DIRECTION('',(-0.991444861373814,0.130526192220021,2.58521383396778E-16));
#6121=DIRECTION('',(2.69201741396327E-16,6.41809865208697E-17,1.));
#6122=DIRECTION('',(2.69201741396327E-16,6.41809865208697E-17,1.));
#6123=DIRECTION('',(0.991444861373814,-0.130526192220021,-2.58521383396778E-16));
#6124=DIRECTION('',(2.69201741396327E-16,6.41809865208697E-17,1.));
#6125=DIRECTION('',(-2.69201741396327E-16,-6.41809865208697E-17,-1.));
#6126=DIRECTION('',(0.991444861373814,-0.130526192220021,-2.58521383396778E-16));
#6127=DIRECTION('',(-2.69201741396327E-16,-6.41809865208697E-17,-1.));
#6128=DIRECTION('',(0.991444861373814,-0.130526192220021,-2.58521383396778E-16));
#6129=DIRECTION('',(2.69201741396327E-16,6.41809865208697E-17,1.));
#6130=DIRECTION('',(2.69201741396327E-16,6.41809865208697E-17,1.));
#6131=DIRECTION('',(-0.130526192220021,-0.991444861373814,9.87697875274798E-17));
#6132=DIRECTION('',(-2.69201741396327E-16,-6.41809865208697E-17,-1.));
#6133=DIRECTION('',(-2.69201741396327E-16,-6.41809865208697E-17,-1.));
#6134=DIRECTION('',(-0.991444861373814,0.130526192220021,2.58521383396778E-16));
#6135=DIRECTION('',(-0.130526192220021,-0.991444861373814,9.87697875274798E-17));
#6136=DIRECTION('',(-2.69201741396327E-16,-6.41809865208697E-17,-1.));
#6137=DIRECTION('',(-0.991444861373814,0.130526192220021,2.58521383396778E-16));
#6138=DIRECTION('',(-2.69201741396327E-16,-6.41809865208697E-17,-1.));
#6139=DIRECTION('',(-0.991444861373814,0.130526192220021,2.58521383396778E-16));
#6140=DIRECTION('',(2.69201741396327E-16,6.41809865208697E-17,1.));
#6141=DIRECTION('',(-2.69201741396327E-16,-6.41809865208697E-17,-1.));
#6142=DIRECTION('',(0.130526192220021,0.991444861373814,-9.87697875274798E-17));
#6143=DIRECTION('',(-0.991444861373814,0.130526192220021,2.58521383396778E-16));
#6144=DIRECTION('',(2.69201741396327E-16,6.41809865208697E-17,1.));
#6145=DIRECTION('',(0.130526192220021,0.991444861373814,-9.87697875274798E-17));
#6146=DIRECTION('',(-2.69201741396327E-16,-6.41809865208697E-17,-1.));
#6147=DIRECTION('',(-0.130526192220021,-0.991444861373814,9.87697875274798E-17));
#6148=DIRECTION('',(-2.69201741396327E-16,-6.41809865208697E-17,-1.));
#6149=DIRECTION('',(-0.991444861373814,0.130526192220021,2.58521383396778E-16));
#6150=DIRECTION('',(0.130526192220021,0.991444861373814,-9.87697875274798E-17));
#6151=DIRECTION('',(2.69201741396327E-16,6.41809865208697E-17,1.));
#6152=DIRECTION('',(0.991444861373814,-0.130526192220021,-2.58521383396778E-16));
#6153=DIRECTION('',(-2.69201741396327E-16,-6.41809865208697E-17,-1.));
#6154=DIRECTION('',(-2.69201741396327E-16,-6.41809865208697E-17,-1.));
#6155=DIRECTION('',(0.991444861373814,-0.130526192220021,-2.58521383396778E-16));
#6156=DIRECTION('',(2.69201741396327E-16,6.41809865208697E-17,1.));
#6157=DIRECTION('',(0.991444861373814,-0.130526192220021,-2.58521383396778E-16));
#6158=DIRECTION('',(0.130526192220021,0.991444861373814,-9.87697875274798E-17));
#6159=DIRECTION('',(0.991444861373814,-0.130526192220021,-2.58521383396778E-16));
#6160=DIRECTION('',(2.69201741396327E-16,6.41809865208697E-17,1.));
#6161=DIRECTION('',(0.991444861373814,-0.130526192220021,-2.58521383396778E-16));
#6162=DIRECTION('',(0.130526192220021,0.991444861373814,-9.87697875274798E-17));
#6163=DIRECTION('',(2.69201741396327E-16,6.41809865208697E-17,1.));
#6164=DIRECTION('',(0.991444861373814,-0.130526192220021,-2.58521383396778E-16));
#6165=DIRECTION('',(0.130526192220021,0.991444861373814,-9.87697875274798E-17));
#6166=DIRECTION('',(-0.991444861373814,0.130526192220021,2.58521383396778E-16));
#6167=DIRECTION('',(2.69201741396327E-16,6.41809865208697E-17,1.));
#6168=DIRECTION('',(0.130526192220021,0.991444861373814,-9.87697875274798E-17));
#6169=DIRECTION('',(2.87685565875832E-16,2.0457957232999E-16,1.));
#6170=DIRECTION('',(-0.991444861373814,0.130526192220021,2.58521383396778E-16));
#6171=DIRECTION('',(2.69201741396327E-16,6.41809865208697E-17,1.));
#6172=DIRECTION('',(2.87685565875832E-16,2.0457957232999E-16,1.));
#6173=DIRECTION('',(2.69201741396327E-16,6.41809865208697E-17,1.));
#6174=DIRECTION('',(0.991444861373814,-0.130526192220021,-2.58521383396778E-16));
#6175=DIRECTION('',(0.991444861373814,-0.130526192220021,-2.58521383396778E-16));
#6176=DIRECTION('',(-0.130526192220021,-0.991444861373814,2.40379867199056E-16));
#6177=DIRECTION('',(-2.87685565875832E-16,-2.0457957232999E-16,-1.));
#6178=DIRECTION('',(-0.991444861373814,0.130526192220021,2.58521383396778E-16));
#6179=DIRECTION('',(2.69201741396327E-16,6.41809865208697E-17,1.));
#6180=DIRECTION('',(0.991444861373814,-0.130526192220021,-2.58521383396778E-16));
#6181=DIRECTION('',(6.09778631332508E-13,-3.44686946966476E-14,1.));
#6182=DIRECTION('',(-0.999048221582559,0.0436193873492686,6.10701760537186E-13));
#6183=DIRECTION('',(-6.09778631332508E-13,3.44686946966476E-14,-1.));
#6184=DIRECTION('',(0.999048221582559,-0.0436193873492686,-6.10701760537186E-13));
#6185=DIRECTION('',(-6.09778631332508E-13,3.44686946966476E-14,-1.));
#6186=DIRECTION('',(0.999048221582559,-0.0436193873492686,-6.10701760537186E-13));
#6187=DIRECTION('',(6.09778631332508E-13,-3.44686946966476E-14,1.));
#6188=DIRECTION('',(-6.09778631332508E-13,3.44686946966476E-14,-1.));
#6189=DIRECTION('',(-0.999048221582559,0.0436193873492686,6.10701760537186E-13));
#6190=DIRECTION('',(-6.09778631332508E-13,3.44686946966476E-14,-1.));
#6191=DIRECTION('',(-6.09778631332508E-13,3.44686946966476E-14,-1.));
#6192=DIRECTION('',(0.999048221582559,-0.0436193873492686,-6.10701760537186E-13));
#6193=DIRECTION('',(6.09778631332508E-13,-3.44686946966476E-14,1.));
#6194=DIRECTION('',(6.09778631332508E-13,-3.44686946966476E-14,1.));
#6195=DIRECTION('',(6.09778631332508E-13,-3.44686946966476E-14,1.));
#6196=DIRECTION('',(-0.999048221582559,0.0436193873492686,6.10701760537186E-13));
#6197=DIRECTION('',(-6.09778631332508E-13,3.44686946966476E-14,-1.));
#6198=DIRECTION('',(-0.999048221582559,0.0436193873492686,6.10701760537186E-13));
#6199=DIRECTION('',(-0.0436193873492686,-0.999048221582559,-7.83771781955847E-15));
#6200=DIRECTION('',(-0.999048221582559,0.0436193873492686,6.10701760537186E-13));
#6201=DIRECTION('',(6.09778631332508E-13,-3.44686946966476E-14,1.));
#6202=DIRECTION('',(-0.999048221582559,0.0436193873492686,6.10701760537186E-13));
#6203=DIRECTION('',(-6.09778631332508E-13,3.44686946966476E-14,-1.));
#6204=DIRECTION('',(-0.999048221582559,0.0436193873492686,6.10701760537186E-13));
#6205=DIRECTION('',(-0.999048221582559,0.0436193873492686,6.10701760537186E-13));
#6206=DIRECTION('',(-0.0436193873492686,-0.999048221582559,-7.83771781955847E-15));
#6207=DIRECTION('',(6.09778631332508E-13,-3.44686946966476E-14,1.));
#6208=DIRECTION('',(-0.999048221582559,0.0436193873492686,6.10701760537186E-13));
#6209=DIRECTION('',(-0.0436193873492686,-0.999048221582559,-7.83771781955847E-15));
#6210=DIRECTION('',(-0.999048221582559,0.0436193873492686,6.10701760537186E-13));
#6211=DIRECTION('',(0.999048221582559,-0.0436193873492686,-6.10701760537186E-13));
#6212=DIRECTION('',(6.09778631332508E-13,-3.44686946966476E-14,1.));
#6213=DIRECTION('',(-6.09778631332508E-13,3.44686946966476E-14,-1.));
#6214=DIRECTION('',(-0.0436193873492686,-0.999048221582559,-7.83771781955847E-15));
#6215=DIRECTION('',(6.0977245438759E-13,-3.46101699949017E-14,1.));
#6216=DIRECTION('',(-0.0436193873492686,-0.999048221582559,-7.83771781955847E-15));
#6217=DIRECTION('',(6.09778631332508E-13,-3.44686946966476E-14,1.));
#6218=DIRECTION('',(-6.09778631332508E-13,3.44686946966476E-14,-1.));
#6219=DIRECTION('',(6.09778631332508E-13,-3.44686946966476E-14,1.));
#6220=DIRECTION('',(0.999048221582559,-0.0436193873492679,-6.10701760537186E-13));
#6221=DIRECTION('',(0.999048221582559,-0.0436193873492686,-6.10701760537186E-13));
#6222=DIRECTION('',(6.09778631332508E-13,-3.44686946966476E-14,1.));
#6223=DIRECTION('',(6.0977245438759E-13,-3.46101699949017E-14,1.));
#6224=DIRECTION('',(6.09778631332508E-13,-3.44686946966476E-14,1.));
#6225=DIRECTION('',(-0.999048221582559,0.0436193873492686,6.10701760537186E-13));
#6226=DIRECTION('',(-0.999048221582559,0.0436193873492686,6.10701760537186E-13));
#6227=DIRECTION('',(6.09778631332508E-13,-3.44686946966476E-14,1.));
#6228=DIRECTION('',(-0.999048221582559,0.0436193873492686,6.10701760537186E-13));
#6229=DIRECTION('',(-6.09778631332508E-13,3.44686946966476E-14,-1.));
#6230=DIRECTION('',(0.999048221582559,-0.0436193873492686,-6.10701760537186E-13));
#6231=DIRECTION('',(-6.09778631332508E-13,3.44686946966476E-14,-1.));
#6232=DIRECTION('',(-6.09778631332508E-13,3.44686946966476E-14,-1.));
#6233=DIRECTION('',(-0.999048221582559,0.0436193873492686,6.10701760537186E-13));
#6234=DIRECTION('',(6.09778631332508E-13,-3.44686946966476E-14,1.));
#6235=DIRECTION('',(6.09778631332508E-13,-3.44686946966476E-14,1.));
#6236=DIRECTION('',(-0.999048221582559,0.0436193873492688,6.10701760537186E-13));
#6237=DIRECTION('',(-0.0436193873492688,-0.999048221582559,-7.83771781955838E-15));
#6238=DIRECTION('',(0.0436193873492688,0.999048221582559,7.83771781955838E-15));
#6239=DIRECTION('',(-0.0436193873492689,-0.999048221582559,-7.83771781955828E-15));
#6240=DIRECTION('',(-0.999048221582559,0.0436193873492688,6.10701760537186E-13));
#6241=DIRECTION('',(-0.0436193873492688,-0.999048221582559,-7.83771781955833E-15));
#6242=DIRECTION('',(0.0436193873492686,0.999048221582559,7.83771781955847E-15));
#6243=DIRECTION('',(0.0436193873492688,0.999048221582559,7.83771781955833E-15));
#6244=DIRECTION('',(-6.09778631332508E-13,3.44686946966476E-14,-1.));
#6245=DIRECTION('',(0.999048221582559,-0.0436193873492686,-6.10701760537186E-13));
#6246=DIRECTION('',(0.999048221582559,-0.0436193873492686,-6.10701760537186E-13));
#6247=DIRECTION('',(-0.0436193873492686,-0.999048221582559,-7.83771781955847E-15));
#6248=DIRECTION('',(0.999048221582559,-0.0436193873492686,-6.10701760537186E-13));
#6249=DIRECTION('',(-0.0436193873492686,-0.999048221582559,-7.83771781955847E-15));
#6250=DIRECTION('',(0.999048221582559,-0.0436193873492686,-6.10701760537186E-13));
#6251=DIRECTION('',(6.09778631332508E-13,-3.44686946966476E-14,1.));
#6252=DIRECTION('',(-0.999048221582559,0.0436193873492686,6.10701760537186E-13));
#6253=DIRECTION('',(-6.09778631332508E-13,3.44686946966476E-14,-1.));
#6254=DIRECTION('',(0.999048221582559,-0.0436193873492686,-6.10701760537186E-13));
#6255=DIRECTION('',(0.0436193873492686,0.999048221582559,7.97932789923005E-15));
#6256=DIRECTION('',(-6.0977245438759E-13,3.46101699949017E-14,-1.));
#6257=DIRECTION('',(0.999048221582559,-0.0436193873492686,-6.10701760537186E-13));
#6258=DIRECTION('',(0.0436193873492686,0.999048221582559,7.83771781955847E-15));
#6259=DIRECTION('',(-6.09778631332508E-13,3.44686946966476E-14,-1.));
#6260=DIRECTION('',(-6.09778631332508E-13,3.44686946966476E-14,-1.));
#6261=DIRECTION('',(0.999048221582559,-0.0436193873492686,-6.10701760537186E-13));
#6262=DIRECTION('',(0.0436193873492686,0.999048221582559,7.83771781955847E-15));
#6263=DIRECTION('',(-6.09778631332508E-13,3.44686946966476E-14,-1.));
#6264=DIRECTION('',(0.999048221582559,-0.0436193873492686,-6.10701760537186E-13));
#6265=DIRECTION('',(-6.09778631332508E-13,3.44686946966476E-14,-1.));
#6266=DIRECTION('',(0.999048221582559,-0.0436193873492686,-6.10701760537186E-13));
#6267=DIRECTION('',(6.09778631332508E-13,-3.44686946966476E-14,1.));
#6268=DIRECTION('',(-6.09778631332508E-13,3.44686946966476E-14,-1.));
#6269=DIRECTION('',(-0.0436193873492686,-0.999048221582559,-7.83771781955847E-15));
#6270=DIRECTION('',(0.999048221582559,-0.0436193873492686,-6.10701760537186E-13));
#6271=DIRECTION('',(6.09778631332508E-13,-3.44686946966476E-14,1.));
#6272=DIRECTION('',(-0.0436193873492686,-0.999048221582559,-7.83771781955847E-15));
#6273=DIRECTION('',(-6.09778631332508E-13,3.44686946966476E-14,-1.));
#6274=DIRECTION('',(0.0436193873492686,0.999048221582559,7.83771781955847E-15));
#6275=DIRECTION('',(-6.09778631332508E-13,3.44686946966476E-14,-1.));
#6276=DIRECTION('',(0.999048221582559,-0.0436193873492686,-6.10701760537186E-13));
#6277=DIRECTION('',(6.09778631332508E-13,-3.44686946966476E-14,1.));
#6278=DIRECTION('',(-0.999048221582559,0.0436193873492686,6.10701760537186E-13));
#6279=DIRECTION('',(6.09778631332508E-13,-3.44686946966476E-14,1.));
#6280=DIRECTION('',(-0.999048221582559,0.0436193873492686,6.10701760537186E-13));
#6281=DIRECTION('',(-6.09778631332508E-13,3.44686946966476E-14,-1.));
#6282=DIRECTION('',(0.999048221582559,-0.0436193873492686,-6.10701760537186E-13));
#6283=DIRECTION('',(-6.09778631332508E-13,3.44686946966476E-14,-1.));
#6284=DIRECTION('',(0.999048221582559,-0.0436193873492686,-6.10701760537186E-13));
#6285=CARTESIAN_POINT('',(0.,0.,0.));
#6286=CARTESIAN_POINT('',(0.0586494430463418,-0.0165,-0.033123901250051));
#6287=CARTESIAN_POINT('',(0.0426640713114109,-0.00493310278405439,-0.0427033069330662));
#6288=CARTESIAN_POINT('',(0.0477498274406614,-0.000885253405212467,-0.0396556129554209));
#6289=CARTESIAN_POINT('',(0.0477498274406614,-0.00898095216289631,-0.0396556129554209));
#6290=CARTESIAN_POINT('',(0.0477498274406614,-0.0165,-0.0396556129554209));
#6291=CARTESIAN_POINT('',(0.0477498274406614,-0.00049362140515135,-0.0396556129554209));
#6292=CARTESIAN_POINT('',(0.0459418952398778,-0.0142262298547843,-0.0407390357425711));
#6293=CARTESIAN_POINT('',(0.0479958268420719,0.00137492955984087,-0.0395081951722772));
#6294=CARTESIAN_POINT('',(0.0602249693572311,-0.000235067595631671,-0.0321797501882842));
#6295=CARTESIAN_POINT('',(0.0477498274406614,0.00140731599544157,-0.0396556129554209));
#6296=CARTESIAN_POINT('',(0.0477498274406614,-0.0165,-0.0396556129554209));
#6297=CARTESIAN_POINT('',(0.0477498274406614,0.00420365550957094,-0.0396556129554209));
#6298=CARTESIAN_POINT('',(0.043336895656178,-0.0045,-0.0423001097188376));
#6299=CARTESIAN_POINT('',(0.0479408149799263,-0.0131041567294073,-0.039541161621454));
#6300=CARTESIAN_POINT('',(0.0479408149799263,-0.0131041567294074,-0.039541161621454));
#6301=CARTESIAN_POINT('',(0.047800260739132,-0.0128387284995483,-0.0396253902596967));
#6302=CARTESIAN_POINT('',(0.0477498274406614,-0.0125288174282229,-0.0396556129554209));
#6303=CARTESIAN_POINT('',(0.0477498274406614,-0.0122183880054371,-0.0396556129554209));
#6304=CARTESIAN_POINT('',(0.0477498274406614,-0.0122183880054371,-0.0396556129554209));
#6305=CARTESIAN_POINT('',(0.0477498274406614,-0.0165,-0.0396556129554209));
#6306=CARTESIAN_POINT('',(0.0477498274406614,-0.0165,-0.0396556129554209));
#6307=CARTESIAN_POINT('',(0.0426640713114109,-0.00493310278405439,-0.0396283476374583));
#6308=CARTESIAN_POINT('',(0.0474869132422884,-0.000575328614851749,-0.039654203442453));
#6309=CARTESIAN_POINT('',(0.0498060941759844,-0.000880654577129826,-0.0396666368356325));
#6310=CARTESIAN_POINT('',(0.0477347744576318,-0.000607960162906756,-0.039655532254664));
#6311=CARTESIAN_POINT('',(0.0456784506432233,-0.0162272902332987,-0.0396445080684449));
#6312=CARTESIAN_POINT('',(0.0477498274406614,-0.0165,-0.0396556129554209));
#6313=CARTESIAN_POINT('',(0.0426640713114109,-0.00493310278405439,-0.0396283476374583));
#6314=CARTESIAN_POINT('',(0.0452941207906641,-0.0108772460979962,-0.0396424476323237));
#6315=CARTESIAN_POINT('',(0.0417787242962405,-0.0045,-0.0396236011912539));
#6316=CARTESIAN_POINT('',(0.046270309633904,-0.0131633277277426,-0.0396476810919167));
#6317=CARTESIAN_POINT('',(0.0448894818334027,-0.0105,-0.0396402783167786));
#6318=CARTESIAN_POINT('',(0.0448894818334027,-0.0135,-0.0396402783167786));
#6319=CARTESIAN_POINT('',(0.0136452910488875,-0.0135,-0.0394727746507407));
#6320=CARTESIAN_POINT('',(0.0136292079382618,-0.0135,-0.0394726884273525));
#6321=CARTESIAN_POINT('',(0.0136292079382618,-0.0225,-0.0394726884273525));
#6322=CARTESIAN_POINT('',(0.0081306285762811,-0.015375,-0.0394432099170117));
#6323=CARTESIAN_POINT('',(0.0062977687889542,-0.013,-0.0394333837468981));
#6324=CARTESIAN_POINT('',(0.0062977687889542,-0.016,-0.0394333837468981));
#6325=CARTESIAN_POINT('',(0.0477498274406614,-0.016,-0.0396556129554209));
#6326=CARTESIAN_POINT('',(0.00233359565599359,-0.016,-0.0394121313631459));
#6327=CARTESIAN_POINT('',(0.00233359565599359,-0.013,-0.0394121313631459));
#6328=CARTESIAN_POINT('',(-0.000668748383807476,-0.013,-0.0393960354547307));
#6329=CARTESIAN_POINT('',(-0.000668748383807476,-0.0165,-0.0393960354547307));
#6330=CARTESIAN_POINT('',(-0.000668748383807476,-0.0105,-0.0393960354547307));
#6331=CARTESIAN_POINT('',(-0.00967578050321067,-0.0105,-0.0393477477294853));
#6332=CARTESIAN_POINT('',(-0.00355138529876478,-0.0039007156030604,-0.0393804350619174));
#6333=CARTESIAN_POINT('',(-0.00355139112964573,-0.0039007156030604,-0.0393805812785886));
#6334=CARTESIAN_POINT('',(-0.00355139112964573,-0.00260047706870694,-0.0393805812785886));
#6335=CARTESIAN_POINT('',(-0.00355139112964573,-0.00130023853435347,-0.0393805812785886));
#6336=CARTESIAN_POINT('',(-0.00355139112964573,-3.46944695195361E-18,-0.0393805812785886));
#6337=CARTESIAN_POINT('',(-0.00355139611731252,-3.90312782094781E-18,-0.0393804368446136));
#6338=CARTESIAN_POINT('',(-0.00355139112964573,-0.0165,-0.0393805812785885));
#6339=CARTESIAN_POINT('',(-0.00355139112964573,0.0015,-0.0393805812785885));
#6340=CARTESIAN_POINT('',(0.0024532969499564,0.0015,-0.0394127730954189));
#6341=CARTESIAN_POINT('',(0.00245329694995639,0.0075,-0.0394127730954189));
#6342=CARTESIAN_POINT('',(0.0477498274406614,0.0075,-0.0396556129554209));
#6343=CARTESIAN_POINT('',(0.0449055649440284,0.0075,-0.0396403645401668));
#6344=CARTESIAN_POINT('',(0.0449055649440284,0.0015,-0.0396403645401668));
#6345=CARTESIAN_POINT('',(0.0466317552596629,0.0072463263912007,-0.0396496188430912));
#6346=CARTESIAN_POINT('',(0.0466317552596629,0.0055,-0.0396496188430912));
#6347=CARTESIAN_POINT('',(0.0466317552596629,0.0055,-0.0396496188430912));
#6348=CARTESIAN_POINT('',(0.0477498274406614,0.0055,-0.0396556129554209));
#6349=CARTESIAN_POINT('',(0.0473609150400253,0.0055,-0.0396535279517373));
#6350=CARTESIAN_POINT('',(0.0473609150400253,0.0055,-0.0396535279517373));
#6351=CARTESIAN_POINT('',(0.0475892383237181,0.00510291734288591,-0.0396547520188711));
#6352=CARTESIAN_POINT('',(0.0477498274406613,0.00466364075824908,-0.0396556129554209));
#6353=CARTESIAN_POINT('',(0.0477498274406613,0.00420365550957094,-0.0396556129554209));
#6354=CARTESIAN_POINT('',(0.0500671391854147,0.00110223611655626,-0.0396680363276655));
#6355=CARTESIAN_POINT('',(0.039365925409968,0.00251107763731013,-0.039610665901566));
#6356=CARTESIAN_POINT('',(0.0370485534369398,-0.0150911100575371,-0.0395982422064307));
#6357=CARTESIAN_POINT('',(0.0391048730255279,0.000528187914562498,-0.0396092663699947));
#6358=CARTESIAN_POINT('',(0.0498060941759844,-0.000880654577129826,-0.0396666368356325));
#6359=CARTESIAN_POINT('',(0.0393527342408714,0.000495556366507494,-0.0396105951822058));
#6360=CARTESIAN_POINT('',(0.0423054413819643,-0.00488588825813317,-0.0396264249815525));
#6361=CARTESIAN_POINT('',(0.038981255647727,-0.0100461416349964,-0.0396086036431502));
#6362=CARTESIAN_POINT('',(0.0484356078764753,-0.0112908307189817,-0.0396592895024593));
#6363=CARTESIAN_POINT('',(0.,-0.0165,0.));
#6364=CARTESIAN_POINT('',(0.0449055649440284,-0.0165,-0.0177687293758186));
#6365=CARTESIAN_POINT('',(0.0449055649440284,-0.0165,-0.0366403214281629));
#6366=CARTESIAN_POINT('',(0.0449055649440284,-0.0165,-0.0172169563758186));
#6367=CARTESIAN_POINT('',(0.0242340466725511,-0.0165,-0.0172169563758186));
#6368=CARTESIAN_POINT('',(0.0242340466725511,-0.0165,-0.0172169563758186));
#6369=CARTESIAN_POINT('',(0.0242340466725511,-0.0165,-0.00775342421686306));
#6370=CARTESIAN_POINT('',(0.0242340466725511,-0.0165,-0.00611308021686306));
#6371=CARTESIAN_POINT('',(0.0136452910488875,-0.0165,-0.00611308021686306));
#6372=CARTESIAN_POINT('',(0.0136452910488875,-0.0165,-0.00611308021686306));
#6373=CARTESIAN_POINT('',(0.0136452910488875,-0.0165,-0.03945959680769));
#6374=CARTESIAN_POINT('',(0.0136452910488875,-0.0165,-0.0364727315387369));
#6375=CARTESIAN_POINT('',(0.0449216480546541,-0.0165,-0.0366404076515511));
#6376=CARTESIAN_POINT('',(0.0149541389105078,-0.0165,-9.14121937527526E-15));
#6377=CARTESIAN_POINT('',(0.0149541389104893,-0.0165,-0.0303675128085027));
#6378=CARTESIAN_POINT('',(0.0149541389104862,-0.0165,-0.0353875128085027));
#6379=CARTESIAN_POINT('',(-1.85174603973356E-14,-0.0165,-0.0303675128084936));
#6380=CARTESIAN_POINT('',(0.0279665238176033,-0.0165,-0.0303675128085106));
#6381=CARTESIAN_POINT('',(0.0279665238176219,-0.0165,-1.70954764370355E-14));
#6382=CARTESIAN_POINT('',(0.0279665238176002,-0.0165,-0.0353875128085106));
#6383=CARTESIAN_POINT('',(-2.15785491266248E-14,-0.0165,-0.0353875128084936));
#6384=CARTESIAN_POINT('',(-0.00355139112964573,-0.0165,-0.0393805812785885));
#6385=CARTESIAN_POINT('',(-0.00401471988660684,-0.0165000000000005,-0.025963403092471));
#6386=CARTESIAN_POINT('',(-0.00401471988660685,-0.013,-0.0259634030924708));
#6387=CARTESIAN_POINT('',(-0.00401471988660685,-0.0105,-0.0259634030924707));
#6388=CARTESIAN_POINT('',(-0.00355139112964573,-0.013,-0.0393805812785885));
#6389=CARTESIAN_POINT('',(-0.00479217457687374,-0.013,-0.00344969559164501));
#6390=CARTESIAN_POINT('',(-0.00479217457687374,-0.0165,-0.00344969559164501));
#6391=CARTESIAN_POINT('',(-0.00479217457687374,-0.0105,-0.00344969559164501));
#6392=CARTESIAN_POINT('',(-0.00355139112964573,-0.0105,-0.0393805812785885));
#6393=CARTESIAN_POINT('',(-0.00355139112964573,-0.0165,-0.0393805812785885));
#6394=CARTESIAN_POINT('',(-0.00384136671743216,-0.0165000000000003,-0.0309834030924711));
#6395=CARTESIAN_POINT('',(-0.00384136671743217,-0.0105,-0.0309834030924708));
#6396=CARTESIAN_POINT('',(-0.00384136671743217,-0.013,-0.0309834030924709));
#6397=CARTESIAN_POINT('',(-0.00355139112964573,-0.0105,-0.0393805812785885));
#6398=CARTESIAN_POINT('',(-0.00365087813066024,-0.0105,-0.0364996143630681));
#6399=CARTESIAN_POINT('',(-0.00365087813066024,-0.0165,-0.0364996143630681));
#6400=CARTESIAN_POINT('',(-0.00365087813066024,-0.013,-0.0364996143630681));
#6401=CARTESIAN_POINT('',(-0.00355139112964573,-0.013,-0.0393805812785885));
#6402=CARTESIAN_POINT('',(0.,-0.019,0.));
#6403=CARTESIAN_POINT('',(0.00199042346704524,-0.019,-1.36372371741318E-15));
#6404=CARTESIAN_POINT('',(0.00199042346702742,-0.019,-0.0260087788369572));
#6405=CARTESIAN_POINT('',(0.00199042346702745,-0.019,-0.0259634030924747));
#6406=CARTESIAN_POINT('',(0.00109097423246555,-0.019,3.76740718497632E-5));
#6407=CARTESIAN_POINT('',(0.00234967876661931,-0.019,-0.0364121744745302));
#6408=CARTESIAN_POINT('',(-0.000195136673399858,-0.019,-0.0363985314290588));
#6409=CARTESIAN_POINT('',(0.00631385189957993,-0.019,-0.0364334268582824));
#6410=CARTESIAN_POINT('',(0.00631385189957993,-0.019,0.));
#6411=CARTESIAN_POINT('',(0.00631385189957993,-0.019,-0.00171340259164501));
#6412=CARTESIAN_POINT('',(0.,-0.019,-0.00171340259164501));
#6413=CARTESIAN_POINT('',(0.00121140183869074,-0.019,-0.00171340259164501));
#6414=CARTESIAN_POINT('',(0.00121140183869074,-0.019,-0.00171340259164501));
#6415=CARTESIAN_POINT('',(0.00121140183869074,-0.019,-0.00344969559164501));
#6416=CARTESIAN_POINT('',(0.00109097423246555,-0.019,3.76740718497632E-5));
#6417=CARTESIAN_POINT('',(0.00198885652895776,-0.019,-0.0259634030924747));
#6418=CARTESIAN_POINT('',(-1.58384964887817E-14,-0.019,-0.0259634030924735));
#6419=CARTESIAN_POINT('',(0.00109097423246555,-0.013,3.76740718497632E-5));
#6420=CARTESIAN_POINT('',(0.00198885652895776,-0.013,-0.0259634030924745));
#6421=CARTESIAN_POINT('',(0.00121140183869074,-0.013,-0.00344969559164501));
#6422=CARTESIAN_POINT('',(0.00109097423246555,-0.013,3.76740718497632E-5));
#6423=CARTESIAN_POINT('',(0.0151562218537347,-0.013,-0.407266924943732));
#6424=CARTESIAN_POINT('',(0.00199550038984313,-0.018997686312974,-0.0309834030924747));
#6425=CARTESIAN_POINT('',(0.00216220969813243,-0.013,-0.0309834030924746));
#6426=CARTESIAN_POINT('',(0.00234967876661931,-0.013,-0.0364121744745302));
#6427=CARTESIAN_POINT('',(-0.0095478168446027,-0.0105,-0.0395876528724946));
#6428=CARTESIAN_POINT('',(-0.0100182963021714,-0.0105,-0.0259634030924671));
#6429=CARTESIAN_POINT('',(-0.00468048389201034,-0.00775378532762985,-0.0259634030924702));
#6430=CARTESIAN_POINT('',(-0.0107957509924382,-0.0105,-0.00344969559164501));
#6431=CARTESIAN_POINT('',(-0.0107957509924382,-0.0045,-0.00344969559164501));
#6432=CARTESIAN_POINT('',(-0.0107886002918307,-0.0045,-0.00365676718555105));
#6433=CARTESIAN_POINT('',(-0.00966955521444941,-0.0045,-0.0360623258217114));
#6434=CARTESIAN_POINT('',(-0.00966955521444941,-0.0045,-0.0360623258217114));
#6435=CARTESIAN_POINT('',(-0.0081473842471181,-0.0045,-0.0362453217379658));
#6436=CARTESIAN_POINT('',(-0.00665132575193871,-0.0050910263766811,-0.0363757378365543));
#6437=CARTESIAN_POINT('',(-0.00554505396993212,-0.00612742971786116,-0.036451754636382));
#6438=CARTESIAN_POINT('',(-0.00554505396993212,-0.00612742971786116,-0.0364517546363821));
#6439=CARTESIAN_POINT('',(-0.00965969739258495,-0.0105,-0.0363477908408696));
#6440=CARTESIAN_POINT('',(-0.00984494313299677,-0.0105,-0.0309834030924672));
#6441=CARTESIAN_POINT('',(-0.00454048131849418,-0.00768998247903473,-0.0309834030924703));
#6442=CARTESIAN_POINT('',(-0.0107065020092901,-0.0105,-0.00603418768681011));
#6443=CARTESIAN_POINT('',(0.0475255381407624,-0.011608784773517,-0.01892022793142));
#6444=CARTESIAN_POINT('',(0.0475255381407624,-0.011608784773517,-0.01892022793142));
#6445=CARTESIAN_POINT('',(0.0475255381407624,-0.011608784773517,-0.01892022793142));
#6446=CARTESIAN_POINT('',(0.0465433321794295,-0.0110417078973418,-0.01892022793142));
#6447=CARTESIAN_POINT('',(0.0465433321794295,-0.0110417078973418,-0.0189202279314201));
#6448=CARTESIAN_POINT('',(0.0465433321794297,-0.0110417078973418,-0.02102022793142));
#6449=CARTESIAN_POINT('',(0.0475255381407625,-0.011608784773517,-0.02102022793142));
#6450=CARTESIAN_POINT('',(0.0475255381407625,-0.011608784773517,-0.02102022793142));
#6451=CARTESIAN_POINT('',(0.0475255381407624,-0.011608784773517,-0.01892022793142));
#6452=CARTESIAN_POINT('',(0.0452755381419344,-0.010309746668517,-0.0189202279314201));
#6453=CARTESIAN_POINT('',(0.0452755381419346,-0.010309746668517,-0.0210202279314201));
#6454=CARTESIAN_POINT('',(0.0444785694926712,-0.0107698767327049,-0.0210202279314202));
#6455=CARTESIAN_POINT('',(0.0430255381431066,-0.011608784773517,-0.0210202279314202));
#6456=CARTESIAN_POINT('',(0.0444785694926711,-0.0107698767327049,-0.0189202279314202));
#6457=CARTESIAN_POINT('',(0.0444785694926711,-0.0107698767327049,-0.0189202279314201));
#6458=CARTESIAN_POINT('',(0.0452755381419344,-0.010309746668517,-0.0189202279314201));
#6459=CARTESIAN_POINT('',(0.0430255381431064,-0.011608784773517,-0.0189202279314203));
#6460=CARTESIAN_POINT('',(0.0430255381431064,-0.011608784773517,-0.0189202279314203));
#6461=CARTESIAN_POINT('',(0.0452755381419344,-0.012907822878517,-0.0189202279314201));
#6462=CARTESIAN_POINT('',(0.0452755381419344,-0.012907822878517,-0.0189202279314201));
#6463=CARTESIAN_POINT('',(0.0440255381419344,-0.012907822878517,-0.0189202279314202));
#6464=CARTESIAN_POINT('',(0.0455386307078057,-0.0109094364392728,-0.0189202279314201));
#6465=CARTESIAN_POINT('',(0.0475255381407624,-0.014206860983517,-0.01892022793142));
#6466=CARTESIAN_POINT('',(0.0475255381407624,-0.014206860983517,-0.01892022793142));
#6467=CARTESIAN_POINT('',(0.0452755381419344,-0.015505899088517,-0.0189202279314201));
#6468=CARTESIAN_POINT('',(0.0452755381419344,-0.015505899088517,-0.0189202279314201));
#6469=CARTESIAN_POINT('',(0.0430255381431064,-0.014206860983517,-0.0189202279314203));
#6470=CARTESIAN_POINT('',(0.0430255381431064,-0.014206860983517,-0.0189202279314203));
#6471=CARTESIAN_POINT('',(0.0430255381431064,-0.011608784773517,-0.0189202279314203));
#6472=CARTESIAN_POINT('',(0.0452755381419346,-0.012907822878517,-0.0210202279314201));
#6473=CARTESIAN_POINT('',(0.0452755381419346,-0.012907822878517,-0.0210202279314201));
#6474=CARTESIAN_POINT('',(0.0440255381419346,-0.012907822878517,-0.0210202279314202));
#6475=CARTESIAN_POINT('',(0.0455386307078058,-0.0109094364392728,-0.0210202279314201));
#6476=CARTESIAN_POINT('',(0.0430255381431066,-0.011608784773517,-0.0210202279314202));
#6477=CARTESIAN_POINT('',(0.0430255381431066,-0.014206860983517,-0.0210202279314203));
#6478=CARTESIAN_POINT('',(0.0430255381431066,-0.014206860983517,-0.0210202279314203));
#6479=CARTESIAN_POINT('',(0.0452755381419346,-0.015505899088517,-0.0210202279314201));
#6480=CARTESIAN_POINT('',(0.0452755381419346,-0.015505899088517,-0.0210202279314201));
#6481=CARTESIAN_POINT('',(0.0475255381407625,-0.014206860983517,-0.02102022793142));
#6482=CARTESIAN_POINT('',(0.0475255381407625,-0.014206860983517,-0.02102022793142));
#6483=CARTESIAN_POINT('',(-0.000204557329606857,-0.0168095640580755,-0.00341667393142274));
#6484=CARTESIAN_POINT('',(0.00078019490729778,-0.0151039231508894,-0.00171340259164416));
#6485=CARTESIAN_POINT('',(0.000780194898982326,-0.0151039231652926,-0.00551667393142268));
#6486=CARTESIAN_POINT('',(0.000780194907297822,-0.0151039231508895,-0.00341667393142268));
#6487=CARTESIAN_POINT('',(-0.000204557329606737,-0.0168095640580755,-0.00551667393142274));
#6488=CARTESIAN_POINT('',(-0.000204557329606737,-0.0168095640580755,-0.00551667393142274));
#6489=CARTESIAN_POINT('',(-0.000204557329606857,-0.0168095640580755,-0.00341667393142274));
#6490=CARTESIAN_POINT('',(-0.000204557329606857,-0.0168095640580755,-0.00341667393142274));
#6491=CARTESIAN_POINT('',(-0.000204557329606857,-0.0168095640580755,-0.00341667393142274));
#6492=CARTESIAN_POINT('',(-0.000204557329606858,-0.0123095640604195,-0.00341667393142273));
#6493=CARTESIAN_POINT('',(-0.000204557329606737,-0.0123095640604195,-0.00551667393142273));
#6494=CARTESIAN_POINT('',(-0.000493267912496958,-0.0123095640604195,-0.00551667393142275));
#6495=CARTESIAN_POINT('',(-0.00280263353960674,-0.0123095640604195,-0.00551667393142288));
#6496=CARTESIAN_POINT('',(-0.000493267894218023,-0.0123095640604195,-0.00171340259164503));
#6497=CARTESIAN_POINT('',(-0.000493267894218025,-0.0123095640604195,-0.00341667393142275));
#6498=CARTESIAN_POINT('',(-0.000204557329606858,-0.0123095640604195,-0.00341667393142273));
#6499=CARTESIAN_POINT('',(-0.00280263353960686,-0.0123095640604195,-0.00341667393142288));
#6500=CARTESIAN_POINT('',(-0.00280263353960686,-0.0123095640604195,-0.00341667393142288));
#6501=CARTESIAN_POINT('',(-0.00150359543460674,-0.0145595640592475,-0.00551667393142281));
#6502=CARTESIAN_POINT('',(-0.00150359543460672,-0.0145595640592475,-0.00551667393142281));
#6503=CARTESIAN_POINT('',(-0.00275359543460672,-0.0145595640592475,-0.00551667393142288));
#6504=CARTESIAN_POINT('',(0.000182033850315818,-0.0137913785370124,-0.00551667393142272));
#6505=CARTESIAN_POINT('',(-0.00280263353960674,-0.0123095640604195,-0.00551667393142288));
#6506=CARTESIAN_POINT('',(-0.00410167164460674,-0.0145595640592475,-0.00551667393142296));
#6507=CARTESIAN_POINT('',(-0.00410167164460674,-0.0145595640592475,-0.00551667393142296));
#6508=CARTESIAN_POINT('',(-0.00280263353960674,-0.0168095640580755,-0.00551667393142289));
#6509=CARTESIAN_POINT('',(-0.00280263353960674,-0.0168095640580755,-0.00551667393142289));
#6510=CARTESIAN_POINT('',(-0.00505351332959221,-0.00230301870083483,-0.00171340259164501));
#6511=CARTESIAN_POINT('',(0.00245852175876722,-0.0187866753197011,-0.00171340259164501));
#6512=CARTESIAN_POINT('',(0.00245852175876722,-0.0187866753197011,-0.00171340259164501));
#6513=CARTESIAN_POINT('',(0.00245852174962026,-0.0187866753224568,-0.011963403092475));
#6514=CARTESIAN_POINT('',(-0.000236984327648977,-0.0128719270617609,-0.0119634030924731));
#6515=CARTESIAN_POINT('',(0.00141830120992425,-0.0165041196718532,-0.0119634030924743));
#6516=CARTESIAN_POINT('',(0.00141830120991479,-0.0165041196718527,-0.0274634030924743));
#6517=CARTESIAN_POINT('',(0.00141830120991754,-0.0165041196718528,-0.0229634030924743));
#6518=CARTESIAN_POINT('',(-0.00376187689023853,-0.00513725625931212,-0.0229634030924707));
#6519=CARTESIAN_POINT('',(-0.00198399497201474,-0.00903846207450733,-0.0229634030924719));
#6520=CARTESIAN_POINT('',(-0.00198399497201749,-0.00903846207450718,-0.0274634030924719));
#6521=CARTESIAN_POINT('',(-0.00198399497200803,-0.00903846207450771,-0.0119634030924719));
#6522=CARTESIAN_POINT('',(-0.000236984327648977,-0.0128719270617609,-0.0119634030924731));
#6523=CARTESIAN_POINT('',(-0.00293249040491821,-0.00695717880106506,-0.0119634030924713));
#6524=CARTESIAN_POINT('',(-0.00293249038385458,-0.00695717879287865,-0.00171340259164501));
#6525=CARTESIAN_POINT('',(-0.00293249038385458,-0.00695717879287865,-0.00171340259164501));
#6526=CARTESIAN_POINT('',(-0.00505351332959221,-0.00230301870083483,-0.00171340259164501));
#6527=CARTESIAN_POINT('',(-0.00505351332959219,-0.00230301870083486,-0.00341667393142299));
#6528=CARTESIAN_POINT('',(0.00566548734648925,0.0255,0.0283677099999989));
#6529=CARTESIAN_POINT('',(0.00566548734648925,0.,0.));
#6530=CARTESIAN_POINT('',(0.00566548734648925,-1.73472347597681E-18,0.00877787714338678));
#6531=CARTESIAN_POINT('',(0.00566548734648925,0.,0.0153677099999989));
#6532=CARTESIAN_POINT('',(0.00566548734648925,0.0055,0.0153677099999989));
#6533=CARTESIAN_POINT('',(0.00566548734648925,-0.0045,0.0153677099999989));
#6534=CARTESIAN_POINT('',(0.00566548734648925,-0.0045,0.0283677099999989));
#6535=CARTESIAN_POINT('',(0.00566548734648925,-0.0045,0.0087323615934762));
#6536=CARTESIAN_POINT('',(0.00566548734648925,0.000406624962036524,0.00878198997866554));
#6537=CARTESIAN_POINT('',(0.,0.,0.));
#6538=CARTESIAN_POINT('',(-0.000334512653510749,0.,0.0281510281584621));
#6539=CARTESIAN_POINT('',(-0.000334512653510749,0.,0.0215471594717692));
#6540=CARTESIAN_POINT('',(-0.000334512653510749,0.,0.0281510281584621));
#6541=CARTESIAN_POINT('',(0.00416548734648925,0.,0.0193677099999989));
#6542=CARTESIAN_POINT('',(-0.000809449839043849,0.,0.0198677099999989));
#6543=CARTESIAN_POINT('',(0.00416548734648925,0.,0.0203677099999989));
#6544=CARTESIAN_POINT('',(0.00416548734648925,0.,0.0153677099999989));
#6545=CARTESIAN_POINT('',(0.,0.,0.0153677099999989));
#6546=CARTESIAN_POINT('',(0.,0.,0.00877787714338678));
#6547=CARTESIAN_POINT('',(0.0053625631173936,0.,0.00877787714338678));
#6548=CARTESIAN_POINT('',(0.00434999988079067,0.,0.00849999997019651));
#6549=CARTESIAN_POINT('',(0.00333743664418775,0.,0.00877787714338678));
#6550=CARTESIAN_POINT('',(0.,0.,0.00877787714338678));
#6551=CARTESIAN_POINT('',(-0.00333743664418783,0.,0.00877787714338678));
#6552=CARTESIAN_POINT('',(-0.00434999988079076,0.,0.00849999997019653));
#6553=CARTESIAN_POINT('',(-0.00536256311739369,1.73472347597681E-18,0.00877787714338678));
#6554=CARTESIAN_POINT('',(0.,0.,0.00877787714338678));
#6555=CARTESIAN_POINT('',(-0.00733451265351075,-5.42101086242752E-20,0.00877787714338678));
#6556=CARTESIAN_POINT('',(-0.00733451265351075,0.,0.));
#6557=CARTESIAN_POINT('',(-0.00733451265351075,0.,-0.00171340259164501));
#6558=CARTESIAN_POINT('',(0.,0.,-0.00171340259164501));
#6559=CARTESIAN_POINT('',(-0.00479217457687374,0.,-0.00171340259164501));
#6560=CARTESIAN_POINT('',(-0.00479217457687374,0.,-0.00171340259164501));
#6561=CARTESIAN_POINT('',(-0.00479217457687374,0.,-0.00344969559164501));
#6562=CARTESIAN_POINT('',(-0.00490545148249142,0.,-0.000169397522056274));
#6563=CARTESIAN_POINT('',(0.00261693406931456,-8.67361737988404E-19,0.142421992452774));
#6564=CARTESIAN_POINT('',(-0.0364610758463818,-2.49999959960875E-10,-0.0352379900706339));
#6565=CARTESIAN_POINT('',(0.0348917662115325,-8.67361737988404E-19,0.194016818579792));
#6566=CARTESIAN_POINT('',(-0.0646042106928872,-8.67361737988404E-19,-0.0245));
#6567=CARTESIAN_POINT('',(-0.0607609132618318,0.,-0.00729026086985818));
#6568=CARTESIAN_POINT('',(-0.0741,0.,-0.0188234660211905));
#6569=CARTESIAN_POINT('',(-0.0741,0.,0.0209999999999989));
#6570=CARTESIAN_POINT('',(-0.0741,0.,0.0281510281584621));
#6571=CARTESIAN_POINT('',(-0.0741,0.,0.0281510281584621));
#6572=CARTESIAN_POINT('',(-0.0710291012766667,0.,0.0281510281584621));
#6573=CARTESIAN_POINT('',(-0.0679582025533333,0.,0.0281510281584621));
#6574=CARTESIAN_POINT('',(-0.06488730383,0.,0.0281510281584621));
#6575=CARTESIAN_POINT('',(-0.06488730383,0.,0.0281510281584621));
#6576=CARTESIAN_POINT('',(-0.0342172563267554,2.31673949536577E-17,0.0281510281584621));
#6577=CARTESIAN_POINT('',(-0.0620339017566029,2.31673949536577E-17,0.0281510281584621));
#6578=CARTESIAN_POINT('',(-0.0620339017566029,0.,-8.71349519705409E-18));
#6579=CARTESIAN_POINT('',(-0.0620339017566029,0.,0.0218677099999989));
#6580=CARTESIAN_POINT('',(-2.7025096024377E-18,0.,0.0218677099999989));
#6581=CARTESIAN_POINT('',(-0.0507602049904872,0.,0.0218677099999989));
#6582=CARTESIAN_POINT('',(-0.0507602049904872,0.,0.0358677099999989));
#6583=CARTESIAN_POINT('',(-0.0507602049904872,0.,0.0281510281584621));
#6584=CARTESIAN_POINT('',(-0.0342172563267554,2.12560848699809E-17,0.0281510281584621));
#6585=CARTESIAN_POINT('',(-0.0421817038620052,2.12560848699809E-17,0.0281510281584621));
#6586=CARTESIAN_POINT('',(-0.0421817038620052,0.,0.0258677099999989));
#6587=CARTESIAN_POINT('',(-0.0421817038620052,0.,0.0218677099999989));
#6588=CARTESIAN_POINT('',(-2.7025096024377E-18,0.,0.0218677099999989));
#6589=CARTESIAN_POINT('',(-0.0240327750290079,0.,0.0218677099999989));
#6590=CARTESIAN_POINT('',(-0.0240327750290079,0.,0.0281510281584621));
#6591=CARTESIAN_POINT('',(-0.0240327750290079,-4.63347899073154E-19,0.0281510281584621));
#6592=CARTESIAN_POINT('',(-0.0342172563267554,-4.63347899073154E-19,0.0281510281584621));
#6593=CARTESIAN_POINT('',(-0.0220360048673416,-4.63347899073154E-19,0.0281510281584621));
#6594=CARTESIAN_POINT('',(-0.0220360048673416,0.,0.0258677099999989));
#6595=CARTESIAN_POINT('',(-0.0220360048673416,0.,0.0218677099999989));
#6596=CARTESIAN_POINT('',(-2.7025096024377E-18,0.,0.0218677099999989));
#6597=CARTESIAN_POINT('',(-0.00442684319648437,0.,0.0218677099999989));
#6598=CARTESIAN_POINT('',(-0.00442684319648437,0.,0.0281510281584621));
#6599=CARTESIAN_POINT('',(-0.00442684319648438,-2.31673949536577E-19,0.0281510281584621));
#6600=CARTESIAN_POINT('',(-0.00442684319648438,0.,0.0281510281584621));
#6601=CARTESIAN_POINT('',(-0.00306273301549317,0.,0.0281510281584621));
#6602=CARTESIAN_POINT('',(-0.00169862283450196,0.,0.0281510281584621));
#6603=CARTESIAN_POINT('',(-0.000334512653510753,0.,0.0281510281584621));
#6604=CARTESIAN_POINT('',(-0.0203500001192093,0.,0.00383333330352984));
#6605=CARTESIAN_POINT('',(-0.0193000001042093,0.,0.00383333330352984));
#6606=CARTESIAN_POINT('',(-0.0203500001192093,0.,0.00849999997019651));
#6607=CARTESIAN_POINT('',(-0.0193000001042093,0.,0.00849999997019651));
#6608=CARTESIAN_POINT('',(-0.0203500001192093,0.,0.00616666663686317));
#6609=CARTESIAN_POINT('',(-0.0193000001042093,0.,0.00616666663686317));
#6610=CARTESIAN_POINT('',(-0.0203500001192093,0.,0.00149999997019651));
#6611=CARTESIAN_POINT('',(-0.0193000001042093,0.,0.00149999997019651));
#6612=CARTESIAN_POINT('',(-0.0450500001192093,0.,0.00383333330352984));
#6613=CARTESIAN_POINT('',(-0.0440000001042093,0.,0.00383333330352984));
#6614=CARTESIAN_POINT('',(-0.0450500001192093,0.,0.00849999997019651));
#6615=CARTESIAN_POINT('',(-0.0440000001042093,0.,0.00849999997019651));
#6616=CARTESIAN_POINT('',(-0.0290499998807907,0.,0.00383333330352986));
#6617=CARTESIAN_POINT('',(-0.0279999998657907,0.,0.00383333330352986));
#6618=CARTESIAN_POINT('',(-0.0290499998807908,0.,0.00849999997019653));
#6619=CARTESIAN_POINT('',(-0.0279999998657908,0.,0.00849999997019653));
#6620=CARTESIAN_POINT('',(-0.0265499998360873,0.,0.0155000001192082));
#6621=CARTESIAN_POINT('',(-0.0254999998360873,0.,0.0155000001192082));
#6622=CARTESIAN_POINT('',(-0.0265499998360873,0.,0.0185000001192082));
#6623=CARTESIAN_POINT('',(-0.0254999998360873,0.,0.0185000001192082));
#6624=CARTESIAN_POINT('',(-0.0290499998807908,0.,0.00616666663686319));
#6625=CARTESIAN_POINT('',(-0.0279999998657908,0.,0.00616666663686319));
#6626=CARTESIAN_POINT('',(-0.0290499998807907,0.,0.00149999997019653));
#6627=CARTESIAN_POINT('',(-0.0279999998657907,0.,0.00149999997019653));
#6628=CARTESIAN_POINT('',(-0.0450500001192093,0.,0.00616666663686317));
#6629=CARTESIAN_POINT('',(-0.0440000001042093,0.,0.00616666663686317));
#6630=CARTESIAN_POINT('',(-0.0450500001192093,0.,0.00149999997019651));
#6631=CARTESIAN_POINT('',(-0.0440000001042093,0.,0.00149999997019651));
#6632=CARTESIAN_POINT('',(-0.0697500001192093,0.,0.00383333330352984));
#6633=CARTESIAN_POINT('',(-0.0687000001042093,0.,0.00383333330352984));
#6634=CARTESIAN_POINT('',(-0.0697500001192093,0.,0.00849999997019651));
#6635=CARTESIAN_POINT('',(-0.0687000001042093,0.,0.00849999997019651));
#6636=CARTESIAN_POINT('',(-0.0537499998807907,0.,0.00383333330352986));
#6637=CARTESIAN_POINT('',(-0.0526999998657907,0.,0.00383333330352986));
#6638=CARTESIAN_POINT('',(-0.0537499998807908,0.,0.00849999997019653));
#6639=CARTESIAN_POINT('',(-0.0526999998657908,0.,0.00849999997019653));
#6640=CARTESIAN_POINT('',(-0.0512499998360873,0.,0.0155000001192081));
#6641=CARTESIAN_POINT('',(-0.0501999998360873,0.,0.0155000001192081));
#6642=CARTESIAN_POINT('',(-0.0512499998360873,0.,0.0185000001192081));
#6643=CARTESIAN_POINT('',(-0.0501999998360873,0.,0.0185000001192081));
#6644=CARTESIAN_POINT('',(-0.0537499998807908,0.,0.00616666663686319));
#6645=CARTESIAN_POINT('',(-0.0526999998657908,0.,0.00616666663686319));
#6646=CARTESIAN_POINT('',(-0.0537499998807907,0.,0.00149999997019653));
#6647=CARTESIAN_POINT('',(-0.0526999998657907,0.,0.00149999997019653));
#6648=CARTESIAN_POINT('',(-0.0697500001192093,0.,0.00616666663686317));
#6649=CARTESIAN_POINT('',(-0.0687000001042093,0.,0.00616666663686317));
#6650=CARTESIAN_POINT('',(-0.0697500001192093,0.,0.00149999997019651));
#6651=CARTESIAN_POINT('',(-0.0687000001042093,0.,0.00149999997019651));
#6652=CARTESIAN_POINT('',(-0.00234999985098847,0.,0.0115000000149));
#6653=CARTESIAN_POINT('',(-0.00359999985098847,0.,0.0115000000149));
#6654=CARTESIAN_POINT('',(-0.0270499998509885,0.,0.0115000000149));
#6655=CARTESIAN_POINT('',(-0.0282999998509885,0.,0.0115000000149));
#6656=CARTESIAN_POINT('',(-0.0517499998509885,0.,0.0115000000149));
#6657=CARTESIAN_POINT('',(-0.0529999998509885,0.,0.0115000000149));
#6658=CARTESIAN_POINT('',(0.00434999988079067,-0.002,0.00849999997019651));
#6659=CARTESIAN_POINT('',(0.00434999988079067,-0.0274729687285552,0.00849999997019651));
#6660=CARTESIAN_POINT('',(0.00536789846072749,-0.002,0.00875764801009319));
#6661=CARTESIAN_POINT('',(0.00434999988079067,-0.002,0.00849999997019651));
#6662=CARTESIAN_POINT('',(0.00333210130085385,-0.002,0.00875764801009319));
#6663=CARTESIAN_POINT('',(0.00434999988079067,-0.0274729687285552,0.00849999997019651));
#6664=CARTESIAN_POINT('',(-0.00434999988079076,-0.002,0.00849999997019653));
#6665=CARTESIAN_POINT('',(-0.00434999988079076,-0.0274729687285532,0.00849999997019653));
#6666=CARTESIAN_POINT('',(-0.00333210130085393,-0.002,0.00875764801009319));
#6667=CARTESIAN_POINT('',(-0.00434999988079076,-0.002,0.00849999997019653));
#6668=CARTESIAN_POINT('',(-0.00536789846072759,-0.002,0.00875764801009319));
#6669=CARTESIAN_POINT('',(-0.00434999988079076,-0.0274729687285532,0.00849999997019653));
#6670=CARTESIAN_POINT('',(0.,-0.002,0.));
#6671=CARTESIAN_POINT('',(0.,-0.002,0.00875764801009319));
#6672=CARTESIAN_POINT('',(0.,-0.002,0.));
#6673=CARTESIAN_POINT('',(0.,-0.002,0.00875764801009319));
#6674=CARTESIAN_POINT('',(0.,-0.0045,0.));
#6675=CARTESIAN_POINT('',(-0.0517499998509885,-0.0045,0.0115000000149));
#6676=CARTESIAN_POINT('',(-0.0538999998509885,-0.0045,0.0115000000149));
#6677=CARTESIAN_POINT('',(-0.0270499998509885,-0.0045,0.0115000000149));
#6678=CARTESIAN_POINT('',(-0.0291999998509885,-0.0045,0.0115000000149));
#6679=CARTESIAN_POINT('',(-0.00234999985098847,-0.0045,0.0115000000149));
#6680=CARTESIAN_POINT('',(-0.00449999985098847,-0.0045,0.0115000000149));
#6681=CARTESIAN_POINT('',(-0.00733451265351075,-0.0045,0.));
#6682=CARTESIAN_POINT('',(-0.00733451265351075,-0.0045,0.0087323615934762));
#6683=CARTESIAN_POINT('',(-0.00733451265351075,-0.0045,-0.00171340259164501));
#6684=CARTESIAN_POINT('',(0.,-0.0045,0.0087323615934762));
#6685=CARTESIAN_POINT('',(0.00566548734648925,-0.0045,0.0153677099999989));
#6686=CARTESIAN_POINT('',(0.00416548734648925,-0.0045,0.0153677099999989));
#6687=CARTESIAN_POINT('',(0.00416548734648925,-0.0045,0.0153677099999989));
#6688=CARTESIAN_POINT('',(0.00249882067982258,-0.0045,0.0153677099999989));
#6689=CARTESIAN_POINT('',(0.000832154013155915,-0.0045,0.0153677099999989));
#6690=CARTESIAN_POINT('',(-0.000834512653510753,-0.0045,0.0153677099999989));
#6691=CARTESIAN_POINT('',(-0.000834512653510753,-0.0045,0.0153677099999989));
#6692=CARTESIAN_POINT('',(-0.000834512653510752,-0.0045,0.0153677099999989));
#6693=CARTESIAN_POINT('',(-0.0252563417690072,-0.0045,0.0153677099999989));
#6694=CARTESIAN_POINT('',(-0.0496781708845036,-0.0045,0.0153677099999989));
#6695=CARTESIAN_POINT('',(-0.0741,-0.0045,0.0153677099999989));
#6696=CARTESIAN_POINT('',(-0.0741,-0.0045,0.0153677099999989));
#6697=CARTESIAN_POINT('',(-0.0741,-0.0045,0.0209999999999989));
#6698=CARTESIAN_POINT('',(-0.0741,-0.0045,-0.0188234660211905));
#6699=CARTESIAN_POINT('',(-0.0607609132618318,-0.0045,-0.00729026086985818));
#6700=CARTESIAN_POINT('',(-0.0646042106928872,-0.0045,-0.0245));
#6701=CARTESIAN_POINT('',(0.0348917662115325,-0.0045,0.194016818579792));
#6702=CARTESIAN_POINT('',(-0.0577746025250275,-0.0045,-0.0274826024749333));
#6703=CARTESIAN_POINT('',(-0.0577746025250275,-0.0045,-0.0274826024749332));
#6704=CARTESIAN_POINT('',(-0.0537925012405704,-0.0045,-0.0283577190470832));
#6705=CARTESIAN_POINT('',(-0.0478200457322066,-0.0045,-0.0296738703753377));
#6706=CARTESIAN_POINT('',(-0.0398539860477672,-0.0045,-0.0314148329328929));
#6707=CARTESIAN_POINT('',(-0.0318972119409531,-0.0045,-0.0332021484241723));
#6708=CARTESIAN_POINT('',(-0.0218511725544508,-0.0045,-0.0349465532812618));
#6709=CARTESIAN_POINT('',(-0.0137371287344835,-0.0045,-0.0357823956279579));
#6710=CARTESIAN_POINT('',(-0.00966955521444941,-0.0045,-0.0360623258217114));
#6711=CARTESIAN_POINT('',(-0.0107957509924382,-0.0045,-0.00171340259164501));
#6712=CARTESIAN_POINT('',(-0.0107957509924382,-0.0045,-0.00171340259164501));
#6713=CARTESIAN_POINT('',(0.,-0.0045,-0.00171340259164501));
#6714=CARTESIAN_POINT('',(0.,0.0075,0.));
#6715=CARTESIAN_POINT('',(0.0449055649440284,0.0075,-0.0172169563758186));
#6716=CARTESIAN_POINT('',(0.0449055649440284,0.0075,-0.0172169563758186));
#6717=CARTESIAN_POINT('',(0.0242340466725511,0.0075,-0.0172169563758186));
#6718=CARTESIAN_POINT('',(0.0449055649440284,0.0075,0.));
#6719=CARTESIAN_POINT('',(0.00109097423246555,0.0075,3.76740718497632E-5));
#6720=CARTESIAN_POINT('',(0.00121140183869073,0.0075,-0.00344969559164501));
#6721=CARTESIAN_POINT('',(0.00121140183869074,0.0075,-0.00171340259164501));
#6722=CARTESIAN_POINT('',(0.00121140183869074,0.0075,-0.00171340259164501));
#6723=CARTESIAN_POINT('',(0.,0.0075,-0.00171340259164501));
#6724=CARTESIAN_POINT('',(0.00631385189957993,0.0075,-0.00171340259164501));
#6725=CARTESIAN_POINT('',(0.00631385189957993,0.0075,0.));
#6726=CARTESIAN_POINT('',(0.00631385189957993,0.0075,-0.00611308021686306));
#6727=CARTESIAN_POINT('',(0.0242340466725511,0.0075,-0.00611308021686306));
#6728=CARTESIAN_POINT('',(0.0242340466725511,0.0075,-0.00611308021686306));
#6729=CARTESIAN_POINT('',(0.0242340466725511,0.0075,0.));
#6730=CARTESIAN_POINT('',(0.,0.0055,0.));
#6731=CARTESIAN_POINT('',(0.0497180870228185,0.0055,0.00687609874994895));
#6732=CARTESIAN_POINT('',(0.0497180870228185,0.0055,-0.0360951430907695));
#6733=CARTESIAN_POINT('',(0.0497180870228185,0.0055,-0.0247106442125496));
#6734=CARTESIAN_POINT('',(0.0497180870228185,0.0055,-0.0360951430907695));
#6735=CARTESIAN_POINT('',(0.0497180870228185,0.0055,-0.0368410186683186));
#6736=CARTESIAN_POINT('',(0.0490200591958462,0.0055,-0.0381994597106526));
#6737=CARTESIAN_POINT('',(0.0479371894623865,0.0055,-0.0391957991204443));
#6738=CARTESIAN_POINT('',(0.0473609150400292,0.0055,-0.0396535279517405));
#6739=CARTESIAN_POINT('',(0.0466317552596629,0.0055,-0.0396496188430912));
#6740=CARTESIAN_POINT('',(0.0467105648912991,0.0055,-0.0249493843661832));
#6741=CARTESIAN_POINT('',(0.0467105648912991,0.0055,-0.0249493843661832));
#6742=CARTESIAN_POINT('',(0.0467105648912991,0.0055,-0.0246945205437949));
#6743=CARTESIAN_POINT('',(0.0467105648912991,0.0055,-0.0246945205437949));
#6744=CARTESIAN_POINT('',(0.0466317552596629,0.0055,-0.0396496188430912));
#6745=CARTESIAN_POINT('',(0.0449055649440284,0.0015,-0.361633136146366));
#6746=CARTESIAN_POINT('',(0.0467105648912991,0.00722206039730033,-0.0249493843661832));
#6747=CARTESIAN_POINT('',(0.0467105648912991,0.0055,-0.0249493843661832));
#6748=CARTESIAN_POINT('',(0.0467105648912991,0.0055,-0.0246945205437949));
#6749=CARTESIAN_POINT('',(0.0467105648912991,0.0055,-0.0246945205437949));
#6750=CARTESIAN_POINT('',(0.0467105648912991,0.00722206039730033,-0.0246945205437949));
#6751=CARTESIAN_POINT('',(0.0449055649440284,0.0015,-0.0246848437334575));
#6752=CARTESIAN_POINT('',(0.0476672205450311,0.00682665545548519,-0.0246996492837338));
#6753=CARTESIAN_POINT('',(0.0417948074068662,-0.0045,-0.0246681666079329));
#6754=CARTESIAN_POINT('',(-3.15465013395911E-18,0.,0.0258677099999989));
#6755=CARTESIAN_POINT('',(-0.0292900043433524,0.0146498501127632,0.0258677099999989));
#6756=CARTESIAN_POINT('',(-0.0305400043433524,0.0146498501127632,0.0258677099999989));
#6757=CARTESIAN_POINT('',(-0.0240327750290079,0.004,0.0258677099999989));
#6758=CARTESIAN_POINT('',(-0.0279611638301572,0.00475349945388494,0.0258677099999989));
#6759=CARTESIAN_POINT('',(-0.0280327750290079,0.004,0.0258677099999989));
#6760=CARTESIAN_POINT('',(-3.15465013395911E-18,0.004,0.0258677099999989));
#6761=CARTESIAN_POINT('',(-0.0380761929553104,0.004,0.0258677099999989));
#6762=CARTESIAN_POINT('',(-0.0370220969943071,0.00855933250487949,0.0258677099999989));
#6763=CARTESIAN_POINT('',(-0.0348718910351811,0.0178597228718996,0.0258677099999989));
#6764=CARTESIAN_POINT('',(-3.15465013395911E-18,0.0178597228718996,0.0258677099999989));
#6765=CARTESIAN_POINT('',(-0.0254472751373988,0.0178597228718996,0.0258677099999989));
#6766=CARTESIAN_POINT('',(-0.0278483683689008,0.00534156149498606,0.0258677099999989));
#6767=CARTESIAN_POINT('',(-3.15465013395911E-18,0.,0.0258677099999989));
#6768=CARTESIAN_POINT('',(-0.0516154479100043,0.0142784960492815,0.0258677099999989));
#6769=CARTESIAN_POINT('',(-0.0528654479100043,0.0142784960492815,0.0258677099999989));
#6770=CARTESIAN_POINT('',(-0.0493680513664744,0.0083269445908934,0.0258677099999989));
#6771=CARTESIAN_POINT('',(-0.0477849093747014,0.0177129365735646,0.0258677099999989));
#6772=CARTESIAN_POINT('',(-0.0500978802104118,0.004,0.0258677099999989));
#6773=CARTESIAN_POINT('',(-3.15465013395911E-18,0.004,0.0258677099999989));
#6774=CARTESIAN_POINT('',(-0.0579947410726608,0.004,0.0258677099999989));
#6775=CARTESIAN_POINT('',(-0.0574259054441757,0.00805523748623143,0.0258677099999989));
#6776=CARTESIAN_POINT('',(-0.0560712022119445,0.0177129365735646,0.0258677099999989));
#6777=CARTESIAN_POINT('',(-3.15465013395911E-18,0.0177129365735646,0.0258677099999989));
#6778=CARTESIAN_POINT('',(-3.98462611309313E-18,0.,0.0283677099999989));
#6779=CARTESIAN_POINT('',(-0.0516154479100044,0.0142784960492815,0.0283677099999989));
#6780=CARTESIAN_POINT('',(-0.0537654479100044,0.0142784960492815,0.0283677099999989));
#6781=CARTESIAN_POINT('',(-0.0574259054441757,0.00805523748623143,0.0283677099999989));
#6782=CARTESIAN_POINT('',(-0.0580726827678143,0.00344435251925317,0.0283677099999989));
#6783=CARTESIAN_POINT('',(-0.0560712022119445,0.0177129365735646,0.0283677099999989));
#6784=CARTESIAN_POINT('',(-0.0620339017566029,0.004,0.0283677099999989));
#6785=CARTESIAN_POINT('',(-0.0593881504455383,0.001,0.0283677099999989));
#6786=CARTESIAN_POINT('',(-0.0593881504455383,0.001,0.0283677099999989));
#6787=CARTESIAN_POINT('',(-0.0590639524957269,0.001,0.0283677099999989));
#6788=CARTESIAN_POINT('',(-0.0587397545459154,0.001,0.0283677099999989));
#6789=CARTESIAN_POINT('',(-0.058415556596104,0.001,0.0283677099999989));
#6790=CARTESIAN_POINT('',(-0.0584155565961041,0.001,0.0283677099999989));
#6791=CARTESIAN_POINT('',(-0.0584155565961042,0.001,0.0283677099999989));
#6792=CARTESIAN_POINT('',(-0.0558116685172661,0.001,0.0283677099999989));
#6793=CARTESIAN_POINT('',(-0.0532077804384279,0.001,0.0283677099999989));
#6794=CARTESIAN_POINT('',(-0.0506038923595898,0.001,0.0283677099999989));
#6795=CARTESIAN_POINT('',(-0.0506038923595898,0.001,0.0283677099999989));
#6796=CARTESIAN_POINT('',(-0.0493680513664744,0.0083269445908934,0.0283677099999989));
#6797=CARTESIAN_POINT('',(-0.0477849093747014,0.0177129365735646,0.0283677099999989));
#6798=CARTESIAN_POINT('',(-3.50580873233498E-18,0.0177129365735646,0.0283677099999989));
#6799=CARTESIAN_POINT('',(-3.98462611309313E-18,0.,0.0283677099999989));
#6800=CARTESIAN_POINT('',(-0.0292900043433525,0.0146498501127632,0.0283677099999989));
#6801=CARTESIAN_POINT('',(-0.0314400043433525,0.0146498501127632,0.0283677099999989));
#6802=CARTESIAN_POINT('',(-0.0370220969943071,0.00855933250487949,0.0283677099999989));
#6803=CARTESIAN_POINT('',(-0.0348718910351811,0.0178597228718996,0.0283677099999989));
#6804=CARTESIAN_POINT('',(-0.0382845031569945,0.00309898575767962,0.0283677099999989));
#6805=CARTESIAN_POINT('',(-0.0421817038620052,0.004,0.0283677099999989));
#6806=CARTESIAN_POINT('',(-0.0395359525509406,0.001,0.0283677099999989));
#6807=CARTESIAN_POINT('',(-0.0395359525509406,0.001,0.0283677099999989));
#6808=CARTESIAN_POINT('',(-0.0392805612564972,0.001,0.0283677099999989));
#6809=CARTESIAN_POINT('',(-0.0390251699620538,0.001,0.0283677099999989));
#6810=CARTESIAN_POINT('',(-0.0387697786676104,0.001,0.0283677099999989));
#6811=CARTESIAN_POINT('',(-0.0387697786676104,0.000999999999999989,0.0283677099999989));
#6812=CARTESIAN_POINT('',(-0.0387697786676104,0.001,0.0283677099999989));
#6813=CARTESIAN_POINT('',(-0.0354068917691163,0.001,0.0283677099999989));
#6814=CARTESIAN_POINT('',(-0.0320440048706223,0.001,0.0283677099999989));
#6815=CARTESIAN_POINT('',(-0.0286811179721282,0.001,0.0283677099999989));
#6816=CARTESIAN_POINT('',(-0.0286811179721282,0.001,0.0283677099999989));
#6817=CARTESIAN_POINT('',(-0.0286811179721282,0.001,0.0283677099999989));
#6818=CARTESIAN_POINT('',(-0.0280135874281096,0.001,0.0283677099999989));
#6819=CARTESIAN_POINT('',(-0.0273460568840911,0.001,0.0283677099999989));
#6820=CARTESIAN_POINT('',(-0.0266785263400725,0.001,0.0283677099999989));
#6821=CARTESIAN_POINT('',(-0.0266785263400725,0.001,0.0283677099999989));
#6822=CARTESIAN_POINT('',(-0.0240327750290079,0.004,0.0283677099999989));
#6823=CARTESIAN_POINT('',(-0.0279611638301572,0.00475349945388494,0.0283677099999989));
#6824=CARTESIAN_POINT('',(-0.0278483683689008,0.00534156149498606,0.0283677099999989));
#6825=CARTESIAN_POINT('',(-0.0254472751373988,0.0178597228718996,0.0283677099999989));
#6826=CARTESIAN_POINT('',(-3.50580873233498E-18,0.0178597228718996,0.0283677099999989));
#6827=CARTESIAN_POINT('',(-0.0203500001192093,-0.002,0.00849999997019651));
#6828=CARTESIAN_POINT('',(-0.0203500001192093,-0.002,0.00849999997019651));
#6829=CARTESIAN_POINT('',(-0.0214000001342093,-0.002,0.00849999997019651));
#6830=CARTESIAN_POINT('',(-0.0203500001192093,-0.002,0.00616666663686317));
#6831=CARTESIAN_POINT('',(-0.0203500001192093,-0.002,0.00616666663686317));
#6832=CARTESIAN_POINT('',(-0.0214000001342093,-0.002,0.00616666663686317));
#6833=CARTESIAN_POINT('',(-0.0203500001192093,-0.002,0.00383333330352984));
#6834=CARTESIAN_POINT('',(-0.0203500001192093,-0.002,0.00383333330352984));
#6835=CARTESIAN_POINT('',(-0.0214000001342093,-0.002,0.00383333330352984));
#6836=CARTESIAN_POINT('',(-0.0203500001192093,-0.002,0.00149999997019651));
#6837=CARTESIAN_POINT('',(-0.0203500001192093,-0.002,0.00149999997019651));
#6838=CARTESIAN_POINT('',(-0.0214000001342093,-0.002,0.00149999997019651));
#6839=CARTESIAN_POINT('',(-0.0265499998360873,-0.002,0.0185000001192082));
#6840=CARTESIAN_POINT('',(-0.0265499998360873,-0.002,0.0185000001192082));
#6841=CARTESIAN_POINT('',(-0.0275999998360873,-0.002,0.0185000001192082));
#6842=CARTESIAN_POINT('',(-0.0265499998360873,-0.002,0.0155000001192082));
#6843=CARTESIAN_POINT('',(-0.0265499998360873,-0.002,0.0155000001192082));
#6844=CARTESIAN_POINT('',(-0.0275999998360873,-0.002,0.0155000001192082));
#6845=CARTESIAN_POINT('',(-0.0290499998807908,-0.002,0.00849999997019653));
#6846=CARTESIAN_POINT('',(-0.0290499998807908,-0.002,0.00849999997019653));
#6847=CARTESIAN_POINT('',(-0.0300999998957908,-0.002,0.00849999997019653));
#6848=CARTESIAN_POINT('',(-0.0290499998807908,-0.002,0.00616666663686319));
#6849=CARTESIAN_POINT('',(-0.0290499998807908,-0.002,0.00616666663686319));
#6850=CARTESIAN_POINT('',(-0.0300999998957908,-0.002,0.00616666663686319));
#6851=CARTESIAN_POINT('',(-0.0290499998807907,-0.002,0.00383333330352986));
#6852=CARTESIAN_POINT('',(-0.0290499998807907,-0.002,0.00383333330352986));
#6853=CARTESIAN_POINT('',(-0.0300999998957907,-0.002,0.00383333330352986));
#6854=CARTESIAN_POINT('',(-0.0290499998807907,-0.002,0.00149999997019653));
#6855=CARTESIAN_POINT('',(-0.0290499998807907,-0.002,0.00149999997019653));
#6856=CARTESIAN_POINT('',(-0.0300999998957907,-0.002,0.00149999997019653));
#6857=CARTESIAN_POINT('',(-0.0450500001192093,-0.002,0.00849999997019651));
#6858=CARTESIAN_POINT('',(-0.0450500001192093,-0.002,0.00849999997019651));
#6859=CARTESIAN_POINT('',(-0.0461000001342093,-0.002,0.00849999997019651));
#6860=CARTESIAN_POINT('',(-0.0450500001192093,-0.002,0.00616666663686317));
#6861=CARTESIAN_POINT('',(-0.0450500001192093,-0.002,0.00616666663686317));
#6862=CARTESIAN_POINT('',(-0.0461000001342093,-0.002,0.00616666663686317));
#6863=CARTESIAN_POINT('',(-0.0450500001192093,-0.002,0.00383333330352984));
#6864=CARTESIAN_POINT('',(-0.0450500001192093,-0.002,0.00383333330352984));
#6865=CARTESIAN_POINT('',(-0.0461000001342093,-0.002,0.00383333330352984));
#6866=CARTESIAN_POINT('',(-0.0450500001192093,-0.002,0.00149999997019651));
#6867=CARTESIAN_POINT('',(-0.0450500001192093,-0.002,0.00149999997019651));
#6868=CARTESIAN_POINT('',(-0.0461000001342093,-0.002,0.00149999997019651));
#6869=CARTESIAN_POINT('',(-0.0741,-0.002,0.0209999999999989));
#6870=CARTESIAN_POINT('',(-0.0741,-0.0045,0.0153677099999989));
#6871=CARTESIAN_POINT('',(-0.0741,-0.0045,0.0166270447316635));
#6872=CARTESIAN_POINT('',(-0.0741,-0.00439335821917057,0.0184409340544353));
#6873=CARTESIAN_POINT('',(-0.0741,-0.00407988297841139,0.0204342654144223));
#6874=CARTESIAN_POINT('',(-0.0741,-0.00387831711392393,0.021391638376082));
#6875=CARTESIAN_POINT('',(-0.0741,-0.00374649942922312,0.0219409563724222));
#6876=CARTESIAN_POINT('',(-0.0741,-0.00365010872942069,0.0223160959242991));
#6877=CARTESIAN_POINT('',(-0.0741,-0.00351198165131567,0.0228099525656034));
#6878=CARTESIAN_POINT('',(-0.0741,-0.00332971028718653,0.0234001724998369));
#6879=CARTESIAN_POINT('',(-0.0741,-0.00307957000440874,0.0241131671283242));
#6880=CARTESIAN_POINT('',(-0.0741,-0.00280385496712506,0.0247706979263834));
#6881=CARTESIAN_POINT('',(-0.0741,-0.00260148764851653,0.0251968566010175));
#6882=CARTESIAN_POINT('',(-0.0741,-0.00247585702369316,0.0254435228809125));
#6883=CARTESIAN_POINT('',(-0.0741,-0.00239742578165458,0.0255928423465764));
#6884=CARTESIAN_POINT('',(-0.0741,-0.00224958306449461,0.0258593188234433));
#6885=CARTESIAN_POINT('',(-0.0741,-0.00207320899102984,0.0261556086032552));
#6886=CARTESIAN_POINT('',(-0.0741,-0.00174640449012935,0.0266571530073514));
#6887=CARTESIAN_POINT('',(-0.0741,-0.00126468665627742,0.0272548900435779));
#6888=CARTESIAN_POINT('',(-0.0741,-0.000651229075359959,0.0278042577043623));
#6889=CARTESIAN_POINT('',(-0.0741,-0.000220774330759324,0.0280545417136307));
#6890=CARTESIAN_POINT('',(-0.0741,0.,0.0281510281584621));
#6891=CARTESIAN_POINT('',(-0.0741,0.0255,-0.0188234660211905));
#6892=CARTESIAN_POINT('',(-0.0512499998360873,-0.002,0.0185000001192081));
#6893=CARTESIAN_POINT('',(-0.0512499998360873,-0.002,0.0185000001192081));
#6894=CARTESIAN_POINT('',(-0.0522999998360873,-0.002,0.0185000001192081));
#6895=CARTESIAN_POINT('',(-0.0512499998360873,-0.002,0.0155000001192081));
#6896=CARTESIAN_POINT('',(-0.0512499998360873,-0.002,0.0155000001192081));
#6897=CARTESIAN_POINT('',(-0.0522999998360873,-0.002,0.0155000001192081));
#6898=CARTESIAN_POINT('',(-0.0537499998807908,-0.002,0.00849999997019653));
#6899=CARTESIAN_POINT('',(-0.0537499998807908,-0.002,0.00849999997019653));
#6900=CARTESIAN_POINT('',(-0.0547999998957908,-0.002,0.00849999997019653));
#6901=CARTESIAN_POINT('',(-0.0537499998807908,-0.002,0.00616666663686319));
#6902=CARTESIAN_POINT('',(-0.0537499998807908,-0.002,0.00616666663686319));
#6903=CARTESIAN_POINT('',(-0.0547999998957908,-0.002,0.00616666663686319));
#6904=CARTESIAN_POINT('',(-0.0537499998807907,-0.002,0.00383333330352986));
#6905=CARTESIAN_POINT('',(-0.0537499998807907,-0.002,0.00383333330352986));
#6906=CARTESIAN_POINT('',(-0.0547999998957907,-0.002,0.00383333330352986));
#6907=CARTESIAN_POINT('',(-0.0537499998807907,-0.002,0.00149999997019653));
#6908=CARTESIAN_POINT('',(-0.0537499998807907,-0.002,0.00149999997019653));
#6909=CARTESIAN_POINT('',(-0.0547999998957907,-0.002,0.00149999997019653));
#6910=CARTESIAN_POINT('',(-0.0697500001192093,-0.002,0.00849999997019651));
#6911=CARTESIAN_POINT('',(-0.0697500001192093,-0.002,0.00849999997019651));
#6912=CARTESIAN_POINT('',(-0.0708000001342093,-0.002,0.00849999997019651));
#6913=CARTESIAN_POINT('',(-0.0697500001192093,-0.002,0.00616666663686317));
#6914=CARTESIAN_POINT('',(-0.0697500001192093,-0.002,0.00616666663686317));
#6915=CARTESIAN_POINT('',(-0.0708000001342093,-0.002,0.00616666663686317));
#6916=CARTESIAN_POINT('',(-0.0697500001192093,-0.002,0.00383333330352984));
#6917=CARTESIAN_POINT('',(-0.0697500001192093,-0.002,0.00383333330352984));
#6918=CARTESIAN_POINT('',(-0.0708000001342093,-0.002,0.00383333330352984));
#6919=CARTESIAN_POINT('',(-0.0697500001192093,-0.002,0.00149999997019651));
#6920=CARTESIAN_POINT('',(-0.0697500001192093,-0.002,0.00149999997019651));
#6921=CARTESIAN_POINT('',(-0.0708000001342093,-0.002,0.00149999997019651));
#6922=CARTESIAN_POINT('',(0.,-0.002,0.));
#6923=CARTESIAN_POINT('',(0.,-0.002,0.));
#6924=CARTESIAN_POINT('',(0.,-0.002,0.));
#6925=CARTESIAN_POINT('',(0.,-0.002,0.));
#6926=CARTESIAN_POINT('',(0.,-0.002,0.));
#6927=CARTESIAN_POINT('',(0.,-0.002,0.));
#6928=CARTESIAN_POINT('',(0.,-0.002,0.));
#6929=CARTESIAN_POINT('',(0.,-0.002,0.));
#6930=CARTESIAN_POINT('',(0.,-0.002,0.));
#6931=CARTESIAN_POINT('',(0.,-0.002,0.));
#6932=CARTESIAN_POINT('',(0.,-0.002,0.));
#6933=CARTESIAN_POINT('',(0.,-0.002,0.));
#6934=CARTESIAN_POINT('',(0.,-0.002,0.));
#6935=CARTESIAN_POINT('',(0.,-0.002,0.));
#6936=CARTESIAN_POINT('',(0.,-0.002,0.));
#6937=CARTESIAN_POINT('',(0.,-0.002,0.));
#6938=CARTESIAN_POINT('',(0.,-0.002,0.));
#6939=CARTESIAN_POINT('',(0.,-0.002,0.));
#6940=CARTESIAN_POINT('',(0.,-0.002,0.));
#6941=CARTESIAN_POINT('',(0.,-0.002,0.));
#6942=CARTESIAN_POINT('',(0.,-0.002,0.));
#6943=CARTESIAN_POINT('',(0.,-0.002,0.));
#6944=CARTESIAN_POINT('',(0.,-0.002,0.));
#6945=CARTESIAN_POINT('',(0.,-0.002,0.));
#6946=CARTESIAN_POINT('',(-3.98462611309313E-18,0.,0.0283677099999989));
#6947=CARTESIAN_POINT('',(-0.0102350344718218,0.0143372511702754,0.0283677099999989));
#6948=CARTESIAN_POINT('',(-0.0123850344718218,0.0143372511702754,0.0283677099999989));
#6949=CARTESIAN_POINT('',(-0.0180949082415501,0.00331509760377924,0.0283677099999989));
#6950=CARTESIAN_POINT('',(-0.0154307771418798,0.0178568135813229,0.0283677099999989));
#6951=CARTESIAN_POINT('',(-0.0181014898764729,0.00327917284552393,0.0283677099999989));
#6952=CARTESIAN_POINT('',(-0.0220360048673416,0.004,0.0283677099999989));
#6953=CARTESIAN_POINT('',(-0.019390253556277,0.001,0.0283677099999989));
#6954=CARTESIAN_POINT('',(-0.019390253556277,0.001,0.0283677099999989));
#6955=CARTESIAN_POINT('',(-0.0190998517872294,0.001,0.0283677099999989));
#6956=CARTESIAN_POINT('',(-0.0188094500181817,0.001,0.0283677099999989));
#6957=CARTESIAN_POINT('',(-0.0185190482491341,0.001,0.0283677099999989));
#6958=CARTESIAN_POINT('',(-0.0185190482491341,0.001,0.0283677099999989));
#6959=CARTESIAN_POINT('',(-0.0185190482491341,0.001,0.0283677099999989));
#6960=CARTESIAN_POINT('',(-0.0153603776415203,0.001,0.0283677099999989));
#6961=CARTESIAN_POINT('',(-0.0122017070339066,0.001,0.0283677099999989));
#6962=CARTESIAN_POINT('',(-0.00904303642629283,0.001,0.0283677099999989));
#6963=CARTESIAN_POINT('',(-0.00904303642629298,0.001,0.0283677099999989));
#6964=CARTESIAN_POINT('',(-0.00904303642629297,0.001,0.0283677099999989));
#6965=CARTESIAN_POINT('',(-0.00838622245337831,0.001,0.0283677099999989));
#6966=CARTESIAN_POINT('',(-0.00772940848046364,0.001,0.0283677099999989));
#6967=CARTESIAN_POINT('',(-0.00707259450754897,0.001,0.0283677099999989));
#6968=CARTESIAN_POINT('',(-0.00707259450754897,0.001,0.0283677099999989));
#6969=CARTESIAN_POINT('',(-0.00442684319648437,0.004,0.0283677099999989));
#6970=CARTESIAN_POINT('',(-0.008361358187353,0.00472082715447607,0.0283677099999989));
#6971=CARTESIAN_POINT('',(-0.00892662503828128,0.00163541217668573,0.0283677099999989));
#6972=CARTESIAN_POINT('',(-0.00595279121153232,0.0178675889184188,0.0283677099999989));
#6973=CARTESIAN_POINT('',(-2.03209805823141E-5,0.0178743334279611,0.0283677099999989));
#6974=CARTESIAN_POINT('',(-0.0370220969943071,0.00855933250487949,0.0258677099999989));
#6975=CARTESIAN_POINT('',(-0.0380761929553104,0.004,0.0218677099999989));
#6976=CARTESIAN_POINT('',(-0.0382845031569945,0.00309898575767962,0.0257649107050096));
#6977=CARTESIAN_POINT('',(-0.0382845031569945,0.00309898575767962,0.0281510281584621));
#6978=CARTESIAN_POINT('',(-0.0348718910351811,0.0178597228718996,0.0258677099999989));
#6979=CARTESIAN_POINT('',(-3.15465013395911E-18,0.0178597228718996,0.0258677099999989));
#6980=CARTESIAN_POINT('',(-0.0254472751373988,0.0178597228718996,0.0258677099999989));
#6981=CARTESIAN_POINT('',(-0.0278483683689008,0.00534156149498606,0.0258677099999989));
#6982=CARTESIAN_POINT('',(-0.0279611638301572,0.00475349945388494,0.0258677099999989));
#6983=CARTESIAN_POINT('',(-0.0180949082415501,0.00331509760377924,0.0258677099999989));
#6984=CARTESIAN_POINT('',(-0.0180949082415501,0.00331509760377924,0.0258677099999989));
#6985=CARTESIAN_POINT('',(-0.0154307771418798,0.0178568135813229,0.0258677099999989));
#6986=CARTESIAN_POINT('',(-0.0179694299433335,0.004,0.0258677099999989));
#6987=CARTESIAN_POINT('',(-0.0179694299433335,0.004,0.0218677099999989));
#6988=CARTESIAN_POINT('',(-0.0181014898764729,0.00327917284552393,0.0258022249908675));
#6989=CARTESIAN_POINT('',(-0.0181014898764729,0.00327917284552393,0.0281510281584621));
#6990=CARTESIAN_POINT('',(-0.0154307771418798,0.0178568135813229,0.0258677099999989));
#6991=CARTESIAN_POINT('',(-2.03209805823138E-5,0.0178743334279611,0.0258677099999989));
#6992=CARTESIAN_POINT('',(-0.00595279121153232,0.0178675889184188,0.0258677099999989));
#6993=CARTESIAN_POINT('',(-0.00595279121153232,0.0178675889184188,0.0258677099999989));
#6994=CARTESIAN_POINT('',(-2.03209805823138E-5,0.0178743334279611,0.0258677099999989));
#6995=CARTESIAN_POINT('',(-0.00892662503828128,0.00163541217668573,0.0258677099999989));
#6996=CARTESIAN_POINT('',(-0.008361358187353,0.00472082715447607,0.0258677099999989));
#6997=CARTESIAN_POINT('',(-0.008361358187353,0.00472082715447607,0.0258677099999989));
#6998=CARTESIAN_POINT('',(-0.00892662503828128,0.00163541217668573,0.0258677099999989));
#6999=CARTESIAN_POINT('',(-0.0574259054441757,0.00805523748623143,0.0258677099999989));
#7000=CARTESIAN_POINT('',(-0.0579947410726608,0.004,0.0218677099999989));
#7001=CARTESIAN_POINT('',(-0.0580726827678143,0.00344435251925317,0.0258289289887875));
#7002=CARTESIAN_POINT('',(-0.0580726827678143,0.00344435251925317,0.0258677099999989));
#7003=CARTESIAN_POINT('',(-0.0560712022119445,0.0177129365735646,0.0258677099999989));
#7004=CARTESIAN_POINT('',(-3.15465013395911E-18,0.0177129365735646,0.0258677099999989));
#7005=CARTESIAN_POINT('',(-0.0477849093747014,0.0177129365735646,0.0258677099999989));
#7006=CARTESIAN_POINT('',(-0.0493680513664744,0.0083269445908934,0.0258677099999989));
#7007=CARTESIAN_POINT('',(-0.0506038923595898,0.000999999999999995,0.0283677099999989));
#7008=CARTESIAN_POINT('',(-0.0506429125422962,0.000768660597755786,0.0283677099999989));
#7009=CARTESIAN_POINT('',(-0.0506817253152491,0.000538550868082603,0.0283334574766176));
#7010=CARTESIAN_POINT('',(-0.0507203306784485,0.000309670810980446,0.028264952429855));
#7011=CARTESIAN_POINT('',(-0.0507206465084123,0.000309726444389088,0.0282649445377762));
#7012=CARTESIAN_POINT('',(-0.0507203302293937,0.000309673473296326,0.0258677099999989));
#7013=CARTESIAN_POINT('',(-0.0507203302293937,0.000309673473296326,0.0234109177391925));
#7014=CARTESIAN_POINT('',(-0.0500978802104118,0.004,0.0218677099999989));
#7015=CARTESIAN_POINT('',(-3.15465013395911E-18,0.,0.0258677099999989));
#7016=CARTESIAN_POINT('',(-0.0102350344718217,0.0143372511702754,0.0258677099999989));
#7017=CARTESIAN_POINT('',(-0.0114850344718217,0.0143372511702754,0.0258677099999989));
#7018=CARTESIAN_POINT('',(-0.00442684319648437,0.004,0.0258677099999989));
#7019=CARTESIAN_POINT('',(-0.00842684319648437,0.004,0.0258677099999989));
#7020=CARTESIAN_POINT('',(-3.15465013395911E-18,0.004,0.0258677099999989));
#7021=CARTESIAN_POINT('',(-0.0607609132618318,0.0255,-0.00729026086985818));
#7022=CARTESIAN_POINT('',(-0.0646042106928872,0.,-0.0245));
#7023=CARTESIAN_POINT('',(0.0348917662115325,-8.67361737988404E-19,0.194016818579792));
#7024=CARTESIAN_POINT('',(-0.0364611001202359,-2.49999959960875E-10,-0.0352381004266254));
#7025=CARTESIAN_POINT('',(-0.0364611001202359,-0.00050000008333332,-0.0352381004266254));
#7026=CARTESIAN_POINT('',(-0.0364611001202359,-0.000999999916666681,-0.0352381004266254));
#7027=CARTESIAN_POINT('',(-0.0364611001202359,-0.00149999975000004,-0.0352381004266254));
#7028=CARTESIAN_POINT('',(-0.0364610758463818,-0.00149999975000004,-0.0352379900706339));
#7029=CARTESIAN_POINT('',(-0.0364611001202362,-0.0015,-0.0352381004266261));
#7030=CARTESIAN_POINT('',(-0.0364611001202362,-0.0016242351251744,-0.0352381004266261));
#7031=CARTESIAN_POINT('',(-0.0366263567105178,-0.00182544867968159,-0.0351866676186248));
#7032=CARTESIAN_POINT('',(-0.0370244939267241,-0.00206787831242587,-0.0350621664818997));
#7033=CARTESIAN_POINT('',(-0.0375653711242737,-0.00228395247586997,-0.0348918393411381));
#7034=CARTESIAN_POINT('',(-0.0382294904414841,-0.00248768310079268,-0.0346805675638222));
#7035=CARTESIAN_POINT('',(-0.0391217151641027,-0.00271680712099183,-0.0343938652325918));
#7036=CARTESIAN_POINT('',(-0.0402460090445999,-0.00295399840953725,-0.0340271280393167));
#7037=CARTESIAN_POINT('',(-0.0416021558870532,-0.00319546549893806,-0.0335758269065808));
#7038=CARTESIAN_POINT('',(-0.042958300800351,-0.00340595893196424,-0.0331155237935036));
#7039=CARTESIAN_POINT('',(-0.0447649942526481,-0.00365486381920446,-0.0324902463193535));
#7040=CARTESIAN_POINT('',(-0.0470200069116916,-0.00391660842281369,-0.031687117064565));
#7041=CARTESIAN_POINT('',(-0.0497193715496016,-0.00416540343984234,-0.0306891467818895));
#7042=CARTESIAN_POINT('',(-0.0524118295091434,-0.0043510757652702,-0.0296568473698684));
#7043=CARTESIAN_POINT('',(-0.0550977052432949,-0.00447034043849541,-0.0285898671650644));
#7044=CARTESIAN_POINT('',(-0.0568839464826287,-0.0045,-0.0278552168178935));
#7045=CARTESIAN_POINT('',(-0.0577746025250275,-0.0045,-0.0274826024749333));
#7046=CARTESIAN_POINT('',(0.00261693406931456,-8.67361737988404E-19,0.142421992452774));
#7047=CARTESIAN_POINT('',(-0.00357168986026457,-0.00396277070733649,-0.0393796029039173));
#7048=CARTESIAN_POINT('',(-0.00527395519239066,-0.00238111195722615,-0.039321656877931));
#7049=CARTESIAN_POINT('',(-0.00756342183534148,-0.0015,-0.0392145972556747));
#7050=CARTESIAN_POINT('',(-0.00987554093380221,-0.0015,-0.039055436470705));
#7051=CARTESIAN_POINT('',(-0.00357169952328531,-0.00396277070733648,-0.0393798867719632));
#7052=CARTESIAN_POINT('',(-0.00987552786907907,-0.0015,-0.0390552466802616));
#7053=CARTESIAN_POINT('',(-0.00987554093380221,-0.0015,-0.039055436470705));
#7054=CARTESIAN_POINT('',(-0.0188152716651676,-0.0015,-0.0384400466486282));
#7055=CARTESIAN_POINT('',(-0.0277093768966971,-0.0015,-0.0371628941433844));
#7056=CARTESIAN_POINT('',(-0.0364610515725351,-0.0015,-0.0352378797146776));
#7057=CARTESIAN_POINT('',(-0.00355138135147077,-0.00390072732041735,-0.0393802930808506));
#7058=CARTESIAN_POINT('',(-0.00355147052848928,-0.00392774732385036,-0.0393802900551902));
#7059=CARTESIAN_POINT('',(-0.00355824005679511,-0.00394842845282347,-0.0393800607424496));
#7060=CARTESIAN_POINT('',(-0.00357168986026422,-0.0039627707073367,-0.0393796029039173));
#7061=CARTESIAN_POINT('',(0.00463508027056819,-0.0045,0.0153677099999989));
#7062=CARTESIAN_POINT('',(-0.0741,-0.0045,0.0153677099999989));
#7063=CARTESIAN_POINT('',(0.0046350802705682,-0.0045,0.0168997746925697));
#7064=CARTESIAN_POINT('',(-0.0741,-0.0045,0.0168997746925697));
#7065=CARTESIAN_POINT('',(0.00463508027056819,-0.00426507622667016,0.0202095221478453));
#7066=CARTESIAN_POINT('',(-0.0741,-0.00426507622667016,0.0202095221478453));
#7067=CARTESIAN_POINT('',(0.00463508027056812,-0.00300524714171465,0.0248346577895062));
#7068=CARTESIAN_POINT('',(-0.0741000000000001,-0.00300524714171465,0.0248346577895062));
#7069=CARTESIAN_POINT('',(0.00463508027056811,-0.00104845898562733,0.0278124356266738));
#7070=CARTESIAN_POINT('',(-0.0741000000000001,-0.00104845898562733,0.0278124356266738));
#7071=CARTESIAN_POINT('',(0.0046350802705682,0.000351818783912332,0.0283677099999989));
#7072=CARTESIAN_POINT('',(-0.0741,0.000351818783912332,0.0283677099999989));
#7073=CARTESIAN_POINT('',(0.00463508027056826,0.001,0.0283677099999989));
#7074=CARTESIAN_POINT('',(-0.0741,0.001,0.0283677099999989));
#7075=CARTESIAN_POINT('',(-0.000334512653510749,1.65597643204344E-15,0.0281510281584628));
#7076=CARTESIAN_POINT('',(-0.000334512653510748,-0.000612482190889766,0.0278833510742737));
#7077=CARTESIAN_POINT('',(-0.000334512653510746,-0.00160101901968455,0.0269751416004294));
#7078=CARTESIAN_POINT('',(-0.000334512653510749,-0.00296009278255214,0.0247037812095142));
#7079=CARTESIAN_POINT('',(-0.000334512653510741,-0.00354588351658439,0.0228290724320119));
#7080=CARTESIAN_POINT('',(-0.000334512653510741,-0.00383890527934756,0.0215471594736669));
#7081=CARTESIAN_POINT('',(-0.000334512653517492,-0.00383890527978452,0.0215471594717553));
#7082=CARTESIAN_POINT('',(-0.00442684319648438,1.65626602448037E-15,0.0281510281584628));
#7083=CARTESIAN_POINT('',(-0.00491463677477309,1.65694732441528E-15,0.0281510281584628));
#7084=CARTESIAN_POINT('',(-0.00587101974426386,0.000177883026808973,0.0282385237213475));
#7085=CARTESIAN_POINT('',(-0.0067066434323483,0.000677261488513933,0.0283677099995214));
#7086=CARTESIAN_POINT('',(-0.00707259450364554,0.000999999996557493,0.0283677099999989));
#7087=CARTESIAN_POINT('',(-0.019390253556277,0.00099999999138814,0.0283677099999989));
#7088=CARTESIAN_POINT('',(-0.0197565999974326,0.000676912799985179,0.0283677099976074));
#7089=CARTESIAN_POINT('',(-0.0205886975438282,0.000179154928542003,0.0282388766785791));
#7090=CARTESIAN_POINT('',(-0.0215482720869302,3.06514887632216E-17,0.0281510281584622));
#7091=CARTESIAN_POINT('',(-0.0220360048673414,-2.89592436920721E-19,0.0281510281584621));
#7092=CARTESIAN_POINT('',(-0.0240327750290079,1.65699000557267E-15,0.0281510281584628));
#7093=CARTESIAN_POINT('',(-0.0245205686072966,1.65695089395166E-15,0.0281510281584628));
#7094=CARTESIAN_POINT('',(-0.0254769515767874,0.000177883026808971,0.0282385237213475));
#7095=CARTESIAN_POINT('',(-0.0263125752648718,0.000677261488513937,0.0283677099995214));
#7096=CARTESIAN_POINT('',(-0.0266785263361691,0.000999999996557497,0.0283677099999989));
#7097=CARTESIAN_POINT('',(-0.0395359525509406,0.000999999991388115,0.0283677099999989));
#7098=CARTESIAN_POINT('',(-0.0399022989920962,0.000676912799985162,0.0283677099976074));
#7099=CARTESIAN_POINT('',(-0.0407343965384918,0.000179154928541947,0.0282388766785791));
#7100=CARTESIAN_POINT('',(-0.0416939710815938,1.88063477046645E-17,0.0281510281584622));
#7101=CARTESIAN_POINT('',(-0.0421817038620049,-2.89592436920721E-19,0.0281510281584621));
#7102=CARTESIAN_POINT('',(-0.0507602049904872,1.65562960247733E-15,0.0281510281584628));
#7103=CARTESIAN_POINT('',(-0.0507511515711278,0.000101431525913557,0.0281953574393868));
#7104=CARTESIAN_POINT('',(-0.0507380498936389,0.000204620396710094,0.028233490207915));
#7105=CARTESIAN_POINT('',(-0.0507203284649389,0.000309683934155115,0.0282649072997918));
#7106=CARTESIAN_POINT('',(-0.0593881504455383,0.000999999991388139,0.0283677099999989));
#7107=CARTESIAN_POINT('',(-0.0597544968866939,0.000676912799985168,0.0283677099976074));
#7108=CARTESIAN_POINT('',(-0.0605865944330896,0.00017915492854198,0.0282388766785791));
#7109=CARTESIAN_POINT('',(-0.0615461689761915,2.47289182339438E-17,0.0281510281584622));
#7110=CARTESIAN_POINT('',(-0.0620339017566027,-2.89592436920721E-19,0.0281510281584621));
#7111=CARTESIAN_POINT('',(0.00416548734648925,-0.0045,0.0153677100000037));
#7112=CARTESIAN_POINT('',(0.00292638225531947,-0.0045,0.0153677100000037));
#7113=CARTESIAN_POINT('',(0.000493137828135546,-0.00452008765865644,0.016319682364947));
#7114=CARTESIAN_POINT('',(-0.000687003148765976,-0.00435015908354438,0.0186493808144267));
#7115=CARTESIAN_POINT('',(-0.000809449839050208,-0.00415997769591929,0.0198677100000614));
#7116=CARTESIAN_POINT('',(-0.000809449839045519,-0.00415997769593165,0.0198677099999822));
#7117=CARTESIAN_POINT('',(-0.000809449839045523,-0.00415997769591907,0.0198677100000628));
#7118=CARTESIAN_POINT('',(-0.000750088916024212,-0.00406777967339952,0.0204583437266001));
#7119=CARTESIAN_POINT('',(-0.000590914391260017,-0.00395991716081746,0.0210177561368297));
#7120=CARTESIAN_POINT('',(-0.000334512652633214,-0.00383890527936717,0.0215471594735811));
#7121=CARTESIAN_POINT('',(-0.0292900043433521,0.0146498501127632,0.0213677100000054));
#7122=CARTESIAN_POINT('',(-0.0292900043433524,0.0146498501127632,0.0266177100000054));
#7123=CARTESIAN_POINT('',(-0.0280400043433524,0.0146498501127632,0.0266177100000055));
#7124=CARTESIAN_POINT('',(-0.0292900043433524,0.0146498501127632,0.0266177100000054));
#7125=CARTESIAN_POINT('',(-0.0292900043433524,0.0146498501127632,0.0266177100000054));
#7126=CARTESIAN_POINT('',(-0.0292900043433524,0.0124998501127632,0.0266177100000054));
#7127=CARTESIAN_POINT('',(-0.0292900043433524,0.0146498501127632,0.0266177100000054));
#7128=CARTESIAN_POINT('',(-0.051615447910004,0.0142784960492815,0.0213677100000041));
#7129=CARTESIAN_POINT('',(-0.0516154479100043,0.0142784960492815,0.0266177100000041));
#7130=CARTESIAN_POINT('',(-0.0503654479100043,0.0142784960492815,0.0266177100000042));
#7131=CARTESIAN_POINT('',(-0.0516154479100043,0.0142784960492815,0.0266177100000041));
#7132=CARTESIAN_POINT('',(-0.0516154479100043,0.0142784960492815,0.0266177100000041));
#7133=CARTESIAN_POINT('',(-0.0516154479100043,0.0121284960492815,0.0266177100000041));
#7134=CARTESIAN_POINT('',(-0.0516154479100043,0.0142784960492815,0.0266177100000041));
#7135=CARTESIAN_POINT('',(-0.0102350344718214,0.0143372511702754,0.0213677100000065));
#7136=CARTESIAN_POINT('',(-0.0102350344718217,0.0143372511702754,0.0266177100000065));
#7137=CARTESIAN_POINT('',(-0.0089850344718217,0.0143372511702754,0.0266177100000066));
#7138=CARTESIAN_POINT('',(-0.0102350344718217,0.0143372511702754,0.0266177100000065));
#7139=CARTESIAN_POINT('',(-0.0102350344718217,0.0143372511702754,0.0266177100000065));
#7140=CARTESIAN_POINT('',(-0.0102350344718217,0.0121872511702754,0.0266177100000065));
#7141=CARTESIAN_POINT('',(-0.0102350344718217,0.0143372511702754,0.0266177100000065));
#7142=CARTESIAN_POINT('',(-0.0620339017566029,0.004,-8.71349519705409E-18));
#7143=CARTESIAN_POINT('',(-0.0620339017566029,0.004,0.0218677099999989));
#7144=CARTESIAN_POINT('',(-0.0467760438480985,-0.0003556121362946,0.0358677099999989));
#7145=CARTESIAN_POINT('',(-0.0507602049904872,0.,0.0218677099999989));
#7146=CARTESIAN_POINT('',(-0.0507602049904872,8.35219740760566E-19,0.0224002759973217));
#7147=CARTESIAN_POINT('',(-0.0507549198253275,0.000104601741382667,0.0229205225493955));
#7148=CARTESIAN_POINT('',(-0.0507203302293937,0.000309673473296325,0.0234109177391925));
#7149=CARTESIAN_POINT('',(-0.0421817038620051,0.004,-5.92498720211513E-18));
#7150=CARTESIAN_POINT('',(-0.0421817038620051,0.004,0.0218677099999989));
#7151=CARTESIAN_POINT('',(-0.0240327750290079,0.004,0.0258677099999989));
#7152=CARTESIAN_POINT('',(-0.0240327750290079,0.004,0.0218677099999989));
#7153=CARTESIAN_POINT('',(-0.0220360048673416,0.004,-3.09525303320782E-18));
#7154=CARTESIAN_POINT('',(-0.0220360048673416,0.004,0.0218677099999989));
#7155=CARTESIAN_POINT('',(-0.00442684319648437,0.004,-6.21809620842887E-19));
#7156=CARTESIAN_POINT('',(-0.00442684319648437,0.004,0.0218677099999989));
#7157=CARTESIAN_POINT('',(-0.00234999985098847,-0.00225,0.0115000000149));
#7158=CARTESIAN_POINT('',(-0.00234999985098847,-0.00225,0.0115000000149));
#7159=CARTESIAN_POINT('',(-0.00234999985098835,-0.00225,0.0093500000149));
#7160=CARTESIAN_POINT('',(-0.00234999985098847,-0.00225,0.0115000000149));
#7161=CARTESIAN_POINT('',(-0.00234999985098847,-0.00225,0.0115000000149));
#7162=CARTESIAN_POINT('',(-0.00234999985098847,-0.00225,0.0127500000149));
#7163=CARTESIAN_POINT('',(-0.00234999985098847,0.001,0.0115000000149));
#7164=CARTESIAN_POINT('',(-0.0270499998509885,-0.00225,0.0115000000149));
#7165=CARTESIAN_POINT('',(-0.0270499998509885,-0.00225,0.0115000000149));
#7166=CARTESIAN_POINT('',(-0.0270499998509884,-0.00225,0.0093500000149));
#7167=CARTESIAN_POINT('',(-0.0270499998509885,-0.00225,0.0115000000149));
#7168=CARTESIAN_POINT('',(-0.0270499998509885,-0.00225,0.0115000000149));
#7169=CARTESIAN_POINT('',(-0.0270499998509885,-0.00225,0.0127500000149));
#7170=CARTESIAN_POINT('',(-0.0270499998509885,0.001,0.0115000000149));
#7171=CARTESIAN_POINT('',(-0.0517499998509885,-0.00225,0.0115000000149));
#7172=CARTESIAN_POINT('',(-0.0517499998509885,-0.00225,0.0115000000149));
#7173=CARTESIAN_POINT('',(-0.0532132438279847,-0.00225,0.00992474858614829));
#7174=CARTESIAN_POINT('',(-0.0517499998509885,-0.00225,0.0115000000149));
#7175=CARTESIAN_POINT('',(-0.0517499998509885,-0.00225,0.0115000000149));
#7176=CARTESIAN_POINT('',(-0.0517499998509885,-0.00225,0.0127500000149));
#7177=CARTESIAN_POINT('',(-0.0517499998509885,0.001,0.0115000000149));
#7178=CARTESIAN_POINT('',(-2.66031220786848E-18,0.004,0.0218677099999989));
#7179=CARTESIAN_POINT('',(-2.66031220786848E-18,0.004,0.0218677099999989));
#7180=CARTESIAN_POINT('',(-2.66031220786848E-18,0.004,0.0218677099999989));
#7181=CARTESIAN_POINT('',(-0.00355139112964573,-0.0165,-0.0393805812785885));
#7182=CARTESIAN_POINT('',(-0.00479217457687374,-0.0165,-0.00344969559164501));
#7183=CARTESIAN_POINT('',(-0.00479217457687374,0.0015,-0.00344969559164501));
#7184=CARTESIAN_POINT('',(-0.00355139112964573,0.0015,-0.0393805812785885));
#7185=CARTESIAN_POINT('',(-0.00733451265351075,0.,0.));
#7186=CARTESIAN_POINT('',(-0.00733451265351075,0.,-0.00171340259164501));
#7187=CARTESIAN_POINT('',(-0.00733451265351075,0.000406624962036526,0.00878198997866554));
#7188=CARTESIAN_POINT('',(0.0467105648912991,0.0055,-0.0249493843661832));
#7189=CARTESIAN_POINT('',(0.0467105648912991,0.00722206039730033,-0.0249493843661832));
#7190=CARTESIAN_POINT('',(0.0417948074068662,-0.0045,0.00687609874994895));
#7191=CARTESIAN_POINT('',(0.0476672205450311,-0.0158266554554852,0.00687609874994895));
#7192=CARTESIAN_POINT('',(0.0476672205450311,-0.0158266554554852,-0.0172169563758186));
#7193=CARTESIAN_POINT('',(0.0476672205450311,-0.0158266554554852,-0.036647724203301));
#7194=CARTESIAN_POINT('',(0.0417948074068662,-0.0045,-0.0366236443026383));
#7195=CARTESIAN_POINT('',(0.0485050088749017,-0.0153513389095972,-0.0366511595644184));
#7196=CARTESIAN_POINT('',(0.0417948074068662,-0.0045,-0.039726792048721));
#7197=CARTESIAN_POINT('',(0.0476672205450311,0.00682665545548519,0.00687609874994895));
#7198=CARTESIAN_POINT('',(0.0476672205450311,0.00682665545548519,-0.0172169563758186));
#7199=CARTESIAN_POINT('',(0.0417948074068662,-0.0045,-0.0172169563758186));
#7200=CARTESIAN_POINT('',(0.0302340466725511,-0.018023123716554,-0.0177687293758186));
#7201=CARTESIAN_POINT('',(0.0302340466725511,-0.0105,-0.0177687293758186));
#7202=CARTESIAN_POINT('',(0.0302340466725511,-0.0105,-0.00611308021686306));
#7203=CARTESIAN_POINT('',(0.0302340466725511,-0.0105,-0.0172169563758186));
#7204=CARTESIAN_POINT('',(0.0302340466725511,0.0015,-0.0172169563758186));
#7205=CARTESIAN_POINT('',(0.0302340466725511,0.0015,-0.0172169563758186));
#7206=CARTESIAN_POINT('',(0.0302340466725511,0.0015,-0.0177687293758186));
#7207=CARTESIAN_POINT('',(0.0302340466725511,0.0015,-0.00611308021686306));
#7208=CARTESIAN_POINT('',(0.0302340466725511,-0.0105,-0.00611308021686306));
#7209=CARTESIAN_POINT('',(0.0123138518995799,0.0075,-0.00775342459164501));
#7210=CARTESIAN_POINT('',(0.0123138518995799,-0.013,-0.00775342459164501));
#7211=CARTESIAN_POINT('',(0.0123138518995799,-0.013,-0.00171340259164501));
#7212=CARTESIAN_POINT('',(0.0123138518995799,-0.013,-0.00611308021686306));
#7213=CARTESIAN_POINT('',(0.0123138518995799,0.0015,-0.00611308021686306));
#7214=CARTESIAN_POINT('',(0.0123138518995799,0.0015,-0.00611308021686306));
#7215=CARTESIAN_POINT('',(0.0123138518995799,0.0015,-0.00775342459164501));
#7216=CARTESIAN_POINT('',(0.0123138518995799,0.0015,-0.00171340259164501));
#7217=CARTESIAN_POINT('',(0.0123138518995799,0.,-0.00171340259164501));
#7218=CARTESIAN_POINT('',(0.00631385189957993,-0.013,0.));
#7219=CARTESIAN_POINT('',(0.00997957147423372,-0.01775,0.));
#7220=CARTESIAN_POINT('',(0.00997957147423372,-0.01775,-0.0364432530283961));
#7221=CARTESIAN_POINT('',(0.00997957147423372,-0.01775,-0.00611308021686306));
#7222=CARTESIAN_POINT('',(0.00631385189957993,-0.013,-0.00611308021686306));
#7223=CARTESIAN_POINT('',(0.00631385189957993,-0.013,-0.00171340259164501));
#7224=CARTESIAN_POINT('',(0.00631385189957993,-0.013,-0.0364334268582824));
#7225=CARTESIAN_POINT('',(0.00244503458531125,0.0015,-0.0391735096846825));
#7226=CARTESIAN_POINT('',(0.00121140183869074,0.0015,-0.00344969559164501));
#7227=CARTESIAN_POINT('',(0.00631385189957993,0.0015,-0.00775342459164501));
#7228=CARTESIAN_POINT('',(0.00631385189957993,0.0015,-0.00611308021686306));
#7229=CARTESIAN_POINT('',(0.00631385189957993,0.0015,-0.00171340259164501));
#7230=CARTESIAN_POINT('',(0.0242340466725511,0.0015,0.));
#7231=CARTESIAN_POINT('',(0.0242340466725511,0.0015,-0.0172169563758186));
#7232=CARTESIAN_POINT('',(0.0242340466725511,0.0015,-0.00611308021686306));
#7233=CARTESIAN_POINT('',(0.0449055649440284,0.0015,0.00687609874994895));
#7234=CARTESIAN_POINT('',(0.0449055649440284,0.0015,-0.0172169563758186));
#7235=CARTESIAN_POINT('',(0.0449055649440284,-0.0105,0.00687609874994895));
#7236=CARTESIAN_POINT('',(0.0449055649440284,-0.0105,-0.0366403214281629));
#7237=CARTESIAN_POINT('',(0.0449055649440284,-0.0105,-0.0172169563758186));
#7238=CARTESIAN_POINT('',(0.0242340466725511,-0.0105,-0.0177687293758186));
#7239=CARTESIAN_POINT('',(0.0242340466725511,-0.0105,-0.0172169563758186));
#7240=CARTESIAN_POINT('',(0.0242340466725511,-0.0105,-0.00611308021686306));
#7241=CARTESIAN_POINT('',(0.0136452910488875,-0.0225,0.));
#7242=CARTESIAN_POINT('',(0.0136452910488875,-0.0225,-0.0364727315387369));
#7243=CARTESIAN_POINT('',(0.0136452910488875,-0.0225,-0.00611308021686306));
#7244=CARTESIAN_POINT('',(0.0478242887710997,-0.0131654999391807,-0.0396109912034971));
#7245=CARTESIAN_POINT('',(0.0486452605426739,-0.0153201831908758,-0.0391190150527625));
#7246=CARTESIAN_POINT('',(0.04766173952618,-0.015829495460078,-0.0370376735333805));
#7247=CARTESIAN_POINT('',(0.0494679221754514,-0.0123143512144621,-0.0386260262345539));
#7248=CARTESIAN_POINT('',(0.0504682785483839,-0.0141475680555843,-0.0380265519349755));
#7249=CARTESIAN_POINT('',(0.0498106677269066,-0.014716681925939,-0.0360527085644278));
#7250=CARTESIAN_POINT('',(0.0522541744025042,-0.00965305341714903,-0.0369563346652413));
#7251=CARTESIAN_POINT('',(0.0535872092718098,-0.0108021393329723,-0.0361574992040296));
#7252=CARTESIAN_POINT('',(0.0534534848959653,-0.011237233362739,-0.034383016995129));
#7253=CARTESIAN_POINT('',(0.0536261239442184,-0.00403585670818886,-0.0361341791686639));
#7254=CARTESIAN_POINT('',(0.0551446755194025,-0.00393590475257065,-0.0352241708291316));
#7255=CARTESIAN_POINT('',(0.055247206690838,-0.003893167231632,-0.0335608614985465));
#7256=CARTESIAN_POINT('',(0.0517539963642641,0.00143500087869334,-0.0372560717261923));
#7257=CARTESIAN_POINT('',(0.0530175124017465,0.00277649626861134,-0.0364988961715196));
#7258=CARTESIAN_POINT('',(0.0527995393817649,0.00325957140183898,-0.0346827540560746));
#7259=CARTESIAN_POINT('',(0.0487394477403361,0.00383462668993731,-0.0390625723630638));
#7260=CARTESIAN_POINT('',(0.0496375596387157,0.00584269780742251,-0.0385243691629169));
#7261=CARTESIAN_POINT('',(0.0488582416853381,0.00639690334174226,-0.0364892546929503));
#7262=CARTESIAN_POINT('',(0.0470258558727958,0.00453433222125461,-0.0400894606923739));
#7263=CARTESIAN_POINT('',(0.0477245201820566,0.00685983224671323,-0.0396707786019207));
#7264=CARTESIAN_POINT('',(0.0466178480069369,0.00731171618532351,-0.0375161430222573));
#7265=CARTESIAN_POINT('',(0.0479408149799263,-0.0131041567294074,-0.039541161621454));
#7266=CARTESIAN_POINT('',(0.0482418917651083,-0.0136727221294334,-0.0393607381245956));
#7267=CARTESIAN_POINT('',(0.0486742735857111,-0.0147327750595473,-0.0385852443307811));
#7268=CARTESIAN_POINT('',(0.0486362025310227,-0.0152702119748259,-0.0372913549783521));
#7269=CARTESIAN_POINT('',(0.0485050088749017,-0.0153513389095972,-0.0366511595644184));
#7270=CARTESIAN_POINT('',(0.046270309633904,-0.0131633277277426,-0.0396476810919168));
#7271=CARTESIAN_POINT('',(0.0476545133489567,-0.015833243623146,-0.0396551019657174));
#7272=CARTESIAN_POINT('',(0.0476672205450311,-0.0158266554554852,-0.0366477242033011));
#7273=CARTESIAN_POINT('',(0.0467936396060008,-0.0128920022852214,-0.0396504867235133));
#7274=CARTESIAN_POINT('',(0.0483396193073491,-0.0154790179533109,-0.0396587748968068));
#7275=CARTESIAN_POINT('',(0.0483514354875748,-0.0154719176572258,-0.0366505298348965));
#7276=CARTESIAN_POINT('',(0.0472923079787608,-0.0125731327807183,-0.0396531601414664));
#7277=CARTESIAN_POINT('',(0.0489924663812048,-0.0150625279042068,-0.0396622748843394));
#7278=CARTESIAN_POINT('',(0.0490034072266474,-0.0150550195406696,-0.0366532032528496));
#7279=CARTESIAN_POINT('',(0.0477581663701243,-0.0122119296319959,-0.0396556576613717));
#7280=CARTESIAN_POINT('',(0.0496024046379391,-0.0145905870971518,-0.0396655448328154));
#7281=CARTESIAN_POINT('',(0.0496124823598789,-0.0145827733387993,-0.036655700772756));
#7282=CARTESIAN_POINT('',(0.0462863927445298,-0.0131633277277426,-0.036647724203301));
#7283=CARTESIAN_POINT('',(0.0448894818334027,-0.0135,-0.0396402783167786));
#7284=CARTESIAN_POINT('',(0.0448894818334027,-0.0165,-0.0396402783167786));
#7285=CARTESIAN_POINT('',(0.0449055649440284,-0.0165,-0.0366403214281629));
#7286=CARTESIAN_POINT('',(0.045367787838958,-0.0134999999999954,-0.0396428425697615));
#7287=CARTESIAN_POINT('',(0.0458464890932218,-0.0165025653124569,-0.0396454089417104));
#7288=CARTESIAN_POINT('',(0.0458621769551391,-0.0165,-0.0366428856811436));
#7289=CARTESIAN_POINT('',(0.045845681084918,-0.0133834804709458,-0.0396454046098932));
#7290=CARTESIAN_POINT('',(0.0468034888282337,-0.0162718958650287,-0.0396505395263175));
#7291=CARTESIAN_POINT('',(0.0468179634470623,-0.016266960941901,-0.0366454477212802));
#7292=CARTESIAN_POINT('',(0.0462703096339041,-0.0131633277277426,-0.0396476810919167));
#7293=CARTESIAN_POINT('',(0.0476545133489568,-0.0158332436231459,-0.0396551019657173));
#7294=CARTESIAN_POINT('',(0.0476672205450312,-0.0158266554554852,-0.036647724203301));
#7295=CARTESIAN_POINT('',(0.0449055649440284,-0.0135,-0.0366403214281629));
#7296=CARTESIAN_POINT('',(-0.000195136673399858,-0.0135,-0.0363985314290588));
#7297=CARTESIAN_POINT('',(0.0136452910488875,-0.0135,-0.0364727315387369));
#7298=CARTESIAN_POINT('',(0.0136452910488875,-0.0165,-0.0364727315387369));
#7299=CARTESIAN_POINT('',(0.0136292079382618,-0.0165,-0.0394726884273526));
#7300=CARTESIAN_POINT('',(0.0136292079382618,-0.0135,-0.0394726884273526));
#7301=CARTESIAN_POINT('',(0.012330762736984,-0.0165,-0.0364621605346927));
#7302=CARTESIAN_POINT('',(0.0123138882889182,-0.0165035256880221,-0.0394656368488789));
#7303=CARTESIAN_POINT('',(0.0116574154704125,-0.0135000000000017,-0.0394621174233119));
#7304=CARTESIAN_POINT('',(0.0110202397211591,-0.0169468846392684,-0.0364516217399267));
#7305=CARTESIAN_POINT('',(0.0110062328166012,-0.0169541606456288,-0.0394586263589263));
#7306=CARTESIAN_POINT('',(0.00969163094666642,-0.0141703269589041,-0.039451578628544));
#7307=CARTESIAN_POINT('',(0.00997957147423372,-0.01775,-0.0364432530283961));
#7308=CARTESIAN_POINT('',(0.00996945848451581,-0.017757804501972,-0.0394530680936236));
#7309=CARTESIAN_POINT('',(0.0081306285762811,-0.015375,-0.0394432099170118));
#7310=CARTESIAN_POINT('',(0.00814671168690683,-0.015375,-0.0364432530283961));
#7311=CARTESIAN_POINT('',(0.00629776878895421,-0.016,-0.0394333837468981));
#7312=CARTESIAN_POINT('',(0.0062977687889542,-0.019,-0.0394333837468981));
#7313=CARTESIAN_POINT('',(0.00631385189957993,-0.019,-0.0364334268582824));
#7314=CARTESIAN_POINT('',(0.00695503296654207,-0.0159999999999943,-0.0394369074150276));
#7315=CARTESIAN_POINT('',(0.00761305067893425,-0.0190035256880062,-0.0394404351229444));
#7316=CARTESIAN_POINT('',(0.00762838025475569,-0.019,-0.0364369505264089));
#7317=CARTESIAN_POINT('',(0.0076102944356878,-0.0157765576935799,-0.0394404203464091));
#7318=CARTESIAN_POINT('',(0.00892586667426221,-0.018559642517243,-0.0394474732790422));
#7319=CARTESIAN_POINT('',(0.00893890319305305,-0.0185531153871674,-0.0364404634577854));
#7320=CARTESIAN_POINT('',(0.0081306285762811,-0.015375,-0.0394432099170117));
#7321=CARTESIAN_POINT('',(0.00996945848451582,-0.017757804501972,-0.0394530680936236));
#7322=CARTESIAN_POINT('',(0.00997957147423373,-0.01775,-0.036443253028396));
#7323=CARTESIAN_POINT('',(0.00631385189957993,-0.016,-0.0364334268582824));
#7324=CARTESIAN_POINT('',(-0.000195136673399858,-0.016,-0.0363985314290588));
#7325=CARTESIAN_POINT('',(0.00234967876661931,-0.016,-0.0364121744745302));
#7326=CARTESIAN_POINT('',(-0.000668748383807475,-0.013,-0.0393960354547307));
#7327=CARTESIAN_POINT('',(-0.00355139112964574,-0.013,-0.0393805812785885));
#7328=CARTESIAN_POINT('',(-0.00365087813066024,-0.013,-0.036499614363068));
#7329=CARTESIAN_POINT('',(-0.000668748383799996,-0.0137853981924859,-0.0393960354547307));
#7330=CARTESIAN_POINT('',(-0.00355139112963016,-0.0145406836961189,-0.0393805812785866));
#7331=CARTESIAN_POINT('',(-0.00365087813066031,-0.0145707963849718,-0.0364996143630658));
#7332=CARTESIAN_POINT('',(-1.81820537826203E-5,-0.0153499415908804,-0.0393995232149365));
#7333=CARTESIAN_POINT('',(-0.00229470011425916,-0.0176287310159638,-0.0393873185422746));
#7334=CARTESIAN_POINT('',(-0.00235064064053907,-0.0176998831817527,-0.0364806673514588));
#7335=CARTESIAN_POINT('',(0.00154758379534621,-0.0159999999999918,-0.0394079174640209));
#7336=CARTESIAN_POINT('',(0.000770976464223121,-0.018968849311474,-0.0394037539836636));
#7337=CARTESIAN_POINT('',(0.000778736586367396,-0.019,-0.0364350661846625));
#7338=CARTESIAN_POINT('',(0.00233359565599359,-0.016,-0.0394121313631459));
#7339=CARTESIAN_POINT('',(0.00233359565599359,-0.019,-0.0394121313631459));
#7340=CARTESIAN_POINT('',(0.00234967876661932,-0.019,-0.0364121744745302));
#7341=CARTESIAN_POINT('',(-0.000652665273181752,-0.013,-0.0363960785661151));
#7342=CARTESIAN_POINT('',(-0.000652665273181752,-0.0165,-0.0363960785661151));
#7343=CARTESIAN_POINT('',(-0.000652665273181751,-0.0105,-0.0363960785661151));
#7344=CARTESIAN_POINT('',(-0.00365087813066024,-0.0105,-0.0364996143630681));
#7345=CARTESIAN_POINT('',(-0.00355139112964573,-0.0105,-0.0393805812785885));
#7346=CARTESIAN_POINT('',(-0.000668748383807481,-0.0105,-0.0393960354547308));
#7347=CARTESIAN_POINT('',(-0.00365087813066069,-0.00967196784301336,-0.0364996143630553));
#7348=CARTESIAN_POINT('',(-0.00355139112965381,-0.00965609419088919,-0.0393805812785733));
#7349=CARTESIAN_POINT('',(-0.000668748383806427,-0.00925795176452328,-0.0393960354547308));
#7350=CARTESIAN_POINT('',(-0.00399918311052509,-0.00801633969659727,-0.036490813817325));
#7351=CARTESIAN_POINT('',(-0.00391437875871768,-0.00796620100945221,-0.0393786352605661));
#7352=CARTESIAN_POINT('',(-0.00119084665374159,-0.00677450954489507,-0.0393932364264298));
#7353=CARTESIAN_POINT('',(-0.00498494658793636,-0.0066404088155653,-0.0364659067471019));
#7354=CARTESIAN_POINT('',(-0.00493274223083364,-0.00658014620065986,-0.0393731756979762));
#7355=CARTESIAN_POINT('',(-0.00266847527196759,-0.00471061322334636,-0.0393853146910806));
#7356=CARTESIAN_POINT('',(-0.00559577316299588,-0.00608038865204373,-0.0364504731256229));
#7357=CARTESIAN_POINT('',(-0.00555819150500113,-0.00602236655282014,-0.0393698225931677));
#7358=CARTESIAN_POINT('',(-0.0035840852014943,-0.00387058297806559,-0.039380406001945));
#7359=CARTESIAN_POINT('',(-0.00357169952328532,-0.00396277070733648,-0.0393798867719632));
#7360=CARTESIAN_POINT('',(-0.00409735055445789,-0.0045233049513068,-0.0393618814767021));
#7361=CARTESIAN_POINT('',(-0.00511194573908567,-0.005618004916634,-0.0387199553234427));
#7362=CARTESIAN_POINT('',(-0.00554080010298013,-0.00610685996806455,-0.0372092500340197));
#7363=CARTESIAN_POINT('',(-0.00554505396993228,-0.00612742971786101,-0.0364517546363821));
#7364=CARTESIAN_POINT('',(-0.00987552786907907,-0.0015,-0.0390552466802616));
#7365=CARTESIAN_POINT('',(-0.00987552786907907,-0.0045,-0.0390552466802616));
#7366=CARTESIAN_POINT('',(-0.0096695552144494,-0.0045,-0.0360623258217114));
#7367=CARTESIAN_POINT('',(-0.00870105264555302,-0.00150000000230804,-0.0391360740028068));
#7368=CARTESIAN_POINT('',(-0.00908721658346246,-0.00446069819642786,-0.0391094982210462));
#7369=CARTESIAN_POINT('',(-0.0088980725713985,-0.0045,-0.0361550737297277));
#7370=CARTESIAN_POINT('',(-0.00695944807390824,-0.00183366993742361,-0.0392380113200619));
#7371=CARTESIAN_POINT('',(-0.0078903993445644,-0.00463781288306085,-0.0391866979045063));
#7372=CARTESIAN_POINT('',(-0.00775542334878009,-0.00472244662537283,-0.0362749116649565));
#7373=CARTESIAN_POINT('',(-0.00489338461822461,-0.00287966476983743,-0.0393318690759393));
#7374=CARTESIAN_POINT('',(-0.00645312955142551,-0.00531550702563797,-0.039263979230896));
#7375=CARTESIAN_POINT('',(-0.0063955210550443,-0.00541977651303153,-0.0363907807586156));
#7376=CARTESIAN_POINT('',(-0.00395487381537491,-0.00359694388074128,-0.0393668052926672));
#7377=CARTESIAN_POINT('',(-0.00580265833166796,-0.0057997081109855,-0.0393037169511294));
#7378=CARTESIAN_POINT('',(-0.00578569175753446,-0.00589796258743254,-0.0364353101166042));
#7379=CARTESIAN_POINT('',(-0.0035405249045634,-0.00399204235796762,-0.0393809522807877));
#7380=CARTESIAN_POINT('',(-0.00551318434125751,-0.0060632275546227,-0.039313600373039));
#7381=CARTESIAN_POINT('',(-0.00550913199371941,-0.00616136157197841,-0.0364542153089709));
#7382=CARTESIAN_POINT('',(-0.00966955521444941,-0.0015,-0.0360623258217114));
#7383=CARTESIAN_POINT('',(-0.00966955521444941,-0.0045,-0.0360623258217114));
#7384=CARTESIAN_POINT('',(-0.00987552786907907,-0.0045,-0.0390552466802616));
#7385=CARTESIAN_POINT('',(-0.00987552786907907,-0.0015,-0.0390552466802616));
#7386=CARTESIAN_POINT('',(-0.0137615317134071,-0.0045,-0.0357807162160154));
#7387=CARTESIAN_POINT('',(-0.0140359075054617,-0.00449999999999623,-0.0387689295742122));
#7388=CARTESIAN_POINT('',(-0.0140359075054825,-0.00149999999999466,-0.0387689295745055));
#7389=CARTESIAN_POINT('',(-0.0198828865443089,-0.0045,-0.0351482564975179));
#7390=CARTESIAN_POINT('',(-0.0202617105196333,-0.00450000000000086,-0.0381255105826252));
#7391=CARTESIAN_POINT('',(-0.0202617105196288,-0.00150000000000121,-0.0381255105825591));
#7392=CARTESIAN_POINT('',(-0.0279883007350224,-0.0045,-0.0338824407117072));
#7393=CARTESIAN_POINT('',(-0.0284992119933841,-0.00449999999999982,-0.0368393160653599));
#7394=CARTESIAN_POINT('',(-0.0284992119933846,-0.00149999999999977,-0.0368393160653725));
#7395=CARTESIAN_POINT('',(-0.0330236914673286,-0.0045,-0.0329222921968925));
#7396=CARTESIAN_POINT('',(-0.0336287284086249,-0.00450000000000005,-0.0358609237900135));
#7397=CARTESIAN_POINT('',(-0.0336287284086261,-0.00150000000000003,-0.0358609237900126));
#7398=CARTESIAN_POINT('',(-0.0370298582892217,-0.0045,-0.0320414518540588));
#7399=CARTESIAN_POINT('',(-0.0376809428421246,-0.00449999999999994,-0.0349699557882716));
#7400=CARTESIAN_POINT('',(-0.0376809428421223,-0.00149999999999999,-0.0349699557882708));
#7401=CARTESIAN_POINT('',(-0.041035813291335,-0.0045,-0.0311611994789524));
#7402=CARTESIAN_POINT('',(-0.0416756417613869,-0.0045000000000003,-0.0340921790631138));
#7403=CARTESIAN_POINT('',(-0.0416756417613993,-0.0015,-0.0340921790631199));
#7404=CARTESIAN_POINT('',(-0.0480463338355639,-0.0045,-0.0296204822126458));
#7405=CARTESIAN_POINT('',(-0.048693325267578,-0.00449999999999647,-0.032549886383275));
#7406=CARTESIAN_POINT('',(-0.0486933252674324,-0.0015,-0.0325498863832021));
#7407=CARTESIAN_POINT('',(-0.0540553174023926,-0.0045,-0.0282999619077578));
#7408=CARTESIAN_POINT('',(-0.0546992389928684,-0.00450000000001509,-0.0312300412552787));
#7409=CARTESIAN_POINT('',(-0.0546992389934912,-0.0015,-0.031230041255591));
#7410=CARTESIAN_POINT('',(-0.0580613140119948,-0.0045,-0.0274195940389977));
#7411=CARTESIAN_POINT('',(-0.0587052356030905,-0.0045,-0.0303496733868176));
#7412=CARTESIAN_POINT('',(-0.0587052356030905,-0.0015,-0.0303496733868176));
#7413=CARTESIAN_POINT('',(0.00121140183869074,0.0075,-0.00171340259164501));
#7414=CARTESIAN_POINT('',(0.00121140183869074,0.0075,-0.00344969559164501));
#7415=CARTESIAN_POINT('',(-0.00036033079150945,0.0075,-0.00171340259164501));
#7416=CARTESIAN_POINT('',(-0.00036033079150945,0.0075,-0.00344969559164501));
#7417=CARTESIAN_POINT('',(-0.00349128282806146,0.00619988321084112,-0.00171340259164501));
#7418=CARTESIAN_POINT('',(-0.00349128282806146,0.00619988321084112,-0.00344969559164501));
#7419=CARTESIAN_POINT('',(-0.00479217457687373,0.00307079632679489,-0.00171340259164501));
#7420=CARTESIAN_POINT('',(-0.00479217457687373,0.00307079632679489,-0.00344969559164501));
#7421=CARTESIAN_POINT('',(-0.00479217457687373,0.0015,-0.00171340259164501));
#7422=CARTESIAN_POINT('',(-0.00479217457687373,0.0015,-0.00344969559164501));
#7423=CARTESIAN_POINT('',(-0.00479217457687374,0.0015,-0.00171340259164501));
#7424=CARTESIAN_POINT('',(-0.00479217457687374,0.0015,-0.00171340259164501));
#7425=CARTESIAN_POINT('',(0.00121140183869074,0.0015,-0.00171340259164501));
#7426=CARTESIAN_POINT('',(-0.00479217457687374,0.,-0.00171340259164501));
#7427=CARTESIAN_POINT('',(-0.00479217457687374,0.,-0.00171340259164501));
#7428=CARTESIAN_POINT('',(-0.0107957509924382,-0.0045,-0.00171340259164501));
#7429=CARTESIAN_POINT('',(-0.0107957509924382,-0.0045,-0.00344969559164501));
#7430=CARTESIAN_POINT('',(-0.00922401836223801,-0.0045,-0.00171340259164501));
#7431=CARTESIAN_POINT('',(-0.00922401836223801,-0.0045,-0.00344969559164501));
#7432=CARTESIAN_POINT('',(-0.006093066325686,-0.00580011678915888,-0.00171340259164501));
#7433=CARTESIAN_POINT('',(-0.006093066325686,-0.00580011678915888,-0.00344969559164501));
#7434=CARTESIAN_POINT('',(-0.00479217457687373,-0.00892920367320511,-0.00171340259164501));
#7435=CARTESIAN_POINT('',(-0.00479217457687373,-0.00892920367320511,-0.00344969559164501));
#7436=CARTESIAN_POINT('',(-0.00479217457687373,-0.0105,-0.00171340259164501));
#7437=CARTESIAN_POINT('',(-0.00479217457687373,-0.0105,-0.00344969559164501));
#7438=CARTESIAN_POINT('',(-0.00479217457687374,-0.0105,-0.00171340259164501));
#7439=CARTESIAN_POINT('',(-0.00479217457687374,-0.0105,-0.00171340259164501));
#7440=CARTESIAN_POINT('',(-0.0107957509924382,-0.0105,-0.00171340259164501));
#7441=CARTESIAN_POINT('',(-0.00479217457687374,0.,-0.00171340259164501));
#7442=CARTESIAN_POINT('',(-0.00479217457687374,-0.013,-0.00171340259164501));
#7443=CARTESIAN_POINT('',(-0.00479217457687374,-0.013,-0.00171340259164501));
#7444=CARTESIAN_POINT('',(-0.00479217457687374,0.,-0.00171340259164501));
#7445=CARTESIAN_POINT('',(-0.00479217457687373,-0.013,-0.00171340259164501));
#7446=CARTESIAN_POINT('',(-0.00479217457687373,-0.013,-0.00344969559164501));
#7447=CARTESIAN_POINT('',(-0.00479217457687373,-0.0145707963267949,-0.00171340259164501));
#7448=CARTESIAN_POINT('',(-0.00479217457687373,-0.0145707963267949,-0.00344969559164501));
#7449=CARTESIAN_POINT('',(-0.00349128282806145,-0.0176998832108411,-0.00171340259164501));
#7450=CARTESIAN_POINT('',(-0.00349128282806145,-0.0176998832108411,-0.00344969559164501));
#7451=CARTESIAN_POINT('',(-0.000360330791509441,-0.019,-0.00171340259164501));
#7452=CARTESIAN_POINT('',(-0.000360330791509441,-0.019,-0.00344969559164501));
#7453=CARTESIAN_POINT('',(0.00121140183869075,-0.019,-0.00171340259164501));
#7454=CARTESIAN_POINT('',(0.00121140183869075,-0.019,-0.00344969559164501));
#7455=CARTESIAN_POINT('',(0.00121140183869074,-0.013,-0.00171340259164501));
#7456=CARTESIAN_POINT('',(0.00212102294573763,-0.00465416009204382,-0.00171340259164501));
#7457=CARTESIAN_POINT('',(0.00662210293928278,-0.0026028997531686,-0.011963403092477));
#7458=CARTESIAN_POINT('',(0.00157181788591939,-0.00490444724991388,-0.011963403092474));
#7459=CARTESIAN_POINT('',(0.00662210293928278,-0.0026028997531686,-0.011963403092477));
#7460=CARTESIAN_POINT('',(0.00662210293928278,-0.0026028997531686,-0.011963403092477));
#7461=CARTESIAN_POINT('',(0.00662210296473278,-0.00260289975460719,-0.00171340259164501));
#7462=CARTESIAN_POINT('',(0.00662210296473278,-0.00260289975460719,-0.00171340259164501));
#7463=CARTESIAN_POINT('',(0.00212102294573763,-0.00465416009204382,-0.00171340259164501));
#7464=CARTESIAN_POINT('',(0.00450108001899515,0.00205126033743663,-0.00171340259164501));
#7465=CARTESIAN_POINT('',(0.0120131150938213,-0.0144323962745603,-0.0119634030924807));
#7466=CARTESIAN_POINT('',(0.00791452949891199,-0.00543887100550886,-0.0119634030924778));
#7467=CARTESIAN_POINT('',(0.00791452949890253,-0.00543887100550832,-0.0274634030924778));
#7468=CARTESIAN_POINT('',(0.00791452949890038,-0.0054388710055082,-0.0309834030924778));
#7469=CARTESIAN_POINT('',(0.00791452949890038,-0.0054388710055082,-0.0309834030924778));
#7470=CARTESIAN_POINT('',(0.0105550217930983,-0.0112329025368006,-0.0309834030924797));
#7471=CARTESIAN_POINT('',(0.0105550217931005,-0.0112329025368007,-0.0274634030924797));
#7472=CARTESIAN_POINT('',(0.0105550217931099,-0.0112329025368012,-0.0119634030924797));
#7473=CARTESIAN_POINT('',(0.0120131150938213,-0.0144323962745603,-0.0119634030924807));
#7474=CARTESIAN_POINT('',(0.0120131150938213,-0.0144323962745603,-0.0119634030924807));
#7475=CARTESIAN_POINT('',(0.0120131151073546,-0.0144323962814296,-0.00171340259164501));
#7476=CARTESIAN_POINT('',(0.0120131151073546,-0.0144323962814296,-0.00171340259164501));
#7477=CARTESIAN_POINT('',(0.00450108001899515,0.00205126033743663,-0.00171340259164501));
#7478=CARTESIAN_POINT('',(0.00751203508835942,-0.0164836566188663,-0.00171340259164501));
#7479=CARTESIAN_POINT('',(0.0120131150938213,-0.0144323962745603,-0.0119634030924807));
#7480=CARTESIAN_POINT('',(0.00696283004045787,-0.0167339437713056,-0.0119634030924777));
#7481=CARTESIAN_POINT('',(0.0120131150938213,-0.0144323962745603,-0.0119634030924807));
#7482=CARTESIAN_POINT('',(0.00751203508835942,-0.0164836566188663,-0.00171340259164501));
#7483=CARTESIAN_POINT('',(0.,0.,-0.00171340259164501));
#7484=CARTESIAN_POINT('',(0.00554743402787824,0.00340088434953869,-0.00171340259164501));
#7485=CARTESIAN_POINT('',(0.00554743402787824,0.00215088434953869,-0.00171340259164501));
#7486=CARTESIAN_POINT('',(-0.00150359543460694,-0.0145595640592475,-0.00171340259164501));
#7487=CARTESIAN_POINT('',(-0.00150359543460694,-0.0158095640592475,-0.00171340259164501));
#7488=CARTESIAN_POINT('',(0.0242340466725511,-0.0105,-0.0172169563758186));
#7489=CARTESIAN_POINT('',(0.0351852762711533,-0.0119417567283087,-0.0172169563758186));
#7490=CARTESIAN_POINT('',(0.0368657843639702,0.000822969529176135,-0.0172169563758186));
#7491=CARTESIAN_POINT('',(0.03549525934566,-0.00958720151524892,-0.0172169563758186));
#7492=CARTESIAN_POINT('',(0.025914554765368,0.00226472625748479,-0.0172169563758186));
#7493=CARTESIAN_POINT('',(0.0497545675618298,-0.000873870969684143,-0.0172169563758186));
#7494=CARTESIAN_POINT('',(0.0480740594690129,-0.0136385972271689,-0.0172169563758186));
#7495=CARTESIAN_POINT('',(0.0483840425435195,-0.0112840420141092,-0.0172169563758186));
#7496=CARTESIAN_POINT('',(0.0245440297470578,-0.00814544478694027,-0.0172169563758186));
#7497=CARTESIAN_POINT('',(0.0377105857453277,0.00415808634863781,-0.0172169563758186));
#7498=CARTESIAN_POINT('',(0.0377105857453277,0.00290808634863781,-0.0172169563758186));
#7499=CARTESIAN_POINT('',(0.0452755381419343,-0.012907822878517,-0.0172169563758186));
#7500=CARTESIAN_POINT('',(0.0452755381419343,-0.014157822878517,-0.0172169563758186));
#7501=CARTESIAN_POINT('',(0.,-8.87753412709445E-5,0.0087769792192809));
#7502=CARTESIAN_POINT('',(0.00566548734648925,0.0055,0.0153677099999989));
#7503=CARTESIAN_POINT('',(0.00416548734648925,-0.0045,0.0153677099999989));
#7504=CARTESIAN_POINT('',(0.00416548734648925,0.0055,0.0203677099999989));
#7505=CARTESIAN_POINT('',(-0.000809449839043849,-0.00223702804993955,0.0198677099999989));
#7506=CARTESIAN_POINT('',(0.00416548734648925,0.0055,0.0193677099999989));
#7507=CARTESIAN_POINT('',(-0.000334512653510749,0.0055,0.0215471594717692));
#7508=CARTESIAN_POINT('',(-0.000334512653510749,0.,0.));
#7509=CARTESIAN_POINT('',(0.0242340466725511,0.0015,-0.00611308021686306));
#7510=CARTESIAN_POINT('',(0.0287438239008626,0.00130309887397725,-0.00611308021686306));
#7511=CARTESIAN_POINT('',(0.0282189218327376,-0.0107191350346802,-0.00611308021686306));
#7512=CARTESIAN_POINT('',(0.0286769253999049,-0.000229128708063279,-0.00611308021686306));
#7513=CARTESIAN_POINT('',(0.0237091446044262,-0.0105222339086574,-0.00611308021686306));
#7514=CARTESIAN_POINT('',(0.0152312949521581,-0.0101520829991394,-0.00611308021686306));
#7515=CARTESIAN_POINT('',(0.0157561970202893,0.00187015090951775,-0.00611308021686306));
#7516=CARTESIAN_POINT('',(0.0156892985193317,0.000337923327477214,-0.00611308021686306));
#7517=CARTESIAN_POINT('',(0.0241671481715935,-3.22275820405322E-5,-0.00611308021686306));
#7518=CARTESIAN_POINT('',(0.0162667198418838,-0.0131673817593767,-0.00611308021686306));
#7519=CARTESIAN_POINT('',(0.0162667198418838,-0.0144173817593767,-0.00611308021686306));
#7520=CARTESIAN_POINT('',(0.0140167198430559,-0.0118683436543767,-0.00781635193142181));
#7521=CARTESIAN_POINT('',(0.014016719843056,-0.0118683436543767,-0.00991635193142181));
#7522=CARTESIAN_POINT('',(0.014016719843056,-0.0118683436543767,-0.00991635193142181));
#7523=CARTESIAN_POINT('',(0.014016719843056,-0.0144664198643767,-0.00991635193142181));
#7524=CARTESIAN_POINT('',(0.0140167198430559,-0.0118683436543767,-0.00781635193142181));
#7525=CARTESIAN_POINT('',(0.0140167198430559,-0.0118683436543767,-0.00781635193142181));
#7526=CARTESIAN_POINT('',(0.0140167198430559,-0.0118683436543767,-0.00781635193142181));
#7527=CARTESIAN_POINT('',(0.0140167198430559,-0.0144664198643767,-0.00781635193142181));
#7528=CARTESIAN_POINT('',(0.0140167198430559,-0.0144664198643767,-0.00781635193142181));
#7529=CARTESIAN_POINT('',(0.0140167198430559,-0.0144664198643767,-0.00781635193142181));
#7530=CARTESIAN_POINT('',(0.014016719843056,-0.0144664198643767,-0.00991635193142181));
#7531=CARTESIAN_POINT('',(0.016266719841884,-0.0157654579693767,-0.00991635193142168));
#7532=CARTESIAN_POINT('',(0.0140167198430559,-0.0144664198643767,-0.00781635193142181));
#7533=CARTESIAN_POINT('',(0.0162667198418839,-0.0157654579693767,-0.00781635193142168));
#7534=CARTESIAN_POINT('',(0.0162667198418839,-0.0157654579693767,-0.00781635193142168));
#7535=CARTESIAN_POINT('',(0.0162667198418839,-0.0157654579693767,-0.00781635193142168));
#7536=CARTESIAN_POINT('',(0.016266719841884,-0.0157654579693767,-0.00991635193142168));
#7537=CARTESIAN_POINT('',(0.018516719840712,-0.0144664198643767,-0.00991635193142155));
#7538=CARTESIAN_POINT('',(0.0162667198418839,-0.0157654579693767,-0.00781635193142168));
#7539=CARTESIAN_POINT('',(0.0185167198407119,-0.0144664198643767,-0.00781635193142155));
#7540=CARTESIAN_POINT('',(0.0185167198407119,-0.0144664198643767,-0.00781635193142155));
#7541=CARTESIAN_POINT('',(0.0185167198407119,-0.0144664198643767,-0.00781635193142155));
#7542=CARTESIAN_POINT('',(0.018516719840712,-0.0144664198643767,-0.00991635193142155));
#7543=CARTESIAN_POINT('',(0.018516719840712,-0.0118683436543767,-0.00991635193142155));
#7544=CARTESIAN_POINT('',(0.0185167198407119,-0.0144664198643767,-0.00781635193142155));
#7545=CARTESIAN_POINT('',(0.0185167198407119,-0.0118683436543767,-0.00781635193142155));
#7546=CARTESIAN_POINT('',(0.0185167198407119,-0.0118683436543767,-0.00781635193142155));
#7547=CARTESIAN_POINT('',(0.0185167198407119,-0.0118683436543767,-0.00781635193142155));
#7548=CARTESIAN_POINT('',(0.018516719840712,-0.0118683436543767,-0.00991635193142155));
#7549=CARTESIAN_POINT('',(0.016266719841884,-0.0105693055493767,-0.00991635193142168));
#7550=CARTESIAN_POINT('',(0.0185167198407119,-0.0118683436543767,-0.00781635193142155));
#7551=CARTESIAN_POINT('',(0.0162667198418839,-0.0105693055493767,-0.00781635193142168));
#7552=CARTESIAN_POINT('',(0.0162667198418839,-0.0105693055493767,-0.00781635193142168));
#7553=CARTESIAN_POINT('',(0.0162667198418839,-0.0105693055493767,-0.00781635193142168));
#7554=CARTESIAN_POINT('',(0.016266719841884,-0.0105693055493767,-0.00991635193142168));
#7555=CARTESIAN_POINT('',(0.0162667198418839,-0.0105693055493767,-0.00781635193142168));
#7556=CARTESIAN_POINT('',(0.0162667198418839,-0.0131673817593767,-0.00781635193142168));
#7557=CARTESIAN_POINT('',(0.0162667198418839,-0.0131673817593767,-0.00781635193142168));
#7558=CARTESIAN_POINT('',(0.0150167198418839,-0.0131673817593767,-0.00781635193142175));
#7559=CARTESIAN_POINT('',(0.016266719841884,-0.0131673817593767,-0.00991635193142168));
#7560=CARTESIAN_POINT('',(0.016266719841884,-0.0131673817593767,-0.00991635193142168));
#7561=CARTESIAN_POINT('',(0.015016719841884,-0.0131673817593767,-0.00991635193142175));
#7562=CARTESIAN_POINT('',(0.016266719841884,-0.0131673817593767,-0.0103630803758093));
#7563=CARTESIAN_POINT('',(0.016266719841884,-0.0131673817593767,-0.0103630803758093));
#7564=CARTESIAN_POINT('',(0.016266719841884,-0.0144173817593767,-0.0103630803758093));
#7565=CARTESIAN_POINT('',(0.016266719841884,-0.0131673817593767,-0.0103630803758093));
#7566=CARTESIAN_POINT('',(0.016266719841884,-0.0131673817593767,-0.0103630803758093));
#7567=CARTESIAN_POINT('',(0.0430255381431064,-0.014206860983517,-0.0189202279314203));
#7568=CARTESIAN_POINT('',(0.0430255381431064,-0.014206860983517,-0.0189202279314203));
#7569=CARTESIAN_POINT('',(0.0452755381419344,-0.015505899088517,-0.0189202279314201));
#7570=CARTESIAN_POINT('',(0.0452755381419344,-0.015505899088517,-0.0189202279314201));
#7571=CARTESIAN_POINT('',(0.0475255381407624,-0.014206860983517,-0.01892022793142));
#7572=CARTESIAN_POINT('',(0.0475255381407624,-0.014206860983517,-0.01892022793142));
#7573=CARTESIAN_POINT('',(0.0430255381431064,-0.011608784773517,-0.0189202279314203));
#7574=CARTESIAN_POINT('',(0.0452755381419346,-0.012907822878517,-0.0214669563758078));
#7575=CARTESIAN_POINT('',(0.0452755381419346,-0.012907822878517,-0.0214669563758078));
#7576=CARTESIAN_POINT('',(0.0463580698966651,-0.013532822878517,-0.0214669563758077));
#7577=CARTESIAN_POINT('',(0.0452755381419346,-0.012907822878517,-0.0214669563758078));
#7578=CARTESIAN_POINT('',(0.0452755381419346,-0.012907822878517,-0.0214669563758078));
#7579=CARTESIAN_POINT('',(0.0354605857464998,0.00545712445363781,-0.0189202279314206));
#7580=CARTESIAN_POINT('',(0.0354605857464999,0.0054571244536378,-0.0210202279314206));
#7581=CARTESIAN_POINT('',(0.0354605857464999,0.0054571244536378,-0.0210202279314206));
#7582=CARTESIAN_POINT('',(0.0354605857464999,0.0028590482436378,-0.0210202279314206));
#7583=CARTESIAN_POINT('',(0.0354605857464998,0.00545712445363781,-0.0189202279314206));
#7584=CARTESIAN_POINT('',(0.0354605857464998,0.00545712445363781,-0.0189202279314206));
#7585=CARTESIAN_POINT('',(0.0354605857464998,0.00545712445363781,-0.0189202279314206));
#7586=CARTESIAN_POINT('',(0.0354605857464998,0.00285904824363781,-0.0189202279314206));
#7587=CARTESIAN_POINT('',(0.0354605857464998,0.00285904824363781,-0.0189202279314206));
#7588=CARTESIAN_POINT('',(0.0354605857464998,0.00285904824363781,-0.0189202279314206));
#7589=CARTESIAN_POINT('',(0.0354605857464999,0.0028590482436378,-0.0210202279314206));
#7590=CARTESIAN_POINT('',(0.0377105857453279,0.0015600101386378,-0.0210202279314205));
#7591=CARTESIAN_POINT('',(0.0354605857464998,0.00285904824363781,-0.0189202279314206));
#7592=CARTESIAN_POINT('',(0.0377105857453277,0.00156001013863781,-0.0189202279314205));
#7593=CARTESIAN_POINT('',(0.0377105857453277,0.00156001013863781,-0.0189202279314205));
#7594=CARTESIAN_POINT('',(0.0377105857453277,0.00156001013863781,-0.0189202279314205));
#7595=CARTESIAN_POINT('',(0.0377105857453279,0.0015600101386378,-0.0210202279314205));
#7596=CARTESIAN_POINT('',(0.0399605857441559,0.0028590482436378,-0.0210202279314203));
#7597=CARTESIAN_POINT('',(0.0377105857453277,0.00156001013863781,-0.0189202279314205));
#7598=CARTESIAN_POINT('',(0.0399605857441557,0.0028590482436378,-0.0189202279314203));
#7599=CARTESIAN_POINT('',(0.0399605857441557,0.0028590482436378,-0.0189202279314203));
#7600=CARTESIAN_POINT('',(0.0399605857441557,0.0028590482436378,-0.0189202279314203));
#7601=CARTESIAN_POINT('',(0.0399605857441559,0.0028590482436378,-0.0210202279314203));
#7602=CARTESIAN_POINT('',(0.0399605857441559,0.0054571244536378,-0.0210202279314203));
#7603=CARTESIAN_POINT('',(0.0399605857441557,0.0028590482436378,-0.0189202279314203));
#7604=CARTESIAN_POINT('',(0.0399605857441557,0.00545712445363781,-0.0189202279314203));
#7605=CARTESIAN_POINT('',(0.0399605857441557,0.00545712445363781,-0.0189202279314203));
#7606=CARTESIAN_POINT('',(0.0399605857441557,0.00545712445363781,-0.0189202279314203));
#7607=CARTESIAN_POINT('',(0.0399605857441559,0.0054571244536378,-0.0210202279314203));
#7608=CARTESIAN_POINT('',(0.0377105857453279,0.0067561625586378,-0.0210202279314205));
#7609=CARTESIAN_POINT('',(0.0399605857441557,0.00545712445363781,-0.0189202279314203));
#7610=CARTESIAN_POINT('',(0.0377105857453278,0.00675616255863781,-0.0189202279314205));
#7611=CARTESIAN_POINT('',(0.0377105857453278,0.00675616255863781,-0.0189202279314205));
#7612=CARTESIAN_POINT('',(0.0377105857453278,0.00675616255863781,-0.0189202279314205));
#7613=CARTESIAN_POINT('',(0.0377105857453279,0.0067561625586378,-0.0210202279314205));
#7614=CARTESIAN_POINT('',(0.0377105857453278,0.00675616255863781,-0.0189202279314205));
#7615=CARTESIAN_POINT('',(0.0377105857453278,0.00415808634863781,-0.0189202279314205));
#7616=CARTESIAN_POINT('',(0.0377105857453278,0.00415808634863781,-0.0189202279314205));
#7617=CARTESIAN_POINT('',(0.0364605857453278,0.00415808634863781,-0.0189202279314206));
#7618=CARTESIAN_POINT('',(0.0377105857453279,0.0041580863486378,-0.0210202279314205));
#7619=CARTESIAN_POINT('',(0.0377105857453279,0.00415808634863781,-0.0210202279314205));
#7620=CARTESIAN_POINT('',(0.0364605857453279,0.00415808634863781,-0.0210202279314206));
#7621=CARTESIAN_POINT('',(0.0377105857453279,0.00415808634863781,-0.0214669563758081));
#7622=CARTESIAN_POINT('',(0.0377105857453279,0.00415808634863781,-0.0214669563758081));
#7623=CARTESIAN_POINT('',(0.0377105857453279,0.00415808634863781,-0.0214669563758081));
#7624=CARTESIAN_POINT('',(0.0377105857453279,0.00290808634863781,-0.0214669563758081));
#7625=CARTESIAN_POINT('',(0.0377105857453279,0.00415808634863781,-0.0214669563758081));
#7626=CARTESIAN_POINT('',(-0.00410167164460686,-0.0145595640592475,-0.00341667393142296));
#7627=CARTESIAN_POINT('',(-0.00410167164460686,-0.0145595640592475,-0.00341667393142296));
#7628=CARTESIAN_POINT('',(-0.00410167164460686,-0.0145595640592475,-0.00341667393142296));
#7629=CARTESIAN_POINT('',(-0.00410167164460686,-0.0145595640592475,-0.00341667393142296));
#7630=CARTESIAN_POINT('',(-0.00280263353960686,-0.0168095640580755,-0.00341667393142289));
#7631=CARTESIAN_POINT('',(-0.00280263353960686,-0.0168095640580755,-0.00341667393142289));
#7632=CARTESIAN_POINT('',(-0.00280263353960686,-0.0168095640580755,-0.00341667393142289));
#7633=CARTESIAN_POINT('',(-0.00280263353960686,-0.0168095640580755,-0.00341667393142289));
#7634=CARTESIAN_POINT('',(-0.00280263353960686,-0.0123095640604195,-0.00341667393142288));
#7635=CARTESIAN_POINT('',(-0.00280263353960686,-0.0123095640604195,-0.00341667393142288));
#7636=CARTESIAN_POINT('',(-0.00150359543460686,-0.0145595640592475,-0.00341667393142281));
#7637=CARTESIAN_POINT('',(-0.00150359543460684,-0.0145595640592475,-0.00341667393142281));
#7638=CARTESIAN_POINT('',(-0.00275359543460684,-0.0145595640592475,-0.00341667393142288));
#7639=CARTESIAN_POINT('',(-0.0015035954346067,-0.0145595640592475,-0.00596340237581047));
#7640=CARTESIAN_POINT('',(-0.0015035954346067,-0.0145595640592475,-0.00596340237581047));
#7641=CARTESIAN_POINT('',(-0.0008785954346067,-0.015642095813978,-0.00596340237581044));
#7642=CARTESIAN_POINT('',(-0.0015035954346067,-0.0145595640592475,-0.00596340237581047));
#7643=CARTESIAN_POINT('',(-0.0015035954346067,-0.0145595640592475,-0.00596340237581047));
#7644=CARTESIAN_POINT('',(0.00296131884537495,0.0036498989189892,-0.00341667393150764));
#7645=CARTESIAN_POINT('',(0.00296131884537383,0.00364989891898892,-0.00551667393150764));
#7646=CARTESIAN_POINT('',(0.00296131884537383,0.00364989891898892,-0.00551667393150764));
#7647=CARTESIAN_POINT('',(0.00403872349356823,0.00128575018910388,-0.00551667393150791));
#7648=CARTESIAN_POINT('',(0.00296131884537495,0.0036498989189892,-0.00341667393150764));
#7649=CARTESIAN_POINT('',(0.00296131884537495,0.0036498989189892,-0.00341667393150764));
#7650=CARTESIAN_POINT('',(0.00296131884537495,0.0036498989189892,-0.00341667393150764));
#7651=CARTESIAN_POINT('',(0.00403872349356936,0.00128575018910415,-0.00341667393150791));
#7652=CARTESIAN_POINT('',(0.00403872349356936,0.00128575018910415,-0.00341667393150791));
#7653=CARTESIAN_POINT('',(0.00403872349356936,0.00128575018910415,-0.00341667393150791));
#7654=CARTESIAN_POINT('',(0.00403872349356823,0.00128575018910388,-0.00551667393150791));
#7655=CARTESIAN_POINT('',(0.0066248386760706,0.00103673561965315,-0.00551667393150926));
#7656=CARTESIAN_POINT('',(0.00403872349356936,0.00128575018910415,-0.00341667393150791));
#7657=CARTESIAN_POINT('',(0.00662483867607172,0.00103673561965343,-0.00341667393150926));
#7658=CARTESIAN_POINT('',(0.00662483867607172,0.00103673561965343,-0.00341667393150926));
#7659=CARTESIAN_POINT('',(0.00662483867607172,0.00103673561965343,-0.00341667393150926));
#7660=CARTESIAN_POINT('',(0.0066248386760706,0.00103673561965315,-0.00551667393150926));
#7661=CARTESIAN_POINT('',(0.00813354921037856,0.00315186978008746,-0.00551667393151034));
#7662=CARTESIAN_POINT('',(0.00662483867607172,0.00103673561965343,-0.00341667393150926));
#7663=CARTESIAN_POINT('',(0.00813354921037968,0.00315186978008774,-0.00341667393151034));
#7664=CARTESIAN_POINT('',(0.00813354921037968,0.00315186978008774,-0.00341667393151034));
#7665=CARTESIAN_POINT('',(0.00813354921037968,0.00315186978008774,-0.00341667393151034));
#7666=CARTESIAN_POINT('',(0.00813354921037856,0.00315186978008746,-0.00551667393151034));
#7667=CARTESIAN_POINT('',(0.00705614456218415,0.00551601850997251,-0.00551667393151007));
#7668=CARTESIAN_POINT('',(0.00813354921037968,0.00315186978008774,-0.00341667393151034));
#7669=CARTESIAN_POINT('',(0.00705614456218527,0.00551601850997278,-0.00341667393151007));
#7670=CARTESIAN_POINT('',(0.00705614456218527,0.00551601850997278,-0.00341667393151007));
#7671=CARTESIAN_POINT('',(0.00705614456218527,0.00551601850997278,-0.00341667393151007));
#7672=CARTESIAN_POINT('',(0.00705614456218415,0.00551601850997251,-0.00551667393151007));
#7673=CARTESIAN_POINT('',(0.00447002937968179,0.00576503307942324,-0.00551667393150872));
#7674=CARTESIAN_POINT('',(0.00705614456218527,0.00551601850997278,-0.00341667393151007));
#7675=CARTESIAN_POINT('',(0.00447002937968291,0.00576503307942351,-0.00341667393150872));
#7676=CARTESIAN_POINT('',(0.00447002937968291,0.00576503307942351,-0.00341667393150872));
#7677=CARTESIAN_POINT('',(0.00447002937968291,0.00576503307942351,-0.00341667393150872));
#7678=CARTESIAN_POINT('',(0.00447002937968179,0.00576503307942324,-0.00551667393150872));
#7679=CARTESIAN_POINT('',(0.00447002937968291,0.00576503307942351,-0.00341667393150872));
#7680=CARTESIAN_POINT('',(0.00554743402787731,0.00340088434953847,-0.00341667393150899));
#7681=CARTESIAN_POINT('',(0.00554743402787733,0.00340088434953847,-0.00341667393150899));
#7682=CARTESIAN_POINT('',(0.00429743402787733,0.00340088434953847,-0.00341667393150832));
#7683=CARTESIAN_POINT('',(0.00554743402787619,0.00340088434953819,-0.00551667393150899));
#7684=CARTESIAN_POINT('',(0.00554743402787621,0.0034008843495382,-0.00551667393150899));
#7685=CARTESIAN_POINT('',(0.00429743402787621,0.0034008843495382,-0.00551667393150832));
#7686=CARTESIAN_POINT('',(0.00554743402787597,0.00340088434953814,-0.00596340237589665));
#7687=CARTESIAN_POINT('',(0.00554743402787597,0.00340088434953814,-0.00596340237589665));
#7688=CARTESIAN_POINT('',(0.00606580058119698,0.00226343276094278,-0.00596340237589678));
#7689=CARTESIAN_POINT('',(0.00554743402787597,0.00340088434953814,-0.00596340237589665));
#7690=CARTESIAN_POINT('',(0.00554743402787597,0.00340088434953814,-0.00596340237589665));
#7691=CARTESIAN_POINT('',(0.00696283004044933,-0.0167339437713051,-0.0259634030924777));
#7692=CARTESIAN_POINT('',(0.00696283004044933,-0.0167339437713051,-0.0259634030924777));
#7693=CARTESIAN_POINT('',(0.00696283004044933,-0.0167339437713051,-0.0259634030924777));
#7694=CARTESIAN_POINT('',(0.00696283004044933,-0.0167339437713051,-0.0259634030924777));
#7695=CARTESIAN_POINT('',(0.00696283004044626,-0.0167339437713049,-0.0309834030924777));
#7696=CARTESIAN_POINT('',(-0.00301034548835782,-0.0212789817108235,-0.0309834030924717));
#7697=CARTESIAN_POINT('',(0.00157181788591085,-0.0049044472499134,-0.025963403092474));
#7698=CARTESIAN_POINT('',(0.00157181788590783,-0.00490444724991321,-0.030983403092474));
#7699=CARTESIAN_POINT('',(0.00157181788590783,-0.00490444724991321,-0.030983403092474));
#7700=CARTESIAN_POINT('',(0.00157181788591085,-0.0049044472499134,-0.025963403092474));
#7701=CARTESIAN_POINT('',(0.00157181788591085,-0.0049044472499134,-0.025963403092474));
#7702=CARTESIAN_POINT('',(0.00157181788591085,-0.0049044472499134,-0.025963403092474));
#7703=CARTESIAN_POINT('',(0.00426732396318009,-0.0108191955106092,-0.0259634030924758));
#7704=CARTESIAN_POINT('',(0.00426732396318009,-0.0108191955106092,-0.0259634030924758));
#7705=CARTESIAN_POINT('',(-0.00198399497201657,-0.00903846207450723,-0.0259634030924719));
#7706=CARTESIAN_POINT('',(-0.000236984327657515,-0.0128719270617604,-0.0259634030924731));
#7707=CARTESIAN_POINT('',(-0.00208766828268077,-0.00881097175678816,-0.0259634030924719));
#7708=CARTESIAN_POINT('',(0.00241664000815683,-0.00675824020563697,-0.0259634030924745));
#7709=CARTESIAN_POINT('',(-0.00390759082443334,-0.00964035824210177,-0.0259634030924708));
#7710=CARTESIAN_POINT('',(-0.00205690686941008,-0.013701313547074,-0.0259634030924721));
#7711=CARTESIAN_POINT('',(-0.000297948021172659,-0.0175609964748854,-0.0259634030924733));
#7712=CARTESIAN_POINT('',(0.00602628281141751,-0.0146788784384206,-0.025963403092477));
#7713=CARTESIAN_POINT('',(0.00152197452057991,-0.0167316099895718,-0.0259634030924743));
#7714=CARTESIAN_POINT('',(-0.000236984327657515,-0.0128719270617604,-0.0259634030924731));
#7715=CARTESIAN_POINT('',(0.00141830120991571,-0.0165041196718527,-0.0259634030924743));
#7716=CARTESIAN_POINT('',(0.00441732868270618,-0.0111483508263383,-0.0259634030924759));
#7717=CARTESIAN_POINT('',(0.00441732868270527,-0.0111483508263382,-0.0274634030924759));
#7718=CARTESIAN_POINT('',(0.00441732868271472,-0.0111483508263388,-0.0119634030924759));
#7719=CARTESIAN_POINT('',(0.00441732868271472,-0.0111483508263388,-0.0119634030924759));
#7720=CARTESIAN_POINT('',(0.00441732868270313,-0.0111483508263381,-0.0309834030924759));
#7721=CARTESIAN_POINT('',(0.00141830120991479,-0.0165041196718527,-0.0274634030924743));
#7722=CARTESIAN_POINT('',(0.00426732396318863,-0.0108191955106097,-0.0119634030924758));
#7723=CARTESIAN_POINT('',(0.00426732396318863,-0.0108191955106097,-0.0119634030924758));
#7724=CARTESIAN_POINT('',(0.00426732396318863,-0.0108191955106097,-0.0119634030924758));
#7725=CARTESIAN_POINT('',(0.00426732396318863,-0.0108191955106097,-0.0119634030924758));
#7726=CARTESIAN_POINT('',(0.00426732396318863,-0.0108191955106097,-0.0119634030924758));
#7727=CARTESIAN_POINT('',(0.00426732396318863,-0.0108191955106097,-0.0119634030924758));
#7728=CARTESIAN_POINT('',(0.00426732396317917,-0.0108191955106092,-0.0274634030924758));
#7729=CARTESIAN_POINT('',(0.00426732396317703,-0.0108191955106091,-0.0309834030924758));
#7730=CARTESIAN_POINT('',(-0.00198399497201749,-0.00903846207450718,-0.0274634030924719));
#7731=CARTESIAN_POINT('',(0.00426732396317703,-0.0108191955106091,-0.0309834030924758));
#7732=CARTESIAN_POINT('',(0.00451128235138152,-0.0106552012419955,-0.030983403092476));
#7733=CARTESIAN_POINT('',(0.00648107525400135,-0.0149775172786579,-0.0309834030924773));
#7734=CARTESIAN_POINT('',(-0.000236984327655686,-0.0128719270617605,-0.0229634030924731));
#7735=CARTESIAN_POINT('',(0.00152197452058174,-0.0167316099895719,-0.0229634030924743));
#7736=CARTESIAN_POINT('',(0.00152197452058174,-0.0167316099895719,-0.0229634030924743));
#7737=CARTESIAN_POINT('',(-0.000236984327655686,-0.0128719270617605,-0.0229634030924731));
#7738=CARTESIAN_POINT('',(-0.000236984327655686,-0.0128719270617605,-0.0229634030924731));
#7739=CARTESIAN_POINT('',(-0.000236984327655686,-0.0128719270617605,-0.0229634030924731));
#7740=CARTESIAN_POINT('',(-0.00208766828267894,-0.00881097175678826,-0.0229634030924719));
#7741=CARTESIAN_POINT('',(-0.00208766828267894,-0.00881097175678826,-0.0229634030924719));
#7742=CARTESIAN_POINT('',(0.00602628281141934,-0.0146788784384207,-0.022963403092477));
#7743=CARTESIAN_POINT('',(-0.00029794802117083,-0.0175609964748855,-0.0229634030924733));
#7744=CARTESIAN_POINT('',(-0.00029794802117083,-0.0175609964748855,-0.0229634030924733));
#7745=CARTESIAN_POINT('',(0.00602628281141934,-0.0146788784384207,-0.022963403092477));
#7746=CARTESIAN_POINT('',(0.00241664000815866,-0.00675824020563707,-0.0229634030924745));
#7747=CARTESIAN_POINT('',(0.00241664000815866,-0.00675824020563707,-0.0229634030924745));
#7748=CARTESIAN_POINT('',(-0.00390759082443151,-0.00964035824210187,-0.0229634030924708));
#7749=CARTESIAN_POINT('',(-0.00390759082443151,-0.00964035824210187,-0.0229634030924708));
#7750=CARTESIAN_POINT('',(-0.00205690686940826,-0.0137013135470741,-0.0229634030924721));
#7751=CARTESIAN_POINT('',(-0.00205690686940826,-0.0137013135470741,-0.0229634030924721));
#7752=CARTESIAN_POINT('',(0.00426732396318192,-0.0108191955106094,-0.0229634030924758));
#7753=CARTESIAN_POINT('',(0.00451128235138092,-0.0106552012419954,-0.0319634030924759));
#7754=CARTESIAN_POINT('',(0.00451128235138092,-0.0106552012419954,-0.0319634030924759));
#7755=CARTESIAN_POINT('',(0.00648107525400075,-0.0149775172786578,-0.0319634030924772));
#7756=CARTESIAN_POINT('',(0.00451128235138092,-0.0106552012419954,-0.0319634030924759));
#7757=CARTESIAN_POINT('',(0.0423054413819643,-0.00488588825813317,-0.0429669563758306));
#7758=CARTESIAN_POINT('',(0.0393527342408714,0.000495556366507495,-0.0429669563758306));
#7759=CARTESIAN_POINT('',(0.0393527342408714,0.000495556366507495,-0.0384669563758306));
#7760=CARTESIAN_POINT('',(0.0393527342408714,0.000495556366507495,-0.0429669563758306));
#7761=CARTESIAN_POINT('',(0.0393527342408714,0.000495556366507497,-0.0274669563758306));
#7762=CARTESIAN_POINT('',(0.0423054413819643,-0.00488588825813317,-0.0274669563758306));
#7763=CARTESIAN_POINT('',(0.0362196797124811,-0.00408468253462425,-0.0274669563758306));
#7764=CARTESIAN_POINT('',(0.0423054413819643,-0.00488588825813317,-0.0274669563758306));
#7765=CARTESIAN_POINT('',(0.038981255647727,-0.0100461416349964,-0.0274669563758306));
#7766=CARTESIAN_POINT('',(0.038981255647727,-0.0100461416349964,-0.0429669563758306));
#7767=CARTESIAN_POINT('',(0.0426640713114109,-0.00493310278405439,-0.0429669563758306));
#7768=CARTESIAN_POINT('',(0.0452941207906641,-0.0108772460979962,-0.0429669563758306));
#7769=CARTESIAN_POINT('',(0.0452941207906641,-0.0108772460979963,-0.0274669563758306));
#7770=CARTESIAN_POINT('',(0.0426640713114109,-0.00493310278405439,-0.0274669563758306));
#7771=CARTESIAN_POINT('',(0.0491084629103407,-0.00578152303348453,-0.0274669563758306));
#7772=CARTESIAN_POINT('',(0.0426640713114109,-0.00493310278405439,-0.0274669563758306));
#7773=CARTESIAN_POINT('',(0.0474869132422884,-0.000575328614851748,-0.0274669563758306));
#7774=CARTESIAN_POINT('',(0.0474869132422884,-0.000575328614851748,-0.0429669563758306));
#7775=CARTESIAN_POINT('',(0.0474869132422884,-0.00057532861485175,-0.0384669563758306));
#7776=CARTESIAN_POINT('',(0.0474869132422884,-0.000575328614851748,-0.0429669563758306));
#7777=CARTESIAN_POINT('',(0.0433101759629,-2.54507202540116E-5,-0.0384669563758306));
#7778=CARTESIAN_POINT('',(0.0391048730255279,0.000528187914562499,-0.0384669563758306));
#7779=CARTESIAN_POINT('',(0.0391048730255279,0.000528187914562499,-0.0384669563758306));
#7780=CARTESIAN_POINT('',(0.0433101759629,-2.54507202540116E-5,-0.0384669563758306));
#7781=CARTESIAN_POINT('',(0.0433101759629,-2.54507202540116E-5,-0.0384669563758306));
#7782=CARTESIAN_POINT('',(0.0433101759629,-2.54507202540116E-5,-0.0384669563758306));
#7783=CARTESIAN_POINT('',(0.0477347744576318,-0.000607960162906756,-0.0384669563758306));
#7784=CARTESIAN_POINT('',(0.0477347744576318,-0.000607960162906756,-0.0384669563758306));
#7785=CARTESIAN_POINT('',(0.0384587683740388,-0.00437946414923788,-0.0384669563758306));
#7786=CARTESIAN_POINT('',(0.039365925409968,0.00251107763731013,-0.0384669563758306));
#7787=CARTESIAN_POINT('',(0.039365925409968,0.00251107763731013,-0.0384669563758306));
#7788=CARTESIAN_POINT('',(0.0384587683740388,-0.00437946414923788,-0.0384669563758306));
#7789=CARTESIAN_POINT('',(0.0470886698061427,-0.00551561222670713,-0.0384669563758306));
#7790=CARTESIAN_POINT('',(0.0470886698061427,-0.00551561222670713,-0.0384669563758306));
#7791=CARTESIAN_POINT('',(0.0479958268420719,0.00137492955984087,-0.0384669563758306));
#7792=CARTESIAN_POINT('',(0.0479958268420719,0.00137492955984087,-0.0384669563758306));
#7793=CARTESIAN_POINT('',(0.04357122834734,0.00195743900249362,-0.0384669563758306));
#7794=CARTESIAN_POINT('',(0.04357122834734,0.00195743900249362,-0.0384669563758306));
#7795=CARTESIAN_POINT('',(0.03549525934566,-0.00958720151524892,-0.0174669563758306));
#7796=CARTESIAN_POINT('',(0.03549525934566,-0.00958720151524892,-0.0274669563758306));
#7797=CARTESIAN_POINT('',(0.03549525934566,-0.00958720151524892,-0.0274669563758306));
#7798=CARTESIAN_POINT('',(0.03549525934566,-0.00958720151524892,-0.0174669563758306));
#7799=CARTESIAN_POINT('',(0.0483840425435195,-0.0112840420141092,-0.0174669563758306));
#7800=CARTESIAN_POINT('',(0.0483840425435195,-0.0112840420141092,-0.0274669563758306));
#7801=CARTESIAN_POINT('',(0.03549525934566,-0.00958720151524892,-0.0274669563758306));
#7802=CARTESIAN_POINT('',(0.0426640713114109,-0.00493310278405439,-0.0274669563758306));
#7803=CARTESIAN_POINT('',(0.0483840425435195,-0.0112840420141092,-0.0274669563758306));
#7804=CARTESIAN_POINT('',(0.0497545675618298,-0.000873870969684147,-0.0274669563758306));
#7805=CARTESIAN_POINT('',(0.0433101759629,-2.54507202540073E-5,-0.0274669563758306));
#7806=CARTESIAN_POINT('',(0.0426640713114109,-0.00493310278405439,-0.0274669563758306));
#7807=CARTESIAN_POINT('',(0.0483840425435195,-0.0112840420141092,-0.0274669563758306));
#7808=CARTESIAN_POINT('',(0.0426640713114109,-0.00493310278405439,-0.0274669563758306));
#7809=CARTESIAN_POINT('',(0.03549525934566,-0.00958720151524892,-0.0274669563758306));
#7810=CARTESIAN_POINT('',(0.03549525934566,-0.00958720151524892,-0.0174669563758306));
#7811=CARTESIAN_POINT('',(0.03549525934566,-0.00958720151524892,-0.0274669563758306));
#7812=CARTESIAN_POINT('',(0.0368657843639702,0.000822969529176132,-0.0274669563758306));
#7813=CARTESIAN_POINT('',(0.0368657843639702,0.000822969529176135,-0.0169669563758306));
#7814=CARTESIAN_POINT('',(0.0483840425435195,-0.0112840420141092,-0.0174669563758306));
#7815=CARTESIAN_POINT('',(0.0497545675618298,-0.000873870969684143,-0.0174669563758306));
#7816=CARTESIAN_POINT('',(0.0426640713114109,-0.00493310278405439,-0.0274669563758306));
#7817=CARTESIAN_POINT('',(0.0433101759629,-2.54507202540073E-5,-0.0274669563758306));
#7818=CARTESIAN_POINT('',(0.0517374572845774,-0.00113492335412419,-0.0169669563758306));
#7819=CARTESIAN_POINT('',(0.0517374572845774,-0.00113492335412419,-0.0384669563758306));
#7820=CARTESIAN_POINT('',(0.0426640713114109,-0.00493310278405439,-0.0384669563758306));
#7821=CARTESIAN_POINT('',(0.0223024046111812,-0.00550609852259273,-0.0318675128085068));
#7822=CARTESIAN_POINT('',(0.0223024046111907,-0.00550609852259326,-0.0163675128085068));
#7823=CARTESIAN_POINT('',(0.0284348378001103,-0.00577384633784613,-0.0163675128085105));
#7824=CARTESIAN_POINT('',(0.025712899613563,-0.0106097197416816,-0.016367512808509));
#7825=CARTESIAN_POINT('',(0.0223024046111907,-0.00550609852259326,-0.0163675128085068));
#7826=CARTESIAN_POINT('',(0.0251641950991963,-7.57595910075613E-5,-0.0163675128085083));
#7827=CARTESIAN_POINT('',(0.0251641950991869,-7.57595910070314E-5,-0.0318675128085083));
#7828=CARTESIAN_POINT('',(0.0251641950991848,-7.57595910069056E-5,-0.0353875128085083));
#7829=CARTESIAN_POINT('',(0.0223024046111791,-0.0055060985225926,-0.0353875128085068));
#7830=CARTESIAN_POINT('',(0.0284348378000987,-0.00577384633784548,-0.0353875128085105));
#7831=CARTESIAN_POINT('',(0.0284348378001017,-0.00577384633784565,-0.0303675128085105));
#7832=CARTESIAN_POINT('',(0.0284348378001017,-0.00577384633784565,-0.0303675128085105));
#7833=CARTESIAN_POINT('',(0.0223024046111821,-0.00550609852259278,-0.0303675128085068));
#7834=CARTESIAN_POINT('',(0.0257128996135544,-0.0106097197416811,-0.030367512808509));
#7835=CARTESIAN_POINT('',(0.0257128996135535,-0.0106097197416811,-0.031867512808509));
#7836=CARTESIAN_POINT('',(0.0257128996135563,-0.0106097197416812,-0.027367512808509));
#7837=CARTESIAN_POINT('',(0.0257128996135535,-0.0106097197416811,-0.031867512808509));
#7838=CARTESIAN_POINT('',(0.0219410243598236,-0.00549032032007589,-0.0163675128085066));
#7839=CARTESIAN_POINT('',(0.0219410243598236,-0.00549032032007589,-0.0163675128085066));
#7840=CARTESIAN_POINT('',(0.0175163398430687,-0.0102518502136279,-0.016367512808504));
#7841=CARTESIAN_POINT('',(0.015447210919537,-0.00520679430230564,-0.0163675128085026));
#7842=CARTESIAN_POINT('',(0.0156892985193254,0.000337923327477567,-0.0163675128085025));
#7843=CARTESIAN_POINT('',(0.0152312949521581,-0.0101520829991393,-0.0163675128085026));
#7844=CARTESIAN_POINT('',(0.0217251083924447,-0.0104356090169096,-0.0163675128085066));
#7845=CARTESIAN_POINT('',(0.0219410243598236,-0.00549032032007589,-0.0163675128085066));
#7846=CARTESIAN_POINT('',(0.0219410243598236,-0.00549032032007589,-0.0163675128085066));
#7847=CARTESIAN_POINT('',(0.0188029167872561,0.000201979818092717,-0.0163675128085044));
#7848=CARTESIAN_POINT('',(0.0286769253998987,-0.000229128708062925,-0.0163675128085105));
#7849=CARTESIAN_POINT('',(0.0156892985193254,0.000337923327477567,-0.0163675128085025));
#7850=CARTESIAN_POINT('',(0.0156892985193254,0.000337923327477567,-0.0163675128085025));
#7851=CARTESIAN_POINT('',(0.0219410243598236,-0.00549032032007589,-0.0163675128085066));
#7852=CARTESIAN_POINT('',(0.0286769253998987,-0.000229128708062925,-0.0163675128085105));
#7853=CARTESIAN_POINT('',(0.0286769253998987,-0.000229128708062925,-0.0163675128085105));
#7854=CARTESIAN_POINT('',(0.0286769253998987,-0.000229128708062925,-0.0163675128085105));
#7855=CARTESIAN_POINT('',(0.0286769253999048,-0.00022912870806327,-0.00636751280851048));
#7856=CARTESIAN_POINT('',(0.0286769253999048,-0.00022912870806327,-0.00636751280851048));
#7857=CARTESIAN_POINT('',(0.0286769253998987,-0.000229128708062925,-0.0163675128085105));
#7858=CARTESIAN_POINT('',(0.0282189218327314,-0.0107191350346798,-0.0163675128085106));
#7859=CARTESIAN_POINT('',(0.0282189218327378,-0.0107191350346802,-0.00586751280851056));
#7860=CARTESIAN_POINT('',(0.0286769253999048,-0.00022912870806327,-0.00636751280851048));
#7861=CARTESIAN_POINT('',(0.0156892985193315,0.000337923327477223,-0.00636751280850254));
#7862=CARTESIAN_POINT('',(0.0188029167872466,0.000201979818093247,-0.0318675128085044));
#7863=CARTESIAN_POINT('',(0.0188029167872445,0.000201979818093369,-0.0353875128085044));
#7864=CARTESIAN_POINT('',(0.0188029167872445,0.000201979818093369,-0.0353875128085044));
#7865=CARTESIAN_POINT('',(0.0156892985193315,0.000337923327477223,-0.00636751280850254));
#7866=CARTESIAN_POINT('',(0.0152312949521642,-0.0101520829991397,-0.00636751280850262));
#7867=CARTESIAN_POINT('',(0.0219410243598236,-0.00549032032007589,-0.0163675128085066));
#7868=CARTESIAN_POINT('',(0.0217251083924447,-0.0104356090169096,-0.0163675128085066));
#7869=CARTESIAN_POINT('',(0.0219410243598142,-0.00549032032007535,-0.0318675128085066));
#7870=CARTESIAN_POINT('',(0.0219410243598151,-0.0054903203200754,-0.0303675128085066));
#7871=CARTESIAN_POINT('',(0.0175163398430602,-0.0102518502136274,-0.030367512808504));
#7872=CARTESIAN_POINT('',(0.0154472109195284,-0.00520679430230516,-0.0303675128085026));
#7873=CARTESIAN_POINT('',(0.0154472109195284,-0.00520679430230516,-0.0303675128085026));
#7874=CARTESIAN_POINT('',(0.0154472109195254,-0.00520679430230494,-0.0353875128085026));
#7875=CARTESIAN_POINT('',(0.0219410243598121,-0.00549032032007525,-0.0353875128085065));
#7876=CARTESIAN_POINT('',(0.0175163398430593,-0.0102518502136274,-0.031867512808504));
#7877=CARTESIAN_POINT('',(0.017516339843062,-0.0102518502136275,-0.027367512808504));
#7878=CARTESIAN_POINT('',(0.0175163398430593,-0.0102518502136274,-0.031867512808504));
#7879=CARTESIAN_POINT('',(0.0284348378001017,-0.00577384633784565,-0.0303675128085105));
#7880=CARTESIAN_POINT('',(0.0284348378001017,-0.00577384633784565,-0.0303675128085105));
#7881=CARTESIAN_POINT('',(0.0279567693147507,-0.0167234148463903,-0.0353875128085106));
#7882=CARTESIAN_POINT('',(0.0154472109195284,-0.00520679430230516,-0.0303675128085026));
#7883=CARTESIAN_POINT('',(0.0154472109195254,-0.00520679430230494,-0.0353875128085026));
#7884=CARTESIAN_POINT('',(0.0154472109195284,-0.00520679430230516,-0.0303675128085026));
#7885=CARTESIAN_POINT('',(0.0219410243598151,-0.0054903203200754,-0.0303675128085066));
#7886=CARTESIAN_POINT('',(0.0217251083924362,-0.0104356090169091,-0.0303675128085066));
#7887=CARTESIAN_POINT('',(0.0172665777876646,-0.0102409453667901,-0.0303675128085039));
#7888=CARTESIAN_POINT('',(0.0174824937550434,-0.00529565666995646,-0.0303675128085038));
#7889=CARTESIAN_POINT('',(0.017179339012966,-0.0122390418099552,-0.0303675128085039));
#7890=CARTESIAN_POINT('',(0.0216378696177377,-0.0124337054600742,-0.0303675128085066));
#7891=CARTESIAN_POINT('',(0.0258754228942515,-0.0126187210316836,-0.0303675128085092));
#7892=CARTESIAN_POINT('',(0.0261785776363289,-0.00567533589168477,-0.0303675128085091));
#7893=CARTESIAN_POINT('',(0.0259626616689501,-0.0106206245885184,-0.0303675128085092));
#7894=CARTESIAN_POINT('',(0.0217251083924362,-0.0104356090169091,-0.0303675128085066));
#7895=CARTESIAN_POINT('',(0.0219410243598121,-0.00549032032007525,-0.0353875128085065));
#7896=CARTESIAN_POINT('',(0.0219056591871199,-0.00519849996459278,-0.0353875128085065));
#7897=CARTESIAN_POINT('',(0.0266511382396371,-0.00540569205450181,-0.0353875128085094));
#7898=CARTESIAN_POINT('',(0.0132331985089994,-0.0100648442244411,-0.0058675128085014));
#7899=CARTESIAN_POINT('',(0.0132331985089863,-0.0100648442244404,-0.0273675128085014));
#7900=CARTESIAN_POINT('',(0.021725108392438,-0.0104356090169092,-0.0273675128085066));
#7901=CARTESIAN_POINT('',(0.0259626616689519,-0.0106206245885185,-0.0273675128085092));
#7902=CARTESIAN_POINT('',(0.0259626616689519,-0.0106206245885185,-0.0273675128085092));
#7903=CARTESIAN_POINT('',(0.021725108392438,-0.0104356090169092,-0.0273675128085066));
#7904=CARTESIAN_POINT('',(0.021725108392438,-0.0104356090169092,-0.0273675128085066));
#7905=CARTESIAN_POINT('',(0.021725108392438,-0.0104356090169092,-0.0273675128085066));
#7906=CARTESIAN_POINT('',(0.0172665777876664,-0.0102409453667902,-0.0273675128085039));
#7907=CARTESIAN_POINT('',(0.0172665777876664,-0.0102409453667902,-0.0273675128085039));
#7908=CARTESIAN_POINT('',(0.0261785776363308,-0.00567533589168488,-0.0273675128085091));
#7909=CARTESIAN_POINT('',(0.0258754228942534,-0.0126187210316837,-0.0273675128085092));
#7910=CARTESIAN_POINT('',(0.0258754228942534,-0.0126187210316837,-0.0273675128085092));
#7911=CARTESIAN_POINT('',(0.0261785776363308,-0.00567533589168488,-0.0273675128085091));
#7912=CARTESIAN_POINT('',(0.0174824937550453,-0.00529565666995656,-0.0273675128085038));
#7913=CARTESIAN_POINT('',(0.0174824937550453,-0.00529565666995656,-0.0273675128085038));
#7914=CARTESIAN_POINT('',(0.0171793390129679,-0.0122390418099553,-0.0273675128085039));
#7915=CARTESIAN_POINT('',(0.0171793390129679,-0.0122390418099553,-0.0273675128085039));
#7916=CARTESIAN_POINT('',(0.0216378696177395,-0.0124337054600743,-0.0273675128085066));
#7917=CARTESIAN_POINT('',(0.0216378696177395,-0.0124337054600743,-0.0273675128085066));
#7918=CARTESIAN_POINT('',(0.0219410243598169,-0.00549032032007551,-0.0273675128085066));
#7919=CARTESIAN_POINT('',(0.0219056591871193,-0.00519849996459275,-0.0363675128085065));
#7920=CARTESIAN_POINT('',(0.0219056591871193,-0.00519849996459275,-0.0363675128085065));
#7921=CARTESIAN_POINT('',(0.0266511382396365,-0.00540569205450178,-0.0363675128085094));
#7922=CARTESIAN_POINT('',(0.0219056591871193,-0.00519849996459275,-0.0363675128085065));
#7923=MECHANICAL_DESIGN_GEOMETRIC_PRESENTATION_REPRESENTATION('',(#4529),
#7924);
#7924=(
GEOMETRIC_REPRESENTATION_CONTEXT(3)
GLOBAL_UNCERTAINTY_ASSIGNED_CONTEXT((#7925))
GLOBAL_UNIT_ASSIGNED_CONTEXT((#7928,#7927,#7926))
REPRESENTATION_CONTEXT('driver_side_palm_cover3',
'TOP_LEVEL_ASSEMBLY_PART')
);
#7925=UNCERTAINTY_MEASURE_WITH_UNIT(LENGTH_MEASURE(2.60000000000088E-5),
#7928,'DISTANCE_ACCURACY_VALUE','Maximum Tolerance applied to model');
#7926=(
NAMED_UNIT(*)
SI_UNIT($,.STERADIAN.)
SOLID_ANGLE_UNIT()
);
#7927=(
NAMED_UNIT(*)
PLANE_ANGLE_UNIT()
SI_UNIT($,.RADIAN.)
);
#7928=(
LENGTH_UNIT()
NAMED_UNIT(*)
SI_UNIT($,.METRE.)
);
#7929=PRODUCT_DEFINITION_SHAPE('','',#7930);
#7930=PRODUCT_DEFINITION('','',#7932,#7931);
#7931=PRODUCT_DEFINITION_CONTEXT('',#7938,'design');
#7932=PRODUCT_DEFINITION_FORMATION_WITH_SPECIFIED_SOURCE('','',#7934,
 .NOT_KNOWN.);
#7933=PRODUCT_RELATED_PRODUCT_CATEGORY('','',(#7934));
#7934=PRODUCT('driver_side_palm_cover3','driver_side_palm_cover3',
'driver_side_palm_cover3',(#7936));
#7935=PRODUCT_CATEGORY('','');
#7936=PRODUCT_CONTEXT('',#7938,'mechanical');
#7937=APPLICATION_PROTOCOL_DEFINITION('international standard',
'ap242_managed_model_based_3d_engineering',2020,#7938);
#7938=APPLICATION_CONTEXT('managed model based 3d engineering');
ENDSEC;
END-ISO-10303-21;
