ISO-10303-21;
HEADER;
/* Generated by software containing ST-Developer
 * from STEP Tools, Inc. (www.steptools.com) 
 */
/* OPTION: using custom renumber hook */

FILE_DESCRIPTION(
/* description */ ('STEP AP242 Edition 2',
'CAx-IF Rec.Pracs.---Representation and Presentation of Product Manufa
cturing Information (PMI)---4.0---2014-10-13',
'CAx-IF Rec.Pracs.---3D Tessellated Geometry---0.4---2014-09-14','2;1',
'CAx-IF Rec.Pracs.---User Defined Attributes---1.5---2016-08-15'),
/* implementation_level */ '2;1');

FILE_NAME(
/* name */ 'Robotic Hand_V5_simulacra - third_thumb_hinge',
/* time_stamp */ '2026-09-25T22:15:32Z',
/* author */ (''),
/* organization */ (''),
/* preprocessor_version */ 'ST-DEVELOPER v20',
/* originating_system */ 'ONSHAPE BY PTC INC, 1.221',
/* authorisation */ '  ');

FILE_SCHEMA (('AP242_MANAGED_MODEL_BASED_3D_ENGINEERING_MIM_LF { 1 0 10303 442 3 1 4 }'));
ENDSEC;

DATA;
#10=SHAPE_REPRESENTATION_RELATIONSHIP('','',#733,#11);
#11=ADVANCED_BREP_SHAPE_REPRESENTATION('',(#731),#1602);
#12=(
BOUNDED_SURFACE()
B_SPLINE_SURFACE(3,2,((#1374,#1375,#1376),(#1377,#1378,#1379),(#1380,#1381,
#1382),(#1383,#1384,#1385),(#1386,#1387,#1388),(#1389,#1390,#1391),(#1392,
#1393,#1394),(#1395,#1396,#1397),(#1398,#1399,#1400),(#1401,#1402,#1403),
(#1404,#1405,#1406),(#1407,#1408,#1409),(#1410,#1411,#1412),(#1413,#1414,
#1415),(#1416,#1417,#1418),(#1419,#1420,#1421),(#1422,#1423,#1424),(#1425,
#1426,#1427),(#1428,#1429,#1430),(#1431,#1432,#1433),(#1434,#1435,#1436),
(#1437,#1438,#1439),(#1440,#1441,#1442)),.UNSPECIFIED.,.F.,.F.,.F.)
B_SPLINE_SURFACE_WITH_KNOTS((4,1,1,1,1,1,1,1,1,1,1,1,1,1,1,1,1,1,1,1,4),
(3,3),(1.34441069388203E-17,0.000982002204361731,0.00196400440872345,0.00245500551090431,
0.00294600661308517,0.00343700771526602,0.00392800881744688,0.0049100110218086,
0.00589201322617032,0.00687401543053203,0.00785601763489375,0.00883801983925547,
0.00982002204361719,0.0108020242479789,0.0117840264523406,0.0122750275545215,
0.0127660286567023,0.0132570297588832,0.0137480308610641,0.0147300330654258,
0.0157120352697875),(0.,1.),.UNSPECIFIED.)
GEOMETRIC_REPRESENTATION_ITEM()
RATIONAL_B_SPLINE_SURFACE(((1.,0.545538937286331,1.),(1.,0.513777827169398,
1.),(1.,0.447313666223807,1.),(1.,0.373779204949132,1.),(1.,0.351692998001639,
1.),(1.,0.360376553964183,1.),(1.,0.390457043217709,1.),(1.,0.447750846067816,
1.),(1.,0.531745460876957,1.),(1.,0.623519959421585,1.),(1.,0.690206996206035,
1.),(1.,0.715436792412024,1.),(1.,0.690679815452248,1.),(1.,0.624003032864813,
1.),(1.,0.531931801054459,1.),(1.,0.448337274129413,1.),(1.,0.390752608878729,
1.),(1.,0.360509282756539,1.),(1.,0.35167197122393,1.),(1.,0.37336706117983,
1.),(1.,0.446970633031155,1.),(1.,0.513729025965574,1.),(1.,0.545538937286325,
1.)))
REPRESENTATION_ITEM('')
SURFACE()
);
#13=(
BOUNDED_SURFACE()
B_SPLINE_SURFACE(3,2,((#1445,#1446,#1447),(#1448,#1449,#1450),(#1451,#1452,
#1453),(#1454,#1455,#1456),(#1457,#1458,#1459),(#1460,#1461,#1462),(#1463,
#1464,#1465)),.UNSPECIFIED.,.F.,.F.,.F.)
B_SPLINE_SURFACE_WITH_KNOTS((4,1,1,1,4),(3,3),(3.98986399474666E-17,0.00137541000583625,
0.00275082001167246,0.00412623001750867,0.00550164002334488),(0.,1.),
 .UNSPECIFIED.)
GEOMETRIC_REPRESENTATION_ITEM()
RATIONAL_B_SPLINE_SURFACE(((1.,0.545538937286329,1.),(1.,0.562407883676933,
1.),(1.,0.585590963277748,1.),(1.,0.594597283510197,1.),(1.,0.585667473893014,
1.),(1.,0.562413101300144,1.),(1.,0.545538937286331,1.)))
REPRESENTATION_ITEM('')
SURFACE()
);
#14=(
BOUNDED_SURFACE()
B_SPLINE_SURFACE(3,2,((#1466,#1467,#1468),(#1469,#1470,#1471),(#1472,#1473,
#1474),(#1475,#1476,#1477),(#1478,#1479,#1480),(#1481,#1482,#1483),(#1484,
#1485,#1486),(#1487,#1488,#1489),(#1490,#1491,#1492),(#1493,#1494,#1495),
(#1496,#1497,#1498),(#1499,#1500,#1501),(#1502,#1503,#1504),(#1505,#1506,
#1507),(#1508,#1509,#1510),(#1511,#1512,#1513),(#1514,#1515,#1516),(#1517,
#1518,#1519),(#1520,#1521,#1522),(#1523,#1524,#1525),(#1526,#1527,#1528),
(#1529,#1530,#1531),(#1532,#1533,#1534)),.UNSPECIFIED.,.F.,.F.,.F.)
B_SPLINE_SURFACE_WITH_KNOTS((4,1,1,1,1,1,1,1,1,1,1,1,1,1,1,1,1,1,1,1,4),
(3,3),(2.08166817117217E-17,0.00098200220436174,0.00196400440872346,0.00245500551090432,
0.00294600661308518,0.00343700771526604,0.0039280088174469,0.00491001102180862,
0.00589201322617034,0.00687401543053206,0.00785601763489378,0.0088380198392555,
0.00982002204361722,0.0108020242479789,0.0117840264523407,0.0122750275545215,
0.0127660286567024,0.0132570297588832,0.0137480308610641,0.0147300330654258,
0.0157120352697875),(0.,1.),.UNSPECIFIED.)
GEOMETRIC_REPRESENTATION_ITEM()
RATIONAL_B_SPLINE_SURFACE(((1.,0.54553893728633,1.),(1.,0.513777827169213,
1.),(1.,0.447313666223889,1.),(1.,0.373779204949119,1.),(1.,0.351692998001639,
1.),(1.,0.360376553964176,1.),(1.,0.390457043217708,1.),(1.,0.447750846067815,
1.),(1.,0.531745460876955,1.),(1.,0.623519959421577,1.),(1.,0.690206996206039,
1.),(1.,0.71543679241203,1.),(1.,0.690679815452246,1.),(1.,0.624003032864817,
1.),(1.,0.531931801054468,1.),(1.,0.448337274129417,1.),(1.,0.390752608878732,
1.),(1.,0.360509282756543,1.),(1.,0.351671971223935,1.),(1.,0.373367061179835,
1.),(1.,0.446970633031125,1.),(1.,0.513729025965651,1.),(1.,0.545538937286329,
1.)))
REPRESENTATION_ITEM('')
SURFACE()
);
#15=(
BOUNDED_SURFACE()
B_SPLINE_SURFACE(3,2,((#1537,#1538,#1539),(#1540,#1541,#1542),(#1543,#1544,
#1545),(#1546,#1547,#1548),(#1549,#1550,#1551),(#1552,#1553,#1554),(#1555,
#1556,#1557)),.UNSPECIFIED.,.F.,.F.,.F.)
B_SPLINE_SURFACE_WITH_KNOTS((4,1,1,1,4),(3,3),(-2.88397777881144E-17,0.00137541000583618,
0.00275082001167239,0.00412623001750859,0.0055016400233448),(0.,1.),
 .UNSPECIFIED.)
GEOMETRIC_REPRESENTATION_ITEM()
RATIONAL_B_SPLINE_SURFACE(((1.,0.545538937286332,1.),(1.,0.562407883676756,
1.),(1.,0.585590963277799,1.),(1.,0.594597283510322,1.),(1.,0.585667473892473,
1.),(1.,0.562413101301329,1.),(1.,0.54553893728633,1.)))
REPRESENTATION_ITEM('')
SURFACE()
);
#16=DEGENERATE_TOROIDAL_SURFACE('',#778,0.00085,0.004,.T.);
#17=DEGENERATE_TOROIDAL_SURFACE('',#799,0.00085,0.004,.T.);
#18=ELLIPSE('',#766,0.0014142135623731,0.001);
#19=ELLIPSE('',#767,0.0014142135623731,0.001);
#20=ELLIPSE('',#768,0.0014142135623731,0.001);
#21=ELLIPSE('',#769,0.0014142135623731,0.001);
#22=ELLIPSE('',#770,0.0014142135623731,0.001);
#23=ELLIPSE('',#771,0.0014142135623731,0.001);
#24=ELLIPSE('',#772,0.0014142135623731,0.001);
#25=CYLINDRICAL_SURFACE('',#754,0.0035);
#26=CYLINDRICAL_SURFACE('',#761,0.003);
#27=CYLINDRICAL_SURFACE('',#764,0.001);
#28=CYLINDRICAL_SURFACE('',#774,0.00485);
#29=CYLINDRICAL_SURFACE('',#782,0.0035);
#30=CYLINDRICAL_SURFACE('',#784,0.003);
#31=CYLINDRICAL_SURFACE('',#791,0.0035);
#32=CYLINDRICAL_SURFACE('',#800,0.00275);
#33=CYLINDRICAL_SURFACE('',#807,0.001);
#34=CYLINDRICAL_SURFACE('',#808,0.001);
#35=CYLINDRICAL_SURFACE('',#809,0.001);
#36=CYLINDRICAL_SURFACE('',#810,0.002);
#37=CYLINDRICAL_SURFACE('',#811,0.002);
#38=CYLINDRICAL_SURFACE('',#813,0.0011622948875438);
#39=CYLINDRICAL_SURFACE('',#814,0.00059163348400152);
#40=CYLINDRICAL_SURFACE('',#815,0.000593317794397158);
#41=CYLINDRICAL_SURFACE('',#818,0.000591726873849542);
#42=CYLINDRICAL_SURFACE('',#819,0.0011622948875438);
#43=CYLINDRICAL_SURFACE('',#821,0.000593312770497755);
#44=CYLINDRICAL_SURFACE('',#822,0.002);
#45=CYLINDRICAL_SURFACE('',#823,0.002);
#46=LINE('',#1059,#67);
#47=LINE('',#1072,#68);
#48=LINE('',#1086,#69);
#49=LINE('',#1094,#70);
#50=LINE('',#1187,#71);
#51=LINE('',#1189,#72);
#52=LINE('',#1191,#73);
#53=LINE('',#1262,#74);
#54=LINE('',#1263,#75);
#55=LINE('',#1267,#76);
#56=LINE('',#1271,#77);
#57=LINE('',#1278,#78);
#58=LINE('',#1279,#79);
#59=LINE('',#1564,#80);
#60=LINE('',#1566,#81);
#61=LINE('',#1568,#82);
#62=LINE('',#1570,#83);
#63=LINE('',#1571,#84);
#64=LINE('',#1584,#85);
#65=LINE('',#1586,#86);
#66=LINE('',#1592,#87);
#67=VECTOR('',#840,1.);
#68=VECTOR('',#849,1.);
#69=VECTOR('',#858,1.);
#70=VECTOR('',#867,1.);
#71=VECTOR('',#908,1.);
#72=VECTOR('',#909,1.);
#73=VECTOR('',#910,1.);
#74=VECTOR('',#935,1.);
#75=VECTOR('',#936,1.);
#76=VECTOR('',#939,1.);
#77=VECTOR('',#942,1.);
#78=VECTOR('',#949,1.);
#79=VECTOR('',#950,1.);
#80=VECTOR('',#991,1.);
#81=VECTOR('',#994,1.);
#82=VECTOR('',#997,1.);
#83=VECTOR('',#1000,1.);
#84=VECTOR('',#1001,1.);
#85=VECTOR('',#1010,1.);
#86=VECTOR('',#1013,1.);
#87=VECTOR('',#1016,1.);
#88=PLANE('',#738);
#89=PLANE('',#742);
#90=PLANE('',#746);
#91=PLANE('',#750);
#92=PLANE('',#773);
#93=PLANE('',#780);
#94=PLANE('',#789);
#95=PLANE('',#796);
#96=PLANE('',#805);
#97=PLANE('',#812);
#98=PLANE('',#816);
#99=PLANE('',#817);
#100=PLANE('',#820);
#101=CIRCLE('',#736,0.0035);
#102=CIRCLE('',#737,0.00324999999999972);
#103=CIRCLE('',#739,0.0011622948875438);
#104=CIRCLE('',#740,0.002);
#105=CIRCLE('',#741,0.002);
#106=CIRCLE('',#743,0.002);
#107=CIRCLE('',#744,0.002);
#108=CIRCLE('',#745,0.0011622948875438);
#109=CIRCLE('',#747,0.002);
#110=CIRCLE('',#748,0.002);
#111=CIRCLE('',#749,0.0011622948875438);
#112=CIRCLE('',#751,0.0011622948875438);
#113=CIRCLE('',#752,0.002);
#114=CIRCLE('',#753,0.002);
#115=CIRCLE('',#755,0.0035);
#116=CIRCLE('',#756,0.0035);
#117=CIRCLE('',#758,0.00324999999999972);
#118=CIRCLE('',#760,0.003);
#119=CIRCLE('',#762,0.003);
#120=CIRCLE('',#763,0.003);
#121=CIRCLE('',#765,0.001);
#122=CIRCLE('',#775,0.00485);
#123=CIRCLE('',#776,0.00485);
#124=CIRCLE('',#777,0.00485);
#125=CIRCLE('',#779,0.00085);
#126=CIRCLE('',#781,0.0035);
#127=CIRCLE('',#783,0.0035);
#128=CIRCLE('',#785,0.003);
#129=CIRCLE('',#786,0.003);
#130=CIRCLE('',#787,0.003);
#131=CIRCLE('',#788,0.003);
#132=CIRCLE('',#790,0.0035);
#133=CIRCLE('',#793,0.00324999999999972);
#134=CIRCLE('',#798,0.003925);
#135=CIRCLE('',#801,0.0005);
#136=CIRCLE('',#802,0.0005);
#137=CIRCLE('',#803,0.0005);
#138=CIRCLE('',#804,0.0005);
#139=CIRCLE('',#806,0.001);
#140=ORIENTED_EDGE('',*,*,#342,.F.);
#141=ORIENTED_EDGE('',*,*,#343,.F.);
#142=ORIENTED_EDGE('',*,*,#344,.F.);
#143=ORIENTED_EDGE('',*,*,#345,.F.);
#144=ORIENTED_EDGE('',*,*,#346,.F.);
#145=ORIENTED_EDGE('',*,*,#347,.T.);
#146=ORIENTED_EDGE('',*,*,#348,.T.);
#147=ORIENTED_EDGE('',*,*,#349,.T.);
#148=ORIENTED_EDGE('',*,*,#350,.T.);
#149=ORIENTED_EDGE('',*,*,#351,.T.);
#150=ORIENTED_EDGE('',*,*,#352,.T.);
#151=ORIENTED_EDGE('',*,*,#353,.T.);
#152=ORIENTED_EDGE('',*,*,#354,.T.);
#153=ORIENTED_EDGE('',*,*,#355,.T.);
#154=ORIENTED_EDGE('',*,*,#345,.T.);
#155=ORIENTED_EDGE('',*,*,#356,.T.);
#156=ORIENTED_EDGE('',*,*,#357,.T.);
#157=ORIENTED_EDGE('',*,*,#358,.T.);
#158=ORIENTED_EDGE('',*,*,#359,.T.);
#159=ORIENTED_EDGE('',*,*,#360,.T.);
#160=ORIENTED_EDGE('',*,*,#361,.T.);
#161=ORIENTED_EDGE('',*,*,#362,.T.);
#162=ORIENTED_EDGE('',*,*,#363,.T.);
#163=ORIENTED_EDGE('',*,*,#364,.T.);
#164=ORIENTED_EDGE('',*,*,#365,.T.);
#165=ORIENTED_EDGE('',*,*,#343,.T.);
#166=ORIENTED_EDGE('',*,*,#366,.F.);
#167=ORIENTED_EDGE('',*,*,#367,.T.);
#168=ORIENTED_EDGE('',*,*,#361,.F.);
#169=ORIENTED_EDGE('',*,*,#368,.T.);
#170=ORIENTED_EDGE('',*,*,#351,.F.);
#171=ORIENTED_EDGE('',*,*,#369,.T.);
#172=ORIENTED_EDGE('',*,*,#370,.F.);
#173=ORIENTED_EDGE('',*,*,#371,.T.);
#174=ORIENTED_EDGE('',*,*,#372,.F.);
#175=ORIENTED_EDGE('',*,*,#352,.F.);
#176=ORIENTED_EDGE('',*,*,#368,.F.);
#177=ORIENTED_EDGE('',*,*,#360,.F.);
#178=ORIENTED_EDGE('',*,*,#371,.F.);
#179=ORIENTED_EDGE('',*,*,#373,.T.);
#180=ORIENTED_EDGE('',*,*,#374,.F.);
#181=ORIENTED_EDGE('',*,*,#375,.T.);
#182=ORIENTED_EDGE('',*,*,#376,.T.);
#183=ORIENTED_EDGE('',*,*,#377,.T.);
#184=ORIENTED_EDGE('',*,*,#378,.F.);
#185=ORIENTED_EDGE('',*,*,#379,.F.);
#186=ORIENTED_EDGE('',*,*,#378,.T.);
#187=ORIENTED_EDGE('',*,*,#380,.T.);
#188=ORIENTED_EDGE('',*,*,#381,.T.);
#189=ORIENTED_EDGE('',*,*,#382,.T.);
#190=ORIENTED_EDGE('',*,*,#383,.T.);
#191=ORIENTED_EDGE('',*,*,#384,.T.);
#192=ORIENTED_EDGE('',*,*,#385,.T.);
#193=ORIENTED_EDGE('',*,*,#386,.T.);
#194=ORIENTED_EDGE('',*,*,#387,.T.);
#195=ORIENTED_EDGE('',*,*,#388,.T.);
#196=ORIENTED_EDGE('',*,*,#389,.T.);
#197=ORIENTED_EDGE('',*,*,#390,.F.);
#198=ORIENTED_EDGE('',*,*,#391,.F.);
#199=ORIENTED_EDGE('',*,*,#392,.F.);
#200=ORIENTED_EDGE('',*,*,#380,.F.);
#201=ORIENTED_EDGE('',*,*,#393,.T.);
#202=ORIENTED_EDGE('',*,*,#394,.T.);
#203=ORIENTED_EDGE('',*,*,#395,.T.);
#204=ORIENTED_EDGE('',*,*,#396,.T.);
#205=ORIENTED_EDGE('',*,*,#397,.T.);
#206=ORIENTED_EDGE('',*,*,#398,.F.);
#207=ORIENTED_EDGE('',*,*,#396,.F.);
#208=ORIENTED_EDGE('',*,*,#399,.T.);
#209=ORIENTED_EDGE('',*,*,#394,.F.);
#210=ORIENTED_EDGE('',*,*,#400,.T.);
#211=ORIENTED_EDGE('',*,*,#401,.T.);
#212=ORIENTED_EDGE('',*,*,#377,.F.);
#213=ORIENTED_EDGE('',*,*,#402,.T.);
#214=ORIENTED_EDGE('',*,*,#401,.F.);
#215=ORIENTED_EDGE('',*,*,#403,.F.);
#216=ORIENTED_EDGE('',*,*,#404,.T.);
#217=ORIENTED_EDGE('',*,*,#374,.T.);
#218=ORIENTED_EDGE('',*,*,#405,.T.);
#219=ORIENTED_EDGE('',*,*,#406,.F.);
#220=ORIENTED_EDGE('',*,*,#407,.T.);
#221=ORIENTED_EDGE('',*,*,#408,.T.);
#222=ORIENTED_EDGE('',*,*,#409,.T.);
#223=ORIENTED_EDGE('',*,*,#410,.T.);
#224=ORIENTED_EDGE('',*,*,#411,.T.);
#225=ORIENTED_EDGE('',*,*,#412,.T.);
#226=ORIENTED_EDGE('',*,*,#366,.T.);
#227=ORIENTED_EDGE('',*,*,#413,.T.);
#228=ORIENTED_EDGE('',*,*,#365,.F.);
#229=ORIENTED_EDGE('',*,*,#414,.T.);
#230=ORIENTED_EDGE('',*,*,#411,.F.);
#231=ORIENTED_EDGE('',*,*,#415,.T.);
#232=ORIENTED_EDGE('',*,*,#356,.F.);
#233=ORIENTED_EDGE('',*,*,#344,.T.);
#234=ORIENTED_EDGE('',*,*,#416,.T.);
#235=ORIENTED_EDGE('',*,*,#402,.F.);
#236=ORIENTED_EDGE('',*,*,#410,.F.);
#237=ORIENTED_EDGE('',*,*,#416,.F.);
#238=ORIENTED_EDGE('',*,*,#408,.F.);
#239=ORIENTED_EDGE('',*,*,#417,.T.);
#240=ORIENTED_EDGE('',*,*,#418,.T.);
#241=ORIENTED_EDGE('',*,*,#347,.F.);
#242=ORIENTED_EDGE('',*,*,#419,.T.);
#243=ORIENTED_EDGE('',*,*,#420,.T.);
#244=ORIENTED_EDGE('',*,*,#398,.T.);
#245=ORIENTED_EDGE('',*,*,#421,.T.);
#246=ORIENTED_EDGE('',*,*,#376,.F.);
#247=ORIENTED_EDGE('',*,*,#421,.F.);
#248=ORIENTED_EDGE('',*,*,#393,.F.);
#249=ORIENTED_EDGE('',*,*,#422,.T.);
#250=ORIENTED_EDGE('',*,*,#423,.T.);
#251=ORIENTED_EDGE('',*,*,#424,.T.);
#252=ORIENTED_EDGE('',*,*,#425,.T.);
#253=ORIENTED_EDGE('',*,*,#426,.F.);
#254=ORIENTED_EDGE('',*,*,#422,.F.);
#255=ORIENTED_EDGE('',*,*,#427,.F.);
#256=ORIENTED_EDGE('',*,*,#395,.F.);
#257=ORIENTED_EDGE('',*,*,#427,.T.);
#258=ORIENTED_EDGE('',*,*,#423,.F.);
#259=ORIENTED_EDGE('',*,*,#426,.T.);
#260=ORIENTED_EDGE('',*,*,#399,.F.);
#261=ORIENTED_EDGE('',*,*,#428,.F.);
#262=ORIENTED_EDGE('',*,*,#424,.F.);
#263=ORIENTED_EDGE('',*,*,#429,.F.);
#264=ORIENTED_EDGE('',*,*,#397,.F.);
#265=ORIENTED_EDGE('',*,*,#429,.T.);
#266=ORIENTED_EDGE('',*,*,#425,.F.);
#267=ORIENTED_EDGE('',*,*,#428,.T.);
#268=ORIENTED_EDGE('',*,*,#400,.F.);
#269=ORIENTED_EDGE('',*,*,#391,.T.);
#270=ORIENTED_EDGE('',*,*,#430,.T.);
#271=ORIENTED_EDGE('',*,*,#381,.F.);
#272=ORIENTED_EDGE('',*,*,#392,.T.);
#273=ORIENTED_EDGE('',*,*,#430,.F.);
#274=ORIENTED_EDGE('',*,*,#390,.T.);
#275=ORIENTED_EDGE('',*,*,#389,.F.);
#276=ORIENTED_EDGE('',*,*,#385,.F.);
#277=ORIENTED_EDGE('',*,*,#379,.T.);
#278=ORIENTED_EDGE('',*,*,#388,.F.);
#279=ORIENTED_EDGE('',*,*,#387,.F.);
#280=ORIENTED_EDGE('',*,*,#386,.F.);
#281=ORIENTED_EDGE('',*,*,#383,.F.);
#282=ORIENTED_EDGE('',*,*,#382,.F.);
#283=ORIENTED_EDGE('',*,*,#384,.F.);
#284=ORIENTED_EDGE('',*,*,#364,.F.);
#285=ORIENTED_EDGE('',*,*,#431,.T.);
#286=ORIENTED_EDGE('',*,*,#357,.F.);
#287=ORIENTED_EDGE('',*,*,#367,.F.);
#288=ORIENTED_EDGE('',*,*,#412,.F.);
#289=ORIENTED_EDGE('',*,*,#414,.F.);
#290=ORIENTED_EDGE('',*,*,#350,.F.);
#291=ORIENTED_EDGE('',*,*,#432,.T.);
#292=ORIENTED_EDGE('',*,*,#353,.F.);
#293=ORIENTED_EDGE('',*,*,#415,.F.);
#294=ORIENTED_EDGE('',*,*,#413,.F.);
#295=ORIENTED_EDGE('',*,*,#369,.F.);
#296=ORIENTED_EDGE('',*,*,#433,.F.);
#297=ORIENTED_EDGE('',*,*,#406,.T.);
#298=ORIENTED_EDGE('',*,*,#359,.F.);
#299=ORIENTED_EDGE('',*,*,#434,.T.);
#300=ORIENTED_EDGE('',*,*,#362,.F.);
#301=ORIENTED_EDGE('',*,*,#435,.T.);
#302=ORIENTED_EDGE('',*,*,#342,.T.);
#303=ORIENTED_EDGE('',*,*,#436,.T.);
#304=ORIENTED_EDGE('',*,*,#370,.T.);
#305=ORIENTED_EDGE('',*,*,#435,.F.);
#306=ORIENTED_EDGE('',*,*,#418,.F.);
#307=ORIENTED_EDGE('',*,*,#417,.F.);
#308=ORIENTED_EDGE('',*,*,#437,.T.);
#309=ORIENTED_EDGE('',*,*,#373,.F.);
#310=ORIENTED_EDGE('',*,*,#436,.F.);
#311=ORIENTED_EDGE('',*,*,#407,.F.);
#312=ORIENTED_EDGE('',*,*,#433,.T.);
#313=ORIENTED_EDGE('',*,*,#405,.F.);
#314=ORIENTED_EDGE('',*,*,#437,.F.);
#315=ORIENTED_EDGE('',*,*,#438,.T.);
#316=ORIENTED_EDGE('',*,*,#403,.T.);
#317=ORIENTED_EDGE('',*,*,#346,.T.);
#318=ORIENTED_EDGE('',*,*,#439,.T.);
#319=ORIENTED_EDGE('',*,*,#372,.T.);
#320=ORIENTED_EDGE('',*,*,#440,.F.);
#321=ORIENTED_EDGE('',*,*,#355,.F.);
#322=ORIENTED_EDGE('',*,*,#441,.T.);
#323=ORIENTED_EDGE('',*,*,#348,.F.);
#324=ORIENTED_EDGE('',*,*,#439,.F.);
#325=ORIENTED_EDGE('',*,*,#409,.F.);
#326=ORIENTED_EDGE('',*,*,#442,.T.);
#327=ORIENTED_EDGE('',*,*,#404,.F.);
#328=ORIENTED_EDGE('',*,*,#438,.F.);
#329=ORIENTED_EDGE('',*,*,#420,.F.);
#330=ORIENTED_EDGE('',*,*,#419,.F.);
#331=ORIENTED_EDGE('',*,*,#440,.T.);
#332=ORIENTED_EDGE('',*,*,#375,.F.);
#333=ORIENTED_EDGE('',*,*,#442,.F.);
#334=ORIENTED_EDGE('',*,*,#354,.F.);
#335=ORIENTED_EDGE('',*,*,#432,.F.);
#336=ORIENTED_EDGE('',*,*,#349,.F.);
#337=ORIENTED_EDGE('',*,*,#441,.F.);
#338=ORIENTED_EDGE('',*,*,#363,.F.);
#339=ORIENTED_EDGE('',*,*,#434,.F.);
#340=ORIENTED_EDGE('',*,*,#358,.F.);
#341=ORIENTED_EDGE('',*,*,#431,.F.);
#342=EDGE_CURVE('',#443,#444,#510,.T.);
#343=EDGE_CURVE('',#445,#443,#511,.T.);
#344=EDGE_CURVE('',#446,#445,#101,.F.);
#345=EDGE_CURVE('',#447,#446,#512,.T.);
#346=EDGE_CURVE('',#448,#447,#513,.T.);
#347=EDGE_CURVE('',#448,#444,#102,.T.);
#348=EDGE_CURVE('',#449,#450,#103,.F.);
#349=EDGE_CURVE('',#450,#451,#104,.T.);
#350=EDGE_CURVE('',#451,#452,#105,.T.);
#351=EDGE_CURVE('',#452,#453,#46,.F.);
#352=EDGE_CURVE('',#453,#449,#514,.T.);
#353=EDGE_CURVE('',#454,#455,#106,.T.);
#354=EDGE_CURVE('',#455,#456,#107,.T.);
#355=EDGE_CURVE('',#456,#447,#108,.F.);
#356=EDGE_CURVE('',#446,#454,#47,.T.);
#357=EDGE_CURVE('',#457,#458,#109,.T.);
#358=EDGE_CURVE('',#458,#459,#110,.T.);
#359=EDGE_CURVE('',#459,#460,#111,.F.);
#360=EDGE_CURVE('',#460,#461,#515,.T.);
#361=EDGE_CURVE('',#461,#457,#48,.T.);
#362=EDGE_CURVE('',#443,#462,#112,.F.);
#363=EDGE_CURVE('',#462,#463,#113,.T.);
#364=EDGE_CURVE('',#463,#464,#114,.T.);
#365=EDGE_CURVE('',#464,#445,#49,.F.);
#366=EDGE_CURVE('',#465,#466,#115,.T.);
#367=EDGE_CURVE('',#465,#457,#516,.T.);
#368=EDGE_CURVE('',#461,#453,#116,.F.);
#369=EDGE_CURVE('',#452,#466,#517,.T.);
#370=EDGE_CURVE('',#467,#460,#518,.T.);
#371=EDGE_CURVE('',#467,#468,#117,.T.);
#372=EDGE_CURVE('',#449,#468,#519,.T.);
#373=EDGE_CURVE('',#467,#469,#520,.F.);
#374=EDGE_CURVE('',#470,#469,#118,.T.);
#375=EDGE_CURVE('',#470,#468,#521,.F.);
#376=EDGE_CURVE('',#471,#471,#119,.F.);
#377=EDGE_CURVE('',#472,#472,#120,.T.);
#378=EDGE_CURVE('',#473,#473,#522,.T.);
#379=EDGE_CURVE('',#474,#474,#523,.T.);
#380=EDGE_CURVE('',#475,#476,#121,.T.);
#381=EDGE_CURVE('',#476,#477,#18,.T.);
#382=EDGE_CURVE('',#477,#478,#19,.T.);
#383=EDGE_CURVE('',#478,#479,#524,.T.);
#384=EDGE_CURVE('',#479,#477,#20,.F.);
#385=EDGE_CURVE('',#477,#480,#21,.F.);
#386=EDGE_CURVE('',#480,#481,#22,.F.);
#387=EDGE_CURVE('',#481,#482,#525,.T.);
#388=EDGE_CURVE('',#482,#480,#23,.T.);
#389=EDGE_CURVE('',#480,#475,#24,.T.);
#390=EDGE_CURVE('',#483,#475,#50,.F.);
#391=EDGE_CURVE('',#484,#483,#51,.T.);
#392=EDGE_CURVE('',#476,#484,#52,.T.);
#393=EDGE_CURVE('',#485,#485,#122,.F.);
#394=EDGE_CURVE('',#486,#487,#123,.F.);
#395=EDGE_CURVE('',#487,#488,#526,.T.);
#396=EDGE_CURVE('',#488,#489,#124,.F.);
#397=EDGE_CURVE('',#489,#486,#527,.T.);
#398=EDGE_CURVE('',#490,#490,#125,.T.);
#399=EDGE_CURVE('',#488,#487,#528,.T.);
#400=EDGE_CURVE('',#486,#489,#529,.T.);
#401=EDGE_CURVE('',#491,#491,#126,.T.);
#402=EDGE_CURVE('',#492,#492,#127,.F.);
#403=EDGE_CURVE('',#493,#494,#128,.T.);
#404=EDGE_CURVE('',#493,#470,#53,.T.);
#405=EDGE_CURVE('',#469,#495,#54,.F.);
#406=EDGE_CURVE('',#496,#495,#129,.T.);
#407=EDGE_CURVE('',#496,#497,#55,.T.);
#408=EDGE_CURVE('',#497,#498,#130,.T.);
#409=EDGE_CURVE('',#498,#494,#56,.F.);
#410=EDGE_CURVE('',#499,#499,#131,.F.);
#411=EDGE_CURVE('',#500,#501,#132,.T.);
#412=EDGE_CURVE('',#501,#465,#57,.T.);
#413=EDGE_CURVE('',#466,#500,#58,.T.);
#414=EDGE_CURVE('',#464,#501,#530,.T.);
#415=EDGE_CURVE('',#500,#454,#531,.T.);
#416=EDGE_CURVE('',#502,#502,#133,.T.);
#417=EDGE_CURVE('',#497,#503,#532,.F.);
#418=EDGE_CURVE('',#503,#444,#533,.F.);
#419=EDGE_CURVE('',#448,#504,#534,.F.);
#420=EDGE_CURVE('',#504,#498,#535,.F.);
#421=EDGE_CURVE('',#505,#505,#134,.T.);
#422=EDGE_CURVE('',#506,#507,#536,.T.);
#423=EDGE_CURVE('',#507,#506,#537,.T.);
#424=EDGE_CURVE('',#508,#509,#538,.T.);
#425=EDGE_CURVE('',#509,#508,#539,.T.);
#426=EDGE_CURVE('',#507,#487,#135,.T.);
#427=EDGE_CURVE('',#488,#506,#136,.T.);
#428=EDGE_CURVE('',#509,#489,#137,.T.);
#429=EDGE_CURVE('',#486,#508,#138,.T.);
#430=EDGE_CURVE('',#483,#484,#139,.T.);
#431=EDGE_CURVE('',#463,#458,#59,.T.);
#432=EDGE_CURVE('',#451,#455,#60,.T.);
#433=EDGE_CURVE('',#496,#495,#61,.T.);
#434=EDGE_CURVE('',#459,#462,#62,.F.);
#435=EDGE_CURVE('',#443,#460,#63,.T.);
#436=EDGE_CURVE('',#444,#467,#540,.T.);
#437=EDGE_CURVE('',#497,#469,#541,.F.);
#438=EDGE_CURVE('',#494,#493,#64,.T.);
#439=EDGE_CURVE('',#447,#449,#65,.T.);
#440=EDGE_CURVE('',#448,#468,#542,.F.);
#441=EDGE_CURVE('',#456,#450,#66,.T.);
#442=EDGE_CURVE('',#498,#470,#543,.T.);
#443=VERTEX_POINT('',#1031);
#444=VERTEX_POINT('',#1032);
#445=VERTEX_POINT('',#1037);
#446=VERTEX_POINT('',#1039);
#447=VERTEX_POINT('',#1044);
#448=VERTEX_POINT('',#1049);
#449=VERTEX_POINT('',#1053);
#450=VERTEX_POINT('',#1054);
#451=VERTEX_POINT('',#1056);
#452=VERTEX_POINT('',#1058);
#453=VERTEX_POINT('',#1060);
#454=VERTEX_POINT('',#1067);
#455=VERTEX_POINT('',#1068);
#456=VERTEX_POINT('',#1070);
#457=VERTEX_POINT('',#1075);
#458=VERTEX_POINT('',#1076);
#459=VERTEX_POINT('',#1078);
#460=VERTEX_POINT('',#1080);
#461=VERTEX_POINT('',#1085);
#462=VERTEX_POINT('',#1089);
#463=VERTEX_POINT('',#1091);
#464=VERTEX_POINT('',#1093);
#465=VERTEX_POINT('',#1097);
#466=VERTEX_POINT('',#1098);
#467=VERTEX_POINT('',#1113);
#468=VERTEX_POINT('',#1115);
#469=VERTEX_POINT('',#1125);
#470=VERTEX_POINT('',#1127);
#471=VERTEX_POINT('',#1134);
#472=VERTEX_POINT('',#1136);
#473=VERTEX_POINT('',#1148);
#474=VERTEX_POINT('',#1160);
#475=VERTEX_POINT('',#1163);
#476=VERTEX_POINT('',#1164);
#477=VERTEX_POINT('',#1166);
#478=VERTEX_POINT('',#1168);
#479=VERTEX_POINT('',#1173);
#480=VERTEX_POINT('',#1176);
#481=VERTEX_POINT('',#1178);
#482=VERTEX_POINT('',#1183);
#483=VERTEX_POINT('',#1188);
#484=VERTEX_POINT('',#1190);
#485=VERTEX_POINT('',#1194);
#486=VERTEX_POINT('',#1196);
#487=VERTEX_POINT('',#1197);
#488=VERTEX_POINT('',#1215);
#489=VERTEX_POINT('',#1217);
#490=VERTEX_POINT('',#1237);
#491=VERTEX_POINT('',#1254);
#492=VERTEX_POINT('',#1257);
#493=VERTEX_POINT('',#1260);
#494=VERTEX_POINT('',#1261);
#495=VERTEX_POINT('',#1264);
#496=VERTEX_POINT('',#1266);
#497=VERTEX_POINT('',#1268);
#498=VERTEX_POINT('',#1270);
#499=VERTEX_POINT('',#1273);
#500=VERTEX_POINT('',#1276);
#501=VERTEX_POINT('',#1277);
#502=VERTEX_POINT('',#1291);
#503=VERTEX_POINT('',#1298);
#504=VERTEX_POINT('',#1307);
#505=VERTEX_POINT('',#1315);
#506=VERTEX_POINT('',#1337);
#507=VERTEX_POINT('',#1338);
#508=VERTEX_POINT('',#1365);
#509=VERTEX_POINT('',#1366);
#510=B_SPLINE_CURVE_WITH_KNOTS('',3,(#1027,#1028,#1029,#1030),
 .UNSPECIFIED.,.F.,.F.,(4,4),(0.,1.),.UNSPECIFIED.);
#511=B_SPLINE_CURVE_WITH_KNOTS('',3,(#1033,#1034,#1035,#1036),
 .UNSPECIFIED.,.F.,.F.,(4,4),(0.00360676064987698,0.00414281250689232),
 .UNSPECIFIED.);
#512=B_SPLINE_CURVE_WITH_KNOTS('',3,(#1040,#1041,#1042,#1043),
 .UNSPECIFIED.,.F.,.F.,(4,4),(0.00120990043816004,0.00174666368367148),
 .UNSPECIFIED.);
#513=B_SPLINE_CURVE_WITH_KNOTS('',3,(#1045,#1046,#1047,#1048),
 .UNSPECIFIED.,.F.,.F.,(4,4),(0.,1.),.UNSPECIFIED.);
#514=B_SPLINE_CURVE_WITH_KNOTS('',3,(#1061,#1062,#1063,#1064),
 .UNSPECIFIED.,.F.,.F.,(4,4),(0.,0.939681961619111),.UNSPECIFIED.);
#515=B_SPLINE_CURVE_WITH_KNOTS('',3,(#1081,#1082,#1083,#1084),
 .UNSPECIFIED.,.F.,.F.,(4,4),(0.0604057822496186,1.),.UNSPECIFIED.);
#516=B_SPLINE_CURVE_WITH_KNOTS('',3,(#1099,#1100,#1101,#1102),
 .UNSPECIFIED.,.F.,.F.,(4,4),(0.,0.00134916949596262),.UNSPECIFIED.);
#517=B_SPLINE_CURVE_WITH_KNOTS('',3,(#1104,#1105,#1106,#1107),
 .UNSPECIFIED.,.F.,.F.,(4,4),(0.,0.00134961186195014),.UNSPECIFIED.);
#518=B_SPLINE_CURVE_WITH_KNOTS('',3,(#1109,#1110,#1111,#1112),
 .UNSPECIFIED.,.F.,.F.,(4,4),(0.,1.),.UNSPECIFIED.);
#519=B_SPLINE_CURVE_WITH_KNOTS('',3,(#1116,#1117,#1118,#1119),
 .UNSPECIFIED.,.F.,.F.,(4,4),(0.,1.),.UNSPECIFIED.);
#520=B_SPLINE_CURVE_WITH_KNOTS('',3,(#1121,#1122,#1123,#1124),
 .UNSPECIFIED.,.F.,.F.,(4,4),(9.05588993925613E-7,0.999999007897661),
 .UNSPECIFIED.);
#521=B_SPLINE_CURVE_WITH_KNOTS('',3,(#1128,#1129,#1130,#1131),
 .UNSPECIFIED.,.F.,.F.,(4,4),(9.91814254047895E-7,0.999999274380684),
 .UNSPECIFIED.);
#522=B_SPLINE_CURVE_WITH_KNOTS('',3,(#1137,#1138,#1139,#1140,#1141,#1142,
#1143,#1144,#1145,#1146,#1147),.UNSPECIFIED.,.T.,.F.,(1,1,1,1,1,1,1,1,1,
1,1,1,1,1,1),(-0.00236181896057808,-0.00157454597371872,-0.00078727298685936,
0.,0.00078727298685936,0.00157454597371872,0.00236181896057808,0.00314909194743744,
0.0039363649342968,0.00472363792115616,0.00551091090801552,0.00629818389487488,
0.00708545688173424,0.0078727298685936,0.00866000285545296),
 .UNSPECIFIED.);
#523=B_SPLINE_CURVE_WITH_KNOTS('',3,(#1149,#1150,#1151,#1152,#1153,#1154,
#1155,#1156,#1157,#1158,#1159),.UNSPECIFIED.,.T.,.F.,(1,1,1,1,1,1,1,1,1,
1,1,1,1,1,1),(-0.00236273348023335,-0.0015751556534889,-0.00078757782674445,
0.,0.00078757782674445,0.0015751556534889,0.00236273348023335,0.0031503113069778,
0.00393788913372225,0.0047254669604667,0.00551304478721115,0.0063006226139556,
0.00708820044070005,0.0078757782674445,0.00866335609418895),
 .UNSPECIFIED.);
#524=B_SPLINE_CURVE_WITH_KNOTS('',3,(#1169,#1170,#1171,#1172),
 .UNSPECIFIED.,.F.,.F.,(4,4),(0.,1.),.UNSPECIFIED.);
#525=B_SPLINE_CURVE_WITH_KNOTS('',3,(#1179,#1180,#1181,#1182),
 .UNSPECIFIED.,.F.,.F.,(4,4),(0.,1.),.UNSPECIFIED.);
#526=B_SPLINE_CURVE_WITH_KNOTS('',3,(#1198,#1199,#1200,#1201,#1202,#1203,
#1204,#1205,#1206,#1207,#1208,#1209,#1210,#1211,#1212,#1213,#1214),
 .UNSPECIFIED.,.F.,.F.,(4,1,1,1,1,1,1,1,1,1,1,1,1,1,4),(0.,0.00103297053855001,
0.00206594107710002,0.00309891161565003,0.00413188215420004,0.00516485269275005,
0.00619782323130006,0.00826376430840008,0.0103297053855001,0.0113626759240501,
0.0123956464626001,0.0134286170011501,0.0144615875397001,0.0154945580782501,
0.0165275286168002),.UNSPECIFIED.);
#527=B_SPLINE_CURVE_WITH_KNOTS('',3,(#1218,#1219,#1220,#1221,#1222,#1223,
#1224,#1225,#1226,#1227,#1228,#1229,#1230,#1231,#1232,#1233,#1234),
 .UNSPECIFIED.,.F.,.F.,(4,1,1,1,1,1,1,1,1,1,1,1,1,1,4),(0.,0.00103297053855001,
0.00206594107710002,0.00309891161565003,0.00413188215420005,0.00516485269275006,
0.00619782323130007,0.00826376430840009,0.0103297053855001,0.0113626759240501,
0.0123956464626001,0.0134286170011501,0.0144615875397002,0.0154945580782502,
0.0165275286168002),.UNSPECIFIED.);
#528=B_SPLINE_CURVE_WITH_KNOTS('',3,(#1238,#1239,#1240,#1241,#1242,#1243,
#1244),.UNSPECIFIED.,.F.,.F.,(4,1,1,1,4),(0.,0.00154006524059386,0.00308013048118773,
0.00462019572178159,0.00616026096237546),.UNSPECIFIED.);
#529=B_SPLINE_CURVE_WITH_KNOTS('',3,(#1245,#1246,#1247,#1248,#1249,#1250,
#1251),.UNSPECIFIED.,.F.,.F.,(4,1,1,1,4),(0.,0.00154006524059384,0.00308013048118767,
0.00462019572178151,0.00616026096237534),.UNSPECIFIED.);
#530=B_SPLINE_CURVE_WITH_KNOTS('',3,(#1281,#1282,#1283,#1284),
 .UNSPECIFIED.,.F.,.F.,(4,4),(0.,0.00134961186195014),.UNSPECIFIED.);
#531=B_SPLINE_CURVE_WITH_KNOTS('',3,(#1285,#1286,#1287,#1288),
 .UNSPECIFIED.,.F.,.F.,(4,4),(0.,0.00134916949596262),.UNSPECIFIED.);
#532=B_SPLINE_CURVE_WITH_KNOTS('',3,(#1294,#1295,#1296,#1297),
 .UNSPECIFIED.,.F.,.F.,(4,4),(0.,0.999998184949154),.UNSPECIFIED.);
#533=B_SPLINE_CURVE_WITH_KNOTS('',3,(#1299,#1300,#1301,#1302),
 .UNSPECIFIED.,.F.,.F.,(4,4),(1.97996667208534E-6,1.),.UNSPECIFIED.);
#534=B_SPLINE_CURVE_WITH_KNOTS('',3,(#1303,#1304,#1305,#1306),
 .UNSPECIFIED.,.F.,.F.,(4,4),(1.01334610394592E-6,0.999998014407969),
 .UNSPECIFIED.);
#535=B_SPLINE_CURVE_WITH_KNOTS('',3,(#1308,#1309,#1310,#1311),
 .UNSPECIFIED.,.F.,.F.,(4,4),(1.44980830264332E-6,1.),.UNSPECIFIED.);
#536=B_SPLINE_CURVE_WITH_KNOTS('',3,(#1318,#1319,#1320,#1321,#1322,#1323,
#1324,#1325,#1326,#1327,#1328,#1329,#1330,#1331,#1332,#1333,#1334,#1335,
#1336),.UNSPECIFIED.,.F.,.F.,(4,1,1,1,1,1,1,1,1,1,1,1,1,1,1,1,4),(0.,0.000856446445902194,
0.00171289289180439,0.00256933933770658,0.00342578578360878,0.00428223222951097,
0.00513867867541317,0.00599512512131536,0.00685157156721756,0.00770801801311975,
0.00856446445902194,0.00942091090492414,0.0102773573508263,0.0111338037967285,
0.0119902502426307,0.0128466966885329,0.0137031431344351),.UNSPECIFIED.);
#537=B_SPLINE_CURVE_WITH_KNOTS('',3,(#1339,#1340,#1341,#1342,#1343,#1344,
#1345),.UNSPECIFIED.,.F.,.F.,(4,1,1,1,4),(0.,0.00119033880364578,0.00238067760729155,
0.00357101641093733,0.00476135521458311),.UNSPECIFIED.);
#538=B_SPLINE_CURVE_WITH_KNOTS('',3,(#1346,#1347,#1348,#1349,#1350,#1351,
#1352,#1353,#1354,#1355,#1356,#1357,#1358,#1359,#1360,#1361,#1362,#1363,
#1364),.UNSPECIFIED.,.F.,.F.,(4,1,1,1,1,1,1,1,1,1,1,1,1,1,1,1,4),(0.,0.00085644644590219,
0.00171289289180438,0.00256933933770657,0.00342578578360876,0.00428223222951095,
0.00513867867541314,0.00599512512131533,0.00685157156721752,0.00770801801311971,
0.0085644644590219,0.00942091090492409,0.0102773573508263,0.0111338037967285,
0.0119902502426307,0.0128466966885329,0.013703143134435),.UNSPECIFIED.);
#539=B_SPLINE_CURVE_WITH_KNOTS('',3,(#1367,#1368,#1369,#1370,#1371,#1372,
#1373),.UNSPECIFIED.,.F.,.F.,(4,1,1,1,4),(0.,0.0011903388036458,0.00238067760729159,
0.00357101641093739,0.00476135521458318),.UNSPECIFIED.);
#540=B_SPLINE_CURVE_WITH_KNOTS('',3,(#1573,#1574,#1575,#1576),
 .UNSPECIFIED.,.F.,.F.,(4,4),(1.29704986270752E-7,0.999999870294932),
 .UNSPECIFIED.);
#541=B_SPLINE_CURVE_WITH_KNOTS('',3,(#1578,#1579,#1580,#1581),
 .UNSPECIFIED.,.F.,.F.,(4,4),(0.,1.),.UNSPECIFIED.);
#542=B_SPLINE_CURVE_WITH_KNOTS('',3,(#1587,#1588,#1589,#1590),
 .UNSPECIFIED.,.F.,.F.,(4,4),(1.29705069071652E-7,0.999999870295129),
 .UNSPECIFIED.);
#543=B_SPLINE_CURVE_WITH_KNOTS('',3,(#1594,#1595,#1596,#1597),
 .UNSPECIFIED.,.F.,.F.,(4,4),(0.,1.),.UNSPECIFIED.);
#544=EDGE_LOOP('',(#140,#141,#142,#143,#144,#145));
#545=EDGE_LOOP('',(#146,#147,#148,#149,#150));
#546=EDGE_LOOP('',(#151,#152,#153,#154,#155));
#547=EDGE_LOOP('',(#156,#157,#158,#159,#160));
#548=EDGE_LOOP('',(#161,#162,#163,#164,#165));
#549=EDGE_LOOP('',(#166,#167,#168,#169,#170,#171));
#550=EDGE_LOOP('',(#172,#173,#174,#175,#176,#177));
#551=EDGE_LOOP('',(#178,#179,#180,#181));
#552=EDGE_LOOP('',(#182));
#553=EDGE_LOOP('',(#183));
#554=EDGE_LOOP('',(#184));
#555=EDGE_LOOP('',(#185));
#556=EDGE_LOOP('',(#186));
#557=EDGE_LOOP('',(#187,#188,#189,#190,#191,#192,#193,#194,#195,#196));
#558=EDGE_LOOP('',(#197,#198,#199,#200));
#559=EDGE_LOOP('',(#201));
#560=EDGE_LOOP('',(#202,#203,#204,#205));
#561=EDGE_LOOP('',(#206));
#562=EDGE_LOOP('',(#207,#208,#209,#210));
#563=EDGE_LOOP('',(#211));
#564=EDGE_LOOP('',(#212));
#565=EDGE_LOOP('',(#213));
#566=EDGE_LOOP('',(#214));
#567=EDGE_LOOP('',(#215,#216,#217,#218,#219,#220,#221,#222));
#568=EDGE_LOOP('',(#223));
#569=EDGE_LOOP('',(#224,#225,#226,#227));
#570=EDGE_LOOP('',(#228,#229,#230,#231,#232,#233));
#571=EDGE_LOOP('',(#234));
#572=EDGE_LOOP('',(#235));
#573=EDGE_LOOP('',(#236));
#574=EDGE_LOOP('',(#237));
#575=EDGE_LOOP('',(#238,#239,#240,#241,#242,#243));
#576=EDGE_LOOP('',(#244));
#577=EDGE_LOOP('',(#245));
#578=EDGE_LOOP('',(#246));
#579=EDGE_LOOP('',(#247));
#580=EDGE_LOOP('',(#248));
#581=EDGE_LOOP('',(#249,#250));
#582=EDGE_LOOP('',(#251,#252));
#583=EDGE_LOOP('',(#253,#254,#255,#256));
#584=EDGE_LOOP('',(#257,#258,#259,#260));
#585=EDGE_LOOP('',(#261,#262,#263,#264));
#586=EDGE_LOOP('',(#265,#266,#267,#268));
#587=EDGE_LOOP('',(#269,#270));
#588=EDGE_LOOP('',(#271,#272,#273,#274,#275,#276));
#589=EDGE_LOOP('',(#277));
#590=EDGE_LOOP('',(#278,#279,#280));
#591=EDGE_LOOP('',(#281,#282,#283));
#592=EDGE_LOOP('',(#284,#285,#286,#287,#288,#289));
#593=EDGE_LOOP('',(#290,#291,#292,#293,#294,#295));
#594=EDGE_LOOP('',(#296,#297));
#595=EDGE_LOOP('',(#298,#299,#300,#301));
#596=EDGE_LOOP('',(#302,#303,#304,#305));
#597=EDGE_LOOP('',(#306,#307,#308,#309,#310));
#598=EDGE_LOOP('',(#311,#312,#313,#314));
#599=EDGE_LOOP('',(#315,#316));
#600=EDGE_LOOP('',(#317,#318,#319,#320));
#601=EDGE_LOOP('',(#321,#322,#323,#324));
#602=EDGE_LOOP('',(#325,#326,#327,#328));
#603=EDGE_LOOP('',(#329,#330,#331,#332,#333));
#604=EDGE_LOOP('',(#334,#335,#336,#337));
#605=EDGE_LOOP('',(#338,#339,#340,#341));
#606=FACE_BOUND('',#544,.T.);
#607=FACE_BOUND('',#545,.T.);
#608=FACE_BOUND('',#546,.T.);
#609=FACE_BOUND('',#547,.T.);
#610=FACE_BOUND('',#548,.T.);
#611=FACE_BOUND('',#549,.T.);
#612=FACE_BOUND('',#550,.T.);
#613=FACE_BOUND('',#551,.T.);
#614=FACE_BOUND('',#552,.T.);
#615=FACE_BOUND('',#553,.T.);
#616=FACE_BOUND('',#554,.T.);
#617=FACE_BOUND('',#555,.T.);
#618=FACE_BOUND('',#556,.T.);
#619=FACE_BOUND('',#557,.T.);
#620=FACE_BOUND('',#558,.T.);
#621=FACE_BOUND('',#559,.T.);
#622=FACE_BOUND('',#560,.T.);
#623=FACE_BOUND('',#561,.T.);
#624=FACE_BOUND('',#562,.T.);
#625=FACE_BOUND('',#563,.T.);
#626=FACE_BOUND('',#564,.T.);
#627=FACE_BOUND('',#565,.T.);
#628=FACE_BOUND('',#566,.T.);
#629=FACE_BOUND('',#567,.T.);
#630=FACE_BOUND('',#568,.T.);
#631=FACE_BOUND('',#569,.T.);
#632=FACE_BOUND('',#570,.T.);
#633=FACE_BOUND('',#571,.T.);
#634=FACE_BOUND('',#572,.T.);
#635=FACE_BOUND('',#573,.T.);
#636=FACE_BOUND('',#574,.T.);
#637=FACE_BOUND('',#575,.T.);
#638=FACE_BOUND('',#576,.T.);
#639=FACE_BOUND('',#577,.T.);
#640=FACE_BOUND('',#578,.T.);
#641=FACE_BOUND('',#579,.T.);
#642=FACE_BOUND('',#580,.T.);
#643=FACE_BOUND('',#581,.T.);
#644=FACE_BOUND('',#582,.T.);
#645=FACE_BOUND('',#583,.T.);
#646=FACE_BOUND('',#584,.T.);
#647=FACE_BOUND('',#585,.T.);
#648=FACE_BOUND('',#586,.T.);
#649=FACE_BOUND('',#587,.T.);
#650=FACE_BOUND('',#588,.T.);
#651=FACE_BOUND('',#589,.T.);
#652=FACE_BOUND('',#590,.T.);
#653=FACE_BOUND('',#591,.T.);
#654=FACE_BOUND('',#592,.T.);
#655=FACE_BOUND('',#593,.T.);
#656=FACE_BOUND('',#594,.T.);
#657=FACE_BOUND('',#595,.T.);
#658=FACE_BOUND('',#596,.T.);
#659=FACE_BOUND('',#597,.T.);
#660=FACE_BOUND('',#598,.T.);
#661=FACE_BOUND('',#599,.T.);
#662=FACE_BOUND('',#600,.T.);
#663=FACE_BOUND('',#601,.T.);
#664=FACE_BOUND('',#602,.T.);
#665=FACE_BOUND('',#603,.T.);
#666=FACE_BOUND('',#604,.T.);
#667=FACE_BOUND('',#605,.T.);
#668=TOROIDAL_SURFACE('',#735,0.0029,0.0006);
#669=TOROIDAL_SURFACE('',#757,0.0029,0.0006);
#670=TOROIDAL_SURFACE('',#759,0.00359999999999972,0.0006);
#671=TOROIDAL_SURFACE('',#792,0.0029,0.0006);
#672=TOROIDAL_SURFACE('',#794,0.00359999999999972,0.0006);
#673=TOROIDAL_SURFACE('',#795,0.00359999999999972,0.0006);
#674=TOROIDAL_SURFACE('',#797,0.007,0.004);
#675=ADVANCED_FACE('',(#606),#668,.T.);
#676=ADVANCED_FACE('',(#607),#88,.T.);
#677=ADVANCED_FACE('',(#608),#89,.T.);
#678=ADVANCED_FACE('',(#609),#90,.T.);
#679=ADVANCED_FACE('',(#610),#91,.T.);
#680=ADVANCED_FACE('',(#611),#25,.T.);
#681=ADVANCED_FACE('',(#612),#669,.T.);
#682=ADVANCED_FACE('',(#613),#670,.F.);
#683=ADVANCED_FACE('',(#614,#615,#616,#617),#26,.T.);
#684=ADVANCED_FACE('',(#618,#619),#27,.F.);
#685=ADVANCED_FACE('',(#620),#92,.F.);
#686=ADVANCED_FACE('',(#621,#622),#28,.T.);
#687=ADVANCED_FACE('',(#623,#624),#16,.T.);
#688=ADVANCED_FACE('',(#625,#626),#93,.T.);
#689=ADVANCED_FACE('',(#627,#628),#29,.T.);
#690=ADVANCED_FACE('',(#629,#630),#30,.T.);
#691=ADVANCED_FACE('',(#631),#94,.F.);
#692=ADVANCED_FACE('',(#632),#31,.T.);
#693=ADVANCED_FACE('',(#633,#634),#671,.T.);
#694=ADVANCED_FACE('',(#635,#636),#672,.F.);
#695=ADVANCED_FACE('',(#637),#673,.F.);
#696=ADVANCED_FACE('',(#638),#95,.T.);
#697=ADVANCED_FACE('',(#639,#640),#674,.F.);
#698=ADVANCED_FACE('',(#641,#642),#17,.T.);
#699=ADVANCED_FACE('',(#643,#644),#32,.F.);
#700=ADVANCED_FACE('',(#645),#12,.T.);
#701=ADVANCED_FACE('',(#646),#13,.T.);
#702=ADVANCED_FACE('',(#647),#14,.T.);
#703=ADVANCED_FACE('',(#648),#15,.T.);
#704=ADVANCED_FACE('',(#649),#96,.T.);
#705=ADVANCED_FACE('',(#650,#651),#33,.F.);
#706=ADVANCED_FACE('',(#652),#34,.F.);
#707=ADVANCED_FACE('',(#653),#35,.F.);
#708=ADVANCED_FACE('',(#654),#36,.T.);
#709=ADVANCED_FACE('',(#655),#37,.T.);
#710=ADVANCED_FACE('',(#656),#97,.F.);
#711=ADVANCED_FACE('',(#657),#38,.F.);
#712=ADVANCED_FACE('',(#658),#39,.T.);
#713=ADVANCED_FACE('',(#659),#40,.F.);
#714=ADVANCED_FACE('',(#660),#98,.F.);
#715=ADVANCED_FACE('',(#661),#99,.F.);
#716=ADVANCED_FACE('',(#662),#41,.T.);
#717=ADVANCED_FACE('',(#663),#42,.F.);
#718=ADVANCED_FACE('',(#664),#100,.F.);
#719=ADVANCED_FACE('',(#665),#43,.F.);
#720=ADVANCED_FACE('',(#666),#44,.T.);
#721=ADVANCED_FACE('',(#667),#45,.T.);
#722=CLOSED_SHELL('',(#675,#676,#677,#678,#679,#680,#681,#682,#683,#684,
#685,#686,#687,#688,#689,#690,#691,#692,#693,#694,#695,#696,#697,#698,#699,
#700,#701,#702,#703,#704,#705,#706,#707,#708,#709,#710,#711,#712,#713,#714,
#715,#716,#717,#718,#719,#720,#721));
#723=STYLED_ITEM('',(#724),#731);
#724=PRESENTATION_STYLE_ASSIGNMENT((#725));
#725=SURFACE_STYLE_USAGE(.BOTH.,#726);
#726=SURFACE_SIDE_STYLE('',(#727));
#727=SURFACE_STYLE_FILL_AREA(#728);
#728=FILL_AREA_STYLE('',(#729));
#729=FILL_AREA_STYLE_COLOUR('',#730);
#730=COLOUR_RGB('',0.796078431372549,0.823529411764706,0.937254901960784);
#731=MANIFOLD_SOLID_BREP('third_thumb_hinge',#722);
#732=SHAPE_DEFINITION_REPRESENTATION(#1607,#733);
#733=SHAPE_REPRESENTATION('third_thumb_hinge',(#734),#1602);
#734=AXIS2_PLACEMENT_3D('',#1025,#824,#825);
#735=AXIS2_PLACEMENT_3D('',#1026,#826,#827);
#736=AXIS2_PLACEMENT_3D('',#1038,#828,#829);
#737=AXIS2_PLACEMENT_3D('',#1050,#830,#831);
#738=AXIS2_PLACEMENT_3D('',#1051,#832,#833);
#739=AXIS2_PLACEMENT_3D('',#1052,#834,#835);
#740=AXIS2_PLACEMENT_3D('',#1055,#836,#837);
#741=AXIS2_PLACEMENT_3D('',#1057,#838,#839);
#742=AXIS2_PLACEMENT_3D('',#1065,#841,#842);
#743=AXIS2_PLACEMENT_3D('',#1066,#843,#844);
#744=AXIS2_PLACEMENT_3D('',#1069,#845,#846);
#745=AXIS2_PLACEMENT_3D('',#1071,#847,#848);
#746=AXIS2_PLACEMENT_3D('',#1073,#850,#851);
#747=AXIS2_PLACEMENT_3D('',#1074,#852,#853);
#748=AXIS2_PLACEMENT_3D('',#1077,#854,#855);
#749=AXIS2_PLACEMENT_3D('',#1079,#856,#857);
#750=AXIS2_PLACEMENT_3D('',#1087,#859,#860);
#751=AXIS2_PLACEMENT_3D('',#1088,#861,#862);
#752=AXIS2_PLACEMENT_3D('',#1090,#863,#864);
#753=AXIS2_PLACEMENT_3D('',#1092,#865,#866);
#754=AXIS2_PLACEMENT_3D('',#1095,#868,#869);
#755=AXIS2_PLACEMENT_3D('',#1096,#870,#871);
#756=AXIS2_PLACEMENT_3D('',#1103,#872,#873);
#757=AXIS2_PLACEMENT_3D('',#1108,#874,#875);
#758=AXIS2_PLACEMENT_3D('',#1114,#876,#877);
#759=AXIS2_PLACEMENT_3D('',#1120,#878,#879);
#760=AXIS2_PLACEMENT_3D('',#1126,#880,#881);
#761=AXIS2_PLACEMENT_3D('',#1132,#882,#883);
#762=AXIS2_PLACEMENT_3D('',#1133,#884,#885);
#763=AXIS2_PLACEMENT_3D('',#1135,#886,#887);
#764=AXIS2_PLACEMENT_3D('',#1161,#888,#889);
#765=AXIS2_PLACEMENT_3D('',#1162,#890,#891);
#766=AXIS2_PLACEMENT_3D('',#1165,#892,#893);
#767=AXIS2_PLACEMENT_3D('',#1167,#894,#895);
#768=AXIS2_PLACEMENT_3D('',#1174,#896,#897);
#769=AXIS2_PLACEMENT_3D('',#1175,#898,#899);
#770=AXIS2_PLACEMENT_3D('',#1177,#900,#901);
#771=AXIS2_PLACEMENT_3D('',#1184,#902,#903);
#772=AXIS2_PLACEMENT_3D('',#1185,#904,#905);
#773=AXIS2_PLACEMENT_3D('',#1186,#906,#907);
#774=AXIS2_PLACEMENT_3D('',#1192,#911,#912);
#775=AXIS2_PLACEMENT_3D('',#1193,#913,#914);
#776=AXIS2_PLACEMENT_3D('',#1195,#915,#916);
#777=AXIS2_PLACEMENT_3D('',#1216,#917,#918);
#778=AXIS2_PLACEMENT_3D('',#1235,#919,#920);
#779=AXIS2_PLACEMENT_3D('',#1236,#921,#922);
#780=AXIS2_PLACEMENT_3D('',#1252,#923,#924);
#781=AXIS2_PLACEMENT_3D('',#1253,#925,#926);
#782=AXIS2_PLACEMENT_3D('',#1255,#927,#928);
#783=AXIS2_PLACEMENT_3D('',#1256,#929,#930);
#784=AXIS2_PLACEMENT_3D('',#1258,#931,#932);
#785=AXIS2_PLACEMENT_3D('',#1259,#933,#934);
#786=AXIS2_PLACEMENT_3D('',#1265,#937,#938);
#787=AXIS2_PLACEMENT_3D('',#1269,#940,#941);
#788=AXIS2_PLACEMENT_3D('',#1272,#943,#944);
#789=AXIS2_PLACEMENT_3D('',#1274,#945,#946);
#790=AXIS2_PLACEMENT_3D('',#1275,#947,#948);
#791=AXIS2_PLACEMENT_3D('',#1280,#951,#952);
#792=AXIS2_PLACEMENT_3D('',#1289,#953,#954);
#793=AXIS2_PLACEMENT_3D('',#1290,#955,#956);
#794=AXIS2_PLACEMENT_3D('',#1292,#957,#958);
#795=AXIS2_PLACEMENT_3D('',#1293,#959,#960);
#796=AXIS2_PLACEMENT_3D('',#1312,#961,#962);
#797=AXIS2_PLACEMENT_3D('',#1313,#963,#964);
#798=AXIS2_PLACEMENT_3D('',#1314,#965,#966);
#799=AXIS2_PLACEMENT_3D('',#1316,#967,#968);
#800=AXIS2_PLACEMENT_3D('',#1317,#969,#970);
#801=AXIS2_PLACEMENT_3D('',#1443,#971,#972);
#802=AXIS2_PLACEMENT_3D('',#1444,#973,#974);
#803=AXIS2_PLACEMENT_3D('',#1535,#975,#976);
#804=AXIS2_PLACEMENT_3D('',#1536,#977,#978);
#805=AXIS2_PLACEMENT_3D('',#1558,#979,#980);
#806=AXIS2_PLACEMENT_3D('',#1559,#981,#982);
#807=AXIS2_PLACEMENT_3D('',#1560,#983,#984);
#808=AXIS2_PLACEMENT_3D('',#1561,#985,#986);
#809=AXIS2_PLACEMENT_3D('',#1562,#987,#988);
#810=AXIS2_PLACEMENT_3D('',#1563,#989,#990);
#811=AXIS2_PLACEMENT_3D('',#1565,#992,#993);
#812=AXIS2_PLACEMENT_3D('',#1567,#995,#996);
#813=AXIS2_PLACEMENT_3D('',#1569,#998,#999);
#814=AXIS2_PLACEMENT_3D('',#1572,#1002,#1003);
#815=AXIS2_PLACEMENT_3D('',#1577,#1004,#1005);
#816=AXIS2_PLACEMENT_3D('',#1582,#1006,#1007);
#817=AXIS2_PLACEMENT_3D('',#1583,#1008,#1009);
#818=AXIS2_PLACEMENT_3D('',#1585,#1011,#1012);
#819=AXIS2_PLACEMENT_3D('',#1591,#1014,#1015);
#820=AXIS2_PLACEMENT_3D('',#1593,#1017,#1018);
#821=AXIS2_PLACEMENT_3D('',#1598,#1019,#1020);
#822=AXIS2_PLACEMENT_3D('',#1599,#1021,#1022);
#823=AXIS2_PLACEMENT_3D('',#1600,#1023,#1024);
#824=DIRECTION('',(0.,0.,1.));
#825=DIRECTION('',(1.,0.,0.));
#826=DIRECTION('',(0.,-1.,0.));
#827=DIRECTION('',(1.,0.,0.));
#828=DIRECTION('',(0.,-1.,0.));
#829=DIRECTION('',(1.,0.,0.));
#830=DIRECTION('',(0.,1.,0.));
#831=DIRECTION('',(-1.,0.,0.));
#832=DIRECTION('',(-1.,0.,0.));
#833=DIRECTION('',(0.,-1.,0.));
#834=DIRECTION('',(-1.,0.,0.));
#835=DIRECTION('',(0.,-1.,0.));
#836=DIRECTION('',(-1.,0.,0.));
#837=DIRECTION('',(0.,-1.,0.));
#838=DIRECTION('',(-1.,0.,0.));
#839=DIRECTION('',(0.,-1.,0.));
#840=DIRECTION('',(0.,1.,0.));
#841=DIRECTION('',(1.,0.,0.));
#842=DIRECTION('',(0.,1.,0.));
#843=DIRECTION('',(1.,0.,0.));
#844=DIRECTION('',(0.,1.,0.));
#845=DIRECTION('',(1.,0.,0.));
#846=DIRECTION('',(0.,1.,0.));
#847=DIRECTION('',(1.,0.,0.));
#848=DIRECTION('',(0.,1.,0.));
#849=DIRECTION('',(0.,1.,0.));
#850=DIRECTION('',(-1.,0.,0.));
#851=DIRECTION('',(0.,-1.,0.));
#852=DIRECTION('',(-1.,0.,0.));
#853=DIRECTION('',(0.,-1.,0.));
#854=DIRECTION('',(-1.,0.,0.));
#855=DIRECTION('',(0.,-1.,0.));
#856=DIRECTION('',(-1.,0.,0.));
#857=DIRECTION('',(0.,-1.,0.));
#858=DIRECTION('',(0.,1.,0.));
#859=DIRECTION('',(1.,0.,0.));
#860=DIRECTION('',(0.,1.,0.));
#861=DIRECTION('',(1.,0.,0.));
#862=DIRECTION('',(0.,1.,0.));
#863=DIRECTION('',(1.,0.,0.));
#864=DIRECTION('',(0.,1.,0.));
#865=DIRECTION('',(1.,0.,0.));
#866=DIRECTION('',(0.,1.,0.));
#867=DIRECTION('',(0.,1.,0.));
#868=DIRECTION('',(0.,1.,0.));
#869=DIRECTION('',(-1.,0.,0.));
#870=DIRECTION('',(0.,1.,0.));
#871=DIRECTION('',(-1.,0.,0.));
#872=DIRECTION('',(0.,-1.,0.));
#873=DIRECTION('',(1.,0.,0.));
#874=DIRECTION('',(0.,-1.,0.));
#875=DIRECTION('',(1.,0.,0.));
#876=DIRECTION('',(0.,1.,0.));
#877=DIRECTION('',(-1.,0.,0.));
#878=DIRECTION('',(0.,-1.,0.));
#879=DIRECTION('',(1.,0.,0.));
#880=DIRECTION('',(0.,-1.,0.));
#881=DIRECTION('',(1.,0.,0.));
#882=DIRECTION('',(0.,1.,0.));
#883=DIRECTION('',(-1.,0.,0.));
#884=DIRECTION('',(0.,-1.,0.));
#885=DIRECTION('',(1.,0.,0.));
#886=DIRECTION('',(0.,-1.,0.));
#887=DIRECTION('',(1.,0.,0.));
#888=DIRECTION('',(0.997090760168743,2.42357518424183E-17,-0.0762234608642116));
#889=DIRECTION('',(0.00533660514170424,-0.997546104855229,0.0698089488083141));
#890=DIRECTION('',(-0.997090760168743,-2.42357518424183E-17,0.0762234608642116));
#891=DIRECTION('',(-0.00533660514170424,0.997546104855229,-0.0698089488083141));
#892=DIRECTION('',(0.651151511911176,9.56418874091171E-17,-0.758947764036359));
#893=DIRECTION('',(0.758947764036359,-6.13673584592604E-17,0.651151511911176));
#894=DIRECTION('',(0.758947764036359,-6.13673584592604E-17,0.651151511911176));
#895=DIRECTION('',(0.651151511911176,9.56418874091171E-17,-0.758947764036359));
#896=DIRECTION('',(0.651151511911176,9.56418874091171E-17,-0.758947764036359));
#897=DIRECTION('',(0.758947764036359,-6.13673584592604E-17,0.651151511911176));
#898=DIRECTION('',(0.758947764036359,-6.13673584592604E-17,0.651151511911176));
#899=DIRECTION('',(0.651151511911176,9.56418874091171E-17,-0.758947764036359));
#900=DIRECTION('',(0.651151511911176,9.56418874091171E-17,-0.758947764036359));
#901=DIRECTION('',(0.758947764036359,-6.13673584592604E-17,0.651151511911176));
#902=DIRECTION('',(0.758947764036359,-6.13673584592604E-17,0.651151511911176));
#903=DIRECTION('',(0.651151511911176,9.56418874091171E-17,-0.758947764036359));
#904=DIRECTION('',(0.651151511911176,9.56418874091171E-17,-0.758947764036359));
#905=DIRECTION('',(0.758947764036359,-6.13673584592604E-17,0.651151511911176));
#906=DIRECTION('',(-0.997090760168743,-2.42357518424183E-17,0.0762234608642116));
#907=DIRECTION('',(-0.00533660514170424,0.997546104855229,-0.0698089488083141));
#908=DIRECTION('',(0.0762234608642117,-1.11022302462516E-16,0.997090760168743));
#909=DIRECTION('',(1.57027401010117E-17,-1.,-1.12546644840109E-16));
#910=DIRECTION('',(0.0762234608642117,-1.11022302462516E-16,0.997090760168743));
#911=DIRECTION('',(0.,1.,0.));
#912=DIRECTION('',(-1.,0.,0.));
#913=DIRECTION('',(0.,1.,0.));
#914=DIRECTION('',(-1.,0.,0.));
#915=DIRECTION('',(0.,-1.,0.));
#916=DIRECTION('',(1.,0.,0.));
#917=DIRECTION('',(0.,-1.,0.));
#918=DIRECTION('',(1.,0.,0.));
#919=DIRECTION('',(0.,-1.,0.));
#920=DIRECTION('',(1.,0.,0.));
#921=DIRECTION('',(0.,-1.,0.));
#922=DIRECTION('',(1.,0.,0.));
#923=DIRECTION('',(0.,-1.,0.));
#924=DIRECTION('',(1.,0.,0.));
#925=DIRECTION('',(0.,-1.,0.));
#926=DIRECTION('',(1.,0.,0.));
#927=DIRECTION('',(0.,1.,0.));
#928=DIRECTION('',(-1.,0.,0.));
#929=DIRECTION('',(0.,1.,0.));
#930=DIRECTION('',(-1.,0.,0.));
#931=DIRECTION('',(0.,1.,0.));
#932=DIRECTION('',(-1.,0.,0.));
#933=DIRECTION('',(0.,1.,0.));
#934=DIRECTION('',(-1.,0.,0.));
#935=DIRECTION('',(0.,1.,0.));
#936=DIRECTION('',(0.,1.,0.));
#937=DIRECTION('',(0.,1.,0.));
#938=DIRECTION('',(-1.,0.,0.));
#939=DIRECTION('',(0.,1.,0.));
#940=DIRECTION('',(0.,-1.,0.));
#941=DIRECTION('',(1.,0.,0.));
#942=DIRECTION('',(0.,1.,0.));
#943=DIRECTION('',(0.,-1.,0.));
#944=DIRECTION('',(1.,0.,0.));
#945=DIRECTION('',(0.,-1.,0.));
#946=DIRECTION('',(1.,0.,0.));
#947=DIRECTION('',(0.,1.,0.));
#948=DIRECTION('',(-1.,0.,0.));
#949=DIRECTION('',(-1.,0.,0.));
#950=DIRECTION('',(1.,0.,0.));
#951=DIRECTION('',(0.,1.,0.));
#952=DIRECTION('',(-1.,0.,0.));
#953=DIRECTION('',(0.,1.,0.));
#954=DIRECTION('',(-1.,0.,0.));
#955=DIRECTION('',(0.,-1.,0.));
#956=DIRECTION('',(1.,0.,0.));
#957=DIRECTION('',(0.,-1.,0.));
#958=DIRECTION('',(1.,0.,0.));
#959=DIRECTION('',(0.,-1.,0.));
#960=DIRECTION('',(1.,0.,0.));
#961=DIRECTION('',(0.,-1.,0.));
#962=DIRECTION('',(1.,0.,0.));
#963=DIRECTION('',(0.,-1.,0.));
#964=DIRECTION('',(1.,0.,0.));
#965=DIRECTION('',(0.,1.,0.));
#966=DIRECTION('',(-1.,0.,0.));
#967=DIRECTION('',(0.,1.,0.));
#968=DIRECTION('',(-1.,0.,0.));
#969=DIRECTION('',(0.0762234608642116,-1.88737914186277E-15,0.997090760168743));
#970=DIRECTION('',(-0.0950389734075286,0.995447039487967,0.00726533607520241));
#971=DIRECTION('',(0.647522712550696,-0.672300112674586,0.35878530520177));
#972=DIRECTION('',(0.720254582376487,0.69370983600182,0.));
#973=DIRECTION('',(-0.585461885542369,-0.672300112674585,0.453041873423323));
#974=DIRECTION('',(0.754131496206562,-0.656723447448965,0.));
#975=DIRECTION('',(-0.647522712550701,-0.672300112674579,-0.358785305201775));
#976=DIRECTION('',(0.720254582376481,-0.693709836001827,0.));
#977=DIRECTION('',(0.585461885542377,-0.67230011267458,-0.45304187342332));
#978=DIRECTION('',(0.754131496206555,0.656723447448973,0.));
#979=DIRECTION('',(-0.0762234608642117,1.11022302462516E-16,-0.997090760168743));
#980=DIRECTION('',(-0.368897216721424,0.929042284282785,0.028200665059742));
#981=DIRECTION('',(-0.0762234608642117,1.11022302462516E-16,-0.997090760168743));
#982=DIRECTION('',(-0.368897216721424,0.929042284282785,0.028200665059742));
#983=DIRECTION('',(0.0762234608642117,-1.11022302462516E-16,0.997090760168743));
#984=DIRECTION('',(0.368897216721424,-0.929042284282785,-0.028200665059742));
#985=DIRECTION('',(0.0762234608642117,-1.11022302462516E-16,0.997090760168743));
#986=DIRECTION('',(0.368897216721424,-0.929042284282785,-0.028200665059742));
#987=DIRECTION('',(0.0762234608642117,-1.11022302462516E-16,0.997090760168743));
#988=DIRECTION('',(0.368897216721424,-0.929042284282785,-0.028200665059742));
#989=DIRECTION('',(1.,0.,0.));
#990=DIRECTION('',(0.,1.,0.));
#991=DIRECTION('',(-1.,0.,0.));
#992=DIRECTION('',(-1.,0.,0.));
#993=DIRECTION('',(0.,-1.,0.));
#994=DIRECTION('',(1.,0.,0.));
#995=DIRECTION('',(0.,-1.,0.));
#996=DIRECTION('',(1.,0.,0.));
#997=DIRECTION('',(-1.,0.,0.));
#998=DIRECTION('',(-1.,0.,0.));
#999=DIRECTION('',(0.,-1.,0.));
#1000=DIRECTION('',(-1.,0.,0.));
#1001=DIRECTION('',(-1.,0.,0.));
#1002=DIRECTION('',(-1.,0.,0.));
#1003=DIRECTION('',(0.,-0.472839978910165,-0.881148315747261));
#1004=DIRECTION('',(-1.,0.,0.));
#1005=DIRECTION('',(0.,0.475227316461915,0.879863056212958));
#1006=DIRECTION('',(0.,0.,1.));
#1007=DIRECTION('',(0.,-1.,0.));
#1008=DIRECTION('',(0.,-1.,0.));
#1009=DIRECTION('',(1.,0.,0.));
#1010=DIRECTION('',(-1.,0.,0.));
#1011=DIRECTION('',(-1.,0.,0.));
#1012=DIRECTION('',(0.,-0.472362091064622,0.881404592071687));
#1013=DIRECTION('',(-1.,0.,0.));
#1014=DIRECTION('',(-1.,0.,0.));
#1015=DIRECTION('',(0.,-1.,0.));
#1016=DIRECTION('',(-1.,0.,0.));
#1017=DIRECTION('',(0.,-3.42345293167336E-13,-1.));
#1018=DIRECTION('',(0.,1.,-3.42345293167336E-13));
#1019=DIRECTION('',(-1.,0.,0.));
#1020=DIRECTION('',(0.,0.4763302553996,-0.879266448689447));
#1021=DIRECTION('',(-1.,0.,0.));
#1022=DIRECTION('',(0.,-1.,0.));
#1023=DIRECTION('',(-1.,0.,0.));
#1024=DIRECTION('',(0.,-1.,0.));
#1025=CARTESIAN_POINT('',(0.,0.,0.));
#1026=CARTESIAN_POINT('',(0.,-0.000408392021690038,0.));
#1027=CARTESIAN_POINT('',(0.000963771902600743,-0.000874773290289196,-0.00313241915326208));
#1028=CARTESIAN_POINT('',(0.000963756200475895,-0.000881943915485715,-0.00312302918571204));
#1029=CARTESIAN_POINT('',(0.000963740498351048,-0.000888833181584651,-0.00311342436218307));
#1030=CARTESIAN_POINT('',(0.000963724796226201,-0.000895428731998754,-0.00310362190988608));
#1031=CARTESIAN_POINT('',(0.000963748347603031,-0.000874848450320228,-0.00313247663163249));
#1032=CARTESIAN_POINT('',(0.000963724546226418,-0.000895819769699605,-0.00310388393077749));
#1033=CARTESIAN_POINT('',(0.000963724796226241,-0.000408392021690019,-0.00336470422431731));
#1034=CARTESIAN_POINT('',(0.000963724796226241,-0.000588250774584571,-0.00336470422431732));
#1035=CARTESIAN_POINT('',(0.000963724796226241,-0.000765330380715395,-0.00327412041905663));
#1036=CARTESIAN_POINT('',(0.000963724796226241,-0.000874853709927417,-0.00313248069863965));
#1037=CARTESIAN_POINT('',(0.000963724796226241,-0.00040839202169003,-0.00336470422431733));
#1038=CARTESIAN_POINT('',(0.,-0.000408392021690038,0.));
#1039=CARTESIAN_POINT('',(0.000963724796226241,-0.000408392021690067,0.00336470422431742));
#1040=CARTESIAN_POINT('',(0.000963724796226241,-0.000874855421700536,0.0031324784848996));
#1041=CARTESIAN_POINT('',(0.000963724796226241,-0.000765445669816804,0.00327397264401874));
#1042=CARTESIAN_POINT('',(0.000963724796226241,-0.000588266702973437,0.0033647042243173));
#1043=CARTESIAN_POINT('',(0.000963724796226241,-0.000408392021690101,0.00336470422431732));
#1044=CARTESIAN_POINT('',(0.000963779314954144,-0.000874847304469658,0.00313247220828563));
#1045=CARTESIAN_POINT('',(0.000963724796226129,-0.000895405055364591,0.00310360596559231));
#1046=CARTESIAN_POINT('',(0.000963761155001561,-0.000888810124142514,0.00311340689421913));
#1047=CARTESIAN_POINT('',(0.000963797513776992,-0.000881921609296547,0.00312301027077693));
#1048=CARTESIAN_POINT('',(0.000963833872552423,-0.000874751858805156,0.00313239888077325));
#1049=CARTESIAN_POINT('',(0.000963724546226641,-0.000895773593175868,0.00310385308639366));
#1050=CARTESIAN_POINT('',(0.,-0.000895731738930688,0.));
#1051=CARTESIAN_POINT('',(-0.000963724796226241,-0.002,0.00475328670681021));
#1052=CARTESIAN_POINT('',(-0.000963724796226241,-0.002,0.00284099181926641));
#1053=CARTESIAN_POINT('',(-0.000963726481281824,-0.000874861567496739,0.00313250316690585));
#1054=CARTESIAN_POINT('',(-0.000963724796226241,-0.00130024560563576,0.00376903987469156));
#1055=CARTESIAN_POINT('',(-0.000963724796226241,-9.61546268945781E-5,0.00536596345298643));
#1056=CARTESIAN_POINT('',(-0.000963724796226241,-0.002,0.00475328670681021));
#1057=CARTESIAN_POINT('',(-0.000963724796226241,-0.002,0.00275328670681021));
#1058=CARTESIAN_POINT('',(-0.000963724796226241,-9.57498538045299E-5,0.0033647042243173));
#1059=CARTESIAN_POINT('',(-0.000963724796226241,-0.001,0.0033647042243173));
#1060=CARTESIAN_POINT('',(-0.000963724796226241,-0.000408392021685294,0.00336470422433782));
#1061=CARTESIAN_POINT('',(-0.000963724796226241,-0.00040839202168444,0.00336470422431745));
#1062=CARTESIAN_POINT('',(-0.000963724796226241,-0.000591416617966705,0.00336470422431745));
#1063=CARTESIAN_POINT('',(-0.000963724796226241,-0.000763254755616177,0.00327748824167486));
#1064=CARTESIAN_POINT('',(-0.000963724796226241,-0.000874879254978391,0.00313251678583706));
#1065=CARTESIAN_POINT('',(0.000963724796226241,-0.002,0.00475328670681021));
#1066=CARTESIAN_POINT('',(0.000963724796226241,-0.002,0.00275328670681021));
#1067=CARTESIAN_POINT('',(0.000963724796226241,-9.57498538045299E-5,0.0033647042243173));
#1068=CARTESIAN_POINT('',(0.000963724796226241,-0.002,0.00475328670681021));
#1069=CARTESIAN_POINT('',(0.000963724796226241,-9.61546268945781E-5,0.00536596345298643));
#1070=CARTESIAN_POINT('',(0.000963724796226241,-0.00130024560563576,0.00376903987469156));
#1071=CARTESIAN_POINT('',(0.000963724796226241,-0.002,0.00284099181926641));
#1072=CARTESIAN_POINT('',(0.000963724796226241,-0.001,0.0033647042243173));
#1073=CARTESIAN_POINT('',(-0.000963724796226241,-0.002,0.00475328670681021));
#1074=CARTESIAN_POINT('',(-0.000963724796226241,-0.002,-0.00275328670681021));
#1075=CARTESIAN_POINT('',(-0.000963724796226241,-9.57498538045299E-5,-0.0033647042243173));
#1076=CARTESIAN_POINT('',(-0.000963724796226241,-0.002,-0.00475328670681021));
#1077=CARTESIAN_POINT('',(-0.000963724796226241,-9.61546268945783E-5,-0.00536596345298643));
#1078=CARTESIAN_POINT('',(-0.000963724796226241,-0.00130024560563576,-0.00376903987469156));
#1079=CARTESIAN_POINT('',(-0.000963724796226241,-0.002,-0.00284099181926641));
#1080=CARTESIAN_POINT('',(-0.000963726517398922,-0.000874859160226112,-0.00313250759036311));
#1081=CARTESIAN_POINT('',(-0.000963724796226241,-0.000874876123683228,-0.00313252065220131));
#1082=CARTESIAN_POINT('',(-0.000963724796226241,-0.000763405682323112,-0.00327728772272107));
#1083=CARTESIAN_POINT('',(-0.000963724796226241,-0.00059163867954727,-0.00336470422431741));
#1084=CARTESIAN_POINT('',(-0.000963724796226241,-0.00040839202169281,-0.00336470422431741));
#1085=CARTESIAN_POINT('',(-0.000963724796226241,-0.000408392021692315,-0.00336470422432722));
#1086=CARTESIAN_POINT('',(-0.000963724796226241,-0.001,-0.0033647042243173));
#1087=CARTESIAN_POINT('',(0.000963724796226241,-0.002,0.00475328670681021));
#1088=CARTESIAN_POINT('',(0.000963724796226241,-0.002,-0.00284099181926641));
#1089=CARTESIAN_POINT('',(0.00096372479622624,-0.00130024560563576,-0.00376903987469156));
#1090=CARTESIAN_POINT('',(0.000963724796226241,-9.61546268945783E-5,-0.00536596345298643));
#1091=CARTESIAN_POINT('',(0.000963724796226241,-0.002,-0.00475328670681021));
#1092=CARTESIAN_POINT('',(0.000963724796226241,-0.002,-0.00275328670681021));
#1093=CARTESIAN_POINT('',(0.000963724796226241,-9.57498538045299E-5,-0.0033647042243173));
#1094=CARTESIAN_POINT('',(0.000963724796226241,-0.001,-0.0033647042243173));
#1095=CARTESIAN_POINT('',(0.,-0.001,0.));
#1096=CARTESIAN_POINT('',(0.,0.,0.));
#1097=CARTESIAN_POINT('',(-0.00216088229899321,0.,-0.00275328670681021));
#1098=CARTESIAN_POINT('',(-0.00216088229899321,0.,0.00275328670681021));
#1099=CARTESIAN_POINT('',(-0.00216088229899321,0.,-0.00275328670681021));
#1100=CARTESIAN_POINT('',(-0.00180264018272872,0.,-0.00303444850731397));
#1101=CARTESIAN_POINT('',(-0.00139913658763358,-5.57074440256737E-5,-0.00323999277511594));
#1102=CARTESIAN_POINT('',(-0.00096372479622624,-9.57498538045295E-5,-0.0033647042243173));
#1103=CARTESIAN_POINT('',(0.,-0.000408392021690038,0.));
#1104=CARTESIAN_POINT('',(-0.000963724796226241,-9.57498538045299E-5,0.0033647042243173));
#1105=CARTESIAN_POINT('',(-0.0013990186304553,-5.57182918937428E-5,0.00324002656062873));
#1106=CARTESIAN_POINT('',(-0.00180307065878671,7.46580138572575E-20,0.00303411065361658));
#1107=CARTESIAN_POINT('',(-0.00216088229899321,7.46580138572575E-20,0.00275328670681021));
#1108=CARTESIAN_POINT('',(0.,-0.000408392021690038,0.));
#1109=CARTESIAN_POINT('',(-0.00096372479622624,-0.000895428732003012,-0.00310362190987976));
#1110=CARTESIAN_POINT('',(-0.000963725943674697,-0.000888829825334981,-0.00311342935031553));
#1111=CARTESIAN_POINT('',(-0.000963727091123154,-0.000881936903894701,-0.00312303896073543));
#1112=CARTESIAN_POINT('',(-0.00096372823857161,-0.000874762343404442,-0.00313243348780636));
#1113=CARTESIAN_POINT('',(-0.00096372454622626,-0.000895819769701734,-0.00310388393077433));
#1114=CARTESIAN_POINT('',(0.,-0.000895731738930688,0.));
#1115=CARTESIAN_POINT('',(-0.000963724546226257,-0.000895773593175869,0.00310385308639366));
#1116=CARTESIAN_POINT('',(-0.000963728237692035,-0.000874742046041582,0.00313241172997924));
#1117=CARTESIAN_POINT('',(-0.00096372709053677,-0.000881915324033116,0.0031230190328601));
#1118=CARTESIAN_POINT('',(-0.000963725943381505,-0.000888807115514193,0.00311341136543353));
#1119=CARTESIAN_POINT('',(-0.00096372479622624,-0.000895405055364594,0.00310360596559231));
#1120=CARTESIAN_POINT('',(0.,-0.00138307145617173,0.));
#1121=CARTESIAN_POINT('',(-0.000963724796227,-0.00138306598721028,-0.00284053612614929));
#1122=CARTESIAN_POINT('',(-0.000963724796226747,-0.00119107930075481,-0.00284262063361954));
#1123=CARTESIAN_POINT('',(-0.000963724796226493,-0.0010028936640203,-0.00294451443661655));
#1124=CARTESIAN_POINT('',(-0.00096372479622624,-0.000896211125085958,-0.00310414547631143));
#1125=CARTESIAN_POINT('',(-0.000963732388583372,-0.00138306925734514,-0.00284083731113567));
#1126=CARTESIAN_POINT('',(0.,-0.00138307145617173,0.));
#1127=CARTESIAN_POINT('',(-0.000963731013592344,-0.00138306969427186,0.00284086489417503));
#1128=CARTESIAN_POINT('',(-0.00096372479622624,-0.000896142448703045,0.00310409973205588));
#1129=CARTESIAN_POINT('',(-0.00096372479622698,-0.00100286620002394,0.00294449568630974));
#1130=CARTESIAN_POINT('',(-0.00096372479622772,-0.00119107937514439,0.00284265069907526));
#1131=CARTESIAN_POINT('',(-0.00096372479622846,-0.00138306707400323,0.00284061747468406));
#1132=CARTESIAN_POINT('',(0.,-0.017,0.));
#1133=CARTESIAN_POINT('',(0.,-0.0136269450048954,0.));
#1134=CARTESIAN_POINT('',(0.003,-0.0136269450048954,0.));
#1135=CARTESIAN_POINT('',(0.,-0.0055,0.));
#1136=CARTESIAN_POINT('',(0.003,-0.0055,0.));
#1137=CARTESIAN_POINT('',(0.00295414598847284,-0.00976966426142386,0.000612248953548669));
#1138=CARTESIAN_POINT('',(0.00303760783753647,-0.0101476140639916,-0.000153729028343257));
#1139=CARTESIAN_POINT('',(0.00287018780133672,-0.00987658775706386,-0.000950127762204006));
#1140=CARTESIAN_POINT('',(0.00269329757347163,-0.00912132457014649,-0.00131442925396071));
#1141=CARTESIAN_POINT('',(0.00282688820239833,-0.0083132790649417,-0.00105372034838633));
#1142=CARTESIAN_POINT('',(0.00302557119764697,-0.00793666489984149,-0.000310292777031851));
#1143=CARTESIAN_POINT('',(0.00298136014571644,-0.00820635254777229,0.000502462186658261));
#1144=CARTESIAN_POINT('',(0.0028617703502236,-0.0089639055089084,0.000889805488928718));
#1145=CARTESIAN_POINT('',(0.00295414598847284,-0.00976966426142386,0.000612248953548669));
#1146=CARTESIAN_POINT('',(0.00303760783753647,-0.0101476140639916,-0.000153729028343257));
#1147=CARTESIAN_POINT('',(0.00287018780133672,-0.00987658775706386,-0.000950127762204006));
#1148=CARTESIAN_POINT('',(0.00299579418999257,-0.0100394513790757,-0.000158799153671394));
#1149=CARTESIAN_POINT('',(0.00079691414119861,-0.00948533461207947,-0.00289638958257988));
#1150=CARTESIAN_POINT('',(0.000181707051637165,-0.0100708272524378,-0.00303084741700711));
#1151=CARTESIAN_POINT('',(-0.000671907867384057,-0.0100570417291875,-0.00296005328526542));
#1152=CARTESIAN_POINT('',(-0.00124065716243168,-0.00945426956800825,-0.00273470913433391));
#1153=CARTESIAN_POINT('',(-0.00122788503994735,-0.00859764312418137,-0.00274163812494986));
#1154=CARTESIAN_POINT('',(-0.000640193194015717,-0.00801336513134226,-0.00296797443339347));
#1155=CARTESIAN_POINT('',(0.000213531295745852,-0.00802615268082038,-0.00302784930149426));
#1156=CARTESIAN_POINT('',(0.000811069070764329,-0.00863080000418333,-0.00289142057543039));
#1157=CARTESIAN_POINT('',(0.00079691414119861,-0.00948533461207947,-0.00289638958257988));
#1158=CARTESIAN_POINT('',(0.000181707051637165,-0.0100708272524378,-0.00303084741700711));
#1159=CARTESIAN_POINT('',(-0.000671907867384057,-0.0100570417291875,-0.00296005328526542));
#1160=CARTESIAN_POINT('',(0.000141972413393869,-0.00997094755850299,-0.00299663875597896));
#1161=CARTESIAN_POINT('',(-0.000757086579525862,-0.00904190527422052,5.78761348247598E-5));
#1162=CARTESIAN_POINT('',(-0.000757086579525862,-0.00904190527422052,5.78761348247598E-5));
#1163=CARTESIAN_POINT('',(-0.000814962714347911,-0.00969265120322751,-0.000699210444701579));
#1164=CARTESIAN_POINT('',(-0.00081496271434787,-0.0083911593452129,-0.000699210444701045));
#1165=CARTESIAN_POINT('',(2.10768902331182E-16,-0.00904190527422036,2.72893686814601E-15));
#1166=CARTESIAN_POINT('',(2.10753199591081E-16,-0.00804190527422036,2.72904941479085E-15));
#1167=CARTESIAN_POINT('',(2.10768902331182E-16,-0.00904190527422036,2.72893686814601E-15));
#1168=CARTESIAN_POINT('',(-4.40857914692659E-5,-0.00804305190143278,5.13840669132339E-5));
#1169=CARTESIAN_POINT('',(-4.40857914692663E-5,-0.00804305190143278,5.1384066913236E-5));
#1170=CARTESIAN_POINT('',(-1.22625053427713E-5,-0.00804305190143278,4.89513084307254E-5));
#1171=CARTESIAN_POINT('',(1.95607807837237E-5,-0.00804305190143278,4.65185499482147E-5));
#1172=CARTESIAN_POINT('',(5.13840669102187E-5,-0.00804305190143278,4.40857914657041E-5));
#1173=CARTESIAN_POINT('',(5.13840669167217E-5,-0.00804305190143278,4.40857914652049E-5));
#1174=CARTESIAN_POINT('',(2.10768902331182E-16,-0.00904190527422036,2.72893686814601E-15));
#1175=CARTESIAN_POINT('',(2.10768902331182E-16,-0.00904190527422036,2.72893686814601E-15));
#1176=CARTESIAN_POINT('',(2.10784605071283E-16,-0.0100419052742204,2.72882432150117E-15));
#1177=CARTESIAN_POINT('',(2.10768902331182E-16,-0.00904190527422036,2.72893686814601E-15));
#1178=CARTESIAN_POINT('',(5.1384066903731E-5,-0.0100407586470083,4.40857914661977E-5));
#1179=CARTESIAN_POINT('',(5.13840669037306E-5,-0.0100407586470083,4.40857914661979E-5));
#1180=CARTESIAN_POINT('',(1.95607807837287E-5,-0.0100407586470083,4.65185499482122E-5));
#1181=CARTESIAN_POINT('',(-1.22625053362732E-5,-0.0100407586470083,4.89513084302265E-5));
#1182=CARTESIAN_POINT('',(-4.40857914562751E-5,-0.0100407586470083,5.13840669122407E-5));
#1183=CARTESIAN_POINT('',(-4.40857914562751E-5,-0.0100407586470083,5.13840669122406E-5));
#1184=CARTESIAN_POINT('',(2.10768902331182E-16,-0.00904190527422036,2.72893686814601E-15));
#1185=CARTESIAN_POINT('',(2.10768902331182E-16,-0.00904190527422036,2.72893686814601E-15));
#1186=CARTESIAN_POINT('',(-0.000757086579525862,-0.00904190527422052,5.78761348247598E-5));
#1187=CARTESIAN_POINT('',(-0.00227790665908658,-0.0096926512032275,-0.0198362041393636));
#1188=CARTESIAN_POINT('',(-0.000753437441802345,-0.0096926512032275,0.000105611064011248));
#1189=CARTESIAN_POINT('',(-0.000753437441802345,-0.00904190527422052,0.000105611064011248));
#1190=CARTESIAN_POINT('',(-0.000753437441802345,-0.00839115934521291,0.000105611064011248));
#1191=CARTESIAN_POINT('',(-0.00227790665908658,-0.0083911593452129,-0.0198362041393636));
#1192=CARTESIAN_POINT('',(0.,-0.032,0.));
#1193=CARTESIAN_POINT('',(0.,-0.018743340220279,0.));
#1194=CARTESIAN_POINT('',(-0.00485,-0.018743340220279,0.));
#1195=CARTESIAN_POINT('',(0.,-0.028,0.));
#1196=CARTESIAN_POINT('',(-0.00296814304724976,-0.028,-0.00383570421840148));
#1197=CARTESIAN_POINT('',(-0.00235061298206967,-0.028,0.00424230109828682));
#1198=CARTESIAN_POINT('',(-0.00235061298206967,-0.028,0.00424230109828682));
#1199=CARTESIAN_POINT('',(-0.00258695688906303,-0.0277799101032941,0.0041113455052866));
#1200=CARTESIAN_POINT('',(-0.00298935584724859,-0.0272915533621388,0.00383752927015483));
#1201=CARTESIAN_POINT('',(-0.00337555613006884,-0.0263650300490376,0.00348531101413355));
#1202=CARTESIAN_POINT('',(-0.00338589985463265,-0.025285830482268,0.00347436244236355));
#1203=CARTESIAN_POINT('',(-0.00301559839792033,-0.0243504671325972,0.00381666338528331));
#1204=CARTESIAN_POINT('',(-0.00241504696780155,-0.0236034404471457,0.00423094669385027));
#1205=CARTESIAN_POINT('',(-0.00136417947251263,-0.0228301162903102,0.00472577624049927));
#1206=CARTESIAN_POINT('',(0.00036882340982961,-0.0223652649163168,0.0049960945494789));
#1207=CARTESIAN_POINT('',(0.0020570426874722,-0.0228241489373356,0.00446909332059585));
#1208=CARTESIAN_POINT('',(0.00302393805123648,-0.0235972783102352,0.00381943521886102));
#1209=CARTESIAN_POINT('',(0.00355487538867285,-0.024339732418966,0.00332036696127407));
#1210=CARTESIAN_POINT('',(0.00387313239938993,-0.0252733989602349,0.00292159395175552));
#1211=CARTESIAN_POINT('',(0.0038676673365134,-0.0263591860393374,0.00292951828141367));
#1212=CARTESIAN_POINT('',(0.00353988711371555,-0.0272884408541303,0.00333661685996685));
#1213=CARTESIAN_POINT('',(0.00318228884065928,-0.0277794426053408,0.00366999400937209));
#1214=CARTESIAN_POINT('',(0.00296814304724982,-0.028,0.00383570421840144));
#1215=CARTESIAN_POINT('',(0.0029681430472498,-0.028,0.00383570421840145));
#1216=CARTESIAN_POINT('',(0.,-0.028,0.));
#1217=CARTESIAN_POINT('',(0.00235061298206968,-0.028,-0.00424230109828681));
#1218=CARTESIAN_POINT('',(0.00235061298206968,-0.028,-0.00424230109828681));
#1219=CARTESIAN_POINT('',(0.00258695688906304,-0.0277799101032941,-0.00411134550528658));
#1220=CARTESIAN_POINT('',(0.00298935584724861,-0.0272915533621388,-0.00383752927015482));
#1221=CARTESIAN_POINT('',(0.00337555613006886,-0.0263650300490376,-0.00348531101413353));
#1222=CARTESIAN_POINT('',(0.00338589985463268,-0.025285830482268,-0.00347436244236352));
#1223=CARTESIAN_POINT('',(0.00301559839792038,-0.0243504671325973,-0.00381666338528328));
#1224=CARTESIAN_POINT('',(0.0024150469678016,-0.0236034404471457,-0.00423094669385024));
#1225=CARTESIAN_POINT('',(0.00136417947251269,-0.0228301162903102,-0.00472577624049925));
#1226=CARTESIAN_POINT('',(-0.000368823409829548,-0.0223652649163168,-0.00499609454947891));
#1227=CARTESIAN_POINT('',(-0.00205704268747215,-0.0228241489373356,-0.00446909332059588));
#1228=CARTESIAN_POINT('',(-0.00302393805123645,-0.0235972783102352,-0.00381943521886104));
#1229=CARTESIAN_POINT('',(-0.00355487538867281,-0.0243397324189659,-0.00332036696127411));
#1230=CARTESIAN_POINT('',(-0.0038731323993899,-0.0252733989602349,-0.00292159395175556));
#1231=CARTESIAN_POINT('',(-0.00386766733651338,-0.0263591860393374,-0.0029295182814137));
#1232=CARTESIAN_POINT('',(-0.00353988711371552,-0.0272884408541303,-0.00333661685996688));
#1233=CARTESIAN_POINT('',(-0.00318228884065924,-0.0277794426053408,-0.00366999400937212));
#1234=CARTESIAN_POINT('',(-0.00296814304724978,-0.028,-0.00383570421840147));
#1235=CARTESIAN_POINT('',(0.,-0.028,0.));
#1236=CARTESIAN_POINT('',(0.,-0.032,0.));
#1237=CARTESIAN_POINT('',(0.00085,-0.032,0.));
#1238=CARTESIAN_POINT('',(0.0029681430472498,-0.028,0.00383570421840145));
#1239=CARTESIAN_POINT('',(0.00266691908566809,-0.0283545631019082,0.0040687972194062));
#1240=CARTESIAN_POINT('',(0.00189082392241986,-0.0289645283578287,0.00443449034729746));
#1241=CARTESIAN_POINT('',(0.000364280938899083,-0.0293171689278023,0.00470141909252946));
#1242=CARTESIAN_POINT('',(-0.00119254716980206,-0.0289667848878447,0.00467127823981285));
#1243=CARTESIAN_POINT('',(-0.00201733896213521,-0.0283546901295791,0.0044269646145471));
#1244=CARTESIAN_POINT('',(-0.00235061298206967,-0.028,0.00424230109828682));
#1245=CARTESIAN_POINT('',(-0.00296814304724976,-0.028,-0.00383570421840148));
#1246=CARTESIAN_POINT('',(-0.00266691908566805,-0.0283545631019082,-0.00406879721940623));
#1247=CARTESIAN_POINT('',(-0.00189082392241981,-0.0289645283578287,-0.00443449034729748));
#1248=CARTESIAN_POINT('',(-0.000364280938899055,-0.0293171689278023,-0.00470141909252946));
#1249=CARTESIAN_POINT('',(0.00119254716980208,-0.0289667848878447,-0.00467127823981284));
#1250=CARTESIAN_POINT('',(0.00201733896213522,-0.0283546901295791,-0.00442696461454709));
#1251=CARTESIAN_POINT('',(0.00235061298206968,-0.028,-0.00424230109828681));
#1252=CARTESIAN_POINT('',(0.,-0.0055,0.));
#1253=CARTESIAN_POINT('',(0.,-0.0055,0.));
#1254=CARTESIAN_POINT('',(0.0035,-0.0055,0.));
#1255=CARTESIAN_POINT('',(0.,-0.001,0.));
#1256=CARTESIAN_POINT('',(0.,-0.00459160797830996,0.));
#1257=CARTESIAN_POINT('',(-0.0035,-0.00459160797830996,0.));
#1258=CARTESIAN_POINT('',(0.,-0.004,0.));
#1259=CARTESIAN_POINT('',(0.,-0.002,0.));
#1260=CARTESIAN_POINT('',(-0.000963724796226241,-0.002,0.00284099181926641));
#1261=CARTESIAN_POINT('',(0.000963724796226241,-0.002,0.00284099181926641));
#1262=CARTESIAN_POINT('',(-0.000963724796226241,-0.004,0.00284099181926641));
#1263=CARTESIAN_POINT('',(-0.000963724796226241,-0.004,-0.00284099181926641));
#1264=CARTESIAN_POINT('',(-0.000963724796226241,-0.002,-0.00284099181926641));
#1265=CARTESIAN_POINT('',(0.,-0.002,0.));
#1266=CARTESIAN_POINT('',(0.000963724796226241,-0.002,-0.00284099181926641));
#1267=CARTESIAN_POINT('',(0.000963724796226241,-0.004,-0.00284099181926641));
#1268=CARTESIAN_POINT('',(0.000963732388583035,-0.00138306925734514,-0.00284083731113573));
#1269=CARTESIAN_POINT('',(0.,-0.00138307145617173,0.));
#1270=CARTESIAN_POINT('',(0.000963731013591386,-0.00138306969427089,0.00284086489417519));
#1271=CARTESIAN_POINT('',(0.000963724796226241,-0.004,0.00284099181926641));
#1272=CARTESIAN_POINT('',(0.,-0.00361692854382827,0.));
#1273=CARTESIAN_POINT('',(0.003,-0.00361692854382827,0.));
#1274=CARTESIAN_POINT('',(0.,0.,0.));
#1275=CARTESIAN_POINT('',(0.,0.,0.));
#1276=CARTESIAN_POINT('',(0.00216088229899321,0.,0.00275328670681021));
#1277=CARTESIAN_POINT('',(0.00216088229899321,0.,-0.00275328670681021));
#1278=CARTESIAN_POINT('',(-0.000963724796226241,0.,-0.00275328670681021));
#1279=CARTESIAN_POINT('',(0.000963724796226241,0.,0.00275328670681021));
#1280=CARTESIAN_POINT('',(0.,-0.001,0.));
#1281=CARTESIAN_POINT('',(0.000963724796226241,-9.57498538045299E-5,-0.0033647042243173));
#1282=CARTESIAN_POINT('',(0.0013990186304553,-5.57182918937428E-5,-0.00324002656062873));
#1283=CARTESIAN_POINT('',(0.00180307065878671,7.46580138572575E-20,-0.00303411065361658));
#1284=CARTESIAN_POINT('',(0.00216088229899321,7.46580138572575E-20,-0.00275328670681021));
#1285=CARTESIAN_POINT('',(0.00216088229899321,0.,0.00275328670681021));
#1286=CARTESIAN_POINT('',(0.00180264018272872,0.,0.00303444850731397));
#1287=CARTESIAN_POINT('',(0.00139913658763358,-5.57074440256737E-5,0.00323999277511594));
#1288=CARTESIAN_POINT('',(0.00096372479622624,-9.57498538045295E-5,0.0033647042243173));
#1289=CARTESIAN_POINT('',(0.,-0.00459160797830996,0.));
#1290=CARTESIAN_POINT('',(0.,-0.00410426826106931,0.));
#1291=CARTESIAN_POINT('',(0.00324999999999972,-0.00410426826106931,0.));
#1292=CARTESIAN_POINT('',(0.,-0.00361692854382827,0.));
#1293=CARTESIAN_POINT('',(0.,-0.00138307145617173,0.));
#1294=CARTESIAN_POINT('',(0.000963724796226316,-0.0011075467693971,-0.00291178054362605));
#1295=CARTESIAN_POINT('',(0.000963724796226287,-0.00119183252092464,-0.00286625653709848));
#1296=CARTESIAN_POINT('',(0.000963724796226259,-0.00128727746274788,-0.00284157615605185));
#1297=CARTESIAN_POINT('',(0.000963724796226231,-0.00138306598721029,-0.00284053612614929));
#1298=CARTESIAN_POINT('',(0.000963724796226241,-0.00110749475766197,-0.00291168419947368));
#1299=CARTESIAN_POINT('',(0.000963724796226249,-0.000896211125083842,-0.0031041454763146));
#1300=CARTESIAN_POINT('',(0.000963724796226271,-0.000949666207578092,-0.00302415965594616));
#1301=CARTESIAN_POINT('',(0.000963724796226293,-0.00102290057169476,-0.00295749923257286));
#1302=CARTESIAN_POINT('',(0.000963724796226316,-0.0011075467693971,-0.00291178054362605));
#1303=CARTESIAN_POINT('',(0.000963724796226232,-0.00110673705478197,0.00291221710228492));
#1304=CARTESIAN_POINT('',(0.000963724796226235,-0.00102241175075374,0.00295789920557851));
#1305=CARTESIAN_POINT('',(0.000963724796226239,-0.000949451487957149,0.00302437672537284));
#1306=CARTESIAN_POINT('',(0.000963724796226242,-0.000896142448703045,0.00310409973205588));
#1307=CARTESIAN_POINT('',(0.000963724796226241,-0.00110668710419492,0.00291212489772043));
#1308=CARTESIAN_POINT('',(0.000963724796226248,-0.00138306707400226,0.00284061747468407));
#1309=CARTESIAN_POINT('',(0.000963724796226243,-0.00128697827318099,0.00284163509245199));
#1310=CARTESIAN_POINT('',(0.000963724796226238,-0.00119122970757218,0.00286644439374701));
#1311=CARTESIAN_POINT('',(0.000963724796226232,-0.00110673731113492,0.00291221696340922));
#1312=CARTESIAN_POINT('',(0.,-0.032,0.));
#1313=CARTESIAN_POINT('',(0.,-0.0136269450048954,0.));
#1314=CARTESIAN_POINT('',(0.,-0.0161851426125872,0.));
#1315=CARTESIAN_POINT('',(-0.003925,-0.0161851426125872,0.));
#1316=CARTESIAN_POINT('',(0.,-0.018743340220279,0.));
#1317=CARTESIAN_POINT('',(-0.00038111730432103,-0.0258,-0.00498545380084351));
#1318=CARTESIAN_POINT('',(0.00229519271363103,-0.0276615384615385,0.00346832307657579));
#1319=CARTESIAN_POINT('',(0.00245558410422626,-0.0274755649673094,0.0033225859544782));
#1320=CARTESIAN_POINT('',(0.00271931073052917,-0.0270661753207827,0.00303236135408268));
#1321=CARTESIAN_POINT('',(0.00295992694205957,-0.0263083144256555,0.00268050658234373));
#1322=CARTESIAN_POINT('',(0.00298029676161835,-0.02542832859079,0.00264630739130252));
#1323=CARTESIAN_POINT('',(0.00276893853281947,-0.0246443079499488,0.00296670917353408));
#1324=CARTESIAN_POINT('',(0.00239795088953962,-0.0240108726868745,0.00339580384103656));
#1325=CARTESIAN_POINT('',(0.00186642973324966,-0.023497069147704,0.00383383112399678));
#1326=CARTESIAN_POINT('',(0.00116830904828548,-0.0231391657970105,0.00419364208827115));
#1327=CARTESIAN_POINT('',(0.000330031707488639,-0.023004752124857,0.00437792119954934));
#1328=CARTESIAN_POINT('',(-0.000525107133269419,-0.0231418464704153,0.00432071907488234));
#1329=CARTESIAN_POINT('',(-0.00126610897317792,-0.0235001909369458,0.00407081281724786));
#1330=CARTESIAN_POINT('',(-0.00185588339440147,-0.0240128757965452,0.00371946039748041));
#1331=CARTESIAN_POINT('',(-0.00228867686039942,-0.0246498886351754,0.00335035353078066));
#1332=CARTESIAN_POINT('',(-0.00254390174699202,-0.0254326040770095,0.00306790239437118));
#1333=CARTESIAN_POINT('',(-0.00251712969802449,-0.026312672564005,0.00310044030284372));
#1334=CARTESIAN_POINT('',(-0.00222548478782933,-0.0270678814141978,0.003411585010123));
#1335=CARTESIAN_POINT('',(-0.00192179158047504,-0.0274757853802207,0.00365737639767017));
#1336=CARTESIAN_POINT('',(-0.00174132554176844,-0.0276615384615384,0.00377689818684565));
#1337=CARTESIAN_POINT('',(0.00229519271363103,-0.0276615384615385,0.00346832307657579));
#1338=CARTESIAN_POINT('',(-0.00174132554176844,-0.0276615384615385,0.00377689818684565));
#1339=CARTESIAN_POINT('',(-0.00174132554176844,-0.0276615384615385,0.00377689818684565));
#1340=CARTESIAN_POINT('',(-0.00148973996786632,-0.0279204946391237,0.00394352210201014));
#1341=CARTESIAN_POINT('',(-0.00086449913217676,-0.0283749423190129,0.00417484659553388));
#1342=CARTESIAN_POINT('',(0.000326685798054001,-0.0286379540276423,0.00422240864143809));
#1343=CARTESIAN_POINT('',(0.00149058148778455,-0.0283732326339682,0.00399381112507244));
#1344=CARTESIAN_POINT('',(0.00207196492652047,-0.0279203706309206,0.00367115550508067));
#1345=CARTESIAN_POINT('',(0.00229519271363103,-0.0276615384615385,0.00346832307657579));
#1346=CARTESIAN_POINT('',(-0.002295192713631,-0.0276615384615384,-0.00346832307657581));
#1347=CARTESIAN_POINT('',(-0.00245558410422623,-0.0274755649673093,-0.00332258595447823));
#1348=CARTESIAN_POINT('',(-0.00271931073052919,-0.0270661753207827,-0.00303236135408266));
#1349=CARTESIAN_POINT('',(-0.00295992694205955,-0.0263083144256554,-0.00268050658234374));
#1350=CARTESIAN_POINT('',(-0.00298029676161832,-0.0254283285907899,-0.00264630739130257));
#1351=CARTESIAN_POINT('',(-0.00276893853281942,-0.0246443079499488,-0.00296670917353413));
#1352=CARTESIAN_POINT('',(-0.00239795088953957,-0.0240108726868745,-0.0033958038410366));
#1353=CARTESIAN_POINT('',(-0.00186642973324961,-0.0234970691477039,-0.00383383112399681));
#1354=CARTESIAN_POINT('',(-0.00116830904828541,-0.0231391657970105,-0.00419364208827117));
#1355=CARTESIAN_POINT('',(-0.000330031707488606,-0.023004752124857,-0.00437792119954935));
#1356=CARTESIAN_POINT('',(0.000525107133269468,-0.0231418464704153,-0.00432071907488233));
#1357=CARTESIAN_POINT('',(0.00126610897317796,-0.0235001909369458,-0.00407081281724785));
#1358=CARTESIAN_POINT('',(0.00185588339440149,-0.0240128757965452,-0.0037194603974804));
#1359=CARTESIAN_POINT('',(0.00228867686039945,-0.0246498886351754,-0.00335035353078064));
#1360=CARTESIAN_POINT('',(0.00254390174699204,-0.0254326040770095,-0.00306790239437116));
#1361=CARTESIAN_POINT('',(0.00251712969802452,-0.026312672564005,-0.00310044030284369));
#1362=CARTESIAN_POINT('',(0.00222548478782939,-0.0270678814141977,-0.00341158501012294));
#1363=CARTESIAN_POINT('',(0.00192179158047505,-0.0274757853802207,-0.00365737639767017));
#1364=CARTESIAN_POINT('',(0.00174132554176845,-0.0276615384615384,-0.00377689818684565));
#1365=CARTESIAN_POINT('',(-0.002295192713631,-0.0276615384615384,-0.00346832307657581));
#1366=CARTESIAN_POINT('',(0.00174132554176845,-0.0276615384615384,-0.00377689818684564));
#1367=CARTESIAN_POINT('',(0.00174132554176845,-0.0276615384615384,-0.00377689818684564));
#1368=CARTESIAN_POINT('',(0.00148973996786633,-0.0279204946391236,-0.00394352210201014));
#1369=CARTESIAN_POINT('',(0.000864499132176819,-0.0283749423190129,-0.00417484659553386));
#1370=CARTESIAN_POINT('',(-0.000326685798053976,-0.0286379540276422,-0.0042224086414381));
#1371=CARTESIAN_POINT('',(-0.00149058148778457,-0.0283732326339682,-0.00399381112507244));
#1372=CARTESIAN_POINT('',(-0.00207196492652044,-0.0279203706309205,-0.00367115550508069));
#1373=CARTESIAN_POINT('',(-0.002295192713631,-0.0276615384615384,-0.00346832307657581));
#1374=CARTESIAN_POINT('',(-0.00174132554176843,-0.0276615384615385,0.00377689818684566));
#1375=CARTESIAN_POINT('',(-0.00189890735463087,-0.0274313725490196,0.00449258628251393));
#1376=CARTESIAN_POINT('',(-0.00235061298206966,-0.028,0.00424230109828682));
#1377=CARTESIAN_POINT('',(-0.00192439256758341,-0.0274731081938097,0.00365565376683705));
#1378=CARTESIAN_POINT('',(-0.00208869877711491,-0.0271857283565254,0.00442276196658396));
#1379=CARTESIAN_POINT('',(-0.00258974935703614,-0.027777309680725,0.00410979822909909));
#1380=CARTESIAN_POINT('',(-0.00223243247461938,-0.0270583725317827,0.00340473330035705));
#1381=CARTESIAN_POINT('',(-0.00236868029559485,-0.0266377652296071,0.00430775891315617));
#1382=CARTESIAN_POINT('',(-0.00299141232498182,-0.0272871675389267,0.00383448670124574));
#1383=CARTESIAN_POINT('',(-0.00247010941555384,-0.0264240383972619,0.00315155381229335));
#1384=CARTESIAN_POINT('',(-0.00243098861531138,-0.0260902593786575,0.00435974273410942));
#1385=CARTESIAN_POINT('',(-0.00330040894498489,-0.0265374999238673,0.00355556978302631));
#1386=CARTESIAN_POINT('',(-0.00253252349195398,-0.0258688673583908,0.00308001218935964));
#1387=CARTESIAN_POINT('',(-0.00241892409102525,-0.0258280652306691,0.00441312419691295));
#1388=CARTESIAN_POINT('',(-0.00338147369650761,-0.025881388696312,0.00347668232624915));
#1389=CARTESIAN_POINT('',(-0.00250830119575285,-0.0254476001422639,0.00310800397424265));
#1390=CARTESIAN_POINT('',(-0.00242509776704148,-0.0256449552236038,0.0043902868195331));
#1391=CARTESIAN_POINT('',(-0.00335001675467498,-0.0253835274408488,0.00350755133751758));
#1392=CARTESIAN_POINT('',(-0.002417495141771,-0.0250465692185467,0.00320835454030012));
#1393=CARTESIAN_POINT('',(-0.002419350397724,-0.0253799760651734,0.00434208639832373));
#1394=CARTESIAN_POINT('',(-0.00323201834228903,-0.0249095818037392,0.00361815561007636));
#1395=CARTESIAN_POINT('',(-0.00221957395082317,-0.0245483310605064,0.00340876961573151));
#1396=CARTESIAN_POINT('',(-0.00233472885827036,-0.0249319474810727,0.00432778312812179));
#1397=CARTESIAN_POINT('',(-0.00297454650323267,-0.0243207548896881,0.00383879361041579));
#1398=CARTESIAN_POINT('',(-0.00185341344340816,-0.0240084449643526,0.00372209395659645));
#1399=CARTESIAN_POINT('',(-0.00205483450825053,-0.0243067389899181,0.00443561388546206));
#1400=CARTESIAN_POINT('',(-0.0024973302789624,-0.0236827076851444,0.00418285990213909));
#1401=CARTESIAN_POINT('',(-0.00125372742319819,-0.023491116253054,0.00407728912535345));
#1402=CARTESIAN_POINT('',(-0.00143732264487261,-0.0236349419322182,0.00466321951134544));
#1403=CARTESIAN_POINT('',(-0.00171332711885364,-0.0230713192081546,0.00457006118886648));
#1404=CARTESIAN_POINT('',(-0.000507920668243268,-0.0231375201337167,0.0043232817365913));
#1405=CARTESIAN_POINT('',(-0.000603418327088715,-0.0231678206460973,0.00484269692586573));
#1406=CARTESIAN_POINT('',(-0.000735276240626181,-0.0226534328853016,0.00483312802592802));
#1407=CARTESIAN_POINT('',(0.000327442986592516,-0.0230068626323179,0.00437622720421773));
#1408=CARTESIAN_POINT('',(0.000363997121994072,-0.0229939460510768,0.00486848954756249));
#1409=CARTESIAN_POINT('',(0.00036364888878188,-0.0224990194745575,0.00487935123644317));
#1410=CARTESIAN_POINT('',(0.00115373763790136,-0.0231350642434178,0.00419843456458571));
#1411=CARTESIAN_POINT('',(0.00132632758294162,-0.023164558123744,0.00469699956675545));
#1412=CARTESIAN_POINT('',(0.0014541897838641,-0.0226505304694938,0.00466818268215487));
#1413=CARTESIAN_POINT('',(0.00185542447934742,-0.0234884307041089,0.00384173726075524));
#1414=CARTESIAN_POINT('',(0.00212584438701762,-0.0236317586627714,0.00439223438071798));
#1415=CARTESIAN_POINT('',(0.00238344314735231,-0.0230681453775832,0.00425925480811043));
#1416=CARTESIAN_POINT('',(0.00239680853420588,-0.0240074046914782,0.00339799584846754));
#1417=CARTESIAN_POINT('',(0.0027043028241534,-0.024305191230651,0.00407238390654997));
#1418=CARTESIAN_POINT('',(0.00310300192095371,-0.0236814782717471,0.00375564499313252));
#1419=CARTESIAN_POINT('',(0.00270996887594185,-0.0245442880461889,0.00303422881928805));
#1420=CARTESIAN_POINT('',(0.00296394233495214,-0.0249273865928756,0.0039232554671888));
#1421=CARTESIAN_POINT('',(0.00352087623241037,-0.0243159767818592,0.00334481241475759));
#1422=CARTESIAN_POINT('',(0.00287633474307725,-0.0250431839631424,0.00280473281969952));
#1423=CARTESIAN_POINT('',(0.00305106679177367,-0.0253775182589518,0.00392355665967236));
#1424=CARTESIAN_POINT('',(0.00374342963408056,-0.0249055810473509,0.0030861040972122));
#1425=CARTESIAN_POINT('',(0.00295126938017077,-0.0254456454174406,0.00269110408667694));
#1426=CARTESIAN_POINT('',(0.00306425555768356,-0.0256438623797041,0.00397034087033315));
#1427=CARTESIAN_POINT('',(0.00384383036034557,-0.0253812173115178,0.00295812625491733));
#1428=CARTESIAN_POINT('',(0.00297131431988297,-0.0258631342493602,0.0026591966707052));
#1429=CARTESIAN_POINT('',(0.00306161344116979,-0.0258256760675728,0.00399423220415444));
#1430=CARTESIAN_POINT('',(0.00387071074583507,-0.0258746132038004,0.00292220491070944));
#1431=CARTESIAN_POINT('',(0.00292143890668455,-0.0264202314333396,0.00273793653976283));
#1432=CARTESIAN_POINT('',(0.00306550518440131,-0.0260874975138838,0.00394031496460436));
#1433=CARTESIAN_POINT('',(0.00380383755281591,-0.0265330007847975,0.00301085650061229));
#1434=CARTESIAN_POINT('',(0.00272529686108222,-0.0270560941182178,0.00302433368691346));
#1435=CARTESIAN_POINT('',(0.00299721856214689,-0.0266345137480635,0.00389688717742102));
#1436=CARTESIAN_POINT('',(0.00354120769253645,-0.0272844748674545,0.00333353209714463));
#1437=CARTESIAN_POINT('',(0.00245795262758502,-0.0274728186683763,0.00332043382235917));
#1438=CARTESIAN_POINT('',(0.0027369917247203,-0.0271853275493377,0.00405372030095856));
#1439=CARTESIAN_POINT('',(0.00318469198202756,-0.0277769675161848,0.0036681344115153));
#1440=CARTESIAN_POINT('',(0.00229519271363106,-0.0276615384615385,0.00346832307657578));
#1441=CARTESIAN_POINT('',(0.00255973045688882,-0.0274313725490196,0.00415174187966681));
#1442=CARTESIAN_POINT('',(0.00296814304724984,-0.028,0.00383570421840144));
#1443=CARTESIAN_POINT('',(-0.00210828174680475,-0.028,0.00380495046959746));
#1444=CARTESIAN_POINT('',(0.00266214891866734,-0.028,0.00344027079382398));
#1445=CARTESIAN_POINT('',(0.00229519271363102,-0.0276615384615385,0.00346832307657579));
#1446=CARTESIAN_POINT('',(0.00255973045688878,-0.0274313725490196,0.00415174187966682));
#1447=CARTESIAN_POINT('',(0.00296814304724979,-0.028,0.00383570421840145));
#1448=CARTESIAN_POINT('',(0.00206719779640245,-0.0279258981077058,0.00367548707127053));
#1449=CARTESIAN_POINT('',(0.00232282885378096,-0.0277629427071406,0.0043472258124722));
#1450=CARTESIAN_POINT('',(0.00266480021023044,-0.0283570571866173,0.00407043684671846));
#1451=CARTESIAN_POINT('',(0.00147871593575643,-0.028378035382451,0.00399718588338632));
#1452=CARTESIAN_POINT('',(0.00167885278601991,-0.0283338368741316,0.00466506184712697));
#1453=CARTESIAN_POINT('',(0.00188369196218811,-0.028967736099721,0.00443643467829421));
#1454=CARTESIAN_POINT('',(0.000326266610466815,-0.0286355642812305,0.0042212133705799));
#1455=CARTESIAN_POINT('',(0.000378618495054549,-0.0286559444370714,0.00490001172072377));
#1456=CARTESIAN_POINT('',(0.000364052692046229,-0.0293155673419889,0.00470073801771759));
#1457=CARTESIAN_POINT('',(-0.000852163687588529,-0.0283796997715607,0.00417634584459951));
#1458=CARTESIAN_POINT('',(-0.000948363742554443,-0.0283358861167935,0.00486683176028782));
#1459=CARTESIAN_POINT('',(-0.00118511081283555,-0.0289699841038702,0.00467210500459995));
#1460=CARTESIAN_POINT('',(-0.00148441085866157,-0.0279259798737023,0.00394705153868949));
#1461=CARTESIAN_POINT('',(-0.00163496517132285,-0.0277630421873326,0.0046498360001195));
#1462=CARTESIAN_POINT('',(-0.00201501106921588,-0.0283571676282895,0.00442825447474096));
#1463=CARTESIAN_POINT('',(-0.00174132554176843,-0.0276615384615385,0.00377689818684566));
#1464=CARTESIAN_POINT('',(-0.00189890735463087,-0.0274313725490196,0.00449258628251393));
#1465=CARTESIAN_POINT('',(-0.00235061298206966,-0.028,0.00424230109828682));
#1466=CARTESIAN_POINT('',(0.00174132554176845,-0.0276615384615385,-0.00377689818684564));
#1467=CARTESIAN_POINT('',(0.00189890735463089,-0.0274313725490196,-0.00449258628251392));
#1468=CARTESIAN_POINT('',(0.00235061298206969,-0.028,-0.00424230109828681));
#1469=CARTESIAN_POINT('',(0.00192439256758212,-0.0274731081938111,-0.00365565376683782));
#1470=CARTESIAN_POINT('',(0.00208869877711135,-0.0271857283565273,-0.00442276196658511));
#1471=CARTESIAN_POINT('',(0.00258974935703392,-0.0277773096807233,-0.00410979822910032));
#1472=CARTESIAN_POINT('',(0.00223243247462002,-0.027058372531782,-0.00340473330035666));
#1473=CARTESIAN_POINT('',(0.00236868029559676,-0.0266377652296062,-0.00430775891315556));
#1474=CARTESIAN_POINT('',(0.00299141232498291,-0.0272871675389276,-0.00383448670124514));
#1475=CARTESIAN_POINT('',(0.00247010941555378,-0.026424038397262,-0.00315155381229338));
#1476=CARTESIAN_POINT('',(0.00243098861531113,-0.0260902593786576,-0.0043597427341095));
#1477=CARTESIAN_POINT('',(0.00330040894498479,-0.0265374999238672,-0.00355556978302636));
#1478=CARTESIAN_POINT('',(0.00253252349195402,-0.0258688673583908,-0.0030800121893596));
#1479=CARTESIAN_POINT('',(0.00241892409102533,-0.025828065230669,-0.00441312419691292));
#1480=CARTESIAN_POINT('',(0.00338147369650766,-0.025881388696312,-0.00347668232624911));
#1481=CARTESIAN_POINT('',(0.00250830119575287,-0.0254476001422639,-0.00310800397424262));
#1482=CARTESIAN_POINT('',(0.00242509776704149,-0.0256449552236038,-0.0043902868195331));
#1483=CARTESIAN_POINT('',(0.003350016754675,-0.0253835274408488,-0.00350755133751755));
#1484=CARTESIAN_POINT('',(0.00241749514177103,-0.0250465692185467,-0.00320835454030009));
#1485=CARTESIAN_POINT('',(0.00241935039772404,-0.0253799760651734,-0.0043420863983237));
#1486=CARTESIAN_POINT('',(0.00323201834228906,-0.0249095818037392,-0.00361815561007633));
#1487=CARTESIAN_POINT('',(0.0022195739508232,-0.0245483310605065,-0.00340876961573149));
#1488=CARTESIAN_POINT('',(0.0023347288582704,-0.0249319474810727,-0.00432778312812177));
#1489=CARTESIAN_POINT('',(0.00297454650323271,-0.0243207548896881,-0.00383879361041576));
#1490=CARTESIAN_POINT('',(0.0018534134434082,-0.0240084449643526,-0.00372209395659643));
#1491=CARTESIAN_POINT('',(0.00205483450825058,-0.0243067389899181,-0.00443561388546203));
#1492=CARTESIAN_POINT('',(0.00249733027896245,-0.0236827076851444,-0.00418285990213906));
#1493=CARTESIAN_POINT('',(0.00125372742319823,-0.023491116253054,-0.00407728912535344));
#1494=CARTESIAN_POINT('',(0.00143732264487265,-0.0236349419322182,-0.00466321951134544));
#1495=CARTESIAN_POINT('',(0.00171332711885368,-0.0230713192081546,-0.00457006118886647));
#1496=CARTESIAN_POINT('',(0.000507920668243308,-0.0231375201337167,-0.00432328173659129));
#1497=CARTESIAN_POINT('',(0.000603418327088766,-0.0231678206460973,-0.00484269692586572));
#1498=CARTESIAN_POINT('',(0.000735276240626229,-0.0226534328853016,-0.00483312802592801));
#1499=CARTESIAN_POINT('',(-0.00032744298659247,-0.0230068626323179,-0.00437622720421774));
#1500=CARTESIAN_POINT('',(-0.000363997121994023,-0.0229939460510768,-0.00486848954756249));
#1501=CARTESIAN_POINT('',(-0.000363648888781824,-0.0224990194745574,-0.00487935123644318));
#1502=CARTESIAN_POINT('',(-0.00115373763790133,-0.0231350642434178,-0.00419843456458572));
#1503=CARTESIAN_POINT('',(-0.00132632758294159,-0.0231645581237439,-0.00469699956675547));
#1504=CARTESIAN_POINT('',(-0.00145418978386407,-0.0226505304694938,-0.00466818268215488));
#1505=CARTESIAN_POINT('',(-0.00185542447934739,-0.0234884307041089,-0.00384173726075526));
#1506=CARTESIAN_POINT('',(-0.00212584438701759,-0.0236317586627714,-0.00439223438071799));
#1507=CARTESIAN_POINT('',(-0.00238344314735228,-0.0230681453775832,-0.00425925480811044));
#1508=CARTESIAN_POINT('',(-0.00239680853420585,-0.0240074046914782,-0.00339799584846757));
#1509=CARTESIAN_POINT('',(-0.00270430282415337,-0.024305191230651,-0.00407238390654998));
#1510=CARTESIAN_POINT('',(-0.00310300192095367,-0.0236814782717471,-0.00375564499313255));
#1511=CARTESIAN_POINT('',(-0.00270996887594183,-0.0245442880461889,-0.00303422881928808));
#1512=CARTESIAN_POINT('',(-0.00296394233495211,-0.0249273865928756,-0.00392325546718882));
#1513=CARTESIAN_POINT('',(-0.00352087623241034,-0.0243159767818592,-0.00334481241475762));
#1514=CARTESIAN_POINT('',(-0.00287633474307723,-0.0250431839631424,-0.00280473281969954));
#1515=CARTESIAN_POINT('',(-0.00305106679177364,-0.0253775182589517,-0.00392355665967237));
#1516=CARTESIAN_POINT('',(-0.00374342963408053,-0.0249055810473509,-0.00308610409721222));
#1517=CARTESIAN_POINT('',(-0.00295126938017076,-0.0254456454174406,-0.00269110408667696));
#1518=CARTESIAN_POINT('',(-0.00306425555768356,-0.025643862379704,-0.00397034087033316));
#1519=CARTESIAN_POINT('',(-0.00384383036034556,-0.0253812173115178,-0.00295812625491736));
#1520=CARTESIAN_POINT('',(-0.0029713143198829,-0.0258631342493603,-0.00265919667070527));
#1521=CARTESIAN_POINT('',(-0.00306161344116967,-0.0258256760675728,-0.00399423220415449));
#1522=CARTESIAN_POINT('',(-0.00387071074583498,-0.0258746132038004,-0.00292220491070952));
#1523=CARTESIAN_POINT('',(-0.00292143890668478,-0.0264202314333392,-0.00273793653976265));
#1524=CARTESIAN_POINT('',(-0.00306550518440175,-0.0260874975138835,-0.00394031496460417));
#1525=CARTESIAN_POINT('',(-0.0038038375528162,-0.0265330007847973,-0.00301085650061208));
#1526=CARTESIAN_POINT('',(-0.00272529686108018,-0.0270560941182201,-0.00302433368691508));
#1527=CARTESIAN_POINT('',(-0.00299721856214362,-0.0266345137480662,-0.00389688717742256));
#1528=CARTESIAN_POINT('',(-0.0035412076925339,-0.0272844748674564,-0.00333353209714662));
#1529=CARTESIAN_POINT('',(-0.00245795262758922,-0.0274728186683714,-0.00332043382235584));
#1530=CARTESIAN_POINT('',(-0.00273699172472623,-0.0271853275493327,-0.00405372030095577));
#1531=CARTESIAN_POINT('',(-0.00318469198203284,-0.0277769675161808,-0.00366813441151122));
#1532=CARTESIAN_POINT('',(-0.00229519271363102,-0.0276615384615385,-0.0034683230765758));
#1533=CARTESIAN_POINT('',(-0.00255973045688878,-0.0274313725490196,-0.00415174187966684));
#1534=CARTESIAN_POINT('',(-0.00296814304724979,-0.028,-0.00383570421840147));
#1535=CARTESIAN_POINT('',(0.00210828174680477,-0.028,-0.00380495046959745));
#1536=CARTESIAN_POINT('',(-0.00266214891866731,-0.028,-0.00344027079382401));
#1537=CARTESIAN_POINT('',(-0.00229519271363099,-0.0276615384615385,-0.00346832307657581));
#1538=CARTESIAN_POINT('',(-0.00255973045688875,-0.0274313725490196,-0.00415174187966684));
#1539=CARTESIAN_POINT('',(-0.00296814304724976,-0.028,-0.00383570421840148));
#1540=CARTESIAN_POINT('',(-0.00206719779639955,-0.0279258981077086,-0.00367548707126697));
#1541=CARTESIAN_POINT('',(-0.00232282885377837,-0.0277629427071467,-0.00434722581246985));
#1542=CARTESIAN_POINT('',(-0.00266480021023046,-0.0283570571866173,-0.00407043684671845));
#1543=CARTESIAN_POINT('',(-0.0014787159357578,-0.0283780353824498,-0.00399718588338797));
#1544=CARTESIAN_POINT('',(-0.00167885278602132,-0.0283338368741291,-0.00466506184712807));
#1545=CARTESIAN_POINT('',(-0.00188369196218796,-0.0289677360997211,-0.0044364346782942));
#1546=CARTESIAN_POINT('',(-0.000326266610466173,-0.0286355642812305,-0.00422121337057958));
#1547=CARTESIAN_POINT('',(-0.000378618495053709,-0.0286559444370709,-0.00490001172072314));
#1548=CARTESIAN_POINT('',(-0.000364052692046472,-0.0293155673419881,-0.00470073801771775));
#1549=CARTESIAN_POINT('',(0.000852163687587504,-0.0283796997715616,-0.0041763458445992));
#1550=CARTESIAN_POINT('',(0.000948363742553989,-0.0283358861167976,-0.00486683176028927));
#1551=CARTESIAN_POINT('',(0.00118511081283658,-0.0289699841038728,-0.00467210500459939));
#1552=CARTESIAN_POINT('',(0.00148441085866361,-0.0279259798737,-0.00394705153869043));
#1553=CARTESIAN_POINT('',(0.0016349651713222,-0.0277630421873242,-0.00464983600011685));
#1554=CARTESIAN_POINT('',(0.00201501106921373,-0.0283571676282838,-0.00442825447474215));
#1555=CARTESIAN_POINT('',(0.00174132554176845,-0.0276615384615385,-0.00377689818684564));
#1556=CARTESIAN_POINT('',(0.00189890735463089,-0.0274313725490196,-0.00449258628251392));
#1557=CARTESIAN_POINT('',(0.00235061298206969,-0.028,-0.00424230109828681));
#1558=CARTESIAN_POINT('',(3.64913772372792E-6,-0.0090419052742202,4.77349291892193E-5));
#1559=CARTESIAN_POINT('',(3.64913772372792E-6,-0.0090419052742202,4.77349291892193E-5));
#1560=CARTESIAN_POINT('',(-0.00152082007956051,-0.0090419052742202,-0.0198940802741856));
#1561=CARTESIAN_POINT('',(-0.00152082007956051,-0.0090419052742202,-0.0198940802741856));
#1562=CARTESIAN_POINT('',(-0.00152082007956051,-0.0090419052742202,-0.0198940802741856));
#1563=CARTESIAN_POINT('',(0.,-0.002,-0.00275328670681021));
#1564=CARTESIAN_POINT('',(0.000963724796226241,-0.002,-0.00475328670681021));
#1565=CARTESIAN_POINT('',(0.,-0.002,0.00275328670681021));
#1566=CARTESIAN_POINT('',(0.000963724796226241,-0.002,0.00475328670681021));
#1567=CARTESIAN_POINT('',(0.00103627520377376,-0.002,0.));
#1568=CARTESIAN_POINT('',(0.00103627520377376,-0.002,-0.00284099181926641));
#1569=CARTESIAN_POINT('',(0.00103627520377376,-0.002,-0.00284099181926641));
#1570=CARTESIAN_POINT('',(0.00103627520377376,-0.00130024560563576,-0.00376903987469156));
#1571=CARTESIAN_POINT('',(0.000963748347603031,-0.000874818296879861,-0.00313236021020685));
#1572=CARTESIAN_POINT('',(0.00103627520377376,-0.000404564564225246,-0.00277334543753633));
#1573=CARTESIAN_POINT('',(0.000963724546226417,-0.000895428732003011,-0.00310362190987976));
#1574=CARTESIAN_POINT('',(0.000321241515408858,-0.000895428732003011,-0.00310362190987976));
#1575=CARTESIAN_POINT('',(-0.0003212415154087,-0.000895428732003011,-0.00310362190987976));
#1576=CARTESIAN_POINT('',(-0.000963724546226259,-0.000895428732003011,-0.00310362190987976));
#1577=CARTESIAN_POINT('',(0.00103627520377376,-0.00138950759263757,-0.00343381895150987));
#1578=CARTESIAN_POINT('',(-0.00096372479622624,-0.00138307145617167,-0.00284099181926641));
#1579=CARTESIAN_POINT('',(-0.00032124159874208,-0.00138307145617167,-0.00284099181926641));
#1580=CARTESIAN_POINT('',(0.000321241598742081,-0.00138307145617167,-0.00284099181926641));
#1581=CARTESIAN_POINT('',(0.000963724796226241,-0.00138307145617167,-0.00284099181926641));
#1582=CARTESIAN_POINT('',(0.00103627520377376,0.,-0.00284099181926641));
#1583=CARTESIAN_POINT('',(0.00103627520377376,-0.002,0.));
#1584=CARTESIAN_POINT('',(0.00103627520377376,-0.002,0.00284099181926641));
#1585=CARTESIAN_POINT('',(0.00103627520377376,-0.000404472823773246,0.00277326335977148));
#1586=CARTESIAN_POINT('',(0.000963779314954144,-0.000874808949818851,0.00313232411071966));
#1587=CARTESIAN_POINT('',(-0.000963724546226258,-0.000895405055364591,0.00310360596559231));
#1588=CARTESIAN_POINT('',(-0.000321241515408626,-0.000895405055364591,0.00310360596559231));
#1589=CARTESIAN_POINT('',(0.000321241515409007,-0.000895405055364591,0.00310360596559231));
#1590=CARTESIAN_POINT('',(0.00096372454622664,-0.000895405055364591,0.00310360596559231));
#1591=CARTESIAN_POINT('',(0.00103627520377376,-0.002,0.00284099181926641));
#1592=CARTESIAN_POINT('',(0.00103627520377376,-0.00130024560563576,0.00376903987469156));
#1593=CARTESIAN_POINT('',(0.00103627520377376,9.7260017725253E-16,0.00284099181926573));
#1594=CARTESIAN_POINT('',(0.000963724796226241,-0.00138307145617176,0.0028409918192662));
#1595=CARTESIAN_POINT('',(0.000321241598742081,-0.00138307145617176,0.0028409918192662));
#1596=CARTESIAN_POINT('',(-0.00032124159874208,-0.00138307145617176,0.0028409918192662));
#1597=CARTESIAN_POINT('',(-0.00096372479622624,-0.00138307145617176,0.0028409918192662));
#1598=CARTESIAN_POINT('',(0.00103627520377376,-0.00138935013463796,0.00343389697608688));
#1599=CARTESIAN_POINT('',(0.,-9.61546268945781E-5,0.00536596345298643));
#1600=CARTESIAN_POINT('',(0.00103627520377376,-9.61546268945783E-5,-0.00536596345298643));
#1601=MECHANICAL_DESIGN_GEOMETRIC_PRESENTATION_REPRESENTATION('',(#723),
#1602);
#1602=(
GEOMETRIC_REPRESENTATION_CONTEXT(3)
GLOBAL_UNCERTAINTY_ASSIGNED_CONTEXT((#1603))
GLOBAL_UNIT_ASSIGNED_CONTEXT((#1606,#1605,#1604))
REPRESENTATION_CONTEXT('third_thumb_hinge','TOP_LEVEL_ASSEMBLY_PART')
);
#1603=UNCERTAINTY_MEASURE_WITH_UNIT(LENGTH_MEASURE(2.E-5),#1606,
'DISTANCE_ACCURACY_VALUE','Maximum Tolerance applied to model');
#1604=(
NAMED_UNIT(*)
SI_UNIT($,.STERADIAN.)
SOLID_ANGLE_UNIT()
);
#1605=(
NAMED_UNIT(*)
PLANE_ANGLE_UNIT()
SI_UNIT($,.RADIAN.)
);
#1606=(
LENGTH_UNIT()
NAMED_UNIT(*)
SI_UNIT($,.METRE.)
);
#1607=PRODUCT_DEFINITION_SHAPE('','',#1608);
#1608=PRODUCT_DEFINITION('','',#1610,#1609);
#1609=PRODUCT_DEFINITION_CONTEXT('',#1616,'design');
#1610=PRODUCT_DEFINITION_FORMATION_WITH_SPECIFIED_SOURCE('','',#1612,
 .NOT_KNOWN.);
#1611=PRODUCT_RELATED_PRODUCT_CATEGORY('','',(#1612));
#1612=PRODUCT('third_thumb_hinge','third_thumb_hinge',
'third_thumb_hinge',(#1614));
#1613=PRODUCT_CATEGORY('','');
#1614=PRODUCT_CONTEXT('',#1616,'mechanical');
#1615=APPLICATION_PROTOCOL_DEFINITION('international standard',
'ap242_managed_model_based_3d_engineering',2020,#1616);
#1616=APPLICATION_CONTEXT('managed model based 3d engineering');
ENDSEC;
END-ISO-10303-21;
