ISO-10303-21;
HEADER;
/* Generated by software containing ST-Developer
 * from STEP Tools, Inc. (www.steptools.com) 
 */
/* OPTION: using custom renumber hook */

FILE_DESCRIPTION(
/* description */ ('STEP AP242 Edition 2',
'CAx-IF Rec.Pracs.---Representation and Presentation of Product Manufa
cturing Information (PMI)---4.0---2014-10-13',
'CAx-IF Rec.Pracs.---3D Tessellated Geometry---0.4---2014-09-14','2;1',
'CAx-IF Rec.Pracs.---User Defined Attributes---1.5---2016-08-15'),
/* implementation_level */ '2;1');

FILE_NAME(
/* name */ 'Robotic Hand_V5_simulacra - hand_pulley_wheel_thumb',
/* time_stamp */ '2026-09-25T22:15:31Z',
/* author */ (''),
/* organization */ (''),
/* preprocessor_version */ 'ST-DEVELOPER v20',
/* originating_system */ 'ONSHAPE BY PTC INC, 1.221',
/* authorisation */ '  ');

FILE_SCHEMA (('AP242_MANAGED_MODEL_BASED_3D_ENGINEERING_MIM_LF { 1 0 10303 442 3 1 4 }'));
ENDSEC;

DATA;
#10=SHAPE_REPRESENTATION_RELATIONSHIP('','',#1964,#11);
#11=ADVANCED_BREP_SHAPE_REPRESENTATION('',(#1962),#7495);
#12=DEGENERATE_TOROIDAL_SURFACE('',#2029,0.00190030952928952,0.007,.T.);
#13=B_SPLINE_SURFACE_WITH_KNOTS('',3,3,((#2799,#2800,#2801,#2802,#2803,
#2804,#2805,#2806,#2807,#2808,#2809,#2810,#2811,#2812,#2813,#2814,#2815,
#2816,#2817,#2818,#2819,#2820,#2821,#2822,#2823,#2824,#2825,#2826,#2827,
#2828,#2829,#2830,#2831,#2832,#2833,#2834,#2835,#2836,#2837,#2838,#2839,
#2840,#2841),(#2842,#2843,#2844,#2845,#2846,#2847,#2848,#2849,#2850,#2851,
#2852,#2853,#2854,#2855,#2856,#2857,#2858,#2859,#2860,#2861,#2862,#2863,
#2864,#2865,#2866,#2867,#2868,#2869,#2870,#2871,#2872,#2873,#2874,#2875,
#2876,#2877,#2878,#2879,#2880,#2881,#2882,#2883,#2884),(#2885,#2886,#2887,
#2888,#2889,#2890,#2891,#2892,#2893,#2894,#2895,#2896,#2897,#2898,#2899,
#2900,#2901,#2902,#2903,#2904,#2905,#2906,#2907,#2908,#2909,#2910,#2911,
#2912,#2913,#2914,#2915,#2916,#2917,#2918,#2919,#2920,#2921,#2922,#2923,
#2924,#2925,#2926,#2927),(#2928,#2929,#2930,#2931,#2932,#2933,#2934,#2935,
#2936,#2937,#2938,#2939,#2940,#2941,#2942,#2943,#2944,#2945,#2946,#2947,
#2948,#2949,#2950,#2951,#2952,#2953,#2954,#2955,#2956,#2957,#2958,#2959,
#2960,#2961,#2962,#2963,#2964,#2965,#2966,#2967,#2968,#2969,#2970),(#2971,
#2972,#2973,#2974,#2975,#2976,#2977,#2978,#2979,#2980,#2981,#2982,#2983,
#2984,#2985,#2986,#2987,#2988,#2989,#2990,#2991,#2992,#2993,#2994,#2995,
#2996,#2997,#2998,#2999,#3000,#3001,#3002,#3003,#3004,#3005,#3006,#3007,
#3008,#3009,#3010,#3011,#3012,#3013),(#3014,#3015,#3016,#3017,#3018,#3019,
#3020,#3021,#3022,#3023,#3024,#3025,#3026,#3027,#3028,#3029,#3030,#3031,
#3032,#3033,#3034,#3035,#3036,#3037,#3038,#3039,#3040,#3041,#3042,#3043,
#3044,#3045,#3046,#3047,#3048,#3049,#3050,#3051,#3052,#3053,#3054,#3055,
#3056),(#3057,#3058,#3059,#3060,#3061,#3062,#3063,#3064,#3065,#3066,#3067,
#3068,#3069,#3070,#3071,#3072,#3073,#3074,#3075,#3076,#3077,#3078,#3079,
#3080,#3081,#3082,#3083,#3084,#3085,#3086,#3087,#3088,#3089,#3090,#3091,
#3092,#3093,#3094,#3095,#3096,#3097,#3098,#3099),(#3100,#3101,#3102,#3103,
#3104,#3105,#3106,#3107,#3108,#3109,#3110,#3111,#3112,#3113,#3114,#3115,
#3116,#3117,#3118,#3119,#3120,#3121,#3122,#3123,#3124,#3125,#3126,#3127,
#3128,#3129,#3130,#3131,#3132,#3133,#3134,#3135,#3136,#3137,#3138,#3139,
#3140,#3141,#3142)),.UNSPECIFIED.,.F.,.F.,.F.,(4,2,2,4),(4,1,2,2,2,2,2,
2,2,2,2,2,2,2,2,2,2,2,2,2,2,4),(0.,0.0625,0.125,0.145934175135055),(0.,
0.24813153176896,0.250007467188074,0.369265018041205,0.488522568894337,
0.491011801272419,0.496263063537919,0.498526266716689,0.502108641570823,
0.505790438304549,0.508436427918999,0.515970267558187,0.528350286943661,
0.529271477789474,0.535677471578455,0.545360734028785,0.550187550591628,
0.672968017855757,0.767838735789228,0.800575301682728,0.825879051841921,
1.),.UNSPECIFIED.);
#14=B_SPLINE_SURFACE_WITH_KNOTS('',3,3,((#3185,#3186,#3187,#3188,#3189,
#3190,#3191,#3192,#3193,#3194,#3195,#3196,#3197,#3198,#3199,#3200,#3201,
#3202,#3203,#3204,#3205,#3206,#3207,#3208,#3209,#3210,#3211,#3212,#3213,
#3214,#3215,#3216,#3217),(#3218,#3219,#3220,#3221,#3222,#3223,#3224,#3225,
#3226,#3227,#3228,#3229,#3230,#3231,#3232,#3233,#3234,#3235,#3236,#3237,
#3238,#3239,#3240,#3241,#3242,#3243,#3244,#3245,#3246,#3247,#3248,#3249,
#3250),(#3251,#3252,#3253,#3254,#3255,#3256,#3257,#3258,#3259,#3260,#3261,
#3262,#3263,#3264,#3265,#3266,#3267,#3268,#3269,#3270,#3271,#3272,#3273,
#3274,#3275,#3276,#3277,#3278,#3279,#3280,#3281,#3282,#3283),(#3284,#3285,
#3286,#3287,#3288,#3289,#3290,#3291,#3292,#3293,#3294,#3295,#3296,#3297,
#3298,#3299,#3300,#3301,#3302,#3303,#3304,#3305,#3306,#3307,#3308,#3309,
#3310,#3311,#3312,#3313,#3314,#3315,#3316),(#3317,#3318,#3319,#3320,#3321,
#3322,#3323,#3324,#3325,#3326,#3327,#3328,#3329,#3330,#3331,#3332,#3333,
#3334,#3335,#3336,#3337,#3338,#3339,#3340,#3341,#3342,#3343,#3344,#3345,
#3346,#3347,#3348,#3349),(#3350,#3351,#3352,#3353,#3354,#3355,#3356,#3357,
#3358,#3359,#3360,#3361,#3362,#3363,#3364,#3365,#3366,#3367,#3368,#3369,
#3370,#3371,#3372,#3373,#3374,#3375,#3376,#3377,#3378,#3379,#3380,#3381,
#3382)),.UNSPECIFIED.,.F.,.F.,.F.,(4,2,4),(4,2,1,1,2,2,2,2,2,2,1,1,2,2,
2,2,1,2,4),(0.,0.125,0.146901620577833),(0.,0.210158881609932,0.279233504813034,
0.280211842146576,0.500025708690659,0.558467009626068,0.55959814922797,
0.560915440805975,0.567516126441282,0.576565243256496,0.578219285275025,
0.578254860932667,0.578584489390953,0.649981182599061,0.683537760229255,
0.750028806271149,0.788282621628248,0.78902517348617,1.),.UNSPECIFIED.);
#15=B_SPLINE_SURFACE_WITH_KNOTS('',3,3,((#3489,#3490,#3491,#3492,#3493,
#3494,#3495,#3496,#3497,#3498,#3499,#3500,#3501,#3502,#3503,#3504,#3505,
#3506,#3507,#3508,#3509,#3510,#3511,#3512,#3513,#3514,#3515,#3516,#3517,
#3518,#3519,#3520,#3521),(#3522,#3523,#3524,#3525,#3526,#3527,#3528,#3529,
#3530,#3531,#3532,#3533,#3534,#3535,#3536,#3537,#3538,#3539,#3540,#3541,
#3542,#3543,#3544,#3545,#3546,#3547,#3548,#3549,#3550,#3551,#3552,#3553,
#3554),(#3555,#3556,#3557,#3558,#3559,#3560,#3561,#3562,#3563,#3564,#3565,
#3566,#3567,#3568,#3569,#3570,#3571,#3572,#3573,#3574,#3575,#3576,#3577,
#3578,#3579,#3580,#3581,#3582,#3583,#3584,#3585,#3586,#3587),(#3588,#3589,
#3590,#3591,#3592,#3593,#3594,#3595,#3596,#3597,#3598,#3599,#3600,#3601,
#3602,#3603,#3604,#3605,#3606,#3607,#3608,#3609,#3610,#3611,#3612,#3613,
#3614,#3615,#3616,#3617,#3618,#3619,#3620),(#3621,#3622,#3623,#3624,#3625,
#3626,#3627,#3628,#3629,#3630,#3631,#3632,#3633,#3634,#3635,#3636,#3637,
#3638,#3639,#3640,#3641,#3642,#3643,#3644,#3645,#3646,#3647,#3648,#3649,
#3650,#3651,#3652,#3653),(#3654,#3655,#3656,#3657,#3658,#3659,#3660,#3661,
#3662,#3663,#3664,#3665,#3666,#3667,#3668,#3669,#3670,#3671,#3672,#3673,
#3674,#3675,#3676,#3677,#3678,#3679,#3680,#3681,#3682,#3683,#3684,#3685,
#3686),(#3687,#3688,#3689,#3690,#3691,#3692,#3693,#3694,#3695,#3696,#3697,
#3698,#3699,#3700,#3701,#3702,#3703,#3704,#3705,#3706,#3707,#3708,#3709,
#3710,#3711,#3712,#3713,#3714,#3715,#3716,#3717,#3718,#3719),(#3720,#3721,
#3722,#3723,#3724,#3725,#3726,#3727,#3728,#3729,#3730,#3731,#3732,#3733,
#3734,#3735,#3736,#3737,#3738,#3739,#3740,#3741,#3742,#3743,#3744,#3745,
#3746,#3747,#3748,#3749,#3750,#3751,#3752),(#3753,#3754,#3755,#3756,#3757,
#3758,#3759,#3760,#3761,#3762,#3763,#3764,#3765,#3766,#3767,#3768,#3769,
#3770,#3771,#3772,#3773,#3774,#3775,#3776,#3777,#3778,#3779,#3780,#3781,
#3782,#3783,#3784,#3785),(#3786,#3787,#3788,#3789,#3790,#3791,#3792,#3793,
#3794,#3795,#3796,#3797,#3798,#3799,#3800,#3801,#3802,#3803,#3804,#3805,
#3806,#3807,#3808,#3809,#3810,#3811,#3812,#3813,#3814,#3815,#3816,#3817,
#3818),(#3819,#3820,#3821,#3822,#3823,#3824,#3825,#3826,#3827,#3828,#3829,
#3830,#3831,#3832,#3833,#3834,#3835,#3836,#3837,#3838,#3839,#3840,#3841,
#3842,#3843,#3844,#3845,#3846,#3847,#3848,#3849,#3850,#3851),(#3852,#3853,
#3854,#3855,#3856,#3857,#3858,#3859,#3860,#3861,#3862,#3863,#3864,#3865,
#3866,#3867,#3868,#3869,#3870,#3871,#3872,#3873,#3874,#3875,#3876,#3877,
#3878,#3879,#3880,#3881,#3882,#3883,#3884),(#3885,#3886,#3887,#3888,#3889,
#3890,#3891,#3892,#3893,#3894,#3895,#3896,#3897,#3898,#3899,#3900,#3901,
#3902,#3903,#3904,#3905,#3906,#3907,#3908,#3909,#3910,#3911,#3912,#3913,
#3914,#3915,#3916,#3917),(#3918,#3919,#3920,#3921,#3922,#3923,#3924,#3925,
#3926,#3927,#3928,#3929,#3930,#3931,#3932,#3933,#3934,#3935,#3936,#3937,
#3938,#3939,#3940,#3941,#3942,#3943,#3944,#3945,#3946,#3947,#3948,#3949,
#3950),(#3951,#3952,#3953,#3954,#3955,#3956,#3957,#3958,#3959,#3960,#3961,
#3962,#3963,#3964,#3965,#3966,#3967,#3968,#3969,#3970,#3971,#3972,#3973,
#3974,#3975,#3976,#3977,#3978,#3979,#3980,#3981,#3982,#3983),(#3984,#3985,
#3986,#3987,#3988,#3989,#3990,#3991,#3992,#3993,#3994,#3995,#3996,#3997,
#3998,#3999,#4000,#4001,#4002,#4003,#4004,#4005,#4006,#4007,#4008,#4009,
#4010,#4011,#4012,#4013,#4014,#4015,#4016),(#4017,#4018,#4019,#4020,#4021,
#4022,#4023,#4024,#4025,#4026,#4027,#4028,#4029,#4030,#4031,#4032,#4033,
#4034,#4035,#4036,#4037,#4038,#4039,#4040,#4041,#4042,#4043,#4044,#4045,
#4046,#4047,#4048,#4049),(#4050,#4051,#4052,#4053,#4054,#4055,#4056,#4057,
#4058,#4059,#4060,#4061,#4062,#4063,#4064,#4065,#4066,#4067,#4068,#4069,
#4070,#4071,#4072,#4073,#4074,#4075,#4076,#4077,#4078,#4079,#4080,#4081,
#4082),(#4083,#4084,#4085,#4086,#4087,#4088,#4089,#4090,#4091,#4092,#4093,
#4094,#4095,#4096,#4097,#4098,#4099,#4100,#4101,#4102,#4103,#4104,#4105,
#4106,#4107,#4108,#4109,#4110,#4111,#4112,#4113,#4114,#4115),(#4116,#4117,
#4118,#4119,#4120,#4121,#4122,#4123,#4124,#4125,#4126,#4127,#4128,#4129,
#4130,#4131,#4132,#4133,#4134,#4135,#4136,#4137,#4138,#4139,#4140,#4141,
#4142,#4143,#4144,#4145,#4146,#4147,#4148),(#4149,#4150,#4151,#4152,#4153,
#4154,#4155,#4156,#4157,#4158,#4159,#4160,#4161,#4162,#4163,#4164,#4165,
#4166,#4167,#4168,#4169,#4170,#4171,#4172,#4173,#4174,#4175,#4176,#4177,
#4178,#4179,#4180,#4181),(#4182,#4183,#4184,#4185,#4186,#4187,#4188,#4189,
#4190,#4191,#4192,#4193,#4194,#4195,#4196,#4197,#4198,#4199,#4200,#4201,
#4202,#4203,#4204,#4205,#4206,#4207,#4208,#4209,#4210,#4211,#4212,#4213,
#4214)),.UNSPECIFIED.,.F.,.F.,.F.,(4,2,2,2,2,2,2,2,2,2,4),(4,2,1,1,2,2,
2,2,2,2,1,1,2,2,2,2,1,2,4),(0.0144710767773493,0.125,0.25,0.375,0.5,0.5625,
0.75,0.78125,0.8125,0.875,1.),(0.,0.210158899427088,0.279233505135765,0.280211865902785,
0.500038839724865,0.55846701027153,0.559598149872234,0.56091544135207,0.567516127077161,
0.576565243882792,0.578219285898875,0.578254861454084,0.57858448991356,
0.649981236425421,0.683537796579858,0.750028845242511,0.788282621941396,
0.789025197719905,1.),.UNSPECIFIED.);
#16=B_SPLINE_SURFACE_WITH_KNOTS('',3,3,((#4245,#4246,#4247,#4248,#4249,
#4250,#4251,#4252,#4253,#4254,#4255,#4256,#4257,#4258,#4259,#4260,#4261,
#4262,#4263,#4264,#4265,#4266,#4267,#4268,#4269,#4270,#4271,#4272,#4273,
#4274,#4275,#4276,#4277,#4278,#4279,#4280,#4281,#4282,#4283,#4284,#4285,
#4286,#4287),(#4288,#4289,#4290,#4291,#4292,#4293,#4294,#4295,#4296,#4297,
#4298,#4299,#4300,#4301,#4302,#4303,#4304,#4305,#4306,#4307,#4308,#4309,
#4310,#4311,#4312,#4313,#4314,#4315,#4316,#4317,#4318,#4319,#4320,#4321,
#4322,#4323,#4324,#4325,#4326,#4327,#4328,#4329,#4330),(#4331,#4332,#4333,
#4334,#4335,#4336,#4337,#4338,#4339,#4340,#4341,#4342,#4343,#4344,#4345,
#4346,#4347,#4348,#4349,#4350,#4351,#4352,#4353,#4354,#4355,#4356,#4357,
#4358,#4359,#4360,#4361,#4362,#4363,#4364,#4365,#4366,#4367,#4368,#4369,
#4370,#4371,#4372,#4373),(#4374,#4375,#4376,#4377,#4378,#4379,#4380,#4381,
#4382,#4383,#4384,#4385,#4386,#4387,#4388,#4389,#4390,#4391,#4392,#4393,
#4394,#4395,#4396,#4397,#4398,#4399,#4400,#4401,#4402,#4403,#4404,#4405,
#4406,#4407,#4408,#4409,#4410,#4411,#4412,#4413,#4414,#4415,#4416),(#4417,
#4418,#4419,#4420,#4421,#4422,#4423,#4424,#4425,#4426,#4427,#4428,#4429,
#4430,#4431,#4432,#4433,#4434,#4435,#4436,#4437,#4438,#4439,#4440,#4441,
#4442,#4443,#4444,#4445,#4446,#4447,#4448,#4449,#4450,#4451,#4452,#4453,
#4454,#4455,#4456,#4457,#4458,#4459),(#4460,#4461,#4462,#4463,#4464,#4465,
#4466,#4467,#4468,#4469,#4470,#4471,#4472,#4473,#4474,#4475,#4476,#4477,
#4478,#4479,#4480,#4481,#4482,#4483,#4484,#4485,#4486,#4487,#4488,#4489,
#4490,#4491,#4492,#4493,#4494,#4495,#4496,#4497,#4498,#4499,#4500,#4501,
#4502),(#4503,#4504,#4505,#4506,#4507,#4508,#4509,#4510,#4511,#4512,#4513,
#4514,#4515,#4516,#4517,#4518,#4519,#4520,#4521,#4522,#4523,#4524,#4525,
#4526,#4527,#4528,#4529,#4530,#4531,#4532,#4533,#4534,#4535,#4536,#4537,
#4538,#4539,#4540,#4541,#4542,#4543,#4544,#4545),(#4546,#4547,#4548,#4549,
#4550,#4551,#4552,#4553,#4554,#4555,#4556,#4557,#4558,#4559,#4560,#4561,
#4562,#4563,#4564,#4565,#4566,#4567,#4568,#4569,#4570,#4571,#4572,#4573,
#4574,#4575,#4576,#4577,#4578,#4579,#4580,#4581,#4582,#4583,#4584,#4585,
#4586,#4587,#4588),(#4589,#4590,#4591,#4592,#4593,#4594,#4595,#4596,#4597,
#4598,#4599,#4600,#4601,#4602,#4603,#4604,#4605,#4606,#4607,#4608,#4609,
#4610,#4611,#4612,#4613,#4614,#4615,#4616,#4617,#4618,#4619,#4620,#4621,
#4622,#4623,#4624,#4625,#4626,#4627,#4628,#4629,#4630,#4631),(#4632,#4633,
#4634,#4635,#4636,#4637,#4638,#4639,#4640,#4641,#4642,#4643,#4644,#4645,
#4646,#4647,#4648,#4649,#4650,#4651,#4652,#4653,#4654,#4655,#4656,#4657,
#4658,#4659,#4660,#4661,#4662,#4663,#4664,#4665,#4666,#4667,#4668,#4669,
#4670,#4671,#4672,#4673,#4674),(#4675,#4676,#4677,#4678,#4679,#4680,#4681,
#4682,#4683,#4684,#4685,#4686,#4687,#4688,#4689,#4690,#4691,#4692,#4693,
#4694,#4695,#4696,#4697,#4698,#4699,#4700,#4701,#4702,#4703,#4704,#4705,
#4706,#4707,#4708,#4709,#4710,#4711,#4712,#4713,#4714,#4715,#4716,#4717),
(#4718,#4719,#4720,#4721,#4722,#4723,#4724,#4725,#4726,#4727,#4728,#4729,
#4730,#4731,#4732,#4733,#4734,#4735,#4736,#4737,#4738,#4739,#4740,#4741,
#4742,#4743,#4744,#4745,#4746,#4747,#4748,#4749,#4750,#4751,#4752,#4753,
#4754,#4755,#4756,#4757,#4758,#4759,#4760),(#4761,#4762,#4763,#4764,#4765,
#4766,#4767,#4768,#4769,#4770,#4771,#4772,#4773,#4774,#4775,#4776,#4777,
#4778,#4779,#4780,#4781,#4782,#4783,#4784,#4785,#4786,#4787,#4788,#4789,
#4790,#4791,#4792,#4793,#4794,#4795,#4796,#4797,#4798,#4799,#4800,#4801,
#4802,#4803),(#4804,#4805,#4806,#4807,#4808,#4809,#4810,#4811,#4812,#4813,
#4814,#4815,#4816,#4817,#4818,#4819,#4820,#4821,#4822,#4823,#4824,#4825,
#4826,#4827,#4828,#4829,#4830,#4831,#4832,#4833,#4834,#4835,#4836,#4837,
#4838,#4839,#4840,#4841,#4842,#4843,#4844,#4845,#4846),(#4847,#4848,#4849,
#4850,#4851,#4852,#4853,#4854,#4855,#4856,#4857,#4858,#4859,#4860,#4861,
#4862,#4863,#4864,#4865,#4866,#4867,#4868,#4869,#4870,#4871,#4872,#4873,
#4874,#4875,#4876,#4877,#4878,#4879,#4880,#4881,#4882,#4883,#4884,#4885,
#4886,#4887,#4888,#4889),(#4890,#4891,#4892,#4893,#4894,#4895,#4896,#4897,
#4898,#4899,#4900,#4901,#4902,#4903,#4904,#4905,#4906,#4907,#4908,#4909,
#4910,#4911,#4912,#4913,#4914,#4915,#4916,#4917,#4918,#4919,#4920,#4921,
#4922,#4923,#4924,#4925,#4926,#4927,#4928,#4929,#4930,#4931,#4932),(#4933,
#4934,#4935,#4936,#4937,#4938,#4939,#4940,#4941,#4942,#4943,#4944,#4945,
#4946,#4947,#4948,#4949,#4950,#4951,#4952,#4953,#4954,#4955,#4956,#4957,
#4958,#4959,#4960,#4961,#4962,#4963,#4964,#4965,#4966,#4967,#4968,#4969,
#4970,#4971,#4972,#4973,#4974,#4975),(#4976,#4977,#4978,#4979,#4980,#4981,
#4982,#4983,#4984,#4985,#4986,#4987,#4988,#4989,#4990,#4991,#4992,#4993,
#4994,#4995,#4996,#4997,#4998,#4999,#5000,#5001,#5002,#5003,#5004,#5005,
#5006,#5007,#5008,#5009,#5010,#5011,#5012,#5013,#5014,#5015,#5016,#5017,
#5018),(#5019,#5020,#5021,#5022,#5023,#5024,#5025,#5026,#5027,#5028,#5029,
#5030,#5031,#5032,#5033,#5034,#5035,#5036,#5037,#5038,#5039,#5040,#5041,
#5042,#5043,#5044,#5045,#5046,#5047,#5048,#5049,#5050,#5051,#5052,#5053,
#5054,#5055,#5056,#5057,#5058,#5059,#5060,#5061),(#5062,#5063,#5064,#5065,
#5066,#5067,#5068,#5069,#5070,#5071,#5072,#5073,#5074,#5075,#5076,#5077,
#5078,#5079,#5080,#5081,#5082,#5083,#5084,#5085,#5086,#5087,#5088,#5089,
#5090,#5091,#5092,#5093,#5094,#5095,#5096,#5097,#5098,#5099,#5100,#5101,
#5102,#5103,#5104),(#5105,#5106,#5107,#5108,#5109,#5110,#5111,#5112,#5113,
#5114,#5115,#5116,#5117,#5118,#5119,#5120,#5121,#5122,#5123,#5124,#5125,
#5126,#5127,#5128,#5129,#5130,#5131,#5132,#5133,#5134,#5135,#5136,#5137,
#5138,#5139,#5140,#5141,#5142,#5143,#5144,#5145,#5146,#5147),(#5148,#5149,
#5150,#5151,#5152,#5153,#5154,#5155,#5156,#5157,#5158,#5159,#5160,#5161,
#5162,#5163,#5164,#5165,#5166,#5167,#5168,#5169,#5170,#5171,#5172,#5173,
#5174,#5175,#5176,#5177,#5178,#5179,#5180,#5181,#5182,#5183,#5184,#5185,
#5186,#5187,#5188,#5189,#5190),(#5191,#5192,#5193,#5194,#5195,#5196,#5197,
#5198,#5199,#5200,#5201,#5202,#5203,#5204,#5205,#5206,#5207,#5208,#5209,
#5210,#5211,#5212,#5213,#5214,#5215,#5216,#5217,#5218,#5219,#5220,#5221,
#5222,#5223,#5224,#5225,#5226,#5227,#5228,#5229,#5230,#5231,#5232,#5233),
(#5234,#5235,#5236,#5237,#5238,#5239,#5240,#5241,#5242,#5243,#5244,#5245,
#5246,#5247,#5248,#5249,#5250,#5251,#5252,#5253,#5254,#5255,#5256,#5257,
#5258,#5259,#5260,#5261,#5262,#5263,#5264,#5265,#5266,#5267,#5268,#5269,
#5270,#5271,#5272,#5273,#5274,#5275,#5276),(#5277,#5278,#5279,#5280,#5281,
#5282,#5283,#5284,#5285,#5286,#5287,#5288,#5289,#5290,#5291,#5292,#5293,
#5294,#5295,#5296,#5297,#5298,#5299,#5300,#5301,#5302,#5303,#5304,#5305,
#5306,#5307,#5308,#5309,#5310,#5311,#5312,#5313,#5314,#5315,#5316,#5317,
#5318,#5319),(#5320,#5321,#5322,#5323,#5324,#5325,#5326,#5327,#5328,#5329,
#5330,#5331,#5332,#5333,#5334,#5335,#5336,#5337,#5338,#5339,#5340,#5341,
#5342,#5343,#5344,#5345,#5346,#5347,#5348,#5349,#5350,#5351,#5352,#5353,
#5354,#5355,#5356,#5357,#5358,#5359,#5360,#5361,#5362),(#5363,#5364,#5365,
#5366,#5367,#5368,#5369,#5370,#5371,#5372,#5373,#5374,#5375,#5376,#5377,
#5378,#5379,#5380,#5381,#5382,#5383,#5384,#5385,#5386,#5387,#5388,#5389,
#5390,#5391,#5392,#5393,#5394,#5395,#5396,#5397,#5398,#5399,#5400,#5401,
#5402,#5403,#5404,#5405),(#5406,#5407,#5408,#5409,#5410,#5411,#5412,#5413,
#5414,#5415,#5416,#5417,#5418,#5419,#5420,#5421,#5422,#5423,#5424,#5425,
#5426,#5427,#5428,#5429,#5430,#5431,#5432,#5433,#5434,#5435,#5436,#5437,
#5438,#5439,#5440,#5441,#5442,#5443,#5444,#5445,#5446,#5447,#5448)),
 .UNSPECIFIED.,.F.,.F.,.F.,(4,2,2,2,2,2,2,2,2,2,2,2,2,4),(4,1,2,2,2,2,2,
2,2,2,2,2,2,2,2,2,2,2,2,2,2,4),(0.,0.125,0.25,0.28125,0.3125,0.375,0.5,
0.5625,0.625,0.75,0.78125,0.875,0.9375,1.),(0.,0.248131532981838,0.250007462971617,
0.369265017203527,0.488522571435437,0.491011803841753,0.496263065963677,
0.498526269158153,0.502108644032583,0.505790440772883,0.508436430685965,
0.51597027008471,0.528350289936492,0.52927148077646,0.535677474205743,0.545360736687647,
0.550187553136814,0.672968018974621,0.767838737102872,0.800575301261594,
0.825879052827154,1.),.UNSPECIFIED.);
#17=B_SPLINE_SURFACE_WITH_KNOTS('',3,1,((#5526,#5527),(#5528,#5529),(#5530,
#5531),(#5532,#5533),(#5534,#5535),(#5536,#5537),(#5538,#5539)),
 .SURF_OF_LINEAR_EXTRUSION.,.F.,.F.,.F.,(4,1,1,1,4),(2,2),(-0.648553366467009,
-0.233956939754967,0.180639486957075,0.595235913669117,1.00983234038116),
(0.,1.),.UNSPECIFIED.);
#18=B_SPLINE_SURFACE_WITH_KNOTS('',3,1,((#5566,#5567),(#5568,#5569),(#5570,
#5571),(#5572,#5573),(#5574,#5575)),.SURF_OF_LINEAR_EXTRUSION.,.F.,.F.,
 .F.,(4,1,4),(2,2),(-0.00600002828061851,0.496999985859404,0.999999999999426),
(0.,1.),.UNSPECIFIED.);
#19=B_SPLINE_SURFACE_WITH_KNOTS('',3,3,((#5586,#5587,#5588,#5589,#5590,
#5591,#5592,#5593,#5594,#5595,#5596,#5597,#5598,#5599,#5600,#5601,#5602,
#5603,#5604,#5605,#5606,#5607,#5608,#5609,#5610,#5611,#5612,#5613,#5614,
#5615,#5616,#5617,#5618,#5619,#5620,#5621,#5622,#5623,#5624,#5625,#5626,
#5627,#5628,#5629,#5630,#5631),(#5632,#5633,#5634,#5635,#5636,#5637,#5638,
#5639,#5640,#5641,#5642,#5643,#5644,#5645,#5646,#5647,#5648,#5649,#5650,
#5651,#5652,#5653,#5654,#5655,#5656,#5657,#5658,#5659,#5660,#5661,#5662,
#5663,#5664,#5665,#5666,#5667,#5668,#5669,#5670,#5671,#5672,#5673,#5674,
#5675,#5676,#5677),(#5678,#5679,#5680,#5681,#5682,#5683,#5684,#5685,#5686,
#5687,#5688,#5689,#5690,#5691,#5692,#5693,#5694,#5695,#5696,#5697,#5698,
#5699,#5700,#5701,#5702,#5703,#5704,#5705,#5706,#5707,#5708,#5709,#5710,
#5711,#5712,#5713,#5714,#5715,#5716,#5717,#5718,#5719,#5720,#5721,#5722,
#5723),(#5724,#5725,#5726,#5727,#5728,#5729,#5730,#5731,#5732,#5733,#5734,
#5735,#5736,#5737,#5738,#5739,#5740,#5741,#5742,#5743,#5744,#5745,#5746,
#5747,#5748,#5749,#5750,#5751,#5752,#5753,#5754,#5755,#5756,#5757,#5758,
#5759,#5760,#5761,#5762,#5763,#5764,#5765,#5766,#5767,#5768,#5769),(#5770,
#5771,#5772,#5773,#5774,#5775,#5776,#5777,#5778,#5779,#5780,#5781,#5782,
#5783,#5784,#5785,#5786,#5787,#5788,#5789,#5790,#5791,#5792,#5793,#5794,
#5795,#5796,#5797,#5798,#5799,#5800,#5801,#5802,#5803,#5804,#5805,#5806,
#5807,#5808,#5809,#5810,#5811,#5812,#5813,#5814,#5815),(#5816,#5817,#5818,
#5819,#5820,#5821,#5822,#5823,#5824,#5825,#5826,#5827,#5828,#5829,#5830,
#5831,#5832,#5833,#5834,#5835,#5836,#5837,#5838,#5839,#5840,#5841,#5842,
#5843,#5844,#5845,#5846,#5847,#5848,#5849,#5850,#5851,#5852,#5853,#5854,
#5855,#5856,#5857,#5858,#5859,#5860,#5861)),.UNSPECIFIED.,.F.,.F.,.F.,(4,
2,4),(4,1,2,2,2,2,2,2,2,2,2,2,2,2,2,2,2,2,2,2,2,3,4),(0.425790598305375,
0.5,0.514311238587619),(0.,0.24813153176896,0.250007467188074,0.369265018041205,
0.488522568894337,0.491011801272419,0.496263063537919,0.498526266716689,
0.502108641570823,0.505790438304549,0.508436427918999,0.515970267558187,
0.528350286943661,0.529271477789474,0.535677471578455,0.545360734028785,
0.550187550591628,0.672968017855757,0.767838735789228,0.800575301682728,
0.825879051841921,1.,1.00600238764217),.UNSPECIFIED.);
#20=B_SPLINE_SURFACE_WITH_KNOTS('',3,3,((#5908,#5909,#5910,#5911,#5912,
#5913,#5914,#5915,#5916,#5917,#5918,#5919,#5920,#5921,#5922,#5923,#5924,
#5925,#5926,#5927,#5928,#5929,#5930,#5931,#5932,#5933,#5934,#5935,#5936,
#5937,#5938,#5939,#5940,#5941,#5942,#5943),(#5944,#5945,#5946,#5947,#5948,
#5949,#5950,#5951,#5952,#5953,#5954,#5955,#5956,#5957,#5958,#5959,#5960,
#5961,#5962,#5963,#5964,#5965,#5966,#5967,#5968,#5969,#5970,#5971,#5972,
#5973,#5974,#5975,#5976,#5977,#5978,#5979),(#5980,#5981,#5982,#5983,#5984,
#5985,#5986,#5987,#5988,#5989,#5990,#5991,#5992,#5993,#5994,#5995,#5996,
#5997,#5998,#5999,#6000,#6001,#6002,#6003,#6004,#6005,#6006,#6007,#6008,
#6009,#6010,#6011,#6012,#6013,#6014,#6015),(#6016,#6017,#6018,#6019,#6020,
#6021,#6022,#6023,#6024,#6025,#6026,#6027,#6028,#6029,#6030,#6031,#6032,
#6033,#6034,#6035,#6036,#6037,#6038,#6039,#6040,#6041,#6042,#6043,#6044,
#6045,#6046,#6047,#6048,#6049,#6050,#6051),(#6052,#6053,#6054,#6055,#6056,
#6057,#6058,#6059,#6060,#6061,#6062,#6063,#6064,#6065,#6066,#6067,#6068,
#6069,#6070,#6071,#6072,#6073,#6074,#6075,#6076,#6077,#6078,#6079,#6080,
#6081,#6082,#6083,#6084,#6085,#6086,#6087),(#6088,#6089,#6090,#6091,#6092,
#6093,#6094,#6095,#6096,#6097,#6098,#6099,#6100,#6101,#6102,#6103,#6104,
#6105,#6106,#6107,#6108,#6109,#6110,#6111,#6112,#6113,#6114,#6115,#6116,
#6117,#6118,#6119,#6120,#6121,#6122,#6123)),.UNSPECIFIED.,.F.,.F.,.F.,(4,
2,4),(4,2,1,1,2,2,2,2,2,2,1,1,2,2,2,2,1,2,3,4),(0.398448832337731,0.5,0.501093646327275),
(0.,0.210158881609932,0.279233504813034,0.280211842146576,0.500025708690659,
0.558467009626068,0.55959814922797,0.560915440805975,0.567516126441282,
0.576565243256496,0.578219285275025,0.578254860932667,0.578584489390953,
0.649981182599061,0.683537760229255,0.750028806271149,0.788282621628248,
0.78902517348617,1.,1.00600019424269),.UNSPECIFIED.);
#21=B_SPLINE_SURFACE_WITH_KNOTS('',3,1,((#6443,#6444),(#6445,#6446),(#6447,
#6448),(#6449,#6450),(#6451,#6452)),.SURF_OF_LINEAR_EXTRUSION.,.F.,.F.,
 .F.,(4,1,4),(2,2),(8.00413633419589E-16,0.500000000000037,1.00000000000007),
(0.,1.),.UNSPECIFIED.);
#22=B_SPLINE_SURFACE_WITH_KNOTS('',3,1,((#6483,#6484),(#6485,#6486),(#6487,
#6488),(#6489,#6490),(#6491,#6492)),.SURF_OF_LINEAR_EXTRUSION.,.F.,.F.,
 .F.,(4,1,4),(2,2),(1.46011090828411E-15,0.500000000001383,1.00000000000276),
(0.,1.),.UNSPECIFIED.);
#23=B_SPLINE_SURFACE_WITH_KNOTS('',3,1,((#6515,#6516),(#6517,#6518),(#6519,
#6520),(#6521,#6522),(#6523,#6524)),.SURF_OF_LINEAR_EXTRUSION.,.F.,.F.,
 .F.,(4,1,4),(2,2),(-1.9478933264393E-15,0.499999999999014,0.999999999998029),
(0.,1.),.UNSPECIFIED.);
#24=B_SPLINE_SURFACE_WITH_KNOTS('',3,1,((#6560,#6561),(#6562,#6563),(#6564,
#6565),(#6566,#6567),(#6568,#6569)),.SURF_OF_LINEAR_EXTRUSION.,.F.,.F.,
 .F.,(4,1,4),(2,2),(2.07907685945846E-15,0.500000000000296,1.00000000000059),
(0.,1.),.UNSPECIFIED.);
#25=PLANE('',#1986);
#26=PLANE('',#1990);
#27=PLANE('',#1992);
#28=PLANE('',#1997);
#29=PLANE('',#2001);
#30=PLANE('',#2002);
#31=PLANE('',#2003);
#32=PLANE('',#2005);
#33=PLANE('',#2006);
#34=PLANE('',#2008);
#35=PLANE('',#2010);
#36=PLANE('',#2013);
#37=PLANE('',#2016);
#38=PLANE('',#2018);
#39=PLANE('',#2020);
#40=PLANE('',#2024);
#41=PLANE('',#2033);
#42=PLANE('',#2034);
#43=PLANE('',#2035);
#44=PLANE('',#2036);
#45=PLANE('',#2061);
#46=PLANE('',#2062);
#47=PLANE('',#2065);
#48=PLANE('',#2066);
#49=PLANE('',#2068);
#50=PLANE('',#2069);
#51=PLANE('',#2072);
#52=PLANE('',#2073);
#53=PLANE('',#2074);
#54=TOROIDAL_SURFACE('',#1978,0.0127,0.009);
#55=TOROIDAL_SURFACE('',#1980,0.0127,0.009);
#56=TOROIDAL_SURFACE('',#1994,0.00146824583655185,0.001);
#57=TOROIDAL_SURFACE('',#1998,0.0127,0.009);
#58=TOROIDAL_SURFACE('',#2021,0.0127,0.009);
#59=TOROIDAL_SURFACE('',#2026,0.0124833147735479,0.009);
#60=TOROIDAL_SURFACE('',#2044,0.0005,0.0004);
#61=TOROIDAL_SURFACE('',#2051,0.0005,0.0004);
#62=TOROIDAL_SURFACE('',#2071,0.00244458267016964,0.0015);
#63=B_SPLINE_CURVE_WITH_KNOTS('',3,(#2379,#2380,#2381,#2382),
 .UNSPECIFIED.,.F.,.F.,(4,4),(0.00137111219688765,0.00228722077661509),
 .UNSPECIFIED.);
#64=B_SPLINE_CURVE_WITH_KNOTS('',3,(#2385,#2386,#2387,#2388),
 .UNSPECIFIED.,.F.,.F.,(4,4),(0.00151386702586568,0.00309743081331976),
 .UNSPECIFIED.);
#65=B_SPLINE_CURVE_WITH_KNOTS('',3,(#2390,#2391,#2392,#2393),
 .UNSPECIFIED.,.F.,.F.,(4,4),(0.,0.00124519626291591),.UNSPECIFIED.);
#66=B_SPLINE_CURVE_WITH_KNOTS('',3,(#2395,#2396,#2397,#2398),
 .UNSPECIFIED.,.F.,.F.,(4,4),(0.00604770270380801,0.00799040793666912),
 .UNSPECIFIED.);
#67=B_SPLINE_CURVE_WITH_KNOTS('',3,(#2400,#2401,#2402,#2403,#2404),
 .UNSPECIFIED.,.F.,.F.,(4,1,4),(0.00230215095085856,0.00453166946278658,
0.00676118797471461),.UNSPECIFIED.);
#68=B_SPLINE_CURVE_WITH_KNOTS('',3,(#2417,#2418,#2419,#2420),
 .UNSPECIFIED.,.F.,.F.,(4,4),(0.,0.00300635001154817),.UNSPECIFIED.);
#69=B_SPLINE_CURVE_WITH_KNOTS('',3,(#2423,#2424,#2425,#2426),
 .UNSPECIFIED.,.F.,.F.,(4,4),(0.,0.000754744042826383),.UNSPECIFIED.);
#70=B_SPLINE_CURVE_WITH_KNOTS('',3,(#2428,#2429,#2430,#2431),
 .UNSPECIFIED.,.F.,.F.,(4,4),(2.61588876962817E-15,0.00346120715284476),
 .UNSPECIFIED.);
#71=B_SPLINE_CURVE_WITH_KNOTS('',3,(#2433,#2434,#2435,#2436),
 .UNSPECIFIED.,.F.,.F.,(4,4),(0.00150705989052736,0.00241434462931006),
 .UNSPECIFIED.);
#72=B_SPLINE_CURVE_WITH_KNOTS('',3,(#2444,#2445,#2446,#2447,#2448),
 .UNSPECIFIED.,.F.,.F.,(4,1,4),(0.,0.00172990048406385,0.00345980096812769),
 .UNSPECIFIED.);
#73=B_SPLINE_CURVE_WITH_KNOTS('',3,(#2450,#2451,#2452,#2453,#2454,#2455,
#2456,#2457,#2458,#2459,#2460,#2461,#2462,#2463),.UNSPECIFIED.,.F.,.F.,
(4,1,1,1,1,1,1,1,1,1,1,4),(0.,0.125,0.1875,0.21875,0.25,0.3125,0.375,0.5,
0.625,0.75,0.875,1.),.UNSPECIFIED.);
#74=B_SPLINE_CURVE_WITH_KNOTS('',3,(#2465,#2466,#2467,#2468),
 .UNSPECIFIED.,.F.,.F.,(4,4),(0.000622503028329135,0.000922107755297191),
 .UNSPECIFIED.);
#75=B_SPLINE_CURVE_WITH_KNOTS('',3,(#2470,#2471,#2472,#2473,#2474,#2475,
#2476),.UNSPECIFIED.,.F.,.F.,(4,1,1,1,4),(0.,0.25,0.5,0.75,1.),
 .UNSPECIFIED.);
#76=B_SPLINE_CURVE_WITH_KNOTS('',3,(#2478,#2479,#2480,#2481),
 .UNSPECIFIED.,.F.,.F.,(4,4),(2.87313575708659E-18,0.000472970461249853),
 .UNSPECIFIED.);
#77=B_SPLINE_CURVE_WITH_KNOTS('',3,(#2483,#2484,#2485,#2486,#2487,#2488,
#2489),.UNSPECIFIED.,.F.,.F.,(4,1,1,1,4),(0.,0.25,0.5,0.75,1.),
 .UNSPECIFIED.);
#78=B_SPLINE_CURVE_WITH_KNOTS('',3,(#2491,#2492,#2493,#2494),
 .UNSPECIFIED.,.F.,.F.,(4,4),(0.000916662464194989,0.00121684049010586),
 .UNSPECIFIED.);
#79=B_SPLINE_CURVE_WITH_KNOTS('',3,(#2496,#2497,#2498,#2499,#2500,#2501,
#2502,#2503,#2504,#2505,#2506,#2507,#2508,#2509),.UNSPECIFIED.,.F.,.F.,
(4,1,1,1,1,1,1,1,1,1,1,4),(0.,0.125,0.25,0.375,0.5,0.625,0.6875,0.75,0.78125,
0.8125,0.875,1.),.UNSPECIFIED.);
#80=B_SPLINE_CURVE_WITH_KNOTS('',3,(#2511,#2512,#2513,#2514,#2515),
 .UNSPECIFIED.,.F.,.F.,(4,1,4),(0.000658399012348008,0.00240082862136957,
0.00414325823039114),.UNSPECIFIED.);
#81=B_SPLINE_CURVE_WITH_KNOTS('',3,(#2519,#2520,#2521,#2522,#2523),
 .UNSPECIFIED.,.F.,.F.,(4,1,4),(0.00230215095085856,0.00453166946278672,
0.00676118797471488),.UNSPECIFIED.);
#82=B_SPLINE_CURVE_WITH_KNOTS('',3,(#2527,#2528,#2529,#2530),
 .UNSPECIFIED.,.F.,.F.,(4,4),(2.75850544073404E-16,0.00075474404282744),
 .UNSPECIFIED.);
#83=B_SPLINE_CURVE_WITH_KNOTS('',3,(#2554,#2555,#2556,#2557),
 .UNSPECIFIED.,.F.,.F.,(4,4),(0.,0.00214334782374917),.UNSPECIFIED.);
#84=B_SPLINE_CURVE_WITH_KNOTS('',3,(#2560,#2561,#2562,#2563),
 .UNSPECIFIED.,.F.,.F.,(4,4),(0.,0.273844011040516),.UNSPECIFIED.);
#85=B_SPLINE_CURVE_WITH_KNOTS('',3,(#2564,#2565,#2566,#2567,#2568),
 .UNSPECIFIED.,.F.,.F.,(4,1,4),(0.,0.5,1.),.UNSPECIFIED.);
#86=B_SPLINE_CURVE_WITH_KNOTS('',3,(#2570,#2571,#2572,#2573,#2574,#2575,
#2576,#2577,#2578),.UNSPECIFIED.,.F.,.F.,(4,1,1,1,1,1,4),(0.,0.25,0.375,
0.5,0.625,0.75,1.),.UNSPECIFIED.);
#87=B_SPLINE_CURVE_WITH_KNOTS('',3,(#2580,#2581,#2582,#2583),
 .UNSPECIFIED.,.F.,.F.,(4,4),(2.48060207650986E-14,0.000907127970499871),
 .UNSPECIFIED.);
#88=B_SPLINE_CURVE_WITH_KNOTS('',3,(#2585,#2586,#2587,#2588,#2589),
 .UNSPECIFIED.,.F.,.F.,(4,1,4),(0.396772878316684,0.683483696900445,0.970194515484206),
 .UNSPECIFIED.);
#89=B_SPLINE_CURVE_WITH_KNOTS('',3,(#2591,#2592,#2593,#2594),
 .UNSPECIFIED.,.F.,.F.,(4,4),(0.,0.000988170655933654),.UNSPECIFIED.);
#90=B_SPLINE_CURVE_WITH_KNOTS('',3,(#2596,#2597,#2598,#2599),
 .UNSPECIFIED.,.F.,.F.,(4,4),(9.48676900924816E-19,0.00162671470126846),
 .UNSPECIFIED.);
#91=B_SPLINE_CURVE_WITH_KNOTS('',3,(#2601,#2602,#2603,#2604),
 .UNSPECIFIED.,.F.,.F.,(4,4),(7.94809260639664E-16,0.00136909912002239),
 .UNSPECIFIED.);
#92=B_SPLINE_CURVE_WITH_KNOTS('',3,(#2608,#2609,#2610,#2611),
 .UNSPECIFIED.,.F.,.F.,(4,4),(0.00400228473743832,0.00784854629383802),
 .UNSPECIFIED.);
#93=B_SPLINE_CURVE_WITH_KNOTS('',3,(#2615,#2616,#2617,#2618),
 .UNSPECIFIED.,.F.,.F.,(4,4),(0.,0.00108352839640096),.UNSPECIFIED.);
#94=B_SPLINE_CURVE_WITH_KNOTS('',3,(#2622,#2623,#2624,#2625),
 .UNSPECIFIED.,.F.,.F.,(4,4),(8.90007820902549E-17,0.00028365545774746),
 .UNSPECIFIED.);
#95=B_SPLINE_CURVE_WITH_KNOTS('',3,(#2627,#2628,#2629,#2630,#2631),
 .UNSPECIFIED.,.F.,.F.,(4,1,4),(0.,0.00312590868960225,0.00625181737920449),
 .UNSPECIFIED.);
#96=B_SPLINE_CURVE_WITH_KNOTS('',3,(#2633,#2634,#2635,#2636),
 .UNSPECIFIED.,.F.,.F.,(4,4),(0.,0.00227021239066542),.UNSPECIFIED.);
#97=B_SPLINE_CURVE_WITH_KNOTS('',3,(#2649,#2650,#2651,#2652),
 .UNSPECIFIED.,.F.,.F.,(4,4),(0.,0.000225776750107704),.UNSPECIFIED.);
#98=B_SPLINE_CURVE_WITH_KNOTS('',3,(#2654,#2655,#2656,#2657),
 .UNSPECIFIED.,.F.,.F.,(4,4),(0.00411784603262232,0.00799040793666914),
 .UNSPECIFIED.);
#99=B_SPLINE_CURVE_WITH_KNOTS('',3,(#2670,#2671,#2672,#2673),
 .UNSPECIFIED.,.F.,.F.,(4,4),(0.0015070598905276,0.00241434461592417),
 .UNSPECIFIED.);
#100=B_SPLINE_CURVE_WITH_KNOTS('',3,(#2676,#2677,#2678,#2679),
 .UNSPECIFIED.,.F.,.F.,(4,4),(0.000386939259096442,0.000741400513256285),
 .UNSPECIFIED.);
#101=B_SPLINE_CURVE_WITH_KNOTS('',3,(#2682,#2683,#2684,#2685),
 .UNSPECIFIED.,.F.,.F.,(4,4),(0.00357210133799589,0.00530496059589479),
 .UNSPECIFIED.);
#102=B_SPLINE_CURVE_WITH_KNOTS('',3,(#2687,#2688,#2689,#2690),
 .UNSPECIFIED.,.F.,.F.,(4,4),(1.32397023227344E-17,0.000313801796918943),
 .UNSPECIFIED.);
#103=B_SPLINE_CURVE_WITH_KNOTS('',3,(#2709,#2710,#2711,#2712),
 .UNSPECIFIED.,.F.,.F.,(4,4),(2.15677218200578E-17,0.00228722077661509),
 .UNSPECIFIED.);
#104=B_SPLINE_CURVE_WITH_KNOTS('',3,(#2725,#2726,#2727,#2728),
 .UNSPECIFIED.,.F.,.F.,(4,4),(0.,0.00300635001752099),.UNSPECIFIED.);
#105=B_SPLINE_CURVE_WITH_KNOTS('',3,(#2729,#2730,#2731,#2732),
 .UNSPECIFIED.,.F.,.F.,(4,4),(2.55182441129894E-15,0.00345569552598429),
 .UNSPECIFIED.);
#106=B_SPLINE_CURVE_WITH_KNOTS('',3,(#2738,#2739,#2740,#2741,#2742),
 .UNSPECIFIED.,.F.,.F.,(4,1,4),(0.,0.000734301435765981,0.00146860287153196),
 .UNSPECIFIED.);
#107=B_SPLINE_CURVE_WITH_KNOTS('',3,(#2746,#2747,#2748,#2749),
 .UNSPECIFIED.,.F.,.F.,(4,4),(0.,0.0012767455770127),.UNSPECIFIED.);
#108=B_SPLINE_CURVE_WITH_KNOTS('',3,(#2777,#2778,#2779,#2780),
 .UNSPECIFIED.,.F.,.F.,(4,4),(0.000256895145676331,0.000335830003075029),
 .UNSPECIFIED.);
#109=B_SPLINE_CURVE_WITH_KNOTS('',3,(#2781,#2782,#2783,#2784),
 .UNSPECIFIED.,.F.,.F.,(4,4),(0.,0.00017186691603401),.UNSPECIFIED.);
#110=B_SPLINE_CURVE_WITH_KNOTS('',3,(#2786,#2787,#2788,#2789),
 .UNSPECIFIED.,.F.,.F.,(4,4),(0.,0.000495575028961964),.UNSPECIFIED.);
#111=B_SPLINE_CURVE_WITH_KNOTS('',3,(#2790,#2791,#2792,#2793),
 .UNSPECIFIED.,.F.,.F.,(4,4),(0.0059948193350913,0.00607395030305766),
 .UNSPECIFIED.);
#112=B_SPLINE_CURVE_WITH_KNOTS('',3,(#3143,#3144,#3145,#3146),
 .UNSPECIFIED.,.F.,.F.,(4,4),(0.,1.),.UNSPECIFIED.);
#113=B_SPLINE_CURVE_WITH_KNOTS('',3,(#3148,#3149,#3150,#3151,#3152,#3153,
#3154,#3155,#3156,#3157,#3158),.UNSPECIFIED.,.F.,.F.,(4,1,1,1,1,1,1,1,4),
(0.,0.0625,0.125,0.1875,0.25,0.5,0.625,0.75,1.),.UNSPECIFIED.);
#114=B_SPLINE_CURVE_WITH_KNOTS('',3,(#3160,#3161,#3162,#3163),
 .UNSPECIFIED.,.F.,.F.,(4,4),(0.,1.),.UNSPECIFIED.);
#115=B_SPLINE_CURVE_WITH_KNOTS('',3,(#3176,#3177,#3178,#3179),
 .UNSPECIFIED.,.F.,.F.,(4,4),(0.,0.000336771847297992),.UNSPECIFIED.);
#116=B_SPLINE_CURVE_WITH_KNOTS('',3,(#3181,#3182,#3183,#3184),
 .UNSPECIFIED.,.F.,.F.,(4,4),(0.,1.),.UNSPECIFIED.);
#117=B_SPLINE_CURVE_WITH_KNOTS('',3,(#3383,#3384,#3385,#3386,#3387,#3388,
#3389,#3390,#3391,#3392,#3393,#3394,#3395,#3396,#3397,#3398,#3399),
 .UNSPECIFIED.,.F.,.F.,(4,1,1,1,1,1,1,1,1,1,1,1,1,1,4),(0.,0.124999974782693,
0.249999949565387,0.37499992434808,0.437499911739427,0.4687499054351,0.499999899130773,
0.531249892826447,0.56249988652212,0.624999873913467,0.687499861304813,
0.74999984869616,0.812499836087507,0.874999823478853,0.999999798261547),
 .UNSPECIFIED.);
#118=B_SPLINE_CURVE_WITH_KNOTS('',3,(#3401,#3402,#3403,#3404),
 .UNSPECIFIED.,.F.,.F.,(4,4),(0.,1.),.UNSPECIFIED.);
#119=B_SPLINE_CURVE_WITH_KNOTS('',3,(#3406,#3407,#3408,#3409),
 .UNSPECIFIED.,.F.,.F.,(4,4),(0.,0.00193986462019229),.UNSPECIFIED.);
#120=B_SPLINE_CURVE_WITH_KNOTS('',3,(#3411,#3412,#3413,#3414),
 .UNSPECIFIED.,.F.,.F.,(4,4),(5.96311194867027E-19,3.95060578150872E-6),
 .UNSPECIFIED.);
#121=B_SPLINE_CURVE_WITH_KNOTS('',3,(#3418,#3419,#3420,#3421),
 .UNSPECIFIED.,.F.,.F.,(4,4),(0.862323455029371,1.),.UNSPECIFIED.);
#122=B_SPLINE_CURVE_WITH_KNOTS('',3,(#3443,#3444,#3445,#3446,#3447),
 .UNSPECIFIED.,.F.,.F.,(4,1,4),(3.63509303075564E-16,0.00184134990551161,
0.00368269981102286),.UNSPECIFIED.);
#123=B_SPLINE_CURVE_WITH_KNOTS('',3,(#3473,#3474,#3475,#3476),
 .UNSPECIFIED.,.F.,.F.,(4,4),(0.,0.00100140765733105),.UNSPECIFIED.);
#124=B_SPLINE_CURVE_WITH_KNOTS('',3,(#3479,#3480,#3481,#3482,#3483),
 .UNSPECIFIED.,.F.,.F.,(4,1,4),(0.,0.48539269839894,0.970785396797879),
 .UNSPECIFIED.);
#125=B_SPLINE_CURVE_WITH_KNOTS('',3,(#3484,#3485,#3486,#3487,#3488),
 .UNSPECIFIED.,.F.,.F.,(4,1,4),(0.0373656560013729,0.518682828000686,1.),
 .UNSPECIFIED.);
#126=B_SPLINE_CURVE_WITH_KNOTS('',3,(#4215,#4216,#4217,#4218),
 .UNSPECIFIED.,.F.,.F.,(4,4),(0.,0.00169059936114699),.UNSPECIFIED.);
#127=B_SPLINE_CURVE_WITH_KNOTS('',3,(#4220,#4221,#4222,#4223,#4224),
 .UNSPECIFIED.,.F.,.F.,(4,1,4),(0.,0.489637074012759,0.979274148025517),
 .UNSPECIFIED.);
#128=B_SPLINE_CURVE_WITH_KNOTS('',3,(#4226,#4227,#4228,#4229),
 .UNSPECIFIED.,.F.,.F.,(4,4),(0.,1.),.UNSPECIFIED.);
#129=B_SPLINE_CURVE_WITH_KNOTS('',3,(#4231,#4232,#4233,#4234),
 .UNSPECIFIED.,.F.,.F.,(4,4),(0.,1.),.UNSPECIFIED.);
#130=B_SPLINE_CURVE_WITH_KNOTS('',3,(#4236,#4237,#4238,#4239),
 .UNSPECIFIED.,.F.,.F.,(4,4),(0.,0.00298057368633972),.UNSPECIFIED.);
#131=B_SPLINE_CURVE_WITH_KNOTS('',3,(#4241,#4242,#4243,#4244),
 .UNSPECIFIED.,.F.,.F.,(4,4),(0.,1.),.UNSPECIFIED.);
#132=B_SPLINE_CURVE_WITH_KNOTS('',3,(#5449,#5450,#5451,#5452),
 .UNSPECIFIED.,.F.,.F.,(4,4),(5.88727229880751E-8,8.2897118404566E-5),
 .UNSPECIFIED.);
#133=B_SPLINE_CURVE_WITH_KNOTS('',3,(#5455,#5456,#5457,#5458,#5459,#5460,
#5461),.UNSPECIFIED.,.F.,.F.,(4,1,1,1,4),(0.,0.25,0.5,0.75,1.),
 .UNSPECIFIED.);
#134=B_SPLINE_CURVE_WITH_KNOTS('',3,(#5462,#5463,#5464,#5465),
 .UNSPECIFIED.,.F.,.F.,(4,4),(0.,7.63294917064882E-5),.UNSPECIFIED.);
#135=B_SPLINE_CURVE_WITH_KNOTS('',3,(#5467,#5468,#5469,#5470),
 .UNSPECIFIED.,.F.,.F.,(4,4),(0.,0.00276131495564664),.UNSPECIFIED.);
#136=B_SPLINE_CURVE_WITH_KNOTS('',3,(#5475,#5476,#5477,#5478),
 .UNSPECIFIED.,.F.,.F.,(4,4),(0.0973176008773153,1.),.UNSPECIFIED.);
#137=B_SPLINE_CURVE_WITH_KNOTS('',3,(#5482,#5483,#5484,#5485),
 .UNSPECIFIED.,.F.,.F.,(4,4),(0.,0.902682399122684),.UNSPECIFIED.);
#138=B_SPLINE_CURVE_WITH_KNOTS('',3,(#5492,#5493,#5494,#5495),
 .UNSPECIFIED.,.F.,.F.,(4,4),(0.,1.),.UNSPECIFIED.);
#139=B_SPLINE_CURVE_WITH_KNOTS('',3,(#5497,#5498,#5499,#5500),
 .UNSPECIFIED.,.F.,.F.,(4,4),(0.,1.),.UNSPECIFIED.);
#140=B_SPLINE_CURVE_WITH_KNOTS('',3,(#5502,#5503,#5504,#5505),
 .UNSPECIFIED.,.F.,.F.,(4,4),(0.,1.),.UNSPECIFIED.);
#141=B_SPLINE_CURVE_WITH_KNOTS('',3,(#5507,#5508,#5509,#5510),
 .UNSPECIFIED.,.F.,.F.,(4,4),(0.,1.),.UNSPECIFIED.);
#142=B_SPLINE_CURVE_WITH_KNOTS('',3,(#5512,#5513,#5514,#5515),
 .UNSPECIFIED.,.F.,.F.,(4,4),(0.,1.),.UNSPECIFIED.);
#143=B_SPLINE_CURVE_WITH_KNOTS('',3,(#5517,#5518,#5519,#5520),
 .UNSPECIFIED.,.F.,.F.,(4,4),(0.,1.),.UNSPECIFIED.);
#144=B_SPLINE_CURVE_WITH_KNOTS('',3,(#5522,#5523,#5524,#5525),
 .UNSPECIFIED.,.F.,.F.,(4,4),(0.,0.943657386619089),.UNSPECIFIED.);
#145=B_SPLINE_CURVE_WITH_KNOTS('',3,(#5540,#5541,#5542,#5543,#5544),
 .UNSPECIFIED.,.F.,.F.,(4,1,4),(5.76921735967073E-8,0.000602851809492558,
0.00120564592681152),.UNSPECIFIED.);
#146=B_SPLINE_CURVE_WITH_KNOTS('',3,(#5545,#5546,#5547,#5548,#5549),
 .UNSPECIFIED.,.F.,.F.,(4,1,4),(0.,0.5,1.),.UNSPECIFIED.);
#147=B_SPLINE_CURVE_WITH_KNOTS('',3,(#5551,#5552,#5553,#5554),
 .UNSPECIFIED.,.F.,.F.,(4,4),(0.,0.442826671897914),.UNSPECIFIED.);
#148=B_SPLINE_CURVE_WITH_KNOTS('',3,(#5556,#5557,#5558,#5559),
 .UNSPECIFIED.,.F.,.F.,(4,4),(0.442826671897914,1.),.UNSPECIFIED.);
#149=B_SPLINE_CURVE_WITH_KNOTS('',3,(#5561,#5562,#5563,#5564,#5565),
 .UNSPECIFIED.,.F.,.F.,(4,1,4),(7.11503130290557E-16,0.000724333292934099,
0.00144866658586749),.UNSPECIFIED.);
#150=B_SPLINE_CURVE_WITH_KNOTS('',3,(#5576,#5577,#5578,#5579,#5580),
 .UNSPECIFIED.,.F.,.F.,(4,1,4),(0.,0.000643612042059673,0.00128722408411935),
 .UNSPECIFIED.);
#151=B_SPLINE_CURVE_WITH_KNOTS('',3,(#5581,#5582,#5583,#5584,#5585),
 .UNSPECIFIED.,.F.,.F.,(4,1,4),(0.,0.5,1.),.UNSPECIFIED.);
#152=B_SPLINE_CURVE_WITH_KNOTS('',3,(#5862,#5863,#5864,#5865),
 .UNSPECIFIED.,.F.,.F.,(4,4),(0.,1.),.UNSPECIFIED.);
#153=B_SPLINE_CURVE_WITH_KNOTS('',3,(#5868,#5869,#5870,#5871),
 .UNSPECIFIED.,.F.,.F.,(4,4),(0.,0.00186030961549191),.UNSPECIFIED.);
#154=B_SPLINE_CURVE_WITH_KNOTS('',3,(#5873,#5874,#5875,#5876),
 .UNSPECIFIED.,.F.,.F.,(4,4),(0.,1.),.UNSPECIFIED.);
#155=B_SPLINE_CURVE_WITH_KNOTS('',3,(#5878,#5879,#5880,#5881),
 .UNSPECIFIED.,.F.,.F.,(4,4),(0.,0.00205153008540369),.UNSPECIFIED.);
#156=B_SPLINE_CURVE_WITH_KNOTS('',3,(#5894,#5895,#5896,#5897),
 .UNSPECIFIED.,.F.,.F.,(4,4),(0.,1.),.UNSPECIFIED.);
#157=B_SPLINE_CURVE_WITH_KNOTS('',3,(#5900,#5901,#5902,#5903),
 .UNSPECIFIED.,.F.,.F.,(4,4),(0.,0.00049032800873067),.UNSPECIFIED.);
#158=B_SPLINE_CURVE_WITH_KNOTS('',3,(#5904,#5905,#5906,#5907),
 .UNSPECIFIED.,.F.,.F.,(4,4),(7.01114065037174E-13,0.000546374212415868),
 .UNSPECIFIED.);
#159=B_SPLINE_CURVE_WITH_KNOTS('',3,(#6124,#6125,#6126,#6127),
 .UNSPECIFIED.,.F.,.F.,(4,4),(0.,1.),.UNSPECIFIED.);
#160=B_SPLINE_CURVE_WITH_KNOTS('',3,(#6130,#6131,#6132,#6133),
 .UNSPECIFIED.,.F.,.F.,(4,4),(0.,0.000342245686352044),.UNSPECIFIED.);
#161=B_SPLINE_CURVE_WITH_KNOTS('',3,(#6135,#6136,#6137,#6138),
 .UNSPECIFIED.,.F.,.F.,(4,4),(0.,0.00319769308810647),.UNSPECIFIED.);
#162=B_SPLINE_CURVE_WITH_KNOTS('',3,(#6139,#6140,#6141,#6142),
 .UNSPECIFIED.,.F.,.F.,(4,4),(0.,0.00363820246674552),.UNSPECIFIED.);
#163=B_SPLINE_CURVE_WITH_KNOTS('',3,(#6149,#6150,#6151,#6152),
 .UNSPECIFIED.,.F.,.F.,(4,4),(0.,0.0027524072361907),.UNSPECIFIED.);
#164=B_SPLINE_CURVE_WITH_KNOTS('',3,(#6158,#6159,#6160,#6161,#6162),
 .UNSPECIFIED.,.F.,.F.,(4,1,4),(0.,0.00333120682508198,0.00666241365016396),
 .UNSPECIFIED.);
#165=B_SPLINE_CURVE_WITH_KNOTS('',3,(#6166,#6167,#6168,#6169,#6170),
 .UNSPECIFIED.,.F.,.F.,(4,1,4),(0.,0.00330936749013776,0.00661873498027552),
 .UNSPECIFIED.);
#166=B_SPLINE_CURVE_WITH_KNOTS('',3,(#6172,#6173,#6174,#6175),
 .UNSPECIFIED.,.F.,.F.,(4,4),(0.,0.000160945167305283),.UNSPECIFIED.);
#167=B_SPLINE_CURVE_WITH_KNOTS('',3,(#6177,#6178,#6179,#6180),
 .UNSPECIFIED.,.F.,.F.,(4,4),(0.00057498065818821,0.000584619774592244),
 .UNSPECIFIED.);
#168=B_SPLINE_CURVE_WITH_KNOTS('',3,(#6185,#6186,#6187,#6188),
 .UNSPECIFIED.,.F.,.F.,(4,4),(0.00171466994855981,0.00171870001619231),
 .UNSPECIFIED.);
#169=B_SPLINE_CURVE_WITH_KNOTS('',3,(#6192,#6193,#6194,#6195),
 .UNSPECIFIED.,.F.,.F.,(4,4),(0.,0.5),.UNSPECIFIED.);
#170=B_SPLINE_CURVE_WITH_KNOTS('',3,(#6200,#6201,#6202,#6203),
 .UNSPECIFIED.,.F.,.F.,(4,4),(0.00222811278249159,0.00445445339159216),
 .UNSPECIFIED.);
#171=B_SPLINE_CURVE_WITH_KNOTS('',3,(#6207,#6208,#6209,#6210),
 .UNSPECIFIED.,.F.,.F.,(4,4),(0.,0.00298014457358875),.UNSPECIFIED.);
#172=B_SPLINE_CURVE_WITH_KNOTS('',3,(#6212,#6213,#6214,#6215),
 .UNSPECIFIED.,.F.,.F.,(4,4),(0.,4.0739190604545E-5),.UNSPECIFIED.);
#173=B_SPLINE_CURVE_WITH_KNOTS('',3,(#6219,#6220,#6221,#6222),
 .UNSPECIFIED.,.F.,.F.,(4,4),(0.,1.),.UNSPECIFIED.);
#174=B_SPLINE_CURVE_WITH_KNOTS('',3,(#6228,#6229,#6230,#6231),
 .UNSPECIFIED.,.F.,.F.,(4,4),(0.,1.),.UNSPECIFIED.);
#175=B_SPLINE_CURVE_WITH_KNOTS('',3,(#6233,#6234,#6235,#6236),
 .UNSPECIFIED.,.F.,.F.,(4,4),(1.36592263090745E-17,0.00294464343395703),
 .UNSPECIFIED.);
#176=B_SPLINE_CURVE_WITH_KNOTS('',3,(#6238,#6239,#6240,#6241),
 .UNSPECIFIED.,.F.,.F.,(4,4),(0.,0.000445678703823962),.UNSPECIFIED.);
#177=B_SPLINE_CURVE_WITH_KNOTS('',3,(#6245,#6246,#6247,#6248),
 .UNSPECIFIED.,.F.,.F.,(4,4),(0.,1.),.UNSPECIFIED.);
#178=B_SPLINE_CURVE_WITH_KNOTS('',3,(#6254,#6255,#6256,#6257),
 .UNSPECIFIED.,.F.,.F.,(4,4),(0.,1.),.UNSPECIFIED.);
#179=B_SPLINE_CURVE_WITH_KNOTS('',3,(#6259,#6260,#6261,#6262,#6263,#6264,
#6265,#6266,#6267),.UNSPECIFIED.,.F.,.F.,(4,1,1,1,1,1,4),(0.,0.00294702288187394,
0.00442053432281091,0.00589404576374788,0.00736755720468485,0.00884106864562182,
0.0117880915274958),.UNSPECIFIED.);
#180=B_SPLINE_CURVE_WITH_KNOTS('',3,(#6269,#6270,#6271,#6272),
 .UNSPECIFIED.,.F.,.F.,(4,4),(0.,0.00250383197320028),.UNSPECIFIED.);
#181=B_SPLINE_CURVE_WITH_KNOTS('',3,(#6276,#6277,#6278,#6279),
 .UNSPECIFIED.,.F.,.F.,(4,4),(0.,1.),.UNSPECIFIED.);
#182=B_SPLINE_CURVE_WITH_KNOTS('',3,(#6281,#6282,#6283,#6284),
 .UNSPECIFIED.,.F.,.F.,(4,4),(0.,3.52591089224381E-6),.UNSPECIFIED.);
#183=B_SPLINE_CURVE_WITH_KNOTS('',3,(#6287,#6288,#6289,#6290),
 .UNSPECIFIED.,.F.,.F.,(4,4),(0.,0.000186284086196193),.UNSPECIFIED.);
#184=B_SPLINE_CURVE_WITH_KNOTS('',3,(#6294,#6295,#6296,#6297),
 .UNSPECIFIED.,.F.,.F.,(4,4),(0.,1.),.UNSPECIFIED.);
#185=B_SPLINE_CURVE_WITH_KNOTS('',3,(#6298,#6299,#6300,#6301,#6302,#6303,
#6304),.UNSPECIFIED.,.F.,.F.,(4,1,1,1,4),(0.,0.000348265403421301,0.000696530806842602,
0.0010447962102639,0.0013930616136852),.UNSPECIFIED.);
#186=B_SPLINE_CURVE_WITH_KNOTS('',3,(#6306,#6307,#6308,#6309),
 .UNSPECIFIED.,.F.,.F.,(4,4),(0.,0.000724860655166729),.UNSPECIFIED.);
#187=B_SPLINE_CURVE_WITH_KNOTS('',3,(#6313,#6314,#6315,#6316),
 .UNSPECIFIED.,.F.,.F.,(4,4),(0.,1.),.UNSPECIFIED.);
#188=B_SPLINE_CURVE_WITH_KNOTS('',3,(#6318,#6319,#6320,#6321,#6322),
 .UNSPECIFIED.,.F.,.F.,(4,1,4),(0.,0.5,1.),.UNSPECIFIED.);
#189=B_SPLINE_CURVE_WITH_KNOTS('',3,(#6325,#6326,#6327,#6328,#6329),
 .UNSPECIFIED.,.F.,.F.,(4,1,4),(0.,0.5,1.),.UNSPECIFIED.);
#190=B_SPLINE_CURVE_WITH_KNOTS('',3,(#6336,#6337,#6338,#6339),
 .UNSPECIFIED.,.F.,.F.,(4,4),(0.554672507606795,0.800206016902807),
 .UNSPECIFIED.);
#191=B_SPLINE_CURVE_WITH_KNOTS('',3,(#6405,#6406,#6407,#6408,#6409,#6410,
#6411,#6412,#6413),.UNSPECIFIED.,.F.,.F.,(4,1,1,1,1,1,4),(0.,0.000434623309973336,
0.000543279137466671,0.000651934964960005,0.000706262878706672,0.000760590792453339,
0.000869246619946673),.UNSPECIFIED.);
#192=B_SPLINE_CURVE_WITH_KNOTS('',3,(#6414,#6415,#6416,#6417),
 .UNSPECIFIED.,.F.,.F.,(4,4),(0.,0.000227760155600372),.UNSPECIFIED.);
#193=B_SPLINE_CURVE_WITH_KNOTS('',3,(#6438,#6439,#6440,#6441,#6442),
 .UNSPECIFIED.,.F.,.F.,(4,1,4),(0.,0.5,1.),.UNSPECIFIED.);
#194=B_SPLINE_CURVE_WITH_KNOTS('',3,(#6453,#6454,#6455,#6456,#6457),
 .UNSPECIFIED.,.F.,.F.,(4,1,4),(0.,0.5,1.),.UNSPECIFIED.);
#195=B_SPLINE_CURVE_WITH_KNOTS('',3,(#6478,#6479,#6480,#6481,#6482),
 .UNSPECIFIED.,.F.,.F.,(4,1,4),(0.,0.5,1.),.UNSPECIFIED.);
#196=B_SPLINE_CURVE_WITH_KNOTS('',3,(#6493,#6494,#6495,#6496,#6497),
 .UNSPECIFIED.,.F.,.F.,(4,1,4),(0.,0.5,1.),.UNSPECIFIED.);
#197=B_SPLINE_CURVE_WITH_KNOTS('',3,(#6510,#6511,#6512,#6513,#6514),
 .UNSPECIFIED.,.F.,.F.,(4,1,4),(0.,0.5,1.),.UNSPECIFIED.);
#198=B_SPLINE_CURVE_WITH_KNOTS('',3,(#6525,#6526,#6527,#6528,#6529),
 .UNSPECIFIED.,.F.,.F.,(4,1,4),(0.,0.5,1.),.UNSPECIFIED.);
#199=B_SPLINE_CURVE_WITH_KNOTS('',3,(#6550,#6551,#6552,#6553),
 .UNSPECIFIED.,.F.,.F.,(4,4),(0.,1.),.UNSPECIFIED.);
#200=B_SPLINE_CURVE_WITH_KNOTS('',3,(#6555,#6556,#6557,#6558,#6559),
 .UNSPECIFIED.,.F.,.F.,(4,1,4),(0.,0.499993300708025,0.999986601416049),
 .UNSPECIFIED.);
#201=B_SPLINE_CURVE_WITH_KNOTS('',3,(#6570,#6571,#6572,#6573),
 .UNSPECIFIED.,.F.,.F.,(4,4),(0.,0.999999926118783),.UNSPECIFIED.);
#202=B_SPLINE_CURVE_WITH_KNOTS('',3,(#6575,#6576,#6577,#6578,#6579),
 .UNSPECIFIED.,.F.,.F.,(4,1,4),(0.,0.5,1.),.UNSPECIFIED.);
#203=B_SPLINE_CURVE_WITH_KNOTS('',3,(#6600,#6601,#6602,#6603,#6604,#6605),
 .UNSPECIFIED.,.F.,.F.,(4,1,1,4),(0.,0.00055697879688783,0.000835468195331745,
0.00111395759377566),.UNSPECIFIED.);
#204=B_SPLINE_CURVE_WITH_KNOTS('',3,(#6607,#6608,#6609,#6610),
 .UNSPECIFIED.,.F.,.F.,(4,4),(0.,1.),.UNSPECIFIED.);
#205=B_SPLINE_CURVE_WITH_KNOTS('',3,(#6612,#6613,#6614,#6615),
 .UNSPECIFIED.,.F.,.F.,(4,4),(0.,1.),.UNSPECIFIED.);
#206=B_SPLINE_CURVE_WITH_KNOTS('',3,(#6617,#6618,#6619,#6620),
 .UNSPECIFIED.,.F.,.F.,(4,4),(0.535147621231176,0.603227122757479),
 .UNSPECIFIED.);
#207=B_SPLINE_CURVE_WITH_KNOTS('',3,(#6625,#6626,#6627,#6628),
 .UNSPECIFIED.,.F.,.F.,(4,4),(0.0056329400675413,0.00659702267340121),
 .UNSPECIFIED.);
#208=B_SPLINE_CURVE_WITH_KNOTS('',3,(#6652,#6653,#6654,#6655,#6656,#6657),
 .UNSPECIFIED.,.F.,.F.,(4,1,1,4),(0.,0.00258200785823555,0.00387301178735332,
0.0051640157164711),.UNSPECIFIED.);
#209=B_SPLINE_CURVE_WITH_KNOTS('',3,(#6658,#6659,#6660,#6661,#6662,#6663),
 .UNSPECIFIED.,.F.,.F.,(4,1,1,4),(7.24192514446918E-16,0.00143314932002165,
0.00286629864004257,0.00573259728008441),.UNSPECIFIED.);
#210=B_SPLINE_CURVE_WITH_KNOTS('',3,(#6676,#6677,#6678,#6679),
 .UNSPECIFIED.,.F.,.F.,(4,4),(4.91535260432264E-10,0.000106981858976226),
 .UNSPECIFIED.);
#211=B_SPLINE_CURVE_WITH_KNOTS('',3,(#6681,#6682,#6683,#6684),
 .UNSPECIFIED.,.F.,.F.,(4,4),(0.,0.00211675326646461),.UNSPECIFIED.);
#212=B_SPLINE_CURVE_WITH_KNOTS('',3,(#6686,#6687,#6688,#6689),
 .UNSPECIFIED.,.F.,.F.,(4,4),(7.12049611693856E-16,0.00119776015236538),
 .UNSPECIFIED.);
#213=B_SPLINE_CURVE_WITH_KNOTS('',3,(#6690,#6691,#6692,#6693),
 .UNSPECIFIED.,.F.,.F.,(4,4),(3.05023665424333E-12,0.000335026203034131),
 .UNSPECIFIED.);
#214=B_SPLINE_CURVE_WITH_KNOTS('',3,(#6695,#6696,#6697,#6698),
 .UNSPECIFIED.,.F.,.F.,(4,4),(1.00378301592603E-15,0.00623155726081545),
 .UNSPECIFIED.);
#215=B_SPLINE_CURVE_WITH_KNOTS('',3,(#6700,#6701,#6702,#6703),
 .UNSPECIFIED.,.F.,.F.,(4,4),(0.,1.),.UNSPECIFIED.);
#216=B_SPLINE_CURVE_WITH_KNOTS('',3,(#6705,#6706,#6707,#6708),
 .UNSPECIFIED.,.F.,.F.,(4,4),(-0.000557505867313556,0.00196643566267185),
 .UNSPECIFIED.);
#217=B_SPLINE_CURVE_WITH_KNOTS('',3,(#6712,#6713,#6714,#6715),
 .UNSPECIFIED.,.F.,.F.,(4,4),(-0.000557505867315533,0.0019664356626719),
 .UNSPECIFIED.);
#218=B_SPLINE_CURVE_WITH_KNOTS('',3,(#6716,#6717,#6718,#6719),
 .UNSPECIFIED.,.F.,.F.,(4,4),(0.,0.000313801796918865),.UNSPECIFIED.);
#219=B_SPLINE_CURVE_WITH_KNOTS('',3,(#6726,#6727,#6728,#6729),
 .UNSPECIFIED.,.F.,.F.,(4,4),(6.00925839494864E-18,0.00261558557792898),
 .UNSPECIFIED.);
#220=B_SPLINE_CURVE_WITH_KNOTS('',3,(#6731,#6732,#6733,#6734,#6735,#6736,
#6737),.UNSPECIFIED.,.F.,.F.,(4,1,1,1,4),(0.00221766274059398,0.00551230955450682,
0.00880695636841965,0.0121016031823325,0.0153962499962453),
 .UNSPECIFIED.);
#221=B_SPLINE_CURVE_WITH_KNOTS('',3,(#6739,#6740,#6741,#6742),
 .UNSPECIFIED.,.F.,.F.,(4,4),(0.,0.00146983154160974),.UNSPECIFIED.);
#222=B_SPLINE_CURVE_WITH_KNOTS('',3,(#6744,#6745,#6746,#6747),
 .UNSPECIFIED.,.F.,.F.,(4,4),(0.,0.0030552943919782),.UNSPECIFIED.);
#223=B_SPLINE_CURVE_WITH_KNOTS('',3,(#6749,#6750,#6751,#6752),
 .UNSPECIFIED.,.F.,.F.,(4,4),(0.,0.000935585461858291),.UNSPECIFIED.);
#224=B_SPLINE_CURVE_WITH_KNOTS('',3,(#6758,#6759,#6760,#6761),
 .UNSPECIFIED.,.F.,.F.,(4,4),(0.00477396433364864,0.0049969344054502),
 .UNSPECIFIED.);
#225=B_SPLINE_CURVE_WITH_KNOTS('',3,(#6762,#6763,#6764,#6765),
 .UNSPECIFIED.,.F.,.F.,(4,4),(0.,0.00504938734196795),.UNSPECIFIED.);
#226=B_SPLINE_CURVE_WITH_KNOTS('',3,(#6767,#6768,#6769,#6770),
 .UNSPECIFIED.,.F.,.F.,(4,4),(-2.13587827979644E-17,0.000148664301655633),
 .UNSPECIFIED.);
#227=B_SPLINE_CURVE_WITH_KNOTS('',3,(#6772,#6773,#6774,#6775),
 .UNSPECIFIED.,.F.,.F.,(4,4),(0.,0.999999959142522),.UNSPECIFIED.);
#228=B_SPLINE_CURVE_WITH_KNOTS('',3,(#6782,#6783,#6784,#6785),
 .UNSPECIFIED.,.F.,.F.,(4,4),(4.11351402817538E-8,0.999999957442047),
 .UNSPECIFIED.);
#229=B_SPLINE_CURVE_WITH_KNOTS('',3,(#6788,#6789,#6790,#6791),
 .UNSPECIFIED.,.F.,.F.,(4,4),(0.,0.999999955476762),.UNSPECIFIED.);
#230=B_SPLINE_CURVE_WITH_KNOTS('',3,(#6795,#6796,#6797,#6798),
 .UNSPECIFIED.,.F.,.F.,(4,4),(0.,0.000519706954746032),.UNSPECIFIED.);
#231=B_SPLINE_CURVE_WITH_KNOTS('',3,(#6801,#6802,#6803,#6804,#6805,#6806),
 .UNSPECIFIED.,.F.,.F.,(4,1,1,4),(0.,0.00122974970050483,0.00184462455075724,
0.00245949940100966),.UNSPECIFIED.);
#232=B_SPLINE_CURVE_WITH_KNOTS('',3,(#6810,#6811,#6812,#6813),
 .UNSPECIFIED.,.F.,.F.,(4,4),(0.,4.9993805220031E-6),.UNSPECIFIED.);
#233=B_SPLINE_CURVE_WITH_KNOTS('',3,(#6849,#6850,#6851,#6852),
 .UNSPECIFIED.,.F.,.F.,(4,4),(0.,1.),.UNSPECIFIED.);
#234=B_SPLINE_CURVE_WITH_KNOTS('',3,(#6877,#6878,#6879,#6880),
 .UNSPECIFIED.,.F.,.F.,(4,4),(0.000386939260041254,0.000741400512940514),
 .UNSPECIFIED.);
#235=B_SPLINE_CURVE_WITH_KNOTS('',3,(#6881,#6882,#6883,#6884,#6885),
 .UNSPECIFIED.,.F.,.F.,(4,1,4),(0.,0.00038458275954543,0.000769165519090861),
 .UNSPECIFIED.);
#236=B_SPLINE_CURVE_WITH_KNOTS('',3,(#6932,#6933,#6934,#6935),
 .UNSPECIFIED.,.F.,.F.,(4,4),(0.,0.00298148527281372),.UNSPECIFIED.);
#237=B_SPLINE_CURVE_WITH_KNOTS('',3,(#6937,#6938,#6939,#6940),
 .UNSPECIFIED.,.F.,.F.,(4,4),(-2.46893163465683E-14,0.00112771498975112),
 .UNSPECIFIED.);
#238=B_SPLINE_CURVE_WITH_KNOTS('',3,(#6955,#6956,#6957,#6958),
 .UNSPECIFIED.,.F.,.F.,(4,4),(0.,4.67210939869794E-6),.UNSPECIFIED.);
#239=B_SPLINE_CURVE_WITH_KNOTS('',3,(#6960,#6961,#6962,#6963,#6964),
 .UNSPECIFIED.,.F.,.F.,(4,1,4),(0.,0.000274347114800897,0.000548694229601795),
 .UNSPECIFIED.);
#240=B_SPLINE_CURVE_WITH_KNOTS('',3,(#6966,#6967,#6968,#6969),
 .UNSPECIFIED.,.F.,.F.,(4,4),(0.,0.000243209870691559),.UNSPECIFIED.);
#241=B_SPLINE_CURVE_WITH_KNOTS('',3,(#6982,#6983,#6984,#6985,#6986,#6987,
#6988,#6989,#6990,#6991,#6992),.UNSPECIFIED.,.F.,.F.,(4,1,1,1,1,1,1,1,4),
(0.,0.000578173684629701,0.0011563473692594,0.00144543421157425,0.0017345210538891,
0.00202360789620395,0.00216815131736138,0.00224042302794009,0.00231269473851881),
 .UNSPECIFIED.);
#242=B_SPLINE_CURVE_WITH_KNOTS('',3,(#7076,#7077,#7078,#7079),
 .UNSPECIFIED.,.F.,.F.,(4,4),(0.,0.000534266994871303),.UNSPECIFIED.);
#243=B_SPLINE_CURVE_WITH_KNOTS('',3,(#7115,#7116,#7117,#7118,#7119),
 .UNSPECIFIED.,.F.,.F.,(4,1,4),(0.,0.0022643359286455,0.004528671857291),
 .UNSPECIFIED.);
#244=B_SPLINE_CURVE_WITH_KNOTS('',3,(#7135,#7136,#7137,#7138,#7139),
 .UNSPECIFIED.,.F.,.F.,(4,1,4),(0.,0.0022611482539576,0.0045222965079152),
 .UNSPECIFIED.);
#245=B_SPLINE_CURVE_WITH_KNOTS('',3,(#7152,#7153,#7154,#7155),
 .UNSPECIFIED.,.F.,.F.,(4,4),(0.,4.92201173891801E-5),.UNSPECIFIED.);
#246=B_SPLINE_CURVE_WITH_KNOTS('',3,(#7170,#7171,#7172,#7173,#7174),
 .UNSPECIFIED.,.F.,.F.,(4,1,4),(0.,0.00220537514715561,0.00441075029431121),
 .UNSPECIFIED.);
#247=B_SPLINE_CURVE_WITH_KNOTS('',3,(#7190,#7191,#7192,#7193,#7194),
 .UNSPECIFIED.,.F.,.F.,(4,1,4),(0.,0.00220519011277161,0.00441038022554323),
 .UNSPECIFIED.);
#248=B_SPLINE_CURVE_WITH_KNOTS('',3,(#7229,#7230,#7231,#7232,#7233),
 .UNSPECIFIED.,.F.,.F.,(4,1,4),(0.,0.00132840329257147,0.00265680658514294),
 .UNSPECIFIED.);
#249=B_SPLINE_CURVE_WITH_KNOTS('',3,(#7243,#7244,#7245,#7246),
 .UNSPECIFIED.,.F.,.F.,(4,4),(0.,0.000102804007140076),.UNSPECIFIED.);
#250=B_SPLINE_CURVE_WITH_KNOTS('',3,(#7248,#7249,#7250,#7251),
 .UNSPECIFIED.,.F.,.F.,(4,4),(0.,0.0014856269246872),.UNSPECIFIED.);
#251=B_SPLINE_CURVE_WITH_KNOTS('',3,(#7253,#7254,#7255,#7256),
 .UNSPECIFIED.,.F.,.F.,(4,4),(0.,0.000221085420276069),.UNSPECIFIED.);
#252=B_SPLINE_CURVE_WITH_KNOTS('',3,(#7258,#7259,#7260,#7261,#7262),
 .UNSPECIFIED.,.F.,.F.,(4,1,4),(0.,0.000429699658945359,0.000859399317890718),
 .UNSPECIFIED.);
#253=B_SPLINE_CURVE_WITH_KNOTS('',3,(#7264,#7265,#7266,#7267,#7268),
 .UNSPECIFIED.,.F.,.F.,(4,1,4),(0.,0.00116920342577017,0.00233840685154034),
 .UNSPECIFIED.);
#254=B_SPLINE_CURVE_WITH_KNOTS('',3,(#7272,#7273,#7274,#7275),
 .UNSPECIFIED.,.F.,.F.,(4,4),(5.05754456963979E-18,0.000597417549906883),
 .UNSPECIFIED.);
#255=B_SPLINE_CURVE_WITH_KNOTS('',3,(#7295,#7296,#7297,#7298),
 .UNSPECIFIED.,.F.,.F.,(4,4),(4.12129913270295E-16,5.62450968822601E-6),
 .UNSPECIFIED.);
#256=B_SPLINE_CURVE_WITH_KNOTS('',3,(#7300,#7301,#7302,#7303,#7304),
 .UNSPECIFIED.,.F.,.F.,(4,1,4),(7.45388993583784E-19,0.00133805606106214,
0.00267611212212427),.UNSPECIFIED.);
#257=B_SPLINE_CURVE_WITH_KNOTS('',3,(#7333,#7334,#7335,#7336,#7337),
 .UNSPECIFIED.,.F.,.F.,(4,1,4),(0.,0.00133831158873431,0.00267662317746861),
 .UNSPECIFIED.);
#258=B_SPLINE_CURVE_WITH_KNOTS('',3,(#7339,#7340,#7341,#7342,#7343),
 .UNSPECIFIED.,.F.,.F.,(4,1,4),(0.,0.5,1.),.UNSPECIFIED.);
#259=B_SPLINE_CURVE_WITH_KNOTS('',3,(#7368,#7369,#7370,#7371,#7372),
 .UNSPECIFIED.,.F.,.F.,(4,1,4),(0.,0.5,1.),.UNSPECIFIED.);
#260=B_SPLINE_CURVE_WITH_KNOTS('',3,(#7430,#7431,#7432,#7433,#7434),
 .UNSPECIFIED.,.F.,.F.,(4,1,4),(0.,0.5,1.),.UNSPECIFIED.);
#261=B_SPLINE_CURVE_WITH_KNOTS('',3,(#7447,#7448,#7449,#7450,#7451),
 .UNSPECIFIED.,.F.,.F.,(4,1,4),(0.,0.5,1.),.UNSPECIFIED.);
#262=B_SPLINE_CURVE_WITH_KNOTS('',3,(#7473,#7474,#7475,#7476,#7477),
 .UNSPECIFIED.,.F.,.F.,(4,1,4),(0.,0.5,1.),.UNSPECIFIED.);
#263=(
BOUNDED_SURFACE()
B_SPLINE_SURFACE(3,2,((#2361,#2362,#2363),(#2364,#2365,#2366),(#2367,#2368,
#2369),(#2370,#2371,#2372),(#2373,#2374,#2375),(#2376,#2377,#2378)),
 .UNSPECIFIED.,.F.,.F.,.F.)
B_SPLINE_SURFACE_WITH_KNOTS((4,1,1,4),(3,3),(-2.38632626938219E-5,0.00166617722894916,
0.00335621772059215,0.00673629870387812),(0.,1.),.UNSPECIFIED.)
GEOMETRIC_REPRESENTATION_ITEM()
RATIONAL_B_SPLINE_SURFACE(((1.,1.,1.),(1.,1.00000000029368,1.),(1.,0.995493198187949,
1.),(1.,0.970022477002716,1.),(1.,0.948762641507162,1.),(1.,0.936581633998203,
1.)))
REPRESENTATION_ITEM('')
SURFACE()
);
#264=(
BOUNDED_SURFACE()
B_SPLINE_SURFACE(3,2,((#2405,#2406,#2407),(#2408,#2409,#2410),(#2411,#2412,
#2413),(#2414,#2415,#2416)),.UNSPECIFIED.,.F.,.F.,.F.)
B_SPLINE_SURFACE_WITH_KNOTS((4,4),(3,3),(0.00583197832224122,0.00925319442357865),
(0.,1.),.PIECEWISE_BEZIER_KNOTS.)
GEOMETRIC_REPRESENTATION_ITEM()
RATIONAL_B_SPLINE_SURFACE(((1.,0.946505497157558,1.),(1.,0.93366482300684,
1.),(1.,0.922837183542264,1.),(1.,0.906588659620067,1.)))
REPRESENTATION_ITEM('')
SURFACE()
);
#265=(
BOUNDED_SURFACE()
B_SPLINE_SURFACE(3,2,((#2533,#2534,#2535),(#2536,#2537,#2538),(#2539,#2540,
#2541),(#2542,#2543,#2544),(#2545,#2546,#2547),(#2548,#2549,#2550),(#2551,
#2552,#2553)),.UNSPECIFIED.,.F.,.F.,.F.)
B_SPLINE_SURFACE_WITH_KNOTS((4,1,1,1,4),(3,3),(-3.3957212042246E-16,0.00292839509679038,
0.0058567901935811,0.00878518529037182,0.0117135803871625),(0.,1.),
 .UNSPECIFIED.)
GEOMETRIC_REPRESENTATION_ITEM()
RATIONAL_B_SPLINE_SURFACE(((1.,0.707106781186553,1.),(1.,0.72520885774354,
1.),(1.,0.759362396787262,1.),(1.,0.792864100098062,1.),(1.,0.799568471194979,
1.),(1.,0.785420131602157,1.),(1.,0.77451357911006,1.)))
REPRESENTATION_ITEM('')
SURFACE()
);
#266=(
BOUNDED_SURFACE()
B_SPLINE_SURFACE(3,2,((#2637,#2638,#2639),(#2640,#2641,#2642),(#2643,#2644,
#2645),(#2646,#2647,#2648)),.UNSPECIFIED.,.F.,.F.,.F.)
B_SPLINE_SURFACE_WITH_KNOTS((4,4),(3,3),(0.0041490027142046,0.00823411007987781),
(0.662201246232629,1.),.PIECEWISE_BEZIER_KNOTS.)
GEOMETRIC_REPRESENTATION_ITEM()
RATIONAL_B_SPLINE_SURFACE(((0.842274070653097,0.880907858264967,1.),(0.836579976596495,
0.876608489992107,1.),(0.831072376262415,0.872449935198218,1.),(0.831130419502732,
0.872493761180612,1.)))
REPRESENTATION_ITEM('')
SURFACE()
);
#267=(
BOUNDED_SURFACE()
B_SPLINE_SURFACE(3,2,((#2658,#2659,#2660),(#2661,#2662,#2663),(#2664,#2665,
#2666),(#2667,#2668,#2669)),.UNSPECIFIED.,.F.,.F.,.F.)
B_SPLINE_SURFACE_WITH_KNOTS((4,4),(3,3),(1.30104260698261E-17,0.00246097529847957),
(0.,1.),.PIECEWISE_BEZIER_KNOTS.)
GEOMETRIC_REPRESENTATION_ITEM()
RATIONAL_B_SPLINE_SURFACE(((1.,0.68145661304976,1.),(1.,0.676203896083748,
1.),(1.,0.670046034386104,1.),(1.,0.662939905248704,1.)))
REPRESENTATION_ITEM('')
SURFACE()
);
#268=(
BOUNDED_SURFACE()
B_SPLINE_SURFACE(3,2,((#2691,#2692,#2693),(#2694,#2695,#2696),(#2697,#2698,
#2699),(#2700,#2701,#2702),(#2703,#2704,#2705),(#2706,#2707,#2708)),
 .UNSPECIFIED.,.F.,.F.,.F.)
B_SPLINE_SURFACE_WITH_KNOTS((4,1,1,4),(3,3),(-2.38632626938284E-5,0.00166617722894924,
0.0033562177205923,0.00673629870387843),(0.,1.),.UNSPECIFIED.)
GEOMETRIC_REPRESENTATION_ITEM()
RATIONAL_B_SPLINE_SURFACE(((1.,1.,1.),(1.,1.00000000029368,1.),(1.,0.995493198227696,
1.),(1.,0.970022476804014,1.),(1.,0.948762642381417,1.),(1.,0.936581633997682,
1.)))
REPRESENTATION_ITEM('')
SURFACE()
);
#269=(
BOUNDED_SURFACE()
B_SPLINE_SURFACE(3,2,((#2713,#2714,#2715),(#2716,#2717,#2718),(#2719,#2720,
#2721),(#2722,#2723,#2724)),.UNSPECIFIED.,.F.,.F.,.F.)
B_SPLINE_SURFACE_WITH_KNOTS((4,4),(3,3),(0.00583197834028838,0.00925319442347104),
(0.,1.),.PIECEWISE_BEZIER_KNOTS.)
GEOMETRIC_REPRESENTATION_ITEM()
RATIONAL_B_SPLINE_SURFACE(((1.,0.946505496954352,1.),(1.,0.933664822889532,
1.),(1.,0.922837183457357,1.),(1.,0.906588659621601,1.)))
REPRESENTATION_ITEM('')
SURFACE()
);
#270=(
BOUNDED_SURFACE()
B_SPLINE_SURFACE(3,2,((#3164,#3165,#3166),(#3167,#3168,#3169),(#3170,#3171,
#3172),(#3173,#3174,#3175)),.UNSPECIFIED.,.F.,.F.,.F.)
B_SPLINE_SURFACE_WITH_KNOTS((4,4),(3,3),(0.00213396761420066,0.00316258066980026),
(0.,0.153635187912332),.PIECEWISE_BEZIER_KNOTS.)
GEOMETRIC_REPRESENTATION_ITEM()
RATIONAL_B_SPLINE_SURFACE(((1.,0.962152467430994,0.935934360418503),(1.,
0.962240054495413,0.936082621637139),(1.,0.962243317507462,0.936088145034298),
(1.,0.962162700194823,0.935951681720974)))
REPRESENTATION_ITEM('')
SURFACE()
);
#271=(
BOUNDED_SURFACE()
B_SPLINE_SURFACE(3,2,((#3422,#3423,#3424),(#3425,#3426,#3427),(#3428,#3429,
#3430),(#3431,#3432,#3433),(#3434,#3435,#3436),(#3437,#3438,#3439),(#3440,
#3441,#3442)),.UNSPECIFIED.,.F.,.F.,.F.)
B_SPLINE_SURFACE_WITH_KNOTS((4,1,1,1,4),(3,3),(-3.25412440049799E-15,0.00292839509679191,
0.00585679019358707,0.00878518529038224,0.0117135803871774),(0.,0.15871979657362),
 .UNSPECIFIED.)
GEOMETRIC_REPRESENTATION_ITEM()
RATIONAL_B_SPLINE_SURFACE(((1.,0.953512047892146,0.921781212387658),(1.,
0.956385205791555,0.92661547411184),(1.,0.961806048574481,0.935736369550163),
(1.,0.967123432103266,0.944683188543748),(1.,0.968187548521795,0.946473628697848),
(1.,0.965941926938381,0.942695234732821),(1.,0.964210841146205,0.93978257831804)))
REPRESENTATION_ITEM('')
SURFACE()
);
#272=(
BOUNDED_SURFACE()
B_SPLINE_SURFACE(3,2,((#3448,#3449,#3450),(#3451,#3452,#3453),(#3454,#3455,
#3456),(#3457,#3458,#3459)),.UNSPECIFIED.,.F.,.F.,.F.)
B_SPLINE_SURFACE_WITH_KNOTS((4,4),(3,3),(0.00619018332723116,0.0082220083162245),
(0.,0.172396093909113),.PIECEWISE_BEZIER_KNOTS.)
GEOMETRIC_REPRESENTATION_ITEM()
RATIONAL_B_SPLINE_SURFACE(((1.,0.936222933190465,0.894435700778819),(1.,
0.935411108138271,0.893091961610301),(1.,0.93492128734354,0.892281206404295),
(1.,0.934926853201629,0.892290419056086)))
REPRESENTATION_ITEM('')
SURFACE()
);
#273=(
BOUNDED_SURFACE()
B_SPLINE_SURFACE(3,2,((#3461,#3462,#3463),(#3464,#3465,#3466),(#3467,#3468,
#3469),(#3470,#3471,#3472)),.UNSPECIFIED.,.F.,.F.,.F.)
B_SPLINE_SURFACE_WITH_KNOTS((4,4),(3,3),(0.00213396760622786,0.00316258065792205),
(0.0253668842346288,1.),.PIECEWISE_BEZIER_KNOTS.)
GEOMETRIC_REPRESENTATION_ITEM()
RATIONAL_B_SPLINE_SURFACE(((0.987818937776274,0.759902278280239,1.),(0.987847127288871,
0.760457914367363,1.),(0.987848177475473,0.760478614319949,1.),(0.987822231147952,
0.759967193065367,1.)))
REPRESENTATION_ITEM('')
SURFACE()
);
#274=(
BOUNDED_SURFACE()
B_SPLINE_SURFACE(3,2,((#5882,#5883,#5884),(#5885,#5886,#5887),(#5888,#5889,
#5890),(#5891,#5892,#5893)),.UNSPECIFIED.,.F.,.F.,.F.)
B_SPLINE_SURFACE_WITH_KNOTS((4,4),(3,3),(0.00213396761420065,0.00316258066980004),
(0.429002492420506,0.500856248376161),.PIECEWISE_BEZIER_KNOTS.)
GEOMETRIC_REPRESENTATION_ITEM()
RATIONAL_B_SPLINE_SURFACE(((0.879310107906197,0.876796662546473,0.876826975350137),
(0.879589409426336,0.877081780702104,0.877112023355633),(0.879599814663896,
0.877092402635491,0.877122642675612),(0.879342738597777,0.876829972793391,
0.87686027740144)))
REPRESENTATION_ITEM('')
SURFACE()
);
#275=(
BOUNDED_SURFACE()
B_SPLINE_SURFACE(2,3,((#6340,#6341,#6342,#6343,#6344,#6345,#6346,#6347,
#6348,#6349,#6350,#6351,#6352),(#6353,#6354,#6355,#6356,#6357,#6358,#6359,
#6360,#6361,#6362,#6363,#6364,#6365),(#6366,#6367,#6368,#6369,#6370,#6371,
#6372,#6373,#6374,#6375,#6376,#6377,#6378),(#6379,#6380,#6381,#6382,#6383,
#6384,#6385,#6386,#6387,#6388,#6389,#6390,#6391),(#6392,#6393,#6394,#6395,
#6396,#6397,#6398,#6399,#6400,#6401,#6402,#6403,#6404)),.UNSPECIFIED.,.F.,
 .F.,.F.)
B_SPLINE_SURFACE_WITH_KNOTS((3,2,3),(4,3,2,2,2,4),(0.,1.,1.28284271247438),
(-5.40109222377323,-0.0836492838329833,0.355509456290132,0.794668196413248,
1.23382693653636,1.67298567665948),.UNSPECIFIED.)
GEOMETRIC_REPRESENTATION_ITEM()
RATIONAL_B_SPLINE_SURFACE(((1.,1.,1.,1.,1.,1.,1.,1.,1.,1.,1.,1.,1.),(0.707106781186548,
0.707106781186548,0.707106781186548,0.707106781186548,0.707106781186548,
0.707106781186548,0.707106781186548,0.707106781186548,0.707106781186548,
0.707106781186548,0.707106781186548,0.707106781186547,0.707106781186547),
(1.,1.,1.,1.,1.,1.,1.,1.,1.,1.,1.,1.,1.),(1.,1.,1.,1.,1.,1.,1.,1.,1.,1.,
1.,1.,1.),(1.,1.,1.,1.,1.,1.,1.,1.,1.,1.,1.,1.,1.)))
REPRESENTATION_ITEM('')
SURFACE()
);
#276=(
BOUNDED_SURFACE()
B_SPLINE_SURFACE(3,3,((#6418,#6419,#6420,#6421),(#6422,#6423,#6424,#6425),
(#6426,#6427,#6428,#6429),(#6430,#6431,#6432,#6433),(#6434,#6435,#6436,
#6437)),.SURF_OF_REVOLUTION.,.F.,.F.,.F.)
B_SPLINE_SURFACE_WITH_KNOTS((4,1,4),(4,4),(0.,0.5,1.),(0.,1.),
 .UNSPECIFIED.)
GEOMETRIC_REPRESENTATION_ITEM()
RATIONAL_B_SPLINE_SURFACE(((1.,0.775084339468246,0.775084339468246,1.),
(1.,0.775084339468246,0.775084339468246,1.),(1.,0.775084339468246,0.775084339468246,
1.),(1.,0.775084339468246,0.775084339468246,1.),(1.,0.775084339468246,0.775084339468246,
1.)))
REPRESENTATION_ITEM('')
SURFACE()
);
#277=(
BOUNDED_SURFACE()
B_SPLINE_SURFACE(3,3,((#6458,#6459,#6460,#6461),(#6462,#6463,#6464,#6465),
(#6466,#6467,#6468,#6469),(#6470,#6471,#6472,#6473),(#6474,#6475,#6476,
#6477)),.SURF_OF_REVOLUTION.,.F.,.F.,.F.)
B_SPLINE_SURFACE_WITH_KNOTS((4,1,4),(4,4),(0.,0.5,1.),(0.,1.),
 .UNSPECIFIED.)
GEOMETRIC_REPRESENTATION_ITEM()
RATIONAL_B_SPLINE_SURFACE(((1.,0.829820093371163,0.829820093371163,1.),
(1.,0.829820093371163,0.829820093371163,1.),(1.,0.829820093371163,0.829820093371163,
1.),(1.,0.829820093371163,0.829820093371163,1.),(1.,0.829820093371163,0.829820093371163,
1.)))
REPRESENTATION_ITEM('')
SURFACE()
);
#278=(
BOUNDED_SURFACE()
B_SPLINE_SURFACE(2,3,((#6498,#6499,#6500,#6501),(#6502,#6503,#6504,#6505),
(#6506,#6507,#6508,#6509)),.UNSPECIFIED.,.F.,.F.,.F.)
B_SPLINE_SURFACE_WITH_KNOTS((3,3),(4,4),(0.,1.),(1.69637673152063,2.42282083289349),
 .PIECEWISE_BEZIER_KNOTS.)
GEOMETRIC_REPRESENTATION_ITEM()
RATIONAL_B_SPLINE_SURFACE(((1.,1.,1.,1.),(0.707106781186548,0.707106781186548,
0.707106781186548,0.707106781186548),(1.,1.,1.,1.)))
REPRESENTATION_ITEM('')
SURFACE()
);
#279=(
BOUNDED_SURFACE()
B_SPLINE_SURFACE(3,3,((#6530,#6531,#6532,#6533),(#6534,#6535,#6536,#6537),
(#6538,#6539,#6540,#6541),(#6542,#6543,#6544,#6545),(#6546,#6547,#6548,
#6549)),.SURF_OF_REVOLUTION.,.F.,.F.,.F.)
B_SPLINE_SURFACE_WITH_KNOTS((4,1,4),(4,4),(0.,0.5,1.),(0.,1.),
 .UNSPECIFIED.)
GEOMETRIC_REPRESENTATION_ITEM()
RATIONAL_B_SPLINE_SURFACE(((1.,0.989857655340764,0.989857655340764,1.),
(1.,0.989857655340764,0.989857655340764,1.),(1.,0.989857655340764,0.989857655340764,
1.),(1.,0.989857655340764,0.989857655340764,1.),(1.,0.989857655340764,0.989857655340764,
1.)))
REPRESENTATION_ITEM('')
SURFACE()
);
#280=(
BOUNDED_SURFACE()
B_SPLINE_SURFACE(3,3,((#6580,#6581,#6582,#6583),(#6584,#6585,#6586,#6587),
(#6588,#6589,#6590,#6591),(#6592,#6593,#6594,#6595),(#6596,#6597,#6598,
#6599)),.SURF_OF_REVOLUTION.,.F.,.F.,.F.)
B_SPLINE_SURFACE_WITH_KNOTS((4,1,4),(4,4),(-4.39088520819768E-58,0.5,1.),
(0.,1.),.UNSPECIFIED.)
GEOMETRIC_REPRESENTATION_ITEM()
RATIONAL_B_SPLINE_SURFACE(((1.,0.988301908220296,0.988301908220296,1.),
(1.,0.988301908220296,0.988301908220296,1.),(1.,0.988301908220296,0.988301908220296,
1.),(1.,0.988301908220296,0.988301908220296,1.),(1.,0.988301908220296,0.988301908220296,
1.)))
REPRESENTATION_ITEM('')
SURFACE()
);
#281=(
BOUNDED_SURFACE()
B_SPLINE_SURFACE(3,2,((#6631,#6632,#6633),(#6634,#6635,#6636),(#6637,#6638,
#6639),(#6640,#6641,#6642),(#6643,#6644,#6645),(#6646,#6647,#6648),(#6649,
#6650,#6651)),.UNSPECIFIED.,.F.,.F.,.F.)
B_SPLINE_SURFACE_WITH_KNOTS((4,1,1,1,4),(3,3),(-3.25412440049799E-15,0.00292839509679191,
0.00585679019358707,0.00878518529038224,0.0117135803871774),(0.400531171171496,
0.529102739214164),.UNSPECIFIED.)
GEOMETRIC_REPRESENTATION_ITEM()
RATIONAL_B_SPLINE_SURFACE(((0.859349189671343,0.851857647001144,0.854049533798348),
(0.868042022296375,0.861013489589525,0.863069908236802),(0.884442958356406,
0.878287995535416,0.880088823794498),(0.90053087507979,0.895232809665408,
0.896782925595296),(0.903750393896258,0.898623811053036,0.900123754354906),
(0.896956192795163,0.891467727589943,0.893073550976372),(0.891718736456947,
0.885951306434181,0.887638749765578)))
REPRESENTATION_ITEM('')
SURFACE()
);
#282=(
BOUNDED_SURFACE()
B_SPLINE_SURFACE(3,2,((#6664,#6665,#6666),(#6667,#6668,#6669),(#6670,#6671,
#6672),(#6673,#6674,#6675)),.UNSPECIFIED.,.F.,.F.,.F.)
B_SPLINE_SURFACE_WITH_KNOTS((4,4),(3,3),(-7.31836466427716E-18,0.00162316887664986),
(0.0161600700172094,1.),.PIECEWISE_BEZIER_KNOTS.)
GEOMETRIC_REPRESENTATION_ITEM()
RATIONAL_B_SPLINE_SURFACE(((0.992069481628245,0.754626113522118,1.),(0.992036847358849,
0.753616394215179,1.),(0.992036852881819,0.753616565098396,1.),(0.992069481628245,
0.754626113522119,1.)))
REPRESENTATION_ITEM('')
SURFACE()
);
#283=(
BOUNDED_SURFACE()
B_SPLINE_SURFACE(3,2,((#6814,#6815,#6816),(#6817,#6818,#6819),(#6820,#6821,
#6822),(#6823,#6824,#6825),(#6826,#6827,#6828),(#6829,#6830,#6831)),
 .UNSPECIFIED.,.F.,.F.,.F.)
B_SPLINE_SURFACE_WITH_KNOTS((4,1,1,4),(3,3),(-3.46944695195361E-18,0.00160808741015598,
0.00321617482031196,0.00643234964062392),(0.,1.),.UNSPECIFIED.)
GEOMETRIC_REPRESENTATION_ITEM()
RATIONAL_B_SPLINE_SURFACE(((1.,0.681456613049759,1.),(1.,0.695071381061776,
1.),(1.,0.715797876643834,1.),(1.,0.734803785026237,1.),(1.,0.72493216324741,
1.),(1.,0.710434755459817,1.)))
REPRESENTATION_ITEM('')
SURFACE()
);
#284=(
BOUNDED_SURFACE()
B_SPLINE_SURFACE(3,2,((#6833,#6834,#6835),(#6836,#6837,#6838),(#6839,#6840,
#6841),(#6842,#6843,#6844)),.UNSPECIFIED.,.F.,.F.,.F.)
B_SPLINE_SURFACE_WITH_KNOTS((4,4),(3,3),(-7.91467585914418E-18,0.000288735076604094),
(0.,1.),.PIECEWISE_BEZIER_KNOTS.)
GEOMETRIC_REPRESENTATION_ITEM()
RATIONAL_B_SPLINE_SURFACE(((1.,0.710434755459817,1.),(1.,0.710524205490692,
1.),(1.,0.708801121029785,1.),(1.,0.707106781186547,1.)))
REPRESENTATION_ITEM('')
SURFACE()
);
#285=(
BOUNDED_SURFACE()
B_SPLINE_SURFACE(3,2,((#6853,#6854,#6855),(#6856,#6857,#6858),(#6859,#6860,
#6861),(#6862,#6863,#6864)),.UNSPECIFIED.,.F.,.F.,.F.)
B_SPLINE_SURFACE_WITH_KNOTS((4,4),(3,3),(-1.75177180163051E-5,0.0020012015341245),
(0.,1.),.PIECEWISE_BEZIER_KNOTS.)
GEOMETRIC_REPRESENTATION_ITEM()
RATIONAL_B_SPLINE_SURFACE(((1.,0.706846472615645,1.),(1.,0.716853850781353,
1.),(1.,0.725898905342009,1.),(1.,0.73330438534921,1.)))
REPRESENTATION_ITEM('')
SURFACE()
);
#286=(
BOUNDED_SURFACE()
B_SPLINE_SURFACE(3,2,((#6865,#6866,#6867),(#6868,#6869,#6870),(#6871,#6872,
#6873),(#6874,#6875,#6876)),.UNSPECIFIED.,.F.,.F.,.F.)
B_SPLINE_SURFACE_WITH_KNOTS((4,4),(3,3),(0.0013513350761687,0.00245282811825318),
(0.,1.),.PIECEWISE_BEZIER_KNOTS.)
GEOMETRIC_REPRESENTATION_ITEM()
RATIONAL_B_SPLINE_SURFACE(((1.,0.671987124322166,1.),(1.,0.669184801425172,
1.),(1.,0.66618840814712,1.),(1.,0.663010451619081,1.)))
REPRESENTATION_ITEM('')
SURFACE()
);
#287=(
BOUNDED_SURFACE()
B_SPLINE_SURFACE(3,2,((#6886,#6887,#6888),(#6889,#6890,#6891),(#6892,#6893,
#6894),(#6895,#6896,#6897)),.UNSPECIFIED.,.F.,.F.,.F.)
B_SPLINE_SURFACE_WITH_KNOTS((4,4),(3,3),(4.33680868994202E-19,0.00530127880932073),
(0.,1.),.PIECEWISE_BEZIER_KNOTS.)
GEOMETRIC_REPRESENTATION_ITEM()
RATIONAL_B_SPLINE_SURFACE(((1.,0.73203323424594,1.),(1.,0.730041153519564,
1.),(1.,0.738153445453869,1.),(1.,0.706549423114882,1.)))
REPRESENTATION_ITEM('')
SURFACE()
);
#288=(
BOUNDED_SURFACE()
B_SPLINE_SURFACE(3,2,((#6899,#6900,#6901),(#6902,#6903,#6904),(#6905,#6906,
#6907),(#6908,#6909,#6910)),.UNSPECIFIED.,.F.,.F.,.F.)
B_SPLINE_SURFACE_WITH_KNOTS((4,4),(3,3),(4.87890977618477E-18,0.00015714348267842),
(0.,1.),.PIECEWISE_BEZIER_KNOTS.)
GEOMETRIC_REPRESENTATION_ITEM()
RATIONAL_B_SPLINE_SURFACE(((1.,0.729432876741535,1.),(1.,0.730308957614489,
1.),(1.,0.731176070364908,1.),(1.,0.73203323424594,1.)))
REPRESENTATION_ITEM('')
SURFACE()
);
#289=(
BOUNDED_SURFACE()
B_SPLINE_SURFACE(3,2,((#6912,#6913,#6914),(#6915,#6916,#6917),(#6918,#6919,
#6920),(#6921,#6922,#6923),(#6924,#6925,#6926),(#6927,#6928,#6929)),
 .UNSPECIFIED.,.F.,.F.,.F.)
B_SPLINE_SURFACE_WITH_KNOTS((4,1,1,4),(3,3),(-8.67361737988404E-18,0.00158183005094972,
0.00316366010189944,0.00632732020379889),(0.,1.),.UNSPECIFIED.)
GEOMETRIC_REPRESENTATION_ITEM()
RATIONAL_B_SPLINE_SURFACE(((1.,0.729432876741534,1.),(1.,0.717148279062955,
1.),(1.,0.696948454873991,1.),(1.,0.677829501731165,1.),(1.,0.690779694679117,
1.),(1.,0.707064585945519,1.)))
REPRESENTATION_ITEM('')
SURFACE()
);
#290=(
BOUNDED_SURFACE()
B_SPLINE_SURFACE(3,2,((#6941,#6942,#6943),(#6944,#6945,#6946),(#6947,#6948,
#6949),(#6950,#6951,#6952)),.UNSPECIFIED.,.F.,.F.,.F.)
B_SPLINE_SURFACE_WITH_KNOTS((4,4),(3,3),(-4.78743021788131E-18,2.77743364075843E-6),
(0.,0.390060780039007),.PIECEWISE_BEZIER_KNOTS.)
GEOMETRIC_REPRESENTATION_ITEM()
RATIONAL_B_SPLINE_SURFACE(((1.,0.885737383892859,0.860613498121817),(1.,
0.885742809244413,0.860620116391206),(1.,0.885748295564335,0.860626809034593),
(1.,0.885753842601489,0.860633575745622)))
REPRESENTATION_ITEM('')
SURFACE()
);
#291=(
BOUNDED_SURFACE()
B_SPLINE_SURFACE(3,2,((#6970,#6971,#6972),(#6973,#6974,#6975),(#6976,#6977,
#6978),(#6979,#6980,#6981)),.UNSPECIFIED.,.F.,.F.,.F.)
B_SPLINE_SURFACE_WITH_KNOTS((4,4),(3,3),(0.00288420982642597,0.00544046033070753),
(0.,1.),.PIECEWISE_BEZIER_KNOTS.)
GEOMETRIC_REPRESENTATION_ITEM()
RATIONAL_B_SPLINE_SURFACE(((1.,0.726708559003503,1.),(1.,0.723903430015946,
1.),(1.,0.721834261033684,1.),(1.,0.706841957753777,1.)))
REPRESENTATION_ITEM('')
SURFACE()
);
#292=(
BOUNDED_SURFACE()
B_SPLINE_SURFACE(3,2,((#6993,#6994,#6995),(#6996,#6997,#6998),(#6999,#7000,
#7001),(#7002,#7003,#7004),(#7005,#7006,#7007)),.UNSPECIFIED.,.F.,.F.,.F.)
B_SPLINE_SURFACE_WITH_KNOTS((4,1,4),(3,3),(0.00818656477736293,0.0100806207576775,
0.011974676737992),(0.,1.),.UNSPECIFIED.)
GEOMETRIC_REPRESENTATION_ITEM()
RATIONAL_B_SPLINE_SURFACE(((1.,0.956924758378039,1.),(1.,0.957116240468825,
1.),(1.,0.959805305334644,1.),(1.,0.961401549305408,1.),(1.,0.961384869131009,
1.)))
REPRESENTATION_ITEM('')
SURFACE()
);
#293=(
BOUNDED_SURFACE()
B_SPLINE_SURFACE(3,2,((#7009,#7010,#7011),(#7012,#7013,#7014),(#7015,#7016,
#7017),(#7018,#7019,#7020)),.UNSPECIFIED.,.F.,.F.,.F.)
B_SPLINE_SURFACE_WITH_KNOTS((4,4),(3,3),(1.14925430283463E-17,0.00121375200747409),
(0.,1.),.PIECEWISE_BEZIER_KNOTS.)
GEOMETRIC_REPRESENTATION_ITEM()
RATIONAL_B_SPLINE_SURFACE(((1.,0.95531241127135,1.),(1.,0.955471581539804,
1.),(1.,0.956010867445854,1.),(1.,0.956924758378039,1.)))
REPRESENTATION_ITEM('')
SURFACE()
);
#294=(
BOUNDED_SURFACE()
B_SPLINE_SURFACE(3,2,((#7022,#7023,#7024),(#7025,#7026,#7027),(#7028,#7029,
#7030),(#7031,#7032,#7033)),.UNSPECIFIED.,.F.,.F.,.F.)
B_SPLINE_SURFACE_WITH_KNOTS((4,4),(3,3),(-2.62241400469931E-18,2.36198680363654E-5),
(0.,1.),.PIECEWISE_BEZIER_KNOTS.)
GEOMETRIC_REPRESENTATION_ITEM()
RATIONAL_B_SPLINE_SURFACE(((1.,0.955303666388122,1.),(1.,0.955306437514523,
1.),(1.,0.955309352475847,1.),(1.,0.95531241127135,1.)))
REPRESENTATION_ITEM('')
SURFACE()
);
#295=(
BOUNDED_SURFACE()
B_SPLINE_SURFACE(3,2,((#7035,#7036,#7037),(#7038,#7039,#7040),(#7041,#7042,
#7043),(#7044,#7045,#7046),(#7047,#7048,#7049)),.UNSPECIFIED.,.F.,.F.,.F.)
B_SPLINE_SURFACE_WITH_KNOTS((4,1,4),(3,3),(0.0046748186701199,0.00748792478945637,
0.0103010309087928),(0.,1.),.UNSPECIFIED.)
GEOMETRIC_REPRESENTATION_ITEM()
RATIONAL_B_SPLINE_SURFACE(((1.,0.955303666388122,1.),(1.,0.954775174527976,
1.),(1.,0.924261985071878,1.),(1.,0.867564180367291,1.),(1.,0.845829343401147,
1.)))
REPRESENTATION_ITEM('')
SURFACE()
);
#296=(
BOUNDED_SURFACE()
B_SPLINE_SURFACE(3,2,((#7051,#7052,#7053),(#7054,#7055,#7056),(#7057,#7058,
#7059),(#7060,#7061,#7062)),.UNSPECIFIED.,.F.,.F.,.F.)
B_SPLINE_SURFACE_WITH_KNOTS((4,4),(3,3),(-3.33934269125535E-17,0.00250479605455968),
(0.,1.),.PIECEWISE_BEZIER_KNOTS.)
GEOMETRIC_REPRESENTATION_ITEM()
RATIONAL_B_SPLINE_SURFACE(((1.,0.794553405191673,1.),(1.,0.813975533530209,
1.),(1.,0.83119085151931,1.),(1.,0.845829343401145,1.)))
REPRESENTATION_ITEM('')
SURFACE()
);
#297=(
BOUNDED_SURFACE()
B_SPLINE_SURFACE(3,2,((#7064,#7065,#7066),(#7067,#7068,#7069),(#7070,#7071,
#7072),(#7073,#7074,#7075)),.UNSPECIFIED.,.F.,.F.,.F.)
B_SPLINE_SURFACE_WITH_KNOTS((4,4),(3,3),(0.00107626157059487,0.00151808300427459),
(0.,1.),.PIECEWISE_BEZIER_KNOTS.)
GEOMETRIC_REPRESENTATION_ITEM()
RATIONAL_B_SPLINE_SURFACE(((1.,0.934756922152732,1.),(1.,0.937258556269513,
1.),(1.,0.939255884280065,1.),(1.,0.940694034510682,1.)))
REPRESENTATION_ITEM('')
SURFACE()
);
#298=(
BOUNDED_SURFACE()
B_SPLINE_SURFACE(3,2,((#7082,#7083,#7084),(#7085,#7086,#7087),(#7088,#7089,
#7090),(#7091,#7092,#7093),(#7094,#7095,#7096),(#7097,#7098,#7099),(#7100,
#7101,#7102),(#7103,#7104,#7105),(#7106,#7107,#7108),(#7109,#7110,#7111),
(#7112,#7113,#7114)),.UNSPECIFIED.,.F.,.F.,.F.)
B_SPLINE_SURFACE_WITH_KNOTS((4,1,1,1,1,1,1,1,4),(3,3),(0.00259009133205179,
0.00407342800494962,0.00555676467784745,0.00704010135074528,0.00852343802364311,
0.0100067746965409,0.0114901113694388,0.0129734480423366,0.0144567847152344),
(0.,1.),.UNSPECIFIED.)
GEOMETRIC_REPRESENTATION_ITEM()
RATIONAL_B_SPLINE_SURFACE(((1.,0.794553405191668,1.),(1.,0.804310635301915,
1.),(1.,0.825423736770155,1.),(1.,0.860281214083785,1.),(1.,0.892658266274879,
1.),(1.,0.904898483634885,1.),(1.,0.885217346089427,1.),(1.,0.851230008626261,
1.),(1.,0.81693467141929,1.),(1.,0.796620728212751,1.),(1.,0.787282669431512,
1.)))
REPRESENTATION_ITEM('')
SURFACE()
);
#299=(
BOUNDED_SURFACE()
B_SPLINE_SURFACE(3,2,((#7120,#7121,#7122),(#7123,#7124,#7125),(#7126,#7127,
#7128),(#7129,#7130,#7131),(#7132,#7133,#7134)),.UNSPECIFIED.,.F.,.F.,.F.)
B_SPLINE_SURFACE_WITH_KNOTS((4,1,4),(3,3),(4.2934406030426E-17,0.00190141090284418,
0.00380282180568831),(0.,1.),.UNSPECIFIED.)
GEOMETRIC_REPRESENTATION_ITEM()
RATIONAL_B_SPLINE_SURFACE(((1.,0.940694034510676,1.),(1.,0.955114195958083,
1.),(1.,0.987528107050716,1.),(1.,1.00000000018387,1.),(1.,1.,1.)))
REPRESENTATION_ITEM('')
SURFACE()
);
#300=(
BOUNDED_SURFACE()
B_SPLINE_SURFACE(3,2,((#7140,#7141,#7142),(#7143,#7144,#7145),(#7146,#7147,
#7148),(#7149,#7150,#7151)),.UNSPECIFIED.,.F.,.F.,.F.)
B_SPLINE_SURFACE_WITH_KNOTS((4,4),(3,3),(0.000506747342074461,0.000546785951388609),
(0.,1.),.PIECEWISE_BEZIER_KNOTS.)
GEOMETRIC_REPRESENTATION_ITEM()
RATIONAL_B_SPLINE_SURFACE(((1.,0.985100542623578,1.),(1.,0.985156415826417,
1.),(1.,0.985206196444234,1.),(1.,0.985249938036517,1.)))
REPRESENTATION_ITEM('')
SURFACE()
);
#301=(
BOUNDED_SURFACE()
B_SPLINE_SURFACE(3,2,((#7158,#7159,#7160),(#7161,#7162,#7163),(#7164,#7165,
#7166),(#7167,#7168,#7169)),.UNSPECIFIED.,.F.,.F.,.F.)
B_SPLINE_SURFACE_WITH_KNOTS((4,4),(3,3),(0.0213211620893743,0.0242756114571479),
(0.,1.),.PIECEWISE_BEZIER_KNOTS.)
GEOMETRIC_REPRESENTATION_ITEM()
RATIONAL_B_SPLINE_SURFACE(((1.,0.843279739977329,1.),(1.,0.856145961684782,
1.),(1.,0.861826102361671,1.),(1.,0.856456369493908,1.)))
REPRESENTATION_ITEM('')
SURFACE()
);
#302=(
BOUNDED_SURFACE()
B_SPLINE_SURFACE(3,2,((#7175,#7176,#7177),(#7178,#7179,#7180),(#7181,#7182,
#7183),(#7184,#7185,#7186),(#7187,#7188,#7189)),.UNSPECIFIED.,.F.,.F.,.F.)
B_SPLINE_SURFACE_WITH_KNOTS((4,1,4),(3,3),(5.91974386177085E-17,0.00182755201851223,
0.0036551040370244),(0.,1.),.UNSPECIFIED.)
GEOMETRIC_REPRESENTATION_ITEM()
RATIONAL_B_SPLINE_SURFACE(((1.,0.985249938036517,1.),(1.,0.989308911995768,
1.),(1.,0.997339017731559,1.),(1.,1.00000000007727,1.),(1.,1.,1.)))
REPRESENTATION_ITEM('')
SURFACE()
);
#303=(
BOUNDED_SURFACE()
B_SPLINE_SURFACE(3,2,((#7195,#7196,#7197),(#7198,#7199,#7200),(#7201,#7202,
#7203),(#7204,#7205,#7206)),.UNSPECIFIED.,.F.,.F.,.F.)
B_SPLINE_SURFACE_WITH_KNOTS((4,4),(3,3),(4.33680868994202E-18,0.00299308475401285),
(0.,1.),.PIECEWISE_BEZIER_KNOTS.)
GEOMETRIC_REPRESENTATION_ITEM()
RATIONAL_B_SPLINE_SURFACE(((1.,0.845214225675474,1.),(1.,0.855921909962801,
1.),(1.,0.857848455853472,1.),(1.,0.849947500362365,1.)))
REPRESENTATION_ITEM('')
SURFACE()
);
#304=(
BOUNDED_SURFACE()
B_SPLINE_SURFACE(3,2,((#7208,#7209,#7210),(#7211,#7212,#7213),(#7214,#7215,
#7216),(#7217,#7218,#7219)),.UNSPECIFIED.,.F.,.F.,.F.)
B_SPLINE_SURFACE_WITH_KNOTS((4,4),(3,3),(0.000744152486639768,0.00148765075161025),
(0.,1.),.PIECEWISE_BEZIER_KNOTS.)
GEOMETRIC_REPRESENTATION_ITEM()
RATIONAL_B_SPLINE_SURFACE(((1.,0.847543666248045,1.),(1.,0.847543666129461,
1.),(1.,0.846830496318923,1.),(1.,0.845214225675473,1.)))
REPRESENTATION_ITEM('')
SURFACE()
);
#305=(
BOUNDED_SURFACE()
B_SPLINE_SURFACE(3,2,((#7283,#7284,#7285),(#7286,#7287,#7288),(#7289,#7290,
#7291),(#7292,#7293,#7294)),.UNSPECIFIED.,.F.,.F.,.F.)
B_SPLINE_SURFACE_WITH_KNOTS((4,4),(3,3),(0.0075875935010569,0.00861181671165226),
(0.,1.),.PIECEWISE_BEZIER_KNOTS.)
GEOMETRIC_REPRESENTATION_ITEM()
RATIONAL_B_SPLINE_SURFACE(((1.,0.690215404301126,1.),(1.,0.670735070241244,
1.),(1.,0.6466716704399,1.),(1.,0.624549289469207,1.)))
REPRESENTATION_ITEM('')
SURFACE()
);
#306=(
BOUNDED_SURFACE()
B_SPLINE_SURFACE(3,2,((#7305,#7306,#7307),(#7308,#7309,#7310),(#7311,#7312,
#7313),(#7314,#7315,#7316)),.UNSPECIFIED.,.F.,.F.,.F.)
B_SPLINE_SURFACE_WITH_KNOTS((4,4),(3,3),(0.000119663488729875,0.000123705716227075),
(0.,1.),.PIECEWISE_BEZIER_KNOTS.)
GEOMETRIC_REPRESENTATION_ITEM()
RATIONAL_B_SPLINE_SURFACE(((1.,0.990067712713269,1.),(1.,0.990068169718892,
1.),(1.,0.990067802977932,1.),(1.,0.990066618498371,1.)))
REPRESENTATION_ITEM('')
SURFACE()
);
#307=(
BOUNDED_SURFACE()
B_SPLINE_SURFACE(3,2,((#7318,#7319,#7320),(#7321,#7322,#7323),(#7324,#7325,
#7326),(#7327,#7328,#7329),(#7330,#7331,#7332)),.UNSPECIFIED.,.F.,.F.,.F.)
B_SPLINE_SURFACE_WITH_KNOTS((4,1,4),(3,3),(-1.78893358460108E-18,0.000983870381830875,
0.00196774076366175),(0.,1.),.UNSPECIFIED.)
GEOMETRIC_REPRESENTATION_ITEM()
RATIONAL_B_SPLINE_SURFACE(((1.,0.990066618498187,1.),(1.,0.989039100814708,
1.),(1.,0.991683558615109,1.),(1.,0.999999994931051,1.),(1.,1.,1.)))
REPRESENTATION_ITEM('')
SURFACE()
);
#308=(
BOUNDED_SURFACE()
B_SPLINE_SURFACE(3,2,((#7344,#7345,#7346),(#7347,#7348,#7349),(#7350,#7351,
#7352),(#7353,#7354,#7355),(#7356,#7357,#7358),(#7359,#7360,#7361),(#7362,
#7363,#7364),(#7365,#7366,#7367)),.UNSPECIFIED.,.F.,.F.,.F.)
B_SPLINE_SURFACE_WITH_KNOTS((4,1,1,1,1,4),(3,3),(-3.40764742812194E-16,
0.000294793703139012,0.000589587406278365,0.00117917481255707,0.00176876221883578,
0.00235834962511448),(0.,1.),.UNSPECIFIED.)
GEOMETRIC_REPRESENTATION_ITEM()
RATIONAL_B_SPLINE_SURFACE(((1.,0.626665773034156,1.),(1.,0.626665817500814,
1.),(1.,0.629321336985125,1.),(1.,0.634436124885503,1.),(1.,0.639308612822128,
1.),(1.,0.6397611795392,1.),(1.,0.636470995941825,1.),(1.,0.634219226413741,
1.)))
REPRESENTATION_ITEM('')
SURFACE()
);
#309=(
BOUNDED_SURFACE()
B_SPLINE_SURFACE(3,2,((#7373,#7374,#7375),(#7376,#7377,#7378),(#7379,#7380,
#7381),(#7382,#7383,#7384),(#7385,#7386,#7387),(#7388,#7389,#7390),(#7391,
#7392,#7393),(#7394,#7395,#7396),(#7397,#7398,#7399),(#7400,#7401,#7402),
(#7403,#7404,#7405),(#7406,#7407,#7408),(#7409,#7410,#7411),(#7412,#7413,
#7414),(#7415,#7416,#7417),(#7418,#7419,#7420),(#7421,#7422,#7423),(#7424,
#7425,#7426),(#7427,#7428,#7429)),.UNSPECIFIED.,.F.,.F.,.F.)
B_SPLINE_SURFACE_WITH_KNOTS((4,1,1,1,1,1,1,1,1,1,1,1,1,1,1,1,4),(3,3),(-2.38524477946811E-18,
6.75091751231213E-6,1.35018350246266E-5,2.70036700492557E-5,4.05055050738847E-5,
5.40073400985137E-5,8.10110101477717E-5,0.00010801468019703,0.000162022020295546,
0.000216029360394062,0.000270036700492578,0.000324044040591094,0.000432058720788126,
0.000540073400985158,0.000648088081182191,0.000756102761379223,0.000864117441576255),
(0.,1.),.UNSPECIFIED.)
GEOMETRIC_REPRESENTATION_ITEM()
RATIONAL_B_SPLINE_SURFACE(((1.,0.634417744963941,1.),(1.,0.633887324192355,
1.),(1.,0.633706231330774,1.),(1.,0.633076401797148,1.),(1.,0.632636249970166,
1.),(1.,0.632162536133027,1.),(1.,0.631668816856231,1.),(1.,0.631191019447274,
1.),(1.,0.630586656284158,1.),(1.,0.630130333809669,1.),(1.,0.629791123495527,
1.),(1.,0.629555724391844,1.),(1.,0.629363534303152,1.),(1.,0.629253221322799,
1.),(1.,0.629309933283668,1.),(1.,0.629355111114684,1.),(1.,0.62959685950632,
1.),(1.,0.629880217460019,1.),(1.,0.629984363036339,1.)))
REPRESENTATION_ITEM('')
SURFACE()
);
#310=(
BOUNDED_SURFACE()
B_SPLINE_SURFACE(3,2,((#7435,#7436,#7437),(#7438,#7439,#7440),(#7441,#7442,
#7443),(#7444,#7445,#7446)),.UNSPECIFIED.,.F.,.F.,.F.)
B_SPLINE_SURFACE_WITH_KNOTS((4,4),(3,3),(-1.24683249835833E-17,0.000221085420276055),
(0.,1.),.PIECEWISE_BEZIER_KNOTS.)
GEOMETRIC_REPRESENTATION_ITEM()
RATIONAL_B_SPLINE_SURFACE(((1.,0.629938532497119,1.),(1.,0.630014092941797,
1.),(1.,0.630017089487437,1.),(1.,0.629947345844741,1.)))
REPRESENTATION_ITEM('')
SURFACE()
);
#311=(
BOUNDED_SURFACE()
B_SPLINE_SURFACE(3,2,((#7452,#7453,#7454),(#7455,#7456,#7457),(#7458,#7459,
#7460),(#7461,#7462,#7463),(#7464,#7465,#7466),(#7467,#7468,#7469),(#7470,
#7471,#7472)),.UNSPECIFIED.,.F.,.F.,.F.)
B_SPLINE_SURFACE_WITH_KNOTS((4,1,1,1,4),(3,3),(-3.46944695195361E-18,0.000374993980150248,
0.0007499879603005,0.00112498194045075,0.001499975920601),(0.,1.),
 .UNSPECIFIED.)
GEOMETRIC_REPRESENTATION_ITEM()
RATIONAL_B_SPLINE_SURFACE(((1.,0.629993173279043,1.),(1.,0.629816931832141,
1.),(1.,0.629765626547635,1.),(1.,0.630080272381407,1.),(1.,0.629148725534838,
1.),(1.,0.629797087851816,1.),(1.,0.629560616536182,1.)))
REPRESENTATION_ITEM('')
SURFACE()
);
#312=(
BOUNDED_SURFACE()
B_SPLINE_SURFACE(3,2,((#7478,#7479,#7480),(#7481,#7482,#7483),(#7484,#7485,
#7486),(#7487,#7488,#7489)),.UNSPECIFIED.,.F.,.F.,.F.)
B_SPLINE_SURFACE_WITH_KNOTS((4,4),(3,3),(-7.04731412115578E-19,0.000103329494534273),
(0.,1.),.PIECEWISE_BEZIER_KNOTS.)
GEOMETRIC_REPRESENTATION_ITEM()
RATIONAL_B_SPLINE_SURFACE(((1.,0.629514322422532,1.),(1.,0.629457683536022,
1.),(1.,0.629423244715313,1.),(1.,0.629409137877382,1.)))
REPRESENTATION_ITEM('')
SURFACE()
);
#313=LINE('',#2352,#365);
#314=LINE('',#2356,#366);
#315=LINE('',#2360,#367);
#316=LINE('',#2736,#368);
#317=LINE('',#2744,#369);
#318=LINE('',#2754,#370);
#319=LINE('',#2758,#371);
#320=LINE('',#2760,#372);
#321=LINE('',#2762,#373);
#322=LINE('',#2766,#374);
#323=LINE('',#2770,#375);
#324=LINE('',#2795,#376);
#325=LINE('',#2797,#377);
#326=LINE('',#2798,#378);
#327=LINE('',#5472,#379);
#328=LINE('',#5480,#380);
#329=LINE('',#5487,#381);
#330=LINE('',#5490,#382);
#331=LINE('',#6144,#383);
#332=LINE('',#6155,#384);
#333=LINE('',#6156,#385);
#334=LINE('',#6164,#386);
#335=LINE('',#6183,#387);
#336=LINE('',#6190,#388);
#337=LINE('',#6198,#389);
#338=LINE('',#6205,#390);
#339=LINE('',#6217,#391);
#340=LINE('',#6226,#392);
#341=LINE('',#6243,#393);
#342=LINE('',#6252,#394);
#343=LINE('',#6274,#395);
#344=LINE('',#6292,#396);
#345=LINE('',#6311,#397);
#346=LINE('',#6323,#398);
#347=LINE('',#6331,#399);
#348=LINE('',#6334,#400);
#349=LINE('',#6776,#401);
#350=LINE('',#6778,#402);
#351=LINE('',#6779,#403);
#352=LINE('',#6793,#404);
#353=LINE('',#7222,#405);
#354=LINE('',#7225,#406);
#355=LINE('',#7235,#407);
#356=LINE('',#7237,#408);
#357=LINE('',#7239,#409);
#358=LINE('',#7241,#410);
#359=LINE('',#7242,#411);
#360=LINE('',#7277,#412);
#361=LINE('',#7278,#413);
#362=LINE('',#7280,#414);
#363=LINE('',#7281,#415);
#364=LINE('',#7491,#416);
#365=VECTOR('',#2081,1.);
#366=VECTOR('',#2084,1.);
#367=VECTOR('',#2087,1.);
#368=VECTOR('',#2120,1.);
#369=VECTOR('',#2123,1.);
#370=VECTOR('',#2128,1.);
#371=VECTOR('',#2131,1.);
#372=VECTOR('',#2134,1.);
#373=VECTOR('',#2135,1.);
#374=VECTOR('',#2140,1.);
#375=VECTOR('',#2143,1.);
#376=VECTOR('',#2152,1.);
#377=VECTOR('',#2153,1.);
#378=VECTOR('',#2154,1.);
#379=VECTOR('',#2163,1.);
#380=VECTOR('',#2164,1.);
#381=VECTOR('',#2167,1.);
#382=VECTOR('',#2168,1.);
#383=VECTOR('',#2171,1.);
#384=VECTOR('',#2178,1.);
#385=VECTOR('',#2179,1.);
#386=VECTOR('',#2182,1.);
#387=VECTOR('',#2185,1.);
#388=VECTOR('',#2186,1.);
#389=VECTOR('',#2189,1.);
#390=VECTOR('',#2190,1.);
#391=VECTOR('',#2193,1.);
#392=VECTOR('',#2198,1.);
#393=VECTOR('',#2201,1.);
#394=VECTOR('',#2206,1.);
#395=VECTOR('',#2209,1.);
#396=VECTOR('',#2212,1.);
#397=VECTOR('',#2215,1.);
#398=VECTOR('',#2218,1.);
#399=VECTOR('',#2221,1.);
#400=VECTOR('',#2222,1.);
#401=VECTOR('',#2247,1.);
#402=VECTOR('',#2250,1.);
#403=VECTOR('',#2251,1.);
#404=VECTOR('',#2262,1.);
#405=VECTOR('',#2309,1.);
#406=VECTOR('',#2314,1.);
#407=VECTOR('',#2319,1.);
#408=VECTOR('',#2320,1.);
#409=VECTOR('',#2321,1.);
#410=VECTOR('',#2324,1.);
#411=VECTOR('',#2325,1.);
#412=VECTOR('',#2330,1.);
#413=VECTOR('',#2331,1.);
#414=VECTOR('',#2332,1.);
#415=VECTOR('',#2333,1.);
#416=VECTOR('',#2342,1.);
#417=ORIENTED_EDGE('',*,*,#1027,.T.);
#418=ORIENTED_EDGE('',*,*,#1028,.T.);
#419=ORIENTED_EDGE('',*,*,#1029,.T.);
#420=ORIENTED_EDGE('',*,*,#1030,.F.);
#421=ORIENTED_EDGE('',*,*,#1031,.T.);
#422=ORIENTED_EDGE('',*,*,#1032,.T.);
#423=ORIENTED_EDGE('',*,*,#1033,.F.);
#424=ORIENTED_EDGE('',*,*,#1034,.T.);
#425=ORIENTED_EDGE('',*,*,#1035,.T.);
#426=ORIENTED_EDGE('',*,*,#1036,.F.);
#427=ORIENTED_EDGE('',*,*,#1037,.F.);
#428=ORIENTED_EDGE('',*,*,#1038,.T.);
#429=ORIENTED_EDGE('',*,*,#1039,.F.);
#430=ORIENTED_EDGE('',*,*,#1040,.F.);
#431=ORIENTED_EDGE('',*,*,#1041,.F.);
#432=ORIENTED_EDGE('',*,*,#1042,.F.);
#433=ORIENTED_EDGE('',*,*,#1043,.F.);
#434=ORIENTED_EDGE('',*,*,#1037,.T.);
#435=ORIENTED_EDGE('',*,*,#1044,.T.);
#436=ORIENTED_EDGE('',*,*,#1045,.T.);
#437=ORIENTED_EDGE('',*,*,#1046,.T.);
#438=ORIENTED_EDGE('',*,*,#1047,.T.);
#439=ORIENTED_EDGE('',*,*,#1048,.T.);
#440=ORIENTED_EDGE('',*,*,#1049,.T.);
#441=ORIENTED_EDGE('',*,*,#1050,.T.);
#442=ORIENTED_EDGE('',*,*,#1051,.T.);
#443=ORIENTED_EDGE('',*,*,#1052,.T.);
#444=ORIENTED_EDGE('',*,*,#1053,.T.);
#445=ORIENTED_EDGE('',*,*,#1054,.T.);
#446=ORIENTED_EDGE('',*,*,#1055,.T.);
#447=ORIENTED_EDGE('',*,*,#1056,.F.);
#448=ORIENTED_EDGE('',*,*,#1057,.T.);
#449=ORIENTED_EDGE('',*,*,#1058,.T.);
#450=ORIENTED_EDGE('',*,*,#1039,.T.);
#451=ORIENTED_EDGE('',*,*,#1059,.F.);
#452=ORIENTED_EDGE('',*,*,#1060,.F.);
#453=ORIENTED_EDGE('',*,*,#1053,.F.);
#454=ORIENTED_EDGE('',*,*,#1061,.T.);
#455=ORIENTED_EDGE('',*,*,#1062,.F.);
#456=ORIENTED_EDGE('',*,*,#1063,.T.);
#457=ORIENTED_EDGE('',*,*,#1064,.F.);
#458=ORIENTED_EDGE('',*,*,#1065,.F.);
#459=ORIENTED_EDGE('',*,*,#1066,.F.);
#460=ORIENTED_EDGE('',*,*,#1067,.F.);
#461=ORIENTED_EDGE('',*,*,#1068,.F.);
#462=ORIENTED_EDGE('',*,*,#1069,.T.);
#463=ORIENTED_EDGE('',*,*,#1054,.F.);
#464=ORIENTED_EDGE('',*,*,#1060,.T.);
#465=ORIENTED_EDGE('',*,*,#1070,.F.);
#466=ORIENTED_EDGE('',*,*,#1064,.T.);
#467=ORIENTED_EDGE('',*,*,#1071,.T.);
#468=ORIENTED_EDGE('',*,*,#1072,.F.);
#469=ORIENTED_EDGE('',*,*,#1073,.T.);
#470=ORIENTED_EDGE('',*,*,#1074,.T.);
#471=ORIENTED_EDGE('',*,*,#1075,.T.);
#472=ORIENTED_EDGE('',*,*,#1069,.F.);
#473=ORIENTED_EDGE('',*,*,#1076,.T.);
#474=ORIENTED_EDGE('',*,*,#1077,.T.);
#475=ORIENTED_EDGE('',*,*,#1078,.T.);
#476=ORIENTED_EDGE('',*,*,#1079,.T.);
#477=ORIENTED_EDGE('',*,*,#1075,.F.);
#478=ORIENTED_EDGE('',*,*,#1080,.F.);
#479=ORIENTED_EDGE('',*,*,#1081,.F.);
#480=ORIENTED_EDGE('',*,*,#1082,.T.);
#481=ORIENTED_EDGE('',*,*,#1083,.F.);
#482=ORIENTED_EDGE('',*,*,#1055,.F.);
#483=ORIENTED_EDGE('',*,*,#1077,.F.);
#484=ORIENTED_EDGE('',*,*,#1084,.F.);
#485=ORIENTED_EDGE('',*,*,#1078,.F.);
#486=ORIENTED_EDGE('',*,*,#1085,.F.);
#487=ORIENTED_EDGE('',*,*,#1057,.F.);
#488=ORIENTED_EDGE('',*,*,#1086,.F.);
#489=ORIENTED_EDGE('',*,*,#1087,.F.);
#490=ORIENTED_EDGE('',*,*,#1088,.T.);
#491=ORIENTED_EDGE('',*,*,#1034,.F.);
#492=ORIENTED_EDGE('',*,*,#1089,.F.);
#493=ORIENTED_EDGE('',*,*,#1090,.T.);
#494=ORIENTED_EDGE('',*,*,#1087,.T.);
#495=ORIENTED_EDGE('',*,*,#1091,.T.);
#496=ORIENTED_EDGE('',*,*,#1092,.T.);
#497=ORIENTED_EDGE('',*,*,#1093,.F.);
#498=ORIENTED_EDGE('',*,*,#1094,.T.);
#499=ORIENTED_EDGE('',*,*,#1095,.F.);
#500=ORIENTED_EDGE('',*,*,#1091,.F.);
#501=ORIENTED_EDGE('',*,*,#1096,.F.);
#502=ORIENTED_EDGE('',*,*,#1097,.T.);
#503=ORIENTED_EDGE('',*,*,#1098,.F.);
#504=ORIENTED_EDGE('',*,*,#1099,.T.);
#505=ORIENTED_EDGE('',*,*,#1100,.F.);
#506=ORIENTED_EDGE('',*,*,#1029,.F.);
#507=ORIENTED_EDGE('',*,*,#1101,.T.);
#508=ORIENTED_EDGE('',*,*,#1102,.T.);
#509=ORIENTED_EDGE('',*,*,#1103,.T.);
#510=ORIENTED_EDGE('',*,*,#1097,.F.);
#511=ORIENTED_EDGE('',*,*,#1104,.F.);
#512=ORIENTED_EDGE('',*,*,#1105,.F.);
#513=ORIENTED_EDGE('',*,*,#1099,.F.);
#514=ORIENTED_EDGE('',*,*,#1106,.T.);
#515=ORIENTED_EDGE('',*,*,#1030,.T.);
#516=ORIENTED_EDGE('',*,*,#1100,.T.);
#517=ORIENTED_EDGE('',*,*,#1105,.T.);
#518=ORIENTED_EDGE('',*,*,#1107,.T.);
#519=ORIENTED_EDGE('',*,*,#1108,.T.);
#520=ORIENTED_EDGE('',*,*,#1032,.F.);
#521=ORIENTED_EDGE('',*,*,#1109,.T.);
#522=ORIENTED_EDGE('',*,*,#1110,.F.);
#523=ORIENTED_EDGE('',*,*,#1111,.T.);
#524=ORIENTED_EDGE('',*,*,#1112,.T.);
#525=ORIENTED_EDGE('',*,*,#1046,.F.);
#526=ORIENTED_EDGE('',*,*,#1112,.F.);
#527=ORIENTED_EDGE('',*,*,#1113,.T.);
#528=ORIENTED_EDGE('',*,*,#1114,.T.);
#529=ORIENTED_EDGE('',*,*,#1047,.F.);
#530=ORIENTED_EDGE('',*,*,#1114,.F.);
#531=ORIENTED_EDGE('',*,*,#1115,.T.);
#532=ORIENTED_EDGE('',*,*,#1116,.F.);
#533=ORIENTED_EDGE('',*,*,#1048,.F.);
#534=ORIENTED_EDGE('',*,*,#1117,.T.);
#535=ORIENTED_EDGE('',*,*,#1118,.T.);
#536=ORIENTED_EDGE('',*,*,#1119,.T.);
#537=ORIENTED_EDGE('',*,*,#1120,.F.);
#538=ORIENTED_EDGE('',*,*,#1044,.F.);
#539=ORIENTED_EDGE('',*,*,#1120,.T.);
#540=ORIENTED_EDGE('',*,*,#1121,.T.);
#541=ORIENTED_EDGE('',*,*,#1110,.T.);
#542=ORIENTED_EDGE('',*,*,#1045,.F.);
#543=ORIENTED_EDGE('',*,*,#1036,.T.);
#544=ORIENTED_EDGE('',*,*,#1122,.T.);
#545=ORIENTED_EDGE('',*,*,#1117,.F.);
#546=ORIENTED_EDGE('',*,*,#1123,.F.);
#547=ORIENTED_EDGE('',*,*,#1124,.F.);
#548=ORIENTED_EDGE('',*,*,#1051,.F.);
#549=ORIENTED_EDGE('',*,*,#1125,.T.);
#550=ORIENTED_EDGE('',*,*,#1126,.F.);
#551=ORIENTED_EDGE('',*,*,#1125,.F.);
#552=ORIENTED_EDGE('',*,*,#1050,.F.);
#553=ORIENTED_EDGE('',*,*,#1127,.T.);
#554=ORIENTED_EDGE('',*,*,#1128,.T.);
#555=ORIENTED_EDGE('',*,*,#1129,.F.);
#556=ORIENTED_EDGE('',*,*,#1130,.T.);
#557=ORIENTED_EDGE('',*,*,#1131,.T.);
#558=ORIENTED_EDGE('',*,*,#1132,.F.);
#559=ORIENTED_EDGE('',*,*,#1133,.F.);
#560=ORIENTED_EDGE('',*,*,#1061,.F.);
#561=ORIENTED_EDGE('',*,*,#1052,.F.);
#562=ORIENTED_EDGE('',*,*,#1124,.T.);
#563=ORIENTED_EDGE('',*,*,#1134,.F.);
#564=ORIENTED_EDGE('',*,*,#1135,.F.);
#565=ORIENTED_EDGE('',*,*,#1136,.F.);
#566=ORIENTED_EDGE('',*,*,#1137,.T.);
#567=ORIENTED_EDGE('',*,*,#1138,.T.);
#568=ORIENTED_EDGE('',*,*,#1139,.T.);
#569=ORIENTED_EDGE('',*,*,#1140,.T.);
#570=ORIENTED_EDGE('',*,*,#1141,.T.);
#571=ORIENTED_EDGE('',*,*,#1142,.T.);
#572=ORIENTED_EDGE('',*,*,#1143,.T.);
#573=ORIENTED_EDGE('',*,*,#1144,.T.);
#574=ORIENTED_EDGE('',*,*,#1145,.T.);
#575=ORIENTED_EDGE('',*,*,#1146,.T.);
#576=ORIENTED_EDGE('',*,*,#1147,.T.);
#577=ORIENTED_EDGE('',*,*,#1148,.T.);
#578=ORIENTED_EDGE('',*,*,#1133,.T.);
#579=ORIENTED_EDGE('',*,*,#1149,.T.);
#580=ORIENTED_EDGE('',*,*,#1139,.F.);
#581=ORIENTED_EDGE('',*,*,#1150,.T.);
#582=ORIENTED_EDGE('',*,*,#1151,.T.);
#583=ORIENTED_EDGE('',*,*,#1152,.T.);
#584=ORIENTED_EDGE('',*,*,#1153,.T.);
#585=ORIENTED_EDGE('',*,*,#1062,.T.);
#586=ORIENTED_EDGE('',*,*,#1137,.F.);
#587=ORIENTED_EDGE('',*,*,#1154,.T.);
#588=ORIENTED_EDGE('',*,*,#1148,.F.);
#589=ORIENTED_EDGE('',*,*,#1155,.F.);
#590=ORIENTED_EDGE('',*,*,#1156,.T.);
#591=ORIENTED_EDGE('',*,*,#1157,.T.);
#592=ORIENTED_EDGE('',*,*,#1158,.F.);
#593=ORIENTED_EDGE('',*,*,#1159,.T.);
#594=ORIENTED_EDGE('',*,*,#1160,.T.);
#595=ORIENTED_EDGE('',*,*,#1161,.T.);
#596=ORIENTED_EDGE('',*,*,#1156,.F.);
#597=ORIENTED_EDGE('',*,*,#1162,.T.);
#598=ORIENTED_EDGE('',*,*,#1163,.F.);
#599=ORIENTED_EDGE('',*,*,#1164,.T.);
#600=ORIENTED_EDGE('',*,*,#1165,.T.);
#601=ORIENTED_EDGE('',*,*,#1160,.F.);
#602=ORIENTED_EDGE('',*,*,#1166,.T.);
#603=ORIENTED_EDGE('',*,*,#1072,.T.);
#604=ORIENTED_EDGE('',*,*,#1167,.T.);
#605=ORIENTED_EDGE('',*,*,#1168,.T.);
#606=ORIENTED_EDGE('',*,*,#1042,.T.);
#607=ORIENTED_EDGE('',*,*,#1109,.F.);
#608=ORIENTED_EDGE('',*,*,#1031,.F.);
#609=ORIENTED_EDGE('',*,*,#1169,.T.);
#610=ORIENTED_EDGE('',*,*,#1170,.T.);
#611=ORIENTED_EDGE('',*,*,#1081,.T.);
#612=ORIENTED_EDGE('',*,*,#1171,.F.);
#613=ORIENTED_EDGE('',*,*,#1171,.T.);
#614=ORIENTED_EDGE('',*,*,#1172,.T.);
#615=ORIENTED_EDGE('',*,*,#1173,.T.);
#616=ORIENTED_EDGE('',*,*,#1174,.T.);
#617=ORIENTED_EDGE('',*,*,#1175,.T.);
#618=ORIENTED_EDGE('',*,*,#1176,.T.);
#619=ORIENTED_EDGE('',*,*,#1177,.T.);
#620=ORIENTED_EDGE('',*,*,#1178,.T.);
#621=ORIENTED_EDGE('',*,*,#1179,.T.);
#622=ORIENTED_EDGE('',*,*,#1180,.T.);
#623=ORIENTED_EDGE('',*,*,#1181,.T.);
#624=ORIENTED_EDGE('',*,*,#1182,.T.);
#625=ORIENTED_EDGE('',*,*,#1183,.F.);
#626=ORIENTED_EDGE('',*,*,#1184,.T.);
#627=ORIENTED_EDGE('',*,*,#1185,.T.);
#628=ORIENTED_EDGE('',*,*,#1186,.F.);
#629=ORIENTED_EDGE('',*,*,#1187,.T.);
#630=ORIENTED_EDGE('',*,*,#1183,.T.);
#631=ORIENTED_EDGE('',*,*,#1186,.T.);
#632=ORIENTED_EDGE('',*,*,#1188,.T.);
#633=ORIENTED_EDGE('',*,*,#1189,.F.);
#634=ORIENTED_EDGE('',*,*,#1190,.T.);
#635=ORIENTED_EDGE('',*,*,#1191,.T.);
#636=ORIENTED_EDGE('',*,*,#1192,.T.);
#637=ORIENTED_EDGE('',*,*,#1193,.F.);
#638=ORIENTED_EDGE('',*,*,#1194,.T.);
#639=ORIENTED_EDGE('',*,*,#1189,.T.);
#640=ORIENTED_EDGE('',*,*,#1193,.T.);
#641=ORIENTED_EDGE('',*,*,#1195,.T.);
#642=ORIENTED_EDGE('',*,*,#1196,.F.);
#643=ORIENTED_EDGE('',*,*,#1197,.T.);
#644=ORIENTED_EDGE('',*,*,#1196,.T.);
#645=ORIENTED_EDGE('',*,*,#1198,.T.);
#646=ORIENTED_EDGE('',*,*,#1199,.T.);
#647=ORIENTED_EDGE('',*,*,#1200,.F.);
#648=ORIENTED_EDGE('',*,*,#1201,.T.);
#649=ORIENTED_EDGE('',*,*,#1202,.T.);
#650=ORIENTED_EDGE('',*,*,#1203,.T.);
#651=ORIENTED_EDGE('',*,*,#1204,.F.);
#652=ORIENTED_EDGE('',*,*,#1205,.T.);
#653=ORIENTED_EDGE('',*,*,#1200,.T.);
#654=ORIENTED_EDGE('',*,*,#1206,.T.);
#655=ORIENTED_EDGE('',*,*,#1204,.T.);
#656=ORIENTED_EDGE('',*,*,#1207,.T.);
#657=ORIENTED_EDGE('',*,*,#1208,.F.);
#658=ORIENTED_EDGE('',*,*,#1209,.T.);
#659=ORIENTED_EDGE('',*,*,#1210,.T.);
#660=ORIENTED_EDGE('',*,*,#1208,.T.);
#661=ORIENTED_EDGE('',*,*,#1211,.F.);
#662=ORIENTED_EDGE('',*,*,#1212,.T.);
#663=ORIENTED_EDGE('',*,*,#1138,.F.);
#664=ORIENTED_EDGE('',*,*,#1213,.T.);
#665=ORIENTED_EDGE('',*,*,#1214,.T.);
#666=ORIENTED_EDGE('',*,*,#1215,.T.);
#667=ORIENTED_EDGE('',*,*,#1215,.F.);
#668=ORIENTED_EDGE('',*,*,#1216,.T.);
#669=ORIENTED_EDGE('',*,*,#1152,.F.);
#670=ORIENTED_EDGE('',*,*,#1151,.F.);
#671=ORIENTED_EDGE('',*,*,#1150,.F.);
#672=ORIENTED_EDGE('',*,*,#1212,.F.);
#673=ORIENTED_EDGE('',*,*,#1217,.T.);
#674=ORIENTED_EDGE('',*,*,#1155,.T.);
#675=ORIENTED_EDGE('',*,*,#1147,.F.);
#676=ORIENTED_EDGE('',*,*,#1218,.F.);
#677=ORIENTED_EDGE('',*,*,#1210,.F.);
#678=ORIENTED_EDGE('',*,*,#1218,.T.);
#679=ORIENTED_EDGE('',*,*,#1146,.F.);
#680=ORIENTED_EDGE('',*,*,#1219,.F.);
#681=ORIENTED_EDGE('',*,*,#1209,.F.);
#682=ORIENTED_EDGE('',*,*,#1219,.T.);
#683=ORIENTED_EDGE('',*,*,#1145,.F.);
#684=ORIENTED_EDGE('',*,*,#1220,.F.);
#685=ORIENTED_EDGE('',*,*,#1205,.F.);
#686=ORIENTED_EDGE('',*,*,#1220,.T.);
#687=ORIENTED_EDGE('',*,*,#1144,.F.);
#688=ORIENTED_EDGE('',*,*,#1221,.F.);
#689=ORIENTED_EDGE('',*,*,#1201,.F.);
#690=ORIENTED_EDGE('',*,*,#1221,.T.);
#691=ORIENTED_EDGE('',*,*,#1143,.F.);
#692=ORIENTED_EDGE('',*,*,#1222,.F.);
#693=ORIENTED_EDGE('',*,*,#1197,.F.);
#694=ORIENTED_EDGE('',*,*,#1222,.T.);
#695=ORIENTED_EDGE('',*,*,#1142,.F.);
#696=ORIENTED_EDGE('',*,*,#1223,.F.);
#697=ORIENTED_EDGE('',*,*,#1194,.F.);
#698=ORIENTED_EDGE('',*,*,#1223,.T.);
#699=ORIENTED_EDGE('',*,*,#1224,.F.);
#700=ORIENTED_EDGE('',*,*,#1225,.F.);
#701=ORIENTED_EDGE('',*,*,#1190,.F.);
#702=ORIENTED_EDGE('',*,*,#1225,.T.);
#703=ORIENTED_EDGE('',*,*,#1226,.F.);
#704=ORIENTED_EDGE('',*,*,#1227,.F.);
#705=ORIENTED_EDGE('',*,*,#1187,.F.);
#706=ORIENTED_EDGE('',*,*,#1228,.F.);
#707=ORIENTED_EDGE('',*,*,#1180,.F.);
#708=ORIENTED_EDGE('',*,*,#1227,.T.);
#709=ORIENTED_EDGE('',*,*,#1229,.T.);
#710=ORIENTED_EDGE('',*,*,#1230,.F.);
#711=ORIENTED_EDGE('',*,*,#1231,.F.);
#712=ORIENTED_EDGE('',*,*,#1232,.T.);
#713=ORIENTED_EDGE('',*,*,#1233,.T.);
#714=ORIENTED_EDGE('',*,*,#1234,.T.);
#715=ORIENTED_EDGE('',*,*,#1158,.T.);
#716=ORIENTED_EDGE('',*,*,#1235,.T.);
#717=ORIENTED_EDGE('',*,*,#1231,.T.);
#718=ORIENTED_EDGE('',*,*,#1236,.T.);
#719=ORIENTED_EDGE('',*,*,#1116,.T.);
#720=ORIENTED_EDGE('',*,*,#1237,.T.);
#721=ORIENTED_EDGE('',*,*,#1238,.F.);
#722=ORIENTED_EDGE('',*,*,#1239,.T.);
#723=ORIENTED_EDGE('',*,*,#1163,.T.);
#724=ORIENTED_EDGE('',*,*,#1240,.T.);
#725=ORIENTED_EDGE('',*,*,#1241,.T.);
#726=ORIENTED_EDGE('',*,*,#1242,.T.);
#727=ORIENTED_EDGE('',*,*,#1127,.F.);
#728=ORIENTED_EDGE('',*,*,#1049,.F.);
#729=ORIENTED_EDGE('',*,*,#1058,.F.);
#730=ORIENTED_EDGE('',*,*,#1085,.T.);
#731=ORIENTED_EDGE('',*,*,#1082,.F.);
#732=ORIENTED_EDGE('',*,*,#1170,.F.);
#733=ORIENTED_EDGE('',*,*,#1243,.T.);
#734=ORIENTED_EDGE('',*,*,#1244,.T.);
#735=ORIENTED_EDGE('',*,*,#1245,.T.);
#736=ORIENTED_EDGE('',*,*,#1179,.F.);
#737=ORIENTED_EDGE('',*,*,#1246,.F.);
#738=ORIENTED_EDGE('',*,*,#1040,.T.);
#739=ORIENTED_EDGE('',*,*,#1101,.F.);
#740=ORIENTED_EDGE('',*,*,#1247,.F.);
#741=ORIENTED_EDGE('',*,*,#1248,.T.);
#742=ORIENTED_EDGE('',*,*,#1249,.T.);
#743=ORIENTED_EDGE('',*,*,#1250,.T.);
#744=ORIENTED_EDGE('',*,*,#1251,.T.);
#745=ORIENTED_EDGE('',*,*,#1252,.T.);
#746=ORIENTED_EDGE('',*,*,#1253,.T.);
#747=ORIENTED_EDGE('',*,*,#1248,.F.);
#748=ORIENTED_EDGE('',*,*,#1254,.T.);
#749=ORIENTED_EDGE('',*,*,#1255,.T.);
#750=ORIENTED_EDGE('',*,*,#1256,.T.);
#751=ORIENTED_EDGE('',*,*,#1244,.F.);
#752=ORIENTED_EDGE('',*,*,#1257,.T.);
#753=ORIENTED_EDGE('',*,*,#1258,.T.);
#754=ORIENTED_EDGE('',*,*,#1259,.T.);
#755=ORIENTED_EDGE('',*,*,#1224,.T.);
#756=ORIENTED_EDGE('',*,*,#1260,.F.);
#757=ORIENTED_EDGE('',*,*,#1131,.F.);
#758=ORIENTED_EDGE('',*,*,#1135,.T.);
#759=ORIENTED_EDGE('',*,*,#1261,.T.);
#760=ORIENTED_EDGE('',*,*,#1140,.F.);
#761=ORIENTED_EDGE('',*,*,#1262,.F.);
#762=ORIENTED_EDGE('',*,*,#1126,.T.);
#763=ORIENTED_EDGE('',*,*,#1260,.T.);
#764=ORIENTED_EDGE('',*,*,#1141,.F.);
#765=ORIENTED_EDGE('',*,*,#1261,.F.);
#766=ORIENTED_EDGE('',*,*,#1134,.T.);
#767=ORIENTED_EDGE('',*,*,#1123,.T.);
#768=ORIENTED_EDGE('',*,*,#1263,.T.);
#769=ORIENTED_EDGE('',*,*,#1226,.T.);
#770=ORIENTED_EDGE('',*,*,#1259,.F.);
#771=ORIENTED_EDGE('',*,*,#1130,.F.);
#772=ORIENTED_EDGE('',*,*,#1132,.T.);
#773=ORIENTED_EDGE('',*,*,#1262,.T.);
#774=ORIENTED_EDGE('',*,*,#1154,.F.);
#775=ORIENTED_EDGE('',*,*,#1136,.T.);
#776=ORIENTED_EDGE('',*,*,#1149,.F.);
#777=ORIENTED_EDGE('',*,*,#1129,.T.);
#778=ORIENTED_EDGE('',*,*,#1264,.T.);
#779=ORIENTED_EDGE('',*,*,#1229,.F.);
#780=ORIENTED_EDGE('',*,*,#1263,.F.);
#781=ORIENTED_EDGE('',*,*,#1242,.F.);
#782=ORIENTED_EDGE('',*,*,#1265,.T.);
#783=ORIENTED_EDGE('',*,*,#1230,.T.);
#784=ORIENTED_EDGE('',*,*,#1264,.F.);
#785=ORIENTED_EDGE('',*,*,#1128,.F.);
#786=ORIENTED_EDGE('',*,*,#1266,.T.);
#787=ORIENTED_EDGE('',*,*,#1267,.T.);
#788=ORIENTED_EDGE('',*,*,#1213,.F.);
#789=ORIENTED_EDGE('',*,*,#1217,.F.);
#790=ORIENTED_EDGE('',*,*,#1211,.T.);
#791=ORIENTED_EDGE('',*,*,#1268,.T.);
#792=ORIENTED_EDGE('',*,*,#1269,.T.);
#793=ORIENTED_EDGE('',*,*,#1270,.T.);
#794=ORIENTED_EDGE('',*,*,#1173,.F.);
#795=ORIENTED_EDGE('',*,*,#1080,.T.);
#796=ORIENTED_EDGE('',*,*,#1074,.F.);
#797=ORIENTED_EDGE('',*,*,#1271,.F.);
#798=ORIENTED_EDGE('',*,*,#1172,.F.);
#799=ORIENTED_EDGE('',*,*,#1271,.T.);
#800=ORIENTED_EDGE('',*,*,#1073,.F.);
#801=ORIENTED_EDGE('',*,*,#1272,.F.);
#802=ORIENTED_EDGE('',*,*,#1266,.F.);
#803=ORIENTED_EDGE('',*,*,#1272,.T.);
#804=ORIENTED_EDGE('',*,*,#1168,.F.);
#805=ORIENTED_EDGE('',*,*,#1273,.F.);
#806=ORIENTED_EDGE('',*,*,#1267,.F.);
#807=ORIENTED_EDGE('',*,*,#1273,.T.);
#808=ORIENTED_EDGE('',*,*,#1167,.F.);
#809=ORIENTED_EDGE('',*,*,#1274,.F.);
#810=ORIENTED_EDGE('',*,*,#1214,.F.);
#811=ORIENTED_EDGE('',*,*,#1153,.F.);
#812=ORIENTED_EDGE('',*,*,#1216,.F.);
#813=ORIENTED_EDGE('',*,*,#1274,.T.);
#814=ORIENTED_EDGE('',*,*,#1071,.F.);
#815=ORIENTED_EDGE('',*,*,#1063,.F.);
#816=ORIENTED_EDGE('',*,*,#1275,.F.);
#817=ORIENTED_EDGE('',*,*,#1041,.T.);
#818=ORIENTED_EDGE('',*,*,#1246,.T.);
#819=ORIENTED_EDGE('',*,*,#1178,.F.);
#820=ORIENTED_EDGE('',*,*,#1276,.F.);
#821=ORIENTED_EDGE('',*,*,#1233,.F.);
#822=ORIENTED_EDGE('',*,*,#1243,.F.);
#823=ORIENTED_EDGE('',*,*,#1169,.F.);
#824=ORIENTED_EDGE('',*,*,#1277,.F.);
#825=ORIENTED_EDGE('',*,*,#1257,.F.);
#826=ORIENTED_EDGE('',*,*,#1277,.T.);
#827=ORIENTED_EDGE('',*,*,#1175,.F.);
#828=ORIENTED_EDGE('',*,*,#1278,.F.);
#829=ORIENTED_EDGE('',*,*,#1258,.F.);
#830=ORIENTED_EDGE('',*,*,#1279,.F.);
#831=ORIENTED_EDGE('',*,*,#1280,.T.);
#832=ORIENTED_EDGE('',*,*,#1281,.T.);
#833=ORIENTED_EDGE('',*,*,#1249,.F.);
#834=ORIENTED_EDGE('',*,*,#1278,.T.);
#835=ORIENTED_EDGE('',*,*,#1174,.F.);
#836=ORIENTED_EDGE('',*,*,#1282,.F.);
#837=ORIENTED_EDGE('',*,*,#1283,.T.);
#838=ORIENTED_EDGE('',*,*,#1279,.T.);
#839=ORIENTED_EDGE('',*,*,#1270,.F.);
#840=ORIENTED_EDGE('',*,*,#1269,.F.);
#841=ORIENTED_EDGE('',*,*,#1284,.T.);
#842=ORIENTED_EDGE('',*,*,#1285,.T.);
#843=ORIENTED_EDGE('',*,*,#1282,.T.);
#844=ORIENTED_EDGE('',*,*,#1286,.F.);
#845=ORIENTED_EDGE('',*,*,#1176,.F.);
#846=ORIENTED_EDGE('',*,*,#1245,.F.);
#847=ORIENTED_EDGE('',*,*,#1256,.F.);
#848=ORIENTED_EDGE('',*,*,#1268,.F.);
#849=ORIENTED_EDGE('',*,*,#1207,.F.);
#850=ORIENTED_EDGE('',*,*,#1287,.F.);
#851=ORIENTED_EDGE('',*,*,#1284,.F.);
#852=ORIENTED_EDGE('',*,*,#1287,.T.);
#853=ORIENTED_EDGE('',*,*,#1203,.F.);
#854=ORIENTED_EDGE('',*,*,#1288,.F.);
#855=ORIENTED_EDGE('',*,*,#1285,.F.);
#856=ORIENTED_EDGE('',*,*,#1288,.T.);
#857=ORIENTED_EDGE('',*,*,#1202,.F.);
#858=ORIENTED_EDGE('',*,*,#1289,.F.);
#859=ORIENTED_EDGE('',*,*,#1283,.F.);
#860=ORIENTED_EDGE('',*,*,#1289,.T.);
#861=ORIENTED_EDGE('',*,*,#1206,.F.);
#862=ORIENTED_EDGE('',*,*,#1290,.F.);
#863=ORIENTED_EDGE('',*,*,#1280,.F.);
#864=ORIENTED_EDGE('',*,*,#1290,.T.);
#865=ORIENTED_EDGE('',*,*,#1199,.F.);
#866=ORIENTED_EDGE('',*,*,#1291,.F.);
#867=ORIENTED_EDGE('',*,*,#1281,.F.);
#868=ORIENTED_EDGE('',*,*,#1292,.F.);
#869=ORIENTED_EDGE('',*,*,#1195,.F.);
#870=ORIENTED_EDGE('',*,*,#1192,.F.);
#871=ORIENTED_EDGE('',*,*,#1293,.F.);
#872=ORIENTED_EDGE('',*,*,#1198,.F.);
#873=ORIENTED_EDGE('',*,*,#1292,.T.);
#874=ORIENTED_EDGE('',*,*,#1294,.F.);
#875=ORIENTED_EDGE('',*,*,#1250,.F.);
#876=ORIENTED_EDGE('',*,*,#1291,.T.);
#877=ORIENTED_EDGE('',*,*,#1294,.T.);
#878=ORIENTED_EDGE('',*,*,#1293,.T.);
#879=ORIENTED_EDGE('',*,*,#1295,.F.);
#880=ORIENTED_EDGE('',*,*,#1296,.F.);
#881=ORIENTED_EDGE('',*,*,#1188,.F.);
#882=ORIENTED_EDGE('',*,*,#1185,.F.);
#883=ORIENTED_EDGE('',*,*,#1297,.F.);
#884=ORIENTED_EDGE('',*,*,#1191,.F.);
#885=ORIENTED_EDGE('',*,*,#1296,.T.);
#886=ORIENTED_EDGE('',*,*,#1298,.F.);
#887=ORIENTED_EDGE('',*,*,#1251,.F.);
#888=ORIENTED_EDGE('',*,*,#1295,.T.);
#889=ORIENTED_EDGE('',*,*,#1298,.T.);
#890=ORIENTED_EDGE('',*,*,#1297,.T.);
#891=ORIENTED_EDGE('',*,*,#1299,.F.);
#892=ORIENTED_EDGE('',*,*,#1299,.T.);
#893=ORIENTED_EDGE('',*,*,#1184,.F.);
#894=ORIENTED_EDGE('',*,*,#1300,.F.);
#895=ORIENTED_EDGE('',*,*,#1252,.F.);
#896=ORIENTED_EDGE('',*,*,#1182,.F.);
#897=ORIENTED_EDGE('',*,*,#1301,.T.);
#898=ORIENTED_EDGE('',*,*,#1253,.F.);
#899=ORIENTED_EDGE('',*,*,#1300,.T.);
#900=ORIENTED_EDGE('',*,*,#1166,.F.);
#901=ORIENTED_EDGE('',*,*,#1162,.F.);
#902=ORIENTED_EDGE('',*,*,#1159,.F.);
#903=ORIENTED_EDGE('',*,*,#1236,.F.);
#904=ORIENTED_EDGE('',*,*,#1234,.F.);
#905=ORIENTED_EDGE('',*,*,#1276,.T.);
#906=ORIENTED_EDGE('',*,*,#1177,.F.);
#907=ORIENTED_EDGE('',*,*,#1286,.T.);
#908=ORIENTED_EDGE('',*,*,#1255,.F.);
#909=ORIENTED_EDGE('',*,*,#1302,.F.);
#910=ORIENTED_EDGE('',*,*,#1240,.F.);
#911=ORIENTED_EDGE('',*,*,#1302,.T.);
#912=ORIENTED_EDGE('',*,*,#1254,.F.);
#913=ORIENTED_EDGE('',*,*,#1247,.T.);
#914=ORIENTED_EDGE('',*,*,#1301,.F.);
#915=ORIENTED_EDGE('',*,*,#1181,.F.);
#916=ORIENTED_EDGE('',*,*,#1228,.T.);
#917=ORIENTED_EDGE('',*,*,#1265,.F.);
#918=ORIENTED_EDGE('',*,*,#1241,.F.);
#919=ORIENTED_EDGE('',*,*,#1239,.F.);
#920=ORIENTED_EDGE('',*,*,#1303,.T.);
#921=ORIENTED_EDGE('',*,*,#1304,.T.);
#922=ORIENTED_EDGE('',*,*,#1164,.F.);
#923=ORIENTED_EDGE('',*,*,#1238,.T.);
#924=ORIENTED_EDGE('',*,*,#1305,.T.);
#925=ORIENTED_EDGE('',*,*,#1306,.T.);
#926=ORIENTED_EDGE('',*,*,#1307,.T.);
#927=ORIENTED_EDGE('',*,*,#1308,.F.);
#928=ORIENTED_EDGE('',*,*,#1303,.F.);
#929=ORIENTED_EDGE('',*,*,#1309,.F.);
#930=ORIENTED_EDGE('',*,*,#1027,.F.);
#931=ORIENTED_EDGE('',*,*,#1108,.F.);
#932=ORIENTED_EDGE('',*,*,#1310,.F.);
#933=ORIENTED_EDGE('',*,*,#1306,.F.);
#934=ORIENTED_EDGE('',*,*,#1311,.T.);
#935=ORIENTED_EDGE('',*,*,#1312,.T.);
#936=ORIENTED_EDGE('',*,*,#1313,.T.);
#937=ORIENTED_EDGE('',*,*,#1314,.T.);
#938=ORIENTED_EDGE('',*,*,#1315,.T.);
#939=ORIENTED_EDGE('',*,*,#1316,.T.);
#940=ORIENTED_EDGE('',*,*,#1317,.T.);
#941=ORIENTED_EDGE('',*,*,#1089,.T.);
#942=ORIENTED_EDGE('',*,*,#1086,.T.);
#943=ORIENTED_EDGE('',*,*,#1033,.T.);
#944=ORIENTED_EDGE('',*,*,#1043,.T.);
#945=ORIENTED_EDGE('',*,*,#1083,.T.);
#946=ORIENTED_EDGE('',*,*,#1076,.F.);
#947=ORIENTED_EDGE('',*,*,#1068,.T.);
#948=ORIENTED_EDGE('',*,*,#1059,.T.);
#949=ORIENTED_EDGE('',*,*,#1093,.T.);
#950=ORIENTED_EDGE('',*,*,#1318,.T.);
#951=ORIENTED_EDGE('',*,*,#1102,.F.);
#952=ORIENTED_EDGE('',*,*,#1319,.T.);
#953=ORIENTED_EDGE('',*,*,#1320,.F.);
#954=ORIENTED_EDGE('',*,*,#1065,.T.);
#955=ORIENTED_EDGE('',*,*,#1070,.T.);
#956=ORIENTED_EDGE('',*,*,#1079,.F.);
#957=ORIENTED_EDGE('',*,*,#1084,.T.);
#958=ORIENTED_EDGE('',*,*,#1056,.T.);
#959=ORIENTED_EDGE('',*,*,#1038,.F.);
#960=ORIENTED_EDGE('',*,*,#1275,.T.);
#961=ORIENTED_EDGE('',*,*,#1232,.F.);
#962=ORIENTED_EDGE('',*,*,#1235,.F.);
#963=ORIENTED_EDGE('',*,*,#1157,.F.);
#964=ORIENTED_EDGE('',*,*,#1161,.F.);
#965=ORIENTED_EDGE('',*,*,#1165,.F.);
#966=ORIENTED_EDGE('',*,*,#1304,.F.);
#967=ORIENTED_EDGE('',*,*,#1308,.T.);
#968=ORIENTED_EDGE('',*,*,#1321,.T.);
#969=ORIENTED_EDGE('',*,*,#1094,.F.);
#970=ORIENTED_EDGE('',*,*,#1321,.F.);
#971=ORIENTED_EDGE('',*,*,#1307,.F.);
#972=ORIENTED_EDGE('',*,*,#1310,.T.);
#973=ORIENTED_EDGE('',*,*,#1107,.F.);
#974=ORIENTED_EDGE('',*,*,#1104,.T.);
#975=ORIENTED_EDGE('',*,*,#1096,.T.);
#976=ORIENTED_EDGE('',*,*,#1322,.F.);
#977=ORIENTED_EDGE('',*,*,#1035,.F.);
#978=ORIENTED_EDGE('',*,*,#1088,.F.);
#979=ORIENTED_EDGE('',*,*,#1090,.F.);
#980=ORIENTED_EDGE('',*,*,#1317,.F.);
#981=ORIENTED_EDGE('',*,*,#1323,.F.);
#982=ORIENTED_EDGE('',*,*,#1122,.F.);
#983=ORIENTED_EDGE('',*,*,#1322,.T.);
#984=ORIENTED_EDGE('',*,*,#1324,.F.);
#985=ORIENTED_EDGE('',*,*,#1118,.F.);
#986=ORIENTED_EDGE('',*,*,#1324,.T.);
#987=ORIENTED_EDGE('',*,*,#1323,.T.);
#988=ORIENTED_EDGE('',*,*,#1325,.F.);
#989=ORIENTED_EDGE('',*,*,#1325,.T.);
#990=ORIENTED_EDGE('',*,*,#1316,.F.);
#991=ORIENTED_EDGE('',*,*,#1326,.F.);
#992=ORIENTED_EDGE('',*,*,#1119,.F.);
#993=ORIENTED_EDGE('',*,*,#1326,.T.);
#994=ORIENTED_EDGE('',*,*,#1315,.F.);
#995=ORIENTED_EDGE('',*,*,#1327,.F.);
#996=ORIENTED_EDGE('',*,*,#1121,.F.);
#997=ORIENTED_EDGE('',*,*,#1327,.T.);
#998=ORIENTED_EDGE('',*,*,#1314,.F.);
#999=ORIENTED_EDGE('',*,*,#1328,.F.);
#1000=ORIENTED_EDGE('',*,*,#1111,.F.);
#1001=ORIENTED_EDGE('',*,*,#1328,.T.);
#1002=ORIENTED_EDGE('',*,*,#1313,.F.);
#1003=ORIENTED_EDGE('',*,*,#1329,.F.);
#1004=ORIENTED_EDGE('',*,*,#1113,.F.);
#1005=ORIENTED_EDGE('',*,*,#1329,.T.);
#1006=ORIENTED_EDGE('',*,*,#1312,.F.);
#1007=ORIENTED_EDGE('',*,*,#1330,.F.);
#1008=ORIENTED_EDGE('',*,*,#1115,.F.);
#1009=ORIENTED_EDGE('',*,*,#1305,.F.);
#1010=ORIENTED_EDGE('',*,*,#1237,.F.);
#1011=ORIENTED_EDGE('',*,*,#1330,.T.);
#1012=ORIENTED_EDGE('',*,*,#1311,.F.);
#1013=ORIENTED_EDGE('',*,*,#1066,.T.);
#1014=ORIENTED_EDGE('',*,*,#1320,.T.);
#1015=ORIENTED_EDGE('',*,*,#1331,.T.);
#1016=ORIENTED_EDGE('',*,*,#1067,.T.);
#1017=ORIENTED_EDGE('',*,*,#1331,.F.);
#1018=ORIENTED_EDGE('',*,*,#1319,.F.);
#1019=ORIENTED_EDGE('',*,*,#1106,.F.);
#1020=ORIENTED_EDGE('',*,*,#1098,.T.);
#1021=ORIENTED_EDGE('',*,*,#1028,.F.);
#1022=ORIENTED_EDGE('',*,*,#1309,.T.);
#1023=ORIENTED_EDGE('',*,*,#1095,.T.);
#1024=ORIENTED_EDGE('',*,*,#1103,.F.);
#1025=ORIENTED_EDGE('',*,*,#1318,.F.);
#1026=ORIENTED_EDGE('',*,*,#1092,.F.);
#1027=EDGE_CURVE('',#1332,#1333,#1521,.T.);
#1028=EDGE_CURVE('',#1333,#1334,#313,.T.);
#1029=EDGE_CURVE('',#1334,#1335,#1522,.T.);
#1030=EDGE_CURVE('',#1336,#1335,#314,.T.);
#1031=EDGE_CURVE('',#1336,#1337,#1523,.T.);
#1032=EDGE_CURVE('',#1337,#1332,#315,.T.);
#1033=EDGE_CURVE('',#1338,#1339,#63,.T.);
#1034=EDGE_CURVE('',#1338,#1340,#64,.T.);
#1035=EDGE_CURVE('',#1340,#1341,#65,.T.);
#1036=EDGE_CURVE('',#1342,#1341,#66,.F.);
#1037=EDGE_CURVE('',#1339,#1342,#67,.T.);
#1038=EDGE_CURVE('',#1343,#1344,#68,.T.);
#1039=EDGE_CURVE('',#1345,#1344,#69,.T.);
#1040=EDGE_CURVE('',#1346,#1345,#70,.F.);
#1041=EDGE_CURVE('',#1343,#1346,#71,.F.);
#1042=EDGE_CURVE('',#1347,#1347,#1524,.T.);
#1043=EDGE_CURVE('',#1339,#1348,#1525,.T.);
#1044=EDGE_CURVE('',#1342,#1349,#1526,.F.);
#1045=EDGE_CURVE('',#1349,#1350,#72,.T.);
#1046=EDGE_CURVE('',#1350,#1351,#73,.T.);
#1047=EDGE_CURVE('',#1351,#1352,#74,.T.);
#1048=EDGE_CURVE('',#1352,#1353,#75,.T.);
#1049=EDGE_CURVE('',#1353,#1354,#76,.T.);
#1050=EDGE_CURVE('',#1354,#1355,#77,.T.);
#1051=EDGE_CURVE('',#1355,#1356,#78,.T.);
#1052=EDGE_CURVE('',#1356,#1357,#79,.T.);
#1053=EDGE_CURVE('',#1357,#1358,#80,.T.);
#1054=EDGE_CURVE('',#1358,#1359,#1527,.F.);
#1055=EDGE_CURVE('',#1359,#1348,#81,.F.);
#1056=EDGE_CURVE('',#1360,#1344,#1528,.T.);
#1057=EDGE_CURVE('',#1360,#1361,#82,.F.);
#1058=EDGE_CURVE('',#1361,#1345,#1529,.T.);
#1059=EDGE_CURVE('',#1362,#1363,#83,.T.);
#1060=EDGE_CURVE('',#1358,#1362,#84,.T.);
#1061=EDGE_CURVE('',#1357,#1364,#85,.F.);
#1062=EDGE_CURVE('',#1365,#1364,#86,.T.);
#1063=EDGE_CURVE('',#1365,#1366,#87,.T.);
#1064=EDGE_CURVE('',#1367,#1366,#88,.T.);
#1065=EDGE_CURVE('',#1368,#1367,#89,.T.);
#1066=EDGE_CURVE('',#1369,#1368,#90,.T.);
#1067=EDGE_CURVE('',#1363,#1369,#91,.T.);
#1068=EDGE_CURVE('',#1370,#1362,#1530,.F.);
#1069=EDGE_CURVE('',#1370,#1359,#92,.T.);
#1070=EDGE_CURVE('',#1367,#1371,#1531,.F.);
#1071=EDGE_CURVE('',#1366,#1372,#93,.T.);
#1072=EDGE_CURVE('',#1373,#1372,#1532,.T.);
#1073=EDGE_CURVE('',#1373,#1374,#94,.T.);
#1074=EDGE_CURVE('',#1374,#1375,#95,.T.);
#1075=EDGE_CURVE('',#1375,#1371,#96,.T.);
#1076=EDGE_CURVE('',#1370,#1376,#97,.T.);
#1077=EDGE_CURVE('',#1376,#1359,#98,.T.);
#1078=EDGE_CURVE('',#1377,#1378,#99,.T.);
#1079=EDGE_CURVE('',#1378,#1371,#100,.T.);
#1080=EDGE_CURVE('',#1379,#1375,#1533,.T.);
#1081=EDGE_CURVE('',#1380,#1379,#101,.T.);
#1082=EDGE_CURVE('',#1380,#1377,#102,.F.);
#1083=EDGE_CURVE('',#1348,#1376,#103,.T.);
#1084=EDGE_CURVE('',#1378,#1360,#104,.T.);
#1085=EDGE_CURVE('',#1361,#1377,#105,.T.);
#1086=EDGE_CURVE('',#1381,#1338,#1534,.F.);
#1087=EDGE_CURVE('',#1382,#1381,#316,.T.);
#1088=EDGE_CURVE('',#1382,#1340,#106,.T.);
#1089=EDGE_CURVE('',#1383,#1381,#317,.T.);
#1090=EDGE_CURVE('',#1383,#1382,#107,.T.);
#1091=EDGE_CURVE('',#1384,#1385,#1535,.T.);
#1092=EDGE_CURVE('',#1385,#1386,#318,.T.);
#1093=EDGE_CURVE('',#1387,#1386,#1536,.T.);
#1094=EDGE_CURVE('',#1387,#1384,#319,.F.);
#1095=EDGE_CURVE('',#1385,#1388,#320,.T.);
#1096=EDGE_CURVE('',#1389,#1384,#321,.T.);
#1097=EDGE_CURVE('',#1389,#1388,#1537,.T.);
#1098=EDGE_CURVE('',#1390,#1334,#322,.T.);
#1099=EDGE_CURVE('',#1390,#1391,#1538,.T.);
#1100=EDGE_CURVE('',#1335,#1391,#323,.T.);
#1101=EDGE_CURVE('',#1392,#1392,#1539,.T.);
#1102=EDGE_CURVE('',#1393,#1394,#1540,.F.);
#1103=EDGE_CURVE('',#1394,#1388,#108,.T.);
#1104=EDGE_CURVE('',#1395,#1389,#109,.T.);
#1105=EDGE_CURVE('',#1391,#1395,#110,.T.);
#1106=EDGE_CURVE('',#1390,#1393,#111,.T.);
#1107=EDGE_CURVE('',#1395,#1396,#324,.T.);
#1108=EDGE_CURVE('',#1396,#1332,#325,.T.);
#1109=EDGE_CURVE('',#1337,#1336,#326,.T.);
#1110=EDGE_CURVE('',#1397,#1350,#112,.F.);
#1111=EDGE_CURVE('',#1397,#1398,#113,.T.);
#1112=EDGE_CURVE('',#1398,#1351,#114,.T.);
#1113=EDGE_CURVE('',#1398,#1399,#115,.T.);
#1114=EDGE_CURVE('',#1399,#1352,#116,.F.);
#1115=EDGE_CURVE('',#1399,#1400,#117,.T.);
#1116=EDGE_CURVE('',#1353,#1400,#118,.F.);
#1117=EDGE_CURVE('',#1342,#1401,#119,.T.);
#1118=EDGE_CURVE('',#1401,#1402,#120,.T.);
#1119=EDGE_CURVE('',#1402,#1403,#1541,.T.);
#1120=EDGE_CURVE('',#1349,#1403,#121,.F.);
#1121=EDGE_CURVE('',#1403,#1397,#122,.T.);
#1122=EDGE_CURVE('',#1341,#1401,#1542,.F.);
#1123=EDGE_CURVE('',#1404,#1405,#123,.T.);
#1124=EDGE_CURVE('',#1356,#1404,#124,.T.);
#1125=EDGE_CURVE('',#1355,#1405,#125,.F.);
#1126=EDGE_CURVE('',#1405,#1406,#126,.T.);
#1127=EDGE_CURVE('',#1354,#1407,#127,.T.);
#1128=EDGE_CURVE('',#1407,#1408,#128,.F.);
#1129=EDGE_CURVE('',#1409,#1408,#129,.T.);
#1130=EDGE_CURVE('',#1409,#1410,#130,.T.);
#1131=EDGE_CURVE('',#1410,#1406,#131,.F.);
#1132=EDGE_CURVE('',#1411,#1412,#132,.T.);
#1133=EDGE_CURVE('',#1364,#1411,#133,.T.);
#1134=EDGE_CURVE('',#1413,#1404,#134,.T.);
#1135=EDGE_CURVE('',#1412,#1413,#135,.T.);
#1136=EDGE_CURVE('',#1414,#1415,#327,.T.);
#1137=EDGE_CURVE('',#1414,#1416,#136,.T.);
#1138=EDGE_CURVE('',#1416,#1417,#328,.T.);
#1139=EDGE_CURVE('',#1417,#1415,#137,.T.);
#1140=EDGE_CURVE('',#1418,#1419,#329,.T.);
#1141=EDGE_CURVE('',#1419,#1420,#330,.T.);
#1142=EDGE_CURVE('',#1420,#1421,#138,.T.);
#1143=EDGE_CURVE('',#1421,#1422,#139,.T.);
#1144=EDGE_CURVE('',#1422,#1423,#140,.T.);
#1145=EDGE_CURVE('',#1423,#1424,#141,.T.);
#1146=EDGE_CURVE('',#1424,#1425,#142,.T.);
#1147=EDGE_CURVE('',#1425,#1426,#143,.T.);
#1148=EDGE_CURVE('',#1426,#1418,#144,.T.);
#1149=EDGE_CURVE('',#1411,#1415,#145,.T.);
#1150=EDGE_CURVE('',#1417,#1427,#146,.T.);
#1151=EDGE_CURVE('',#1427,#1428,#147,.T.);
#1152=EDGE_CURVE('',#1428,#1429,#148,.T.);
#1153=EDGE_CURVE('',#1429,#1365,#149,.T.);
#1154=EDGE_CURVE('',#1414,#1418,#150,.T.);
#1155=EDGE_CURVE('',#1416,#1426,#151,.F.);
#1156=EDGE_CURVE('',#1430,#1431,#152,.T.);
#1157=EDGE_CURVE('',#1431,#1432,#153,.T.);
#1158=EDGE_CURVE('',#1433,#1432,#154,.F.);
#1159=EDGE_CURVE('',#1433,#1430,#155,.T.);
#1160=EDGE_CURVE('',#1434,#1435,#156,.F.);
#1161=EDGE_CURVE('',#1435,#1431,#157,.T.);
#1162=EDGE_CURVE('',#1430,#1434,#158,.T.);
#1163=EDGE_CURVE('',#1436,#1437,#159,.F.);
#1164=EDGE_CURVE('',#1436,#1438,#160,.T.);
#1165=EDGE_CURVE('',#1438,#1435,#161,.T.);
#1166=EDGE_CURVE('',#1434,#1437,#162,.T.);
#1167=EDGE_CURVE('',#1372,#1439,#331,.T.);
#1168=EDGE_CURVE('',#1439,#1373,#1543,.F.);
#1169=EDGE_CURVE('',#1440,#1441,#163,.T.);
#1170=EDGE_CURVE('',#1441,#1380,#332,.T.);
#1171=EDGE_CURVE('',#1440,#1379,#333,.T.);
#1172=EDGE_CURVE('',#1379,#1442,#164,.T.);
#1173=EDGE_CURVE('',#1442,#1443,#334,.F.);
#1174=EDGE_CURVE('',#1443,#1444,#165,.T.);
#1175=EDGE_CURVE('',#1444,#1440,#166,.T.);
#1176=EDGE_CURVE('',#1445,#1446,#167,.T.);
#1177=EDGE_CURVE('',#1446,#1447,#335,.T.);
#1178=EDGE_CURVE('',#1447,#1448,#168,.T.);
#1179=EDGE_CURVE('',#1448,#1445,#336,.T.);
#1180=EDGE_CURVE('',#1449,#1450,#169,.T.);
#1181=EDGE_CURVE('',#1450,#1451,#337,.T.);
#1182=EDGE_CURVE('',#1451,#1452,#170,.T.);
#1183=EDGE_CURVE('',#1449,#1452,#338,.T.);
#1184=EDGE_CURVE('',#1452,#1453,#171,.T.);
#1185=EDGE_CURVE('',#1453,#1454,#172,.T.);
#1186=EDGE_CURVE('',#1455,#1454,#339,.T.);
#1187=EDGE_CURVE('',#1455,#1449,#173,.T.);
#1188=EDGE_CURVE('',#1454,#1456,#1544,.T.);
#1189=EDGE_CURVE('',#1457,#1456,#340,.T.);
#1190=EDGE_CURVE('',#1457,#1455,#174,.T.);
#1191=EDGE_CURVE('',#1456,#1458,#175,.T.);
#1192=EDGE_CURVE('',#1458,#1459,#176,.T.);
#1193=EDGE_CURVE('',#1460,#1459,#341,.T.);
#1194=EDGE_CURVE('',#1460,#1457,#177,.T.);
#1195=EDGE_CURVE('',#1459,#1461,#1545,.T.);
#1196=EDGE_CURVE('',#1462,#1461,#342,.T.);
#1197=EDGE_CURVE('',#1462,#1460,#178,.T.);
#1198=EDGE_CURVE('',#1461,#1463,#179,.T.);
#1199=EDGE_CURVE('',#1463,#1464,#180,.T.);
#1200=EDGE_CURVE('',#1465,#1464,#343,.T.);
#1201=EDGE_CURVE('',#1465,#1462,#181,.T.);
#1202=EDGE_CURVE('',#1466,#1467,#182,.T.);
#1203=EDGE_CURVE('',#1467,#1468,#183,.T.);
#1204=EDGE_CURVE('',#1469,#1468,#344,.T.);
#1205=EDGE_CURVE('',#1469,#1465,#184,.T.);
#1206=EDGE_CURVE('',#1464,#1466,#185,.T.);
#1207=EDGE_CURVE('',#1468,#1470,#186,.T.);
#1208=EDGE_CURVE('',#1471,#1470,#345,.T.);
#1209=EDGE_CURVE('',#1471,#1469,#187,.T.);
#1210=EDGE_CURVE('',#1416,#1471,#188,.T.);
#1211=EDGE_CURVE('',#1472,#1470,#346,.F.);
#1212=EDGE_CURVE('',#1472,#1417,#189,.T.);
#1213=EDGE_CURVE('',#1473,#1474,#347,.T.);
#1214=EDGE_CURVE('',#1474,#1475,#348,.F.);
#1215=EDGE_CURVE('',#1475,#1473,#190,.T.);
#1216=EDGE_CURVE('',#1475,#1429,#191,.T.);
#1217=EDGE_CURVE('',#1472,#1473,#192,.T.);
#1218=EDGE_CURVE('',#1471,#1425,#193,.T.);
#1219=EDGE_CURVE('',#1469,#1424,#194,.F.);
#1220=EDGE_CURVE('',#1465,#1423,#195,.T.);
#1221=EDGE_CURVE('',#1462,#1422,#196,.F.);
#1222=EDGE_CURVE('',#1460,#1421,#197,.T.);
#1223=EDGE_CURVE('',#1457,#1420,#198,.F.);
#1224=EDGE_CURVE('',#1476,#1420,#199,.T.);
#1225=EDGE_CURVE('',#1455,#1476,#200,.T.);
#1226=EDGE_CURVE('',#1477,#1476,#201,.F.);
#1227=EDGE_CURVE('',#1449,#1477,#202,.F.);
#1228=EDGE_CURVE('',#1450,#1478,#203,.T.);
#1229=EDGE_CURVE('',#1477,#1479,#204,.F.);
#1230=EDGE_CURVE('',#1478,#1479,#205,.T.);
#1231=EDGE_CURVE('',#1480,#1481,#206,.F.);
#1232=EDGE_CURVE('',#1480,#1482,#1546,.F.);
#1233=EDGE_CURVE('',#1482,#1483,#207,.T.);
#1234=EDGE_CURVE('',#1483,#1481,#1547,.F.);
#1235=EDGE_CURVE('',#1432,#1480,#208,.T.);
#1236=EDGE_CURVE('',#1481,#1433,#209,.T.);
#1237=EDGE_CURVE('',#1400,#1484,#210,.T.);
#1238=EDGE_CURVE('',#1485,#1484,#211,.T.);
#1239=EDGE_CURVE('',#1485,#1436,#212,.T.);
#1240=EDGE_CURVE('',#1437,#1486,#213,.T.);
#1241=EDGE_CURVE('',#1486,#1487,#214,.T.);
#1242=EDGE_CURVE('',#1487,#1407,#215,.F.);
#1243=EDGE_CURVE('',#1441,#1488,#216,.T.);
#1244=EDGE_CURVE('',#1488,#1489,#1548,.F.);
#1245=EDGE_CURVE('',#1489,#1445,#217,.F.);
#1246=EDGE_CURVE('',#1346,#1448,#218,.T.);
#1247=EDGE_CURVE('',#1490,#1491,#1549,.F.);
#1248=EDGE_CURVE('',#1490,#1492,#1550,.T.);
#1249=EDGE_CURVE('',#1492,#1493,#219,.T.);
#1250=EDGE_CURVE('',#1493,#1494,#220,.T.);
#1251=EDGE_CURVE('',#1494,#1495,#221,.T.);
#1252=EDGE_CURVE('',#1495,#1496,#222,.T.);
#1253=EDGE_CURVE('',#1496,#1491,#223,.T.);
#1254=EDGE_CURVE('',#1490,#1497,#1551,.F.);
#1255=EDGE_CURVE('',#1497,#1498,#1552,.F.);
#1256=EDGE_CURVE('',#1498,#1489,#224,.T.);
#1257=EDGE_CURVE('',#1488,#1499,#225,.T.);
#1258=EDGE_CURVE('',#1499,#1492,#226,.T.);
#1259=EDGE_CURVE('',#1410,#1476,#227,.F.);
#1260=EDGE_CURVE('',#1406,#1420,#349,.T.);
#1261=EDGE_CURVE('',#1413,#1419,#350,.T.);
#1262=EDGE_CURVE('',#1412,#1418,#351,.T.);
#1263=EDGE_CURVE('',#1409,#1477,#228,.T.);
#1264=EDGE_CURVE('',#1408,#1479,#229,.T.);
#1265=EDGE_CURVE('',#1487,#1478,#352,.T.);
#1266=EDGE_CURVE('',#1442,#1500,#230,.T.);
#1267=EDGE_CURVE('',#1500,#1474,#1553,.T.);
#1268=EDGE_CURVE('',#1470,#1501,#231,.T.);
#1269=EDGE_CURVE('',#1501,#1502,#1554,.F.);
#1270=EDGE_CURVE('',#1502,#1443,#232,.T.);
#1271=EDGE_CURVE('',#1442,#1374,#1555,.T.);
#1272=EDGE_CURVE('',#1500,#1373,#1556,.T.);
#1273=EDGE_CURVE('',#1474,#1439,#1557,.T.);
#1274=EDGE_CURVE('',#1475,#1372,#233,.T.);
#1275=EDGE_CURVE('',#1343,#1482,#234,.T.);
#1276=EDGE_CURVE('',#1483,#1447,#235,.T.);
#1277=EDGE_CURVE('',#1499,#1440,#1558,.T.);
#1278=EDGE_CURVE('',#1492,#1444,#1559,.T.);
#1279=EDGE_CURVE('',#1503,#1443,#1560,.T.);
#1280=EDGE_CURVE('',#1503,#1504,#236,.T.);
#1281=EDGE_CURVE('',#1504,#1493,#237,.T.);
#1282=EDGE_CURVE('',#1505,#1502,#1561,.T.);
#1283=EDGE_CURVE('',#1505,#1503,#238,.T.);
#1284=EDGE_CURVE('',#1501,#1506,#239,.T.);
#1285=EDGE_CURVE('',#1506,#1505,#240,.T.);
#1286=EDGE_CURVE('',#1446,#1498,#241,.T.);
#1287=EDGE_CURVE('',#1506,#1468,#1562,.T.);
#1288=EDGE_CURVE('',#1505,#1467,#1563,.T.);
#1289=EDGE_CURVE('',#1503,#1466,#1564,.T.);
#1290=EDGE_CURVE('',#1504,#1464,#1565,.T.);
#1291=EDGE_CURVE('',#1493,#1463,#1566,.T.);
#1292=EDGE_CURVE('',#1461,#1507,#242,.T.);
#1293=EDGE_CURVE('',#1507,#1458,#1567,.T.);
#1294=EDGE_CURVE('',#1494,#1507,#243,.F.);
#1295=EDGE_CURVE('',#1494,#1458,#244,.F.);
#1296=EDGE_CURVE('',#1456,#1508,#245,.T.);
#1297=EDGE_CURVE('',#1508,#1453,#1568,.T.);
#1298=EDGE_CURVE('',#1495,#1508,#246,.F.);
#1299=EDGE_CURVE('',#1495,#1453,#247,.F.);
#1300=EDGE_CURVE('',#1496,#1452,#1569,.T.);
#1301=EDGE_CURVE('',#1451,#1491,#1570,.F.);
#1302=EDGE_CURVE('',#1486,#1497,#353,.T.);
#1303=EDGE_CURVE('',#1485,#1509,#354,.T.);
#1304=EDGE_CURVE('',#1509,#1438,#1571,.T.);
#1305=EDGE_CURVE('',#1484,#1510,#248,.T.);
#1306=EDGE_CURVE('',#1510,#1511,#355,.T.);
#1307=EDGE_CURVE('',#1511,#1512,#356,.T.);
#1308=EDGE_CURVE('',#1509,#1512,#357,.T.);
#1309=EDGE_CURVE('',#1333,#1363,#358,.T.);
#1310=EDGE_CURVE('',#1511,#1396,#359,.T.);
#1311=EDGE_CURVE('',#1510,#1513,#249,.T.);
#1312=EDGE_CURVE('',#1513,#1514,#250,.T.);
#1313=EDGE_CURVE('',#1514,#1515,#251,.T.);
#1314=EDGE_CURVE('',#1515,#1516,#252,.T.);
#1315=EDGE_CURVE('',#1516,#1517,#253,.T.);
#1316=EDGE_CURVE('',#1517,#1518,#1572,.T.);
#1317=EDGE_CURVE('',#1518,#1383,#254,.T.);
#1318=EDGE_CURVE('',#1386,#1394,#360,.T.);
#1319=EDGE_CURVE('',#1393,#1519,#361,.T.);
#1320=EDGE_CURVE('',#1368,#1519,#362,.T.);
#1321=EDGE_CURVE('',#1512,#1387,#363,.T.);
#1322=EDGE_CURVE('',#1341,#1520,#255,.T.);
#1323=EDGE_CURVE('',#1520,#1518,#256,.T.);
#1324=EDGE_CURVE('',#1402,#1520,#1573,.T.);
#1325=EDGE_CURVE('',#1402,#1518,#257,.T.);
#1326=EDGE_CURVE('',#1403,#1517,#258,.F.);
#1327=EDGE_CURVE('',#1397,#1516,#259,.F.);
#1328=EDGE_CURVE('',#1398,#1515,#260,.F.);
#1329=EDGE_CURVE('',#1399,#1514,#261,.F.);
#1330=EDGE_CURVE('',#1400,#1513,#262,.F.);
#1331=EDGE_CURVE('',#1519,#1369,#364,.T.);
#1332=VERTEX_POINT('',#2350);
#1333=VERTEX_POINT('',#2351);
#1334=VERTEX_POINT('',#2353);
#1335=VERTEX_POINT('',#2355);
#1336=VERTEX_POINT('',#2357);
#1337=VERTEX_POINT('',#2359);
#1338=VERTEX_POINT('',#2383);
#1339=VERTEX_POINT('',#2384);
#1340=VERTEX_POINT('',#2389);
#1341=VERTEX_POINT('',#2394);
#1342=VERTEX_POINT('',#2399);
#1343=VERTEX_POINT('',#2421);
#1344=VERTEX_POINT('',#2422);
#1345=VERTEX_POINT('',#2427);
#1346=VERTEX_POINT('',#2432);
#1347=VERTEX_POINT('',#2439);
#1348=VERTEX_POINT('',#2441);
#1349=VERTEX_POINT('',#2443);
#1350=VERTEX_POINT('',#2449);
#1351=VERTEX_POINT('',#2464);
#1352=VERTEX_POINT('',#2469);
#1353=VERTEX_POINT('',#2477);
#1354=VERTEX_POINT('',#2482);
#1355=VERTEX_POINT('',#2490);
#1356=VERTEX_POINT('',#2495);
#1357=VERTEX_POINT('',#2510);
#1358=VERTEX_POINT('',#2516);
#1359=VERTEX_POINT('',#2518);
#1360=VERTEX_POINT('',#2526);
#1361=VERTEX_POINT('',#2531);
#1362=VERTEX_POINT('',#2558);
#1363=VERTEX_POINT('',#2559);
#1364=VERTEX_POINT('',#2569);
#1365=VERTEX_POINT('',#2579);
#1366=VERTEX_POINT('',#2584);
#1367=VERTEX_POINT('',#2590);
#1368=VERTEX_POINT('',#2595);
#1369=VERTEX_POINT('',#2600);
#1370=VERTEX_POINT('',#2607);
#1371=VERTEX_POINT('',#2614);
#1372=VERTEX_POINT('',#2619);
#1373=VERTEX_POINT('',#2621);
#1374=VERTEX_POINT('',#2626);
#1375=VERTEX_POINT('',#2632);
#1376=VERTEX_POINT('',#2653);
#1377=VERTEX_POINT('',#2674);
#1378=VERTEX_POINT('',#2675);
#1379=VERTEX_POINT('',#2681);
#1380=VERTEX_POINT('',#2686);
#1381=VERTEX_POINT('',#2735);
#1382=VERTEX_POINT('',#2737);
#1383=VERTEX_POINT('',#2745);
#1384=VERTEX_POINT('',#2752);
#1385=VERTEX_POINT('',#2753);
#1386=VERTEX_POINT('',#2755);
#1387=VERTEX_POINT('',#2757);
#1388=VERTEX_POINT('',#2761);
#1389=VERTEX_POINT('',#2763);
#1390=VERTEX_POINT('',#2767);
#1391=VERTEX_POINT('',#2769);
#1392=VERTEX_POINT('',#2773);
#1393=VERTEX_POINT('',#2775);
#1394=VERTEX_POINT('',#2776);
#1395=VERTEX_POINT('',#2785);
#1396=VERTEX_POINT('',#2796);
#1397=VERTEX_POINT('',#3147);
#1398=VERTEX_POINT('',#3159);
#1399=VERTEX_POINT('',#3180);
#1400=VERTEX_POINT('',#3400);
#1401=VERTEX_POINT('',#3410);
#1402=VERTEX_POINT('',#3415);
#1403=VERTEX_POINT('',#3417);
#1404=VERTEX_POINT('',#3477);
#1405=VERTEX_POINT('',#3478);
#1406=VERTEX_POINT('',#4219);
#1407=VERTEX_POINT('',#4225);
#1408=VERTEX_POINT('',#4230);
#1409=VERTEX_POINT('',#4235);
#1410=VERTEX_POINT('',#4240);
#1411=VERTEX_POINT('',#5453);
#1412=VERTEX_POINT('',#5454);
#1413=VERTEX_POINT('',#5466);
#1414=VERTEX_POINT('',#5473);
#1415=VERTEX_POINT('',#5474);
#1416=VERTEX_POINT('',#5479);
#1417=VERTEX_POINT('',#5481);
#1418=VERTEX_POINT('',#5488);
#1419=VERTEX_POINT('',#5489);
#1420=VERTEX_POINT('',#5491);
#1421=VERTEX_POINT('',#5496);
#1422=VERTEX_POINT('',#5501);
#1423=VERTEX_POINT('',#5506);
#1424=VERTEX_POINT('',#5511);
#1425=VERTEX_POINT('',#5516);
#1426=VERTEX_POINT('',#5521);
#1427=VERTEX_POINT('',#5550);
#1428=VERTEX_POINT('',#5555);
#1429=VERTEX_POINT('',#5560);
#1430=VERTEX_POINT('',#5866);
#1431=VERTEX_POINT('',#5867);
#1432=VERTEX_POINT('',#5872);
#1433=VERTEX_POINT('',#5877);
#1434=VERTEX_POINT('',#5898);
#1435=VERTEX_POINT('',#5899);
#1436=VERTEX_POINT('',#6128);
#1437=VERTEX_POINT('',#6129);
#1438=VERTEX_POINT('',#6134);
#1439=VERTEX_POINT('',#6145);
#1440=VERTEX_POINT('',#6153);
#1441=VERTEX_POINT('',#6154);
#1442=VERTEX_POINT('',#6163);
#1443=VERTEX_POINT('',#6165);
#1444=VERTEX_POINT('',#6171);
#1445=VERTEX_POINT('',#6181);
#1446=VERTEX_POINT('',#6182);
#1447=VERTEX_POINT('',#6184);
#1448=VERTEX_POINT('',#6189);
#1449=VERTEX_POINT('',#6196);
#1450=VERTEX_POINT('',#6197);
#1451=VERTEX_POINT('',#6199);
#1452=VERTEX_POINT('',#6204);
#1453=VERTEX_POINT('',#6211);
#1454=VERTEX_POINT('',#6216);
#1455=VERTEX_POINT('',#6218);
#1456=VERTEX_POINT('',#6225);
#1457=VERTEX_POINT('',#6227);
#1458=VERTEX_POINT('',#6237);
#1459=VERTEX_POINT('',#6242);
#1460=VERTEX_POINT('',#6244);
#1461=VERTEX_POINT('',#6251);
#1462=VERTEX_POINT('',#6253);
#1463=VERTEX_POINT('',#6268);
#1464=VERTEX_POINT('',#6273);
#1465=VERTEX_POINT('',#6275);
#1466=VERTEX_POINT('',#6285);
#1467=VERTEX_POINT('',#6286);
#1468=VERTEX_POINT('',#6291);
#1469=VERTEX_POINT('',#6293);
#1470=VERTEX_POINT('',#6310);
#1471=VERTEX_POINT('',#6312);
#1472=VERTEX_POINT('',#6324);
#1473=VERTEX_POINT('',#6332);
#1474=VERTEX_POINT('',#6333);
#1475=VERTEX_POINT('',#6335);
#1476=VERTEX_POINT('',#6554);
#1477=VERTEX_POINT('',#6574);
#1478=VERTEX_POINT('',#6606);
#1479=VERTEX_POINT('',#6611);
#1480=VERTEX_POINT('',#6621);
#1481=VERTEX_POINT('',#6622);
#1482=VERTEX_POINT('',#6624);
#1483=VERTEX_POINT('',#6629);
#1484=VERTEX_POINT('',#6680);
#1485=VERTEX_POINT('',#6685);
#1486=VERTEX_POINT('',#6694);
#1487=VERTEX_POINT('',#6699);
#1488=VERTEX_POINT('',#6709);
#1489=VERTEX_POINT('',#6711);
#1490=VERTEX_POINT('',#6722);
#1491=VERTEX_POINT('',#6723);
#1492=VERTEX_POINT('',#6725);
#1493=VERTEX_POINT('',#6730);
#1494=VERTEX_POINT('',#6738);
#1495=VERTEX_POINT('',#6743);
#1496=VERTEX_POINT('',#6748);
#1497=VERTEX_POINT('',#6755);
#1498=VERTEX_POINT('',#6757);
#1499=VERTEX_POINT('',#6766);
#1500=VERTEX_POINT('',#6799);
#1501=VERTEX_POINT('',#6807);
#1502=VERTEX_POINT('',#6809);
#1503=VERTEX_POINT('',#6931);
#1504=VERTEX_POINT('',#6936);
#1505=VERTEX_POINT('',#6954);
#1506=VERTEX_POINT('',#6965);
#1507=VERTEX_POINT('',#7080);
#1508=VERTEX_POINT('',#7156);
#1509=VERTEX_POINT('',#7226);
#1510=VERTEX_POINT('',#7234);
#1511=VERTEX_POINT('',#7236);
#1512=VERTEX_POINT('',#7238);
#1513=VERTEX_POINT('',#7247);
#1514=VERTEX_POINT('',#7252);
#1515=VERTEX_POINT('',#7257);
#1516=VERTEX_POINT('',#7263);
#1517=VERTEX_POINT('',#7269);
#1518=VERTEX_POINT('',#7271);
#1519=VERTEX_POINT('',#7279);
#1520=VERTEX_POINT('',#7299);
#1521=CIRCLE('',#1967,0.0017);
#1522=CIRCLE('',#1968,0.0017);
#1523=CIRCLE('',#1969,0.0017);
#1524=CIRCLE('',#1971,0.0037);
#1525=CIRCLE('',#1972,0.0037);
#1526=CIRCLE('',#1973,0.0037);
#1527=CIRCLE('',#1974,0.0037);
#1528=CIRCLE('',#1976,0.0037);
#1529=CIRCLE('',#1977,0.0037);
#1530=CIRCLE('',#1979,0.00451988300524912);
#1531=CIRCLE('',#1981,0.005392124565389);
#1532=CIRCLE('',#1982,0.0127);
#1533=CIRCLE('',#1983,0.0004);
#1534=CIRCLE('',#1985,0.00142033647558725);
#1535=CIRCLE('',#1988,0.0017);
#1536=CIRCLE('',#1989,0.0017);
#1537=CIRCLE('',#1991,0.00146824583655185);
#1538=CIRCLE('',#1993,0.00146824583655185);
#1539=CIRCLE('',#1995,0.0005);
#1540=CIRCLE('',#1996,0.00138969109504207);
#1541=CIRCLE('',#1999,0.00390964228871684);
#1542=CIRCLE('',#2000,0.0004);
#1543=CIRCLE('',#2004,0.0005);
#1544=CIRCLE('',#2012,0.0007);
#1545=CIRCLE('',#2015,0.0007);
#1546=CIRCLE('',#2022,0.00539212455725747);
#1547=CIRCLE('',#2023,0.00599456129652556);
#1548=CIRCLE('',#2025,0.00190030952928952);
#1549=CIRCLE('',#2027,0.009);
#1550=CIRCLE('',#2028,0.00653037432365255);
#1551=CIRCLE('',#2030,0.007);
#1552=CIRCLE('',#2031,0.00210828325250984);
#1553=CIRCLE('',#2040,0.0009);
#1554=CIRCLE('',#2041,0.0009);
#1555=CIRCLE('',#2042,0.0004);
#1556=CIRCLE('',#2043,0.0004);
#1557=CIRCLE('',#2045,0.0004);
#1558=CIRCLE('',#2047,0.0004);
#1559=CIRCLE('',#2048,0.0004);
#1560=CIRCLE('',#2049,0.0004);
#1561=CIRCLE('',#2050,0.0004);
#1562=CIRCLE('',#2052,0.004);
#1563=CIRCLE('',#2053,0.004);
#1564=CIRCLE('',#2054,0.004);
#1565=CIRCLE('',#2055,0.004);
#1566=CIRCLE('',#2056,0.004);
#1567=CIRCLE('',#2057,0.0007);
#1568=CIRCLE('',#2058,0.0007);
#1569=CIRCLE('',#2059,0.004);
#1570=CIRCLE('',#2060,0.004);
#1571=CIRCLE('',#2064,0.00142033647558725);
#1572=CIRCLE('',#2067,0.00244458267016964);
#1573=CIRCLE('',#2070,0.0004);
#1574=EDGE_LOOP('',(#417,#418,#419,#420,#421,#422));
#1575=EDGE_LOOP('',(#423,#424,#425,#426,#427));
#1576=EDGE_LOOP('',(#428,#429,#430,#431));
#1577=EDGE_LOOP('',(#432));
#1578=EDGE_LOOP('',(#433,#434,#435,#436,#437,#438,#439,#440,#441,#442,#443,
#444,#445,#446));
#1579=EDGE_LOOP('',(#447,#448,#449,#450));
#1580=EDGE_LOOP('',(#451,#452,#453,#454,#455,#456,#457,#458,#459,#460));
#1581=EDGE_LOOP('',(#461,#462,#463,#464));
#1582=EDGE_LOOP('',(#465,#466,#467,#468,#469,#470,#471));
#1583=EDGE_LOOP('',(#472,#473,#474));
#1584=EDGE_LOOP('',(#475,#476,#477,#478,#479,#480));
#1585=EDGE_LOOP('',(#481,#482,#483));
#1586=EDGE_LOOP('',(#484,#485,#486,#487));
#1587=EDGE_LOOP('',(#488,#489,#490,#491));
#1588=EDGE_LOOP('',(#492,#493,#494));
#1589=EDGE_LOOP('',(#495,#496,#497,#498));
#1590=EDGE_LOOP('',(#499,#500,#501,#502));
#1591=EDGE_LOOP('',(#503,#504,#505,#506));
#1592=EDGE_LOOP('',(#507));
#1593=EDGE_LOOP('',(#508,#509,#510,#511,#512,#513,#514));
#1594=EDGE_LOOP('',(#515,#516,#517,#518,#519,#520,#521));
#1595=EDGE_LOOP('',(#522,#523,#524,#525));
#1596=EDGE_LOOP('',(#526,#527,#528,#529));
#1597=EDGE_LOOP('',(#530,#531,#532,#533));
#1598=EDGE_LOOP('',(#534,#535,#536,#537,#538));
#1599=EDGE_LOOP('',(#539,#540,#541,#542));
#1600=EDGE_LOOP('',(#543,#544,#545));
#1601=EDGE_LOOP('',(#546,#547,#548,#549));
#1602=EDGE_LOOP('',(#550,#551,#552,#553,#554,#555,#556,#557));
#1603=EDGE_LOOP('',(#558,#559,#560,#561,#562,#563,#564));
#1604=EDGE_LOOP('',(#565,#566,#567,#568));
#1605=EDGE_LOOP('',(#569,#570,#571,#572,#573,#574,#575,#576,#577));
#1606=EDGE_LOOP('',(#578,#579,#580,#581,#582,#583,#584,#585));
#1607=EDGE_LOOP('',(#586,#587,#588,#589));
#1608=EDGE_LOOP('',(#590,#591,#592,#593));
#1609=EDGE_LOOP('',(#594,#595,#596,#597));
#1610=EDGE_LOOP('',(#598,#599,#600,#601,#602));
#1611=EDGE_LOOP('',(#603,#604,#605));
#1612=EDGE_LOOP('',(#606));
#1613=EDGE_LOOP('',(#607,#608));
#1614=EDGE_LOOP('',(#609,#610,#611,#612));
#1615=EDGE_LOOP('',(#613,#614,#615,#616,#617));
#1616=EDGE_LOOP('',(#618,#619,#620,#621));
#1617=EDGE_LOOP('',(#622,#623,#624,#625));
#1618=EDGE_LOOP('',(#626,#627,#628,#629,#630));
#1619=EDGE_LOOP('',(#631,#632,#633,#634));
#1620=EDGE_LOOP('',(#635,#636,#637,#638,#639));
#1621=EDGE_LOOP('',(#640,#641,#642,#643));
#1622=EDGE_LOOP('',(#644,#645,#646,#647,#648));
#1623=EDGE_LOOP('',(#649,#650,#651,#652,#653,#654));
#1624=EDGE_LOOP('',(#655,#656,#657,#658));
#1625=EDGE_LOOP('',(#659,#660,#661,#662,#663));
#1626=EDGE_LOOP('',(#664,#665,#666));
#1627=EDGE_LOOP('',(#667,#668,#669,#670,#671,#672,#673));
#1628=EDGE_LOOP('',(#674,#675,#676,#677));
#1629=EDGE_LOOP('',(#678,#679,#680,#681));
#1630=EDGE_LOOP('',(#682,#683,#684,#685));
#1631=EDGE_LOOP('',(#686,#687,#688,#689));
#1632=EDGE_LOOP('',(#690,#691,#692,#693));
#1633=EDGE_LOOP('',(#694,#695,#696,#697));
#1634=EDGE_LOOP('',(#698,#699,#700,#701));
#1635=EDGE_LOOP('',(#702,#703,#704,#705));
#1636=EDGE_LOOP('',(#706,#707,#708,#709,#710));
#1637=EDGE_LOOP('',(#711,#712,#713,#714));
#1638=EDGE_LOOP('',(#715,#716,#717,#718));
#1639=EDGE_LOOP('',(#719,#720,#721,#722,#723,#724,#725,#726,#727,#728));
#1640=EDGE_LOOP('',(#729,#730,#731,#732,#733,#734,#735,#736,#737,#738));
#1641=EDGE_LOOP('',(#739));
#1642=EDGE_LOOP('',(#740,#741,#742,#743,#744,#745,#746));
#1643=EDGE_LOOP('',(#747,#748,#749,#750,#751,#752,#753));
#1644=EDGE_LOOP('',(#754,#755,#756,#757));
#1645=EDGE_LOOP('',(#758,#759,#760,#761));
#1646=EDGE_LOOP('',(#762,#763,#764,#765,#766,#767));
#1647=EDGE_LOOP('',(#768,#769,#770,#771));
#1648=EDGE_LOOP('',(#772,#773,#774,#775,#776));
#1649=EDGE_LOOP('',(#777,#778,#779,#780));
#1650=EDGE_LOOP('',(#781,#782,#783,#784,#785));
#1651=EDGE_LOOP('',(#786,#787,#788,#789,#790,#791,#792,#793,#794));
#1652=EDGE_LOOP('',(#795,#796,#797,#798));
#1653=EDGE_LOOP('',(#799,#800,#801,#802));
#1654=EDGE_LOOP('',(#803,#804,#805,#806));
#1655=EDGE_LOOP('',(#807,#808,#809,#810));
#1656=EDGE_LOOP('',(#811,#812,#813,#814,#815));
#1657=EDGE_LOOP('',(#816,#817,#818,#819,#820,#821));
#1658=EDGE_LOOP('',(#822,#823,#824,#825));
#1659=EDGE_LOOP('',(#826,#827,#828,#829));
#1660=EDGE_LOOP('',(#830,#831,#832,#833,#834,#835));
#1661=EDGE_LOOP('',(#836,#837,#838,#839));
#1662=EDGE_LOOP('',(#840,#841,#842,#843));
#1663=EDGE_LOOP('',(#844,#845,#846,#847));
#1664=EDGE_LOOP('',(#848,#849,#850,#851));
#1665=EDGE_LOOP('',(#852,#853,#854,#855));
#1666=EDGE_LOOP('',(#856,#857,#858,#859));
#1667=EDGE_LOOP('',(#860,#861,#862,#863));
#1668=EDGE_LOOP('',(#864,#865,#866,#867));
#1669=EDGE_LOOP('',(#868,#869,#870,#871));
#1670=EDGE_LOOP('',(#872,#873,#874,#875,#876));
#1671=EDGE_LOOP('',(#877,#878,#879));
#1672=EDGE_LOOP('',(#880,#881,#882,#883));
#1673=EDGE_LOOP('',(#884,#885,#886,#887,#888));
#1674=EDGE_LOOP('',(#889,#890,#891));
#1675=EDGE_LOOP('',(#892,#893,#894,#895));
#1676=EDGE_LOOP('',(#896,#897,#898,#899));
#1677=EDGE_LOOP('',(#900,#901,#902,#903,#904,#905,#906,#907,#908,#909,#910));
#1678=EDGE_LOOP('',(#911,#912,#913,#914,#915,#916,#917,#918));
#1679=EDGE_LOOP('',(#919,#920,#921,#922));
#1680=EDGE_LOOP('',(#923,#924,#925,#926,#927,#928));
#1681=EDGE_LOOP('',(#929,#930,#931,#932,#933,#934,#935,#936,#937,#938,#939,
#940,#941,#942,#943,#944,#945,#946,#947,#948));
#1682=EDGE_LOOP('',(#949,#950,#951,#952,#953,#954,#955,#956,#957,#958,#959,
#960,#961,#962,#963,#964,#965,#966,#967,#968));
#1683=EDGE_LOOP('',(#969,#970,#971,#972,#973,#974,#975));
#1684=EDGE_LOOP('',(#976,#977,#978,#979,#980,#981));
#1685=EDGE_LOOP('',(#982,#983,#984,#985));
#1686=EDGE_LOOP('',(#986,#987,#988));
#1687=EDGE_LOOP('',(#989,#990,#991,#992));
#1688=EDGE_LOOP('',(#993,#994,#995,#996));
#1689=EDGE_LOOP('',(#997,#998,#999,#1000));
#1690=EDGE_LOOP('',(#1001,#1002,#1003,#1004));
#1691=EDGE_LOOP('',(#1005,#1006,#1007,#1008));
#1692=EDGE_LOOP('',(#1009,#1010,#1011,#1012));
#1693=EDGE_LOOP('',(#1013,#1014,#1015));
#1694=EDGE_LOOP('',(#1016,#1017,#1018,#1019,#1020,#1021,#1022));
#1695=EDGE_LOOP('',(#1023,#1024,#1025,#1026));
#1696=FACE_BOUND('',#1574,.T.);
#1697=FACE_BOUND('',#1575,.T.);
#1698=FACE_BOUND('',#1576,.T.);
#1699=FACE_BOUND('',#1577,.T.);
#1700=FACE_BOUND('',#1578,.T.);
#1701=FACE_BOUND('',#1579,.T.);
#1702=FACE_BOUND('',#1580,.T.);
#1703=FACE_BOUND('',#1581,.T.);
#1704=FACE_BOUND('',#1582,.T.);
#1705=FACE_BOUND('',#1583,.T.);
#1706=FACE_BOUND('',#1584,.T.);
#1707=FACE_BOUND('',#1585,.T.);
#1708=FACE_BOUND('',#1586,.T.);
#1709=FACE_BOUND('',#1587,.T.);
#1710=FACE_BOUND('',#1588,.T.);
#1711=FACE_BOUND('',#1589,.T.);
#1712=FACE_BOUND('',#1590,.T.);
#1713=FACE_BOUND('',#1591,.T.);
#1714=FACE_BOUND('',#1592,.T.);
#1715=FACE_BOUND('',#1593,.T.);
#1716=FACE_BOUND('',#1594,.T.);
#1717=FACE_BOUND('',#1595,.T.);
#1718=FACE_BOUND('',#1596,.T.);
#1719=FACE_BOUND('',#1597,.T.);
#1720=FACE_BOUND('',#1598,.T.);
#1721=FACE_BOUND('',#1599,.T.);
#1722=FACE_BOUND('',#1600,.T.);
#1723=FACE_BOUND('',#1601,.T.);
#1724=FACE_BOUND('',#1602,.T.);
#1725=FACE_BOUND('',#1603,.T.);
#1726=FACE_BOUND('',#1604,.T.);
#1727=FACE_BOUND('',#1605,.T.);
#1728=FACE_BOUND('',#1606,.T.);
#1729=FACE_BOUND('',#1607,.T.);
#1730=FACE_BOUND('',#1608,.T.);
#1731=FACE_BOUND('',#1609,.T.);
#1732=FACE_BOUND('',#1610,.T.);
#1733=FACE_BOUND('',#1611,.T.);
#1734=FACE_BOUND('',#1612,.T.);
#1735=FACE_BOUND('',#1613,.T.);
#1736=FACE_BOUND('',#1614,.T.);
#1737=FACE_BOUND('',#1615,.T.);
#1738=FACE_BOUND('',#1616,.T.);
#1739=FACE_BOUND('',#1617,.T.);
#1740=FACE_BOUND('',#1618,.T.);
#1741=FACE_BOUND('',#1619,.T.);
#1742=FACE_BOUND('',#1620,.T.);
#1743=FACE_BOUND('',#1621,.T.);
#1744=FACE_BOUND('',#1622,.T.);
#1745=FACE_BOUND('',#1623,.T.);
#1746=FACE_BOUND('',#1624,.T.);
#1747=FACE_BOUND('',#1625,.T.);
#1748=FACE_BOUND('',#1626,.T.);
#1749=FACE_BOUND('',#1627,.T.);
#1750=FACE_BOUND('',#1628,.T.);
#1751=FACE_BOUND('',#1629,.T.);
#1752=FACE_BOUND('',#1630,.T.);
#1753=FACE_BOUND('',#1631,.T.);
#1754=FACE_BOUND('',#1632,.T.);
#1755=FACE_BOUND('',#1633,.T.);
#1756=FACE_BOUND('',#1634,.T.);
#1757=FACE_BOUND('',#1635,.T.);
#1758=FACE_BOUND('',#1636,.T.);
#1759=FACE_BOUND('',#1637,.T.);
#1760=FACE_BOUND('',#1638,.T.);
#1761=FACE_BOUND('',#1639,.T.);
#1762=FACE_BOUND('',#1640,.T.);
#1763=FACE_BOUND('',#1641,.T.);
#1764=FACE_BOUND('',#1642,.T.);
#1765=FACE_BOUND('',#1643,.T.);
#1766=FACE_BOUND('',#1644,.T.);
#1767=FACE_BOUND('',#1645,.T.);
#1768=FACE_BOUND('',#1646,.T.);
#1769=FACE_BOUND('',#1647,.T.);
#1770=FACE_BOUND('',#1648,.T.);
#1771=FACE_BOUND('',#1649,.T.);
#1772=FACE_BOUND('',#1650,.T.);
#1773=FACE_BOUND('',#1651,.T.);
#1774=FACE_BOUND('',#1652,.T.);
#1775=FACE_BOUND('',#1653,.T.);
#1776=FACE_BOUND('',#1654,.T.);
#1777=FACE_BOUND('',#1655,.T.);
#1778=FACE_BOUND('',#1656,.T.);
#1779=FACE_BOUND('',#1657,.T.);
#1780=FACE_BOUND('',#1658,.T.);
#1781=FACE_BOUND('',#1659,.T.);
#1782=FACE_BOUND('',#1660,.T.);
#1783=FACE_BOUND('',#1661,.T.);
#1784=FACE_BOUND('',#1662,.T.);
#1785=FACE_BOUND('',#1663,.T.);
#1786=FACE_BOUND('',#1664,.T.);
#1787=FACE_BOUND('',#1665,.T.);
#1788=FACE_BOUND('',#1666,.T.);
#1789=FACE_BOUND('',#1667,.T.);
#1790=FACE_BOUND('',#1668,.T.);
#1791=FACE_BOUND('',#1669,.T.);
#1792=FACE_BOUND('',#1670,.T.);
#1793=FACE_BOUND('',#1671,.T.);
#1794=FACE_BOUND('',#1672,.T.);
#1795=FACE_BOUND('',#1673,.T.);
#1796=FACE_BOUND('',#1674,.T.);
#1797=FACE_BOUND('',#1675,.T.);
#1798=FACE_BOUND('',#1676,.T.);
#1799=FACE_BOUND('',#1677,.T.);
#1800=FACE_BOUND('',#1678,.T.);
#1801=FACE_BOUND('',#1679,.T.);
#1802=FACE_BOUND('',#1680,.T.);
#1803=FACE_BOUND('',#1681,.T.);
#1804=FACE_BOUND('',#1682,.T.);
#1805=FACE_BOUND('',#1683,.T.);
#1806=FACE_BOUND('',#1684,.T.);
#1807=FACE_BOUND('',#1685,.T.);
#1808=FACE_BOUND('',#1686,.T.);
#1809=FACE_BOUND('',#1687,.T.);
#1810=FACE_BOUND('',#1688,.T.);
#1811=FACE_BOUND('',#1689,.T.);
#1812=FACE_BOUND('',#1690,.T.);
#1813=FACE_BOUND('',#1691,.T.);
#1814=FACE_BOUND('',#1692,.T.);
#1815=FACE_BOUND('',#1693,.T.);
#1816=FACE_BOUND('',#1694,.T.);
#1817=FACE_BOUND('',#1695,.T.);
#1818=CYLINDRICAL_SURFACE('',#1966,0.0017);
#1819=CYLINDRICAL_SURFACE('',#1970,0.0037);
#1820=CYLINDRICAL_SURFACE('',#1975,0.0037);
#1821=CYLINDRICAL_SURFACE('',#1984,0.00142033647558725);
#1822=CYLINDRICAL_SURFACE('',#1987,0.0017);
#1823=CYLINDRICAL_SURFACE('',#2007,0.01);
#1824=CYLINDRICAL_SURFACE('',#2009,0.006);
#1825=CYLINDRICAL_SURFACE('',#2011,0.0007);
#1826=CYLINDRICAL_SURFACE('',#2014,0.0007);
#1827=CYLINDRICAL_SURFACE('',#2017,0.0007);
#1828=CYLINDRICAL_SURFACE('',#2019,0.0007);
#1829=CYLINDRICAL_SURFACE('',#2032,0.00119057364314319);
#1830=CYLINDRICAL_SURFACE('',#2037,0.00651938357557004);
#1831=CYLINDRICAL_SURFACE('',#2038,0.00650136875756129);
#1832=CYLINDRICAL_SURFACE('',#2039,0.0009);
#1833=CYLINDRICAL_SURFACE('',#2046,0.0004);
#1834=CYLINDRICAL_SURFACE('',#2063,0.00142033647558725);
#1835=ADVANCED_FACE('',(#1696),#1818,.F.);
#1836=ADVANCED_FACE('',(#1697),#263,.F.);
#1837=ADVANCED_FACE('',(#1698),#264,.F.);
#1838=ADVANCED_FACE('',(#1699,#1700),#1819,.T.);
#1839=ADVANCED_FACE('',(#1701),#1820,.T.);
#1840=ADVANCED_FACE('',(#1702),#265,.F.);
#1841=ADVANCED_FACE('',(#1703),#54,.F.);
#1842=ADVANCED_FACE('',(#1704),#55,.F.);
#1843=ADVANCED_FACE('',(#1705),#266,.T.);
#1844=ADVANCED_FACE('',(#1706),#267,.T.);
#1845=ADVANCED_FACE('',(#1707),#268,.F.);
#1846=ADVANCED_FACE('',(#1708),#269,.F.);
#1847=ADVANCED_FACE('',(#1709),#1821,.F.);
#1848=ADVANCED_FACE('',(#1710),#25,.F.);
#1849=ADVANCED_FACE('',(#1711),#1822,.T.);
#1850=ADVANCED_FACE('',(#1712),#26,.F.);
#1851=ADVANCED_FACE('',(#1713),#27,.F.);
#1852=ADVANCED_FACE('',(#1714,#1715),#56,.T.);
#1853=ADVANCED_FACE('',(#1716),#28,.T.);
#1854=ADVANCED_FACE('',(#1717),#13,.F.);
#1855=ADVANCED_FACE('',(#1718),#270,.F.);
#1856=ADVANCED_FACE('',(#1719),#14,.F.);
#1857=ADVANCED_FACE('',(#1720),#57,.F.);
#1858=ADVANCED_FACE('',(#1721),#271,.F.);
#1859=ADVANCED_FACE('',(#1722),#272,.T.);
#1860=ADVANCED_FACE('',(#1723),#273,.F.);
#1861=ADVANCED_FACE('',(#1724),#15,.F.);
#1862=ADVANCED_FACE('',(#1725),#16,.F.);
#1863=ADVANCED_FACE('',(#1726),#29,.F.);
#1864=ADVANCED_FACE('',(#1727),#30,.T.);
#1865=ADVANCED_FACE('',(#1728),#17,.T.);
#1866=ADVANCED_FACE('',(#1729),#18,.T.);
#1867=ADVANCED_FACE('',(#1730),#19,.F.);
#1868=ADVANCED_FACE('',(#1731),#274,.F.);
#1869=ADVANCED_FACE('',(#1732),#20,.F.);
#1870=ADVANCED_FACE('',(#1733),#31,.F.);
#1871=ADVANCED_FACE('',(#1734,#1735),#32,.T.);
#1872=ADVANCED_FACE('',(#1736),#33,.F.);
#1873=ADVANCED_FACE('',(#1737),#1823,.T.);
#1874=ADVANCED_FACE('',(#1738),#34,.F.);
#1875=ADVANCED_FACE('',(#1739),#1824,.F.);
#1876=ADVANCED_FACE('',(#1740),#35,.F.);
#1877=ADVANCED_FACE('',(#1741),#1825,.F.);
#1878=ADVANCED_FACE('',(#1742),#36,.F.);
#1879=ADVANCED_FACE('',(#1743),#1826,.F.);
#1880=ADVANCED_FACE('',(#1744),#37,.F.);
#1881=ADVANCED_FACE('',(#1745),#1827,.T.);
#1882=ADVANCED_FACE('',(#1746),#38,.F.);
#1883=ADVANCED_FACE('',(#1747),#1828,.T.);
#1884=ADVANCED_FACE('',(#1748),#39,.F.);
#1885=ADVANCED_FACE('',(#1749),#275,.T.);
#1886=ADVANCED_FACE('',(#1750),#276,.F.);
#1887=ADVANCED_FACE('',(#1751),#21,.T.);
#1888=ADVANCED_FACE('',(#1752),#277,.F.);
#1889=ADVANCED_FACE('',(#1753),#22,.T.);
#1890=ADVANCED_FACE('',(#1754),#278,.T.);
#1891=ADVANCED_FACE('',(#1755),#23,.T.);
#1892=ADVANCED_FACE('',(#1756),#279,.F.);
#1893=ADVANCED_FACE('',(#1757),#24,.T.);
#1894=ADVANCED_FACE('',(#1758),#280,.F.);
#1895=ADVANCED_FACE('',(#1759),#58,.F.);
#1896=ADVANCED_FACE('',(#1760),#281,.F.);
#1897=ADVANCED_FACE('',(#1761),#282,.F.);
#1898=ADVANCED_FACE('',(#1762,#1763),#40,.F.);
#1899=ADVANCED_FACE('',(#1764),#59,.T.);
#1900=ADVANCED_FACE('',(#1765),#12,.F.);
#1901=ADVANCED_FACE('',(#1766),#1829,.T.);
#1902=ADVANCED_FACE('',(#1767),#41,.T.);
#1903=ADVANCED_FACE('',(#1768),#42,.T.);
#1904=ADVANCED_FACE('',(#1769),#43,.F.);
#1905=ADVANCED_FACE('',(#1770),#44,.T.);
#1906=ADVANCED_FACE('',(#1771),#1830,.T.);
#1907=ADVANCED_FACE('',(#1772),#1831,.T.);
#1908=ADVANCED_FACE('',(#1773),#1832,.T.);
#1909=ADVANCED_FACE('',(#1774),#283,.T.);
#1910=ADVANCED_FACE('',(#1775),#284,.T.);
#1911=ADVANCED_FACE('',(#1776),#60,.T.);
#1912=ADVANCED_FACE('',(#1777),#1833,.T.);
#1913=ADVANCED_FACE('',(#1778),#285,.T.);
#1914=ADVANCED_FACE('',(#1779),#286,.T.);
#1915=ADVANCED_FACE('',(#1780),#287,.T.);
#1916=ADVANCED_FACE('',(#1781),#288,.T.);
#1917=ADVANCED_FACE('',(#1782),#289,.T.);
#1918=ADVANCED_FACE('',(#1783),#290,.T.);
#1919=ADVANCED_FACE('',(#1784),#61,.T.);
#1920=ADVANCED_FACE('',(#1785),#291,.T.);
#1921=ADVANCED_FACE('',(#1786),#292,.F.);
#1922=ADVANCED_FACE('',(#1787),#293,.F.);
#1923=ADVANCED_FACE('',(#1788),#294,.F.);
#1924=ADVANCED_FACE('',(#1789),#295,.F.);
#1925=ADVANCED_FACE('',(#1790),#296,.F.);
#1926=ADVANCED_FACE('',(#1791),#297,.F.);
#1927=ADVANCED_FACE('',(#1792),#298,.F.);
#1928=ADVANCED_FACE('',(#1793),#299,.F.);
#1929=ADVANCED_FACE('',(#1794),#300,.F.);
#1930=ADVANCED_FACE('',(#1795),#301,.F.);
#1931=ADVANCED_FACE('',(#1796),#302,.F.);
#1932=ADVANCED_FACE('',(#1797),#303,.F.);
#1933=ADVANCED_FACE('',(#1798),#304,.F.);
#1934=ADVANCED_FACE('',(#1799),#45,.F.);
#1935=ADVANCED_FACE('',(#1800),#46,.F.);
#1936=ADVANCED_FACE('',(#1801),#1834,.F.);
#1937=ADVANCED_FACE('',(#1802),#47,.T.);
#1938=ADVANCED_FACE('',(#1803),#48,.T.);
#1939=ADVANCED_FACE('',(#1804),#49,.F.);
#1940=ADVANCED_FACE('',(#1805),#50,.T.);
#1941=ADVANCED_FACE('',(#1806),#305,.T.);
#1942=ADVANCED_FACE('',(#1807),#306,.T.);
#1943=ADVANCED_FACE('',(#1808),#307,.T.);
#1944=ADVANCED_FACE('',(#1809),#62,.T.);
#1945=ADVANCED_FACE('',(#1810),#308,.T.);
#1946=ADVANCED_FACE('',(#1811),#309,.T.);
#1947=ADVANCED_FACE('',(#1812),#310,.T.);
#1948=ADVANCED_FACE('',(#1813),#311,.T.);
#1949=ADVANCED_FACE('',(#1814),#312,.T.);
#1950=ADVANCED_FACE('',(#1815),#51,.T.);
#1951=ADVANCED_FACE('',(#1816),#52,.T.);
#1952=ADVANCED_FACE('',(#1817),#53,.T.);
#1953=CLOSED_SHELL('',(#1835,#1836,#1837,#1838,#1839,#1840,#1841,#1842,
#1843,#1844,#1845,#1846,#1847,#1848,#1849,#1850,#1851,#1852,#1853,#1854,
#1855,#1856,#1857,#1858,#1859,#1860,#1861,#1862,#1863,#1864,#1865,#1866,
#1867,#1868,#1869,#1870,#1871,#1872,#1873,#1874,#1875,#1876,#1877,#1878,
#1879,#1880,#1881,#1882,#1883,#1884,#1885,#1886,#1887,#1888,#1889,#1890,
#1891,#1892,#1893,#1894,#1895,#1896,#1897,#1898,#1899,#1900,#1901,#1902,
#1903,#1904,#1905,#1906,#1907,#1908,#1909,#1910,#1911,#1912,#1913,#1914,
#1915,#1916,#1917,#1918,#1919,#1920,#1921,#1922,#1923,#1924,#1925,#1926,
#1927,#1928,#1929,#1930,#1931,#1932,#1933,#1934,#1935,#1936,#1937,#1938,
#1939,#1940,#1941,#1942,#1943,#1944,#1945,#1946,#1947,#1948,#1949,#1950,
#1951,#1952));
#1954=STYLED_ITEM('',(#1955),#1962);
#1955=PRESENTATION_STYLE_ASSIGNMENT((#1956));
#1956=SURFACE_STYLE_USAGE(.BOTH.,#1957);
#1957=SURFACE_SIDE_STYLE('',(#1958));
#1958=SURFACE_STYLE_FILL_AREA(#1959);
#1959=FILL_AREA_STYLE('',(#1960));
#1960=FILL_AREA_STYLE_COLOUR('',#1961);
#1961=COLOUR_RGB('',0.796078431372549,0.823529411764706,0.937254901960784);
#1962=MANIFOLD_SOLID_BREP('hand_pulley_wheel_thumb',#1953);
#1963=SHAPE_DEFINITION_REPRESENTATION(#7500,#1964);
#1964=SHAPE_REPRESENTATION('hand_pulley_wheel_thumb',(#1965),#7495);
#1965=AXIS2_PLACEMENT_3D('',#2347,#2075,#2076);
#1966=AXIS2_PLACEMENT_3D('',#2348,#2077,#2078);
#1967=AXIS2_PLACEMENT_3D('',#2349,#2079,#2080);
#1968=AXIS2_PLACEMENT_3D('',#2354,#2082,#2083);
#1969=AXIS2_PLACEMENT_3D('',#2358,#2085,#2086);
#1970=AXIS2_PLACEMENT_3D('',#2437,#2088,#2089);
#1971=AXIS2_PLACEMENT_3D('',#2438,#2090,#2091);
#1972=AXIS2_PLACEMENT_3D('',#2440,#2092,#2093);
#1973=AXIS2_PLACEMENT_3D('',#2442,#2094,#2095);
#1974=AXIS2_PLACEMENT_3D('',#2517,#2096,#2097);
#1975=AXIS2_PLACEMENT_3D('',#2524,#2098,#2099);
#1976=AXIS2_PLACEMENT_3D('',#2525,#2100,#2101);
#1977=AXIS2_PLACEMENT_3D('',#2532,#2102,#2103);
#1978=AXIS2_PLACEMENT_3D('',#2605,#2104,#2105);
#1979=AXIS2_PLACEMENT_3D('',#2606,#2106,#2107);
#1980=AXIS2_PLACEMENT_3D('',#2612,#2108,#2109);
#1981=AXIS2_PLACEMENT_3D('',#2613,#2110,#2111);
#1982=AXIS2_PLACEMENT_3D('',#2620,#2112,#2113);
#1983=AXIS2_PLACEMENT_3D('',#2680,#2114,#2115);
#1984=AXIS2_PLACEMENT_3D('',#2733,#2116,#2117);
#1985=AXIS2_PLACEMENT_3D('',#2734,#2118,#2119);
#1986=AXIS2_PLACEMENT_3D('',#2743,#2121,#2122);
#1987=AXIS2_PLACEMENT_3D('',#2750,#2124,#2125);
#1988=AXIS2_PLACEMENT_3D('',#2751,#2126,#2127);
#1989=AXIS2_PLACEMENT_3D('',#2756,#2129,#2130);
#1990=AXIS2_PLACEMENT_3D('',#2759,#2132,#2133);
#1991=AXIS2_PLACEMENT_3D('',#2764,#2136,#2137);
#1992=AXIS2_PLACEMENT_3D('',#2765,#2138,#2139);
#1993=AXIS2_PLACEMENT_3D('',#2768,#2141,#2142);
#1994=AXIS2_PLACEMENT_3D('',#2771,#2144,#2145);
#1995=AXIS2_PLACEMENT_3D('',#2772,#2146,#2147);
#1996=AXIS2_PLACEMENT_3D('',#2774,#2148,#2149);
#1997=AXIS2_PLACEMENT_3D('',#2794,#2150,#2151);
#1998=AXIS2_PLACEMENT_3D('',#3405,#2155,#2156);
#1999=AXIS2_PLACEMENT_3D('',#3416,#2157,#2158);
#2000=AXIS2_PLACEMENT_3D('',#3460,#2159,#2160);
#2001=AXIS2_PLACEMENT_3D('',#5471,#2161,#2162);
#2002=AXIS2_PLACEMENT_3D('',#5486,#2165,#2166);
#2003=AXIS2_PLACEMENT_3D('',#6143,#2169,#2170);
#2004=AXIS2_PLACEMENT_3D('',#6146,#2172,#2173);
#2005=AXIS2_PLACEMENT_3D('',#6147,#2174,#2175);
#2006=AXIS2_PLACEMENT_3D('',#6148,#2176,#2177);
#2007=AXIS2_PLACEMENT_3D('',#6157,#2180,#2181);
#2008=AXIS2_PLACEMENT_3D('',#6176,#2183,#2184);
#2009=AXIS2_PLACEMENT_3D('',#6191,#2187,#2188);
#2010=AXIS2_PLACEMENT_3D('',#6206,#2191,#2192);
#2011=AXIS2_PLACEMENT_3D('',#6223,#2194,#2195);
#2012=AXIS2_PLACEMENT_3D('',#6224,#2196,#2197);
#2013=AXIS2_PLACEMENT_3D('',#6232,#2199,#2200);
#2014=AXIS2_PLACEMENT_3D('',#6249,#2202,#2203);
#2015=AXIS2_PLACEMENT_3D('',#6250,#2204,#2205);
#2016=AXIS2_PLACEMENT_3D('',#6258,#2207,#2208);
#2017=AXIS2_PLACEMENT_3D('',#6280,#2210,#2211);
#2018=AXIS2_PLACEMENT_3D('',#6305,#2213,#2214);
#2019=AXIS2_PLACEMENT_3D('',#6317,#2216,#2217);
#2020=AXIS2_PLACEMENT_3D('',#6330,#2219,#2220);
#2021=AXIS2_PLACEMENT_3D('',#6616,#2223,#2224);
#2022=AXIS2_PLACEMENT_3D('',#6623,#2225,#2226);
#2023=AXIS2_PLACEMENT_3D('',#6630,#2227,#2228);
#2024=AXIS2_PLACEMENT_3D('',#6704,#2229,#2230);
#2025=AXIS2_PLACEMENT_3D('',#6710,#2231,#2232);
#2026=AXIS2_PLACEMENT_3D('',#6720,#2233,#2234);
#2027=AXIS2_PLACEMENT_3D('',#6721,#2235,#2236);
#2028=AXIS2_PLACEMENT_3D('',#6724,#2237,#2238);
#2029=AXIS2_PLACEMENT_3D('',#6753,#2239,#2240);
#2030=AXIS2_PLACEMENT_3D('',#6754,#2241,#2242);
#2031=AXIS2_PLACEMENT_3D('',#6756,#2243,#2244);
#2032=AXIS2_PLACEMENT_3D('',#6771,#2245,#2246);
#2033=AXIS2_PLACEMENT_3D('',#6777,#2248,#2249);
#2034=AXIS2_PLACEMENT_3D('',#6780,#2252,#2253);
#2035=AXIS2_PLACEMENT_3D('',#6781,#2254,#2255);
#2036=AXIS2_PLACEMENT_3D('',#6786,#2256,#2257);
#2037=AXIS2_PLACEMENT_3D('',#6787,#2258,#2259);
#2038=AXIS2_PLACEMENT_3D('',#6792,#2260,#2261);
#2039=AXIS2_PLACEMENT_3D('',#6794,#2263,#2264);
#2040=AXIS2_PLACEMENT_3D('',#6800,#2265,#2266);
#2041=AXIS2_PLACEMENT_3D('',#6808,#2267,#2268);
#2042=AXIS2_PLACEMENT_3D('',#6832,#2269,#2270);
#2043=AXIS2_PLACEMENT_3D('',#6845,#2271,#2272);
#2044=AXIS2_PLACEMENT_3D('',#6846,#2273,#2274);
#2045=AXIS2_PLACEMENT_3D('',#6847,#2275,#2276);
#2046=AXIS2_PLACEMENT_3D('',#6848,#2277,#2278);
#2047=AXIS2_PLACEMENT_3D('',#6898,#2279,#2280);
#2048=AXIS2_PLACEMENT_3D('',#6911,#2281,#2282);
#2049=AXIS2_PLACEMENT_3D('',#6930,#2283,#2284);
#2050=AXIS2_PLACEMENT_3D('',#6953,#2285,#2286);
#2051=AXIS2_PLACEMENT_3D('',#6959,#2287,#2288);
#2052=AXIS2_PLACEMENT_3D('',#7008,#2289,#2290);
#2053=AXIS2_PLACEMENT_3D('',#7021,#2291,#2292);
#2054=AXIS2_PLACEMENT_3D('',#7034,#2293,#2294);
#2055=AXIS2_PLACEMENT_3D('',#7050,#2295,#2296);
#2056=AXIS2_PLACEMENT_3D('',#7063,#2297,#2298);
#2057=AXIS2_PLACEMENT_3D('',#7081,#2299,#2300);
#2058=AXIS2_PLACEMENT_3D('',#7157,#2301,#2302);
#2059=AXIS2_PLACEMENT_3D('',#7207,#2303,#2304);
#2060=AXIS2_PLACEMENT_3D('',#7220,#2305,#2306);
#2061=AXIS2_PLACEMENT_3D('',#7221,#2307,#2308);
#2062=AXIS2_PLACEMENT_3D('',#7223,#2310,#2311);
#2063=AXIS2_PLACEMENT_3D('',#7224,#2312,#2313);
#2064=AXIS2_PLACEMENT_3D('',#7227,#2315,#2316);
#2065=AXIS2_PLACEMENT_3D('',#7228,#2317,#2318);
#2066=AXIS2_PLACEMENT_3D('',#7240,#2322,#2323);
#2067=AXIS2_PLACEMENT_3D('',#7270,#2326,#2327);
#2068=AXIS2_PLACEMENT_3D('',#7276,#2328,#2329);
#2069=AXIS2_PLACEMENT_3D('',#7282,#2334,#2335);
#2070=AXIS2_PLACEMENT_3D('',#7317,#2336,#2337);
#2071=AXIS2_PLACEMENT_3D('',#7338,#2338,#2339);
#2072=AXIS2_PLACEMENT_3D('',#7490,#2340,#2341);
#2073=AXIS2_PLACEMENT_3D('',#7492,#2343,#2344);
#2074=AXIS2_PLACEMENT_3D('',#7493,#2345,#2346);
#2075=DIRECTION('',(0.,0.,1.));
#2076=DIRECTION('',(1.,0.,0.));
#2077=DIRECTION('',(0.,0.,-1.));
#2078=DIRECTION('',(0.,1.,0.));
#2079=DIRECTION('',(-1.33504089575435E-16,3.69778549322349E-32,-1.));
#2080=DIRECTION('',(1.,0.,-1.33504089575435E-16));
#2081=DIRECTION('',(0.,0.,-1.));
#2082=DIRECTION('',(0.,0.,-1.));
#2083=DIRECTION('',(0.,1.,0.));
#2084=DIRECTION('',(0.,0.,-1.));
#2085=DIRECTION('',(0.,0.,1.));
#2086=DIRECTION('',(0.,1.,0.));
#2087=DIRECTION('',(0.,0.,-1.));
#2088=DIRECTION('',(0.,0.,-1.));
#2089=DIRECTION('',(0.,1.,0.));
#2090=DIRECTION('',(0.,0.,1.));
#2091=DIRECTION('',(0.,-1.,0.));
#2092=DIRECTION('',(-1.24169864938715E-31,-1.35471987421505E-16,-1.));
#2093=DIRECTION('',(0.,1.,-1.35471987421505E-16));
#2094=DIRECTION('',(0.,0.,-1.));
#2095=DIRECTION('',(0.,1.,0.));
#2096=DIRECTION('',(0.,0.,-1.));
#2097=DIRECTION('',(0.,1.,0.));
#2098=DIRECTION('',(0.,0.,-1.));
#2099=DIRECTION('',(0.,1.,0.));
#2100=DIRECTION('',(0.,0.,1.));
#2101=DIRECTION('',(0.,-1.,0.));
#2102=DIRECTION('',(0.,0.,1.));
#2103=DIRECTION('',(0.,-1.,0.));
#2104=DIRECTION('',(0.,0.,-1.));
#2105=DIRECTION('',(0.,1.,0.));
#2106=DIRECTION('',(1.24169864938715E-31,1.35471987421505E-16,1.));
#2107=DIRECTION('',(0.,-1.,1.35471987421505E-16));
#2108=DIRECTION('',(0.,0.,-1.));
#2109=DIRECTION('',(0.,1.,0.));
#2110=DIRECTION('',(0.,0.,-1.));
#2111=DIRECTION('',(0.,1.,0.));
#2112=DIRECTION('',(0.,0.,-1.));
#2113=DIRECTION('',(0.,1.,0.));
#2114=DIRECTION('',(0.491567695786207,0.592222363683726,-0.638462115095563));
#2115=DIRECTION('',(0.,0.733157158953108,0.680059247621711));
#2116=DIRECTION('',(-1.29361345136839E-16,0.,-1.));
#2117=DIRECTION('',(1.,0.,-1.29361345136839E-16));
#2118=DIRECTION('',(-1.24169864938715E-31,-1.35471987421505E-16,-1.));
#2119=DIRECTION('',(0.,1.,-1.35471987421505E-16));
#2120=DIRECTION('',(-1.29361345136839E-16,0.,-1.));
#2121=DIRECTION('',(0.665430683120505,0.746459647912583,-8.60810082637945E-17));
#2122=DIRECTION('',(-0.746459647912583,0.665430683120505,0.));
#2123=DIRECTION('',(-0.746459647912583,0.665430683120505,-9.01472171335846E-17));
#2124=DIRECTION('',(0.,0.,-1.));
#2125=DIRECTION('',(0.,1.,0.));
#2126=DIRECTION('',(0.,0.,-1.));
#2127=DIRECTION('',(0.,1.,0.));
#2128=DIRECTION('',(0.,0.,-1.));
#2129=DIRECTION('',(-1.33504089575435E-16,3.69778549322349E-32,-1.));
#2130=DIRECTION('',(1.,0.,-1.33504089575435E-16));
#2131=DIRECTION('',(0.,0.,-1.));
#2132=DIRECTION('',(0.,0.,-1.));
#2133=DIRECTION('',(0.,1.,0.));
#2134=DIRECTION('',(1.,-9.16572254545697E-16,0.));
#2135=DIRECTION('',(-0.321929021832646,-0.946763806290606,0.));
#2136=DIRECTION('',(0.,0.,-1.));
#2137=DIRECTION('',(0.,1.,0.));
#2138=DIRECTION('',(0.,0.,-1.));
#2139=DIRECTION('',(0.,1.,0.));
#2140=DIRECTION('',(1.,-9.16572254545697E-16,0.));
#2141=DIRECTION('',(0.,0.,-1.));
#2142=DIRECTION('',(0.,1.,0.));
#2143=DIRECTION('',(-1.,0.,0.));
#2144=DIRECTION('',(0.,0.,-1.));
#2145=DIRECTION('',(0.,1.,0.));
#2146=DIRECTION('',(0.,0.,-1.));
#2147=DIRECTION('',(0.,1.,0.));
#2148=DIRECTION('',(0.,0.,-1.));
#2149=DIRECTION('',(0.,1.,0.));
#2150=DIRECTION('',(0.,1.,0.));
#2151=DIRECTION('',(-1.,0.,0.));
#2152=DIRECTION('',(1.29361345136839E-16,0.,1.));
#2153=DIRECTION('',(-1.,0.,1.33504089575435E-16));
#2154=DIRECTION('',(1.,0.,0.));
#2155=DIRECTION('',(0.,0.,-1.));
#2156=DIRECTION('',(0.,1.,0.));
#2157=DIRECTION('',(1.33504089575435E-16,-3.69778549322349E-32,1.));
#2158=DIRECTION('',(-1.,0.,1.33504089575435E-16));
#2159=DIRECTION('',(-0.1397756664278,0.168396492013787,-0.975758876235371));
#2160=DIRECTION('',(0.,0.985432674947017,0.170065996444814));
#2161=DIRECTION('',(-0.994783210523108,0.102011587877741,0.));
#2162=DIRECTION('',(-0.102011587877741,-0.994783210523108,0.));
#2163=DIRECTION('',(0.,0.,1.));
#2164=DIRECTION('',(0.,0.,1.));
#2165=DIRECTION('',(0.,0.,-1.));
#2166=DIRECTION('',(0.,1.,0.));
#2167=DIRECTION('',(-0.690718939032408,-0.723123327836922,0.));
#2168=DIRECTION('',(-0.816523773979042,-0.577311810486346,0.));
#2169=DIRECTION('',(0.,0.,-1.));
#2170=DIRECTION('',(0.,1.,0.));
#2171=DIRECTION('',(-0.15728818736625,0.987552745991342,0.));
#2172=DIRECTION('',(0.,0.,-1.));
#2173=DIRECTION('',(0.,1.,0.));
#2174=DIRECTION('',(0.,0.,1.));
#2175=DIRECTION('',(0.,-1.,0.));
#2176=DIRECTION('',(0.769466461043258,-0.63868722026479,0.));
#2177=DIRECTION('',(0.63868722026479,0.769466461043258,0.));
#2178=DIRECTION('',(0.63868722026479,0.769466461043258,0.));
#2179=DIRECTION('',(0.,0.,1.));
#2180=DIRECTION('',(0.,0.,1.));
#2181=DIRECTION('',(0.,-1.,0.));
#2182=DIRECTION('',(0.,0.,1.));
#2183=DIRECTION('',(-0.769466461043259,-0.638687220264788,0.));
#2184=DIRECTION('',(0.638687220264788,-0.769466461043259,0.));
#2185=DIRECTION('',(-0.638687220264788,0.76946646104326,8.26214379351619E-17));
#2186=DIRECTION('',(0.638687220264788,-0.769466461043259,0.));
#2187=DIRECTION('',(0.,0.,1.));
#2188=DIRECTION('',(0.,-1.,0.));
#2189=DIRECTION('',(0.,0.,1.));
#2190=DIRECTION('',(0.,0.,1.));
#2191=DIRECTION('',(0.364498752713225,-0.931203876318448,0.));
#2192=DIRECTION('',(0.931203876318448,0.364498752713225,0.));
#2193=DIRECTION('',(0.,0.,1.));
#2194=DIRECTION('',(0.,0.,1.));
#2195=DIRECTION('',(0.,-1.,0.));
#2196=DIRECTION('',(0.,0.,1.));
#2197=DIRECTION('',(0.,-1.,0.));
#2198=DIRECTION('',(0.,0.,1.));
#2199=DIRECTION('',(0.658460822650777,-0.752615004523602,0.));
#2200=DIRECTION('',(0.752615004523603,0.658460822650777,0.));
#2201=DIRECTION('',(0.,0.,1.));
#2202=DIRECTION('',(0.,0.,1.));
#2203=DIRECTION('',(0.,-1.,0.));
#2204=DIRECTION('',(0.,0.,1.));
#2205=DIRECTION('',(0.,-1.,0.));
#2206=DIRECTION('',(0.,0.,1.));
#2207=DIRECTION('',(0.992125138308321,-0.125250588568254,0.));
#2208=DIRECTION('',(0.125250588568254,0.992125138308321,0.));
#2209=DIRECTION('',(0.,0.,1.));
#2210=DIRECTION('',(0.,0.,1.));
#2211=DIRECTION('',(0.,-1.,0.));
#2212=DIRECTION('',(0.,0.,1.));
#2213=DIRECTION('',(0.,-1.,0.));
#2214=DIRECTION('',(1.,0.,0.));
#2215=DIRECTION('',(0.,0.,1.));
#2216=DIRECTION('',(0.,0.,1.));
#2217=DIRECTION('',(0.,-1.,0.));
#2218=DIRECTION('',(0.,0.,1.));
#2219=DIRECTION('',(-0.987552745991342,-0.15728818736625,0.));
#2220=DIRECTION('',(0.15728818736625,-0.987552745991342,0.));
#2221=DIRECTION('',(0.,0.,1.));
#2222=DIRECTION('',(-0.15728818736625,0.987552745991342,0.));
#2223=DIRECTION('',(0.,0.,-1.));
#2224=DIRECTION('',(0.,1.,0.));
#2225=DIRECTION('',(1.33504089575435E-16,-3.69778549322349E-32,1.));
#2226=DIRECTION('',(-1.,0.,1.33504089575435E-16));
#2227=DIRECTION('',(-1.29361345136839E-16,0.,-1.));
#2228=DIRECTION('',(1.,0.,-1.29361345136839E-16));
#2229=DIRECTION('',(0.,0.,1.));
#2230=DIRECTION('',(0.,-1.,0.));
#2231=DIRECTION('',(0.,0.,1.));
#2232=DIRECTION('',(0.,-1.,0.));
#2233=DIRECTION('',(0.,0.,-1.));
#2234=DIRECTION('',(0.,1.,0.));
#2235=DIRECTION('',(1.,0.,0.));
#2236=DIRECTION('',(0.,1.,0.));
#2237=DIRECTION('',(0.,0.,1.));
#2238=DIRECTION('',(0.,-1.,0.));
#2239=DIRECTION('',(0.,0.,-1.));
#2240=DIRECTION('',(0.,1.,0.));
#2241=DIRECTION('',(1.,0.,0.));
#2242=DIRECTION('',(0.,1.,0.));
#2243=DIRECTION('',(1.29361345136839E-16,0.,1.));
#2244=DIRECTION('',(-1.,0.,1.29361345136839E-16));
#2245=DIRECTION('',(0.,0.,-1.));
#2246=DIRECTION('',(0.519215821686388,-0.854643159751793,0.));
#2247=DIRECTION('',(0.,0.,-1.));
#2248=DIRECTION('',(0.723123327836922,-0.690718939032408,0.));
#2249=DIRECTION('',(0.690718939032408,0.723123327836922,0.));
#2250=DIRECTION('',(0.,0.,-1.));
#2251=DIRECTION('',(0.,0.,-1.));
#2252=DIRECTION('',(0.577311810486346,-0.816523773979042,0.));
#2253=DIRECTION('',(0.816523773979042,0.577311810486346,0.));
#2254=DIRECTION('',(-0.364498752713225,0.931203876318448,0.));
#2255=DIRECTION('',(-0.931203876318448,-0.364498752713225,0.));
#2256=DIRECTION('',(0.670430541430433,-0.741972296731689,0.));
#2257=DIRECTION('',(0.741972296731689,0.670430541430433,0.));
#2258=DIRECTION('',(0.,0.,-1.));
#2259=DIRECTION('',(0.185502369489639,-0.982643816911158,0.));
#2260=DIRECTION('',(0.,0.,-1.));
#2261=DIRECTION('',(-2.73261379030259E-6,-0.999999999996266,0.));
#2262=DIRECTION('',(0.,0.,-1.));
#2263=DIRECTION('',(0.,0.,1.));
#2264=DIRECTION('',(0.,-1.,0.));
#2265=DIRECTION('',(0.,0.,-1.));
#2266=DIRECTION('',(0.,1.,0.));
#2267=DIRECTION('',(0.,0.,-1.));
#2268=DIRECTION('',(0.,1.,0.));
#2269=DIRECTION('',(0.966935054537535,0.254129274340258,-0.0213286715429924));
#2270=DIRECTION('',(-0.254187097326716,0.967155064895293,0.));
#2271=DIRECTION('',(0.947877354660765,-0.318635403747467,-1.3818607878952E-15));
#2272=DIRECTION('',(0.318635403747467,0.947877354660765,0.));
#2273=DIRECTION('',(0.,0.,-1.));
#2274=DIRECTION('',(0.,1.,0.));
#2275=DIRECTION('',(0.157288187366252,-0.987552745991341,0.));
#2276=DIRECTION('',(0.987552745991341,0.157288187366252,0.));
#2277=DIRECTION('',(-0.15728818736625,0.987552745991342,0.));
#2278=DIRECTION('',(-0.987552745991342,-0.15728818736625,0.));
#2279=DIRECTION('',(0.489111041577505,0.589262678629762,-0.643070668419145));
#2280=DIRECTION('',(0.,0.737279062538766,0.675588324308494));
#2281=DIRECTION('',(0.487148854292099,0.572284878345162,-0.65967871860426));
#2282=DIRECTION('',(0.,0.755369749274287,0.655298818769957));
#2283=DIRECTION('',(0.967155029702431,0.254187088077349,-0.000269770362750193));
#2284=DIRECTION('',(-0.254187097326715,0.967155064895293,0.));
#2285=DIRECTION('',(0.968552113492419,0.24881077840272,0.));
#2286=DIRECTION('',(-0.24881077840272,0.96855211349242,0.));
#2287=DIRECTION('',(0.,0.,-1.));
#2288=DIRECTION('',(0.,1.,0.));
#2289=DIRECTION('',(0.998017115609516,8.65641859937243E-16,0.0629431247275052));
#2290=DIRECTION('',(-0.0629431247275052,0.,0.998017115609516));
#2291=DIRECTION('',(0.966644629056323,0.25589682061256,0.0107227942695856));
#2292=DIRECTION('',(-0.255911533174164,0.966700205435195,0.));
#2293=DIRECTION('',(0.965356774767217,0.26075397735311,0.00967784612244106));
#2294=DIRECTION('',(-0.260766189411709,0.965401985941451,0.));
#2295=DIRECTION('',(0.12461278802038,0.987073042634041,0.100789193701331));
#2296=DIRECTION('',(-0.99212513830833,0.125250588568188,0.));
#2297=DIRECTION('',(0.117931228904397,0.934147600623135,-0.336838960779686));
#2298=DIRECTION('',(0.,0.339206020189879,0.940712111045108));
#2299=DIRECTION('',(0.144740059401651,0.126632684721003,-0.981333010942136));
#2300=DIRECTION('',(0.989297171991633,0.,0.145914719920084));
#2301=DIRECTION('',(0.0333129878084103,0.013039617654216,-0.999359901744466));
#2302=DIRECTION('',(0.999444873976404,0.,0.0333158203004101));
#2303=DIRECTION('',(0.923495311762586,0.361481408995833,0.128404050181102));
#2304=DIRECTION('',(-0.364498752713225,0.931203876318448,0.));
#2305=DIRECTION('',(1.,0.,0.));
#2306=DIRECTION('',(0.,1.,0.));
#2307=DIRECTION('',(1.29361345136839E-16,0.,1.));
#2308=DIRECTION('',(-1.,0.,1.29361345136839E-16));
#2309=DIRECTION('',(0.,1.,0.));
#2310=DIRECTION('',(1.,0.,0.));
#2311=DIRECTION('',(0.,1.,0.));
#2312=DIRECTION('',(-1.29361345136839E-16,0.,-1.));
#2313=DIRECTION('',(1.,0.,-1.29361345136839E-16));
#2314=DIRECTION('',(-1.29361345136839E-16,0.,-1.));
#2315=DIRECTION('',(-1.33504089575435E-16,3.69778549322349E-32,-1.));
#2316=DIRECTION('',(1.,0.,-1.33504089575435E-16));
#2317=DIRECTION('',(-0.998039927798507,0.0625803684868535,1.29107787560289E-16));
#2318=DIRECTION('',(-0.0625803684868535,-0.998039927798507,0.));
#2319=DIRECTION('',(0.0625803684868535,0.998039927798507,-8.35473512013256E-18));
#2320=DIRECTION('',(-1.29361345136839E-16,0.,-1.));
#2321=DIRECTION('',(0.0625803684868535,0.998039927798507,-8.35473512013256E-18));
#2322=DIRECTION('',(-1.33504089575435E-16,3.69778549322349E-32,-1.));
#2323=DIRECTION('',(1.,0.,-1.33504089575435E-16));
#2324=DIRECTION('',(1.,-9.16572254545697E-16,0.));
#2325=DIRECTION('',(0.321929021832646,0.946763806290606,-4.29788409676776E-17));
#2326=DIRECTION('',(-1.33504089575435E-16,3.69778549322349E-32,-1.));
#2327=DIRECTION('',(1.,0.,-1.33504089575435E-16));
#2328=DIRECTION('',(-1.33504089575435E-16,3.69778549322349E-32,-1.));
#2329=DIRECTION('',(1.,0.,-1.33504089575435E-16));
#2330=DIRECTION('',(1.,-9.16572254545697E-16,0.));
#2331=DIRECTION('',(1.,-9.16572254545697E-16,0.));
#2332=DIRECTION('',(-9.16572254545696E-16,-1.,0.));
#2333=DIRECTION('',(0.321929021832646,0.946763806290606,-4.29788409676776E-17));
#2334=DIRECTION('',(-0.946763806290606,0.321929021832646,1.22474639508627E-16));
#2335=DIRECTION('',(-0.321929021832646,-0.946763806290606,0.));
#2336=DIRECTION('',(-0.14944444886805,0.156969775180611,-0.976230939062204));
#2337=DIRECTION('',(0.,0.987318403005664,0.158752546708217));
#2338=DIRECTION('',(1.33504089575435E-16,-3.69778549322349E-32,1.));
#2339=DIRECTION('',(-1.,0.,1.33504089575435E-16));
#2340=DIRECTION('',(-1.,9.16572254545697E-16,4.10462095901345E-33));
#2341=DIRECTION('',(-9.16572254545697E-16,-1.,0.));
#2342=DIRECTION('',(-1.28395328657524E-31,-1.44560288574534E-16,1.));
#2343=DIRECTION('',(9.16572254545697E-16,1.,1.44560288574534E-16));
#2344=DIRECTION('',(-1.,9.16572254545697E-16,0.));
#2345=DIRECTION('',(9.16572254545697E-16,1.,1.44560288574534E-16));
#2346=DIRECTION('',(-1.,9.16572254545697E-16,0.));
#2347=CARTESIAN_POINT('',(0.,0.,0.));
#2348=CARTESIAN_POINT('',(0.,0.,0.004));
#2349=CARTESIAN_POINT('',(0.,0.,-0.00175309018705758));
#2350=CARTESIAN_POINT('',(-0.00109544511501033,-0.0013,-0.00175309018705758));
#2351=CARTESIAN_POINT('',(0.00168632634260337,0.000215182402259003,-0.00175309018705758));
#2352=CARTESIAN_POINT('',(0.00168632634260337,0.000215182402259002,0.004));
#2353=CARTESIAN_POINT('',(0.00168632634260337,0.000215182402259003,-0.00325));
#2354=CARTESIAN_POINT('',(0.,0.,-0.00325));
#2355=CARTESIAN_POINT('',(0.00109544511501033,-0.0013,-0.00325));
#2356=CARTESIAN_POINT('',(0.00109544511501033,-0.0013,0.004));
#2357=CARTESIAN_POINT('',(0.00109544511501033,-0.0013,0.009));
#2358=CARTESIAN_POINT('',(0.,-2.16840434497101E-19,0.009));
#2359=CARTESIAN_POINT('',(-0.00109544511501033,-0.0013,0.009));
#2360=CARTESIAN_POINT('',(-0.00109544511501033,-0.0013,0.004));
#2361=CARTESIAN_POINT('',(-0.00294289048996371,0.00224263139282433,0.002));
#2362=CARTESIAN_POINT('',(-0.0029428904899637,0.00224263139282433,0.002));
#2363=CARTESIAN_POINT('',(-0.0029428904899637,0.00224263139282433,0.002));
#2364=CARTESIAN_POINT('',(-0.00292053784515956,0.0022719636254998,0.00140685184288931));
#2365=CARTESIAN_POINT('',(-0.00286754665441764,0.00234150124710789,0.00157161522263549));
#2366=CARTESIAN_POINT('',(-0.00281455547206794,0.00241103887383222,0.00173637860588911));
#2367=CARTESIAN_POINT('',(-0.00294829042039413,0.00242223400372644,0.000185422030429957));
#2368=CARTESIAN_POINT('',(-0.00269769752149977,0.00255036878650129,0.000705930750592259));
#2369=CARTESIAN_POINT('',(-0.0025236588041951,0.00273137214081252,0.00123797224882835));
#2370=CARTESIAN_POINT('',(-0.00326405146905482,0.00303503818462795,-0.00199452420717549));
#2371=CARTESIAN_POINT('',(-0.00240367424232715,0.00288397981199916,-0.000984572622039972));
#2372=CARTESIAN_POINT('',(-0.00184928574249235,0.00325313514015368,0.000177590419254047));
#2373=CARTESIAN_POINT('',(-0.00362866901788914,0.00362434011276319,-0.00314184608612473));
#2374=CARTESIAN_POINT('',(-0.00238529778152889,0.00303854115497459,-0.00215532146966009));
#2375=CARTESIAN_POINT('',(-0.00131488629453633,0.00347065735179005,-0.000893189387815876));
#2376=CARTESIAN_POINT('',(-0.00388133205847814,0.00400142547670305,-0.00378083388591245));
#2377=CARTESIAN_POINT('',(-0.00246184179975658,0.00313612532200838,-0.00292260472398639));
#2378=CARTESIAN_POINT('',(-0.00103600953484203,0.00355199721899052,-0.00178492851155623));
#2379=CARTESIAN_POINT('',(-0.00193440648044868,0.00332490986647936,-0.00175309018705758));
#2380=CARTESIAN_POINT('',(-0.00163618790865936,0.0033907420756533,-0.00175309018705758));
#2381=CARTESIAN_POINT('',(-0.00133938621921488,0.00346259785389238,-0.00175309018705758));
#2382=CARTESIAN_POINT('',(-0.00104602073928427,0.00354906193422814,-0.00175309018705758));
#2383=CARTESIAN_POINT('',(-0.00193440648044868,0.00332490986647936,-0.00175309018705758));
#2384=CARTESIAN_POINT('',(-0.00104602073928427,0.00354906193422814,-0.00175309018705728));
#2385=CARTESIAN_POINT('',(-0.00193440648044868,0.00332490986647936,-0.00175309018705758));
#2386=CARTESIAN_POINT('',(-0.00194310593905761,0.00325227145979744,-0.00123030048802951));
#2387=CARTESIAN_POINT('',(-0.0019586094028459,0.00318174730507492,-0.000707414402552555));
#2388=CARTESIAN_POINT('',(-0.00196694814975743,0.00314847919994044,-0.000180201081617156));
#2389=CARTESIAN_POINT('',(-0.00196694814975737,0.00314847919994048,-0.000180201081616805));
#2390=CARTESIAN_POINT('',(-0.00196694814975737,0.00314847919994048,-0.000180201081616805));
#2391=CARTESIAN_POINT('',(-0.00232626667427763,0.00295652531003966,-9.43579035967892E-5));
#2392=CARTESIAN_POINT('',(-0.00266991657756317,0.00274139625679489,-5.24143157469231E-6));
#2393=CARTESIAN_POINT('',(-0.0029931081869967,0.00249063900880583,7.42701232092784E-5));
#2394=CARTESIAN_POINT('',(-0.00299310818699513,0.00249063900880703,7.42701232088969E-5));
#2395=CARTESIAN_POINT('',(-0.00299310818699516,0.00249063900880663,7.42701232088127E-5));
#2396=CARTESIAN_POINT('',(-0.00293621467728609,0.00235796464020927,0.000705437913354569));
#2397=CARTESIAN_POINT('',(-0.00291844691738761,0.00227470744309509,0.00135368808178782));
#2398=CARTESIAN_POINT('',(-0.00294289048996635,0.00224263139282635,0.002));
#2399=CARTESIAN_POINT('',(-0.0029428904899637,0.00224263139282433,0.002));
#2400=CARTESIAN_POINT('',(-0.00104602073928427,0.00354906193422814,-0.00175309018705728));
#2401=CARTESIAN_POINT('',(-0.00126859831212858,0.00348346128774482,-0.001049059709846));
#2402=CARTESIAN_POINT('',(-0.00187636811614322,0.00327692596873552,0.000310239423643275));
#2403=CARTESIAN_POINT('',(-0.00266083728375754,0.00261275539129495,0.00142055169791204));
#2404=CARTESIAN_POINT('',(-0.0029428904899637,0.00224263139282433,0.002));
#2405=CARTESIAN_POINT('',(-0.003683094725871,0.00369883714579166,-0.0032402820994459));
#2406=CARTESIAN_POINT('',(-0.00241864632876085,0.00305368726053018,-0.00229651110434189));
#2407=CARTESIAN_POINT('',(-0.00127469709405033,0.00347349209275329,-0.00110449773786722));
#2408=CARTESIAN_POINT('',(-0.00392801648584877,0.00408107687508566,-0.00396136927469575));
#2409=CARTESIAN_POINT('',(-0.00244936923937294,0.00316303600261944,-0.00310249374031084));
#2410=CARTESIAN_POINT('',(-0.000956286038276553,0.00359034212052652,-0.00191976895172954));
#2411=CARTESIAN_POINT('',(-0.00419460918939338,0.00446438368534508,-0.00453968939224033));
#2412=CARTESIAN_POINT('',(-0.00257276949357702,0.00326550246933865,-0.00389789338311706));
#2413=CARTESIAN_POINT('',(-0.000698005664531462,0.00363586390239084,-0.00292393302015892));
#2414=CARTESIAN_POINT('',(-0.00448730679985645,0.00484729345303299,-0.00504255967746373));
#2415=CARTESIAN_POINT('',(-0.00278618732986765,0.00331013722485042,-0.00464186272754464));
#2416=CARTESIAN_POINT('',(-0.000570251579219875,0.00365579172497521,-0.0040194750009349));
#2417=CARTESIAN_POINT('',(-0.00368745286527496,0.0037056354024955,-0.00325309018705758));
#2418=CARTESIAN_POINT('',(-0.00268868409468806,0.00354832957233007,-0.00325309018705758));
#2419=CARTESIAN_POINT('',(-0.00168861036905794,0.0034478549348427,-0.00325309018705758));
#2420=CARTESIAN_POINT('',(-0.000681895091253327,0.00363662193313053,-0.00325309018705758));
#2421=CARTESIAN_POINT('',(-0.00368745286527496,0.0037056354024955,-0.00325309018705758));
#2422=CARTESIAN_POINT('',(-0.000681895089261535,0.00363662193350381,-0.00325309019836982));
#2423=CARTESIAN_POINT('',(-0.000572536515198674,0.0036554345759108,-0.004));
#2424=CARTESIAN_POINT('',(-0.000602076263798046,0.00365080787985819,-0.00374975040301509));
#2425=CARTESIAN_POINT('',(-0.000638353703330064,0.00364478628431875,-0.00350074086974693));
#2426=CARTESIAN_POINT('',(-0.000681895089264335,0.00363662193350329,-0.00325309019837033));
#2427=CARTESIAN_POINT('',(-0.000572536515198674,0.0036554345759108,-0.004));
#2428=CARTESIAN_POINT('',(-0.000572536515196048,0.00365543457591121,-0.004));
#2429=CARTESIAN_POINT('',(-0.00173074057092431,0.00347402957462143,-0.004));
#2430=CARTESIAN_POINT('',(-0.00290375681455432,0.00369558386256171,-0.004));
#2431=CARTESIAN_POINT('',(-0.0039707754238608,0.00413356382187725,-0.004));
#2432=CARTESIAN_POINT('',(-0.0039707754238608,0.00413356382187726,-0.004));
#2433=CARTESIAN_POINT('',(-0.00397077542386033,0.00413356382187618,-0.00400000000000079));
#2434=CARTESIAN_POINT('',(-0.00386870483737506,0.00398430332657738,-0.00375764387154352));
#2435=CARTESIAN_POINT('',(-0.00377457261218845,0.0038414670595772,-0.00350866792551014));
#2436=CARTESIAN_POINT('',(-0.00368745286527387,0.00370563540249256,-0.00325309018705966));
#2437=CARTESIAN_POINT('',(0.,0.,0.009));
#2438=CARTESIAN_POINT('',(0.,0.,0.009));
#2439=CARTESIAN_POINT('',(0.,-0.0037,0.009));
#2440=CARTESIAN_POINT('',(0.,0.,-0.00175309018705758));
#2441=CARTESIAN_POINT('',(0.0010460207392843,0.00354906193422813,-0.00175309018705758));
#2442=CARTESIAN_POINT('',(0.,0.,0.002));
#2443=CARTESIAN_POINT('',(-0.00318678435864939,0.00188000144985784,0.002));
#2444=CARTESIAN_POINT('',(-0.00318678435864939,0.00188000144985784,0.002));
#2445=CARTESIAN_POINT('',(-0.0034854503364675,0.00137373371977527,0.00199999999999994));
#2446=CARTESIAN_POINT('',(-0.00382334713379316,0.000281329997666909,0.00158797269859525));
#2447=CARTESIAN_POINT('',(-0.00363180044980811,-0.000903956575838002,0.001676709940161));
#2448=CARTESIAN_POINT('',(-0.00341511451544808,-0.00142372498972794,0.00179571482029817));
#2449=CARTESIAN_POINT('',(-0.00341511451544808,-0.00142372498972794,0.00179571482029817));
#2450=CARTESIAN_POINT('',(-0.00341511451544807,-0.00142372498972795,0.00179571482029817));
#2451=CARTESIAN_POINT('',(-0.00340889328088173,-0.00143864797599625,0.00179913155002759));
#2452=CARTESIAN_POINT('',(-0.00338064502059558,-0.00150742296985026,0.00181524895499943));
#2453=CARTESIAN_POINT('',(-0.00331017994330992,-0.00165484408304802,0.00185109871689073));
#2454=CARTESIAN_POINT('',(-0.00325881550967167,-0.00175249249446867,0.00187514840472162));
#2455=CARTESIAN_POINT('',(-0.00323568538942532,-0.00179497128339143,0.00188558491137695));
#2456=CARTESIAN_POINT('',(-0.0031739765586259,-0.00190326290035801,0.00191167027116601));
#2457=CARTESIAN_POINT('',(-0.0031047828377327,-0.00201336854144067,0.00193515467650749));
#2458=CARTESIAN_POINT('',(-0.0030623707194918,-0.00207794987360338,0.00195215483413962));
#2459=CARTESIAN_POINT('',(-0.0029541938661758,-0.00223085931062043,0.00194273368950707));
#2460=CARTESIAN_POINT('',(-0.00282162851859928,-0.00239721635296787,0.00193017765915476));
#2461=CARTESIAN_POINT('',(-0.00266569659160089,-0.00256823850356945,0.00191712815629109));
#2462=CARTESIAN_POINT('',(-0.00259832737351602,-0.00263492607363203,0.0019149176278623));
#2463=CARTESIAN_POINT('',(-0.00255173129257948,-0.00267930353085846,0.00191363616372531));
#2464=CARTESIAN_POINT('',(-0.00255173129257948,-0.00267930353085845,0.00191363616372531));
#2465=CARTESIAN_POINT('',(-0.00255173129257949,-0.00267930353085846,0.0019136361637253));
#2466=CARTESIAN_POINT('',(-0.00247918357758618,-0.0027483969622004,0.00191164098960086));
#2467=CARTESIAN_POINT('',(-0.00240374164564962,-0.00281460748835497,0.00191156500009026));
#2468=CARTESIAN_POINT('',(-0.00232601498595195,-0.00287743884124875,0.00191340292526024));
#2469=CARTESIAN_POINT('',(-0.00232601498595203,-0.00287743884124871,0.00191340292526024));
#2470=CARTESIAN_POINT('',(-0.00232601498595202,-0.00287743884124869,0.00191340292526024));
#2471=CARTESIAN_POINT('',(-0.00221095989170571,-0.00297044511807747,0.0019161235188696));
#2472=CARTESIAN_POINT('',(-0.00184461390460821,-0.00322636598655934,0.00194182152431862));
#2473=CARTESIAN_POINT('',(-0.00137079574126358,-0.00345270207685218,0.00198196203862351));
#2474=CARTESIAN_POINT('',(-0.000740568090933005,-0.00364473777582458,0.00192111392085102));
#2475=CARTESIAN_POINT('',(-0.000371512386780213,-0.00368379358868354,0.0019214138045085));
#2476=CARTESIAN_POINT('',(-0.000236302237548951,-0.00369244651315755,0.00192485588810532));
#2477=CARTESIAN_POINT('',(-0.000236302237548934,-0.00369244651315753,0.00192485588810533));
#2478=CARTESIAN_POINT('',(-0.000236302237548938,-0.00369244651315755,0.00192485588810532));
#2479=CARTESIAN_POINT('',(-7.89875815782516E-5,-0.00370251404022196,0.00192886069247788));
#2480=CARTESIAN_POINT('',(7.89875110066489E-5,-0.00370251404473833,0.00192886069427442));
#2481=CARTESIAN_POINT('',(0.000236302237550185,-0.00369244651315747,0.00192485588810529));
#2482=CARTESIAN_POINT('',(0.000236302237550177,-0.00369244651315748,0.00192485588810529));
#2483=CARTESIAN_POINT('',(0.000236302237550195,-0.00369244651315747,0.00192485588810529));
#2484=CARTESIAN_POINT('',(0.000371544817437438,-0.00368379151324737,0.00192141297891175));
#2485=CARTESIAN_POINT('',(0.000740669064323458,-0.00364471369239855,0.00192110979780875));
#2486=CARTESIAN_POINT('',(0.00137076136780943,-0.00345271301534519,0.00198196197929572));
#2487=CARTESIAN_POINT('',(0.00184463831404501,-0.00322635104071176,0.00194182120373347));
#2488=CARTESIAN_POINT('',(0.00221092556825213,-0.00297047286406424,0.00191612433041936));
#2489=CARTESIAN_POINT('',(0.00232601498864593,-0.00287743883907104,0.00191340292519607));
#2490=CARTESIAN_POINT('',(0.00232601498864591,-0.00287743883907104,0.00191340292519607));
#2491=CARTESIAN_POINT('',(0.00232601498864592,-0.00287743883907105,0.00191340292519607));
#2492=CARTESIAN_POINT('',(0.00240374164799137,-0.00281460748634167,0.00191156500007655));
#2493=CARTESIAN_POINT('',(0.00247918357959714,-0.0027483969603723,0.00191164098962547));
#2494=CARTESIAN_POINT('',(0.00255173129426662,-0.00267930352925166,0.00191363616377147));
#2495=CARTESIAN_POINT('',(0.0025517312942666,-0.00267930352925163,0.00191363616377147));
#2496=CARTESIAN_POINT('',(0.00255173129426663,-0.00267930352925165,0.00191363616377147));
#2497=CARTESIAN_POINT('',(0.0025983124553554,-0.00263494028142408,0.00191491721760919));
#2498=CARTESIAN_POINT('',(0.0026658261533363,-0.0025680702981335,0.00191714011658166));
#2499=CARTESIAN_POINT('',(0.00282119743395315,-0.00239778375592477,0.00193013641345169));
#2500=CARTESIAN_POINT('',(0.00295578865853406,-0.0022287578860049,0.00194288671336192));
#2501=CARTESIAN_POINT('',(0.00306199011372175,-0.0020784298453218,0.00195208964210449));
#2502=CARTESIAN_POINT('',(0.00310465909942479,-0.00201359981274797,0.00193523359719553));
#2503=CARTESIAN_POINT('',(0.00317409707281371,-0.00190303193652522,0.00191160933578603));
#2504=CARTESIAN_POINT('',(0.00323514270564198,-0.00179596381421924,0.0018858263467366));
#2505=CARTESIAN_POINT('',(0.00325976823969029,-0.00175075212803823,0.00187472600728342));
#2506=CARTESIAN_POINT('',(0.00331179038240643,-0.00165160747023965,0.00185030685326927));
#2507=CARTESIAN_POINT('',(0.00337943773726059,-0.00150984911982898,0.00181584255288481));
#2508=CARTESIAN_POINT('',(0.00340889078573848,-0.00143865396114095,0.00179913292037151));
#2509=CARTESIAN_POINT('',(0.00341511451545177,-0.00142372498971909,0.00179571482029628));
#2510=CARTESIAN_POINT('',(0.00341511451545176,-0.0014237249897191,0.00179571482029628));
#2511=CARTESIAN_POINT('',(0.00341511451545177,-0.0014237249897191,0.00179571482029628));
#2512=CARTESIAN_POINT('',(0.00363138985716453,-0.000904941471728546,0.00167693543946946));
#2513=CARTESIAN_POINT('',(0.00382453261984989,0.000275858356601714,0.00158713006039265));
#2514=CARTESIAN_POINT('',(0.00348416895977685,0.00137590577724661,0.00200000000000007));
#2515=CARTESIAN_POINT('',(0.00318678435864939,0.00188000144985784,0.002));
#2516=CARTESIAN_POINT('',(0.00318678435864939,0.00188000144985784,0.002));
#2517=CARTESIAN_POINT('',(0.,0.,0.002));
#2518=CARTESIAN_POINT('',(0.00294289048996371,0.00224263139282433,0.002));
#2519=CARTESIAN_POINT('',(0.00104602073928419,0.00354906193422816,-0.00175309018705754));
#2520=CARTESIAN_POINT('',(0.00126859831212849,0.00348346128774485,-0.00104905970984621));
#2521=CARTESIAN_POINT('',(0.00187636811614207,0.00327692596873697,0.000310239423644587));
#2522=CARTESIAN_POINT('',(0.00266083728375968,0.00261275539129216,0.00142055169790916));
#2523=CARTESIAN_POINT('',(0.00294289048996371,0.00224263139282433,0.002));
#2524=CARTESIAN_POINT('',(0.,0.,0.009));
#2525=CARTESIAN_POINT('',(0.,0.,-0.00325309019836982));
#2526=CARTESIAN_POINT('',(0.000681895089264472,0.00363662193350326,-0.00325309019836957));
#2527=CARTESIAN_POINT('',(0.000572536515198648,0.0036554345759108,-0.00400000000000028));
#2528=CARTESIAN_POINT('',(0.000602076263798046,0.00365080787985819,-0.00374975040301511));
#2529=CARTESIAN_POINT('',(0.000638353703330141,0.00364478628431874,-0.00350074086974642));
#2530=CARTESIAN_POINT('',(0.000681895089264472,0.00363662193350326,-0.00325309019836957));
#2531=CARTESIAN_POINT('',(0.000572536515198648,0.0036554345759108,-0.004));
#2532=CARTESIAN_POINT('',(0.,0.,-0.004));
#2533=CARTESIAN_POINT('',(0.0109384219877971,0.00645297794951211,-0.007));
#2534=CARTESIAN_POINT('',(0.00318678435864996,0.00188000144985818,-0.00699999999999986));
#2535=CARTESIAN_POINT('',(0.00318678435865001,0.00188000144985809,0.002));
#2536=CARTESIAN_POINT('',(0.0108743251135723,0.00565472828114495,-0.007));
#2537=CARTESIAN_POINT('',(0.00316207288121412,0.00192188981450259,-0.00655069856730543));
#2538=CARTESIAN_POINT('',(0.00333401731198044,0.00163042734831328,0.00199999999533893));
#2539=CARTESIAN_POINT('',(0.010730599681026,0.00396799833744014,-0.00700321095677771));
#2540=CARTESIAN_POINT('',(0.00337990514576251,0.00169620116405114,-0.00580462860161262));
#2541=CARTESIAN_POINT('',(0.00356371368119043,0.00111116935845332,0.00189233664331866));
#2542=CARTESIAN_POINT('',(0.0104655574764515,0.00112002832247645,-0.00700967648881269));
#2543=CARTESIAN_POINT('',(0.00373194720262154,0.000615635913006094,-0.00522723045951194));
#2544=CARTESIAN_POINT('',(0.00372477074934288,0.00025701162490358,0.00168694814782081));
#2545=CARTESIAN_POINT('',(0.010169403726871,-0.00182010480823265,-0.00701131648331314));
#2546=CARTESIAN_POINT('',(0.00370026034186899,-0.000741043540218468,-0.00512726603661936));
#2547=CARTESIAN_POINT('',(0.00368407307614634,-0.000604237008707583,0.00163680713300463));
#2548=CARTESIAN_POINT('',(0.00995886009760407,-0.00376297743942367,-0.00700814230038112));
#2549=CARTESIAN_POINT('',(0.00340502648824256,-0.00153723221604239,-0.00534853470791273));
#2550=CARTESIAN_POINT('',(0.00352495689957807,-0.00116024410461195,0.00173538889139418));
#2551=CARTESIAN_POINT('',(0.0098543550440408,-0.0046953039157893,-0.00700625408763983));
#2552=CARTESIAN_POINT('',(0.00324130538661315,-0.00184064404578616,-0.00554083315206976));
#2553=CARTESIAN_POINT('',(0.00341511451545008,-0.00142372498972311,0.00179571482029721));
#2554=CARTESIAN_POINT('',(0.00389294390920419,0.0022965909737992,-0.00175309018705758));
#2555=CARTESIAN_POINT('',(0.00426473999577363,0.00166636063361718,-0.00175309018705758));
#2556=CARTESIAN_POINT('',(0.00437497544949665,0.000939376375509272,-0.00175309018705758));
#2557=CARTESIAN_POINT('',(0.00438176845115828,0.000215182402259273,-0.00175309018705758));
#2558=CARTESIAN_POINT('',(0.00389294390920355,0.00229659097379896,-0.00175309018705758));
#2559=CARTESIAN_POINT('',(0.00438176845115828,0.000215182402259,-0.00175309018705758));
#2560=CARTESIAN_POINT('',(0.00318678435864939,0.00188000144985784,0.00199999999999997));
#2561=CARTESIAN_POINT('',(0.0031867843586494,0.00188000144985784,0.000709540500028306));
#2562=CARTESIAN_POINT('',(0.00342945235672343,0.00202316023842634,-0.000580189110751375));
#2563=CARTESIAN_POINT('',(0.00389294390920355,0.00229659097379896,-0.00175309018705759));
#2564=CARTESIAN_POINT('',(0.00985435504404241,-0.00469530391577506,-0.00700625408763986));
#2565=CARTESIAN_POINT('',(0.00800572124428193,-0.00389730284276558,-0.00659660546669542));
#2566=CARTESIAN_POINT('',(0.00462111699938378,-0.00233625227779449,-0.0043471956357261));
#2567=CARTESIAN_POINT('',(0.00336652733602352,-0.00154027192324102,-0.00025516809422244));
#2568=CARTESIAN_POINT('',(0.00341511451545176,-0.0014237249897191,0.00179571482029628));
#2569=CARTESIAN_POINT('',(0.00985435504404241,-0.00469530391577506,-0.00700625408763986));
#2570=CARTESIAN_POINT('',(0.0108493701433931,0.00537419282304736,-0.0070008294398346));
#2571=CARTESIAN_POINT('',(0.0107829269665197,0.00458903193329017,-0.0070019120063055));
#2572=CARTESIAN_POINT('',(0.0106748568582781,0.00336657767454474,-0.00700478946394726));
#2573=CARTESIAN_POINT('',(0.0105156527040665,0.0016701487716712,-0.00700815054886533));
#2574=CARTESIAN_POINT('',(0.0103840694081569,0.000318835836308689,-0.00700997912289227));
#2575=CARTESIAN_POINT('',(0.0102585496510909,-0.000928456890955122,-0.0070106436003487));
#2576=CARTESIAN_POINT('',(0.0100832557811026,-0.00261686251426105,-0.00701004771322938));
#2577=CARTESIAN_POINT('',(0.00994736302248156,-0.00386554690513959,-0.0070079345695232));
#2578=CARTESIAN_POINT('',(0.00985435504404253,-0.00469530391577508,-0.00700625408763935));
#2579=CARTESIAN_POINT('',(0.0108493701433931,0.00537419282304736,-0.00700082943983445));
#2580=CARTESIAN_POINT('',(0.0108493701433909,0.00537419282302065,-0.0070008294398345));
#2581=CARTESIAN_POINT('',(0.0107637114681855,0.00566414694979805,-0.006991952465611));
#2582=CARTESIAN_POINT('',(0.0106721775612103,0.00595242178410563,-0.0069872125115189));
#2583=CARTESIAN_POINT('',(0.0105756357078519,0.00623895696264853,-0.00699013799294904));
#2584=CARTESIAN_POINT('',(0.0105756357075934,0.00623895696283314,-0.006990137992943));
#2585=CARTESIAN_POINT('',(0.00464419952023536,0.00273978432452578,-0.00325309019836982));
#2586=CARTESIAN_POINT('',(0.00532341646785026,0.00314047941480331,-0.00435015893490062));
#2587=CARTESIAN_POINT('',(0.00711421838532357,0.00419693941408762,-0.00618220414361862));
#2588=CARTESIAN_POINT('',(0.0094132238974747,0.00555320742900504,-0.00692690516504338));
#2589=CARTESIAN_POINT('',(0.0105756357075933,0.00623895696283327,-0.00699013799294301));
#2590=CARTESIAN_POINT('',(0.00464419952023536,0.00273978432452578,-0.00325309019836982));
#2591=CARTESIAN_POINT('',(0.005,0.00181789102058682,-0.00325309019836982));
#2592=CARTESIAN_POINT('',(0.00491985354613588,0.00214002981952474,-0.00325309019836982));
#2593=CARTESIAN_POINT('',(0.00481386016509929,0.00245219311582139,-0.00325309019836982));
#2594=CARTESIAN_POINT('',(0.00464419952023533,0.00273978432452582,-0.00325309019836982));
#2595=CARTESIAN_POINT('',(0.005,0.00181789102058676,-0.00325309019836982));
#2596=CARTESIAN_POINT('',(0.005,0.000215182402258999,-0.002974655638624));
#2597=CARTESIAN_POINT('',(0.005,0.000766262771791881,-0.0029705097768399));
#2598=CARTESIAN_POINT('',(0.005,0.00129893377621779,-0.00307233081852433));
#2599=CARTESIAN_POINT('',(0.005,0.00181789102058676,-0.00325309019836982));
#2600=CARTESIAN_POINT('',(0.005,0.000215182402259,-0.002974655638624));
#2601=CARTESIAN_POINT('',(0.00438176845115652,0.000215182402259,-0.00175309018705758));
#2602=CARTESIAN_POINT('',(0.00455688645533825,0.000215182402259,-0.00217594704219401));
#2603=CARTESIAN_POINT('',(0.00476294914698355,0.000215182402259,-0.00258314286006587));
#2604=CARTESIAN_POINT('',(0.005,0.000215182402259,-0.00297465563862393));
#2605=CARTESIAN_POINT('',(0.,0.,0.002));
#2606=CARTESIAN_POINT('',(-4.66020701629757E-34,-5.08438586612839E-19,-0.00175309018705758));
#2607=CARTESIAN_POINT('',(0.00346141446748401,0.00290653612835494,-0.00175309018705766));
#2608=CARTESIAN_POINT('',(0.00346141446748402,0.00290653612835494,-0.00175309018705766));
#2609=CARTESIAN_POINT('',(0.00312344962597296,0.0024791062682015,-0.000589895410572406));
#2610=CARTESIAN_POINT('',(0.00294289048996371,0.00224263139282433,0.000699073477860817));
#2611=CARTESIAN_POINT('',(0.00294289048996371,0.00224263139282433,0.002));
#2612=CARTESIAN_POINT('',(0.,0.,0.002));
#2613=CARTESIAN_POINT('',(0.,0.,-0.00325309019836982));
#2614=CARTESIAN_POINT('',(0.00401441253113311,0.00359993046579416,-0.00325309019836982));
#2615=CARTESIAN_POINT('',(0.0105756357077964,0.00623895696295304,-0.00699013799295405));
#2616=CARTESIAN_POINT('',(0.0105134590203685,0.0065946959892521,-0.00699609771996529));
#2617=CARTESIAN_POINT('',(0.0104508787961036,0.00695039837580411,-0.007));
#2618=CARTESIAN_POINT('',(0.0103880366965997,0.00730607237783047,-0.007));
#2619=CARTESIAN_POINT('',(0.0103880366965997,0.00730607237783047,-0.007));
#2620=CARTESIAN_POINT('',(0.,0.,-0.007));
#2621=CARTESIAN_POINT('',(0.010041842515546,0.00777504976787752,-0.007));
#2622=CARTESIAN_POINT('',(0.0100418425155461,0.00777504976787756,-0.007));
#2623=CARTESIAN_POINT('',(0.00995218537802484,0.00780718722857295,-0.007));
#2624=CARTESIAN_POINT('',(0.00985525647005596,0.00781319087474298,-0.0069995694555866));
#2625=CARTESIAN_POINT('',(0.00976272284022007,0.00779050719124133,-0.00699755215070835));
#2626=CARTESIAN_POINT('',(0.00976272284022007,0.00779050719124133,-0.00699755215070835));
#2627=CARTESIAN_POINT('',(0.00976272284022007,0.00779050719124133,-0.00699755215070835));
#2628=CARTESIAN_POINT('',(0.00874735621200039,0.00754160033139462,-0.00697541637092805));
#2629=CARTESIAN_POINT('',(0.00683637130528719,0.00669022858445353,-0.00662214235598413));
#2630=CARTESIAN_POINT('',(0.00550097850300572,0.00543249849653976,-0.00557537698740649));
#2631=CARTESIAN_POINT('',(0.00499337084983043,0.00480920974436258,-0.00490928255478956));
#2632=CARTESIAN_POINT('',(0.00499337084983043,0.00480920974436258,-0.00490928255478956));
#2633=CARTESIAN_POINT('',(0.00499337084983043,0.00480920974436258,-0.00490928255478956));
#2634=CARTESIAN_POINT('',(0.00462014352175485,0.00435092588252664,-0.00441952507423049));
#2635=CARTESIAN_POINT('',(0.00429435953467175,0.00394846742791416,-0.00386674662243486));
#2636=CARTESIAN_POINT('',(0.00401441253113312,0.00359993046579415,-0.00325309019836982));
#2637=CARTESIAN_POINT('',(0.00328123833563037,0.00303863331764129,-0.0017887043900225));
#2638=CARTESIAN_POINT('',(0.0033905705842463,0.00300222617123865,-0.00176905656574375));
#2639=CARTESIAN_POINT('',(0.0034684151509733,0.00291538884183358,-0.0017770914614101));
#2640=CARTESIAN_POINT('',(0.00293131174937063,0.00260365618337727,-0.000592082958400718));
#2641=CARTESIAN_POINT('',(0.00304460610036973,0.00256714455072459,-0.000581453857678306));
#2642=CARTESIAN_POINT('',(0.00312216892653398,0.00247760090089824,-0.000594605301661533));
#2643=CARTESIAN_POINT('',(0.00275272228591847,0.00237577808364731,0.000716986976542403));
#2644=CARTESIAN_POINT('',(0.00286735345828316,0.00233634386779747,0.000723273689735335));
#2645=CARTESIAN_POINT('',(0.00294078764624777,0.00223989742987464,0.000719358751815918));
#2646=CARTESIAN_POINT('',(0.0027548412696469,0.0023784659846834,0.00202323115622657));
#2647=CARTESIAN_POINT('',(0.00286944984710235,0.00233905234101786,0.00202311778664071));
#2648=CARTESIAN_POINT('',(0.0029429093582528,0.00224265592400676,0.00202318986285327));
#2649=CARTESIAN_POINT('',(0.00346141446748401,0.00290653612835494,-0.00175309018705766));
#2650=CARTESIAN_POINT('',(0.00341231114249709,0.00296501362596909,-0.00175309018705766));
#2651=CARTESIAN_POINT('',(0.00334579460883723,0.00300624686296877,-0.00175309018705758));
#2652=CARTESIAN_POINT('',(0.00327247597849922,0.00302534832093164,-0.00175309018705758));
#2653=CARTESIAN_POINT('',(0.00327247597849922,0.00302534832093164,-0.00175309018705758));
#2654=CARTESIAN_POINT('',(0.00327247597849769,0.00302534832093226,-0.00175309018705768));
#2655=CARTESIAN_POINT('',(0.00301625784869801,0.0025800828491767,-0.000575608719206292));
#2656=CARTESIAN_POINT('',(0.00289416500840925,0.00230657135047583,0.000711650707342454));
#2657=CARTESIAN_POINT('',(0.0029428904899637,0.00224263139282433,0.002));
#2658=CARTESIAN_POINT('',(0.00450096278891284,0.00488687220264788,-0.00521636177944687));
#2659=CARTESIAN_POINT('',(0.00467613784653878,0.0050979165564062,-0.00488573043818135));
#2660=CARTESIAN_POINT('',(0.00499337084983043,0.00480920974436258,-0.00490928255478956));
#2661=CARTESIAN_POINT('',(0.00409190990076302,0.00439406059120891,-0.0046850722431111));
#2662=CARTESIAN_POINT('',(0.00428507212152096,0.00462677520596626,-0.00436970834490797));
#2663=CARTESIAN_POINT('',(0.004605722200469,0.00433321801860616,-0.00440060108500262));
#2664=CARTESIAN_POINT('',(0.00373561355171872,0.00396480808374823,-0.00408284332223781));
#2665=CARTESIAN_POINT('',(0.00394861801746567,0.0042214278926991,-0.00378714536960808));
#2666=CARTESIAN_POINT('',(0.00426917166027881,0.0039173420057148,-0.0038239989260234));
#2667=CARTESIAN_POINT('',(0.00343048059283021,0.00359719531403247,-0.00341181725375258));
#2668=CARTESIAN_POINT('',(0.00366551079090971,0.00388035090101846,-0.0031498198780627));
#2669=CARTESIAN_POINT('',(0.00398210245244552,0.00355969021809389,-0.00318152715784822));
#2670=CARTESIAN_POINT('',(0.00397077542386023,0.00413356382187704,-0.00400000000000005));
#2671=CARTESIAN_POINT('',(0.00386870483887956,0.00398430332878076,-0.00375764387511885));
#2672=CARTESIAN_POINT('',(0.00377457261496844,0.00384146706379603,-0.00350866793285354));
#2673=CARTESIAN_POINT('',(0.00368745286913102,0.00370563540850761,-0.00325309019836981));
#2674=CARTESIAN_POINT('',(0.00397077542386084,0.00413356382187716,-0.00399999999999976));
#2675=CARTESIAN_POINT('',(0.00368745286913101,0.00370563540850759,-0.00325309019836982));
#2676=CARTESIAN_POINT('',(0.003687452869131,0.00370563540850762,-0.00325309019836982));
#2677=CARTESIAN_POINT('',(0.00380583668358875,0.00372428082993064,-0.00325309019836982));
#2678=CARTESIAN_POINT('',(0.00393375792905559,0.00368987132669388,-0.00325309019836982));
#2679=CARTESIAN_POINT('',(0.00401441253113301,0.00359993046579401,-0.00325309019836982));
#2680=CARTESIAN_POINT('',(0.00480874937333014,0.00463139731454196,-0.00521636177944687));
#2681=CARTESIAN_POINT('',(0.00450096278891284,0.00488687220264787,-0.00521636177944687));
#2682=CARTESIAN_POINT('',(0.00372071062026234,0.00394685358964993,-0.004));
#2683=CARTESIAN_POINT('',(0.00395557255672433,0.00422980646133609,-0.00443936899525752));
#2684=CARTESIAN_POINT('',(0.00421528775297591,0.00454270161031998,-0.00484531891141916));
#2685=CARTESIAN_POINT('',(0.00450096278891283,0.00488687220264787,-0.00521636177944687));
#2686=CARTESIAN_POINT('',(0.00372071062026234,0.00394685358964993,-0.004));
#2687=CARTESIAN_POINT('',(0.0039707754238608,0.00413356382187725,-0.004));
#2688=CARTESIAN_POINT('',(0.00387264271541194,0.00409328321263659,-0.004));
#2689=CARTESIAN_POINT('',(0.00378754267905811,0.00402737035299536,-0.004));
#2690=CARTESIAN_POINT('',(0.00372071062026234,0.00394685358964993,-0.004));
#2691=CARTESIAN_POINT('',(0.00294289048996371,0.00224263139282433,0.002));
#2692=CARTESIAN_POINT('',(0.00294289048996371,0.00224263139282433,0.002));
#2693=CARTESIAN_POINT('',(0.00294289048996371,0.00224263139282433,0.002));
#2694=CARTESIAN_POINT('',(0.00281455547206818,0.00241103887383191,0.00173637860589557));
#2695=CARTESIAN_POINT('',(0.00286754665659569,0.0023415012487608,0.00157161522265037));
#2696=CARTESIAN_POINT('',(0.00292053784516579,0.00227196362549164,0.00140685184291224));
#2697=CARTESIAN_POINT('',(0.00252365880419493,0.00273137214081274,0.00123797224882593));
#2698=CARTESIAN_POINT('',(0.00269769752023663,0.00255036878584568,0.000705930751089193));
#2699=CARTESIAN_POINT('',(0.0029482904199121,0.00242223400309467,0.000185422031458678));
#2700=CARTESIAN_POINT('',(0.001849285742492,0.0032531351401537,0.000177590419255855));
#2701=CARTESIAN_POINT('',(0.00240367424425726,0.00288397981202391,-0.000984572624962472));
#2702=CARTESIAN_POINT('',(0.00326405147145201,0.0030350381878028,-0.00199452421235907));
#2703=CARTESIAN_POINT('',(0.00131488629453813,0.00347065735178953,-0.00089318938781825));
#2704=CARTESIAN_POINT('',(0.00238529777561802,0.00303854115681151,-0.00215532145541885));
#2705=CARTESIAN_POINT('',(0.00362866900734942,0.00362434009878463,-0.00314184606329393));
#2706=CARTESIAN_POINT('',(0.00103600953484196,0.00355199721899054,-0.00178492851155646));
#2707=CARTESIAN_POINT('',(0.0024618417997602,0.00313612532200735,-0.00292260472399557));
#2708=CARTESIAN_POINT('',(0.00388133205848447,0.00400142547671144,-0.00378083388592616));
#2709=CARTESIAN_POINT('',(0.00104602073928428,0.00354906193422814,-0.00175309018705728));
#2710=CARTESIAN_POINT('',(0.00177845752209293,0.00333318966171461,-0.00175309018705728));
#2711=CARTESIAN_POINT('',(0.00253448644413432,0.0032176142702929,-0.00175309018705758));
#2712=CARTESIAN_POINT('',(0.00327247597849968,0.0030253483209332,-0.00175309018705758));
#2713=CARTESIAN_POINT('',(0.00127469708901142,0.00347349209460246,-0.00110449775076905));
#2714=CARTESIAN_POINT('',(0.00241864632924046,0.00305368726223716,-0.00229651111692369));
#2715=CARTESIAN_POINT('',(0.00368309472974693,0.00369883715184068,-0.00324028211085725));
#2716=CARTESIAN_POINT('',(0.000956286035566018,0.00359034212099711,-0.00191976896193806));
#2717=CARTESIAN_POINT('',(0.00244936924067508,0.00316303600357622,-0.00310249374820089));
#2718=CARTESIAN_POINT('',(0.00392801648860269,0.00408107687905263,-0.00396136928050689));
#2719=CARTESIAN_POINT('',(0.000698005663873939,0.00363586390249297,-0.00292393302586895));
#2720=CARTESIAN_POINT('',(0.00257276949467256,0.00326550246956554,-0.00389789338691783));
#2721=CARTESIAN_POINT('',(0.00419460919091758,0.00446438368733794,-0.00453968939485454));
#2722=CARTESIAN_POINT('',(0.000570251579231936,0.00365579172497333,-0.00401947500083149));
#2723=CARTESIAN_POINT('',(0.00278618732984715,0.00331013722484613,-0.00464186272747315));
#2724=CARTESIAN_POINT('',(0.00448730679982883,0.00484729345299684,-0.00504255967741626));
#2725=CARTESIAN_POINT('',(0.00368745286913101,0.00370563540850759,-0.00325309019836982));
#2726=CARTESIAN_POINT('',(0.00268868409688615,0.0035483295745306,-0.00325309019836982));
#2727=CARTESIAN_POINT('',(0.00168861036944555,0.00344785493533996,-0.00325309019836982));
#2728=CARTESIAN_POINT('',(0.000681895089264441,0.00363662193350346,-0.00325309019836982));
#2729=CARTESIAN_POINT('',(0.00057253651519608,0.0036554345759112,-0.004));
#2730=CARTESIAN_POINT('',(0.00173176241734034,0.00347386952678746,-0.004));
#2731=CARTESIAN_POINT('',(0.0029033108777494,0.00369540081853419,-0.004));
#2732=CARTESIAN_POINT('',(0.0039707754238608,0.00413356382187725,-0.004));
#2733=CARTESIAN_POINT('',(-0.00334466502057994,0.0034938079241072,-0.00175309018705758));
#2734=CARTESIAN_POINT('',(-0.00334466502057994,0.0034938079241072,-0.00175309018705758));
#2735=CARTESIAN_POINT('',(-0.00236247284089195,0.00246781853525205,-0.00175309018705758));
#2736=CARTESIAN_POINT('',(-0.00236247284089195,0.00246781853525205,-0.00175309018705758));
#2737=CARTESIAN_POINT('',(-0.00236247284089195,0.00246781853525205,-0.00127526504664779));
#2738=CARTESIAN_POINT('',(-0.00236247284089195,0.00246781853525205,-0.00127526504664779));
#2739=CARTESIAN_POINT('',(-0.0021874566834929,0.00263536364145262,-0.00121972742367719));
#2740=CARTESIAN_POINT('',(-0.00197829096708645,0.0030286335279009,-0.000934432337752892));
#2741=CARTESIAN_POINT('',(-0.00196303231273408,0.00316410174840784,-0.000427778021308631));
#2742=CARTESIAN_POINT('',(-0.00196694814975722,0.00314847919994131,-0.000180201081616911));
#2743=CARTESIAN_POINT('',(0.000179709563101279,0.000201592653602978,-0.00175309018705758));
#2744=CARTESIAN_POINT('',(0.000179709563101279,0.000201592653602978,-0.00175309018705758));
#2745=CARTESIAN_POINT('',(-0.00150013306451975,0.00169908663115247,-0.00175309018705758));
#2746=CARTESIAN_POINT('',(-0.00150013306451975,0.00169908663115247,-0.00175309018705758));
#2747=CARTESIAN_POINT('',(-0.001822246103077,0.00198623396709831,-0.00175309018705906));
#2748=CARTESIAN_POINT('',(-0.00213764632892266,0.00226739717307702,-0.00158483779681614));
#2749=CARTESIAN_POINT('',(-0.00236247284089194,0.00246781853525203,-0.00127526504664776));
#2750=CARTESIAN_POINT('',(0.,0.,-0.00325));
#2751=CARTESIAN_POINT('',(0.,0.,-0.00325));
#2752=CARTESIAN_POINT('',(5.12675665949138E-5,-0.00169922677610007,-0.00325));
#2753=CARTESIAN_POINT('',(-0.00168632634260337,0.000215182402259006,-0.00325));
#2754=CARTESIAN_POINT('',(-0.00168632634260337,0.000215182402259006,-0.00325));
#2755=CARTESIAN_POINT('',(-0.00168632634260337,0.000215182402259006,-0.00325309019836982));
#2756=CARTESIAN_POINT('',(0.,0.,-0.00325309018705758));
#2757=CARTESIAN_POINT('',(5.12675665949138E-5,-0.00169922677610007,-0.00325309018705758));
#2758=CARTESIAN_POINT('',(5.12675665949137E-5,-0.00169922677610007,-0.00325));
#2759=CARTESIAN_POINT('',(0.,0.,-0.00325));
#2760=CARTESIAN_POINT('',(1.97230219577095E-19,0.000215182402259004,-0.00325));
#2761=CARTESIAN_POINT('',(-0.00145239194789488,0.000215182402259006,-0.00325));
#2762=CARTESIAN_POINT('',(0.000563862880221521,-0.00019173084593153,-0.00325));
#2763=CARTESIAN_POINT('',(0.000131824564925882,-0.00146231601257524,-0.00325));
#2764=CARTESIAN_POINT('',(0.,0.,-0.00325));
#2765=CARTESIAN_POINT('',(0.,0.,-0.00325));
#2766=CARTESIAN_POINT('',(1.97230219577095E-19,0.000215182402259004,-0.00325));
#2767=CARTESIAN_POINT('',(0.00145239194789486,0.000215182402259003,-0.00324999999999971));
#2768=CARTESIAN_POINT('',(0.,0.,-0.00325));
#2769=CARTESIAN_POINT('',(0.000682455739628479,-0.0013,-0.00325));
#2770=CARTESIAN_POINT('',(0.,-0.0013,-0.00325));
#2771=CARTESIAN_POINT('',(0.,0.,-0.00425));
#2772=CARTESIAN_POINT('',(0.,0.,-0.004));
#2773=CARTESIAN_POINT('',(0.,0.0005,-0.004));
#2774=CARTESIAN_POINT('',(0.,0.,-0.00325309019836982));
#2775=CARTESIAN_POINT('',(0.00137293039641392,0.000215182402259003,-0.00325309019836982));
#2776=CARTESIAN_POINT('',(-0.00137293039641392,0.000215182402259006,-0.00325309019836982));
#2777=CARTESIAN_POINT('',(-0.00137293039641392,0.000215182402259006,-0.00325309019836982));
#2778=CARTESIAN_POINT('',(-0.00139930960842348,0.000215182402259006,-0.00325103663266965));
#2779=CARTESIAN_POINT('',(-0.00142595963122688,0.000215182402259006,-0.00325));
#2780=CARTESIAN_POINT('',(-0.00145239194789488,0.000215182402259006,-0.00325));
#2781=CARTESIAN_POINT('',(0.000187017037228825,-0.0013,-0.00326206399145411));
#2782=CARTESIAN_POINT('',(0.00016870844336415,-0.00135384389986486,-0.00325411842423735));
#2783=CARTESIAN_POINT('',(0.000150313152090186,-0.0014079427688802,-0.00325));
#2784=CARTESIAN_POINT('',(0.000131824564925882,-0.00146231601257524,-0.00325));
#2785=CARTESIAN_POINT('',(0.000187017037228825,-0.0013,-0.00326206399145411));
#2786=CARTESIAN_POINT('',(0.000682455739628479,-0.0013,-0.00325));
#2787=CARTESIAN_POINT('',(0.000517233535737109,-0.0013,-0.00325));
#2788=CARTESIAN_POINT('',(0.000352183148576437,-0.0013,-0.00325837736986005));
#2789=CARTESIAN_POINT('',(0.000187017037228825,-0.0013,-0.00326206399145411));
#2790=CARTESIAN_POINT('',(0.00145239194789484,0.000215182402259003,-0.00324999999999999));
#2791=CARTESIAN_POINT('',(0.00142599536889187,0.000215182402259003,-0.00324999999999999));
#2792=CARTESIAN_POINT('',(0.0013995089726195,0.000215182402259003,-0.00325102111258987));
#2793=CARTESIAN_POINT('',(0.00137293039641392,0.000215182402259003,-0.00325309019836982));
#2794=CARTESIAN_POINT('',(0.,-0.0013,0.004));
#2795=CARTESIAN_POINT('',(0.000187017037228826,-0.0013,0.004));
#2796=CARTESIAN_POINT('',(0.000187017037228825,-0.0013,-0.00175309018705758));
#2797=CARTESIAN_POINT('',(-7.6806106766849E-19,-0.0013,-0.00175309018705758));
#2798=CARTESIAN_POINT('',(-0.00109544511501033,-0.0013,0.009));
#2799=CARTESIAN_POINT('',(-0.00255173129257948,-0.00267930353085845,0.00191363616372531));
#2800=CARTESIAN_POINT('',(-0.00263853658186669,-0.00259663138472627,0.0019160234431464));
#2801=CARTESIAN_POINT('',(-0.00270486832663058,-0.00253052815976625,0.0019193576929572));
#2802=CARTESIAN_POINT('',(-0.00281690091805328,-0.00239897288661282,0.00193001598393773));
#2803=CARTESIAN_POINT('',(-0.00287135088153483,-0.00233499156230724,0.00193520693633796));
#2804=CARTESIAN_POINT('',(-0.00290342022111567,-0.00229429604824982,0.00193820523184885));
#2805=CARTESIAN_POINT('',(-0.0029767114733512,-0.00219837033773143,0.00194449447016775));
#2806=CARTESIAN_POINT('',(-0.00302032786695692,-0.00213764353173351,0.00194828488421301));
#2807=CARTESIAN_POINT('',(-0.00304560714876501,-0.00210101830627309,0.00194766114409193));
#2808=CARTESIAN_POINT('',(-0.00304611274667799,-0.00210028519099256,0.00194764597870259));
#2809=CARTESIAN_POINT('',(-0.00304764774066931,-0.00209805781544683,0.00194759093834714));
#2810=CARTESIAN_POINT('',(-0.00304863585026692,-0.00209662160137794,0.00194754231736606));
#2811=CARTESIAN_POINT('',(-0.00304996415681651,-0.00209468831600674,0.00194745495463943));
#2812=CARTESIAN_POINT('',(-0.00305078582057168,-0.00209349173093154,0.00194739568509943));
#2813=CARTESIAN_POINT('',(-0.00305271834770437,-0.00209067335454929,0.00194720995144813));
#2814=CARTESIAN_POINT('',(-0.00305348754809061,-0.00208954933046581,0.00194710170000624));
#2815=CARTESIAN_POINT('',(-0.00305533671028259,-0.00208684459040919,0.0019468493208333));
#2816=CARTESIAN_POINT('',(-0.00305631239670139,-0.00208541548412636,0.00194670602036725));
#2817=CARTESIAN_POINT('',(-0.00305804607712488,-0.00208287201884507,0.00194643374893184));
#2818=CARTESIAN_POINT('',(-0.00305879022023524,-0.00208177877066139,0.00194631096539457));
#2819=CARTESIAN_POINT('',(-0.00306171201524168,-0.00207748060966377,0.00194580835851398));
#2820=CARTESIAN_POINT('',(-0.00306399842974604,-0.00207410548403275,0.00194537270004728));
#2821=CARTESIAN_POINT('',(-0.00307013236913664,-0.00206502101133767,0.00194411842226617));
#2822=CARTESIAN_POINT('',(-0.00307403802040819,-0.00205920671393494,0.0019432337269165));
#2823=CARTESIAN_POINT('',(-0.00307790497315364,-0.00205341208942845,0.00194228883045607));
#2824=CARTESIAN_POINT('',(-0.00307817086354243,-0.00205301347818698,0.00194222353946205));
#2825=CARTESIAN_POINT('',(-0.00308026871676691,-0.00204986715266337,0.00194170602025066));
#2826=CARTESIAN_POINT('',(-0.00308199917311557,-0.00204726377859677,0.00194126455495849));
#2827=CARTESIAN_POINT('',(-0.00308589634639454,-0.00204138721206186,0.0019402495526359));
#2828=CARTESIAN_POINT('',(-0.00308825740544984,-0.00203781372116065,0.0019396138589358));
#2829=CARTESIAN_POINT('',(-0.00309180704595665,-0.00203242067577816,0.00193863101555488));
#2830=CARTESIAN_POINT('',(-0.00309298637860933,-0.00203062553568368,0.00193830077675412));
#2831=CARTESIAN_POINT('',(-0.00312412657895834,-0.00198313587354873,0.00192948546164554));
#2832=CARTESIAN_POINT('',(-0.0031531589224979,-0.00193667719337407,0.00191892953976462));
#2833=CARTESIAN_POINT('',(-0.00320377835629693,-0.00185139753566163,0.00189910584024957));
#2834=CARTESIAN_POINT('',(-0.00322617230619624,-0.00181308579651212,0.00188997391076562));
#2835=CARTESIAN_POINT('',(-0.00326505672981195,-0.00174077881818961,0.00187230154813459));
#2836=CARTESIAN_POINT('',(-0.00327580793949443,-0.00172038998313211,0.00186729077164282));
#2837=CARTESIAN_POINT('',(-0.00329669521934259,-0.00167993885648351,0.00185730497253218));
#2838=CARTESIAN_POINT('',(-0.00330540408755942,-0.00166270468226109,0.00185307124546645));
#2839=CARTESIAN_POINT('',(-0.003370688048796,-0.0015311408474799,0.00182088437886185));
#2840=CARTESIAN_POINT('',(-0.00340754549005085,-0.00144188094589107,0.00179987176275414));
#2841=CARTESIAN_POINT('',(-0.00341511451544808,-0.00142372498972794,0.00179571482029817));
#2842=CARTESIAN_POINT('',(-0.00255286137565611,-0.0026782272555068,0.00164465930465652));
#2843=CARTESIAN_POINT('',(-0.00263916096197356,-0.00259593972547783,0.00164682517557625));
#2844=CARTESIAN_POINT('',(-0.0027042828449349,-0.00253097730808035,0.00165216276231377));
#2845=CARTESIAN_POINT('',(-0.00281522819984097,-0.00240093659293585,0.00166418287152832));
#2846=CARTESIAN_POINT('',(-0.00286915276361974,-0.00233768868225557,0.00167003404541943));
#2847=CARTESIAN_POINT('',(-0.00290077210832173,-0.00229772554632545,0.00167364982103944));
#2848=CARTESIAN_POINT('',(-0.00297332500723665,-0.00220308171924577,0.00168099448105311));
#2849=CARTESIAN_POINT('',(-0.00301665304240059,-0.00214290441855924,0.00168522283668405));
#2850=CARTESIAN_POINT('',(-0.00304173428488161,-0.00210664294023897,0.00168489608877466));
#2851=CARTESIAN_POINT('',(-0.00304223587479986,-0.00210591717795575,0.0016848869316292));
#2852=CARTESIAN_POINT('',(-0.00304375853379629,-0.00210371240261357,0.0016848503736569));
#2853=CARTESIAN_POINT('',(-0.00304473845867597,-0.00210229114214114,0.00168481400401138));
#2854=CARTESIAN_POINT('',(-0.00304605531730376,-0.00210037870075567,0.00168474375450717));
#2855=CARTESIAN_POINT('',(-0.00304687263238174,-0.00209919050100718,0.00168469122036394));
#2856=CARTESIAN_POINT('',(-0.00304879211668437,-0.0020963980793385,0.0016845260936963));
#2857=CARTESIAN_POINT('',(-0.00304955156748469,-0.00209529412894081,0.00168443358504021));
#2858=CARTESIAN_POINT('',(-0.00305137900455489,-0.00209263497296736,0.00168421672210752));
#2859=CARTESIAN_POINT('',(-0.00305234266117035,-0.00209123151250589,0.00168409329483372));
#2860=CARTESIAN_POINT('',(-0.00305405539379626,-0.00208873320622944,0.00168385589267895));
#2861=CARTESIAN_POINT('',(-0.003054790695592,-0.00208765916672915,0.00168374790439831));
#2862=CARTESIAN_POINT('',(-0.00305767938865881,-0.00208343342754282,0.00168330096399537));
#2863=CARTESIAN_POINT('',(-0.00305994322902084,-0.00208010878269549,0.00168290385874513));
#2864=CARTESIAN_POINT('',(-0.0030660420602061,-0.0020711062025625,0.00168171150875196));
#2865=CARTESIAN_POINT('',(-0.00306992987399499,-0.00206533581698427,0.00168085960599585));
#2866=CARTESIAN_POINT('',(-0.00307376708347002,-0.00205960916055337,0.0016799666852788));
#2867=CARTESIAN_POINT('',(-0.00307403085943949,-0.00205921536365156,0.0016799050802079));
#2868=CARTESIAN_POINT('',(-0.0030761114155533,-0.00205610827002359,0.00167941763501929));
#2869=CARTESIAN_POINT('',(-0.00307782383755843,-0.00205354490118085,0.00167900705943274));
#2870=CARTESIAN_POINT('',(-0.00308166358846204,-0.00204779231022333,0.00167808859282464));
#2871=CARTESIAN_POINT('',(-0.0030840130081056,-0.00204424397361376,0.00167747246761836));
#2872=CARTESIAN_POINT('',(-0.0030875444451178,-0.00203889042029828,0.0016765203030256));
#2873=CARTESIAN_POINT('',(-0.00308871759594589,-0.00203710871566979,0.00167620049445176));
#2874=CARTESIAN_POINT('',(-0.00311961431031487,-0.00199014801901838,0.00166779599876005));
#2875=CARTESIAN_POINT('',(-0.003148339010528,-0.00194437866173161,0.00165777022901058));
#2876=CARTESIAN_POINT('',(-0.00319848854908554,-0.00186044461518346,0.00163893877682289));
#2877=CARTESIAN_POINT('',(-0.00322070309400486,-0.0018227610550169,0.00163025701894874));
#2878=CARTESIAN_POINT('',(-0.00325945233058185,-0.00175128640393328,0.00161314860021523));
#2879=CARTESIAN_POINT('',(-0.00327019375513301,-0.00173108016161029,0.00160827162360958));
#2880=CARTESIAN_POINT('',(-0.00329103081483168,-0.00169105409539388,0.00159853749171569));
#2881=CARTESIAN_POINT('',(-0.00329970671150424,-0.00167403938138645,0.00159441835188491));
#2882=CARTESIAN_POINT('',(-0.00336448542470257,-0.00154479488931477,0.00156324217875855));
#2883=CARTESIAN_POINT('',(-0.00339992167720431,-0.0014599502741483,0.00154354281133495));
#2884=CARTESIAN_POINT('',(-0.00340904111801947,-0.00143829335641826,0.00153935445598312));
#2885=CARTESIAN_POINT('',(-0.00256239340405509,-0.00268597327254221,0.00137571774526913));
#2886=CARTESIAN_POINT('',(-0.00264819542108834,-0.00260410978966097,0.00137772092289195));
#2887=CARTESIAN_POINT('',(-0.00274565444240543,-0.00249895134711941,0.00138663342302343));
#2888=CARTESIAN_POINT('',(-0.00282118836204729,-0.00240841551310885,0.00139165615803677));
#2889=CARTESIAN_POINT('',(-0.00285756752817576,-0.00236476818108199,0.00139405782074237));
#2890=CARTESIAN_POINT('',(-0.0029043970301796,-0.0023066410745635,0.00139746866665322));
#2891=CARTESIAN_POINT('',(-0.0029828792808813,-0.00220281498362485,0.00139954113439438));
#2892=CARTESIAN_POINT('',(-0.00301333981761441,-0.00216064610819951,0.00139802127681609));
#2893=CARTESIAN_POINT('',(-0.00305439723432265,-0.00210052260788329,0.00139360873855017));
#2894=CARTESIAN_POINT('',(-0.00305524401685574,-0.00209928121541077,0.00139351764947324));
#2895=CARTESIAN_POINT('',(-0.00305790200510811,-0.00209538016802121,0.00139323187373634));
#2896=CARTESIAN_POINT('',(-0.00305974075075393,-0.00209267524960568,0.0013930343822132));
#2897=CARTESIAN_POINT('',(-0.00306243209850628,-0.00208870675848362,0.00139274741189562));
#2898=CARTESIAN_POINT('',(-0.00306292286731581,-0.0020879754847377,0.00139268279005476));
#2899=CARTESIAN_POINT('',(-0.00306433370851432,-0.00208587610096292,0.00139253285423938));
#2900=CARTESIAN_POINT('',(-0.00306551241918234,-0.00208412823628901,0.00139242919833687));
#2901=CARTESIAN_POINT('',(-0.00306768095382145,-0.00208090048616847,0.00139223008939074));
#2902=CARTESIAN_POINT('',(-0.00306874982350678,-0.00207930541570463,0.00139213362253174));
#2903=CARTESIAN_POINT('',(-0.00307054121881742,-0.00207662625798628,0.00139197651367327));
#2904=CARTESIAN_POINT('',(-0.00307127496690214,-0.00207552728157294,0.00139191428044609));
#2905=CARTESIAN_POINT('',(-0.00307404953571205,-0.00207136609880763,0.00139168623185935));
#2906=CARTESIAN_POINT('',(-0.00307600111820945,-0.00206842729204383,0.00139154139613873));
#2907=CARTESIAN_POINT('',(-0.00308105631616556,-0.00206079498182621,0.00139119216982351));
#2908=CARTESIAN_POINT('',(-0.003084104230443,-0.00205616519935563,0.00139099085774301));
#2909=CARTESIAN_POINT('',(-0.00308760048015168,-0.00205083502816752,0.00139069633811648));
#2910=CARTESIAN_POINT('',(-0.00308784392989821,-0.0020504637621368,0.00139067544677503));
#2911=CARTESIAN_POINT('',(-0.00308979213533924,-0.00204749174204152,0.00139050485633723));
#2912=CARTESIAN_POINT('',(-0.00309156702813494,-0.00204477827745446,0.00139032886783877));
#2913=CARTESIAN_POINT('',(-0.00309635027742017,-0.00203744812021687,0.00138976696948355));
#2914=CARTESIAN_POINT('',(-0.00309918591893682,-0.00203308948174413,0.00138943265716473));
#2915=CARTESIAN_POINT('',(-0.00310340103447299,-0.00202658005683086,0.00138890354467566));
#2916=CARTESIAN_POINT('',(-0.0031048001305141,-0.00202441436582618,0.00138872156080478));
#2917=CARTESIAN_POINT('',(-0.00314175316193942,-0.00196705568743606,0.00138368810306758));
#2918=CARTESIAN_POINT('',(-0.00317544140119859,-0.00191166136262374,0.00137539531105257));
#2919=CARTESIAN_POINT('',(-0.00323742481240173,-0.0018034560210718,0.00135571904989138));
#2920=CARTESIAN_POINT('',(-0.00326522853868719,-0.00175209163607164,0.00134521387899817));
#2921=CARTESIAN_POINT('',(-0.0032977442000691,-0.00169019117580987,0.00133243240211324));
#2922=CARTESIAN_POINT('',(-0.00330558801367188,-0.00167507009076041,0.00132929985718878));
#2923=CARTESIAN_POINT('',(-0.00331778952368506,-0.00165130723500421,0.00132446104720796));
#2924=CARTESIAN_POINT('',(-0.00332328505834057,-0.00164060275390554,0.00132222849599856));
#2925=CARTESIAN_POINT('',(-0.00336683282915828,-0.001555397465457,0.00130421771235713));
#2926=CARTESIAN_POINT('',(-0.00340326826892229,-0.00148059333932225,0.0012871246993004));
#2927=CARTESIAN_POINT('',(-0.00341321263847834,-0.00145713085353951,0.00128302208221205));
#2928=CARTESIAN_POINT('',(-0.00259798749878982,-0.0027188400763386,0.000840012573805415));
#2929=CARTESIAN_POINT('',(-0.0026833651397868,-0.00263733171250198,0.000841730248071406));
#2930=CARTESIAN_POINT('',(-0.00276766840581819,-0.00254495256340016,0.000845428163463235));
#2931=CARTESIAN_POINT('',(-0.00285835802271957,-0.0024342415762153,0.000847922503970792));
#2932=CARTESIAN_POINT('',(-0.0029024247367729,-0.00238041092192405,0.000849138406164229));
#2933=CARTESIAN_POINT('',(-0.00293876684421407,-0.00233302204003241,0.000848978900430948));
#2934=CARTESIAN_POINT('',(-0.00301641799197586,-0.00222793465543273,0.000847488023218127));
#2935=CARTESIAN_POINT('',(-0.0030584042129473,-0.00216816975155391,0.00084615541869936));
#2936=CARTESIAN_POINT('',(-0.00309339544607095,-0.00211576994248881,0.000843856137757496));
#2937=CARTESIAN_POINT('',(-0.0030941055583381,-0.00211470531645423,0.000843808570201383));
#2938=CARTESIAN_POINT('',(-0.00309629587626426,-0.00211141772260389,0.000843658823907373));
#2939=CARTESIAN_POINT('',(-0.0030977563047632,-0.00210922020016057,0.000843554614887436));
#2940=CARTESIAN_POINT('',(-0.00309980371670833,-0.00210613163734174,0.000843401296768707));
#2941=CARTESIAN_POINT('',(-0.00310061125147632,-0.00210492294396332,0.00084334114756122));
#2942=CARTESIAN_POINT('',(-0.0031026090331105,-0.00210192636091676,0.000843173296860982));
#2943=CARTESIAN_POINT('',(-0.00310364301715039,-0.00210036556707709,0.000843075239645096));
#2944=CARTESIAN_POINT('',(-0.00310586840637062,-0.00209700910337432,0.000842865212205877));
#2945=CARTESIAN_POINT('',(-0.0031070123038251,-0.00209528244414542,0.00084275372392779));
#2946=CARTESIAN_POINT('',(-0.00310900194156368,-0.00209227598245188,0.000842552836931108));
#2947=CARTESIAN_POINT('',(-0.0031098419958191,-0.0020910055542218,0.000842465536716502));
#2948=CARTESIAN_POINT('',(-0.00311309864905015,-0.00208607591858789,0.00084211813943699));
#2949=CARTESIAN_POINT('',(-0.0031155608788839,-0.00208233930832568,0.000841836773487277));
#2950=CARTESIAN_POINT('',(-0.00312210840265729,-0.00207236965942744,0.000841046469276154));
#2951=CARTESIAN_POINT('',(-0.00312621275411874,-0.00206609047936257,0.000840518323141916));
#2952=CARTESIAN_POINT('',(-0.00313046771193745,-0.00205954052948945,0.000839967025629782));
#2953=CARTESIAN_POINT('',(-0.00313076149319926,-0.00205908808887422,0.00083992898268125));
#2954=CARTESIAN_POINT('',(-0.00313309026827555,-0.00205550002973074,0.000839627774545473));
#2955=CARTESIAN_POINT('',(-0.00313507788420843,-0.00205242781016429,0.000839372842941871));
#2956=CARTESIAN_POINT('',(-0.0031398614607391,-0.00204500939945057,0.000838784863856628));
#2957=CARTESIAN_POINT('',(-0.00314275370762009,-0.00204050366227413,0.000838411426580166));
#2958=CARTESIAN_POINT('',(-0.00314708928246965,-0.0020337248506021,0.000837842166247306));
#2959=CARTESIAN_POINT('',(-0.00314853025767205,-0.00203146772456531,0.000837651977832015));
#2960=CARTESIAN_POINT('',(-0.00318656486143614,-0.00197179598039742,0.000832639400824485));
#2961=CARTESIAN_POINT('',(-0.00322237485662707,-0.00191277757376658,0.000826868923795668));
#2962=CARTESIAN_POINT('',(-0.0032800913989137,-0.0018138518694722,0.000815857452094347));
#2963=CARTESIAN_POINT('',(-0.00330325380044748,-0.00177319962273968,0.000811002805952797));
#2964=CARTESIAN_POINT('',(-0.0033333470667376,-0.00171855200195867,0.000803579049785954));
#2965=CARTESIAN_POINT('',(-0.00334100534747705,-0.00170447982184148,0.000801582813013181));
#2966=CARTESIAN_POINT('',(-0.00335486264723684,-0.00167867279526911,0.000797688922491661));
#2967=CARTESIAN_POINT('',(-0.00336055080422615,-0.00166794989317452,0.000796088665947514));
#2968=CARTESIAN_POINT('',(-0.00340306681038314,-0.00158701702415598,0.000784075950682924));
#2969=CARTESIAN_POINT('',(-0.00342845974454995,-0.0015344614432161,0.000776445974315402));
#2970=CARTESIAN_POINT('',(-0.0034417938943063,-0.00150311676853803,0.000772248914115265));
#2971=CARTESIAN_POINT('',(-0.00262404956512557,-0.00274396086309958,0.000573248961729093));
#2972=CARTESIAN_POINT('',(-0.00270950039937049,-0.00266238357115985,0.000574843825935169));
#2973=CARTESIAN_POINT('',(-0.00279902059106247,-0.0025633195703949,0.000577447854751191));
#2974=CARTESIAN_POINT('',(-0.00288327132523996,-0.00245944992598458,0.000578186554323062));
#2975=CARTESIAN_POINT('',(-0.00292403257799625,-0.00240915308553734,0.000578531410307345));
#2976=CARTESIAN_POINT('',(-0.00296552573799941,-0.00235555736923107,0.000578696591506216));
#2977=CARTESIAN_POINT('',(-0.00304427383690841,-0.0022485401159598,0.000577274043181389));
#2978=CARTESIAN_POINT('',(-0.00308131465942569,-0.00219579409401764,0.000575696657990881));
#2979=CARTESIAN_POINT('',(-0.00311993735106478,-0.00213837907463478,0.000572996660943238));
#2980=CARTESIAN_POINT('',(-0.00312072809631385,-0.00213720253254208,0.000572941049761941));
#2981=CARTESIAN_POINT('',(-0.00312319076518983,-0.00213353508062266,0.000572766883517051));
#2982=CARTESIAN_POINT('',(-0.00312486686873715,-0.00213103432201045,0.000572646954229783));
#2983=CARTESIAN_POINT('',(-0.00312727516867073,-0.00212743442274901,0.000572472929682619));
#2984=CARTESIAN_POINT('',(-0.00312793429488596,-0.00212644561482641,0.000572424820199785));
#2985=CARTESIAN_POINT('',(-0.00312966535548848,-0.00212384791557795,0.000572303564322284));
#2986=CARTESIAN_POINT('',(-0.00313079003342782,-0.00212216061725988,0.000572226354494138));
#2987=CARTESIAN_POINT('',(-0.00313302316519828,-0.00211880377118237,0.000572071105850071));
#2988=CARTESIAN_POINT('',(-0.00313414785504596,-0.00211711047488519,0.000571992831024871));
#2989=CARTESIAN_POINT('',(-0.00313606979659776,-0.00211421257515527,0.000571859225800088));
#2990=CARTESIAN_POINT('',(-0.00313686981719134,-0.00211300504755289,0.000571803811295859));
#2991=CARTESIAN_POINT('',(-0.0031399358234307,-0.00210837263192937,0.000571591967179348));
#2992=CARTESIAN_POINT('',(-0.00314217988194306,-0.00210497220230203,0.000571438018438293));
#2993=CARTESIAN_POINT('',(-0.00314807842140736,-0.00209601083735937,0.000571032722434022));
#2994=CARTESIAN_POINT('',(-0.00315171368849044,-0.00209046260090712,0.000570778778205327));
#2995=CARTESIAN_POINT('',(-0.00315564945550999,-0.00208443151355671,0.000570485243028273));
#2996=CARTESIAN_POINT('',(-0.00315592222184269,-0.00208401340368804,0.000570464788556787));
#2997=CARTESIAN_POINT('',(-0.00315809360059282,-0.0020806839805977,0.0005703009971304));
#2998=CARTESIAN_POINT('',(-0.00316000280843733,-0.00207775032103241,0.000570151146823703));
#2999=CARTESIAN_POINT('',(-0.0031648547197852,-0.00207027906021126,0.000569747513545063));
#3000=CARTESIAN_POINT('',(-0.00316775679906255,-0.00206579573301255,0.000569502767188512));
#3001=CARTESIAN_POINT('',(-0.00317208429169452,-0.00205908672643313,0.000569126870266447));
#3002=CARTESIAN_POINT('',(-0.00317352085690214,-0.0020568556629577,0.00056900004163123));
#3003=CARTESIAN_POINT('',(-0.00321142884110659,-0.00199787450459403,0.000565587820753055));
#3004=CARTESIAN_POINT('',(-0.00324597936089623,-0.00194161302759773,0.000561279104393912));
#3005=CARTESIAN_POINT('',(-0.00330365573024116,-0.00184373320712989,0.000552465907822728));
#3006=CARTESIAN_POINT('',(-0.00332761428913987,-0.00180151249725669,0.00054816050471576));
#3007=CARTESIAN_POINT('',(-0.00335688536641393,-0.00174833426978349,0.000542547522534105));
#3008=CARTESIAN_POINT('',(-0.00336411951324318,-0.0017350355928107,0.000541129063559246));
#3009=CARTESIAN_POINT('',(-0.00337625208960688,-0.00171248777945346,0.000538760986025254));
#3010=CARTESIAN_POINT('',(-0.00338146047622673,-0.0017027261529093,0.000537704095704791));
#3011=CARTESIAN_POINT('',(-0.00342154392488141,-0.00162689986334206,0.000529335648823414));
#3012=CARTESIAN_POINT('',(-0.00344980227007641,-0.00156889151442398,0.000522265706365405));
#3013=CARTESIAN_POINT('',(-0.00346620362967537,-0.00153026518641529,0.000517808119789554));
#3014=CARTESIAN_POINT('',(-0.00266969160848146,-0.00278891287932752,0.000219994051456318));
#3015=CARTESIAN_POINT('',(-0.00275599123139819,-0.00270653283795551,0.000221399831090902));
#3016=CARTESIAN_POINT('',(-0.00284443894049792,-0.00260878994136684,0.000223226882981275));
#3017=CARTESIAN_POINT('',(-0.00292929190257244,-0.00250445053454524,0.000223938702024201));
#3018=CARTESIAN_POINT('',(-0.00297038563638261,-0.00245387901723114,0.00022427784539387));
#3019=CARTESIAN_POINT('',(-0.00301054192900584,-0.0024019774670683,0.00022437701982615));
#3020=CARTESIAN_POINT('',(-0.00308830799376493,-0.00229667401481934,0.00022354201952073));
#3021=CARTESIAN_POINT('',(-0.00312588311751394,-0.00224338661180295,0.000222602543125741));
#3022=CARTESIAN_POINT('',(-0.00316318757025631,-0.00218816938642675,0.000221006899544717));
#3023=CARTESIAN_POINT('',(-0.00316394996704108,-0.00218703988233645,0.000220974018998921));
#3024=CARTESIAN_POINT('',(-0.00316631975458829,-0.00218352582750983,0.000220870983219835));
#3025=CARTESIAN_POINT('',(-0.00316792608490849,-0.0021811393266724,0.000220799950401694));
#3026=CARTESIAN_POINT('',(-0.00317022307752808,-0.00217772022920841,0.000220696708781711));
#3027=CARTESIAN_POINT('',(-0.00317090260102082,-0.0021767075033601,0.000220666233119727));
#3028=CARTESIAN_POINT('',(-0.0031726617032076,-0.0021740838656697,0.000220587665310965));
#3029=CARTESIAN_POINT('',(-0.00317375005110542,-0.00217245888745891,0.000220538618659291));
#3030=CARTESIAN_POINT('',(-0.00317594620166938,-0.0021691752861283,0.00022043863048633));
#3031=CARTESIAN_POINT('',(-0.00317705684542277,-0.00216751241266327,0.000220387625438197));
#3032=CARTESIAN_POINT('',(-0.00317896165683871,-0.00216465663554943,0.00022029944103642));
#3033=CARTESIAN_POINT('',(-0.00317975689486833,-0.0021634632235505,0.000220262440417468));
#3034=CARTESIAN_POINT('',(-0.00318281188691198,-0.00215887418776429,0.000220119533507055));
#3035=CARTESIAN_POINT('',(-0.00318506333068254,-0.00215548287779829,0.000220012598606947));
#3036=CARTESIAN_POINT('',(-0.0031909951633287,-0.00214652378486531,0.000219725775136104));
#3037=CARTESIAN_POINT('',(-0.00319466350744378,-0.00214095839525287,0.00021954255081747));
#3038=CARTESIAN_POINT('',(-0.00319859521521691,-0.00213496725736871,0.000219337055335838));
#3039=CARTESIAN_POINT('',(-0.00319886746710811,-0.00213455226366371,0.000219322775623002));
#3040=CARTESIAN_POINT('',(-0.00320103267323923,-0.00213125075520222,0.000219208796113768));
#3041=CARTESIAN_POINT('',(-0.00320292386515223,-0.00212836047484001,0.000219106726327708));
#3042=CARTESIAN_POINT('',(-0.00320767442178676,-0.00212108368837842,0.000218842400108432));
#3043=CARTESIAN_POINT('',(-0.00321052165340847,-0.00211670734239621,0.000218680182137557));
#3044=CARTESIAN_POINT('',(-0.00321477110591658,-0.00211015296485874,0.000218431272567444));
#3045=CARTESIAN_POINT('',(-0.00321618196657782,-0.002107973060427,0.000218347457376383));
#3046=CARTESIAN_POINT('',(-0.0032534097582991,-0.00205035221438929,0.000216102689450519));
#3047=CARTESIAN_POINT('',(-0.00328745411274579,-0.00199521098892922,0.000213298514213481));
#3048=CARTESIAN_POINT('',(-0.0033438919896022,-0.001899817562952,0.00020749905867876));
#3049=CARTESIAN_POINT('',(-0.00336717557212909,-0.0018590042100617,0.000204684658939664));
#3050=CARTESIAN_POINT('',(-0.00339616108586159,-0.00180639174503831,0.000200789765114272));
#3051=CARTESIAN_POINT('',(-0.00340338801261667,-0.0017931013752694,0.000199782076084334));
#3052=CARTESIAN_POINT('',(-0.00341577784208675,-0.00177001633202928,0.00019800655449739));
#3053=CARTESIAN_POINT('',(-0.00342106425917142,-0.0017600629908909,0.0001972229122417));
#3054=CARTESIAN_POINT('',(-0.00346173120997314,-0.00168266431852016,0.000191011351562519));
#3055=CARTESIAN_POINT('',(-0.00349102813632963,-0.00162178087921241,0.000185519228543483));
#3056=CARTESIAN_POINT('',(-0.00351212984775141,-0.00157190245511375,0.000180630987109614));
#3057=CARTESIAN_POINT('',(-0.00268205537839788,-0.00280115112841736,0.00013160048789706));
#3058=CARTESIAN_POINT('',(-0.00276861635659548,-0.00271852536886623,0.000132960263065736));
#3059=CARTESIAN_POINT('',(-0.00285686542097148,-0.00262108618101883,0.000134676887032577));
#3060=CARTESIAN_POINT('',(-0.00294175675843106,-0.00251680501055385,0.000135446486096793));
#3061=CARTESIAN_POINT('',(-0.00298287539593212,-0.00246625445467629,0.000135814988770406));
#3062=CARTESIAN_POINT('',(-0.00302277207056042,-0.00241471096723437,0.000135944409224693));
#3063=CARTESIAN_POINT('',(-0.00310028597554542,-0.00230986269927623,0.000135315845977356));
#3064=CARTESIAN_POINT('',(-0.00313789716205257,-0.00225658236515718,0.000134550711826578));
#3065=CARTESIAN_POINT('',(-0.00317493626730446,-0.00220181609075282,0.000133219684509731));
#3066=CARTESIAN_POINT('',(-0.00317569301406093,-0.00220069614423873,0.000133192244022709));
#3067=CARTESIAN_POINT('',(-0.00317804447141037,-0.0021972129532874,0.000133106213147835));
#3068=CARTESIAN_POINT('',(-0.0031796372783505,-0.00219484902616998,0.000133046843467465));
#3069=CARTESIAN_POINT('',(-0.00318191307751817,-0.00219146500415913,0.000132960455183277));
#3070=CARTESIAN_POINT('',(-0.00318259492889989,-0.00219045018037619,0.000132934464441483));
#3071=CARTESIAN_POINT('',(-0.00318435606670346,-0.00218782690549555,0.000132867029729929));
#3072=CARTESIAN_POINT('',(-0.00318543702111536,-0.00218621477662829,0.000132825139689951));
#3073=CARTESIAN_POINT('',(-0.0031876241119739,-0.00218294863472942,0.000132739385845003));
#3074=CARTESIAN_POINT('',(-0.00318873092611737,-0.00218129352032279,0.0001326954869499));
#3075=CARTESIAN_POINT('',(-0.003190630294295,-0.00217844942262759,0.000132619300509313));
#3076=CARTESIAN_POINT('',(-0.00319142364258617,-0.00217726032516637,0.000132587228935676));
#3077=CARTESIAN_POINT('',(-0.00319447256444622,-0.00217268610716643,0.000132462998895316));
#3078=CARTESIAN_POINT('',(-0.00319672204065258,-0.00216930201597513,0.000132369284379932));
#3079=CARTESIAN_POINT('',(-0.00320265093303329,-0.00216035838812324,0.000132116588446116));
#3080=CARTESIAN_POINT('',(-0.00320631948480758,-0.00215479952397308,0.000131954228833528));
#3081=CARTESIAN_POINT('',(-0.00321024504751279,-0.00214882473969851,0.000131773231063396));
#3082=CARTESIAN_POINT('',(-0.00321051683628328,-0.00214841093456508,0.000131760661171945));
#3083=CARTESIAN_POINT('',(-0.00321267802380285,-0.00214511938177126,0.000131660399743618));
#3084=CARTESIAN_POINT('',(-0.00321456367088024,-0.0021422408484924,0.000131571039918491));
#3085=CARTESIAN_POINT('',(-0.00321929125761058,-0.0021350073208159,0.000131341835991461));
#3086=CARTESIAN_POINT('',(-0.00322212567664455,-0.00213065532952932,0.000131200618692138));
#3087=CARTESIAN_POINT('',(-0.00322635663597166,-0.00212413642848281,0.000130983822454142));
#3088=CARTESIAN_POINT('',(-0.00322776139210587,-0.00212196826367319,0.000130910832263195));
#3089=CARTESIAN_POINT('',(-0.00326482787080441,-0.00206465856215995,0.000128957605519299));
#3090=CARTESIAN_POINT('',(-0.00329874479166747,-0.00200977581805967,0.000126507750764162));
#3091=CARTESIAN_POINT('',(-0.00335493184740113,-0.00191485004371688,0.000121393774839166));
#3092=CARTESIAN_POINT('',(-0.00337809462635669,-0.00187426847164249,0.000118906990458578));
#3093=CARTESIAN_POINT('',(-0.00340704867650786,-0.00182168321543475,0.000115394386155132));
#3094=CARTESIAN_POINT('',(-0.00341428093910517,-0.00180837141327641,0.000114478849904201));
#3095=CARTESIAN_POINT('',(-0.00342672952310845,-0.0017851460633888,0.000112842295565848));
#3096=CARTESIAN_POINT('',(-0.00343203793311175,-0.00177513402649263,0.000112120818363493));
#3097=CARTESIAN_POINT('',(-0.00347288969078098,-0.00169722422633664,0.000106392093004023));
#3098=CARTESIAN_POINT('',(-0.00350252738235853,-0.00163543347191799,0.000101224980766333));
#3099=CARTESIAN_POINT('',(-0.00352477417503572,-0.00158280296148081,9.62401347006691E-5));
#3100=CARTESIAN_POINT('',(-0.00269532588847937,-0.0028143438049855,4.34869010041557E-5));
#3101=CARTESIAN_POINT('',(-0.00278218327838526,-0.00273144060440112,4.48020245455606E-5));
#3102=CARTESIAN_POINT('',(-0.00287028911668519,-0.00263427756275992,4.64752955722444E-5));
#3103=CARTESIAN_POINT('',(-0.00295514483004362,-0.00253016773600577,4.73547235090738E-5));
#3104=CARTESIAN_POINT('',(-0.00299624978994009,-0.00247969611600657,4.77774705021555E-5));
#3105=CARTESIAN_POINT('',(-0.00303594447366912,-0.00242845548584605,4.79731815901957E-5));
#3106=CARTESIAN_POINT('',(-0.00311321050940233,-0.00232406202829991,4.75964791468755E-5));
#3107=CARTESIAN_POINT('',(-0.00315079289896799,-0.00227087929915835,4.70163981080646E-5));
#3108=CARTESIAN_POINT('',(-0.00318761817831181,-0.00221648010727388,4.59404571388813E-5));
#3109=CARTESIAN_POINT('',(-0.00318837041712277,-0.00221536786890384,4.59182555792296E-5));
#3110=CARTESIAN_POINT('',(-0.00319070739633751,-0.00221190933414188,4.58485858765571E-5));
#3111=CARTESIAN_POINT('',(-0.00319228972300822,-0.00220956311643707,4.58004164359497E-5));
#3112=CARTESIAN_POINT('',(-0.00319454941314522,-0.00220620610020247,4.57301875381279E-5));
#3113=CARTESIAN_POINT('',(-0.00319523172411143,-0.00220519168826898,4.5708707640948E-5));
#3114=CARTESIAN_POINT('',(-0.00319699162832313,-0.0022025729924068,4.56526597714629E-5));
#3115=CARTESIAN_POINT('',(-0.0031980665629006,-0.00220097135818853,4.56179619186884E-5));
#3116=CARTESIAN_POINT('',(-0.00320024507047749,-0.00219772123904996,4.55466437809221E-5));
#3117=CARTESIAN_POINT('',(-0.00320134800269721,-0.00219607357168283,4.5510006316281E-5));
#3118=CARTESIAN_POINT('',(-0.0032032414000657,-0.00219324124660952,4.54461872144703E-5));
#3119=CARTESIAN_POINT('',(-0.00320403248922408,-0.00219205671980409,4.54192390427837E-5));
#3120=CARTESIAN_POINT('',(-0.00320707345918023,-0.00218749898045534,4.53145667468242E-5));
#3121=CARTESIAN_POINT('',(-0.00320931860643849,-0.00218412475802356,4.52350043315782E-5));
#3122=CARTESIAN_POINT('',(-0.00321523747659819,-0.00217520489991404,4.50193355296123E-5));
#3123=CARTESIAN_POINT('',(-0.0032189010811927,-0.00216965881695388,4.48799010731632E-5));
#3124=CARTESIAN_POINT('',(-0.00322281748545749,-0.00216370334221698,4.47249320622802E-5));
#3125=CARTESIAN_POINT('',(-0.00322308861727258,-0.00216329090790096,4.47141735441404E-5));
#3126=CARTESIAN_POINT('',(-0.00322524437678956,-0.00216001055960027,4.46283971094457E-5));
#3127=CARTESIAN_POINT('',(-0.00322712404962585,-0.00215714364769032,4.4552170241382E-5));
#3128=CARTESIAN_POINT('',(-0.0032318311452508,-0.00214994761328964,4.43579813546915E-5));
#3129=CARTESIAN_POINT('',(-0.0032346538731059,-0.00214561708970578,4.42378261559342E-5));
#3130=CARTESIAN_POINT('',(-0.00323886779009082,-0.00213912960833286,4.40530877365254E-5));
#3131=CARTESIAN_POINT('',(-0.00324026691349308,-0.00213697183648563,4.39908657326671E-5));
#3132=CARTESIAN_POINT('',(-0.00327718474400961,-0.00207993677126531,4.2326031990638E-5));
#3133=CARTESIAN_POINT('',(-0.0033109804647013,-0.00202527996415972,4.02103800953657E-5));
#3134=CARTESIAN_POINT('',(-0.00336697063399997,-0.00193068187485825,3.57235409910265E-5));
#3135=CARTESIAN_POINT('',(-0.00339005194593817,-0.00189023340238393,3.35273151011424E-5));
#3136=CARTESIAN_POINT('',(-0.0034190078992578,-0.00183758090951239,3.0357276588626E-5));
#3137=CARTESIAN_POINT('',(-0.003426251658912,-0.00182422800225389,2.95248751847865E-5));
#3138=CARTESIAN_POINT('',(-0.00343875653376831,-0.00180085384642127,2.80182125008323E-5));
#3139=CARTESIAN_POINT('',(-0.00344408923236893,-0.0017907739058476,2.73534534941091E-5));
#3140=CARTESIAN_POINT('',(-0.00348515653360436,-0.00171225955029082,2.20593695658218E-5));
#3141=CARTESIAN_POINT('',(-0.00351518995241598,-0.00164943214092459,1.71631272034917E-5));
#3142=CARTESIAN_POINT('',(-0.00353853491628264,-0.0015941526422861,1.20928457071656E-5));
#3143=CARTESIAN_POINT('',(-0.00341511451544808,-0.00142372498972794,0.00179571482029817));
#3144=CARTESIAN_POINT('',(-0.00340115467392711,-0.00145721071046445,0.00120646471767213));
#3145=CARTESIAN_POINT('',(-0.00344132084763424,-0.00151325112819834,0.000617362494865741));
#3146=CARTESIAN_POINT('',(-0.00353408524884861,-0.00159046588274975,3.95535099290237E-5));
#3147=CARTESIAN_POINT('',(-0.00353394839510858,-0.00159041078536527,3.95241941088156E-5));
#3148=CARTESIAN_POINT('',(-0.00353410151621505,-0.00159047942306473,3.94521875670338E-5));
#3149=CARTESIAN_POINT('',(-0.00352956098853254,-0.00160138549518958,4.01524969776974E-5));
#3150=CARTESIAN_POINT('',(-0.00349359391911573,-0.00168289886935772,4.63357395918454E-5));
#3151=CARTESIAN_POINT('',(-0.00345388801990585,-0.00176085445883825,5.08480435503146E-5));
#3152=CARTESIAN_POINT('',(-0.00341874927657616,-0.00182835017537536,5.37730247607384E-5));
#3153=CARTESIAN_POINT('',(-0.00331333050458365,-0.00201957682654262,5.88344036663297E-5));
#3154=CARTESIAN_POINT('',(-0.00318437100343781,-0.00221883019221402,5.88226273597504E-5));
#3155=CARTESIAN_POINT('',(-0.00309953796663083,-0.00233922883422011,5.90851575481228E-5));
#3156=CARTESIAN_POINT('',(-0.00295785208185034,-0.00252859631931299,5.88086977653437E-5));
#3157=CARTESIAN_POINT('',(-0.00281013736873797,-0.00270135018505224,5.69109801220003E-5));
#3158=CARTESIAN_POINT('',(-0.00269340748254068,-0.00281243702246643,5.62689211637029E-5));
#3159=CARTESIAN_POINT('',(-0.00269326813050125,-0.00281229143202108,5.63555048445161E-5));
#3160=CARTESIAN_POINT('',(-0.00269338900550662,-0.00281241866064958,5.63924643529529E-5));
#3161=CARTESIAN_POINT('',(-0.00260213964430247,-0.00272174031155011,0.000666528235489783));
#3162=CARTESIAN_POINT('',(-0.00255435149949292,-0.0026768080823596,0.00128998731599734));
#3163=CARTESIAN_POINT('',(-0.00255173129257948,-0.00267930353085845,0.00191363616372531));
#3164=CARTESIAN_POINT('',(-0.00255173129257951,-0.00267930353085848,0.0019136361637253));
#3165=CARTESIAN_POINT('',(-0.00255569975935242,-0.00267552401848469,0.000969081068642745));
#3166=CARTESIAN_POINT('',(-0.00269483020919677,-0.00281383698085685,4.51077987616961E-5));
#3167=CARTESIAN_POINT('',(-0.00247918312468611,-0.00274839739353613,0.00191164097700205));
#3168=CARTESIAN_POINT('',(-0.0024807608118285,-0.00274709972891417,0.000968091376599213));
#3169=CARTESIAN_POINT('',(-0.00261341647149722,-0.00289119810300962,4.50573214608772E-5));
#3170=CARTESIAN_POINT('',(-0.00240377229072625,-0.00281458271601007,0.00191156427533499));
#3171=CARTESIAN_POINT('',(-0.00240260654398679,-0.00281570086615367,0.000968052180468736));
#3172=CARTESIAN_POINT('',(-0.00252859724278254,-0.00296563569161845,4.50532017558998E-5));
#3173=CARTESIAN_POINT('',(-0.00232601498595196,-0.00287743884124876,0.00191340292526024));
#3174=CARTESIAN_POINT('',(-0.00232208004823926,-0.00288061969915522,0.000968965294994953));
#3175=CARTESIAN_POINT('',(-0.00244148479812207,-0.00303620480916961,4.51017670319883E-5));
#3176=CARTESIAN_POINT('',(-0.00269312875769127,-0.00281214582027358,5.64421487685451E-5));
#3177=CARTESIAN_POINT('',(-0.00261172107091397,-0.00288957063396079,5.61567934359835E-5));
#3178=CARTESIAN_POINT('',(-0.00252735391515844,-0.00296362386048919,5.61453955356006E-5));
#3179=CARTESIAN_POINT('',(-0.00244002818581211,-0.00303430652007608,5.64088289878222E-5));
#3180=CARTESIAN_POINT('',(-0.00244015446758546,-0.00303446347754688,5.63221933036143E-5));
#3181=CARTESIAN_POINT('',(-0.00232601498595203,-0.00287743884124871,0.00191340292526024));
#3182=CARTESIAN_POINT('',(-0.00232341687782393,-0.00287953905563188,0.00128982225821312));
#3183=CARTESIAN_POINT('',(-0.00236198352232325,-0.00293256125441452,0.000666431236400215));
#3184=CARTESIAN_POINT('',(-0.0024402648822329,-0.0030345997532223,5.63591273954262E-5));
#3185=CARTESIAN_POINT('',(-0.000236302237548934,-0.00369244651315753,0.00192485588810533));
#3186=CARTESIAN_POINT('',(-0.000352865537020145,-0.00368498691465475,0.0019218885027176));
#3187=CARTESIAN_POINT('',(-0.000500362151041655,-0.00366653223801413,0.00192334126137251));
#3188=CARTESIAN_POINT('',(-0.00071288864573696,-0.00362685935168291,0.00192980219188545));
#3189=CARTESIAN_POINT('',(-0.000767571174714196,-0.00361565693896193,0.00193179667206862));
#3190=CARTESIAN_POINT('',(-0.00099677289657347,-0.00356399830430835,0.00194146455963388));
#3191=CARTESIAN_POINT('',(-0.00117830763518052,-0.00351191180650219,0.00195222063713521));
#3192=CARTESIAN_POINT('',(-0.00138904702075025,-0.00342969468028297,0.00196856867174513));
#3193=CARTESIAN_POINT('',(-0.00142632884249551,-0.0034143286677561,0.00196942822467979));
#3194=CARTESIAN_POINT('',(-0.00146873795336708,-0.00339599905681574,0.00196917576357425));
#3195=CARTESIAN_POINT('',(-0.00146954505967789,-0.00339564987819689,0.00196917042311457));
#3196=CARTESIAN_POINT('',(-0.00147129635583213,-0.00339489146921008,0.00196915766936012));
#3197=CARTESIAN_POINT('',(-0.00147224295956166,-0.00339448106883752,0.00196915004349225));
#3198=CARTESIAN_POINT('',(-0.00147791622294138,-0.00339201860539037,0.00196909997150087));
#3199=CARTESIAN_POINT('',(-0.00148258537829983,-0.0033899803004688,0.0019690407356697));
#3200=CARTESIAN_POINT('',(-0.00149353115898149,-0.00338517548881183,0.00196886257278098));
#3201=CARTESIAN_POINT('',(-0.00149976160749066,-0.00338241932326073,0.00196872965456673));
#3202=CARTESIAN_POINT('',(-0.00150703780998729,-0.00337917720084094,0.00196854190765619));
#3203=CARTESIAN_POINT('',(-0.0015081837650219,-0.00337866590046156,0.00196851137762105));
#3204=CARTESIAN_POINT('',(-0.00150955023469248,-0.00337805538080247,0.00196847382266534));
#3205=CARTESIAN_POINT('',(-0.00150979725979717,-0.0033779449808878,0.00196846698858084));
#3206=CARTESIAN_POINT('',(-0.00155829269234119,-0.00335626575297135,0.00196711738139797));
#3207=CARTESIAN_POINT('',(-0.0016015103716941,-0.00333601872254089,0.00196457495595877));
#3208=CARTESIAN_POINT('',(-0.00168313087091789,-0.00329513616624843,0.00195731128849485));
#3209=CARTESIAN_POINT('',(-0.0017072563237871,-0.00328272739073663,0.00195516382098153));
#3210=CARTESIAN_POINT('',(-0.00177549082830425,-0.00324670708964818,0.00194912037908963));
#3211=CARTESIAN_POINT('',(-0.00181597378480024,-0.00322405344805188,0.00194557689491897));
#3212=CARTESIAN_POINT('',(-0.00188105133717109,-0.00318628325946845,0.00194007220052166));
#3213=CARTESIAN_POINT('',(-0.00190619844154542,-0.00317113146299075,0.00193803290466509));
#3214=CARTESIAN_POINT('',(-0.00193186265915667,-0.00315518412861656,0.00193603914043188));
#3215=CARTESIAN_POINT('',(-0.00207125032866045,-0.00306852194638856,0.00192521946025893));
#3216=CARTESIAN_POINT('',(-0.00222504632661593,-0.00295905816582324,0.00191579043092554));
#3217=CARTESIAN_POINT('',(-0.00232601498595203,-0.00287743884124871,0.00191340292526024));
#3218=CARTESIAN_POINT('',(-0.000232302999754499,-0.00369270244884568,0.00138342612561161));
#3219=CARTESIAN_POINT('',(-0.000353622822016196,-0.00368502660768294,0.00138067272098658));
#3220=CARTESIAN_POINT('',(-0.000498094663527862,-0.00366694487603022,0.00138240496080788));
#3221=CARTESIAN_POINT('',(-0.000709300409080828,-0.00362756306976691,0.00138920269631962));
#3222=CARTESIAN_POINT('',(-0.000764040921424676,-0.00361640355288213,0.00139127554053444));
#3223=CARTESIAN_POINT('',(-0.00099343380125879,-0.00356493763836807,0.00140129467203688));
#3224=CARTESIAN_POINT('',(-0.00117510605535474,-0.00351298058356473,0.00141229877080653));
#3225=CARTESIAN_POINT('',(-0.00138602077019576,-0.00343091094834066,0.00142897838898786));
#3226=CARTESIAN_POINT('',(-0.00142333950319689,-0.00341557504876013,0.00142990865868901));
#3227=CARTESIAN_POINT('',(-0.00146578649029931,-0.0033972753534004,0.00142973004902714));
#3228=CARTESIAN_POINT('',(-0.00146659431588215,-0.00339692674252087,0.00142972611148053));
#3229=CARTESIAN_POINT('',(-0.00146834716915305,-0.00339616956182661,0.00142971639584514));
#3230=CARTESIAN_POINT('',(-0.00146929461385165,-0.00339575982459614,0.00142971041098833));
#3231=CARTESIAN_POINT('',(-0.00147497287164454,-0.00339330129155123,0.00142967009768071));
#3232=CARTESIAN_POINT('',(-0.00147964596089961,-0.0033912660505265,0.00142961860025253));
#3233=CARTESIAN_POINT('',(-0.00149060090185454,-0.00338646830131731,0.001429458579791));
#3234=CARTESIAN_POINT('',(-0.00149683651488925,-0.00338371605944183,0.00142933598962213));
#3235=CARTESIAN_POINT('',(-0.00150411915499624,-0.00338047877712737,0.00142916121238146));
#3236=CARTESIAN_POINT('',(-0.00150526613803586,-0.00337996824791659,0.00142913275666009));
#3237=CARTESIAN_POINT('',(-0.00150663384498417,-0.00337935865579962,0.00142909769965666));
#3238=CARTESIAN_POINT('',(-0.00150688109380973,-0.00337924842363481,0.00142909131719586));
#3239=CARTESIAN_POINT('',(-0.0015554204614653,-0.00335760214423413,0.0014278303945015));
#3240=CARTESIAN_POINT('',(-0.0015986807069067,-0.00333738820639643,0.00142537229038594));
#3241=CARTESIAN_POINT('',(-0.0016803603622409,-0.00329655115467728,0.00141822763806625));
#3242=CARTESIAN_POINT('',(-0.00170450421566841,-0.00328415645618778,0.00141611748116374));
#3243=CARTESIAN_POINT('',(-0.00177279169211851,-0.00324817596463214,0.0014101832520547));
#3244=CARTESIAN_POINT('',(-0.00181336383801207,-0.00322550838260501,0.0014067256629721));
#3245=CARTESIAN_POINT('',(-0.00187843473652229,-0.00318783992729947,0.00140136270112328));
#3246=CARTESIAN_POINT('',(-0.00190354784406228,-0.00317275250022256,0.00139937754722288));
#3247=CARTESIAN_POINT('',(-0.00192911676419649,-0.00315692007685813,0.00139743749870489));
#3248=CARTESIAN_POINT('',(-0.00206798065301618,-0.00307088703667669,0.00138690940182029));
#3249=CARTESIAN_POINT('',(-0.00222000814572798,-0.00296304083123747,0.00137772319124351));
#3250=CARTESIAN_POINT('',(-0.00232377394822066,-0.00287925041314818,0.00137552392465503));
#3251=CARTESIAN_POINT('',(-0.000231457950942594,-0.00374222867960996,0.000842142174058657));
#3252=CARTESIAN_POINT('',(-0.000359871835752622,-0.00373419869472343,0.000839814969039805));
#3253=CARTESIAN_POINT('',(-0.000513026409321483,-0.0037143830705716,0.000842072041523366));
#3254=CARTESIAN_POINT('',(-0.0007244005684205,-0.00367297682800994,0.00084765384481097));
#3255=CARTESIAN_POINT('',(-0.000778078782469706,-0.00366135142704636,0.000849276649478257));
#3256=CARTESIAN_POINT('',(-0.0010019531165313,-0.00360809508733345,0.000856285182519699));
#3257=CARTESIAN_POINT('',(-0.00117610220642906,-0.00355425293152948,0.000864557582044642));
#3258=CARTESIAN_POINT('',(-0.00138483578085028,-0.00347576953989011,0.000861036415298138));
#3259=CARTESIAN_POINT('',(-0.00143296158630306,-0.00345650903859941,0.000861437660232555));
#3260=CARTESIAN_POINT('',(-0.00147736989543289,-0.00343772704480734,0.000861546642700886));
#3261=CARTESIAN_POINT('',(-0.00147821118286392,-0.00343737087211131,0.00086154873282531));
#3262=CARTESIAN_POINT('',(-0.00148002785190254,-0.00343660098775824,0.000861553309961842));
#3263=CARTESIAN_POINT('',(-0.00148100109404467,-0.00343618806886693,0.000861555816146326));
#3264=CARTESIAN_POINT('',(-0.00148686171600098,-0.00343369848757636,0.000861570932790646));
#3265=CARTESIAN_POINT('',(-0.0014917843185642,-0.00343159444662964,0.000861583563473103));
#3266=CARTESIAN_POINT('',(-0.00150352751011618,-0.0034265434797833,0.000861610379776747));
#3267=CARTESIAN_POINT('',(-0.00151037477077822,-0.00342357342030522,0.000861623399666301));
#3268=CARTESIAN_POINT('',(-0.00151852241478,-0.00342000835578596,0.000861631951045933));
#3269=CARTESIAN_POINT('',(-0.00151981001928704,-0.00341944406954641,0.000861633110716273));
#3270=CARTESIAN_POINT('',(-0.00152135037264649,-0.00341876793557357,0.000861634259026477));
#3271=CARTESIAN_POINT('',(-0.00152162902223838,-0.00341864558108574,0.00086163445801021));
#3272=CARTESIAN_POINT('',(-0.00157636621154896,-0.0033946031346686,0.000861671972005737));
#3273=CARTESIAN_POINT('',(-0.00163380842077325,-0.00336749781094368,0.000860979162441266));
#3274=CARTESIAN_POINT('',(-0.00170235008812536,-0.00333348297229793,0.000861255610900268));
#3275=CARTESIAN_POINT('',(-0.00172561582206994,-0.00332162145431156,0.000860981049602204));
#3276=CARTESIAN_POINT('',(-0.00179669371237418,-0.00328442195734435,0.000859521111730642));
#3277=CARTESIAN_POINT('',(-0.00184612976074449,-0.00325732623734309,0.000857710315538524));
#3278=CARTESIAN_POINT('',(-0.00192142914881613,-0.00321360418446545,0.000854703965401308));
#3279=CARTESIAN_POINT('',(-0.00194842079735629,-0.00319760823959558,0.00085355018204564));
#3280=CARTESIAN_POINT('',(-0.00197473538584522,-0.00318163178498379,0.000852391477911621));
#3281=CARTESIAN_POINT('',(-0.00211752871771041,-0.00309489706567108,0.000846100244642348));
#3282=CARTESIAN_POINT('',(-0.00224433192484067,-0.00300592365187014,0.000839612687584022));
#3283=CARTESIAN_POINT('',(-0.00235216025925235,-0.00291894889742693,0.000837786023664384));
#3284=CARTESIAN_POINT('',(-0.000234127898197505,-0.00385648137088993,0.000216285987471146));
#3285=CARTESIAN_POINT('',(-0.000380055859780801,-0.00384732810406494,0.00021424946572517));
#3286=CARTESIAN_POINT('',(-0.000537981014980225,-0.00382644065824703,0.000215639025270356));
#3287=CARTESIAN_POINT('',(-0.00075436299034354,-0.00378349602019711,0.000219278070720634));
#3288=CARTESIAN_POINT('',(-0.000809169555173212,-0.00377146898172441,0.00022033440511267));
#3289=CARTESIAN_POINT('',(-0.00103707600753966,-0.00371649256038017,0.000224953774474712));
#3290=CARTESIAN_POINT('',(-0.00121279479214865,-0.00366220816481302,0.00022870062958775));
#3291=CARTESIAN_POINT('',(-0.00142887045453912,-0.00357936587564912,0.000230153344090961));
#3292=CARTESIAN_POINT('',(-0.00147397409771763,-0.00356115566472292,0.00023032978900965));
#3293=CARTESIAN_POINT('',(-0.00151957884094659,-0.00354178768034121,0.000230382872576616));
#3294=CARTESIAN_POINT('',(-0.0015204446413754,-0.00354141962774034,0.000230383829609839));
#3295=CARTESIAN_POINT('',(-0.00152231845812975,-0.00354062230027184,0.000230385791825352));
#3296=CARTESIAN_POINT('',(-0.00152332645140176,-0.00354019290891833,0.000230386778523716));
#3297=CARTESIAN_POINT('',(-0.00152938388655113,-0.00353760964041572,0.000230392296958667));
#3298=CARTESIAN_POINT('',(-0.00153442779022086,-0.00353544655618825,0.000230395176984725));
#3299=CARTESIAN_POINT('',(-0.00154637311475432,-0.00353029519645623,0.000230397872122676));
#3300=CARTESIAN_POINT('',(-0.00155326955954929,-0.00352729844784324,0.000230396152860698));
#3301=CARTESIAN_POINT('',(-0.00156141383115144,-0.00352373261736878,0.000230390180356381));
#3302=CARTESIAN_POINT('',(-0.00156269912991832,-0.00352316909476965,0.000230389123133796));
#3303=CARTESIAN_POINT('',(-0.00156423472661743,-0.00352249488432363,0.000230387720790706));
#3304=CARTESIAN_POINT('',(-0.00156451243947549,-0.00352237291620928,0.000230387461713701));
#3305=CARTESIAN_POINT('',(-0.00161905229180086,-0.00349841310404694,0.000230335612934128));
#3306=CARTESIAN_POINT('',(-0.00167260713423814,-0.00347347178058167,0.000230082744661801));
#3307=CARTESIAN_POINT('',(-0.00175012369898752,-0.0034352889823502,0.00022937192836089));
#3308=CARTESIAN_POINT('',(-0.00177471014932578,-0.00342286114352441,0.000229097305385558));
#3309=CARTESIAN_POINT('',(-0.00184752987597786,-0.0033851109226569,0.000228126654695113));
#3310=CARTESIAN_POINT('',(-0.00189529188217431,-0.0033590977993308,0.000227280179412165));
#3311=CARTESIAN_POINT('',(-0.00196908513837414,-0.00331697428388229,0.00022576553418016));
#3312=CARTESIAN_POINT('',(-0.00199624586359158,-0.00330104714947635,0.000225164259676599));
#3313=CARTESIAN_POINT('',(-0.00202303317261434,-0.00328491298215214,0.000224545232589685));
#3314=CARTESIAN_POINT('',(-0.00216842752283135,-0.00319729634422286,0.000221182618115919));
#3315=CARTESIAN_POINT('',(-0.00230200599275765,-0.00310422842698407,0.000217455941266442));
#3316=CARTESIAN_POINT('',(-0.00242042024443975,-0.00300869097480743,0.000215897520775592));
#3317=CARTESIAN_POINT('',(-0.00023462165021754,-0.00387497948901458,0.00012324506117375));
#3318=CARTESIAN_POINT('',(-0.000383152384698139,-0.00386565689232548,0.000121252772988346));
#3319=CARTESIAN_POINT('',(-0.000541929530772284,-0.00384461392617505,0.000122520066348026));
#3320=CARTESIAN_POINT('',(-0.000759183488287768,-0.0038014369782435,0.000125899108912557));
#3321=CARTESIAN_POINT('',(-0.000814181308890394,-0.00378934935976488,0.000126880905725948));
#3322=CARTESIAN_POINT('',(-0.00104277976413826,-0.00373411727398831,0.000131180475929323));
#3323=CARTESIAN_POINT('',(-0.00121884647732139,-0.00367969324688559,0.00013445998915825));
#3324=CARTESIAN_POINT('',(-0.00143581094068348,-0.00359634708364887,0.000136373637530304));
#3325=CARTESIAN_POINT('',(-0.00148070423322094,-0.00357820225806804,0.000136538870767303));
#3326=CARTESIAN_POINT('',(-0.00152645999729561,-0.00355876087825445,0.000136595623350128));
#3327=CARTESIAN_POINT('',(-0.00152732881716412,-0.00355839136884685,0.000136596644568469));
#3328=CARTESIAN_POINT('',(-0.00152920951526848,-0.00355759074307489,0.00013659873299782));
#3329=CARTESIAN_POINT('',(-0.00153022154896438,-0.00355715943372699,0.00013659977877653));
#3330=CARTESIAN_POINT('',(-0.00153630225553,-0.00355456508870931,0.000136605617303454));
#3331=CARTESIAN_POINT('',(-0.00154136196268364,-0.0035523943916048,0.00013660863409955));
#3332=CARTESIAN_POINT('',(-0.00155333751816951,-0.00354722837864344,0.000136611621845486));
#3333=CARTESIAN_POINT('',(-0.0015602457084317,-0.00354422584810667,0.000136610047109848));
#3334=CARTESIAN_POINT('',(-0.00156839864462998,-0.00354065583389428,0.000136604555094329));
#3335=CARTESIAN_POINT('',(-0.00156968516080138,-0.0035400917270556,0.000136603582115524));
#3336=CARTESIAN_POINT('',(-0.00157122204270885,-0.00353941690555642,0.000136602291011862));
#3337=CARTESIAN_POINT('',(-0.00157149998153013,-0.00353929483024531,0.000136602052418917));
#3338=CARTESIAN_POINT('',(-0.00162608308033228,-0.00351531454682346,0.000136554293499643));
#3339=CARTESIAN_POINT('',(-0.00167937474923099,-0.00349052830083405,0.000136353056541274));
#3340=CARTESIAN_POINT('',(-0.00175778017986926,-0.0034519361266317,0.000135587572633678));
#3341=CARTESIAN_POINT('',(-0.00178252033825251,-0.00343944205906322,0.000135323888520149));
#3342=CARTESIAN_POINT('',(-0.0018555976237711,-0.00340159797463279,0.000134434646439725));
#3343=CARTESIAN_POINT('',(-0.00190327185691494,-0.00337565508033268,0.000133705974472283));
#3344=CARTESIAN_POINT('',(-0.00197703307451688,-0.0033336235810733,0.0001323803500467));
#3345=CARTESIAN_POINT('',(-0.00200424689981938,-0.00331768328115785,0.000131850331492129));
#3346=CARTESIAN_POINT('',(-0.0020311188523595,-0.00330151169080503,0.000131301591732211));
#3347=CARTESIAN_POINT('',(-0.00217697620899771,-0.00321368922490727,0.000128320476888208));
#3348=CARTESIAN_POINT('',(-0.00231150985079151,-0.00312001783481142,0.000124961247125823));
#3349=CARTESIAN_POINT('',(-0.00243150883089876,-0.0030231962233247,0.000123442921828274));
#3350=CARTESIAN_POINT('',(-0.000235210890366943,-0.0038949332594351,3.05185656186479E-5));
#3351=CARTESIAN_POINT('',(-0.00038630846410076,-0.00388544152883717,2.85708677019438E-5));
#3352=CARTESIAN_POINT('',(-0.000546061578268698,-0.00386424419476557,2.97241227685204E-5));
#3353=CARTESIAN_POINT('',(-0.000764307548129015,-0.00382082895912233,3.28703686880066E-5));
#3354=CARTESIAN_POINT('',(-0.000819521335471099,-0.0038086791544542,3.3786342292476E-5));
#3355=CARTESIAN_POINT('',(-0.00104891242210062,-0.00375318567520915,3.78008360108807E-5));
#3356=CARTESIAN_POINT('',(-0.00122542700249403,-0.00369856779683752,4.07606185851383E-5));
#3357=CARTESIAN_POINT('',(-0.00144317256670729,-0.00361480711339706,4.29406419001043E-5));
#3358=CARTESIAN_POINT('',(-0.00148802521117194,-0.00359666344214783,4.31091132588328E-5));
#3359=CARTESIAN_POINT('',(-0.00153392176144624,-0.00357715460438752,4.31776123707507E-5));
#3360=CARTESIAN_POINT('',(-0.00153479332886648,-0.00357678378360565,4.31788547389143E-5));
#3361=CARTESIAN_POINT('',(-0.00153668014312065,-0.00357598024936484,4.31814171309398E-5));
#3362=CARTESIAN_POINT('',(-0.00153769563224245,-0.00357554730587224,4.31827145892495E-5));
#3363=CARTESIAN_POINT('',(-0.00154379661864891,-0.0035729433602448,4.31900548366908E-5));
#3364=CARTESIAN_POINT('',(-0.00154887149504245,-0.00357076545735923,4.31942851598566E-5));
#3365=CARTESIAN_POINT('',(-0.00156087947367575,-0.00356558405664817,4.32002047917831E-5));
#3366=CARTESIAN_POINT('',(-0.00156780360372602,-0.00356257397360709,4.32003690534974E-5));
#3367=CARTESIAN_POINT('',(-0.00157597282372443,-0.00355899636243231,4.3197164083736E-5));
#3368=CARTESIAN_POINT('',(-0.00157726183676664,-0.00355843109463978,4.31965586478061E-5));
#3369=CARTESIAN_POINT('',(-0.00157880161953888,-0.00355775492955066,4.31957147130832E-5));
#3370=CARTESIAN_POINT('',(-0.00157908007984104,-0.00355763261290651,4.31955572851898E-5));
#3371=CARTESIAN_POINT('',(-0.00163376504328227,-0.00353360522456949,4.31637915825146E-5));
#3372=CARTESIAN_POINT('',(-0.00168701453781945,-0.00350885675344798,4.30053929226856E-5));
#3373=CARTESIAN_POINT('',(-0.001766014045106,-0.00346999252016498,4.22478255402626E-5));
#3374=CARTESIAN_POINT('',(-0.00179088094212281,-0.0034574427798467,4.20024300130657E-5));
#3375=CARTESIAN_POINT('',(-0.00186422390937329,-0.0034194898592815,4.11992251003472E-5));
#3376=CARTESIAN_POINT('',(-0.00191192977733782,-0.00339354846434938,4.05688918175481E-5));
#3377=CARTESIAN_POINT('',(-0.00198580426330807,-0.00335149899383363,3.94059759470348E-5));
#3378=CARTESIAN_POINT('',(-0.00201309552857587,-0.0033355255816791,3.89381620878494E-5));
#3379=CARTESIAN_POINT('',(-0.00204006648418857,-0.00331930349160934,3.84512730233067E-5));
#3380=CARTESIAN_POINT('',(-0.00218646361104002,-0.00323120503007808,3.58059204521976E-5));
#3381=CARTESIAN_POINT('',(-0.00232192759272493,-0.00313692241986896,3.27751756666306E-5));
#3382=CARTESIAN_POINT('',(-0.00244350409011857,-0.00303882046015171,3.12966488450944E-5));
#3383=CARTESIAN_POINT('',(-0.00244028073092292,-0.0030346204116983,5.62356178078277E-5));
#3384=CARTESIAN_POINT('',(-0.00237461039234551,-0.00308776275082505,5.64788794570343E-5));
#3385=CARTESIAN_POINT('',(-0.00223133918486202,-0.00319629143969887,5.74384203027244E-5));
#3386=CARTESIAN_POINT('',(-0.00193667480439407,-0.00338038148833921,5.70761749370394E-5));
#3387=CARTESIAN_POINT('',(-0.001721128437721,-0.0034912668560706,5.62485813949679E-5));
#3388=CARTESIAN_POINT('',(-0.00155844492187888,-0.00356407502207565,5.63331343281004E-5));
#3389=CARTESIAN_POINT('',(-0.0014730192760311,-0.00359974543318811,5.65367513101905E-5));
#3390=CARTESIAN_POINT('',(-0.00138861542811041,-0.00363269478349691,5.66933132471567E-5));
#3391=CARTESIAN_POINT('',(-0.0013824539854267,-0.00363485470770226,5.67266036787484E-5));
#3392=CARTESIAN_POINT('',(-0.00132531701921715,-0.00365624688892217,5.69993938814196E-5));
#3393=CARTESIAN_POINT('',(-0.00122888200154672,-0.00368988991396152,5.74896865994016E-5));
#3394=CARTESIAN_POINT('',(-0.00106883996776384,-0.00374147881441123,5.79743251396557E-5));
#3395=CARTESIAN_POINT('',(-0.000806782304680015,-0.00380763264149493,5.82958336146888E-5));
#3396=CARTESIAN_POINT('',(-0.00068240160523392,-0.00383178385161659,5.8276343031522E-5));
#3397=CARTESIAN_POINT('',(-0.000471704300089032,-0.00386815671106153,5.77475167331014E-5));
#3398=CARTESIAN_POINT('',(-0.000329219348730574,-0.00388299459186676,5.74999048930337E-5));
#3399=CARTESIAN_POINT('',(-0.000235040363542867,-0.00388909161471541,5.78701014697859E-5));
#3400=CARTESIAN_POINT('',(-0.000235027349334908,-0.00388888528108824,5.79575035293919E-5));
#3401=CARTESIAN_POINT('',(-0.000235039136526313,-0.00388906503466567,5.79956465345305E-5));
#3402=CARTESIAN_POINT('',(-0.000231269718064666,-0.00375909888076171,0.000671195206068827));
#3403=CARTESIAN_POINT('',(-0.000231671471791197,-0.00369274286418285,0.00129792779831106));
#3404=CARTESIAN_POINT('',(-0.000236302237548934,-0.00369244651315753,0.00192485588810533));
#3405=CARTESIAN_POINT('',(0.,0.,0.002));
#3406=CARTESIAN_POINT('',(-0.0029428904899637,0.00224263139282433,0.002));
#3407=CARTESIAN_POINT('',(-0.0029428904899637,0.00224263139282433,0.00135010485668602));
#3408=CARTESIAN_POINT('',(-0.00298728634330632,0.0023005756065453,0.000704252806807153));
#3409=CARTESIAN_POINT('',(-0.00307480414749591,0.00241335196585595,7.26347196003849E-5));
#3410=CARTESIAN_POINT('',(-0.00307480414749592,0.00241335196585593,7.2634719600381E-5));
#3411=CARTESIAN_POINT('',(-0.00307480414749591,0.00241335196585594,7.26347196003819E-5));
#3412=CARTESIAN_POINT('',(-0.00307498213225511,0.00241358131888121,7.13501993339052E-5));
#3413=CARTESIAN_POINT('',(-0.00307516747480995,0.00241380192854525,7.0065239254005E-5));
#3414=CARTESIAN_POINT('',(-0.00307536017921288,0.00241401379321551,6.87798396649303E-5));
#3415=CARTESIAN_POINT('',(-0.00307536017921287,0.00241401379321551,6.87798396649301E-5));
#3416=CARTESIAN_POINT('',(-2.57825789275258E-19,7.14123789310777E-35,6.877983966493E-5));
#3417=CARTESIAN_POINT('',(-0.00336734780908046,0.00198652247870596,6.87798396649295E-5));
#3418=CARTESIAN_POINT('',(-0.00336734780908028,0.00198652247870628,6.87798396649068E-5));
#3419=CARTESIAN_POINT('',(-0.00324744169728338,0.00191578544768843,0.000702452732693114));
#3420=CARTESIAN_POINT('',(-0.00318678435864939,0.00188000144985785,0.00135121456662295));
#3421=CARTESIAN_POINT('',(-0.00318678435864939,0.00188000144985785,0.00199999999999997));
#3422=CARTESIAN_POINT('',(-0.00318678435864988,0.00188000144985705,0.002));
#3423=CARTESIAN_POINT('',(-0.00318678435864981,0.00188000144985717,0.000940667186718164));
#3424=CARTESIAN_POINT('',(-0.00339863403580215,0.00200497937599692,-8.97144132552965E-5));
#3425=CARTESIAN_POINT('',(-0.00333401731133919,0.00163042734939889,0.00199999999533677));
#3426=CARTESIAN_POINT('',(-0.00331332307239923,0.00166550608921895,0.00097088727749068));
#3427=CARTESIAN_POINT('',(-0.00350307834149633,0.00180075468613888,-3.1858074439518E-5));
#3428=CARTESIAN_POINT('',(-0.00356371368148886,0.00111116935794826,0.00189233664331779));
#3429=CARTESIAN_POINT('',(-0.003540680265158,0.00118448086700318,0.000927814489893821));
#3430=CARTESIAN_POINT('',(-0.00371682635912222,0.00131486876069114,-1.52300090378953E-5));
#3431=CARTESIAN_POINT('',(-0.00372477074926254,0.000257011625035517,0.00168694814782098));
#3432=CARTESIAN_POINT('',(-0.00372570455774945,0.000303676235559344,0.000787267165298666));
#3433=CARTESIAN_POINT('',(-0.00390613658570946,0.000360406904908556,-9.46917472537413E-5));
#3434=CARTESIAN_POINT('',(-0.0036840730761706,-0.000604237008745789,0.00163680713299483));
#3435=CARTESIAN_POINT('',(-0.00368619485817569,-0.000622169230383854,0.000750191136654616));
#3436=CARTESIAN_POINT('',(-0.00386034289504159,-0.000667463608356772,-0.000119386476499199));
#3437=CARTESIAN_POINT('',(-0.00352495689957253,-0.00116024410462635,0.00173538889141464));
#3438=CARTESIAN_POINT('',(-0.00350947902106251,-0.0012088971202946,0.000821157817577028));
#3439=CARTESIAN_POINT('',(-0.00367020767261148,-0.00131367818693439,-7.44494916840727E-5));
#3440=CARTESIAN_POINT('',(-0.0034151145154481,-0.00142372498972795,0.00179571482029817));
#3441=CARTESIAN_POINT('',(-0.00339295497716265,-0.00147687946928002,0.000860352467564633));
#3442=CARTESIAN_POINT('',(-0.00354947198308602,-0.00160318386840147,-5.49446428667576E-5));
#3443=CARTESIAN_POINT('',(-0.00336734780908065,0.00198652247870564,6.87798396649299E-5));
#3444=CARTESIAN_POINT('',(-0.00368475518047275,0.00144848627317534,6.87798396648792E-5));
#3445=CARTESIAN_POINT('',(-0.00397551056095544,0.000223719867261636,5.73505629754914E-6));
#3446=CARTESIAN_POINT('',(-0.00376913365107225,-0.0010148845781957,2.24905073606431E-5));
#3447=CARTESIAN_POINT('',(-0.00353379525673287,-0.0015903421376666,3.9596242564934E-5));
#3448=CARTESIAN_POINT('',(-0.00307480414749565,0.00241335196585558,7.26347196011448E-5));
#3449=CARTESIAN_POINT('',(-0.00303908226358255,0.00245794859763302,7.52141132179601E-5));
#3450=CARTESIAN_POINT('',(-0.00299247464411062,0.00249109041550469,7.42572731353146E-5));
#3451=CARTESIAN_POINT('',(-0.00298615939006128,0.00229912340198025,0.000712386057618859));
#3452=CARTESIAN_POINT('',(-0.00295080896577793,0.00234444469117327,0.000714833976498074));
#3453=CARTESIAN_POINT('',(-0.00290416841297402,0.00237813184566768,0.00071472545124633));
#3454=CARTESIAN_POINT('',(-0.00294236724140152,0.00224195110280395,0.00136313391552713));
#3455=CARTESIAN_POINT('',(-0.00290738394381634,0.00228786769782206,0.00136407281321174));
#3456=CARTESIAN_POINT('',(-0.00286084509523564,0.0023220183954999,0.00136381945369814));
#3457=CARTESIAN_POINT('',(-0.00294289521328545,0.00224263753374826,0.00201160261718047));
#3458=CARTESIAN_POINT('',(-0.00290790867601775,0.00228854848885292,0.00201158544171254));
#3459=CARTESIAN_POINT('',(-0.0028613694065293,0.00232269479550904,0.00201159000578757));
#3460=CARTESIAN_POINT('',(-0.00276744917051325,0.00217211522285207,-1.30259595288037E-5));
#3461=CARTESIAN_POINT('',(0.00774604799540505,-0.00805868365487278,-0.00695653611687202));
#3462=CARTESIAN_POINT('',(0.0025836069680471,-0.00264894558233617,-0.00567325604873316));
#3463=CARTESIAN_POINT('',(0.00255173129426662,-0.00267930352925165,0.00191363616377147));
#3464=CARTESIAN_POINT('',(0.00749399609187437,-0.00827982424547329,-0.00695612987640562));
#3465=CARTESIAN_POINT('',(0.00249184738095063,-0.00273798090653123,-0.0056623267390343));
#3466=CARTESIAN_POINT('',(0.00247918312669582,-0.00274839739170919,0.0019116409770195));
#3467=CARTESIAN_POINT('',(0.00724100206005512,-0.00850119142195678,-0.00695611489271408));
#3468=CARTESIAN_POINT('',(0.00239441495019221,-0.00282355800344219,-0.0056619219094628));
#3469=CARTESIAN_POINT('',(0.00240377229305894,-0.00281458271400401,0.00191156427532033));
#3470=CARTESIAN_POINT('',(0.00698882776124151,-0.00872124615591336,-0.00695648866369344));
#3471=CARTESIAN_POINT('',(0.00229441099314527,-0.00290298633854781,-0.00567197847759921));
#3472=CARTESIAN_POINT('',(0.00232601498864592,-0.00287743883907104,0.00191340292519607));
#3473=CARTESIAN_POINT('',(0.0076949172950062,-0.00800510631291136,-0.00694350764265026));
#3474=CARTESIAN_POINT('',(0.00742241614360217,-0.00819777447284753,-0.00693669754596825));
#3475=CARTESIAN_POINT('',(0.00714991194018168,-0.00839044479066959,-0.00693008089758607));
#3476=CARTESIAN_POINT('',(0.00687739672827643,-0.00858312289188815,-0.00692416200843845));
#3477=CARTESIAN_POINT('',(0.00769491714962114,-0.0080051064335728,-0.00694347515477356));
#3478=CARTESIAN_POINT('',(0.00687739695950431,-0.0085831227567951,-0.00692411259162912));
#3479=CARTESIAN_POINT('',(0.0025517312942666,-0.00267930352925163,0.00191363616377147));
#3480=CARTESIAN_POINT('',(0.002560507839574,-0.00267094486996881,-0.00017531429117034));
#3481=CARTESIAN_POINT('',(0.0036230849162987,-0.00375158473289329,-0.00434277107980692));
#3482=CARTESIAN_POINT('',(0.00627572270521776,-0.00651808249112938,-0.00657234500382161));
#3483=CARTESIAN_POINT('',(0.00769492092834989,-0.0080051106659139,-0.00694344369126229));
#3484=CARTESIAN_POINT('',(0.00687740293642714,-0.00858312974453292,-0.00692406493672231));
#3485=CARTESIAN_POINT('',(0.00560069644170692,-0.00700041451303809,-0.00653186240148641));
#3486=CARTESIAN_POINT('',(0.00323593334410757,-0.00405593619573772,-0.00429000791623012));
#3487=CARTESIAN_POINT('',(0.0023173857893115,-0.00288441436422184,-0.000157720270317773));
#3488=CARTESIAN_POINT('',(0.00232601498864591,-0.00287743883907104,0.00191340292519607));
#3489=CARTESIAN_POINT('',(0.000660570600667308,-0.011353640810984,-0.00697646271942473));
#3490=CARTESIAN_POINT('',(0.00116020077490262,-0.0112950388651332,-0.00697624296106889));
#3491=CARTESIAN_POINT('',(0.00165890740035205,-0.0112390266472503,-0.00697534187634866));
#3492=CARTESIAN_POINT('',(0.00232154840695239,-0.0111622394283539,-0.00697493896299183));
#3493=CARTESIAN_POINT('',(0.00248778531202763,-0.0111427865536407,-0.00697490346542335));
#3494=CARTESIAN_POINT('',(0.00317577268530199,-0.0110607996613655,-0.00697521615082282));
#3495=CARTESIAN_POINT('',(0.00370099661869679,-0.0109956936021229,-0.00697669356066819));
#3496=CARTESIAN_POINT('',(0.00436586246873008,-0.0109016486751561,-0.00698120941876329));
#3497=CARTESIAN_POINT('',(0.00450559547220246,-0.0108811367866472,-0.00698229431982501));
#3498=CARTESIAN_POINT('',(0.00464796355109874,-0.0108588520172761,-0.0069835219014767));
#3499=CARTESIAN_POINT('',(0.00465063253728747,-0.0108583984968048,-0.00698347532780816));
#3500=CARTESIAN_POINT('',(0.00465640706868401,-0.0108573143553305,-0.00698344835191832));
#3501=CARTESIAN_POINT('',(0.00465949651569608,-0.0108566743775364,-0.00698343325648611));
#3502=CARTESIAN_POINT('',(0.00467795314444606,-0.0108524838509365,-0.00698334260124304));
#3503=CARTESIAN_POINT('',(0.00469284218216223,-0.0108475025100229,-0.00698326775667008));
#3504=CARTESIAN_POINT('',(0.00472665966719266,-0.010832359681434,-0.00698326710349923));
#3505=CARTESIAN_POINT('',(0.00474503355951082,-0.0108209638170454,-0.0069834082393623));
#3506=CARTESIAN_POINT('',(0.00476498395943742,-0.0108046250260317,-0.0069835103354446));
#3507=CARTESIAN_POINT('',(0.00476816830136378,-0.0108020308955257,-0.0069834189006441));
#3508=CARTESIAN_POINT('',(0.00477195116371438,-0.0107989380573476,-0.00698337444195844));
#3509=CARTESIAN_POINT('',(0.00477263534889203,-0.0107983786198507,-0.00698336623926935));
#3510=CARTESIAN_POINT('',(0.00490699820389749,-0.0106884989921762,-0.00698176736514891));
#3511=CARTESIAN_POINT('',(0.00503905004756517,-0.0105777038559959,-0.006980445461887));
#3512=CARTESIAN_POINT('',(0.00523161906038927,-0.0104140592065389,-0.0069788957524964));
#3513=CARTESIAN_POINT('',(0.00529294997038338,-0.0103616052080895,-0.00697845840739706));
#3514=CARTESIAN_POINT('',(0.00547522369097866,-0.0102049356365811,-0.00697731506705518));
#3515=CARTESIAN_POINT('',(0.0055955978241143,-0.0101004516939291,-0.00697676761654781));
#3516=CARTESIAN_POINT('',(0.00578445781598502,-0.00993550918511703,-0.00697616102618975));
#3517=CARTESIAN_POINT('',(0.00585460478842299,-0.00987402482844486,-0.00697598975810606));
#3518=CARTESIAN_POINT('',(0.00592463015208677,-0.00981247368216867,-0.00697586174419481));
#3519=CARTESIAN_POINT('',(0.0063047902133408,-0.00947828454982084,-0.00697516920970891));
#3520=CARTESIAN_POINT('',(0.00667874968366454,-0.00914106262659096,-0.00697537031351018));
#3521=CARTESIAN_POINT('',(0.00706015940953071,-0.00880964806709848,-0.00697524069865114));
#3522=CARTESIAN_POINT('',(0.00063085316453933,-0.01088108518587,-0.00690577232334648));
#3523=CARTESIAN_POINT('',(0.00110915869114528,-0.0108292511990368,-0.00690480639411631));
#3524=CARTESIAN_POINT('',(0.00158959907135149,-0.0107816533987631,-0.00690172765046109));
#3525=CARTESIAN_POINT('',(0.00222777282442573,-0.0107138510961581,-0.00690051876419931));
#3526=CARTESIAN_POINT('',(0.00238783029057457,-0.0106965012479491,-0.00690045370382408));
#3527=CARTESIAN_POINT('',(0.00304943726426574,-0.010621900532447,-0.00690177879985074));
#3528=CARTESIAN_POINT('',(0.00355553797256852,-0.0105636663182768,-0.00690734434766461));
#3529=CARTESIAN_POINT('',(0.00418711310678022,-0.0104590216558554,-0.00692223758406872));
#3530=CARTESIAN_POINT('',(0.00431914257293752,-0.0104347915775642,-0.00692574091492556));
#3531=CARTESIAN_POINT('',(0.00445173075250873,-0.0104047010713957,-0.00692953356700025));
#3532=CARTESIAN_POINT('',(0.00445417896744448,-0.0104041296718775,-0.00692941875800109));
#3533=CARTESIAN_POINT('',(0.00445952511764936,-0.0104027962784136,-0.00692936561473229));
#3534=CARTESIAN_POINT('',(0.00446238906012361,-0.0104020384445616,-0.00692933461367797));
#3535=CARTESIAN_POINT('',(0.00447952276372538,-0.0103972378600476,-0.00692914321883698));
#3536=CARTESIAN_POINT('',(0.00449345241082833,-0.0103921756003627,-0.00692896283300776));
#3537=CARTESIAN_POINT('',(0.00452541920343323,-0.0103777833676434,-0.00692895177300783));
#3538=CARTESIAN_POINT('',(0.00454305168963296,-0.010367571141579,-0.00692927928184761));
#3539=CARTESIAN_POINT('',(0.00456263658016467,-0.0103534556040923,-0.00692944165879532));
#3540=CARTESIAN_POINT('',(0.00456582156852456,-0.0103511856614161,-0.00692918064701741));
#3541=CARTESIAN_POINT('',(0.00456956764434493,-0.0103484901291214,-0.00692904133394274));
#3542=CARTESIAN_POINT('',(0.00457024520392207,-0.0103480023515079,-0.00692901570328035));
#3543=CARTESIAN_POINT('',(0.00470328909574897,-0.0102521707667723,-0.00692401362560801));
#3544=CARTESIAN_POINT('',(0.0048317141238538,-0.0101497124835465,-0.00691965361802028));
#3545=CARTESIAN_POINT('',(0.00501797508608738,-0.00999600073194512,-0.00691442505488761));
#3546=CARTESIAN_POINT('',(0.00507711167983861,-0.00994629885881494,-0.00691292501345583));
#3547=CARTESIAN_POINT('',(0.00525251587396894,-0.00979707481121254,-0.0069089532071048));
#3548=CARTESIAN_POINT('',(0.00536790602743162,-0.00969656928246205,-0.0069069780897666));
#3549=CARTESIAN_POINT('',(0.0055486079731777,-0.00953726531542866,-0.00690471448028364));
#3550=CARTESIAN_POINT('',(0.00561564697302745,-0.00947773271038493,-0.00690405160336649));
#3551=CARTESIAN_POINT('',(0.00568250944341888,-0.00941802856028526,-0.00690353462353341));
#3552=CARTESIAN_POINT('',(0.00604548152265622,-0.00909383727920725,-0.00690073756766903));
#3553=CARTESIAN_POINT('',(0.00639798600710802,-0.00875934152533511,-0.00690122398810751));
#3554=CARTESIAN_POINT('',(0.0067651910926971,-0.00844411628350844,-0.00690062324769131));
#3555=CARTESIAN_POINT('',(0.000601784568920186,-0.0104142603972899,-0.00679704754437054));
#3556=CARTESIAN_POINT('',(0.00105735726586773,-0.0103695347467071,-0.00679614275342346));
#3557=CARTESIAN_POINT('',(0.00151636247988287,-0.0103299530172653,-0.00679492279455135));
#3558=CARTESIAN_POINT('',(0.00212754071803013,-0.0102651945922904,-0.00679546050799521));
#3559=CARTESIAN_POINT('',(0.00228085206462655,-0.0102481058096036,-0.00679577713038824));
#3560=CARTESIAN_POINT('',(0.0029139589285229,-0.0101707078533709,-0.00679790935542836));
#3561=CARTESIAN_POINT('',(0.00340333571152843,-0.0101187779107154,-0.00680444196779961));
#3562=CARTESIAN_POINT('',(0.00397224582461181,-0.00993866919096058,-0.00680516416136386));
#3563=CARTESIAN_POINT('',(0.00408797244513881,-0.00989222275634524,-0.00680461875148907));
#3564=CARTESIAN_POINT('',(0.00419577687599688,-0.00982272660307449,-0.00680230206742411));
#3565=CARTESIAN_POINT('',(0.00419787187200269,-0.00982140694549491,-0.00680238867393607));
#3566=CARTESIAN_POINT('',(0.00420237085028225,-0.00981861870079526,-0.0068024373638319));
#3567=CARTESIAN_POINT('',(0.00420479824776789,-0.00981714726024514,-0.00680246432293374));
#3568=CARTESIAN_POINT('',(0.00421943648223454,-0.00980847606835758,-0.00680262437418553));
#3569=CARTESIAN_POINT('',(0.00423185445371094,-0.00980200733280061,-0.00680274925350554));
#3570=CARTESIAN_POINT('',(0.00426201874608069,-0.00978830670423335,-0.00680269953921664));
#3571=CARTESIAN_POINT('',(0.00428003887310049,-0.00978167562324706,-0.00680239420500362));
#3572=CARTESIAN_POINT('',(0.00430233772384808,-0.00977521203532327,-0.00680213859294523));
#3573=CARTESIAN_POINT('',(0.00430578241244414,-0.00977419903346281,-0.00680229832847958));
#3574=CARTESIAN_POINT('',(0.00430992969696638,-0.00977295022003245,-0.00680236633407876));
#3575=CARTESIAN_POINT('',(0.00431067929380697,-0.00977272352176956,-0.00680237887689412));
#3576=CARTESIAN_POINT('',(0.00445784013329612,-0.00972804248123353,-0.00680480902520605));
#3577=CARTESIAN_POINT('',(0.00459080280863629,-0.00965270048736843,-0.00680460756688366));
#3578=CARTESIAN_POINT('',(0.0047797312439665,-0.00952870795200969,-0.0068033082863993));
#3579=CARTESIAN_POINT('',(0.00483899549559932,-0.00948668264024942,-0.00680271732704778));
#3580=CARTESIAN_POINT('',(0.0050134723694752,-0.00935707721528108,-0.00680073710862777));
#3581=CARTESIAN_POINT('',(0.0051265749651055,-0.00926543239517707,-0.00679915745626969));
#3582=CARTESIAN_POINT('',(0.00530260830301452,-0.00911766424141394,-0.00679684125173664));
#3583=CARTESIAN_POINT('',(0.00536765600668279,-0.00906184710740316,-0.00679600653798739));
#3584=CARTESIAN_POINT('',(0.00543236803687629,-0.00900553706554763,-0.00679522440898923));
#3585=CARTESIAN_POINT('',(0.00578367660608069,-0.00869979005839657,-0.00679098693782872));
#3586=CARTESIAN_POINT('',(0.00612208849034028,-0.00838125947312365,-0.00678905136235818));
#3587=CARTESIAN_POINT('',(0.00647417186808222,-0.00808315039466651,-0.00678852688438289));
#3588=CARTESIAN_POINT('',(0.000541978310381969,-0.00944394044677237,-0.00648822377606171));
#3589=CARTESIAN_POINT('',(0.000944430671800998,-0.00941225971726854,-0.00648860300853847));
#3590=CARTESIAN_POINT('',(0.00136114390946111,-0.00937718884884864,-0.00648879501921278));
#3591=CARTESIAN_POINT('',(0.00191138398735659,-0.00930873090547645,-0.00648904475704209));
#3592=CARTESIAN_POINT('',(0.00204929356807081,-0.00928973580524936,-0.00648914021269334));
#3593=CARTESIAN_POINT('',(0.0026177581247455,-0.0092016714799668,-0.00648976923374616));
#3594=CARTESIAN_POINT('',(0.00304141414901396,-0.00910215495287412,-0.00648960225840131));
#3595=CARTESIAN_POINT('',(0.00354887691377133,-0.00891606290155596,-0.00648903138224121));
#3596=CARTESIAN_POINT('',(0.00365442247564691,-0.0088746196858935,-0.00648903882540032));
#3597=CARTESIAN_POINT('',(0.00376512359125333,-0.00883909274618595,-0.00648993478223241));
#3598=CARTESIAN_POINT('',(0.00376719510510024,-0.0088384149874373,-0.00648987035004728));
#3599=CARTESIAN_POINT('',(0.00377169865347629,-0.0088368991496282,-0.00648981723889271));
#3600=CARTESIAN_POINT('',(0.00377411565276259,-0.00883606182001611,-0.00648978810891877));
#3601=CARTESIAN_POINT('',(0.0037886039149492,-0.00883089743135872,-0.00648961376168046));
#3602=CARTESIAN_POINT('',(0.00380050520007103,-0.00882602092735727,-0.00648947165311968));
#3603=CARTESIAN_POINT('',(0.00382817009350024,-0.00881321510954536,-0.00648934471876282));
#3604=CARTESIAN_POINT('',(0.00384372552383479,-0.00880482873944864,-0.00648943929786707));
#3605=CARTESIAN_POINT('',(0.00386140601552822,-0.00879383421947449,-0.00648948116665483));
#3606=CARTESIAN_POINT('',(0.00386424168166715,-0.00879208877508451,-0.00648936295653138));
#3607=CARTESIAN_POINT('',(0.0038676085015719,-0.00879002008410484,-0.00648929810245763));
#3608=CARTESIAN_POINT('',(0.00386821761617743,-0.00878964620325406,-0.00648928621468434));
#3609=CARTESIAN_POINT('',(0.0039878650906325,-0.00871626836104094,-0.00648697099781601));
#3610=CARTESIAN_POINT('',(0.00411043678155324,-0.00865168407425434,-0.00648595728871953));
#3611=CARTESIAN_POINT('',(0.00428683580986129,-0.00854882396943258,-0.00648445917467534));
#3612=CARTESIAN_POINT('',(0.00434283325287203,-0.00851513726776119,-0.0064840080623956));
#3613=CARTESIAN_POINT('',(0.00450824575209377,-0.00841161802641448,-0.00648264235613206));
#3614=CARTESIAN_POINT('',(0.00461612026102222,-0.00833869998456053,-0.0064816975387807));
#3615=CARTESIAN_POINT('',(0.00478316354274013,-0.00821846283342045,-0.00648016712227833));
#3616=CARTESIAN_POINT('',(0.00484475160207336,-0.00817258876530356,-0.00647959341016751));
#3617=CARTESIAN_POINT('',(0.00490582522415767,-0.00812584777875236,-0.00647903643996945));
#3618=CARTESIAN_POINT('',(0.00523734338581162,-0.00787198145530633,-0.00647601210832137));
#3619=CARTESIAN_POINT('',(0.00555391879114726,-0.00759364069542909,-0.00647332796733426));
#3620=CARTESIAN_POINT('',(0.00586996758561356,-0.00733302579197036,-0.00647372552316066));
#3621=CARTESIAN_POINT('',(0.000511520404128687,-0.00894364628592012,-0.00627802526422995));
#3622=CARTESIAN_POINT('',(0.00088791404041999,-0.00891764711969479,-0.00627980506069111));
#3623=CARTESIAN_POINT('',(0.00128008464897731,-0.00888030844094962,-0.00627969765735085));
#3624=CARTESIAN_POINT('',(0.0017965837855051,-0.00880573093519146,-0.00627913413812221));
#3625=CARTESIAN_POINT('',(0.00192597146719154,-0.00878486474127501,-0.00627893540949397));
#3626=CARTESIAN_POINT('',(0.00245858979173097,-0.00868693921546248,-0.00627787741132299));
#3627=CARTESIAN_POINT('',(0.00285833026212269,-0.00858685552988634,-0.00627704185311493));
#3628=CARTESIAN_POINT('',(0.00333894453443599,-0.0084063316097434,-0.006274522708356));
#3629=CARTESIAN_POINT('',(0.00343851129796982,-0.00836523057865345,-0.00627385647239081));
#3630=CARTESIAN_POINT('',(0.00353632610468492,-0.00831524987985566,-0.00627261148539567));
#3631=CARTESIAN_POINT('',(0.00353819638989977,-0.00831430010169298,-0.0062726232591871));
#3632=CARTESIAN_POINT('',(0.00354223433249159,-0.00831226140208723,-0.00627261095540893));
#3633=CARTESIAN_POINT('',(0.0035444082333193,-0.00831117147996495,-0.00627260447929689));
#3634=CARTESIAN_POINT('',(0.00355748537727271,-0.00830466188019261,-0.006272564645427));
#3635=CARTESIAN_POINT('',(0.00356843418604693,-0.0082994192224451,-0.00627252761378277));
#3636=CARTESIAN_POINT('',(0.00359456233060931,-0.0082873742512257,-0.00627234294845289));
#3637=CARTESIAN_POINT('',(0.00360980565994063,-0.00828071256419329,-0.00627215874272438));
#3638=CARTESIAN_POINT('',(0.00362808365085578,-0.00827315914666219,-0.0062719659001331));
#3639=CARTESIAN_POINT('',(0.00363094764189532,-0.00827196675059902,-0.00627198969194912));
#3640=CARTESIAN_POINT('',(0.00363437760556414,-0.00827052903594034,-0.00627198464018651));
#3641=CARTESIAN_POINT('',(0.00363499778010658,-0.00827026869083525,-0.0062719837882369));
#3642=CARTESIAN_POINT('',(0.00375677679897936,-0.00821907803614718,-0.00627180667725819));
#3643=CARTESIAN_POINT('',(0.0038730990037619,-0.00815711322853059,-0.00627083310684774));
#3644=CARTESIAN_POINT('',(0.00404151202745103,-0.00806100862734206,-0.0062693533220908));
#3645=CARTESIAN_POINT('',(0.00409487693519575,-0.00802930777438115,-0.00626885462373413));
#3646=CARTESIAN_POINT('',(0.00425276045632081,-0.00793245963092249,-0.00626736354769085));
#3647=CARTESIAN_POINT('',(0.00435607811152537,-0.00786501703363404,-0.0062663691981721));
#3648=CARTESIAN_POINT('',(0.00451663153376755,-0.00775500609992763,-0.00626491649139148));
#3649=CARTESIAN_POINT('',(0.00457592941266678,-0.00771323412734255,-0.00626439835521516));
#3650=CARTESIAN_POINT('',(0.004634782417467,-0.00767076855682283,-0.00626391325245093));
#3651=CARTESIAN_POINT('',(0.00495426205816668,-0.0074401508498408,-0.00626128396988689));
#3652=CARTESIAN_POINT('',(0.00526064712521799,-0.00718909335362514,-0.00625971550887732));
#3653=CARTESIAN_POINT('',(0.00555886896795784,-0.0069463634236795,-0.00626107903043523));
#3654=CARTESIAN_POINT('',(0.000454193365386667,-0.00798901944300202,-0.00577033625278382));
#3655=CARTESIAN_POINT('',(0.00078994398254049,-0.00796944414255655,-0.00577383820945894));
#3656=CARTESIAN_POINT('',(0.0011335152746784,-0.00793055039674603,-0.00577362809953647));
#3657=CARTESIAN_POINT('',(0.00158811537394111,-0.00785146605312222,-0.00577192290636589));
#3658=CARTESIAN_POINT('',(0.00170198667307041,-0.00782930184591848,-0.00577135651016276));
#3659=CARTESIAN_POINT('',(0.00217128108560579,-0.0077273500313519,-0.00576863690763415));
#3660=CARTESIAN_POINT('',(0.00252328536585499,-0.00762337050120644,-0.0057654649811505));
#3661=CARTESIAN_POINT('',(0.00295101740864452,-0.00745431516607917,-0.00576125290474195));
#3662=CARTESIAN_POINT('',(0.00303999983551646,-0.00741679326946581,-0.00576038064509035));
#3663=CARTESIAN_POINT('',(0.0031310898730666,-0.00737936158328373,-0.00575978290879844));
#3664=CARTESIAN_POINT('',(0.00313281218044746,-0.00737864965817422,-0.00575975172757277));
#3665=CARTESIAN_POINT('',(0.00313654476302297,-0.00737709615268293,-0.00575970536935339));
#3666=CARTESIAN_POINT('',(0.00313855132894607,-0.0073762546570984,-0.00575968033886174));
#3667=CARTESIAN_POINT('',(0.00315060175107446,-0.00737116241379144,-0.00575953033908049));
#3668=CARTESIAN_POINT('',(0.00316060044431629,-0.00736676916360648,-0.00575940720373052));
#3669=CARTESIAN_POINT('',(0.00318416351515599,-0.00735603143362631,-0.00575916890596622));
#3670=CARTESIAN_POINT('',(0.003197674151109,-0.00734956895723891,-0.00575907399658717));
#3671=CARTESIAN_POINT('',(0.00321346898592324,-0.00734164266451497,-0.00575894747359693));
#3672=CARTESIAN_POINT('',(0.00321597302868903,-0.00734038852404171,-0.0057588971399056));
#3673=CARTESIAN_POINT('',(0.0032189599013163,-0.00733889328312762,-0.00575885571769245));
#3674=CARTESIAN_POINT('',(0.00321950014527112,-0.00733862289120563,-0.00575884819107353));
#3675=CARTESIAN_POINT('',(0.00332560647128947,-0.00728552601491468,-0.00575737536419736));
#3676=CARTESIAN_POINT('',(0.00343145275113248,-0.00723340118987286,-0.005756324524989));
#3677=CARTESIAN_POINT('',(0.00358462494538112,-0.00715196226799346,-0.0057548095138597));
#3678=CARTESIAN_POINT('',(0.00363329652652726,-0.00712534427963649,-0.00575434215983932));
#3679=CARTESIAN_POINT('',(0.00377742653074928,-0.00704417648124086,-0.00575298759721262));
#3680=CARTESIAN_POINT('',(0.00387191992005571,-0.00698785064633103,-0.00575213711039901));
#3681=CARTESIAN_POINT('',(0.00401878886997381,-0.00689592613091415,-0.0057509413007814));
#3682=CARTESIAN_POINT('',(0.00407304493757034,-0.00686102558408954,-0.00575052799781258));
#3683=CARTESIAN_POINT('',(0.00412688218826131,-0.00682551951285707,-0.00575015916980932));
#3684=CARTESIAN_POINT('',(0.00441912807935415,-0.00663268573998299,-0.00574816082437902));
#3685=CARTESIAN_POINT('',(0.00469812709705812,-0.006423492396238,-0.00574743825487768));
#3686=CARTESIAN_POINT('',(0.00496601165914859,-0.00620860287484236,-0.00574997463701532));
#3687=CARTESIAN_POINT('',(0.000427334465053962,-0.00753485542851845,-0.00547292151664742));
#3688=CARTESIAN_POINT('',(0.00074567055785736,-0.0075165872113345,-0.00547677353953996));
#3689=CARTESIAN_POINT('',(0.00106727209425773,-0.00747758039391773,-0.0054765609039646));
#3690=CARTESIAN_POINT('',(0.00149353200367467,-0.00739921334397101,-0.005474590106356));
#3691=CARTESIAN_POINT('',(0.00160030695109494,-0.00737729893844045,-0.00547393228593477));
#3692=CARTESIAN_POINT('',(0.00204041195891965,-0.00727664873459522,-0.00547072182256561));
#3693=CARTESIAN_POINT('',(0.00237134371404595,-0.00717609300534352,-0.0054672268771807));
#3694=CARTESIAN_POINT('',(0.00277550293212527,-0.00701730319017754,-0.00546272407991849));
#3695=CARTESIAN_POINT('',(0.00285967889580998,-0.00698221743903101,-0.00546176437490964));
#3696=CARTESIAN_POINT('',(0.00294408540513537,-0.00694334582117884,-0.00546065824445274));
#3697=CARTESIAN_POINT('',(0.0029456913598376,-0.0069426070086792,-0.00546064598702765));
#3698=CARTESIAN_POINT('',(0.00294916456784932,-0.00694101108938637,-0.00546061012441887));
#3699=CARTESIAN_POINT('',(0.00295103329478812,-0.0069401535793392,-0.00546059086771096));
#3700=CARTESIAN_POINT('',(0.00296226676806563,-0.00693500595999265,-0.00546047491477054));
#3701=CARTESIAN_POINT('',(0.00297163630869311,-0.00693074508569613,-0.00546037739423098));
#3702=CARTESIAN_POINT('',(0.00299387617424935,-0.00692070144555246,-0.00546012262868703));
#3703=CARTESIAN_POINT('',(0.00300675611376623,-0.00691493979477118,-0.00545995649615958));
#3704=CARTESIAN_POINT('',(0.00302203657972743,-0.00690817286506414,-0.00545976641383184));
#3705=CARTESIAN_POINT('',(0.00302444305591453,-0.00690710368387975,-0.00545974980977883));
#3706=CARTESIAN_POINT('',(0.00302732027473926,-0.00690582164928464,-0.0054597217055954));
#3707=CARTESIAN_POINT('',(0.00302784058952894,-0.00690558965580296,-0.00545971663828978));
#3708=CARTESIAN_POINT('',(0.00313002134562963,-0.00686000364419297,-0.00545871907476646));
#3709=CARTESIAN_POINT('',(0.00322979962360332,-0.00681036248056326,-0.00545756145382811));
#3710=CARTESIAN_POINT('',(0.00337478286194294,-0.00673428778191511,-0.0054559851052256));
#3711=CARTESIAN_POINT('',(0.00342085244307648,-0.00670942642811565,-0.00545549314951457));
#3712=CARTESIAN_POINT('',(0.00355736944231969,-0.00663383227085911,-0.00545408595371767));
#3713=CARTESIAN_POINT('',(0.00364699158455485,-0.00658164955211124,-0.00545322871241836));
#3714=CARTESIAN_POINT('',(0.00378637540649946,-0.00649668807401641,-0.00545206119320807));
#3715=CARTESIAN_POINT('',(0.00383788210495376,-0.00646446588179881,-0.00545166552220732));
#3716=CARTESIAN_POINT('',(0.00388899136861004,-0.0064316858833557,-0.00545131761272471));
#3717=CARTESIAN_POINT('',(0.00416643139367952,-0.00625366199680442,-0.00544943396899879));
#3718=CARTESIAN_POINT('',(0.00443098699066548,-0.0060606205549988,-0.00544883046072262));
#3719=CARTESIAN_POINT('',(0.00468435511374224,-0.00585763169090709,-0.00545159129142803));
#3720=CARTESIAN_POINT('',(0.000378026165152877,-0.00668659331798218,-0.00480184303729176));
#3721=CARTESIAN_POINT('',(0.000660493752513555,-0.00666982785715807,-0.0048051375237398));
#3722=CARTESIAN_POINT('',(0.000945189811062141,-0.00663301232534114,-0.00480489881793937));
#3723=CARTESIAN_POINT('',(0.00132127528396992,-0.00655928243208358,-0.00480269964127449));
#3724=CARTESIAN_POINT('',(0.00141544574325809,-0.00653871930314932,-0.00480198409454808));
#3725=CARTESIAN_POINT('',(0.00180378609842795,-0.00644505111706572,-0.00479855536058219));
#3726=CARTESIAN_POINT('',(0.00209623611350312,-0.00635287987690581,-0.00479482690540416));
#3727=CARTESIAN_POINT('',(0.00245489542249424,-0.00621107007595715,-0.00479021358525726));
#3728=CARTESIAN_POINT('',(0.00252964724927653,-0.00617983809306444,-0.00478924933189014));
#3729=CARTESIAN_POINT('',(0.00260558646325796,-0.00614738950812475,-0.00478837255073426));
#3730=CARTESIAN_POINT('',(0.00260702658980871,-0.00614677269923286,-0.00478835080564268));
#3731=CARTESIAN_POINT('',(0.00261014474151903,-0.00614543374268922,-0.00478830920832713));
#3732=CARTESIAN_POINT('',(0.0026118217664182,-0.00614471151633047,-0.00478828682311988));
#3733=CARTESIAN_POINT('',(0.00262189829199692,-0.00614035926568445,-0.0047881524921849));
#3734=CARTESIAN_POINT('',(0.00263028217562783,-0.00613668339806149,-0.00478804143788664));
#3735=CARTESIAN_POINT('',(0.00265011316689875,-0.00612786333592896,-0.00478779296772439));
#3736=CARTESIAN_POINT('',(0.00266154284436883,-0.00612268064701303,-0.0047876611406294));
#3737=CARTESIAN_POINT('',(0.00267500423106613,-0.00611645657151641,-0.00478750267687089));
#3738=CARTESIAN_POINT('',(0.00267713172601788,-0.00611547266956607,-0.00478746987579064));
#3739=CARTESIAN_POINT('',(0.00267967246023159,-0.00611429697395358,-0.00478743553874574));
#3740=CARTESIAN_POINT('',(0.00268013197632251,-0.00611408431617895,-0.00478742932103092));
#3741=CARTESIAN_POINT('',(0.00277037938704525,-0.00607231499154387,-0.00478620981991915));
#3742=CARTESIAN_POINT('',(0.00285971096188778,-0.00602970211621107,-0.00478515225146173));
#3743=CARTESIAN_POINT('',(0.00298937542007597,-0.0059639352344435,-0.00478369004367408));
#3744=CARTESIAN_POINT('',(0.0030306055977284,-0.00594248453578055,-0.00478324101927299));
#3745=CARTESIAN_POINT('',(0.00315280842297355,-0.00587727481392335,-0.00478196335521477));
#3746=CARTESIAN_POINT('',(0.00323307294367213,-0.00583228637097104,-0.00478119476955166));
#3747=CARTESIAN_POINT('',(0.00335791673110169,-0.00575900995662896,-0.00478016241560565));
#3748=CARTESIAN_POINT('',(0.00340405361744134,-0.00573121497453034,-0.00477981645128639));
#3749=CARTESIAN_POINT('',(0.00344982851234225,-0.00570291874910626,-0.00477951663625691));
#3750=CARTESIAN_POINT('',(0.00369830974261363,-0.00554924142190196,-0.00477789353831507));
#3751=CARTESIAN_POINT('',(0.00393558465563373,-0.00538147125881841,-0.00477756424932409));
#3752=CARTESIAN_POINT('',(0.00415900134186207,-0.00520200924465187,-0.00477992109551937));
#3753=CARTESIAN_POINT('',(0.000355576765584496,-0.00629249522192947,-0.00442817929407248));
#3754=CARTESIAN_POINT('',(0.000621435320056488,-0.00627590162405397,-0.00443062738566074));
#3755=CARTESIAN_POINT('',(0.000889633798561159,-0.00624098564771431,-0.00443027013039026));
#3756=CARTESIAN_POINT('',(0.00124349321129642,-0.00617115511792449,-0.00442811926551971));
#3757=CARTESIAN_POINT('',(0.00133209932720916,-0.00615169987894286,-0.0044274350282945));
#3758=CARTESIAN_POINT('',(0.00169744035845873,-0.00606311168947646,-0.00442416846930305));
#3759=CARTESIAN_POINT('',(0.00197252842383067,-0.00597616389357246,-0.00442067327157065));
#3760=CARTESIAN_POINT('',(0.00231045678164905,-0.00584354214254915,-0.00441639638658255));
#3761=CARTESIAN_POINT('',(0.00238094618395401,-0.00581445113876607,-0.00441550536945294));
#3762=CARTESIAN_POINT('',(0.00245203578049044,-0.00578306392694005,-0.00441457247482473));
#3763=CARTESIAN_POINT('',(0.00245338673117512,-0.00578246736418351,-0.00441455760175784));
#3764=CARTESIAN_POINT('',(0.00245630973029005,-0.005781176525862,-0.00441452239200316));
#3765=CARTESIAN_POINT('',(0.00245788221609469,-0.00578048201927801,-0.00441450346825117));
#3766=CARTESIAN_POINT('',(0.0024673334119653,-0.00577630737548631,-0.00441438970091951));
#3767=CARTESIAN_POINT('',(0.00247520965025565,-0.00577282756350599,-0.00441429477630343));
#3768=CARTESIAN_POINT('',(0.00249388172297039,-0.00576457328833624,-0.00441406261943266));
#3769=CARTESIAN_POINT('',(0.00250467687459044,-0.00575979715738862,-0.00441392270820776));
#3770=CARTESIAN_POINT('',(0.00251745072826457,-0.00575414263274977,-0.00441375979350141));
#3771=CARTESIAN_POINT('',(0.00251946509943971,-0.00575324909325678,-0.00441373843822071));
#3772=CARTESIAN_POINT('',(0.00252187253371204,-0.0057521791210467,-0.00441371025438253));
#3773=CARTESIAN_POINT('',(0.00252230791250295,-0.00575198553595137,-0.00441370516280327));
#3774=CARTESIAN_POINT('',(0.00260781129590289,-0.00571395299537229,-0.00441270454068976));
#3775=CARTESIAN_POINT('',(0.00269182015279131,-0.00567367851898707,-0.00441168814283443));
#3776=CARTESIAN_POINT('',(0.00281398902425301,-0.00561204687626275,-0.00441032710324935));
#3777=CARTESIAN_POINT('',(0.00285283611465517,-0.00559194809767569,-0.00440990866454964));
#3778=CARTESIAN_POINT('',(0.00296799886225394,-0.00553088704888918,-0.00440872424529511));
#3779=CARTESIAN_POINT('',(0.00304366609175364,-0.00548880616620331,-0.00440801978263514));
#3780=CARTESIAN_POINT('',(0.00316135419153864,-0.00542024736329878,-0.00440708037598277));
#3781=CARTESIAN_POINT('',(0.00320484581457782,-0.00539423698037835,-0.00440676710270218));
#3782=CARTESIAN_POINT('',(0.00324798870536184,-0.00536774625028628,-0.00440649607838136));
#3783=CARTESIAN_POINT('',(0.0034821824501419,-0.0052238747270265,-0.00440502910272338));
#3784=CARTESIAN_POINT('',(0.00370575771379095,-0.00506638140328501,-0.004404865356445));
#3785=CARTESIAN_POINT('',(0.00391530411538824,-0.00489735798233192,-0.004406634245198));
#3786=CARTESIAN_POINT('',(0.000325809988820955,-0.00575672284503347,-0.00381866551423923));
#3787=CARTESIAN_POINT('',(0.000570019261554654,-0.00574088424135762,-0.00382023858814308));
#3788=CARTESIAN_POINT('',(0.00081512261261429,-0.00570867798544089,-0.0038198857114686));
#3789=CARTESIAN_POINT('',(0.00113897212675406,-0.00564444266457485,-0.0038179456080483));
#3790=CARTESIAN_POINT('',(0.00122002868996286,-0.00562656853578586,-0.00381733955171486));
#3791=CARTESIAN_POINT('',(0.00155425896183855,-0.00554530938537867,-0.00381446436530625));
#3792=CARTESIAN_POINT('',(0.00180597583932037,-0.00546587723019773,-0.00381140376068777));
#3793=CARTESIAN_POINT('',(0.00211525948553752,-0.00534488975554426,-0.0038076333848736));
#3794=CARTESIAN_POINT('',(0.00217975342224459,-0.00531829838753676,-0.00380684430873373));
#3795=CARTESIAN_POINT('',(0.00224506974922236,-0.00529022803813167,-0.0038060821171228));
#3796=CARTESIAN_POINT('',(0.00224630961282075,-0.00528969450839331,-0.00380606648634582));
#3797=CARTESIAN_POINT('',(0.0022489932996029,-0.00528853813134694,-0.00380603391635551));
#3798=CARTESIAN_POINT('',(0.00225043684492522,-0.00528791516153583,-0.003806016401544));
#3799=CARTESIAN_POINT('',(0.00225911179981032,-0.00528416566459117,-0.00380591123165124));
#3800=CARTESIAN_POINT('',(0.00226633540232533,-0.00528101899322544,-0.00380582400963606));
#3801=CARTESIAN_POINT('',(0.00228344083563627,-0.00527351085610311,-0.00380562118122215));
#3802=CARTESIAN_POINT('',(0.00229331476261254,-0.00526913184489087,-0.00380550706558385));
#3803=CARTESIAN_POINT('',(0.00230497007658586,-0.00526390861177912,-0.0038053721515778));
#3804=CARTESIAN_POINT('',(0.00230681026607607,-0.0052630831078801,-0.00380534909558704));
#3805=CARTESIAN_POINT('',(0.00230900867812067,-0.00526209580050912,-0.00380532267401753));
#3806=CARTESIAN_POINT('',(0.00230940627087396,-0.00526191719914055,-0.00380531789454705));
#3807=CARTESIAN_POINT('',(0.00238749083262519,-0.00522683353347691,-0.00380437973792201));
#3808=CARTESIAN_POINT('',(0.0024645444169307,-0.00519046437023397,-0.00380351282783951));
#3809=CARTESIAN_POINT('',(0.00257647035986858,-0.00513453120040871,-0.00380232775509729));
#3810=CARTESIAN_POINT('',(0.00261206298149404,-0.0051162890183475,-0.00380196405586449));
#3811=CARTESIAN_POINT('',(0.00271756440637677,-0.00506084989926439,-0.00380093176754744));
#3812=CARTESIAN_POINT('',(0.00278687009845421,-0.005022622515242,-0.00380031484006117));
#3813=CARTESIAN_POINT('',(0.00289464914811429,-0.00496030882586457,-0.00379948590241497));
#3814=CARTESIAN_POINT('',(0.00293447480195288,-0.00493666152562942,-0.00379920786001719));
#3815=CARTESIAN_POINT('',(0.00297397961856778,-0.00491256614387731,-0.00379896480310883));
#3816=CARTESIAN_POINT('',(0.00318842422701125,-0.00478170199234274,-0.00379764879432732));
#3817=CARTESIAN_POINT('',(0.00339259764865413,-0.00463833875312401,-0.00379743581487755));
#3818=CARTESIAN_POINT('',(0.00358453909057886,-0.00448299733555003,-0.00379859543593081));
#3819=CARTESIAN_POINT('',(0.000316540344648736,-0.00558738627692615,-0.00360735311060537));
#3820=CARTESIAN_POINT('',(0.000553532774550813,-0.00557188359475818,-0.00360871232260589));
#3821=CARTESIAN_POINT('',(0.000791862510976733,-0.00554050001833578,-0.00360837476312943));
#3822=CARTESIAN_POINT('',(0.00110614557518198,-0.00547815285400834,-0.00360653068004287));
#3823=CARTESIAN_POINT('',(0.00118483609507332,-0.00546080699660344,-0.00360595625697347));
#3824=CARTESIAN_POINT('',(0.00150929939494263,-0.00538196720924686,-0.00360322903968946));
#3825=CARTESIAN_POINT('',(0.00175363161696337,-0.00530491031988938,-0.00360032323855507));
#3826=CARTESIAN_POINT('',(0.00205391768373295,-0.00518773350389528,-0.00359674780093184));
#3827=CARTESIAN_POINT('',(0.00211654776763608,-0.00516202322693608,-0.00359600271743147));
#3828=CARTESIAN_POINT('',(0.00217988115189123,-0.00513464630666158,-0.00359525681552625));
#3829=CARTESIAN_POINT('',(0.0021810839046617,-0.00513412595518141,-0.00359524296753476));
#3830=CARTESIAN_POINT('',(0.00218368687881561,-0.00513299888148307,-0.00359521267566848));
#3831=CARTESIAN_POINT('',(0.00218508709789635,-0.00513239200234417,-0.00359519638900657));
#3832=CARTESIAN_POINT('',(0.00219350211029569,-0.00512874123277234,-0.00359509854346627));
#3833=CARTESIAN_POINT('',(0.00220051124814876,-0.00512568561716534,-0.00359501718637941));
#3834=CARTESIAN_POINT('',(0.0022171159012208,-0.00511841144217743,-0.00359482408551998));
#3835=CARTESIAN_POINT('',(0.00222670638813432,-0.00511418190587348,-0.00359471225995208));
#3836=CARTESIAN_POINT('',(0.00223803788792735,-0.00510915155609214,-0.00359458084887575));
#3837=CARTESIAN_POINT('',(0.00223982609982862,-0.00510835657540859,-0.00359456059892345));
#3838=CARTESIAN_POINT('',(0.0022419627400376,-0.00510740531656603,-0.00359453612720836));
#3839=CARTESIAN_POINT('',(0.00224234915513371,-0.0051072332256399,-0.00359453170266281));
#3840=CARTESIAN_POINT('',(0.00231823774126134,-0.00507342647328647,-0.00359366279359845));
#3841=CARTESIAN_POINT('',(0.00239299153904796,-0.00503809885915101,-0.00359282641818385));
#3842=CARTESIAN_POINT('',(0.00250164934899239,-0.00498388619453861,-0.00359169613419254));
#3843=CARTESIAN_POINT('',(0.00253619723373547,-0.00496620904144968,-0.00359134818576246));
#3844=CARTESIAN_POINT('',(0.00263860853263315,-0.00491248930321323,-0.00359036121511975));
#3845=CARTESIAN_POINT('',(0.00270588755188238,-0.00487545033475754,-0.00358977105727304));
#3846=CARTESIAN_POINT('',(0.00281050022122391,-0.00481506827934179,-0.00358897429462785));
#3847=CARTESIAN_POINT('',(0.0028491543180955,-0.00479215158817939,-0.00358870614010259));
#3848=CARTESIAN_POINT('',(0.00288749029130409,-0.00476880046563654,-0.00358847045549537));
#3849=CARTESIAN_POINT('',(0.00309558948264453,-0.004641978654722,-0.00358719425756076));
#3850=CARTESIAN_POINT('',(0.00329377912408453,-0.00450289665804738,-0.00358691015354127));
#3851=CARTESIAN_POINT('',(0.00348009597647771,-0.00435199873360857,-0.00358792548662405));
#3852=CARTESIAN_POINT('',(0.000282189000623882,-0.00494931791814827,-0.00273330375875557));
#3853=CARTESIAN_POINT('',(0.0004928096536164,-0.00493528234026549,-0.00273412923427252));
#3854=CARTESIAN_POINT('',(0.000703774926709729,-0.0049074838775895,-0.00273386522723343));
#3855=CARTESIAN_POINT('',(0.00098287924942734,-0.00485231202309033,-0.00273238676094557));
#3856=CARTESIAN_POINT('',(0.00105270191661724,-0.00483698017767043,-0.00273192891744858));
#3857=CARTESIAN_POINT('',(0.00134054584211805,-0.0047673452671956,-0.00272975710321035));
#3858=CARTESIAN_POINT('',(0.00155719893940874,-0.00469941464252523,-0.00272743184086766));
#3859=CARTESIAN_POINT('',(0.00182343480959124,-0.00459618018430116,-0.00272456430742276));
#3860=CARTESIAN_POINT('',(0.00187896683920333,-0.0045735063734829,-0.00272396340545734));
#3861=CARTESIAN_POINT('',(0.00193514089588139,-0.00454946805688713,-0.00272337393131567));
#3862=CARTESIAN_POINT('',(0.00193620746335682,-0.00454901117259306,-0.00272336244844905));
#3863=CARTESIAN_POINT('',(0.00193851582702496,-0.00454802130126412,-0.00272333791955587));
#3864=CARTESIAN_POINT('',(0.00193975749715351,-0.00454748820054737,-0.00272332472959874));
#3865=CARTESIAN_POINT('',(0.00194721960794703,-0.00454428050658199,-0.00272324550548891));
#3866=CARTESIAN_POINT('',(0.00195343464915515,-0.00454159250583743,-0.00272317970539636));
#3867=CARTESIAN_POINT('',(0.00196815582433649,-0.00453518708938437,-0.00272302503527621));
#3868=CARTESIAN_POINT('',(0.0019766566537349,-0.00453145770962135,-0.0027229366655343));
#3869=CARTESIAN_POINT('',(0.00198669658025946,-0.00452701663702881,-0.00272283252617157));
#3870=CARTESIAN_POINT('',(0.00198828131092382,-0.00452631477331448,-0.00272281565381035));
#3871=CARTESIAN_POINT('',(0.00199017469724393,-0.00452547512342252,-0.00272279578831363));
#3872=CARTESIAN_POINT('',(0.00199051712189641,-0.00452532322796117,-0.0027227921957028));
#3873=CARTESIAN_POINT('',(0.00205776667945007,-0.00449548463420268,-0.00272208682806007));
#3874=CARTESIAN_POINT('',(0.0021240803924284,-0.00446440439313721,-0.00272142401604185));
#3875=CARTESIAN_POINT('',(0.00222038756839372,-0.00441666035071737,-0.0027205121593179));
#3876=CARTESIAN_POINT('',(0.00225102000224967,-0.00440108294799763,-0.00272023272047701));
#3877=CARTESIAN_POINT('',(0.0023418068665564,-0.00435373763282071,-0.00271943513267879));
#3878=CARTESIAN_POINT('',(0.00240143641237001,-0.00432108226683799,-0.00271895357468249));
#3879=CARTESIAN_POINT('',(0.00249415425975846,-0.00426780228290594,-0.00271829234825556));
#3880=CARTESIAN_POINT('',(0.00252840954775915,-0.00424757495348844,-0.00271806692016672));
#3881=CARTESIAN_POINT('',(0.00256238670975743,-0.00422695053586709,-0.00271786491381185));
#3882=CARTESIAN_POINT('',(0.00274682524977065,-0.00411493626535296,-0.00271677059992908));
#3883=CARTESIAN_POINT('',(0.00292197071703057,-0.00399205853451988,-0.00271635827552377));
#3884=CARTESIAN_POINT('',(0.0030869428071571,-0.00385821920489199,-0.00271698352285452));
#3885=CARTESIAN_POINT('',(0.000262561766099283,-0.00455914195478056,-0.00201296733591091));
#3886=CARTESIAN_POINT('',(0.000457128824983741,-0.00454655030252201,-0.00201403997545627));
#3887=CARTESIAN_POINT('',(0.000653679896294845,-0.0045211206874562,-0.00201390310150869));
#3888=CARTESIAN_POINT('',(0.000910387747174305,-0.00447064740638235,-0.00201277154018732));
#3889=CARTESIAN_POINT('',(0.000974624026803254,-0.00445660021640365,-0.00201240838762362));
#3890=CARTESIAN_POINT('',(0.00123938793077614,-0.0043927384504035,-0.00201065020451432));
#3891=CARTESIAN_POINT('',(0.00143864507183293,-0.00433030729848902,-0.002008723075589));
#3892=CARTESIAN_POINT('',(0.001683745878459,-0.00423541225483516,-0.00200632840117682));
#3893=CARTESIAN_POINT('',(0.00173485268039454,-0.00421459873329696,-0.00200582982163593));
#3894=CARTESIAN_POINT('',(0.00178656132586408,-0.00419243608068624,-0.00200532660784043));
#3895=CARTESIAN_POINT('',(0.00178754330860116,-0.00419201482752777,-0.00200531724111127));
#3896=CARTESIAN_POINT('',(0.00178966855892668,-0.00419110234377763,-0.00200529677840592));
#3897=CARTESIAN_POINT('',(0.00179081183567273,-0.00419061097715978,-0.00200528577655457));
#3898=CARTESIAN_POINT('',(0.00179768252215338,-0.00418765505259081,-0.00200521968022701));
#3899=CARTESIAN_POINT('',(0.00180340476457985,-0.00418518079484597,-0.00200516471819516));
#3900=CARTESIAN_POINT('',(0.00181695980913449,-0.00417928996508502,-0.00200503430364418));
#3901=CARTESIAN_POINT('',(0.00182478815658276,-0.00417586427348891,-0.00200495881065785));
#3902=CARTESIAN_POINT('',(0.00183403693158115,-0.00417178924567796,-0.00200487003338778));
#3903=CARTESIAN_POINT('',(0.00183549650544029,-0.00417114523819747,-0.00200485631424305));
#3904=CARTESIAN_POINT('',(0.00183724045311069,-0.00417037464996811,-0.00200483975730157));
#3905=CARTESIAN_POINT('',(0.00183755584918897,-0.00417023524430603,-0.00200483676367505));
#3906=CARTESIAN_POINT('',(0.00189949692185763,-0.00414284948757397,-0.00200424886231266));
#3907=CARTESIAN_POINT('',(0.0019604888606739,-0.00411425626866603,-0.00200367578222461));
#3908=CARTESIAN_POINT('',(0.00204918034743643,-0.0040703225889877,-0.00200290411697571));
#3909=CARTESIAN_POINT('',(0.0020773644006192,-0.00405600054634122,-0.00200266356352077));
#3910=CARTESIAN_POINT('',(0.00216091712488415,-0.00401245587141217,-0.00200198051922149));
#3911=CARTESIAN_POINT('',(0.00221580334750398,-0.00398240967376528,-0.00200156881109557));
#3912=CARTESIAN_POINT('',(0.002301126663219,-0.00393338596065835,-0.00200100574967135));
#3913=CARTESIAN_POINT('',(0.00233265301428213,-0.0039147680633106,-0.00200081455893108));
#3914=CARTESIAN_POINT('',(0.00236391525272315,-0.00389578737207859,-0.00200064459034552));
#3915=CARTESIAN_POINT('',(0.00253361571732073,-0.00379270061790986,-0.00199972401593247));
#3916=CARTESIAN_POINT('',(0.00269591221699511,-0.00367852301962705,-0.00199943359349785));
#3917=CARTESIAN_POINT('',(0.00284747132610561,-0.00355586803621534,-0.00200018717530676));
#3918=CARTESIAN_POINT('',(0.000247741904200483,-0.00422484669549763,-0.00112662362700871));
#3919=CARTESIAN_POINT('',(0.000427748365534143,-0.00421335033369057,-0.00112802041312485));
#3920=CARTESIAN_POINT('',(0.000604534278740094,-0.0041901089812456,-0.00112778397756909));
#3921=CARTESIAN_POINT('',(0.000841375221275627,-0.0041431575925727,-0.00112629711863574));
#3922=CARTESIAN_POINT('',(0.000900777715126375,-0.0041300713876636,-0.00112583370701369));
#3923=CARTESIAN_POINT('',(0.00114634375647535,-0.00407050167433086,-0.00112370071067617));
#3924=CARTESIAN_POINT('',(0.00133291193634829,-0.00401204985934249,-0.00112158731064569));
#3925=CARTESIAN_POINT('',(0.00156252622082023,-0.00392335332632752,-0.00111961898794873));
#3926=CARTESIAN_POINT('',(0.0016104464021334,-0.00390388242863208,-0.00111923884500323));
#3927=CARTESIAN_POINT('',(0.00165887904852189,-0.00388323111388367,-0.00111890128815691));
#3928=CARTESIAN_POINT('',(0.00165979868588638,-0.00388283861508068,-0.00111889483396182));
#3929=CARTESIAN_POINT('',(0.00166178895921002,-0.00388198836228528,-0.00111888096186043));
#3930=CARTESIAN_POINT('',(0.00166285950649729,-0.00388153051376986,-0.00111887351995722));
#3931=CARTESIAN_POINT('',(0.00166929329835283,-0.00387877588278211,-0.00111882892291076));
#3932=CARTESIAN_POINT('',(0.00167465219833251,-0.00387646872440836,-0.00111879231067241));
#3933=CARTESIAN_POINT('',(0.00168734615098813,-0.00387097344603736,-0.00111870702429444));
#3934=CARTESIAN_POINT('',(0.00169467687519966,-0.00386777600551317,-0.00111865891411913));
#3935=CARTESIAN_POINT('',(0.00170333566979938,-0.00386397084797796,-0.00111860328832828));
#3936=CARTESIAN_POINT('',(0.00170470226665385,-0.00386336950361266,-0.00111859445398174));
#3937=CARTESIAN_POINT('',(0.00170633505359412,-0.00386265006407092,-0.00111858399877784));
#3938=CARTESIAN_POINT('',(0.00170663034633122,-0.00386251991438084,-0.001118582109533));
#3939=CARTESIAN_POINT('',(0.00176462329052907,-0.00383695296508068,-0.00111821139652344));
#3940=CARTESIAN_POINT('',(0.00182176868471625,-0.00381030668422759,-0.00111791940858068));
#3941=CARTESIAN_POINT('',(0.00190462009576053,-0.00376948256225117,-0.00111758822298893));
#3942=CARTESIAN_POINT('',(0.00193096156152501,-0.0037561703311579,-0.00111750075736278));
#3943=CARTESIAN_POINT('',(0.0020089585580763,-0.00371575165241572,-0.00111728411625838));
#3944=CARTESIAN_POINT('',(0.00206009655245997,-0.0036879258325739,-0.00111720091838928));
#3945=CARTESIAN_POINT('',(0.00213944672233811,-0.00364261492320701,-0.00111715700020101));
#3946=CARTESIAN_POINT('',(0.00216872592324149,-0.00362543316034873,-0.00111715913160426));
#3947=CARTESIAN_POINT('',(0.00219773073722983,-0.0036079333157115,-0.00111717870911275));
#3948=CARTESIAN_POINT('',(0.00235517398505123,-0.00351289109282367,-0.00111728679147394));
#3949=CARTESIAN_POINT('',(0.00250316989814966,-0.00340947744998851,-0.00111785266704262));
#3950=CARTESIAN_POINT('',(0.00264351577961496,-0.00329605040605566,-0.00111886792699563));
#3951=CARTESIAN_POINT('',(0.000245817260832807,-0.00417997239665475,-0.0009989200965018));
#3952=CARTESIAN_POINT('',(0.000422949286884247,-0.0041686870125599,-0.00100037782479487));
#3953=CARTESIAN_POINT('',(0.000597789180807787,-0.00414566995565945,-0.0010001002285999));
#3954=CARTESIAN_POINT('',(0.000831816021213508,-0.00409919545777799,-0.000998540202767404));
#3955=CARTESIAN_POINT('',(0.000890584560581041,-0.00408623922644096,-0.000998060880634622));
#3956=CARTESIAN_POINT('',(0.00113367497968795,-0.00402721536895824,-0.0009958364442874));
#3957=CARTESIAN_POINT('',(0.00131855421851346,-0.0039693078525314,-0.000993699608471101));
#3958=CARTESIAN_POINT('',(0.0015462684732109,-0.00388137605502318,-0.000991763158202912));
#3959=CARTESIAN_POINT('',(0.00159365595432251,-0.00386213985578104,-0.000991415394072444));
#3960=CARTESIAN_POINT('',(0.00164173305084013,-0.00384164056877105,-0.000991097966756623));
#3961=CARTESIAN_POINT('',(0.00164264611345587,-0.00384125089425041,-0.000991091999076546));
#3962=CARTESIAN_POINT('',(0.0016446224685388,-0.00384040665295688,-0.000991079095767654));
#3963=CARTESIAN_POINT('',(0.00164568587052373,-0.00383995191038592,-0.000991072187999228));
#3964=CARTESIAN_POINT('',(0.00165207572076217,-0.00383721649260339,-0.000991030858614082));
#3965=CARTESIAN_POINT('',(0.00165739457656666,-0.00383492734294654,-0.000990997191904372));
#3966=CARTESIAN_POINT('',(0.00166998962980025,-0.00382947761166478,-0.000990919074676597));
#3967=CARTESIAN_POINT('',(0.00167726006646401,-0.00382630873509494,-0.000990875258064548));
#3968=CARTESIAN_POINT('',(0.00168584713755627,-0.00382253883810468,-0.000990825059330937));
#3969=CARTESIAN_POINT('',(0.00168720231866507,-0.00382194307901646,-0.000990817237817898));
#3970=CARTESIAN_POINT('',(0.00168882145692311,-0.00382123029717355,-0.000990807913513223));
#3971=CARTESIAN_POINT('',(0.00168911427982534,-0.00382110135132822,-0.000990806229473604));
#3972=CARTESIAN_POINT('',(0.00174662195210032,-0.00379577077708626,-0.000990475881118258));
#3973=CARTESIAN_POINT('',(0.0018030788457749,-0.00376946240218691,-0.000990198847535758));
#3974=CARTESIAN_POINT('',(0.00188537718002835,-0.00372894143518578,-0.0009899701382903));
#3975=CARTESIAN_POINT('',(0.00191143555180978,-0.00371578241647275,-0.000989900373746315));
#3976=CARTESIAN_POINT('',(0.00198867526119003,-0.00367579062466833,-0.000989754584576274));
#3977=CARTESIAN_POINT('',(0.00203934192094235,-0.00364823947901167,-0.000989726311425799));
#3978=CARTESIAN_POINT('',(0.00211788869295087,-0.00360343869028108,-0.000989768434260858));
#3979=CARTESIAN_POINT('',(0.0021468851980715,-0.00358643668582462,-0.000989803215343167));
#3980=CARTESIAN_POINT('',(0.00217558736686018,-0.00356913630680798,-0.000989854235864756));
#3981=CARTESIAN_POINT('',(0.00233138641159441,-0.00347517825180347,-0.000990132942052462));
#3982=CARTESIAN_POINT('',(0.00247769850213535,-0.00337304247453142,-0.000990843257020517));
#3983=CARTESIAN_POINT('',(0.00261617715943127,-0.00326114865864339,-0.00099190312091438));
#3984=CARTESIAN_POINT('',(0.000242354097881576,-0.00409603743917525,-0.000741615506030504));
#3985=CARTESIAN_POINT('',(0.00041368198721514,-0.00408516776318015,-0.000743190678405239));
#3986=CARTESIAN_POINT('',(0.000584135793824038,-0.00406263217424722,-0.000742797214871242));
#3987=CARTESIAN_POINT('',(0.000813293008782452,-0.00401702231505586,-0.000741023751526956));
#3988=CARTESIAN_POINT('',(0.00087092376895937,-0.00400428676905942,-0.000740471722573492));
#3989=CARTESIAN_POINT('',(0.00110942169692413,-0.00394633530196028,-0.000738046795939467));
#3990=CARTESIAN_POINT('',(0.00129166348750263,-0.00388927945855822,-0.000735703234617359));
#3991=CARTESIAN_POINT('',(0.00151565929579937,-0.00380286726717317,-0.000733914961727487));
#3992=CARTESIAN_POINT('',(0.00156263281924506,-0.00378380624831258,-0.000733560929194868));
#3993=CARTESIAN_POINT('',(0.00160978310006002,-0.00376372793587169,-0.000733302093011212));
#3994=CARTESIAN_POINT('',(0.00161067819355365,-0.00376334642150107,-0.000733297173039877));
#3995=CARTESIAN_POINT('',(0.00161261484816087,-0.00376252020496152,-0.00073328658077976));
#3996=CARTESIAN_POINT('',(0.00161365607382607,-0.00376207552238507,-0.00073328090222088));
#3997=CARTESIAN_POINT('',(0.00161991505379228,-0.00375939958862182,-0.00073324691684922));
#3998=CARTESIAN_POINT('',(0.00162513322500331,-0.00375715661965568,-0.000733219227178607));
#3999=CARTESIAN_POINT('',(0.00163750036931418,-0.00375181217771271,-0.000733155328291177));
#4000=CARTESIAN_POINT('',(0.00164464750151661,-0.00374870090401442,-0.000733119765391833));
#4001=CARTESIAN_POINT('',(0.00165309183937275,-0.00374499790836423,-0.000733079490565046));
#4002=CARTESIAN_POINT('',(0.00165442463356198,-0.00374441268655632,-0.000733073151437715));
#4003=CARTESIAN_POINT('',(0.00165601710098807,-0.00374371250512294,-0.000733065657085269));
#4004=CARTESIAN_POINT('',(0.00165630510379872,-0.00374358583842015,-0.000733064303933767));
#4005=CARTESIAN_POINT('',(0.00171286669674353,-0.00371870294674631,-0.000732798962739247));
#4006=CARTESIAN_POINT('',(0.00176890506377329,-0.0036926041922184,-0.000732692350427363));
#4007=CARTESIAN_POINT('',(0.00184936713503635,-0.00365304000785894,-0.000732555203903749));
#4008=CARTESIAN_POINT('',(0.00187509749846885,-0.0036400649417486,-0.000732559071563637));
#4009=CARTESIAN_POINT('',(0.00195113850259882,-0.00360074821078038,-0.000732606115476695));
#4010=CARTESIAN_POINT('',(0.00200088872404879,-0.00357375225201311,-0.000732705115830001));
#4011=CARTESIAN_POINT('',(0.00207804726688215,-0.00352979257625383,-0.000732951959322076));
#4012=CARTESIAN_POINT('',(0.0021064688346346,-0.0035131619030887,-0.000733062573699116));
#4013=CARTESIAN_POINT('',(0.00213462333182844,-0.00349622205961181,-0.000733190350881459));
#4014=CARTESIAN_POINT('',(0.00228744931481469,-0.00340422232007524,-0.000733885761969846));
#4015=CARTESIAN_POINT('',(0.00243065243715752,-0.00330442448593938,-0.000734955695931968));
#4016=CARTESIAN_POINT('',(0.00256512477269,-0.00319581349639273,-0.000736112705505982));
#4017=CARTESIAN_POINT('',(0.00024081557829802,-0.00405697678053862,-0.000612014446066114));
#4018=CARTESIAN_POINT('',(0.000408984817378468,-0.00404632905712621,-0.000613651217181354));
#4019=CARTESIAN_POINT('',(0.000577382820371533,-0.00402401947355346,-0.000613174663733437));
#4020=CARTESIAN_POINT('',(0.000804287114007515,-0.0039788144271727,-0.000611263213174448));
#4021=CARTESIAN_POINT('',(0.000861378631589317,-0.00396620581382156,-0.000610699168399324));
#4022=CARTESIAN_POINT('',(0.00109811872497916,-0.00390860839504762,-0.000607987546676238));
#4023=CARTESIAN_POINT('',(0.00127859817588775,-0.00385223211104132,-0.000605800681861418));
#4024=CARTESIAN_POINT('',(0.00150177938663258,-0.00376613314254676,-0.000603780832368983));
#4025=CARTESIAN_POINT('',(0.00154765569132436,-0.0037475395001374,-0.000603568788846488));
#4026=CARTESIAN_POINT('',(0.00159488598048448,-0.00372743382819039,-0.00060334158757835));
#4027=CARTESIAN_POINT('',(0.00159578327066629,-0.00372705149618125,-0.000603337315237092));
#4028=CARTESIAN_POINT('',(0.00159772623257527,-0.00372622282428236,-0.000603328143235411));
#4029=CARTESIAN_POINT('',(0.00159877239286887,-0.0037257761447598,-0.000603323263077342));
#4030=CARTESIAN_POINT('',(0.00160505641575137,-0.00372309013306595,-0.000603294209155903));
#4031=CARTESIAN_POINT('',(0.00161027932378391,-0.00372084549730104,-0.000603271108454731));
#4032=CARTESIAN_POINT('',(0.0016226327401017,-0.00371550769613286,-0.000603218584788961));
#4033=CARTESIAN_POINT('',(0.0016297522930568,-0.00371240858649778,-0.00060319000104052));
#4034=CARTESIAN_POINT('',(0.00163815118489347,-0.00370872591894001,-0.000603157811410122));
#4035=CARTESIAN_POINT('',(0.0016394764007037,-0.00370814407462337,-0.00060315278780088));
#4036=CARTESIAN_POINT('',(0.00164105940840918,-0.00370744809829345,-0.000603146838126662));
#4037=CARTESIAN_POINT('',(0.0016413456849239,-0.00370732219846208,-0.000603145764558878));
#4038=CARTESIAN_POINT('',(0.00169756557717814,-0.00368259101523733,-0.000602935351715746));
#4039=CARTESIAN_POINT('',(0.00175201482278889,-0.00365729584956327,-0.00060270204661139));
#4040=CARTESIAN_POINT('',(0.00183321038198423,-0.00361738330155894,-0.000602855941594262));
#4041=CARTESIAN_POINT('',(0.00185863271836986,-0.00360456685003663,-0.000602870557145274));
#4042=CARTESIAN_POINT('',(0.0019339182555113,-0.00356565370038402,-0.000602987914075233));
#4043=CARTESIAN_POINT('',(0.00198320479609725,-0.00353888234513058,-0.00060314462986211));
#4044=CARTESIAN_POINT('',(0.0020595828764809,-0.00349545551805687,-0.000603511428732637));
#4045=CARTESIAN_POINT('',(0.00208783932000205,-0.00347892482141477,-0.000603672610865052));
#4046=CARTESIAN_POINT('',(0.00211576650526094,-0.00346213279331677,-0.000603847712062919));
#4047=CARTESIAN_POINT('',(0.00226735654909131,-0.00337093696102355,-0.00060479996053721));
#4048=CARTESIAN_POINT('',(0.00240907776819401,-0.00327224147280444,-0.000606077544865523));
#4049=CARTESIAN_POINT('',(0.00254141100613244,-0.00316538008155435,-0.000607287096178839));
#4050=CARTESIAN_POINT('',(0.000236780951617539,-0.00394858922494062,-0.000220767679791693));
#4051=CARTESIAN_POINT('',(0.000394944105422264,-0.00393863176070093,-0.000222593181769181));
#4052=CARTESIAN_POINT('',(0.000557503935841434,-0.00391700109766257,-0.000221781386455456));
#4053=CARTESIAN_POINT('',(0.000778419928958182,-0.00387292249986002,-0.000219289818025219));
#4054=CARTESIAN_POINT('',(0.00083415776111193,-0.00386059713298475,-0.00021854112145324));
#4055=CARTESIAN_POINT('',(0.00106525460327918,-0.00380457422297279,-0.000215594967963652));
#4056=CARTESIAN_POINT('',(0.00124420349959444,-0.0037485813685631,-0.000211980149310028));
#4057=CARTESIAN_POINT('',(0.00146140193783924,-0.00366510172654736,-0.000211075662444741));
#4058=CARTESIAN_POINT('',(0.00150836805608099,-0.00364607361902313,-0.000210579543080141));
#4059=CARTESIAN_POINT('',(0.00155394936535412,-0.00362669125258837,-0.000210380289648104));
#4060=CARTESIAN_POINT('',(0.00155481400384449,-0.00362632325424572,-0.000210376533614944));
#4061=CARTESIAN_POINT('',(0.00155668321852725,-0.00362552698650522,-0.000210368470991953));
#4062=CARTESIAN_POINT('',(0.00155768667703554,-0.00362509908094855,-0.00021036416725798));
#4063=CARTESIAN_POINT('',(0.00156372314316785,-0.00362252219415508,-0.000210338601914171));
#4064=CARTESIAN_POINT('',(0.00156877174803094,-0.00362035548633645,-0.000210318654745435));
#4065=CARTESIAN_POINT('',(0.00158076846541305,-0.0036151790427267,-0.000210275614133039));
#4066=CARTESIAN_POINT('',(0.00158772639896988,-0.00361215477972217,-0.000210254091930262));
#4067=CARTESIAN_POINT('',(0.00159597032582121,-0.00360854477280697,-0.000210233857296671));
#4068=CARTESIAN_POINT('',(0.00159727214519244,-0.00360797393980809,-0.000210230803942594));
#4069=CARTESIAN_POINT('',(0.00159882836687201,-0.00360729061566342,-0.000210227337553731));
#4070=CARTESIAN_POINT('',(0.00159910984349611,-0.00360716698503121,-0.000210226717312382));
#4071=CARTESIAN_POINT('',(0.00165439482471927,-0.00358287813694674,-0.00021010609733524));
#4072=CARTESIAN_POINT('',(0.00171073385748912,-0.00355658116762512,-0.000210473915852027));
#4073=CARTESIAN_POINT('',(0.00178688623600635,-0.0035192017798455,-0.000210445813775204));
#4074=CARTESIAN_POINT('',(0.00181181788035901,-0.00350665284815769,-0.00021059175459411));
#4075=CARTESIAN_POINT('',(0.00188584286871191,-0.00346845734096353,-0.000211138462563709));
#4076=CARTESIAN_POINT('',(0.00193467055773586,-0.00344206092346643,-0.000211663698220028));
#4077=CARTESIAN_POINT('',(0.00200992781862381,-0.0033991733079755,-0.00021250024865801));
#4078=CARTESIAN_POINT('',(0.00203739670339865,-0.00338313245585445,-0.000212817448877497));
#4079=CARTESIAN_POINT('',(0.00206455427061778,-0.00336683220543622,-0.00021314610754408));
#4080=CARTESIAN_POINT('',(0.00221195988320877,-0.00327831236225235,-0.000214931345737385));
#4081=CARTESIAN_POINT('',(0.00234985427956506,-0.00318244800260656,-0.000217044701547243));
#4082=CARTESIAN_POINT('',(0.00247575060796466,-0.00308083966407206,-0.000218414027427304));
#4083=CARTESIAN_POINT('',(0.0002348657765908,-0.00388805674829112,4.3321612899588E-5));
#4084=CARTESIAN_POINT('',(0.000385651360856544,-0.00387859199206613,4.13650441596254E-5));
#4085=CARTESIAN_POINT('',(0.000544658865619118,-0.00385740351907203,4.25310411562917E-5));
#4086=CARTESIAN_POINT('',(0.000762361056641834,-0.0038140154072002,4.56452251057562E-5));
#4087=CARTESIAN_POINT('',(0.000817507006921124,-0.00380187021630981,4.65427395943887E-5));
#4088=CARTESIAN_POINT('',(0.00104667460949792,-0.00374631381843888,5.06279300062199E-5));
#4089=CARTESIAN_POINT('',(0.00122218606494428,-0.00369237832548992,5.21232541238374E-5));
#4090=CARTESIAN_POINT('',(0.00144188871508356,-0.00360745952746501,5.62649068166234E-5));
#4091=CARTESIAN_POINT('',(0.00148486053081965,-0.00359005221048741,5.62066481421999E-5));
#4092=CARTESIAN_POINT('',(0.00153112616257171,-0.00357037670455552,5.61785779698599E-5));
#4093=CARTESIAN_POINT('',(0.00153200591897547,-0.00357000221083971,5.61779549077213E-5));
#4094=CARTESIAN_POINT('',(0.00153391271302336,-0.00356918974776923,5.61764066649438E-5));
#4095=CARTESIAN_POINT('',(0.00153494116559315,-0.00356875104033638,5.61754406333518E-5));
#4096=CARTESIAN_POINT('',(0.00154111334673258,-0.00356611532084471,5.61689785294802E-5));
#4097=CARTESIAN_POINT('',(0.00154622374967771,-0.00356392114539279,5.61609868938802E-5));
#4098=CARTESIAN_POINT('',(0.00155826938150411,-0.00355872180550492,5.61377356236514E-5));
#4099=CARTESIAN_POINT('',(0.00156517842350617,-0.0035557176822644,5.61208783069728E-5));
#4100=CARTESIAN_POINT('',(0.00157329659059309,-0.00355216288530388,5.60991981436684E-5));
#4101=CARTESIAN_POINT('',(0.00157457658418333,-0.0035516016729076,5.60957192246884E-5));
#4102=CARTESIAN_POINT('',(0.00157610450422186,-0.00355093087142517,5.60914963294039E-5));
#4103=CARTESIAN_POINT('',(0.00157638077761238,-0.00355080954450551,5.60907295954862E-5));
#4104=CARTESIAN_POINT('',(0.00163062905507571,-0.00352697995715599,5.59396289191819E-5));
#4105=CARTESIAN_POINT('',(0.00168130929729378,-0.00350357615432347,5.59667443883269E-5));
#4106=CARTESIAN_POINT('',(0.00176398737987645,-0.00346292155801106,5.45156768346232E-5));
#4107=CARTESIAN_POINT('',(0.00178917510162015,-0.00345021756632882,5.42001577335724E-5));
#4108=CARTESIAN_POINT('',(0.00186258850455002,-0.00341225773899247,5.33410323287892E-5));
#4109=CARTESIAN_POINT('',(0.00190920290239896,-0.00338687310198931,5.28741588359829E-5));
#4110=CARTESIAN_POINT('',(0.00198187293534401,-0.00334571935276695,5.18662416769568E-5));
#4111=CARTESIAN_POINT('',(0.0020090730693309,-0.00332982378681846,5.14379374323472E-5));
#4112=CARTESIAN_POINT('',(0.00203603627789772,-0.00331362090103871,5.09810691112376E-5));
#4113=CARTESIAN_POINT('',(0.0021824031172985,-0.00322561838727841,4.8497615542156E-5));
#4114=CARTESIAN_POINT('',(0.00231794506309744,-0.00313139635950817,4.55139602436824E-5));
#4115=CARTESIAN_POINT('',(0.00243928487785938,-0.00303349248846104,4.4029672767191E-5));
#4116=CARTESIAN_POINT('',(0.000231457950943385,-0.00374222867960996,0.000842142174058624));
#4117=CARTESIAN_POINT('',(0.000359907177855985,-0.00373419649973756,0.000839814230134561));
#4118=CARTESIAN_POINT('',(0.000513194113607438,-0.00371436384130325,0.000842060593169657));
#4119=CARTESIAN_POINT('',(0.000724547100949936,-0.00367293938383306,0.000847607090687676));
#4120=CARTESIAN_POINT('',(0.000778190725082123,-0.00366131104873459,0.000849222325901479));
#4121=CARTESIAN_POINT('',(0.00100193775832234,-0.00360808269239684,0.000856113407870171));
#4122=CARTESIAN_POINT('',(0.00117652290874563,-0.00355389052368701,0.000865032286021883));
#4123=CARTESIAN_POINT('',(0.00138423544352054,-0.00347595275597856,0.000860642922327167));
#4124=CARTESIAN_POINT('',(0.00143319045642256,-0.00345636359205539,0.000861156961166804));
#4125=CARTESIAN_POINT('',(0.00147737403960881,-0.00343768213271301,0.000861310024082323));
#4126=CARTESIAN_POINT('',(0.00147821078161044,-0.00343732799263007,0.000861312964086714));
#4127=CARTESIAN_POINT('',(0.00148001655346323,-0.00343656297175954,0.000861319410169018));
#4128=CARTESIAN_POINT('',(0.00148098289212038,-0.00343615312349105,0.000861322943064479));
#4129=CARTESIAN_POINT('',(0.00148680520046649,-0.00343368065669043,0.000861344304179262));
#4130=CARTESIAN_POINT('',(0.00149170714590956,-0.00343158611324317,0.000861362395122699));
#4131=CARTESIAN_POINT('',(0.00150342342309507,-0.00342654805063216,0.000861402065594753));
#4132=CARTESIAN_POINT('',(0.00151027257979448,-0.00342357784655826,0.000861422445783686));
#4133=CARTESIAN_POINT('',(0.001518438220744,-0.00342000528939642,0.000861438767273144));
#4134=CARTESIAN_POINT('',(0.00151972912180341,-0.00341943960941361,0.000861441128462523));
#4135=CARTESIAN_POINT('',(0.0015212739285111,-0.00341876157009857,0.000861443681691327));
#4136=CARTESIAN_POINT('',(0.0015215534030199,-0.00341863886196579,0.00086144413370878));
#4137=CARTESIAN_POINT('',(0.00157645608223254,-0.00339452534360334,0.00086153115064017));
#4138=CARTESIAN_POINT('',(0.00163507911374176,-0.00336681187093145,0.000860735715032676));
#4139=CARTESIAN_POINT('',(0.00170186693250075,-0.00333367736658884,0.00086131992566524));
#4140=CARTESIAN_POINT('',(0.00172497416172675,-0.00332190224024012,0.000861073501186719));
#4141=CARTESIAN_POINT('',(0.00179597666314704,-0.00328476123585212,0.000859632866375761));
#4142=CARTESIAN_POINT('',(0.00184586899293216,-0.003257460810463,0.000857751011623714));
#4143=CARTESIAN_POINT('',(0.00192163505950392,-0.0032134154621024,0.000854691679533563));
#4144=CARTESIAN_POINT('',(0.00194863216127477,-0.00319741989919741,0.000853528726475036));
#4145=CARTESIAN_POINT('',(0.00197491631278784,-0.00318146927993878,0.000852366183615852));
#4146=CARTESIAN_POINT('',(0.0021175392032523,-0.00309487852025126,0.000846054711494592));
#4147=CARTESIAN_POINT('',(0.00224433192745888,-0.0030059236499216,0.00083961268755345));
#4148=CARTESIAN_POINT('',(0.002352160262089,-0.00291894889513587,0.000837786023641253));
#4149=CARTESIAN_POINT('',(0.000232302999755508,-0.00369270244884565,0.00138342612561157));
#4150=CARTESIAN_POINT('',(0.000353664925382111,-0.00368502394970688,0.00138067170245253));
#4151=CARTESIAN_POINT('',(0.000498156832438762,-0.00366693751560375,0.00138240294983191));
#4152=CARTESIAN_POINT('',(0.000709363811407214,-0.00362755232259431,0.00138920011545875));
#4153=CARTESIAN_POINT('',(0.000764102401279185,-0.00361639219956483,0.00139127288316758));
#4154=CARTESIAN_POINT('',(0.000993491993980715,-0.00356492290610542,0.00140129240860088));
#4155=CARTESIAN_POINT('',(0.00117515068888535,-0.00351296474785669,0.00141229790527984));
#4156=CARTESIAN_POINT('',(0.00138603153346431,-0.00343090635362126,0.00142897961646836));
#4157=CARTESIAN_POINT('',(0.00142334699937992,-0.00341557181078703,0.00142990990126527));
#4158=CARTESIAN_POINT('',(0.00146578626428475,-0.00339727545070853,0.00142973115490763));
#4159=CARTESIAN_POINT('',(0.00146659412010879,-0.00339692682688363,0.00142972721384043));
#4160=CARTESIAN_POINT('',(0.00146834703696413,-0.00339616961892977,0.00142971749021928));
#4161=CARTESIAN_POINT('',(0.00146929451538328,-0.00339575986721855,0.00142971150082955));
#4162=CARTESIAN_POINT('',(0.00147497295846489,-0.00339330125439862,0.00142967115910257));
#4163=CARTESIAN_POINT('',(0.00147964612285007,-0.00339126598035954,0.0014296196336884));
#4164=CARTESIAN_POINT('',(0.00149060110428763,-0.0033864682125537,0.00142945954213101));
#4165=CARTESIAN_POINT('',(0.00149683663165433,-0.003383716007217,0.00142933690709333));
#4166=CARTESIAN_POINT('',(0.00150411910664043,-0.0033804787985428,0.00142916207932379));
#4167=CARTESIAN_POINT('',(0.0015052660613873,-0.00337996828199712,0.00142913361568525));
#4168=CARTESIAN_POINT('',(0.0015066337339324,-0.00337935870533689,0.00142909854924574));
#4169=CARTESIAN_POINT('',(0.00150688097652442,-0.00337924847597416,0.0014290921650776));
#4170=CARTESIAN_POINT('',(0.00155541917620996,-0.00335760272207133,0.00142783090545216));
#4171=CARTESIAN_POINT('',(0.00159867885186145,-0.00333738913616884,0.00142537245737104));
#4172=CARTESIAN_POINT('',(0.00168036120066296,-0.00329655073452502,0.00141822756218331));
#4173=CARTESIAN_POINT('',(0.00170450532511346,-0.00328415590026544,0.00141611738023504));
#4174=CARTESIAN_POINT('',(0.00177279279466615,-0.00324817541278414,0.00141018315172194));
#4175=CARTESIAN_POINT('',(0.00181336383144028,-0.00322550838615097,0.00140672566226681));
#4176=CARTESIAN_POINT('',(0.0018784347178412,-0.00318783993801822,0.00140136270247648));
#4177=CARTESIAN_POINT('',(0.00190354781912048,-0.00317275251519615,0.00139937754931533));
#4178=CARTESIAN_POINT('',(0.00192911673314833,-0.00315692009606861,0.00139743750118083));
#4179=CARTESIAN_POINT('',(0.00206798064258368,-0.00307088704403512,0.00138690940253417));
#4180=CARTESIAN_POINT('',(0.0022200081454097,-0.00296304083165249,0.00137772319123323));
#4181=CARTESIAN_POINT('',(0.0023237739509694,-0.00287925041092963,0.0013755239246114));
#4182=CARTESIAN_POINT('',(0.000236302237550177,-0.00369244651315748,0.00192485588810529));
#4183=CARTESIAN_POINT('',(0.000352911716355572,-0.00368498395935661,0.00192188732711682));
#4184=CARTESIAN_POINT('',(0.000500425408283833,-0.00366652475012459,0.00192333920395257));
#4185=CARTESIAN_POINT('',(0.000712951957197266,-0.00362684854672736,0.00192979961203452));
#4186=CARTESIAN_POINT('',(0.000767632638665897,-0.00361564552422192,0.00193179401473936));
#4187=CARTESIAN_POINT('',(0.00099683106385062,-0.00356398351437014,0.00194146227264491));
#4188=CARTESIAN_POINT('',(0.00117835225347098,-0.00351189594617458,0.00195221975160722));
#4189=CARTESIAN_POINT('',(0.00138905777115407,-0.00342969007484249,0.00196856987401522));
#4190=CARTESIAN_POINT('',(0.00142633633333858,-0.00341432542641241,0.00196942945555553));
#4191=CARTESIAN_POINT('',(0.0014687377275926,-0.00339599915446979,0.00196917686979365));
#4192=CARTESIAN_POINT('',(0.00146954486409129,-0.00339564996284973,0.00196917152573209));
#4193=CARTESIAN_POINT('',(0.00147129622371297,-0.00339489152647981,0.00196915876381424));
#4194=CARTESIAN_POINT('',(0.00147224286109493,-0.00339448111155431,0.00196915113330981));
#4195=CARTESIAN_POINT('',(0.00147791630942475,-0.00339201856796473,0.00196910103239817));
#4196=CARTESIAN_POINT('',(0.00148258553991384,-0.00338998022998631,0.00196904176865236));
#4197=CARTESIAN_POINT('',(0.00149353136128168,-0.00338517539986685,0.00196886353511098));
#4198=CARTESIAN_POINT('',(0.00149976172440088,-0.00338241927111833,0.00196873057250142));
#4199=CARTESIAN_POINT('',(0.00150703776169304,-0.00337917722236891,0.0019685427747407));
#4200=CARTESIAN_POINT('',(0.00150818368840742,-0.00337866593464958,0.00196851223670721));
#4201=CARTESIAN_POINT('',(0.00150955012362986,-0.00337805543043247,0.00196847467219334));
#4202=CARTESIAN_POINT('',(0.00150979714249304,-0.0033779450333173,0.00196846783637977));
#4203=CARTESIAN_POINT('',(0.0015582914054649,-0.00335626633035833,0.0019671178879366));
#4204=CARTESIAN_POINT('',(0.00160150851590285,-0.00333601965207466,0.00196457512111235));
#4205=CARTESIAN_POINT('',(0.00168313170965697,-0.00329513574613861,0.00195731121385424));
#4206=CARTESIAN_POINT('',(0.00170725743386693,-0.00328272683495068,0.00195516372219353));
#4207=CARTESIAN_POINT('',(0.0017754919314818,-0.00324670653793153,0.00194912028089202));
#4208=CARTESIAN_POINT('',(0.0018159737785812,-0.00322405345169083,0.00194557689543668));
#4209=CARTESIAN_POINT('',(0.00188105131848855,-0.00318628327029455,0.0019400722020929));
#4210=CARTESIAN_POINT('',(0.00190619841644219,-0.00317113147812487,0.00193803290668612));
#4211=CARTESIAN_POINT('',(0.00193186262778742,-0.00315518414812587,0.00193603914285165));
#4212=CARTESIAN_POINT('',(0.00207125031744767,-0.0030685219543954,0.00192521946092326));
#4213=CARTESIAN_POINT('',(0.00222504632449241,-0.00295905816769608,0.00191579043092054));
#4214=CARTESIAN_POINT('',(0.00232601498864591,-0.00287743883907104,0.00191340292519607));
#4215=CARTESIAN_POINT('',(0.00687739715911738,-0.00858312258284661,-0.00692406316129519));
#4216=CARTESIAN_POINT('',(0.00641733125437508,-0.00890840580040132,-0.00691401651774146));
#4217=CARTESIAN_POINT('',(0.00595735975718354,-0.00923362227282798,-0.00689811494768726));
#4218=CARTESIAN_POINT('',(0.00549725166116404,-0.0095589353211401,-0.00689068496221443));
#4219=CARTESIAN_POINT('',(0.00549725166116404,-0.0095589353211401,-0.00689068496221443));
#4220=CARTESIAN_POINT('',(0.000236302237550177,-0.00369244651315748,0.00192485588810529));
#4221=CARTESIAN_POINT('',(0.000220636836813673,-0.00369344903796941,-0.000195976789421492));
#4222=CARTESIAN_POINT('',(0.000289275156532034,-0.00525624942693106,-0.00442627849224233));
#4223=CARTESIAN_POINT('',(0.000524215534933015,-0.00918303111126352,-0.0066318985420684));
#4224=CARTESIAN_POINT('',(0.00065553181477933,-0.0112734718655141,-0.00696409665134103));
#4225=CARTESIAN_POINT('',(0.000655531353503815,-0.0112734677096134,-0.00696412298573916));
#4226=CARTESIAN_POINT('',(0.00203075929309806,-0.0109812735385209,-0.0069383310946511));
#4227=CARTESIAN_POINT('',(0.00159271844220848,-0.0111253048131306,-0.00695623228210403));
#4228=CARTESIAN_POINT('',(0.001131098093759,-0.011225242209082,-0.0069648205058189));
#4229=CARTESIAN_POINT('',(0.000655528583607337,-0.0112734378636123,-0.0069640957657957));
#4230=CARTESIAN_POINT('',(0.0020307676502066,-0.0109812989034996,-0.00693833052084522));
#4231=CARTESIAN_POINT('',(0.00236927858001275,-0.0108596469392176,-0.0069224708809434));
#4232=CARTESIAN_POINT('',(0.00225680303302666,-0.0109035962505842,-0.00692842423837759));
#4233=CARTESIAN_POINT('',(0.00214388978250223,-0.0109441137125291,-0.00693371059364583));
#4234=CARTESIAN_POINT('',(0.00203075765163576,-0.0109812684550308,-0.00693832994674813));
#4235=CARTESIAN_POINT('',(0.00236926023632436,-0.0108595999938544,-0.00692247113094341));
#4236=CARTESIAN_POINT('',(0.00236924189263598,-0.0108595530484912,-0.0069224708809434));
#4237=CARTESIAN_POINT('',(0.00329387361332534,-0.0104976268178544,-0.00687357175781526));
#4238=CARTESIAN_POINT('',(0.00421855708906639,-0.0101356803288699,-0.00682868312070514));
#4239=CARTESIAN_POINT('',(0.00514449717723897,-0.00977324196729392,-0.00688116906679574));
#4240=CARTESIAN_POINT('',(0.00514449314780148,-0.00977323163110596,-0.00688116931679574));
#4241=CARTESIAN_POINT('',(0.00549723702843835,-0.00955891864253307,-0.00689068496221443));
#4242=CARTESIAN_POINT('',(0.00539346533852219,-0.00964996117811241,-0.00689178429047992));
#4243=CARTESIAN_POINT('',(0.0052755398739848,-0.00972213274755331,-0.00688859354807856));
#4244=CARTESIAN_POINT('',(0.00514448911836397,-0.00977322129491798,-0.00688116906679574));
#4245=CARTESIAN_POINT('',(0.00795205035283607,-0.00827459736055341,-0.00700261012902934));
#4246=CARTESIAN_POINT('',(0.00822147342983081,-0.00803826580377793,-0.00700254663803857));
#4247=CARTESIAN_POINT('',(0.00849155495554422,-0.00780392234218778,-0.0070026738708679));
#4248=CARTESIAN_POINT('',(0.00876185248139733,-0.00756700714536401,-0.0070026115055903));
#4249=CARTESIAN_POINT('',(0.00889281772559406,-0.00745220759403795,-0.00700258058859151));
#4250=CARTESIAN_POINT('',(0.00902180860579721,-0.00733859190603071,-0.00700250663528063));
#4251=CARTESIAN_POINT('',(0.00928021908147869,-0.00710874423384253,-0.00700218334283566));
#4252=CARTESIAN_POINT('',(0.00940964001701997,-0.00699251376849143,-0.00700193421058889));
#4253=CARTESIAN_POINT('',(0.0095421103595031,-0.00687175341902968,-0.00700153986116582));
#4254=CARTESIAN_POINT('',(0.00954476291475569,-0.00686924014706635,-0.00700153256797155));
#4255=CARTESIAN_POINT('',(0.00955283014330454,-0.00686128904745525,-0.00700151239697681));
#4256=CARTESIAN_POINT('',(0.0095580438328197,-0.00685570047977696,-0.00700150230187067));
#4257=CARTESIAN_POINT('',(0.00956510241717809,-0.00684743210166286,-0.0070014934867358));
#4258=CARTESIAN_POINT('',(0.00956717626328258,-0.00684490670393536,-0.0070014915613063));
#4259=CARTESIAN_POINT('',(0.00957239471210985,-0.00683829466858444,-0.00700148853440407));
#4260=CARTESIAN_POINT('',(0.00957545880084728,-0.00683415598665226,-0.00700148856800064));
#4261=CARTESIAN_POINT('',(0.00958139089153812,-0.00682559374642268,-0.00700149263903275));
#4262=CARTESIAN_POINT('',(0.00958425108552586,-0.00682116546651156,-0.00700149678771621));
#4263=CARTESIAN_POINT('',(0.00958890834349832,-0.00681340869241564,-0.00700150763662623));
#4264=CARTESIAN_POINT('',(0.00959077629957834,-0.00681012030160521,-0.00700151332060419));
#4265=CARTESIAN_POINT('',(0.00959765726938538,-0.00679730469764448,-0.00700153962410435));
#4266=CARTESIAN_POINT('',(0.00960210584015478,-0.00678747400262983,-0.00700156843758534));
#4267=CARTESIAN_POINT('',(0.00961216715934606,-0.00676070580678402,-0.00700166964031082));
#4268=CARTESIAN_POINT('',(0.00961668805426129,-0.00674326453345388,-0.00700175813752796));
#4269=CARTESIAN_POINT('',(0.00961969044213126,-0.00672390375555203,-0.00700188130928754));
#4270=CARTESIAN_POINT('',(0.00961989816291587,-0.00672256297784087,-0.00700188981703293));
#4271=CARTESIAN_POINT('',(0.0096215486919375,-0.00671189898381786,-0.00700195730831712));
#4272=CARTESIAN_POINT('',(0.00962298144149405,-0.00670257933364295,-0.00700201522238483));
#4273=CARTESIAN_POINT('',(0.00962655471351111,-0.0066791811198214,-0.00700215800032144));
#4274=CARTESIAN_POINT('',(0.00962868233725883,-0.00666510714289112,-0.00700224149382206));
#4275=CARTESIAN_POINT('',(0.00963183733529674,-0.00664402955866192,-0.00700236308528209));
#4276=CARTESIAN_POINT('',(0.00963288138009934,-0.00663702001211516,-0.0070024029523812));
#4277=CARTESIAN_POINT('',(0.00966034064219713,-0.00645175875278862,-0.00700344183781221));
#4278=CARTESIAN_POINT('',(0.00968327822037067,-0.00627475800949545,-0.00700407216926906));
#4279=CARTESIAN_POINT('',(0.00972041345661503,-0.00596228701981843,-0.00700482512375037));
#4280=CARTESIAN_POINT('',(0.00973540803131404,-0.00582652171099233,-0.00700503006043136));
#4281=CARTESIAN_POINT('',(0.0097548090426871,-0.00564416033719111,-0.00700523122897486));
#4282=CARTESIAN_POINT('',(0.00975971825083463,-0.00559739936545076,-0.00700527624341748));
#4283=CARTESIAN_POINT('',(0.00976834681455656,-0.00551451586952953,-0.00700534930691464));
#4284=CARTESIAN_POINT('',(0.00977208271569492,-0.0054783884243788,-0.00700537882382186));
#4285=CARTESIAN_POINT('',(0.00980141320555509,-0.00519367864960433,-0.00700560300277495));
#4286=CARTESIAN_POINT('',(0.00982634316725951,-0.00494520775770091,-0.00700574796491512));
#4287=CARTESIAN_POINT('',(0.00985435504404241,-0.00469530391577506,-0.00700625408763986));
#4288=CARTESIAN_POINT('',(0.00758417957097137,-0.00788895054069407,-0.00692945575197334));
#4289=CARTESIAN_POINT('',(0.00783356770904939,-0.00766784597175156,-0.00692992966493012));
#4290=CARTESIAN_POINT('',(0.00809552970823287,-0.00744882499664665,-0.00692832858620653));
#4291=CARTESIAN_POINT('',(0.00836063849612065,-0.0072269708877812,-0.00693003790787916));
#4292=CARTESIAN_POINT('',(0.00848910009725688,-0.0071194677698773,-0.00693087829132617));
#4293=CARTESIAN_POINT('',(0.00861627711742882,-0.00701297562389843,-0.00693246850478472));
#4294=CARTESIAN_POINT('',(0.00887034364186133,-0.00679720239440792,-0.00693835201700859));
#4295=CARTESIAN_POINT('',(0.00899723448618482,-0.00668792282972613,-0.00694264552266125));
#4296=CARTESIAN_POINT('',(0.00912572614779493,-0.00657414336602904,-0.00694900399054626));
#4297=CARTESIAN_POINT('',(0.00912821420441404,-0.00657192034399816,-0.00694873339738974));
#4298=CARTESIAN_POINT('',(0.00913590329881533,-0.00656464038961903,-0.00694847530108335));
#4299=CARTESIAN_POINT('',(0.00914086403137693,-0.00655950525106404,-0.00694826810830352));
#4300=CARTESIAN_POINT('',(0.00914756263866732,-0.00655188367644473,-0.00694797642152479));
#4301=CARTESIAN_POINT('',(0.00914952832664577,-0.00654955281715134,-0.00694788919343081));
#4302=CARTESIAN_POINT('',(0.00915446763658792,-0.00654344265924538,-0.00694767282143734));
#4303=CARTESIAN_POINT('',(0.00915736087301794,-0.00653961097147886,-0.00694754888185233));
#4304=CARTESIAN_POINT('',(0.00916294554936248,-0.00653167036930442,-0.00694733789926485));
#4305=CARTESIAN_POINT('',(0.0091656291544448,-0.0065275567091292,-0.00694725197587276));
#4306=CARTESIAN_POINT('',(0.00916998075844524,-0.00652034015277055,-0.00694716134467811));
#4307=CARTESIAN_POINT('',(0.00917172025608091,-0.00651727750320732,-0.00694714061891369));
#4308=CARTESIAN_POINT('',(0.00917810344750339,-0.00650533002171619,-0.00694714424691662));
#4309=CARTESIAN_POINT('',(0.00918216704311386,-0.00649615074996652,-0.00694736880482019));
#4310=CARTESIAN_POINT('',(0.0091911822272576,-0.00647113484559825,-0.00694822440269781));
#4311=CARTESIAN_POINT('',(0.00919502359895751,-0.00645481400419887,-0.00694902399741079));
#4312=CARTESIAN_POINT('',(0.00919729213045534,-0.00643670260956758,-0.00694958554181762));
#4313=CARTESIAN_POINT('',(0.00919750568585827,-0.0064353827183403,-0.00694933603833084));
#4314=CARTESIAN_POINT('',(0.00919897517612809,-0.00642514566483154,-0.00694850136756381));
#4315=CARTESIAN_POINT('',(0.00920024109020951,-0.00641619828294952,-0.00694778355912944));
#4316=CARTESIAN_POINT('',(0.00920337469339655,-0.00639373268978426,-0.00694601018282808));
#4317=CARTESIAN_POINT('',(0.00920521892150813,-0.00638021785466928,-0.00694496969024625));
#4318=CARTESIAN_POINT('',(0.00920792285952934,-0.00635997518217158,-0.00694344971301137));
#4319=CARTESIAN_POINT('',(0.00920881248041208,-0.00635324288281706,-0.00694295058678389));
#4320=CARTESIAN_POINT('',(0.00923207729524353,-0.00617529894952128,-0.00692992469645127));
#4321=CARTESIAN_POINT('',(0.00924823987925225,-0.00600503770185115,-0.00692154212718021));
#4322=CARTESIAN_POINT('',(0.00927271733001408,-0.0057046557203565,-0.00691160176014428));
#4323=CARTESIAN_POINT('',(0.00928197637887073,-0.00557420764541589,-0.0069089252114231));
#4324=CARTESIAN_POINT('',(0.00929484218783503,-0.00539929913677101,-0.00690668910566357));
#4325=CARTESIAN_POINT('',(0.00929817925459455,-0.00535447676567454,-0.0069062362000965));
#4326=CARTESIAN_POINT('',(0.00930428537194066,-0.00527509033814649,-0.00690560052046215));
#4327=CARTESIAN_POINT('',(0.00930701082663333,-0.00524050773212639,-0.00690537969756861));
#4328=CARTESIAN_POINT('',(0.00932924499512779,-0.0049681589011666,-0.006903986938429));
#4329=CARTESIAN_POINT('',(0.00935318952017418,-0.00473159632039639,-0.00690485930017589));
#4330=CARTESIAN_POINT('',(0.00939219659410229,-0.00449580364752269,-0.00690384193240375));
#4331=CARTESIAN_POINT('',(0.00722077278862428,-0.00750839689254686,-0.00680804206806187));
#4332=CARTESIAN_POINT('',(0.00744569320205963,-0.00730557663417004,-0.00680860700570201));
#4333=CARTESIAN_POINT('',(0.00768243300806847,-0.00710819647263894,-0.00680823756959948));
#4334=CARTESIAN_POINT('',(0.00790692946137592,-0.00689047107131332,-0.00680575734521706));
#4335=CARTESIAN_POINT('',(0.00801564061045309,-0.00678491926709105,-0.00680454799985918));
#4336=CARTESIAN_POINT('',(0.00811991994692317,-0.00667729801653195,-0.00680295448486639));
#4337=CARTESIAN_POINT('',(0.00830501893790027,-0.00644630061425112,-0.00679761605264108));
#4338=CARTESIAN_POINT('',(0.00838787252247103,-0.00632392984227748,-0.0067939935362333));
#4339=CARTESIAN_POINT('',(0.00843188055528432,-0.0061775107108314,-0.00678696281221482));
#4340=CARTESIAN_POINT('',(0.00843284901492721,-0.00617446093202276,-0.00678703359278593));
#4341=CARTESIAN_POINT('',(0.00843586698301539,-0.00616517271163733,-0.00678693546054895));
#4342=CARTESIAN_POINT('',(0.00843802450718065,-0.00615897355132894,-0.00678688051908383));
#4343=CARTESIAN_POINT('',(0.00844128981638737,-0.00615024057417117,-0.00678679141985156));
#4344=CARTESIAN_POINT('',(0.00844229626169619,-0.00614762823381949,-0.00678676322605287));
#4345=CARTESIAN_POINT('',(0.00844495760500269,-0.00614092555233045,-0.00678668298051351));
#4346=CARTESIAN_POINT('',(0.00844664856186221,-0.00613686126466064,-0.00678662660198507));
#4347=CARTESIAN_POINT('',(0.00845020567320591,-0.0061287028981032,-0.00678648547951025));
#4348=CARTESIAN_POINT('',(0.00845207539001342,-0.00612461112512688,-0.00678639999269009));
#4349=CARTESIAN_POINT('',(0.00845540873253779,-0.00611764803651045,-0.00678621782114417));
#4350=CARTESIAN_POINT('',(0.008456840034692,-0.00611475798189412,-0.0067861310291232));
#4351=CARTESIAN_POINT('',(0.00846249075550895,-0.0061037158364127,-0.00678574693851348));
#4352=CARTESIAN_POINT('',(0.00846698088067571,-0.00609569993904876,-0.00678533212331211));
#4353=CARTESIAN_POINT('',(0.00847965708357459,-0.00607482647712534,-0.00678406336623749));
#4354=CARTESIAN_POINT('',(0.00848836054805343,-0.00606217061192077,-0.00678309853200781));
#4355=CARTESIAN_POINT('',(0.00849861847854366,-0.00604875525439191,-0.00678218139829948));
#4356=CARTESIAN_POINT('',(0.00849929584254185,-0.00604786006120159,-0.00678227308061753));
#4357=CARTESIAN_POINT('',(0.00850478616951256,-0.00604058765140283,-0.00678238148555811));
#4358=CARTESIAN_POINT('',(0.00850946938146735,-0.0060341601873702,-0.00678246170374389));
#4359=CARTESIAN_POINT('',(0.0085209567833031,-0.00601785463946335,-0.00678262925340833));
#4360=CARTESIAN_POINT('',(0.00852762044160533,-0.00600789356638237,-0.00678269924321242));
#4361=CARTESIAN_POINT('',(0.00853726588658932,-0.00599276809168172,-0.00678276290699348));
#4362=CARTESIAN_POINT('',(0.00854041805226529,-0.00598770351714254,-0.00678277724329997));
#4363=CARTESIAN_POINT('',(0.00862233066495634,-0.00585298128946499,-0.00678298558627929));
#4364=CARTESIAN_POINT('',(0.00866928949157027,-0.00570498743824377,-0.00677941743935891));
#4365=CARTESIAN_POINT('',(0.00873724335257358,-0.00543541710310219,-0.00677295643757799));
#4366=CARTESIAN_POINT('',(0.0087606846177487,-0.00531480566133179,-0.00676995619452238));
#4367=CARTESIAN_POINT('',(0.00878953535160811,-0.00515133636799099,-0.00676649932693777));
#4368=CARTESIAN_POINT('',(0.0087966756396676,-0.00510927357762197,-0.00676565853910027));
#4369=CARTESIAN_POINT('',(0.00880907977823015,-0.00503456609912068,-0.00676427082410948));
#4370=CARTESIAN_POINT('',(0.00881440150955413,-0.0050019511457766,-0.00676370044771046));
#4371=CARTESIAN_POINT('',(0.00885605308922343,-0.00474470738737158,-0.00675950764539897));
#4372=CARTESIAN_POINT('',(0.00888948586130632,-0.00451878561064647,-0.0067578423496555));
#4373=CARTESIAN_POINT('',(0.00893935254013582,-0.00429729175398297,-0.00675803370876234));
#4374=CARTESIAN_POINT('',(0.00651414032918145,-0.00676924673086112,-0.00647403402332684));
#4375=CARTESIAN_POINT('',(0.00667594332540232,-0.00661932327976351,-0.00647411473492603));
#4376=CARTESIAN_POINT('',(0.00685011074299244,-0.00643649791152575,-0.00646730466596625));
#4377=CARTESIAN_POINT('',(0.00701191366474726,-0.00623006327498344,-0.00645706929701017));
#4378=CARTESIAN_POINT('',(0.00709026664121561,-0.00612994761532011,-0.00645209762827369));
#4379=CARTESIAN_POINT('',(0.00716411878380046,-0.0060254554123115,-0.0064463717187655));
#4380=CARTESIAN_POINT('',(0.00730601208414422,-0.00580779503383902,-0.00643465336927657));
#4381=CARTESIAN_POINT('',(0.00737168506700536,-0.00569343183910224,-0.00642847517172922));
#4382=CARTESIAN_POINT('',(0.00745247753292958,-0.00558174671524062,-0.0064241996033538));
#4383=CARTESIAN_POINT('',(0.00745408289120651,-0.00557949400588668,-0.00642398103783364));
#4384=CARTESIAN_POINT('',(0.00745905719117862,-0.00557235883749575,-0.00642349636014658));
#4385=CARTESIAN_POINT('',(0.00746234480127457,-0.00556744053953833,-0.00642316083395954));
#4386=CARTESIAN_POINT('',(0.00746691319169088,-0.00556029729959057,-0.00642268761486578));
#4387=CARTESIAN_POINT('',(0.00746827148434647,-0.00555813226888281,-0.00642254598749282));
#4388=CARTESIAN_POINT('',(0.00747173292052953,-0.00555250603220177,-0.00642218488285814));
#4389=CARTESIAN_POINT('',(0.00747380873204563,-0.00554902487021665,-0.00642196814501126));
#4390=CARTESIAN_POINT('',(0.00747792191630814,-0.00554190186120939,-0.00642154534920189));
#4391=CARTESIAN_POINT('',(0.00747995662239294,-0.00553825823449915,-0.00642133975352873));
#4392=CARTESIAN_POINT('',(0.00748336460589928,-0.00553194192163443,-0.00642100824638151));
#4393=CARTESIAN_POINT('',(0.00748476203388824,-0.00552928398537537,-0.00642087620476475));
#4394=CARTESIAN_POINT('',(0.00749003203238356,-0.00551899781433782,-0.00642039926471363));
#4395=CARTESIAN_POINT('',(0.00749370563940354,-0.00551126140899854,-0.00642012689368208));
#4396=CARTESIAN_POINT('',(0.00750281959172817,-0.00549054543430838,-0.00641951568239644));
#4397=CARTESIAN_POINT('',(0.00750787822865256,-0.00547739487398706,-0.00641924683824751));
#4398=CARTESIAN_POINT('',(0.0075126348784125,-0.00546307088558418,-0.00641889266614553));
#4399=CARTESIAN_POINT('',(0.00751298400183447,-0.00546205772795166,-0.00641877322803399));
#4400=CARTESIAN_POINT('',(0.00751569393857954,-0.00545408889268435,-0.00641820332862857));
#4401=CARTESIAN_POINT('',(0.00751810870486747,-0.00544714522999124,-0.00641771578657957));
#4402=CARTESIAN_POINT('',(0.00752427183811964,-0.00542975465215711,-0.0064165159225354));
#4403=CARTESIAN_POINT('',(0.00752807030696896,-0.00541933276067813,-0.00641581618756605));
#4404=CARTESIAN_POINT('',(0.00753386711774221,-0.00540376584723014,-0.00641479719981354));
#4405=CARTESIAN_POINT('',(0.00753581290710027,-0.00539859579318481,-0.00641446313874333));
#4406=CARTESIAN_POINT('',(0.00758766062389133,-0.00526210223923629,-0.00640575355803325));
#4407=CARTESIAN_POINT('',(0.00764434647860264,-0.00513349085006909,-0.00639990325251832));
#4408=CARTESIAN_POINT('',(0.00773568008120083,-0.00489871210894747,-0.00639103607746002));
#4409=CARTESIAN_POINT('',(0.00777349638636126,-0.00479474091712872,-0.00638783501386083));
#4410=CARTESIAN_POINT('',(0.00782205185997122,-0.00465314996987263,-0.00638454460975078));
#4411=CARTESIAN_POINT('',(0.00783432109727231,-0.00461668111137788,-0.00638379320092347));
#4412=CARTESIAN_POINT('',(0.00785582703861865,-0.00455182565048358,-0.0063826423404391));
#4413=CARTESIAN_POINT('',(0.00786511981322015,-0.00452348411044139,-0.00638220172825659));
#4414=CARTESIAN_POINT('',(0.00793789864514219,-0.00429972591775652,-0.00637924890352279));
#4415=CARTESIAN_POINT('',(0.00799949655722831,-0.00410204376543393,-0.00637980964365282));
#4416=CARTESIAN_POINT('',(0.0080649990335875,-0.00390790415044897,-0.00638505982414638));
#4417=CARTESIAN_POINT('',(0.0061709146520857,-0.00641065021732261,-0.00626143966250329));
#4418=CARTESIAN_POINT('',(0.0063039043193187,-0.00628522698503377,-0.00626086155573496));
#4419=CARTESIAN_POINT('',(0.0064545794370599,-0.00611244385945355,-0.00625129236822371));
#4420=CARTESIAN_POINT('',(0.00659972667831253,-0.00591685756400204,-0.00623822344861296));
#4421=CARTESIAN_POINT('',(0.00667004131915673,-0.00582199895324705,-0.00623187774259119));
#4422=CARTESIAN_POINT('',(0.00673858361798229,-0.0057231334743944,-0.00622483963341028));
#4423=CARTESIAN_POINT('',(0.00687028587175316,-0.00551561848212673,-0.00620994940721588));
#4424=CARTESIAN_POINT('',(0.00693632266984784,-0.00540844660024191,-0.00620237964092645));
#4425=CARTESIAN_POINT('',(0.00698732189499144,-0.0052881775801244,-0.00619333480450864));
#4426=CARTESIAN_POINT('',(0.00698839248223395,-0.00528569392454026,-0.00619323929815042));
#4427=CARTESIAN_POINT('',(0.00699172102747051,-0.00527804813073216,-0.00619280893734974));
#4428=CARTESIAN_POINT('',(0.00699402047212023,-0.00527289766529975,-0.00619252119464951));
#4429=CARTESIAN_POINT('',(0.00699737625575148,-0.00526557482480407,-0.00619210460418379));
#4430=CARTESIAN_POINT('',(0.0069983953943787,-0.00526337547060758,-0.00619197850853998));
#4431=CARTESIAN_POINT('',(0.00700105026668523,-0.00525770990749295,-0.00619164962475329));
#4432=CARTESIAN_POINT('',(0.00700269915524783,-0.00525425250204657,-0.00619144497660516));
#4433=CARTESIAN_POINT('',(0.00700608925720185,-0.00524726908914431,-0.00619101878145735));
#4434=CARTESIAN_POINT('',(0.00700783176266938,-0.00524374384205312,-0.00619079692463498));
#4435=CARTESIAN_POINT('',(0.00701087006291138,-0.00523770739467661,-0.00619040096413726));
#4436=CARTESIAN_POINT('',(0.00701215423178545,-0.00523519025705375,-0.0061902309744552));
#4437=CARTESIAN_POINT('',(0.00701714734871662,-0.0052255305101794,-0.00618955609112048));
#4438=CARTESIAN_POINT('',(0.00702095506549743,-0.0052184305195995,-0.00618900232622212));
#4439=CARTESIAN_POINT('',(0.00703131784095278,-0.00519975434835572,-0.00618746527007253));
#4440=CARTESIAN_POINT('',(0.00703806243431797,-0.0051882360678978,-0.00618643477105667));
#4441=CARTESIAN_POINT('',(0.00704566961641161,-0.0051759037557484,-0.00618536856639146));
#4442=CARTESIAN_POINT('',(0.00704618245868155,-0.00517506362156602,-0.00618535950530837));
#4443=CARTESIAN_POINT('',(0.00705030303429081,-0.00516831609336517,-0.00618502778243558));
#4444=CARTESIAN_POINT('',(0.00705384816564019,-0.00516237836436147,-0.00618472969144797));
#4445=CARTESIAN_POINT('',(0.00706262603146822,-0.0051473794529131,-0.00618396413702106));
#4446=CARTESIAN_POINT('',(0.00706779447882378,-0.00513827452479128,-0.00618348807880302));
#4447=CARTESIAN_POINT('',(0.00707539828515091,-0.00512453304085502,-0.00618275764783669));
#4448=CARTESIAN_POINT('',(0.00707790425066561,-0.00511994559846448,-0.00618251182263722));
#4449=CARTESIAN_POINT('',(0.00714359038551258,-0.00499826998534951,-0.00617594858988494));
#4450=CARTESIAN_POINT('',(0.00719631537890758,-0.00487348058773857,-0.00616866706277077));
#4451=CARTESIAN_POINT('',(0.0072887157558159,-0.00465008545630365,-0.00615842142737177));
#4452=CARTESIAN_POINT('',(0.00732757053982331,-0.00455134022233641,-0.00615465885884554));
#4453=CARTESIAN_POINT('',(0.00737899230863719,-0.00441759621126848,-0.00615109917779307));
#4454=CARTESIAN_POINT('',(0.00739210364383218,-0.00438319938523098,-0.00615031727752968));
#4455=CARTESIAN_POINT('',(0.00741525107697994,-0.00432210310159602,-0.00614919003584293));
#4456=CARTESIAN_POINT('',(0.00742530965125797,-0.00429542916236612,-0.00614878589162841));
#4457=CARTESIAN_POINT('',(0.00750441821880133,-0.00408498988922529,-0.00614634342452065));
#4458=CARTESIAN_POINT('',(0.00757226778277531,-0.00389982286281282,-0.00614860350867114));
#4459=CARTESIAN_POINT('',(0.00764348958100565,-0.00371702844045469,-0.00615789416317182));
#4460=CARTESIAN_POINT('',(0.00576152893788315,-0.00598348452902019,-0.00594204499890314));
#4461=CARTESIAN_POINT('',(0.00588031302250098,-0.00587004765658128,-0.00594097140956119));
#4462=CARTESIAN_POINT('',(0.00601235575609077,-0.00571151826610691,-0.00592955833730747));
#4463=CARTESIAN_POINT('',(0.0061408040764537,-0.00552941504780794,-0.00591401830852077));
#4464=CARTESIAN_POINT('',(0.00620303467239563,-0.0054410863919034,-0.00590647356503749));
#4465=CARTESIAN_POINT('',(0.00626363911199755,-0.00534835369757623,-0.00589808347010219));
#4466=CARTESIAN_POINT('',(0.00638187799107593,-0.00515401776765925,-0.00588066414974131));
#4467=CARTESIAN_POINT('',(0.0064378063361702,-0.00505148528524311,-0.00587143700742059));
#4468=CARTESIAN_POINT('',(0.00649780594224341,-0.00494585220896105,-0.00586293867524709));
#4469=CARTESIAN_POINT('',(0.0064990218732592,-0.00494369971905269,-0.00586273242623625));
#4470=CARTESIAN_POINT('',(0.00650280150606906,-0.00493697279382281,-0.00586214081814031));
#4471=CARTESIAN_POINT('',(0.00650534822378325,-0.00493238831754915,-0.00586173913424569));
#4472=CARTESIAN_POINT('',(0.00650896628269224,-0.00492580075031683,-0.00586116773698183));
#4473=CARTESIAN_POINT('',(0.00651005256953336,-0.00492381317503841,-0.00586099608567415));
#4474=CARTESIAN_POINT('',(0.00651284937303107,-0.00491867073019315,-0.00586055443662485));
#4475=CARTESIAN_POINT('',(0.00651455467833027,-0.00491551074380813,-0.00586028543154198));
#4476=CARTESIAN_POINT('',(0.00651799447877749,-0.00490908684617296,-0.00585974509489469));
#4477=CARTESIAN_POINT('',(0.00651972847118501,-0.00490582248388353,-0.00585947390484057));
#4478=CARTESIAN_POINT('',(0.00652269185106132,-0.00490019850358786,-0.00585901412133402));
#4479=CARTESIAN_POINT('',(0.0065239257312286,-0.00489784259604687,-0.00585882375925398));
#4480=CARTESIAN_POINT('',(0.0065286525915584,-0.00488876358175228,-0.00585810015435738));
#4481=CARTESIAN_POINT('',(0.00653210772949125,-0.00488201328534043,-0.00585758683974008));
#4482=CARTESIAN_POINT('',(0.00654112472306233,-0.0048641017834814,-0.00585626459581434));
#4483=CARTESIAN_POINT('',(0.0065466133883042,-0.00485289667753505,-0.00585547792462798));
#4484=CARTESIAN_POINT('',(0.00655236087945377,-0.00484079965718402,-0.00585463105308776));
#4485=CARTESIAN_POINT('',(0.00655276397015089,-0.00483995653085062,-0.00585454872693942));
#4486=CARTESIAN_POINT('',(0.00655595422399492,-0.0048332723696624,-0.00585398961702512));
#4487=CARTESIAN_POINT('',(0.00655875973947582,-0.00482743197550019,-0.00585350704612051));
#4488=CARTESIAN_POINT('',(0.00656583655765675,-0.00481276613717626,-0.00585230883854998));
#4489=CARTESIAN_POINT('',(0.00657012331425933,-0.00480394207191743,-0.00585160023933641));
#4490=CARTESIAN_POINT('',(0.0065765715747658,-0.0047907143866422,-0.00585055433646607));
#4491=CARTESIAN_POINT('',(0.00657872076084473,-0.00478631335236383,-0.00585020906438696));
#4492=CARTESIAN_POINT('',(0.00663562068287734,-0.00466992647536373,-0.00584114644616793));
#4493=CARTESIAN_POINT('',(0.00669041886487991,-0.00455595725965539,-0.00583361686915383));
#4494=CARTESIAN_POINT('',(0.00678313434455961,-0.00434941691773955,-0.005822550855932));
#4495=CARTESIAN_POINT('',(0.00682260138733043,-0.00425817805643369,-0.00581861061220566));
#4496=CARTESIAN_POINT('',(0.00687490492378014,-0.00413453508953692,-0.00581503330130509));
#4497=CARTESIAN_POINT('',(0.00688825649155062,-0.00410273504640349,-0.00581426906250222));
#4498=CARTESIAN_POINT('',(0.00691184406107633,-0.00404625115253359,-0.0058132185429874));
#4499=CARTESIAN_POINT('',(0.00692209911910467,-0.00402159090012218,-0.00581286314883317));
#4500=CARTESIAN_POINT('',(0.00700276889401491,-0.00382703852016946,-0.00581093950651286));
#4501=CARTESIAN_POINT('',(0.00707226305381351,-0.00365613898822886,-0.00581446037380432));
#4502=CARTESIAN_POINT('',(0.00714412802204201,-0.00348674356400279,-0.00582648537579378));
#4503=CARTESIAN_POINT('',(0.00568064116410738,-0.00589911275224053,-0.00587548814186707));
#4504=CARTESIAN_POINT('',(0.0057977247792836,-0.005787100653148,-0.00587434349268698));
#4505=CARTESIAN_POINT('',(0.00592591281726403,-0.00563174395630241,-0.00586258861937399));
#4506=CARTESIAN_POINT('',(0.00605149901182908,-0.00545224916990851,-0.00584663960419605));
#4507=CARTESIAN_POINT('',(0.00611233603671175,-0.00536518974031786,-0.00583889599869685));
#4508=CARTESIAN_POINT('',(0.00617171714480405,-0.00527390699776471,-0.0058303136444886));
#4509=CARTESIAN_POINT('',(0.00628748092792923,-0.00508228990003538,-0.00581245468102802));
#4510=CARTESIAN_POINT('',(0.00634534911648393,-0.00498277397374927,-0.00580338438908513));
#4511=CARTESIAN_POINT('',(0.00640085618576164,-0.00487671444610979,-0.00579415204685176));
#4512=CARTESIAN_POINT('',(0.00640199552903113,-0.00487453901933568,-0.00579398220812963));
#4513=CARTESIAN_POINT('',(0.00640553318541692,-0.00486778513562189,-0.00579342563299544));
#4514=CARTESIAN_POINT('',(0.00640793461004023,-0.00486320286911617,-0.00579304881785354));
#4515=CARTESIAN_POINT('',(0.00641137250907042,-0.00485664318283784,-0.0057925090262936));
#4516=CARTESIAN_POINT('',(0.00641240813079235,-0.0048546672069517,-0.0057923463775189));
#4517=CARTESIAN_POINT('',(0.00641508347074786,-0.00484956241419808,-0.00579192583086594));
#4518=CARTESIAN_POINT('',(0.0064167234483021,-0.0048464329625164,-0.00579166767567096));
#4519=CARTESIAN_POINT('',(0.0064200498084463,-0.00484008442311925,-0.00579114249642578));
#4520=CARTESIAN_POINT('',(0.00642173621400019,-0.00483686525995928,-0.00579087542667732));
#4521=CARTESIAN_POINT('',(0.00642463553632643,-0.00483132964864047,-0.00579041404311483));
#4522=CARTESIAN_POINT('',(0.00642584831910013,-0.00482901409942383,-0.00579022039551109));
#4523=CARTESIAN_POINT('',(0.00643051576777959,-0.0048201019830495,-0.00578947182293459));
#4524=CARTESIAN_POINT('',(0.00643397347508181,-0.00481349822780389,-0.00578890823414177));
#4525=CARTESIAN_POINT('',(0.00644312578888335,-0.00479601685135134,-0.00578740623239015));
#4526=CARTESIAN_POINT('',(0.00644882700278832,-0.00478512221084381,-0.00578645993465659));
#4527=CARTESIAN_POINT('',(0.0064549943707553,-0.00477338760655674,-0.00578544730133457));
#4528=CARTESIAN_POINT('',(0.00645541835109224,-0.00477257768204945,-0.0057853909148205));
#4529=CARTESIAN_POINT('',(0.0064587982320709,-0.00476612016841076,-0.00578488704851772));
#4530=CARTESIAN_POINT('',(0.00646173332276445,-0.00476045717737573,-0.00578444380042188));
#4531=CARTESIAN_POINT('',(0.00646906675106881,-0.0047461974769896,-0.00578332682439957));
#4532=CARTESIAN_POINT('',(0.00647344569285221,-0.00473758217551206,-0.00578265124681215));
#4533=CARTESIAN_POINT('',(0.00647997148668488,-0.0047246325954753,-0.00578163859487948));
#4534=CARTESIAN_POINT('',(0.00648213626426866,-0.00472031823207971,-0.00578130166000213));
#4535=CARTESIAN_POINT('',(0.00653923029033298,-0.00460609775993454,-0.005772399534888));
#4536=CARTESIAN_POINT('',(0.00659240716862485,-0.00449317252012197,-0.00576442278352495));
#4537=CARTESIAN_POINT('',(0.00668478627726599,-0.00428988365323609,-0.00575320303022949));
#4538=CARTESIAN_POINT('',(0.00672416489670766,-0.00420008047568557,-0.005749207574851));
#4539=CARTESIAN_POINT('',(0.00677645450602314,-0.00407842179374842,-0.00574562069936645));
#4540=CARTESIAN_POINT('',(0.00678980767349882,-0.00404713315574656,-0.00574485832598412));
#4541=CARTESIAN_POINT('',(0.00681340369328402,-0.00399155924060981,-0.00574381954514203));
#4542=CARTESIAN_POINT('',(0.00682366439223558,-0.00396729682183812,-0.00574347210659326));
#4543=CARTESIAN_POINT('',(0.0069043880245254,-0.00377588783310783,-0.00574163527796137));
#4544=CARTESIAN_POINT('',(0.00697395488640442,-0.0036077083717987,-0.00574536646567582));
#4545=CARTESIAN_POINT('',(0.00704563917100634,-0.00344110535166552,-0.00575783514292515));
#4546=CARTESIAN_POINT('',(0.0055209901509112,-0.00573264359104242,-0.00573718672936664));
#4547=CARTESIAN_POINT('',(0.00563498647168204,-0.00562321074308217,-0.0057358989427249));
#4548=CARTESIAN_POINT('',(0.00575736127341431,-0.00547292651747767,-0.00572360624465826));
#4549=CARTESIAN_POINT('',(0.00587774771772319,-0.0052989238204546,-0.00570699553391384));
#4550=CARTESIAN_POINT('',(0.00593607433349134,-0.00521452664556928,-0.00569893153153556));
#4551=CARTESIAN_POINT('',(0.00599299724170395,-0.00512589694375408,-0.00568998906268156));
#4552=CARTESIAN_POINT('',(0.00610518010783309,-0.00494035720206259,-0.00567152815381831));
#4553=CARTESIAN_POINT('',(0.00615973020813917,-0.00484303920854882,-0.00566189519107733));
#4554=CARTESIAN_POINT('',(0.0062149477874204,-0.00474086815089393,-0.00565259414187472));
#4555=CARTESIAN_POINT('',(0.00621607330703784,-0.00473878089191351,-0.00565239344122231));
#4556=CARTESIAN_POINT('',(0.00621957335022299,-0.00473227735181611,-0.00565178639207549));
#4557=CARTESIAN_POINT('',(0.00622194293952371,-0.0047278556395929,-0.0056513752946747));
#4558=CARTESIAN_POINT('',(0.00622532714002064,-0.00472151590818214,-0.0056507890592178));
#4559=CARTESIAN_POINT('',(0.00622634552431256,-0.00471960491643103,-0.00565061276133898));
#4560=CARTESIAN_POINT('',(0.00622897369210671,-0.00471466508196561,-0.00565015823794048));
#4561=CARTESIAN_POINT('',(0.00623058220226569,-0.00471163391933463,-0.00564988049670392));
#4562=CARTESIAN_POINT('',(0.00623383954608743,-0.00470548011042489,-0.00564931944145744));
#4563=CARTESIAN_POINT('',(0.00623548826207428,-0.00470235725716543,-0.00564903618563632));
#4564=CARTESIAN_POINT('',(0.00623831790046249,-0.00469698383738522,-0.00564855179531504));
#4565=CARTESIAN_POINT('',(0.00623949985988854,-0.00469473499389584,-0.00564834997841601));
#4566=CARTESIAN_POINT('',(0.00624404232816774,-0.00468607599524749,-0.00564757684763557));
#4567=CARTESIAN_POINT('',(0.00624739379541907,-0.00467965305915043,-0.00564701283066778));
#4568=CARTESIAN_POINT('',(0.00625622285660994,-0.00466264018608254,-0.00564553709120697));
#4569=CARTESIAN_POINT('',(0.00626168234397442,-0.00465202765450023,-0.00564463505168205));
#4570=CARTESIAN_POINT('',(0.00626749760559893,-0.00464058808048305,-0.00564367502518511));
#4571=CARTESIAN_POINT('',(0.00626790200607556,-0.00463979396116891,-0.00564360075698217));
#4572=CARTESIAN_POINT('',(0.00627111322479441,-0.00463348404522071,-0.00564304207815019));
#4573=CARTESIAN_POINT('',(0.00627392532405716,-0.00462796382850899,-0.00564255805948484));
#4574=CARTESIAN_POINT('',(0.00628099263655531,-0.00461408657869401,-0.00564135185580109));
#4575=CARTESIAN_POINT('',(0.00628524998455208,-0.00460572297569382,-0.00564063446859811));
#4576=CARTESIAN_POINT('',(0.00629162623382439,-0.00459316851860611,-0.0056395702700749));
#4577=CARTESIAN_POINT('',(0.00629374683141827,-0.0045889886565101,-0.00563921806527935));
#4578=CARTESIAN_POINT('',(0.00634978480692469,-0.00447838500257736,-0.00562995205043018));
#4579=CARTESIAN_POINT('',(0.00640227541582933,-0.00436906740315064,-0.00562186242972003));
#4580=CARTESIAN_POINT('',(0.00649329011136928,-0.00417203699002203,-0.00561029560745528));
#4581=CARTESIAN_POINT('',(0.00653234466597255,-0.00408509489616115,-0.00560622680597324));
#4582=CARTESIAN_POINT('',(0.00658426892849165,-0.00396732141987256,-0.00560260759960592));
#4583=CARTESIAN_POINT('',(0.00659753926317564,-0.00393703551298742,-0.00560184443825851));
#4584=CARTESIAN_POINT('',(0.00662099845777036,-0.00388324669487337,-0.00560081781770146));
#4585=CARTESIAN_POINT('',(0.0066312029140114,-0.00385976498971891,-0.00560048027402997));
#4586=CARTESIAN_POINT('',(0.00671149311620105,-0.00367452283359934,-0.00559875880750816));
#4587=CARTESIAN_POINT('',(0.00678075288968351,-0.00351173984612873,-0.00560281341016591));
#4588=CARTESIAN_POINT('',(0.00685158827845148,-0.0033507433443467,-0.00561595117768971));
#4589=CARTESIAN_POINT('',(0.00544222691149081,-0.00565054620662398,-0.00566544217390228));
#4590=CARTESIAN_POINT('',(0.00555512264759427,-0.00554202631315054,-0.00566409229353487));
#4591=CARTESIAN_POINT('',(0.00567511368683156,-0.00539406274607414,-0.00565159253013014));
#4592=CARTESIAN_POINT('',(0.00579323441389409,-0.00522275218018626,-0.00563472292309015));
#4593=CARTESIAN_POINT('',(0.00585045966638677,-0.00513966122673706,-0.00562653294503841));
#4594=CARTESIAN_POINT('',(0.00590642534531549,-0.00505247774066008,-0.00561747072970248));
#4595=CARTESIAN_POINT('',(0.00601642364357733,-0.00486970257145944,-0.00559870331527423));
#4596=CARTESIAN_POINT('',(0.00607066211950401,-0.00477421519630744,-0.00558903075482807));
#4597=CARTESIAN_POINT('',(0.00612458502830239,-0.00467337465371368,-0.00557948820693421));
#4598=CARTESIAN_POINT('',(0.00612568786685197,-0.00467131052894663,-0.0055792964633318));
#4599=CARTESIAN_POINT('',(0.00612911499421189,-0.00466489021317803,-0.00557869576671484));
#4600=CARTESIAN_POINT('',(0.00613143831301896,-0.00466052939428115,-0.0055782889753494));
#4601=CARTESIAN_POINT('',(0.00613476036573973,-0.0046542814274167,-0.00557770774988353));
#4602=CARTESIAN_POINT('',(0.00613576057742824,-0.00465239865033829,-0.0055775328124108));
#4603=CARTESIAN_POINT('',(0.0061383431207899,-0.0046475330603732,-0.0055770812425883));
#4604=CARTESIAN_POINT('',(0.00613992493142281,-0.00464454873686728,-0.00557680476849267));
#4605=CARTESIAN_POINT('',(0.00614313072271226,-0.00463849204835353,-0.00557624459255283));
#4606=CARTESIAN_POINT('',(0.00614475465208253,-0.00463541954316915,-0.00557596090339348));
#4607=CARTESIAN_POINT('',(0.00614754411596752,-0.00463013423453557,-0.0055754736302657));
#4608=CARTESIAN_POINT('',(0.00614871010439666,-0.00462792276344213,-0.00557526996289646));
#4609=CARTESIAN_POINT('',(0.00615319428224024,-0.00461940923183903,-0.00557448663077547));
#4610=CARTESIAN_POINT('',(0.00615650937104841,-0.00461309707317718,-0.00557390704229149));
#4611=CARTESIAN_POINT('',(0.00616526347729534,-0.00459638201310749,-0.00557237789338249));
#4612=CARTESIAN_POINT('',(0.00617069667167401,-0.00458595948781273,-0.00557143017885547));
#4613=CARTESIAN_POINT('',(0.00617653075010852,-0.00457472943557235,-0.00557041811113282));
#4614=CARTESIAN_POINT('',(0.00617693420332434,-0.00457395202026331,-0.00557035039982574));
#4615=CARTESIAN_POINT('',(0.00618014414921944,-0.00456776470560548,-0.00556980257200149));
#4616=CARTESIAN_POINT('',(0.00618294456740577,-0.00456234562992368,-0.00556932453643239));
#4617=CARTESIAN_POINT('',(0.00618996544376061,-0.00454871260919496,-0.00556812715356916));
#4618=CARTESIAN_POINT('',(0.00619417949488555,-0.00454048716047248,-0.00556740948511083));
#4619=CARTESIAN_POINT('',(0.00620047995583488,-0.0045281333684164,-0.00556633999955222));
#4620=CARTESIAN_POINT('',(0.00620257345081987,-0.00452401915832486,-0.00556598520838239));
#4621=CARTESIAN_POINT('',(0.0062578606802024,-0.00441513105676356,-0.00555663382488509));
#4622=CARTESIAN_POINT('',(0.00630982726502093,-0.0043075565625757,-0.00554841100845809));
#4623=CARTESIAN_POINT('',(0.00640015348025271,-0.00411373132774747,-0.00553675055212729));
#4624=CARTESIAN_POINT('',(0.00643891401287637,-0.004028183238627,-0.00553263984720815));
#4625=CARTESIAN_POINT('',(0.00649051253449037,-0.00391232687937742,-0.00552900375152272));
#4626=CARTESIAN_POINT('',(0.00650370219151614,-0.00388253477031513,-0.00552823865865867));
#4627=CARTESIAN_POINT('',(0.00652702183445757,-0.00382962512342772,-0.00552721370604948));
#4628=CARTESIAN_POINT('',(0.00653716656691731,-0.00380652798959173,-0.00552687857538146));
#4629=CARTESIAN_POINT('',(0.00661698981468011,-0.0036243282238433,-0.00552519104636543));
#4630=CARTESIAN_POINT('',(0.00668585906037169,-0.00346420193688892,-0.00552935426278452));
#4631=CARTESIAN_POINT('',(0.00675602623693229,-0.00330601954936516,-0.00554271744532292));
#4632=CARTESIAN_POINT('',(0.00520934268910155,-0.00540789314780984,-0.00544267918517239));
#4633=CARTESIAN_POINT('',(0.00531989054694897,-0.00530132044739707,-0.0054411756670161));
#4634=CARTESIAN_POINT('',(0.0054338169115374,-0.00515985171896307,-0.00542822160296096));
#4635=CARTESIAN_POINT('',(0.00554593927625427,-0.00499641326776872,-0.00541078539614699));
#4636=CARTESIAN_POINT('',(0.00560025948220408,-0.00491714306428438,-0.00540232070599937));
#4637=CARTESIAN_POINT('',(0.00565331843314088,-0.00483405559165802,-0.00539295740565162));
#4638=CARTESIAN_POINT('',(0.00575803568076347,-0.00466002276293189,-0.00537361230550175));
#4639=CARTESIAN_POINT('',(0.00580955304779045,-0.00456899554213308,-0.00536360427657647));
#4640=CARTESIAN_POINT('',(0.00586139647933886,-0.00447311061831722,-0.00535383027420047));
#4641=CARTESIAN_POINT('',(0.00586245551319644,-0.00447114951279766,-0.00535362841408877));
#4642=CARTESIAN_POINT('',(0.00586574795171876,-0.00446504550961095,-0.00535300469904148));
#4643=CARTESIAN_POINT('',(0.00586797950569579,-0.0044608980706188,-0.00535258239209447));
#4644=CARTESIAN_POINT('',(0.0058711699300497,-0.00445495439871262,-0.00535197952385134));
#4645=CARTESIAN_POINT('',(0.00587213042242749,-0.00445316318238444,-0.00535179813840478));
#4646=CARTESIAN_POINT('',(0.00587461030385378,-0.00444853378729137,-0.00535133016425879));
#4647=CARTESIAN_POINT('',(0.00587612915005557,-0.00444569389983021,-0.00535104388164439));
#4648=CARTESIAN_POINT('',(0.00587920708867944,-0.0044399297856586,-0.0053504645290183));
#4649=CARTESIAN_POINT('',(0.00588076613431199,-0.00443700539683872,-0.00535017149097458));
#4650=CARTESIAN_POINT('',(0.00588344390038659,-0.00443197448315817,-0.0053496690260324));
#4651=CARTESIAN_POINT('',(0.00588456308772904,-0.00442986931716527,-0.0053494592702819));
#4652=CARTESIAN_POINT('',(0.00588886685827096,-0.00442176462153146,-0.00534865376380649));
#4653=CARTESIAN_POINT('',(0.00589204765353263,-0.00441575488957377,-0.00534806098680226));
#4654=CARTESIAN_POINT('',(0.00590044328567439,-0.0043998399073227,-0.00534650211540805));
#4655=CARTESIAN_POINT('',(0.00590565062290131,-0.0043899155747153,-0.00534554115250506));
#4656=CARTESIAN_POINT('',(0.00591122814358235,-0.00437922109483949,-0.00534451686458673));
#4657=CARTESIAN_POINT('',(0.00591161472711651,-0.00437847992965384,-0.00534444435576553));
#4658=CARTESIAN_POINT('',(0.00591468822828166,-0.00437258504064274,-0.00534387448242115));
#4659=CARTESIAN_POINT('',(0.00591737452918001,-0.00436742455779332,-0.00534337874630205));
#4660=CARTESIAN_POINT('',(0.00592411784237971,-0.00435444608657443,-0.00534213975741739));
#4661=CARTESIAN_POINT('',(0.00592817296459793,-0.00434661919771937,-0.00534139960802984));
#4662=CARTESIAN_POINT('',(0.00593424248086756,-0.00433486668697662,-0.00534029880786234));
#4663=CARTESIAN_POINT('',(0.00593626038175218,-0.00433095318588862,-0.0053399340024889));
#4664=CARTESIAN_POINT('',(0.00598957531491669,-0.00422738583777374,-0.00533032654750905));
#4665=CARTESIAN_POINT('',(0.00603990142256381,-0.00412506631423006,-0.00532191901308008));
#4666=CARTESIAN_POINT('',(0.00612765703648013,-0.00394072079455428,-0.00530999272699558));
#4667=CARTESIAN_POINT('',(0.0061654296547728,-0.00385937215438497,-0.00530580499999822));
#4668=CARTESIAN_POINT('',(0.006215758786198,-0.00374921917746882,-0.00530211650501555));
#4669=CARTESIAN_POINT('',(0.00622862893949726,-0.00372089563877742,-0.00530134296243679));
#4670=CARTESIAN_POINT('',(0.00625138538528172,-0.00367059782782062,-0.00530031195206654));
#4671=CARTESIAN_POINT('',(0.00626128575094303,-0.0036486419992906,-0.00529997722677818));
#4672=CARTESIAN_POINT('',(0.00633917550079113,-0.00347545369126523,-0.00529831655904767));
#4673=CARTESIAN_POINT('',(0.00640634225157833,-0.00332334785528064,-0.00530267694634707));
#4674=CARTESIAN_POINT('',(0.00647397015865296,-0.00317333512762843,-0.0053163711759071));
#4675=CARTESIAN_POINT('',(0.00505862720200463,-0.00525097656785535,-0.00528413142957008));
#4676=CARTESIAN_POINT('',(0.00516888164200943,-0.00514464643561667,-0.00528256901073869));
#4677=CARTESIAN_POINT('',(0.00528020109480102,-0.00500683468803838,-0.00526953915670038));
#4678=CARTESIAN_POINT('',(0.00538934688753389,-0.0048483338535868,-0.00525199940208035));
#4679=CARTESIAN_POINT('',(0.00544222145447622,-0.00477146165656628,-0.00524348440470149));
#4680=CARTESIAN_POINT('',(0.00549375719230566,-0.004691076961465,-0.00523407124080471));
#4681=CARTESIAN_POINT('',(0.00559539672917063,-0.00452277833210123,-0.00521461423402094));
#4682=CARTESIAN_POINT('',(0.00564553476031973,-0.00443488421431772,-0.00520457518911474));
#4683=CARTESIAN_POINT('',(0.00569585515174837,-0.00434220787968789,-0.00519473274734254));
#4684=CARTESIAN_POINT('',(0.0056968838105561,-0.00434031159393096,-0.00519453228334237));
#4685=CARTESIAN_POINT('',(0.00570008131266112,-0.00433441153732033,-0.00519390856761883));
#4686=CARTESIAN_POINT('',(0.0057022491022726,-0.00433040350757883,-0.00519348624631595));
#4687=CARTESIAN_POINT('',(0.00570534907750766,-0.00432466046856555,-0.00519288312410389));
#4688=CARTESIAN_POINT('',(0.00570628248656119,-0.00432292974780863,-0.00519270163555484));
#4689=CARTESIAN_POINT('',(0.00570869265175743,-0.004318456977334,-0.00519223328691509));
#4690=CARTESIAN_POINT('',(0.00571016897306555,-0.00431571347785945,-0.00519194666559284));
#4691=CARTESIAN_POINT('',(0.00571316122439097,-0.00431014531757521,-0.00519136629738198));
#4692=CARTESIAN_POINT('',(0.00571467710823398,-0.00430732052951164,-0.0051910725734421));
#4693=CARTESIAN_POINT('',(0.00571728117761906,-0.00430246121249872,-0.00519056851281414));
#4694=CARTESIAN_POINT('',(0.00571836971414988,-0.00430042793580964,-0.00519035796415651));
#4695=CARTESIAN_POINT('',(0.00572255619489752,-0.0042926002717461,-0.00518954880346423));
#4696=CARTESIAN_POINT('',(0.00572565153903021,-0.00428679643353599,-0.00518895174469466));
#4697=CARTESIAN_POINT('',(0.00573382562363035,-0.00427142739679996,-0.00518737914234963));
#4698=CARTESIAN_POINT('',(0.00573889934687026,-0.00426184417018758,-0.00518640718606224));
#4699=CARTESIAN_POINT('',(0.00574434323568936,-0.0042515182388653,-0.0051853703223281));
#4700=CARTESIAN_POINT('',(0.00574472011333865,-0.0042508030450341,-0.00518529898921178));
#4701=CARTESIAN_POINT('',(0.00574771769631852,-0.00424511270676161,-0.00518473013771773));
#4702=CARTESIAN_POINT('',(0.00575033562412982,-0.00424013009499953,-0.00518423454921666));
#4703=CARTESIAN_POINT('',(0.00575690420922273,-0.00422759712497033,-0.00518299462501274));
#4704=CARTESIAN_POINT('',(0.00576085153769387,-0.00422003716949918,-0.00518225275447295));
#4705=CARTESIAN_POINT('',(0.00576675812880385,-0.00420868429783956,-0.00518114839998235));
#4706=CARTESIAN_POINT('',(0.00576872158139714,-0.00420490366967423,-0.00518078224559406));
#4707=CARTESIAN_POINT('',(0.00582059364000697,-0.00410484908490961,-0.00517113574801943));
#4708=CARTESIAN_POINT('',(0.00586965404410294,-0.00400601956151674,-0.00516268710514688));
#4709=CARTESIAN_POINT('',(0.00595527467980533,-0.00382795618591632,-0.0051507119617907));
#4710=CARTESIAN_POINT('',(0.00599214254690623,-0.00374937300393488,-0.00514650172846176));
#4711=CARTESIAN_POINT('',(0.00604124908229763,-0.00364296643735585,-0.00514277979964772));
#4712=CARTESIAN_POINT('',(0.00605380434636789,-0.00361560622635191,-0.00514199711832748));
#4713=CARTESIAN_POINT('',(0.0060759972248392,-0.00356701989993339,-0.00514094857436437));
#4714=CARTESIAN_POINT('',(0.00608564999109852,-0.00354581162140474,-0.00514060569757885));
#4715=CARTESIAN_POINT('',(0.00616156613002772,-0.00337852672621941,-0.00513887614973382));
#4716=CARTESIAN_POINT('',(0.00622687471601792,-0.00323159893402079,-0.00514311964074884));
#4717=CARTESIAN_POINT('',(0.00629210616817108,-0.00308686146408113,-0.00515661356654266));
#4718=CARTESIAN_POINT('',(0.00462185227891253,-0.00479660325295165,-0.00478038867586125));
#4719=CARTESIAN_POINT('',(0.00473203947349459,-0.00469054088634214,-0.00477881387553844));
#4720=CARTESIAN_POINT('',(0.00483736980422188,-0.00456278937618118,-0.00476610937515699));
#4721=CARTESIAN_POINT('',(0.00493887090078486,-0.00441854925858609,-0.00474894320141719));
#4722=CARTESIAN_POINT('',(0.00498803768611672,-0.00434860115428505,-0.00474060951897354));
#4723=CARTESIAN_POINT('',(0.00503562767781063,-0.00427593643709987,-0.00473138796666936));
#4724=CARTESIAN_POINT('',(0.00512934698074158,-0.00412426483198335,-0.00471232875011077));
#4725=CARTESIAN_POINT('',(0.00517544650429317,-0.00404524257020835,-0.00470248471547047));
#4726=CARTESIAN_POINT('',(0.00522182265260474,-0.00396202811605238,-0.00469284737209524));
#4727=CARTESIAN_POINT('',(0.00522277043230317,-0.00396032575900334,-0.00469265004316718));
#4728=CARTESIAN_POINT('',(0.00522571678419623,-0.00395502838156078,-0.00469203770246063));
#4729=CARTESIAN_POINT('',(0.00522771418920664,-0.0039514295944076,-0.00469162308627722));
#4730=CARTESIAN_POINT('',(0.00523057040321025,-0.0039462728167796,-0.00469103105137879));
#4731=CARTESIAN_POINT('',(0.00523143031230942,-0.00394471888202396,-0.0046908529038458));
#4732=CARTESIAN_POINT('',(0.00523365069375072,-0.00394070290564237,-0.00469039321218531));
#4733=CARTESIAN_POINT('',(0.00523501081388749,-0.00393823944642197,-0.00469011193057492));
#4734=CARTESIAN_POINT('',(0.00523776741599722,-0.00393323972060469,-0.00468954249152573));
#4735=CARTESIAN_POINT('',(0.00523916387507881,-0.00393070330818755,-0.00468925436010293));
#4736=CARTESIAN_POINT('',(0.00524156270917649,-0.00392634008893068,-0.00468876004740086));
#4737=CARTESIAN_POINT('',(0.00524256542260478,-0.00392451439714871,-0.00468855361578519));
#4738=CARTESIAN_POINT('',(0.00524642171282385,-0.00391748591838249,-0.00468776049656038));
#4739=CARTESIAN_POINT('',(0.0052492726708185,-0.00391227473077683,-0.00468717585084749));
#4740=CARTESIAN_POINT('',(0.00525680049581158,-0.00389847541930199,-0.00468563681449362));
#4741=CARTESIAN_POINT('',(0.00526147227684597,-0.00388987133907636,-0.00468468649780975));
#4742=CARTESIAN_POINT('',(0.00526648213226355,-0.00388060053228129,-0.00468367298590929));
#4743=CARTESIAN_POINT('',(0.00526682912868282,-0.00387995826367012,-0.00468360249693293));
#4744=CARTESIAN_POINT('',(0.0052695886159483,-0.00387484889782593,-0.00468304349496284));
#4745=CARTESIAN_POINT('',(0.00527199952916381,-0.00387037554246323,-0.00468255675351397));
#4746=CARTESIAN_POINT('',(0.00527805033063113,-0.00385912437908628,-0.00468133942877218));
#4747=CARTESIAN_POINT('',(0.00528168788247528,-0.00385233852167596,-0.00468061146947215));
#4748=CARTESIAN_POINT('',(0.00528713209782542,-0.0038421488728997,-0.00467952812171254));
#4749=CARTESIAN_POINT('',(0.00528894204838097,-0.0038387557373507,-0.00467916898410158));
#4750=CARTESIAN_POINT('',(0.00533676288047551,-0.00374895869862675,-0.00466970832303529));
#4751=CARTESIAN_POINT('',(0.00538202988746293,-0.00366028059915222,-0.00466141903804655));
#4752=CARTESIAN_POINT('',(0.00546098180184551,-0.00350044282865312,-0.00464959319438001));
#4753=CARTESIAN_POINT('',(0.00549496192557987,-0.00342988403180176,-0.00464540642121248));
#4754=CARTESIAN_POINT('',(0.00554008618808715,-0.00333429931444946,-0.00464160612675342));
#4755=CARTESIAN_POINT('',(0.00555161105603164,-0.00330971803301014,-0.00464079354659018));
#4756=CARTESIAN_POINT('',(0.00557195268939153,-0.00326606027208878,-0.00463967058612479));
#4757=CARTESIAN_POINT('',(0.00558079032717022,-0.00324700091441009,-0.00463928813892943));
#4758=CARTESIAN_POINT('',(0.00565019901087756,-0.0030966477457285,-0.00463718093910011));
#4759=CARTESIAN_POINT('',(0.00570936537922296,-0.00296444669726046,-0.00464076095648261));
#4760=CARTESIAN_POINT('',(0.00576695303786673,-0.00283431102366513,-0.00465260186464229));
#4761=CARTESIAN_POINT('',(0.004351164381116,-0.0045155229429622,-0.00440709419085282));
#4762=CARTESIAN_POINT('',(0.00446239075622305,-0.00440902583491466,-0.00440573023024757));
#4763=CARTESIAN_POINT('',(0.00456362048395127,-0.00428894985371762,-0.00439402026140206));
#4764=CARTESIAN_POINT('',(0.0046620212332885,-0.00415310804964384,-0.00437798832024768));
#4765=CARTESIAN_POINT('',(0.00470967870523232,-0.00408724215016919,-0.00437020519109892));
#4766=CARTESIAN_POINT('',(0.00475558723579202,-0.00401919085102292,-0.00436157981329618));
#4767=CARTESIAN_POINT('',(0.00484567611401643,-0.00387751623285318,-0.00434372613547417));
#4768=CARTESIAN_POINT('',(0.00488986199140727,-0.00380390951250158,-0.00433450044840255));
#4769=CARTESIAN_POINT('',(0.00493410505806468,-0.0037264739889407,-0.00432544314840767));
#4770=CARTESIAN_POINT('',(0.00493500934657157,-0.00372488970351002,-0.00432525835427488));
#4771=CARTESIAN_POINT('',(0.0049378201251426,-0.00371996041361806,-0.00432468385454719));
#4772=CARTESIAN_POINT('',(0.00493972540872768,-0.00371661209129457,-0.0043242948217449));
#4773=CARTESIAN_POINT('',(0.00494244954896518,-0.00371181470557778,-0.00432373920949709));
#4774=CARTESIAN_POINT('',(0.00494326980994445,-0.00371036890381477,-0.00432357201856326));
#4775=CARTESIAN_POINT('',(0.00494538763814596,-0.00370663262638875,-0.00432314056381946));
#4776=CARTESIAN_POINT('',(0.00494668468079478,-0.00370434109574287,-0.00432287651215944));
#4777=CARTESIAN_POINT('',(0.00494931333601749,-0.00369969039891995,-0.00432234184607517));
#4778=CARTESIAN_POINT('',(0.00495064488221382,-0.00369733115961085,-0.00432207125250506));
#4779=CARTESIAN_POINT('',(0.00495293204553229,-0.00369327288660885,-0.00432160689997389));
#4780=CARTESIAN_POINT('',(0.00495388803696385,-0.00369157484431822,-0.00432141294204957));
#4781=CARTESIAN_POINT('',(0.00495756446761905,-0.00368503797127585,-0.00432066757065497));
#4782=CARTESIAN_POINT('',(0.00496028209407631,-0.00368019164967168,-0.00432011767660243));
#4783=CARTESIAN_POINT('',(0.00496745702463728,-0.00366735938962264,-0.00431866933857803));
#4784=CARTESIAN_POINT('',(0.0049719088660329,-0.00365935917495517,-0.00431777421719575));
#4785=CARTESIAN_POINT('',(0.0049766830680637,-0.00365074012989644,-0.00431681909057313));
#4786=CARTESIAN_POINT('',(0.00497701362266368,-0.00365014312354278,-0.00431675314932729));
#4787=CARTESIAN_POINT('',(0.0049796425740347,-0.0036453933743697,-0.00431622822214742));
#4788=CARTESIAN_POINT('',(0.00498193840786412,-0.00364123480458051,-0.00431577090066335));
#4789=CARTESIAN_POINT('',(0.00498769821484897,-0.00363077555933244,-0.00431462663063263));
#4790=CARTESIAN_POINT('',(0.00499115902484565,-0.00362446725181497,-0.00431394193608186));
#4791=CARTESIAN_POINT('',(0.00499633659987016,-0.00361499489513045,-0.00431292249168044));
#4792=CARTESIAN_POINT('',(0.00499805754788568,-0.00361184064955417,-0.0043125844560671));
#4793=CARTESIAN_POINT('',(0.00504351813373683,-0.00352836689295646,-0.00430367767727111));
#4794=CARTESIAN_POINT('',(0.00508638747544492,-0.00344599017458009,-0.00429584669287644));
#4795=CARTESIAN_POINT('',(0.00516081860832577,-0.00329744260425383,-0.00428456223450335));
#4796=CARTESIAN_POINT('',(0.00519273491193243,-0.00323184449188944,-0.00428051774924772));
#4797=CARTESIAN_POINT('',(0.00523493564597531,-0.00314288145212938,-0.00427670849642106));
#4798=CARTESIAN_POINT('',(0.00524569721073568,-0.00311999422995061,-0.00427587563527408));
#4799=CARTESIAN_POINT('',(0.00526466070891534,-0.00307932413252545,-0.00427467984830919));
#4800=CARTESIAN_POINT('',(0.00527288881424133,-0.00306156257631918,-0.00427425305657939));
#4801=CARTESIAN_POINT('',(0.00533742177103018,-0.00292138422568453,-0.00427168547669223));
#4802=CARTESIAN_POINT('',(0.00539191404038186,-0.00279782483939355,-0.00427423460394205));
#4803=CARTESIAN_POINT('',(0.00544410273918556,-0.00267510479702232,-0.00428360889829929));
#4804=CARTESIAN_POINT('',(0.00398287382966223,-0.00413393551667745,-0.00379902469931741));
#4805=CARTESIAN_POINT('',(0.00408527501225037,-0.00403669338951029,-0.00379844062728173));
#4806=CARTESIAN_POINT('',(0.00418496006232645,-0.00392237565839957,-0.00378825602583947));
#4807=CARTESIAN_POINT('',(0.00427935005616669,-0.00379714271586638,-0.00377432396716098));
#4808=CARTESIAN_POINT('',(0.00432506875612751,-0.00373642125035942,-0.00376755954984933));
#4809=CARTESIAN_POINT('',(0.00436904688587226,-0.00367398947814748,-0.00376003307349397));
#4810=CARTESIAN_POINT('',(0.00445497431125895,-0.00354463232979783,-0.00374442419798647));
#4811=CARTESIAN_POINT('',(0.00449692046818428,-0.00347770160763425,-0.0037363396301028));
#4812=CARTESIAN_POINT('',(0.00453873573103342,-0.00340748442013145,-0.00372838719541659));
#4813=CARTESIAN_POINT('',(0.00453959022764284,-0.00340604798049628,-0.00372822462544226));
#4814=CARTESIAN_POINT('',(0.00454224604638824,-0.00340157864740002,-0.00372771967087998));
#4815=CARTESIAN_POINT('',(0.00454404585933596,-0.00339854296280006,-0.00372737769371721));
#4816=CARTESIAN_POINT('',(0.00454661860750791,-0.00339419381585419,-0.00372688925337927));
#4817=CARTESIAN_POINT('',(0.00454739298825187,-0.00339288345131488,-0.00372674225668625));
#4818=CARTESIAN_POINT('',(0.00454939224211948,-0.00338949716109981,-0.00372636289596218));
#4819=CARTESIAN_POINT('',(0.00455061666849575,-0.00338742010421618,-0.0037261307252552));
#4820=CARTESIAN_POINT('',(0.00455309759140665,-0.00338320514477448,-0.00372566060096858));
#4821=CARTESIAN_POINT('',(0.00455435406645154,-0.00338106710746306,-0.00372542266620258));
#4822=CARTESIAN_POINT('',(0.00455651187459795,-0.00337738960657357,-0.00372501436009202));
#4823=CARTESIAN_POINT('',(0.00455741367209483,-0.00337585096628276,-0.00372484381267967));
#4824=CARTESIAN_POINT('',(0.0045608812124599,-0.00336992804221464,-0.00372418842117431));
#4825=CARTESIAN_POINT('',(0.00456344341684222,-0.0033655375466491,-0.00372370497356864));
#4826=CARTESIAN_POINT('',(0.00457020533018895,-0.00335391383805129,-0.00372243162425556));
#4827=CARTESIAN_POINT('',(0.00457439820505069,-0.0033466687138774,-0.0037216446398956));
#4828=CARTESIAN_POINT('',(0.00457889128767758,-0.00333886450351859,-0.00372080470744381));
#4829=CARTESIAN_POINT('',(0.00457920241906267,-0.00333832389480199,-0.00372074649089623));
#4830=CARTESIAN_POINT('',(0.00458167665496831,-0.00333402313223094,-0.00372028397040649));
#4831=CARTESIAN_POINT('',(0.00458383705689843,-0.00333025814628413,-0.00371988103268664));
#4832=CARTESIAN_POINT('',(0.00458925613500623,-0.0033207896942277,-0.00371887283239811));
#4833=CARTESIAN_POINT('',(0.00459251111710217,-0.00331508010754593,-0.00371826948051404));
#4834=CARTESIAN_POINT('',(0.00459737883079824,-0.00330650818233158,-0.00371737094835184));
#4835=CARTESIAN_POINT('',(0.00459899646871156,-0.00330365400795809,-0.00371707297390638));
#4836=CARTESIAN_POINT('',(0.00464171927449823,-0.00322812698360577,-0.00370922078937969));
#4837=CARTESIAN_POINT('',(0.00468177025253018,-0.00315372075449389,-0.00370228480231152));
#4838=CARTESIAN_POINT('',(0.00475086631802593,-0.00301954056862889,-0.00369215922215778));
#4839=CARTESIAN_POINT('',(0.00478034337291602,-0.00296028577527824,-0.00368847672051829));
#4840=CARTESIAN_POINT('',(0.00481910358944281,-0.00287982093242045,-0.00368487399476927));
#4841=CARTESIAN_POINT('',(0.00482896848741812,-0.00285911071078745,-0.0036840692485822));
#4842=CARTESIAN_POINT('',(0.00484631660121626,-0.00282228726745307,-0.00368287364496052));
#4843=CARTESIAN_POINT('',(0.0048538322756518,-0.00280619747900847,-0.00368243041990241));
#4844=CARTESIAN_POINT('',(0.0049126849490156,-0.00267913619616636,-0.00367959129768176));
#4845=CARTESIAN_POINT('',(0.00496180734487065,-0.00256667399985958,-0.00368106753068119));
#4846=CARTESIAN_POINT('',(0.0050083795975596,-0.00245372734708718,-0.00368800736298913));
#4847=CARTESIAN_POINT('',(0.00386641734170379,-0.00401342930138498,-0.00358834133458684));
#4848=CARTESIAN_POINT('',(0.00396713776406641,-0.00391790600691513,-0.00358788390368131));
#4849=CARTESIAN_POINT('',(0.00406489615300007,-0.0038068096846223,-0.00357837132192801));
#4850=CARTESIAN_POINT('',(0.00415802305383131,-0.00368484795989533,-0.00356520742248003));
#4851=CARTESIAN_POINT('',(0.0042031284083222,-0.0036257153986111,-0.00355881589880112));
#4852=CARTESIAN_POINT('',(0.00424648387709062,-0.00356503655020197,-0.00355169576118221));
#4853=CARTESIAN_POINT('',(0.00433111774467363,-0.0034394623929671,-0.00353691273989071));
#4854=CARTESIAN_POINT('',(0.00437240063841305,-0.00337456563789451,-0.00352925121291858));
#4855=CARTESIAN_POINT('',(0.00441347302047469,-0.00330654908981228,-0.00352170279889773));
#4856=CARTESIAN_POINT('',(0.00441431233560329,-0.00330515766697359,-0.0035215486308845));
#4857=CARTESIAN_POINT('',(0.00441692080693089,-0.00330082865827652,-0.00352106952760775));
#4858=CARTESIAN_POINT('',(0.00441868837266358,-0.00329788852941188,-0.00352074503383553));
#4859=CARTESIAN_POINT('',(0.00442121476072924,-0.00329367664684379,-0.00352028151761394));
#4860=CARTESIAN_POINT('',(0.00442197561404139,-0.00329240701790589,-0.00352014204698977));
#4861=CARTESIAN_POINT('',(0.00442393968193356,-0.00328912636666762,-0.00351978211731785));
#4862=CARTESIAN_POINT('',(0.00442514205910419,-0.00328711482275195,-0.00351956180714502));
#4863=CARTESIAN_POINT('',(0.00442757849970872,-0.00328303249752064,-0.0035191156784744));
#4864=CARTESIAN_POINT('',(0.00442881242722077,-0.00328096175134074,-0.00351888987540705));
#4865=CARTESIAN_POINT('',(0.00443093147240056,-0.00327740002082253,-0.00351850236098058));
#4866=CARTESIAN_POINT('',(0.0044318170610267,-0.00327590982308785,-0.00351834049124016));
#4867=CARTESIAN_POINT('',(0.00443522222725586,-0.00327017341059659,-0.0035177184115321));
#4868=CARTESIAN_POINT('',(0.00443773824029082,-0.00326592123921979,-0.00351725944531663));
#4869=CARTESIAN_POINT('',(0.00444437782189872,-0.00325466414705252,-0.00351605039677594));
#4870=CARTESIAN_POINT('',(0.00444849437595345,-0.00324764797665276,-0.00351530294462182));
#4871=CARTESIAN_POINT('',(0.00445290510027509,-0.00324009138758254,-0.0035145049671507));
#4872=CARTESIAN_POINT('',(0.0044532104982348,-0.00323956796090389,-0.00351444976575286));
#4873=CARTESIAN_POINT('',(0.00445563915983614,-0.00323540382207535,-0.00351401075032046));
#4874=CARTESIAN_POINT('',(0.0044577593612451,-0.00323175864371577,-0.00351362819244464));
#4875=CARTESIAN_POINT('',(0.00446307648920891,-0.00322259236584042,-0.00351267070194306));
#4876=CARTESIAN_POINT('',(0.0044662696971342,-0.0032170650637727,-0.00351209759413202));
#4877=CARTESIAN_POINT('',(0.00447104430110254,-0.00320876706364682,-0.00351124394278005));
#4878=CARTESIAN_POINT('',(0.00447263087123931,-0.00320600414479032,-0.00351096082317496));
#4879=CARTESIAN_POINT('',(0.00451452991571473,-0.00313289336595264,-0.00350349929730148));
#4880=CARTESIAN_POINT('',(0.00455373902744996,-0.00306090878079593,-0.00349689654892162));
#4881=CARTESIAN_POINT('',(0.00462124020328763,-0.00293110721356231,-0.00348722012198539));
#4882=CARTESIAN_POINT('',(0.00464998753738388,-0.00287378980747615,-0.00348368476393945));
#4883=CARTESIAN_POINT('',(0.00468772251305869,-0.00279593298090697,-0.00348019056868183));
#4884=CARTESIAN_POINT('',(0.00469732055843992,-0.00277589191736099,-0.00347940574439882));
#4885=CARTESIAN_POINT('',(0.00471419070901471,-0.00274024975757374,-0.00347823093512481));
#4886=CARTESIAN_POINT('',(0.00472149540923084,-0.00272467501148562,-0.00347779141302782));
#4887=CARTESIAN_POINT('',(0.00477866928058822,-0.00260166241572908,-0.00347493829919512));
#4888=CARTESIAN_POINT('',(0.00482618557443263,-0.00249276127122952,-0.00347611433758207));
#4889=CARTESIAN_POINT('',(0.00487124714942273,-0.00238284858631019,-0.00348247745682849));
#4890=CARTESIAN_POINT('',(0.00364688748161698,-0.0037865879974514,-0.00315283783996621));
#4891=CARTESIAN_POINT('',(0.00374470961377384,-0.00369395524789377,-0.00315254890431027));
#4892=CARTESIAN_POINT('',(0.00383981128253528,-0.00358772403123999,-0.00314423346974415));
#4893=CARTESIAN_POINT('',(0.00393026482870204,-0.00347200442849185,-0.00313265415268571));
#4894=CARTESIAN_POINT('',(0.00397407475341304,-0.00341590156561781,-0.00312703188689008));
#4895=CARTESIAN_POINT('',(0.00401618509927668,-0.00335848190238739,-0.00312075497734172));
#4896=CARTESIAN_POINT('',(0.00409825075458225,-0.00323994452819498,-0.00310771204635178));
#4897=CARTESIAN_POINT('',(0.00413820367637071,-0.0031788309936576,-0.00310094384910306));
#4898=CARTESIAN_POINT('',(0.00417788197509117,-0.00311484806027595,-0.00309427569516909));
#4899=CARTESIAN_POINT('',(0.00417869276632479,-0.0031135391784348,-0.00309413943262054));
#4900=CARTESIAN_POINT('',(0.00418121256690626,-0.00310946690238326,-0.00309371608938141));
#4901=CARTESIAN_POINT('',(0.00418291997739011,-0.0031067011037958,-0.0030934293644953));
#4902=CARTESIAN_POINT('',(0.00418536033547382,-0.00310273884182337,-0.00309301980976059));
#4903=CARTESIAN_POINT('',(0.00418609438437457,-0.0031015457241626,-0.00309289651858391));
#4904=CARTESIAN_POINT('',(0.0041879895741572,-0.00309846225773565,-0.00309257829898008));
#4905=CARTESIAN_POINT('',(0.00418915056469587,-0.00309657042908504,-0.00309238355065487));
#4906=CARTESIAN_POINT('',(0.00419150239269597,-0.00309273201518772,-0.0030919891593989));
#4907=CARTESIAN_POINT('',(0.00419269330981617,-0.00309078515563766,-0.00309178953289796));
#4908=CARTESIAN_POINT('',(0.00419473823464491,-0.00308743677236231,-0.0030914469248317));
#4909=CARTESIAN_POINT('',(0.00419559276446567,-0.00308603592198611,-0.00309130380575352));
#4910=CARTESIAN_POINT('',(0.0041988782149991,-0.00308064373402406,-0.00309075376577238));
#4911=CARTESIAN_POINT('',(0.00420130515784504,-0.00307664732953244,-0.00309034791472136));
#4912=CARTESIAN_POINT('',(0.0042077084057377,-0.00306606840371735,-0.00308927870188686));
#4913=CARTESIAN_POINT('',(0.0042116771499785,-0.00305947593740616,-0.00308861765618435));
#4914=CARTESIAN_POINT('',(0.00421592865923074,-0.00305237566523804,-0.00308791202461226));
#4915=CARTESIAN_POINT('',(0.00421622304321653,-0.00305188383369676,-0.00308786315827858));
#4916=CARTESIAN_POINT('',(0.00421856406500795,-0.00304797109592442,-0.00308747475055585));
#4917=CARTESIAN_POINT('',(0.00422060771272301,-0.00304454595291895,-0.00308713634910195));
#4918=CARTESIAN_POINT('',(0.00422573306285501,-0.00303593225314462,-0.0030862896308331));
#4919=CARTESIAN_POINT('',(0.00422881037248506,-0.00303073888365829,-0.00308578276614603));
#4920=CARTESIAN_POINT('',(0.00423341061073387,-0.00302294303428404,-0.00308502775128485));
#4921=CARTESIAN_POINT('',(0.00423493906969268,-0.00302034743938529,-0.00308477734309111));
#4922=CARTESIAN_POINT('',(0.00427529900372202,-0.00295166722686867,-0.00307817797764001));
#4923=CARTESIAN_POINT('',(0.0043129519233395,-0.00288411620610792,-0.00307233183592636));
#4924=CARTESIAN_POINT('',(0.00437755356475167,-0.00276233332547997,-0.00306374249912256));
#4925=CARTESIAN_POINT('',(0.00440498950814421,-0.00270856420276186,-0.00306059624936582));
#4926=CARTESIAN_POINT('',(0.0044408941336035,-0.00263550772203567,-0.00305746682045203));
#4927=CARTESIAN_POINT('',(0.00445001671477649,-0.00261670068358346,-0.00305676153165781));
#4928=CARTESIAN_POINT('',(0.00446603045787983,-0.0025832543080095,-0.00305569899383468));
#4929=CARTESIAN_POINT('',(0.00447295915199273,-0.00256863608215821,-0.00305529964744874));
#4930=CARTESIAN_POINT('',(0.00452714300074035,-0.00245316188690745,-0.00305268647575238));
#4931=CARTESIAN_POINT('',(0.00457190805125434,-0.00235078397480642,-0.00305361816757839));
#4932=CARTESIAN_POINT('',(0.00461401186077775,-0.00224736601154356,-0.0030590568574499));
#4933=CARTESIAN_POINT('',(0.00354381410948859,-0.00368025290881029,-0.00292801771007616));
#4934=CARTESIAN_POINT('',(0.0036406737950496,-0.00358852436548451,-0.00292774808663706));
#4935=CARTESIAN_POINT('',(0.00373451062270156,-0.00348449448036504,-0.00292000429463603));
#4936=CARTESIAN_POINT('',(0.00382371887698148,-0.00337158216330875,-0.00290923046250476));
#4937=CARTESIAN_POINT('',(0.00386692655515255,-0.00331684029774945,-0.0029039991019303));
#4938=CARTESIAN_POINT('',(0.0039084122225136,-0.00326093473368883,-0.00289816091432868));
#4939=CARTESIAN_POINT('',(0.0039892257294491,-0.00314563005394541,-0.00288602943674771));
#4940=CARTESIAN_POINT('',(0.00402856079957709,-0.00308621800776222,-0.00287973887967785));
#4941=CARTESIAN_POINT('',(0.00406755409895589,-0.00302410374258627,-0.00287353751669694));
#4942=CARTESIAN_POINT('',(0.00406835084336252,-0.00302283315625813,-0.0028734108257517));
#4943=CARTESIAN_POINT('',(0.00407082678020024,-0.00301888032831257,-0.00287301715551544));
#4944=CARTESIAN_POINT('',(0.00407250418835686,-0.00301619605421617,-0.00287275051467677));
#4945=CARTESIAN_POINT('',(0.0040749011789469,-0.00301235126682113,-0.00287236962408649));
#4946=CARTESIAN_POINT('',(0.00407562370408376,-0.00301119131653294,-0.00287225506516128));
#4947=CARTESIAN_POINT('',(0.00407748838619988,-0.00300819465191334,-0.00287195946333043));
#4948=CARTESIAN_POINT('',(0.00407862910899314,-0.00300635836721911,-0.0028717785002032));
#4949=CARTESIAN_POINT('',(0.00408094083127927,-0.00300263124839638,-0.00287141207547472));
#4950=CARTESIAN_POINT('',(0.00408211152258187,-0.00300074070736757,-0.00287122662420342));
#4951=CARTESIAN_POINT('',(0.00408412183071043,-0.00299748899669426,-0.00287090838226885));
#4952=CARTESIAN_POINT('',(0.00408496193710886,-0.00299612852154764,-0.00287077545722411));
#4953=CARTESIAN_POINT('',(0.00408819204757753,-0.00299089154654174,-0.0028702646455491));
#4954=CARTESIAN_POINT('',(0.00409057835019361,-0.00298700975780024,-0.00286988784073598));
#4955=CARTESIAN_POINT('',(0.00409687432615313,-0.0029767340785836,-0.0028688953397954));
#4956=CARTESIAN_POINT('',(0.00410077648987757,-0.00297033052438458,-0.00286828183425387));
#4957=CARTESIAN_POINT('',(0.00410495533060354,-0.00296343557277023,-0.00286762674320083));
#4958=CARTESIAN_POINT('',(0.00410524466837379,-0.00296295798038474,-0.00286758140145358));
#4959=CARTESIAN_POINT('',(0.00410754550461714,-0.00295915859034359,-0.00286722088902471));
#4960=CARTESIAN_POINT('',(0.00410955359969405,-0.00295583323420385,-0.00286690669990078));
#4961=CARTESIAN_POINT('',(0.00411458793842008,-0.00294747296975085,-0.00286612010914169));
#4962=CARTESIAN_POINT('',(0.00411761055054886,-0.00294243216875667,-0.0028656493507813));
#4963=CARTESIAN_POINT('',(0.00412212879399718,-0.00293486531601584,-0.0028649481583312));
#4964=CARTESIAN_POINT('',(0.00412362995942857,-0.00293234597845514,-0.00286471560126494));
#4965=CARTESIAN_POINT('',(0.00416326763678327,-0.00286568441432354,-0.00285858645283509));
#4966=CARTESIAN_POINT('',(0.00420021257061055,-0.00280013470702747,-0.00285316315429281));
#4967=CARTESIAN_POINT('',(0.00426351034330964,-0.00268197876756132,-0.0028452142643423));
#4968=CARTESIAN_POINT('',(0.00429036192808588,-0.00262981874043612,-0.00284230891158976));
#4969=CARTESIAN_POINT('',(0.0043254548800108,-0.00255895590236002,-0.00283943289305874));
#4970=CARTESIAN_POINT('',(0.00433436706491811,-0.00254071415445362,-0.00283878639009383));
#4971=CARTESIAN_POINT('',(0.00435000860096657,-0.00250826500735538,-0.00283781843261092));
#4972=CARTESIAN_POINT('',(0.00435677192587625,-0.0024940860131131,-0.00283745543643335));
#4973=CARTESIAN_POINT('',(0.00440963677843425,-0.00238209295569726,-0.00283509232612481));
#4974=CARTESIAN_POINT('',(0.0044531535110394,-0.00228289131082147,-0.00283603237100539));
#4975=CARTESIAN_POINT('',(0.00449390902026963,-0.00218276219755393,-0.00284116616423195));
#4976=CARTESIAN_POINT('',(0.00325582225301514,-0.00338369224243366,-0.00223512762758394));
#4977=CARTESIAN_POINT('',(0.00335046237829445,-0.00329392336734786,-0.00223479104211112));
#4978=CARTESIAN_POINT('',(0.0034411137732793,-0.00319548187860532,-0.00222873932774544));
#4979=CARTESIAN_POINT('',(0.0035269297106989,-0.00309003538255738,-0.00222039090900011));
#4980=CARTESIAN_POINT('',(0.00356848931470699,-0.00303892203024795,-0.00221633788560305));
#4981=CARTESIAN_POINT('',(0.00360832282088738,-0.00298699806655556,-0.00221182652087839));
#4982=CARTESIAN_POINT('',(0.00368570104093409,-0.00288035936767833,-0.00220249650461353));
#4983=CARTESIAN_POINT('',(0.00372323301846836,-0.00282567189877394,-0.00219767224419607));
#4984=CARTESIAN_POINT('',(0.00376041066504235,-0.0027685236581976,-0.00219296036968984));
#4985=CARTESIAN_POINT('',(0.00376117034699065,-0.00276735459137626,-0.00219286411526339));
#4986=CARTESIAN_POINT('',(0.00376353127087414,-0.00276371732029505,-0.00219256511122577));
#4987=CARTESIAN_POINT('',(0.00376513098141956,-0.00276124695817316,-0.00219236268668925));
#4988=CARTESIAN_POINT('',(0.00376741741417179,-0.00275770779628161,-0.00219207367355738));
#4989=CARTESIAN_POINT('',(0.00376810358403486,-0.00275664439878928,-0.00219198656960291));
#4990=CARTESIAN_POINT('',(0.00376987575113264,-0.00275389525754384,-0.00219176169734154));
#4991=CARTESIAN_POINT('',(0.00377096279745245,-0.00275220640055362,-0.00219162417235617));
#4992=CARTESIAN_POINT('',(0.00377316357191276,-0.00274878157815496,-0.00219134567767888));
#4993=CARTESIAN_POINT('',(0.00377427775117054,-0.00274704480890892,-0.00219120472685286));
#4994=CARTESIAN_POINT('',(0.00377619051307949,-0.00274405825542531,-0.00219096283743202));
#4995=CARTESIAN_POINT('',(0.00377698968797796,-0.00274280894482967,-0.00219086179256346));
#4996=CARTESIAN_POINT('',(0.00378006187220957,-0.00273800061806051,-0.00219047346503475));
#4997=CARTESIAN_POINT('',(0.00378233034932653,-0.00273443809658794,-0.00219018695831084));
#4998=CARTESIAN_POINT('',(0.00378831375317512,-0.00272500967623173,-0.00218943235950238));
#4999=CARTESIAN_POINT('',(0.00379202052888346,-0.00271913607826015,-0.00218896612291182));
#5000=CARTESIAN_POINT('',(0.00379599090861945,-0.002712809953763,-0.00218846919358175));
#5001=CARTESIAN_POINT('',(0.0037962658214363,-0.00271237174782228,-0.00218843479390742));
#5002=CARTESIAN_POINT('',(0.00379845200176843,-0.00270888558657219,-0.00218816137257027));
#5003=CARTESIAN_POINT('',(0.00380036039920682,-0.00270583370124987,-0.00218792337739577));
#5004=CARTESIAN_POINT('',(0.00380514705280628,-0.00269815717619272,-0.00218732872004171));
#5005=CARTESIAN_POINT('',(0.00380801983655692,-0.00269353001474732,-0.0021869729245935));
#5006=CARTESIAN_POINT('',(0.00381231275521651,-0.00268658548851184,-0.00218644338779081));
#5007=CARTESIAN_POINT('',(0.00381373885528614,-0.00268427354741428,-0.00218626784315634));
#5008=CARTESIAN_POINT('',(0.00385138957377683,-0.00262310380621883,-0.00218164396265133));
#5009=CARTESIAN_POINT('',(0.00388635762849782,-0.00256306594004117,-0.00217759675290056));
#5010=CARTESIAN_POINT('',(0.00394607089318734,-0.00245488162565841,-0.00217179574972652));
#5011=CARTESIAN_POINT('',(0.00397133354606392,-0.00240713012894818,-0.00216973195071793));
#5012=CARTESIAN_POINT('',(0.00400424899067798,-0.00234225782749691,-0.0021678047940531));
#5013=CARTESIAN_POINT('',(0.00401259859822095,-0.00232555898300016,-0.00216738542152224));
#5014=CARTESIAN_POINT('',(0.00402722511145912,-0.00229587565861926,-0.00216678351240142));
#5015=CARTESIAN_POINT('',(0.004033546673478,-0.00228290050090334,-0.00216657099491271));
#5016=CARTESIAN_POINT('',(0.00408291449641793,-0.00218041664287076,-0.00216530765739514));
#5017=CARTESIAN_POINT('',(0.00412336110959471,-0.00208940799343095,-0.00216668429988544));
#5018=CARTESIAN_POINT('',(0.00416036352441611,-0.00199903442834291,-0.00217139990657793));
#5019=CARTESIAN_POINT('',(0.00309213202858175,-0.00321591126424484,-0.0017486279821597));
#5020=CARTESIAN_POINT('',(0.00318618281968113,-0.00312644490071164,-0.00174808022375207));
#5021=CARTESIAN_POINT('',(0.00327520192078833,-0.00303075772317816,-0.00174307723767526));
#5022=CARTESIAN_POINT('',(0.0033592654820526,-0.00292903971073177,-0.00173639304235565));
#5023=CARTESIAN_POINT('',(0.00339998141139056,-0.0028797298463618,-0.00173314775476628));
#5024=CARTESIAN_POINT('',(0.00343886708691843,-0.00282991440033753,-0.00172957581310334));
#5025=CARTESIAN_POINT('',(0.00351433097953737,-0.00272790011934926,-0.00172224433566521));
#5026=CARTESIAN_POINT('',(0.00355093007743467,-0.00267565491730326,-0.00171849486502568));
#5027=CARTESIAN_POINT('',(0.00358695280281251,-0.00262144338193449,-0.00171484870204461));
#5028=CARTESIAN_POINT('',(0.00358768868282553,-0.0026203347023851,-0.0017147742324703));
#5029=CARTESIAN_POINT('',(0.00358997493285792,-0.00261688639082343,-0.00171454289638238));
#5030=CARTESIAN_POINT('',(0.00359152304768678,-0.00261454589642437,-0.00171438629952444));
#5031=CARTESIAN_POINT('',(0.00359373400822221,-0.00261119541387691,-0.00171416273567904));
#5032=CARTESIAN_POINT('',(0.00359440341816281,-0.00261018021461553,-0.00171409574989493));
#5033=CARTESIAN_POINT('',(0.00359612942906187,-0.00260755986249646,-0.00171392314429985));
#5034=CARTESIAN_POINT('',(0.00359718210716163,-0.0026059589455231,-0.00171381741227535));
#5035=CARTESIAN_POINT('',(0.00359931706930737,-0.00260270708149989,-0.00171360355999962));
#5036=CARTESIAN_POINT('',(0.00360039830125669,-0.00260105752574715,-0.00171349543833786));
#5037=CARTESIAN_POINT('',(0.00360225502520295,-0.00259822023712986,-0.00171331010244119));
#5038=CARTESIAN_POINT('',(0.0036030309749349,-0.00259703310440193,-0.00171323276117071));
#5039=CARTESIAN_POINT('',(0.00360601441555706,-0.00259246334455014,-0.0017129358060342));
#5040=CARTESIAN_POINT('',(0.00360821849311768,-0.00258907602653156,-0.00171271729320101));
#5041=CARTESIAN_POINT('',(0.00361403231230124,-0.00258011101330541,-0.00171214294145475));
#5042=CARTESIAN_POINT('',(0.00361763414785612,-0.00257452619447599,-0.00171178896637477));
#5043=CARTESIAN_POINT('',(0.00362148707511623,-0.00256851882042346,-0.00171141136483375));
#5044=CARTESIAN_POINT('',(0.00362175382382971,-0.00256810274111907,-0.00171138522979785));
#5045=CARTESIAN_POINT('',(0.00362387482675388,-0.00256479299609988,-0.00171117743473402));
#5046=CARTESIAN_POINT('',(0.00362572475026358,-0.00256189793668738,-0.00171099635827835));
#5047=CARTESIAN_POINT('',(0.00363035812164074,-0.0025546259575164,-0.00171054255909828));
#5048=CARTESIAN_POINT('',(0.00363313917663998,-0.00255024219541994,-0.00171027172912119));
#5049=CARTESIAN_POINT('',(0.00363729477519669,-0.00254366345508722,-0.00170986918580012));
#5050=CARTESIAN_POINT('',(0.00363867517002957,-0.00254147344166082,-0.00170973580776184));
#5051=CARTESIAN_POINT('',(0.00367511596480845,-0.00248353549894615,-0.00170622346879281));
#5052=CARTESIAN_POINT('',(0.00370888611840087,-0.00242679412887815,-0.00170321089025333));
#5053=CARTESIAN_POINT('',(0.00376640215541833,-0.00232469077841249,-0.00169909326230452));
#5054=CARTESIAN_POINT('',(0.00379068194282366,-0.00227967914253772,-0.0016977057430999));
#5055=CARTESIAN_POINT('',(0.0038223028435577,-0.00221845025749523,-0.00169659789555539));
#5056=CARTESIAN_POINT('',(0.00383032378013691,-0.00220268083427418,-0.00169638103780972));
#5057=CARTESIAN_POINT('',(0.00384439798861465,-0.00217458687268671,-0.00169613393016123));
#5058=CARTESIAN_POINT('',(0.00385047580664531,-0.00216230902523396,-0.0016960682643601));
#5059=CARTESIAN_POINT('',(0.00389794841553869,-0.00206526346130994,-0.00169591743534505));
#5060=CARTESIAN_POINT('',(0.00393683893992908,-0.00197883401591404,-0.00169800535632532));
#5061=CARTESIAN_POINT('',(0.00397368389474156,-0.00188999414587941,-0.00170343016414171));
#5062=CARTESIAN_POINT('',(0.00292674496844818,-0.00304755240598555,-0.00111903878706635));
#5063=CARTESIAN_POINT('',(0.00301853100428207,-0.00296011009185804,-0.00111825192314863));
#5064=CARTESIAN_POINT('',(0.0031065963696339,-0.0028651242031005,-0.00111471270791056));
#5065=CARTESIAN_POINT('',(0.00319008245391785,-0.00276435323898356,-0.00111036391266979));
#5066=CARTESIAN_POINT('',(0.00323051111012824,-0.00271551347504475,-0.00110825438375227));
#5067=CARTESIAN_POINT('',(0.00326927564609294,-0.00266613287051394,-0.00110598843537172));
#5068=CARTESIAN_POINT('',(0.00334436589375157,-0.00256552054560535,-0.00110149969926579));
#5069=CARTESIAN_POINT('',(0.0033806666767207,-0.00251434401796123,-0.00109926609849565));
#5070=CARTESIAN_POINT('',(0.00341647330909044,-0.00246131687386694,-0.00109722854996216));
#5071=CARTESIAN_POINT('',(0.00341720494663585,-0.00246023224220234,-0.00109718699443753));
#5072=CARTESIAN_POINT('',(0.00341947863595869,-0.00245685805837244,-0.0010970581119065));
#5073=CARTESIAN_POINT('',(0.00342101912737948,-0.00245456693089802,-0.00109697115650061));
#5074=CARTESIAN_POINT('',(0.00342322085057063,-0.00245128519465936,-0.00109684744155351));
#5075=CARTESIAN_POINT('',(0.00342387947786809,-0.00245030241032556,-0.00109680999119226));
#5076=CARTESIAN_POINT('',(0.00342558127742666,-0.00244776070032345,-0.00109671327215221));
#5077=CARTESIAN_POINT('',(0.00342662703420313,-0.00244619661200604,-0.00109665436607255));
#5078=CARTESIAN_POINT('',(0.00342874246606549,-0.00244302780001999,-0.00109653523191884));
#5079=CARTESIAN_POINT('',(0.00342981307718192,-0.00244142158513132,-0.0010964750293257));
#5080=CARTESIAN_POINT('',(0.00343165045616845,-0.0024386607380331,-0.00109637186539429));
#5081=CARTESIAN_POINT('',(0.00343241794795492,-0.00243750622257383,-0.00109632880764975));
#5082=CARTESIAN_POINT('',(0.00343536767606894,-0.00243306411073086,-0.00109616349331661));
#5083=CARTESIAN_POINT('',(0.00343754434313362,-0.00242977579962005,-0.00109604186754006));
#5084=CARTESIAN_POINT('',(0.00344328279296569,-0.00242107938204934,-0.00109572269752627));
#5085=CARTESIAN_POINT('',(0.00344683501402178,-0.00241566807859118,-0.00109552686336628));
#5086=CARTESIAN_POINT('',(0.00345063854811629,-0.00240984395774023,-0.00109532043929784));
#5087=CARTESIAN_POINT('',(0.00345090190184044,-0.00240944054507448,-0.00109530616365646));
#5088=CARTESIAN_POINT('',(0.00345299612660816,-0.00240623131746804,-0.00109519279834677));
#5089=CARTESIAN_POINT('',(0.00345482401992251,-0.00240342271254154,-0.00109509477127103));
#5090=CARTESIAN_POINT('',(0.00345940906209026,-0.00239635879870579,-0.0010948519930315));
#5091=CARTESIAN_POINT('',(0.00346215894300441,-0.0023921049975333,-0.00109470758983141));
#5092=CARTESIAN_POINT('',(0.00346626551290904,-0.00238572660959657,-0.00109449430817184));
#5093=CARTESIAN_POINT('',(0.00346762927721499,-0.0023836040778237,-0.00109442389009841));
#5094=CARTESIAN_POINT('',(0.00350362304728592,-0.00232746991351587,-0.00109257732024462));
#5095=CARTESIAN_POINT('',(0.00353676814055402,-0.0022729895518834,-0.00109113831238516));
#5096=CARTESIAN_POINT('',(0.00359277952994377,-0.00217592202717992,-0.0010895717416384));
#5097=CARTESIAN_POINT('',(0.00361627025242539,-0.00213343938353382,-0.00108922503893378));
#5098=CARTESIAN_POINT('',(0.00364662379302929,-0.00207609078510369,-0.00108935439745296));
#5099=CARTESIAN_POINT('',(0.00365430064033558,-0.00206135988226068,-0.00108944025180823));
#5100=CARTESIAN_POINT('',(0.00366770600175177,-0.00203522934845437,-0.00108968789765235));
#5101=CARTESIAN_POINT('',(0.0036734899909637,-0.00202381657773946,-0.00108983230999804));
#5102=CARTESIAN_POINT('',(0.0037185843105326,-0.00193373038486172,-0.00109126484436939));
#5103=CARTESIAN_POINT('',(0.00375484826581292,-0.00185454646430942,-0.00109421873317266));
#5104=CARTESIAN_POINT('',(0.00378900144785893,-0.00177273742265272,-0.00109980103138218));
#5105=CARTESIAN_POINT('',(0.00289563111639943,-0.00301595129990512,-0.000992058449153106));
#5106=CARTESIAN_POINT('',(0.00298688563383316,-0.0029289905049932,-0.000991220743726023));
#5107=CARTESIAN_POINT('',(0.00307470614741235,-0.00283413412485899,-0.000988000949778179));
#5108=CARTESIAN_POINT('',(0.00315833834799841,-0.00273315819095614,-0.000984101449469278));
#5109=CARTESIAN_POINT('',(0.00319885698237296,-0.00268419701729057,-0.000982208002763489));
#5110=CARTESIAN_POINT('',(0.00323741834680057,-0.00263505216409729,-0.000980232585727259));
#5111=CARTESIAN_POINT('',(0.00331251307347338,-0.00253455908931245,-0.000976331443092389));
#5112=CARTESIAN_POINT('',(0.00334910667551051,-0.00248304739817292,-0.000974428995017252));
#5113=CARTESIAN_POINT('',(0.0033846548824091,-0.00243052633286445,-0.000972657087843409));
#5114=CARTESIAN_POINT('',(0.00338538071643355,-0.00242945283822471,-0.000972620933826064));
#5115=CARTESIAN_POINT('',(0.00338763456943323,-0.00242611600408333,-0.000972508744618276));
#5116=CARTESIAN_POINT('',(0.0033891590484948,-0.00242385409551385,-0.000972432971288293));
#5117=CARTESIAN_POINT('',(0.00339133338090256,-0.00242062096116254,-0.000972325050930802));
#5118=CARTESIAN_POINT('',(0.00339200270315798,-0.00241962528700569,-0.000972293666371523));
#5119=CARTESIAN_POINT('',(0.0033937233020582,-0.00241706313753877,-0.000972213646371341));
#5120=CARTESIAN_POINT('',(0.00339476159233322,-0.00241551429259761,-0.000972164292723389));
#5121=CARTESIAN_POINT('',(0.00339687456088677,-0.00241235807547969,-0.00097206522947815));
#5122=CARTESIAN_POINT('',(0.00339794544356181,-0.00241075610077662,-0.000972015485703155));
#5123=CARTESIAN_POINT('',(0.00339978553092746,-0.00240799933084817,-0.000971930853986879));
#5124=CARTESIAN_POINT('',(0.00340055492562897,-0.00240684539881214,-0.000971895763810631));
#5125=CARTESIAN_POINT('',(0.00340351433154593,-0.00240240208549646,-0.000971761835209146));
#5126=CARTESIAN_POINT('',(0.00340570310897845,-0.00239910565123117,-0.00097166497296657));
#5127=CARTESIAN_POINT('',(0.00341147758625424,-0.00239038156497738,-0.000971413821594868));
#5128=CARTESIAN_POINT('',(0.00341505575664555,-0.00238494798171214,-0.000971261849544037));
#5129=CARTESIAN_POINT('',(0.00341887354051176,-0.00237912033230873,-0.000971099345258084));
#5130=CARTESIAN_POINT('',(0.00341913779994639,-0.00237871679824018,-0.000971088090902548));
#5131=CARTESIAN_POINT('',(0.00342123850983052,-0.00237550769858374,-0.000970998548406805));
#5132=CARTESIAN_POINT('',(0.00342306771692817,-0.00237270582919824,-0.000970920125514386));
#5133=CARTESIAN_POINT('',(0.00342763658301796,-0.00236568872487572,-0.000970720519687718));
#5134=CARTESIAN_POINT('',(0.00343037912874121,-0.00236145938404356,-0.000970603218995695));
#5135=CARTESIAN_POINT('',(0.00343447631675842,-0.00235511571603416,-0.000970430396624616));
#5136=CARTESIAN_POINT('',(0.00343583707654904,-0.00235300464420009,-0.000970373335052767));
#5137=CARTESIAN_POINT('',(0.00347175160138375,-0.00229717688120646,-0.000968873729686156));
#5138=CARTESIAN_POINT('',(0.00350486959402345,-0.00224296114389815,-0.00096775968607793));
#5139=CARTESIAN_POINT('',(0.00356064286579033,-0.00214673541993587,-0.000966728832573342));
#5140=CARTESIAN_POINT('',(0.00358395934851118,-0.00210479071396929,-0.000966577682131913));
#5141=CARTESIAN_POINT('',(0.00361405698906105,-0.00204822343633871,-0.000966952967405692));
#5142=CARTESIAN_POINT('',(0.00362166923475037,-0.00203369351741077,-0.000967101507443497));
#5143=CARTESIAN_POINT('',(0.00363501794411192,-0.00200781123631995,-0.000967487224768769));
#5144=CARTESIAN_POINT('',(0.00364075405864614,-0.0019965481881659,-0.000967680226830251));
#5145=CARTESIAN_POINT('',(0.00368538587879771,-0.00190780587778533,-0.000969447232588654));
#5146=CARTESIAN_POINT('',(0.00372100688931611,-0.0018303806860257,-0.000972565606959425));
#5147=CARTESIAN_POINT('',(0.00375450037752188,-0.00175023969056218,-0.000978150408015581));
#5148=CARTESIAN_POINT('',(0.00277909841129331,-0.00289789699163116,-0.000480413938908919));
#5149=CARTESIAN_POINT('',(0.00286810348044634,-0.00281298965656818,-0.00047936107665123));
#5150=CARTESIAN_POINT('',(0.00295621750769436,-0.00271695846635319,-0.000477249401597214));
#5151=CARTESIAN_POINT('',(0.00303933358019991,-0.00261610088613155,-0.000475283638659902));
#5152=CARTESIAN_POINT('',(0.00307955735442649,-0.00256725080235301,-0.000474335489977561));
#5153=CARTESIAN_POINT('',(0.00311910189515751,-0.00251683081753491,-0.000473313485607263));
#5154=CARTESIAN_POINT('',(0.00319477636849306,-0.00241552745650065,-0.000471689682083074));
#5155=CARTESIAN_POINT('',(0.00323076683103077,-0.00236504806633932,-0.000471051242537995));
#5156=CARTESIAN_POINT('',(0.00326720755240539,-0.00231158628949913,-0.000470805826414432));
#5157=CARTESIAN_POINT('',(0.00326795296483445,-0.0023104916605866,-0.000470800966377818));
#5158=CARTESIAN_POINT('',(0.00327027225967401,-0.00230708255472836,-0.000470786340593459));
#5159=CARTESIAN_POINT('',(0.00327184765155768,-0.00230476225506994,-0.000470777114320475));
#5160=CARTESIAN_POINT('',(0.00327410616371092,-0.00230142914801632,-0.000470764880759352));
#5161=CARTESIAN_POINT('',(0.00327474869742259,-0.00230047923621959,-0.000470758707400925));
#5162=CARTESIAN_POINT('',(0.00327642401463035,-0.00229800073394261,-0.000470740930964388));
#5163=CARTESIAN_POINT('',(0.00327748638780585,-0.00229642760896546,-0.000470731553903633));
#5164=CARTESIAN_POINT('',(0.00327961278037054,-0.00229327386928578,-0.000470711544812444));
#5165=CARTESIAN_POINT('',(0.00328068597361775,-0.00229167978525447,-0.000470701039757305));
#5166=CARTESIAN_POINT('',(0.00328252332638397,-0.00228894668705654,-0.000470682240109605));
#5167=CARTESIAN_POINT('',(0.00328328929717871,-0.00228780612158594,-0.000470674055569582));
#5168=CARTESIAN_POINT('',(0.00328622844080912,-0.00228342517070743,-0.000470641543978704));
#5169=CARTESIAN_POINT('',(0.00328838732219066,-0.00228019787833552,-0.000470615336939517));
#5170=CARTESIAN_POINT('',(0.00329406888735568,-0.00227168098621079,-0.000470543597914078));
#5171=CARTESIAN_POINT('',(0.00329757667526651,-0.00226639765546721,-0.000470498529405769));
#5172=CARTESIAN_POINT('',(0.00330135452779547,-0.00226068155606893,-0.000470459811962883));
#5173=CARTESIAN_POINT('',(0.0033016162344793,-0.00226028544280689,-0.000470457190890282));
#5174=CARTESIAN_POINT('',(0.00330369854402637,-0.00225713261445599,-0.000470436881724439));
#5175=CARTESIAN_POINT('',(0.00330552319804389,-0.00225436326520905,-0.000470422385549889));
#5176=CARTESIAN_POINT('',(0.00331013306747731,-0.00224734953339081,-0.000470400128456817));
#5177=CARTESIAN_POINT('',(0.00331289271374957,-0.00224313591299499,-0.000470386602070944));
#5178=CARTESIAN_POINT('',(0.00331700927608059,-0.00223682693011305,-0.000470369827720692));
#5179=CARTESIAN_POINT('',(0.00331837585984659,-0.00223472860429016,-0.000470364978528133));
#5180=CARTESIAN_POINT('',(0.00335443530450431,-0.0021792547518329,-0.000470263053483697));
#5181=CARTESIAN_POINT('',(0.00338732243900549,-0.00212615336903079,-0.00047054064142709));
#5182=CARTESIAN_POINT('',(0.00344256496498577,-0.00203248864643985,-0.00047183689295547));
#5183=CARTESIAN_POINT('',(0.00346563167419816,-0.00199171419200807,-0.000472719582837066));
#5184=CARTESIAN_POINT('',(0.00349492735036347,-0.00193773330799536,-0.000474231136588073));
#5185=CARTESIAN_POINT('',(0.00350228358100665,-0.00192397120976363,-0.000474645063896341));
#5186=CARTESIAN_POINT('',(0.00351494011935889,-0.00189992649719655,-0.000475377455293089));
#5187=CARTESIAN_POINT('',(0.00352041313370011,-0.00188940786707662,-0.000475737507467326));
#5188=CARTESIAN_POINT('',(0.00356303145597541,-0.00180648373324173,-0.000478832443931225));
#5189=CARTESIAN_POINT('',(0.00359650255292682,-0.00173503517497735,-0.000482789260607508));
#5190=CARTESIAN_POINT('',(0.0036263006775478,-0.00166412004744572,-0.000488307626879745));
#5191=CARTESIAN_POINT('',(0.00270952496441376,-0.00282814402153319,-8.83034493955802E-5));
#5192=CARTESIAN_POINT('',(0.0027965653543261,-0.00274506339307669,-8.7062690230289E-5));
#5193=CARTESIAN_POINT('',(0.00288379755360614,-0.00264875698063384,-8.59851394866347E-5));
#5194=CARTESIAN_POINT('',(0.00296961853394714,-0.0025434415845998,-8.52886598101589E-5));
#5195=CARTESIAN_POINT('',(0.00301123773851582,-0.00249233143867465,-8.49481082091629E-5));
#5196=CARTESIAN_POINT('',(0.00304985368920118,-0.00244230513179393,-8.49779945116013E-5));
#5197=CARTESIAN_POINT('',(0.0031267540140044,-0.00233848556621037,-8.53595879973731E-5));
#5198=CARTESIAN_POINT('',(0.0031652480827682,-0.00228405609220202,-8.5750649342831E-5));
#5199=CARTESIAN_POINT('',(0.00320108674710965,-0.00223118878443755,-8.6304790833705E-5));
#5200=CARTESIAN_POINT('',(0.00320181732381933,-0.0022301100994024,-8.63162200361103E-5));
#5201=CARTESIAN_POINT('',(0.00320408187959207,-0.00222676349866441,-8.63520891072836E-5));
#5202=CARTESIAN_POINT('',(0.00320560783579319,-0.00222450407773246,-8.63768940885569E-5));
#5203=CARTESIAN_POINT('',(0.00320777451090098,-0.00222128983309229,-8.64131601761429E-5));
#5204=CARTESIAN_POINT('',(0.00320848626458026,-0.00222023490113236,-8.64283824490882E-5));
#5205=CARTESIAN_POINT('',(0.00321029590787235,-0.00221754978689818,-8.64714261573444E-5));
#5206=CARTESIAN_POINT('',(0.00321134424575536,-0.00221599085279858,-8.64961292702347E-5));
#5207=CARTESIAN_POINT('',(0.00321350785448852,-0.0022127707580937,-8.65493704447074E-5));
#5208=CARTESIAN_POINT('',(0.00321460820290776,-0.0022111312028874,-8.65777478319592E-5));
#5209=CARTESIAN_POINT('',(0.00321650456457357,-0.00220830205074877,-8.66291107128568E-5));
#5210=CARTESIAN_POINT('',(0.00321729941048818,-0.00220711514131254,-8.66515269289636E-5));
#5211=CARTESIAN_POINT('',(0.00322036263489419,-0.00220253665545276,-8.67410260698213E-5));
#5212=CARTESIAN_POINT('',(0.00322264065938626,-0.00219912272557691,-8.68141132429196E-5));
#5213=CARTESIAN_POINT('',(0.00322866093929172,-0.00219007471085774,-8.70202014300454E-5));
#5214=CARTESIAN_POINT('',(0.00323240062725141,-0.00218442920979229,-8.71581973366238E-5));
#5215=CARTESIAN_POINT('',(0.00323635690357403,-0.00217842849233074,-8.7300449436012E-5));
#5216=CARTESIAN_POINT('',(0.0032366305496798,-0.00217801329393872,-8.73102533303055E-5));
#5217=CARTESIAN_POINT('',(0.00323880410380276,-0.00217471426813082,-8.73877620195517E-5));
#5218=CARTESIAN_POINT('',(0.00324068597189342,-0.00217185108083501,-8.7452672632748E-5));
#5219=CARTESIAN_POINT('',(0.00324533902070855,-0.00216475511827446,-8.75989470013095E-5));
#5220=CARTESIAN_POINT('',(0.00324813598170566,-0.00216047372297679,-8.76926401452051E-5));
#5221=CARTESIAN_POINT('',(0.00325231590218579,-0.00215405344306724,-8.783564633184E-5));
#5222=CARTESIAN_POINT('',(0.00325370402193352,-0.00215191766765304,-8.78834067793833E-5));
#5223=CARTESIAN_POINT('',(0.00329033095609816,-0.00209547117480272,-8.91400134507196E-5));
#5224=CARTESIAN_POINT('',(0.00332402401041339,-0.00204113888744667,-9.0626269014989E-5));
#5225=CARTESIAN_POINT('',(0.00337933463996826,-0.00194797116248749,-9.37409230758617E-5));
#5226=CARTESIAN_POINT('',(0.00340192797668516,-0.00190860123573629,-9.51837188791821E-5));
#5227=CARTESIAN_POINT('',(0.003430625111484,-0.00185658775805367,-9.75420806122209E-5));
#5228=CARTESIAN_POINT('',(0.00343784871784216,-0.00184330788033542,-9.81886535146764E-5));
#5229=CARTESIAN_POINT('',(0.00345055708614374,-0.00181958858071511,-9.94882103295336E-5));
#5230=CARTESIAN_POINT('',(0.00345592637031036,-0.00180944063336377,-0.000100039575570668));
#5231=CARTESIAN_POINT('',(0.00349711559960971,-0.00173064288155613,-0.000104371124029458));
#5232=CARTESIAN_POINT('',(0.00352700734361288,-0.00166793921493498,-0.000108370805373357));
#5233=CARTESIAN_POINT('',(0.00355221121065898,-0.00160824070691114,-0.000113634893771648));
#5234=CARTESIAN_POINT('',(0.00262404956693991,-0.00274396086137235,0.000573248961738616));
#5235=CARTESIAN_POINT('',(0.00270950040186776,-0.00266238356867491,0.000574843825984019));
#5236=CARTESIAN_POINT('',(0.00279919785182349,-0.00256309007361131,0.000577446782575863));
#5237=CARTESIAN_POINT('',(0.0028832592935702,-0.0024594224681913,0.000578148628015301));
#5238=CARTESIAN_POINT('',(0.00292391690803371,-0.00240923752939144,0.000578474213189035));
#5239=CARTESIAN_POINT('',(0.00296562346246075,-0.00235539129451369,0.000578660745319083));
#5240=CARTESIAN_POINT('',(0.00304440591769163,-0.00224830200324696,0.000577244171060938));
#5241=CARTESIAN_POINT('',(0.00308121843037021,-0.00219587964587284,0.000575665281554505));
#5242=CARTESIAN_POINT('',(0.00312002754818887,-0.00213819700868762,0.000572918185583124));
#5243=CARTESIAN_POINT('',(0.00312082245689045,-0.00213701447477276,0.000572861597277722));
#5244=CARTESIAN_POINT('',(0.00312329927479885,-0.00213332660892243,0.000572684351603998));
#5245=CARTESIAN_POINT('',(0.00312498669550928,-0.00213080945498346,0.000572562274533762));
#5246=CARTESIAN_POINT('',(0.00312741415805382,-0.00212718167981689,0.000572385106926587));
#5247=CARTESIAN_POINT('',(0.0031280654984912,-0.00212620418889797,0.000572336995510853));
#5248=CARTESIAN_POINT('',(0.00312978267635235,-0.00212362668388849,0.000572216498460638));
#5249=CARTESIAN_POINT('',(0.00313091233528567,-0.00212193206604197,0.000572139293256935));
#5250=CARTESIAN_POINT('',(0.00313314637866928,-0.00211857372189185,0.000571984607391031));
#5251=CARTESIAN_POINT('',(0.00313427037238887,-0.00211688133787739,0.000571906849673639));
#5252=CARTESIAN_POINT('',(0.00313618939327419,-0.00211398753959609,0.000571774577379531));
#5253=CARTESIAN_POINT('',(0.00313698760547845,-0.00211278260011707,0.000571719890033113));
#5254=CARTESIAN_POINT('',(0.00314004483552902,-0.00210816287196509,0.000571511417828956));
#5255=CARTESIAN_POINT('',(0.00314227857638428,-0.00210477757003026,0.000571361170886949));
#5256=CARTESIAN_POINT('',(0.00314814643197957,-0.0020958618135942,0.000570967704239282));
#5257=CARTESIAN_POINT('',(0.00315175954921679,-0.00209034675497537,0.000570722454737989));
#5258=CARTESIAN_POINT('',(0.00315568114788223,-0.00208433733627639,0.000570436022660647));
#5259=CARTESIAN_POINT('',(0.00315595299001951,-0.00208392064274826,0.000570416044711758));
#5260=CARTESIAN_POINT('',(0.00315811752732522,-0.00208060172757448,0.000570255900878594));
#5261=CARTESIAN_POINT('',(0.00316002384151905,-0.0020776726644634,0.000570108375709962));
#5262=CARTESIAN_POINT('',(0.00316488236031683,-0.00207019191938018,0.000569706251051038));
#5263=CARTESIAN_POINT('',(0.0031677866592155,-0.00206570584441961,0.000569463216379405));
#5264=CARTESIAN_POINT('',(0.00317211617999082,-0.00205899469543968,0.000569089770794871));
#5265=CARTESIAN_POINT('',(0.00317355331281464,-0.00205676308083133,0.000568963683551966));
#5266=CARTESIAN_POINT('',(0.00321147541896431,-0.00199776765919788,0.00056556663041426));
#5267=CARTESIAN_POINT('',(0.00324597700245755,-0.00194159744388375,0.000561262306795567));
#5268=CARTESIAN_POINT('',(0.00330365564900032,-0.00184374067973656,0.000552446952951818));
#5269=CARTESIAN_POINT('',(0.00332765169723668,-0.00180144404938982,0.000548119521896303));
#5270=CARTESIAN_POINT('',(0.00335692095635315,-0.00174826608153433,0.000542505819695782));
#5271=CARTESIAN_POINT('',(0.00336414759658375,-0.00173498051582302,0.000541090709431759));
#5272=CARTESIAN_POINT('',(0.00337621729583799,-0.00171255166908306,0.00053875369119055));
#5273=CARTESIAN_POINT('',(0.00338141260977973,-0.00170281748227844,0.000537703764338937));
#5274=CARTESIAN_POINT('',(0.00342144654429544,-0.0016271104772556,0.00052936497481898));
#5275=CARTESIAN_POINT('',(0.00344980227041461,-0.0015688915136417,0.000522265706238466));
#5276=CARTESIAN_POINT('',(0.0034662036296794,-0.00153026518640579,0.000517808119788685));
#5277=CARTESIAN_POINT('',(0.00259798750057047,-0.002718840074642,0.000840012573822152));
#5278=CARTESIAN_POINT('',(0.00268336514233027,-0.00263733170997656,0.000841730248138629));
#5279=CARTESIAN_POINT('',(0.00276761877993684,-0.00254500201998593,0.000845414443084855));
#5280=CARTESIAN_POINT('',(0.0028583934308928,-0.00243418451093834,0.000847911901887138));
#5281=CARTESIAN_POINT('',(0.00290250732651551,-0.00238029523702351,0.000849130043038552));
#5282=CARTESIAN_POINT('',(0.00293876534233573,-0.0023329981771116,0.000848957273120722));
#5283=CARTESIAN_POINT('',(0.00301641049713622,-0.00222792538934314,0.00084745812550047));
#5284=CARTESIAN_POINT('',(0.00305849952090115,-0.00216801318788586,0.000846121501584133));
#5285=CARTESIAN_POINT('',(0.00309340113696759,-0.00211574396896279,0.000843844654056609));
#5286=CARTESIAN_POINT('',(0.00309410924568646,-0.00211468226740165,0.000843797555164272));
#5287=CARTESIAN_POINT('',(0.00309629274629674,-0.00211140464124811,0.0008436492965388));
#5288=CARTESIAN_POINT('',(0.00309774771116023,-0.00210921512921772,0.000843546140161884));
#5289=CARTESIAN_POINT('',(0.0030997858459223,-0.0021061402060519,0.000843394386705538));
#5290=CARTESIAN_POINT('',(0.00310059703686591,-0.00210492624281801,0.000843334262122915));
#5291=CARTESIAN_POINT('',(0.00310260128125702,-0.00210192037673802,0.000843166119930905));
#5292=CARTESIAN_POINT('',(0.0031036327886944,-0.00210036329574221,0.000843068111686946));
#5293=CARTESIAN_POINT('',(0.00310585750575369,-0.00209700804969326,0.000842857936567423));
#5294=CARTESIAN_POINT('',(0.00310700159981091,-0.0020952812353651,0.000842746271708552));
#5295=CARTESIAN_POINT('',(0.00310899237266195,-0.00209227334070379,0.000842544884204896));
#5296=CARTESIAN_POINT('',(0.00310983317403452,-0.00209100190945775,0.000842457298198505));
#5297=CARTESIAN_POINT('',(0.00311309354122172,-0.00208606715970269,0.000842108544038726));
#5298=CARTESIAN_POINT('',(0.00311556028423243,-0.00208232412658627,0.000841825633662211));
#5299=CARTESIAN_POINT('',(0.00312212126571584,-0.00207233499872406,0.000841030345082749));
#5300=CARTESIAN_POINT('',(0.00312623535250603,-0.00206604158615614,0.000840498534094324));
#5301=CARTESIAN_POINT('',(0.00313049618939761,-0.00205948302937703,0.000839944398233994));
#5302=CARTESIAN_POINT('',(0.00313079035064213,-0.00205903003304837,0.000839906166229469));
#5303=CARTESIAN_POINT('',(0.00313312190553346,-0.00205543791585658,0.000839603523567132));
#5304=CARTESIAN_POINT('',(0.00313511048397743,-0.00205236433941727,0.000839347756632745));
#5305=CARTESIAN_POINT('',(0.00313988988454243,-0.00204495253574191,0.000838759753409697));
#5306=CARTESIAN_POINT('',(0.00314278046424494,-0.00204044937131048,0.000838385930178969));
#5307=CARTESIAN_POINT('',(0.00314711415873287,-0.00203367350362392,0.000837816155901562));
#5308=CARTESIAN_POINT('',(0.00314855455949853,-0.0020314172846386,0.000837625833446749));
#5309=CARTESIAN_POINT('',(0.00318657438514061,-0.00197176951638947,0.000832611853187379));
#5310=CARTESIAN_POINT('',(0.003222397979426,-0.00191273062356159,0.000826844762786778));
#5311=CARTESIAN_POINT('',(0.00328010244943661,-0.00181382249353409,0.000815840778513521));
#5312=CARTESIAN_POINT('',(0.00330324438681343,-0.00177321381780659,0.000810998539306624));
#5313=CARTESIAN_POINT('',(0.00333332939490153,-0.0017185857853337,0.000803581601187893));
#5314=CARTESIAN_POINT('',(0.0033409883688891,-0.00170451339993162,0.000801585799598785));
#5315=CARTESIAN_POINT('',(0.00335487044352095,-0.00167866053925191,0.000797680958660012));
#5316=CARTESIAN_POINT('',(0.00336056267701938,-0.0016679290951468,0.000796079081007471));
#5317=CARTESIAN_POINT('',(0.00340308888768542,-0.00158696804608237,0.000784064366699381));
#5318=CARTESIAN_POINT('',(0.00342845974490329,-0.00153446144239615,0.000776445974171799));
#5319=CARTESIAN_POINT('',(0.00344179389431026,-0.0015031167685287,0.000772248914114196));
#5320=CARTESIAN_POINT('',(0.0025623934057801,-0.00268597327089755,0.00137571774530048));
#5321=CARTESIAN_POINT('',(0.00264819542370563,-0.00260410978706966,0.00137772092298981));
#5322=CARTESIAN_POINT('',(0.00274568074734007,-0.00249892129866935,0.00138663646057638));
#5323=CARTESIAN_POINT('',(0.00282117788764036,-0.00240842841579025,0.00139165389683598));
#5324=CARTESIAN_POINT('',(0.00285753617973758,-0.00236480547907493,0.001394052624393));
#5325=CARTESIAN_POINT('',(0.0029044076528453,-0.00230663120618507,0.00139746812340822));
#5326=CARTESIAN_POINT('',(0.00298289314857743,-0.00220279669117462,0.0013995423618048));
#5327=CARTESIAN_POINT('',(0.00301330224129603,-0.00216070206718447,0.0013980244573479));
#5328=CARTESIAN_POINT('',(0.00305440286938026,-0.00210051671562882,0.00139360112502468));
#5329=CARTESIAN_POINT('',(0.00305525062133258,-0.00209927393113299,0.00139350981028711));
#5330=CARTESIAN_POINT('',(0.00305791191900858,-0.00209536811695316,0.00139322331769035));
#5331=CARTESIAN_POINT('',(0.00305975333119464,-0.00209265933864976,0.00139302531815091));
#5332=CARTESIAN_POINT('',(0.00306244922970018,-0.00208868422893922,0.00139273759130479));
#5333=CARTESIAN_POINT('',(0.00306293813136045,-0.00208795566925363,0.00139267296580088));
#5334=CARTESIAN_POINT('',(0.0030643456479711,-0.00208586112071628,0.00139252319859325));
#5335=CARTESIAN_POINT('',(0.00306552555346645,-0.00208411149888629,0.00139241953158331));
#5336=CARTESIAN_POINT('',(0.00306769432784342,-0.00208088335404285,0.00139222052399932));
#5337=CARTESIAN_POINT('',(0.00306876305012946,-0.00207928847050127,0.0013921241594684));
#5338=CARTESIAN_POINT('',(0.00307055379340201,-0.00207661021818385,0.00139196732520654));
#5339=CARTESIAN_POINT('',(0.0030712871325399,-0.00207551182261313,0.0013919052451505));
#5340=CARTESIAN_POINT('',(0.00307405970746145,-0.00207135350420803,0.00139167791497113));
#5341=CARTESIAN_POINT('',(0.00307600893143715,-0.0020684181391782,0.00139153388183875));
#5342=CARTESIAN_POINT('',(0.0030810571306548,-0.00206079618287879,0.00139118723106505));
#5343=CARTESIAN_POINT('',(0.00308410000870832,-0.00205617390461907,0.00139098780580153));
#5344=CARTESIAN_POINT('',(0.0030875931365425,-0.0020508484600414,0.00139069476809014));
#5345=CARTESIAN_POINT('',(0.00308783638365677,-0.00205047750121559,0.00139067397564154));
#5346=CARTESIAN_POINT('',(0.00308978309856145,-0.00204750774388038,0.00139050413733759));
#5347=CARTESIAN_POINT('',(0.00309155742229113,-0.00204479516287321,0.00139032859787351));
#5348=CARTESIAN_POINT('',(0.00309634254483738,-0.00203746221070544,0.00138976679126793));
#5349=CARTESIAN_POINT('',(0.0030991788829663,-0.00203310260594605,0.00138943272498677));
#5350=CARTESIAN_POINT('',(0.00310339472541027,-0.00202659220341696,0.00138890395578461));
#5351=CARTESIAN_POINT('',(0.00310479403644836,-0.00202442622570573,0.00138872206873312));
#5352=CARTESIAN_POINT('',(0.00314175252129264,-0.00196706001898772,0.00138369012732086));
#5353=CARTESIAN_POINT('',(0.0031754316163208,-0.00191168119550539,0.00137539728218394));
#5354=CARTESIAN_POINT('',(0.00323741729289897,-0.00180347540271849,0.00135572081860393));
#5355=CARTESIAN_POINT('',(0.00326522972572659,-0.0017520926057133,0.00134521117499353));
#5356=CARTESIAN_POINT('',(0.00329774921336443,-0.00169018319221097,0.00133242788610958));
#5357=CARTESIAN_POINT('',(0.00330559275978302,-0.00167506209033202,0.00132929546555672));
#5358=CARTESIAN_POINT('',(0.00331778218452129,-0.00165132155363159,0.00132446265653424));
#5359=CARTESIAN_POINT('',(0.00332327588073376,-0.00164062092805914,0.0013222311113101));
#5360=CARTESIAN_POINT('',(0.00336682027944093,-0.00155542598331922,0.00130422274706673));
#5361=CARTESIAN_POINT('',(0.00340326826929282,-0.00148059333845229,0.00128712469912429));
#5362=CARTESIAN_POINT('',(0.00341321263848218,-0.00145713085353048,0.00128302208221058));
#5363=CARTESIAN_POINT('',(0.00255286137735916,-0.00267822725388346,0.00164465930469528));
#5364=CARTESIAN_POINT('',(0.00263916096461848,-0.0025959397228611,0.00164682517568638));
#5365=CARTESIAN_POINT('',(0.00270428284253179,-0.00253097731081276,0.00165216276206603));
#5366=CARTESIAN_POINT('',(0.00281522819919207,-0.00240093659369587,0.00166418287141024));
#5367=CARTESIAN_POINT('',(0.00286915276334978,-0.00233768868273589,0.00167003404528748));
#5368=CARTESIAN_POINT('',(0.00290077210655323,-0.0022977255486289,0.00167364982079896));
#5369=CARTESIAN_POINT('',(0.00297332500786087,-0.00220308171848483,0.00168099448110768));
#5370=CARTESIAN_POINT('',(0.00301665304827532,-0.00214290441021101,0.00168522283738165));
#5371=CARTESIAN_POINT('',(0.00304173428837419,-0.00210664293519548,0.00168489608875267));
#5372=CARTESIAN_POINT('',(0.00304223587823096,-0.0021059171729985,0.00168488693159191));
#5373=CARTESIAN_POINT('',(0.00304375853698215,-0.0021037123980034,0.00168485037357065));
#5374=CARTESIAN_POINT('',(0.00304473846166655,-0.00210229113780938,0.0016848140038898));
#5375=CARTESIAN_POINT('',(0.00304605532000284,-0.00210037869684151,0.00168474375433045));
#5376=CARTESIAN_POINT('',(0.00304687263567178,-0.00209919049622833,0.00168469122008893));
#5377=CARTESIAN_POINT('',(0.00304879211958739,-0.0020963980751154,0.00168452609327905));
#5378=CARTESIAN_POINT('',(0.00304955156955384,-0.00209529412593431,0.00168443358468567));
#5379=CARTESIAN_POINT('',(0.00305137900694505,-0.00209263496948714,0.00168421672166219));
#5380=CARTESIAN_POINT('',(0.00305234266369782,-0.00209123150882216,0.0016840932943445));
#5381=CARTESIAN_POINT('',(0.00305405539659936,-0.00208873320213727,0.00168385589210882));
#5382=CARTESIAN_POINT('',(0.00305479069854683,-0.00208765916241252,0.00168374790378869));
#5383=CARTESIAN_POINT('',(0.00305767939185277,-0.00208343342286447,0.00168330096328395));
#5384=CARTESIAN_POINT('',(0.00305994323220077,-0.00208010877802768,0.00168290385799479));
#5385=CARTESIAN_POINT('',(0.00306604206345563,-0.00207110619775854,0.00168171150788633));
#5386=CARTESIAN_POINT('',(0.00306992987723335,-0.0020653358121721,0.00168085960507653));
#5387=CARTESIAN_POINT('',(0.00307376708667053,-0.0020596091557777,0.00167996668433453));
#5388=CARTESIAN_POINT('',(0.0030740308626268,-0.00205921535889423,0.00167990507926446));
#5389=CARTESIAN_POINT('',(0.00307611141854873,-0.00205610826554223,0.00167941763410354));
#5390=CARTESIAN_POINT('',(0.00307782384040764,-0.00205354489691082,0.00167900705854138));
#5391=CARTESIAN_POINT('',(0.00308166359131819,-0.00204779230592552,0.00167808859190515));
#5392=CARTESIAN_POINT('',(0.00308401301101285,-0.00204424396922796,0.00167747246667246));
#5393=CARTESIAN_POINT('',(0.00308754444806069,-0.00203889041584194,0.00167652030205287));
#5394=CARTESIAN_POINT('',(0.00308871759887842,-0.00203710871122383,0.00167620049347653));
#5395=CARTESIAN_POINT('',(0.00311961431330554,-0.00199014801434277,0.00166779599763012));
#5396=CARTESIAN_POINT('',(0.00314833901285363,-0.0019443786579503,0.00165777022810368));
#5397=CARTESIAN_POINT('',(0.00319848855084199,-0.0018604446121738,0.00163893877611272));
#5398=CARTESIAN_POINT('',(0.00322070309572321,-0.00182276105197335,0.00163025701823918));
#5399=CARTESIAN_POINT('',(0.00325945233182949,-0.00175128640158591,0.00161314859966453));
#5400=CARTESIAN_POINT('',(0.00327019375577494,-0.00173108016037651,0.00160827162332584));
#5401=CARTESIAN_POINT('',(0.00329103081518873,-0.00169105409470907,0.00159853749156295));
#5402=CARTESIAN_POINT('',(0.00329970671227079,-0.00167403937987505,0.00159441835153226));
#5403=CARTESIAN_POINT('',(0.00336448542495174,-0.00154479488854284,0.00156324217859361));
#5404=CARTESIAN_POINT('',(0.00339992167757893,-0.00145995027326095,0.00154354281114269));
#5405=CARTESIAN_POINT('',(0.00340904111802323,-0.00143829335640934,0.00153935445598144));
#5406=CARTESIAN_POINT('',(0.0025517312942666,-0.00267930352925163,0.00191363616377147));
#5407=CARTESIAN_POINT('',(0.00263853658453583,-0.00259663138207996,0.00191602344325602));
#5408=CARTESIAN_POINT('',(0.00270486832420631,-0.00253052816252633,0.00191935769270251));
#5409=CARTESIAN_POINT('',(0.00281690091737295,-0.00239897288740964,0.00193001598384913));
#5410=CARTESIAN_POINT('',(0.00287135088123242,-0.00233499156282759,0.00193520693625378));
#5411=CARTESIAN_POINT('',(0.0029034202193333,-0.00229429605055722,0.00193820523162826));
#5412=CARTESIAN_POINT('',(0.00297671147398588,-0.00219837033692613,0.00194449447019731));
#5413=CARTESIAN_POINT('',(0.00302032787284785,-0.00213764352332866,0.00194828488486862));
#5414=CARTESIAN_POINT('',(0.00304560715227044,-0.00210101830119162,0.00194766114403863));
#5415=CARTESIAN_POINT('',(0.00304611275012179,-0.00210028518599785,0.00194764597863431));
#5416=CARTESIAN_POINT('',(0.00304764774386711,-0.00209805781080142,0.00194759093823144));
#5417=CARTESIAN_POINT('',(0.00304863585326882,-0.00209662159701266,0.00194754231721625));
#5418=CARTESIAN_POINT('',(0.00304996415952614,-0.00209468831206133,0.00194745495443609));
#5419=CARTESIAN_POINT('',(0.0030507858238723,-0.00209349172612147,0.00194739568479781));
#5420=CARTESIAN_POINT('',(0.00305271835061832,-0.00209067335029404,0.00194720995100361));
#5421=CARTESIAN_POINT('',(0.0030534875501712,-0.00208954932742563,0.00194710169962339));
#5422=CARTESIAN_POINT('',(0.00305533671268546,-0.00208684458689138,0.00194684932035699));
#5423=CARTESIAN_POINT('',(0.00305631239924232,-0.00208541548040263,0.00194670601984541));
#5424=CARTESIAN_POINT('',(0.00305804607994362,-0.0020828720147068,0.00194643374832475));
#5425=CARTESIAN_POINT('',(0.00305879022320721,-0.00208177876629484,0.00194631096474522));
#5426=CARTESIAN_POINT('',(0.00306171201845424,-0.00207748060493007,0.00194580835775925));
#5427=CARTESIAN_POINT('',(0.00306399843294389,-0.00207410547930985,0.00194537269925418));
#5428=CARTESIAN_POINT('',(0.00307013237239956,-0.0020650210064892,0.00194411842136564));
#5429=CARTESIAN_POINT('',(0.00307403802365994,-0.00205920670908055,0.00194323372596337));
#5430=CARTESIAN_POINT('',(0.0030779049763689,-0.00205341208460901,0.00194228882947634));
#5431=CARTESIAN_POINT('',(0.00307817086674451,-0.00205301347338595,0.00194222353848318));
#5432=CARTESIAN_POINT('',(0.00308026871977648,-0.00204986714814052,0.00194170601930094));
#5433=CARTESIAN_POINT('',(0.00308199917597806,-0.00204726377428739,0.00194126455403475));
#5434=CARTESIAN_POINT('',(0.00308589634926165,-0.00204138720772796,0.00194024955168701));
#5435=CARTESIAN_POINT('',(0.00308825740836817,-0.00203781371673817,0.00193961385796014));
#5436=CARTESIAN_POINT('',(0.00309180704891095,-0.00203242067128392,0.00193863101455156));
#5437=CARTESIAN_POINT('',(0.00309298638155331,-0.00203062553119953,0.00193830077574814));
#5438=CARTESIAN_POINT('',(0.00312412658195786,-0.00198313586883351,0.00192948546048548));
#5439=CARTESIAN_POINT('',(0.00315315892482772,-0.00193667718955554,0.00191892953883086));
#5440=CARTESIAN_POINT('',(0.00320377835805368,-0.00185139753261964,0.00189910583951714));
#5441=CARTESIAN_POINT('',(0.00322617230791462,-0.00181308579343562,0.00188997391003357));
#5442=CARTESIAN_POINT('',(0.00326505673105618,-0.00174077881582599,0.00187230154757308));
#5443=CARTESIAN_POINT('',(0.00327580794013459,-0.0017203899818898,0.00186729077135608));
#5444=CARTESIAN_POINT('',(0.00329669521969832,-0.00167993885579657,0.00185730497238006));
#5445=CARTESIAN_POINT('',(0.00330540408832699,-0.00166270468073594,0.00185307124510878));
#5446=CARTESIAN_POINT('',(0.00337068804907097,-0.00153114084664383,0.0018208843786825));
#5447=CARTESIAN_POINT('',(0.00340754549043102,-0.00144188094497928,0.00179987176254549));
#5448=CARTESIAN_POINT('',(0.00341511451545176,-0.0014237249897191,0.00179571482029628));
#5449=CARTESIAN_POINT('',(0.0097260771602081,-0.00590856939160679,-0.00700487424657105));
#5450=CARTESIAN_POINT('',(0.00970576732485995,-0.00592692093110335,-0.00700124163272005));
#5451=CARTESIAN_POINT('',(0.00968545623078025,-0.00594527360796323,-0.00699762187486653));
#5452=CARTESIAN_POINT('',(0.00966514172417038,-0.0059636293683135,-0.00699403697073476));
#5453=CARTESIAN_POINT('',(0.0097260470982554,-0.00590859318194899,-0.00700516250807009));
#5454=CARTESIAN_POINT('',(0.00966514172417038,-0.0059636293683135,-0.00699403697073476));
#5455=CARTESIAN_POINT('',(0.00985435504404252,-0.00469530391577508,-0.00700625408763935));
#5456=CARTESIAN_POINT('',(0.00984672542532222,-0.00476337043789381,-0.00700611623456206));
#5457=CARTESIAN_POINT('',(0.00982881156986777,-0.00492804574395783,-0.00700590296336497));
#5458=CARTESIAN_POINT('',(0.00979016962667078,-0.00530169180419135,-0.00700583658781594));
#5459=CARTESIAN_POINT('',(0.00975117204170035,-0.00567895136232386,-0.00700577248877839));
#5460=CARTESIAN_POINT('',(0.00973348110969403,-0.00584176385995617,-0.00700557121360374));
#5461=CARTESIAN_POINT('',(0.00972600080872327,-0.00590858858178682,-0.00700544699876814));
#5462=CARTESIAN_POINT('',(0.00775722966300887,-0.00796104921729,-0.00694495070982658));
#5463=CARTESIAN_POINT('',(0.0077364585743508,-0.00797573512746323,-0.00694446014424306));
#5464=CARTESIAN_POINT('',(0.00771568766947036,-0.00799042090769903,-0.00694395818886996));
#5465=CARTESIAN_POINT('',(0.00769491698360508,-0.0080051065330832,-0.00694344265983067));
#5466=CARTESIAN_POINT('',(0.00775722966300887,-0.00796104921729,-0.00694495070982658));
#5467=CARTESIAN_POINT('',(0.00966514172417038,-0.0059636293683135,-0.00699403697073476));
#5468=CARTESIAN_POINT('',(0.0090329693639537,-0.00662545946309386,-0.00688456497110863));
#5469=CARTESIAN_POINT('',(0.00839425465733159,-0.00729413883192364,-0.00693086077541517));
#5470=CARTESIAN_POINT('',(0.00775722966300887,-0.00796104921729,-0.00694495070982658));
#5471=CARTESIAN_POINT('',(0.0114650899097094,0.00668746509688025,-0.013));
#5472=CARTESIAN_POINT('',(0.010219092246203,-0.00546309134277273,-0.013));
#5473=CARTESIAN_POINT('',(0.010219092246203,-0.00546309134277273,-0.0121));
#5474=CARTESIAN_POINT('',(0.010219092246203,-0.00546309134277273,-0.0079));
#5475=CARTESIAN_POINT('',(0.0102190922462031,-0.00546309134277274,-0.0121));
#5476=CARTESIAN_POINT('',(0.0106344248007052,-0.00141290586288841,-0.0121));
#5477=CARTESIAN_POINT('',(0.0110497573552073,0.00263727961699592,-0.0121));
#5478=CARTESIAN_POINT('',(0.0114650899097094,0.00668746509688025,-0.0121));
#5479=CARTESIAN_POINT('',(0.0114650899097094,0.00668746509688025,-0.0121));
#5480=CARTESIAN_POINT('',(0.0114650899097094,0.00668746509688025,-0.013));
#5481=CARTESIAN_POINT('',(0.0114650899097094,0.00668746509688025,-0.0079));
#5482=CARTESIAN_POINT('',(0.0114650899097094,0.00668746509688025,-0.0079));
#5483=CARTESIAN_POINT('',(0.0110497573552073,0.00263727961699593,-0.0079));
#5484=CARTESIAN_POINT('',(0.0106344248007052,-0.0014129058628884,-0.0079));
#5485=CARTESIAN_POINT('',(0.0102190922462031,-0.00546309134277273,-0.0079));
#5486=CARTESIAN_POINT('',(0.00938841380315672,-0.00670162679854258,-0.013));
#5487=CARTESIAN_POINT('',(0.00803265726620136,-0.00767270020332245,-0.013));
#5488=CARTESIAN_POINT('',(0.00966514172417038,-0.0059636293683135,-0.013));
#5489=CARTESIAN_POINT('',(0.00775722966300887,-0.00796104921729,-0.013));
#5490=CARTESIAN_POINT('',(0.00633814832986367,-0.00896439099345543,-0.013));
#5491=CARTESIAN_POINT('',(0.00549725166116404,-0.0095589353211401,-0.013));
#5492=CARTESIAN_POINT('',(0.00549725166116405,-0.0095589353211401,-0.013));
#5493=CARTESIAN_POINT('',(0.00624414614163564,-0.00890547936944013,-0.013));
#5494=CARTESIAN_POINT('',(0.00699104062210723,-0.00825202341774016,-0.013));
#5495=CARTESIAN_POINT('',(0.00773793510257882,-0.00759856746604018,-0.013));
#5496=CARTESIAN_POINT('',(0.00773793510257882,-0.00759856746604018,-0.013));
#5497=CARTESIAN_POINT('',(0.00773793510257882,-0.00759856746604019,-0.013));
#5498=CARTESIAN_POINT('',(0.00795637480938446,-0.0074074551599869,-0.013));
#5499=CARTESIAN_POINT('',(0.00810155441111303,-0.00713705214779792,-0.013));
#5500=CARTESIAN_POINT('',(0.00813833228136788,-0.00684573016689376,-0.013));
#5501=CARTESIAN_POINT('',(0.00813833228136788,-0.00684573016689376,-0.013));
#5502=CARTESIAN_POINT('',(0.00813833228136788,-0.00684573016689376,-0.013));
#5503=CARTESIAN_POINT('',(0.0087118896738324,-0.00230251233589307,-0.013));
#5504=CARTESIAN_POINT('',(0.00928544706629692,0.00224070549510763,-0.013));
#5505=CARTESIAN_POINT('',(0.00985900445876144,0.00678392332610832,-0.013));
#5506=CARTESIAN_POINT('',(0.00985900445876144,0.00678392332610832,-0.013));
#5507=CARTESIAN_POINT('',(0.00985900445876144,0.00678392332610832,-0.013));
#5508=CARTESIAN_POINT('',(0.00987094836345723,0.00687853242338939,-0.013));
#5509=CARTESIAN_POINT('',(0.00995982404861735,0.00695887320534449,-0.013));
#5510=CARTESIAN_POINT('',(0.0100574294864231,0.00695887320839462,-0.013));
#5511=CARTESIAN_POINT('',(0.0100574294864231,0.00695887320839467,-0.013));
#5512=CARTESIAN_POINT('',(0.0100574294864231,0.00695887320839462,-0.013));
#5513=CARTESIAN_POINT('',(0.0102945335450631,0.00695887320839462,-0.013));
#5514=CARTESIAN_POINT('',(0.0105316376037032,0.00695887320839462,-0.013));
#5515=CARTESIAN_POINT('',(0.0107687416623432,0.00695887320839462,-0.013));
#5516=CARTESIAN_POINT('',(0.0107687416623432,0.00695887320839467,-0.013));
#5517=CARTESIAN_POINT('',(0.0107687416623432,0.00695887320839462,-0.013));
#5518=CARTESIAN_POINT('',(0.0108805677054085,0.00695887320490022,-0.013));
#5519=CARTESIAN_POINT('',(0.0109793806333524,0.00685239312725005,-0.013));
#5520=CARTESIAN_POINT('',(0.0109676983044478,0.00673847089081912,-0.013));
#5521=CARTESIAN_POINT('',(0.0109676983044478,0.00673847089081912,-0.013));
#5522=CARTESIAN_POINT('',(0.0109676983044478,0.00673847089081912,-0.013));
#5523=CARTESIAN_POINT('',(0.0105335127776887,0.00250443747110824,-0.013));
#5524=CARTESIAN_POINT('',(0.0100993272509295,-0.00172959594860263,-0.013));
#5525=CARTESIAN_POINT('',(0.00966514172417039,-0.00596362936831351,-0.013));
#5526=CARTESIAN_POINT('',(0.00920737535166689,-0.00593208215149076,-0.007));
#5527=CARTESIAN_POINT('',(0.0105114942223668,0.00678525304628488,-0.007));
#5528=CARTESIAN_POINT('',(0.00930458687506738,-0.00594205085799606,-0.007));
#5529=CARTESIAN_POINT('',(0.0106087057457673,0.00677528433977958,-0.007));
#5530=CARTESIAN_POINT('',(0.00949843536690281,-0.0059619293523762,-0.00701061207274519));
#5531=CARTESIAN_POINT('',(0.0108025542376027,0.00675540584539944,-0.00701061207274519));
#5532=CARTESIAN_POINT('',(0.00979265543444907,-0.00599210060572909,-0.00696285774539185));
#5533=CARTESIAN_POINT('',(0.011096774305149,0.00672523459204655,-0.00696285774539185));
#5534=CARTESIAN_POINT('',(0.0101030195113182,-0.00602392737156782,-0.00733088991035111));
#5535=CARTESIAN_POINT('',(0.011407138382018,0.00669340782620782,-0.00733088991035111));
#5536=CARTESIAN_POINT('',(0.0101622131677953,-0.00602999747691906,-0.0077377831356786));
#5537=CARTESIAN_POINT('',(0.0114663320384951,0.00668733772085658,-0.0077377831356786));
#5538=CARTESIAN_POINT('',(0.0101609244509068,-0.00602986532344609,-0.00791247375008366));
#5539=CARTESIAN_POINT('',(0.0114650433216067,0.00668746987432955,-0.00791247375008366));
#5540=CARTESIAN_POINT('',(0.00972602019682315,-0.00590862086252238,-0.00700545149177239));
#5541=CARTESIAN_POINT('',(0.00987629132427142,-0.00577283903646192,-0.00703244618920335));
#5542=CARTESIAN_POINT('',(0.010136687722595,-0.00553755033486984,-0.00728900224992921));
#5543=CARTESIAN_POINT('',(0.010219092248692,-0.00546309134052374,-0.00769656658656636));
#5544=CARTESIAN_POINT('',(0.0102190922462031,-0.00546309134277272,-0.00790000001789033));
#5545=CARTESIAN_POINT('',(0.0114650899097094,0.00668746509688026,-0.0079));
#5546=CARTESIAN_POINT('',(0.0114650899097094,0.00668746509688026,-0.00768786796564394));
#5547=CARTESIAN_POINT('',(0.0113638022929572,0.00669785179270297,-0.00718327381104175));
#5548=CARTESIAN_POINT('',(0.0110849346301098,0.00672644870989446,-0.007));
#5549=CARTESIAN_POINT('',(0.0109676983044479,0.00673847089081911,-0.007));
#5550=CARTESIAN_POINT('',(0.0109676983044478,0.00673847089081912,-0.007));
#5551=CARTESIAN_POINT('',(0.0109676983044479,0.00673847089081911,-0.007));
#5552=CARTESIAN_POINT('',(0.0109013794237463,0.00674527166334431,-0.007));
#5553=CARTESIAN_POINT('',(0.0108350605430443,0.00675207243586954,-0.007));
#5554=CARTESIAN_POINT('',(0.0107687416623426,0.00675887320839473,-0.007));
#5555=CARTESIAN_POINT('',(0.010768741662343,0.00675887320839469,-0.007));
#5556=CARTESIAN_POINT('',(0.0107687416623426,0.00675887320839473,-0.007));
#5557=CARTESIAN_POINT('',(0.0106852979273071,0.00676743007567936,-0.007));
#5558=CARTESIAN_POINT('',(0.0106018541922721,0.00677598694296394,-0.007));
#5559=CARTESIAN_POINT('',(0.0105184104572366,0.00678454381024856,-0.007));
#5560=CARTESIAN_POINT('',(0.0105184104572361,0.00678454381024779,-0.007));
#5561=CARTESIAN_POINT('',(0.0105184104572347,0.00678454381024686,-0.00699999999999977));
#5562=CARTESIAN_POINT('',(0.0105760413537346,0.00655007313473198,-0.00699999999999977));
#5563=CARTESIAN_POINT('',(0.0106960040484796,0.00608218432800785,-0.00700313648287579));
#5564=CARTESIAN_POINT('',(0.0107808352307602,0.00560618311123523,-0.00699372703424866));
#5565=CARTESIAN_POINT('',(0.0108493701434028,0.00537419282301602,-0.0070008294398356));
#5566=CARTESIAN_POINT('',(0.0101547004246178,-0.00609084596254289,-0.0120923777398682));
#5567=CARTESIAN_POINT('',(0.0114650723443769,0.00668746689814454,-0.0120923777398682));
#5568=CARTESIAN_POINT('',(0.0101556726289297,-0.00609094565874257,-0.0123049409962734));
#5569=CARTESIAN_POINT('',(0.0114660445486889,0.00668736720194486,-0.0123049409962734));
#5570=CARTESIAN_POINT('',(0.0100560890315124,-0.00608073370422661,-0.0128139795005617));
#5571=CARTESIAN_POINT('',(0.0113664609512715,0.00669757915646083,-0.0128139795005617));
#5572=CARTESIAN_POINT('',(0.00977526613162006,-0.0060519362842185,-0.0129999999999998));
#5573=CARTESIAN_POINT('',(0.0110856380513792,0.00672637657646894,-0.0129999999999998));
#5574=CARTESIAN_POINT('',(0.00965732638468867,-0.00603984196986829,-0.013));
#5575=CARTESIAN_POINT('',(0.0109676983044478,0.00673847089081914,-0.013));
#5576=CARTESIAN_POINT('',(0.010219092246203,-0.00546309134277275,-0.0120999999821097));
#5577=CARTESIAN_POINT('',(0.0102190922515293,-0.00546309133796001,-0.0123176679246913));
#5578=CARTESIAN_POINT('',(0.0101274611276074,-0.00554588729178902,-0.0127505813735594));
#5579=CARTESIAN_POINT('',(0.00982767341638653,-0.0058167691541358,-0.0129999999996604));
#5580=CARTESIAN_POINT('',(0.00966514172488208,-0.00596362936767061,-0.013));
#5581=CARTESIAN_POINT('',(0.0109676983044478,0.00673847089081912,-0.013));
#5582=CARTESIAN_POINT('',(0.0110849346301097,0.00672644870989446,-0.0129999999999998));
#5583=CARTESIAN_POINT('',(0.0113638022929574,0.00669785179270294,-0.0128167261889573));
#5584=CARTESIAN_POINT('',(0.0114650899097093,0.00668746509688026,-0.0123121320343558));
#5585=CARTESIAN_POINT('',(0.0114650899097094,0.00668746509688026,-0.0121));
#5586=CARTESIAN_POINT('',(-0.0036956660426744,-0.00383700914682592,-0.00324746371788131));
#5587=CARTESIAN_POINT('',(-0.00379419909948314,-0.00374366445882544,-0.00324713402689546));
#5588=CARTESIAN_POINT('',(-0.0038900131094533,-0.00363626951957351,-0.00323854526006201));
#5589=CARTESIAN_POINT('',(-0.00398107690101095,-0.00351915286937067,-0.00322660964248578));
#5590=CARTESIAN_POINT('',(-0.00402518295562504,-0.00346237136429318,-0.00322081434026949));
#5591=CARTESIAN_POINT('',(-0.00406756035218445,-0.00340423572521643,-0.00321434870855563));
#5592=CARTESIAN_POINT('',(-0.00415017530083065,-0.00328414406109209,-0.00320091653895397));
#5593=CARTESIAN_POINT('',(-0.00419041532983362,-0.00322218492730908,-0.00319395024335261));
#5594=CARTESIAN_POINT('',(-0.00423038255685895,-0.00315731436171031,-0.00318708606224934));
#5595=CARTESIAN_POINT('',(-0.00423119924775127,-0.00315598733365098,-0.00318694582123191));
#5596=CARTESIAN_POINT('',(-0.00423373733409066,-0.00315185869653763,-0.00318651007092465));
#5597=CARTESIAN_POINT('',(-0.0042354570776515,-0.00314905473311847,-0.00318621493857543));
#5598=CARTESIAN_POINT('',(-0.00423791494149435,-0.00314503801606079,-0.00318579336527599));
#5599=CARTESIAN_POINT('',(-0.00423865498515093,-0.00314382744020326,-0.00318566650663941));
#5600=CARTESIAN_POINT('',(-0.00424056533330557,-0.0031406993350827,-0.00318533911856216));
#5601=CARTESIAN_POINT('',(-0.00424173490246081,-0.00313878117052279,-0.00318513873213156));
#5602=CARTESIAN_POINT('',(-0.00424410462707425,-0.00313488858985523,-0.00318473294791274));
#5603=CARTESIAN_POINT('',(-0.00424530468301832,-0.00313291415920017,-0.00318452756464725));
#5604=CARTESIAN_POINT('',(-0.00424736541809439,-0.00312951820697881,-0.00318417509531058));
#5605=CARTESIAN_POINT('',(-0.00424822659403101,-0.00312809740453689,-0.00318402786445886));
#5606=CARTESIAN_POINT('',(-0.00425153772720205,-0.00312262825207825,-0.00318346204624164));
#5607=CARTESIAN_POINT('',(-0.00425398391426556,-0.00311857446090087,-0.00318304460094267));
#5608=CARTESIAN_POINT('',(-0.00426043834891174,-0.00310784317818124,-0.00318194493910842));
#5609=CARTESIAN_POINT('',(-0.00426443921913112,-0.00310115535509571,-0.00318126512680492));
#5610=CARTESIAN_POINT('',(-0.00426872502583166,-0.00309395287021923,-0.00318053937497208));
#5611=CARTESIAN_POINT('',(-0.00426902177868865,-0.0030934539659816,-0.00318048913526147));
#5612=CARTESIAN_POINT('',(-0.0042713816362374,-0.00308948497057562,-0.00318008972157701));
#5613=CARTESIAN_POINT('',(-0.00427344161803477,-0.00308601074590136,-0.00317974168768401));
#5614=CARTESIAN_POINT('',(-0.00427860735908522,-0.00307727454893384,-0.00317887065231394));
#5615=CARTESIAN_POINT('',(-0.00428170916376853,-0.00307200699061595,-0.00317834929086163));
#5616=CARTESIAN_POINT('',(-0.0042863463318524,-0.00306409945226571,-0.00317757271234672));
#5617=CARTESIAN_POINT('',(-0.0042878871070784,-0.00306146662611462,-0.00317731515441154));
#5618=CARTESIAN_POINT('',(-0.0043285733980181,-0.00299180035566401,-0.00317052730010692));
#5619=CARTESIAN_POINT('',(-0.00436656140789431,-0.00292325553808746,-0.00316451884530095));
#5620=CARTESIAN_POINT('',(-0.00443179319186353,-0.00279967408576247,-0.00315570585516229));
#5621=CARTESIAN_POINT('',(-0.00445951607076138,-0.00274510930358866,-0.0031524830177157));
#5622=CARTESIAN_POINT('',(-0.00449582317094854,-0.00267098019916122,-0.00314928888034741));
#5623=CARTESIAN_POINT('',(-0.00450505050559461,-0.00265189771850215,-0.00314857038355088));
#5624=CARTESIAN_POINT('',(-0.00452125490809454,-0.00261795880164715,-0.0031474920829647));
#5625=CARTESIAN_POINT('',(-0.00452826682313331,-0.00260312728303677,-0.00314708768604842));
#5626=CARTESIAN_POINT('',(-0.00458311169544651,-0.00248597709522047,-0.00314445202069212));
#5627=CARTESIAN_POINT('',(-0.00462847406204407,-0.00238220135953017,-0.00314547194123318));
#5628=CARTESIAN_POINT('',(-0.00467123907802194,-0.00227736507062795,-0.00315112967696163));
#5629=CARTESIAN_POINT('',(-0.00467271329583512,-0.0022737510996979,-0.00315132471336235));
#5630=CARTESIAN_POINT('',(-0.0046741875136483,-0.00227013712876784,-0.00315151974976307));
#5631=CARTESIAN_POINT('',(-0.00467566173146148,-0.00226652315783779,-0.00315171478616379));
#5632=CARTESIAN_POINT('',(-0.00382300237116019,-0.00396851032818221,-0.00350911752325901));
#5633=CARTESIAN_POINT('',(-0.00392303647039354,-0.00387369080565542,-0.00350871423353279));
#5634=CARTESIAN_POINT('',(-0.00402051660207809,-0.00376339344784081,-0.00349941732361145));
#5635=CARTESIAN_POINT('',(-0.00411310133807976,-0.00364273242875874,-0.00348653633420469));
#5636=CARTESIAN_POINT('',(-0.00415794452343785,-0.00358423059292664,-0.00348028208416477));
#5637=CARTESIAN_POINT('',(-0.00420105124574981,-0.00352421995468755,-0.00347330873639933));
#5638=CARTESIAN_POINT('',(-0.0042851600410907,-0.0034000900067414,-0.00345882530079875));
#5639=CARTESIAN_POINT('',(-0.0043261641161907,-0.00333596851063099,-0.00345131501359638));
#5640=CARTESIAN_POINT('',(-0.00436694582583498,-0.0032687756056191,-0.00344391554169368));
#5641=CARTESIAN_POINT('',(-0.00436777918503818,-0.00326740104424004,-0.00344376436050386));
#5642=CARTESIAN_POINT('',(-0.00437036915680131,-0.00326312443186221,-0.00344329462528857));
#5643=CARTESIAN_POINT('',(-0.00437212417508626,-0.00326021984589419,-0.00344297647708535));
#5644=CARTESIAN_POINT('',(-0.00437463263098073,-0.00325605880114077,-0.00344252203072032));
#5645=CARTESIAN_POINT('',(-0.00437538780780444,-0.00325480488591172,-0.00344238527132732));
#5646=CARTESIAN_POINT('',(-0.00437733732624887,-0.00325156466330638,-0.00344203232566023));
#5647=CARTESIAN_POINT('',(-0.00437853104450665,-0.00324957752417955,-0.00344181630130497));
#5648=CARTESIAN_POINT('',(-0.00438094971843637,-0.00324554499980827,-0.0034413788467308));
#5649=CARTESIAN_POINT('',(-0.00438217460506659,-0.00324349955267547,-0.00344115743261356));
#5650=CARTESIAN_POINT('',(-0.00438427805465933,-0.00323998139647142,-0.00344077744938221));
#5651=CARTESIAN_POINT('',(-0.00438515710288528,-0.00323850944972973,-0.00344061872453888));
#5652=CARTESIAN_POINT('',(-0.00438853704196164,-0.00323284335797306,-0.00344000873075094));
#5653=CARTESIAN_POINT('',(-0.00439103424855328,-0.0032286434511787,-0.00343955868730937));
#5654=CARTESIAN_POINT('',(-0.00439762385601588,-0.00321752493314313,-0.00343837314191108));
#5655=CARTESIAN_POINT('',(-0.00440170908597741,-0.00321059533057768,-0.00343764023161091));
#5656=CARTESIAN_POINT('',(-0.00440608597883437,-0.00320313185205104,-0.0034368578165251));
#5657=CARTESIAN_POINT('',(-0.0044063890431205,-0.00320261486531625,-0.00343680365142852));
#5658=CARTESIAN_POINT('',(-0.00440879912011223,-0.00319850199273869,-0.00343637304411632));
#5659=CARTESIAN_POINT('',(-0.00441090313250207,-0.00319490166849177,-0.00343599783866408));
#5660=CARTESIAN_POINT('',(-0.0044161798250665,-0.00318584791243617,-0.00343505884269011));
#5661=CARTESIAN_POINT('',(-0.00441934861469025,-0.00318038864870965,-0.00343449679672328));
#5662=CARTESIAN_POINT('',(-0.00442408648573414,-0.00317219297632941,-0.00343365961888615));
#5663=CARTESIAN_POINT('',(-0.00442566081540033,-0.00316946415612212,-0.00343338196345735));
#5664=CARTESIAN_POINT('',(-0.00446723567893887,-0.0030972562580165,-0.0034260644864261));
#5665=CARTESIAN_POINT('',(-0.00450611503438064,-0.00302617305491268,-0.00341958699594189));
#5666=CARTESIAN_POINT('',(-0.00457300144257485,-0.00289800006494434,-0.00341008688396655));
#5667=CARTESIAN_POINT('',(-0.00460147046145702,-0.00284140305981698,-0.00340661329261077));
#5668=CARTESIAN_POINT('',(-0.00463881641844218,-0.0027645205844746,-0.0034031728059034));
#5669=CARTESIAN_POINT('',(-0.00464831337492191,-0.00274472994965749,-0.0034023991559704));
#5670=CARTESIAN_POINT('',(-0.0046650010830976,-0.0027095338239862,-0.00340123852442486));
#5671=CARTESIAN_POINT('',(-0.00467222573622209,-0.00269415317021719,-0.00340080356352204));
#5672=CARTESIAN_POINT('',(-0.00472876295327548,-0.00257266928924683,-0.00339797152311704));
#5673=CARTESIAN_POINT('',(-0.00477568385713093,-0.00246509975793227,-0.0033990834478911));
#5674=CARTESIAN_POINT('',(-0.00482014811726657,-0.00235639252630868,-0.00340521966240227));
#5675=CARTESIAN_POINT('',(-0.00482168091230577,-0.00235264511423326,-0.00340543119317177));
#5676=CARTESIAN_POINT('',(-0.00482321370734496,-0.00234889770215784,-0.00340564272394128));
#5677=CARTESIAN_POINT('',(-0.00482474650238415,-0.00234515029008242,-0.00340585425471079));
#5678=CARTESIAN_POINT('',(-0.00395987402927704,-0.00411010533032767,-0.00376105067291463));
#5679=CARTESIAN_POINT('',(-0.0040620269506275,-0.00401312355487207,-0.00376048853990235));
#5680=CARTESIAN_POINT('',(-0.00416122612321882,-0.00389962995151945,-0.00375047209809354));
#5681=CARTESIAN_POINT('',(-0.00425541237420868,-0.00377503718537807,-0.0037366780200642));
#5682=CARTESIAN_POINT('',(-0.00430103118441503,-0.0037146276423651,-0.00372998064963378));
#5683=CARTESIAN_POINT('',(-0.00434490272029735,-0.00365254295139125,-0.00372252409502587));
#5684=CARTESIAN_POINT('',(-0.00443059019848677,-0.0035239450183338,-0.00370705215489353));
#5685=CARTESIAN_POINT('',(-0.00447240537226952,-0.00345743492956245,-0.00369903532108923));
#5686=CARTESIAN_POINT('',(-0.0045140701401434,-0.00338766372478057,-0.00369114597770705));
#5687=CARTESIAN_POINT('',(-0.00451492158380165,-0.00338623637817397,-0.00369098478925199));
#5688=CARTESIAN_POINT('',(-0.0045175678904055,-0.00338179539884884,-0.00369048397898902));
#5689=CARTESIAN_POINT('',(-0.0045193612678366,-0.0033787789828996,-0.00369014480387324));
#5690=CARTESIAN_POINT('',(-0.00452192483873721,-0.00337445742672699,-0.0036896603521378));
#5691=CARTESIAN_POINT('',(-0.00452269621797457,-0.00337315572584839,-0.00368951453746804));
#5692=CARTESIAN_POINT('',(-0.00452468782022253,-0.00336979168639412,-0.00368913820789474));
#5693=CARTESIAN_POINT('',(-0.00452590778427721,-0.00336772795360315,-0.00368890789439802));
#5694=CARTESIAN_POINT('',(-0.00452837948504938,-0.00336354029912453,-0.0036884415054663));
#5695=CARTESIAN_POINT('',(-0.00452963125837364,-0.00336141615909464,-0.00368820544898667));
#5696=CARTESIAN_POINT('',(-0.00453178094365433,-0.00335776263418955,-0.00368780034014576));
#5697=CARTESIAN_POINT('',(-0.00453267933131109,-0.00335623404930462,-0.00368763111976207));
#5698=CARTESIAN_POINT('',(-0.00453613371003187,-0.00335034991126606,-0.00368698079245154));
#5699=CARTESIAN_POINT('',(-0.00453868608327515,-0.00334598832924268,-0.00368650099587066));
#5700=CARTESIAN_POINT('',(-0.00454542190527458,-0.00333444141835845,-0.00368523711359034));
#5701=CARTESIAN_POINT('',(-0.00454959844906272,-0.00332724440027927,-0.00368445584036504));
#5702=CARTESIAN_POINT('',(-0.00455407426324376,-0.00331949195015124,-0.0036836219697902));
#5703=CARTESIAN_POINT('',(-0.00455438418346269,-0.00331895494090558,-0.00368356424138331));
#5704=CARTESIAN_POINT('',(-0.00455684882862888,-0.00331468273765682,-0.00368310532362179));
#5705=CARTESIAN_POINT('',(-0.00455900077760462,-0.00331094267058447,-0.00368270550372989));
#5706=CARTESIAN_POINT('',(-0.00456439862824407,-0.00330153655167406,-0.00368170510799468));
#5707=CARTESIAN_POINT('',(-0.00456764058998803,-0.00329586463274999,-0.00368110634771755));
#5708=CARTESIAN_POINT('',(-0.00457248853733415,-0.0032873493750775,-0.00368021458156277));
#5709=CARTESIAN_POINT('',(-0.00457409955877047,-0.00328451408513939,-0.00367991883966591));
#5710=CARTESIAN_POINT('',(-0.00461664649847579,-0.00320948717792589,-0.00367212526390643));
#5711=CARTESIAN_POINT('',(-0.00465651093073627,-0.00313558914049156,-0.00366523650822438));
#5712=CARTESIAN_POINT('',(-0.00472524887168717,-0.0030023281410749,-0.00365516801538565));
#5713=CARTESIAN_POINT('',(-0.00475456034972782,-0.00294347963501861,-0.00365150134788776));
#5714=CARTESIAN_POINT('',(-0.00479308887603353,-0.00286355590861687,-0.00364790340510243));
#5715=CARTESIAN_POINT('',(-0.00480289352172982,-0.00284298399815492,-0.00364709840498404));
#5716=CARTESIAN_POINT('',(-0.00482013306992342,-0.00280640513484693,-0.00364589917085004));
#5717=CARTESIAN_POINT('',(-0.00482760134856392,-0.00279042080643307,-0.00364545354374463));
#5718=CARTESIAN_POINT('',(-0.00488607996518859,-0.00266418065531257,-0.00364258818987335));
#5719=CARTESIAN_POINT('',(-0.0049348298247914,-0.00255244270796412,-0.00364397332050518));
#5720=CARTESIAN_POINT('',(-0.00498116862532612,-0.00243990229383695,-0.00365081196231427));
#5721=CARTESIAN_POINT('',(-0.00498276604049428,-0.00243602274230598,-0.00365104770752194));
#5722=CARTESIAN_POINT('',(-0.00498436345566244,-0.00243214319077501,-0.00365128345272962));
#5723=CARTESIAN_POINT('',(-0.0049859608708306,-0.00242826363924403,-0.00365151919793729));
#5724=CARTESIAN_POINT('',(-0.00413374771140157,-0.00429025660136946,-0.00404812641012143));
#5725=CARTESIAN_POINT('',(-0.00423970581281053,-0.0041892843329584,-0.00404722801063682));
#5726=CARTESIAN_POINT('',(-0.00433997671179841,-0.00407263231847334,-0.00403644399787411));
#5727=CARTESIAN_POINT('',(-0.00443605618309657,-0.00394300900179726,-0.00402166875473193));
#5728=CARTESIAN_POINT('',(-0.00448259154268994,-0.00388015865874379,-0.00401449524715808));
#5729=CARTESIAN_POINT('',(-0.00452738028601768,-0.00381540850723822,-0.00400652550770211));
#5730=CARTESIAN_POINT('',(-0.00461504551773884,-0.00368098459594773,-0.00399000671726946));
#5731=CARTESIAN_POINT('',(-0.00465792159304654,-0.00361131242651863,-0.00398145757693944));
#5732=CARTESIAN_POINT('',(-0.00470073796297664,-0.00353814156721815,-0.00397305287567775));
#5733=CARTESIAN_POINT('',(-0.00470161298045437,-0.00353664464304552,-0.00397288118791548));
#5734=CARTESIAN_POINT('',(-0.0047043326488067,-0.00353198714662747,-0.00397234772720013));
#5735=CARTESIAN_POINT('',(-0.00470617588967238,-0.00352882359228833,-0.00397198645604143));
#5736=CARTESIAN_POINT('',(-0.00470881092552954,-0.00352429116396867,-0.00397147046615655));
#5737=CARTESIAN_POINT('',(-0.00470960428420749,-0.00352292526927755,-0.00397131519352225));
#5738=CARTESIAN_POINT('',(-0.00471165252864079,-0.00351939555747405,-0.00397091448766244));
#5739=CARTESIAN_POINT('',(-0.00471290684533553,-0.00351723076886903,-0.00397066924843492));
#5740=CARTESIAN_POINT('',(-0.00471544863247092,-0.00351283747545422,-0.00397017266857677));
#5741=CARTESIAN_POINT('',(-0.00471673603642482,-0.00351060889952877,-0.00396992134718714));
#5742=CARTESIAN_POINT('',(-0.00471894713653554,-0.00350677553791368,-0.00396949006962836));
#5743=CARTESIAN_POINT('',(-0.00471987126080909,-0.00350517164613135,-0.00396930992784652));
#5744=CARTESIAN_POINT('',(-0.00472342485660501,-0.00349899739036283,-0.00396861766289498));
#5745=CARTESIAN_POINT('',(-0.0047260510819538,-0.00349442027349361,-0.00396810699465701));
#5746=CARTESIAN_POINT('',(-0.0047329830545259,-0.00348230178304795,-0.00396676196310841));
#5747=CARTESIAN_POINT('',(-0.00473728248701015,-0.00347474754629203,-0.00396593068008538));
#5748=CARTESIAN_POINT('',(-0.00474189104827332,-0.00346660991507851,-0.00396504351623902));
#5749=CARTESIAN_POINT('',(-0.00474221016082286,-0.00346604622696381,-0.00396498211799479));
#5750=CARTESIAN_POINT('',(-0.00474474795568592,-0.00346156174895167,-0.00396449395018991));
#5751=CARTESIAN_POINT('',(-0.00474696397233392,-0.0034576357723317,-0.00396406865329634));
#5752=CARTESIAN_POINT('',(-0.00475252285494239,-0.00344776225176772,-0.00396300446766907));
#5753=CARTESIAN_POINT('',(-0.00475586229668884,-0.00344180790205851,-0.0039623676456829));
#5754=CARTESIAN_POINT('',(-0.00476085714020285,-0.00343286790232538,-0.00396141934391046));
#5755=CARTESIAN_POINT('',(-0.00476251716032203,-0.00342989107248411,-0.00396110487620731));
#5756=CARTESIAN_POINT('',(-0.00480636297780614,-0.00335111597156277,-0.00395281839798768));
#5757=CARTESIAN_POINT('',(-0.00484756477002381,-0.00327345557265435,-0.00394551112385937));
#5758=CARTESIAN_POINT('',(-0.004918834389411,-0.00313340693678208,-0.0039348985619951));
#5759=CARTESIAN_POINT('',(-0.00494930397196385,-0.00307156026381398,-0.00393106110640061));
#5760=CARTESIAN_POINT('',(-0.00498946551731899,-0.00298761748476828,-0.00392736401150251));
#5761=CARTESIAN_POINT('',(-0.00499969575855829,-0.00296601582618717,-0.0039265451794984));
#5762=CARTESIAN_POINT('',(-0.00501770278015162,-0.00292761559808552,-0.00392534508310703));
#5763=CARTESIAN_POINT('',(-0.00502550906674842,-0.00291084038432911,-0.00392490660117669));
#5764=CARTESIAN_POINT('',(-0.00508667979835106,-0.0027783987514209,-0.00392216299738702));
#5765=CARTESIAN_POINT('',(-0.0051380274475296,-0.00266132787713262,-0.00392407412258961));
#5766=CARTESIAN_POINT('',(-0.00518687791323291,-0.00254441681977003,-0.00393200145169433));
#5767=CARTESIAN_POINT('',(-0.00518856191182557,-0.00254038660115838,-0.00393227472669517));
#5768=CARTESIAN_POINT('',(-0.00519024591041824,-0.00253635638254672,-0.003932548001696));
#5769=CARTESIAN_POINT('',(-0.0051919299090109,-0.00253232616393507,-0.00393282127669684));
#5770=CARTESIAN_POINT('',(-0.00416218788618841,-0.0043197317082111,-0.00409411771996457));
#5771=CARTESIAN_POINT('',(-0.00426869718300983,-0.00421817281475938,-0.00409316664353182));
#5772=CARTESIAN_POINT('',(-0.00436917909241642,-0.00410096772327276,-0.0040822616905148));
#5773=CARTESIAN_POINT('',(-0.00446557025470851,-0.00397051536731587,-0.00406733120421796));
#5774=CARTESIAN_POINT('',(-0.00451225656795887,-0.00390726274191991,-0.00406008236956615));
#5775=CARTESIAN_POINT('',(-0.00455719826306352,-0.00384207148965594,-0.00405203147401426));
#5776=CARTESIAN_POINT('',(-0.00464519291839102,-0.00370668452543325,-0.00403534730997774));
#5777=CARTESIAN_POINT('',(-0.0046882448554332,-0.00363649039408588,-0.00402671397420441));
#5778=CARTESIAN_POINT('',(-0.00473125325758201,-0.00356275764238415,-0.00401822810638631));
#5779=CARTESIAN_POINT('',(-0.004732132205048,-0.00356124921929836,-0.00401805475735339));
#5780=CARTESIAN_POINT('',(-0.00473486410920235,-0.00355655592763439,-0.00401751614320353));
#5781=CARTESIAN_POINT('',(-0.00473671567089239,-0.0035533680376224,-0.00401715138527204));
#5782=CARTESIAN_POINT('',(-0.00473936264108404,-0.00354880071547473,-0.00401663042036431));
#5783=CARTESIAN_POINT('',(-0.00474015962680337,-0.00354742426004802,-0.00401647365322699));
#5784=CARTESIAN_POINT('',(-0.00474221723774567,-0.00354386726373405,-0.00401606909390717));
#5785=CARTESIAN_POINT('',(-0.00474347727738128,-0.00354168576983361,-0.00401582149709576));
#5786=CARTESIAN_POINT('',(-0.00474603071076882,-0.00353725852335755,-0.00401532014827994));
#5787=CARTESIAN_POINT('',(-0.00474732403160423,-0.00353501270851184,-0.00401506641572089));
#5788=CARTESIAN_POINT('',(-0.00474954532450172,-0.00353114966866645,-0.00401463100499251));
#5789=CARTESIAN_POINT('',(-0.0047504737181485,-0.00352953335146145,-0.00401444913824031));
#5790=CARTESIAN_POINT('',(-0.00475404376629393,-0.00352331123456114,-0.00401375024998488));
#5791=CARTESIAN_POINT('',(-0.00475668222430933,-0.00351869857647456,-0.00401323470803864));
#5792=CARTESIAN_POINT('',(-0.00476364666726815,-0.00350648585025955,-0.00401187686852207));
#5793=CARTESIAN_POINT('',(-0.00476796642486113,-0.00349887273346603,-0.00401103769757953));
#5794=CARTESIAN_POINT('',(-0.00477259694061011,-0.00349067157364998,-0.00401014213865124));
#5795=CARTESIAN_POINT('',(-0.00477291757491538,-0.00349010348384628,-0.00401008015661767));
#5796=CARTESIAN_POINT('',(-0.00477546747727685,-0.00348558398698893,-0.00400958735977699));
#5797=CARTESIAN_POINT('',(-0.00477769411323356,-0.00348162733216021,-0.00400915803598079));
#5798=CARTESIAN_POINT('',(-0.00478327973719974,-0.00347167662719158,-0.00400808378457457));
#5799=CARTESIAN_POINT('',(-0.00478663536668539,-0.00346567565707598,-0.00400744095821862));
#5800=CARTESIAN_POINT('',(-0.00479165460111009,-0.0034566655607365,-0.00400648374157364));
#5801=CARTESIAN_POINT('',(-0.00479332275696859,-0.00345366537407879,-0.00400616632188805));
#5802=CARTESIAN_POINT('',(-0.00483738423556511,-0.00337427178252205,-0.00399780216701359));
#5803=CARTESIAN_POINT('',(-0.00487880740391703,-0.00329599124889334,-0.00399042904300758));
#5804=CARTESIAN_POINT('',(-0.00495049567372203,-0.00315482523396706,-0.00397973144550497));
#5805=CARTESIAN_POINT('',(-0.0049811565948383,-0.0030924854512216,-0.00397586760322625));
#5806=CARTESIAN_POINT('',(-0.005021587929952,-0.00300788243632199,-0.0039721562191647));
#5807=CARTESIAN_POINT('',(-0.00503188848433781,-0.00298611168351455,-0.003971335607782));
#5808=CARTESIAN_POINT('',(-0.00505002220843049,-0.00294741272769951,-0.00397013616251126));
#5809=CARTESIAN_POINT('',(-0.00505788435860665,-0.00293050775239565,-0.00396969921706445));
#5810=CARTESIAN_POINT('',(-0.0051195004054754,-0.00279704857474265,-0.00396697857234561));
#5811=CARTESIAN_POINT('',(-0.00517127088410119,-0.00267911362849851,-0.00396897480643821));
#5812=CARTESIAN_POINT('',(-0.00522055946215533,-0.0025614661398942,-0.00397709369352091));
#5813=CARTESIAN_POINT('',(-0.0052222585635842,-0.00255741053464279,-0.00397737357200773));
#5814=CARTESIAN_POINT('',(-0.00522395766501307,-0.00255335492939138,-0.00397765345049454));
#5815=CARTESIAN_POINT('',(-0.00522565676644195,-0.00254929932413997,-0.00397793332898136));
#5816=CARTESIAN_POINT('',(-0.00419095086643426,-0.00434954936509484,-0.00413968038415115));
#5817=CARTESIAN_POINT('',(-0.00429795019438263,-0.00424746117203136,-0.00413867899527611));
#5818=CARTESIAN_POINT('',(-0.00439867351832851,-0.00412966878663048,-0.00412765642429563));
#5819=CARTESIAN_POINT('',(-0.00449538459455452,-0.00399837125068976,-0.00411257498828789));
#5820=CARTESIAN_POINT('',(-0.0045422259028785,-0.00393470846616554,-0.00410525291433301));
#5821=CARTESIAN_POINT('',(-0.00458732634508593,-0.00386906596275593,-0.0040971231325396));
#5822=CARTESIAN_POINT('',(-0.00467566197157706,-0.00373269482557621,-0.00408027833334969));
#5823=CARTESIAN_POINT('',(-0.00471889530425606,-0.00366196790139113,-0.00407156317198996));
#5824=CARTESIAN_POINT('',(-0.00476210187415256,-0.003587661360573,-0.00406299861437381));
#5825=CARTESIAN_POINT('',(-0.004762984876941,-0.00358614119509517,-0.00406282365194474));
#5826=CARTESIAN_POINT('',(-0.00476572940942459,-0.00358141134511978,-0.0040622800377089));
#5827=CARTESIAN_POINT('',(-0.00476758956087953,-0.00357819859563971,-0.00406191189722395));
#5828=CARTESIAN_POINT('',(-0.00477024885546976,-0.00357359561986862,-0.00406138610689827));
#5829=CARTESIAN_POINT('',(-0.00477104956146085,-0.00357220840980563,-0.00406122788867189));
#5830=CARTESIAN_POINT('',(-0.00477311679081254,-0.00356862361128184,-0.00406081958680417));
#5831=CARTESIAN_POINT('',(-0.00477438273182963,-0.00356642505893238,-0.00406056970134174));
#5832=CARTESIAN_POINT('',(-0.00477694815675904,-0.0035619631659266,-0.00406006372272794));
#5833=CARTESIAN_POINT('',(-0.00477824756736136,-0.00355969976302256,-0.00405980764931002));
#5834=CARTESIAN_POINT('',(-0.00478047934696756,-0.00355580644840986,-0.00405936822588978));
#5835=CARTESIAN_POINT('',(-0.00478141213178274,-0.00355417745758346,-0.00405918468437207));
#5836=CARTESIAN_POINT('',(-0.00478499909733582,-0.00354790652846276,-0.0040584793655356));
#5837=CARTESIAN_POINT('',(-0.00478765012479748,-0.00354325763332275,-0.00405795909192168));
#5838=CARTESIAN_POINT('',(-0.00479464791860411,-0.00353094883863343,-0.0040565888181955));
#5839=CARTESIAN_POINT('',(-0.0047989885397283,-0.00352327570770483,-0.00405574199125997));
#5840=CARTESIAN_POINT('',(-0.00480364159294382,-0.00351500977563377,-0.00405483828999827));
#5841=CARTESIAN_POINT('',(-0.00480396378992384,-0.00351443719742113,-0.00405477573964706));
#5842=CARTESIAN_POINT('',(-0.00480652612478467,-0.00350988199271162,-0.004054278445396));
#5843=CARTESIAN_POINT('',(-0.00480876367111431,-0.00350589405061454,-0.00405384521173793));
#5844=CARTESIAN_POINT('',(-0.00481437679331341,-0.00349586459677453,-0.00405276119644097));
#5845=CARTESIAN_POINT('',(-0.0048177490638851,-0.00348981607241843,-0.00405211254614561));
#5846=CARTESIAN_POINT('',(-0.00482279336531658,-0.00348073448542212,-0.00405114668443243));
#5847=CARTESIAN_POINT('',(-0.00482446988149611,-0.00347771047880951,-0.00405082640252536));
#5848=CARTESIAN_POINT('',(-0.00486875295078794,-0.00339768615919703,-0.0040423869472633));
#5849=CARTESIAN_POINT('',(-0.00491040278780275,-0.00331877387997382,-0.00403495006990108));
#5850=CARTESIAN_POINT('',(-0.00498251888791522,-0.00317647063896615,-0.00402417068441669));
#5851=CARTESIAN_POINT('',(-0.00501337506423571,-0.00311362933268715,-0.00402028173648047));
#5852=CARTESIAN_POINT('',(-0.00505408165073294,-0.00302835525549163,-0.00401655771479335));
#5853=CARTESIAN_POINT('',(-0.00506445393794461,-0.00300641267397447,-0.00401573574272709));
#5854=CARTESIAN_POINT('',(-0.00508271687624414,-0.00296741035287766,-0.00401453766338269));
#5855=CARTESIAN_POINT('',(-0.00509063603602496,-0.00295037356889239,-0.00401410258235831));
#5856=CARTESIAN_POINT('',(-0.00515270681251482,-0.00281588068218457,-0.00401140760900802));
#5857=CARTESIAN_POINT('',(-0.00520490537050214,-0.00269707377992721,-0.00401348942691352));
#5858=CARTESIAN_POINT('',(-0.00525465761318855,-0.00257866409821027,-0.00402181056434365));
#5859=CARTESIAN_POINT('',(-0.00525637269830513,-0.00257458221824253,-0.00402209741490935));
#5860=CARTESIAN_POINT('',(-0.00525808778342171,-0.00257050033827479,-0.00402238426547505));
#5861=CARTESIAN_POINT('',(-0.00525980286853829,-0.00256641845830705,-0.00402267111604075));
#5862=CARTESIAN_POINT('',(-0.00410647071174859,-0.00426199478690645,-0.00400309018705343));
#5863=CARTESIAN_POINT('',(-0.0039614268935639,-0.00411171343439196,-0.00376371264540628));
#5864=CARTESIAN_POINT('',(-0.00382518169231025,-0.00397076443678111,-0.0035131787462332));
#5865=CARTESIAN_POINT('',(-0.00369836912848744,-0.00383980068082119,-0.00325301368615253));
#5866=CARTESIAN_POINT('',(-0.00410647071123107,-0.00426199478739934,-0.00400309018705758));
#5867=CARTESIAN_POINT('',(-0.00369829406430305,-0.00383972121997815,-0.00325309022056094));
#5868=CARTESIAN_POINT('',(-0.00369840590216822,-0.00383983967766049,-0.00325309018705757));
#5869=CARTESIAN_POINT('',(-0.00415069895827845,-0.00341282219625328,-0.00325309018705757));
#5870=CARTESIAN_POINT('',(-0.00451660667898018,-0.00289343309222229,-0.00325309018705758));
#5871=CARTESIAN_POINT('',(-0.00473192053888576,-0.00230945860967001,-0.00325309018705758));
#5872=CARTESIAN_POINT('',(-0.00473181450865583,-0.00230941951587609,-0.00325309020968205));
#5873=CARTESIAN_POINT('',(-0.00473188722468914,-0.00230944633174923,-0.00325303775913782));
#5874=CARTESIAN_POINT('',(-0.00488885430841652,-0.00239221095573421,-0.00351279238369825));
#5875=CARTESIAN_POINT('',(-0.00505863010850005,-0.00247969910274866,-0.0037633077807677));
#5876=CARTESIAN_POINT('',(-0.00524041818047291,-0.00257147862197172,-0.00400308297069661));
#5877=CARTESIAN_POINT('',(-0.00524041011664907,-0.00257147574118374,-0.00400309018705758));
#5878=CARTESIAN_POINT('',(-0.00524042390752083,-0.00257148066794513,-0.00400309018705758));
#5879=CARTESIAN_POINT('',(-0.00500948376151939,-0.00321792229626104,-0.00400309018705758));
#5880=CARTESIAN_POINT('',(-0.00460553727597659,-0.0037914853362693,-0.00400309018705758));
#5881=CARTESIAN_POINT('',(-0.00410647071123107,-0.00426199478739934,-0.00400309018705758));
#5882=CARTESIAN_POINT('',(-0.00369588683885871,-0.00383723325459399,-0.00324838219442513));
#5883=CARTESIAN_POINT('',(-0.00388931430407805,-0.00403699027954757,-0.00364548139574922));
#5884=CARTESIAN_POINT('',(-0.00411091475428507,-0.00426659937039825,-0.00401041664326374));
#5885=CARTESIAN_POINT('',(-0.0035757727935489,-0.0039475647089377,-0.00324512579895663));
#5886=CARTESIAN_POINT('',(-0.00376229174700936,-0.0041530821628651,-0.00364191168837075));
#5887=CARTESIAN_POINT('',(-0.00397620327895881,-0.00438907401572181,-0.00400665041568778));
#5888=CARTESIAN_POINT('',(-0.00345232633132988,-0.00405576606200836,-0.00324500626549535));
#5889=CARTESIAN_POINT('',(-0.00363204674997296,-0.00426722108176079,-0.00364178040187877));
#5890=CARTESIAN_POINT('',(-0.0038384196660211,-0.0045097956597081,-0.00400651171622273));
#5891=CARTESIAN_POINT('',(-0.00332741318870537,-0.00416022286056791,-0.00324800174822329));
#5892=CARTESIAN_POINT('',(-0.0035005075085538,-0.00437773614340527,-0.00364506432727665));
#5893=CARTESIAN_POINT('',(-0.00369953381220021,-0.00462705506521725,-0.0040099766032312));
#5894=CARTESIAN_POINT('',(-0.00332980437941811,-0.00416322363950757,-0.00325301377743862));
#5895=CARTESIAN_POINT('',(-0.003443310385706,-0.00430585545249407,-0.00351317781926162));
#5896=CARTESIAN_POINT('',(-0.00356549141876802,-0.00445913679438798,-0.00376371171258341));
#5897=CARTESIAN_POINT('',(-0.00369578178079613,-0.00462235485989153,-0.00400309018482014));
#5898=CARTESIAN_POINT('',(-0.00369578177917451,-0.00462235485790454,-0.00400309018705758));
#5899=CARTESIAN_POINT('',(-0.0033297354210317,-0.00416313898475034,-0.00325309022053761));
#5900=CARTESIAN_POINT('',(-0.0033296330738023,-0.00416301237397672,-0.00325309018705758));
#5901=CARTESIAN_POINT('',(-0.0034564386530529,-0.00405971752583749,-0.00325309018705758));
#5902=CARTESIAN_POINT('',(-0.00357928934390592,-0.00395191579116465,-0.00325309018705758));
#5903=CARTESIAN_POINT('',(-0.00369818165308041,-0.00383960318910735,-0.00325309018705758));
#5904=CARTESIAN_POINT('',(-0.00410647070996055,-0.00426199478502898,-0.00400309018705758));
#5905=CARTESIAN_POINT('',(-0.00397386884920971,-0.00438700903285757,-0.00400309018705758));
#5906=CARTESIAN_POINT('',(-0.00383697108938618,-0.00450712740584693,-0.00400309018705758));
#5907=CARTESIAN_POINT('',(-0.00369578177917451,-0.00462235485790454,-0.00400309018705758));
#5908=CARTESIAN_POINT('',(-0.000292660639024431,-0.0051404998207507,-0.00297104605851674));
#5909=CARTESIAN_POINT('',(-0.000511185278354099,-0.00512608849121765,-0.00297210046141847));
#5910=CARTESIAN_POINT('',(-0.000730695661289895,-0.00509730233014651,-0.00297184385138837));
#5911=CARTESIAN_POINT('',(-0.00102021283311137,-0.0050400455786526,-0.00297027335122902));
#5912=CARTESIAN_POINT('',(-0.00109267211302725,-0.00502412048444828,-0.0029697830899522));
#5913=CARTESIAN_POINT('',(-0.00139139499925179,-0.00495175157555768,-0.00296744740046942));
#5914=CARTESIAN_POINT('',(-0.00161628665071449,-0.0048810586690715,-0.00296493995430308));
#5915=CARTESIAN_POINT('',(-0.00189271411354908,-0.0047735951251799,-0.00296185322259265));
#5916=CARTESIAN_POINT('',(-0.00195037693234696,-0.00475000179874634,-0.00296120884402674));
#5917=CARTESIAN_POINT('',(-0.00200870550313244,-0.00472493113147135,-0.00296056919115126));
#5918=CARTESIAN_POINT('',(-0.00200981285476149,-0.00472445472233764,-0.00296055703729447));
#5919=CARTESIAN_POINT('',(-0.00201220944317154,-0.0047234226787256,-0.00296053075951447));
#5920=CARTESIAN_POINT('',(-0.00201349862110899,-0.0047228669094328,-0.00296051663057665));
#5921=CARTESIAN_POINT('',(-0.00202124621785962,-0.00471952322385121,-0.00296043175907911));
#5922=CARTESIAN_POINT('',(-0.00202769905401345,-0.00471672299659554,-0.00296036123568068));
#5923=CARTESIAN_POINT('',(-0.0020429843988062,-0.0047100535100117,-0.00296019464821308));
#5924=CARTESIAN_POINT('',(-0.00205181174630416,-0.00470617300241186,-0.00296009881401859));
#5925=CARTESIAN_POINT('',(-0.00206223932924963,-0.00470155483816237,-0.00295998605018029));
#5926=CARTESIAN_POINT('',(-0.00206388507303743,-0.00470082499306752,-0.00295996824363381));
#5927=CARTESIAN_POINT('',(-0.00206585141767196,-0.00469995177359582,-0.00295994699867094));
#5928=CARTESIAN_POINT('',(-0.0020662070358261,-0.00469979380299378,-0.00295994315708596));
#5929=CARTESIAN_POINT('',(-0.0021360474531215,-0.00466876141374431,-0.00295918882067166));
#5930=CARTESIAN_POINT('',(-0.00220486939494468,-0.00463639220633179,-0.00295846962225625));
#5931=CARTESIAN_POINT('',(-0.00230487922210303,-0.00458668156569534,-0.00295749299306445));
#5932=CARTESIAN_POINT('',(-0.00233667792606761,-0.00457046981028597,-0.00295719232247197));
#5933=CARTESIAN_POINT('',(-0.00243093373381705,-0.00452119644838553,-0.00295633798894222));
#5934=CARTESIAN_POINT('',(-0.00249284858997264,-0.0044872142213966,-0.00295582545978523));
#5935=CARTESIAN_POINT('',(-0.00258911321612654,-0.00443179077991414,-0.00295512843221582));
#5936=CARTESIAN_POINT('',(-0.00262468071080364,-0.00441075126035552,-0.00295489254949596));
#5937=CARTESIAN_POINT('',(-0.00265995526476834,-0.00438930567466215,-0.00295468338913037));
#5938=CARTESIAN_POINT('',(-0.00285143604543572,-0.00427283224792136,-0.00295355059019352));
#5939=CARTESIAN_POINT('',(-0.00303361491163496,-0.00414491658644898,-0.00295322073266131));
#5940=CARTESIAN_POINT('',(-0.00320486274317222,-0.00400611413181462,-0.00295400484573404));
#5941=CARTESIAN_POINT('',(-0.00320973308846337,-0.00400216654383491,-0.00295402714617065));
#5942=CARTESIAN_POINT('',(-0.00321460343375452,-0.0039982189558552,-0.00295404944660725));
#5943=CARTESIAN_POINT('',(-0.00321947377904567,-0.00399427136787548,-0.00295407174704386));
#5944=CARTESIAN_POINT('',(-0.000305211430674317,-0.00537938980831477,-0.00334011094593831));
#5945=CARTESIAN_POINT('',(-0.000533611357267024,-0.00536432495912149,-0.0033412505473367));
#5946=CARTESIAN_POINT('',(-0.000763199407217698,-0.00533418775567088,-0.00334096081423657));
#5947=CARTESIAN_POINT('',(-0.00106606021846996,-0.00527420231146559,-0.0033392463555162));
#5948=CARTESIAN_POINT('',(-0.00114186486663527,-0.00525751653009726,-0.0033387126383673));
#5949=CARTESIAN_POINT('',(-0.00145437825740771,-0.00518168703864892,-0.00333617392597023));
#5950=CARTESIAN_POINT('',(-0.00168964023539923,-0.0051076053771934,-0.0033334549420872));
#5951=CARTESIAN_POINT('',(-0.00197879057788671,-0.0049949798705551,-0.00333009224316695));
#5952=CARTESIAN_POINT('',(-0.00203910825933769,-0.00497024947808274,-0.00332938895747135));
#5953=CARTESIAN_POINT('',(-0.00210012378660556,-0.0049439796660694,-0.00332869121399966));
#5954=CARTESIAN_POINT('',(-0.00210128213129212,-0.00494348047177913,-0.00332867791151166));
#5955=CARTESIAN_POINT('',(-0.00210378909034517,-0.00494239904970216,-0.00332864919733693));
#5956=CARTESIAN_POINT('',(-0.00210513763234997,-0.00494181668330957,-0.00332863375788207));
#5957=CARTESIAN_POINT('',(-0.00211324199902542,-0.00493831292362838,-0.00332854101340656));
#5958=CARTESIAN_POINT('',(-0.00211999200146919,-0.00493537839432484,-0.00332846394479097));
#5959=CARTESIAN_POINT('',(-0.00213598119296803,-0.00492838857645959,-0.00332828199715688));
#5960=CARTESIAN_POINT('',(-0.00214521495560305,-0.00492432133725652,-0.00332817740715729));
#5961=CARTESIAN_POINT('',(-0.00215612238205143,-0.00491948054576977,-0.00332805430054311));
#5962=CARTESIAN_POINT('',(-0.00215784388699352,-0.004918715517497,-0.00332803479215161));
#5963=CARTESIAN_POINT('',(-0.00215990074417261,-0.00491780021950993,-0.0033280115584191));
#5964=CARTESIAN_POINT('',(-0.00216027273203328,-0.00491763463706018,-0.00332800735712266));
#5965=CARTESIAN_POINT('',(-0.0022333280648226,-0.00488510701975924,-0.00332718239661034));
#5966=CARTESIAN_POINT('',(-0.00230532776887163,-0.00485118539402767,-0.00332639630641403));
#5967=CARTESIAN_POINT('',(-0.00240995301323907,-0.00479909216383383,-0.00332532633693209));
#5968=CARTESIAN_POINT('',(-0.0024432220424103,-0.00478210300442814,-0.00332499709074784));
#5969=CARTESIAN_POINT('',(-0.00254183808272658,-0.00473046983492733,-0.00332406122869769));
#5970=CARTESIAN_POINT('',(-0.0026066211891207,-0.00469486356160838,-0.00332349962463586));
#5971=CARTESIAN_POINT('',(-0.00270735434374166,-0.00463679863392623,-0.00332273723012231));
#5972=CARTESIAN_POINT('',(-0.00274457429075671,-0.00461475831132452,-0.00332247955188302));
#5973=CARTESIAN_POINT('',(-0.00278148955197567,-0.00459229449868935,-0.00332225162261766));
#5974=CARTESIAN_POINT('',(-0.00298187675062669,-0.00447029116395539,-0.00332101723576268));
#5975=CARTESIAN_POINT('',(-0.00317255434603624,-0.00433640020095639,-0.00332069011856244));
#5976=CARTESIAN_POINT('',(-0.00335184890830139,-0.00419107825596485,-0.00332154502808844));
#5977=CARTESIAN_POINT('',(-0.00335694810529103,-0.0041869452515108,-0.00332156934199973));
#5978=CARTESIAN_POINT('',(-0.00336204730228067,-0.00418281224705675,-0.00332159365591102));
#5979=CARTESIAN_POINT('',(-0.00336714649927031,-0.0041786792426027,-0.00332161796982231));
#5980=CARTESIAN_POINT('',(-0.000319610376073977,-0.0056451359814655,-0.00369172031525934));
#5981=CARTESIAN_POINT('',(-0.000558969118757999,-0.00562946654466724,-0.00369309735258949));
#5982=CARTESIAN_POINT('',(-0.000799600871627196,-0.00559786516280025,-0.00369276919374485));
#5983=CARTESIAN_POINT('',(-0.00111719223047168,-0.00553487686343341,-0.00369088202866265));
#5984=CARTESIAN_POINT('',(-0.00119669763465977,-0.0055173497632047,-0.00369029437693971));
#5985=CARTESIAN_POINT('',(-0.00152450394719627,-0.0054376774219359,-0.00368750770620498));
#5986=CARTESIAN_POINT('',(-0.00177137460005188,-0.00535978794159335,-0.00368453680575252));
#5987=CARTESIAN_POINT('',(-0.0020747710885894,-0.00524132465542737,-0.00368088164362713));
#5988=CARTESIAN_POINT('',(-0.00213806680984401,-0.00521530595255818,-0.00368011746347046));
#5989=CARTESIAN_POINT('',(-0.0022020868132638,-0.00518767575993691,-0.00367936233413083));
#5990=CARTESIAN_POINT('',(-0.00220330217964775,-0.00518715071864191,-0.00367934791434267));
#5991=CARTESIAN_POINT('',(-0.00220593253842645,-0.00518601329919097,-0.00367931681433085));
#5992=CARTESIAN_POINT('',(-0.00220734744094124,-0.00518540078016221,-0.00367930009238142));
#5993=CARTESIAN_POINT('',(-0.00221585066322052,-0.00518171555978027,-0.00367919964803463));
#5994=CARTESIAN_POINT('',(-0.00222293302302877,-0.00517862885253071,-0.003679116198687));
#5995=CARTESIAN_POINT('',(-0.00223970962361397,-0.00517127624164702,-0.00367891929010168));
#5996=CARTESIAN_POINT('',(-0.00224939821820882,-0.00516699765454633,-0.00367880618212839));
#5997=CARTESIAN_POINT('',(-0.00226084280557449,-0.00516190509101549,-0.00367867308097773));
#5998=CARTESIAN_POINT('',(-0.00226264910752682,-0.00516110027326011,-0.00367865195383573));
#5999=CARTESIAN_POINT('',(-0.00226480727659078,-0.00516013737938818,-0.003678626816108));
#6000=CARTESIAN_POINT('',(-0.00226519758714106,-0.00515996318681569,-0.0036786222705343));
#6001=CARTESIAN_POINT('',(-0.00234185136938286,-0.00512574420904067,-0.00367772972510674));
#6002=CARTESIAN_POINT('',(-0.00241741066853541,-0.0050900578648253,-0.0036768839418018));
#6003=CARTESIAN_POINT('',(-0.00252718500643822,-0.00503527084259577,-0.00367573263120858));
#6004=CARTESIAN_POINT('',(-0.00256209690523521,-0.00501740157511768,-0.00367537978472305));
#6005=CARTESIAN_POINT('',(-0.00266557731213719,-0.00496310166252769,-0.00367437799957671));
#6006=CARTESIAN_POINT('',(-0.00273355300377162,-0.0049256653229348,-0.0036737792537595));
#6007=CARTESIAN_POINT('',(-0.00283925383185942,-0.00486463190551964,-0.00367297308571466));
#6008=CARTESIAN_POINT('',(-0.00287830853067428,-0.00484146946058954,-0.00367270223609866));
#6009=CARTESIAN_POINT('',(-0.00291704475453379,-0.0048178659455775,-0.00367246486884506));
#6010=CARTESIAN_POINT('',(-0.00312731675815625,-0.00468967321260035,-0.00367117962591118));
#6011=CARTESIAN_POINT('',(-0.00332744961356564,-0.0045491310038201,-0.00367092729292846));
#6012=CARTESIAN_POINT('',(-0.00351564969698472,-0.0043966972482526,-0.00367195743345573));
#6013=CARTESIAN_POINT('',(-0.00352100216995822,-0.00439236198154016,-0.00367198673099498));
#6014=CARTESIAN_POINT('',(-0.00352635464293172,-0.00438802671482772,-0.00367201602853423));
#6015=CARTESIAN_POINT('',(-0.00353170711590523,-0.00438369144811528,-0.00367204532607348));
#6016=CARTESIAN_POINT('',(-0.000335905870815154,-0.00593843867995737,-0.00402539193421959));
#6017=CARTESIAN_POINT('',(-0.000587461499994964,-0.00592234388102858,-0.00402726193284107));
#6018=CARTESIAN_POINT('',(-0.000840378048596311,-0.00588920630203413,-0.00402690189242886));
#6019=CARTESIAN_POINT('',(-0.00117441139613558,-0.00582307825499946,-0.00402490029081392));
#6020=CARTESIAN_POINT('',(-0.00125803334598376,-0.00580466892853655,-0.00402427001038014));
#6021=CARTESIAN_POINT('',(-0.00160282739177681,-0.00572093741310126,-0.0040212720714615));
#6022=CARTESIAN_POINT('',(-0.00186247793486439,-0.00563895925542949,-0.00401806907086642));
#6023=CARTESIAN_POINT('',(-0.00218149602660278,-0.00551402107412449,-0.00401413165881844));
#6024=CARTESIAN_POINT('',(-0.00224804550214348,-0.00548658645134609,-0.00401331036162243));
#6025=CARTESIAN_POINT('',(-0.00231534346978559,-0.00545739325119637,-0.00401249176490389));
#6026=CARTESIAN_POINT('',(-0.00231662116783292,-0.00545683849810531,-0.00401247640225011));
#6027=CARTESIAN_POINT('',(-0.00231938636608815,-0.00545563682518842,-0.00401244298065599));
#6028=CARTESIAN_POINT('',(-0.00232087382911943,-0.00545498974286824,-0.00401242501047779));
#6029=CARTESIAN_POINT('',(-0.00232981312224351,-0.00545109687428559,-0.0040123170550926));
#6030=CARTESIAN_POINT('',(-0.00233725875804049,-0.00544783754621031,-0.00401222731013461));
#6031=CARTESIAN_POINT('',(-0.00235489664403229,-0.00544007618207529,-0.00401201476764124));
#6032=CARTESIAN_POINT('',(-0.00236508323928942,-0.00543556162181211,-0.00401189205600303));
#6033=CARTESIAN_POINT('',(-0.00237711777273559,-0.00543019038591648,-0.00401174774674652));
#6034=CARTESIAN_POINT('',(-0.00237901701963526,-0.00542934152039927,-0.004011725251274));
#6035=CARTESIAN_POINT('',(-0.00238128629040281,-0.00542832582602088,-0.00401169822919323));
#6036=CARTESIAN_POINT('',(-0.0023816966925488,-0.0054281420789505,-0.00401169334324353));
#6037=CARTESIAN_POINT('',(-0.00246229610034812,-0.00539204570770227,-0.00401073387106728));
#6038=CARTESIAN_POINT('',(-0.00254170526806337,-0.00535434549989456,-0.00400981544450536));
#6039=CARTESIAN_POINT('',(-0.00265711027361607,-0.0052964825876076,-0.00400857216015586));
#6040=CARTESIAN_POINT('',(-0.00269380655785524,-0.00527761275718796,-0.00400819012415443));
#6041=CARTESIAN_POINT('',(-0.00280258418800802,-0.00522027133881077,-0.00400710681264535));
#6042=CARTESIAN_POINT('',(-0.00287404544803023,-0.0051807380595361,-0.00400646010620639));
#6043=CARTESIAN_POINT('',(-0.00298517655021446,-0.00511630772419656,-0.0040055922006938));
#6044=CARTESIAN_POINT('',(-0.00302624158422895,-0.00509185918135193,-0.00400530139206261));
#6045=CARTESIAN_POINT('',(-0.00306697462877668,-0.0050669521973449,-0.00400504770565386));
#6046=CARTESIAN_POINT('',(-0.00328808636363961,-0.00493168093134306,-0.00400367424900134));
#6047=CARTESIAN_POINT('',(-0.00349881009864102,-0.00478351696284196,-0.00400345530394167));
#6048=CARTESIAN_POINT('',(-0.0036967233737967,-0.00462353442987008,-0.00400482159599717));
#6049=CARTESIAN_POINT('',(-0.00370235209317409,-0.00461898447341731,-0.0040048604537977));
#6050=CARTESIAN_POINT('',(-0.00370798081255149,-0.00461443451696454,-0.00400489931159822));
#6051=CARTESIAN_POINT('',(-0.00371360953192888,-0.00460988456051177,-0.00400493816939875));
#6052=CARTESIAN_POINT('',(-0.000336079693286044,-0.00594156654846731,-0.00402894459276097));
#6053=CARTESIAN_POINT('',(-0.000587765314086251,-0.00592546724730961,-0.00403081985865504));
#6054=CARTESIAN_POINT('',(-0.000840812976602432,-0.00589231328977606,-0.00403045950261883));
#6055=CARTESIAN_POINT('',(-0.00117502166702927,-0.00582615179378978,-0.00402845668592642));
#6056=CARTESIAN_POINT('',(-0.00125868752326309,-0.00580773306733675,-0.00402782595270778));
#6057=CARTESIAN_POINT('',(-0.00160366274771382,-0.00572395829306852,-0.00402482576882229));
#6058=CARTESIAN_POINT('',(-0.00186344960103672,-0.00564193656347382,-0.0040216203008313));
#6059=CARTESIAN_POINT('',(-0.0021826342747054,-0.00551692931623762,-0.00401767988298857));
#6060=CARTESIAN_POINT('',(-0.00224921843610632,-0.00548947955817207,-0.00401685797419678));
#6061=CARTESIAN_POINT('',(-0.00231655138473452,-0.0054602697518567,-0.0040160387098939));
#6062=CARTESIAN_POINT('',(-0.0023178297477424,-0.0054597146831008,-0.00401602333677537));
#6063=CARTESIAN_POINT('',(-0.00232059638464008,-0.0054585123272633,-0.00401598989016663));
#6064=CARTESIAN_POINT('',(-0.00232208462180578,-0.00545786487747593,-0.00401597190653879));
#6065=CARTESIAN_POINT('',(-0.00233102856715236,-0.00545396980055001,-0.00401586387025069));
#6066=CARTESIAN_POINT('',(-0.00233847807790769,-0.00545070863365414,-0.00401577405759833));
#6067=CARTESIAN_POINT('',(-0.00235612514851796,-0.0054429429094405,-0.00401556134873636));
#6068=CARTESIAN_POINT('',(-0.00236631705243479,-0.0054384258275013,-0.0040154385362223));
#6069=CARTESIAN_POINT('',(-0.00237835787056868,-0.0054330516081934,-0.00401529410900422));
#6070=CARTESIAN_POINT('',(-0.00238025810796152,-0.00543220227110884,-0.00401527159829196));
#6071=CARTESIAN_POINT('',(-0.00238252856259008,-0.0054311860116645,-0.00401524455590232));
#6072=CARTESIAN_POINT('',(-0.00238293917882778,-0.00543100216234784,-0.00401523966628328));
#6073=CARTESIAN_POINT('',(-0.00246358063071458,-0.00539488570133112,-0.00401427947282386));
#6074=CARTESIAN_POINT('',(-0.00254303087496599,-0.00535716405357545,-0.00401336027867122));
#6075=CARTESIAN_POINT('',(-0.00265849591428765,-0.00529926833026436,-0.00401211601376955));
#6076=CARTESIAN_POINT('',(-0.00269521122652615,-0.00528038782455901,-0.00401173366697503));
#6077=CARTESIAN_POINT('',(-0.00280404533988373,-0.00522301395577511,-0.00401064948649213));
#6078=CARTESIAN_POINT('',(-0.00287554376317704,-0.00518345830386932,-0.00401000226816281));
#6079=CARTESIAN_POINT('',(-0.00298673276495972,-0.00511899172618672,-0.0040091337034042));
#6080=CARTESIAN_POINT('',(-0.00302781923337992,-0.0050945294624446,-0.00400884268152211));
#6081=CARTESIAN_POINT('',(-0.00306857356890171,-0.00506960857226243,-0.00400858882082819));
#6082=CARTESIAN_POINT('',(-0.00328980088169587,-0.00493426178824244,-0.00400721442206788));
#6083=CARTESIAN_POINT('',(-0.00350063751326466,-0.00478601653189766,-0.00400699581071397));
#6084=CARTESIAN_POINT('',(-0.00369865442848618,-0.00462595347932837,-0.00400836569777946));
#6085=CARTESIAN_POINT('',(-0.00370428609542152,-0.00462140123287146,-0.00400840465782327));
#6086=CARTESIAN_POINT('',(-0.00370991776235686,-0.00461684898641456,-0.00400844361786708));
#6087=CARTESIAN_POINT('',(-0.0037155494292922,-0.00461229673995765,-0.00400848257791089));
#6088=CARTESIAN_POINT('',(-0.000336253714887405,-0.00594469723825175,-0.00403249474616062));
#6089=CARTESIAN_POINT('',(-0.000588069367971443,-0.00592859346400017,-0.0040343752938416));
#6090=CARTESIAN_POINT('',(-0.000841248364696437,-0.005895423117954,-0.00403401464563621));
#6091=CARTESIAN_POINT('',(-0.00117563255785102,-0.00582922817786801,-0.00403201061822498));
#6092=CARTESIAN_POINT('',(-0.00125934236643382,-0.00581080005151165,-0.00403137943366356));
#6093=CARTESIAN_POINT('',(-0.00160449894990852,-0.00572698200997118,-0.00402837701099538));
#6094=CARTESIAN_POINT('',(-0.00186442225787908,-0.00564491670018618,-0.00402516908127171));
#6095=CARTESIAN_POINT('',(-0.00218377365265413,-0.00551984031019105,-0.00402122565941521));
#6096=CARTESIAN_POINT('',(-0.00225039251869591,-0.00549237536945456,-0.00402040313620887));
#6097=CARTESIAN_POINT('',(-0.00231776050216606,-0.00546314900075107,-0.00401958321257201));
#6098=CARTESIAN_POINT('',(-0.00231903953095424,-0.00546259361717013,-0.00401956782859293));
#6099=CARTESIAN_POINT('',(-0.00232180760842026,-0.00546139057996535,-0.00401953435670771));
#6100=CARTESIAN_POINT('',(-0.00232329662072304,-0.00546074276344234,-0.00401951635948925));
#6101=CARTESIAN_POINT('',(-0.00233224522419077,-0.00545684548191744,-0.00401940824147676));
#6102=CARTESIAN_POINT('',(-0.00233969861420215,-0.00545358247647415,-0.00401931836055212));
#6103=CARTESIAN_POINT('',(-0.00235735487729057,-0.00544581238724582,-0.00401910548553182));
#6104=CARTESIAN_POINT('',(-0.00236755209257009,-0.00544129277641644,-0.00401898257352302));
#6105=CARTESIAN_POINT('',(-0.00237959919470216,-0.00543591556001842,-0.00401883802973464));
#6106=CARTESIAN_POINT('',(-0.0023815004228131,-0.00543506574920396,-0.0040188155031581));
#6107=CARTESIAN_POINT('',(-0.00238377206145345,-0.00543404892229739,-0.00401878844024188));
#6108=CARTESIAN_POINT('',(-0.00238418289181266,-0.00543386497030563,-0.00401878354691334));
#6109=CARTESIAN_POINT('',(-0.00246486639397309,-0.00539772833613342,-0.0040178226244662));
#6110=CARTESIAN_POINT('',(-0.0025443577708978,-0.0053599852631933,-0.00401690266886052));
#6111=CARTESIAN_POINT('',(-0.00265988288477167,-0.00530205669013794,-0.00401565742286128));
#6112=CARTESIAN_POINT('',(-0.00269661724084057,-0.00528316549449314,-0.00401527476548776));
#6113=CARTESIAN_POINT('',(-0.00280550788017862,-0.00522575913101264,-0.00401418971572732));
#6114=CARTESIAN_POINT('',(-0.00287704349231215,-0.00518618107593711,-0.00401354198465623));
#6115=CARTESIAN_POINT('',(-0.00298829043522501,-0.00512167820640079,-0.00401267275923194));
#6116=CARTESIAN_POINT('',(-0.00302939835290067,-0.00509720220370722,-0.00401238152351482));
#6117=CARTESIAN_POINT('',(-0.0030701739947872,-0.00507226738909968,-0.00401212748812474));
#6118=CARTESIAN_POINT('',(-0.00329151696904635,-0.00493684498789906,-0.00401075214503092));
#6119=CARTESIAN_POINT('',(-0.00350246655126743,-0.00478851836226415,-0.00401053384575573));
#6120=CARTESIAN_POINT('',(-0.00370058725529197,-0.0046283747000619,-0.00401190734088475));
#6121=CARTESIAN_POINT('',(-0.00370622187401539,-0.00462382016104022,-0.00401194640354308));
#6122=CARTESIAN_POINT('',(-0.00371185649273881,-0.00461926562201854,-0.00401198546620142));
#6123=CARTESIAN_POINT('',(-0.00371749111146223,-0.00461471108299687,-0.00401202452885975));
#6124=CARTESIAN_POINT('',(-0.000334819694715606,-0.0059188815363283,-0.00400309018706488));
#6125=CARTESIAN_POINT('',(-0.000319163039111693,-0.00563683421447096,-0.00368040631672082));
#6126=CARTESIAN_POINT('',(-0.000305146785016765,-0.00537805988348898,-0.00333735960555203));
#6127=CARTESIAN_POINT('',(-0.000292887033546896,-0.00514480651554991,-0.00297769317016683));
#6128=CARTESIAN_POINT('',(-0.000292871065633183,-0.0051445756974596,-0.00297784338624579));
#6129=CARTESIAN_POINT('',(-0.000334819694804664,-0.0059188815363156,-0.00400309018705758));
#6130=CARTESIAN_POINT('',(-0.000292967313254135,-0.00514479217298149,-0.00297767965717422));
#6131=CARTESIAN_POINT('',(-0.000319360232936668,-0.0052041352499438,-0.00307165551093047));
#6132=CARTESIAN_POINT('',(-0.000350851159717425,-0.00526406646420167,-0.00316347833462461));
#6133=CARTESIAN_POINT('',(-0.00038859984535888,-0.00532405613661942,-0.00325309018705758));
#6134=CARTESIAN_POINT('',(-0.000388599845358878,-0.00532405613661942,-0.00325309018705758));
#6135=CARTESIAN_POINT('',(-0.000388599845358877,-0.00532405613661942,-0.00325309018705758));
#6136=CARTESIAN_POINT('',(-0.00146200979316889,-0.00523290677353863,-0.00325309018705758));
#6137=CARTESIAN_POINT('',(-0.00249353813120608,-0.00484466537591474,-0.00325309018705758));
#6138=CARTESIAN_POINT('',(-0.00332983820413928,-0.00416326513310627,-0.00325309018705758));
#6139=CARTESIAN_POINT('',(-0.00369578178201388,-0.00462235486141703,-0.00400309018705752));
#6140=CARTESIAN_POINT('',(-0.00274604684690705,-0.00539745279277337,-0.00400309018705752));
#6141=CARTESIAN_POINT('',(-0.0015563473317371,-0.00583275841347403,-0.00400309018705758));
#6142=CARTESIAN_POINT('',(-0.000334819694804666,-0.00591888153631561,-0.00400309018705758));
#6143=CARTESIAN_POINT('',(0.0121956273993454,-0.0015,-0.007));
#6144=CARTESIAN_POINT('',(0.0118006063009489,-0.00156291527494649,-0.007));
#6145=CARTESIAN_POINT('',(0.010376301186668,0.0073797551842303,-0.007));
#6146=CARTESIAN_POINT('',(0.00988252481367233,0.00730111109054718,-0.007));
#6147=CARTESIAN_POINT('',(0.,0.,0.009));
#6148=CARTESIAN_POINT('',(0.00261629509039026,0.00261629509039019,-0.008));
#6149=CARTESIAN_POINT('',(0.00450096278891284,0.00488687220264787,-0.00534763325830803));
#6150=CARTESIAN_POINT('',(0.00404575436592232,0.00433845413013597,-0.00474913688435907));
#6151=CARTESIAN_POINT('',(0.00353096948150496,0.00371826056645865,-0.00429734853037211));
#6152=CARTESIAN_POINT('',(0.00296861942089749,0.00304076225856438,-0.004));
#6153=CARTESIAN_POINT('',(0.00450096278891284,0.00488687220264787,-0.00534763325830803));
#6154=CARTESIAN_POINT('',(0.00296861942089749,0.00304076225856438,-0.004));
#6155=CARTESIAN_POINT('',(0.000263278401757281,-0.000218531357878977,-0.004));
#6156=CARTESIAN_POINT('',(0.00450096278891284,0.00488687220264787,-0.008));
#6157=CARTESIAN_POINT('',(0.0121956273993454,-0.0015,-0.008));
#6158=CARTESIAN_POINT('',(0.00450096278891284,0.00488687220264787,-0.00521636177944687));
#6159=CARTESIAN_POINT('',(0.005063553084568,0.00556465993673716,-0.00591784173723961));
#6160=CARTESIAN_POINT('',(0.00651576512266679,0.00693745288495165,-0.00700748642717407));
#6161=CARTESIAN_POINT('',(0.00856333046260065,0.007884965570131,-0.00737435282653422));
#6162=CARTESIAN_POINT('',(0.00965375642607828,0.00817155064895294,-0.0073974433574065));
#6163=CARTESIAN_POINT('',(0.00965375642607828,0.00817155064895294,-0.0073974433574065));
#6164=CARTESIAN_POINT('',(0.00965375642607828,0.00817155064895294,-0.008));
#6165=CARTESIAN_POINT('',(0.00965375642607828,0.00817155064895294,-0.00759999962581956));
#6166=CARTESIAN_POINT('',(0.00965375642607828,0.00817155064895294,-0.00759999962581956));
#6167=CARTESIAN_POINT('',(0.00858159020023452,0.00788976458310789,-0.0075997125269406));
#6168=CARTESIAN_POINT('',(0.0065583642809019,0.00696002527527743,-0.00726195061668327));
#6169=CARTESIAN_POINT('',(0.00512973292784771,0.00562671844845377,-0.0061635112421596));
#6170=CARTESIAN_POINT('',(0.004580876444223,0.00498194167603057,-0.00545));
#6171=CARTESIAN_POINT('',(0.004580876444223,0.00498194167603057,-0.00545));
#6172=CARTESIAN_POINT('',(0.004580876444223,0.00498194167603057,-0.00545));
#6173=CARTESIAN_POINT('',(0.00455428224890738,0.00495069977594851,-0.00541542765203653));
#6174=CARTESIAN_POINT('',(0.00452764069667235,0.004919012747535,-0.00538130567086045));
#6175=CARTESIAN_POINT('',(0.00450096278891283,0.00488687220264787,-0.00534763325830803));
#6176=CARTESIAN_POINT('',(-0.00261629509039025,0.0026162950903902,-0.008));
#6177=CARTESIAN_POINT('',(-0.00296861942089749,0.00304076225856438,-0.004));
#6178=CARTESIAN_POINT('',(-0.00297056376638776,0.00304310473324678,-0.00400102809320131));
#6179=CARTESIAN_POINT('',(-0.00297250770107358,0.00304544671300736,-0.00400205815546959));
#6180=CARTESIAN_POINT('',(-0.00297445122490103,0.00304778819778115,-0.00400309018706339));
#6181=CARTESIAN_POINT('',(-0.00296861942089749,0.00304076225856439,-0.004));
#6182=CARTESIAN_POINT('',(-0.00297445122490103,0.00304778819778115,-0.00400309018706339));
#6183=CARTESIAN_POINT('',(-0.00261629509039025,0.0026162950903902,-0.00400309018705758));
#6184=CARTESIAN_POINT('',(-0.00372236317115406,0.00394884452111999,-0.00400309018705758));
#6185=CARTESIAN_POINT('',(-0.00372236317115405,0.00394884452111997,-0.0040030901870576));
#6186=CARTESIAN_POINT('',(-0.00372181218300549,0.00394818071121851,-0.00400206031006769));
#6187=CARTESIAN_POINT('',(-0.00372126133270745,0.0039475170673942,-0.0040010302477163));
#6188=CARTESIAN_POINT('',(-0.00372071062026239,0.00394685358964999,-0.0040000000000001));
#6189=CARTESIAN_POINT('',(-0.00372071062026239,0.00394685358965,-0.0040000000000001));
#6190=CARTESIAN_POINT('',(-0.000263278401757287,-0.000218531357878972,-0.004));
#6191=CARTESIAN_POINT('',(0.,-0.00480672785242127,-0.013));
#6192=CARTESIAN_POINT('',(0.00218699251627937,-0.0103939511103319,-0.0121));
#6193=CARTESIAN_POINT('',(0.00149213848744809,-0.0106659360464644,-0.0121));
#6194=CARTESIAN_POINT('',(0.000746188935100242,-0.0108067278524213,-0.0121));
#6195=CARTESIAN_POINT('',(0.,-0.0108067278524213,-0.0121));
#6196=CARTESIAN_POINT('',(0.00218699251627937,-0.010393951110332,-0.0121));
#6197=CARTESIAN_POINT('',(0.,-0.0108067278524213,-0.0121));
#6198=CARTESIAN_POINT('',(0.,-0.0108067278524213,-0.013));
#6199=CARTESIAN_POINT('',(6.51710804126149E-14,-0.0108067278524213,-0.0106951426210583));
#6200=CARTESIAN_POINT('',(6.51678748908609E-14,-0.0108067278524213,-0.0106951426210583));
#6201=CARTESIAN_POINT('',(0.00074632062660569,-0.0108067278524132,-0.0106951426210574));
#6202=CARTESIAN_POINT('',(0.00148757441202707,-0.0106677225508386,-0.0106795476809223));
#6203=CARTESIAN_POINT('',(0.00218699251627937,-0.010393951110332,-0.0106471316645794));
#6204=CARTESIAN_POINT('',(0.00218699251627937,-0.010393951110332,-0.0106471316645794));
#6205=CARTESIAN_POINT('',(0.00218699251627937,-0.010393951110332,-0.013));
#6206=CARTESIAN_POINT('',(0.00218699251627937,-0.010393951110332,-0.013));
#6207=CARTESIAN_POINT('',(0.00218699251627937,-0.010393951110332,-0.0106471316645794));
#6208=CARTESIAN_POINT('',(0.00310985134067835,-0.0100327188399577,-0.0105188161124711));
#6209=CARTESIAN_POINT('',(0.00403461363039108,-0.00967074150102183,-0.0104938742310134));
#6210=CARTESIAN_POINT('',(0.00496157078108696,-0.00930790503326242,-0.0105881311785223));
#6211=CARTESIAN_POINT('',(0.00496157078108701,-0.0093079050332624,-0.0105881311785223));
#6212=CARTESIAN_POINT('',(0.00496157078108701,-0.0093079050332624,-0.0105881311785223));
#6213=CARTESIAN_POINT('',(0.0049620232352381,-0.00930772793029073,-0.0106017043992305));
#6214=CARTESIAN_POINT('',(0.00496224780088237,-0.00930764002913469,-0.0106152819880231));
#6215=CARTESIAN_POINT('',(0.00496224780088237,-0.00930764002913469,-0.0106288638812085));
#6216=CARTESIAN_POINT('',(0.00496224780088237,-0.00930764002913469,-0.0106288638812085));
#6217=CARTESIAN_POINT('',(0.00496224780088237,-0.00930764002913469,-0.013));
#6218=CARTESIAN_POINT('',(0.00496224780088237,-0.00930764002913469,-0.0121));
#6219=CARTESIAN_POINT('',(0.00496224780088236,-0.00930764002913474,-0.0121));
#6220=CARTESIAN_POINT('',(0.0040371627060147,-0.00966974372286716,-0.0121));
#6221=CARTESIAN_POINT('',(0.00311207761114703,-0.0100318474165996,-0.0121));
#6222=CARTESIAN_POINT('',(0.00218699251627937,-0.010393951110332,-0.0121));
#6223=CARTESIAN_POINT('',(0.00470709867398311,-0.00865579731571177,-0.013));
#6224=CARTESIAN_POINT('',(0.00470709867398311,-0.00865579731571178,-0.0106288638812085));
#6225=CARTESIAN_POINT('',(0.00516802124983866,-0.00918262781887829,-0.0106288638812085));
#6226=CARTESIAN_POINT('',(0.00516802124983866,-0.00918262781887829,-0.013));
#6227=CARTESIAN_POINT('',(0.00516802124983866,-0.00918262781887829,-0.0121));
#6228=CARTESIAN_POINT('',(0.00516802124983866,-0.00918262781887829,-0.0121));
#6229=CARTESIAN_POINT('',(0.00510731679187489,-0.00923573798422065,-0.0121));
#6230=CARTESIAN_POINT('',(0.00503735688883025,-0.00927824027085332,-0.0121));
#6231=CARTESIAN_POINT('',(0.00496224780088236,-0.00930764002913468,-0.0121));
#6232=CARTESIAN_POINT('',(0.00516802124983866,-0.00918262781887829,-0.013));
#6233=CARTESIAN_POINT('',(0.00516802124983865,-0.0091826278188783,-0.0106288638812085));
#6234=CARTESIAN_POINT('',(0.00589820543876096,-0.008543791655854,-0.0104721374109409));
#6235=CARTESIAN_POINT('',(0.00663872596617655,-0.0078959122583651,-0.0104044279056612));
#6236=CARTESIAN_POINT('',(0.00737692765462021,-0.0072500616067926,-0.0104684646956523));
#6237=CARTESIAN_POINT('',(0.00737692765462022,-0.0072500616067926,-0.0104684646956523));
#6238=CARTESIAN_POINT('',(0.00737692765462022,-0.0072500616067926,-0.0104684646956523));
#6239=CARTESIAN_POINT('',(0.0073985352152044,-0.00723115721074386,-0.0106149632709247));
#6240=CARTESIAN_POINT('',(0.00740870469125343,-0.00722225996377838,-0.0107629081408383));
#6241=CARTESIAN_POINT('',(0.00740870469125343,-0.00722225996377838,-0.0109121388955228));
#6242=CARTESIAN_POINT('',(0.00740870469125343,-0.00722225996377838,-0.0109121388955228));
#6243=CARTESIAN_POINT('',(0.00740870469125343,-0.00722225996377838,-0.013));
#6244=CARTESIAN_POINT('',(0.00740870469125343,-0.00722225996377838,-0.0121));
#6245=CARTESIAN_POINT('',(0.00740870469125344,-0.00722225996377838,-0.0121));
#6246=CARTESIAN_POINT('',(0.00666181021078184,-0.00787571591547835,-0.0121));
#6247=CARTESIAN_POINT('',(0.00591491573031025,-0.00852917186717832,-0.0121));
#6248=CARTESIAN_POINT('',(0.00516802124983866,-0.00918262781887829,-0.0121));
#6249=CARTESIAN_POINT('',(0.00694778211539789,-0.00669542946061186,-0.013));
#6250=CARTESIAN_POINT('',(0.00694778211539789,-0.00669542946061186,-0.0109121388955228));
#6251=CARTESIAN_POINT('',(0.00764226971221371,-0.00678310487260963,-0.0109121388955228));
#6252=CARTESIAN_POINT('',(0.00764226971221371,-0.00678310487260963,-0.013));
#6253=CARTESIAN_POINT('',(0.00764226971221371,-0.00678310487260963,-0.0121));
#6254=CARTESIAN_POINT('',(0.00764226971221371,-0.00678310487260964,-0.0121));
#6255=CARTESIAN_POINT('',(0.00762103928358664,-0.00695127367867079,-0.0121));
#6256=CARTESIAN_POINT('',(0.0075362756617363,-0.0071106484683051,-0.0121));
#6257=CARTESIAN_POINT('',(0.00740870469125343,-0.00722225996377838,-0.0121));
#6258=CARTESIAN_POINT('',(0.00764226971221371,-0.00678310487260963,-0.013));
#6259=CARTESIAN_POINT('',(0.00764226971221371,-0.00678310487260963,-0.0109121388955228));
#6260=CARTESIAN_POINT('',(0.00775852431190119,-0.00586223805583563,-0.010590390526511));
#6261=CARTESIAN_POINT('',(0.00792920205276963,-0.00451027892174371,-0.0100246389290629));
#6262=CARTESIAN_POINT('',(0.00816206260115629,-0.00266576220996172,-0.00938434604267162));
#6263=CARTESIAN_POINT('',(0.0083459881966783,-0.00120886520866517,-0.00914065836427448));
#6264=CARTESIAN_POINT('',(0.00852987411661093,0.000247717517464632,-0.00930423732109579));
#6265=CARTESIAN_POINT('',(0.0087659392623388,0.00211761823435754,-0.00990513642656337));
#6266=CARTESIAN_POINT('',(0.0089362137211984,0.00346638292263203,-0.0104793561481832));
#6267=CARTESIAN_POINT('',(0.00905219742706411,0.00438510395651216,-0.0108106325311575));
#6268=CARTESIAN_POINT('',(0.0090521974270641,0.00438510395651217,-0.0108106325311575));
#6269=CARTESIAN_POINT('',(0.0090521974270641,0.00438510395651217,-0.0108106325311575));
#6270=CARTESIAN_POINT('',(0.00915235690561246,0.0051784793621178,-0.0110967112482191));
#6271=CARTESIAN_POINT('',(0.00925673539226255,0.00600527404378668,-0.0112272501052923));
#6272=CARTESIAN_POINT('',(0.00936294188960728,0.00684654862039245,-0.011141348269668));
#6273=CARTESIAN_POINT('',(0.00936294188960728,0.00684654862039244,-0.011141348269668));
#6274=CARTESIAN_POINT('',(0.00936294188960728,0.00684654862039244,-0.013));
#6275=CARTESIAN_POINT('',(0.00936294188960728,0.00684654862039244,-0.0121));
#6276=CARTESIAN_POINT('',(0.00936294188960727,0.0068465486203924,-0.0121));
#6277=CARTESIAN_POINT('',(0.00878938449714275,0.00230333078939172,-0.0121));
#6278=CARTESIAN_POINT('',(0.00821582710467823,-0.00223988704160895,-0.0121));
#6279=CARTESIAN_POINT('',(0.00764226971221371,-0.00678310487260963,-0.0121));
#6280=CARTESIAN_POINT('',(0.0100574294864231,0.00675887320839467,-0.013));
#6281=CARTESIAN_POINT('',(0.00987489315383491,0.00743465459855369,-0.0100851165948624));
#6282=CARTESIAN_POINT('',(0.00987602541665668,0.00743496043577564,-0.0100850403803055));
#6283=CARTESIAN_POINT('',(0.00987715817001985,0.00743526335226307,-0.0100849600681376));
#6284=CARTESIAN_POINT('',(0.00987829141320119,0.00743556335219931,-0.0100848756639364));
#6285=CARTESIAN_POINT('',(0.00987489315383491,0.00743465459855369,-0.0100851165948624));
#6286=CARTESIAN_POINT('',(0.00987829141320119,0.00743556335219931,-0.0100848756639364));
#6287=CARTESIAN_POINT('',(0.00987829141320119,0.00743556335219931,-0.0100848756639364));
#6288=CARTESIAN_POINT('',(0.00993903463710878,0.00745164371659019,-0.0100803514952721));
#6289=CARTESIAN_POINT('',(0.0099994959411352,0.00745887320839467,-0.0100645860740426));
#6290=CARTESIAN_POINT('',(0.0100574294864231,0.00745887320839467,-0.0100400536629294));
#6291=CARTESIAN_POINT('',(0.0100574294864231,0.00745887320839467,-0.0100400536629294));
#6292=CARTESIAN_POINT('',(0.0100574294864231,0.00745887320839467,-0.013));
#6293=CARTESIAN_POINT('',(0.0100574294864231,0.00745887320839467,-0.0121));
#6294=CARTESIAN_POINT('',(0.0100574294864231,0.00745887320839467,-0.0121));
#6295=CARTESIAN_POINT('',(0.00972021243794029,0.00745887320839467,-0.0121));
#6296=CARTESIAN_POINT('',(0.00940517852340499,0.00718111013125837,-0.0121));
#6297=CARTESIAN_POINT('',(0.00936294188960727,0.00684654862039244,-0.0121));
#6298=CARTESIAN_POINT('',(0.00936294188960728,0.00684654862039244,-0.011141348269668));
#6299=CARTESIAN_POINT('',(0.00937498694333242,0.00694195895522274,-0.01107593589472));
#6300=CARTESIAN_POINT('',(0.00942209906187655,0.00706832037542744,-0.010889745905807));
#6301=CARTESIAN_POINT('',(0.0095156952471839,0.00721310270679755,-0.0105917026423578));
#6302=CARTESIAN_POINT('',(0.00963731691223554,0.00732625403079358,-0.0103073211757755));
#6303=CARTESIAN_POINT('',(0.00976260508183815,0.00740432429772935,-0.0100926748980117));
#6304=CARTESIAN_POINT('',(0.00987489315383426,0.00743465459855458,-0.0100851165948613));
#6305=CARTESIAN_POINT('',(0.0100574294864231,0.00745887320839467,-0.013));
#6306=CARTESIAN_POINT('',(0.0100574294864231,0.00745887320839467,-0.0100400536629294));
#6307=CARTESIAN_POINT('',(0.0103006786701196,0.00745887320839467,-0.0100247123792281));
#6308=CARTESIAN_POINT('',(0.0105377904287084,0.00745887320839467,-0.00997825342161882));
#6309=CARTESIAN_POINT('',(0.0107685897690653,0.00745887320839467,-0.00989978954848453));
#6310=CARTESIAN_POINT('',(0.010768589777076,0.00745887319191672,-0.00989978954576116));
#6311=CARTESIAN_POINT('',(0.010768589777076,0.00745887319191672,-0.0121));
#6312=CARTESIAN_POINT('',(0.0107687416623432,0.00745887320839467,-0.0121));
#6313=CARTESIAN_POINT('',(0.0107687416623432,0.00745887320839467,-0.0121));
#6314=CARTESIAN_POINT('',(0.0105316376037032,0.00745887320839467,-0.0121));
#6315=CARTESIAN_POINT('',(0.0102945335450631,0.00745887320839467,-0.0121));
#6316=CARTESIAN_POINT('',(0.0100574294864231,0.00745887320839467,-0.0121));
#6317=CARTESIAN_POINT('',(0.0107687416623432,0.00675887320839467,-0.013));
#6318=CARTESIAN_POINT('',(0.0114650899097094,0.00668746509688024,-0.0121));
#6319=CARTESIAN_POINT('',(0.0114850007010029,0.00688162853751533,-0.0121));
#6320=CARTESIAN_POINT('',(0.0113522380150318,0.00728559396291403,-0.0121));
#6321=CARTESIAN_POINT('',(0.0109639233246201,0.00745887320839467,-0.0121));
#6322=CARTESIAN_POINT('',(0.0107687416623432,0.00745887320839467,-0.0121));
#6323=CARTESIAN_POINT('',(0.010768589777076,0.00745887319191672,-0.0079));
#6324=CARTESIAN_POINT('',(0.0107687416543539,0.00745886087453873,-0.0079));
#6325=CARTESIAN_POINT('',(0.0107687416463641,0.00745887320839467,-0.0079));
#6326=CARTESIAN_POINT('',(0.0109639233113042,0.00745887321285014,-0.0079));
#6327=CARTESIAN_POINT('',(0.0113522380108468,0.00728559397122289,-0.0079));
#6328=CARTESIAN_POINT('',(0.0114850007012745,0.00688162854016462,-0.0079));
#6329=CARTESIAN_POINT('',(0.0114650899097094,0.00668746509688024,-0.0079));
#6330=CARTESIAN_POINT('',(0.0116609172022076,0.00185724209386102,-0.003));
#6331=CARTESIAN_POINT('',(0.0107713222850645,0.0074426704591768,-0.003));
#6332=CARTESIAN_POINT('',(0.0107713282540416,0.00744266172519809,-0.0076728316140275));
#6333=CARTESIAN_POINT('',(0.0107713222850645,0.0074426704591768,-0.0074));
#6334=CARTESIAN_POINT('',(0.0116609172022076,0.00185724209386102,-0.0074));
#6335=CARTESIAN_POINT('',(0.0107821888891003,0.00737445356670398,-0.00740000544121726));
#6336=CARTESIAN_POINT('',(0.010782185003182,0.0073744675808461,-0.00739999998940544));
#6337=CARTESIAN_POINT('',(0.0107771662129594,0.00740597865709973,-0.00748439052859935));
#6338=CARTESIAN_POINT('',(0.0107734333417536,0.00742941593660189,-0.00758172850909225));
#6339=CARTESIAN_POINT('',(0.0107713222851613,0.00744267045856949,-0.00767283020934709));
#6340=CARTESIAN_POINT('',(0.00700002717551777,0.00714534176819794,-0.0079));
#6341=CARTESIAN_POINT('',(0.00823676992569718,0.00724903638384739,-0.0079));
#6342=CARTESIAN_POINT('',(0.0094735126758766,0.00735273099949683,-0.0079));
#6343=CARTESIAN_POINT('',(0.010710255426056,0.00745642561514628,-0.0079));
#6344=CARTESIAN_POINT('',(0.0108123959462571,0.00746498958043571,-0.0079));
#6345=CARTESIAN_POINT('',(0.0109163268425814,0.00745076821802634,-0.0079));
#6346=CARTESIAN_POINT('',(0.0111084516961176,0.00737943519783019,-0.0079));
#6347=CARTESIAN_POINT('',(0.0111965010990821,0.00732236407261519,-0.0079));
#6348=CARTESIAN_POINT('',(0.0113400659177091,0.0071761125701641,-0.0079));
#6349=CARTESIAN_POINT('',(0.011395494886335,0.00708702025774157,-0.0079));
#6350=CARTESIAN_POINT('',(0.0114632538436778,0.00689360598004633,-0.0079));
#6351=CARTESIAN_POINT('',(0.0114755459866809,0.00678942929561093,-0.0079));
#6352=CARTESIAN_POINT('',(0.0114650899097094,0.00668746509688025,-0.0079));
#6353=CARTESIAN_POINT('',(0.00700002716594616,0.00714534188415321,-0.00699999999999999));
#6354=CARTESIAN_POINT('',(0.0082367699193161,0.0072490364611509,-0.00699999999999999));
#6355=CARTESIAN_POINT('',(0.00947351267268606,0.00735273103814858,-0.00699999999999999));
#6356=CARTESIAN_POINT('',(0.010710255426056,0.00745642561514628,-0.00699999999999999));
#6357=CARTESIAN_POINT('',(0.0108123959465206,0.00746498957724351,-0.00699999999999999));
#6358=CARTESIAN_POINT('',(0.0109163268425814,0.00745076821802633,-0.00699999999999999));
#6359=CARTESIAN_POINT('',(0.0111084516961176,0.00737943519783019,-0.00699999999999999));
#6360=CARTESIAN_POINT('',(0.0111965010990821,0.00732236407261518,-0.00700000000000001));
#6361=CARTESIAN_POINT('',(0.0113400659177091,0.00717611257016411,-0.00699999999999998));
#6362=CARTESIAN_POINT('',(0.0113954948863349,0.00708702025774158,-0.00699999999999999));
#6363=CARTESIAN_POINT('',(0.0114632538436779,0.00689360598004633,-0.00700000000000002));
#6364=CARTESIAN_POINT('',(0.011475545983494,0.00678942929593358,-0.007));
#6365=CARTESIAN_POINT('',(0.0114650899097094,0.00668746509688025,-0.007));
#6366=CARTESIAN_POINT('',(0.009691966091944,0.00686929283003944,-0.007));
#6367=CARTESIAN_POINT('',(0.0100453211643354,0.00689891985203895,-0.007));
#6368=CARTESIAN_POINT('',(0.0103986762367269,0.00692854687403847,-0.007));
#6369=CARTESIAN_POINT('',(0.0107520313091183,0.00695817389603799,-0.007));
#6370=CARTESIAN_POINT('',(0.0107812143149653,0.0069606207423515,-0.007));
#6371=CARTESIAN_POINT('',(0.010810908856697,0.00695655749686085,-0.007));
#6372=CARTESIAN_POINT('',(0.010865801671993,0.00693617663394768,-0.007));
#6373=CARTESIAN_POINT('',(0.0108909586442686,0.00691987059817196,-0.007));
#6374=CARTESIAN_POINT('',(0.0109319771638763,0.00687808445461451,-0.007));
#6375=CARTESIAN_POINT('',(0.0109478140120551,0.00685262950820807,-0.007));
#6376=CARTESIAN_POINT('',(0.0109671737141531,0.00679736828600943,-0.007));
#6377=CARTESIAN_POINT('',(0.0109706857541006,0.00676760351912007,-0.007));
#6378=CARTESIAN_POINT('',(0.0109676983044478,0.00673847089081912,-0.007));
#6379=CARTESIAN_POINT('',(0.0102303538771431,0.00681408301921671,-0.007));
#6380=CARTESIAN_POINT('',(0.010407031413339,0.00682889653021661,-0.007));
#6381=CARTESIAN_POINT('',(0.0105837089495349,0.00684371004121651,-0.007));
#6382=CARTESIAN_POINT('',(0.0107603864857307,0.00685852355221642,-0.007));
#6383=CARTESIAN_POINT('',(0.0107749779886543,0.00685974697537318,-0.007));
#6384=CARTESIAN_POINT('',(0.0107898252595201,0.00685771535262784,-0.007));
#6385=CARTESIAN_POINT('',(0.0108172716671681,0.00684752492117126,-0.007));
#6386=CARTESIAN_POINT('',(0.0108298501533059,0.00683937190328339,-0.007));
#6387=CARTESIAN_POINT('',(0.0108503594131098,0.00681847883150464,-0.007));
#6388=CARTESIAN_POINT('',(0.0108582778371992,0.00680575135830141,-0.007));
#6389=CARTESIAN_POINT('',(0.0108679576882482,0.00677812074720207,-0.007));
#6390=CARTESIAN_POINT('',(0.010869713708222,0.00676323836375738,-0.007));
#6391=CARTESIAN_POINT('',(0.0108682199833956,0.00674867204960689,-0.007));
#6392=CARTESIAN_POINT('',(0.0107687416623432,0.00675887320839484,-0.007));
#6393=CARTESIAN_POINT('',(0.0107687416623432,0.00675887320839484,-0.007));
#6394=CARTESIAN_POINT('',(0.0107687416623432,0.00675887320839484,-0.007));
#6395=CARTESIAN_POINT('',(0.0107687416623432,0.00675887320839484,-0.007));
#6396=CARTESIAN_POINT('',(0.0107687416623432,0.00675887320839487,-0.007));
#6397=CARTESIAN_POINT('',(0.0107687416623432,0.00675887320839483,-0.007));
#6398=CARTESIAN_POINT('',(0.0107687416623433,0.00675887320839483,-0.007));
#6399=CARTESIAN_POINT('',(0.0107687416623433,0.00675887320839482,-0.007));
#6400=CARTESIAN_POINT('',(0.0107687416623433,0.00675887320839477,-0.007));
#6401=CARTESIAN_POINT('',(0.0107687416623434,0.00675887320839475,-0.007));
#6402=CARTESIAN_POINT('',(0.0107687416623434,0.00675887320839471,-0.007));
#6403=CARTESIAN_POINT('',(0.0107687416623434,0.00675887320839468,-0.007));
#6404=CARTESIAN_POINT('',(0.0107687416623434,0.00675887320839465,-0.007));
#6405=CARTESIAN_POINT('',(0.010782190120379,0.00737443545191091,-0.00739999968713266));
#6406=CARTESIAN_POINT('',(0.0107903548309008,0.00732317233780767,-0.00726242004122292));
#6407=CARTESIAN_POINT('',(0.0107154947678417,0.00722317552509979,-0.00711104616248645));
#6408=CARTESIAN_POINT('',(0.0105789672191784,0.00707023614926875,-0.0070260586415522));
#6409=CARTESIAN_POINT('',(0.0105224324501086,0.00700676743836216,-0.00700599273491705));
#6410=CARTESIAN_POINT('',(0.0104701689428687,0.00694610222433556,-0.00699910540268431));
#6411=CARTESIAN_POINT('',(0.010501840365261,0.0068720966238362,-0.00700053675838942));
#6412=CARTESIAN_POINT('',(0.0105096882965881,0.00682002982596819,-0.007));
#6413=CARTESIAN_POINT('',(0.0105184104572369,0.00678454381024799,-0.007));
#6414=CARTESIAN_POINT('',(0.010768594151584,0.00745884862066325,-0.0079));
#6415=CARTESIAN_POINT('',(0.010768594151602,0.00745884862056229,-0.00782388177724236));
#6416=CARTESIAN_POINT('',(0.0107695856519864,0.007453575498228,-0.00774815141497617));
#6417=CARTESIAN_POINT('',(0.0107713250652877,0.00744265300210786,-0.00767283280930325));
#6418=CARTESIAN_POINT('',(0.0109674975263972,0.00673644585606636,-0.013));
#6419=CARTESIAN_POINT('',(0.0109819229571656,0.00686450636262153,-0.013));
#6420=CARTESIAN_POINT('',(0.0108955707130333,0.00696016657548636,-0.013));
#6421=CARTESIAN_POINT('',(0.0107667067100827,0.00695888005477154,-0.013));
#6422=CARTESIAN_POINT('',(0.0110846079918347,0.00672325389738318,-0.013));
#6423=CARTESIAN_POINT('',(0.0111075315236162,0.00692675555630072,-0.013));
#6424=CARTESIAN_POINT('',(0.0109703086950887,0.00707876972939794,-0.013));
#6425=CARTESIAN_POINT('',(0.0107655301956071,0.00707672531221781,-0.013));
#6426=CARTESIAN_POINT('',(0.0113631762735272,0.00669187445363493,-0.0128167261889578));
#6427=CARTESIAN_POINT('',(0.0114063140653068,0.00707482644693521,-0.0128167261889578));
#6428=CARTESIAN_POINT('',(0.0111480864125671,0.00736088863879708,-0.0128167261889578));
#6429=CARTESIAN_POINT('',(0.0107627316445587,0.00735704142871323,-0.0128167261889578));
#6430=CARTESIAN_POINT('',(0.0114643551519499,0.00668047711541436,-0.012312132034356));
#6431=CARTESIAN_POINT('',(0.0115148349718395,0.00712860732446521,-0.012312132034356));
#6432=CARTESIAN_POINT('',(0.0112126571165745,0.00746335714189229,-0.012312132034356));
#6433=CARTESIAN_POINT('',(0.0107617151818998,0.00745885513879712,-0.012312132034356));
#6434=CARTESIAN_POINT('',(0.0114643551519499,0.00668047711541437,-0.0121));
#6435=CARTESIAN_POINT('',(0.0115148349718395,0.00712860732446521,-0.0121));
#6436=CARTESIAN_POINT('',(0.0112126571165745,0.00746335714189228,-0.0121));
#6437=CARTESIAN_POINT('',(0.0107617151818997,0.00745885513879711,-0.0121));
#6438=CARTESIAN_POINT('',(0.0107687416632519,0.00745887320839467,-0.0121));
#6439=CARTESIAN_POINT('',(0.0107687416632075,0.00745887320839468,-0.012312132034356));
#6440=CARTESIAN_POINT('',(0.0107687416631188,0.00735705442448231,-0.0128167261889579));
#6441=CARTESIAN_POINT('',(0.01076874166303,0.00707672433859234,-0.013));
#6442=CARTESIAN_POINT('',(0.0107687416629857,0.00695887320839458,-0.013));
#6443=CARTESIAN_POINT('',(0.0107687416632519,0.00745887320839467,-0.0121));
#6444=CARTESIAN_POINT('',(0.0100574294864231,0.00745887320839467,-0.0121));
#6445=CARTESIAN_POINT('',(0.0107687416632519,0.00745887320839468,-0.012312132034356));
#6446=CARTESIAN_POINT('',(0.0100574294864231,0.00745887320839468,-0.012312132034356));
#6447=CARTESIAN_POINT('',(0.0107687416632519,0.00735705442448232,-0.0128167261889579));
#6448=CARTESIAN_POINT('',(0.0100574294864231,0.00735705442448232,-0.0128167261889578));
#6449=CARTESIAN_POINT('',(0.0107687416632519,0.00707672433859238,-0.013));
#6450=CARTESIAN_POINT('',(0.0100574294864231,0.00707672433859238,-0.013));
#6451=CARTESIAN_POINT('',(0.0107687416632519,0.00695887320839463,-0.013));
#6452=CARTESIAN_POINT('',(0.0100574294864231,0.00695887320839463,-0.013));
#6453=CARTESIAN_POINT('',(0.0100574294864231,0.00695887320839468,-0.013));
#6454=CARTESIAN_POINT('',(0.0100574294864231,0.00707672433859243,-0.013));
#6455=CARTESIAN_POINT('',(0.0100574294864231,0.00735705442448235,-0.0128167261889578));
#6456=CARTESIAN_POINT('',(0.0100574294864231,0.00745887320839468,-0.012312132034356));
#6457=CARTESIAN_POINT('',(0.0100574294864231,0.00745887320839467,-0.0121));
#6458=CARTESIAN_POINT('',(0.0100594707584551,0.00695902711758562,-0.013));
#6459=CARTESIAN_POINT('',(0.00995189950159008,0.00695989394358205,-0.013));
#6460=CARTESIAN_POINT('',(0.00987120945443442,0.00688875012458949,-0.013));
#6461=CARTESIAN_POINT('',(0.00985859609106062,0.00678191740602804,-0.013));
#6462=CARTESIAN_POINT('',(0.010060420390446,0.007076874421704,-0.013));
#6463=CARTESIAN_POINT('',(0.00988966495438328,0.00707825039568928,-0.013));
#6464=CARTESIAN_POINT('',(0.00976157995668478,0.00696531879863185,-0.013));
#6465=CARTESIAN_POINT('',(0.00974155787619712,0.00679573569645976,-0.013));
#6466=CARTESIAN_POINT('',(0.0100626792607438,0.00735719540657675,-0.0128167261889578));
#6467=CARTESIAN_POINT('',(0.0097416289030147,0.00735978248052521,-0.0128167261889578));
#6468=CARTESIAN_POINT('',(0.00950080650064193,0.00714745114589706,-0.0128167261889578));
#6469=CARTESIAN_POINT('',(0.00946316145547523,0.00682860498279649,-0.0128167261889578));
#6470=CARTESIAN_POINT('',(0.0100634997057773,0.00745901088490559,-0.012312132034356));
#6471=CARTESIAN_POINT('',(0.00968786067946608,0.00746203784287526,-0.012312132034356));
#6472=CARTESIAN_POINT('',(0.00940609088677334,0.00721360349644042,-0.012312132034356));
#6473=CARTESIAN_POINT('',(0.00936204499873295,0.00684054344724009,-0.012312132034356));
#6474=CARTESIAN_POINT('',(0.0100634997057773,0.00745901088490559,-0.0121));
#6475=CARTESIAN_POINT('',(0.00968786067946608,0.00746203784287526,-0.0121));
#6476=CARTESIAN_POINT('',(0.00940609088677334,0.00721360349644042,-0.0121));
#6477=CARTESIAN_POINT('',(0.00936204499873295,0.0068405434472401,-0.0121));
#6478=CARTESIAN_POINT('',(0.00936294190177474,0.00684654871677249,-0.0121));
#6479=CARTESIAN_POINT('',(0.00936294190117746,0.00684654871204496,-0.0123121320343913));
#6480=CARTESIAN_POINT('',(0.00946395887509652,0.00683379583997224,-0.0128167261890907));
#6481=CARTESIAN_POINT('',(0.00974208139920432,0.00679868432225763,-0.01300000000005));
#6482=CARTESIAN_POINT('',(0.00985900446746282,0.00678392339410832,-0.013));
#6483=CARTESIAN_POINT('',(0.00936294190177474,0.00684654871677249,-0.0121));
#6484=CARTESIAN_POINT('',(0.00764226971221371,-0.00678310487260966,-0.0121));
#6485=CARTESIAN_POINT('',(0.0093629419017743,0.00684654871677255,-0.0123121320343565));
#6486=CARTESIAN_POINT('',(0.00764226971221326,-0.0067831048726096,-0.0123121320343565));
#6487=CARTESIAN_POINT('',(0.00946395887684531,0.00683379585416027,-0.01281672618896));
#6488=CARTESIAN_POINT('',(0.00774328668728427,-0.00679585773522188,-0.01281672618896));
#6489=CARTESIAN_POINT('',(0.00974208140208153,0.00679868434590909,-0.0130000000000008));
#6490=CARTESIAN_POINT('',(0.0080214092125205,-0.00683096924347306,-0.0130000000000008));
#6491=CARTESIAN_POINT('',(0.00985900447092892,0.00678392342248837,-0.013));
#6492=CARTESIAN_POINT('',(0.00813833228136789,-0.00684573016689378,-0.013));
#6493=CARTESIAN_POINT('',(0.00813833228136788,-0.00684573016689377,-0.013));
#6494=CARTESIAN_POINT('',(0.00802140921252049,-0.00683096924347305,-0.0130000000000008));
#6495=CARTESIAN_POINT('',(0.00774328668728428,-0.00679585773522185,-0.01281672618896));
#6496=CARTESIAN_POINT('',(0.00764226971221326,-0.00678310487260958,-0.0123121320343565));
#6497=CARTESIAN_POINT('',(0.00764226971221371,-0.00678310487260964,-0.0121));
#6498=CARTESIAN_POINT('',(0.00764226971221371,-0.00678310487260963,-0.0121));
#6499=CARTESIAN_POINT('',(0.00762093925308113,-0.00695206603246527,-0.0121));
#6500=CARTESIAN_POINT('',(0.00753687673243957,-0.00711012259317988,-0.0121));
#6501=CARTESIAN_POINT('',(0.00740870469125343,-0.00722225996377838,-0.0121));
#6502=CARTESIAN_POINT('',(0.00764226971221371,-0.00678310487260962,-0.013));
#6503=CARTESIAN_POINT('',(0.00762093925305342,-0.00695206603248938,-0.013));
#6504=CARTESIAN_POINT('',(0.0075368767324444,-0.00711012259314361,-0.013));
#6505=CARTESIAN_POINT('',(0.00740870469125343,-0.00722225996377837,-0.013));
#6506=CARTESIAN_POINT('',(0.00813833228136788,-0.00684573016689376,-0.013));
#6507=CARTESIAN_POINT('',(0.00810176577995019,-0.00713537786954538,-0.013));
#6508=CARTESIAN_POINT('',(0.00795765860176301,-0.00740633197352256,-0.013));
#6509=CARTESIAN_POINT('',(0.00773793510257882,-0.00759856746604018,-0.013));
#6510=CARTESIAN_POINT('',(0.00740870469125343,-0.00722225996377838,-0.0121));
#6511=CARTESIAN_POINT('',(0.00740870469125368,-0.00722225996377867,-0.0123121320343556));
#6512=CARTESIAN_POINT('',(0.00747574837147014,-0.00729889030829374,-0.0128167261889562));
#6513=CARTESIAN_POINT('',(0.00766033475043858,-0.00750987093715341,-0.0129999999999994));
#6514=CARTESIAN_POINT('',(0.00773793510257882,-0.00759856746604017,-0.013));
#6515=CARTESIAN_POINT('',(0.00740870469125343,-0.00722225996377838,-0.0121));
#6516=CARTESIAN_POINT('',(0.00516802124983866,-0.00918262781887829,-0.0121));
#6517=CARTESIAN_POINT('',(0.00740870469125368,-0.00722225996377867,-0.0123121320343556));
#6518=CARTESIAN_POINT('',(0.00516802124983892,-0.00918262781887859,-0.0123121320343556));
#6519=CARTESIAN_POINT('',(0.00747574837147013,-0.00729889030829374,-0.0128167261889562));
#6520=CARTESIAN_POINT('',(0.00523506493005537,-0.00925925816339365,-0.0128167261889562));
#6521=CARTESIAN_POINT('',(0.00766033475043858,-0.00750987093715342,-0.0129999999999994));
#6522=CARTESIAN_POINT('',(0.00541965130902381,-0.00947023879225333,-0.0129999999999994));
#6523=CARTESIAN_POINT('',(0.00773793510257881,-0.00759856746604018,-0.013));
#6524=CARTESIAN_POINT('',(0.00549725166116405,-0.00955893532114009,-0.013));
#6525=CARTESIAN_POINT('',(0.00549725166116405,-0.00955893532114009,-0.013));
#6526=CARTESIAN_POINT('',(0.00541965130902381,-0.00947023879225333,-0.0129999999999994));
#6527=CARTESIAN_POINT('',(0.00523506493005537,-0.00925925816339365,-0.0128167261889562));
#6528=CARTESIAN_POINT('',(0.00516802124983892,-0.00918262781887859,-0.0123121320343556));
#6529=CARTESIAN_POINT('',(0.00516802124983866,-0.00918262781887829,-0.0121));
#6530=CARTESIAN_POINT('',(0.0049607771957835,-0.00930821908955747,-0.0121));
#6531=CARTESIAN_POINT('',(0.00503730971026652,-0.00927842238805566,-0.0121));
#6532=CARTESIAN_POINT('',(0.00510750016008875,-0.0092357800388329,-0.0121));
#6533=CARTESIAN_POINT('',(0.00516921285804854,-0.00918158952209791,-0.0121));
#6534=CARTESIAN_POINT('',(0.00496077719578286,-0.00930821908955583,-0.012312132034356));
#6535=CARTESIAN_POINT('',(0.00503730971026569,-0.00927842238805409,-0.012312132034356));
#6536=CARTESIAN_POINT('',(0.00510750016008775,-0.00923578003883144,-0.012312132034356));
#6537=CARTESIAN_POINT('',(0.00516921285804738,-0.00918158952209658,-0.012312132034356));
#6538=CARTESIAN_POINT('',(0.00499771653828751,-0.00940309740234685,-0.0128167261889578));
#6539=CARTESIAN_POINT('',(0.00508535293013332,-0.00936897758508794,-0.0128167261889578));
#6540=CARTESIAN_POINT('',(0.00516572710581546,-0.00932014838287297,-0.0128167261889578));
#6541=CARTESIAN_POINT('',(0.00523639351755953,-0.00925809552349686,-0.0128167261889578));
#6542=CARTESIAN_POINT('',(0.00509941888297799,-0.00966431880524286,-0.013));
#6543=CARTESIAN_POINT('',(0.00521762675461738,-0.00961829647486214,-0.013));
#6544=CARTESIAN_POINT('',(0.00532603902538811,-0.00955243347039436,-0.013));
#6545=CARTESIAN_POINT('',(0.00542135703144381,-0.00946873380771433,-0.013));
#6546=CARTESIAN_POINT('',(0.0051421746800504,-0.00977413662042876,-0.013));
#6547=CARTESIAN_POINT('',(0.00527323484128288,-0.00972311045815768,-0.013));
#6548=CARTESIAN_POINT('',(0.00539343436344444,-0.00965008642122098,-0.013));
#6549=CARTESIAN_POINT('',(0.00549911593159016,-0.00955728641447174,-0.013));
#6550=CARTESIAN_POINT('',(0.0051444891008645,-0.00977322130173994,-0.013));
#6551=CARTESIAN_POINT('',(0.00527332483181437,-0.00972299625721519,-0.013));
#6552=CARTESIAN_POINT('',(0.00539329154109705,-0.00965011365957841,-0.013));
#6553=CARTESIAN_POINT('',(0.00549723704255705,-0.00955891863014625,-0.013));
#6554=CARTESIAN_POINT('',(0.00514449373091514,-0.00977323314206883,-0.0129999999296715));
#6555=CARTESIAN_POINT('',(0.00496224780261857,-0.00930764002845508,-0.0121));
#6556=CARTESIAN_POINT('',(0.00496224780177958,-0.00930764002878336,-0.0123121291920872));
#6557=CARTESIAN_POINT('',(0.00499935936648205,-0.0094024508736815,-0.0128167154922034));
#6558=CARTESIAN_POINT('',(0.00510153736987681,-0.00966349032561183,-0.0129999959802699));
#6559=CARTESIAN_POINT('',(0.00514449372058297,-0.00977323314611056,-0.0129999999998384));
#6560=CARTESIAN_POINT('',(0.00496224780261857,-0.00930764002845508,-0.0121));
#6561=CARTESIAN_POINT('',(0.00218699251627937,-0.0103939511103319,-0.0121));
#6562=CARTESIAN_POINT('',(0.00496224780261853,-0.00930764002845497,-0.0123121320343561));
#6563=CARTESIAN_POINT('',(0.00218699251627933,-0.0103939511103318,-0.0123121320343561));
#6564=CARTESIAN_POINT('',(0.00499936062235732,-0.00940245407471608,-0.0128167261889583));
#6565=CARTESIAN_POINT('',(0.00222410533601812,-0.0104887651565929,-0.0128167261889583));
#6566=CARTESIAN_POINT('',(0.00510154058901224,-0.00966349853734563,-0.0130000000000002));
#6567=CARTESIAN_POINT('',(0.00232628530267304,-0.0107498096192225,-0.0130000000000002));
#6568=CARTESIAN_POINT('',(0.00514449717897518,-0.00977324196661433,-0.013));
#6569=CARTESIAN_POINT('',(0.00236924189263598,-0.0108595530484912,-0.013));
#6570=CARTESIAN_POINT('',(0.00514449717723897,-0.00977324196729393,-0.013));
#6571=CARTESIAN_POINT('',(0.00421941215071772,-0.0101353456342737,-0.013));
#6572=CARTESIAN_POINT('',(0.00329432712419647,-0.0104974493012534,-0.013));
#6573=CARTESIAN_POINT('',(0.00236924209767522,-0.0108595529682332,-0.013));
#6574=CARTESIAN_POINT('',(0.00236926046911468,-0.0108595999027028,-0.0129999997413528));
#6575=CARTESIAN_POINT('',(0.00236924189263599,-0.0108595530484912,-0.013));
#6576=CARTESIAN_POINT('',(0.00232628530267304,-0.0107498096192225,-0.0130000000000002));
#6577=CARTESIAN_POINT('',(0.00222410533601811,-0.010488765156593,-0.0128167261889583));
#6578=CARTESIAN_POINT('',(0.00218699251627931,-0.0103939511103318,-0.0123121320343561));
#6579=CARTESIAN_POINT('',(0.00218699251627935,-0.010393951110332,-0.0121));
#6580=CARTESIAN_POINT('',(-1.81846724407151E-17,-0.0108067278524213,-0.0121));
#6581=CARTESIAN_POINT('',(0.000755128396944318,-0.0108067278524213,-0.0121));
#6582=CARTESIAN_POINT('',(0.00149700645194927,-0.0106658880591319,-0.0121));
#6583=CARTESIAN_POINT('',(0.00219959849228446,-0.0103891511430377,-0.0121));
#6584=CARTESIAN_POINT('',(-1.82330580260695E-17,-0.0108067278524213,-0.012312132034356));
#6585=CARTESIAN_POINT('',(0.000755128396944317,-0.0108067278524213,-0.012312132034356));
#6586=CARTESIAN_POINT('',(0.00149700645194927,-0.0106658880591319,-0.012312132034356));
#6587=CARTESIAN_POINT('',(0.00219959849228446,-0.0103891511430377,-0.012312132034356));
#6588=CARTESIAN_POINT('',(-1.86379371429498E-17,-0.0109085466363336,-0.0128167261889578));
#6589=CARTESIAN_POINT('',(0.000767938469491283,-0.0109085466363336,-0.0128167261889578));
#6590=CARTESIAN_POINT('',(0.00152240181693667,-0.0107653176229105,-0.0128167261889578));
#6591=CARTESIAN_POINT('',(0.00223691269788762,-0.010483886114498,-0.0128167261889578));
#6592=CARTESIAN_POINT('',(-1.94775847451543E-17,-0.0111888767222235,-0.013));
#6593=CARTESIAN_POINT('',(0.000803207489600962,-0.0111888767222235,-0.013));
#6594=CARTESIAN_POINT('',(0.00159232098680469,-0.011039069646683,-0.013));
#6595=CARTESIAN_POINT('',(0.00233964712526649,-0.0107447128663587,-0.013));
#6596=CARTESIAN_POINT('',(-1.98129995370753E-17,-0.0113067278524213,-0.013));
#6597=CARTESIAN_POINT('',(0.000818034631210463,-0.0113067278524213,-0.013));
#6598=CARTESIAN_POINT('',(0.00162171509612863,-0.01115415535107,-0.013));
#6599=CARTESIAN_POINT('',(0.00238283681123397,-0.010854364769739,-0.013));
#6600=CARTESIAN_POINT('',(1.89735380184973E-19,-0.0108067278524213,-0.0121));
#6601=CARTESIAN_POINT('',(1.89735380184972E-19,-0.0108067278524213,-0.012287491456285));
#6602=CARTESIAN_POINT('',(-4.31216773114143E-20,-0.0108520290433082,-0.0125675014414132));
#6603=CARTESIAN_POINT('',(8.62433546228903E-21,-0.0110391648403381,-0.0128972142637027));
#6604=CARTESIAN_POINT('',(3.08148791101958E-33,-0.0112117878965786,-0.013));
#6605=CARTESIAN_POINT('',(3.08148791101958E-33,-0.0113067278524213,-0.013));
#6606=CARTESIAN_POINT('',(7.58941520739853E-19,-0.0113067278524213,-0.013));
#6607=CARTESIAN_POINT('',(0.00203075766552453,-0.0109812684504695,-0.0129999999716084));
#6608=CARTESIAN_POINT('',(0.00214468788447481,-0.0109438516003858,-0.0129999999695425));
#6609=CARTESIAN_POINT('',(0.00225758545926115,-0.0109032905210712,-0.0129999999674765));
#6610=CARTESIAN_POINT('',(0.00236927858001275,-0.0108596469392176,-0.0129999999654106));
#6611=CARTESIAN_POINT('',(0.00203076765866948,-0.0109812989074819,-0.0129999997301149));
#6612=CARTESIAN_POINT('',(4.34766124352896E-13,-0.0113065687397778,-0.013));
#6613=CARTESIAN_POINT('',(0.000688440448354393,-0.0113065706210196,-0.0129999999914752));
#6614=CARTESIAN_POINT('',(0.00137676490317538,-0.0111963120367163,-0.0129999999829504));
#6615=CARTESIAN_POINT('',(0.0020307593155755,-0.0109812735311301,-0.0129999999744256));
#6616=CARTESIAN_POINT('',(0.,0.,0.002));
#6617=CARTESIAN_POINT('',(-0.00516307410181964,0.00304588754830536,-0.00400309018705759));
#6618=CARTESIAN_POINT('',(-0.00497876753457444,0.00293715831700394,-0.00376406581475973));
#6619=CARTESIAN_POINT('',(-0.00480547961825512,0.00283492939365714,-0.00351358922539403));
#6620=CARTESIAN_POINT('',(-0.00464419951260125,0.00273978432002216,-0.00325309018603925));
#6621=CARTESIAN_POINT('',(-0.00464419951323171,0.00273978432039411,-0.00325309018705758));
#6622=CARTESIAN_POINT('',(-0.00516307410181962,0.00304588754830536,-0.00400309018705758));
#6623=CARTESIAN_POINT('',(-7.01309022880772E-19,1.94248006882962E-34,-0.00325309018705758));
#6624=CARTESIAN_POINT('',(-0.00401441252597395,0.00359993045937097,-0.00325309018706073));
#6625=CARTESIAN_POINT('',(-0.00401441252597395,0.00359993045937097,-0.00325309018706073));
#6626=CARTESIAN_POINT('',(-0.00413316386075041,0.00374777711946024,-0.00351339845530397));
#6627=CARTESIAN_POINT('',(-0.00426124819441527,0.00390667974670128,-0.00376449149115498));
#6628=CARTESIAN_POINT('',(-0.00439695875407023,0.00407449614709876,-0.00400309018704969));
#6629=CARTESIAN_POINT('',(-0.00439695875407024,0.00407449614709876,-0.00400309018704969));
#6630=CARTESIAN_POINT('',(-7.7656782157553E-19,0.,-0.00400309018705758));
#6631=CARTESIAN_POINT('',(-0.00463387732136046,0.00273369487928288,-0.00323637756396715));
#6632=CARTESIAN_POINT('',(-0.00511520941788817,0.00301765040858596,-0.00401758377853279));
#6633=CARTESIAN_POINT('',(-0.00572770102672807,0.00337898176428913,-0.0046632525480516));
#6634=CARTESIAN_POINT('',(-0.00465857900179422,0.00249110262566971,-0.00309381021946094));
#6635=CARTESIAN_POINT('',(-0.00511667046324309,0.00274509955722719,-0.00385788984357864));
#6636=CARTESIAN_POINT('',(-0.00570783473674433,0.00305780813717852,-0.00449954807764566));
#6637=CARTESIAN_POINT('',(-0.00478789956019847,0.00187056497641169,-0.00289463795545995));
#6638=CARTESIAN_POINT('',(-0.0052126318927198,0.00205632964879925,-0.00361997326821556));
#6639=CARTESIAN_POINT('',(-0.00576441818450773,0.00227144029332061,-0.00424658716843317));
#6640=CARTESIAN_POINT('',(-0.00492864348734155,0.000562379556974893,-0.00278561531821907));
#6641=CARTESIAN_POINT('',(-0.0053236842951351,0.000621954385145448,-0.00346897110698063));
#6642=CARTESIAN_POINT('',(-0.00583221120568399,0.000684416929906227,-0.00407401496365278));
#6643=CARTESIAN_POINT('',(-0.00484216484272463,-0.000878189208422374,-0.00277207194605033));
#6644=CARTESIAN_POINT('',(-0.00522079119972118,-0.000952542609211169,-0.00344675610797214));
#6645=CARTESIAN_POINT('',(-0.00570825686934487,-0.00104294294830503,-0.00404690923032211));
#6646=CARTESIAN_POINT('',(-0.00462526303821593,-0.00178427898892291,-0.00280721076153714));
#6647=CARTESIAN_POINT('',(-0.00500099832415432,-0.0019469670528714,-0.00349989722285201));
#6648=CARTESIAN_POINT('',(-0.00548921953605854,-0.00214132779991473,-0.0041098769039469));
#6649=CARTESIAN_POINT('',(-0.00450107535969104,-0.002186194936555,-0.00284783993362943));
#6650=CARTESIAN_POINT('',(-0.00487854650218607,-0.00239064525058644,-0.00355374200607027));
#6651=CARTESIAN_POINT('',(-0.00537039506055961,-0.00263681456440234,-0.00417023839272764));
#6652=CARTESIAN_POINT('',(-0.00473171006185048,-0.00230937597160251,-0.00325309018705758));
#6653=CARTESIAN_POINT('',(-0.00503258878961874,-0.00149335109682788,-0.00325309018705758));
#6654=CARTESIAN_POINT('',(-0.00524412825712539,-0.000198838354923025,-0.00325309018705758));
#6655=CARTESIAN_POINT('',(-0.00510938013517552,0.00152074961541129,-0.00325309018705758));
#6656=CARTESIAN_POINT('',(-0.00486707020524549,0.00236199693338698,-0.00325309018705758));
#6657=CARTESIAN_POINT('',(-0.00464419951323207,0.00273978432039352,-0.00325309018705758));
#6658=CARTESIAN_POINT('',(-0.00516307410182002,0.00304588754830473,-0.00400309018705758));
#6659=CARTESIAN_POINT('',(-0.00541219499322487,0.00262360353346927,-0.00400309018705758));
#6660=CARTESIAN_POINT('',(-0.00566274302764179,0.00169383523667364,-0.00400309018705758));
#6661=CARTESIAN_POINT('',(-0.00579589836197713,-0.000226409113608551,-0.00400309018705758));
#6662=CARTESIAN_POINT('',(-0.00556516979859577,-0.00166232813190849,-0.00400309018705758));
#6663=CARTESIAN_POINT('',(-0.00524041011664907,-0.00257147574118374,-0.00400309018705758));
#6664=CARTESIAN_POINT('',(0.000660264159114781,-0.0113487700163035,-0.00697575210704993));
#6665=CARTESIAN_POINT('',(0.000179035398563312,-0.00369611136846184,-0.00582811420881949));
#6666=CARTESIAN_POINT('',(0.000236302237548936,-0.00369244651315752,0.00192485588810532));
#6667=CARTESIAN_POINT('',(0.000223942285814669,-0.0114012465632661,-0.00697617208742741));
#6668=CARTESIAN_POINT('',(6.09031238247367E-5,-0.00370121778912168,-0.00584848332076129));
#6669=CARTESIAN_POINT('',(7.89561779954513E-5,-0.00370251604992928,0.00192886149167301));
#6670=CARTESIAN_POINT('',(-0.000224016131110974,-0.0114012376819177,-0.0069761720163543));
#6671=CARTESIAN_POINT('',(-6.09231432148276E-5,-0.00370121692375236,-0.00584847986891621));
#6672=CARTESIAN_POINT('',(-7.89828071689012E-5,-0.00370251434576564,0.00192886081376612));
#6673=CARTESIAN_POINT('',(-0.000660264159114782,-0.0113487700163035,-0.00697575210704992));
#6674=CARTESIAN_POINT('',(-0.000179035398563351,-0.00369611136846188,-0.00582811420881945));
#6675=CARTESIAN_POINT('',(-0.000236302237548917,-0.00369244651315757,0.00192485588810533));
#6676=CARTESIAN_POINT('',(-0.000235014789611514,-0.00388867888716762,5.80449665371188E-5));
#6677=CARTESIAN_POINT('',(-0.000199425311918021,-0.00389098484619924,5.81754075289187E-5));
#6678=CARTESIAN_POINT('',(-0.000163808978526233,-0.00389276532013201,5.82747787368008E-5));
#6679=CARTESIAN_POINT('',(-0.000128166848752368,-0.00389402172067394,5.83446568666484E-5));
#6680=CARTESIAN_POINT('',(-0.000128166848752369,-0.00389402172067395,5.83446568666488E-5));
#6681=CARTESIAN_POINT('',(-0.000170402799670568,-0.00456760620769759,-0.00193538744323981));
#6682=CARTESIAN_POINT('',(-0.000151451168270799,-0.00426536310349052,-0.00129804827210302));
#6683=CARTESIAN_POINT('',(-0.000137338380404462,-0.00404029051085928,-0.000631897444222662));
#6684=CARTESIAN_POINT('',(-0.000128166848752416,-0.00389402172067578,5.83446568578283E-5));
#6685=CARTESIAN_POINT('',(-0.000170402799670568,-0.00456760620769759,-0.00193538744323981));
#6686=CARTESIAN_POINT('',(-0.000170402799670568,-0.00456760620769759,-0.0019353874432398));
#6687=CARTESIAN_POINT('',(-0.000170402799670569,-0.00474029226444218,-0.00229853826929547));
#6688=CARTESIAN_POINT('',(-0.000199668168586963,-0.00493488838047226,-0.00264612694629307));
#6689=CARTESIAN_POINT('',(-0.000292838980726892,-0.00514450353768141,-0.00297789798763563));
#6690=CARTESIAN_POINT('',(-0.000334819663746178,-0.00591888105240078,-0.00400309018705758));
#6691=CARTESIAN_POINT('',(-0.00022335146186905,-0.00592674006814486,-0.00400309018705758));
#6692=CARTESIAN_POINT('',(-0.000111744288892523,-0.00593064325833972,-0.00400309018705758));
#6693=CARTESIAN_POINT('',(1.74342547687288E-19,-0.00593064325833972,-0.00400309018705758));
#6694=CARTESIAN_POINT('',(0.,-0.00593064325833972,-0.00400309018705758));
#6695=CARTESIAN_POINT('',(0.,-0.00593064325833972,-0.00400309018705758));
#6696=CARTESIAN_POINT('',(0.,-0.00731919865531596,-0.00558794164418082));
#6697=CARTESIAN_POINT('',(0.,-0.00922571127502742,-0.0066375823763887));
#6698=CARTESIAN_POINT('',(0.,-0.0113067278524213,-0.00696367156949677));
#6699=CARTESIAN_POINT('',(1.59560543957304E-13,-0.0113067278524213,-0.00696367156949678));
#6700=CARTESIAN_POINT('',(0.000655528318342576,-0.011273437890495,-0.00696413176319085));
#6701=CARTESIAN_POINT('',(0.000437762372752726,-0.0112955069419529,-0.00696397836529283));
#6702=CARTESIAN_POINT('',(0.000218881361200216,-0.011306569337896,-0.0069638249673948));
#6703=CARTESIAN_POINT('',(4.34766124352896E-13,-0.0113065687397778,-0.00696367156949678));
#6704=CARTESIAN_POINT('',(-6.07153216591882E-18,4.77048955893622E-18,-0.004));
#6705=CARTESIAN_POINT('',(0.00296861942089749,0.00304076225856438,-0.004));
#6706=CARTESIAN_POINT('',(0.00243386842975187,0.00239651427670308,-0.004));
#6707=CARTESIAN_POINT('',(0.00207457890357066,0.00161952920740893,-0.004));
#6708=CARTESIAN_POINT('',(0.00168838054071094,0.000872093720225864,-0.004));
#6709=CARTESIAN_POINT('',(0.0016883805407109,0.000872093720225816,-0.004));
#6710=CARTESIAN_POINT('',(-6.07153216591882E-18,4.77048955893622E-18,-0.004));
#6711=CARTESIAN_POINT('',(-0.00168838054071091,0.000872093720225827,-0.004));
#6712=CARTESIAN_POINT('',(-0.00296861942089749,0.00304076225856439,-0.004));
#6713=CARTESIAN_POINT('',(-0.00243386842975551,0.00239651427670746,-0.004));
#6714=CARTESIAN_POINT('',(-0.0020745789035742,0.00161952920740778,-0.00400000000001038));
#6715=CARTESIAN_POINT('',(-0.00168838054071089,0.000872093720225808,-0.004));
#6716=CARTESIAN_POINT('',(-0.0039707754238608,0.00413356382187726,-0.004));
#6717=CARTESIAN_POINT('',(-0.00387264271541196,0.00409328321263661,-0.004));
#6718=CARTESIAN_POINT('',(-0.00378754267905816,0.00402737035299541,-0.004));
#6719=CARTESIAN_POINT('',(-0.00372071062026239,0.00394685358965,-0.004));
#6720=CARTESIAN_POINT('',(-6.07153216591882E-18,4.77048955893622E-18,0.001));
#6721=CARTESIAN_POINT('',(-6.07153216591882E-18,-0.0124833147735479,0.001));
#6722=CARTESIAN_POINT('',(-6.07153216591882E-18,-0.00653037432365255,-0.00575));
#6723=CARTESIAN_POINT('',(2.1820448962438E-14,-0.00855336998199869,-0.00709663719919421));
#6724=CARTESIAN_POINT('',(-6.07153216591882E-18,4.77048955893622E-18,-0.00575));
#6725=CARTESIAN_POINT('',(0.00469524094157427,0.00453877751245699,-0.00575));
#6726=CARTESIAN_POINT('',(0.00469524094157428,0.00453877751245699,-0.00575));
#6727=CARTESIAN_POINT('',(0.00512956247398038,0.00504092464609426,-0.0063331904185155));
#6728=CARTESIAN_POINT('',(0.00565033258426765,0.00555467702049614,-0.00680880880423861));
#6729=CARTESIAN_POINT('',(0.00628877823308381,0.00604434917628058,-0.00717659175233983));
#6730=CARTESIAN_POINT('',(0.00628877823308382,0.00604434917628056,-0.00717659175233984));
#6731=CARTESIAN_POINT('',(0.00628877823308382,0.00604434917628056,-0.00717659175233985));
#6732=CARTESIAN_POINT('',(0.00645792481492043,0.0049952332397097,-0.00689830768306008));
#6733=CARTESIAN_POINT('',(0.00687819448274744,0.00291335516226451,-0.00634058640593618));
#6734=CARTESIAN_POINT('',(0.00706224427976542,-0.000390125912182722,-0.00597916286628465));
#6735=CARTESIAN_POINT('',(0.00631116640631444,-0.0036281623663292,-0.00617503826091325));
#6736=CARTESIAN_POINT('',(0.00541380791446736,-0.0055750085325434,-0.00665457287941061));
#6737=CARTESIAN_POINT('',(0.00497713069582631,-0.0065450617642546,-0.0069275178290955));
#6738=CARTESIAN_POINT('',(0.00497713069582625,-0.0065450617642546,-0.0069275178290953));
#6739=CARTESIAN_POINT('',(0.00497713069582625,-0.0065450617642546,-0.0069275178290953));
#6740=CARTESIAN_POINT('',(0.00459831457682714,-0.00685565267160771,-0.00693715400064317));
#6741=CARTESIAN_POINT('',(0.00420720581849461,-0.00714980239585475,-0.00695935974023083));
#6742=CARTESIAN_POINT('',(0.00380597507008421,-0.0074289147953466,-0.00699323452291333));
#6743=CARTESIAN_POINT('',(0.00380597507008421,-0.0074289147953466,-0.00699323452291333));
#6744=CARTESIAN_POINT('',(0.00380597507008421,-0.0074289147953466,-0.00699323452291333));
#6745=CARTESIAN_POINT('',(0.00287160891427527,-0.00784522150078289,-0.00696450273720793));
#6746=CARTESIAN_POINT('',(0.00190909387079593,-0.00817713797613054,-0.00698930373802569));
#6747=CARTESIAN_POINT('',(0.000922063100746057,-0.00843537023038014,-0.00706339884470883));
#6748=CARTESIAN_POINT('',(0.000922063100746058,-0.00843537023038014,-0.00706339884470883));
#6749=CARTESIAN_POINT('',(0.000922063100746058,-0.00843537023038014,-0.00706339884470883));
#6750=CARTESIAN_POINT('',(0.000620925642643524,-0.00851415541824301,-0.00708600483913317));
#6751=CARTESIAN_POINT('',(0.000310945953297663,-0.00855336998199684,-0.0070966371991937));
#6752=CARTESIAN_POINT('',(2.18206396999466E-14,-0.00855336998199869,-0.00709663719919421));
#6753=CARTESIAN_POINT('',(-6.07153216591882E-18,4.77048955893622E-18,-0.011));
#6754=CARTESIAN_POINT('',(-6.07153216591882E-18,-0.00190030952928951,-0.011));
#6755=CARTESIAN_POINT('',(-1.54074395550979E-33,-0.00210828325250984,-0.00400309018705758));
#6756=CARTESIAN_POINT('',(-5.16640250071544E-18,4.77048955893622E-18,-0.00400309018705758));
#6757=CARTESIAN_POINT('',(-0.0018292055338305,0.00104826780348194,-0.00400309018705758));
#6758=CARTESIAN_POINT('',(-0.0018292055338305,0.00104826780348194,-0.00400309018705758));
#6759=CARTESIAN_POINT('',(-0.00178217832735797,0.00098964766987037,-0.00400101105116574));
#6760=CARTESIAN_POINT('',(-0.00173522683693398,0.000930930202220805,-0.004));
#6761=CARTESIAN_POINT('',(-0.00168838054071091,0.000872093720225826,-0.004));
#6762=CARTESIAN_POINT('',(0.0016883805407109,0.000872093720225816,-0.004));
#6763=CARTESIAN_POINT('',(0.00273693698794767,0.00218902542032859,-0.004));
#6764=CARTESIAN_POINT('',(0.00380047180858627,0.00345796590819701,-0.00456986046356994));
#6765=CARTESIAN_POINT('',(0.00462280209547434,0.00445230798040364,-0.00565316659569679));
#6766=CARTESIAN_POINT('',(0.00462280209547434,0.00445230798040364,-0.00565316659569679));
#6767=CARTESIAN_POINT('',(0.00462280209547434,0.00445230798040364,-0.00565316659569679));
#6768=CARTESIAN_POINT('',(0.00464699114602406,0.00448155680053324,-0.00568503231584434));
#6769=CARTESIAN_POINT('',(0.00467114085158731,0.00451037697344393,-0.00571731023909622));
#6770=CARTESIAN_POINT('',(0.00469524094157428,0.00453877751245699,-0.00575));
#6771=CARTESIAN_POINT('',(0.00471205591550796,-0.00866395706813748,-0.004));
#6772=CARTESIAN_POINT('',(0.00514449717723897,-0.00977324196729393,-0.013));
#6773=CARTESIAN_POINT('',(0.00514449717723897,-0.00977324196729393,-0.0109603897722652));
#6774=CARTESIAN_POINT('',(0.00514449717723897,-0.00977324196729393,-0.0089207795445305));
#6775=CARTESIAN_POINT('',(0.00514449717723897,-0.00977324196729393,-0.00688116931679574));
#6776=CARTESIAN_POINT('',(0.00549707819348612,-0.00955905796905605,-0.00689068496221443));
#6777=CARTESIAN_POINT('',(0.00803265726620136,-0.00767270020332245,-0.004));
#6778=CARTESIAN_POINT('',(0.00775722966300887,-0.00796104921729,-0.004));
#6779=CARTESIAN_POINT('',(0.00966514172417038,-0.0059636293683135,-0.004));
#6780=CARTESIAN_POINT('',(0.00633814832986367,-0.00896439099345543,-0.004));
#6781=CARTESIAN_POINT('',(0.00400075420505431,-0.0102209343549524,-0.004));
#6782=CARTESIAN_POINT('',(0.00236924189263598,-0.0108595530484912,-0.00692247113094341));
#6783=CARTESIAN_POINT('',(0.00236924189263598,-0.0108595530484912,-0.00894831400107988));
#6784=CARTESIAN_POINT('',(0.00236924189263598,-0.0108595530484912,-0.0109741568712163));
#6785=CARTESIAN_POINT('',(0.00236924189263598,-0.0108595530484912,-0.0129999997413528));
#6786=CARTESIAN_POINT('',(0.00731081307085126,-0.00809095115741893,-0.004));
#6787=CARTESIAN_POINT('',(-3.43728225888089E-6,-0.00478736716615564,-0.004));
#6788=CARTESIAN_POINT('',(0.00203075765225347,-0.010981268454828,-0.00693833109465109));
#6789=CARTESIAN_POINT('',(0.00203075765225347,-0.010981268454828,-0.00895888730647235));
#6790=CARTESIAN_POINT('',(0.00203075765225347,-0.010981268454828,-0.0109794435182936));
#6791=CARTESIAN_POINT('',(0.00203075765225347,-0.010981268454828,-0.0129999997301149));
#6792=CARTESIAN_POINT('',(1.77661647161583E-8,-0.00480519998224077,-0.004));
#6793=CARTESIAN_POINT('',(4.34793403879451E-13,-0.0113065687397778,-0.004));
#6794=CARTESIAN_POINT('',(0.00988252481367233,0.00730111109054718,-0.008));
#6795=CARTESIAN_POINT('',(0.00965375642607828,0.00817155064895294,-0.0073974433574065));
#6796=CARTESIAN_POINT('',(0.00982370078399215,0.00821621532022761,-0.0073995259328675));
#6797=CARTESIAN_POINT('',(0.0100027283615369,0.00821019377910096,-0.0074));
#6798=CARTESIAN_POINT('',(0.010169296677045,0.00815420070974186,-0.0074));
#6799=CARTESIAN_POINT('',(0.010169296677045,0.00815420070974186,-0.0074));
#6800=CARTESIAN_POINT('',(0.00988252481367233,0.00730111109054718,-0.0074));
#6801=CARTESIAN_POINT('',(0.010768589777076,0.00745887319191672,-0.00989978954576116));
#6802=CARTESIAN_POINT('',(0.010768589777076,0.00745887319191672,-0.0094839156527695));
#6803=CARTESIAN_POINT('',(0.0107627036706024,0.00754524670565402,-0.00887223338014471));
#6804=CARTESIAN_POINT('',(0.0106436077876556,0.00780206775300745,-0.00809452827737999));
#6805=CARTESIAN_POINT('',(0.0104982348234438,0.00797780668711713,-0.00772244308467194));
#6806=CARTESIAN_POINT('',(0.0103587676354282,0.00806478168362121,-0.0076));
#6807=CARTESIAN_POINT('',(0.0103587676354282,0.00806478168362121,-0.0076));
#6808=CARTESIAN_POINT('',(0.00988252481367233,0.00730111109054718,-0.0076));
#6809=CARTESIAN_POINT('',(0.00965859511310988,0.00817280799269035,-0.0076));
#6810=CARTESIAN_POINT('',(0.00965859511310988,0.00817280799269035,-0.0076));
#6811=CARTESIAN_POINT('',(0.00965698105335623,0.00817239335783684,-0.0076));
#6812=CARTESIAN_POINT('',(0.00965536815767902,0.00817197424325765,-0.00759999987557696));
#6813=CARTESIAN_POINT('',(0.00965375642607828,0.00817155064895294,-0.00759999962581956));
#6814=CARTESIAN_POINT('',(0.00499337084983043,0.00480920974436258,-0.00490928255478956));
#6815=CARTESIAN_POINT('',(0.00467613784653878,0.0050979165564062,-0.00488573043818135));
#6816=CARTESIAN_POINT('',(0.00450096278891284,0.00488687220264788,-0.00521636177944687));
#6817=CARTESIAN_POINT('',(0.00524662955596832,0.00512018477299762,-0.00524161445328497));
#6818=CARTESIAN_POINT('',(0.00494033369351388,0.00539785921120532,-0.00522339464925237));
#6819=CARTESIAN_POINT('',(0.00477934042508276,0.00522225116083096,-0.00556346398415849));
#6820=CARTESIAN_POINT('',(0.00582089225891345,0.00573533384518556,-0.00582923655178866));
#6821=CARTESIAN_POINT('',(0.0055413451321697,0.00601004241486809,-0.00582904480517594));
#6822=CARTESIAN_POINT('',(0.00540581210795043,0.00588981171861325,-0.00617720262102462));
#6823=CARTESIAN_POINT('',(0.00731485135583958,0.00690465781077372,-0.00671146020974755));
#6824=CARTESIAN_POINT('',(0.00710552807857174,0.00721356600941646,-0.0067362126489207));
#6825=CARTESIAN_POINT('',(0.00702127658627959,0.00717207996473835,-0.00709863621849894));
#6826=CARTESIAN_POINT('',(0.00874236385379389,0.00754037650382,-0.00697530753362711));
#6827=CARTESIAN_POINT('',(0.0086228078072585,0.00790156884823233,-0.00699532586494692));
#6828=CARTESIAN_POINT('',(0.00855658991301488,0.00788319402304843,-0.00737421009272808));
#6829=CARTESIAN_POINT('',(0.00976272284022007,0.00779050719124133,-0.00699755215070835));
#6830=CARTESIAN_POINT('',(0.009661930191726,0.00817369887299646,-0.00700128989174774));
#6831=CARTESIAN_POINT('',(0.00965375642607828,0.00817155064895294,-0.0073974433574065));
#6832=CARTESIAN_POINT('',(0.00975543126500897,0.00778468862299482,-0.0073974433574065));
#6833=CARTESIAN_POINT('',(0.00976272284022007,0.00779050719124133,-0.00699755215070835));
#6834=CARTESIAN_POINT('',(0.009661930191726,0.00817369887299646,-0.00700128989174774));
#6835=CARTESIAN_POINT('',(0.00965375642607828,0.00817155064895294,-0.0073974433574065));
#6836=CARTESIAN_POINT('',(0.00985417569676393,0.00781292586683435,-0.00699954589291208));
#6837=CARTESIAN_POINT('',(0.00982823012676716,0.00821569993777208,-0.00700338394718894));
#6838=CARTESIAN_POINT('',(0.00982368267835937,0.00821621056171637,-0.00739952569974822));
#6839=CARTESIAN_POINT('',(0.00995112149324046,0.00780756852726953,-0.007));
#6840=CARTESIAN_POINT('',(0.0100043263559467,0.00820965649992299,-0.00700191235262877));
#6841=CARTESIAN_POINT('',(0.0100027206687827,0.00821019636507251,-0.00740000000849863));
#6842=CARTESIAN_POINT('',(0.010041842515546,0.00777504976787759,-0.007));
#6843=CARTESIAN_POINT('',(0.0101692966770449,0.00815420070974191,-0.007));
#6844=CARTESIAN_POINT('',(0.0101692966770449,0.00815420070974191,-0.0074));
#6845=CARTESIAN_POINT('',(0.0100418425155461,0.00777504976787756,-0.0074));
#6846=CARTESIAN_POINT('',(0.00988252481367233,0.00730111109054718,-0.0074));
#6847=CARTESIAN_POINT('',(0.010376301186668,0.0073797551842303,-0.0074));
#6848=CARTESIAN_POINT('',(0.0118006063009489,-0.00156291527494649,-0.0074));
#6849=CARTESIAN_POINT('',(0.0107821850025519,0.00737446758480206,-0.0074));
#6850=CARTESIAN_POINT('',(0.0107824759053764,0.00737264111653385,-0.00719056048976068));
#6851=CARTESIAN_POINT('',(0.0105945782732603,0.00734084173424756,-0.007));
#6852=CARTESIAN_POINT('',(0.010388036612629,0.00730607290505094,-0.007));
#6853=CARTESIAN_POINT('',(0.0103850133655111,0.00732318267481467,-0.00699999697417929));
#6854=CARTESIAN_POINT('',(0.0107803252668622,0.0073861441583445,-0.00699970230604407));
#6855=CARTESIAN_POINT('',(0.010780302520403,0.00738628697471608,-0.00739999683969837));
#6856=CARTESIAN_POINT('',(0.0105011496478176,0.00666596347560153,-0.00700022972361921));
#6857=CARTESIAN_POINT('',(0.0108838180205266,0.00673635249386977,-0.00701110813046019));
#6858=CARTESIAN_POINT('',(0.010886138189993,0.00672178503164234,-0.00740023993159439));
#6859=CARTESIAN_POINT('',(0.0106168480367687,0.00600614155077011,-0.00698710677743723));
#6860=CARTESIAN_POINT('',(0.0109896248029228,0.00607203192247478,-0.00700772807616865));
#6861=CARTESIAN_POINT('',(0.0109919785423403,0.00605725368731558,-0.00738653374705279));
#6862=CARTESIAN_POINT('',(0.0107311144574195,0.00534394710513206,-0.00697180032960815));
#6863=CARTESIAN_POINT('',(0.0110964276279267,0.00540145757818362,-0.00699978218916199));
#6864=CARTESIAN_POINT('',(0.0110978131794219,0.00539275822696918,-0.00737054701092406));
#6865=CARTESIAN_POINT('',(-0.00440089775886987,0.00407936688240097,-0.00401000830260217));
#6866=CARTESIAN_POINT('',(-0.00408351988153775,0.00438395261003047,-0.00398135895389391));
#6867=CARTESIAN_POINT('',(-0.00387474876762435,0.00413243298494011,-0.00427711978271782));
#6868=CARTESIAN_POINT('',(-0.0042522721671125,0.00389559084269287,-0.00374924778824375));
#6869=CARTESIAN_POINT('',(-0.00393438645366464,0.00420428223722865,-0.00371827760021732));
#6870=CARTESIAN_POINT('',(-0.00371735995035278,0.0039428168279368,-0.00400476991209358));
#6871=CARTESIAN_POINT('',(-0.00411359182814585,0.00372349923686221,-0.00347526713563612));
#6872=CARTESIAN_POINT('',(-0.0037959666487136,0.00403751923638249,-0.00344296103174113));
#6873=CARTESIAN_POINT('',(-0.00357023970915111,0.00376557186709611,-0.0037186123414417));
#6874=CARTESIAN_POINT('',(-0.00398495517688464,0.00356324424030455,-0.00318790575706374));
#6875=CARTESIAN_POINT('',(-0.0036683543320732,0.0038837766929969,-0.00315621526509839));
#6876=CARTESIAN_POINT('',(-0.00343351277817076,0.00360084837745569,-0.00341847934626657));
#6877=CARTESIAN_POINT('',(-0.00368745286527496,0.00370563540249551,-0.00325309018705758));
#6878=CARTESIAN_POINT('',(-0.00380583667944615,0.00372428082345257,-0.00325309018705758));
#6879=CARTESIAN_POINT('',(-0.00393375792420222,0.00368987131997134,-0.00325309018705758));
#6880=CARTESIAN_POINT('',(-0.00401441252597257,0.00359993045936887,-0.00325309018705758));
#6881=CARTESIAN_POINT('',(-0.00439695875407024,0.00407449614709876,-0.00400309018704969));
#6882=CARTESIAN_POINT('',(-0.00430842809870851,0.00417003327022833,-0.00400309018704969));
#6883=CARTESIAN_POINT('',(-0.00402147586021137,0.00420701442283276,-0.00400309018706153));
#6884=CARTESIAN_POINT('',(-0.00380495532211601,0.00404834845371153,-0.00400309018705758));
#6885=CARTESIAN_POINT('',(-0.00372236317114843,0.0039488445211132,-0.00400309018705758));
#6886=CARTESIAN_POINT('',(0.00462280209547434,0.00445230798040364,-0.00565316659569678));
#6887=CARTESIAN_POINT('',(0.00434806729083578,0.00470266942845424,-0.00563271342982328));
#6888=CARTESIAN_POINT('',(0.00450096278891284,0.00488687220264788,-0.00534763325830803));
#6889=CARTESIAN_POINT('',(0.00379506792806693,0.00345143166495451,-0.00456274160000364));
#6890=CARTESIAN_POINT('',(0.00351226978330555,0.00369573186987635,-0.00453668621016001));
#6891=CARTESIAN_POINT('',(0.00362420780148663,0.00383059060506529,-0.00419489826719422));
#6892=CARTESIAN_POINT('',(0.00273142603082206,0.00218366823124238,-0.00399389071286529));
#6893=CARTESIAN_POINT('',(0.00240384017186409,0.00236033735536312,-0.00396048070570641));
#6894=CARTESIAN_POINT('',(0.00250154942765205,0.00247805381011121,-0.00359354159092488));
#6895=CARTESIAN_POINT('',(0.00166937331010106,0.000848207604856106,-0.00400005523335302));
#6896=CARTESIAN_POINT('',(0.00136110317814672,0.00110408684823414,-0.00400068655338638));
#6897=CARTESIAN_POINT('',(0.00136017009379412,0.00110296270312544,-0.00360005838954463));
#6898=CARTESIAN_POINT('',(0.00480874937333014,0.00463139731454196,-0.00534763325830803));
#6899=CARTESIAN_POINT('',(0.00469524094157427,0.00453877751245699,-0.00575));
#6900=CARTESIAN_POINT('',(0.00442047745846953,0.00479351074113286,-0.00573191656263719));
#6901=CARTESIAN_POINT('',(0.004580876444223,0.00498194167603057,-0.00545));
#6902=CARTESIAN_POINT('',(0.0046711412450604,0.00451037743769179,-0.0057173107731547));
#6903=CARTESIAN_POINT('',(0.00439643880364193,0.00476370727014549,-0.00569847771191008));
#6904=CARTESIAN_POINT('',(0.00455429391457097,0.00495071348034873,-0.00541544281735213));
#6905=CARTESIAN_POINT('',(0.00464699155479904,0.00448155729422902,-0.00568503285400573));
#6906=CARTESIAN_POINT('',(0.00437229828251927,0.00473343014638543,-0.0056654074896933));
#6907=CARTESIAN_POINT('',(0.00452765240239442,0.00491902685015087,-0.00538132044566307));
#6908=CARTESIAN_POINT('',(0.00462280209547434,0.00445230798040364,-0.00565316659569678));
#6909=CARTESIAN_POINT('',(0.00434806729083578,0.00470266942845424,-0.00563271342982328));
#6910=CARTESIAN_POINT('',(0.00450096278891284,0.00488687220264788,-0.00534763325830803));
#6911=CARTESIAN_POINT('',(0.0048854664824279,0.00472266400898935,-0.00545));
#6912=CARTESIAN_POINT('',(0.004580876444223,0.00498194167603057,-0.00545));
#6913=CARTESIAN_POINT('',(0.00442047745846953,0.00479351074113286,-0.00573191656263719));
#6914=CARTESIAN_POINT('',(0.00469524094157427,0.00453877751245699,-0.00575));
#6915=CARTESIAN_POINT('',(0.00485221097666181,0.00530069568421402,-0.00580273380992298));
#6916=CARTESIAN_POINT('',(0.00469365646944172,0.00513068585786968,-0.00611603234767387));
#6917=CARTESIAN_POINT('',(0.00497015194692822,0.00485661985929244,-0.00611914003429754));
#6918=CARTESIAN_POINT('',(0.00546570379090993,0.00594207221307957,-0.00642440778114555));
#6919=CARTESIAN_POINT('',(0.00531688520421661,0.00581129992393256,-0.00678818585265609));
#6920=CARTESIAN_POINT('',(0.00558767194065817,0.00549980158875535,-0.00676972907290724));
#6921=CARTESIAN_POINT('',(0.00705692393147244,0.00718957416201131,-0.00734571925329324));
#6922=CARTESIAN_POINT('',(0.00695510198390477,0.00713978528734373,-0.00777134429428458));
#6923=CARTESIAN_POINT('',(0.00717632960390946,0.00676327299465455,-0.00773389224242712));
#6924=CARTESIAN_POINT('',(0.00857469645512522,0.00788795277327237,-0.00759971068277587));
#6925=CARTESIAN_POINT('',(0.00850789804866958,0.00787038411017435,-0.00801859980885344));
#6926=CARTESIAN_POINT('',(0.00868383377153877,0.00748394141442023,-0.00799969722427156));
#6927=CARTESIAN_POINT('',(0.00965375642607828,0.00817155064895294,-0.00759999962581956));
#6928=CARTESIAN_POINT('',(0.0096536520497134,0.00817152321682113,-0.00800004735115284));
#6929=CARTESIAN_POINT('',(0.00975533903524061,0.00778461502501551,-0.00799999960841582));
#6930=CARTESIAN_POINT('',(0.00975543126500897,0.00778468862299482,-0.00759999962581956));
#6931=CARTESIAN_POINT('',(0.00967146736784343,0.0081039226156607,-0.007825919350278));
#6932=CARTESIAN_POINT('',(0.00967146736784343,0.0081039226156607,-0.007825919350278));
#6933=CARTESIAN_POINT('',(0.00871016392157306,0.00785029769032872,-0.00782702998303215));
#6934=CARTESIAN_POINT('',(0.00777368158391449,0.00742556469768719,-0.00777619720609416));
#6935=CARTESIAN_POINT('',(0.00705871955127322,0.00677073954445397,-0.0075500439665785));
#6936=CARTESIAN_POINT('',(0.00705871955127322,0.00677073954445397,-0.0075500439665785));
#6937=CARTESIAN_POINT('',(0.00705871955127322,0.00677073954445397,-0.0075500439665785));
#6938=CARTESIAN_POINT('',(0.00678873884619697,0.00652346745376904,-0.00746464501072883));
#6939=CARTESIAN_POINT('',(0.00653182443351253,0.00628375893362219,-0.00733349287801564));
#6940=CARTESIAN_POINT('',(0.00628877823308319,0.0060443491762809,-0.00717659175234077));
#6941=CARTESIAN_POINT('',(0.00965375642607828,0.00817155064895294,-0.00759999962581956));
#6942=CARTESIAN_POINT('',(0.00965372392568898,0.00817154210722068,-0.00772456524779559));
#6943=CARTESIAN_POINT('',(0.00967167435872278,0.00810313377745109,-0.00782710635018652));
#6944=CARTESIAN_POINT('',(0.00965536815765874,0.00817197424325232,-0.00759999987549816));
#6945=CARTESIAN_POINT('',(0.00965534650519968,0.00817196861686004,-0.0077245622877273));
#6946=CARTESIAN_POINT('',(0.00967317837520652,0.00810353261798487,-0.00782710178357972));
#6947=CARTESIAN_POINT('',(0.00965698105333597,0.00817239335783165,-0.00760000000007871));
#6948=CARTESIAN_POINT('',(0.00965697023445875,0.00817239057861252,-0.00772455916482655));
#6949=CARTESIAN_POINT('',(0.00967468344037162,0.0081039272457687,-0.00782709703459105));
#6950=CARTESIAN_POINT('',(0.00965859511310988,0.00817280799269036,-0.0076));
#6951=CARTESIAN_POINT('',(0.00965859511310988,0.00817280799269036,-0.00772455587969245));
#6952=CARTESIAN_POINT('',(0.00967618955381475,0.00810431766104228,-0.00782709210398894));
#6953=CARTESIAN_POINT('',(0.00975811942447097,0.00778538714729339,-0.0076));
#6954=CARTESIAN_POINT('',(0.00967598541138311,0.008105112331534,-0.00782589778763058));
#6955=CARTESIAN_POINT('',(0.00967598541138311,0.008105112331534,-0.00782589778763058));
#6956=CARTESIAN_POINT('',(0.00967447834579033,0.00810471975996416,-0.00782590546221824));
#6957=CARTESIAN_POINT('',(0.00967297233128005,0.00810432318800045,-0.00782591265005674));
#6958=CARTESIAN_POINT('',(0.00967146736784343,0.0081039226156607,-0.007825919350278));
#6959=CARTESIAN_POINT('',(0.00988252481367233,0.00730111109054718,-0.0076));
#6960=CARTESIAN_POINT('',(0.0103587676354282,0.00806478168362121,-0.0076));
#6961=CARTESIAN_POINT('',(0.0103587676354282,0.00806478168362121,-0.00769192548295062));
#6962=CARTESIAN_POINT('',(0.0101798031212571,0.00811227412759464,-0.00780199547263821));
#6963=CARTESIAN_POINT('',(0.0100078536476107,0.00813116120464902,-0.00781923298784524));
#6964=CARTESIAN_POINT('',(0.00991752971585402,0.00813323326281974,-0.00782182306026632));
#6965=CARTESIAN_POINT('',(0.00991752971585402,0.00813323326281974,-0.00782182306026631));
#6966=CARTESIAN_POINT('',(0.00991752971585402,0.00813323326281974,-0.00782182306026631));
#6967=CARTESIAN_POINT('',(0.00983572182776133,0.00813510996038654,-0.00782416893196006));
#6968=CARTESIAN_POINT('',(0.009755205739297,0.00812574380944088,-0.00782550061852398));
#6969=CARTESIAN_POINT('',(0.00967598541138333,0.00810511233154173,-0.00782589778763212));
#6970=CARTESIAN_POINT('',(-0.0029836756220909,0.00305890140630597,-0.00400800487680065));
#6971=CARTESIAN_POINT('',(-0.00290564508254293,0.00296489313243699,-0.00436583660189333));
#6972=CARTESIAN_POINT('',(-0.003191744631992,0.00271849438919777,-0.00438595055913575));
#6973=CARTESIAN_POINT('',(-0.00246518051383827,0.00243423790380159,-0.00373082992855667));
#6974=CARTESIAN_POINT('',(-0.00241082910382882,0.00236875735904355,-0.00410460084278782));
#6975=CARTESIAN_POINT('',(-0.00270342302057992,0.00212507603312861,-0.00412375803868783));
#6976=CARTESIAN_POINT('',(-0.00192056000982965,0.00177809950219497,-0.00359850724665178));
#6977=CARTESIAN_POINT('',(-0.00188499210352823,0.00173524861975888,-0.00398228915923521));
#6978=CARTESIAN_POINT('',(-0.00219089625379872,0.00150358425258362,-0.0039985879447418));
#6979=CARTESIAN_POINT('',(-0.00137081558611993,0.00111578799388765,-0.00360001340409422));
#6980=CARTESIAN_POINT('',(-0.00137126295719668,0.00111632696981871,-0.00400031246091734));
#6981=CARTESIAN_POINT('',(-0.00167927970595857,0.000860660354589602,-0.00400001267954858));
#6982=CARTESIAN_POINT('',(-0.00297445122490103,0.00304778819778115,-0.00400309018706339));
#6983=CARTESIAN_POINT('',(-0.00285096419201864,0.00289901564188538,-0.00400309018706339));
#6984=CARTESIAN_POINT('',(-0.00262679426318021,0.00258545582649274,-0.00400309018705482));
#6985=CARTESIAN_POINT('',(-0.00237864874862789,0.00217089841773625,-0.00400309018705793));
#6986=CARTESIAN_POINT('',(-0.00219307113085384,0.00183254145901853,-0.00400309018705752));
#6987=CARTESIAN_POINT('',(-0.00205798533732019,0.00157576700231667,-0.0040030901870576));
#6988=CARTESIAN_POINT('',(-0.00195165653485374,0.00136090408006281,-0.00400309018705758));
#6989=CARTESIAN_POINT('',(-0.00187541232551319,0.0012069482359802,-0.00400309018705758));
#6990=CARTESIAN_POINT('',(-0.00184399634337446,0.00112007126805541,-0.00400309018705758));
#6991=CARTESIAN_POINT('',(-0.0018169748379409,0.00106961011365247,-0.00400309018705758));
#6992=CARTESIAN_POINT('',(-0.00182920553383087,0.00104826780348203,-0.00400309018705758));
#6993=CARTESIAN_POINT('',(0.0100574294864231,0.0074588732083947,-0.0100400536629294));
#6994=CARTESIAN_POINT('',(0.00998104038097514,0.0074588732083947,-0.00882883901457475));
#6995=CARTESIAN_POINT('',(0.00991752971585402,0.00813323326281976,-0.00782182306026632));
#6996=CARTESIAN_POINT('',(0.0106966018551092,0.0074588732083947,-0.00999974221102713));
#6997=CARTESIAN_POINT('',(0.0103409472951267,0.007458873208395,-0.00880902640148986));
#6998=CARTESIAN_POINT('',(0.010045328451244,0.00813030152131318,-0.00781815838397616));
#6999=CARTESIAN_POINT('',(0.0119362582217746,0.0074588732083947,-0.00947210407186343));
#7000=CARTESIAN_POINT('',(0.011033808311037,0.00745887320839341,-0.00855121655995481));
#7001=CARTESIAN_POINT('',(0.0102789341151957,0.00808910118865799,-0.00777019127868185));
#7002=CARTESIAN_POINT('',(0.0124814522824426,0.0074588732083947,-0.00821032572349983));
#7003=CARTESIAN_POINT('',(0.0113336934001632,0.00745887320839698,-0.00791016555417113));
#7004=CARTESIAN_POINT('',(0.0103597217080916,0.00806452969836736,-0.00765548415668343));
#7005=CARTESIAN_POINT('',(0.0124752921497967,0.0074588732083947,-0.0075773422463595));
#7006=CARTESIAN_POINT('',(0.0113303005261586,0.0074588732083947,-0.00758848518154127));
#7007=CARTESIAN_POINT('',(0.0103587502491834,0.00806478627564232,-0.0075979402042145));
#7008=CARTESIAN_POINT('',(0.0100574294864231,0.0114588732083947,-0.0100400536629294));
#7009=CARTESIAN_POINT('',(0.00987829141320118,0.00743556335219932,-0.0100848756639364));
#7010=CARTESIAN_POINT('',(0.00986546173111385,0.00743216699043727,-0.00884724476986805));
#7011=CARTESIAN_POINT('',(0.00967598541138311,0.008105112331534,-0.00782589778763058));
#7012=CARTESIAN_POINT('',(0.00993704974129129,0.00745111826130531,-0.0100804993303308));
#7013=CARTESIAN_POINT('',(0.00990301452954197,0.00744330012480877,-0.00884546085244393));
#7014=CARTESIAN_POINT('',(0.00975534124715643,0.00812577909979316,-0.00782549993939905));
#7015=CARTESIAN_POINT('',(0.00999676540437261,0.0074588732083947,-0.0100657423401822));
#7016=CARTESIAN_POINT('',(0.00994075843163447,0.00745224677240231,-0.00883947279222853));
#7017=CARTESIAN_POINT('',(0.00983608929658145,0.00813510153047424,-0.00782415839475513));
#7018=CARTESIAN_POINT('',(0.0100574294864231,0.0074588732083947,-0.0100400536629294));
#7019=CARTESIAN_POINT('',(0.00998104038097514,0.0074588732083947,-0.00882883901457475));
#7020=CARTESIAN_POINT('',(0.00991752971585402,0.00813323326281976,-0.00782182306026632));
#7021=CARTESIAN_POINT('',(0.00885464528050453,0.0113023641739401,-0.0100848756639364));
#7022=CARTESIAN_POINT('',(0.0098748931538349,0.0074346545985537,-0.0100851165948624));
#7023=CARTESIAN_POINT('',(0.00986332807747798,0.00743153073830091,-0.00884734285410311));
#7024=CARTESIAN_POINT('',(0.00967146736784343,0.00810392261566071,-0.00782591935027801));
#7025=CARTESIAN_POINT('',(0.00987602515187017,0.00743496036425376,-0.0100850403981287));
#7026=CARTESIAN_POINT('',(0.0098640389392424,0.00743174353621905,-0.00884731191452787));
#7027=CARTESIAN_POINT('',(0.00967297226850241,0.00810432317129191,-0.0078259126503351));
#7028=CARTESIAN_POINT('',(0.00987715790500046,0.00743526328210532,-0.0100849600878761));
#7029=CARTESIAN_POINT('',(0.00986475015103669,0.00743195561920168,-0.00884727921977381));
#7030=CARTESIAN_POINT('',(0.00967447828374195,0.00810471974380043,-0.00782590546253551));
#7031=CARTESIAN_POINT('',(0.00987829141320118,0.00743556335219932,-0.0100848756639364));
#7032=CARTESIAN_POINT('',(0.00986546173111385,0.00743216699043727,-0.00884724476986805));
#7033=CARTESIAN_POINT('',(0.00967598541138311,0.008105112331534,-0.00782589778763058));
#7034=CARTESIAN_POINT('',(0.00883182839618807,0.0112962625423195,-0.0100851165948624));
#7035=CARTESIAN_POINT('',(0.00967146736784343,0.0081039226156607,-0.007825919350278));
#7036=CARTESIAN_POINT('',(0.00986332807747798,0.00743153073830089,-0.00884734285410311));
#7037=CARTESIAN_POINT('',(0.00987489315383491,0.00743465459855369,-0.0100851165948624));
#7038=CARTESIAN_POINT('',(0.00907035702155988,0.00794532902285867,-0.00782661383829273));
#7039=CARTESIAN_POINT('',(0.00954799431154689,0.00734383699155135,-0.00885052728585065));
#7040=CARTESIAN_POINT('',(0.00973781463568948,0.00739762811285392,-0.0100943435935428));
#7041=CARTESIAN_POINT('',(0.00799137946209805,0.00749964310980468,-0.00777246096633809));
#7042=CARTESIAN_POINT('',(0.00906856034811811,0.00682074626614236,-0.00897365270526364));
#7043=CARTESIAN_POINT('',(0.00949801526460757,0.00724336975825527,-0.010573198048385));
#7044=CARTESIAN_POINT('',(0.00731096040332406,0.00700176391946045,-0.00762983153973631));
#7045=CARTESIAN_POINT('',(0.00927197917615206,0.00652219556601545,-0.00878359184772602));
#7046=CARTESIAN_POINT('',(0.00938049176374927,0.00698556330694573,-0.0110460411800766));
#7047=CARTESIAN_POINT('',(0.00705871955127327,0.00677073954445401,-0.00755004396657851));
#7048=CARTESIAN_POINT('',(0.00933109495589485,0.00659428518694016,-0.00863144655587407));
#7049=CARTESIAN_POINT('',(0.00936294188960727,0.0068465486203924,-0.011141348269668));
#7050=CARTESIAN_POINT('',(0.00539444133637396,0.0073475509746652,-0.011141348269668));
#7051=CARTESIAN_POINT('',(0.00905219742706168,0.00438510395649299,-0.0108106325311506));
#7052=CARTESIAN_POINT('',(0.00918116088205842,0.00540663916114106,-0.00793248127202477));
#7053=CARTESIAN_POINT('',(0.00628877823308369,0.006044349176279,-0.00717659175233927));
#7054=CARTESIAN_POINT('',(0.00915239547121397,0.0051787848449357,-0.0110968214025207));
#7055=CARTESIAN_POINT('',(0.00922569323971122,0.00575938537966412,-0.00826978550549107));
#7056=CARTESIAN_POINT('',(0.00657299245540986,0.00632431100147191,-0.00736006934342571));
#7057=CARTESIAN_POINT('',(0.00925746554574536,0.00601105767828612,-0.0112266595406496));
#7058=CARTESIAN_POINT('',(0.00927685845510465,0.0061646712708481,-0.00851838862595895));
#7059=CARTESIAN_POINT('',(0.00683293372736507,0.00656394501564815,-0.00747862451604005));
#7060=CARTESIAN_POINT('',(0.00936294188960728,0.00684654862039244,-0.011141348269668));
#7061=CARTESIAN_POINT('',(0.00933109495589483,0.00659428518694005,-0.00863144655587403));
#7062=CARTESIAN_POINT('',(0.00705871955127321,0.006770739544454,-0.00755004396657849));
#7063=CARTESIAN_POINT('',(0.00508369687383073,0.00488610631078511,-0.0108106325311575));
#7064=CARTESIAN_POINT('',(0.00764226971221371,-0.00678310487260964,-0.0109121388955228));
#7065=CARTESIAN_POINT('',(0.00760894552617152,-0.00704706980135011,-0.0109121388955228));
#7066=CARTESIAN_POINT('',(0.00740870469125343,-0.00722225996377838,-0.0109121388955228));
#7067=CARTESIAN_POINT('',(0.00764103504164276,-0.00679288484829659,-0.0107335319727091));
#7068=CARTESIAN_POINT('',(0.00760471147692525,-0.0070507741595297,-0.0107461406872191));
#7069=CARTESIAN_POINT('',(0.00740870469290304,-0.00722225996233514,-0.0107619690785241));
#7070=CARTESIAN_POINT('',(0.00762754861378742,-0.0068116638729764,-0.0105569642736027));
#7071=CARTESIAN_POINT('',(0.00758984398389016,-0.0070637816887941,-0.0105818794301618));
#7072=CARTESIAN_POINT('',(0.00739839560499481,-0.00723127935533691,-0.0106140167497501));
#7073=CARTESIAN_POINT('',(0.00760081254998173,-0.00684008830392899,-0.0103825395997684));
#7074=CARTESIAN_POINT('',(0.00756337948728265,-0.00708693540497395,-0.0104199142467339));
#7075=CARTESIAN_POINT('',(0.00737692765462023,-0.00725006160679258,-0.0104684646956524));
#7076=CARTESIAN_POINT('',(0.00764226971221371,-0.00678310487260963,-0.0109121388955228));
#7077=CARTESIAN_POINT('',(0.00764103570951348,-0.00679287955801139,-0.0107336286117483));
#7078=CARTESIAN_POINT('',(0.00762756091840118,-0.00681165078774011,-0.0105570445433692));
#7079=CARTESIAN_POINT('',(0.00760081254998171,-0.00684008830392898,-0.0103825395997684));
#7080=CARTESIAN_POINT('',(0.00760081254998173,-0.00684008830392898,-0.0103825395997684));
#7081=CARTESIAN_POINT('',(0.00691600507876467,-0.00672323110362608,-0.0104684646956523));
#7082=CARTESIAN_POINT('',(0.00628877823308383,0.00604434917628056,-0.00717659175233983));
#7083=CARTESIAN_POINT('',(0.00918116088205909,0.00540663916114629,-0.00793248127202662));
#7084=CARTESIAN_POINT('',(0.00905219742706411,0.00438510395651217,-0.0108106325311575));
#7085=CARTESIAN_POINT('',(0.0063588989961072,0.00560943166852671,-0.00706122736830139));
#7086=CARTESIAN_POINT('',(0.00912462056199779,0.0049587764125419,-0.00787781153771288));
#7087=CARTESIAN_POINT('',(0.00899385572400521,0.0039229722341937,-0.0106439950841124));
#7088=CARTESIAN_POINT('',(0.00651890707046382,0.00469699802263417,-0.00681514973298415));
#7089=CARTESIAN_POINT('',(0.00900734844054964,0.00402984968220159,-0.00775006558174353));
#7090=CARTESIAN_POINT('',(0.0088779874860146,0.00300516583538918,-0.0102885496159047));
#7091=CARTESIAN_POINT('',(0.0067920638125847,0.00311090212422458,-0.00644058600351586));
#7092=CARTESIAN_POINT('',(0.00881061248729342,0.00247148027998509,-0.00752333413190472));
#7093=CARTESIAN_POINT('',(0.00870497285113583,0.0016346958797536,-0.00974751311576068));
#7094=CARTESIAN_POINT('',(0.00700401907931781,0.00114914476923474,-0.00612913100748759));
#7095=CARTESIAN_POINT('',(0.00858508739474966,0.000685068605679201,-0.00731312783718088));
#7096=CARTESIAN_POINT('',(0.00852652749094512,0.000221208488728683,-0.00929763367760339));
#7097=CARTESIAN_POINT('',(0.00688932512645173,-0.00117775757223304,-0.00602062828385989));
#7098=CARTESIAN_POINT('',(0.00833247446804133,-0.0013159090960135,-0.00723508042386726));
#7099=CARTESIAN_POINT('',(0.00834156426036681,-0.00124390774599037,-0.0091409075210746));
#7100=CARTESIAN_POINT('',(0.00632435640598351,-0.00338353256134286,-0.00619751054754683));
#7101=CARTESIAN_POINT('',(0.00808332687608603,-0.00328943745985932,-0.00736103281370339));
#7102=CARTESIAN_POINT('',(0.00815662702806209,-0.00270881804522375,-0.0093964041243384));
#7103=CARTESIAN_POINT('',(0.00563011526735546,-0.00510364021311657,-0.0065341718807224));
#7104=CARTESIAN_POINT('',(0.00786746345391596,-0.00499931786860112,-0.00758252337136851));
#7105=CARTESIAN_POINT('',(0.0079811347001755,-0.00409891410837841,-0.009882692716239));
#7106=CARTESIAN_POINT('',(0.00499211861441618,-0.00650776282977513,-0.00691179782794661));
#7107=CARTESIAN_POINT('',(0.00767615337889384,-0.00651470822972062,-0.00780399129389135));
#7108=CARTESIAN_POINT('',(0.0078083775058306,-0.00546734484624904,-0.0104281524194811));
#7109=CARTESIAN_POINT('',(0.00462649746111328,-0.00732731423619775,-0.00715182452055491));
#7110=CARTESIAN_POINT('',(0.00756159406401794,-0.00742214648941714,-0.00792304539651608));
#7111=CARTESIAN_POINT('',(0.00769230121951877,-0.00638679922109762,-0.0107748576379242));
#7112=CARTESIAN_POINT('',(0.0044581932710181,-0.00772133832641165,-0.00726281211033805));
#7113=CARTESIAN_POINT('',(0.00750630795667003,-0.00786007446664805,-0.00797270291325467));
#7114=CARTESIAN_POINT('',(0.00763391405938515,-0.00684929101443109,-0.0109351730482661));
#7115=CARTESIAN_POINT('',(0.00760081254998173,-0.00684008830392898,-0.0103825395997684));
#7116=CARTESIAN_POINT('',(0.00748620520218331,-0.00696193305562637,-0.00963484731251711));
#7117=CARTESIAN_POINT('',(0.0068623820764262,-0.00702797735517481,-0.00821042821670867));
#7118=CARTESIAN_POINT('',(0.0056362038841204,-0.00675305602709425,-0.0072309212422829));
#7119=CARTESIAN_POINT('',(0.00497713069582626,-0.00654506176425472,-0.00692751782909535));
#7120=CARTESIAN_POINT('',(0.00760081254998172,-0.00684008830392898,-0.0103825395997683));
#7121=CARTESIAN_POINT('',(0.00756337948728265,-0.00708693540497397,-0.0104199142467338));
#7122=CARTESIAN_POINT('',(0.00737692765462021,-0.00725006160679261,-0.0104684646956523));
#7123=CARTESIAN_POINT('',(0.00748481829214941,-0.0069634075432744,-0.00962579917766562));
#7124=CARTESIAN_POINT('',(0.00744298049670349,-0.00717633929182973,-0.0096564509733609));
#7125=CARTESIAN_POINT('',(0.00729025902227975,-0.00732588775775412,-0.00970531344341839));
#7126=CARTESIAN_POINT('',(0.00684808815103997,-0.0070258110427186,-0.00819440605729577));
#7127=CARTESIAN_POINT('',(0.00681231214844805,-0.00715368308053425,-0.00822828106839731));
#7128=CARTESIAN_POINT('',(0.00672745402330927,-0.00725838877405985,-0.00825164181502064));
#7129=CARTESIAN_POINT('',(0.00563375137931842,-0.00675229083472436,-0.00722979599305455));
#7130=CARTESIAN_POINT('',(0.00561438676962636,-0.00678975181379294,-0.00723952268995458));
#7131=CARTESIAN_POINT('',(0.00559502214854136,-0.00682721278895608,-0.00724924937948891));
#7132=CARTESIAN_POINT('',(0.00497713069582627,-0.0065450617642547,-0.00692751782909535));
#7133=CARTESIAN_POINT('',(0.00497713069582627,-0.00654506176425471,-0.00692751782909535));
#7134=CARTESIAN_POINT('',(0.00497713069582627,-0.00654506176425471,-0.00692751782909536));
#7135=CARTESIAN_POINT('',(0.00737692765462022,-0.0072500616067926,-0.0104684646956523));
#7136=CARTESIAN_POINT('',(0.00729099606460352,-0.00732524292142756,-0.00971180336548413));
#7137=CARTESIAN_POINT('',(0.00673346420980737,-0.00726042769388602,-0.00825848406984825));
#7138=CARTESIAN_POINT('',(0.00559675227330634,-0.0068280170255568,-0.00725015631812313));
#7139=CARTESIAN_POINT('',(0.00497713069582626,-0.00654506176425471,-0.00692751782909536));
#7140=CARTESIAN_POINT('',(0.00516802124983866,-0.0091826278188783,-0.0106288638812085));
#7141=CARTESIAN_POINT('',(0.00507604687719139,-0.0092630959476189,-0.0106288638812085));
#7142=CARTESIAN_POINT('',(0.00496224780088237,-0.00930764002913469,-0.0106288638812085));
#7143=CARTESIAN_POINT('',(0.00516767893301359,-0.00918292731093849,-0.01061242830049));
#7144=CARTESIAN_POINT('',(0.005075828662233,-0.00926318136294218,-0.0106137940523336));
#7145=CARTESIAN_POINT('',(0.00496224780067657,-0.00930764002921525,-0.0106152439104901));
#7146=CARTESIAN_POINT('',(0.00516710017800206,-0.00918330131842524,-0.0105960360675023));
#7147=CARTESIAN_POINT('',(0.00507538378968592,-0.00926335549826597,-0.0105987665779614));
#7148=CARTESIAN_POINT('',(0.00496202196783653,-0.00930772842638649,-0.0106016663729105));
#7149=CARTESIAN_POINT('',(0.00516628525411228,-0.00918374988694172,-0.0105796871871563));
#7150=CARTESIAN_POINT('',(0.00507471251673187,-0.00926361825292231,-0.0105837818225643));
#7151=CARTESIAN_POINT('',(0.004961570781087,-0.00930790503326241,-0.0105881311785224));
#7152=CARTESIAN_POINT('',(0.00516802124983865,-0.0091826278188783,-0.0106288638812085));
#7153=CARTESIAN_POINT('',(0.00516767962595704,-0.00918292670468415,-0.0106124615676126));
#7154=CARTESIAN_POINT('',(0.00516710183436835,-0.0091833004067046,-0.0105960692981042));
#7155=CARTESIAN_POINT('',(0.00516628525411228,-0.00918374988694171,-0.0105796871871563));
#7156=CARTESIAN_POINT('',(0.00516628525411228,-0.00918374988694171,-0.0105796871871563));
#7157=CARTESIAN_POINT('',(0.00470642165418775,-0.00865606231983949,-0.0105881311785223));
#7158=CARTESIAN_POINT('',(0.00515489682623568,-0.00919411034143031,-0.010631689372472));
#7159=CARTESIAN_POINT('',(0.00484711545987178,-0.00946338742263977,-0.00811525211685415));
#7160=CARTESIAN_POINT('',(0.00319543190501977,-0.0078377683192338,-0.00705270802709599));
#7161=CARTESIAN_POINT('',(0.00589271958403114,-0.0085485912152524,-0.0104723722181221));
#7162=CARTESIAN_POINT('',(0.00568862760177257,-0.00872715073602834,-0.00806791279415749));
#7163=CARTESIAN_POINT('',(0.00419993596424281,-0.00718958912609558,-0.00694241154316911));
#7164=CARTESIAN_POINT('',(0.00665035147569082,-0.00788574113167683,-0.0104040589178765));
#7165=CARTESIAN_POINT('',(0.0066306823796815,-0.00790294957033121,-0.00804249953340297));
#7166=CARTESIAN_POINT('',(0.00526032742422218,-0.00636703576305526,-0.00689511771674338));
#7167=CARTESIAN_POINT('',(0.00739008626186542,-0.00723854917706486,-0.0104696185318163));
#7168=CARTESIAN_POINT('',(0.00751084851023682,-0.00713289461406804,-0.008064009031977));
#7169=CARTESIAN_POINT('',(0.00616350248830378,-0.00547908048632938,-0.00694050513741131));
#7170=CARTESIAN_POINT('',(0.00516628525411228,-0.00918374988694171,-0.0105796871871563));
#7171=CARTESIAN_POINT('',(0.00512916713380326,-0.00920418126694827,-0.0098350290098862));
#7172=CARTESIAN_POINT('',(0.00483242674067541,-0.00889376827897491,-0.00837768803813522));
#7173=CARTESIAN_POINT('',(0.00417354446452454,-0.00796977875349564,-0.0073290508265888));
#7174=CARTESIAN_POINT('',(0.00380597507003861,-0.00742891479527463,-0.00699323452286942));
#7175=CARTESIAN_POINT('',(0.00516628525411229,-0.00918374988694171,-0.0105796871871562));
#7176=CARTESIAN_POINT('',(0.00507471251673188,-0.00926361825292231,-0.0105837818225642));
#7177=CARTESIAN_POINT('',(0.00496157078108702,-0.0093079050332624,-0.0105881311785223));
#7178=CARTESIAN_POINT('',(0.00512909597901564,-0.00920422043314178,-0.00983360148788896));
#7179=CARTESIAN_POINT('',(0.00504852371197347,-0.00927073444692008,-0.0098364143427236));
#7180=CARTESIAN_POINT('',(0.0049523922218154,-0.00931149777325339,-0.00984102976833156));
#7181=CARTESIAN_POINT('',(0.004831670247991,-0.0088927348533274,-0.00837613260835765));
#7182=CARTESIAN_POINT('',(0.0047806162027001,-0.00893052213874431,-0.0083800415143551));
#7183=CARTESIAN_POINT('',(0.00472348291663058,-0.00895852905169626,-0.00838085807514593));
#7184=CARTESIAN_POINT('',(0.00417333658252756,-0.00796949369462571,-0.00732887049652093));
#7185=CARTESIAN_POINT('',(0.00415612982929667,-0.00797995906737317,-0.00732963040419626));
#7186=CARTESIAN_POINT('',(0.00413892307559432,-0.0079904244397707,-0.00733039030601823));
#7187=CARTESIAN_POINT('',(0.00380597507003708,-0.00742891479527732,-0.00699323452286772));
#7188=CARTESIAN_POINT('',(0.00380597507003931,-0.00742891479527596,-0.00699323452286762));
#7189=CARTESIAN_POINT('',(0.00380597507004154,-0.0074289147952746,-0.00699323452286752));
#7190=CARTESIAN_POINT('',(0.00496157078108701,-0.0093079050332624,-0.0105881311785223));
#7191=CARTESIAN_POINT('',(0.00495240893853285,-0.0093114912298714,-0.0098423903272472));
#7192=CARTESIAN_POINT('',(0.00472410261519526,-0.00895953455462417,-0.00838227016999978));
#7193=CARTESIAN_POINT('',(0.00413906666349785,-0.00799069198975388,-0.00733054740268874));
#7194=CARTESIAN_POINT('',(0.00380597507004106,-0.00742891479527367,-0.00699323452286956));
#7195=CARTESIAN_POINT('',(0.00218699251627937,-0.010393951110332,-0.0106471316645794));
#7196=CARTESIAN_POINT('',(0.00188457592751774,-0.0105123252625522,-0.00813887466801575));
#7197=CARTESIAN_POINT('',(0.000922063100746059,-0.00843537023038015,-0.00706339884470881));
#7198=CARTESIAN_POINT('',(0.00312126044187087,-0.0100282530046449,-0.0105172297692191));
#7199=CARTESIAN_POINT('',(0.00296051831319996,-0.0100911718851457,-0.00810097997186492));
#7200=CARTESIAN_POINT('',(0.00212006026975507,-0.00812194382625646,-0.00697346676912536));
#7201=CARTESIAN_POINT('',(0.00405177640036085,-0.00966402352184866,-0.0104943811029755));
#7202=CARTESIAN_POINT('',(0.0041154219478334,-0.00963911090790817,-0.00809266988782219));
#7203=CARTESIAN_POINT('',(0.00336482412060133,-0.00766352243390219,-0.00695764846079869));
#7204=CARTESIAN_POINT('',(0.00497814637959188,-0.00930141688911465,-0.0105898278416735));
#7205=CARTESIAN_POINT('',(0.00519866515599952,-0.00921509978821489,-0.00812163308009608));
#7206=CARTESIAN_POINT('',(0.00448730917708721,-0.00710876662546208,-0.00702372696731242));
#7207=CARTESIAN_POINT('',(0.000728997505426473,-0.00666913560505816,-0.0106471316645794));
#7208=CARTESIAN_POINT('',(5.20900814788785E-14,-0.0108067278524213,-0.0106951426210583));
#7209=CARTESIAN_POINT('',(4.46375895952986E-14,-0.0108067278524213,-0.0081903717717702));
#7210=CARTESIAN_POINT('',(2.18204480098526E-14,-0.00855336998199869,-0.0070966371991942));
#7211=CARTESIAN_POINT('',(0.000748150564553445,-0.0108067278524148,-0.0106951426185258));
#7212=CARTESIAN_POINT('',(0.000641097599494169,-0.0108067278365621,-0.00819037176907709));
#7213=CARTESIAN_POINT('',(0.000313376636105921,-0.00855336997616779,-0.00709663719636438));
#7214=CARTESIAN_POINT('',(0.00149053054134313,-0.0106665654406976,-0.0106794106689692));
#7215=CARTESIAN_POINT('',(0.00127832534650929,-0.0107062385745287,-0.00817372849580741));
#7216=CARTESIAN_POINT('',(0.000624375672469352,-0.00851325280401483,-0.00708574585039498));
#7217=CARTESIAN_POINT('',(0.00218699251627937,-0.010393951110332,-0.0106471316645794));
#7218=CARTESIAN_POINT('',(0.00188457592751774,-0.0105123252625522,-0.00813887466801575));
#7219=CARTESIAN_POINT('',(0.000922063100746041,-0.00843537023038016,-0.00706339884470881));
#7220=CARTESIAN_POINT('',(2.17236934708744E-14,-0.00680672785242128,-0.0106951426210583));
#7221=CARTESIAN_POINT('',(-0.0201148589728462,-0.0425411267916053,-0.00400309018705758));
#7222=CARTESIAN_POINT('',(0.,-0.0425411267916053,-0.00400309018705758));
#7223=CARTESIAN_POINT('',(0.,-0.0425411267916053,-0.0201969098129424));
#7224=CARTESIAN_POINT('',(-0.00159073927525782,-0.00456760620769758,-0.00175309018705758));
#7225=CARTESIAN_POINT('',(-0.000170402799670568,-0.00456760620769759,-0.00175309018705758));
#7226=CARTESIAN_POINT('',(-0.000170402799670568,-0.00456760620769759,-0.00325309018705758));
#7227=CARTESIAN_POINT('',(-0.00159073927525782,-0.00456760620769758,-0.00325309018705758));
#7228=CARTESIAN_POINT('',(0.000115546756925512,-7.24515966190811E-6,-0.00175309018705758));
#7229=CARTESIAN_POINT('',(-0.000128166848752369,-0.00389402172067395,5.83446568666488E-5));
#7230=CARTESIAN_POINT('',(-0.000134005092527297,-0.00398713079843247,-0.000381036877508499));
#7231=CARTESIAN_POINT('',(-0.000119400711186836,-0.00375421820857554,-0.00132649511456734));
#7232=CARTESIAN_POINT('',(-6.43944407746579E-5,-0.00287697099066881,-0.00175309018705754));
#7233=CARTESIAN_POINT('',(-3.62853609566506E-5,-0.00242868369753886,-0.00175309018705758));
#7234=CARTESIAN_POINT('',(-3.62853609566507E-5,-0.00242868369753886,-0.00175309018705758));
#7235=CARTESIAN_POINT('',(0.000115546756925512,-7.24515966190811E-6,-0.00175309018705758));
#7236=CARTESIAN_POINT('',(-1.44796708693921E-18,-0.00185,-0.00175309018705758));
#7237=CARTESIAN_POINT('',(-1.44796708693921E-18,-0.00185,-0.00175309018705758));
#7238=CARTESIAN_POINT('',(-1.64200910464447E-18,-0.00185,-0.00325309018705758));
#7239=CARTESIAN_POINT('',(0.000115546756925511,-7.24515966190811E-6,-0.00325309018705758));
#7240=CARTESIAN_POINT('',(-2.37151767695697E-19,9.2558905819316E-35,-0.00175309018705758));
#7241=CARTESIAN_POINT('',(-0.005,0.000215182402259009,-0.00175309018705758));
#7242=CARTESIAN_POINT('',(0.000563862880221521,-0.00019173084593153,-0.00175309018705758));
#7243=CARTESIAN_POINT('',(-3.62853609566499E-5,-0.00242868369753886,-0.00175309018705758));
#7244=CARTESIAN_POINT('',(-7.05584160943415E-5,-0.00242809968636111,-0.00175309018705758));
#7245=CARTESIAN_POINT('',(-0.000104797385358217,-0.00242668937603165,-0.00175309018705758));
#7246=CARTESIAN_POINT('',(-0.000139002010543542,-0.00242444650723157,-0.00175309018705758));
#7247=CARTESIAN_POINT('',(-0.000139014327008107,-0.00242463432874535,-0.00175309018705758));
#7248=CARTESIAN_POINT('',(-0.000139026643472672,-0.00242482215025918,-0.00175309018705758));
#7249=CARTESIAN_POINT('',(-0.000642525321069588,-0.0023918050400529,-0.00175309018705758));
#7250=CARTESIAN_POINT('',(-0.00112454163498939,-0.00221160774512995,-0.00175309018705758));
#7251=CARTESIAN_POINT('',(-0.00151628015612661,-0.00189420799321959,-0.00175309018705758));
#7252=CARTESIAN_POINT('',(-0.00151616483983922,-0.00189406566806489,-0.00175309018705758));
#7253=CARTESIAN_POINT('',(-0.00151604952355182,-0.0018939233429102,-0.00175309018705758));
#7254=CARTESIAN_POINT('',(-0.00157335339173856,-0.00184749395839888,-0.00175309018705758));
#7255=CARTESIAN_POINT('',(-0.00162874033425713,-0.00179888058295665,-0.00175309018705758));
#7256=CARTESIAN_POINT('',(-0.0016822093427227,-0.00174808206771094,-0.00175309018705758));
#7257=CARTESIAN_POINT('',(-0.00168233558470358,-0.00174821494567357,-0.00175309018705758));
#7258=CARTESIAN_POINT('',(-0.00168246182668446,-0.0017483478236362,-0.00175309018705758));
#7259=CARTESIAN_POINT('',(-0.0017878871984508,-0.00164818743960047,-0.00175309018705758));
#7260=CARTESIAN_POINT('',(-0.00195810999230711,-0.00141893974729554,-0.00175309018705758));
#7261=CARTESIAN_POINT('',(-0.00211527205353442,-0.0011753835281007,-0.00175309018705758));
#7262=CARTESIAN_POINT('',(-0.00216934080789625,-0.00104107322717978,-0.00175309018705758));
#7263=CARTESIAN_POINT('',(-0.00216919854490796,-0.00104101595224112,-0.00175309018705758));
#7264=CARTESIAN_POINT('',(-0.00216905628192007,-0.00104095867730269,-0.00175309018705758));
#7265=CARTESIAN_POINT('',(-0.00231680458057587,-0.000673972435217223,-0.00175309018705758));
#7266=CARTESIAN_POINT('',(-0.00244693625736864,0.00010399697878881,-0.00175309018705758));
#7267=CARTESIAN_POINT('',(-0.00230799604488855,0.000898866425916785,-0.00175309018705758));
#7268=CARTESIAN_POINT('',(-0.00210550211262761,0.0012421132335719,-0.00175309018705758));
#7269=CARTESIAN_POINT('',(-0.00210550211262733,0.00124211323357185,-0.00175309018705758));
#7270=CARTESIAN_POINT('',(-5.0105288851762E-19,1.3878122448461E-34,-0.00175309018705758));
#7271=CARTESIAN_POINT('',(-0.00201117503186534,0.00138966162158103,-0.00175309018705758));
#7272=CARTESIAN_POINT('',(-0.00201117503186534,0.00138966162158102,-0.00175309018705758));
#7273=CARTESIAN_POINT('',(-0.00184552372138503,0.00150055915835481,-0.00175309018705758));
#7274=CARTESIAN_POINT('',(-0.00167463669834581,0.00160280946635332,-0.00175309018705758));
#7275=CARTESIAN_POINT('',(-0.00150013306451975,0.00169908663115247,-0.00175309018705758));
#7276=CARTESIAN_POINT('',(-4.31193785400956E-19,9.2558905819316E-35,-0.00325309018705758));
#7277=CARTESIAN_POINT('',(-0.005,0.000215182402259009,-0.00325309019836982));
#7278=CARTESIAN_POINT('',(-0.005,0.000215182402259009,-0.00325309019836982));
#7279=CARTESIAN_POINT('',(0.005,0.000215182402259,-0.00325309019836982));
#7280=CARTESIAN_POINT('',(0.005,0.000215182402259,-0.00325309019836982));
#7281=CARTESIAN_POINT('',(0.000563862880221521,-0.00019173084593153,-0.00325309018705758));
#7282=CARTESIAN_POINT('',(0.000563862880221521,-0.00019173084593153,-0.00175309018705758));
#7283=CARTESIAN_POINT('',(-0.001266687463251,0.00182393775636111,-0.00175309018705758));
#7284=CARTESIAN_POINT('',(-0.0019924935061716,0.00321898407343686,-0.00175309018705758));
#7285=CARTESIAN_POINT('',(-0.00195823154788523,0.00315313036611461,-0.000182282100061281));
#7286=CARTESIAN_POINT('',(-0.00157292817084316,0.00166460875922579,-0.00175309018705758));
#7287=CARTESIAN_POINT('',(-0.00238424484357807,0.00311349250776298,-0.00175309018705747));
#7288=CARTESIAN_POINT('',(-0.00229637595778288,0.00297290507795412,-0.000101608338926267));
#7289=CARTESIAN_POINT('',(-0.00187225511138117,0.00149141604751493,-0.00175309018705758));
#7290=CARTESIAN_POINT('',(-0.00282717058571565,0.00298487803398065,-0.00175309018705752));
#7291=CARTESIAN_POINT('',(-0.00266580557762804,0.00274557428689202,-6.17473733150674E-6));
#7292=CARTESIAN_POINT('',(-0.00215525712376892,0.00129023471564807,-0.00175309018705758));
#7293=CARTESIAN_POINT('',(-0.003242048476898,0.00281902542930983,-0.00175309018705758));
#7294=CARTESIAN_POINT('',(-0.00300308873917349,0.0024828804766283,7.67243680129438E-5));
#7295=CARTESIAN_POINT('',(-0.00299310818699656,0.00249063900880557,7.42701232092763E-5));
#7296=CARTESIAN_POINT('',(-0.00299336443373567,0.00249095887768274,7.24405997314859E-5));
#7297=CARTESIAN_POINT('',(-0.0029936272339636,0.00249126984662293,7.0610505062771E-5));
#7298=CARTESIAN_POINT('',(-0.00299389659216781,0.00249157191454656,6.87798396649299E-5));
#7299=CARTESIAN_POINT('',(-0.00299389659216779,0.00249157191454658,6.87798396649303E-5));
#7300=CARTESIAN_POINT('',(-0.00299389659216779,0.00249157191454657,6.87798396649292E-5));
#7301=CARTESIAN_POINT('',(-0.00305889049037287,0.00256445839646021,-0.00037294452089215));
#7302=CARTESIAN_POINT('',(-0.00290519831512752,0.00239215561745087,-0.0013274756996652));
#7303=CARTESIAN_POINT('',(-0.00230815867397275,0.00172243394193083,-0.00175309018705761));
#7304=CARTESIAN_POINT('',(-0.00201117503186537,0.00138966162158082,-0.00175309018705758));
#7305=CARTESIAN_POINT('',(-0.00299310818699461,0.00249063900880714,7.42701232098416E-5));
#7306=CARTESIAN_POINT('',(-0.00303933014600997,0.00245763913127491,7.51962142077062E-5));
#7307=CARTESIAN_POINT('',(-0.00307480414749591,0.00241335196585593,7.26347196003757E-5));
#7308=CARTESIAN_POINT('',(-0.00299336484053715,0.00249095937956085,7.24377169168159E-5));
#7309=CARTESIAN_POINT('',(-0.00303954786143448,0.00245791478139483,7.36322880944495E-5));
#7310=CARTESIAN_POINT('',(-0.00307498242069311,0.00241358168396966,7.13481362449179E-5));
#7311=CARTESIAN_POINT('',(-0.00299362765438632,0.00249127032365599,7.06076270717296E-5));
#7312=CARTESIAN_POINT('',(-0.00303977265948516,0.00245818160851523,7.20704847699321E-5));
#7313=CARTESIAN_POINT('',(-0.00307516778095957,0.00241380227124354,7.00631799703759E-5));
#7314=CARTESIAN_POINT('',(-0.00299389659216599,0.00249157191454891,6.87798396650632E-5));
#7315=CARTESIAN_POINT('',(-0.00304000449139823,0.0024584396752344,7.05107922144511E-5));
#7316=CARTESIAN_POINT('',(-0.00307536017921069,0.00241401379321826,6.87798396649993E-5));
#7317=CARTESIAN_POINT('',(-0.00276804572069709,0.00217278632765682,-1.7052167461073E-5));
#7318=CARTESIAN_POINT('',(-0.00299389659216735,0.00249157191454675,6.87798396654169E-5));
#7319=CARTESIAN_POINT('',(-0.0030400044914001,0.00245843967523204,7.05107922146299E-5));
#7320=CARTESIAN_POINT('',(-0.0030753601792129,0.00241401379321549,6.87798396649297E-5));
#7321=CARTESIAN_POINT('',(-0.00305905935668849,0.00256464777909155,-0.000374092240267356));
#7322=CARTESIAN_POINT('',(-0.0031082831340947,0.00253060016880698,-0.000375023612981831));
#7323=CARTESIAN_POINT('',(-0.00314477534904724,0.00248316145070273,-0.000374092239973008));
#7324=CARTESIAN_POINT('',(-0.00290344097835946,0.00239015540023682,-0.00133150668049775));
#7325=CARTESIAN_POINT('',(-0.00294722377219088,0.0023588225523593,-0.00133464714323097));
#7326=CARTESIAN_POINT('',(-0.00298052764101577,0.00231656621839895,-0.00133150668064387));
#7327=CARTESIAN_POINT('',(-0.00230651322387104,0.0017206473932371,-0.00175309018705758));
#7328=CARTESIAN_POINT('',(-0.00232211620597318,0.00170526829885922,-0.00175309019087638));
#7329=CARTESIAN_POINT('',(-0.00233771916760782,0.00168988918370592,-0.00175309018705758));
#7330=CARTESIAN_POINT('',(-0.00201117503186534,0.00138966162158102,-0.00175309018705758));
#7331=CARTESIAN_POINT('',(-0.00201117503186534,0.00138966162158102,-0.00175309018705758));
#7332=CARTESIAN_POINT('',(-0.00201117503186534,0.00138966162158102,-0.00175309018705758));
#7333=CARTESIAN_POINT('',(-0.00307536017921287,0.00241401379321551,6.87798396649301E-5));
#7334=CARTESIAN_POINT('',(-0.00314460773066408,0.00248299448538119,-0.000373022846665327));
#7335=CARTESIAN_POINT('',(-0.0029822385383474,0.00231825253449987,-0.00132768980334064));
#7336=CARTESIAN_POINT('',(-0.00233951825761297,0.00169166065297416,-0.00175309018705758));
#7337=CARTESIAN_POINT('',(-0.00201117503186534,0.00138966162158102,-0.00175309018705758));
#7338=CARTESIAN_POINT('',(-3.00796754154468E-19,8.33144420862573E-35,-0.000253090187057581));
#7339=CARTESIAN_POINT('',(-0.00210550211262754,0.00124211323357149,-0.00175309018705758));
#7340=CARTESIAN_POINT('',(-0.0024902973100548,0.00146911809102219,-0.00175309018705766));
#7341=CARTESIAN_POINT('',(-0.00325448341509059,0.00191993961634086,-0.00132584362669948));
#7342=CARTESIAN_POINT('',(-0.00344991716939967,0.00203523318506158,-0.00036757794597904));
#7343=CARTESIAN_POINT('',(-0.0033673478090806,0.00198652247870572,6.87798396649301E-5));
#7344=CARTESIAN_POINT('',(-0.00210550211262773,0.00124211323357169,-0.00175309018705758));
#7345=CARTESIAN_POINT('',(-0.00371208932084026,0.00218989819196178,-0.00175309018705758));
#7346=CARTESIAN_POINT('',(-0.00336734780908065,0.00198652247870563,6.87798396649301E-5));
#7347=CARTESIAN_POINT('',(-0.00215644614152207,0.00115575800646065,-0.00175309018705758));
#7348=CARTESIAN_POINT('',(-0.00384036685411579,0.00197245407628912,-0.00175309018705756));
#7349=CARTESIAN_POINT('',(-0.00347903159565387,0.00179720769405998,6.87797479502059E-5));
#7350=CARTESIAN_POINT('',(-0.00223652506809035,0.000975678343213231,-0.00175309018705758));
#7351=CARTESIAN_POINT('',(-0.0039845503284905,0.00160312193819668,-0.00175309018705759));
#7352=CARTESIAN_POINT('',(-0.00362115483289999,0.00147263891787321,5.8791689863198E-5));
#7353=CARTESIAN_POINT('',(-0.00234548817059726,0.000596410857181926,-0.00175309018705758));
#7354=CARTESIAN_POINT('',(-0.00415429656873572,0.000921134448825973,-0.00175309018705758));
#7355=CARTESIAN_POINT('',(-0.00380171072270556,0.000857503076651443,3.94132893540511E-5));
#7356=CARTESIAN_POINT('',(-0.00239889964437493,0.000102869226508511,-0.00175309018705758));
#7357=CARTESIAN_POINT('',(-0.00421364186312551,0.000121245335015895,-0.00175309018705756));
#7358=CARTESIAN_POINT('',(-0.00388233059346747,0.000117503115441097,2.07720776898683E-5));
#7359=CARTESIAN_POINT('',(-0.00234798698072234,-0.000488281960263344,-0.00175309018705758));
#7360=CARTESIAN_POINT('',(-0.0041312442951247,-0.000815628415982834,-0.00175309018705767));
#7361=CARTESIAN_POINT('',(-0.00380777571868853,-0.000755967221473218,1.90276320435058E-5));
#7362=CARTESIAN_POINT('',(-0.00223888216818607,-0.000870254108107438,-0.00175309018705758));
#7363=CARTESIAN_POINT('',(-0.00397269027063009,-0.00143285205851395,-0.00175309018705739));
#7364=CARTESIAN_POINT('',(-0.00364367679861619,-0.00132590426094295,3.16390423512597E-5));
#7365=CARTESIAN_POINT('',(-0.00216370921759756,-0.00105413866545232,-0.00175309018705758));
#7366=CARTESIAN_POINT('',(-0.00385632889182028,-0.00174609033833985,-0.00175309018705758));
#7367=CARTESIAN_POINT('',(-0.00352536767359904,-0.00161079168141371,4.02077314838865E-5));
#7368=CARTESIAN_POINT('',(-0.00216934593724003,-0.00104106048630507,-0.00175309015569869));
#7369=CARTESIAN_POINT('',(-0.00257909564324786,-0.00120602287047876,-0.00175299983514857));
#7370=CARTESIAN_POINT('',(-0.00339304396684919,-0.00153371280920662,-0.0013358238352971));
#7371=CARTESIAN_POINT('',(-0.00361371692292768,-0.00162255420780586,-0.000393837085581599));
#7372=CARTESIAN_POINT('',(-0.0035338200222465,-0.00159038827081748,3.9394094832277E-5));
#7373=CARTESIAN_POINT('',(-0.00216934080789585,-0.00104107322717954,-0.00175309018705762));
#7374=CARTESIAN_POINT('',(-0.00386475522199785,-0.00172358934742151,-0.00175309018705762));
#7375=CARTESIAN_POINT('',(-0.00353410151621506,-0.00159047942306474,3.9452187566983E-5));
#7376=CARTESIAN_POINT('',(-0.00216849653789457,-0.00104316074482718,-0.00175309018705762));
#7377=CARTESIAN_POINT('',(-0.00385183367235724,-0.00176228416775113,-0.00175309018705748));
#7378=CARTESIAN_POINT('',(-0.00352133353372693,-0.00162111298230205,4.14859906291188E-5));
#7379=CARTESIAN_POINT('',(-0.00216673277975336,-0.00104730214035654,-0.00175309018705756));
#7380=CARTESIAN_POINT('',(-0.00384881012083538,-0.00177052946051956,-0.00175309018705763));
#7381=CARTESIAN_POINT('',(-0.00351769275203968,-0.0016281560932167,4.21521804684184E-5));
#7382=CARTESIAN_POINT('',(-0.00216310971274755,-0.00105554220811594,-0.0017530901870576));
#7383=CARTESIAN_POINT('',(-0.00383432854527062,-0.00181167673688116,-0.00175309018705756));
#7384=CARTESIAN_POINT('',(-0.00350272491896753,-0.00166165695359535,4.4557135320494E-5));
#7385=CARTESIAN_POINT('',(-0.00215843250203679,-0.00106577588087069,-0.00175309018705757));
#7386=CARTESIAN_POINT('',(-0.00382378105480645,-0.00183930755622812,-0.00175309018705759));
#7387=CARTESIAN_POINT('',(-0.00349146735085082,-0.00168495069899327,4.62227250813063E-5));
#7388=CARTESIAN_POINT('',(-0.00215266601658613,-0.00107798774552595,-0.00175309018705759));
#7389=CARTESIAN_POINT('',(-0.00381078256080843,-0.00187237515476927,-0.00175309018705758));
#7390=CARTESIAN_POINT('',(-0.0034779314361108,-0.00171291161745393,4.80219605678831E-5));
#7391=CARTESIAN_POINT('',(-0.00214481397711788,-0.0010941837639249,-0.00175309018705757));
#7392=CARTESIAN_POINT('',(-0.00379531599380469,-0.00190966646899096,-0.00175309018705757));
#7393=CARTESIAN_POINT('',(-0.00346193192071174,-0.00174494760448425,4.98933747739416E-5));
#7394=CARTESIAN_POINT('',(-0.00213474407935626,-0.00111429768820914,-0.0017530901870576));
#7395=CARTESIAN_POINT('',(-0.00377708712733952,-0.001951252710554,-0.0017530901870576));
#7396=CARTESIAN_POINT('',(-0.00344337054844632,-0.00178118699527722,5.17038333916389E-5));
#7397=CARTESIAN_POINT('',(-0.00211819510593428,-0.00114625195603746,-0.00175309018705757));
#7398=CARTESIAN_POINT('',(-0.00374861450024138,-0.00201257261320057,-0.00175309018705757));
#7399=CARTESIAN_POINT('',(-0.00341483447210629,-0.00183521700084885,5.39915510744697E-5));
#7400=CARTESIAN_POINT('',(-0.00209678413037547,-0.00118582879182417,-0.00175309018705759));
#7401=CARTESIAN_POINT('',(-0.00371328187240734,-0.00208248186100973,-0.00175309018705759));
#7402=CARTESIAN_POINT('',(-0.00338049263471075,-0.00189788399093053,5.57172571870252E-5));
#7403=CARTESIAN_POINT('',(-0.00207013149545127,-0.0012327823980827,-0.00175309018705758));
#7404=CARTESIAN_POINT('',(-0.00367026333915248,-0.0021615890359303,-0.00175309018705758));
#7405=CARTESIAN_POINT('',(-0.00333947520158973,-0.00196957838323011,5.69993140685258E-5));
#7406=CARTESIAN_POINT('',(-0.00204261157202166,-0.0012791890484655,-0.00175309018705758));
#7407=CARTESIAN_POINT('',(-0.0036262456781891,-0.00223805262683778,-0.00175309018705758));
#7408=CARTESIAN_POINT('',(-0.00329792880152452,-0.00203926047665129,5.78886163241448E-5));
#7409=CARTESIAN_POINT('',(-0.00200480929537502,-0.00134037433562531,-0.00175309018705759));
#7410=CARTESIAN_POINT('',(-0.00356590721255566,-0.00233748396320157,-0.00175309018705759));
#7411=CARTESIAN_POINT('',(-0.00324150760857976,-0.00213027940335344,5.8614468707517E-5));
#7412=CARTESIAN_POINT('',(-0.00195545727456841,-0.00141563770269653,-0.00175309018705758));
#7413=CARTESIAN_POINT('',(-0.00348645534785172,-0.00245968493016138,-0.00175309018705758));
#7414=CARTESIAN_POINT('',(-0.00316788424763279,-0.0022424386144619,5.9030964254952E-5));
#7415=CARTESIAN_POINT('',(-0.00189302964615439,-0.00150361503865678,-0.00175309018705757));
#7416=CARTESIAN_POINT('',(-0.00338334953117786,-0.00260446124207105,-0.00175309018705759));
#7417=CARTESIAN_POINT('',(-0.00307345472675131,-0.00237555422433365,5.88168316957601E-5));
#7418=CARTESIAN_POINT('',(-0.00182737018035165,-0.0015888797098855,-0.00175309018705759));
#7419=CARTESIAN_POINT('',(-0.00327164984792184,-0.0027496728936751,-0.00175309018705754));
#7420=CARTESIAN_POINT('',(-0.0029714932013469,-0.00250843265408586,5.86462794740452E-5));
#7421=CARTESIAN_POINT('',(-0.00175795756366578,-0.00167110065560092,-0.00175309018705758));
#7422=CARTESIAN_POINT('',(-0.00314105588513085,-0.00290182478828196,-0.00175309018705776));
#7423=CARTESIAN_POINT('',(-0.00285445376564657,-0.00264680128048024,5.77332266692554E-5));
#7424=CARTESIAN_POINT('',(-0.0017086681223253,-0.00172345011741265,-0.00175309018705758));
#7425=CARTESIAN_POINT('',(-0.00303992065562302,-0.00300995592231953,-0.00175309018705718));
#7426=CARTESIAN_POINT('',(-0.00276501939625304,-0.00274428703246229,5.66628011372323E-5));
#7427=CARTESIAN_POINT('',(-0.0016824602654359,-0.00174834930691339,-0.00175309018705758));
#7428=CARTESIAN_POINT('',(-0.00295607618618247,-0.00308891566099722,-0.00175309018705758));
#7429=CARTESIAN_POINT('',(-0.00269340639692297,-0.00281243805422456,5.6268919931514E-5));
#7430=CARTESIAN_POINT('',(-0.00168246135123276,-0.00174834827534329,-0.00175309018705758));
#7431=CARTESIAN_POINT('',(-0.00198871072741523,-0.00207069684735972,-0.00175309018705758));
#7432=CARTESIAN_POINT('',(-0.00259699986860049,-0.00271096044218529,-0.00133018645882802));
#7433=CARTESIAN_POINT('',(-0.00275656739974472,-0.00287891873353571,-0.000378803819778831));
#7434=CARTESIAN_POINT('',(-0.00269340639692297,-0.00281243805422456,5.62689199315139E-5));
#7435=CARTESIAN_POINT('',(-0.00168220934272276,-0.00174808206771101,-0.00175309018705758));
#7436=CARTESIAN_POINT('',(-0.00295597692842626,-0.00308881199837364,-0.00175309018705758));
#7437=CARTESIAN_POINT('',(-0.00269312875769131,-0.00281214582027364,5.64421487685492E-5));
#7438=CARTESIAN_POINT('',(-0.00162874033453328,-0.00179888058143508,-0.00175309018705758));
#7439=CARTESIAN_POINT('',(-0.00286692554205759,-0.00317290852603574,-0.0017530901870576));
#7440=CARTESIAN_POINT('',(-0.00261165401051328,-0.00288963441337984,5.61565585434483E-5));
#7441=CARTESIAN_POINT('',(-0.0015733533920991,-0.00184749395700329,-0.00175309018705758));
#7442=CARTESIAN_POINT('',(-0.00277516814078695,-0.00325342435334631,-0.00175309018705757));
#7443=CARTESIAN_POINT('',(-0.00252740741504815,-0.00296358067905225,5.61452287603392E-5));
#7444=CARTESIAN_POINT('',(-0.00151604952355194,-0.0018939233429101,-0.00175309018705758));
#7445=CARTESIAN_POINT('',(-0.00268023491511597,-0.00333077905239829,-0.00175309018705758));
#7446=CARTESIAN_POINT('',(-0.00244002541985092,-0.00303430875888157,5.64088373319188E-5));
#7447=CARTESIAN_POINT('',(-0.00151628071806041,-0.00189420753790705,-0.00175309014231852));
#7448=CARTESIAN_POINT('',(-0.00179613991254149,-0.00223961392420675,-0.00175298156586479));
#7449=CARTESIAN_POINT('',(-0.00235194827569501,-0.00292560088471374,-0.00133002319042806));
#7450=CARTESIAN_POINT('',(-0.00249775706162457,-0.00310556026011344,-0.000378840108660596));
#7451=CARTESIAN_POINT('',(-0.00244005906825665,-0.00303434853729364,5.61617123878098E-5));
#7452=CARTESIAN_POINT('',(-0.00151628015612662,-0.00189420799321958,-0.00175309018705758));
#7453=CARTESIAN_POINT('',(-0.00268032727149874,-0.0033308886861481,-0.00175309018705758));
#7454=CARTESIAN_POINT('',(-0.00244028073092292,-0.0030346204116983,5.62356178078239E-5));
#7455=CARTESIAN_POINT('',(-0.00141874903324174,-0.00197323092292895,-0.00175309018705758));
#7456=CARTESIAN_POINT('',(-0.00247959249133545,-0.00349463466657334,-0.0017530901870597));
#7457=CARTESIAN_POINT('',(-0.00226035603186716,-0.0031802207596339,5.69018422991172E-5));
#7458=CARTESIAN_POINT('',(-0.00120893747858411,-0.00211123302653621,-0.00175309018705758));
#7459=CARTESIAN_POINT('',(-0.00211655555976136,-0.00373005679190898,-0.00175309018705654));
#7460=CARTESIAN_POINT('',(-0.00192885354243129,-0.00339530472004223,5.70954696777444E-5));
#7461=CARTESIAN_POINT('',(-0.000869671945800727,-0.00226934944112527,-0.00175309018705759));
#7462=CARTESIAN_POINT('',(-0.00152432945789529,-0.00400574014777559,-0.00175309018705802));
#7463=CARTESIAN_POINT('',(-0.00138949785169723,-0.00364804059803455,5.59067832744959E-5));
#7464=CARTESIAN_POINT('',(-0.000512278233323582,-0.00237635119617374,-0.00175309018705758));
#7465=CARTESIAN_POINT('',(-0.000925275417977073,-0.00418718915570333,-0.00175309018705688));
#7466=CARTESIAN_POINT('',(-0.000839233122943756,-0.00380990851054015,5.94260133253631E-5));
#7467=CARTESIAN_POINT('',(-0.000264160362863652,-0.00241661665855768,-0.00175309018705758));
#7468=CARTESIAN_POINT('',(-0.000513849053790613,-0.00425424057373837,-0.00175309018705893));
#7469=CARTESIAN_POINT('',(-0.000462234557344138,-0.00387438342607589,5.69769065378652E-5));
#7470=CARTESIAN_POINT('',(-0.000139022944447634,-0.00242482239282028,-0.00175309018705758));
#7471=CARTESIAN_POINT('',(-0.000260150475754943,-0.00427203057202688,-0.00175309018705758));
#7472=CARTESIAN_POINT('',(-0.000235039907554253,-0.00388909164423548,5.78701032621666E-5));
#7473=CARTESIAN_POINT('',(-0.000139026643472976,-0.00242482215025916,-0.00175309018705758));
#7474=CARTESIAN_POINT('',(-0.000168138446629414,-0.00286877305918607,-0.00175309018705758));
#7475=CARTESIAN_POINT('',(-0.000225959928661615,-0.00375055400165726,-0.00132963255748845));
#7476=CARTESIAN_POINT('',(-0.000241077675913904,-0.00398112553742116,-0.000377369172445278));
#7477=CARTESIAN_POINT('',(-0.00023504184746493,-0.0038890915186486,5.78700956336512E-5));
#7478=CARTESIAN_POINT('',(-0.000139002010543542,-0.00242444650723153,-0.00175309018705758));
#7479=CARTESIAN_POINT('',(-0.000260142078766943,-0.00427187986060645,-0.00175309018705758));
#7480=CARTESIAN_POINT('',(-0.000235014789611503,-0.0038886788871676,5.80449665371194E-5));
#7481=CARTESIAN_POINT('',(-0.000104557021568558,-0.00242670513635865,-0.00175309018705758));
#7482=CARTESIAN_POINT('',(-0.000195528267882999,-0.00427639325571023,-0.00175309018705758));
#7483=CARTESIAN_POINT('',(-0.000176646030134185,-0.00389246079064261,5.82588969834311E-5));
#7484=CARTESIAN_POINT('',(-7.01127121700668E-5,-0.00242811716708353,-0.00175309018705758));
#7485=CARTESIAN_POINT('',(-0.000131086861570946,-0.0042792001292796,-0.00175309018705759));
#7486=CARTESIAN_POINT('',(-0.000118425490958432,-0.0038948176452843,5.83889504253309E-5));
#7487=CARTESIAN_POINT('',(-3.56690731085059E-5,-0.00242869410981449,-0.00175309018705758));
#7488=CARTESIAN_POINT('',(-6.66849190136102E-5,-0.0042803476289399,-0.00175309018705758));
#7489=CARTESIAN_POINT('',(-6.02432915012239E-5,-0.00389578090492733,5.84422244117721E-5));
#7490=CARTESIAN_POINT('',(0.005,-4.58286127272848E-18,0.));
#7491=CARTESIAN_POINT('',(0.005,0.000215182402259,-0.00325309019836982));
#7492=CARTESIAN_POINT('',(-0.005,0.000215182402259009,-0.00325309019836982));
#7493=CARTESIAN_POINT('',(-0.005,0.000215182402259009,-0.00325309019836982));
#7494=MECHANICAL_DESIGN_GEOMETRIC_PRESENTATION_REPRESENTATION('',(#1954),
#7495);
#7495=(
GEOMETRIC_REPRESENTATION_CONTEXT(3)
GLOBAL_UNCERTAINTY_ASSIGNED_CONTEXT((#7496))
GLOBAL_UNIT_ASSIGNED_CONTEXT((#7499,#7498,#7497))
REPRESENTATION_CONTEXT('hand_pulley_wheel_thumb',
'TOP_LEVEL_ASSEMBLY_PART')
);
#7496=UNCERTAINTY_MEASURE_WITH_UNIT(LENGTH_MEASURE(2.12379219760662E-5),
#7499,'DISTANCE_ACCURACY_VALUE','Maximum Tolerance applied to model');
#7497=(
NAMED_UNIT(*)
SI_UNIT($,.STERADIAN.)
SOLID_ANGLE_UNIT()
);
#7498=(
NAMED_UNIT(*)
PLANE_ANGLE_UNIT()
SI_UNIT($,.RADIAN.)
);
#7499=(
LENGTH_UNIT()
NAMED_UNIT(*)
SI_UNIT($,.METRE.)
);
#7500=PRODUCT_DEFINITION_SHAPE('','',#7501);
#7501=PRODUCT_DEFINITION('','',#7503,#7502);
#7502=PRODUCT_DEFINITION_CONTEXT('',#7509,'design');
#7503=PRODUCT_DEFINITION_FORMATION_WITH_SPECIFIED_SOURCE('','',#7505,
 .NOT_KNOWN.);
#7504=PRODUCT_RELATED_PRODUCT_CATEGORY('','',(#7505));
#7505=PRODUCT('hand_pulley_wheel_thumb','hand_pulley_wheel_thumb',
'hand_pulley_wheel_thumb',(#7507));
#7506=PRODUCT_CATEGORY('','');
#7507=PRODUCT_CONTEXT('',#7509,'mechanical');
#7508=APPLICATION_PROTOCOL_DEFINITION('international standard',
'ap242_managed_model_based_3d_engineering',2020,#7509);
#7509=APPLICATION_CONTEXT('managed model based 3d engineering');
ENDSEC;
END-ISO-10303-21;
