ISO-10303-21;
HEADER;
/* Generated by software containing ST-Developer
 * from STEP Tools, Inc. (www.steptools.com) 
 */
/* OPTION: using custom renumber hook */

FILE_DESCRIPTION(
/* description */ ('STEP AP242 Edition 2',
'CAx-IF Rec.Pracs.---Representation and Presentation of Product Manufa
cturing Information (PMI)---4.0---2014-10-13',
'CAx-IF Rec.Pracs.---3D Tessellated Geometry---0.4---2014-09-14','2;1',
'CAx-IF Rec.Pracs.---User Defined Attributes---1.5---2016-08-15'),
/* implementation_level */ '2;1');

FILE_NAME(
/* name */ 'Robotic Hand_V5_simulacra - Base Bone 1.2_V02_middlefinger',

/* time_stamp */ '2026-09-25T22:15:29Z',
/* author */ (''),
/* organization */ (''),
/* preprocessor_version */ 'ST-DEVELOPER v20',
/* originating_system */ 'ONSHAPE BY PTC INC, 1.221',
/* authorisation */ '  ');

FILE_SCHEMA (('AP242_MANAGED_MODEL_BASED_3D_ENGINEERING_MIM_LF { 1 0 10303 442 3 1 4 }'));
ENDSEC;

DATA;
#10=SHAPE_REPRESENTATION_RELATIONSHIP('','',#4373,#11);
#11=ADVANCED_BREP_SHAPE_REPRESENTATION('',(#4371),#7681);
#12=TOROIDAL_SURFACE('',#4649,0.00335,0.0006);
#13=TOROIDAL_SURFACE('',#4654,0.00335,0.0006);
#14=TOROIDAL_SURFACE('',#4655,0.00335,0.0006);
#15=TOROIDAL_SURFACE('',#4660,0.00335,0.0006);
#16=TOROIDAL_SURFACE('',#4661,0.00335,0.0006);
#17=TOROIDAL_SURFACE('',#4662,0.00335,0.0006);
#18=TOROIDAL_SURFACE('',#4768,0.003,0.0015);
#19=TOROIDAL_SURFACE('',#4771,0.003,0.0015);
#20=TOROIDAL_SURFACE('',#4778,0.003,0.00075);
#21=TOROIDAL_SURFACE('',#4780,0.003,0.00075);
#22=TOROIDAL_SURFACE('',#4784,0.005,0.00075);
#23=TOROIDAL_SURFACE('',#4791,0.005,0.00075);
#24=TOROIDAL_SURFACE('',#4794,0.0017,0.0002);
#25=TOROIDAL_SURFACE('',#4798,0.0017,0.0002);
#26=SPHERICAL_SURFACE('',#4592,0.006);
#27=SPHERICAL_SURFACE('',#4593,0.006);
#28=SPHERICAL_SURFACE('',#4594,0.006);
#29=SPHERICAL_SURFACE('',#4596,0.006);
#30=SPHERICAL_SURFACE('',#4761,0.0015);
#31=SPHERICAL_SURFACE('',#4765,0.0015);
#32=SPHERICAL_SURFACE('',#4766,0.0015);
#33=SPHERICAL_SURFACE('',#4769,0.0015);
#34=CIRCLE('',#4384,0.0015);
#35=CIRCLE('',#4394,0.00475);
#36=CIRCLE('',#4396,0.00475);
#37=CIRCLE('',#4399,0.00475);
#38=CIRCLE('',#4401,0.00475);
#39=CIRCLE('',#4408,0.00475);
#40=CIRCLE('',#4410,0.00475);
#41=CIRCLE('',#4413,0.00475);
#42=CIRCLE('',#4415,0.00475);
#43=CIRCLE('',#4424,0.0017);
#44=CIRCLE('',#4425,0.0017);
#45=CIRCLE('',#4426,0.0017);
#46=CIRCLE('',#4429,0.00335);
#47=CIRCLE('',#4435,0.006);
#48=CIRCLE('',#4436,0.006);
#49=CIRCLE('',#4438,0.006);
#50=CIRCLE('',#4439,0.006);
#51=CIRCLE('',#4453,0.0015);
#52=CIRCLE('',#4454,0.0015);
#53=CIRCLE('',#4462,0.006);
#54=CIRCLE('',#4463,0.006);
#55=CIRCLE('',#4468,0.0065);
#56=CIRCLE('',#4469,0.0065);
#57=CIRCLE('',#4472,0.0065);
#58=CIRCLE('',#4473,0.0065);
#59=CIRCLE('',#4477,0.0065);
#60=CIRCLE('',#4480,0.0065);
#61=CIRCLE('',#4481,0.0065);
#62=CIRCLE('',#4486,0.00613827546702941);
#63=CIRCLE('',#4488,0.0061382754670294);
#64=CIRCLE('',#4494,0.0061382754670294);
#65=CIRCLE('',#4495,0.00613827546702941);
#66=CIRCLE('',#4498,0.00613827546702941);
#67=CIRCLE('',#4500,0.0061382754670294);
#68=CIRCLE('',#4503,0.00613827546702941);
#69=CIRCLE('',#4506,0.0065);
#70=CIRCLE('',#4509,0.00475);
#71=CIRCLE('',#4511,0.00475);
#72=CIRCLE('',#4514,0.00613827546702941);
#73=CIRCLE('',#4517,0.00475);
#74=CIRCLE('',#4520,0.00613827546702941);
#75=CIRCLE('',#4521,0.0065);
#76=CIRCLE('',#4525,0.00475);
#77=CIRCLE('',#4527,0.00475);
#78=CIRCLE('',#4530,0.00475);
#79=CIRCLE('',#4533,0.00475);
#80=CIRCLE('',#4536,0.00475);
#81=CIRCLE('',#4539,0.006);
#82=CIRCLE('',#4545,0.00335);
#83=CIRCLE('',#4548,0.006);
#84=CIRCLE('',#4552,0.006);
#85=CIRCLE('',#4553,0.006);
#86=CIRCLE('',#4555,0.006);
#87=CIRCLE('',#4556,0.006);
#88=CIRCLE('',#4557,0.006);
#89=CIRCLE('',#4558,0.006);
#90=CIRCLE('',#4560,0.00335);
#91=CIRCLE('',#4561,0.0075);
#92=CIRCLE('',#4573,0.00335);
#93=CIRCLE('',#4574,0.0075);
#94=CIRCLE('',#4576,0.00335);
#95=CIRCLE('',#4577,0.00145);
#96=CIRCLE('',#4578,0.00145);
#97=CIRCLE('',#4579,0.0075);
#98=CIRCLE('',#4581,0.00335);
#99=CIRCLE('',#4582,0.00145);
#100=CIRCLE('',#4583,0.0075);
#101=CIRCLE('',#4584,0.00145);
#102=CIRCLE('',#4590,0.006);
#103=CIRCLE('',#4591,0.006);
#104=CIRCLE('',#4595,0.006);
#105=CIRCLE('',#4597,0.006);
#106=CIRCLE('',#4602,0.003);
#107=CIRCLE('',#4603,0.00145);
#108=CIRCLE('',#4605,0.003);
#109=CIRCLE('',#4606,0.00145);
#110=CIRCLE('',#4608,0.0015);
#111=CIRCLE('',#4617,0.00145);
#112=CIRCLE('',#4619,0.00145);
#113=CIRCLE('',#4622,0.008);
#114=CIRCLE('',#4628,0.008);
#115=CIRCLE('',#4636,0.008);
#116=CIRCLE('',#4638,0.008);
#117=CIRCLE('',#4642,0.00275);
#118=CIRCLE('',#4643,0.00275);
#119=CIRCLE('',#4644,0.00275);
#120=CIRCLE('',#4646,0.00275);
#121=CIRCLE('',#4647,0.00275);
#122=CIRCLE('',#4648,0.00275);
#123=CIRCLE('',#4650,0.0006);
#124=CIRCLE('',#4651,0.0006);
#125=CIRCLE('',#4652,0.0006);
#126=CIRCLE('',#4653,0.0006);
#127=CIRCLE('',#4656,0.0006);
#128=CIRCLE('',#4657,0.0006);
#129=CIRCLE('',#4658,0.0006);
#130=CIRCLE('',#4659,0.0006);
#131=CIRCLE('',#4664,0.00125);
#132=CIRCLE('',#4665,0.00125);
#133=CIRCLE('',#4666,0.00125);
#134=CIRCLE('',#4667,0.00125);
#135=CIRCLE('',#4668,0.00125);
#136=CIRCLE('',#4669,0.00125);
#137=CIRCLE('',#4727,0.00125);
#138=CIRCLE('',#4729,0.00125);
#139=CIRCLE('',#4731,0.00125);
#140=CIRCLE('',#4733,0.00125);
#141=CIRCLE('',#4735,0.00125);
#142=CIRCLE('',#4738,0.00125);
#143=CIRCLE('',#4745,0.0015);
#144=CIRCLE('',#4747,0.0015);
#145=CIRCLE('',#4749,0.0015);
#146=CIRCLE('',#4750,0.0015);
#147=CIRCLE('',#4752,0.0015);
#148=CIRCLE('',#4754,0.0015);
#149=CIRCLE('',#4755,0.0015);
#150=CIRCLE('',#4757,0.0015);
#151=CIRCLE('',#4759,0.0015);
#152=CIRCLE('',#4760,0.0015);
#153=CIRCLE('',#4762,0.0015);
#154=CIRCLE('',#4764,0.0015);
#155=CIRCLE('',#4767,0.0015);
#156=CIRCLE('',#4770,0.0015);
#157=CIRCLE('',#4772,0.0015);
#158=CIRCLE('',#4773,0.0015);
#159=CIRCLE('',#4776,0.00075);
#160=CIRCLE('',#4777,0.00075);
#161=CIRCLE('',#4779,0.00075);
#162=CIRCLE('',#4781,0.00075);
#163=CIRCLE('',#4783,0.00075);
#164=CIRCLE('',#4785,0.00075);
#165=CIRCLE('',#4786,0.00075);
#166=CIRCLE('',#4790,0.00075);
#167=CIRCLE('',#4795,0.0002);
#168=CIRCLE('',#4797,0.0002);
#169=B_SPLINE_CURVE_WITH_KNOTS('',3,(#6122,#6123,#6124,#6125),
 .UNSPECIFIED.,.F.,.F.,(4,4),(0.,0.00130172145396314),.UNSPECIFIED.);
#170=B_SPLINE_CURVE_WITH_KNOTS('',3,(#6128,#6129,#6130,#6131),
 .UNSPECIFIED.,.F.,.F.,(4,4),(0.000835691066763392,0.00187008015049089),
 .UNSPECIFIED.);
#171=B_SPLINE_CURVE_WITH_KNOTS('',3,(#6133,#6134,#6135,#6136),
 .UNSPECIFIED.,.F.,.F.,(4,4),(0.,0.000874803012701653),.UNSPECIFIED.);
#172=B_SPLINE_CURVE_WITH_KNOTS('',3,(#6258,#6259,#6260,#6261,#6262,#6263,
#6264),.UNSPECIFIED.,.F.,.F.,(4,1,1,1,4),(0.,0.00192126857889711,0.00384253715779421,
0.00576380573669132,0.00768507431558843),.UNSPECIFIED.);
#173=B_SPLINE_CURVE_WITH_KNOTS('',3,(#6268,#6269,#6270,#6271,#6272),
 .UNSPECIFIED.,.F.,.F.,(4,1,4),(0.,0.00333741979482029,0.00667483958964059),
 .UNSPECIFIED.);
#174=B_SPLINE_CURVE_WITH_KNOTS('',3,(#6276,#6277,#6278,#6279),
 .UNSPECIFIED.,.F.,.F.,(4,4),(0.,0.00118993476882239),.UNSPECIFIED.);
#175=B_SPLINE_CURVE_WITH_KNOTS('',3,(#6290,#6291,#6292,#6293),
 .UNSPECIFIED.,.F.,.F.,(4,4),(0.,0.00118993476882239),.UNSPECIFIED.);
#176=B_SPLINE_CURVE_WITH_KNOTS('',3,(#6297,#6298,#6299,#6300,#6301),
 .UNSPECIFIED.,.F.,.F.,(4,1,4),(3.81269371180124E-17,0.0033374197948201,
0.00667483958964016),.UNSPECIFIED.);
#177=B_SPLINE_CURVE_WITH_KNOTS('',3,(#6305,#6306,#6307,#6308,#6309,#6310,
#6311),.UNSPECIFIED.,.F.,.F.,(4,1,1,1,4),(0.,0.0019212685788971,0.00384253715779421,
0.00576380573669131,0.00768507431558841),.UNSPECIFIED.);
#178=B_SPLINE_CURVE_WITH_KNOTS('',3,(#6352,#6353,#6354,#6355),
 .UNSPECIFIED.,.F.,.F.,(4,4),(0.00114812974645902,0.00120890917742727),
 .UNSPECIFIED.);
#179=B_SPLINE_CURVE_WITH_KNOTS('',3,(#6369,#6370,#6371,#6372),
 .UNSPECIFIED.,.F.,.F.,(4,4),(0.00560799883304976,0.00669232948768254),
 .UNSPECIFIED.);
#180=B_SPLINE_CURVE_WITH_KNOTS('',3,(#6381,#6382,#6383,#6384),
 .UNSPECIFIED.,.F.,.F.,(4,4),(0.00195921202675093,0.00310967413840466),
 .UNSPECIFIED.);
#181=B_SPLINE_CURVE_WITH_KNOTS('',3,(#6388,#6389,#6390,#6391),
 .UNSPECIFIED.,.F.,.F.,(4,4),(0.001905504356788,0.00298289756478285),
 .UNSPECIFIED.);
#182=B_SPLINE_CURVE_WITH_KNOTS('',3,(#6396,#6397,#6398,#6399),
 .UNSPECIFIED.,.F.,.F.,(4,4),(0.0055741852152682,0.00672105528090824),
 .UNSPECIFIED.);
#183=B_SPLINE_CURVE_WITH_KNOTS('',3,(#6407,#6408,#6409,#6410,#6411,#6412,
#6413,#6414,#6415),.UNSPECIFIED.,.F.,.F.,(4,1,1,1,1,1,4),(0.000224090425116464,
0.000890158504071753,0.0012231925435494,0.00155622658302704,0.00188926062250469,
0.00222229466198233,0.00288836274093762),.UNSPECIFIED.);
#184=B_SPLINE_CURVE_WITH_KNOTS('',3,(#6418,#6419,#6420,#6421,#6422,#6423,
#6424,#6425,#6426,#6427,#6428),.UNSPECIFIED.,.F.,.F.,(4,1,1,1,1,1,1,1,4),
(0.000472885842587489,0.00313943263078083,0.0044727060248775,0.00580597941897417,
0.00847252620716751,0.0111390729953609,0.0138056197835542,0.0164721665717475,
0.0218052601481342),.UNSPECIFIED.);
#185=B_SPLINE_CURVE_WITH_KNOTS('',3,(#6432,#6433,#6434,#6435,#6436,#6437,
#6438,#6439,#6440,#6441,#6442),.UNSPECIFIED.,.F.,.F.,(4,1,1,1,1,1,1,1,4),
(0.000472888377880351,0.00313943012877819,0.00447270100422712,0.00580597187967604,
0.00847251363057388,0.0111390553814717,0.0138055971323696,0.0164721388832674,
0.0218052223850631),.UNSPECIFIED.);
#186=B_SPLINE_CURVE_WITH_KNOTS('',3,(#6446,#6447,#6448,#6449,#6450,#6451,
#6452,#6453,#6454,#6455,#6456),.UNSPECIFIED.,.F.,.F.,(4,1,1,1,1,1,1,1,4),
(6.77431173301776E-18,0.00272565279813262,0.00408847919719893,0.00545130559626524,
0.00817695839439785,0.0109026111925305,0.0136282639906631,0.0163539167887957,
0.0218052223850609),.UNSPECIFIED.);
#187=B_SPLINE_CURVE_WITH_KNOTS('',3,(#6474,#6475,#6476,#6477),
 .UNSPECIFIED.,.F.,.F.,(4,4),(0.,0.00118993476882239),.UNSPECIFIED.);
#188=B_SPLINE_CURVE_WITH_KNOTS('',3,(#6481,#6482,#6483,#6484,#6485),
 .UNSPECIFIED.,.F.,.F.,(4,1,4),(0.,0.00333741979482029,0.00667483958964059),
 .UNSPECIFIED.);
#189=B_SPLINE_CURVE_WITH_KNOTS('',3,(#6489,#6490,#6491,#6492,#6493,#6494,
#6495),.UNSPECIFIED.,.F.,.F.,(4,1,1,1,4),(0.,0.0019212685788971,0.0038425371577942,
0.00576380573669131,0.00768507431558841),.UNSPECIFIED.);
#190=B_SPLINE_CURVE_WITH_KNOTS('',3,(#6497,#6498,#6499,#6500,#6501,#6502,
#6503,#6504,#6505),.UNSPECIFIED.,.F.,.F.,(4,1,1,1,1,1,4),(0.000224179724337013,
0.000943843167794177,0.00130367488952276,0.00166350661125134,0.00202333833297992,
0.0023831700547085,0.00310283349816567),.UNSPECIFIED.);
#191=B_SPLINE_CURVE_WITH_KNOTS('',3,(#6506,#6507,#6508,#6509,#6510,#6511,
#6512),.UNSPECIFIED.,.F.,.F.,(4,1,1,1,4),(0.,0.00192126857889711,0.00384253715779421,
0.00576380573669132,0.00768507431558842),.UNSPECIFIED.);
#192=B_SPLINE_CURVE_WITH_KNOTS('',3,(#6516,#6517,#6518,#6519,#6520),
 .UNSPECIFIED.,.F.,.F.,(4,1,4),(3.81269371180124E-17,0.00333741979482006,
0.00667483958964008),.UNSPECIFIED.);
#193=B_SPLINE_CURVE_WITH_KNOTS('',3,(#6524,#6525,#6526,#6527),
 .UNSPECIFIED.,.F.,.F.,(4,4),(0.,0.00118993476882239),.UNSPECIFIED.);
#194=B_SPLINE_CURVE_WITH_KNOTS('',3,(#6538,#6539,#6540,#6541,#6542,#6543,
#6544,#6545,#6546,#6547,#6548,#6549,#6550),.UNSPECIFIED.,.F.,.F.,(4,1,1,
1,1,1,1,1,1,1,4),(0.,0.00275995015000111,0.00551990030000222,0.00827985045000333,
0.0110398006000044,0.0137997507500056,0.0151797258250061,0.0165597009000067,
0.0179396759750072,0.0193196510500078,0.0220796012000089),.UNSPECIFIED.);
#195=B_SPLINE_CURVE_WITH_KNOTS('',3,(#6554,#6555,#6556,#6557,#6558,#6559,
#6560,#6561,#6562,#6563,#6564,#6565,#6566),.UNSPECIFIED.,.F.,.F.,(4,1,1,
1,1,1,1,1,1,1,4),(0.,0.00269193073896851,0.00538386147793701,0.00807579221690552,
0.010767722955874,0.0134596536948425,0.0148056190643268,0.016151584433811,
0.0174975498032953,0.0188435151727795,0.0215354459117481),.UNSPECIFIED.);
#196=B_SPLINE_CURVE_WITH_KNOTS('',3,(#6570,#6571,#6572,#6573,#6574,#6575,
#6576,#6577,#6578,#6579,#6580,#6581,#6582),.UNSPECIFIED.,.F.,.F.,(4,1,1,
1,1,1,1,1,1,1,4),(8.67361737988404E-19,0.00269192526519067,0.00538385053038135,
0.00807577579557202,0.0107677010607627,0.0134596263259534,0.0148055889585487,
0.016151551591144,0.0174975142237394,0.0188434768563347,0.0215354021215254),
 .UNSPECIFIED.);
#197=B_SPLINE_CURVE_WITH_KNOTS('',3,(#6722,#6723,#6724,#6725),
 .UNSPECIFIED.,.F.,.F.,(4,4),(0.00124448624118731,0.00206055072491918),
 .UNSPECIFIED.);
#198=B_SPLINE_CURVE_WITH_KNOTS('',3,(#6807,#6808,#6809,#6810,#6811),
 .UNSPECIFIED.,.F.,.F.,(4,1,4),(1.4304896245382E-17,0.000508108309594453,
0.00101621661918889),.UNSPECIFIED.);
#199=B_SPLINE_CURVE_WITH_KNOTS('',3,(#7193,#7194,#7195,#7196),
 .UNSPECIFIED.,.F.,.F.,(4,4),(0.,0.000825397868917802),.UNSPECIFIED.);
#200=B_SPLINE_CURVE_WITH_KNOTS('',3,(#7201,#7202,#7203,#7204),
 .UNSPECIFIED.,.F.,.F.,(4,4),(0.,0.000825397868917802),.UNSPECIFIED.);
#201=B_SPLINE_CURVE_WITH_KNOTS('',3,(#7214,#7215,#7216,#7217),
 .UNSPECIFIED.,.F.,.F.,(4,4),(0.,0.000523940552808647),.UNSPECIFIED.);
#202=B_SPLINE_CURVE_WITH_KNOTS('',3,(#7226,#7227,#7228,#7229),
 .UNSPECIFIED.,.F.,.F.,(4,4),(0.,0.000523940552809087),.UNSPECIFIED.);
#203=B_SPLINE_CURVE_WITH_KNOTS('',3,(#7238,#7239,#7240,#7241),
 .UNSPECIFIED.,.F.,.F.,(4,4),(0.00829706777085864,0.00882195993738412),
 .UNSPECIFIED.);
#204=B_SPLINE_CURVE_WITH_KNOTS('',3,(#7247,#7248,#7249,#7250),
 .UNSPECIFIED.,.F.,.F.,(4,4),(0.00829706777085843,0.0088219599373841),
 .UNSPECIFIED.);
#205=B_SPLINE_CURVE_WITH_KNOTS('',3,(#7262,#7263,#7264,#7265,#7266,#7267,
#7268),.UNSPECIFIED.,.F.,.F.,(4,1,1,1,4),(0.,0.00153341607373156,0.00306683214746313,
0.00460024822119469,0.00613366429492625),.UNSPECIFIED.);
#206=B_SPLINE_CURVE_WITH_KNOTS('',3,(#7273,#7274,#7275,#7276,#7277,#7278,
#7279),.UNSPECIFIED.,.F.,.F.,(4,1,1,1,4),(0.,0.00153341607373151,0.00306683214746303,
0.00460024822119454,0.00613366429492606),.UNSPECIFIED.);
#207=B_SPLINE_CURVE_WITH_KNOTS('',3,(#7285,#7286,#7287,#7288,#7289,#7290,
#7291),.UNSPECIFIED.,.F.,.F.,(4,1,1,1,4),(0.,0.00153341607373151,0.00306683214746303,
0.00460024822119454,0.00613366429492605),.UNSPECIFIED.);
#208=B_SPLINE_CURVE_WITH_KNOTS('',3,(#7296,#7297,#7298,#7299,#7300,#7301,
#7302),.UNSPECIFIED.,.F.,.F.,(4,1,1,1,4),(0.,0.00153341607373156,0.00306683214746313,
0.00460024822119469,0.00613366429492625),.UNSPECIFIED.);
#209=B_SPLINE_CURVE_WITH_KNOTS('',3,(#7606,#7607,#7608,#7609),
 .UNSPECIFIED.,.F.,.F.,(4,4),(0.,0.0012756957247303),.UNSPECIFIED.);
#210=B_SPLINE_CURVE_WITH_KNOTS('',3,(#7656,#7657,#7658,#7659),
 .UNSPECIFIED.,.F.,.F.,(4,4),(0.,1.),.UNSPECIFIED.);
#211=(
BOUNDED_SURFACE()
B_SPLINE_SURFACE(3,2,((#6107,#6108,#6109),(#6110,#6111,#6112),(#6113,#6114,
#6115),(#6116,#6117,#6118),(#6119,#6120,#6121)),.UNSPECIFIED.,.F.,.F.,.F.)
B_SPLINE_SURFACE_WITH_KNOTS((4,1,4),(3,3),(0.00311095830068329,0.00435824722779756,
0.00560553615491183),(0.,1.),.UNSPECIFIED.)
GEOMETRIC_REPRESENTATION_ITEM()
RATIONAL_B_SPLINE_SURFACE(((1.,0.904490094114793,1.),(1.,0.904995208517734,
1.),(1.,0.862297891062955,1.),(1.,0.756417515131866,1.),(1.,0.707106781186546,
1.)))
REPRESENTATION_ITEM('')
SURFACE()
);
#212=(
BOUNDED_SURFACE()
B_SPLINE_SURFACE(3,2,((#7308,#7309,#7310),(#7311,#7312,#7313),(#7314,#7315,
#7316),(#7317,#7318,#7319),(#7320,#7321,#7322),(#7323,#7324,#7325),(#7326,
#7327,#7328),(#7329,#7330,#7331)),.UNSPECIFIED.,.F.,.F.,.F.)
B_SPLINE_SURFACE_WITH_KNOTS((4,1,1,1,1,4),(3,3),(-1.30104260698261E-17,
0.00185157732242068,0.00370315464484138,0.00462894330605173,0.00555473196726208,
0.00740630928968278),(0.,1.),.UNSPECIFIED.)
GEOMETRIC_REPRESENTATION_ITEM()
RATIONAL_B_SPLINE_SURFACE(((1.,0.707106781186549,1.),(1.,0.690672637055798,
1.),(1.,0.622786465490141,1.),(1.,0.561533643617992,1.),(1.,0.584662924643307,
1.),(1.,0.640257119163981,1.),(1.,0.690677426673645,1.),(1.,0.707106781186542,
1.)))
REPRESENTATION_ITEM('')
SURFACE()
);
#213=(
BOUNDED_SURFACE()
B_SPLINE_SURFACE(3,2,((#7333,#7334,#7335),(#7336,#7337,#7338),(#7339,#7340,
#7341),(#7342,#7343,#7344),(#7345,#7346,#7347),(#7348,#7349,#7350),(#7351,
#7352,#7353),(#7354,#7355,#7356)),.UNSPECIFIED.,.F.,.F.,.F.)
B_SPLINE_SURFACE_WITH_KNOTS((4,1,1,1,1,4),(3,3),(-1.7130394325271E-17,0.00185157732242068,
0.00370315464484138,0.00462894330605173,0.00555473196726208,0.00740630928968279),
(0.,1.),.UNSPECIFIED.)
GEOMETRIC_REPRESENTATION_ITEM()
RATIONAL_B_SPLINE_SURFACE(((1.,0.707106781186541,1.),(1.,0.690672637072287,
1.),(1.,0.622786465482223,1.),(1.,0.561533643619182,1.),(1.,0.584662924642745,
1.),(1.,0.640257119166136,1.),(1.,0.690677426664502,1.),(1.,0.707106781186549,
1.)))
REPRESENTATION_ITEM('')
SURFACE()
);
#214=(
BOUNDED_SURFACE()
B_SPLINE_SURFACE(3,2,((#7362,#7363,#7364),(#7365,#7366,#7367),(#7368,#7369,
#7370),(#7371,#7372,#7373),(#7374,#7375,#7376),(#7377,#7378,#7379),(#7380,
#7381,#7382),(#7383,#7384,#7385)),.UNSPECIFIED.,.F.,.F.,.F.)
B_SPLINE_SURFACE_WITH_KNOTS((4,1,1,1,1,4),(3,3),(-1.21430643318376E-17,
0.00185157732242068,0.00370315464484138,0.00462894330605173,0.00555473196726207,
0.00740630928968277),(0.,1.),.UNSPECIFIED.)
GEOMETRIC_REPRESENTATION_ITEM()
RATIONAL_B_SPLINE_SURFACE(((1.,0.707106781186549,1.),(1.,0.690672637055798,
1.),(1.,0.622786465490142,1.),(1.,0.561533643617988,1.),(1.,0.584662924643313,
1.),(1.,0.640257119163949,1.),(1.,0.690677426673784,1.),(1.,0.707106781186541,
1.)))
REPRESENTATION_ITEM('')
SURFACE()
);
#215=(
BOUNDED_SURFACE()
B_SPLINE_SURFACE(3,2,((#7387,#7388,#7389),(#7390,#7391,#7392),(#7393,#7394,
#7395),(#7396,#7397,#7398),(#7399,#7400,#7401),(#7402,#7403,#7404),(#7405,
#7406,#7407),(#7408,#7409,#7410)),.UNSPECIFIED.,.F.,.F.,.F.)
B_SPLINE_SURFACE_WITH_KNOTS((4,1,1,1,1,4),(3,3),(-1.77809156287623E-17,
0.00185157732242068,0.00370315464484138,0.00462894330605173,0.00555473196726208,
0.00740630928968278),(0.,1.),.UNSPECIFIED.)
GEOMETRIC_REPRESENTATION_ITEM()
RATIONAL_B_SPLINE_SURFACE(((1.,0.707106781186541,1.),(1.,0.690672637072287,
1.),(1.,0.622786465482222,1.),(1.,0.561533643619186,1.),(1.,0.584662924642739,
1.),(1.,0.640257119166168,1.),(1.,0.690677426664363,1.),(1.,0.707106781186549,
1.)))
REPRESENTATION_ITEM('')
SURFACE()
);
#216=(
BOUNDED_SURFACE()
B_SPLINE_SURFACE(3,2,((#7622,#7623,#7624),(#7625,#7626,#7627),(#7628,#7629,
#7630),(#7631,#7632,#7633),(#7634,#7635,#7636)),.UNSPECIFIED.,.F.,.F.,.F.)
B_SPLINE_SURFACE_WITH_KNOTS((4,1,4),(3,3),(0.00312583649862104,0.00436568632676644,
0.00560553615491183),(0.,1.),.UNSPECIFIED.)
GEOMETRIC_REPRESENTATION_ITEM()
RATIONAL_B_SPLINE_SURFACE(((1.,0.904499135307834,1.),(1.,0.904499137006005,
1.),(1.,0.861374857884711,1.),(1.,0.756123415326977,1.),(1.,0.707106781186546,
1.)))
REPRESENTATION_ITEM('')
SURFACE()
);
#217=PLANE('',#4381);
#218=PLANE('',#4382);
#219=PLANE('',#4383);
#220=PLANE('',#4391);
#221=PLANE('',#4392);
#222=PLANE('',#4403);
#223=PLANE('',#4404);
#224=PLANE('',#4405);
#225=PLANE('',#4406);
#226=PLANE('',#4421);
#227=PLANE('',#4422);
#228=PLANE('',#4423);
#229=PLANE('',#4427);
#230=PLANE('',#4428);
#231=PLANE('',#4444);
#232=PLANE('',#4448);
#233=PLANE('',#4455);
#234=PLANE('',#4456);
#235=PLANE('',#4457);
#236=PLANE('',#4458);
#237=PLANE('',#4459);
#238=PLANE('',#4460);
#239=PLANE('',#4464);
#240=PLANE('',#4465);
#241=PLANE('',#4482);
#242=PLANE('',#4483);
#243=PLANE('',#4484);
#244=PLANE('',#4489);
#245=PLANE('',#4501);
#246=PLANE('',#4502);
#247=PLANE('',#4507);
#248=PLANE('',#4508);
#249=PLANE('',#4510);
#250=PLANE('',#4512);
#251=PLANE('',#4513);
#252=PLANE('',#4515);
#253=PLANE('',#4516);
#254=PLANE('',#4518);
#255=PLANE('',#4519);
#256=PLANE('',#4522);
#257=PLANE('',#4523);
#258=PLANE('',#4529);
#259=PLANE('',#4531);
#260=PLANE('',#4532);
#261=PLANE('',#4534);
#262=PLANE('',#4535);
#263=PLANE('',#4537);
#264=PLANE('',#4541);
#265=PLANE('',#4542);
#266=PLANE('',#4543);
#267=PLANE('',#4544);
#268=PLANE('',#4549);
#269=PLANE('',#4550);
#270=PLANE('',#4559);
#271=PLANE('',#4562);
#272=PLANE('',#4565);
#273=PLANE('',#4569);
#274=PLANE('',#4572);
#275=PLANE('',#4575);
#276=PLANE('',#4580);
#277=PLANE('',#4585);
#278=PLANE('',#4586);
#279=PLANE('',#4599);
#280=PLANE('',#4601);
#281=PLANE('',#4604);
#282=PLANE('',#4607);
#283=PLANE('',#4609);
#284=PLANE('',#4611);
#285=PLANE('',#4612);
#286=PLANE('',#4616);
#287=PLANE('',#4618);
#288=PLANE('',#4620);
#289=PLANE('',#4623);
#290=PLANE('',#4625);
#291=PLANE('',#4629);
#292=PLANE('',#4632);
#293=PLANE('',#4635);
#294=PLANE('',#4637);
#295=PLANE('',#4663);
#296=PLANE('',#4676);
#297=PLANE('',#4682);
#298=PLANE('',#4683);
#299=PLANE('',#4684);
#300=PLANE('',#4687);
#301=PLANE('',#4688);
#302=PLANE('',#4689);
#303=PLANE('',#4690);
#304=PLANE('',#4692);
#305=PLANE('',#4695);
#306=PLANE('',#4696);
#307=PLANE('',#4697);
#308=PLANE('',#4698);
#309=PLANE('',#4699);
#310=PLANE('',#4700);
#311=PLANE('',#4701);
#312=PLANE('',#4702);
#313=PLANE('',#4703);
#314=PLANE('',#4704);
#315=PLANE('',#4705);
#316=PLANE('',#4706);
#317=PLANE('',#4707);
#318=PLANE('',#4708);
#319=PLANE('',#4709);
#320=PLANE('',#4711);
#321=PLANE('',#4712);
#322=PLANE('',#4713);
#323=PLANE('',#4714);
#324=PLANE('',#4715);
#325=PLANE('',#4716);
#326=PLANE('',#4718);
#327=PLANE('',#4719);
#328=PLANE('',#4720);
#329=PLANE('',#4721);
#330=PLANE('',#4722);
#331=PLANE('',#4724);
#332=PLANE('',#4725);
#333=PLANE('',#4726);
#334=PLANE('',#4739);
#335=PLANE('',#4740);
#336=PLANE('',#4741);
#337=PLANE('',#4742);
#338=PLANE('',#4743);
#339=PLANE('',#4799);
#340=PLANE('',#4800);
#341=PLANE('',#4801);
#342=PLANE('',#4802);
#343=PLANE('',#4803);
#344=PLANE('',#4804);
#345=PLANE('',#4805);
#346=LINE('',#6064,#735);
#347=LINE('',#6068,#736);
#348=LINE('',#6073,#737);
#349=LINE('',#6077,#738);
#350=LINE('',#6079,#739);
#351=LINE('',#6082,#740);
#352=LINE('',#6084,#741);
#353=LINE('',#6086,#742);
#354=LINE('',#6088,#743);
#355=LINE('',#6090,#744);
#356=LINE('',#6092,#745);
#357=LINE('',#6095,#746);
#358=LINE('',#6097,#747);
#359=LINE('',#6099,#748);
#360=LINE('',#6101,#749);
#361=LINE('',#6103,#750);
#362=LINE('',#6105,#751);
#363=LINE('',#6106,#752);
#364=LINE('',#6138,#753);
#365=LINE('',#6145,#754);
#366=LINE('',#6149,#755);
#367=LINE('',#6154,#756);
#368=LINE('',#6158,#757);
#369=LINE('',#6160,#758);
#370=LINE('',#6163,#759);
#371=LINE('',#6165,#760);
#372=LINE('',#6167,#761);
#373=LINE('',#6169,#762);
#374=LINE('',#6171,#763);
#375=LINE('',#6173,#764);
#376=LINE('',#6176,#765);
#377=LINE('',#6178,#766);
#378=LINE('',#6180,#767);
#379=LINE('',#6182,#768);
#380=LINE('',#6184,#769);
#381=LINE('',#6204,#770);
#382=LINE('',#6205,#771);
#383=LINE('',#6207,#772);
#384=LINE('',#6208,#773);
#385=LINE('',#6210,#774);
#386=LINE('',#6213,#775);
#387=LINE('',#6215,#776);
#388=LINE('',#6217,#777);
#389=LINE('',#6219,#778);
#390=LINE('',#6221,#779);
#391=LINE('',#6223,#780);
#392=LINE('',#6226,#781);
#393=LINE('',#6228,#782);
#394=LINE('',#6230,#783);
#395=LINE('',#6232,#784);
#396=LINE('',#6234,#785);
#397=LINE('',#6256,#786);
#398=LINE('',#6266,#787);
#399=LINE('',#6274,#788);
#400=LINE('',#6281,#789);
#401=LINE('',#6283,#790);
#402=LINE('',#6288,#791);
#403=LINE('',#6295,#792);
#404=LINE('',#6303,#793);
#405=LINE('',#6313,#794);
#406=LINE('',#6314,#795);
#407=LINE('',#6316,#796);
#408=LINE('',#6317,#797);
#409=LINE('',#6319,#798);
#410=LINE('',#6321,#799);
#411=LINE('',#6323,#800);
#412=LINE('',#6325,#801);
#413=LINE('',#6326,#802);
#414=LINE('',#6328,#803);
#415=LINE('',#6330,#804);
#416=LINE('',#6332,#805);
#417=LINE('',#6334,#806);
#418=LINE('',#6336,#807);
#419=LINE('',#6338,#808);
#420=LINE('',#6340,#809);
#421=LINE('',#6342,#810);
#422=LINE('',#6344,#811);
#423=LINE('',#6346,#812);
#424=LINE('',#6348,#813);
#425=LINE('',#6359,#814);
#426=LINE('',#6363,#815);
#427=LINE('',#6365,#816);
#428=LINE('',#6367,#817);
#429=LINE('',#6375,#818);
#430=LINE('',#6377,#819);
#431=LINE('',#6379,#820);
#432=LINE('',#6386,#821);
#433=LINE('',#6394,#822);
#434=LINE('',#6401,#823);
#435=LINE('',#6405,#824);
#436=LINE('',#6460,#825);
#437=LINE('',#6464,#826);
#438=LINE('',#6468,#827);
#439=LINE('',#6470,#828);
#440=LINE('',#6472,#829);
#441=LINE('',#6479,#830);
#442=LINE('',#6487,#831);
#443=LINE('',#6514,#832);
#444=LINE('',#6522,#833);
#445=LINE('',#6529,#834);
#446=LINE('',#6534,#835);
#447=LINE('',#6586,#836);
#448=LINE('',#6591,#837);
#449=LINE('',#6595,#838);
#450=LINE('',#6597,#839);
#451=LINE('',#6599,#840);
#452=LINE('',#6601,#841);
#453=LINE('',#6608,#842);
#454=LINE('',#6612,#843);
#455=LINE('',#6614,#844);
#456=LINE('',#6616,#845);
#457=LINE('',#6618,#846);
#458=LINE('',#6622,#847);
#459=LINE('',#6624,#848);
#460=LINE('',#6629,#849);
#461=LINE('',#6633,#850);
#462=LINE('',#6636,#851);
#463=LINE('',#6638,#852);
#464=LINE('',#6640,#853);
#465=LINE('',#6642,#854);
#466=LINE('',#6645,#855);
#467=LINE('',#6647,#856);
#468=LINE('',#6649,#857);
#469=LINE('',#6651,#858);
#470=LINE('',#6654,#859);
#471=LINE('',#6656,#860);
#472=LINE('',#6658,#861);
#473=LINE('',#6660,#862);
#474=LINE('',#6663,#863);
#475=LINE('',#6665,#864);
#476=LINE('',#6667,#865);
#477=LINE('',#6669,#866);
#478=LINE('',#6672,#867);
#479=LINE('',#6674,#868);
#480=LINE('',#6676,#869);
#481=LINE('',#6678,#870);
#482=LINE('',#6681,#871);
#483=LINE('',#6683,#872);
#484=LINE('',#6685,#873);
#485=LINE('',#6691,#874);
#486=LINE('',#6693,#875);
#487=LINE('',#6696,#876);
#488=LINE('',#6698,#877);
#489=LINE('',#6700,#878);
#490=LINE('',#6702,#879);
#491=LINE('',#6705,#880);
#492=LINE('',#6707,#881);
#493=LINE('',#6709,#882);
#494=LINE('',#6715,#883);
#495=LINE('',#6719,#884);
#496=LINE('',#6720,#885);
#497=LINE('',#6728,#886);
#498=LINE('',#6733,#887);
#499=LINE('',#6737,#888);
#500=LINE('',#6738,#889);
#501=LINE('',#6745,#890);
#502=LINE('',#6753,#891);
#503=LINE('',#6757,#892);
#504=LINE('',#6758,#893);
#505=LINE('',#6760,#894);
#506=LINE('',#6763,#895);
#507=LINE('',#6765,#896);
#508=LINE('',#6767,#897);
#509=LINE('',#6769,#898);
#510=LINE('',#6772,#899);
#511=LINE('',#6773,#900);
#512=LINE('',#6775,#901);
#513=LINE('',#6778,#902);
#514=LINE('',#6779,#903);
#515=LINE('',#6785,#904);
#516=LINE('',#6786,#905);
#517=LINE('',#6790,#906);
#518=LINE('',#6794,#907);
#519=LINE('',#6795,#908);
#520=LINE('',#6797,#909);
#521=LINE('',#6798,#910);
#522=LINE('',#6800,#911);
#523=LINE('',#6804,#912);
#524=LINE('',#6805,#913);
#525=LINE('',#6814,#914);
#526=LINE('',#6818,#915);
#527=LINE('',#6828,#916);
#528=LINE('',#6831,#917);
#529=LINE('',#6833,#918);
#530=LINE('',#6836,#919);
#531=LINE('',#6838,#920);
#532=LINE('',#6840,#921);
#533=LINE('',#6842,#922);
#534=LINE('',#6843,#923);
#535=LINE('',#6847,#924);
#536=LINE('',#6849,#925);
#537=LINE('',#6851,#926);
#538=LINE('',#6854,#927);
#539=LINE('',#6858,#928);
#540=LINE('',#6860,#929);
#541=LINE('',#6862,#930);
#542=LINE('',#6864,#931);
#543=LINE('',#6867,#932);
#544=LINE('',#6868,#933);
#545=LINE('',#6869,#934);
#546=LINE('',#6871,#935);
#547=LINE('',#6875,#936);
#548=LINE('',#6878,#937);
#549=LINE('',#6879,#938);
#550=LINE('',#6880,#939);
#551=LINE('',#6882,#940);
#552=LINE('',#6886,#941);
#553=LINE('',#6888,#942);
#554=LINE('',#6890,#943);
#555=LINE('',#6892,#944);
#556=LINE('',#6893,#945);
#557=LINE('',#6897,#946);
#558=LINE('',#6898,#947);
#559=LINE('',#6900,#948);
#560=LINE('',#6901,#949);
#561=LINE('',#6902,#950);
#562=LINE('',#6904,#951);
#563=LINE('',#6906,#952);
#564=LINE('',#6908,#953);
#565=LINE('',#6911,#954);
#566=LINE('',#6912,#955);
#567=LINE('',#6914,#956);
#568=LINE('',#6918,#957);
#569=LINE('',#6920,#958);
#570=LINE('',#6922,#959);
#571=LINE('',#6924,#960);
#572=LINE('',#6925,#961);
#573=LINE('',#6929,#962);
#574=LINE('',#6930,#963);
#575=LINE('',#6932,#964);
#576=LINE('',#6933,#965);
#577=LINE('',#6937,#966);
#578=LINE('',#6939,#967);
#579=LINE('',#6941,#968);
#580=LINE('',#6943,#969);
#581=LINE('',#6957,#970);
#582=LINE('',#6959,#971);
#583=LINE('',#6964,#972);
#584=LINE('',#6966,#973);
#585=LINE('',#6971,#974);
#586=LINE('',#6973,#975);
#587=LINE('',#6974,#976);
#588=LINE('',#6976,#977);
#589=LINE('',#6980,#978);
#590=LINE('',#6984,#979);
#591=LINE('',#6986,#980);
#592=LINE('',#6988,#981);
#593=LINE('',#6990,#982);
#594=LINE('',#6992,#983);
#595=LINE('',#6994,#984);
#596=LINE('',#6996,#985);
#597=LINE('',#6998,#986);
#598=LINE('',#7000,#987);
#599=LINE('',#7001,#988);
#600=LINE('',#7007,#989);
#601=LINE('',#7008,#990);
#602=LINE('',#7010,#991);
#603=LINE('',#7012,#992);
#604=LINE('',#7013,#993);
#605=LINE('',#7014,#994);
#606=LINE('',#7015,#995);
#607=LINE('',#7016,#996);
#608=LINE('',#7017,#997);
#609=LINE('',#7018,#998);
#610=LINE('',#7021,#999);
#611=LINE('',#7023,#1000);
#612=LINE('',#7025,#1001);
#613=LINE('',#7027,#1002);
#614=LINE('',#7030,#1003);
#615=LINE('',#7032,#1004);
#616=LINE('',#7034,#1005);
#617=LINE('',#7041,#1006);
#618=LINE('',#7045,#1007);
#619=LINE('',#7053,#1008);
#620=LINE('',#7056,#1009);
#621=LINE('',#7058,#1010);
#622=LINE('',#7059,#1011);
#623=LINE('',#7063,#1012);
#624=LINE('',#7067,#1013);
#625=LINE('',#7069,#1014);
#626=LINE('',#7071,#1015);
#627=LINE('',#7076,#1016);
#628=LINE('',#7080,#1017);
#629=LINE('',#7081,#1018);
#630=LINE('',#7083,#1019);
#631=LINE('',#7087,#1020);
#632=LINE('',#7090,#1021);
#633=LINE('',#7092,#1022);
#634=LINE('',#7093,#1023);
#635=LINE('',#7097,#1024);
#636=LINE('',#7101,#1025);
#637=LINE('',#7103,#1026);
#638=LINE('',#7112,#1027);
#639=LINE('',#7119,#1028);
#640=LINE('',#7126,#1029);
#641=LINE('',#7127,#1030);
#642=LINE('',#7129,#1031);
#643=LINE('',#7130,#1032);
#644=LINE('',#7145,#1033);
#645=LINE('',#7147,#1034);
#646=LINE('',#7149,#1035);
#647=LINE('',#7153,#1036);
#648=LINE('',#7156,#1037);
#649=LINE('',#7163,#1038);
#650=LINE('',#7167,#1039);
#651=LINE('',#7169,#1040);
#652=LINE('',#7171,#1041);
#653=LINE('',#7173,#1042);
#654=LINE('',#7176,#1043);
#655=LINE('',#7177,#1044);
#656=LINE('',#7183,#1045);
#657=LINE('',#7184,#1046);
#658=LINE('',#7186,#1047);
#659=LINE('',#7190,#1048);
#660=LINE('',#7192,#1049);
#661=LINE('',#7197,#1050);
#662=LINE('',#7200,#1051);
#663=LINE('',#7206,#1052);
#664=LINE('',#7208,#1053);
#665=LINE('',#7219,#1054);
#666=LINE('',#7221,#1055);
#667=LINE('',#7224,#1056);
#668=LINE('',#7233,#1057);
#669=LINE('',#7236,#1058);
#670=LINE('',#7242,#1059);
#671=LINE('',#7245,#1060);
#672=LINE('',#7252,#1061);
#673=LINE('',#7428,#1062);
#674=LINE('',#7429,#1063);
#675=LINE('',#7431,#1064);
#676=LINE('',#7432,#1065);
#677=LINE('',#7434,#1066);
#678=LINE('',#7435,#1067);
#679=LINE('',#7438,#1068);
#680=LINE('',#7439,#1069);
#681=LINE('',#7441,#1070);
#682=LINE('',#7444,#1071);
#683=LINE('',#7445,#1072);
#684=LINE('',#7446,#1073);
#685=LINE('',#7449,#1074);
#686=LINE('',#7450,#1075);
#687=LINE('',#7452,#1076);
#688=LINE('',#7455,#1077);
#689=LINE('',#7456,#1078);
#690=LINE('',#7457,#1079);
#691=LINE('',#7460,#1080);
#692=LINE('',#7461,#1081);
#693=LINE('',#7463,#1082);
#694=LINE('',#7466,#1083);
#695=LINE('',#7467,#1084);
#696=LINE('',#7469,#1085);
#697=LINE('',#7471,#1086);
#698=LINE('',#7472,#1087);
#699=LINE('',#7474,#1088);
#700=LINE('',#7475,#1089);
#701=LINE('',#7476,#1090);
#702=LINE('',#7479,#1091);
#703=LINE('',#7480,#1092);
#704=LINE('',#7483,#1093);
#705=LINE('',#7484,#1094);
#706=LINE('',#7485,#1095);
#707=LINE('',#7486,#1096);
#708=LINE('',#7489,#1097);
#709=LINE('',#7490,#1098);
#710=LINE('',#7493,#1099);
#711=LINE('',#7494,#1100);
#712=LINE('',#7495,#1101);
#713=LINE('',#7498,#1102);
#714=LINE('',#7500,#1103);
#715=LINE('',#7502,#1104);
#716=LINE('',#7505,#1105);
#717=LINE('',#7507,#1106);
#718=LINE('',#7512,#1107);
#719=LINE('',#7514,#1108);
#720=LINE('',#7517,#1109);
#721=LINE('',#7519,#1110);
#722=LINE('',#7521,#1111);
#723=LINE('',#7523,#1112);
#724=LINE('',#7527,#1113);
#725=LINE('',#7529,#1114);
#726=LINE('',#7532,#1115);
#727=LINE('',#7534,#1116);
#728=LINE('',#7539,#1117);
#729=LINE('',#7541,#1118);
#730=LINE('',#7548,#1119);
#731=LINE('',#7550,#1120);
#732=LINE('',#7556,#1121);
#733=LINE('',#7558,#1122);
#734=LINE('',#7595,#1123);
#735=VECTOR('',#4812,1.);
#736=VECTOR('',#4815,1.);
#737=VECTOR('',#4820,1.);
#738=VECTOR('',#4823,1.);
#739=VECTOR('',#4826,1.);
#740=VECTOR('',#4827,1.);
#741=VECTOR('',#4828,1.);
#742=VECTOR('',#4829,1.);
#743=VECTOR('',#4830,1.);
#744=VECTOR('',#4831,1.);
#745=VECTOR('',#4834,1.);
#746=VECTOR('',#4835,1.);
#747=VECTOR('',#4836,1.);
#748=VECTOR('',#4837,1.);
#749=VECTOR('',#4838,1.);
#750=VECTOR('',#4839,1.);
#751=VECTOR('',#4842,1.);
#752=VECTOR('',#4843,1.);
#753=VECTOR('',#4844,1.);
#754=VECTOR('',#4851,1.);
#755=VECTOR('',#4854,1.);
#756=VECTOR('',#4859,1.);
#757=VECTOR('',#4862,1.);
#758=VECTOR('',#4865,1.);
#759=VECTOR('',#4866,1.);
#760=VECTOR('',#4867,1.);
#761=VECTOR('',#4868,1.);
#762=VECTOR('',#4869,1.);
#763=VECTOR('',#4870,1.);
#764=VECTOR('',#4873,1.);
#765=VECTOR('',#4874,1.);
#766=VECTOR('',#4875,1.);
#767=VECTOR('',#4876,1.);
#768=VECTOR('',#4877,1.);
#769=VECTOR('',#4878,1.);
#770=VECTOR('',#4901,1.);
#771=VECTOR('',#4902,1.);
#772=VECTOR('',#4905,1.);
#773=VECTOR('',#4906,1.);
#774=VECTOR('',#4909,1.);
#775=VECTOR('',#4910,1.);
#776=VECTOR('',#4911,1.);
#777=VECTOR('',#4912,1.);
#778=VECTOR('',#4913,1.);
#779=VECTOR('',#4914,1.);
#780=VECTOR('',#4917,1.);
#781=VECTOR('',#4918,1.);
#782=VECTOR('',#4919,1.);
#783=VECTOR('',#4920,1.);
#784=VECTOR('',#4921,1.);
#785=VECTOR('',#4922,1.);
#786=VECTOR('',#4947,1.);
#787=VECTOR('',#4948,1.);
#788=VECTOR('',#4949,1.);
#789=VECTOR('',#4950,1.);
#790=VECTOR('',#4953,1.);
#791=VECTOR('',#4956,1.);
#792=VECTOR('',#4957,1.);
#793=VECTOR('',#4958,1.);
#794=VECTOR('',#4961,1.);
#795=VECTOR('',#4962,1.);
#796=VECTOR('',#4965,1.);
#797=VECTOR('',#4966,1.);
#798=VECTOR('',#4969,1.);
#799=VECTOR('',#4970,1.);
#800=VECTOR('',#4971,1.);
#801=VECTOR('',#4972,1.);
#802=VECTOR('',#4973,1.);
#803=VECTOR('',#4974,1.);
#804=VECTOR('',#4975,1.);
#805=VECTOR('',#4976,1.);
#806=VECTOR('',#4977,1.);
#807=VECTOR('',#4978,1.);
#808=VECTOR('',#4979,1.);
#809=VECTOR('',#4980,1.);
#810=VECTOR('',#4981,1.);
#811=VECTOR('',#4982,1.);
#812=VECTOR('',#4983,1.);
#813=VECTOR('',#4984,1.);
#814=VECTOR('',#4989,1.);
#815=VECTOR('',#4992,1.);
#816=VECTOR('',#4993,1.);
#817=VECTOR('',#4994,1.);
#818=VECTOR('',#4997,1.);
#819=VECTOR('',#4998,1.);
#820=VECTOR('',#4999,1.);
#821=VECTOR('',#5000,1.);
#822=VECTOR('',#5003,1.);
#823=VECTOR('',#5004,1.);
#824=VECTOR('',#5007,1.);
#825=VECTOR('',#5018,1.);
#826=VECTOR('',#5021,1.);
#827=VECTOR('',#5024,1.);
#828=VECTOR('',#5025,1.);
#829=VECTOR('',#5026,1.);
#830=VECTOR('',#5027,1.);
#831=VECTOR('',#5028,1.);
#832=VECTOR('',#5031,1.);
#833=VECTOR('',#5032,1.);
#834=VECTOR('',#5033,1.);
#835=VECTOR('',#5038,1.);
#836=VECTOR('',#5049,1.);
#837=VECTOR('',#5052,1.);
#838=VECTOR('',#5055,1.);
#839=VECTOR('',#5056,1.);
#840=VECTOR('',#5057,1.);
#841=VECTOR('',#5058,1.);
#842=VECTOR('',#5065,1.);
#843=VECTOR('',#5068,1.);
#844=VECTOR('',#5069,1.);
#845=VECTOR('',#5070,1.);
#846=VECTOR('',#5071,1.);
#847=VECTOR('',#5074,1.);
#848=VECTOR('',#5077,1.);
#849=VECTOR('',#5080,1.);
#850=VECTOR('',#5085,1.);
#851=VECTOR('',#5086,1.);
#852=VECTOR('',#5087,1.);
#853=VECTOR('',#5088,1.);
#854=VECTOR('',#5091,1.);
#855=VECTOR('',#5092,1.);
#856=VECTOR('',#5093,1.);
#857=VECTOR('',#5094,1.);
#858=VECTOR('',#5097,1.);
#859=VECTOR('',#5098,1.);
#860=VECTOR('',#5099,1.);
#861=VECTOR('',#5100,1.);
#862=VECTOR('',#5103,1.);
#863=VECTOR('',#5104,1.);
#864=VECTOR('',#5105,1.);
#865=VECTOR('',#5106,1.);
#866=VECTOR('',#5109,1.);
#867=VECTOR('',#5110,1.);
#868=VECTOR('',#5111,1.);
#869=VECTOR('',#5112,1.);
#870=VECTOR('',#5115,1.);
#871=VECTOR('',#5116,1.);
#872=VECTOR('',#5117,1.);
#873=VECTOR('',#5118,1.);
#874=VECTOR('',#5125,1.);
#875=VECTOR('',#5128,1.);
#876=VECTOR('',#5129,1.);
#877=VECTOR('',#5130,1.);
#878=VECTOR('',#5131,1.);
#879=VECTOR('',#5134,1.);
#880=VECTOR('',#5135,1.);
#881=VECTOR('',#5136,1.);
#882=VECTOR('',#5137,1.);
#883=VECTOR('',#5144,1.);
#884=VECTOR('',#5147,1.);
#885=VECTOR('',#5148,1.);
#886=VECTOR('',#5151,1.);
#887=VECTOR('',#5156,1.);
#888=VECTOR('',#5159,1.);
#889=VECTOR('',#5160,1.);
#890=VECTOR('',#5167,1.);
#891=VECTOR('',#5176,1.);
#892=VECTOR('',#5179,1.);
#893=VECTOR('',#5180,1.);
#894=VECTOR('',#5183,1.);
#895=VECTOR('',#5184,1.);
#896=VECTOR('',#5185,1.);
#897=VECTOR('',#5186,1.);
#898=VECTOR('',#5189,1.);
#899=VECTOR('',#5190,1.);
#900=VECTOR('',#5191,1.);
#901=VECTOR('',#5194,1.);
#902=VECTOR('',#5195,1.);
#903=VECTOR('',#5196,1.);
#904=VECTOR('',#5203,1.);
#905=VECTOR('',#5204,1.);
#906=VECTOR('',#5207,1.);
#907=VECTOR('',#5212,1.);
#908=VECTOR('',#5213,1.);
#909=VECTOR('',#5214,1.);
#910=VECTOR('',#5215,1.);
#911=VECTOR('',#5216,1.);
#912=VECTOR('',#5219,1.);
#913=VECTOR('',#5220,1.);
#914=VECTOR('',#5225,1.);
#915=VECTOR('',#5228,1.);
#916=VECTOR('',#5239,1.);
#917=VECTOR('',#5242,1.);
#918=VECTOR('',#5245,1.);
#919=VECTOR('',#5246,1.);
#920=VECTOR('',#5247,1.);
#921=VECTOR('',#5248,1.);
#922=VECTOR('',#5251,1.);
#923=VECTOR('',#5252,1.);
#924=VECTOR('',#5255,1.);
#925=VECTOR('',#5258,1.);
#926=VECTOR('',#5259,1.);
#927=VECTOR('',#5262,1.);
#928=VECTOR('',#5265,1.);
#929=VECTOR('',#5268,1.);
#930=VECTOR('',#5269,1.);
#931=VECTOR('',#5272,1.);
#932=VECTOR('',#5273,1.);
#933=VECTOR('',#5274,1.);
#934=VECTOR('',#5275,1.);
#935=VECTOR('',#5276,1.);
#936=VECTOR('',#5281,1.);
#937=VECTOR('',#5282,1.);
#938=VECTOR('',#5283,1.);
#939=VECTOR('',#5284,1.);
#940=VECTOR('',#5285,1.);
#941=VECTOR('',#5290,1.);
#942=VECTOR('',#5291,1.);
#943=VECTOR('',#5292,1.);
#944=VECTOR('',#5295,1.);
#945=VECTOR('',#5296,1.);
#946=VECTOR('',#5299,1.);
#947=VECTOR('',#5300,1.);
#948=VECTOR('',#5301,1.);
#949=VECTOR('',#5302,1.);
#950=VECTOR('',#5303,1.);
#951=VECTOR('',#5306,1.);
#952=VECTOR('',#5307,1.);
#953=VECTOR('',#5310,1.);
#954=VECTOR('',#5311,1.);
#955=VECTOR('',#5312,1.);
#956=VECTOR('',#5313,1.);
#957=VECTOR('',#5318,1.);
#958=VECTOR('',#5319,1.);
#959=VECTOR('',#5320,1.);
#960=VECTOR('',#5323,1.);
#961=VECTOR('',#5324,1.);
#962=VECTOR('',#5327,1.);
#963=VECTOR('',#5328,1.);
#964=VECTOR('',#5329,1.);
#965=VECTOR('',#5330,1.);
#966=VECTOR('',#5333,1.);
#967=VECTOR('',#5336,1.);
#968=VECTOR('',#5337,1.);
#969=VECTOR('',#5340,1.);
#970=VECTOR('',#5355,1.);
#971=VECTOR('',#5358,1.);
#972=VECTOR('',#5363,1.);
#973=VECTOR('',#5366,1.);
#974=VECTOR('',#5371,1.);
#975=VECTOR('',#5374,1.);
#976=VECTOR('',#5375,1.);
#977=VECTOR('',#5378,1.);
#978=VECTOR('',#5381,1.);
#979=VECTOR('',#5386,1.);
#980=VECTOR('',#5387,1.);
#981=VECTOR('',#5390,1.);
#982=VECTOR('',#5391,1.);
#983=VECTOR('',#5392,1.);
#984=VECTOR('',#5395,1.);
#985=VECTOR('',#5396,1.);
#986=VECTOR('',#5399,1.);
#987=VECTOR('',#5400,1.);
#988=VECTOR('',#5401,1.);
#989=VECTOR('',#5412,1.);
#990=VECTOR('',#5413,1.);
#991=VECTOR('',#5414,1.);
#992=VECTOR('',#5415,1.);
#993=VECTOR('',#5416,1.);
#994=VECTOR('',#5417,1.);
#995=VECTOR('',#5418,1.);
#996=VECTOR('',#5419,1.);
#997=VECTOR('',#5420,1.);
#998=VECTOR('',#5421,1.);
#999=VECTOR('',#5422,1.);
#1000=VECTOR('',#5423,1.);
#1001=VECTOR('',#5424,1.);
#1002=VECTOR('',#5427,1.);
#1003=VECTOR('',#5428,1.);
#1004=VECTOR('',#5429,1.);
#1005=VECTOR('',#5430,1.);
#1006=VECTOR('',#5441,1.);
#1007=VECTOR('',#5444,1.);
#1008=VECTOR('',#5457,1.);
#1009=VECTOR('',#5458,1.);
#1010=VECTOR('',#5459,1.);
#1011=VECTOR('',#5460,1.);
#1012=VECTOR('',#5463,1.);
#1013=VECTOR('',#5466,1.);
#1014=VECTOR('',#5467,1.);
#1015=VECTOR('',#5470,1.);
#1016=VECTOR('',#5473,1.);
#1017=VECTOR('',#5476,1.);
#1018=VECTOR('',#5477,1.);
#1019=VECTOR('',#5478,1.);
#1020=VECTOR('',#5483,1.);
#1021=VECTOR('',#5484,1.);
#1022=VECTOR('',#5485,1.);
#1023=VECTOR('',#5486,1.);
#1024=VECTOR('',#5489,1.);
#1025=VECTOR('',#5492,1.);
#1026=VECTOR('',#5493,1.);
#1027=VECTOR('',#5506,1.);
#1028=VECTOR('',#5515,1.);
#1029=VECTOR('',#5524,1.);
#1030=VECTOR('',#5525,1.);
#1031=VECTOR('',#5528,1.);
#1032=VECTOR('',#5529,1.);
#1033=VECTOR('',#5558,1.);
#1034=VECTOR('',#5559,1.);
#1035=VECTOR('',#5560,1.);
#1036=VECTOR('',#5565,1.);
#1037=VECTOR('',#5570,1.);
#1038=VECTOR('',#5581,1.);
#1039=VECTOR('',#5584,1.);
#1040=VECTOR('',#5585,1.);
#1041=VECTOR('',#5586,1.);
#1042=VECTOR('',#5589,1.);
#1043=VECTOR('',#5590,1.);
#1044=VECTOR('',#5591,1.);
#1045=VECTOR('',#5598,1.);
#1046=VECTOR('',#5599,1.);
#1047=VECTOR('',#5600,1.);
#1048=VECTOR('',#5603,1.);
#1049=VECTOR('',#5606,1.);
#1050=VECTOR('',#5607,1.);
#1051=VECTOR('',#5612,1.);
#1052=VECTOR('',#5613,1.);
#1053=VECTOR('',#5614,1.);
#1054=VECTOR('',#5625,1.);
#1055=VECTOR('',#5628,1.);
#1056=VECTOR('',#5633,1.);
#1057=VECTOR('',#5640,1.);
#1058=VECTOR('',#5645,1.);
#1059=VECTOR('',#5646,1.);
#1060=VECTOR('',#5651,1.);
#1061=VECTOR('',#5654,1.);
#1062=VECTOR('',#5725,1.);
#1063=VECTOR('',#5726,1.);
#1064=VECTOR('',#5727,1.);
#1065=VECTOR('',#5728,1.);
#1066=VECTOR('',#5729,1.);
#1067=VECTOR('',#5730,1.);
#1068=VECTOR('',#5731,1.);
#1069=VECTOR('',#5732,1.);
#1070=VECTOR('',#5733,1.);
#1071=VECTOR('',#5738,1.);
#1072=VECTOR('',#5739,1.);
#1073=VECTOR('',#5740,1.);
#1074=VECTOR('',#5741,1.);
#1075=VECTOR('',#5742,1.);
#1076=VECTOR('',#5743,1.);
#1077=VECTOR('',#5748,1.);
#1078=VECTOR('',#5749,1.);
#1079=VECTOR('',#5750,1.);
#1080=VECTOR('',#5751,1.);
#1081=VECTOR('',#5752,1.);
#1082=VECTOR('',#5753,1.);
#1083=VECTOR('',#5758,1.);
#1084=VECTOR('',#5759,1.);
#1085=VECTOR('',#5762,1.);
#1086=VECTOR('',#5763,1.);
#1087=VECTOR('',#5764,1.);
#1088=VECTOR('',#5765,1.);
#1089=VECTOR('',#5766,1.);
#1090=VECTOR('',#5767,1.);
#1091=VECTOR('',#5770,1.);
#1092=VECTOR('',#5771,1.);
#1093=VECTOR('',#5774,1.);
#1094=VECTOR('',#5775,1.);
#1095=VECTOR('',#5776,1.);
#1096=VECTOR('',#5777,1.);
#1097=VECTOR('',#5780,1.);
#1098=VECTOR('',#5781,1.);
#1099=VECTOR('',#5784,1.);
#1100=VECTOR('',#5785,1.);
#1101=VECTOR('',#5786,1.);
#1102=VECTOR('',#5789,1.);
#1103=VECTOR('',#5792,1.);
#1104=VECTOR('',#5795,1.);
#1105=VECTOR('',#5800,1.);
#1106=VECTOR('',#5803,1.);
#1107=VECTOR('',#5812,1.);
#1108=VECTOR('',#5815,1.);
#1109=VECTOR('',#5820,1.);
#1110=VECTOR('',#5823,1.);
#1111=VECTOR('',#5826,1.);
#1112=VECTOR('',#5829,1.);
#1113=VECTOR('',#5836,1.);
#1114=VECTOR('',#5839,1.);
#1115=VECTOR('',#5844,1.);
#1116=VECTOR('',#5847,1.);
#1117=VECTOR('',#5856,1.);
#1118=VECTOR('',#5859,1.);
#1119=VECTOR('',#5872,1.);
#1120=VECTOR('',#5875,1.);
#1121=VECTOR('',#5886,1.);
#1122=VECTOR('',#5889,1.);
#1123=VECTOR('',#5954,1.);
#1124=ORIENTED_EDGE('',*,*,#2404,.F.);
#1125=ORIENTED_EDGE('',*,*,#2405,.T.);
#1126=ORIENTED_EDGE('',*,*,#2406,.T.);
#1127=ORIENTED_EDGE('',*,*,#2407,.T.);
#1128=ORIENTED_EDGE('',*,*,#2408,.F.);
#1129=ORIENTED_EDGE('',*,*,#2409,.F.);
#1130=ORIENTED_EDGE('',*,*,#2410,.T.);
#1131=ORIENTED_EDGE('',*,*,#2411,.F.);
#1132=ORIENTED_EDGE('',*,*,#2412,.F.);
#1133=ORIENTED_EDGE('',*,*,#2413,.F.);
#1134=ORIENTED_EDGE('',*,*,#2414,.F.);
#1135=ORIENTED_EDGE('',*,*,#2415,.T.);
#1136=ORIENTED_EDGE('',*,*,#2416,.T.);
#1137=ORIENTED_EDGE('',*,*,#2417,.T.);
#1138=ORIENTED_EDGE('',*,*,#2418,.T.);
#1139=ORIENTED_EDGE('',*,*,#2419,.T.);
#1140=ORIENTED_EDGE('',*,*,#2420,.F.);
#1141=ORIENTED_EDGE('',*,*,#2421,.F.);
#1142=ORIENTED_EDGE('',*,*,#2422,.F.);
#1143=ORIENTED_EDGE('',*,*,#2423,.T.);
#1144=ORIENTED_EDGE('',*,*,#2413,.T.);
#1145=ORIENTED_EDGE('',*,*,#2424,.T.);
#1146=ORIENTED_EDGE('',*,*,#2418,.F.);
#1147=ORIENTED_EDGE('',*,*,#2425,.T.);
#1148=ORIENTED_EDGE('',*,*,#2426,.F.);
#1149=ORIENTED_EDGE('',*,*,#2427,.T.);
#1150=ORIENTED_EDGE('',*,*,#2428,.F.);
#1151=ORIENTED_EDGE('',*,*,#2429,.T.);
#1152=ORIENTED_EDGE('',*,*,#2430,.T.);
#1153=ORIENTED_EDGE('',*,*,#2431,.F.);
#1154=ORIENTED_EDGE('',*,*,#2432,.T.);
#1155=ORIENTED_EDGE('',*,*,#2433,.F.);
#1156=ORIENTED_EDGE('',*,*,#2434,.T.);
#1157=ORIENTED_EDGE('',*,*,#2435,.F.);
#1158=ORIENTED_EDGE('',*,*,#2436,.F.);
#1159=ORIENTED_EDGE('',*,*,#2437,.F.);
#1160=ORIENTED_EDGE('',*,*,#2438,.F.);
#1161=ORIENTED_EDGE('',*,*,#2439,.F.);
#1162=ORIENTED_EDGE('',*,*,#2440,.F.);
#1163=ORIENTED_EDGE('',*,*,#2441,.F.);
#1164=ORIENTED_EDGE('',*,*,#2442,.T.);
#1165=ORIENTED_EDGE('',*,*,#2443,.T.);
#1166=ORIENTED_EDGE('',*,*,#2444,.T.);
#1167=ORIENTED_EDGE('',*,*,#2445,.T.);
#1168=ORIENTED_EDGE('',*,*,#2446,.T.);
#1169=ORIENTED_EDGE('',*,*,#2447,.F.);
#1170=ORIENTED_EDGE('',*,*,#2448,.F.);
#1171=ORIENTED_EDGE('',*,*,#2449,.F.);
#1172=ORIENTED_EDGE('',*,*,#2450,.T.);
#1173=ORIENTED_EDGE('',*,*,#2451,.F.);
#1174=ORIENTED_EDGE('',*,*,#2452,.T.);
#1175=ORIENTED_EDGE('',*,*,#2453,.T.);
#1176=ORIENTED_EDGE('',*,*,#2454,.F.);
#1177=ORIENTED_EDGE('',*,*,#2455,.T.);
#1178=ORIENTED_EDGE('',*,*,#2456,.T.);
#1179=ORIENTED_EDGE('',*,*,#2457,.F.);
#1180=ORIENTED_EDGE('',*,*,#2458,.F.);
#1181=ORIENTED_EDGE('',*,*,#2440,.T.);
#1182=ORIENTED_EDGE('',*,*,#2459,.T.);
#1183=ORIENTED_EDGE('',*,*,#2445,.F.);
#1184=ORIENTED_EDGE('',*,*,#2460,.T.);
#1185=ORIENTED_EDGE('',*,*,#2461,.F.);
#1186=ORIENTED_EDGE('',*,*,#2455,.F.);
#1187=ORIENTED_EDGE('',*,*,#2462,.T.);
#1188=ORIENTED_EDGE('',*,*,#2453,.F.);
#1189=ORIENTED_EDGE('',*,*,#2463,.F.);
#1190=ORIENTED_EDGE('',*,*,#2464,.F.);
#1191=ORIENTED_EDGE('',*,*,#2465,.F.);
#1192=ORIENTED_EDGE('',*,*,#2466,.T.);
#1193=ORIENTED_EDGE('',*,*,#2467,.T.);
#1194=ORIENTED_EDGE('',*,*,#2468,.T.);
#1195=ORIENTED_EDGE('',*,*,#2469,.T.);
#1196=ORIENTED_EDGE('',*,*,#2470,.T.);
#1197=ORIENTED_EDGE('',*,*,#2471,.F.);
#1198=ORIENTED_EDGE('',*,*,#2472,.F.);
#1199=ORIENTED_EDGE('',*,*,#2473,.F.);
#1200=ORIENTED_EDGE('',*,*,#2474,.T.);
#1201=ORIENTED_EDGE('',*,*,#2475,.F.);
#1202=ORIENTED_EDGE('',*,*,#2476,.T.);
#1203=ORIENTED_EDGE('',*,*,#2477,.T.);
#1204=ORIENTED_EDGE('',*,*,#2478,.F.);
#1205=ORIENTED_EDGE('',*,*,#2479,.T.);
#1206=ORIENTED_EDGE('',*,*,#2480,.T.);
#1207=ORIENTED_EDGE('',*,*,#2481,.F.);
#1208=ORIENTED_EDGE('',*,*,#2482,.F.);
#1209=ORIENTED_EDGE('',*,*,#2429,.F.);
#1210=ORIENTED_EDGE('',*,*,#2483,.T.);
#1211=ORIENTED_EDGE('',*,*,#2484,.F.);
#1212=ORIENTED_EDGE('',*,*,#2485,.T.);
#1213=ORIENTED_EDGE('',*,*,#2486,.F.);
#1214=ORIENTED_EDGE('',*,*,#2487,.T.);
#1215=ORIENTED_EDGE('',*,*,#2488,.F.);
#1216=ORIENTED_EDGE('',*,*,#2489,.T.);
#1217=ORIENTED_EDGE('',*,*,#2490,.F.);
#1218=ORIENTED_EDGE('',*,*,#2491,.T.);
#1219=ORIENTED_EDGE('',*,*,#2492,.T.);
#1220=ORIENTED_EDGE('',*,*,#2493,.T.);
#1221=ORIENTED_EDGE('',*,*,#2494,.T.);
#1222=ORIENTED_EDGE('',*,*,#2495,.F.);
#1223=ORIENTED_EDGE('',*,*,#2496,.T.);
#1224=ORIENTED_EDGE('',*,*,#2497,.T.);
#1225=ORIENTED_EDGE('',*,*,#2498,.T.);
#1226=ORIENTED_EDGE('',*,*,#2464,.T.);
#1227=ORIENTED_EDGE('',*,*,#2499,.T.);
#1228=ORIENTED_EDGE('',*,*,#2469,.F.);
#1229=ORIENTED_EDGE('',*,*,#2500,.T.);
#1230=ORIENTED_EDGE('',*,*,#2501,.F.);
#1231=ORIENTED_EDGE('',*,*,#2479,.F.);
#1232=ORIENTED_EDGE('',*,*,#2502,.T.);
#1233=ORIENTED_EDGE('',*,*,#2477,.F.);
#1234=ORIENTED_EDGE('',*,*,#2503,.F.);
#1235=ORIENTED_EDGE('',*,*,#2411,.T.);
#1236=ORIENTED_EDGE('',*,*,#2504,.T.);
#1237=ORIENTED_EDGE('',*,*,#2505,.F.);
#1238=ORIENTED_EDGE('',*,*,#2506,.F.);
#1239=ORIENTED_EDGE('',*,*,#2438,.T.);
#1240=ORIENTED_EDGE('',*,*,#2507,.T.);
#1241=ORIENTED_EDGE('',*,*,#2508,.F.);
#1242=ORIENTED_EDGE('',*,*,#2509,.F.);
#1243=ORIENTED_EDGE('',*,*,#2510,.T.);
#1244=ORIENTED_EDGE('',*,*,#2511,.T.);
#1245=ORIENTED_EDGE('',*,*,#2512,.T.);
#1246=ORIENTED_EDGE('',*,*,#2513,.T.);
#1247=ORIENTED_EDGE('',*,*,#2514,.T.);
#1248=ORIENTED_EDGE('',*,*,#2515,.T.);
#1249=ORIENTED_EDGE('',*,*,#2516,.F.);
#1250=ORIENTED_EDGE('',*,*,#2517,.T.);
#1251=ORIENTED_EDGE('',*,*,#2518,.T.);
#1252=ORIENTED_EDGE('',*,*,#2519,.T.);
#1253=ORIENTED_EDGE('',*,*,#2520,.F.);
#1254=ORIENTED_EDGE('',*,*,#2521,.T.);
#1255=ORIENTED_EDGE('',*,*,#2522,.T.);
#1256=ORIENTED_EDGE('',*,*,#2523,.T.);
#1257=ORIENTED_EDGE('',*,*,#2524,.T.);
#1258=ORIENTED_EDGE('',*,*,#2525,.T.);
#1259=ORIENTED_EDGE('',*,*,#2526,.F.);
#1260=ORIENTED_EDGE('',*,*,#2527,.F.);
#1261=ORIENTED_EDGE('',*,*,#2528,.T.);
#1262=ORIENTED_EDGE('',*,*,#2529,.F.);
#1263=ORIENTED_EDGE('',*,*,#2530,.F.);
#1264=ORIENTED_EDGE('',*,*,#2531,.F.);
#1265=ORIENTED_EDGE('',*,*,#2532,.F.);
#1266=ORIENTED_EDGE('',*,*,#2533,.F.);
#1267=ORIENTED_EDGE('',*,*,#2534,.F.);
#1268=ORIENTED_EDGE('',*,*,#2535,.F.);
#1269=ORIENTED_EDGE('',*,*,#2536,.F.);
#1270=ORIENTED_EDGE('',*,*,#2537,.T.);
#1271=ORIENTED_EDGE('',*,*,#2538,.T.);
#1272=ORIENTED_EDGE('',*,*,#2539,.F.);
#1273=ORIENTED_EDGE('',*,*,#2530,.T.);
#1274=ORIENTED_EDGE('',*,*,#2540,.F.);
#1275=ORIENTED_EDGE('',*,*,#2541,.F.);
#1276=ORIENTED_EDGE('',*,*,#2542,.F.);
#1277=ORIENTED_EDGE('',*,*,#2543,.F.);
#1278=ORIENTED_EDGE('',*,*,#2544,.F.);
#1279=ORIENTED_EDGE('',*,*,#2545,.F.);
#1280=ORIENTED_EDGE('',*,*,#2546,.F.);
#1281=ORIENTED_EDGE('',*,*,#2547,.T.);
#1282=ORIENTED_EDGE('',*,*,#2548,.T.);
#1283=ORIENTED_EDGE('',*,*,#2549,.F.);
#1284=ORIENTED_EDGE('',*,*,#2550,.F.);
#1285=ORIENTED_EDGE('',*,*,#2551,.F.);
#1286=ORIENTED_EDGE('',*,*,#2552,.F.);
#1287=ORIENTED_EDGE('',*,*,#2553,.F.);
#1288=ORIENTED_EDGE('',*,*,#2554,.T.);
#1289=ORIENTED_EDGE('',*,*,#2555,.T.);
#1290=ORIENTED_EDGE('',*,*,#2556,.T.);
#1291=ORIENTED_EDGE('',*,*,#2557,.T.);
#1292=ORIENTED_EDGE('',*,*,#2558,.T.);
#1293=ORIENTED_EDGE('',*,*,#2536,.T.);
#1294=ORIENTED_EDGE('',*,*,#2559,.F.);
#1295=ORIENTED_EDGE('',*,*,#2538,.F.);
#1296=ORIENTED_EDGE('',*,*,#2560,.T.);
#1297=ORIENTED_EDGE('',*,*,#2561,.F.);
#1298=ORIENTED_EDGE('',*,*,#2562,.T.);
#1299=ORIENTED_EDGE('',*,*,#2563,.T.);
#1300=ORIENTED_EDGE('',*,*,#2564,.T.);
#1301=ORIENTED_EDGE('',*,*,#2565,.T.);
#1302=ORIENTED_EDGE('',*,*,#2566,.T.);
#1303=ORIENTED_EDGE('',*,*,#2516,.T.);
#1304=ORIENTED_EDGE('',*,*,#2567,.T.);
#1305=ORIENTED_EDGE('',*,*,#2568,.F.);
#1306=ORIENTED_EDGE('',*,*,#2569,.F.);
#1307=ORIENTED_EDGE('',*,*,#2570,.F.);
#1308=ORIENTED_EDGE('',*,*,#2571,.F.);
#1309=ORIENTED_EDGE('',*,*,#2572,.F.);
#1310=ORIENTED_EDGE('',*,*,#2573,.F.);
#1311=ORIENTED_EDGE('',*,*,#2574,.F.);
#1312=ORIENTED_EDGE('',*,*,#2575,.F.);
#1313=ORIENTED_EDGE('',*,*,#2528,.F.);
#1314=ORIENTED_EDGE('',*,*,#2576,.T.);
#1315=ORIENTED_EDGE('',*,*,#2577,.T.);
#1316=ORIENTED_EDGE('',*,*,#2578,.T.);
#1317=ORIENTED_EDGE('',*,*,#2579,.T.);
#1318=ORIENTED_EDGE('',*,*,#2580,.T.);
#1319=ORIENTED_EDGE('',*,*,#2581,.F.);
#1320=ORIENTED_EDGE('',*,*,#2582,.F.);
#1321=ORIENTED_EDGE('',*,*,#2583,.T.);
#1322=ORIENTED_EDGE('',*,*,#2584,.T.);
#1323=ORIENTED_EDGE('',*,*,#2585,.F.);
#1324=ORIENTED_EDGE('',*,*,#2586,.F.);
#1325=ORIENTED_EDGE('',*,*,#2587,.F.);
#1326=ORIENTED_EDGE('',*,*,#2588,.T.);
#1327=ORIENTED_EDGE('',*,*,#2589,.T.);
#1328=ORIENTED_EDGE('',*,*,#2590,.T.);
#1329=ORIENTED_EDGE('',*,*,#2591,.T.);
#1330=ORIENTED_EDGE('',*,*,#2592,.T.);
#1331=ORIENTED_EDGE('',*,*,#2593,.F.);
#1332=ORIENTED_EDGE('',*,*,#2594,.F.);
#1333=ORIENTED_EDGE('',*,*,#2595,.T.);
#1334=ORIENTED_EDGE('',*,*,#2596,.F.);
#1335=ORIENTED_EDGE('',*,*,#2597,.T.);
#1336=ORIENTED_EDGE('',*,*,#2598,.F.);
#1337=ORIENTED_EDGE('',*,*,#2599,.F.);
#1338=ORIENTED_EDGE('',*,*,#2600,.F.);
#1339=ORIENTED_EDGE('',*,*,#2601,.T.);
#1340=ORIENTED_EDGE('',*,*,#2602,.F.);
#1341=ORIENTED_EDGE('',*,*,#2603,.T.);
#1342=ORIENTED_EDGE('',*,*,#2604,.F.);
#1343=ORIENTED_EDGE('',*,*,#2605,.T.);
#1344=ORIENTED_EDGE('',*,*,#2606,.F.);
#1345=ORIENTED_EDGE('',*,*,#2607,.F.);
#1346=ORIENTED_EDGE('',*,*,#2608,.F.);
#1347=ORIENTED_EDGE('',*,*,#2609,.T.);
#1348=ORIENTED_EDGE('',*,*,#2610,.F.);
#1349=ORIENTED_EDGE('',*,*,#2611,.T.);
#1350=ORIENTED_EDGE('',*,*,#2612,.F.);
#1351=ORIENTED_EDGE('',*,*,#2613,.T.);
#1352=ORIENTED_EDGE('',*,*,#2614,.F.);
#1353=ORIENTED_EDGE('',*,*,#2615,.F.);
#1354=ORIENTED_EDGE('',*,*,#2616,.F.);
#1355=ORIENTED_EDGE('',*,*,#2617,.T.);
#1356=ORIENTED_EDGE('',*,*,#2618,.F.);
#1357=ORIENTED_EDGE('',*,*,#2619,.T.);
#1358=ORIENTED_EDGE('',*,*,#2620,.F.);
#1359=ORIENTED_EDGE('',*,*,#2621,.T.);
#1360=ORIENTED_EDGE('',*,*,#2622,.F.);
#1361=ORIENTED_EDGE('',*,*,#2511,.F.);
#1362=ORIENTED_EDGE('',*,*,#2623,.T.);
#1363=ORIENTED_EDGE('',*,*,#2624,.F.);
#1364=ORIENTED_EDGE('',*,*,#2625,.F.);
#1365=ORIENTED_EDGE('',*,*,#2626,.T.);
#1366=ORIENTED_EDGE('',*,*,#2627,.T.);
#1367=ORIENTED_EDGE('',*,*,#2628,.F.);
#1368=ORIENTED_EDGE('',*,*,#2629,.F.);
#1369=ORIENTED_EDGE('',*,*,#2630,.T.);
#1370=ORIENTED_EDGE('',*,*,#2631,.T.);
#1371=ORIENTED_EDGE('',*,*,#2632,.F.);
#1372=ORIENTED_EDGE('',*,*,#2603,.F.);
#1373=ORIENTED_EDGE('',*,*,#2633,.T.);
#1374=ORIENTED_EDGE('',*,*,#2634,.T.);
#1375=ORIENTED_EDGE('',*,*,#2635,.T.);
#1376=ORIENTED_EDGE('',*,*,#2636,.T.);
#1377=ORIENTED_EDGE('',*,*,#2637,.T.);
#1378=ORIENTED_EDGE('',*,*,#2545,.T.);
#1379=ORIENTED_EDGE('',*,*,#2638,.F.);
#1380=ORIENTED_EDGE('',*,*,#2639,.F.);
#1381=ORIENTED_EDGE('',*,*,#2640,.F.);
#1382=ORIENTED_EDGE('',*,*,#2611,.F.);
#1383=ORIENTED_EDGE('',*,*,#2641,.T.);
#1384=ORIENTED_EDGE('',*,*,#2642,.T.);
#1385=ORIENTED_EDGE('',*,*,#2643,.T.);
#1386=ORIENTED_EDGE('',*,*,#2644,.T.);
#1387=ORIENTED_EDGE('',*,*,#2645,.F.);
#1388=ORIENTED_EDGE('',*,*,#2543,.T.);
#1389=ORIENTED_EDGE('',*,*,#2646,.F.);
#1390=ORIENTED_EDGE('',*,*,#2647,.F.);
#1391=ORIENTED_EDGE('',*,*,#2648,.F.);
#1392=ORIENTED_EDGE('',*,*,#2649,.F.);
#1393=ORIENTED_EDGE('',*,*,#2650,.T.);
#1394=ORIENTED_EDGE('',*,*,#2619,.F.);
#1395=ORIENTED_EDGE('',*,*,#2651,.T.);
#1396=ORIENTED_EDGE('',*,*,#2652,.T.);
#1397=ORIENTED_EDGE('',*,*,#2653,.T.);
#1398=ORIENTED_EDGE('',*,*,#2654,.T.);
#1399=ORIENTED_EDGE('',*,*,#2655,.F.);
#1400=ORIENTED_EDGE('',*,*,#2541,.T.);
#1401=ORIENTED_EDGE('',*,*,#2656,.F.);
#1402=ORIENTED_EDGE('',*,*,#2657,.T.);
#1403=ORIENTED_EDGE('',*,*,#2658,.F.);
#1404=ORIENTED_EDGE('',*,*,#2659,.F.);
#1405=ORIENTED_EDGE('',*,*,#2660,.T.);
#1406=ORIENTED_EDGE('',*,*,#2661,.T.);
#1407=ORIENTED_EDGE('',*,*,#2662,.F.);
#1408=ORIENTED_EDGE('',*,*,#2434,.F.);
#1409=ORIENTED_EDGE('',*,*,#2663,.T.);
#1410=ORIENTED_EDGE('',*,*,#2664,.T.);
#1411=ORIENTED_EDGE('',*,*,#2665,.F.);
#1412=ORIENTED_EDGE('',*,*,#2407,.F.);
#1413=ORIENTED_EDGE('',*,*,#2666,.T.);
#1414=ORIENTED_EDGE('',*,*,#2667,.T.);
#1415=ORIENTED_EDGE('',*,*,#2668,.T.);
#1416=ORIENTED_EDGE('',*,*,#2601,.F.);
#1417=ORIENTED_EDGE('',*,*,#2669,.F.);
#1418=ORIENTED_EDGE('',*,*,#2570,.T.);
#1419=ORIENTED_EDGE('',*,*,#2670,.F.);
#1420=ORIENTED_EDGE('',*,*,#2671,.T.);
#1421=ORIENTED_EDGE('',*,*,#2672,.F.);
#1422=ORIENTED_EDGE('',*,*,#2673,.F.);
#1423=ORIENTED_EDGE('',*,*,#2674,.F.);
#1424=ORIENTED_EDGE('',*,*,#2646,.T.);
#1425=ORIENTED_EDGE('',*,*,#2542,.T.);
#1426=ORIENTED_EDGE('',*,*,#2655,.T.);
#1427=ORIENTED_EDGE('',*,*,#2675,.T.);
#1428=ORIENTED_EDGE('',*,*,#2676,.T.);
#1429=ORIENTED_EDGE('',*,*,#2573,.T.);
#1430=ORIENTED_EDGE('',*,*,#2677,.T.);
#1431=ORIENTED_EDGE('',*,*,#2678,.T.);
#1432=ORIENTED_EDGE('',*,*,#2679,.F.);
#1433=ORIENTED_EDGE('',*,*,#2680,.T.);
#1434=ORIENTED_EDGE('',*,*,#2681,.F.);
#1435=ORIENTED_EDGE('',*,*,#2640,.T.);
#1436=ORIENTED_EDGE('',*,*,#2682,.F.);
#1437=ORIENTED_EDGE('',*,*,#2683,.T.);
#1438=ORIENTED_EDGE('',*,*,#2677,.F.);
#1439=ORIENTED_EDGE('',*,*,#2572,.T.);
#1440=ORIENTED_EDGE('',*,*,#2684,.F.);
#1441=ORIENTED_EDGE('',*,*,#2685,.T.);
#1442=ORIENTED_EDGE('',*,*,#2686,.F.);
#1443=ORIENTED_EDGE('',*,*,#2687,.T.);
#1444=ORIENTED_EDGE('',*,*,#2688,.T.);
#1445=ORIENTED_EDGE('',*,*,#2609,.F.);
#1446=ORIENTED_EDGE('',*,*,#2680,.F.);
#1447=ORIENTED_EDGE('',*,*,#2689,.T.);
#1448=ORIENTED_EDGE('',*,*,#2690,.T.);
#1449=ORIENTED_EDGE('',*,*,#2617,.F.);
#1450=ORIENTED_EDGE('',*,*,#2691,.F.);
#1451=ORIENTED_EDGE('',*,*,#2574,.T.);
#1452=ORIENTED_EDGE('',*,*,#2676,.F.);
#1453=ORIENTED_EDGE('',*,*,#2692,.T.);
#1454=ORIENTED_EDGE('',*,*,#2693,.F.);
#1455=ORIENTED_EDGE('',*,*,#2694,.T.);
#1456=ORIENTED_EDGE('',*,*,#2695,.F.);
#1457=ORIENTED_EDGE('',*,*,#2696,.T.);
#1458=ORIENTED_EDGE('',*,*,#2697,.T.);
#1459=ORIENTED_EDGE('',*,*,#2698,.T.);
#1460=ORIENTED_EDGE('',*,*,#2468,.F.);
#1461=ORIENTED_EDGE('',*,*,#2699,.F.);
#1462=ORIENTED_EDGE('',*,*,#2700,.F.);
#1463=ORIENTED_EDGE('',*,*,#2701,.F.);
#1464=ORIENTED_EDGE('',*,*,#2694,.F.);
#1465=ORIENTED_EDGE('',*,*,#2702,.F.);
#1466=ORIENTED_EDGE('',*,*,#2509,.T.);
#1467=ORIENTED_EDGE('',*,*,#2703,.T.);
#1468=ORIENTED_EDGE('',*,*,#2704,.F.);
#1469=ORIENTED_EDGE('',*,*,#2705,.F.);
#1470=ORIENTED_EDGE('',*,*,#2658,.T.);
#1471=ORIENTED_EDGE('',*,*,#2706,.F.);
#1472=ORIENTED_EDGE('',*,*,#2707,.F.);
#1473=ORIENTED_EDGE('',*,*,#2708,.F.);
#1474=ORIENTED_EDGE('',*,*,#2471,.T.);
#1475=ORIENTED_EDGE('',*,*,#2709,.T.);
#1476=ORIENTED_EDGE('',*,*,#2710,.T.);
#1477=ORIENTED_EDGE('',*,*,#2634,.F.);
#1478=ORIENTED_EDGE('',*,*,#2711,.T.);
#1479=ORIENTED_EDGE('',*,*,#2712,.F.);
#1480=ORIENTED_EDGE('',*,*,#2671,.F.);
#1481=ORIENTED_EDGE('',*,*,#2713,.F.);
#1482=ORIENTED_EDGE('',*,*,#2636,.F.);
#1483=ORIENTED_EDGE('',*,*,#2714,.F.);
#1484=ORIENTED_EDGE('',*,*,#2715,.T.);
#1485=ORIENTED_EDGE('',*,*,#2716,.T.);
#1486=ORIENTED_EDGE('',*,*,#2717,.T.);
#1487=ORIENTED_EDGE('',*,*,#2718,.F.);
#1488=ORIENTED_EDGE('',*,*,#2685,.F.);
#1489=ORIENTED_EDGE('',*,*,#2719,.F.);
#1490=ORIENTED_EDGE('',*,*,#2644,.F.);
#1491=ORIENTED_EDGE('',*,*,#2720,.F.);
#1492=ORIENTED_EDGE('',*,*,#2721,.T.);
#1493=ORIENTED_EDGE('',*,*,#2722,.T.);
#1494=ORIENTED_EDGE('',*,*,#2723,.T.);
#1495=ORIENTED_EDGE('',*,*,#2724,.F.);
#1496=ORIENTED_EDGE('',*,*,#2725,.T.);
#1497=ORIENTED_EDGE('',*,*,#2436,.T.);
#1498=ORIENTED_EDGE('',*,*,#2726,.F.);
#1499=ORIENTED_EDGE('',*,*,#2444,.F.);
#1500=ORIENTED_EDGE('',*,*,#2727,.F.);
#1501=ORIENTED_EDGE('',*,*,#2728,.F.);
#1502=ORIENTED_EDGE('',*,*,#2729,.F.);
#1503=ORIENTED_EDGE('',*,*,#2723,.F.);
#1504=ORIENTED_EDGE('',*,*,#2435,.T.);
#1505=ORIENTED_EDGE('',*,*,#2506,.T.);
#1506=ORIENTED_EDGE('',*,*,#2730,.T.);
#1507=ORIENTED_EDGE('',*,*,#2731,.F.);
#1508=ORIENTED_EDGE('',*,*,#2431,.T.);
#1509=ORIENTED_EDGE('',*,*,#2662,.T.);
#1510=ORIENTED_EDGE('',*,*,#2732,.F.);
#1511=ORIENTED_EDGE('',*,*,#2650,.F.);
#1512=ORIENTED_EDGE('',*,*,#2733,.F.);
#1513=ORIENTED_EDGE('',*,*,#2447,.T.);
#1514=ORIENTED_EDGE('',*,*,#2734,.T.);
#1515=ORIENTED_EDGE('',*,*,#2735,.T.);
#1516=ORIENTED_EDGE('',*,*,#2642,.F.);
#1517=ORIENTED_EDGE('',*,*,#2736,.T.);
#1518=ORIENTED_EDGE('',*,*,#2737,.F.);
#1519=ORIENTED_EDGE('',*,*,#2692,.F.);
#1520=ORIENTED_EDGE('',*,*,#2675,.F.);
#1521=ORIENTED_EDGE('',*,*,#2654,.F.);
#1522=ORIENTED_EDGE('',*,*,#2738,.F.);
#1523=ORIENTED_EDGE('',*,*,#2739,.T.);
#1524=ORIENTED_EDGE('',*,*,#2740,.T.);
#1525=ORIENTED_EDGE('',*,*,#2741,.T.);
#1526=ORIENTED_EDGE('',*,*,#2742,.F.);
#1527=ORIENTED_EDGE('',*,*,#2743,.T.);
#1528=ORIENTED_EDGE('',*,*,#2409,.T.);
#1529=ORIENTED_EDGE('',*,*,#2744,.F.);
#1530=ORIENTED_EDGE('',*,*,#2417,.F.);
#1531=ORIENTED_EDGE('',*,*,#2745,.F.);
#1532=ORIENTED_EDGE('',*,*,#2746,.F.);
#1533=ORIENTED_EDGE('',*,*,#2747,.F.);
#1534=ORIENTED_EDGE('',*,*,#2741,.F.);
#1535=ORIENTED_EDGE('',*,*,#2408,.T.);
#1536=ORIENTED_EDGE('',*,*,#2503,.T.);
#1537=ORIENTED_EDGE('',*,*,#2748,.T.);
#1538=ORIENTED_EDGE('',*,*,#2749,.F.);
#1539=ORIENTED_EDGE('',*,*,#2404,.T.);
#1540=ORIENTED_EDGE('',*,*,#2665,.T.);
#1541=ORIENTED_EDGE('',*,*,#2750,.F.);
#1542=ORIENTED_EDGE('',*,*,#2751,.F.);
#1543=ORIENTED_EDGE('',*,*,#2752,.F.);
#1544=ORIENTED_EDGE('',*,*,#2420,.T.);
#1545=ORIENTED_EDGE('',*,*,#2753,.T.);
#1546=ORIENTED_EDGE('',*,*,#2754,.T.);
#1547=ORIENTED_EDGE('',*,*,#2652,.F.);
#1548=ORIENTED_EDGE('',*,*,#2755,.T.);
#1549=ORIENTED_EDGE('',*,*,#2465,.T.);
#1550=ORIENTED_EDGE('',*,*,#2500,.F.);
#1551=ORIENTED_EDGE('',*,*,#2474,.F.);
#1552=ORIENTED_EDGE('',*,*,#2756,.F.);
#1553=ORIENTED_EDGE('',*,*,#2757,.F.);
#1554=ORIENTED_EDGE('',*,*,#2758,.T.);
#1555=ORIENTED_EDGE('',*,*,#2759,.F.);
#1556=ORIENTED_EDGE('',*,*,#2760,.F.);
#1557=ORIENTED_EDGE('',*,*,#2761,.F.);
#1558=ORIENTED_EDGE('',*,*,#2762,.T.);
#1559=ORIENTED_EDGE('',*,*,#2441,.T.);
#1560=ORIENTED_EDGE('',*,*,#2460,.F.);
#1561=ORIENTED_EDGE('',*,*,#2450,.F.);
#1562=ORIENTED_EDGE('',*,*,#2763,.F.);
#1563=ORIENTED_EDGE('',*,*,#2764,.F.);
#1564=ORIENTED_EDGE('',*,*,#2765,.T.);
#1565=ORIENTED_EDGE('',*,*,#2414,.T.);
#1566=ORIENTED_EDGE('',*,*,#2425,.F.);
#1567=ORIENTED_EDGE('',*,*,#2423,.F.);
#1568=ORIENTED_EDGE('',*,*,#2766,.F.);
#1569=ORIENTED_EDGE('',*,*,#2767,.F.);
#1570=ORIENTED_EDGE('',*,*,#2768,.F.);
#1571=ORIENTED_EDGE('',*,*,#2568,.T.);
#1572=ORIENTED_EDGE('',*,*,#2769,.T.);
#1573=ORIENTED_EDGE('',*,*,#2547,.F.);
#1574=ORIENTED_EDGE('',*,*,#2659,.T.);
#1575=ORIENTED_EDGE('',*,*,#2705,.T.);
#1576=ORIENTED_EDGE('',*,*,#2770,.T.);
#1577=ORIENTED_EDGE('',*,*,#2771,.T.);
#1578=ORIENTED_EDGE('',*,*,#2772,.F.);
#1579=ORIENTED_EDGE('',*,*,#2773,.F.);
#1580=ORIENTED_EDGE('',*,*,#2703,.F.);
#1581=ORIENTED_EDGE('',*,*,#2508,.T.);
#1582=ORIENTED_EDGE('',*,*,#2774,.F.);
#1583=ORIENTED_EDGE('',*,*,#2775,.F.);
#1584=ORIENTED_EDGE('',*,*,#2776,.F.);
#1585=ORIENTED_EDGE('',*,*,#2772,.T.);
#1586=ORIENTED_EDGE('',*,*,#2777,.T.);
#1587=ORIENTED_EDGE('',*,*,#2778,.F.);
#1588=ORIENTED_EDGE('',*,*,#2730,.F.);
#1589=ORIENTED_EDGE('',*,*,#2505,.T.);
#1590=ORIENTED_EDGE('',*,*,#2779,.F.);
#1591=ORIENTED_EDGE('',*,*,#2780,.F.);
#1592=ORIENTED_EDGE('',*,*,#2484,.T.);
#1593=ORIENTED_EDGE('',*,*,#2781,.T.);
#1594=ORIENTED_EDGE('',*,*,#2782,.F.);
#1595=ORIENTED_EDGE('',*,*,#2748,.F.);
#1596=ORIENTED_EDGE('',*,*,#2526,.T.);
#1597=ORIENTED_EDGE('',*,*,#2783,.T.);
#1598=ORIENTED_EDGE('',*,*,#2491,.F.);
#1599=ORIENTED_EDGE('',*,*,#2784,.T.);
#1600=ORIENTED_EDGE('',*,*,#2510,.F.);
#1601=ORIENTED_EDGE('',*,*,#2702,.T.);
#1602=ORIENTED_EDGE('',*,*,#2697,.F.);
#1603=ORIENTED_EDGE('',*,*,#2785,.F.);
#1604=ORIENTED_EDGE('',*,*,#2778,.T.);
#1605=ORIENTED_EDGE('',*,*,#2786,.T.);
#1606=ORIENTED_EDGE('',*,*,#2405,.F.);
#1607=ORIENTED_EDGE('',*,*,#2749,.T.);
#1608=ORIENTED_EDGE('',*,*,#2782,.T.);
#1609=ORIENTED_EDGE('',*,*,#2787,.F.);
#1610=ORIENTED_EDGE('',*,*,#2427,.F.);
#1611=ORIENTED_EDGE('',*,*,#2788,.T.);
#1612=ORIENTED_EDGE('',*,*,#2789,.T.);
#1613=ORIENTED_EDGE('',*,*,#2790,.F.);
#1614=ORIENTED_EDGE('',*,*,#2549,.T.);
#1615=ORIENTED_EDGE('',*,*,#2791,.T.);
#1616=ORIENTED_EDGE('',*,*,#2770,.F.);
#1617=ORIENTED_EDGE('',*,*,#2704,.T.);
#1618=ORIENTED_EDGE('',*,*,#2775,.T.);
#1619=ORIENTED_EDGE('',*,*,#2792,.F.);
#1620=ORIENTED_EDGE('',*,*,#2432,.F.);
#1621=ORIENTED_EDGE('',*,*,#2731,.T.);
#1622=ORIENTED_EDGE('',*,*,#2780,.T.);
#1623=ORIENTED_EDGE('',*,*,#2793,.F.);
#1624=ORIENTED_EDGE('',*,*,#2628,.T.);
#1625=ORIENTED_EDGE('',*,*,#2794,.F.);
#1626=ORIENTED_EDGE('',*,*,#2631,.F.);
#1627=ORIENTED_EDGE('',*,*,#2795,.T.);
#1628=ORIENTED_EDGE('',*,*,#2796,.F.);
#1629=ORIENTED_EDGE('',*,*,#2797,.F.);
#1630=ORIENTED_EDGE('',*,*,#2798,.F.);
#1631=ORIENTED_EDGE('',*,*,#2799,.F.);
#1632=ORIENTED_EDGE('',*,*,#2800,.T.);
#1633=ORIENTED_EDGE('',*,*,#2801,.T.);
#1634=ORIENTED_EDGE('',*,*,#2802,.T.);
#1635=ORIENTED_EDGE('',*,*,#2803,.T.);
#1636=ORIENTED_EDGE('',*,*,#2515,.F.);
#1637=ORIENTED_EDGE('',*,*,#2804,.T.);
#1638=ORIENTED_EDGE('',*,*,#2800,.F.);
#1639=ORIENTED_EDGE('',*,*,#2805,.F.);
#1640=ORIENTED_EDGE('',*,*,#2802,.F.);
#1641=ORIENTED_EDGE('',*,*,#2806,.T.);
#1642=ORIENTED_EDGE('',*,*,#2807,.F.);
#1643=ORIENTED_EDGE('',*,*,#2808,.F.);
#1644=ORIENTED_EDGE('',*,*,#2809,.F.);
#1645=ORIENTED_EDGE('',*,*,#2810,.T.);
#1646=ORIENTED_EDGE('',*,*,#2791,.F.);
#1647=ORIENTED_EDGE('',*,*,#2811,.F.);
#1648=ORIENTED_EDGE('',*,*,#2486,.T.);
#1649=ORIENTED_EDGE('',*,*,#2812,.T.);
#1650=ORIENTED_EDGE('',*,*,#2497,.F.);
#1651=ORIENTED_EDGE('',*,*,#2813,.T.);
#1652=ORIENTED_EDGE('',*,*,#2814,.T.);
#1653=ORIENTED_EDGE('',*,*,#2815,.T.);
#1654=ORIENTED_EDGE('',*,*,#2816,.F.);
#1655=ORIENTED_EDGE('',*,*,#2582,.T.);
#1656=ORIENTED_EDGE('',*,*,#2817,.T.);
#1657=ORIENTED_EDGE('',*,*,#2818,.F.);
#1658=ORIENTED_EDGE('',*,*,#2819,.F.);
#1659=ORIENTED_EDGE('',*,*,#2820,.F.);
#1660=ORIENTED_EDGE('',*,*,#2821,.T.);
#1661=ORIENTED_EDGE('',*,*,#2822,.T.);
#1662=ORIENTED_EDGE('',*,*,#2823,.T.);
#1663=ORIENTED_EDGE('',*,*,#2824,.T.);
#1664=ORIENTED_EDGE('',*,*,#2825,.T.);
#1665=ORIENTED_EDGE('',*,*,#2826,.T.);
#1666=ORIENTED_EDGE('',*,*,#2827,.F.);
#1667=ORIENTED_EDGE('',*,*,#2822,.F.);
#1668=ORIENTED_EDGE('',*,*,#2828,.F.);
#1669=ORIENTED_EDGE('',*,*,#2829,.F.);
#1670=ORIENTED_EDGE('',*,*,#2830,.T.);
#1671=ORIENTED_EDGE('',*,*,#2831,.T.);
#1672=ORIENTED_EDGE('',*,*,#2832,.T.);
#1673=ORIENTED_EDGE('',*,*,#2833,.F.);
#1674=ORIENTED_EDGE('',*,*,#2590,.F.);
#1675=ORIENTED_EDGE('',*,*,#2834,.F.);
#1676=ORIENTED_EDGE('',*,*,#2835,.T.);
#1677=ORIENTED_EDGE('',*,*,#2836,.T.);
#1678=ORIENTED_EDGE('',*,*,#2837,.T.);
#1679=ORIENTED_EDGE('',*,*,#2838,.F.);
#1680=ORIENTED_EDGE('',*,*,#2839,.F.);
#1681=ORIENTED_EDGE('',*,*,#2561,.T.);
#1682=ORIENTED_EDGE('',*,*,#2840,.T.);
#1683=ORIENTED_EDGE('',*,*,#2557,.F.);
#1684=ORIENTED_EDGE('',*,*,#2841,.F.);
#1685=ORIENTED_EDGE('',*,*,#2842,.T.);
#1686=ORIENTED_EDGE('',*,*,#2555,.F.);
#1687=ORIENTED_EDGE('',*,*,#2843,.T.);
#1688=ORIENTED_EDGE('',*,*,#2844,.F.);
#1689=ORIENTED_EDGE('',*,*,#2845,.T.);
#1690=ORIENTED_EDGE('',*,*,#2563,.F.);
#1691=ORIENTED_EDGE('',*,*,#2846,.T.);
#1692=ORIENTED_EDGE('',*,*,#2847,.T.);
#1693=ORIENTED_EDGE('',*,*,#2848,.T.);
#1694=ORIENTED_EDGE('',*,*,#2849,.T.);
#1695=ORIENTED_EDGE('',*,*,#2488,.T.);
#1696=ORIENTED_EDGE('',*,*,#2850,.F.);
#1697=ORIENTED_EDGE('',*,*,#2495,.T.);
#1698=ORIENTED_EDGE('',*,*,#2851,.T.);
#1699=ORIENTED_EDGE('',*,*,#2852,.F.);
#1700=ORIENTED_EDGE('',*,*,#2624,.T.);
#1701=ORIENTED_EDGE('',*,*,#2853,.T.);
#1702=ORIENTED_EDGE('',*,*,#2809,.T.);
#1703=ORIENTED_EDGE('',*,*,#2844,.T.);
#1704=ORIENTED_EDGE('',*,*,#2854,.T.);
#1705=ORIENTED_EDGE('',*,*,#2848,.F.);
#1706=ORIENTED_EDGE('',*,*,#2855,.T.);
#1707=ORIENTED_EDGE('',*,*,#2813,.F.);
#1708=ORIENTED_EDGE('',*,*,#2496,.F.);
#1709=ORIENTED_EDGE('',*,*,#2850,.T.);
#1710=ORIENTED_EDGE('',*,*,#2487,.F.);
#1711=ORIENTED_EDGE('',*,*,#2846,.F.);
#1712=ORIENTED_EDGE('',*,*,#2562,.F.);
#1713=ORIENTED_EDGE('',*,*,#2841,.T.);
#1714=ORIENTED_EDGE('',*,*,#2556,.F.);
#1715=ORIENTED_EDGE('',*,*,#2856,.F.);
#1716=ORIENTED_EDGE('',*,*,#2777,.F.);
#1717=ORIENTED_EDGE('',*,*,#2857,.F.);
#1718=ORIENTED_EDGE('',*,*,#2853,.F.);
#1719=ORIENTED_EDGE('',*,*,#2786,.F.);
#1720=ORIENTED_EDGE('',*,*,#2856,.T.);
#1721=ORIENTED_EDGE('',*,*,#2623,.F.);
#1722=ORIENTED_EDGE('',*,*,#2857,.T.);
#1723=ORIENTED_EDGE('',*,*,#2771,.F.);
#1724=ORIENTED_EDGE('',*,*,#2810,.F.);
#1725=ORIENTED_EDGE('',*,*,#2567,.F.);
#1726=ORIENTED_EDGE('',*,*,#2805,.T.);
#1727=ORIENTED_EDGE('',*,*,#2858,.F.);
#1728=ORIENTED_EDGE('',*,*,#2811,.T.);
#1729=ORIENTED_EDGE('',*,*,#2548,.F.);
#1730=ORIENTED_EDGE('',*,*,#2859,.F.);
#1731=ORIENTED_EDGE('',*,*,#2858,.T.);
#1732=ORIENTED_EDGE('',*,*,#2803,.F.);
#1733=ORIENTED_EDGE('',*,*,#2859,.T.);
#1734=ORIENTED_EDGE('',*,*,#2769,.F.);
#1735=ORIENTED_EDGE('',*,*,#2860,.F.);
#1736=ORIENTED_EDGE('',*,*,#2576,.F.);
#1737=ORIENTED_EDGE('',*,*,#2861,.T.);
#1738=ORIENTED_EDGE('',*,*,#2862,.T.);
#1739=ORIENTED_EDGE('',*,*,#2863,.T.);
#1740=ORIENTED_EDGE('',*,*,#2825,.F.);
#1741=ORIENTED_EDGE('',*,*,#2553,.T.);
#1742=ORIENTED_EDGE('',*,*,#2864,.T.);
#1743=ORIENTED_EDGE('',*,*,#2865,.T.);
#1744=ORIENTED_EDGE('',*,*,#2583,.F.);
#1745=ORIENTED_EDGE('',*,*,#2816,.T.);
#1746=ORIENTED_EDGE('',*,*,#2866,.T.);
#1747=ORIENTED_EDGE('',*,*,#2867,.T.);
#1748=ORIENTED_EDGE('',*,*,#2868,.T.);
#1749=ORIENTED_EDGE('',*,*,#2490,.T.);
#1750=ORIENTED_EDGE('',*,*,#2869,.T.);
#1751=ORIENTED_EDGE('',*,*,#2814,.F.);
#1752=ORIENTED_EDGE('',*,*,#2827,.T.);
#1753=ORIENTED_EDGE('',*,*,#2790,.T.);
#1754=ORIENTED_EDGE('',*,*,#2870,.T.);
#1755=ORIENTED_EDGE('',*,*,#2550,.T.);
#1756=ORIENTED_EDGE('',*,*,#2871,.T.);
#1757=ORIENTED_EDGE('',*,*,#2872,.T.);
#1758=ORIENTED_EDGE('',*,*,#2593,.T.);
#1759=ORIENTED_EDGE('',*,*,#2873,.T.);
#1760=ORIENTED_EDGE('',*,*,#2874,.T.);
#1761=ORIENTED_EDGE('',*,*,#2875,.T.);
#1762=ORIENTED_EDGE('',*,*,#2876,.T.);
#1763=ORIENTED_EDGE('',*,*,#2877,.T.);
#1764=ORIENTED_EDGE('',*,*,#2594,.T.);
#1765=ORIENTED_EDGE('',*,*,#2878,.T.);
#1766=ORIENTED_EDGE('',*,*,#2879,.F.);
#1767=ORIENTED_EDGE('',*,*,#2871,.F.);
#1768=ORIENTED_EDGE('',*,*,#2880,.T.);
#1769=ORIENTED_EDGE('',*,*,#2881,.F.);
#1770=ORIENTED_EDGE('',*,*,#2839,.T.);
#1771=ORIENTED_EDGE('',*,*,#2882,.T.);
#1772=ORIENTED_EDGE('',*,*,#2883,.F.);
#1773=ORIENTED_EDGE('',*,*,#2884,.F.);
#1774=ORIENTED_EDGE('',*,*,#2885,.F.);
#1775=ORIENTED_EDGE('',*,*,#2886,.T.);
#1776=ORIENTED_EDGE('',*,*,#2596,.T.);
#1777=ORIENTED_EDGE('',*,*,#2887,.T.);
#1778=ORIENTED_EDGE('',*,*,#2518,.F.);
#1779=ORIENTED_EDGE('',*,*,#2888,.F.);
#1780=ORIENTED_EDGE('',*,*,#2565,.F.);
#1781=ORIENTED_EDGE('',*,*,#2889,.T.);
#1782=ORIENTED_EDGE('',*,*,#2831,.F.);
#1783=ORIENTED_EDGE('',*,*,#2881,.T.);
#1784=ORIENTED_EDGE('',*,*,#2890,.F.);
#1785=ORIENTED_EDGE('',*,*,#2524,.F.);
#1786=ORIENTED_EDGE('',*,*,#2891,.T.);
#1787=ORIENTED_EDGE('',*,*,#2892,.T.);
#1788=ORIENTED_EDGE('',*,*,#2893,.T.);
#1789=ORIENTED_EDGE('',*,*,#2591,.F.);
#1790=ORIENTED_EDGE('',*,*,#2833,.T.);
#1791=ORIENTED_EDGE('',*,*,#2894,.T.);
#1792=ORIENTED_EDGE('',*,*,#2493,.F.);
#1793=ORIENTED_EDGE('',*,*,#2566,.F.);
#1794=ORIENTED_EDGE('',*,*,#2888,.T.);
#1795=ORIENTED_EDGE('',*,*,#2517,.F.);
#1796=ORIENTED_EDGE('',*,*,#2883,.T.);
#1797=ORIENTED_EDGE('',*,*,#2895,.F.);
#1798=ORIENTED_EDGE('',*,*,#2896,.T.);
#1799=ORIENTED_EDGE('',*,*,#2838,.T.);
#1800=ORIENTED_EDGE('',*,*,#2897,.F.);
#1801=ORIENTED_EDGE('',*,*,#2895,.T.);
#1802=ORIENTED_EDGE('',*,*,#2882,.F.);
#1803=ORIENTED_EDGE('',*,*,#2898,.T.);
#1804=ORIENTED_EDGE('',*,*,#2884,.T.);
#1805=ORIENTED_EDGE('',*,*,#2896,.F.);
#1806=ORIENTED_EDGE('',*,*,#2897,.T.);
#1807=ORIENTED_EDGE('',*,*,#2837,.F.);
#1808=ORIENTED_EDGE('',*,*,#2586,.T.);
#1809=ORIENTED_EDGE('',*,*,#2899,.T.);
#1810=ORIENTED_EDGE('',*,*,#2885,.T.);
#1811=ORIENTED_EDGE('',*,*,#2898,.F.);
#1812=ORIENTED_EDGE('',*,*,#2836,.F.);
#1813=ORIENTED_EDGE('',*,*,#2900,.T.);
#1814=ORIENTED_EDGE('',*,*,#2901,.F.);
#1815=ORIENTED_EDGE('',*,*,#2902,.T.);
#1816=ORIENTED_EDGE('',*,*,#2588,.F.);
#1817=ORIENTED_EDGE('',*,*,#2834,.T.);
#1818=ORIENTED_EDGE('',*,*,#2589,.F.);
#1819=ORIENTED_EDGE('',*,*,#2902,.F.);
#1820=ORIENTED_EDGE('',*,*,#2903,.F.);
#1821=ORIENTED_EDGE('',*,*,#2903,.T.);
#1822=ORIENTED_EDGE('',*,*,#2901,.T.);
#1823=ORIENTED_EDGE('',*,*,#2587,.T.);
#1824=ORIENTED_EDGE('',*,*,#2900,.F.);
#1825=ORIENTED_EDGE('',*,*,#2835,.F.);
#1826=ORIENTED_EDGE('',*,*,#2818,.T.);
#1827=ORIENTED_EDGE('',*,*,#2904,.T.);
#1828=ORIENTED_EDGE('',*,*,#2905,.F.);
#1829=ORIENTED_EDGE('',*,*,#2579,.F.);
#1830=ORIENTED_EDGE('',*,*,#2906,.F.);
#1831=ORIENTED_EDGE('',*,*,#2578,.F.);
#1832=ORIENTED_EDGE('',*,*,#2907,.T.);
#1833=ORIENTED_EDGE('',*,*,#2823,.F.);
#1834=ORIENTED_EDGE('',*,*,#2908,.F.);
#1835=ORIENTED_EDGE('',*,*,#2819,.T.);
#1836=ORIENTED_EDGE('',*,*,#2906,.T.);
#1837=ORIENTED_EDGE('',*,*,#2820,.T.);
#1838=ORIENTED_EDGE('',*,*,#2908,.T.);
#1839=ORIENTED_EDGE('',*,*,#2830,.F.);
#1840=ORIENTED_EDGE('',*,*,#2909,.T.);
#1841=ORIENTED_EDGE('',*,*,#2910,.T.);
#1842=ORIENTED_EDGE('',*,*,#2581,.T.);
#1843=ORIENTED_EDGE('',*,*,#2911,.T.);
#1844=ORIENTED_EDGE('',*,*,#2904,.F.);
#1845=ORIENTED_EDGE('',*,*,#2817,.F.);
#1846=ORIENTED_EDGE('',*,*,#2910,.F.);
#1847=ORIENTED_EDGE('',*,*,#2912,.F.);
#1848=ORIENTED_EDGE('',*,*,#2828,.T.);
#1849=ORIENTED_EDGE('',*,*,#2821,.F.);
#1850=ORIENTED_EDGE('',*,*,#2829,.T.);
#1851=ORIENTED_EDGE('',*,*,#2912,.T.);
#1852=ORIENTED_EDGE('',*,*,#2909,.F.);
#1853=ORIENTED_EDGE('',*,*,#2905,.T.);
#1854=ORIENTED_EDGE('',*,*,#2911,.F.);
#1855=ORIENTED_EDGE('',*,*,#2580,.F.);
#1856=ORIENTED_EDGE('',*,*,#2913,.T.);
#1857=ORIENTED_EDGE('',*,*,#2914,.T.);
#1858=ORIENTED_EDGE('',*,*,#2915,.T.);
#1859=ORIENTED_EDGE('',*,*,#2916,.T.);
#1860=ORIENTED_EDGE('',*,*,#2917,.T.);
#1861=ORIENTED_EDGE('',*,*,#2918,.T.);
#1862=ORIENTED_EDGE('',*,*,#2919,.T.);
#1863=ORIENTED_EDGE('',*,*,#2920,.T.);
#1864=ORIENTED_EDGE('',*,*,#2921,.T.);
#1865=ORIENTED_EDGE('',*,*,#2922,.T.);
#1866=ORIENTED_EDGE('',*,*,#2923,.F.);
#1867=ORIENTED_EDGE('',*,*,#2922,.F.);
#1868=ORIENTED_EDGE('',*,*,#2924,.F.);
#1869=ORIENTED_EDGE('',*,*,#2840,.F.);
#1870=ORIENTED_EDGE('',*,*,#2924,.T.);
#1871=ORIENTED_EDGE('',*,*,#2921,.F.);
#1872=ORIENTED_EDGE('',*,*,#2925,.F.);
#1873=ORIENTED_EDGE('',*,*,#2558,.F.);
#1874=ORIENTED_EDGE('',*,*,#2923,.T.);
#1875=ORIENTED_EDGE('',*,*,#2560,.F.);
#1876=ORIENTED_EDGE('',*,*,#2926,.F.);
#1877=ORIENTED_EDGE('',*,*,#2919,.F.);
#1878=ORIENTED_EDGE('',*,*,#2925,.T.);
#1879=ORIENTED_EDGE('',*,*,#2920,.F.);
#1880=ORIENTED_EDGE('',*,*,#2926,.T.);
#1881=ORIENTED_EDGE('',*,*,#2537,.F.);
#1882=ORIENTED_EDGE('',*,*,#2927,.F.);
#1883=ORIENTED_EDGE('',*,*,#2784,.F.);
#1884=ORIENTED_EDGE('',*,*,#2928,.F.);
#1885=ORIENTED_EDGE('',*,*,#2917,.F.);
#1886=ORIENTED_EDGE('',*,*,#2928,.T.);
#1887=ORIENTED_EDGE('',*,*,#2498,.F.);
#1888=ORIENTED_EDGE('',*,*,#2929,.F.);
#1889=ORIENTED_EDGE('',*,*,#2914,.F.);
#1890=ORIENTED_EDGE('',*,*,#2927,.T.);
#1891=ORIENTED_EDGE('',*,*,#2916,.F.);
#1892=ORIENTED_EDGE('',*,*,#2930,.F.);
#1893=ORIENTED_EDGE('',*,*,#2485,.F.);
#1894=ORIENTED_EDGE('',*,*,#2929,.T.);
#1895=ORIENTED_EDGE('',*,*,#2812,.F.);
#1896=ORIENTED_EDGE('',*,*,#2930,.T.);
#1897=ORIENTED_EDGE('',*,*,#2915,.F.);
#1898=ORIENTED_EDGE('',*,*,#2918,.F.);
#1899=ORIENTED_EDGE('',*,*,#2842,.F.);
#1900=ORIENTED_EDGE('',*,*,#2847,.F.);
#1901=ORIENTED_EDGE('',*,*,#2913,.F.);
#1902=ORIENTED_EDGE('',*,*,#2931,.F.);
#1903=ORIENTED_EDGE('',*,*,#2932,.F.);
#1904=ORIENTED_EDGE('',*,*,#2933,.F.);
#1905=ORIENTED_EDGE('',*,*,#2934,.F.);
#1906=ORIENTED_EDGE('',*,*,#2935,.F.);
#1907=ORIENTED_EDGE('',*,*,#2936,.F.);
#1908=ORIENTED_EDGE('',*,*,#2804,.F.);
#1909=ORIENTED_EDGE('',*,*,#2514,.F.);
#1910=ORIENTED_EDGE('',*,*,#2937,.T.);
#1911=ORIENTED_EDGE('',*,*,#2798,.T.);
#1912=ORIENTED_EDGE('',*,*,#2938,.F.);
#1913=ORIENTED_EDGE('',*,*,#2939,.T.);
#1914=ORIENTED_EDGE('',*,*,#2625,.T.);
#1915=ORIENTED_EDGE('',*,*,#2795,.F.);
#1916=ORIENTED_EDGE('',*,*,#2630,.F.);
#1917=ORIENTED_EDGE('',*,*,#2940,.T.);
#1918=ORIENTED_EDGE('',*,*,#2941,.F.);
#1919=ORIENTED_EDGE('',*,*,#2806,.F.);
#1920=ORIENTED_EDGE('',*,*,#2801,.F.);
#1921=ORIENTED_EDGE('',*,*,#2942,.T.);
#1922=ORIENTED_EDGE('',*,*,#2943,.T.);
#1923=ORIENTED_EDGE('',*,*,#2598,.T.);
#1924=ORIENTED_EDGE('',*,*,#2668,.F.);
#1925=ORIENTED_EDGE('',*,*,#2944,.F.);
#1926=ORIENTED_EDGE('',*,*,#2945,.F.);
#1927=ORIENTED_EDGE('',*,*,#2711,.F.);
#1928=ORIENTED_EDGE('',*,*,#2946,.F.);
#1929=ORIENTED_EDGE('',*,*,#2761,.T.);
#1930=ORIENTED_EDGE('',*,*,#2947,.F.);
#1931=ORIENTED_EDGE('',*,*,#2715,.F.);
#1932=ORIENTED_EDGE('',*,*,#2948,.T.);
#1933=ORIENTED_EDGE('',*,*,#2709,.F.);
#1934=ORIENTED_EDGE('',*,*,#2633,.F.);
#1935=ORIENTED_EDGE('',*,*,#2602,.T.);
#1936=ORIENTED_EDGE('',*,*,#2949,.F.);
#1937=ORIENTED_EDGE('',*,*,#2950,.T.);
#1938=ORIENTED_EDGE('',*,*,#2951,.T.);
#1939=ORIENTED_EDGE('',*,*,#2606,.T.);
#1940=ORIENTED_EDGE('',*,*,#2688,.F.);
#1941=ORIENTED_EDGE('',*,*,#2952,.F.);
#1942=ORIENTED_EDGE('',*,*,#2953,.F.);
#1943=ORIENTED_EDGE('',*,*,#2717,.F.);
#1944=ORIENTED_EDGE('',*,*,#2954,.F.);
#1945=ORIENTED_EDGE('',*,*,#2764,.T.);
#1946=ORIENTED_EDGE('',*,*,#2955,.F.);
#1947=ORIENTED_EDGE('',*,*,#2721,.F.);
#1948=ORIENTED_EDGE('',*,*,#2956,.T.);
#1949=ORIENTED_EDGE('',*,*,#2734,.F.);
#1950=ORIENTED_EDGE('',*,*,#2641,.F.);
#1951=ORIENTED_EDGE('',*,*,#2610,.T.);
#1952=ORIENTED_EDGE('',*,*,#2957,.F.);
#1953=ORIENTED_EDGE('',*,*,#2958,.T.);
#1954=ORIENTED_EDGE('',*,*,#2959,.T.);
#1955=ORIENTED_EDGE('',*,*,#2614,.T.);
#1956=ORIENTED_EDGE('',*,*,#2690,.F.);
#1957=ORIENTED_EDGE('',*,*,#2960,.F.);
#1958=ORIENTED_EDGE('',*,*,#2961,.F.);
#1959=ORIENTED_EDGE('',*,*,#2736,.F.);
#1960=ORIENTED_EDGE('',*,*,#2962,.F.);
#1961=ORIENTED_EDGE('',*,*,#2767,.T.);
#1962=ORIENTED_EDGE('',*,*,#2963,.F.);
#1963=ORIENTED_EDGE('',*,*,#2739,.F.);
#1964=ORIENTED_EDGE('',*,*,#2964,.T.);
#1965=ORIENTED_EDGE('',*,*,#2753,.F.);
#1966=ORIENTED_EDGE('',*,*,#2651,.F.);
#1967=ORIENTED_EDGE('',*,*,#2618,.T.);
#1968=ORIENTED_EDGE('',*,*,#2965,.F.);
#1969=ORIENTED_EDGE('',*,*,#2622,.T.);
#1970=ORIENTED_EDGE('',*,*,#2852,.T.);
#1971=ORIENTED_EDGE('',*,*,#2808,.T.);
#1972=ORIENTED_EDGE('',*,*,#2966,.T.);
#1973=ORIENTED_EDGE('',*,*,#2967,.F.);
#1974=ORIENTED_EDGE('',*,*,#2632,.T.);
#1975=ORIENTED_EDGE('',*,*,#2794,.T.);
#1976=ORIENTED_EDGE('',*,*,#2627,.F.);
#1977=ORIENTED_EDGE('',*,*,#2968,.F.);
#1978=ORIENTED_EDGE('',*,*,#2969,.T.);
#1979=ORIENTED_EDGE('',*,*,#2796,.T.);
#1980=ORIENTED_EDGE('',*,*,#2970,.F.);
#1981=ORIENTED_EDGE('',*,*,#2512,.F.);
#1982=ORIENTED_EDGE('',*,*,#2422,.T.);
#1983=ORIENTED_EDGE('',*,*,#2971,.F.);
#1984=ORIENTED_EDGE('',*,*,#2972,.T.);
#1985=ORIENTED_EDGE('',*,*,#2750,.T.);
#1986=ORIENTED_EDGE('',*,*,#2664,.F.);
#1987=ORIENTED_EDGE('',*,*,#2973,.T.);
#1988=ORIENTED_EDGE('',*,*,#2454,.T.);
#1989=ORIENTED_EDGE('',*,*,#2462,.F.);
#1990=ORIENTED_EDGE('',*,*,#2458,.T.);
#1991=ORIENTED_EDGE('',*,*,#2974,.T.);
#1992=ORIENTED_EDGE('',*,*,#2742,.T.);
#1993=ORIENTED_EDGE('',*,*,#2747,.T.);
#1994=ORIENTED_EDGE('',*,*,#2975,.T.);
#1995=ORIENTED_EDGE('',*,*,#2976,.F.);
#1996=ORIENTED_EDGE('',*,*,#2415,.F.);
#1997=ORIENTED_EDGE('',*,*,#2765,.F.);
#1998=ORIENTED_EDGE('',*,*,#2449,.T.);
#1999=ORIENTED_EDGE('',*,*,#2977,.F.);
#2000=ORIENTED_EDGE('',*,*,#2648,.T.);
#2001=ORIENTED_EDGE('',*,*,#2732,.T.);
#2002=ORIENTED_EDGE('',*,*,#2661,.F.);
#2003=ORIENTED_EDGE('',*,*,#2978,.T.);
#2004=ORIENTED_EDGE('',*,*,#2478,.T.);
#2005=ORIENTED_EDGE('',*,*,#2502,.F.);
#2006=ORIENTED_EDGE('',*,*,#2482,.T.);
#2007=ORIENTED_EDGE('',*,*,#2979,.T.);
#2008=ORIENTED_EDGE('',*,*,#2724,.T.);
#2009=ORIENTED_EDGE('',*,*,#2729,.T.);
#2010=ORIENTED_EDGE('',*,*,#2980,.T.);
#2011=ORIENTED_EDGE('',*,*,#2981,.F.);
#2012=ORIENTED_EDGE('',*,*,#2442,.F.);
#2013=ORIENTED_EDGE('',*,*,#2762,.F.);
#2014=ORIENTED_EDGE('',*,*,#2473,.T.);
#2015=ORIENTED_EDGE('',*,*,#2982,.F.);
#2016=ORIENTED_EDGE('',*,*,#2983,.T.);
#2017=ORIENTED_EDGE('',*,*,#2706,.T.);
#2018=ORIENTED_EDGE('',*,*,#2657,.F.);
#2019=ORIENTED_EDGE('',*,*,#2984,.T.);
#2020=ORIENTED_EDGE('',*,*,#2759,.T.);
#2021=ORIENTED_EDGE('',*,*,#2985,.F.);
#2022=ORIENTED_EDGE('',*,*,#2757,.T.);
#2023=ORIENTED_EDGE('',*,*,#2986,.T.);
#2024=ORIENTED_EDGE('',*,*,#2695,.T.);
#2025=ORIENTED_EDGE('',*,*,#2701,.T.);
#2026=ORIENTED_EDGE('',*,*,#2987,.T.);
#2027=ORIENTED_EDGE('',*,*,#2988,.F.);
#2028=ORIENTED_EDGE('',*,*,#2466,.F.);
#2029=ORIENTED_EDGE('',*,*,#2755,.F.);
#2030=ORIENTED_EDGE('',*,*,#2807,.T.);
#2031=ORIENTED_EDGE('',*,*,#2941,.T.);
#2032=ORIENTED_EDGE('',*,*,#2989,.F.);
#2033=ORIENTED_EDGE('',*,*,#2966,.F.);
#2034=ORIENTED_EDGE('',*,*,#2969,.F.);
#2035=ORIENTED_EDGE('',*,*,#2990,.T.);
#2036=ORIENTED_EDGE('',*,*,#2938,.T.);
#2037=ORIENTED_EDGE('',*,*,#2797,.T.);
#2038=ORIENTED_EDGE('',*,*,#2970,.T.);
#2039=ORIENTED_EDGE('',*,*,#2799,.T.);
#2040=ORIENTED_EDGE('',*,*,#2937,.F.);
#2041=ORIENTED_EDGE('',*,*,#2513,.F.);
#2042=ORIENTED_EDGE('',*,*,#2983,.F.);
#2043=ORIENTED_EDGE('',*,*,#2991,.F.);
#2044=ORIENTED_EDGE('',*,*,#2707,.T.);
#2045=ORIENTED_EDGE('',*,*,#2972,.F.);
#2046=ORIENTED_EDGE('',*,*,#2992,.F.);
#2047=ORIENTED_EDGE('',*,*,#2751,.T.);
#2048=ORIENTED_EDGE('',*,*,#2710,.F.);
#2049=ORIENTED_EDGE('',*,*,#2948,.F.);
#2050=ORIENTED_EDGE('',*,*,#2714,.T.);
#2051=ORIENTED_EDGE('',*,*,#2635,.F.);
#2052=ORIENTED_EDGE('',*,*,#2735,.F.);
#2053=ORIENTED_EDGE('',*,*,#2956,.F.);
#2054=ORIENTED_EDGE('',*,*,#2720,.T.);
#2055=ORIENTED_EDGE('',*,*,#2643,.F.);
#2056=ORIENTED_EDGE('',*,*,#2754,.F.);
#2057=ORIENTED_EDGE('',*,*,#2964,.F.);
#2058=ORIENTED_EDGE('',*,*,#2738,.T.);
#2059=ORIENTED_EDGE('',*,*,#2653,.F.);
#2060=ORIENTED_EDGE('',*,*,#2544,.T.);
#2061=ORIENTED_EDGE('',*,*,#2645,.T.);
#2062=ORIENTED_EDGE('',*,*,#2719,.T.);
#2063=ORIENTED_EDGE('',*,*,#2684,.T.);
#2064=ORIENTED_EDGE('',*,*,#2571,.T.);
#2065=ORIENTED_EDGE('',*,*,#2669,.T.);
#2066=ORIENTED_EDGE('',*,*,#2993,.F.);
#2067=ORIENTED_EDGE('',*,*,#2638,.T.);
#2068=ORIENTED_EDGE('',*,*,#2987,.F.);
#2069=ORIENTED_EDGE('',*,*,#2700,.T.);
#2070=ORIENTED_EDGE('',*,*,#2994,.F.);
#2071=ORIENTED_EDGE('',*,*,#2546,.T.);
#2072=ORIENTED_EDGE('',*,*,#2637,.F.);
#2073=ORIENTED_EDGE('',*,*,#2713,.T.);
#2074=ORIENTED_EDGE('',*,*,#2670,.T.);
#2075=ORIENTED_EDGE('',*,*,#2569,.T.);
#2076=ORIENTED_EDGE('',*,*,#2768,.T.);
#2077=ORIENTED_EDGE('',*,*,#2980,.F.);
#2078=ORIENTED_EDGE('',*,*,#2728,.T.);
#2079=ORIENTED_EDGE('',*,*,#2995,.F.);
#2080=ORIENTED_EDGE('',*,*,#2975,.F.);
#2081=ORIENTED_EDGE('',*,*,#2746,.T.);
#2082=ORIENTED_EDGE('',*,*,#2996,.F.);
#2083=ORIENTED_EDGE('',*,*,#2540,.T.);
#2084=ORIENTED_EDGE('',*,*,#2529,.T.);
#2085=ORIENTED_EDGE('',*,*,#2575,.T.);
#2086=ORIENTED_EDGE('',*,*,#2691,.T.);
#2087=ORIENTED_EDGE('',*,*,#2997,.F.);
#2088=ORIENTED_EDGE('',*,*,#2656,.T.);
#2089=ORIENTED_EDGE('',*,*,#2945,.T.);
#2090=ORIENTED_EDGE('',*,*,#2998,.T.);
#2091=ORIENTED_EDGE('',*,*,#2672,.T.);
#2092=ORIENTED_EDGE('',*,*,#2712,.T.);
#2093=ORIENTED_EDGE('',*,*,#2944,.T.);
#2094=ORIENTED_EDGE('',*,*,#2667,.F.);
#2095=ORIENTED_EDGE('',*,*,#2998,.F.);
#2096=ORIENTED_EDGE('',*,*,#2696,.F.);
#2097=ORIENTED_EDGE('',*,*,#2986,.F.);
#2098=ORIENTED_EDGE('',*,*,#2756,.T.);
#2099=ORIENTED_EDGE('',*,*,#2984,.F.);
#2100=ORIENTED_EDGE('',*,*,#2660,.F.);
#2101=ORIENTED_EDGE('',*,*,#2773,.T.);
#2102=ORIENTED_EDGE('',*,*,#2776,.T.);
#2103=ORIENTED_EDGE('',*,*,#2785,.T.);
#2104=ORIENTED_EDGE('',*,*,#2481,.T.);
#2105=ORIENTED_EDGE('',*,*,#2999,.F.);
#2106=ORIENTED_EDGE('',*,*,#2475,.T.);
#2107=ORIENTED_EDGE('',*,*,#2978,.F.);
#2108=ORIENTED_EDGE('',*,*,#2663,.F.);
#2109=ORIENTED_EDGE('',*,*,#2433,.T.);
#2110=ORIENTED_EDGE('',*,*,#2792,.T.);
#2111=ORIENTED_EDGE('',*,*,#2774,.T.);
#2112=ORIENTED_EDGE('',*,*,#2507,.F.);
#2113=ORIENTED_EDGE('',*,*,#2437,.T.);
#2114=ORIENTED_EDGE('',*,*,#2725,.F.);
#2115=ORIENTED_EDGE('',*,*,#2979,.F.);
#2116=ORIENTED_EDGE('',*,*,#2953,.T.);
#2117=ORIENTED_EDGE('',*,*,#3000,.T.);
#2118=ORIENTED_EDGE('',*,*,#2686,.T.);
#2119=ORIENTED_EDGE('',*,*,#2718,.T.);
#2120=ORIENTED_EDGE('',*,*,#2952,.T.);
#2121=ORIENTED_EDGE('',*,*,#2687,.F.);
#2122=ORIENTED_EDGE('',*,*,#3000,.F.);
#2123=ORIENTED_EDGE('',*,*,#2457,.T.);
#2124=ORIENTED_EDGE('',*,*,#3001,.T.);
#2125=ORIENTED_EDGE('',*,*,#2451,.T.);
#2126=ORIENTED_EDGE('',*,*,#2973,.F.);
#2127=ORIENTED_EDGE('',*,*,#2666,.F.);
#2128=ORIENTED_EDGE('',*,*,#2406,.F.);
#2129=ORIENTED_EDGE('',*,*,#2793,.T.);
#2130=ORIENTED_EDGE('',*,*,#2779,.T.);
#2131=ORIENTED_EDGE('',*,*,#2504,.F.);
#2132=ORIENTED_EDGE('',*,*,#2410,.F.);
#2133=ORIENTED_EDGE('',*,*,#2743,.F.);
#2134=ORIENTED_EDGE('',*,*,#2974,.F.);
#2135=ORIENTED_EDGE('',*,*,#2961,.T.);
#2136=ORIENTED_EDGE('',*,*,#3002,.T.);
#2137=ORIENTED_EDGE('',*,*,#2693,.T.);
#2138=ORIENTED_EDGE('',*,*,#2737,.T.);
#2139=ORIENTED_EDGE('',*,*,#2960,.T.);
#2140=ORIENTED_EDGE('',*,*,#2689,.F.);
#2141=ORIENTED_EDGE('',*,*,#3002,.F.);
#2142=ORIENTED_EDGE('',*,*,#2467,.F.);
#2143=ORIENTED_EDGE('',*,*,#2988,.T.);
#2144=ORIENTED_EDGE('',*,*,#2994,.T.);
#2145=ORIENTED_EDGE('',*,*,#2699,.T.);
#2146=ORIENTED_EDGE('',*,*,#2991,.T.);
#2147=ORIENTED_EDGE('',*,*,#2982,.T.);
#2148=ORIENTED_EDGE('',*,*,#2472,.T.);
#2149=ORIENTED_EDGE('',*,*,#2708,.T.);
#2150=ORIENTED_EDGE('',*,*,#2599,.T.);
#2151=ORIENTED_EDGE('',*,*,#2943,.F.);
#2152=ORIENTED_EDGE('',*,*,#3003,.F.);
#2153=ORIENTED_EDGE('',*,*,#2949,.T.);
#2154=ORIENTED_EDGE('',*,*,#2605,.F.);
#2155=ORIENTED_EDGE('',*,*,#3004,.T.);
#2156=ORIENTED_EDGE('',*,*,#3003,.T.);
#2157=ORIENTED_EDGE('',*,*,#2942,.F.);
#2158=ORIENTED_EDGE('',*,*,#3004,.F.);
#2159=ORIENTED_EDGE('',*,*,#2604,.T.);
#2160=ORIENTED_EDGE('',*,*,#2993,.T.);
#2161=ORIENTED_EDGE('',*,*,#2600,.T.);
#2162=ORIENTED_EDGE('',*,*,#2946,.T.);
#2163=ORIENTED_EDGE('',*,*,#2716,.F.);
#2164=ORIENTED_EDGE('',*,*,#2947,.T.);
#2165=ORIENTED_EDGE('',*,*,#2760,.T.);
#2166=ORIENTED_EDGE('',*,*,#2985,.T.);
#2167=ORIENTED_EDGE('',*,*,#2758,.F.);
#2168=ORIENTED_EDGE('',*,*,#2443,.F.);
#2169=ORIENTED_EDGE('',*,*,#2981,.T.);
#2170=ORIENTED_EDGE('',*,*,#2995,.T.);
#2171=ORIENTED_EDGE('',*,*,#2727,.T.);
#2172=ORIENTED_EDGE('',*,*,#2649,.T.);
#2173=ORIENTED_EDGE('',*,*,#2977,.T.);
#2174=ORIENTED_EDGE('',*,*,#2448,.T.);
#2175=ORIENTED_EDGE('',*,*,#2733,.T.);
#2176=ORIENTED_EDGE('',*,*,#2607,.T.);
#2177=ORIENTED_EDGE('',*,*,#2951,.F.);
#2178=ORIENTED_EDGE('',*,*,#3005,.F.);
#2179=ORIENTED_EDGE('',*,*,#2957,.T.);
#2180=ORIENTED_EDGE('',*,*,#2613,.F.);
#2181=ORIENTED_EDGE('',*,*,#3006,.T.);
#2182=ORIENTED_EDGE('',*,*,#3005,.T.);
#2183=ORIENTED_EDGE('',*,*,#2950,.F.);
#2184=ORIENTED_EDGE('',*,*,#3006,.F.);
#2185=ORIENTED_EDGE('',*,*,#2612,.T.);
#2186=ORIENTED_EDGE('',*,*,#2681,.T.);
#2187=ORIENTED_EDGE('',*,*,#2608,.T.);
#2188=ORIENTED_EDGE('',*,*,#2954,.T.);
#2189=ORIENTED_EDGE('',*,*,#2722,.F.);
#2190=ORIENTED_EDGE('',*,*,#2955,.T.);
#2191=ORIENTED_EDGE('',*,*,#2763,.T.);
#2192=ORIENTED_EDGE('',*,*,#2416,.F.);
#2193=ORIENTED_EDGE('',*,*,#2976,.T.);
#2194=ORIENTED_EDGE('',*,*,#2996,.T.);
#2195=ORIENTED_EDGE('',*,*,#2745,.T.);
#2196=ORIENTED_EDGE('',*,*,#2992,.T.);
#2197=ORIENTED_EDGE('',*,*,#2971,.T.);
#2198=ORIENTED_EDGE('',*,*,#2421,.T.);
#2199=ORIENTED_EDGE('',*,*,#2752,.T.);
#2200=ORIENTED_EDGE('',*,*,#2615,.T.);
#2201=ORIENTED_EDGE('',*,*,#2959,.F.);
#2202=ORIENTED_EDGE('',*,*,#3007,.F.);
#2203=ORIENTED_EDGE('',*,*,#2965,.T.);
#2204=ORIENTED_EDGE('',*,*,#2621,.F.);
#2205=ORIENTED_EDGE('',*,*,#3008,.T.);
#2206=ORIENTED_EDGE('',*,*,#3007,.T.);
#2207=ORIENTED_EDGE('',*,*,#2958,.F.);
#2208=ORIENTED_EDGE('',*,*,#3008,.F.);
#2209=ORIENTED_EDGE('',*,*,#2620,.T.);
#2210=ORIENTED_EDGE('',*,*,#2997,.T.);
#2211=ORIENTED_EDGE('',*,*,#2616,.T.);
#2212=ORIENTED_EDGE('',*,*,#2962,.T.);
#2213=ORIENTED_EDGE('',*,*,#2740,.F.);
#2214=ORIENTED_EDGE('',*,*,#2963,.T.);
#2215=ORIENTED_EDGE('',*,*,#2766,.T.);
#2216=ORIENTED_EDGE('',*,*,#2629,.T.);
#2217=ORIENTED_EDGE('',*,*,#2967,.T.);
#2218=ORIENTED_EDGE('',*,*,#2989,.T.);
#2219=ORIENTED_EDGE('',*,*,#2940,.F.);
#2220=ORIENTED_EDGE('',*,*,#2939,.F.);
#2221=ORIENTED_EDGE('',*,*,#2990,.F.);
#2222=ORIENTED_EDGE('',*,*,#2968,.T.);
#2223=ORIENTED_EDGE('',*,*,#2626,.F.);
#2224=ORIENTED_EDGE('',*,*,#2647,.T.);
#2225=ORIENTED_EDGE('',*,*,#2674,.T.);
#2226=ORIENTED_EDGE('',*,*,#3009,.T.);
#2227=ORIENTED_EDGE('',*,*,#3010,.F.);
#2228=ORIENTED_EDGE('',*,*,#2935,.T.);
#2229=ORIENTED_EDGE('',*,*,#2679,.T.);
#2230=ORIENTED_EDGE('',*,*,#3011,.F.);
#2231=ORIENTED_EDGE('',*,*,#2682,.T.);
#2232=ORIENTED_EDGE('',*,*,#2934,.T.);
#2233=ORIENTED_EDGE('',*,*,#3012,.F.);
#2234=ORIENTED_EDGE('',*,*,#2933,.T.);
#2235=ORIENTED_EDGE('',*,*,#3013,.F.);
#2236=ORIENTED_EDGE('',*,*,#2936,.T.);
#2237=ORIENTED_EDGE('',*,*,#2639,.T.);
#2238=ORIENTED_EDGE('',*,*,#3009,.F.);
#2239=ORIENTED_EDGE('',*,*,#2673,.T.);
#2240=ORIENTED_EDGE('',*,*,#2931,.T.);
#2241=ORIENTED_EDGE('',*,*,#3014,.F.);
#2242=ORIENTED_EDGE('',*,*,#2932,.T.);
#2243=ORIENTED_EDGE('',*,*,#3010,.T.);
#2244=ORIENTED_EDGE('',*,*,#2683,.F.);
#2245=ORIENTED_EDGE('',*,*,#3011,.T.);
#2246=ORIENTED_EDGE('',*,*,#2678,.F.);
#2247=ORIENTED_EDGE('',*,*,#3012,.T.);
#2248=ORIENTED_EDGE('',*,*,#3013,.T.);
#2249=ORIENTED_EDGE('',*,*,#3014,.T.);
#2250=ORIENTED_EDGE('',*,*,#2875,.F.);
#2251=ORIENTED_EDGE('',*,*,#3015,.T.);
#2252=ORIENTED_EDGE('',*,*,#2886,.F.);
#2253=ORIENTED_EDGE('',*,*,#2880,.F.);
#2254=ORIENTED_EDGE('',*,*,#2893,.F.);
#2255=ORIENTED_EDGE('',*,*,#3016,.T.);
#2256=ORIENTED_EDGE('',*,*,#2873,.F.);
#2257=ORIENTED_EDGE('',*,*,#2592,.F.);
#2258=ORIENTED_EDGE('',*,*,#2874,.F.);
#2259=ORIENTED_EDGE('',*,*,#3017,.T.);
#2260=ORIENTED_EDGE('',*,*,#2878,.F.);
#2261=ORIENTED_EDGE('',*,*,#3018,.T.);
#2262=ORIENTED_EDGE('',*,*,#2865,.F.);
#2263=ORIENTED_EDGE('',*,*,#3019,.T.);
#2264=ORIENTED_EDGE('',*,*,#2861,.F.);
#2265=ORIENTED_EDGE('',*,*,#2584,.F.);
#2266=ORIENTED_EDGE('',*,*,#3020,.F.);
#2267=ORIENTED_EDGE('',*,*,#3021,.T.);
#2268=ORIENTED_EDGE('',*,*,#2862,.F.);
#2269=ORIENTED_EDGE('',*,*,#3022,.T.);
#2270=ORIENTED_EDGE('',*,*,#2863,.F.);
#2271=ORIENTED_EDGE('',*,*,#3023,.T.);
#2272=ORIENTED_EDGE('',*,*,#2867,.F.);
#2273=ORIENTED_EDGE('',*,*,#2826,.F.);
#2274=ORIENTED_EDGE('',*,*,#2788,.F.);
#2275=ORIENTED_EDGE('',*,*,#2426,.T.);
#2276=ORIENTED_EDGE('',*,*,#3024,.T.);
#2277=ORIENTED_EDGE('',*,*,#3020,.T.);
#2278=ORIENTED_EDGE('',*,*,#3025,.T.);
#2279=ORIENTED_EDGE('',*,*,#3026,.T.);
#2280=ORIENTED_EDGE('',*,*,#3017,.F.);
#2281=ORIENTED_EDGE('',*,*,#3016,.F.);
#2282=ORIENTED_EDGE('',*,*,#3027,.F.);
#2283=ORIENTED_EDGE('',*,*,#2892,.F.);
#2284=ORIENTED_EDGE('',*,*,#3028,.T.);
#2285=ORIENTED_EDGE('',*,*,#2876,.F.);
#2286=ORIENTED_EDGE('',*,*,#3027,.T.);
#2287=ORIENTED_EDGE('',*,*,#3015,.F.);
#2288=ORIENTED_EDGE('',*,*,#3018,.F.);
#2289=ORIENTED_EDGE('',*,*,#2597,.F.);
#2290=ORIENTED_EDGE('',*,*,#3023,.F.);
#2291=ORIENTED_EDGE('',*,*,#3021,.F.);
#2292=ORIENTED_EDGE('',*,*,#3029,.F.);
#2293=ORIENTED_EDGE('',*,*,#3029,.T.);
#2294=ORIENTED_EDGE('',*,*,#3024,.F.);
#2295=ORIENTED_EDGE('',*,*,#2430,.F.);
#2296=ORIENTED_EDGE('',*,*,#2868,.F.);
#2297=ORIENTED_EDGE('',*,*,#3022,.F.);
#2298=ORIENTED_EDGE('',*,*,#3019,.F.);
#2299=ORIENTED_EDGE('',*,*,#3030,.F.);
#2300=ORIENTED_EDGE('',*,*,#3030,.T.);
#2301=ORIENTED_EDGE('',*,*,#2864,.F.);
#2302=ORIENTED_EDGE('',*,*,#3031,.F.);
#2303=ORIENTED_EDGE('',*,*,#3025,.F.);
#2304=ORIENTED_EDGE('',*,*,#3031,.T.);
#2305=ORIENTED_EDGE('',*,*,#2552,.T.);
#2306=ORIENTED_EDGE('',*,*,#3032,.F.);
#2307=ORIENTED_EDGE('',*,*,#3026,.F.);
#2308=ORIENTED_EDGE('',*,*,#2870,.F.);
#2309=ORIENTED_EDGE('',*,*,#2789,.F.);
#2310=ORIENTED_EDGE('',*,*,#3032,.T.);
#2311=ORIENTED_EDGE('',*,*,#2551,.T.);
#2312=ORIENTED_EDGE('',*,*,#2534,.T.);
#2313=ORIENTED_EDGE('',*,*,#3033,.T.);
#2314=ORIENTED_EDGE('',*,*,#2532,.T.);
#2315=ORIENTED_EDGE('',*,*,#3034,.F.);
#2316=ORIENTED_EDGE('',*,*,#3035,.F.);
#2317=ORIENTED_EDGE('',*,*,#2531,.T.);
#2318=ORIENTED_EDGE('',*,*,#2539,.T.);
#2319=ORIENTED_EDGE('',*,*,#2535,.T.);
#2320=ORIENTED_EDGE('',*,*,#3034,.T.);
#2321=ORIENTED_EDGE('',*,*,#3036,.T.);
#2322=ORIENTED_EDGE('',*,*,#2533,.T.);
#2323=ORIENTED_EDGE('',*,*,#2559,.T.);
#2324=ORIENTED_EDGE('',*,*,#2527,.T.);
#2325=ORIENTED_EDGE('',*,*,#3033,.F.);
#2326=ORIENTED_EDGE('',*,*,#2860,.T.);
#2327=ORIENTED_EDGE('',*,*,#2824,.F.);
#2328=ORIENTED_EDGE('',*,*,#2907,.F.);
#2329=ORIENTED_EDGE('',*,*,#2577,.F.);
#2330=ORIENTED_EDGE('',*,*,#3037,.T.);
#2331=ORIENTED_EDGE('',*,*,#3038,.T.);
#2332=ORIENTED_EDGE('',*,*,#3039,.F.);
#2333=ORIENTED_EDGE('',*,*,#2520,.T.);
#2334=ORIENTED_EDGE('',*,*,#3040,.T.);
#2335=ORIENTED_EDGE('',*,*,#2879,.T.);
#2336=ORIENTED_EDGE('',*,*,#2899,.F.);
#2337=ORIENTED_EDGE('',*,*,#2585,.T.);
#2338=ORIENTED_EDGE('',*,*,#2872,.F.);
#2339=ORIENTED_EDGE('',*,*,#3038,.F.);
#2340=ORIENTED_EDGE('',*,*,#3036,.F.);
#2341=ORIENTED_EDGE('',*,*,#3039,.T.);
#2342=ORIENTED_EDGE('',*,*,#3041,.F.);
#2343=ORIENTED_EDGE('',*,*,#3035,.T.);
#2344=ORIENTED_EDGE('',*,*,#3037,.F.);
#2345=ORIENTED_EDGE('',*,*,#3041,.T.);
#2346=ORIENTED_EDGE('',*,*,#2849,.F.);
#2347=ORIENTED_EDGE('',*,*,#2854,.F.);
#2348=ORIENTED_EDGE('',*,*,#2843,.F.);
#2349=ORIENTED_EDGE('',*,*,#2554,.F.);
#2350=ORIENTED_EDGE('',*,*,#2866,.F.);
#2351=ORIENTED_EDGE('',*,*,#2815,.F.);
#2352=ORIENTED_EDGE('',*,*,#2869,.F.);
#2353=ORIENTED_EDGE('',*,*,#2489,.F.);
#2354=ORIENTED_EDGE('',*,*,#2894,.F.);
#2355=ORIENTED_EDGE('',*,*,#2832,.F.);
#2356=ORIENTED_EDGE('',*,*,#2889,.F.);
#2357=ORIENTED_EDGE('',*,*,#2564,.F.);
#2358=ORIENTED_EDGE('',*,*,#2845,.F.);
#2359=ORIENTED_EDGE('',*,*,#2855,.F.);
#2360=ORIENTED_EDGE('',*,*,#2851,.F.);
#2361=ORIENTED_EDGE('',*,*,#2494,.F.);
#2362=ORIENTED_EDGE('',*,*,#2891,.F.);
#2363=ORIENTED_EDGE('',*,*,#2523,.F.);
#2364=ORIENTED_EDGE('',*,*,#3042,.F.);
#2365=ORIENTED_EDGE('',*,*,#3028,.F.);
#2366=ORIENTED_EDGE('',*,*,#3042,.T.);
#2367=ORIENTED_EDGE('',*,*,#2522,.F.);
#2368=ORIENTED_EDGE('',*,*,#3043,.F.);
#2369=ORIENTED_EDGE('',*,*,#2877,.F.);
#2370=ORIENTED_EDGE('',*,*,#2887,.F.);
#2371=ORIENTED_EDGE('',*,*,#2595,.F.);
#2372=ORIENTED_EDGE('',*,*,#3043,.T.);
#2373=ORIENTED_EDGE('',*,*,#2521,.F.);
#2374=ORIENTED_EDGE('',*,*,#3040,.F.);
#2375=ORIENTED_EDGE('',*,*,#2519,.F.);
#2376=ORIENTED_EDGE('',*,*,#2476,.F.);
#2377=ORIENTED_EDGE('',*,*,#2999,.T.);
#2378=ORIENTED_EDGE('',*,*,#2480,.F.);
#2379=ORIENTED_EDGE('',*,*,#2501,.T.);
#2380=ORIENTED_EDGE('',*,*,#2499,.F.);
#2381=ORIENTED_EDGE('',*,*,#2463,.T.);
#2382=ORIENTED_EDGE('',*,*,#2698,.F.);
#2383=ORIENTED_EDGE('',*,*,#2470,.F.);
#2384=ORIENTED_EDGE('',*,*,#2452,.F.);
#2385=ORIENTED_EDGE('',*,*,#3001,.F.);
#2386=ORIENTED_EDGE('',*,*,#2456,.F.);
#2387=ORIENTED_EDGE('',*,*,#2461,.T.);
#2388=ORIENTED_EDGE('',*,*,#2459,.F.);
#2389=ORIENTED_EDGE('',*,*,#2439,.T.);
#2390=ORIENTED_EDGE('',*,*,#2726,.T.);
#2391=ORIENTED_EDGE('',*,*,#2446,.F.);
#2392=ORIENTED_EDGE('',*,*,#2483,.F.);
#2393=ORIENTED_EDGE('',*,*,#2428,.T.);
#2394=ORIENTED_EDGE('',*,*,#2787,.T.);
#2395=ORIENTED_EDGE('',*,*,#2781,.F.);
#2396=ORIENTED_EDGE('',*,*,#2424,.F.);
#2397=ORIENTED_EDGE('',*,*,#2412,.T.);
#2398=ORIENTED_EDGE('',*,*,#2744,.T.);
#2399=ORIENTED_EDGE('',*,*,#2419,.F.);
#2400=ORIENTED_EDGE('',*,*,#2492,.F.);
#2401=ORIENTED_EDGE('',*,*,#2783,.F.);
#2402=ORIENTED_EDGE('',*,*,#2525,.F.);
#2403=ORIENTED_EDGE('',*,*,#2890,.T.);
#2404=EDGE_CURVE('',#3044,#3045,#3463,.T.);
#2405=EDGE_CURVE('',#3044,#3046,#346,.T.);
#2406=EDGE_CURVE('',#3046,#3047,#3464,.T.);
#2407=EDGE_CURVE('',#3047,#3045,#347,.F.);
#2408=EDGE_CURVE('',#3048,#3049,#3465,.T.);
#2409=EDGE_CURVE('',#3050,#3048,#348,.F.);
#2410=EDGE_CURVE('',#3050,#3051,#3466,.T.);
#2411=EDGE_CURVE('',#3049,#3051,#349,.T.);
#2412=EDGE_CURVE('',#3052,#3053,#350,.T.);
#2413=EDGE_CURVE('',#3054,#3052,#351,.T.);
#2414=EDGE_CURVE('',#3055,#3054,#352,.T.);
#2415=EDGE_CURVE('',#3055,#3056,#353,.T.);
#2416=EDGE_CURVE('',#3056,#3057,#354,.T.);
#2417=EDGE_CURVE('',#3057,#3053,#355,.T.);
#2418=EDGE_CURVE('',#3058,#3059,#356,.T.);
#2419=EDGE_CURVE('',#3059,#3060,#357,.T.);
#2420=EDGE_CURVE('',#3061,#3060,#358,.T.);
#2421=EDGE_CURVE('',#3062,#3061,#359,.T.);
#2422=EDGE_CURVE('',#3063,#3062,#360,.T.);
#2423=EDGE_CURVE('',#3063,#3058,#361,.T.);
#2424=EDGE_CURVE('',#3052,#3059,#362,.T.);
#2425=EDGE_CURVE('',#3058,#3054,#363,.T.);
#2426=EDGE_CURVE('',#3064,#3065,#169,.T.);
#2427=EDGE_CURVE('',#3064,#3066,#170,.F.);
#2428=EDGE_CURVE('',#3067,#3066,#171,.T.);
#2429=EDGE_CURVE('',#3067,#3068,#364,.F.);
#2430=EDGE_CURVE('',#3068,#3065,#34,.T.);
#2431=EDGE_CURVE('',#3069,#3070,#3467,.T.);
#2432=EDGE_CURVE('',#3069,#3071,#365,.T.);
#2433=EDGE_CURVE('',#3072,#3071,#3468,.T.);
#2434=EDGE_CURVE('',#3072,#3070,#366,.F.);
#2435=EDGE_CURVE('',#3073,#3074,#3469,.T.);
#2436=EDGE_CURVE('',#3075,#3073,#367,.F.);
#2437=EDGE_CURVE('',#3076,#3075,#3470,.T.);
#2438=EDGE_CURVE('',#3074,#3076,#368,.T.);
#2439=EDGE_CURVE('',#3077,#3078,#369,.T.);
#2440=EDGE_CURVE('',#3079,#3077,#370,.T.);
#2441=EDGE_CURVE('',#3080,#3079,#371,.T.);
#2442=EDGE_CURVE('',#3080,#3081,#372,.T.);
#2443=EDGE_CURVE('',#3081,#3082,#373,.T.);
#2444=EDGE_CURVE('',#3082,#3078,#374,.T.);
#2445=EDGE_CURVE('',#3083,#3084,#375,.T.);
#2446=EDGE_CURVE('',#3084,#3085,#376,.T.);
#2447=EDGE_CURVE('',#3086,#3085,#377,.T.);
#2448=EDGE_CURVE('',#3087,#3086,#378,.T.);
#2449=EDGE_CURVE('',#3088,#3087,#379,.T.);
#2450=EDGE_CURVE('',#3088,#3083,#380,.T.);
#2451=EDGE_CURVE('',#3089,#3090,#35,.T.);
#2452=EDGE_CURVE('',#3089,#3091,#3471,.T.);
#2453=EDGE_CURVE('',#3091,#3092,#36,.T.);
#2454=EDGE_CURVE('',#3090,#3092,#3472,.F.);
#2455=EDGE_CURVE('',#3093,#3094,#37,.T.);
#2456=EDGE_CURVE('',#3094,#3095,#3473,.T.);
#2457=EDGE_CURVE('',#3096,#3095,#38,.T.);
#2458=EDGE_CURVE('',#3093,#3096,#3474,.F.);
#2459=EDGE_CURVE('',#3077,#3084,#381,.T.);
#2460=EDGE_CURVE('',#3083,#3079,#382,.T.);
#2461=EDGE_CURVE('',#3094,#3091,#383,.T.);
#2462=EDGE_CURVE('',#3093,#3092,#384,.T.);
#2463=EDGE_CURVE('',#3097,#3098,#385,.T.);
#2464=EDGE_CURVE('',#3099,#3097,#386,.T.);
#2465=EDGE_CURVE('',#3100,#3099,#387,.T.);
#2466=EDGE_CURVE('',#3100,#3101,#388,.T.);
#2467=EDGE_CURVE('',#3101,#3102,#389,.T.);
#2468=EDGE_CURVE('',#3102,#3098,#390,.T.);
#2469=EDGE_CURVE('',#3103,#3104,#391,.T.);
#2470=EDGE_CURVE('',#3104,#3105,#392,.T.);
#2471=EDGE_CURVE('',#3106,#3105,#393,.T.);
#2472=EDGE_CURVE('',#3107,#3106,#394,.T.);
#2473=EDGE_CURVE('',#3108,#3107,#395,.T.);
#2474=EDGE_CURVE('',#3108,#3103,#396,.T.);
#2475=EDGE_CURVE('',#3109,#3110,#39,.T.);
#2476=EDGE_CURVE('',#3109,#3111,#3475,.T.);
#2477=EDGE_CURVE('',#3111,#3112,#40,.T.);
#2478=EDGE_CURVE('',#3110,#3112,#3476,.F.);
#2479=EDGE_CURVE('',#3113,#3114,#41,.T.);
#2480=EDGE_CURVE('',#3114,#3115,#3477,.T.);
#2481=EDGE_CURVE('',#3116,#3115,#42,.T.);
#2482=EDGE_CURVE('',#3113,#3116,#3478,.F.);
#2483=EDGE_CURVE('',#3067,#3117,#3479,.T.);
#2484=EDGE_CURVE('',#3118,#3117,#397,.T.);
#2485=EDGE_CURVE('',#3118,#3119,#172,.T.);
#2486=EDGE_CURVE('',#3120,#3119,#398,.T.);
#2487=EDGE_CURVE('',#3120,#3121,#173,.T.);
#2488=EDGE_CURVE('',#3122,#3121,#399,.F.);
#2489=EDGE_CURVE('',#3122,#3123,#174,.T.);
#2490=EDGE_CURVE('',#3068,#3123,#400,.F.);
#2491=EDGE_CURVE('',#3124,#3125,#401,.T.);
#2492=EDGE_CURVE('',#3125,#3126,#3480,.T.);
#2493=EDGE_CURVE('',#3126,#3127,#402,.F.);
#2494=EDGE_CURVE('',#3127,#3128,#175,.T.);
#2495=EDGE_CURVE('',#3129,#3128,#403,.T.);
#2496=EDGE_CURVE('',#3129,#3130,#176,.F.);
#2497=EDGE_CURVE('',#3130,#3131,#404,.T.);
#2498=EDGE_CURVE('',#3131,#3124,#177,.T.);
#2499=EDGE_CURVE('',#3097,#3104,#405,.T.);
#2500=EDGE_CURVE('',#3103,#3099,#406,.T.);
#2501=EDGE_CURVE('',#3114,#3111,#407,.T.);
#2502=EDGE_CURVE('',#3113,#3112,#408,.T.);
#2503=EDGE_CURVE('',#3049,#3132,#409,.T.);
#2504=EDGE_CURVE('',#3051,#3133,#410,.T.);
#2505=EDGE_CURVE('',#3134,#3133,#411,.T.);
#2506=EDGE_CURVE('',#3074,#3134,#412,.T.);
#2507=EDGE_CURVE('',#3076,#3135,#413,.T.);
#2508=EDGE_CURVE('',#3136,#3135,#414,.T.);
#2509=EDGE_CURVE('',#3137,#3136,#415,.T.);
#2510=EDGE_CURVE('',#3137,#3138,#416,.T.);
#2511=EDGE_CURVE('',#3138,#3139,#417,.T.);
#2512=EDGE_CURVE('',#3139,#3140,#418,.T.);
#2513=EDGE_CURVE('',#3140,#3141,#419,.T.);
#2514=EDGE_CURVE('',#3141,#3142,#420,.T.);
#2515=EDGE_CURVE('',#3142,#3143,#421,.T.);
#2516=EDGE_CURVE('',#3144,#3143,#422,.T.);
#2517=EDGE_CURVE('',#3144,#3145,#423,.T.);
#2518=EDGE_CURVE('',#3145,#3146,#424,.T.);
#2519=EDGE_CURVE('',#3146,#3147,#43,.T.);
#2520=EDGE_CURVE('',#3148,#3147,#178,.T.);
#2521=EDGE_CURVE('',#3148,#3149,#44,.T.);
#2522=EDGE_CURVE('',#3149,#3150,#425,.T.);
#2523=EDGE_CURVE('',#3150,#3151,#45,.T.);
#2524=EDGE_CURVE('',#3151,#3152,#426,.T.);
#2525=EDGE_CURVE('',#3152,#3153,#427,.T.);
#2526=EDGE_CURVE('',#3132,#3153,#428,.T.);
#2527=EDGE_CURVE('',#3154,#3155,#179,.T.);
#2528=EDGE_CURVE('',#3154,#3156,#429,.T.);
#2529=EDGE_CURVE('',#3157,#3156,#430,.T.);
#2530=EDGE_CURVE('',#3158,#3157,#431,.T.);
#2531=EDGE_CURVE('',#3159,#3158,#180,.T.);
#2532=EDGE_CURVE('',#3155,#3159,#432,.T.);
#2533=EDGE_CURVE('',#3160,#3161,#181,.T.);
#2534=EDGE_CURVE('',#3162,#3160,#433,.F.);
#2535=EDGE_CURVE('',#3163,#3162,#182,.T.);
#2536=EDGE_CURVE('',#3164,#3163,#434,.T.);
#2537=EDGE_CURVE('',#3164,#3165,#46,.T.);
#2538=EDGE_CURVE('',#3165,#3161,#435,.T.);
#2539=EDGE_CURVE('',#3158,#3163,#183,.T.);
#2540=EDGE_CURVE('',#3166,#3157,#3481,.T.);
#2541=EDGE_CURVE('',#3167,#3166,#184,.T.);
#2542=EDGE_CURVE('',#3168,#3167,#3482,.T.);
#2543=EDGE_CURVE('',#3169,#3168,#185,.T.);
#2544=EDGE_CURVE('',#3170,#3169,#3483,.T.);
#2545=EDGE_CURVE('',#3171,#3170,#186,.T.);
#2546=EDGE_CURVE('',#3172,#3171,#3484,.T.);
#2547=EDGE_CURVE('',#3172,#3173,#436,.T.);
#2548=EDGE_CURVE('',#3173,#3174,#47,.F.);
#2549=EDGE_CURVE('',#3175,#3174,#437,.T.);
#2550=EDGE_CURVE('',#3176,#3175,#48,.T.);
#2551=EDGE_CURVE('',#3177,#3176,#438,.T.);
#2552=EDGE_CURVE('',#3178,#3177,#439,.T.);
#2553=EDGE_CURVE('',#3179,#3178,#440,.T.);
#2554=EDGE_CURVE('',#3179,#3180,#187,.T.);
#2555=EDGE_CURVE('',#3180,#3181,#441,.F.);
#2556=EDGE_CURVE('',#3181,#3182,#188,.F.);
#2557=EDGE_CURVE('',#3182,#3183,#442,.T.);
#2558=EDGE_CURVE('',#3183,#3164,#189,.T.);
#2559=EDGE_CURVE('',#3161,#3154,#190,.T.);
#2560=EDGE_CURVE('',#3165,#3184,#191,.T.);
#2561=EDGE_CURVE('',#3185,#3184,#443,.T.);
#2562=EDGE_CURVE('',#3185,#3186,#192,.T.);
#2563=EDGE_CURVE('',#3186,#3187,#444,.T.);
#2564=EDGE_CURVE('',#3187,#3188,#193,.T.);
#2565=EDGE_CURVE('',#3188,#3189,#445,.T.);
#2566=EDGE_CURVE('',#3189,#3144,#49,.T.);
#2567=EDGE_CURVE('',#3143,#3190,#50,.F.);
#2568=EDGE_CURVE('',#3191,#3190,#446,.T.);
#2569=EDGE_CURVE('',#3192,#3191,#3485,.T.);
#2570=EDGE_CURVE('',#3193,#3192,#194,.T.);
#2571=EDGE_CURVE('',#3194,#3193,#3486,.T.);
#2572=EDGE_CURVE('',#3195,#3194,#195,.T.);
#2573=EDGE_CURVE('',#3196,#3195,#3487,.T.);
#2574=EDGE_CURVE('',#3197,#3196,#196,.T.);
#2575=EDGE_CURVE('',#3156,#3197,#3488,.T.);
#2576=EDGE_CURVE('',#3198,#3199,#447,.T.);
#2577=EDGE_CURVE('',#3199,#3200,#3489,.F.);
#2578=EDGE_CURVE('',#3200,#3201,#448,.T.);
#2579=EDGE_CURVE('',#3201,#3202,#3490,.F.);
#2580=EDGE_CURVE('',#3202,#3203,#449,.T.);
#2581=EDGE_CURVE('',#3204,#3203,#450,.T.);
#2582=EDGE_CURVE('',#3205,#3204,#451,.T.);
#2583=EDGE_CURVE('',#3205,#3206,#452,.T.);
#2584=EDGE_CURVE('',#3206,#3198,#3491,.T.);
#2585=EDGE_CURVE('',#3207,#3208,#3492,.F.);
#2586=EDGE_CURVE('',#3209,#3207,#453,.T.);
#2587=EDGE_CURVE('',#3210,#3209,#3493,.F.);
#2588=EDGE_CURVE('',#3210,#3211,#454,.T.);
#2589=EDGE_CURVE('',#3211,#3212,#455,.T.);
#2590=EDGE_CURVE('',#3212,#3213,#456,.T.);
#2591=EDGE_CURVE('',#3213,#3214,#457,.T.);
#2592=EDGE_CURVE('',#3214,#3215,#3494,.F.);
#2593=EDGE_CURVE('',#3208,#3215,#458,.T.);
#2594=EDGE_CURVE('',#3216,#3217,#459,.T.);
#2595=EDGE_CURVE('',#3216,#3218,#51,.F.);
#2596=EDGE_CURVE('',#3219,#3218,#460,.F.);
#2597=EDGE_CURVE('',#3219,#3217,#52,.T.);
#2598=EDGE_CURVE('',#3220,#3221,#461,.T.);
#2599=EDGE_CURVE('',#3222,#3220,#462,.T.);
#2600=EDGE_CURVE('',#3223,#3222,#463,.T.);
#2601=EDGE_CURVE('',#3223,#3221,#464,.F.);
#2602=EDGE_CURVE('',#3224,#3225,#465,.T.);
#2603=EDGE_CURVE('',#3224,#3226,#466,.T.);
#2604=EDGE_CURVE('',#3227,#3226,#467,.T.);
#2605=EDGE_CURVE('',#3227,#3225,#468,.T.);
#2606=EDGE_CURVE('',#3228,#3229,#469,.T.);
#2607=EDGE_CURVE('',#3230,#3228,#470,.T.);
#2608=EDGE_CURVE('',#3231,#3230,#471,.T.);
#2609=EDGE_CURVE('',#3231,#3229,#472,.F.);
#2610=EDGE_CURVE('',#3232,#3233,#473,.T.);
#2611=EDGE_CURVE('',#3232,#3234,#474,.T.);
#2612=EDGE_CURVE('',#3235,#3234,#475,.T.);
#2613=EDGE_CURVE('',#3235,#3233,#476,.T.);
#2614=EDGE_CURVE('',#3236,#3237,#477,.T.);
#2615=EDGE_CURVE('',#3238,#3236,#478,.T.);
#2616=EDGE_CURVE('',#3239,#3238,#479,.T.);
#2617=EDGE_CURVE('',#3239,#3237,#480,.F.);
#2618=EDGE_CURVE('',#3240,#3241,#481,.T.);
#2619=EDGE_CURVE('',#3240,#3242,#482,.T.);
#2620=EDGE_CURVE('',#3243,#3242,#483,.T.);
#2621=EDGE_CURVE('',#3243,#3241,#484,.T.);
#2622=EDGE_CURVE('',#3139,#3244,#53,.F.);
#2623=EDGE_CURVE('',#3138,#3245,#54,.T.);
#2624=EDGE_CURVE('',#3244,#3245,#485,.F.);
#2625=EDGE_CURVE('',#3246,#3247,#486,.T.);
#2626=EDGE_CURVE('',#3246,#3248,#487,.T.);
#2627=EDGE_CURVE('',#3248,#3249,#488,.T.);
#2628=EDGE_CURVE('',#3247,#3249,#489,.T.);
#2629=EDGE_CURVE('',#3250,#3251,#490,.T.);
#2630=EDGE_CURVE('',#3250,#3252,#491,.T.);
#2631=EDGE_CURVE('',#3252,#3253,#492,.T.);
#2632=EDGE_CURVE('',#3251,#3253,#493,.T.);
#2633=EDGE_CURVE('',#3224,#3254,#3495,.F.);
#2634=EDGE_CURVE('',#3254,#3255,#55,.T.);
#2635=EDGE_CURVE('',#3255,#3256,#494,.T.);
#2636=EDGE_CURVE('',#3256,#3257,#56,.T.);
#2637=EDGE_CURVE('',#3257,#3171,#495,.T.);
#2638=EDGE_CURVE('',#3226,#3170,#496,.T.);
#2639=EDGE_CURVE('',#3258,#3259,#197,.T.);
#2640=EDGE_CURVE('',#3234,#3258,#497,.T.);
#2641=EDGE_CURVE('',#3232,#3260,#3496,.F.);
#2642=EDGE_CURVE('',#3260,#3261,#57,.T.);
#2643=EDGE_CURVE('',#3261,#3262,#498,.T.);
#2644=EDGE_CURVE('',#3262,#3263,#58,.T.);
#2645=EDGE_CURVE('',#3169,#3263,#499,.F.);
#2646=EDGE_CURVE('',#3264,#3168,#500,.T.);
#2647=EDGE_CURVE('',#3259,#3264,#3497,.T.);
#2648=EDGE_CURVE('',#3265,#3266,#3498,.F.);
#2649=EDGE_CURVE('',#3267,#3265,#501,.T.);
#2650=EDGE_CURVE('',#3267,#3266,#59,.T.);
#2651=EDGE_CURVE('',#3240,#3268,#3499,.F.);
#2652=EDGE_CURVE('',#3268,#3269,#60,.T.);
#2653=EDGE_CURVE('',#3269,#3270,#502,.T.);
#2654=EDGE_CURVE('',#3270,#3271,#61,.T.);
#2655=EDGE_CURVE('',#3167,#3271,#503,.F.);
#2656=EDGE_CURVE('',#3242,#3166,#504,.T.);
#2657=EDGE_CURVE('',#3272,#3273,#505,.T.);
#2658=EDGE_CURVE('',#3274,#3273,#506,.T.);
#2659=EDGE_CURVE('',#3275,#3274,#507,.F.);
#2660=EDGE_CURVE('',#3275,#3272,#508,.T.);
#2661=EDGE_CURVE('',#3276,#3277,#509,.T.);
#2662=EDGE_CURVE('',#3070,#3277,#510,.T.);
#2663=EDGE_CURVE('',#3072,#3276,#511,.T.);
#2664=EDGE_CURVE('',#3278,#3279,#512,.T.);
#2665=EDGE_CURVE('',#3045,#3279,#513,.T.);
#2666=EDGE_CURVE('',#3047,#3278,#514,.T.);
#2667=EDGE_CURVE('',#3280,#3281,#62,.T.);
#2668=EDGE_CURVE('',#3281,#3221,#3500,.F.);
#2669=EDGE_CURVE('',#3193,#3223,#515,.F.);
#2670=EDGE_CURVE('',#3282,#3192,#516,.T.);
#2671=EDGE_CURVE('',#3282,#3283,#63,.T.);
#2672=EDGE_CURVE('',#3280,#3283,#517,.T.);
#2673=EDGE_CURVE('',#3284,#3258,#3501,.T.);
#2674=EDGE_CURVE('',#3264,#3284,#518,.T.);
#2675=EDGE_CURVE('',#3271,#3285,#519,.T.);
#2676=EDGE_CURVE('',#3285,#3196,#520,.T.);
#2677=EDGE_CURVE('',#3195,#3286,#521,.F.);
#2678=EDGE_CURVE('',#3286,#3287,#522,.T.);
#2679=EDGE_CURVE('',#3288,#3287,#3502,.T.);
#2680=EDGE_CURVE('',#3288,#3231,#523,.F.);
#2681=EDGE_CURVE('',#3234,#3231,#524,.T.);
#2682=EDGE_CURVE('',#3289,#3288,#198,.T.);
#2683=EDGE_CURVE('',#3289,#3286,#3503,.T.);
#2684=EDGE_CURVE('',#3290,#3194,#525,.T.);
#2685=EDGE_CURVE('',#3290,#3291,#64,.T.);
#2686=EDGE_CURVE('',#3292,#3291,#526,.T.);
#2687=EDGE_CURVE('',#3292,#3293,#65,.T.);
#2688=EDGE_CURVE('',#3293,#3229,#3504,.F.);
#2689=EDGE_CURVE('',#3294,#3295,#66,.T.);
#2690=EDGE_CURVE('',#3295,#3237,#3505,.F.);
#2691=EDGE_CURVE('',#3197,#3239,#527,.F.);
#2692=EDGE_CURVE('',#3285,#3296,#67,.T.);
#2693=EDGE_CURVE('',#3294,#3296,#528,.T.);
#2694=EDGE_CURVE('',#3297,#3298,#529,.T.);
#2695=EDGE_CURVE('',#3299,#3298,#530,.T.);
#2696=EDGE_CURVE('',#3299,#3300,#531,.T.);
#2697=EDGE_CURVE('',#3300,#3297,#532,.F.);
#2698=EDGE_CURVE('',#3105,#3098,#533,.T.);
#2699=EDGE_CURVE('',#3301,#3102,#534,.T.);
#2700=EDGE_CURVE('',#3302,#3301,#68,.T.);
#2701=EDGE_CURVE('',#3298,#3302,#535,.T.);
#2702=EDGE_CURVE('',#3137,#3297,#3506,.T.);
#2703=EDGE_CURVE('',#3136,#3303,#536,.T.);
#2704=EDGE_CURVE('',#3304,#3303,#537,.T.);
#2705=EDGE_CURVE('',#3274,#3304,#3507,.T.);
#2706=EDGE_CURVE('',#3305,#3273,#538,.T.);
#2707=EDGE_CURVE('',#3306,#3305,#69,.T.);
#2708=EDGE_CURVE('',#3106,#3306,#539,.T.);
#2709=EDGE_CURVE('',#3254,#3307,#540,.T.);
#2710=EDGE_CURVE('',#3307,#3255,#541,.T.);
#2711=EDGE_CURVE('',#3308,#3309,#542,.T.);
#2712=EDGE_CURVE('',#3283,#3309,#543,.T.);
#2713=EDGE_CURVE('',#3257,#3282,#544,.T.);
#2714=EDGE_CURVE('',#3310,#3256,#545,.T.);
#2715=EDGE_CURVE('',#3310,#3311,#546,.T.);
#2716=EDGE_CURVE('',#3311,#3308,#70,.T.);
#2717=EDGE_CURVE('',#3312,#3313,#547,.T.);
#2718=EDGE_CURVE('',#3291,#3313,#548,.T.);
#2719=EDGE_CURVE('',#3263,#3290,#549,.T.);
#2720=EDGE_CURVE('',#3314,#3262,#550,.T.);
#2721=EDGE_CURVE('',#3314,#3315,#551,.T.);
#2722=EDGE_CURVE('',#3315,#3312,#71,.T.);
#2723=EDGE_CURVE('',#3073,#3316,#552,.T.);
#2724=EDGE_CURVE('',#3317,#3316,#553,.T.);
#2725=EDGE_CURVE('',#3317,#3075,#554,.T.);
#2726=EDGE_CURVE('',#3078,#3085,#555,.T.);
#2727=EDGE_CURVE('',#3318,#3082,#556,.T.);
#2728=EDGE_CURVE('',#3319,#3318,#72,.T.);
#2729=EDGE_CURVE('',#3316,#3319,#557,.T.);
#2730=EDGE_CURVE('',#3134,#3320,#558,.T.);
#2731=EDGE_CURVE('',#3069,#3320,#559,.T.);
#2732=EDGE_CURVE('',#3266,#3277,#560,.T.);
#2733=EDGE_CURVE('',#3086,#3267,#561,.T.);
#2734=EDGE_CURVE('',#3260,#3321,#562,.T.);
#2735=EDGE_CURVE('',#3321,#3261,#563,.T.);
#2736=EDGE_CURVE('',#3322,#3323,#564,.T.);
#2737=EDGE_CURVE('',#3296,#3323,#565,.T.);
#2738=EDGE_CURVE('',#3324,#3270,#566,.T.);
#2739=EDGE_CURVE('',#3324,#3325,#567,.T.);
#2740=EDGE_CURVE('',#3325,#3322,#73,.T.);
#2741=EDGE_CURVE('',#3048,#3326,#568,.T.);
#2742=EDGE_CURVE('',#3327,#3326,#569,.T.);
#2743=EDGE_CURVE('',#3327,#3050,#570,.T.);
#2744=EDGE_CURVE('',#3053,#3060,#571,.T.);
#2745=EDGE_CURVE('',#3328,#3057,#572,.T.);
#2746=EDGE_CURVE('',#3329,#3328,#74,.T.);
#2747=EDGE_CURVE('',#3326,#3329,#573,.T.);
#2748=EDGE_CURVE('',#3132,#3330,#574,.T.);
#2749=EDGE_CURVE('',#3044,#3330,#575,.T.);
#2750=EDGE_CURVE('',#3331,#3279,#576,.T.);
#2751=EDGE_CURVE('',#3332,#3331,#75,.T.);
#2752=EDGE_CURVE('',#3061,#3332,#577,.T.);
#2753=EDGE_CURVE('',#3268,#3333,#578,.T.);
#2754=EDGE_CURVE('',#3333,#3269,#579,.T.);
#2755=EDGE_CURVE('',#3108,#3100,#580,.T.);
#2756=EDGE_CURVE('',#3334,#3335,#76,.T.);
#2757=EDGE_CURVE('',#3336,#3334,#3508,.F.);
#2758=EDGE_CURVE('',#3336,#3337,#77,.T.);
#2759=EDGE_CURVE('',#3335,#3337,#3509,.F.);
#2760=EDGE_CURVE('',#3338,#3339,#78,.T.);
#2761=EDGE_CURVE('',#3339,#3338,#581,.T.);
#2762=EDGE_CURVE('',#3088,#3080,#582,.T.);
#2763=EDGE_CURVE('',#3340,#3341,#79,.T.);
#2764=EDGE_CURVE('',#3341,#3340,#583,.T.);
#2765=EDGE_CURVE('',#3063,#3055,#584,.T.);
#2766=EDGE_CURVE('',#3342,#3343,#80,.T.);
#2767=EDGE_CURVE('',#3343,#3342,#585,.T.);
#2768=EDGE_CURVE('',#3191,#3172,#586,.T.);
#2769=EDGE_CURVE('',#3190,#3173,#587,.T.);
#2770=EDGE_CURVE('',#3304,#3344,#588,.T.);
#2771=EDGE_CURVE('',#3344,#3345,#81,.F.);
#2772=EDGE_CURVE('',#3346,#3345,#589,.T.);
#2773=EDGE_CURVE('',#3275,#3346,#3510,.T.);
#2774=EDGE_CURVE('',#3347,#3135,#590,.T.);
#2775=EDGE_CURVE('',#3303,#3347,#591,.T.);
#2776=EDGE_CURVE('',#3346,#3348,#592,.T.);
#2777=EDGE_CURVE('',#3345,#3349,#593,.T.);
#2778=EDGE_CURVE('',#3348,#3349,#594,.T.);
#2779=EDGE_CURVE('',#3350,#3133,#595,.T.);
#2780=EDGE_CURVE('',#3320,#3350,#596,.T.);
#2781=EDGE_CURVE('',#3117,#3351,#597,.T.);
#2782=EDGE_CURVE('',#3330,#3351,#598,.T.);
#2783=EDGE_CURVE('',#3153,#3125,#599,.T.);
#2784=EDGE_CURVE('',#3124,#3118,#82,.T.);
#2785=EDGE_CURVE('',#3348,#3300,#3511,.T.);
#2786=EDGE_CURVE('',#3349,#3138,#83,.F.);
#2787=EDGE_CURVE('',#3066,#3351,#600,.T.);
#2788=EDGE_CURVE('',#3064,#3352,#601,.F.);
#2789=EDGE_CURVE('',#3352,#3353,#602,.T.);
#2790=EDGE_CURVE('',#3175,#3353,#603,.T.);
#2791=EDGE_CURVE('',#3174,#3344,#604,.T.);
#2792=EDGE_CURVE('',#3071,#3347,#605,.T.);
#2793=EDGE_CURVE('',#3046,#3350,#606,.T.);
#2794=EDGE_CURVE('',#3253,#3249,#607,.T.);
#2795=EDGE_CURVE('',#3252,#3247,#608,.T.);
#2796=EDGE_CURVE('',#3354,#3355,#609,.T.);
#2797=EDGE_CURVE('',#3356,#3354,#610,.T.);
#2798=EDGE_CURVE('',#3357,#3356,#611,.T.);
#2799=EDGE_CURVE('',#3355,#3357,#612,.T.);
#2800=EDGE_CURVE('',#3358,#3359,#613,.F.);
#2801=EDGE_CURVE('',#3359,#3360,#614,.T.);
#2802=EDGE_CURVE('',#3360,#3361,#615,.F.);
#2803=EDGE_CURVE('',#3361,#3358,#616,.F.);
#2804=EDGE_CURVE('',#3142,#3359,#84,.F.);
#2805=EDGE_CURVE('',#3143,#3358,#85,.T.);
#2806=EDGE_CURVE('',#3360,#3362,#86,.F.);
#2807=EDGE_CURVE('',#3363,#3362,#617,.T.);
#2808=EDGE_CURVE('',#3364,#3363,#87,.F.);
#2809=EDGE_CURVE('',#3365,#3364,#618,.F.);
#2810=EDGE_CURVE('',#3365,#3344,#88,.T.);
#2811=EDGE_CURVE('',#3361,#3174,#89,.T.);
#2812=EDGE_CURVE('',#3119,#3131,#90,.T.);
#2813=EDGE_CURVE('',#3130,#3120,#91,.F.);
#2814=EDGE_CURVE('',#3366,#3367,#619,.T.);
#2815=EDGE_CURVE('',#3367,#3368,#620,.T.);
#2816=EDGE_CURVE('',#3205,#3368,#621,.T.);
#2817=EDGE_CURVE('',#3204,#3369,#622,.T.);
#2818=EDGE_CURVE('',#3370,#3369,#3512,.F.);
#2819=EDGE_CURVE('',#3371,#3370,#623,.T.);
#2820=EDGE_CURVE('',#3372,#3371,#3513,.F.);
#2821=EDGE_CURVE('',#3372,#3373,#624,.T.);
#2822=EDGE_CURVE('',#3373,#3366,#625,.T.);
#2823=EDGE_CURVE('',#3374,#3375,#626,.T.);
#2824=EDGE_CURVE('',#3375,#3376,#3514,.F.);
#2825=EDGE_CURVE('',#3376,#3377,#627,.T.);
#2826=EDGE_CURVE('',#3377,#3378,#3515,.T.);
#2827=EDGE_CURVE('',#3366,#3378,#628,.T.);
#2828=EDGE_CURVE('',#3379,#3373,#629,.T.);
#2829=EDGE_CURVE('',#3380,#3379,#630,.T.);
#2830=EDGE_CURVE('',#3380,#3374,#3516,.F.);
#2831=EDGE_CURVE('',#3381,#3382,#631,.T.);
#2832=EDGE_CURVE('',#3382,#3383,#632,.F.);
#2833=EDGE_CURVE('',#3213,#3383,#633,.T.);
#2834=EDGE_CURVE('',#3384,#3212,#634,.T.);
#2835=EDGE_CURVE('',#3384,#3385,#3517,.F.);
#2836=EDGE_CURVE('',#3385,#3386,#635,.T.);
#2837=EDGE_CURVE('',#3386,#3387,#3518,.F.);
#2838=EDGE_CURVE('',#3388,#3387,#636,.T.);
#2839=EDGE_CURVE('',#3381,#3388,#637,.T.);
#2840=EDGE_CURVE('',#3184,#3183,#92,.T.);
#2841=EDGE_CURVE('',#3185,#3182,#93,.F.);
#2842=EDGE_CURVE('',#3389,#3389,#94,.T.);
#2843=EDGE_CURVE('',#3180,#3390,#95,.F.);
#2844=EDGE_CURVE('',#3391,#3390,#638,.T.);
#2845=EDGE_CURVE('',#3391,#3187,#96,.F.);
#2846=EDGE_CURVE('',#3186,#3181,#97,.F.);
#2847=EDGE_CURVE('',#3392,#3392,#98,.F.);
#2848=EDGE_CURVE('',#3393,#3394,#639,.T.);
#2849=EDGE_CURVE('',#3394,#3122,#99,.T.);
#2850=EDGE_CURVE('',#3129,#3121,#100,.F.);
#2851=EDGE_CURVE('',#3128,#3393,#101,.T.);
#2852=EDGE_CURVE('',#3244,#3364,#640,.T.);
#2853=EDGE_CURVE('',#3245,#3365,#641,.F.);
#2854=EDGE_CURVE('',#3390,#3394,#642,.F.);
#2855=EDGE_CURVE('',#3393,#3391,#643,.T.);
#2856=EDGE_CURVE('',#3349,#3245,#102,.T.);
#2857=EDGE_CURVE('',#3365,#3345,#103,.T.);
#2858=EDGE_CURVE('',#3190,#3358,#104,.T.);
#2859=EDGE_CURVE('',#3361,#3173,#105,.T.);
#2860=EDGE_CURVE('',#3199,#3376,#3519,.F.);
#2861=EDGE_CURVE('',#3198,#3395,#644,.F.);
#2862=EDGE_CURVE('',#3395,#3396,#645,.T.);
#2863=EDGE_CURVE('',#3396,#3377,#646,.T.);
#2864=EDGE_CURVE('',#3178,#3397,#106,.T.);
#2865=EDGE_CURVE('',#3397,#3206,#647,.T.);
#2866=EDGE_CURVE('',#3368,#3179,#107,.T.);
#2867=EDGE_CURVE('',#3378,#3398,#648,.F.);
#2868=EDGE_CURVE('',#3398,#3068,#108,.F.);
#2869=EDGE_CURVE('',#3123,#3367,#109,.F.);
#2870=EDGE_CURVE('',#3353,#3176,#110,.F.);
#2871=EDGE_CURVE('',#3399,#3400,#649,.T.);
#2872=EDGE_CURVE('',#3400,#3208,#3520,.F.);
#2873=EDGE_CURVE('',#3215,#3401,#650,.F.);
#2874=EDGE_CURVE('',#3401,#3402,#651,.F.);
#2875=EDGE_CURVE('',#3402,#3399,#652,.T.);
#2876=EDGE_CURVE('',#3403,#3404,#653,.F.);
#2877=EDGE_CURVE('',#3404,#3216,#654,.F.);
#2878=EDGE_CURVE('',#3217,#3403,#655,.T.);
#2879=EDGE_CURVE('',#3400,#3405,#3521,.F.);
#2880=EDGE_CURVE('',#3399,#3406,#3522,.F.);
#2881=EDGE_CURVE('',#3381,#3406,#656,.T.);
#2882=EDGE_CURVE('',#3388,#3407,#657,.T.);
#2883=EDGE_CURVE('',#3408,#3407,#658,.T.);
#2884=EDGE_CURVE('',#3409,#3408,#3523,.F.);
#2885=EDGE_CURVE('',#3405,#3409,#659,.T.);
#2886=EDGE_CURVE('',#3406,#3219,#660,.F.);
#2887=EDGE_CURVE('',#3218,#3146,#199,.F.);
#2888=EDGE_CURVE('',#3189,#3145,#661,.T.);
#2889=EDGE_CURVE('',#3188,#3382,#111,.T.);
#2890=EDGE_CURVE('',#3152,#3126,#662,.T.);
#2891=EDGE_CURVE('',#3151,#3410,#200,.T.);
#2892=EDGE_CURVE('',#3410,#3411,#663,.T.);
#2893=EDGE_CURVE('',#3411,#3214,#664,.T.);
#2894=EDGE_CURVE('',#3383,#3127,#112,.F.);
#2895=EDGE_CURVE('',#3412,#3407,#113,.T.);
#2896=EDGE_CURVE('',#3412,#3408,#201,.T.);
#2897=EDGE_CURVE('',#3412,#3387,#665,.F.);
#2898=EDGE_CURVE('',#3386,#3409,#666,.T.);
#2899=EDGE_CURVE('',#3207,#3405,#3524,.F.);
#2900=EDGE_CURVE('',#3385,#3209,#667,.T.);
#2901=EDGE_CURVE('',#3413,#3210,#202,.T.);
#2902=EDGE_CURVE('',#3413,#3211,#114,.T.);
#2903=EDGE_CURVE('',#3384,#3413,#668,.T.);
#2904=EDGE_CURVE('',#3369,#3414,#669,.T.);
#2905=EDGE_CURVE('',#3202,#3414,#203,.T.);
#2906=EDGE_CURVE('',#3370,#3201,#670,.T.);
#2907=EDGE_CURVE('',#3200,#3375,#3525,.F.);
#2908=EDGE_CURVE('',#3371,#3374,#671,.T.);
#2909=EDGE_CURVE('',#3380,#3415,#204,.T.);
#2910=EDGE_CURVE('',#3415,#3372,#672,.F.);
#2911=EDGE_CURVE('',#3203,#3414,#115,.T.);
#2912=EDGE_CURVE('',#3379,#3415,#116,.T.);
#2913=EDGE_CURVE('',#3416,#3416,#117,.T.);
#2914=EDGE_CURVE('',#3417,#3418,#205,.T.);
#2915=EDGE_CURVE('',#3418,#3419,#118,.F.);
#2916=EDGE_CURVE('',#3419,#3420,#206,.T.);
#2917=EDGE_CURVE('',#3420,#3417,#119,.F.);
#2918=EDGE_CURVE('',#3421,#3421,#120,.F.);
#2919=EDGE_CURVE('',#3422,#3423,#207,.T.);
#2920=EDGE_CURVE('',#3423,#3424,#121,.F.);
#2921=EDGE_CURVE('',#3424,#3425,#208,.T.);
#2922=EDGE_CURVE('',#3425,#3422,#122,.F.);
#2923=EDGE_CURVE('',#3422,#3184,#123,.T.);
#2924=EDGE_CURVE('',#3183,#3425,#124,.T.);
#2925=EDGE_CURVE('',#3164,#3424,#125,.T.);
#2926=EDGE_CURVE('',#3423,#3165,#126,.T.);
#2927=EDGE_CURVE('',#3118,#3420,#127,.T.);
#2928=EDGE_CURVE('',#3417,#3124,#128,.T.);
#2929=EDGE_CURVE('',#3418,#3131,#129,.T.);
#2930=EDGE_CURVE('',#3119,#3419,#130,.T.);
#2931=EDGE_CURVE('',#3426,#3426,#131,.T.);
#2932=EDGE_CURVE('',#3427,#3427,#132,.T.);
#2933=EDGE_CURVE('',#3428,#3428,#133,.T.);
#2934=EDGE_CURVE('',#3429,#3429,#134,.T.);
#2935=EDGE_CURVE('',#3430,#3430,#135,.T.);
#2936=EDGE_CURVE('',#3431,#3431,#136,.T.);
#2937=EDGE_CURVE('',#3141,#3357,#673,.T.);
#2938=EDGE_CURVE('',#3432,#3356,#674,.T.);
#2939=EDGE_CURVE('',#3432,#3246,#675,.T.);
#2940=EDGE_CURVE('',#3250,#3433,#676,.T.);
#2941=EDGE_CURVE('',#3362,#3433,#677,.T.);
#2942=EDGE_CURVE('',#3434,#3435,#678,.T.);
#2943=EDGE_CURVE('',#3435,#3220,#679,.T.);
#2944=EDGE_CURVE('',#3436,#3281,#680,.T.);
#2945=EDGE_CURVE('',#3309,#3436,#681,.T.);
#2946=EDGE_CURVE('',#3339,#3308,#3526,.F.);
#2947=EDGE_CURVE('',#3311,#3338,#3527,.F.);
#2948=EDGE_CURVE('',#3310,#3307,#682,.T.);
#2949=EDGE_CURVE('',#3434,#3225,#683,.T.);
#2950=EDGE_CURVE('',#3437,#3438,#684,.T.);
#2951=EDGE_CURVE('',#3438,#3228,#685,.T.);
#2952=EDGE_CURVE('',#3439,#3293,#686,.T.);
#2953=EDGE_CURVE('',#3313,#3439,#687,.T.);
#2954=EDGE_CURVE('',#3341,#3312,#3528,.F.);
#2955=EDGE_CURVE('',#3315,#3340,#3529,.F.);
#2956=EDGE_CURVE('',#3314,#3321,#688,.T.);
#2957=EDGE_CURVE('',#3437,#3233,#689,.T.);
#2958=EDGE_CURVE('',#3440,#3441,#690,.T.);
#2959=EDGE_CURVE('',#3441,#3236,#691,.T.);
#2960=EDGE_CURVE('',#3442,#3295,#692,.T.);
#2961=EDGE_CURVE('',#3323,#3442,#693,.T.);
#2962=EDGE_CURVE('',#3343,#3322,#3530,.F.);
#2963=EDGE_CURVE('',#3325,#3342,#3531,.F.);
#2964=EDGE_CURVE('',#3324,#3333,#694,.T.);
#2965=EDGE_CURVE('',#3440,#3241,#695,.T.);
#2966=EDGE_CURVE('',#3363,#3443,#696,.T.);
#2967=EDGE_CURVE('',#3251,#3443,#697,.T.);
#2968=EDGE_CURVE('',#3444,#3248,#698,.T.);
#2969=EDGE_CURVE('',#3444,#3354,#699,.T.);
#2970=EDGE_CURVE('',#3140,#3355,#700,.T.);
#2971=EDGE_CURVE('',#3445,#3062,#701,.T.);
#2972=EDGE_CURVE('',#3445,#3331,#3532,.F.);
#2973=EDGE_CURVE('',#3278,#3090,#702,.T.);
#2974=EDGE_CURVE('',#3096,#3327,#703,.T.);
#2975=EDGE_CURVE('',#3329,#3446,#3533,.F.);
#2976=EDGE_CURVE('',#3056,#3446,#704,.T.);
#2977=EDGE_CURVE('',#3265,#3087,#705,.T.);
#2978=EDGE_CURVE('',#3276,#3110,#706,.T.);
#2979=EDGE_CURVE('',#3116,#3317,#707,.T.);
#2980=EDGE_CURVE('',#3319,#3447,#3534,.F.);
#2981=EDGE_CURVE('',#3081,#3447,#708,.T.);
#2982=EDGE_CURVE('',#3448,#3107,#709,.T.);
#2983=EDGE_CURVE('',#3448,#3305,#3535,.F.);
#2984=EDGE_CURVE('',#3272,#3335,#710,.T.);
#2985=EDGE_CURVE('',#3336,#3337,#711,.T.);
#2986=EDGE_CURVE('',#3334,#3299,#712,.T.);
#2987=EDGE_CURVE('',#3302,#3449,#3536,.F.);
#2988=EDGE_CURVE('',#3101,#3449,#713,.T.);
#2989=EDGE_CURVE('',#3443,#3433,#714,.T.);
#2990=EDGE_CURVE('',#3444,#3432,#715,.F.);
#2991=EDGE_CURVE('',#3306,#3448,#716,.T.);
#2992=EDGE_CURVE('',#3332,#3445,#717,.T.);
#2993=EDGE_CURVE('',#3226,#3223,#718,.T.);
#2994=EDGE_CURVE('',#3449,#3301,#719,.F.);
#2995=EDGE_CURVE('',#3447,#3318,#720,.F.);
#2996=EDGE_CURVE('',#3446,#3328,#721,.F.);
#2997=EDGE_CURVE('',#3242,#3239,#722,.T.);
#2998=EDGE_CURVE('',#3436,#3280,#723,.T.);
#2999=EDGE_CURVE('',#3109,#3115,#724,.T.);
#3000=EDGE_CURVE('',#3439,#3292,#725,.T.);
#3001=EDGE_CURVE('',#3095,#3089,#726,.T.);
#3002=EDGE_CURVE('',#3442,#3294,#727,.T.);
#3003=EDGE_CURVE('',#3222,#3435,#728,.T.);
#3004=EDGE_CURVE('',#3227,#3434,#729,.T.);
#3005=EDGE_CURVE('',#3230,#3438,#730,.T.);
#3006=EDGE_CURVE('',#3235,#3437,#731,.T.);
#3007=EDGE_CURVE('',#3238,#3441,#732,.T.);
#3008=EDGE_CURVE('',#3243,#3440,#733,.T.);
#3009=EDGE_CURVE('',#3284,#3259,#137,.T.);
#3010=EDGE_CURVE('',#3450,#3450,#138,.T.);
#3011=EDGE_CURVE('',#3289,#3287,#139,.T.);
#3012=EDGE_CURVE('',#3451,#3451,#140,.T.);
#3013=EDGE_CURVE('',#3452,#3452,#141,.T.);
#3014=EDGE_CURVE('',#3453,#3453,#142,.T.);
#3015=EDGE_CURVE('',#3402,#3219,#143,.F.);
#3016=EDGE_CURVE('',#3411,#3401,#144,.T.);
#3017=EDGE_CURVE('',#3401,#3403,#145,.F.);
#3018=EDGE_CURVE('',#3217,#3402,#146,.T.);
#3019=EDGE_CURVE('',#3397,#3395,#147,.T.);
#3020=EDGE_CURVE('',#3454,#3455,#734,.F.);
#3021=EDGE_CURVE('',#3454,#3396,#148,.F.);
#3022=EDGE_CURVE('',#3395,#3455,#149,.T.);
#3023=EDGE_CURVE('',#3396,#3398,#150,.F.);
#3024=EDGE_CURVE('',#3065,#3454,#151,.T.);
#3025=EDGE_CURVE('',#3455,#3456,#152,.F.);
#3026=EDGE_CURVE('',#3456,#3352,#209,.T.);
#3027=EDGE_CURVE('',#3403,#3411,#153,.T.);
#3028=EDGE_CURVE('',#3410,#3404,#154,.F.);
#3029=EDGE_CURVE('',#3398,#3454,#155,.T.);
#3030=EDGE_CURVE('',#3455,#3397,#156,.T.);
#3031=EDGE_CURVE('',#3456,#3178,#157,.T.);
#3032=EDGE_CURVE('',#3352,#3177,#158,.T.);
#3033=EDGE_CURVE('',#3160,#3155,#159,.T.);
#3034=EDGE_CURVE('',#3162,#3159,#160,.T.);
#3035=EDGE_CURVE('',#3457,#3457,#161,.T.);
#3036=EDGE_CURVE('',#3458,#3458,#162,.T.);
#3037=EDGE_CURVE('',#3459,#3459,#163,.T.);
#3038=EDGE_CURVE('',#3460,#3460,#164,.T.);
#3039=EDGE_CURVE('',#3461,#3461,#165,.T.);
#3040=EDGE_CURVE('',#3147,#3148,#210,.T.);
#3041=EDGE_CURVE('',#3462,#3462,#166,.T.);
#3042=EDGE_CURVE('',#3404,#3150,#167,.T.);
#3043=EDGE_CURVE('',#3216,#3149,#168,.T.);
#3044=VERTEX_POINT('',#6062);
#3045=VERTEX_POINT('',#6063);
#3046=VERTEX_POINT('',#6065);
#3047=VERTEX_POINT('',#6067);
#3048=VERTEX_POINT('',#6071);
#3049=VERTEX_POINT('',#6072);
#3050=VERTEX_POINT('',#6074);
#3051=VERTEX_POINT('',#6076);
#3052=VERTEX_POINT('',#6080);
#3053=VERTEX_POINT('',#6081);
#3054=VERTEX_POINT('',#6083);
#3055=VERTEX_POINT('',#6085);
#3056=VERTEX_POINT('',#6087);
#3057=VERTEX_POINT('',#6089);
#3058=VERTEX_POINT('',#6093);
#3059=VERTEX_POINT('',#6094);
#3060=VERTEX_POINT('',#6096);
#3061=VERTEX_POINT('',#6098);
#3062=VERTEX_POINT('',#6100);
#3063=VERTEX_POINT('',#6102);
#3064=VERTEX_POINT('',#6126);
#3065=VERTEX_POINT('',#6127);
#3066=VERTEX_POINT('',#6132);
#3067=VERTEX_POINT('',#6137);
#3068=VERTEX_POINT('',#6139);
#3069=VERTEX_POINT('',#6143);
#3070=VERTEX_POINT('',#6144);
#3071=VERTEX_POINT('',#6146);
#3072=VERTEX_POINT('',#6148);
#3073=VERTEX_POINT('',#6152);
#3074=VERTEX_POINT('',#6153);
#3075=VERTEX_POINT('',#6155);
#3076=VERTEX_POINT('',#6157);
#3077=VERTEX_POINT('',#6161);
#3078=VERTEX_POINT('',#6162);
#3079=VERTEX_POINT('',#6164);
#3080=VERTEX_POINT('',#6166);
#3081=VERTEX_POINT('',#6168);
#3082=VERTEX_POINT('',#6170);
#3083=VERTEX_POINT('',#6174);
#3084=VERTEX_POINT('',#6175);
#3085=VERTEX_POINT('',#6177);
#3086=VERTEX_POINT('',#6179);
#3087=VERTEX_POINT('',#6181);
#3088=VERTEX_POINT('',#6183);
#3089=VERTEX_POINT('',#6187);
#3090=VERTEX_POINT('',#6188);
#3091=VERTEX_POINT('',#6190);
#3092=VERTEX_POINT('',#6192);
#3093=VERTEX_POINT('',#6196);
#3094=VERTEX_POINT('',#6197);
#3095=VERTEX_POINT('',#6199);
#3096=VERTEX_POINT('',#6201);
#3097=VERTEX_POINT('',#6211);
#3098=VERTEX_POINT('',#6212);
#3099=VERTEX_POINT('',#6214);
#3100=VERTEX_POINT('',#6216);
#3101=VERTEX_POINT('',#6218);
#3102=VERTEX_POINT('',#6220);
#3103=VERTEX_POINT('',#6224);
#3104=VERTEX_POINT('',#6225);
#3105=VERTEX_POINT('',#6227);
#3106=VERTEX_POINT('',#6229);
#3107=VERTEX_POINT('',#6231);
#3108=VERTEX_POINT('',#6233);
#3109=VERTEX_POINT('',#6237);
#3110=VERTEX_POINT('',#6238);
#3111=VERTEX_POINT('',#6240);
#3112=VERTEX_POINT('',#6242);
#3113=VERTEX_POINT('',#6246);
#3114=VERTEX_POINT('',#6247);
#3115=VERTEX_POINT('',#6249);
#3116=VERTEX_POINT('',#6251);
#3117=VERTEX_POINT('',#6255);
#3118=VERTEX_POINT('',#6257);
#3119=VERTEX_POINT('',#6265);
#3120=VERTEX_POINT('',#6267);
#3121=VERTEX_POINT('',#6273);
#3122=VERTEX_POINT('',#6275);
#3123=VERTEX_POINT('',#6280);
#3124=VERTEX_POINT('',#6284);
#3125=VERTEX_POINT('',#6285);
#3126=VERTEX_POINT('',#6287);
#3127=VERTEX_POINT('',#6289);
#3128=VERTEX_POINT('',#6294);
#3129=VERTEX_POINT('',#6296);
#3130=VERTEX_POINT('',#6302);
#3131=VERTEX_POINT('',#6304);
#3132=VERTEX_POINT('',#6320);
#3133=VERTEX_POINT('',#6322);
#3134=VERTEX_POINT('',#6324);
#3135=VERTEX_POINT('',#6327);
#3136=VERTEX_POINT('',#6329);
#3137=VERTEX_POINT('',#6331);
#3138=VERTEX_POINT('',#6333);
#3139=VERTEX_POINT('',#6335);
#3140=VERTEX_POINT('',#6337);
#3141=VERTEX_POINT('',#6339);
#3142=VERTEX_POINT('',#6341);
#3143=VERTEX_POINT('',#6343);
#3144=VERTEX_POINT('',#6345);
#3145=VERTEX_POINT('',#6347);
#3146=VERTEX_POINT('',#6349);
#3147=VERTEX_POINT('',#6351);
#3148=VERTEX_POINT('',#6356);
#3149=VERTEX_POINT('',#6358);
#3150=VERTEX_POINT('',#6360);
#3151=VERTEX_POINT('',#6362);
#3152=VERTEX_POINT('',#6364);
#3153=VERTEX_POINT('',#6366);
#3154=VERTEX_POINT('',#6373);
#3155=VERTEX_POINT('',#6374);
#3156=VERTEX_POINT('',#6376);
#3157=VERTEX_POINT('',#6378);
#3158=VERTEX_POINT('',#6380);
#3159=VERTEX_POINT('',#6385);
#3160=VERTEX_POINT('',#6392);
#3161=VERTEX_POINT('',#6393);
#3162=VERTEX_POINT('',#6395);
#3163=VERTEX_POINT('',#6400);
#3164=VERTEX_POINT('',#6402);
#3165=VERTEX_POINT('',#6404);
#3166=VERTEX_POINT('',#6417);
#3167=VERTEX_POINT('',#6429);
#3168=VERTEX_POINT('',#6431);
#3169=VERTEX_POINT('',#6443);
#3170=VERTEX_POINT('',#6445);
#3171=VERTEX_POINT('',#6457);
#3172=VERTEX_POINT('',#6459);
#3173=VERTEX_POINT('',#6461);
#3174=VERTEX_POINT('',#6463);
#3175=VERTEX_POINT('',#6465);
#3176=VERTEX_POINT('',#6467);
#3177=VERTEX_POINT('',#6469);
#3178=VERTEX_POINT('',#6471);
#3179=VERTEX_POINT('',#6473);
#3180=VERTEX_POINT('',#6478);
#3181=VERTEX_POINT('',#6480);
#3182=VERTEX_POINT('',#6486);
#3183=VERTEX_POINT('',#6488);
#3184=VERTEX_POINT('',#6513);
#3185=VERTEX_POINT('',#6515);
#3186=VERTEX_POINT('',#6521);
#3187=VERTEX_POINT('',#6523);
#3188=VERTEX_POINT('',#6528);
#3189=VERTEX_POINT('',#6530);
#3190=VERTEX_POINT('',#6533);
#3191=VERTEX_POINT('',#6535);
#3192=VERTEX_POINT('',#6537);
#3193=VERTEX_POINT('',#6551);
#3194=VERTEX_POINT('',#6553);
#3195=VERTEX_POINT('',#6567);
#3196=VERTEX_POINT('',#6569);
#3197=VERTEX_POINT('',#6583);
#3198=VERTEX_POINT('',#6587);
#3199=VERTEX_POINT('',#6588);
#3200=VERTEX_POINT('',#6590);
#3201=VERTEX_POINT('',#6592);
#3202=VERTEX_POINT('',#6594);
#3203=VERTEX_POINT('',#6596);
#3204=VERTEX_POINT('',#6598);
#3205=VERTEX_POINT('',#6600);
#3206=VERTEX_POINT('',#6602);
#3207=VERTEX_POINT('',#6606);
#3208=VERTEX_POINT('',#6607);
#3209=VERTEX_POINT('',#6609);
#3210=VERTEX_POINT('',#6611);
#3211=VERTEX_POINT('',#6613);
#3212=VERTEX_POINT('',#6615);
#3213=VERTEX_POINT('',#6617);
#3214=VERTEX_POINT('',#6619);
#3215=VERTEX_POINT('',#6621);
#3216=VERTEX_POINT('',#6625);
#3217=VERTEX_POINT('',#6626);
#3218=VERTEX_POINT('',#6628);
#3219=VERTEX_POINT('',#6630);
#3220=VERTEX_POINT('',#6634);
#3221=VERTEX_POINT('',#6635);
#3222=VERTEX_POINT('',#6637);
#3223=VERTEX_POINT('',#6639);
#3224=VERTEX_POINT('',#6643);
#3225=VERTEX_POINT('',#6644);
#3226=VERTEX_POINT('',#6646);
#3227=VERTEX_POINT('',#6648);
#3228=VERTEX_POINT('',#6652);
#3229=VERTEX_POINT('',#6653);
#3230=VERTEX_POINT('',#6655);
#3231=VERTEX_POINT('',#6657);
#3232=VERTEX_POINT('',#6661);
#3233=VERTEX_POINT('',#6662);
#3234=VERTEX_POINT('',#6664);
#3235=VERTEX_POINT('',#6666);
#3236=VERTEX_POINT('',#6670);
#3237=VERTEX_POINT('',#6671);
#3238=VERTEX_POINT('',#6673);
#3239=VERTEX_POINT('',#6675);
#3240=VERTEX_POINT('',#6679);
#3241=VERTEX_POINT('',#6680);
#3242=VERTEX_POINT('',#6682);
#3243=VERTEX_POINT('',#6684);
#3244=VERTEX_POINT('',#6688);
#3245=VERTEX_POINT('',#6690);
#3246=VERTEX_POINT('',#6694);
#3247=VERTEX_POINT('',#6695);
#3248=VERTEX_POINT('',#6697);
#3249=VERTEX_POINT('',#6699);
#3250=VERTEX_POINT('',#6703);
#3251=VERTEX_POINT('',#6704);
#3252=VERTEX_POINT('',#6706);
#3253=VERTEX_POINT('',#6708);
#3254=VERTEX_POINT('',#6712);
#3255=VERTEX_POINT('',#6714);
#3256=VERTEX_POINT('',#6716);
#3257=VERTEX_POINT('',#6718);
#3258=VERTEX_POINT('',#6726);
#3259=VERTEX_POINT('',#6727);
#3260=VERTEX_POINT('',#6730);
#3261=VERTEX_POINT('',#6732);
#3262=VERTEX_POINT('',#6734);
#3263=VERTEX_POINT('',#6736);
#3264=VERTEX_POINT('',#6739);
#3265=VERTEX_POINT('',#6743);
#3266=VERTEX_POINT('',#6744);
#3267=VERTEX_POINT('',#6746);
#3268=VERTEX_POINT('',#6750);
#3269=VERTEX_POINT('',#6752);
#3270=VERTEX_POINT('',#6754);
#3271=VERTEX_POINT('',#6756);
#3272=VERTEX_POINT('',#6761);
#3273=VERTEX_POINT('',#6762);
#3274=VERTEX_POINT('',#6764);
#3275=VERTEX_POINT('',#6766);
#3276=VERTEX_POINT('',#6770);
#3277=VERTEX_POINT('',#6771);
#3278=VERTEX_POINT('',#6776);
#3279=VERTEX_POINT('',#6777);
#3280=VERTEX_POINT('',#6782);
#3281=VERTEX_POINT('',#6783);
#3282=VERTEX_POINT('',#6787);
#3283=VERTEX_POINT('',#6789);
#3284=VERTEX_POINT('',#6793);
#3285=VERTEX_POINT('',#6796);
#3286=VERTEX_POINT('',#6799);
#3287=VERTEX_POINT('',#6801);
#3288=VERTEX_POINT('',#6803);
#3289=VERTEX_POINT('',#6812);
#3290=VERTEX_POINT('',#6815);
#3291=VERTEX_POINT('',#6817);
#3292=VERTEX_POINT('',#6819);
#3293=VERTEX_POINT('',#6821);
#3294=VERTEX_POINT('',#6825);
#3295=VERTEX_POINT('',#6826);
#3296=VERTEX_POINT('',#6830);
#3297=VERTEX_POINT('',#6834);
#3298=VERTEX_POINT('',#6835);
#3299=VERTEX_POINT('',#6837);
#3300=VERTEX_POINT('',#6839);
#3301=VERTEX_POINT('',#6844);
#3302=VERTEX_POINT('',#6846);
#3303=VERTEX_POINT('',#6850);
#3304=VERTEX_POINT('',#6852);
#3305=VERTEX_POINT('',#6855);
#3306=VERTEX_POINT('',#6857);
#3307=VERTEX_POINT('',#6861);
#3308=VERTEX_POINT('',#6865);
#3309=VERTEX_POINT('',#6866);
#3310=VERTEX_POINT('',#6870);
#3311=VERTEX_POINT('',#6872);
#3312=VERTEX_POINT('',#6876);
#3313=VERTEX_POINT('',#6877);
#3314=VERTEX_POINT('',#6881);
#3315=VERTEX_POINT('',#6883);
#3316=VERTEX_POINT('',#6887);
#3317=VERTEX_POINT('',#6889);
#3318=VERTEX_POINT('',#6894);
#3319=VERTEX_POINT('',#6896);
#3320=VERTEX_POINT('',#6899);
#3321=VERTEX_POINT('',#6905);
#3322=VERTEX_POINT('',#6909);
#3323=VERTEX_POINT('',#6910);
#3324=VERTEX_POINT('',#6913);
#3325=VERTEX_POINT('',#6915);
#3326=VERTEX_POINT('',#6919);
#3327=VERTEX_POINT('',#6921);
#3328=VERTEX_POINT('',#6926);
#3329=VERTEX_POINT('',#6928);
#3330=VERTEX_POINT('',#6931);
#3331=VERTEX_POINT('',#6934);
#3332=VERTEX_POINT('',#6936);
#3333=VERTEX_POINT('',#6940);
#3334=VERTEX_POINT('',#6946);
#3335=VERTEX_POINT('',#6947);
#3336=VERTEX_POINT('',#6949);
#3337=VERTEX_POINT('',#6951);
#3338=VERTEX_POINT('',#6955);
#3339=VERTEX_POINT('',#6956);
#3340=VERTEX_POINT('',#6962);
#3341=VERTEX_POINT('',#6963);
#3342=VERTEX_POINT('',#6969);
#3343=VERTEX_POINT('',#6970);
#3344=VERTEX_POINT('',#6977);
#3345=VERTEX_POINT('',#6979);
#3346=VERTEX_POINT('',#6981);
#3347=VERTEX_POINT('',#6985);
#3348=VERTEX_POINT('',#6989);
#3349=VERTEX_POINT('',#6991);
#3350=VERTEX_POINT('',#6995);
#3351=VERTEX_POINT('',#6999);
#3352=VERTEX_POINT('',#7009);
#3353=VERTEX_POINT('',#7011);
#3354=VERTEX_POINT('',#7019);
#3355=VERTEX_POINT('',#7020);
#3356=VERTEX_POINT('',#7022);
#3357=VERTEX_POINT('',#7024);
#3358=VERTEX_POINT('',#7028);
#3359=VERTEX_POINT('',#7029);
#3360=VERTEX_POINT('',#7031);
#3361=VERTEX_POINT('',#7033);
#3362=VERTEX_POINT('',#7040);
#3363=VERTEX_POINT('',#7042);
#3364=VERTEX_POINT('',#7044);
#3365=VERTEX_POINT('',#7046);
#3366=VERTEX_POINT('',#7054);
#3367=VERTEX_POINT('',#7055);
#3368=VERTEX_POINT('',#7057);
#3369=VERTEX_POINT('',#7060);
#3370=VERTEX_POINT('',#7062);
#3371=VERTEX_POINT('',#7064);
#3372=VERTEX_POINT('',#7066);
#3373=VERTEX_POINT('',#7068);
#3374=VERTEX_POINT('',#7072);
#3375=VERTEX_POINT('',#7073);
#3376=VERTEX_POINT('',#7075);
#3377=VERTEX_POINT('',#7077);
#3378=VERTEX_POINT('',#7079);
#3379=VERTEX_POINT('',#7082);
#3380=VERTEX_POINT('',#7084);
#3381=VERTEX_POINT('',#7088);
#3382=VERTEX_POINT('',#7089);
#3383=VERTEX_POINT('',#7091);
#3384=VERTEX_POINT('',#7094);
#3385=VERTEX_POINT('',#7096);
#3386=VERTEX_POINT('',#7098);
#3387=VERTEX_POINT('',#7100);
#3388=VERTEX_POINT('',#7102);
#3389=VERTEX_POINT('',#7109);
#3390=VERTEX_POINT('',#7111);
#3391=VERTEX_POINT('',#7113);
#3392=VERTEX_POINT('',#7118);
#3393=VERTEX_POINT('',#7120);
#3394=VERTEX_POINT('',#7121);
#3395=VERTEX_POINT('',#7146);
#3396=VERTEX_POINT('',#7148);
#3397=VERTEX_POINT('',#7152);
#3398=VERTEX_POINT('',#7157);
#3399=VERTEX_POINT('',#7164);
#3400=VERTEX_POINT('',#7165);
#3401=VERTEX_POINT('',#7168);
#3402=VERTEX_POINT('',#7170);
#3403=VERTEX_POINT('',#7174);
#3404=VERTEX_POINT('',#7175);
#3405=VERTEX_POINT('',#7180);
#3406=VERTEX_POINT('',#7182);
#3407=VERTEX_POINT('',#7185);
#3408=VERTEX_POINT('',#7187);
#3409=VERTEX_POINT('',#7189);
#3410=VERTEX_POINT('',#7205);
#3411=VERTEX_POINT('',#7207);
#3412=VERTEX_POINT('',#7213);
#3413=VERTEX_POINT('',#7230);
#3414=VERTEX_POINT('',#7237);
#3415=VERTEX_POINT('',#7251);
#3416=VERTEX_POINT('',#7261);
#3417=VERTEX_POINT('',#7269);
#3418=VERTEX_POINT('',#7270);
#3419=VERTEX_POINT('',#7272);
#3420=VERTEX_POINT('',#7280);
#3421=VERTEX_POINT('',#7284);
#3422=VERTEX_POINT('',#7292);
#3423=VERTEX_POINT('',#7293);
#3424=VERTEX_POINT('',#7295);
#3425=VERTEX_POINT('',#7303);
#3426=VERTEX_POINT('',#7417);
#3427=VERTEX_POINT('',#7419);
#3428=VERTEX_POINT('',#7421);
#3429=VERTEX_POINT('',#7423);
#3430=VERTEX_POINT('',#7425);
#3431=VERTEX_POINT('',#7427);
#3432=VERTEX_POINT('',#7430);
#3433=VERTEX_POINT('',#7433);
#3434=VERTEX_POINT('',#7436);
#3435=VERTEX_POINT('',#7437);
#3436=VERTEX_POINT('',#7440);
#3437=VERTEX_POINT('',#7447);
#3438=VERTEX_POINT('',#7448);
#3439=VERTEX_POINT('',#7451);
#3440=VERTEX_POINT('',#7458);
#3441=VERTEX_POINT('',#7459);
#3442=VERTEX_POINT('',#7462);
#3443=VERTEX_POINT('',#7470);
#3444=VERTEX_POINT('',#7473);
#3445=VERTEX_POINT('',#7477);
#3446=VERTEX_POINT('',#7482);
#3447=VERTEX_POINT('',#7488);
#3448=VERTEX_POINT('',#7491);
#3449=VERTEX_POINT('',#7497);
#3450=VERTEX_POINT('',#7567);
#3451=VERTEX_POINT('',#7572);
#3452=VERTEX_POINT('',#7575);
#3453=VERTEX_POINT('',#7579);
#3454=VERTEX_POINT('',#7596);
#3455=VERTEX_POINT('',#7597);
#3456=VERTEX_POINT('',#7605);
#3457=VERTEX_POINT('',#7644);
#3458=VERTEX_POINT('',#7647);
#3459=VERTEX_POINT('',#7650);
#3460=VERTEX_POINT('',#7653);
#3461=VERTEX_POINT('',#7655);
#3462=VERTEX_POINT('',#7664);
#3463=ELLIPSE('',#4376,0.00699604955361152,0.006);
#3464=ELLIPSE('',#4377,0.00699604955361181,0.006);
#3465=ELLIPSE('',#4379,0.00699604955361152,0.006);
#3466=ELLIPSE('',#4380,0.00699604955361181,0.006);
#3467=ELLIPSE('',#4386,0.00699604955361181,0.006);
#3468=ELLIPSE('',#4387,0.00699604955361181,0.006);
#3469=ELLIPSE('',#4389,0.00699604955361181,0.006);
#3470=ELLIPSE('',#4390,0.00699604955361181,0.006);
#3471=ELLIPSE('',#4395,0.00923634900208408,0.00475);
#3472=ELLIPSE('',#4397,0.00923634900208407,0.00475);
#3473=ELLIPSE('',#4400,0.00923634900208408,0.00475);
#3474=ELLIPSE('',#4402,0.00923634900208407,0.00475);
#3475=ELLIPSE('',#4409,0.00923634900208409,0.00475);
#3476=ELLIPSE('',#4411,0.00923634900208409,0.00475);
#3477=ELLIPSE('',#4414,0.00923634900208409,0.00475);
#3478=ELLIPSE('',#4416,0.00923634900208409,0.00475);
#3479=ELLIPSE('',#4418,0.00699604955361152,0.006);
#3480=ELLIPSE('',#4420,0.00699604955361152,0.006);
#3481=ELLIPSE('',#4431,0.0116669671605273,0.006);
#3482=ELLIPSE('',#4432,0.0116669671605273,0.006);
#3483=ELLIPSE('',#4433,0.0116669671605258,0.006);
#3484=ELLIPSE('',#4434,0.0116669671605258,0.006);
#3485=ELLIPSE('',#4440,0.0116669671605258,0.006);
#3486=ELLIPSE('',#4441,0.0116669671605258,0.006);
#3487=ELLIPSE('',#4442,0.0116669671605273,0.006);
#3488=ELLIPSE('',#4443,0.0116669671605273,0.006);
#3489=ELLIPSE('',#4445,0.0022057181077087,0.00075);
#3490=ELLIPSE('',#4446,0.0435957441991341,0.006);
#3491=ELLIPSE('',#4447,0.003,0.0015);
#3492=ELLIPSE('',#4449,0.00221522260751307,0.00075);
#3493=ELLIPSE('',#4450,0.0435957441991703,0.006);
#3494=ELLIPSE('',#4451,0.003,0.0015);
#3495=ELLIPSE('',#4467,0.0126392144239029,0.0065);
#3496=ELLIPSE('',#4471,0.0126392144239046,0.0065);
#3497=ELLIPSE('',#4474,0.0126392144239046,0.0065);
#3498=ELLIPSE('',#4476,0.0126392144239046,0.0065);
#3499=ELLIPSE('',#4479,0.0126392144239045,0.0065);
#3500=ELLIPSE('',#4487,0.0119358430493489,0.00613827546702941);
#3501=ELLIPSE('',#4490,0.00145751032366906,0.00125);
#3502=ELLIPSE('',#4491,0.00145751032366906,0.00125);
#3503=ELLIPSE('',#4493,0.0119358430493504,0.00613827546702941);
#3504=ELLIPSE('',#4496,0.0119358430493504,0.00613827546702941);
#3505=ELLIPSE('',#4499,0.0119358430493504,0.00613827546702941);
#3506=ELLIPSE('',#4504,0.00699604955361181,0.006);
#3507=ELLIPSE('',#4505,0.00699604955361181,0.006);
#3508=ELLIPSE('',#4526,0.0092363490020829,0.00475);
#3509=ELLIPSE('',#4528,0.0092363490020829,0.00475);
#3510=ELLIPSE('',#4540,0.00699604955361183,0.006);
#3511=ELLIPSE('',#4547,0.00699604955361183,0.006);
#3512=ELLIPSE('',#4563,0.0159552171093947,0.006);
#3513=ELLIPSE('',#4564,0.0159552171093947,0.006);
#3514=ELLIPSE('',#4566,0.0022057181077087,0.00075);
#3515=ELLIPSE('',#4567,0.003,0.0015);
#3516=ELLIPSE('',#4568,0.0435957441991341,0.006);
#3517=ELLIPSE('',#4570,0.0159552171093901,0.006);
#3518=ELLIPSE('',#4571,0.0159552171093901,0.006);
#3519=ELLIPSE('',#4600,0.00438810122695807,0.00075);
#3520=ELLIPSE('',#4610,0.00436280467051443,0.00075);
#3521=ELLIPSE('',#4613,0.00221522260751307,0.00075);
#3522=ELLIPSE('',#4614,0.003,0.0015);
#3523=ELLIPSE('',#4615,0.0435957441991703,0.006);
#3524=ELLIPSE('',#4626,0.00361761606402156,0.00075);
#3525=ELLIPSE('',#4633,0.0035938667486356,0.00075);
#3526=ELLIPSE('',#4670,0.0092363490020829,0.00475);
#3527=ELLIPSE('',#4671,0.0092363490020829,0.00475);
#3528=ELLIPSE('',#4672,0.00923634900208409,0.00475);
#3529=ELLIPSE('',#4673,0.00923634900208409,0.00475);
#3530=ELLIPSE('',#4674,0.00923634900208407,0.00475);
#3531=ELLIPSE('',#4675,0.00923634900208407,0.00475);
#3532=ELLIPSE('',#4677,0.0126392144239045,0.0065);
#3533=ELLIPSE('',#4678,0.0119358430493504,0.00613827546702941);
#3534=ELLIPSE('',#4679,0.0119358430493504,0.00613827546702941);
#3535=ELLIPSE('',#4680,0.0126392144239029,0.0065);
#3536=ELLIPSE('',#4681,0.0119358430493489,0.00613827546702941);
#3537=EDGE_LOOP('',(#1124,#1125,#1126,#1127));
#3538=EDGE_LOOP('',(#1128,#1129,#1130,#1131));
#3539=EDGE_LOOP('',(#1132,#1133,#1134,#1135,#1136,#1137));
#3540=EDGE_LOOP('',(#1138,#1139,#1140,#1141,#1142,#1143));
#3541=EDGE_LOOP('',(#1144,#1145,#1146,#1147));
#3542=EDGE_LOOP('',(#1148,#1149,#1150,#1151,#1152));
#3543=EDGE_LOOP('',(#1153,#1154,#1155,#1156));
#3544=EDGE_LOOP('',(#1157,#1158,#1159,#1160));
#3545=EDGE_LOOP('',(#1161,#1162,#1163,#1164,#1165,#1166));
#3546=EDGE_LOOP('',(#1167,#1168,#1169,#1170,#1171,#1172));
#3547=EDGE_LOOP('',(#1173,#1174,#1175,#1176));
#3548=EDGE_LOOP('',(#1177,#1178,#1179,#1180));
#3549=EDGE_LOOP('',(#1181,#1182,#1183,#1184));
#3550=EDGE_LOOP('',(#1185,#1186,#1187,#1188));
#3551=EDGE_LOOP('',(#1189,#1190,#1191,#1192,#1193,#1194));
#3552=EDGE_LOOP('',(#1195,#1196,#1197,#1198,#1199,#1200));
#3553=EDGE_LOOP('',(#1201,#1202,#1203,#1204));
#3554=EDGE_LOOP('',(#1205,#1206,#1207,#1208));
#3555=EDGE_LOOP('',(#1209,#1210,#1211,#1212,#1213,#1214,#1215,#1216,#1217));
#3556=EDGE_LOOP('',(#1218,#1219,#1220,#1221,#1222,#1223,#1224,#1225));
#3557=EDGE_LOOP('',(#1226,#1227,#1228,#1229));
#3558=EDGE_LOOP('',(#1230,#1231,#1232,#1233));
#3559=EDGE_LOOP('',(#1234,#1235,#1236,#1237,#1238,#1239,#1240,#1241,#1242,
#1243,#1244,#1245,#1246,#1247,#1248,#1249,#1250,#1251,#1252,#1253,#1254,
#1255,#1256,#1257,#1258,#1259));
#3560=EDGE_LOOP('',(#1260,#1261,#1262,#1263,#1264,#1265));
#3561=EDGE_LOOP('',(#1266,#1267,#1268,#1269,#1270,#1271));
#3562=EDGE_LOOP('',(#1272,#1273,#1274,#1275,#1276,#1277,#1278,#1279,#1280,
#1281,#1282,#1283,#1284,#1285,#1286,#1287,#1288,#1289,#1290,#1291,#1292,
#1293));
#3563=EDGE_LOOP('',(#1294,#1295,#1296,#1297,#1298,#1299,#1300,#1301,#1302,
#1303,#1304,#1305,#1306,#1307,#1308,#1309,#1310,#1311,#1312,#1313));
#3564=EDGE_LOOP('',(#1314,#1315,#1316,#1317,#1318,#1319,#1320,#1321,#1322));
#3565=EDGE_LOOP('',(#1323,#1324,#1325,#1326,#1327,#1328,#1329,#1330,#1331));
#3566=EDGE_LOOP('',(#1332,#1333,#1334,#1335));
#3567=EDGE_LOOP('',(#1336,#1337,#1338,#1339));
#3568=EDGE_LOOP('',(#1340,#1341,#1342,#1343));
#3569=EDGE_LOOP('',(#1344,#1345,#1346,#1347));
#3570=EDGE_LOOP('',(#1348,#1349,#1350,#1351));
#3571=EDGE_LOOP('',(#1352,#1353,#1354,#1355));
#3572=EDGE_LOOP('',(#1356,#1357,#1358,#1359));
#3573=EDGE_LOOP('',(#1360,#1361,#1362,#1363));
#3574=EDGE_LOOP('',(#1364,#1365,#1366,#1367));
#3575=EDGE_LOOP('',(#1368,#1369,#1370,#1371));
#3576=EDGE_LOOP('',(#1372,#1373,#1374,#1375,#1376,#1377,#1378,#1379));
#3577=EDGE_LOOP('',(#1380,#1381,#1382,#1383,#1384,#1385,#1386,#1387,#1388,
#1389,#1390));
#3578=EDGE_LOOP('',(#1391,#1392,#1393));
#3579=EDGE_LOOP('',(#1394,#1395,#1396,#1397,#1398,#1399,#1400,#1401));
#3580=EDGE_LOOP('',(#1402,#1403,#1404,#1405));
#3581=EDGE_LOOP('',(#1406,#1407,#1408,#1409));
#3582=EDGE_LOOP('',(#1410,#1411,#1412,#1413));
#3583=EDGE_LOOP('',(#1414,#1415,#1416,#1417,#1418,#1419,#1420,#1421));
#3584=EDGE_LOOP('',(#1422,#1423,#1424,#1425,#1426,#1427,#1428,#1429,#1430,
#1431,#1432,#1433,#1434,#1435));
#3585=EDGE_LOOP('',(#1436,#1437,#1438,#1439,#1440,#1441,#1442,#1443,#1444,
#1445,#1446));
#3586=EDGE_LOOP('',(#1447,#1448,#1449,#1450,#1451,#1452,#1453,#1454));
#3587=EDGE_LOOP('',(#1455,#1456,#1457,#1458));
#3588=EDGE_LOOP('',(#1459,#1460,#1461,#1462,#1463,#1464,#1465,#1466,#1467,
#1468,#1469,#1470,#1471,#1472,#1473,#1474));
#3589=EDGE_LOOP('',(#1475,#1476,#1477));
#3590=EDGE_LOOP('',(#1478,#1479,#1480,#1481,#1482,#1483,#1484,#1485));
#3591=EDGE_LOOP('',(#1486,#1487,#1488,#1489,#1490,#1491,#1492,#1493));
#3592=EDGE_LOOP('',(#1494,#1495,#1496,#1497));
#3593=EDGE_LOOP('',(#1498,#1499,#1500,#1501,#1502,#1503,#1504,#1505,#1506,
#1507,#1508,#1509,#1510,#1511,#1512,#1513));
#3594=EDGE_LOOP('',(#1514,#1515,#1516));
#3595=EDGE_LOOP('',(#1517,#1518,#1519,#1520,#1521,#1522,#1523,#1524));
#3596=EDGE_LOOP('',(#1525,#1526,#1527,#1528));
#3597=EDGE_LOOP('',(#1529,#1530,#1531,#1532,#1533,#1534,#1535,#1536,#1537,
#1538,#1539,#1540,#1541,#1542,#1543,#1544));
#3598=EDGE_LOOP('',(#1545,#1546,#1547));
#3599=EDGE_LOOP('',(#1548,#1549,#1550,#1551));
#3600=EDGE_LOOP('',(#1552,#1553,#1554,#1555));
#3601=EDGE_LOOP('',(#1556,#1557));
#3602=EDGE_LOOP('',(#1558,#1559,#1560,#1561));
#3603=EDGE_LOOP('',(#1562,#1563));
#3604=EDGE_LOOP('',(#1564,#1565,#1566,#1567));
#3605=EDGE_LOOP('',(#1568,#1569));
#3606=EDGE_LOOP('',(#1570,#1571,#1572,#1573));
#3607=EDGE_LOOP('',(#1574,#1575,#1576,#1577,#1578,#1579));
#3608=EDGE_LOOP('',(#1580,#1581,#1582,#1583));
#3609=EDGE_LOOP('',(#1584,#1585,#1586,#1587));
#3610=EDGE_LOOP('',(#1588,#1589,#1590,#1591));
#3611=EDGE_LOOP('',(#1592,#1593,#1594,#1595,#1596,#1597,#1598,#1599));
#3612=EDGE_LOOP('',(#1600,#1601,#1602,#1603,#1604,#1605));
#3613=EDGE_LOOP('',(#1606,#1607,#1608,#1609,#1610,#1611,#1612,#1613,#1614,
#1615,#1616,#1617,#1618,#1619,#1620,#1621,#1622,#1623));
#3614=EDGE_LOOP('',(#1624,#1625,#1626,#1627));
#3615=EDGE_LOOP('',(#1628,#1629,#1630,#1631));
#3616=EDGE_LOOP('',(#1632,#1633,#1634,#1635));
#3617=EDGE_LOOP('',(#1636,#1637,#1638,#1639));
#3618=EDGE_LOOP('',(#1640,#1641,#1642,#1643,#1644,#1645,#1646,#1647));
#3619=EDGE_LOOP('',(#1648,#1649,#1650,#1651));
#3620=EDGE_LOOP('',(#1652,#1653,#1654,#1655,#1656,#1657,#1658,#1659,#1660,
#1661));
#3621=EDGE_LOOP('',(#1662,#1663,#1664,#1665,#1666,#1667,#1668,#1669,#1670));
#3622=EDGE_LOOP('',(#1671,#1672,#1673,#1674,#1675,#1676,#1677,#1678,#1679,
#1680));
#3623=EDGE_LOOP('',(#1681,#1682,#1683,#1684));
#3624=EDGE_LOOP('',(#1685));
#3625=EDGE_LOOP('',(#1686,#1687,#1688,#1689,#1690,#1691));
#3626=EDGE_LOOP('',(#1692));
#3627=EDGE_LOOP('',(#1693,#1694,#1695,#1696,#1697,#1698));
#3628=EDGE_LOOP('',(#1699,#1700,#1701,#1702));
#3629=EDGE_LOOP('',(#1703,#1704,#1705,#1706));
#3630=EDGE_LOOP('',(#1707,#1708,#1709,#1710));
#3631=EDGE_LOOP('',(#1711,#1712,#1713,#1714));
#3632=EDGE_LOOP('',(#1715,#1716,#1717,#1718));
#3633=EDGE_LOOP('',(#1719,#1720,#1721));
#3634=EDGE_LOOP('',(#1722,#1723,#1724));
#3635=EDGE_LOOP('',(#1725,#1726,#1727));
#3636=EDGE_LOOP('',(#1728,#1729,#1730));
#3637=EDGE_LOOP('',(#1731,#1732,#1733,#1734));
#3638=EDGE_LOOP('',(#1735,#1736,#1737,#1738,#1739,#1740));
#3639=EDGE_LOOP('',(#1741,#1742,#1743,#1744,#1745,#1746));
#3640=EDGE_LOOP('',(#1747,#1748,#1749,#1750,#1751,#1752));
#3641=EDGE_LOOP('',(#1753,#1754,#1755));
#3642=EDGE_LOOP('',(#1756,#1757,#1758,#1759,#1760,#1761));
#3643=EDGE_LOOP('',(#1762,#1763,#1764,#1765));
#3644=EDGE_LOOP('',(#1766,#1767,#1768,#1769,#1770,#1771,#1772,#1773,#1774));
#3645=EDGE_LOOP('',(#1775,#1776,#1777,#1778,#1779,#1780,#1781,#1782,#1783));
#3646=EDGE_LOOP('',(#1784,#1785,#1786,#1787,#1788,#1789,#1790,#1791,#1792));
#3647=EDGE_LOOP('',(#1793,#1794,#1795));
#3648=EDGE_LOOP('',(#1796,#1797,#1798));
#3649=EDGE_LOOP('',(#1799,#1800,#1801,#1802));
#3650=EDGE_LOOP('',(#1803,#1804,#1805,#1806,#1807));
#3651=EDGE_LOOP('',(#1808,#1809,#1810,#1811,#1812,#1813));
#3652=EDGE_LOOP('',(#1814,#1815,#1816));
#3653=EDGE_LOOP('',(#1817,#1818,#1819,#1820));
#3654=EDGE_LOOP('',(#1821,#1822,#1823,#1824,#1825));
#3655=EDGE_LOOP('',(#1826,#1827,#1828,#1829,#1830));
#3656=EDGE_LOOP('',(#1831,#1832,#1833,#1834,#1835,#1836));
#3657=EDGE_LOOP('',(#1837,#1838,#1839,#1840,#1841));
#3658=EDGE_LOOP('',(#1842,#1843,#1844,#1845));
#3659=EDGE_LOOP('',(#1846,#1847,#1848,#1849));
#3660=EDGE_LOOP('',(#1850,#1851,#1852));
#3661=EDGE_LOOP('',(#1853,#1854,#1855));
#3662=EDGE_LOOP('',(#1856));
#3663=EDGE_LOOP('',(#1857,#1858,#1859,#1860));
#3664=EDGE_LOOP('',(#1861));
#3665=EDGE_LOOP('',(#1862,#1863,#1864,#1865));
#3666=EDGE_LOOP('',(#1866,#1867,#1868,#1869));
#3667=EDGE_LOOP('',(#1870,#1871,#1872,#1873));
#3668=EDGE_LOOP('',(#1874,#1875,#1876,#1877));
#3669=EDGE_LOOP('',(#1878,#1879,#1880,#1881));
#3670=EDGE_LOOP('',(#1882,#1883,#1884,#1885));
#3671=EDGE_LOOP('',(#1886,#1887,#1888,#1889));
#3672=EDGE_LOOP('',(#1890,#1891,#1892,#1893));
#3673=EDGE_LOOP('',(#1894,#1895,#1896,#1897));
#3674=EDGE_LOOP('',(#1898));
#3675=EDGE_LOOP('',(#1899));
#3676=EDGE_LOOP('',(#1900));
#3677=EDGE_LOOP('',(#1901));
#3678=EDGE_LOOP('',(#1902));
#3679=EDGE_LOOP('',(#1903));
#3680=EDGE_LOOP('',(#1904));
#3681=EDGE_LOOP('',(#1905));
#3682=EDGE_LOOP('',(#1906));
#3683=EDGE_LOOP('',(#1907));
#3684=EDGE_LOOP('',(#1908,#1909,#1910,#1911,#1912,#1913,#1914,#1915,#1916,
#1917,#1918,#1919,#1920));
#3685=EDGE_LOOP('',(#1921,#1922,#1923,#1924,#1925,#1926,#1927,#1928,#1929,
#1930,#1931,#1932,#1933,#1934,#1935,#1936));
#3686=EDGE_LOOP('',(#1937,#1938,#1939,#1940,#1941,#1942,#1943,#1944,#1945,
#1946,#1947,#1948,#1949,#1950,#1951,#1952));
#3687=EDGE_LOOP('',(#1953,#1954,#1955,#1956,#1957,#1958,#1959,#1960,#1961,
#1962,#1963,#1964,#1965,#1966,#1967,#1968));
#3688=EDGE_LOOP('',(#1969,#1970,#1971,#1972,#1973,#1974,#1975,#1976,#1977,
#1978,#1979,#1980,#1981));
#3689=EDGE_LOOP('',(#1982,#1983,#1984,#1985,#1986,#1987,#1988,#1989,#1990,
#1991,#1992,#1993,#1994,#1995,#1996,#1997));
#3690=EDGE_LOOP('',(#1998,#1999,#2000,#2001,#2002,#2003,#2004,#2005,#2006,
#2007,#2008,#2009,#2010,#2011,#2012,#2013));
#3691=EDGE_LOOP('',(#2014,#2015,#2016,#2017,#2018,#2019,#2020,#2021,#2022,
#2023,#2024,#2025,#2026,#2027,#2028,#2029));
#3692=EDGE_LOOP('',(#2030,#2031,#2032,#2033));
#3693=EDGE_LOOP('',(#2034,#2035,#2036,#2037));
#3694=EDGE_LOOP('',(#2038,#2039,#2040,#2041));
#3695=EDGE_LOOP('',(#2042,#2043,#2044));
#3696=EDGE_LOOP('',(#2045,#2046,#2047));
#3697=EDGE_LOOP('',(#2048,#2049,#2050,#2051));
#3698=EDGE_LOOP('',(#2052,#2053,#2054,#2055));
#3699=EDGE_LOOP('',(#2056,#2057,#2058,#2059));
#3700=EDGE_LOOP('',(#2060,#2061,#2062,#2063,#2064,#2065,#2066,#2067));
#3701=EDGE_LOOP('',(#2068,#2069,#2070));
#3702=EDGE_LOOP('',(#2071,#2072,#2073,#2074,#2075,#2076));
#3703=EDGE_LOOP('',(#2077,#2078,#2079));
#3704=EDGE_LOOP('',(#2080,#2081,#2082));
#3705=EDGE_LOOP('',(#2083,#2084,#2085,#2086,#2087,#2088));
#3706=EDGE_LOOP('',(#2089,#2090,#2091,#2092));
#3707=EDGE_LOOP('',(#2093,#2094,#2095));
#3708=EDGE_LOOP('',(#2096,#2097,#2098,#2099,#2100,#2101,#2102,#2103));
#3709=EDGE_LOOP('',(#2104,#2105,#2106,#2107,#2108,#2109,#2110,#2111,#2112,
#2113,#2114,#2115));
#3710=EDGE_LOOP('',(#2116,#2117,#2118,#2119));
#3711=EDGE_LOOP('',(#2120,#2121,#2122));
#3712=EDGE_LOOP('',(#2123,#2124,#2125,#2126,#2127,#2128,#2129,#2130,#2131,
#2132,#2133,#2134));
#3713=EDGE_LOOP('',(#2135,#2136,#2137,#2138));
#3714=EDGE_LOOP('',(#2139,#2140,#2141));
#3715=EDGE_LOOP('',(#2142,#2143,#2144,#2145));
#3716=EDGE_LOOP('',(#2146,#2147,#2148,#2149));
#3717=EDGE_LOOP('',(#2150,#2151,#2152));
#3718=EDGE_LOOP('',(#2153,#2154,#2155));
#3719=EDGE_LOOP('',(#2156,#2157,#2158,#2159,#2160,#2161));
#3720=EDGE_LOOP('',(#2162,#2163,#2164,#2165));
#3721=EDGE_LOOP('',(#2166,#2167));
#3722=EDGE_LOOP('',(#2168,#2169,#2170,#2171));
#3723=EDGE_LOOP('',(#2172,#2173,#2174,#2175));
#3724=EDGE_LOOP('',(#2176,#2177,#2178));
#3725=EDGE_LOOP('',(#2179,#2180,#2181));
#3726=EDGE_LOOP('',(#2182,#2183,#2184,#2185,#2186,#2187));
#3727=EDGE_LOOP('',(#2188,#2189,#2190,#2191));
#3728=EDGE_LOOP('',(#2192,#2193,#2194,#2195));
#3729=EDGE_LOOP('',(#2196,#2197,#2198,#2199));
#3730=EDGE_LOOP('',(#2200,#2201,#2202));
#3731=EDGE_LOOP('',(#2203,#2204,#2205));
#3732=EDGE_LOOP('',(#2206,#2207,#2208,#2209,#2210,#2211));
#3733=EDGE_LOOP('',(#2212,#2213,#2214,#2215));
#3734=EDGE_LOOP('',(#2216,#2217,#2218,#2219));
#3735=EDGE_LOOP('',(#2220,#2221,#2222,#2223));
#3736=EDGE_LOOP('',(#2224,#2225,#2226));
#3737=EDGE_LOOP('',(#2227));
#3738=EDGE_LOOP('',(#2228));
#3739=EDGE_LOOP('',(#2229,#2230,#2231));
#3740=EDGE_LOOP('',(#2232));
#3741=EDGE_LOOP('',(#2233));
#3742=EDGE_LOOP('',(#2234));
#3743=EDGE_LOOP('',(#2235));
#3744=EDGE_LOOP('',(#2236));
#3745=EDGE_LOOP('',(#2237,#2238,#2239));
#3746=EDGE_LOOP('',(#2240));
#3747=EDGE_LOOP('',(#2241));
#3748=EDGE_LOOP('',(#2242));
#3749=EDGE_LOOP('',(#2243));
#3750=EDGE_LOOP('',(#2244,#2245,#2246));
#3751=EDGE_LOOP('',(#2247));
#3752=EDGE_LOOP('',(#2248));
#3753=EDGE_LOOP('',(#2249));
#3754=EDGE_LOOP('',(#2250,#2251,#2252,#2253));
#3755=EDGE_LOOP('',(#2254,#2255,#2256,#2257));
#3756=EDGE_LOOP('',(#2258,#2259,#2260,#2261));
#3757=EDGE_LOOP('',(#2262,#2263,#2264,#2265));
#3758=EDGE_LOOP('',(#2266,#2267,#2268,#2269));
#3759=EDGE_LOOP('',(#2270,#2271,#2272,#2273));
#3760=EDGE_LOOP('',(#2274,#2275,#2276,#2277,#2278,#2279));
#3761=EDGE_LOOP('',(#2280,#2281,#2282));
#3762=EDGE_LOOP('',(#2283,#2284,#2285,#2286));
#3763=EDGE_LOOP('',(#2287,#2288,#2289));
#3764=EDGE_LOOP('',(#2290,#2291,#2292));
#3765=EDGE_LOOP('',(#2293,#2294,#2295,#2296));
#3766=EDGE_LOOP('',(#2297,#2298,#2299));
#3767=EDGE_LOOP('',(#2300,#2301,#2302,#2303));
#3768=EDGE_LOOP('',(#2304,#2305,#2306,#2307));
#3769=EDGE_LOOP('',(#2308,#2309,#2310,#2311));
#3770=EDGE_LOOP('',(#2312,#2313,#2314,#2315));
#3771=EDGE_LOOP('',(#2316));
#3772=EDGE_LOOP('',(#2317,#2318,#2319,#2320));
#3773=EDGE_LOOP('',(#2321));
#3774=EDGE_LOOP('',(#2322,#2323,#2324,#2325));
#3775=EDGE_LOOP('',(#2326,#2327,#2328,#2329));
#3776=EDGE_LOOP('',(#2330));
#3777=EDGE_LOOP('',(#2331));
#3778=EDGE_LOOP('',(#2332));
#3779=EDGE_LOOP('',(#2333,#2334));
#3780=EDGE_LOOP('',(#2335,#2336,#2337,#2338));
#3781=EDGE_LOOP('',(#2339));
#3782=EDGE_LOOP('',(#2340));
#3783=EDGE_LOOP('',(#2341));
#3784=EDGE_LOOP('',(#2342));
#3785=EDGE_LOOP('',(#2343));
#3786=EDGE_LOOP('',(#2344));
#3787=EDGE_LOOP('',(#2345));
#3788=EDGE_LOOP('',(#2346,#2347,#2348,#2349,#2350,#2351,#2352,#2353));
#3789=EDGE_LOOP('',(#2354,#2355,#2356,#2357,#2358,#2359,#2360,#2361));
#3790=EDGE_LOOP('',(#2362,#2363,#2364,#2365));
#3791=EDGE_LOOP('',(#2366,#2367,#2368,#2369));
#3792=EDGE_LOOP('',(#2370,#2371,#2372,#2373,#2374,#2375));
#3793=EDGE_LOOP('',(#2376,#2377,#2378,#2379));
#3794=EDGE_LOOP('',(#2380,#2381,#2382,#2383));
#3795=EDGE_LOOP('',(#2384,#2385,#2386,#2387));
#3796=EDGE_LOOP('',(#2388,#2389,#2390,#2391));
#3797=EDGE_LOOP('',(#2392,#2393,#2394,#2395));
#3798=EDGE_LOOP('',(#2396,#2397,#2398,#2399));
#3799=EDGE_LOOP('',(#2400,#2401,#2402,#2403));
#3800=FACE_BOUND('',#3537,.T.);
#3801=FACE_BOUND('',#3538,.T.);
#3802=FACE_BOUND('',#3539,.T.);
#3803=FACE_BOUND('',#3540,.T.);
#3804=FACE_BOUND('',#3541,.T.);
#3805=FACE_BOUND('',#3542,.T.);
#3806=FACE_BOUND('',#3543,.T.);
#3807=FACE_BOUND('',#3544,.T.);
#3808=FACE_BOUND('',#3545,.T.);
#3809=FACE_BOUND('',#3546,.T.);
#3810=FACE_BOUND('',#3547,.T.);
#3811=FACE_BOUND('',#3548,.T.);
#3812=FACE_BOUND('',#3549,.T.);
#3813=FACE_BOUND('',#3550,.T.);
#3814=FACE_BOUND('',#3551,.T.);
#3815=FACE_BOUND('',#3552,.T.);
#3816=FACE_BOUND('',#3553,.T.);
#3817=FACE_BOUND('',#3554,.T.);
#3818=FACE_BOUND('',#3555,.T.);
#3819=FACE_BOUND('',#3556,.T.);
#3820=FACE_BOUND('',#3557,.T.);
#3821=FACE_BOUND('',#3558,.T.);
#3822=FACE_BOUND('',#3559,.T.);
#3823=FACE_BOUND('',#3560,.T.);
#3824=FACE_BOUND('',#3561,.T.);
#3825=FACE_BOUND('',#3562,.T.);
#3826=FACE_BOUND('',#3563,.T.);
#3827=FACE_BOUND('',#3564,.T.);
#3828=FACE_BOUND('',#3565,.T.);
#3829=FACE_BOUND('',#3566,.T.);
#3830=FACE_BOUND('',#3567,.T.);
#3831=FACE_BOUND('',#3568,.T.);
#3832=FACE_BOUND('',#3569,.T.);
#3833=FACE_BOUND('',#3570,.T.);
#3834=FACE_BOUND('',#3571,.T.);
#3835=FACE_BOUND('',#3572,.T.);
#3836=FACE_BOUND('',#3573,.T.);
#3837=FACE_BOUND('',#3574,.T.);
#3838=FACE_BOUND('',#3575,.T.);
#3839=FACE_BOUND('',#3576,.T.);
#3840=FACE_BOUND('',#3577,.T.);
#3841=FACE_BOUND('',#3578,.T.);
#3842=FACE_BOUND('',#3579,.T.);
#3843=FACE_BOUND('',#3580,.T.);
#3844=FACE_BOUND('',#3581,.T.);
#3845=FACE_BOUND('',#3582,.T.);
#3846=FACE_BOUND('',#3583,.T.);
#3847=FACE_BOUND('',#3584,.T.);
#3848=FACE_BOUND('',#3585,.T.);
#3849=FACE_BOUND('',#3586,.T.);
#3850=FACE_BOUND('',#3587,.T.);
#3851=FACE_BOUND('',#3588,.T.);
#3852=FACE_BOUND('',#3589,.T.);
#3853=FACE_BOUND('',#3590,.T.);
#3854=FACE_BOUND('',#3591,.T.);
#3855=FACE_BOUND('',#3592,.T.);
#3856=FACE_BOUND('',#3593,.T.);
#3857=FACE_BOUND('',#3594,.T.);
#3858=FACE_BOUND('',#3595,.T.);
#3859=FACE_BOUND('',#3596,.T.);
#3860=FACE_BOUND('',#3597,.T.);
#3861=FACE_BOUND('',#3598,.T.);
#3862=FACE_BOUND('',#3599,.T.);
#3863=FACE_BOUND('',#3600,.T.);
#3864=FACE_BOUND('',#3601,.T.);
#3865=FACE_BOUND('',#3602,.T.);
#3866=FACE_BOUND('',#3603,.T.);
#3867=FACE_BOUND('',#3604,.T.);
#3868=FACE_BOUND('',#3605,.T.);
#3869=FACE_BOUND('',#3606,.T.);
#3870=FACE_BOUND('',#3607,.T.);
#3871=FACE_BOUND('',#3608,.T.);
#3872=FACE_BOUND('',#3609,.T.);
#3873=FACE_BOUND('',#3610,.T.);
#3874=FACE_BOUND('',#3611,.T.);
#3875=FACE_BOUND('',#3612,.T.);
#3876=FACE_BOUND('',#3613,.T.);
#3877=FACE_BOUND('',#3614,.T.);
#3878=FACE_BOUND('',#3615,.T.);
#3879=FACE_BOUND('',#3616,.T.);
#3880=FACE_BOUND('',#3617,.T.);
#3881=FACE_BOUND('',#3618,.T.);
#3882=FACE_BOUND('',#3619,.T.);
#3883=FACE_BOUND('',#3620,.T.);
#3884=FACE_BOUND('',#3621,.T.);
#3885=FACE_BOUND('',#3622,.T.);
#3886=FACE_BOUND('',#3623,.T.);
#3887=FACE_BOUND('',#3624,.T.);
#3888=FACE_BOUND('',#3625,.T.);
#3889=FACE_BOUND('',#3626,.T.);
#3890=FACE_BOUND('',#3627,.T.);
#3891=FACE_BOUND('',#3628,.T.);
#3892=FACE_BOUND('',#3629,.T.);
#3893=FACE_BOUND('',#3630,.T.);
#3894=FACE_BOUND('',#3631,.T.);
#3895=FACE_BOUND('',#3632,.T.);
#3896=FACE_BOUND('',#3633,.T.);
#3897=FACE_BOUND('',#3634,.T.);
#3898=FACE_BOUND('',#3635,.T.);
#3899=FACE_BOUND('',#3636,.T.);
#3900=FACE_BOUND('',#3637,.T.);
#3901=FACE_BOUND('',#3638,.T.);
#3902=FACE_BOUND('',#3639,.T.);
#3903=FACE_BOUND('',#3640,.T.);
#3904=FACE_BOUND('',#3641,.T.);
#3905=FACE_BOUND('',#3642,.T.);
#3906=FACE_BOUND('',#3643,.T.);
#3907=FACE_BOUND('',#3644,.T.);
#3908=FACE_BOUND('',#3645,.T.);
#3909=FACE_BOUND('',#3646,.T.);
#3910=FACE_BOUND('',#3647,.T.);
#3911=FACE_BOUND('',#3648,.T.);
#3912=FACE_BOUND('',#3649,.T.);
#3913=FACE_BOUND('',#3650,.T.);
#3914=FACE_BOUND('',#3651,.T.);
#3915=FACE_BOUND('',#3652,.T.);
#3916=FACE_BOUND('',#3653,.T.);
#3917=FACE_BOUND('',#3654,.T.);
#3918=FACE_BOUND('',#3655,.T.);
#3919=FACE_BOUND('',#3656,.T.);
#3920=FACE_BOUND('',#3657,.T.);
#3921=FACE_BOUND('',#3658,.T.);
#3922=FACE_BOUND('',#3659,.T.);
#3923=FACE_BOUND('',#3660,.T.);
#3924=FACE_BOUND('',#3661,.T.);
#3925=FACE_BOUND('',#3662,.T.);
#3926=FACE_BOUND('',#3663,.T.);
#3927=FACE_BOUND('',#3664,.T.);
#3928=FACE_BOUND('',#3665,.T.);
#3929=FACE_BOUND('',#3666,.T.);
#3930=FACE_BOUND('',#3667,.T.);
#3931=FACE_BOUND('',#3668,.T.);
#3932=FACE_BOUND('',#3669,.T.);
#3933=FACE_BOUND('',#3670,.T.);
#3934=FACE_BOUND('',#3671,.T.);
#3935=FACE_BOUND('',#3672,.T.);
#3936=FACE_BOUND('',#3673,.T.);
#3937=FACE_BOUND('',#3674,.T.);
#3938=FACE_BOUND('',#3675,.T.);
#3939=FACE_BOUND('',#3676,.T.);
#3940=FACE_BOUND('',#3677,.T.);
#3941=FACE_BOUND('',#3678,.T.);
#3942=FACE_BOUND('',#3679,.T.);
#3943=FACE_BOUND('',#3680,.T.);
#3944=FACE_BOUND('',#3681,.T.);
#3945=FACE_BOUND('',#3682,.T.);
#3946=FACE_BOUND('',#3683,.T.);
#3947=FACE_BOUND('',#3684,.T.);
#3948=FACE_BOUND('',#3685,.T.);
#3949=FACE_BOUND('',#3686,.T.);
#3950=FACE_BOUND('',#3687,.T.);
#3951=FACE_BOUND('',#3688,.T.);
#3952=FACE_BOUND('',#3689,.T.);
#3953=FACE_BOUND('',#3690,.T.);
#3954=FACE_BOUND('',#3691,.T.);
#3955=FACE_BOUND('',#3692,.T.);
#3956=FACE_BOUND('',#3693,.T.);
#3957=FACE_BOUND('',#3694,.T.);
#3958=FACE_BOUND('',#3695,.T.);
#3959=FACE_BOUND('',#3696,.T.);
#3960=FACE_BOUND('',#3697,.T.);
#3961=FACE_BOUND('',#3698,.T.);
#3962=FACE_BOUND('',#3699,.T.);
#3963=FACE_BOUND('',#3700,.T.);
#3964=FACE_BOUND('',#3701,.T.);
#3965=FACE_BOUND('',#3702,.T.);
#3966=FACE_BOUND('',#3703,.T.);
#3967=FACE_BOUND('',#3704,.T.);
#3968=FACE_BOUND('',#3705,.T.);
#3969=FACE_BOUND('',#3706,.T.);
#3970=FACE_BOUND('',#3707,.T.);
#3971=FACE_BOUND('',#3708,.T.);
#3972=FACE_BOUND('',#3709,.T.);
#3973=FACE_BOUND('',#3710,.T.);
#3974=FACE_BOUND('',#3711,.T.);
#3975=FACE_BOUND('',#3712,.T.);
#3976=FACE_BOUND('',#3713,.T.);
#3977=FACE_BOUND('',#3714,.T.);
#3978=FACE_BOUND('',#3715,.T.);
#3979=FACE_BOUND('',#3716,.T.);
#3980=FACE_BOUND('',#3717,.T.);
#3981=FACE_BOUND('',#3718,.T.);
#3982=FACE_BOUND('',#3719,.T.);
#3983=FACE_BOUND('',#3720,.T.);
#3984=FACE_BOUND('',#3721,.T.);
#3985=FACE_BOUND('',#3722,.T.);
#3986=FACE_BOUND('',#3723,.T.);
#3987=FACE_BOUND('',#3724,.T.);
#3988=FACE_BOUND('',#3725,.T.);
#3989=FACE_BOUND('',#3726,.T.);
#3990=FACE_BOUND('',#3727,.T.);
#3991=FACE_BOUND('',#3728,.T.);
#3992=FACE_BOUND('',#3729,.T.);
#3993=FACE_BOUND('',#3730,.T.);
#3994=FACE_BOUND('',#3731,.T.);
#3995=FACE_BOUND('',#3732,.T.);
#3996=FACE_BOUND('',#3733,.T.);
#3997=FACE_BOUND('',#3734,.T.);
#3998=FACE_BOUND('',#3735,.T.);
#3999=FACE_BOUND('',#3736,.T.);
#4000=FACE_BOUND('',#3737,.T.);
#4001=FACE_BOUND('',#3738,.T.);
#4002=FACE_BOUND('',#3739,.T.);
#4003=FACE_BOUND('',#3740,.T.);
#4004=FACE_BOUND('',#3741,.T.);
#4005=FACE_BOUND('',#3742,.T.);
#4006=FACE_BOUND('',#3743,.T.);
#4007=FACE_BOUND('',#3744,.T.);
#4008=FACE_BOUND('',#3745,.T.);
#4009=FACE_BOUND('',#3746,.T.);
#4010=FACE_BOUND('',#3747,.T.);
#4011=FACE_BOUND('',#3748,.T.);
#4012=FACE_BOUND('',#3749,.T.);
#4013=FACE_BOUND('',#3750,.T.);
#4014=FACE_BOUND('',#3751,.T.);
#4015=FACE_BOUND('',#3752,.T.);
#4016=FACE_BOUND('',#3753,.T.);
#4017=FACE_BOUND('',#3754,.T.);
#4018=FACE_BOUND('',#3755,.T.);
#4019=FACE_BOUND('',#3756,.T.);
#4020=FACE_BOUND('',#3757,.T.);
#4021=FACE_BOUND('',#3758,.T.);
#4022=FACE_BOUND('',#3759,.T.);
#4023=FACE_BOUND('',#3760,.T.);
#4024=FACE_BOUND('',#3761,.T.);
#4025=FACE_BOUND('',#3762,.T.);
#4026=FACE_BOUND('',#3763,.T.);
#4027=FACE_BOUND('',#3764,.T.);
#4028=FACE_BOUND('',#3765,.T.);
#4029=FACE_BOUND('',#3766,.T.);
#4030=FACE_BOUND('',#3767,.T.);
#4031=FACE_BOUND('',#3768,.T.);
#4032=FACE_BOUND('',#3769,.T.);
#4033=FACE_BOUND('',#3770,.T.);
#4034=FACE_BOUND('',#3771,.T.);
#4035=FACE_BOUND('',#3772,.T.);
#4036=FACE_BOUND('',#3773,.T.);
#4037=FACE_BOUND('',#3774,.T.);
#4038=FACE_BOUND('',#3775,.T.);
#4039=FACE_BOUND('',#3776,.T.);
#4040=FACE_BOUND('',#3777,.T.);
#4041=FACE_BOUND('',#3778,.T.);
#4042=FACE_BOUND('',#3779,.T.);
#4043=FACE_BOUND('',#3780,.T.);
#4044=FACE_BOUND('',#3781,.T.);
#4045=FACE_BOUND('',#3782,.T.);
#4046=FACE_BOUND('',#3783,.T.);
#4047=FACE_BOUND('',#3784,.T.);
#4048=FACE_BOUND('',#3785,.T.);
#4049=FACE_BOUND('',#3786,.T.);
#4050=FACE_BOUND('',#3787,.T.);
#4051=FACE_BOUND('',#3788,.T.);
#4052=FACE_BOUND('',#3789,.T.);
#4053=FACE_BOUND('',#3790,.T.);
#4054=FACE_BOUND('',#3791,.T.);
#4055=FACE_BOUND('',#3792,.T.);
#4056=FACE_BOUND('',#3793,.T.);
#4057=FACE_BOUND('',#3794,.T.);
#4058=FACE_BOUND('',#3795,.T.);
#4059=FACE_BOUND('',#3796,.T.);
#4060=FACE_BOUND('',#3797,.T.);
#4061=FACE_BOUND('',#3798,.T.);
#4062=FACE_BOUND('',#3799,.T.);
#4063=CYLINDRICAL_SURFACE('',#4375,0.006);
#4064=CYLINDRICAL_SURFACE('',#4378,0.006);
#4065=CYLINDRICAL_SURFACE('',#4385,0.006);
#4066=CYLINDRICAL_SURFACE('',#4388,0.006);
#4067=CYLINDRICAL_SURFACE('',#4393,0.00475);
#4068=CYLINDRICAL_SURFACE('',#4398,0.00475);
#4069=CYLINDRICAL_SURFACE('',#4407,0.00475);
#4070=CYLINDRICAL_SURFACE('',#4412,0.00475);
#4071=CYLINDRICAL_SURFACE('',#4417,0.006);
#4072=CYLINDRICAL_SURFACE('',#4419,0.006);
#4073=CYLINDRICAL_SURFACE('',#4430,0.006);
#4074=CYLINDRICAL_SURFACE('',#4437,0.006);
#4075=CYLINDRICAL_SURFACE('',#4452,0.0015);
#4076=CYLINDRICAL_SURFACE('',#4461,0.006);
#4077=CYLINDRICAL_SURFACE('',#4466,0.0065);
#4078=CYLINDRICAL_SURFACE('',#4470,0.0065);
#4079=CYLINDRICAL_SURFACE('',#4475,0.0065);
#4080=CYLINDRICAL_SURFACE('',#4478,0.0065);
#4081=CYLINDRICAL_SURFACE('',#4485,0.00613827546702941);
#4082=CYLINDRICAL_SURFACE('',#4492,0.00613827546702941);
#4083=CYLINDRICAL_SURFACE('',#4497,0.00613827546702941);
#4084=CYLINDRICAL_SURFACE('',#4524,0.00475);
#4085=CYLINDRICAL_SURFACE('',#4538,0.006);
#4086=CYLINDRICAL_SURFACE('',#4546,0.006);
#4087=CYLINDRICAL_SURFACE('',#4551,0.006);
#4088=CYLINDRICAL_SURFACE('',#4554,0.006);
#4089=CYLINDRICAL_SURFACE('',#4587,0.0075);
#4090=CYLINDRICAL_SURFACE('',#4588,0.0075);
#4091=CYLINDRICAL_SURFACE('',#4589,0.006);
#4092=CYLINDRICAL_SURFACE('',#4598,0.006);
#4093=CYLINDRICAL_SURFACE('',#4621,0.008);
#4094=CYLINDRICAL_SURFACE('',#4624,0.006);
#4095=CYLINDRICAL_SURFACE('',#4627,0.008);
#4096=CYLINDRICAL_SURFACE('',#4630,0.006);
#4097=CYLINDRICAL_SURFACE('',#4631,0.006);
#4098=CYLINDRICAL_SURFACE('',#4634,0.006);
#4099=CYLINDRICAL_SURFACE('',#4639,0.008);
#4100=CYLINDRICAL_SURFACE('',#4640,0.008);
#4101=CYLINDRICAL_SURFACE('',#4641,0.00275);
#4102=CYLINDRICAL_SURFACE('',#4645,0.00275);
#4103=CYLINDRICAL_SURFACE('',#4685,0.0065);
#4104=CYLINDRICAL_SURFACE('',#4686,0.0065);
#4105=CYLINDRICAL_SURFACE('',#4691,0.00613827546702941);
#4106=CYLINDRICAL_SURFACE('',#4693,0.00613827546702941);
#4107=CYLINDRICAL_SURFACE('',#4694,0.00613827546702941);
#4108=CYLINDRICAL_SURFACE('',#4710,0.00475);
#4109=CYLINDRICAL_SURFACE('',#4717,0.00475);
#4110=CYLINDRICAL_SURFACE('',#4723,0.00475);
#4111=CYLINDRICAL_SURFACE('',#4728,0.00125);
#4112=CYLINDRICAL_SURFACE('',#4730,0.00125);
#4113=CYLINDRICAL_SURFACE('',#4732,0.00125);
#4114=CYLINDRICAL_SURFACE('',#4734,0.00125);
#4115=CYLINDRICAL_SURFACE('',#4736,0.00125);
#4116=CYLINDRICAL_SURFACE('',#4737,0.00125);
#4117=CYLINDRICAL_SURFACE('',#4744,0.0015);
#4118=CYLINDRICAL_SURFACE('',#4746,0.0015);
#4119=CYLINDRICAL_SURFACE('',#4748,0.0015);
#4120=CYLINDRICAL_SURFACE('',#4751,0.0015);
#4121=CYLINDRICAL_SURFACE('',#4753,0.0015);
#4122=CYLINDRICAL_SURFACE('',#4756,0.0015);
#4123=CYLINDRICAL_SURFACE('',#4758,0.0015);
#4124=CYLINDRICAL_SURFACE('',#4763,0.0015);
#4125=CYLINDRICAL_SURFACE('',#4774,0.0015);
#4126=CYLINDRICAL_SURFACE('',#4775,0.00075);
#4127=CYLINDRICAL_SURFACE('',#4782,0.00075);
#4128=CYLINDRICAL_SURFACE('',#4787,0.00075);
#4129=CYLINDRICAL_SURFACE('',#4788,0.00075);
#4130=CYLINDRICAL_SURFACE('',#4789,0.00075);
#4131=CYLINDRICAL_SURFACE('',#4792,0.00145);
#4132=CYLINDRICAL_SURFACE('',#4793,0.00145);
#4133=CYLINDRICAL_SURFACE('',#4796,0.0002);
#4134=ADVANCED_FACE('',(#3800),#4063,.T.);
#4135=ADVANCED_FACE('',(#3801),#4064,.T.);
#4136=ADVANCED_FACE('',(#3802),#217,.F.);
#4137=ADVANCED_FACE('',(#3803),#218,.T.);
#4138=ADVANCED_FACE('',(#3804),#219,.T.);
#4139=ADVANCED_FACE('',(#3805),#211,.T.);
#4140=ADVANCED_FACE('',(#3806),#4065,.T.);
#4141=ADVANCED_FACE('',(#3807),#4066,.T.);
#4142=ADVANCED_FACE('',(#3808),#220,.F.);
#4143=ADVANCED_FACE('',(#3809),#221,.T.);
#4144=ADVANCED_FACE('',(#3810),#4067,.F.);
#4145=ADVANCED_FACE('',(#3811),#4068,.F.);
#4146=ADVANCED_FACE('',(#3812),#222,.T.);
#4147=ADVANCED_FACE('',(#3813),#223,.F.);
#4148=ADVANCED_FACE('',(#3814),#224,.F.);
#4149=ADVANCED_FACE('',(#3815),#225,.T.);
#4150=ADVANCED_FACE('',(#3816),#4069,.F.);
#4151=ADVANCED_FACE('',(#3817),#4070,.F.);
#4152=ADVANCED_FACE('',(#3818),#4071,.T.);
#4153=ADVANCED_FACE('',(#3819),#4072,.T.);
#4154=ADVANCED_FACE('',(#3820),#226,.T.);
#4155=ADVANCED_FACE('',(#3821),#227,.F.);
#4156=ADVANCED_FACE('',(#3822),#228,.F.);
#4157=ADVANCED_FACE('',(#3823),#229,.F.);
#4158=ADVANCED_FACE('',(#3824),#230,.F.);
#4159=ADVANCED_FACE('',(#3825),#4073,.T.);
#4160=ADVANCED_FACE('',(#3826),#4074,.T.);
#4161=ADVANCED_FACE('',(#3827),#231,.T.);
#4162=ADVANCED_FACE('',(#3828),#232,.F.);
#4163=ADVANCED_FACE('',(#3829),#4075,.T.);
#4164=ADVANCED_FACE('',(#3830),#233,.F.);
#4165=ADVANCED_FACE('',(#3831),#234,.F.);
#4166=ADVANCED_FACE('',(#3832),#235,.F.);
#4167=ADVANCED_FACE('',(#3833),#236,.F.);
#4168=ADVANCED_FACE('',(#3834),#237,.F.);
#4169=ADVANCED_FACE('',(#3835),#238,.F.);
#4170=ADVANCED_FACE('',(#3836),#4076,.T.);
#4171=ADVANCED_FACE('',(#3837),#239,.T.);
#4172=ADVANCED_FACE('',(#3838),#240,.F.);
#4173=ADVANCED_FACE('',(#3839),#4077,.F.);
#4174=ADVANCED_FACE('',(#3840),#4078,.F.);
#4175=ADVANCED_FACE('',(#3841),#4079,.F.);
#4176=ADVANCED_FACE('',(#3842),#4080,.F.);
#4177=ADVANCED_FACE('',(#3843),#241,.F.);
#4178=ADVANCED_FACE('',(#3844),#242,.F.);
#4179=ADVANCED_FACE('',(#3845),#243,.F.);
#4180=ADVANCED_FACE('',(#3846),#4081,.F.);
#4181=ADVANCED_FACE('',(#3847),#244,.T.);
#4182=ADVANCED_FACE('',(#3848),#4082,.F.);
#4183=ADVANCED_FACE('',(#3849),#4083,.F.);
#4184=ADVANCED_FACE('',(#3850),#245,.T.);
#4185=ADVANCED_FACE('',(#3851),#246,.T.);
#4186=ADVANCED_FACE('',(#3852),#247,.T.);
#4187=ADVANCED_FACE('',(#3853),#248,.T.);
#4188=ADVANCED_FACE('',(#3854),#249,.T.);
#4189=ADVANCED_FACE('',(#3855),#250,.T.);
#4190=ADVANCED_FACE('',(#3856),#251,.T.);
#4191=ADVANCED_FACE('',(#3857),#252,.T.);
#4192=ADVANCED_FACE('',(#3858),#253,.T.);
#4193=ADVANCED_FACE('',(#3859),#254,.T.);
#4194=ADVANCED_FACE('',(#3860),#255,.T.);
#4195=ADVANCED_FACE('',(#3861),#256,.T.);
#4196=ADVANCED_FACE('',(#3862),#257,.F.);
#4197=ADVANCED_FACE('',(#3863),#4084,.F.);
#4198=ADVANCED_FACE('',(#3864),#258,.F.);
#4199=ADVANCED_FACE('',(#3865),#259,.F.);
#4200=ADVANCED_FACE('',(#3866),#260,.F.);
#4201=ADVANCED_FACE('',(#3867),#261,.F.);
#4202=ADVANCED_FACE('',(#3868),#262,.F.);
#4203=ADVANCED_FACE('',(#3869),#263,.F.);
#4204=ADVANCED_FACE('',(#3870),#4085,.T.);
#4205=ADVANCED_FACE('',(#3871),#264,.F.);
#4206=ADVANCED_FACE('',(#3872),#265,.F.);
#4207=ADVANCED_FACE('',(#3873),#266,.F.);
#4208=ADVANCED_FACE('',(#3874),#267,.F.);
#4209=ADVANCED_FACE('',(#3875),#4086,.T.);
#4210=ADVANCED_FACE('',(#3876,#3877,#3878),#268,.F.);
#4211=ADVANCED_FACE('',(#3879),#269,.T.);
#4212=ADVANCED_FACE('',(#3880),#4087,.T.);
#4213=ADVANCED_FACE('',(#3881),#4088,.T.);
#4214=ADVANCED_FACE('',(#3882),#270,.F.);
#4215=ADVANCED_FACE('',(#3883),#271,.F.);
#4216=ADVANCED_FACE('',(#3884),#272,.T.);
#4217=ADVANCED_FACE('',(#3885),#273,.T.);
#4218=ADVANCED_FACE('',(#3886),#274,.F.);
#4219=ADVANCED_FACE('',(#3887,#3888),#275,.F.);
#4220=ADVANCED_FACE('',(#3889,#3890),#276,.T.);
#4221=ADVANCED_FACE('',(#3891),#277,.T.);
#4222=ADVANCED_FACE('',(#3892),#278,.T.);
#4223=ADVANCED_FACE('',(#3893),#4089,.T.);
#4224=ADVANCED_FACE('',(#3894),#4090,.T.);
#4225=ADVANCED_FACE('',(#3895),#4091,.T.);
#4226=ADVANCED_FACE('',(#3896),#26,.T.);
#4227=ADVANCED_FACE('',(#3897),#27,.T.);
#4228=ADVANCED_FACE('',(#3898),#28,.T.);
#4229=ADVANCED_FACE('',(#3899),#29,.T.);
#4230=ADVANCED_FACE('',(#3900),#4092,.T.);
#4231=ADVANCED_FACE('',(#3901),#279,.F.);
#4232=ADVANCED_FACE('',(#3902),#280,.F.);
#4233=ADVANCED_FACE('',(#3903),#281,.T.);
#4234=ADVANCED_FACE('',(#3904),#282,.F.);
#4235=ADVANCED_FACE('',(#3905),#283,.T.);
#4236=ADVANCED_FACE('',(#3906),#284,.T.);
#4237=ADVANCED_FACE('',(#3907),#285,.F.);
#4238=ADVANCED_FACE('',(#3908),#286,.F.);
#4239=ADVANCED_FACE('',(#3909),#287,.T.);
#4240=ADVANCED_FACE('',(#3910),#288,.T.);
#4241=ADVANCED_FACE('',(#3911),#4093,.T.);
#4242=ADVANCED_FACE('',(#3912),#289,.F.);
#4243=ADVANCED_FACE('',(#3913),#4094,.F.);
#4244=ADVANCED_FACE('',(#3914),#290,.T.);
#4245=ADVANCED_FACE('',(#3915),#4095,.T.);
#4246=ADVANCED_FACE('',(#3916),#291,.F.);
#4247=ADVANCED_FACE('',(#3917),#4096,.F.);
#4248=ADVANCED_FACE('',(#3918),#4097,.F.);
#4249=ADVANCED_FACE('',(#3919),#292,.T.);
#4250=ADVANCED_FACE('',(#3920),#4098,.F.);
#4251=ADVANCED_FACE('',(#3921),#293,.F.);
#4252=ADVANCED_FACE('',(#3922),#294,.F.);
#4253=ADVANCED_FACE('',(#3923),#4099,.T.);
#4254=ADVANCED_FACE('',(#3924),#4100,.T.);
#4255=ADVANCED_FACE('',(#3925,#3926),#4101,.F.);
#4256=ADVANCED_FACE('',(#3927,#3928),#4102,.F.);
#4257=ADVANCED_FACE('',(#3929),#12,.T.);
#4258=ADVANCED_FACE('',(#3930),#212,.T.);
#4259=ADVANCED_FACE('',(#3931),#213,.T.);
#4260=ADVANCED_FACE('',(#3932),#13,.T.);
#4261=ADVANCED_FACE('',(#3933),#14,.T.);
#4262=ADVANCED_FACE('',(#3934),#214,.T.);
#4263=ADVANCED_FACE('',(#3935),#215,.T.);
#4264=ADVANCED_FACE('',(#3936),#15,.T.);
#4265=ADVANCED_FACE('',(#3937,#3938),#16,.T.);
#4266=ADVANCED_FACE('',(#3939,#3940),#17,.T.);
#4267=ADVANCED_FACE('',(#3941,#3942,#3943,#3944,#3945,#3946,#3947,#3948,
#3949,#3950),#295,.T.);
#4268=ADVANCED_FACE('',(#3951,#3952,#3953,#3954),#296,.F.);
#4269=ADVANCED_FACE('',(#3955),#297,.F.);
#4270=ADVANCED_FACE('',(#3956),#298,.F.);
#4271=ADVANCED_FACE('',(#3957),#299,.F.);
#4272=ADVANCED_FACE('',(#3958),#4103,.F.);
#4273=ADVANCED_FACE('',(#3959),#4104,.F.);
#4274=ADVANCED_FACE('',(#3960),#300,.F.);
#4275=ADVANCED_FACE('',(#3961),#301,.F.);
#4276=ADVANCED_FACE('',(#3962),#302,.F.);
#4277=ADVANCED_FACE('',(#3963),#303,.T.);
#4278=ADVANCED_FACE('',(#3964),#4105,.F.);
#4279=ADVANCED_FACE('',(#3965),#304,.T.);
#4280=ADVANCED_FACE('',(#3966),#4106,.F.);
#4281=ADVANCED_FACE('',(#3967),#4107,.F.);
#4282=ADVANCED_FACE('',(#3968),#305,.T.);
#4283=ADVANCED_FACE('',(#3969),#306,.T.);
#4284=ADVANCED_FACE('',(#3970),#307,.T.);
#4285=ADVANCED_FACE('',(#3971),#308,.T.);
#4286=ADVANCED_FACE('',(#3972),#309,.T.);
#4287=ADVANCED_FACE('',(#3973),#310,.T.);
#4288=ADVANCED_FACE('',(#3974),#311,.T.);
#4289=ADVANCED_FACE('',(#3975),#312,.T.);
#4290=ADVANCED_FACE('',(#3976),#313,.T.);
#4291=ADVANCED_FACE('',(#3977),#314,.T.);
#4292=ADVANCED_FACE('',(#3978),#315,.F.);
#4293=ADVANCED_FACE('',(#3979),#316,.F.);
#4294=ADVANCED_FACE('',(#3980),#317,.F.);
#4295=ADVANCED_FACE('',(#3981),#318,.T.);
#4296=ADVANCED_FACE('',(#3982),#319,.F.);
#4297=ADVANCED_FACE('',(#3983),#4108,.F.);
#4298=ADVANCED_FACE('',(#3984),#320,.F.);
#4299=ADVANCED_FACE('',(#3985),#321,.F.);
#4300=ADVANCED_FACE('',(#3986),#322,.F.);
#4301=ADVANCED_FACE('',(#3987),#323,.F.);
#4302=ADVANCED_FACE('',(#3988),#324,.T.);
#4303=ADVANCED_FACE('',(#3989),#325,.F.);
#4304=ADVANCED_FACE('',(#3990),#4109,.F.);
#4305=ADVANCED_FACE('',(#3991),#326,.F.);
#4306=ADVANCED_FACE('',(#3992),#327,.F.);
#4307=ADVANCED_FACE('',(#3993),#328,.F.);
#4308=ADVANCED_FACE('',(#3994),#329,.T.);
#4309=ADVANCED_FACE('',(#3995),#330,.F.);
#4310=ADVANCED_FACE('',(#3996),#4110,.F.);
#4311=ADVANCED_FACE('',(#3997),#331,.T.);
#4312=ADVANCED_FACE('',(#3998),#332,.T.);
#4313=ADVANCED_FACE('',(#3999),#333,.F.);
#4314=ADVANCED_FACE('',(#4000,#4001),#4111,.F.);
#4315=ADVANCED_FACE('',(#4002,#4003),#4112,.F.);
#4316=ADVANCED_FACE('',(#4004,#4005),#4113,.F.);
#4317=ADVANCED_FACE('',(#4006,#4007),#4114,.F.);
#4318=ADVANCED_FACE('',(#4008,#4009),#4115,.F.);
#4319=ADVANCED_FACE('',(#4010,#4011),#4116,.F.);
#4320=ADVANCED_FACE('',(#4012),#334,.T.);
#4321=ADVANCED_FACE('',(#4013),#335,.T.);
#4322=ADVANCED_FACE('',(#4014),#336,.T.);
#4323=ADVANCED_FACE('',(#4015),#337,.F.);
#4324=ADVANCED_FACE('',(#4016),#338,.F.);
#4325=ADVANCED_FACE('',(#4017),#4117,.T.);
#4326=ADVANCED_FACE('',(#4018),#4118,.T.);
#4327=ADVANCED_FACE('',(#4019),#4119,.T.);
#4328=ADVANCED_FACE('',(#4020),#4120,.T.);
#4329=ADVANCED_FACE('',(#4021),#4121,.T.);
#4330=ADVANCED_FACE('',(#4022),#4122,.T.);
#4331=ADVANCED_FACE('',(#4023),#4123,.F.);
#4332=ADVANCED_FACE('',(#4024),#30,.T.);
#4333=ADVANCED_FACE('',(#4025),#4124,.T.);
#4334=ADVANCED_FACE('',(#4026),#31,.T.);
#4335=ADVANCED_FACE('',(#4027),#32,.T.);
#4336=ADVANCED_FACE('',(#4028),#18,.T.);
#4337=ADVANCED_FACE('',(#4029),#33,.T.);
#4338=ADVANCED_FACE('',(#4030),#19,.T.);
#4339=ADVANCED_FACE('',(#4031),#216,.T.);
#4340=ADVANCED_FACE('',(#4032),#4125,.T.);
#4341=ADVANCED_FACE('',(#4033),#4126,.F.);
#4342=ADVANCED_FACE('',(#4034,#4035),#20,.F.);
#4343=ADVANCED_FACE('',(#4036,#4037),#21,.F.);
#4344=ADVANCED_FACE('',(#4038,#4039),#4127,.F.);
#4345=ADVANCED_FACE('',(#4040,#4041,#4042),#22,.F.);
#4346=ADVANCED_FACE('',(#4043,#4044),#4128,.F.);
#4347=ADVANCED_FACE('',(#4045,#4046),#4129,.F.);
#4348=ADVANCED_FACE('',(#4047,#4048),#4130,.F.);
#4349=ADVANCED_FACE('',(#4049,#4050),#23,.F.);
#4350=ADVANCED_FACE('',(#4051),#4131,.F.);
#4351=ADVANCED_FACE('',(#4052),#4132,.F.);
#4352=ADVANCED_FACE('',(#4053),#24,.F.);
#4353=ADVANCED_FACE('',(#4054),#4133,.F.);
#4354=ADVANCED_FACE('',(#4055),#25,.F.);
#4355=ADVANCED_FACE('',(#4056),#339,.F.);
#4356=ADVANCED_FACE('',(#4057),#340,.F.);
#4357=ADVANCED_FACE('',(#4058),#341,.F.);
#4358=ADVANCED_FACE('',(#4059),#342,.F.);
#4359=ADVANCED_FACE('',(#4060),#343,.T.);
#4360=ADVANCED_FACE('',(#4061),#344,.F.);
#4361=ADVANCED_FACE('',(#4062),#345,.T.);
#4362=CLOSED_SHELL('',(#4134,#4135,#4136,#4137,#4138,#4139,#4140,#4141,
#4142,#4143,#4144,#4145,#4146,#4147,#4148,#4149,#4150,#4151,#4152,#4153,
#4154,#4155,#4156,#4157,#4158,#4159,#4160,#4161,#4162,#4163,#4164,#4165,
#4166,#4167,#4168,#4169,#4170,#4171,#4172,#4173,#4174,#4175,#4176,#4177,
#4178,#4179,#4180,#4181,#4182,#4183,#4184,#4185,#4186,#4187,#4188,#4189,
#4190,#4191,#4192,#4193,#4194,#4195,#4196,#4197,#4198,#4199,#4200,#4201,
#4202,#4203,#4204,#4205,#4206,#4207,#4208,#4209,#4210,#4211,#4212,#4213,
#4214,#4215,#4216,#4217,#4218,#4219,#4220,#4221,#4222,#4223,#4224,#4225,
#4226,#4227,#4228,#4229,#4230,#4231,#4232,#4233,#4234,#4235,#4236,#4237,
#4238,#4239,#4240,#4241,#4242,#4243,#4244,#4245,#4246,#4247,#4248,#4249,
#4250,#4251,#4252,#4253,#4254,#4255,#4256,#4257,#4258,#4259,#4260,#4261,
#4262,#4263,#4264,#4265,#4266,#4267,#4268,#4269,#4270,#4271,#4272,#4273,
#4274,#4275,#4276,#4277,#4278,#4279,#4280,#4281,#4282,#4283,#4284,#4285,
#4286,#4287,#4288,#4289,#4290,#4291,#4292,#4293,#4294,#4295,#4296,#4297,
#4298,#4299,#4300,#4301,#4302,#4303,#4304,#4305,#4306,#4307,#4308,#4309,
#4310,#4311,#4312,#4313,#4314,#4315,#4316,#4317,#4318,#4319,#4320,#4321,
#4322,#4323,#4324,#4325,#4326,#4327,#4328,#4329,#4330,#4331,#4332,#4333,
#4334,#4335,#4336,#4337,#4338,#4339,#4340,#4341,#4342,#4343,#4344,#4345,
#4346,#4347,#4348,#4349,#4350,#4351,#4352,#4353,#4354,#4355,#4356,#4357,
#4358,#4359,#4360,#4361));
#4363=STYLED_ITEM('',(#4364),#4371);
#4364=PRESENTATION_STYLE_ASSIGNMENT((#4365));
#4365=SURFACE_STYLE_USAGE(.BOTH.,#4366);
#4366=SURFACE_SIDE_STYLE('',(#4367));
#4367=SURFACE_STYLE_FILL_AREA(#4368);
#4368=FILL_AREA_STYLE('',(#4369));
#4369=FILL_AREA_STYLE_COLOUR('',#4370);
#4370=COLOUR_RGB('',0.796078431372549,0.823529411764706,0.937254901960784);
#4371=MANIFOLD_SOLID_BREP('Base Bone 1.2_V02_middlefinger',#4362);
#4372=SHAPE_DEFINITION_REPRESENTATION(#7686,#4373);
#4373=SHAPE_REPRESENTATION('Base Bone 1.2_V02_middlefinger',(#4374),#7681);
#4374=AXIS2_PLACEMENT_3D('',#6059,#4806,#4807);
#4375=AXIS2_PLACEMENT_3D('',#6060,#4808,#4809);
#4376=AXIS2_PLACEMENT_3D('',#6061,#4810,#4811);
#4377=AXIS2_PLACEMENT_3D('',#6066,#4813,#4814);
#4378=AXIS2_PLACEMENT_3D('',#6069,#4816,#4817);
#4379=AXIS2_PLACEMENT_3D('',#6070,#4818,#4819);
#4380=AXIS2_PLACEMENT_3D('',#6075,#4821,#4822);
#4381=AXIS2_PLACEMENT_3D('',#6078,#4824,#4825);
#4382=AXIS2_PLACEMENT_3D('',#6091,#4832,#4833);
#4383=AXIS2_PLACEMENT_3D('',#6104,#4840,#4841);
#4384=AXIS2_PLACEMENT_3D('',#6140,#4845,#4846);
#4385=AXIS2_PLACEMENT_3D('',#6141,#4847,#4848);
#4386=AXIS2_PLACEMENT_3D('',#6142,#4849,#4850);
#4387=AXIS2_PLACEMENT_3D('',#6147,#4852,#4853);
#4388=AXIS2_PLACEMENT_3D('',#6150,#4855,#4856);
#4389=AXIS2_PLACEMENT_3D('',#6151,#4857,#4858);
#4390=AXIS2_PLACEMENT_3D('',#6156,#4860,#4861);
#4391=AXIS2_PLACEMENT_3D('',#6159,#4863,#4864);
#4392=AXIS2_PLACEMENT_3D('',#6172,#4871,#4872);
#4393=AXIS2_PLACEMENT_3D('',#6185,#4879,#4880);
#4394=AXIS2_PLACEMENT_3D('',#6186,#4881,#4882);
#4395=AXIS2_PLACEMENT_3D('',#6189,#4883,#4884);
#4396=AXIS2_PLACEMENT_3D('',#6191,#4885,#4886);
#4397=AXIS2_PLACEMENT_3D('',#6193,#4887,#4888);
#4398=AXIS2_PLACEMENT_3D('',#6194,#4889,#4890);
#4399=AXIS2_PLACEMENT_3D('',#6195,#4891,#4892);
#4400=AXIS2_PLACEMENT_3D('',#6198,#4893,#4894);
#4401=AXIS2_PLACEMENT_3D('',#6200,#4895,#4896);
#4402=AXIS2_PLACEMENT_3D('',#6202,#4897,#4898);
#4403=AXIS2_PLACEMENT_3D('',#6203,#4899,#4900);
#4404=AXIS2_PLACEMENT_3D('',#6206,#4903,#4904);
#4405=AXIS2_PLACEMENT_3D('',#6209,#4907,#4908);
#4406=AXIS2_PLACEMENT_3D('',#6222,#4915,#4916);
#4407=AXIS2_PLACEMENT_3D('',#6235,#4923,#4924);
#4408=AXIS2_PLACEMENT_3D('',#6236,#4925,#4926);
#4409=AXIS2_PLACEMENT_3D('',#6239,#4927,#4928);
#4410=AXIS2_PLACEMENT_3D('',#6241,#4929,#4930);
#4411=AXIS2_PLACEMENT_3D('',#6243,#4931,#4932);
#4412=AXIS2_PLACEMENT_3D('',#6244,#4933,#4934);
#4413=AXIS2_PLACEMENT_3D('',#6245,#4935,#4936);
#4414=AXIS2_PLACEMENT_3D('',#6248,#4937,#4938);
#4415=AXIS2_PLACEMENT_3D('',#6250,#4939,#4940);
#4416=AXIS2_PLACEMENT_3D('',#6252,#4941,#4942);
#4417=AXIS2_PLACEMENT_3D('',#6253,#4943,#4944);
#4418=AXIS2_PLACEMENT_3D('',#6254,#4945,#4946);
#4419=AXIS2_PLACEMENT_3D('',#6282,#4951,#4952);
#4420=AXIS2_PLACEMENT_3D('',#6286,#4954,#4955);
#4421=AXIS2_PLACEMENT_3D('',#6312,#4959,#4960);
#4422=AXIS2_PLACEMENT_3D('',#6315,#4963,#4964);
#4423=AXIS2_PLACEMENT_3D('',#6318,#4967,#4968);
#4424=AXIS2_PLACEMENT_3D('',#6350,#4985,#4986);
#4425=AXIS2_PLACEMENT_3D('',#6357,#4987,#4988);
#4426=AXIS2_PLACEMENT_3D('',#6361,#4990,#4991);
#4427=AXIS2_PLACEMENT_3D('',#6368,#4995,#4996);
#4428=AXIS2_PLACEMENT_3D('',#6387,#5001,#5002);
#4429=AXIS2_PLACEMENT_3D('',#6403,#5005,#5006);
#4430=AXIS2_PLACEMENT_3D('',#6406,#5008,#5009);
#4431=AXIS2_PLACEMENT_3D('',#6416,#5010,#5011);
#4432=AXIS2_PLACEMENT_3D('',#6430,#5012,#5013);
#4433=AXIS2_PLACEMENT_3D('',#6444,#5014,#5015);
#4434=AXIS2_PLACEMENT_3D('',#6458,#5016,#5017);
#4435=AXIS2_PLACEMENT_3D('',#6462,#5019,#5020);
#4436=AXIS2_PLACEMENT_3D('',#6466,#5022,#5023);
#4437=AXIS2_PLACEMENT_3D('',#6496,#5029,#5030);
#4438=AXIS2_PLACEMENT_3D('',#6531,#5034,#5035);
#4439=AXIS2_PLACEMENT_3D('',#6532,#5036,#5037);
#4440=AXIS2_PLACEMENT_3D('',#6536,#5039,#5040);
#4441=AXIS2_PLACEMENT_3D('',#6552,#5041,#5042);
#4442=AXIS2_PLACEMENT_3D('',#6568,#5043,#5044);
#4443=AXIS2_PLACEMENT_3D('',#6584,#5045,#5046);
#4444=AXIS2_PLACEMENT_3D('',#6585,#5047,#5048);
#4445=AXIS2_PLACEMENT_3D('',#6589,#5050,#5051);
#4446=AXIS2_PLACEMENT_3D('',#6593,#5053,#5054);
#4447=AXIS2_PLACEMENT_3D('',#6603,#5059,#5060);
#4448=AXIS2_PLACEMENT_3D('',#6604,#5061,#5062);
#4449=AXIS2_PLACEMENT_3D('',#6605,#5063,#5064);
#4450=AXIS2_PLACEMENT_3D('',#6610,#5066,#5067);
#4451=AXIS2_PLACEMENT_3D('',#6620,#5072,#5073);
#4452=AXIS2_PLACEMENT_3D('',#6623,#5075,#5076);
#4453=AXIS2_PLACEMENT_3D('',#6627,#5078,#5079);
#4454=AXIS2_PLACEMENT_3D('',#6631,#5081,#5082);
#4455=AXIS2_PLACEMENT_3D('',#6632,#5083,#5084);
#4456=AXIS2_PLACEMENT_3D('',#6641,#5089,#5090);
#4457=AXIS2_PLACEMENT_3D('',#6650,#5095,#5096);
#4458=AXIS2_PLACEMENT_3D('',#6659,#5101,#5102);
#4459=AXIS2_PLACEMENT_3D('',#6668,#5107,#5108);
#4460=AXIS2_PLACEMENT_3D('',#6677,#5113,#5114);
#4461=AXIS2_PLACEMENT_3D('',#6686,#5119,#5120);
#4462=AXIS2_PLACEMENT_3D('',#6687,#5121,#5122);
#4463=AXIS2_PLACEMENT_3D('',#6689,#5123,#5124);
#4464=AXIS2_PLACEMENT_3D('',#6692,#5126,#5127);
#4465=AXIS2_PLACEMENT_3D('',#6701,#5132,#5133);
#4466=AXIS2_PLACEMENT_3D('',#6710,#5138,#5139);
#4467=AXIS2_PLACEMENT_3D('',#6711,#5140,#5141);
#4468=AXIS2_PLACEMENT_3D('',#6713,#5142,#5143);
#4469=AXIS2_PLACEMENT_3D('',#6717,#5145,#5146);
#4470=AXIS2_PLACEMENT_3D('',#6721,#5149,#5150);
#4471=AXIS2_PLACEMENT_3D('',#6729,#5152,#5153);
#4472=AXIS2_PLACEMENT_3D('',#6731,#5154,#5155);
#4473=AXIS2_PLACEMENT_3D('',#6735,#5157,#5158);
#4474=AXIS2_PLACEMENT_3D('',#6740,#5161,#5162);
#4475=AXIS2_PLACEMENT_3D('',#6741,#5163,#5164);
#4476=AXIS2_PLACEMENT_3D('',#6742,#5165,#5166);
#4477=AXIS2_PLACEMENT_3D('',#6747,#5168,#5169);
#4478=AXIS2_PLACEMENT_3D('',#6748,#5170,#5171);
#4479=AXIS2_PLACEMENT_3D('',#6749,#5172,#5173);
#4480=AXIS2_PLACEMENT_3D('',#6751,#5174,#5175);
#4481=AXIS2_PLACEMENT_3D('',#6755,#5177,#5178);
#4482=AXIS2_PLACEMENT_3D('',#6759,#5181,#5182);
#4483=AXIS2_PLACEMENT_3D('',#6768,#5187,#5188);
#4484=AXIS2_PLACEMENT_3D('',#6774,#5192,#5193);
#4485=AXIS2_PLACEMENT_3D('',#6780,#5197,#5198);
#4486=AXIS2_PLACEMENT_3D('',#6781,#5199,#5200);
#4487=AXIS2_PLACEMENT_3D('',#6784,#5201,#5202);
#4488=AXIS2_PLACEMENT_3D('',#6788,#5205,#5206);
#4489=AXIS2_PLACEMENT_3D('',#6791,#5208,#5209);
#4490=AXIS2_PLACEMENT_3D('',#6792,#5210,#5211);
#4491=AXIS2_PLACEMENT_3D('',#6802,#5217,#5218);
#4492=AXIS2_PLACEMENT_3D('',#6806,#5221,#5222);
#4493=AXIS2_PLACEMENT_3D('',#6813,#5223,#5224);
#4494=AXIS2_PLACEMENT_3D('',#6816,#5226,#5227);
#4495=AXIS2_PLACEMENT_3D('',#6820,#5229,#5230);
#4496=AXIS2_PLACEMENT_3D('',#6822,#5231,#5232);
#4497=AXIS2_PLACEMENT_3D('',#6823,#5233,#5234);
#4498=AXIS2_PLACEMENT_3D('',#6824,#5235,#5236);
#4499=AXIS2_PLACEMENT_3D('',#6827,#5237,#5238);
#4500=AXIS2_PLACEMENT_3D('',#6829,#5240,#5241);
#4501=AXIS2_PLACEMENT_3D('',#6832,#5243,#5244);
#4502=AXIS2_PLACEMENT_3D('',#6841,#5249,#5250);
#4503=AXIS2_PLACEMENT_3D('',#6845,#5253,#5254);
#4504=AXIS2_PLACEMENT_3D('',#6848,#5256,#5257);
#4505=AXIS2_PLACEMENT_3D('',#6853,#5260,#5261);
#4506=AXIS2_PLACEMENT_3D('',#6856,#5263,#5264);
#4507=AXIS2_PLACEMENT_3D('',#6859,#5266,#5267);
#4508=AXIS2_PLACEMENT_3D('',#6863,#5270,#5271);
#4509=AXIS2_PLACEMENT_3D('',#6873,#5277,#5278);
#4510=AXIS2_PLACEMENT_3D('',#6874,#5279,#5280);
#4511=AXIS2_PLACEMENT_3D('',#6884,#5286,#5287);
#4512=AXIS2_PLACEMENT_3D('',#6885,#5288,#5289);
#4513=AXIS2_PLACEMENT_3D('',#6891,#5293,#5294);
#4514=AXIS2_PLACEMENT_3D('',#6895,#5297,#5298);
#4515=AXIS2_PLACEMENT_3D('',#6903,#5304,#5305);
#4516=AXIS2_PLACEMENT_3D('',#6907,#5308,#5309);
#4517=AXIS2_PLACEMENT_3D('',#6916,#5314,#5315);
#4518=AXIS2_PLACEMENT_3D('',#6917,#5316,#5317);
#4519=AXIS2_PLACEMENT_3D('',#6923,#5321,#5322);
#4520=AXIS2_PLACEMENT_3D('',#6927,#5325,#5326);
#4521=AXIS2_PLACEMENT_3D('',#6935,#5331,#5332);
#4522=AXIS2_PLACEMENT_3D('',#6938,#5334,#5335);
#4523=AXIS2_PLACEMENT_3D('',#6942,#5338,#5339);
#4524=AXIS2_PLACEMENT_3D('',#6944,#5341,#5342);
#4525=AXIS2_PLACEMENT_3D('',#6945,#5343,#5344);
#4526=AXIS2_PLACEMENT_3D('',#6948,#5345,#5346);
#4527=AXIS2_PLACEMENT_3D('',#6950,#5347,#5348);
#4528=AXIS2_PLACEMENT_3D('',#6952,#5349,#5350);
#4529=AXIS2_PLACEMENT_3D('',#6953,#5351,#5352);
#4530=AXIS2_PLACEMENT_3D('',#6954,#5353,#5354);
#4531=AXIS2_PLACEMENT_3D('',#6958,#5356,#5357);
#4532=AXIS2_PLACEMENT_3D('',#6960,#5359,#5360);
#4533=AXIS2_PLACEMENT_3D('',#6961,#5361,#5362);
#4534=AXIS2_PLACEMENT_3D('',#6965,#5364,#5365);
#4535=AXIS2_PLACEMENT_3D('',#6967,#5367,#5368);
#4536=AXIS2_PLACEMENT_3D('',#6968,#5369,#5370);
#4537=AXIS2_PLACEMENT_3D('',#6972,#5372,#5373);
#4538=AXIS2_PLACEMENT_3D('',#6975,#5376,#5377);
#4539=AXIS2_PLACEMENT_3D('',#6978,#5379,#5380);
#4540=AXIS2_PLACEMENT_3D('',#6982,#5382,#5383);
#4541=AXIS2_PLACEMENT_3D('',#6983,#5384,#5385);
#4542=AXIS2_PLACEMENT_3D('',#6987,#5388,#5389);
#4543=AXIS2_PLACEMENT_3D('',#6993,#5393,#5394);
#4544=AXIS2_PLACEMENT_3D('',#6997,#5397,#5398);
#4545=AXIS2_PLACEMENT_3D('',#7002,#5402,#5403);
#4546=AXIS2_PLACEMENT_3D('',#7003,#5404,#5405);
#4547=AXIS2_PLACEMENT_3D('',#7004,#5406,#5407);
#4548=AXIS2_PLACEMENT_3D('',#7005,#5408,#5409);
#4549=AXIS2_PLACEMENT_3D('',#7006,#5410,#5411);
#4550=AXIS2_PLACEMENT_3D('',#7026,#5425,#5426);
#4551=AXIS2_PLACEMENT_3D('',#7035,#5431,#5432);
#4552=AXIS2_PLACEMENT_3D('',#7036,#5433,#5434);
#4553=AXIS2_PLACEMENT_3D('',#7037,#5435,#5436);
#4554=AXIS2_PLACEMENT_3D('',#7038,#5437,#5438);
#4555=AXIS2_PLACEMENT_3D('',#7039,#5439,#5440);
#4556=AXIS2_PLACEMENT_3D('',#7043,#5442,#5443);
#4557=AXIS2_PLACEMENT_3D('',#7047,#5445,#5446);
#4558=AXIS2_PLACEMENT_3D('',#7048,#5447,#5448);
#4559=AXIS2_PLACEMENT_3D('',#7049,#5449,#5450);
#4560=AXIS2_PLACEMENT_3D('',#7050,#5451,#5452);
#4561=AXIS2_PLACEMENT_3D('',#7051,#5453,#5454);
#4562=AXIS2_PLACEMENT_3D('',#7052,#5455,#5456);
#4563=AXIS2_PLACEMENT_3D('',#7061,#5461,#5462);
#4564=AXIS2_PLACEMENT_3D('',#7065,#5464,#5465);
#4565=AXIS2_PLACEMENT_3D('',#7070,#5468,#5469);
#4566=AXIS2_PLACEMENT_3D('',#7074,#5471,#5472);
#4567=AXIS2_PLACEMENT_3D('',#7078,#5474,#5475);
#4568=AXIS2_PLACEMENT_3D('',#7085,#5479,#5480);
#4569=AXIS2_PLACEMENT_3D('',#7086,#5481,#5482);
#4570=AXIS2_PLACEMENT_3D('',#7095,#5487,#5488);
#4571=AXIS2_PLACEMENT_3D('',#7099,#5490,#5491);
#4572=AXIS2_PLACEMENT_3D('',#7104,#5494,#5495);
#4573=AXIS2_PLACEMENT_3D('',#7105,#5496,#5497);
#4574=AXIS2_PLACEMENT_3D('',#7106,#5498,#5499);
#4575=AXIS2_PLACEMENT_3D('',#7107,#5500,#5501);
#4576=AXIS2_PLACEMENT_3D('',#7108,#5502,#5503);
#4577=AXIS2_PLACEMENT_3D('',#7110,#5504,#5505);
#4578=AXIS2_PLACEMENT_3D('',#7114,#5507,#5508);
#4579=AXIS2_PLACEMENT_3D('',#7115,#5509,#5510);
#4580=AXIS2_PLACEMENT_3D('',#7116,#5511,#5512);
#4581=AXIS2_PLACEMENT_3D('',#7117,#5513,#5514);
#4582=AXIS2_PLACEMENT_3D('',#7122,#5516,#5517);
#4583=AXIS2_PLACEMENT_3D('',#7123,#5518,#5519);
#4584=AXIS2_PLACEMENT_3D('',#7124,#5520,#5521);
#4585=AXIS2_PLACEMENT_3D('',#7125,#5522,#5523);
#4586=AXIS2_PLACEMENT_3D('',#7128,#5526,#5527);
#4587=AXIS2_PLACEMENT_3D('',#7131,#5530,#5531);
#4588=AXIS2_PLACEMENT_3D('',#7132,#5532,#5533);
#4589=AXIS2_PLACEMENT_3D('',#7133,#5534,#5535);
#4590=AXIS2_PLACEMENT_3D('',#7134,#5536,#5537);
#4591=AXIS2_PLACEMENT_3D('',#7135,#5538,#5539);
#4592=AXIS2_PLACEMENT_3D('',#7136,#5540,#5541);
#4593=AXIS2_PLACEMENT_3D('',#7137,#5542,#5543);
#4594=AXIS2_PLACEMENT_3D('',#7138,#5544,#5545);
#4595=AXIS2_PLACEMENT_3D('',#7139,#5546,#5547);
#4596=AXIS2_PLACEMENT_3D('',#7140,#5548,#5549);
#4597=AXIS2_PLACEMENT_3D('',#7141,#5550,#5551);
#4598=AXIS2_PLACEMENT_3D('',#7142,#5552,#5553);
#4599=AXIS2_PLACEMENT_3D('',#7143,#5554,#5555);
#4600=AXIS2_PLACEMENT_3D('',#7144,#5556,#5557);
#4601=AXIS2_PLACEMENT_3D('',#7150,#5561,#5562);
#4602=AXIS2_PLACEMENT_3D('',#7151,#5563,#5564);
#4603=AXIS2_PLACEMENT_3D('',#7154,#5566,#5567);
#4604=AXIS2_PLACEMENT_3D('',#7155,#5568,#5569);
#4605=AXIS2_PLACEMENT_3D('',#7158,#5571,#5572);
#4606=AXIS2_PLACEMENT_3D('',#7159,#5573,#5574);
#4607=AXIS2_PLACEMENT_3D('',#7160,#5575,#5576);
#4608=AXIS2_PLACEMENT_3D('',#7161,#5577,#5578);
#4609=AXIS2_PLACEMENT_3D('',#7162,#5579,#5580);
#4610=AXIS2_PLACEMENT_3D('',#7166,#5582,#5583);
#4611=AXIS2_PLACEMENT_3D('',#7172,#5587,#5588);
#4612=AXIS2_PLACEMENT_3D('',#7178,#5592,#5593);
#4613=AXIS2_PLACEMENT_3D('',#7179,#5594,#5595);
#4614=AXIS2_PLACEMENT_3D('',#7181,#5596,#5597);
#4615=AXIS2_PLACEMENT_3D('',#7188,#5601,#5602);
#4616=AXIS2_PLACEMENT_3D('',#7191,#5604,#5605);
#4617=AXIS2_PLACEMENT_3D('',#7198,#5608,#5609);
#4618=AXIS2_PLACEMENT_3D('',#7199,#5610,#5611);
#4619=AXIS2_PLACEMENT_3D('',#7209,#5615,#5616);
#4620=AXIS2_PLACEMENT_3D('',#7210,#5617,#5618);
#4621=AXIS2_PLACEMENT_3D('',#7211,#5619,#5620);
#4622=AXIS2_PLACEMENT_3D('',#7212,#5621,#5622);
#4623=AXIS2_PLACEMENT_3D('',#7218,#5623,#5624);
#4624=AXIS2_PLACEMENT_3D('',#7220,#5626,#5627);
#4625=AXIS2_PLACEMENT_3D('',#7222,#5629,#5630);
#4626=AXIS2_PLACEMENT_3D('',#7223,#5631,#5632);
#4627=AXIS2_PLACEMENT_3D('',#7225,#5634,#5635);
#4628=AXIS2_PLACEMENT_3D('',#7231,#5636,#5637);
#4629=AXIS2_PLACEMENT_3D('',#7232,#5638,#5639);
#4630=AXIS2_PLACEMENT_3D('',#7234,#5641,#5642);
#4631=AXIS2_PLACEMENT_3D('',#7235,#5643,#5644);
#4632=AXIS2_PLACEMENT_3D('',#7243,#5647,#5648);
#4633=AXIS2_PLACEMENT_3D('',#7244,#5649,#5650);
#4634=AXIS2_PLACEMENT_3D('',#7246,#5652,#5653);
#4635=AXIS2_PLACEMENT_3D('',#7253,#5655,#5656);
#4636=AXIS2_PLACEMENT_3D('',#7254,#5657,#5658);
#4637=AXIS2_PLACEMENT_3D('',#7255,#5659,#5660);
#4638=AXIS2_PLACEMENT_3D('',#7256,#5661,#5662);
#4639=AXIS2_PLACEMENT_3D('',#7257,#5663,#5664);
#4640=AXIS2_PLACEMENT_3D('',#7258,#5665,#5666);
#4641=AXIS2_PLACEMENT_3D('',#7259,#5667,#5668);
#4642=AXIS2_PLACEMENT_3D('',#7260,#5669,#5670);
#4643=AXIS2_PLACEMENT_3D('',#7271,#5671,#5672);
#4644=AXIS2_PLACEMENT_3D('',#7281,#5673,#5674);
#4645=AXIS2_PLACEMENT_3D('',#7282,#5675,#5676);
#4646=AXIS2_PLACEMENT_3D('',#7283,#5677,#5678);
#4647=AXIS2_PLACEMENT_3D('',#7294,#5679,#5680);
#4648=AXIS2_PLACEMENT_3D('',#7304,#5681,#5682);
#4649=AXIS2_PLACEMENT_3D('',#7305,#5683,#5684);
#4650=AXIS2_PLACEMENT_3D('',#7306,#5685,#5686);
#4651=AXIS2_PLACEMENT_3D('',#7307,#5687,#5688);
#4652=AXIS2_PLACEMENT_3D('',#7332,#5689,#5690);
#4653=AXIS2_PLACEMENT_3D('',#7357,#5691,#5692);
#4654=AXIS2_PLACEMENT_3D('',#7358,#5693,#5694);
#4655=AXIS2_PLACEMENT_3D('',#7359,#5695,#5696);
#4656=AXIS2_PLACEMENT_3D('',#7360,#5697,#5698);
#4657=AXIS2_PLACEMENT_3D('',#7361,#5699,#5700);
#4658=AXIS2_PLACEMENT_3D('',#7386,#5701,#5702);
#4659=AXIS2_PLACEMENT_3D('',#7411,#5703,#5704);
#4660=AXIS2_PLACEMENT_3D('',#7412,#5705,#5706);
#4661=AXIS2_PLACEMENT_3D('',#7413,#5707,#5708);
#4662=AXIS2_PLACEMENT_3D('',#7414,#5709,#5710);
#4663=AXIS2_PLACEMENT_3D('',#7415,#5711,#5712);
#4664=AXIS2_PLACEMENT_3D('',#7416,#5713,#5714);
#4665=AXIS2_PLACEMENT_3D('',#7418,#5715,#5716);
#4666=AXIS2_PLACEMENT_3D('',#7420,#5717,#5718);
#4667=AXIS2_PLACEMENT_3D('',#7422,#5719,#5720);
#4668=AXIS2_PLACEMENT_3D('',#7424,#5721,#5722);
#4669=AXIS2_PLACEMENT_3D('',#7426,#5723,#5724);
#4670=AXIS2_PLACEMENT_3D('',#7442,#5734,#5735);
#4671=AXIS2_PLACEMENT_3D('',#7443,#5736,#5737);
#4672=AXIS2_PLACEMENT_3D('',#7453,#5744,#5745);
#4673=AXIS2_PLACEMENT_3D('',#7454,#5746,#5747);
#4674=AXIS2_PLACEMENT_3D('',#7464,#5754,#5755);
#4675=AXIS2_PLACEMENT_3D('',#7465,#5756,#5757);
#4676=AXIS2_PLACEMENT_3D('',#7468,#5760,#5761);
#4677=AXIS2_PLACEMENT_3D('',#7478,#5768,#5769);
#4678=AXIS2_PLACEMENT_3D('',#7481,#5772,#5773);
#4679=AXIS2_PLACEMENT_3D('',#7487,#5778,#5779);
#4680=AXIS2_PLACEMENT_3D('',#7492,#5782,#5783);
#4681=AXIS2_PLACEMENT_3D('',#7496,#5787,#5788);
#4682=AXIS2_PLACEMENT_3D('',#7499,#5790,#5791);
#4683=AXIS2_PLACEMENT_3D('',#7501,#5793,#5794);
#4684=AXIS2_PLACEMENT_3D('',#7503,#5796,#5797);
#4685=AXIS2_PLACEMENT_3D('',#7504,#5798,#5799);
#4686=AXIS2_PLACEMENT_3D('',#7506,#5801,#5802);
#4687=AXIS2_PLACEMENT_3D('',#7508,#5804,#5805);
#4688=AXIS2_PLACEMENT_3D('',#7509,#5806,#5807);
#4689=AXIS2_PLACEMENT_3D('',#7510,#5808,#5809);
#4690=AXIS2_PLACEMENT_3D('',#7511,#5810,#5811);
#4691=AXIS2_PLACEMENT_3D('',#7513,#5813,#5814);
#4692=AXIS2_PLACEMENT_3D('',#7515,#5816,#5817);
#4693=AXIS2_PLACEMENT_3D('',#7516,#5818,#5819);
#4694=AXIS2_PLACEMENT_3D('',#7518,#5821,#5822);
#4695=AXIS2_PLACEMENT_3D('',#7520,#5824,#5825);
#4696=AXIS2_PLACEMENT_3D('',#7522,#5827,#5828);
#4697=AXIS2_PLACEMENT_3D('',#7524,#5830,#5831);
#4698=AXIS2_PLACEMENT_3D('',#7525,#5832,#5833);
#4699=AXIS2_PLACEMENT_3D('',#7526,#5834,#5835);
#4700=AXIS2_PLACEMENT_3D('',#7528,#5837,#5838);
#4701=AXIS2_PLACEMENT_3D('',#7530,#5840,#5841);
#4702=AXIS2_PLACEMENT_3D('',#7531,#5842,#5843);
#4703=AXIS2_PLACEMENT_3D('',#7533,#5845,#5846);
#4704=AXIS2_PLACEMENT_3D('',#7535,#5848,#5849);
#4705=AXIS2_PLACEMENT_3D('',#7536,#5850,#5851);
#4706=AXIS2_PLACEMENT_3D('',#7537,#5852,#5853);
#4707=AXIS2_PLACEMENT_3D('',#7538,#5854,#5855);
#4708=AXIS2_PLACEMENT_3D('',#7540,#5857,#5858);
#4709=AXIS2_PLACEMENT_3D('',#7542,#5860,#5861);
#4710=AXIS2_PLACEMENT_3D('',#7543,#5862,#5863);
#4711=AXIS2_PLACEMENT_3D('',#7544,#5864,#5865);
#4712=AXIS2_PLACEMENT_3D('',#7545,#5866,#5867);
#4713=AXIS2_PLACEMENT_3D('',#7546,#5868,#5869);
#4714=AXIS2_PLACEMENT_3D('',#7547,#5870,#5871);
#4715=AXIS2_PLACEMENT_3D('',#7549,#5873,#5874);
#4716=AXIS2_PLACEMENT_3D('',#7551,#5876,#5877);
#4717=AXIS2_PLACEMENT_3D('',#7552,#5878,#5879);
#4718=AXIS2_PLACEMENT_3D('',#7553,#5880,#5881);
#4719=AXIS2_PLACEMENT_3D('',#7554,#5882,#5883);
#4720=AXIS2_PLACEMENT_3D('',#7555,#5884,#5885);
#4721=AXIS2_PLACEMENT_3D('',#7557,#5887,#5888);
#4722=AXIS2_PLACEMENT_3D('',#7559,#5890,#5891);
#4723=AXIS2_PLACEMENT_3D('',#7560,#5892,#5893);
#4724=AXIS2_PLACEMENT_3D('',#7561,#5894,#5895);
#4725=AXIS2_PLACEMENT_3D('',#7562,#5896,#5897);
#4726=AXIS2_PLACEMENT_3D('',#7563,#5898,#5899);
#4727=AXIS2_PLACEMENT_3D('',#7564,#5900,#5901);
#4728=AXIS2_PLACEMENT_3D('',#7565,#5902,#5903);
#4729=AXIS2_PLACEMENT_3D('',#7566,#5904,#5905);
#4730=AXIS2_PLACEMENT_3D('',#7568,#5906,#5907);
#4731=AXIS2_PLACEMENT_3D('',#7569,#5908,#5909);
#4732=AXIS2_PLACEMENT_3D('',#7570,#5910,#5911);
#4733=AXIS2_PLACEMENT_3D('',#7571,#5912,#5913);
#4734=AXIS2_PLACEMENT_3D('',#7573,#5914,#5915);
#4735=AXIS2_PLACEMENT_3D('',#7574,#5916,#5917);
#4736=AXIS2_PLACEMENT_3D('',#7576,#5918,#5919);
#4737=AXIS2_PLACEMENT_3D('',#7577,#5920,#5921);
#4738=AXIS2_PLACEMENT_3D('',#7578,#5922,#5923);
#4739=AXIS2_PLACEMENT_3D('',#7580,#5924,#5925);
#4740=AXIS2_PLACEMENT_3D('',#7581,#5926,#5927);
#4741=AXIS2_PLACEMENT_3D('',#7582,#5928,#5929);
#4742=AXIS2_PLACEMENT_3D('',#7583,#5930,#5931);
#4743=AXIS2_PLACEMENT_3D('',#7584,#5932,#5933);
#4744=AXIS2_PLACEMENT_3D('',#7585,#5934,#5935);
#4745=AXIS2_PLACEMENT_3D('',#7586,#5936,#5937);
#4746=AXIS2_PLACEMENT_3D('',#7587,#5938,#5939);
#4747=AXIS2_PLACEMENT_3D('',#7588,#5940,#5941);
#4748=AXIS2_PLACEMENT_3D('',#7589,#5942,#5943);
#4749=AXIS2_PLACEMENT_3D('',#7590,#5944,#5945);
#4750=AXIS2_PLACEMENT_3D('',#7591,#5946,#5947);
#4751=AXIS2_PLACEMENT_3D('',#7592,#5948,#5949);
#4752=AXIS2_PLACEMENT_3D('',#7593,#5950,#5951);
#4753=AXIS2_PLACEMENT_3D('',#7594,#5952,#5953);
#4754=AXIS2_PLACEMENT_3D('',#7598,#5955,#5956);
#4755=AXIS2_PLACEMENT_3D('',#7599,#5957,#5958);
#4756=AXIS2_PLACEMENT_3D('',#7600,#5959,#5960);
#4757=AXIS2_PLACEMENT_3D('',#7601,#5961,#5962);
#4758=AXIS2_PLACEMENT_3D('',#7602,#5963,#5964);
#4759=AXIS2_PLACEMENT_3D('',#7603,#5965,#5966);
#4760=AXIS2_PLACEMENT_3D('',#7604,#5967,#5968);
#4761=AXIS2_PLACEMENT_3D('',#7610,#5969,#5970);
#4762=AXIS2_PLACEMENT_3D('',#7611,#5971,#5972);
#4763=AXIS2_PLACEMENT_3D('',#7612,#5973,#5974);
#4764=AXIS2_PLACEMENT_3D('',#7613,#5975,#5976);
#4765=AXIS2_PLACEMENT_3D('',#7614,#5977,#5978);
#4766=AXIS2_PLACEMENT_3D('',#7615,#5979,#5980);
#4767=AXIS2_PLACEMENT_3D('',#7616,#5981,#5982);
#4768=AXIS2_PLACEMENT_3D('',#7617,#5983,#5984);
#4769=AXIS2_PLACEMENT_3D('',#7618,#5985,#5986);
#4770=AXIS2_PLACEMENT_3D('',#7619,#5987,#5988);
#4771=AXIS2_PLACEMENT_3D('',#7620,#5989,#5990);
#4772=AXIS2_PLACEMENT_3D('',#7621,#5991,#5992);
#4773=AXIS2_PLACEMENT_3D('',#7637,#5993,#5994);
#4774=AXIS2_PLACEMENT_3D('',#7638,#5995,#5996);
#4775=AXIS2_PLACEMENT_3D('',#7639,#5997,#5998);
#4776=AXIS2_PLACEMENT_3D('',#7640,#5999,#6000);
#4777=AXIS2_PLACEMENT_3D('',#7641,#6001,#6002);
#4778=AXIS2_PLACEMENT_3D('',#7642,#6003,#6004);
#4779=AXIS2_PLACEMENT_3D('',#7643,#6005,#6006);
#4780=AXIS2_PLACEMENT_3D('',#7645,#6007,#6008);
#4781=AXIS2_PLACEMENT_3D('',#7646,#6009,#6010);
#4782=AXIS2_PLACEMENT_3D('',#7648,#6011,#6012);
#4783=AXIS2_PLACEMENT_3D('',#7649,#6013,#6014);
#4784=AXIS2_PLACEMENT_3D('',#7651,#6015,#6016);
#4785=AXIS2_PLACEMENT_3D('',#7652,#6017,#6018);
#4786=AXIS2_PLACEMENT_3D('',#7654,#6019,#6020);
#4787=AXIS2_PLACEMENT_3D('',#7660,#6021,#6022);
#4788=AXIS2_PLACEMENT_3D('',#7661,#6023,#6024);
#4789=AXIS2_PLACEMENT_3D('',#7662,#6025,#6026);
#4790=AXIS2_PLACEMENT_3D('',#7663,#6027,#6028);
#4791=AXIS2_PLACEMENT_3D('',#7665,#6029,#6030);
#4792=AXIS2_PLACEMENT_3D('',#7666,#6031,#6032);
#4793=AXIS2_PLACEMENT_3D('',#7667,#6033,#6034);
#4794=AXIS2_PLACEMENT_3D('',#7668,#6035,#6036);
#4795=AXIS2_PLACEMENT_3D('',#7669,#6037,#6038);
#4796=AXIS2_PLACEMENT_3D('',#7670,#6039,#6040);
#4797=AXIS2_PLACEMENT_3D('',#7671,#6041,#6042);
#4798=AXIS2_PLACEMENT_3D('',#7672,#6043,#6044);
#4799=AXIS2_PLACEMENT_3D('',#7673,#6045,#6046);
#4800=AXIS2_PLACEMENT_3D('',#7674,#6047,#6048);
#4801=AXIS2_PLACEMENT_3D('',#7675,#6049,#6050);
#4802=AXIS2_PLACEMENT_3D('',#7676,#6051,#6052);
#4803=AXIS2_PLACEMENT_3D('',#7677,#6053,#6054);
#4804=AXIS2_PLACEMENT_3D('',#7678,#6055,#6056);
#4805=AXIS2_PLACEMENT_3D('',#7679,#6057,#6058);
#4806=DIRECTION('',(0.,0.,1.));
#4807=DIRECTION('',(1.,0.,0.));
#4808=DIRECTION('',(-1.,0.,0.));
#4809=DIRECTION('',(0.,-1.,0.));
#4810=DIRECTION('',(0.857626858417929,0.51427246836691,0.));
#4811=DIRECTION('',(-0.51427246836691,0.857626858417929,0.));
#4812=DIRECTION('',(-1.,0.,0.));
#4813=DIRECTION('',(0.857626858417893,0.514272468366969,0.));
#4814=DIRECTION('',(-0.514272468366969,0.857626858417893,0.));
#4815=DIRECTION('',(-1.,0.,0.));
#4816=DIRECTION('',(-1.,0.,0.));
#4817=DIRECTION('',(0.,-1.,0.));
#4818=DIRECTION('',(0.857626858417929,0.51427246836691,0.));
#4819=DIRECTION('',(-0.51427246836691,0.857626858417929,0.));
#4820=DIRECTION('',(-1.,0.,0.));
#4821=DIRECTION('',(0.857626858417893,0.514272468366969,0.));
#4822=DIRECTION('',(-0.514272468366969,0.857626858417893,0.));
#4823=DIRECTION('',(-1.,0.,0.));
#4824=DIRECTION('',(9.15933995315754E-16,-3.42166151232551E-16,-1.));
#4825=DIRECTION('',(0.85762685841793,0.514272468366907,6.09562963734865E-16));
#4826=DIRECTION('',(-1.,0.,-9.15933995315754E-16));
#4827=DIRECTION('',(-0.85762685841793,-0.514272468366908,-6.09562963734865E-16));
#4828=DIRECTION('',(0.514272468366908,-0.85762685841793,7.64490517970723E-16));
#4829=DIRECTION('',(-1.,7.64013292116581E-17,-9.15933995315754E-16));
#4830=DIRECTION('',(-0.85762685841793,-0.514272468366908,-6.09562963734865E-16));
#4831=DIRECTION('',(0.514272468366908,-0.85762685841793,7.64490517970723E-16));
#4832=DIRECTION('',(9.15933995315754E-16,-3.42166151232551E-16,-1.));
#4833=DIRECTION('',(0.85762685841793,0.514272468366907,6.09562963734865E-16));
#4834=DIRECTION('',(-0.85762685841793,-0.514272468366908,-6.09562963734865E-16));
#4835=DIRECTION('',(-1.,0.,-9.15933995315754E-16));
#4836=DIRECTION('',(0.514272468366908,-0.85762685841793,7.64490517970723E-16));
#4837=DIRECTION('',(-0.85762685841793,-0.514272468366908,-6.09562963734865E-16));
#4838=DIRECTION('',(-1.,7.64013292116581E-17,-9.15933995315754E-16));
#4839=DIRECTION('',(0.514272468366908,-0.85762685841793,7.64490517970723E-16));
#4840=DIRECTION('',(-0.514272468366907,0.85762685841793,-7.64490517970723E-16));
#4841=DIRECTION('',(-0.85762685841793,-0.514272468366907,-6.09562963734865E-16));
#4842=DIRECTION('',(-1.48654762794982E-15,0.,1.));
#4843=DIRECTION('',(9.15933995315754E-16,-3.42166151232551E-16,-1.));
#4844=DIRECTION('',(-1.,0.,0.));
#4845=DIRECTION('',(-0.681881314227385,0.,-0.731462831118256));
#4846=DIRECTION('',(0.731462831118256,0.,-0.681881314227385));
#4847=DIRECTION('',(-1.,0.,0.));
#4848=DIRECTION('',(0.,-1.,0.));
#4849=DIRECTION('',(0.857626858417893,0.514272468366969,0.));
#4850=DIRECTION('',(-0.514272468366969,0.857626858417893,0.));
#4851=DIRECTION('',(-1.,0.,0.));
#4852=DIRECTION('',(-0.857626858417893,-0.514272468366969,0.));
#4853=DIRECTION('',(-0.514272468366969,0.857626858417893,0.));
#4854=DIRECTION('',(-1.,0.,0.));
#4855=DIRECTION('',(-1.,0.,0.));
#4856=DIRECTION('',(0.,-1.,0.));
#4857=DIRECTION('',(0.857626858417893,0.514272468366969,0.));
#4858=DIRECTION('',(-0.514272468366969,0.857626858417893,0.));
#4859=DIRECTION('',(-1.,0.,0.));
#4860=DIRECTION('',(-0.857626858417893,-0.514272468366969,0.));
#4861=DIRECTION('',(-0.514272468366969,0.857626858417893,0.));
#4862=DIRECTION('',(-1.,0.,0.));
#4863=DIRECTION('',(1.04083408558608E-15,-5.151210509914E-16,-1.));
#4864=DIRECTION('',(0.857626858417931,0.514272468366906,6.24500451351651E-16));
#4865=DIRECTION('',(-1.,0.,-1.04083408558608E-15));
#4866=DIRECTION('',(-0.857626858417931,-0.514272468366906,-6.24500451351651E-16));
#4867=DIRECTION('',(0.514272468366906,-0.857626858417931,9.71445146547012E-16));
#4868=DIRECTION('',(-1.,7.64013292116583E-17,-1.04083408558608E-15));
#4869=DIRECTION('',(-0.857626858417931,-0.514272468366906,-6.24500451351651E-16));
#4870=DIRECTION('',(0.514272468366906,-0.857626858417931,9.71445146547012E-16));
#4871=DIRECTION('',(1.04083408558608E-15,-5.151210509914E-16,-1.));
#4872=DIRECTION('',(0.857626858417931,0.514272468366906,6.24500451351651E-16));
#4873=DIRECTION('',(-0.857626858417931,-0.514272468366906,-6.24500451351651E-16));
#4874=DIRECTION('',(-1.,0.,-1.04083408558608E-15));
#4875=DIRECTION('',(0.514272468366906,-0.857626858417931,9.71445146547012E-16));
#4876=DIRECTION('',(-0.857626858417931,-0.514272468366906,-6.24500451351651E-16));
#4877=DIRECTION('',(-1.,7.64013292116583E-17,-1.04083408558608E-15));
#4878=DIRECTION('',(0.514272468366906,-0.857626858417931,9.71445146547012E-16));
#4879=DIRECTION('',(0.85762685841793,0.514272468366907,6.09562963734865E-16));
#4880=DIRECTION('',(-9.15933995315754E-16,3.42166151232551E-16,1.));
#4881=DIRECTION('',(-0.85762685841793,-0.514272468366908,-6.09562963734865E-16));
#4882=DIRECTION('',(9.15933995315754E-16,-3.42166151232551E-16,-1.));
#4883=DIRECTION('',(0.,-1.,0.));
#4884=DIRECTION('',(1.,0.,7.10755450055902E-16));
#4885=DIRECTION('',(-0.85762685841793,-0.514272468366908,-6.09562963734865E-16));
#4886=DIRECTION('',(9.15933995315754E-16,-3.42166151232551E-16,-1.));
#4887=DIRECTION('',(7.64013292116469E-17,1.,1.46552849415765E-15));
#4888=DIRECTION('',(1.,-7.64013292116566E-17,-1.15629957246212E-16));
#4889=DIRECTION('',(0.85762685841793,0.514272468366907,6.09562963734865E-16));
#4890=DIRECTION('',(-9.15933995315754E-16,3.42166151232551E-16,1.));
#4891=DIRECTION('',(-0.85762685841793,-0.514272468366908,-6.09562963734865E-16));
#4892=DIRECTION('',(9.15933995315754E-16,-3.42166151232551E-16,-1.));
#4893=DIRECTION('',(0.,-1.,0.));
#4894=DIRECTION('',(1.,0.,7.10755450055902E-16));
#4895=DIRECTION('',(-0.85762685841793,-0.514272468366908,-6.09562963734865E-16));
#4896=DIRECTION('',(9.15933995315754E-16,-3.42166151232551E-16,-1.));
#4897=DIRECTION('',(7.64013292116469E-17,1.,1.46552849415765E-15));
#4898=DIRECTION('',(1.,-7.64013292116566E-17,-1.15629957246212E-16));
#4899=DIRECTION('',(-0.514272468366906,0.857626858417931,-9.71445146547012E-16));
#4900=DIRECTION('',(-0.857626858417931,-0.514272468366906,-6.24500451351651E-16));
#4901=DIRECTION('',(-1.88896977050293E-15,0.,1.));
#4902=DIRECTION('',(1.04083408558608E-15,-5.15121050991399E-16,-1.));
#4903=DIRECTION('',(-0.85762685841793,-0.514272468366907,-6.09562963734865E-16));
#4904=DIRECTION('',(9.15933995315754E-16,-3.42166151232551E-16,-1.));
#4905=DIRECTION('',(-7.10755450055902E-16,0.,1.));
#4906=DIRECTION('',(1.15629957246212E-16,-1.46552849415764E-15,1.));
#4907=DIRECTION('',(6.93889390390723E-16,-1.39854551473787E-16,-1.));
#4908=DIRECTION('',(0.857626858417891,0.514272468366973,5.41233724504764E-16));
#4909=DIRECTION('',(-1.,0.,-6.93889390390723E-16));
#4910=DIRECTION('',(-0.857626858417891,-0.514272468366973,-5.41233724504764E-16));
#4911=DIRECTION('',(0.514272468366973,-0.857626858417891,4.78783679369599E-16));
#4912=DIRECTION('',(-1.,7.64013292116578E-17,-6.93889390390723E-16));
#4913=DIRECTION('',(-0.857626858417891,-0.514272468366973,-5.41233724504764E-16));
#4914=DIRECTION('',(0.514272468366973,-0.857626858417891,4.78783679369599E-16));
#4915=DIRECTION('',(6.93889390390723E-16,-1.39854551473787E-16,-1.));
#4916=DIRECTION('',(0.857626858417891,0.514272468366973,5.41233724504764E-16));
#4917=DIRECTION('',(-0.857626858417891,-0.514272468366973,-5.41233724504764E-16));
#4918=DIRECTION('',(-1.,0.,-6.93889390390723E-16));
#4919=DIRECTION('',(0.514272468366973,-0.857626858417891,4.78783679369599E-16));
#4920=DIRECTION('',(-0.857626858417891,-0.514272468366973,-5.41233724504764E-16));
#4921=DIRECTION('',(-1.,7.64013292116578E-17,-6.93889390390723E-16));
#4922=DIRECTION('',(0.514272468366973,-0.857626858417891,4.78783679369599E-16));
#4923=DIRECTION('',(0.857626858417931,0.514272468366906,6.24500451351651E-16));
#4924=DIRECTION('',(-1.04083408558608E-15,5.15121050991399E-16,1.));
#4925=DIRECTION('',(-0.857626858417931,-0.514272468366906,-6.24500451351651E-16));
#4926=DIRECTION('',(1.04083408558608E-15,-5.15121050991399E-16,-1.));
#4927=DIRECTION('',(0.,-1.,0.));
#4928=DIRECTION('',(1.,0.,7.28172683984816E-16));
#4929=DIRECTION('',(-0.857626858417931,-0.514272468366906,-6.24500451351651E-16));
#4930=DIRECTION('',(1.04083408558608E-15,-5.15121050991399E-16,-1.));
#4931=DIRECTION('',(7.64013292116469E-17,1.,1.46552849415765E-15));
#4932=DIRECTION('',(1.,-7.64013292116566E-17,-1.47993187645537E-16));
#4933=DIRECTION('',(0.857626858417931,0.514272468366906,6.24500451351651E-16));
#4934=DIRECTION('',(-1.04083408558608E-15,5.15121050991399E-16,1.));
#4935=DIRECTION('',(-0.857626858417931,-0.514272468366906,-6.24500451351651E-16));
#4936=DIRECTION('',(1.04083408558608E-15,-5.15121050991399E-16,-1.));
#4937=DIRECTION('',(0.,-1.,0.));
#4938=DIRECTION('',(1.,0.,7.28172683984816E-16));
#4939=DIRECTION('',(-0.857626858417931,-0.514272468366906,-6.24500451351651E-16));
#4940=DIRECTION('',(1.04083408558608E-15,-5.15121050991399E-16,-1.));
#4941=DIRECTION('',(7.64013292116469E-17,1.,1.46552849415765E-15));
#4942=DIRECTION('',(1.,-7.64013292116566E-17,-1.47993187645537E-16));
#4943=DIRECTION('',(-1.,0.,0.));
#4944=DIRECTION('',(0.,-1.,0.));
#4945=DIRECTION('',(0.857626858417929,0.51427246836691,0.));
#4946=DIRECTION('',(-0.51427246836691,0.857626858417929,0.));
#4947=DIRECTION('',(-1.,0.,0.));
#4948=DIRECTION('',(-1.,0.,0.));
#4949=DIRECTION('',(-1.,0.,0.));
#4950=DIRECTION('',(-1.,0.,0.));
#4951=DIRECTION('',(-1.,0.,0.));
#4952=DIRECTION('',(0.,-1.,0.));
#4953=DIRECTION('',(-1.,0.,0.));
#4954=DIRECTION('',(0.857626858417929,0.51427246836691,0.));
#4955=DIRECTION('',(-0.51427246836691,0.857626858417929,0.));
#4956=DIRECTION('',(-1.,0.,0.));
#4957=DIRECTION('',(-1.,0.,0.));
#4958=DIRECTION('',(-1.,0.,0.));
#4959=DIRECTION('',(-0.514272468366973,0.857626858417891,-4.78783679369599E-16));
#4960=DIRECTION('',(-0.857626858417891,-0.514272468366973,-5.41233724504764E-16));
#4961=DIRECTION('',(-9.30992244033468E-16,0.,1.));
#4962=DIRECTION('',(6.93889390390723E-16,-1.39854551473787E-16,-1.));
#4963=DIRECTION('',(-0.857626858417931,-0.514272468366906,-6.24500451351651E-16));
#4964=DIRECTION('',(1.04083408558608E-15,-5.151210509914E-16,-1.));
#4965=DIRECTION('',(-7.28172683984816E-16,0.,1.));
#4966=DIRECTION('',(1.47993187645537E-16,-1.46552849415764E-15,1.));
#4967=DIRECTION('',(0.,0.,1.));
#4968=DIRECTION('',(0.,-1.,0.));
#4969=DIRECTION('',(0.51427246836691,-0.857626858417929,0.));
#4970=DIRECTION('',(0.514272468366969,-0.857626858417893,1.9587715535095E-15));
#4971=DIRECTION('',(1.,0.,0.));
#4972=DIRECTION('',(0.514272468366969,-0.857626858417893,1.9587715535095E-15));
#4973=DIRECTION('',(0.514272468366969,-0.857626858417893,1.9587715535095E-15));
#4974=DIRECTION('',(1.,0.,0.));
#4975=DIRECTION('',(0.514272468366969,-0.857626858417893,1.9587715535095E-15));
#4976=DIRECTION('',(-1.,0.,0.));
#4977=DIRECTION('',(0.,1.,0.));
#4978=DIRECTION('',(1.,0.,0.));
#4979=DIRECTION('',(0.,1.,0.));
#4980=DIRECTION('',(-1.,0.,0.));
#4981=DIRECTION('',(0.,1.,0.));
#4982=DIRECTION('',(-1.,0.,0.));
#4983=DIRECTION('',(0.,1.,0.));
#4984=DIRECTION('',(1.,0.,0.));
#4985=DIRECTION('',(0.,0.,1.));
#4986=DIRECTION('',(0.,-1.,0.));
#4987=DIRECTION('',(0.,0.,1.));
#4988=DIRECTION('',(0.,-1.,0.));
#4989=DIRECTION('',(0.,-1.,0.));
#4990=DIRECTION('',(0.,0.,1.));
#4991=DIRECTION('',(0.,-1.,0.));
#4992=DIRECTION('',(-1.,0.,0.));
#4993=DIRECTION('',(0.51427246836691,-0.857626858417929,0.));
#4994=DIRECTION('',(1.,0.,0.));
#4995=DIRECTION('',(0.,-1.,0.));
#4996=DIRECTION('',(1.,0.,0.));
#4997=DIRECTION('',(-1.,0.,0.));
#4998=DIRECTION('',(1.48654762794982E-15,0.,-1.));
#4999=DIRECTION('',(-1.,0.,0.));
#5000=DIRECTION('',(-9.15933995315754E-16,1.51948074204138E-15,1.));
#5001=DIRECTION('',(0.,-1.,0.));
#5002=DIRECTION('',(1.,0.,0.));
#5003=DIRECTION('',(-9.15933995315754E-16,1.51948074204138E-15,1.));
#5004=DIRECTION('',(-1.,0.,0.));
#5005=DIRECTION('',(0.,-1.,0.));
#5006=DIRECTION('',(1.,0.,0.));
#5007=DIRECTION('',(-1.,0.,0.));
#5008=DIRECTION('',(-1.,0.,0.));
#5009=DIRECTION('',(0.,-1.,0.));
#5010=DIRECTION('',(-0.514272468366907,0.85762685841793,-7.64490517970723E-16));
#5011=DIRECTION('',(-0.85762685841793,-0.514272468366907,4.58423639442866E-16));
#5012=DIRECTION('',(-0.514272468366906,0.857626858417931,-9.71445146547012E-16));
#5013=DIRECTION('',(-0.857626858417931,-0.514272468366906,5.82523143362575E-16));
#5014=DIRECTION('',(-0.514272468366973,0.857626858417891,-4.78783679369599E-16));
#5015=DIRECTION('',(-0.857626858417891,-0.514272468366973,2.87100692085891E-16));
#5016=DIRECTION('',(0.514272468366973,-0.857626858417891,4.78783679369599E-16));
#5017=DIRECTION('',(-0.857626858417891,-0.514272468366973,2.87100692085891E-16));
#5018=DIRECTION('',(-1.,0.,0.));
#5019=DIRECTION('',(-1.,0.,0.));
#5020=DIRECTION('',(0.,-1.,0.));
#5021=DIRECTION('',(-1.,0.,0.));
#5022=DIRECTION('',(1.,0.,0.));
#5023=DIRECTION('',(0.,1.,0.));
#5024=DIRECTION('',(-1.,0.,0.));
#5025=DIRECTION('',(-1.,0.,0.));
#5026=DIRECTION('',(-1.,0.,0.));
#5027=DIRECTION('',(-1.,0.,0.));
#5028=DIRECTION('',(-1.,0.,0.));
#5029=DIRECTION('',(-1.,0.,0.));
#5030=DIRECTION('',(0.,-1.,0.));
#5031=DIRECTION('',(-1.,0.,0.));
#5032=DIRECTION('',(-1.,0.,0.));
#5033=DIRECTION('',(-1.,0.,0.));
#5034=DIRECTION('',(-1.,0.,0.));
#5035=DIRECTION('',(0.,-1.,0.));
#5036=DIRECTION('',(-1.,0.,0.));
#5037=DIRECTION('',(0.,-1.,0.));
#5038=DIRECTION('',(-1.,0.,0.));
#5039=DIRECTION('',(0.514272468366973,-0.857626858417891,4.78783679369599E-16));
#5040=DIRECTION('',(-0.857626858417891,-0.514272468366973,2.87100692085891E-16));
#5041=DIRECTION('',(-0.514272468366973,0.857626858417891,-4.78783679369599E-16));
#5042=DIRECTION('',(-0.857626858417891,-0.514272468366973,2.87100692085891E-16));
#5043=DIRECTION('',(-0.514272468366906,0.857626858417931,-9.71445146547012E-16));
#5044=DIRECTION('',(-0.857626858417931,-0.514272468366906,5.82523143362575E-16));
#5045=DIRECTION('',(-0.514272468366907,0.85762685841793,-7.64490517970723E-16));
#5046=DIRECTION('',(-0.85762685841793,-0.514272468366907,4.58423639442866E-16));
#5047=DIRECTION('',(0.5,0.,-0.866025403784438));
#5048=DIRECTION('',(0.866025403784438,0.,0.5));
#5049=DIRECTION('',(0.,-1.,0.));
#5050=DIRECTION('',(0.5,0.,-0.866025403784438));
#5051=DIRECTION('',(0.857146442994763,-0.14282845310103,0.494873729597958));
#5052=DIRECTION('',(-4.18510001670756E-14,1.,-2.41626862123163E-14));
#5053=DIRECTION('',(0.5,0.,-0.866025403784438));
#5054=DIRECTION('',(0.866025403784438,-1.65541358839346E-14,0.5));
#5055=DIRECTION('',(-1.77136950940682E-14,-1.,-1.94289029309402E-16));
#5056=DIRECTION('',(0.866025403784438,-1.54376544610095E-14,0.5));
#5057=DIRECTION('',(0.,-1.,0.));
#5058=DIRECTION('',(0.866025403784438,0.,0.5));
#5059=DIRECTION('',(0.5,0.,-0.866025403784438));
#5060=DIRECTION('',(0.866025403784438,0.,0.5));
#5061=DIRECTION('',(-0.5,0.,-0.866025403784438));
#5062=DIRECTION('',(0.866025403784438,0.,-0.5));
#5063=DIRECTION('',(-0.5,0.,-0.866025403784438));
#5064=DIRECTION('',(-0.856165628948104,0.150467785291499,0.494307456344095));
#5065=DIRECTION('',(-4.30735645955705E-14,1.,2.48685341142094E-14));
#5066=DIRECTION('',(-0.5,0.,-0.866025403784438));
#5067=DIRECTION('',(0.866025403784438,-1.64980914120462E-14,-0.5));
#5068=DIRECTION('',(1.77136950940682E-14,1.,1.94289029309402E-16));
#5069=DIRECTION('',(-0.866025403784438,1.52433654317001E-14,0.5));
#5070=DIRECTION('',(0.,-1.,0.));
#5071=DIRECTION('',(0.866025403784438,0.,-0.5));
#5072=DIRECTION('',(-0.5,0.,-0.866025403784438));
#5073=DIRECTION('',(0.866025403784438,0.,-0.5));
#5074=DIRECTION('',(0.,-1.,0.));
#5075=DIRECTION('',(0.,0.,1.));
#5076=DIRECTION('',(0.,-1.,0.));
#5077=DIRECTION('',(0.,0.,-1.));
#5078=DIRECTION('',(0.,0.,1.));
#5079=DIRECTION('',(0.,-1.,0.));
#5080=DIRECTION('',(0.,0.,-1.));
#5081=DIRECTION('',(0.,-1.15648231731787E-15,1.));
#5082=DIRECTION('',(0.,-1.,-1.15648231731787E-15));
#5083=DIRECTION('',(-0.514272468366973,0.857626858417891,-4.78783679369599E-16));
#5084=DIRECTION('',(-0.857626858417891,-0.514272468366973,-5.41233724504764E-16));
#5085=DIRECTION('',(-3.37084942492946E-15,-1.46552849415764E-15,1.));
#5086=DIRECTION('',(-0.857626858417891,-0.514272468366973,-5.41233724504764E-16));
#5087=DIRECTION('',(6.93889390390723E-16,-1.39854551473787E-16,-1.));
#5088=DIRECTION('',(0.857626858417891,0.514272468366973,5.41233724504764E-16));
#5089=DIRECTION('',(-0.514272468366973,0.857626858417891,-4.78783679369599E-16));
#5090=DIRECTION('',(-0.857626858417891,-0.514272468366973,-5.41233724504764E-16));
#5091=DIRECTION('',(-3.37084942492946E-15,-1.46552849415764E-15,1.));
#5092=DIRECTION('',(0.857626858417891,0.514272468366973,5.41233724504764E-16));
#5093=DIRECTION('',(6.93889390390723E-16,-1.39854551473787E-16,-1.));
#5094=DIRECTION('',(-0.857626858417891,-0.514272468366973,-5.41233724504764E-16));
#5095=DIRECTION('',(-0.514272468366906,0.857626858417931,-9.71445146547012E-16));
#5096=DIRECTION('',(-0.857626858417931,-0.514272468366906,-6.24500451351651E-16));
#5097=DIRECTION('',(-4.34231959261713E-15,-1.46552849415764E-15,1.));
#5098=DIRECTION('',(-0.857626858417931,-0.514272468366906,-6.24500451351651E-16));
#5099=DIRECTION('',(1.04083408558608E-15,-5.15121050991399E-16,-1.));
#5100=DIRECTION('',(0.857626858417931,0.514272468366906,6.24500451351651E-16));
#5101=DIRECTION('',(-0.514272468366906,0.857626858417931,-9.71445146547012E-16));
#5102=DIRECTION('',(-0.857626858417931,-0.514272468366906,-6.24500451351651E-16));
#5103=DIRECTION('',(-4.34231959261713E-15,-1.46552849415764E-15,1.));
#5104=DIRECTION('',(0.857626858417931,0.514272468366906,6.24500451351651E-16));
#5105=DIRECTION('',(1.04083408558608E-15,-5.15121050991399E-16,-1.));
#5106=DIRECTION('',(-0.857626858417931,-0.514272468366906,-6.24500451351651E-16));
#5107=DIRECTION('',(-0.514272468366907,0.85762685841793,-7.64490517970723E-16));
#5108=DIRECTION('',(-0.85762685841793,-0.514272468366907,-6.09562963734865E-16));
#5109=DIRECTION('',(-3.95103299729865E-15,-1.46552849415764E-15,1.));
#5110=DIRECTION('',(-0.85762685841793,-0.514272468366908,-6.09562963734865E-16));
#5111=DIRECTION('',(9.15933995315754E-16,-3.42166151232551E-16,-1.));
#5112=DIRECTION('',(0.85762685841793,0.514272468366908,6.09562963734865E-16));
#5113=DIRECTION('',(-0.514272468366907,0.85762685841793,-7.64490517970723E-16));
#5114=DIRECTION('',(-0.85762685841793,-0.514272468366907,-6.09562963734865E-16));
#5115=DIRECTION('',(-3.95103299729865E-15,-1.46552849415764E-15,1.));
#5116=DIRECTION('',(0.85762685841793,0.514272468366908,6.09562963734865E-16));
#5117=DIRECTION('',(9.15933995315754E-16,-3.42166151232551E-16,-1.));
#5118=DIRECTION('',(-0.85762685841793,-0.514272468366908,-6.09562963734865E-16));
#5119=DIRECTION('',(0.,-1.,0.));
#5120=DIRECTION('',(1.,0.,0.));
#5121=DIRECTION('',(-2.0662904621771E-15,-1.,4.3571409839506E-18));
#5122=DIRECTION('',(1.,-2.0662904621771E-15,0.));
#5123=DIRECTION('',(-1.05533270607156E-30,1.,7.30029462806906E-15));
#5124=DIRECTION('',(0.,-7.30029462806906E-15,1.));
#5125=DIRECTION('',(0.,1.,0.));
#5126=DIRECTION('',(-1.,0.,0.));
#5127=DIRECTION('',(0.,-1.,0.));
#5128=DIRECTION('',(0.,0.,1.));
#5129=DIRECTION('',(0.,-1.,-1.46552849415764E-15));
#5130=DIRECTION('',(0.,0.,1.));
#5131=DIRECTION('',(0.,-1.,0.));
#5132=DIRECTION('',(-1.,0.,0.));
#5133=DIRECTION('',(0.,-1.,0.));
#5134=DIRECTION('',(0.,-1.,-1.46552849415764E-15));
#5135=DIRECTION('',(0.,0.,1.));
#5136=DIRECTION('',(0.,-1.,0.));
#5137=DIRECTION('',(0.,0.,1.));
#5138=DIRECTION('',(0.857626858417891,0.514272468366973,5.41233724504764E-16));
#5139=DIRECTION('',(-6.93889390390723E-16,1.39854551473787E-16,1.));
#5140=DIRECTION('',(7.64013292116469E-17,1.,1.46552849415765E-15));
#5141=DIRECTION('',(1.,-7.64013292116564E-17,-2.4508287884352E-16));
#5142=DIRECTION('',(-0.857626858417891,-0.514272468366973,-5.41233724504764E-16));
#5143=DIRECTION('',(6.93889390390723E-16,-1.39854551473787E-16,-1.));
#5144=DIRECTION('',(-0.857626858417891,-0.514272468366973,-5.41233724504764E-16));
#5145=DIRECTION('',(-0.857626858417891,-0.514272468366973,-5.41233724504764E-16));
#5146=DIRECTION('',(-6.93889390390723E-16,1.39854551473787E-16,1.));
#5147=DIRECTION('',(0.857626858417891,0.514272468366973,5.41233724504764E-16));
#5148=DIRECTION('',(0.857626858417891,0.514272468366973,5.41233724504764E-16));
#5149=DIRECTION('',(0.857626858417931,0.514272468366906,6.24500451351651E-16));
#5150=DIRECTION('',(-1.04083408558608E-15,5.15121050991399E-16,1.));
#5151=DIRECTION('',(0.857626858417931,0.514272468366906,6.24500451351651E-16));
#5152=DIRECTION('',(7.64013292116469E-17,1.,1.46552849415765E-15));
#5153=DIRECTION('',(1.,-7.64013292116566E-17,-1.47993187645537E-16));
#5154=DIRECTION('',(-0.857626858417931,-0.514272468366906,-6.24500451351651E-16));
#5155=DIRECTION('',(1.04083408558608E-15,-5.15121050991399E-16,-1.));
#5156=DIRECTION('',(-0.857626858417931,-0.514272468366906,-6.24500451351651E-16));
#5157=DIRECTION('',(-0.857626858417931,-0.514272468366906,-6.24500451351651E-16));
#5158=DIRECTION('',(-1.04083408558608E-15,5.15121050991399E-16,1.));
#5159=DIRECTION('',(0.857626858417931,0.514272468366906,6.24500451351651E-16));
#5160=DIRECTION('',(0.857626858417931,0.514272468366906,6.24500451351651E-16));
#5161=DIRECTION('',(7.64013292116469E-17,1.,1.46552849415765E-15));
#5162=DIRECTION('',(1.,-7.64013292116467E-17,-1.50625535491201E-16));
#5163=DIRECTION('',(0.857626858417931,0.514272468366906,6.24500451351651E-16));
#5164=DIRECTION('',(-1.04083408558608E-15,5.15121050991399E-16,1.));
#5165=DIRECTION('',(7.64013292116469E-17,1.,1.46552849415765E-15));
#5166=DIRECTION('',(1.,-7.64013292116566E-17,-1.47993187645537E-16));
#5167=DIRECTION('',(0.857626858417931,0.514272468366906,6.24500451351651E-16));
#5168=DIRECTION('',(-0.857626858417931,-0.514272468366906,-6.24500451351651E-16));
#5169=DIRECTION('',(1.04083408558608E-15,-5.15121050991399E-16,-1.));
#5170=DIRECTION('',(0.85762685841793,0.514272468366907,6.09562963734865E-16));
#5171=DIRECTION('',(-9.15933995315754E-16,3.42166151232551E-16,1.));
#5172=DIRECTION('',(7.64013292116469E-17,1.,1.46552849415765E-15));
#5173=DIRECTION('',(1.,-7.64013292116566E-17,-1.15629957246212E-16));
#5174=DIRECTION('',(-0.85762685841793,-0.514272468366908,-6.09562963734865E-16));
#5175=DIRECTION('',(9.15933995315754E-16,-3.42166151232551E-16,-1.));
#5176=DIRECTION('',(-0.85762685841793,-0.514272468366908,-6.09562963734865E-16));
#5177=DIRECTION('',(-0.85762685841793,-0.514272468366908,-6.09562963734865E-16));
#5178=DIRECTION('',(-9.15933995315754E-16,3.42166151232551E-16,1.));
#5179=DIRECTION('',(0.85762685841793,0.514272468366908,6.09562963734865E-16));
#5180=DIRECTION('',(0.85762685841793,0.514272468366908,6.09562963734865E-16));
#5181=DIRECTION('',(-8.15986177424217E-16,3.4346934776837E-16,1.));
#5182=DIRECTION('',(0.514272468366973,-0.857626858417891,7.16200213490512E-16));
#5183=DIRECTION('',(1.,-7.6401329211658E-17,8.15986177424217E-16));
#5184=DIRECTION('',(-0.514272468366973,0.857626858417891,-7.16200213490512E-16));
#5185=DIRECTION('',(-1.,0.,0.));
#5186=DIRECTION('',(-0.514272468366973,0.857626858417891,-4.78783679369599E-16));
#5187=DIRECTION('',(-1.16293087261956E-15,7.18735847285992E-16,1.));
#5188=DIRECTION('',(0.514272468366906,-0.857626858417931,1.20886168066793E-15));
#5189=DIRECTION('',(1.,-7.64013292116585E-17,1.16293087261956E-15));
#5190=DIRECTION('',(-0.514272468366906,0.857626858417931,-1.20886168066793E-15));
#5191=DIRECTION('',(-0.514272468366906,0.857626858417931,-9.71445146547012E-16));
#5192=DIRECTION('',(-1.03803078234923E-15,5.45780947527143E-16,1.));
#5193=DIRECTION('',(0.514272468366907,-0.85762685841793,1.00190705209164E-15));
#5194=DIRECTION('',(1.,-7.64013292116583E-17,1.03803078234923E-15));
#5195=DIRECTION('',(-0.514272468366908,0.85762685841793,-1.00190705209164E-15));
#5196=DIRECTION('',(-0.514272468366907,0.85762685841793,-7.64490517970723E-16));
#5197=DIRECTION('',(0.857626858417891,0.514272468366973,5.41233724504764E-16));
#5198=DIRECTION('',(-6.93889390390723E-16,1.39854551473787E-16,1.));
#5199=DIRECTION('',(-0.857626858417891,-0.514272468366973,-5.41233724504764E-16));
#5200=DIRECTION('',(6.93889390390723E-16,-1.39854551473787E-16,-1.));
#5201=DIRECTION('',(7.64013292116469E-17,1.,1.46552849415765E-15));
#5202=DIRECTION('',(1.,-7.64013292116564E-17,-2.4508287884352E-16));
#5203=DIRECTION('',(0.857626858417891,0.514272468366973,5.41233724504764E-16));
#5204=DIRECTION('',(0.857626858417891,0.514272468366973,5.41233724504764E-16));
#5205=DIRECTION('',(-0.857626858417891,-0.514272468366973,-5.41233724504764E-16));
#5206=DIRECTION('',(-6.93889390390723E-16,1.39854551473787E-16,1.));
#5207=DIRECTION('',(-0.857626858417891,-0.514272468366973,-5.41233724504764E-16));
#5208=DIRECTION('',(-0.514272468366906,0.857626858417931,-9.71445146547012E-16));
#5209=DIRECTION('',(-0.857626858417931,-0.514272468366906,-6.24500451351651E-16));
#5210=DIRECTION('',(-0.514272468366906,0.857626858417931,-9.71445146547012E-16));
#5211=DIRECTION('',(-0.857626858417931,-0.514272468366906,-1.62003120992287E-15));
#5212=DIRECTION('',(4.33295943683223E-15,1.46552849415764E-15,-1.));
#5213=DIRECTION('',(1.02236506299364E-15,-5.19655999173484E-16,-1.));
#5214=DIRECTION('',(0.85762685841793,0.514272468366908,6.09562963734865E-16));
#5215=DIRECTION('',(0.857626858417931,0.514272468366906,6.24500451351651E-16));
#5216=DIRECTION('',(-1.88896977050293E-15,0.,1.));
#5217=DIRECTION('',(-0.514272468366906,0.857626858417931,-9.71445146547012E-16));
#5218=DIRECTION('',(-0.857626858417931,-0.514272468366906,-1.62003120992287E-15));
#5219=DIRECTION('',(0.857626858417931,0.514272468366906,6.24500451351651E-16));
#5220=DIRECTION('',(1.04083408558608E-15,-5.15121050991399E-16,-1.));
#5221=DIRECTION('',(0.857626858417931,0.514272468366906,6.24500451351651E-16));
#5222=DIRECTION('',(-1.04083408558608E-15,5.15121050991399E-16,1.));
#5223=DIRECTION('',(0.,-1.,0.));
#5224=DIRECTION('',(1.,0.,7.28172683984816E-16));
#5225=DIRECTION('',(0.857626858417931,0.514272468366906,6.24500451351651E-16));
#5226=DIRECTION('',(-0.857626858417931,-0.514272468366906,-6.24500451351651E-16));
#5227=DIRECTION('',(-1.04083408558608E-15,5.15121050991399E-16,1.));
#5228=DIRECTION('',(-0.857626858417931,-0.514272468366906,-6.24500451351651E-16));
#5229=DIRECTION('',(-0.857626858417931,-0.514272468366906,-6.24500451351651E-16));
#5230=DIRECTION('',(1.04083408558608E-15,-5.15121050991399E-16,-1.));
#5231=DIRECTION('',(7.64013292116469E-17,1.,1.46552849415765E-15));
#5232=DIRECTION('',(1.,-7.64013292116566E-17,-1.47993187645537E-16));
#5233=DIRECTION('',(0.85762685841793,0.514272468366907,6.09562963734865E-16));
#5234=DIRECTION('',(-9.15933995315754E-16,3.42166151232551E-16,1.));
#5235=DIRECTION('',(-0.85762685841793,-0.514272468366908,-6.09562963734865E-16));
#5236=DIRECTION('',(9.15933995315754E-16,-3.42166151232551E-16,-1.));
#5237=DIRECTION('',(7.64013292116469E-17,1.,1.46552849415765E-15));
#5238=DIRECTION('',(1.,-7.64013292116566E-17,-1.15629957246212E-16));
#5239=DIRECTION('',(0.85762685841793,0.514272468366908,6.09562963734865E-16));
#5240=DIRECTION('',(-0.85762685841793,-0.514272468366908,-6.09562963734865E-16));
#5241=DIRECTION('',(-9.15933995315754E-16,3.42166151232551E-16,1.));
#5242=DIRECTION('',(-0.85762685841793,-0.514272468366908,-6.09562963734865E-16));
#5243=DIRECTION('',(-7.75287248413052E-16,2.75597749003509E-16,1.));
#5244=DIRECTION('',(0.514272468366973,-0.857626858417891,6.37061368783541E-16));
#5245=DIRECTION('',(-0.514272468366973,0.857626858417891,-6.37061368783541E-16));
#5246=DIRECTION('',(1.,-7.64013292116579E-17,7.75287248413052E-16));
#5247=DIRECTION('',(0.514272468366973,-0.857626858417891,7.95339058197483E-16));
#5248=DIRECTION('',(-1.,0.,0.));
#5249=DIRECTION('',(-0.857626858417891,-0.514272468366973,-5.41233724504764E-16));
#5250=DIRECTION('',(6.93889390390723E-16,-1.39854551473787E-16,-1.));
#5251=DIRECTION('',(0.,0.,-1.));
#5252=DIRECTION('',(6.93889390390723E-16,-1.39854551473787E-16,-1.));
#5253=DIRECTION('',(-0.857626858417891,-0.514272468366973,-5.41233724504764E-16));
#5254=DIRECTION('',(6.93889390390723E-16,-1.39854551473787E-16,-1.));
#5255=DIRECTION('',(2.4508287884352E-16,-1.46552849415764E-15,1.));
#5256=DIRECTION('',(-0.857626858417893,-0.514272468366969,0.));
#5257=DIRECTION('',(-0.514272468366969,0.857626858417893,0.));
#5258=DIRECTION('',(-6.3108299278687E-16,0.,1.));
#5259=DIRECTION('',(0.514272468366969,-0.857626858417893,1.9587715535095E-15));
#5260=DIRECTION('',(-0.857626858417893,-0.514272468366969,0.));
#5261=DIRECTION('',(-0.514272468366969,0.857626858417893,0.));
#5262=DIRECTION('',(2.4508287884352E-16,-1.46552849415764E-15,1.));
#5263=DIRECTION('',(-0.857626858417891,-0.514272468366973,-5.41233724504764E-16));
#5264=DIRECTION('',(6.93889390390723E-16,-1.39854551473787E-16,-1.));
#5265=DIRECTION('',(6.93889390390723E-16,-1.39854551473787E-16,-1.));
#5266=DIRECTION('',(-0.857626858417891,-0.514272468366973,-5.41233724504764E-16));
#5267=DIRECTION('',(6.93889390390723E-16,-1.39854551473787E-16,-1.));
#5268=DIRECTION('',(2.4508287884352E-16,-1.46552849415764E-15,1.));
#5269=DIRECTION('',(-0.514272468366973,0.857626858417891,-7.16200213490512E-16));
#5270=DIRECTION('',(0.857626858417891,0.514272468366973,5.41233724504764E-16));
#5271=DIRECTION('',(-6.93889390390723E-16,1.39854551473787E-16,1.));
#5272=DIRECTION('',(-2.4508287884352E-16,1.46552849415764E-15,-1.));
#5273=DIRECTION('',(0.514272468366973,-0.857626858417891,7.95339058197483E-16));
#5274=DIRECTION('',(3.43617252009605E-16,4.44277036563616E-16,-1.));
#5275=DIRECTION('',(-0.514272468366973,0.857626858417891,-4.78783679369599E-16));
#5276=DIRECTION('',(-2.4508287884352E-16,1.46552849415764E-15,-1.));
#5277=DIRECTION('',(-0.857626858417891,-0.514272468366973,-5.41233724504764E-16));
#5278=DIRECTION('',(6.93889390390723E-16,-1.39854551473787E-16,-1.));
#5279=DIRECTION('',(0.857626858417931,0.514272468366906,6.24500451351651E-16));
#5280=DIRECTION('',(-1.04083408558608E-15,5.151210509914E-16,1.));
#5281=DIRECTION('',(-1.47993187645537E-16,1.46552849415764E-15,-1.));
#5282=DIRECTION('',(0.514272468366906,-0.857626858417931,1.2880005253749E-15));
#5283=DIRECTION('',(7.81813624776464E-16,-8.9454354186625E-17,-1.));
#5284=DIRECTION('',(-0.514272468366906,0.857626858417931,-9.71445146547012E-16));
#5285=DIRECTION('',(-1.47993187645537E-16,1.46552849415764E-15,-1.));
#5286=DIRECTION('',(-0.857626858417931,-0.514272468366906,-6.24500451351651E-16));
#5287=DIRECTION('',(1.04083408558608E-15,-5.15121050991399E-16,-1.));
#5288=DIRECTION('',(-1.1222319436084E-15,6.50864248521128E-16,1.));
#5289=DIRECTION('',(0.514272468366906,-0.857626858417931,1.12972283596095E-15));
#5290=DIRECTION('',(-0.514272468366906,0.857626858417931,-1.12972283596095E-15));
#5291=DIRECTION('',(1.,-7.64013292116584E-17,1.1222319436084E-15));
#5292=DIRECTION('',(0.514272468366906,-0.857626858417931,1.2880005253749E-15));
#5293=DIRECTION('',(-0.857626858417931,-0.514272468366906,-6.24500451351651E-16));
#5294=DIRECTION('',(1.04083408558608E-15,-5.151210509914E-16,-1.));
#5295=DIRECTION('',(0.,0.,1.));
#5296=DIRECTION('',(1.04083408558608E-15,-5.15121050991399E-16,-1.));
#5297=DIRECTION('',(-0.857626858417931,-0.514272468366906,-6.24500451351651E-16));
#5298=DIRECTION('',(1.04083408558608E-15,-5.15121050991399E-16,-1.));
#5299=DIRECTION('',(1.47993187645537E-16,-1.46552849415764E-15,1.));
#5300=DIRECTION('',(-7.28172683984816E-16,0.,1.));
#5301=DIRECTION('',(0.514272468366969,-0.857626858417893,1.9587715535095E-15));
#5302=DIRECTION('',(1.47993187645537E-16,-1.46552849415764E-15,1.));
#5303=DIRECTION('',(1.04083408558608E-15,-5.15121050991399E-16,-1.));
#5304=DIRECTION('',(-0.857626858417931,-0.514272468366906,-6.24500451351651E-16));
#5305=DIRECTION('',(1.04083408558608E-15,-5.151210509914E-16,-1.));
#5306=DIRECTION('',(1.47993187645537E-16,-1.46552849415764E-15,1.));
#5307=DIRECTION('',(-0.514272468366906,0.857626858417931,-1.20886168066793E-15));
#5308=DIRECTION('',(0.85762685841793,0.514272468366907,6.09562963734865E-16));
#5309=DIRECTION('',(-9.15933995315754E-16,3.42166151232551E-16,1.));
#5310=DIRECTION('',(-1.15629957246212E-16,1.46552849415764E-15,-1.));
#5311=DIRECTION('',(0.514272468366908,-0.85762685841793,1.08104589679861E-15));
#5312=DIRECTION('',(-0.514272468366907,0.85762685841793,-7.64490517970723E-16));
#5313=DIRECTION('',(-1.15629957246212E-16,1.46552849415764E-15,-1.));
#5314=DIRECTION('',(-0.85762685841793,-0.514272468366908,-6.09562963734865E-16));
#5315=DIRECTION('',(9.15933995315754E-16,-3.42166151232551E-16,-1.));
#5316=DIRECTION('',(-9.97331853338073E-16,4.77909348762279E-16,1.));
#5317=DIRECTION('',(0.514272468366907,-0.85762685841793,9.22768207384665E-16));
#5318=DIRECTION('',(-0.514272468366908,0.85762685841793,-9.22768207384665E-16));
#5319=DIRECTION('',(1.,-7.64013292116582E-17,9.97331853338073E-16));
#5320=DIRECTION('',(0.514272468366908,-0.85762685841793,1.08104589679861E-15));
#5321=DIRECTION('',(-0.85762685841793,-0.514272468366907,-6.09562963734865E-16));
#5322=DIRECTION('',(9.15933995315754E-16,-3.42166151232551E-16,-1.));
#5323=DIRECTION('',(0.,0.,1.));
#5324=DIRECTION('',(9.15933995315754E-16,-3.42166151232551E-16,-1.));
#5325=DIRECTION('',(-0.85762685841793,-0.514272468366908,-6.09562963734865E-16));
#5326=DIRECTION('',(9.15933995315754E-16,-3.42166151232551E-16,-1.));
#5327=DIRECTION('',(1.15629957246212E-16,-1.46552849415764E-15,1.));
#5328=DIRECTION('',(-7.10755450055902E-16,0.,1.));
#5329=DIRECTION('',(0.51427246836691,-0.857626858417929,0.));
#5330=DIRECTION('',(1.15629957246212E-16,-1.46552849415764E-15,1.));
#5331=DIRECTION('',(-0.85762685841793,-0.514272468366908,-6.09562963734865E-16));
#5332=DIRECTION('',(9.15933995315754E-16,-3.42166151232551E-16,-1.));
#5333=DIRECTION('',(9.15933995315754E-16,-3.42166151232551E-16,-1.));
#5334=DIRECTION('',(-0.85762685841793,-0.514272468366907,-6.09562963734865E-16));
#5335=DIRECTION('',(9.15933995315754E-16,-3.42166151232551E-16,-1.));
#5336=DIRECTION('',(1.15629957246212E-16,-1.46552849415764E-15,1.));
#5337=DIRECTION('',(-0.514272468366908,0.85762685841793,-1.00190705209164E-15));
#5338=DIRECTION('',(0.857626858417891,0.514272468366973,5.41233724504764E-16));
#5339=DIRECTION('',(-6.93889390390723E-16,1.39854551473787E-16,1.));
#5340=DIRECTION('',(-2.4508287884352E-16,1.46552849415764E-15,-1.));
#5341=DIRECTION('',(0.857626858417891,0.514272468366973,5.41233724504764E-16));
#5342=DIRECTION('',(-6.93889390390723E-16,1.39854551473787E-16,1.));
#5343=DIRECTION('',(-0.857626858417891,-0.514272468366973,-5.41233724504764E-16));
#5344=DIRECTION('',(6.93889390390723E-16,-1.39854551473787E-16,-1.));
#5345=DIRECTION('',(7.64013292116469E-17,1.,1.46552849415765E-15));
#5346=DIRECTION('',(1.,-7.64013292116564E-17,-2.4508287884352E-16));
#5347=DIRECTION('',(-0.857626858417891,-0.514272468366973,-5.41233724504764E-16));
#5348=DIRECTION('',(6.93889390390723E-16,-1.39854551473787E-16,-1.));
#5349=DIRECTION('',(7.64013292116469E-17,1.,1.46552849415765E-15));
#5350=DIRECTION('',(1.,-7.64013292116564E-17,-2.4508287884352E-16));
#5351=DIRECTION('',(-0.857626858417891,-0.514272468366973,-5.41233724504764E-16));
#5352=DIRECTION('',(6.93889390390723E-16,-1.39854551473787E-16,-1.));
#5353=DIRECTION('',(-0.857626858417891,-0.514272468366973,-5.41233724504764E-16));
#5354=DIRECTION('',(6.93889390390723E-16,-1.39854551473787E-16,-1.));
#5355=DIRECTION('',(2.4508287884352E-16,-1.46552849415764E-15,1.));
#5356=DIRECTION('',(0.857626858417931,0.514272468366906,6.24500451351651E-16));
#5357=DIRECTION('',(-1.04083408558608E-15,5.151210509914E-16,1.));
#5358=DIRECTION('',(-1.47993187645537E-16,1.46552849415764E-15,-1.));
#5359=DIRECTION('',(-0.857626858417931,-0.514272468366906,-6.24500451351651E-16));
#5360=DIRECTION('',(1.04083408558608E-15,-5.151210509914E-16,-1.));
#5361=DIRECTION('',(-0.857626858417931,-0.514272468366906,-6.24500451351651E-16));
#5362=DIRECTION('',(1.04083408558608E-15,-5.15121050991399E-16,-1.));
#5363=DIRECTION('',(1.47993187645537E-16,-1.46552849415764E-15,1.));
#5364=DIRECTION('',(0.85762685841793,0.514272468366907,6.09562963734865E-16));
#5365=DIRECTION('',(-9.15933995315754E-16,3.42166151232551E-16,1.));
#5366=DIRECTION('',(-1.15629957246212E-16,1.46552849415764E-15,-1.));
#5367=DIRECTION('',(-0.85762685841793,-0.514272468366907,-6.09562963734865E-16));
#5368=DIRECTION('',(9.15933995315754E-16,-3.42166151232551E-16,-1.));
#5369=DIRECTION('',(-0.85762685841793,-0.514272468366908,-6.09562963734865E-16));
#5370=DIRECTION('',(9.15933995315754E-16,-3.42166151232551E-16,-1.));
#5371=DIRECTION('',(1.15629957246212E-16,-1.46552849415764E-15,1.));
#5372=DIRECTION('',(0.,-1.,0.));
#5373=DIRECTION('',(1.,0.,0.));
#5374=DIRECTION('',(-9.30992244033468E-16,0.,1.));
#5375=DIRECTION('',(0.,0.,1.));
#5376=DIRECTION('',(-1.,0.,0.));
#5377=DIRECTION('',(0.,-1.,0.));
#5378=DIRECTION('',(-1.,0.,0.));
#5379=DIRECTION('',(-1.,0.,0.));
#5380=DIRECTION('',(0.,-1.,0.));
#5381=DIRECTION('',(-1.,0.,0.));
#5382=DIRECTION('',(0.857626858417891,0.514272468366973,5.41233724504764E-16));
#5383=DIRECTION('',(-0.514272468366973,0.857626858417891,9.02588816956869E-16));
#5384=DIRECTION('',(0.,1.,0.));
#5385=DIRECTION('',(-1.,0.,0.));
#5386=DIRECTION('',(7.28172683984816E-16,0.,-1.));
#5387=DIRECTION('',(1.,0.,0.));
#5388=DIRECTION('',(0.,1.,0.));
#5389=DIRECTION('',(-1.,0.,0.));
#5390=DIRECTION('',(6.3108299278687E-16,0.,-1.));
#5391=DIRECTION('',(0.,0.,-1.));
#5392=DIRECTION('',(-1.,0.,0.));
#5393=DIRECTION('',(0.,1.,0.));
#5394=DIRECTION('',(-1.,0.,0.));
#5395=DIRECTION('',(7.10755450055902E-16,0.,-1.));
#5396=DIRECTION('',(1.,0.,0.));
#5397=DIRECTION('',(0.,1.,0.));
#5398=DIRECTION('',(-1.,0.,0.));
#5399=DIRECTION('',(0.,0.,1.));
#5400=DIRECTION('',(1.,0.,0.));
#5401=DIRECTION('',(0.,0.,1.));
#5402=DIRECTION('',(0.,1.,0.));
#5403=DIRECTION('',(-1.,0.,0.));
#5404=DIRECTION('',(-1.,0.,0.));
#5405=DIRECTION('',(0.,-1.,0.));
#5406=DIRECTION('',(0.857626858417891,0.514272468366973,5.41233724504764E-16));
#5407=DIRECTION('',(-0.514272468366973,0.857626858417891,9.02588816956869E-16));
#5408=DIRECTION('',(-1.,0.,0.));
#5409=DIRECTION('',(0.,-1.,0.));
#5410=DIRECTION('',(0.,0.,-1.));
#5411=DIRECTION('',(0.,1.,0.));
#5412=DIRECTION('',(0.51427246836691,-0.857626858417929,0.));
#5413=DIRECTION('',(0.,-1.,0.));
#5414=DIRECTION('',(-1.,0.,0.));
#5415=DIRECTION('',(0.,1.,0.));
#5416=DIRECTION('',(0.,-1.,0.));
#5417=DIRECTION('',(0.514272468366969,-0.857626858417893,1.9587715535095E-15));
#5418=DIRECTION('',(0.514272468366969,-0.857626858417893,1.9587715535095E-15));
#5419=DIRECTION('',(1.,1.79549111331173E-11,0.));
#5420=DIRECTION('',(1.,0.,0.));
#5421=DIRECTION('',(1.,0.,0.));
#5422=DIRECTION('',(0.,-1.,0.));
#5423=DIRECTION('',(-1.,0.,0.));
#5424=DIRECTION('',(0.,1.,0.));
#5425=DIRECTION('',(-1.,0.,0.));
#5426=DIRECTION('',(0.,-1.,0.));
#5427=DIRECTION('',(0.,1.,0.));
#5428=DIRECTION('',(0.,4.3571409839506E-18,1.));
#5429=DIRECTION('',(0.,-1.,0.));
#5430=DIRECTION('',(0.,0.,1.));
#5431=DIRECTION('',(0.,-1.,0.));
#5432=DIRECTION('',(1.,0.,0.));
#5433=DIRECTION('',(-2.0662904621771E-15,-1.,4.3571409839506E-18));
#5434=DIRECTION('',(1.,-2.0662904621771E-15,0.));
#5435=DIRECTION('',(0.,1.,0.));
#5436=DIRECTION('',(-1.,0.,0.));
#5437=DIRECTION('',(0.,1.,0.));
#5438=DIRECTION('',(-1.,0.,0.));
#5439=DIRECTION('',(-2.0662904621771E-15,-1.,4.3571409839506E-18));
#5440=DIRECTION('',(1.,-2.0662904621771E-15,0.));
#5441=DIRECTION('',(0.,1.,0.));
#5442=DIRECTION('',(-2.0662904621771E-15,-1.,4.3571409839506E-18));
#5443=DIRECTION('',(1.,-2.0662904621771E-15,0.));
#5444=DIRECTION('',(0.,-1.,0.));
#5445=DIRECTION('',(0.,1.,-7.2280144832367E-15));
#5446=DIRECTION('',(0.,7.2280144832367E-15,1.));
#5447=DIRECTION('',(0.,1.,7.15573433840433E-15));
#5448=DIRECTION('',(0.,-7.15573433840433E-15,1.));
#5449=DIRECTION('',(0.,1.,0.));
#5450=DIRECTION('',(-1.,0.,0.));
#5451=DIRECTION('',(0.,1.,0.));
#5452=DIRECTION('',(-1.,0.,0.));
#5453=DIRECTION('',(0.,1.,0.));
#5454=DIRECTION('',(-1.,0.,0.));
#5455=DIRECTION('',(-5.78241158658936E-17,0.,1.));
#5456=DIRECTION('',(-1.,0.,-5.78241158658936E-17));
#5457=DIRECTION('',(-1.,0.,-5.78241158658936E-17));
#5458=DIRECTION('',(0.,1.,0.));
#5459=DIRECTION('',(-1.,0.,-5.78241158658936E-17));
#5460=DIRECTION('',(-1.,1.77136950940682E-14,-5.78241158658936E-17));
#5461=DIRECTION('',(-5.78241158658936E-17,0.,1.));
#5462=DIRECTION('',(1.,-1.76954842134851E-14,5.78241158658936E-17));
#5463=DIRECTION('',(1.76861715080592E-14,1.,1.02268723050608E-30));
#5464=DIRECTION('',(-5.78241158658936E-17,0.,1.));
#5465=DIRECTION('',(1.,-1.76954842134851E-14,5.78241158658936E-17));
#5466=DIRECTION('',(1.,-1.77136950940682E-14,5.78241158658936E-17));
#5467=DIRECTION('',(0.,-1.,0.));
#5468=DIRECTION('',(0.5,0.,-0.866025403784438));
#5469=DIRECTION('',(0.866025403784438,0.,0.5));
#5470=DIRECTION('',(-4.18510001670756E-14,1.,-2.41626862123163E-14));
#5471=DIRECTION('',(0.5,0.,-0.866025403784438));
#5472=DIRECTION('',(0.857146442994763,-0.14282845310103,0.494873729597958));
#5473=DIRECTION('',(0.,-1.,0.));
#5474=DIRECTION('',(0.5,0.,-0.866025403784438));
#5475=DIRECTION('',(-0.866025403784438,0.,-0.5));
#5476=DIRECTION('',(0.866025403784438,0.,0.5));
#5477=DIRECTION('',(-0.866025403784438,1.54376544610095E-14,-0.5));
#5478=DIRECTION('',(1.77136950940682E-14,1.,1.94289029309402E-16));
#5479=DIRECTION('',(0.5,0.,-0.866025403784438));
#5480=DIRECTION('',(0.866025403784438,-1.65541358839346E-14,0.5));
#5481=DIRECTION('',(5.78241158658936E-17,0.,1.));
#5482=DIRECTION('',(-1.,0.,5.78241158658936E-17));
#5483=DIRECTION('',(-1.,0.,5.78241158658936E-17));
#5484=DIRECTION('',(0.,1.,0.));
#5485=DIRECTION('',(-1.,0.,5.78241158658936E-17));
#5486=DIRECTION('',(1.,-1.77136950940682E-14,-5.78241158658936E-17));
#5487=DIRECTION('',(5.78241158658936E-17,0.,1.));
#5488=DIRECTION('',(1.,-1.76355756761572E-14,-5.78241158658936E-17));
#5489=DIRECTION('',(1.82028254488216E-14,1.,-1.05256228783929E-30));
#5490=DIRECTION('',(5.78241158658936E-17,0.,1.));
#5491=DIRECTION('',(1.,-1.76355756761572E-14,-5.78241158658936E-17));
#5492=DIRECTION('',(-1.,1.77136950940682E-14,5.78241158658936E-17));
#5493=DIRECTION('',(0.,-1.,0.));
#5494=DIRECTION('',(0.,-1.,0.));
#5495=DIRECTION('',(1.,0.,0.));
#5496=DIRECTION('',(0.,-1.,0.));
#5497=DIRECTION('',(1.,0.,0.));
#5498=DIRECTION('',(0.,1.,0.));
#5499=DIRECTION('',(-1.,0.,0.));
#5500=DIRECTION('',(-1.15648231731787E-16,1.,0.));
#5501=DIRECTION('',(-1.,-1.15648231731787E-16,0.));
#5502=DIRECTION('',(-1.15648231731787E-16,1.,0.));
#5503=DIRECTION('',(-1.,-1.15648231731787E-16,0.));
#5504=DIRECTION('',(-1.15648231731787E-16,1.,0.));
#5505=DIRECTION('',(-1.,-1.15648231731787E-16,0.));
#5506=DIRECTION('',(0.,0.,1.));
#5507=DIRECTION('',(-1.15648231731787E-16,1.,0.));
#5508=DIRECTION('',(-1.,-1.15648231731787E-16,0.));
#5509=DIRECTION('',(-1.15648231731787E-16,1.,0.));
#5510=DIRECTION('',(-1.,-1.15648231731787E-16,0.));
#5511=DIRECTION('',(-1.73472347597681E-16,1.,0.));
#5512=DIRECTION('',(-1.,-1.73472347597681E-16,0.));
#5513=DIRECTION('',(-1.73472347597681E-16,1.,0.));
#5514=DIRECTION('',(-1.,-1.73472347597681E-16,0.));
#5515=DIRECTION('',(0.,0.,1.));
#5516=DIRECTION('',(-1.73472347597681E-16,1.,0.));
#5517=DIRECTION('',(-1.,-1.73472347597681E-16,0.));
#5518=DIRECTION('',(-1.73472347597681E-16,1.,0.));
#5519=DIRECTION('',(-1.,-1.73472347597681E-16,0.));
#5520=DIRECTION('',(-1.73472347597681E-16,1.,0.));
#5521=DIRECTION('',(-1.,-1.73472347597681E-16,0.));
#5522=DIRECTION('',(-1.,0.,0.));
#5523=DIRECTION('',(0.,-1.,0.));
#5524=DIRECTION('',(0.,4.3571409839506E-18,1.));
#5525=DIRECTION('',(0.,0.,-1.));
#5526=DIRECTION('',(1.,0.,0.));
#5527=DIRECTION('',(0.,1.,0.));
#5528=DIRECTION('',(0.,1.,0.));
#5529=DIRECTION('',(0.,1.,0.));
#5530=DIRECTION('',(0.,1.,0.));
#5531=DIRECTION('',(-1.,0.,0.));
#5532=DIRECTION('',(0.,1.,0.));
#5533=DIRECTION('',(-1.,0.,0.));
#5534=DIRECTION('',(0.,0.,1.));
#5535=DIRECTION('',(0.,-1.,0.));
#5536=DIRECTION('',(0.,0.,-1.));
#5537=DIRECTION('',(0.,1.,0.));
#5538=DIRECTION('',(0.,-7.11959426598814E-15,1.));
#5539=DIRECTION('',(0.,-1.,-7.11959426598814E-15));
#5540=DIRECTION('',(-1.,0.,0.));
#5541=DIRECTION('',(0.,-1.,0.));
#5542=DIRECTION('',(-1.,0.,0.));
#5543=DIRECTION('',(0.,-1.,0.));
#5544=DIRECTION('',(-1.,0.,0.));
#5545=DIRECTION('',(0.,-1.,0.));
#5546=DIRECTION('',(-1.04488386739759E-30,-7.2280144832367E-15,1.));
#5547=DIRECTION('',(0.,-1.,-7.2280144832367E-15));
#5548=DIRECTION('',(-1.,0.,0.));
#5549=DIRECTION('',(0.,-1.,0.));
#5550=DIRECTION('',(0.,-7.2280144832367E-15,-1.));
#5551=DIRECTION('',(0.,1.,-7.2280144832367E-15));
#5552=DIRECTION('',(0.,0.,-1.));
#5553=DIRECTION('',(0.,1.,0.));
#5554=DIRECTION('',(3.33847688608259E-16,0.,-1.));
#5555=DIRECTION('',(1.,0.,3.33847688608259E-16));
#5556=DIRECTION('',(3.33847688608259E-16,0.,-1.));
#5557=DIRECTION('',(0.99066428554079,-0.136324148095474,3.30730981914545E-16));
#5558=DIRECTION('',(1.,0.,3.33847688608259E-16));
#5559=DIRECTION('',(0.,-1.,0.));
#5560=DIRECTION('',(1.,0.,3.33847688608259E-16));
#5561=DIRECTION('',(0.,-1.,0.));
#5562=DIRECTION('',(1.,0.,0.));
#5563=DIRECTION('',(0.,-1.,0.));
#5564=DIRECTION('',(1.,0.,0.));
#5565=DIRECTION('',(1.,0.,3.33847688608259E-16));
#5566=DIRECTION('',(0.,-1.,0.));
#5567=DIRECTION('',(1.,0.,0.));
#5568=DIRECTION('',(0.,-1.,0.));
#5569=DIRECTION('',(1.,0.,0.));
#5570=DIRECTION('',(1.,0.,3.33847688608259E-16));
#5571=DIRECTION('',(0.,-1.,0.));
#5572=DIRECTION('',(1.,0.,0.));
#5573=DIRECTION('',(0.,-1.,0.));
#5574=DIRECTION('',(1.,0.,0.));
#5575=DIRECTION('',(1.,0.,0.));
#5576=DIRECTION('',(0.,1.,0.));
#5577=DIRECTION('',(1.,0.,0.));
#5578=DIRECTION('',(0.,1.,0.));
#5579=DIRECTION('',(-3.33847688608259E-16,0.,-1.));
#5580=DIRECTION('',(1.,0.,-3.33847688608259E-16));
#5581=DIRECTION('',(0.,-1.,0.));
#5582=DIRECTION('',(-3.33847688608259E-16,0.,-1.));
#5583=DIRECTION('',(-0.989618231870189,0.143721101965302,3.30381759314455E-16));
#5584=DIRECTION('',(1.,0.,-3.33847688608259E-16));
#5585=DIRECTION('',(0.,-1.,0.));
#5586=DIRECTION('',(1.,0.,-3.33847688608259E-16));
#5587=DIRECTION('',(-1.,0.,0.));
#5588=DIRECTION('',(0.,-1.,0.));
#5589=DIRECTION('',(0.,0.,-1.));
#5590=DIRECTION('',(0.,-1.,0.));
#5591=DIRECTION('',(0.,-1.,0.));
#5592=DIRECTION('',(-0.5,0.,-0.866025403784438));
#5593=DIRECTION('',(0.866025403784438,0.,-0.5));
#5594=DIRECTION('',(-0.5,0.,-0.866025403784438));
#5595=DIRECTION('',(-0.856165628948104,0.150467785291499,0.494307456344095));
#5596=DIRECTION('',(-0.5,0.,-0.866025403784438));
#5597=DIRECTION('',(-0.866025403784438,0.,0.5));
#5598=DIRECTION('',(0.866025403784438,0.,-0.5));
#5599=DIRECTION('',(0.866025403784438,-1.52433654317001E-14,-0.5));
#5600=DIRECTION('',(-1.77136950940682E-14,-1.,-1.94289029309402E-16));
#5601=DIRECTION('',(-0.5,0.,-0.866025403784438));
#5602=DIRECTION('',(0.866025403784438,-1.64980914120462E-14,-0.5));
#5603=DIRECTION('',(-4.30735645955705E-14,1.,2.48685341142094E-14));
#5604=DIRECTION('',(0.,-1.,0.));
#5605=DIRECTION('',(1.,0.,0.));
#5606=DIRECTION('',(1.,0.,-3.33847688608259E-16));
#5607=DIRECTION('',(0.,0.,-1.));
#5608=DIRECTION('',(0.,-1.,0.));
#5609=DIRECTION('',(1.,0.,0.));
#5610=DIRECTION('',(0.,-1.,0.));
#5611=DIRECTION('',(1.,0.,0.));
#5612=DIRECTION('',(0.,0.,1.));
#5613=DIRECTION('',(0.,0.,-1.));
#5614=DIRECTION('',(1.,0.,-3.33847688608259E-16));
#5615=DIRECTION('',(0.,-1.,0.));
#5616=DIRECTION('',(1.,0.,0.));
#5617=DIRECTION('',(-1.,0.,0.));
#5618=DIRECTION('',(0.,-1.,0.));
#5619=DIRECTION('',(-1.77136950940682E-14,-1.,-1.94289029309402E-16));
#5620=DIRECTION('',(0.376052544999141,-6.84521883620448E-15,0.926598339842927));
#5621=DIRECTION('',(-1.77136950940682E-14,-1.,-1.94289029309402E-16));
#5622=DIRECTION('',(0.376052544999141,-6.84521883620448E-15,0.926598339842927));
#5623=DIRECTION('',(1.77136950940682E-14,1.,1.94289029309402E-16));
#5624=DIRECTION('',(-0.376052544999141,6.84521883620448E-15,-0.926598339842927));
#5625=DIRECTION('',(0.926598339842927,-1.63410951437015E-14,-0.376052544999141));
#5626=DIRECTION('',(0.926598339842927,-1.63410951437015E-14,-0.376052544999141));
#5627=DIRECTION('',(-0.376052544999141,6.84521883620448E-15,-0.926598339842927));
#5628=DIRECTION('',(0.926598339842927,-1.63410951437015E-14,-0.376052544999141));
#5629=DIRECTION('',(0.376052544999141,-6.84521883620448E-15,0.926598339842927));
#5630=DIRECTION('',(0.926598339842927,-1.63410951437015E-14,-0.376052544999141));
#5631=DIRECTION('',(0.376052544999141,-6.84521883620448E-15,0.926598339842927));
#5632=DIRECTION('',(-0.916842909253412,0.144725931803557,0.372093381310837));
#5633=DIRECTION('',(0.926598339842927,-1.63410951437015E-14,-0.376052544999141));
#5634=DIRECTION('',(1.77136950940682E-14,1.,1.94289029309402E-16));
#5635=DIRECTION('',(-0.376052544999141,6.84521883620448E-15,-0.926598339842927));
#5636=DIRECTION('',(-1.77136950940682E-14,-1.,-1.94289029309402E-16));
#5637=DIRECTION('',(0.376052544999141,-6.84521883620448E-15,0.926598339842927));
#5638=DIRECTION('',(-1.77136950940682E-14,-1.,-1.94289029309402E-16));
#5639=DIRECTION('',(-0.376052544999141,6.84521883620448E-15,-0.926598339842927));
#5640=DIRECTION('',(0.926598339842927,-1.63410951437015E-14,-0.376052544999141));
#5641=DIRECTION('',(0.926598339842927,-1.63410951437015E-14,-0.376052544999141));
#5642=DIRECTION('',(-0.376052544999141,6.84521883620448E-15,-0.926598339842927));
#5643=DIRECTION('',(0.926598339842971,-1.63966062949328E-14,0.376052544999035));
#5644=DIRECTION('',(0.376052544999035,-6.65092980689508E-15,-0.926598339842971));
#5645=DIRECTION('',(0.926598339842971,-1.63966062949328E-14,0.376052544999035));
#5646=DIRECTION('',(0.926598339842971,-1.63966062949328E-14,0.376052544999035));
#5647=DIRECTION('',(0.376052544999035,-6.65092980689508E-15,-0.92659833984297));
#5648=DIRECTION('',(-0.926598339842971,1.63966062949328E-14,-0.376052544999035));
#5649=DIRECTION('',(0.376052544999035,-6.65092980689508E-15,-0.926598339842971));
#5650=DIRECTION('',(0.917817579551265,-0.137342191822039,0.372488943476415));
#5651=DIRECTION('',(0.926598339842971,-1.63966062949328E-14,0.376052544999035));
#5652=DIRECTION('',(0.926598339842971,-1.63966062949328E-14,0.376052544999035));
#5653=DIRECTION('',(0.376052544999035,-6.65092980689508E-15,-0.926598339842971));
#5654=DIRECTION('',(0.926598339842971,-1.63966062949328E-14,0.376052544999035));
#5655=DIRECTION('',(1.77136950940682E-14,1.,1.94289029309402E-16));
#5656=DIRECTION('',(-0.376052544999141,6.84521883620448E-15,-0.926598339842927));
#5657=DIRECTION('',(-1.77136950940682E-14,-1.,-1.94289029309402E-16));
#5658=DIRECTION('',(0.376052544999141,-6.84521883620448E-15,0.926598339842927));
#5659=DIRECTION('',(-1.77136950940682E-14,-1.,-1.94289029309402E-16));
#5660=DIRECTION('',(-0.376052544999141,6.84521883620448E-15,-0.926598339842927));
#5661=DIRECTION('',(-1.77136950940682E-14,-1.,-1.94289029309402E-16));
#5662=DIRECTION('',(0.376052544999141,-6.84521883620448E-15,0.926598339842927));
#5663=DIRECTION('',(1.77136950940682E-14,1.,1.94289029309402E-16));
#5664=DIRECTION('',(-0.376052544999141,6.84521883620448E-15,-0.926598339842927));
#5665=DIRECTION('',(-1.77136950940682E-14,-1.,-1.94289029309402E-16));
#5666=DIRECTION('',(0.376052544999141,-6.84521883620448E-15,0.926598339842927));
#5667=DIRECTION('',(0.,-1.,0.));
#5668=DIRECTION('',(1.,0.,0.));
#5669=DIRECTION('',(-1.73472347597681E-16,1.,0.));
#5670=DIRECTION('',(-1.,-1.73472347597681E-16,0.));
#5671=DIRECTION('',(0.,1.,0.));
#5672=DIRECTION('',(-1.,0.,0.));
#5673=DIRECTION('',(0.,1.,0.));
#5674=DIRECTION('',(-1.,0.,0.));
#5675=DIRECTION('',(0.,-1.,0.));
#5676=DIRECTION('',(1.,0.,0.));
#5677=DIRECTION('',(-1.15648231731787E-16,1.,0.));
#5678=DIRECTION('',(-1.,-1.15648231731787E-16,0.));
#5679=DIRECTION('',(0.,-1.,0.));
#5680=DIRECTION('',(1.,0.,0.));
#5681=DIRECTION('',(0.,-1.,0.));
#5682=DIRECTION('',(1.,0.,0.));
#5683=DIRECTION('',(0.,-1.,0.));
#5684=DIRECTION('',(1.,0.,0.));
#5685=DIRECTION('',(-0.447761194029836,2.58518086027969E-15,-0.894153182134345));
#5686=DIRECTION('',(0.894153182134345,0.,-0.447761194029836));
#5687=DIRECTION('',(-0.447761194029832,0.,0.894153182134348));
#5688=DIRECTION('',(-0.894153182134348,0.,-0.447761194029832));
#5689=DIRECTION('',(-0.447761194029837,-6.46295215069922E-15,-0.894153182134345));
#5690=DIRECTION('',(0.894153182134345,0.,-0.447761194029837));
#5691=DIRECTION('',(-0.447761194029836,-4.84721411302442E-15,0.894153182134345));
#5692=DIRECTION('',(-0.894153182134345,0.,-0.447761194029836));
#5693=DIRECTION('',(0.,-1.,0.));
#5694=DIRECTION('',(1.,0.,0.));
#5695=DIRECTION('',(0.,1.,0.));
#5696=DIRECTION('',(-1.,0.,0.));
#5697=DIRECTION('',(0.447761194029831,0.,0.894153182134348));
#5698=DIRECTION('',(-0.894153182134348,0.,0.447761194029831));
#5699=DIRECTION('',(0.447761194029836,-2.58518086027969E-15,-0.894153182134345));
#5700=DIRECTION('',(0.894153182134345,0.,0.447761194029836));
#5701=DIRECTION('',(0.447761194029836,4.84721411302442E-15,0.894153182134345));
#5702=DIRECTION('',(-0.894153182134345,0.,0.447761194029836));
#5703=DIRECTION('',(0.44776119402984,6.46295215069921E-15,-0.894153182134343));
#5704=DIRECTION('',(0.894153182134343,0.,0.44776119402984));
#5705=DIRECTION('',(0.,1.,0.));
#5706=DIRECTION('',(-1.,0.,0.));
#5707=DIRECTION('',(-1.15648231731787E-16,1.,0.));
#5708=DIRECTION('',(-1.,-1.15648231731787E-16,0.));
#5709=DIRECTION('',(-1.73472347597681E-16,1.,0.));
#5710=DIRECTION('',(-1.,-1.73472347597681E-16,0.));
#5711=DIRECTION('',(-2.0662904621771E-15,-1.,4.3571409839506E-18));
#5712=DIRECTION('',(-0.999390827019096,2.06518379588425E-15,0.0348994967025084));
#5713=DIRECTION('',(0.,-1.,0.));
#5714=DIRECTION('',(1.,0.,0.));
#5715=DIRECTION('',(0.,-1.,0.));
#5716=DIRECTION('',(1.,0.,0.));
#5717=DIRECTION('',(0.,-1.,0.));
#5718=DIRECTION('',(1.,0.,0.));
#5719=DIRECTION('',(0.,-1.,0.));
#5720=DIRECTION('',(1.,0.,0.));
#5721=DIRECTION('',(0.,-1.,0.));
#5722=DIRECTION('',(1.,0.,0.));
#5723=DIRECTION('',(0.,-1.,0.));
#5724=DIRECTION('',(1.,0.,0.));
#5725=DIRECTION('',(0.,0.,1.));
#5726=DIRECTION('',(0.,0.,1.));
#5727=DIRECTION('',(-1.,7.64013292116567E-17,8.32667268468867E-17));
#5728=DIRECTION('',(-1.,7.64013292116567E-17,8.32667268468867E-17));
#5729=DIRECTION('',(0.0871557427476582,1.34179140268557E-15,-0.996194698091746));
#5730=DIRECTION('',(-2.4508287884352E-16,1.46552849415764E-15,-1.));
#5731=DIRECTION('',(-1.,7.64013292116578E-17,-6.93889390390723E-16));
#5732=DIRECTION('',(2.4508287884352E-16,-1.46552849415764E-15,1.));
#5733=DIRECTION('',(1.,-7.64013292116579E-17,7.75287248413052E-16));
#5734=DIRECTION('',(7.64013292116469E-17,1.,1.46552849415765E-15));
#5735=DIRECTION('',(1.,-7.64013292116564E-17,-2.4508287884352E-16));
#5736=DIRECTION('',(7.64013292116469E-17,1.,1.46552849415765E-15));
#5737=DIRECTION('',(1.,-7.64013292116564E-17,-2.4508287884352E-16));
#5738=DIRECTION('',(1.,-7.6401329211658E-17,8.15986177424217E-16));
#5739=DIRECTION('',(-1.,7.64013292116578E-17,-6.93889390390723E-16));
#5740=DIRECTION('',(-1.47993187645537E-16,1.46552849415764E-15,-1.));
#5741=DIRECTION('',(-1.,7.64013292116583E-17,-1.04083408558608E-15));
#5742=DIRECTION('',(1.47993187645537E-16,-1.46552849415764E-15,1.));
#5743=DIRECTION('',(1.,-7.64013292116584E-17,1.1222319436084E-15));
#5744=DIRECTION('',(7.64013292116469E-17,1.,1.46552849415765E-15));
#5745=DIRECTION('',(1.,-7.64013292116566E-17,-1.47993187645537E-16));
#5746=DIRECTION('',(7.64013292116469E-17,1.,1.46552849415765E-15));
#5747=DIRECTION('',(1.,-7.64013292116566E-17,-1.47993187645537E-16));
#5748=DIRECTION('',(1.,-7.64013292116585E-17,1.16293087261956E-15));
#5749=DIRECTION('',(-1.,7.64013292116583E-17,-1.04083408558608E-15));
#5750=DIRECTION('',(-1.15629957246212E-16,1.46552849415764E-15,-1.));
#5751=DIRECTION('',(-1.,7.64013292116581E-17,-9.15933995315754E-16));
#5752=DIRECTION('',(1.15629957246212E-16,-1.46552849415764E-15,1.));
#5753=DIRECTION('',(1.,-7.64013292116582E-17,9.97331853338073E-16));
#5754=DIRECTION('',(7.64013292116469E-17,1.,1.46552849415765E-15));
#5755=DIRECTION('',(1.,-7.64013292116566E-17,-1.15629957246212E-16));
#5756=DIRECTION('',(7.64013292116469E-17,1.,1.46552849415765E-15));
#5757=DIRECTION('',(1.,-7.64013292116566E-17,-1.15629957246212E-16));
#5758=DIRECTION('',(1.,-7.64013292116583E-17,1.03803078234923E-15));
#5759=DIRECTION('',(-1.,7.64013292116581E-17,-9.15933995315754E-16));
#5760=DIRECTION('',(-2.0662904621771E-15,-1.,4.3571409839506E-18));
#5761=DIRECTION('',(-0.999390827019096,2.06518379588425E-15,0.0348994967025084));
#5762=DIRECTION('',(0.0871557427476582,1.34179140268557E-15,-0.996194698091746));
#5763=DIRECTION('',(-1.,7.64013292116567E-17,8.32667268468867E-17));
#5764=DIRECTION('',(-1.,7.64013292116567E-17,8.32667268468867E-17));
#5765=DIRECTION('',(0.,0.,1.));
#5766=DIRECTION('',(0.,0.,1.));
#5767=DIRECTION('',(-3.95103299729865E-15,-1.46552849415764E-15,1.));
#5768=DIRECTION('',(7.64013292116469E-17,1.,1.46552849415765E-15));
#5769=DIRECTION('',(1.,-7.64013292116566E-17,-1.15629957246212E-16));
#5770=DIRECTION('',(-1.15629957246212E-16,1.46552849415764E-15,-1.));
#5771=DIRECTION('',(-1.15629957246212E-16,1.46552849415764E-15,-1.));
#5772=DIRECTION('',(7.64013292116469E-17,1.,1.46552849415765E-15));
#5773=DIRECTION('',(1.,-7.64013292116566E-17,-1.15629957246212E-16));
#5774=DIRECTION('',(-3.95103299729865E-15,-1.46552849415764E-15,1.));
#5775=DIRECTION('',(-4.34231959261713E-15,-1.46552849415764E-15,1.));
#5776=DIRECTION('',(-1.47993187645537E-16,1.46552849415764E-15,-1.));
#5777=DIRECTION('',(-1.47993187645537E-16,1.46552849415764E-15,-1.));
#5778=DIRECTION('',(7.64013292116469E-17,1.,1.46552849415765E-15));
#5779=DIRECTION('',(1.,-7.64013292116566E-17,-1.47993187645537E-16));
#5780=DIRECTION('',(-4.34231959261713E-15,-1.46552849415764E-15,1.));
#5781=DIRECTION('',(-3.37084942492946E-15,-1.46552849415764E-15,1.));
#5782=DIRECTION('',(7.64013292116469E-17,1.,1.46552849415765E-15));
#5783=DIRECTION('',(1.,-7.64013292116564E-17,-2.4508287884352E-16));
#5784=DIRECTION('',(-2.4508287884352E-16,1.46552849415764E-15,-1.));
#5785=DIRECTION('',(2.4508287884352E-16,-1.46552849415764E-15,1.));
#5786=DIRECTION('',(-2.4508287884352E-16,1.46552849415764E-15,-1.));
#5787=DIRECTION('',(7.64013292116469E-17,1.,1.46552849415765E-15));
#5788=DIRECTION('',(1.,-7.64013292116564E-17,-2.4508287884352E-16));
#5789=DIRECTION('',(-3.37084942492946E-15,-1.46552849415764E-15,1.));
#5790=DIRECTION('',(0.996194698091746,-2.20819745817812E-15,0.0871557427476582));
#5791=DIRECTION('',(-0.0871557427476582,-1.34179140268557E-15,0.996194698091746));
#5792=DIRECTION('',(2.08284977386393E-15,1.,1.52914257090165E-15));
#5793=DIRECTION('',(-1.,0.,0.));
#5794=DIRECTION('',(0.,-1.,0.));
#5795=DIRECTION('',(0.,-1.,0.));
#5796=DIRECTION('',(1.,0.,0.));
#5797=DIRECTION('',(0.,1.,0.));
#5798=DIRECTION('',(0.857626858417891,0.514272468366973,5.41233724504764E-16));
#5799=DIRECTION('',(-6.93889390390723E-16,1.39854551473787E-16,1.));
#5800=DIRECTION('',(0.857626858417891,0.514272468366973,5.41233724504764E-16));
#5801=DIRECTION('',(0.85762685841793,0.514272468366907,6.09562963734865E-16));
#5802=DIRECTION('',(-9.15933995315754E-16,3.42166151232551E-16,1.));
#5803=DIRECTION('',(0.85762685841793,0.514272468366908,6.09562963734865E-16));
#5804=DIRECTION('',(-8.15986177424217E-16,3.4346934776837E-16,1.));
#5805=DIRECTION('',(0.514272468366973,-0.857626858417891,7.16200213490512E-16));
#5806=DIRECTION('',(-1.16293087261956E-15,7.18735847285992E-16,1.));
#5807=DIRECTION('',(0.514272468366906,-0.857626858417931,1.20886168066793E-15));
#5808=DIRECTION('',(-1.03803078234923E-15,5.45780947527143E-16,1.));
#5809=DIRECTION('',(0.514272468366907,-0.85762685841793,1.00190705209164E-15));
#5810=DIRECTION('',(-0.514272468366973,0.857626858417891,-4.78783679369599E-16));
#5811=DIRECTION('',(-0.857626858417891,-0.514272468366973,-5.41233724504764E-16));
#5812=DIRECTION('',(6.93889390390723E-16,-1.39854551473787E-16,-1.));
#5813=DIRECTION('',(0.857626858417891,0.514272468366973,5.41233724504764E-16));
#5814=DIRECTION('',(-6.93889390390723E-16,1.39854551473787E-16,1.));
#5815=DIRECTION('',(0.857626858417891,0.514272468366973,5.41233724504764E-16));
#5816=DIRECTION('',(0.514272468366973,-0.857626858417891,4.78783679369599E-16));
#5817=DIRECTION('',(0.857626858417891,0.514272468366973,5.41233724504764E-16));
#5818=DIRECTION('',(0.857626858417931,0.514272468366906,6.24500451351651E-16));
#5819=DIRECTION('',(-1.04083408558608E-15,5.15121050991399E-16,1.));
#5820=DIRECTION('',(0.857626858417931,0.514272468366906,6.24500451351651E-16));
#5821=DIRECTION('',(0.85762685841793,0.514272468366907,6.09562963734865E-16));
#5822=DIRECTION('',(-9.15933995315754E-16,3.42166151232551E-16,1.));
#5823=DIRECTION('',(0.85762685841793,0.514272468366908,6.09562963734865E-16));
#5824=DIRECTION('',(-0.514272468366907,0.85762685841793,-7.64490517970723E-16));
#5825=DIRECTION('',(-0.85762685841793,-0.514272468366907,-6.09562963734865E-16));
#5826=DIRECTION('',(9.15933995315754E-16,-3.42166151232551E-16,-1.));
#5827=DIRECTION('',(-7.75287248413052E-16,2.75597749003509E-16,1.));
#5828=DIRECTION('',(0.514272468366973,-0.857626858417891,6.37061368783541E-16));
#5829=DIRECTION('',(-0.514272468366973,0.857626858417891,-6.37061368783541E-16));
#5830=DIRECTION('',(-0.857626858417891,-0.514272468366973,-5.41233724504764E-16));
#5831=DIRECTION('',(6.93889390390723E-16,-1.39854551473787E-16,-1.));
#5832=DIRECTION('',(0.857626858417891,0.514272468366973,5.41233724504764E-16));
#5833=DIRECTION('',(-6.93889390390723E-16,1.39854551473787E-16,1.));
#5834=DIRECTION('',(0.857626858417931,0.514272468366906,6.24500451351651E-16));
#5835=DIRECTION('',(-1.04083408558608E-15,5.151210509914E-16,1.));
#5836=DIRECTION('',(0.,0.,-1.));
#5837=DIRECTION('',(-1.1222319436084E-15,6.50864248521128E-16,1.));
#5838=DIRECTION('',(0.514272468366906,-0.857626858417931,1.12972283596095E-15));
#5839=DIRECTION('',(-0.514272468366906,0.857626858417931,-1.12972283596095E-15));
#5840=DIRECTION('',(-0.857626858417931,-0.514272468366906,-6.24500451351651E-16));
#5841=DIRECTION('',(1.04083408558608E-15,-5.151210509914E-16,-1.));
#5842=DIRECTION('',(0.85762685841793,0.514272468366907,6.09562963734865E-16));
#5843=DIRECTION('',(-9.15933995315754E-16,3.42166151232551E-16,1.));
#5844=DIRECTION('',(0.,0.,1.));
#5845=DIRECTION('',(-9.97331853338073E-16,4.77909348762279E-16,1.));
#5846=DIRECTION('',(0.514272468366907,-0.85762685841793,9.22768207384665E-16));
#5847=DIRECTION('',(-0.514272468366908,0.85762685841793,-9.22768207384665E-16));
#5848=DIRECTION('',(-0.85762685841793,-0.514272468366907,-6.09562963734865E-16));
#5849=DIRECTION('',(9.15933995315754E-16,-3.42166151232551E-16,-1.));
#5850=DIRECTION('',(-0.514272468366973,0.857626858417891,-4.78783679369599E-16));
#5851=DIRECTION('',(-0.857626858417891,-0.514272468366973,-5.41233724504764E-16));
#5852=DIRECTION('',(-0.514272468366973,0.857626858417891,-4.78783679369599E-16));
#5853=DIRECTION('',(-0.857626858417891,-0.514272468366973,-5.41233724504764E-16));
#5854=DIRECTION('',(6.93889390390723E-16,-1.39854551473787E-16,-1.));
#5855=DIRECTION('',(0.857626858417891,0.514272468366973,5.41233724504764E-16));
#5856=DIRECTION('',(0.514272468366973,-0.857626858417891,4.78783679369599E-16));
#5857=DIRECTION('',(6.93889390390723E-16,-1.39854551473787E-16,-1.));
#5858=DIRECTION('',(0.857626858417891,0.514272468366973,5.41233724504764E-16));
#5859=DIRECTION('',(0.514272468366973,-0.857626858417891,4.78783679369599E-16));
#5860=DIRECTION('',(0.857626858417891,0.514272468366973,5.41233724504764E-16));
#5861=DIRECTION('',(-6.93889390390723E-16,1.39854551473787E-16,1.));
#5862=DIRECTION('',(0.857626858417891,0.514272468366973,5.41233724504764E-16));
#5863=DIRECTION('',(-6.93889390390723E-16,1.39854551473787E-16,1.));
#5864=DIRECTION('',(-0.857626858417891,-0.514272468366973,-5.41233724504764E-16));
#5865=DIRECTION('',(6.93889390390723E-16,-1.39854551473787E-16,-1.));
#5866=DIRECTION('',(-0.514272468366906,0.857626858417931,-9.71445146547012E-16));
#5867=DIRECTION('',(-0.857626858417931,-0.514272468366906,-6.24500451351651E-16));
#5868=DIRECTION('',(-0.514272468366906,0.857626858417931,-9.71445146547012E-16));
#5869=DIRECTION('',(-0.857626858417931,-0.514272468366906,-6.24500451351651E-16));
#5870=DIRECTION('',(1.04083408558608E-15,-5.151210509914E-16,-1.));
#5871=DIRECTION('',(0.857626858417931,0.514272468366906,6.24500451351651E-16));
#5872=DIRECTION('',(0.514272468366906,-0.857626858417931,9.71445146547012E-16));
#5873=DIRECTION('',(1.04083408558608E-15,-5.151210509914E-16,-1.));
#5874=DIRECTION('',(0.857626858417931,0.514272468366906,6.24500451351651E-16));
#5875=DIRECTION('',(0.514272468366906,-0.857626858417931,9.71445146547012E-16));
#5876=DIRECTION('',(0.857626858417931,0.514272468366906,6.24500451351651E-16));
#5877=DIRECTION('',(-1.04083408558608E-15,5.151210509914E-16,1.));
#5878=DIRECTION('',(0.857626858417931,0.514272468366906,6.24500451351651E-16));
#5879=DIRECTION('',(-1.04083408558608E-15,5.15121050991399E-16,1.));
#5880=DIRECTION('',(-0.514272468366907,0.85762685841793,-7.64490517970723E-16));
#5881=DIRECTION('',(-0.85762685841793,-0.514272468366907,-6.09562963734865E-16));
#5882=DIRECTION('',(-0.514272468366907,0.85762685841793,-7.64490517970723E-16));
#5883=DIRECTION('',(-0.85762685841793,-0.514272468366907,-6.09562963734865E-16));
#5884=DIRECTION('',(9.15933995315754E-16,-3.42166151232551E-16,-1.));
#5885=DIRECTION('',(0.85762685841793,0.514272468366907,6.09562963734865E-16));
#5886=DIRECTION('',(0.514272468366908,-0.85762685841793,7.64490517970723E-16));
#5887=DIRECTION('',(9.15933995315754E-16,-3.42166151232551E-16,-1.));
#5888=DIRECTION('',(0.85762685841793,0.514272468366907,6.09562963734865E-16));
#5889=DIRECTION('',(0.514272468366908,-0.85762685841793,7.64490517970723E-16));
#5890=DIRECTION('',(0.85762685841793,0.514272468366907,6.09562963734865E-16));
#5891=DIRECTION('',(-9.15933995315754E-16,3.42166151232551E-16,1.));
#5892=DIRECTION('',(0.85762685841793,0.514272468366907,6.09562963734865E-16));
#5893=DIRECTION('',(-9.15933995315754E-16,3.42166151232551E-16,1.));
#5894=DIRECTION('',(-8.32667268468867E-17,1.46552849415764E-15,-1.));
#5895=DIRECTION('',(1.,-7.64013292116567E-17,-8.32667268468867E-17));
#5896=DIRECTION('',(-8.32667268468867E-17,1.46552849415764E-15,-1.));
#5897=DIRECTION('',(1.,-7.64013292116567E-17,-8.32667268468867E-17));
#5898=DIRECTION('',(7.64013292116469E-17,1.,1.46552849415765E-15));
#5899=DIRECTION('',(-1.,7.64013292116567E-17,8.32667268468867E-17));
#5900=DIRECTION('',(0.,-1.,0.));
#5901=DIRECTION('',(1.,0.,0.));
#5902=DIRECTION('',(0.,-1.,0.));
#5903=DIRECTION('',(1.,0.,0.));
#5904=DIRECTION('',(0.,-1.,0.));
#5905=DIRECTION('',(1.,0.,0.));
#5906=DIRECTION('',(0.,-1.,0.));
#5907=DIRECTION('',(1.,0.,0.));
#5908=DIRECTION('',(0.,-1.,0.));
#5909=DIRECTION('',(1.,0.,0.));
#5910=DIRECTION('',(0.,-1.,0.));
#5911=DIRECTION('',(1.,0.,0.));
#5912=DIRECTION('',(0.,-1.,0.));
#5913=DIRECTION('',(1.,0.,0.));
#5914=DIRECTION('',(0.,-1.,0.));
#5915=DIRECTION('',(1.,0.,0.));
#5916=DIRECTION('',(0.,-1.,0.));
#5917=DIRECTION('',(1.,0.,0.));
#5918=DIRECTION('',(0.,-1.,0.));
#5919=DIRECTION('',(1.,0.,0.));
#5920=DIRECTION('',(0.,-1.,0.));
#5921=DIRECTION('',(1.,0.,0.));
#5922=DIRECTION('',(0.,-1.,0.));
#5923=DIRECTION('',(1.,0.,0.));
#5924=DIRECTION('',(-7.64013292116469E-17,-1.,-1.46552849415765E-15));
#5925=DIRECTION('',(1.,-7.64013292116567E-17,-8.32667268468867E-17));
#5926=DIRECTION('',(-7.64013292116469E-17,-1.,-1.46552849415765E-15));
#5927=DIRECTION('',(1.,-7.64013292116567E-17,-8.32667268468867E-17));
#5928=DIRECTION('',(-7.64013292116469E-17,-1.,-1.46552849415765E-15));
#5929=DIRECTION('',(1.,-7.64013292116567E-17,-8.32667268468867E-17));
#5930=DIRECTION('',(7.64013292116469E-17,1.,1.46552849415765E-15));
#5931=DIRECTION('',(-1.,7.64013292116567E-17,8.32667268468867E-17));
#5932=DIRECTION('',(7.64013292116469E-17,1.,1.46552849415765E-15));
#5933=DIRECTION('',(-1.,7.64013292116567E-17,8.32667268468867E-17));
#5934=DIRECTION('',(-1.,0.,3.33847688608259E-16));
#5935=DIRECTION('',(-3.33847688608259E-16,0.,-1.));
#5936=DIRECTION('',(-1.,0.,3.33847688608259E-16));
#5937=DIRECTION('',(-3.33847688608259E-16,0.,-1.));
#5938=DIRECTION('',(1.,0.,-3.33847688608259E-16));
#5939=DIRECTION('',(3.33847688608259E-16,0.,1.));
#5940=DIRECTION('',(1.,0.,-3.33847688608259E-16));
#5941=DIRECTION('',(3.33847688608259E-16,0.,1.));
#5942=DIRECTION('',(0.,-1.,0.));
#5943=DIRECTION('',(1.,0.,0.));
#5944=DIRECTION('',(0.,-1.,0.));
#5945=DIRECTION('',(1.,0.,0.));
#5946=DIRECTION('',(0.,-1.,0.));
#5947=DIRECTION('',(1.,0.,0.));
#5948=DIRECTION('',(1.,0.,3.33847688608259E-16));
#5949=DIRECTION('',(-3.33847688608259E-16,0.,1.));
#5950=DIRECTION('',(1.,0.,3.33847688608259E-16));
#5951=DIRECTION('',(-3.33847688608259E-16,0.,1.));
#5952=DIRECTION('',(0.,-1.,0.));
#5953=DIRECTION('',(1.,0.,0.));
#5954=DIRECTION('',(0.,-1.,0.));
#5955=DIRECTION('',(0.,-1.,0.));
#5956=DIRECTION('',(1.,0.,0.));
#5957=DIRECTION('',(0.,-1.,0.));
#5958=DIRECTION('',(1.,0.,0.));
#5959=DIRECTION('',(-1.,0.,-3.33847688608259E-16));
#5960=DIRECTION('',(3.33847688608259E-16,0.,-1.));
#5961=DIRECTION('',(-1.,0.,-3.33847688608259E-16));
#5962=DIRECTION('',(3.33847688608259E-16,0.,-1.));
#5963=DIRECTION('',(0.,1.,0.));
#5964=DIRECTION('',(-1.,0.,0.));
#5965=DIRECTION('',(0.,-1.,0.));
#5966=DIRECTION('',(1.,0.,0.));
#5967=DIRECTION('',(0.,-1.,0.));
#5968=DIRECTION('',(1.,0.,0.));
#5969=DIRECTION('',(0.,-1.,0.));
#5970=DIRECTION('',(1.,0.,0.));
#5971=DIRECTION('',(0.,0.,1.));
#5972=DIRECTION('',(0.,-1.,0.));
#5973=DIRECTION('',(0.,0.,-1.));
#5974=DIRECTION('',(0.,1.,0.));
#5975=DIRECTION('',(0.,0.,1.));
#5976=DIRECTION('',(0.,-1.,0.));
#5977=DIRECTION('',(0.,-1.,0.));
#5978=DIRECTION('',(1.,0.,0.));
#5979=DIRECTION('',(0.,-1.,0.));
#5980=DIRECTION('',(1.,0.,0.));
#5981=DIRECTION('',(-3.34362837567228E-31,1.15648231731787E-15,-1.));
#5982=DIRECTION('',(0.,1.,1.15648231731787E-15));
#5983=DIRECTION('',(0.,-1.,0.));
#5984=DIRECTION('',(1.,0.,0.));
#5985=DIRECTION('',(0.,-1.,0.));
#5986=DIRECTION('',(1.,0.,0.));
#5987=DIRECTION('',(0.,0.,-1.));
#5988=DIRECTION('',(0.,1.,0.));
#5989=DIRECTION('',(0.,-1.,0.));
#5990=DIRECTION('',(1.,0.,0.));
#5991=DIRECTION('',(-0.681881314227377,-1.05382886091252E-14,-0.731462831118264));
#5992=DIRECTION('',(0.731462831118264,0.,-0.681881314227377));
#5993=DIRECTION('',(-1.,-3.81492469746247E-15,4.62592926927149E-15));
#5994=DIRECTION('',(-4.62592926927149E-15,0.,-1.));
#5995=DIRECTION('',(-1.,0.,0.));
#5996=DIRECTION('',(0.,-1.,0.));
#5997=DIRECTION('',(-9.15933995315754E-16,1.51948074204138E-15,1.));
#5998=DIRECTION('',(-1.,6.02475497327976E-16,-9.15933995315754E-16));
#5999=DIRECTION('',(2.38697950294409E-15,4.61914299006112E-15,-1.));
#6000=DIRECTION('',(0.632647969522032,0.774439504841824,5.19029264012261E-15));
#6001=DIRECTION('',(4.44089209850063E-16,-1.38993913072254E-15,-1.));
#6002=DIRECTION('',(0.632647969522032,0.774439504841824,-6.93889390390723E-16));
#6003=DIRECTION('',(1.,2.64886240660449E-16,2.94209101525666E-15));
#6004=DIRECTION('',(-2.94209101525666E-15,1.04451956753215E-14,1.));
#6005=DIRECTION('',(1.69309011255336E-15,0.65871843322725,-0.75238954387115));
#6006=DIRECTION('',(0.632647969522031,0.582680185803739,0.510137577258696));
#6007=DIRECTION('',(1.,-1.93953131537434E-14,2.94209101525666E-15));
#6008=DIRECTION('',(-2.94209101525666E-15,1.04451956753215E-14,1.));
#6009=DIRECTION('',(-1.21569421196455E-14,-0.644135745782787,-0.764911198117045));
#6010=DIRECTION('',(0.63264796952203,0.592377449517727,-0.498844168014948));
#6011=DIRECTION('',(0.976087129814005,-0.134318202827119,0.17091674991279));
#6012=DIRECTION('',(-0.130241383112867,-0.990867956185882,-0.0348980734261939));
#6013=DIRECTION('',(-0.976087129814005,0.134318202827118,-0.17091674991279));
#6014=DIRECTION('',(0.130241383112867,0.990867956185882,0.0348980734261939));
#6015=DIRECTION('',(-0.00249734754945591,0.764908812835364,-0.644133737124528));
#6016=DIRECTION('',(-0.200866575868221,0.630623574035161,0.749644266682602));
#6017=DIRECTION('',(0.974885834258855,-0.141581533037504,-0.171907764990902));
#6018=DIRECTION('',(0.139385302059324,0.989926564709335,-0.0248421829275534));
#6019=DIRECTION('',(-3.5527136788005E-15,-0.644135745782786,-0.764911198117045));
#6020=DIRECTION('',(0.63264796952203,0.592377449517731,-0.498844168014943));
#6021=DIRECTION('',(-0.974885834258855,0.141581533037504,0.171907764990901));
#6022=DIRECTION('',(-0.173657082587383,-1.01818691443425E-14,-0.984806182792959));
#6023=DIRECTION('',(1.17961196366423E-14,0.644135745782787,0.764911198117045));
#6024=DIRECTION('',(-0.170080950470814,-0.75376651391107,0.634750748556706));
#6025=DIRECTION('',(-4.71844785465692E-16,-0.658718433227238,0.75238954387116));
#6026=DIRECTION('',(0.173816357215299,-0.740936733143866,-0.648691476314048));
#6027=DIRECTION('',(2.77555756156289E-17,0.658718433227238,-0.75238954387116));
#6028=DIRECTION('',(0.632647969522031,0.582680185803748,0.510137577258686));
#6029=DIRECTION('',(-0.0118079610157878,0.75233708997936,0.658672509748234));
#6030=DIRECTION('',(-0.197230486202954,-0.647529855921307,0.73607419531096));
#6031=DIRECTION('',(0.,1.,0.));
#6032=DIRECTION('',(-1.,0.,0.));
#6033=DIRECTION('',(0.,-1.,0.));
#6034=DIRECTION('',(1.,0.,0.));
#6035=DIRECTION('',(0.,0.,1.));
#6036=DIRECTION('',(0.,-1.,0.));
#6037=DIRECTION('',(0.,-1.,0.));
#6038=DIRECTION('',(1.,0.,0.));
#6039=DIRECTION('',(0.,-1.,0.));
#6040=DIRECTION('',(1.,0.,0.));
#6041=DIRECTION('',(0.,-1.,0.));
#6042=DIRECTION('',(1.,0.,0.));
#6043=DIRECTION('',(0.,0.,1.));
#6044=DIRECTION('',(0.,-1.,0.));
#6045=DIRECTION('',(0.,-1.,0.));
#6046=DIRECTION('',(1.,0.,0.));
#6047=DIRECTION('',(0.,-1.,0.));
#6048=DIRECTION('',(1.,0.,0.));
#6049=DIRECTION('',(0.,-1.,0.));
#6050=DIRECTION('',(1.,0.,0.));
#6051=DIRECTION('',(0.,-1.,0.));
#6052=DIRECTION('',(1.,0.,0.));
#6053=DIRECTION('',(0.857626858417929,0.51427246836691,0.));
#6054=DIRECTION('',(-0.51427246836691,0.857626858417929,0.));
#6055=DIRECTION('',(0.,-1.,0.));
#6056=DIRECTION('',(1.,0.,0.));
#6057=DIRECTION('',(0.857626858417929,0.51427246836691,0.));
#6058=DIRECTION('',(-0.51427246836691,0.857626858417929,0.));
#6059=CARTESIAN_POINT('',(0.,0.,0.));
#6060=CARTESIAN_POINT('',(0.0968,-0.0015,0.0015));
#6061=CARTESIAN_POINT('',(0.0584137178249489,-0.0015,0.0015));
#6062=CARTESIAN_POINT('',(0.0584137178249489,-0.00149999999999996,0.0075));
#6063=CARTESIAN_POINT('',(0.0604025184330938,-0.00481662479035548,0.0065));
#6064=CARTESIAN_POINT('',(0.0968,-0.00149999999999996,0.0075));
#6065=CARTESIAN_POINT('',(0.0525603563650933,-0.00149999999999996,0.0075));
#6066=CARTESIAN_POINT('',(0.0525603563650934,-0.0015,0.0015));
#6067=CARTESIAN_POINT('',(0.0545491569732386,-0.00481662479035548,0.0065));
#6068=CARTESIAN_POINT('',(0.0968,-0.00481662479035543,0.0065));
#6069=CARTESIAN_POINT('',(0.0968,-0.0015,-0.0015));
#6070=CARTESIAN_POINT('',(0.0584137178249489,-0.0015,-0.0015));
#6071=CARTESIAN_POINT('',(0.0604025184330937,-0.00481662479035537,-0.0065));
#6072=CARTESIAN_POINT('',(0.0584137178249489,-0.00149999999999996,-0.0075));
#6073=CARTESIAN_POINT('',(0.0968,-0.00481662479035537,-0.0065));
#6074=CARTESIAN_POINT('',(0.0545491569732388,-0.00481662479035537,-0.0065));
#6075=CARTESIAN_POINT('',(0.0525603563650934,-0.0015,-0.0015));
#6076=CARTESIAN_POINT('',(0.0525603563650933,-0.00149999999999996,-0.0075));
#6077=CARTESIAN_POINT('',(0.0968,-0.00149999999999996,-0.0075));
#6078=CARTESIAN_POINT('',(0.0576191977917999,0.00565846549528523,-0.00424159033064626));
#6079=CARTESIAN_POINT('',(0.0576191977917999,-0.00106779856186553,-0.00424159033064626));
#6080=CARTESIAN_POINT('',(0.0599163755729241,-0.00106779856186553,-0.00424159033064626));
#6081=CARTESIAN_POINT('',(0.0581545499849501,-0.00106779856186553,-0.00424159033064626));
#6082=CARTESIAN_POINT('',(0.0611933914469499,-0.000302041170719383,-0.00424159033064626));
#6083=CARTESIAN_POINT('',(0.0611933914469499,-0.000302041170719383,-0.00424159033064626));
#6084=CARTESIAN_POINT('',(0.0576191977917999,0.00565846549528523,-0.00424159033064626));
#6085=CARTESIAN_POINT('',(0.0607124507108978,0.000499999999898611,-0.00424159033064626));
#6086=CARTESIAN_POINT('',(0.0709848077530059,0.000499999999898609,-0.00424159033064625));
#6087=CARTESIAN_POINT('',(0.0586419269388695,0.000499999999898609,-0.00424159033064626));
#6088=CARTESIAN_POINT('',(0.0601648465102161,0.00141321254611648,-0.00424159033064626));
#6089=CARTESIAN_POINT('',(0.0575919659349623,-0.000129604858984245,-0.00424159033064626));
#6090=CARTESIAN_POINT('',(0.0550463172165461,0.0041156480901845,-0.00424159033064626));
#6091=CARTESIAN_POINT('',(0.0576191977917999,0.00565846549528523,0.00446277818072582));
#6092=CARTESIAN_POINT('',(0.0611933914469499,-0.000302041170719379,0.00446277818072583));
#6093=CARTESIAN_POINT('',(0.0611933914469499,-0.000302041170719379,0.00446277818072583));
#6094=CARTESIAN_POINT('',(0.0599163755729241,-0.00106779856186553,0.00446277818072582));
#6095=CARTESIAN_POINT('',(0.0576191977917999,-0.00106779856186553,0.00446277818072582));
#6096=CARTESIAN_POINT('',(0.0581545499849501,-0.00106779856186553,0.00446277818072583));
#6097=CARTESIAN_POINT('',(0.0550463172165461,0.00411564809018451,0.00446277818072582));
#6098=CARTESIAN_POINT('',(0.0575919659349623,-0.000129604858984242,0.00446277818072582));
#6099=CARTESIAN_POINT('',(0.0601648465102161,0.00141321254611648,0.00446277818072582));
#6100=CARTESIAN_POINT('',(0.0586419269388695,0.000499999999898597,0.00446277818072583));
#6101=CARTESIAN_POINT('',(0.0709848077530059,0.000499999999898596,0.00446277818072584));
#6102=CARTESIAN_POINT('',(0.0607124507108978,0.000499999999898597,0.00446277818072583));
#6103=CARTESIAN_POINT('',(0.0576191977917999,0.00565846549528523,0.00446277818072582));
#6104=CARTESIAN_POINT('',(0.0611933914469499,-0.000302041170719379,-5.69031347324448E-17));
#6105=CARTESIAN_POINT('',(0.0599163755729241,-0.00106779856186553,-5.88014796508322E-17));
#6106=CARTESIAN_POINT('',(0.0611933914469499,-0.000302041170719379,-5.69031347324448E-17));
#6107=CARTESIAN_POINT('',(0.0727850551846755,-0.004,0.00695435605731786));
#6108=CARTESIAN_POINT('',(0.0727896220997086,-0.0035500189821965,0.00750003308660409));
#6109=CARTESIAN_POINT('',(0.0727925275923378,-0.00284272925988314,0.00750001861240756));
#6110=CARTESIAN_POINT('',(0.0732025223645084,-0.004,0.00695435605731786));
#6111=CARTESIAN_POINT('',(0.073079350618073,-0.00354989590857979,0.00749818564385448));
#6112=CARTESIAN_POINT('',(0.0730012611822711,-0.00284444423257222,0.00749897877118707));
#6113=CARTESIAN_POINT('',(0.0740263319901375,-0.004,0.00695435605731786));
#6114=CARTESIAN_POINT('',(0.0736904662663199,-0.00353724139809376,0.00768204680144068));
#6115=CARTESIAN_POINT('',(0.0734131659934565,-0.00268283150145343,0.00758512079922539));
#6116=CARTESIAN_POINT('',(0.0747083757746176,-0.004,0.00695435605731786));
#6117=CARTESIAN_POINT('',(0.0739065622991093,-0.00380443044453581,0.00798722710624709));
#6118=CARTESIAN_POINT('',(0.0737541878905164,-0.00250000005581874,0.00782377327630259));
#6119=CARTESIAN_POINT('',(0.0749943884933548,-0.004,0.00695435605731786));
#6120=CARTESIAN_POINT('',(0.0738971942466774,-0.00400000000000001,0.00797717802865893));
#6121=CARTESIAN_POINT('',(0.0738971942466774,-0.0025,0.00797717802865893));
#6122=CARTESIAN_POINT('',(0.0728,-0.00284275995754523,0.0075));
#6123=CARTESIAN_POINT('',(0.0732342902342359,-0.00284275995754523,0.0075));
#6124=CARTESIAN_POINT('',(0.0735998640173297,-0.0025,0.00765822807828214));
#6125=CARTESIAN_POINT('',(0.0738971942466774,-0.0025,0.00797717802865893));
#6126=CARTESIAN_POINT('',(0.0728,-0.00284275995754523,0.0075));
#6127=CARTESIAN_POINT('',(0.0738971942466774,-0.0025,0.00797717802865893));
#6128=CARTESIAN_POINT('',(0.0736466860124957,-0.00342657216528472,0.0075));
#6129=CARTESIAN_POINT('',(0.0733382252558279,-0.00327272593558597,0.0075));
#6130=CARTESIAN_POINT('',(0.0730441750586318,-0.00308620003532255,0.0075));
#6131=CARTESIAN_POINT('',(0.0728,-0.00284275995754523,0.0075));
#6132=CARTESIAN_POINT('',(0.0736466860124957,-0.00342657216528472,0.0075));
#6133=CARTESIAN_POINT('',(0.073990539688596,-0.004,0.00695435605731786));
#6134=CARTESIAN_POINT('',(0.0739100297405893,-0.00386573752625794,0.00720512564895616));
#6135=CARTESIAN_POINT('',(0.0737894410851377,-0.00366463776670014,0.00739807157660879));
#6136=CARTESIAN_POINT('',(0.0736466860124957,-0.00342657216528473,0.0075));
#6137=CARTESIAN_POINT('',(0.073990539688596,-0.004,0.00695435605731786));
#6138=CARTESIAN_POINT('',(0.0968,-0.004,0.00695435605731786));
#6139=CARTESIAN_POINT('',(0.0749943884933548,-0.004,0.00695435605731786));
#6140=CARTESIAN_POINT('',(0.0749943884933548,-0.0025,0.00695435605731786));
#6141=CARTESIAN_POINT('',(0.0968,-0.0015,0.0015));
#6142=CARTESIAN_POINT('',(0.0384826489256877,-0.0015,0.0015));
#6143=CARTESIAN_POINT('',(0.0384826489256877,-0.00149999999999996,0.0075));
#6144=CARTESIAN_POINT('',(0.0404714999585342,-0.00481670888114541,0.00649994421946197));
#6145=CARTESIAN_POINT('',(0.0968,-0.00149999999999996,0.0075));
#6146=CARTESIAN_POINT('',(0.0326292874658327,-0.00149999999999996,0.0075));
#6147=CARTESIAN_POINT('',(0.0326292874658328,-0.0015,0.0015));
#6148=CARTESIAN_POINT('',(0.0346181384986792,-0.00481670888114541,0.00649994421946197));
#6149=CARTESIAN_POINT('',(0.0968,-0.00481670888114531,0.00649994421946204));
#6150=CARTESIAN_POINT('',(0.0968,-0.0015,-0.0015));
#6151=CARTESIAN_POINT('',(0.0384826489256877,-0.0015,-0.0015));
#6152=CARTESIAN_POINT('',(0.0404713991072908,-0.00481654069649509,-0.00650005578053803));
#6153=CARTESIAN_POINT('',(0.0384826489256877,-0.00149999999999996,-0.0075));
#6154=CARTESIAN_POINT('',(0.0968,-0.00481654069649519,-0.00650005578053797));
#6155=CARTESIAN_POINT('',(0.0346180376474359,-0.00481654069649519,-0.00650005578053801));
#6156=CARTESIAN_POINT('',(0.0326292874658328,-0.0015,-0.0015));
#6157=CARTESIAN_POINT('',(0.0326292874658328,-0.00149999999999996,-0.0075));
#6158=CARTESIAN_POINT('',(0.0968,-0.00149999999999996,-0.0075));
#6159=CARTESIAN_POINT('',(0.0376881288925399,0.00565846549528425,-0.00424164611118424));
#6160=CARTESIAN_POINT('',(0.0376881288925399,-0.0010677985618658,-0.00424164611118424));
#6161=CARTESIAN_POINT('',(0.0399853066736653,-0.0010677985618658,-0.00424164611118424));
#6162=CARTESIAN_POINT('',(0.038223481085689,-0.0010677985618658,-0.00424164611118424));
#6163=CARTESIAN_POINT('',(0.0412623225476899,-0.000302041170720363,-0.00424164611118424));
#6164=CARTESIAN_POINT('',(0.0412623225476899,-0.000302041170720363,-0.00424164611118424));
#6165=CARTESIAN_POINT('',(0.0376881288925399,0.00565846549528425,-0.00424164611118424));
#6166=CARTESIAN_POINT('',(0.0407813818116372,0.000499999999898609,-0.00424164611118423));
#6167=CARTESIAN_POINT('',(0.0709848077530059,0.000499999999898609,-0.0042416461111842));
#6168=CARTESIAN_POINT('',(0.0387108580396112,0.00049999999989861,-0.00424164611118423));
#6169=CARTESIAN_POINT('',(0.0402337776109561,0.0014132125461155,-0.00424164611118424));
#6170=CARTESIAN_POINT('',(0.0376608970357023,-0.000129604858985222,-0.00424164611118424));
#6171=CARTESIAN_POINT('',(0.0351152483172861,0.00411564809018353,-0.00424164611118424));
#6172=CARTESIAN_POINT('',(0.0376881288925399,0.00565846549528425,0.00446272240018784));
#6173=CARTESIAN_POINT('',(0.0412623225476899,-0.000302041170720359,0.00446272240018785));
#6174=CARTESIAN_POINT('',(0.0412623225476899,-0.000302041170720359,0.00446272240018785));
#6175=CARTESIAN_POINT('',(0.0399853066736653,-0.0010677985618658,0.00446272240018785));
#6176=CARTESIAN_POINT('',(0.0376881288925399,-0.0010677985618658,0.00446272240018784));
#6177=CARTESIAN_POINT('',(0.038223481085689,-0.0010677985618658,0.00446272240018785));
#6178=CARTESIAN_POINT('',(0.0351152483172861,0.00411564809018353,0.00446272240018784));
#6179=CARTESIAN_POINT('',(0.0376608970357023,-0.000129604858985216,0.00446272240018784));
#6180=CARTESIAN_POINT('',(0.0402337776109561,0.0014132125461155,0.00446272240018785));
#6181=CARTESIAN_POINT('',(0.0387108580396111,0.000499999999898599,0.00446272240018785));
#6182=CARTESIAN_POINT('',(0.0709848077530059,0.000499999999898596,0.00446272240018789));
#6183=CARTESIAN_POINT('',(0.0407813818116372,0.000499999999898598,0.00446272240018785));
#6184=CARTESIAN_POINT('',(0.0376881288925399,0.00565846549528425,0.00446272240018784));
#6185=CARTESIAN_POINT('',(0.0497514170502122,0.00127872506892426,4.8060538006142E-5));
#6186=CARTESIAN_POINT('',(0.0505918913714617,0.00178271208792383,4.80605380061426E-5));
#6187=CARTESIAN_POINT('',(0.0523011885250953,-0.0010677985618658,0.00344149423796494));
#6188=CARTESIAN_POINT('',(0.0513610644742371,0.000499999999898598,0.00455644411055195));
#6189=CARTESIAN_POINT('',(0.0458382351992208,-0.0010677985618658,4.80605380061392E-5));
#6190=CARTESIAN_POINT('',(0.0511585004313388,-0.0010677985618658,0.00393090011860964));
#6191=CARTESIAN_POINT('',(0.0497514170502122,0.00127872506892426,4.8060538006142E-5));
#6192=CARTESIAN_POINT('',(0.0502183763804805,0.000499999999898609,0.00471046723956557));
#6193=CARTESIAN_POINT('',(0.0484527756186758,0.000499999999898604,4.80605380061422E-5));
#6194=CARTESIAN_POINT('',(0.0497514170502122,0.00127872506892426,4.8060538006142E-5));
#6195=CARTESIAN_POINT('',(0.0497514170502122,0.00127872506892426,4.8060538006142E-5));
#6196=CARTESIAN_POINT('',(0.0502183763804805,0.000499999999898611,-0.00461434616355329));
#6197=CARTESIAN_POINT('',(0.0511585004313388,-0.0010677985618658,-0.00383477904259736));
#6198=CARTESIAN_POINT('',(0.0458382351992208,-0.0010677985618658,4.80605380061392E-5));
#6199=CARTESIAN_POINT('',(0.0523011885250953,-0.0010677985618658,-0.00334537316195265));
#6200=CARTESIAN_POINT('',(0.0505918913714617,0.00178271208792383,4.80605380061426E-5));
#6201=CARTESIAN_POINT('',(0.0513610644742371,0.000499999999898611,-0.00446032303453967));
#6202=CARTESIAN_POINT('',(0.0484527756186758,0.000499999999898604,4.80605380061422E-5));
#6203=CARTESIAN_POINT('',(0.0412623225476899,-0.000302041170720361,-5.57805380359058E-8));
#6204=CARTESIAN_POINT('',(0.0399853066736653,-0.0010677985618658,-5.57805380383181E-8));
#6205=CARTESIAN_POINT('',(0.0412623225476899,-0.000302041170720361,-5.57805380359058E-8));
#6206=CARTESIAN_POINT('',(0.0497514170502122,0.00127872506892426,4.8060538006142E-5));
#6207=CARTESIAN_POINT('',(0.0511585004313388,-0.0010677985618658,4.8060538006143E-5));
#6208=CARTESIAN_POINT('',(0.0502183763804805,0.00049999999989862,-0.0106736481776683));
#6209=CARTESIAN_POINT('',(0.0177570600087391,0.00565846546953878,-0.00424164611118423));
#6210=CARTESIAN_POINT('',(0.0177570600087391,-0.0010677985618658,-0.00424164611118423));
#6211=CARTESIAN_POINT('',(0.0200542378327991,-0.0010677985618658,-0.00424164611118423));
#6212=CARTESIAN_POINT('',(0.0182924121864513,-0.0010677985618658,-0.00424164611118422));
#6213=CARTESIAN_POINT('',(0.0213312536638896,-0.000302041196465562,-0.00424164611118422));
#6214=CARTESIAN_POINT('',(0.0213312536638896,-0.000302041196465562,-0.00424164611118422));
#6215=CARTESIAN_POINT('',(0.0177570600087391,0.00565846546953878,-0.00424164611118423));
#6216=CARTESIAN_POINT('',(0.0208503129123988,0.000499999999898614,-0.00424164611118423));
#6217=CARTESIAN_POINT('',(0.0709848077530059,0.000499999999898609,-0.0042416461111842));
#6218=CARTESIAN_POINT('',(0.0187797891986359,0.00049999999989861,-0.00424164611118423));
#6219=CARTESIAN_POINT('',(0.0203027087271556,0.00141321252037022,-0.00424164611118422));
#6220=CARTESIAN_POINT('',(0.0177298281519019,-0.000129604884730699,-0.00424164611118423));
#6221=CARTESIAN_POINT('',(0.0151841794334854,0.00411564806443786,-0.00424164611118423));
#6222=CARTESIAN_POINT('',(0.0177570600087391,0.00565846546953878,0.00446272240018785));
#6223=CARTESIAN_POINT('',(0.0213312536638896,-0.000302041196465558,0.00446272240018786));
#6224=CARTESIAN_POINT('',(0.0213312536638896,-0.000302041196465558,0.00446272240018786));
#6225=CARTESIAN_POINT('',(0.0200542378327991,-0.0010677985618658,0.00446272240018786));
#6226=CARTESIAN_POINT('',(0.0177570600087391,-0.0010677985618658,0.00446272240018786));
#6227=CARTESIAN_POINT('',(0.0182924121864513,-0.0010677985618658,0.00446272240018786));
#6228=CARTESIAN_POINT('',(0.0151841794334854,0.00411564806443786,0.00446272240018785));
#6229=CARTESIAN_POINT('',(0.0177298281519019,-0.000129604884730697,0.00446272240018786));
#6230=CARTESIAN_POINT('',(0.0203027087271556,0.00141321252037022,0.00446272240018786));
#6231=CARTESIAN_POINT('',(0.0187797891986359,0.000499999999898597,0.00446272240018785));
#6232=CARTESIAN_POINT('',(0.0709848077530059,0.000499999999898596,0.00446272240018789));
#6233=CARTESIAN_POINT('',(0.0208503129123988,0.000499999999898599,0.00446272240018785));
#6234=CARTESIAN_POINT('',(0.0177570600087391,0.00565846546953878,0.00446272240018785));
#6235=CARTESIAN_POINT('',(0.0298203481509522,0.00127872506892329,4.80047574681614E-5));
#6236=CARTESIAN_POINT('',(0.0306608224722017,0.00178271208792286,4.8004757468162E-5));
#6237=CARTESIAN_POINT('',(0.0323701196258347,-0.0010677985618658,0.00344143845742807));
#6238=CARTESIAN_POINT('',(0.0314299955749765,0.000499999999898599,0.00455638833001435));
#6239=CARTESIAN_POINT('',(0.0259071662999624,-0.0010677985618658,4.80047574681585E-5));
#6240=CARTESIAN_POINT('',(0.0312274315320782,-0.0010677985618658,0.00393084433807246));
#6241=CARTESIAN_POINT('',(0.0298203481509522,0.00127872506892329,4.80047574681614E-5));
#6242=CARTESIAN_POINT('',(0.0302873074812199,0.00049999999989861,0.00471041145902781));
#6243=CARTESIAN_POINT('',(0.0285217067194173,0.000499999999898606,4.80047574681636E-5));
#6244=CARTESIAN_POINT('',(0.0298203481509522,0.00127872506892329,4.80047574681614E-5));
#6245=CARTESIAN_POINT('',(0.0298203481509522,0.00127872506892329,4.80047574681614E-5));
#6246=CARTESIAN_POINT('',(0.0302873074812199,0.000499999999898612,-0.00461440194409149));
#6247=CARTESIAN_POINT('',(0.0312274315320782,-0.0010677985618658,-0.00383483482313613));
#6248=CARTESIAN_POINT('',(0.0259071662999624,-0.0010677985618658,4.80047574681585E-5));
#6249=CARTESIAN_POINT('',(0.0323701196258347,-0.0010677985618658,-0.00334542894249174));
#6250=CARTESIAN_POINT('',(0.0306608224722017,0.00178271208792286,4.8004757468162E-5));
#6251=CARTESIAN_POINT('',(0.0314299955749765,0.000499999999898612,-0.00446037881507802));
#6252=CARTESIAN_POINT('',(0.0285217067194173,0.000499999999898606,4.80047574681636E-5));
#6253=CARTESIAN_POINT('',(0.0968,-0.0015,0.0015));
#6254=CARTESIAN_POINT('',(0.0724914248249489,-0.0015,0.0015));
#6255=CARTESIAN_POINT('',(0.0760893004977019,-0.0075,0.00149999999999996));
#6256=CARTESIAN_POINT('',(0.0968,-0.0075,0.00149999999999996));
#6257=CARTESIAN_POINT('',(0.0863045868398499,-0.0075,0.00149999999999996));
#6258=CARTESIAN_POINT('',(0.0863045868398499,-0.0075,0.00149999999999996));
#6259=CARTESIAN_POINT('',(0.0865715668923402,-0.0075,0.0020923818983163));
#6260=CARTESIAN_POINT('',(0.0873844848970865,-0.00731435300792613,0.00312184711394664));
#6261=CARTESIAN_POINT('',(0.0892983434549076,-0.00704841395110868,0.0037714923731853));
#6262=CARTESIAN_POINT('',(0.0912112559268631,-0.00731341885817415,0.00312551345160424));
#6263=CARTESIAN_POINT('',(0.0920284119777024,-0.0075,0.00209242878198487));
#6264=CARTESIAN_POINT('',(0.0922954131601501,-0.0075,0.00149999999999996));
#6265=CARTESIAN_POINT('',(0.0922954131601501,-0.0075,0.00149999999999996));
#6266=CARTESIAN_POINT('',(0.0968,-0.0075,0.00149999999999996));
#6267=CARTESIAN_POINT('',(0.0966484692283495,-0.0075,0.00149999999999996));
#6268=CARTESIAN_POINT('',(0.0966484692283495,-0.0075,0.00149999999999996));
#6269=CARTESIAN_POINT('',(0.0964220396552095,-0.00750000000000001,0.00260927383373859));
#6270=CARTESIAN_POINT('',(0.0954656909490342,-0.00687770959402901,0.0046287395856497));
#6271=CARTESIAN_POINT('',(0.0940223798191547,-0.00566413037005722,0.00589642880455588));
#6272=CARTESIAN_POINT('',(0.0932534552587311,-0.00499999999999973,0.00637339717240472));
#6273=CARTESIAN_POINT('',(0.0932534552587308,-0.005,0.00637339717240448));
#6274=CARTESIAN_POINT('',(0.0968,-0.005,0.00637339717240448));
#6275=CARTESIAN_POINT('',(0.0818365240472931,-0.005,0.00637339717240448));
#6276=CARTESIAN_POINT('',(0.0818365240472931,-0.005,0.00637339717240448));
#6277=CARTESIAN_POINT('',(0.0818895256928651,-0.0046774438534291,0.0066050521090041));
#6278=CARTESIAN_POINT('',(0.0819904670298831,-0.0043448384596026,0.00679629960850029));
#6279=CARTESIAN_POINT('',(0.082116580341799,-0.004,0.0069543560573179));
#6280=CARTESIAN_POINT('',(0.0821165803417994,-0.004,0.00695435605731786));
#6281=CARTESIAN_POINT('',(0.0968,-0.004,0.00695435605731786));
#6282=CARTESIAN_POINT('',(0.0968,-0.0015,-0.0015));
#6283=CARTESIAN_POINT('',(0.0968,-0.0075,-0.00149999999999996));
#6284=CARTESIAN_POINT('',(0.0863045868398499,-0.0075,-0.00149999999999996));
#6285=CARTESIAN_POINT('',(0.0760893004977019,-0.0075,-0.00149999999999996));
#6286=CARTESIAN_POINT('',(0.0724914248249489,-0.0015,-0.0015));
#6287=CARTESIAN_POINT('',(0.073990539688596,-0.004,-0.00695435605731786));
#6288=CARTESIAN_POINT('',(0.0968,-0.004,-0.00695435605731786));
#6289=CARTESIAN_POINT('',(0.0821165803417994,-0.004,-0.00695435605731786));
#6290=CARTESIAN_POINT('',(0.0821165803417994,-0.004,-0.00695435605731786));
#6291=CARTESIAN_POINT('',(0.0819904670298834,-0.00434483845960258,-0.00679629960850025));
#6292=CARTESIAN_POINT('',(0.0818895256928651,-0.00467744385342909,-0.00660505210900411));
#6293=CARTESIAN_POINT('',(0.0818365240472931,-0.005,-0.00637339717240448));
#6294=CARTESIAN_POINT('',(0.0818365240472931,-0.005,-0.00637339717240448));
#6295=CARTESIAN_POINT('',(0.0968,-0.005,-0.00637339717240448));
#6296=CARTESIAN_POINT('',(0.0932534552587314,-0.005,-0.00637339717240451));
#6297=CARTESIAN_POINT('',(0.0966484692283495,-0.0075,-0.00149999999999996));
#6298=CARTESIAN_POINT('',(0.0964220396552095,-0.00750000000000001,-0.00260927383373852));
#6299=CARTESIAN_POINT('',(0.0954656909490343,-0.00687770959402907,-0.00462873958564954));
#6300=CARTESIAN_POINT('',(0.094022379819155,-0.00566413037005742,-0.00589642880455569));
#6301=CARTESIAN_POINT('',(0.0932534552587314,-0.00499999999999998,-0.00637339717240454));
#6302=CARTESIAN_POINT('',(0.0966484692283495,-0.0075,-0.0015));
#6303=CARTESIAN_POINT('',(0.0968,-0.0075,-0.00149999999999996));
#6304=CARTESIAN_POINT('',(0.0922954131601501,-0.0075,-0.00149999999999996));
#6305=CARTESIAN_POINT('',(0.0922954131601501,-0.0075,-0.00149999999999996));
#6306=CARTESIAN_POINT('',(0.0920284331076598,-0.0075,-0.0020923818983163));
#6307=CARTESIAN_POINT('',(0.0912155151029135,-0.00731435300792613,-0.00312184711394665));
#6308=CARTESIAN_POINT('',(0.0893016565450924,-0.00704841395110868,-0.0037714923731853));
#6309=CARTESIAN_POINT('',(0.0873887440731369,-0.00731341885817414,-0.00312551345160423));
#6310=CARTESIAN_POINT('',(0.0865715880222977,-0.0075,-0.00209242878198488));
#6311=CARTESIAN_POINT('',(0.0863045868398499,-0.0075,-0.00149999999999996));
#6312=CARTESIAN_POINT('',(0.0213312536638896,-0.00030204119646556,-5.57805380245361E-8));
#6313=CARTESIAN_POINT('',(0.0200542378327991,-0.0010677985618658,-5.5780538025725E-8));
#6314=CARTESIAN_POINT('',(0.0213312536638896,-0.00030204119646556,-5.57805380245361E-8));
#6315=CARTESIAN_POINT('',(0.0298203481509522,0.00127872506892329,4.80047574681614E-5));
#6316=CARTESIAN_POINT('',(0.0312274315320782,-0.0010677985618658,4.80047574681624E-5));
#6317=CARTESIAN_POINT('',(0.0302873074812199,0.000499999999898621,-0.0106736481776683));
#6318=CARTESIAN_POINT('',(0.0968,-0.00149999999999996,-0.0075));
#6319=CARTESIAN_POINT('',(0.0581545499849501,-0.00106779856186553,-0.0075));
#6320=CARTESIAN_POINT('',(0.0620115934977019,-0.0075,-0.0075));
#6321=CARTESIAN_POINT('',(0.0523011885250947,-0.0010677985618658,-0.0075));
#6322=CARTESIAN_POINT('',(0.0561582320378469,-0.0075,-0.0075));
#6323=CARTESIAN_POINT('',(0.,-0.0075,-0.0075));
#6324=CARTESIAN_POINT('',(0.0420805245984413,-0.0075,-0.0075));
#6325=CARTESIAN_POINT('',(0.038223481085689,-0.0010677985618658,-0.0075));
#6326=CARTESIAN_POINT('',(0.0323701196258341,-0.0010677985618658,-0.0075));
#6327=CARTESIAN_POINT('',(0.0362271631385863,-0.0075,-0.0075));
#6328=CARTESIAN_POINT('',(0.,-0.0075,-0.0075));
#6329=CARTESIAN_POINT('',(0.0221494556992035,-0.0075,-0.0075));
#6330=CARTESIAN_POINT('',(0.0182924121864513,-0.0010677985618658,-0.0075));
#6331=CARTESIAN_POINT('',(0.0185515800264499,-0.00149999999999996,-0.0075));
#6332=CARTESIAN_POINT('',(0.0968,-0.00149999999999996,-0.0075));
#6333=CARTESIAN_POINT('',(0.006,-0.00149999999999996,-0.0075));
#6334=CARTESIAN_POINT('',(0.006,0.00149999999999996,-0.0075));
#6335=CARTESIAN_POINT('',(0.006,0.000499999999898619,-0.0075));
#6336=CARTESIAN_POINT('',(0.0968,0.000499999999898461,-0.0075));
#6337=CARTESIAN_POINT('',(0.0712272261098346,0.000499999999898461,-0.0075));
#6338=CARTESIAN_POINT('',(0.0712272261098346,-0.00149999999999996,-0.0075));
#6339=CARTESIAN_POINT('',(0.0712272261098346,0.00109999999989846,-0.0075));
#6340=CARTESIAN_POINT('',(0.0968,0.00109999999989846,-0.0075));
#6341=CARTESIAN_POINT('',(0.006,0.00109999999989862,-0.0075));
#6342=CARTESIAN_POINT('',(0.006,0.00149999999999996,-0.0075));
#6343=CARTESIAN_POINT('',(0.006,0.00149999999999996,-0.0075));
#6344=CARTESIAN_POINT('',(0.0968,0.00149999999999996,-0.0075));
#6345=CARTESIAN_POINT('',(0.0643346220374522,0.00149999999999996,-0.0075));
#6346=CARTESIAN_POINT('',(0.0643346220374522,0.,-0.0075));
#6347=CARTESIAN_POINT('',(0.0643346220374522,0.004,-0.0075));
#6348=CARTESIAN_POINT('',(0.,0.004,-0.0075));
#6349=CARTESIAN_POINT('',(0.075,0.004,-0.0075));
#6350=CARTESIAN_POINT('',(0.0758,0.0025,-0.0075));
#6351=CARTESIAN_POINT('',(0.0741923135362779,0.00305257961812255,-0.0075));
#6352=CARTESIAN_POINT('',(0.0741733472251151,0.00299396432053281,-0.0075));
#6353=CARTESIAN_POINT('',(0.0741767568351313,0.00301437166915667,-0.0075));
#6354=CARTESIAN_POINT('',(0.0741832223862708,0.00303413009001822,-0.0075));
#6355=CARTESIAN_POINT('',(0.0741923135362786,0.00305257961812475,-0.0075));
#6356=CARTESIAN_POINT('',(0.0741733472251151,0.00299396432053279,-0.0075));
#6357=CARTESIAN_POINT('',(0.0758,0.0025,-0.0075));
#6358=CARTESIAN_POINT('',(0.0741,0.0025,-0.0075));
#6359=CARTESIAN_POINT('',(0.0741,-0.00149999999999996,-0.0075));
#6360=CARTESIAN_POINT('',(0.0741,-0.0025,-0.0075));
#6361=CARTESIAN_POINT('',(0.0758,-0.0025,-0.0075));
#6362=CARTESIAN_POINT('',(0.075,-0.004,-0.0075));
#6363=CARTESIAN_POINT('',(0.,-0.004,-0.0075));
#6364=CARTESIAN_POINT('',(0.073990539688596,-0.004,-0.0075));
#6365=CARTESIAN_POINT('',(0.0722322569849501,-0.00106779856186553,-0.0075));
#6366=CARTESIAN_POINT('',(0.0760893004977019,-0.0075,-0.0075));
#6367=CARTESIAN_POINT('',(0.,-0.0075,-0.0075));
#6368=CARTESIAN_POINT('',(0.0968,0.0075,-0.00149999999999996));
#6369=CARTESIAN_POINT('',(0.0704987724946073,0.0075,-0.0014999999999884));
#6370=CARTESIAN_POINT('',(0.0704476534202758,0.0075,-0.00114288318406278));
#6371=CARTESIAN_POINT('',(0.0704453098305659,0.0075,-0.000784754826667517));
#6372=CARTESIAN_POINT('',(0.0704453098305659,0.0075,-0.000426577866204592));
#6373=CARTESIAN_POINT('',(0.0704987724946074,0.0075,-0.0014999999999884));
#6374=CARTESIAN_POINT('',(0.0704453098305658,0.0075,-0.000426577866204593));
#6375=CARTESIAN_POINT('',(0.0968,0.0075,-0.00149999999999996));
#6376=CARTESIAN_POINT('',(0.0703154820643782,0.0075,-0.00149999999999996));
#6377=CARTESIAN_POINT('',(0.0703154820643782,0.0075,-0.0015));
#6378=CARTESIAN_POINT('',(0.0703154820643782,0.0075,0.00149999999999996));
#6379=CARTESIAN_POINT('',(0.0968,0.0075,0.00149999999999996));
#6380=CARTESIAN_POINT('',(0.0705105257611024,0.0075,0.00149999999999996));
#6381=CARTESIAN_POINT('',(0.0704453098305658,0.0075,0.000350826964195624));
#6382=CARTESIAN_POINT('',(0.0704453098305658,0.0075,0.000734631728698486));
#6383=CARTESIAN_POINT('',(0.0704468880440118,0.0075,0.00112058183895361));
#6384=CARTESIAN_POINT('',(0.0705105257611024,0.0075,0.00149999999999996));
#6385=CARTESIAN_POINT('',(0.0704453098305658,0.0075,0.000350826964195624));
#6386=CARTESIAN_POINT('',(0.0704453098305658,0.0075,-0.000426577866204592));
#6387=CARTESIAN_POINT('',(0.0968,0.0075,-0.00149999999999996));
#6388=CARTESIAN_POINT('',(0.0719250223162776,0.0075,-0.000426577866204594));
#6389=CARTESIAN_POINT('',(0.0719250223162776,0.0075,-0.000784836575726627));
#6390=CARTESIAN_POINT('',(0.0719225564112039,0.0075,-0.00114373767671848));
#6391=CARTESIAN_POINT('',(0.0718715596522343,0.0075,-0.00149999999999962));
#6392=CARTESIAN_POINT('',(0.0719250223162774,0.0075,-0.000426577866204589));
#6393=CARTESIAN_POINT('',(0.0718715596522357,0.0075,-0.00149999999999996));
#6394=CARTESIAN_POINT('',(0.0719250223162774,0.0075,-0.000426577866204591));
#6395=CARTESIAN_POINT('',(0.0719250223162773,0.0075,0.000350826964195625));
#6396=CARTESIAN_POINT('',(0.0718598063857421,0.0075,0.00150000000000044));
#6397=CARTESIAN_POINT('',(0.071923237685217,0.0075,0.00112181253351227));
#6398=CARTESIAN_POINT('',(0.0719250223162774,0.0075,0.000734843825530471));
#6399=CARTESIAN_POINT('',(0.0719250223162774,0.0075,0.000350826964195627));
#6400=CARTESIAN_POINT('',(0.0718598063857408,0.0075,0.00150000000000013));
#6401=CARTESIAN_POINT('',(0.0968,0.0075,0.00149999999999996));
#6402=CARTESIAN_POINT('',(0.0863045868398499,0.0075,0.00149999999999996));
#6403=CARTESIAN_POINT('',(0.0893,0.0075,0.));
#6404=CARTESIAN_POINT('',(0.0863045868398499,0.0075,-0.00149999999999996));
#6405=CARTESIAN_POINT('',(0.0968,0.0075,-0.00149999999999996));
#6406=CARTESIAN_POINT('',(0.0968,0.0015,0.0015));
#6407=CARTESIAN_POINT('',(0.0705105257611021,0.00750000000000002,0.00150000000000003));
#6408=CARTESIAN_POINT('',(0.0705474199858315,0.00750000000000001,0.00171996921857088));
#6409=CARTESIAN_POINT('',(0.0706292657104898,0.00748155886102284,0.00204437863007327));
#6410=CARTESIAN_POINT('',(0.0708586764556222,0.00742836692402232,0.00243635072903256));
#6411=CARTESIAN_POINT('',(0.0711811173057736,0.00739367660934091,0.00262498754274263));
#6412=CARTESIAN_POINT('',(0.0715076836711881,0.00742749133609263,0.00244140128948366));
#6413=CARTESIAN_POINT('',(0.071738062482484,0.00748085169707035,0.00205224857527539));
#6414=CARTESIAN_POINT('',(0.0718224514630191,0.0075,0.00172271597305891));
#6415=CARTESIAN_POINT('',(0.0718598063857407,0.0075,0.00150000000000012));
#6416=CARTESIAN_POINT('',(0.06030957767123,0.0015,0.0015));
#6417=CARTESIAN_POINT('',(0.069234366164888,0.00685171323429964,0.00421277818072583));
#6418=CARTESIAN_POINT('',(0.0496454463684365,0.00705688155654013,0.00376297754442772));
#6419=CARTESIAN_POINT('',(0.0501320866983724,0.00677435456235243,0.00445674008179458));
#6420=CARTESIAN_POINT('',(0.0509827130017048,0.00616830335099327,0.00534445904996935));
#6421=CARTESIAN_POINT('',(0.0524437006130573,0.0054303842507886,0.00604791879247863));
#6422=CARTESIAN_POINT('',(0.0541274413201158,0.00490037961052628,0.00645424341800035));
#6423=CARTESIAN_POINT('',(0.0563760790474521,0.00475015689054451,0.00654045446526458));
#6424=CARTESIAN_POINT('',(0.059016297737959,0.0049728335383363,0.00639843666744999));
#6425=CARTESIAN_POINT('',(0.0616474077920744,0.00536633474338379,0.006100559949842));
#6426=CARTESIAN_POINT('',(0.0650783629874486,0.00599506784380011,0.00551645829391827));
#6427=CARTESIAN_POINT('',(0.067599346094028,0.00652022694533614,0.00486672754239467));
#6428=CARTESIAN_POINT('',(0.069234366164888,0.00685171323429964,0.00421277818072582));
#6429=CARTESIAN_POINT('',(0.0496454463684365,0.00705688155654015,0.00376297754442769));
#6430=CARTESIAN_POINT('',(0.0403785087719716,0.0015,0.0015));
#6431=CARTESIAN_POINT('',(0.0493033444180113,0.00685174150903414,0.00421272240018785));
#6432=CARTESIAN_POINT('',(0.0297144153806507,0.00705690425498757,0.00376292180618355));
#6433=CARTESIAN_POINT('',(0.030201065741021,0.00677438741421012,0.00445667933255145));
#6434=CARTESIAN_POINT('',(0.0310517080395831,0.00616835599074766,0.00534439217999579));
#6435=CARTESIAN_POINT('',(0.0325127041470835,0.00543046351699686,0.00604784976723922));
#6436=CARTESIAN_POINT('',(0.0341964440278056,0.00490047253694241,0.00645417961149026));
#6437=CARTESIAN_POINT('',(0.0364450772180058,0.00475024102190656,0.00654040025466033));
#6438=CARTESIAN_POINT('',(0.0390852883211155,0.00497290272962527,0.00639838720093256));
#6439=CARTESIAN_POINT('',(0.0417163973853553,0.00536639163799389,0.00610051180119349));
#6440=CARTESIAN_POINT('',(0.0451473497226992,0.00599511121622119,0.00551640888888678));
#6441=CARTESIAN_POINT('',(0.0476683287421498,0.00652026178187739,0.00486667571848733));
#6442=CARTESIAN_POINT('',(0.0493033444180113,0.00685174150903415,0.00421272240018785));
#6443=CARTESIAN_POINT('',(0.0297144153806507,0.00705690425498759,0.00376292180618354));
#6444=CARTESIAN_POINT('',(0.0204474399311052,0.0015,0.0015));
#6445=CARTESIAN_POINT('',(0.0293722755771434,0.00685174150903414,0.00421272240018786));
#6446=CARTESIAN_POINT('',(0.00953043610175586,0.00719674963599167,0.0033833596536054));
#6447=CARTESIAN_POINT('',(0.0100055103268456,0.00694905175142923,0.00413259139541091));
#6448=CARTESIAN_POINT('',(0.010822293841683,0.00636756498191311,0.00510378908149823));
#6449=CARTESIAN_POINT('',(0.0122440975391556,0.00557824535237527,0.00592094229604674));
#6450=CARTESIAN_POINT('',(0.0139195903090299,0.0049608627763903,0.00641763639213679));
#6451=CARTESIAN_POINT('',(0.0162198383914748,0.00473880586651751,0.00654659451769992));
#6452=CARTESIAN_POINT('',(0.0189194210535202,0.00494360576498383,0.00641888816079291));
#6453=CARTESIAN_POINT('',(0.0216129293509061,0.0053363970312782,0.00612564828312576));
#6454=CARTESIAN_POINT('',(0.0251229051718378,0.00597561724557077,0.0055391045433656));
#6455=CARTESIAN_POINT('',(0.0277010153951485,0.00651291364498702,0.00488117234711673));
#6456=CARTESIAN_POINT('',(0.0293722755771434,0.00685174150903414,0.00421272240018786));
#6457=CARTESIAN_POINT('',(0.00953043610175586,0.00719674963599167,0.00338335965360541));
#6458=CARTESIAN_POINT('',(3.02474001851183E-5,0.0015,0.0015));
#6459=CARTESIAN_POINT('',(0.0100361517933316,0.0075,0.00149999999999996));
#6460=CARTESIAN_POINT('',(0.0968,0.0075,0.00149999999999996));
#6461=CARTESIAN_POINT('',(0.006,0.0075,0.00149999999999996));
#6462=CARTESIAN_POINT('',(0.006,0.0015,0.0015));
#6463=CARTESIAN_POINT('',(0.006,0.00149999999999996,0.0075));
#6464=CARTESIAN_POINT('',(0.0968,0.00149999999999996,0.0075));
#6465=CARTESIAN_POINT('',(0.0643346220374522,0.0015,0.0075));
#6466=CARTESIAN_POINT('',(0.0643346220374522,0.0015,0.0015));
#6467=CARTESIAN_POINT('',(0.0643346220374522,0.004,0.00695435605731786));
#6468=CARTESIAN_POINT('',(0.0968,0.004,0.00695435605731786));
#6469=CARTESIAN_POINT('',(0.0728,0.004,0.00695435605731786));
#6470=CARTESIAN_POINT('',(0.0968,0.004,0.00695435605731786));
#6471=CARTESIAN_POINT('',(0.0749943884933548,0.004,0.00695435605731786));
#6472=CARTESIAN_POINT('',(0.0968,0.004,0.00695435605731786));
#6473=CARTESIAN_POINT('',(0.0821165803417994,0.004,0.00695435605731786));
#6474=CARTESIAN_POINT('',(0.0821165803417994,0.004,0.00695435605731786));
#6475=CARTESIAN_POINT('',(0.0819904670298834,0.00434483845960258,0.00679629960850025));
#6476=CARTESIAN_POINT('',(0.0818895256928651,0.00467744385342909,0.00660505210900411));
#6477=CARTESIAN_POINT('',(0.0818365240472931,0.005,0.00637339717240448));
#6478=CARTESIAN_POINT('',(0.0818365240472931,0.005,0.00637339717240448));
#6479=CARTESIAN_POINT('',(0.0968,0.005,0.00637339717240448));
#6480=CARTESIAN_POINT('',(0.0932534552587308,0.005,0.00637339717240448));
#6481=CARTESIAN_POINT('',(0.0966484692283495,0.0075,0.00149999999999996));
#6482=CARTESIAN_POINT('',(0.0964220396552095,0.00750000000000001,0.00260927383373859));
#6483=CARTESIAN_POINT('',(0.0954656909490342,0.00687770959402901,0.0046287395856497));
#6484=CARTESIAN_POINT('',(0.0940223798191547,0.00566413037005722,0.00589642880455588));
#6485=CARTESIAN_POINT('',(0.0932534552587311,0.00499999999999973,0.00637339717240472));
#6486=CARTESIAN_POINT('',(0.0966484692283495,0.0075,0.00149999999999996));
#6487=CARTESIAN_POINT('',(0.0968,0.0075,0.00149999999999996));
#6488=CARTESIAN_POINT('',(0.0922954131601501,0.0075,0.00149999999999996));
#6489=CARTESIAN_POINT('',(0.0922954131601501,0.0075,0.00149999999999996));
#6490=CARTESIAN_POINT('',(0.0920284331076598,0.0075,0.0020923818983163));
#6491=CARTESIAN_POINT('',(0.0912155151029135,0.00731435300792613,0.00312184711394664));
#6492=CARTESIAN_POINT('',(0.0893016565450924,0.00704841395110868,0.0037714923731853));
#6493=CARTESIAN_POINT('',(0.087388744073137,0.00731341885817415,0.00312551345160423));
#6494=CARTESIAN_POINT('',(0.0865715880222977,0.0075,0.00209242878198488));
#6495=CARTESIAN_POINT('',(0.0863045868398499,0.0075,0.00149999999999996));
#6496=CARTESIAN_POINT('',(0.0968,0.0015,-0.0015));
#6497=CARTESIAN_POINT('',(0.0718715596522343,0.0075,-0.00149999999999968));
#6498=CARTESIAN_POINT('',(0.0718374798909672,0.00750000000000002,-0.00173808052062924));
#6499=CARTESIAN_POINT('',(0.0717564030504391,0.00747785633135833,-0.00209446942257947));
#6500=CARTESIAN_POINT('',(0.0715319848974534,0.0074154629061434,-0.0025172498585911));
#6501=CARTESIAN_POINT('',(0.0711887613691067,0.00737128985954031,-0.00273721741006165));
#6502=CARTESIAN_POINT('',(0.0708420648038222,0.00741447220237722,-0.00252273571206291));
#6503=CARTESIAN_POINT('',(0.0706146149071534,0.00747765661862813,-0.00209766416831353));
#6504=CARTESIAN_POINT('',(0.0705330647553632,0.00750000000000047,-0.00173956503773833));
#6505=CARTESIAN_POINT('',(0.0704987724946073,0.0075,-0.00149999999998842));
#6506=CARTESIAN_POINT('',(0.0863045868398499,0.0075,-0.00149999999999996));
#6507=CARTESIAN_POINT('',(0.0865715668923402,0.0075,-0.0020923818983163));
#6508=CARTESIAN_POINT('',(0.0873844848970865,0.00731435300792613,-0.00312184711394664));
#6509=CARTESIAN_POINT('',(0.0892983434549076,0.00704841395110868,-0.0037714923731853));
#6510=CARTESIAN_POINT('',(0.091211255926863,0.00731341885817414,-0.00312551345160423));
#6511=CARTESIAN_POINT('',(0.0920284119777024,0.0075,-0.00209242878198487));
#6512=CARTESIAN_POINT('',(0.0922954131601501,0.0075,-0.00149999999999996));
#6513=CARTESIAN_POINT('',(0.0922954131601501,0.0075,-0.00149999999999996));
#6514=CARTESIAN_POINT('',(0.0968,0.0075,-0.00149999999999996));
#6515=CARTESIAN_POINT('',(0.0966484692283495,0.0075,-0.0015));
#6516=CARTESIAN_POINT('',(0.0966484692283495,0.0075,-0.00149999999999996));
#6517=CARTESIAN_POINT('',(0.0964220396552095,0.00750000000000001,-0.0026092738337385));
#6518=CARTESIAN_POINT('',(0.0954656909490343,0.0068777095940291,-0.0046287395856495));
#6519=CARTESIAN_POINT('',(0.094022379819155,0.00566413037005745,-0.00589642880455565));
#6520=CARTESIAN_POINT('',(0.0932534552587315,0.00500000000000003,-0.0063733971724045));
#6521=CARTESIAN_POINT('',(0.0932534552587315,0.005,-0.00637339717240451));
#6522=CARTESIAN_POINT('',(0.0968,0.005,-0.00637339717240448));
#6523=CARTESIAN_POINT('',(0.0818365240472931,0.005,-0.00637339717240448));
#6524=CARTESIAN_POINT('',(0.0818365240472931,0.005,-0.00637339717240448));
#6525=CARTESIAN_POINT('',(0.0818895256928651,0.0046774438534291,-0.0066050521090041));
#6526=CARTESIAN_POINT('',(0.0819904670298831,0.0043448384596026,-0.00679629960850029));
#6527=CARTESIAN_POINT('',(0.082116580341799,0.004,-0.0069543560573179));
#6528=CARTESIAN_POINT('',(0.0821165803417994,0.004,-0.00695435605731786));
#6529=CARTESIAN_POINT('',(0.0968,0.004,-0.00695435605731786));
#6530=CARTESIAN_POINT('',(0.0643346220374522,0.004,-0.00695435605731786));
#6531=CARTESIAN_POINT('',(0.0643346220374522,0.0015,-0.0015));
#6532=CARTESIAN_POINT('',(0.006,0.0015,-0.0015));
#6533=CARTESIAN_POINT('',(0.006,0.0075,-0.00149999999999996));
#6534=CARTESIAN_POINT('',(0.0968,0.0075,-0.00149999999999996));
#6535=CARTESIAN_POINT('',(0.0100361517933316,0.0075,-0.00149999999999996));
#6536=CARTESIAN_POINT('',(3.0247400185146E-5,0.0015,-0.0015));
#6537=CARTESIAN_POINT('',(0.00972528183290709,0.00731358808866648,-0.00298397895379794));
#6538=CARTESIAN_POINT('',(0.0295497733352408,0.00695817732000532,-0.00399164611118422));
#6539=CARTESIAN_POINT('',(0.028715033960452,0.00678395518563413,-0.0043732955349123));
#6540=CARTESIAN_POINT('',(0.0270067279019602,0.00642065010892951,-0.00497406820163185));
#6541=CARTESIAN_POINT('',(0.0243804475338754,0.00587900836033785,-0.00562556209274889));
#6542=CARTESIAN_POINT('',(0.0216982613975211,0.00537241890485247,-0.00609665899007834));
#6543=CARTESIAN_POINT('',(0.0189689342449509,0.00495380500370699,-0.00641154180160808));
#6544=CARTESIAN_POINT('',(0.0166523344990294,0.00477121563913991,-0.00652957147937647));
#6545=CARTESIAN_POINT('',(0.0148234046052841,0.00487308140976201,-0.00646303249905228));
#6546=CARTESIAN_POINT('',(0.0134543620582243,0.00515209932698909,-0.00626871707546682));
#6547=CARTESIAN_POINT('',(0.012219598077427,0.00566776950198061,-0.00584185965089122));
#6548=CARTESIAN_POINT('',(0.0108527360459951,0.00653183400756438,-0.00489623574649179));
#6549=CARTESIAN_POINT('',(0.0101296143971222,0.00710424828388042,-0.00380408182147911));
#6550=CARTESIAN_POINT('',(0.00972528183290711,0.00731358808866651,-0.00298397895379794));
#6551=CARTESIAN_POINT('',(0.0295497733352408,0.00695817732000532,-0.00399164611118422));
#6552=CARTESIAN_POINT('',(0.0204474399311052,0.0015,-0.0015));
#6553=CARTESIAN_POINT('',(0.0299053966800772,0.00717142541684714,-0.00345829868537471));
#6554=CARTESIAN_POINT('',(0.0494808421761088,0.00695817732000532,-0.00399164611118423));
#6555=CARTESIAN_POINT('',(0.0486666750861632,0.00678824891788462,-0.004363889724078));
#6556=CARTESIAN_POINT('',(0.0470013316102826,0.00643420218802155,-0.00495334027546749));
#6557=CARTESIAN_POINT('',(0.0444417515675145,0.00590542624350947,-0.00559662269274921));
#6558=CARTESIAN_POINT('',(0.041829231742478,0.00540840441273702,-0.00606591034510457));
#6559=CARTESIAN_POINT('',(0.0391707540819484,0.00499018972243569,-0.00638629837793192));
#6560=CARTESIAN_POINT('',(0.0369132222492059,0.00478740563496059,-0.00651905905219942));
#6561=CARTESIAN_POINT('',(0.0351269306810061,0.00483749510706477,-0.00648645104044455));
#6562=CARTESIAN_POINT('',(0.0337815504106169,0.00504696088281722,-0.00634406847524892));
#6563=CARTESIAN_POINT('',(0.0325321238881902,0.00547932409438825,-0.00600853205841834));
#6564=CARTESIAN_POINT('',(0.0310946521610484,0.00629447196174352,-0.00520432363308199));
#6565=CARTESIAN_POINT('',(0.0303321591258391,0.00690840019241775,-0.00422004558039206));
#6566=CARTESIAN_POINT('',(0.0299053966800772,0.00717142541684713,-0.00345829868537473));
#6567=CARTESIAN_POINT('',(0.0494808421761088,0.00695817732000532,-0.00399164611118423));
#6568=CARTESIAN_POINT('',(0.0403785087719716,0.0015,-0.0015));
#6569=CARTESIAN_POINT('',(0.0498364976699517,0.0071714446948684,-0.00345824285344007));
#6570=CARTESIAN_POINT('',(0.0694119535393418,0.00695820278335553,-0.00399159033064625));
#6571=CARTESIAN_POINT('',(0.0685977887503287,0.00678827785839268,-0.00436383639653667));
#6572=CARTESIAN_POINT('',(0.0669324489459342,0.00643423738149552,-0.00495328968811338));
#6573=CARTESIAN_POINT('',(0.0643728733125207,0.00590547093069951,-0.00559657428772404));
#6574=CARTESIAN_POINT('',(0.061760356523,0.00540845965075961,-0.00606586266431481));
#6575=CARTESIAN_POINT('',(0.0591018822011388,0.00499025771869207,-0.00638624938589308));
#6576=CARTESIAN_POINT('',(0.0568443534777825,0.00478748686874644,-0.00651900581404697));
#6577=CARTESIAN_POINT('',(0.0550580661605793,0.00483758478066066,-0.00648639109756429));
#6578=CARTESIAN_POINT('',(0.053712690403366,0.0050470513039887,-0.00634400229075978));
#6579=CARTESIAN_POINT('',(0.0524632647140909,0.00547940273535642,-0.00600846196345813));
#6580=CARTESIAN_POINT('',(0.0510257805385807,0.00629452212351549,-0.00520425551119778));
#6581=CARTESIAN_POINT('',(0.0502632697044387,0.00690843056806755,-0.00421998191532386));
#6582=CARTESIAN_POINT('',(0.0498364976699517,0.0071714446948684,-0.00345824285344007));
#6583=CARTESIAN_POINT('',(0.0694119535393418,0.00695820278335554,-0.00399159033064625));
#6584=CARTESIAN_POINT('',(0.06030957767123,0.0015,-0.0015));
#6585=CARTESIAN_POINT('',(0.0190774047358085,0.004,-0.0330430342789753));
#6586=CARTESIAN_POINT('',(0.0944961524227066,0.004,0.0105));
#6587=CARTESIAN_POINT('',(0.0944961524227066,0.0025,0.0105));
#6588=CARTESIAN_POINT('',(0.0944961524227066,0.00072956514777455,0.0105));
#6589=CARTESIAN_POINT('',(0.0940641623861971,5.61879509354576E-5,0.010250590436134));
#6590=CARTESIAN_POINT('',(0.0927641016151552,0.000797426665546616,0.00950000000001008));
#6591=CARTESIAN_POINT('',(0.0927641016151551,0.00400000000000411,0.00950000000001));
#6592=CARTESIAN_POINT('',(0.0927641016151553,0.00149999999999422,0.0095000000000101));
#6593=CARTESIAN_POINT('',(0.0550090796418169,0.00149999999999489,-0.0122978720995571));
#6594=CARTESIAN_POINT('',(0.0900970771576557,0.0037150523369119,0.00796019271153741));
#6595=CARTESIAN_POINT('',(0.0900970771576557,0.00749999999999421,0.00796019271153741));
#6596=CARTESIAN_POINT('',(0.0900970771576556,0.00329999999999427,0.00796019271153741));
#6597=CARTESIAN_POINT('',(0.0190774047358084,0.00329999999999553,-0.0330430342789753));
#6598=CARTESIAN_POINT('',(0.0893,0.00329999999999428,0.0075));
#6599=CARTESIAN_POINT('',(0.0893,0.004,0.0075));
#6600=CARTESIAN_POINT('',(0.0893,0.004,0.0075));
#6601=CARTESIAN_POINT('',(0.0190774047358085,0.004,-0.0330430342789753));
#6602=CARTESIAN_POINT('',(0.0918980762113533,0.004,0.009));
#6603=CARTESIAN_POINT('',(0.0918980762113533,0.0025,0.009));
#6604=CARTESIAN_POINT('',(0.0190774047358085,0.004,0.0330430342789753));
#6605=CARTESIAN_POINT('',(0.0941672970011208,5.11285993104444E-5,-0.010310135233823));
#6606=CARTESIAN_POINT('',(0.0927641016151113,-0.000241641275280788,-0.00949999999998473));
#6607=CARTESIAN_POINT('',(0.0944961524227066,-0.000746092641764526,-0.0105));
#6608=CARTESIAN_POINT('',(0.0927641016151111,0.00400000000000423,-0.00949999999998462));
#6609=CARTESIAN_POINT('',(0.0927641016151113,-0.00150000000000577,-0.00949999999998473));
#6610=CARTESIAN_POINT('',(0.0550090796417419,-0.00150000000000511,0.0122978720996004));
#6611=CARTESIAN_POINT('',(0.0900970771576433,-0.00371505233691007,-0.00796019271153024));
#6612=CARTESIAN_POINT('',(0.0900970771576433,-0.00750000000000578,-0.00796019271153024));
#6613=CARTESIAN_POINT('',(0.0900970771576433,-0.00330000000000572,-0.00796019271153024));
#6614=CARTESIAN_POINT('',(0.0190774047358084,-0.00330000000000447,0.0330430342789753));
#6615=CARTESIAN_POINT('',(0.0893,-0.00330000000000571,-0.0075));
#6616=CARTESIAN_POINT('',(0.0893,0.004,-0.0075));
#6617=CARTESIAN_POINT('',(0.0893,-0.004,-0.0075));
#6618=CARTESIAN_POINT('',(0.0190774047358085,-0.004,0.0330430342789753));
#6619=CARTESIAN_POINT('',(0.0918980762113533,-0.004,-0.009));
#6620=CARTESIAN_POINT('',(0.0918980762113533,-0.0025,-0.009));
#6621=CARTESIAN_POINT('',(0.0944961524227066,-0.0025,-0.0105));
#6622=CARTESIAN_POINT('',(0.0944961524227066,0.004,-0.0105));
#6623=CARTESIAN_POINT('',(0.0758,0.0025,0.));
#6624=CARTESIAN_POINT('',(0.0743,0.0025,-0.009));
#6625=CARTESIAN_POINT('',(0.0743,0.0025,-0.0077));
#6626=CARTESIAN_POINT('',(0.0743,0.0025,-0.009));
#6627=CARTESIAN_POINT('',(0.0758,0.0025,-0.0077));
#6628=CARTESIAN_POINT('',(0.0758,0.004,-0.0077));
#6629=CARTESIAN_POINT('',(0.0758,0.004,-0.0075));
#6630=CARTESIAN_POINT('',(0.0758,0.004,-0.009));
#6631=CARTESIAN_POINT('',(0.0758,0.0025,-0.009));
#6632=CARTESIAN_POINT('',(0.0203027087271556,0.00141321252037022,-5.57805380254937E-8));
#6633=CARTESIAN_POINT('',(0.0197803796379506,0.00109999999989862,-0.0106736481776685));
#6634=CARTESIAN_POINT('',(0.0197803796379506,0.00109999999989861,-0.00424164611118423));
#6635=CARTESIAN_POINT('',(0.0197803796379506,0.00109999999989861,-0.00399164611118423));
#6636=CARTESIAN_POINT('',(0.0203027087271556,0.00141321252037022,-0.00424164611118422));
#6637=CARTESIAN_POINT('',(0.0203027087271556,0.00141321252037022,-0.00424164611118422));
#6638=CARTESIAN_POINT('',(0.0203027087271556,0.00141321252037022,-5.57805380254937E-8));
#6639=CARTESIAN_POINT('',(0.0203027087271556,0.00141321252037022,-0.00399164611118422));
#6640=CARTESIAN_POINT('',(0.0164433878642751,-0.00090101358728116,-0.00399164611118423));
#6641=CARTESIAN_POINT('',(0.0203027087271556,0.00141321252037022,-5.57805380254937E-8));
#6642=CARTESIAN_POINT('',(0.0197803796379506,0.00109999999989862,-0.0106736481776685));
#6643=CARTESIAN_POINT('',(0.0197803796379505,0.0010999999998986,0.00421272240018785));
#6644=CARTESIAN_POINT('',(0.0197803796379505,0.0010999999998986,0.00446272240018785));
#6645=CARTESIAN_POINT('',(0.0164433878642751,-0.000901013587281157,0.00421272240018785));
#6646=CARTESIAN_POINT('',(0.0203027087271556,0.00141321252037022,0.00421272240018786));
#6647=CARTESIAN_POINT('',(0.0203027087271556,0.00141321252037022,-5.57805380254937E-8));
#6648=CARTESIAN_POINT('',(0.0203027087271556,0.00141321252037022,0.00446272240018786));
#6649=CARTESIAN_POINT('',(0.0203027087271556,0.00141321252037022,0.00446272240018786));
#6650=CARTESIAN_POINT('',(0.0402337776109561,0.0014132125461155,-5.57805380378487E-8));
#6651=CARTESIAN_POINT('',(0.039711448478926,0.00109999999989862,-0.0106736481776685));
#6652=CARTESIAN_POINT('',(0.039711448478926,0.00109999999989861,-0.00424164611118423));
#6653=CARTESIAN_POINT('',(0.039711448478926,0.00109999999989861,-0.00399164611118423));
#6654=CARTESIAN_POINT('',(0.0402337776109561,0.0014132125461155,-0.00424164611118424));
#6655=CARTESIAN_POINT('',(0.0402337776109561,0.0014132125461155,-0.00424164611118424));
#6656=CARTESIAN_POINT('',(0.0402337776109561,0.0014132125461155,-5.57805380378487E-8));
#6657=CARTESIAN_POINT('',(0.0402337776109561,0.0014132125461155,-0.00399164611118424));
#6658=CARTESIAN_POINT('',(0.0363744567480754,-0.000901013561535583,-0.00399164611118424));
#6659=CARTESIAN_POINT('',(0.0402337776109561,0.0014132125461155,-5.57805380378487E-8));
#6660=CARTESIAN_POINT('',(0.039711448478926,0.00109999999989862,-0.0106736481776685));
#6661=CARTESIAN_POINT('',(0.0397114484789259,0.0010999999998986,0.00421272240018785));
#6662=CARTESIAN_POINT('',(0.039711448478926,0.0010999999998986,0.00446272240018785));
#6663=CARTESIAN_POINT('',(0.0363744567480754,-0.000901013561535578,0.00421272240018784));
#6664=CARTESIAN_POINT('',(0.0402337776109561,0.0014132125461155,0.00421272240018785));
#6665=CARTESIAN_POINT('',(0.0402337776109561,0.0014132125461155,-5.57805380378487E-8));
#6666=CARTESIAN_POINT('',(0.0402337776109561,0.0014132125461155,0.00446272240018785));
#6667=CARTESIAN_POINT('',(0.0402337776109561,0.0014132125461155,0.00446272240018785));
#6668=CARTESIAN_POINT('',(0.0601648465102161,0.00141321254611648,-5.84321157683863E-17));
#6669=CARTESIAN_POINT('',(0.0596425173781844,0.00109999999989862,-0.0106736481776684));
#6670=CARTESIAN_POINT('',(0.0596425173781844,0.00109999999989861,-0.00424159033064626));
#6671=CARTESIAN_POINT('',(0.0596425173781844,0.00109999999989861,-0.00399159033064626));
#6672=CARTESIAN_POINT('',(0.0601648465102161,0.00141321254611648,-0.00424159033064626));
#6673=CARTESIAN_POINT('',(0.0601648465102161,0.00141321254611648,-0.00424159033064626));
#6674=CARTESIAN_POINT('',(0.0601648465102161,0.00141321254611648,-5.84321157683863E-17));
#6675=CARTESIAN_POINT('',(0.0601648465102161,0.00141321254611648,-0.00399159033064626));
#6676=CARTESIAN_POINT('',(0.0563055256473354,-0.000901013561534606,-0.00399159033064626));
#6677=CARTESIAN_POINT('',(0.0601648465102161,0.00141321254611648,-5.84321157683863E-17));
#6678=CARTESIAN_POINT('',(0.0596425173781844,0.00109999999989862,-0.0106736481776684));
#6679=CARTESIAN_POINT('',(0.0596425173781843,0.0010999999998986,0.00421277818072583));
#6680=CARTESIAN_POINT('',(0.0596425173781843,0.0010999999998986,0.00446277818072583));
#6681=CARTESIAN_POINT('',(0.0563055256473354,-0.000901013561534603,0.00421277818072582));
#6682=CARTESIAN_POINT('',(0.0601648465102161,0.00141321254611648,0.00421277818072582));
#6683=CARTESIAN_POINT('',(0.0601648465102161,0.00141321254611648,-5.84321157683863E-17));
#6684=CARTESIAN_POINT('',(0.0601648465102161,0.00141321254611648,0.00446277818072582));
#6685=CARTESIAN_POINT('',(0.0601648465102161,0.00141321254611648,0.00446277818072582));
#6686=CARTESIAN_POINT('',(0.006,-0.00149999999999996,-0.0015));
#6687=CARTESIAN_POINT('',(0.006,0.000499999999897756,-0.0015));
#6688=CARTESIAN_POINT('',(0.,0.000499999999897768,-0.0015));
#6689=CARTESIAN_POINT('',(0.006,-0.0015,-0.0015));
#6690=CARTESIAN_POINT('',(0.,-0.0015,-0.0015));
#6691=CARTESIAN_POINT('',(0.,-0.00149999999999996,-0.0015));
#6692=CARTESIAN_POINT('',(0.00796961550603507,0.,-0.0025));
#6693=CARTESIAN_POINT('',(0.00796961550603507,0.00109999999989775,-0.0025));
#6694=CARTESIAN_POINT('',(0.00796961550603507,0.0010999999998986,0.00732635182233166));
#6695=CARTESIAN_POINT('',(0.00796961550603507,0.00109999999989775,0.0075));
#6696=CARTESIAN_POINT('',(0.00796961550603507,-1.44007985892449E-17,0.00732635182233166));
#6697=CARTESIAN_POINT('',(0.00796961550603507,0.000499999999898597,0.00732635182233166));
#6698=CARTESIAN_POINT('',(0.00796961550603507,0.000499999999898593,-0.0025));
#6699=CARTESIAN_POINT('',(0.00796961550603507,0.000499999999898593,0.0075));
#6700=CARTESIAN_POINT('',(0.00796961550603507,0.,0.0075));
#6701=CARTESIAN_POINT('',(0.00783566081669386,0.,-0.0025));
#6702=CARTESIAN_POINT('',(0.00783566081669386,-1.44007985892449E-17,0.00732635182233166));
#6703=CARTESIAN_POINT('',(0.00783566081669386,0.0010999999998986,0.00732635182233166));
#6704=CARTESIAN_POINT('',(0.00783566081669386,0.000499999999898597,0.00732635182233166));
#6705=CARTESIAN_POINT('',(0.00783566081669386,0.00109999999989775,-0.0025));
#6706=CARTESIAN_POINT('',(0.00783566081669386,0.00109999999989775,0.0075));
#6707=CARTESIAN_POINT('',(0.00783566081669386,0.,0.0075));
#6708=CARTESIAN_POINT('',(0.00783566081669386,0.000499999999897752,0.0075));
#6709=CARTESIAN_POINT('',(0.00783566081669386,0.000499999999897752,-0.0025));
#6710=CARTESIAN_POINT('',(0.0138977391458586,0.0033442393618874,-5.57805380302992E-8));
#6711=CARTESIAN_POINT('',(0.0101551317305168,0.00109999999989861,-5.5780538040992E-8));
#6712=CARTESIAN_POINT('',(0.0169925005683175,0.0010999999998986,0.00546673865713433));
#6713=CARTESIAN_POINT('',(0.0151841794334854,0.00411564806443786,-5.57805380294873E-8));
#6714=CARTESIAN_POINT('',(0.0151841794334854,0.00411564806443786,0.00649994421946197));
#6715=CARTESIAN_POINT('',(0.0151841794334854,0.00411564806443786,0.00649994421946197));
#6716=CARTESIAN_POINT('',(0.0108788926042276,0.0015340002732357,0.00649994421946197));
#6717=CARTESIAN_POINT('',(0.0108788926042276,0.00153400027323564,-5.57805380773071E-8));
#6718=CARTESIAN_POINT('',(0.00802468040479092,0.00629382933745495,0.00338335965360541));
#6719=CARTESIAN_POINT('',(0.0110435269464219,0.00810406842610669,0.00338335965360541));
#6720=CARTESIAN_POINT('',(0.0164433878642751,-0.000901013587281157,0.00421272240018785));
#6721=CARTESIAN_POINT('',(0.0338288080296592,0.00334423938763317,-5.57805380454676E-8));
#6722=CARTESIAN_POINT('',(0.044038617865618,0.00369476957794205,0.00421272240018784));
#6723=CARTESIAN_POINT('',(0.043831361768093,0.00374042277578843,0.00438396583169471));
#6724=CARTESIAN_POINT('',(0.0437093284728347,0.00390404082707951,0.0045991372026911));
#6725=CARTESIAN_POINT('',(0.0436484317264857,0.00409999999989777,0.00478263628581074));
#6726=CARTESIAN_POINT('',(0.044038617865618,0.00369476957794206,0.00421272240018785));
#6727=CARTESIAN_POINT('',(0.0436484317264857,0.00409999999989777,0.00478263628581073));
#6728=CARTESIAN_POINT('',(0.0363744567480754,-0.000901013561535578,0.00421272240018784));
#6729=CARTESIAN_POINT('',(0.030086200571491,0.00109999999989861,-5.57805380444615E-8));
#6730=CARTESIAN_POINT('',(0.0369235694675561,0.0010999999998986,0.00546673863786174));
#6731=CARTESIAN_POINT('',(0.0351152483172861,0.00411564809018353,-5.57805380445309E-8));
#6732=CARTESIAN_POINT('',(0.0351152483172861,0.00411564809018354,0.00649994421946195));
#6733=CARTESIAN_POINT('',(0.0351152483172861,0.00411564809018354,0.00649994421946195));
#6734=CARTESIAN_POINT('',(0.0308099614880281,0.0015340002989817,0.00649994421946195));
#6735=CARTESIAN_POINT('',(0.0308099614880281,0.00153400029898164,-5.57805380927687E-8));
#6736=CARTESIAN_POINT('',(0.02808431742112,0.00607942262285399,0.00376292180618391));
#6737=CARTESIAN_POINT('',(0.0311031639627507,0.00788966171150552,0.00376292180618354));
#6738=CARTESIAN_POINT('',(0.0363744567480754,-0.000901013561535578,0.00421272240018784));
#6739=CARTESIAN_POINT('',(0.0447144006755001,0.0040999999998986,0.00421272240018785));
#6740=CARTESIAN_POINT('',(0.0350891527680651,0.00409999999989861,-5.57805380445499E-8));
#6741=CARTESIAN_POINT('',(0.0338288080296592,0.00334423938763317,-5.57805380454676E-8));
#6742=CARTESIAN_POINT('',(0.0290856101321762,0.000499999999898606,-5.57805380461962E-8));
#6743=CARTESIAN_POINT('',(0.0387108580396111,0.000499999999898596,0.00421272240018785));
#6744=CARTESIAN_POINT('',(0.0372833570348314,0.000499999999898599,0.00494730649406071));
#6745=CARTESIAN_POINT('',(0.0363744567480754,-0.000901013561535578,0.00421272240018784));
#6746=CARTESIAN_POINT('',(0.0376608970357023,-0.000129604858985216,0.00421272240018784));
#6747=CARTESIAN_POINT('',(0.0351152483172861,0.00411564809018353,-5.57805380445309E-8));
#6748=CARTESIAN_POINT('',(0.0537598769289192,0.00334423938763414,-6.49593771691482E-17));
#6749=CARTESIAN_POINT('',(0.0500172694707494,0.0010999999998986,-6.59194920871187E-17));
#6750=CARTESIAN_POINT('',(0.0568546383668167,0.00109999999989859,0.00546679441839899));
#6751=CARTESIAN_POINT('',(0.0550463172165461,0.0041156480901845,-6.40450327235459E-17));
#6752=CARTESIAN_POINT('',(0.0550463172165461,0.00411564809018451,0.00649999999999993));
#6753=CARTESIAN_POINT('',(0.0550463172165461,0.00411564809018451,0.00649999999999993));
#6754=CARTESIAN_POINT('',(0.0507410303872881,0.00153400029898267,0.00649999999999993));
#6755=CARTESIAN_POINT('',(0.0507410303872881,0.00153400029898261,-1.12207849176892E-16));
#6756=CARTESIAN_POINT('',(0.0480153863049371,0.00607942264860838,0.00376297754442768));
#6757=CARTESIAN_POINT('',(0.0510342328465682,0.00788966173725989,0.00376297754442769));
#6758=CARTESIAN_POINT('',(0.0563055256473354,-0.000901013561534603,0.00421277818072582));
#6759=CARTESIAN_POINT('',(0.0151841794334854,0.00411564806443786,0.00649994421946197));
#6760=CARTESIAN_POINT('',(0.0709848077530059,0.000499999999898593,0.00649994421946201));
#6761=CARTESIAN_POINT('',(0.0114989266757376,0.0004999999998986,0.00649994421946196));
#6762=CARTESIAN_POINT('',(0.0173522881355929,0.000499999999898595,0.00649994421946196));
#6763=CARTESIAN_POINT('',(0.0151841794334854,0.00411564806443786,0.00649994421946197));
#6764=CARTESIAN_POINT('',(0.0205404310592964,-0.00481670888114531,0.00649994421946204));
#6765=CARTESIAN_POINT('',(0.0968,-0.00481670888114531,0.00649994421946204));
#6766=CARTESIAN_POINT('',(0.0146870695994412,-0.0048167088811454,0.00649994421946197));
#6767=CARTESIAN_POINT('',(0.0108788926042276,0.0015340002732357,0.00649994421946197));
#6768=CARTESIAN_POINT('',(0.0351152483172861,0.00411564809018354,0.00649994421946195));
#6769=CARTESIAN_POINT('',(0.0709848077530059,0.000499999999898593,0.006499944219462));
#6770=CARTESIAN_POINT('',(0.0314299955749765,0.000499999999898597,0.00649994421946196));
#6771=CARTESIAN_POINT('',(0.0372833570348314,0.000499999999898597,0.00649994421946197));
#6772=CARTESIAN_POINT('',(0.0351152483172861,0.00411564809018354,0.00649994421946195));
#6773=CARTESIAN_POINT('',(0.0308099614880281,0.0015340002989817,0.00649994421946195));
#6774=CARTESIAN_POINT('',(0.0550463172165461,0.00411564809018451,0.00649999999999993));
#6775=CARTESIAN_POINT('',(0.0709848077530059,0.000499999999898593,0.0065));
#6776=CARTESIAN_POINT('',(0.0513610644742371,0.000499999999898595,0.0065));
#6777=CARTESIAN_POINT('',(0.057214425934092,0.000499999999898595,0.0065));
#6778=CARTESIAN_POINT('',(0.0550463172165461,0.00411564809018451,0.00649999999999993));
#6779=CARTESIAN_POINT('',(0.0507410303872881,0.00153400029898267,0.00649999999999993));
#6780=CARTESIAN_POINT('',(0.0138977391458586,0.0033442393618874,-0.000361780313508622));
#6781=CARTESIAN_POINT('',(0.0151841794334854,0.00411564806443786,-0.000361780313508621));
#6782=CARTESIAN_POINT('',(0.0151841794334854,0.00411564806443786,-0.00650005578053803));
#6783=CARTESIAN_POINT('',(0.0169925005683175,0.00109999999989862,-0.00539310887889776));
#6784=CARTESIAN_POINT('',(0.0101551317305168,0.00109999999989861,-0.000361780313508631));
#6785=CARTESIAN_POINT('',(0.0164433878642751,-0.00090101358728116,-0.00399164611118423));
#6786=CARTESIAN_POINT('',(0.0110435269464219,0.00810406842610669,-0.00298397895379794));
#6787=CARTESIAN_POINT('',(0.00802468040479092,0.00629382933745495,-0.00298397895379794));
#6788=CARTESIAN_POINT('',(0.0108788926042276,0.00153400027323566,-0.000361780313508632));
#6789=CARTESIAN_POINT('',(0.0108788926042276,0.00153400027323565,-0.00650005578053803));
#6790=CARTESIAN_POINT('',(0.0151841794334854,0.00411564806443786,-0.00650005578053803));
#6791=CARTESIAN_POINT('',(0.0586727550669416,0.012470070616004,0.00849994421946198));
#6792=CARTESIAN_POINT('',(0.0448348077530059,0.00417220161572955,0.00517635182233166));
#6793=CARTESIAN_POINT('',(0.0447144006754987,0.00409999999989777,0.0039321644828662));
#6794=CARTESIAN_POINT('',(0.0447144006755,0.00409999999989859,0.0084999442194619));
#6795=CARTESIAN_POINT('',(0.0480153863049371,0.00607942264860839,0.00849994421946197));
#6796=CARTESIAN_POINT('',(0.0480153863049371,0.00607942264860838,-0.00345824285344007));
#6797=CARTESIAN_POINT('',(0.0510342328465682,0.00788966173725989,-0.00345824285344007));
#6798=CARTESIAN_POINT('',(0.0363744567480754,-0.000901013561535583,-0.00399164611118424));
#6799=CARTESIAN_POINT('',(0.0447144006754987,0.00409999999989777,-0.00399164611118423));
#6800=CARTESIAN_POINT('',(0.0447144006754987,0.00409999999989777,0.00849994421946195));
#6801=CARTESIAN_POINT('',(0.0447144006754987,0.00409999999989777,-0.00393946083820288));
#6802=CARTESIAN_POINT('',(0.0448348077530059,0.00417220161572954,-0.00518364817766834));
#6803=CARTESIAN_POINT('',(0.0444584687123822,0.00394653143590164,-0.00399164611118423));
#6804=CARTESIAN_POINT('',(0.0363744567480754,-0.000901013561535583,-0.00399164611118424));
#6805=CARTESIAN_POINT('',(0.0402337776109561,0.0014132125461155,0.00849994421946196));
#6806=CARTESIAN_POINT('',(0.0338288080296592,0.00334423938763317,-0.000361780313508637));
#6807=CARTESIAN_POINT('',(0.0437319253173169,0.00409999999989777,-0.00459530275782674));
#6808=CARTESIAN_POINT('',(0.0437979689523391,0.00400210841805855,-0.00447150071467557));
#6809=CARTESIAN_POINT('',(0.0439913055666034,0.00385761871415175,-0.00421347374914409));
#6810=CARTESIAN_POINT('',(0.044304076628877,0.00389562956102235,-0.00404039079898297));
#6811=CARTESIAN_POINT('',(0.0444584687123822,0.00394653143590164,-0.00399164611118421));
#6812=CARTESIAN_POINT('',(0.0437319253173169,0.00409999999989777,-0.00459530275782676));
#6813=CARTESIAN_POINT('',(0.0350891527680637,0.00409999999989777,-0.000361780313508636));
#6814=CARTESIAN_POINT('',(0.0311031639627507,0.00788966171150552,-0.00345829868537471));
#6815=CARTESIAN_POINT('',(0.02808431742112,0.00607942262285399,-0.00345829868537518));
#6816=CARTESIAN_POINT('',(0.0308099614880281,0.00153400029898167,-0.000361780313508648));
#6817=CARTESIAN_POINT('',(0.0308099614880281,0.00153400029898166,-0.00650005578053805));
#6818=CARTESIAN_POINT('',(0.0351152483172861,0.00411564809018353,-0.00650005578053805));
#6819=CARTESIAN_POINT('',(0.0351152483172861,0.00411564809018353,-0.00650005578053805));
#6820=CARTESIAN_POINT('',(0.0351152483172861,0.00411564809018353,-0.000361780313508636));
#6821=CARTESIAN_POINT('',(0.0369235694675561,0.00109999999989861,-0.00539310885795712));
#6822=CARTESIAN_POINT('',(0.030086200571491,0.00109999999989861,-0.000361780313508635));
#6823=CARTESIAN_POINT('',(0.0537598769289192,0.00334423938763414,-0.000361724532970656));
#6824=CARTESIAN_POINT('',(0.0550463172165461,0.0041156480901845,-0.000361724532970655));
#6825=CARTESIAN_POINT('',(0.0550463172165461,0.0041156480901845,-0.0065));
#6826=CARTESIAN_POINT('',(0.0568546383668167,0.00109999999989861,-0.00539305307741835));
#6827=CARTESIAN_POINT('',(0.0500172694707494,0.0010999999998986,-0.000361724532970656));
#6828=CARTESIAN_POINT('',(0.0563055256473354,-0.000901013561534606,-0.00399159033064626));
#6829=CARTESIAN_POINT('',(0.0507410303872881,0.00153400029898264,-0.000361724532970667));
#6830=CARTESIAN_POINT('',(0.0507410303872881,0.00153400029898263,-0.0065));
#6831=CARTESIAN_POINT('',(0.0550463172165461,0.0041156480901845,-0.0065));
#6832=CARTESIAN_POINT('',(0.0151841794334854,0.00411564806443786,-0.00650005578053803));
#6833=CARTESIAN_POINT('',(0.0151841794334854,0.00411564806443786,-0.00650005578053803));
#6834=CARTESIAN_POINT('',(0.0205403302080528,-0.00481654069649512,-0.00650005578053802));
#6835=CARTESIAN_POINT('',(0.0173522881355929,0.000499999999898611,-0.00650005578053804));
#6836=CARTESIAN_POINT('',(0.0709848077530059,0.000499999999898612,-0.00650005578053799));
#6837=CARTESIAN_POINT('',(0.0114989266757376,0.000499999999898619,-0.00650005578053804));
#6838=CARTESIAN_POINT('',(0.0165153188575296,-0.00786559009502443,-0.00650005578053803));
#6839=CARTESIAN_POINT('',(0.0146869687481975,-0.0048165406964951,-0.00650005578053803));
#6840=CARTESIAN_POINT('',(0.0968,-0.0048165406964952,-0.00650005578053796));
#6841=CARTESIAN_POINT('',(0.0151841794334854,0.00411564806443786,-5.57805380294873E-8));
#6842=CARTESIAN_POINT('',(0.0182924121864513,-0.0010677985618658,-1.46907866513212E-17));
#6843=CARTESIAN_POINT('',(0.0177298281519019,-0.000129604884730697,-5.57805380271174E-8));
#6844=CARTESIAN_POINT('',(0.0177298281519019,-0.000129604884730699,-0.00399164611118423));
#6845=CARTESIAN_POINT('',(0.0151841794334854,0.00411564806443786,-0.000361780313508621));
#6846=CARTESIAN_POINT('',(0.0173522881355929,0.000499999999898614,-0.00482326206713056));
#6847=CARTESIAN_POINT('',(0.0173522881355929,0.000499999999898622,-0.0106736481776683));
#6848=CARTESIAN_POINT('',(0.01855158002645,-0.0015,-0.0015));
#6849=CARTESIAN_POINT('',(0.0221494556992035,-0.0075,-0.0015));
#6850=CARTESIAN_POINT('',(0.0221494556992035,-0.0075,0.0075));
#6851=CARTESIAN_POINT('',(0.0182924121864513,-0.0010677985618658,0.0075));
#6852=CARTESIAN_POINT('',(0.0185515800264499,-0.00149999999999996,0.0075));
#6853=CARTESIAN_POINT('',(0.01855158002645,-0.0015,0.0015));
#6854=CARTESIAN_POINT('',(0.0173522881355929,0.000499999999898622,-0.0106736481776683));
#6855=CARTESIAN_POINT('',(0.0173522881355929,0.0004999999998986,0.00494730651959384));
#6856=CARTESIAN_POINT('',(0.0151841794334854,0.00411564806443786,-5.57805380294873E-8));
#6857=CARTESIAN_POINT('',(0.0177298281519019,-0.000129604884730697,0.00421272240018786));
#6858=CARTESIAN_POINT('',(0.0177298281519019,-0.000129604884730697,-5.57805380271174E-8));
#6859=CARTESIAN_POINT('',(0.0151841794334854,0.00411564806443786,-5.57805380294873E-8));
#6860=CARTESIAN_POINT('',(0.0169925005683175,0.00109999999989862,-0.0106736481776683));
#6861=CARTESIAN_POINT('',(0.0169925005683175,0.0010999999998986,0.00649994421946196));
#6862=CARTESIAN_POINT('',(0.0151841794334854,0.00411564806443786,0.00649994421946197));
#6863=CARTESIAN_POINT('',(0.0108788926042276,0.00153400027323564,-5.57805380773071E-8));
#6864=CARTESIAN_POINT('',(0.0111391391084623,0.00109999999989862,-0.0106736481776683));
#6865=CARTESIAN_POINT('',(0.0111391391084623,0.00109999999989861,-0.00463481573192652));
#6866=CARTESIAN_POINT('',(0.0111391391084623,0.00109999999989862,-0.00650005578053804));
#6867=CARTESIAN_POINT('',(0.0165153188575296,-0.00786559009502443,-0.00650005578053803));
#6868=CARTESIAN_POINT('',(0.00802468040479092,0.00629382933745495,0.00338335965360541));
#6869=CARTESIAN_POINT('',(0.0108788926042276,0.0015340002732357,0.00649994421946197));
#6870=CARTESIAN_POINT('',(0.0111391391084623,0.0010999999998986,0.00649994421946196));
#6871=CARTESIAN_POINT('',(0.0111391391084623,0.00109999999989862,-0.0106736481776683));
#6872=CARTESIAN_POINT('',(0.0111391391084623,0.0010999999998986,0.00473082524686286));
#6873=CARTESIAN_POINT('',(0.0107297535884012,0.00178271206217684,4.80047574681776E-5));
#6874=CARTESIAN_POINT('',(0.0308099614880281,0.00153400029898164,-5.57805380927687E-8));
#6875=CARTESIAN_POINT('',(0.0310702080077012,0.00109999999989862,-0.0106736481776683));
#6876=CARTESIAN_POINT('',(0.0310702080077012,0.00109999999989861,-0.00463481572683287));
#6877=CARTESIAN_POINT('',(0.0310702080077012,0.00109999999989862,-0.00650005578053805));
#6878=CARTESIAN_POINT('',(0.0364463877413294,-0.00786559006927886,-0.00650005578053804));
#6879=CARTESIAN_POINT('',(0.02808431742112,0.00607942262285399,0.00849994421946198));
#6880=CARTESIAN_POINT('',(0.0308099614880281,0.0015340002989817,0.00649994421946195));
#6881=CARTESIAN_POINT('',(0.0310702080077012,0.0010999999998986,0.00649994421946196));
#6882=CARTESIAN_POINT('',(0.0310702080077012,0.00109999999989862,-0.0106736481776683));
#6883=CARTESIAN_POINT('',(0.0310702080077012,0.0010999999998986,0.0047308252417692));
#6884=CARTESIAN_POINT('',(0.0306608224722017,0.00178271208792286,4.8004757468162E-5));
#6885=CARTESIAN_POINT('',(0.0351152483172861,0.00411564809018353,-0.00650005578053805));
#6886=CARTESIAN_POINT('',(0.0351152483172861,0.00411564809018353,-0.00650005578053805));
#6887=CARTESIAN_POINT('',(0.0372833570348314,0.000499999999898615,-0.00650005578053804));
#6888=CARTESIAN_POINT('',(0.0709848077530059,0.000499999999898612,-0.006500055780538));
#6889=CARTESIAN_POINT('',(0.0314299955749765,0.000499999999898615,-0.00650005578053805));
#6890=CARTESIAN_POINT('',(0.0364463877413294,-0.00786559006927886,-0.00650005578053804));
#6891=CARTESIAN_POINT('',(0.0351152483172861,0.00411564809018353,-5.57805380445309E-8));
#6892=CARTESIAN_POINT('',(0.038223481085689,-0.0010677985618658,-1.46907866513212E-17));
#6893=CARTESIAN_POINT('',(0.0376608970357023,-0.00012960485898522,-5.57805380397222E-8));
#6894=CARTESIAN_POINT('',(0.0376608970357023,-0.00012960485898522,-0.00399164611118424));
#6895=CARTESIAN_POINT('',(0.0351152483172861,0.00411564809018353,-0.000361780313508636));
#6896=CARTESIAN_POINT('',(0.0372833570348314,0.000499999999898612,-0.00482326203881673));
#6897=CARTESIAN_POINT('',(0.0372833570348314,0.000499999999898621,-0.0106736481776683));
#6898=CARTESIAN_POINT('',(0.0420805245984413,-0.0075,-0.0015));
#6899=CARTESIAN_POINT('',(0.0420805245984413,-0.0075,0.0075));
#6900=CARTESIAN_POINT('',(0.038223481085689,-0.0010677985618658,0.0075));
#6901=CARTESIAN_POINT('',(0.0372833570348314,0.000499999999898621,-0.0106736481776683));
#6902=CARTESIAN_POINT('',(0.0376608970357023,-0.00012960485898522,-5.57805380397222E-8));
#6903=CARTESIAN_POINT('',(0.0351152483172861,0.00411564809018353,-5.57805380445309E-8));
#6904=CARTESIAN_POINT('',(0.0369235694675561,0.00109999999989862,-0.0106736481776683));
#6905=CARTESIAN_POINT('',(0.0369235694675561,0.0010999999998986,0.00649994421946197));
#6906=CARTESIAN_POINT('',(0.0351152483172861,0.00411564809018354,0.00649994421946195));
#6907=CARTESIAN_POINT('',(0.0507410303872881,0.00153400029898261,-1.12207849176892E-16));
#6908=CARTESIAN_POINT('',(0.0510012769069618,0.00109999999989862,-0.0106736481776683));
#6909=CARTESIAN_POINT('',(0.0510012769069618,0.00109999999989861,-0.0046347599462947));
#6910=CARTESIAN_POINT('',(0.0510012769069618,0.00109999999989861,-0.0065));
#6911=CARTESIAN_POINT('',(0.0563774566405894,-0.00786559006927788,-0.0065));
#6912=CARTESIAN_POINT('',(0.0507410303872881,0.00153400029898267,0.00649999999999993));
#6913=CARTESIAN_POINT('',(0.0510012769069618,0.0010999999998986,0.0065));
#6914=CARTESIAN_POINT('',(0.0510012769069618,0.00109999999989862,-0.0106736481776683));
#6915=CARTESIAN_POINT('',(0.0510012769069618,0.0010999999998986,0.00473088102230699));
#6916=CARTESIAN_POINT('',(0.0505918913714617,0.00178271208792383,4.80605380061426E-5));
#6917=CARTESIAN_POINT('',(0.0550463172165462,0.0041156480901845,-0.0065));
#6918=CARTESIAN_POINT('',(0.0550463172165462,0.0041156480901845,-0.0065));
#6919=CARTESIAN_POINT('',(0.057214425934092,0.000499999999898614,-0.0065));
#6920=CARTESIAN_POINT('',(0.0709848077530059,0.000499999999898612,-0.0065));
#6921=CARTESIAN_POINT('',(0.0513610644742371,0.000499999999898614,-0.0065));
#6922=CARTESIAN_POINT('',(0.0563774566405894,-0.00786559006927788,-0.0065));
#6923=CARTESIAN_POINT('',(0.0550463172165461,0.0041156480901845,-6.40450327235459E-17));
#6924=CARTESIAN_POINT('',(0.0581545499849501,-0.00106779856186553,0.));
#6925=CARTESIAN_POINT('',(0.0575919659349623,-0.000129604858984243,-6.02608046595909E-17));
#6926=CARTESIAN_POINT('',(0.0575919659349623,-0.000129604858984245,-0.00399159033064626));
#6927=CARTESIAN_POINT('',(0.0550463172165461,0.0041156480901845,-0.000361724532970655));
#6928=CARTESIAN_POINT('',(0.057214425934092,0.00049999999989861,-0.00482320625827768));
#6929=CARTESIAN_POINT('',(0.057214425934092,0.000499999999898619,-0.0106736481776683));
#6930=CARTESIAN_POINT('',(0.0620115934977019,-0.0075,-0.00149999999999998));
#6931=CARTESIAN_POINT('',(0.0620115934977019,-0.0075,0.0075));
#6932=CARTESIAN_POINT('',(0.0581545499849501,-0.00106779856186553,0.0075));
#6933=CARTESIAN_POINT('',(0.057214425934092,0.000499999999898619,-0.0106736481776683));
#6934=CARTESIAN_POINT('',(0.057214425934092,0.000499999999898597,0.00494736227459772));
#6935=CARTESIAN_POINT('',(0.0550463172165461,0.0041156480901845,-6.40450327235459E-17));
#6936=CARTESIAN_POINT('',(0.0575919659349623,-0.000129604858984242,0.00421277818072582));
#6937=CARTESIAN_POINT('',(0.0575919659349623,-0.000129604858984243,-6.02608046595909E-17));
#6938=CARTESIAN_POINT('',(0.0550463172165461,0.0041156480901845,-6.40450327235459E-17));
#6939=CARTESIAN_POINT('',(0.0568546383668167,0.00109999999989862,-0.0106736481776683));
#6940=CARTESIAN_POINT('',(0.0568546383668167,0.0010999999998986,0.0065));
#6941=CARTESIAN_POINT('',(0.0550463172165461,0.00411564809018451,0.00649999999999993));
#6942=CARTESIAN_POINT('',(0.0177570600087391,0.00565846546953878,-5.57805380278636E-8));
#6943=CARTESIAN_POINT('',(0.0208503129123988,0.000499999999898622,-0.0106736481776683));
#6944=CARTESIAN_POINT('',(0.00988927926715167,0.00127872504317721,4.80047574681771E-5));
#6945=CARTESIAN_POINT('',(0.0107297535884012,0.00178271206217684,4.80047574681776E-5));
#6946=CARTESIAN_POINT('',(0.0114989266757376,0.000499999999898614,-0.0044603788250185));
#6947=CARTESIAN_POINT('',(0.0114989266757376,0.000499999999898601,0.00455638833995484));
#6948=CARTESIAN_POINT('',(0.00859063787844343,0.000499999999898607,4.80047574681671E-5));
#6949=CARTESIAN_POINT('',(0.010356238581981,0.000499999999898616,-0.00461440194992694));
#6950=CARTESIAN_POINT('',(0.00988927926715167,0.00127872504317721,4.80047574681771E-5));
#6951=CARTESIAN_POINT('',(0.0103562385819821,0.00049999999989683,0.00471041146487382));
#6952=CARTESIAN_POINT('',(0.00859063787844343,0.000499999999898607,4.80047574681671E-5));
#6953=CARTESIAN_POINT('',(0.00988927926715167,0.00127872504317721,4.80047574681771E-5));
#6954=CARTESIAN_POINT('',(0.00988927926715167,0.00127872504317721,4.80047574681771E-5));
#6955=CARTESIAN_POINT('',(0.00999645101470568,0.0010999999998986,0.00479343114246329));
#6956=CARTESIAN_POINT('',(0.00999645101470571,0.00109999999989851,-0.00469742162752941));
#6957=CARTESIAN_POINT('',(0.00999645101470567,0.00109999999989862,-0.0106736481776683));
#6958=CARTESIAN_POINT('',(0.0376881288925399,0.00565846549528425,-5.57805380426574E-8));
#6959=CARTESIAN_POINT('',(0.0407813818116372,0.000499999999898621,-0.0106736481776683));
#6960=CARTESIAN_POINT('',(0.0298203481509522,0.00127872506892329,4.80047574681614E-5));
#6961=CARTESIAN_POINT('',(0.0298203481509522,0.00127872506892329,4.80047574681614E-5));
#6962=CARTESIAN_POINT('',(0.0299275199139446,0.0010999999998986,0.00479343114114742));
#6963=CARTESIAN_POINT('',(0.0299275199139447,0.00109999999989862,-0.0046974216262111));
#6964=CARTESIAN_POINT('',(0.0299275199139446,0.00109999999989862,-0.0106736481776683));
#6965=CARTESIAN_POINT('',(0.0576191977917999,0.00565846549528523,-6.22163438323413E-17));
#6966=CARTESIAN_POINT('',(0.0607124507108978,0.000499999999898619,-0.0106736481776683));
#6967=CARTESIAN_POINT('',(0.0497514170502122,0.00127872506892426,4.8060538006142E-5));
#6968=CARTESIAN_POINT('',(0.0497514170502122,0.00127872506892426,4.8060538006142E-5));
#6969=CARTESIAN_POINT('',(0.0498585888132052,0.0010999999998986,0.00479348692168535));
#6970=CARTESIAN_POINT('',(0.0498585888132052,0.00109999999989862,-0.00469736584567307));
#6971=CARTESIAN_POINT('',(0.0498585888132052,0.00109999999989862,-0.0106736481776683));
#6972=CARTESIAN_POINT('',(0.0968,0.0075,-0.00149999999999996));
#6973=CARTESIAN_POINT('',(0.0100361517933316,0.0075,-0.00150000000000004));
#6974=CARTESIAN_POINT('',(0.006,0.0075,0.00149999999999996));
#6975=CARTESIAN_POINT('',(0.0968,-0.0015,0.0015));
#6976=CARTESIAN_POINT('',(0.0968,-0.00149999999999996,0.0075));
#6977=CARTESIAN_POINT('',(0.006,-0.00149999999999996,0.0075));
#6978=CARTESIAN_POINT('',(0.006,-0.0015,0.0015));
#6979=CARTESIAN_POINT('',(0.006,-0.0075,0.00149999999999996));
#6980=CARTESIAN_POINT('',(0.0968,-0.0075,0.00149999999999996));
#6981=CARTESIAN_POINT('',(0.0162960942393483,-0.0075,0.00149999999999996));
#6982=CARTESIAN_POINT('',(0.0126982185665947,-0.0015,0.0015));
#6983=CARTESIAN_POINT('',(0.0968,-0.0075,-0.00149999999999996));
#6984=CARTESIAN_POINT('',(0.0362271631385863,-0.0075,-0.0015));
#6985=CARTESIAN_POINT('',(0.0362271631385863,-0.0075,0.0075));
#6986=CARTESIAN_POINT('',(0.,-0.0075,0.0075));
#6987=CARTESIAN_POINT('',(0.0968,-0.0075,-0.00149999999999996));
#6988=CARTESIAN_POINT('',(0.0162960942393483,-0.0075,-0.0015));
#6989=CARTESIAN_POINT('',(0.0162960942393483,-0.0075,-0.00149999999999996));
#6990=CARTESIAN_POINT('',(0.006,-0.0075,-0.00149999999999996));
#6991=CARTESIAN_POINT('',(0.006,-0.0075,-0.00149999999999996));
#6992=CARTESIAN_POINT('',(0.0968,-0.0075,-0.00149999999999996));
#6993=CARTESIAN_POINT('',(0.0968,-0.0075,-0.00149999999999996));
#6994=CARTESIAN_POINT('',(0.0561582320378469,-0.0075,-0.0015));
#6995=CARTESIAN_POINT('',(0.0561582320378469,-0.0075,0.0075));
#6996=CARTESIAN_POINT('',(0.,-0.0075,0.0075));
#6997=CARTESIAN_POINT('',(0.0968,-0.0075,-0.00149999999999996));
#6998=CARTESIAN_POINT('',(0.0760893004977019,-0.0075,0.));
#6999=CARTESIAN_POINT('',(0.0760893004977019,-0.0075,0.0075));
#7000=CARTESIAN_POINT('',(0.,-0.0075,0.0075));
#7001=CARTESIAN_POINT('',(0.0760893004977019,-0.0075,0.));
#7002=CARTESIAN_POINT('',(0.0893,-0.0075,0.));
#7003=CARTESIAN_POINT('',(0.0968,-0.0015,-0.0015));
#7004=CARTESIAN_POINT('',(0.0126982185665947,-0.0015,-0.0015));
#7005=CARTESIAN_POINT('',(0.006,-0.0015,-0.0015));
#7006=CARTESIAN_POINT('',(0.0968,-0.00149999999999996,0.0075));
#7007=CARTESIAN_POINT('',(0.0722322569849501,-0.00106779856186553,0.0075));
#7008=CARTESIAN_POINT('',(0.0728,0.004,0.0075));
#7009=CARTESIAN_POINT('',(0.0728,0.00284275995754523,0.0075));
#7010=CARTESIAN_POINT('',(0.0968,0.00284275995754523,0.0075));
#7011=CARTESIAN_POINT('',(0.0643346220374522,0.00284275995754523,0.0075));
#7012=CARTESIAN_POINT('',(0.0643346220374522,0.,0.0075));
#7013=CARTESIAN_POINT('',(0.006,-0.00149999999999996,0.0075));
#7014=CARTESIAN_POINT('',(0.0323701196258341,-0.0010677985618658,0.0075));
#7015=CARTESIAN_POINT('',(0.0523011885250947,-0.0010677985618658,0.0075));
#7016=CARTESIAN_POINT('',(-8.97745556216869E-15,0.0004999999997555,0.0075));
#7017=CARTESIAN_POINT('',(0.,0.00109999999989775,0.0075));
#7018=CARTESIAN_POINT('',(0.0709772261098346,0.000499999999898461,0.0075));
#7019=CARTESIAN_POINT('',(0.0709772261098346,0.000499999999898041,0.0075));
#7020=CARTESIAN_POINT('',(0.0712272261098346,0.000499999999898461,0.0075));
#7021=CARTESIAN_POINT('',(0.0709772261098346,0.00109999999989846,0.0075));
#7022=CARTESIAN_POINT('',(0.0709772261098346,0.00109999999989846,0.0075));
#7023=CARTESIAN_POINT('',(0.0709772261098346,0.00109999999989846,0.0075));
#7024=CARTESIAN_POINT('',(0.0712272261098346,0.00109999999989846,0.0075));
#7025=CARTESIAN_POINT('',(0.0712272261098346,0.00109999999989846,0.0075));
#7026=CARTESIAN_POINT('',(0.,0.0015,-0.0015));
#7027=CARTESIAN_POINT('',(0.,-0.00149999999999996,-0.0015));
#7028=CARTESIAN_POINT('',(0.,0.00149999999999996,-0.0015));
#7029=CARTESIAN_POINT('',(0.,0.00109999999989777,-0.0015));
#7030=CARTESIAN_POINT('',(0.,0.00109999999989777,-0.0015));
#7031=CARTESIAN_POINT('',(5.20417042793042E-18,0.00109999999989777,0.0015));
#7032=CARTESIAN_POINT('',(0.,0.00149999999999996,0.0015));
#7033=CARTESIAN_POINT('',(0.,0.0015,0.0015));
#7034=CARTESIAN_POINT('',(0.,0.0015,-0.00149999999999996));
#7035=CARTESIAN_POINT('',(0.006,-0.00149999999999996,-0.0015));
#7036=CARTESIAN_POINT('',(0.006,0.00109999999989776,-0.0015));
#7037=CARTESIAN_POINT('',(0.006,0.00149999999999996,-0.0015));
#7038=CARTESIAN_POINT('',(0.006,-0.00149999999999996,0.0015));
#7039=CARTESIAN_POINT('',(0.006,0.00109999999989776,0.0015));
#7040=CARTESIAN_POINT('',(0.00596962223400286,0.00109999999989771,0.00749992309878494));
#7041=CARTESIAN_POINT('',(0.00596962223400285,-0.00149999999999996,0.00749992309878494));
#7042=CARTESIAN_POINT('',(0.00596962223400285,0.000499999999897703,0.00749992309878494));
#7043=CARTESIAN_POINT('',(0.006,0.000499999999897756,0.0015));
#7044=CARTESIAN_POINT('',(5.20417042793042E-18,0.000499999999897768,0.0015));
#7045=CARTESIAN_POINT('',(0.,0.00149999999999996,0.0015));
#7046=CARTESIAN_POINT('',(0.,-0.0015,0.0015));
#7047=CARTESIAN_POINT('',(0.006,-0.0015,0.0015));
#7048=CARTESIAN_POINT('',(0.006,0.0015,0.0015));
#7049=CARTESIAN_POINT('',(0.0968,-0.0075,-0.00149999999999996));
#7050=CARTESIAN_POINT('',(0.0893,-0.0075,0.));
#7051=CARTESIAN_POINT('',(0.0893,-0.0075,0.));
#7052=CARTESIAN_POINT('',(-4.33680868994201E-19,0.004,0.0075));
#7053=CARTESIAN_POINT('',(-4.33680868994201E-19,-0.004,0.0075));
#7054=CARTESIAN_POINT('',(0.0893,-0.004,0.0075));
#7055=CARTESIAN_POINT('',(0.08325,-0.004,0.0075));
#7056=CARTESIAN_POINT('',(0.08325,0.004,0.0075));
#7057=CARTESIAN_POINT('',(0.08325,0.004,0.0075));
#7058=CARTESIAN_POINT('',(-4.33680868994201E-19,0.004,0.0075));
#7059=CARTESIAN_POINT('',(-1.28332674349152E-17,0.00329999999999586,0.0075));
#7060=CARTESIAN_POINT('',(0.0885709857616221,0.0032999999999943,0.0075));
#7061=CARTESIAN_POINT('',(0.103791292829392,0.00149999999999403,0.0075));
#7062=CARTESIAN_POINT('',(0.0878360757199973,0.00149999999999431,0.0075));
#7063=CARTESIAN_POINT('',(0.0878360757199973,0.00399999999999845,0.0075));
#7064=CARTESIAN_POINT('',(0.0878360757199972,-0.00150000000000569,0.0075));
#7065=CARTESIAN_POINT('',(0.103791292829392,-0.00150000000000597,0.0075));
#7066=CARTESIAN_POINT('',(0.0885709857616219,-0.0033000000000057,0.0075));
#7067=CARTESIAN_POINT('',(-1.29743655055765E-16,-0.00330000000000413,0.0075));
#7068=CARTESIAN_POINT('',(0.0893,-0.00330000000000571,0.0075));
#7069=CARTESIAN_POINT('',(0.0893,0.004,0.0075));
#7070=CARTESIAN_POINT('',(0.0190774047358085,0.004,-0.0330430342789753));
#7071=CARTESIAN_POINT('',(0.0927641016151551,0.00400000000000411,0.00950000000001));
#7072=CARTESIAN_POINT('',(0.0927641016151553,-0.00150000000000577,0.00950000000001013));
#7073=CARTESIAN_POINT('',(0.0927641016151553,-0.000302799228509072,0.0095000000000101));
#7074=CARTESIAN_POINT('',(0.0940641623861971,5.61879509354576E-5,0.010250590436134));
#7075=CARTESIAN_POINT('',(0.0944961524227066,-0.000744205504151396,0.0105));
#7076=CARTESIAN_POINT('',(0.0944961524227066,0.004,0.0105));
#7077=CARTESIAN_POINT('',(0.0944961524227066,-0.0025,0.0105));
#7078=CARTESIAN_POINT('',(0.0918980762113533,-0.0025,0.009));
#7079=CARTESIAN_POINT('',(0.0918980762113533,-0.004,0.009));
#7080=CARTESIAN_POINT('',(0.0190774047358085,-0.004,-0.0330430342789753));
#7081=CARTESIAN_POINT('',(0.0190774047358084,-0.00330000000000446,-0.0330430342789753));
#7082=CARTESIAN_POINT('',(0.0900970771576557,-0.00330000000000573,0.00796019271153739));
#7083=CARTESIAN_POINT('',(0.0900970771576556,-0.00750000000000578,0.00796019271153739));
#7084=CARTESIAN_POINT('',(0.0900970771576557,-0.0037150523369235,0.00796019271153739));
#7085=CARTESIAN_POINT('',(0.0550090796418171,-0.00150000000000511,-0.012297872099557));
#7086=CARTESIAN_POINT('',(-4.33680868994201E-19,0.004,-0.0075));
#7087=CARTESIAN_POINT('',(-4.33680868994201E-19,0.004,-0.0075));
#7088=CARTESIAN_POINT('',(0.0893,0.004,-0.0075));
#7089=CARTESIAN_POINT('',(0.08325,0.004,-0.0075));
#7090=CARTESIAN_POINT('',(0.08325,-0.004,-0.0075));
#7091=CARTESIAN_POINT('',(0.08325,-0.004,-0.0075));
#7092=CARTESIAN_POINT('',(-4.33680868994201E-19,-0.004,-0.0075));
#7093=CARTESIAN_POINT('',(-1.29743655055765E-16,-0.00330000000000413,-0.0075));
#7094=CARTESIAN_POINT('',(0.0885709857616419,-0.0033000000000057,-0.0075));
#7095=CARTESIAN_POINT('',(0.103791292829408,-0.00150000000000597,-0.0075));
#7096=CARTESIAN_POINT('',(0.0878360757200175,-0.00150000000000568,-0.0075));
#7097=CARTESIAN_POINT('',(0.0878360757200175,0.0039999999999984,-0.0075));
#7098=CARTESIAN_POINT('',(0.0878360757200175,0.00149999999999431,-0.0075));
#7099=CARTESIAN_POINT('',(0.103791292829408,0.00149999999999403,-0.0075));
#7100=CARTESIAN_POINT('',(0.088570985761642,0.0032999999999943,-0.0075));
#7101=CARTESIAN_POINT('',(-1.28332674349151E-17,0.00329999999999587,-0.0075));
#7102=CARTESIAN_POINT('',(0.0893,0.00329999999999429,-0.0075));
#7103=CARTESIAN_POINT('',(0.0893,0.004,-0.0075));
#7104=CARTESIAN_POINT('',(0.0968,0.0075,-0.00149999999999996));
#7105=CARTESIAN_POINT('',(0.0893,0.0075,0.));
#7106=CARTESIAN_POINT('',(0.0893,0.0075,0.));
#7107=CARTESIAN_POINT('',(-5.78241158658934E-19,0.005,-0.0075));
#7108=CARTESIAN_POINT('',(0.0893,0.005,0.));
#7109=CARTESIAN_POINT('',(0.08595,0.005,0.));
#7110=CARTESIAN_POINT('',(0.08325,0.005,0.00605));
#7111=CARTESIAN_POINT('',(0.0818,0.005,0.00605));
#7112=CARTESIAN_POINT('',(0.0818,0.005,-0.0075));
#7113=CARTESIAN_POINT('',(0.0818,0.005,-0.00605));
#7114=CARTESIAN_POINT('',(0.08325,0.005,-0.00605));
#7115=CARTESIAN_POINT('',(0.0893,0.005,0.));
#7116=CARTESIAN_POINT('',(8.67361737988406E-19,-0.005,-0.0075));
#7117=CARTESIAN_POINT('',(0.0893,-0.005,0.));
#7118=CARTESIAN_POINT('',(0.08595,-0.005,0.));
#7119=CARTESIAN_POINT('',(0.0818,-0.005,-0.0075));
#7120=CARTESIAN_POINT('',(0.0818,-0.005,-0.00605));
#7121=CARTESIAN_POINT('',(0.0818,-0.005,0.00605));
#7122=CARTESIAN_POINT('',(0.08325,-0.005,0.00605));
#7123=CARTESIAN_POINT('',(0.0893,-0.005,0.));
#7124=CARTESIAN_POINT('',(0.08325,-0.005,-0.00605));
#7125=CARTESIAN_POINT('',(0.,0.0015,-0.0015));
#7126=CARTESIAN_POINT('',(0.,0.000499999999897768,-0.0015));
#7127=CARTESIAN_POINT('',(0.,-0.0015,0.00149999999999996));
#7128=CARTESIAN_POINT('',(0.0818,0.,-0.0075));
#7129=CARTESIAN_POINT('',(0.0818,0.,0.00605));
#7130=CARTESIAN_POINT('',(0.0818,0.00143619256386866,-0.00605));
#7131=CARTESIAN_POINT('',(0.0893,-0.0075,0.));
#7132=CARTESIAN_POINT('',(0.0893,-0.0075,0.));
#7133=CARTESIAN_POINT('',(0.006,-0.0015,-0.00149999999999996));
#7134=CARTESIAN_POINT('',(0.006,-0.0015,-0.00149999999999996));
#7135=CARTESIAN_POINT('',(0.006,-0.0015,0.0015));
#7136=CARTESIAN_POINT('',(0.006,-0.0015,-0.0015));
#7137=CARTESIAN_POINT('',(0.006,-0.0015,0.0015));
#7138=CARTESIAN_POINT('',(0.006,0.0015,-0.0015));
#7139=CARTESIAN_POINT('',(0.006,0.0015,-0.0015));
#7140=CARTESIAN_POINT('',(0.006,0.0015,0.0015));
#7141=CARTESIAN_POINT('',(0.006,0.0015,0.0015));
#7142=CARTESIAN_POINT('',(0.006,0.0015,-0.00149999999999996));
#7143=CARTESIAN_POINT('',(-3.50540073038671E-18,0.004,0.0105));
#7144=CARTESIAN_POINT('',(0.0954885135130839,-0.000139815333724867,0.0105));
#7145=CARTESIAN_POINT('',(-3.50540073038671E-18,0.0025,0.0105));
#7146=CARTESIAN_POINT('',(0.0758,0.0025,0.0105));
#7147=CARTESIAN_POINT('',(0.0758,0.004,0.0105));
#7148=CARTESIAN_POINT('',(0.0758,-0.0025,0.0105));
#7149=CARTESIAN_POINT('',(0.0944961524227066,-0.0025,0.0105));
#7150=CARTESIAN_POINT('',(0.,0.004,0.));
#7151=CARTESIAN_POINT('',(0.0728,0.004,0.009));
#7152=CARTESIAN_POINT('',(0.0758,0.004,0.009));
#7153=CARTESIAN_POINT('',(-3.00462919747432E-18,0.004,0.009));
#7154=CARTESIAN_POINT('',(0.08325,0.004,0.00605));
#7155=CARTESIAN_POINT('',(0.,-0.004,0.));
#7156=CARTESIAN_POINT('',(0.0743,-0.004,0.009));
#7157=CARTESIAN_POINT('',(0.0758,-0.004,0.009));
#7158=CARTESIAN_POINT('',(0.0728,-0.004,0.009));
#7159=CARTESIAN_POINT('',(0.08325,-0.004,0.00605));
#7160=CARTESIAN_POINT('',(0.0643346220374522,0.,0.0065));
#7161=CARTESIAN_POINT('',(0.0643346220374522,0.00284275995754523,0.006));
#7162=CARTESIAN_POINT('',(-3.50540073038671E-18,0.004,-0.0105));
#7163=CARTESIAN_POINT('',(0.0944961524227066,0.004,-0.0105));
#7164=CARTESIAN_POINT('',(0.0944961524227066,0.0025,-0.0105));
#7165=CARTESIAN_POINT('',(0.0944961524227066,0.000746280517660903,-0.0105));
#7166=CARTESIAN_POINT('',(0.0952440166651841,-0.000105242142096009,-0.0105));
#7167=CARTESIAN_POINT('',(-3.50540073038671E-18,-0.0025,-0.0105));
#7168=CARTESIAN_POINT('',(0.0758,-0.0025,-0.0105));
#7169=CARTESIAN_POINT('',(0.0758,0.004,-0.0105));
#7170=CARTESIAN_POINT('',(0.0758,0.0025,-0.0105));
#7171=CARTESIAN_POINT('',(0.0944961524227066,0.0025,-0.0105));
#7172=CARTESIAN_POINT('',(0.0743,0.004,0.));
#7173=CARTESIAN_POINT('',(0.0743,-0.0025,0.));
#7174=CARTESIAN_POINT('',(0.0743,-0.0025,-0.009));
#7175=CARTESIAN_POINT('',(0.0743,-0.0025,-0.0077));
#7176=CARTESIAN_POINT('',(0.0743,0.004,-0.0077));
#7177=CARTESIAN_POINT('',(0.0743,0.004,-0.009));
#7178=CARTESIAN_POINT('',(0.0190774047358085,0.004,0.0330430342789753));
#7179=CARTESIAN_POINT('',(0.0941672970011208,5.11285993104444E-5,-0.010310135233823));
#7180=CARTESIAN_POINT('',(0.0927641016151113,0.000779418746030633,-0.0094999999999847));
#7181=CARTESIAN_POINT('',(0.0918980762113533,0.0025,-0.009));
#7182=CARTESIAN_POINT('',(0.0918980762113533,0.004,-0.009));
#7183=CARTESIAN_POINT('',(0.0190774047358085,0.004,0.0330430342789753));
#7184=CARTESIAN_POINT('',(0.0190774047358084,0.00329999999999552,0.0330430342789753));
#7185=CARTESIAN_POINT('',(0.0900970771576432,0.00329999999999427,-0.00796019271153026));
#7186=CARTESIAN_POINT('',(0.0900970771576433,0.00749999999999421,-0.00796019271153026));
#7187=CARTESIAN_POINT('',(0.0900970771576432,0.00371505233689833,-0.00796019271153026));
#7188=CARTESIAN_POINT('',(0.0550090796417418,0.00149999999999489,0.0122978720996005));
#7189=CARTESIAN_POINT('',(0.0927641016151112,0.00149999999999423,-0.00949999999998469));
#7190=CARTESIAN_POINT('',(0.0927641016151111,0.00400000000000423,-0.00949999999998462));
#7191=CARTESIAN_POINT('',(0.,0.004,0.));
#7192=CARTESIAN_POINT('',(0.0743,0.004,-0.009));
#7193=CARTESIAN_POINT('',(0.075,0.004,-0.0075));
#7194=CARTESIAN_POINT('',(0.0752785909498091,0.004,-0.0075));
#7195=CARTESIAN_POINT('',(0.0755415571588563,0.004,-0.00760563232499756));
#7196=CARTESIAN_POINT('',(0.0758,0.004,-0.0077));
#7197=CARTESIAN_POINT('',(0.0643346220374522,0.004,-0.0065));
#7198=CARTESIAN_POINT('',(0.08325,0.004,-0.00605));
#7199=CARTESIAN_POINT('',(0.,-0.004,0.));
#7200=CARTESIAN_POINT('',(0.073990539688596,-0.004,0.));
#7201=CARTESIAN_POINT('',(0.075,-0.004,-0.0075));
#7202=CARTESIAN_POINT('',(0.0752785909498091,-0.004,-0.0075));
#7203=CARTESIAN_POINT('',(0.0755415571588563,-0.004,-0.00760563232499756));
#7204=CARTESIAN_POINT('',(0.0758,-0.004,-0.0077));
#7205=CARTESIAN_POINT('',(0.0758,-0.004,-0.0077));
#7206=CARTESIAN_POINT('',(0.0758,-0.004,0.));
#7207=CARTESIAN_POINT('',(0.0758,-0.004,-0.009));
#7208=CARTESIAN_POINT('',(-3.00462919747432E-18,-0.004,-0.009));
#7209=CARTESIAN_POINT('',(0.08325,-0.004,-0.00605));
#7210=CARTESIAN_POINT('',(0.0643346220374522,0.,-0.0065));
#7211=CARTESIAN_POINT('',(0.089300000000002,0.00749999999999428,4.1962960883879E-15));
#7212=CARTESIAN_POINT('',(0.0893000000000019,0.00329999999999428,4.19456136491192E-15));
#7213=CARTESIAN_POINT('',(0.0897690776681897,0.00329999999999428,-0.00798623604341497));
#7214=CARTESIAN_POINT('',(0.0897690776681897,0.00329999999999428,-0.00798623604341497));
#7215=CARTESIAN_POINT('',(0.0898738494681158,0.00344341474479044,-0.00798008219179651));
#7216=CARTESIAN_POINT('',(0.0899837167211798,0.0035812594168623,-0.00797154382044932));
#7217=CARTESIAN_POINT('',(0.0900970771576432,0.0037150523368983,-0.00796019271153027));
#7218=CARTESIAN_POINT('',(0.0893000000000019,0.00329999999999428,4.19456136491192E-15));
#7219=CARTESIAN_POINT('',(0.0797267058808618,0.00329999999999445,-0.00391061955883073));
#7220=CARTESIAN_POINT('',(0.0818790934676655,0.00149999999999442,0.00139289132323345));
#7221=CARTESIAN_POINT('',(0.0796227781976706,0.00149999999999446,-0.00416669871582411));
#7222=CARTESIAN_POINT('',(0.0796227781976706,-0.00150000000000554,-0.00416669871582411));
#7223=CARTESIAN_POINT('',(0.0952158964881991,-0.000101158281579305,-0.0104950413919181));
#7224=CARTESIAN_POINT('',(0.0796227781976706,-0.00150000000000554,-0.00416669871582411));
#7225=CARTESIAN_POINT('',(0.0893000000000017,-0.00750000000000571,4.19282664143594E-15));
#7226=CARTESIAN_POINT('',(0.0897690776681895,-0.00330000000000572,-0.00798623604341497));
#7227=CARTESIAN_POINT('',(0.0898738494681157,-0.00344341474480201,-0.00798008219179651));
#7228=CARTESIAN_POINT('',(0.0899837167211798,-0.00358125941687395,-0.00797154382044931));
#7229=CARTESIAN_POINT('',(0.0900970771576433,-0.00371505233691006,-0.00796019271153025));
#7230=CARTESIAN_POINT('',(0.0897690776681895,-0.00330000000000572,-0.00798623604341497));
#7231=CARTESIAN_POINT('',(0.0893000000000018,-0.00330000000000571,4.19456136491192E-15));
#7232=CARTESIAN_POINT('',(0.0893000000000018,-0.00330000000000571,4.19456136491192E-15));
#7233=CARTESIAN_POINT('',(0.0797267058808616,-0.00330000000000554,-0.00391061955883073));
#7234=CARTESIAN_POINT('',(0.0818790934676654,-0.00150000000000558,0.00139289132323345));
#7235=CARTESIAN_POINT('',(0.0818790934676654,0.00149999999999442,-0.00139289132322421));
#7236=CARTESIAN_POINT('',(0.0797267058808623,0.00329999999999445,0.00391061955884022));
#7237=CARTESIAN_POINT('',(0.0897690776681906,0.00329999999999428,0.0079862360434233));
#7238=CARTESIAN_POINT('',(0.0900970771576557,0.00371505233691189,0.00796019271153741));
#7239=CARTESIAN_POINT('',(0.0899835446534122,0.00358105633499487,0.00797156105010195));
#7240=CARTESIAN_POINT('',(0.0898736805269534,0.00344318349311935,0.00798009211469297));
#7241=CARTESIAN_POINT('',(0.0897690776681906,0.00329999999999428,0.0079862360434233));
#7242=CARTESIAN_POINT('',(0.0796227781976711,0.00149999999999446,0.00416669871583361));
#7243=CARTESIAN_POINT('',(0.0796227781976711,-0.00150000000000554,0.00416669871583361));
#7244=CARTESIAN_POINT('',(0.0950305013038853,-7.67888118772152E-5,0.0104198002352193));
#7245=CARTESIAN_POINT('',(0.0796227781976711,-0.00150000000000554,0.00416669871583361));
#7246=CARTESIAN_POINT('',(0.0818790934676653,-0.00150000000000558,-0.00139289132322421));
#7247=CARTESIAN_POINT('',(0.0900970771576557,-0.00371505233692352,0.00796019271153739));
#7248=CARTESIAN_POINT('',(0.0899835446534122,-0.00358105633500645,0.00797156105010194));
#7249=CARTESIAN_POINT('',(0.0898736805269534,-0.00344318349313084,0.00798009211469297));
#7250=CARTESIAN_POINT('',(0.0897690776681905,-0.00330000000000572,0.0079862360434233));
#7251=CARTESIAN_POINT('',(0.0897690776681905,-0.00330000000000572,0.0079862360434233));
#7252=CARTESIAN_POINT('',(0.0797267058808621,-0.00330000000000554,0.00391061955884022));
#7253=CARTESIAN_POINT('',(0.0893000000000019,0.00329999999999428,4.19456136491192E-15));
#7254=CARTESIAN_POINT('',(0.0893000000000019,0.00329999999999428,4.19456136491192E-15));
#7255=CARTESIAN_POINT('',(0.0893000000000018,-0.00330000000000571,4.19456136491192E-15));
#7256=CARTESIAN_POINT('',(0.0893000000000018,-0.00330000000000571,4.19456136491192E-15));
#7257=CARTESIAN_POINT('',(0.0893000000000017,-0.00750000000000571,4.19282664143594E-15));
#7258=CARTESIAN_POINT('',(0.089300000000002,0.00749999999999428,4.1962960883879E-15));
#7259=CARTESIAN_POINT('',(0.0893,0.0075,0.));
#7260=CARTESIAN_POINT('',(0.0893,-0.0056,0.));
#7261=CARTESIAN_POINT('',(0.08655,-0.0056,0.));
#7262=CARTESIAN_POINT('',(0.0868410787491305,-0.0069,-0.00123134328358206));
#7263=CARTESIAN_POINT('',(0.087072091477674,-0.0069,-0.00169266232840967));
#7264=CARTESIAN_POINT('',(0.0877788583366486,-0.00672005008944283,-0.00245903065034882));
#7265=CARTESIAN_POINT('',(0.0893011639875406,-0.00649956779839574,-0.00289623198840752));
#7266=CARTESIAN_POINT('',(0.0908252209509812,-0.00672096357276135,-0.00245603908376703));
#7267=CARTESIAN_POINT('',(0.0915278068048296,-0.0069,-0.00169286545236095));
#7268=CARTESIAN_POINT('',(0.0917589212508694,-0.0069,-0.00123134328358206));
#7269=CARTESIAN_POINT('',(0.0868410787491305,-0.0069,-0.00123134328358206));
#7270=CARTESIAN_POINT('',(0.0917589212508694,-0.0069,-0.00123134328358206));
#7271=CARTESIAN_POINT('',(0.0893,-0.0069,0.));
#7272=CARTESIAN_POINT('',(0.0917589212508694,-0.0069,0.00123134328358206));
#7273=CARTESIAN_POINT('',(0.0917589212508694,-0.0069,0.00123134328358206));
#7274=CARTESIAN_POINT('',(0.0915279085223259,-0.0069,0.00169266232840965));
#7275=CARTESIAN_POINT('',(0.0908211416633514,-0.00672005008944282,0.00245903065034885));
#7276=CARTESIAN_POINT('',(0.0892988360124593,-0.00649956779839573,0.00289623198840752));
#7277=CARTESIAN_POINT('',(0.0877747790490188,-0.00672096357276137,0.00245603908376698));
#7278=CARTESIAN_POINT('',(0.0870721931951703,-0.0069,0.00169286545236097));
#7279=CARTESIAN_POINT('',(0.0868410787491305,-0.0069,0.00123134328358206));
#7280=CARTESIAN_POINT('',(0.0868410787491305,-0.0069,0.00123134328358206));
#7281=CARTESIAN_POINT('',(0.0893,-0.0069,0.));
#7282=CARTESIAN_POINT('',(0.0893,0.0075,0.));
#7283=CARTESIAN_POINT('',(0.0893,0.0056,0.));
#7284=CARTESIAN_POINT('',(0.08655,0.0056,0.));
#7285=CARTESIAN_POINT('',(0.0917589212508694,0.0069,-0.00123134328358206));
#7286=CARTESIAN_POINT('',(0.0915279085223259,0.0069,-0.00169266232840965));
#7287=CARTESIAN_POINT('',(0.0908211416633514,0.00672005008944282,-0.00245903065034885));
#7288=CARTESIAN_POINT('',(0.0892988360124594,0.00649956779839573,-0.00289623198840752));
#7289=CARTESIAN_POINT('',(0.0877747790490188,0.00672096357276136,-0.00245603908376698));
#7290=CARTESIAN_POINT('',(0.0870721931951703,0.0069,-0.00169286545236097));
#7291=CARTESIAN_POINT('',(0.0868410787491305,0.0069,-0.00123134328358206));
#7292=CARTESIAN_POINT('',(0.0917589212508694,0.0069,-0.00123134328358206));
#7293=CARTESIAN_POINT('',(0.0868410787491305,0.0069,-0.00123134328358206));
#7294=CARTESIAN_POINT('',(0.0893,0.0069,0.));
#7295=CARTESIAN_POINT('',(0.0868410787491305,0.0069,0.00123134328358206));
#7296=CARTESIAN_POINT('',(0.0868410787491305,0.0069,0.00123134328358206));
#7297=CARTESIAN_POINT('',(0.087072091477674,0.0069,0.00169266232840967));
#7298=CARTESIAN_POINT('',(0.0877788583366487,0.00672005008944283,0.00245903065034882));
#7299=CARTESIAN_POINT('',(0.0893011639875406,0.00649956779839573,0.00289623198840752));
#7300=CARTESIAN_POINT('',(0.0908252209509812,0.00672096357276135,0.00245603908376703));
#7301=CARTESIAN_POINT('',(0.0915278068048296,0.0069,0.00169286545236095));
#7302=CARTESIAN_POINT('',(0.0917589212508694,0.0069,0.00123134328358206));
#7303=CARTESIAN_POINT('',(0.0917589212508694,0.0069,0.00123134328358206));
#7304=CARTESIAN_POINT('',(0.0893,0.0069,0.));
#7305=CARTESIAN_POINT('',(0.0893,0.0069,0.));
#7306=CARTESIAN_POINT('',(0.0922954131601501,0.0069,-0.00149999999999996));
#7307=CARTESIAN_POINT('',(0.0922954131601501,0.0069,0.00149999999999996));
#7308=CARTESIAN_POINT('',(0.0917589212508695,0.0069,0.00123134328358206));
#7309=CARTESIAN_POINT('',(0.0917589212508695,0.0075,0.00123134328358206));
#7310=CARTESIAN_POINT('',(0.0922954131601501,0.0075,0.00149999999999996));
#7311=CARTESIAN_POINT('',(0.091528479207717,0.00689999998062954,0.00169152270272264));
#7312=CARTESIAN_POINT('',(0.0914974649384335,0.00752855325915909,0.00175345635032769));
#7313=CARTESIAN_POINT('',(0.092014692843102,0.0075,0.00212286910725349));
#7314=CARTESIAN_POINT('',(0.0908239267998841,0.00672012811364346,0.00245724777082922));
#7315=CARTESIAN_POINT('',(0.0906129787658522,0.00744835932426327,0.00257905085062738));
#7316=CARTESIAN_POINT('',(0.0911564199246523,0.00730014233842245,0.00315930506613932));
#7317=CARTESIAN_POINT('',(0.0895565097511166,0.00653849592825373,0.00282207604627055));
#7318=CARTESIAN_POINT('',(0.0895238305321515,0.00742634372815853,0.00280016571450314));
#7319=CARTESIAN_POINT('',(0.0896124755142334,0.00709832880996067,0.00365311303209912));
#7320=CARTESIAN_POINT('',(0.0885376056148368,0.00660632407518343,0.00267881253951724));
#7321=CARTESIAN_POINT('',(0.0886368957844213,0.00743434715468038,0.00269969235397097));
#7322=CARTESIAN_POINT('',(0.0883712650221255,0.00717369341746277,0.00345920081095323));
#7323=CARTESIAN_POINT('',(0.0876039392972045,0.00676708930177224,0.00226710908791085));
#7324=CARTESIAN_POINT('',(0.0877410290777879,0.00747044163900745,0.00236290753428715));
#7325=CARTESIAN_POINT('',(0.0872338896875938,0.00735232144206993,0.00290194563503173));
#7326=CARTESIAN_POINT('',(0.087071453635562,0.0068999999820527,0.00169138859463877));
#7327=CARTESIAN_POINT('',(0.0871024570517329,0.00752854474115366,0.00175330057569549));
#7328=CARTESIAN_POINT('',(0.0865852253452608,0.0075,0.00212268758862605));
#7329=CARTESIAN_POINT('',(0.0868410787491305,0.0069,0.00123134328358206));
#7330=CARTESIAN_POINT('',(0.0868410787491305,0.00750000000000001,0.00123134328358205));
#7331=CARTESIAN_POINT('',(0.0863045868398499,0.0075,0.00149999999999996));
#7332=CARTESIAN_POINT('',(0.0863045868398499,0.0069,0.00149999999999996));
#7333=CARTESIAN_POINT('',(0.0868410787491305,0.0069,-0.00123134328358206));
#7334=CARTESIAN_POINT('',(0.0868410787491305,0.00750000000000001,-0.00123134328358205));
#7335=CARTESIAN_POINT('',(0.0863045868398499,0.0075,-0.00149999999999996));
#7336=CARTESIAN_POINT('',(0.0870715207922837,0.00689999998062954,-0.00169152270272407));
#7337=CARTESIAN_POINT('',(0.0871025350615893,0.00752855325912889,-0.00175345635031219));
#7338=CARTESIAN_POINT('',(0.086585307156911,0.0075,-0.00212286910723718));
#7339=CARTESIAN_POINT('',(0.0877760732001156,0.00672012811364347,-0.00245724777082851));
#7340=CARTESIAN_POINT('',(0.0879870212341467,0.00744835932427834,-0.00257905085064614));
#7341=CARTESIAN_POINT('',(0.0874435800753417,0.00730014233842246,-0.00315930506614713));
#7342=CARTESIAN_POINT('',(0.0890434902488834,0.00653849592825373,-0.0028220760462707));
#7343=CARTESIAN_POINT('',(0.0890761694678471,0.00742634372815608,-0.00280016571449963));
#7344=CARTESIAN_POINT('',(0.088987524485767,0.00709832880996067,-0.00365311303209803));
#7345=CARTESIAN_POINT('',(0.0900623943851632,0.00660632407518342,-0.00267881253951712));
#7346=CARTESIAN_POINT('',(0.0899631042155793,0.00743434715468149,-0.00269969235397233));
#7347=CARTESIAN_POINT('',(0.090228734977875,0.00717369341746277,-0.00345920081095362));
#7348=CARTESIAN_POINT('',(0.0909960607027953,0.00676708930177224,-0.00226710908791146));
#7349=CARTESIAN_POINT('',(0.0908589709222092,0.0074704416390035,-0.00236290753428364));
#7350=CARTESIAN_POINT('',(0.0913661103124024,0.00735232144206993,-0.00290194563503045));
#7351=CARTESIAN_POINT('',(0.0915285463644393,0.0068999999820527,-0.00169138859463609));
#7352=CARTESIAN_POINT('',(0.0914975429482858,0.00752854474116995,-0.00175330057570096));
#7353=CARTESIAN_POINT('',(0.0920147746547566,0.0075,-0.00212268758863128));
#7354=CARTESIAN_POINT('',(0.0917589212508695,0.0069,-0.00123134328358206));
#7355=CARTESIAN_POINT('',(0.0917589212508695,0.0075,-0.00123134328358206));
#7356=CARTESIAN_POINT('',(0.0922954131601501,0.0075,-0.00149999999999996));
#7357=CARTESIAN_POINT('',(0.0863045868398499,0.0069,-0.00149999999999996));
#7358=CARTESIAN_POINT('',(0.0893,0.0069,0.));
#7359=CARTESIAN_POINT('',(0.0893,-0.0069,0.));
#7360=CARTESIAN_POINT('',(0.0863045868398499,-0.0069,0.00149999999999996));
#7361=CARTESIAN_POINT('',(0.0863045868398499,-0.0069,-0.00149999999999996));
#7362=CARTESIAN_POINT('',(0.0917589212508695,-0.0069,-0.00123134328358206));
#7363=CARTESIAN_POINT('',(0.0917589212508695,-0.0075,-0.00123134328358206));
#7364=CARTESIAN_POINT('',(0.0922954131601501,-0.0075,-0.00149999999999996));
#7365=CARTESIAN_POINT('',(0.091528479207717,-0.00689999998062954,-0.00169152270272264));
#7366=CARTESIAN_POINT('',(0.0914974649384334,-0.00752855325915909,-0.00175345635032769));
#7367=CARTESIAN_POINT('',(0.092014692843102,-0.0075,-0.00212286910725349));
#7368=CARTESIAN_POINT('',(0.0908239267998841,-0.00672012811364347,-0.00245724777082922));
#7369=CARTESIAN_POINT('',(0.0906129787658521,-0.00744835932426328,-0.00257905085062737));
#7370=CARTESIAN_POINT('',(0.0911564199246523,-0.00730014233842246,-0.00315930506613932));
#7371=CARTESIAN_POINT('',(0.0895565097511166,-0.00653849592825373,-0.00282207604627055));
#7372=CARTESIAN_POINT('',(0.0895238305321516,-0.00742634372815853,-0.00280016571450316));
#7373=CARTESIAN_POINT('',(0.0896124755142334,-0.00709832880996067,-0.00365311303209912));
#7374=CARTESIAN_POINT('',(0.0885376056148368,-0.00660632407518343,-0.00267881253951725));
#7375=CARTESIAN_POINT('',(0.088636895784421,-0.00743434715468038,-0.00269969235397094));
#7376=CARTESIAN_POINT('',(0.0883712650221255,-0.00717369341746277,-0.00345920081095322));
#7377=CARTESIAN_POINT('',(0.0876039392972045,-0.00676708930177224,-0.00226710908791084));
#7378=CARTESIAN_POINT('',(0.0877410290777891,-0.00747044163900744,-0.0023629075342873));
#7379=CARTESIAN_POINT('',(0.0872338896875938,-0.00735232144206993,-0.00290194563503178));
#7380=CARTESIAN_POINT('',(0.0870714536355621,-0.0068999999820527,-0.00169138859463882));
#7381=CARTESIAN_POINT('',(0.0871024570517279,-0.00752854474115371,-0.00175330057569499));
#7382=CARTESIAN_POINT('',(0.0865852253452608,-0.0075,-0.00212268758862585));
#7383=CARTESIAN_POINT('',(0.0868410787491305,-0.0069,-0.00123134328358206));
#7384=CARTESIAN_POINT('',(0.0868410787491305,-0.00750000000000001,-0.00123134328358205));
#7385=CARTESIAN_POINT('',(0.0863045868398499,-0.0075,-0.00149999999999996));
#7386=CARTESIAN_POINT('',(0.0922954131601501,-0.0069,-0.00149999999999996));
#7387=CARTESIAN_POINT('',(0.0868410787491305,-0.0069,0.00123134328358206));
#7388=CARTESIAN_POINT('',(0.0868410787491305,-0.00750000000000001,0.00123134328358205));
#7389=CARTESIAN_POINT('',(0.0863045868398499,-0.0075,0.00149999999999996));
#7390=CARTESIAN_POINT('',(0.0870715207922837,-0.00689999998062954,0.00169152270272407));
#7391=CARTESIAN_POINT('',(0.0871025350615894,-0.00752855325912889,0.00175345635031219));
#7392=CARTESIAN_POINT('',(0.086585307156911,-0.0075,0.00212286910723718));
#7393=CARTESIAN_POINT('',(0.0877760732001156,-0.00672012811364347,0.00245724777082856));
#7394=CARTESIAN_POINT('',(0.0879870212341466,-0.00744835932427836,0.00257905085064621));
#7395=CARTESIAN_POINT('',(0.0874435800753416,-0.00730014233842246,0.0031593050661472));
#7396=CARTESIAN_POINT('',(0.0890434902488835,-0.00653849592825372,0.00282207604627058));
#7397=CARTESIAN_POINT('',(0.0890761694678473,-0.00742634372815603,0.00280016571449941));
#7398=CARTESIAN_POINT('',(0.088987524485767,-0.00709832880996067,0.00365311303209783));
#7399=CARTESIAN_POINT('',(0.0900623943851631,-0.00660632407518343,0.00267881253951733));
#7400=CARTESIAN_POINT('',(0.0899631042155789,-0.00743434715468156,0.0026996923539727));
#7401=CARTESIAN_POINT('',(0.090228734977875,-0.00717369341746277,0.00345920081095397));
#7402=CARTESIAN_POINT('',(0.0909960607027958,-0.00676708930177224,0.0022671090879103));
#7403=CARTESIAN_POINT('',(0.0908589709222108,-0.00747044163900313,0.00236290753428184));
#7404=CARTESIAN_POINT('',(0.0913661103124024,-0.00735232144206993,0.00290194563502857));
#7405=CARTESIAN_POINT('',(0.0915285463644367,-0.0068999999820527,0.00169138859464125));
#7406=CARTESIAN_POINT('',(0.091497542948279,-0.00752854474117147,0.00175330057570825));
#7407=CARTESIAN_POINT('',(0.0920147746547566,-0.0075,0.00212268758863964));
#7408=CARTESIAN_POINT('',(0.0917589212508695,-0.0069,0.00123134328358206));
#7409=CARTESIAN_POINT('',(0.0917589212508695,-0.0075,0.00123134328358206));
#7410=CARTESIAN_POINT('',(0.0922954131601501,-0.0075,0.00149999999999996));
#7411=CARTESIAN_POINT('',(0.0922954131601501,-0.0069,0.00149999999999996));
#7412=CARTESIAN_POINT('',(0.0893,-0.0069,0.));
#7413=CARTESIAN_POINT('',(0.0893,0.0056,0.));
#7414=CARTESIAN_POINT('',(0.0893,-0.0056,0.));
#7415=CARTESIAN_POINT('',(-0.00364166158865256,0.00109999999989778,-0.00847117287069508));
#7416=CARTESIAN_POINT('',(0.0448348077530059,0.00109999999989777,0.00517635182233166));
#7417=CARTESIAN_POINT('',(0.0460848077530059,0.00109999999989777,0.00517635182233166));
#7418=CARTESIAN_POINT('',(0.067494807753006,0.00109999999989777,0.00517635182233166));
#7419=CARTESIAN_POINT('',(0.068744807753006,0.00109999999989777,0.00517635182233166));
#7420=CARTESIAN_POINT('',(0.0256348077530059,0.00109999999989777,-0.00518364817766835));
#7421=CARTESIAN_POINT('',(0.0268848077530059,0.00109999999989777,-0.00518364817766835));
#7422=CARTESIAN_POINT('',(0.0448348077530059,0.00109999999989777,-0.00518364817766834));
#7423=CARTESIAN_POINT('',(0.0460848077530059,0.00109999999989777,-0.00518364817766834));
#7424=CARTESIAN_POINT('',(0.067494807753006,0.00109999999989777,-0.00518364817766834));
#7425=CARTESIAN_POINT('',(0.068744807753006,0.00109999999989777,-0.00518364817766834));
#7426=CARTESIAN_POINT('',(0.0256348077530059,0.00109999999989777,0.00517635182233167));
#7427=CARTESIAN_POINT('',(0.0268848077530059,0.00109999999989777,0.00517635182233167));
#7428=CARTESIAN_POINT('',(0.0712272261098346,0.00109999999989846,-0.0085));
#7429=CARTESIAN_POINT('',(0.0709772261098346,0.00109999999989846,-0.0085));
#7430=CARTESIAN_POINT('',(0.0709772261098346,0.00109999999989853,0.00732635182233166));
#7431=CARTESIAN_POINT('',(0.0709848077530059,0.00109999999989859,0.00732635182233166));
#7432=CARTESIAN_POINT('',(0.0709848077530059,0.00109999999989859,0.00732635182233166));
#7433=CARTESIAN_POINT('',(0.00598480775300593,0.0010999999998986,0.00732635182233166));
#7434=CARTESIAN_POINT('',(0.00598480775300624,0.00109999999989771,0.00732635182233171));
#7435=CARTESIAN_POINT('',(0.0204905253451234,0.00109999999989862,-0.0106736481776683));
#7436=CARTESIAN_POINT('',(0.0204905253451234,0.0010999999998986,0.00446272240018785));
#7437=CARTESIAN_POINT('',(0.0204905253451234,0.00109999999989861,-0.00424164611118423));
#7438=CARTESIAN_POINT('',(0.0709848077530059,0.00109999999989861,-0.0042416461111842));
#7439=CARTESIAN_POINT('',(0.0169925005683175,0.00109999999989862,-0.0106736481776683));
#7440=CARTESIAN_POINT('',(0.0169925005683175,0.00109999999989861,-0.00650005578053804));
#7441=CARTESIAN_POINT('',(0.0709848077530059,0.00109999999989861,-0.00650005578053799));
#7442=CARTESIAN_POINT('',(0.00959122831775807,0.00109999999989861,4.80047574681688E-5));
#7443=CARTESIAN_POINT('',(0.00959122831775807,0.00109999999989861,4.80047574681688E-5));
#7444=CARTESIAN_POINT('',(0.0709848077530059,0.00109999999989859,0.00649994421946201));
#7445=CARTESIAN_POINT('',(0.0709848077530059,0.0010999999998986,0.00446272240018789));
#7446=CARTESIAN_POINT('',(0.0404215942443619,0.00109999999989862,-0.0106736481776683));
#7447=CARTESIAN_POINT('',(0.0404215942443619,0.0010999999998986,0.00446272240018785));
#7448=CARTESIAN_POINT('',(0.0404215942443619,0.00109999999989861,-0.00424164611118423));
#7449=CARTESIAN_POINT('',(0.0709848077530059,0.00109999999989861,-0.0042416461111842));
#7450=CARTESIAN_POINT('',(0.0369235694675561,0.00109999999989862,-0.0106736481776683));
#7451=CARTESIAN_POINT('',(0.0369235694675561,0.00109999999989861,-0.00650005578053804));
#7452=CARTESIAN_POINT('',(0.0709848077530059,0.00109999999989861,-0.006500055780538));
#7453=CARTESIAN_POINT('',(0.0295222971587322,0.00109999999989861,4.80047574681654E-5));
#7454=CARTESIAN_POINT('',(0.0295222971587322,0.00109999999989861,4.80047574681654E-5));
#7455=CARTESIAN_POINT('',(0.0709848077530059,0.00109999999989859,0.006499944219462));
#7456=CARTESIAN_POINT('',(0.0709848077530059,0.0010999999998986,0.00446272240018789));
#7457=CARTESIAN_POINT('',(0.0603526631436225,0.00109999999989862,-0.0106736481776683));
#7458=CARTESIAN_POINT('',(0.0603526631436225,0.0010999999998986,0.00446277818072583));
#7459=CARTESIAN_POINT('',(0.0603526631436225,0.00109999999989861,-0.00424159033064626));
#7460=CARTESIAN_POINT('',(0.0709848077530059,0.00109999999989861,-0.00424159033064625));
#7461=CARTESIAN_POINT('',(0.0568546383668167,0.00109999999989862,-0.0106736481776683));
#7462=CARTESIAN_POINT('',(0.0568546383668167,0.00109999999989861,-0.0065));
#7463=CARTESIAN_POINT('',(0.0709848077530059,0.00109999999989861,-0.0065));
#7464=CARTESIAN_POINT('',(0.0494533660579906,0.0010999999998986,4.80605380061439E-5));
#7465=CARTESIAN_POINT('',(0.0494533660579906,0.0010999999998986,4.80605380061439E-5));
#7466=CARTESIAN_POINT('',(0.0709848077530059,0.00109999999989859,0.0065));
#7467=CARTESIAN_POINT('',(0.0709848077530059,0.0010999999998986,0.00446277818072584));
#7468=CARTESIAN_POINT('',(-0.00364166158865256,0.000499999999897776,-0.00847117287069508));
#7469=CARTESIAN_POINT('',(0.00598480775300624,0.000499999999897715,0.00732635182233171));
#7470=CARTESIAN_POINT('',(0.00598480775300593,0.000499999999898597,0.00732635182233166));
#7471=CARTESIAN_POINT('',(0.0709848077530059,0.000499999999898592,0.00732635182233166));
#7472=CARTESIAN_POINT('',(0.0709848077530059,0.000499999999898592,0.00732635182233166));
#7473=CARTESIAN_POINT('',(0.0709772261098346,0.000499999999898107,0.00732635182233166));
#7474=CARTESIAN_POINT('',(0.0709772261098346,0.000499999999897622,-0.0075));
#7475=CARTESIAN_POINT('',(0.0712272261098346,0.000499999999898461,-0.0085));
#7476=CARTESIAN_POINT('',(0.0586419269388696,0.000499999999898619,-0.0106736481776684));
#7477=CARTESIAN_POINT('',(0.0586419269388695,0.000499999999898596,0.00421277818072583));
#7478=CARTESIAN_POINT('',(0.0490166790314346,0.000499999999898604,-6.76542155630955E-17));
#7479=CARTESIAN_POINT('',(0.0513610644742371,0.00049999999989862,-0.0106736481776683));
#7480=CARTESIAN_POINT('',(0.0513610644742371,0.00049999999989862,-0.0106736481776683));
#7481=CARTESIAN_POINT('',(0.0490166790314346,0.000499999999898605,-0.000361724532970658));
#7482=CARTESIAN_POINT('',(0.0586419269388695,0.000499999999898607,-0.00399159033064626));
#7483=CARTESIAN_POINT('',(0.0586419269388696,0.000499999999898619,-0.0106736481776684));
#7484=CARTESIAN_POINT('',(0.0387108580396112,0.000499999999898621,-0.0106736481776685));
#7485=CARTESIAN_POINT('',(0.0314299955749765,0.000499999999898621,-0.0106736481776683));
#7486=CARTESIAN_POINT('',(0.0314299955749765,0.000499999999898621,-0.0106736481776683));
#7487=CARTESIAN_POINT('',(0.0290856101321762,0.000499999999898607,-0.000361780313508637));
#7488=CARTESIAN_POINT('',(0.0387108580396112,0.000499999999898608,-0.00399164611118423));
#7489=CARTESIAN_POINT('',(0.0387108580396112,0.000499999999898621,-0.0106736481776685));
#7490=CARTESIAN_POINT('',(0.018779789198636,0.000499999999898622,-0.0106736481776685));
#7491=CARTESIAN_POINT('',(0.0187797891986359,0.000499999999898601,0.00421272240018785));
#7492=CARTESIAN_POINT('',(0.00915454129120217,0.000499999999898608,-5.57805380427268E-8));
#7493=CARTESIAN_POINT('',(0.0114989266757376,0.000499999999898623,-0.0106736481776683));
#7494=CARTESIAN_POINT('',(0.010356238581981,0.000499999999898623,-0.0106736481776683));
#7495=CARTESIAN_POINT('',(0.0114989266757376,0.000499999999898623,-0.0106736481776683));
#7496=CARTESIAN_POINT('',(0.00915454129120217,0.000499999999898608,-0.000361780313508633));
#7497=CARTESIAN_POINT('',(0.0187797891986359,0.000499999999898613,-0.00399164611118423));
#7498=CARTESIAN_POINT('',(0.018779789198636,0.000499999999898622,-0.0106736481776685));
#7499=CARTESIAN_POINT('',(0.00598480775300624,0.000499999999897715,0.00732635182233171));
#7500=CARTESIAN_POINT('',(0.00598480775300624,0.000499999999897715,0.00732635182233171));
#7501=CARTESIAN_POINT('',(0.0709772261098346,0.00109999999989846,-0.0085));
#7502=CARTESIAN_POINT('',(0.0709772261098346,0.00109999999989846,0.00732635182233166));
#7503=CARTESIAN_POINT('',(0.0712272261098346,0.00109999999989846,-0.0085));
#7504=CARTESIAN_POINT('',(0.0138977391458586,0.0033442393618874,-5.57805380302992E-8));
#7505=CARTESIAN_POINT('',(0.0164433878642751,-0.000901013587281157,0.00421272240018785));
#7506=CARTESIAN_POINT('',(0.0537598769289192,0.00334423938763414,-6.49593771691482E-17));
#7507=CARTESIAN_POINT('',(0.0563055256473354,-0.000901013561534603,0.00421277818072582));
#7508=CARTESIAN_POINT('',(0.0151841794334854,0.00411564806443786,0.00649994421946197));
#7509=CARTESIAN_POINT('',(0.0351152483172861,0.00411564809018354,0.00649994421946195));
#7510=CARTESIAN_POINT('',(0.0550463172165461,0.00411564809018451,0.00649999999999993));
#7511=CARTESIAN_POINT('',(0.0387416861831403,0.0124700705902601,0.00849994421946198));
#7512=CARTESIAN_POINT('',(0.0203027087271556,0.00141321252037022,0.00849994421946197));
#7513=CARTESIAN_POINT('',(0.0138977391458586,0.0033442393618874,-0.000361780313508622));
#7514=CARTESIAN_POINT('',(0.0164433878642751,-0.00090101358728116,-0.00399164611118423));
#7515=CARTESIAN_POINT('',(0.0329130118360781,0.0212180163694645,-0.00650005578053802));
#7516=CARTESIAN_POINT('',(0.0338288080296592,0.00334423938763317,-0.000361780313508637));
#7517=CARTESIAN_POINT('',(0.0363744567480754,-0.000901013561535583,-0.00399164611118424));
#7518=CARTESIAN_POINT('',(0.0537598769289192,0.00334423938763414,-0.000361724532970656));
#7519=CARTESIAN_POINT('',(0.0563055256473354,-0.000901013561534606,-0.00399159033064626));
#7520=CARTESIAN_POINT('',(0.0786038239662016,0.012470070616005,0.0085));
#7521=CARTESIAN_POINT('',(0.0601648465102161,0.00141321254611648,0.0085));
#7522=CARTESIAN_POINT('',(0.0151841794334854,0.00411564806443786,-0.00650005578053803));
#7523=CARTESIAN_POINT('',(0.0151841794334854,0.00411564806443786,-0.00650005578053803));
#7524=CARTESIAN_POINT('',(0.0151841794334854,0.00411564806443786,-5.57805380294873E-8));
#7525=CARTESIAN_POINT('',(0.0108788926042276,0.00153400027323564,-5.57805380773071E-8));
#7526=CARTESIAN_POINT('',(0.0308099614880281,0.00153400029898164,-5.57805380927687E-8));
#7527=CARTESIAN_POINT('',(0.0323701196258341,-0.0010677985618658,-1.46907866513212E-17));
#7528=CARTESIAN_POINT('',(0.0351152483172861,0.00411564809018353,-0.00650005578053805));
#7529=CARTESIAN_POINT('',(0.0351152483172861,0.00411564809018353,-0.00650005578053805));
#7530=CARTESIAN_POINT('',(0.0351152483172861,0.00411564809018353,-5.57805380445309E-8));
#7531=CARTESIAN_POINT('',(0.0507410303872881,0.00153400029898261,-1.12207849176892E-16));
#7532=CARTESIAN_POINT('',(0.0523011885250947,-0.0010677985618658,-1.46907866513212E-17));
#7533=CARTESIAN_POINT('',(0.0550463172165462,0.0041156480901845,-0.0065));
#7534=CARTESIAN_POINT('',(0.0550463172165462,0.0041156480901845,-0.0065));
#7535=CARTESIAN_POINT('',(0.0550463172165461,0.0041156480901845,-6.40450327235459E-17));
#7536=CARTESIAN_POINT('',(0.0203027087271556,0.00141321252037022,-5.57805380254937E-8));
#7537=CARTESIAN_POINT('',(0.0203027087271556,0.00141321252037022,-5.57805380254937E-8));
#7538=CARTESIAN_POINT('',(0.0177570600087391,0.00565846546953878,-0.00424164611118423));
#7539=CARTESIAN_POINT('',(0.0177570600087391,0.00565846546953878,-0.00424164611118423));
#7540=CARTESIAN_POINT('',(0.0177570600087391,0.00565846546953878,0.00446272240018785));
#7541=CARTESIAN_POINT('',(0.0177570600087391,0.00565846546953878,0.00446272240018785));
#7542=CARTESIAN_POINT('',(0.0177570600087391,0.00565846546953878,-5.57805380278636E-8));
#7543=CARTESIAN_POINT('',(0.00988927926715167,0.00127872504317721,4.80047574681771E-5));
#7544=CARTESIAN_POINT('',(0.00988927926715167,0.00127872504317721,4.80047574681771E-5));
#7545=CARTESIAN_POINT('',(0.0402337776109561,0.0014132125461155,-5.57805380378487E-8));
#7546=CARTESIAN_POINT('',(0.0402337776109561,0.0014132125461155,-5.57805380378487E-8));
#7547=CARTESIAN_POINT('',(0.0376881288925399,0.00565846549528425,-0.00424164611118424));
#7548=CARTESIAN_POINT('',(0.0376881288925399,0.00565846549528425,-0.00424164611118424));
#7549=CARTESIAN_POINT('',(0.0376881288925399,0.00565846549528425,0.00446272240018784));
#7550=CARTESIAN_POINT('',(0.0376881288925399,0.00565846549528425,0.00446272240018784));
#7551=CARTESIAN_POINT('',(0.0376881288925399,0.00565846549528425,-5.57805380426574E-8));
#7552=CARTESIAN_POINT('',(0.0298203481509522,0.00127872506892329,4.80047574681614E-5));
#7553=CARTESIAN_POINT('',(0.0601648465102161,0.00141321254611648,-5.84321157683863E-17));
#7554=CARTESIAN_POINT('',(0.0601648465102161,0.00141321254611648,-5.84321157683863E-17));
#7555=CARTESIAN_POINT('',(0.0576191977917999,0.00565846549528523,-0.00424159033064626));
#7556=CARTESIAN_POINT('',(0.0576191977917999,0.00565846549528523,-0.00424159033064626));
#7557=CARTESIAN_POINT('',(0.0576191977917999,0.00565846549528523,0.00446277818072582));
#7558=CARTESIAN_POINT('',(0.0576191977917999,0.00565846549528523,0.00446277818072582));
#7559=CARTESIAN_POINT('',(0.0576191977917999,0.00565846549528523,-6.22163438323413E-17));
#7560=CARTESIAN_POINT('',(0.0497514170502122,0.00127872506892426,4.8060538006142E-5));
#7561=CARTESIAN_POINT('',(0.0709848077530059,0.000499999999898592,0.00732635182233166));
#7562=CARTESIAN_POINT('',(0.0709848077530059,0.000499999999898592,0.00732635182233166));
#7563=CARTESIAN_POINT('',(0.0448348077530059,0.0040999999998986,0.00517635182233166));
#7564=CARTESIAN_POINT('',(0.0448348077530059,0.00409999999989777,0.00517635182233166));
#7565=CARTESIAN_POINT('',(0.067494807753006,0.00409999999989777,-0.00518364817766834));
#7566=CARTESIAN_POINT('',(0.067494807753006,0.00409999999989777,-0.00518364817766834));
#7567=CARTESIAN_POINT('',(0.068744807753006,0.00409999999989777,-0.00518364817766834));
#7568=CARTESIAN_POINT('',(0.0448348077530059,0.00409999999989777,-0.00518364817766834));
#7569=CARTESIAN_POINT('',(0.0448348077530059,0.00409999999989777,-0.00518364817766834));
#7570=CARTESIAN_POINT('',(0.0256348077530059,0.00409999999989777,-0.00518364817766835));
#7571=CARTESIAN_POINT('',(0.0256348077530059,0.00409999999989777,-0.00518364817766835));
#7572=CARTESIAN_POINT('',(0.0268848077530059,0.00409999999989777,-0.00518364817766835));
#7573=CARTESIAN_POINT('',(0.0256348077530059,0.00409999999989777,0.00517635182233167));
#7574=CARTESIAN_POINT('',(0.0256348077530059,0.00409999999989777,0.00517635182233167));
#7575=CARTESIAN_POINT('',(0.0268848077530059,0.00409999999989777,0.00517635182233167));
#7576=CARTESIAN_POINT('',(0.0448348077530059,0.00409999999989777,0.00517635182233166));
#7577=CARTESIAN_POINT('',(0.067494807753006,0.00409999999989777,0.00517635182233166));
#7578=CARTESIAN_POINT('',(0.067494807753006,0.00409999999989777,0.00517635182233166));
#7579=CARTESIAN_POINT('',(0.068744807753006,0.00409999999989777,0.00517635182233166));
#7580=CARTESIAN_POINT('',(0.067494807753006,0.00409999999989861,-0.00518364817766834));
#7581=CARTESIAN_POINT('',(0.0448348077530059,0.00409999999989861,-0.00518364817766834));
#7582=CARTESIAN_POINT('',(0.0256348077530059,0.00409999999989861,-0.00518364817766835));
#7583=CARTESIAN_POINT('',(0.0256348077530059,0.0040999999998986,0.00517635182233167));
#7584=CARTESIAN_POINT('',(0.067494807753006,0.0040999999998986,0.00517635182233166));
#7585=CARTESIAN_POINT('',(-3.00462919747432E-18,0.0025,-0.009));
#7586=CARTESIAN_POINT('',(0.0758,0.0025,-0.009));
#7587=CARTESIAN_POINT('',(-3.00462919747432E-18,-0.0025,-0.009));
#7588=CARTESIAN_POINT('',(0.0758,-0.0025,-0.009));
#7589=CARTESIAN_POINT('',(0.0758,0.004,-0.009));
#7590=CARTESIAN_POINT('',(0.0758,-0.0025,-0.009));
#7591=CARTESIAN_POINT('',(0.0758,0.0025,-0.009));
#7592=CARTESIAN_POINT('',(-3.00462919747432E-18,0.0025,0.009));
#7593=CARTESIAN_POINT('',(0.0758,0.0025,0.009));
#7594=CARTESIAN_POINT('',(0.0758,0.004,0.009));
#7595=CARTESIAN_POINT('',(0.0743,0.004,0.009));
#7596=CARTESIAN_POINT('',(0.0743,-0.0025,0.009));
#7597=CARTESIAN_POINT('',(0.0743,0.0025,0.009));
#7598=CARTESIAN_POINT('',(0.0758,-0.0025,0.009));
#7599=CARTESIAN_POINT('',(0.0758,0.0025,0.009));
#7600=CARTESIAN_POINT('',(-3.00462919747432E-18,-0.0025,0.009));
#7601=CARTESIAN_POINT('',(0.0758,-0.0025,0.009));
#7602=CARTESIAN_POINT('',(0.0728,0.004,0.009));
#7603=CARTESIAN_POINT('',(0.0728,-0.0025,0.009));
#7604=CARTESIAN_POINT('',(0.0728,0.0025,0.009));
#7605=CARTESIAN_POINT('',(0.0738971942466774,0.0025,0.00797717802865893));
#7606=CARTESIAN_POINT('',(0.0738971942466774,0.0025,0.00797717802865893));
#7607=CARTESIAN_POINT('',(0.073600243411148,0.0025,0.00765863505889683));
#7608=CARTESIAN_POINT('',(0.0732323672536843,0.00284275995754386,0.0075));
#7609=CARTESIAN_POINT('',(0.0728,0.00284275995754386,0.0075));
#7610=CARTESIAN_POINT('',(0.0758,-0.0025,-0.009));
#7611=CARTESIAN_POINT('',(0.0758,-0.0025,-0.009));
#7612=CARTESIAN_POINT('',(0.0758,-0.0025,0.));
#7613=CARTESIAN_POINT('',(0.0758,-0.0025,-0.0077));
#7614=CARTESIAN_POINT('',(0.0758,0.0025,-0.009));
#7615=CARTESIAN_POINT('',(0.0758,-0.0025,0.009));
#7616=CARTESIAN_POINT('',(0.0758,-0.0025,0.009));
#7617=CARTESIAN_POINT('',(0.0728,-0.0025,0.009));
#7618=CARTESIAN_POINT('',(0.0758,0.0025,0.009));
#7619=CARTESIAN_POINT('',(0.0758,0.0025,0.009));
#7620=CARTESIAN_POINT('',(0.0728,0.0025,0.009));
#7621=CARTESIAN_POINT('',(0.0749943884933548,0.0025,0.00695435605731787));
#7622=CARTESIAN_POINT('',(0.0728,0.00284275995754523,0.0075));
#7623=CARTESIAN_POINT('',(0.0728,0.0035500167789451,0.0075));
#7624=CARTESIAN_POINT('',(0.0728,0.004,0.00695435605731786));
#7625=CARTESIAN_POINT('',(0.0730076451599825,0.00284275996326748,0.0075));
#7626=CARTESIAN_POINT('',(0.0730883863113736,0.00355001677848661,0.00749999999381346));
#7627=CARTESIAN_POINT('',(0.0732152903199735,0.00399999999999993,0.00695435605731795));
#7628=CARTESIAN_POINT('',(0.073416236220371,0.00268057466421642,0.00758705522246124));
#7629=CARTESIAN_POINT('',(0.0736930560473515,0.00353856081023627,0.00768526705460504));
#7630=CARTESIAN_POINT('',(0.0740324724439145,0.00400000000000004,0.00695435605731781));
#7631=CARTESIAN_POINT('',(0.0737550408111194,0.0025000000554861,0.00782468821517245));
#7632=CARTESIAN_POINT('',(0.0739065100480635,0.00380552124881538,0.00798717105673413));
#7633=CARTESIAN_POINT('',(0.0747100816158853,0.004,0.00695435605731786));
#7634=CARTESIAN_POINT('',(0.0738971942466774,0.0025,0.00797717802865893));
#7635=CARTESIAN_POINT('',(0.0738971942466774,0.00400000000000001,0.00797717802865893));
#7636=CARTESIAN_POINT('',(0.0749943884933548,0.004,0.00695435605731786));
#7637=CARTESIAN_POINT('',(0.0728,0.00284275995754523,0.006));
#7638=CARTESIAN_POINT('',(0.0968,0.00284275995754523,0.006));
#7639=CARTESIAN_POINT('',(0.0711851660734216,0.00737706611570701,-0.000426577866204592));
#7640=CARTESIAN_POINT('',(0.0711851660734216,0.00737706611570701,-0.000426577866204592));
#7641=CARTESIAN_POINT('',(0.0711851660734216,0.00737706611570701,0.000350826964195625));
#7642=CARTESIAN_POINT('',(0.0711851660734216,0.00437706611570701,0.000350826964195625));
#7643=CARTESIAN_POINT('',(0.0711851660734216,0.00663423474732047,0.00232698226387736));
#7644=CARTESIAN_POINT('',(0.0716596520505631,0.00707124488667327,0.00270958544682138));
#7645=CARTESIAN_POINT('',(0.0711851660734216,0.00437706611570701,-0.000426577866204564));
#7646=CARTESIAN_POINT('',(0.0711851660734216,0.00667179971005813,-0.00235898510355295));
#7647=CARTESIAN_POINT('',(0.0716596520505631,0.00711608279719642,-0.00273311822956416));
#7648=CARTESIAN_POINT('',(0.0750995239013166,0.00266588956542202,0.00692980658999884));
#7649=CARTESIAN_POINT('',(0.0750995239013168,0.0026658895654221,0.00692980658999873));
#7650=CARTESIAN_POINT('',(0.0751972049386515,0.00340904053256151,0.00695598014506838));
#7651=CARTESIAN_POINT('',(0.0761851504815353,0.00596629153893255,-0.00321616131496369));
#7652=CARTESIAN_POINT('',(0.0750716944494371,0.0028243606932998,-0.00694288725415555));
#7653=CARTESIAN_POINT('',(0.0751762334259816,0.0035668056168318,-0.00696151889135121));
#7654=CARTESIAN_POINT('',(0.0711851660734216,0.00595674029340169,-0.00320811816083244));
#7655=CARTESIAN_POINT('',(0.0716596520505631,0.00640102338053999,-0.00358225128684365));
#7656=CARTESIAN_POINT('',(0.0741923135362779,0.00305257961812254,-0.0075));
#7657=CARTESIAN_POINT('',(0.0741854943050443,0.00303337147017831,-0.00750070098078758));
#7658=CARTESIAN_POINT('',(0.0741791600155847,0.00301381288403993,-0.00750071407531821));
#7659=CARTESIAN_POINT('',(0.0741733472251151,0.00299396432053278,-0.00750000000000001));
#7660=CARTESIAN_POINT('',(0.095365836428547,-0.00012293388429299,-0.010521481246845));
#7661=CARTESIAN_POINT('',(0.0711851660734216,0.0059567402934017,-0.00320811816083247));
#7662=CARTESIAN_POINT('',(0.0711851660734216,0.00663423474732046,0.00232698226387737));
#7663=CARTESIAN_POINT('',(0.0711851660734216,0.00584616832264575,0.00322711334855984));
#7664=CARTESIAN_POINT('',(0.0716596520505631,0.00628317846199856,0.00360971653150385));
#7665=CARTESIAN_POINT('',(0.0761848174914123,0.00589058925465935,0.00326600395645948));
#7666=CARTESIAN_POINT('',(0.08325,0.004,0.00605));
#7667=CARTESIAN_POINT('',(0.08325,0.,-0.00605));
#7668=CARTESIAN_POINT('',(0.0758,-0.0025,-0.0077));
#7669=CARTESIAN_POINT('',(0.0741,-0.0025,-0.0077));
#7670=CARTESIAN_POINT('',(0.0741,-0.00149999999999996,-0.0077));
#7671=CARTESIAN_POINT('',(0.0741,0.0025,-0.0077));
#7672=CARTESIAN_POINT('',(0.0758,0.0025,-0.0077));
#7673=CARTESIAN_POINT('',(-0.00385704351275227,-0.0010677985618658,-1.46907866513212E-17));
#7674=CARTESIAN_POINT('',(-0.00385704351275227,-0.0010677985618658,-1.46907866513212E-17));
#7675=CARTESIAN_POINT('',(-0.00385704351275227,-0.0010677985618658,-1.46907866513212E-17));
#7676=CARTESIAN_POINT('',(-0.00385704351275227,-0.0010677985618658,-1.46907866513212E-17));
#7677=CARTESIAN_POINT('',(0.0722322569849501,-0.00106779856186553,0.));
#7678=CARTESIAN_POINT('',(-0.00385704351275182,-0.00106779856186553,0.));
#7679=CARTESIAN_POINT('',(0.0722322569849501,-0.00106779856186553,0.));
#7680=MECHANICAL_DESIGN_GEOMETRIC_PRESENTATION_REPRESENTATION('',(#4363),
#7681);
#7681=(
GEOMETRIC_REPRESENTATION_CONTEXT(3)
GLOBAL_UNCERTAINTY_ASSIGNED_CONTEXT((#7682))
GLOBAL_UNIT_ASSIGNED_CONTEXT((#7685,#7684,#7683))
REPRESENTATION_CONTEXT('Base Bone 1.2_V02_middlefinger',
'TOP_LEVEL_ASSEMBLY_PART')
);
#7682=UNCERTAINTY_MEASURE_WITH_UNIT(LENGTH_MEASURE(2.E-5),#7685,
'DISTANCE_ACCURACY_VALUE','Maximum Tolerance applied to model');
#7683=(
NAMED_UNIT(*)
SI_UNIT($,.STERADIAN.)
SOLID_ANGLE_UNIT()
);
#7684=(
NAMED_UNIT(*)
PLANE_ANGLE_UNIT()
SI_UNIT($,.RADIAN.)
);
#7685=(
LENGTH_UNIT()
NAMED_UNIT(*)
SI_UNIT($,.METRE.)
);
#7686=PRODUCT_DEFINITION_SHAPE('','',#7687);
#7687=PRODUCT_DEFINITION('','',#7689,#7688);
#7688=PRODUCT_DEFINITION_CONTEXT('',#7695,'design');
#7689=PRODUCT_DEFINITION_FORMATION_WITH_SPECIFIED_SOURCE('','',#7691,
 .NOT_KNOWN.);
#7690=PRODUCT_RELATED_PRODUCT_CATEGORY('','',(#7691));
#7691=PRODUCT('Base Bone 1.2_V02_middlefinger',
'Base Bone 1.2_V02_middlefinger','Base Bone 1.2_V02_middlefinger',(#7693));
#7692=PRODUCT_CATEGORY('','');
#7693=PRODUCT_CONTEXT('',#7695,'mechanical');
#7694=APPLICATION_PROTOCOL_DEFINITION('international standard',
'ap242_managed_model_based_3d_engineering',2020,#7695);
#7695=APPLICATION_CONTEXT('managed model based 3d engineering');
ENDSEC;
END-ISO-10303-21;
