ISO-10303-21;
HEADER;
/* Generated by software containing ST-Developer
 * from STEP Tools, Inc. (www.steptools.com) 
 */
/* OPTION: using custom renumber hook */

FILE_DESCRIPTION(
/* description */ ('STEP AP242 Edition 2',
'CAx-IF Rec.Pracs.---Representation and Presentation of Product Manufa
cturing Information (PMI)---4.0---2014-10-13',
'CAx-IF Rec.Pracs.---3D Tessellated Geometry---0.4---2014-09-14','2;1',
'CAx-IF Rec.Pracs.---User Defined Attributes---1.5---2016-08-15'),
/* implementation_level */ '2;1');

FILE_NAME(
/* name */ 
'Robotic Hand_V5_simulacra - Base Bone 1.2_V02_pointerfinger_and_thumb
_attachment',
/* time_stamp */ '2026-09-25T22:15:30Z',
/* author */ (''),
/* organization */ (''),
/* preprocessor_version */ 'ST-DEVELOPER v20',
/* originating_system */ 'ONSHAPE BY PTC INC, 1.221',
/* authorisation */ '  ');

FILE_SCHEMA (('AP242_MANAGED_MODEL_BASED_3D_ENGINEERING_MIM_LF { 1 0 10303 442 3 1 4 }'));
ENDSEC;

DATA;
#10=SHAPE_REPRESENTATION_RELATIONSHIP('','',#5480,#11);
#11=ADVANCED_BREP_SHAPE_REPRESENTATION('',(#5478),#9750);
#12=TOROIDAL_SURFACE('',#5687,0.00335,0.0006);
#13=TOROIDAL_SURFACE('',#5689,0.00335,0.0006);
#14=TOROIDAL_SURFACE('',#5691,0.00335,0.0006);
#15=TOROIDAL_SURFACE('',#5694,0.00335,0.0006);
#16=TOROIDAL_SURFACE('',#5696,0.00335,0.0006);
#17=TOROIDAL_SURFACE('',#5698,0.00335,0.0006);
#18=TOROIDAL_SURFACE('',#5896,0.003,0.0015);
#19=TOROIDAL_SURFACE('',#5902,0.003,0.0015);
#20=TOROIDAL_SURFACE('',#5909,0.003,0.00075);
#21=TOROIDAL_SURFACE('',#5911,0.003,0.00075);
#22=TOROIDAL_SURFACE('',#5917,0.005,0.00075);
#23=TOROIDAL_SURFACE('',#5922,0.005,0.00075);
#24=(
BOUNDED_SURFACE()
B_SPLINE_SURFACE(3,2,((#8493,#8494,#8495),(#8496,#8497,#8498),(#8499,#8500,
#8501),(#8502,#8503,#8504)),.UNSPECIFIED.,.F.,.F.,.F.)
B_SPLINE_SURFACE_WITH_KNOTS((4,4),(3,3),(0.610354331727886,0.729836077990637),
(0.,1.),.PIECEWISE_BEZIER_KNOTS.)
GEOMETRIC_REPRESENTATION_ITEM()
RATIONAL_B_SPLINE_SURFACE(((1.,0.842319230167625,1.),(1.,0.88263665550137,
1.),(1.,0.913481416939189,1.),(1.,0.936050071151399,1.)))
REPRESENTATION_ITEM('')
SURFACE()
);
#25=(
BOUNDED_SURFACE()
B_SPLINE_SURFACE(3,2,((#8510,#8511,#8512),(#8513,#8514,#8515),(#8516,#8517,
#8518),(#8519,#8520,#8521)),.UNSPECIFIED.,.F.,.F.,.F.)
B_SPLINE_SURFACE_WITH_KNOTS((4,4),(3,3),(0.226085607866382,0.355287542431998),
(0.,1.),.PIECEWISE_BEZIER_KNOTS.)
GEOMETRIC_REPRESENTATION_ITEM()
RATIONAL_B_SPLINE_SURFACE(((1.,0.936068193829123,1.),(1.,0.911486834849718,
1.),(1.,0.879362878039139,1.),(1.,0.842378032067377,1.)))
REPRESENTATION_ITEM('')
SURFACE()
);
#26=(
BOUNDED_SURFACE()
B_SPLINE_SURFACE(3,2,((#8527,#8528,#8529),(#8530,#8531,#8532),(#8533,#8534,
#8535),(#8536,#8537,#8538)),.UNSPECIFIED.,.F.,.F.,.F.)
B_SPLINE_SURFACE_WITH_KNOTS((4,4),(3,3),(0.610354548887093,0.729799667630512),
(0.,1.),.PIECEWISE_BEZIER_KNOTS.)
GEOMETRIC_REPRESENTATION_ITEM()
RATIONAL_B_SPLINE_SURFACE(((1.,0.84231944999944,1.),(1.,0.882624482540022,
1.),(1.,0.913462804523678,1.),(1.,0.936029436483959,1.)))
REPRESENTATION_ITEM('')
SURFACE()
);
#27=(
BOUNDED_SURFACE()
B_SPLINE_SURFACE(3,2,((#8544,#8545,#8546),(#8547,#8548,#8549),(#8550,#8551,
#8552),(#8553,#8554,#8555)),.UNSPECIFIED.,.F.,.F.,.F.)
B_SPLINE_SURFACE_WITH_KNOTS((4,4),(3,3),(0.226222440914816,0.355286726330878),
(0.,1.),.PIECEWISE_BEZIER_KNOTS.)
GEOMETRIC_REPRESENTATION_ITEM()
RATIONAL_B_SPLINE_SURFACE(((1.,0.935990069501902,1.),(1.,0.911419385788793,
1.),(1.,0.879324116823928,1.),(1.,0.842378732908646,1.)))
REPRESENTATION_ITEM('')
SURFACE()
);
#28=(
BOUNDED_SURFACE()
B_SPLINE_SURFACE(3,2,((#8607,#8608,#8609),(#8610,#8611,#8612),(#8613,#8614,
#8615),(#8616,#8617,#8618),(#8619,#8620,#8621),(#8622,#8623,#8624),(#8625,
#8626,#8627),(#8628,#8629,#8630)),.UNSPECIFIED.,.F.,.F.,.F.)
B_SPLINE_SURFACE_WITH_KNOTS((4,1,1,1,1,4),(3,3),(-1.7130394325271E-17,0.00185157732242068,
0.00370315464484138,0.00462894330605173,0.00555473196726208,0.00740630928968279),
(0.,1.),.UNSPECIFIED.)
GEOMETRIC_REPRESENTATION_ITEM()
RATIONAL_B_SPLINE_SURFACE(((1.,0.707106781186541,1.),(1.,0.690672637072287,
1.),(1.,0.622786465482223,1.),(1.,0.561533643619182,1.),(1.,0.584662924642745,
1.),(1.,0.640257119166136,1.),(1.,0.690677426664502,1.),(1.,0.707106781186549,
1.)))
REPRESENTATION_ITEM('')
SURFACE()
);
#29=(
BOUNDED_SURFACE()
B_SPLINE_SURFACE(3,2,((#8637,#8638,#8639),(#8640,#8641,#8642),(#8643,#8644,
#8645),(#8646,#8647,#8648),(#8649,#8650,#8651),(#8652,#8653,#8654),(#8655,
#8656,#8657),(#8658,#8659,#8660)),.UNSPECIFIED.,.F.,.F.,.F.)
B_SPLINE_SURFACE_WITH_KNOTS((4,1,1,1,1,4),(3,3),(-1.30104260698261E-17,
0.00185157732242068,0.00370315464484138,0.00462894330605173,0.00555473196726208,
0.00740630928968278),(0.,1.),.UNSPECIFIED.)
GEOMETRIC_REPRESENTATION_ITEM()
RATIONAL_B_SPLINE_SURFACE(((1.,0.707106781186549,1.),(1.,0.690672637055798,
1.),(1.,0.622786465490141,1.),(1.,0.561533643617992,1.),(1.,0.584662924643307,
1.),(1.,0.640257119163981,1.),(1.,0.690677426673645,1.),(1.,0.707106781186542,
1.)))
REPRESENTATION_ITEM('')
SURFACE()
);
#30=(
BOUNDED_SURFACE()
B_SPLINE_SURFACE(3,2,((#8662,#8663,#8664),(#8665,#8666,#8667),(#8668,#8669,
#8670),(#8671,#8672,#8673),(#8674,#8675,#8676),(#8677,#8678,#8679),(#8680,
#8681,#8682),(#8683,#8684,#8685)),.UNSPECIFIED.,.F.,.F.,.F.)
B_SPLINE_SURFACE_WITH_KNOTS((4,1,1,1,1,4),(3,3),(-1.21430643318376E-17,
0.00185157732242068,0.00370315464484138,0.00462894330605173,0.00555473196726207,
0.00740630928968277),(0.,1.),.UNSPECIFIED.)
GEOMETRIC_REPRESENTATION_ITEM()
RATIONAL_B_SPLINE_SURFACE(((1.,0.707106781186549,1.),(1.,0.690672637055798,
1.),(1.,0.622786465490142,1.),(1.,0.561533643617988,1.),(1.,0.584662924643313,
1.),(1.,0.640257119163949,1.),(1.,0.690677426673784,1.),(1.,0.707106781186541,
1.)))
REPRESENTATION_ITEM('')
SURFACE()
);
#31=(
BOUNDED_SURFACE()
B_SPLINE_SURFACE(3,2,((#8692,#8693,#8694),(#8695,#8696,#8697),(#8698,#8699,
#8700),(#8701,#8702,#8703),(#8704,#8705,#8706),(#8707,#8708,#8709),(#8710,
#8711,#8712),(#8713,#8714,#8715)),.UNSPECIFIED.,.F.,.F.,.F.)
B_SPLINE_SURFACE_WITH_KNOTS((4,1,1,1,1,4),(3,3),(-1.77809156287623E-17,
0.00185157732242068,0.00370315464484138,0.00462894330605173,0.00555473196726208,
0.00740630928968278),(0.,1.),.UNSPECIFIED.)
GEOMETRIC_REPRESENTATION_ITEM()
RATIONAL_B_SPLINE_SURFACE(((1.,0.707106781186541,1.),(1.,0.690672637072287,
1.),(1.,0.622786465482222,1.),(1.,0.561533643619186,1.),(1.,0.584662924642739,
1.),(1.,0.640257119166168,1.),(1.,0.690677426664363,1.),(1.,0.707106781186549,
1.)))
REPRESENTATION_ITEM('')
SURFACE()
);
#32=(
BOUNDED_SURFACE()
B_SPLINE_SURFACE(3,2,((#9289,#9290,#9291),(#9292,#9293,#9294),(#9295,#9296,
#9297),(#9298,#9299,#9300),(#9301,#9302,#9303)),.UNSPECIFIED.,.F.,.F.,.F.)
B_SPLINE_SURFACE_WITH_KNOTS((4,1,4),(3,3),(0.00312583649862103,0.00436568632676643,
0.00560553615491183),(0.,1.),.UNSPECIFIED.)
GEOMETRIC_REPRESENTATION_ITEM()
RATIONAL_B_SPLINE_SURFACE(((1.,0.904499135307834,1.),(1.,0.90449913700589,
1.),(1.,0.861374857884815,1.),(1.,0.756123415326884,1.),(1.,0.707106781186546,
1.)))
REPRESENTATION_ITEM('')
SURFACE()
);
#33=(
BOUNDED_SURFACE()
B_SPLINE_SURFACE(3,2,((#9310,#9311,#9312),(#9313,#9314,#9315),(#9316,#9317,
#9318),(#9319,#9320,#9321),(#9322,#9323,#9324)),.UNSPECIFIED.,.F.,.F.,.F.)
B_SPLINE_SURFACE_WITH_KNOTS((4,1,4),(3,3),(0.00312583649862104,0.00436568632676644,
0.00560553615491183),(0.,1.),.UNSPECIFIED.)
GEOMETRIC_REPRESENTATION_ITEM()
RATIONAL_B_SPLINE_SURFACE(((1.,0.904499135307834,1.),(1.,0.904499137006005,
1.),(1.,0.861374857884711,1.),(1.,0.756123415326977,1.),(1.,0.707106781186546,
1.)))
REPRESENTATION_ITEM('')
SURFACE()
);
#34=(
BOUNDED_SURFACE()
B_SPLINE_SURFACE(3,2,((#9634,#9635,#9636),(#9637,#9638,#9639),(#9640,#9641,
#9642),(#9643,#9644,#9645),(#9646,#9647,#9648),(#9649,#9650,#9651),(#9652,
#9653,#9654)),.UNSPECIFIED.,.F.,.F.,.F.)
B_SPLINE_SURFACE_WITH_KNOTS((4,1,1,1,4),(3,3),(-1.76724954115137E-17,0.0012745571279566,
0.00254911425591322,0.00382367138386984,0.00509822851182646),(0.,1.),
 .UNSPECIFIED.)
GEOMETRIC_REPRESENTATION_ITEM()
RATIONAL_B_SPLINE_SURFACE(((1.,0.852681406667861,1.),(1.,0.852681406492188,
1.),(1.,0.849538818584751,1.),(1.,0.829788950415796,1.),(1.,0.787071851115139,
1.),(1.,0.744662146736696,1.),(1.,0.720370748367094,1.)))
REPRESENTATION_ITEM('')
SURFACE()
);
#35=(
BOUNDED_SURFACE()
B_SPLINE_SURFACE(3,2,((#9656,#9657,#9658),(#9659,#9660,#9661),(#9662,#9663,
#9664),(#9665,#9666,#9667),(#9668,#9669,#9670),(#9671,#9672,#9673),(#9674,
#9675,#9676)),.UNSPECIFIED.,.F.,.F.,.F.)
B_SPLINE_SURFACE_WITH_KNOTS((4,1,1,1,4),(3,3),(1.19262238973405E-18,0.00127455712795662,
0.00254911425591324,0.00382367138386986,0.00509822851182649),(0.,1.),
 .UNSPECIFIED.)
GEOMETRIC_REPRESENTATION_ITEM()
RATIONAL_B_SPLINE_SURFACE(((1.,0.852681406667861,1.),(1.,0.852681406492188,
1.),(1.,0.849538818584753,1.),(1.,0.829788950415788,1.),(1.,0.787071851115172,
1.),(1.,0.744662146736624,1.),(1.,0.720370748367094,1.)))
REPRESENTATION_ITEM('')
SURFACE()
);
#36=(
BOUNDED_SURFACE()
B_SPLINE_SURFACE(3,2,((#9678,#9679,#9680),(#9681,#9682,#9683),(#9684,#9685,
#9686),(#9687,#9688,#9689)),.UNSPECIFIED.,.F.,.F.,.F.)
B_SPLINE_SURFACE_WITH_KNOTS((4,4),(3,3),(-1.19262238973405E-18,0.000229501695035358),
(0.,1.),.PIECEWISE_BEZIER_KNOTS.)
GEOMETRIC_REPRESENTATION_ITEM()
RATIONAL_B_SPLINE_SURFACE(((1.,0.720370748367094,1.),(1.,0.72045962472882,
1.),(1.,0.720459624728828,1.),(1.,0.720370748367094,1.)))
REPRESENTATION_ITEM('')
SURFACE()
);
#37=(
BOUNDED_SURFACE()
B_SPLINE_SURFACE(3,2,((#9691,#9692,#9693),(#9694,#9695,#9696),(#9697,#9698,
#9699),(#9700,#9701,#9702)),.UNSPECIFIED.,.F.,.F.,.F.)
B_SPLINE_SURFACE_WITH_KNOTS((4,4),(3,3),(7.58941520739853E-19,0.000229501695035353),
(0.,1.),.PIECEWISE_BEZIER_KNOTS.)
GEOMETRIC_REPRESENTATION_ITEM()
RATIONAL_B_SPLINE_SURFACE(((1.,0.720370748367093,1.),(1.,0.720459624728929,
1.),(1.,0.72045962472882,1.),(1.,0.720370748367094,1.)))
REPRESENTATION_ITEM('')
SURFACE()
);
#38=(
BOUNDED_SURFACE()
B_SPLINE_SURFACE(3,2,((#9704,#9705,#9706),(#9707,#9708,#9709),(#9710,#9711,
#9712),(#9713,#9714,#9715),(#9716,#9717,#9718),(#9719,#9720,#9721),(#9722,
#9723,#9724)),.UNSPECIFIED.,.F.,.F.,.F.)
B_SPLINE_SURFACE_WITH_KNOTS((4,1,1,1,4),(3,3),(-1.86482773667507E-17,0.0012701832899266,
0.00254036657985322,0.00381054986977984,0.00508073315970645),(0.,1.),
 .UNSPECIFIED.)
GEOMETRIC_REPRESENTATION_ITEM()
RATIONAL_B_SPLINE_SURFACE(((1.,0.720370748367096,1.),(1.,0.74467757557124,
1.),(1.,0.786858091463081,1.),(1.,0.829698790148478,1.),(1.,0.849505446905907,
1.),(1.,0.852681406595265,1.),(1.,0.852681406667861,1.)))
REPRESENTATION_ITEM('')
SURFACE()
);
#39=(
BOUNDED_SURFACE()
B_SPLINE_SURFACE(3,2,((#9726,#9727,#9728),(#9729,#9730,#9731),(#9732,#9733,
#9734),(#9735,#9736,#9737),(#9738,#9739,#9740),(#9741,#9742,#9743),(#9744,
#9745,#9746)),.UNSPECIFIED.,.F.,.F.,.F.)
B_SPLINE_SURFACE_WITH_KNOTS((4,1,1,1,4),(3,3),(-1.51788304147971E-17,0.00127018328992661,
0.00254036657985323,0.00381054986977985,0.00508073315970647),(0.,1.),
 .UNSPECIFIED.)
GEOMETRIC_REPRESENTATION_ITEM()
RATIONAL_B_SPLINE_SURFACE(((1.,0.720370748367095,1.),(1.,0.744677575571858,
1.),(1.,0.786858091462793,1.),(1.,0.829698790148555,1.),(1.,0.849505446905885,
1.),(1.,0.852681406595265,1.),(1.,0.852681406667861,1.)))
REPRESENTATION_ITEM('')
SURFACE()
);
#40=SPHERICAL_SURFACE('',#5615,0.006);
#41=SPHERICAL_SURFACE('',#5616,0.006);
#42=SPHERICAL_SURFACE('',#5620,0.006);
#43=SPHERICAL_SURFACE('',#5622,0.006);
#44=SPHERICAL_SURFACE('',#5888,0.0015);
#45=SPHERICAL_SURFACE('',#5891,0.0015);
#46=SPHERICAL_SURFACE('',#5894,0.0015);
#47=SPHERICAL_SURFACE('',#5900,0.0015);
#48=PLANE('',#5499);
#49=PLANE('',#5500);
#50=PLANE('',#5508);
#51=PLANE('',#5509);
#52=PLANE('',#5513);
#53=PLANE('',#5514);
#54=PLANE('',#5518);
#55=PLANE('',#5540);
#56=PLANE('',#5541);
#57=PLANE('',#5557);
#58=PLANE('',#5561);
#59=PLANE('',#5565);
#60=PLANE('',#5566);
#61=PLANE('',#5568);
#62=PLANE('',#5570);
#63=PLANE('',#5572);
#64=PLANE('',#5577);
#65=PLANE('',#5580);
#66=PLANE('',#5588);
#67=PLANE('',#5589);
#68=PLANE('',#5590);
#69=PLANE('',#5593);
#70=PLANE('',#5596);
#71=PLANE('',#5599);
#72=PLANE('',#5604);
#73=PLANE('',#5609);
#74=PLANE('',#5625);
#75=PLANE('',#5628);
#76=PLANE('',#5630);
#77=PLANE('',#5634);
#78=PLANE('',#5638);
#79=PLANE('',#5642);
#80=PLANE('',#5644);
#81=PLANE('',#5646);
#82=PLANE('',#5648);
#83=PLANE('',#5649);
#84=PLANE('',#5653);
#85=PLANE('',#5656);
#86=PLANE('',#5659);
#87=PLANE('',#5660);
#88=PLANE('',#5662);
#89=PLANE('',#5668);
#90=PLANE('',#5699);
#91=PLANE('',#5719);
#92=PLANE('',#5733);
#93=PLANE('',#5734);
#94=PLANE('',#5735);
#95=PLANE('',#5736);
#96=PLANE('',#5737);
#97=PLANE('',#5738);
#98=PLANE('',#5739);
#99=PLANE('',#5740);
#100=PLANE('',#5741);
#101=PLANE('',#5744);
#102=PLANE('',#5748);
#103=PLANE('',#5749);
#104=PLANE('',#5750);
#105=PLANE('',#5751);
#106=PLANE('',#5752);
#107=PLANE('',#5755);
#108=PLANE('',#5756);
#109=PLANE('',#5759);
#110=PLANE('',#5760);
#111=PLANE('',#5761);
#112=PLANE('',#5762);
#113=PLANE('',#5765);
#114=PLANE('',#5766);
#115=PLANE('',#5769);
#116=PLANE('',#5770);
#117=PLANE('',#5771);
#118=PLANE('',#5772);
#119=PLANE('',#5776);
#120=PLANE('',#5777);
#121=PLANE('',#5778);
#122=PLANE('',#5779);
#123=PLANE('',#5782);
#124=PLANE('',#5783);
#125=PLANE('',#5784);
#126=PLANE('',#5787);
#127=PLANE('',#5788);
#128=PLANE('',#5789);
#129=PLANE('',#5790);
#130=PLANE('',#5791);
#131=PLANE('',#5792);
#132=PLANE('',#5793);
#133=PLANE('',#5794);
#134=PLANE('',#5795);
#135=PLANE('',#5796);
#136=PLANE('',#5797);
#137=PLANE('',#5798);
#138=PLANE('',#5805);
#139=PLANE('',#5806);
#140=PLANE('',#5807);
#141=PLANE('',#5808);
#142=PLANE('',#5809);
#143=PLANE('',#5810);
#144=PLANE('',#5811);
#145=PLANE('',#5818);
#146=PLANE('',#5819);
#147=PLANE('',#5820);
#148=PLANE('',#5821);
#149=PLANE('',#5822);
#150=PLANE('',#5823);
#151=PLANE('',#5824);
#152=PLANE('',#5831);
#153=PLANE('',#5832);
#154=PLANE('',#5833);
#155=PLANE('',#5834);
#156=PLANE('',#5835);
#157=PLANE('',#5836);
#158=PLANE('',#5837);
#159=PLANE('',#5838);
#160=PLANE('',#5840);
#161=PLANE('',#5843);
#162=PLANE('',#5845);
#163=PLANE('',#5851);
#164=PLANE('',#5852);
#165=PLANE('',#5865);
#166=PLANE('',#5866);
#167=PLANE('',#5867);
#168=PLANE('',#5868);
#169=PLANE('',#5869);
#170=PLANE('',#5870);
#171=PLANE('',#5927);
#172=PLANE('',#5928);
#173=PLANE('',#5929);
#174=PLANE('',#5930);
#175=PLANE('',#5931);
#176=PLANE('',#5932);
#177=PLANE('',#5933);
#178=PLANE('',#5935);
#179=PLANE('',#5941);
#180=PLANE('',#5942);
#181=PLANE('',#5945);
#182=PLANE('',#5946);
#183=PLANE('',#5947);
#184=PLANE('',#5948);
#185=PLANE('',#5949);
#186=PLANE('',#5950);
#187=PLANE('',#5951);
#188=PLANE('',#5953);
#189=PLANE('',#5955);
#190=PLANE('',#5958);
#191=PLANE('',#5963);
#192=PLANE('',#5964);
#193=PLANE('',#5965);
#194=PLANE('',#5966);
#195=PLANE('',#5967);
#196=PLANE('',#5968);
#197=PLANE('',#5969);
#198=PLANE('',#5971);
#199=PLANE('',#5973);
#200=PLANE('',#5976);
#201=PLANE('',#5979);
#202=PLANE('',#5980);
#203=PLANE('',#5981);
#204=PLANE('',#5982);
#205=PLANE('',#5983);
#206=PLANE('',#5984);
#207=PLANE('',#5985);
#208=PLANE('',#5986);
#209=PLANE('',#5987);
#210=PLANE('',#5988);
#211=PLANE('',#5989);
#212=PLANE('',#5990);
#213=PLANE('',#5991);
#214=PLANE('',#5992);
#215=PLANE('',#5993);
#216=PLANE('',#5994);
#217=PLANE('',#5995);
#218=PLANE('',#5996);
#219=PLANE('',#5997);
#220=PLANE('',#5998);
#221=PLANE('',#5999);
#222=PLANE('',#6000);
#223=PLANE('',#6001);
#224=PLANE('',#6002);
#225=B_SPLINE_CURVE_WITH_KNOTS('',3,(#7615,#7616,#7617,#7618),
 .UNSPECIFIED.,.F.,.F.,(4,4),(0.,0.00118993476882239),.UNSPECIFIED.);
#226=B_SPLINE_CURVE_WITH_KNOTS('',3,(#7622,#7623,#7624,#7625,#7626),
 .UNSPECIFIED.,.F.,.F.,(4,1,4),(3.81269371180124E-17,0.0033374197948201,
0.00667483958964016),.UNSPECIFIED.);
#227=B_SPLINE_CURVE_WITH_KNOTS('',3,(#7630,#7631,#7632,#7633,#7634,#7635,
#7636),.UNSPECIFIED.,.F.,.F.,(4,1,1,1,4),(0.,0.0019212685788971,0.00384253715779421,
0.00576380573669131,0.00768507431558841),.UNSPECIFIED.);
#228=B_SPLINE_CURVE_WITH_KNOTS('',3,(#7725,#7726,#7727,#7728,#7729,#7730,
#7731),.UNSPECIFIED.,.F.,.F.,(4,1,1,1,4),(0.,0.00234316695322744,0.00468633390645489,
0.00702950085968233,0.00937266781290978),.UNSPECIFIED.);
#229=B_SPLINE_CURVE_WITH_KNOTS('',3,(#7750,#7751,#7752,#7753,#7754,#7755,
#7756),.UNSPECIFIED.,.F.,.F.,(4,1,1,1,4),(0.,0.00177992356411612,0.00355984712823225,
0.00533977069234837,0.0071196942564645),.UNSPECIFIED.);
#230=B_SPLINE_CURVE_WITH_KNOTS('',3,(#7774,#7775,#7776,#7777,#7778,#7779,
#7780),.UNSPECIFIED.,.F.,.F.,(4,1,1,1,4),(0.,0.00161710313672309,0.00323420627344617,
0.00485130941016926,0.00646841254689234),.UNSPECIFIED.);
#231=B_SPLINE_CURVE_WITH_KNOTS('',3,(#7801,#7802,#7803,#7804,#7805,#7806,
#7807),.UNSPECIFIED.,.F.,.F.,(4,1,1,1,4),(0.,0.00181081070288342,0.00362162140576683,
0.00543243210865025,0.00724324281153366),.UNSPECIFIED.);
#232=B_SPLINE_CURVE_WITH_KNOTS('',3,(#7818,#7819,#7820,#7821,#7822,#7823,
#7824),.UNSPECIFIED.,.F.,.F.,(4,1,1,1,4),(0.,0.00192126857889711,0.00384253715779421,
0.00576380573669132,0.00768507431558843),.UNSPECIFIED.);
#233=B_SPLINE_CURVE_WITH_KNOTS('',3,(#7828,#7829,#7830,#7831,#7832),
 .UNSPECIFIED.,.F.,.F.,(4,1,4),(0.,0.00333741979482029,0.00667483958964059),
 .UNSPECIFIED.);
#234=B_SPLINE_CURVE_WITH_KNOTS('',3,(#7836,#7837,#7838,#7839),
 .UNSPECIFIED.,.F.,.F.,(4,4),(0.,0.00118993476882239),.UNSPECIFIED.);
#235=B_SPLINE_CURVE_WITH_KNOTS('',3,(#7849,#7850,#7851,#7852),
 .UNSPECIFIED.,.F.,.F.,(4,4),(0.00101136200009066,0.00217906815207639),
 .UNSPECIFIED.);
#236=B_SPLINE_CURVE_WITH_KNOTS('',3,(#7861,#7862,#7863,#7864),
 .UNSPECIFIED.,.F.,.F.,(4,4),(0.00206156554647144,0.0031513337082302),
 .UNSPECIFIED.);
#237=B_SPLINE_CURVE_WITH_KNOTS('',3,(#7868,#7869,#7870,#7871),
 .UNSPECIFIED.,.F.,.F.,(4,4),(0.00660556079622857,0.007757641500071),
 .UNSPECIFIED.);
#238=B_SPLINE_CURVE_WITH_KNOTS('',3,(#7876,#7877,#7878,#7879),
 .UNSPECIFIED.,.F.,.F.,(4,4),(0.00538543346335898,0.00648757947013925),
 .UNSPECIFIED.);
#239=B_SPLINE_CURVE_WITH_KNOTS('',3,(#7890,#7891,#7892,#7893,#7894,#7895,
#7896),.UNSPECIFIED.,.F.,.F.,(4,1,1,1,4),(0.,0.0023375336183506,0.00467506723670121,
0.00701260085505181,0.00935013447340241),.UNSPECIFIED.);
#240=B_SPLINE_CURVE_WITH_KNOTS('',3,(#7908,#7909,#7910,#7911),
 .UNSPECIFIED.,.F.,.F.,(4,4),(0.,0.00118993476882239),.UNSPECIFIED.);
#241=B_SPLINE_CURVE_WITH_KNOTS('',3,(#7915,#7916,#7917,#7918,#7919),
 .UNSPECIFIED.,.F.,.F.,(4,1,4),(0.,0.00333741979482029,0.00667483958964059),
 .UNSPECIFIED.);
#242=B_SPLINE_CURVE_WITH_KNOTS('',3,(#7923,#7924,#7925,#7926,#7927,#7928,
#7929),.UNSPECIFIED.,.F.,.F.,(4,1,1,1,4),(0.,0.0019212685788971,0.0038425371577942,
0.00576380573669131,0.00768507431558841),.UNSPECIFIED.);
#243=B_SPLINE_CURVE_WITH_KNOTS('',3,(#7930,#7931,#7932,#7933,#7934,#7935,
#7936,#7937,#7938),.UNSPECIFIED.,.F.,.F.,(4,1,1,1,1,1,4),(0.00022640484056774,
0.000828246766279112,0.0011291677291348,0.00143008869199048,0.00173100965484617,
0.00203193061770186,0.00263377254341323),.UNSPECIFIED.);
#244=B_SPLINE_CURVE_WITH_KNOTS('',3,(#7941,#7942,#7943,#7944,#7945,#7946,
#7947,#7948,#7949,#7950,#7951),.UNSPECIFIED.,.F.,.F.,(4,1,1,1,1,1,1,1,4),
(0.000472883361603826,0.0031394351806769,0.00447271109021344,0.00580598699974997,
0.00847253881882305,0.0111390906378961,0.0138056424569692,0.0164721942760423,
0.0218052979141884),.UNSPECIFIED.);
#245=B_SPLINE_CURVE_WITH_KNOTS('',3,(#7955,#7956,#7957,#7958,#7959,#7960,
#7961,#7962,#7963,#7964,#7965),.UNSPECIFIED.,.F.,.F.,(4,1,1,1,1,1,1,1,4),
(0.000472885842607468,0.00313943263074717,0.00447270602481702,0.00580597941888687,
0.00847252620702657,0.0111390729951663,0.013805619783306,0.0164721665714457,
0.0218052601477251),.UNSPECIFIED.);
#246=B_SPLINE_CURVE_WITH_KNOTS('',3,(#7969,#7970,#7971,#7972,#7973,#7974,
#7975,#7976,#7977,#7978,#7979),.UNSPECIFIED.,.F.,.F.,(4,1,1,1,1,1,1,1,4),
(1.13090134569495E-17,0.00272565751846565,0.00408848627769846,0.00545131503693128,
0.00817697255539691,0.0109026300738625,0.0136282875923282,0.0163539451107938,
0.0218052601477251),.UNSPECIFIED.);
#247=B_SPLINE_CURVE_WITH_KNOTS('',3,(#7985,#7986,#7987,#7988,#7989,#7990,
#7991,#7992,#7993),.UNSPECIFIED.,.F.,.F.,(4,1,1,1,1,1,4),(0.000227078511084214,
0.000787235440037928,0.00106731390451479,0.00134739236899164,0.0016274708334685,
0.00190754929794536,0.00246770622689907),.UNSPECIFIED.);
#248=B_SPLINE_CURVE_WITH_KNOTS('',3,(#7994,#7995,#7996,#7997,#7998,#7999,
#8000),.UNSPECIFIED.,.F.,.F.,(4,1,1,1,4),(0.,0.00192126857889711,0.00384253715779421,
0.00576380573669132,0.00768507431558842),.UNSPECIFIED.);
#249=B_SPLINE_CURVE_WITH_KNOTS('',3,(#8004,#8005,#8006,#8007,#8008),
 .UNSPECIFIED.,.F.,.F.,(4,1,4),(3.81269371180124E-17,0.00333741979482006,
0.00667483958964008),.UNSPECIFIED.);
#250=B_SPLINE_CURVE_WITH_KNOTS('',3,(#8012,#8013,#8014,#8015),
 .UNSPECIFIED.,.F.,.F.,(4,4),(0.,0.00118993476882239),.UNSPECIFIED.);
#251=B_SPLINE_CURVE_WITH_KNOTS('',3,(#8029,#8030,#8031,#8032,#8033,#8034,
#8035,#8036,#8037,#8038,#8039,#8040,#8041),.UNSPECIFIED.,.F.,.F.,(4,1,1,
1,1,1,1,1,1,1,4),(0.,0.00275994502335719,0.00551989004671439,0.00827983507007158,
0.0110397800934288,0.013799725116786,0.0151796976284646,0.0165596701401432,
0.0179396426518218,0.0193196151635004,0.0220795601868575),.UNSPECIFIED.);
#252=B_SPLINE_CURVE_WITH_KNOTS('',3,(#8045,#8046,#8047,#8048,#8049,#8050,
#8051,#8052,#8053,#8054,#8055,#8056,#8057),.UNSPECIFIED.,.F.,.F.,(4,1,1,
1,1,1,1,1,1,1,4),(0.,0.00269192526513682,0.00538385053027365,0.00807577579541047,
0.0107677010605473,0.0134596263256841,0.0148055889582525,0.0161515515908209,
0.0174975142233894,0.0188434768559578,0.0215354021210946),.UNSPECIFIED.);
#253=B_SPLINE_CURVE_WITH_KNOTS('',3,(#8061,#8062,#8063,#8064,#8065,#8066,
#8067,#8068,#8069,#8070,#8071,#8072,#8073),.UNSPECIFIED.,.F.,.F.,(4,1,1,
1,1,1,1,1,1,1,4),(0.,0.00269191978415238,0.00538383956830476,0.00807575935245713,
0.0107676791366095,0.0134595989207619,0.0148055588128381,0.0161515187049143,
0.0174974785969905,0.0188434384890666,0.021535358273219),.UNSPECIFIED.);
#254=B_SPLINE_CURVE_WITH_KNOTS('',3,(#8088,#8089,#8090,#8091),
 .UNSPECIFIED.,.F.,.F.,(4,4),(1.78811203067275E-18,0.000757627109322481),
 .UNSPECIFIED.);
#255=B_SPLINE_CURVE_WITH_KNOTS('',3,(#8108,#8109,#8110,#8111),
 .UNSPECIFIED.,.F.,.F.,(4,4),(1.78811203067275E-18,0.00075762710932249),
 .UNSPECIFIED.);
#256=B_SPLINE_CURVE_WITH_KNOTS('',3,(#8234,#8235,#8236,#8237),
 .UNSPECIFIED.,.F.,.F.,(4,4),(0.,0.000604474565089235),.UNSPECIFIED.);
#257=B_SPLINE_CURVE_WITH_KNOTS('',3,(#8245,#8246,#8247,#8248),
 .UNSPECIFIED.,.F.,.F.,(4,4),(0.,0.000605236542846649),.UNSPECIFIED.);
#258=B_SPLINE_CURVE_WITH_KNOTS('',3,(#8280,#8281,#8282,#8283,#8284,#8285,
#8286),.UNSPECIFIED.,.F.,.F.,(4,1,1,1,4),(3.88501576117243E-18,0.00233014368186415,
0.00466028736372831,0.00699043104559246,0.00932057472745661),
 .UNSPECIFIED.);
#259=B_SPLINE_CURVE_WITH_KNOTS('',3,(#8290,#8291,#8292,#8293),
 .UNSPECIFIED.,.F.,.F.,(4,4),(0.,0.00045900339007072),.UNSPECIFIED.);
#260=B_SPLINE_CURVE_WITH_KNOTS('',3,(#8302,#8303,#8304,#8305),
 .UNSPECIFIED.,.F.,.F.,(4,4),(0.,0.000459003390070713),.UNSPECIFIED.);
#261=B_SPLINE_CURVE_WITH_KNOTS('',3,(#8307,#8308,#8309,#8310,#8311,#8312,
#8313),.UNSPECIFIED.,.F.,.F.,(4,1,1,1,4),(4.34190125145088E-19,0.0023719749837754,
0.00474394996755079,0.00711592495132619,0.00948789993510158),
 .UNSPECIFIED.);
#262=B_SPLINE_CURVE_WITH_KNOTS('',3,(#8324,#8325,#8326,#8327),
 .UNSPECIFIED.,.F.,.F.,(4,4),(0.,0.000604298932913871),.UNSPECIFIED.);
#263=B_SPLINE_CURVE_WITH_KNOTS('',3,(#8335,#8336,#8337,#8338),
 .UNSPECIFIED.,.F.,.F.,(4,4),(0.,0.000605236542846665),.UNSPECIFIED.);
#264=B_SPLINE_CURVE_WITH_KNOTS('',3,(#8362,#8363,#8364,#8365),
 .UNSPECIFIED.,.F.,.F.,(4,4),(0.,0.000757627109322483),.UNSPECIFIED.);
#265=B_SPLINE_CURVE_WITH_KNOTS('',3,(#8411,#8412,#8413,#8414),
 .UNSPECIFIED.,.F.,.F.,(4,4),(0.,0.000757627109322489),.UNSPECIFIED.);
#266=B_SPLINE_CURVE_WITH_KNOTS('',3,(#8440,#8441,#8442,#8443),
 .UNSPECIFIED.,.F.,.F.,(4,4),(0.,0.000523940552820162),.UNSPECIFIED.);
#267=B_SPLINE_CURVE_WITH_KNOTS('',3,(#8449,#8450,#8451,#8452),
 .UNSPECIFIED.,.F.,.F.,(4,4),(0.,0.000523940552820162),.UNSPECIFIED.);
#268=B_SPLINE_CURVE_WITH_KNOTS('',3,(#8456,#8457,#8458,#8459),
 .UNSPECIFIED.,.F.,.F.,(4,4),(0.,0.00055670234500903),.UNSPECIFIED.);
#269=B_SPLINE_CURVE_WITH_KNOTS('',3,(#8461,#8462,#8463,#8464),
 .UNSPECIFIED.,.F.,.F.,(4,4),(0.,0.000556902738701365),.UNSPECIFIED.);
#270=B_SPLINE_CURVE_WITH_KNOTS('',3,(#8467,#8468,#8469,#8470),
 .UNSPECIFIED.,.F.,.F.,(4,4),(0.00829706777086488,0.0088219599373841),
 .UNSPECIFIED.);
#271=B_SPLINE_CURVE_WITH_KNOTS('',3,(#8479,#8480,#8481,#8482),
 .UNSPECIFIED.,.F.,.F.,(4,4),(0.00829706777086489,0.0088219599373841),
 .UNSPECIFIED.);
#272=B_SPLINE_CURVE_WITH_KNOTS('',3,(#8484,#8485,#8486,#8487),
 .UNSPECIFIED.,.F.,.F.,(4,4),(0.,0.000556057041697456),.UNSPECIFIED.);
#273=B_SPLINE_CURVE_WITH_KNOTS('',3,(#8489,#8490,#8491,#8492),
 .UNSPECIFIED.,.F.,.F.,(4,4),(0.,0.000554131802563172),.UNSPECIFIED.);
#274=B_SPLINE_CURVE_WITH_KNOTS('',3,(#8505,#8506,#8507,#8508),
 .UNSPECIFIED.,.F.,.F.,(4,4),(0.,0.000435010804093166),.UNSPECIFIED.);
#275=B_SPLINE_CURVE_WITH_KNOTS('',3,(#8522,#8523,#8524,#8525),
 .UNSPECIFIED.,.F.,.F.,(4,4),(0.,0.000435089190441681),.UNSPECIFIED.);
#276=B_SPLINE_CURVE_WITH_KNOTS('',3,(#8539,#8540,#8541,#8542),
 .UNSPECIFIED.,.F.,.F.,(4,4),(0.,0.000435089190441694),.UNSPECIFIED.);
#277=B_SPLINE_CURVE_WITH_KNOTS('',3,(#8556,#8557,#8558,#8559),
 .UNSPECIFIED.,.F.,.F.,(4,4),(0.,0.000435010804093176),.UNSPECIFIED.);
#278=B_SPLINE_CURVE_WITH_KNOTS('',3,(#8565,#8566,#8567,#8568,#8569,#8570,
#8571),.UNSPECIFIED.,.F.,.F.,(4,1,1,1,4),(0.,0.00153341607373151,0.00306683214746303,
0.00460024822119454,0.00613366429492606),.UNSPECIFIED.);
#279=B_SPLINE_CURVE_WITH_KNOTS('',3,(#8575,#8576,#8577,#8578,#8579,#8580,
#8581),.UNSPECIFIED.,.F.,.F.,(4,1,1,1,4),(0.,0.00153341607373156,0.00306683214746313,
0.00460024822119469,0.00613366429492625),.UNSPECIFIED.);
#280=B_SPLINE_CURVE_WITH_KNOTS('',3,(#8588,#8589,#8590,#8591,#8592,#8593,
#8594),.UNSPECIFIED.,.F.,.F.,(4,1,1,1,4),(0.,0.00153341607373156,0.00306683214746313,
0.00460024822119469,0.00613366429492625),.UNSPECIFIED.);
#281=B_SPLINE_CURVE_WITH_KNOTS('',3,(#8598,#8599,#8600,#8601,#8602,#8603,
#8604),.UNSPECIFIED.,.F.,.F.,(4,1,1,1,4),(0.,0.00153341607373151,0.00306683214746303,
0.00460024822119454,0.00613366429492605),.UNSPECIFIED.);
#282=B_SPLINE_CURVE_WITH_KNOTS('',3,(#9267,#9268,#9269,#9270),
 .UNSPECIFIED.,.F.,.F.,(4,4),(0.,0.00130172145396314),.UNSPECIFIED.);
#283=B_SPLINE_CURVE_WITH_KNOTS('',3,(#9275,#9276,#9277,#9278),
 .UNSPECIFIED.,.F.,.F.,(4,4),(0.,0.0012756957247303),.UNSPECIFIED.);
#284=B_SPLINE_CURVE_WITH_KNOTS('',3,(#9587,#9588,#9589,#9590,#9591,#9592,
#9593),.UNSPECIFIED.,.F.,.F.,(4,1,1,1,4),(0.,0.00109879309684835,0.00219758619369671,
0.00329637929054506,0.00439517238739342),.UNSPECIFIED.);
#285=B_SPLINE_CURVE_WITH_KNOTS('',3,(#9596,#9597,#9598,#9599),
 .UNSPECIFIED.,.F.,.F.,(4,4),(0.,0.000169837649990345),.UNSPECIFIED.);
#286=B_SPLINE_CURVE_WITH_KNOTS('',3,(#9601,#9602,#9603,#9604,#9605,#9606),
 .UNSPECIFIED.,.F.,.F.,(4,1,1,4),(0.,0.00109479492269708,0.00218958984539417,
0.00437917969078833),.UNSPECIFIED.);
#287=B_SPLINE_CURVE_WITH_KNOTS('',3,(#9610,#9611,#9612,#9613,#9614,#9615),
 .UNSPECIFIED.,.F.,.F.,(4,1,1,4),(0.,0.00221109110155279,0.00331663665232919,
0.00442218220310559),.UNSPECIFIED.);
#288=B_SPLINE_CURVE_WITH_KNOTS('',3,(#9617,#9618,#9619,#9620),
 .UNSPECIFIED.,.F.,.F.,(4,4),(0.,0.000169837649990345),.UNSPECIFIED.);
#289=B_SPLINE_CURVE_WITH_KNOTS('',3,(#9622,#9623,#9624,#9625,#9626,#9627,
#9628),.UNSPECIFIED.,.F.,.F.,(4,1,1,1,4),(0.,0.00108951953987074,0.00217903907974148,
0.00326855861961222,0.00435807815948296),.UNSPECIFIED.);
#290=CIRCLE('',#5496,0.006);
#291=CIRCLE('',#5497,0.006);
#292=CIRCLE('',#5501,0.00335);
#293=CIRCLE('',#5520,0.00475);
#294=CIRCLE('',#5522,0.006);
#295=CIRCLE('',#5539,0.006);
#296=CIRCLE('',#5542,0.00335);
#297=CIRCLE('',#5544,0.006);
#298=CIRCLE('',#5545,0.006);
#299=CIRCLE('',#5551,0.006);
#300=CIRCLE('',#5552,0.006);
#301=CIRCLE('',#5567,0.00215);
#302=CIRCLE('',#5569,0.00215);
#303=CIRCLE('',#5571,0.00215);
#304=CIRCLE('',#5578,0.0015);
#305=CIRCLE('',#5579,0.0015);
#306=CIRCLE('',#5582,0.006);
#307=CIRCLE('',#5583,0.006);
#308=CIRCLE('',#5587,0.0015);
#309=CIRCLE('',#5591,0.00335);
#310=CIRCLE('',#5592,0.0075);
#311=CIRCLE('',#5597,0.00335);
#312=CIRCLE('',#5598,0.0075);
#313=CIRCLE('',#5600,0.00335);
#314=CIRCLE('',#5601,0.00145);
#315=CIRCLE('',#5602,0.00145);
#316=CIRCLE('',#5603,0.0075);
#317=CIRCLE('',#5605,0.00335);
#318=CIRCLE('',#5606,0.00145);
#319=CIRCLE('',#5607,0.0075);
#320=CIRCLE('',#5608,0.00145);
#321=CIRCLE('',#5613,0.006);
#322=CIRCLE('',#5614,0.006);
#323=CIRCLE('',#5618,0.006);
#324=CIRCLE('',#5619,0.006);
#325=CIRCLE('',#5621,0.006);
#326=CIRCLE('',#5623,0.006);
#327=CIRCLE('',#5635,0.003);
#328=CIRCLE('',#5636,0.00063);
#329=CIRCLE('',#5637,0.00145);
#330=CIRCLE('',#5639,0.003);
#331=CIRCLE('',#5640,0.00145);
#332=CIRCLE('',#5641,0.00063);
#333=CIRCLE('',#5643,0.0015);
#334=CIRCLE('',#5645,0.0015);
#335=CIRCLE('',#5654,0.00145);
#336=CIRCLE('',#5655,0.00063);
#337=CIRCLE('',#5657,0.00063);
#338=CIRCLE('',#5658,0.00145);
#339=CIRCLE('',#5678,0.00275);
#340=CIRCLE('',#5679,0.00275);
#341=CIRCLE('',#5680,0.00275);
#342=CIRCLE('',#5682,0.00275);
#343=CIRCLE('',#5683,0.00275);
#344=CIRCLE('',#5684,0.00275);
#345=CIRCLE('',#5685,0.0006);
#346=CIRCLE('',#5686,0.0006);
#347=CIRCLE('',#5688,0.0006);
#348=CIRCLE('',#5690,0.0006);
#349=CIRCLE('',#5692,0.0006);
#350=CIRCLE('',#5693,0.0006);
#351=CIRCLE('',#5695,0.0006);
#352=CIRCLE('',#5697,0.0006);
#353=CIRCLE('',#5700,0.00125);
#354=CIRCLE('',#5701,0.00125);
#355=CIRCLE('',#5702,0.00125);
#356=CIRCLE('',#5703,0.00125);
#357=CIRCLE('',#5704,0.00125);
#358=CIRCLE('',#5705,0.00125);
#359=CIRCLE('',#5706,0.003);
#360=CIRCLE('',#5720,0.003);
#361=CIRCLE('',#5742,0.0065);
#362=CIRCLE('',#5743,0.00613827546702941);
#363=CIRCLE('',#5745,0.00475);
#364=CIRCLE('',#5747,0.00475);
#365=CIRCLE('',#5757,0.00475);
#366=CIRCLE('',#5763,0.0065);
#367=CIRCLE('',#5764,0.00613827546702941);
#368=CIRCLE('',#5773,0.00475);
#369=CIRCLE('',#5775,0.00475);
#370=CIRCLE('',#5780,0.0065);
#371=CIRCLE('',#5781,0.00613827546702941);
#372=CIRCLE('',#5800,0.0061382754670294);
#373=CIRCLE('',#5801,0.00613827546702941);
#374=CIRCLE('',#5803,0.0065);
#375=CIRCLE('',#5804,0.0065);
#376=CIRCLE('',#5813,0.0061382754670294);
#377=CIRCLE('',#5814,0.00613827546702941);
#378=CIRCLE('',#5816,0.0065);
#379=CIRCLE('',#5817,0.0065);
#380=CIRCLE('',#5826,0.0061382754670294);
#381=CIRCLE('',#5827,0.00613827546702941);
#382=CIRCLE('',#5829,0.0065);
#383=CIRCLE('',#5830,0.0065);
#384=CIRCLE('',#5839,0.00475);
#385=CIRCLE('',#5841,0.00475);
#386=CIRCLE('',#5844,0.00475);
#387=CIRCLE('',#5846,0.00475);
#388=CIRCLE('',#5849,0.00475);
#389=CIRCLE('',#5850,0.00475);
#390=CIRCLE('',#5854,0.00125);
#391=CIRCLE('',#5856,0.00125);
#392=CIRCLE('',#5858,0.00125);
#393=CIRCLE('',#5860,0.00125);
#394=CIRCLE('',#5862,0.00125);
#395=CIRCLE('',#5864,0.00125);
#396=CIRCLE('',#5872,0.0015);
#397=CIRCLE('',#5874,0.0015);
#398=CIRCLE('',#5875,0.0015);
#399=CIRCLE('',#5877,0.0015);
#400=CIRCLE('',#5879,0.0015);
#401=CIRCLE('',#5881,0.0015);
#402=CIRCLE('',#5882,0.0015);
#403=CIRCLE('',#5884,0.0015);
#404=CIRCLE('',#5886,0.0015);
#405=CIRCLE('',#5887,0.0015);
#406=CIRCLE('',#5889,0.0015);
#407=CIRCLE('',#5892,0.0015);
#408=CIRCLE('',#5895,0.0015);
#409=CIRCLE('',#5897,0.0015);
#410=CIRCLE('',#5898,0.0015);
#411=CIRCLE('',#5901,0.0015);
#412=CIRCLE('',#5903,0.0015);
#413=CIRCLE('',#5904,0.0015);
#414=CIRCLE('',#5907,0.00075);
#415=CIRCLE('',#5908,0.00075);
#416=CIRCLE('',#5910,0.00075);
#417=CIRCLE('',#5912,0.00075);
#418=CIRCLE('',#5914,0.00075);
#419=CIRCLE('',#5916,0.00075);
#420=CIRCLE('',#5918,0.00075);
#421=CIRCLE('',#5921,0.00075);
#422=CIRCLE('',#5926,0.00215);
#423=CIRCLE('',#5934,0.00125);
#424=CIRCLE('',#5936,0.00125);
#425=CIRCLE('',#5938,0.00125);
#426=CIRCLE('',#5940,0.00125);
#427=CIRCLE('',#5944,0.00215);
#428=CIRCLE('',#5952,0.00125);
#429=CIRCLE('',#5954,0.00125);
#430=CIRCLE('',#5956,0.00125);
#431=CIRCLE('',#5959,0.00125);
#432=CIRCLE('',#5962,0.00215);
#433=CIRCLE('',#5970,0.00125);
#434=CIRCLE('',#5972,0.00125);
#435=CIRCLE('',#5974,0.00125);
#436=CIRCLE('',#5977,0.00125);
#437=CIRCLE('',#6005,0.003);
#438=CIRCLE('',#6006,0.003);
#439=CIRCLE('',#6007,0.003);
#440=CIRCLE('',#6008,0.003);
#441=CIRCLE('',#6009,0.003);
#442=CIRCLE('',#6010,0.003);
#443=CIRCLE('',#6011,0.003);
#444=CIRCLE('',#6012,0.003);
#445=LINE('',#7561,#921);
#446=LINE('',#7565,#922);
#447=LINE('',#7569,#923);
#448=LINE('',#7573,#924);
#449=LINE('',#7579,#925);
#450=LINE('',#7583,#926);
#451=LINE('',#7587,#927);
#452=LINE('',#7591,#928);
#453=LINE('',#7597,#929);
#454=LINE('',#7601,#930);
#455=LINE('',#7605,#931);
#456=LINE('',#7609,#932);
#457=LINE('',#7613,#933);
#458=LINE('',#7620,#934);
#459=LINE('',#7628,#935);
#460=LINE('',#7638,#936);
#461=LINE('',#7642,#937);
#462=LINE('',#7644,#938);
#463=LINE('',#7646,#939);
#464=LINE('',#7648,#940);
#465=LINE('',#7650,#941);
#466=LINE('',#7654,#942);
#467=LINE('',#7656,#943);
#468=LINE('',#7661,#944);
#469=LINE('',#7668,#945);
#470=LINE('',#7672,#946);
#471=LINE('',#7674,#947);
#472=LINE('',#7676,#948);
#473=LINE('',#7678,#949);
#474=LINE('',#7679,#950);
#475=LINE('',#7684,#951);
#476=LINE('',#7688,#952);
#477=LINE('',#7689,#953);
#478=LINE('',#7691,#954);
#479=LINE('',#7693,#955);
#480=LINE('',#7695,#956);
#481=LINE('',#7697,#957);
#482=LINE('',#7702,#958);
#483=LINE('',#7709,#959);
#484=LINE('',#7711,#960);
#485=LINE('',#7712,#961);
#486=LINE('',#7714,#962);
#487=LINE('',#7718,#963);
#488=LINE('',#7720,#964);
#489=LINE('',#7722,#965);
#490=LINE('',#7735,#966);
#491=LINE('',#7739,#967);
#492=LINE('',#7744,#968);
#493=LINE('',#7748,#969);
#494=LINE('',#7758,#970);
#495=LINE('',#7762,#971);
#496=LINE('',#7763,#972);
#497=LINE('',#7768,#973);
#498=LINE('',#7772,#974);
#499=LINE('',#7782,#975);
#500=LINE('',#7786,#976);
#501=LINE('',#7790,#977);
#502=LINE('',#7795,#978);
#503=LINE('',#7799,#979);
#504=LINE('',#7809,#980);
#505=LINE('',#7813,#981);
#506=LINE('',#7826,#982);
#507=LINE('',#7834,#983);
#508=LINE('',#7841,#984);
#509=LINE('',#7843,#985);
#510=LINE('',#7845,#986);
#511=LINE('',#7855,#987);
#512=LINE('',#7857,#988);
#513=LINE('',#7859,#989);
#514=LINE('',#7866,#990);
#515=LINE('',#7874,#991);
#516=LINE('',#7881,#992);
#517=LINE('',#7885,#993);
#518=LINE('',#7898,#994);
#519=LINE('',#7902,#995);
#520=LINE('',#7904,#996);
#521=LINE('',#7906,#997);
#522=LINE('',#7913,#998);
#523=LINE('',#7921,#999);
#524=LINE('',#7983,#1000);
#525=LINE('',#8002,#1001);
#526=LINE('',#8010,#1002);
#527=LINE('',#8017,#1003);
#528=LINE('',#8021,#1004);
#529=LINE('',#8025,#1005);
#530=LINE('',#8077,#1006);
#531=LINE('',#8082,#1007);
#532=LINE('',#8086,#1008);
#533=LINE('',#8093,#1009);
#534=LINE('',#8095,#1010);
#535=LINE('',#8102,#1011);
#536=LINE('',#8106,#1012);
#537=LINE('',#8113,#1013);
#538=LINE('',#8115,#1014);
#539=LINE('',#8119,#1015);
#540=LINE('',#8121,#1016);
#541=LINE('',#8122,#1017);
#542=LINE('',#8124,#1018);
#543=LINE('',#8125,#1019);
#544=LINE('',#8128,#1020);
#545=LINE('',#8130,#1021);
#546=LINE('',#8132,#1022);
#547=LINE('',#8134,#1023);
#548=LINE('',#8136,#1024);
#549=LINE('',#8139,#1025);
#550=LINE('',#8140,#1026);
#551=LINE('',#8148,#1027);
#552=LINE('',#8151,#1028);
#553=LINE('',#8153,#1029);
#554=LINE('',#8155,#1030);
#555=LINE('',#8156,#1031);
#556=LINE('',#8158,#1032);
#557=LINE('',#8162,#1033);
#558=LINE('',#8166,#1034);
#559=LINE('',#8168,#1035);
#560=LINE('',#8169,#1036);
#561=LINE('',#8171,#1037);
#562=LINE('',#8174,#1038);
#563=LINE('',#8176,#1039);
#564=LINE('',#8178,#1040);
#565=LINE('',#8180,#1041);
#566=LINE('',#8182,#1042);
#567=LINE('',#8184,#1043);
#568=LINE('',#8186,#1044);
#569=LINE('',#8198,#1045);
#570=LINE('',#8200,#1046);
#571=LINE('',#8202,#1047);
#572=LINE('',#8204,#1048);
#573=LINE('',#8206,#1049);
#574=LINE('',#8208,#1050);
#575=LINE('',#8209,#1051);
#576=LINE('',#8211,#1052);
#577=LINE('',#8212,#1053);
#578=LINE('',#8214,#1054);
#579=LINE('',#8216,#1055);
#580=LINE('',#8218,#1056);
#581=LINE('',#8220,#1057);
#582=LINE('',#8225,#1058);
#583=LINE('',#8228,#1059);
#584=LINE('',#8230,#1060);
#585=LINE('',#8232,#1061);
#586=LINE('',#8241,#1062);
#587=LINE('',#8250,#1063);
#588=LINE('',#8259,#1064);
#589=LINE('',#8266,#1065);
#590=LINE('',#8273,#1066);
#591=LINE('',#8274,#1067);
#592=LINE('',#8315,#1068);
#593=LINE('',#8318,#1069);
#594=LINE('',#8320,#1070);
#595=LINE('',#8322,#1071);
#596=LINE('',#8331,#1072);
#597=LINE('',#8340,#1073);
#598=LINE('',#8344,#1074);
#599=LINE('',#8346,#1075);
#600=LINE('',#8348,#1076);
#601=LINE('',#8350,#1077);
#602=LINE('',#8352,#1078);
#603=LINE('',#8358,#1079);
#604=LINE('',#8360,#1080);
#605=LINE('',#8367,#1081);
#606=LINE('',#8373,#1082);
#607=LINE('',#8377,#1083);
#608=LINE('',#8387,#1084);
#609=LINE('',#8391,#1085);
#610=LINE('',#8393,#1086);
#611=LINE('',#8395,#1087);
#612=LINE('',#8397,#1088);
#613=LINE('',#8399,#1089);
#614=LINE('',#8401,#1090);
#615=LINE('',#8407,#1091);
#616=LINE('',#8409,#1092);
#617=LINE('',#8416,#1093);
#618=LINE('',#8420,#1094);
#619=LINE('',#8422,#1095);
#620=LINE('',#8424,#1096);
#621=LINE('',#8425,#1097);
#622=LINE('',#8429,#1098);
#623=LINE('',#8431,#1099);
#624=LINE('',#8434,#1100);
#625=LINE('',#8438,#1101);
#626=LINE('',#8444,#1102);
#627=LINE('',#8447,#1103);
#628=LINE('',#8454,#1104);
#629=LINE('',#8466,#1105);
#630=LINE('',#8472,#1106);
#631=LINE('',#8475,#1107);
#632=LINE('',#8477,#1108);
#633=LINE('',#8732,#1109);
#634=LINE('',#8734,#1110);
#635=LINE('',#8736,#1111);
#636=LINE('',#8737,#1112);
#637=LINE('',#8738,#1113);
#638=LINE('',#8741,#1114);
#639=LINE('',#8743,#1115);
#640=LINE('',#8747,#1116);
#641=LINE('',#8749,#1117);
#642=LINE('',#8751,#1118);
#643=LINE('',#8755,#1119);
#644=LINE('',#8759,#1120);
#645=LINE('',#8761,#1121);
#646=LINE('',#8763,#1122);
#647=LINE('',#8767,#1123);
#648=LINE('',#8769,#1124);
#649=LINE('',#8770,#1125);
#650=LINE('',#8773,#1126);
#651=LINE('',#8775,#1127);
#652=LINE('',#8779,#1128);
#653=LINE('',#8781,#1129);
#654=LINE('',#8783,#1130);
#655=LINE('',#8787,#1131);
#656=LINE('',#8791,#1132);
#657=LINE('',#8793,#1133);
#658=LINE('',#8795,#1134);
#659=LINE('',#8799,#1135);
#660=LINE('',#8801,#1136);
#661=LINE('',#8802,#1137);
#662=LINE('',#8805,#1138);
#663=LINE('',#8807,#1139);
#664=LINE('',#8811,#1140);
#665=LINE('',#8813,#1141);
#666=LINE('',#8815,#1142);
#667=LINE('',#8819,#1143);
#668=LINE('',#8823,#1144);
#669=LINE('',#8825,#1145);
#670=LINE('',#8827,#1146);
#671=LINE('',#8831,#1147);
#672=LINE('',#8833,#1148);
#673=LINE('',#8835,#1149);
#674=LINE('',#8839,#1150);
#675=LINE('',#8840,#1151);
#676=LINE('',#8842,#1152);
#677=LINE('',#8843,#1153);
#678=LINE('',#8846,#1154);
#679=LINE('',#8850,#1155);
#680=LINE('',#8852,#1156);
#681=LINE('',#8854,#1157);
#682=LINE('',#8858,#1158);
#683=LINE('',#8862,#1159);
#684=LINE('',#8864,#1160);
#685=LINE('',#8866,#1161);
#686=LINE('',#8870,#1162);
#687=LINE('',#8872,#1163);
#688=LINE('',#8874,#1164);
#689=LINE('',#8875,#1165);
#690=LINE('',#8878,#1166);
#691=LINE('',#8882,#1167);
#692=LINE('',#8884,#1168);
#693=LINE('',#8887,#1169);
#694=LINE('',#8890,#1170);
#695=LINE('',#8892,#1171);
#696=LINE('',#8896,#1172);
#697=LINE('',#8898,#1173);
#698=LINE('',#8900,#1174);
#699=LINE('',#8901,#1175);
#700=LINE('',#8904,#1176);
#701=LINE('',#8908,#1177);
#702=LINE('',#8910,#1178);
#703=LINE('',#8912,#1179);
#704=LINE('',#8916,#1180);
#705=LINE('',#8920,#1181);
#706=LINE('',#8922,#1182);
#707=LINE('',#8924,#1183);
#708=LINE('',#8928,#1184);
#709=LINE('',#8930,#1185);
#710=LINE('',#8932,#1186);
#711=LINE('',#8934,#1187);
#712=LINE('',#8936,#1188);
#713=LINE('',#8938,#1189);
#714=LINE('',#8941,#1190);
#715=LINE('',#8944,#1191);
#716=LINE('',#8946,#1192);
#717=LINE('',#8948,#1193);
#718=LINE('',#8950,#1194);
#719=LINE('',#8951,#1195);
#720=LINE('',#8953,#1196);
#721=LINE('',#8955,#1197);
#722=LINE('',#8957,#1198);
#723=LINE('',#8959,#1199);
#724=LINE('',#8961,#1200);
#725=LINE('',#8964,#1201);
#726=LINE('',#8965,#1202);
#727=LINE('',#8968,#1203);
#728=LINE('',#8974,#1204);
#729=LINE('',#8975,#1205);
#730=LINE('',#8979,#1206);
#731=LINE('',#8981,#1207);
#732=LINE('',#8985,#1208);
#733=LINE('',#8988,#1209);
#734=LINE('',#8990,#1210);
#735=LINE('',#8992,#1211);
#736=LINE('',#8997,#1212);
#737=LINE('',#8998,#1213);
#738=LINE('',#9000,#1214);
#739=LINE('',#9002,#1215);
#740=LINE('',#9004,#1216);
#741=LINE('',#9006,#1217);
#742=LINE('',#9008,#1218);
#743=LINE('',#9011,#1219);
#744=LINE('',#9012,#1220);
#745=LINE('',#9015,#1221);
#746=LINE('',#9019,#1222);
#747=LINE('',#9021,#1223);
#748=LINE('',#9025,#1224);
#749=LINE('',#9028,#1225);
#750=LINE('',#9030,#1226);
#751=LINE('',#9032,#1227);
#752=LINE('',#9038,#1228);
#753=LINE('',#9039,#1229);
#754=LINE('',#9041,#1230);
#755=LINE('',#9043,#1231);
#756=LINE('',#9045,#1232);
#757=LINE('',#9047,#1233);
#758=LINE('',#9049,#1234);
#759=LINE('',#9052,#1235);
#760=LINE('',#9053,#1236);
#761=LINE('',#9056,#1237);
#762=LINE('',#9058,#1238);
#763=LINE('',#9060,#1239);
#764=LINE('',#9062,#1240);
#765=LINE('',#9064,#1241);
#766=LINE('',#9066,#1242);
#767=LINE('',#9068,#1243);
#768=LINE('',#9072,#1244);
#769=LINE('',#9074,#1245);
#770=LINE('',#9076,#1246);
#771=LINE('',#9078,#1247);
#772=LINE('',#9080,#1248);
#773=LINE('',#9082,#1249);
#774=LINE('',#9084,#1250);
#775=LINE('',#9086,#1251);
#776=LINE('',#9088,#1252);
#777=LINE('',#9090,#1253);
#778=LINE('',#9092,#1254);
#779=LINE('',#9094,#1255);
#780=LINE('',#9096,#1256);
#781=LINE('',#9098,#1257);
#782=LINE('',#9100,#1258);
#783=LINE('',#9102,#1259);
#784=LINE('',#9104,#1260);
#785=LINE('',#9106,#1261);
#786=LINE('',#9108,#1262);
#787=LINE('',#9109,#1263);
#788=LINE('',#9110,#1264);
#789=LINE('',#9112,#1265);
#790=LINE('',#9114,#1266);
#791=LINE('',#9116,#1267);
#792=LINE('',#9117,#1268);
#793=LINE('',#9118,#1269);
#794=LINE('',#9119,#1270);
#795=LINE('',#9121,#1271);
#796=LINE('',#9123,#1272);
#797=LINE('',#9125,#1273);
#798=LINE('',#9126,#1274);
#799=LINE('',#9127,#1275);
#800=LINE('',#9128,#1276);
#801=LINE('',#9130,#1277);
#802=LINE('',#9132,#1278);
#803=LINE('',#9134,#1279);
#804=LINE('',#9138,#1280);
#805=LINE('',#9144,#1281);
#806=LINE('',#9148,#1282);
#807=LINE('',#9149,#1283);
#808=LINE('',#9151,#1284);
#809=LINE('',#9152,#1285);
#810=LINE('',#9156,#1286);
#811=LINE('',#9158,#1287);
#812=LINE('',#9163,#1288);
#813=LINE('',#9169,#1289);
#814=LINE('',#9173,#1290);
#815=LINE('',#9174,#1291);
#816=LINE('',#9176,#1292);
#817=LINE('',#9177,#1293);
#818=LINE('',#9181,#1294);
#819=LINE('',#9183,#1295);
#820=LINE('',#9188,#1296);
#821=LINE('',#9194,#1297);
#822=LINE('',#9198,#1298);
#823=LINE('',#9199,#1299);
#824=LINE('',#9201,#1300);
#825=LINE('',#9202,#1301);
#826=LINE('',#9206,#1302);
#827=LINE('',#9208,#1303);
#828=LINE('',#9259,#1304);
#829=LINE('',#9356,#1305);
#830=LINE('',#9359,#1306);
#831=LINE('',#9361,#1307);
#832=LINE('',#9363,#1308);
#833=LINE('',#9365,#1309);
#834=LINE('',#9367,#1310);
#835=LINE('',#9369,#1311);
#836=LINE('',#9371,#1312);
#837=LINE('',#9373,#1313);
#838=LINE('',#9375,#1314);
#839=LINE('',#9377,#1315);
#840=LINE('',#9379,#1316);
#841=LINE('',#9381,#1317);
#842=LINE('',#9383,#1318);
#843=LINE('',#9385,#1319);
#844=LINE('',#9387,#1320);
#845=LINE('',#9389,#1321);
#846=LINE('',#9390,#1322);
#847=LINE('',#9409,#1323);
#848=LINE('',#9412,#1324);
#849=LINE('',#9414,#1325);
#850=LINE('',#9416,#1326);
#851=LINE('',#9418,#1327);
#852=LINE('',#9420,#1328);
#853=LINE('',#9422,#1329);
#854=LINE('',#9424,#1330);
#855=LINE('',#9426,#1331);
#856=LINE('',#9428,#1332);
#857=LINE('',#9430,#1333);
#858=LINE('',#9432,#1334);
#859=LINE('',#9434,#1335);
#860=LINE('',#9436,#1336);
#861=LINE('',#9438,#1337);
#862=LINE('',#9440,#1338);
#863=LINE('',#9442,#1339);
#864=LINE('',#9443,#1340);
#865=LINE('',#9462,#1341);
#866=LINE('',#9465,#1342);
#867=LINE('',#9467,#1343);
#868=LINE('',#9469,#1344);
#869=LINE('',#9471,#1345);
#870=LINE('',#9473,#1346);
#871=LINE('',#9475,#1347);
#872=LINE('',#9477,#1348);
#873=LINE('',#9479,#1349);
#874=LINE('',#9481,#1350);
#875=LINE('',#9483,#1351);
#876=LINE('',#9485,#1352);
#877=LINE('',#9487,#1353);
#878=LINE('',#9489,#1354);
#879=LINE('',#9491,#1355);
#880=LINE('',#9493,#1356);
#881=LINE('',#9495,#1357);
#882=LINE('',#9496,#1358);
#883=LINE('',#9512,#1359);
#884=LINE('',#9514,#1360);
#885=LINE('',#9516,#1361);
#886=LINE('',#9518,#1362);
#887=LINE('',#9520,#1363);
#888=LINE('',#9522,#1364);
#889=LINE('',#9524,#1365);
#890=LINE('',#9526,#1366);
#891=LINE('',#9528,#1367);
#892=LINE('',#9530,#1368);
#893=LINE('',#9532,#1369);
#894=LINE('',#9534,#1370);
#895=LINE('',#9537,#1371);
#896=LINE('',#9539,#1372);
#897=LINE('',#9541,#1373);
#898=LINE('',#9543,#1374);
#899=LINE('',#9545,#1375);
#900=LINE('',#9547,#1376);
#901=LINE('',#9549,#1377);
#902=LINE('',#9551,#1378);
#903=LINE('',#9553,#1379);
#904=LINE('',#9555,#1380);
#905=LINE('',#9557,#1381);
#906=LINE('',#9559,#1382);
#907=LINE('',#9562,#1383);
#908=LINE('',#9564,#1384);
#909=LINE('',#9566,#1385);
#910=LINE('',#9568,#1386);
#911=LINE('',#9570,#1387);
#912=LINE('',#9572,#1388);
#913=LINE('',#9574,#1389);
#914=LINE('',#9575,#1390);
#915=LINE('',#9577,#1391);
#916=LINE('',#9578,#1392);
#917=LINE('',#9579,#1393);
#918=LINE('',#9581,#1394);
#919=LINE('',#9608,#1395);
#920=LINE('',#9630,#1396);
#921=VECTOR('',#6020,1.);
#922=VECTOR('',#6023,1.);
#923=VECTOR('',#6026,1.);
#924=VECTOR('',#6029,1.);
#925=VECTOR('',#6034,1.);
#926=VECTOR('',#6037,1.);
#927=VECTOR('',#6040,1.);
#928=VECTOR('',#6043,1.);
#929=VECTOR('',#6048,1.);
#930=VECTOR('',#6051,1.);
#931=VECTOR('',#6054,1.);
#932=VECTOR('',#6057,1.);
#933=VECTOR('',#6060,1.);
#934=VECTOR('',#6061,1.);
#935=VECTOR('',#6062,1.);
#936=VECTOR('',#6063,1.);
#937=VECTOR('',#6066,1.);
#938=VECTOR('',#6069,1.);
#939=VECTOR('',#6070,1.);
#940=VECTOR('',#6071,1.);
#941=VECTOR('',#6074,1.);
#942=VECTOR('',#6077,1.);
#943=VECTOR('',#6080,1.);
#944=VECTOR('',#6083,1.);
#945=VECTOR('',#6090,1.);
#946=VECTOR('',#6095,1.);
#947=VECTOR('',#6096,1.);
#948=VECTOR('',#6097,1.);
#949=VECTOR('',#6100,1.);
#950=VECTOR('',#6101,1.);
#951=VECTOR('',#6106,1.);
#952=VECTOR('',#6111,1.);
#953=VECTOR('',#6112,1.);
#954=VECTOR('',#6115,1.);
#955=VECTOR('',#6116,1.);
#956=VECTOR('',#6117,1.);
#957=VECTOR('',#6120,1.);
#958=VECTOR('',#6123,1.);
#959=VECTOR('',#6130,1.);
#960=VECTOR('',#6131,1.);
#961=VECTOR('',#6132,1.);
#962=VECTOR('',#6133,1.);
#963=VECTOR('',#6136,1.);
#964=VECTOR('',#6137,1.);
#965=VECTOR('',#6140,1.);
#966=VECTOR('',#6143,1.);
#967=VECTOR('',#6146,1.);
#968=VECTOR('',#6151,1.);
#969=VECTOR('',#6154,1.);
#970=VECTOR('',#6155,1.);
#971=VECTOR('',#6158,1.);
#972=VECTOR('',#6159,1.);
#973=VECTOR('',#6164,1.);
#974=VECTOR('',#6167,1.);
#975=VECTOR('',#6168,1.);
#976=VECTOR('',#6171,1.);
#977=VECTOR('',#6174,1.);
#978=VECTOR('',#6179,1.);
#979=VECTOR('',#6182,1.);
#980=VECTOR('',#6183,1.);
#981=VECTOR('',#6186,1.);
#982=VECTOR('',#6191,1.);
#983=VECTOR('',#6192,1.);
#984=VECTOR('',#6193,1.);
#985=VECTOR('',#6194,1.);
#986=VECTOR('',#6195,1.);
#987=VECTOR('',#6200,1.);
#988=VECTOR('',#6201,1.);
#989=VECTOR('',#6202,1.);
#990=VECTOR('',#6203,1.);
#991=VECTOR('',#6206,1.);
#992=VECTOR('',#6207,1.);
#993=VECTOR('',#6210,1.);
#994=VECTOR('',#6215,1.);
#995=VECTOR('',#6218,1.);
#996=VECTOR('',#6219,1.);
#997=VECTOR('',#6220,1.);
#998=VECTOR('',#6221,1.);
#999=VECTOR('',#6222,1.);
#1000=VECTOR('',#6231,1.);
#1001=VECTOR('',#6234,1.);
#1002=VECTOR('',#6235,1.);
#1003=VECTOR('',#6236,1.);
#1004=VECTOR('',#6239,1.);
#1005=VECTOR('',#6242,1.);
#1006=VECTOR('',#6253,1.);
#1007=VECTOR('',#6256,1.);
#1008=VECTOR('',#6259,1.);
#1009=VECTOR('',#6260,1.);
#1010=VECTOR('',#6261,1.);
#1011=VECTOR('',#6268,1.);
#1012=VECTOR('',#6271,1.);
#1013=VECTOR('',#6272,1.);
#1014=VECTOR('',#6273,1.);
#1015=VECTOR('',#6276,1.);
#1016=VECTOR('',#6279,1.);
#1017=VECTOR('',#6280,1.);
#1018=VECTOR('',#6283,1.);
#1019=VECTOR('',#6284,1.);
#1020=VECTOR('',#6289,1.);
#1021=VECTOR('',#6292,1.);
#1022=VECTOR('',#6295,1.);
#1023=VECTOR('',#6296,1.);
#1024=VECTOR('',#6297,1.);
#1025=VECTOR('',#6302,1.);
#1026=VECTOR('',#6303,1.);
#1027=VECTOR('',#6314,1.);
#1028=VECTOR('',#6315,1.);
#1029=VECTOR('',#6316,1.);
#1030=VECTOR('',#6317,1.);
#1031=VECTOR('',#6318,1.);
#1032=VECTOR('',#6319,1.);
#1033=VECTOR('',#6322,1.);
#1034=VECTOR('',#6325,1.);
#1035=VECTOR('',#6326,1.);
#1036=VECTOR('',#6327,1.);
#1037=VECTOR('',#6330,1.);
#1038=VECTOR('',#6331,1.);
#1039=VECTOR('',#6332,1.);
#1040=VECTOR('',#6333,1.);
#1041=VECTOR('',#6334,1.);
#1042=VECTOR('',#6335,1.);
#1043=VECTOR('',#6336,1.);
#1044=VECTOR('',#6337,1.);
#1045=VECTOR('',#6354,1.);
#1046=VECTOR('',#6355,1.);
#1047=VECTOR('',#6358,1.);
#1048=VECTOR('',#6359,1.);
#1049=VECTOR('',#6360,1.);
#1050=VECTOR('',#6361,1.);
#1051=VECTOR('',#6362,1.);
#1052=VECTOR('',#6363,1.);
#1053=VECTOR('',#6364,1.);
#1054=VECTOR('',#6365,1.);
#1055=VECTOR('',#6366,1.);
#1056=VECTOR('',#6367,1.);
#1057=VECTOR('',#6368,1.);
#1058=VECTOR('',#6377,1.);
#1059=VECTOR('',#6378,1.);
#1060=VECTOR('',#6379,1.);
#1061=VECTOR('',#6380,1.);
#1062=VECTOR('',#6383,1.);
#1063=VECTOR('',#6386,1.);
#1064=VECTOR('',#6399,1.);
#1065=VECTOR('',#6408,1.);
#1066=VECTOR('',#6417,1.);
#1067=VECTOR('',#6418,1.);
#1068=VECTOR('',#6451,1.);
#1069=VECTOR('',#6452,1.);
#1070=VECTOR('',#6453,1.);
#1071=VECTOR('',#6454,1.);
#1072=VECTOR('',#6457,1.);
#1073=VECTOR('',#6460,1.);
#1074=VECTOR('',#6465,1.);
#1075=VECTOR('',#6466,1.);
#1076=VECTOR('',#6467,1.);
#1077=VECTOR('',#6468,1.);
#1078=VECTOR('',#6471,1.);
#1079=VECTOR('',#6476,1.);
#1080=VECTOR('',#6477,1.);
#1081=VECTOR('',#6478,1.);
#1082=VECTOR('',#6485,1.);
#1083=VECTOR('',#6492,1.);
#1084=VECTOR('',#6509,1.);
#1085=VECTOR('',#6512,1.);
#1086=VECTOR('',#6513,1.);
#1087=VECTOR('',#6514,1.);
#1088=VECTOR('',#6517,1.);
#1089=VECTOR('',#6518,1.);
#1090=VECTOR('',#6519,1.);
#1091=VECTOR('',#6526,1.);
#1092=VECTOR('',#6527,1.);
#1093=VECTOR('',#6528,1.);
#1094=VECTOR('',#6531,1.);
#1095=VECTOR('',#6534,1.);
#1096=VECTOR('',#6535,1.);
#1097=VECTOR('',#6536,1.);
#1098=VECTOR('',#6543,1.);
#1099=VECTOR('',#6544,1.);
#1100=VECTOR('',#6549,1.);
#1101=VECTOR('',#6556,1.);
#1102=VECTOR('',#6557,1.);
#1103=VECTOR('',#6562,1.);
#1104=VECTOR('',#6565,1.);
#1105=VECTOR('',#6572,1.);
#1106=VECTOR('',#6573,1.);
#1107=VECTOR('',#6578,1.);
#1108=VECTOR('',#6581,1.);
#1109=VECTOR('',#6654,1.);
#1110=VECTOR('',#6655,1.);
#1111=VECTOR('',#6656,1.);
#1112=VECTOR('',#6657,1.);
#1113=VECTOR('',#6658,1.);
#1114=VECTOR('',#6659,1.);
#1115=VECTOR('',#6660,1.);
#1116=VECTOR('',#6663,1.);
#1117=VECTOR('',#6664,1.);
#1118=VECTOR('',#6665,1.);
#1119=VECTOR('',#6668,1.);
#1120=VECTOR('',#6671,1.);
#1121=VECTOR('',#6672,1.);
#1122=VECTOR('',#6673,1.);
#1123=VECTOR('',#6676,1.);
#1124=VECTOR('',#6677,1.);
#1125=VECTOR('',#6678,1.);
#1126=VECTOR('',#6679,1.);
#1127=VECTOR('',#6680,1.);
#1128=VECTOR('',#6683,1.);
#1129=VECTOR('',#6684,1.);
#1130=VECTOR('',#6685,1.);
#1131=VECTOR('',#6688,1.);
#1132=VECTOR('',#6691,1.);
#1133=VECTOR('',#6692,1.);
#1134=VECTOR('',#6693,1.);
#1135=VECTOR('',#6696,1.);
#1136=VECTOR('',#6697,1.);
#1137=VECTOR('',#6698,1.);
#1138=VECTOR('',#6699,1.);
#1139=VECTOR('',#6700,1.);
#1140=VECTOR('',#6703,1.);
#1141=VECTOR('',#6704,1.);
#1142=VECTOR('',#6705,1.);
#1143=VECTOR('',#6708,1.);
#1144=VECTOR('',#6711,1.);
#1145=VECTOR('',#6712,1.);
#1146=VECTOR('',#6713,1.);
#1147=VECTOR('',#6716,1.);
#1148=VECTOR('',#6717,1.);
#1149=VECTOR('',#6720,1.);
#1150=VECTOR('',#6723,1.);
#1151=VECTOR('',#6724,1.);
#1152=VECTOR('',#6725,1.);
#1153=VECTOR('',#6726,1.);
#1154=VECTOR('',#6727,1.);
#1155=VECTOR('',#6730,1.);
#1156=VECTOR('',#6731,1.);
#1157=VECTOR('',#6732,1.);
#1158=VECTOR('',#6735,1.);
#1159=VECTOR('',#6738,1.);
#1160=VECTOR('',#6739,1.);
#1161=VECTOR('',#6740,1.);
#1162=VECTOR('',#6743,1.);
#1163=VECTOR('',#6744,1.);
#1164=VECTOR('',#6745,1.);
#1165=VECTOR('',#6746,1.);
#1166=VECTOR('',#6747,1.);
#1167=VECTOR('',#6750,1.);
#1168=VECTOR('',#6751,1.);
#1169=VECTOR('',#6754,1.);
#1170=VECTOR('',#6757,1.);
#1171=VECTOR('',#6758,1.);
#1172=VECTOR('',#6761,1.);
#1173=VECTOR('',#6762,1.);
#1174=VECTOR('',#6763,1.);
#1175=VECTOR('',#6764,1.);
#1176=VECTOR('',#6765,1.);
#1177=VECTOR('',#6768,1.);
#1178=VECTOR('',#6769,1.);
#1179=VECTOR('',#6770,1.);
#1180=VECTOR('',#6773,1.);
#1181=VECTOR('',#6776,1.);
#1182=VECTOR('',#6777,1.);
#1183=VECTOR('',#6778,1.);
#1184=VECTOR('',#6781,1.);
#1185=VECTOR('',#6782,1.);
#1186=VECTOR('',#6783,1.);
#1187=VECTOR('',#6786,1.);
#1188=VECTOR('',#6789,1.);
#1189=VECTOR('',#6792,1.);
#1190=VECTOR('',#6797,1.);
#1191=VECTOR('',#6798,1.);
#1192=VECTOR('',#6799,1.);
#1193=VECTOR('',#6800,1.);
#1194=VECTOR('',#6803,1.);
#1195=VECTOR('',#6804,1.);
#1196=VECTOR('',#6807,1.);
#1197=VECTOR('',#6808,1.);
#1198=VECTOR('',#6811,1.);
#1199=VECTOR('',#6812,1.);
#1200=VECTOR('',#6815,1.);
#1201=VECTOR('',#6818,1.);
#1202=VECTOR('',#6819,1.);
#1203=VECTOR('',#6822,1.);
#1204=VECTOR('',#6833,1.);
#1205=VECTOR('',#6834,1.);
#1206=VECTOR('',#6841,1.);
#1207=VECTOR('',#6844,1.);
#1208=VECTOR('',#6851,1.);
#1209=VECTOR('',#6852,1.);
#1210=VECTOR('',#6853,1.);
#1211=VECTOR('',#6854,1.);
#1212=VECTOR('',#6863,1.);
#1213=VECTOR('',#6864,1.);
#1214=VECTOR('',#6867,1.);
#1215=VECTOR('',#6868,1.);
#1216=VECTOR('',#6871,1.);
#1217=VECTOR('',#6872,1.);
#1218=VECTOR('',#6875,1.);
#1219=VECTOR('',#6878,1.);
#1220=VECTOR('',#6879,1.);
#1221=VECTOR('',#6882,1.);
#1222=VECTOR('',#6889,1.);
#1223=VECTOR('',#6892,1.);
#1224=VECTOR('',#6899,1.);
#1225=VECTOR('',#6900,1.);
#1226=VECTOR('',#6901,1.);
#1227=VECTOR('',#6902,1.);
#1228=VECTOR('',#6913,1.);
#1229=VECTOR('',#6914,1.);
#1230=VECTOR('',#6917,1.);
#1231=VECTOR('',#6918,1.);
#1232=VECTOR('',#6921,1.);
#1233=VECTOR('',#6922,1.);
#1234=VECTOR('',#6925,1.);
#1235=VECTOR('',#6928,1.);
#1236=VECTOR('',#6929,1.);
#1237=VECTOR('',#6932,1.);
#1238=VECTOR('',#6935,1.);
#1239=VECTOR('',#6938,1.);
#1240=VECTOR('',#6941,1.);
#1241=VECTOR('',#6942,1.);
#1242=VECTOR('',#6945,1.);
#1243=VECTOR('',#6948,1.);
#1244=VECTOR('',#6955,1.);
#1245=VECTOR('',#6956,1.);
#1246=VECTOR('',#6957,1.);
#1247=VECTOR('',#6960,1.);
#1248=VECTOR('',#6961,1.);
#1249=VECTOR('',#6962,1.);
#1250=VECTOR('',#6965,1.);
#1251=VECTOR('',#6966,1.);
#1252=VECTOR('',#6967,1.);
#1253=VECTOR('',#6970,1.);
#1254=VECTOR('',#6971,1.);
#1255=VECTOR('',#6972,1.);
#1256=VECTOR('',#6975,1.);
#1257=VECTOR('',#6976,1.);
#1258=VECTOR('',#6977,1.);
#1259=VECTOR('',#6980,1.);
#1260=VECTOR('',#6981,1.);
#1261=VECTOR('',#6982,1.);
#1262=VECTOR('',#6985,1.);
#1263=VECTOR('',#6986,1.);
#1264=VECTOR('',#6987,1.);
#1265=VECTOR('',#6990,1.);
#1266=VECTOR('',#6991,1.);
#1267=VECTOR('',#6992,1.);
#1268=VECTOR('',#6993,1.);
#1269=VECTOR('',#6994,1.);
#1270=VECTOR('',#6995,1.);
#1271=VECTOR('',#6998,1.);
#1272=VECTOR('',#6999,1.);
#1273=VECTOR('',#7000,1.);
#1274=VECTOR('',#7001,1.);
#1275=VECTOR('',#7002,1.);
#1276=VECTOR('',#7003,1.);
#1277=VECTOR('',#7006,1.);
#1278=VECTOR('',#7007,1.);
#1279=VECTOR('',#7008,1.);
#1280=VECTOR('',#7013,1.);
#1281=VECTOR('',#7020,1.);
#1282=VECTOR('',#7025,1.);
#1283=VECTOR('',#7026,1.);
#1284=VECTOR('',#7029,1.);
#1285=VECTOR('',#7030,1.);
#1286=VECTOR('',#7037,1.);
#1287=VECTOR('',#7040,1.);
#1288=VECTOR('',#7047,1.);
#1289=VECTOR('',#7054,1.);
#1290=VECTOR('',#7059,1.);
#1291=VECTOR('',#7060,1.);
#1292=VECTOR('',#7063,1.);
#1293=VECTOR('',#7064,1.);
#1294=VECTOR('',#7071,1.);
#1295=VECTOR('',#7074,1.);
#1296=VECTOR('',#7081,1.);
#1297=VECTOR('',#7088,1.);
#1298=VECTOR('',#7093,1.);
#1299=VECTOR('',#7094,1.);
#1300=VECTOR('',#7097,1.);
#1301=VECTOR('',#7098,1.);
#1302=VECTOR('',#7105,1.);
#1303=VECTOR('',#7108,1.);
#1304=VECTOR('',#7197,1.);
#1305=VECTOR('',#7292,1.);
#1306=VECTOR('',#7293,1.);
#1307=VECTOR('',#7294,1.);
#1308=VECTOR('',#7295,1.);
#1309=VECTOR('',#7298,1.);
#1310=VECTOR('',#7299,1.);
#1311=VECTOR('',#7300,1.);
#1312=VECTOR('',#7303,1.);
#1313=VECTOR('',#7304,1.);
#1314=VECTOR('',#7305,1.);
#1315=VECTOR('',#7308,1.);
#1316=VECTOR('',#7309,1.);
#1317=VECTOR('',#7310,1.);
#1318=VECTOR('',#7313,1.);
#1319=VECTOR('',#7314,1.);
#1320=VECTOR('',#7315,1.);
#1321=VECTOR('',#7318,1.);
#1322=VECTOR('',#7319,1.);
#1323=VECTOR('',#7346,1.);
#1324=VECTOR('',#7347,1.);
#1325=VECTOR('',#7348,1.);
#1326=VECTOR('',#7349,1.);
#1327=VECTOR('',#7352,1.);
#1328=VECTOR('',#7353,1.);
#1329=VECTOR('',#7354,1.);
#1330=VECTOR('',#7357,1.);
#1331=VECTOR('',#7358,1.);
#1332=VECTOR('',#7359,1.);
#1333=VECTOR('',#7362,1.);
#1334=VECTOR('',#7363,1.);
#1335=VECTOR('',#7364,1.);
#1336=VECTOR('',#7367,1.);
#1337=VECTOR('',#7368,1.);
#1338=VECTOR('',#7369,1.);
#1339=VECTOR('',#7372,1.);
#1340=VECTOR('',#7373,1.);
#1341=VECTOR('',#7400,1.);
#1342=VECTOR('',#7401,1.);
#1343=VECTOR('',#7402,1.);
#1344=VECTOR('',#7403,1.);
#1345=VECTOR('',#7406,1.);
#1346=VECTOR('',#7407,1.);
#1347=VECTOR('',#7408,1.);
#1348=VECTOR('',#7411,1.);
#1349=VECTOR('',#7412,1.);
#1350=VECTOR('',#7413,1.);
#1351=VECTOR('',#7416,1.);
#1352=VECTOR('',#7417,1.);
#1353=VECTOR('',#7418,1.);
#1354=VECTOR('',#7421,1.);
#1355=VECTOR('',#7422,1.);
#1356=VECTOR('',#7423,1.);
#1357=VECTOR('',#7426,1.);
#1358=VECTOR('',#7427,1.);
#1359=VECTOR('',#7450,1.);
#1360=VECTOR('',#7451,1.);
#1361=VECTOR('',#7454,1.);
#1362=VECTOR('',#7455,1.);
#1363=VECTOR('',#7458,1.);
#1364=VECTOR('',#7459,1.);
#1365=VECTOR('',#7462,1.);
#1366=VECTOR('',#7463,1.);
#1367=VECTOR('',#7466,1.);
#1368=VECTOR('',#7467,1.);
#1369=VECTOR('',#7470,1.);
#1370=VECTOR('',#7473,1.);
#1371=VECTOR('',#7478,1.);
#1372=VECTOR('',#7479,1.);
#1373=VECTOR('',#7480,1.);
#1374=VECTOR('',#7483,1.);
#1375=VECTOR('',#7484,1.);
#1376=VECTOR('',#7487,1.);
#1377=VECTOR('',#7488,1.);
#1378=VECTOR('',#7489,1.);
#1379=VECTOR('',#7492,1.);
#1380=VECTOR('',#7495,1.);
#1381=VECTOR('',#7498,1.);
#1382=VECTOR('',#7501,1.);
#1383=VECTOR('',#7506,1.);
#1384=VECTOR('',#7507,1.);
#1385=VECTOR('',#7508,1.);
#1386=VECTOR('',#7511,1.);
#1387=VECTOR('',#7512,1.);
#1388=VECTOR('',#7513,1.);
#1389=VECTOR('',#7516,1.);
#1390=VECTOR('',#7517,1.);
#1391=VECTOR('',#7518,1.);
#1392=VECTOR('',#7519,1.);
#1393=VECTOR('',#7520,1.);
#1394=VECTOR('',#7523,1.);
#1395=VECTOR('',#7534,1.);
#1396=VECTOR('',#7535,1.);
#1397=ORIENTED_EDGE('',*,*,#2981,.F.);
#1398=ORIENTED_EDGE('',*,*,#2982,.T.);
#1399=ORIENTED_EDGE('',*,*,#2983,.F.);
#1400=ORIENTED_EDGE('',*,*,#2984,.F.);
#1401=ORIENTED_EDGE('',*,*,#2985,.F.);
#1402=ORIENTED_EDGE('',*,*,#2986,.T.);
#1403=ORIENTED_EDGE('',*,*,#2987,.F.);
#1404=ORIENTED_EDGE('',*,*,#2988,.F.);
#1405=ORIENTED_EDGE('',*,*,#2989,.F.);
#1406=ORIENTED_EDGE('',*,*,#2990,.F.);
#1407=ORIENTED_EDGE('',*,*,#2991,.T.);
#1408=ORIENTED_EDGE('',*,*,#2992,.F.);
#1409=ORIENTED_EDGE('',*,*,#2993,.F.);
#1410=ORIENTED_EDGE('',*,*,#2994,.F.);
#1411=ORIENTED_EDGE('',*,*,#2995,.T.);
#1412=ORIENTED_EDGE('',*,*,#2996,.F.);
#1413=ORIENTED_EDGE('',*,*,#2997,.F.);
#1414=ORIENTED_EDGE('',*,*,#2998,.F.);
#1415=ORIENTED_EDGE('',*,*,#2999,.F.);
#1416=ORIENTED_EDGE('',*,*,#3000,.T.);
#1417=ORIENTED_EDGE('',*,*,#3001,.F.);
#1418=ORIENTED_EDGE('',*,*,#3002,.F.);
#1419=ORIENTED_EDGE('',*,*,#3003,.F.);
#1420=ORIENTED_EDGE('',*,*,#3004,.T.);
#1421=ORIENTED_EDGE('',*,*,#3005,.T.);
#1422=ORIENTED_EDGE('',*,*,#3006,.F.);
#1423=ORIENTED_EDGE('',*,*,#3007,.T.);
#1424=ORIENTED_EDGE('',*,*,#3008,.T.);
#1425=ORIENTED_EDGE('',*,*,#3009,.T.);
#1426=ORIENTED_EDGE('',*,*,#3010,.F.);
#1427=ORIENTED_EDGE('',*,*,#3011,.T.);
#1428=ORIENTED_EDGE('',*,*,#3012,.T.);
#1429=ORIENTED_EDGE('',*,*,#3013,.T.);
#1430=ORIENTED_EDGE('',*,*,#3014,.T.);
#1431=ORIENTED_EDGE('',*,*,#3015,.F.);
#1432=ORIENTED_EDGE('',*,*,#3016,.F.);
#1433=ORIENTED_EDGE('',*,*,#3017,.F.);
#1434=ORIENTED_EDGE('',*,*,#3018,.T.);
#1435=ORIENTED_EDGE('',*,*,#3019,.F.);
#1436=ORIENTED_EDGE('',*,*,#2982,.F.);
#1437=ORIENTED_EDGE('',*,*,#3020,.F.);
#1438=ORIENTED_EDGE('',*,*,#3014,.F.);
#1439=ORIENTED_EDGE('',*,*,#3021,.T.);
#1440=ORIENTED_EDGE('',*,*,#3022,.T.);
#1441=ORIENTED_EDGE('',*,*,#3023,.T.);
#1442=ORIENTED_EDGE('',*,*,#3024,.T.);
#1443=ORIENTED_EDGE('',*,*,#3025,.T.);
#1444=ORIENTED_EDGE('',*,*,#3026,.T.);
#1445=ORIENTED_EDGE('',*,*,#3027,.F.);
#1446=ORIENTED_EDGE('',*,*,#3028,.F.);
#1447=ORIENTED_EDGE('',*,*,#3029,.F.);
#1448=ORIENTED_EDGE('',*,*,#3030,.F.);
#1449=ORIENTED_EDGE('',*,*,#3031,.T.);
#1450=ORIENTED_EDGE('',*,*,#3032,.F.);
#1451=ORIENTED_EDGE('',*,*,#2991,.F.);
#1452=ORIENTED_EDGE('',*,*,#3033,.F.);
#1453=ORIENTED_EDGE('',*,*,#2986,.F.);
#1454=ORIENTED_EDGE('',*,*,#3034,.F.);
#1455=ORIENTED_EDGE('',*,*,#3028,.T.);
#1456=ORIENTED_EDGE('',*,*,#3035,.F.);
#1457=ORIENTED_EDGE('',*,*,#3036,.F.);
#1458=ORIENTED_EDGE('',*,*,#3037,.F.);
#1459=ORIENTED_EDGE('',*,*,#3038,.F.);
#1460=ORIENTED_EDGE('',*,*,#2995,.F.);
#1461=ORIENTED_EDGE('',*,*,#3039,.F.);
#1462=ORIENTED_EDGE('',*,*,#3036,.T.);
#1463=ORIENTED_EDGE('',*,*,#3040,.F.);
#1464=ORIENTED_EDGE('',*,*,#3041,.T.);
#1465=ORIENTED_EDGE('',*,*,#3042,.F.);
#1466=ORIENTED_EDGE('',*,*,#3000,.F.);
#1467=ORIENTED_EDGE('',*,*,#3043,.T.);
#1468=ORIENTED_EDGE('',*,*,#3044,.T.);
#1469=ORIENTED_EDGE('',*,*,#3045,.T.);
#1470=ORIENTED_EDGE('',*,*,#3046,.T.);
#1471=ORIENTED_EDGE('',*,*,#3047,.T.);
#1472=ORIENTED_EDGE('',*,*,#3048,.T.);
#1473=ORIENTED_EDGE('',*,*,#3049,.T.);
#1474=ORIENTED_EDGE('',*,*,#3037,.T.);
#1475=ORIENTED_EDGE('',*,*,#3039,.T.);
#1476=ORIENTED_EDGE('',*,*,#2994,.T.);
#1477=ORIENTED_EDGE('',*,*,#3050,.F.);
#1478=ORIENTED_EDGE('',*,*,#3051,.F.);
#1479=ORIENTED_EDGE('',*,*,#3052,.T.);
#1480=ORIENTED_EDGE('',*,*,#3053,.F.);
#1481=ORIENTED_EDGE('',*,*,#3054,.F.);
#1482=ORIENTED_EDGE('',*,*,#3055,.T.);
#1483=ORIENTED_EDGE('',*,*,#3056,.T.);
#1484=ORIENTED_EDGE('',*,*,#3057,.T.);
#1485=ORIENTED_EDGE('',*,*,#3058,.F.);
#1486=ORIENTED_EDGE('',*,*,#3059,.F.);
#1487=ORIENTED_EDGE('',*,*,#3060,.T.);
#1488=ORIENTED_EDGE('',*,*,#3061,.F.);
#1489=ORIENTED_EDGE('',*,*,#3041,.F.);
#1490=ORIENTED_EDGE('',*,*,#3062,.F.);
#1491=ORIENTED_EDGE('',*,*,#3063,.F.);
#1492=ORIENTED_EDGE('',*,*,#3064,.T.);
#1493=ORIENTED_EDGE('',*,*,#3065,.F.);
#1494=ORIENTED_EDGE('',*,*,#3066,.F.);
#1495=ORIENTED_EDGE('',*,*,#3067,.F.);
#1496=ORIENTED_EDGE('',*,*,#3068,.T.);
#1497=ORIENTED_EDGE('',*,*,#3069,.F.);
#1498=ORIENTED_EDGE('',*,*,#3047,.F.);
#1499=ORIENTED_EDGE('',*,*,#3070,.T.);
#1500=ORIENTED_EDGE('',*,*,#3071,.F.);
#1501=ORIENTED_EDGE('',*,*,#3031,.F.);
#1502=ORIENTED_EDGE('',*,*,#3072,.F.);
#1503=ORIENTED_EDGE('',*,*,#3073,.T.);
#1504=ORIENTED_EDGE('',*,*,#3074,.T.);
#1505=ORIENTED_EDGE('',*,*,#3075,.F.);
#1506=ORIENTED_EDGE('',*,*,#3076,.F.);
#1507=ORIENTED_EDGE('',*,*,#3077,.F.);
#1508=ORIENTED_EDGE('',*,*,#3078,.T.);
#1509=ORIENTED_EDGE('',*,*,#3079,.T.);
#1510=ORIENTED_EDGE('',*,*,#3080,.F.);
#1511=ORIENTED_EDGE('',*,*,#3081,.T.);
#1512=ORIENTED_EDGE('',*,*,#3082,.F.);
#1513=ORIENTED_EDGE('',*,*,#3018,.F.);
#1514=ORIENTED_EDGE('',*,*,#3083,.F.);
#1515=ORIENTED_EDGE('',*,*,#3084,.T.);
#1516=ORIENTED_EDGE('',*,*,#3085,.T.);
#1517=ORIENTED_EDGE('',*,*,#3086,.F.);
#1518=ORIENTED_EDGE('',*,*,#3087,.F.);
#1519=ORIENTED_EDGE('',*,*,#3088,.F.);
#1520=ORIENTED_EDGE('',*,*,#3089,.T.);
#1521=ORIENTED_EDGE('',*,*,#3090,.T.);
#1522=ORIENTED_EDGE('',*,*,#3091,.F.);
#1523=ORIENTED_EDGE('',*,*,#3092,.F.);
#1524=ORIENTED_EDGE('',*,*,#3022,.F.);
#1525=ORIENTED_EDGE('',*,*,#3093,.T.);
#1526=ORIENTED_EDGE('',*,*,#3094,.F.);
#1527=ORIENTED_EDGE('',*,*,#3095,.T.);
#1528=ORIENTED_EDGE('',*,*,#3096,.F.);
#1529=ORIENTED_EDGE('',*,*,#3097,.T.);
#1530=ORIENTED_EDGE('',*,*,#3098,.F.);
#1531=ORIENTED_EDGE('',*,*,#3099,.F.);
#1532=ORIENTED_EDGE('',*,*,#3100,.F.);
#1533=ORIENTED_EDGE('',*,*,#3101,.F.);
#1534=ORIENTED_EDGE('',*,*,#3102,.F.);
#1535=ORIENTED_EDGE('',*,*,#3103,.T.);
#1536=ORIENTED_EDGE('',*,*,#3104,.F.);
#1537=ORIENTED_EDGE('',*,*,#3105,.F.);
#1538=ORIENTED_EDGE('',*,*,#3106,.F.);
#1539=ORIENTED_EDGE('',*,*,#3107,.F.);
#1540=ORIENTED_EDGE('',*,*,#3108,.F.);
#1541=ORIENTED_EDGE('',*,*,#3109,.F.);
#1542=ORIENTED_EDGE('',*,*,#3110,.F.);
#1543=ORIENTED_EDGE('',*,*,#3111,.F.);
#1544=ORIENTED_EDGE('',*,*,#3112,.T.);
#1545=ORIENTED_EDGE('',*,*,#3113,.T.);
#1546=ORIENTED_EDGE('',*,*,#3114,.T.);
#1547=ORIENTED_EDGE('',*,*,#3115,.T.);
#1548=ORIENTED_EDGE('',*,*,#3116,.F.);
#1549=ORIENTED_EDGE('',*,*,#3117,.F.);
#1550=ORIENTED_EDGE('',*,*,#3118,.F.);
#1551=ORIENTED_EDGE('',*,*,#3119,.F.);
#1552=ORIENTED_EDGE('',*,*,#3120,.F.);
#1553=ORIENTED_EDGE('',*,*,#3121,.T.);
#1554=ORIENTED_EDGE('',*,*,#3122,.T.);
#1555=ORIENTED_EDGE('',*,*,#3123,.T.);
#1556=ORIENTED_EDGE('',*,*,#3124,.T.);
#1557=ORIENTED_EDGE('',*,*,#3125,.T.);
#1558=ORIENTED_EDGE('',*,*,#3111,.T.);
#1559=ORIENTED_EDGE('',*,*,#3126,.F.);
#1560=ORIENTED_EDGE('',*,*,#3105,.T.);
#1561=ORIENTED_EDGE('',*,*,#3127,.F.);
#1562=ORIENTED_EDGE('',*,*,#3128,.F.);
#1563=ORIENTED_EDGE('',*,*,#3129,.F.);
#1564=ORIENTED_EDGE('',*,*,#3130,.F.);
#1565=ORIENTED_EDGE('',*,*,#3131,.F.);
#1566=ORIENTED_EDGE('',*,*,#3132,.F.);
#1567=ORIENTED_EDGE('',*,*,#3133,.F.);
#1568=ORIENTED_EDGE('',*,*,#3134,.T.);
#1569=ORIENTED_EDGE('',*,*,#3135,.F.);
#1570=ORIENTED_EDGE('',*,*,#3113,.F.);
#1571=ORIENTED_EDGE('',*,*,#3136,.T.);
#1572=ORIENTED_EDGE('',*,*,#3137,.F.);
#1573=ORIENTED_EDGE('',*,*,#3138,.T.);
#1574=ORIENTED_EDGE('',*,*,#3139,.T.);
#1575=ORIENTED_EDGE('',*,*,#3140,.T.);
#1576=ORIENTED_EDGE('',*,*,#3141,.T.);
#1577=ORIENTED_EDGE('',*,*,#3142,.T.);
#1578=ORIENTED_EDGE('',*,*,#3143,.T.);
#1579=ORIENTED_EDGE('',*,*,#3144,.T.);
#1580=ORIENTED_EDGE('',*,*,#3145,.F.);
#1581=ORIENTED_EDGE('',*,*,#3146,.F.);
#1582=ORIENTED_EDGE('',*,*,#3147,.F.);
#1583=ORIENTED_EDGE('',*,*,#3148,.F.);
#1584=ORIENTED_EDGE('',*,*,#3149,.F.);
#1585=ORIENTED_EDGE('',*,*,#3150,.F.);
#1586=ORIENTED_EDGE('',*,*,#3151,.F.);
#1587=ORIENTED_EDGE('',*,*,#3152,.F.);
#1588=ORIENTED_EDGE('',*,*,#3103,.F.);
#1589=ORIENTED_EDGE('',*,*,#3153,.T.);
#1590=ORIENTED_EDGE('',*,*,#3154,.T.);
#1591=ORIENTED_EDGE('',*,*,#3155,.T.);
#1592=ORIENTED_EDGE('',*,*,#3156,.T.);
#1593=ORIENTED_EDGE('',*,*,#3157,.T.);
#1594=ORIENTED_EDGE('',*,*,#3158,.T.);
#1595=ORIENTED_EDGE('',*,*,#3159,.T.);
#1596=ORIENTED_EDGE('',*,*,#3160,.T.);
#1597=ORIENTED_EDGE('',*,*,#3161,.T.);
#1598=ORIENTED_EDGE('',*,*,#3162,.F.);
#1599=ORIENTED_EDGE('',*,*,#3163,.F.);
#1600=ORIENTED_EDGE('',*,*,#3164,.F.);
#1601=ORIENTED_EDGE('',*,*,#3165,.T.);
#1602=ORIENTED_EDGE('',*,*,#3166,.T.);
#1603=ORIENTED_EDGE('',*,*,#3167,.T.);
#1604=ORIENTED_EDGE('',*,*,#3168,.T.);
#1605=ORIENTED_EDGE('',*,*,#3169,.T.);
#1606=ORIENTED_EDGE('',*,*,#3170,.F.);
#1607=ORIENTED_EDGE('',*,*,#3171,.F.);
#1608=ORIENTED_EDGE('',*,*,#3145,.T.);
#1609=ORIENTED_EDGE('',*,*,#3172,.T.);
#1610=ORIENTED_EDGE('',*,*,#3134,.F.);
#1611=ORIENTED_EDGE('',*,*,#3075,.T.);
#1612=ORIENTED_EDGE('',*,*,#3173,.T.);
#1613=ORIENTED_EDGE('',*,*,#3043,.F.);
#1614=ORIENTED_EDGE('',*,*,#3174,.T.);
#1615=ORIENTED_EDGE('',*,*,#3077,.T.);
#1616=ORIENTED_EDGE('',*,*,#3175,.F.);
#1617=ORIENTED_EDGE('',*,*,#3025,.F.);
#1618=ORIENTED_EDGE('',*,*,#3176,.T.);
#1619=ORIENTED_EDGE('',*,*,#3088,.T.);
#1620=ORIENTED_EDGE('',*,*,#3177,.F.);
#1621=ORIENTED_EDGE('',*,*,#3086,.T.);
#1622=ORIENTED_EDGE('',*,*,#3178,.T.);
#1623=ORIENTED_EDGE('',*,*,#3065,.T.);
#1624=ORIENTED_EDGE('',*,*,#3179,.T.);
#1625=ORIENTED_EDGE('',*,*,#3180,.F.);
#1626=ORIENTED_EDGE('',*,*,#3181,.T.);
#1627=ORIENTED_EDGE('',*,*,#3067,.T.);
#1628=ORIENTED_EDGE('',*,*,#3182,.F.);
#1629=ORIENTED_EDGE('',*,*,#3183,.F.);
#1630=ORIENTED_EDGE('',*,*,#3058,.T.);
#1631=ORIENTED_EDGE('',*,*,#3184,.T.);
#1632=ORIENTED_EDGE('',*,*,#3004,.F.);
#1633=ORIENTED_EDGE('',*,*,#3180,.T.);
#1634=ORIENTED_EDGE('',*,*,#3185,.T.);
#1635=ORIENTED_EDGE('',*,*,#3186,.T.);
#1636=ORIENTED_EDGE('',*,*,#3187,.T.);
#1637=ORIENTED_EDGE('',*,*,#3188,.F.);
#1638=ORIENTED_EDGE('',*,*,#3189,.F.);
#1639=ORIENTED_EDGE('',*,*,#3190,.T.);
#1640=ORIENTED_EDGE('',*,*,#3191,.T.);
#1641=ORIENTED_EDGE('',*,*,#3143,.F.);
#1642=ORIENTED_EDGE('',*,*,#3192,.T.);
#1643=ORIENTED_EDGE('',*,*,#3193,.T.);
#1644=ORIENTED_EDGE('',*,*,#3194,.T.);
#1645=ORIENTED_EDGE('',*,*,#3195,.T.);
#1646=ORIENTED_EDGE('',*,*,#3196,.T.);
#1647=ORIENTED_EDGE('',*,*,#3197,.T.);
#1648=ORIENTED_EDGE('',*,*,#3198,.T.);
#1649=ORIENTED_EDGE('',*,*,#3006,.T.);
#1650=ORIENTED_EDGE('',*,*,#3199,.T.);
#1651=ORIENTED_EDGE('',*,*,#3200,.T.);
#1652=ORIENTED_EDGE('',*,*,#3201,.T.);
#1653=ORIENTED_EDGE('',*,*,#3202,.T.);
#1654=ORIENTED_EDGE('',*,*,#3203,.T.);
#1655=ORIENTED_EDGE('',*,*,#3204,.F.);
#1656=ORIENTED_EDGE('',*,*,#3205,.T.);
#1657=ORIENTED_EDGE('',*,*,#3206,.T.);
#1658=ORIENTED_EDGE('',*,*,#3207,.T.);
#1659=ORIENTED_EDGE('',*,*,#3207,.F.);
#1660=ORIENTED_EDGE('',*,*,#3208,.T.);
#1661=ORIENTED_EDGE('',*,*,#3199,.F.);
#1662=ORIENTED_EDGE('',*,*,#3209,.T.);
#1663=ORIENTED_EDGE('',*,*,#3210,.T.);
#1664=ORIENTED_EDGE('',*,*,#3211,.T.);
#1665=ORIENTED_EDGE('',*,*,#3212,.F.);
#1666=ORIENTED_EDGE('',*,*,#3213,.T.);
#1667=ORIENTED_EDGE('',*,*,#3214,.T.);
#1668=ORIENTED_EDGE('',*,*,#3212,.T.);
#1669=ORIENTED_EDGE('',*,*,#3116,.T.);
#1670=ORIENTED_EDGE('',*,*,#3215,.T.);
#1671=ORIENTED_EDGE('',*,*,#3216,.T.);
#1672=ORIENTED_EDGE('',*,*,#3217,.T.);
#1673=ORIENTED_EDGE('',*,*,#3218,.T.);
#1674=ORIENTED_EDGE('',*,*,#3210,.F.);
#1675=ORIENTED_EDGE('',*,*,#3214,.F.);
#1676=ORIENTED_EDGE('',*,*,#3219,.T.);
#1677=ORIENTED_EDGE('',*,*,#3220,.T.);
#1678=ORIENTED_EDGE('',*,*,#3055,.F.);
#1679=ORIENTED_EDGE('',*,*,#3221,.F.);
#1680=ORIENTED_EDGE('',*,*,#3222,.T.);
#1681=ORIENTED_EDGE('',*,*,#3223,.T.);
#1682=ORIENTED_EDGE('',*,*,#3224,.T.);
#1683=ORIENTED_EDGE('',*,*,#3225,.F.);
#1684=ORIENTED_EDGE('',*,*,#3094,.T.);
#1685=ORIENTED_EDGE('',*,*,#3226,.T.);
#1686=ORIENTED_EDGE('',*,*,#3012,.F.);
#1687=ORIENTED_EDGE('',*,*,#3227,.T.);
#1688=ORIENTED_EDGE('',*,*,#3228,.T.);
#1689=ORIENTED_EDGE('',*,*,#3229,.T.);
#1690=ORIENTED_EDGE('',*,*,#3230,.F.);
#1691=ORIENTED_EDGE('',*,*,#3231,.T.);
#1692=ORIENTED_EDGE('',*,*,#3232,.T.);
#1693=ORIENTED_EDGE('',*,*,#3233,.T.);
#1694=ORIENTED_EDGE('',*,*,#3234,.T.);
#1695=ORIENTED_EDGE('',*,*,#3235,.T.);
#1696=ORIENTED_EDGE('',*,*,#3236,.T.);
#1697=ORIENTED_EDGE('',*,*,#3237,.T.);
#1698=ORIENTED_EDGE('',*,*,#3137,.T.);
#1699=ORIENTED_EDGE('',*,*,#3238,.T.);
#1700=ORIENTED_EDGE('',*,*,#3124,.F.);
#1701=ORIENTED_EDGE('',*,*,#3239,.F.);
#1702=ORIENTED_EDGE('',*,*,#3240,.T.);
#1703=ORIENTED_EDGE('',*,*,#3122,.F.);
#1704=ORIENTED_EDGE('',*,*,#3241,.T.);
#1705=ORIENTED_EDGE('',*,*,#3242,.F.);
#1706=ORIENTED_EDGE('',*,*,#3243,.T.);
#1707=ORIENTED_EDGE('',*,*,#3139,.F.);
#1708=ORIENTED_EDGE('',*,*,#3244,.T.);
#1709=ORIENTED_EDGE('',*,*,#3245,.T.);
#1710=ORIENTED_EDGE('',*,*,#3246,.T.);
#1711=ORIENTED_EDGE('',*,*,#3247,.T.);
#1712=ORIENTED_EDGE('',*,*,#3096,.T.);
#1713=ORIENTED_EDGE('',*,*,#3248,.F.);
#1714=ORIENTED_EDGE('',*,*,#3010,.T.);
#1715=ORIENTED_EDGE('',*,*,#3249,.T.);
#1716=ORIENTED_EDGE('',*,*,#3242,.T.);
#1717=ORIENTED_EDGE('',*,*,#3250,.T.);
#1718=ORIENTED_EDGE('',*,*,#3246,.F.);
#1719=ORIENTED_EDGE('',*,*,#3251,.T.);
#1720=ORIENTED_EDGE('',*,*,#3227,.F.);
#1721=ORIENTED_EDGE('',*,*,#3011,.F.);
#1722=ORIENTED_EDGE('',*,*,#3248,.T.);
#1723=ORIENTED_EDGE('',*,*,#3095,.F.);
#1724=ORIENTED_EDGE('',*,*,#3244,.F.);
#1725=ORIENTED_EDGE('',*,*,#3138,.F.);
#1726=ORIENTED_EDGE('',*,*,#3239,.T.);
#1727=ORIENTED_EDGE('',*,*,#3123,.F.);
#1728=ORIENTED_EDGE('',*,*,#3252,.F.);
#1729=ORIENTED_EDGE('',*,*,#3253,.T.);
#1730=ORIENTED_EDGE('',*,*,#3200,.F.);
#1731=ORIENTED_EDGE('',*,*,#3254,.F.);
#1732=ORIENTED_EDGE('',*,*,#3184,.F.);
#1733=ORIENTED_EDGE('',*,*,#3005,.F.);
#1734=ORIENTED_EDGE('',*,*,#3254,.T.);
#1735=ORIENTED_EDGE('',*,*,#3209,.F.);
#1736=ORIENTED_EDGE('',*,*,#3057,.F.);
#1737=ORIENTED_EDGE('',*,*,#3255,.T.);
#1738=ORIENTED_EDGE('',*,*,#3252,.T.);
#1739=ORIENTED_EDGE('',*,*,#3256,.F.);
#1740=ORIENTED_EDGE('',*,*,#3203,.F.);
#1741=ORIENTED_EDGE('',*,*,#3257,.F.);
#1742=ORIENTED_EDGE('',*,*,#3191,.F.);
#1743=ORIENTED_EDGE('',*,*,#3144,.F.);
#1744=ORIENTED_EDGE('',*,*,#3257,.T.);
#1745=ORIENTED_EDGE('',*,*,#3258,.F.);
#1746=ORIENTED_EDGE('',*,*,#3259,.F.);
#1747=ORIENTED_EDGE('',*,*,#3260,.T.);
#1748=ORIENTED_EDGE('',*,*,#3114,.F.);
#1749=ORIENTED_EDGE('',*,*,#3202,.F.);
#1750=ORIENTED_EDGE('',*,*,#3261,.T.);
#1751=ORIENTED_EDGE('',*,*,#3259,.T.);
#1752=ORIENTED_EDGE('',*,*,#3172,.F.);
#1753=ORIENTED_EDGE('',*,*,#3258,.T.);
#1754=ORIENTED_EDGE('',*,*,#3262,.T.);
#1755=ORIENTED_EDGE('',*,*,#3263,.T.);
#1756=ORIENTED_EDGE('',*,*,#3264,.F.);
#1757=ORIENTED_EDGE('',*,*,#3265,.T.);
#1758=ORIENTED_EDGE('',*,*,#3266,.T.);
#1759=ORIENTED_EDGE('',*,*,#3267,.F.);
#1760=ORIENTED_EDGE('',*,*,#3268,.F.);
#1761=ORIENTED_EDGE('',*,*,#3269,.F.);
#1762=ORIENTED_EDGE('',*,*,#3270,.T.);
#1763=ORIENTED_EDGE('',*,*,#3271,.T.);
#1764=ORIENTED_EDGE('',*,*,#3272,.F.);
#1765=ORIENTED_EDGE('',*,*,#3153,.F.);
#1766=ORIENTED_EDGE('',*,*,#3273,.T.);
#1767=ORIENTED_EDGE('',*,*,#3274,.T.);
#1768=ORIENTED_EDGE('',*,*,#3275,.T.);
#1769=ORIENTED_EDGE('',*,*,#3276,.F.);
#1770=ORIENTED_EDGE('',*,*,#3277,.T.);
#1771=ORIENTED_EDGE('',*,*,#3278,.T.);
#1772=ORIENTED_EDGE('',*,*,#3276,.T.);
#1773=ORIENTED_EDGE('',*,*,#3279,.T.);
#1774=ORIENTED_EDGE('',*,*,#3280,.F.);
#1775=ORIENTED_EDGE('',*,*,#3281,.T.);
#1776=ORIENTED_EDGE('',*,*,#3282,.T.);
#1777=ORIENTED_EDGE('',*,*,#3283,.F.);
#1778=ORIENTED_EDGE('',*,*,#3284,.T.);
#1779=ORIENTED_EDGE('',*,*,#3120,.T.);
#1780=ORIENTED_EDGE('',*,*,#3285,.T.);
#1781=ORIENTED_EDGE('',*,*,#3286,.T.);
#1782=ORIENTED_EDGE('',*,*,#3160,.F.);
#1783=ORIENTED_EDGE('',*,*,#3287,.T.);
#1784=ORIENTED_EDGE('',*,*,#3264,.T.);
#1785=ORIENTED_EDGE('',*,*,#3288,.T.);
#1786=ORIENTED_EDGE('',*,*,#3289,.T.);
#1787=ORIENTED_EDGE('',*,*,#3290,.T.);
#1788=ORIENTED_EDGE('',*,*,#3098,.T.);
#1789=ORIENTED_EDGE('',*,*,#3291,.T.);
#1790=ORIENTED_EDGE('',*,*,#3262,.F.);
#1791=ORIENTED_EDGE('',*,*,#3292,.T.);
#1792=ORIENTED_EDGE('',*,*,#3280,.T.);
#1793=ORIENTED_EDGE('',*,*,#3101,.T.);
#1794=ORIENTED_EDGE('',*,*,#3293,.T.);
#1795=ORIENTED_EDGE('',*,*,#3221,.T.);
#1796=ORIENTED_EDGE('',*,*,#3225,.T.);
#1797=ORIENTED_EDGE('',*,*,#3294,.T.);
#1798=ORIENTED_EDGE('',*,*,#3117,.T.);
#1799=ORIENTED_EDGE('',*,*,#3295,.T.);
#1800=ORIENTED_EDGE('',*,*,#3296,.T.);
#1801=ORIENTED_EDGE('',*,*,#3170,.T.);
#1802=ORIENTED_EDGE('',*,*,#3297,.T.);
#1803=ORIENTED_EDGE('',*,*,#3298,.T.);
#1804=ORIENTED_EDGE('',*,*,#3299,.T.);
#1805=ORIENTED_EDGE('',*,*,#3195,.F.);
#1806=ORIENTED_EDGE('',*,*,#3300,.T.);
#1807=ORIENTED_EDGE('',*,*,#3301,.T.);
#1808=ORIENTED_EDGE('',*,*,#3302,.T.);
#1809=ORIENTED_EDGE('',*,*,#3303,.F.);
#1810=ORIENTED_EDGE('',*,*,#3295,.F.);
#1811=ORIENTED_EDGE('',*,*,#3304,.T.);
#1812=ORIENTED_EDGE('',*,*,#3305,.F.);
#1813=ORIENTED_EDGE('',*,*,#3306,.T.);
#1814=ORIENTED_EDGE('',*,*,#3307,.T.);
#1815=ORIENTED_EDGE('',*,*,#3308,.F.);
#1816=ORIENTED_EDGE('',*,*,#3309,.F.);
#1817=ORIENTED_EDGE('',*,*,#3310,.F.);
#1818=ORIENTED_EDGE('',*,*,#3311,.T.);
#1819=ORIENTED_EDGE('',*,*,#3312,.T.);
#1820=ORIENTED_EDGE('',*,*,#3193,.F.);
#1821=ORIENTED_EDGE('',*,*,#3313,.F.);
#1822=ORIENTED_EDGE('',*,*,#3141,.F.);
#1823=ORIENTED_EDGE('',*,*,#3314,.T.);
#1824=ORIENTED_EDGE('',*,*,#3228,.F.);
#1825=ORIENTED_EDGE('',*,*,#3315,.T.);
#1826=ORIENTED_EDGE('',*,*,#3305,.T.);
#1827=ORIENTED_EDGE('',*,*,#3197,.F.);
#1828=ORIENTED_EDGE('',*,*,#3316,.T.);
#1829=ORIENTED_EDGE('',*,*,#3317,.T.);
#1830=ORIENTED_EDGE('',*,*,#3168,.F.);
#1831=ORIENTED_EDGE('',*,*,#3318,.T.);
#1832=ORIENTED_EDGE('',*,*,#3230,.T.);
#1833=ORIENTED_EDGE('',*,*,#3319,.T.);
#1834=ORIENTED_EDGE('',*,*,#3008,.F.);
#1835=ORIENTED_EDGE('',*,*,#3320,.T.);
#1836=ORIENTED_EDGE('',*,*,#3007,.F.);
#1837=ORIENTED_EDGE('',*,*,#3198,.F.);
#1838=ORIENTED_EDGE('',*,*,#3320,.F.);
#1839=ORIENTED_EDGE('',*,*,#3142,.F.);
#1840=ORIENTED_EDGE('',*,*,#3313,.T.);
#1841=ORIENTED_EDGE('',*,*,#3192,.F.);
#1842=ORIENTED_EDGE('',*,*,#3321,.T.);
#1843=ORIENTED_EDGE('',*,*,#3322,.T.);
#1844=ORIENTED_EDGE('',*,*,#3164,.T.);
#1845=ORIENTED_EDGE('',*,*,#3323,.F.);
#1846=ORIENTED_EDGE('',*,*,#3233,.F.);
#1847=ORIENTED_EDGE('',*,*,#3163,.T.);
#1848=ORIENTED_EDGE('',*,*,#3324,.T.);
#1849=ORIENTED_EDGE('',*,*,#3310,.T.);
#1850=ORIENTED_EDGE('',*,*,#3325,.F.);
#1851=ORIENTED_EDGE('',*,*,#3234,.F.);
#1852=ORIENTED_EDGE('',*,*,#3323,.T.);
#1853=ORIENTED_EDGE('',*,*,#3325,.T.);
#1854=ORIENTED_EDGE('',*,*,#3309,.T.);
#1855=ORIENTED_EDGE('',*,*,#3326,.F.);
#1856=ORIENTED_EDGE('',*,*,#3327,.T.);
#1857=ORIENTED_EDGE('',*,*,#3235,.F.);
#1858=ORIENTED_EDGE('',*,*,#3322,.F.);
#1859=ORIENTED_EDGE('',*,*,#3328,.T.);
#1860=ORIENTED_EDGE('',*,*,#3165,.F.);
#1861=ORIENTED_EDGE('',*,*,#3308,.T.);
#1862=ORIENTED_EDGE('',*,*,#3329,.T.);
#1863=ORIENTED_EDGE('',*,*,#3326,.T.);
#1864=ORIENTED_EDGE('',*,*,#3269,.T.);
#1865=ORIENTED_EDGE('',*,*,#3330,.T.);
#1866=ORIENTED_EDGE('',*,*,#3284,.F.);
#1867=ORIENTED_EDGE('',*,*,#3331,.T.);
#1868=ORIENTED_EDGE('',*,*,#3332,.T.);
#1869=ORIENTED_EDGE('',*,*,#3155,.F.);
#1870=ORIENTED_EDGE('',*,*,#3333,.T.);
#1871=ORIENTED_EDGE('',*,*,#3277,.F.);
#1872=ORIENTED_EDGE('',*,*,#3330,.F.);
#1873=ORIENTED_EDGE('',*,*,#3268,.T.);
#1874=ORIENTED_EDGE('',*,*,#3334,.T.);
#1875=ORIENTED_EDGE('',*,*,#3267,.T.);
#1876=ORIENTED_EDGE('',*,*,#3335,.T.);
#1877=ORIENTED_EDGE('',*,*,#3336,.F.);
#1878=ORIENTED_EDGE('',*,*,#3156,.F.);
#1879=ORIENTED_EDGE('',*,*,#3334,.F.);
#1880=ORIENTED_EDGE('',*,*,#3283,.T.);
#1881=ORIENTED_EDGE('',*,*,#3337,.T.);
#1882=ORIENTED_EDGE('',*,*,#3331,.F.);
#1883=ORIENTED_EDGE('',*,*,#3336,.T.);
#1884=ORIENTED_EDGE('',*,*,#3338,.T.);
#1885=ORIENTED_EDGE('',*,*,#3157,.F.);
#1886=ORIENTED_EDGE('',*,*,#3335,.F.);
#1887=ORIENTED_EDGE('',*,*,#3266,.F.);
#1888=ORIENTED_EDGE('',*,*,#3339,.F.);
#1889=ORIENTED_EDGE('',*,*,#3158,.F.);
#1890=ORIENTED_EDGE('',*,*,#3338,.F.);
#1891=ORIENTED_EDGE('',*,*,#3287,.F.);
#1892=ORIENTED_EDGE('',*,*,#3159,.F.);
#1893=ORIENTED_EDGE('',*,*,#3339,.T.);
#1894=ORIENTED_EDGE('',*,*,#3265,.F.);
#1895=ORIENTED_EDGE('',*,*,#3337,.F.);
#1896=ORIENTED_EDGE('',*,*,#3282,.F.);
#1897=ORIENTED_EDGE('',*,*,#3340,.F.);
#1898=ORIENTED_EDGE('',*,*,#3270,.F.);
#1899=ORIENTED_EDGE('',*,*,#3332,.F.);
#1900=ORIENTED_EDGE('',*,*,#3340,.T.);
#1901=ORIENTED_EDGE('',*,*,#3281,.F.);
#1902=ORIENTED_EDGE('',*,*,#3292,.F.);
#1903=ORIENTED_EDGE('',*,*,#3271,.F.);
#1904=ORIENTED_EDGE('',*,*,#3329,.F.);
#1905=ORIENTED_EDGE('',*,*,#3307,.F.);
#1906=ORIENTED_EDGE('',*,*,#3341,.F.);
#1907=ORIENTED_EDGE('',*,*,#3236,.F.);
#1908=ORIENTED_EDGE('',*,*,#3327,.F.);
#1909=ORIENTED_EDGE('',*,*,#3315,.F.);
#1910=ORIENTED_EDGE('',*,*,#3237,.F.);
#1911=ORIENTED_EDGE('',*,*,#3341,.T.);
#1912=ORIENTED_EDGE('',*,*,#3306,.F.);
#1913=ORIENTED_EDGE('',*,*,#3321,.F.);
#1914=ORIENTED_EDGE('',*,*,#3232,.F.);
#1915=ORIENTED_EDGE('',*,*,#3342,.F.);
#1916=ORIENTED_EDGE('',*,*,#3166,.F.);
#1917=ORIENTED_EDGE('',*,*,#3328,.F.);
#1918=ORIENTED_EDGE('',*,*,#3342,.T.);
#1919=ORIENTED_EDGE('',*,*,#3231,.F.);
#1920=ORIENTED_EDGE('',*,*,#3318,.F.);
#1921=ORIENTED_EDGE('',*,*,#3167,.F.);
#1922=ORIENTED_EDGE('',*,*,#3343,.T.);
#1923=ORIENTED_EDGE('',*,*,#3344,.T.);
#1924=ORIENTED_EDGE('',*,*,#3345,.T.);
#1925=ORIENTED_EDGE('',*,*,#3346,.T.);
#1926=ORIENTED_EDGE('',*,*,#3347,.T.);
#1927=ORIENTED_EDGE('',*,*,#3348,.T.);
#1928=ORIENTED_EDGE('',*,*,#3349,.T.);
#1929=ORIENTED_EDGE('',*,*,#3350,.T.);
#1930=ORIENTED_EDGE('',*,*,#3351,.T.);
#1931=ORIENTED_EDGE('',*,*,#3352,.T.);
#1932=ORIENTED_EDGE('',*,*,#3353,.F.);
#1933=ORIENTED_EDGE('',*,*,#3351,.F.);
#1934=ORIENTED_EDGE('',*,*,#3354,.F.);
#1935=ORIENTED_EDGE('',*,*,#3136,.F.);
#1936=ORIENTED_EDGE('',*,*,#3354,.T.);
#1937=ORIENTED_EDGE('',*,*,#3350,.F.);
#1938=ORIENTED_EDGE('',*,*,#3355,.F.);
#1939=ORIENTED_EDGE('',*,*,#3238,.F.);
#1940=ORIENTED_EDGE('',*,*,#3353,.T.);
#1941=ORIENTED_EDGE('',*,*,#3112,.F.);
#1942=ORIENTED_EDGE('',*,*,#3356,.F.);
#1943=ORIENTED_EDGE('',*,*,#3348,.F.);
#1944=ORIENTED_EDGE('',*,*,#3355,.T.);
#1945=ORIENTED_EDGE('',*,*,#3349,.F.);
#1946=ORIENTED_EDGE('',*,*,#3356,.T.);
#1947=ORIENTED_EDGE('',*,*,#3125,.F.);
#1948=ORIENTED_EDGE('',*,*,#3352,.F.);
#1949=ORIENTED_EDGE('',*,*,#3240,.F.);
#1950=ORIENTED_EDGE('',*,*,#3357,.F.);
#1951=ORIENTED_EDGE('',*,*,#3346,.F.);
#1952=ORIENTED_EDGE('',*,*,#3358,.F.);
#1953=ORIENTED_EDGE('',*,*,#3013,.F.);
#1954=ORIENTED_EDGE('',*,*,#3358,.T.);
#1955=ORIENTED_EDGE('',*,*,#3345,.F.);
#1956=ORIENTED_EDGE('',*,*,#3359,.F.);
#1957=ORIENTED_EDGE('',*,*,#3021,.F.);
#1958=ORIENTED_EDGE('',*,*,#3357,.T.);
#1959=ORIENTED_EDGE('',*,*,#3226,.F.);
#1960=ORIENTED_EDGE('',*,*,#3360,.F.);
#1961=ORIENTED_EDGE('',*,*,#3343,.F.);
#1962=ORIENTED_EDGE('',*,*,#3359,.T.);
#1963=ORIENTED_EDGE('',*,*,#3344,.F.);
#1964=ORIENTED_EDGE('',*,*,#3360,.T.);
#1965=ORIENTED_EDGE('',*,*,#3093,.F.);
#1966=ORIENTED_EDGE('',*,*,#3245,.F.);
#1967=ORIENTED_EDGE('',*,*,#3347,.F.);
#1968=ORIENTED_EDGE('',*,*,#3361,.F.);
#1969=ORIENTED_EDGE('',*,*,#3362,.F.);
#1970=ORIENTED_EDGE('',*,*,#3363,.F.);
#1971=ORIENTED_EDGE('',*,*,#3364,.F.);
#1972=ORIENTED_EDGE('',*,*,#3365,.F.);
#1973=ORIENTED_EDGE('',*,*,#3366,.F.);
#1974=ORIENTED_EDGE('',*,*,#3216,.F.);
#1975=ORIENTED_EDGE('',*,*,#3367,.T.);
#1976=ORIENTED_EDGE('',*,*,#3368,.F.);
#1977=ORIENTED_EDGE('',*,*,#3369,.F.);
#1978=ORIENTED_EDGE('',*,*,#3370,.T.);
#1979=ORIENTED_EDGE('',*,*,#3204,.T.);
#1980=ORIENTED_EDGE('',*,*,#3256,.T.);
#1981=ORIENTED_EDGE('',*,*,#3190,.F.);
#1982=ORIENTED_EDGE('',*,*,#3371,.F.);
#1983=ORIENTED_EDGE('',*,*,#3372,.T.);
#1984=ORIENTED_EDGE('',*,*,#3373,.T.);
#1985=ORIENTED_EDGE('',*,*,#3374,.T.);
#1986=ORIENTED_EDGE('',*,*,#3375,.F.);
#1987=ORIENTED_EDGE('',*,*,#3376,.F.);
#1988=ORIENTED_EDGE('',*,*,#3377,.F.);
#1989=ORIENTED_EDGE('',*,*,#3378,.F.);
#1990=ORIENTED_EDGE('',*,*,#3379,.F.);
#1991=ORIENTED_EDGE('',*,*,#3380,.T.);
#1992=ORIENTED_EDGE('',*,*,#3381,.F.);
#1993=ORIENTED_EDGE('',*,*,#3382,.F.);
#1994=ORIENTED_EDGE('',*,*,#3383,.T.);
#1995=ORIENTED_EDGE('',*,*,#3384,.F.);
#1996=ORIENTED_EDGE('',*,*,#3385,.F.);
#1997=ORIENTED_EDGE('',*,*,#3386,.T.);
#1998=ORIENTED_EDGE('',*,*,#3387,.F.);
#1999=ORIENTED_EDGE('',*,*,#3388,.T.);
#2000=ORIENTED_EDGE('',*,*,#3389,.T.);
#2001=ORIENTED_EDGE('',*,*,#3390,.T.);
#2002=ORIENTED_EDGE('',*,*,#3391,.F.);
#2003=ORIENTED_EDGE('',*,*,#3392,.F.);
#2004=ORIENTED_EDGE('',*,*,#3393,.F.);
#2005=ORIENTED_EDGE('',*,*,#3394,.F.);
#2006=ORIENTED_EDGE('',*,*,#3395,.F.);
#2007=ORIENTED_EDGE('',*,*,#3396,.T.);
#2008=ORIENTED_EDGE('',*,*,#3397,.F.);
#2009=ORIENTED_EDGE('',*,*,#3398,.F.);
#2010=ORIENTED_EDGE('',*,*,#3399,.T.);
#2011=ORIENTED_EDGE('',*,*,#3400,.F.);
#2012=ORIENTED_EDGE('',*,*,#3401,.F.);
#2013=ORIENTED_EDGE('',*,*,#3402,.T.);
#2014=ORIENTED_EDGE('',*,*,#3403,.F.);
#2015=ORIENTED_EDGE('',*,*,#3404,.T.);
#2016=ORIENTED_EDGE('',*,*,#3405,.T.);
#2017=ORIENTED_EDGE('',*,*,#3406,.T.);
#2018=ORIENTED_EDGE('',*,*,#3407,.F.);
#2019=ORIENTED_EDGE('',*,*,#3408,.F.);
#2020=ORIENTED_EDGE('',*,*,#3409,.F.);
#2021=ORIENTED_EDGE('',*,*,#3410,.F.);
#2022=ORIENTED_EDGE('',*,*,#3411,.F.);
#2023=ORIENTED_EDGE('',*,*,#3412,.T.);
#2024=ORIENTED_EDGE('',*,*,#3413,.F.);
#2025=ORIENTED_EDGE('',*,*,#3414,.F.);
#2026=ORIENTED_EDGE('',*,*,#3415,.T.);
#2027=ORIENTED_EDGE('',*,*,#3416,.F.);
#2028=ORIENTED_EDGE('',*,*,#3417,.F.);
#2029=ORIENTED_EDGE('',*,*,#3418,.T.);
#2030=ORIENTED_EDGE('',*,*,#3419,.F.);
#2031=ORIENTED_EDGE('',*,*,#3420,.F.);
#2032=ORIENTED_EDGE('',*,*,#3421,.T.);
#2033=ORIENTED_EDGE('',*,*,#3219,.F.);
#2034=ORIENTED_EDGE('',*,*,#3213,.F.);
#2035=ORIENTED_EDGE('',*,*,#3211,.F.);
#2036=ORIENTED_EDGE('',*,*,#3218,.F.);
#2037=ORIENTED_EDGE('',*,*,#3422,.T.);
#2038=ORIENTED_EDGE('',*,*,#3188,.T.);
#2039=ORIENTED_EDGE('',*,*,#3208,.F.);
#2040=ORIENTED_EDGE('',*,*,#3206,.F.);
#2041=ORIENTED_EDGE('',*,*,#3423,.F.);
#2042=ORIENTED_EDGE('',*,*,#3424,.F.);
#2043=ORIENTED_EDGE('',*,*,#3425,.T.);
#2044=ORIENTED_EDGE('',*,*,#3426,.F.);
#2045=ORIENTED_EDGE('',*,*,#3427,.T.);
#2046=ORIENTED_EDGE('',*,*,#3428,.T.);
#2047=ORIENTED_EDGE('',*,*,#3429,.F.);
#2048=ORIENTED_EDGE('',*,*,#3430,.T.);
#2049=ORIENTED_EDGE('',*,*,#3431,.T.);
#2050=ORIENTED_EDGE('',*,*,#3432,.F.);
#2051=ORIENTED_EDGE('',*,*,#3433,.T.);
#2052=ORIENTED_EDGE('',*,*,#3434,.T.);
#2053=ORIENTED_EDGE('',*,*,#3435,.T.);
#2054=ORIENTED_EDGE('',*,*,#3436,.T.);
#2055=ORIENTED_EDGE('',*,*,#3437,.T.);
#2056=ORIENTED_EDGE('',*,*,#3438,.F.);
#2057=ORIENTED_EDGE('',*,*,#3439,.F.);
#2058=ORIENTED_EDGE('',*,*,#3440,.F.);
#2059=ORIENTED_EDGE('',*,*,#3441,.T.);
#2060=ORIENTED_EDGE('',*,*,#3442,.F.);
#2061=ORIENTED_EDGE('',*,*,#3443,.T.);
#2062=ORIENTED_EDGE('',*,*,#3444,.T.);
#2063=ORIENTED_EDGE('',*,*,#3445,.F.);
#2064=ORIENTED_EDGE('',*,*,#3053,.T.);
#2065=ORIENTED_EDGE('',*,*,#3446,.T.);
#2066=ORIENTED_EDGE('',*,*,#3447,.F.);
#2067=ORIENTED_EDGE('',*,*,#3448,.T.);
#2068=ORIENTED_EDGE('',*,*,#3051,.T.);
#2069=ORIENTED_EDGE('',*,*,#3449,.T.);
#2070=ORIENTED_EDGE('',*,*,#3450,.T.);
#2071=ORIENTED_EDGE('',*,*,#3451,.T.);
#2072=ORIENTED_EDGE('',*,*,#3452,.F.);
#2073=ORIENTED_EDGE('',*,*,#3453,.F.);
#2074=ORIENTED_EDGE('',*,*,#3454,.F.);
#2075=ORIENTED_EDGE('',*,*,#3455,.T.);
#2076=ORIENTED_EDGE('',*,*,#3456,.F.);
#2077=ORIENTED_EDGE('',*,*,#3457,.T.);
#2078=ORIENTED_EDGE('',*,*,#3458,.T.);
#2079=ORIENTED_EDGE('',*,*,#3459,.F.);
#2080=ORIENTED_EDGE('',*,*,#3460,.T.);
#2081=ORIENTED_EDGE('',*,*,#3461,.T.);
#2082=ORIENTED_EDGE('',*,*,#3462,.F.);
#2083=ORIENTED_EDGE('',*,*,#3463,.T.);
#2084=ORIENTED_EDGE('',*,*,#3464,.T.);
#2085=ORIENTED_EDGE('',*,*,#3465,.T.);
#2086=ORIENTED_EDGE('',*,*,#3466,.T.);
#2087=ORIENTED_EDGE('',*,*,#3467,.T.);
#2088=ORIENTED_EDGE('',*,*,#3468,.F.);
#2089=ORIENTED_EDGE('',*,*,#3469,.F.);
#2090=ORIENTED_EDGE('',*,*,#3470,.F.);
#2091=ORIENTED_EDGE('',*,*,#3205,.F.);
#2092=ORIENTED_EDGE('',*,*,#3370,.F.);
#2093=ORIENTED_EDGE('',*,*,#3471,.F.);
#2094=ORIENTED_EDGE('',*,*,#3423,.T.);
#2095=ORIENTED_EDGE('',*,*,#3369,.T.);
#2096=ORIENTED_EDGE('',*,*,#3472,.T.);
#2097=ORIENTED_EDGE('',*,*,#3424,.T.);
#2098=ORIENTED_EDGE('',*,*,#3471,.T.);
#2099=ORIENTED_EDGE('',*,*,#3368,.T.);
#2100=ORIENTED_EDGE('',*,*,#3473,.T.);
#2101=ORIENTED_EDGE('',*,*,#3420,.T.);
#2102=ORIENTED_EDGE('',*,*,#3472,.F.);
#2103=ORIENTED_EDGE('',*,*,#3371,.T.);
#2104=ORIENTED_EDGE('',*,*,#3189,.T.);
#2105=ORIENTED_EDGE('',*,*,#3422,.F.);
#2106=ORIENTED_EDGE('',*,*,#3217,.F.);
#2107=ORIENTED_EDGE('',*,*,#3474,.F.);
#2108=ORIENTED_EDGE('',*,*,#3475,.F.);
#2109=ORIENTED_EDGE('',*,*,#3476,.T.);
#2110=ORIENTED_EDGE('',*,*,#3477,.T.);
#2111=ORIENTED_EDGE('',*,*,#3470,.T.);
#2112=ORIENTED_EDGE('',*,*,#3478,.T.);
#2113=ORIENTED_EDGE('',*,*,#3476,.F.);
#2114=ORIENTED_EDGE('',*,*,#3479,.F.);
#2115=ORIENTED_EDGE('',*,*,#3479,.T.);
#2116=ORIENTED_EDGE('',*,*,#3475,.T.);
#2117=ORIENTED_EDGE('',*,*,#3480,.F.);
#2118=ORIENTED_EDGE('',*,*,#3481,.F.);
#2119=ORIENTED_EDGE('',*,*,#3455,.F.);
#2120=ORIENTED_EDGE('',*,*,#3469,.T.);
#2121=ORIENTED_EDGE('',*,*,#3482,.T.);
#2122=ORIENTED_EDGE('',*,*,#3483,.T.);
#2123=ORIENTED_EDGE('',*,*,#3477,.F.);
#2124=ORIENTED_EDGE('',*,*,#3478,.F.);
#2125=ORIENTED_EDGE('',*,*,#3061,.T.);
#2126=ORIENTED_EDGE('',*,*,#3484,.T.);
#2127=ORIENTED_EDGE('',*,*,#3458,.F.);
#2128=ORIENTED_EDGE('',*,*,#3485,.F.);
#2129=ORIENTED_EDGE('',*,*,#3486,.F.);
#2130=ORIENTED_EDGE('',*,*,#3480,.T.);
#2131=ORIENTED_EDGE('',*,*,#3474,.T.);
#2132=ORIENTED_EDGE('',*,*,#3483,.F.);
#2133=ORIENTED_EDGE('',*,*,#3487,.F.);
#2134=ORIENTED_EDGE('',*,*,#3488,.F.);
#2135=ORIENTED_EDGE('',*,*,#3466,.F.);
#2136=ORIENTED_EDGE('',*,*,#3489,.F.);
#2137=ORIENTED_EDGE('',*,*,#3001,.T.);
#2138=ORIENTED_EDGE('',*,*,#3042,.T.);
#2139=ORIENTED_EDGE('',*,*,#3462,.T.);
#2140=ORIENTED_EDGE('',*,*,#3490,.F.);
#2141=ORIENTED_EDGE('',*,*,#3491,.F.);
#2142=ORIENTED_EDGE('',*,*,#3463,.F.);
#2143=ORIENTED_EDGE('',*,*,#3490,.T.);
#2144=ORIENTED_EDGE('',*,*,#3461,.F.);
#2145=ORIENTED_EDGE('',*,*,#3059,.T.);
#2146=ORIENTED_EDGE('',*,*,#3183,.T.);
#2147=ORIENTED_EDGE('',*,*,#3003,.T.);
#2148=ORIENTED_EDGE('',*,*,#3492,.F.);
#2149=ORIENTED_EDGE('',*,*,#3464,.F.);
#2150=ORIENTED_EDGE('',*,*,#3491,.T.);
#2151=ORIENTED_EDGE('',*,*,#3460,.F.);
#2152=ORIENTED_EDGE('',*,*,#3493,.F.);
#2153=ORIENTED_EDGE('',*,*,#3493,.T.);
#2154=ORIENTED_EDGE('',*,*,#3459,.T.);
#2155=ORIENTED_EDGE('',*,*,#3484,.F.);
#2156=ORIENTED_EDGE('',*,*,#3060,.F.);
#2157=ORIENTED_EDGE('',*,*,#3002,.T.);
#2158=ORIENTED_EDGE('',*,*,#3489,.T.);
#2159=ORIENTED_EDGE('',*,*,#3465,.F.);
#2160=ORIENTED_EDGE('',*,*,#3492,.T.);
#2161=ORIENTED_EDGE('',*,*,#3456,.T.);
#2162=ORIENTED_EDGE('',*,*,#3481,.T.);
#2163=ORIENTED_EDGE('',*,*,#3486,.T.);
#2164=ORIENTED_EDGE('',*,*,#3494,.T.);
#2165=ORIENTED_EDGE('',*,*,#3468,.T.);
#2166=ORIENTED_EDGE('',*,*,#3495,.T.);
#2167=ORIENTED_EDGE('',*,*,#3487,.T.);
#2168=ORIENTED_EDGE('',*,*,#3482,.F.);
#2169=ORIENTED_EDGE('',*,*,#3494,.F.);
#2170=ORIENTED_EDGE('',*,*,#3485,.T.);
#2171=ORIENTED_EDGE('',*,*,#3457,.F.);
#2172=ORIENTED_EDGE('',*,*,#3488,.T.);
#2173=ORIENTED_EDGE('',*,*,#3495,.F.);
#2174=ORIENTED_EDGE('',*,*,#3467,.F.);
#2175=ORIENTED_EDGE('',*,*,#3496,.F.);
#2176=ORIENTED_EDGE('',*,*,#3497,.F.);
#2177=ORIENTED_EDGE('',*,*,#3498,.T.);
#2178=ORIENTED_EDGE('',*,*,#3499,.T.);
#2179=ORIENTED_EDGE('',*,*,#3447,.T.);
#2180=ORIENTED_EDGE('',*,*,#3500,.F.);
#2181=ORIENTED_EDGE('',*,*,#3052,.F.);
#2182=ORIENTED_EDGE('',*,*,#3448,.F.);
#2183=ORIENTED_EDGE('',*,*,#3500,.T.);
#2184=ORIENTED_EDGE('',*,*,#3446,.F.);
#2185=ORIENTED_EDGE('',*,*,#3454,.T.);
#2186=ORIENTED_EDGE('',*,*,#3501,.T.);
#2187=ORIENTED_EDGE('',*,*,#3498,.F.);
#2188=ORIENTED_EDGE('',*,*,#3502,.F.);
#2189=ORIENTED_EDGE('',*,*,#3502,.T.);
#2190=ORIENTED_EDGE('',*,*,#3497,.T.);
#2191=ORIENTED_EDGE('',*,*,#3503,.F.);
#2192=ORIENTED_EDGE('',*,*,#3504,.F.);
#2193=ORIENTED_EDGE('',*,*,#3441,.F.);
#2194=ORIENTED_EDGE('',*,*,#3453,.T.);
#2195=ORIENTED_EDGE('',*,*,#3505,.T.);
#2196=ORIENTED_EDGE('',*,*,#3506,.T.);
#2197=ORIENTED_EDGE('',*,*,#3499,.F.);
#2198=ORIENTED_EDGE('',*,*,#3501,.F.);
#2199=ORIENTED_EDGE('',*,*,#3071,.T.);
#2200=ORIENTED_EDGE('',*,*,#3507,.T.);
#2201=ORIENTED_EDGE('',*,*,#3444,.F.);
#2202=ORIENTED_EDGE('',*,*,#3508,.F.);
#2203=ORIENTED_EDGE('',*,*,#3509,.F.);
#2204=ORIENTED_EDGE('',*,*,#3503,.T.);
#2205=ORIENTED_EDGE('',*,*,#3496,.T.);
#2206=ORIENTED_EDGE('',*,*,#3506,.F.);
#2207=ORIENTED_EDGE('',*,*,#3510,.F.);
#2208=ORIENTED_EDGE('',*,*,#3511,.F.);
#2209=ORIENTED_EDGE('',*,*,#3450,.F.);
#2210=ORIENTED_EDGE('',*,*,#3512,.F.);
#2211=ORIENTED_EDGE('',*,*,#2992,.T.);
#2212=ORIENTED_EDGE('',*,*,#3032,.T.);
#2213=ORIENTED_EDGE('',*,*,#3054,.T.);
#2214=ORIENTED_EDGE('',*,*,#3445,.T.);
#2215=ORIENTED_EDGE('',*,*,#3507,.F.);
#2216=ORIENTED_EDGE('',*,*,#3070,.F.);
#2217=ORIENTED_EDGE('',*,*,#2993,.T.);
#2218=ORIENTED_EDGE('',*,*,#3512,.T.);
#2219=ORIENTED_EDGE('',*,*,#3449,.F.);
#2220=ORIENTED_EDGE('',*,*,#3050,.T.);
#2221=ORIENTED_EDGE('',*,*,#3511,.T.);
#2222=ORIENTED_EDGE('',*,*,#3513,.F.);
#2223=ORIENTED_EDGE('',*,*,#3451,.F.);
#2224=ORIENTED_EDGE('',*,*,#3514,.F.);
#2225=ORIENTED_EDGE('',*,*,#3508,.T.);
#2226=ORIENTED_EDGE('',*,*,#3443,.F.);
#2227=ORIENTED_EDGE('',*,*,#3452,.T.);
#2228=ORIENTED_EDGE('',*,*,#3513,.T.);
#2229=ORIENTED_EDGE('',*,*,#3510,.T.);
#2230=ORIENTED_EDGE('',*,*,#3505,.F.);
#2231=ORIENTED_EDGE('',*,*,#3442,.T.);
#2232=ORIENTED_EDGE('',*,*,#3504,.T.);
#2233=ORIENTED_EDGE('',*,*,#3509,.T.);
#2234=ORIENTED_EDGE('',*,*,#3514,.T.);
#2235=ORIENTED_EDGE('',*,*,#3515,.F.);
#2236=ORIENTED_EDGE('',*,*,#3516,.F.);
#2237=ORIENTED_EDGE('',*,*,#3517,.T.);
#2238=ORIENTED_EDGE('',*,*,#3518,.T.);
#2239=ORIENTED_EDGE('',*,*,#3432,.T.);
#2240=ORIENTED_EDGE('',*,*,#3519,.F.);
#2241=ORIENTED_EDGE('',*,*,#3520,.F.);
#2242=ORIENTED_EDGE('',*,*,#3433,.F.);
#2243=ORIENTED_EDGE('',*,*,#3519,.T.);
#2244=ORIENTED_EDGE('',*,*,#3431,.F.);
#2245=ORIENTED_EDGE('',*,*,#3440,.T.);
#2246=ORIENTED_EDGE('',*,*,#3521,.T.);
#2247=ORIENTED_EDGE('',*,*,#3517,.F.);
#2248=ORIENTED_EDGE('',*,*,#3522,.F.);
#2249=ORIENTED_EDGE('',*,*,#3522,.T.);
#2250=ORIENTED_EDGE('',*,*,#3516,.T.);
#2251=ORIENTED_EDGE('',*,*,#3523,.F.);
#2252=ORIENTED_EDGE('',*,*,#3524,.F.);
#2253=ORIENTED_EDGE('',*,*,#3425,.F.);
#2254=ORIENTED_EDGE('',*,*,#3439,.T.);
#2255=ORIENTED_EDGE('',*,*,#3525,.T.);
#2256=ORIENTED_EDGE('',*,*,#3526,.T.);
#2257=ORIENTED_EDGE('',*,*,#3518,.F.);
#2258=ORIENTED_EDGE('',*,*,#3521,.F.);
#2259=ORIENTED_EDGE('',*,*,#3082,.T.);
#2260=ORIENTED_EDGE('',*,*,#3527,.T.);
#2261=ORIENTED_EDGE('',*,*,#3428,.F.);
#2262=ORIENTED_EDGE('',*,*,#3528,.F.);
#2263=ORIENTED_EDGE('',*,*,#3529,.F.);
#2264=ORIENTED_EDGE('',*,*,#3523,.T.);
#2265=ORIENTED_EDGE('',*,*,#3515,.T.);
#2266=ORIENTED_EDGE('',*,*,#3526,.F.);
#2267=ORIENTED_EDGE('',*,*,#3530,.F.);
#2268=ORIENTED_EDGE('',*,*,#3531,.F.);
#2269=ORIENTED_EDGE('',*,*,#3436,.F.);
#2270=ORIENTED_EDGE('',*,*,#3532,.F.);
#2271=ORIENTED_EDGE('',*,*,#2983,.T.);
#2272=ORIENTED_EDGE('',*,*,#3019,.T.);
#2273=ORIENTED_EDGE('',*,*,#3533,.T.);
#2274=ORIENTED_EDGE('',*,*,#3429,.T.);
#2275=ORIENTED_EDGE('',*,*,#3527,.F.);
#2276=ORIENTED_EDGE('',*,*,#3081,.F.);
#2277=ORIENTED_EDGE('',*,*,#2984,.T.);
#2278=ORIENTED_EDGE('',*,*,#3532,.T.);
#2279=ORIENTED_EDGE('',*,*,#3435,.F.);
#2280=ORIENTED_EDGE('',*,*,#3534,.T.);
#2281=ORIENTED_EDGE('',*,*,#3535,.F.);
#2282=ORIENTED_EDGE('',*,*,#3536,.T.);
#2283=ORIENTED_EDGE('',*,*,#3029,.T.);
#2284=ORIENTED_EDGE('',*,*,#3034,.T.);
#2285=ORIENTED_EDGE('',*,*,#2985,.T.);
#2286=ORIENTED_EDGE('',*,*,#3534,.F.);
#2287=ORIENTED_EDGE('',*,*,#3434,.F.);
#2288=ORIENTED_EDGE('',*,*,#3520,.T.);
#2289=ORIENTED_EDGE('',*,*,#3430,.F.);
#2290=ORIENTED_EDGE('',*,*,#3533,.F.);
#2291=ORIENTED_EDGE('',*,*,#3080,.T.);
#2292=ORIENTED_EDGE('',*,*,#3531,.T.);
#2293=ORIENTED_EDGE('',*,*,#3537,.F.);
#2294=ORIENTED_EDGE('',*,*,#3437,.F.);
#2295=ORIENTED_EDGE('',*,*,#3538,.F.);
#2296=ORIENTED_EDGE('',*,*,#3528,.T.);
#2297=ORIENTED_EDGE('',*,*,#3427,.F.);
#2298=ORIENTED_EDGE('',*,*,#3438,.T.);
#2299=ORIENTED_EDGE('',*,*,#3537,.T.);
#2300=ORIENTED_EDGE('',*,*,#3530,.T.);
#2301=ORIENTED_EDGE('',*,*,#3525,.F.);
#2302=ORIENTED_EDGE('',*,*,#3426,.T.);
#2303=ORIENTED_EDGE('',*,*,#3524,.T.);
#2304=ORIENTED_EDGE('',*,*,#3529,.T.);
#2305=ORIENTED_EDGE('',*,*,#3538,.T.);
#2306=ORIENTED_EDGE('',*,*,#3539,.T.);
#2307=ORIENTED_EDGE('',*,*,#3540,.F.);
#2308=ORIENTED_EDGE('',*,*,#3541,.T.);
#2309=ORIENTED_EDGE('',*,*,#3386,.F.);
#2310=ORIENTED_EDGE('',*,*,#3542,.F.);
#2311=ORIENTED_EDGE('',*,*,#3543,.F.);
#2312=ORIENTED_EDGE('',*,*,#3544,.T.);
#2313=ORIENTED_EDGE('',*,*,#3374,.F.);
#2314=ORIENTED_EDGE('',*,*,#3545,.T.);
#2315=ORIENTED_EDGE('',*,*,#3546,.F.);
#2316=ORIENTED_EDGE('',*,*,#3547,.T.);
#2317=ORIENTED_EDGE('',*,*,#3402,.F.);
#2318=ORIENTED_EDGE('',*,*,#3548,.F.);
#2319=ORIENTED_EDGE('',*,*,#3549,.F.);
#2320=ORIENTED_EDGE('',*,*,#3550,.T.);
#2321=ORIENTED_EDGE('',*,*,#3390,.F.);
#2322=ORIENTED_EDGE('',*,*,#3551,.F.);
#2323=ORIENTED_EDGE('',*,*,#3552,.F.);
#2324=ORIENTED_EDGE('',*,*,#3553,.T.);
#2325=ORIENTED_EDGE('',*,*,#3406,.F.);
#2326=ORIENTED_EDGE('',*,*,#3554,.T.);
#2327=ORIENTED_EDGE('',*,*,#3555,.F.);
#2328=ORIENTED_EDGE('',*,*,#3556,.T.);
#2329=ORIENTED_EDGE('',*,*,#3418,.F.);
#2330=ORIENTED_EDGE('',*,*,#3127,.T.);
#2331=ORIENTED_EDGE('',*,*,#3104,.T.);
#2332=ORIENTED_EDGE('',*,*,#3152,.T.);
#2333=ORIENTED_EDGE('',*,*,#3557,.T.);
#2334=ORIENTED_EDGE('',*,*,#3558,.F.);
#2335=ORIENTED_EDGE('',*,*,#3559,.T.);
#2336=ORIENTED_EDGE('',*,*,#3129,.T.);
#2337=ORIENTED_EDGE('',*,*,#3560,.F.);
#2338=ORIENTED_EDGE('',*,*,#3561,.F.);
#2339=ORIENTED_EDGE('',*,*,#3562,.F.);
#2340=ORIENTED_EDGE('',*,*,#3150,.T.);
#2341=ORIENTED_EDGE('',*,*,#3563,.T.);
#2342=ORIENTED_EDGE('',*,*,#3564,.F.);
#2343=ORIENTED_EDGE('',*,*,#3565,.T.);
#2344=ORIENTED_EDGE('',*,*,#3131,.T.);
#2345=ORIENTED_EDGE('',*,*,#3566,.F.);
#2346=ORIENTED_EDGE('',*,*,#3567,.F.);
#2347=ORIENTED_EDGE('',*,*,#3568,.F.);
#2348=ORIENTED_EDGE('',*,*,#3148,.T.);
#2349=ORIENTED_EDGE('',*,*,#3569,.T.);
#2350=ORIENTED_EDGE('',*,*,#3570,.F.);
#2351=ORIENTED_EDGE('',*,*,#3571,.T.);
#2352=ORIENTED_EDGE('',*,*,#3133,.T.);
#2353=ORIENTED_EDGE('',*,*,#3572,.F.);
#2354=ORIENTED_EDGE('',*,*,#3573,.T.);
#2355=ORIENTED_EDGE('',*,*,#3574,.T.);
#2356=ORIENTED_EDGE('',*,*,#3146,.T.);
#2357=ORIENTED_EDGE('',*,*,#3171,.T.);
#2358=ORIENTED_EDGE('',*,*,#3375,.T.);
#2359=ORIENTED_EDGE('',*,*,#3544,.F.);
#2360=ORIENTED_EDGE('',*,*,#3557,.F.);
#2361=ORIENTED_EDGE('',*,*,#3151,.T.);
#2362=ORIENTED_EDGE('',*,*,#3562,.T.);
#2363=ORIENTED_EDGE('',*,*,#3575,.T.);
#2364=ORIENTED_EDGE('',*,*,#3576,.F.);
#2365=ORIENTED_EDGE('',*,*,#3577,.T.);
#2366=ORIENTED_EDGE('',*,*,#3385,.T.);
#2367=ORIENTED_EDGE('',*,*,#3578,.T.);
#2368=ORIENTED_EDGE('',*,*,#3579,.T.);
#2369=ORIENTED_EDGE('',*,*,#3580,.T.);
#2370=ORIENTED_EDGE('',*,*,#3560,.T.);
#2371=ORIENTED_EDGE('',*,*,#3128,.T.);
#2372=ORIENTED_EDGE('',*,*,#3559,.F.);
#2373=ORIENTED_EDGE('',*,*,#3539,.F.);
#2374=ORIENTED_EDGE('',*,*,#3377,.T.);
#2375=ORIENTED_EDGE('',*,*,#3581,.T.);
#2376=ORIENTED_EDGE('',*,*,#3576,.T.);
#2377=ORIENTED_EDGE('',*,*,#3582,.T.);
#2378=ORIENTED_EDGE('',*,*,#3583,.T.);
#2379=ORIENTED_EDGE('',*,*,#3579,.F.);
#2380=ORIENTED_EDGE('',*,*,#3584,.F.);
#2381=ORIENTED_EDGE('',*,*,#3383,.F.);
#2382=ORIENTED_EDGE('',*,*,#3376,.T.);
#2383=ORIENTED_EDGE('',*,*,#3577,.F.);
#2384=ORIENTED_EDGE('',*,*,#3581,.F.);
#2385=ORIENTED_EDGE('',*,*,#3384,.T.);
#2386=ORIENTED_EDGE('',*,*,#3584,.T.);
#2387=ORIENTED_EDGE('',*,*,#3578,.F.);
#2388=ORIENTED_EDGE('',*,*,#3585,.F.);
#2389=ORIENTED_EDGE('',*,*,#3542,.T.);
#2390=ORIENTED_EDGE('',*,*,#3373,.F.);
#2391=ORIENTED_EDGE('',*,*,#3387,.T.);
#2392=ORIENTED_EDGE('',*,*,#3541,.F.);
#2393=ORIENTED_EDGE('',*,*,#3586,.T.);
#2394=ORIENTED_EDGE('',*,*,#3586,.F.);
#2395=ORIENTED_EDGE('',*,*,#3540,.T.);
#2396=ORIENTED_EDGE('',*,*,#3558,.T.);
#2397=ORIENTED_EDGE('',*,*,#3543,.T.);
#2398=ORIENTED_EDGE('',*,*,#3585,.T.);
#2399=ORIENTED_EDGE('',*,*,#3372,.F.);
#2400=ORIENTED_EDGE('',*,*,#3391,.T.);
#2401=ORIENTED_EDGE('',*,*,#3550,.F.);
#2402=ORIENTED_EDGE('',*,*,#3563,.F.);
#2403=ORIENTED_EDGE('',*,*,#3149,.T.);
#2404=ORIENTED_EDGE('',*,*,#3568,.T.);
#2405=ORIENTED_EDGE('',*,*,#3587,.T.);
#2406=ORIENTED_EDGE('',*,*,#3588,.F.);
#2407=ORIENTED_EDGE('',*,*,#3589,.T.);
#2408=ORIENTED_EDGE('',*,*,#3401,.T.);
#2409=ORIENTED_EDGE('',*,*,#3590,.T.);
#2410=ORIENTED_EDGE('',*,*,#3591,.T.);
#2411=ORIENTED_EDGE('',*,*,#3592,.T.);
#2412=ORIENTED_EDGE('',*,*,#3566,.T.);
#2413=ORIENTED_EDGE('',*,*,#3130,.T.);
#2414=ORIENTED_EDGE('',*,*,#3565,.F.);
#2415=ORIENTED_EDGE('',*,*,#3545,.F.);
#2416=ORIENTED_EDGE('',*,*,#3393,.T.);
#2417=ORIENTED_EDGE('',*,*,#3593,.T.);
#2418=ORIENTED_EDGE('',*,*,#3588,.T.);
#2419=ORIENTED_EDGE('',*,*,#3594,.T.);
#2420=ORIENTED_EDGE('',*,*,#3595,.T.);
#2421=ORIENTED_EDGE('',*,*,#3591,.F.);
#2422=ORIENTED_EDGE('',*,*,#3596,.F.);
#2423=ORIENTED_EDGE('',*,*,#3399,.F.);
#2424=ORIENTED_EDGE('',*,*,#3392,.T.);
#2425=ORIENTED_EDGE('',*,*,#3589,.F.);
#2426=ORIENTED_EDGE('',*,*,#3593,.F.);
#2427=ORIENTED_EDGE('',*,*,#3400,.T.);
#2428=ORIENTED_EDGE('',*,*,#3596,.T.);
#2429=ORIENTED_EDGE('',*,*,#3590,.F.);
#2430=ORIENTED_EDGE('',*,*,#3597,.F.);
#2431=ORIENTED_EDGE('',*,*,#3548,.T.);
#2432=ORIENTED_EDGE('',*,*,#3389,.F.);
#2433=ORIENTED_EDGE('',*,*,#3403,.T.);
#2434=ORIENTED_EDGE('',*,*,#3547,.F.);
#2435=ORIENTED_EDGE('',*,*,#3598,.T.);
#2436=ORIENTED_EDGE('',*,*,#3598,.F.);
#2437=ORIENTED_EDGE('',*,*,#3546,.T.);
#2438=ORIENTED_EDGE('',*,*,#3564,.T.);
#2439=ORIENTED_EDGE('',*,*,#3549,.T.);
#2440=ORIENTED_EDGE('',*,*,#3597,.T.);
#2441=ORIENTED_EDGE('',*,*,#3388,.F.);
#2442=ORIENTED_EDGE('',*,*,#3407,.T.);
#2443=ORIENTED_EDGE('',*,*,#3553,.F.);
#2444=ORIENTED_EDGE('',*,*,#3569,.F.);
#2445=ORIENTED_EDGE('',*,*,#3147,.T.);
#2446=ORIENTED_EDGE('',*,*,#3574,.F.);
#2447=ORIENTED_EDGE('',*,*,#3599,.T.);
#2448=ORIENTED_EDGE('',*,*,#3600,.F.);
#2449=ORIENTED_EDGE('',*,*,#3601,.T.);
#2450=ORIENTED_EDGE('',*,*,#3417,.T.);
#2451=ORIENTED_EDGE('',*,*,#3602,.T.);
#2452=ORIENTED_EDGE('',*,*,#3603,.T.);
#2453=ORIENTED_EDGE('',*,*,#3604,.T.);
#2454=ORIENTED_EDGE('',*,*,#3572,.T.);
#2455=ORIENTED_EDGE('',*,*,#3132,.T.);
#2456=ORIENTED_EDGE('',*,*,#3571,.F.);
#2457=ORIENTED_EDGE('',*,*,#3554,.F.);
#2458=ORIENTED_EDGE('',*,*,#3409,.T.);
#2459=ORIENTED_EDGE('',*,*,#3605,.T.);
#2460=ORIENTED_EDGE('',*,*,#3600,.T.);
#2461=ORIENTED_EDGE('',*,*,#3606,.T.);
#2462=ORIENTED_EDGE('',*,*,#3607,.T.);
#2463=ORIENTED_EDGE('',*,*,#3603,.F.);
#2464=ORIENTED_EDGE('',*,*,#3608,.F.);
#2465=ORIENTED_EDGE('',*,*,#3415,.F.);
#2466=ORIENTED_EDGE('',*,*,#3408,.T.);
#2467=ORIENTED_EDGE('',*,*,#3601,.F.);
#2468=ORIENTED_EDGE('',*,*,#3605,.F.);
#2469=ORIENTED_EDGE('',*,*,#3416,.T.);
#2470=ORIENTED_EDGE('',*,*,#3608,.T.);
#2471=ORIENTED_EDGE('',*,*,#3602,.F.);
#2472=ORIENTED_EDGE('',*,*,#3609,.F.);
#2473=ORIENTED_EDGE('',*,*,#3551,.T.);
#2474=ORIENTED_EDGE('',*,*,#3405,.F.);
#2475=ORIENTED_EDGE('',*,*,#3419,.T.);
#2476=ORIENTED_EDGE('',*,*,#3556,.F.);
#2477=ORIENTED_EDGE('',*,*,#3610,.T.);
#2478=ORIENTED_EDGE('',*,*,#3610,.F.);
#2479=ORIENTED_EDGE('',*,*,#3555,.T.);
#2480=ORIENTED_EDGE('',*,*,#3570,.T.);
#2481=ORIENTED_EDGE('',*,*,#3552,.T.);
#2482=ORIENTED_EDGE('',*,*,#3609,.T.);
#2483=ORIENTED_EDGE('',*,*,#3404,.F.);
#2484=ORIENTED_EDGE('',*,*,#3382,.T.);
#2485=ORIENTED_EDGE('',*,*,#3611,.T.);
#2486=ORIENTED_EDGE('',*,*,#3378,.T.);
#2487=ORIENTED_EDGE('',*,*,#3582,.F.);
#2488=ORIENTED_EDGE('',*,*,#3575,.F.);
#2489=ORIENTED_EDGE('',*,*,#3561,.T.);
#2490=ORIENTED_EDGE('',*,*,#3580,.F.);
#2491=ORIENTED_EDGE('',*,*,#3583,.F.);
#2492=ORIENTED_EDGE('',*,*,#3612,.F.);
#2493=ORIENTED_EDGE('',*,*,#3380,.F.);
#2494=ORIENTED_EDGE('',*,*,#3381,.T.);
#2495=ORIENTED_EDGE('',*,*,#3612,.T.);
#2496=ORIENTED_EDGE('',*,*,#3379,.T.);
#2497=ORIENTED_EDGE('',*,*,#3611,.F.);
#2498=ORIENTED_EDGE('',*,*,#3398,.T.);
#2499=ORIENTED_EDGE('',*,*,#3613,.T.);
#2500=ORIENTED_EDGE('',*,*,#3394,.T.);
#2501=ORIENTED_EDGE('',*,*,#3594,.F.);
#2502=ORIENTED_EDGE('',*,*,#3587,.F.);
#2503=ORIENTED_EDGE('',*,*,#3567,.T.);
#2504=ORIENTED_EDGE('',*,*,#3592,.F.);
#2505=ORIENTED_EDGE('',*,*,#3595,.F.);
#2506=ORIENTED_EDGE('',*,*,#3614,.F.);
#2507=ORIENTED_EDGE('',*,*,#3396,.F.);
#2508=ORIENTED_EDGE('',*,*,#3397,.T.);
#2509=ORIENTED_EDGE('',*,*,#3614,.T.);
#2510=ORIENTED_EDGE('',*,*,#3395,.T.);
#2511=ORIENTED_EDGE('',*,*,#3613,.F.);
#2512=ORIENTED_EDGE('',*,*,#3413,.T.);
#2513=ORIENTED_EDGE('',*,*,#3615,.T.);
#2514=ORIENTED_EDGE('',*,*,#3411,.T.);
#2515=ORIENTED_EDGE('',*,*,#3616,.F.);
#2516=ORIENTED_EDGE('',*,*,#3414,.T.);
#2517=ORIENTED_EDGE('',*,*,#3616,.T.);
#2518=ORIENTED_EDGE('',*,*,#3410,.T.);
#2519=ORIENTED_EDGE('',*,*,#3606,.F.);
#2520=ORIENTED_EDGE('',*,*,#3599,.F.);
#2521=ORIENTED_EDGE('',*,*,#3573,.F.);
#2522=ORIENTED_EDGE('',*,*,#3604,.F.);
#2523=ORIENTED_EDGE('',*,*,#3607,.F.);
#2524=ORIENTED_EDGE('',*,*,#3615,.F.);
#2525=ORIENTED_EDGE('',*,*,#3412,.F.);
#2526=ORIENTED_EDGE('',*,*,#3617,.F.);
#2527=ORIENTED_EDGE('',*,*,#3365,.T.);
#2528=ORIENTED_EDGE('',*,*,#3618,.F.);
#2529=ORIENTED_EDGE('',*,*,#3364,.T.);
#2530=ORIENTED_EDGE('',*,*,#3619,.F.);
#2531=ORIENTED_EDGE('',*,*,#3363,.T.);
#2532=ORIENTED_EDGE('',*,*,#3620,.F.);
#2533=ORIENTED_EDGE('',*,*,#3366,.T.);
#2534=ORIENTED_EDGE('',*,*,#3621,.F.);
#2535=ORIENTED_EDGE('',*,*,#3361,.T.);
#2536=ORIENTED_EDGE('',*,*,#3622,.F.);
#2537=ORIENTED_EDGE('',*,*,#3362,.T.);
#2538=ORIENTED_EDGE('',*,*,#3617,.T.);
#2539=ORIENTED_EDGE('',*,*,#3618,.T.);
#2540=ORIENTED_EDGE('',*,*,#3619,.T.);
#2541=ORIENTED_EDGE('',*,*,#3620,.T.);
#2542=ORIENTED_EDGE('',*,*,#3621,.T.);
#2543=ORIENTED_EDGE('',*,*,#3622,.T.);
#2544=ORIENTED_EDGE('',*,*,#3299,.F.);
#2545=ORIENTED_EDGE('',*,*,#3623,.T.);
#2546=ORIENTED_EDGE('',*,*,#3311,.F.);
#2547=ORIENTED_EDGE('',*,*,#3304,.F.);
#2548=ORIENTED_EDGE('',*,*,#3301,.F.);
#2549=ORIENTED_EDGE('',*,*,#3624,.T.);
#2550=ORIENTED_EDGE('',*,*,#3298,.F.);
#2551=ORIENTED_EDGE('',*,*,#3625,.T.);
#2552=ORIENTED_EDGE('',*,*,#3317,.F.);
#2553=ORIENTED_EDGE('',*,*,#3626,.T.);
#2554=ORIENTED_EDGE('',*,*,#3297,.F.);
#2555=ORIENTED_EDGE('',*,*,#3169,.F.);
#2556=ORIENTED_EDGE('',*,*,#3286,.F.);
#2557=ORIENTED_EDGE('',*,*,#3627,.T.);
#2558=ORIENTED_EDGE('',*,*,#3273,.F.);
#2559=ORIENTED_EDGE('',*,*,#3161,.F.);
#2560=ORIENTED_EDGE('',*,*,#3628,.F.);
#2561=ORIENTED_EDGE('',*,*,#3629,.T.);
#2562=ORIENTED_EDGE('',*,*,#3274,.F.);
#2563=ORIENTED_EDGE('',*,*,#3630,.T.);
#2564=ORIENTED_EDGE('',*,*,#3275,.F.);
#2565=ORIENTED_EDGE('',*,*,#3631,.T.);
#2566=ORIENTED_EDGE('',*,*,#3289,.F.);
#2567=ORIENTED_EDGE('',*,*,#3279,.F.);
#2568=ORIENTED_EDGE('',*,*,#3223,.F.);
#2569=ORIENTED_EDGE('',*,*,#3632,.T.);
#2570=ORIENTED_EDGE('',*,*,#3633,.T.);
#2571=ORIENTED_EDGE('',*,*,#3628,.T.);
#2572=ORIENTED_EDGE('',*,*,#3634,.T.);
#2573=ORIENTED_EDGE('',*,*,#3635,.T.);
#2574=ORIENTED_EDGE('',*,*,#3623,.F.);
#2575=ORIENTED_EDGE('',*,*,#3624,.F.);
#2576=ORIENTED_EDGE('',*,*,#3636,.F.);
#2577=ORIENTED_EDGE('',*,*,#3194,.F.);
#2578=ORIENTED_EDGE('',*,*,#3312,.F.);
#2579=ORIENTED_EDGE('',*,*,#3636,.T.);
#2580=ORIENTED_EDGE('',*,*,#3300,.F.);
#2581=ORIENTED_EDGE('',*,*,#3625,.F.);
#2582=ORIENTED_EDGE('',*,*,#3626,.F.);
#2583=ORIENTED_EDGE('',*,*,#3637,.F.);
#2584=ORIENTED_EDGE('',*,*,#3196,.F.);
#2585=ORIENTED_EDGE('',*,*,#3302,.F.);
#2586=ORIENTED_EDGE('',*,*,#3637,.T.);
#2587=ORIENTED_EDGE('',*,*,#3316,.F.);
#2588=ORIENTED_EDGE('',*,*,#3631,.F.);
#2589=ORIENTED_EDGE('',*,*,#3629,.F.);
#2590=ORIENTED_EDGE('',*,*,#3638,.F.);
#2591=ORIENTED_EDGE('',*,*,#3638,.T.);
#2592=ORIENTED_EDGE('',*,*,#3633,.F.);
#2593=ORIENTED_EDGE('',*,*,#3639,.F.);
#2594=ORIENTED_EDGE('',*,*,#3290,.F.);
#2595=ORIENTED_EDGE('',*,*,#3639,.T.);
#2596=ORIENTED_EDGE('',*,*,#3632,.F.);
#2597=ORIENTED_EDGE('',*,*,#3640,.F.);
#2598=ORIENTED_EDGE('',*,*,#3099,.T.);
#2599=ORIENTED_EDGE('',*,*,#3640,.T.);
#2600=ORIENTED_EDGE('',*,*,#3222,.F.);
#2601=ORIENTED_EDGE('',*,*,#3293,.F.);
#2602=ORIENTED_EDGE('',*,*,#3100,.T.);
#2603=ORIENTED_EDGE('',*,*,#3630,.F.);
#2604=ORIENTED_EDGE('',*,*,#3627,.F.);
#2605=ORIENTED_EDGE('',*,*,#3641,.F.);
#2606=ORIENTED_EDGE('',*,*,#3641,.T.);
#2607=ORIENTED_EDGE('',*,*,#3285,.F.);
#2608=ORIENTED_EDGE('',*,*,#3642,.F.);
#2609=ORIENTED_EDGE('',*,*,#3634,.F.);
#2610=ORIENTED_EDGE('',*,*,#3642,.T.);
#2611=ORIENTED_EDGE('',*,*,#3119,.T.);
#2612=ORIENTED_EDGE('',*,*,#3643,.F.);
#2613=ORIENTED_EDGE('',*,*,#3635,.F.);
#2614=ORIENTED_EDGE('',*,*,#3294,.F.);
#2615=ORIENTED_EDGE('',*,*,#3224,.F.);
#2616=ORIENTED_EDGE('',*,*,#3643,.T.);
#2617=ORIENTED_EDGE('',*,*,#3118,.T.);
#2618=ORIENTED_EDGE('',*,*,#3109,.T.);
#2619=ORIENTED_EDGE('',*,*,#3644,.T.);
#2620=ORIENTED_EDGE('',*,*,#3107,.T.);
#2621=ORIENTED_EDGE('',*,*,#3645,.F.);
#2622=ORIENTED_EDGE('',*,*,#3646,.F.);
#2623=ORIENTED_EDGE('',*,*,#3106,.T.);
#2624=ORIENTED_EDGE('',*,*,#3126,.T.);
#2625=ORIENTED_EDGE('',*,*,#3110,.T.);
#2626=ORIENTED_EDGE('',*,*,#3645,.T.);
#2627=ORIENTED_EDGE('',*,*,#3647,.T.);
#2628=ORIENTED_EDGE('',*,*,#3102,.T.);
#2629=ORIENTED_EDGE('',*,*,#3644,.F.);
#2630=ORIENTED_EDGE('',*,*,#3108,.T.);
#2631=ORIENTED_EDGE('',*,*,#3135,.T.);
#2632=ORIENTED_EDGE('',*,*,#3648,.T.);
#2633=ORIENTED_EDGE('',*,*,#3272,.T.);
#2634=ORIENTED_EDGE('',*,*,#3278,.F.);
#2635=ORIENTED_EDGE('',*,*,#3333,.F.);
#2636=ORIENTED_EDGE('',*,*,#3154,.F.);
#2637=ORIENTED_EDGE('',*,*,#3303,.T.);
#2638=ORIENTED_EDGE('',*,*,#3324,.F.);
#2639=ORIENTED_EDGE('',*,*,#3162,.T.);
#2640=ORIENTED_EDGE('',*,*,#3296,.F.);
#2641=ORIENTED_EDGE('',*,*,#3649,.F.);
#2642=ORIENTED_EDGE('',*,*,#3650,.F.);
#2643=ORIENTED_EDGE('',*,*,#3649,.T.);
#2644=ORIENTED_EDGE('',*,*,#3647,.F.);
#2645=ORIENTED_EDGE('',*,*,#3650,.T.);
#2646=ORIENTED_EDGE('',*,*,#3651,.F.);
#2647=ORIENTED_EDGE('',*,*,#3646,.T.);
#2648=ORIENTED_EDGE('',*,*,#3648,.F.);
#2649=ORIENTED_EDGE('',*,*,#3651,.T.);
#2650=ORIENTED_EDGE('',*,*,#3247,.F.);
#2651=ORIENTED_EDGE('',*,*,#3250,.F.);
#2652=ORIENTED_EDGE('',*,*,#3241,.F.);
#2653=ORIENTED_EDGE('',*,*,#3121,.F.);
#2654=ORIENTED_EDGE('',*,*,#3288,.F.);
#2655=ORIENTED_EDGE('',*,*,#3263,.F.);
#2656=ORIENTED_EDGE('',*,*,#3291,.F.);
#2657=ORIENTED_EDGE('',*,*,#3097,.F.);
#2658=ORIENTED_EDGE('',*,*,#3319,.F.);
#2659=ORIENTED_EDGE('',*,*,#3229,.F.);
#2660=ORIENTED_EDGE('',*,*,#3314,.F.);
#2661=ORIENTED_EDGE('',*,*,#3140,.F.);
#2662=ORIENTED_EDGE('',*,*,#3243,.F.);
#2663=ORIENTED_EDGE('',*,*,#3251,.F.);
#2664=ORIENTED_EDGE('',*,*,#3249,.F.);
#2665=ORIENTED_EDGE('',*,*,#3009,.F.);
#2666=ORIENTED_EDGE('',*,*,#3652,.T.);
#2667=ORIENTED_EDGE('',*,*,#3066,.T.);
#2668=ORIENTED_EDGE('',*,*,#3182,.T.);
#2669=ORIENTED_EDGE('',*,*,#3653,.F.);
#2670=ORIENTED_EDGE('',*,*,#3654,.F.);
#2671=ORIENTED_EDGE('',*,*,#3655,.T.);
#2672=ORIENTED_EDGE('',*,*,#3656,.T.);
#2673=ORIENTED_EDGE('',*,*,#3657,.F.);
#2674=ORIENTED_EDGE('',*,*,#3656,.F.);
#2675=ORIENTED_EDGE('',*,*,#3658,.T.);
#2676=ORIENTED_EDGE('',*,*,#3659,.T.);
#2677=ORIENTED_EDGE('',*,*,#3660,.F.);
#2678=ORIENTED_EDGE('',*,*,#3659,.F.);
#2679=ORIENTED_EDGE('',*,*,#3661,.T.);
#2680=ORIENTED_EDGE('',*,*,#3662,.T.);
#2681=ORIENTED_EDGE('',*,*,#3663,.F.);
#2682=ORIENTED_EDGE('',*,*,#3662,.F.);
#2683=ORIENTED_EDGE('',*,*,#3664,.T.);
#2684=ORIENTED_EDGE('',*,*,#3665,.T.);
#2685=ORIENTED_EDGE('',*,*,#3666,.F.);
#2686=ORIENTED_EDGE('',*,*,#3665,.F.);
#2687=ORIENTED_EDGE('',*,*,#3667,.T.);
#2688=ORIENTED_EDGE('',*,*,#3668,.T.);
#2689=ORIENTED_EDGE('',*,*,#3669,.F.);
#2690=ORIENTED_EDGE('',*,*,#3668,.F.);
#2691=ORIENTED_EDGE('',*,*,#3670,.T.);
#2692=ORIENTED_EDGE('',*,*,#3654,.T.);
#2693=ORIENTED_EDGE('',*,*,#3671,.F.);
#2694=ORIENTED_EDGE('',*,*,#3655,.F.);
#2695=ORIENTED_EDGE('',*,*,#3670,.F.);
#2696=ORIENTED_EDGE('',*,*,#3667,.F.);
#2697=ORIENTED_EDGE('',*,*,#3664,.F.);
#2698=ORIENTED_EDGE('',*,*,#3661,.F.);
#2699=ORIENTED_EDGE('',*,*,#3658,.F.);
#2700=ORIENTED_EDGE('',*,*,#3672,.T.);
#2701=ORIENTED_EDGE('',*,*,#3653,.T.);
#2702=ORIENTED_EDGE('',*,*,#3657,.T.);
#2703=ORIENTED_EDGE('',*,*,#3660,.T.);
#2704=ORIENTED_EDGE('',*,*,#3663,.T.);
#2705=ORIENTED_EDGE('',*,*,#3666,.T.);
#2706=ORIENTED_EDGE('',*,*,#3669,.T.);
#2707=ORIENTED_EDGE('',*,*,#3671,.T.);
#2708=ORIENTED_EDGE('',*,*,#3673,.T.);
#2709=ORIENTED_EDGE('',*,*,#3674,.T.);
#2710=ORIENTED_EDGE('',*,*,#3672,.F.);
#2711=ORIENTED_EDGE('',*,*,#3674,.F.);
#2712=ORIENTED_EDGE('',*,*,#3673,.F.);
#2713=ORIENTED_EDGE('',*,*,#3652,.F.);
#2714=ORIENTED_EDGE('',*,*,#3675,.T.);
#2715=ORIENTED_EDGE('',*,*,#3087,.T.);
#2716=ORIENTED_EDGE('',*,*,#3177,.T.);
#2717=ORIENTED_EDGE('',*,*,#3676,.F.);
#2718=ORIENTED_EDGE('',*,*,#3677,.F.);
#2719=ORIENTED_EDGE('',*,*,#3678,.T.);
#2720=ORIENTED_EDGE('',*,*,#3679,.T.);
#2721=ORIENTED_EDGE('',*,*,#3680,.F.);
#2722=ORIENTED_EDGE('',*,*,#3679,.F.);
#2723=ORIENTED_EDGE('',*,*,#3681,.T.);
#2724=ORIENTED_EDGE('',*,*,#3682,.T.);
#2725=ORIENTED_EDGE('',*,*,#3683,.F.);
#2726=ORIENTED_EDGE('',*,*,#3682,.F.);
#2727=ORIENTED_EDGE('',*,*,#3684,.T.);
#2728=ORIENTED_EDGE('',*,*,#3685,.T.);
#2729=ORIENTED_EDGE('',*,*,#3686,.F.);
#2730=ORIENTED_EDGE('',*,*,#3685,.F.);
#2731=ORIENTED_EDGE('',*,*,#3687,.T.);
#2732=ORIENTED_EDGE('',*,*,#3688,.T.);
#2733=ORIENTED_EDGE('',*,*,#3689,.F.);
#2734=ORIENTED_EDGE('',*,*,#3688,.F.);
#2735=ORIENTED_EDGE('',*,*,#3690,.T.);
#2736=ORIENTED_EDGE('',*,*,#3691,.T.);
#2737=ORIENTED_EDGE('',*,*,#3692,.F.);
#2738=ORIENTED_EDGE('',*,*,#3691,.F.);
#2739=ORIENTED_EDGE('',*,*,#3693,.T.);
#2740=ORIENTED_EDGE('',*,*,#3677,.T.);
#2741=ORIENTED_EDGE('',*,*,#3694,.F.);
#2742=ORIENTED_EDGE('',*,*,#3678,.F.);
#2743=ORIENTED_EDGE('',*,*,#3693,.F.);
#2744=ORIENTED_EDGE('',*,*,#3690,.F.);
#2745=ORIENTED_EDGE('',*,*,#3687,.F.);
#2746=ORIENTED_EDGE('',*,*,#3684,.F.);
#2747=ORIENTED_EDGE('',*,*,#3681,.F.);
#2748=ORIENTED_EDGE('',*,*,#3695,.T.);
#2749=ORIENTED_EDGE('',*,*,#3676,.T.);
#2750=ORIENTED_EDGE('',*,*,#3680,.T.);
#2751=ORIENTED_EDGE('',*,*,#3683,.T.);
#2752=ORIENTED_EDGE('',*,*,#3686,.T.);
#2753=ORIENTED_EDGE('',*,*,#3689,.T.);
#2754=ORIENTED_EDGE('',*,*,#3692,.T.);
#2755=ORIENTED_EDGE('',*,*,#3696,.F.);
#2756=ORIENTED_EDGE('',*,*,#3696,.T.);
#2757=ORIENTED_EDGE('',*,*,#3695,.F.);
#2758=ORIENTED_EDGE('',*,*,#3697,.F.);
#2759=ORIENTED_EDGE('',*,*,#3675,.F.);
#2760=ORIENTED_EDGE('',*,*,#3694,.T.);
#2761=ORIENTED_EDGE('',*,*,#3697,.T.);
#2762=ORIENTED_EDGE('',*,*,#3698,.T.);
#2763=ORIENTED_EDGE('',*,*,#3076,.T.);
#2764=ORIENTED_EDGE('',*,*,#3175,.T.);
#2765=ORIENTED_EDGE('',*,*,#3699,.F.);
#2766=ORIENTED_EDGE('',*,*,#3700,.F.);
#2767=ORIENTED_EDGE('',*,*,#3701,.T.);
#2768=ORIENTED_EDGE('',*,*,#3702,.T.);
#2769=ORIENTED_EDGE('',*,*,#3703,.F.);
#2770=ORIENTED_EDGE('',*,*,#3702,.F.);
#2771=ORIENTED_EDGE('',*,*,#3704,.T.);
#2772=ORIENTED_EDGE('',*,*,#3705,.T.);
#2773=ORIENTED_EDGE('',*,*,#3706,.F.);
#2774=ORIENTED_EDGE('',*,*,#3705,.F.);
#2775=ORIENTED_EDGE('',*,*,#3707,.T.);
#2776=ORIENTED_EDGE('',*,*,#3708,.T.);
#2777=ORIENTED_EDGE('',*,*,#3709,.F.);
#2778=ORIENTED_EDGE('',*,*,#3708,.F.);
#2779=ORIENTED_EDGE('',*,*,#3710,.T.);
#2780=ORIENTED_EDGE('',*,*,#3711,.T.);
#2781=ORIENTED_EDGE('',*,*,#3712,.F.);
#2782=ORIENTED_EDGE('',*,*,#3711,.F.);
#2783=ORIENTED_EDGE('',*,*,#3713,.T.);
#2784=ORIENTED_EDGE('',*,*,#3714,.T.);
#2785=ORIENTED_EDGE('',*,*,#3715,.F.);
#2786=ORIENTED_EDGE('',*,*,#3714,.F.);
#2787=ORIENTED_EDGE('',*,*,#3716,.T.);
#2788=ORIENTED_EDGE('',*,*,#3700,.T.);
#2789=ORIENTED_EDGE('',*,*,#3717,.F.);
#2790=ORIENTED_EDGE('',*,*,#3701,.F.);
#2791=ORIENTED_EDGE('',*,*,#3716,.F.);
#2792=ORIENTED_EDGE('',*,*,#3713,.F.);
#2793=ORIENTED_EDGE('',*,*,#3710,.F.);
#2794=ORIENTED_EDGE('',*,*,#3707,.F.);
#2795=ORIENTED_EDGE('',*,*,#3704,.F.);
#2796=ORIENTED_EDGE('',*,*,#3718,.T.);
#2797=ORIENTED_EDGE('',*,*,#3699,.T.);
#2798=ORIENTED_EDGE('',*,*,#3703,.T.);
#2799=ORIENTED_EDGE('',*,*,#3706,.T.);
#2800=ORIENTED_EDGE('',*,*,#3709,.T.);
#2801=ORIENTED_EDGE('',*,*,#3712,.T.);
#2802=ORIENTED_EDGE('',*,*,#3715,.T.);
#2803=ORIENTED_EDGE('',*,*,#3719,.F.);
#2804=ORIENTED_EDGE('',*,*,#3719,.T.);
#2805=ORIENTED_EDGE('',*,*,#3718,.F.);
#2806=ORIENTED_EDGE('',*,*,#3720,.F.);
#2807=ORIENTED_EDGE('',*,*,#3698,.F.);
#2808=ORIENTED_EDGE('',*,*,#3717,.T.);
#2809=ORIENTED_EDGE('',*,*,#3720,.T.);
#2810=ORIENTED_EDGE('',*,*,#3062,.T.);
#2811=ORIENTED_EDGE('',*,*,#3040,.T.);
#2812=ORIENTED_EDGE('',*,*,#2999,.T.);
#2813=ORIENTED_EDGE('',*,*,#3721,.T.);
#2814=ORIENTED_EDGE('',*,*,#3722,.F.);
#2815=ORIENTED_EDGE('',*,*,#2998,.T.);
#2816=ORIENTED_EDGE('',*,*,#3723,.T.);
#2817=ORIENTED_EDGE('',*,*,#3724,.F.);
#2818=ORIENTED_EDGE('',*,*,#3721,.F.);
#2819=ORIENTED_EDGE('',*,*,#2997,.T.);
#2820=ORIENTED_EDGE('',*,*,#3725,.T.);
#2821=ORIENTED_EDGE('',*,*,#3726,.F.);
#2822=ORIENTED_EDGE('',*,*,#3723,.F.);
#2823=ORIENTED_EDGE('',*,*,#3727,.T.);
#2824=ORIENTED_EDGE('',*,*,#3728,.F.);
#2825=ORIENTED_EDGE('',*,*,#3185,.F.);
#2826=ORIENTED_EDGE('',*,*,#3179,.F.);
#2827=ORIENTED_EDGE('',*,*,#3064,.F.);
#2828=ORIENTED_EDGE('',*,*,#3728,.T.);
#2829=ORIENTED_EDGE('',*,*,#3729,.T.);
#2830=ORIENTED_EDGE('',*,*,#3730,.F.);
#2831=ORIENTED_EDGE('',*,*,#3186,.F.);
#2832=ORIENTED_EDGE('',*,*,#3181,.F.);
#2833=ORIENTED_EDGE('',*,*,#3187,.F.);
#2834=ORIENTED_EDGE('',*,*,#3730,.T.);
#2835=ORIENTED_EDGE('',*,*,#3731,.T.);
#2836=ORIENTED_EDGE('',*,*,#3068,.F.);
#2837=ORIENTED_EDGE('',*,*,#3063,.T.);
#2838=ORIENTED_EDGE('',*,*,#3722,.T.);
#2839=ORIENTED_EDGE('',*,*,#3724,.T.);
#2840=ORIENTED_EDGE('',*,*,#3726,.T.);
#2841=ORIENTED_EDGE('',*,*,#3732,.T.);
#2842=ORIENTED_EDGE('',*,*,#3048,.F.);
#2843=ORIENTED_EDGE('',*,*,#3069,.T.);
#2844=ORIENTED_EDGE('',*,*,#3731,.F.);
#2845=ORIENTED_EDGE('',*,*,#3729,.F.);
#2846=ORIENTED_EDGE('',*,*,#3727,.F.);
#2847=ORIENTED_EDGE('',*,*,#2996,.T.);
#2848=ORIENTED_EDGE('',*,*,#3038,.T.);
#2849=ORIENTED_EDGE('',*,*,#3035,.T.);
#2850=ORIENTED_EDGE('',*,*,#3049,.F.);
#2851=ORIENTED_EDGE('',*,*,#3732,.F.);
#2852=ORIENTED_EDGE('',*,*,#3725,.F.);
#2853=ORIENTED_EDGE('',*,*,#2989,.T.);
#2854=ORIENTED_EDGE('',*,*,#3733,.T.);
#2855=ORIENTED_EDGE('',*,*,#3734,.F.);
#2856=ORIENTED_EDGE('',*,*,#3735,.F.);
#2857=ORIENTED_EDGE('',*,*,#2988,.T.);
#2858=ORIENTED_EDGE('',*,*,#3736,.T.);
#2859=ORIENTED_EDGE('',*,*,#3737,.F.);
#2860=ORIENTED_EDGE('',*,*,#3733,.F.);
#2861=ORIENTED_EDGE('',*,*,#3738,.T.);
#2862=ORIENTED_EDGE('',*,*,#3739,.T.);
#2863=ORIENTED_EDGE('',*,*,#3740,.F.);
#2864=ORIENTED_EDGE('',*,*,#3045,.F.);
#2865=ORIENTED_EDGE('',*,*,#2990,.T.);
#2866=ORIENTED_EDGE('',*,*,#3735,.T.);
#2867=ORIENTED_EDGE('',*,*,#3741,.F.);
#2868=ORIENTED_EDGE('',*,*,#3072,.T.);
#2869=ORIENTED_EDGE('',*,*,#3030,.T.);
#2870=ORIENTED_EDGE('',*,*,#3173,.F.);
#2871=ORIENTED_EDGE('',*,*,#3074,.F.);
#2872=ORIENTED_EDGE('',*,*,#3742,.T.);
#2873=ORIENTED_EDGE('',*,*,#3738,.F.);
#2874=ORIENTED_EDGE('',*,*,#3044,.F.);
#2875=ORIENTED_EDGE('',*,*,#3740,.T.);
#2876=ORIENTED_EDGE('',*,*,#3743,.T.);
#2877=ORIENTED_EDGE('',*,*,#3078,.F.);
#2878=ORIENTED_EDGE('',*,*,#3174,.F.);
#2879=ORIENTED_EDGE('',*,*,#3046,.F.);
#2880=ORIENTED_EDGE('',*,*,#3741,.T.);
#2881=ORIENTED_EDGE('',*,*,#3734,.T.);
#2882=ORIENTED_EDGE('',*,*,#3737,.T.);
#2883=ORIENTED_EDGE('',*,*,#3744,.T.);
#2884=ORIENTED_EDGE('',*,*,#3535,.T.);
#2885=ORIENTED_EDGE('',*,*,#3079,.F.);
#2886=ORIENTED_EDGE('',*,*,#3743,.F.);
#2887=ORIENTED_EDGE('',*,*,#3739,.F.);
#2888=ORIENTED_EDGE('',*,*,#3742,.F.);
#2889=ORIENTED_EDGE('',*,*,#3073,.F.);
#2890=ORIENTED_EDGE('',*,*,#2987,.T.);
#2891=ORIENTED_EDGE('',*,*,#3033,.T.);
#2892=ORIENTED_EDGE('',*,*,#3027,.T.);
#2893=ORIENTED_EDGE('',*,*,#3536,.F.);
#2894=ORIENTED_EDGE('',*,*,#3744,.F.);
#2895=ORIENTED_EDGE('',*,*,#3736,.F.);
#2896=ORIENTED_EDGE('',*,*,#3016,.T.);
#2897=ORIENTED_EDGE('',*,*,#3745,.T.);
#2898=ORIENTED_EDGE('',*,*,#3746,.F.);
#2899=ORIENTED_EDGE('',*,*,#3747,.F.);
#2900=ORIENTED_EDGE('',*,*,#3748,.T.);
#2901=ORIENTED_EDGE('',*,*,#3749,.T.);
#2902=ORIENTED_EDGE('',*,*,#3750,.F.);
#2903=ORIENTED_EDGE('',*,*,#3023,.F.);
#2904=ORIENTED_EDGE('',*,*,#3751,.T.);
#2905=ORIENTED_EDGE('',*,*,#3746,.T.);
#2906=ORIENTED_EDGE('',*,*,#3752,.T.);
#2907=ORIENTED_EDGE('',*,*,#3753,.T.);
#2908=ORIENTED_EDGE('',*,*,#3090,.F.);
#2909=ORIENTED_EDGE('',*,*,#3754,.F.);
#2910=ORIENTED_EDGE('',*,*,#3749,.F.);
#2911=ORIENTED_EDGE('',*,*,#3755,.F.);
#2912=ORIENTED_EDGE('',*,*,#3084,.F.);
#2913=ORIENTED_EDGE('',*,*,#3091,.T.);
#2914=ORIENTED_EDGE('',*,*,#3753,.F.);
#2915=ORIENTED_EDGE('',*,*,#3756,.F.);
#2916=ORIENTED_EDGE('',*,*,#2981,.T.);
#2917=ORIENTED_EDGE('',*,*,#3747,.T.);
#2918=ORIENTED_EDGE('',*,*,#3751,.F.);
#2919=ORIENTED_EDGE('',*,*,#3083,.T.);
#2920=ORIENTED_EDGE('',*,*,#3017,.T.);
#2921=ORIENTED_EDGE('',*,*,#3015,.T.);
#2922=ORIENTED_EDGE('',*,*,#3020,.T.);
#2923=ORIENTED_EDGE('',*,*,#3092,.T.);
#2924=ORIENTED_EDGE('',*,*,#3756,.T.);
#2925=ORIENTED_EDGE('',*,*,#3752,.F.);
#2926=ORIENTED_EDGE('',*,*,#3745,.F.);
#2927=ORIENTED_EDGE('',*,*,#3750,.T.);
#2928=ORIENTED_EDGE('',*,*,#3754,.T.);
#2929=ORIENTED_EDGE('',*,*,#3089,.F.);
#2930=ORIENTED_EDGE('',*,*,#3176,.F.);
#2931=ORIENTED_EDGE('',*,*,#3024,.F.);
#2932=ORIENTED_EDGE('',*,*,#3178,.F.);
#2933=ORIENTED_EDGE('',*,*,#3085,.F.);
#2934=ORIENTED_EDGE('',*,*,#3755,.T.);
#2935=ORIENTED_EDGE('',*,*,#3748,.F.);
#2936=ORIENTED_EDGE('',*,*,#3026,.F.);
#2937=ORIENTED_EDGE('',*,*,#3757,.T.);
#2938=ORIENTED_EDGE('',*,*,#3758,.T.);
#2939=ORIENTED_EDGE('',*,*,#3759,.T.);
#2940=ORIENTED_EDGE('',*,*,#3760,.T.);
#2941=ORIENTED_EDGE('',*,*,#3761,.T.);
#2942=ORIENTED_EDGE('',*,*,#3762,.T.);
#2943=ORIENTED_EDGE('',*,*,#3763,.T.);
#2944=ORIENTED_EDGE('',*,*,#3764,.T.);
#2945=ORIENTED_EDGE('',*,*,#3765,.F.);
#2946=ORIENTED_EDGE('',*,*,#3764,.F.);
#2947=ORIENTED_EDGE('',*,*,#3766,.F.);
#2948=ORIENTED_EDGE('',*,*,#3220,.F.);
#2949=ORIENTED_EDGE('',*,*,#3421,.F.);
#2950=ORIENTED_EDGE('',*,*,#3473,.F.);
#2951=ORIENTED_EDGE('',*,*,#3367,.F.);
#2952=ORIENTED_EDGE('',*,*,#3215,.F.);
#2953=ORIENTED_EDGE('',*,*,#3766,.T.);
#2954=ORIENTED_EDGE('',*,*,#3763,.F.);
#2955=ORIENTED_EDGE('',*,*,#3767,.F.);
#2956=ORIENTED_EDGE('',*,*,#3056,.F.);
#2957=ORIENTED_EDGE('',*,*,#3765,.T.);
#2958=ORIENTED_EDGE('',*,*,#3115,.F.);
#2959=ORIENTED_EDGE('',*,*,#3768,.F.);
#2960=ORIENTED_EDGE('',*,*,#3757,.F.);
#2961=ORIENTED_EDGE('',*,*,#3767,.T.);
#2962=ORIENTED_EDGE('',*,*,#3762,.F.);
#2963=ORIENTED_EDGE('',*,*,#3769,.F.);
#2964=ORIENTED_EDGE('',*,*,#3255,.F.);
#2965=ORIENTED_EDGE('',*,*,#3768,.T.);
#2966=ORIENTED_EDGE('',*,*,#3260,.F.);
#2967=ORIENTED_EDGE('',*,*,#3770,.F.);
#2968=ORIENTED_EDGE('',*,*,#3758,.F.);
#2969=ORIENTED_EDGE('',*,*,#3769,.T.);
#2970=ORIENTED_EDGE('',*,*,#3761,.F.);
#2971=ORIENTED_EDGE('',*,*,#3771,.F.);
#2972=ORIENTED_EDGE('',*,*,#3253,.F.);
#2973=ORIENTED_EDGE('',*,*,#3770,.T.);
#2974=ORIENTED_EDGE('',*,*,#3261,.F.);
#2975=ORIENTED_EDGE('',*,*,#3772,.F.);
#2976=ORIENTED_EDGE('',*,*,#3759,.F.);
#2977=ORIENTED_EDGE('',*,*,#3771,.T.);
#2978=ORIENTED_EDGE('',*,*,#3760,.F.);
#2979=ORIENTED_EDGE('',*,*,#3772,.T.);
#2980=ORIENTED_EDGE('',*,*,#3201,.F.);
#2981=EDGE_CURVE('',#3773,#3774,#4298,.T.);
#2982=EDGE_CURVE('',#3773,#3775,#445,.T.);
#2983=EDGE_CURVE('',#3776,#3775,#4299,.T.);
#2984=EDGE_CURVE('',#3777,#3776,#446,.F.);
#2985=EDGE_CURVE('',#3778,#3777,#4300,.T.);
#2986=EDGE_CURVE('',#3778,#3779,#447,.T.);
#2987=EDGE_CURVE('',#3780,#3779,#4301,.T.);
#2988=EDGE_CURVE('',#3781,#3780,#448,.F.);
#2989=EDGE_CURVE('',#3782,#3781,#4302,.T.);
#2990=EDGE_CURVE('',#3783,#3782,#4303,.T.);
#2991=EDGE_CURVE('',#3783,#3784,#449,.T.);
#2992=EDGE_CURVE('',#3785,#3784,#4304,.T.);
#2993=EDGE_CURVE('',#3786,#3785,#450,.F.);
#2994=EDGE_CURVE('',#3787,#3786,#4305,.T.);
#2995=EDGE_CURVE('',#3787,#3788,#451,.T.);
#2996=EDGE_CURVE('',#3789,#3788,#4306,.T.);
#2997=EDGE_CURVE('',#3790,#3789,#452,.F.);
#2998=EDGE_CURVE('',#3791,#3790,#4307,.T.);
#2999=EDGE_CURVE('',#3792,#3791,#4308,.T.);
#3000=EDGE_CURVE('',#3792,#3793,#453,.T.);
#3001=EDGE_CURVE('',#3794,#3793,#4309,.T.);
#3002=EDGE_CURVE('',#3795,#3794,#454,.F.);
#3003=EDGE_CURVE('',#3796,#3795,#4310,.T.);
#3004=EDGE_CURVE('',#3796,#3797,#455,.T.);
#3005=EDGE_CURVE('',#3797,#3798,#290,.F.);
#3006=EDGE_CURVE('',#3799,#3798,#456,.T.);
#3007=EDGE_CURVE('',#3799,#3800,#291,.T.);
#3008=EDGE_CURVE('',#3800,#3801,#457,.F.);
#3009=EDGE_CURVE('',#3801,#3802,#225,.T.);
#3010=EDGE_CURVE('',#3803,#3802,#458,.T.);
#3011=EDGE_CURVE('',#3803,#3804,#226,.F.);
#3012=EDGE_CURVE('',#3804,#3805,#459,.T.);
#3013=EDGE_CURVE('',#3805,#3806,#227,.T.);
#3014=EDGE_CURVE('',#3806,#3807,#460,.T.);
#3015=EDGE_CURVE('',#3808,#3807,#4311,.T.);
#3016=EDGE_CURVE('',#3774,#3808,#461,.F.);
#3017=EDGE_CURVE('',#3809,#3773,#462,.T.);
#3018=EDGE_CURVE('',#3809,#3810,#463,.T.);
#3019=EDGE_CURVE('',#3775,#3810,#464,.T.);
#3020=EDGE_CURVE('',#3807,#3811,#465,.T.);
#3021=EDGE_CURVE('',#3806,#3812,#292,.T.);
#3022=EDGE_CURVE('',#3812,#3811,#466,.T.);
#3023=EDGE_CURVE('',#3813,#3814,#467,.F.);
#3024=EDGE_CURVE('',#3814,#3815,#4312,.T.);
#3025=EDGE_CURVE('',#3815,#3816,#468,.T.);
#3026=EDGE_CURVE('',#3816,#3813,#4313,.T.);
#3027=EDGE_CURVE('',#3817,#3818,#4314,.T.);
#3028=EDGE_CURVE('',#3819,#3817,#469,.T.);
#3029=EDGE_CURVE('',#3818,#3819,#4315,.T.);
#3030=EDGE_CURVE('',#3820,#3783,#470,.T.);
#3031=EDGE_CURVE('',#3820,#3821,#471,.T.);
#3032=EDGE_CURVE('',#3784,#3821,#472,.T.);
#3033=EDGE_CURVE('',#3779,#3817,#473,.T.);
#3034=EDGE_CURVE('',#3819,#3778,#474,.T.);
#3035=EDGE_CURVE('',#3822,#3823,#4316,.T.);
#3036=EDGE_CURVE('',#3824,#3822,#475,.T.);
#3037=EDGE_CURVE('',#3823,#3824,#4317,.T.);
#3038=EDGE_CURVE('',#3788,#3822,#476,.T.);
#3039=EDGE_CURVE('',#3824,#3787,#477,.T.);
#3040=EDGE_CURVE('',#3825,#3792,#478,.T.);
#3041=EDGE_CURVE('',#3825,#3826,#479,.T.);
#3042=EDGE_CURVE('',#3793,#3826,#480,.T.);
#3043=EDGE_CURVE('',#3827,#3828,#481,.T.);
#3044=EDGE_CURVE('',#3828,#3829,#4318,.T.);
#3045=EDGE_CURVE('',#3829,#3830,#482,.F.);
#3046=EDGE_CURVE('',#3830,#3827,#4319,.T.);
#3047=EDGE_CURVE('',#3831,#3832,#4320,.T.);
#3048=EDGE_CURVE('',#3832,#3833,#483,.T.);
#3049=EDGE_CURVE('',#3833,#3823,#484,.T.);
#3050=EDGE_CURVE('',#3834,#3786,#485,.T.);
#3051=EDGE_CURVE('',#3835,#3834,#486,.T.);
#3052=EDGE_CURVE('',#3835,#3836,#293,.T.);
#3053=EDGE_CURVE('',#3837,#3836,#487,.T.);
#3054=EDGE_CURVE('',#3831,#3837,#488,.T.);
#3055=EDGE_CURVE('',#3838,#3839,#489,.T.);
#3056=EDGE_CURVE('',#3839,#3840,#228,.T.);
#3057=EDGE_CURVE('',#3840,#3841,#294,.F.);
#3058=EDGE_CURVE('',#3842,#3841,#490,.T.);
#3059=EDGE_CURVE('',#3843,#3842,#4321,.T.);
#3060=EDGE_CURVE('',#3843,#3844,#491,.F.);
#3061=EDGE_CURVE('',#3826,#3844,#4322,.T.);
#3062=EDGE_CURVE('',#3845,#3825,#4323,.T.);
#3063=EDGE_CURVE('',#3846,#3845,#492,.T.);
#3064=EDGE_CURVE('',#3846,#3847,#4324,.T.);
#3065=EDGE_CURVE('',#3848,#3847,#493,.T.);
#3066=EDGE_CURVE('',#3849,#3848,#229,.T.);
#3067=EDGE_CURVE('',#3850,#3849,#494,.T.);
#3068=EDGE_CURVE('',#3850,#3851,#4325,.T.);
#3069=EDGE_CURVE('',#3832,#3851,#495,.T.);
#3070=EDGE_CURVE('',#3831,#3852,#496,.F.);
#3071=EDGE_CURVE('',#3821,#3852,#4326,.T.);
#3072=EDGE_CURVE('',#3853,#3820,#4327,.T.);
#3073=EDGE_CURVE('',#3853,#3854,#497,.F.);
#3074=EDGE_CURVE('',#3854,#3855,#4328,.T.);
#3075=EDGE_CURVE('',#3856,#3855,#498,.T.);
#3076=EDGE_CURVE('',#3857,#3856,#230,.T.);
#3077=EDGE_CURVE('',#3858,#3857,#499,.T.);
#3078=EDGE_CURVE('',#3858,#3859,#4329,.T.);
#3079=EDGE_CURVE('',#3859,#3860,#500,.F.);
#3080=EDGE_CURVE('',#3861,#3860,#4330,.T.);
#3081=EDGE_CURVE('',#3861,#3862,#501,.F.);
#3082=EDGE_CURVE('',#3810,#3862,#4331,.T.);
#3083=EDGE_CURVE('',#3863,#3809,#4332,.T.);
#3084=EDGE_CURVE('',#3863,#3864,#502,.F.);
#3085=EDGE_CURVE('',#3864,#3865,#4333,.T.);
#3086=EDGE_CURVE('',#3866,#3865,#503,.T.);
#3087=EDGE_CURVE('',#3867,#3866,#231,.T.);
#3088=EDGE_CURVE('',#3868,#3867,#504,.T.);
#3089=EDGE_CURVE('',#3868,#3869,#4334,.T.);
#3090=EDGE_CURVE('',#3869,#3870,#505,.F.);
#3091=EDGE_CURVE('',#3871,#3870,#4335,.T.);
#3092=EDGE_CURVE('',#3811,#3871,#4336,.T.);
#3093=EDGE_CURVE('',#3812,#3872,#232,.T.);
#3094=EDGE_CURVE('',#3873,#3872,#506,.T.);
#3095=EDGE_CURVE('',#3873,#3874,#233,.T.);
#3096=EDGE_CURVE('',#3875,#3874,#507,.F.);
#3097=EDGE_CURVE('',#3875,#3876,#234,.T.);
#3098=EDGE_CURVE('',#3877,#3876,#508,.F.);
#3099=EDGE_CURVE('',#3878,#3877,#509,.F.);
#3100=EDGE_CURVE('',#3879,#3878,#510,.F.);
#3101=EDGE_CURVE('',#3838,#3879,#295,.T.);
#3102=EDGE_CURVE('',#3880,#3881,#235,.T.);
#3103=EDGE_CURVE('',#3880,#3882,#511,.T.);
#3104=EDGE_CURVE('',#3883,#3882,#512,.T.);
#3105=EDGE_CURVE('',#3884,#3883,#513,.T.);
#3106=EDGE_CURVE('',#3885,#3884,#236,.T.);
#3107=EDGE_CURVE('',#3881,#3885,#514,.T.);
#3108=EDGE_CURVE('',#3886,#3887,#237,.T.);
#3109=EDGE_CURVE('',#3888,#3886,#515,.F.);
#3110=EDGE_CURVE('',#3889,#3888,#238,.T.);
#3111=EDGE_CURVE('',#3890,#3889,#516,.T.);
#3112=EDGE_CURVE('',#3890,#3891,#296,.T.);
#3113=EDGE_CURVE('',#3891,#3887,#517,.T.);
#3114=EDGE_CURVE('',#3892,#3893,#297,.F.);
#3115=EDGE_CURVE('',#3893,#3894,#239,.T.);
#3116=EDGE_CURVE('',#3895,#3894,#518,.T.);
#3117=EDGE_CURVE('',#3896,#3895,#298,.T.);
#3118=EDGE_CURVE('',#3897,#3896,#519,.T.);
#3119=EDGE_CURVE('',#3898,#3897,#520,.T.);
#3120=EDGE_CURVE('',#3899,#3898,#521,.T.);
#3121=EDGE_CURVE('',#3899,#3900,#240,.T.);
#3122=EDGE_CURVE('',#3900,#3901,#522,.F.);
#3123=EDGE_CURVE('',#3901,#3902,#241,.F.);
#3124=EDGE_CURVE('',#3902,#3903,#523,.T.);
#3125=EDGE_CURVE('',#3903,#3890,#242,.T.);
#3126=EDGE_CURVE('',#3884,#3889,#243,.T.);
#3127=EDGE_CURVE('',#3904,#3883,#4337,.T.);
#3128=EDGE_CURVE('',#3905,#3904,#244,.T.);
#3129=EDGE_CURVE('',#3906,#3905,#4338,.T.);
#3130=EDGE_CURVE('',#3907,#3906,#245,.T.);
#3131=EDGE_CURVE('',#3908,#3907,#4339,.T.);
#3132=EDGE_CURVE('',#3909,#3908,#246,.T.);
#3133=EDGE_CURVE('',#3910,#3909,#4340,.T.);
#3134=EDGE_CURVE('',#3910,#3892,#524,.T.);
#3135=EDGE_CURVE('',#3887,#3880,#247,.T.);
#3136=EDGE_CURVE('',#3891,#3911,#248,.T.);
#3137=EDGE_CURVE('',#3912,#3911,#525,.T.);
#3138=EDGE_CURVE('',#3912,#3913,#249,.T.);
#3139=EDGE_CURVE('',#3913,#3914,#526,.T.);
#3140=EDGE_CURVE('',#3914,#3915,#250,.T.);
#3141=EDGE_CURVE('',#3915,#3916,#527,.T.);
#3142=EDGE_CURVE('',#3916,#3917,#299,.T.);
#3143=EDGE_CURVE('',#3917,#3918,#528,.T.);
#3144=EDGE_CURVE('',#3918,#3919,#300,.F.);
#3145=EDGE_CURVE('',#3920,#3919,#529,.T.);
#3146=EDGE_CURVE('',#3921,#3920,#4341,.T.);
#3147=EDGE_CURVE('',#3922,#3921,#251,.T.);
#3148=EDGE_CURVE('',#3923,#3922,#4342,.T.);
#3149=EDGE_CURVE('',#3924,#3923,#252,.T.);
#3150=EDGE_CURVE('',#3925,#3924,#4343,.T.);
#3151=EDGE_CURVE('',#3926,#3925,#253,.T.);
#3152=EDGE_CURVE('',#3882,#3926,#4344,.T.);
#3153=EDGE_CURVE('',#3927,#3928,#530,.T.);
#3154=EDGE_CURVE('',#3928,#3929,#4345,.F.);
#3155=EDGE_CURVE('',#3929,#3930,#531,.T.);
#3156=EDGE_CURVE('',#3930,#3931,#4346,.F.);
#3157=EDGE_CURVE('',#3931,#3932,#532,.T.);
#3158=EDGE_CURVE('',#3932,#3933,#254,.T.);
#3159=EDGE_CURVE('',#3933,#3934,#533,.F.);
#3160=EDGE_CURVE('',#3934,#3935,#534,.T.);
#3161=EDGE_CURVE('',#3935,#3927,#4347,.T.);
#3162=EDGE_CURVE('',#3936,#3937,#4348,.F.);
#3163=EDGE_CURVE('',#3938,#3936,#535,.T.);
#3164=EDGE_CURVE('',#3939,#3938,#4349,.F.);
#3165=EDGE_CURVE('',#3939,#3940,#536,.T.);
#3166=EDGE_CURVE('',#3940,#3941,#255,.T.);
#3167=EDGE_CURVE('',#3941,#3942,#537,.T.);
#3168=EDGE_CURVE('',#3942,#3943,#538,.T.);
#3169=EDGE_CURVE('',#3943,#3944,#4350,.F.);
#3170=EDGE_CURVE('',#3937,#3944,#539,.T.);
#3171=EDGE_CURVE('',#3920,#3910,#540,.T.);
#3172=EDGE_CURVE('',#3919,#3892,#541,.T.);
#3173=EDGE_CURVE('',#3855,#3828,#542,.T.);
#3174=EDGE_CURVE('',#3827,#3858,#543,.T.);
#3175=EDGE_CURVE('',#3856,#3857,#301,.F.);
#3176=EDGE_CURVE('',#3815,#3868,#544,.T.);
#3177=EDGE_CURVE('',#3866,#3867,#302,.F.);
#3178=EDGE_CURVE('',#3865,#3816,#545,.T.);
#3179=EDGE_CURVE('',#3847,#3945,#546,.T.);
#3180=EDGE_CURVE('',#3946,#3945,#547,.T.);
#3181=EDGE_CURVE('',#3946,#3850,#548,.T.);
#3182=EDGE_CURVE('',#3848,#3849,#303,.F.);
#3183=EDGE_CURVE('',#3842,#3796,#549,.T.);
#3184=EDGE_CURVE('',#3841,#3797,#550,.T.);
#3185=EDGE_CURVE('',#3945,#3947,#4351,.T.);
#3186=EDGE_CURVE('',#3947,#3948,#4352,.T.);
#3187=EDGE_CURVE('',#3948,#3946,#4353,.T.);
#3188=EDGE_CURVE('',#3949,#3950,#551,.T.);
#3189=EDGE_CURVE('',#3951,#3949,#552,.T.);
#3190=EDGE_CURVE('',#3951,#3952,#553,.T.);
#3191=EDGE_CURVE('',#3952,#3918,#554,.T.);
#3192=EDGE_CURVE('',#3917,#3953,#555,.T.);
#3193=EDGE_CURVE('',#3953,#3954,#556,.T.);
#3194=EDGE_CURVE('',#3954,#3955,#304,.T.);
#3195=EDGE_CURVE('',#3955,#3956,#557,.T.);
#3196=EDGE_CURVE('',#3956,#3957,#305,.T.);
#3197=EDGE_CURVE('',#3957,#3958,#558,.T.);
#3198=EDGE_CURVE('',#3958,#3799,#559,.T.);
#3199=EDGE_CURVE('',#3798,#3950,#560,.T.);
#3200=EDGE_CURVE('',#3959,#3960,#561,.F.);
#3201=EDGE_CURVE('',#3960,#3961,#562,.T.);
#3202=EDGE_CURVE('',#3961,#3962,#563,.F.);
#3203=EDGE_CURVE('',#3962,#3963,#564,.F.);
#3204=EDGE_CURVE('',#3964,#3963,#565,.T.);
#3205=EDGE_CURVE('',#3964,#3965,#566,.T.);
#3206=EDGE_CURVE('',#3965,#3966,#567,.T.);
#3207=EDGE_CURVE('',#3966,#3959,#568,.F.);
#3208=EDGE_CURVE('',#3966,#3950,#306,.F.);
#3209=EDGE_CURVE('',#3798,#3959,#307,.T.);
#3210=EDGE_CURVE('',#3967,#3968,#4354,.F.);
#3211=EDGE_CURVE('',#3968,#3969,#4355,.T.);
#3212=EDGE_CURVE('',#3967,#3969,#308,.T.);
#3213=EDGE_CURVE('',#3969,#3970,#569,.T.);
#3214=EDGE_CURVE('',#3970,#3967,#570,.T.);
#3215=EDGE_CURVE('',#3894,#3971,#571,.T.);
#3216=EDGE_CURVE('',#3971,#3972,#572,.T.);
#3217=EDGE_CURVE('',#3972,#3973,#573,.T.);
#3218=EDGE_CURVE('',#3973,#3968,#574,.T.);
#3219=EDGE_CURVE('',#3970,#3974,#575,.T.);
#3220=EDGE_CURVE('',#3974,#3839,#576,.T.);
#3221=EDGE_CURVE('',#3975,#3838,#577,.T.);
#3222=EDGE_CURVE('',#3975,#3976,#578,.F.);
#3223=EDGE_CURVE('',#3976,#3977,#579,.F.);
#3224=EDGE_CURVE('',#3977,#3978,#580,.T.);
#3225=EDGE_CURVE('',#3895,#3978,#581,.T.);
#3226=EDGE_CURVE('',#3872,#3805,#309,.T.);
#3227=EDGE_CURVE('',#3804,#3873,#310,.F.);
#3228=EDGE_CURVE('',#3979,#3980,#582,.T.);
#3229=EDGE_CURVE('',#3980,#3981,#583,.F.);
#3230=EDGE_CURVE('',#3982,#3981,#584,.T.);
#3231=EDGE_CURVE('',#3982,#3983,#585,.F.);
#3232=EDGE_CURVE('',#3983,#3984,#256,.T.);
#3233=EDGE_CURVE('',#3984,#3985,#4356,.F.);
#3234=EDGE_CURVE('',#3985,#3986,#586,.T.);
#3235=EDGE_CURVE('',#3986,#3987,#4357,.F.);
#3236=EDGE_CURVE('',#3987,#3988,#257,.T.);
#3237=EDGE_CURVE('',#3988,#3979,#587,.F.);
#3238=EDGE_CURVE('',#3911,#3903,#311,.T.);
#3239=EDGE_CURVE('',#3912,#3902,#312,.F.);
#3240=EDGE_CURVE('',#3989,#3989,#313,.T.);
#3241=EDGE_CURVE('',#3900,#3990,#314,.F.);
#3242=EDGE_CURVE('',#3991,#3990,#588,.T.);
#3243=EDGE_CURVE('',#3991,#3914,#315,.F.);
#3244=EDGE_CURVE('',#3913,#3901,#316,.F.);
#3245=EDGE_CURVE('',#3992,#3992,#317,.F.);
#3246=EDGE_CURVE('',#3993,#3994,#589,.T.);
#3247=EDGE_CURVE('',#3994,#3875,#318,.T.);
#3248=EDGE_CURVE('',#3803,#3874,#319,.F.);
#3249=EDGE_CURVE('',#3802,#3993,#320,.T.);
#3250=EDGE_CURVE('',#3990,#3994,#590,.F.);
#3251=EDGE_CURVE('',#3993,#3991,#591,.T.);
#3252=EDGE_CURVE('',#3995,#3841,#321,.T.);
#3253=EDGE_CURVE('',#3995,#3960,#258,.T.);
#3254=EDGE_CURVE('',#3797,#3959,#322,.T.);
#3255=EDGE_CURVE('',#3840,#3995,#259,.T.);
#3256=EDGE_CURVE('',#3963,#3952,#323,.F.);
#3257=EDGE_CURVE('',#3918,#3962,#324,.T.);
#3258=EDGE_CURVE('',#3919,#3962,#325,.T.);
#3259=EDGE_CURVE('',#3996,#3892,#326,.T.);
#3260=EDGE_CURVE('',#3996,#3893,#260,.T.);
#3261=EDGE_CURVE('',#3961,#3996,#261,.T.);
#3262=EDGE_CURVE('',#3997,#3998,#592,.T.);
#3263=EDGE_CURVE('',#3998,#3999,#593,.T.);
#3264=EDGE_CURVE('',#4000,#3999,#594,.T.);
#3265=EDGE_CURVE('',#4000,#4001,#595,.T.);
#3266=EDGE_CURVE('',#4001,#4002,#262,.T.);
#3267=EDGE_CURVE('',#4003,#4002,#4358,.F.);
#3268=EDGE_CURVE('',#4004,#4003,#596,.T.);
#3269=EDGE_CURVE('',#4005,#4004,#4359,.F.);
#3270=EDGE_CURVE('',#4005,#4006,#263,.T.);
#3271=EDGE_CURVE('',#4006,#3997,#597,.T.);
#3272=EDGE_CURVE('',#3928,#4007,#4360,.F.);
#3273=EDGE_CURVE('',#3927,#4008,#598,.F.);
#3274=EDGE_CURVE('',#4008,#4009,#599,.T.);
#3275=EDGE_CURVE('',#4009,#4010,#600,.T.);
#3276=EDGE_CURVE('',#4007,#4010,#601,.T.);
#3277=EDGE_CURVE('',#4011,#4012,#602,.T.);
#3278=EDGE_CURVE('',#4012,#4007,#4361,.F.);
#3279=EDGE_CURVE('',#4010,#4013,#4362,.T.);
#3280=EDGE_CURVE('',#4014,#4013,#603,.T.);
#3281=EDGE_CURVE('',#4014,#4015,#604,.F.);
#3282=EDGE_CURVE('',#4015,#4016,#264,.T.);
#3283=EDGE_CURVE('',#4017,#4016,#605,.T.);
#3284=EDGE_CURVE('',#4017,#4011,#4363,.F.);
#3285=EDGE_CURVE('',#3898,#4018,#327,.T.);
#3286=EDGE_CURVE('',#4018,#3935,#606,.T.);
#3287=EDGE_CURVE('',#3934,#4000,#328,.F.);
#3288=EDGE_CURVE('',#3999,#3899,#329,.T.);
#3289=EDGE_CURVE('',#4013,#4019,#607,.F.);
#3290=EDGE_CURVE('',#4019,#3877,#330,.F.);
#3291=EDGE_CURVE('',#3876,#3998,#331,.F.);
#3292=EDGE_CURVE('',#3997,#4014,#332,.T.);
#3293=EDGE_CURVE('',#3879,#3975,#333,.F.);
#3294=EDGE_CURVE('',#3978,#3896,#334,.F.);
#3295=EDGE_CURVE('',#4020,#4021,#608,.T.);
#3296=EDGE_CURVE('',#4021,#3937,#4364,.F.);
#3297=EDGE_CURVE('',#3944,#4022,#609,.F.);
#3298=EDGE_CURVE('',#4022,#4023,#610,.F.);
#3299=EDGE_CURVE('',#4023,#4020,#611,.T.);
#3300=EDGE_CURVE('',#3955,#4024,#612,.T.);
#3301=EDGE_CURVE('',#4024,#4025,#613,.T.);
#3302=EDGE_CURVE('',#4025,#3956,#614,.F.);
#3303=EDGE_CURVE('',#4021,#4026,#4365,.F.);
#3304=EDGE_CURVE('',#4020,#4027,#4366,.F.);
#3305=EDGE_CURVE('',#4028,#4027,#615,.T.);
#3306=EDGE_CURVE('',#4028,#4029,#616,.T.);
#3307=EDGE_CURVE('',#4029,#4030,#265,.T.);
#3308=EDGE_CURVE('',#4031,#4030,#617,.T.);
#3309=EDGE_CURVE('',#4032,#4031,#4367,.F.);
#3310=EDGE_CURVE('',#4026,#4032,#618,.T.);
#3311=EDGE_CURVE('',#4027,#4033,#619,.F.);
#3312=EDGE_CURVE('',#4033,#3954,#620,.F.);
#3313=EDGE_CURVE('',#3916,#3953,#621,.T.);
#3314=EDGE_CURVE('',#3915,#3980,#335,.T.);
#3315=EDGE_CURVE('',#3979,#4028,#336,.F.);
#3316=EDGE_CURVE('',#3957,#4034,#622,.T.);
#3317=EDGE_CURVE('',#4034,#3943,#623,.T.);
#3318=EDGE_CURVE('',#3942,#3982,#337,.T.);
#3319=EDGE_CURVE('',#3981,#3801,#338,.F.);
#3320=EDGE_CURVE('',#3800,#3958,#624,.T.);
#3321=EDGE_CURVE('',#3984,#4035,#625,.T.);
#3322=EDGE_CURVE('',#4035,#3939,#266,.T.);
#3323=EDGE_CURVE('',#3985,#3938,#626,.T.);
#3324=EDGE_CURVE('',#3936,#4026,#4368,.F.);
#3325=EDGE_CURVE('',#3986,#4032,#627,.T.);
#3326=EDGE_CURVE('',#4036,#4031,#267,.T.);
#3327=EDGE_CURVE('',#4036,#3987,#628,.F.);
#3328=EDGE_CURVE('',#4035,#3940,#268,.T.);
#3329=EDGE_CURVE('',#4030,#4036,#269,.T.);
#3330=EDGE_CURVE('',#4004,#4011,#629,.T.);
#3331=EDGE_CURVE('',#4017,#4037,#270,.T.);
#3332=EDGE_CURVE('',#4037,#4005,#630,.F.);
#3333=EDGE_CURVE('',#3929,#4012,#4369,.F.);
#3334=EDGE_CURVE('',#4003,#3930,#631,.T.);
#3335=EDGE_CURVE('',#4002,#4038,#632,.T.);
#3336=EDGE_CURVE('',#3931,#4038,#271,.T.);
#3337=EDGE_CURVE('',#4016,#4037,#272,.T.);
#3338=EDGE_CURVE('',#4038,#3932,#273,.T.);
#3339=EDGE_CURVE('',#3933,#4001,#274,.F.);
#3340=EDGE_CURVE('',#4006,#4015,#275,.T.);
#3341=EDGE_CURVE('',#3988,#4029,#276,.T.);
#3342=EDGE_CURVE('',#3941,#3983,#277,.F.);
#3343=EDGE_CURVE('',#4039,#4040,#339,.F.);
#3344=EDGE_CURVE('',#4040,#4041,#278,.T.);
#3345=EDGE_CURVE('',#4041,#4042,#340,.F.);
#3346=EDGE_CURVE('',#4042,#4039,#279,.T.);
#3347=EDGE_CURVE('',#4043,#4043,#341,.T.);
#3348=EDGE_CURVE('',#4044,#4045,#342,.F.);
#3349=EDGE_CURVE('',#4045,#4046,#280,.T.);
#3350=EDGE_CURVE('',#4046,#4047,#343,.F.);
#3351=EDGE_CURVE('',#4047,#4044,#281,.T.);
#3352=EDGE_CURVE('',#4048,#4048,#344,.F.);
#3353=EDGE_CURVE('',#4044,#3891,#345,.T.);
#3354=EDGE_CURVE('',#3911,#4047,#346,.T.);
#3355=EDGE_CURVE('',#3903,#4046,#347,.T.);
#3356=EDGE_CURVE('',#4045,#3890,#348,.T.);
#3357=EDGE_CURVE('',#4039,#3805,#349,.T.);
#3358=EDGE_CURVE('',#3806,#4042,#350,.T.);
#3359=EDGE_CURVE('',#3812,#4041,#351,.T.);
#3360=EDGE_CURVE('',#4040,#3872,#352,.T.);
#3361=EDGE_CURVE('',#4049,#4049,#353,.T.);
#3362=EDGE_CURVE('',#4050,#4050,#354,.T.);
#3363=EDGE_CURVE('',#4051,#4051,#355,.T.);
#3364=EDGE_CURVE('',#4052,#4052,#356,.T.);
#3365=EDGE_CURVE('',#4053,#4053,#357,.T.);
#3366=EDGE_CURVE('',#4054,#4054,#358,.T.);
#3367=EDGE_CURVE('',#3971,#4055,#359,.F.);
#3368=EDGE_CURVE('',#4056,#4055,#633,.T.);
#3369=EDGE_CURVE('',#4057,#4056,#634,.T.);
#3370=EDGE_CURVE('',#4057,#3964,#635,.T.);
#3371=EDGE_CURVE('',#3972,#3951,#636,.T.);
#3372=EDGE_CURVE('',#4058,#4059,#637,.T.);
#3373=EDGE_CURVE('',#4059,#4060,#638,.T.);
#3374=EDGE_CURVE('',#4060,#4061,#639,.T.);
#3375=EDGE_CURVE('',#4062,#4061,#4370,.F.);
#3376=EDGE_CURVE('',#4063,#4062,#640,.T.);
#3377=EDGE_CURVE('',#4064,#4063,#641,.T.);
#3378=EDGE_CURVE('',#4065,#4064,#642,.T.);
#3379=EDGE_CURVE('',#4066,#4065,#4371,.F.);
#3380=EDGE_CURVE('',#4066,#4067,#643,.T.);
#3381=EDGE_CURVE('',#4068,#4067,#4372,.F.);
#3382=EDGE_CURVE('',#4069,#4068,#644,.T.);
#3383=EDGE_CURVE('',#4069,#4070,#645,.T.);
#3384=EDGE_CURVE('',#4071,#4070,#646,.T.);
#3385=EDGE_CURVE('',#4072,#4071,#4373,.F.);
#3386=EDGE_CURVE('',#4072,#4073,#647,.T.);
#3387=EDGE_CURVE('',#4058,#4073,#648,.T.);
#3388=EDGE_CURVE('',#4074,#4075,#649,.T.);
#3389=EDGE_CURVE('',#4075,#4076,#650,.T.);
#3390=EDGE_CURVE('',#4076,#4077,#651,.T.);
#3391=EDGE_CURVE('',#4078,#4077,#4374,.F.);
#3392=EDGE_CURVE('',#4079,#4078,#652,.T.);
#3393=EDGE_CURVE('',#4080,#4079,#653,.T.);
#3394=EDGE_CURVE('',#4081,#4080,#654,.T.);
#3395=EDGE_CURVE('',#4082,#4081,#4375,.F.);
#3396=EDGE_CURVE('',#4082,#4083,#655,.T.);
#3397=EDGE_CURVE('',#4084,#4083,#4376,.F.);
#3398=EDGE_CURVE('',#4085,#4084,#656,.T.);
#3399=EDGE_CURVE('',#4085,#4086,#657,.T.);
#3400=EDGE_CURVE('',#4087,#4086,#658,.T.);
#3401=EDGE_CURVE('',#4088,#4087,#4377,.F.);
#3402=EDGE_CURVE('',#4088,#4089,#659,.T.);
#3403=EDGE_CURVE('',#4074,#4089,#660,.T.);
#3404=EDGE_CURVE('',#4090,#4091,#661,.T.);
#3405=EDGE_CURVE('',#4091,#4092,#662,.T.);
#3406=EDGE_CURVE('',#4092,#4093,#663,.T.);
#3407=EDGE_CURVE('',#4094,#4093,#4378,.F.);
#3408=EDGE_CURVE('',#4095,#4094,#664,.T.);
#3409=EDGE_CURVE('',#4096,#4095,#665,.T.);
#3410=EDGE_CURVE('',#4097,#4096,#666,.T.);
#3411=EDGE_CURVE('',#4098,#4097,#4379,.F.);
#3412=EDGE_CURVE('',#4098,#4099,#667,.T.);
#3413=EDGE_CURVE('',#4100,#4099,#4380,.F.);
#3414=EDGE_CURVE('',#4101,#4100,#668,.T.);
#3415=EDGE_CURVE('',#4101,#4102,#669,.T.);
#3416=EDGE_CURVE('',#4103,#4102,#670,.T.);
#3417=EDGE_CURVE('',#4104,#4103,#4381,.F.);
#3418=EDGE_CURVE('',#4104,#4105,#671,.T.);
#3419=EDGE_CURVE('',#4090,#4105,#672,.T.);
#3420=EDGE_CURVE('',#4106,#4107,#673,.T.);
#3421=EDGE_CURVE('',#4106,#3974,#360,.T.);
#3422=EDGE_CURVE('',#3973,#3949,#674,.T.);
#3423=EDGE_CURVE('',#4108,#3965,#675,.T.);
#3424=EDGE_CURVE('',#4107,#4108,#676,.T.);
#3425=EDGE_CURVE('',#4109,#4110,#677,.T.);
#3426=EDGE_CURVE('',#4111,#4110,#678,.T.);
#3427=EDGE_CURVE('',#4111,#4112,#4382,.F.);
#3428=EDGE_CURVE('',#4112,#4113,#679,.T.);
#3429=EDGE_CURVE('',#4114,#4113,#680,.T.);
#3430=EDGE_CURVE('',#4114,#4115,#681,.T.);
#3431=EDGE_CURVE('',#4115,#4116,#4383,.F.);
#3432=EDGE_CURVE('',#4117,#4116,#682,.T.);
#3433=EDGE_CURVE('',#4117,#4118,#4384,.F.);
#3434=EDGE_CURVE('',#4118,#4119,#683,.T.);
#3435=EDGE_CURVE('',#4119,#4120,#684,.T.);
#3436=EDGE_CURVE('',#4120,#4121,#685,.T.);
#3437=EDGE_CURVE('',#4121,#4122,#4385,.F.);
#3438=EDGE_CURVE('',#4123,#4122,#686,.T.);
#3439=EDGE_CURVE('',#4124,#4123,#687,.T.);
#3440=EDGE_CURVE('',#4109,#4124,#688,.T.);
#3441=EDGE_CURVE('',#4125,#4126,#689,.T.);
#3442=EDGE_CURVE('',#4127,#4126,#690,.T.);
#3443=EDGE_CURVE('',#4127,#4128,#4386,.F.);
#3444=EDGE_CURVE('',#4128,#4129,#691,.T.);
#3445=EDGE_CURVE('',#3837,#4129,#692,.T.);
#3446=EDGE_CURVE('',#3836,#4130,#4387,.F.);
#3447=EDGE_CURVE('',#4131,#4130,#693,.T.);
#3448=EDGE_CURVE('',#4131,#3835,#4388,.F.);
#3449=EDGE_CURVE('',#3834,#4132,#694,.T.);
#3450=EDGE_CURVE('',#4132,#4133,#695,.T.);
#3451=EDGE_CURVE('',#4133,#4134,#4389,.F.);
#3452=EDGE_CURVE('',#4135,#4134,#696,.T.);
#3453=EDGE_CURVE('',#4136,#4135,#697,.T.);
#3454=EDGE_CURVE('',#4125,#4136,#698,.T.);
#3455=EDGE_CURVE('',#4137,#4138,#699,.T.);
#3456=EDGE_CURVE('',#4139,#4138,#700,.T.);
#3457=EDGE_CURVE('',#4139,#4140,#4390,.F.);
#3458=EDGE_CURVE('',#4140,#4141,#701,.T.);
#3459=EDGE_CURVE('',#4142,#4141,#702,.T.);
#3460=EDGE_CURVE('',#4142,#4143,#703,.T.);
#3461=EDGE_CURVE('',#4143,#4144,#4391,.F.);
#3462=EDGE_CURVE('',#4145,#4144,#704,.T.);
#3463=EDGE_CURVE('',#4145,#4146,#4392,.F.);
#3464=EDGE_CURVE('',#4146,#4147,#705,.T.);
#3465=EDGE_CURVE('',#4147,#4148,#706,.T.);
#3466=EDGE_CURVE('',#4148,#4149,#707,.T.);
#3467=EDGE_CURVE('',#4149,#4150,#4393,.F.);
#3468=EDGE_CURVE('',#4151,#4150,#708,.T.);
#3469=EDGE_CURVE('',#4152,#4151,#709,.T.);
#3470=EDGE_CURVE('',#4137,#4152,#710,.T.);
#3471=EDGE_CURVE('',#4108,#4057,#711,.T.);
#3472=EDGE_CURVE('',#4056,#4107,#712,.T.);
#3473=EDGE_CURVE('',#4055,#4106,#713,.T.);
#3474=EDGE_CURVE('',#4153,#4154,#714,.T.);
#3475=EDGE_CURVE('',#4155,#4153,#715,.T.);
#3476=EDGE_CURVE('',#4155,#4156,#716,.T.);
#3477=EDGE_CURVE('',#4156,#4154,#717,.T.);
#3478=EDGE_CURVE('',#4152,#4156,#718,.T.);
#3479=EDGE_CURVE('',#4137,#4155,#719,.T.);
#3480=EDGE_CURVE('',#4157,#4153,#720,.T.);
#3481=EDGE_CURVE('',#4138,#4157,#721,.T.);
#3482=EDGE_CURVE('',#4151,#4158,#722,.T.);
#3483=EDGE_CURVE('',#4158,#4154,#723,.T.);
#3484=EDGE_CURVE('',#3844,#4141,#724,.T.);
#3485=EDGE_CURVE('',#4159,#4140,#361,.T.);
#3486=EDGE_CURVE('',#4157,#4159,#725,.T.);
#3487=EDGE_CURVE('',#4160,#4158,#726,.T.);
#3488=EDGE_CURVE('',#4149,#4160,#362,.T.);
#3489=EDGE_CURVE('',#3794,#4148,#727,.T.);
#3490=EDGE_CURVE('',#4145,#4144,#363,.T.);
#3491=EDGE_CURVE('',#4146,#4143,#364,.T.);
#3492=EDGE_CURVE('',#4147,#3795,#728,.T.);
#3493=EDGE_CURVE('',#3843,#4142,#729,.T.);
#3494=EDGE_CURVE('',#4159,#4139,#730,.T.);
#3495=EDGE_CURVE('',#4150,#4160,#731,.F.);
#3496=EDGE_CURVE('',#4161,#4162,#732,.T.);
#3497=EDGE_CURVE('',#4163,#4161,#733,.T.);
#3498=EDGE_CURVE('',#4163,#4164,#734,.T.);
#3499=EDGE_CURVE('',#4164,#4162,#735,.T.);
#3500=EDGE_CURVE('',#4131,#4130,#365,.T.);
#3501=EDGE_CURVE('',#4136,#4164,#736,.T.);
#3502=EDGE_CURVE('',#4125,#4163,#737,.T.);
#3503=EDGE_CURVE('',#4165,#4161,#738,.T.);
#3504=EDGE_CURVE('',#4126,#4165,#739,.T.);
#3505=EDGE_CURVE('',#4135,#4166,#740,.T.);
#3506=EDGE_CURVE('',#4166,#4162,#741,.T.);
#3507=EDGE_CURVE('',#3852,#4129,#742,.T.);
#3508=EDGE_CURVE('',#4167,#4128,#366,.T.);
#3509=EDGE_CURVE('',#4165,#4167,#743,.T.);
#3510=EDGE_CURVE('',#4168,#4166,#744,.T.);
#3511=EDGE_CURVE('',#4133,#4168,#367,.T.);
#3512=EDGE_CURVE('',#3785,#4132,#745,.T.);
#3513=EDGE_CURVE('',#4134,#4168,#746,.F.);
#3514=EDGE_CURVE('',#4167,#4127,#747,.T.);
#3515=EDGE_CURVE('',#4169,#4170,#748,.T.);
#3516=EDGE_CURVE('',#4171,#4169,#749,.T.);
#3517=EDGE_CURVE('',#4171,#4172,#750,.T.);
#3518=EDGE_CURVE('',#4172,#4170,#751,.T.);
#3519=EDGE_CURVE('',#4117,#4116,#368,.T.);
#3520=EDGE_CURVE('',#4118,#4115,#369,.T.);
#3521=EDGE_CURVE('',#4124,#4172,#752,.T.);
#3522=EDGE_CURVE('',#4109,#4171,#753,.T.);
#3523=EDGE_CURVE('',#4173,#4169,#754,.T.);
#3524=EDGE_CURVE('',#4110,#4173,#755,.T.);
#3525=EDGE_CURVE('',#4123,#4174,#756,.T.);
#3526=EDGE_CURVE('',#4174,#4170,#757,.T.);
#3527=EDGE_CURVE('',#3862,#4113,#758,.T.);
#3528=EDGE_CURVE('',#4175,#4112,#370,.T.);
#3529=EDGE_CURVE('',#4173,#4175,#759,.T.);
#3530=EDGE_CURVE('',#4176,#4174,#760,.T.);
#3531=EDGE_CURVE('',#4121,#4176,#371,.T.);
#3532=EDGE_CURVE('',#3776,#4120,#761,.T.);
#3533=EDGE_CURVE('',#3861,#4114,#762,.T.);
#3534=EDGE_CURVE('',#4119,#3777,#763,.T.);
#3535=EDGE_CURVE('',#4177,#3860,#764,.T.);
#3536=EDGE_CURVE('',#4177,#3818,#765,.T.);
#3537=EDGE_CURVE('',#4122,#4176,#766,.F.);
#3538=EDGE_CURVE('',#4175,#4111,#767,.T.);
#3539=EDGE_CURVE('',#4072,#4178,#768,.T.);
#3540=EDGE_CURVE('',#4179,#4178,#769,.T.);
#3541=EDGE_CURVE('',#4179,#4073,#770,.T.);
#3542=EDGE_CURVE('',#4180,#4060,#771,.T.);
#3543=EDGE_CURVE('',#4181,#4180,#772,.T.);
#3544=EDGE_CURVE('',#4181,#4061,#773,.F.);
#3545=EDGE_CURVE('',#4088,#4182,#774,.T.);
#3546=EDGE_CURVE('',#4183,#4182,#775,.T.);
#3547=EDGE_CURVE('',#4183,#4089,#776,.T.);
#3548=EDGE_CURVE('',#4184,#4076,#777,.T.);
#3549=EDGE_CURVE('',#4185,#4184,#778,.T.);
#3550=EDGE_CURVE('',#4185,#4077,#779,.F.);
#3551=EDGE_CURVE('',#4186,#4092,#780,.T.);
#3552=EDGE_CURVE('',#4187,#4186,#781,.T.);
#3553=EDGE_CURVE('',#4187,#4093,#782,.F.);
#3554=EDGE_CURVE('',#4104,#4188,#783,.T.);
#3555=EDGE_CURVE('',#4189,#4188,#784,.T.);
#3556=EDGE_CURVE('',#4189,#4105,#785,.T.);
#3557=EDGE_CURVE('',#3926,#4181,#786,.F.);
#3558=EDGE_CURVE('',#4178,#4181,#787,.T.);
#3559=EDGE_CURVE('',#4178,#3904,#788,.T.);
#3560=EDGE_CURVE('',#4190,#3905,#789,.T.);
#3561=EDGE_CURVE('',#4191,#4190,#790,.T.);
#3562=EDGE_CURVE('',#3925,#4191,#791,.F.);
#3563=EDGE_CURVE('',#3924,#4185,#792,.F.);
#3564=EDGE_CURVE('',#4182,#4185,#793,.T.);
#3565=EDGE_CURVE('',#4182,#3906,#794,.T.);
#3566=EDGE_CURVE('',#4192,#3907,#795,.T.);
#3567=EDGE_CURVE('',#4193,#4192,#796,.T.);
#3568=EDGE_CURVE('',#3923,#4193,#797,.F.);
#3569=EDGE_CURVE('',#3922,#4187,#798,.F.);
#3570=EDGE_CURVE('',#4188,#4187,#799,.T.);
#3571=EDGE_CURVE('',#4188,#3908,#800,.T.);
#3572=EDGE_CURVE('',#4194,#3909,#801,.T.);
#3573=EDGE_CURVE('',#4194,#4195,#802,.T.);
#3574=EDGE_CURVE('',#4195,#3921,#803,.T.);
#3575=EDGE_CURVE('',#4191,#4196,#372,.T.);
#3576=EDGE_CURVE('',#4197,#4196,#804,.T.);
#3577=EDGE_CURVE('',#4197,#4062,#373,.T.);
#3578=EDGE_CURVE('',#4071,#4198,#374,.T.);
#3579=EDGE_CURVE('',#4198,#4199,#805,.T.);
#3580=EDGE_CURVE('',#4199,#4190,#375,.T.);
#3581=EDGE_CURVE('',#4063,#4197,#806,.T.);
#3582=EDGE_CURVE('',#4196,#4064,#807,.T.);
#3583=EDGE_CURVE('',#4069,#4199,#808,.T.);
#3584=EDGE_CURVE('',#4070,#4198,#809,.T.);
#3585=EDGE_CURVE('',#4180,#4059,#810,.T.);
#3586=EDGE_CURVE('',#4179,#4058,#811,.T.);
#3587=EDGE_CURVE('',#4193,#4200,#376,.T.);
#3588=EDGE_CURVE('',#4201,#4200,#812,.T.);
#3589=EDGE_CURVE('',#4201,#4078,#377,.T.);
#3590=EDGE_CURVE('',#4087,#4202,#378,.T.);
#3591=EDGE_CURVE('',#4202,#4203,#813,.T.);
#3592=EDGE_CURVE('',#4203,#4192,#379,.T.);
#3593=EDGE_CURVE('',#4079,#4201,#814,.T.);
#3594=EDGE_CURVE('',#4200,#4080,#815,.T.);
#3595=EDGE_CURVE('',#4085,#4203,#816,.T.);
#3596=EDGE_CURVE('',#4086,#4202,#817,.T.);
#3597=EDGE_CURVE('',#4184,#4075,#818,.T.);
#3598=EDGE_CURVE('',#4183,#4074,#819,.T.);
#3599=EDGE_CURVE('',#4195,#4204,#380,.T.);
#3600=EDGE_CURVE('',#4205,#4204,#820,.T.);
#3601=EDGE_CURVE('',#4205,#4094,#381,.T.);
#3602=EDGE_CURVE('',#4103,#4206,#382,.T.);
#3603=EDGE_CURVE('',#4206,#4207,#821,.T.);
#3604=EDGE_CURVE('',#4207,#4194,#383,.T.);
#3605=EDGE_CURVE('',#4095,#4205,#822,.T.);
#3606=EDGE_CURVE('',#4204,#4096,#823,.T.);
#3607=EDGE_CURVE('',#4101,#4207,#824,.T.);
#3608=EDGE_CURVE('',#4102,#4206,#825,.T.);
#3609=EDGE_CURVE('',#4186,#4091,#826,.T.);
#3610=EDGE_CURVE('',#4189,#4090,#827,.T.);
#3611=EDGE_CURVE('',#4068,#4065,#384,.T.);
#3612=EDGE_CURVE('',#4067,#4066,#385,.T.);
#3613=EDGE_CURVE('',#4084,#4081,#386,.T.);
#3614=EDGE_CURVE('',#4083,#4082,#387,.T.);
#3615=EDGE_CURVE('',#4099,#4098,#388,.T.);
#3616=EDGE_CURVE('',#4100,#4097,#389,.T.);
#3617=EDGE_CURVE('',#4208,#4208,#390,.T.);
#3618=EDGE_CURVE('',#4209,#4209,#391,.T.);
#3619=EDGE_CURVE('',#4210,#4210,#392,.T.);
#3620=EDGE_CURVE('',#4211,#4211,#393,.T.);
#3621=EDGE_CURVE('',#4212,#4212,#394,.T.);
#3622=EDGE_CURVE('',#4213,#4213,#395,.T.);
#3623=EDGE_CURVE('',#4023,#4033,#396,.F.);
#3624=EDGE_CURVE('',#4024,#4023,#397,.T.);
#3625=EDGE_CURVE('',#4022,#4025,#398,.F.);
#3626=EDGE_CURVE('',#4034,#4022,#399,.T.);
#3627=EDGE_CURVE('',#4018,#4008,#400,.T.);
#3628=EDGE_CURVE('',#4214,#4215,#828,.F.);
#3629=EDGE_CURVE('',#4214,#4009,#401,.F.);
#3630=EDGE_CURVE('',#4008,#4215,#402,.T.);
#3631=EDGE_CURVE('',#4009,#4019,#403,.F.);
#3632=EDGE_CURVE('',#3976,#4216,#282,.T.);
#3633=EDGE_CURVE('',#4216,#4214,#404,.T.);
#3634=EDGE_CURVE('',#4215,#4217,#405,.F.);
#3635=EDGE_CURVE('',#4217,#3977,#283,.T.);
#3636=EDGE_CURVE('',#4033,#4024,#406,.T.);
#3637=EDGE_CURVE('',#4025,#4034,#407,.T.);
#3638=EDGE_CURVE('',#4019,#4214,#408,.T.);
#3639=EDGE_CURVE('',#3877,#4216,#409,.T.);
#3640=EDGE_CURVE('',#3878,#3976,#410,.T.);
#3641=EDGE_CURVE('',#4215,#4018,#411,.T.);
#3642=EDGE_CURVE('',#4217,#3898,#412,.T.);
#3643=EDGE_CURVE('',#3977,#3897,#413,.T.);
#3644=EDGE_CURVE('',#3886,#3881,#414,.T.);
#3645=EDGE_CURVE('',#3888,#3885,#415,.T.);
#3646=EDGE_CURVE('',#4218,#4218,#416,.T.);
#3647=EDGE_CURVE('',#4219,#4219,#417,.T.);
#3648=EDGE_CURVE('',#4220,#4220,#418,.T.);
#3649=EDGE_CURVE('',#4221,#4221,#419,.T.);
#3650=EDGE_CURVE('',#4222,#4222,#420,.T.);
#3651=EDGE_CURVE('',#4223,#4223,#421,.T.);
#3652=EDGE_CURVE('',#4224,#4224,#422,.T.);
#3653=EDGE_CURVE('',#4225,#4226,#829,.T.);
#3654=EDGE_CURVE('',#4227,#4225,#830,.T.);
#3655=EDGE_CURVE('',#4227,#4228,#831,.T.);
#3656=EDGE_CURVE('',#4228,#4226,#832,.T.);
#3657=EDGE_CURVE('',#4226,#4229,#833,.T.);
#3658=EDGE_CURVE('',#4228,#4230,#834,.T.);
#3659=EDGE_CURVE('',#4230,#4229,#835,.T.);
#3660=EDGE_CURVE('',#4229,#4231,#836,.T.);
#3661=EDGE_CURVE('',#4230,#4232,#837,.T.);
#3662=EDGE_CURVE('',#4232,#4231,#838,.T.);
#3663=EDGE_CURVE('',#4231,#4233,#839,.T.);
#3664=EDGE_CURVE('',#4232,#4234,#840,.T.);
#3665=EDGE_CURVE('',#4234,#4233,#841,.T.);
#3666=EDGE_CURVE('',#4233,#4235,#842,.T.);
#3667=EDGE_CURVE('',#4234,#4236,#843,.T.);
#3668=EDGE_CURVE('',#4236,#4235,#844,.T.);
#3669=EDGE_CURVE('',#4235,#4225,#845,.T.);
#3670=EDGE_CURVE('',#4236,#4227,#846,.T.);
#3671=EDGE_CURVE('',#4237,#4237,#423,.F.);
#3672=EDGE_CURVE('',#4238,#4238,#424,.F.);
#3673=EDGE_CURVE('',#4239,#4239,#425,.F.);
#3674=EDGE_CURVE('',#4240,#4240,#426,.T.);
#3675=EDGE_CURVE('',#4241,#4241,#427,.T.);
#3676=EDGE_CURVE('',#4242,#4243,#847,.T.);
#3677=EDGE_CURVE('',#4244,#4242,#848,.T.);
#3678=EDGE_CURVE('',#4244,#4245,#849,.T.);
#3679=EDGE_CURVE('',#4245,#4243,#850,.T.);
#3680=EDGE_CURVE('',#4243,#4246,#851,.T.);
#3681=EDGE_CURVE('',#4245,#4247,#852,.T.);
#3682=EDGE_CURVE('',#4247,#4246,#853,.T.);
#3683=EDGE_CURVE('',#4246,#4248,#854,.T.);
#3684=EDGE_CURVE('',#4247,#4249,#855,.T.);
#3685=EDGE_CURVE('',#4249,#4248,#856,.T.);
#3686=EDGE_CURVE('',#4248,#4250,#857,.T.);
#3687=EDGE_CURVE('',#4249,#4251,#858,.T.);
#3688=EDGE_CURVE('',#4251,#4250,#859,.T.);
#3689=EDGE_CURVE('',#4250,#4252,#860,.T.);
#3690=EDGE_CURVE('',#4251,#4253,#861,.T.);
#3691=EDGE_CURVE('',#4253,#4252,#862,.T.);
#3692=EDGE_CURVE('',#4252,#4242,#863,.T.);
#3693=EDGE_CURVE('',#4253,#4244,#864,.T.);
#3694=EDGE_CURVE('',#4254,#4254,#428,.F.);
#3695=EDGE_CURVE('',#4255,#4255,#429,.F.);
#3696=EDGE_CURVE('',#4256,#4256,#430,.T.);
#3697=EDGE_CURVE('',#4257,#4257,#431,.F.);
#3698=EDGE_CURVE('',#4258,#4258,#432,.T.);
#3699=EDGE_CURVE('',#4259,#4260,#865,.T.);
#3700=EDGE_CURVE('',#4261,#4259,#866,.T.);
#3701=EDGE_CURVE('',#4261,#4262,#867,.T.);
#3702=EDGE_CURVE('',#4262,#4260,#868,.T.);
#3703=EDGE_CURVE('',#4260,#4263,#869,.T.);
#3704=EDGE_CURVE('',#4262,#4264,#870,.T.);
#3705=EDGE_CURVE('',#4264,#4263,#871,.T.);
#3706=EDGE_CURVE('',#4263,#4265,#872,.T.);
#3707=EDGE_CURVE('',#4264,#4266,#873,.T.);
#3708=EDGE_CURVE('',#4266,#4265,#874,.T.);
#3709=EDGE_CURVE('',#4265,#4267,#875,.T.);
#3710=EDGE_CURVE('',#4266,#4268,#876,.T.);
#3711=EDGE_CURVE('',#4268,#4267,#877,.T.);
#3712=EDGE_CURVE('',#4267,#4269,#878,.T.);
#3713=EDGE_CURVE('',#4268,#4270,#879,.T.);
#3714=EDGE_CURVE('',#4270,#4269,#880,.T.);
#3715=EDGE_CURVE('',#4269,#4259,#881,.T.);
#3716=EDGE_CURVE('',#4270,#4261,#882,.T.);
#3717=EDGE_CURVE('',#4271,#4271,#433,.F.);
#3718=EDGE_CURVE('',#4272,#4272,#434,.F.);
#3719=EDGE_CURVE('',#4273,#4273,#435,.T.);
#3720=EDGE_CURVE('',#4274,#4274,#436,.F.);
#3721=EDGE_CURVE('',#3791,#4275,#883,.T.);
#3722=EDGE_CURVE('',#3845,#4275,#884,.T.);
#3723=EDGE_CURVE('',#3790,#4276,#885,.T.);
#3724=EDGE_CURVE('',#4275,#4276,#886,.T.);
#3725=EDGE_CURVE('',#3789,#4277,#887,.T.);
#3726=EDGE_CURVE('',#4276,#4277,#888,.T.);
#3727=EDGE_CURVE('',#3846,#4278,#889,.T.);
#3728=EDGE_CURVE('',#3947,#4278,#890,.T.);
#3729=EDGE_CURVE('',#4278,#4279,#891,.T.);
#3730=EDGE_CURVE('',#3948,#4279,#892,.T.);
#3731=EDGE_CURVE('',#4279,#3851,#893,.T.);
#3732=EDGE_CURVE('',#4277,#3833,#894,.T.);
#3733=EDGE_CURVE('',#3781,#4280,#895,.T.);
#3734=EDGE_CURVE('',#4281,#4280,#896,.T.);
#3735=EDGE_CURVE('',#3782,#4281,#897,.T.);
#3736=EDGE_CURVE('',#3780,#4282,#898,.T.);
#3737=EDGE_CURVE('',#4280,#4282,#899,.T.);
#3738=EDGE_CURVE('',#3829,#4283,#900,.T.);
#3739=EDGE_CURVE('',#4283,#4284,#901,.T.);
#3740=EDGE_CURVE('',#3830,#4284,#902,.T.);
#3741=EDGE_CURVE('',#3853,#4281,#903,.T.);
#3742=EDGE_CURVE('',#3854,#4283,#904,.T.);
#3743=EDGE_CURVE('',#4284,#3859,#905,.T.);
#3744=EDGE_CURVE('',#4282,#4177,#906,.T.);
#3745=EDGE_CURVE('',#3808,#4285,#907,.T.);
#3746=EDGE_CURVE('',#4286,#4285,#908,.T.);
#3747=EDGE_CURVE('',#3774,#4286,#909,.T.);
#3748=EDGE_CURVE('',#3813,#4287,#910,.T.);
#3749=EDGE_CURVE('',#4287,#4288,#911,.T.);
#3750=EDGE_CURVE('',#3814,#4288,#912,.T.);
#3751=EDGE_CURVE('',#3863,#4286,#913,.T.);
#3752=EDGE_CURVE('',#4285,#4289,#914,.T.);
#3753=EDGE_CURVE('',#4289,#3870,#915,.T.);
#3754=EDGE_CURVE('',#4288,#3869,#916,.T.);
#3755=EDGE_CURVE('',#3864,#4287,#917,.T.);
#3756=EDGE_CURVE('',#3871,#4289,#918,.T.);
#3757=EDGE_CURVE('',#4290,#4291,#284,.T.);
#3758=EDGE_CURVE('',#4291,#4292,#285,.T.);
#3759=EDGE_CURVE('',#4292,#4293,#286,.T.);
#3760=EDGE_CURVE('',#4293,#4294,#919,.T.);
#3761=EDGE_CURVE('',#4294,#4295,#287,.T.);
#3762=EDGE_CURVE('',#4295,#4296,#288,.T.);
#3763=EDGE_CURVE('',#4296,#4297,#289,.T.);
#3764=EDGE_CURVE('',#4297,#4290,#920,.F.);
#3765=EDGE_CURVE('',#4290,#3894,#437,.T.);
#3766=EDGE_CURVE('',#3839,#4297,#438,.T.);
#3767=EDGE_CURVE('',#3840,#4296,#439,.T.);
#3768=EDGE_CURVE('',#4291,#3893,#440,.T.);
#3769=EDGE_CURVE('',#3995,#4295,#441,.T.);
#3770=EDGE_CURVE('',#4292,#3996,#442,.T.);
#3771=EDGE_CURVE('',#3960,#4294,#443,.T.);
#3772=EDGE_CURVE('',#4293,#3961,#444,.T.);
#3773=VERTEX_POINT('',#7559);
#3774=VERTEX_POINT('',#7560);
#3775=VERTEX_POINT('',#7562);
#3776=VERTEX_POINT('',#7564);
#3777=VERTEX_POINT('',#7566);
#3778=VERTEX_POINT('',#7568);
#3779=VERTEX_POINT('',#7570);
#3780=VERTEX_POINT('',#7572);
#3781=VERTEX_POINT('',#7574);
#3782=VERTEX_POINT('',#7576);
#3783=VERTEX_POINT('',#7578);
#3784=VERTEX_POINT('',#7580);
#3785=VERTEX_POINT('',#7582);
#3786=VERTEX_POINT('',#7584);
#3787=VERTEX_POINT('',#7586);
#3788=VERTEX_POINT('',#7588);
#3789=VERTEX_POINT('',#7590);
#3790=VERTEX_POINT('',#7592);
#3791=VERTEX_POINT('',#7594);
#3792=VERTEX_POINT('',#7596);
#3793=VERTEX_POINT('',#7598);
#3794=VERTEX_POINT('',#7600);
#3795=VERTEX_POINT('',#7602);
#3796=VERTEX_POINT('',#7604);
#3797=VERTEX_POINT('',#7606);
#3798=VERTEX_POINT('',#7608);
#3799=VERTEX_POINT('',#7610);
#3800=VERTEX_POINT('',#7612);
#3801=VERTEX_POINT('',#7614);
#3802=VERTEX_POINT('',#7619);
#3803=VERTEX_POINT('',#7621);
#3804=VERTEX_POINT('',#7627);
#3805=VERTEX_POINT('',#7629);
#3806=VERTEX_POINT('',#7637);
#3807=VERTEX_POINT('',#7639);
#3808=VERTEX_POINT('',#7641);
#3809=VERTEX_POINT('',#7645);
#3810=VERTEX_POINT('',#7647);
#3811=VERTEX_POINT('',#7651);
#3812=VERTEX_POINT('',#7653);
#3813=VERTEX_POINT('',#7657);
#3814=VERTEX_POINT('',#7658);
#3815=VERTEX_POINT('',#7660);
#3816=VERTEX_POINT('',#7662);
#3817=VERTEX_POINT('',#7666);
#3818=VERTEX_POINT('',#7667);
#3819=VERTEX_POINT('',#7669);
#3820=VERTEX_POINT('',#7673);
#3821=VERTEX_POINT('',#7675);
#3822=VERTEX_POINT('',#7682);
#3823=VERTEX_POINT('',#7683);
#3824=VERTEX_POINT('',#7685);
#3825=VERTEX_POINT('',#7692);
#3826=VERTEX_POINT('',#7694);
#3827=VERTEX_POINT('',#7698);
#3828=VERTEX_POINT('',#7699);
#3829=VERTEX_POINT('',#7701);
#3830=VERTEX_POINT('',#7703);
#3831=VERTEX_POINT('',#7707);
#3832=VERTEX_POINT('',#7708);
#3833=VERTEX_POINT('',#7710);
#3834=VERTEX_POINT('',#7713);
#3835=VERTEX_POINT('',#7715);
#3836=VERTEX_POINT('',#7717);
#3837=VERTEX_POINT('',#7719);
#3838=VERTEX_POINT('',#7723);
#3839=VERTEX_POINT('',#7724);
#3840=VERTEX_POINT('',#7732);
#3841=VERTEX_POINT('',#7734);
#3842=VERTEX_POINT('',#7736);
#3843=VERTEX_POINT('',#7738);
#3844=VERTEX_POINT('',#7740);
#3845=VERTEX_POINT('',#7743);
#3846=VERTEX_POINT('',#7745);
#3847=VERTEX_POINT('',#7747);
#3848=VERTEX_POINT('',#7749);
#3849=VERTEX_POINT('',#7757);
#3850=VERTEX_POINT('',#7759);
#3851=VERTEX_POINT('',#7761);
#3852=VERTEX_POINT('',#7764);
#3853=VERTEX_POINT('',#7767);
#3854=VERTEX_POINT('',#7769);
#3855=VERTEX_POINT('',#7771);
#3856=VERTEX_POINT('',#7773);
#3857=VERTEX_POINT('',#7781);
#3858=VERTEX_POINT('',#7783);
#3859=VERTEX_POINT('',#7785);
#3860=VERTEX_POINT('',#7787);
#3861=VERTEX_POINT('',#7789);
#3862=VERTEX_POINT('',#7791);
#3863=VERTEX_POINT('',#7794);
#3864=VERTEX_POINT('',#7796);
#3865=VERTEX_POINT('',#7798);
#3866=VERTEX_POINT('',#7800);
#3867=VERTEX_POINT('',#7808);
#3868=VERTEX_POINT('',#7810);
#3869=VERTEX_POINT('',#7812);
#3870=VERTEX_POINT('',#7814);
#3871=VERTEX_POINT('',#7816);
#3872=VERTEX_POINT('',#7825);
#3873=VERTEX_POINT('',#7827);
#3874=VERTEX_POINT('',#7833);
#3875=VERTEX_POINT('',#7835);
#3876=VERTEX_POINT('',#7840);
#3877=VERTEX_POINT('',#7842);
#3878=VERTEX_POINT('',#7844);
#3879=VERTEX_POINT('',#7846);
#3880=VERTEX_POINT('',#7853);
#3881=VERTEX_POINT('',#7854);
#3882=VERTEX_POINT('',#7856);
#3883=VERTEX_POINT('',#7858);
#3884=VERTEX_POINT('',#7860);
#3885=VERTEX_POINT('',#7865);
#3886=VERTEX_POINT('',#7872);
#3887=VERTEX_POINT('',#7873);
#3888=VERTEX_POINT('',#7875);
#3889=VERTEX_POINT('',#7880);
#3890=VERTEX_POINT('',#7882);
#3891=VERTEX_POINT('',#7884);
#3892=VERTEX_POINT('',#7888);
#3893=VERTEX_POINT('',#7889);
#3894=VERTEX_POINT('',#7897);
#3895=VERTEX_POINT('',#7899);
#3896=VERTEX_POINT('',#7901);
#3897=VERTEX_POINT('',#7903);
#3898=VERTEX_POINT('',#7905);
#3899=VERTEX_POINT('',#7907);
#3900=VERTEX_POINT('',#7912);
#3901=VERTEX_POINT('',#7914);
#3902=VERTEX_POINT('',#7920);
#3903=VERTEX_POINT('',#7922);
#3904=VERTEX_POINT('',#7940);
#3905=VERTEX_POINT('',#7952);
#3906=VERTEX_POINT('',#7954);
#3907=VERTEX_POINT('',#7966);
#3908=VERTEX_POINT('',#7968);
#3909=VERTEX_POINT('',#7980);
#3910=VERTEX_POINT('',#7982);
#3911=VERTEX_POINT('',#8001);
#3912=VERTEX_POINT('',#8003);
#3913=VERTEX_POINT('',#8009);
#3914=VERTEX_POINT('',#8011);
#3915=VERTEX_POINT('',#8016);
#3916=VERTEX_POINT('',#8018);
#3917=VERTEX_POINT('',#8020);
#3918=VERTEX_POINT('',#8022);
#3919=VERTEX_POINT('',#8024);
#3920=VERTEX_POINT('',#8026);
#3921=VERTEX_POINT('',#8028);
#3922=VERTEX_POINT('',#8042);
#3923=VERTEX_POINT('',#8044);
#3924=VERTEX_POINT('',#8058);
#3925=VERTEX_POINT('',#8060);
#3926=VERTEX_POINT('',#8074);
#3927=VERTEX_POINT('',#8078);
#3928=VERTEX_POINT('',#8079);
#3929=VERTEX_POINT('',#8081);
#3930=VERTEX_POINT('',#8083);
#3931=VERTEX_POINT('',#8085);
#3932=VERTEX_POINT('',#8087);
#3933=VERTEX_POINT('',#8092);
#3934=VERTEX_POINT('',#8094);
#3935=VERTEX_POINT('',#8096);
#3936=VERTEX_POINT('',#8100);
#3937=VERTEX_POINT('',#8101);
#3938=VERTEX_POINT('',#8103);
#3939=VERTEX_POINT('',#8105);
#3940=VERTEX_POINT('',#8107);
#3941=VERTEX_POINT('',#8112);
#3942=VERTEX_POINT('',#8114);
#3943=VERTEX_POINT('',#8116);
#3944=VERTEX_POINT('',#8118);
#3945=VERTEX_POINT('',#8133);
#3946=VERTEX_POINT('',#8135);
#3947=VERTEX_POINT('',#8143);
#3948=VERTEX_POINT('',#8145);
#3949=VERTEX_POINT('',#8149);
#3950=VERTEX_POINT('',#8150);
#3951=VERTEX_POINT('',#8152);
#3952=VERTEX_POINT('',#8154);
#3953=VERTEX_POINT('',#8157);
#3954=VERTEX_POINT('',#8159);
#3955=VERTEX_POINT('',#8161);
#3956=VERTEX_POINT('',#8163);
#3957=VERTEX_POINT('',#8165);
#3958=VERTEX_POINT('',#8167);
#3959=VERTEX_POINT('',#8172);
#3960=VERTEX_POINT('',#8173);
#3961=VERTEX_POINT('',#8175);
#3962=VERTEX_POINT('',#8177);
#3963=VERTEX_POINT('',#8179);
#3964=VERTEX_POINT('',#8181);
#3965=VERTEX_POINT('',#8183);
#3966=VERTEX_POINT('',#8185);
#3967=VERTEX_POINT('',#8192);
#3968=VERTEX_POINT('',#8193);
#3969=VERTEX_POINT('',#8195);
#3970=VERTEX_POINT('',#8199);
#3971=VERTEX_POINT('',#8203);
#3972=VERTEX_POINT('',#8205);
#3973=VERTEX_POINT('',#8207);
#3974=VERTEX_POINT('',#8210);
#3975=VERTEX_POINT('',#8213);
#3976=VERTEX_POINT('',#8215);
#3977=VERTEX_POINT('',#8217);
#3978=VERTEX_POINT('',#8219);
#3979=VERTEX_POINT('',#8226);
#3980=VERTEX_POINT('',#8227);
#3981=VERTEX_POINT('',#8229);
#3982=VERTEX_POINT('',#8231);
#3983=VERTEX_POINT('',#8233);
#3984=VERTEX_POINT('',#8238);
#3985=VERTEX_POINT('',#8240);
#3986=VERTEX_POINT('',#8242);
#3987=VERTEX_POINT('',#8244);
#3988=VERTEX_POINT('',#8249);
#3989=VERTEX_POINT('',#8256);
#3990=VERTEX_POINT('',#8258);
#3991=VERTEX_POINT('',#8260);
#3992=VERTEX_POINT('',#8265);
#3993=VERTEX_POINT('',#8267);
#3994=VERTEX_POINT('',#8268);
#3995=VERTEX_POINT('',#8279);
#3996=VERTEX_POINT('',#8301);
#3997=VERTEX_POINT('',#8316);
#3998=VERTEX_POINT('',#8317);
#3999=VERTEX_POINT('',#8319);
#4000=VERTEX_POINT('',#8321);
#4001=VERTEX_POINT('',#8323);
#4002=VERTEX_POINT('',#8328);
#4003=VERTEX_POINT('',#8330);
#4004=VERTEX_POINT('',#8332);
#4005=VERTEX_POINT('',#8334);
#4006=VERTEX_POINT('',#8339);
#4007=VERTEX_POINT('',#8343);
#4008=VERTEX_POINT('',#8345);
#4009=VERTEX_POINT('',#8347);
#4010=VERTEX_POINT('',#8349);
#4011=VERTEX_POINT('',#8353);
#4012=VERTEX_POINT('',#8354);
#4013=VERTEX_POINT('',#8357);
#4014=VERTEX_POINT('',#8359);
#4015=VERTEX_POINT('',#8361);
#4016=VERTEX_POINT('',#8366);
#4017=VERTEX_POINT('',#8368);
#4018=VERTEX_POINT('',#8372);
#4019=VERTEX_POINT('',#8378);
#4020=VERTEX_POINT('',#8388);
#4021=VERTEX_POINT('',#8389);
#4022=VERTEX_POINT('',#8392);
#4023=VERTEX_POINT('',#8394);
#4024=VERTEX_POINT('',#8398);
#4025=VERTEX_POINT('',#8400);
#4026=VERTEX_POINT('',#8404);
#4027=VERTEX_POINT('',#8406);
#4028=VERTEX_POINT('',#8408);
#4029=VERTEX_POINT('',#8410);
#4030=VERTEX_POINT('',#8415);
#4031=VERTEX_POINT('',#8417);
#4032=VERTEX_POINT('',#8419);
#4033=VERTEX_POINT('',#8423);
#4034=VERTEX_POINT('',#8430);
#4035=VERTEX_POINT('',#8439);
#4036=VERTEX_POINT('',#8453);
#4037=VERTEX_POINT('',#8471);
#4038=VERTEX_POINT('',#8478);
#4039=VERTEX_POINT('',#8563);
#4040=VERTEX_POINT('',#8564);
#4041=VERTEX_POINT('',#8572);
#4042=VERTEX_POINT('',#8574);
#4043=VERTEX_POINT('',#8583);
#4044=VERTEX_POINT('',#8586);
#4045=VERTEX_POINT('',#8587);
#4046=VERTEX_POINT('',#8595);
#4047=VERTEX_POINT('',#8597);
#4048=VERTEX_POINT('',#8606);
#4049=VERTEX_POINT('',#8719);
#4050=VERTEX_POINT('',#8721);
#4051=VERTEX_POINT('',#8723);
#4052=VERTEX_POINT('',#8725);
#4053=VERTEX_POINT('',#8727);
#4054=VERTEX_POINT('',#8729);
#4055=VERTEX_POINT('',#8731);
#4056=VERTEX_POINT('',#8733);
#4057=VERTEX_POINT('',#8735);
#4058=VERTEX_POINT('',#8739);
#4059=VERTEX_POINT('',#8740);
#4060=VERTEX_POINT('',#8742);
#4061=VERTEX_POINT('',#8744);
#4062=VERTEX_POINT('',#8746);
#4063=VERTEX_POINT('',#8748);
#4064=VERTEX_POINT('',#8750);
#4065=VERTEX_POINT('',#8752);
#4066=VERTEX_POINT('',#8754);
#4067=VERTEX_POINT('',#8756);
#4068=VERTEX_POINT('',#8758);
#4069=VERTEX_POINT('',#8760);
#4070=VERTEX_POINT('',#8762);
#4071=VERTEX_POINT('',#8764);
#4072=VERTEX_POINT('',#8766);
#4073=VERTEX_POINT('',#8768);
#4074=VERTEX_POINT('',#8771);
#4075=VERTEX_POINT('',#8772);
#4076=VERTEX_POINT('',#8774);
#4077=VERTEX_POINT('',#8776);
#4078=VERTEX_POINT('',#8778);
#4079=VERTEX_POINT('',#8780);
#4080=VERTEX_POINT('',#8782);
#4081=VERTEX_POINT('',#8784);
#4082=VERTEX_POINT('',#8786);
#4083=VERTEX_POINT('',#8788);
#4084=VERTEX_POINT('',#8790);
#4085=VERTEX_POINT('',#8792);
#4086=VERTEX_POINT('',#8794);
#4087=VERTEX_POINT('',#8796);
#4088=VERTEX_POINT('',#8798);
#4089=VERTEX_POINT('',#8800);
#4090=VERTEX_POINT('',#8803);
#4091=VERTEX_POINT('',#8804);
#4092=VERTEX_POINT('',#8806);
#4093=VERTEX_POINT('',#8808);
#4094=VERTEX_POINT('',#8810);
#4095=VERTEX_POINT('',#8812);
#4096=VERTEX_POINT('',#8814);
#4097=VERTEX_POINT('',#8816);
#4098=VERTEX_POINT('',#8818);
#4099=VERTEX_POINT('',#8820);
#4100=VERTEX_POINT('',#8822);
#4101=VERTEX_POINT('',#8824);
#4102=VERTEX_POINT('',#8826);
#4103=VERTEX_POINT('',#8828);
#4104=VERTEX_POINT('',#8830);
#4105=VERTEX_POINT('',#8832);
#4106=VERTEX_POINT('',#8836);
#4107=VERTEX_POINT('',#8837);
#4108=VERTEX_POINT('',#8841);
#4109=VERTEX_POINT('',#8844);
#4110=VERTEX_POINT('',#8845);
#4111=VERTEX_POINT('',#8847);
#4112=VERTEX_POINT('',#8849);
#4113=VERTEX_POINT('',#8851);
#4114=VERTEX_POINT('',#8853);
#4115=VERTEX_POINT('',#8855);
#4116=VERTEX_POINT('',#8857);
#4117=VERTEX_POINT('',#8859);
#4118=VERTEX_POINT('',#8861);
#4119=VERTEX_POINT('',#8863);
#4120=VERTEX_POINT('',#8865);
#4121=VERTEX_POINT('',#8867);
#4122=VERTEX_POINT('',#8869);
#4123=VERTEX_POINT('',#8871);
#4124=VERTEX_POINT('',#8873);
#4125=VERTEX_POINT('',#8876);
#4126=VERTEX_POINT('',#8877);
#4127=VERTEX_POINT('',#8879);
#4128=VERTEX_POINT('',#8881);
#4129=VERTEX_POINT('',#8883);
#4130=VERTEX_POINT('',#8886);
#4131=VERTEX_POINT('',#8888);
#4132=VERTEX_POINT('',#8891);
#4133=VERTEX_POINT('',#8893);
#4134=VERTEX_POINT('',#8895);
#4135=VERTEX_POINT('',#8897);
#4136=VERTEX_POINT('',#8899);
#4137=VERTEX_POINT('',#8902);
#4138=VERTEX_POINT('',#8903);
#4139=VERTEX_POINT('',#8905);
#4140=VERTEX_POINT('',#8907);
#4141=VERTEX_POINT('',#8909);
#4142=VERTEX_POINT('',#8911);
#4143=VERTEX_POINT('',#8913);
#4144=VERTEX_POINT('',#8915);
#4145=VERTEX_POINT('',#8917);
#4146=VERTEX_POINT('',#8919);
#4147=VERTEX_POINT('',#8921);
#4148=VERTEX_POINT('',#8923);
#4149=VERTEX_POINT('',#8925);
#4150=VERTEX_POINT('',#8927);
#4151=VERTEX_POINT('',#8929);
#4152=VERTEX_POINT('',#8931);
#4153=VERTEX_POINT('',#8942);
#4154=VERTEX_POINT('',#8943);
#4155=VERTEX_POINT('',#8945);
#4156=VERTEX_POINT('',#8947);
#4157=VERTEX_POINT('',#8954);
#4158=VERTEX_POINT('',#8958);
#4159=VERTEX_POINT('',#8963);
#4160=VERTEX_POINT('',#8966);
#4161=VERTEX_POINT('',#8986);
#4162=VERTEX_POINT('',#8987);
#4163=VERTEX_POINT('',#8989);
#4164=VERTEX_POINT('',#8991);
#4165=VERTEX_POINT('',#9001);
#4166=VERTEX_POINT('',#9005);
#4167=VERTEX_POINT('',#9010);
#4168=VERTEX_POINT('',#9013);
#4169=VERTEX_POINT('',#9026);
#4170=VERTEX_POINT('',#9027);
#4171=VERTEX_POINT('',#9029);
#4172=VERTEX_POINT('',#9031);
#4173=VERTEX_POINT('',#9042);
#4174=VERTEX_POINT('',#9046);
#4175=VERTEX_POINT('',#9051);
#4176=VERTEX_POINT('',#9054);
#4177=VERTEX_POINT('',#9063);
#4178=VERTEX_POINT('',#9073);
#4179=VERTEX_POINT('',#9075);
#4180=VERTEX_POINT('',#9079);
#4181=VERTEX_POINT('',#9081);
#4182=VERTEX_POINT('',#9085);
#4183=VERTEX_POINT('',#9087);
#4184=VERTEX_POINT('',#9091);
#4185=VERTEX_POINT('',#9093);
#4186=VERTEX_POINT('',#9097);
#4187=VERTEX_POINT('',#9099);
#4188=VERTEX_POINT('',#9103);
#4189=VERTEX_POINT('',#9105);
#4190=VERTEX_POINT('',#9113);
#4191=VERTEX_POINT('',#9115);
#4192=VERTEX_POINT('',#9122);
#4193=VERTEX_POINT('',#9124);
#4194=VERTEX_POINT('',#9131);
#4195=VERTEX_POINT('',#9133);
#4196=VERTEX_POINT('',#9137);
#4197=VERTEX_POINT('',#9139);
#4198=VERTEX_POINT('',#9143);
#4199=VERTEX_POINT('',#9145);
#4200=VERTEX_POINT('',#9162);
#4201=VERTEX_POINT('',#9164);
#4202=VERTEX_POINT('',#9168);
#4203=VERTEX_POINT('',#9170);
#4204=VERTEX_POINT('',#9187);
#4205=VERTEX_POINT('',#9189);
#4206=VERTEX_POINT('',#9193);
#4207=VERTEX_POINT('',#9195);
#4208=VERTEX_POINT('',#9227);
#4209=VERTEX_POINT('',#9230);
#4210=VERTEX_POINT('',#9233);
#4211=VERTEX_POINT('',#9236);
#4212=VERTEX_POINT('',#9239);
#4213=VERTEX_POINT('',#9242);
#4214=VERTEX_POINT('',#9260);
#4215=VERTEX_POINT('',#9261);
#4216=VERTEX_POINT('',#9271);
#4217=VERTEX_POINT('',#9274);
#4218=VERTEX_POINT('',#9332);
#4219=VERTEX_POINT('',#9335);
#4220=VERTEX_POINT('',#9338);
#4221=VERTEX_POINT('',#9341);
#4222=VERTEX_POINT('',#9344);
#4223=VERTEX_POINT('',#9348);
#4224=VERTEX_POINT('',#9354);
#4225=VERTEX_POINT('',#9357);
#4226=VERTEX_POINT('',#9358);
#4227=VERTEX_POINT('',#9360);
#4228=VERTEX_POINT('',#9362);
#4229=VERTEX_POINT('',#9366);
#4230=VERTEX_POINT('',#9368);
#4231=VERTEX_POINT('',#9372);
#4232=VERTEX_POINT('',#9374);
#4233=VERTEX_POINT('',#9378);
#4234=VERTEX_POINT('',#9380);
#4235=VERTEX_POINT('',#9384);
#4236=VERTEX_POINT('',#9386);
#4237=VERTEX_POINT('',#9393);
#4238=VERTEX_POINT('',#9396);
#4239=VERTEX_POINT('',#9399);
#4240=VERTEX_POINT('',#9402);
#4241=VERTEX_POINT('',#9407);
#4242=VERTEX_POINT('',#9410);
#4243=VERTEX_POINT('',#9411);
#4244=VERTEX_POINT('',#9413);
#4245=VERTEX_POINT('',#9415);
#4246=VERTEX_POINT('',#9419);
#4247=VERTEX_POINT('',#9421);
#4248=VERTEX_POINT('',#9425);
#4249=VERTEX_POINT('',#9427);
#4250=VERTEX_POINT('',#9431);
#4251=VERTEX_POINT('',#9433);
#4252=VERTEX_POINT('',#9437);
#4253=VERTEX_POINT('',#9439);
#4254=VERTEX_POINT('',#9446);
#4255=VERTEX_POINT('',#9449);
#4256=VERTEX_POINT('',#9452);
#4257=VERTEX_POINT('',#9456);
#4258=VERTEX_POINT('',#9460);
#4259=VERTEX_POINT('',#9463);
#4260=VERTEX_POINT('',#9464);
#4261=VERTEX_POINT('',#9466);
#4262=VERTEX_POINT('',#9468);
#4263=VERTEX_POINT('',#9472);
#4264=VERTEX_POINT('',#9474);
#4265=VERTEX_POINT('',#9478);
#4266=VERTEX_POINT('',#9480);
#4267=VERTEX_POINT('',#9484);
#4268=VERTEX_POINT('',#9486);
#4269=VERTEX_POINT('',#9490);
#4270=VERTEX_POINT('',#9492);
#4271=VERTEX_POINT('',#9499);
#4272=VERTEX_POINT('',#9502);
#4273=VERTEX_POINT('',#9505);
#4274=VERTEX_POINT('',#9509);
#4275=VERTEX_POINT('',#9513);
#4276=VERTEX_POINT('',#9517);
#4277=VERTEX_POINT('',#9521);
#4278=VERTEX_POINT('',#9525);
#4279=VERTEX_POINT('',#9529);
#4280=VERTEX_POINT('',#9538);
#4281=VERTEX_POINT('',#9540);
#4282=VERTEX_POINT('',#9544);
#4283=VERTEX_POINT('',#9548);
#4284=VERTEX_POINT('',#9550);
#4285=VERTEX_POINT('',#9563);
#4286=VERTEX_POINT('',#9565);
#4287=VERTEX_POINT('',#9569);
#4288=VERTEX_POINT('',#9571);
#4289=VERTEX_POINT('',#9576);
#4290=VERTEX_POINT('',#9594);
#4291=VERTEX_POINT('',#9595);
#4292=VERTEX_POINT('',#9600);
#4293=VERTEX_POINT('',#9607);
#4294=VERTEX_POINT('',#9609);
#4295=VERTEX_POINT('',#9616);
#4296=VERTEX_POINT('',#9621);
#4297=VERTEX_POINT('',#9629);
#4298=ELLIPSE('',#5483,0.00608475087250604,0.006);
#4299=ELLIPSE('',#5484,0.00699604955366718,0.006);
#4300=ELLIPSE('',#5485,0.00699604955366718,0.006);
#4301=ELLIPSE('',#5486,0.00615826636004218,0.006);
#4302=ELLIPSE('',#5487,1.23528939808448,0.006);
#4303=ELLIPSE('',#5488,0.00610937491548154,0.006);
#4304=ELLIPSE('',#5489,0.00699604955366719,0.006);
#4305=ELLIPSE('',#5490,0.00699604955366719,0.006);
#4306=ELLIPSE('',#5491,0.00609986238601204,0.006);
#4307=ELLIPSE('',#5492,5.27760308815967,0.006);
#4308=ELLIPSE('',#5493,0.00609986238601203,0.006);
#4309=ELLIPSE('',#5494,0.00699604955366718,0.006);
#4310=ELLIPSE('',#5495,0.00699604955366718,0.006);
#4311=ELLIPSE('',#5498,0.00606839977964803,0.006);
#4312=ELLIPSE('',#5503,0.00605874102591317,0.006);
#4313=ELLIPSE('',#5504,0.00608475087250604,0.006);
#4314=ELLIPSE('',#5506,0.00615826636004218,0.006);
#4315=ELLIPSE('',#5507,0.00699604955366718,0.006);
#4316=ELLIPSE('',#5511,0.00609986238601204,0.006);
#4317=ELLIPSE('',#5512,0.00699604955366719,0.006);
#4318=ELLIPSE('',#5516,0.00610937491548154,0.006);
#4319=ELLIPSE('',#5517,0.00615826636004218,0.006);
#4320=ELLIPSE('',#5519,0.00699604955366719,0.006);
#4321=ELLIPSE('',#5523,0.00699604955366718,0.006);
#4322=ELLIPSE('',#5524,0.00699604955366718,0.006);
#4323=ELLIPSE('',#5525,0.00609986238601203,0.006);
#4324=ELLIPSE('',#5526,0.00609986238601203,0.006);
#4325=ELLIPSE('',#5527,0.00609986238601204,0.006);
#4326=ELLIPSE('',#5528,0.00699604955366719,0.006);
#4327=ELLIPSE('',#5529,0.00610937491548154,0.006);
#4328=ELLIPSE('',#5530,0.00610937491548154,0.006);
#4329=ELLIPSE('',#5531,0.00615826636004218,0.006);
#4330=ELLIPSE('',#5532,0.00699604955366718,0.006);
#4331=ELLIPSE('',#5533,0.00699604955366718,0.006);
#4332=ELLIPSE('',#5534,0.00608475087250604,0.006);
#4333=ELLIPSE('',#5535,0.00608475087250604,0.006);
#4334=ELLIPSE('',#5536,0.00605874102591317,0.006);
#4335=ELLIPSE('',#5537,0.00605874102591317,0.006);
#4336=ELLIPSE('',#5538,0.00606839977964803,0.006);
#4337=ELLIPSE('',#5546,0.011666967160269,0.006);
#4338=ELLIPSE('',#5547,0.011666967160269,0.006);
#4339=ELLIPSE('',#5548,0.011666967160269,0.006);
#4340=ELLIPSE('',#5549,0.011666967160269,0.006);
#4341=ELLIPSE('',#5553,0.011666967160269,0.006);
#4342=ELLIPSE('',#5554,0.011666967160269,0.006);
#4343=ELLIPSE('',#5555,0.011666967160269,0.006);
#4344=ELLIPSE('',#5556,0.011666967160269,0.006);
#4345=ELLIPSE('',#5558,0.00215433786639014,0.00075);
#4346=ELLIPSE('',#5559,0.0435957441991527,0.006);
#4347=ELLIPSE('',#5560,0.003,0.0015);
#4348=ELLIPSE('',#5562,0.00226972950503324,0.00075);
#4349=ELLIPSE('',#5563,0.043595744199153,0.006);
#4350=ELLIPSE('',#5564,0.003,0.0015);
#4351=ELLIPSE('',#5574,0.00609986238601203,0.006);
#4352=ELLIPSE('',#5575,5.27760308815957,0.006);
#4353=ELLIPSE('',#5576,0.00609986238601204,0.006);
#4354=ELLIPSE('',#5585,0.00259807621135333,0.0015);
#4355=ELLIPSE('',#5586,0.00259807621135315,0.0015);
#4356=ELLIPSE('',#5594,0.0159552171093923,0.006);
#4357=ELLIPSE('',#5595,0.0159552171093923,0.006);
#4358=ELLIPSE('',#5626,0.0159552171093923,0.006);
#4359=ELLIPSE('',#5627,0.0159552171093923,0.006);
#4360=ELLIPSE('',#5629,0.00461844322022383,0.00075);
#4361=ELLIPSE('',#5631,0.00215433786639014,0.00075);
#4362=ELLIPSE('',#5632,0.003,0.0015);
#4363=ELLIPSE('',#5633,0.0435957441991527,0.006);
#4364=ELLIPSE('',#5647,0.00415722986781717,0.00075);
#4365=ELLIPSE('',#5650,0.00226972950503324,0.00075);
#4366=ELLIPSE('',#5651,0.003,0.0015);
#4367=ELLIPSE('',#5652,0.043595744199153,0.006);
#4368=ELLIPSE('',#5663,0.00377142364131495,0.00075);
#4369=ELLIPSE('',#5669,0.00345408114990353,0.00075);
#4370=ELLIPSE('',#5707,0.0119358430490873,0.00613827546702941);
#4371=ELLIPSE('',#5708,0.0092363490018805,0.00475);
#4372=ELLIPSE('',#5709,0.0092363490018805,0.00475);
#4373=ELLIPSE('',#5710,0.0126392144236259,0.0065);
#4374=ELLIPSE('',#5711,0.0119358430490873,0.00613827546702941);
#4375=ELLIPSE('',#5712,0.00923634900188049,0.00475);
#4376=ELLIPSE('',#5713,0.00923634900188049,0.00475);
#4377=ELLIPSE('',#5714,0.0126392144236259,0.0065);
#4378=ELLIPSE('',#5715,0.0119358430490873,0.00613827546702941);
#4379=ELLIPSE('',#5716,0.0092363490018805,0.00475);
#4380=ELLIPSE('',#5717,0.0092363490018805,0.00475);
#4381=ELLIPSE('',#5718,0.012639214423626,0.0065);
#4382=ELLIPSE('',#5721,0.0126392144236259,0.0065);
#4383=ELLIPSE('',#5722,0.0092363490018805,0.00475);
#4384=ELLIPSE('',#5723,0.0092363490018805,0.00475);
#4385=ELLIPSE('',#5724,0.0119358430490873,0.00613827546702941);
#4386=ELLIPSE('',#5725,0.0126392144236259,0.0065);
#4387=ELLIPSE('',#5726,0.00923634900188049,0.00475);
#4388=ELLIPSE('',#5727,0.00923634900188049,0.00475);
#4389=ELLIPSE('',#5728,0.0119358430490873,0.00613827546702941);
#4390=ELLIPSE('',#5729,0.012639214423626,0.0065);
#4391=ELLIPSE('',#5730,0.0092363490018805,0.00475);
#4392=ELLIPSE('',#5731,0.0092363490018805,0.00475);
#4393=ELLIPSE('',#5732,0.0119358430490873,0.00613827546702941);
#4394=EDGE_LOOP('',(#1397,#1398,#1399,#1400,#1401,#1402,#1403,#1404,#1405,
#1406,#1407,#1408,#1409,#1410,#1411,#1412,#1413,#1414,#1415,#1416,#1417,
#1418,#1419,#1420,#1421,#1422,#1423,#1424,#1425,#1426,#1427,#1428,#1429,
#1430,#1431,#1432));
#4395=EDGE_LOOP('',(#1433,#1434,#1435,#1436));
#4396=EDGE_LOOP('',(#1437,#1438,#1439,#1440));
#4397=EDGE_LOOP('',(#1441,#1442,#1443,#1444));
#4398=EDGE_LOOP('',(#1445,#1446,#1447));
#4399=EDGE_LOOP('',(#1448,#1449,#1450,#1451));
#4400=EDGE_LOOP('',(#1452,#1453,#1454,#1455));
#4401=EDGE_LOOP('',(#1456,#1457,#1458));
#4402=EDGE_LOOP('',(#1459,#1460,#1461,#1462));
#4403=EDGE_LOOP('',(#1463,#1464,#1465,#1466));
#4404=EDGE_LOOP('',(#1467,#1468,#1469,#1470));
#4405=EDGE_LOOP('',(#1471,#1472,#1473,#1474,#1475,#1476,#1477,#1478,#1479,
#1480,#1481));
#4406=EDGE_LOOP('',(#1482,#1483,#1484,#1485,#1486,#1487,#1488,#1489,#1490,
#1491,#1492,#1493,#1494,#1495,#1496,#1497,#1498,#1499,#1500,#1501,#1502,
#1503,#1504,#1505,#1506,#1507,#1508,#1509,#1510,#1511,#1512,#1513,#1514,
#1515,#1516,#1517,#1518,#1519,#1520,#1521,#1522,#1523,#1524,#1525,#1526,
#1527,#1528,#1529,#1530,#1531,#1532,#1533));
#4407=EDGE_LOOP('',(#1534,#1535,#1536,#1537,#1538,#1539));
#4408=EDGE_LOOP('',(#1540,#1541,#1542,#1543,#1544,#1545));
#4409=EDGE_LOOP('',(#1546,#1547,#1548,#1549,#1550,#1551,#1552,#1553,#1554,
#1555,#1556,#1557,#1558,#1559,#1560,#1561,#1562,#1563,#1564,#1565,#1566,
#1567,#1568));
#4410=EDGE_LOOP('',(#1569,#1570,#1571,#1572,#1573,#1574,#1575,#1576,#1577,
#1578,#1579,#1580,#1581,#1582,#1583,#1584,#1585,#1586,#1587,#1588));
#4411=EDGE_LOOP('',(#1589,#1590,#1591,#1592,#1593,#1594,#1595,#1596,#1597));
#4412=EDGE_LOOP('',(#1598,#1599,#1600,#1601,#1602,#1603,#1604,#1605,#1606));
#4413=EDGE_LOOP('',(#1607,#1608,#1609,#1610));
#4414=EDGE_LOOP('',(#1611,#1612,#1613,#1614,#1615,#1616));
#4415=EDGE_LOOP('',(#1617,#1618,#1619,#1620,#1621,#1622));
#4416=EDGE_LOOP('',(#1623,#1624,#1625,#1626,#1627,#1628));
#4417=EDGE_LOOP('',(#1629,#1630,#1631,#1632));
#4418=EDGE_LOOP('',(#1633,#1634,#1635,#1636));
#4419=EDGE_LOOP('',(#1637,#1638,#1639,#1640,#1641,#1642,#1643,#1644,#1645,
#1646,#1647,#1648,#1649,#1650));
#4420=EDGE_LOOP('',(#1651,#1652,#1653,#1654,#1655,#1656,#1657,#1658));
#4421=EDGE_LOOP('',(#1659,#1660,#1661,#1662));
#4422=EDGE_LOOP('',(#1663,#1664,#1665));
#4423=EDGE_LOOP('',(#1666,#1667,#1668));
#4424=EDGE_LOOP('',(#1669,#1670,#1671,#1672,#1673,#1674,#1675,#1676,#1677,
#1678,#1679,#1680,#1681,#1682,#1683));
#4425=EDGE_LOOP('',(#1684,#1685,#1686,#1687));
#4426=EDGE_LOOP('',(#1688,#1689,#1690,#1691,#1692,#1693,#1694,#1695,#1696,
#1697));
#4427=EDGE_LOOP('',(#1698,#1699,#1700,#1701));
#4428=EDGE_LOOP('',(#1702));
#4429=EDGE_LOOP('',(#1703,#1704,#1705,#1706,#1707,#1708));
#4430=EDGE_LOOP('',(#1709));
#4431=EDGE_LOOP('',(#1710,#1711,#1712,#1713,#1714,#1715));
#4432=EDGE_LOOP('',(#1716,#1717,#1718,#1719));
#4433=EDGE_LOOP('',(#1720,#1721,#1722,#1723));
#4434=EDGE_LOOP('',(#1724,#1725,#1726,#1727));
#4435=EDGE_LOOP('',(#1728,#1729,#1730,#1731,#1732));
#4436=EDGE_LOOP('',(#1733,#1734,#1735));
#4437=EDGE_LOOP('',(#1736,#1737,#1738));
#4438=EDGE_LOOP('',(#1739,#1740,#1741,#1742));
#4439=EDGE_LOOP('',(#1743,#1744,#1745));
#4440=EDGE_LOOP('',(#1746,#1747,#1748));
#4441=EDGE_LOOP('',(#1749,#1750,#1751,#1752,#1753));
#4442=EDGE_LOOP('',(#1754,#1755,#1756,#1757,#1758,#1759,#1760,#1761,#1762,
#1763));
#4443=EDGE_LOOP('',(#1764,#1765,#1766,#1767,#1768,#1769));
#4444=EDGE_LOOP('',(#1770,#1771,#1772,#1773,#1774,#1775,#1776,#1777,#1778));
#4445=EDGE_LOOP('',(#1779,#1780,#1781,#1782,#1783,#1784,#1785));
#4446=EDGE_LOOP('',(#1786,#1787,#1788,#1789,#1790,#1791,#1792));
#4447=EDGE_LOOP('',(#1793,#1794,#1795));
#4448=EDGE_LOOP('',(#1796,#1797,#1798));
#4449=EDGE_LOOP('',(#1799,#1800,#1801,#1802,#1803,#1804));
#4450=EDGE_LOOP('',(#1805,#1806,#1807,#1808));
#4451=EDGE_LOOP('',(#1809,#1810,#1811,#1812,#1813,#1814,#1815,#1816,#1817));
#4452=EDGE_LOOP('',(#1818,#1819,#1820,#1821,#1822,#1823,#1824,#1825,#1826));
#4453=EDGE_LOOP('',(#1827,#1828,#1829,#1830,#1831,#1832,#1833,#1834,#1835));
#4454=EDGE_LOOP('',(#1836,#1837,#1838));
#4455=EDGE_LOOP('',(#1839,#1840,#1841));
#4456=EDGE_LOOP('',(#1842,#1843,#1844,#1845,#1846));
#4457=EDGE_LOOP('',(#1847,#1848,#1849,#1850,#1851,#1852));
#4458=EDGE_LOOP('',(#1853,#1854,#1855,#1856,#1857));
#4459=EDGE_LOOP('',(#1858,#1859,#1860));
#4460=EDGE_LOOP('',(#1861,#1862,#1863));
#4461=EDGE_LOOP('',(#1864,#1865,#1866,#1867,#1868));
#4462=EDGE_LOOP('',(#1869,#1870,#1871,#1872,#1873,#1874));
#4463=EDGE_LOOP('',(#1875,#1876,#1877,#1878,#1879));
#4464=EDGE_LOOP('',(#1880,#1881,#1882));
#4465=EDGE_LOOP('',(#1883,#1884,#1885));
#4466=EDGE_LOOP('',(#1886,#1887,#1888,#1889,#1890));
#4467=EDGE_LOOP('',(#1891,#1892,#1893,#1894));
#4468=EDGE_LOOP('',(#1895,#1896,#1897,#1898,#1899));
#4469=EDGE_LOOP('',(#1900,#1901,#1902,#1903));
#4470=EDGE_LOOP('',(#1904,#1905,#1906,#1907,#1908));
#4471=EDGE_LOOP('',(#1909,#1910,#1911,#1912));
#4472=EDGE_LOOP('',(#1913,#1914,#1915,#1916,#1917));
#4473=EDGE_LOOP('',(#1918,#1919,#1920,#1921));
#4474=EDGE_LOOP('',(#1922,#1923,#1924,#1925));
#4475=EDGE_LOOP('',(#1926));
#4476=EDGE_LOOP('',(#1927,#1928,#1929,#1930));
#4477=EDGE_LOOP('',(#1931));
#4478=EDGE_LOOP('',(#1932,#1933,#1934,#1935));
#4479=EDGE_LOOP('',(#1936,#1937,#1938,#1939));
#4480=EDGE_LOOP('',(#1940,#1941,#1942,#1943));
#4481=EDGE_LOOP('',(#1944,#1945,#1946,#1947));
#4482=EDGE_LOOP('',(#1948));
#4483=EDGE_LOOP('',(#1949));
#4484=EDGE_LOOP('',(#1950,#1951,#1952,#1953));
#4485=EDGE_LOOP('',(#1954,#1955,#1956,#1957));
#4486=EDGE_LOOP('',(#1958,#1959,#1960,#1961));
#4487=EDGE_LOOP('',(#1962,#1963,#1964,#1965));
#4488=EDGE_LOOP('',(#1966));
#4489=EDGE_LOOP('',(#1967));
#4490=EDGE_LOOP('',(#1968));
#4491=EDGE_LOOP('',(#1969));
#4492=EDGE_LOOP('',(#1970));
#4493=EDGE_LOOP('',(#1971));
#4494=EDGE_LOOP('',(#1972));
#4495=EDGE_LOOP('',(#1973));
#4496=EDGE_LOOP('',(#1974,#1975,#1976,#1977,#1978,#1979,#1980,#1981,#1982));
#4497=EDGE_LOOP('',(#1983,#1984,#1985,#1986,#1987,#1988,#1989,#1990,#1991,
#1992,#1993,#1994,#1995,#1996,#1997,#1998));
#4498=EDGE_LOOP('',(#1999,#2000,#2001,#2002,#2003,#2004,#2005,#2006,#2007,
#2008,#2009,#2010,#2011,#2012,#2013,#2014));
#4499=EDGE_LOOP('',(#2015,#2016,#2017,#2018,#2019,#2020,#2021,#2022,#2023,
#2024,#2025,#2026,#2027,#2028,#2029,#2030));
#4500=EDGE_LOOP('',(#2031,#2032,#2033,#2034,#2035,#2036,#2037,#2038,#2039,
#2040,#2041,#2042));
#4501=EDGE_LOOP('',(#2043,#2044,#2045,#2046,#2047,#2048,#2049,#2050,#2051,
#2052,#2053,#2054,#2055,#2056,#2057,#2058));
#4502=EDGE_LOOP('',(#2059,#2060,#2061,#2062,#2063,#2064,#2065,#2066,#2067,
#2068,#2069,#2070,#2071,#2072,#2073,#2074));
#4503=EDGE_LOOP('',(#2075,#2076,#2077,#2078,#2079,#2080,#2081,#2082,#2083,
#2084,#2085,#2086,#2087,#2088,#2089,#2090));
#4504=EDGE_LOOP('',(#2091,#2092,#2093,#2094));
#4505=EDGE_LOOP('',(#2095,#2096,#2097,#2098));
#4506=EDGE_LOOP('',(#2099,#2100,#2101,#2102));
#4507=EDGE_LOOP('',(#2103,#2104,#2105,#2106));
#4508=EDGE_LOOP('',(#2107,#2108,#2109,#2110));
#4509=EDGE_LOOP('',(#2111,#2112,#2113,#2114));
#4510=EDGE_LOOP('',(#2115,#2116,#2117,#2118,#2119));
#4511=EDGE_LOOP('',(#2120,#2121,#2122,#2123,#2124));
#4512=EDGE_LOOP('',(#2125,#2126,#2127,#2128,#2129,#2130,#2131,#2132,#2133,
#2134,#2135,#2136,#2137,#2138));
#4513=EDGE_LOOP('',(#2139,#2140));
#4514=EDGE_LOOP('',(#2141,#2142,#2143,#2144));
#4515=EDGE_LOOP('',(#2145,#2146,#2147,#2148,#2149,#2150,#2151,#2152));
#4516=EDGE_LOOP('',(#2153,#2154,#2155,#2156));
#4517=EDGE_LOOP('',(#2157,#2158,#2159,#2160));
#4518=EDGE_LOOP('',(#2161,#2162,#2163,#2164));
#4519=EDGE_LOOP('',(#2165,#2166,#2167,#2168));
#4520=EDGE_LOOP('',(#2169,#2170,#2171));
#4521=EDGE_LOOP('',(#2172,#2173,#2174));
#4522=EDGE_LOOP('',(#2175,#2176,#2177,#2178));
#4523=EDGE_LOOP('',(#2179,#2180));
#4524=EDGE_LOOP('',(#2181,#2182,#2183,#2184));
#4525=EDGE_LOOP('',(#2185,#2186,#2187,#2188));
#4526=EDGE_LOOP('',(#2189,#2190,#2191,#2192,#2193));
#4527=EDGE_LOOP('',(#2194,#2195,#2196,#2197,#2198));
#4528=EDGE_LOOP('',(#2199,#2200,#2201,#2202,#2203,#2204,#2205,#2206,#2207,
#2208,#2209,#2210,#2211,#2212));
#4529=EDGE_LOOP('',(#2213,#2214,#2215,#2216));
#4530=EDGE_LOOP('',(#2217,#2218,#2219,#2220));
#4531=EDGE_LOOP('',(#2221,#2222,#2223));
#4532=EDGE_LOOP('',(#2224,#2225,#2226));
#4533=EDGE_LOOP('',(#2227,#2228,#2229,#2230));
#4534=EDGE_LOOP('',(#2231,#2232,#2233,#2234));
#4535=EDGE_LOOP('',(#2235,#2236,#2237,#2238));
#4536=EDGE_LOOP('',(#2239,#2240));
#4537=EDGE_LOOP('',(#2241,#2242,#2243,#2244));
#4538=EDGE_LOOP('',(#2245,#2246,#2247,#2248));
#4539=EDGE_LOOP('',(#2249,#2250,#2251,#2252,#2253));
#4540=EDGE_LOOP('',(#2254,#2255,#2256,#2257,#2258));
#4541=EDGE_LOOP('',(#2259,#2260,#2261,#2262,#2263,#2264,#2265,#2266,#2267,
#2268,#2269,#2270,#2271,#2272));
#4542=EDGE_LOOP('',(#2273,#2274,#2275,#2276));
#4543=EDGE_LOOP('',(#2277,#2278,#2279,#2280));
#4544=EDGE_LOOP('',(#2281,#2282,#2283,#2284,#2285,#2286,#2287,#2288,#2289,
#2290,#2291));
#4545=EDGE_LOOP('',(#2292,#2293,#2294));
#4546=EDGE_LOOP('',(#2295,#2296,#2297));
#4547=EDGE_LOOP('',(#2298,#2299,#2300,#2301));
#4548=EDGE_LOOP('',(#2302,#2303,#2304,#2305));
#4549=EDGE_LOOP('',(#2306,#2307,#2308,#2309));
#4550=EDGE_LOOP('',(#2310,#2311,#2312,#2313));
#4551=EDGE_LOOP('',(#2314,#2315,#2316,#2317));
#4552=EDGE_LOOP('',(#2318,#2319,#2320,#2321));
#4553=EDGE_LOOP('',(#2322,#2323,#2324,#2325));
#4554=EDGE_LOOP('',(#2326,#2327,#2328,#2329));
#4555=EDGE_LOOP('',(#2330,#2331,#2332,#2333,#2334,#2335));
#4556=EDGE_LOOP('',(#2336,#2337,#2338,#2339,#2340,#2341,#2342,#2343));
#4557=EDGE_LOOP('',(#2344,#2345,#2346,#2347,#2348,#2349,#2350,#2351));
#4558=EDGE_LOOP('',(#2352,#2353,#2354,#2355,#2356,#2357));
#4559=EDGE_LOOP('',(#2358,#2359,#2360,#2361,#2362,#2363,#2364,#2365));
#4560=EDGE_LOOP('',(#2366,#2367,#2368,#2369,#2370,#2371,#2372,#2373));
#4561=EDGE_LOOP('',(#2374,#2375,#2376,#2377));
#4562=EDGE_LOOP('',(#2378,#2379,#2380,#2381));
#4563=EDGE_LOOP('',(#2382,#2383,#2384));
#4564=EDGE_LOOP('',(#2385,#2386,#2387));
#4565=EDGE_LOOP('',(#2388,#2389,#2390));
#4566=EDGE_LOOP('',(#2391,#2392,#2393));
#4567=EDGE_LOOP('',(#2394,#2395,#2396,#2397,#2398,#2399));
#4568=EDGE_LOOP('',(#2400,#2401,#2402,#2403,#2404,#2405,#2406,#2407));
#4569=EDGE_LOOP('',(#2408,#2409,#2410,#2411,#2412,#2413,#2414,#2415));
#4570=EDGE_LOOP('',(#2416,#2417,#2418,#2419));
#4571=EDGE_LOOP('',(#2420,#2421,#2422,#2423));
#4572=EDGE_LOOP('',(#2424,#2425,#2426));
#4573=EDGE_LOOP('',(#2427,#2428,#2429));
#4574=EDGE_LOOP('',(#2430,#2431,#2432));
#4575=EDGE_LOOP('',(#2433,#2434,#2435));
#4576=EDGE_LOOP('',(#2436,#2437,#2438,#2439,#2440,#2441));
#4577=EDGE_LOOP('',(#2442,#2443,#2444,#2445,#2446,#2447,#2448,#2449));
#4578=EDGE_LOOP('',(#2450,#2451,#2452,#2453,#2454,#2455,#2456,#2457));
#4579=EDGE_LOOP('',(#2458,#2459,#2460,#2461));
#4580=EDGE_LOOP('',(#2462,#2463,#2464,#2465));
#4581=EDGE_LOOP('',(#2466,#2467,#2468));
#4582=EDGE_LOOP('',(#2469,#2470,#2471));
#4583=EDGE_LOOP('',(#2472,#2473,#2474));
#4584=EDGE_LOOP('',(#2475,#2476,#2477));
#4585=EDGE_LOOP('',(#2478,#2479,#2480,#2481,#2482,#2483));
#4586=EDGE_LOOP('',(#2484,#2485,#2486,#2487,#2488,#2489,#2490,#2491));
#4587=EDGE_LOOP('',(#2492,#2493));
#4588=EDGE_LOOP('',(#2494,#2495,#2496,#2497));
#4589=EDGE_LOOP('',(#2498,#2499,#2500,#2501,#2502,#2503,#2504,#2505));
#4590=EDGE_LOOP('',(#2506,#2507));
#4591=EDGE_LOOP('',(#2508,#2509,#2510,#2511));
#4592=EDGE_LOOP('',(#2512,#2513,#2514,#2515));
#4593=EDGE_LOOP('',(#2516,#2517,#2518,#2519,#2520,#2521,#2522,#2523));
#4594=EDGE_LOOP('',(#2524,#2525));
#4595=EDGE_LOOP('',(#2526));
#4596=EDGE_LOOP('',(#2527));
#4597=EDGE_LOOP('',(#2528));
#4598=EDGE_LOOP('',(#2529));
#4599=EDGE_LOOP('',(#2530));
#4600=EDGE_LOOP('',(#2531));
#4601=EDGE_LOOP('',(#2532));
#4602=EDGE_LOOP('',(#2533));
#4603=EDGE_LOOP('',(#2534));
#4604=EDGE_LOOP('',(#2535));
#4605=EDGE_LOOP('',(#2536));
#4606=EDGE_LOOP('',(#2537));
#4607=EDGE_LOOP('',(#2538));
#4608=EDGE_LOOP('',(#2539));
#4609=EDGE_LOOP('',(#2540));
#4610=EDGE_LOOP('',(#2541));
#4611=EDGE_LOOP('',(#2542));
#4612=EDGE_LOOP('',(#2543));
#4613=EDGE_LOOP('',(#2544,#2545,#2546,#2547));
#4614=EDGE_LOOP('',(#2548,#2549,#2550,#2551));
#4615=EDGE_LOOP('',(#2552,#2553,#2554,#2555));
#4616=EDGE_LOOP('',(#2556,#2557,#2558,#2559));
#4617=EDGE_LOOP('',(#2560,#2561,#2562,#2563));
#4618=EDGE_LOOP('',(#2564,#2565,#2566,#2567));
#4619=EDGE_LOOP('',(#2568,#2569,#2570,#2571,#2572,#2573));
#4620=EDGE_LOOP('',(#2574,#2575,#2576));
#4621=EDGE_LOOP('',(#2577,#2578,#2579,#2580));
#4622=EDGE_LOOP('',(#2581,#2582,#2583));
#4623=EDGE_LOOP('',(#2584,#2585,#2586,#2587));
#4624=EDGE_LOOP('',(#2588,#2589,#2590));
#4625=EDGE_LOOP('',(#2591,#2592,#2593,#2594));
#4626=EDGE_LOOP('',(#2595,#2596,#2597,#2598));
#4627=EDGE_LOOP('',(#2599,#2600,#2601,#2602));
#4628=EDGE_LOOP('',(#2603,#2604,#2605));
#4629=EDGE_LOOP('',(#2606,#2607,#2608,#2609));
#4630=EDGE_LOOP('',(#2610,#2611,#2612,#2613));
#4631=EDGE_LOOP('',(#2614,#2615,#2616,#2617));
#4632=EDGE_LOOP('',(#2618,#2619,#2620,#2621));
#4633=EDGE_LOOP('',(#2622));
#4634=EDGE_LOOP('',(#2623,#2624,#2625,#2626));
#4635=EDGE_LOOP('',(#2627));
#4636=EDGE_LOOP('',(#2628,#2629,#2630,#2631));
#4637=EDGE_LOOP('',(#2632));
#4638=EDGE_LOOP('',(#2633,#2634,#2635,#2636));
#4639=EDGE_LOOP('',(#2637,#2638,#2639,#2640));
#4640=EDGE_LOOP('',(#2641));
#4641=EDGE_LOOP('',(#2642));
#4642=EDGE_LOOP('',(#2643));
#4643=EDGE_LOOP('',(#2644));
#4644=EDGE_LOOP('',(#2645));
#4645=EDGE_LOOP('',(#2646));
#4646=EDGE_LOOP('',(#2647));
#4647=EDGE_LOOP('',(#2648));
#4648=EDGE_LOOP('',(#2649));
#4649=EDGE_LOOP('',(#2650,#2651,#2652,#2653,#2654,#2655,#2656,#2657));
#4650=EDGE_LOOP('',(#2658,#2659,#2660,#2661,#2662,#2663,#2664,#2665));
#4651=EDGE_LOOP('',(#2666));
#4652=EDGE_LOOP('',(#2667,#2668));
#4653=EDGE_LOOP('',(#2669,#2670,#2671,#2672));
#4654=EDGE_LOOP('',(#2673,#2674,#2675,#2676));
#4655=EDGE_LOOP('',(#2677,#2678,#2679,#2680));
#4656=EDGE_LOOP('',(#2681,#2682,#2683,#2684));
#4657=EDGE_LOOP('',(#2685,#2686,#2687,#2688));
#4658=EDGE_LOOP('',(#2689,#2690,#2691,#2692));
#4659=EDGE_LOOP('',(#2693));
#4660=EDGE_LOOP('',(#2694,#2695,#2696,#2697,#2698,#2699));
#4661=EDGE_LOOP('',(#2700));
#4662=EDGE_LOOP('',(#2701,#2702,#2703,#2704,#2705,#2706));
#4663=EDGE_LOOP('',(#2707));
#4664=EDGE_LOOP('',(#2708));
#4665=EDGE_LOOP('',(#2709));
#4666=EDGE_LOOP('',(#2710));
#4667=EDGE_LOOP('',(#2711));
#4668=EDGE_LOOP('',(#2712));
#4669=EDGE_LOOP('',(#2713));
#4670=EDGE_LOOP('',(#2714));
#4671=EDGE_LOOP('',(#2715,#2716));
#4672=EDGE_LOOP('',(#2717,#2718,#2719,#2720));
#4673=EDGE_LOOP('',(#2721,#2722,#2723,#2724));
#4674=EDGE_LOOP('',(#2725,#2726,#2727,#2728));
#4675=EDGE_LOOP('',(#2729,#2730,#2731,#2732));
#4676=EDGE_LOOP('',(#2733,#2734,#2735,#2736));
#4677=EDGE_LOOP('',(#2737,#2738,#2739,#2740));
#4678=EDGE_LOOP('',(#2741));
#4679=EDGE_LOOP('',(#2742,#2743,#2744,#2745,#2746,#2747));
#4680=EDGE_LOOP('',(#2748));
#4681=EDGE_LOOP('',(#2749,#2750,#2751,#2752,#2753,#2754));
#4682=EDGE_LOOP('',(#2755));
#4683=EDGE_LOOP('',(#2756));
#4684=EDGE_LOOP('',(#2757));
#4685=EDGE_LOOP('',(#2758));
#4686=EDGE_LOOP('',(#2759));
#4687=EDGE_LOOP('',(#2760));
#4688=EDGE_LOOP('',(#2761));
#4689=EDGE_LOOP('',(#2762));
#4690=EDGE_LOOP('',(#2763,#2764));
#4691=EDGE_LOOP('',(#2765,#2766,#2767,#2768));
#4692=EDGE_LOOP('',(#2769,#2770,#2771,#2772));
#4693=EDGE_LOOP('',(#2773,#2774,#2775,#2776));
#4694=EDGE_LOOP('',(#2777,#2778,#2779,#2780));
#4695=EDGE_LOOP('',(#2781,#2782,#2783,#2784));
#4696=EDGE_LOOP('',(#2785,#2786,#2787,#2788));
#4697=EDGE_LOOP('',(#2789));
#4698=EDGE_LOOP('',(#2790,#2791,#2792,#2793,#2794,#2795));
#4699=EDGE_LOOP('',(#2796));
#4700=EDGE_LOOP('',(#2797,#2798,#2799,#2800,#2801,#2802));
#4701=EDGE_LOOP('',(#2803));
#4702=EDGE_LOOP('',(#2804));
#4703=EDGE_LOOP('',(#2805));
#4704=EDGE_LOOP('',(#2806));
#4705=EDGE_LOOP('',(#2807));
#4706=EDGE_LOOP('',(#2808));
#4707=EDGE_LOOP('',(#2809));
#4708=EDGE_LOOP('',(#2810,#2811,#2812,#2813,#2814));
#4709=EDGE_LOOP('',(#2815,#2816,#2817,#2818));
#4710=EDGE_LOOP('',(#2819,#2820,#2821,#2822));
#4711=EDGE_LOOP('',(#2823,#2824,#2825,#2826,#2827));
#4712=EDGE_LOOP('',(#2828,#2829,#2830,#2831));
#4713=EDGE_LOOP('',(#2832,#2833,#2834,#2835,#2836));
#4714=EDGE_LOOP('',(#2837,#2838,#2839,#2840,#2841,#2842,#2843,#2844,#2845,
#2846));
#4715=EDGE_LOOP('',(#2847,#2848,#2849,#2850,#2851,#2852));
#4716=EDGE_LOOP('',(#2853,#2854,#2855,#2856));
#4717=EDGE_LOOP('',(#2857,#2858,#2859,#2860));
#4718=EDGE_LOOP('',(#2861,#2862,#2863,#2864));
#4719=EDGE_LOOP('',(#2865,#2866,#2867,#2868,#2869));
#4720=EDGE_LOOP('',(#2870,#2871,#2872,#2873,#2874));
#4721=EDGE_LOOP('',(#2875,#2876,#2877,#2878,#2879));
#4722=EDGE_LOOP('',(#2880,#2881,#2882,#2883,#2884,#2885,#2886,#2887,#2888,
#2889));
#4723=EDGE_LOOP('',(#2890,#2891,#2892,#2893,#2894,#2895));
#4724=EDGE_LOOP('',(#2896,#2897,#2898,#2899));
#4725=EDGE_LOOP('',(#2900,#2901,#2902,#2903));
#4726=EDGE_LOOP('',(#2904,#2905,#2906,#2907,#2908,#2909,#2910,#2911,#2912));
#4727=EDGE_LOOP('',(#2913,#2914,#2915));
#4728=EDGE_LOOP('',(#2916,#2917,#2918,#2919,#2920));
#4729=EDGE_LOOP('',(#2921,#2922,#2923,#2924,#2925,#2926));
#4730=EDGE_LOOP('',(#2927,#2928,#2929,#2930,#2931));
#4731=EDGE_LOOP('',(#2932,#2933,#2934,#2935,#2936));
#4732=EDGE_LOOP('',(#2937,#2938,#2939,#2940,#2941,#2942,#2943,#2944));
#4733=EDGE_LOOP('',(#2945,#2946,#2947,#2948,#2949,#2950,#2951,#2952));
#4734=EDGE_LOOP('',(#2953,#2954,#2955,#2956));
#4735=EDGE_LOOP('',(#2957,#2958,#2959,#2960));
#4736=EDGE_LOOP('',(#2961,#2962,#2963,#2964));
#4737=EDGE_LOOP('',(#2965,#2966,#2967,#2968));
#4738=EDGE_LOOP('',(#2969,#2970,#2971,#2972));
#4739=EDGE_LOOP('',(#2973,#2974,#2975,#2976));
#4740=EDGE_LOOP('',(#2977,#2978,#2979,#2980));
#4741=FACE_BOUND('',#4394,.T.);
#4742=FACE_BOUND('',#4395,.T.);
#4743=FACE_BOUND('',#4396,.T.);
#4744=FACE_BOUND('',#4397,.T.);
#4745=FACE_BOUND('',#4398,.T.);
#4746=FACE_BOUND('',#4399,.T.);
#4747=FACE_BOUND('',#4400,.T.);
#4748=FACE_BOUND('',#4401,.T.);
#4749=FACE_BOUND('',#4402,.T.);
#4750=FACE_BOUND('',#4403,.T.);
#4751=FACE_BOUND('',#4404,.T.);
#4752=FACE_BOUND('',#4405,.T.);
#4753=FACE_BOUND('',#4406,.T.);
#4754=FACE_BOUND('',#4407,.T.);
#4755=FACE_BOUND('',#4408,.T.);
#4756=FACE_BOUND('',#4409,.T.);
#4757=FACE_BOUND('',#4410,.T.);
#4758=FACE_BOUND('',#4411,.T.);
#4759=FACE_BOUND('',#4412,.T.);
#4760=FACE_BOUND('',#4413,.T.);
#4761=FACE_BOUND('',#4414,.T.);
#4762=FACE_BOUND('',#4415,.T.);
#4763=FACE_BOUND('',#4416,.T.);
#4764=FACE_BOUND('',#4417,.T.);
#4765=FACE_BOUND('',#4418,.T.);
#4766=FACE_BOUND('',#4419,.T.);
#4767=FACE_BOUND('',#4420,.T.);
#4768=FACE_BOUND('',#4421,.T.);
#4769=FACE_BOUND('',#4422,.T.);
#4770=FACE_BOUND('',#4423,.T.);
#4771=FACE_BOUND('',#4424,.T.);
#4772=FACE_BOUND('',#4425,.T.);
#4773=FACE_BOUND('',#4426,.T.);
#4774=FACE_BOUND('',#4427,.T.);
#4775=FACE_BOUND('',#4428,.T.);
#4776=FACE_BOUND('',#4429,.T.);
#4777=FACE_BOUND('',#4430,.T.);
#4778=FACE_BOUND('',#4431,.T.);
#4779=FACE_BOUND('',#4432,.T.);
#4780=FACE_BOUND('',#4433,.T.);
#4781=FACE_BOUND('',#4434,.T.);
#4782=FACE_BOUND('',#4435,.T.);
#4783=FACE_BOUND('',#4436,.T.);
#4784=FACE_BOUND('',#4437,.T.);
#4785=FACE_BOUND('',#4438,.T.);
#4786=FACE_BOUND('',#4439,.T.);
#4787=FACE_BOUND('',#4440,.T.);
#4788=FACE_BOUND('',#4441,.T.);
#4789=FACE_BOUND('',#4442,.T.);
#4790=FACE_BOUND('',#4443,.T.);
#4791=FACE_BOUND('',#4444,.T.);
#4792=FACE_BOUND('',#4445,.T.);
#4793=FACE_BOUND('',#4446,.T.);
#4794=FACE_BOUND('',#4447,.T.);
#4795=FACE_BOUND('',#4448,.T.);
#4796=FACE_BOUND('',#4449,.T.);
#4797=FACE_BOUND('',#4450,.T.);
#4798=FACE_BOUND('',#4451,.T.);
#4799=FACE_BOUND('',#4452,.T.);
#4800=FACE_BOUND('',#4453,.T.);
#4801=FACE_BOUND('',#4454,.T.);
#4802=FACE_BOUND('',#4455,.T.);
#4803=FACE_BOUND('',#4456,.T.);
#4804=FACE_BOUND('',#4457,.T.);
#4805=FACE_BOUND('',#4458,.T.);
#4806=FACE_BOUND('',#4459,.T.);
#4807=FACE_BOUND('',#4460,.T.);
#4808=FACE_BOUND('',#4461,.T.);
#4809=FACE_BOUND('',#4462,.T.);
#4810=FACE_BOUND('',#4463,.T.);
#4811=FACE_BOUND('',#4464,.T.);
#4812=FACE_BOUND('',#4465,.T.);
#4813=FACE_BOUND('',#4466,.T.);
#4814=FACE_BOUND('',#4467,.T.);
#4815=FACE_BOUND('',#4468,.T.);
#4816=FACE_BOUND('',#4469,.T.);
#4817=FACE_BOUND('',#4470,.T.);
#4818=FACE_BOUND('',#4471,.T.);
#4819=FACE_BOUND('',#4472,.T.);
#4820=FACE_BOUND('',#4473,.T.);
#4821=FACE_BOUND('',#4474,.T.);
#4822=FACE_BOUND('',#4475,.T.);
#4823=FACE_BOUND('',#4476,.T.);
#4824=FACE_BOUND('',#4477,.T.);
#4825=FACE_BOUND('',#4478,.T.);
#4826=FACE_BOUND('',#4479,.T.);
#4827=FACE_BOUND('',#4480,.T.);
#4828=FACE_BOUND('',#4481,.T.);
#4829=FACE_BOUND('',#4482,.T.);
#4830=FACE_BOUND('',#4483,.T.);
#4831=FACE_BOUND('',#4484,.T.);
#4832=FACE_BOUND('',#4485,.T.);
#4833=FACE_BOUND('',#4486,.T.);
#4834=FACE_BOUND('',#4487,.T.);
#4835=FACE_BOUND('',#4488,.T.);
#4836=FACE_BOUND('',#4489,.T.);
#4837=FACE_BOUND('',#4490,.T.);
#4838=FACE_BOUND('',#4491,.T.);
#4839=FACE_BOUND('',#4492,.T.);
#4840=FACE_BOUND('',#4493,.T.);
#4841=FACE_BOUND('',#4494,.T.);
#4842=FACE_BOUND('',#4495,.T.);
#4843=FACE_BOUND('',#4496,.T.);
#4844=FACE_BOUND('',#4497,.T.);
#4845=FACE_BOUND('',#4498,.T.);
#4846=FACE_BOUND('',#4499,.T.);
#4847=FACE_BOUND('',#4500,.T.);
#4848=FACE_BOUND('',#4501,.T.);
#4849=FACE_BOUND('',#4502,.T.);
#4850=FACE_BOUND('',#4503,.T.);
#4851=FACE_BOUND('',#4504,.T.);
#4852=FACE_BOUND('',#4505,.T.);
#4853=FACE_BOUND('',#4506,.T.);
#4854=FACE_BOUND('',#4507,.T.);
#4855=FACE_BOUND('',#4508,.T.);
#4856=FACE_BOUND('',#4509,.T.);
#4857=FACE_BOUND('',#4510,.T.);
#4858=FACE_BOUND('',#4511,.T.);
#4859=FACE_BOUND('',#4512,.T.);
#4860=FACE_BOUND('',#4513,.T.);
#4861=FACE_BOUND('',#4514,.T.);
#4862=FACE_BOUND('',#4515,.T.);
#4863=FACE_BOUND('',#4516,.T.);
#4864=FACE_BOUND('',#4517,.T.);
#4865=FACE_BOUND('',#4518,.T.);
#4866=FACE_BOUND('',#4519,.T.);
#4867=FACE_BOUND('',#4520,.T.);
#4868=FACE_BOUND('',#4521,.T.);
#4869=FACE_BOUND('',#4522,.T.);
#4870=FACE_BOUND('',#4523,.T.);
#4871=FACE_BOUND('',#4524,.T.);
#4872=FACE_BOUND('',#4525,.T.);
#4873=FACE_BOUND('',#4526,.T.);
#4874=FACE_BOUND('',#4527,.T.);
#4875=FACE_BOUND('',#4528,.T.);
#4876=FACE_BOUND('',#4529,.T.);
#4877=FACE_BOUND('',#4530,.T.);
#4878=FACE_BOUND('',#4531,.T.);
#4879=FACE_BOUND('',#4532,.T.);
#4880=FACE_BOUND('',#4533,.T.);
#4881=FACE_BOUND('',#4534,.T.);
#4882=FACE_BOUND('',#4535,.T.);
#4883=FACE_BOUND('',#4536,.T.);
#4884=FACE_BOUND('',#4537,.T.);
#4885=FACE_BOUND('',#4538,.T.);
#4886=FACE_BOUND('',#4539,.T.);
#4887=FACE_BOUND('',#4540,.T.);
#4888=FACE_BOUND('',#4541,.T.);
#4889=FACE_BOUND('',#4542,.T.);
#4890=FACE_BOUND('',#4543,.T.);
#4891=FACE_BOUND('',#4544,.T.);
#4892=FACE_BOUND('',#4545,.T.);
#4893=FACE_BOUND('',#4546,.T.);
#4894=FACE_BOUND('',#4547,.T.);
#4895=FACE_BOUND('',#4548,.T.);
#4896=FACE_BOUND('',#4549,.T.);
#4897=FACE_BOUND('',#4550,.T.);
#4898=FACE_BOUND('',#4551,.T.);
#4899=FACE_BOUND('',#4552,.T.);
#4900=FACE_BOUND('',#4553,.T.);
#4901=FACE_BOUND('',#4554,.T.);
#4902=FACE_BOUND('',#4555,.T.);
#4903=FACE_BOUND('',#4556,.T.);
#4904=FACE_BOUND('',#4557,.T.);
#4905=FACE_BOUND('',#4558,.T.);
#4906=FACE_BOUND('',#4559,.T.);
#4907=FACE_BOUND('',#4560,.T.);
#4908=FACE_BOUND('',#4561,.T.);
#4909=FACE_BOUND('',#4562,.T.);
#4910=FACE_BOUND('',#4563,.T.);
#4911=FACE_BOUND('',#4564,.T.);
#4912=FACE_BOUND('',#4565,.T.);
#4913=FACE_BOUND('',#4566,.T.);
#4914=FACE_BOUND('',#4567,.T.);
#4915=FACE_BOUND('',#4568,.T.);
#4916=FACE_BOUND('',#4569,.T.);
#4917=FACE_BOUND('',#4570,.T.);
#4918=FACE_BOUND('',#4571,.T.);
#4919=FACE_BOUND('',#4572,.T.);
#4920=FACE_BOUND('',#4573,.T.);
#4921=FACE_BOUND('',#4574,.T.);
#4922=FACE_BOUND('',#4575,.T.);
#4923=FACE_BOUND('',#4576,.T.);
#4924=FACE_BOUND('',#4577,.T.);
#4925=FACE_BOUND('',#4578,.T.);
#4926=FACE_BOUND('',#4579,.T.);
#4927=FACE_BOUND('',#4580,.T.);
#4928=FACE_BOUND('',#4581,.T.);
#4929=FACE_BOUND('',#4582,.T.);
#4930=FACE_BOUND('',#4583,.T.);
#4931=FACE_BOUND('',#4584,.T.);
#4932=FACE_BOUND('',#4585,.T.);
#4933=FACE_BOUND('',#4586,.T.);
#4934=FACE_BOUND('',#4587,.T.);
#4935=FACE_BOUND('',#4588,.T.);
#4936=FACE_BOUND('',#4589,.T.);
#4937=FACE_BOUND('',#4590,.T.);
#4938=FACE_BOUND('',#4591,.T.);
#4939=FACE_BOUND('',#4592,.T.);
#4940=FACE_BOUND('',#4593,.T.);
#4941=FACE_BOUND('',#4594,.T.);
#4942=FACE_BOUND('',#4595,.T.);
#4943=FACE_BOUND('',#4596,.T.);
#4944=FACE_BOUND('',#4597,.T.);
#4945=FACE_BOUND('',#4598,.T.);
#4946=FACE_BOUND('',#4599,.T.);
#4947=FACE_BOUND('',#4600,.T.);
#4948=FACE_BOUND('',#4601,.T.);
#4949=FACE_BOUND('',#4602,.T.);
#4950=FACE_BOUND('',#4603,.T.);
#4951=FACE_BOUND('',#4604,.T.);
#4952=FACE_BOUND('',#4605,.T.);
#4953=FACE_BOUND('',#4606,.T.);
#4954=FACE_BOUND('',#4607,.T.);
#4955=FACE_BOUND('',#4608,.T.);
#4956=FACE_BOUND('',#4609,.T.);
#4957=FACE_BOUND('',#4610,.T.);
#4958=FACE_BOUND('',#4611,.T.);
#4959=FACE_BOUND('',#4612,.T.);
#4960=FACE_BOUND('',#4613,.T.);
#4961=FACE_BOUND('',#4614,.T.);
#4962=FACE_BOUND('',#4615,.T.);
#4963=FACE_BOUND('',#4616,.T.);
#4964=FACE_BOUND('',#4617,.T.);
#4965=FACE_BOUND('',#4618,.T.);
#4966=FACE_BOUND('',#4619,.T.);
#4967=FACE_BOUND('',#4620,.T.);
#4968=FACE_BOUND('',#4621,.T.);
#4969=FACE_BOUND('',#4622,.T.);
#4970=FACE_BOUND('',#4623,.T.);
#4971=FACE_BOUND('',#4624,.T.);
#4972=FACE_BOUND('',#4625,.T.);
#4973=FACE_BOUND('',#4626,.T.);
#4974=FACE_BOUND('',#4627,.T.);
#4975=FACE_BOUND('',#4628,.T.);
#4976=FACE_BOUND('',#4629,.T.);
#4977=FACE_BOUND('',#4630,.T.);
#4978=FACE_BOUND('',#4631,.T.);
#4979=FACE_BOUND('',#4632,.T.);
#4980=FACE_BOUND('',#4633,.T.);
#4981=FACE_BOUND('',#4634,.T.);
#4982=FACE_BOUND('',#4635,.T.);
#4983=FACE_BOUND('',#4636,.T.);
#4984=FACE_BOUND('',#4637,.T.);
#4985=FACE_BOUND('',#4638,.T.);
#4986=FACE_BOUND('',#4639,.T.);
#4987=FACE_BOUND('',#4640,.T.);
#4988=FACE_BOUND('',#4641,.T.);
#4989=FACE_BOUND('',#4642,.T.);
#4990=FACE_BOUND('',#4643,.T.);
#4991=FACE_BOUND('',#4644,.T.);
#4992=FACE_BOUND('',#4645,.T.);
#4993=FACE_BOUND('',#4646,.T.);
#4994=FACE_BOUND('',#4647,.T.);
#4995=FACE_BOUND('',#4648,.T.);
#4996=FACE_BOUND('',#4649,.T.);
#4997=FACE_BOUND('',#4650,.T.);
#4998=FACE_BOUND('',#4651,.T.);
#4999=FACE_BOUND('',#4652,.T.);
#5000=FACE_BOUND('',#4653,.T.);
#5001=FACE_BOUND('',#4654,.T.);
#5002=FACE_BOUND('',#4655,.T.);
#5003=FACE_BOUND('',#4656,.T.);
#5004=FACE_BOUND('',#4657,.T.);
#5005=FACE_BOUND('',#4658,.T.);
#5006=FACE_BOUND('',#4659,.T.);
#5007=FACE_BOUND('',#4660,.T.);
#5008=FACE_BOUND('',#4661,.T.);
#5009=FACE_BOUND('',#4662,.T.);
#5010=FACE_BOUND('',#4663,.T.);
#5011=FACE_BOUND('',#4664,.T.);
#5012=FACE_BOUND('',#4665,.T.);
#5013=FACE_BOUND('',#4666,.T.);
#5014=FACE_BOUND('',#4667,.T.);
#5015=FACE_BOUND('',#4668,.T.);
#5016=FACE_BOUND('',#4669,.T.);
#5017=FACE_BOUND('',#4670,.T.);
#5018=FACE_BOUND('',#4671,.T.);
#5019=FACE_BOUND('',#4672,.T.);
#5020=FACE_BOUND('',#4673,.T.);
#5021=FACE_BOUND('',#4674,.T.);
#5022=FACE_BOUND('',#4675,.T.);
#5023=FACE_BOUND('',#4676,.T.);
#5024=FACE_BOUND('',#4677,.T.);
#5025=FACE_BOUND('',#4678,.T.);
#5026=FACE_BOUND('',#4679,.T.);
#5027=FACE_BOUND('',#4680,.T.);
#5028=FACE_BOUND('',#4681,.T.);
#5029=FACE_BOUND('',#4682,.T.);
#5030=FACE_BOUND('',#4683,.T.);
#5031=FACE_BOUND('',#4684,.T.);
#5032=FACE_BOUND('',#4685,.T.);
#5033=FACE_BOUND('',#4686,.T.);
#5034=FACE_BOUND('',#4687,.T.);
#5035=FACE_BOUND('',#4688,.T.);
#5036=FACE_BOUND('',#4689,.T.);
#5037=FACE_BOUND('',#4690,.T.);
#5038=FACE_BOUND('',#4691,.T.);
#5039=FACE_BOUND('',#4692,.T.);
#5040=FACE_BOUND('',#4693,.T.);
#5041=FACE_BOUND('',#4694,.T.);
#5042=FACE_BOUND('',#4695,.T.);
#5043=FACE_BOUND('',#4696,.T.);
#5044=FACE_BOUND('',#4697,.T.);
#5045=FACE_BOUND('',#4698,.T.);
#5046=FACE_BOUND('',#4699,.T.);
#5047=FACE_BOUND('',#4700,.T.);
#5048=FACE_BOUND('',#4701,.T.);
#5049=FACE_BOUND('',#4702,.T.);
#5050=FACE_BOUND('',#4703,.T.);
#5051=FACE_BOUND('',#4704,.T.);
#5052=FACE_BOUND('',#4705,.T.);
#5053=FACE_BOUND('',#4706,.T.);
#5054=FACE_BOUND('',#4707,.T.);
#5055=FACE_BOUND('',#4708,.T.);
#5056=FACE_BOUND('',#4709,.T.);
#5057=FACE_BOUND('',#4710,.T.);
#5058=FACE_BOUND('',#4711,.T.);
#5059=FACE_BOUND('',#4712,.T.);
#5060=FACE_BOUND('',#4713,.T.);
#5061=FACE_BOUND('',#4714,.T.);
#5062=FACE_BOUND('',#4715,.T.);
#5063=FACE_BOUND('',#4716,.T.);
#5064=FACE_BOUND('',#4717,.T.);
#5065=FACE_BOUND('',#4718,.T.);
#5066=FACE_BOUND('',#4719,.T.);
#5067=FACE_BOUND('',#4720,.T.);
#5068=FACE_BOUND('',#4721,.T.);
#5069=FACE_BOUND('',#4722,.T.);
#5070=FACE_BOUND('',#4723,.T.);
#5071=FACE_BOUND('',#4724,.T.);
#5072=FACE_BOUND('',#4725,.T.);
#5073=FACE_BOUND('',#4726,.T.);
#5074=FACE_BOUND('',#4727,.T.);
#5075=FACE_BOUND('',#4728,.T.);
#5076=FACE_BOUND('',#4729,.T.);
#5077=FACE_BOUND('',#4730,.T.);
#5078=FACE_BOUND('',#4731,.T.);
#5079=FACE_BOUND('',#4732,.T.);
#5080=FACE_BOUND('',#4733,.T.);
#5081=FACE_BOUND('',#4734,.T.);
#5082=FACE_BOUND('',#4735,.T.);
#5083=FACE_BOUND('',#4736,.T.);
#5084=FACE_BOUND('',#4737,.T.);
#5085=FACE_BOUND('',#4738,.T.);
#5086=FACE_BOUND('',#4739,.T.);
#5087=FACE_BOUND('',#4740,.T.);
#5088=CYLINDRICAL_SURFACE('',#5482,0.006);
#5089=CYLINDRICAL_SURFACE('',#5502,0.006);
#5090=CYLINDRICAL_SURFACE('',#5505,0.006);
#5091=CYLINDRICAL_SURFACE('',#5510,0.006);
#5092=CYLINDRICAL_SURFACE('',#5515,0.006);
#5093=CYLINDRICAL_SURFACE('',#5521,0.006);
#5094=CYLINDRICAL_SURFACE('',#5543,0.006);
#5095=CYLINDRICAL_SURFACE('',#5550,0.006);
#5096=CYLINDRICAL_SURFACE('',#5573,0.006);
#5097=CYLINDRICAL_SURFACE('',#5581,0.006);
#5098=CYLINDRICAL_SURFACE('',#5584,0.0015);
#5099=CYLINDRICAL_SURFACE('',#5610,0.0075);
#5100=CYLINDRICAL_SURFACE('',#5611,0.0075);
#5101=CYLINDRICAL_SURFACE('',#5612,0.006);
#5102=CYLINDRICAL_SURFACE('',#5617,0.006);
#5103=CYLINDRICAL_SURFACE('',#5624,0.006);
#5104=CYLINDRICAL_SURFACE('',#5661,0.006);
#5105=CYLINDRICAL_SURFACE('',#5664,0.006);
#5106=CYLINDRICAL_SURFACE('',#5665,0.008);
#5107=CYLINDRICAL_SURFACE('',#5666,0.008);
#5108=CYLINDRICAL_SURFACE('',#5667,0.006);
#5109=CYLINDRICAL_SURFACE('',#5670,0.006);
#5110=CYLINDRICAL_SURFACE('',#5671,0.008);
#5111=CYLINDRICAL_SURFACE('',#5672,0.008);
#5112=CYLINDRICAL_SURFACE('',#5673,0.00063);
#5113=CYLINDRICAL_SURFACE('',#5674,0.00063);
#5114=CYLINDRICAL_SURFACE('',#5675,0.00063);
#5115=CYLINDRICAL_SURFACE('',#5676,0.00063);
#5116=CYLINDRICAL_SURFACE('',#5677,0.00275);
#5117=CYLINDRICAL_SURFACE('',#5681,0.00275);
#5118=CYLINDRICAL_SURFACE('',#5746,0.00475);
#5119=CYLINDRICAL_SURFACE('',#5753,0.0065);
#5120=CYLINDRICAL_SURFACE('',#5754,0.00613827546702941);
#5121=CYLINDRICAL_SURFACE('',#5758,0.00475);
#5122=CYLINDRICAL_SURFACE('',#5767,0.00613827546702941);
#5123=CYLINDRICAL_SURFACE('',#5768,0.0065);
#5124=CYLINDRICAL_SURFACE('',#5774,0.00475);
#5125=CYLINDRICAL_SURFACE('',#5785,0.00613827546702941);
#5126=CYLINDRICAL_SURFACE('',#5786,0.0065);
#5127=CYLINDRICAL_SURFACE('',#5799,0.00613827546702941);
#5128=CYLINDRICAL_SURFACE('',#5802,0.0065);
#5129=CYLINDRICAL_SURFACE('',#5812,0.00613827546702941);
#5130=CYLINDRICAL_SURFACE('',#5815,0.0065);
#5131=CYLINDRICAL_SURFACE('',#5825,0.00613827546702941);
#5132=CYLINDRICAL_SURFACE('',#5828,0.0065);
#5133=CYLINDRICAL_SURFACE('',#5842,0.00475);
#5134=CYLINDRICAL_SURFACE('',#5847,0.00475);
#5135=CYLINDRICAL_SURFACE('',#5848,0.00475);
#5136=CYLINDRICAL_SURFACE('',#5853,0.00125);
#5137=CYLINDRICAL_SURFACE('',#5855,0.00125);
#5138=CYLINDRICAL_SURFACE('',#5857,0.00125);
#5139=CYLINDRICAL_SURFACE('',#5859,0.00125);
#5140=CYLINDRICAL_SURFACE('',#5861,0.00125);
#5141=CYLINDRICAL_SURFACE('',#5863,0.00125);
#5142=CYLINDRICAL_SURFACE('',#5871,0.0015);
#5143=CYLINDRICAL_SURFACE('',#5873,0.0015);
#5144=CYLINDRICAL_SURFACE('',#5876,0.0015);
#5145=CYLINDRICAL_SURFACE('',#5878,0.0015);
#5146=CYLINDRICAL_SURFACE('',#5880,0.0015);
#5147=CYLINDRICAL_SURFACE('',#5883,0.0015);
#5148=CYLINDRICAL_SURFACE('',#5885,0.0015);
#5149=CYLINDRICAL_SURFACE('',#5890,0.0015);
#5150=CYLINDRICAL_SURFACE('',#5893,0.0015);
#5151=CYLINDRICAL_SURFACE('',#5899,0.0015);
#5152=CYLINDRICAL_SURFACE('',#5905,0.0015);
#5153=CYLINDRICAL_SURFACE('',#5906,0.00075);
#5154=CYLINDRICAL_SURFACE('',#5913,0.00075);
#5155=CYLINDRICAL_SURFACE('',#5915,0.00075);
#5156=CYLINDRICAL_SURFACE('',#5919,0.00075);
#5157=CYLINDRICAL_SURFACE('',#5920,0.00075);
#5158=CYLINDRICAL_SURFACE('',#5923,0.00145);
#5159=CYLINDRICAL_SURFACE('',#5924,0.00145);
#5160=CYLINDRICAL_SURFACE('',#5925,0.00215);
#5161=CYLINDRICAL_SURFACE('',#5937,0.00125);
#5162=CYLINDRICAL_SURFACE('',#5939,0.00125);
#5163=CYLINDRICAL_SURFACE('',#5943,0.00215);
#5164=CYLINDRICAL_SURFACE('',#5957,0.00125);
#5165=CYLINDRICAL_SURFACE('',#5960,0.00125);
#5166=CYLINDRICAL_SURFACE('',#5961,0.00215);
#5167=CYLINDRICAL_SURFACE('',#5975,0.00125);
#5168=CYLINDRICAL_SURFACE('',#5978,0.00125);
#5169=CYLINDRICAL_SURFACE('',#6003,0.00853969839937458);
#5170=CYLINDRICAL_SURFACE('',#6004,0.003);
#5171=CYLINDRICAL_SURFACE('',#6013,0.003);
#5172=ADVANCED_FACE('',(#4741),#5088,.T.);
#5173=ADVANCED_FACE('',(#4742),#48,.F.);
#5174=ADVANCED_FACE('',(#4743),#49,.F.);
#5175=ADVANCED_FACE('',(#4744),#5089,.T.);
#5176=ADVANCED_FACE('',(#4745),#5090,.T.);
#5177=ADVANCED_FACE('',(#4746),#50,.F.);
#5178=ADVANCED_FACE('',(#4747),#51,.F.);
#5179=ADVANCED_FACE('',(#4748),#5091,.T.);
#5180=ADVANCED_FACE('',(#4749),#52,.F.);
#5181=ADVANCED_FACE('',(#4750),#53,.F.);
#5182=ADVANCED_FACE('',(#4751),#5092,.T.);
#5183=ADVANCED_FACE('',(#4752),#54,.T.);
#5184=ADVANCED_FACE('',(#4753),#5093,.T.);
#5185=ADVANCED_FACE('',(#4754),#55,.F.);
#5186=ADVANCED_FACE('',(#4755),#56,.F.);
#5187=ADVANCED_FACE('',(#4756),#5094,.T.);
#5188=ADVANCED_FACE('',(#4757),#5095,.T.);
#5189=ADVANCED_FACE('',(#4758),#57,.T.);
#5190=ADVANCED_FACE('',(#4759),#58,.F.);
#5191=ADVANCED_FACE('',(#4760),#59,.F.);
#5192=ADVANCED_FACE('',(#4761),#60,.F.);
#5193=ADVANCED_FACE('',(#4762),#61,.F.);
#5194=ADVANCED_FACE('',(#4763),#62,.F.);
#5195=ADVANCED_FACE('',(#4764),#63,.F.);
#5196=ADVANCED_FACE('',(#4765),#5096,.T.);
#5197=ADVANCED_FACE('',(#4766),#64,.F.);
#5198=ADVANCED_FACE('',(#4767),#65,.T.);
#5199=ADVANCED_FACE('',(#4768),#5097,.T.);
#5200=ADVANCED_FACE('',(#4769),#5098,.F.);
#5201=ADVANCED_FACE('',(#4770),#66,.T.);
#5202=ADVANCED_FACE('',(#4771),#67,.F.);
#5203=ADVANCED_FACE('',(#4772),#68,.F.);
#5204=ADVANCED_FACE('',(#4773),#69,.T.);
#5205=ADVANCED_FACE('',(#4774),#70,.F.);
#5206=ADVANCED_FACE('',(#4775,#4776),#71,.F.);
#5207=ADVANCED_FACE('',(#4777,#4778),#72,.T.);
#5208=ADVANCED_FACE('',(#4779),#73,.T.);
#5209=ADVANCED_FACE('',(#4780),#5099,.T.);
#5210=ADVANCED_FACE('',(#4781),#5100,.T.);
#5211=ADVANCED_FACE('',(#4782),#5101,.T.);
#5212=ADVANCED_FACE('',(#4783),#40,.T.);
#5213=ADVANCED_FACE('',(#4784),#41,.T.);
#5214=ADVANCED_FACE('',(#4785),#5102,.T.);
#5215=ADVANCED_FACE('',(#4786),#42,.T.);
#5216=ADVANCED_FACE('',(#4787),#43,.T.);
#5217=ADVANCED_FACE('',(#4788),#5103,.T.);
#5218=ADVANCED_FACE('',(#4789),#74,.F.);
#5219=ADVANCED_FACE('',(#4790),#75,.F.);
#5220=ADVANCED_FACE('',(#4791),#76,.T.);
#5221=ADVANCED_FACE('',(#4792),#77,.F.);
#5222=ADVANCED_FACE('',(#4793),#78,.T.);
#5223=ADVANCED_FACE('',(#4794),#79,.F.);
#5224=ADVANCED_FACE('',(#4795),#80,.F.);
#5225=ADVANCED_FACE('',(#4796),#81,.T.);
#5226=ADVANCED_FACE('',(#4797),#82,.T.);
#5227=ADVANCED_FACE('',(#4798),#83,.F.);
#5228=ADVANCED_FACE('',(#4799),#84,.F.);
#5229=ADVANCED_FACE('',(#4800),#85,.T.);
#5230=ADVANCED_FACE('',(#4801),#86,.T.);
#5231=ADVANCED_FACE('',(#4802),#87,.T.);
#5232=ADVANCED_FACE('',(#4803),#5104,.F.);
#5233=ADVANCED_FACE('',(#4804),#88,.T.);
#5234=ADVANCED_FACE('',(#4805),#5105,.F.);
#5235=ADVANCED_FACE('',(#4806),#5106,.T.);
#5236=ADVANCED_FACE('',(#4807),#5107,.T.);
#5237=ADVANCED_FACE('',(#4808),#5108,.F.);
#5238=ADVANCED_FACE('',(#4809),#89,.T.);
#5239=ADVANCED_FACE('',(#4810),#5109,.F.);
#5240=ADVANCED_FACE('',(#4811),#5110,.T.);
#5241=ADVANCED_FACE('',(#4812),#5111,.T.);
#5242=ADVANCED_FACE('',(#4813),#24,.T.);
#5243=ADVANCED_FACE('',(#4814),#5112,.T.);
#5244=ADVANCED_FACE('',(#4815),#25,.T.);
#5245=ADVANCED_FACE('',(#4816),#5113,.T.);
#5246=ADVANCED_FACE('',(#4817),#26,.T.);
#5247=ADVANCED_FACE('',(#4818),#5114,.T.);
#5248=ADVANCED_FACE('',(#4819),#27,.T.);
#5249=ADVANCED_FACE('',(#4820),#5115,.T.);
#5250=ADVANCED_FACE('',(#4821,#4822),#5116,.F.);
#5251=ADVANCED_FACE('',(#4823,#4824),#5117,.F.);
#5252=ADVANCED_FACE('',(#4825),#28,.T.);
#5253=ADVANCED_FACE('',(#4826),#12,.T.);
#5254=ADVANCED_FACE('',(#4827),#13,.T.);
#5255=ADVANCED_FACE('',(#4828),#29,.T.);
#5256=ADVANCED_FACE('',(#4829,#4830),#14,.T.);
#5257=ADVANCED_FACE('',(#4831),#30,.T.);
#5258=ADVANCED_FACE('',(#4832),#15,.T.);
#5259=ADVANCED_FACE('',(#4833),#16,.T.);
#5260=ADVANCED_FACE('',(#4834),#31,.T.);
#5261=ADVANCED_FACE('',(#4835,#4836),#17,.T.);
#5262=ADVANCED_FACE('',(#4837,#4838,#4839,#4840,#4841,#4842,#4843,#4844,
#4845,#4846),#90,.F.);
#5263=ADVANCED_FACE('',(#4847,#4848,#4849,#4850),#91,.T.);
#5264=ADVANCED_FACE('',(#4851),#92,.F.);
#5265=ADVANCED_FACE('',(#4852),#93,.F.);
#5266=ADVANCED_FACE('',(#4853),#94,.F.);
#5267=ADVANCED_FACE('',(#4854),#95,.F.);
#5268=ADVANCED_FACE('',(#4855),#96,.T.);
#5269=ADVANCED_FACE('',(#4856),#97,.F.);
#5270=ADVANCED_FACE('',(#4857),#98,.T.);
#5271=ADVANCED_FACE('',(#4858),#99,.F.);
#5272=ADVANCED_FACE('',(#4859),#100,.T.);
#5273=ADVANCED_FACE('',(#4860),#101,.F.);
#5274=ADVANCED_FACE('',(#4861),#5118,.F.);
#5275=ADVANCED_FACE('',(#4862),#102,.T.);
#5276=ADVANCED_FACE('',(#4863),#103,.F.);
#5277=ADVANCED_FACE('',(#4864),#104,.T.);
#5278=ADVANCED_FACE('',(#4865),#105,.F.);
#5279=ADVANCED_FACE('',(#4866),#106,.F.);
#5280=ADVANCED_FACE('',(#4867),#5119,.F.);
#5281=ADVANCED_FACE('',(#4868),#5120,.F.);
#5282=ADVANCED_FACE('',(#4869),#107,.T.);
#5283=ADVANCED_FACE('',(#4870),#108,.F.);
#5284=ADVANCED_FACE('',(#4871),#5121,.F.);
#5285=ADVANCED_FACE('',(#4872),#109,.F.);
#5286=ADVANCED_FACE('',(#4873),#110,.T.);
#5287=ADVANCED_FACE('',(#4874),#111,.F.);
#5288=ADVANCED_FACE('',(#4875),#112,.T.);
#5289=ADVANCED_FACE('',(#4876),#113,.F.);
#5290=ADVANCED_FACE('',(#4877),#114,.T.);
#5291=ADVANCED_FACE('',(#4878),#5122,.F.);
#5292=ADVANCED_FACE('',(#4879),#5123,.F.);
#5293=ADVANCED_FACE('',(#4880),#115,.F.);
#5294=ADVANCED_FACE('',(#4881),#116,.F.);
#5295=ADVANCED_FACE('',(#4882),#117,.T.);
#5296=ADVANCED_FACE('',(#4883),#118,.F.);
#5297=ADVANCED_FACE('',(#4884),#5124,.F.);
#5298=ADVANCED_FACE('',(#4885),#119,.F.);
#5299=ADVANCED_FACE('',(#4886),#120,.T.);
#5300=ADVANCED_FACE('',(#4887),#121,.F.);
#5301=ADVANCED_FACE('',(#4888),#122,.T.);
#5302=ADVANCED_FACE('',(#4889),#123,.F.);
#5303=ADVANCED_FACE('',(#4890),#124,.T.);
#5304=ADVANCED_FACE('',(#4891),#125,.T.);
#5305=ADVANCED_FACE('',(#4892),#5125,.F.);
#5306=ADVANCED_FACE('',(#4893),#5126,.F.);
#5307=ADVANCED_FACE('',(#4894),#126,.F.);
#5308=ADVANCED_FACE('',(#4895),#127,.F.);
#5309=ADVANCED_FACE('',(#4896),#128,.F.);
#5310=ADVANCED_FACE('',(#4897),#129,.F.);
#5311=ADVANCED_FACE('',(#4898),#130,.F.);
#5312=ADVANCED_FACE('',(#4899),#131,.F.);
#5313=ADVANCED_FACE('',(#4900),#132,.F.);
#5314=ADVANCED_FACE('',(#4901),#133,.F.);
#5315=ADVANCED_FACE('',(#4902),#134,.T.);
#5316=ADVANCED_FACE('',(#4903),#135,.T.);
#5317=ADVANCED_FACE('',(#4904),#136,.T.);
#5318=ADVANCED_FACE('',(#4905),#137,.T.);
#5319=ADVANCED_FACE('',(#4906),#5127,.F.);
#5320=ADVANCED_FACE('',(#4907),#5128,.F.);
#5321=ADVANCED_FACE('',(#4908),#138,.T.);
#5322=ADVANCED_FACE('',(#4909),#139,.F.);
#5323=ADVANCED_FACE('',(#4910),#140,.T.);
#5324=ADVANCED_FACE('',(#4911),#141,.T.);
#5325=ADVANCED_FACE('',(#4912),#142,.F.);
#5326=ADVANCED_FACE('',(#4913),#143,.T.);
#5327=ADVANCED_FACE('',(#4914),#144,.F.);
#5328=ADVANCED_FACE('',(#4915),#5129,.F.);
#5329=ADVANCED_FACE('',(#4916),#5130,.F.);
#5330=ADVANCED_FACE('',(#4917),#145,.T.);
#5331=ADVANCED_FACE('',(#4918),#146,.F.);
#5332=ADVANCED_FACE('',(#4919),#147,.T.);
#5333=ADVANCED_FACE('',(#4920),#148,.T.);
#5334=ADVANCED_FACE('',(#4921),#149,.F.);
#5335=ADVANCED_FACE('',(#4922),#150,.T.);
#5336=ADVANCED_FACE('',(#4923),#151,.F.);
#5337=ADVANCED_FACE('',(#4924),#5131,.F.);
#5338=ADVANCED_FACE('',(#4925),#5132,.F.);
#5339=ADVANCED_FACE('',(#4926),#152,.T.);
#5340=ADVANCED_FACE('',(#4927),#153,.F.);
#5341=ADVANCED_FACE('',(#4928),#154,.T.);
#5342=ADVANCED_FACE('',(#4929),#155,.T.);
#5343=ADVANCED_FACE('',(#4930),#156,.F.);
#5344=ADVANCED_FACE('',(#4931),#157,.T.);
#5345=ADVANCED_FACE('',(#4932),#158,.F.);
#5346=ADVANCED_FACE('',(#4933),#159,.T.);
#5347=ADVANCED_FACE('',(#4934),#160,.F.);
#5348=ADVANCED_FACE('',(#4935),#5133,.F.);
#5349=ADVANCED_FACE('',(#4936),#161,.T.);
#5350=ADVANCED_FACE('',(#4937),#162,.F.);
#5351=ADVANCED_FACE('',(#4938),#5134,.F.);
#5352=ADVANCED_FACE('',(#4939),#5135,.F.);
#5353=ADVANCED_FACE('',(#4940),#163,.T.);
#5354=ADVANCED_FACE('',(#4941),#164,.F.);
#5355=ADVANCED_FACE('',(#4942,#4943),#5136,.F.);
#5356=ADVANCED_FACE('',(#4944,#4945),#5137,.F.);
#5357=ADVANCED_FACE('',(#4946,#4947),#5138,.F.);
#5358=ADVANCED_FACE('',(#4948,#4949),#5139,.F.);
#5359=ADVANCED_FACE('',(#4950,#4951),#5140,.F.);
#5360=ADVANCED_FACE('',(#4952,#4953),#5141,.F.);
#5361=ADVANCED_FACE('',(#4954),#165,.T.);
#5362=ADVANCED_FACE('',(#4955),#166,.T.);
#5363=ADVANCED_FACE('',(#4956),#167,.T.);
#5364=ADVANCED_FACE('',(#4957),#168,.F.);
#5365=ADVANCED_FACE('',(#4958),#169,.F.);
#5366=ADVANCED_FACE('',(#4959),#170,.F.);
#5367=ADVANCED_FACE('',(#4960),#5142,.T.);
#5368=ADVANCED_FACE('',(#4961),#5143,.T.);
#5369=ADVANCED_FACE('',(#4962),#5144,.T.);
#5370=ADVANCED_FACE('',(#4963),#5145,.T.);
#5371=ADVANCED_FACE('',(#4964),#5146,.T.);
#5372=ADVANCED_FACE('',(#4965),#5147,.T.);
#5373=ADVANCED_FACE('',(#4966),#5148,.F.);
#5374=ADVANCED_FACE('',(#4967),#44,.T.);
#5375=ADVANCED_FACE('',(#4968),#5149,.T.);
#5376=ADVANCED_FACE('',(#4969),#45,.T.);
#5377=ADVANCED_FACE('',(#4970),#5150,.T.);
#5378=ADVANCED_FACE('',(#4971),#46,.T.);
#5379=ADVANCED_FACE('',(#4972),#18,.T.);
#5380=ADVANCED_FACE('',(#4973),#32,.T.);
#5381=ADVANCED_FACE('',(#4974),#5151,.T.);
#5382=ADVANCED_FACE('',(#4975),#47,.T.);
#5383=ADVANCED_FACE('',(#4976),#19,.T.);
#5384=ADVANCED_FACE('',(#4977),#33,.T.);
#5385=ADVANCED_FACE('',(#4978),#5152,.T.);
#5386=ADVANCED_FACE('',(#4979),#5153,.F.);
#5387=ADVANCED_FACE('',(#4980,#4981),#20,.F.);
#5388=ADVANCED_FACE('',(#4982,#4983),#21,.F.);
#5389=ADVANCED_FACE('',(#4984,#4985),#5154,.F.);
#5390=ADVANCED_FACE('',(#4986,#4987),#5155,.F.);
#5391=ADVANCED_FACE('',(#4988,#4989),#22,.F.);
#5392=ADVANCED_FACE('',(#4990,#4991),#5156,.F.);
#5393=ADVANCED_FACE('',(#4992,#4993),#5157,.F.);
#5394=ADVANCED_FACE('',(#4994,#4995),#23,.F.);
#5395=ADVANCED_FACE('',(#4996),#5158,.F.);
#5396=ADVANCED_FACE('',(#4997),#5159,.F.);
#5397=ADVANCED_FACE('',(#4998,#4999),#5160,.F.);
#5398=ADVANCED_FACE('',(#5000),#171,.T.);
#5399=ADVANCED_FACE('',(#5001),#172,.T.);
#5400=ADVANCED_FACE('',(#5002),#173,.T.);
#5401=ADVANCED_FACE('',(#5003),#174,.T.);
#5402=ADVANCED_FACE('',(#5004),#175,.T.);
#5403=ADVANCED_FACE('',(#5005),#176,.T.);
#5404=ADVANCED_FACE('',(#5006,#5007),#177,.F.);
#5405=ADVANCED_FACE('',(#5008,#5009),#178,.T.);
#5406=ADVANCED_FACE('',(#5010,#5011),#5161,.F.);
#5407=ADVANCED_FACE('',(#5012,#5013),#5162,.F.);
#5408=ADVANCED_FACE('',(#5014),#179,.F.);
#5409=ADVANCED_FACE('',(#5015,#5016),#180,.F.);
#5410=ADVANCED_FACE('',(#5017,#5018),#5163,.F.);
#5411=ADVANCED_FACE('',(#5019),#181,.T.);
#5412=ADVANCED_FACE('',(#5020),#182,.T.);
#5413=ADVANCED_FACE('',(#5021),#183,.T.);
#5414=ADVANCED_FACE('',(#5022),#184,.T.);
#5415=ADVANCED_FACE('',(#5023),#185,.T.);
#5416=ADVANCED_FACE('',(#5024),#186,.T.);
#5417=ADVANCED_FACE('',(#5025,#5026),#187,.F.);
#5418=ADVANCED_FACE('',(#5027,#5028),#188,.T.);
#5419=ADVANCED_FACE('',(#5029),#189,.F.);
#5420=ADVANCED_FACE('',(#5030,#5031),#5164,.F.);
#5421=ADVANCED_FACE('',(#5032,#5033),#190,.F.);
#5422=ADVANCED_FACE('',(#5034,#5035),#5165,.F.);
#5423=ADVANCED_FACE('',(#5036,#5037),#5166,.F.);
#5424=ADVANCED_FACE('',(#5038),#191,.T.);
#5425=ADVANCED_FACE('',(#5039),#192,.T.);
#5426=ADVANCED_FACE('',(#5040),#193,.T.);
#5427=ADVANCED_FACE('',(#5041),#194,.T.);
#5428=ADVANCED_FACE('',(#5042),#195,.T.);
#5429=ADVANCED_FACE('',(#5043),#196,.T.);
#5430=ADVANCED_FACE('',(#5044,#5045),#197,.F.);
#5431=ADVANCED_FACE('',(#5046,#5047),#198,.T.);
#5432=ADVANCED_FACE('',(#5048),#199,.F.);
#5433=ADVANCED_FACE('',(#5049,#5050),#5167,.F.);
#5434=ADVANCED_FACE('',(#5051,#5052),#200,.F.);
#5435=ADVANCED_FACE('',(#5053,#5054),#5168,.F.);
#5436=ADVANCED_FACE('',(#5055),#201,.T.);
#5437=ADVANCED_FACE('',(#5056),#202,.T.);
#5438=ADVANCED_FACE('',(#5057),#203,.T.);
#5439=ADVANCED_FACE('',(#5058),#204,.F.);
#5440=ADVANCED_FACE('',(#5059),#205,.F.);
#5441=ADVANCED_FACE('',(#5060),#206,.F.);
#5442=ADVANCED_FACE('',(#5061),#207,.T.);
#5443=ADVANCED_FACE('',(#5062),#208,.T.);
#5444=ADVANCED_FACE('',(#5063),#209,.T.);
#5445=ADVANCED_FACE('',(#5064),#210,.T.);
#5446=ADVANCED_FACE('',(#5065),#211,.F.);
#5447=ADVANCED_FACE('',(#5066),#212,.T.);
#5448=ADVANCED_FACE('',(#5067),#213,.F.);
#5449=ADVANCED_FACE('',(#5068),#214,.F.);
#5450=ADVANCED_FACE('',(#5069),#215,.F.);
#5451=ADVANCED_FACE('',(#5070),#216,.T.);
#5452=ADVANCED_FACE('',(#5071),#217,.T.);
#5453=ADVANCED_FACE('',(#5072),#218,.F.);
#5454=ADVANCED_FACE('',(#5073),#219,.F.);
#5455=ADVANCED_FACE('',(#5074),#220,.T.);
#5456=ADVANCED_FACE('',(#5075),#221,.T.);
#5457=ADVANCED_FACE('',(#5076),#222,.T.);
#5458=ADVANCED_FACE('',(#5077),#223,.F.);
#5459=ADVANCED_FACE('',(#5078),#224,.F.);
#5460=ADVANCED_FACE('',(#5079),#5169,.F.);
#5461=ADVANCED_FACE('',(#5080),#5170,.T.);
#5462=ADVANCED_FACE('',(#5081),#34,.T.);
#5463=ADVANCED_FACE('',(#5082),#35,.T.);
#5464=ADVANCED_FACE('',(#5083),#36,.T.);
#5465=ADVANCED_FACE('',(#5084),#37,.T.);
#5466=ADVANCED_FACE('',(#5085),#38,.T.);
#5467=ADVANCED_FACE('',(#5086),#39,.T.);
#5468=ADVANCED_FACE('',(#5087),#5171,.T.);
#5469=CLOSED_SHELL('',(#5172,#5173,#5174,#5175,#5176,#5177,#5178,#5179,
#5180,#5181,#5182,#5183,#5184,#5185,#5186,#5187,#5188,#5189,#5190,#5191,
#5192,#5193,#5194,#5195,#5196,#5197,#5198,#5199,#5200,#5201,#5202,#5203,
#5204,#5205,#5206,#5207,#5208,#5209,#5210,#5211,#5212,#5213,#5214,#5215,
#5216,#5217,#5218,#5219,#5220,#5221,#5222,#5223,#5224,#5225,#5226,#5227,
#5228,#5229,#5230,#5231,#5232,#5233,#5234,#5235,#5236,#5237,#5238,#5239,
#5240,#5241,#5242,#5243,#5244,#5245,#5246,#5247,#5248,#5249,#5250,#5251,
#5252,#5253,#5254,#5255,#5256,#5257,#5258,#5259,#5260,#5261,#5262,#5263,
#5264,#5265,#5266,#5267,#5268,#5269,#5270,#5271,#5272,#5273,#5274,#5275,
#5276,#5277,#5278,#5279,#5280,#5281,#5282,#5283,#5284,#5285,#5286,#5287,
#5288,#5289,#5290,#5291,#5292,#5293,#5294,#5295,#5296,#5297,#5298,#5299,
#5300,#5301,#5302,#5303,#5304,#5305,#5306,#5307,#5308,#5309,#5310,#5311,
#5312,#5313,#5314,#5315,#5316,#5317,#5318,#5319,#5320,#5321,#5322,#5323,
#5324,#5325,#5326,#5327,#5328,#5329,#5330,#5331,#5332,#5333,#5334,#5335,
#5336,#5337,#5338,#5339,#5340,#5341,#5342,#5343,#5344,#5345,#5346,#5347,
#5348,#5349,#5350,#5351,#5352,#5353,#5354,#5355,#5356,#5357,#5358,#5359,
#5360,#5361,#5362,#5363,#5364,#5365,#5366,#5367,#5368,#5369,#5370,#5371,
#5372,#5373,#5374,#5375,#5376,#5377,#5378,#5379,#5380,#5381,#5382,#5383,
#5384,#5385,#5386,#5387,#5388,#5389,#5390,#5391,#5392,#5393,#5394,#5395,
#5396,#5397,#5398,#5399,#5400,#5401,#5402,#5403,#5404,#5405,#5406,#5407,
#5408,#5409,#5410,#5411,#5412,#5413,#5414,#5415,#5416,#5417,#5418,#5419,
#5420,#5421,#5422,#5423,#5424,#5425,#5426,#5427,#5428,#5429,#5430,#5431,
#5432,#5433,#5434,#5435,#5436,#5437,#5438,#5439,#5440,#5441,#5442,#5443,
#5444,#5445,#5446,#5447,#5448,#5449,#5450,#5451,#5452,#5453,#5454,#5455,
#5456,#5457,#5458,#5459,#5460,#5461,#5462,#5463,#5464,#5465,#5466,#5467,
#5468));
#5470=STYLED_ITEM('',(#5471),#5478);
#5471=PRESENTATION_STYLE_ASSIGNMENT((#5472));
#5472=SURFACE_STYLE_USAGE(.BOTH.,#5473);
#5473=SURFACE_SIDE_STYLE('',(#5474));
#5474=SURFACE_STYLE_FILL_AREA(#5475);
#5475=FILL_AREA_STYLE('',(#5476));
#5476=FILL_AREA_STYLE_COLOUR('',#5477);
#5477=COLOUR_RGB('',0.796078431372549,0.823529411764706,0.937254901960784);
#5478=MANIFOLD_SOLID_BREP(
'Base Bone 1.2_V02_pointerfinger_and_thumb_attachment',#5469);
#5479=SHAPE_DEFINITION_REPRESENTATION(#9755,#5480);
#5480=SHAPE_REPRESENTATION(
'Base Bone 1.2_V02_pointerfinger_and_thumb_attachment',(#5481),#9750);
#5481=AXIS2_PLACEMENT_3D('',#7556,#6014,#6015);
#5482=AXIS2_PLACEMENT_3D('',#7557,#6016,#6017);
#5483=AXIS2_PLACEMENT_3D('',#7558,#6018,#6019);
#5484=AXIS2_PLACEMENT_3D('',#7563,#6021,#6022);
#5485=AXIS2_PLACEMENT_3D('',#7567,#6024,#6025);
#5486=AXIS2_PLACEMENT_3D('',#7571,#6027,#6028);
#5487=AXIS2_PLACEMENT_3D('',#7575,#6030,#6031);
#5488=AXIS2_PLACEMENT_3D('',#7577,#6032,#6033);
#5489=AXIS2_PLACEMENT_3D('',#7581,#6035,#6036);
#5490=AXIS2_PLACEMENT_3D('',#7585,#6038,#6039);
#5491=AXIS2_PLACEMENT_3D('',#7589,#6041,#6042);
#5492=AXIS2_PLACEMENT_3D('',#7593,#6044,#6045);
#5493=AXIS2_PLACEMENT_3D('',#7595,#6046,#6047);
#5494=AXIS2_PLACEMENT_3D('',#7599,#6049,#6050);
#5495=AXIS2_PLACEMENT_3D('',#7603,#6052,#6053);
#5496=AXIS2_PLACEMENT_3D('',#7607,#6055,#6056);
#5497=AXIS2_PLACEMENT_3D('',#7611,#6058,#6059);
#5498=AXIS2_PLACEMENT_3D('',#7640,#6064,#6065);
#5499=AXIS2_PLACEMENT_3D('',#7643,#6067,#6068);
#5500=AXIS2_PLACEMENT_3D('',#7649,#6072,#6073);
#5501=AXIS2_PLACEMENT_3D('',#7652,#6075,#6076);
#5502=AXIS2_PLACEMENT_3D('',#7655,#6078,#6079);
#5503=AXIS2_PLACEMENT_3D('',#7659,#6081,#6082);
#5504=AXIS2_PLACEMENT_3D('',#7663,#6084,#6085);
#5505=AXIS2_PLACEMENT_3D('',#7664,#6086,#6087);
#5506=AXIS2_PLACEMENT_3D('',#7665,#6088,#6089);
#5507=AXIS2_PLACEMENT_3D('',#7670,#6091,#6092);
#5508=AXIS2_PLACEMENT_3D('',#7671,#6093,#6094);
#5509=AXIS2_PLACEMENT_3D('',#7677,#6098,#6099);
#5510=AXIS2_PLACEMENT_3D('',#7680,#6102,#6103);
#5511=AXIS2_PLACEMENT_3D('',#7681,#6104,#6105);
#5512=AXIS2_PLACEMENT_3D('',#7686,#6107,#6108);
#5513=AXIS2_PLACEMENT_3D('',#7687,#6109,#6110);
#5514=AXIS2_PLACEMENT_3D('',#7690,#6113,#6114);
#5515=AXIS2_PLACEMENT_3D('',#7696,#6118,#6119);
#5516=AXIS2_PLACEMENT_3D('',#7700,#6121,#6122);
#5517=AXIS2_PLACEMENT_3D('',#7704,#6124,#6125);
#5518=AXIS2_PLACEMENT_3D('',#7705,#6126,#6127);
#5519=AXIS2_PLACEMENT_3D('',#7706,#6128,#6129);
#5520=AXIS2_PLACEMENT_3D('',#7716,#6134,#6135);
#5521=AXIS2_PLACEMENT_3D('',#7721,#6138,#6139);
#5522=AXIS2_PLACEMENT_3D('',#7733,#6141,#6142);
#5523=AXIS2_PLACEMENT_3D('',#7737,#6144,#6145);
#5524=AXIS2_PLACEMENT_3D('',#7741,#6147,#6148);
#5525=AXIS2_PLACEMENT_3D('',#7742,#6149,#6150);
#5526=AXIS2_PLACEMENT_3D('',#7746,#6152,#6153);
#5527=AXIS2_PLACEMENT_3D('',#7760,#6156,#6157);
#5528=AXIS2_PLACEMENT_3D('',#7765,#6160,#6161);
#5529=AXIS2_PLACEMENT_3D('',#7766,#6162,#6163);
#5530=AXIS2_PLACEMENT_3D('',#7770,#6165,#6166);
#5531=AXIS2_PLACEMENT_3D('',#7784,#6169,#6170);
#5532=AXIS2_PLACEMENT_3D('',#7788,#6172,#6173);
#5533=AXIS2_PLACEMENT_3D('',#7792,#6175,#6176);
#5534=AXIS2_PLACEMENT_3D('',#7793,#6177,#6178);
#5535=AXIS2_PLACEMENT_3D('',#7797,#6180,#6181);
#5536=AXIS2_PLACEMENT_3D('',#7811,#6184,#6185);
#5537=AXIS2_PLACEMENT_3D('',#7815,#6187,#6188);
#5538=AXIS2_PLACEMENT_3D('',#7817,#6189,#6190);
#5539=AXIS2_PLACEMENT_3D('',#7847,#6196,#6197);
#5540=AXIS2_PLACEMENT_3D('',#7848,#6198,#6199);
#5541=AXIS2_PLACEMENT_3D('',#7867,#6204,#6205);
#5542=AXIS2_PLACEMENT_3D('',#7883,#6208,#6209);
#5543=AXIS2_PLACEMENT_3D('',#7886,#6211,#6212);
#5544=AXIS2_PLACEMENT_3D('',#7887,#6213,#6214);
#5545=AXIS2_PLACEMENT_3D('',#7900,#6216,#6217);
#5546=AXIS2_PLACEMENT_3D('',#7939,#6223,#6224);
#5547=AXIS2_PLACEMENT_3D('',#7953,#6225,#6226);
#5548=AXIS2_PLACEMENT_3D('',#7967,#6227,#6228);
#5549=AXIS2_PLACEMENT_3D('',#7981,#6229,#6230);
#5550=AXIS2_PLACEMENT_3D('',#7984,#6232,#6233);
#5551=AXIS2_PLACEMENT_3D('',#8019,#6237,#6238);
#5552=AXIS2_PLACEMENT_3D('',#8023,#6240,#6241);
#5553=AXIS2_PLACEMENT_3D('',#8027,#6243,#6244);
#5554=AXIS2_PLACEMENT_3D('',#8043,#6245,#6246);
#5555=AXIS2_PLACEMENT_3D('',#8059,#6247,#6248);
#5556=AXIS2_PLACEMENT_3D('',#8075,#6249,#6250);
#5557=AXIS2_PLACEMENT_3D('',#8076,#6251,#6252);
#5558=AXIS2_PLACEMENT_3D('',#8080,#6254,#6255);
#5559=AXIS2_PLACEMENT_3D('',#8084,#6257,#6258);
#5560=AXIS2_PLACEMENT_3D('',#8097,#6262,#6263);
#5561=AXIS2_PLACEMENT_3D('',#8098,#6264,#6265);
#5562=AXIS2_PLACEMENT_3D('',#8099,#6266,#6267);
#5563=AXIS2_PLACEMENT_3D('',#8104,#6269,#6270);
#5564=AXIS2_PLACEMENT_3D('',#8117,#6274,#6275);
#5565=AXIS2_PLACEMENT_3D('',#8120,#6277,#6278);
#5566=AXIS2_PLACEMENT_3D('',#8123,#6281,#6282);
#5567=AXIS2_PLACEMENT_3D('',#8126,#6285,#6286);
#5568=AXIS2_PLACEMENT_3D('',#8127,#6287,#6288);
#5569=AXIS2_PLACEMENT_3D('',#8129,#6290,#6291);
#5570=AXIS2_PLACEMENT_3D('',#8131,#6293,#6294);
#5571=AXIS2_PLACEMENT_3D('',#8137,#6298,#6299);
#5572=AXIS2_PLACEMENT_3D('',#8138,#6300,#6301);
#5573=AXIS2_PLACEMENT_3D('',#8141,#6304,#6305);
#5574=AXIS2_PLACEMENT_3D('',#8142,#6306,#6307);
#5575=AXIS2_PLACEMENT_3D('',#8144,#6308,#6309);
#5576=AXIS2_PLACEMENT_3D('',#8146,#6310,#6311);
#5577=AXIS2_PLACEMENT_3D('',#8147,#6312,#6313);
#5578=AXIS2_PLACEMENT_3D('',#8160,#6320,#6321);
#5579=AXIS2_PLACEMENT_3D('',#8164,#6323,#6324);
#5580=AXIS2_PLACEMENT_3D('',#8170,#6328,#6329);
#5581=AXIS2_PLACEMENT_3D('',#8187,#6338,#6339);
#5582=AXIS2_PLACEMENT_3D('',#8188,#6340,#6341);
#5583=AXIS2_PLACEMENT_3D('',#8189,#6342,#6343);
#5584=AXIS2_PLACEMENT_3D('',#8190,#6344,#6345);
#5585=AXIS2_PLACEMENT_3D('',#8191,#6346,#6347);
#5586=AXIS2_PLACEMENT_3D('',#8194,#6348,#6349);
#5587=AXIS2_PLACEMENT_3D('',#8196,#6350,#6351);
#5588=AXIS2_PLACEMENT_3D('',#8197,#6352,#6353);
#5589=AXIS2_PLACEMENT_3D('',#8201,#6356,#6357);
#5590=AXIS2_PLACEMENT_3D('',#8221,#6369,#6370);
#5591=AXIS2_PLACEMENT_3D('',#8222,#6371,#6372);
#5592=AXIS2_PLACEMENT_3D('',#8223,#6373,#6374);
#5593=AXIS2_PLACEMENT_3D('',#8224,#6375,#6376);
#5594=AXIS2_PLACEMENT_3D('',#8239,#6381,#6382);
#5595=AXIS2_PLACEMENT_3D('',#8243,#6384,#6385);
#5596=AXIS2_PLACEMENT_3D('',#8251,#6387,#6388);
#5597=AXIS2_PLACEMENT_3D('',#8252,#6389,#6390);
#5598=AXIS2_PLACEMENT_3D('',#8253,#6391,#6392);
#5599=AXIS2_PLACEMENT_3D('',#8254,#6393,#6394);
#5600=AXIS2_PLACEMENT_3D('',#8255,#6395,#6396);
#5601=AXIS2_PLACEMENT_3D('',#8257,#6397,#6398);
#5602=AXIS2_PLACEMENT_3D('',#8261,#6400,#6401);
#5603=AXIS2_PLACEMENT_3D('',#8262,#6402,#6403);
#5604=AXIS2_PLACEMENT_3D('',#8263,#6404,#6405);
#5605=AXIS2_PLACEMENT_3D('',#8264,#6406,#6407);
#5606=AXIS2_PLACEMENT_3D('',#8269,#6409,#6410);
#5607=AXIS2_PLACEMENT_3D('',#8270,#6411,#6412);
#5608=AXIS2_PLACEMENT_3D('',#8271,#6413,#6414);
#5609=AXIS2_PLACEMENT_3D('',#8272,#6415,#6416);
#5610=AXIS2_PLACEMENT_3D('',#8275,#6419,#6420);
#5611=AXIS2_PLACEMENT_3D('',#8276,#6421,#6422);
#5612=AXIS2_PLACEMENT_3D('',#8277,#6423,#6424);
#5613=AXIS2_PLACEMENT_3D('',#8278,#6425,#6426);
#5614=AXIS2_PLACEMENT_3D('',#8287,#6427,#6428);
#5615=AXIS2_PLACEMENT_3D('',#8288,#6429,#6430);
#5616=AXIS2_PLACEMENT_3D('',#8289,#6431,#6432);
#5617=AXIS2_PLACEMENT_3D('',#8294,#6433,#6434);
#5618=AXIS2_PLACEMENT_3D('',#8295,#6435,#6436);
#5619=AXIS2_PLACEMENT_3D('',#8296,#6437,#6438);
#5620=AXIS2_PLACEMENT_3D('',#8297,#6439,#6440);
#5621=AXIS2_PLACEMENT_3D('',#8298,#6441,#6442);
#5622=AXIS2_PLACEMENT_3D('',#8299,#6443,#6444);
#5623=AXIS2_PLACEMENT_3D('',#8300,#6445,#6446);
#5624=AXIS2_PLACEMENT_3D('',#8306,#6447,#6448);
#5625=AXIS2_PLACEMENT_3D('',#8314,#6449,#6450);
#5626=AXIS2_PLACEMENT_3D('',#8329,#6455,#6456);
#5627=AXIS2_PLACEMENT_3D('',#8333,#6458,#6459);
#5628=AXIS2_PLACEMENT_3D('',#8341,#6461,#6462);
#5629=AXIS2_PLACEMENT_3D('',#8342,#6463,#6464);
#5630=AXIS2_PLACEMENT_3D('',#8351,#6469,#6470);
#5631=AXIS2_PLACEMENT_3D('',#8355,#6472,#6473);
#5632=AXIS2_PLACEMENT_3D('',#8356,#6474,#6475);
#5633=AXIS2_PLACEMENT_3D('',#8369,#6479,#6480);
#5634=AXIS2_PLACEMENT_3D('',#8370,#6481,#6482);
#5635=AXIS2_PLACEMENT_3D('',#8371,#6483,#6484);
#5636=AXIS2_PLACEMENT_3D('',#8374,#6486,#6487);
#5637=AXIS2_PLACEMENT_3D('',#8375,#6488,#6489);
#5638=AXIS2_PLACEMENT_3D('',#8376,#6490,#6491);
#5639=AXIS2_PLACEMENT_3D('',#8379,#6493,#6494);
#5640=AXIS2_PLACEMENT_3D('',#8380,#6495,#6496);
#5641=AXIS2_PLACEMENT_3D('',#8381,#6497,#6498);
#5642=AXIS2_PLACEMENT_3D('',#8382,#6499,#6500);
#5643=AXIS2_PLACEMENT_3D('',#8383,#6501,#6502);
#5644=AXIS2_PLACEMENT_3D('',#8384,#6503,#6504);
#5645=AXIS2_PLACEMENT_3D('',#8385,#6505,#6506);
#5646=AXIS2_PLACEMENT_3D('',#8386,#6507,#6508);
#5647=AXIS2_PLACEMENT_3D('',#8390,#6510,#6511);
#5648=AXIS2_PLACEMENT_3D('',#8396,#6515,#6516);
#5649=AXIS2_PLACEMENT_3D('',#8402,#6520,#6521);
#5650=AXIS2_PLACEMENT_3D('',#8403,#6522,#6523);
#5651=AXIS2_PLACEMENT_3D('',#8405,#6524,#6525);
#5652=AXIS2_PLACEMENT_3D('',#8418,#6529,#6530);
#5653=AXIS2_PLACEMENT_3D('',#8421,#6532,#6533);
#5654=AXIS2_PLACEMENT_3D('',#8426,#6537,#6538);
#5655=AXIS2_PLACEMENT_3D('',#8427,#6539,#6540);
#5656=AXIS2_PLACEMENT_3D('',#8428,#6541,#6542);
#5657=AXIS2_PLACEMENT_3D('',#8432,#6545,#6546);
#5658=AXIS2_PLACEMENT_3D('',#8433,#6547,#6548);
#5659=AXIS2_PLACEMENT_3D('',#8435,#6550,#6551);
#5660=AXIS2_PLACEMENT_3D('',#8436,#6552,#6553);
#5661=AXIS2_PLACEMENT_3D('',#8437,#6554,#6555);
#5662=AXIS2_PLACEMENT_3D('',#8445,#6558,#6559);
#5663=AXIS2_PLACEMENT_3D('',#8446,#6560,#6561);
#5664=AXIS2_PLACEMENT_3D('',#8448,#6563,#6564);
#5665=AXIS2_PLACEMENT_3D('',#8455,#6566,#6567);
#5666=AXIS2_PLACEMENT_3D('',#8460,#6568,#6569);
#5667=AXIS2_PLACEMENT_3D('',#8465,#6570,#6571);
#5668=AXIS2_PLACEMENT_3D('',#8473,#6574,#6575);
#5669=AXIS2_PLACEMENT_3D('',#8474,#6576,#6577);
#5670=AXIS2_PLACEMENT_3D('',#8476,#6579,#6580);
#5671=AXIS2_PLACEMENT_3D('',#8483,#6582,#6583);
#5672=AXIS2_PLACEMENT_3D('',#8488,#6584,#6585);
#5673=AXIS2_PLACEMENT_3D('',#8509,#6586,#6587);
#5674=AXIS2_PLACEMENT_3D('',#8526,#6588,#6589);
#5675=AXIS2_PLACEMENT_3D('',#8543,#6590,#6591);
#5676=AXIS2_PLACEMENT_3D('',#8560,#6592,#6593);
#5677=AXIS2_PLACEMENT_3D('',#8561,#6594,#6595);
#5678=AXIS2_PLACEMENT_3D('',#8562,#6596,#6597);
#5679=AXIS2_PLACEMENT_3D('',#8573,#6598,#6599);
#5680=AXIS2_PLACEMENT_3D('',#8582,#6600,#6601);
#5681=AXIS2_PLACEMENT_3D('',#8584,#6602,#6603);
#5682=AXIS2_PLACEMENT_3D('',#8585,#6604,#6605);
#5683=AXIS2_PLACEMENT_3D('',#8596,#6606,#6607);
#5684=AXIS2_PLACEMENT_3D('',#8605,#6608,#6609);
#5685=AXIS2_PLACEMENT_3D('',#8631,#6610,#6611);
#5686=AXIS2_PLACEMENT_3D('',#8632,#6612,#6613);
#5687=AXIS2_PLACEMENT_3D('',#8633,#6614,#6615);
#5688=AXIS2_PLACEMENT_3D('',#8634,#6616,#6617);
#5689=AXIS2_PLACEMENT_3D('',#8635,#6618,#6619);
#5690=AXIS2_PLACEMENT_3D('',#8636,#6620,#6621);
#5691=AXIS2_PLACEMENT_3D('',#8661,#6622,#6623);
#5692=AXIS2_PLACEMENT_3D('',#8686,#6624,#6625);
#5693=AXIS2_PLACEMENT_3D('',#8687,#6626,#6627);
#5694=AXIS2_PLACEMENT_3D('',#8688,#6628,#6629);
#5695=AXIS2_PLACEMENT_3D('',#8689,#6630,#6631);
#5696=AXIS2_PLACEMENT_3D('',#8690,#6632,#6633);
#5697=AXIS2_PLACEMENT_3D('',#8691,#6634,#6635);
#5698=AXIS2_PLACEMENT_3D('',#8716,#6636,#6637);
#5699=AXIS2_PLACEMENT_3D('',#8717,#6638,#6639);
#5700=AXIS2_PLACEMENT_3D('',#8718,#6640,#6641);
#5701=AXIS2_PLACEMENT_3D('',#8720,#6642,#6643);
#5702=AXIS2_PLACEMENT_3D('',#8722,#6644,#6645);
#5703=AXIS2_PLACEMENT_3D('',#8724,#6646,#6647);
#5704=AXIS2_PLACEMENT_3D('',#8726,#6648,#6649);
#5705=AXIS2_PLACEMENT_3D('',#8728,#6650,#6651);
#5706=AXIS2_PLACEMENT_3D('',#8730,#6652,#6653);
#5707=AXIS2_PLACEMENT_3D('',#8745,#6661,#6662);
#5708=AXIS2_PLACEMENT_3D('',#8753,#6666,#6667);
#5709=AXIS2_PLACEMENT_3D('',#8757,#6669,#6670);
#5710=AXIS2_PLACEMENT_3D('',#8765,#6674,#6675);
#5711=AXIS2_PLACEMENT_3D('',#8777,#6681,#6682);
#5712=AXIS2_PLACEMENT_3D('',#8785,#6686,#6687);
#5713=AXIS2_PLACEMENT_3D('',#8789,#6689,#6690);
#5714=AXIS2_PLACEMENT_3D('',#8797,#6694,#6695);
#5715=AXIS2_PLACEMENT_3D('',#8809,#6701,#6702);
#5716=AXIS2_PLACEMENT_3D('',#8817,#6706,#6707);
#5717=AXIS2_PLACEMENT_3D('',#8821,#6709,#6710);
#5718=AXIS2_PLACEMENT_3D('',#8829,#6714,#6715);
#5719=AXIS2_PLACEMENT_3D('',#8834,#6718,#6719);
#5720=AXIS2_PLACEMENT_3D('',#8838,#6721,#6722);
#5721=AXIS2_PLACEMENT_3D('',#8848,#6728,#6729);
#5722=AXIS2_PLACEMENT_3D('',#8856,#6733,#6734);
#5723=AXIS2_PLACEMENT_3D('',#8860,#6736,#6737);
#5724=AXIS2_PLACEMENT_3D('',#8868,#6741,#6742);
#5725=AXIS2_PLACEMENT_3D('',#8880,#6748,#6749);
#5726=AXIS2_PLACEMENT_3D('',#8885,#6752,#6753);
#5727=AXIS2_PLACEMENT_3D('',#8889,#6755,#6756);
#5728=AXIS2_PLACEMENT_3D('',#8894,#6759,#6760);
#5729=AXIS2_PLACEMENT_3D('',#8906,#6766,#6767);
#5730=AXIS2_PLACEMENT_3D('',#8914,#6771,#6772);
#5731=AXIS2_PLACEMENT_3D('',#8918,#6774,#6775);
#5732=AXIS2_PLACEMENT_3D('',#8926,#6779,#6780);
#5733=AXIS2_PLACEMENT_3D('',#8933,#6784,#6785);
#5734=AXIS2_PLACEMENT_3D('',#8935,#6787,#6788);
#5735=AXIS2_PLACEMENT_3D('',#8937,#6790,#6791);
#5736=AXIS2_PLACEMENT_3D('',#8939,#6793,#6794);
#5737=AXIS2_PLACEMENT_3D('',#8940,#6795,#6796);
#5738=AXIS2_PLACEMENT_3D('',#8949,#6801,#6802);
#5739=AXIS2_PLACEMENT_3D('',#8952,#6805,#6806);
#5740=AXIS2_PLACEMENT_3D('',#8956,#6809,#6810);
#5741=AXIS2_PLACEMENT_3D('',#8960,#6813,#6814);
#5742=AXIS2_PLACEMENT_3D('',#8962,#6816,#6817);
#5743=AXIS2_PLACEMENT_3D('',#8967,#6820,#6821);
#5744=AXIS2_PLACEMENT_3D('',#8969,#6823,#6824);
#5745=AXIS2_PLACEMENT_3D('',#8970,#6825,#6826);
#5746=AXIS2_PLACEMENT_3D('',#8971,#6827,#6828);
#5747=AXIS2_PLACEMENT_3D('',#8972,#6829,#6830);
#5748=AXIS2_PLACEMENT_3D('',#8973,#6831,#6832);
#5749=AXIS2_PLACEMENT_3D('',#8976,#6835,#6836);
#5750=AXIS2_PLACEMENT_3D('',#8977,#6837,#6838);
#5751=AXIS2_PLACEMENT_3D('',#8978,#6839,#6840);
#5752=AXIS2_PLACEMENT_3D('',#8980,#6842,#6843);
#5753=AXIS2_PLACEMENT_3D('',#8982,#6845,#6846);
#5754=AXIS2_PLACEMENT_3D('',#8983,#6847,#6848);
#5755=AXIS2_PLACEMENT_3D('',#8984,#6849,#6850);
#5756=AXIS2_PLACEMENT_3D('',#8993,#6855,#6856);
#5757=AXIS2_PLACEMENT_3D('',#8994,#6857,#6858);
#5758=AXIS2_PLACEMENT_3D('',#8995,#6859,#6860);
#5759=AXIS2_PLACEMENT_3D('',#8996,#6861,#6862);
#5760=AXIS2_PLACEMENT_3D('',#8999,#6865,#6866);
#5761=AXIS2_PLACEMENT_3D('',#9003,#6869,#6870);
#5762=AXIS2_PLACEMENT_3D('',#9007,#6873,#6874);
#5763=AXIS2_PLACEMENT_3D('',#9009,#6876,#6877);
#5764=AXIS2_PLACEMENT_3D('',#9014,#6880,#6881);
#5765=AXIS2_PLACEMENT_3D('',#9016,#6883,#6884);
#5766=AXIS2_PLACEMENT_3D('',#9017,#6885,#6886);
#5767=AXIS2_PLACEMENT_3D('',#9018,#6887,#6888);
#5768=AXIS2_PLACEMENT_3D('',#9020,#6890,#6891);
#5769=AXIS2_PLACEMENT_3D('',#9022,#6893,#6894);
#5770=AXIS2_PLACEMENT_3D('',#9023,#6895,#6896);
#5771=AXIS2_PLACEMENT_3D('',#9024,#6897,#6898);
#5772=AXIS2_PLACEMENT_3D('',#9033,#6903,#6904);
#5773=AXIS2_PLACEMENT_3D('',#9034,#6905,#6906);
#5774=AXIS2_PLACEMENT_3D('',#9035,#6907,#6908);
#5775=AXIS2_PLACEMENT_3D('',#9036,#6909,#6910);
#5776=AXIS2_PLACEMENT_3D('',#9037,#6911,#6912);
#5777=AXIS2_PLACEMENT_3D('',#9040,#6915,#6916);
#5778=AXIS2_PLACEMENT_3D('',#9044,#6919,#6920);
#5779=AXIS2_PLACEMENT_3D('',#9048,#6923,#6924);
#5780=AXIS2_PLACEMENT_3D('',#9050,#6926,#6927);
#5781=AXIS2_PLACEMENT_3D('',#9055,#6930,#6931);
#5782=AXIS2_PLACEMENT_3D('',#9057,#6933,#6934);
#5783=AXIS2_PLACEMENT_3D('',#9059,#6936,#6937);
#5784=AXIS2_PLACEMENT_3D('',#9061,#6939,#6940);
#5785=AXIS2_PLACEMENT_3D('',#9065,#6943,#6944);
#5786=AXIS2_PLACEMENT_3D('',#9067,#6946,#6947);
#5787=AXIS2_PLACEMENT_3D('',#9069,#6949,#6950);
#5788=AXIS2_PLACEMENT_3D('',#9070,#6951,#6952);
#5789=AXIS2_PLACEMENT_3D('',#9071,#6953,#6954);
#5790=AXIS2_PLACEMENT_3D('',#9077,#6958,#6959);
#5791=AXIS2_PLACEMENT_3D('',#9083,#6963,#6964);
#5792=AXIS2_PLACEMENT_3D('',#9089,#6968,#6969);
#5793=AXIS2_PLACEMENT_3D('',#9095,#6973,#6974);
#5794=AXIS2_PLACEMENT_3D('',#9101,#6978,#6979);
#5795=AXIS2_PLACEMENT_3D('',#9107,#6983,#6984);
#5796=AXIS2_PLACEMENT_3D('',#9111,#6988,#6989);
#5797=AXIS2_PLACEMENT_3D('',#9120,#6996,#6997);
#5798=AXIS2_PLACEMENT_3D('',#9129,#7004,#7005);
#5799=AXIS2_PLACEMENT_3D('',#9135,#7009,#7010);
#5800=AXIS2_PLACEMENT_3D('',#9136,#7011,#7012);
#5801=AXIS2_PLACEMENT_3D('',#9140,#7014,#7015);
#5802=AXIS2_PLACEMENT_3D('',#9141,#7016,#7017);
#5803=AXIS2_PLACEMENT_3D('',#9142,#7018,#7019);
#5804=AXIS2_PLACEMENT_3D('',#9146,#7021,#7022);
#5805=AXIS2_PLACEMENT_3D('',#9147,#7023,#7024);
#5806=AXIS2_PLACEMENT_3D('',#9150,#7027,#7028);
#5807=AXIS2_PLACEMENT_3D('',#9153,#7031,#7032);
#5808=AXIS2_PLACEMENT_3D('',#9154,#7033,#7034);
#5809=AXIS2_PLACEMENT_3D('',#9155,#7035,#7036);
#5810=AXIS2_PLACEMENT_3D('',#9157,#7038,#7039);
#5811=AXIS2_PLACEMENT_3D('',#9159,#7041,#7042);
#5812=AXIS2_PLACEMENT_3D('',#9160,#7043,#7044);
#5813=AXIS2_PLACEMENT_3D('',#9161,#7045,#7046);
#5814=AXIS2_PLACEMENT_3D('',#9165,#7048,#7049);
#5815=AXIS2_PLACEMENT_3D('',#9166,#7050,#7051);
#5816=AXIS2_PLACEMENT_3D('',#9167,#7052,#7053);
#5817=AXIS2_PLACEMENT_3D('',#9171,#7055,#7056);
#5818=AXIS2_PLACEMENT_3D('',#9172,#7057,#7058);
#5819=AXIS2_PLACEMENT_3D('',#9175,#7061,#7062);
#5820=AXIS2_PLACEMENT_3D('',#9178,#7065,#7066);
#5821=AXIS2_PLACEMENT_3D('',#9179,#7067,#7068);
#5822=AXIS2_PLACEMENT_3D('',#9180,#7069,#7070);
#5823=AXIS2_PLACEMENT_3D('',#9182,#7072,#7073);
#5824=AXIS2_PLACEMENT_3D('',#9184,#7075,#7076);
#5825=AXIS2_PLACEMENT_3D('',#9185,#7077,#7078);
#5826=AXIS2_PLACEMENT_3D('',#9186,#7079,#7080);
#5827=AXIS2_PLACEMENT_3D('',#9190,#7082,#7083);
#5828=AXIS2_PLACEMENT_3D('',#9191,#7084,#7085);
#5829=AXIS2_PLACEMENT_3D('',#9192,#7086,#7087);
#5830=AXIS2_PLACEMENT_3D('',#9196,#7089,#7090);
#5831=AXIS2_PLACEMENT_3D('',#9197,#7091,#7092);
#5832=AXIS2_PLACEMENT_3D('',#9200,#7095,#7096);
#5833=AXIS2_PLACEMENT_3D('',#9203,#7099,#7100);
#5834=AXIS2_PLACEMENT_3D('',#9204,#7101,#7102);
#5835=AXIS2_PLACEMENT_3D('',#9205,#7103,#7104);
#5836=AXIS2_PLACEMENT_3D('',#9207,#7106,#7107);
#5837=AXIS2_PLACEMENT_3D('',#9209,#7109,#7110);
#5838=AXIS2_PLACEMENT_3D('',#9210,#7111,#7112);
#5839=AXIS2_PLACEMENT_3D('',#9211,#7113,#7114);
#5840=AXIS2_PLACEMENT_3D('',#9212,#7115,#7116);
#5841=AXIS2_PLACEMENT_3D('',#9213,#7117,#7118);
#5842=AXIS2_PLACEMENT_3D('',#9214,#7119,#7120);
#5843=AXIS2_PLACEMENT_3D('',#9215,#7121,#7122);
#5844=AXIS2_PLACEMENT_3D('',#9216,#7123,#7124);
#5845=AXIS2_PLACEMENT_3D('',#9217,#7125,#7126);
#5846=AXIS2_PLACEMENT_3D('',#9218,#7127,#7128);
#5847=AXIS2_PLACEMENT_3D('',#9219,#7129,#7130);
#5848=AXIS2_PLACEMENT_3D('',#9220,#7131,#7132);
#5849=AXIS2_PLACEMENT_3D('',#9221,#7133,#7134);
#5850=AXIS2_PLACEMENT_3D('',#9222,#7135,#7136);
#5851=AXIS2_PLACEMENT_3D('',#9223,#7137,#7138);
#5852=AXIS2_PLACEMENT_3D('',#9224,#7139,#7140);
#5853=AXIS2_PLACEMENT_3D('',#9225,#7141,#7142);
#5854=AXIS2_PLACEMENT_3D('',#9226,#7143,#7144);
#5855=AXIS2_PLACEMENT_3D('',#9228,#7145,#7146);
#5856=AXIS2_PLACEMENT_3D('',#9229,#7147,#7148);
#5857=AXIS2_PLACEMENT_3D('',#9231,#7149,#7150);
#5858=AXIS2_PLACEMENT_3D('',#9232,#7151,#7152);
#5859=AXIS2_PLACEMENT_3D('',#9234,#7153,#7154);
#5860=AXIS2_PLACEMENT_3D('',#9235,#7155,#7156);
#5861=AXIS2_PLACEMENT_3D('',#9237,#7157,#7158);
#5862=AXIS2_PLACEMENT_3D('',#9238,#7159,#7160);
#5863=AXIS2_PLACEMENT_3D('',#9240,#7161,#7162);
#5864=AXIS2_PLACEMENT_3D('',#9241,#7163,#7164);
#5865=AXIS2_PLACEMENT_3D('',#9243,#7165,#7166);
#5866=AXIS2_PLACEMENT_3D('',#9244,#7167,#7168);
#5867=AXIS2_PLACEMENT_3D('',#9245,#7169,#7170);
#5868=AXIS2_PLACEMENT_3D('',#9246,#7171,#7172);
#5869=AXIS2_PLACEMENT_3D('',#9247,#7173,#7174);
#5870=AXIS2_PLACEMENT_3D('',#9248,#7175,#7176);
#5871=AXIS2_PLACEMENT_3D('',#9249,#7177,#7178);
#5872=AXIS2_PLACEMENT_3D('',#9250,#7179,#7180);
#5873=AXIS2_PLACEMENT_3D('',#9251,#7181,#7182);
#5874=AXIS2_PLACEMENT_3D('',#9252,#7183,#7184);
#5875=AXIS2_PLACEMENT_3D('',#9253,#7185,#7186);
#5876=AXIS2_PLACEMENT_3D('',#9254,#7187,#7188);
#5877=AXIS2_PLACEMENT_3D('',#9255,#7189,#7190);
#5878=AXIS2_PLACEMENT_3D('',#9256,#7191,#7192);
#5879=AXIS2_PLACEMENT_3D('',#9257,#7193,#7194);
#5880=AXIS2_PLACEMENT_3D('',#9258,#7195,#7196);
#5881=AXIS2_PLACEMENT_3D('',#9262,#7198,#7199);
#5882=AXIS2_PLACEMENT_3D('',#9263,#7200,#7201);
#5883=AXIS2_PLACEMENT_3D('',#9264,#7202,#7203);
#5884=AXIS2_PLACEMENT_3D('',#9265,#7204,#7205);
#5885=AXIS2_PLACEMENT_3D('',#9266,#7206,#7207);
#5886=AXIS2_PLACEMENT_3D('',#9272,#7208,#7209);
#5887=AXIS2_PLACEMENT_3D('',#9273,#7210,#7211);
#5888=AXIS2_PLACEMENT_3D('',#9279,#7212,#7213);
#5889=AXIS2_PLACEMENT_3D('',#9280,#7214,#7215);
#5890=AXIS2_PLACEMENT_3D('',#9281,#7216,#7217);
#5891=AXIS2_PLACEMENT_3D('',#9282,#7218,#7219);
#5892=AXIS2_PLACEMENT_3D('',#9283,#7220,#7221);
#5893=AXIS2_PLACEMENT_3D('',#9284,#7222,#7223);
#5894=AXIS2_PLACEMENT_3D('',#9285,#7224,#7225);
#5895=AXIS2_PLACEMENT_3D('',#9286,#7226,#7227);
#5896=AXIS2_PLACEMENT_3D('',#9287,#7228,#7229);
#5897=AXIS2_PLACEMENT_3D('',#9288,#7230,#7231);
#5898=AXIS2_PLACEMENT_3D('',#9304,#7232,#7233);
#5899=AXIS2_PLACEMENT_3D('',#9305,#7234,#7235);
#5900=AXIS2_PLACEMENT_3D('',#9306,#7236,#7237);
#5901=AXIS2_PLACEMENT_3D('',#9307,#7238,#7239);
#5902=AXIS2_PLACEMENT_3D('',#9308,#7240,#7241);
#5903=AXIS2_PLACEMENT_3D('',#9309,#7242,#7243);
#5904=AXIS2_PLACEMENT_3D('',#9325,#7244,#7245);
#5905=AXIS2_PLACEMENT_3D('',#9326,#7246,#7247);
#5906=AXIS2_PLACEMENT_3D('',#9327,#7248,#7249);
#5907=AXIS2_PLACEMENT_3D('',#9328,#7250,#7251);
#5908=AXIS2_PLACEMENT_3D('',#9329,#7252,#7253);
#5909=AXIS2_PLACEMENT_3D('',#9330,#7254,#7255);
#5910=AXIS2_PLACEMENT_3D('',#9331,#7256,#7257);
#5911=AXIS2_PLACEMENT_3D('',#9333,#7258,#7259);
#5912=AXIS2_PLACEMENT_3D('',#9334,#7260,#7261);
#5913=AXIS2_PLACEMENT_3D('',#9336,#7262,#7263);
#5914=AXIS2_PLACEMENT_3D('',#9337,#7264,#7265);
#5915=AXIS2_PLACEMENT_3D('',#9339,#7266,#7267);
#5916=AXIS2_PLACEMENT_3D('',#9340,#7268,#7269);
#5917=AXIS2_PLACEMENT_3D('',#9342,#7270,#7271);
#5918=AXIS2_PLACEMENT_3D('',#9343,#7272,#7273);
#5919=AXIS2_PLACEMENT_3D('',#9345,#7274,#7275);
#5920=AXIS2_PLACEMENT_3D('',#9346,#7276,#7277);
#5921=AXIS2_PLACEMENT_3D('',#9347,#7278,#7279);
#5922=AXIS2_PLACEMENT_3D('',#9349,#7280,#7281);
#5923=AXIS2_PLACEMENT_3D('',#9350,#7282,#7283);
#5924=AXIS2_PLACEMENT_3D('',#9351,#7284,#7285);
#5925=AXIS2_PLACEMENT_3D('',#9352,#7286,#7287);
#5926=AXIS2_PLACEMENT_3D('',#9353,#7288,#7289);
#5927=AXIS2_PLACEMENT_3D('',#9355,#7290,#7291);
#5928=AXIS2_PLACEMENT_3D('',#9364,#7296,#7297);
#5929=AXIS2_PLACEMENT_3D('',#9370,#7301,#7302);
#5930=AXIS2_PLACEMENT_3D('',#9376,#7306,#7307);
#5931=AXIS2_PLACEMENT_3D('',#9382,#7311,#7312);
#5932=AXIS2_PLACEMENT_3D('',#9388,#7316,#7317);
#5933=AXIS2_PLACEMENT_3D('',#9391,#7320,#7321);
#5934=AXIS2_PLACEMENT_3D('',#9392,#7322,#7323);
#5935=AXIS2_PLACEMENT_3D('',#9394,#7324,#7325);
#5936=AXIS2_PLACEMENT_3D('',#9395,#7326,#7327);
#5937=AXIS2_PLACEMENT_3D('',#9397,#7328,#7329);
#5938=AXIS2_PLACEMENT_3D('',#9398,#7330,#7331);
#5939=AXIS2_PLACEMENT_3D('',#9400,#7332,#7333);
#5940=AXIS2_PLACEMENT_3D('',#9401,#7334,#7335);
#5941=AXIS2_PLACEMENT_3D('',#9403,#7336,#7337);
#5942=AXIS2_PLACEMENT_3D('',#9404,#7338,#7339);
#5943=AXIS2_PLACEMENT_3D('',#9405,#7340,#7341);
#5944=AXIS2_PLACEMENT_3D('',#9406,#7342,#7343);
#5945=AXIS2_PLACEMENT_3D('',#9408,#7344,#7345);
#5946=AXIS2_PLACEMENT_3D('',#9417,#7350,#7351);
#5947=AXIS2_PLACEMENT_3D('',#9423,#7355,#7356);
#5948=AXIS2_PLACEMENT_3D('',#9429,#7360,#7361);
#5949=AXIS2_PLACEMENT_3D('',#9435,#7365,#7366);
#5950=AXIS2_PLACEMENT_3D('',#9441,#7370,#7371);
#5951=AXIS2_PLACEMENT_3D('',#9444,#7374,#7375);
#5952=AXIS2_PLACEMENT_3D('',#9445,#7376,#7377);
#5953=AXIS2_PLACEMENT_3D('',#9447,#7378,#7379);
#5954=AXIS2_PLACEMENT_3D('',#9448,#7380,#7381);
#5955=AXIS2_PLACEMENT_3D('',#9450,#7382,#7383);
#5956=AXIS2_PLACEMENT_3D('',#9451,#7384,#7385);
#5957=AXIS2_PLACEMENT_3D('',#9453,#7386,#7387);
#5958=AXIS2_PLACEMENT_3D('',#9454,#7388,#7389);
#5959=AXIS2_PLACEMENT_3D('',#9455,#7390,#7391);
#5960=AXIS2_PLACEMENT_3D('',#9457,#7392,#7393);
#5961=AXIS2_PLACEMENT_3D('',#9458,#7394,#7395);
#5962=AXIS2_PLACEMENT_3D('',#9459,#7396,#7397);
#5963=AXIS2_PLACEMENT_3D('',#9461,#7398,#7399);
#5964=AXIS2_PLACEMENT_3D('',#9470,#7404,#7405);
#5965=AXIS2_PLACEMENT_3D('',#9476,#7409,#7410);
#5966=AXIS2_PLACEMENT_3D('',#9482,#7414,#7415);
#5967=AXIS2_PLACEMENT_3D('',#9488,#7419,#7420);
#5968=AXIS2_PLACEMENT_3D('',#9494,#7424,#7425);
#5969=AXIS2_PLACEMENT_3D('',#9497,#7428,#7429);
#5970=AXIS2_PLACEMENT_3D('',#9498,#7430,#7431);
#5971=AXIS2_PLACEMENT_3D('',#9500,#7432,#7433);
#5972=AXIS2_PLACEMENT_3D('',#9501,#7434,#7435);
#5973=AXIS2_PLACEMENT_3D('',#9503,#7436,#7437);
#5974=AXIS2_PLACEMENT_3D('',#9504,#7438,#7439);
#5975=AXIS2_PLACEMENT_3D('',#9506,#7440,#7441);
#5976=AXIS2_PLACEMENT_3D('',#9507,#7442,#7443);
#5977=AXIS2_PLACEMENT_3D('',#9508,#7444,#7445);
#5978=AXIS2_PLACEMENT_3D('',#9510,#7446,#7447);
#5979=AXIS2_PLACEMENT_3D('',#9511,#7448,#7449);
#5980=AXIS2_PLACEMENT_3D('',#9515,#7452,#7453);
#5981=AXIS2_PLACEMENT_3D('',#9519,#7456,#7457);
#5982=AXIS2_PLACEMENT_3D('',#9523,#7460,#7461);
#5983=AXIS2_PLACEMENT_3D('',#9527,#7464,#7465);
#5984=AXIS2_PLACEMENT_3D('',#9531,#7468,#7469);
#5985=AXIS2_PLACEMENT_3D('',#9533,#7471,#7472);
#5986=AXIS2_PLACEMENT_3D('',#9535,#7474,#7475);
#5987=AXIS2_PLACEMENT_3D('',#9536,#7476,#7477);
#5988=AXIS2_PLACEMENT_3D('',#9542,#7481,#7482);
#5989=AXIS2_PLACEMENT_3D('',#9546,#7485,#7486);
#5990=AXIS2_PLACEMENT_3D('',#9552,#7490,#7491);
#5991=AXIS2_PLACEMENT_3D('',#9554,#7493,#7494);
#5992=AXIS2_PLACEMENT_3D('',#9556,#7496,#7497);
#5993=AXIS2_PLACEMENT_3D('',#9558,#7499,#7500);
#5994=AXIS2_PLACEMENT_3D('',#9560,#7502,#7503);
#5995=AXIS2_PLACEMENT_3D('',#9561,#7504,#7505);
#5996=AXIS2_PLACEMENT_3D('',#9567,#7509,#7510);
#5997=AXIS2_PLACEMENT_3D('',#9573,#7514,#7515);
#5998=AXIS2_PLACEMENT_3D('',#9580,#7521,#7522);
#5999=AXIS2_PLACEMENT_3D('',#9582,#7524,#7525);
#6000=AXIS2_PLACEMENT_3D('',#9583,#7526,#7527);
#6001=AXIS2_PLACEMENT_3D('',#9584,#7528,#7529);
#6002=AXIS2_PLACEMENT_3D('',#9585,#7530,#7531);
#6003=AXIS2_PLACEMENT_3D('',#9586,#7532,#7533);
#6004=AXIS2_PLACEMENT_3D('',#9631,#7536,#7537);
#6005=AXIS2_PLACEMENT_3D('',#9632,#7538,#7539);
#6006=AXIS2_PLACEMENT_3D('',#9633,#7540,#7541);
#6007=AXIS2_PLACEMENT_3D('',#9655,#7542,#7543);
#6008=AXIS2_PLACEMENT_3D('',#9677,#7544,#7545);
#6009=AXIS2_PLACEMENT_3D('',#9690,#7546,#7547);
#6010=AXIS2_PLACEMENT_3D('',#9703,#7548,#7549);
#6011=AXIS2_PLACEMENT_3D('',#9725,#7550,#7551);
#6012=AXIS2_PLACEMENT_3D('',#9747,#7552,#7553);
#6013=AXIS2_PLACEMENT_3D('',#9748,#7554,#7555);
#6014=DIRECTION('',(0.,0.,1.));
#6015=DIRECTION('',(1.,0.,0.));
#6016=DIRECTION('',(-1.,0.,0.));
#6017=DIRECTION('',(0.,-1.,0.));
#6018=DIRECTION('',(0.986071595323814,0.,-0.166321402397734));
#6019=DIRECTION('',(-0.166321402397734,0.,-0.986071595323814));
#6020=DIRECTION('',(-1.,0.,0.));
#6021=DIRECTION('',(-0.857626858411105,-0.51427246837829,1.13056177695322E-16));
#6022=DIRECTION('',(-0.51427246837829,0.857626858411105,-1.88538217506687E-16));
#6023=DIRECTION('',(-1.,0.,0.));
#6024=DIRECTION('',(0.857626858411105,0.51427246837829,-1.13056177695322E-16));
#6025=DIRECTION('',(-0.51427246837829,0.857626858411105,-1.88538217506687E-16));
#6026=DIRECTION('',(-1.,0.,0.));
#6027=DIRECTION('',(-0.974300176252672,0.,0.225253560580099));
#6028=DIRECTION('',(-0.225253560580099,0.,-0.974300176252672));
#6029=DIRECTION('',(-1.,0.,0.));
#6030=DIRECTION('',(0.00485716141440539,0.,0.999988203921924));
#6031=DIRECTION('',(-0.999988203921923,0.,0.00485716141440539));
#6032=DIRECTION('',(0.98209720028732,0.,-0.188374863471238));
#6033=DIRECTION('',(-0.188374863471238,0.,-0.98209720028732));
#6034=DIRECTION('',(-1.,0.,0.));
#6035=DIRECTION('',(-0.857626858411105,-0.51427246837829,6.55326023387365E-17));
#6036=DIRECTION('',(-0.51427246837829,0.857626858411105,-1.0928549226931E-16));
#6037=DIRECTION('',(-1.,0.,0.));
#6038=DIRECTION('',(0.857626858411105,0.51427246837829,-6.55326023387365E-17));
#6039=DIRECTION('',(-0.51427246837829,0.857626858411105,-1.0928549226931E-16));
#6040=DIRECTION('',(-1.,0.,0.));
#6041=DIRECTION('',(-0.983628747717156,0.,0.18020678861902));
#6042=DIRECTION('',(-0.18020678861902,0.,-0.983628747717156));
#6043=DIRECTION('',(-1.,0.,0.));
#6044=DIRECTION('',(-0.00113687973494275,0.,0.999999353752025));
#6045=DIRECTION('',(-0.999999353752025,0.,-0.00113687973494275));
#6046=DIRECTION('',(0.983628747717156,0.,-0.18020678861902));
#6047=DIRECTION('',(-0.18020678861902,0.,-0.983628747717156));
#6048=DIRECTION('',(-1.,0.,0.));
#6049=DIRECTION('',(-0.857626858411105,-0.514272468378289,2.66964602131242E-16));
#6050=DIRECTION('',(-0.514272468378289,0.857626858411105,-4.45203714199944E-16));
#6051=DIRECTION('',(-1.,0.,0.));
#6052=DIRECTION('',(0.857626858411105,0.514272468378289,-2.66964602131242E-16));
#6053=DIRECTION('',(-0.514272468378289,0.857626858411105,-4.45203714199944E-16));
#6054=DIRECTION('',(-1.,0.,0.));
#6055=DIRECTION('',(-1.,0.,0.));
#6056=DIRECTION('',(0.,-1.,0.));
#6057=DIRECTION('',(-1.,0.,0.));
#6058=DIRECTION('',(-1.,0.,0.));
#6059=DIRECTION('',(0.,-1.,0.));
#6060=DIRECTION('',(-1.,0.,0.));
#6061=DIRECTION('',(-1.,0.,0.));
#6062=DIRECTION('',(-1.,0.,0.));
#6063=DIRECTION('',(-1.,0.,0.));
#6064=DIRECTION('',(-0.988728531057327,0.,0.149719377079991));
#6065=DIRECTION('',(-0.149719377079991,0.,-0.988728531057327));
#6066=DIRECTION('',(-1.,0.,0.));
#6067=DIRECTION('',(0.,1.,0.));
#6068=DIRECTION('',(-1.,0.,0.));
#6069=DIRECTION('',(-0.166321402397734,0.,-0.986071595323814));
#6070=DIRECTION('',(-1.,0.,0.));
#6071=DIRECTION('',(1.31824436917446E-16,0.,1.));
#6072=DIRECTION('',(0.,1.,0.));
#6073=DIRECTION('',(-1.,0.,0.));
#6074=DIRECTION('',(0.149719377079991,0.,0.988728531057327));
#6075=DIRECTION('',(0.,1.,0.));
#6076=DIRECTION('',(-1.,0.,0.));
#6077=DIRECTION('',(-1.,0.,0.));
#6078=DIRECTION('',(-1.,0.,0.));
#6079=DIRECTION('',(0.,-1.,0.));
#6080=DIRECTION('',(-1.,0.,0.));
#6081=DIRECTION('',(-0.99030474719716,0.,0.138911870186712));
#6082=DIRECTION('',(-0.138911870186712,0.,-0.99030474719716));
#6083=DIRECTION('',(-1.,0.,0.));
#6084=DIRECTION('',(0.986071595323814,0.,-0.166321402397733));
#6085=DIRECTION('',(-0.166321402397733,0.,-0.986071595323814));
#6086=DIRECTION('',(-1.,0.,0.));
#6087=DIRECTION('',(0.,-1.,0.));
#6088=DIRECTION('',(-0.974300176252672,0.,0.225253560580099));
#6089=DIRECTION('',(-0.225253560580099,0.,-0.974300176252672));
#6090=DIRECTION('',(-1.,0.,0.));
#6091=DIRECTION('',(0.857626858411105,0.51427246837829,-1.13056177695322E-16));
#6092=DIRECTION('',(-0.51427246837829,0.857626858411105,-1.88538217506687E-16));
#6093=DIRECTION('',(0.,1.,0.));
#6094=DIRECTION('',(-1.,0.,0.));
#6095=DIRECTION('',(-0.188374863471238,0.,-0.98209720028732));
#6096=DIRECTION('',(-1.,0.,0.));
#6097=DIRECTION('',(7.64115555570944E-17,0.,1.));
#6098=DIRECTION('',(0.,1.,0.));
#6099=DIRECTION('',(-1.,0.,0.));
#6100=DIRECTION('',(0.225253560580099,0.,0.974300176252672));
#6101=DIRECTION('',(-1.31824436917446E-16,0.,-1.));
#6102=DIRECTION('',(-1.,0.,0.));
#6103=DIRECTION('',(0.,-1.,0.));
#6104=DIRECTION('',(-0.983628747717156,0.,0.18020678861902));
#6105=DIRECTION('',(-0.18020678861902,0.,-0.983628747717156));
#6106=DIRECTION('',(-1.,0.,0.));
#6107=DIRECTION('',(0.857626858411105,0.51427246837829,-6.55326023387365E-17));
#6108=DIRECTION('',(-0.51427246837829,0.857626858411105,-1.0928549226931E-16));
#6109=DIRECTION('',(0.,1.,0.));
#6110=DIRECTION('',(-1.,0.,0.));
#6111=DIRECTION('',(0.18020678861902,0.,0.983628747717156));
#6112=DIRECTION('',(-7.64115555570944E-17,0.,-1.));
#6113=DIRECTION('',(0.,1.,0.));
#6114=DIRECTION('',(-1.,0.,0.));
#6115=DIRECTION('',(-0.18020678861902,0.,-0.983628747717156));
#6116=DIRECTION('',(-1.,0.,0.));
#6117=DIRECTION('',(3.11282930930869E-16,0.,1.));
#6118=DIRECTION('',(-1.,0.,0.));
#6119=DIRECTION('',(0.,-1.,0.));
#6120=DIRECTION('',(-1.,0.,0.));
#6121=DIRECTION('',(0.98209720028732,0.,-0.18837486347124));
#6122=DIRECTION('',(-0.18837486347124,0.,-0.98209720028732));
#6123=DIRECTION('',(-1.,0.,0.));
#6124=DIRECTION('',(-0.974300176252672,0.,0.225253560580099));
#6125=DIRECTION('',(-0.225253560580099,0.,-0.974300176252672));
#6126=DIRECTION('',(0.857626858411105,0.51427246837829,-6.55326023387365E-17));
#6127=DIRECTION('',(1.23741560956846E-16,-7.89299181571423E-17,1.));
#6128=DIRECTION('',(0.857626858411105,0.51427246837829,-6.55326023387365E-17));
#6129=DIRECTION('',(-0.51427246837829,0.857626858411105,-1.0928549226931E-16));
#6130=DIRECTION('',(-7.64115555570944E-17,0.,-1.));
#6131=DIRECTION('',(0.172581985130641,-0.28780647385749,0.942010027554954));
#6132=DIRECTION('',(0.51427246837829,-0.857626858411105,1.85226083089869E-16));
#6133=DIRECTION('',(-5.90121886523551E-15,9.71374417456631E-15,-1.));
#6134=DIRECTION('',(-0.857626858411105,-0.51427246837829,6.55326023387365E-17));
#6135=DIRECTION('',(-1.23741560956846E-16,7.89299181571423E-17,-1.));
#6136=DIRECTION('',(-5.90121886523551E-15,9.71374417456631E-15,-1.));
#6137=DIRECTION('',(-0.51427246837829,0.857626858411105,1.31329295738016E-16));
#6138=DIRECTION('',(-1.,0.,0.));
#6139=DIRECTION('',(0.,-1.,0.));
#6140=DIRECTION('',(-1.,0.,0.));
#6141=DIRECTION('',(-1.,0.,0.));
#6142=DIRECTION('',(0.,-1.,0.));
#6143=DIRECTION('',(-1.,0.,0.));
#6144=DIRECTION('',(0.857626858411105,0.514272468378289,-2.66964602131242E-16));
#6145=DIRECTION('',(-0.514272468378289,0.857626858411105,-4.45203714199944E-16));
#6146=DIRECTION('',(-1.,0.,0.));
#6147=DIRECTION('',(-0.857626858411105,-0.514272468378289,2.66964602131242E-16));
#6148=DIRECTION('',(-0.514272468378289,0.857626858411105,-4.45203714199944E-16));
#6149=DIRECTION('',(0.983628747717156,0.,-0.18020678861902));
#6150=DIRECTION('',(-0.18020678861902,0.,-0.983628747717156));
#6151=DIRECTION('',(-1.,0.,0.));
#6152=DIRECTION('',(0.983628747717156,0.,-0.180206788619019));
#6153=DIRECTION('',(-0.180206788619019,0.,-0.983628747717156));
#6154=DIRECTION('',(-1.,0.,0.));
#6155=DIRECTION('',(-1.,0.,0.));
#6156=DIRECTION('',(-0.983628747717156,0.,0.18020678861902));
#6157=DIRECTION('',(-0.18020678861902,0.,-0.983628747717156));
#6158=DIRECTION('',(-1.,0.,0.));
#6159=DIRECTION('',(-1.,0.,0.));
#6160=DIRECTION('',(-0.857626858411105,-0.51427246837829,6.55326023387365E-17));
#6161=DIRECTION('',(-0.51427246837829,0.857626858411105,-1.0928549226931E-16));
#6162=DIRECTION('',(0.98209720028732,0.,-0.188374863471238));
#6163=DIRECTION('',(-0.188374863471238,0.,-0.98209720028732));
#6164=DIRECTION('',(-1.,0.,0.));
#6165=DIRECTION('',(0.98209720028732,0.,-0.18837486347124));
#6166=DIRECTION('',(-0.18837486347124,0.,-0.98209720028732));
#6167=DIRECTION('',(-1.,0.,0.));
#6168=DIRECTION('',(-1.,0.,0.));
#6169=DIRECTION('',(-0.974300176252672,0.,0.225253560580099));
#6170=DIRECTION('',(-0.225253560580099,0.,-0.974300176252672));
#6171=DIRECTION('',(-1.,0.,0.));
#6172=DIRECTION('',(0.857626858411105,0.51427246837829,-1.13056177695322E-16));
#6173=DIRECTION('',(-0.51427246837829,0.857626858411105,-1.88538217506687E-16));
#6174=DIRECTION('',(-1.,0.,0.));
#6175=DIRECTION('',(-0.857626858411105,-0.51427246837829,1.13056177695322E-16));
#6176=DIRECTION('',(-0.51427246837829,0.857626858411105,-1.88538217506687E-16));
#6177=DIRECTION('',(0.986071595323814,0.,-0.166321402397734));
#6178=DIRECTION('',(-0.166321402397734,0.,-0.986071595323814));
#6179=DIRECTION('',(-1.,0.,0.));
#6180=DIRECTION('',(0.986071595323814,0.,-0.166321402397733));
#6181=DIRECTION('',(-0.166321402397733,0.,-0.986071595323814));
#6182=DIRECTION('',(-1.,0.,0.));
#6183=DIRECTION('',(-1.,0.,0.));
#6184=DIRECTION('',(-0.99030474719716,0.,0.138911870186712));
#6185=DIRECTION('',(-0.138911870186712,0.,-0.99030474719716));
#6186=DIRECTION('',(-1.,0.,0.));
#6187=DIRECTION('',(-0.99030474719716,0.,0.138911870186711));
#6188=DIRECTION('',(-0.138911870186711,0.,-0.99030474719716));
#6189=DIRECTION('',(-0.988728531057327,0.,0.149719377079991));
#6190=DIRECTION('',(-0.149719377079991,0.,-0.988728531057327));
#6191=DIRECTION('',(-1.,0.,0.));
#6192=DIRECTION('',(-1.,0.,0.));
#6193=DIRECTION('',(-1.,0.,0.));
#6194=DIRECTION('',(-1.,0.,0.));
#6195=DIRECTION('',(-1.,0.,0.));
#6196=DIRECTION('',(1.,0.,0.));
#6197=DIRECTION('',(0.,1.,0.));
#6198=DIRECTION('',(0.,-1.,0.));
#6199=DIRECTION('',(1.,0.,0.));
#6200=DIRECTION('',(-1.,0.,0.));
#6201=DIRECTION('',(3.18519265667106E-16,0.,-1.));
#6202=DIRECTION('',(-1.,0.,0.));
#6203=DIRECTION('',(0.00872653549834862,-6.33901057671307E-15,0.999961923064172));
#6204=DIRECTION('',(0.,-1.,0.));
#6205=DIRECTION('',(1.,0.,0.));
#6206=DIRECTION('',(0.00872653549834862,-6.33901057671307E-15,0.999961923064172));
#6207=DIRECTION('',(-1.,0.,0.));
#6208=DIRECTION('',(0.,-1.,0.));
#6209=DIRECTION('',(1.,0.,0.));
#6210=DIRECTION('',(-1.,0.,0.));
#6211=DIRECTION('',(-1.,0.,0.));
#6212=DIRECTION('',(0.,-1.,0.));
#6213=DIRECTION('',(-1.,0.,0.));
#6214=DIRECTION('',(0.,-1.,0.));
#6215=DIRECTION('',(-1.,0.,0.));
#6216=DIRECTION('',(1.,0.,0.));
#6217=DIRECTION('',(0.,1.,0.));
#6218=DIRECTION('',(-1.,0.,0.));
#6219=DIRECTION('',(-1.,0.,0.));
#6220=DIRECTION('',(-1.,0.,0.));
#6221=DIRECTION('',(-1.,0.,0.));
#6222=DIRECTION('',(-1.,0.,0.));
#6223=DIRECTION('',(-0.514272468378289,0.857626858411105,-1.63805688980663E-16));
#6224=DIRECTION('',(-0.857626858411105,-0.514272468378289,9.82254172433007E-17));
#6225=DIRECTION('',(-0.51427246837829,0.857626858411105,1.31329295738016E-16));
#6226=DIRECTION('',(-0.857626858411105,-0.51427246837829,-7.87510797116347E-17));
#6227=DIRECTION('',(-0.514272468378289,0.857626858411105,-1.38288219911146E-16));
#6228=DIRECTION('',(-0.857626858411105,-0.514272468378289,8.2923970376933E-17));
#6229=DIRECTION('',(0.51427246837829,-0.857626858411105,1.38288219911146E-16));
#6230=DIRECTION('',(-0.857626858411105,-0.51427246837829,8.2923970376933E-17));
#6231=DIRECTION('',(-1.,0.,0.));
#6232=DIRECTION('',(-1.,0.,0.));
#6233=DIRECTION('',(0.,-1.,0.));
#6234=DIRECTION('',(-1.,0.,0.));
#6235=DIRECTION('',(-1.,0.,0.));
#6236=DIRECTION('',(-1.,0.,0.));
#6237=DIRECTION('',(-1.,0.,0.));
#6238=DIRECTION('',(0.,-1.,0.));
#6239=DIRECTION('',(-1.,0.,0.));
#6240=DIRECTION('',(-1.,0.,0.));
#6241=DIRECTION('',(0.,-1.,0.));
#6242=DIRECTION('',(-1.,0.,0.));
#6243=DIRECTION('',(0.51427246837829,-0.857626858411105,1.38288219911146E-16));
#6244=DIRECTION('',(-0.857626858411105,-0.51427246837829,8.2923970376933E-17));
#6245=DIRECTION('',(-0.514272468378289,0.857626858411105,-1.38288219911146E-16));
#6246=DIRECTION('',(-0.857626858411105,-0.514272468378289,8.2923970376933E-17));
#6247=DIRECTION('',(-0.51427246837829,0.857626858411105,1.31329295738016E-16));
#6248=DIRECTION('',(-0.857626858411105,-0.51427246837829,-7.87510797116347E-17));
#6249=DIRECTION('',(-0.514272468378289,0.857626858411105,-1.63805688980663E-16));
#6250=DIRECTION('',(-0.857626858411105,-0.514272468378289,9.82254172433007E-17));
#6251=DIRECTION('',(0.5,0.,-0.866025403784438));
#6252=DIRECTION('',(0.866025403784438,0.,0.5));
#6253=DIRECTION('',(0.,-1.,0.));
#6254=DIRECTION('',(0.5,0.,-0.866025403784438));
#6255=DIRECTION('',(0.857089765318631,-0.143281234807883,0.494841006726386));
#6256=DIRECTION('',(1.04070787334155E-15,1.,6.00852970821509E-16));
#6257=DIRECTION('',(0.5,0.,-0.866025403784438));
#6258=DIRECTION('',(0.866025403784438,9.6315791931734E-17,0.5));
#6259=DIRECTION('',(1.50591559327959E-16,-1.,-1.1737359874831E-16));
#6260=DIRECTION('',(0.,-1.,0.));
#6261=DIRECTION('',(0.866025403784438,0.,0.5));
#6262=DIRECTION('',(0.5,0.,-0.866025403784438));
#6263=DIRECTION('',(0.866025403784438,0.,0.5));
#6264=DIRECTION('',(-0.5,0.,-0.866025403784438));
#6265=DIRECTION('',(0.866025403784438,0.,-0.5));
#6266=DIRECTION('',(-0.5,0.,-0.866025403784438));
#6267=DIRECTION('',(-0.856226178075996,0.150007697479707,0.494342414399382));
#6268=DIRECTION('',(-3.28014640470192E-16,1.,1.89379340973605E-16));
#6269=DIRECTION('',(-0.5,0.,-0.866025403784438));
#6270=DIRECTION('',(0.866025403784438,1.85441192620172E-16,-0.5));
#6271=DIRECTION('',(-1.50591559327977E-16,1.,1.17373598748317E-16));
#6272=DIRECTION('',(0.,-1.,0.));
#6273=DIRECTION('',(0.866025403784438,0.,-0.5));
#6274=DIRECTION('',(-0.5,0.,-0.866025403784438));
#6275=DIRECTION('',(0.866025403784438,0.,-0.5));
#6276=DIRECTION('',(0.,-1.,0.));
#6277=DIRECTION('',(0.,-1.,0.));
#6278=DIRECTION('',(1.,0.,0.));
#6279=DIRECTION('',(-2.689006867259E-16,0.,1.));
#6280=DIRECTION('',(0.,0.,1.));
#6281=DIRECTION('',(0.,1.,0.));
#6282=DIRECTION('',(-1.,0.,0.));
#6283=DIRECTION('',(-0.18837486347124,0.,-0.98209720028732));
#6284=DIRECTION('',(0.225253560580099,0.,0.974300176252672));
#6285=DIRECTION('',(0.,1.,0.));
#6286=DIRECTION('',(-1.,0.,0.));
#6287=DIRECTION('',(0.,1.,0.));
#6288=DIRECTION('',(-1.,0.,0.));
#6289=DIRECTION('',(0.138911870186712,0.,0.99030474719716));
#6290=DIRECTION('',(0.,1.,0.));
#6291=DIRECTION('',(-1.,0.,0.));
#6292=DIRECTION('',(-0.166321402397733,0.,-0.986071595323814));
#6293=DIRECTION('',(0.,1.,0.));
#6294=DIRECTION('',(-1.,0.,0.));
#6295=DIRECTION('',(-0.180206788619019,0.,-0.983628747717156));
#6296=DIRECTION('',(-1.,0.,0.));
#6297=DIRECTION('',(0.18020678861902,0.,0.983628747717156));
#6298=DIRECTION('',(0.,1.,0.));
#6299=DIRECTION('',(-1.,0.,0.));
#6300=DIRECTION('',(0.,1.,0.));
#6301=DIRECTION('',(-1.,0.,0.));
#6302=DIRECTION('',(-3.11282930930869E-16,0.,-1.));
#6303=DIRECTION('',(0.,0.,-1.));
#6304=DIRECTION('',(-1.,0.,0.));
#6305=DIRECTION('',(0.,-1.,0.));
#6306=DIRECTION('',(0.983628747717156,0.,-0.180206788619019));
#6307=DIRECTION('',(-0.180206788619019,0.,-0.983628747717156));
#6308=DIRECTION('',(-0.00113687973494277,0.,0.999999353752025));
#6309=DIRECTION('',(-0.999999353752025,0.,-0.00113687973494277));
#6310=DIRECTION('',(-0.983628747717156,0.,0.18020678861902));
#6311=DIRECTION('',(-0.18020678861902,0.,-0.983628747717156));
#6312=DIRECTION('',(0.,0.,1.));
#6313=DIRECTION('',(0.,-1.,0.));
#6314=DIRECTION('',(-1.,-5.48675235489812E-14,0.));
#6315=DIRECTION('',(0.,-1.,0.));
#6316=DIRECTION('',(-1.,-5.48675235489812E-14,0.));
#6317=DIRECTION('',(0.,1.,0.));
#6318=DIRECTION('',(0.,1.,0.));
#6319=DIRECTION('',(1.,0.,0.));
#6320=DIRECTION('',(0.,0.,1.));
#6321=DIRECTION('',(0.,-1.,0.));
#6322=DIRECTION('',(0.,-1.,0.));
#6323=DIRECTION('',(0.,0.,1.));
#6324=DIRECTION('',(0.,-1.,0.));
#6325=DIRECTION('',(-1.,0.,0.));
#6326=DIRECTION('',(0.,1.,0.));
#6327=DIRECTION('',(0.,1.,0.));
#6328=DIRECTION('',(-1.,0.,0.));
#6329=DIRECTION('',(0.,-1.,0.));
#6330=DIRECTION('',(0.,0.,-1.));
#6331=DIRECTION('',(0.,1.,0.));
#6332=DIRECTION('',(0.,0.,1.));
#6333=DIRECTION('',(0.,1.,0.));
#6334=DIRECTION('',(0.,9.71374417456663E-15,-1.));
#6335=DIRECTION('',(0.,-1.,-1.43222003371662E-15));
#6336=DIRECTION('',(0.,9.71374417456663E-15,-1.));
#6337=DIRECTION('',(0.,1.,0.));
#6338=DIRECTION('',(0.,-1.,0.));
#6339=DIRECTION('',(1.,0.,0.));
#6340=DIRECTION('',(-5.48675235489812E-14,1.,9.71374417456663E-15));
#6341=DIRECTION('',(-1.,-5.48675235489812E-14,0.));
#6342=DIRECTION('',(-1.05533270607156E-30,1.,7.30029462806906E-15));
#6343=DIRECTION('',(0.,-7.30029462806906E-15,1.));
#6344=DIRECTION('',(-0.577350269189618,0.577350269189636,-0.577350269189623));
#6345=DIRECTION('',(-0.211324865405195,0.577350269189613,0.78867513459482));
#6346=DIRECTION('',(0.,0.,-1.));
#6347=DIRECTION('',(-0.707106781186537,0.707106781186558,0.));
#6348=DIRECTION('',(-5.48675235489812E-14,1.,9.71374417456663E-15));
#6349=DIRECTION('',(-0.707106781186522,-3.19285435918481E-14,-0.707106781186573));
#6350=DIRECTION('',(0.577350269189618,-0.577350269189636,0.577350269189623));
#6351=DIRECTION('',(0.211324865405195,-0.577350269189613,-0.78867513459482));
#6352=DIRECTION('',(0.577350269189618,-0.577350269189636,0.577350269189623));
#6353=DIRECTION('',(0.211324865405195,-0.577350269189613,-0.78867513459482));
#6354=DIRECTION('',(-0.707106781186573,-4.56658523449457E-14,0.707106781186522));
#6355=DIRECTION('',(-0.707106781186558,-0.707106781186537,0.));
#6356=DIRECTION('',(0.,0.,-1.));
#6357=DIRECTION('',(0.,1.,0.));
#6358=DIRECTION('',(0.,-1.,0.));
#6359=DIRECTION('',(1.,-2.2035478539024E-30,0.));
#6360=DIRECTION('',(0.,-1.,0.));
#6361=DIRECTION('',(-1.,2.2035478539024E-30,0.));
#6362=DIRECTION('',(-1.,2.2035478539024E-30,0.));
#6363=DIRECTION('',(0.,-1.,0.));
#6364=DIRECTION('',(0.,1.,0.));
#6365=DIRECTION('',(-1.,0.,0.));
#6366=DIRECTION('',(0.,-1.,0.));
#6367=DIRECTION('',(-1.,0.,0.));
#6368=DIRECTION('',(0.,1.,0.));
#6369=DIRECTION('',(0.,1.,0.));
#6370=DIRECTION('',(-1.,0.,0.));
#6371=DIRECTION('',(0.,1.,0.));
#6372=DIRECTION('',(-1.,0.,0.));
#6373=DIRECTION('',(0.,1.,0.));
#6374=DIRECTION('',(-1.,0.,0.));
#6375=DIRECTION('',(5.78241158658936E-17,0.,1.));
#6376=DIRECTION('',(-1.,0.,5.78241158658936E-17));
#6377=DIRECTION('',(-1.,0.,5.78241158658936E-17));
#6378=DIRECTION('',(0.,1.,0.));
#6379=DIRECTION('',(-1.,0.,5.78241158658936E-17));
#6380=DIRECTION('',(0.,-1.,0.));
#6381=DIRECTION('',(5.78241158658936E-17,0.,1.));
#6382=DIRECTION('',(1.,1.98226698122298E-16,-5.78241158658936E-17));
#6383=DIRECTION('',(1.38618507690308E-16,1.,-8.01549264984161E-33));
#6384=DIRECTION('',(5.78241158658936E-17,0.,1.));
#6385=DIRECTION('',(1.,1.98226698122298E-16,-5.78241158658936E-17));
#6386=DIRECTION('',(0.,-1.,0.));
#6387=DIRECTION('',(0.,-1.,0.));
#6388=DIRECTION('',(1.,0.,0.));
#6389=DIRECTION('',(0.,-1.,0.));
#6390=DIRECTION('',(1.,0.,0.));
#6391=DIRECTION('',(0.,1.,0.));
#6392=DIRECTION('',(-1.,0.,0.));
#6393=DIRECTION('',(-1.15648231731787E-16,1.,0.));
#6394=DIRECTION('',(-1.,-1.15648231731787E-16,0.));
#6395=DIRECTION('',(-1.15648231731787E-16,1.,0.));
#6396=DIRECTION('',(-1.,-1.15648231731787E-16,0.));
#6397=DIRECTION('',(-1.15648231731787E-16,1.,0.));
#6398=DIRECTION('',(-1.,-1.15648231731787E-16,0.));
#6399=DIRECTION('',(0.,0.,1.));
#6400=DIRECTION('',(-1.15648231731787E-16,1.,0.));
#6401=DIRECTION('',(-1.,-1.15648231731787E-16,0.));
#6402=DIRECTION('',(-1.15648231731787E-16,1.,0.));
#6403=DIRECTION('',(-1.,-1.15648231731787E-16,0.));
#6404=DIRECTION('',(-1.73472347597681E-16,1.,0.));
#6405=DIRECTION('',(-1.,-1.73472347597681E-16,0.));
#6406=DIRECTION('',(-1.73472347597681E-16,1.,0.));
#6407=DIRECTION('',(-1.,-1.73472347597681E-16,0.));
#6408=DIRECTION('',(0.,0.,1.));
#6409=DIRECTION('',(-1.73472347597681E-16,1.,0.));
#6410=DIRECTION('',(-1.,-1.73472347597681E-16,0.));
#6411=DIRECTION('',(-1.73472347597681E-16,1.,0.));
#6412=DIRECTION('',(-1.,-1.73472347597681E-16,0.));
#6413=DIRECTION('',(-1.73472347597681E-16,1.,0.));
#6414=DIRECTION('',(-1.,-1.73472347597681E-16,0.));
#6415=DIRECTION('',(1.,0.,0.));
#6416=DIRECTION('',(0.,1.,0.));
#6417=DIRECTION('',(0.,1.,0.));
#6418=DIRECTION('',(0.,1.,0.));
#6419=DIRECTION('',(0.,1.,0.));
#6420=DIRECTION('',(-1.,0.,0.));
#6421=DIRECTION('',(0.,1.,0.));
#6422=DIRECTION('',(-1.,0.,0.));
#6423=DIRECTION('',(0.,0.,1.));
#6424=DIRECTION('',(0.,-1.,0.));
#6425=DIRECTION('',(0.,-7.11959426598814E-15,1.));
#6426=DIRECTION('',(0.,-1.,-7.11959426598814E-15));
#6427=DIRECTION('',(0.,0.,-1.));
#6428=DIRECTION('',(0.,1.,0.));
#6429=DIRECTION('',(-1.,0.,0.));
#6430=DIRECTION('',(0.,-1.,0.));
#6431=DIRECTION('',(-1.,0.,0.));
#6432=DIRECTION('',(0.,-1.,0.));
#6433=DIRECTION('',(0.,-1.,0.));
#6434=DIRECTION('',(1.,0.,0.));
#6435=DIRECTION('',(-5.48675235489812E-14,1.,9.71374417456663E-15));
#6436=DIRECTION('',(-1.,-5.48675235489812E-14,0.));
#6437=DIRECTION('',(0.,1.,0.));
#6438=DIRECTION('',(-1.,0.,0.));
#6439=DIRECTION('',(-1.,0.,0.));
#6440=DIRECTION('',(0.,-1.,0.));
#6441=DIRECTION('',(-1.04488386739759E-30,-7.2280144832367E-15,1.));
#6442=DIRECTION('',(0.,-1.,-7.2280144832367E-15));
#6443=DIRECTION('',(-1.,0.,0.));
#6444=DIRECTION('',(0.,-1.,0.));
#6445=DIRECTION('',(0.,-7.2280144832367E-15,-1.));
#6446=DIRECTION('',(0.,1.,-7.2280144832367E-15));
#6447=DIRECTION('',(0.,0.,-1.));
#6448=DIRECTION('',(0.,1.,0.));
#6449=DIRECTION('',(-5.78241158658936E-17,0.,1.));
#6450=DIRECTION('',(-1.,0.,-5.78241158658936E-17));
#6451=DIRECTION('',(-1.,0.,-5.78241158658936E-17));
#6452=DIRECTION('',(0.,1.,0.));
#6453=DIRECTION('',(-1.,0.,-5.78241158658936E-17));
#6454=DIRECTION('',(0.,-1.,0.));
#6455=DIRECTION('',(-5.78241158658936E-17,0.,1.));
#6456=DIRECTION('',(1.,1.02956420533639E-16,5.78241158658936E-17));
#6457=DIRECTION('',(-4.39801626346217E-16,1.,-2.54311401998521E-32));
#6458=DIRECTION('',(-5.78241158658936E-17,0.,1.));
#6459=DIRECTION('',(1.,1.02956420533639E-16,5.78241158658936E-17));
#6460=DIRECTION('',(0.,-1.,0.));
#6461=DIRECTION('',(3.33847688608259E-16,0.,-1.));
#6462=DIRECTION('',(1.,0.,3.33847688608259E-16));
#6463=DIRECTION('',(3.33847688608259E-16,0.,-1.));
#6464=DIRECTION('',(0.990691657069979,-0.136125091779358,3.30740119836298E-16));
#6465=DIRECTION('',(1.,0.,3.33847688608259E-16));
#6466=DIRECTION('',(0.,-1.,0.));
#6467=DIRECTION('',(1.,0.,3.33847688608259E-16));
#6468=DIRECTION('',(0.,-1.,0.));
#6469=DIRECTION('',(0.5,0.,-0.866025403784438));
#6470=DIRECTION('',(0.866025403784438,0.,0.5));
#6471=DIRECTION('',(1.04070787334155E-15,1.,6.00852970821509E-16));
#6472=DIRECTION('',(0.5,0.,-0.866025403784438));
#6473=DIRECTION('',(0.857089765318631,-0.143281234807883,0.494841006726386));
#6474=DIRECTION('',(0.5,0.,-0.866025403784438));
#6475=DIRECTION('',(-0.866025403784438,0.,-0.5));
#6476=DIRECTION('',(0.866025403784438,0.,0.5));
#6477=DIRECTION('',(0.,-1.,0.));
#6478=DIRECTION('',(-1.50591559327959E-16,1.,1.1737359874831E-16));
#6479=DIRECTION('',(0.5,0.,-0.866025403784438));
#6480=DIRECTION('',(0.866025403784438,9.6315791931734E-17,0.5));
#6481=DIRECTION('',(0.,-1.,0.));
#6482=DIRECTION('',(1.,0.,0.));
#6483=DIRECTION('',(0.,-1.,0.));
#6484=DIRECTION('',(1.,0.,0.));
#6485=DIRECTION('',(1.,0.,3.33847688608259E-16));
#6486=DIRECTION('',(0.,-1.,0.));
#6487=DIRECTION('',(1.,0.,0.));
#6488=DIRECTION('',(0.,-1.,0.));
#6489=DIRECTION('',(1.,0.,0.));
#6490=DIRECTION('',(0.,-1.,0.));
#6491=DIRECTION('',(1.,0.,0.));
#6492=DIRECTION('',(1.,0.,3.33847688608259E-16));
#6493=DIRECTION('',(0.,-1.,0.));
#6494=DIRECTION('',(1.,0.,0.));
#6495=DIRECTION('',(0.,-1.,0.));
#6496=DIRECTION('',(1.,0.,0.));
#6497=DIRECTION('',(0.,-1.,0.));
#6498=DIRECTION('',(1.,0.,0.));
#6499=DIRECTION('',(1.,0.,0.));
#6500=DIRECTION('',(0.,1.,0.));
#6501=DIRECTION('',(1.,0.,0.));
#6502=DIRECTION('',(0.,1.,0.));
#6503=DIRECTION('',(1.,0.,0.));
#6504=DIRECTION('',(0.,1.,0.));
#6505=DIRECTION('',(1.,0.,0.));
#6506=DIRECTION('',(0.,1.,0.));
#6507=DIRECTION('',(-3.33847688608259E-16,0.,-1.));
#6508=DIRECTION('',(1.,0.,-3.33847688608259E-16));
#6509=DIRECTION('',(0.,-1.,0.));
#6510=DIRECTION('',(-3.33847688608259E-16,0.,-1.));
#6511=DIRECTION('',(-0.989585923513269,0.143943391596804,3.30370973244174E-16));
#6512=DIRECTION('',(1.,0.,-3.33847688608259E-16));
#6513=DIRECTION('',(0.,-1.,0.));
#6514=DIRECTION('',(1.,0.,-3.33847688608259E-16));
#6515=DIRECTION('',(-1.,0.,0.));
#6516=DIRECTION('',(0.,-1.,0.));
#6517=DIRECTION('',(0.,0.,-1.));
#6518=DIRECTION('',(0.,-1.,0.));
#6519=DIRECTION('',(0.,0.,-1.));
#6520=DIRECTION('',(-0.5,0.,-0.866025403784438));
#6521=DIRECTION('',(0.866025403784438,0.,-0.5));
#6522=DIRECTION('',(-0.5,0.,-0.866025403784438));
#6523=DIRECTION('',(-0.856226178075996,0.150007697479707,0.494342414399382));
#6524=DIRECTION('',(-0.5,0.,-0.866025403784438));
#6525=DIRECTION('',(-0.866025403784438,0.,0.5));
#6526=DIRECTION('',(0.866025403784438,0.,-0.5));
#6527=DIRECTION('',(0.,-1.,0.));
#6528=DIRECTION('',(1.50591559327977E-16,-1.,-1.17373598748317E-16));
#6529=DIRECTION('',(-0.5,0.,-0.866025403784438));
#6530=DIRECTION('',(0.866025403784438,1.85441192620172E-16,-0.5));
#6531=DIRECTION('',(-3.28014640470192E-16,1.,1.89379340973605E-16));
#6532=DIRECTION('',(0.,-1.,0.));
#6533=DIRECTION('',(1.,0.,0.));
#6534=DIRECTION('',(1.,0.,-3.33847688608259E-16));
#6535=DIRECTION('',(0.,0.,-1.));
#6536=DIRECTION('',(0.,0.,-1.));
#6537=DIRECTION('',(0.,-1.,0.));
#6538=DIRECTION('',(1.,0.,0.));
#6539=DIRECTION('',(0.,-1.,0.));
#6540=DIRECTION('',(1.,0.,0.));
#6541=DIRECTION('',(0.,-1.,0.));
#6542=DIRECTION('',(1.,0.,0.));
#6543=DIRECTION('',(0.,0.,-1.));
#6544=DIRECTION('',(1.,0.,-3.33847688608259E-16));
#6545=DIRECTION('',(0.,-1.,0.));
#6546=DIRECTION('',(1.,0.,0.));
#6547=DIRECTION('',(0.,-1.,0.));
#6548=DIRECTION('',(1.,0.,0.));
#6549=DIRECTION('',(0.,0.,-1.));
#6550=DIRECTION('',(-1.,0.,0.));
#6551=DIRECTION('',(0.,-1.,0.));
#6552=DIRECTION('',(-1.,0.,0.));
#6553=DIRECTION('',(0.,-1.,0.));
#6554=DIRECTION('',(0.926598339842948,1.83676529392671E-16,-0.37605254499909));
#6555=DIRECTION('',(-0.37605254499909,5.21278426009161E-17,-0.926598339842948));
#6556=DIRECTION('',(0.926598339842948,1.83676529392671E-16,-0.37605254499909));
#6557=DIRECTION('',(0.926598339842948,1.83676529392671E-16,-0.37605254499909));
#6558=DIRECTION('',(0.37605254499909,-5.21278426009161E-17,0.926598339842948));
#6559=DIRECTION('',(0.926598339842948,1.83676529392671E-16,-0.37605254499909));
#6560=DIRECTION('',(0.37605254499909,-5.21278426009161E-17,0.926598339842948));
#6561=DIRECTION('',(-0.916877976284698,0.144466954568018,0.372107612985705));
#6562=DIRECTION('',(0.926598339842948,1.83676529392671E-16,-0.37605254499909));
#6563=DIRECTION('',(0.926598339842948,1.83676529392671E-16,-0.37605254499909));
#6564=DIRECTION('',(-0.37605254499909,5.21278426009161E-17,-0.926598339842948));
#6565=DIRECTION('',(0.926598339842948,1.83676529392671E-16,-0.37605254499909));
#6566=DIRECTION('',(-1.50591559327977E-16,1.,1.17373598748317E-16));
#6567=DIRECTION('',(-0.37605254499909,5.21278426009161E-17,-0.926598339842948));
#6568=DIRECTION('',(1.50591559327977E-16,-1.,-1.17373598748317E-16));
#6569=DIRECTION('',(0.37605254499909,-5.21278426009161E-17,0.926598339842948));
#6570=DIRECTION('',(0.926598339842948,9.53992483426424E-17,0.376052544999089));
#6571=DIRECTION('',(0.376052544999089,1.65388520882234E-16,-0.926598339842948));
#6572=DIRECTION('',(0.926598339842948,9.53992483426424E-17,0.376052544999089));
#6573=DIRECTION('',(0.926598339842948,9.53992483426424E-17,0.376052544999089));
#6574=DIRECTION('',(0.376052544999089,1.65388520882234E-16,-0.926598339842948));
#6575=DIRECTION('',(-0.926598339842948,-9.53992483426424E-17,-0.376052544999089));
#6576=DIRECTION('',(0.376052544999089,1.65388520882234E-16,-0.926598339842948));
#6577=DIRECTION('',(0.917784279462961,-0.1376011309382,0.372475428901265));
#6578=DIRECTION('',(0.926598339842948,9.53992483426424E-17,0.376052544999089));
#6579=DIRECTION('',(0.926598339842948,9.53992483426424E-17,0.376052544999089));
#6580=DIRECTION('',(0.376052544999089,1.65388520882234E-16,-0.926598339842948));
#6581=DIRECTION('',(0.926598339842948,9.53992483426424E-17,0.376052544999089));
#6582=DIRECTION('',(-1.50591559327959E-16,1.,1.1737359874831E-16));
#6583=DIRECTION('',(0.376052544999089,1.65388520882234E-16,-0.926598339842948));
#6584=DIRECTION('',(1.50591559327959E-16,-1.,-1.1737359874831E-16));
#6585=DIRECTION('',(-0.376052544999089,-1.65388520882234E-16,0.926598339842948));
#6586=DIRECTION('',(0.,1.,0.));
#6587=DIRECTION('',(-1.,0.,0.));
#6588=DIRECTION('',(0.,1.,0.));
#6589=DIRECTION('',(-1.,0.,0.));
#6590=DIRECTION('',(0.,1.,0.));
#6591=DIRECTION('',(-1.,0.,0.));
#6592=DIRECTION('',(0.,1.,0.));
#6593=DIRECTION('',(-1.,0.,0.));
#6594=DIRECTION('',(0.,-1.,0.));
#6595=DIRECTION('',(1.,0.,0.));
#6596=DIRECTION('',(0.,1.,0.));
#6597=DIRECTION('',(-1.,0.,0.));
#6598=DIRECTION('',(0.,1.,0.));
#6599=DIRECTION('',(-1.,0.,0.));
#6600=DIRECTION('',(-1.73472347597681E-16,1.,0.));
#6601=DIRECTION('',(-1.,-1.73472347597681E-16,0.));
#6602=DIRECTION('',(0.,-1.,0.));
#6603=DIRECTION('',(1.,0.,0.));
#6604=DIRECTION('',(0.,-1.,0.));
#6605=DIRECTION('',(1.,0.,0.));
#6606=DIRECTION('',(0.,-1.,0.));
#6607=DIRECTION('',(1.,0.,0.));
#6608=DIRECTION('',(-1.15648231731787E-16,1.,0.));
#6609=DIRECTION('',(-1.,-1.15648231731787E-16,0.));
#6610=DIRECTION('',(-0.447761194029836,-4.84721411302442E-15,0.894153182134345));
#6611=DIRECTION('',(-0.894153182134345,0.,-0.447761194029836));
#6612=DIRECTION('',(0.447761194029839,-5.8166569356293E-15,0.894153182134344));
#6613=DIRECTION('',(-0.894153182134344,0.,0.447761194029839));
#6614=DIRECTION('',(0.,-1.,0.));
#6615=DIRECTION('',(1.,0.,0.));
#6616=DIRECTION('',(-0.447761194029832,0.,0.894153182134348));
#6617=DIRECTION('',(-0.894153182134348,0.,-0.447761194029832));
#6618=DIRECTION('',(0.,-1.,0.));
#6619=DIRECTION('',(1.,0.,0.));
#6620=DIRECTION('',(0.447761194029836,5.17036172055938E-15,0.894153182134345));
#6621=DIRECTION('',(-0.894153182134345,0.,0.447761194029836));
#6622=DIRECTION('',(-1.15648231731787E-16,1.,0.));
#6623=DIRECTION('',(-1.,-1.15648231731787E-16,0.));
#6624=DIRECTION('',(0.447761194029836,4.84721411302442E-15,0.894153182134345));
#6625=DIRECTION('',(-0.894153182134345,0.,0.447761194029836));
#6626=DIRECTION('',(-0.447761194029837,6.46295215069923E-15,0.894153182134345));
#6627=DIRECTION('',(-0.894153182134345,0.,-0.447761194029837));
#6628=DIRECTION('',(0.,1.,0.));
#6629=DIRECTION('',(-1.,0.,0.));
#6630=DIRECTION('',(0.447761194029831,0.,0.894153182134348));
#6631=DIRECTION('',(-0.894153182134348,0.,0.447761194029831));
#6632=DIRECTION('',(0.,1.,0.));
#6633=DIRECTION('',(-1.,0.,0.));
#6634=DIRECTION('',(-0.447761194029837,-5.8166569356293E-15,0.894153182134345));
#6635=DIRECTION('',(-0.894153182134345,0.,-0.447761194029837));
#6636=DIRECTION('',(-1.73472347597681E-16,1.,0.));
#6637=DIRECTION('',(-1.,-1.73472347597681E-16,0.));
#6638=DIRECTION('',(-5.48675235489812E-14,1.,9.71374417456663E-15));
#6639=DIRECTION('',(-1.,-5.48675235489812E-14,2.21319756480563E-16));
#6640=DIRECTION('',(0.,-1.,0.));
#6641=DIRECTION('',(1.,0.,0.));
#6642=DIRECTION('',(0.,-1.,0.));
#6643=DIRECTION('',(1.,0.,0.));
#6644=DIRECTION('',(0.,-1.,0.));
#6645=DIRECTION('',(1.,0.,0.));
#6646=DIRECTION('',(0.,-1.,0.));
#6647=DIRECTION('',(1.,0.,0.));
#6648=DIRECTION('',(0.,-1.,0.));
#6649=DIRECTION('',(1.,0.,0.));
#6650=DIRECTION('',(0.,-1.,0.));
#6651=DIRECTION('',(1.,0.,0.));
#6652=DIRECTION('',(-5.48675235489812E-14,1.,9.71374417456663E-15));
#6653=DIRECTION('',(-1.,-5.48675235489812E-14,0.));
#6654=DIRECTION('',(1.90517480037956E-16,0.,1.));
#6655=DIRECTION('',(0.992546151641321,1.85380215765247E-16,-0.121869343405155));
#6656=DIRECTION('',(-0.121869343405155,1.42154448276904E-15,-0.992546151641321));
#6657=DIRECTION('',(0.,0.,-1.));
#6658=DIRECTION('',(-5.95663174659586E-15,9.71374417456631E-15,-1.));
#6659=DIRECTION('',(-1.,-5.48675235489812E-14,1.27192584943556E-17));
#6660=DIRECTION('',(-1.65176518502169E-14,-9.71374417456754E-15,1.));
#6661=DIRECTION('',(-5.48675235489812E-14,1.,9.71374417456663E-15));
#6662=DIRECTION('',(1.,5.48675235489813E-14,-5.95663174659533E-15));
#6663=DIRECTION('',(5.95663174659586E-15,-9.71374417456631E-15,1.));
#6664=DIRECTION('',(1.,5.48675235489812E-14,6.86785995297573E-17));
#6665=DIRECTION('',(-5.95663174659586E-15,9.71374417456631E-15,-1.));
#6666=DIRECTION('',(-5.48675235489812E-14,1.,9.71374417456663E-15));
#6667=DIRECTION('',(1.,5.48675235489813E-14,-5.95663174659533E-15));
#6668=DIRECTION('',(5.95663174659586E-15,-9.71374417456631E-15,1.));
#6669=DIRECTION('',(-5.48675235489812E-14,1.,9.71374417456663E-15));
#6670=DIRECTION('',(1.,5.48675235489813E-14,-5.95663174659533E-15));
#6671=DIRECTION('',(-5.95663174659586E-15,9.71374417456631E-15,-1.));
#6672=DIRECTION('',(1.,5.48675235489812E-14,1.09377528541814E-16));
#6673=DIRECTION('',(5.95663174659586E-15,-9.71374417456631E-15,1.));
#6674=DIRECTION('',(-5.48675235489812E-14,1.,9.71374417456663E-15));
#6675=DIRECTION('',(1.,5.48675235489813E-14,-5.95663174659533E-15));
#6676=DIRECTION('',(-1.65176518502169E-14,-9.71374417456754E-15,1.));
#6677=DIRECTION('',(-1.,-5.48675235489812E-14,1.27192584943556E-17));
#6678=DIRECTION('',(-5.90121886523551E-15,9.71374417456631E-15,-1.));
#6679=DIRECTION('',(-1.,-5.48675235489812E-14,1.23741560956872E-16));
#6680=DIRECTION('',(-1.59437634877903E-14,-9.71374417456751E-15,1.));
#6681=DIRECTION('',(-5.48675235489812E-14,1.,9.71374417456663E-15));
#6682=DIRECTION('',(1.,5.48675235489813E-14,-5.90121886523498E-15));
#6683=DIRECTION('',(5.90121886523551E-15,-9.71374417456631E-15,1.));
#6684=DIRECTION('',(1.,5.48675235489812E-14,-4.23437029327591E-17));
#6685=DIRECTION('',(-5.90121886523551E-15,9.71374417456631E-15,-1.));
#6686=DIRECTION('',(-5.48675235489812E-14,1.,9.71374417456663E-15));
#6687=DIRECTION('',(1.,5.48675235489813E-14,-5.90121886523498E-15));
#6688=DIRECTION('',(5.90121886523551E-15,-9.71374417456631E-15,1.));
#6689=DIRECTION('',(-5.48675235489812E-14,1.,9.71374417456663E-15));
#6690=DIRECTION('',(1.,5.48675235489813E-14,-5.90121886523498E-15));
#6691=DIRECTION('',(-5.90121886523551E-15,9.71374417456631E-15,-1.));
#6692=DIRECTION('',(1.,5.48675235489812E-14,-1.64477392070259E-18));
#6693=DIRECTION('',(5.90121886523551E-15,-9.71374417456631E-15,1.));
#6694=DIRECTION('',(-5.48675235489812E-14,1.,9.71374417456663E-15));
#6695=DIRECTION('',(1.,5.48675235489813E-14,-5.90121886523498E-15));
#6696=DIRECTION('',(-1.59437634877903E-14,-9.71374417456751E-15,1.));
#6697=DIRECTION('',(-1.,-5.48675235489812E-14,1.23741560956872E-16));
#6698=DIRECTION('',(-6.13730562700935E-15,9.71374417456629E-15,-1.));
#6699=DIRECTION('',(-1.,-5.48675235489812E-14,1.59053575231797E-16));
#6700=DIRECTION('',(-1.64668178848749E-14,-9.71374417456753E-15,1.));
#6701=DIRECTION('',(-5.48675235489812E-14,1.,9.71374417456663E-15));
#6702=DIRECTION('',(1.,5.48675235489813E-14,-6.13730562700882E-15));
#6703=DIRECTION('',(6.13730562700935E-15,-9.71374417456629E-15,1.));
#6704=DIRECTION('',(1.,5.48675235489812E-14,-7.76557172076841E-17));
#6705=DIRECTION('',(-6.13730562700935E-15,9.71374417456629E-15,-1.));
#6706=DIRECTION('',(-5.48675235489812E-14,1.,9.71374417456663E-15));
#6707=DIRECTION('',(1.,5.48675235489813E-14,-6.13730562700882E-15));
#6708=DIRECTION('',(6.13730562700935E-15,-9.71374417456629E-15,1.));
#6709=DIRECTION('',(-5.48675235489812E-14,1.,9.71374417456663E-15));
#6710=DIRECTION('',(1.,5.48675235489813E-14,-6.13730562700882E-15));
#6711=DIRECTION('',(-6.13730562700935E-15,9.71374417456629E-15,-1.));
#6712=DIRECTION('',(1.,5.48675235489812E-14,-3.69567881956277E-17));
#6713=DIRECTION('',(6.13730562700935E-15,-9.71374417456629E-15,1.));
#6714=DIRECTION('',(-5.48675235489812E-14,1.,9.71374417456663E-15));
#6715=DIRECTION('',(1.,5.48675235489813E-14,-6.13730562700882E-15));
#6716=DIRECTION('',(-1.64668178848749E-14,-9.71374417456753E-15,1.));
#6717=DIRECTION('',(-1.,-5.48675235489812E-14,1.59053575231797E-16));
#6718=DIRECTION('',(-5.48675235489812E-14,1.,9.71374417456663E-15));
#6719=DIRECTION('',(-1.,-5.48675235489812E-14,2.21319756480563E-16));
#6720=DIRECTION('',(-1.90517480037956E-16,0.,-1.));
#6721=DIRECTION('',(-5.48675235489812E-14,1.,9.71374417456663E-15));
#6722=DIRECTION('',(-1.,-5.48675235489812E-14,0.));
#6723=DIRECTION('',(0.,0.,-1.));
#6724=DIRECTION('',(-0.121869343405155,1.42154448276904E-15,-0.992546151641321));
#6725=DIRECTION('',(-0.992546151641321,-1.69931864451477E-16,0.121869343405155));
#6726=DIRECTION('',(-1.,-5.48675235489812E-14,1.27192584943556E-17));
#6727=DIRECTION('',(-1.65176518502169E-14,-9.71374417456754E-15,1.));
#6728=DIRECTION('',(-5.48675235489812E-14,1.,9.71374417456663E-15));
#6729=DIRECTION('',(1.,5.48675235489813E-14,-5.95663174659533E-15));
#6730=DIRECTION('',(5.95663174659586E-15,-9.71374417456631E-15,1.));
#6731=DIRECTION('',(1.,5.48675235489812E-14,1.09377528541814E-16));
#6732=DIRECTION('',(-5.95663174659586E-15,9.71374417456631E-15,-1.));
#6733=DIRECTION('',(-5.48675235489812E-14,1.,9.71374417456663E-15));
#6734=DIRECTION('',(1.,5.48675235489813E-14,-5.95663174659533E-15));
#6735=DIRECTION('',(5.95663174659586E-15,-9.71374417456631E-15,1.));
#6736=DIRECTION('',(-5.48675235489812E-14,1.,9.71374417456663E-15));
#6737=DIRECTION('',(1.,5.48675235489813E-14,-5.95663174659533E-15));
#6738=DIRECTION('',(-5.95663174659586E-15,9.71374417456631E-15,-1.));
#6739=DIRECTION('',(1.,5.48675235489812E-14,6.86785995297573E-17));
#6740=DIRECTION('',(5.95663174659586E-15,-9.71374417456631E-15,1.));
#6741=DIRECTION('',(-5.48675235489812E-14,1.,9.71374417456663E-15));
#6742=DIRECTION('',(1.,5.48675235489813E-14,-5.95663174659533E-15));
#6743=DIRECTION('',(-1.65176518502169E-14,-9.71374417456754E-15,1.));
#6744=DIRECTION('',(-1.,-5.48675235489812E-14,1.27192584943556E-17));
#6745=DIRECTION('',(-5.95663174659586E-15,9.71374417456631E-15,-1.));
#6746=DIRECTION('',(-1.,-5.48675235489812E-14,1.23741560956872E-16));
#6747=DIRECTION('',(-1.59437634877903E-14,-9.71374417456751E-15,1.));
#6748=DIRECTION('',(-5.48675235489812E-14,1.,9.71374417456663E-15));
#6749=DIRECTION('',(1.,5.48675235489813E-14,-5.90121886523498E-15));
#6750=DIRECTION('',(5.90121886523551E-15,-9.71374417456631E-15,1.));
#6751=DIRECTION('',(1.,5.48675235489812E-14,-1.64477392070259E-18));
#6752=DIRECTION('',(-5.48675235489812E-14,1.,9.71374417456663E-15));
#6753=DIRECTION('',(1.,5.48675235489813E-14,-5.90121886523498E-15));
#6754=DIRECTION('',(5.90121886523551E-15,-9.71374417456631E-15,1.));
#6755=DIRECTION('',(-5.48675235489812E-14,1.,9.71374417456663E-15));
#6756=DIRECTION('',(1.,5.48675235489813E-14,-5.90121886523498E-15));
#6757=DIRECTION('',(1.,5.48675235489812E-14,-4.23437029327591E-17));
#6758=DIRECTION('',(5.90121886523551E-15,-9.71374417456631E-15,1.));
#6759=DIRECTION('',(-5.48675235489812E-14,1.,9.71374417456663E-15));
#6760=DIRECTION('',(1.,5.48675235489813E-14,-5.90121886523498E-15));
#6761=DIRECTION('',(-1.59437634877903E-14,-9.71374417456751E-15,1.));
#6762=DIRECTION('',(-1.,-5.48675235489812E-14,1.23741560956872E-16));
#6763=DIRECTION('',(-5.90121886523551E-15,9.71374417456631E-15,-1.));
#6764=DIRECTION('',(-1.,-5.48675235489812E-14,1.59053575231797E-16));
#6765=DIRECTION('',(-1.64668178848749E-14,-9.71374417456753E-15,1.));
#6766=DIRECTION('',(-5.48675235489812E-14,1.,9.71374417456663E-15));
#6767=DIRECTION('',(1.,5.48675235489813E-14,-6.13730562700882E-15));
#6768=DIRECTION('',(6.13730562700935E-15,-9.71374417456629E-15,1.));
#6769=DIRECTION('',(1.,5.48675235489812E-14,-3.69567881956277E-17));
#6770=DIRECTION('',(-6.13730562700935E-15,9.71374417456629E-15,-1.));
#6771=DIRECTION('',(-5.48675235489812E-14,1.,9.71374417456663E-15));
#6772=DIRECTION('',(1.,5.48675235489813E-14,-6.13730562700882E-15));
#6773=DIRECTION('',(6.13730562700935E-15,-9.71374417456629E-15,1.));
#6774=DIRECTION('',(-5.48675235489812E-14,1.,9.71374417456663E-15));
#6775=DIRECTION('',(1.,5.48675235489813E-14,-6.13730562700882E-15));
#6776=DIRECTION('',(-6.13730562700935E-15,9.71374417456629E-15,-1.));
#6777=DIRECTION('',(1.,5.48675235489812E-14,-7.76557172076841E-17));
#6778=DIRECTION('',(6.13730562700935E-15,-9.71374417456629E-15,1.));
#6779=DIRECTION('',(-5.48675235489812E-14,1.,9.71374417456663E-15));
#6780=DIRECTION('',(1.,5.48675235489813E-14,-6.13730562700882E-15));
#6781=DIRECTION('',(-1.64668178848749E-14,-9.71374417456753E-15,1.));
#6782=DIRECTION('',(-1.,-5.48675235489812E-14,1.59053575231797E-16));
#6783=DIRECTION('',(-6.13730562700935E-15,9.71374417456629E-15,-1.));
#6784=DIRECTION('',(-0.992546151641321,-1.76174675839002E-16,0.121869343405155));
#6785=DIRECTION('',(-0.121869343405155,0.,-0.992546151641321));
#6786=DIRECTION('',(0.,1.,1.44560289664734E-15));
#6787=DIRECTION('',(0.121869343405155,-1.43482759186886E-15,0.992546151641321));
#6788=DIRECTION('',(-0.992546151641321,0.,0.121869343405155));
#6789=DIRECTION('',(5.49329100722485E-14,-1.,-8.19051613898755E-15));
#6790=DIRECTION('',(-1.,-5.49329100722485E-14,1.90517480037956E-16));
#6791=DIRECTION('',(5.49329100722485E-14,-1.,0.));
#6792=DIRECTION('',(0.,-1.,0.));
#6793=DIRECTION('',(1.,0.,0.));
#6794=DIRECTION('',(0.,1.,0.));
#6795=DIRECTION('',(-0.51427246837829,0.857626858411105,-1.38288219911146E-16));
#6796=DIRECTION('',(-0.857626858411105,-0.514272468378289,2.66964602131242E-16));
#6797=DIRECTION('',(-1.59053575231753E-16,-2.55892236505117E-16,-1.));
#6798=DIRECTION('',(-0.857626858411105,-0.514272468378289,2.66964602131242E-16));
#6799=DIRECTION('',(-1.59053575231753E-16,-2.55892236505117E-16,-1.));
#6800=DIRECTION('',(-0.857626858411105,-0.514272468378289,2.66964602131242E-16));
#6801=DIRECTION('',(0.857626858411105,0.514272468378289,-2.66964602131242E-16));
#6802=DIRECTION('',(1.59053575231753E-16,2.55892236505117E-16,1.));
#6803=DIRECTION('',(0.51427246837829,-0.857626858411105,1.38288219911146E-16));
#6804=DIRECTION('',(0.51427246837829,-0.857626858411105,1.38288219911146E-16));
#6805=DIRECTION('',(-1.59053575231753E-16,-2.55892236505117E-16,-1.));
#6806=DIRECTION('',(0.857626858411105,0.514272468378289,-2.66964602131242E-16));
#6807=DIRECTION('',(0.51427246837829,-0.857626858411105,1.38288219911146E-16));
#6808=DIRECTION('',(-0.857626858411105,-0.514272468378289,2.66964602131242E-16));
#6809=DIRECTION('',(-1.59053575231753E-16,-2.55892236505117E-16,-1.));
#6810=DIRECTION('',(0.857626858411105,0.514272468378289,-2.66964602131242E-16));
#6811=DIRECTION('',(-0.857626858411105,-0.514272468378289,2.66964602131242E-16));
#6812=DIRECTION('',(0.51427246837829,-0.857626858411105,1.38288219911146E-16));
#6813=DIRECTION('',(-0.857626858411105,-0.514272468378289,2.66964602131242E-16));
#6814=DIRECTION('',(-1.59053575231753E-16,-2.55892236505117E-16,-1.));
#6815=DIRECTION('',(-0.51427246837829,0.857626858411105,-3.75704754032059E-16));
#6816=DIRECTION('',(-0.857626858411105,-0.514272468378289,2.66964602131242E-16));
#6817=DIRECTION('',(-1.59053575231753E-16,-2.55892236505117E-16,-1.));
#6818=DIRECTION('',(-1.59053575231753E-16,-2.55892236505117E-16,-1.));
#6819=DIRECTION('',(-1.59053575231753E-16,-2.55892236505117E-16,-1.));
#6820=DIRECTION('',(-0.857626858411105,-0.514272468378289,2.66964602131242E-16));
#6821=DIRECTION('',(-1.59053575231753E-16,-2.55892236505117E-16,-1.));
#6822=DIRECTION('',(-0.51427246837829,0.857626858411105,-2.96565909325088E-16));
#6823=DIRECTION('',(-0.857626858411105,-0.514272468378289,2.66964602131242E-16));
#6824=DIRECTION('',(-1.59053575231753E-16,-2.55892236505117E-16,-1.));
#6825=DIRECTION('',(-0.857626858411105,-0.514272468378289,2.66964602131242E-16));
#6826=DIRECTION('',(-1.59053575231753E-16,-2.55892236505117E-16,-1.));
#6827=DIRECTION('',(0.857626858411105,0.514272468378289,-2.66964602131242E-16));
#6828=DIRECTION('',(1.59053575231753E-16,2.55892236505117E-16,1.));
#6829=DIRECTION('',(-0.857626858411105,-0.514272468378289,2.66964602131242E-16));
#6830=DIRECTION('',(-1.59053575231753E-16,-2.55892236505117E-16,-1.));
#6831=DIRECTION('',(0.857626858411105,0.514272468378289,-2.66964602131242E-16));
#6832=DIRECTION('',(1.59053575231753E-16,2.55892236505117E-16,1.));
#6833=DIRECTION('',(0.51427246837829,-0.857626858411105,4.5484359873903E-16));
#6834=DIRECTION('',(-0.51427246837829,0.857626858411105,-1.38288219911146E-16));
#6835=DIRECTION('',(3.69567881955721E-17,4.59507032798088E-16,1.));
#6836=DIRECTION('',(0.51427246837829,-0.857626858411105,3.75704754032059E-16));
#6837=DIRECTION('',(7.76557172076322E-17,3.91635434033764E-16,1.));
#6838=DIRECTION('',(0.51427246837829,-0.857626858411105,2.96565909325088E-16));
#6839=DIRECTION('',(-0.51427246837829,0.857626858411105,-1.38288219911146E-16));
#6840=DIRECTION('',(-0.857626858411105,-0.514272468378289,2.66964602131242E-16));
#6841=DIRECTION('',(0.857626858411105,0.514272468378289,-2.66964602131242E-16));
#6842=DIRECTION('',(-0.51427246837829,0.857626858411105,-1.38288219911146E-16));
#6843=DIRECTION('',(-0.857626858411105,-0.514272468378289,2.66964602131242E-16));
#6844=DIRECTION('',(0.857626858411105,0.514272468378289,-2.66964602131242E-16));
#6845=DIRECTION('',(0.857626858411105,0.514272468378289,-2.66964602131242E-16));
#6846=DIRECTION('',(1.59053575231753E-16,2.55892236505117E-16,1.));
#6847=DIRECTION('',(0.857626858411105,0.514272468378289,-2.66964602131242E-16));
#6848=DIRECTION('',(1.59053575231753E-16,2.55892236505117E-16,1.));
#6849=DIRECTION('',(-0.51427246837829,0.857626858411105,1.31329295738016E-16));
#6850=DIRECTION('',(-0.857626858411105,-0.51427246837829,6.55326023387365E-17));
#6851=DIRECTION('',(-1.23741560956846E-16,7.89299181571423E-17,-1.));
#6852=DIRECTION('',(-0.857626858411105,-0.51427246837829,6.55326023387365E-17));
#6853=DIRECTION('',(-1.23741560956846E-16,7.89299181571423E-17,-1.));
#6854=DIRECTION('',(-0.857626858411105,-0.51427246837829,6.55326023387365E-17));
#6855=DIRECTION('',(-0.857626858411105,-0.51427246837829,6.55326023387365E-17));
#6856=DIRECTION('',(-1.23741560956846E-16,7.89299181571423E-17,-1.));
#6857=DIRECTION('',(-0.857626858411105,-0.51427246837829,6.55326023387365E-17));
#6858=DIRECTION('',(-1.23741560956846E-16,7.89299181571423E-17,-1.));
#6859=DIRECTION('',(0.857626858411105,0.51427246837829,-6.55326023387365E-17));
#6860=DIRECTION('',(1.23741560956846E-16,-7.89299181571423E-17,1.));
#6861=DIRECTION('',(0.857626858411105,0.51427246837829,-6.55326023387365E-17));
#6862=DIRECTION('',(1.23741560956846E-16,-7.89299181571423E-17,1.));
#6863=DIRECTION('',(0.51427246837829,-0.857626858411105,-1.31329295738016E-16));
#6864=DIRECTION('',(0.51427246837829,-0.857626858411105,-1.31329295738016E-16));
#6865=DIRECTION('',(-1.23741560956846E-16,7.89299181571423E-17,-1.));
#6866=DIRECTION('',(0.857626858411105,0.51427246837829,-6.55326023387365E-17));
#6867=DIRECTION('',(0.51427246837829,-0.857626858411105,-1.31329295738016E-16));
#6868=DIRECTION('',(-0.857626858411105,-0.51427246837829,6.55326023387365E-17));
#6869=DIRECTION('',(-1.23741560956846E-16,7.89299181571423E-17,-1.));
#6870=DIRECTION('',(0.857626858411105,0.51427246837829,-6.55326023387365E-17));
#6871=DIRECTION('',(-0.857626858411105,-0.51427246837829,6.55326023387365E-17));
#6872=DIRECTION('',(0.51427246837829,-0.857626858411105,-1.31329295738016E-16));
#6873=DIRECTION('',(-0.857626858411105,-0.51427246837829,6.55326023387365E-17));
#6874=DIRECTION('',(-1.23741560956846E-16,7.89299181571423E-17,-1.));
#6875=DIRECTION('',(-0.51427246837829,0.857626858411105,-1.06087238382898E-16));
#6876=DIRECTION('',(-0.857626858411105,-0.51427246837829,6.55326023387365E-17));
#6877=DIRECTION('',(-1.23741560956846E-16,7.89299181571423E-17,-1.));
#6878=DIRECTION('',(-1.23741560956846E-16,7.89299181571423E-17,-1.));
#6879=DIRECTION('',(-1.23741560956846E-16,7.89299181571423E-17,-1.));
#6880=DIRECTION('',(-0.857626858411105,-0.51427246837829,6.55326023387365E-17));
#6881=DIRECTION('',(-1.23741560956846E-16,7.89299181571423E-17,-1.));
#6882=DIRECTION('',(-0.51427246837829,0.857626858411105,-2.69483936759266E-17));
#6883=DIRECTION('',(1.64477392066588E-18,1.24684878135829E-16,1.));
#6884=DIRECTION('',(0.51427246837829,-0.857626858411105,1.06087238382898E-16));
#6885=DIRECTION('',(4.23437029327261E-17,5.68132793715055E-17,1.));
#6886=DIRECTION('',(0.51427246837829,-0.857626858411105,2.69483936759266E-17));
#6887=DIRECTION('',(0.857626858411105,0.51427246837829,-6.55326023387365E-17));
#6888=DIRECTION('',(1.23741560956846E-16,-7.89299181571423E-17,1.));
#6889=DIRECTION('',(0.857626858411105,0.51427246837829,-6.55326023387365E-17));
#6890=DIRECTION('',(0.857626858411105,0.51427246837829,-6.55326023387365E-17));
#6891=DIRECTION('',(1.23741560956846E-16,-7.89299181571423E-17,1.));
#6892=DIRECTION('',(0.857626858411105,0.51427246837829,-6.55326023387365E-17));
#6893=DIRECTION('',(-0.51427246837829,0.857626858411105,1.31329295738016E-16));
#6894=DIRECTION('',(-0.857626858411105,-0.51427246837829,6.55326023387365E-17));
#6895=DIRECTION('',(-0.51427246837829,0.857626858411105,1.31329295738016E-16));
#6896=DIRECTION('',(-0.857626858411105,-0.51427246837829,6.55326023387365E-17));
#6897=DIRECTION('',(-0.51427246837829,0.857626858411105,-1.63805688980663E-16));
#6898=DIRECTION('',(-0.857626858411105,-0.51427246837829,1.13056177695322E-16));
#6899=DIRECTION('',(-1.27192584943151E-17,-1.9862583799914E-16,-1.));
#6900=DIRECTION('',(-0.857626858411105,-0.51427246837829,1.13056177695322E-16));
#6901=DIRECTION('',(-1.27192584943151E-17,-1.9862583799914E-16,-1.));
#6902=DIRECTION('',(-0.857626858411105,-0.51427246837829,1.13056177695322E-16));
#6903=DIRECTION('',(-0.857626858411105,-0.51427246837829,1.13056177695322E-16));
#6904=DIRECTION('',(-1.27192584943151E-17,-1.9862583799914E-16,-1.));
#6905=DIRECTION('',(-0.857626858411105,-0.51427246837829,1.13056177695322E-16));
#6906=DIRECTION('',(-1.27192584943151E-17,-1.9862583799914E-16,-1.));
#6907=DIRECTION('',(0.857626858411105,0.51427246837829,-1.13056177695322E-16));
#6908=DIRECTION('',(1.27192584943151E-17,1.9862583799914E-16,1.));
#6909=DIRECTION('',(-0.857626858411105,-0.51427246837829,1.13056177695322E-16));
#6910=DIRECTION('',(-1.27192584943151E-17,-1.9862583799914E-16,-1.));
#6911=DIRECTION('',(0.857626858411105,0.51427246837829,-1.13056177695322E-16));
#6912=DIRECTION('',(1.27192584943151E-17,1.9862583799914E-16,1.));
#6913=DIRECTION('',(0.51427246837829,-0.857626858411105,1.63805688980663E-16));
#6914=DIRECTION('',(0.51427246837829,-0.857626858411105,1.63805688980663E-16));
#6915=DIRECTION('',(-1.27192584943151E-17,-1.9862583799914E-16,-1.));
#6916=DIRECTION('',(0.857626858411105,0.51427246837829,-1.13056177695322E-16));
#6917=DIRECTION('',(0.51427246837829,-0.857626858411105,1.63805688980663E-16));
#6918=DIRECTION('',(-0.857626858411105,-0.51427246837829,1.13056177695322E-16));
#6919=DIRECTION('',(-1.27192584943151E-17,-1.9862583799914E-16,-1.));
#6920=DIRECTION('',(0.857626858411105,0.51427246837829,-1.13056177695322E-16));
#6921=DIRECTION('',(-0.857626858411105,-0.51427246837829,1.13056177695322E-16));
#6922=DIRECTION('',(0.51427246837829,-0.857626858411105,1.63805688980663E-16));
#6923=DIRECTION('',(-0.857626858411105,-0.51427246837829,1.13056177695322E-16));
#6924=DIRECTION('',(-1.27192584943151E-17,-1.9862583799914E-16,-1.));
#6925=DIRECTION('',(-0.51427246837829,0.857626858411105,-4.01222223101576E-16));
#6926=DIRECTION('',(-0.857626858411105,-0.51427246837829,1.13056177695322E-16));
#6927=DIRECTION('',(-1.27192584943151E-17,-1.9862583799914E-16,-1.));
#6928=DIRECTION('',(-1.27192584943151E-17,-1.9862583799914E-16,-1.));
#6929=DIRECTION('',(-1.27192584943151E-17,-1.9862583799914E-16,-1.));
#6930=DIRECTION('',(-0.857626858411105,-0.51427246837829,1.13056177695322E-16));
#6931=DIRECTION('',(-1.27192584943151E-17,-1.9862583799914E-16,-1.));
#6932=DIRECTION('',(-0.51427246837829,0.857626858411105,-3.22083378394605E-16));
#6933=DIRECTION('',(-1.09377528541865E-16,4.02240634292112E-16,1.));
#6934=DIRECTION('',(0.51427246837829,-0.857626858411105,4.01222223101576E-16));
#6935=DIRECTION('',(-0.51427246837829,0.857626858411105,-1.63805688980663E-16));
#6936=DIRECTION('',(-6.86785995298053E-17,3.34369035527788E-16,1.));
#6937=DIRECTION('',(0.51427246837829,-0.857626858411105,3.22083378394605E-16));
#6938=DIRECTION('',(0.51427246837829,-0.857626858411105,4.80361067808547E-16));
#6939=DIRECTION('',(0.857626858411105,0.51427246837829,-1.13056177695322E-16));
#6940=DIRECTION('',(1.27192584943151E-17,1.9862583799914E-16,1.));
#6941=DIRECTION('',(1.31824436917446E-16,3.19126090361138E-48,1.));
#6942=DIRECTION('',(0.210866783119363,-0.35165214525326,0.91207234829024));
#6943=DIRECTION('',(0.857626858411105,0.51427246837829,-1.13056177695322E-16));
#6944=DIRECTION('',(1.27192584943151E-17,1.9862583799914E-16,1.));
#6945=DIRECTION('',(0.857626858411105,0.51427246837829,-1.13056177695322E-16));
#6946=DIRECTION('',(0.857626858411105,0.51427246837829,-1.13056177695322E-16));
#6947=DIRECTION('',(1.27192584943151E-17,1.9862583799914E-16,1.));
#6948=DIRECTION('',(0.857626858411105,0.51427246837829,-1.13056177695322E-16));
#6949=DIRECTION('',(-0.51427246837829,0.857626858411105,-1.63805688980663E-16));
#6950=DIRECTION('',(-0.857626858411105,-0.51427246837829,1.13056177695322E-16));
#6951=DIRECTION('',(-0.51427246837829,0.857626858411105,-1.63805688980663E-16));
#6952=DIRECTION('',(-0.857626858411105,-0.51427246837829,1.13056177695322E-16));
#6953=DIRECTION('',(-0.51427246837829,0.857626858411105,-1.63805688980663E-16));
#6954=DIRECTION('',(-0.857626858411105,-0.51427246837829,1.13056177695322E-16));
#6955=DIRECTION('',(0.857626858411105,0.51427246837829,-1.13056177695322E-16));
#6956=DIRECTION('',(-1.27192584943151E-17,-1.9862583799914E-16,-1.));
#6957=DIRECTION('',(-0.857626858411105,-0.51427246837829,1.13056177695322E-16));
#6958=DIRECTION('',(-0.51427246837829,0.857626858411105,-1.63805688980663E-16));
#6959=DIRECTION('',(-0.857626858411105,-0.51427246837829,1.13056177695322E-16));
#6960=DIRECTION('',(-0.857626858411105,-0.51427246837829,1.13056177695322E-16));
#6961=DIRECTION('',(-1.27192584943151E-17,-1.9862583799914E-16,-1.));
#6962=DIRECTION('',(0.857626858411105,0.51427246837829,-1.13056177695322E-16));
#6963=DIRECTION('',(-0.51427246837829,0.857626858411105,1.31329295738016E-16));
#6964=DIRECTION('',(-0.857626858411105,-0.51427246837829,6.55326023387365E-17));
#6965=DIRECTION('',(0.857626858411105,0.51427246837829,-6.55326023387365E-17));
#6966=DIRECTION('',(-1.23741560956846E-16,7.89299181571423E-17,-1.));
#6967=DIRECTION('',(-0.857626858411105,-0.51427246837829,6.55326023387365E-17));
#6968=DIRECTION('',(-0.51427246837829,0.857626858411105,1.31329295738016E-16));
#6969=DIRECTION('',(-0.857626858411105,-0.51427246837829,6.55326023387365E-17));
#6970=DIRECTION('',(-0.857626858411105,-0.51427246837829,6.55326023387365E-17));
#6971=DIRECTION('',(-1.23741560956846E-16,7.89299181571423E-17,-1.));
#6972=DIRECTION('',(0.857626858411105,0.51427246837829,-6.55326023387365E-17));
#6973=DIRECTION('',(-0.51427246837829,0.857626858411105,-1.38288219911146E-16));
#6974=DIRECTION('',(-0.857626858411105,-0.514272468378289,2.66964602131242E-16));
#6975=DIRECTION('',(-0.857626858411105,-0.514272468378289,2.66964602131242E-16));
#6976=DIRECTION('',(-1.59053575231753E-16,-2.55892236505117E-16,-1.));
#6977=DIRECTION('',(0.857626858411105,0.514272468378289,-2.66964602131242E-16));
#6978=DIRECTION('',(-0.51427246837829,0.857626858411105,-1.38288219911146E-16));
#6979=DIRECTION('',(-0.857626858411105,-0.514272468378289,2.66964602131242E-16));
#6980=DIRECTION('',(0.857626858411105,0.514272468378289,-2.66964602131242E-16));
#6981=DIRECTION('',(-1.59053575231753E-16,-2.55892236505117E-16,-1.));
#6982=DIRECTION('',(-0.857626858411105,-0.514272468378289,2.66964602131242E-16));
#6983=DIRECTION('',(-0.514272468378289,0.857626858411105,-1.63805688980663E-16));
#6984=DIRECTION('',(-0.857626858411105,-0.514272468378289,1.13056177695322E-16));
#6985=DIRECTION('',(0.857626858411105,0.51427246837829,-1.13056177695322E-16));
#6986=DIRECTION('',(-1.27192584943151E-17,-1.9862583799914E-16,-1.));
#6987=DIRECTION('',(0.857626858411105,0.51427246837829,-1.13056177695322E-16));
#6988=DIRECTION('',(-0.51427246837829,0.857626858411105,1.31329295738016E-16));
#6989=DIRECTION('',(-0.857626858411105,-0.51427246837829,6.55326023387365E-17));
#6990=DIRECTION('',(0.857626858411105,0.51427246837829,-1.13056177695322E-16));
#6991=DIRECTION('',(1.64499055590379E-16,-5.44898517523492E-17,1.));
#6992=DIRECTION('',(0.857626858411105,0.51427246837829,-1.13056177695322E-16));
#6993=DIRECTION('',(0.857626858411105,0.51427246837829,-6.55326023387365E-17));
#6994=DIRECTION('',(-1.23741560956846E-16,7.89299181571423E-17,-1.));
#6995=DIRECTION('',(0.857626858411105,0.51427246837829,-6.55326023387365E-17));
#6996=DIRECTION('',(-0.514272468378289,0.857626858411105,-1.38288219911146E-16));
#6997=DIRECTION('',(-0.857626858411105,-0.514272468378289,2.66964602131242E-16));
#6998=DIRECTION('',(0.857626858411105,0.51427246837829,-6.55326023387365E-17));
#6999=DIRECTION('',(-1.49153043340698E-17,1.52301304761655E-16,1.));
#7000=DIRECTION('',(0.857626858411105,0.51427246837829,-6.55326023387365E-17));
#7001=DIRECTION('',(0.857626858411105,0.514272468378289,-2.66964602131242E-16));
#7002=DIRECTION('',(-1.59053575231753E-16,-2.55892236505117E-16,-1.));
#7003=DIRECTION('',(0.857626858411105,0.514272468378289,-2.66964602131242E-16));
#7004=DIRECTION('',(0.51427246837829,-0.857626858411105,1.38288219911146E-16));
#7005=DIRECTION('',(0.857626858411105,0.514272468378289,-2.66964602131242E-16));
#7006=DIRECTION('',(0.857626858411105,0.514272468378289,-2.66964602131242E-16));
#7007=DIRECTION('',(-5.09325713620579E-16,3.28239351527665E-16,-1.));
#7008=DIRECTION('',(0.857626858411105,0.514272468378289,-2.66964602131242E-16));
#7009=DIRECTION('',(0.857626858411105,0.51427246837829,-1.13056177695322E-16));
#7010=DIRECTION('',(1.27192584943151E-17,1.9862583799914E-16,1.));
#7011=DIRECTION('',(-0.857626858411105,-0.51427246837829,1.13056177695322E-16));
#7012=DIRECTION('',(1.27192584943151E-17,1.9862583799914E-16,1.));
#7013=DIRECTION('',(-0.857626858411105,-0.51427246837829,1.13056177695322E-16));
#7014=DIRECTION('',(-0.857626858411105,-0.51427246837829,1.13056177695322E-16));
#7015=DIRECTION('',(-1.27192584943151E-17,-1.9862583799914E-16,-1.));
#7016=DIRECTION('',(0.857626858411105,0.51427246837829,-1.13056177695322E-16));
#7017=DIRECTION('',(1.27192584943151E-17,1.9862583799914E-16,1.));
#7018=DIRECTION('',(-0.857626858411105,-0.51427246837829,1.13056177695322E-16));
#7019=DIRECTION('',(-1.27192584943151E-17,-1.9862583799914E-16,-1.));
#7020=DIRECTION('',(-0.857626858411105,-0.51427246837829,1.13056177695322E-16));
#7021=DIRECTION('',(-0.857626858411105,-0.51427246837829,1.13056177695322E-16));
#7022=DIRECTION('',(1.27192584943151E-17,1.9862583799914E-16,1.));
#7023=DIRECTION('',(-6.86785995298053E-17,3.34369035527788E-16,1.));
#7024=DIRECTION('',(0.51427246837829,-0.857626858411105,3.22083378394605E-16));
#7025=DIRECTION('',(-0.51427246837829,0.857626858411105,-3.22083378394605E-16));
#7026=DIRECTION('',(0.51427246837829,-0.857626858411105,4.80361067808547E-16));
#7027=DIRECTION('',(-1.09377528541865E-16,4.02240634292112E-16,1.));
#7028=DIRECTION('',(0.51427246837829,-0.857626858411105,4.01222223101576E-16));
#7029=DIRECTION('',(-0.51427246837829,0.857626858411105,-1.63805688980663E-16));
#7030=DIRECTION('',(-0.51427246837829,0.857626858411105,-4.01222223101576E-16));
#7031=DIRECTION('',(-0.857626858411105,-0.51427246837829,1.13056177695322E-16));
#7032=DIRECTION('',(-1.27192584943151E-17,-1.9862583799914E-16,-1.));
#7033=DIRECTION('',(-0.857626858411105,-0.51427246837829,1.13056177695322E-16));
#7034=DIRECTION('',(-1.27192584943151E-17,-1.9862583799914E-16,-1.));
#7035=DIRECTION('',(-1.27192584943151E-17,-1.9862583799914E-16,-1.));
#7036=DIRECTION('',(0.857626858411105,0.51427246837829,-1.13056177695322E-16));
#7037=DIRECTION('',(0.51427246837829,-0.857626858411105,1.63805688980663E-16));
#7038=DIRECTION('',(-1.27192584943151E-17,-1.9862583799914E-16,-1.));
#7039=DIRECTION('',(0.857626858411105,0.51427246837829,-1.13056177695322E-16));
#7040=DIRECTION('',(0.51427246837829,-0.857626858411105,1.63805688980663E-16));
#7041=DIRECTION('',(0.857626858411105,0.51427246837829,-1.13056177695322E-16));
#7042=DIRECTION('',(1.27192584943151E-17,1.9862583799914E-16,1.));
#7043=DIRECTION('',(0.857626858411105,0.51427246837829,-6.55326023387365E-17));
#7044=DIRECTION('',(1.23741560956846E-16,-7.89299181571423E-17,1.));
#7045=DIRECTION('',(-0.857626858411105,-0.51427246837829,6.55326023387365E-17));
#7046=DIRECTION('',(1.23741560956846E-16,-7.89299181571423E-17,1.));
#7047=DIRECTION('',(-0.857626858411105,-0.51427246837829,6.55326023387365E-17));
#7048=DIRECTION('',(-0.857626858411105,-0.51427246837829,6.55326023387365E-17));
#7049=DIRECTION('',(-1.23741560956846E-16,7.89299181571423E-17,-1.));
#7050=DIRECTION('',(0.857626858411105,0.51427246837829,-6.55326023387365E-17));
#7051=DIRECTION('',(1.23741560956846E-16,-7.89299181571423E-17,1.));
#7052=DIRECTION('',(-0.857626858411105,-0.51427246837829,6.55326023387365E-17));
#7053=DIRECTION('',(-1.23741560956846E-16,7.89299181571423E-17,-1.));
#7054=DIRECTION('',(-0.857626858411105,-0.51427246837829,6.55326023387365E-17));
#7055=DIRECTION('',(-0.857626858411105,-0.51427246837829,6.55326023387365E-17));
#7056=DIRECTION('',(1.23741560956846E-16,-7.89299181571423E-17,1.));
#7057=DIRECTION('',(4.23437029327261E-17,5.68132793715055E-17,1.));
#7058=DIRECTION('',(0.51427246837829,-0.857626858411105,2.69483936759266E-17));
#7059=DIRECTION('',(-0.51427246837829,0.857626858411105,-2.69483936759266E-17));
#7060=DIRECTION('',(0.51427246837829,-0.857626858411105,1.85226083089869E-16));
#7061=DIRECTION('',(1.64477392066588E-18,1.24684878135829E-16,1.));
#7062=DIRECTION('',(0.51427246837829,-0.857626858411105,1.06087238382898E-16));
#7063=DIRECTION('',(-0.51427246837829,0.857626858411105,1.31329295738016E-16));
#7064=DIRECTION('',(-0.51427246837829,0.857626858411105,-1.06087238382898E-16));
#7065=DIRECTION('',(-0.857626858411105,-0.51427246837829,6.55326023387365E-17));
#7066=DIRECTION('',(-1.23741560956846E-16,7.89299181571423E-17,-1.));
#7067=DIRECTION('',(-0.857626858411105,-0.51427246837829,6.55326023387365E-17));
#7068=DIRECTION('',(-1.23741560956846E-16,7.89299181571423E-17,-1.));
#7069=DIRECTION('',(-1.23741560956846E-16,7.89299181571423E-17,-1.));
#7070=DIRECTION('',(0.857626858411105,0.51427246837829,-6.55326023387365E-17));
#7071=DIRECTION('',(0.51427246837829,-0.857626858411105,-1.31329295738016E-16));
#7072=DIRECTION('',(-1.23741560956846E-16,7.89299181571423E-17,-1.));
#7073=DIRECTION('',(0.857626858411105,0.51427246837829,-6.55326023387365E-17));
#7074=DIRECTION('',(0.51427246837829,-0.857626858411105,-1.31329295738016E-16));
#7075=DIRECTION('',(0.857626858411105,0.51427246837829,-6.55326023387365E-17));
#7076=DIRECTION('',(1.23741560956846E-16,-7.89299181571423E-17,1.));
#7077=DIRECTION('',(0.857626858411105,0.514272468378289,-2.66964602131242E-16));
#7078=DIRECTION('',(1.59053575231753E-16,2.55892236505117E-16,1.));
#7079=DIRECTION('',(-0.857626858411105,-0.514272468378289,2.66964602131242E-16));
#7080=DIRECTION('',(1.59053575231753E-16,2.55892236505117E-16,1.));
#7081=DIRECTION('',(-0.857626858411105,-0.514272468378289,2.66964602131242E-16));
#7082=DIRECTION('',(-0.857626858411105,-0.514272468378289,2.66964602131242E-16));
#7083=DIRECTION('',(-1.59053575231753E-16,-2.55892236505117E-16,-1.));
#7084=DIRECTION('',(0.857626858411105,0.514272468378289,-2.66964602131242E-16));
#7085=DIRECTION('',(1.59053575231753E-16,2.55892236505117E-16,1.));
#7086=DIRECTION('',(-0.857626858411105,-0.514272468378289,2.66964602131242E-16));
#7087=DIRECTION('',(-1.59053575231753E-16,-2.55892236505117E-16,-1.));
#7088=DIRECTION('',(-0.857626858411105,-0.514272468378289,2.66964602131242E-16));
#7089=DIRECTION('',(-0.857626858411105,-0.514272468378289,2.66964602131242E-16));
#7090=DIRECTION('',(1.59053575231753E-16,2.55892236505117E-16,1.));
#7091=DIRECTION('',(7.76557172076322E-17,3.91635434033764E-16,1.));
#7092=DIRECTION('',(0.51427246837829,-0.857626858411105,2.96565909325088E-16));
#7093=DIRECTION('',(-0.51427246837829,0.857626858411105,-2.96565909325088E-16));
#7094=DIRECTION('',(0.51427246837829,-0.857626858411105,4.5484359873903E-16));
#7095=DIRECTION('',(3.69567881955721E-17,4.59507032798088E-16,1.));
#7096=DIRECTION('',(0.51427246837829,-0.857626858411105,3.75704754032059E-16));
#7097=DIRECTION('',(-0.51427246837829,0.857626858411105,-1.38288219911146E-16));
#7098=DIRECTION('',(-0.51427246837829,0.857626858411105,-3.75704754032059E-16));
#7099=DIRECTION('',(-0.857626858411105,-0.514272468378289,2.66964602131242E-16));
#7100=DIRECTION('',(-1.59053575231753E-16,-2.55892236505117E-16,-1.));
#7101=DIRECTION('',(-0.857626858411105,-0.514272468378289,2.66964602131242E-16));
#7102=DIRECTION('',(-1.59053575231753E-16,-2.55892236505117E-16,-1.));
#7103=DIRECTION('',(-1.59053575231753E-16,-2.55892236505117E-16,-1.));
#7104=DIRECTION('',(0.857626858411105,0.514272468378289,-2.66964602131242E-16));
#7105=DIRECTION('',(0.51427246837829,-0.857626858411105,1.38288219911146E-16));
#7106=DIRECTION('',(-1.59053575231753E-16,-2.55892236505117E-16,-1.));
#7107=DIRECTION('',(0.857626858411105,0.514272468378289,-2.66964602131242E-16));
#7108=DIRECTION('',(0.51427246837829,-0.857626858411105,1.38288219911146E-16));
#7109=DIRECTION('',(0.857626858411105,0.514272468378289,-2.66964602131242E-16));
#7110=DIRECTION('',(1.59053575231753E-16,2.55892236505117E-16,1.));
#7111=DIRECTION('',(0.857626858411105,0.51427246837829,-1.13056177695322E-16));
#7112=DIRECTION('',(1.27192584943151E-17,1.9862583799914E-16,1.));
#7113=DIRECTION('',(-0.857626858411105,-0.51427246837829,1.13056177695322E-16));
#7114=DIRECTION('',(-1.27192584943151E-17,-1.9862583799914E-16,-1.));
#7115=DIRECTION('',(-0.857626858411105,-0.51427246837829,1.13056177695322E-16));
#7116=DIRECTION('',(-1.27192584943151E-17,-1.9862583799914E-16,-1.));
#7117=DIRECTION('',(-0.857626858411105,-0.51427246837829,1.13056177695322E-16));
#7118=DIRECTION('',(-1.27192584943151E-17,-1.9862583799914E-16,-1.));
#7119=DIRECTION('',(0.857626858411105,0.51427246837829,-1.13056177695322E-16));
#7120=DIRECTION('',(1.27192584943151E-17,1.9862583799914E-16,1.));
#7121=DIRECTION('',(0.857626858411105,0.51427246837829,-6.55326023387365E-17));
#7122=DIRECTION('',(1.23741560956846E-16,-7.89299181571423E-17,1.));
#7123=DIRECTION('',(-0.857626858411105,-0.51427246837829,6.55326023387365E-17));
#7124=DIRECTION('',(-1.23741560956846E-16,7.89299181571423E-17,-1.));
#7125=DIRECTION('',(-0.857626858411105,-0.51427246837829,6.55326023387365E-17));
#7126=DIRECTION('',(-1.23741560956846E-16,7.89299181571423E-17,-1.));
#7127=DIRECTION('',(-0.857626858411105,-0.51427246837829,6.55326023387365E-17));
#7128=DIRECTION('',(-1.23741560956846E-16,7.89299181571423E-17,-1.));
#7129=DIRECTION('',(0.857626858411105,0.51427246837829,-6.55326023387365E-17));
#7130=DIRECTION('',(1.23741560956846E-16,-7.89299181571423E-17,1.));
#7131=DIRECTION('',(0.857626858411105,0.514272468378289,-2.66964602131242E-16));
#7132=DIRECTION('',(1.59053575231753E-16,2.55892236505117E-16,1.));
#7133=DIRECTION('',(-0.857626858411105,-0.514272468378289,2.66964602131242E-16));
#7134=DIRECTION('',(-1.59053575231753E-16,-2.55892236505117E-16,-1.));
#7135=DIRECTION('',(-0.857626858411105,-0.514272468378289,2.66964602131242E-16));
#7136=DIRECTION('',(-1.59053575231753E-16,-2.55892236505117E-16,-1.));
#7137=DIRECTION('',(0.857626858411105,0.514272468378289,-2.66964602131242E-16));
#7138=DIRECTION('',(1.59053575231753E-16,2.55892236505117E-16,1.));
#7139=DIRECTION('',(-0.857626858411105,-0.514272468378289,2.66964602131242E-16));
#7140=DIRECTION('',(-1.59053575231753E-16,-2.55892236505117E-16,-1.));
#7141=DIRECTION('',(0.,-1.,0.));
#7142=DIRECTION('',(1.,0.,0.));
#7143=DIRECTION('',(0.,-1.,0.));
#7144=DIRECTION('',(1.,0.,0.));
#7145=DIRECTION('',(0.,-1.,0.));
#7146=DIRECTION('',(1.,0.,0.));
#7147=DIRECTION('',(0.,-1.,0.));
#7148=DIRECTION('',(1.,0.,0.));
#7149=DIRECTION('',(0.,-1.,0.));
#7150=DIRECTION('',(1.,0.,0.));
#7151=DIRECTION('',(0.,-1.,0.));
#7152=DIRECTION('',(1.,0.,0.));
#7153=DIRECTION('',(0.,-1.,0.));
#7154=DIRECTION('',(1.,0.,0.));
#7155=DIRECTION('',(0.,-1.,0.));
#7156=DIRECTION('',(1.,0.,0.));
#7157=DIRECTION('',(0.,-1.,0.));
#7158=DIRECTION('',(1.,0.,0.));
#7159=DIRECTION('',(0.,-1.,0.));
#7160=DIRECTION('',(1.,0.,0.));
#7161=DIRECTION('',(0.,-1.,0.));
#7162=DIRECTION('',(1.,0.,0.));
#7163=DIRECTION('',(0.,-1.,0.));
#7164=DIRECTION('',(1.,0.,0.));
#7165=DIRECTION('',(5.48675235489812E-14,-1.,-9.71374417456663E-15));
#7166=DIRECTION('',(1.,5.48675235489812E-14,-2.21319756480563E-16));
#7167=DIRECTION('',(5.48675235489812E-14,-1.,-9.71374417456663E-15));
#7168=DIRECTION('',(1.,5.48675235489812E-14,-2.21319756480563E-16));
#7169=DIRECTION('',(5.48675235489812E-14,-1.,-9.71374417456663E-15));
#7170=DIRECTION('',(1.,5.48675235489812E-14,-2.21319756480563E-16));
#7171=DIRECTION('',(-5.48675235489812E-14,1.,9.71374417456663E-15));
#7172=DIRECTION('',(-1.,-5.48675235489812E-14,2.21319756480563E-16));
#7173=DIRECTION('',(-5.48675235489812E-14,1.,9.71374417456663E-15));
#7174=DIRECTION('',(-1.,-5.48675235489812E-14,2.21319756480563E-16));
#7175=DIRECTION('',(-5.48675235489812E-14,1.,9.71374417456663E-15));
#7176=DIRECTION('',(-1.,-5.48675235489812E-14,2.21319756480563E-16));
#7177=DIRECTION('',(-1.,0.,3.33847688608259E-16));
#7178=DIRECTION('',(-3.33847688608259E-16,0.,-1.));
#7179=DIRECTION('',(-1.,0.,3.33847688608259E-16));
#7180=DIRECTION('',(-3.33847688608259E-16,0.,-1.));
#7181=DIRECTION('',(0.,-1.,0.));
#7182=DIRECTION('',(1.,0.,0.));
#7183=DIRECTION('',(0.,-1.,0.));
#7184=DIRECTION('',(1.,0.,0.));
#7185=DIRECTION('',(0.,-1.,0.));
#7186=DIRECTION('',(1.,0.,0.));
#7187=DIRECTION('',(1.,0.,-3.33847688608259E-16));
#7188=DIRECTION('',(3.33847688608259E-16,0.,1.));
#7189=DIRECTION('',(1.,0.,-3.33847688608259E-16));
#7190=DIRECTION('',(3.33847688608259E-16,0.,1.));
#7191=DIRECTION('',(1.,0.,3.33847688608259E-16));
#7192=DIRECTION('',(-3.33847688608259E-16,0.,1.));
#7193=DIRECTION('',(1.,0.,3.33847688608259E-16));
#7194=DIRECTION('',(-3.33847688608259E-16,0.,1.));
#7195=DIRECTION('',(0.,-1.,0.));
#7196=DIRECTION('',(1.,0.,0.));
#7197=DIRECTION('',(0.,-1.,0.));
#7198=DIRECTION('',(0.,-1.,0.));
#7199=DIRECTION('',(1.,0.,0.));
#7200=DIRECTION('',(0.,-1.,0.));
#7201=DIRECTION('',(1.,0.,0.));
#7202=DIRECTION('',(-1.,0.,-3.33847688608259E-16));
#7203=DIRECTION('',(3.33847688608259E-16,0.,-1.));
#7204=DIRECTION('',(-1.,0.,-3.33847688608259E-16));
#7205=DIRECTION('',(3.33847688608259E-16,0.,-1.));
#7206=DIRECTION('',(0.,1.,0.));
#7207=DIRECTION('',(-1.,0.,0.));
#7208=DIRECTION('',(0.,-1.,0.));
#7209=DIRECTION('',(1.,0.,0.));
#7210=DIRECTION('',(0.,-1.,0.));
#7211=DIRECTION('',(1.,0.,0.));
#7212=DIRECTION('',(0.,-1.,0.));
#7213=DIRECTION('',(1.,0.,0.));
#7214=DIRECTION('',(0.,-1.15648231731787E-15,1.));
#7215=DIRECTION('',(0.,-1.,-1.15648231731787E-15));
#7216=DIRECTION('',(0.,0.,1.));
#7217=DIRECTION('',(0.,-1.,0.));
#7218=DIRECTION('',(0.,-1.,0.));
#7219=DIRECTION('',(1.,0.,0.));
#7220=DIRECTION('',(0.,0.,1.));
#7221=DIRECTION('',(0.,-1.,0.));
#7222=DIRECTION('',(0.,0.,-1.));
#7223=DIRECTION('',(0.,1.,0.));
#7224=DIRECTION('',(0.,-1.,0.));
#7225=DIRECTION('',(1.,0.,0.));
#7226=DIRECTION('',(-3.34362837567228E-31,1.15648231731787E-15,-1.));
#7227=DIRECTION('',(0.,1.,1.15648231731787E-15));
#7228=DIRECTION('',(0.,-1.,0.));
#7229=DIRECTION('',(1.,0.,0.));
#7230=DIRECTION('',(-0.681881314227385,0.,-0.731462831118256));
#7231=DIRECTION('',(0.731462831118256,0.,-0.681881314227385));
#7232=DIRECTION('',(-1.,0.,0.));
#7233=DIRECTION('',(0.,-1.,0.));
#7234=DIRECTION('',(-1.,0.,0.));
#7235=DIRECTION('',(0.,-1.,0.));
#7236=DIRECTION('',(0.,-1.,0.));
#7237=DIRECTION('',(1.,0.,0.));
#7238=DIRECTION('',(0.,0.,-1.));
#7239=DIRECTION('',(0.,1.,0.));
#7240=DIRECTION('',(0.,-1.,0.));
#7241=DIRECTION('',(1.,0.,0.));
#7242=DIRECTION('',(-0.681881314227377,-1.05382886091252E-14,-0.731462831118264));
#7243=DIRECTION('',(0.731462831118264,0.,-0.681881314227377));
#7244=DIRECTION('',(-1.,-3.81492469746247E-15,4.62592926927149E-15));
#7245=DIRECTION('',(-4.62592926927149E-15,0.,-1.));
#7246=DIRECTION('',(-1.,0.,0.));
#7247=DIRECTION('',(0.,-1.,0.));
#7248=DIRECTION('',(0.00872653549834862,-6.33901057671307E-15,0.999961923064171));
#7249=DIRECTION('',(-0.999961923064172,-5.73653637258519E-14,0.00872653549834862));
#7250=DIRECTION('',(-0.00872653549834715,1.24776343088157E-14,-0.999961923064172));
#7251=DIRECTION('',(0.63262388022585,0.774439504841861,-0.00552082496398113));
#7252=DIRECTION('',(-0.0087265354983491,6.46855218803188E-15,-0.999961923064172));
#7253=DIRECTION('',(0.63262388022585,0.774439504841861,-0.00552082496398701));
#7254=DIRECTION('',(0.999961923064172,5.82327254638403E-14,-0.00872653549834659));
#7255=DIRECTION('',(0.00872653549834659,2.58670435656691E-15,0.999961923064172));
#7256=DIRECTION('',(-0.00656575406321503,0.658718433227256,-0.752360895182764));
#7257=DIRECTION('',(0.637075613902849,0.582680185803772,0.504597327818915));
#7258=DIRECTION('',(0.999961923064172,3.85725260694365E-14,-0.00872653549834659));
#7259=DIRECTION('',(0.00872653549834659,2.58670435656691E-15,0.999961923064172));
#7260=DIRECTION('',(-0.00667502472342832,-0.644135745782781,-0.764882072642445));
#7261=DIRECTION('',(0.628270698885531,0.592377449517767,-0.504345998521562));
#7262=DIRECTION('',(0.977541474492384,-0.134318202827063,0.162392382938867));
#7263=DIRECTION('',(-0.130540963196601,-0.99086795618589,-0.0337601885614112));
#7264=DIRECTION('',(-0.977541474492384,0.134318202827063,-0.162392382938866));
#7265=DIRECTION('',(0.1305409631966,0.99086795618589,0.0337601885614112));
#7266=DIRECTION('',(-0.973348554379877,0.141581533037446,0.180408595109464));
#7267=DIRECTION('',(-0.18224441637093,-1.25093041496003E-14,-0.983253259695395));
#7268=DIRECTION('',(0.973348554379877,-0.141581533037446,-0.180408595109465));
#7269=DIRECTION('',(0.139163208502891,0.989926564709343,-0.0260575877997089));
#7270=DIRECTION('',(-0.00811830838085956,0.764908812835369,-0.644087417293506));
#7271=DIRECTION('',(-0.194317130180198,0.630623574035143,0.751368591830717));
#7272=DIRECTION('',(-0.00667502472341972,-0.64413574578278,-0.764882072642446));
#7273=DIRECTION('',(0.628270698885531,0.592377449517772,-0.504345998521557));
#7274=DIRECTION('',(0.00667502472342793,0.644135745782781,0.764882072642445));
#7275=DIRECTION('',(-0.16453529936945,-0.753766513911084,0.636210796645056));
#7276=DIRECTION('',(0.00656575406321636,-0.658718433227244,0.752360895182775));
#7277=DIRECTION('',(0.168148909625531,-0.740936733143851,-0.650183590741771));
#7278=DIRECTION('',(-0.00656575406321677,0.658718433227244,-0.752360895182775));
#7279=DIRECTION('',(0.637075613902849,0.582680185803781,0.504597327818905));
#7280=DIRECTION('',(-0.00605958236675253,0.752337089979355,0.658750472108322));
#7281=DIRECTION('',(-0.19079959867555,-0.647529855921325,0.737767306700261));
#7282=DIRECTION('',(0.,1.,0.));
#7283=DIRECTION('',(-1.,0.,0.));
#7284=DIRECTION('',(0.,-1.,0.));
#7285=DIRECTION('',(1.,0.,0.));
#7286=DIRECTION('',(5.7385896898219E-14,-1.,-1.28301167906629E-15));
#7287=DIRECTION('',(-3.5654329372949E-15,1.28301167906629E-15,-1.));
#7288=DIRECTION('',(-5.7385896898219E-14,1.,1.28301167906629E-15));
#7289=DIRECTION('',(3.5654329372949E-15,-1.28301167906629E-15,1.));
#7290=DIRECTION('',(-1.,-5.74535638723261E-14,3.88578058618805E-15));
#7291=DIRECTION('',(-3.94129173741931E-15,1.44462733310943E-15,-1.));
#7292=DIRECTION('',(3.88578058618805E-15,-1.44462733310944E-15,1.));
#7293=DIRECTION('',(-5.74537083745752E-14,1.,1.44462733310945E-15));
#7294=DIRECTION('',(3.88578058618805E-15,-1.44462733310944E-15,1.));
#7295=DIRECTION('',(-5.74537083745752E-14,1.,1.44462733310945E-15));
#7296=DIRECTION('',(-0.5,-2.74756979666889E-14,-0.866025403784437));
#7297=DIRECTION('',(0.866025403784437,5.0478559517941E-14,-0.5));
#7298=DIRECTION('',(-0.866025403784437,-5.0478559517941E-14,0.5));
#7299=DIRECTION('',(-0.866025403784437,-5.0478559517941E-14,0.5));
#7300=DIRECTION('',(-5.74537083745752E-14,1.,1.44462733310945E-15));
#7301=DIRECTION('',(0.5,2.99778659056372E-14,-0.866025403784441));
#7302=DIRECTION('',(0.866025403784441,4.90339321848315E-14,0.5));
#7303=DIRECTION('',(-0.866025403784441,-4.90339321848315E-14,-0.5));
#7304=DIRECTION('',(-0.866025403784441,-4.90339321848315E-14,-0.5));
#7305=DIRECTION('',(-5.74537083745752E-14,1.,1.44462733310945E-15));
#7306=DIRECTION('',(1.,5.74535638723261E-14,-3.88578058618805E-15));
#7307=DIRECTION('',(3.94129173741931E-15,-1.44462733310943E-15,1.));
#7308=DIRECTION('',(-3.94129173741931E-15,1.44462733310943E-15,-1.));
#7309=DIRECTION('',(-3.94129173741931E-15,1.44462733310943E-15,-1.));
#7310=DIRECTION('',(-5.74537083745752E-14,1.,1.44462733310945E-15));
#7311=DIRECTION('',(0.5,2.74756979666889E-14,0.866025403784437));
#7312=DIRECTION('',(-0.866025403784437,-5.0478559517941E-14,0.5));
#7313=DIRECTION('',(0.866025403784437,5.0478559517941E-14,-0.5));
#7314=DIRECTION('',(0.866025403784437,5.0478559517941E-14,-0.5));
#7315=DIRECTION('',(-5.74537083745752E-14,1.,1.44462733310945E-15));
#7316=DIRECTION('',(-0.5,-2.99778659056372E-14,0.866025403784441));
#7317=DIRECTION('',(-0.866025403784441,-4.90339321848315E-14,-0.5));
#7318=DIRECTION('',(0.866025403784441,4.90339321848315E-14,0.5));
#7319=DIRECTION('',(0.866025403784441,4.90339321848315E-14,0.5));
#7320=DIRECTION('',(5.74537083745752E-14,-1.,-1.44462733310945E-15));
#7321=DIRECTION('',(0.5,2.99778659056372E-14,-0.866025403784441));
#7322=DIRECTION('',(5.74537083745752E-14,-1.,-1.44462733310945E-15));
#7323=DIRECTION('',(1.,5.74537083745752E-14,0.));
#7324=DIRECTION('',(5.74537083745752E-14,-1.,-1.44462733310945E-15));
#7325=DIRECTION('',(0.5,2.99778659056372E-14,-0.866025403784441));
#7326=DIRECTION('',(5.74537083745752E-14,-1.,-1.44462733310945E-15));
#7327=DIRECTION('',(1.,5.74537083745752E-14,0.));
#7328=DIRECTION('',(5.7385896898219E-14,-1.,-1.40547635898102E-15));
#7329=DIRECTION('',(-3.56543293729491E-15,1.40547635898102E-15,-1.));
#7330=DIRECTION('',(-5.7385896898219E-14,1.,1.28301167906629E-15));
#7331=DIRECTION('',(-1.,-5.7385896898219E-14,0.));
#7332=DIRECTION('',(5.7385896898219E-14,-1.,-1.40547635898102E-15));
#7333=DIRECTION('',(-3.56543293729491E-15,1.40547635898102E-15,-1.));
#7334=DIRECTION('',(-5.7385896898219E-14,1.,1.40547635898102E-15));
#7335=DIRECTION('',(3.56543293729491E-15,-1.40547635898102E-15,1.));
#7336=DIRECTION('',(-5.7385896898219E-14,1.,1.40547635898102E-15));
#7337=DIRECTION('',(3.56543293729491E-15,-1.40547635898102E-15,1.));
#7338=DIRECTION('',(-5.7385896898219E-14,1.,1.28301167906629E-15));
#7339=DIRECTION('',(3.5654329372949E-15,-1.28301167906629E-15,1.));
#7340=DIRECTION('',(5.7385896898219E-14,-1.,-1.28301167906629E-15));
#7341=DIRECTION('',(-3.5654329372949E-15,1.28301167906629E-15,-1.));
#7342=DIRECTION('',(-5.7385896898219E-14,1.,1.28301167906629E-15));
#7343=DIRECTION('',(3.5654329372949E-15,-1.28301167906629E-15,1.));
#7344=DIRECTION('',(-1.,-5.74535638723261E-14,3.88578058618805E-15));
#7345=DIRECTION('',(-3.94129173741931E-15,1.44462733310943E-15,-1.));
#7346=DIRECTION('',(3.88578058618805E-15,-1.44462733310944E-15,1.));
#7347=DIRECTION('',(-5.74537083745752E-14,1.,1.44462733310945E-15));
#7348=DIRECTION('',(3.88578058618805E-15,-1.44462733310944E-15,1.));
#7349=DIRECTION('',(-5.74537083745752E-14,1.,1.44462733310945E-15));
#7350=DIRECTION('',(-0.5,-2.74756979666889E-14,-0.866025403784437));
#7351=DIRECTION('',(0.866025403784437,5.0478559517941E-14,-0.5));
#7352=DIRECTION('',(-0.866025403784437,-5.0478559517941E-14,0.5));
#7353=DIRECTION('',(-0.866025403784437,-5.0478559517941E-14,0.5));
#7354=DIRECTION('',(-5.74537083745752E-14,1.,1.44462733310945E-15));
#7355=DIRECTION('',(0.5,2.99778659056372E-14,-0.866025403784441));
#7356=DIRECTION('',(0.866025403784441,4.90339321848315E-14,0.5));
#7357=DIRECTION('',(-0.866025403784441,-4.90339321848315E-14,-0.5));
#7358=DIRECTION('',(-0.866025403784441,-4.90339321848315E-14,-0.5));
#7359=DIRECTION('',(-5.74537083745752E-14,1.,1.44462733310945E-15));
#7360=DIRECTION('',(1.,5.74535638723261E-14,-3.88578058618805E-15));
#7361=DIRECTION('',(3.94129173741931E-15,-1.44462733310943E-15,1.));
#7362=DIRECTION('',(-3.94129173741931E-15,1.44462733310943E-15,-1.));
#7363=DIRECTION('',(-3.94129173741931E-15,1.44462733310943E-15,-1.));
#7364=DIRECTION('',(-5.74537083745752E-14,1.,1.44462733310945E-15));
#7365=DIRECTION('',(0.5,2.74756979666889E-14,0.866025403784437));
#7366=DIRECTION('',(-0.866025403784437,-5.0478559517941E-14,0.5));
#7367=DIRECTION('',(0.866025403784437,5.0478559517941E-14,-0.5));
#7368=DIRECTION('',(0.866025403784437,5.0478559517941E-14,-0.5));
#7369=DIRECTION('',(-5.74537083745752E-14,1.,1.44462733310945E-15));
#7370=DIRECTION('',(-0.5,-2.99778659056372E-14,0.866025403784441));
#7371=DIRECTION('',(-0.866025403784441,-4.90339321848315E-14,-0.5));
#7372=DIRECTION('',(0.866025403784441,4.90339321848315E-14,0.5));
#7373=DIRECTION('',(0.866025403784441,4.90339321848315E-14,0.5));
#7374=DIRECTION('',(5.74537083745752E-14,-1.,-1.44462733310945E-15));
#7375=DIRECTION('',(0.5,2.99778659056372E-14,-0.866025403784441));
#7376=DIRECTION('',(5.74537083745752E-14,-1.,-1.44462733310945E-15));
#7377=DIRECTION('',(1.,5.74537083745752E-14,0.));
#7378=DIRECTION('',(5.74537083745752E-14,-1.,-1.44462733310945E-15));
#7379=DIRECTION('',(0.5,2.99778659056372E-14,-0.866025403784441));
#7380=DIRECTION('',(5.74537083745752E-14,-1.,-1.44462733310945E-15));
#7381=DIRECTION('',(1.,5.74537083745752E-14,0.));
#7382=DIRECTION('',(-5.7385896898219E-14,1.,1.40547635898102E-15));
#7383=DIRECTION('',(3.56543293729491E-15,-1.40547635898102E-15,1.));
#7384=DIRECTION('',(-5.7385896898219E-14,1.,1.40547635898102E-15));
#7385=DIRECTION('',(3.56543293729491E-15,-1.40547635898102E-15,1.));
#7386=DIRECTION('',(5.7385896898219E-14,-1.,-1.40547635898102E-15));
#7387=DIRECTION('',(-3.56543293729491E-15,1.40547635898102E-15,-1.));
#7388=DIRECTION('',(-5.7385896898219E-14,1.,1.28301167906629E-15));
#7389=DIRECTION('',(3.5654329372949E-15,-1.28301167906629E-15,1.));
#7390=DIRECTION('',(-5.7385896898219E-14,1.,1.28301167906629E-15));
#7391=DIRECTION('',(-1.,-5.7385896898219E-14,0.));
#7392=DIRECTION('',(5.7385896898219E-14,-1.,-1.40547635898102E-15));
#7393=DIRECTION('',(-3.56543293729491E-15,1.40547635898102E-15,-1.));
#7394=DIRECTION('',(5.7385896898219E-14,-1.,-1.28301167906629E-15));
#7395=DIRECTION('',(-3.5654329372949E-15,1.28301167906629E-15,-1.));
#7396=DIRECTION('',(-5.7385896898219E-14,1.,1.28301167906629E-15));
#7397=DIRECTION('',(3.5654329372949E-15,-1.28301167906629E-15,1.));
#7398=DIRECTION('',(-1.,-5.74535638723261E-14,3.88578058618805E-15));
#7399=DIRECTION('',(-3.94129173741931E-15,1.44462733310943E-15,-1.));
#7400=DIRECTION('',(3.88578058618805E-15,-1.44462733310944E-15,1.));
#7401=DIRECTION('',(-5.74537083745752E-14,1.,1.44462733310945E-15));
#7402=DIRECTION('',(3.88578058618805E-15,-1.44462733310944E-15,1.));
#7403=DIRECTION('',(-5.74537083745752E-14,1.,1.44462733310945E-15));
#7404=DIRECTION('',(-0.5,-2.74756979666889E-14,-0.866025403784437));
#7405=DIRECTION('',(0.866025403784437,5.0478559517941E-14,-0.5));
#7406=DIRECTION('',(-0.866025403784437,-5.0478559517941E-14,0.5));
#7407=DIRECTION('',(-0.866025403784437,-5.0478559517941E-14,0.5));
#7408=DIRECTION('',(-5.74537083745752E-14,1.,1.44462733310945E-15));
#7409=DIRECTION('',(0.5,2.99778659056372E-14,-0.866025403784441));
#7410=DIRECTION('',(0.866025403784441,4.90339321848315E-14,0.5));
#7411=DIRECTION('',(-0.866025403784441,-4.90339321848315E-14,-0.5));
#7412=DIRECTION('',(-0.866025403784441,-4.90339321848315E-14,-0.5));
#7413=DIRECTION('',(-5.74537083745752E-14,1.,1.44462733310945E-15));
#7414=DIRECTION('',(1.,5.74535638723261E-14,-3.88578058618805E-15));
#7415=DIRECTION('',(3.94129173741931E-15,-1.44462733310943E-15,1.));
#7416=DIRECTION('',(-3.94129173741931E-15,1.44462733310943E-15,-1.));
#7417=DIRECTION('',(-3.94129173741931E-15,1.44462733310943E-15,-1.));
#7418=DIRECTION('',(-5.74537083745752E-14,1.,1.44462733310945E-15));
#7419=DIRECTION('',(0.5,2.74756979666889E-14,0.866025403784437));
#7420=DIRECTION('',(-0.866025403784437,-5.0478559517941E-14,0.5));
#7421=DIRECTION('',(0.866025403784437,5.0478559517941E-14,-0.5));
#7422=DIRECTION('',(0.866025403784437,5.0478559517941E-14,-0.5));
#7423=DIRECTION('',(-5.74537083745752E-14,1.,1.44462733310945E-15));
#7424=DIRECTION('',(-0.5,-2.99778659056372E-14,0.866025403784441));
#7425=DIRECTION('',(-0.866025403784441,-4.90339321848315E-14,-0.5));
#7426=DIRECTION('',(0.866025403784441,4.90339321848315E-14,0.5));
#7427=DIRECTION('',(0.866025403784441,4.90339321848315E-14,0.5));
#7428=DIRECTION('',(5.74537083745752E-14,-1.,-1.44462733310945E-15));
#7429=DIRECTION('',(0.5,2.99778659056372E-14,-0.866025403784441));
#7430=DIRECTION('',(5.74537083745752E-14,-1.,-1.44462733310945E-15));
#7431=DIRECTION('',(1.,5.74537083745752E-14,0.));
#7432=DIRECTION('',(5.74537083745752E-14,-1.,-1.44462733310945E-15));
#7433=DIRECTION('',(0.5,2.99778659056372E-14,-0.866025403784441));
#7434=DIRECTION('',(5.74537083745752E-14,-1.,-1.44462733310945E-15));
#7435=DIRECTION('',(1.,5.74537083745752E-14,0.));
#7436=DIRECTION('',(-5.7385896898219E-14,1.,1.40547635898102E-15));
#7437=DIRECTION('',(3.56543293729491E-15,-1.40547635898102E-15,1.));
#7438=DIRECTION('',(-5.7385896898219E-14,1.,1.40547635898102E-15));
#7439=DIRECTION('',(3.56543293729491E-15,-1.40547635898102E-15,1.));
#7440=DIRECTION('',(5.7385896898219E-14,-1.,-1.40547635898102E-15));
#7441=DIRECTION('',(-3.56543293729491E-15,1.40547635898102E-15,-1.));
#7442=DIRECTION('',(-5.7385896898219E-14,1.,1.28301167906629E-15));
#7443=DIRECTION('',(3.5654329372949E-15,-1.28301167906629E-15,1.));
#7444=DIRECTION('',(-5.7385896898219E-14,1.,1.28301167906629E-15));
#7445=DIRECTION('',(-1.,-5.7385896898219E-14,0.));
#7446=DIRECTION('',(5.7385896898219E-14,-1.,-1.40547635898102E-15));
#7447=DIRECTION('',(-3.56543293729491E-15,1.40547635898102E-15,-1.));
#7448=DIRECTION('',(0.983628747717156,0.,-0.18020678861902));
#7449=DIRECTION('',(0.18020678861902,0.,0.983628747717156));
#7450=DIRECTION('',(0.,1.,0.));
#7451=DIRECTION('',(-0.18020678861902,0.,-0.983628747717156));
#7452=DIRECTION('',(-0.00113687973494275,0.,0.999999353752025));
#7453=DIRECTION('',(-0.999999353752025,0.,-0.00113687973494275));
#7454=DIRECTION('',(0.,1.,0.));
#7455=DIRECTION('',(0.999999353752025,0.,0.00113687973494275));
#7456=DIRECTION('',(1.76485172405742E-16,0.,1.));
#7457=DIRECTION('',(-1.,0.,1.76485172405742E-16));
#7458=DIRECTION('',(0.,1.,0.));
#7459=DIRECTION('',(1.,0.,-1.76485172405742E-16));
#7460=DIRECTION('',(0.983628747717156,0.,-0.180206788619019));
#7461=DIRECTION('',(0.180206788619019,0.,0.983628747717156));
#7462=DIRECTION('',(-0.180206788619019,0.,-0.983628747717156));
#7463=DIRECTION('',(0.,1.,0.));
#7464=DIRECTION('',(-0.00113687973494277,0.,0.999999353752025));
#7465=DIRECTION('',(-0.999999353752025,0.,-0.00113687973494277));
#7466=DIRECTION('',(0.999999353752025,0.,0.00113687973494277));
#7467=DIRECTION('',(0.,1.,0.));
#7468=DIRECTION('',(-0.983628747717156,0.,0.18020678861902));
#7469=DIRECTION('',(-0.18020678861902,0.,-0.983628747717156));
#7470=DIRECTION('',(0.18020678861902,0.,0.983628747717156));
#7471=DIRECTION('',(0.,-1.,0.));
#7472=DIRECTION('',(1.,0.,0.));
#7473=DIRECTION('',(0.18020678861902,0.,0.983628747717156));
#7474=DIRECTION('',(-0.983628747717156,0.,0.18020678861902));
#7475=DIRECTION('',(-0.18020678861902,0.,-0.983628747717156));
#7476=DIRECTION('',(0.00485716141440539,0.,0.999988203921924));
#7477=DIRECTION('',(-0.999988203921924,0.,0.00485716141440539));
#7478=DIRECTION('',(0.,1.,0.));
#7479=DIRECTION('',(0.999988203921924,0.,-0.00485716141440539));
#7480=DIRECTION('',(0.,1.,0.));
#7481=DIRECTION('',(-1.76612389743646E-16,0.,1.));
#7482=DIRECTION('',(-1.,0.,-1.76612389743646E-16));
#7483=DIRECTION('',(0.,1.,0.));
#7484=DIRECTION('',(1.,0.,1.76612389743646E-16));
#7485=DIRECTION('',(3.31313476392498E-15,0.,1.));
#7486=DIRECTION('',(-1.,0.,3.31313476392498E-15));
#7487=DIRECTION('',(0.,1.,0.));
#7488=DIRECTION('',(1.,0.,-3.31313476392498E-15));
#7489=DIRECTION('',(0.,1.,0.));
#7490=DIRECTION('',(0.98209720028732,0.,-0.188374863471238));
#7491=DIRECTION('',(0.188374863471238,0.,0.98209720028732));
#7492=DIRECTION('',(-0.188374863471238,0.,-0.98209720028732));
#7493=DIRECTION('',(0.98209720028732,0.,-0.18837486347124));
#7494=DIRECTION('',(0.18837486347124,0.,0.98209720028732));
#7495=DIRECTION('',(-0.18837486347124,0.,-0.98209720028732));
#7496=DIRECTION('',(-0.974300176252672,0.,0.225253560580099));
#7497=DIRECTION('',(-0.225253560580099,0.,-0.974300176252672));
#7498=DIRECTION('',(0.225253560580099,0.,0.974300176252672));
#7499=DIRECTION('',(0.,1.,0.));
#7500=DIRECTION('',(-1.,0.,0.));
#7501=DIRECTION('',(0.225253560580099,0.,0.974300176252672));
#7502=DIRECTION('',(-0.974300176252672,0.,0.225253560580099));
#7503=DIRECTION('',(-0.225253560580099,0.,-0.974300176252672));
#7504=DIRECTION('',(-4.02205665032121E-16,0.,1.));
#7505=DIRECTION('',(-1.,0.,-4.02205665032121E-16));
#7506=DIRECTION('',(0.,1.,0.));
#7507=DIRECTION('',(1.,0.,4.02205665032121E-16));
#7508=DIRECTION('',(0.,1.,0.));
#7509=DIRECTION('',(3.76827408599901E-15,0.,1.));
#7510=DIRECTION('',(-1.,0.,3.76827408599901E-15));
#7511=DIRECTION('',(0.,1.,0.));
#7512=DIRECTION('',(1.,0.,-3.76827408599901E-15));
#7513=DIRECTION('',(0.,1.,0.));
#7514=DIRECTION('',(0.,1.,0.));
#7515=DIRECTION('',(-1.,0.,0.));
#7516=DIRECTION('',(-0.166321402397734,0.,-0.986071595323814));
#7517=DIRECTION('',(0.149719377079991,0.,0.988728531057327));
#7518=DIRECTION('',(0.138911870186711,0.,0.99030474719716));
#7519=DIRECTION('',(0.138911870186712,0.,0.99030474719716));
#7520=DIRECTION('',(-0.166321402397733,0.,-0.986071595323814));
#7521=DIRECTION('',(-0.99030474719716,0.,0.138911870186711));
#7522=DIRECTION('',(-0.138911870186711,0.,-0.99030474719716));
#7523=DIRECTION('',(0.,1.,0.));
#7524=DIRECTION('',(0.986071595323814,0.,-0.166321402397734));
#7525=DIRECTION('',(0.166321402397734,0.,0.986071595323814));
#7526=DIRECTION('',(-0.988728531057327,0.,0.149719377079991));
#7527=DIRECTION('',(-0.149719377079991,0.,-0.988728531057327));
#7528=DIRECTION('',(-0.99030474719716,0.,0.138911870186712));
#7529=DIRECTION('',(-0.138911870186712,0.,-0.99030474719716));
#7530=DIRECTION('',(0.986071595323814,0.,-0.166321402397733));
#7531=DIRECTION('',(0.166321402397733,0.,0.986071595323814));
#7532=DIRECTION('',(0.,-1.,0.));
#7533=DIRECTION('',(1.,0.,0.));
#7534=DIRECTION('',(0.,-1.,0.));
#7535=DIRECTION('',(0.,-1.,0.));
#7536=DIRECTION('',(0.,-1.,0.));
#7537=DIRECTION('',(1.,0.,0.));
#7538=DIRECTION('',(0.,1.,0.));
#7539=DIRECTION('',(-1.,0.,0.));
#7540=DIRECTION('',(0.,-1.,0.));
#7541=DIRECTION('',(1.,0.,0.));
#7542=DIRECTION('',(-0.699517105798036,-0.0386564787999217,-0.71356954485371));
#7543=DIRECTION('',(0.714103294942181,0.,-0.700040344660735));
#7544=DIRECTION('',(-0.699517105798035,0.038656478799922,-0.71356954485371));
#7545=DIRECTION('',(0.714103294942181,0.,-0.700040344660735));
#7546=DIRECTION('',(-0.713569544853712,0.0386564787999324,-0.699517105798033));
#7547=DIRECTION('',(0.700040344660733,0.,-0.714103294942183));
#7548=DIRECTION('',(-0.713569544853712,-0.0386564787999323,-0.699517105798033));
#7549=DIRECTION('',(0.700040344660733,0.,-0.714103294942183));
#7550=DIRECTION('',(0.,1.,0.));
#7551=DIRECTION('',(-1.,0.,0.));
#7552=DIRECTION('',(0.,-1.,0.));
#7553=DIRECTION('',(1.,0.,0.));
#7554=DIRECTION('',(0.,-1.,0.));
#7555=DIRECTION('',(1.,0.,0.));
#7556=CARTESIAN_POINT('',(0.,0.,0.));
#7557=CARTESIAN_POINT('',(0.0968,-0.0015,-0.0015));
#7558=CARTESIAN_POINT('',(0.0653072343950003,-0.0015,-0.0015));
#7559=CARTESIAN_POINT('',(0.0653072343950004,-0.0075,-0.00149999999999996));
#7560=CARTESIAN_POINT('',(0.065229150551493,-0.00748211415210853,-0.00196293657356357));
#7561=CARTESIAN_POINT('',(0.0968,-0.0075,-0.00149999999999996));
#7562=CARTESIAN_POINT('',(0.0620115935123048,-0.0075,-0.00149999999999996));
#7563=CARTESIAN_POINT('',(0.0584137178394435,-0.0015,-0.0015));
#7564=CARTESIAN_POINT('',(0.0604025688723493,-0.00481670888114511,-0.00649994421946217));
#7565=CARTESIAN_POINT('',(0.0968,-0.00481670888114511,-0.00649994421946217));
#7566=CARTESIAN_POINT('',(0.0545492074124478,-0.00481670888114511,-0.00649994421946217));
#7567=CARTESIAN_POINT('',(0.052560356379542,-0.0015,-0.0015));
#7568=CARTESIAN_POINT('',(0.0561582320524032,-0.0075,-0.00149999999999996));
#7569=CARTESIAN_POINT('',(0.0968,-0.0075,-0.00149999999999996));
#7570=CARTESIAN_POINT('',(0.0529515918238725,-0.0075,-0.00149999999999996));
#7571=CARTESIAN_POINT('',(0.0529515918238725,-0.0015,-0.0015));
#7572=CARTESIAN_POINT('',(0.0528106267997354,-0.0074689394384165,-0.00210972287189853));
#7573=CARTESIAN_POINT('',(0.0968,-0.00746893943841649,-0.00210972287189852));
#7574=CARTESIAN_POINT('',(0.0478995232285341,-0.00746893943841649,-0.00210972287189853));
#7575=CARTESIAN_POINT('',(-0.0776296959058412,-0.0015,-0.0015));
#7576=CARTESIAN_POINT('',(0.0428893735390461,-0.00747137517656791,-0.00208538747908416));
#7577=CARTESIAN_POINT('',(0.0430016559958315,-0.0015,-0.0015));
#7578=CARTESIAN_POINT('',(0.0430016559958315,-0.0075,-0.00149999999999996));
#7579=CARTESIAN_POINT('',(0.0968,-0.0075,-0.00149999999999996));
#7580=CARTESIAN_POINT('',(0.0420805246135118,-0.0075,-0.00149999999999996));
#7581=CARTESIAN_POINT('',(0.0384826489406506,-0.0015,-0.0015));
#7582=CARTESIAN_POINT('',(0.0404714495488551,-0.00481662479035515,-0.00650000000000017));
#7583=CARTESIAN_POINT('',(0.0968,-0.00481662479035514,-0.00650000000000017));
#7584=CARTESIAN_POINT('',(0.0346180880889536,-0.00481662479035515,-0.00650000000000017));
#7585=CARTESIAN_POINT('',(0.032629287480749,-0.0015,-0.0015));
#7586=CARTESIAN_POINT('',(0.0362271631536103,-0.0075,-0.00149999999999996));
#7587=CARTESIAN_POINT('',(0.0968,-0.0075,-0.00149999999999996));
#7588=CARTESIAN_POINT('',(0.0334902486422254,-0.0075,-0.00149999999999996));
#7589=CARTESIAN_POINT('',(0.0334902486422255,-0.0015,-0.0015));
#7590=CARTESIAN_POINT('',(0.0333468461045545,-0.00744872422099106,-0.00228273887254577));
#7591=CARTESIAN_POINT('',(0.0968,-0.00744872422099106,-0.00228273887254578));
#7592=CARTESIAN_POINT('',(0.0284322024199603,-0.00744872422099106,-0.00228273887254577));
#7593=CARTESIAN_POINT('',(0.716929272641531,-0.0015,-0.0015));
#7594=CARTESIAN_POINT('',(0.0233614562637636,-0.00744796283676095,-0.0022885037048173));
#7595=CARTESIAN_POINT('',(0.0235059149538833,-0.0015,-0.0015));
#7596=CARTESIAN_POINT('',(0.0235059149538833,-0.0075,-0.00149999999999996));
#7597=CARTESIAN_POINT('',(0.0968,-0.0075,-0.00149999999999996));
#7598=CARTESIAN_POINT('',(0.0221494557147189,-0.0075,-0.00149999999999996));
#7599=CARTESIAN_POINT('',(0.0185515800418577,-0.0015,-0.0015));
#7600=CARTESIAN_POINT('',(0.0205403806500624,-0.00481662479035544,-0.0065));
#7601=CARTESIAN_POINT('',(0.0968,-0.00481662479035544,-0.0065));
#7602=CARTESIAN_POINT('',(0.0146870191901609,-0.00481662479035545,-0.0065));
#7603=CARTESIAN_POINT('',(0.0126982185819562,-0.0015,-0.0015));
#7604=CARTESIAN_POINT('',(0.0162960942548174,-0.0075,-0.00149999999999996));
#7605=CARTESIAN_POINT('',(0.0968,-0.0075,-0.00149999999999996));
#7606=CARTESIAN_POINT('',(0.006,-0.0075,-0.00149999999999996));
#7607=CARTESIAN_POINT('',(0.006,-0.0015,-0.0015));
#7608=CARTESIAN_POINT('',(0.006,-0.00149999999999996,-0.0075));
#7609=CARTESIAN_POINT('',(0.0968,-0.00149999999999996,-0.0075));
#7610=CARTESIAN_POINT('',(0.0643346220374522,-0.00149999999999996,-0.0075));
#7611=CARTESIAN_POINT('',(0.0643346220374522,-0.0015,-0.0015));
#7612=CARTESIAN_POINT('',(0.0643346220374522,-0.004,-0.00695435605731786));
#7613=CARTESIAN_POINT('',(0.0968,-0.004,-0.00695435605731786));
#7614=CARTESIAN_POINT('',(0.0821165803417994,-0.004,-0.00695435605731786));
#7615=CARTESIAN_POINT('',(0.0821165803417994,-0.004,-0.00695435605731786));
#7616=CARTESIAN_POINT('',(0.0819904670298834,-0.00434483845960258,-0.00679629960850025));
#7617=CARTESIAN_POINT('',(0.0818895256928651,-0.00467744385342909,-0.00660505210900411));
#7618=CARTESIAN_POINT('',(0.0818365240472931,-0.005,-0.00637339717240448));
#7619=CARTESIAN_POINT('',(0.0818365240472931,-0.005,-0.00637339717240448));
#7620=CARTESIAN_POINT('',(0.0968,-0.005,-0.00637339717240448));
#7621=CARTESIAN_POINT('',(0.0932534552587314,-0.005,-0.00637339717240451));
#7622=CARTESIAN_POINT('',(0.0966484692283495,-0.0075,-0.00149999999999996));
#7623=CARTESIAN_POINT('',(0.0964220396552095,-0.00750000000000001,-0.00260927383373852));
#7624=CARTESIAN_POINT('',(0.0954656909490343,-0.00687770959402907,-0.00462873958564954));
#7625=CARTESIAN_POINT('',(0.094022379819155,-0.00566413037005742,-0.00589642880455569));
#7626=CARTESIAN_POINT('',(0.0932534552587314,-0.00499999999999998,-0.00637339717240454));
#7627=CARTESIAN_POINT('',(0.0966484692283495,-0.0075,-0.0015));
#7628=CARTESIAN_POINT('',(0.0968,-0.0075,-0.00149999999999996));
#7629=CARTESIAN_POINT('',(0.0922954131601501,-0.0075,-0.00149999999999996));
#7630=CARTESIAN_POINT('',(0.0922954131601501,-0.0075,-0.00149999999999996));
#7631=CARTESIAN_POINT('',(0.0920284331076598,-0.0075,-0.0020923818983163));
#7632=CARTESIAN_POINT('',(0.0912155151029135,-0.00731435300792613,-0.00312184711394665));
#7633=CARTESIAN_POINT('',(0.0893016565450924,-0.00704841395110868,-0.0037714923731853));
#7634=CARTESIAN_POINT('',(0.0873887440731369,-0.00731341885817414,-0.00312551345160423));
#7635=CARTESIAN_POINT('',(0.0865715880222977,-0.0075,-0.00209242878198488));
#7636=CARTESIAN_POINT('',(0.0863045868398499,-0.0075,-0.00149999999999996));
#7637=CARTESIAN_POINT('',(0.0863045868398499,-0.0075,-0.00149999999999996));
#7638=CARTESIAN_POINT('',(0.0968,-0.0075,-0.00149999999999996));
#7639=CARTESIAN_POINT('',(0.0740511226125689,-0.0075,-0.00149999999999996));
#7640=CARTESIAN_POINT('',(0.0740511226125689,-0.0015,-0.0015));
#7641=CARTESIAN_POINT('',(0.073981021899133,-0.00748211415210854,-0.00196293657356357));
#7642=CARTESIAN_POINT('',(0.0968,-0.00748211415210853,-0.00196293657356356));
#7643=CARTESIAN_POINT('',(0.0968,-0.0075,-0.00149999999999996));
#7644=CARTESIAN_POINT('',(0.0661784127515238,-0.0075,0.00366496505828129));
#7645=CARTESIAN_POINT('',(0.0658132465441784,-0.0075,0.00149999999999996));
#7646=CARTESIAN_POINT('',(0.0968,-0.0075,0.00149999999999996));
#7647=CARTESIAN_POINT('',(0.0620115935123048,-0.0075,0.00149999999999996));
#7648=CARTESIAN_POINT('',(0.0620115935123048,-0.0075,-0.00149999999999995));
#7649=CARTESIAN_POINT('',(0.0968,-0.0075,-0.00149999999999996));
#7650=CARTESIAN_POINT('',(0.0745610589883227,-0.0075,0.0018675577174115));
#7651=CARTESIAN_POINT('',(0.0745054011300095,-0.0075,0.00149999999999996));
#7652=CARTESIAN_POINT('',(0.0893,-0.0075,0.));
#7653=CARTESIAN_POINT('',(0.0863045868398499,-0.0075,0.00149999999999996));
#7654=CARTESIAN_POINT('',(0.0968,-0.0075,0.00149999999999996));
#7655=CARTESIAN_POINT('',(0.0968,-0.0015,-0.0015));
#7656=CARTESIAN_POINT('',(0.0968,-0.00749622031079904,-0.00171293657356369));
#7657=CARTESIAN_POINT('',(0.0655248495169456,-0.00749622031079904,-0.00171293657356357));
#7658=CARTESIAN_POINT('',(0.0738111423541887,-0.00749622031079904,-0.0017129365735636));
#7659=CARTESIAN_POINT('',(0.0738410113594102,-0.0015,-0.0015));
#7660=CARTESIAN_POINT('',(0.0738410113594102,-0.0075,-0.00149999999999996));
#7661=CARTESIAN_POINT('',(0.0968,-0.0075,-0.00149999999999996));
#7662=CARTESIAN_POINT('',(0.0655607656813548,-0.0075,-0.00149999999999996));
#7663=CARTESIAN_POINT('',(0.0655607656813548,-0.0015,-0.0015));
#7664=CARTESIAN_POINT('',(0.0968,-0.0015,0.0015));
#7665=CARTESIAN_POINT('',(0.0536451775361726,-0.0015,0.0015));
#7666=CARTESIAN_POINT('',(0.0536451775361726,-0.0075,0.00149999999999996));
#7667=CARTESIAN_POINT('',(0.0547468143288915,-0.00514624820002862,0.00626496317549129));
#7668=CARTESIAN_POINT('',(0.0968,-0.0075,0.00149999999999996));
#7669=CARTESIAN_POINT('',(0.0561582320524032,-0.0075,0.00149999999999996));
#7670=CARTESIAN_POINT('',(0.052560356379542,-0.0015,0.0015));
#7671=CARTESIAN_POINT('',(0.0968,-0.0075,-0.00149999999999996));
#7672=CARTESIAN_POINT('',(0.0449106950309757,-0.0075,0.00845282415660869));
#7673=CARTESIAN_POINT('',(0.0435770823286307,-0.0075,0.00149999999999996));
#7674=CARTESIAN_POINT('',(0.0968,-0.0075,0.00149999999999996));
#7675=CARTESIAN_POINT('',(0.0420805246135118,-0.0075,0.00149999999999996));
#7676=CARTESIAN_POINT('',(0.0420805246135118,-0.0075,-0.00149999999999995));
#7677=CARTESIAN_POINT('',(0.0968,-0.0075,-0.00149999999999996));
#7678=CARTESIAN_POINT('',(0.0551764235094494,-0.0075,0.00812317264955845));
#7679=CARTESIAN_POINT('',(0.0561582320524032,-0.0075,-0.00149999999999995));
#7680=CARTESIAN_POINT('',(0.0968,-0.0015,0.0015));
#7681=CARTESIAN_POINT('',(0.034039866948026,-0.0015,0.0015));
#7682=CARTESIAN_POINT('',(0.034039866948026,-0.0075,0.00149999999999996));
#7683=CARTESIAN_POINT('',(0.0348940092233907,-0.00527676487221238,0.00616219337866015));
#7684=CARTESIAN_POINT('',(0.0968,-0.0075,0.00149999999999996));
#7685=CARTESIAN_POINT('',(0.0362271631536103,-0.0075,0.00149999999999996));
#7686=CARTESIAN_POINT('',(0.032629287480749,-0.0015,0.0015));
#7687=CARTESIAN_POINT('',(0.0968,-0.0075,-0.00149999999999996));
#7688=CARTESIAN_POINT('',(0.0355462003184187,-0.0075,0.00972206986827987));
#7689=CARTESIAN_POINT('',(0.0362271631536103,-0.0075,-0.00149999999999995));
#7690=CARTESIAN_POINT('',(0.0968,-0.0075,-0.00149999999999996));
#7691=CARTESIAN_POINT('',(0.0258861027412914,-0.0075,0.0114918586896829));
#7692=CARTESIAN_POINT('',(0.0240555332596839,-0.0075,0.00149999999999996));
#7693=CARTESIAN_POINT('',(0.0968,-0.0075,0.00149999999999996));
#7694=CARTESIAN_POINT('',(0.022149455714719,-0.0075,0.00149999999999996));
#7695=CARTESIAN_POINT('',(0.022149455714719,-0.0075,-0.00149999999999993));
#7696=CARTESIAN_POINT('',(0.0968,-0.0015,-0.0015));
#7697=CARTESIAN_POINT('',(0.0968,-0.0075,-0.00149999999999996));
#7698=CARTESIAN_POINT('',(0.0526949973922041,-0.0075,-0.00149999999999996));
#7699=CARTESIAN_POINT('',(0.0432562132839765,-0.0075,-0.00149999999999996));
#7700=CARTESIAN_POINT('',(0.0432562132839765,-0.0015,-0.0015));
#7701=CARTESIAN_POINT('',(0.043187215279643,-0.0074892069137268,-0.00185972287189853));
#7702=CARTESIAN_POINT('',(0.0968,-0.0074892069137268,-0.00185972287189871));
#7703=CARTESIAN_POINT('',(0.0526118311774253,-0.00748920691372681,-0.00185972287189856));
#7704=CARTESIAN_POINT('',(0.0526949973922041,-0.0015,-0.0015));
#7705=CARTESIAN_POINT('',(0.0308099615029341,0.00153400029890646,-2.10064573320942E-16));
#7706=CARTESIAN_POINT('',(0.032629287480749,-0.0015,0.0015));
#7707=CARTESIAN_POINT('',(0.0346180880889539,-0.00481662479035565,0.00649999999999983));
#7708=CARTESIAN_POINT('',(0.0347280484388928,-0.00500000024843781,0.0063733969939802));
#7709=CARTESIAN_POINT('',(0.0347280484388928,-0.00500000024843781,-2.10363960438527E-16));
#7710=CARTESIAN_POINT('',(0.0347280484388928,-0.00500000024843781,0.00525632407219968));
#7711=CARTESIAN_POINT('',(0.0334322633968792,-0.00283908337442619,-0.00181650280604352));
#7712=CARTESIAN_POINT('',(0.0364463877563602,-0.00786559006927923,-0.00650000000000017));
#7713=CARTESIAN_POINT('',(0.031429995589655,0.000500000000233874,-0.00650000000000017));
#7714=CARTESIAN_POINT('',(0.0314299955896339,0.000500000000233915,-0.0107588190451044));
#7715=CARTESIAN_POINT('',(0.031429995589648,0.000500000000245648,-0.00446032303470028));
#7716=CARTESIAN_POINT('',(0.0306608224871044,0.0017827120878457,4.8060538006045E-5));
#7717=CARTESIAN_POINT('',(0.031429995589648,0.000500000000245563,0.00455644411071234));
#7718=CARTESIAN_POINT('',(0.0314299955896339,0.000500000000233915,-0.0107588190451044));
#7719=CARTESIAN_POINT('',(0.0314299955896551,0.000500000000233746,0.00649999999999983));
#7720=CARTESIAN_POINT('',(0.0308099615029341,0.00153400029890652,0.00649999999999983));
#7721=CARTESIAN_POINT('',(0.0968,-0.0015,0.0015));
#7722=CARTESIAN_POINT('',(0.0968,-0.00149999999999996,0.0075));
#7723=CARTESIAN_POINT('',(0.0643346220374522,-0.00149999999999996,0.0075));
#7724=CARTESIAN_POINT('',(0.00804058268497256,-0.00149999999999996,0.0075));
#7725=CARTESIAN_POINT('',(0.00804058268497256,-0.00149999999999996,0.0075));
#7726=CARTESIAN_POINT('',(0.00804058268497256,-0.00229080620033281,0.0075));
#7727=CARTESIAN_POINT('',(0.00796275635888687,-0.00385159438120167,0.00718625267787232));
#7728=CARTESIAN_POINT('',(0.00759886655803426,-0.00582663049594264,0.00587150444061871));
#7729=CARTESIAN_POINT('',(0.00695382040171051,-0.00712568201846665,0.0039544644142069));
#7730=CARTESIAN_POINT('',(0.00634709659753951,-0.00745285279343292,0.0025327030930172));
#7731=CARTESIAN_POINT('',(0.006,-0.00749121506407104,0.00182456440970657));
#7732=CARTESIAN_POINT('',(0.006,-0.00749121506407104,0.00182456440970658));
#7733=CARTESIAN_POINT('',(0.006,-0.0015,0.0015));
#7734=CARTESIAN_POINT('',(0.006,-0.0075,0.00149999999999996));
#7735=CARTESIAN_POINT('',(0.0968,-0.0075,0.00149999999999996));
#7736=CARTESIAN_POINT('',(0.0162960942548174,-0.0075,0.00149999999999996));
#7737=CARTESIAN_POINT('',(0.0126982185819562,-0.0015,0.0015));
#7738=CARTESIAN_POINT('',(0.0146870191901608,-0.00481662479035536,0.0065));
#7739=CARTESIAN_POINT('',(0.0968,-0.00481662479035536,0.0065));
#7740=CARTESIAN_POINT('',(0.0205403806500624,-0.00481662479035536,0.0065));
#7741=CARTESIAN_POINT('',(0.0185515800418577,-0.0015,0.0015));
#7742=CARTESIAN_POINT('',(0.0240555332596839,-0.0015,0.0015));
#7743=CARTESIAN_POINT('',(0.0249483693261256,-0.00500000024843781,0.0063733969939802));
#7744=CARTESIAN_POINT('',(0.0968,-0.00500000024843781,0.0063733969939802));
#7745=CARTESIAN_POINT('',(0.0252025302588761,-0.00500000024843781,0.00637339699398022));
#7746=CARTESIAN_POINT('',(0.0243096941924344,-0.0015,0.0015));
#7747=CARTESIAN_POINT('',(0.0243096941924344,-0.0075,0.00149999999999996));
#7748=CARTESIAN_POINT('',(0.0968,-0.0075,0.00149999999999996));
#7749=CARTESIAN_POINT('',(0.0258311432730983,-0.0075,0.00149999999999996));
#7750=CARTESIAN_POINT('',(0.0301188059549905,-0.0075,0.00149999999999996));
#7751=CARTESIAN_POINT('',(0.0301643884002246,-0.0075,0.0021004410283879));
#7752=CARTESIAN_POINT('',(0.0297375603910057,-0.00728317634978637,0.00329397622582754));
#7753=CARTESIAN_POINT('',(0.0279770483912511,-0.00691288401883899,0.00407235469816115));
#7754=CARTESIAN_POINT('',(0.0262104731229051,-0.00728339989929449,0.00329309638249482));
#7755=CARTESIAN_POINT('',(0.0257855457136053,-0.0075,0.00210064012304187));
#7756=CARTESIAN_POINT('',(0.0258311432730983,-0.0075,0.00149999999999996));
#7757=CARTESIAN_POINT('',(0.0301188059549905,-0.0075,0.00149999999999996));
#7758=CARTESIAN_POINT('',(0.0968,-0.0075,0.00149999999999996));
#7759=CARTESIAN_POINT('',(0.0337857060152755,-0.0075,0.00149999999999996));
#7760=CARTESIAN_POINT('',(0.0337857060152755,-0.0015,0.0015));
#7761=CARTESIAN_POINT('',(0.0346785420817172,-0.00500000024843781,0.00637339699398022));
#7762=CARTESIAN_POINT('',(0.0968,-0.00500000024843781,0.0063733969939802));
#7763=CARTESIAN_POINT('',(0.0968,-0.00481662479035565,0.00649999999999983));
#7764=CARTESIAN_POINT('',(0.0404714495488554,-0.00481662479035565,0.00649999999999983));
#7765=CARTESIAN_POINT('',(0.0384826489406506,-0.0015,0.0015));
#7766=CARTESIAN_POINT('',(0.0435770823286307,-0.0015,0.0015));
#7767=CARTESIAN_POINT('',(0.0445118426488043,-0.00500000024843781,0.0063733969939802));
#7768=CARTESIAN_POINT('',(0.0968,-0.00500000024843781,0.0063733969939802));
#7769=CARTESIAN_POINT('',(0.0447663999369494,-0.00500000024843781,0.00637339699398021));
#7770=CARTESIAN_POINT('',(0.0438316396167758,-0.0015,0.0015));
#7771=CARTESIAN_POINT('',(0.0438316396167757,-0.0075,0.00149999999999996));
#7772=CARTESIAN_POINT('',(0.0968,-0.0075,0.00149999999999996));
#7773=CARTESIAN_POINT('',(0.0448851729490919,-0.0075,0.00149999999999996));
#7774=CARTESIAN_POINT('',(0.0491747160220568,-0.0075,0.00149999999999996));
#7775=CARTESIAN_POINT('',(0.0491365818484455,-0.0075,0.00204580599654896));
#7776=CARTESIAN_POINT('',(0.0486391371659014,-0.0073290933820248,0.00307356466483556));
#7777=CARTESIAN_POINT('',(0.0470303617027686,-0.00707050998466325,0.00371405221745827));
#7778=CARTESIAN_POINT('',(0.0454179568561902,-0.00732967422140301,0.00307112573961209));
#7779=CARTESIAN_POINT('',(0.0449233167662526,-0.0075,0.002045944022539));
#7780=CARTESIAN_POINT('',(0.0448851729490919,-0.0075,0.00149999999999996));
#7781=CARTESIAN_POINT('',(0.0491747160220568,-0.0075,0.00149999999999996));
#7782=CARTESIAN_POINT('',(0.0968,-0.0075,0.00149999999999996));
#7783=CARTESIAN_POINT('',(0.0533885831045041,-0.0075,0.00149999999999996));
#7784=CARTESIAN_POINT('',(0.0533885831045042,-0.0015,0.0015));
#7785=CARTESIAN_POINT('',(0.0545152892796344,-0.00500000024843781,0.00637339699398021));
#7786=CARTESIAN_POINT('',(0.0968,-0.00500000024843781,0.0063733969939802));
#7787=CARTESIAN_POINT('',(0.0546591173376858,-0.00500000024843781,0.0063733969939802));
#7788=CARTESIAN_POINT('',(0.052560356379542,-0.0015,0.0015));
#7789=CARTESIAN_POINT('',(0.0545491065612045,-0.0048165406964954,0.00650005578053783));
#7790=CARTESIAN_POINT('',(0.0968,-0.0048165406964954,0.00650005578053784));
#7791=CARTESIAN_POINT('',(0.060402468021106,-0.0048165406964954,0.00650005578053783));
#7792=CARTESIAN_POINT('',(0.0584137178394435,-0.0015,0.0015));
#7793=CARTESIAN_POINT('',(0.0658132465441784,-0.0015,0.0015));
#7794=CARTESIAN_POINT('',(0.0666352459064189,-0.00500000024843781,0.0063733969939802));
#7795=CARTESIAN_POINT('',(0.0968,-0.00500000024843781,0.0063733969939802));
#7796=CARTESIAN_POINT('',(0.0668887771927733,-0.00500000024843781,0.00637339699398021));
#7797=CARTESIAN_POINT('',(0.0660667778305328,-0.0015,0.0015));
#7798=CARTESIAN_POINT('',(0.0660667778305328,-0.0075,0.00149999999999996));
#7799=CARTESIAN_POINT('',(0.0968,-0.0075,0.00149999999999996));
#7800=CARTESIAN_POINT('',(0.0672168287241235,-0.0075,0.00149999999999996));
#7801=CARTESIAN_POINT('',(0.071493947380329,-0.0075,0.00149999999999996));
#7802=CARTESIAN_POINT('',(0.0715570607600856,-0.0075,0.00210934221068177));
#7803=CARTESIAN_POINT('',(0.0711470235840102,-0.00727452267279942,0.00333424964849975));
#7804=CARTESIAN_POINT('',(0.0693569400531008,-0.00687994662212575,0.00413998965871814));
#7805=CARTESIAN_POINT('',(0.0675634783542089,-0.00727433041246755,0.00333481405620268));
#7806=CARTESIAN_POINT('',(0.0671536906223868,-0.0075,0.00210958089455617));
#7807=CARTESIAN_POINT('',(0.0672168287241235,-0.0075,0.00149999999999996));
#7808=CARTESIAN_POINT('',(0.071493947380329,-0.0075,0.00149999999999996));
#7809=CARTESIAN_POINT('',(0.0968,-0.0075,0.00149999999999996));
#7810=CARTESIAN_POINT('',(0.0742618268828535,-0.0075,0.00149999999999996));
#7811=CARTESIAN_POINT('',(0.0742618268828535,-0.0015,0.0015));
#7812=CARTESIAN_POINT('',(0.074945427251843,-0.00500000024843781,0.00637339699398021));
#7813=CARTESIAN_POINT('',(0.0968,-0.00500000024843781,0.0063733969939802));
#7814=CARTESIAN_POINT('',(0.0751978747945894,-0.00500000024843781,0.0063733969939802));
#7815=CARTESIAN_POINT('',(0.0745142744255999,-0.0015,0.0015));
#7816=CARTESIAN_POINT('',(0.0746258609898152,-0.00744703087110874,0.00229550224266163));
#7817=CARTESIAN_POINT('',(0.0745054011300095,-0.0015,0.0015));
#7818=CARTESIAN_POINT('',(0.0863045868398499,-0.0075,0.00149999999999996));
#7819=CARTESIAN_POINT('',(0.0865715668923402,-0.0075,0.0020923818983163));
#7820=CARTESIAN_POINT('',(0.0873844848970865,-0.00731435300792613,0.00312184711394664));
#7821=CARTESIAN_POINT('',(0.0892983434549076,-0.00704841395110868,0.0037714923731853));
#7822=CARTESIAN_POINT('',(0.0912112559268631,-0.00731341885817415,0.00312551345160424));
#7823=CARTESIAN_POINT('',(0.0920284119777024,-0.0075,0.00209242878198487));
#7824=CARTESIAN_POINT('',(0.0922954131601501,-0.0075,0.00149999999999996));
#7825=CARTESIAN_POINT('',(0.0922954131601501,-0.0075,0.00149999999999996));
#7826=CARTESIAN_POINT('',(0.0968,-0.0075,0.00149999999999996));
#7827=CARTESIAN_POINT('',(0.0966484692283495,-0.0075,0.00149999999999996));
#7828=CARTESIAN_POINT('',(0.0966484692283495,-0.0075,0.00149999999999996));
#7829=CARTESIAN_POINT('',(0.0964220396552095,-0.00750000000000001,0.00260927383373859));
#7830=CARTESIAN_POINT('',(0.0954656909490342,-0.00687770959402901,0.0046287395856497));
#7831=CARTESIAN_POINT('',(0.0940223798191547,-0.00566413037005722,0.00589642880455588));
#7832=CARTESIAN_POINT('',(0.0932534552587311,-0.00499999999999973,0.00637339717240472));
#7833=CARTESIAN_POINT('',(0.0932534552587308,-0.005,0.00637339717240448));
#7834=CARTESIAN_POINT('',(0.0968,-0.005,0.00637339717240448));
#7835=CARTESIAN_POINT('',(0.0818365240472931,-0.005,0.00637339717240448));
#7836=CARTESIAN_POINT('',(0.0818365240472931,-0.005,0.00637339717240448));
#7837=CARTESIAN_POINT('',(0.0818895256928651,-0.0046774438534291,0.0066050521090041));
#7838=CARTESIAN_POINT('',(0.0819904670298831,-0.0043448384596026,0.00679629960850029));
#7839=CARTESIAN_POINT('',(0.082116580341799,-0.004,0.0069543560573179));
#7840=CARTESIAN_POINT('',(0.0821165803417994,-0.004,0.00695435605731786));
#7841=CARTESIAN_POINT('',(0.0968,-0.004,0.00695435605731786));
#7842=CARTESIAN_POINT('',(0.0749943884933548,-0.004,0.00695435605731786));
#7843=CARTESIAN_POINT('',(0.0968,-0.004,0.00695435605731786));
#7844=CARTESIAN_POINT('',(0.0728,-0.004,0.00695435605731786));
#7845=CARTESIAN_POINT('',(0.0968,-0.004,0.00695435605731786));
#7846=CARTESIAN_POINT('',(0.0643346220374522,-0.004,0.00695435605731786));
#7847=CARTESIAN_POINT('',(0.0643346220374522,-0.0015,0.0015));
#7848=CARTESIAN_POINT('',(0.0968,0.0075,-0.00149999999999996));
#7849=CARTESIAN_POINT('',(0.0706610934090464,0.0075,-0.00149999999999107));
#7850=CARTESIAN_POINT('',(0.0705760259488843,0.0075,-0.00112086136643452));
#7851=CARTESIAN_POINT('',(0.0705694160632999,0.0075,-0.000735163850038762));
#7852=CARTESIAN_POINT('',(0.0705727645630069,0.0075,-0.000351463788663106));
#7853=CARTESIAN_POINT('',(0.0706610934090464,0.0075,-0.00149999999999106));
#7854=CARTESIAN_POINT('',(0.0705727645630069,0.0075,-0.000351463788663105));
#7855=CARTESIAN_POINT('',(0.0968,0.0075,-0.00149999999999996));
#7856=CARTESIAN_POINT('',(0.0703154820784311,0.0075,-0.00149999999999996));
#7857=CARTESIAN_POINT('',(0.0703154820784311,0.0075,-0.00149999999999997));
#7858=CARTESIAN_POINT('',(0.0703154820784311,0.0075,0.00149999999999996));
#7859=CARTESIAN_POINT('',(0.0968,0.0075,0.00149999999999996));
#7860=CARTESIAN_POINT('',(0.0706713982844992,0.0075,0.00149999999999994));
#7861=CARTESIAN_POINT('',(0.0705795486138552,0.0075,0.000425911440543224));
#7862=CARTESIAN_POINT('',(0.0705826871992552,0.0075,0.000785557704842634));
#7863=CARTESIAN_POINT('',(0.0705967214655802,0.0075,0.0011476729454151));
#7864=CARTESIAN_POINT('',(0.0706713982844945,0.0075,0.00150000000000059));
#7865=CARTESIAN_POINT('',(0.070579548613856,0.0075,0.000425911440543268));
#7866=CARTESIAN_POINT('',(0.0705727645630069,0.0075,-0.000351463788663107));
#7867=CARTESIAN_POINT('',(0.0968,0.0075,-0.00149999999999996));
#7868=CARTESIAN_POINT('',(0.0719995124441405,0.0075,-0.000363914828792465));
#7869=CARTESIAN_POINT('',(0.0719961913265126,0.0075,-0.000744477214693832));
#7870=CARTESIAN_POINT('',(0.0719817029330786,0.0075,-0.00113029875321981));
#7871=CARTESIAN_POINT('',(0.0718937324329679,0.0075,-0.00149999999999993));
#7872=CARTESIAN_POINT('',(0.0719995124441405,0.0075,-0.000363914828792465));
#7873=CARTESIAN_POINT('',(0.071893732432968,0.0075,-0.00149999999999996));
#7874=CARTESIAN_POINT('',(0.0719995124441405,0.0075,-0.000363914828792469));
#7875=CARTESIAN_POINT('',(0.0720062964949896,0.0075,0.000413460400413905));
#7876=CARTESIAN_POINT('',(0.0719310485305146,0.0075,0.00149999999998728));
#7877=CARTESIAN_POINT('',(0.0720015566900524,0.0075,0.00114413308092919));
#7878=CARTESIAN_POINT('',(0.0720094757481477,0.0075,0.000777766728058689));
#7879=CARTESIAN_POINT('',(0.0720062964949911,0.0075,0.000413460400413892));
#7880=CARTESIAN_POINT('',(0.0719310485305145,0.0075,0.00149999999998727));
#7881=CARTESIAN_POINT('',(0.0968,0.0075,0.00149999999999996));
#7882=CARTESIAN_POINT('',(0.0863045868398499,0.0075,0.00149999999999996));
#7883=CARTESIAN_POINT('',(0.0893,0.0075,0.));
#7884=CARTESIAN_POINT('',(0.0863045868398499,0.0075,-0.00149999999999996));
#7885=CARTESIAN_POINT('',(0.0968,0.0075,-0.00149999999999996));
#7886=CARTESIAN_POINT('',(0.0968,0.0015,0.0015));
#7887=CARTESIAN_POINT('',(0.006,0.0015,0.0015));
#7888=CARTESIAN_POINT('',(0.006,0.0075,0.00149999999999996));
#7889=CARTESIAN_POINT('',(0.006,0.00749121506407105,0.00182456440970658));
#7890=CARTESIAN_POINT('',(0.006,0.00749121506407105,0.00182456440970658));
#7891=CARTESIAN_POINT('',(0.00634709659753951,0.00745285279343292,0.00253270309301721));
#7892=CARTESIAN_POINT('',(0.00695382040171051,0.00712568201846665,0.00395446441420689));
#7893=CARTESIAN_POINT('',(0.00759886655803427,0.00582663049594264,0.00587150444061871));
#7894=CARTESIAN_POINT('',(0.00796275635888687,0.00385159438120167,0.00718625267787232));
#7895=CARTESIAN_POINT('',(0.00804058268497256,0.00229080620033281,0.0075));
#7896=CARTESIAN_POINT('',(0.00804058268497256,0.00149999999999996,0.0075));
#7897=CARTESIAN_POINT('',(0.00804058268497256,0.00149999999999996,0.0075));
#7898=CARTESIAN_POINT('',(0.0968,0.00149999999999996,0.0075));
#7899=CARTESIAN_POINT('',(0.0643346220374522,0.0015,0.0075));
#7900=CARTESIAN_POINT('',(0.0643346220374522,0.0015,0.0015));
#7901=CARTESIAN_POINT('',(0.0643346220374522,0.004,0.00695435605731786));
#7902=CARTESIAN_POINT('',(0.0968,0.004,0.00695435605731786));
#7903=CARTESIAN_POINT('',(0.0728,0.004,0.00695435605731786));
#7904=CARTESIAN_POINT('',(0.0968,0.004,0.00695435605731786));
#7905=CARTESIAN_POINT('',(0.0749943884933548,0.004,0.00695435605731786));
#7906=CARTESIAN_POINT('',(0.0968,0.004,0.00695435605731786));
#7907=CARTESIAN_POINT('',(0.0821165803417994,0.004,0.00695435605731786));
#7908=CARTESIAN_POINT('',(0.0821165803417994,0.004,0.00695435605731786));
#7909=CARTESIAN_POINT('',(0.0819904670298834,0.00434483845960258,0.00679629960850025));
#7910=CARTESIAN_POINT('',(0.0818895256928651,0.00467744385342909,0.00660505210900411));
#7911=CARTESIAN_POINT('',(0.0818365240472931,0.005,0.00637339717240448));
#7912=CARTESIAN_POINT('',(0.0818365240472931,0.005,0.00637339717240448));
#7913=CARTESIAN_POINT('',(0.0968,0.005,0.00637339717240448));
#7914=CARTESIAN_POINT('',(0.0932534552587308,0.005,0.00637339717240448));
#7915=CARTESIAN_POINT('',(0.0966484692283495,0.0075,0.00149999999999996));
#7916=CARTESIAN_POINT('',(0.0964220396552095,0.00750000000000001,0.00260927383373859));
#7917=CARTESIAN_POINT('',(0.0954656909490342,0.00687770959402901,0.0046287395856497));
#7918=CARTESIAN_POINT('',(0.0940223798191547,0.00566413037005722,0.00589642880455588));
#7919=CARTESIAN_POINT('',(0.0932534552587311,0.00499999999999973,0.00637339717240472));
#7920=CARTESIAN_POINT('',(0.0966484692283495,0.0075,0.00149999999999996));
#7921=CARTESIAN_POINT('',(0.0968,0.0075,0.00149999999999996));
#7922=CARTESIAN_POINT('',(0.0922954131601501,0.0075,0.00149999999999996));
#7923=CARTESIAN_POINT('',(0.0922954131601501,0.0075,0.00149999999999996));
#7924=CARTESIAN_POINT('',(0.0920284331076598,0.0075,0.0020923818983163));
#7925=CARTESIAN_POINT('',(0.0912155151029135,0.00731435300792613,0.00312184711394664));
#7926=CARTESIAN_POINT('',(0.0893016565450924,0.00704841395110868,0.0037714923731853));
#7927=CARTESIAN_POINT('',(0.087388744073137,0.00731341885817415,0.00312551345160423));
#7928=CARTESIAN_POINT('',(0.0865715880222977,0.0075,0.00209242878198488));
#7929=CARTESIAN_POINT('',(0.0863045868398499,0.0075,0.00149999999999996));
#7930=CARTESIAN_POINT('',(0.0706713982844991,0.00750000000000001,0.00149999999999996));
#7931=CARTESIAN_POINT('',(0.0707130745463095,0.00750000000000001,0.00169662962058589));
#7932=CARTESIAN_POINT('',(0.0707993861369837,0.00748494761139646,0.00198902074293053));
#7933=CARTESIAN_POINT('',(0.0710137895849479,0.00744338087567365,0.00233253513375901));
#7934=CARTESIAN_POINT('',(0.0713036302060613,0.00741639390883087,0.00249856506889341));
#7935=CARTESIAN_POINT('',(0.0715966090994691,0.00744280964466028,0.00233641244606652));
#7936=CARTESIAN_POINT('',(0.0718083922735891,0.0074847771340231,0.00199178442148909));
#7937=CARTESIAN_POINT('',(0.0718918287917653,0.00750000000000042,0.0016979488286952));
#7938=CARTESIAN_POINT('',(0.0719310485305146,0.0075,0.00149999999998729));
#7939=CARTESIAN_POINT('',(0.0603095776855841,0.0015,0.0015));
#7940=CARTESIAN_POINT('',(0.0692343190253732,0.00685168495883439,0.00421283396126371));
#7941=CARTESIAN_POINT('',(0.0496454085000721,0.00705685884020944,0.00376303332498358));
#7942=CARTESIAN_POINT('',(0.0501320388007131,0.0067743216888026,0.00445680086704754));
#7943=CARTESIAN_POINT('',(0.0509826491114553,0.0061682506871704,0.00534452594596014));
#7944=CARTESIAN_POINT('',(0.0524436282307824,0.00543030496526133,0.00604798783151932));
#7945=CARTESIAN_POINT('',(0.0541273697638197,0.0049002866744224,0.00645430722803804));
#7946=CARTESIAN_POINT('',(0.0563760120227904,0.00475007275800859,0.0065405086748002));
#7947=CARTESIAN_POINT('',(0.0590162382954665,0.00497276434887062,0.0063984861312358));
#7948=CARTESIAN_POINT('',(0.0616473493307017,0.00536627785079789,0.00610060809558035));
#7949=CARTESIAN_POINT('',(0.0650783073762996,0.00599502447268257,0.00551650769635168));
#7950=CARTESIAN_POINT('',(0.0675992945635415,0.00652019210885107,0.00486677936468623));
#7951=CARTESIAN_POINT('',(0.0692343190253732,0.00685168495883439,0.00421283396126371));
#7952=CARTESIAN_POINT('',(0.0496454085000721,0.00705685884020944,0.00376303332498358));
#7953=CARTESIAN_POINT('',(0.0403785087867917,0.0015,0.0015));
#7954=CARTESIAN_POINT('',(0.0493032972801812,0.0068517132342997,0.00421277818072572));
#7955=CARTESIAN_POINT('',(0.0297143774841725,0.00705688155653321,0.00376297754444472));
#7956=CARTESIAN_POINT('',(0.0302010178140948,0.00677435456234826,0.00445674008179873));
#7957=CARTESIAN_POINT('',(0.0310516441174038,0.00616830335099971,0.00534445904996025));
#7958=CARTESIAN_POINT('',(0.0325126317287145,0.00543038425080034,0.00604791879246862));
#7959=CARTESIAN_POINT('',(0.0341963724357316,0.00490037961053302,0.00645424341799613));
#7960=CARTESIAN_POINT('',(0.0364450101630231,0.00475015689054297,0.00654045446526549));
#7961=CARTESIAN_POINT('',(0.0390852288534779,0.00497283353833315,0.00639843666745221));
#7962=CARTESIAN_POINT('',(0.0417163389075386,0.00536633474338097,0.0061005599498444));
#7963=CARTESIAN_POINT('',(0.0451472941028379,0.00599506784379866,0.00551645829392007));
#7964=CARTESIAN_POINT('',(0.0476682772093601,0.00652022694533587,0.00486672754239524));
#7965=CARTESIAN_POINT('',(0.0493032972801812,0.0068517132342997,0.00421277818072571));
#7966=CARTESIAN_POINT('',(0.0297143774841725,0.00705688155653321,0.0037629775444447));
#7967=CARTESIAN_POINT('',(0.0204474398879981,0.0015,0.0015));
#7968=CARTESIAN_POINT('',(0.0293722283813874,0.00685171323429959,0.00421277818072591));
#7969=CARTESIAN_POINT('',(0.00953040530485263,0.00719673119450359,0.00338341543414346));
#7970=CARTESIAN_POINT('',(0.010005469250042,0.00694902345556093,0.00413265236720297));
#7971=CARTESIAN_POINT('',(0.0108222372013996,0.00636751748645232,0.00510385654374595));
#7972=CARTESIAN_POINT('',(0.0122440277589987,0.00557817038680954,0.00592101218696919));
#7973=CARTESIAN_POINT('',(0.0139195204524273,0.00496076928205121,0.00641770244413977));
#7974=CARTESIAN_POINT('',(0.016219773155399,0.00473872007205777,0.00654664937983023));
#7975=CARTESIAN_POINT('',(0.0189193622733625,0.00494353551368648,0.00641893779888103));
#7976=CARTESIAN_POINT('',(0.0216128722121076,0.00533633965883316,0.00612569620964686));
#7977=CARTESIAN_POINT('',(0.0251228498763136,0.00597557368698665,0.00553915370969215));
#7978=CARTESIAN_POINT('',(0.0277009639697906,0.00651287871626253,0.00488122397821137));
#7979=CARTESIAN_POINT('',(0.0293722283813874,0.00685171323429959,0.00421277818072591));
#7980=CARTESIAN_POINT('',(0.00953040530485263,0.00719673119450358,0.00338341543414347));
#7981=CARTESIAN_POINT('',(3.02473575272688E-5,0.0015,0.0015));
#7982=CARTESIAN_POINT('',(0.0100361517503743,0.0075,0.00149999999999996));
#7983=CARTESIAN_POINT('',(0.0968,0.0075,0.00149999999999996));
#7984=CARTESIAN_POINT('',(0.0968,0.0015,-0.0015));
#7985=CARTESIAN_POINT('',(0.0718937324329686,0.00750000000000006,-0.00150000000000015));
#7986=CARTESIAN_POINT('',(0.0718504044379657,0.00750000000000006,-0.0016820884700316));
#7987=CARTESIAN_POINT('',(0.0717631168049401,0.00748712549681269,-0.00195154133745177));
#7988=CARTESIAN_POINT('',(0.0715489767750278,0.00745205841123506,-0.00226583315620565));
#7989=CARTESIAN_POINT('',(0.0712759055354542,0.00743067325982639,-0.00240954496654328));
#7990=CARTESIAN_POINT('',(0.070999900594894,0.00745144852925221,-0.00227033476258994));
#7991=CARTESIAN_POINT('',(0.0707873654416276,0.00748688559389489,-0.00195527538375873));
#7992=CARTESIAN_POINT('',(0.0707024189440592,0.00750000000000027,-0.00168418449128587));
#7993=CARTESIAN_POINT('',(0.0706610934090464,0.0075,-0.00149999999999107));
#7994=CARTESIAN_POINT('',(0.0863045868398499,0.0075,-0.00149999999999996));
#7995=CARTESIAN_POINT('',(0.0865715668923402,0.0075,-0.0020923818983163));
#7996=CARTESIAN_POINT('',(0.0873844848970865,0.00731435300792613,-0.00312184711394664));
#7997=CARTESIAN_POINT('',(0.0892983434549076,0.00704841395110868,-0.0037714923731853));
#7998=CARTESIAN_POINT('',(0.091211255926863,0.00731341885817414,-0.00312551345160423));
#7999=CARTESIAN_POINT('',(0.0920284119777024,0.0075,-0.00209242878198487));
#8000=CARTESIAN_POINT('',(0.0922954131601501,0.0075,-0.00149999999999996));
#8001=CARTESIAN_POINT('',(0.0922954131601501,0.0075,-0.00149999999999996));
#8002=CARTESIAN_POINT('',(0.0968,0.0075,-0.00149999999999996));
#8003=CARTESIAN_POINT('',(0.0966484692283495,0.0075,-0.0015));
#8004=CARTESIAN_POINT('',(0.0966484692283495,0.0075,-0.00149999999999996));
#8005=CARTESIAN_POINT('',(0.0964220396552095,0.00750000000000001,-0.0026092738337385));
#8006=CARTESIAN_POINT('',(0.0954656909490343,0.0068777095940291,-0.0046287395856495));
#8007=CARTESIAN_POINT('',(0.094022379819155,0.00566413037005745,-0.00589642880455565));
#8008=CARTESIAN_POINT('',(0.0932534552587315,0.00500000000000003,-0.0063733971724045));
#8009=CARTESIAN_POINT('',(0.0932534552587315,0.005,-0.00637339717240451));
#8010=CARTESIAN_POINT('',(0.0968,0.005,-0.00637339717240448));
#8011=CARTESIAN_POINT('',(0.0818365240472931,0.005,-0.00637339717240448));
#8012=CARTESIAN_POINT('',(0.0818365240472931,0.005,-0.00637339717240448));
#8013=CARTESIAN_POINT('',(0.0818895256928651,0.0046774438534291,-0.0066050521090041));
#8014=CARTESIAN_POINT('',(0.0819904670298831,0.0043448384596026,-0.00679629960850029));
#8015=CARTESIAN_POINT('',(0.082116580341799,0.004,-0.0069543560573179));
#8016=CARTESIAN_POINT('',(0.0821165803417994,0.004,-0.00695435605731786));
#8017=CARTESIAN_POINT('',(0.0968,0.004,-0.00695435605731786));
#8018=CARTESIAN_POINT('',(0.0643346220374522,0.004,-0.00695435605731786));
#8019=CARTESIAN_POINT('',(0.0643346220374522,0.0015,-0.0015));
#8020=CARTESIAN_POINT('',(0.0643346220374522,0.00149999999999996,-0.0075));
#8021=CARTESIAN_POINT('',(0.0968,0.00149999999999996,-0.0075));
#8022=CARTESIAN_POINT('',(0.006,0.00149999999999996,-0.0075));
#8023=CARTESIAN_POINT('',(0.006,0.0015,-0.0015));
#8024=CARTESIAN_POINT('',(0.006,0.0075,-0.00149999999999996));
#8025=CARTESIAN_POINT('',(0.0968,0.0075,-0.00149999999999996));
#8026=CARTESIAN_POINT('',(0.0100361517503743,0.0075,-0.00149999999999996));
#8027=CARTESIAN_POINT('',(3.02473575272688E-5,0.0015,-0.0015));
#8028=CARTESIAN_POINT('',(0.00972530553443503,0.00731360232694518,-0.00298392317325988));
#8029=CARTESIAN_POINT('',(0.029549815755836,0.00695820278335556,-0.00399159033064617));
#8030=CARTESIAN_POINT('',(0.028715078593302,0.00678398418335598,-0.00437324233648913));
#8031=CARTESIAN_POINT('',(0.0270067759687279,0.0064206854377119,-0.00497401784931743));
#8032=CARTESIAN_POINT('',(0.0243804996215888,0.00587905334859559,-0.00562551397588741));
#8033=CARTESIAN_POINT('',(0.0216983159718009,0.00537247474663135,-0.00609661152764494));
#8034=CARTESIAN_POINT('',(0.0189689918647859,0.00495387414145833,-0.00641149274397287));
#8035=CARTESIAN_POINT('',(0.0166523949044649,0.00477129883861799,-0.00652951736669065));
#8036=CARTESIAN_POINT('',(0.014823469821968,0.00487317245812997,-0.0064629707518485));
#8037=CARTESIAN_POINT('',(0.0134544305646718,0.00515218895212101,-0.00626864829478807));
#8038=CARTESIAN_POINT('',(0.0122196666550712,0.00566784245029341,-0.00584178872526027));
#8039=CARTESIAN_POINT('',(0.010852787049588,0.00653187787842309,-0.00489616670764627));
#8040=CARTESIAN_POINT('',(0.0101296495815457,0.00710427219498294,-0.00380402098169436));
#8041=CARTESIAN_POINT('',(0.00972530553443503,0.0073136023269452,-0.00298392317325988));
#8042=CARTESIAN_POINT('',(0.029549815755836,0.00695820278335556,-0.00399159033064617));
#8043=CARTESIAN_POINT('',(0.0204474398879981,0.0015,-0.0015));
#8044=CARTESIAN_POINT('',(0.0299054287856815,0.00717144469486119,-0.00345824285346095));
#8045=CARTESIAN_POINT('',(0.0494808846546295,0.00695820278335549,-0.00399159033064637));
#8046=CARTESIAN_POINT('',(0.0486667198656365,0.0067882778583926,-0.00436383639653687));
#8047=CARTESIAN_POINT('',(0.0470013800612813,0.00643423738149492,-0.00495328968811438));
#8048=CARTESIAN_POINT('',(0.044441804427925,0.0059054709306976,-0.0055965742877262));
#8049=CARTESIAN_POINT('',(0.0418292876384596,0.00540845965075624,-0.00606586266431776));
#8050=CARTESIAN_POINT('',(0.0391708133166532,0.00499025771868805,-0.00638624938589591));
#8051=CARTESIAN_POINT('',(0.0369132845933417,0.0047874868687444,-0.00651900581404828));
#8052=CARTESIAN_POINT('',(0.0351269972761751,0.00483758478066344,-0.00648639109756249));
#8053=CARTESIAN_POINT('',(0.0337816215189873,0.00504705130399812,-0.00634400229075312));
#8054=CARTESIAN_POINT('',(0.032532195829746,0.00547940273536977,-0.0060084619634465));
#8055=CARTESIAN_POINT('',(0.0310947116542785,0.00629452212352154,-0.00520425551118791));
#8056=CARTESIAN_POINT('',(0.0303322008201576,0.00690843056806183,-0.00421998191533134));
#8057=CARTESIAN_POINT('',(0.0299054287856815,0.00717144469486119,-0.00345824285346096));
#8058=CARTESIAN_POINT('',(0.0494808846546295,0.00695820278335549,-0.00399159033064637));
#8059=CARTESIAN_POINT('',(0.0403785087867917,0.0015,-0.0015));
#8060=CARTESIAN_POINT('',(0.0498365298028612,0.0071714639545212,-0.00345818707292404));
#8061=CARTESIAN_POINT('',(0.0694119960162477,0.00695822824601686,-0.00399153455010837));
#8062=CARTESIAN_POINT('',(0.0685978335303852,0.0067883067986681,-0.00436378306798774));
#8063=CARTESIAN_POINT('',(0.066932497402085,0.00643427257568201,-0.00495323909849414));
#8064=CARTESIAN_POINT('',(0.0643729261851794,0.00590551561985129,-0.00559652587946519));
#8065=CARTESIAN_POINT('',(0.0617604124386327,0.00540851489154118,-0.00606581497999121));
#8066=CARTESIAN_POINT('',(0.0591019414631117,0.00499032571740838,-0.00638620039074168));
#8067=CARTESIAN_POINT('',(0.0568444158558517,0.00478756810219569,-0.00651895257426832));
#8068=CARTESIAN_POINT('',(0.0550581327938726,0.00483767444784485,-0.00648633115658619));
#8069=CARTESIAN_POINT('',(0.0537127615533772,0.00504714171082094,-0.00634393611388159));
#8070=CARTESIAN_POINT('',(0.0524633366951461,0.00547948135360585,-0.00600839188544898));
#8071=CARTESIAN_POINT('',(0.0510258400659714,0.00629457225672338,-0.00520418742235024));
#8072=CARTESIAN_POINT('',(0.0502633114282804,0.00690846091966744,-0.00421991829499541));
#8073=CARTESIAN_POINT('',(0.0498365298028612,0.0071714639545212,-0.00345818707292402));
#8074=CARTESIAN_POINT('',(0.0694119960162477,0.00695822824601686,-0.00399153455010837));
#8075=CARTESIAN_POINT('',(0.0603095776855841,0.0015,-0.0015));
#8076=CARTESIAN_POINT('',(0.0190774047358085,0.004,-0.0330430342789753));
#8077=CARTESIAN_POINT('',(0.0944961524227066,0.004,0.0105));
#8078=CARTESIAN_POINT('',(0.0944961524227066,0.0025,0.0105));
#8079=CARTESIAN_POINT('',(0.0944961524227066,0.000583817189786801,0.0105));
#8080=CARTESIAN_POINT('',(0.0936671067404664,2.88079350933162E-5,0.0100213502521881));
#8081=CARTESIAN_POINT('',(0.0927641016151377,0.000821571645110002,0.0095));
#8082=CARTESIAN_POINT('',(0.0927641016151377,0.0039999999999999,0.0095));
#8083=CARTESIAN_POINT('',(0.0927641016151377,0.0015,0.0095));
#8084=CARTESIAN_POINT('',(0.0550090796417834,0.0015,-0.0122978720995764));
#8085=CARTESIAN_POINT('',(0.0900970771576492,0.00371505233691285,0.00796019271153367));
#8086=CARTESIAN_POINT('',(0.0900970771576492,0.0075,0.00796019271153367));
#8087=CARTESIAN_POINT('',(0.0900970771576492,0.00371209333855531,0.00796019271153367));
#8088=CARTESIAN_POINT('',(0.0900970771576492,0.00371209333855531,0.00796019271153368));
#8089=CARTESIAN_POINT('',(0.0898809809391472,0.00375180487216114,0.0078354295016107));
#8090=CARTESIAN_POINT('',(0.0896638614285504,0.00378222240818432,0.00771007549372132));
#8091=CARTESIAN_POINT('',(0.0894461920087682,0.00380764542244257,0.00758440399561572));
#8092=CARTESIAN_POINT('',(0.0894461920087682,0.00380764542244257,0.00758440399561571));
#8093=CARTESIAN_POINT('',(0.0894461920087684,0.004,0.0075844039956158));
#8094=CARTESIAN_POINT('',(0.0894461920087684,0.004,0.00758440399561579));
#8095=CARTESIAN_POINT('',(0.0190774047358085,0.004,-0.0330430342789753));
#8096=CARTESIAN_POINT('',(0.0918980762113533,0.004,0.009));
#8097=CARTESIAN_POINT('',(0.0918980762113533,0.0025,0.009));
#8098=CARTESIAN_POINT('',(0.0190774047358085,0.004,0.0330430342789753));
#8099=CARTESIAN_POINT('',(0.0944956698217822,-0.000103115594008683,-0.0104997213702264));
#8100=CARTESIAN_POINT('',(0.0927641016151377,-0.000179178796614443,-0.0095));
#8101=CARTESIAN_POINT('',(0.0944961524227066,-0.000860822630941159,-0.0105));
#8102=CARTESIAN_POINT('',(0.0927641016151377,0.004,-0.0095));
#8103=CARTESIAN_POINT('',(0.0927641016151377,-0.0015,-0.0095));
#8104=CARTESIAN_POINT('',(0.0550090796417832,-0.0015,0.0122978720995765));
#8105=CARTESIAN_POINT('',(0.0900970771576492,-0.00371505233691283,-0.00796019271153367));
#8106=CARTESIAN_POINT('',(0.0900970771576492,-0.0075,-0.00796019271153367));
#8107=CARTESIAN_POINT('',(0.0900970771576492,-0.00371209333855531,-0.00796019271153367));
#8108=CARTESIAN_POINT('',(0.0900970771576492,-0.00371209333855531,-0.00796019271153368));
#8109=CARTESIAN_POINT('',(0.0898809809391472,-0.00375180487216113,-0.0078354295016107));
#8110=CARTESIAN_POINT('',(0.0896638614285504,-0.00378222240818433,-0.00771007549372131));
#8111=CARTESIAN_POINT('',(0.0894461920087682,-0.00380764542244257,-0.0075844039956157));
#8112=CARTESIAN_POINT('',(0.0894461920087682,-0.00380764542244257,-0.0075844039956157));
#8113=CARTESIAN_POINT('',(0.0894461920087684,-0.004,-0.00758440399561579));
#8114=CARTESIAN_POINT('',(0.0894461920087684,-0.004,-0.00758440399561579));
#8115=CARTESIAN_POINT('',(0.0190774047358085,-0.004,0.0330430342789753));
#8116=CARTESIAN_POINT('',(0.0918980762113533,-0.004,-0.009));
#8117=CARTESIAN_POINT('',(0.0918980762113533,-0.0025,-0.009));
#8118=CARTESIAN_POINT('',(0.0944961524227066,-0.0025,-0.0105));
#8119=CARTESIAN_POINT('',(0.0944961524227066,0.004,-0.0105));
#8120=CARTESIAN_POINT('',(0.0968,0.0075,-0.00149999999999996));
#8121=CARTESIAN_POINT('',(0.0100361517503743,0.0075,-0.00149999999999998));
#8122=CARTESIAN_POINT('',(0.006,0.0075,0.00149999999999996));
#8123=CARTESIAN_POINT('',(0.0968,-0.0075,-0.00149999999999996));
#8124=CARTESIAN_POINT('',(0.0451562193310476,-0.0075,0.00840573044074099));
#8125=CARTESIAN_POINT('',(0.0549328484653862,-0.0075,0.00817948603970347));
#8126=CARTESIAN_POINT('',(0.0470299444855744,-0.0075,0.00135014988723836));
#8127=CARTESIAN_POINT('',(0.0968,-0.0075,-0.00149999999999996));
#8128=CARTESIAN_POINT('',(0.0742840396600101,-0.0075,0.00165835521210034));
#8129=CARTESIAN_POINT('',(0.0693553880522263,-0.0075,0.00172150395072003));
#8130=CARTESIAN_POINT('',(0.0664249306503547,-0.0075,0.00362338470768183));
#8131=CARTESIAN_POINT('',(0.0968,-0.0075,-0.00149999999999996));
#8132=CARTESIAN_POINT('',(0.0261320099282206,-0.0075,0.0114468069925281));
#8133=CARTESIAN_POINT('',(0.0237600758866338,-0.0075,-0.00149999999999996));
#8134=CARTESIAN_POINT('',(0.0968,-0.0075,-0.00149999999999996));
#8135=CARTESIAN_POINT('',(0.0332360877094749,-0.0075,-0.00149999999999996));
#8136=CARTESIAN_POINT('',(0.0353002931314894,-0.0075,0.00976712156543464));
#8137=CARTESIAN_POINT('',(0.0279749746140444,-0.0075,0.00166274882972627));
#8138=CARTESIAN_POINT('',(0.0968,-0.0075,-0.00149999999999996));
#8139=CARTESIAN_POINT('',(0.0162960942548174,-0.0075,-0.00149999999999993));
#8140=CARTESIAN_POINT('',(0.006,-0.0075,-0.00149999999999996));
#8141=CARTESIAN_POINT('',(0.0968,-0.0015,-0.0015));
#8142=CARTESIAN_POINT('',(0.0237600758866338,-0.0015,-0.0015));
#8143=CARTESIAN_POINT('',(0.0236927313537765,-0.00748872927982694,-0.00186758891841763));
#8144=CARTESIAN_POINT('',(0.347023924237202,-0.0015,-0.0015));
#8145=CARTESIAN_POINT('',(0.033170717284124,-0.00748938094198259,-0.00185681358132181));
#8146=CARTESIAN_POINT('',(0.0332360877094749,-0.0015,-0.0015));
#8147=CARTESIAN_POINT('',(0.0968,-0.00149999999999996,-0.0075));
#8148=CARTESIAN_POINT('',(0.0968,0.00050000000023747,-0.0075));
#8149=CARTESIAN_POINT('',(0.072215925826288,0.000500000000236107,-0.0075));
#8150=CARTESIAN_POINT('',(0.006,0.000500000000232488,-0.0075));
#8151=CARTESIAN_POINT('',(0.072215925826288,0.000500000000236107,-0.0075));
#8152=CARTESIAN_POINT('',(0.072215925826288,0.00110000000023611,-0.0075));
#8153=CARTESIAN_POINT('',(0.0968,0.00110000000023747,-0.0075));
#8154=CARTESIAN_POINT('',(0.006,0.00110000000023249,-0.0075));
#8155=CARTESIAN_POINT('',(0.006,0.00149999999999996,-0.0075));
#8156=CARTESIAN_POINT('',(0.0643346220374522,0.,-0.0075));
#8157=CARTESIAN_POINT('',(0.0643346220374522,0.004,-0.0075));
#8158=CARTESIAN_POINT('',(0.,0.004,-0.0075));
#8159=CARTESIAN_POINT('',(0.0758,0.004,-0.0075));
#8160=CARTESIAN_POINT('',(0.0758,0.0025,-0.0075));
#8161=CARTESIAN_POINT('',(0.0743,0.0025,-0.0075));
#8162=CARTESIAN_POINT('',(0.0743,0.004,-0.0075));
#8163=CARTESIAN_POINT('',(0.0743,-0.0025,-0.0075));
#8164=CARTESIAN_POINT('',(0.0758,-0.0025,-0.0075));
#8165=CARTESIAN_POINT('',(0.0758,-0.004,-0.0075));
#8166=CARTESIAN_POINT('',(0.,-0.004,-0.0075));
#8167=CARTESIAN_POINT('',(0.0643346220374522,-0.004,-0.0075));
#8168=CARTESIAN_POINT('',(0.0643346220374522,0.,-0.0075));
#8169=CARTESIAN_POINT('',(0.006,0.00149999999999996,-0.0075));
#8170=CARTESIAN_POINT('',(0.,0.0015,-0.0015));
#8171=CARTESIAN_POINT('',(0.,-0.0015,0.00149999999999996));
#8172=CARTESIAN_POINT('',(0.,-0.0015,-0.0015));
#8173=CARTESIAN_POINT('',(0.,-0.0015,-0.000540582684972556));
#8174=CARTESIAN_POINT('',(0.,0.0015,-0.000540582684972557));
#8175=CARTESIAN_POINT('',(0.,0.0015,-0.000540582684972556));
#8176=CARTESIAN_POINT('',(0.,0.0015,-0.00149999999999996));
#8177=CARTESIAN_POINT('',(0.,0.00149999999999996,-0.0015));
#8178=CARTESIAN_POINT('',(0.,-0.00149999999999996,-0.0015));
#8179=CARTESIAN_POINT('',(0.,0.0011000000002321,-0.0015));
#8180=CARTESIAN_POINT('',(0.,0.0011000000002321,-0.0015));
#8181=CARTESIAN_POINT('',(5.20417042793042E-18,0.00110000000023213,-0.000960712843481361));
#8182=CARTESIAN_POINT('',(0.,0.0015,-0.000960712843481361));
#8183=CARTESIAN_POINT('',(5.13640779215008E-18,0.000500000000232134,-0.000960712843481363));
#8184=CARTESIAN_POINT('',(0.,0.0005000000002321,-0.0015));
#8185=CARTESIAN_POINT('',(5.20417042793042E-18,0.0005000000002321,-0.0015));
#8186=CARTESIAN_POINT('',(0.,-0.00149999999999996,-0.0015));
#8187=CARTESIAN_POINT('',(0.006,-0.00149999999999996,-0.0015));
#8188=CARTESIAN_POINT('',(0.006,0.00050000000023243,-0.0015));
#8189=CARTESIAN_POINT('',(0.006,-0.0015,-0.0015));
#8190=CARTESIAN_POINT('',(0.0178380730992436,-0.00673433598080397,0.0148628357053902));
#8191=CARTESIAN_POINT('',(0.0104752373938534,0.00062849972458636,0.0075));
#8192=CARTESIAN_POINT('',(0.0101355606940426,-0.00101507440056851,0.0075));
#8193=CARTESIAN_POINT('',(0.0123732309310365,0.000500000000235961,0.0075));
#8194=CARTESIAN_POINT('',(0.0106037371182072,0.000500000000232593,0.00762849972435376));
#8195=CARTESIAN_POINT('',(0.0120899279941615,0.00050000000023268,0.00706070710068238));
#8196=CARTESIAN_POINT('',(0.0109098698689681,0.000193867249471662,0.00793463247511469));
#8197=CARTESIAN_POINT('',(0.0109098698689681,0.000193867249471662,0.00793463247511469));
#8198=CARTESIAN_POINT('',(0.0110629362443486,0.000500000000232614,0.00808769885049518));
#8199=CARTESIAN_POINT('',(0.0116506350948471,0.000500000000235963,0.0075));
#8200=CARTESIAN_POINT('',(0.0532253175473069,0.0420746824526945,0.0075));
#8201=CARTESIAN_POINT('',(0.0968,-0.00149999999999996,0.0075));
#8202=CARTESIAN_POINT('',(0.00804058268497256,-0.00149999999999996,0.0075));
#8203=CARTESIAN_POINT('',(0.00804058268497256,0.00110000000023596,0.0075));
#8204=CARTESIAN_POINT('',(0.0968,0.00110000000023596,0.0075));
#8205=CARTESIAN_POINT('',(0.072215925826288,0.00110000000023611,0.0075));
#8206=CARTESIAN_POINT('',(0.072215925826288,-0.00149999999999996,0.0075));
#8207=CARTESIAN_POINT('',(0.072215925826288,0.000500000000236107,0.0075));
#8208=CARTESIAN_POINT('',(0.0968,0.000500000000235961,0.0075));
#8209=CARTESIAN_POINT('',(0.0968,0.000500000000235961,0.0075));
#8210=CARTESIAN_POINT('',(0.00804058268497256,0.000500000000235961,0.0075));
#8211=CARTESIAN_POINT('',(0.00804058268497256,-0.00149999999999996,0.0075));
#8212=CARTESIAN_POINT('',(0.0643346220374522,0.,0.0075));
#8213=CARTESIAN_POINT('',(0.0643346220374522,-0.00284275995754523,0.0075));
#8214=CARTESIAN_POINT('',(0.0968,-0.00284275995754523,0.0075));
#8215=CARTESIAN_POINT('',(0.0728,-0.00284275995754523,0.0075));
#8216=CARTESIAN_POINT('',(0.0728,0.004,0.0075));
#8217=CARTESIAN_POINT('',(0.0728,0.00284275995754523,0.0075));
#8218=CARTESIAN_POINT('',(0.0968,0.00284275995754523,0.0075));
#8219=CARTESIAN_POINT('',(0.0643346220374522,0.00284275995754523,0.0075));
#8220=CARTESIAN_POINT('',(0.0643346220374522,0.,0.0075));
#8221=CARTESIAN_POINT('',(0.0968,-0.0075,-0.00149999999999996));
#8222=CARTESIAN_POINT('',(0.0893,-0.0075,0.));
#8223=CARTESIAN_POINT('',(0.0893,-0.0075,0.));
#8224=CARTESIAN_POINT('',(-4.33680868994201E-19,0.004,-0.0075));
#8225=CARTESIAN_POINT('',(-4.33680868994201E-19,0.004,-0.0075));
#8226=CARTESIAN_POINT('',(0.0891311920087684,0.004,-0.0075));
#8227=CARTESIAN_POINT('',(0.08325,0.004,-0.0075));
#8228=CARTESIAN_POINT('',(0.08325,-0.004,-0.0075));
#8229=CARTESIAN_POINT('',(0.08325,-0.004,-0.0075));
#8230=CARTESIAN_POINT('',(-4.33680868994201E-19,-0.004,-0.0075));
#8231=CARTESIAN_POINT('',(0.0891311920087684,-0.004,-0.0075));
#8232=CARTESIAN_POINT('',(0.0891311920087684,-0.0033,-0.0075));
#8233=CARTESIAN_POINT('',(0.0891311920087684,-0.00352067685600953,-0.0075));
#8234=CARTESIAN_POINT('',(0.0891311920087684,-0.00352067685600953,-0.0075));
#8235=CARTESIAN_POINT('',(0.0889707794538072,-0.0033931715568086,-0.0075));
#8236=CARTESIAN_POINT('',(0.0887712360627481,-0.003335403833732,-0.0075));
#8237=CARTESIAN_POINT('',(0.0885709857616301,-0.0033,-0.0075));
#8238=CARTESIAN_POINT('',(0.0885709857616301,-0.0033,-0.0075));
#8239=CARTESIAN_POINT('',(0.103791292829398,-0.0015,-0.0075));
#8240=CARTESIAN_POINT('',(0.0878360757200055,-0.0015,-0.0075));
#8241=CARTESIAN_POINT('',(0.0878360757200055,0.004,-0.0075));
#8242=CARTESIAN_POINT('',(0.0878360757200055,0.0015,-0.0075));
#8243=CARTESIAN_POINT('',(0.103791292829398,0.0015,-0.0075));
#8244=CARTESIAN_POINT('',(0.0885709857616301,0.0033,-0.0075));
#8245=CARTESIAN_POINT('',(0.0885709857616301,0.0033,-0.0075));
#8246=CARTESIAN_POINT('',(0.0887710814783508,0.00333537650353196,-0.0075));
#8247=CARTESIAN_POINT('',(0.08897114722361,0.00339346388180063,-0.0075));
#8248=CARTESIAN_POINT('',(0.0891311920087681,0.0035206768560102,-0.0075));
#8249=CARTESIAN_POINT('',(0.0891311920087684,0.00352067685600953,-0.0075));
#8250=CARTESIAN_POINT('',(0.0891311920087684,0.004,-0.0075));
#8251=CARTESIAN_POINT('',(0.0968,0.0075,-0.00149999999999996));
#8252=CARTESIAN_POINT('',(0.0893,0.0075,0.));
#8253=CARTESIAN_POINT('',(0.0893,0.0075,0.));
#8254=CARTESIAN_POINT('',(-5.78241158658934E-19,0.005,-0.0075));
#8255=CARTESIAN_POINT('',(0.0893,0.005,0.));
#8256=CARTESIAN_POINT('',(0.08595,0.005,0.));
#8257=CARTESIAN_POINT('',(0.08325,0.005,0.00605));
#8258=CARTESIAN_POINT('',(0.0818,0.005,0.00605));
#8259=CARTESIAN_POINT('',(0.0818,0.005,-0.0075));
#8260=CARTESIAN_POINT('',(0.0818,0.005,-0.00605));
#8261=CARTESIAN_POINT('',(0.08325,0.005,-0.00605));
#8262=CARTESIAN_POINT('',(0.0893,0.005,0.));
#8263=CARTESIAN_POINT('',(8.67361737988406E-19,-0.005,-0.0075));
#8264=CARTESIAN_POINT('',(0.0893,-0.005,0.));
#8265=CARTESIAN_POINT('',(0.08595,-0.005,0.));
#8266=CARTESIAN_POINT('',(0.0818,-0.005,-0.0075));
#8267=CARTESIAN_POINT('',(0.0818,-0.005,-0.00605));
#8268=CARTESIAN_POINT('',(0.0818,-0.005,0.00605));
#8269=CARTESIAN_POINT('',(0.08325,-0.005,0.00605));
#8270=CARTESIAN_POINT('',(0.0893,-0.005,0.));
#8271=CARTESIAN_POINT('',(0.08325,-0.005,-0.00605));
#8272=CARTESIAN_POINT('',(0.0818,0.,-0.0075));
#8273=CARTESIAN_POINT('',(0.0818,0.,0.00605));
#8274=CARTESIAN_POINT('',(0.0818,0.00135851520346364,-0.00605));
#8275=CARTESIAN_POINT('',(0.0893,-0.0075,0.));
#8276=CARTESIAN_POINT('',(0.0893,-0.0075,0.));
#8277=CARTESIAN_POINT('',(0.006,-0.0015,-0.00149999999999996));
#8278=CARTESIAN_POINT('',(0.006,-0.0015,0.0015));
#8279=CARTESIAN_POINT('',(0.00567543559029338,-0.00749121506407104,0.00149999999999996));
#8280=CARTESIAN_POINT('',(0.00567543559029338,-0.00749121506407104,0.00149999999999997));
#8281=CARTESIAN_POINT('',(0.00496629537134799,-0.0074527985368558,0.00115241249634372));
#8282=CARTESIAN_POINT('',(0.00355577281941293,-0.00712961310731116,0.000550241512089161));
#8283=CARTESIAN_POINT('',(0.00162971488192265,-0.00582858723244583,-9.86845088348343E-5));
#8284=CARTESIAN_POINT('',(0.000316547395723822,-0.00385798107081376,-0.000461961263542498));
#8285=CARTESIAN_POINT('',(5.60314982515821E-18,-0.00229236517072451,-0.000540582684972554));
#8286=CARTESIAN_POINT('',(5.60314982515821E-18,-0.0015,-0.000540582684972554));
#8287=CARTESIAN_POINT('',(0.006,-0.0015,-0.00149999999999996));
#8288=CARTESIAN_POINT('',(0.006,-0.0015,-0.0015));
#8289=CARTESIAN_POINT('',(0.006,-0.0015,0.0015));
#8290=CARTESIAN_POINT('',(0.006,-0.00749121506407105,0.00182456440970658));
#8291=CARTESIAN_POINT('',(0.00589288774026782,-0.00749713426570776,0.00171530039630101));
#8292=CARTESIAN_POINT('',(0.00578469960369895,-0.00749713426570776,0.00160711225973214));
#8293=CARTESIAN_POINT('',(0.00567543559029338,-0.00749121506407104,0.00149999999999996));
#8294=CARTESIAN_POINT('',(0.006,-0.00149999999999996,-0.0015));
#8295=CARTESIAN_POINT('',(0.006,0.00110000000023243,-0.0015));
#8296=CARTESIAN_POINT('',(0.006,0.00149999999999996,-0.0015));
#8297=CARTESIAN_POINT('',(0.006,0.0015,-0.0015));
#8298=CARTESIAN_POINT('',(0.006,0.0015,-0.0015));
#8299=CARTESIAN_POINT('',(0.006,0.0015,0.0015));
#8300=CARTESIAN_POINT('',(0.006,0.0015,0.0015));
#8301=CARTESIAN_POINT('',(0.00567543559029339,0.00749121506407104,0.00149999999999996));
#8302=CARTESIAN_POINT('',(0.00567543559029339,0.00749121506407104,0.00149999999999996));
#8303=CARTESIAN_POINT('',(0.00578469960369896,0.00749713426570775,0.00160711225973214));
#8304=CARTESIAN_POINT('',(0.00589288774026783,0.00749713426570776,0.00171530039630101));
#8305=CARTESIAN_POINT('',(0.006,0.00749121506407105,0.00182456440970658));
#8306=CARTESIAN_POINT('',(0.006,0.0015,-0.00149999999999996));
#8307=CARTESIAN_POINT('',(5.20417042793042E-18,0.0015,-0.000540582684972556));
#8308=CARTESIAN_POINT('',(5.20417042793042E-18,0.00229236517072451,-0.000540582684972556));
#8309=CARTESIAN_POINT('',(0.000316547395723822,0.00385798107081375,-0.000461961263542499));
#8310=CARTESIAN_POINT('',(0.00162971488192265,0.00582858723244583,-9.86845088348327E-5));
#8311=CARTESIAN_POINT('',(0.00355577281941294,0.00712961310731116,0.000550241512089163));
#8312=CARTESIAN_POINT('',(0.00496629537134799,0.0074527985368558,0.00115241249634372));
#8313=CARTESIAN_POINT('',(0.00567543559029338,0.00749121506407104,0.00149999999999997));
#8314=CARTESIAN_POINT('',(-4.33680868994201E-19,0.004,0.0075));
#8315=CARTESIAN_POINT('',(-4.33680868994201E-19,-0.004,0.0075));
#8316=CARTESIAN_POINT('',(0.0891311920087684,-0.004,0.0075));
#8317=CARTESIAN_POINT('',(0.08325,-0.004,0.0075));
#8318=CARTESIAN_POINT('',(0.08325,0.004,0.0075));
#8319=CARTESIAN_POINT('',(0.08325,0.004,0.0075));
#8320=CARTESIAN_POINT('',(-4.33680868994201E-19,0.004,0.0075));
#8321=CARTESIAN_POINT('',(0.0891311920087684,0.004,0.0075));
#8322=CARTESIAN_POINT('',(0.0891311920087684,0.0033,0.0075));
#8323=CARTESIAN_POINT('',(0.0891311920087684,0.00352067685600954,0.0075));
#8324=CARTESIAN_POINT('',(0.0891311920087684,0.00352067685600954,0.0075));
#8325=CARTESIAN_POINT('',(0.0889707152005942,0.00339312048458954,0.0075));
#8326=CARTESIAN_POINT('',(0.0887712603340661,0.00333540812484774,0.0075));
#8327=CARTESIAN_POINT('',(0.0885709857616301,0.0033,0.0075));
#8328=CARTESIAN_POINT('',(0.0885709857616301,0.0033,0.0075));
#8329=CARTESIAN_POINT('',(0.103791292829398,0.0015,0.0075));
#8330=CARTESIAN_POINT('',(0.0878360757200055,0.0015,0.0075));
#8331=CARTESIAN_POINT('',(0.0878360757200055,0.004,0.0075));
#8332=CARTESIAN_POINT('',(0.0878360757200055,-0.0015,0.0075));
#8333=CARTESIAN_POINT('',(0.103791292829398,-0.0015,0.0075));
#8334=CARTESIAN_POINT('',(0.0885709857616301,-0.0033,0.0075));
#8335=CARTESIAN_POINT('',(0.0885709857616301,-0.0033,0.0075));
#8336=CARTESIAN_POINT('',(0.0887710814783508,-0.00333537650353212,0.0075));
#8337=CARTESIAN_POINT('',(0.0889711472236101,-0.00339346388180046,0.0075));
#8338=CARTESIAN_POINT('',(0.0891311920087681,-0.00352067685601021,0.0075));
#8339=CARTESIAN_POINT('',(0.0891311920087684,-0.00352067685600955,0.0075));
#8340=CARTESIAN_POINT('',(0.0891311920087684,-0.004,0.0075));
#8341=CARTESIAN_POINT('',(-3.50540073038671E-18,0.004,0.0105));
#8342=CARTESIAN_POINT('',(0.096548399395785,-0.000367093478176319,0.0105));
#8343=CARTESIAN_POINT('',(0.0944961524227066,-0.000769175846485262,0.0105));
#8344=CARTESIAN_POINT('',(-3.50540073038671E-18,0.0025,0.0105));
#8345=CARTESIAN_POINT('',(0.0758,0.0025,0.0105));
#8346=CARTESIAN_POINT('',(0.0758,0.004,0.0105));
#8347=CARTESIAN_POINT('',(0.0758,-0.0025,0.0105));
#8348=CARTESIAN_POINT('',(0.0944961524227066,-0.0025,0.0105));
#8349=CARTESIAN_POINT('',(0.0944961524227066,-0.0025,0.0105));
#8350=CARTESIAN_POINT('',(0.0944961524227066,0.004,0.0105));
#8351=CARTESIAN_POINT('',(0.0190774047358085,0.004,-0.0330430342789753));
#8352=CARTESIAN_POINT('',(0.0927641016151377,0.0039999999999999,0.0095));
#8353=CARTESIAN_POINT('',(0.0927641016151377,-0.0015,0.0095));
#8354=CARTESIAN_POINT('',(0.0927641016151377,-0.000499305409085067,0.0095));
#8355=CARTESIAN_POINT('',(0.0936671067404664,2.88079350933162E-5,0.0100213502521881));
#8356=CARTESIAN_POINT('',(0.0918980762113533,-0.0025,0.009));
#8357=CARTESIAN_POINT('',(0.0918980762113533,-0.004,0.009));
#8358=CARTESIAN_POINT('',(0.0190774047358085,-0.004,-0.0330430342789753));
#8359=CARTESIAN_POINT('',(0.0894461920087684,-0.004,0.00758440399561579));
#8360=CARTESIAN_POINT('',(0.0894461920087684,-0.0033,0.0075844039956158));
#8361=CARTESIAN_POINT('',(0.0894461920087682,-0.00380764542244257,0.00758440399561571));
#8362=CARTESIAN_POINT('',(0.0894461920087682,-0.00380764542244257,0.00758440399561571));
#8363=CARTESIAN_POINT('',(0.0896638614285504,-0.00378222240818433,0.00771007549372131));
#8364=CARTESIAN_POINT('',(0.0898809809391472,-0.00375180487216115,0.0078354295016107));
#8365=CARTESIAN_POINT('',(0.0900970771576492,-0.00371209333855532,0.00796019271153368));
#8366=CARTESIAN_POINT('',(0.0900970771576492,-0.00371209333855532,0.00796019271153367));
#8367=CARTESIAN_POINT('',(0.0900970771576492,-0.0075,0.00796019271153367));
#8368=CARTESIAN_POINT('',(0.0900970771576492,-0.00371505233691286,0.00796019271153367));
#8369=CARTESIAN_POINT('',(0.0550090796417834,-0.0015,-0.0122978720995764));
#8370=CARTESIAN_POINT('',(0.,0.004,0.));
#8371=CARTESIAN_POINT('',(0.0728,0.004,0.009));
#8372=CARTESIAN_POINT('',(0.0758,0.004,0.009));
#8373=CARTESIAN_POINT('',(-3.00462919747432E-18,0.004,0.009));
#8374=CARTESIAN_POINT('',(0.0891311920087684,0.004,0.00813));
#8375=CARTESIAN_POINT('',(0.08325,0.004,0.00605));
#8376=CARTESIAN_POINT('',(0.,-0.004,0.));
#8377=CARTESIAN_POINT('',(0.0743,-0.004,0.009));
#8378=CARTESIAN_POINT('',(0.0758,-0.004,0.009));
#8379=CARTESIAN_POINT('',(0.0728,-0.004,0.009));
#8380=CARTESIAN_POINT('',(0.08325,-0.004,0.00605));
#8381=CARTESIAN_POINT('',(0.0891311920087684,-0.004,0.00813));
#8382=CARTESIAN_POINT('',(0.0643346220374522,0.,0.0065));
#8383=CARTESIAN_POINT('',(0.0643346220374522,-0.00284275995754523,0.006));
#8384=CARTESIAN_POINT('',(0.0643346220374522,0.,0.0065));
#8385=CARTESIAN_POINT('',(0.0643346220374522,0.00284275995754523,0.006));
#8386=CARTESIAN_POINT('',(-3.50540073038671E-18,0.004,-0.0105));
#8387=CARTESIAN_POINT('',(0.0944961524227066,0.004,-0.0105));
#8388=CARTESIAN_POINT('',(0.0944961524227066,0.0025,-0.0105));
#8389=CARTESIAN_POINT('',(0.0944961524227066,0.000654441184415539,-0.0105));
#8390=CARTESIAN_POINT('',(0.09449717309765,-0.00010333425781723,-0.0105));
#8391=CARTESIAN_POINT('',(-3.50540073038671E-18,-0.0025,-0.0105));
#8392=CARTESIAN_POINT('',(0.0758,-0.0025,-0.0105));
#8393=CARTESIAN_POINT('',(0.0758,0.004,-0.0105));
#8394=CARTESIAN_POINT('',(0.0758,0.0025,-0.0105));
#8395=CARTESIAN_POINT('',(0.0944961524227066,0.0025,-0.0105));
#8396=CARTESIAN_POINT('',(0.0743,0.004,0.));
#8397=CARTESIAN_POINT('',(0.0743,0.0025,-0.009));
#8398=CARTESIAN_POINT('',(0.0743,0.0025,-0.009));
#8399=CARTESIAN_POINT('',(0.0743,0.004,-0.009));
#8400=CARTESIAN_POINT('',(0.0743,-0.0025,-0.009));
#8401=CARTESIAN_POINT('',(0.0743,-0.0025,0.));
#8402=CARTESIAN_POINT('',(0.0190774047358085,0.004,0.0330430342789753));
#8403=CARTESIAN_POINT('',(0.0944956698217822,-0.000103115594008683,-0.0104997213702264));
#8404=CARTESIAN_POINT('',(0.0927641016151377,0.00051207391875463,-0.0095));
#8405=CARTESIAN_POINT('',(0.0918980762113533,0.0025,-0.009));
#8406=CARTESIAN_POINT('',(0.0918980762113533,0.004,-0.009));
#8407=CARTESIAN_POINT('',(0.0190774047358085,0.004,0.0330430342789753));
#8408=CARTESIAN_POINT('',(0.0894461920087684,0.004,-0.00758440399561579));
#8409=CARTESIAN_POINT('',(0.0894461920087684,0.0033,-0.00758440399561579));
#8410=CARTESIAN_POINT('',(0.0894461920087682,0.00380764542244257,-0.0075844039956157));
#8411=CARTESIAN_POINT('',(0.0894461920087682,0.00380764542244257,-0.0075844039956157));
#8412=CARTESIAN_POINT('',(0.0896638614285504,0.00378222240818433,-0.00771007549372131));
#8413=CARTESIAN_POINT('',(0.0898809809391472,0.00375180487216113,-0.0078354295016107));
#8414=CARTESIAN_POINT('',(0.0900970771576492,0.00371209333855531,-0.00796019271153368));
#8415=CARTESIAN_POINT('',(0.0900970771576492,0.00371209333855531,-0.00796019271153367));
#8416=CARTESIAN_POINT('',(0.0900970771576492,0.0075,-0.00796019271153367));
#8417=CARTESIAN_POINT('',(0.0900970771576492,0.00371505233691283,-0.00796019271153367));
#8418=CARTESIAN_POINT('',(0.0550090796417832,0.0015,0.0122978720995765));
#8419=CARTESIAN_POINT('',(0.0927641016151378,0.0015,-0.0095));
#8420=CARTESIAN_POINT('',(0.0927641016151377,0.004,-0.0095));
#8421=CARTESIAN_POINT('',(0.,0.004,0.));
#8422=CARTESIAN_POINT('',(0.0743,0.004,-0.009));
#8423=CARTESIAN_POINT('',(0.0758,0.004,-0.009));
#8424=CARTESIAN_POINT('',(0.0758,0.004,-0.0075));
#8425=CARTESIAN_POINT('',(0.0643346220374522,0.004,-0.0065));
#8426=CARTESIAN_POINT('',(0.08325,0.004,-0.00605));
#8427=CARTESIAN_POINT('',(0.0891311920087684,0.004,-0.00813));
#8428=CARTESIAN_POINT('',(0.,-0.004,0.));
#8429=CARTESIAN_POINT('',(0.0758,-0.004,0.));
#8430=CARTESIAN_POINT('',(0.0758,-0.004,-0.009));
#8431=CARTESIAN_POINT('',(-3.00462919747432E-18,-0.004,-0.009));
#8432=CARTESIAN_POINT('',(0.0891311920087684,-0.004,-0.00813));
#8433=CARTESIAN_POINT('',(0.08325,-0.004,-0.00605));
#8434=CARTESIAN_POINT('',(0.0643346220374522,-0.004,-0.0065));
#8435=CARTESIAN_POINT('',(0.0643346220374522,0.,-0.0065));
#8436=CARTESIAN_POINT('',(0.0643346220374522,0.,-0.0065));
#8437=CARTESIAN_POINT('',(0.0818790934676635,-0.0015,0.00139289132322885));
#8438=CARTESIAN_POINT('',(0.0797267058808601,-0.0033,-0.00391061955883545));
#8439=CARTESIAN_POINT('',(0.0897690776681882,-0.0033,-0.00798623604341914));
#8440=CARTESIAN_POINT('',(0.0897690776681882,-0.0033,-0.00798623604341914));
#8441=CARTESIAN_POINT('',(0.0898738494681166,-0.00344341474479932,-0.00798008219180054));
#8442=CARTESIAN_POINT('',(0.0899837167211831,-0.00358125941687408,-0.00797154382045311));
#8443=CARTESIAN_POINT('',(0.0900970771576492,-0.00371505233691284,-0.00796019271153368));
#8444=CARTESIAN_POINT('',(0.079622778197669,-0.0015,-0.00416669871582884));
#8445=CARTESIAN_POINT('',(0.079622778197669,-0.0015,-0.00416669871582884));
#8446=CARTESIAN_POINT('',(0.095842548786008,-0.000299030189774912,-0.0107493632283512));
#8447=CARTESIAN_POINT('',(0.079622778197669,0.0015,-0.00416669871582884));
#8448=CARTESIAN_POINT('',(0.0818790934676635,0.0015,0.00139289132322885));
#8449=CARTESIAN_POINT('',(0.0897690776681882,0.0033,-0.00798623604341914));
#8450=CARTESIAN_POINT('',(0.0898738494681166,0.00344341474479932,-0.00798008219180054));
#8451=CARTESIAN_POINT('',(0.0899837167211831,0.00358125941687409,-0.00797154382045311));
#8452=CARTESIAN_POINT('',(0.0900970771576492,0.00371505233691285,-0.00796019271153368));
#8453=CARTESIAN_POINT('',(0.0897690776681882,0.0033,-0.00798623604341914));
#8454=CARTESIAN_POINT('',(0.0797267058808601,0.0033,-0.00391061955883545));
#8455=CARTESIAN_POINT('',(0.0893,-0.0075,-1.73472347597681E-18));
#8456=CARTESIAN_POINT('',(0.0897690776681882,-0.0033,-0.00798623604341914));
#8457=CARTESIAN_POINT('',(0.0899404891047759,-0.00337453276289572,-0.00797616806188964));
#8458=CARTESIAN_POINT('',(0.0900970771576492,-0.00352358235249628,-0.00796019271153367));
#8459=CARTESIAN_POINT('',(0.0900970771576492,-0.00371209333855531,-0.00796019271153367));
#8460=CARTESIAN_POINT('',(0.0893,0.0075,1.73472347597681E-18));
#8461=CARTESIAN_POINT('',(0.0900970771576492,0.00371209333855531,-0.00796019271153368));
#8462=CARTESIAN_POINT('',(0.0900970771576492,0.00352363955338164,-0.00796019271153368));
#8463=CARTESIAN_POINT('',(0.0899406724051481,0.00337461246518065,-0.00797615729560241));
#8464=CARTESIAN_POINT('',(0.0897690776681882,0.0033,-0.00798623604341914));
#8465=CARTESIAN_POINT('',(0.0818790934676635,-0.0015,-0.00139289132322884));
#8466=CARTESIAN_POINT('',(0.079622778197669,-0.0015,0.00416669871582885));
#8467=CARTESIAN_POINT('',(0.0900970771576492,-0.00371505233691285,0.00796019271153368));
#8468=CARTESIAN_POINT('',(0.0899835446534072,-0.00358105633499734,0.00797156105009801));
#8469=CARTESIAN_POINT('',(0.0898736805269498,-0.00344318349312336,0.00798009211468889));
#8470=CARTESIAN_POINT('',(0.0897690776681882,-0.0033,0.00798623604341914));
#8471=CARTESIAN_POINT('',(0.0897690776681882,-0.0033,0.00798623604341914));
#8472=CARTESIAN_POINT('',(0.0797267058808601,-0.0033,0.00391061955883546));
#8473=CARTESIAN_POINT('',(0.079622778197669,-0.0015,0.00416669871582885));
#8474=CARTESIAN_POINT('',(0.094313167262506,-5.9963427045508E-5,0.0101286759365037));
#8475=CARTESIAN_POINT('',(0.079622778197669,0.0015,0.00416669871582885));
#8476=CARTESIAN_POINT('',(0.0818790934676635,0.0015,-0.00139289132322884));
#8477=CARTESIAN_POINT('',(0.0797267058808601,0.0033,0.00391061955883546));
#8478=CARTESIAN_POINT('',(0.0897690776681882,0.0033,0.00798623604341914));
#8479=CARTESIAN_POINT('',(0.0900970771576492,0.00371505233691285,0.00796019271153368));
#8480=CARTESIAN_POINT('',(0.0899835446534072,0.00358105633499733,0.00797156105009801));
#8481=CARTESIAN_POINT('',(0.0898736805269498,0.00344318349312336,0.00798009211468889));
#8482=CARTESIAN_POINT('',(0.0897690776681882,0.0033,0.00798623604341914));
#8483=CARTESIAN_POINT('',(0.0893,-0.0075,0.));
#8484=CARTESIAN_POINT('',(0.0900970771576492,-0.00371209333855532,0.00796019271153368));
#8485=CARTESIAN_POINT('',(0.0900970771576492,-0.00352347648338653,0.00796019271153368));
#8486=CARTESIAN_POINT('',(0.0899407711142081,-0.00337465538564994,0.00797615149785044));
#8487=CARTESIAN_POINT('',(0.0897690776681882,-0.0033,0.00798623604341914));
#8488=CARTESIAN_POINT('',(0.0893,0.0075,3.46944695195361E-18));
#8489=CARTESIAN_POINT('',(0.0897690776681882,0.0033,0.00798623604341914));
#8490=CARTESIAN_POINT('',(0.0899405918921329,0.00337457745667955,0.00797616202459579));
#8491=CARTESIAN_POINT('',(0.0900970771576492,0.00352296336212317,0.00796019271153368));
#8492=CARTESIAN_POINT('',(0.0900970771576492,0.00371209333855531,0.00796019271153368));
#8493=CARTESIAN_POINT('',(0.0887755259805157,0.00387085319225008,0.00719719478366759));
#8494=CARTESIAN_POINT('',(0.0887531405746611,0.00346856155298527,0.00718427056357153));
#8495=CARTESIAN_POINT('',(0.0885607470760178,0.0033,0.00749584471111548));
#8496=CARTESIAN_POINT('',(0.0893192093877277,0.00383051570921994,0.00751109054517531));
#8497=CARTESIAN_POINT('',(0.0892671086435823,0.00349394684037213,0.00748101016650261));
#8498=CARTESIAN_POINT('',(0.089136922085932,0.00330000000000043,0.00772968074289476));
#8499=CARTESIAN_POINT('',(0.0897716124397825,0.00377251413915751,0.00777228556906151));
#8500=CARTESIAN_POINT('',(0.0897328451396735,0.00349198499686801,0.00774990325790738));
#8501=CARTESIAN_POINT('',(0.0896163616449234,0.00329999999999897,0.00792425746355278));
#8502=CARTESIAN_POINT('',(0.0901098184520074,0.00370974020553072,0.00796754890126102));
#8503=CARTESIAN_POINT('',(0.0900772693011405,0.00347592086889915,0.00794875664024616));
#8504=CARTESIAN_POINT('',(0.0899747795217093,0.0033,0.0080697184998422));
#8505=CARTESIAN_POINT('',(0.0891311920087684,0.00352067685600954,0.0075));
#8506=CARTESIAN_POINT('',(0.0892460591668394,0.00361198000470479,0.0075));
#8507=CARTESIAN_POINT('',(0.089353038668401,0.00371040301286053,0.00753062188947703));
#8508=CARTESIAN_POINT('',(0.0894461920087684,0.00380764542244255,0.00758440399561579));
#8509=CARTESIAN_POINT('',(0.0891311920087684,0.004,0.00813));
#8510=CARTESIAN_POINT('',(0.0901100900347794,-0.00370968979207194,0.00796770569964757));
#8511=CARTESIAN_POINT('',(0.0900775392088023,-0.00347590827649624,0.00794891247150735));
#8512=CARTESIAN_POINT('',(0.0899750673348084,-0.0033,0.00806983530649266));
#8513=CARTESIAN_POINT('',(0.0897417151992234,-0.00377807789219945,0.00775502438917668));
#8514=CARTESIAN_POINT('',(0.0897015631706965,-0.00349345449711998,0.0077318426047002));
#8515=CARTESIAN_POINT('',(0.0895846776857815,-0.00330000000000065,0.00791139878146795));
#8516=CARTESIAN_POINT('',(0.0892750971020217,-0.00383376720018305,0.00748562230514836));
#8517=CARTESIAN_POINT('',(0.0892272329196218,-0.00349195481263971,0.00745798790655537));
#8518=CARTESIAN_POINT('',(0.0890901735622065,-0.00329999999999839,0.0077107082274459));
#8519=CARTESIAN_POINT('',(0.088776318956065,-0.00387079434210305,0.00719765260831448));
#8520=CARTESIAN_POINT('',(0.0887539260917942,-0.00346860033161188,0.00718472408209979));
#8521=CARTESIAN_POINT('',(0.0885615874413646,-0.0033,0.00749618576668809));
#8522=CARTESIAN_POINT('',(0.0891311920087684,-0.00352067685600955,0.0075));
#8523=CARTESIAN_POINT('',(0.0892460150284412,-0.00361194492091926,0.0075));
#8524=CARTESIAN_POINT('',(0.0893530218827137,-0.00371038549037317,0.0075306121982577));
#8525=CARTESIAN_POINT('',(0.0894461920087684,-0.00380764542244255,0.00758440399561579));
#8526=CARTESIAN_POINT('',(0.0891311920087684,0.004,0.00813));
#8527=CARTESIAN_POINT('',(0.0885607502176275,0.0033,-0.00749584598611271));
#8528=CARTESIAN_POINT('',(0.0887531435112231,0.00346856169802413,-0.0071842722589964));
#8529=CARTESIAN_POINT('',(0.088775528944964,0.00387085297230865,-0.00719719649519263));
#8530=CARTESIAN_POINT('',(0.0891367482727793,0.0032999999999998,-0.00772961020221472));
#8531=CARTESIAN_POINT('',(0.0892669609559143,0.00349393945458435,-0.0074809248989964));
#8532=CARTESIAN_POINT('',(0.0893190453762375,0.00383052779089402,-0.00751099585309725));
#8533=CARTESIAN_POINT('',(0.0896160739609607,0.00329999999999969,-0.00792414070931064));
#8534=CARTESIAN_POINT('',(0.0897325770437413,0.00349198654790062,-0.00774974847264577));
#8535=CARTESIAN_POINT('',(0.0897713409788527,0.00377254928349913,-0.0077721288410206));
#8536=CARTESIAN_POINT('',(0.0899744518215357,0.0033,-0.00806958550534074));
#8537=CARTESIAN_POINT('',(0.0900769619880182,0.00347593519725811,-0.00794857921293223));
#8538=CARTESIAN_POINT('',(0.0901095092314688,0.00370979759254072,-0.00796737037269981));
#8539=CARTESIAN_POINT('',(0.0891311920087684,0.00352067685600953,-0.0075));
#8540=CARTESIAN_POINT('',(0.0892460150284412,0.00361194492091925,-0.0075));
#8541=CARTESIAN_POINT('',(0.0893530218827227,0.00371038549036177,-0.00753061219826287));
#8542=CARTESIAN_POINT('',(0.0894461920087684,0.00380764542244255,-0.0075844039956158));
#8543=CARTESIAN_POINT('',(0.0891311920087684,0.004,-0.00813));
#8544=CARTESIAN_POINT('',(0.0899738266525854,-0.0033,-0.00806933178550906));
#8545=CARTESIAN_POINT('',(0.0900763757128656,-0.0034759625050264,-0.00794824072681509));
#8546=CARTESIAN_POINT('',(0.0901089193169825,-0.00370990703380033,-0.00796702978541236));
#8547=CARTESIAN_POINT('',(0.0895836391109727,-0.00329999999999991,-0.00791097728416686));
#8548=CARTESIAN_POINT('',(0.0897005986544626,-0.00349345421820877,-0.00773128574099755));
#8549=CARTESIAN_POINT('',(0.0897407351916293,-0.00377819694613936,-0.00775445858152841));
#8550=CARTESIAN_POINT('',(0.0890896200275665,-0.00330000000000048,-0.00771048357982287));
#8551=CARTESIAN_POINT('',(0.089226758916932,-0.00349193115569761,-0.00745771424096603));
#8552=CARTESIAN_POINT('',(0.0892745747822296,-0.003833805721124,-0.00748532074367577));
#8553=CARTESIAN_POINT('',(0.0885615974577674,-0.0033,-0.00749618983176529));
#8554=CARTESIAN_POINT('',(0.088753935454468,-0.00346860079359366,-0.00718472948764204));
#8555=CARTESIAN_POINT('',(0.0887763284076239,-0.00387079364045759,-0.00719765806517455));
#8556=CARTESIAN_POINT('',(0.0891311920087684,-0.00352067685600953,-0.0075));
#8557=CARTESIAN_POINT('',(0.0892460591668394,-0.00361198000470478,-0.0075));
#8558=CARTESIAN_POINT('',(0.089353038668374,-0.00371040301289426,-0.00753062188946277));
#8559=CARTESIAN_POINT('',(0.0894461920087684,-0.00380764542244255,-0.0075844039956158));
#8560=CARTESIAN_POINT('',(0.0891311920087684,0.004,-0.00813));
#8561=CARTESIAN_POINT('',(0.0893,0.0075,0.));
#8562=CARTESIAN_POINT('',(0.0893,-0.0069,0.));
#8563=CARTESIAN_POINT('',(0.0917589212508694,-0.0069,-0.00123134328358206));
#8564=CARTESIAN_POINT('',(0.0917589212508694,-0.0069,0.00123134328358206));
#8565=CARTESIAN_POINT('',(0.0917589212508694,-0.0069,0.00123134328358206));
#8566=CARTESIAN_POINT('',(0.0915279085223259,-0.0069,0.00169266232840965));
#8567=CARTESIAN_POINT('',(0.0908211416633514,-0.00672005008944282,0.00245903065034885));
#8568=CARTESIAN_POINT('',(0.0892988360124593,-0.00649956779839573,0.00289623198840752));
#8569=CARTESIAN_POINT('',(0.0877747790490188,-0.00672096357276137,0.00245603908376698));
#8570=CARTESIAN_POINT('',(0.0870721931951703,-0.0069,0.00169286545236097));
#8571=CARTESIAN_POINT('',(0.0868410787491305,-0.0069,0.00123134328358206));
#8572=CARTESIAN_POINT('',(0.0868410787491305,-0.0069,0.00123134328358206));
#8573=CARTESIAN_POINT('',(0.0893,-0.0069,0.));
#8574=CARTESIAN_POINT('',(0.0868410787491305,-0.0069,-0.00123134328358206));
#8575=CARTESIAN_POINT('',(0.0868410787491305,-0.0069,-0.00123134328358206));
#8576=CARTESIAN_POINT('',(0.087072091477674,-0.0069,-0.00169266232840967));
#8577=CARTESIAN_POINT('',(0.0877788583366486,-0.00672005008944283,-0.00245903065034882));
#8578=CARTESIAN_POINT('',(0.0893011639875406,-0.00649956779839574,-0.00289623198840752));
#8579=CARTESIAN_POINT('',(0.0908252209509812,-0.00672096357276135,-0.00245603908376703));
#8580=CARTESIAN_POINT('',(0.0915278068048296,-0.0069,-0.00169286545236095));
#8581=CARTESIAN_POINT('',(0.0917589212508694,-0.0069,-0.00123134328358206));
#8582=CARTESIAN_POINT('',(0.0893,-0.0056,0.));
#8583=CARTESIAN_POINT('',(0.08655,-0.0056,0.));
#8584=CARTESIAN_POINT('',(0.0893,0.0075,0.));
#8585=CARTESIAN_POINT('',(0.0893,0.0069,0.));
#8586=CARTESIAN_POINT('',(0.0868410787491305,0.0069,-0.00123134328358206));
#8587=CARTESIAN_POINT('',(0.0868410787491305,0.0069,0.00123134328358206));
#8588=CARTESIAN_POINT('',(0.0868410787491305,0.0069,0.00123134328358206));
#8589=CARTESIAN_POINT('',(0.087072091477674,0.0069,0.00169266232840967));
#8590=CARTESIAN_POINT('',(0.0877788583366487,0.00672005008944283,0.00245903065034882));
#8591=CARTESIAN_POINT('',(0.0893011639875406,0.00649956779839573,0.00289623198840752));
#8592=CARTESIAN_POINT('',(0.0908252209509812,0.00672096357276135,0.00245603908376703));
#8593=CARTESIAN_POINT('',(0.0915278068048296,0.0069,0.00169286545236095));
#8594=CARTESIAN_POINT('',(0.0917589212508694,0.0069,0.00123134328358206));
#8595=CARTESIAN_POINT('',(0.0917589212508694,0.0069,0.00123134328358206));
#8596=CARTESIAN_POINT('',(0.0893,0.0069,0.));
#8597=CARTESIAN_POINT('',(0.0917589212508694,0.0069,-0.00123134328358206));
#8598=CARTESIAN_POINT('',(0.0917589212508694,0.0069,-0.00123134328358206));
#8599=CARTESIAN_POINT('',(0.0915279085223259,0.0069,-0.00169266232840965));
#8600=CARTESIAN_POINT('',(0.0908211416633514,0.00672005008944282,-0.00245903065034885));
#8601=CARTESIAN_POINT('',(0.0892988360124594,0.00649956779839573,-0.00289623198840752));
#8602=CARTESIAN_POINT('',(0.0877747790490188,0.00672096357276136,-0.00245603908376698));
#8603=CARTESIAN_POINT('',(0.0870721931951703,0.0069,-0.00169286545236097));
#8604=CARTESIAN_POINT('',(0.0868410787491305,0.0069,-0.00123134328358206));
#8605=CARTESIAN_POINT('',(0.0893,0.0056,0.));
#8606=CARTESIAN_POINT('',(0.08655,0.0056,0.));
#8607=CARTESIAN_POINT('',(0.0868410787491305,0.0069,-0.00123134328358206));
#8608=CARTESIAN_POINT('',(0.0868410787491305,0.00750000000000001,-0.00123134328358205));
#8609=CARTESIAN_POINT('',(0.0863045868398499,0.0075,-0.00149999999999996));
#8610=CARTESIAN_POINT('',(0.0870715207922837,0.00689999998062954,-0.00169152270272407));
#8611=CARTESIAN_POINT('',(0.0871025350615893,0.00752855325912889,-0.00175345635031219));
#8612=CARTESIAN_POINT('',(0.086585307156911,0.0075,-0.00212286910723718));
#8613=CARTESIAN_POINT('',(0.0877760732001156,0.00672012811364347,-0.00245724777082851));
#8614=CARTESIAN_POINT('',(0.0879870212341467,0.00744835932427834,-0.00257905085064614));
#8615=CARTESIAN_POINT('',(0.0874435800753417,0.00730014233842246,-0.00315930506614713));
#8616=CARTESIAN_POINT('',(0.0890434902488834,0.00653849592825373,-0.0028220760462707));
#8617=CARTESIAN_POINT('',(0.0890761694678471,0.00742634372815608,-0.00280016571449963));
#8618=CARTESIAN_POINT('',(0.088987524485767,0.00709832880996067,-0.00365311303209803));
#8619=CARTESIAN_POINT('',(0.0900623943851632,0.00660632407518342,-0.00267881253951712));
#8620=CARTESIAN_POINT('',(0.0899631042155793,0.00743434715468149,-0.00269969235397233));
#8621=CARTESIAN_POINT('',(0.090228734977875,0.00717369341746277,-0.00345920081095362));
#8622=CARTESIAN_POINT('',(0.0909960607027953,0.00676708930177224,-0.00226710908791146));
#8623=CARTESIAN_POINT('',(0.0908589709222092,0.0074704416390035,-0.00236290753428364));
#8624=CARTESIAN_POINT('',(0.0913661103124024,0.00735232144206993,-0.00290194563503045));
#8625=CARTESIAN_POINT('',(0.0915285463644393,0.0068999999820527,-0.00169138859463609));
#8626=CARTESIAN_POINT('',(0.0914975429482858,0.00752854474116995,-0.00175330057570096));
#8627=CARTESIAN_POINT('',(0.0920147746547566,0.0075,-0.00212268758863128));
#8628=CARTESIAN_POINT('',(0.0917589212508695,0.0069,-0.00123134328358206));
#8629=CARTESIAN_POINT('',(0.0917589212508695,0.0075,-0.00123134328358206));
#8630=CARTESIAN_POINT('',(0.0922954131601501,0.0075,-0.00149999999999996));
#8631=CARTESIAN_POINT('',(0.0863045868398499,0.0069,-0.00149999999999996));
#8632=CARTESIAN_POINT('',(0.0922954131601501,0.0069,-0.00149999999999997));
#8633=CARTESIAN_POINT('',(0.0893,0.0069,0.));
#8634=CARTESIAN_POINT('',(0.0922954131601501,0.0069,0.00149999999999996));
#8635=CARTESIAN_POINT('',(0.0893,0.0069,0.));
#8636=CARTESIAN_POINT('',(0.0863045868398499,0.0069,0.00149999999999996));
#8637=CARTESIAN_POINT('',(0.0917589212508695,0.0069,0.00123134328358206));
#8638=CARTESIAN_POINT('',(0.0917589212508695,0.0075,0.00123134328358206));
#8639=CARTESIAN_POINT('',(0.0922954131601501,0.0075,0.00149999999999996));
#8640=CARTESIAN_POINT('',(0.091528479207717,0.00689999998062954,0.00169152270272264));
#8641=CARTESIAN_POINT('',(0.0914974649384335,0.00752855325915909,0.00175345635032769));
#8642=CARTESIAN_POINT('',(0.092014692843102,0.0075,0.00212286910725349));
#8643=CARTESIAN_POINT('',(0.0908239267998841,0.00672012811364346,0.00245724777082922));
#8644=CARTESIAN_POINT('',(0.0906129787658522,0.00744835932426327,0.00257905085062738));
#8645=CARTESIAN_POINT('',(0.0911564199246523,0.00730014233842245,0.00315930506613932));
#8646=CARTESIAN_POINT('',(0.0895565097511166,0.00653849592825373,0.00282207604627055));
#8647=CARTESIAN_POINT('',(0.0895238305321515,0.00742634372815853,0.00280016571450314));
#8648=CARTESIAN_POINT('',(0.0896124755142334,0.00709832880996067,0.00365311303209912));
#8649=CARTESIAN_POINT('',(0.0885376056148368,0.00660632407518343,0.00267881253951724));
#8650=CARTESIAN_POINT('',(0.0886368957844213,0.00743434715468038,0.00269969235397097));
#8651=CARTESIAN_POINT('',(0.0883712650221255,0.00717369341746277,0.00345920081095323));
#8652=CARTESIAN_POINT('',(0.0876039392972045,0.00676708930177224,0.00226710908791085));
#8653=CARTESIAN_POINT('',(0.0877410290777879,0.00747044163900745,0.00236290753428715));
#8654=CARTESIAN_POINT('',(0.0872338896875938,0.00735232144206993,0.00290194563503173));
#8655=CARTESIAN_POINT('',(0.087071453635562,0.0068999999820527,0.00169138859463877));
#8656=CARTESIAN_POINT('',(0.0871024570517329,0.00752854474115366,0.00175330057569549));
#8657=CARTESIAN_POINT('',(0.0865852253452608,0.0075,0.00212268758862605));
#8658=CARTESIAN_POINT('',(0.0868410787491305,0.0069,0.00123134328358206));
#8659=CARTESIAN_POINT('',(0.0868410787491305,0.00750000000000001,0.00123134328358205));
#8660=CARTESIAN_POINT('',(0.0863045868398499,0.0075,0.00149999999999996));
#8661=CARTESIAN_POINT('',(0.0893,0.0056,0.));
#8662=CARTESIAN_POINT('',(0.0917589212508695,-0.0069,-0.00123134328358206));
#8663=CARTESIAN_POINT('',(0.0917589212508695,-0.0075,-0.00123134328358206));
#8664=CARTESIAN_POINT('',(0.0922954131601501,-0.0075,-0.00149999999999996));
#8665=CARTESIAN_POINT('',(0.091528479207717,-0.00689999998062954,-0.00169152270272264));
#8666=CARTESIAN_POINT('',(0.0914974649384334,-0.00752855325915909,-0.00175345635032769));
#8667=CARTESIAN_POINT('',(0.092014692843102,-0.0075,-0.00212286910725349));
#8668=CARTESIAN_POINT('',(0.0908239267998841,-0.00672012811364347,-0.00245724777082922));
#8669=CARTESIAN_POINT('',(0.0906129787658521,-0.00744835932426328,-0.00257905085062737));
#8670=CARTESIAN_POINT('',(0.0911564199246523,-0.00730014233842246,-0.00315930506613932));
#8671=CARTESIAN_POINT('',(0.0895565097511166,-0.00653849592825373,-0.00282207604627055));
#8672=CARTESIAN_POINT('',(0.0895238305321516,-0.00742634372815853,-0.00280016571450316));
#8673=CARTESIAN_POINT('',(0.0896124755142334,-0.00709832880996067,-0.00365311303209912));
#8674=CARTESIAN_POINT('',(0.0885376056148368,-0.00660632407518343,-0.00267881253951725));
#8675=CARTESIAN_POINT('',(0.088636895784421,-0.00743434715468038,-0.00269969235397094));
#8676=CARTESIAN_POINT('',(0.0883712650221255,-0.00717369341746277,-0.00345920081095322));
#8677=CARTESIAN_POINT('',(0.0876039392972045,-0.00676708930177224,-0.00226710908791084));
#8678=CARTESIAN_POINT('',(0.0877410290777891,-0.00747044163900744,-0.0023629075342873));
#8679=CARTESIAN_POINT('',(0.0872338896875938,-0.00735232144206993,-0.00290194563503178));
#8680=CARTESIAN_POINT('',(0.0870714536355621,-0.0068999999820527,-0.00169138859463882));
#8681=CARTESIAN_POINT('',(0.0871024570517279,-0.00752854474115371,-0.00175330057569499));
#8682=CARTESIAN_POINT('',(0.0865852253452608,-0.0075,-0.00212268758862585));
#8683=CARTESIAN_POINT('',(0.0868410787491305,-0.0069,-0.00123134328358206));
#8684=CARTESIAN_POINT('',(0.0868410787491305,-0.00750000000000001,-0.00123134328358205));
#8685=CARTESIAN_POINT('',(0.0863045868398499,-0.0075,-0.00149999999999996));
#8686=CARTESIAN_POINT('',(0.0922954131601501,-0.0069,-0.00149999999999996));
#8687=CARTESIAN_POINT('',(0.0863045868398499,-0.0069,-0.00149999999999996));
#8688=CARTESIAN_POINT('',(0.0893,-0.0069,0.));
#8689=CARTESIAN_POINT('',(0.0863045868398499,-0.0069,0.00149999999999996));
#8690=CARTESIAN_POINT('',(0.0893,-0.0069,0.));
#8691=CARTESIAN_POINT('',(0.0922954131601501,-0.0069,0.00149999999999996));
#8692=CARTESIAN_POINT('',(0.0868410787491305,-0.0069,0.00123134328358206));
#8693=CARTESIAN_POINT('',(0.0868410787491305,-0.00750000000000001,0.00123134328358205));
#8694=CARTESIAN_POINT('',(0.0863045868398499,-0.0075,0.00149999999999996));
#8695=CARTESIAN_POINT('',(0.0870715207922837,-0.00689999998062954,0.00169152270272407));
#8696=CARTESIAN_POINT('',(0.0871025350615894,-0.00752855325912889,0.00175345635031219));
#8697=CARTESIAN_POINT('',(0.086585307156911,-0.0075,0.00212286910723718));
#8698=CARTESIAN_POINT('',(0.0877760732001156,-0.00672012811364347,0.00245724777082856));
#8699=CARTESIAN_POINT('',(0.0879870212341466,-0.00744835932427836,0.00257905085064621));
#8700=CARTESIAN_POINT('',(0.0874435800753416,-0.00730014233842246,0.0031593050661472));
#8701=CARTESIAN_POINT('',(0.0890434902488835,-0.00653849592825372,0.00282207604627058));
#8702=CARTESIAN_POINT('',(0.0890761694678473,-0.00742634372815603,0.00280016571449941));
#8703=CARTESIAN_POINT('',(0.088987524485767,-0.00709832880996067,0.00365311303209783));
#8704=CARTESIAN_POINT('',(0.0900623943851631,-0.00660632407518343,0.00267881253951733));
#8705=CARTESIAN_POINT('',(0.0899631042155789,-0.00743434715468156,0.0026996923539727));
#8706=CARTESIAN_POINT('',(0.090228734977875,-0.00717369341746277,0.00345920081095397));
#8707=CARTESIAN_POINT('',(0.0909960607027958,-0.00676708930177224,0.0022671090879103));
#8708=CARTESIAN_POINT('',(0.0908589709222108,-0.00747044163900313,0.00236290753428184));
#8709=CARTESIAN_POINT('',(0.0913661103124024,-0.00735232144206993,0.00290194563502857));
#8710=CARTESIAN_POINT('',(0.0915285463644367,-0.0068999999820527,0.00169138859464125));
#8711=CARTESIAN_POINT('',(0.091497542948279,-0.00752854474117147,0.00175330057570825));
#8712=CARTESIAN_POINT('',(0.0920147746547566,-0.0075,0.00212268758863964));
#8713=CARTESIAN_POINT('',(0.0917589212508695,-0.0069,0.00123134328358206));
#8714=CARTESIAN_POINT('',(0.0917589212508695,-0.0075,0.00123134328358206));
#8715=CARTESIAN_POINT('',(0.0922954131601501,-0.0075,0.00149999999999996));
#8716=CARTESIAN_POINT('',(0.0893,-0.0056,0.));
#8717=CARTESIAN_POINT('',(0.071965925826288,0.00110000000023614,-0.0107588190451046));
#8718=CARTESIAN_POINT('',(0.0458159258262878,0.00110000000023209,0.00509118095489539));
#8719=CARTESIAN_POINT('',(0.0470659258262878,0.00110000000023209,0.00509118095489539));
#8720=CARTESIAN_POINT('',(0.0684759258262878,0.00110000000023209,0.00509118095489538));
#8721=CARTESIAN_POINT('',(0.0697259258262878,0.00110000000023209,0.00509118095489538));
#8722=CARTESIAN_POINT('',(0.026615925826288,0.00110000000023209,-0.00526881904510464));
#8723=CARTESIAN_POINT('',(0.027865925826288,0.00110000000023209,-0.00526881904510464));
#8724=CARTESIAN_POINT('',(0.0458159258262878,0.00110000000023209,-0.00526881904510461));
#8725=CARTESIAN_POINT('',(0.0470659258262878,0.00110000000023209,-0.00526881904510461));
#8726=CARTESIAN_POINT('',(0.0684759258262878,0.00110000000023209,-0.00526881904510462));
#8727=CARTESIAN_POINT('',(0.0697259258262878,0.00110000000023209,-0.00526881904510462));
#8728=CARTESIAN_POINT('',(0.0266159258262878,0.00110000000023209,0.0050911809548954));
#8729=CARTESIAN_POINT('',(0.0278659258262878,0.00110000000023209,0.0050911809548954));
#8730=CARTESIAN_POINT('',(0.00804058268497256,0.00110000000023248,0.0045));
#8731=CARTESIAN_POINT('',(0.00671592582628795,0.00110000000023595,0.00719170656029588));
#8732=CARTESIAN_POINT('',(0.00671592582628795,0.00110000000023595,-0.00156414353097967));
#8733=CARTESIAN_POINT('',(0.00671592582628795,0.00110000000023595,-0.00153344739075395));
#8734=CARTESIAN_POINT('',(3.04673358512939E-5,0.00110000000023213,-0.000712576305571032));
#8735=CARTESIAN_POINT('',(3.04673358512939E-5,0.00110000000023213,-0.000712576305571032));
#8736=CARTESIAN_POINT('',(3.04673358512939E-5,0.00110000000023213,-0.000712576305571032));
#8737=CARTESIAN_POINT('',(0.072215925826288,0.00110000000023611,0.0125));
#8738=CARTESIAN_POINT('',(0.0603526631578749,0.0011000000002355,-0.0107588190451046));
#8739=CARTESIAN_POINT('',(0.0603526631578961,0.0011000000002354,0.00446283396126371));
#8740=CARTESIAN_POINT('',(0.0603526631578961,0.00110000000023539,-0.00424153455010837));
#8741=CARTESIAN_POINT('',(0.071965925826288,0.00110000000023608,-0.00424153455010836));
#8742=CARTESIAN_POINT('',(0.0596425173931201,0.0011000000002354,-0.00424153455010837));
#8743=CARTESIAN_POINT('',(0.0596425173931768,0.00110000000023546,-0.0107588190451048));
#8744=CARTESIAN_POINT('',(0.0596425173931201,0.0011000000002354,-0.00399153455010837));
#8745=CARTESIAN_POINT('',(0.0500172694859538,0.00110000000023483,-0.000361668752432754));
#8746=CARTESIAN_POINT('',(0.0568546383810626,0.00110000000023526,-0.00539299729715053));
#8747=CARTESIAN_POINT('',(0.0568546383810414,0.00110000000023531,-0.0107588190451046));
#8748=CARTESIAN_POINT('',(0.0568546383810626,0.0011000000002352,-0.00649994421946217));
#8749=CARTESIAN_POINT('',(0.071965925826288,0.0011000000002361,-0.00649994421946216));
#8750=CARTESIAN_POINT('',(0.0510012769211612,0.00110000000023495,-0.00649994421946217));
#8751=CARTESIAN_POINT('',(0.05100127692114,0.00110000000023499,-0.0107588190451045));
#8752=CARTESIAN_POINT('',(0.0510012769211552,0.00110000000024495,-0.00463470416583981));
#8753=CARTESIAN_POINT('',(0.0494533660732074,0.0011000000002348,4.81163185440479E-5));
#8754=CARTESIAN_POINT('',(0.04985858882739,0.00110000000024423,-0.00469731006515735));
#8755=CARTESIAN_POINT('',(0.0498585888273744,0.00110000000023493,-0.0107588190451045));
#8756=CARTESIAN_POINT('',(0.0498585888273745,0.00110000000023477,0.00479354270224671));
#8757=CARTESIAN_POINT('',(0.0494533660732074,0.0011000000002348,4.81163185440479E-5));
#8758=CARTESIAN_POINT('',(0.0510012769211553,0.00110000000024487,0.00473093680292788));
#8759=CARTESIAN_POINT('',(0.05100127692114,0.00110000000023499,-0.0107588190451045));
#8760=CARTESIAN_POINT('',(0.0510012769211613,0.00110000000023482,0.00650005578053783));
#8761=CARTESIAN_POINT('',(0.071965925826288,0.00110000000023597,0.00650005578053784));
#8762=CARTESIAN_POINT('',(0.0568546383810626,0.0011000000002352,0.00650005578053783));
#8763=CARTESIAN_POINT('',(0.0568546383810414,0.00110000000023531,-0.0107588190451046));
#8764=CARTESIAN_POINT('',(0.0568546383810626,0.00110000000023515,0.00546685019918536));
#8765=CARTESIAN_POINT('',(0.0500172694859538,0.00110000000023483,5.57805378380294E-8));
#8766=CARTESIAN_POINT('',(0.05964251739312,0.00110000000023532,0.00421283396126371));
#8767=CARTESIAN_POINT('',(0.0596425173931768,0.00110000000023546,-0.0107588190451048));
#8768=CARTESIAN_POINT('',(0.05964251739312,0.00110000000023532,0.00446283396126371));
#8769=CARTESIAN_POINT('',(0.071965925826288,0.00110000000023599,0.00446283396126372));
#8770=CARTESIAN_POINT('',(0.0404215942590826,0.00110000000023441,-0.0107588190451045));
#8771=CARTESIAN_POINT('',(0.0404215942591038,0.0011000000002343,0.00446277818072572));
#8772=CARTESIAN_POINT('',(0.0404215942591038,0.0011000000002343,-0.00424159033064637));
#8773=CARTESIAN_POINT('',(0.071965925826288,0.00110000000023608,-0.00424159033064636));
#8774=CARTESIAN_POINT('',(0.0397114484943259,0.0011000000002343,-0.00424159033064637));
#8775=CARTESIAN_POINT('',(0.0397114484943826,0.00110000000023437,-0.0107588190451052));
#8776=CARTESIAN_POINT('',(0.0397114484943259,0.0011000000002343,-0.00399159033064637));
#8777=CARTESIAN_POINT('',(0.0300862005871596,0.00110000000023374,-0.000361724532970748));
#8778=CARTESIAN_POINT('',(0.0369235694822703,0.00110000000023416,-0.00539305307768782));
#8779=CARTESIAN_POINT('',(0.0369235694822491,0.00110000000023422,-0.0107588190451044));
#8780=CARTESIAN_POINT('',(0.0369235694822703,0.00110000000023411,-0.00650000000000017));
#8781=CARTESIAN_POINT('',(0.071965925826288,0.0011000000002361,-0.00650000000000016));
#8782=CARTESIAN_POINT('',(0.0310702080223689,0.00110000000023385,-0.00650000000000017));
#8783=CARTESIAN_POINT('',(0.0310702080223478,0.00110000000023389,-0.0107588190451044));
#8784=CARTESIAN_POINT('',(0.0310702080223629,0.00110000000024386,-0.00463475994637764));
#8785=CARTESIAN_POINT('',(0.0295222971744132,0.0011000000002337,4.80605380060537E-5));
#8786=CARTESIAN_POINT('',(0.0299275199285977,0.00110000000024314,-0.0046973658456953));
#8787=CARTESIAN_POINT('',(0.0299275199285822,0.00110000000023383,-0.0107588190451044));
#8788=CARTESIAN_POINT('',(0.0299275199285823,0.00110000000023368,0.00479348692170867));
#8789=CARTESIAN_POINT('',(0.0295222971744132,0.0011000000002337,4.80605380060537E-5));
#8790=CARTESIAN_POINT('',(0.031070208022363,0.00110000000024377,0.00473088102238971));
#8791=CARTESIAN_POINT('',(0.0310702080223478,0.00110000000023389,-0.0107588190451044));
#8792=CARTESIAN_POINT('',(0.031070208022369,0.00110000000023373,0.00649999999999983));
#8793=CARTESIAN_POINT('',(0.071965925826288,0.00110000000023597,0.00649999999999984));
#8794=CARTESIAN_POINT('',(0.0369235694822703,0.00110000000023411,0.00649999999999983));
#8795=CARTESIAN_POINT('',(0.0369235694822491,0.00110000000023422,-0.0107588190451044));
#8796=CARTESIAN_POINT('',(0.0369235694822704,0.00110000000023406,0.00546679441864673));
#8797=CARTESIAN_POINT('',(0.0300862005871596,0.00110000000023374,-1.56125112837913E-16));
#8798=CARTESIAN_POINT('',(0.0397114484943258,0.00110000000023422,0.00421277818072572));
#8799=CARTESIAN_POINT('',(0.0397114484943826,0.00110000000023437,-0.0107588190451052));
#8800=CARTESIAN_POINT('',(0.0397114484943258,0.00110000000023422,0.00446277818072572));
#8801=CARTESIAN_POINT('',(0.071965925826288,0.00110000000023599,0.00446277818072572));
#8802=CARTESIAN_POINT('',(0.0204905253602904,0.00110000000023331,-0.0107588190451043));
#8803=CARTESIAN_POINT('',(0.0204905253603116,0.00110000000023321,0.00446277818072591));
#8804=CARTESIAN_POINT('',(0.0204905253603116,0.00110000000023321,-0.00424159033064617));
#8805=CARTESIAN_POINT('',(0.071965925826288,0.00110000000023608,-0.00424159033064617));
#8806=CARTESIAN_POINT('',(0.0197803795955305,0.00110000000023321,-0.00424159033064617));
#8807=CARTESIAN_POINT('',(0.0197803795955871,0.00110000000023328,-0.0107588190451055));
#8808=CARTESIAN_POINT('',(0.0197803795955305,0.00110000000023321,-0.00399159033064617));
#8809=CARTESIAN_POINT('',(0.0101551316883641,0.00110000000023265,-0.000361724532970554));
#8810=CARTESIAN_POINT('',(0.0169925005834781,0.00110000000023307,-0.00539305307768648));
#8811=CARTESIAN_POINT('',(0.0169925005834569,0.00110000000023312,-0.0107588190451043));
#8812=CARTESIAN_POINT('',(0.0169925005834781,0.00110000000023302,-0.0065));
#8813=CARTESIAN_POINT('',(0.071965925826288,0.0011000000002361,-0.0065));
#8814=CARTESIAN_POINT('',(0.0111391391235767,0.00110000000023269,-0.0065));
#8815=CARTESIAN_POINT('',(0.0111391391235555,0.0011000000002328,-0.0107588190451043));
#8816=CARTESIAN_POINT('',(0.0111391391235707,0.00110000000024277,-0.00463475994637717));
#8817=CARTESIAN_POINT('',(0.00959122827561775,0.00110000000023261,4.80605380062463E-5));
#8818=CARTESIAN_POINT('',(0.00999645102980549,0.00110000000024205,-0.00469736584569504));
#8819=CARTESIAN_POINT('',(0.00999645102978993,0.00110000000023274,-0.0107588190451043));
#8820=CARTESIAN_POINT('',(0.00999645102979002,0.00110000000023259,0.00479348692170879));
#8821=CARTESIAN_POINT('',(0.00959122827561775,0.00110000000023261,4.80605380062463E-5));
#8822=CARTESIAN_POINT('',(0.0111391391235708,0.00110000000024268,0.00473088102238962));
#8823=CARTESIAN_POINT('',(0.0111391391235555,0.0011000000002328,-0.0107588190451043));
#8824=CARTESIAN_POINT('',(0.0111391391235767,0.0011000000002327,0.0065));
#8825=CARTESIAN_POINT('',(0.071965925826288,0.00110000000023597,0.0065));
#8826=CARTESIAN_POINT('',(0.0169925005834781,0.00110000000023302,0.0065));
#8827=CARTESIAN_POINT('',(0.0169925005834569,0.00110000000023312,-0.0107588190451043));
#8828=CARTESIAN_POINT('',(0.0169925005834781,0.00110000000023296,0.00546679441864586));
#8829=CARTESIAN_POINT('',(0.0101551316883641,0.00110000000023264,3.64291929955129E-17));
#8830=CARTESIAN_POINT('',(0.0197803795955304,0.00110000000023313,0.00421277818072591));
#8831=CARTESIAN_POINT('',(0.0197803795955871,0.00110000000023328,-0.0107588190451055));
#8832=CARTESIAN_POINT('',(0.0197803795955304,0.00110000000023313,0.00446277818072591));
#8833=CARTESIAN_POINT('',(0.071965925826288,0.00110000000023599,0.00446277818072591));
#8834=CARTESIAN_POINT('',(0.071965925826288,0.000500000000236139,-0.0107588190451047));
#8835=CARTESIAN_POINT('',(0.00671592582628798,0.000500000000232121,-0.00156414353097967));
#8836=CARTESIAN_POINT('',(0.00671592582628798,0.000500000000232422,0.00719170656029589));
#8837=CARTESIAN_POINT('',(0.00671592582628797,0.000500000000232135,-0.00153344739075395));
#8838=CARTESIAN_POINT('',(0.00804058268497256,0.000500000000232495,0.0045));
#8839=CARTESIAN_POINT('',(0.072215925826288,0.000500000000236107,0.0125));
#8840=CARTESIAN_POINT('',(3.04673358512939E-5,0.000500000000232134,-0.000712576305571032));
#8841=CARTESIAN_POINT('',(3.04673358512939E-5,0.000500000000232134,-0.000712576305571032));
#8842=CARTESIAN_POINT('',(3.04673358512939E-5,0.000500000000232134,-0.000712576305571032));
#8843=CARTESIAN_POINT('',(0.071965925826288,0.000500000000235991,0.00446283396126372));
#8844=CARTESIAN_POINT('',(0.0607124507251822,0.000500000000235417,0.00446283396126371));
#8845=CARTESIAN_POINT('',(0.0586419269538352,0.000500000000235261,0.00446283396126371));
#8846=CARTESIAN_POINT('',(0.058641926953892,0.000500000000235408,-0.0107588190451049));
#8847=CARTESIAN_POINT('',(0.0586419269538352,0.000500000000235263,0.00421283396126371));
#8848=CARTESIAN_POINT('',(0.049016679046669,0.000500000000234775,5.57805378397641E-8));
#8849=CARTESIAN_POINT('',(0.0572144259483487,0.000500000000235177,0.0049474180554601));
#8850=CARTESIAN_POINT('',(0.0572144259483275,0.000500000000235329,-0.0107588190451046));
#8851=CARTESIAN_POINT('',(0.0572144259483487,0.000500000000235226,0.00650005578053783));
#8852=CARTESIAN_POINT('',(0.071965925826288,0.000500000000235971,0.00650005578053784));
#8853=CARTESIAN_POINT('',(0.0513610644884474,0.00050000000023484,0.00650005578053783));
#8854=CARTESIAN_POINT('',(0.0513610644884262,0.000500000000235008,-0.0107588190451045));
#8855=CARTESIAN_POINT('',(0.0513610644884403,0.000500000000246658,0.00455649989125066));
#8856=CARTESIAN_POINT('',(0.0484527756339226,0.000500000000234744,4.81163185440479E-5));
#8857=CARTESIAN_POINT('',(0.0502183763946756,0.000500000000245037,0.00471052302020095));
#8858=CARTESIAN_POINT('',(0.0502183763946606,0.000500000000234945,-0.0107588190451045));
#8859=CARTESIAN_POINT('',(0.0502183763946606,0.000500000000234885,-0.00461429038311834));
#8860=CARTESIAN_POINT('',(0.0484527756339226,0.000500000000234744,4.81163185440479E-5));
#8861=CARTESIAN_POINT('',(0.0513610644884403,0.000500000000246737,-0.00446026725416261));
#8862=CARTESIAN_POINT('',(0.0513610644884262,0.000500000000235008,-0.0107588190451045));
#8863=CARTESIAN_POINT('',(0.0513610644884473,0.000500000000234968,-0.00649994421946217));
#8864=CARTESIAN_POINT('',(0.071965925826288,0.000500000000236097,-0.00649994421946216));
#8865=CARTESIAN_POINT('',(0.0572144259483487,0.000500000000235225,-0.00649994421946217));
#8866=CARTESIAN_POINT('',(0.0572144259483275,0.000500000000235329,-0.0107588190451046));
#8867=CARTESIAN_POINT('',(0.0572144259483487,0.000500000000235272,-0.0048231504780997));
#8868=CARTESIAN_POINT('',(0.049016679046669,0.000500000000234779,-0.000361668752432752));
#8869=CARTESIAN_POINT('',(0.0586419269538353,0.000500000000235342,-0.00399153455010837));
#8870=CARTESIAN_POINT('',(0.058641926953892,0.000500000000235408,-0.0107588190451049));
#8871=CARTESIAN_POINT('',(0.0586419269538354,0.000500000000235345,-0.00424153455010837));
#8872=CARTESIAN_POINT('',(0.071965925826288,0.000500000000236075,-0.00424153455010836));
#8873=CARTESIAN_POINT('',(0.0607124507251822,0.000500000000235417,-0.00424153455010837));
#8874=CARTESIAN_POINT('',(0.060712450725161,0.000500000000235521,-0.0107588190451046));
#8875=CARTESIAN_POINT('',(0.071965925826288,0.000500000000235991,0.00446277818072572));
#8876=CARTESIAN_POINT('',(0.0407813818263899,0.000500000000234321,0.00446277818072572));
#8877=CARTESIAN_POINT('',(0.038710858055041,0.000500000000234166,0.00446277818072572));
#8878=CARTESIAN_POINT('',(0.0387108580550978,0.000500000000234314,-0.0107588190451052));
#8879=CARTESIAN_POINT('',(0.038710858055041,0.000500000000234169,0.00421277818072572));
#8880=CARTESIAN_POINT('',(0.0290856101478748,0.000500000000233681,-1.54390389361936E-16));
#8881=CARTESIAN_POINT('',(0.0372833570495565,0.000500000000234084,0.00494736227492125));
#8882=CARTESIAN_POINT('',(0.0372833570495352,0.000500000000234236,-0.0107588190451044));
#8883=CARTESIAN_POINT('',(0.0372833570495564,0.00050000000023413,0.00649999999999983));
#8884=CARTESIAN_POINT('',(0.071965925826288,0.000500000000235971,0.00649999999999984));
#8885=CARTESIAN_POINT('',(0.0285217067351284,0.00050000000023365,4.80605380060554E-5));
#8886=CARTESIAN_POINT('',(0.0302873074958834,0.000500000000243935,0.00471046723966276));
#8887=CARTESIAN_POINT('',(0.0302873074958683,0.000500000000233852,-0.0107588190451044));
#8888=CARTESIAN_POINT('',(0.0302873074958683,0.000500000000233792,-0.00461434616365614));
#8889=CARTESIAN_POINT('',(0.0285217067351284,0.00050000000023365,4.80605380060554E-5));
#8890=CARTESIAN_POINT('',(0.071965925826288,0.000500000000236097,-0.00650000000000016));
#8891=CARTESIAN_POINT('',(0.0372833570495564,0.000500000000234129,-0.00650000000000017));
#8892=CARTESIAN_POINT('',(0.0372833570495352,0.000500000000234236,-0.0107588190451044));
#8893=CARTESIAN_POINT('',(0.0372833570495564,0.000500000000234179,-0.00482320625863676));
#8894=CARTESIAN_POINT('',(0.0290856101478748,0.000500000000233685,-0.000361724532970746));
#8895=CARTESIAN_POINT('',(0.0387108580550411,0.000500000000234248,-0.00399159033064637));
#8896=CARTESIAN_POINT('',(0.0387108580550978,0.000500000000234314,-0.0107588190451052));
#8897=CARTESIAN_POINT('',(0.0387108580550411,0.000500000000234249,-0.00424159033064637));
#8898=CARTESIAN_POINT('',(0.071965925826288,0.000500000000236075,-0.00424159033064636));
#8899=CARTESIAN_POINT('',(0.0407813818263899,0.000500000000234321,-0.00424159033064637));
#8900=CARTESIAN_POINT('',(0.0407813818263687,0.000500000000234428,-0.0107588190451045));
#8901=CARTESIAN_POINT('',(0.071965925826288,0.000500000000235991,0.00446277818072591));
#8902=CARTESIAN_POINT('',(0.0208503129275977,0.000500000000233227,0.00446277818072591));
#8903=CARTESIAN_POINT('',(0.0187797891562456,0.000500000000233074,0.00446277818072591));
#8904=CARTESIAN_POINT('',(0.0187797891563024,0.00050000000023322,-0.0107588190451055));
#8905=CARTESIAN_POINT('',(0.0187797891562456,0.000500000000233075,0.00421277818072591));
#8906=CARTESIAN_POINT('',(0.00915454124907934,0.000500000000232588,3.64291929955129E-17));
#8907=CARTESIAN_POINT('',(0.0173522881507642,0.000500000000232992,0.00494736227492004));
#8908=CARTESIAN_POINT('',(0.017352288150743,0.000500000000233142,-0.0107588190451043));
#8909=CARTESIAN_POINT('',(0.0173522881507642,0.000500000000233039,0.0065));
#8910=CARTESIAN_POINT('',(0.071965925826288,0.000500000000235971,0.0065));
#8911=CARTESIAN_POINT('',(0.0114989266908629,0.000500000000232718,0.0065));
#8912=CARTESIAN_POINT('',(0.0114989266908416,0.000500000000232821,-0.0107588190451043));
#8913=CARTESIAN_POINT('',(0.0114989266908558,0.000500000000244474,0.00455644411071198));
#8914=CARTESIAN_POINT('',(0.00859063783633296,0.000500000000232556,4.80605380062463E-5));
#8915=CARTESIAN_POINT('',(0.0103562385970911,0.000500000000242846,0.00471046723966263));
#8916=CARTESIAN_POINT('',(0.010356238597076,0.000500000000232758,-0.0107588190451043));
#8917=CARTESIAN_POINT('',(0.0103562385970761,0.000500000000232699,-0.00461434616365562));
#8918=CARTESIAN_POINT('',(0.00859063783633296,0.000500000000232556,4.80605380062463E-5));
#8919=CARTESIAN_POINT('',(0.0114989266908557,0.000500000000244559,-0.00446032303469954));
#8920=CARTESIAN_POINT('',(0.0114989266908416,0.000500000000232821,-0.0107588190451043));
#8921=CARTESIAN_POINT('',(0.0114989266908628,0.000500000000232717,-0.0065));
#8922=CARTESIAN_POINT('',(0.071965925826288,0.000500000000236097,-0.0065));
#8923=CARTESIAN_POINT('',(0.0173522881507642,0.000500000000233038,-0.0065));
#8924=CARTESIAN_POINT('',(0.017352288150743,0.000500000000233142,-0.0107588190451043));
#8925=CARTESIAN_POINT('',(0.0173522881507642,0.000500000000233087,-0.00482320625863501));
#8926=CARTESIAN_POINT('',(0.00915454124907936,0.000500000000232591,-0.000361724532970554));
#8927=CARTESIAN_POINT('',(0.0187797891562457,0.000500000000233155,-0.00399159033064617));
#8928=CARTESIAN_POINT('',(0.0187797891563024,0.00050000000023322,-0.0107588190451055));
#8929=CARTESIAN_POINT('',(0.0187797891562457,0.000500000000233155,-0.00424159033064617));
#8930=CARTESIAN_POINT('',(0.071965925826288,0.000500000000236075,-0.00424159033064617));
#8931=CARTESIAN_POINT('',(0.0208503129275977,0.000500000000233227,-0.00424159033064617));
#8932=CARTESIAN_POINT('',(0.0208503129275765,0.000500000000233334,-0.0107588190451043));
#8933=CARTESIAN_POINT('',(3.04673358512939E-5,0.00110000000023213,-0.000712576305571032));
#8934=CARTESIAN_POINT('',(3.04673358512939E-5,0.00110000000023213,-0.000712576305571032));
#8935=CARTESIAN_POINT('',(-8.57414002596974E-5,1.01279636334661E-18,-0.000698307666934563));
#8936=CARTESIAN_POINT('',(0.00671592582628801,3.81488395846904E-16,-0.00153344739075395));
#8937=CARTESIAN_POINT('',(0.00671592582628801,3.68941696098188E-16,-1.27180069543557E-18));
#8938=CARTESIAN_POINT('',(0.00671592582628795,0.00110000000023595,0.00719170656029587));
#8939=CARTESIAN_POINT('',(0.072215925826288,0.000500000000236107,0.0125));
#8940=CARTESIAN_POINT('',(0.0213312536638272,-0.000302041170656488,2.65575391567732E-17));
#8941=CARTESIAN_POINT('',(0.0187583730885939,-0.00184485857579136,2.73584329631669E-17));
#8942=CARTESIAN_POINT('',(0.0187583730885939,-0.00184485857579136,0.00446277818072591));
#8943=CARTESIAN_POINT('',(0.0187583730885939,-0.00184485857579136,-0.00424159033064617));
#8944=CARTESIAN_POINT('',(0.0213312536638272,-0.000302041170656487,0.00446277818072591));
#8945=CARTESIAN_POINT('',(0.0213312536638272,-0.000302041170656487,0.00446277818072591));
#8946=CARTESIAN_POINT('',(0.0213312536638272,-0.000302041170656488,2.65575391567732E-17));
#8947=CARTESIAN_POINT('',(0.0213312536638272,-0.000302041170656488,-0.00424159033064617));
#8948=CARTESIAN_POINT('',(0.0213312536638272,-0.000302041170656488,-0.00424159033064617));
#8949=CARTESIAN_POINT('',(0.0177570600085981,0.00565846549530068,2.55964360283907E-17));
#8950=CARTESIAN_POINT('',(0.0177570600085981,0.00565846549530068,-0.00424159033064617));
#8951=CARTESIAN_POINT('',(0.0177570600085981,0.00565846549530069,0.00446277818072591));
#8952=CARTESIAN_POINT('',(0.0177570600085981,0.00565846549530069,0.00446277818072591));
#8953=CARTESIAN_POINT('',(0.0151841794333648,0.00411564809016582,0.00446277818072591));
#8954=CARTESIAN_POINT('',(0.0177298281518373,-0.000129604858969146,0.00446277818072591));
#8955=CARTESIAN_POINT('',(0.0203027087270706,0.00141321254616572,0.00446277818072591));
#8956=CARTESIAN_POINT('',(0.0177570600085981,0.00565846549530068,-0.00424159033064617));
#8957=CARTESIAN_POINT('',(0.0203027087270706,0.00141321254616572,-0.00424159033064617));
#8958=CARTESIAN_POINT('',(0.0177298281518373,-0.000129604858969148,-0.00424159033064617));
#8959=CARTESIAN_POINT('',(0.0151841794333648,0.00411564809016582,-0.00424159033064617));
#8960=CARTESIAN_POINT('',(0.0151841794333648,0.00411564809016582,2.63973298347844E-17));
#8961=CARTESIAN_POINT('',(0.0151841794333648,0.00411564809016582,0.0065));
#8962=CARTESIAN_POINT('',(0.0151841794333648,0.00411564809016582,2.63973298347844E-17));
#8963=CARTESIAN_POINT('',(0.0177298281518373,-0.000129604858969146,0.00421277818072591));
#8964=CARTESIAN_POINT('',(0.0177298281518373,-0.000129604858969148,2.70818565233446E-17));
#8965=CARTESIAN_POINT('',(0.0177298281518373,-0.000129604858969148,2.70818565233446E-17));
#8966=CARTESIAN_POINT('',(0.0177298281518373,-0.000129604858969148,-0.00399159033064617));
#8967=CARTESIAN_POINT('',(0.0151841794333648,0.00411564809016582,-0.000361724532970565));
#8968=CARTESIAN_POINT('',(0.0151841794333648,0.00411564809016581,-0.0065));
#8969=CARTESIAN_POINT('',(0.00988927926706847,0.0012787250688353,4.80605380062379E-5));
#8970=CARTESIAN_POINT('',(0.00988927926706847,0.0012787250688353,4.80605380062379E-5));
#8971=CARTESIAN_POINT('',(0.00988927926706847,0.0012787250688353,4.80605380062379E-5));
#8972=CARTESIAN_POINT('',(0.0107297535883114,0.00178271208784602,4.80605380062376E-5));
#8973=CARTESIAN_POINT('',(0.0108788926041411,0.00153400029890679,-1.73653182379137E-17));
#8974=CARTESIAN_POINT('',(0.0165153188575671,-0.00786559006927891,-0.0065));
#8975=CARTESIAN_POINT('',(0.010878892604141,0.00153400029890684,0.0065));
#8976=CARTESIAN_POINT('',(0.0151841794333648,0.00411564809016582,0.0065));
#8977=CARTESIAN_POINT('',(0.0151841794333648,0.00411564809016581,-0.0065));
#8978=CARTESIAN_POINT('',(0.0203027087270706,0.00141321254616572,2.62809627169509E-17));
#8979=CARTESIAN_POINT('',(0.0164433878642207,-0.00090101356153658,0.00421277818072591));
#8980=CARTESIAN_POINT('',(0.0203027087270706,0.00141321254616572,2.62809627169509E-17));
#8981=CARTESIAN_POINT('',(0.0164433878642207,-0.000901013561536584,-0.00399159033064617));
#8982=CARTESIAN_POINT('',(0.0138977391457481,0.00334423938759838,2.67977767379813E-17));
#8983=CARTESIAN_POINT('',(0.0138977391457481,0.00334423938759838,-0.000361724532970565));
#8984=CARTESIAN_POINT('',(0.0412623225626203,-0.000302041170656806,-1.66400073021681E-16));
#8985=CARTESIAN_POINT('',(0.038689441987387,-0.00184485857579168,-1.66203475214665E-16));
#8986=CARTESIAN_POINT('',(0.038689441987387,-0.00184485857579168,0.00446277818072572));
#8987=CARTESIAN_POINT('',(0.038689441987387,-0.00184485857579168,-0.00424159033064637));
#8988=CARTESIAN_POINT('',(0.0412623225626203,-0.000302041170656806,0.00446277818072572));
#8989=CARTESIAN_POINT('',(0.0412623225626203,-0.000302041170656806,0.00446277818072572));
#8990=CARTESIAN_POINT('',(0.0412623225626203,-0.000302041170656806,-1.66400073021681E-16));
#8991=CARTESIAN_POINT('',(0.0412623225626203,-0.000302041170656806,-0.00424159033064637));
#8992=CARTESIAN_POINT('',(0.0412623225626203,-0.000302041170656806,-0.00424159033064637));
#8993=CARTESIAN_POINT('',(0.0298203481658616,0.00127872506883498,4.80605380060451E-5));
#8994=CARTESIAN_POINT('',(0.0298203481658616,0.00127872506883498,4.80605380060451E-5));
#8995=CARTESIAN_POINT('',(0.0298203481658616,0.00127872506883498,4.80605380060451E-5));
#8996=CARTESIAN_POINT('',(0.0376881289073912,0.00565846549530036,-1.65487334416302E-16));
#8997=CARTESIAN_POINT('',(0.0376881289073912,0.00565846549530036,-0.00424159033064637));
#8998=CARTESIAN_POINT('',(0.0376881289073912,0.00565846549530036,0.00446277818072572));
#8999=CARTESIAN_POINT('',(0.0376881289073912,0.00565846549530036,0.00446277818072572));
#9000=CARTESIAN_POINT('',(0.0351152483321579,0.00411564809016549,0.00446277818072572));
#9001=CARTESIAN_POINT('',(0.0376608970506304,-0.000129604858969469,0.00446277818072572));
#9002=CARTESIAN_POINT('',(0.0402337776258637,0.0014132125461654,0.00446277818072572));
#9003=CARTESIAN_POINT('',(0.0376881289073912,0.00565846549530036,-0.00424159033064637));
#9004=CARTESIAN_POINT('',(0.0402337776258637,0.0014132125461654,-0.00424159033064637));
#9005=CARTESIAN_POINT('',(0.0376608970506304,-0.000129604858969469,-0.00424159033064637));
#9006=CARTESIAN_POINT('',(0.0351152483321579,0.00411564809016549,-0.00424159033064637));
#9007=CARTESIAN_POINT('',(0.0351152483321579,0.00411564809016549,-1.65290736609286E-16));
#9008=CARTESIAN_POINT('',(0.0351152483321579,0.00411564809016549,0.00649999999999983));
#9009=CARTESIAN_POINT('',(0.0351152483321579,0.00411564809016549,-1.65290736609286E-16));
#9010=CARTESIAN_POINT('',(0.0376608970506304,-0.000129604858969469,0.00421277818072572));
#9011=CARTESIAN_POINT('',(0.0376608970506304,-0.000129604858969469,-1.65940816623189E-16));
#9012=CARTESIAN_POINT('',(0.0376608970506304,-0.000129604858969469,-1.65940816623189E-16));
#9013=CARTESIAN_POINT('',(0.0376608970506304,-0.000129604858969469,-0.00399159033064637));
#9014=CARTESIAN_POINT('',(0.0351152483321579,0.00411564809016549,-0.000361724532970757));
#9015=CARTESIAN_POINT('',(0.0351152483321579,0.00411564809016549,-0.00650000000000017));
#9016=CARTESIAN_POINT('',(0.0351152483321579,0.00411564809016549,0.00649999999999983));
#9017=CARTESIAN_POINT('',(0.0351152483321579,0.00411564809016549,-0.00650000000000017));
#9018=CARTESIAN_POINT('',(0.0338288080445412,0.00334423938759806,-0.000361724532970757));
#9019=CARTESIAN_POINT('',(0.0363744567630138,-0.000901013561536903,-0.00399159033064637));
#9020=CARTESIAN_POINT('',(0.0338288080445412,0.00334423938759806,-1.65192437705777E-16));
#9021=CARTESIAN_POINT('',(0.0363744567630138,-0.000901013561536903,0.00421277818072572));
#9022=CARTESIAN_POINT('',(0.0402337776258637,0.0014132125461654,-1.66137414430205E-16));
#9023=CARTESIAN_POINT('',(0.0402337776258637,0.0014132125461654,-1.66137414430205E-16));
#9024=CARTESIAN_POINT('',(0.0611933914614131,-0.000302041170656568,5.57805378296236E-8));
#9025=CARTESIAN_POINT('',(0.0586205108861798,-0.00184485857579144,5.57805378299628E-8));
#9026=CARTESIAN_POINT('',(0.0586205108861798,-0.00184485857579143,0.00446283396126371));
#9027=CARTESIAN_POINT('',(0.0586205108861798,-0.00184485857579144,-0.00424153455010837));
#9028=CARTESIAN_POINT('',(0.0611933914614131,-0.000302041170656566,0.00446283396126371));
#9029=CARTESIAN_POINT('',(0.0611933914614131,-0.000302041170656566,0.00446283396126371));
#9030=CARTESIAN_POINT('',(0.0611933914614131,-0.000302041170656568,5.57805378296236E-8));
#9031=CARTESIAN_POINT('',(0.0611933914614131,-0.00030204117065657,-0.00424153455010837));
#9032=CARTESIAN_POINT('',(0.0611933914614131,-0.00030204117065657,-0.00424153455010837));
#9033=CARTESIAN_POINT('',(0.0497514170646543,0.00127872506883522,4.81163185440394E-5));
#9034=CARTESIAN_POINT('',(0.0497514170646543,0.00127872506883522,4.81163185440394E-5));
#9035=CARTESIAN_POINT('',(0.0497514170646543,0.00127872506883522,4.81163185440394E-5));
#9036=CARTESIAN_POINT('',(0.0505918913858972,0.00178271208784594,4.81163185440393E-5));
#9037=CARTESIAN_POINT('',(0.057619197806184,0.0056584654953006,5.57805378284852E-8));
#9038=CARTESIAN_POINT('',(0.057619197806184,0.0056584654953006,-0.00424153455010837));
#9039=CARTESIAN_POINT('',(0.057619197806184,0.0056584654953006,0.00446283396126371));
#9040=CARTESIAN_POINT('',(0.057619197806184,0.0056584654953006,0.00446283396126371));
#9041=CARTESIAN_POINT('',(0.0550463172309507,0.00411564809016574,0.00446283396126371));
#9042=CARTESIAN_POINT('',(0.0575919659494232,-0.000129604858969226,0.00446283396126371));
#9043=CARTESIAN_POINT('',(0.0601648465246565,0.00141321254616564,0.00446283396126371));
#9044=CARTESIAN_POINT('',(0.057619197806184,0.0056584654953006,-0.00424153455010837));
#9045=CARTESIAN_POINT('',(0.0601648465246565,0.00141321254616564,-0.00424153455010837));
#9046=CARTESIAN_POINT('',(0.0575919659494232,-0.000129604858969229,-0.00424153455010837));
#9047=CARTESIAN_POINT('',(0.0550463172309507,0.00411564809016573,-0.00424153455010837));
#9048=CARTESIAN_POINT('',(0.0550463172309507,0.00411564809016574,5.57805378288244E-8));
#9049=CARTESIAN_POINT('',(0.0550463172309507,0.00411564809016574,0.00650005578053783));
#9050=CARTESIAN_POINT('',(0.0550463172309507,0.00411564809016574,5.57805378288244E-8));
#9051=CARTESIAN_POINT('',(0.0575919659494232,-0.000129604858969226,0.00421283396126371));
#9052=CARTESIAN_POINT('',(0.0575919659494232,-0.000129604858969228,5.57805378296352E-8));
#9053=CARTESIAN_POINT('',(0.0575919659494232,-0.000129604858969228,5.57805378296352E-8));
#9054=CARTESIAN_POINT('',(0.0575919659494232,-0.000129604858969229,-0.00399153455010837));
#9055=CARTESIAN_POINT('',(0.0550463172309507,0.00411564809016574,-0.000361668752432763));
#9056=CARTESIAN_POINT('',(0.0550463172309507,0.00411564809016573,-0.00649994421946217));
#9057=CARTESIAN_POINT('',(0.0550463172309507,0.00411564809016574,0.00650005578053783));
#9058=CARTESIAN_POINT('',(0.0507410304017269,0.00153400029890676,0.00650005578053783));
#9059=CARTESIAN_POINT('',(0.0550463172309507,0.00411564809016573,-0.00649994421946217));
#9060=CARTESIAN_POINT('',(0.056377456655153,-0.00786559006927899,-0.00649994421946217));
#9061=CARTESIAN_POINT('',(0.0507410304017269,0.0015340002989067,5.57805377842891E-8));
#9062=CARTESIAN_POINT('',(0.0546591173376858,-0.00500000024843781,5.57805377837726E-8));
#9063=CARTESIAN_POINT('',(0.0546591173376858,-0.00500000024843781,0.00588564311605016));
#9064=CARTESIAN_POINT('',(0.0528684426968562,-0.00201378037263179,-0.0018596489613686));
#9065=CARTESIAN_POINT('',(0.053759876943334,0.0033442393875983,-0.000361668752432762));
#9066=CARTESIAN_POINT('',(0.0563055256618065,-0.000901013561536665,-0.00399153455010837));
#9067=CARTESIAN_POINT('',(0.053759876943334,0.0033442393875983,5.57805378289939E-8));
#9068=CARTESIAN_POINT('',(0.0563055256618065,-0.000901013561536662,0.00421283396126371));
#9069=CARTESIAN_POINT('',(0.0601648465246565,0.00141321254616564,5.5780537829296E-8));
#9070=CARTESIAN_POINT('',(0.0601648465246565,0.00141321254616564,5.5780537829296E-8));
#9071=CARTESIAN_POINT('',(0.0601648465246565,0.00141321254616564,5.5780537829296E-8));
#9072=CARTESIAN_POINT('',(0.0563055256618065,-0.000901013561536662,0.00421283396126371));
#9073=CARTESIAN_POINT('',(0.0601648465246565,0.00141321254616564,0.00421283396126371));
#9074=CARTESIAN_POINT('',(0.0601648465246565,0.00141321254616564,5.5780537829296E-8));
#9075=CARTESIAN_POINT('',(0.0601648465246565,0.00141321254616564,0.00446283396126371));
#9076=CARTESIAN_POINT('',(0.0601648465246565,0.00141321254616564,0.00446283396126371));
#9077=CARTESIAN_POINT('',(0.0601648465246565,0.00141321254616564,5.5780537829296E-8));
#9078=CARTESIAN_POINT('',(0.0601648465246565,0.00141321254616564,-0.00424153455010837));
#9079=CARTESIAN_POINT('',(0.0601648465246565,0.00141321254616564,-0.00424153455010837));
#9080=CARTESIAN_POINT('',(0.0601648465246565,0.00141321254616564,5.5780537829296E-8));
#9081=CARTESIAN_POINT('',(0.0601648465246565,0.00141321254616564,-0.00399153455010837));
#9082=CARTESIAN_POINT('',(0.0563055256618065,-0.000901013561536665,-0.00399153455010837));
#9083=CARTESIAN_POINT('',(0.0402337776258637,0.0014132125461654,-1.66137414430205E-16));
#9084=CARTESIAN_POINT('',(0.0363744567630138,-0.000901013561536903,0.00421277818072572));
#9085=CARTESIAN_POINT('',(0.0402337776258637,0.0014132125461654,0.00421277818072572));
#9086=CARTESIAN_POINT('',(0.0402337776258637,0.0014132125461654,-1.66137414430205E-16));
#9087=CARTESIAN_POINT('',(0.0402337776258637,0.0014132125461654,0.00446277818072572));
#9088=CARTESIAN_POINT('',(0.0402337776258637,0.0014132125461654,0.00446277818072572));
#9089=CARTESIAN_POINT('',(0.0402337776258637,0.0014132125461654,-1.66137414430205E-16));
#9090=CARTESIAN_POINT('',(0.0402337776258637,0.0014132125461654,-0.00424159033064637));
#9091=CARTESIAN_POINT('',(0.0402337776258637,0.0014132125461654,-0.00424159033064637));
#9092=CARTESIAN_POINT('',(0.0402337776258637,0.0014132125461654,-1.66137414430205E-16));
#9093=CARTESIAN_POINT('',(0.0402337776258637,0.0014132125461654,-0.00399159033064637));
#9094=CARTESIAN_POINT('',(0.0363744567630138,-0.000901013561536903,-0.00399159033064637));
#9095=CARTESIAN_POINT('',(0.0203027087270706,0.00141321254616572,2.62809627169509E-17));
#9096=CARTESIAN_POINT('',(0.0203027087270706,0.00141321254616572,-0.00424159033064617));
#9097=CARTESIAN_POINT('',(0.0203027087270706,0.00141321254616572,-0.00424159033064617));
#9098=CARTESIAN_POINT('',(0.0203027087270706,0.00141321254616572,2.62809627169509E-17));
#9099=CARTESIAN_POINT('',(0.0203027087270706,0.00141321254616572,-0.00399159033064617));
#9100=CARTESIAN_POINT('',(0.0164433878642207,-0.000901013561536584,-0.00399159033064617));
#9101=CARTESIAN_POINT('',(0.0203027087270706,0.00141321254616572,2.62809627169509E-17));
#9102=CARTESIAN_POINT('',(0.0164433878642207,-0.00090101356153658,0.00421277818072591));
#9103=CARTESIAN_POINT('',(0.0203027087270706,0.00141321254616572,0.00421277818072591));
#9104=CARTESIAN_POINT('',(0.0203027087270706,0.00141321254616572,2.62809627169509E-17));
#9105=CARTESIAN_POINT('',(0.0203027087270706,0.00141321254616572,0.00446277818072591));
#9106=CARTESIAN_POINT('',(0.0203027087270706,0.00141321254616572,0.00446277818072591));
#9107=CARTESIAN_POINT('',(0.0786038239804953,0.0124700706162989,0.00850005578053782));
#9108=CARTESIAN_POINT('',(0.0563055256618065,-0.000901013561536665,-0.00399153455010837));
#9109=CARTESIAN_POINT('',(0.0601648465246565,0.00141321254616564,0.00850005578053783));
#9110=CARTESIAN_POINT('',(0.0563055256618065,-0.000901013561536662,0.00421283396126371));
#9111=CARTESIAN_POINT('',(0.0586727550817025,0.0124700706162986,0.00849999999999983));
#9112=CARTESIAN_POINT('',(0.0510342328609292,0.00788966173717692,0.00376303332498358));
#9113=CARTESIAN_POINT('',(0.0480153863193221,0.00607942264848534,0.00376303332498358));
#9114=CARTESIAN_POINT('',(0.0480153863193221,0.00607942264848534,5.57805377849851E-8));
#9115=CARTESIAN_POINT('',(0.0480153863193221,0.00607942264848534,-0.00345818707292404));
#9116=CARTESIAN_POINT('',(0.0510342328609292,0.00788966173717692,-0.00345818707292404));
#9117=CARTESIAN_POINT('',(0.0363744567630138,-0.000901013561536903,-0.00399159033064637));
#9118=CARTESIAN_POINT('',(0.0402337776258637,0.0014132125461654,0.00849999999999983));
#9119=CARTESIAN_POINT('',(0.0363744567630138,-0.000901013561536903,0.00421277818072572));
#9120=CARTESIAN_POINT('',(0.0387416861829094,0.0124700706162989,0.0085));
#9121=CARTESIAN_POINT('',(0.0311031639621361,0.00788966173717722,0.0037629775444447));
#9122=CARTESIAN_POINT('',(0.028084317420529,0.00607942264848563,0.0037629775444447));
#9123=CARTESIAN_POINT('',(0.028084317420529,0.00607942264848563,-2.10797500886471E-16));
#9124=CARTESIAN_POINT('',(0.028084317420529,0.00607942264848563,-0.00345824285346096));
#9125=CARTESIAN_POINT('',(0.0311031639621361,0.00788966173717722,-0.00345824285346095));
#9126=CARTESIAN_POINT('',(0.0164433878642207,-0.000901013561536584,-0.00399159033064617));
#9127=CARTESIAN_POINT('',(0.0203027087270706,0.00141321254616572,0.0085));
#9128=CARTESIAN_POINT('',(0.0164433878642207,-0.00090101356153658,0.00421277818072591));
#9129=CARTESIAN_POINT('',(0.0329130118357318,0.0212180163954264,-0.0065));
#9130=CARTESIAN_POINT('',(0.0110435269462486,0.00810406845178001,0.00338341543414347));
#9131=CARTESIAN_POINT('',(0.00802468040464155,0.00629382936308844,0.00338341543414347));
#9132=CARTESIAN_POINT('',(0.00802468040464155,0.00629382936308844,0.00338341543414347));
#9133=CARTESIAN_POINT('',(0.00802468040464155,0.00629382936308844,-0.00298392317325987));
#9134=CARTESIAN_POINT('',(0.0110435269462486,0.00810406845178001,-0.00298392317325988));
#9135=CARTESIAN_POINT('',(0.053759876943334,0.0033442393875983,-0.000361668752432762));
#9136=CARTESIAN_POINT('',(0.0507410304017269,0.00153400029890673,-0.00036166875243277));
#9137=CARTESIAN_POINT('',(0.0507410304017269,0.00153400029890672,-0.00649994421946217));
#9138=CARTESIAN_POINT('',(0.0550463172309507,0.00411564809016573,-0.00649994421946217));
#9139=CARTESIAN_POINT('',(0.0550463172309507,0.00411564809016573,-0.00649994421946217));
#9140=CARTESIAN_POINT('',(0.0550463172309507,0.00411564809016574,-0.000361668752432763));
#9141=CARTESIAN_POINT('',(0.053759876943334,0.0033442393875983,5.57805378289939E-8));
#9142=CARTESIAN_POINT('',(0.0550463172309507,0.00411564809016574,5.57805378288244E-8));
#9143=CARTESIAN_POINT('',(0.0550463172309507,0.00411564809016574,0.00650005578053783));
#9144=CARTESIAN_POINT('',(0.0550463172309507,0.00411564809016574,0.00650005578053783));
#9145=CARTESIAN_POINT('',(0.0507410304017269,0.00153400029890676,0.00650005578053783));
#9146=CARTESIAN_POINT('',(0.0507410304017269,0.0015340002989067,5.57805377842891E-8));
#9147=CARTESIAN_POINT('',(0.0550463172309507,0.00411564809016573,-0.00649994421946217));
#9148=CARTESIAN_POINT('',(0.0550463172309507,0.00411564809016573,-0.00649994421946217));
#9149=CARTESIAN_POINT('',(0.056377456655153,-0.00786559006927899,-0.00649994421946217));
#9150=CARTESIAN_POINT('',(0.0550463172309507,0.00411564809016574,0.00650005578053783));
#9151=CARTESIAN_POINT('',(0.0507410304017269,0.00153400029890676,0.00650005578053783));
#9152=CARTESIAN_POINT('',(0.0550463172309507,0.00411564809016574,0.00650005578053783));
#9153=CARTESIAN_POINT('',(0.0550463172309507,0.00411564809016574,5.57805378288244E-8));
#9154=CARTESIAN_POINT('',(0.0550463172309507,0.00411564809016574,5.57805378288244E-8));
#9155=CARTESIAN_POINT('',(0.057619197806184,0.0056584654953006,-0.00424153455010837));
#9156=CARTESIAN_POINT('',(0.057619197806184,0.0056584654953006,-0.00424153455010837));
#9157=CARTESIAN_POINT('',(0.057619197806184,0.0056584654953006,0.00446283396126371));
#9158=CARTESIAN_POINT('',(0.057619197806184,0.0056584654953006,0.00446283396126371));
#9159=CARTESIAN_POINT('',(0.057619197806184,0.0056584654953006,5.57805378284852E-8));
#9160=CARTESIAN_POINT('',(0.0338288080445412,0.00334423938759806,-0.000361724532970757));
#9161=CARTESIAN_POINT('',(0.0308099615029341,0.00153400029890649,-0.000361724532970765));
#9162=CARTESIAN_POINT('',(0.0308099615029341,0.00153400029890648,-0.00650000000000017));
#9163=CARTESIAN_POINT('',(0.0351152483321579,0.00411564809016549,-0.00650000000000017));
#9164=CARTESIAN_POINT('',(0.0351152483321579,0.00411564809016549,-0.00650000000000017));
#9165=CARTESIAN_POINT('',(0.0351152483321579,0.00411564809016549,-0.000361724532970757));
#9166=CARTESIAN_POINT('',(0.0338288080445412,0.00334423938759806,-1.65192437705777E-16));
#9167=CARTESIAN_POINT('',(0.0351152483321579,0.00411564809016549,-1.65290736609286E-16));
#9168=CARTESIAN_POINT('',(0.0351152483321579,0.00411564809016549,0.00649999999999983));
#9169=CARTESIAN_POINT('',(0.0351152483321579,0.00411564809016549,0.00649999999999983));
#9170=CARTESIAN_POINT('',(0.0308099615029341,0.00153400029890652,0.00649999999999983));
#9171=CARTESIAN_POINT('',(0.0308099615029341,0.00153400029890646,-2.10064573320942E-16));
#9172=CARTESIAN_POINT('',(0.0351152483321579,0.00411564809016549,-0.00650000000000017));
#9173=CARTESIAN_POINT('',(0.0351152483321579,0.00411564809016549,-0.00650000000000017));
#9174=CARTESIAN_POINT('',(0.0364463877563602,-0.00786559006927923,-0.00650000000000017));
#9175=CARTESIAN_POINT('',(0.0351152483321579,0.00411564809016549,0.00649999999999983));
#9176=CARTESIAN_POINT('',(0.0308099615029341,0.00153400029890652,0.00649999999999983));
#9177=CARTESIAN_POINT('',(0.0351152483321579,0.00411564809016549,0.00649999999999983));
#9178=CARTESIAN_POINT('',(0.0351152483321579,0.00411564809016549,-1.65290736609286E-16));
#9179=CARTESIAN_POINT('',(0.0351152483321579,0.00411564809016549,-1.65290736609286E-16));
#9180=CARTESIAN_POINT('',(0.0376881289073912,0.00565846549530036,-0.00424159033064637));
#9181=CARTESIAN_POINT('',(0.0376881289073912,0.00565846549530036,-0.00424159033064637));
#9182=CARTESIAN_POINT('',(0.0376881289073912,0.00565846549530036,0.00446277818072572));
#9183=CARTESIAN_POINT('',(0.0376881289073912,0.00565846549530036,0.00446277818072572));
#9184=CARTESIAN_POINT('',(0.0376881289073912,0.00565846549530036,-1.65487334416302E-16));
#9185=CARTESIAN_POINT('',(0.0138977391457481,0.00334423938759838,-0.000361724532970565));
#9186=CARTESIAN_POINT('',(0.0108788926041411,0.00153400029890681,-0.000361724532970572));
#9187=CARTESIAN_POINT('',(0.0108788926041411,0.0015340002989068,-0.0065));
#9188=CARTESIAN_POINT('',(0.0151841794333648,0.00411564809016581,-0.0065));
#9189=CARTESIAN_POINT('',(0.0151841794333648,0.00411564809016581,-0.0065));
#9190=CARTESIAN_POINT('',(0.0151841794333648,0.00411564809016582,-0.000361724532970565));
#9191=CARTESIAN_POINT('',(0.0138977391457481,0.00334423938759838,2.67977767379813E-17));
#9192=CARTESIAN_POINT('',(0.0151841794333648,0.00411564809016582,2.63973298347844E-17));
#9193=CARTESIAN_POINT('',(0.0151841794333648,0.00411564809016582,0.0065));
#9194=CARTESIAN_POINT('',(0.0151841794333648,0.00411564809016582,0.0065));
#9195=CARTESIAN_POINT('',(0.010878892604141,0.00153400029890684,0.0065));
#9196=CARTESIAN_POINT('',(0.0108788926041411,0.00153400029890679,-1.73653182379137E-17));
#9197=CARTESIAN_POINT('',(0.0151841794333648,0.00411564809016581,-0.0065));
#9198=CARTESIAN_POINT('',(0.0151841794333648,0.00411564809016581,-0.0065));
#9199=CARTESIAN_POINT('',(0.0165153188575671,-0.00786559006927891,-0.0065));
#9200=CARTESIAN_POINT('',(0.0151841794333648,0.00411564809016582,0.0065));
#9201=CARTESIAN_POINT('',(0.010878892604141,0.00153400029890684,0.0065));
#9202=CARTESIAN_POINT('',(0.0151841794333648,0.00411564809016582,0.0065));
#9203=CARTESIAN_POINT('',(0.0151841794333648,0.00411564809016582,2.63973298347844E-17));
#9204=CARTESIAN_POINT('',(0.0151841794333648,0.00411564809016582,2.63973298347844E-17));
#9205=CARTESIAN_POINT('',(0.0177570600085981,0.00565846549530068,-0.00424159033064617));
#9206=CARTESIAN_POINT('',(0.0177570600085981,0.00565846549530068,-0.00424159033064617));
#9207=CARTESIAN_POINT('',(0.0177570600085981,0.00565846549530069,0.00446277818072591));
#9208=CARTESIAN_POINT('',(0.0177570600085981,0.00565846549530069,0.00446277818072591));
#9209=CARTESIAN_POINT('',(0.0177570600085981,0.00565846549530068,2.55964360283907E-17));
#9210=CARTESIAN_POINT('',(0.0507410304017269,0.0015340002989067,5.57805377842891E-8));
#9211=CARTESIAN_POINT('',(0.0505918913858972,0.00178271208784594,4.81163185440393E-5));
#9212=CARTESIAN_POINT('',(0.0497514170646543,0.00127872506883522,4.81163185440394E-5));
#9213=CARTESIAN_POINT('',(0.0497514170646543,0.00127872506883522,4.81163185440394E-5));
#9214=CARTESIAN_POINT('',(0.0497514170646543,0.00127872506883522,4.81163185440394E-5));
#9215=CARTESIAN_POINT('',(0.0308099615029341,0.00153400029890646,-2.10064573320942E-16));
#9216=CARTESIAN_POINT('',(0.0306608224871044,0.0017827120878457,4.8060538006045E-5));
#9217=CARTESIAN_POINT('',(0.0298203481658616,0.00127872506883498,4.80605380060451E-5));
#9218=CARTESIAN_POINT('',(0.0298203481658616,0.00127872506883498,4.80605380060451E-5));
#9219=CARTESIAN_POINT('',(0.0298203481658616,0.00127872506883498,4.80605380060451E-5));
#9220=CARTESIAN_POINT('',(0.00988927926706847,0.0012787250688353,4.80605380062379E-5));
#9221=CARTESIAN_POINT('',(0.00988927926706847,0.0012787250688353,4.80605380062379E-5));
#9222=CARTESIAN_POINT('',(0.0107297535883114,0.00178271208784602,4.80605380062376E-5));
#9223=CARTESIAN_POINT('',(0.0108788926041411,0.00153400029890679,-1.73653182379137E-17));
#9224=CARTESIAN_POINT('',(0.00988927926706847,0.0012787250688353,4.80605380062379E-5));
#9225=CARTESIAN_POINT('',(0.0684759258262878,0.00410000000023209,-0.00526881904510462));
#9226=CARTESIAN_POINT('',(0.0684759258262878,0.00410000000023209,-0.00526881904510462));
#9227=CARTESIAN_POINT('',(0.0697259258262878,0.00410000000023209,-0.00526881904510462));
#9228=CARTESIAN_POINT('',(0.0458159258262878,0.00410000000023209,-0.00526881904510461));
#9229=CARTESIAN_POINT('',(0.0458159258262878,0.00410000000023209,-0.00526881904510461));
#9230=CARTESIAN_POINT('',(0.0470659258262878,0.00410000000023209,-0.00526881904510461));
#9231=CARTESIAN_POINT('',(0.026615925826288,0.00410000000023209,-0.00526881904510464));
#9232=CARTESIAN_POINT('',(0.026615925826288,0.00410000000023209,-0.00526881904510464));
#9233=CARTESIAN_POINT('',(0.027865925826288,0.00410000000023209,-0.00526881904510464));
#9234=CARTESIAN_POINT('',(0.0266159258262878,0.00410000000023209,0.0050911809548954));
#9235=CARTESIAN_POINT('',(0.0266159258262878,0.00410000000023209,0.0050911809548954));
#9236=CARTESIAN_POINT('',(0.0278659258262878,0.00410000000023209,0.0050911809548954));
#9237=CARTESIAN_POINT('',(0.0458159258262878,0.00410000000023209,0.00509118095489539));
#9238=CARTESIAN_POINT('',(0.0458159258262878,0.00410000000023209,0.00509118095489539));
#9239=CARTESIAN_POINT('',(0.0470659258262878,0.00410000000023209,0.00509118095489539));
#9240=CARTESIAN_POINT('',(0.0684759258262878,0.00410000000023209,0.00509118095489538));
#9241=CARTESIAN_POINT('',(0.0684759258262878,0.00410000000023209,0.00509118095489538));
#9242=CARTESIAN_POINT('',(0.0697259258262878,0.00410000000023209,0.00509118095489538));
#9243=CARTESIAN_POINT('',(0.0684759258262878,0.00410000000023589,-0.00526881904510462));
#9244=CARTESIAN_POINT('',(0.0458159258262878,0.00410000000023465,-0.00526881904510461));
#9245=CARTESIAN_POINT('',(0.0266159258262878,0.0041000000002336,-0.00526881904510461));
#9246=CARTESIAN_POINT('',(0.0266159258262878,0.0041000000002335,0.0050911809548954));
#9247=CARTESIAN_POINT('',(0.0458159258262878,0.00410000000023455,0.00509118095489539));
#9248=CARTESIAN_POINT('',(0.0684759258262878,0.00410000000023579,0.00509118095489538));
#9249=CARTESIAN_POINT('',(-3.00462919747432E-18,0.0025,-0.009));
#9250=CARTESIAN_POINT('',(0.0758,0.0025,-0.009));
#9251=CARTESIAN_POINT('',(0.0758,0.004,-0.009));
#9252=CARTESIAN_POINT('',(0.0758,0.0025,-0.009));
#9253=CARTESIAN_POINT('',(0.0758,-0.0025,-0.009));
#9254=CARTESIAN_POINT('',(-3.00462919747432E-18,-0.0025,-0.009));
#9255=CARTESIAN_POINT('',(0.0758,-0.0025,-0.009));
#9256=CARTESIAN_POINT('',(-3.00462919747432E-18,0.0025,0.009));
#9257=CARTESIAN_POINT('',(0.0758,0.0025,0.009));
#9258=CARTESIAN_POINT('',(0.0758,0.004,0.009));
#9259=CARTESIAN_POINT('',(0.0743,0.004,0.009));
#9260=CARTESIAN_POINT('',(0.0743,-0.0025,0.009));
#9261=CARTESIAN_POINT('',(0.0743,0.0025,0.009));
#9262=CARTESIAN_POINT('',(0.0758,-0.0025,0.009));
#9263=CARTESIAN_POINT('',(0.0758,0.0025,0.009));
#9264=CARTESIAN_POINT('',(-3.00462919747432E-18,-0.0025,0.009));
#9265=CARTESIAN_POINT('',(0.0758,-0.0025,0.009));
#9266=CARTESIAN_POINT('',(0.0728,0.004,0.009));
#9267=CARTESIAN_POINT('',(0.0728,-0.00284275995754523,0.0075));
#9268=CARTESIAN_POINT('',(0.0732342902342359,-0.00284275995754523,0.0075));
#9269=CARTESIAN_POINT('',(0.0735998640173297,-0.0025,0.00765822807828214));
#9270=CARTESIAN_POINT('',(0.0738971942466774,-0.0025,0.00797717802865893));
#9271=CARTESIAN_POINT('',(0.0738971942466774,-0.0025,0.00797717802865893));
#9272=CARTESIAN_POINT('',(0.0728,-0.0025,0.009));
#9273=CARTESIAN_POINT('',(0.0728,0.0025,0.009));
#9274=CARTESIAN_POINT('',(0.0738971942466774,0.0025,0.00797717802865893));
#9275=CARTESIAN_POINT('',(0.0738971942466774,0.0025,0.00797717802865893));
#9276=CARTESIAN_POINT('',(0.073600243411148,0.0025,0.00765863505889683));
#9277=CARTESIAN_POINT('',(0.0732323672536843,0.00284275995754386,0.0075));
#9278=CARTESIAN_POINT('',(0.0728,0.00284275995754386,0.0075));
#9279=CARTESIAN_POINT('',(0.0758,0.0025,-0.009));
#9280=CARTESIAN_POINT('',(0.0758,0.0025,-0.009));
#9281=CARTESIAN_POINT('',(0.0758,0.0025,0.));
#9282=CARTESIAN_POINT('',(0.0758,-0.0025,-0.009));
#9283=CARTESIAN_POINT('',(0.0758,-0.0025,-0.009));
#9284=CARTESIAN_POINT('',(0.0758,-0.0025,0.));
#9285=CARTESIAN_POINT('',(0.0758,-0.0025,0.009));
#9286=CARTESIAN_POINT('',(0.0758,-0.0025,0.009));
#9287=CARTESIAN_POINT('',(0.0728,-0.0025,0.009));
#9288=CARTESIAN_POINT('',(0.0749943884933548,-0.0025,0.00695435605731786));
#9289=CARTESIAN_POINT('',(0.0728,-0.004,0.00695435605731786));
#9290=CARTESIAN_POINT('',(0.0728,-0.00355001677894511,0.0075));
#9291=CARTESIAN_POINT('',(0.0728,-0.00284275995754523,0.0075));
#9292=CARTESIAN_POINT('',(0.0732152903199736,-0.004,0.00695435605731786));
#9293=CARTESIAN_POINT('',(0.0730883863113702,-0.00355001677848606,0.00749999999381361));
#9294=CARTESIAN_POINT('',(0.0730076451599825,-0.00284275996326712,0.0075));
#9295=CARTESIAN_POINT('',(0.0740324724439159,-0.004,0.00695435605731786));
#9296=CARTESIAN_POINT('',(0.0736930560473476,-0.00353856081023678,0.00768526705460159));
#9297=CARTESIAN_POINT('',(0.0734162362203659,-0.00268057466421673,0.00758705522245574));
#9298=CARTESIAN_POINT('',(0.0747100816158825,-0.004,0.00695435605731786));
#9299=CARTESIAN_POINT('',(0.0739065100480764,-0.00380552124881489,0.00798717105674181));
#9300=CARTESIAN_POINT('',(0.0737550408111296,-0.00250000005548582,0.00782468821518345));
#9301=CARTESIAN_POINT('',(0.0749943884933548,-0.004,0.00695435605731786));
#9302=CARTESIAN_POINT('',(0.0738971942466774,-0.00400000000000001,0.00797717802865893));
#9303=CARTESIAN_POINT('',(0.0738971942466774,-0.0025,0.00797717802865893));
#9304=CARTESIAN_POINT('',(0.0728,-0.00284275995754523,0.006));
#9305=CARTESIAN_POINT('',(0.0968,-0.00284275995754523,0.006));
#9306=CARTESIAN_POINT('',(0.0758,0.0025,0.009));
#9307=CARTESIAN_POINT('',(0.0758,0.0025,0.009));
#9308=CARTESIAN_POINT('',(0.0728,0.0025,0.009));
#9309=CARTESIAN_POINT('',(0.0749943884933548,0.0025,0.00695435605731787));
#9310=CARTESIAN_POINT('',(0.0728,0.00284275995754523,0.0075));
#9311=CARTESIAN_POINT('',(0.0728,0.0035500167789451,0.0075));
#9312=CARTESIAN_POINT('',(0.0728,0.004,0.00695435605731786));
#9313=CARTESIAN_POINT('',(0.0730076451599825,0.00284275996326748,0.0075));
#9314=CARTESIAN_POINT('',(0.0730883863113736,0.00355001677848661,0.00749999999381346));
#9315=CARTESIAN_POINT('',(0.0732152903199735,0.00399999999999993,0.00695435605731795));
#9316=CARTESIAN_POINT('',(0.073416236220371,0.00268057466421642,0.00758705522246124));
#9317=CARTESIAN_POINT('',(0.0736930560473515,0.00353856081023627,0.00768526705460504));
#9318=CARTESIAN_POINT('',(0.0740324724439145,0.00400000000000004,0.00695435605731781));
#9319=CARTESIAN_POINT('',(0.0737550408111194,0.0025000000554861,0.00782468821517245));
#9320=CARTESIAN_POINT('',(0.0739065100480635,0.00380552124881538,0.00798717105673413));
#9321=CARTESIAN_POINT('',(0.0747100816158853,0.004,0.00695435605731786));
#9322=CARTESIAN_POINT('',(0.0738971942466774,0.0025,0.00797717802865893));
#9323=CARTESIAN_POINT('',(0.0738971942466774,0.00400000000000001,0.00797717802865893));
#9324=CARTESIAN_POINT('',(0.0749943884933548,0.004,0.00695435605731786));
#9325=CARTESIAN_POINT('',(0.0728,0.00284275995754523,0.006));
#9326=CARTESIAN_POINT('',(0.0968,0.00284275995754523,0.006));
#9327=CARTESIAN_POINT('',(0.0712861385035737,0.00726857211961366,-0.000357689308727788));
#9328=CARTESIAN_POINT('',(0.0712861385035737,0.00726857211961366,-0.000357689308727788));
#9329=CARTESIAN_POINT('',(0.0712929225544228,0.00726857211961366,0.000419685920478585));
#9330=CARTESIAN_POINT('',(0.071292922554423,0.00426857211961366,0.000419685920478557));
#9331=CARTESIAN_POINT('',(0.0713101675437958,0.0065257407512271,0.00239576597422178));
#9332=CARTESIAN_POINT('',(0.0717879742542229,0.00696275089057993,0.00277421397008597));
#9333=CARTESIAN_POINT('',(0.0712861385035738,0.00426857211961367,-0.000357689308727802));
#9334=CARTESIAN_POINT('',(0.0712692752832198,0.0065633057139648,-0.0022900229659298));
#9335=CARTESIAN_POINT('',(0.0717404783073839,0.00700758880110313,-0.00266828246482097));
#9336=CARTESIAN_POINT('',(0.0752645430348137,0.00255739556932884,0.00696425625635835));
#9337=CARTESIAN_POINT('',(0.0752645430348139,0.00255739556932893,0.00696425625635827));
#9338=CARTESIAN_POINT('',(0.0753624487572114,0.00330054653646835,0.00698957639777933));
#9339=CARTESIAN_POINT('',(0.0953777946001626,-0.000231427880384853,-0.010663221784608));
#9340=CARTESIAN_POINT('',(0.0751156540873057,0.00271586669720673,-0.00690766650342303));
#9341=CARTESIAN_POINT('',(0.0752200264936829,0.00345831162073874,-0.00692720969427281));
#9342=CARTESIAN_POINT('',(0.0762615891286108,0.00585779754283952,-0.00319079908012553));
#9343=CARTESIAN_POINT('',(0.0712618652934526,0.00584824629730836,-0.00313912369082434));
#9344=CARTESIAN_POINT('',(0.0717330683176167,0.00629252938444669,-0.00351738318971551));
#9345=CARTESIAN_POINT('',(0.0712618652934526,0.00584824629730838,-0.00313912369082436));
#9346=CARTESIAN_POINT('',(0.0713101675437958,0.00652574075122709,0.00239576597422179));
#9347=CARTESIAN_POINT('',(0.0713180225696594,0.00573767432655238,0.00329586278467071));
#9348=CARTESIAN_POINT('',(0.0717958292800865,0.00617468446590522,0.00367431078053489));
#9349=CARTESIAN_POINT('',(0.0763178229965143,0.00578209525856626,0.00329112227615672));
#9350=CARTESIAN_POINT('',(0.08325,0.004,0.00605));
#9351=CARTESIAN_POINT('',(0.08325,0.,-0.00605));
#9352=CARTESIAN_POINT('',(0.0279749746140443,-0.00575000024844544,0.00166274882972627));
#9353=CARTESIAN_POINT('',(0.0279749746140443,-0.00575000024844544,0.00166274882972627));
#9354=CARTESIAN_POINT('',(0.0279749746140443,-0.00575000024844544,0.00381274882972627));
#9355=CARTESIAN_POINT('',(0.0302249746128722,-0.00304672869283297,0.000363710724726265));
#9356=CARTESIAN_POINT('',(0.030224974612872,-0.000946728692832972,0.000363710724726269));
#9357=CARTESIAN_POINT('',(0.030224974612872,-0.000946728692832972,0.000363710724726269));
#9358=CARTESIAN_POINT('',(0.030224974612872,-0.000946728692832976,0.00296178693472627));
#9359=CARTESIAN_POINT('',(0.0302249746128722,-0.00304672869283297,0.000363710724726265));
#9360=CARTESIAN_POINT('',(0.0302249746128722,-0.00304672869283297,0.000363710724726265));
#9361=CARTESIAN_POINT('',(0.0302249746128722,-0.00304672869283297,0.000363710724726265));
#9362=CARTESIAN_POINT('',(0.0302249746128722,-0.00304672869283298,0.00296178693472627));
#9363=CARTESIAN_POINT('',(0.0302249746128722,-0.00304672869283298,0.00296178693472627));
#9364=CARTESIAN_POINT('',(0.0302249746128722,-0.00304672869283298,0.00296178693472627));
#9365=CARTESIAN_POINT('',(0.030224974612872,-0.000946728692832976,0.00296178693472627));
#9366=CARTESIAN_POINT('',(0.0279749746140441,-0.000946728692833107,0.00426082503972628));
#9367=CARTESIAN_POINT('',(0.0302249746128722,-0.00304672869283298,0.00296178693472627));
#9368=CARTESIAN_POINT('',(0.0279749746140442,-0.00304672869283311,0.00426082503972627));
#9369=CARTESIAN_POINT('',(0.0279749746140442,-0.00304672869283311,0.00426082503972627));
#9370=CARTESIAN_POINT('',(0.0279749746140442,-0.00304672869283311,0.00426082503972627));
#9371=CARTESIAN_POINT('',(0.0279749746140441,-0.000946728692833107,0.00426082503972628));
#9372=CARTESIAN_POINT('',(0.0257249746152161,-0.000946728692833235,0.00296178693472629));
#9373=CARTESIAN_POINT('',(0.0279749746140442,-0.00304672869283311,0.00426082503972627));
#9374=CARTESIAN_POINT('',(0.0257249746152162,-0.00304672869283324,0.00296178693472628));
#9375=CARTESIAN_POINT('',(0.0257249746152162,-0.00304672869283324,0.00296178693472628));
#9376=CARTESIAN_POINT('',(0.0257249746152162,-0.00304672869283324,0.00296178693472628));
#9377=CARTESIAN_POINT('',(0.0257249746152161,-0.000946728692833235,0.00296178693472629));
#9378=CARTESIAN_POINT('',(0.0257249746152161,-0.000946728692833231,0.000363710724726285));
#9379=CARTESIAN_POINT('',(0.0257249746152162,-0.00304672869283324,0.00296178693472628));
#9380=CARTESIAN_POINT('',(0.0257249746152162,-0.00304672869283323,0.000363710724726282));
#9381=CARTESIAN_POINT('',(0.0257249746152162,-0.00304672869283323,0.000363710724726282));
#9382=CARTESIAN_POINT('',(0.0257249746152162,-0.00304672869283323,0.000363710724726282));
#9383=CARTESIAN_POINT('',(0.0257249746152161,-0.000946728692833231,0.000363710724726285));
#9384=CARTESIAN_POINT('',(0.027974974614044,-0.0009467286928331,-0.000935327380273723));
#9385=CARTESIAN_POINT('',(0.0257249746152162,-0.00304672869283323,0.000363710724726282));
#9386=CARTESIAN_POINT('',(0.0279749746140442,-0.0030467286928331,-0.000935327380273726));
#9387=CARTESIAN_POINT('',(0.0279749746140442,-0.0030467286928331,-0.000935327380273726));
#9388=CARTESIAN_POINT('',(0.0279749746140442,-0.0030467286928331,-0.000935327380273726));
#9389=CARTESIAN_POINT('',(0.027974974614044,-0.0009467286928331,-0.000935327380273723));
#9390=CARTESIAN_POINT('',(0.0279749746140442,-0.0030467286928331,-0.000935327380273726));
#9391=CARTESIAN_POINT('',(0.0279749746140442,-0.0030467286928331,0.00166274882972627));
#9392=CARTESIAN_POINT('',(0.0279749746140442,-0.0030467286928331,0.00166274882972627));
#9393=CARTESIAN_POINT('',(0.0292249746140442,-0.00304672869283303,0.00166274882972627));
#9394=CARTESIAN_POINT('',(0.0279749746140441,-0.000946728692833103,0.00166274882972628));
#9395=CARTESIAN_POINT('',(0.027974974614044,-0.000946728692833103,0.00166274882972627));
#9396=CARTESIAN_POINT('',(0.029224974614044,-0.000946728692833031,0.00166274882972627));
#9397=CARTESIAN_POINT('',(0.027974974614044,-0.000500000248445441,0.00166274882972628));
#9398=CARTESIAN_POINT('',(0.0279749746140443,-0.00575000024844544,0.00166274882972627));
#9399=CARTESIAN_POINT('',(0.0267249746140443,-0.00575000024844551,0.00166274882972627));
#9400=CARTESIAN_POINT('',(0.027974974614044,-0.000500000248445441,0.00166274882972628));
#9401=CARTESIAN_POINT('',(0.027974974614044,-0.000500000248445441,0.00166274882972628));
#9402=CARTESIAN_POINT('',(0.027974974614044,-0.000500000248445443,0.00291274882972628));
#9403=CARTESIAN_POINT('',(0.027974974614044,-0.000500000248445441,0.00166274882972628));
#9404=CARTESIAN_POINT('',(0.0279749746140443,-0.00575000024844544,0.00166274882972627));
#9405=CARTESIAN_POINT('',(0.0693553880522262,-0.00575000024844306,0.00172150395072003));
#9406=CARTESIAN_POINT('',(0.0693553880522262,-0.00575000024844306,0.00172150395072003));
#9407=CARTESIAN_POINT('',(0.0693553880522262,-0.00575000024844306,0.00387150395072003));
#9408=CARTESIAN_POINT('',(0.071605388051054,-0.0030467286928306,0.000422465845720026));
#9409=CARTESIAN_POINT('',(0.0716053880510539,-0.000946728692830598,0.000422465845720029));
#9410=CARTESIAN_POINT('',(0.0716053880510539,-0.000946728692830598,0.000422465845720029));
#9411=CARTESIAN_POINT('',(0.0716053880510539,-0.000946728692830601,0.00302054205572003));
#9412=CARTESIAN_POINT('',(0.071605388051054,-0.0030467286928306,0.000422465845720026));
#9413=CARTESIAN_POINT('',(0.071605388051054,-0.0030467286928306,0.000422465845720026));
#9414=CARTESIAN_POINT('',(0.071605388051054,-0.0030467286928306,0.000422465845720026));
#9415=CARTESIAN_POINT('',(0.071605388051054,-0.0030467286928306,0.00302054205572003));
#9416=CARTESIAN_POINT('',(0.071605388051054,-0.0030467286928306,0.00302054205572003));
#9417=CARTESIAN_POINT('',(0.071605388051054,-0.0030467286928306,0.00302054205572003));
#9418=CARTESIAN_POINT('',(0.0716053880510539,-0.000946728692830601,0.00302054205572003));
#9419=CARTESIAN_POINT('',(0.0693553880522259,-0.000946728692830733,0.00431958016072004));
#9420=CARTESIAN_POINT('',(0.071605388051054,-0.0030467286928306,0.00302054205572003));
#9421=CARTESIAN_POINT('',(0.069355388052226,-0.00304672869283073,0.00431958016072003));
#9422=CARTESIAN_POINT('',(0.069355388052226,-0.00304672869283073,0.00431958016072003));
#9423=CARTESIAN_POINT('',(0.069355388052226,-0.00304672869283073,0.00431958016072003));
#9424=CARTESIAN_POINT('',(0.0693553880522259,-0.000946728692830733,0.00431958016072004));
#9425=CARTESIAN_POINT('',(0.0671053880533979,-0.00094672869283086,0.00302054205572005));
#9426=CARTESIAN_POINT('',(0.069355388052226,-0.00304672869283073,0.00431958016072003));
#9427=CARTESIAN_POINT('',(0.067105388053398,-0.00304672869283086,0.00302054205572004));
#9428=CARTESIAN_POINT('',(0.067105388053398,-0.00304672869283086,0.00302054205572004));
#9429=CARTESIAN_POINT('',(0.067105388053398,-0.00304672869283086,0.00302054205572004));
#9430=CARTESIAN_POINT('',(0.0671053880533979,-0.00094672869283086,0.00302054205572005));
#9431=CARTESIAN_POINT('',(0.0671053880533979,-0.000946728692830856,0.000422465845720045));
#9432=CARTESIAN_POINT('',(0.067105388053398,-0.00304672869283086,0.00302054205572004));
#9433=CARTESIAN_POINT('',(0.067105388053398,-0.00304672869283086,0.000422465845720042));
#9434=CARTESIAN_POINT('',(0.067105388053398,-0.00304672869283086,0.000422465845720042));
#9435=CARTESIAN_POINT('',(0.067105388053398,-0.00304672869283086,0.000422465845720042));
#9436=CARTESIAN_POINT('',(0.0671053880533979,-0.000946728692830856,0.000422465845720045));
#9437=CARTESIAN_POINT('',(0.0693553880522259,-0.000946728692830725,-0.000876572259279963));
#9438=CARTESIAN_POINT('',(0.067105388053398,-0.00304672869283086,0.000422465845720042));
#9439=CARTESIAN_POINT('',(0.069355388052226,-0.00304672869283073,-0.000876572259279966));
#9440=CARTESIAN_POINT('',(0.069355388052226,-0.00304672869283073,-0.000876572259279966));
#9441=CARTESIAN_POINT('',(0.069355388052226,-0.00304672869283073,-0.000876572259279966));
#9442=CARTESIAN_POINT('',(0.0693553880522259,-0.000946728692830725,-0.000876572259279963));
#9443=CARTESIAN_POINT('',(0.069355388052226,-0.00304672869283073,-0.000876572259279966));
#9444=CARTESIAN_POINT('',(0.069355388052226,-0.00304672869283073,0.00172150395072003));
#9445=CARTESIAN_POINT('',(0.069355388052226,-0.00304672869283073,0.00172150395072003));
#9446=CARTESIAN_POINT('',(0.070605388052226,-0.00304672869283066,0.00172150395072003));
#9447=CARTESIAN_POINT('',(0.0693553880522259,-0.000946728692830729,0.00172150395072004));
#9448=CARTESIAN_POINT('',(0.0693553880522259,-0.000946728692830729,0.00172150395072004));
#9449=CARTESIAN_POINT('',(0.0706053880522259,-0.000946728692830657,0.00172150395072004));
#9450=CARTESIAN_POINT('',(0.0693553880522259,-0.000500000248443065,0.00172150395072004));
#9451=CARTESIAN_POINT('',(0.0693553880522259,-0.000500000248443065,0.00172150395072004));
#9452=CARTESIAN_POINT('',(0.0693553880522259,-0.000500000248443067,0.00297150395072004));
#9453=CARTESIAN_POINT('',(0.0693553880522259,-0.000500000248443065,0.00172150395072004));
#9454=CARTESIAN_POINT('',(0.0693553880522262,-0.00575000024844306,0.00172150395072003));
#9455=CARTESIAN_POINT('',(0.0693553880522262,-0.00575000024844306,0.00172150395072003));
#9456=CARTESIAN_POINT('',(0.0681053880522262,-0.00575000024844313,0.00172150395072003));
#9457=CARTESIAN_POINT('',(0.0693553880522259,-0.000500000248443065,0.00172150395072004));
#9458=CARTESIAN_POINT('',(0.0470299444855743,-0.00575000024844435,0.00135014988723837));
#9459=CARTESIAN_POINT('',(0.0470299444855743,-0.00575000024844435,0.00135014988723837));
#9460=CARTESIAN_POINT('',(0.0470299444855743,-0.00575000024844435,0.00350014988723837));
#9461=CARTESIAN_POINT('',(0.0492799444844021,-0.00304672869283188,5.11117822383624E-5));
#9462=CARTESIAN_POINT('',(0.049279944484402,-0.000946728692831879,5.11117822383654E-5));
#9463=CARTESIAN_POINT('',(0.049279944484402,-0.000946728692831879,5.11117822383654E-5));
#9464=CARTESIAN_POINT('',(0.049279944484402,-0.000946728692831882,0.00264918799223837));
#9465=CARTESIAN_POINT('',(0.0492799444844021,-0.00304672869283188,5.11117822383624E-5));
#9466=CARTESIAN_POINT('',(0.0492799444844021,-0.00304672869283188,5.11117822383624E-5));
#9467=CARTESIAN_POINT('',(0.0492799444844021,-0.00304672869283188,5.11117822383624E-5));
#9468=CARTESIAN_POINT('',(0.0492799444844021,-0.00304672869283188,0.00264918799223836));
#9469=CARTESIAN_POINT('',(0.0492799444844021,-0.00304672869283188,0.00264918799223836));
#9470=CARTESIAN_POINT('',(0.0492799444844021,-0.00304672869283188,0.00264918799223836));
#9471=CARTESIAN_POINT('',(0.049279944484402,-0.000946728692831882,0.00264918799223837));
#9472=CARTESIAN_POINT('',(0.047029944485574,-0.000946728692832014,0.00394822609723837));
#9473=CARTESIAN_POINT('',(0.0492799444844021,-0.00304672869283188,0.00264918799223836));
#9474=CARTESIAN_POINT('',(0.0470299444855741,-0.00304672869283201,0.00394822609723837));
#9475=CARTESIAN_POINT('',(0.0470299444855741,-0.00304672869283201,0.00394822609723837));
#9476=CARTESIAN_POINT('',(0.0470299444855741,-0.00304672869283201,0.00394822609723837));
#9477=CARTESIAN_POINT('',(0.047029944485574,-0.000946728692832014,0.00394822609723837));
#9478=CARTESIAN_POINT('',(0.044779944486746,-0.000946728692832141,0.00264918799223838));
#9479=CARTESIAN_POINT('',(0.0470299444855741,-0.00304672869283201,0.00394822609723837));
#9480=CARTESIAN_POINT('',(0.0447799444867461,-0.00304672869283214,0.00264918799223838));
#9481=CARTESIAN_POINT('',(0.0447799444867461,-0.00304672869283214,0.00264918799223838));
#9482=CARTESIAN_POINT('',(0.0447799444867461,-0.00304672869283214,0.00264918799223838));
#9483=CARTESIAN_POINT('',(0.044779944486746,-0.000946728692832141,0.00264918799223838));
#9484=CARTESIAN_POINT('',(0.044779944486746,-0.000946728692832137,5.11117822383814E-5));
#9485=CARTESIAN_POINT('',(0.0447799444867461,-0.00304672869283214,0.00264918799223838));
#9486=CARTESIAN_POINT('',(0.0447799444867461,-0.00304672869283214,5.11117822383784E-5));
#9487=CARTESIAN_POINT('',(0.0447799444867461,-0.00304672869283214,5.11117822383784E-5));
#9488=CARTESIAN_POINT('',(0.0447799444867461,-0.00304672869283214,5.11117822383784E-5));
#9489=CARTESIAN_POINT('',(0.044779944486746,-0.000946728692832137,5.11117822383814E-5));
#9490=CARTESIAN_POINT('',(0.047029944485574,-0.000946728692832006,-0.00124792632276163));
#9491=CARTESIAN_POINT('',(0.0447799444867461,-0.00304672869283214,5.11117822383784E-5));
#9492=CARTESIAN_POINT('',(0.0470299444855741,-0.00304672869283201,-0.00124792632276163));
#9493=CARTESIAN_POINT('',(0.0470299444855741,-0.00304672869283201,-0.00124792632276163));
#9494=CARTESIAN_POINT('',(0.0470299444855741,-0.00304672869283201,-0.00124792632276163));
#9495=CARTESIAN_POINT('',(0.047029944485574,-0.000946728692832006,-0.00124792632276163));
#9496=CARTESIAN_POINT('',(0.0470299444855741,-0.00304672869283201,-0.00124792632276163));
#9497=CARTESIAN_POINT('',(0.0470299444855741,-0.00304672869283201,0.00135014988723837));
#9498=CARTESIAN_POINT('',(0.0470299444855741,-0.00304672869283201,0.00135014988723837));
#9499=CARTESIAN_POINT('',(0.0482799444855741,-0.00304672869283194,0.00135014988723837));
#9500=CARTESIAN_POINT('',(0.047029944485574,-0.00094672869283201,0.00135014988723837));
#9501=CARTESIAN_POINT('',(0.047029944485574,-0.00094672869283201,0.00135014988723837));
#9502=CARTESIAN_POINT('',(0.048279944485574,-0.000946728692831938,0.00135014988723837));
#9503=CARTESIAN_POINT('',(0.047029944485574,-0.000500000248444346,0.00135014988723837));
#9504=CARTESIAN_POINT('',(0.047029944485574,-0.000500000248444346,0.00135014988723837));
#9505=CARTESIAN_POINT('',(0.047029944485574,-0.000500000248444348,0.00260014988723837));
#9506=CARTESIAN_POINT('',(0.047029944485574,-0.000500000248444346,0.00135014988723837));
#9507=CARTESIAN_POINT('',(0.0470299444855743,-0.00575000024844435,0.00135014988723837));
#9508=CARTESIAN_POINT('',(0.0470299444855743,-0.00575000024844435,0.00135014988723837));
#9509=CARTESIAN_POINT('',(0.0457799444855743,-0.00575000024844442,0.00135014988723837));
#9510=CARTESIAN_POINT('',(0.047029944485574,-0.000500000248444346,0.00135014988723837));
#9511=CARTESIAN_POINT('',(0.0242054788865364,-0.0150000002484378,0.00231845323529071));
#9512=CARTESIAN_POINT('',(0.0233614562637636,-0.0150000002484378,-0.0022885037048173));
#9513=CARTESIAN_POINT('',(0.0233614562637636,-0.00500000024843781,-0.0022885037048173));
#9514=CARTESIAN_POINT('',(0.0242054788865364,-0.00500000024843781,0.00231845323529071));
#9515=CARTESIAN_POINT('',(0.0233614562637636,-0.0150000002484378,-0.0022885037048173));
#9516=CARTESIAN_POINT('',(0.0284322024199603,-0.0150000002484378,-0.00228273887254577));
#9517=CARTESIAN_POINT('',(0.0284322024199603,-0.00500000024843781,-0.00228273887254577));
#9518=CARTESIAN_POINT('',(0.0233614562637636,-0.00500000024843781,-0.0022885037048173));
#9519=CARTESIAN_POINT('',(0.0284322024199603,-0.0150000002484378,-0.00228273887254577));
#9520=CARTESIAN_POINT('',(0.0333468461045545,-0.0150000002484378,-0.00228273887254577));
#9521=CARTESIAN_POINT('',(0.0333468461045545,-0.00500000024843781,-0.00228273887254577));
#9522=CARTESIAN_POINT('',(0.0284322024199603,-0.00500000024843781,-0.00228273887254577));
#9523=CARTESIAN_POINT('',(0.0236927313537765,-0.0150000002484378,-0.00186758891841763));
#9524=CARTESIAN_POINT('',(0.0236927313537765,-0.00500000024843781,-0.00186758891841763));
#9525=CARTESIAN_POINT('',(0.0236927313537765,-0.00500000024843781,-0.00186758891841763));
#9526=CARTESIAN_POINT('',(0.0236927313537765,-0.0150000002484378,-0.00186758891841763));
#9527=CARTESIAN_POINT('',(0.033170717284124,-0.0150000002484378,-0.00185681358132181));
#9528=CARTESIAN_POINT('',(0.033170717284124,-0.00500000024843781,-0.00185681358132181));
#9529=CARTESIAN_POINT('',(0.033170717284124,-0.00500000024843781,-0.00185681358132181));
#9530=CARTESIAN_POINT('',(0.033170717284124,-0.0150000002484378,-0.00185681358132181));
#9531=CARTESIAN_POINT('',(0.0346785420817172,-0.0150000002484378,0.00637339699398022));
#9532=CARTESIAN_POINT('',(0.0346785420817172,-0.00500000024843781,0.00637339699398022));
#9533=CARTESIAN_POINT('',(0.,-0.00500000024843781,0.));
#9534=CARTESIAN_POINT('',(0.034126269584296,-0.00500000024843781,0.00197161440234848));
#9535=CARTESIAN_POINT('',(0.034126269584296,-0.0150000002484378,0.00197161440234848));
#9536=CARTESIAN_POINT('',(0.0478995232285341,-0.0150000002484378,-0.00210972287189853));
#9537=CARTESIAN_POINT('',(0.0478995232285341,-0.0150000002484378,-0.00210972287189853));
#9538=CARTESIAN_POINT('',(0.0478995232285341,-0.00500000024843781,-0.00210972287189853));
#9539=CARTESIAN_POINT('',(0.0478995232285341,-0.00500000024843781,-0.00210972287189853));
#9540=CARTESIAN_POINT('',(0.0428893735390461,-0.00500000024843781,-0.00208538747908416));
#9541=CARTESIAN_POINT('',(0.0428893735390461,-0.0150000002484378,-0.00208538747908416));
#9542=CARTESIAN_POINT('',(0.0528106267997354,-0.0150000002484378,-0.00210972287189853));
#9543=CARTESIAN_POINT('',(0.0528106267997354,-0.0150000002484378,-0.00210972287189853));
#9544=CARTESIAN_POINT('',(0.0528106267997354,-0.00500000024843781,-0.00210972287189853));
#9545=CARTESIAN_POINT('',(0.0528106267997354,-0.00500000024843781,-0.00210972287189853));
#9546=CARTESIAN_POINT('',(0.0526118311774253,-0.0150000002484378,-0.00185972287189856));
#9547=CARTESIAN_POINT('',(0.043187215279643,-0.0150000002484378,-0.00185972287189853));
#9548=CARTESIAN_POINT('',(0.043187215279643,-0.00500000024843781,-0.00185972287189853));
#9549=CARTESIAN_POINT('',(0.0526118311774253,-0.00500000024843781,-0.00185972287189856));
#9550=CARTESIAN_POINT('',(0.0526118311774253,-0.00500000024843781,-0.00185972287189856));
#9551=CARTESIAN_POINT('',(0.0526118311774253,-0.0150000002484378,-0.00185972287189856));
#9552=CARTESIAN_POINT('',(0.0428893735390461,-0.0150000002484378,-0.00208538747908416));
#9553=CARTESIAN_POINT('',(0.0428893735390461,-0.00500000024843781,-0.00208538747908416));
#9554=CARTESIAN_POINT('',(0.043187215279643,-0.0150000002484378,-0.00185972287189853));
#9555=CARTESIAN_POINT('',(0.043187215279643,-0.00500000024843781,-0.00185972287189853));
#9556=CARTESIAN_POINT('',(0.0545152892796344,-0.0150000002484378,0.00637339699398021));
#9557=CARTESIAN_POINT('',(0.0545152892796344,-0.00500000024843781,0.00637339699398021));
#9558=CARTESIAN_POINT('',(0.,-0.00500000024843781,0.));
#9559=CARTESIAN_POINT('',(0.0537186149562352,-0.00500000024843781,0.00181764244314864));
#9560=CARTESIAN_POINT('',(0.0537186149562352,-0.0150000002484378,0.00181764244314864));
#9561=CARTESIAN_POINT('',(0.073981021899133,-0.0150000002484378,-0.00196293657356357));
#9562=CARTESIAN_POINT('',(0.073981021899133,-0.0150000002484378,-0.00196293657356357));
#9563=CARTESIAN_POINT('',(0.073981021899133,-0.00500000024843781,-0.00196293657356357));
#9564=CARTESIAN_POINT('',(0.073981021899133,-0.00500000024843781,-0.00196293657356357));
#9565=CARTESIAN_POINT('',(0.065229150551493,-0.00500000024843781,-0.00196293657356357));
#9566=CARTESIAN_POINT('',(0.065229150551493,-0.0150000002484378,-0.00196293657356357));
#9567=CARTESIAN_POINT('',(0.0655248495169456,-0.0150000002484378,-0.00171293657356357));
#9568=CARTESIAN_POINT('',(0.0655248495169456,-0.0150000002484378,-0.00171293657356357));
#9569=CARTESIAN_POINT('',(0.0655248495169456,-0.00500000024843781,-0.00171293657356357));
#9570=CARTESIAN_POINT('',(0.0655248495169456,-0.00500000024843781,-0.00171293657356357));
#9571=CARTESIAN_POINT('',(0.0738111423541887,-0.00500000024843781,-0.0017129365735636));
#9572=CARTESIAN_POINT('',(0.0738111423541887,-0.0150000002484378,-0.0017129365735636));
#9573=CARTESIAN_POINT('',(0.,-0.00500000024843781,0.));
#9574=CARTESIAN_POINT('',(0.0658956475873613,-0.00500000024843781,0.00198853200451906));
#9575=CARTESIAN_POINT('',(0.0746258609898152,-0.00500000024843781,0.00229550224266163));
#9576=CARTESIAN_POINT('',(0.0746258609898152,-0.00500000024843781,0.00229550224266163));
#9577=CARTESIAN_POINT('',(0.0752630686465415,-0.00500000024843781,0.00683816491474509));
#9578=CARTESIAN_POINT('',(0.0738111423541887,-0.00500000024843781,-0.0017129365735636));
#9579=CARTESIAN_POINT('',(0.0668887771927733,-0.00500000024843781,0.00637339699398021));
#9580=CARTESIAN_POINT('',(0.0752630686465415,-0.0150000002484378,0.00683816491474509));
#9581=CARTESIAN_POINT('',(0.0746258609898152,-0.0150000002484378,0.00229550224266163));
#9582=CARTESIAN_POINT('',(0.0658956475873613,-0.0150000002484378,0.00198853200451906));
#9583=CARTESIAN_POINT('',(0.0746258609898152,-0.0150000002484378,0.00229550224266163));
#9584=CARTESIAN_POINT('',(0.0738111423541887,-0.0150000002484378,-0.0017129365735636));
#9585=CARTESIAN_POINT('',(0.0668887771927733,-0.0150000002484378,0.00637339699398021));
#9586=CARTESIAN_POINT('',(-0.00224053664963239,0.0985,0.0097405366496324));
#9587=CARTESIAN_POINT('',(0.00536777816821964,0.00149999999999996,0.00586239348766249));
#9588=CARTESIAN_POINT('',(0.00536777816821964,0.00186924746439707,0.00586239348766249));
#9589=CARTESIAN_POINT('',(0.00531797885307072,0.002601991305295,0.00576258121952782));
#9590=CARTESIAN_POINT('',(0.00507148025417911,0.00359683546668988,0.00531070495843896));
#9591=CARTESIAN_POINT('',(0.00458555988689753,0.00430712537195222,0.00457629578174081));
#9592=CARTESIAN_POINT('',(0.00411591852088715,0.00447632429711228,0.00402581913589665));
#9593=CARTESIAN_POINT('',(0.00385769011517346,0.00449560753203552,0.00376240323883549));
#9594=CARTESIAN_POINT('',(0.00536777816821964,0.00149999999999996,0.00586239348766249));
#9595=CARTESIAN_POINT('',(0.00385769011517346,0.00449560753203552,0.00376240323883549));
#9596=CARTESIAN_POINT('',(0.00385769011517346,0.00449560753203552,0.00376240323883549));
#9597=CARTESIAN_POINT('',(0.00381805708659111,0.00449856713285388,0.00372197403141187));
#9598=CARTESIAN_POINT('',(0.00377802596858812,0.00449856713285388,0.00368194291340888));
#9599=CARTESIAN_POINT('',(0.0037375967611645,0.00449560753203552,0.00364230988482653));
#9600=CARTESIAN_POINT('',(0.0037375967611645,0.00449560753203552,0.00364230988482653));
#9601=CARTESIAN_POINT('',(0.0037375967611645,0.00449560753203552,0.00364230988482653));
#9602=CARTESIAN_POINT('',(0.00347395428559003,0.00447630771054043,0.0033838593626464));
#9603=CARTESIAN_POINT('',(0.00291880115847885,0.0043053903609231,0.00291011759234152));
#9604=CARTESIAN_POINT('',(0.00194265066489471,0.00335227485166604,0.00226816192529946));
#9605=CARTESIAN_POINT('',(0.00163760651233751,0.00223793111924447,0.00213222183178037));
#9606=CARTESIAN_POINT('',(0.00163760651233751,0.0015,0.00213222183178037));
#9607=CARTESIAN_POINT('',(0.00163760651233751,0.0015,0.00213222183178037));
#9608=CARTESIAN_POINT('',(0.00163760651233751,0.0985,0.00213222183178037));
#9609=CARTESIAN_POINT('',(0.00163760651233751,-0.0015,0.00213222183178037));
#9610=CARTESIAN_POINT('',(0.00163760651233751,-0.0015,0.00213222183178037));
#9611=CARTESIAN_POINT('',(0.00163760651233751,-0.00223806240608288,0.00213222183178037));
#9612=CARTESIAN_POINT('',(0.00194262851496884,-0.00335261055307776,0.00226807316120859));
#9613=CARTESIAN_POINT('',(0.00291946807744534,-0.00430569976014106,0.00291065312455948));
#9614=CARTESIAN_POINT('',(0.00347380657880857,-0.00447629689773605,0.00338371456467818));
#9615=CARTESIAN_POINT('',(0.0037375967611645,-0.00449560753203552,0.00364230988482653));
#9616=CARTESIAN_POINT('',(0.0037375967611645,-0.00449560753203552,0.00364230988482653));
#9617=CARTESIAN_POINT('',(0.0037375967611645,-0.00449560753203552,0.00364230988482653));
#9618=CARTESIAN_POINT('',(0.00377802596858812,-0.00449856713285388,0.00368194291340888));
#9619=CARTESIAN_POINT('',(0.00381805708659111,-0.00449856713285388,0.00372197403141187));
#9620=CARTESIAN_POINT('',(0.00385769011517346,-0.00449560753203552,0.00376240323883549));
#9621=CARTESIAN_POINT('',(0.00385769011517346,-0.00449560753203552,0.00376240323883549));
#9622=CARTESIAN_POINT('',(0.00385769011517346,-0.00449560753203552,0.00376240323883549));
#9623=CARTESIAN_POINT('',(0.00411591852088715,-0.00447632429711228,0.00402581913589665));
#9624=CARTESIAN_POINT('',(0.00458555988689753,-0.00430712537195222,0.00457629578174081));
#9625=CARTESIAN_POINT('',(0.00507148025417911,-0.00359683546668988,0.00531070495843896));
#9626=CARTESIAN_POINT('',(0.00531797885307072,-0.002601991305295,0.00576258121952782));
#9627=CARTESIAN_POINT('',(0.00536777816821964,-0.00186924746439707,0.00586239348766249));
#9628=CARTESIAN_POINT('',(0.00536777816821964,-0.00149999999999996,0.00586239348766249));
#9629=CARTESIAN_POINT('',(0.00536777816821964,-0.00149999999999996,0.00586239348766249));
#9630=CARTESIAN_POINT('',(0.00536777816821964,0.0985,0.00586239348766249));
#9631=CARTESIAN_POINT('',(0.00804058268497256,0.0985,0.0045));
#9632=CARTESIAN_POINT('',(0.00804058268497256,0.00149999999999996,0.0045));
#9633=CARTESIAN_POINT('',(0.00804058268497256,-0.00149999999999996,0.0045));
#9634=CARTESIAN_POINT('',(0.00536777816821964,-0.00149999999999998,0.00586239348766249));
#9635=CARTESIAN_POINT('',(0.00620250604815929,-0.00149999999999997,0.0075));
#9636=CARTESIAN_POINT('',(0.00804058268497256,-0.00149999999999996,0.0075));
#9637=CARTESIAN_POINT('',(0.00536777816472372,-0.0019311499437329,0.00586239348080406));
#9638=CARTESIAN_POINT('',(0.00620250604354076,-0.00222764998204137,0.00749999998723542));
#9639=CARTESIAN_POINT('',(0.0080405826802681,-0.00236229988746579,0.00750000000000001));
#9640=CARTESIAN_POINT('',(0.00529886501280896,-0.00277893834682732,0.00572268807734205));
#9641=CARTESIAN_POINT('',(0.00611157297764597,-0.00366664085161287,0.00723566221444353));
#9642=CARTESIAN_POINT('',(0.00794746030619514,-0.00405787669398475,0.00712243202010149));
#9643=CARTESIAN_POINT('',(0.00498916230378371,-0.00377752164861899,0.00517345636341502));
#9644=CARTESIAN_POINT('',(0.00567763800504041,-0.00543359748384988,0.00623035891988934));
#9645=CARTESIAN_POINT('',(0.00752895889202112,-0.00605504329608257,0.00563807789278312));
#9646=CARTESIAN_POINT('',(0.00449190482956169,-0.00435280095990049,0.00446004422363362));
#9647=CARTESIAN_POINT('',(0.0049302394828745,-0.00665375465156902,0.00498132759497338));
#9648=CARTESIAN_POINT('',(0.00685701463749417,-0.00720560192409247,0.00371000957973001));
#9649=CARTESIAN_POINT('',(0.00407976024011211,-0.00447902442533903,0.00398893447969386));
#9650=CARTESIAN_POINT('',(0.00428810251633598,-0.00716211045047067,0.00420719385457804));
#9651=CARTESIAN_POINT('',(0.00630008346170655,-0.00745804884143463,0.00243678795219935));
#9652=CARTESIAN_POINT('',(0.00385769011517346,-0.00449560753203552,0.0037624032388355));
#9653=CARTESIAN_POINT('',(0.00393585521234192,-0.00738191623878038,0.00384213857675309));
#9654=CARTESIAN_POINT('',(0.006,-0.00749121506407104,0.00182456440970658));
#9655=CARTESIAN_POINT('',(0.006,-0.00449560753203552,0.00166228220485329));
#9656=CARTESIAN_POINT('',(0.00804058268497256,0.00149999999999992,0.0075));
#9657=CARTESIAN_POINT('',(0.00620250604815929,0.00149999999999993,0.0075));
#9658=CARTESIAN_POINT('',(0.00536777816821964,0.00149999999999996,0.00586239348766249));
#9659=CARTESIAN_POINT('',(0.00804058268026773,0.00236229988749183,0.00750000000000001));
#9660=CARTESIAN_POINT('',(0.00620250604354033,0.00222764998206337,0.00749999998723521));
#9661=CARTESIAN_POINT('',(0.00536777816472365,0.00193114994374592,0.0058623934808039));
#9662=CARTESIAN_POINT('',(0.00794746030619536,0.00405787669397266,0.00712243202010145));
#9663=CARTESIAN_POINT('',(0.00611157297764617,0.0036666408516026,0.00723566221444362));
#9664=CARTESIAN_POINT('',(0.00529886501280902,0.00277893834682127,0.00572268807734214));
#9665=CARTESIAN_POINT('',(0.00752895889202089,0.00605504329608582,0.00563807789278326));
#9666=CARTESIAN_POINT('',(0.00567763800504034,0.00543359748385276,0.00623035891988935));
#9667=CARTESIAN_POINT('',(0.00498916230378363,0.00377752164862062,0.00517345636341492));
#9668=CARTESIAN_POINT('',(0.00685701463749487,0.00720560192409156,0.00371000957972952));
#9669=CARTESIAN_POINT('',(0.00493023948287459,0.00665375465156789,0.0049813275949733));
#9670=CARTESIAN_POINT('',(0.00449190482956198,0.00435280095990002,0.00446004422363393));
#9671=CARTESIAN_POINT('',(0.00630008346170507,0.00745804884143457,0.00243678795220042));
#9672=CARTESIAN_POINT('',(0.00428810251633577,0.00716211045047135,0.0042071938545782));
#9673=CARTESIAN_POINT('',(0.00407976024011147,0.00447902442533903,0.00398893447969321));
#9674=CARTESIAN_POINT('',(0.006,0.00749121506407104,0.00182456440970658));
#9675=CARTESIAN_POINT('',(0.00393585521234192,0.00738191623878038,0.00384213857675309));
#9676=CARTESIAN_POINT('',(0.00385769011517346,0.00449560753203552,0.0037624032388355));
#9677=CARTESIAN_POINT('',(0.006,0.00449560753203552,0.00166228220485329));
#9678=CARTESIAN_POINT('',(0.00385769011517346,-0.00449560753203552,0.0037624032388355));
#9679=CARTESIAN_POINT('',(0.00393585521234192,-0.00738191623878038,0.00384213857675309));
#9680=CARTESIAN_POINT('',(0.006,-0.00749121506407104,0.00182456440970658));
#9681=CARTESIAN_POINT('',(0.00381805708659106,-0.0044985671325013,0.00372197403141182));
#9682=CARTESIAN_POINT('',(0.00384463270469615,-0.00738701462400208,0.00374802620505139));
#9683=CARTESIAN_POINT('',(0.00589288774026422,-0.0074971342657055,0.00171530039634262));
#9684=CARTESIAN_POINT('',(0.00377802596858807,-0.0044985671325012,0.00368194291340884));
#9685=CARTESIAN_POINT('',(0.00375197379494844,-0.00738701462400181,0.00365536729530347));
#9686=CARTESIAN_POINT('',(0.00578469960365722,-0.0074971342657055,0.00160711225973562));
#9687=CARTESIAN_POINT('',(0.00373759676116449,-0.00449560753203552,0.00364230988482653));
#9688=CARTESIAN_POINT('',(0.00365786142324688,-0.00738191623878038,0.00356414478765805));
#9689=CARTESIAN_POINT('',(0.00567543559029338,-0.00749121506407104,0.00149999999999996));
#9690=CARTESIAN_POINT('',(0.00583771779514669,-0.00449560753203552,0.00149999999999998));
#9691=CARTESIAN_POINT('',(0.0037375967611645,0.00449560753203552,0.00364230988482653));
#9692=CARTESIAN_POINT('',(0.00365786142324689,0.00738191623878039,0.00356414478765806));
#9693=CARTESIAN_POINT('',(0.0056754355902934,0.00749121506407104,0.00149999999999996));
#9694=CARTESIAN_POINT('',(0.00377802596858816,0.0044985671325012,0.00368194291340891));
#9695=CARTESIAN_POINT('',(0.00375197379494804,0.00738701462400059,0.0036553672953045));
#9696=CARTESIAN_POINT('',(0.00578469960365604,0.00749713426570543,0.00160711225973724));
#9697=CARTESIAN_POINT('',(0.00381805708659109,0.00449856713250022,0.00372197403141186));
#9698=CARTESIAN_POINT('',(0.00384463270469616,0.00738701462400066,0.00374802620505171));
#9699=CARTESIAN_POINT('',(0.00589288774026423,0.0074971342657055,0.00171530039634283));
#9700=CARTESIAN_POINT('',(0.00385769011517346,0.00449560753203553,0.0037624032388355));
#9701=CARTESIAN_POINT('',(0.00393585521234192,0.00738191623878039,0.00384213857675309));
#9702=CARTESIAN_POINT('',(0.006,0.00749121506407105,0.00182456440970658));
#9703=CARTESIAN_POINT('',(0.0058377177951467,0.00449560753203552,0.00149999999999998));
#9704=CARTESIAN_POINT('',(0.00373759676116449,-0.00449560753203552,0.00364230988482652));
#9705=CARTESIAN_POINT('',(0.00365786142324688,-0.00738191623878036,0.00356414478765805));
#9706=CARTESIAN_POINT('',(0.00567543559029336,-0.00749121506407104,0.00149999999999997));
#9707=CARTESIAN_POINT('',(0.00351092163738297,-0.00447901389211827,0.00342009871047411));
#9708=CARTESIAN_POINT('',(0.00329258184586609,-0.00716197539584064,0.00321168105405585));
#9709=CARTESIAN_POINT('',(0.00506282318940254,-0.0074580277756583,0.00119972593827858));
#9710=CARTESIAN_POINT('',(0.00304251088789456,-0.00435375523516578,0.00301023280977762));
#9711=CARTESIAN_POINT('',(0.00252281306935184,-0.00665674027409306,0.00257297218577013));
#9712=CARTESIAN_POINT('',(0.00379689586679126,-0.00720751047431454,0.000645873955477072));
#9713=CARTESIAN_POINT('',(0.00232867115651792,-0.00378001053014377,0.00251210728873879));
#9714=CARTESIAN_POINT('',(0.00127353848508288,-0.00543823804181402,0.00182423596699338));
#9715=CARTESIAN_POINT('',(0.00186767194588147,-0.0060600210592145,-2.72432910422778E-5));
#9716=CARTESIAN_POINT('',(0.00177855526437944,-0.00278332362152137,0.00220177743519593));
#9717=CARTESIAN_POINT('',(0.000266650249536563,-0.00367414616877298,0.00138927861924459));
#9718=CARTESIAN_POINT('',(0.00038092823134949,-0.00406664724334933,-0.000446592165913601));
#9719=CARTESIAN_POINT('',(0.00163760651517445,-0.00193217947004239,0.00213222183322643));
#9720=CARTESIAN_POINT('',(5.29029751906694E-12,-0.00222938750926063,0.00129749395374126));
#9721=CARTESIAN_POINT('',(0.,-0.00236435894008479,-0.000540582683037266));
#9722=CARTESIAN_POINT('',(0.00163760651233751,-0.0015,0.00213222183178037));
#9723=CARTESIAN_POINT('',(4.33680868994202E-19,-0.0015,0.00129749395184072));
#9724=CARTESIAN_POINT('',(0.,-0.0015,-0.000540582684972554));
#9725=CARTESIAN_POINT('',(0.003,-0.0015,-0.000540582684972556));
#9726=CARTESIAN_POINT('',(0.0056754355902934,0.00749121506407104,0.00149999999999998));
#9727=CARTESIAN_POINT('',(0.0036578614232469,0.00738191623878037,0.00356414478765807));
#9728=CARTESIAN_POINT('',(0.0037375967611645,0.00449560753203552,0.00364230988482653));
#9729=CARTESIAN_POINT('',(0.00506282318938255,0.00745802777565722,0.00119972593827593));
#9730=CARTESIAN_POINT('',(0.00329258184585387,0.0071619753958357,0.00321168105405132));
#9731=CARTESIAN_POINT('',(0.00351092163737825,0.00447901389211901,0.00342009871046948));
#9732=CARTESIAN_POINT('',(0.00379689586680055,0.00720751047431502,0.000645873955478305));
#9733=CARTESIAN_POINT('',(0.00252281306935692,0.00665674027409505,0.00257297218577189));
#9734=CARTESIAN_POINT('',(0.00304251088789675,0.00435375523516543,0.00301023280977977));
#9735=CARTESIAN_POINT('',(0.00186767194587898,0.00606002105921442,-2.72432910426091E-5));
#9736=CARTESIAN_POINT('',(0.00127353848508173,0.00543823804181363,0.001824235966993));
#9737=CARTESIAN_POINT('',(0.00232867115651733,0.00378001053014389,0.00251210728873821));
#9738=CARTESIAN_POINT('',(0.000380928231350202,0.00406664724334919,-0.000446592165913504));
#9739=CARTESIAN_POINT('',(0.000266650249536735,0.00367414616877304,0.00138927861924468));
#9740=CARTESIAN_POINT('',(0.0017785552643796,0.00278332362152125,0.0022017774351961));
#9741=CARTESIAN_POINT('',(0.,0.00236435894008516,-0.000540582683037267));
#9742=CARTESIAN_POINT('',(5.29057844409745E-12,0.00222938750926064,0.00129749395374126));
#9743=CARTESIAN_POINT('',(0.00163760651517446,0.00193217947004258,0.00213222183322643));
#9744=CARTESIAN_POINT('',(0.,0.0015,-0.000540582684972554));
#9745=CARTESIAN_POINT('',(2.16840434497101E-19,0.0015,0.00129749395184072));
#9746=CARTESIAN_POINT('',(0.00163760651233751,0.0015,0.00213222183178037));
#9747=CARTESIAN_POINT('',(0.003,0.0015,-0.000540582684972556));
#9748=CARTESIAN_POINT('',(0.003,0.0985,-0.000540582684972557));
#9749=MECHANICAL_DESIGN_GEOMETRIC_PRESENTATION_REPRESENTATION('',(#5470),
#9750);
#9750=(
GEOMETRIC_REPRESENTATION_CONTEXT(3)
GLOBAL_UNCERTAINTY_ASSIGNED_CONTEXT((#9751))
GLOBAL_UNIT_ASSIGNED_CONTEXT((#9754,#9753,#9752))
REPRESENTATION_CONTEXT(
'Base Bone 1.2_V02_pointerfinger_and_thumb_attachment',
'TOP_LEVEL_ASSEMBLY_PART')
);
#9751=UNCERTAINTY_MEASURE_WITH_UNIT(LENGTH_MEASURE(2.E-5),#9754,
'DISTANCE_ACCURACY_VALUE','Maximum Tolerance applied to model');
#9752=(
NAMED_UNIT(*)
SI_UNIT($,.STERADIAN.)
SOLID_ANGLE_UNIT()
);
#9753=(
NAMED_UNIT(*)
PLANE_ANGLE_UNIT()
SI_UNIT($,.RADIAN.)
);
#9754=(
LENGTH_UNIT()
NAMED_UNIT(*)
SI_UNIT($,.METRE.)
);
#9755=PRODUCT_DEFINITION_SHAPE('','',#9756);
#9756=PRODUCT_DEFINITION('','',#9758,#9757);
#9757=PRODUCT_DEFINITION_CONTEXT('',#9764,'design');
#9758=PRODUCT_DEFINITION_FORMATION_WITH_SPECIFIED_SOURCE('','',#9760,
 .NOT_KNOWN.);
#9759=PRODUCT_RELATED_PRODUCT_CATEGORY('','',(#9760));
#9760=PRODUCT('Base Bone 1.2_V02_pointerfinger_and_thumb_attachment',
'Base Bone 1.2_V02_pointerfinger_and_thumb_attachment',
'Base Bone 1.2_V02_pointerfinger_and_thumb_attachment',(#9762));
#9761=PRODUCT_CATEGORY('','');
#9762=PRODUCT_CONTEXT('',#9764,'mechanical');
#9763=APPLICATION_PROTOCOL_DEFINITION('international standard',
'ap242_managed_model_based_3d_engineering',2020,#9764);
#9764=APPLICATION_CONTEXT('managed model based 3d engineering');
ENDSEC;
END-ISO-10303-21;
