ISO-10303-21;
HEADER;
/* Generated by software containing ST-Developer
 * from STEP Tools, Inc. (www.steptools.com) 
 */
/* OPTION: using custom renumber hook */

FILE_DESCRIPTION(
/* description */ ('STEP AP242 Edition 2',
'CAx-IF Rec.Pracs.---Representation and Presentation of Product Manufa
cturing Information (PMI)---4.0---2014-10-13',
'CAx-IF Rec.Pracs.---3D Tessellated Geometry---0.4---2014-09-14','2;1',
'CAx-IF Rec.Pracs.---User Defined Attributes---1.5---2016-08-15'),
/* implementation_level */ '2;1');

FILE_NAME(
/* name */ 'Robotic Hand_V5_simulacra - second_thumb_hinge',
/* time_stamp */ '2026-09-25T22:15:32Z',
/* author */ (''),
/* organization */ (''),
/* preprocessor_version */ 'ST-DEVELOPER v20',
/* originating_system */ 'ONSHAPE BY PTC INC, 1.221',
/* authorisation */ '  ');

FILE_SCHEMA (('AP242_MANAGED_MODEL_BASED_3D_ENGINEERING_MIM_LF { 1 0 10303 442 3 1 4 }'));
ENDSEC;

DATA;
#10=SHAPE_REPRESENTATION_RELATIONSHIP('','',#2242,#11);
#11=ADVANCED_BREP_SHAPE_REPRESENTATION('',(#2240),#4098);
#12=DEGENERATE_TOROIDAL_SURFACE('',#2470,0.00175,0.002,.T.);
#13=SPHERICAL_SURFACE('',#2364,0.0035);
#14=SPHERICAL_SURFACE('',#2368,0.0035);
#15=SPHERICAL_SURFACE('',#2369,0.0035);
#16=SPHERICAL_SURFACE('',#2373,0.0035);
#17=(
BOUNDED_SURFACE()
B_SPLINE_SURFACE(3,2,((#3610,#3611,#3612),(#3613,#3614,#3615),(#3616,#3617,
#3618),(#3619,#3620,#3621),(#3622,#3623,#3624)),.UNSPECIFIED.,.F.,.F.,.F.)
B_SPLINE_SURFACE_WITH_KNOTS((4,1,4),(3,3),(4.71238898038469,5.49778714378214,
6.28318530717959),(0.,1.),.UNSPECIFIED.)
GEOMETRIC_REPRESENTATION_ITEM()
RATIONAL_B_SPLINE_SURFACE(((1.,0.707106781186548,1.),(1.,0.731063088779469,
1.),(1.,0.775980786785698,1.),(1.,0.793353340290835,1.),(1.,0.793353340291234,
1.)))
REPRESENTATION_ITEM('')
SURFACE()
);
#18=(
BOUNDED_SURFACE()
B_SPLINE_SURFACE(3,2,((#3652,#3653,#3654),(#3655,#3656,#3657),(#3658,#3659,
#3660),(#3661,#3662,#3663),(#3664,#3665,#3666)),.UNSPECIFIED.,.F.,.F.,.F.)
B_SPLINE_SURFACE_WITH_KNOTS((4,1,4),(3,3),(3.14159265358979,3.92699081698724,
4.71238898038469),(0.,1.),.UNSPECIFIED.)
GEOMETRIC_REPRESENTATION_ITEM()
RATIONAL_B_SPLINE_SURFACE(((1.,0.793353340291234,1.),(1.,0.793353340291035,
1.),(1.,0.775980786785536,1.),(1.,0.731063088779593,1.),(1.,0.707106781186547,
1.)))
REPRESENTATION_ITEM('')
SURFACE()
);
#19=(
BOUNDED_SURFACE()
B_SPLINE_SURFACE(3,2,((#3702,#3703,#3704),(#3705,#3706,#3707),(#3708,#3709,
#3710),(#3711,#3712,#3713),(#3714,#3715,#3716)),.UNSPECIFIED.,.F.,.F.,.F.)
B_SPLINE_SURFACE_WITH_KNOTS((4,1,4),(3,3),(0.,0.785398163397448,1.5707963267949),
(0.,1.),.UNSPECIFIED.)
GEOMETRIC_REPRESENTATION_ITEM()
RATIONAL_B_SPLINE_SURFACE(((1.,0.793353340291234,1.),(1.,0.793353340290994,
1.),(1.,0.775980786785626,1.),(1.,0.731063088779454,1.),(1.,0.707106781186548,
1.)))
REPRESENTATION_ITEM('')
SURFACE()
);
#20=(
BOUNDED_SURFACE()
B_SPLINE_SURFACE(3,2,((#3744,#3745,#3746),(#3747,#3748,#3749),(#3750,#3751,
#3752),(#3753,#3754,#3755),(#3756,#3757,#3758)),.UNSPECIFIED.,.F.,.F.,.F.)
B_SPLINE_SURFACE_WITH_KNOTS((4,1,4),(3,3),(1.5707963267949,2.35619449019235,
3.1415926535898),(0.,1.),.UNSPECIFIED.)
GEOMETRIC_REPRESENTATION_ITEM()
RATIONAL_B_SPLINE_SURFACE(((1.,0.707106781186548,1.),(1.,0.731063088779454,
1.),(1.,0.775980786785706,1.),(1.,0.793353340290835,1.),(1.,0.793353340291234,
1.)))
REPRESENTATION_ITEM('')
SURFACE()
);
#21=(
BOUNDED_SURFACE()
B_SPLINE_SURFACE(3,2,((#4060,#4061,#4062),(#4063,#4064,#4065),(#4066,#4067,
#4068),(#4069,#4070,#4071)),.UNSPECIFIED.,.F.,.F.,.F.)
B_SPLINE_SURFACE_WITH_KNOTS((4,4),(3,3),(-3.79470760369927E-18,0.00241641936376687),
(0.,1.),.PIECEWISE_BEZIER_KNOTS.)
GEOMETRIC_REPRESENTATION_ITEM()
RATIONAL_B_SPLINE_SURFACE(((1.,0.707106781186547,1.),(1.,0.728319992384501,
1.),(1.,0.72901572857777,1.),(1.,0.731263895850248,1.)))
REPRESENTATION_ITEM('')
SURFACE()
);
#22=(
BOUNDED_SURFACE()
B_SPLINE_SURFACE(3,2,((#4078,#4079,#4080),(#4081,#4082,#4083),(#4084,#4085,
#4086),(#4087,#4088,#4089)),.UNSPECIFIED.,.F.,.F.,.F.)
B_SPLINE_SURFACE_WITH_KNOTS((4,4),(3,3),(-4.66206934168767E-18,0.00241617280951332),
(0.,1.),.PIECEWISE_BEZIER_KNOTS.)
GEOMETRIC_REPRESENTATION_ITEM()
RATIONAL_B_SPLINE_SURFACE(((1.,0.707106781186547,1.),(1.,0.728317827939235,
1.),(1.,0.729014661114834,1.),(1.,0.731263207595869,1.)))
REPRESENTATION_ITEM('')
SURFACE()
);
#23=TOROIDAL_SURFACE('',#2336,0.004,0.003);
#24=TOROIDAL_SURFACE('',#2337,0.004,0.003);
#25=TOROIDAL_SURFACE('',#2366,0.0035,0.0035);
#26=TOROIDAL_SURFACE('',#2371,0.0035,0.0035);
#27=TOROIDAL_SURFACE('',#2461,0.00375,0.00015);
#28=TOROIDAL_SURFACE('',#2462,0.00375,0.00015);
#29=TOROIDAL_SURFACE('',#2464,0.00375,0.00015);
#30=TOROIDAL_SURFACE('',#2467,0.0035,0.0015);
#31=TOROIDAL_SURFACE('',#2476,0.00335,0.0004);
#32=ELLIPSE('',#2262,0.00320464631436046,0.0015);
#33=ELLIPSE('',#2265,0.00323672045615939,0.0015);
#34=ELLIPSE('',#2283,0.00115470053837925,0.001);
#35=ELLIPSE('',#2284,0.00115470053837925,0.001);
#36=ELLIPSE('',#2291,0.00883883476483183,0.00625);
#37=ELLIPSE('',#2298,0.00883883476483183,0.00625);
#38=ELLIPSE('',#2322,0.00284700949612773,0.00275);
#39=ELLIPSE('',#2323,0.00893658694966932,0.00863208013356345);
#40=ELLIPSE('',#2324,0.00284700949612773,0.00275);
#41=ELLIPSE('',#2326,0.00284700949612773,0.00275);
#42=ELLIPSE('',#2327,0.00893658694966932,0.00863208013356345);
#43=ELLIPSE('',#2328,0.00284700949612773,0.00275);
#44=ELLIPSE('',#2339,0.00883883476483183,0.00625);
#45=ELLIPSE('',#2340,0.00629328714353965,0.00625);
#46=ELLIPSE('',#2341,0.00629328714353965,0.00625);
#47=ELLIPSE('',#2343,0.00883883476483184,0.00625);
#48=ELLIPSE('',#2344,0.00629328714353965,0.00625);
#49=ELLIPSE('',#2345,0.00629328714353965,0.00625);
#50=ELLIPSE('',#2433,0.00426590210660018,0.0015);
#51=ELLIPSE('',#2434,0.00399576941111309,0.0015);
#52=ELLIPSE('',#2449,0.00412608360688506,0.0015);
#53=ELLIPSE('',#2451,0.00161017069296398,0.0015);
#54=ELLIPSE('',#2453,0.00161017069296398,0.0015);
#55=ELLIPSE('',#2455,0.00412608360688506,0.0015);
#56=PLANE('',#2258);
#57=PLANE('',#2259);
#58=PLANE('',#2261);
#59=PLANE('',#2263);
#60=PLANE('',#2264);
#61=PLANE('',#2266);
#62=PLANE('',#2271);
#63=PLANE('',#2275);
#64=PLANE('',#2278);
#65=PLANE('',#2285);
#66=PLANE('',#2288);
#67=PLANE('',#2292);
#68=PLANE('',#2295);
#69=PLANE('',#2307);
#70=PLANE('',#2310);
#71=PLANE('',#2316);
#72=PLANE('',#2321);
#73=PLANE('',#2325);
#74=PLANE('',#2329);
#75=PLANE('',#2383);
#76=PLANE('',#2384);
#77=PLANE('',#2386);
#78=PLANE('',#2389);
#79=PLANE('',#2390);
#80=PLANE('',#2393);
#81=PLANE('',#2394);
#82=PLANE('',#2395);
#83=PLANE('',#2396);
#84=PLANE('',#2397);
#85=PLANE('',#2398);
#86=PLANE('',#2401);
#87=PLANE('',#2402);
#88=PLANE('',#2405);
#89=PLANE('',#2406);
#90=PLANE('',#2407);
#91=PLANE('',#2408);
#92=PLANE('',#2409);
#93=PLANE('',#2410);
#94=PLANE('',#2411);
#95=PLANE('',#2412);
#96=PLANE('',#2413);
#97=PLANE('',#2414);
#98=PLANE('',#2415);
#99=PLANE('',#2416);
#100=PLANE('',#2417);
#101=PLANE('',#2430);
#102=PLANE('',#2432);
#103=PLANE('',#2435);
#104=PLANE('',#2436);
#105=PLANE('',#2437);
#106=PLANE('',#2438);
#107=PLANE('',#2440);
#108=PLANE('',#2443);
#109=PLANE('',#2446);
#110=PLANE('',#2447);
#111=PLANE('',#2448);
#112=PLANE('',#2450);
#113=PLANE('',#2452);
#114=PLANE('',#2454);
#115=PLANE('',#2456);
#116=PLANE('',#2457);
#117=PLANE('',#2458);
#118=LINE('',#3102,#265);
#119=LINE('',#3106,#266);
#120=LINE('',#3133,#267);
#121=LINE('',#3144,#268);
#122=LINE('',#3167,#269);
#123=LINE('',#3169,#270);
#124=LINE('',#3171,#271);
#125=LINE('',#3173,#272);
#126=LINE('',#3175,#273);
#127=LINE('',#3177,#274);
#128=LINE('',#3179,#275);
#129=LINE('',#3181,#276);
#130=LINE('',#3183,#277);
#131=LINE('',#3185,#278);
#132=LINE('',#3186,#279);
#133=LINE('',#3188,#280);
#134=LINE('',#3192,#281);
#135=LINE('',#3195,#282);
#136=LINE('',#3197,#283);
#137=LINE('',#3199,#284);
#138=LINE('',#3201,#285);
#139=LINE('',#3203,#286);
#140=LINE('',#3205,#287);
#141=LINE('',#3206,#288);
#142=LINE('',#3208,#289);
#143=LINE('',#3213,#290);
#144=LINE('',#3215,#291);
#145=LINE('',#3217,#292);
#146=LINE('',#3219,#293);
#147=LINE('',#3224,#294);
#148=LINE('',#3226,#295);
#149=LINE('',#3228,#296);
#150=LINE('',#3230,#297);
#151=LINE('',#3247,#298);
#152=LINE('',#3251,#299);
#153=LINE('',#3255,#300);
#154=LINE('',#3260,#301);
#155=LINE('',#3264,#302);
#156=LINE('',#3268,#303);
#157=LINE('',#3272,#304);
#158=LINE('',#3276,#305);
#159=LINE('',#3282,#306);
#160=LINE('',#3283,#307);
#161=LINE('',#3294,#308);
#162=LINE('',#3296,#309);
#163=LINE('',#3303,#310);
#164=LINE('',#3310,#311);
#165=LINE('',#3317,#312);
#166=LINE('',#3319,#313);
#167=LINE('',#3321,#314);
#168=LINE('',#3330,#315);
#169=LINE('',#3332,#316);
#170=LINE('',#3334,#317);
#171=LINE('',#3341,#318);
#172=LINE('',#3348,#319);
#173=LINE('',#3355,#320);
#174=LINE('',#3357,#321);
#175=LINE('',#3359,#322);
#176=LINE('',#3368,#323);
#177=LINE('',#3370,#324);
#178=LINE('',#3396,#325);
#179=LINE('',#3401,#326);
#180=LINE('',#3403,#327);
#181=LINE('',#3407,#328);
#182=LINE('',#3409,#329);
#183=LINE('',#3414,#330);
#184=LINE('',#3416,#331);
#185=LINE('',#3420,#332);
#186=LINE('',#3438,#333);
#187=LINE('',#3447,#334);
#188=LINE('',#3454,#335);
#189=LINE('',#3458,#336);
#190=LINE('',#3465,#337);
#191=LINE('',#3474,#338);
#192=LINE('',#3488,#339);
#193=LINE('',#3495,#340);
#194=LINE('',#3499,#341);
#195=LINE('',#3506,#342);
#196=LINE('',#3802,#343);
#197=LINE('',#3806,#344);
#198=LINE('',#3809,#345);
#199=LINE('',#3810,#346);
#200=LINE('',#3814,#347);
#201=LINE('',#3817,#348);
#202=LINE('',#3828,#349);
#203=LINE('',#3835,#350);
#204=LINE('',#3837,#351);
#205=LINE('',#3838,#352);
#206=LINE('',#3840,#353);
#207=LINE('',#3842,#354);
#208=LINE('',#3843,#355);
#209=LINE('',#3849,#356);
#210=LINE('',#3851,#357);
#211=LINE('',#3854,#358);
#212=LINE('',#3855,#359);
#213=LINE('',#3858,#360);
#214=LINE('',#3859,#361);
#215=LINE('',#3862,#362);
#216=LINE('',#3869,#363);
#217=LINE('',#3871,#364);
#218=LINE('',#3872,#365);
#219=LINE('',#3874,#366);
#220=LINE('',#3876,#367);
#221=LINE('',#3877,#368);
#222=LINE('',#3883,#369);
#223=LINE('',#3885,#370);
#224=LINE('',#3888,#371);
#225=LINE('',#3889,#372);
#226=LINE('',#3891,#373);
#227=LINE('',#3894,#374);
#228=LINE('',#3896,#375);
#229=LINE('',#3897,#376);
#230=LINE('',#3900,#377);
#231=LINE('',#3902,#378);
#232=LINE('',#3903,#379);
#233=LINE('',#3906,#380);
#234=LINE('',#3908,#381);
#235=LINE('',#3909,#382);
#236=LINE('',#3912,#383);
#237=LINE('',#3914,#384);
#238=LINE('',#3916,#385);
#239=LINE('',#3918,#386);
#240=LINE('',#3967,#387);
#241=LINE('',#3969,#388);
#242=LINE('',#3970,#389);
#243=LINE('',#3972,#390);
#244=LINE('',#3974,#391);
#245=LINE('',#3975,#392);
#246=LINE('',#3977,#393);
#247=LINE('',#3979,#394);
#248=LINE('',#3980,#395);
#249=LINE('',#3992,#396);
#250=LINE('',#3994,#397);
#251=LINE('',#3995,#398);
#252=LINE('',#4004,#399);
#253=LINE('',#4005,#400);
#254=LINE('',#4007,#401);
#255=LINE('',#4010,#402);
#256=LINE('',#4012,#403);
#257=LINE('',#4014,#404);
#258=LINE('',#4018,#405);
#259=LINE('',#4024,#406);
#260=LINE('',#4026,#407);
#261=LINE('',#4027,#408);
#262=LINE('',#4029,#409);
#263=LINE('',#4032,#410);
#264=LINE('',#4034,#411);
#265=VECTOR('',#2483,1.);
#266=VECTOR('',#2488,1.);
#267=VECTOR('',#2497,1.);
#268=VECTOR('',#2504,1.);
#269=VECTOR('',#2511,1.);
#270=VECTOR('',#2514,1.);
#271=VECTOR('',#2515,1.);
#272=VECTOR('',#2516,1.);
#273=VECTOR('',#2517,1.);
#274=VECTOR('',#2518,1.);
#275=VECTOR('',#2519,1.);
#276=VECTOR('',#2520,1.);
#277=VECTOR('',#2521,1.);
#278=VECTOR('',#2522,1.);
#279=VECTOR('',#2523,1.);
#280=VECTOR('',#2524,1.);
#281=VECTOR('',#2529,1.);
#282=VECTOR('',#2530,1.);
#283=VECTOR('',#2531,1.);
#284=VECTOR('',#2532,1.);
#285=VECTOR('',#2533,1.);
#286=VECTOR('',#2534,1.);
#287=VECTOR('',#2535,1.);
#288=VECTOR('',#2536,1.);
#289=VECTOR('',#2539,1.);
#290=VECTOR('',#2542,1.);
#291=VECTOR('',#2543,1.);
#292=VECTOR('',#2546,1.);
#293=VECTOR('',#2549,1.);
#294=VECTOR('',#2552,1.);
#295=VECTOR('',#2555,1.);
#296=VECTOR('',#2556,1.);
#297=VECTOR('',#2559,1.);
#298=VECTOR('',#2570,1.);
#299=VECTOR('',#2573,1.);
#300=VECTOR('',#2576,1.);
#301=VECTOR('',#2581,1.);
#302=VECTOR('',#2584,1.);
#303=VECTOR('',#2589,1.);
#304=VECTOR('',#2592,1.);
#305=VECTOR('',#2597,1.);
#306=VECTOR('',#2602,1.);
#307=VECTOR('',#2603,1.);
#308=VECTOR('',#2604,1.);
#309=VECTOR('',#2607,1.);
#310=VECTOR('',#2612,1.);
#311=VECTOR('',#2613,1.);
#312=VECTOR('',#2620,1.);
#313=VECTOR('',#2621,1.);
#314=VECTOR('',#2622,1.);
#315=VECTOR('',#2625,1.);
#316=VECTOR('',#2626,1.);
#317=VECTOR('',#2629,1.);
#318=VECTOR('',#2634,1.);
#319=VECTOR('',#2635,1.);
#320=VECTOR('',#2642,1.);
#321=VECTOR('',#2643,1.);
#322=VECTOR('',#2644,1.);
#323=VECTOR('',#2647,1.);
#324=VECTOR('',#2648,1.);
#325=VECTOR('',#2667,1.);
#326=VECTOR('',#2670,1.);
#327=VECTOR('',#2671,1.);
#328=VECTOR('',#2674,1.);
#329=VECTOR('',#2677,1.);
#330=VECTOR('',#2680,1.);
#331=VECTOR('',#2681,1.);
#332=VECTOR('',#2684,1.);
#333=VECTOR('',#2693,1.);
#334=VECTOR('',#2700,1.);
#335=VECTOR('',#2701,1.);
#336=VECTOR('',#2704,1.);
#337=VECTOR('',#2707,1.);
#338=VECTOR('',#2716,1.);
#339=VECTOR('',#2729,1.);
#340=VECTOR('',#2730,1.);
#341=VECTOR('',#2733,1.);
#342=VECTOR('',#2734,1.);
#343=VECTOR('',#2819,1.);
#344=VECTOR('',#2822,1.);
#345=VECTOR('',#2825,1.);
#346=VECTOR('',#2826,1.);
#347=VECTOR('',#2829,1.);
#348=VECTOR('',#2832,1.);
#349=VECTOR('',#2849,1.);
#350=VECTOR('',#2854,1.);
#351=VECTOR('',#2855,1.);
#352=VECTOR('',#2856,1.);
#353=VECTOR('',#2859,1.);
#354=VECTOR('',#2860,1.);
#355=VECTOR('',#2861,1.);
#356=VECTOR('',#2868,1.);
#357=VECTOR('',#2869,1.);
#358=VECTOR('',#2874,1.);
#359=VECTOR('',#2875,1.);
#360=VECTOR('',#2880,1.);
#361=VECTOR('',#2881,1.);
#362=VECTOR('',#2886,1.);
#363=VECTOR('',#2891,1.);
#364=VECTOR('',#2892,1.);
#365=VECTOR('',#2893,1.);
#366=VECTOR('',#2896,1.);
#367=VECTOR('',#2897,1.);
#368=VECTOR('',#2898,1.);
#369=VECTOR('',#2905,1.);
#370=VECTOR('',#2906,1.);
#371=VECTOR('',#2911,1.);
#372=VECTOR('',#2912,1.);
#373=VECTOR('',#2915,1.);
#374=VECTOR('',#2920,1.);
#375=VECTOR('',#2923,1.);
#376=VECTOR('',#2924,1.);
#377=VECTOR('',#2929,1.);
#378=VECTOR('',#2932,1.);
#379=VECTOR('',#2933,1.);
#380=VECTOR('',#2938,1.);
#381=VECTOR('',#2941,1.);
#382=VECTOR('',#2942,1.);
#383=VECTOR('',#2947,1.);
#384=VECTOR('',#2950,1.);
#385=VECTOR('',#2953,1.);
#386=VECTOR('',#2956,1.);
#387=VECTOR('',#2983,1.);
#388=VECTOR('',#2984,1.);
#389=VECTOR('',#2985,1.);
#390=VECTOR('',#2986,1.);
#391=VECTOR('',#2989,1.);
#392=VECTOR('',#2990,1.);
#393=VECTOR('',#2993,1.);
#394=VECTOR('',#2996,1.);
#395=VECTOR('',#2997,1.);
#396=VECTOR('',#3008,1.);
#397=VECTOR('',#3009,1.);
#398=VECTOR('',#3010,1.);
#399=VECTOR('',#3015,1.);
#400=VECTOR('',#3016,1.);
#401=VECTOR('',#3017,1.);
#402=VECTOR('',#3022,1.);
#403=VECTOR('',#3023,1.);
#404=VECTOR('',#3026,1.);
#405=VECTOR('',#3031,1.);
#406=VECTOR('',#3040,1.);
#407=VECTOR('',#3041,1.);
#408=VECTOR('',#3042,1.);
#409=VECTOR('',#3043,1.);
#410=VECTOR('',#3048,1.);
#411=VECTOR('',#3051,1.);
#412=CIRCLE('',#2245,0.00375);
#413=CIRCLE('',#2246,0.00375);
#414=CIRCLE('',#2248,0.00375);
#415=CIRCLE('',#2249,0.00375);
#416=CIRCLE('',#2251,0.00375);
#417=CIRCLE('',#2252,0.00375);
#418=CIRCLE('',#2253,0.00375);
#419=CIRCLE('',#2255,0.00192);
#420=CIRCLE('',#2257,0.00192);
#421=CIRCLE('',#2260,0.00105);
#422=CIRCLE('',#2268,0.00375);
#423=CIRCLE('',#2269,0.00375);
#424=CIRCLE('',#2270,0.00375);
#425=CIRCLE('',#2272,0.001);
#426=CIRCLE('',#2273,0.001);
#427=CIRCLE('',#2274,0.002);
#428=CIRCLE('',#2276,0.00175);
#429=CIRCLE('',#2277,0.001);
#430=CIRCLE('',#2279,0.003);
#431=CIRCLE('',#2280,0.00335);
#432=CIRCLE('',#2282,0.001);
#433=CIRCLE('',#2286,0.0005);
#434=CIRCLE('',#2287,0.001);
#435=CIRCLE('',#2289,0.001);
#436=CIRCLE('',#2290,0.0005);
#437=CIRCLE('',#2293,0.0005);
#438=CIRCLE('',#2294,0.001);
#439=CIRCLE('',#2296,0.001);
#440=CIRCLE('',#2297,0.0005);
#441=CIRCLE('',#2300,0.003);
#442=CIRCLE('',#2302,0.003);
#443=CIRCLE('',#2303,0.003);
#444=CIRCLE('',#2305,0.007);
#445=CIRCLE('',#2306,0.007);
#446=CIRCLE('',#2308,0.0035);
#447=CIRCLE('',#2309,0.00325);
#448=CIRCLE('',#2311,0.0035);
#449=CIRCLE('',#2312,0.00325);
#450=CIRCLE('',#2314,0.007);
#451=CIRCLE('',#2315,0.007);
#452=CIRCLE('',#2317,0.00335410196624968);
#453=CIRCLE('',#2318,0.00685410196624968);
#454=CIRCLE('',#2319,0.00335410196624968);
#455=CIRCLE('',#2320,0.004);
#456=CIRCLE('',#2330,0.00685410196624968);
#457=CIRCLE('',#2331,0.00335410196624968);
#458=CIRCLE('',#2332,0.004);
#459=CIRCLE('',#2333,0.00335410196624968);
#460=CIRCLE('',#2347,0.0035);
#461=CIRCLE('',#2348,0.0035);
#462=CIRCLE('',#2349,0.0035);
#463=CIRCLE('',#2351,0.0035);
#464=CIRCLE('',#2352,0.0035);
#465=CIRCLE('',#2354,0.0035);
#466=CIRCLE('',#2356,0.0035);
#467=CIRCLE('',#2357,0.0035);
#468=CIRCLE('',#2358,0.0035);
#469=CIRCLE('',#2360,0.0035);
#470=CIRCLE('',#2361,0.0035);
#471=CIRCLE('',#2363,0.0035);
#472=CIRCLE('',#2365,0.0035);
#473=CIRCLE('',#2367,0.0035);
#474=CIRCLE('',#2370,0.0035);
#475=CIRCLE('',#2372,0.0035);
#476=CIRCLE('',#2375,0.00324999999999996);
#477=CIRCLE('',#2376,0.00325);
#478=CIRCLE('',#2377,0.00325000000000004);
#479=CIRCLE('',#2378,0.00325);
#480=CIRCLE('',#2381,0.00375);
#481=CIRCLE('',#2382,0.00375);
#482=CIRCLE('',#2387,0.0005);
#483=CIRCLE('',#2388,0.001);
#484=CIRCLE('',#2391,0.001);
#485=CIRCLE('',#2392,0.0005);
#486=CIRCLE('',#2399,0.0005);
#487=CIRCLE('',#2400,0.001);
#488=CIRCLE('',#2403,0.001);
#489=CIRCLE('',#2404,0.0005);
#490=CIRCLE('',#2427,0.00192);
#491=CIRCLE('',#2429,0.00192);
#492=CIRCLE('',#2431,0.00105);
#493=CIRCLE('',#2441,0.0004);
#494=CIRCLE('',#2442,0.00015);
#495=CIRCLE('',#2444,0.0004);
#496=CIRCLE('',#2445,0.00015);
#497=CIRCLE('',#2460,0.002);
#498=CIRCLE('',#2463,0.00015);
#499=CIRCLE('',#2466,0.0015);
#500=CIRCLE('',#2468,0.0015);
#501=CIRCLE('',#2471,0.00347108004759174);
#502=CIRCLE('',#2472,0.0003);
#503=CIRCLE('',#2474,0.0003);
#504=ORIENTED_EDGE('',*,*,#1172,.F.);
#505=ORIENTED_EDGE('',*,*,#1173,.T.);
#506=ORIENTED_EDGE('',*,*,#1174,.F.);
#507=ORIENTED_EDGE('',*,*,#1175,.T.);
#508=ORIENTED_EDGE('',*,*,#1176,.F.);
#509=ORIENTED_EDGE('',*,*,#1177,.T.);
#510=ORIENTED_EDGE('',*,*,#1178,.F.);
#511=ORIENTED_EDGE('',*,*,#1179,.F.);
#512=ORIENTED_EDGE('',*,*,#1180,.T.);
#513=ORIENTED_EDGE('',*,*,#1181,.F.);
#514=ORIENTED_EDGE('',*,*,#1182,.T.);
#515=ORIENTED_EDGE('',*,*,#1183,.T.);
#516=ORIENTED_EDGE('',*,*,#1184,.T.);
#517=ORIENTED_EDGE('',*,*,#1185,.T.);
#518=ORIENTED_EDGE('',*,*,#1186,.F.);
#519=ORIENTED_EDGE('',*,*,#1187,.T.);
#520=ORIENTED_EDGE('',*,*,#1188,.T.);
#521=ORIENTED_EDGE('',*,*,#1172,.T.);
#522=ORIENTED_EDGE('',*,*,#1189,.F.);
#523=ORIENTED_EDGE('',*,*,#1190,.F.);
#524=ORIENTED_EDGE('',*,*,#1191,.F.);
#525=ORIENTED_EDGE('',*,*,#1192,.F.);
#526=ORIENTED_EDGE('',*,*,#1193,.T.);
#527=ORIENTED_EDGE('',*,*,#1186,.T.);
#528=ORIENTED_EDGE('',*,*,#1178,.T.);
#529=ORIENTED_EDGE('',*,*,#1194,.T.);
#530=ORIENTED_EDGE('',*,*,#1195,.F.);
#531=ORIENTED_EDGE('',*,*,#1196,.F.);
#532=ORIENTED_EDGE('',*,*,#1197,.F.);
#533=ORIENTED_EDGE('',*,*,#1198,.T.);
#534=ORIENTED_EDGE('',*,*,#1199,.F.);
#535=ORIENTED_EDGE('',*,*,#1200,.F.);
#536=ORIENTED_EDGE('',*,*,#1201,.F.);
#537=ORIENTED_EDGE('',*,*,#1202,.T.);
#538=ORIENTED_EDGE('',*,*,#1181,.T.);
#539=ORIENTED_EDGE('',*,*,#1193,.F.);
#540=ORIENTED_EDGE('',*,*,#1203,.F.);
#541=ORIENTED_EDGE('',*,*,#1204,.F.);
#542=ORIENTED_EDGE('',*,*,#1205,.T.);
#543=ORIENTED_EDGE('',*,*,#1206,.F.);
#544=ORIENTED_EDGE('',*,*,#1207,.T.);
#545=ORIENTED_EDGE('',*,*,#1208,.F.);
#546=ORIENTED_EDGE('',*,*,#1209,.F.);
#547=ORIENTED_EDGE('',*,*,#1210,.F.);
#548=ORIENTED_EDGE('',*,*,#1211,.F.);
#549=ORIENTED_EDGE('',*,*,#1212,.F.);
#550=ORIENTED_EDGE('',*,*,#1198,.F.);
#551=ORIENTED_EDGE('',*,*,#1213,.F.);
#552=ORIENTED_EDGE('',*,*,#1214,.T.);
#553=ORIENTED_EDGE('',*,*,#1215,.T.);
#554=ORIENTED_EDGE('',*,*,#1216,.F.);
#555=ORIENTED_EDGE('',*,*,#1217,.F.);
#556=ORIENTED_EDGE('',*,*,#1197,.T.);
#557=ORIENTED_EDGE('',*,*,#1218,.T.);
#558=ORIENTED_EDGE('',*,*,#1213,.T.);
#559=ORIENTED_EDGE('',*,*,#1219,.F.);
#560=ORIENTED_EDGE('',*,*,#1220,.T.);
#561=ORIENTED_EDGE('',*,*,#1221,.T.);
#562=ORIENTED_EDGE('',*,*,#1222,.T.);
#563=ORIENTED_EDGE('',*,*,#1223,.T.);
#564=ORIENTED_EDGE('',*,*,#1199,.T.);
#565=ORIENTED_EDGE('',*,*,#1212,.T.);
#566=ORIENTED_EDGE('',*,*,#1224,.T.);
#567=ORIENTED_EDGE('',*,*,#1225,.T.);
#568=ORIENTED_EDGE('',*,*,#1226,.F.);
#569=ORIENTED_EDGE('',*,*,#1227,.T.);
#570=ORIENTED_EDGE('',*,*,#1228,.T.);
#571=ORIENTED_EDGE('',*,*,#1229,.T.);
#572=ORIENTED_EDGE('',*,*,#1230,.T.);
#573=ORIENTED_EDGE('',*,*,#1231,.T.);
#574=ORIENTED_EDGE('',*,*,#1232,.F.);
#575=ORIENTED_EDGE('',*,*,#1233,.T.);
#576=ORIENTED_EDGE('',*,*,#1234,.F.);
#577=ORIENTED_EDGE('',*,*,#1235,.T.);
#578=ORIENTED_EDGE('',*,*,#1236,.T.);
#579=ORIENTED_EDGE('',*,*,#1237,.T.);
#580=ORIENTED_EDGE('',*,*,#1238,.T.);
#581=ORIENTED_EDGE('',*,*,#1239,.F.);
#582=ORIENTED_EDGE('',*,*,#1240,.F.);
#583=ORIENTED_EDGE('',*,*,#1241,.T.);
#584=ORIENTED_EDGE('',*,*,#1187,.F.);
#585=ORIENTED_EDGE('',*,*,#1242,.F.);
#586=ORIENTED_EDGE('',*,*,#1243,.T.);
#587=ORIENTED_EDGE('',*,*,#1231,.F.);
#588=ORIENTED_EDGE('',*,*,#1244,.T.);
#589=ORIENTED_EDGE('',*,*,#1245,.T.);
#590=ORIENTED_EDGE('',*,*,#1246,.T.);
#591=ORIENTED_EDGE('',*,*,#1247,.T.);
#592=ORIENTED_EDGE('',*,*,#1229,.F.);
#593=ORIENTED_EDGE('',*,*,#1248,.F.);
#594=ORIENTED_EDGE('',*,*,#1249,.T.);
#595=ORIENTED_EDGE('',*,*,#1237,.F.);
#596=ORIENTED_EDGE('',*,*,#1250,.T.);
#597=ORIENTED_EDGE('',*,*,#1251,.F.);
#598=ORIENTED_EDGE('',*,*,#1252,.T.);
#599=ORIENTED_EDGE('',*,*,#1253,.T.);
#600=ORIENTED_EDGE('',*,*,#1254,.T.);
#601=ORIENTED_EDGE('',*,*,#1255,.F.);
#602=ORIENTED_EDGE('',*,*,#1256,.T.);
#603=ORIENTED_EDGE('',*,*,#1257,.F.);
#604=ORIENTED_EDGE('',*,*,#1258,.T.);
#605=ORIENTED_EDGE('',*,*,#1259,.T.);
#606=ORIENTED_EDGE('',*,*,#1260,.F.);
#607=ORIENTED_EDGE('',*,*,#1261,.F.);
#608=ORIENTED_EDGE('',*,*,#1262,.F.);
#609=ORIENTED_EDGE('',*,*,#1263,.T.);
#610=ORIENTED_EDGE('',*,*,#1264,.T.);
#611=ORIENTED_EDGE('',*,*,#1265,.T.);
#612=ORIENTED_EDGE('',*,*,#1266,.T.);
#613=ORIENTED_EDGE('',*,*,#1267,.T.);
#614=ORIENTED_EDGE('',*,*,#1268,.T.);
#615=ORIENTED_EDGE('',*,*,#1269,.T.);
#616=ORIENTED_EDGE('',*,*,#1270,.F.);
#617=ORIENTED_EDGE('',*,*,#1271,.T.);
#618=ORIENTED_EDGE('',*,*,#1272,.F.);
#619=ORIENTED_EDGE('',*,*,#1273,.T.);
#620=ORIENTED_EDGE('',*,*,#1274,.T.);
#621=ORIENTED_EDGE('',*,*,#1275,.F.);
#622=ORIENTED_EDGE('',*,*,#1276,.F.);
#623=ORIENTED_EDGE('',*,*,#1277,.F.);
#624=ORIENTED_EDGE('',*,*,#1278,.T.);
#625=ORIENTED_EDGE('',*,*,#1279,.T.);
#626=ORIENTED_EDGE('',*,*,#1280,.T.);
#627=ORIENTED_EDGE('',*,*,#1281,.T.);
#628=ORIENTED_EDGE('',*,*,#1282,.T.);
#629=ORIENTED_EDGE('',*,*,#1239,.T.);
#630=ORIENTED_EDGE('',*,*,#1283,.T.);
#631=ORIENTED_EDGE('',*,*,#1284,.F.);
#632=ORIENTED_EDGE('',*,*,#1285,.F.);
#633=ORIENTED_EDGE('',*,*,#1286,.T.);
#634=ORIENTED_EDGE('',*,*,#1287,.F.);
#635=ORIENTED_EDGE('',*,*,#1288,.T.);
#636=ORIENTED_EDGE('',*,*,#1282,.F.);
#637=ORIENTED_EDGE('',*,*,#1289,.T.);
#638=ORIENTED_EDGE('',*,*,#1290,.T.);
#639=ORIENTED_EDGE('',*,*,#1291,.T.);
#640=ORIENTED_EDGE('',*,*,#1292,.T.);
#641=ORIENTED_EDGE('',*,*,#1293,.T.);
#642=ORIENTED_EDGE('',*,*,#1294,.T.);
#643=ORIENTED_EDGE('',*,*,#1283,.F.);
#644=ORIENTED_EDGE('',*,*,#1295,.T.);
#645=ORIENTED_EDGE('',*,*,#1296,.T.);
#646=ORIENTED_EDGE('',*,*,#1297,.T.);
#647=ORIENTED_EDGE('',*,*,#1298,.T.);
#648=ORIENTED_EDGE('',*,*,#1299,.F.);
#649=ORIENTED_EDGE('',*,*,#1300,.T.);
#650=ORIENTED_EDGE('',*,*,#1301,.F.);
#651=ORIENTED_EDGE('',*,*,#1302,.T.);
#652=ORIENTED_EDGE('',*,*,#1303,.F.);
#653=ORIENTED_EDGE('',*,*,#1304,.T.);
#654=ORIENTED_EDGE('',*,*,#1243,.F.);
#655=ORIENTED_EDGE('',*,*,#1305,.T.);
#656=ORIENTED_EDGE('',*,*,#1306,.T.);
#657=ORIENTED_EDGE('',*,*,#1307,.T.);
#658=ORIENTED_EDGE('',*,*,#1308,.T.);
#659=ORIENTED_EDGE('',*,*,#1309,.T.);
#660=ORIENTED_EDGE('',*,*,#1310,.T.);
#661=ORIENTED_EDGE('',*,*,#1311,.T.);
#662=ORIENTED_EDGE('',*,*,#1312,.T.);
#663=ORIENTED_EDGE('',*,*,#1313,.T.);
#664=ORIENTED_EDGE('',*,*,#1314,.T.);
#665=ORIENTED_EDGE('',*,*,#1315,.T.);
#666=ORIENTED_EDGE('',*,*,#1316,.T.);
#667=ORIENTED_EDGE('',*,*,#1317,.T.);
#668=ORIENTED_EDGE('',*,*,#1318,.T.);
#669=ORIENTED_EDGE('',*,*,#1319,.T.);
#670=ORIENTED_EDGE('',*,*,#1320,.T.);
#671=ORIENTED_EDGE('',*,*,#1321,.F.);
#672=ORIENTED_EDGE('',*,*,#1322,.T.);
#673=ORIENTED_EDGE('',*,*,#1323,.T.);
#674=ORIENTED_EDGE('',*,*,#1324,.T.);
#675=ORIENTED_EDGE('',*,*,#1325,.T.);
#676=ORIENTED_EDGE('',*,*,#1326,.T.);
#677=ORIENTED_EDGE('',*,*,#1327,.T.);
#678=ORIENTED_EDGE('',*,*,#1328,.T.);
#679=ORIENTED_EDGE('',*,*,#1329,.T.);
#680=ORIENTED_EDGE('',*,*,#1330,.T.);
#681=ORIENTED_EDGE('',*,*,#1331,.T.);
#682=ORIENTED_EDGE('',*,*,#1332,.T.);
#683=ORIENTED_EDGE('',*,*,#1321,.T.);
#684=ORIENTED_EDGE('',*,*,#1333,.T.);
#685=ORIENTED_EDGE('',*,*,#1329,.F.);
#686=ORIENTED_EDGE('',*,*,#1334,.T.);
#687=ORIENTED_EDGE('',*,*,#1303,.T.);
#688=ORIENTED_EDGE('',*,*,#1335,.T.);
#689=ORIENTED_EDGE('',*,*,#1311,.F.);
#690=ORIENTED_EDGE('',*,*,#1336,.T.);
#691=ORIENTED_EDGE('',*,*,#1317,.F.);
#692=ORIENTED_EDGE('',*,*,#1337,.T.);
#693=ORIENTED_EDGE('',*,*,#1313,.F.);
#694=ORIENTED_EDGE('',*,*,#1338,.T.);
#695=ORIENTED_EDGE('',*,*,#1287,.T.);
#696=ORIENTED_EDGE('',*,*,#1339,.T.);
#697=ORIENTED_EDGE('',*,*,#1327,.F.);
#698=ORIENTED_EDGE('',*,*,#1340,.T.);
#699=ORIENTED_EDGE('',*,*,#1302,.F.);
#700=ORIENTED_EDGE('',*,*,#1341,.T.);
#701=ORIENTED_EDGE('',*,*,#1288,.F.);
#702=ORIENTED_EDGE('',*,*,#1338,.F.);
#703=ORIENTED_EDGE('',*,*,#1312,.F.);
#704=ORIENTED_EDGE('',*,*,#1335,.F.);
#705=ORIENTED_EDGE('',*,*,#1286,.F.);
#706=ORIENTED_EDGE('',*,*,#1342,.T.);
#707=ORIENTED_EDGE('',*,*,#1304,.F.);
#708=ORIENTED_EDGE('',*,*,#1334,.F.);
#709=ORIENTED_EDGE('',*,*,#1328,.F.);
#710=ORIENTED_EDGE('',*,*,#1339,.F.);
#711=ORIENTED_EDGE('',*,*,#1263,.F.);
#712=ORIENTED_EDGE('',*,*,#1343,.F.);
#713=ORIENTED_EDGE('',*,*,#1344,.F.);
#714=ORIENTED_EDGE('',*,*,#1345,.T.);
#715=ORIENTED_EDGE('',*,*,#1294,.F.);
#716=ORIENTED_EDGE('',*,*,#1346,.F.);
#717=ORIENTED_EDGE('',*,*,#1292,.F.);
#718=ORIENTED_EDGE('',*,*,#1347,.T.);
#719=ORIENTED_EDGE('',*,*,#1348,.F.);
#720=ORIENTED_EDGE('',*,*,#1349,.T.);
#721=ORIENTED_EDGE('',*,*,#1300,.F.);
#722=ORIENTED_EDGE('',*,*,#1350,.F.);
#723=ORIENTED_EDGE('',*,*,#1298,.F.);
#724=ORIENTED_EDGE('',*,*,#1351,.T.);
#725=ORIENTED_EDGE('',*,*,#1278,.F.);
#726=ORIENTED_EDGE('',*,*,#1352,.F.);
#727=ORIENTED_EDGE('',*,*,#1291,.F.);
#728=ORIENTED_EDGE('',*,*,#1353,.T.);
#729=ORIENTED_EDGE('',*,*,#1305,.F.);
#730=ORIENTED_EDGE('',*,*,#1354,.F.);
#731=ORIENTED_EDGE('',*,*,#1256,.F.);
#732=ORIENTED_EDGE('',*,*,#1355,.F.);
#733=ORIENTED_EDGE('',*,*,#1356,.T.);
#734=ORIENTED_EDGE('',*,*,#1264,.F.);
#735=ORIENTED_EDGE('',*,*,#1347,.F.);
#736=ORIENTED_EDGE('',*,*,#1354,.T.);
#737=ORIENTED_EDGE('',*,*,#1314,.F.);
#738=ORIENTED_EDGE('',*,*,#1337,.F.);
#739=ORIENTED_EDGE('',*,*,#1316,.F.);
#740=ORIENTED_EDGE('',*,*,#1357,.F.);
#741=ORIENTED_EDGE('',*,*,#1358,.F.);
#742=ORIENTED_EDGE('',*,*,#1359,.F.);
#743=ORIENTED_EDGE('',*,*,#1360,.F.);
#744=ORIENTED_EDGE('',*,*,#1357,.T.);
#745=ORIENTED_EDGE('',*,*,#1315,.F.);
#746=ORIENTED_EDGE('',*,*,#1361,.F.);
#747=ORIENTED_EDGE('',*,*,#1362,.F.);
#748=ORIENTED_EDGE('',*,*,#1363,.F.);
#749=ORIENTED_EDGE('',*,*,#1361,.T.);
#750=ORIENTED_EDGE('',*,*,#1318,.F.);
#751=ORIENTED_EDGE('',*,*,#1340,.F.);
#752=ORIENTED_EDGE('',*,*,#1326,.F.);
#753=ORIENTED_EDGE('',*,*,#1364,.F.);
#754=ORIENTED_EDGE('',*,*,#1349,.F.);
#755=ORIENTED_EDGE('',*,*,#1365,.F.);
#756=ORIENTED_EDGE('',*,*,#1366,.F.);
#757=ORIENTED_EDGE('',*,*,#1367,.F.);
#758=ORIENTED_EDGE('',*,*,#1368,.F.);
#759=ORIENTED_EDGE('',*,*,#1325,.F.);
#760=ORIENTED_EDGE('',*,*,#1369,.T.);
#761=ORIENTED_EDGE('',*,*,#1295,.F.);
#762=ORIENTED_EDGE('',*,*,#1364,.T.);
#763=ORIENTED_EDGE('',*,*,#1297,.F.);
#764=ORIENTED_EDGE('',*,*,#1370,.T.);
#765=ORIENTED_EDGE('',*,*,#1331,.F.);
#766=ORIENTED_EDGE('',*,*,#1371,.F.);
#767=ORIENTED_EDGE('',*,*,#1271,.F.);
#768=ORIENTED_EDGE('',*,*,#1372,.F.);
#769=ORIENTED_EDGE('',*,*,#1373,.T.);
#770=ORIENTED_EDGE('',*,*,#1279,.F.);
#771=ORIENTED_EDGE('',*,*,#1351,.F.);
#772=ORIENTED_EDGE('',*,*,#1371,.T.);
#773=ORIENTED_EDGE('',*,*,#1330,.F.);
#774=ORIENTED_EDGE('',*,*,#1333,.F.);
#775=ORIENTED_EDGE('',*,*,#1320,.F.);
#776=ORIENTED_EDGE('',*,*,#1374,.F.);
#777=ORIENTED_EDGE('',*,*,#1375,.F.);
#778=ORIENTED_EDGE('',*,*,#1376,.F.);
#779=ORIENTED_EDGE('',*,*,#1377,.F.);
#780=ORIENTED_EDGE('',*,*,#1374,.T.);
#781=ORIENTED_EDGE('',*,*,#1319,.F.);
#782=ORIENTED_EDGE('',*,*,#1378,.F.);
#783=ORIENTED_EDGE('',*,*,#1379,.F.);
#784=ORIENTED_EDGE('',*,*,#1380,.F.);
#785=ORIENTED_EDGE('',*,*,#1378,.T.);
#786=ORIENTED_EDGE('',*,*,#1322,.F.);
#787=ORIENTED_EDGE('',*,*,#1336,.F.);
#788=ORIENTED_EDGE('',*,*,#1310,.F.);
#789=ORIENTED_EDGE('',*,*,#1381,.F.);
#790=ORIENTED_EDGE('',*,*,#1345,.F.);
#791=ORIENTED_EDGE('',*,*,#1382,.F.);
#792=ORIENTED_EDGE('',*,*,#1383,.F.);
#793=ORIENTED_EDGE('',*,*,#1384,.F.);
#794=ORIENTED_EDGE('',*,*,#1385,.F.);
#795=ORIENTED_EDGE('',*,*,#1309,.F.);
#796=ORIENTED_EDGE('',*,*,#1386,.T.);
#797=ORIENTED_EDGE('',*,*,#1289,.F.);
#798=ORIENTED_EDGE('',*,*,#1381,.T.);
#799=ORIENTED_EDGE('',*,*,#1386,.F.);
#800=ORIENTED_EDGE('',*,*,#1308,.F.);
#801=ORIENTED_EDGE('',*,*,#1387,.F.);
#802=ORIENTED_EDGE('',*,*,#1387,.T.);
#803=ORIENTED_EDGE('',*,*,#1307,.F.);
#804=ORIENTED_EDGE('',*,*,#1388,.F.);
#805=ORIENTED_EDGE('',*,*,#1290,.F.);
#806=ORIENTED_EDGE('',*,*,#1306,.F.);
#807=ORIENTED_EDGE('',*,*,#1353,.F.);
#808=ORIENTED_EDGE('',*,*,#1388,.T.);
#809=ORIENTED_EDGE('',*,*,#1332,.F.);
#810=ORIENTED_EDGE('',*,*,#1370,.F.);
#811=ORIENTED_EDGE('',*,*,#1389,.F.);
#812=ORIENTED_EDGE('',*,*,#1389,.T.);
#813=ORIENTED_EDGE('',*,*,#1296,.F.);
#814=ORIENTED_EDGE('',*,*,#1390,.F.);
#815=ORIENTED_EDGE('',*,*,#1323,.F.);
#816=ORIENTED_EDGE('',*,*,#1390,.T.);
#817=ORIENTED_EDGE('',*,*,#1369,.F.);
#818=ORIENTED_EDGE('',*,*,#1324,.F.);
#819=ORIENTED_EDGE('',*,*,#1363,.T.);
#820=ORIENTED_EDGE('',*,*,#1391,.F.);
#821=ORIENTED_EDGE('',*,*,#1392,.F.);
#822=ORIENTED_EDGE('',*,*,#1393,.F.);
#823=ORIENTED_EDGE('',*,*,#1352,.T.);
#824=ORIENTED_EDGE('',*,*,#1277,.T.);
#825=ORIENTED_EDGE('',*,*,#1394,.T.);
#826=ORIENTED_EDGE('',*,*,#1395,.T.);
#827=ORIENTED_EDGE('',*,*,#1375,.T.);
#828=ORIENTED_EDGE('',*,*,#1377,.T.);
#829=ORIENTED_EDGE('',*,*,#1380,.T.);
#830=ORIENTED_EDGE('',*,*,#1396,.F.);
#831=ORIENTED_EDGE('',*,*,#1397,.T.);
#832=ORIENTED_EDGE('',*,*,#1398,.F.);
#833=ORIENTED_EDGE('',*,*,#1343,.T.);
#834=ORIENTED_EDGE('',*,*,#1262,.T.);
#835=ORIENTED_EDGE('',*,*,#1399,.T.);
#836=ORIENTED_EDGE('',*,*,#1400,.T.);
#837=ORIENTED_EDGE('',*,*,#1358,.T.);
#838=ORIENTED_EDGE('',*,*,#1360,.T.);
#839=ORIENTED_EDGE('',*,*,#1301,.T.);
#840=ORIENTED_EDGE('',*,*,#1342,.F.);
#841=ORIENTED_EDGE('',*,*,#1285,.T.);
#842=ORIENTED_EDGE('',*,*,#1341,.F.);
#843=ORIENTED_EDGE('',*,*,#1299,.T.);
#844=ORIENTED_EDGE('',*,*,#1350,.T.);
#845=ORIENTED_EDGE('',*,*,#1401,.T.);
#846=ORIENTED_EDGE('',*,*,#1402,.F.);
#847=ORIENTED_EDGE('',*,*,#1284,.T.);
#848=ORIENTED_EDGE('',*,*,#1401,.F.);
#849=ORIENTED_EDGE('',*,*,#1402,.T.);
#850=ORIENTED_EDGE('',*,*,#1346,.T.);
#851=ORIENTED_EDGE('',*,*,#1293,.F.);
#852=ORIENTED_EDGE('',*,*,#1403,.T.);
#853=ORIENTED_EDGE('',*,*,#1404,.T.);
#854=ORIENTED_EDGE('',*,*,#1405,.T.);
#855=ORIENTED_EDGE('',*,*,#1406,.F.);
#856=ORIENTED_EDGE('',*,*,#1407,.T.);
#857=ORIENTED_EDGE('',*,*,#1382,.T.);
#858=ORIENTED_EDGE('',*,*,#1344,.T.);
#859=ORIENTED_EDGE('',*,*,#1398,.T.);
#860=ORIENTED_EDGE('',*,*,#1408,.F.);
#861=ORIENTED_EDGE('',*,*,#1406,.T.);
#862=ORIENTED_EDGE('',*,*,#1409,.T.);
#863=ORIENTED_EDGE('',*,*,#1410,.F.);
#864=ORIENTED_EDGE('',*,*,#1384,.T.);
#865=ORIENTED_EDGE('',*,*,#1411,.T.);
#866=ORIENTED_EDGE('',*,*,#1412,.T.);
#867=ORIENTED_EDGE('',*,*,#1413,.T.);
#868=ORIENTED_EDGE('',*,*,#1414,.F.);
#869=ORIENTED_EDGE('',*,*,#1415,.F.);
#870=ORIENTED_EDGE('',*,*,#1385,.T.);
#871=ORIENTED_EDGE('',*,*,#1410,.T.);
#872=ORIENTED_EDGE('',*,*,#1411,.F.);
#873=ORIENTED_EDGE('',*,*,#1383,.T.);
#874=ORIENTED_EDGE('',*,*,#1407,.F.);
#875=ORIENTED_EDGE('',*,*,#1255,.T.);
#876=ORIENTED_EDGE('',*,*,#1416,.T.);
#877=ORIENTED_EDGE('',*,*,#1266,.F.);
#878=ORIENTED_EDGE('',*,*,#1417,.T.);
#879=ORIENTED_EDGE('',*,*,#1355,.T.);
#880=ORIENTED_EDGE('',*,*,#1356,.F.);
#881=ORIENTED_EDGE('',*,*,#1417,.F.);
#882=ORIENTED_EDGE('',*,*,#1265,.F.);
#883=ORIENTED_EDGE('',*,*,#1270,.T.);
#884=ORIENTED_EDGE('',*,*,#1418,.T.);
#885=ORIENTED_EDGE('',*,*,#1281,.F.);
#886=ORIENTED_EDGE('',*,*,#1419,.T.);
#887=ORIENTED_EDGE('',*,*,#1372,.T.);
#888=ORIENTED_EDGE('',*,*,#1373,.F.);
#889=ORIENTED_EDGE('',*,*,#1419,.F.);
#890=ORIENTED_EDGE('',*,*,#1280,.F.);
#891=ORIENTED_EDGE('',*,*,#1420,.T.);
#892=ORIENTED_EDGE('',*,*,#1421,.T.);
#893=ORIENTED_EDGE('',*,*,#1422,.T.);
#894=ORIENTED_EDGE('',*,*,#1423,.F.);
#895=ORIENTED_EDGE('',*,*,#1424,.T.);
#896=ORIENTED_EDGE('',*,*,#1365,.T.);
#897=ORIENTED_EDGE('',*,*,#1348,.T.);
#898=ORIENTED_EDGE('',*,*,#1393,.T.);
#899=ORIENTED_EDGE('',*,*,#1425,.F.);
#900=ORIENTED_EDGE('',*,*,#1423,.T.);
#901=ORIENTED_EDGE('',*,*,#1426,.T.);
#902=ORIENTED_EDGE('',*,*,#1427,.F.);
#903=ORIENTED_EDGE('',*,*,#1367,.T.);
#904=ORIENTED_EDGE('',*,*,#1428,.T.);
#905=ORIENTED_EDGE('',*,*,#1429,.T.);
#906=ORIENTED_EDGE('',*,*,#1430,.T.);
#907=ORIENTED_EDGE('',*,*,#1431,.F.);
#908=ORIENTED_EDGE('',*,*,#1432,.F.);
#909=ORIENTED_EDGE('',*,*,#1368,.T.);
#910=ORIENTED_EDGE('',*,*,#1427,.T.);
#911=ORIENTED_EDGE('',*,*,#1428,.F.);
#912=ORIENTED_EDGE('',*,*,#1366,.T.);
#913=ORIENTED_EDGE('',*,*,#1424,.F.);
#914=ORIENTED_EDGE('',*,*,#1414,.T.);
#915=ORIENTED_EDGE('',*,*,#1433,.T.);
#916=ORIENTED_EDGE('',*,*,#1403,.F.);
#917=ORIENTED_EDGE('',*,*,#1434,.F.);
#918=ORIENTED_EDGE('',*,*,#1379,.T.);
#919=ORIENTED_EDGE('',*,*,#1435,.F.);
#920=ORIENTED_EDGE('',*,*,#1396,.T.);
#921=ORIENTED_EDGE('',*,*,#1397,.F.);
#922=ORIENTED_EDGE('',*,*,#1435,.T.);
#923=ORIENTED_EDGE('',*,*,#1415,.T.);
#924=ORIENTED_EDGE('',*,*,#1434,.T.);
#925=ORIENTED_EDGE('',*,*,#1408,.T.);
#926=ORIENTED_EDGE('',*,*,#1376,.T.);
#927=ORIENTED_EDGE('',*,*,#1395,.F.);
#928=ORIENTED_EDGE('',*,*,#1436,.F.);
#929=ORIENTED_EDGE('',*,*,#1275,.T.);
#930=ORIENTED_EDGE('',*,*,#1437,.T.);
#931=ORIENTED_EDGE('',*,*,#1267,.F.);
#932=ORIENTED_EDGE('',*,*,#1438,.T.);
#933=ORIENTED_EDGE('',*,*,#1394,.F.);
#934=ORIENTED_EDGE('',*,*,#1276,.T.);
#935=ORIENTED_EDGE('',*,*,#1438,.F.);
#936=ORIENTED_EDGE('',*,*,#1272,.T.);
#937=ORIENTED_EDGE('',*,*,#1436,.T.);
#938=ORIENTED_EDGE('',*,*,#1362,.T.);
#939=ORIENTED_EDGE('',*,*,#1439,.F.);
#940=ORIENTED_EDGE('',*,*,#1391,.T.);
#941=ORIENTED_EDGE('',*,*,#1431,.T.);
#942=ORIENTED_EDGE('',*,*,#1440,.T.);
#943=ORIENTED_EDGE('',*,*,#1420,.F.);
#944=ORIENTED_EDGE('',*,*,#1441,.F.);
#945=ORIENTED_EDGE('',*,*,#1439,.T.);
#946=ORIENTED_EDGE('',*,*,#1432,.T.);
#947=ORIENTED_EDGE('',*,*,#1441,.T.);
#948=ORIENTED_EDGE('',*,*,#1425,.T.);
#949=ORIENTED_EDGE('',*,*,#1392,.T.);
#950=ORIENTED_EDGE('',*,*,#1359,.T.);
#951=ORIENTED_EDGE('',*,*,#1400,.F.);
#952=ORIENTED_EDGE('',*,*,#1442,.F.);
#953=ORIENTED_EDGE('',*,*,#1260,.T.);
#954=ORIENTED_EDGE('',*,*,#1443,.T.);
#955=ORIENTED_EDGE('',*,*,#1252,.F.);
#956=ORIENTED_EDGE('',*,*,#1444,.T.);
#957=ORIENTED_EDGE('',*,*,#1399,.F.);
#958=ORIENTED_EDGE('',*,*,#1261,.T.);
#959=ORIENTED_EDGE('',*,*,#1444,.F.);
#960=ORIENTED_EDGE('',*,*,#1257,.T.);
#961=ORIENTED_EDGE('',*,*,#1442,.T.);
#962=ORIENTED_EDGE('',*,*,#1429,.F.);
#963=ORIENTED_EDGE('',*,*,#1426,.F.);
#964=ORIENTED_EDGE('',*,*,#1422,.F.);
#965=ORIENTED_EDGE('',*,*,#1445,.F.);
#966=ORIENTED_EDGE('',*,*,#1273,.F.);
#967=ORIENTED_EDGE('',*,*,#1418,.F.);
#968=ORIENTED_EDGE('',*,*,#1269,.F.);
#969=ORIENTED_EDGE('',*,*,#1446,.F.);
#970=ORIENTED_EDGE('',*,*,#1412,.F.);
#971=ORIENTED_EDGE('',*,*,#1409,.F.);
#972=ORIENTED_EDGE('',*,*,#1405,.F.);
#973=ORIENTED_EDGE('',*,*,#1447,.F.);
#974=ORIENTED_EDGE('',*,*,#1258,.F.);
#975=ORIENTED_EDGE('',*,*,#1416,.F.);
#976=ORIENTED_EDGE('',*,*,#1254,.F.);
#977=ORIENTED_EDGE('',*,*,#1448,.F.);
#978=ORIENTED_EDGE('',*,*,#1430,.F.);
#979=ORIENTED_EDGE('',*,*,#1445,.T.);
#980=ORIENTED_EDGE('',*,*,#1421,.F.);
#981=ORIENTED_EDGE('',*,*,#1440,.F.);
#982=ORIENTED_EDGE('',*,*,#1268,.F.);
#983=ORIENTED_EDGE('',*,*,#1437,.F.);
#984=ORIENTED_EDGE('',*,*,#1274,.F.);
#985=ORIENTED_EDGE('',*,*,#1446,.T.);
#986=ORIENTED_EDGE('',*,*,#1413,.F.);
#987=ORIENTED_EDGE('',*,*,#1447,.T.);
#988=ORIENTED_EDGE('',*,*,#1404,.F.);
#989=ORIENTED_EDGE('',*,*,#1433,.F.);
#990=ORIENTED_EDGE('',*,*,#1253,.F.);
#991=ORIENTED_EDGE('',*,*,#1443,.F.);
#992=ORIENTED_EDGE('',*,*,#1259,.F.);
#993=ORIENTED_EDGE('',*,*,#1448,.T.);
#994=ORIENTED_EDGE('',*,*,#1449,.F.);
#995=ORIENTED_EDGE('',*,*,#1179,.T.);
#996=ORIENTED_EDGE('',*,*,#1204,.T.);
#997=ORIENTED_EDGE('',*,*,#1450,.F.);
#998=ORIENTED_EDGE('',*,*,#1226,.T.);
#999=ORIENTED_EDGE('',*,*,#1451,.T.);
#1000=ORIENTED_EDGE('',*,*,#1240,.T.);
#1001=ORIENTED_EDGE('',*,*,#1452,.F.);
#1002=ORIENTED_EDGE('',*,*,#1453,.F.);
#1003=ORIENTED_EDGE('',*,*,#1454,.F.);
#1004=ORIENTED_EDGE('',*,*,#1452,.T.);
#1005=ORIENTED_EDGE('',*,*,#1242,.T.);
#1006=ORIENTED_EDGE('',*,*,#1190,.T.);
#1007=ORIENTED_EDGE('',*,*,#1455,.F.);
#1008=ORIENTED_EDGE('',*,*,#1450,.T.);
#1009=ORIENTED_EDGE('',*,*,#1203,.T.);
#1010=ORIENTED_EDGE('',*,*,#1192,.T.);
#1011=ORIENTED_EDGE('',*,*,#1456,.F.);
#1012=ORIENTED_EDGE('',*,*,#1216,.T.);
#1013=ORIENTED_EDGE('',*,*,#1457,.T.);
#1014=ORIENTED_EDGE('',*,*,#1458,.T.);
#1015=ORIENTED_EDGE('',*,*,#1459,.T.);
#1016=ORIENTED_EDGE('',*,*,#1219,.T.);
#1017=ORIENTED_EDGE('',*,*,#1460,.T.);
#1018=ORIENTED_EDGE('',*,*,#1461,.T.);
#1019=ORIENTED_EDGE('',*,*,#1244,.F.);
#1020=ORIENTED_EDGE('',*,*,#1230,.F.);
#1021=ORIENTED_EDGE('',*,*,#1247,.F.);
#1022=ORIENTED_EDGE('',*,*,#1462,.T.);
#1023=ORIENTED_EDGE('',*,*,#1463,.T.);
#1024=ORIENTED_EDGE('',*,*,#1464,.F.);
#1025=ORIENTED_EDGE('',*,*,#1209,.T.);
#1026=ORIENTED_EDGE('',*,*,#1465,.T.);
#1027=ORIENTED_EDGE('',*,*,#1462,.F.);
#1028=ORIENTED_EDGE('',*,*,#1246,.F.);
#1029=ORIENTED_EDGE('',*,*,#1463,.F.);
#1030=ORIENTED_EDGE('',*,*,#1465,.F.);
#1031=ORIENTED_EDGE('',*,*,#1208,.T.);
#1032=ORIENTED_EDGE('',*,*,#1466,.T.);
#1033=ORIENTED_EDGE('',*,*,#1217,.T.);
#1034=ORIENTED_EDGE('',*,*,#1211,.T.);
#1035=ORIENTED_EDGE('',*,*,#1467,.T.);
#1036=ORIENTED_EDGE('',*,*,#1460,.F.);
#1037=ORIENTED_EDGE('',*,*,#1468,.F.);
#1038=ORIENTED_EDGE('',*,*,#1222,.F.);
#1039=ORIENTED_EDGE('',*,*,#1461,.F.);
#1040=ORIENTED_EDGE('',*,*,#1467,.F.);
#1041=ORIENTED_EDGE('',*,*,#1210,.T.);
#1042=ORIENTED_EDGE('',*,*,#1464,.T.);
#1043=ORIENTED_EDGE('',*,*,#1245,.F.);
#1044=ORIENTED_EDGE('',*,*,#1205,.F.);
#1045=ORIENTED_EDGE('',*,*,#1456,.T.);
#1046=ORIENTED_EDGE('',*,*,#1469,.T.);
#1047=ORIENTED_EDGE('',*,*,#1470,.T.);
#1048=ORIENTED_EDGE('',*,*,#1224,.F.);
#1049=ORIENTED_EDGE('',*,*,#1471,.T.);
#1050=ORIENTED_EDGE('',*,*,#1183,.F.);
#1051=ORIENTED_EDGE('',*,*,#1472,.T.);
#1052=ORIENTED_EDGE('',*,*,#1473,.T.);
#1053=ORIENTED_EDGE('',*,*,#1232,.T.);
#1054=ORIENTED_EDGE('',*,*,#1251,.T.);
#1055=ORIENTED_EDGE('',*,*,#1474,.T.);
#1056=ORIENTED_EDGE('',*,*,#1174,.T.);
#1057=ORIENTED_EDGE('',*,*,#1475,.T.);
#1058=ORIENTED_EDGE('',*,*,#1476,.T.);
#1059=ORIENTED_EDGE('',*,*,#1477,.T.);
#1060=ORIENTED_EDGE('',*,*,#1248,.T.);
#1061=ORIENTED_EDGE('',*,*,#1234,.T.);
#1062=ORIENTED_EDGE('',*,*,#1478,.T.);
#1063=ORIENTED_EDGE('',*,*,#1479,.T.);
#1064=ORIENTED_EDGE('',*,*,#1176,.T.);
#1065=ORIENTED_EDGE('',*,*,#1480,.T.);
#1066=ORIENTED_EDGE('',*,*,#1468,.T.);
#1067=ORIENTED_EDGE('',*,*,#1481,.T.);
#1068=ORIENTED_EDGE('',*,*,#1482,.T.);
#1069=ORIENTED_EDGE('',*,*,#1200,.T.);
#1070=ORIENTED_EDGE('',*,*,#1223,.F.);
#1071=ORIENTED_EDGE('',*,*,#1482,.F.);
#1072=ORIENTED_EDGE('',*,*,#1483,.F.);
#1073=ORIENTED_EDGE('',*,*,#1221,.F.);
#1074=ORIENTED_EDGE('',*,*,#1484,.T.);
#1075=ORIENTED_EDGE('',*,*,#1485,.T.);
#1076=ORIENTED_EDGE('',*,*,#1485,.F.);
#1077=ORIENTED_EDGE('',*,*,#1486,.T.);
#1078=ORIENTED_EDGE('',*,*,#1201,.T.);
#1079=ORIENTED_EDGE('',*,*,#1483,.T.);
#1080=ORIENTED_EDGE('',*,*,#1481,.F.);
#1081=ORIENTED_EDGE('',*,*,#1195,.T.);
#1082=ORIENTED_EDGE('',*,*,#1487,.T.);
#1083=ORIENTED_EDGE('',*,*,#1488,.T.);
#1084=ORIENTED_EDGE('',*,*,#1489,.F.);
#1085=ORIENTED_EDGE('',*,*,#1490,.F.);
#1086=ORIENTED_EDGE('',*,*,#1491,.F.);
#1087=ORIENTED_EDGE('',*,*,#1488,.F.);
#1088=ORIENTED_EDGE('',*,*,#1492,.T.);
#1089=ORIENTED_EDGE('',*,*,#1214,.F.);
#1090=ORIENTED_EDGE('',*,*,#1493,.F.);
#1091=ORIENTED_EDGE('',*,*,#1196,.T.);
#1092=ORIENTED_EDGE('',*,*,#1491,.T.);
#1093=ORIENTED_EDGE('',*,*,#1494,.F.);
#1094=ORIENTED_EDGE('',*,*,#1206,.T.);
#1095=ORIENTED_EDGE('',*,*,#1218,.F.);
#1096=ORIENTED_EDGE('',*,*,#1494,.T.);
#1097=ORIENTED_EDGE('',*,*,#1490,.T.);
#1098=ORIENTED_EDGE('',*,*,#1207,.F.);
#1099=ORIENTED_EDGE('',*,*,#1466,.F.);
#1100=ORIENTED_EDGE('',*,*,#1489,.T.);
#1101=ORIENTED_EDGE('',*,*,#1493,.T.);
#1102=ORIENTED_EDGE('',*,*,#1473,.F.);
#1103=ORIENTED_EDGE('',*,*,#1495,.T.);
#1104=ORIENTED_EDGE('',*,*,#1478,.F.);
#1105=ORIENTED_EDGE('',*,*,#1233,.F.);
#1106=ORIENTED_EDGE('',*,*,#1455,.T.);
#1107=ORIENTED_EDGE('',*,*,#1189,.T.);
#1108=ORIENTED_EDGE('',*,*,#1175,.F.);
#1109=ORIENTED_EDGE('',*,*,#1480,.F.);
#1110=ORIENTED_EDGE('',*,*,#1180,.F.);
#1111=ORIENTED_EDGE('',*,*,#1449,.T.);
#1112=ORIENTED_EDGE('',*,*,#1471,.F.);
#1113=ORIENTED_EDGE('',*,*,#1228,.F.);
#1114=ORIENTED_EDGE('',*,*,#1496,.T.);
#1115=ORIENTED_EDGE('',*,*,#1184,.F.);
#1116=ORIENTED_EDGE('',*,*,#1453,.T.);
#1117=ORIENTED_EDGE('',*,*,#1454,.T.);
#1118=ORIENTED_EDGE('',*,*,#1191,.T.);
#1119=ORIENTED_EDGE('',*,*,#1185,.F.);
#1120=ORIENTED_EDGE('',*,*,#1496,.F.);
#1121=ORIENTED_EDGE('',*,*,#1227,.F.);
#1122=ORIENTED_EDGE('',*,*,#1220,.F.);
#1123=ORIENTED_EDGE('',*,*,#1459,.F.);
#1124=ORIENTED_EDGE('',*,*,#1497,.F.);
#1125=ORIENTED_EDGE('',*,*,#1472,.F.);
#1126=ORIENTED_EDGE('',*,*,#1182,.F.);
#1127=ORIENTED_EDGE('',*,*,#1202,.F.);
#1128=ORIENTED_EDGE('',*,*,#1486,.F.);
#1129=ORIENTED_EDGE('',*,*,#1484,.F.);
#1130=ORIENTED_EDGE('',*,*,#1497,.T.);
#1131=ORIENTED_EDGE('',*,*,#1458,.F.);
#1132=ORIENTED_EDGE('',*,*,#1498,.F.);
#1133=ORIENTED_EDGE('',*,*,#1495,.F.);
#1134=ORIENTED_EDGE('',*,*,#1177,.F.);
#1135=ORIENTED_EDGE('',*,*,#1479,.F.);
#1136=ORIENTED_EDGE('',*,*,#1498,.T.);
#1137=ORIENTED_EDGE('',*,*,#1457,.F.);
#1138=ORIENTED_EDGE('',*,*,#1215,.F.);
#1139=ORIENTED_EDGE('',*,*,#1492,.F.);
#1140=ORIENTED_EDGE('',*,*,#1487,.F.);
#1141=ORIENTED_EDGE('',*,*,#1194,.F.);
#1142=ORIENTED_EDGE('',*,*,#1499,.T.);
#1143=ORIENTED_EDGE('',*,*,#1500,.T.);
#1144=ORIENTED_EDGE('',*,*,#1501,.T.);
#1145=ORIENTED_EDGE('',*,*,#1235,.F.);
#1146=ORIENTED_EDGE('',*,*,#1501,.F.);
#1147=ORIENTED_EDGE('',*,*,#1502,.T.);
#1148=ORIENTED_EDGE('',*,*,#1469,.F.);
#1149=ORIENTED_EDGE('',*,*,#1503,.F.);
#1150=ORIENTED_EDGE('',*,*,#1250,.F.);
#1151=ORIENTED_EDGE('',*,*,#1236,.F.);
#1152=ORIENTED_EDGE('',*,*,#1503,.T.);
#1153=ORIENTED_EDGE('',*,*,#1474,.F.);
#1154=ORIENTED_EDGE('',*,*,#1476,.F.);
#1155=ORIENTED_EDGE('',*,*,#1504,.T.);
#1156=ORIENTED_EDGE('',*,*,#1499,.F.);
#1157=ORIENTED_EDGE('',*,*,#1505,.F.);
#1158=ORIENTED_EDGE('',*,*,#1505,.T.);
#1159=ORIENTED_EDGE('',*,*,#1238,.F.);
#1160=ORIENTED_EDGE('',*,*,#1249,.F.);
#1161=ORIENTED_EDGE('',*,*,#1477,.F.);
#1162=ORIENTED_EDGE('',*,*,#1451,.F.);
#1163=ORIENTED_EDGE('',*,*,#1225,.F.);
#1164=ORIENTED_EDGE('',*,*,#1470,.F.);
#1165=ORIENTED_EDGE('',*,*,#1502,.F.);
#1166=ORIENTED_EDGE('',*,*,#1500,.F.);
#1167=ORIENTED_EDGE('',*,*,#1504,.F.);
#1168=ORIENTED_EDGE('',*,*,#1475,.F.);
#1169=ORIENTED_EDGE('',*,*,#1173,.F.);
#1170=ORIENTED_EDGE('',*,*,#1188,.F.);
#1171=ORIENTED_EDGE('',*,*,#1241,.F.);
#1172=EDGE_CURVE('',#1506,#1507,#1724,.T.);
#1173=EDGE_CURVE('',#1506,#1508,#412,.T.);
#1174=EDGE_CURVE('',#1509,#1508,#118,.T.);
#1175=EDGE_CURVE('',#1509,#1507,#413,.F.);
#1176=EDGE_CURVE('',#1510,#1511,#119,.T.);
#1177=EDGE_CURVE('',#1510,#1512,#1725,.T.);
#1178=EDGE_CURVE('',#1513,#1512,#414,.T.);
#1179=EDGE_CURVE('',#1514,#1513,#1726,.T.);
#1180=EDGE_CURVE('',#1514,#1511,#415,.F.);
#1181=EDGE_CURVE('',#1515,#1516,#416,.T.);
#1182=EDGE_CURVE('',#1515,#1517,#1727,.T.);
#1183=EDGE_CURVE('',#1517,#1518,#120,.T.);
#1184=EDGE_CURVE('',#1518,#1519,#417,.F.);
#1185=EDGE_CURVE('',#1519,#1520,#418,.F.);
#1186=EDGE_CURVE('',#1516,#1520,#1728,.T.);
#1187=EDGE_CURVE('',#1521,#1522,#121,.F.);
#1188=EDGE_CURVE('',#1522,#1506,#1729,.T.);
#1189=EDGE_CURVE('',#1523,#1507,#1730,.T.);
#1190=EDGE_CURVE('',#1521,#1523,#419,.T.);
#1191=EDGE_CURVE('',#1524,#1520,#1731,.T.);
#1192=EDGE_CURVE('',#1525,#1524,#420,.T.);
#1193=EDGE_CURVE('',#1525,#1516,#122,.F.);
#1194=EDGE_CURVE('',#1512,#1526,#123,.T.);
#1195=EDGE_CURVE('',#1527,#1526,#124,.T.);
#1196=EDGE_CURVE('',#1528,#1527,#125,.T.);
#1197=EDGE_CURVE('',#1529,#1528,#126,.T.);
#1198=EDGE_CURVE('',#1529,#1530,#127,.T.);
#1199=EDGE_CURVE('',#1531,#1530,#128,.T.);
#1200=EDGE_CURVE('',#1532,#1531,#129,.T.);
#1201=EDGE_CURVE('',#1533,#1532,#130,.T.);
#1202=EDGE_CURVE('',#1533,#1515,#131,.T.);
#1203=EDGE_CURVE('',#1534,#1525,#132,.T.);
#1204=EDGE_CURVE('',#1513,#1534,#133,.T.);
#1205=EDGE_CURVE('',#1535,#1535,#421,.T.);
#1206=EDGE_CURVE('',#1536,#1537,#134,.T.);
#1207=EDGE_CURVE('',#1536,#1538,#135,.T.);
#1208=EDGE_CURVE('',#1539,#1538,#136,.T.);
#1209=EDGE_CURVE('',#1540,#1539,#137,.T.);
#1210=EDGE_CURVE('',#1541,#1540,#138,.T.);
#1211=EDGE_CURVE('',#1542,#1541,#139,.T.);
#1212=EDGE_CURVE('',#1530,#1542,#140,.T.);
#1213=EDGE_CURVE('',#1537,#1529,#141,.T.);
#1214=EDGE_CURVE('',#1543,#1544,#142,.T.);
#1215=EDGE_CURVE('',#1544,#1545,#32,.T.);
#1216=EDGE_CURVE('',#1546,#1545,#143,.T.);
#1217=EDGE_CURVE('',#1543,#1546,#144,.T.);
#1218=EDGE_CURVE('',#1528,#1537,#145,.T.);
#1219=EDGE_CURVE('',#1547,#1548,#146,.T.);
#1220=EDGE_CURVE('',#1547,#1549,#33,.T.);
#1221=EDGE_CURVE('',#1549,#1548,#147,.T.);
#1222=EDGE_CURVE('',#1542,#1550,#148,.T.);
#1223=EDGE_CURVE('',#1550,#1531,#149,.T.);
#1224=EDGE_CURVE('',#1551,#1552,#150,.T.);
#1225=EDGE_CURVE('',#1552,#1553,#422,.T.);
#1226=EDGE_CURVE('',#1554,#1553,#1732,.T.);
#1227=EDGE_CURVE('',#1554,#1555,#423,.F.);
#1228=EDGE_CURVE('',#1555,#1551,#424,.F.);
#1229=EDGE_CURVE('',#1556,#1557,#425,.T.);
#1230=EDGE_CURVE('',#1557,#1558,#151,.T.);
#1231=EDGE_CURVE('',#1558,#1559,#426,.F.);
#1232=EDGE_CURVE('',#1560,#1559,#152,.T.);
#1233=EDGE_CURVE('',#1560,#1561,#427,.F.);
#1234=EDGE_CURVE('',#1556,#1561,#153,.T.);
#1235=EDGE_CURVE('',#1562,#1563,#428,.T.);
#1236=EDGE_CURVE('',#1563,#1564,#154,.F.);
#1237=EDGE_CURVE('',#1564,#1565,#429,.F.);
#1238=EDGE_CURVE('',#1565,#1562,#155,.F.);
#1239=EDGE_CURVE('',#1566,#1566,#430,.F.);
#1240=EDGE_CURVE('',#1567,#1568,#156,.T.);
#1241=EDGE_CURVE('',#1567,#1522,#431,.F.);
#1242=EDGE_CURVE('',#1568,#1521,#157,.T.);
#1243=EDGE_CURVE('',#1569,#1569,#432,.F.);
#1244=EDGE_CURVE('',#1558,#1570,#158,.T.);
#1245=EDGE_CURVE('',#1570,#1571,#34,.T.);
#1246=EDGE_CURVE('',#1571,#1572,#35,.T.);
#1247=EDGE_CURVE('',#1572,#1557,#159,.F.);
#1248=EDGE_CURVE('',#1573,#1556,#160,.T.);
#1249=EDGE_CURVE('',#1573,#1565,#1733,.T.);
#1250=EDGE_CURVE('',#1564,#1574,#1734,.T.);
#1251=EDGE_CURVE('',#1559,#1574,#161,.F.);
#1252=EDGE_CURVE('',#1575,#1576,#162,.T.);
#1253=EDGE_CURVE('',#1576,#1577,#433,.T.);
#1254=EDGE_CURVE('',#1577,#1578,#434,.T.);
#1255=EDGE_CURVE('',#1579,#1578,#163,.T.);
#1256=EDGE_CURVE('',#1579,#1580,#1735,.T.);
#1257=EDGE_CURVE('',#1575,#1580,#164,.T.);
#1258=EDGE_CURVE('',#1581,#1582,#435,.T.);
#1259=EDGE_CURVE('',#1582,#1583,#436,.T.);
#1260=EDGE_CURVE('',#1584,#1583,#165,.T.);
#1261=EDGE_CURVE('',#1585,#1584,#166,.T.);
#1262=EDGE_CURVE('',#1586,#1585,#167,.T.);
#1263=EDGE_CURVE('',#1586,#1587,#36,.F.);
#1264=EDGE_CURVE('',#1587,#1588,#1736,.T.);
#1265=EDGE_CURVE('',#1588,#1589,#168,.T.);
#1266=EDGE_CURVE('',#1589,#1581,#169,.T.);
#1267=EDGE_CURVE('',#1590,#1591,#170,.T.);
#1268=EDGE_CURVE('',#1591,#1592,#437,.T.);
#1269=EDGE_CURVE('',#1592,#1593,#438,.T.);
#1270=EDGE_CURVE('',#1594,#1593,#171,.T.);
#1271=EDGE_CURVE('',#1594,#1595,#1737,.T.);
#1272=EDGE_CURVE('',#1590,#1595,#172,.T.);
#1273=EDGE_CURVE('',#1596,#1597,#439,.T.);
#1274=EDGE_CURVE('',#1597,#1598,#440,.T.);
#1275=EDGE_CURVE('',#1599,#1598,#173,.T.);
#1276=EDGE_CURVE('',#1600,#1599,#174,.T.);
#1277=EDGE_CURVE('',#1601,#1600,#175,.T.);
#1278=EDGE_CURVE('',#1601,#1602,#37,.F.);
#1279=EDGE_CURVE('',#1602,#1603,#1738,.T.);
#1280=EDGE_CURVE('',#1603,#1604,#176,.T.);
#1281=EDGE_CURVE('',#1604,#1596,#177,.T.);
#1282=EDGE_CURVE('',#1605,#1605,#441,.T.);
#1283=EDGE_CURVE('',#1606,#1606,#442,.T.);
#1284=EDGE_CURVE('',#1607,#1607,#443,.T.);
#1285=EDGE_CURVE('',#1608,#1609,#1739,.T.);
#1286=EDGE_CURVE('',#1608,#1610,#444,.T.);
#1287=EDGE_CURVE('',#1611,#1610,#1740,.T.);
#1288=EDGE_CURVE('',#1611,#1609,#445,.T.);
#1289=EDGE_CURVE('',#1612,#1613,#178,.F.);
#1290=EDGE_CURVE('',#1613,#1614,#446,.T.);
#1291=EDGE_CURVE('',#1614,#1615,#179,.T.);
#1292=EDGE_CURVE('',#1615,#1616,#180,.T.);
#1293=EDGE_CURVE('',#1616,#1617,#447,.T.);
#1294=EDGE_CURVE('',#1617,#1612,#181,.T.);
#1295=EDGE_CURVE('',#1618,#1619,#182,.T.);
#1296=EDGE_CURVE('',#1619,#1620,#448,.T.);
#1297=EDGE_CURVE('',#1620,#1621,#183,.T.);
#1298=EDGE_CURVE('',#1621,#1622,#184,.T.);
#1299=EDGE_CURVE('',#1623,#1622,#449,.T.);
#1300=EDGE_CURVE('',#1623,#1618,#185,.T.);
#1301=EDGE_CURVE('',#1624,#1625,#1741,.T.);
#1302=EDGE_CURVE('',#1624,#1626,#450,.T.);
#1303=EDGE_CURVE('',#1627,#1626,#1742,.T.);
#1304=EDGE_CURVE('',#1627,#1625,#451,.T.);
#1305=EDGE_CURVE('',#1628,#1629,#186,.T.);
#1306=EDGE_CURVE('',#1629,#1630,#452,.F.);
#1307=EDGE_CURVE('',#1630,#1631,#453,.F.);
#1308=EDGE_CURVE('',#1631,#1632,#454,.F.);
#1309=EDGE_CURVE('',#1632,#1633,#187,.T.);
#1310=EDGE_CURVE('',#1633,#1634,#1743,.F.);
#1311=EDGE_CURVE('',#1634,#1635,#188,.F.);
#1312=EDGE_CURVE('',#1635,#1636,#455,.F.);
#1313=EDGE_CURVE('',#1636,#1637,#189,.F.);
#1314=EDGE_CURVE('',#1637,#1628,#1744,.T.);
#1315=EDGE_CURVE('',#1638,#1639,#190,.F.);
#1316=EDGE_CURVE('',#1639,#1640,#38,.F.);
#1317=EDGE_CURVE('',#1640,#1641,#39,.T.);
#1318=EDGE_CURVE('',#1641,#1638,#40,.F.);
#1319=EDGE_CURVE('',#1642,#1643,#191,.T.);
#1320=EDGE_CURVE('',#1643,#1644,#41,.T.);
#1321=EDGE_CURVE('',#1645,#1644,#42,.T.);
#1322=EDGE_CURVE('',#1645,#1642,#43,.T.);
#1323=EDGE_CURVE('',#1646,#1647,#456,.F.);
#1324=EDGE_CURVE('',#1647,#1648,#457,.F.);
#1325=EDGE_CURVE('',#1648,#1649,#192,.T.);
#1326=EDGE_CURVE('',#1649,#1650,#1745,.F.);
#1327=EDGE_CURVE('',#1650,#1651,#193,.T.);
#1328=EDGE_CURVE('',#1651,#1652,#458,.F.);
#1329=EDGE_CURVE('',#1652,#1653,#194,.T.);
#1330=EDGE_CURVE('',#1653,#1654,#1746,.T.);
#1331=EDGE_CURVE('',#1654,#1655,#195,.F.);
#1332=EDGE_CURVE('',#1655,#1646,#459,.F.);
#1333=EDGE_CURVE('',#1644,#1653,#1747,.T.);
#1334=EDGE_CURVE('',#1652,#1627,#1748,.F.);
#1335=EDGE_CURVE('',#1626,#1635,#1749,.T.);
#1336=EDGE_CURVE('',#1634,#1645,#1750,.F.);
#1337=EDGE_CURVE('',#1640,#1637,#1751,.T.);
#1338=EDGE_CURVE('',#1636,#1611,#1752,.F.);
#1339=EDGE_CURVE('',#1610,#1651,#1753,.T.);
#1340=EDGE_CURVE('',#1650,#1641,#1754,.F.);
#1341=EDGE_CURVE('',#1624,#1609,#1755,.T.);
#1342=EDGE_CURVE('',#1608,#1625,#1756,.T.);
#1343=EDGE_CURVE('',#1656,#1586,#1757,.T.);
#1344=EDGE_CURVE('',#1657,#1656,#44,.F.);
#1345=EDGE_CURVE('',#1657,#1612,#45,.T.);
#1346=EDGE_CURVE('',#1616,#1617,#1758,.T.);
#1347=EDGE_CURVE('',#1615,#1587,#46,.F.);
#1348=EDGE_CURVE('',#1658,#1659,#47,.F.);
#1349=EDGE_CURVE('',#1658,#1618,#48,.F.);
#1350=EDGE_CURVE('',#1622,#1623,#1759,.T.);
#1351=EDGE_CURVE('',#1621,#1602,#49,.T.);
#1352=EDGE_CURVE('',#1659,#1601,#1760,.T.);
#1353=EDGE_CURVE('',#1614,#1629,#460,.F.);
#1354=EDGE_CURVE('',#1615,#1628,#461,.T.);
#1355=EDGE_CURVE('',#1660,#1579,#1761,.T.);
#1356=EDGE_CURVE('',#1660,#1588,#1762,.T.);
#1357=EDGE_CURVE('',#1661,#1639,#462,.T.);
#1358=EDGE_CURVE('',#1662,#1661,#1763,.T.);
#1359=EDGE_CURVE('',#1580,#1662,#1764,.T.);
#1360=EDGE_CURVE('',#1661,#1663,#1765,.T.);
#1361=EDGE_CURVE('',#1663,#1638,#463,.T.);
#1362=EDGE_CURVE('',#1664,#1665,#1766,.T.);
#1363=EDGE_CURVE('',#1663,#1664,#1767,.T.);
#1364=EDGE_CURVE('',#1618,#1649,#464,.T.);
#1365=EDGE_CURVE('',#1666,#1658,#1768,.T.);
#1366=EDGE_CURVE('',#1667,#1666,#1769,.T.);
#1367=EDGE_CURVE('',#1668,#1667,#1770,.T.);
#1368=EDGE_CURVE('',#1665,#1668,#1771,.T.);
#1369=EDGE_CURVE('',#1648,#1619,#465,.T.);
#1370=EDGE_CURVE('',#1620,#1655,#466,.T.);
#1371=EDGE_CURVE('',#1621,#1654,#467,.T.);
#1372=EDGE_CURVE('',#1669,#1594,#1772,.T.);
#1373=EDGE_CURVE('',#1669,#1603,#1773,.T.);
#1374=EDGE_CURVE('',#1670,#1643,#468,.T.);
#1375=EDGE_CURVE('',#1671,#1670,#1774,.T.);
#1376=EDGE_CURVE('',#1595,#1671,#1775,.T.);
#1377=EDGE_CURVE('',#1670,#1672,#1776,.T.);
#1378=EDGE_CURVE('',#1672,#1642,#469,.T.);
#1379=EDGE_CURVE('',#1673,#1674,#1777,.T.);
#1380=EDGE_CURVE('',#1672,#1673,#1778,.T.);
#1381=EDGE_CURVE('',#1612,#1633,#470,.T.);
#1382=EDGE_CURVE('',#1675,#1657,#1779,.T.);
#1383=EDGE_CURVE('',#1676,#1675,#1780,.T.);
#1384=EDGE_CURVE('',#1677,#1676,#1781,.T.);
#1385=EDGE_CURVE('',#1674,#1677,#1782,.T.);
#1386=EDGE_CURVE('',#1632,#1613,#471,.T.);
#1387=EDGE_CURVE('',#1613,#1631,#472,.T.);
#1388=EDGE_CURVE('',#1614,#1630,#473,.T.);
#1389=EDGE_CURVE('',#1646,#1620,#474,.T.);
#1390=EDGE_CURVE('',#1647,#1619,#475,.T.);
#1391=EDGE_CURVE('',#1678,#1664,#196,.T.);
#1392=EDGE_CURVE('',#1679,#1678,#476,.F.);
#1393=EDGE_CURVE('',#1659,#1679,#197,.T.);
#1394=EDGE_CURVE('',#1600,#1680,#477,.T.);
#1395=EDGE_CURVE('',#1680,#1671,#198,.T.);
#1396=EDGE_CURVE('',#1681,#1673,#199,.T.);
#1397=EDGE_CURVE('',#1681,#1682,#478,.T.);
#1398=EDGE_CURVE('',#1656,#1682,#200,.T.);
#1399=EDGE_CURVE('',#1585,#1683,#479,.T.);
#1400=EDGE_CURVE('',#1683,#1662,#201,.T.);
#1401=EDGE_CURVE('',#1684,#1684,#480,.T.);
#1402=EDGE_CURVE('',#1685,#1685,#481,.T.);
#1403=EDGE_CURVE('',#1686,#1687,#202,.T.);
#1404=EDGE_CURVE('',#1687,#1688,#482,.T.);
#1405=EDGE_CURVE('',#1688,#1689,#483,.T.);
#1406=EDGE_CURVE('',#1690,#1689,#203,.T.);
#1407=EDGE_CURVE('',#1690,#1675,#204,.T.);
#1408=EDGE_CURVE('',#1686,#1682,#205,.T.);
#1409=EDGE_CURVE('',#1689,#1691,#206,.F.);
#1410=EDGE_CURVE('',#1677,#1691,#207,.T.);
#1411=EDGE_CURVE('',#1676,#1690,#208,.T.);
#1412=EDGE_CURVE('',#1691,#1692,#484,.T.);
#1413=EDGE_CURVE('',#1692,#1693,#485,.T.);
#1414=EDGE_CURVE('',#1694,#1693,#209,.T.);
#1415=EDGE_CURVE('',#1674,#1694,#210,.T.);
#1416=EDGE_CURVE('',#1578,#1581,#211,.F.);
#1417=EDGE_CURVE('',#1589,#1660,#212,.T.);
#1418=EDGE_CURVE('',#1593,#1596,#213,.F.);
#1419=EDGE_CURVE('',#1604,#1669,#214,.T.);
#1420=EDGE_CURVE('',#1695,#1696,#215,.T.);
#1421=EDGE_CURVE('',#1696,#1697,#486,.T.);
#1422=EDGE_CURVE('',#1697,#1698,#487,.T.);
#1423=EDGE_CURVE('',#1699,#1698,#216,.T.);
#1424=EDGE_CURVE('',#1699,#1666,#217,.T.);
#1425=EDGE_CURVE('',#1695,#1679,#218,.T.);
#1426=EDGE_CURVE('',#1698,#1700,#219,.F.);
#1427=EDGE_CURVE('',#1668,#1700,#220,.T.);
#1428=EDGE_CURVE('',#1667,#1699,#221,.T.);
#1429=EDGE_CURVE('',#1700,#1701,#488,.T.);
#1430=EDGE_CURVE('',#1701,#1702,#489,.T.);
#1431=EDGE_CURVE('',#1703,#1702,#222,.T.);
#1432=EDGE_CURVE('',#1665,#1703,#223,.T.);
#1433=EDGE_CURVE('',#1693,#1687,#224,.T.);
#1434=EDGE_CURVE('',#1694,#1686,#225,.T.);
#1435=EDGE_CURVE('',#1681,#1674,#226,.T.);
#1436=EDGE_CURVE('',#1595,#1680,#227,.T.);
#1437=EDGE_CURVE('',#1598,#1591,#228,.F.);
#1438=EDGE_CURVE('',#1590,#1599,#229,.T.);
#1439=EDGE_CURVE('',#1678,#1665,#230,.T.);
#1440=EDGE_CURVE('',#1702,#1696,#231,.T.);
#1441=EDGE_CURVE('',#1703,#1695,#232,.T.);
#1442=EDGE_CURVE('',#1580,#1683,#233,.T.);
#1443=EDGE_CURVE('',#1583,#1576,#234,.F.);
#1444=EDGE_CURVE('',#1575,#1584,#235,.T.);
#1445=EDGE_CURVE('',#1701,#1697,#236,.T.);
#1446=EDGE_CURVE('',#1597,#1592,#237,.T.);
#1447=EDGE_CURVE('',#1692,#1688,#238,.T.);
#1448=EDGE_CURVE('',#1582,#1577,#239,.T.);
#1449=EDGE_CURVE('',#1514,#1704,#1783,.T.);
#1450=EDGE_CURVE('',#1704,#1534,#490,.T.);
#1451=EDGE_CURVE('',#1553,#1567,#1784,.T.);
#1452=EDGE_CURVE('',#1705,#1568,#491,.T.);
#1453=EDGE_CURVE('',#1554,#1705,#1785,.T.);
#1454=EDGE_CURVE('',#1705,#1524,#1786,.T.);
#1455=EDGE_CURVE('',#1704,#1523,#1787,.T.);
#1456=EDGE_CURVE('',#1706,#1706,#492,.T.);
#1457=EDGE_CURVE('',#1545,#1707,#50,.T.);
#1458=EDGE_CURVE('',#1707,#1708,#1788,.T.);
#1459=EDGE_CURVE('',#1708,#1547,#51,.T.);
#1460=EDGE_CURVE('',#1548,#1709,#240,.T.);
#1461=EDGE_CURVE('',#1709,#1570,#241,.T.);
#1462=EDGE_CURVE('',#1572,#1710,#242,.T.);
#1463=EDGE_CURVE('',#1710,#1546,#243,.T.);
#1464=EDGE_CURVE('',#1540,#1571,#244,.T.);
#1465=EDGE_CURVE('',#1539,#1710,#245,.T.);
#1466=EDGE_CURVE('',#1538,#1543,#246,.T.);
#1467=EDGE_CURVE('',#1541,#1709,#247,.T.);
#1468=EDGE_CURVE('',#1550,#1548,#248,.T.);
#1469=EDGE_CURVE('',#1711,#1712,#1789,.T.);
#1470=EDGE_CURVE('',#1712,#1552,#493,.F.);
#1471=EDGE_CURVE('',#1551,#1518,#494,.T.);
#1472=EDGE_CURVE('',#1517,#1713,#249,.F.);
#1473=EDGE_CURVE('',#1713,#1560,#250,.T.);
#1474=EDGE_CURVE('',#1574,#1711,#251,.T.);
#1475=EDGE_CURVE('',#1508,#1714,#495,.F.);
#1476=EDGE_CURVE('',#1714,#1715,#1790,.T.);
#1477=EDGE_CURVE('',#1715,#1573,#252,.T.);
#1478=EDGE_CURVE('',#1561,#1716,#253,.F.);
#1479=EDGE_CURVE('',#1716,#1510,#254,.F.);
#1480=EDGE_CURVE('',#1511,#1509,#496,.T.);
#1481=EDGE_CURVE('',#1548,#1717,#255,.T.);
#1482=EDGE_CURVE('',#1717,#1550,#256,.T.);
#1483=EDGE_CURVE('',#1532,#1717,#257,.T.);
#1484=EDGE_CURVE('',#1549,#1718,#52,.T.);
#1485=EDGE_CURVE('',#1718,#1548,#258,.T.);
#1486=EDGE_CURVE('',#1718,#1533,#53,.T.);
#1487=EDGE_CURVE('',#1526,#1719,#54,.T.);
#1488=EDGE_CURVE('',#1719,#1720,#259,.T.);
#1489=EDGE_CURVE('',#1538,#1720,#260,.T.);
#1490=EDGE_CURVE('',#1721,#1538,#261,.T.);
#1491=EDGE_CURVE('',#1527,#1721,#262,.T.);
#1492=EDGE_CURVE('',#1719,#1544,#55,.T.);
#1493=EDGE_CURVE('',#1720,#1543,#263,.T.);
#1494=EDGE_CURVE('',#1536,#1721,#264,.T.);
#1495=EDGE_CURVE('',#1713,#1716,#497,.F.);
#1496=EDGE_CURVE('',#1555,#1519,#498,.T.);
#1497=EDGE_CURVE('',#1713,#1708,#499,.T.);
#1498=EDGE_CURVE('',#1716,#1707,#500,.T.);
#1499=EDGE_CURVE('',#1562,#1722,#1791,.T.);
#1500=EDGE_CURVE('',#1722,#1723,#501,.T.);
#1501=EDGE_CURVE('',#1723,#1563,#1792,.T.);
#1502=EDGE_CURVE('',#1723,#1712,#1793,.T.);
#1503=EDGE_CURVE('',#1563,#1711,#502,.T.);
#1504=EDGE_CURVE('',#1714,#1722,#1794,.T.);
#1505=EDGE_CURVE('',#1715,#1562,#503,.T.);
#1506=VERTEX_POINT('',#3098);
#1507=VERTEX_POINT('',#3099);
#1508=VERTEX_POINT('',#3101);
#1509=VERTEX_POINT('',#3103);
#1510=VERTEX_POINT('',#3107);
#1511=VERTEX_POINT('',#3108);
#1512=VERTEX_POINT('',#3114);
#1513=VERTEX_POINT('',#3116);
#1514=VERTEX_POINT('',#3121);
#1515=VERTEX_POINT('',#3125);
#1516=VERTEX_POINT('',#3126);
#1517=VERTEX_POINT('',#3132);
#1518=VERTEX_POINT('',#3134);
#1519=VERTEX_POINT('',#3136);
#1520=VERTEX_POINT('',#3138);
#1521=VERTEX_POINT('',#3145);
#1522=VERTEX_POINT('',#3146);
#1523=VERTEX_POINT('',#3157);
#1524=VERTEX_POINT('',#3164);
#1525=VERTEX_POINT('',#3166);
#1526=VERTEX_POINT('',#3170);
#1527=VERTEX_POINT('',#3172);
#1528=VERTEX_POINT('',#3174);
#1529=VERTEX_POINT('',#3176);
#1530=VERTEX_POINT('',#3178);
#1531=VERTEX_POINT('',#3180);
#1532=VERTEX_POINT('',#3182);
#1533=VERTEX_POINT('',#3184);
#1534=VERTEX_POINT('',#3187);
#1535=VERTEX_POINT('',#3191);
#1536=VERTEX_POINT('',#3193);
#1537=VERTEX_POINT('',#3194);
#1538=VERTEX_POINT('',#3196);
#1539=VERTEX_POINT('',#3198);
#1540=VERTEX_POINT('',#3200);
#1541=VERTEX_POINT('',#3202);
#1542=VERTEX_POINT('',#3204);
#1543=VERTEX_POINT('',#3209);
#1544=VERTEX_POINT('',#3210);
#1545=VERTEX_POINT('',#3212);
#1546=VERTEX_POINT('',#3214);
#1547=VERTEX_POINT('',#3220);
#1548=VERTEX_POINT('',#3221);
#1549=VERTEX_POINT('',#3223);
#1550=VERTEX_POINT('',#3227);
#1551=VERTEX_POINT('',#3231);
#1552=VERTEX_POINT('',#3232);
#1553=VERTEX_POINT('',#3234);
#1554=VERTEX_POINT('',#3239);
#1555=VERTEX_POINT('',#3241);
#1556=VERTEX_POINT('',#3245);
#1557=VERTEX_POINT('',#3246);
#1558=VERTEX_POINT('',#3248);
#1559=VERTEX_POINT('',#3250);
#1560=VERTEX_POINT('',#3252);
#1561=VERTEX_POINT('',#3254);
#1562=VERTEX_POINT('',#3258);
#1563=VERTEX_POINT('',#3259);
#1564=VERTEX_POINT('',#3261);
#1565=VERTEX_POINT('',#3263);
#1566=VERTEX_POINT('',#3267);
#1567=VERTEX_POINT('',#3269);
#1568=VERTEX_POINT('',#3270);
#1569=VERTEX_POINT('',#3275);
#1570=VERTEX_POINT('',#3277);
#1571=VERTEX_POINT('',#3279);
#1572=VERTEX_POINT('',#3281);
#1573=VERTEX_POINT('',#3284);
#1574=VERTEX_POINT('',#3293);
#1575=VERTEX_POINT('',#3297);
#1576=VERTEX_POINT('',#3298);
#1577=VERTEX_POINT('',#3300);
#1578=VERTEX_POINT('',#3302);
#1579=VERTEX_POINT('',#3304);
#1580=VERTEX_POINT('',#3309);
#1581=VERTEX_POINT('',#3313);
#1582=VERTEX_POINT('',#3314);
#1583=VERTEX_POINT('',#3316);
#1584=VERTEX_POINT('',#3318);
#1585=VERTEX_POINT('',#3320);
#1586=VERTEX_POINT('',#3322);
#1587=VERTEX_POINT('',#3324);
#1588=VERTEX_POINT('',#3329);
#1589=VERTEX_POINT('',#3331);
#1590=VERTEX_POINT('',#3335);
#1591=VERTEX_POINT('',#3336);
#1592=VERTEX_POINT('',#3338);
#1593=VERTEX_POINT('',#3340);
#1594=VERTEX_POINT('',#3342);
#1595=VERTEX_POINT('',#3347);
#1596=VERTEX_POINT('',#3351);
#1597=VERTEX_POINT('',#3352);
#1598=VERTEX_POINT('',#3354);
#1599=VERTEX_POINT('',#3356);
#1600=VERTEX_POINT('',#3358);
#1601=VERTEX_POINT('',#3360);
#1602=VERTEX_POINT('',#3362);
#1603=VERTEX_POINT('',#3367);
#1604=VERTEX_POINT('',#3369);
#1605=VERTEX_POINT('',#3373);
#1606=VERTEX_POINT('',#3376);
#1607=VERTEX_POINT('',#3378);
#1608=VERTEX_POINT('',#3385);
#1609=VERTEX_POINT('',#3386);
#1610=VERTEX_POINT('',#3388);
#1611=VERTEX_POINT('',#3393);
#1612=VERTEX_POINT('',#3397);
#1613=VERTEX_POINT('',#3398);
#1614=VERTEX_POINT('',#3400);
#1615=VERTEX_POINT('',#3402);
#1616=VERTEX_POINT('',#3404);
#1617=VERTEX_POINT('',#3406);
#1618=VERTEX_POINT('',#3410);
#1619=VERTEX_POINT('',#3411);
#1620=VERTEX_POINT('',#3413);
#1621=VERTEX_POINT('',#3415);
#1622=VERTEX_POINT('',#3417);
#1623=VERTEX_POINT('',#3419);
#1624=VERTEX_POINT('',#3427);
#1625=VERTEX_POINT('',#3428);
#1626=VERTEX_POINT('',#3430);
#1627=VERTEX_POINT('',#3435);
#1628=VERTEX_POINT('',#3439);
#1629=VERTEX_POINT('',#3440);
#1630=VERTEX_POINT('',#3442);
#1631=VERTEX_POINT('',#3444);
#1632=VERTEX_POINT('',#3446);
#1633=VERTEX_POINT('',#3448);
#1634=VERTEX_POINT('',#3453);
#1635=VERTEX_POINT('',#3455);
#1636=VERTEX_POINT('',#3457);
#1637=VERTEX_POINT('',#3459);
#1638=VERTEX_POINT('',#3466);
#1639=VERTEX_POINT('',#3467);
#1640=VERTEX_POINT('',#3469);
#1641=VERTEX_POINT('',#3471);
#1642=VERTEX_POINT('',#3475);
#1643=VERTEX_POINT('',#3476);
#1644=VERTEX_POINT('',#3478);
#1645=VERTEX_POINT('',#3480);
#1646=VERTEX_POINT('',#3484);
#1647=VERTEX_POINT('',#3485);
#1648=VERTEX_POINT('',#3487);
#1649=VERTEX_POINT('',#3489);
#1650=VERTEX_POINT('',#3494);
#1651=VERTEX_POINT('',#3496);
#1652=VERTEX_POINT('',#3498);
#1653=VERTEX_POINT('',#3500);
#1654=VERTEX_POINT('',#3505);
#1655=VERTEX_POINT('',#3507);
#1656=VERTEX_POINT('',#3577);
#1657=VERTEX_POINT('',#3579);
#1658=VERTEX_POINT('',#3591);
#1659=VERTEX_POINT('',#3592);
#1660=VERTEX_POINT('',#3629);
#1661=VERTEX_POINT('',#3635);
#1662=VERTEX_POINT('',#3640);
#1663=VERTEX_POINT('',#3650);
#1664=VERTEX_POINT('',#3671);
#1665=VERTEX_POINT('',#3672);
#1666=VERTEX_POINT('',#3682);
#1667=VERTEX_POINT('',#3687);
#1668=VERTEX_POINT('',#3692);
#1669=VERTEX_POINT('',#3721);
#1670=VERTEX_POINT('',#3727);
#1671=VERTEX_POINT('',#3732);
#1672=VERTEX_POINT('',#3742);
#1673=VERTEX_POINT('',#3763);
#1674=VERTEX_POINT('',#3764);
#1675=VERTEX_POINT('',#3774);
#1676=VERTEX_POINT('',#3779);
#1677=VERTEX_POINT('',#3784);
#1678=VERTEX_POINT('',#3803);
#1679=VERTEX_POINT('',#3805);
#1680=VERTEX_POINT('',#3808);
#1681=VERTEX_POINT('',#3811);
#1682=VERTEX_POINT('',#3813);
#1683=VERTEX_POINT('',#3816);
#1684=VERTEX_POINT('',#3821);
#1685=VERTEX_POINT('',#3823);
#1686=VERTEX_POINT('',#3829);
#1687=VERTEX_POINT('',#3830);
#1688=VERTEX_POINT('',#3832);
#1689=VERTEX_POINT('',#3834);
#1690=VERTEX_POINT('',#3836);
#1691=VERTEX_POINT('',#3841);
#1692=VERTEX_POINT('',#3846);
#1693=VERTEX_POINT('',#3848);
#1694=VERTEX_POINT('',#3850);
#1695=VERTEX_POINT('',#3863);
#1696=VERTEX_POINT('',#3864);
#1697=VERTEX_POINT('',#3866);
#1698=VERTEX_POINT('',#3868);
#1699=VERTEX_POINT('',#3870);
#1700=VERTEX_POINT('',#3875);
#1701=VERTEX_POINT('',#3880);
#1702=VERTEX_POINT('',#3882);
#1703=VERTEX_POINT('',#3884);
#1704=VERTEX_POINT('',#3928);
#1705=VERTEX_POINT('',#3938);
#1706=VERTEX_POINT('',#3956);
#1707=VERTEX_POINT('',#3959);
#1708=VERTEX_POINT('',#3965);
#1709=VERTEX_POINT('',#3968);
#1710=VERTEX_POINT('',#3971);
#1711=VERTEX_POINT('',#3988);
#1712=VERTEX_POINT('',#3989);
#1713=VERTEX_POINT('',#3993);
#1714=VERTEX_POINT('',#3998);
#1715=VERTEX_POINT('',#4003);
#1716=VERTEX_POINT('',#4006);
#1717=VERTEX_POINT('',#4011);
#1718=VERTEX_POINT('',#4017);
#1719=VERTEX_POINT('',#4023);
#1720=VERTEX_POINT('',#4025);
#1721=VERTEX_POINT('',#4028);
#1722=VERTEX_POINT('',#4053);
#1723=VERTEX_POINT('',#4055);
#1724=B_SPLINE_CURVE_WITH_KNOTS('',3,(#3094,#3095,#3096,#3097),
 .UNSPECIFIED.,.F.,.F.,(4,4),(0.00070854847580749,0.00206804805989279),
 .UNSPECIFIED.);
#1725=B_SPLINE_CURVE_WITH_KNOTS('',3,(#3109,#3110,#3111,#3112,#3113),
 .UNSPECIFIED.,.F.,.F.,(4,1,4),(0.,0.00119216406569033,0.00238432813138066),
 .UNSPECIFIED.);
#1726=B_SPLINE_CURVE_WITH_KNOTS('',3,(#3117,#3118,#3119,#3120),
 .UNSPECIFIED.,.F.,.F.,(4,4),(0.002367664978967,0.00446616215792266),
 .UNSPECIFIED.);
#1727=B_SPLINE_CURVE_WITH_KNOTS('',3,(#3127,#3128,#3129,#3130,#3131),
 .UNSPECIFIED.,.F.,.F.,(4,1,4),(0.,0.00119247263587464,0.00238494527174927),
 .UNSPECIFIED.);
#1728=B_SPLINE_CURVE_WITH_KNOTS('',3,(#3139,#3140,#3141,#3142),
 .UNSPECIFIED.,.F.,.F.,(4,4),(-0.00303842458509097,-0.000920252413347968),
 .UNSPECIFIED.);
#1729=B_SPLINE_CURVE_WITH_KNOTS('',3,(#3147,#3148,#3149,#3150,#3151,#3152),
 .UNSPECIFIED.,.F.,.F.,(4,1,1,4),(0.,0.000205580191264818,0.000411160382529636,
0.000822320765059272),.UNSPECIFIED.);
#1730=B_SPLINE_CURVE_WITH_KNOTS('',3,(#3153,#3154,#3155,#3156),
 .UNSPECIFIED.,.F.,.F.,(4,4),(8.3005464768628E-7,0.000219334251587037),
 .UNSPECIFIED.);
#1731=B_SPLINE_CURVE_WITH_KNOTS('',3,(#3160,#3161,#3162,#3163),
 .UNSPECIFIED.,.F.,.F.,(4,4),(7.03285388165996E-5,0.000145449095052191),
 .UNSPECIFIED.);
#1732=B_SPLINE_CURVE_WITH_KNOTS('',3,(#3235,#3236,#3237,#3238),
 .UNSPECIFIED.,.F.,.F.,(4,4),(-0.00062033953733117,0.000745442150275745),
 .UNSPECIFIED.);
#1733=B_SPLINE_CURVE_WITH_KNOTS('',3,(#3285,#3286,#3287,#3288),
 .UNSPECIFIED.,.F.,.F.,(4,4),(0.,0.000473098265145799),.UNSPECIFIED.);
#1734=B_SPLINE_CURVE_WITH_KNOTS('',3,(#3289,#3290,#3291,#3292),
 .UNSPECIFIED.,.F.,.F.,(4,4),(0.,0.000473160078284465),.UNSPECIFIED.);
#1735=B_SPLINE_CURVE_WITH_KNOTS('',3,(#3305,#3306,#3307,#3308),
 .UNSPECIFIED.,.F.,.F.,(4,4),(0.,0.00214957998097131),.UNSPECIFIED.);
#1736=B_SPLINE_CURVE_WITH_KNOTS('',3,(#3325,#3326,#3327,#3328),
 .UNSPECIFIED.,.F.,.F.,(4,4),(0.,0.000894704252327664),.UNSPECIFIED.);
#1737=B_SPLINE_CURVE_WITH_KNOTS('',3,(#3343,#3344,#3345,#3346),
 .UNSPECIFIED.,.F.,.F.,(4,4),(0.,0.00214957998097134),.UNSPECIFIED.);
#1738=B_SPLINE_CURVE_WITH_KNOTS('',3,(#3363,#3364,#3365,#3366),
 .UNSPECIFIED.,.F.,.F.,(4,4),(0.,0.000894704252327662),.UNSPECIFIED.);
#1739=B_SPLINE_CURVE_WITH_KNOTS('',3,(#3380,#3381,#3382,#3383,#3384),
 .UNSPECIFIED.,.F.,.F.,(4,1,4),(9.62914223040795E-16,0.00185816609553314,
0.00371633219106532),.UNSPECIFIED.);
#1740=B_SPLINE_CURVE_WITH_KNOTS('',3,(#3389,#3390,#3391,#3392),
 .UNSPECIFIED.,.F.,.F.,(4,4),(0.00337855308230927,0.00690666335231631),
 .UNSPECIFIED.);
#1741=B_SPLINE_CURVE_WITH_KNOTS('',3,(#3422,#3423,#3424,#3425,#3426),
 .UNSPECIFIED.,.F.,.F.,(4,1,4),(0.,0.00185816609553266,0.00371633219106533),
 .UNSPECIFIED.);
#1742=B_SPLINE_CURVE_WITH_KNOTS('',3,(#3431,#3432,#3433,#3434),
 .UNSPECIFIED.,.F.,.F.,(4,4),(0.00337855308230925,0.00690666335231629),
 .UNSPECIFIED.);
#1743=B_SPLINE_CURVE_WITH_KNOTS('',3,(#3449,#3450,#3451,#3452),
 .UNSPECIFIED.,.F.,.F.,(4,4),(8.90348408362497E-16,0.00120585878962365),
 .UNSPECIFIED.);
#1744=B_SPLINE_CURVE_WITH_KNOTS('',3,(#3460,#3461,#3462,#3463),
 .UNSPECIFIED.,.F.,.F.,(4,4),(3.89541030905536E-17,0.00120585878962282),
 .UNSPECIFIED.);
#1745=B_SPLINE_CURVE_WITH_KNOTS('',3,(#3490,#3491,#3492,#3493),
 .UNSPECIFIED.,.F.,.F.,(4,4),(8.90348408362497E-16,0.00120585878962365),
 .UNSPECIFIED.);
#1746=B_SPLINE_CURVE_WITH_KNOTS('',3,(#3501,#3502,#3503,#3504),
 .UNSPECIFIED.,.F.,.F.,(4,4),(3.89541030905536E-17,0.00120585878962283),
 .UNSPECIFIED.);
#1747=B_SPLINE_CURVE_WITH_KNOTS('',3,(#3510,#3511,#3512,#3513),
 .UNSPECIFIED.,.F.,.F.,(4,4),(0.,0.00216303731019251),.UNSPECIFIED.);
#1748=B_SPLINE_CURVE_WITH_KNOTS('',3,(#3514,#3515,#3516,#3517,#3518,#3519,
#3520),.UNSPECIFIED.,.F.,.F.,(4,1,1,1,4),(0.,0.00133602732189934,0.00267205464379867,
0.00400808196569801,0.00534410928759734),.UNSPECIFIED.);
#1749=B_SPLINE_CURVE_WITH_KNOTS('',3,(#3521,#3522,#3523,#3524,#3525,#3526,
#3527),.UNSPECIFIED.,.F.,.F.,(4,1,1,1,4),(4.33680868994202E-19,0.00133602732189934,
0.00267205464379867,0.00400808196569801,0.00534410928759735),
 .UNSPECIFIED.);
#1750=B_SPLINE_CURVE_WITH_KNOTS('',3,(#3528,#3529,#3530,#3531),
 .UNSPECIFIED.,.F.,.F.,(4,4),(0.,0.00216303731019251),.UNSPECIFIED.);
#1751=B_SPLINE_CURVE_WITH_KNOTS('',3,(#3533,#3534,#3535,#3536),
 .UNSPECIFIED.,.F.,.F.,(4,4),(0.,0.00216303731019251),.UNSPECIFIED.);
#1752=B_SPLINE_CURVE_WITH_KNOTS('',3,(#3537,#3538,#3539,#3540,#3541,#3542,
#3543),.UNSPECIFIED.,.F.,.F.,(4,1,1,1,4),(0.,0.00133602732189934,0.00267205464379867,
0.00400808196569801,0.00534410928759735),.UNSPECIFIED.);
#1753=B_SPLINE_CURVE_WITH_KNOTS('',3,(#3544,#3545,#3546,#3547,#3548,#3549,
#3550),.UNSPECIFIED.,.F.,.F.,(4,1,1,1,4),(0.,0.00133602732189934,0.00267205464379867,
0.00400808196569801,0.00534410928759734),.UNSPECIFIED.);
#1754=B_SPLINE_CURVE_WITH_KNOTS('',3,(#3551,#3552,#3553,#3554),
 .UNSPECIFIED.,.F.,.F.,(4,4),(0.,0.00216303731019251),.UNSPECIFIED.);
#1755=B_SPLINE_CURVE_WITH_KNOTS('',3,(#3556,#3557,#3558,#3559,#3560,#3561,
#3562),.UNSPECIFIED.,.F.,.F.,(4,1,1,1,4),(0.000222183484535844,0.00184857558035699,
0.00347496767617814,0.0051013597719993,0.00672775186782045),
 .UNSPECIFIED.);
#1756=B_SPLINE_CURVE_WITH_KNOTS('',3,(#3564,#3565,#3566,#3567,#3568,#3569,
#3570),.UNSPECIFIED.,.F.,.F.,(4,1,1,1,4),(0.000222183484534825,0.00184857558035623,
0.00347496767617764,0.00510135977199904,0.00672775186782045),
 .UNSPECIFIED.);
#1757=B_SPLINE_CURVE_WITH_KNOTS('',3,(#3572,#3573,#3574,#3575,#3576),
 .UNSPECIFIED.,.F.,.F.,(4,1,4),(0.00245436447217466,0.00387129670694062,
0.00528822894170657),.UNSPECIFIED.);
#1758=B_SPLINE_CURVE_WITH_KNOTS('',3,(#3581,#3582,#3583,#3584,#3585,#3586,
#3587),.UNSPECIFIED.,.F.,.F.,(4,1,1,1,4),(0.,0.0017812523844735,0.003562504768947,
0.0053437571534205,0.007125009537894),.UNSPECIFIED.);
#1759=B_SPLINE_CURVE_WITH_KNOTS('',3,(#3594,#3595,#3596,#3597,#3598,#3599,
#3600),.UNSPECIFIED.,.F.,.F.,(4,1,1,1,4),(0.,0.0017812523844735,0.003562504768947,
0.00534375715342049,0.00712500953789399),.UNSPECIFIED.);
#1760=B_SPLINE_CURVE_WITH_KNOTS('',3,(#3602,#3603,#3604,#3605,#3606),
 .UNSPECIFIED.,.F.,.F.,(4,1,4),(0.00245436447217466,0.00387129670694062,
0.00528822894170657),.UNSPECIFIED.);
#1761=B_SPLINE_CURVE_WITH_KNOTS('',3,(#3625,#3626,#3627,#3628),
 .UNSPECIFIED.,.F.,.F.,(4,4),(8.33216423540686E-17,0.00146900791374618),
 .UNSPECIFIED.);
#1762=B_SPLINE_CURVE_WITH_KNOTS('',3,(#3630,#3631,#3632,#3633),
 .UNSPECIFIED.,.F.,.F.,(4,4),(0.00127675648130132,0.00131205548456928),
 .UNSPECIFIED.);
#1763=B_SPLINE_CURVE_WITH_KNOTS('',3,(#3636,#3637,#3638,#3639),
 .UNSPECIFIED.,.F.,.F.,(4,4),(0.000431846959720016,0.00158068741035352),
 .UNSPECIFIED.);
#1764=B_SPLINE_CURVE_WITH_KNOTS('',3,(#3641,#3642,#3643,#3644),
 .UNSPECIFIED.,.F.,.F.,(4,4),(0.,2.44616236060862E-5),.UNSPECIFIED.);
#1765=B_SPLINE_CURVE_WITH_KNOTS('',3,(#3646,#3647,#3648,#3649),
 .UNSPECIFIED.,.F.,.F.,(4,4),(0.,0.00202415931588392),.UNSPECIFIED.);
#1766=B_SPLINE_CURVE_WITH_KNOTS('',3,(#3667,#3668,#3669,#3670),
 .UNSPECIFIED.,.F.,.F.,(4,4),(6.66233192561355E-18,2.40501398359263E-5),
 .UNSPECIFIED.);
#1767=B_SPLINE_CURVE_WITH_KNOTS('',3,(#3673,#3674,#3675,#3676),
 .UNSPECIFIED.,.F.,.F.,(4,4),(0.,0.00115157647183944),.UNSPECIFIED.);
#1768=B_SPLINE_CURVE_WITH_KNOTS('',3,(#3678,#3679,#3680,#3681),
 .UNSPECIFIED.,.F.,.F.,(4,4),(3.62642272651022E-16,0.000894704252328026),
 .UNSPECIFIED.);
#1769=B_SPLINE_CURVE_WITH_KNOTS('',3,(#3683,#3684,#3685,#3686),
 .UNSPECIFIED.,.F.,.F.,(4,4),(0.00127675648127798,0.00131205548457041),
 .UNSPECIFIED.);
#1770=B_SPLINE_CURVE_WITH_KNOTS('',3,(#3688,#3689,#3690,#3691),
 .UNSPECIFIED.,.F.,.F.,(4,4),(0.,0.00146875695457543),.UNSPECIFIED.);
#1771=B_SPLINE_CURVE_WITH_KNOTS('',3,(#3693,#3694,#3695,#3696),
 .UNSPECIFIED.,.F.,.F.,(4,4),(2.40501398359263E-5,0.00217319633165156),
 .UNSPECIFIED.);
#1772=B_SPLINE_CURVE_WITH_KNOTS('',3,(#3717,#3718,#3719,#3720),
 .UNSPECIFIED.,.F.,.F.,(4,4),(2.18199467487205E-14,0.00146900791374619),
 .UNSPECIFIED.);
#1773=B_SPLINE_CURVE_WITH_KNOTS('',3,(#3722,#3723,#3724,#3725),
 .UNSPECIFIED.,.F.,.F.,(4,4),(0.00127675648128263,0.00131205548457101),
 .UNSPECIFIED.);
#1774=B_SPLINE_CURVE_WITH_KNOTS('',3,(#3728,#3729,#3730,#3731),
 .UNSPECIFIED.,.F.,.F.,(4,4),(0.000431846959720018,0.00158068741035352),
 .UNSPECIFIED.);
#1775=B_SPLINE_CURVE_WITH_KNOTS('',3,(#3733,#3734,#3735,#3736),
 .UNSPECIFIED.,.F.,.F.,(4,4),(0.,2.44616236060998E-5),.UNSPECIFIED.);
#1776=B_SPLINE_CURVE_WITH_KNOTS('',3,(#3738,#3739,#3740,#3741),
 .UNSPECIFIED.,.F.,.F.,(4,4),(0.,0.00202415931588392),.UNSPECIFIED.);
#1777=B_SPLINE_CURVE_WITH_KNOTS('',3,(#3759,#3760,#3761,#3762),
 .UNSPECIFIED.,.F.,.F.,(4,4),(0.,2.40501398359127E-5),.UNSPECIFIED.);
#1778=B_SPLINE_CURVE_WITH_KNOTS('',3,(#3765,#3766,#3767,#3768),
 .UNSPECIFIED.,.F.,.F.,(4,4),(0.,0.00115157647183945),.UNSPECIFIED.);
#1779=B_SPLINE_CURVE_WITH_KNOTS('',3,(#3770,#3771,#3772,#3773),
 .UNSPECIFIED.,.F.,.F.,(4,4),(3.65885741846235E-16,0.000894704252328023),
 .UNSPECIFIED.);
#1780=B_SPLINE_CURVE_WITH_KNOTS('',3,(#3775,#3776,#3777,#3778),
 .UNSPECIFIED.,.F.,.F.,(4,4),(0.00127675648127619,0.00131205548456866),
 .UNSPECIFIED.);
#1781=B_SPLINE_CURVE_WITH_KNOTS('',3,(#3780,#3781,#3782,#3783),
 .UNSPECIFIED.,.F.,.F.,(4,4),(0.,0.00146875695457543),.UNSPECIFIED.);
#1782=B_SPLINE_CURVE_WITH_KNOTS('',3,(#3785,#3786,#3787,#3788),
 .UNSPECIFIED.,.F.,.F.,(4,4),(2.40501398359127E-5,0.00217319633165153),
 .UNSPECIFIED.);
#1783=B_SPLINE_CURVE_WITH_KNOTS('',3,(#3924,#3925,#3926,#3927),
 .UNSPECIFIED.,.F.,.F.,(4,4),(0.000717085413833848,0.000937022526937921),
 .UNSPECIFIED.);
#1784=B_SPLINE_CURVE_WITH_KNOTS('',3,(#3931,#3932,#3933,#3934,#3935,#3936),
 .UNSPECIFIED.,.F.,.F.,(4,1,1,4),(2.64687482342872E-18,0.000404949252005331,
0.000607423878007995,0.00080989850401066),.UNSPECIFIED.);
#1785=B_SPLINE_CURVE_WITH_KNOTS('',3,(#3939,#3940,#3941,#3942),
 .UNSPECIFIED.,.F.,.F.,(4,4),(0.000650084154675959,0.000724067086816292),
 .UNSPECIFIED.);
#1786=B_SPLINE_CURVE_WITH_KNOTS('',3,(#3944,#3945,#3946,#3947,#3948,#3949,
#3950),.UNSPECIFIED.,.F.,.F.,(4,1,1,1,4),(0.000196995282696931,0.000311850989924595,
0.00042670669715226,0.000541562404379925,0.000656418111607589),
 .UNSPECIFIED.);
#1787=B_SPLINE_CURVE_WITH_KNOTS('',3,(#3951,#3952,#3953,#3954),
 .UNSPECIFIED.,.F.,.F.,(4,4),(0.000227000261579598,0.000299591613780412),
 .UNSPECIFIED.);
#1788=B_SPLINE_CURVE_WITH_KNOTS('',3,(#3960,#3961,#3962,#3963,#3964),
 .UNSPECIFIED.,.F.,.F.,(4,1,4),(0.,0.000905098487710427,0.00181019697542085),
 .UNSPECIFIED.);
#1789=B_SPLINE_CURVE_WITH_KNOTS('',3,(#3984,#3985,#3986,#3987),
 .UNSPECIFIED.,.F.,.F.,(4,4),(0.,0.00234798339257942),.UNSPECIFIED.);
#1790=B_SPLINE_CURVE_WITH_KNOTS('',3,(#3999,#4000,#4001,#4002),
 .UNSPECIFIED.,.F.,.F.,(4,4),(0.000102666640151112,0.00248466308732654),
 .UNSPECIFIED.);
#1791=B_SPLINE_CURVE_WITH_KNOTS('',3,(#4049,#4050,#4051,#4052),
 .UNSPECIFIED.,.F.,.F.,(4,4),(4.47028007668187E-19,0.00207378402020128),
 .UNSPECIFIED.);
#1792=B_SPLINE_CURVE_WITH_KNOTS('',3,(#4056,#4057,#4058,#4059),
 .UNSPECIFIED.,.F.,.F.,(4,4),(2.1757185239557E-5,0.00212799236490116),
 .UNSPECIFIED.);
#1793=B_SPLINE_CURVE_WITH_KNOTS('',3,(#4072,#4073,#4074,#4075),
 .UNSPECIFIED.,.F.,.F.,(4,4),(3.55644755547552E-18,0.000457227087687168),
 .UNSPECIFIED.);
#1794=B_SPLINE_CURVE_WITH_KNOTS('',3,(#4090,#4091,#4092,#4093),
 .UNSPECIFIED.,.F.,.F.,(4,4),(0.,0.000457996423532764),.UNSPECIFIED.);
#1795=EDGE_LOOP('',(#504,#505,#506,#507));
#1796=EDGE_LOOP('',(#508,#509,#510,#511,#512));
#1797=EDGE_LOOP('',(#513,#514,#515,#516,#517,#518));
#1798=EDGE_LOOP('',(#519,#520,#521,#522,#523));
#1799=EDGE_LOOP('',(#524,#525,#526,#527));
#1800=EDGE_LOOP('',(#528,#529,#530,#531,#532,#533,#534,#535,#536,#537,#538,
#539,#540,#541));
#1801=EDGE_LOOP('',(#542));
#1802=EDGE_LOOP('',(#543,#544,#545,#546,#547,#548,#549,#550,#551));
#1803=EDGE_LOOP('',(#552,#553,#554,#555));
#1804=EDGE_LOOP('',(#556,#557,#558));
#1805=EDGE_LOOP('',(#559,#560,#561));
#1806=EDGE_LOOP('',(#562,#563,#564,#565));
#1807=EDGE_LOOP('',(#566,#567,#568,#569,#570));
#1808=EDGE_LOOP('',(#571,#572,#573,#574,#575,#576));
#1809=EDGE_LOOP('',(#577,#578,#579,#580));
#1810=EDGE_LOOP('',(#581));
#1811=EDGE_LOOP('',(#582,#583,#584,#585));
#1812=EDGE_LOOP('',(#586));
#1813=EDGE_LOOP('',(#587,#588,#589,#590,#591,#592,#593,#594,#595,#596,#597));
#1814=EDGE_LOOP('',(#598,#599,#600,#601,#602,#603));
#1815=EDGE_LOOP('',(#604,#605,#606,#607,#608,#609,#610,#611,#612));
#1816=EDGE_LOOP('',(#613,#614,#615,#616,#617,#618));
#1817=EDGE_LOOP('',(#619,#620,#621,#622,#623,#624,#625,#626,#627));
#1818=EDGE_LOOP('',(#628));
#1819=EDGE_LOOP('',(#629));
#1820=EDGE_LOOP('',(#630));
#1821=EDGE_LOOP('',(#631));
#1822=EDGE_LOOP('',(#632,#633,#634,#635));
#1823=EDGE_LOOP('',(#636));
#1824=EDGE_LOOP('',(#637,#638,#639,#640,#641,#642));
#1825=EDGE_LOOP('',(#643));
#1826=EDGE_LOOP('',(#644,#645,#646,#647,#648,#649));
#1827=EDGE_LOOP('',(#650,#651,#652,#653));
#1828=EDGE_LOOP('',(#654));
#1829=EDGE_LOOP('',(#655,#656,#657,#658,#659,#660,#661,#662,#663,#664));
#1830=EDGE_LOOP('',(#665,#666,#667,#668));
#1831=EDGE_LOOP('',(#669,#670,#671,#672));
#1832=EDGE_LOOP('',(#673,#674,#675,#676,#677,#678,#679,#680,#681,#682));
#1833=EDGE_LOOP('',(#683,#684,#685,#686,#687,#688,#689,#690));
#1834=EDGE_LOOP('',(#691,#692,#693,#694,#695,#696,#697,#698));
#1835=EDGE_LOOP('',(#699,#700,#701,#702,#703,#704));
#1836=EDGE_LOOP('',(#705,#706,#707,#708,#709,#710));
#1837=EDGE_LOOP('',(#711,#712,#713,#714,#715,#716,#717,#718));
#1838=EDGE_LOOP('',(#719,#720,#721,#722,#723,#724,#725,#726));
#1839=EDGE_LOOP('',(#727,#728,#729,#730));
#1840=EDGE_LOOP('',(#731,#732,#733,#734,#735,#736,#737,#738,#739,#740,#741,
#742));
#1841=EDGE_LOOP('',(#743,#744,#745,#746));
#1842=EDGE_LOOP('',(#747,#748,#749,#750,#751,#752,#753,#754,#755,#756,#757,
#758));
#1843=EDGE_LOOP('',(#759,#760,#761,#762));
#1844=EDGE_LOOP('',(#763,#764,#765,#766));
#1845=EDGE_LOOP('',(#767,#768,#769,#770,#771,#772,#773,#774,#775,#776,#777,
#778));
#1846=EDGE_LOOP('',(#779,#780,#781,#782));
#1847=EDGE_LOOP('',(#783,#784,#785,#786,#787,#788,#789,#790,#791,#792,#793,
#794));
#1848=EDGE_LOOP('',(#795,#796,#797,#798));
#1849=EDGE_LOOP('',(#799,#800,#801));
#1850=EDGE_LOOP('',(#802,#803,#804,#805));
#1851=EDGE_LOOP('',(#806,#807,#808));
#1852=EDGE_LOOP('',(#809,#810,#811));
#1853=EDGE_LOOP('',(#812,#813,#814,#815));
#1854=EDGE_LOOP('',(#816,#817,#818));
#1855=EDGE_LOOP('',(#819,#820,#821,#822,#823,#824,#825,#826,#827,#828,#829,
#830,#831,#832,#833,#834,#835,#836,#837,#838));
#1856=EDGE_LOOP('',(#839,#840,#841,#842));
#1857=EDGE_LOOP('',(#843,#844));
#1858=EDGE_LOOP('',(#845));
#1859=EDGE_LOOP('',(#846));
#1860=EDGE_LOOP('',(#847));
#1861=EDGE_LOOP('',(#848));
#1862=EDGE_LOOP('',(#849));
#1863=EDGE_LOOP('',(#850,#851));
#1864=EDGE_LOOP('',(#852,#853,#854,#855,#856,#857,#858,#859,#860));
#1865=EDGE_LOOP('',(#861,#862,#863,#864,#865));
#1866=EDGE_LOOP('',(#866,#867,#868,#869,#870,#871));
#1867=EDGE_LOOP('',(#872,#873,#874));
#1868=EDGE_LOOP('',(#875,#876,#877,#878,#879));
#1869=EDGE_LOOP('',(#880,#881,#882));
#1870=EDGE_LOOP('',(#883,#884,#885,#886,#887));
#1871=EDGE_LOOP('',(#888,#889,#890));
#1872=EDGE_LOOP('',(#891,#892,#893,#894,#895,#896,#897,#898,#899));
#1873=EDGE_LOOP('',(#900,#901,#902,#903,#904));
#1874=EDGE_LOOP('',(#905,#906,#907,#908,#909,#910));
#1875=EDGE_LOOP('',(#911,#912,#913));
#1876=EDGE_LOOP('',(#914,#915,#916,#917));
#1877=EDGE_LOOP('',(#918,#919,#920));
#1878=EDGE_LOOP('',(#921,#922,#923,#924,#925));
#1879=EDGE_LOOP('',(#926,#927,#928));
#1880=EDGE_LOOP('',(#929,#930,#931,#932));
#1881=EDGE_LOOP('',(#933,#934,#935,#936,#937));
#1882=EDGE_LOOP('',(#938,#939,#940));
#1883=EDGE_LOOP('',(#941,#942,#943,#944));
#1884=EDGE_LOOP('',(#945,#946,#947,#948,#949));
#1885=EDGE_LOOP('',(#950,#951,#952));
#1886=EDGE_LOOP('',(#953,#954,#955,#956));
#1887=EDGE_LOOP('',(#957,#958,#959,#960,#961));
#1888=EDGE_LOOP('',(#962,#963,#964,#965));
#1889=EDGE_LOOP('',(#966,#967,#968,#969));
#1890=EDGE_LOOP('',(#970,#971,#972,#973));
#1891=EDGE_LOOP('',(#974,#975,#976,#977));
#1892=EDGE_LOOP('',(#978,#979,#980,#981));
#1893=EDGE_LOOP('',(#982,#983,#984,#985));
#1894=EDGE_LOOP('',(#986,#987,#988,#989));
#1895=EDGE_LOOP('',(#990,#991,#992,#993));
#1896=EDGE_LOOP('',(#994,#995,#996,#997));
#1897=EDGE_LOOP('',(#998,#999,#1000,#1001,#1002));
#1898=EDGE_LOOP('',(#1003,#1004,#1005,#1006,#1007,#1008,#1009,#1010));
#1899=EDGE_LOOP('',(#1011));
#1900=EDGE_LOOP('',(#1012,#1013,#1014,#1015,#1016,#1017,#1018,#1019,#1020,
#1021,#1022,#1023));
#1901=EDGE_LOOP('',(#1024,#1025,#1026,#1027,#1028));
#1902=EDGE_LOOP('',(#1029,#1030,#1031,#1032,#1033));
#1903=EDGE_LOOP('',(#1034,#1035,#1036,#1037,#1038));
#1904=EDGE_LOOP('',(#1039,#1040,#1041,#1042,#1043));
#1905=EDGE_LOOP('',(#1044));
#1906=EDGE_LOOP('',(#1045));
#1907=EDGE_LOOP('',(#1046,#1047,#1048,#1049,#1050,#1051,#1052,#1053,#1054,
#1055));
#1908=EDGE_LOOP('',(#1056,#1057,#1058,#1059,#1060,#1061,#1062,#1063,#1064,
#1065));
#1909=EDGE_LOOP('',(#1066,#1067,#1068));
#1910=EDGE_LOOP('',(#1069,#1070,#1071,#1072));
#1911=EDGE_LOOP('',(#1073,#1074,#1075));
#1912=EDGE_LOOP('',(#1076,#1077,#1078,#1079,#1080));
#1913=EDGE_LOOP('',(#1081,#1082,#1083,#1084,#1085,#1086));
#1914=EDGE_LOOP('',(#1087,#1088,#1089,#1090));
#1915=EDGE_LOOP('',(#1091,#1092,#1093,#1094,#1095));
#1916=EDGE_LOOP('',(#1096,#1097,#1098));
#1917=EDGE_LOOP('',(#1099,#1100,#1101));
#1918=EDGE_LOOP('',(#1102,#1103,#1104,#1105));
#1919=EDGE_LOOP('',(#1106,#1107,#1108,#1109,#1110,#1111));
#1920=EDGE_LOOP('',(#1112,#1113,#1114,#1115));
#1921=EDGE_LOOP('',(#1116,#1117,#1118,#1119,#1120,#1121));
#1922=EDGE_LOOP('',(#1122,#1123,#1124,#1125,#1126,#1127,#1128,#1129));
#1923=EDGE_LOOP('',(#1130,#1131,#1132,#1133));
#1924=EDGE_LOOP('',(#1134,#1135,#1136,#1137,#1138,#1139,#1140,#1141));
#1925=EDGE_LOOP('',(#1142,#1143,#1144,#1145));
#1926=EDGE_LOOP('',(#1146,#1147,#1148,#1149));
#1927=EDGE_LOOP('',(#1150,#1151,#1152,#1153));
#1928=EDGE_LOOP('',(#1154,#1155,#1156,#1157));
#1929=EDGE_LOOP('',(#1158,#1159,#1160,#1161));
#1930=EDGE_LOOP('',(#1162,#1163,#1164,#1165,#1166,#1167,#1168,#1169,#1170,
#1171));
#1931=FACE_BOUND('',#1795,.T.);
#1932=FACE_BOUND('',#1796,.T.);
#1933=FACE_BOUND('',#1797,.T.);
#1934=FACE_BOUND('',#1798,.T.);
#1935=FACE_BOUND('',#1799,.T.);
#1936=FACE_BOUND('',#1800,.T.);
#1937=FACE_BOUND('',#1801,.T.);
#1938=FACE_BOUND('',#1802,.T.);
#1939=FACE_BOUND('',#1803,.T.);
#1940=FACE_BOUND('',#1804,.T.);
#1941=FACE_BOUND('',#1805,.T.);
#1942=FACE_BOUND('',#1806,.T.);
#1943=FACE_BOUND('',#1807,.T.);
#1944=FACE_BOUND('',#1808,.T.);
#1945=FACE_BOUND('',#1809,.T.);
#1946=FACE_BOUND('',#1810,.T.);
#1947=FACE_BOUND('',#1811,.T.);
#1948=FACE_BOUND('',#1812,.T.);
#1949=FACE_BOUND('',#1813,.T.);
#1950=FACE_BOUND('',#1814,.T.);
#1951=FACE_BOUND('',#1815,.T.);
#1952=FACE_BOUND('',#1816,.T.);
#1953=FACE_BOUND('',#1817,.T.);
#1954=FACE_BOUND('',#1818,.T.);
#1955=FACE_BOUND('',#1819,.T.);
#1956=FACE_BOUND('',#1820,.T.);
#1957=FACE_BOUND('',#1821,.T.);
#1958=FACE_BOUND('',#1822,.T.);
#1959=FACE_BOUND('',#1823,.T.);
#1960=FACE_BOUND('',#1824,.T.);
#1961=FACE_BOUND('',#1825,.T.);
#1962=FACE_BOUND('',#1826,.T.);
#1963=FACE_BOUND('',#1827,.T.);
#1964=FACE_BOUND('',#1828,.T.);
#1965=FACE_BOUND('',#1829,.T.);
#1966=FACE_BOUND('',#1830,.T.);
#1967=FACE_BOUND('',#1831,.T.);
#1968=FACE_BOUND('',#1832,.T.);
#1969=FACE_BOUND('',#1833,.T.);
#1970=FACE_BOUND('',#1834,.T.);
#1971=FACE_BOUND('',#1835,.T.);
#1972=FACE_BOUND('',#1836,.T.);
#1973=FACE_BOUND('',#1837,.T.);
#1974=FACE_BOUND('',#1838,.T.);
#1975=FACE_BOUND('',#1839,.T.);
#1976=FACE_BOUND('',#1840,.T.);
#1977=FACE_BOUND('',#1841,.T.);
#1978=FACE_BOUND('',#1842,.T.);
#1979=FACE_BOUND('',#1843,.T.);
#1980=FACE_BOUND('',#1844,.T.);
#1981=FACE_BOUND('',#1845,.T.);
#1982=FACE_BOUND('',#1846,.T.);
#1983=FACE_BOUND('',#1847,.T.);
#1984=FACE_BOUND('',#1848,.T.);
#1985=FACE_BOUND('',#1849,.T.);
#1986=FACE_BOUND('',#1850,.T.);
#1987=FACE_BOUND('',#1851,.T.);
#1988=FACE_BOUND('',#1852,.T.);
#1989=FACE_BOUND('',#1853,.T.);
#1990=FACE_BOUND('',#1854,.T.);
#1991=FACE_BOUND('',#1855,.T.);
#1992=FACE_BOUND('',#1856,.T.);
#1993=FACE_BOUND('',#1857,.T.);
#1994=FACE_BOUND('',#1858,.T.);
#1995=FACE_BOUND('',#1859,.T.);
#1996=FACE_BOUND('',#1860,.T.);
#1997=FACE_BOUND('',#1861,.T.);
#1998=FACE_BOUND('',#1862,.T.);
#1999=FACE_BOUND('',#1863,.T.);
#2000=FACE_BOUND('',#1864,.T.);
#2001=FACE_BOUND('',#1865,.T.);
#2002=FACE_BOUND('',#1866,.T.);
#2003=FACE_BOUND('',#1867,.T.);
#2004=FACE_BOUND('',#1868,.T.);
#2005=FACE_BOUND('',#1869,.T.);
#2006=FACE_BOUND('',#1870,.T.);
#2007=FACE_BOUND('',#1871,.T.);
#2008=FACE_BOUND('',#1872,.T.);
#2009=FACE_BOUND('',#1873,.T.);
#2010=FACE_BOUND('',#1874,.T.);
#2011=FACE_BOUND('',#1875,.T.);
#2012=FACE_BOUND('',#1876,.T.);
#2013=FACE_BOUND('',#1877,.T.);
#2014=FACE_BOUND('',#1878,.T.);
#2015=FACE_BOUND('',#1879,.T.);
#2016=FACE_BOUND('',#1880,.T.);
#2017=FACE_BOUND('',#1881,.T.);
#2018=FACE_BOUND('',#1882,.T.);
#2019=FACE_BOUND('',#1883,.T.);
#2020=FACE_BOUND('',#1884,.T.);
#2021=FACE_BOUND('',#1885,.T.);
#2022=FACE_BOUND('',#1886,.T.);
#2023=FACE_BOUND('',#1887,.T.);
#2024=FACE_BOUND('',#1888,.T.);
#2025=FACE_BOUND('',#1889,.T.);
#2026=FACE_BOUND('',#1890,.T.);
#2027=FACE_BOUND('',#1891,.T.);
#2028=FACE_BOUND('',#1892,.T.);
#2029=FACE_BOUND('',#1893,.T.);
#2030=FACE_BOUND('',#1894,.T.);
#2031=FACE_BOUND('',#1895,.T.);
#2032=FACE_BOUND('',#1896,.T.);
#2033=FACE_BOUND('',#1897,.T.);
#2034=FACE_BOUND('',#1898,.T.);
#2035=FACE_BOUND('',#1899,.T.);
#2036=FACE_BOUND('',#1900,.T.);
#2037=FACE_BOUND('',#1901,.T.);
#2038=FACE_BOUND('',#1902,.T.);
#2039=FACE_BOUND('',#1903,.T.);
#2040=FACE_BOUND('',#1904,.T.);
#2041=FACE_BOUND('',#1905,.T.);
#2042=FACE_BOUND('',#1906,.T.);
#2043=FACE_BOUND('',#1907,.T.);
#2044=FACE_BOUND('',#1908,.T.);
#2045=FACE_BOUND('',#1909,.T.);
#2046=FACE_BOUND('',#1910,.T.);
#2047=FACE_BOUND('',#1911,.T.);
#2048=FACE_BOUND('',#1912,.T.);
#2049=FACE_BOUND('',#1913,.T.);
#2050=FACE_BOUND('',#1914,.T.);
#2051=FACE_BOUND('',#1915,.T.);
#2052=FACE_BOUND('',#1916,.T.);
#2053=FACE_BOUND('',#1917,.T.);
#2054=FACE_BOUND('',#1918,.T.);
#2055=FACE_BOUND('',#1919,.T.);
#2056=FACE_BOUND('',#1920,.T.);
#2057=FACE_BOUND('',#1921,.T.);
#2058=FACE_BOUND('',#1922,.T.);
#2059=FACE_BOUND('',#1923,.T.);
#2060=FACE_BOUND('',#1924,.T.);
#2061=FACE_BOUND('',#1925,.T.);
#2062=FACE_BOUND('',#1926,.T.);
#2063=FACE_BOUND('',#1927,.T.);
#2064=FACE_BOUND('',#1928,.T.);
#2065=FACE_BOUND('',#1929,.T.);
#2066=FACE_BOUND('',#1930,.T.);
#2067=CYLINDRICAL_SURFACE('',#2244,0.00375);
#2068=CYLINDRICAL_SURFACE('',#2247,0.00375);
#2069=CYLINDRICAL_SURFACE('',#2250,0.00375);
#2070=CYLINDRICAL_SURFACE('',#2254,0.00192);
#2071=CYLINDRICAL_SURFACE('',#2256,0.00192);
#2072=CYLINDRICAL_SURFACE('',#2267,0.00375);
#2073=CYLINDRICAL_SURFACE('',#2281,0.001);
#2074=CYLINDRICAL_SURFACE('',#2299,0.003);
#2075=CYLINDRICAL_SURFACE('',#2301,0.003);
#2076=CYLINDRICAL_SURFACE('',#2304,0.007);
#2077=CYLINDRICAL_SURFACE('',#2313,0.007);
#2078=CYLINDRICAL_SURFACE('',#2334,0.00863208013356345);
#2079=CYLINDRICAL_SURFACE('',#2335,0.00863208013356345);
#2080=CYLINDRICAL_SURFACE('',#2338,0.00625);
#2081=CYLINDRICAL_SURFACE('',#2342,0.00625);
#2082=CYLINDRICAL_SURFACE('',#2346,0.0035);
#2083=CYLINDRICAL_SURFACE('',#2350,0.0035);
#2084=CYLINDRICAL_SURFACE('',#2353,0.0035);
#2085=CYLINDRICAL_SURFACE('',#2355,0.0035);
#2086=CYLINDRICAL_SURFACE('',#2359,0.0035);
#2087=CYLINDRICAL_SURFACE('',#2362,0.0035);
#2088=CYLINDRICAL_SURFACE('',#2374,0.00325);
#2089=CYLINDRICAL_SURFACE('',#2379,0.00325);
#2090=CYLINDRICAL_SURFACE('',#2380,0.00375);
#2091=CYLINDRICAL_SURFACE('',#2385,0.00325);
#2092=CYLINDRICAL_SURFACE('',#2418,0.001);
#2093=CYLINDRICAL_SURFACE('',#2419,0.001);
#2094=CYLINDRICAL_SURFACE('',#2420,0.001);
#2095=CYLINDRICAL_SURFACE('',#2421,0.001);
#2096=CYLINDRICAL_SURFACE('',#2422,0.0005);
#2097=CYLINDRICAL_SURFACE('',#2423,0.0005);
#2098=CYLINDRICAL_SURFACE('',#2424,0.0005);
#2099=CYLINDRICAL_SURFACE('',#2425,0.0005);
#2100=CYLINDRICAL_SURFACE('',#2426,0.00192);
#2101=CYLINDRICAL_SURFACE('',#2428,0.00192);
#2102=CYLINDRICAL_SURFACE('',#2439,0.00105);
#2103=CYLINDRICAL_SURFACE('',#2459,0.002);
#2104=CYLINDRICAL_SURFACE('',#2465,0.0015);
#2105=CYLINDRICAL_SURFACE('',#2469,0.0015);
#2106=CYLINDRICAL_SURFACE('',#2473,0.0003);
#2107=CYLINDRICAL_SURFACE('',#2475,0.0003);
#2108=ADVANCED_FACE('',(#1931),#2067,.T.);
#2109=ADVANCED_FACE('',(#1932),#2068,.T.);
#2110=ADVANCED_FACE('',(#1933),#2069,.T.);
#2111=ADVANCED_FACE('',(#1934),#2070,.F.);
#2112=ADVANCED_FACE('',(#1935),#2071,.F.);
#2113=ADVANCED_FACE('',(#1936),#56,.F.);
#2114=ADVANCED_FACE('',(#1937,#1938),#57,.F.);
#2115=ADVANCED_FACE('',(#1939),#58,.T.);
#2116=ADVANCED_FACE('',(#1940),#59,.T.);
#2117=ADVANCED_FACE('',(#1941),#60,.T.);
#2118=ADVANCED_FACE('',(#1942),#61,.T.);
#2119=ADVANCED_FACE('',(#1943),#2072,.T.);
#2120=ADVANCED_FACE('',(#1944),#62,.T.);
#2121=ADVANCED_FACE('',(#1945),#63,.T.);
#2122=ADVANCED_FACE('',(#1946,#1947),#64,.F.);
#2123=ADVANCED_FACE('',(#1948,#1949),#2073,.F.);
#2124=ADVANCED_FACE('',(#1950),#65,.T.);
#2125=ADVANCED_FACE('',(#1951),#66,.T.);
#2126=ADVANCED_FACE('',(#1952),#67,.T.);
#2127=ADVANCED_FACE('',(#1953),#68,.T.);
#2128=ADVANCED_FACE('',(#1954,#1955),#2074,.T.);
#2129=ADVANCED_FACE('',(#1956,#1957),#2075,.T.);
#2130=ADVANCED_FACE('',(#1958),#2076,.F.);
#2131=ADVANCED_FACE('',(#1959,#1960),#69,.T.);
#2132=ADVANCED_FACE('',(#1961,#1962),#70,.T.);
#2133=ADVANCED_FACE('',(#1963),#2077,.F.);
#2134=ADVANCED_FACE('',(#1964,#1965),#71,.F.);
#2135=ADVANCED_FACE('',(#1966),#72,.F.);
#2136=ADVANCED_FACE('',(#1967),#73,.T.);
#2137=ADVANCED_FACE('',(#1968),#74,.F.);
#2138=ADVANCED_FACE('',(#1969),#2078,.F.);
#2139=ADVANCED_FACE('',(#1970),#2079,.F.);
#2140=ADVANCED_FACE('',(#1971),#23,.F.);
#2141=ADVANCED_FACE('',(#1972),#24,.F.);
#2142=ADVANCED_FACE('',(#1973),#2080,.T.);
#2143=ADVANCED_FACE('',(#1974),#2081,.T.);
#2144=ADVANCED_FACE('',(#1975),#2082,.T.);
#2145=ADVANCED_FACE('',(#1976),#17,.T.);
#2146=ADVANCED_FACE('',(#1977),#2083,.T.);
#2147=ADVANCED_FACE('',(#1978),#18,.T.);
#2148=ADVANCED_FACE('',(#1979),#2084,.T.);
#2149=ADVANCED_FACE('',(#1980),#2085,.T.);
#2150=ADVANCED_FACE('',(#1981),#19,.T.);
#2151=ADVANCED_FACE('',(#1982),#2086,.T.);
#2152=ADVANCED_FACE('',(#1983),#20,.T.);
#2153=ADVANCED_FACE('',(#1984),#2087,.T.);
#2154=ADVANCED_FACE('',(#1985),#13,.T.);
#2155=ADVANCED_FACE('',(#1986),#25,.T.);
#2156=ADVANCED_FACE('',(#1987),#14,.T.);
#2157=ADVANCED_FACE('',(#1988),#15,.T.);
#2158=ADVANCED_FACE('',(#1989),#26,.T.);
#2159=ADVANCED_FACE('',(#1990),#16,.T.);
#2160=ADVANCED_FACE('',(#1991,#1992),#2088,.F.);
#2161=ADVANCED_FACE('',(#1993),#2089,.T.);
#2162=ADVANCED_FACE('',(#1994,#1995),#2090,.T.);
#2163=ADVANCED_FACE('',(#1996,#1997),#75,.F.);
#2164=ADVANCED_FACE('',(#1998),#76,.T.);
#2165=ADVANCED_FACE('',(#1999),#2091,.T.);
#2166=ADVANCED_FACE('',(#2000),#77,.T.);
#2167=ADVANCED_FACE('',(#2001),#78,.T.);
#2168=ADVANCED_FACE('',(#2002),#79,.T.);
#2169=ADVANCED_FACE('',(#2003),#80,.T.);
#2170=ADVANCED_FACE('',(#2004),#81,.T.);
#2171=ADVANCED_FACE('',(#2005),#82,.F.);
#2172=ADVANCED_FACE('',(#2006),#83,.T.);
#2173=ADVANCED_FACE('',(#2007),#84,.F.);
#2174=ADVANCED_FACE('',(#2008),#85,.T.);
#2175=ADVANCED_FACE('',(#2009),#86,.T.);
#2176=ADVANCED_FACE('',(#2010),#87,.T.);
#2177=ADVANCED_FACE('',(#2011),#88,.T.);
#2178=ADVANCED_FACE('',(#2012),#89,.F.);
#2179=ADVANCED_FACE('',(#2013),#90,.F.);
#2180=ADVANCED_FACE('',(#2014),#91,.T.);
#2181=ADVANCED_FACE('',(#2015),#92,.F.);
#2182=ADVANCED_FACE('',(#2016),#93,.T.);
#2183=ADVANCED_FACE('',(#2017),#94,.T.);
#2184=ADVANCED_FACE('',(#2018),#95,.F.);
#2185=ADVANCED_FACE('',(#2019),#96,.F.);
#2186=ADVANCED_FACE('',(#2020),#97,.T.);
#2187=ADVANCED_FACE('',(#2021),#98,.F.);
#2188=ADVANCED_FACE('',(#2022),#99,.T.);
#2189=ADVANCED_FACE('',(#2023),#100,.T.);
#2190=ADVANCED_FACE('',(#2024),#2092,.T.);
#2191=ADVANCED_FACE('',(#2025),#2093,.T.);
#2192=ADVANCED_FACE('',(#2026),#2094,.T.);
#2193=ADVANCED_FACE('',(#2027),#2095,.T.);
#2194=ADVANCED_FACE('',(#2028),#2096,.T.);
#2195=ADVANCED_FACE('',(#2029),#2097,.T.);
#2196=ADVANCED_FACE('',(#2030),#2098,.T.);
#2197=ADVANCED_FACE('',(#2031),#2099,.T.);
#2198=ADVANCED_FACE('',(#2032),#2100,.F.);
#2199=ADVANCED_FACE('',(#2033),#2101,.F.);
#2200=ADVANCED_FACE('',(#2034,#2035),#101,.T.);
#2201=ADVANCED_FACE('',(#2036),#102,.T.);
#2202=ADVANCED_FACE('',(#2037),#103,.T.);
#2203=ADVANCED_FACE('',(#2038),#104,.T.);
#2204=ADVANCED_FACE('',(#2039),#105,.T.);
#2205=ADVANCED_FACE('',(#2040),#106,.T.);
#2206=ADVANCED_FACE('',(#2041,#2042),#2102,.F.);
#2207=ADVANCED_FACE('',(#2043),#107,.F.);
#2208=ADVANCED_FACE('',(#2044),#108,.F.);
#2209=ADVANCED_FACE('',(#2045),#109,.F.);
#2210=ADVANCED_FACE('',(#2046),#110,.T.);
#2211=ADVANCED_FACE('',(#2047),#111,.T.);
#2212=ADVANCED_FACE('',(#2048),#112,.T.);
#2213=ADVANCED_FACE('',(#2049),#113,.T.);
#2214=ADVANCED_FACE('',(#2050),#114,.T.);
#2215=ADVANCED_FACE('',(#2051),#115,.T.);
#2216=ADVANCED_FACE('',(#2052),#116,.F.);
#2217=ADVANCED_FACE('',(#2053),#117,.F.);
#2218=ADVANCED_FACE('',(#2054),#2103,.F.);
#2219=ADVANCED_FACE('',(#2055),#27,.F.);
#2220=ADVANCED_FACE('',(#2056),#28,.F.);
#2221=ADVANCED_FACE('',(#2057),#29,.F.);
#2222=ADVANCED_FACE('',(#2058),#2104,.T.);
#2223=ADVANCED_FACE('',(#2059),#30,.T.);
#2224=ADVANCED_FACE('',(#2060),#2105,.T.);
#2225=ADVANCED_FACE('',(#2061),#12,.T.);
#2226=ADVANCED_FACE('',(#2062),#21,.F.);
#2227=ADVANCED_FACE('',(#2063),#2106,.F.);
#2228=ADVANCED_FACE('',(#2064),#22,.F.);
#2229=ADVANCED_FACE('',(#2065),#2107,.F.);
#2230=ADVANCED_FACE('',(#2066),#31,.T.);
#2231=CLOSED_SHELL('',(#2108,#2109,#2110,#2111,#2112,#2113,#2114,#2115,
#2116,#2117,#2118,#2119,#2120,#2121,#2122,#2123,#2124,#2125,#2126,#2127,
#2128,#2129,#2130,#2131,#2132,#2133,#2134,#2135,#2136,#2137,#2138,#2139,
#2140,#2141,#2142,#2143,#2144,#2145,#2146,#2147,#2148,#2149,#2150,#2151,
#2152,#2153,#2154,#2155,#2156,#2157,#2158,#2159,#2160,#2161,#2162,#2163,
#2164,#2165,#2166,#2167,#2168,#2169,#2170,#2171,#2172,#2173,#2174,#2175,
#2176,#2177,#2178,#2179,#2180,#2181,#2182,#2183,#2184,#2185,#2186,#2187,
#2188,#2189,#2190,#2191,#2192,#2193,#2194,#2195,#2196,#2197,#2198,#2199,
#2200,#2201,#2202,#2203,#2204,#2205,#2206,#2207,#2208,#2209,#2210,#2211,
#2212,#2213,#2214,#2215,#2216,#2217,#2218,#2219,#2220,#2221,#2222,#2223,
#2224,#2225,#2226,#2227,#2228,#2229,#2230));
#2232=STYLED_ITEM('',(#2233),#2240);
#2233=PRESENTATION_STYLE_ASSIGNMENT((#2234));
#2234=SURFACE_STYLE_USAGE(.BOTH.,#2235);
#2235=SURFACE_SIDE_STYLE('',(#2236));
#2236=SURFACE_STYLE_FILL_AREA(#2237);
#2237=FILL_AREA_STYLE('',(#2238));
#2238=FILL_AREA_STYLE_COLOUR('',#2239);
#2239=COLOUR_RGB('',0.796078431372549,0.823529411764706,0.937254901960784);
#2240=MANIFOLD_SOLID_BREP('second_thumb_hinge',#2231);
#2241=SHAPE_DEFINITION_REPRESENTATION(#4103,#2242);
#2242=SHAPE_REPRESENTATION('second_thumb_hinge',(#2243),#4098);
#2243=AXIS2_PLACEMENT_3D('',#3092,#2477,#2478);
#2244=AXIS2_PLACEMENT_3D('',#3093,#2479,#2480);
#2245=AXIS2_PLACEMENT_3D('',#3100,#2481,#2482);
#2246=AXIS2_PLACEMENT_3D('',#3104,#2484,#2485);
#2247=AXIS2_PLACEMENT_3D('',#3105,#2486,#2487);
#2248=AXIS2_PLACEMENT_3D('',#3115,#2489,#2490);
#2249=AXIS2_PLACEMENT_3D('',#3122,#2491,#2492);
#2250=AXIS2_PLACEMENT_3D('',#3123,#2493,#2494);
#2251=AXIS2_PLACEMENT_3D('',#3124,#2495,#2496);
#2252=AXIS2_PLACEMENT_3D('',#3135,#2498,#2499);
#2253=AXIS2_PLACEMENT_3D('',#3137,#2500,#2501);
#2254=AXIS2_PLACEMENT_3D('',#3143,#2502,#2503);
#2255=AXIS2_PLACEMENT_3D('',#3158,#2505,#2506);
#2256=AXIS2_PLACEMENT_3D('',#3159,#2507,#2508);
#2257=AXIS2_PLACEMENT_3D('',#3165,#2509,#2510);
#2258=AXIS2_PLACEMENT_3D('',#3168,#2512,#2513);
#2259=AXIS2_PLACEMENT_3D('',#3189,#2525,#2526);
#2260=AXIS2_PLACEMENT_3D('',#3190,#2527,#2528);
#2261=AXIS2_PLACEMENT_3D('',#3207,#2537,#2538);
#2262=AXIS2_PLACEMENT_3D('',#3211,#2540,#2541);
#2263=AXIS2_PLACEMENT_3D('',#3216,#2544,#2545);
#2264=AXIS2_PLACEMENT_3D('',#3218,#2547,#2548);
#2265=AXIS2_PLACEMENT_3D('',#3222,#2550,#2551);
#2266=AXIS2_PLACEMENT_3D('',#3225,#2553,#2554);
#2267=AXIS2_PLACEMENT_3D('',#3229,#2557,#2558);
#2268=AXIS2_PLACEMENT_3D('',#3233,#2560,#2561);
#2269=AXIS2_PLACEMENT_3D('',#3240,#2562,#2563);
#2270=AXIS2_PLACEMENT_3D('',#3242,#2564,#2565);
#2271=AXIS2_PLACEMENT_3D('',#3243,#2566,#2567);
#2272=AXIS2_PLACEMENT_3D('',#3244,#2568,#2569);
#2273=AXIS2_PLACEMENT_3D('',#3249,#2571,#2572);
#2274=AXIS2_PLACEMENT_3D('',#3253,#2574,#2575);
#2275=AXIS2_PLACEMENT_3D('',#3256,#2577,#2578);
#2276=AXIS2_PLACEMENT_3D('',#3257,#2579,#2580);
#2277=AXIS2_PLACEMENT_3D('',#3262,#2582,#2583);
#2278=AXIS2_PLACEMENT_3D('',#3265,#2585,#2586);
#2279=AXIS2_PLACEMENT_3D('',#3266,#2587,#2588);
#2280=AXIS2_PLACEMENT_3D('',#3271,#2590,#2591);
#2281=AXIS2_PLACEMENT_3D('',#3273,#2593,#2594);
#2282=AXIS2_PLACEMENT_3D('',#3274,#2595,#2596);
#2283=AXIS2_PLACEMENT_3D('',#3278,#2598,#2599);
#2284=AXIS2_PLACEMENT_3D('',#3280,#2600,#2601);
#2285=AXIS2_PLACEMENT_3D('',#3295,#2605,#2606);
#2286=AXIS2_PLACEMENT_3D('',#3299,#2608,#2609);
#2287=AXIS2_PLACEMENT_3D('',#3301,#2610,#2611);
#2288=AXIS2_PLACEMENT_3D('',#3311,#2614,#2615);
#2289=AXIS2_PLACEMENT_3D('',#3312,#2616,#2617);
#2290=AXIS2_PLACEMENT_3D('',#3315,#2618,#2619);
#2291=AXIS2_PLACEMENT_3D('',#3323,#2623,#2624);
#2292=AXIS2_PLACEMENT_3D('',#3333,#2627,#2628);
#2293=AXIS2_PLACEMENT_3D('',#3337,#2630,#2631);
#2294=AXIS2_PLACEMENT_3D('',#3339,#2632,#2633);
#2295=AXIS2_PLACEMENT_3D('',#3349,#2636,#2637);
#2296=AXIS2_PLACEMENT_3D('',#3350,#2638,#2639);
#2297=AXIS2_PLACEMENT_3D('',#3353,#2640,#2641);
#2298=AXIS2_PLACEMENT_3D('',#3361,#2645,#2646);
#2299=AXIS2_PLACEMENT_3D('',#3371,#2649,#2650);
#2300=AXIS2_PLACEMENT_3D('',#3372,#2651,#2652);
#2301=AXIS2_PLACEMENT_3D('',#3374,#2653,#2654);
#2302=AXIS2_PLACEMENT_3D('',#3375,#2655,#2656);
#2303=AXIS2_PLACEMENT_3D('',#3377,#2657,#2658);
#2304=AXIS2_PLACEMENT_3D('',#3379,#2659,#2660);
#2305=AXIS2_PLACEMENT_3D('',#3387,#2661,#2662);
#2306=AXIS2_PLACEMENT_3D('',#3394,#2663,#2664);
#2307=AXIS2_PLACEMENT_3D('',#3395,#2665,#2666);
#2308=AXIS2_PLACEMENT_3D('',#3399,#2668,#2669);
#2309=AXIS2_PLACEMENT_3D('',#3405,#2672,#2673);
#2310=AXIS2_PLACEMENT_3D('',#3408,#2675,#2676);
#2311=AXIS2_PLACEMENT_3D('',#3412,#2678,#2679);
#2312=AXIS2_PLACEMENT_3D('',#3418,#2682,#2683);
#2313=AXIS2_PLACEMENT_3D('',#3421,#2685,#2686);
#2314=AXIS2_PLACEMENT_3D('',#3429,#2687,#2688);
#2315=AXIS2_PLACEMENT_3D('',#3436,#2689,#2690);
#2316=AXIS2_PLACEMENT_3D('',#3437,#2691,#2692);
#2317=AXIS2_PLACEMENT_3D('',#3441,#2694,#2695);
#2318=AXIS2_PLACEMENT_3D('',#3443,#2696,#2697);
#2319=AXIS2_PLACEMENT_3D('',#3445,#2698,#2699);
#2320=AXIS2_PLACEMENT_3D('',#3456,#2702,#2703);
#2321=AXIS2_PLACEMENT_3D('',#3464,#2705,#2706);
#2322=AXIS2_PLACEMENT_3D('',#3468,#2708,#2709);
#2323=AXIS2_PLACEMENT_3D('',#3470,#2710,#2711);
#2324=AXIS2_PLACEMENT_3D('',#3472,#2712,#2713);
#2325=AXIS2_PLACEMENT_3D('',#3473,#2714,#2715);
#2326=AXIS2_PLACEMENT_3D('',#3477,#2717,#2718);
#2327=AXIS2_PLACEMENT_3D('',#3479,#2719,#2720);
#2328=AXIS2_PLACEMENT_3D('',#3481,#2721,#2722);
#2329=AXIS2_PLACEMENT_3D('',#3482,#2723,#2724);
#2330=AXIS2_PLACEMENT_3D('',#3483,#2725,#2726);
#2331=AXIS2_PLACEMENT_3D('',#3486,#2727,#2728);
#2332=AXIS2_PLACEMENT_3D('',#3497,#2731,#2732);
#2333=AXIS2_PLACEMENT_3D('',#3508,#2735,#2736);
#2334=AXIS2_PLACEMENT_3D('',#3509,#2737,#2738);
#2335=AXIS2_PLACEMENT_3D('',#3532,#2739,#2740);
#2336=AXIS2_PLACEMENT_3D('',#3555,#2741,#2742);
#2337=AXIS2_PLACEMENT_3D('',#3563,#2743,#2744);
#2338=AXIS2_PLACEMENT_3D('',#3571,#2745,#2746);
#2339=AXIS2_PLACEMENT_3D('',#3578,#2747,#2748);
#2340=AXIS2_PLACEMENT_3D('',#3580,#2749,#2750);
#2341=AXIS2_PLACEMENT_3D('',#3588,#2751,#2752);
#2342=AXIS2_PLACEMENT_3D('',#3589,#2753,#2754);
#2343=AXIS2_PLACEMENT_3D('',#3590,#2755,#2756);
#2344=AXIS2_PLACEMENT_3D('',#3593,#2757,#2758);
#2345=AXIS2_PLACEMENT_3D('',#3601,#2759,#2760);
#2346=AXIS2_PLACEMENT_3D('',#3607,#2761,#2762);
#2347=AXIS2_PLACEMENT_3D('',#3608,#2763,#2764);
#2348=AXIS2_PLACEMENT_3D('',#3609,#2765,#2766);
#2349=AXIS2_PLACEMENT_3D('',#3634,#2767,#2768);
#2350=AXIS2_PLACEMENT_3D('',#3645,#2769,#2770);
#2351=AXIS2_PLACEMENT_3D('',#3651,#2771,#2772);
#2352=AXIS2_PLACEMENT_3D('',#3677,#2773,#2774);
#2353=AXIS2_PLACEMENT_3D('',#3697,#2775,#2776);
#2354=AXIS2_PLACEMENT_3D('',#3698,#2777,#2778);
#2355=AXIS2_PLACEMENT_3D('',#3699,#2779,#2780);
#2356=AXIS2_PLACEMENT_3D('',#3700,#2781,#2782);
#2357=AXIS2_PLACEMENT_3D('',#3701,#2783,#2784);
#2358=AXIS2_PLACEMENT_3D('',#3726,#2785,#2786);
#2359=AXIS2_PLACEMENT_3D('',#3737,#2787,#2788);
#2360=AXIS2_PLACEMENT_3D('',#3743,#2789,#2790);
#2361=AXIS2_PLACEMENT_3D('',#3769,#2791,#2792);
#2362=AXIS2_PLACEMENT_3D('',#3789,#2793,#2794);
#2363=AXIS2_PLACEMENT_3D('',#3790,#2795,#2796);
#2364=AXIS2_PLACEMENT_3D('',#3791,#2797,#2798);
#2365=AXIS2_PLACEMENT_3D('',#3792,#2799,#2800);
#2366=AXIS2_PLACEMENT_3D('',#3793,#2801,#2802);
#2367=AXIS2_PLACEMENT_3D('',#3794,#2803,#2804);
#2368=AXIS2_PLACEMENT_3D('',#3795,#2805,#2806);
#2369=AXIS2_PLACEMENT_3D('',#3796,#2807,#2808);
#2370=AXIS2_PLACEMENT_3D('',#3797,#2809,#2810);
#2371=AXIS2_PLACEMENT_3D('',#3798,#2811,#2812);
#2372=AXIS2_PLACEMENT_3D('',#3799,#2813,#2814);
#2373=AXIS2_PLACEMENT_3D('',#3800,#2815,#2816);
#2374=AXIS2_PLACEMENT_3D('',#3801,#2817,#2818);
#2375=AXIS2_PLACEMENT_3D('',#3804,#2820,#2821);
#2376=AXIS2_PLACEMENT_3D('',#3807,#2823,#2824);
#2377=AXIS2_PLACEMENT_3D('',#3812,#2827,#2828);
#2378=AXIS2_PLACEMENT_3D('',#3815,#2830,#2831);
#2379=AXIS2_PLACEMENT_3D('',#3818,#2833,#2834);
#2380=AXIS2_PLACEMENT_3D('',#3819,#2835,#2836);
#2381=AXIS2_PLACEMENT_3D('',#3820,#2837,#2838);
#2382=AXIS2_PLACEMENT_3D('',#3822,#2839,#2840);
#2383=AXIS2_PLACEMENT_3D('',#3824,#2841,#2842);
#2384=AXIS2_PLACEMENT_3D('',#3825,#2843,#2844);
#2385=AXIS2_PLACEMENT_3D('',#3826,#2845,#2846);
#2386=AXIS2_PLACEMENT_3D('',#3827,#2847,#2848);
#2387=AXIS2_PLACEMENT_3D('',#3831,#2850,#2851);
#2388=AXIS2_PLACEMENT_3D('',#3833,#2852,#2853);
#2389=AXIS2_PLACEMENT_3D('',#3839,#2857,#2858);
#2390=AXIS2_PLACEMENT_3D('',#3844,#2862,#2863);
#2391=AXIS2_PLACEMENT_3D('',#3845,#2864,#2865);
#2392=AXIS2_PLACEMENT_3D('',#3847,#2866,#2867);
#2393=AXIS2_PLACEMENT_3D('',#3852,#2870,#2871);
#2394=AXIS2_PLACEMENT_3D('',#3853,#2872,#2873);
#2395=AXIS2_PLACEMENT_3D('',#3856,#2876,#2877);
#2396=AXIS2_PLACEMENT_3D('',#3857,#2878,#2879);
#2397=AXIS2_PLACEMENT_3D('',#3860,#2882,#2883);
#2398=AXIS2_PLACEMENT_3D('',#3861,#2884,#2885);
#2399=AXIS2_PLACEMENT_3D('',#3865,#2887,#2888);
#2400=AXIS2_PLACEMENT_3D('',#3867,#2889,#2890);
#2401=AXIS2_PLACEMENT_3D('',#3873,#2894,#2895);
#2402=AXIS2_PLACEMENT_3D('',#3878,#2899,#2900);
#2403=AXIS2_PLACEMENT_3D('',#3879,#2901,#2902);
#2404=AXIS2_PLACEMENT_3D('',#3881,#2903,#2904);
#2405=AXIS2_PLACEMENT_3D('',#3886,#2907,#2908);
#2406=AXIS2_PLACEMENT_3D('',#3887,#2909,#2910);
#2407=AXIS2_PLACEMENT_3D('',#3890,#2913,#2914);
#2408=AXIS2_PLACEMENT_3D('',#3892,#2916,#2917);
#2409=AXIS2_PLACEMENT_3D('',#3893,#2918,#2919);
#2410=AXIS2_PLACEMENT_3D('',#3895,#2921,#2922);
#2411=AXIS2_PLACEMENT_3D('',#3898,#2925,#2926);
#2412=AXIS2_PLACEMENT_3D('',#3899,#2927,#2928);
#2413=AXIS2_PLACEMENT_3D('',#3901,#2930,#2931);
#2414=AXIS2_PLACEMENT_3D('',#3904,#2934,#2935);
#2415=AXIS2_PLACEMENT_3D('',#3905,#2936,#2937);
#2416=AXIS2_PLACEMENT_3D('',#3907,#2939,#2940);
#2417=AXIS2_PLACEMENT_3D('',#3910,#2943,#2944);
#2418=AXIS2_PLACEMENT_3D('',#3911,#2945,#2946);
#2419=AXIS2_PLACEMENT_3D('',#3913,#2948,#2949);
#2420=AXIS2_PLACEMENT_3D('',#3915,#2951,#2952);
#2421=AXIS2_PLACEMENT_3D('',#3917,#2954,#2955);
#2422=AXIS2_PLACEMENT_3D('',#3919,#2957,#2958);
#2423=AXIS2_PLACEMENT_3D('',#3920,#2959,#2960);
#2424=AXIS2_PLACEMENT_3D('',#3921,#2961,#2962);
#2425=AXIS2_PLACEMENT_3D('',#3922,#2963,#2964);
#2426=AXIS2_PLACEMENT_3D('',#3923,#2965,#2966);
#2427=AXIS2_PLACEMENT_3D('',#3929,#2967,#2968);
#2428=AXIS2_PLACEMENT_3D('',#3930,#2969,#2970);
#2429=AXIS2_PLACEMENT_3D('',#3937,#2971,#2972);
#2430=AXIS2_PLACEMENT_3D('',#3943,#2973,#2974);
#2431=AXIS2_PLACEMENT_3D('',#3955,#2975,#2976);
#2432=AXIS2_PLACEMENT_3D('',#3957,#2977,#2978);
#2433=AXIS2_PLACEMENT_3D('',#3958,#2979,#2980);
#2434=AXIS2_PLACEMENT_3D('',#3966,#2981,#2982);
#2435=AXIS2_PLACEMENT_3D('',#3973,#2987,#2988);
#2436=AXIS2_PLACEMENT_3D('',#3976,#2991,#2992);
#2437=AXIS2_PLACEMENT_3D('',#3978,#2994,#2995);
#2438=AXIS2_PLACEMENT_3D('',#3981,#2998,#2999);
#2439=AXIS2_PLACEMENT_3D('',#3982,#3000,#3001);
#2440=AXIS2_PLACEMENT_3D('',#3983,#3002,#3003);
#2441=AXIS2_PLACEMENT_3D('',#3990,#3004,#3005);
#2442=AXIS2_PLACEMENT_3D('',#3991,#3006,#3007);
#2443=AXIS2_PLACEMENT_3D('',#3996,#3011,#3012);
#2444=AXIS2_PLACEMENT_3D('',#3997,#3013,#3014);
#2445=AXIS2_PLACEMENT_3D('',#4008,#3018,#3019);
#2446=AXIS2_PLACEMENT_3D('',#4009,#3020,#3021);
#2447=AXIS2_PLACEMENT_3D('',#4013,#3024,#3025);
#2448=AXIS2_PLACEMENT_3D('',#4015,#3027,#3028);
#2449=AXIS2_PLACEMENT_3D('',#4016,#3029,#3030);
#2450=AXIS2_PLACEMENT_3D('',#4019,#3032,#3033);
#2451=AXIS2_PLACEMENT_3D('',#4020,#3034,#3035);
#2452=AXIS2_PLACEMENT_3D('',#4021,#3036,#3037);
#2453=AXIS2_PLACEMENT_3D('',#4022,#3038,#3039);
#2454=AXIS2_PLACEMENT_3D('',#4030,#3044,#3045);
#2455=AXIS2_PLACEMENT_3D('',#4031,#3046,#3047);
#2456=AXIS2_PLACEMENT_3D('',#4033,#3049,#3050);
#2457=AXIS2_PLACEMENT_3D('',#4035,#3052,#3053);
#2458=AXIS2_PLACEMENT_3D('',#4036,#3054,#3055);
#2459=AXIS2_PLACEMENT_3D('',#4037,#3056,#3057);
#2460=AXIS2_PLACEMENT_3D('',#4038,#3058,#3059);
#2461=AXIS2_PLACEMENT_3D('',#4039,#3060,#3061);
#2462=AXIS2_PLACEMENT_3D('',#4040,#3062,#3063);
#2463=AXIS2_PLACEMENT_3D('',#4041,#3064,#3065);
#2464=AXIS2_PLACEMENT_3D('',#4042,#3066,#3067);
#2465=AXIS2_PLACEMENT_3D('',#4043,#3068,#3069);
#2466=AXIS2_PLACEMENT_3D('',#4044,#3070,#3071);
#2467=AXIS2_PLACEMENT_3D('',#4045,#3072,#3073);
#2468=AXIS2_PLACEMENT_3D('',#4046,#3074,#3075);
#2469=AXIS2_PLACEMENT_3D('',#4047,#3076,#3077);
#2470=AXIS2_PLACEMENT_3D('',#4048,#3078,#3079);
#2471=AXIS2_PLACEMENT_3D('',#4054,#3080,#3081);
#2472=AXIS2_PLACEMENT_3D('',#4076,#3082,#3083);
#2473=AXIS2_PLACEMENT_3D('',#4077,#3084,#3085);
#2474=AXIS2_PLACEMENT_3D('',#4094,#3086,#3087);
#2475=AXIS2_PLACEMENT_3D('',#4095,#3088,#3089);
#2476=AXIS2_PLACEMENT_3D('',#4096,#3090,#3091);
#2477=DIRECTION('',(0.,0.,1.));
#2478=DIRECTION('',(1.,0.,0.));
#2479=DIRECTION('',(0.,0.,1.));
#2480=DIRECTION('',(0.,-1.,0.));
#2481=DIRECTION('',(0.,0.,1.));
#2482=DIRECTION('',(0.,-1.,0.));
#2483=DIRECTION('',(0.,0.,-1.));
#2484=DIRECTION('',(0.,0.,1.));
#2485=DIRECTION('',(0.,-1.,0.));
#2486=DIRECTION('',(0.,0.,1.));
#2487=DIRECTION('',(0.,-1.,0.));
#2488=DIRECTION('',(0.,0.,-1.));
#2489=DIRECTION('',(0.,0.,1.));
#2490=DIRECTION('',(0.,1.,0.));
#2491=DIRECTION('',(0.,0.,-1.));
#2492=DIRECTION('',(0.,1.,0.));
#2493=DIRECTION('',(0.,0.,1.));
#2494=DIRECTION('',(0.,-1.,0.));
#2495=DIRECTION('',(0.,0.,1.));
#2496=DIRECTION('',(0.,1.,0.));
#2497=DIRECTION('',(0.,0.,-1.));
#2498=DIRECTION('',(0.,0.,-1.));
#2499=DIRECTION('',(0.,1.,0.));
#2500=DIRECTION('',(0.,0.,-1.));
#2501=DIRECTION('',(0.,1.,0.));
#2502=DIRECTION('',(-0.999918603970215,-0.0127587395245896,-6.93889390390723E-18));
#2503=DIRECTION('',(0.0127585864231594,-0.999906605216883,0.00489890968800998));
#2504=DIRECTION('',(-0.999918603970215,-0.0127587395245896,-6.93889390390723E-18));
#2505=DIRECTION('',(0.999918603970215,0.0127587395245896,6.93889390390723E-18));
#2506=DIRECTION('',(-0.0127585864231594,0.999906605216883,-0.00489890968800998));
#2507=DIRECTION('',(-0.999918603970215,-0.0127587395245896,-6.93889390390723E-18));
#2508=DIRECTION('',(0.0127585864231594,-0.999906605216883,0.00489890968800998));
#2509=DIRECTION('',(0.999918603970215,0.0127587395245896,6.93889390390723E-18));
#2510=DIRECTION('',(-0.0127585864231594,0.999906605216883,-0.00489890968800998));
#2511=DIRECTION('',(-0.999918603970215,-0.0127587395245896,-6.93889390390723E-18));
#2512=DIRECTION('',(0.,0.,-1.));
#2513=DIRECTION('',(0.,1.,0.));
#2514=DIRECTION('',(0.363540864149481,-0.931578252265181,0.));
#2515=DIRECTION('',(-1.,0.,0.));
#2516=DIRECTION('',(-2.78748573609816E-33,1.,0.));
#2517=DIRECTION('',(-0.999918603970215,-0.0127587395245895,0.));
#2518=DIRECTION('',(0.0127587395245895,-0.999918603970215,0.));
#2519=DIRECTION('',(0.999918603970215,0.0127587395245894,0.));
#2520=DIRECTION('',(-2.78748573609816E-33,1.,0.));
#2521=DIRECTION('',(1.,0.,0.));
#2522=DIRECTION('',(-0.363540864149481,-0.931578252265181,0.));
#2523=DIRECTION('',(0.0127587395245896,-0.999918603970215,0.));
#2524=DIRECTION('',(-0.999918603970215,-0.0127587395245896,-6.93889390390723E-18));
#2525=DIRECTION('',(0.999918603970215,0.0127587395245895,3.23300105708927E-17));
#2526=DIRECTION('',(0.0120970753313032,-0.948063141667474,-0.31785207279492));
#2527=DIRECTION('',(0.999918603970215,0.0127587395245895,3.23300105708927E-17));
#2528=DIRECTION('',(-0.0127587395245895,0.999918603970215,0.));
#2529=DIRECTION('',(-5.98186080744766E-18,-2.0651441792024E-15,1.));
#2530=DIRECTION('',(-0.0127587395245895,0.999918603970215,-4.65951805892226E-16));
#2531=DIRECTION('',(-4.46691295064028E-17,9.43689570931383E-16,1.));
#2532=DIRECTION('',(-0.0110493925485631,0.865954912754878,0.5));
#2533=DIRECTION('',(-0.011049392548563,0.865954912754878,-0.5));
#2534=DIRECTION('',(3.6429192995513E-17,-2.77555756156289E-16,-1.));
#2535=DIRECTION('',(0.0110493925485631,-0.865954912754878,-0.5));
#2536=DIRECTION('',(0.011049392548563,-0.865954912754878,0.5));
#2537=DIRECTION('',(0.00637936976229476,-0.499959301985107,-0.866025403784438));
#2538=DIRECTION('',(-0.011049392548563,0.865954912754878,-0.5));
#2539=DIRECTION('',(-2.99074781075541E-18,-0.866043026362501,0.49996947555714));
#2540=DIRECTION('',(0.00637936976229476,-0.499959301985108,-0.866025403784439));
#2541=DIRECTION('',(0.40801002996881,-0.789373165784743,0.458713222595363));
#2542=DIRECTION('',(0.011049392548563,-0.865954912754878,0.5));
#2543=DIRECTION('',(-0.999918603970215,-0.0127587395245895,-3.23300105708927E-17));
#2544=DIRECTION('',(0.00637936976229476,-0.499959301985107,-0.866025403784438));
#2545=DIRECTION('',(-0.011049392548563,0.865954912754878,-0.5));
#2546=DIRECTION('',(2.99074781075541E-18,0.866043026362501,-0.49996947555714));
#2547=DIRECTION('',(-0.0063793697622947,0.499959301985107,-0.866025403784439));
#2548=DIRECTION('',(-0.0110493925485631,0.865954912754878,0.5));
#2549=DIRECTION('',(0.0110493925485631,-0.865954912754878,-0.5));
#2550=DIRECTION('',(-0.0063793697622947,0.499959301985107,-0.866025403784439));
#2551=DIRECTION('',(-0.413591969301597,-0.789815428561694,-0.452916407005901));
#2552=DIRECTION('',(2.99074781075541E-18,-0.866043026362501,-0.499969475557139));
#2553=DIRECTION('',(-0.0063793697622947,0.499959301985107,-0.866025403784439));
#2554=DIRECTION('',(-0.0110493925485631,0.865954912754878,0.5));
#2555=DIRECTION('',(-0.999918603970215,-0.0127587395245895,-3.23300105708927E-17));
#2556=DIRECTION('',(-2.99074781075541E-18,0.866043026362501,0.499969475557139));
#2557=DIRECTION('',(0.,0.,1.));
#2558=DIRECTION('',(0.,-1.,0.));
#2559=DIRECTION('',(0.,0.,-1.));
#2560=DIRECTION('',(0.,0.,1.));
#2561=DIRECTION('',(0.,-1.,0.));
#2562=DIRECTION('',(0.,0.,1.));
#2563=DIRECTION('',(0.,-1.,0.));
#2564=DIRECTION('',(0.,0.,1.));
#2565=DIRECTION('',(0.,-1.,0.));
#2566=DIRECTION('',(0.,0.,-1.));
#2567=DIRECTION('',(0.,1.,0.));
#2568=DIRECTION('',(0.,0.,-1.));
#2569=DIRECTION('',(0.,1.,0.));
#2570=DIRECTION('',(0.0127587395245895,-0.999918603970215,0.));
#2571=DIRECTION('',(0.,0.,1.));
#2572=DIRECTION('',(0.,-1.,0.));
#2573=DIRECTION('',(-0.363540864149481,-0.931578252265181,0.));
#2574=DIRECTION('',(0.,0.,-1.));
#2575=DIRECTION('',(0.,1.,0.));
#2576=DIRECTION('',(0.363540864149481,-0.931578252265181,0.));
#2577=DIRECTION('',(0.,0.,1.));
#2578=DIRECTION('',(0.,1.,0.));
#2579=DIRECTION('',(0.,0.,1.));
#2580=DIRECTION('',(0.,-1.,0.));
#2581=DIRECTION('',(-0.363540864149481,-0.931578252265181,0.));
#2582=DIRECTION('',(0.,0.,1.));
#2583=DIRECTION('',(0.,-1.,0.));
#2584=DIRECTION('',(0.363540864149481,-0.931578252265181,0.));
#2585=DIRECTION('',(0.,0.,1.));
#2586=DIRECTION('',(0.,1.,0.));
#2587=DIRECTION('',(0.,0.,1.));
#2588=DIRECTION('',(0.,-1.,0.));
#2589=DIRECTION('',(-0.999918603970215,-0.0127587395245896,-6.93889390390723E-18));
#2590=DIRECTION('',(0.,0.,1.));
#2591=DIRECTION('',(0.,-1.,0.));
#2592=DIRECTION('',(-0.0127587395245896,0.999918603970215,0.));
#2593=DIRECTION('',(9.71445146547012E-17,-4.74091033866716E-17,-1.));
#2594=DIRECTION('',(0.929042284282785,-0.369973558534424,1.45716771982052E-16));
#2595=DIRECTION('',(0.,0.,1.));
#2596=DIRECTION('',(0.,-1.,0.));
#2597=DIRECTION('',(9.71445146547012E-17,-4.74091033866716E-17,-1.));
#2598=DIRECTION('',(-0.00637936976229476,0.499959301985108,0.866025403784439));
#2599=DIRECTION('',(-0.0110493925485629,0.865954912754878,-0.5));
#2600=DIRECTION('',(0.00637936976229469,-0.499959301985107,0.866025403784439));
#2601=DIRECTION('',(0.0110493925485632,-0.865954912754878,-0.5));
#2602=DIRECTION('',(9.71445146547012E-17,-4.74091033866716E-17,-1.));
#2603=DIRECTION('',(9.71445146547012E-17,-4.74091033866716E-17,-1.));
#2604=DIRECTION('',(9.71445146547012E-17,-4.74091033866716E-17,-1.));
#2605=DIRECTION('',(0.,0.707106781186549,-0.707106781186546));
#2606=DIRECTION('',(0.,0.707106781186546,0.707106781186549));
#2607=DIRECTION('',(-1.,0.,0.));
#2608=DIRECTION('',(0.,0.707106781186549,-0.707106781186546));
#2609=DIRECTION('',(0.,0.707106781186546,0.707106781186549));
#2610=DIRECTION('',(0.,0.707106781186549,-0.707106781186546));
#2611=DIRECTION('',(0.,0.707106781186546,0.707106781186549));
#2612=DIRECTION('',(-1.,0.,0.));
#2613=DIRECTION('',(0.,-0.707106781186546,-0.707106781186549));
#2614=DIRECTION('',(0.,-0.707106781186548,0.707106781186547));
#2615=DIRECTION('',(0.,-0.707106781186547,-0.707106781186548));
#2616=DIRECTION('',(0.,-0.707106781186548,0.707106781186547));
#2617=DIRECTION('',(0.,-0.707106781186547,-0.707106781186548));
#2618=DIRECTION('',(0.,-0.707106781186548,0.707106781186547));
#2619=DIRECTION('',(0.,-0.707106781186547,-0.707106781186548));
#2620=DIRECTION('',(-1.,0.,0.));
#2621=DIRECTION('',(0.,0.707106781186546,0.707106781186549));
#2622=DIRECTION('',(-1.,0.,0.));
#2623=DIRECTION('',(0.,-0.707106781186548,0.707106781186547));
#2624=DIRECTION('',(0.,-0.707106781186547,-0.707106781186548));
#2625=DIRECTION('',(0.,0.707106781186547,0.707106781186548));
#2626=DIRECTION('',(-1.,0.,0.));
#2627=DIRECTION('',(0.,-0.707106781186549,0.707106781186546));
#2628=DIRECTION('',(0.,-0.707106781186546,-0.707106781186549));
#2629=DIRECTION('',(-1.,0.,0.));
#2630=DIRECTION('',(0.,-0.707106781186549,0.707106781186546));
#2631=DIRECTION('',(0.,-0.707106781186546,-0.707106781186549));
#2632=DIRECTION('',(0.,-0.707106781186549,0.707106781186546));
#2633=DIRECTION('',(0.,-0.707106781186546,-0.707106781186549));
#2634=DIRECTION('',(-1.,0.,0.));
#2635=DIRECTION('',(0.,0.707106781186546,0.707106781186549));
#2636=DIRECTION('',(0.,0.707106781186549,-0.707106781186547));
#2637=DIRECTION('',(0.,0.707106781186547,0.707106781186549));
#2638=DIRECTION('',(0.,0.707106781186549,-0.707106781186547));
#2639=DIRECTION('',(0.,0.707106781186547,0.707106781186549));
#2640=DIRECTION('',(0.,0.707106781186549,-0.707106781186547));
#2641=DIRECTION('',(0.,0.707106781186547,0.707106781186549));
#2642=DIRECTION('',(-1.,0.,0.));
#2643=DIRECTION('',(0.,-0.707106781186548,-0.707106781186547));
#2644=DIRECTION('',(-1.,0.,0.));
#2645=DIRECTION('',(0.,0.707106781186549,-0.707106781186547));
#2646=DIRECTION('',(0.,0.707106781186547,0.707106781186549));
#2647=DIRECTION('',(0.,-0.707106781186547,-0.707106781186549));
#2648=DIRECTION('',(-1.,0.,0.));
#2649=DIRECTION('',(0.,0.,-1.));
#2650=DIRECTION('',(0.,1.,0.));
#2651=DIRECTION('',(0.,0.,1.));
#2652=DIRECTION('',(0.,-1.,0.));
#2653=DIRECTION('',(0.,0.,1.));
#2654=DIRECTION('',(0.,-1.,0.));
#2655=DIRECTION('',(0.,0.,-1.));
#2656=DIRECTION('',(0.,1.,0.));
#2657=DIRECTION('',(0.,0.,-1.));
#2658=DIRECTION('',(0.,1.,0.));
#2659=DIRECTION('',(0.,0.,1.));
#2660=DIRECTION('',(0.,-1.,0.));
#2661=DIRECTION('',(0.,0.,-1.));
#2662=DIRECTION('',(0.,1.,0.));
#2663=DIRECTION('',(0.,0.,1.));
#2664=DIRECTION('',(0.,-1.,0.));
#2665=DIRECTION('',(0.,0.,1.));
#2666=DIRECTION('',(0.,-1.,0.));
#2667=DIRECTION('',(-0.965925826289069,0.258819045102518,0.));
#2668=DIRECTION('',(0.,0.,1.));
#2669=DIRECTION('',(0.,-1.,0.));
#2670=DIRECTION('',(-0.965925826289069,-0.258819045102518,0.));
#2671=DIRECTION('',(0.,-1.,0.));
#2672=DIRECTION('',(0.,0.,1.));
#2673=DIRECTION('',(0.,-1.,0.));
#2674=DIRECTION('',(0.,-1.,0.));
#2675=DIRECTION('',(0.,0.,-1.));
#2676=DIRECTION('',(0.,1.,0.));
#2677=DIRECTION('',(0.965925826289069,0.258819045102518,0.));
#2678=DIRECTION('',(0.,0.,-1.));
#2679=DIRECTION('',(0.,1.,0.));
#2680=DIRECTION('',(-0.965925826289069,0.258819045102518,0.));
#2681=DIRECTION('',(0.,1.,0.));
#2682=DIRECTION('',(0.,0.,1.));
#2683=DIRECTION('',(0.,-1.,0.));
#2684=DIRECTION('',(0.,1.,0.));
#2685=DIRECTION('',(0.,0.,1.));
#2686=DIRECTION('',(0.,-1.,0.));
#2687=DIRECTION('',(0.,0.,1.));
#2688=DIRECTION('',(0.,-1.,0.));
#2689=DIRECTION('',(0.,0.,-1.));
#2690=DIRECTION('',(0.,1.,0.));
#2691=DIRECTION('',(0.,0.,1.));
#2692=DIRECTION('',(0.,-1.,0.));
#2693=DIRECTION('',(0.965925826289069,0.258819045102518,0.));
#2694=DIRECTION('',(0.,0.,1.));
#2695=DIRECTION('',(0.,-1.,0.));
#2696=DIRECTION('',(0.,0.,1.));
#2697=DIRECTION('',(0.,-1.,0.));
#2698=DIRECTION('',(0.,0.,1.));
#2699=DIRECTION('',(0.,-1.,0.));
#2700=DIRECTION('',(-0.965925826289069,0.258819045102518,0.));
#2701=DIRECTION('',(0.,-1.,0.));
#2702=DIRECTION('',(0.,0.,1.));
#2703=DIRECTION('',(0.,-1.,0.));
#2704=DIRECTION('',(0.,-1.,0.));
#2705=DIRECTION('',(0.258819045102518,-0.965925826289069,0.));
#2706=DIRECTION('',(0.965925826289069,0.258819045102518,0.));
#2707=DIRECTION('',(0.,0.,-1.));
#2708=DIRECTION('',(0.258819045102518,-0.965925826289069,0.));
#2709=DIRECTION('',(-0.965925826289069,-0.258819045102518,0.));
#2710=DIRECTION('',(0.258819045102518,-0.965925826289069,0.));
#2711=DIRECTION('',(-0.965925826289069,-0.258819045102518,0.));
#2712=DIRECTION('',(0.258819045102518,-0.965925826289069,0.));
#2713=DIRECTION('',(0.965925826289069,0.258819045102518,0.));
#2714=DIRECTION('',(-0.258819045102518,-0.965925826289069,0.));
#2715=DIRECTION('',(0.965925826289069,-0.258819045102518,0.));
#2716=DIRECTION('',(0.,0.,-1.));
#2717=DIRECTION('',(-0.258819045102518,-0.965925826289069,0.));
#2718=DIRECTION('',(-0.965925826289069,0.258819045102518,0.));
#2719=DIRECTION('',(-0.258819045102518,-0.965925826289069,0.));
#2720=DIRECTION('',(0.965925826289069,-0.258819045102518,0.));
#2721=DIRECTION('',(-0.258819045102518,-0.965925826289069,0.));
#2722=DIRECTION('',(0.965925826289069,-0.258819045102518,0.));
#2723=DIRECTION('',(0.,0.,-1.));
#2724=DIRECTION('',(0.,-1.,0.));
#2725=DIRECTION('',(0.,0.,-1.));
#2726=DIRECTION('',(0.,1.,0.));
#2727=DIRECTION('',(0.,0.,-1.));
#2728=DIRECTION('',(0.,1.,0.));
#2729=DIRECTION('',(-0.965925826289069,-0.258819045102518,0.));
#2730=DIRECTION('',(0.,-1.,0.));
#2731=DIRECTION('',(0.,0.,-1.));
#2732=DIRECTION('',(0.,1.,0.));
#2733=DIRECTION('',(0.,-1.,0.));
#2734=DIRECTION('',(-0.965925826289069,0.258819045102518,0.));
#2735=DIRECTION('',(0.,0.,-1.));
#2736=DIRECTION('',(0.,1.,0.));
#2737=DIRECTION('',(0.,-1.,0.));
#2738=DIRECTION('',(1.,0.,0.));
#2739=DIRECTION('',(0.,-1.,0.));
#2740=DIRECTION('',(1.,0.,0.));
#2741=DIRECTION('',(0.,0.,1.));
#2742=DIRECTION('',(0.,-1.,0.));
#2743=DIRECTION('',(0.,0.,-1.));
#2744=DIRECTION('',(0.,1.,0.));
#2745=DIRECTION('',(0.,-1.,0.));
#2746=DIRECTION('',(1.,0.,0.));
#2747=DIRECTION('',(0.,0.707106781186549,0.707106781186546));
#2748=DIRECTION('',(0.,-0.707106781186546,0.707106781186549));
#2749=DIRECTION('',(0.11708670880241,0.993121695776414,0.));
#2750=DIRECTION('',(0.993121695776414,-0.11708670880241,0.));
#2751=DIRECTION('',(-0.11708670880241,0.993121695776414,0.));
#2752=DIRECTION('',(-0.993121695776414,-0.11708670880241,0.));
#2753=DIRECTION('',(0.,1.,0.));
#2754=DIRECTION('',(-1.,0.,0.));
#2755=DIRECTION('',(0.,-0.707106781186548,-0.707106781186547));
#2756=DIRECTION('',(0.,0.707106781186547,-0.707106781186548));
#2757=DIRECTION('',(-0.11708670880241,0.993121695776414,0.));
#2758=DIRECTION('',(0.993121695776414,0.11708670880241,0.));
#2759=DIRECTION('',(0.11708670880241,0.993121695776414,0.));
#2760=DIRECTION('',(-0.993121695776414,0.11708670880241,0.));
#2761=DIRECTION('',(0.965925826289069,0.258819045102518,0.));
#2762=DIRECTION('',(-0.258819045102518,0.965925826289069,0.));
#2763=DIRECTION('',(0.965925826289069,0.258819045102518,0.));
#2764=DIRECTION('',(-0.258819045102518,0.965925826289069,0.));
#2765=DIRECTION('',(-0.965925826289069,-0.258819045102518,0.));
#2766=DIRECTION('',(0.258819045102518,-0.965925826289069,0.));
#2767=DIRECTION('',(0.,0.,-1.));
#2768=DIRECTION('',(0.,1.,0.));
#2769=DIRECTION('',(0.,0.,1.));
#2770=DIRECTION('',(0.,-1.,0.));
#2771=DIRECTION('',(0.,0.,-1.));
#2772=DIRECTION('',(0.,1.,0.));
#2773=DIRECTION('',(0.965925826289069,0.258819045102518,0.));
#2774=DIRECTION('',(-0.258819045102518,0.965925826289069,0.));
#2775=DIRECTION('',(-0.965925826289069,-0.258819045102518,0.));
#2776=DIRECTION('',(0.258819045102518,-0.965925826289069,0.));
#2777=DIRECTION('',(-0.965925826289069,-0.258819045102518,0.));
#2778=DIRECTION('',(0.258819045102518,-0.965925826289069,0.));
#2779=DIRECTION('',(-0.965925826289069,0.258819045102518,0.));
#2780=DIRECTION('',(-0.258819045102518,-0.965925826289069,0.));
#2781=DIRECTION('',(-0.965925826289069,0.258819045102518,0.));
#2782=DIRECTION('',(-0.258819045102518,-0.965925826289069,0.));
#2783=DIRECTION('',(-0.965925826289069,0.258819045102518,0.));
#2784=DIRECTION('',(-0.258819045102518,-0.965925826289069,0.));
#2785=DIRECTION('',(0.,0.,1.));
#2786=DIRECTION('',(0.,-1.,0.));
#2787=DIRECTION('',(0.,0.,-1.));
#2788=DIRECTION('',(0.,1.,0.));
#2789=DIRECTION('',(0.,0.,1.));
#2790=DIRECTION('',(0.,-1.,0.));
#2791=DIRECTION('',(0.965925826289069,-0.258819045102518,0.));
#2792=DIRECTION('',(0.258819045102518,0.965925826289069,0.));
#2793=DIRECTION('',(-0.965925826289069,0.258819045102518,0.));
#2794=DIRECTION('',(-0.258819045102518,-0.965925826289069,0.));
#2795=DIRECTION('',(-0.965925826289069,0.258819045102518,0.));
#2796=DIRECTION('',(-0.258819045102518,-0.965925826289069,0.));
#2797=DIRECTION('',(-0.109295082064927,0.994009348565908,0.));
#2798=DIRECTION('',(-0.994009348565908,-0.109295082064927,0.));
#2799=DIRECTION('',(0.994009348565908,0.109295082064927,6.15832625820605E-17));
#2800=DIRECTION('',(-0.109295082064927,0.994009348565908,0.));
#2801=DIRECTION('',(0.,0.,1.));
#2802=DIRECTION('',(0.,-1.,0.));
#2803=DIRECTION('',(-0.994009348565908,0.109295082064927,0.));
#2804=DIRECTION('',(-0.109295082064927,-0.994009348565908,0.));
#2805=DIRECTION('',(-0.109295082064926,-0.994009348565908,0.));
#2806=DIRECTION('',(0.994009348565908,-0.109295082064926,0.));
#2807=DIRECTION('',(0.109295082064926,-0.994009348565908,0.));
#2808=DIRECTION('',(0.994009348565908,0.109295082064926,0.));
#2809=DIRECTION('',(0.994009348565908,0.109295082064926,-3.07916312910303E-17));
#2810=DIRECTION('',(-0.109295082064926,0.994009348565908,0.));
#2811=DIRECTION('',(0.,0.,-1.));
#2812=DIRECTION('',(0.,1.,0.));
#2813=DIRECTION('',(-0.994009348565908,0.109295082064926,1.354262461906E-17));
#2814=DIRECTION('',(-0.109295082064926,-0.994009348565908,0.));
#2815=DIRECTION('',(0.109295082064926,0.994009348565908,0.));
#2816=DIRECTION('',(-0.994009348565908,0.109295082064926,0.));
#2817=DIRECTION('',(-1.,0.,0.));
#2818=DIRECTION('',(0.,-1.,0.));
#2819=DIRECTION('',(-1.,0.,0.));
#2820=DIRECTION('',(-1.,0.,0.));
#2821=DIRECTION('',(0.,-1.,0.));
#2822=DIRECTION('',(-1.,0.,0.));
#2823=DIRECTION('',(-1.,0.,0.));
#2824=DIRECTION('',(0.,-1.,0.));
#2825=DIRECTION('',(-1.,0.,0.));
#2826=DIRECTION('',(-1.,0.,0.));
#2827=DIRECTION('',(-1.,0.,0.));
#2828=DIRECTION('',(0.,-1.,0.));
#2829=DIRECTION('',(-1.,0.,0.));
#2830=DIRECTION('',(-1.,0.,0.));
#2831=DIRECTION('',(0.,-1.,0.));
#2832=DIRECTION('',(-1.,0.,0.));
#2833=DIRECTION('',(0.,0.,1.));
#2834=DIRECTION('',(0.,-1.,0.));
#2835=DIRECTION('',(0.,0.,-1.));
#2836=DIRECTION('',(0.,1.,0.));
#2837=DIRECTION('',(0.,0.,-1.));
#2838=DIRECTION('',(0.,1.,0.));
#2839=DIRECTION('',(0.,0.,-1.));
#2840=DIRECTION('',(0.,1.,0.));
#2841=DIRECTION('',(0.,0.,-1.));
#2842=DIRECTION('',(0.,1.,0.));
#2843=DIRECTION('',(0.,0.,-1.));
#2844=DIRECTION('',(0.,1.,0.));
#2845=DIRECTION('',(0.,0.,-1.));
#2846=DIRECTION('',(0.,1.,0.));
#2847=DIRECTION('',(0.,0.707106781186549,0.707106781186546));
#2848=DIRECTION('',(0.,-0.707106781186546,0.707106781186549));
#2849=DIRECTION('',(-1.,0.,0.));
#2850=DIRECTION('',(0.,0.707106781186549,0.707106781186546));
#2851=DIRECTION('',(0.,-0.707106781186546,0.707106781186549));
#2852=DIRECTION('',(0.,0.707106781186549,0.707106781186546));
#2853=DIRECTION('',(0.,-0.707106781186546,0.707106781186549));
#2854=DIRECTION('',(-1.,0.,0.));
#2855=DIRECTION('',(0.,0.707106781186546,-0.707106781186549));
#2856=DIRECTION('',(0.,0.707106781186546,-0.707106781186549));
#2857=DIRECTION('',(0.,-0.707106781186549,0.707106781186546));
#2858=DIRECTION('',(0.,-0.707106781186546,-0.707106781186549));
#2859=DIRECTION('',(0.,0.707106781186546,0.707106781186549));
#2860=DIRECTION('',(-1.,0.,0.));
#2861=DIRECTION('',(0.,0.707106781186546,0.707106781186549));
#2862=DIRECTION('',(0.,-0.707106781186549,-0.707106781186546));
#2863=DIRECTION('',(0.,0.707106781186546,-0.707106781186549));
#2864=DIRECTION('',(0.,-0.707106781186549,-0.707106781186546));
#2865=DIRECTION('',(0.,0.707106781186546,-0.707106781186549));
#2866=DIRECTION('',(0.,-0.707106781186549,-0.707106781186546));
#2867=DIRECTION('',(0.,0.707106781186546,-0.707106781186549));
#2868=DIRECTION('',(-1.,0.,0.));
#2869=DIRECTION('',(0.,-0.707106781186546,0.707106781186549));
#2870=DIRECTION('',(1.,0.,0.));
#2871=DIRECTION('',(0.,1.,0.));
#2872=DIRECTION('',(0.,0.707106781186549,0.707106781186546));
#2873=DIRECTION('',(0.,-0.707106781186546,0.707106781186549));
#2874=DIRECTION('',(0.,0.707106781186546,-0.707106781186549));
#2875=DIRECTION('',(0.,0.707106781186546,-0.707106781186549));
#2876=DIRECTION('',(-1.,0.,0.));
#2877=DIRECTION('',(0.,-1.,0.));
#2878=DIRECTION('',(0.,-0.707106781186548,-0.707106781186547));
#2879=DIRECTION('',(0.,0.707106781186547,-0.707106781186548));
#2880=DIRECTION('',(0.,-0.707106781186547,0.707106781186548));
#2881=DIRECTION('',(0.,-0.707106781186547,0.707106781186548));
#2882=DIRECTION('',(-1.,0.,0.));
#2883=DIRECTION('',(0.,-1.,0.));
#2884=DIRECTION('',(0.,-0.707106781186548,-0.707106781186547));
#2885=DIRECTION('',(0.,0.707106781186547,-0.707106781186548));
#2886=DIRECTION('',(-1.,0.,0.));
#2887=DIRECTION('',(0.,-0.707106781186548,-0.707106781186547));
#2888=DIRECTION('',(0.,0.707106781186547,-0.707106781186548));
#2889=DIRECTION('',(0.,-0.707106781186548,-0.707106781186547));
#2890=DIRECTION('',(0.,0.707106781186547,-0.707106781186548));
#2891=DIRECTION('',(-1.,0.,0.));
#2892=DIRECTION('',(0.,-0.707106781186547,0.707106781186548));
#2893=DIRECTION('',(0.,-0.707106781186546,0.707106781186549));
#2894=DIRECTION('',(0.,0.707106781186549,-0.707106781186546));
#2895=DIRECTION('',(0.,0.707106781186546,0.707106781186549));
#2896=DIRECTION('',(0.,-0.707106781186546,-0.707106781186549));
#2897=DIRECTION('',(-1.,0.,0.));
#2898=DIRECTION('',(0.,-0.707106781186546,-0.707106781186549));
#2899=DIRECTION('',(0.,0.707106781186549,0.707106781186546));
#2900=DIRECTION('',(0.,-0.707106781186546,0.707106781186549));
#2901=DIRECTION('',(0.,0.707106781186549,0.707106781186546));
#2902=DIRECTION('',(0.,-0.707106781186546,0.707106781186549));
#2903=DIRECTION('',(0.,0.707106781186549,0.707106781186546));
#2904=DIRECTION('',(0.,-0.707106781186546,0.707106781186549));
#2905=DIRECTION('',(-1.,0.,0.));
#2906=DIRECTION('',(0.,0.707106781186546,-0.707106781186549));
#2907=DIRECTION('',(1.,0.,0.));
#2908=DIRECTION('',(0.,1.,0.));
#2909=DIRECTION('',(0.,-0.707106781186545,0.70710678118655));
#2910=DIRECTION('',(0.,-0.70710678118655,-0.707106781186545));
#2911=DIRECTION('',(0.,0.70710678118655,0.707106781186545));
#2912=DIRECTION('',(0.,0.70710678118655,0.707106781186545));
#2913=DIRECTION('',(0.,-0.707106781186549,-0.707106781186546));
#2914=DIRECTION('',(0.,0.707106781186546,-0.707106781186549));
#2915=DIRECTION('',(0.,-0.707106781186546,0.707106781186549));
#2916=DIRECTION('',(-1.,0.,0.));
#2917=DIRECTION('',(0.,-1.,0.));
#2918=DIRECTION('',(0.,-0.707106781186549,0.707106781186546));
#2919=DIRECTION('',(0.,-0.707106781186546,-0.707106781186549));
#2920=DIRECTION('',(0.,0.707106781186546,0.707106781186549));
#2921=DIRECTION('',(0.,0.707106781186537,0.707106781186558));
#2922=DIRECTION('',(0.,-0.707106781186558,0.707106781186537));
#2923=DIRECTION('',(0.,0.707106781186558,-0.707106781186537));
#2924=DIRECTION('',(0.,0.707106781186558,-0.707106781186537));
#2925=DIRECTION('',(-1.,0.,0.));
#2926=DIRECTION('',(0.,-1.,0.));
#2927=DIRECTION('',(0.,0.707106781186549,0.707106781186546));
#2928=DIRECTION('',(0.,-0.707106781186546,0.707106781186549));
#2929=DIRECTION('',(0.,0.707106781186546,-0.707106781186549));
#2930=DIRECTION('',(0.,0.707106781186555,-0.70710678118654));
#2931=DIRECTION('',(0.,0.70710678118654,0.707106781186555));
#2932=DIRECTION('',(0.,-0.70710678118654,-0.707106781186555));
#2933=DIRECTION('',(0.,-0.70710678118654,-0.707106781186555));
#2934=DIRECTION('',(-1.,0.,0.));
#2935=DIRECTION('',(0.,-1.,0.));
#2936=DIRECTION('',(0.,0.707106781186549,-0.707106781186546));
#2937=DIRECTION('',(0.,0.707106781186546,0.707106781186549));
#2938=DIRECTION('',(0.,-0.707106781186546,-0.707106781186549));
#2939=DIRECTION('',(0.,-0.707106781186546,-0.707106781186549));
#2940=DIRECTION('',(0.,0.707106781186549,-0.707106781186546));
#2941=DIRECTION('',(0.,-0.707106781186549,0.707106781186546));
#2942=DIRECTION('',(0.,-0.707106781186549,0.707106781186546));
#2943=DIRECTION('',(-1.,0.,0.));
#2944=DIRECTION('',(0.,-1.,0.));
#2945=DIRECTION('',(0.,-0.707106781186546,-0.707106781186549));
#2946=DIRECTION('',(0.,0.707106781186549,-0.707106781186546));
#2947=DIRECTION('',(0.,-0.707106781186546,-0.707106781186549));
#2948=DIRECTION('',(0.,-0.707106781186547,0.707106781186548));
#2949=DIRECTION('',(0.,-0.707106781186548,-0.707106781186547));
#2950=DIRECTION('',(0.,-0.707106781186547,0.707106781186548));
#2951=DIRECTION('',(0.,0.707106781186546,0.707106781186549));
#2952=DIRECTION('',(0.,-0.707106781186549,0.707106781186546));
#2953=DIRECTION('',(0.,0.707106781186546,0.707106781186549));
#2954=DIRECTION('',(0.,0.707106781186546,-0.707106781186549));
#2955=DIRECTION('',(0.,0.707106781186549,0.707106781186546));
#2956=DIRECTION('',(0.,0.707106781186546,-0.707106781186549));
#2957=DIRECTION('',(0.,0.70710678118654,0.707106781186555));
#2958=DIRECTION('',(0.,-0.707106781186555,0.70710678118654));
#2959=DIRECTION('',(0.,0.707106781186558,-0.707106781186537));
#2960=DIRECTION('',(0.,0.707106781186537,0.707106781186558));
#2961=DIRECTION('',(0.,-0.70710678118655,-0.707106781186545));
#2962=DIRECTION('',(0.,0.707106781186545,-0.70710678118655));
#2963=DIRECTION('',(0.,-0.707106781186549,0.707106781186546));
#2964=DIRECTION('',(0.,-0.707106781186546,-0.707106781186549));
#2965=DIRECTION('',(-0.999918603970215,-0.0127587395245896,-6.93889390390723E-18));
#2966=DIRECTION('',(0.0127585864231594,-0.999906605216883,0.00489890968800998));
#2967=DIRECTION('',(0.999918603970215,0.0127587395245896,6.93889390390723E-18));
#2968=DIRECTION('',(-0.0127585864231594,0.999906605216883,-0.00489890968800998));
#2969=DIRECTION('',(-0.999918603970215,-0.0127587395245896,-6.93889390390723E-18));
#2970=DIRECTION('',(0.0127585864231594,-0.999906605216883,0.00489890968800998));
#2971=DIRECTION('',(0.999918603970215,0.0127587395245896,6.93889390390723E-18));
#2972=DIRECTION('',(-0.0127585864231594,0.999906605216883,-0.00489890968800998));
#2973=DIRECTION('',(0.999918603970215,0.0127587395245896,6.93889390390723E-18));
#2974=DIRECTION('',(-0.0127585864231594,0.999906605216883,-0.00489890968800998));
#2975=DIRECTION('',(0.999918603970215,0.0127587395245895,0.));
#2976=DIRECTION('',(-0.0126675528171543,0.992772186016976,-0.119343704386529));
#2977=DIRECTION('',(0.999918603970215,0.0127587395245895,0.));
#2978=DIRECTION('',(-0.0126675528171543,0.992772186016976,-0.119343704386529));
#2979=DIRECTION('',(0.999918603970215,0.0127587395245895,0.));
#2980=DIRECTION('',(0.0127587395245895,-0.999918603970215,0.));
#2981=DIRECTION('',(0.999918603970215,0.0127587395245895,0.));
#2982=DIRECTION('',(0.0127587395245895,-0.999918603970215,0.));
#2983=DIRECTION('',(3.6429192995513E-17,-2.77555756156289E-16,-1.));
#2984=DIRECTION('',(-0.011049392548563,0.865954912754878,-0.5));
#2985=DIRECTION('',(-0.0110493925485631,0.865954912754878,0.5));
#2986=DIRECTION('',(-4.46691295064028E-17,9.43689570931383E-16,1.));
#2987=DIRECTION('',(0.00637936976229469,-0.499959301985107,0.866025403784439));
#2988=DIRECTION('',(0.0110493925485631,-0.865954912754878,-0.5));
#2989=DIRECTION('',(-0.999918603970215,-0.0127587395245895,-3.23300105708927E-17));
#2990=DIRECTION('',(-0.999918603970215,-0.0127587395245895,-3.23300105708927E-17));
#2991=DIRECTION('',(0.0127587395245895,-0.999918603970215,1.0547118733939E-15));
#2992=DIRECTION('',(4.5102810375397E-17,-9.43689570931383E-16,-1.));
#2993=DIRECTION('',(-0.999918603970215,-0.0127587395245895,-3.23300105708927E-17));
#2994=DIRECTION('',(-0.0127587395245894,0.999918603970215,-3.88578058618805E-16));
#2995=DIRECTION('',(-3.68628738645072E-17,2.77555756156289E-16,1.));
#2996=DIRECTION('',(-0.999918603970215,-0.0127587395245895,-3.23300105708927E-17));
#2997=DIRECTION('',(-0.999918603970215,-0.0127587395245895,-3.23300105708927E-17));
#2998=DIRECTION('',(-0.00637936976229475,0.499959301985107,0.866025403784438));
#2999=DIRECTION('',(0.011049392548563,-0.865954912754878,0.5));
#3000=DIRECTION('',(-0.999918603970215,-0.0127587395245895,0.));
#3001=DIRECTION('',(0.0126675528171543,-0.992772186016976,0.119343704386529));
#3002=DIRECTION('',(0.931578252265181,-0.363540864149481,0.));
#3003=DIRECTION('',(0.363540864149481,0.931578252265181,0.));
#3004=DIRECTION('',(0.931578252265181,-0.363540864149481,0.));
#3005=DIRECTION('',(0.363540864149481,0.931578252265181,0.));
#3006=DIRECTION('',(0.931578252265181,-0.363540864149481,0.));
#3007=DIRECTION('',(0.363540864149481,0.931578252265181,0.));
#3008=DIRECTION('',(-0.363540864149481,-0.931578252265181,0.));
#3009=DIRECTION('',(0.,0.,-1.));
#3010=DIRECTION('',(-0.363540864149481,-0.931578252265181,0.));
#3011=DIRECTION('',(0.931578252265181,0.363540864149481,0.));
#3012=DIRECTION('',(-0.363540864149481,0.931578252265181,0.));
#3013=DIRECTION('',(0.931578252265181,0.363540864149481,0.));
#3014=DIRECTION('',(-0.363540864149481,0.931578252265181,0.));
#3015=DIRECTION('',(0.363540864149481,-0.931578252265181,0.));
#3016=DIRECTION('',(0.,0.,-1.));
#3017=DIRECTION('',(0.363540864149481,-0.931578252265181,0.));
#3018=DIRECTION('',(0.931578252265181,0.363540864149481,0.));
#3019=DIRECTION('',(-0.363540864149481,0.931578252265181,0.));
#3020=DIRECTION('',(0.,-4.65989735606625E-16,-1.));
#3021=DIRECTION('',(0.,1.,-4.65989735606625E-16));
#3022=DIRECTION('',(1.,0.,0.));
#3023=DIRECTION('',(0.,1.,-4.65989735606625E-16));
#3024=DIRECTION('',(-1.,-2.78748573609816E-33,-5.98186080744766E-18));
#3025=DIRECTION('',(5.98186080744766E-18,0.,-1.));
#3026=DIRECTION('',(5.98186080744766E-18,-4.68806020861188E-16,-1.));
#3027=DIRECTION('',(1.,2.78748573609816E-33,5.98186080744766E-18));
#3028=DIRECTION('',(-5.98186080744766E-18,0.,1.));
#3029=DIRECTION('',(1.,2.78748573609816E-33,5.98186080744766E-18));
#3030=DIRECTION('',(2.77352184348808E-33,-1.,2.33437270768575E-18));
#3031=DIRECTION('',(5.98186080744766E-18,-4.68806020861188E-16,-1.));
#3032=DIRECTION('',(0.,1.,-4.68806020861188E-16));
#3033=DIRECTION('',(0.,4.68806020861188E-16,1.));
#3034=DIRECTION('',(0.,1.,-4.68806020861188E-16));
#3035=DIRECTION('',(-1.,-5.63186800334131E-31,-1.20132160269522E-15));
#3036=DIRECTION('',(0.,-1.,4.68806020861188E-16));
#3037=DIRECTION('',(0.,-4.68806020861188E-16,-1.));
#3038=DIRECTION('',(0.,-1.,4.68806020861188E-16));
#3039=DIRECTION('',(1.,-5.63186800334131E-31,-1.20132160269522E-15));
#3040=DIRECTION('',(5.98186080744766E-18,-4.68806020861188E-16,-1.));
#3041=DIRECTION('',(-1.,0.,0.));
#3042=DIRECTION('',(-1.,0.,0.));
#3043=DIRECTION('',(5.98186080744766E-18,-4.68806020861188E-16,-1.));
#3044=DIRECTION('',(1.,2.78748573609816E-33,5.98186080744766E-18));
#3045=DIRECTION('',(-5.98186080744766E-18,0.,1.));
#3046=DIRECTION('',(1.,2.78748573609816E-33,5.98186080744766E-18));
#3047=DIRECTION('',(2.80144962870825E-33,-1.,-2.33437270768575E-18));
#3048=DIRECTION('',(0.,-1.,4.65989735606625E-16));
#3049=DIRECTION('',(-1.,-2.78748573609816E-33,-5.98186080744766E-18));
#3050=DIRECTION('',(5.98186080744766E-18,0.,-1.));
#3051=DIRECTION('',(0.,1.,-4.65989735606625E-16));
#3052=DIRECTION('',(0.,-4.65989735606625E-16,-1.));
#3053=DIRECTION('',(0.,1.,-4.65989735606625E-16));
#3054=DIRECTION('',(0.,-4.65989735606625E-16,-1.));
#3055=DIRECTION('',(0.,1.,-4.65989735606625E-16));
#3056=DIRECTION('',(0.,0.,1.));
#3057=DIRECTION('',(0.,-1.,0.));
#3058=DIRECTION('',(0.,0.,-1.));
#3059=DIRECTION('',(0.,1.,0.));
#3060=DIRECTION('',(0.,0.,1.));
#3061=DIRECTION('',(0.,-1.,0.));
#3062=DIRECTION('',(0.,0.,1.));
#3063=DIRECTION('',(0.,-1.,0.));
#3064=DIRECTION('',(1.,-1.46081976924358E-16,5.49268233235604E-15));
#3065=DIRECTION('',(-5.49268233235604E-15,0.,1.));
#3066=DIRECTION('',(0.,0.,1.));
#3067=DIRECTION('',(0.,-1.,0.));
#3068=DIRECTION('',(-0.363540864149481,-0.931578252265181,0.));
#3069=DIRECTION('',(0.931578252265181,-0.363540864149481,0.));
#3070=DIRECTION('',(0.363540864149481,0.931578252265181,0.));
#3071=DIRECTION('',(-0.931578252265181,0.363540864149481,0.));
#3072=DIRECTION('',(0.,0.,-1.));
#3073=DIRECTION('',(0.,1.,0.));
#3074=DIRECTION('',(-0.363540864149481,0.931578252265181,0.));
#3075=DIRECTION('',(-0.931578252265181,-0.363540864149481,0.));
#3076=DIRECTION('',(0.363540864149481,-0.931578252265181,0.));
#3077=DIRECTION('',(0.931578252265181,0.363540864149481,0.));
#3078=DIRECTION('',(0.,0.,1.));
#3079=DIRECTION('',(0.,-1.,0.));
#3080=DIRECTION('',(0.,0.,1.));
#3081=DIRECTION('',(0.,-1.,0.));
#3082=DIRECTION('',(-0.363540864149481,-0.931578252265181,0.));
#3083=DIRECTION('',(0.931578252265181,-0.363540864149481,0.));
#3084=DIRECTION('',(-0.363540864149481,-0.931578252265181,0.));
#3085=DIRECTION('',(0.931578252265181,-0.363540864149481,0.));
#3086=DIRECTION('',(-0.363540864149481,0.931578252265181,0.));
#3087=DIRECTION('',(-0.931578252265181,-0.363540864149481,0.));
#3088=DIRECTION('',(0.363540864149481,-0.931578252265181,0.));
#3089=DIRECTION('',(0.931578252265181,0.363540864149481,0.));
#3090=DIRECTION('',(0.,0.,1.));
#3091=DIRECTION('',(0.,-1.,0.));
#3092=CARTESIAN_POINT('',(0.,0.,0.));
#3093=CARTESIAN_POINT('',(0.,0.,0.008));
#3094=CARTESIAN_POINT('',(0.00350324581559959,0.0013378223931016,0.0084));
#3095=CARTESIAN_POINT('',(0.00338551695472648,0.00164610930873085,0.00871805618621732));
#3096=CARTESIAN_POINT('',(0.00326719129772496,0.00184103658892888,0.00914352692799856));
#3097=CARTESIAN_POINT('',(0.00324813047960592,0.00187407267400573,0.0096));
#3098=CARTESIAN_POINT('',(0.00350324581559959,0.0013378223931016,0.0084));
#3099=CARTESIAN_POINT('',(0.00324813047960592,0.00187407267400573,0.0096));
#3100=CARTESIAN_POINT('',(0.,0.,0.0084));
#3101=CARTESIAN_POINT('',(-0.00136327824056055,0.00349341844599443,0.0084));
#3102=CARTESIAN_POINT('',(-0.00136327824056055,0.00349341844599443,0.0115));
#3103=CARTESIAN_POINT('',(-0.00136327824056055,0.00349341844599443,0.0096));
#3104=CARTESIAN_POINT('',(0.,0.,0.0096));
#3105=CARTESIAN_POINT('',(0.,0.,0.008));
#3106=CARTESIAN_POINT('',(-0.00136327824056055,0.00349341844599443,0.0115));
#3107=CARTESIAN_POINT('',(-0.00136327824056055,0.00349341844599443,0.01));
#3108=CARTESIAN_POINT('',(-0.00136327824056055,0.00349341844599443,0.0099));
#3109=CARTESIAN_POINT('',(-0.00136327824056055,0.00349341844599443,0.01));
#3110=CARTESIAN_POINT('',(-0.00136327824056055,0.00349341844599443,0.0104030935930932));
#3111=CARTESIAN_POINT('',(-0.00105349391169773,0.00363686011247797,0.011196815661216));
#3112=CARTESIAN_POINT('',(-0.000254754704397407,0.00376297558446193,0.0115));
#3113=CARTESIAN_POINT('',(0.000147902232266778,0.00374708218880912,0.0115));
#3114=CARTESIAN_POINT('',(0.000147902232266777,0.00374708218880912,0.0115));
#3115=CARTESIAN_POINT('',(-2.05998412772246E-18,3.90312782094782E-18,0.0115));
#3116=CARTESIAN_POINT('',(0.00367807118113127,0.000730953067256485,0.0115));
#3117=CARTESIAN_POINT('',(0.00324906394467985,0.00187245386682327,0.0099));
#3118=CARTESIAN_POINT('',(0.0032824599097167,0.00181450550941828,0.0105962314754434));
#3119=CARTESIAN_POINT('',(0.00355081034384258,0.00137131486213205,0.0112205289546103));
#3120=CARTESIAN_POINT('',(0.00367807118113127,0.000730953067256485,0.0115));
#3121=CARTESIAN_POINT('',(0.00324906394467985,0.00187245386682327,0.0099));
#3122=CARTESIAN_POINT('',(0.,0.,0.0099));
#3123=CARTESIAN_POINT('',(0.,0.,0.008));
#3124=CARTESIAN_POINT('',(-2.05998412772246E-18,3.90312782094782E-18,0.0115));
#3125=CARTESIAN_POINT('',(0.000147902232266781,-0.00374708218880911,0.0115));
#3126=CARTESIAN_POINT('',(0.00366319754824326,-0.000802174371657809,0.0115));
#3127=CARTESIAN_POINT('',(0.000147902232266781,-0.00374708218880911,0.0115));
#3128=CARTESIAN_POINT('',(-0.00025458896984808,-0.00376296904270261,0.0115));
#3129=CARTESIAN_POINT('',(-0.00105192525896315,-0.00363728657615675,0.0111984737697865));
#3130=CARTESIAN_POINT('',(-0.00136327824056055,-0.00349341844599443,0.0104030737546794));
#3131=CARTESIAN_POINT('',(-0.00136327824056055,-0.00349341844599443,0.01));
#3132=CARTESIAN_POINT('',(-0.00136327824056055,-0.00349341844599443,0.01));
#3133=CARTESIAN_POINT('',(-0.00136327824056055,-0.00349341844599443,0.0115));
#3134=CARTESIAN_POINT('',(-0.00136327824056055,-0.00349341844599443,0.0099));
#3135=CARTESIAN_POINT('',(0.,0.,0.0099));
#3136=CARTESIAN_POINT('',(-8.23902349853408E-19,-0.00375,0.0099));
#3137=CARTESIAN_POINT('',(0.,0.,0.0099));
#3138=CARTESIAN_POINT('',(0.00320003816079694,-0.00195505901942712,0.0099));
#3139=CARTESIAN_POINT('',(0.00366319754824326,-0.000802174371657809,0.0115));
#3140=CARTESIAN_POINT('',(0.00352217112334208,-0.00144618354495996,0.0112204314020293));
#3141=CARTESIAN_POINT('',(0.00323666101772291,-0.00189511477295888,0.0106093805502495));
#3142=CARTESIAN_POINT('',(0.00320003816079694,-0.00195505901942712,0.0099));
#3143=CARTESIAN_POINT('',(0.0111010270135288,5.91995093242451E-5,0.009739596305093));
#3144=CARTESIAN_POINT('',(0.0110906601573022,0.000871663184573036,0.008));
#3145=CARTESIAN_POINT('',(0.00309131132554044,0.00076959326837632,0.008));
#3146=CARTESIAN_POINT('',(0.00325989427117429,0.000771744349357402,0.008));
#3147=CARTESIAN_POINT('',(0.00325989427117429,0.000771744349357402,0.008));
#3148=CARTESIAN_POINT('',(0.00332941452709612,0.000772631412397803,0.008));
#3149=CARTESIAN_POINT('',(0.00344575232788173,0.000859171829475353,0.00803925164688681));
#3150=CARTESIAN_POINT('',(0.00353972747515192,0.00108415379632232,0.0081708059168883));
#3151=CARTESIAN_POINT('',(0.00353855162639615,0.00124536996101707,0.00830461785283608));
#3152=CARTESIAN_POINT('',(0.0035032458155996,0.00133782239310151,0.00840000000000011));
#3153=CARTESIAN_POINT('',(0.00307718356608573,0.00187680370119001,0.00971407508574261));
#3154=CARTESIAN_POINT('',(0.00309809452244137,0.00187612735488697,0.00964313136237926));
#3155=CARTESIAN_POINT('',(0.00317470980270028,0.001873135842459,0.0096));
#3156=CARTESIAN_POINT('',(0.00324813047960592,0.00187407267400573,0.0096));
#3157=CARTESIAN_POINT('',(0.00307718356608573,0.00187680370119001,0.00971407508574261));
#3158=CARTESIAN_POINT('',(0.00310167818176707,-4.28704068724719E-5,0.009739596305093));
#3159=CARTESIAN_POINT('',(0.0111010270135288,5.91995093242451E-5,0.009739596305093));
#3160=CARTESIAN_POINT('',(0.00312610298844476,-0.00195707349491504,0.00988666760258869));
#3161=CARTESIAN_POINT('',(0.00314977480462959,-0.00195609221096586,0.00989550819387892));
#3162=CARTESIAN_POINT('',(0.00317492651393629,-0.00195537943846935,0.00990000000000002));
#3163=CARTESIAN_POINT('',(0.00320003816079694,-0.00195505901942719,0.00990000000000002));
#3164=CARTESIAN_POINT('',(0.00312610298844476,-0.00195707349491504,0.00988666760258869));
#3165=CARTESIAN_POINT('',(0.00310167818176707,-4.28704068724719E-5,0.009739596305093));
#3166=CARTESIAN_POINT('',(0.00311145656193862,-0.000809214464222694,0.0115));
#3167=CARTESIAN_POINT('',(0.0111108053937003,-0.000707144548025977,0.0115));
#3168=CARTESIAN_POINT('',(-2.05998412772246E-18,3.90312782094782E-18,0.0115));
#3169=CARTESIAN_POINT('',(0.00139736737839777,0.000545311296224225,0.0115));
#3170=CARTESIAN_POINT('',(0.000910986570487959,0.00179166852219385,0.0115));
#3171=CARTESIAN_POINT('',(-2.05998412772246E-18,0.00179166852219385,0.0115));
#3172=CARTESIAN_POINT('',(0.0018855260380019,0.00179166852219385,0.0115));
#3173=CARTESIAN_POINT('',(0.0018855260380019,3.90312782094782E-18,0.0115));
#3174=CARTESIAN_POINT('',(0.0018855260380019,0.000592556102782094,0.0115));
#3175=CARTESIAN_POINT('',(-7.25271741832864E-6,0.000568404665832924,0.0115));
#3176=CARTESIAN_POINT('',(0.0018934713037578,0.00059265748261024,0.0115));
#3177=CARTESIAN_POINT('',(0.00190072402117613,2.42528167773172E-5,0.0115));
#3178=CARTESIAN_POINT('',(0.00191008041031993,-0.000709019271177633,0.0115));
#3179=CARTESIAN_POINT('',(9.35638914379638E-6,-0.000733272087954946,0.0115));
#3180=CARTESIAN_POINT('',(0.0018855260380019,-0.000709332579520285,0.0115));
#3181=CARTESIAN_POINT('',(0.0018855260380019,3.90312782094782E-18,0.0115));
#3182=CARTESIAN_POINT('',(0.0018855260380019,-0.0019309960419055,0.0115));
#3183=CARTESIAN_POINT('',(-2.05998412772246E-18,-0.0019309960419055,0.0115));
#3184=CARTESIAN_POINT('',(0.000856615134924048,-0.0019309960419055,0.0115));
#3185=CARTESIAN_POINT('',(0.00139736737839777,-0.000545311296224218,0.0115));
#3186=CARTESIAN_POINT('',(0.00310062634594039,3.9563304206825E-5,0.0115));
#3187=CARTESIAN_POINT('',(0.00309189980166762,0.000723473650514312,0.0115));
#3188=CARTESIAN_POINT('',(0.0110912486334293,0.000825543566711028,0.0115));
#3189=CARTESIAN_POINT('',(0.00190177585700281,-5.8180894301977E-5,0.009739596305093));
#3190=CARTESIAN_POINT('',(0.00190177585700281,-5.81808943019794E-5,0.009739596305093));
#3191=CARTESIAN_POINT('',(0.00188837918050199,0.000991733639866746,0.009739596305093));
#3192=CARTESIAN_POINT('',(0.0018855260380019,0.00121533803747355,0.009739596305093));
#3193=CARTESIAN_POINT('',(0.00188552603800192,0.00121533803747036,0.0108076943025999));
#3194=CARTESIAN_POINT('',(0.0018855260380019,0.00121533804031747,0.0111404659477442));
#3195=CARTESIAN_POINT('',(0.00190177585700281,-5.81808943019765E-5,0.0108076943025999));
#3196=CARTESIAN_POINT('',(0.00187817218892797,0.00179166852219384,0.0108076943025999));
#3197=CARTESIAN_POINT('',(0.00187817218889339,0.00179166852217557,0.00867149830759299));
#3198=CARTESIAN_POINT('',(0.00187817218889339,0.00179166852217557,0.00867149830759299));
#3199=CARTESIAN_POINT('',(0.00190177585700281,-5.81808943019781E-5,0.007603400310093));
#3200=CARTESIAN_POINT('',(0.00190177585700281,-5.81808943019781E-5,0.007603400310093));
#3201=CARTESIAN_POINT('',(0.00192537952511223,-0.00190803031077952,0.008671498307593));
#3202=CARTESIAN_POINT('',(0.00192537952511223,-0.00190803031077952,0.008671498307593));
#3203=CARTESIAN_POINT('',(0.00192537952511223,-0.00190803031077952,0.010807694302593));
#3204=CARTESIAN_POINT('',(0.00192537952514829,-0.00190803031076124,0.0108076943025999));
#3205=CARTESIAN_POINT('',(0.00190177585703887,-5.81808942836965E-5,0.0118757923000999));
#3206=CARTESIAN_POINT('',(0.00187817218892944,0.00179166852219385,0.0108076943025999));
#3207=CARTESIAN_POINT('',(0.00187817218892944,0.00179166852219385,0.0108076943025999));
#3208=CARTESIAN_POINT('',(0.000125526038001902,0.00178607836080048,0.0107980110708675));
#3209=CARTESIAN_POINT('',(0.000125526038001902,0.00176930514618537,0.0108076943025999));
#3210=CARTESIAN_POINT('',(0.000125526038001902,0.00116910963485907,0.0111541891370309));
#3211=CARTESIAN_POINT('',(0.000372503697901549,0.00317153797508847,0.01));
#3212=CARTESIAN_POINT('',(8.55181585838525E-5,0.00120447222738592,0.0111334794880368));
#3213=CARTESIAN_POINT('',(7.83187017830553E-5,0.00176870279104959,0.0108076943025999));
#3214=CARTESIAN_POINT('',(7.83187017830553E-5,0.00176870279104959,0.0108076943025999));
#3215=CARTESIAN_POINT('',(0.00187817218892944,0.00179166852219385,0.0108076943025999));
#3216=CARTESIAN_POINT('',(0.00187817218892944,0.00179166852219385,0.0108076943025999));
#3217=CARTESIAN_POINT('',(0.0018855260380019,0.00179169197770034,0.0108077349320359));
#3218=CARTESIAN_POINT('',(0.00190177585703887,-5.81808942836965E-5,0.0118757923000999));
#3219=CARTESIAN_POINT('',(0.000101922369892479,-8.11466254279575E-5,0.0118757923000999));
#3220=CARTESIAN_POINT('',(0.000117264987932739,-0.00128356706692208,0.0111815180233545));
#3221=CARTESIAN_POINT('',(0.000125526038001902,-0.0019309960419055,0.0108076943025999));
#3222=CARTESIAN_POINT('',(0.000311561280519146,-0.00332770372225073,0.01));
#3223=CARTESIAN_POINT('',(0.000125526038001902,-0.00127653145669618,0.011185518851124));
#3224=CARTESIAN_POINT('',(0.000125526038001902,-6.38463408760358E-5,0.0118856059402368));
#3225=CARTESIAN_POINT('',(0.00190177585703887,-5.81808942836965E-5,0.0118757923000999));
#3226=CARTESIAN_POINT('',(0.00192537952514829,-0.00190803031076124,0.0108076943025999));
#3227=CARTESIAN_POINT('',(0.0018855260380019,-0.00190853883241453,0.0108076943025999));
#3228=CARTESIAN_POINT('',(0.0018855260380019,-5.82327239761769E-5,0.0118758820790683));
#3229=CARTESIAN_POINT('',(0.,0.,0.008));
#3230=CARTESIAN_POINT('',(-0.00136327824056055,-0.00349341844599443,0.0115));
#3231=CARTESIAN_POINT('',(-0.00136327824056055,-0.00349341844599443,0.0096));
#3232=CARTESIAN_POINT('',(-0.00136327824056055,-0.00349341844599443,0.0084));
#3233=CARTESIAN_POINT('',(0.,0.,0.0084));
#3234=CARTESIAN_POINT('',(0.00347332120559924,-0.00141369721041494,0.0084));
#3235=CARTESIAN_POINT('',(0.00319903346386588,-0.00195670255712673,0.0096));
#3236=CARTESIAN_POINT('',(0.0032194109324587,-0.00192338722072065,0.0091465990300501));
#3237=CARTESIAN_POINT('',(0.00334744540555905,-0.00172296222298649,0.00871586909372887));
#3238=CARTESIAN_POINT('',(0.00347332120559924,-0.00141369721041494,0.0084));
#3239=CARTESIAN_POINT('',(0.00319903346386588,-0.00195670255712673,0.0096));
#3240=CARTESIAN_POINT('',(0.,0.,0.0096));
#3241=CARTESIAN_POINT('',(8.23902349853409E-19,-0.00375,0.0096));
#3242=CARTESIAN_POINT('',(0.,0.,0.0096));
#3243=CARTESIAN_POINT('',(-2.05998412772246E-18,3.90312782094782E-18,0.009));
#3244=CARTESIAN_POINT('',(1.94762939186415E-17,9.79405496529199E-19,0.009));
#3245=CARTESIAN_POINT('',(-0.000363540864149478,0.000931578252265175,0.009));
#3246=CARTESIAN_POINT('',(8.81768803070864E-5,0.000996104832729285,0.009));
#3247=CARTESIAN_POINT('',(0.000100870534029743,1.28708563305618E-6,0.009));
#3248=CARTESIAN_POINT('',(0.000113564187752399,-0.000993530661463178,0.009));
#3249=CARTESIAN_POINT('',(1.94762939186415E-17,9.79405496529199E-19,0.009));
#3250=CARTESIAN_POINT('',(-0.000363540864149478,-0.000931578252265173,0.009));
#3251=CARTESIAN_POINT('',(0.,0.,0.009));
#3252=CARTESIAN_POINT('',(-0.000283737752754946,-0.000727081728298961,0.009));
#3253=CARTESIAN_POINT('',(-0.00214689425728531,-1.0842021724855E-19,0.009));
#3254=CARTESIAN_POINT('',(-0.000283737752754946,0.000727081728298962,0.009));
#3255=CARTESIAN_POINT('',(-0.00136327824056055,0.00349341844599443,0.009));
#3256=CARTESIAN_POINT('',(0.,0.,0.009));
#3257=CARTESIAN_POINT('',(0.,0.,0.009));
#3258=CARTESIAN_POINT('',(-0.000906252085574806,0.00149706618337043,0.009));
#3259=CARTESIAN_POINT('',(-0.000906252085574805,-0.00149706618337043,0.009));
#3260=CARTESIAN_POINT('',(-0.000279473475679554,0.000109062259244844,0.009));
#3261=CARTESIAN_POINT('',(-0.000626269357308731,-0.000779606754778384,0.009));
#3262=CARTESIAN_POINT('',(1.94762939186415E-17,9.79405496529199E-19,0.009));
#3263=CARTESIAN_POINT('',(-0.000626269357308732,0.000779606754778385,0.009));
#3264=CARTESIAN_POINT('',(-0.000279473475679554,-0.000109062259244844,0.009));
#3265=CARTESIAN_POINT('',(0.,0.,0.008));
#3266=CARTESIAN_POINT('',(0.,0.,0.008));
#3267=CARTESIAN_POINT('',(0.,-0.003,0.008));
#3268=CARTESIAN_POINT('',(0.0111113938697554,-0.000753264165924546,0.008));
#3269=CARTESIAN_POINT('',(0.00323939511833686,-0.000853709123352537,0.008));
#3270=CARTESIAN_POINT('',(0.00311204503799369,-0.000855334082121263,0.008));
#3271=CARTESIAN_POINT('',(0.,0.,0.008));
#3272=CARTESIAN_POINT('',(0.0031006263459041,3.95633042063581E-5,0.008));
#3273=CARTESIAN_POINT('',(1.88737914186277E-17,1.27344271947908E-18,0.0152021257932617));
#3274=CARTESIAN_POINT('',(2.03505945505338E-17,5.52723566049154E-19,0.));
#3275=CARTESIAN_POINT('',(2.03505945505338E-17,-0.000999999999999999,0.));
#3276=CARTESIAN_POINT('',(0.000113564187716117,-0.000993530661463641,0.0152021257932617));
#3277=CARTESIAN_POINT('',(0.000113564187716117,-0.000993530661463642,0.0081302083589756));
#3278=CARTESIAN_POINT('',(1.96165897050987E-17,9.10937426370961E-19,0.00755580331060455));
#3279=CARTESIAN_POINT('',(0.000997566711739664,-6.97184023694926E-5,0.007603400310093));
#3280=CARTESIAN_POINT('',(1.96073421302701E-17,9.15450488510247E-19,0.00765099730958145));
#3281=CARTESIAN_POINT('',(8.81768802708049E-5,0.000996104832728821,0.0082254023579525));
#3282=CARTESIAN_POINT('',(8.81768802708045E-5,0.000996104832728822,0.0152021257932617));
#3283=CARTESIAN_POINT('',(-0.000363540864149478,0.000931578252265175,0.0093));
#3284=CARTESIAN_POINT('',(-0.000363540864149478,0.000931578252265175,0.0093));
#3285=CARTESIAN_POINT('',(-0.000363540864149478,0.000931578252265175,0.0093));
#3286=CARTESIAN_POINT('',(-0.000363540864149478,0.000931578252265175,0.00914003360734715));
#3287=CARTESIAN_POINT('',(-0.00050157830199261,0.000879772879041207,0.00899999999999997));
#3288=CARTESIAN_POINT('',(-0.000626269357308897,0.000779606754778628,0.009));
#3289=CARTESIAN_POINT('',(-0.000626269357308731,-0.000779606754778384,0.009));
#3290=CARTESIAN_POINT('',(-0.000501614418383717,-0.00087974386622263,0.009));
#3291=CARTESIAN_POINT('',(-0.000363540864149478,-0.000931578252265173,0.00914004172920573));
#3292=CARTESIAN_POINT('',(-0.000363540864149478,-0.000931578252265173,0.0093));
#3293=CARTESIAN_POINT('',(-0.000363540864149478,-0.000931578252265173,0.0093));
#3294=CARTESIAN_POINT('',(-0.000363540864149478,-0.000931578252265173,0.009));
#3295=CARTESIAN_POINT('',(-0.00662740661031255,0.00254998619921594,-0.00273503836666595));
#3296=CARTESIAN_POINT('',(-0.00762740661031255,0.00290353958980923,-0.00238148497607267));
#3297=CARTESIAN_POINT('',(-0.00762740661031255,0.00290353958980923,-0.00238148497607267));
#3298=CARTESIAN_POINT('',(-0.00852740661031255,0.00290353958980923,-0.00238148497607267));
#3299=CARTESIAN_POINT('',(-0.00852740661031255,0.0032570929804025,-0.00202793158547939));
#3300=CARTESIAN_POINT('',(-0.00902740661031255,0.00325709298040249,-0.0020279315854794));
#3301=CARTESIAN_POINT('',(-0.00802740661031255,0.00325709298040249,-0.0020279315854794));
#3302=CARTESIAN_POINT('',(-0.00802740661031255,0.00396419976158904,-0.00132082480429285));
#3303=CARTESIAN_POINT('',(-0.00662740661031255,0.00396419976158904,-0.00132082480429285));
#3304=CARTESIAN_POINT('',(-0.00678549315588517,0.00396419976158904,-0.00132082480429285));
#3305=CARTESIAN_POINT('',(-0.00678549315588517,0.00396419976158904,-0.00132082480429285));
#3306=CARTESIAN_POINT('',(-0.00720515179555755,0.00354405109773134,-0.00174097346815055));
#3307=CARTESIAN_POINT('',(-0.00749722333670877,0.00307370946490236,-0.00221131510097953));
#3308=CARTESIAN_POINT('',(-0.00762740661031255,0.00256701267701361,-0.00271801188886828));
#3309=CARTESIAN_POINT('',(-0.00762740661031255,0.00256701267701361,-0.00271801188886828));
#3310=CARTESIAN_POINT('',(-0.00762740661031255,0.00264251228294095,-0.00264251228294094));
#3311=CARTESIAN_POINT('',(-0.00662740661031255,0.00137350935065728,-0.00180449969213089));
#3312=CARTESIAN_POINT('',(-0.00802740661031255,0.00220358521885563,-0.000974423823932535));
#3313=CARTESIAN_POINT('',(-0.00802740661031255,0.00291069200004217,-0.000267317042745987));
#3314=CARTESIAN_POINT('',(-0.00902740661031255,0.00220358521885563,-0.000974423823932536));
#3315=CARTESIAN_POINT('',(-0.00852740661031255,0.00220358521885563,-0.000974423823932532));
#3316=CARTESIAN_POINT('',(-0.00852740661031255,0.00185003182826236,-0.00132797721452581));
#3317=CARTESIAN_POINT('',(-0.00762740661031255,0.00185003182826236,-0.00132797721452581));
#3318=CARTESIAN_POINT('',(-0.00762740661031255,0.00185003182826236,-0.00132797721452581));
#3319=CARTESIAN_POINT('',(-0.00762740661031255,0.00158900452139409,-0.00158900452139408));
#3320=CARTESIAN_POINT('',(-0.00762740661031255,0.00137350935065727,-0.0018044996921309));
#3321=CARTESIAN_POINT('',(-0.00662740661031255,0.00137350935065728,-0.00180449969213089));
#3322=CARTESIAN_POINT('',(-0.00741689552368559,0.00137350935065728,-0.00180449969213089));
#3323=CARTESIAN_POINT('',(-0.00147740661031255,-0.000571990957211832,-0.00375));
#3324=CARTESIAN_POINT('',(-0.0070139225803686,0.00232792126789332,-0.000850087774894842));
#3325=CARTESIAN_POINT('',(-0.0070139225803686,0.00232792126789332,-0.000850087774894842));
#3326=CARTESIAN_POINT('',(-0.00690990198216771,0.00252651752131376,-0.000651491521474405));
#3327=CARTESIAN_POINT('',(-0.006780361192591,0.00271646982652915,-0.000461539216259013));
#3328=CARTESIAN_POINT('',(-0.00662740661031255,0.00289849164217921,-0.000279517400608952));
#3329=CARTESIAN_POINT('',(-0.00662740661031255,0.00289849164217843,-0.000279517400608738));
#3330=CARTESIAN_POINT('',(-0.00662740661031255,0.00137350935065728,-0.00180449969213089));
#3331=CARTESIAN_POINT('',(-0.00662740661031255,0.00291069200004217,-0.000267317042745987));
#3332=CARTESIAN_POINT('',(-0.00662740661031255,0.00291069200004217,-0.000267317042745987));
#3333=CARTESIAN_POINT('',(-0.00662740661031255,-0.00254998619921594,-0.00676496163333405));
#3334=CARTESIAN_POINT('',(-0.00762740661031255,-0.00290353958980925,-0.00711851502392736));
#3335=CARTESIAN_POINT('',(-0.00762740661031255,-0.00290353958980925,-0.00711851502392736));
#3336=CARTESIAN_POINT('',(-0.00852740661031255,-0.00290353958980925,-0.00711851502392736));
#3337=CARTESIAN_POINT('',(-0.00852740661031255,-0.00325709298040252,-0.00747206841452063));
#3338=CARTESIAN_POINT('',(-0.00902740661031255,-0.00325709298040249,-0.0074720684145206));
#3339=CARTESIAN_POINT('',(-0.00802740661031255,-0.00325709298040249,-0.0074720684145206));
#3340=CARTESIAN_POINT('',(-0.00802740661031255,-0.00396419976158904,-0.00817917519570715));
#3341=CARTESIAN_POINT('',(-0.00662740661031255,-0.00396419976158904,-0.00817917519570715));
#3342=CARTESIAN_POINT('',(-0.0067854931558851,-0.00396419976158904,-0.00817917519570715));
#3343=CARTESIAN_POINT('',(-0.0067854931558851,-0.00396419976158904,-0.00817917519570715));
#3344=CARTESIAN_POINT('',(-0.00720515179555748,-0.00354405109773134,-0.00775902653184945));
#3345=CARTESIAN_POINT('',(-0.00749722333670877,-0.00307370946490237,-0.00728868489902048));
#3346=CARTESIAN_POINT('',(-0.00762740661031255,-0.00256701267701361,-0.00678198811113172));
#3347=CARTESIAN_POINT('',(-0.00762740661031255,-0.00256701267701361,-0.00678198811113172));
#3348=CARTESIAN_POINT('',(-0.00762740661031255,0.00210748771705905,-0.00210748771705904));
#3349=CARTESIAN_POINT('',(-0.00662740661031255,-0.00137350935065728,-0.00769550030786912));
#3350=CARTESIAN_POINT('',(-0.00802740661031255,-0.00220358521885563,-0.00852557617606747));
#3351=CARTESIAN_POINT('',(-0.00802740661031255,-0.00291069200004217,-0.00923268295725401));
#3352=CARTESIAN_POINT('',(-0.00902740661031255,-0.00220358521885563,-0.00852557617606747));
#3353=CARTESIAN_POINT('',(-0.00852740661031255,-0.00220358521885564,-0.00852557617606748));
#3354=CARTESIAN_POINT('',(-0.00852740661031255,-0.00185003182826237,-0.00817202278547421));
#3355=CARTESIAN_POINT('',(-0.00762740661031255,-0.00185003182826237,-0.00817202278547421));
#3356=CARTESIAN_POINT('',(-0.00762740661031255,-0.00185003182826237,-0.00817202278547421));
#3357=CARTESIAN_POINT('',(-0.00762740661031255,0.00316099547860592,-0.00316099547860592));
#3358=CARTESIAN_POINT('',(-0.00762740661031255,-0.00137350935065728,-0.00769550030786912));
#3359=CARTESIAN_POINT('',(-0.00662740661031255,-0.00137350935065728,-0.00769550030786912));
#3360=CARTESIAN_POINT('',(-0.00741689552368559,-0.00137350935065728,-0.00769550030786912));
#3361=CARTESIAN_POINT('',(-0.00147740661031255,0.000571990957211831,-0.00575));
#3362=CARTESIAN_POINT('',(-0.0070139225803686,-0.00232792126789332,-0.00864991222510516));
#3363=CARTESIAN_POINT('',(-0.0070139225803686,-0.00232792126789332,-0.00864991222510516));
#3364=CARTESIAN_POINT('',(-0.00690990198216771,-0.00252651752131376,-0.0088485084785256));
#3365=CARTESIAN_POINT('',(-0.006780361192591,-0.00271646982652915,-0.00903846078374099));
#3366=CARTESIAN_POINT('',(-0.00662740661031255,-0.00289849164217921,-0.00922048259939105));
#3367=CARTESIAN_POINT('',(-0.00662740661031255,-0.00289849164217843,-0.00922048259939126));
#3368=CARTESIAN_POINT('',(-0.00662740661031255,-0.00137350935065728,-0.00769550030786912));
#3369=CARTESIAN_POINT('',(-0.00662740661031255,-0.00291069200004217,-0.00923268295725401));
#3370=CARTESIAN_POINT('',(-0.00662740661031255,-0.00291069200004217,-0.00923268295725401));
#3371=CARTESIAN_POINT('',(0.,0.,0.009));
#3372=CARTESIAN_POINT('',(0.,0.,0.0025));
#3373=CARTESIAN_POINT('',(0.,-0.003,0.0025));
#3374=CARTESIAN_POINT('',(0.,0.,-0.0185));
#3375=CARTESIAN_POINT('',(0.,0.,-0.012));
#3376=CARTESIAN_POINT('',(0.,0.003,-0.012));
#3377=CARTESIAN_POINT('',(0.,0.,-0.0175));
#3378=CARTESIAN_POINT('',(0.,0.003,-0.0175));
#3379=CARTESIAN_POINT('',(0.,0.,-0.012));
#3380=CARTESIAN_POINT('',(-0.00644204936336256,0.00273861278752583,-0.0065));
#3381=CARTESIAN_POINT('',(-0.00630204701436611,0.00306794085001423,-0.00598462740387324));
#3382=CARTESIAN_POINT('',(-0.00609758469427444,0.00343197786376054,-0.00475698567343335));
#3383=CARTESIAN_POINT('',(-0.00630198120560513,0.00306809565221508,-0.0035156148494335));
#3384=CARTESIAN_POINT('',(-0.00644204936336256,0.00273861278752583,-0.003));
#3385=CARTESIAN_POINT('',(-0.00644204936336264,0.00273861278752655,-0.00649999999999923));
#3386=CARTESIAN_POINT('',(-0.00644204936336256,0.00273861278752583,-0.003));
#3387=CARTESIAN_POINT('',(0.,0.,-0.0065));
#3388=CARTESIAN_POINT('',(-0.00474517220105923,0.00514619672984766,-0.0065));
#3389=CARTESIAN_POINT('',(-0.00474517220105923,0.00514619672984765,-0.003));
#3390=CARTESIAN_POINT('',(-0.00498092811300567,0.0049288124248297,-0.00413874529177789));
#3391=CARTESIAN_POINT('',(-0.00498126369354555,0.00492850299486955,-0.00535963379124636));
#3392=CARTESIAN_POINT('',(-0.00474517220105923,0.00514619672984765,-0.0065));
#3393=CARTESIAN_POINT('',(-0.00474517220105923,0.00514619672984765,-0.003));
#3394=CARTESIAN_POINT('',(0.,0.,-0.003));
#3395=CARTESIAN_POINT('',(0.,0.,0.0025));
#3396=CARTESIAN_POINT('',(-0.00084413334214117,-0.0031503485212338,0.0025));
#3397=CARTESIAN_POINT('',(-0.00147740661031255,-0.00298066346043907,0.0025));
#3398=CARTESIAN_POINT('',(0.000382532787227245,-0.00347903271998068,0.0025));
#3399=CARTESIAN_POINT('',(0.,0.,0.0025));
#3400=CARTESIAN_POINT('',(0.000382532787227242,0.00347903271998068,0.0025));
#3401=CARTESIAN_POINT('',(-0.00057153995245374,0.00322338969986261,0.0025));
#3402=CARTESIAN_POINT('',(-0.00147740661031255,0.00298066346043907,0.0025));
#3403=CARTESIAN_POINT('',(-0.00147740661031255,0.,0.0025));
#3404=CARTESIAN_POINT('',(-0.00147740661031255,0.00289478318839335,0.0025));
#3405=CARTESIAN_POINT('',(0.,0.,0.0025));
#3406=CARTESIAN_POINT('',(-0.00147740661031255,-0.00289478318839335,0.0025));
#3407=CARTESIAN_POINT('',(-0.00147740661031255,0.,0.0025));
#3408=CARTESIAN_POINT('',(0.,0.,-0.012));
#3409=CARTESIAN_POINT('',(0.000905866657858813,0.00361925960798826,-0.012));
#3410=CARTESIAN_POINT('',(-0.00147740661031255,0.00298066346043907,-0.012));
#3411=CARTESIAN_POINT('',(0.000382532787227242,0.00347903271998068,-0.012));
#3412=CARTESIAN_POINT('',(0.,0.,-0.012));
#3413=CARTESIAN_POINT('',(0.000382532787227242,-0.00347903271998068,-0.012));
#3414=CARTESIAN_POINT('',(-0.00084413334214117,-0.00315034852123381,-0.012));
#3415=CARTESIAN_POINT('',(-0.00147740661031255,-0.00298066346043907,-0.012));
#3416=CARTESIAN_POINT('',(-0.00147740661031255,0.,-0.012));
#3417=CARTESIAN_POINT('',(-0.00147740661031255,-0.00289478318839335,-0.012));
#3418=CARTESIAN_POINT('',(0.,0.,-0.012));
#3419=CARTESIAN_POINT('',(-0.00147740661031255,0.00289478318839335,-0.012));
#3420=CARTESIAN_POINT('',(-0.00147740661031255,0.,-0.012));
#3421=CARTESIAN_POINT('',(0.,0.,-0.012));
#3422=CARTESIAN_POINT('',(-0.00644204936336256,-0.00273861278752583,-0.003));
#3423=CARTESIAN_POINT('',(-0.00630204701436608,-0.00306794085001431,-0.00351537259612689));
#3424=CARTESIAN_POINT('',(-0.00609758469427448,-0.00343197786376045,-0.00474301432656569));
#3425=CARTESIAN_POINT('',(-0.00630198120560509,-0.00306809565221517,-0.00598438515056637));
#3426=CARTESIAN_POINT('',(-0.00644204936336256,-0.00273861278752583,-0.0065));
#3427=CARTESIAN_POINT('',(-0.00644204936336256,-0.00273861278752583,-0.003));
#3428=CARTESIAN_POINT('',(-0.00644204936336256,-0.00273861278752583,-0.0065));
#3429=CARTESIAN_POINT('',(0.,0.,-0.003));
#3430=CARTESIAN_POINT('',(-0.00474517220105923,-0.00514619672984766,-0.003));
#3431=CARTESIAN_POINT('',(-0.00474517220105923,-0.00514619672984765,-0.0065));
#3432=CARTESIAN_POINT('',(-0.00498092811300567,-0.0049288124248297,-0.00536125470822211));
#3433=CARTESIAN_POINT('',(-0.00498126369354555,-0.00492850299486955,-0.00414036620875364));
#3434=CARTESIAN_POINT('',(-0.00474517220105923,-0.00514619672984766,-0.003));
#3435=CARTESIAN_POINT('',(-0.00474517220105923,-0.00514619672984765,-0.0065));
#3436=CARTESIAN_POINT('',(0.,0.,-0.0065));
#3437=CARTESIAN_POINT('',(0.,0.,0.));
#3438=CARTESIAN_POINT('',(-0.00171223881022239,0.00639016223444132,0.));
#3439=CARTESIAN_POINT('',(-0.00234551207839377,0.00622047717364658,0.));
#3440=CARTESIAN_POINT('',(-0.000485572680853979,0.0067188464331882,0.));
#3441=CARTESIAN_POINT('',(0.000382532787227242,0.00347903271998068,0.));
#3442=CARTESIAN_POINT('',(0.000749119636882632,0.00681304143047616,0.));
#3443=CARTESIAN_POINT('',(0.,0.,0.));
#3444=CARTESIAN_POINT('',(0.000749119636882636,-0.00681304143047616,0.));
#3445=CARTESIAN_POINT('',(0.000382532787227244,-0.00347903271998068,0.));
#3446=CARTESIAN_POINT('',(-0.000485572680853977,-0.0067188464331882,0.));
#3447=CARTESIAN_POINT('',(-0.00171223881022239,-0.00639016223444132,0.));
#3448=CARTESIAN_POINT('',(-0.00234551207839377,-0.00622047717364658,0.));
#3449=CARTESIAN_POINT('',(-0.00350000000000077,-0.00584935211513059,0.));
#3450=CARTESIAN_POINT('',(-0.00311982333001645,-0.00599544107903534,0.));
#3451=CARTESIAN_POINT('',(-0.00273439664629628,-0.0061162758677282,0.));
#3452=CARTESIAN_POINT('',(-0.00234551207839377,-0.0062204771736466,0.));
#3453=CARTESIAN_POINT('',(-0.00349999999999996,-0.00584935211513107,0.));
#3454=CARTESIAN_POINT('',(-0.00349999999999996,0.013,0.));
#3455=CARTESIAN_POINT('',(-0.00349999999999996,-0.00193649167310377,0.));
#3456=CARTESIAN_POINT('',(0.,0.,0.));
#3457=CARTESIAN_POINT('',(-0.00349999999999996,0.00193649167310377,7.60763700674595E-19));
#3458=CARTESIAN_POINT('',(-0.00349999999999996,0.013,0.));
#3459=CARTESIAN_POINT('',(-0.00349999999999996,0.0058493521151309,0.));
#3460=CARTESIAN_POINT('',(-0.0035,0.0058493521151309,0.));
#3461=CARTESIAN_POINT('',(-0.00311982333001566,0.00599544107903562,0.));
#3462=CARTESIAN_POINT('',(-0.00273439664629628,0.0061162758677282,0.));
#3463=CARTESIAN_POINT('',(-0.00234551207839377,0.0062204771736466,0.));
#3464=CARTESIAN_POINT('',(-0.00175,0.00653108891324555,0.0025));
#3465=CARTESIAN_POINT('',(-0.00513327326817137,0.00562454357326523,-0.00375));
#3466=CARTESIAN_POINT('',(-0.00513327326817137,0.00562454357326523,-0.00575));
#3467=CARTESIAN_POINT('',(-0.00513327326817137,0.00562454357326523,-0.00375));
#3468=CARTESIAN_POINT('',(-0.00238327326817137,0.00636140385245081,-0.00375));
#3469=CARTESIAN_POINT('',(-0.00445464889532957,0.00580638042593226,-0.00194115976072652));
#3470=CARTESIAN_POINT('',(0.00370765616773312,0.00799346347595635,-0.00475));
#3471=CARTESIAN_POINT('',(-0.00445464889532957,0.00580638042593226,-0.00755884023927348));
#3472=CARTESIAN_POINT('',(-0.00238327326817137,0.00636140385245081,-0.00575));
#3473=CARTESIAN_POINT('',(-0.00175,-0.00653108891324555,0.0025));
#3474=CARTESIAN_POINT('',(-0.00513327326817137,-0.00562454357326523,0.0025));
#3475=CARTESIAN_POINT('',(-0.00513327326817137,-0.00562454357326523,-0.00375));
#3476=CARTESIAN_POINT('',(-0.00513327326817137,-0.00562454357326523,-0.00575));
#3477=CARTESIAN_POINT('',(-0.00238327326817137,-0.00636140385245081,-0.00575));
#3478=CARTESIAN_POINT('',(-0.00445464889532957,-0.00580638042593226,-0.00755884023927348));
#3479=CARTESIAN_POINT('',(0.00370765616773312,-0.00799346347595634,-0.00475));
#3480=CARTESIAN_POINT('',(-0.00445464889532957,-0.00580638042593226,-0.00194115976072652));
#3481=CARTESIAN_POINT('',(-0.00238327326817137,-0.00636140385245081,-0.00375));
#3482=CARTESIAN_POINT('',(0.,0.,-0.0095));
#3483=CARTESIAN_POINT('',(0.,0.,-0.0095));
#3484=CARTESIAN_POINT('',(0.000749119636882632,-0.00681304143047616,-0.0095));
#3485=CARTESIAN_POINT('',(0.000749119636882632,0.00681304143047616,-0.0095));
#3486=CARTESIAN_POINT('',(0.000382532787227242,0.00347903271998068,-0.0095));
#3487=CARTESIAN_POINT('',(-0.000485572680853979,0.0067188464331882,-0.0095));
#3488=CARTESIAN_POINT('',(-0.00171223881022239,0.00639016223444132,-0.0095));
#3489=CARTESIAN_POINT('',(-0.00234551207839377,0.00622047717364659,-0.0095));
#3490=CARTESIAN_POINT('',(-0.00350000000000077,0.00584935211513059,-0.0095));
#3491=CARTESIAN_POINT('',(-0.00311982333001645,0.00599544107903534,-0.0095));
#3492=CARTESIAN_POINT('',(-0.00273439664629627,0.0061162758677282,-0.0095));
#3493=CARTESIAN_POINT('',(-0.00234551207839377,0.0062204771736466,-0.0095));
#3494=CARTESIAN_POINT('',(-0.00349999999999996,0.00584935211513107,-0.0095));
#3495=CARTESIAN_POINT('',(-0.00349999999999996,0.013,-0.0095));
#3496=CARTESIAN_POINT('',(-0.00349999999999996,0.00193649167310377,-0.0095));
#3497=CARTESIAN_POINT('',(0.,0.,-0.0095));
#3498=CARTESIAN_POINT('',(-0.00349999999999996,-0.00193649167310377,-0.0095));
#3499=CARTESIAN_POINT('',(-0.00349999999999996,0.013,-0.0095));
#3500=CARTESIAN_POINT('',(-0.00349999999999996,-0.0058493521151309,-0.0095));
#3501=CARTESIAN_POINT('',(-0.0035,-0.0058493521151309,-0.0095));
#3502=CARTESIAN_POINT('',(-0.00311982333001566,-0.00599544107903562,-0.0095));
#3503=CARTESIAN_POINT('',(-0.00273439664629628,-0.0061162758677282,-0.0095));
#3504=CARTESIAN_POINT('',(-0.00234551207839377,-0.0062204771736466,-0.0095));
#3505=CARTESIAN_POINT('',(-0.00234551207839377,-0.00622047717364659,-0.0095));
#3506=CARTESIAN_POINT('',(-0.00171223881022239,-0.00639016223444132,-0.0095));
#3507=CARTESIAN_POINT('',(-0.000485572680853979,-0.0067188464331882,-0.0095));
#3508=CARTESIAN_POINT('',(0.000382532787227242,-0.00347903271998068,-0.0095));
#3509=CARTESIAN_POINT('',(0.00370765616773312,0.013,-0.00475));
#3510=CARTESIAN_POINT('',(-0.00445464889532957,-0.00580638042593226,-0.00755884023927348));
#3511=CARTESIAN_POINT('',(-0.00421770386842086,-0.00586986965454302,-0.00824738690909217));
#3512=CARTESIAN_POINT('',(-0.00389924875373449,-0.00591724565210215,-0.00889417942267066));
#3513=CARTESIAN_POINT('',(-0.00349999999999996,-0.0058493521151309,-0.0095));
#3514=CARTESIAN_POINT('',(-0.00474517220105923,-0.00514619672984765,-0.0065));
#3515=CARTESIAN_POINT('',(-0.00465522092524527,-0.00522913842754191,-0.00693448154057674));
#3516=CARTESIAN_POINT('',(-0.00440037342786685,-0.00519851836851095,-0.00781249004395026));
#3517=CARTESIAN_POINT('',(-0.00387586667021665,-0.00451889117303638,-0.00891040600890215));
#3518=CARTESIAN_POINT('',(-0.00352743853448778,-0.00328689476418126,-0.00946008338952712));
#3519=CARTESIAN_POINT('',(-0.00349999999999997,-0.00238407456814269,-0.0095));
#3520=CARTESIAN_POINT('',(-0.00349999999999997,-0.00193649167310377,-0.0095));
#3521=CARTESIAN_POINT('',(-0.00474517220105923,-0.00514619672984765,-0.003));
#3522=CARTESIAN_POINT('',(-0.00465522092524527,-0.00522913842754191,-0.00256551845942326));
#3523=CARTESIAN_POINT('',(-0.00440037342786685,-0.00519851836851095,-0.00168750995604974));
#3524=CARTESIAN_POINT('',(-0.00387586667021665,-0.00451889117303637,-0.000589593991097853));
#3525=CARTESIAN_POINT('',(-0.00352743853448778,-0.00328689476418126,-3.99166104728833E-5));
#3526=CARTESIAN_POINT('',(-0.00349999999999997,-0.00238407456814269,2.86629478345858E-20));
#3527=CARTESIAN_POINT('',(-0.00349999999999997,-0.00193649167310377,-3.60397651212208E-20));
#3528=CARTESIAN_POINT('',(-0.00445464889532957,-0.00580638042593226,-0.00194115976072652));
#3529=CARTESIAN_POINT('',(-0.00421770386842086,-0.00586986965454302,-0.00125261309090783));
#3530=CARTESIAN_POINT('',(-0.00389924875373449,-0.00591724565210215,-0.000605820577329345));
#3531=CARTESIAN_POINT('',(-0.00349999999999996,-0.0058493521151309,2.41266150608908E-18));
#3532=CARTESIAN_POINT('',(0.00370765616773312,0.013,-0.00475));
#3533=CARTESIAN_POINT('',(-0.00445464889532957,0.00580638042593226,-0.00194115976072652));
#3534=CARTESIAN_POINT('',(-0.00421770386842086,0.00586986965454302,-0.00125261309090783));
#3535=CARTESIAN_POINT('',(-0.00389924875373449,0.00591724565210215,-0.000605820577329344));
#3536=CARTESIAN_POINT('',(-0.00349999999999997,0.0058493521151309,2.60074035398666E-18));
#3537=CARTESIAN_POINT('',(-0.00474517220105923,0.00514619672984765,-0.003));
#3538=CARTESIAN_POINT('',(-0.00465522092524527,0.00522913842754191,-0.00256551845942326));
#3539=CARTESIAN_POINT('',(-0.00440037342786685,0.00519851836851095,-0.00168750995604974));
#3540=CARTESIAN_POINT('',(-0.00387586667021665,0.00451889117303638,-0.000589593991097853));
#3541=CARTESIAN_POINT('',(-0.00352743853448778,0.00328689476418126,-3.99166104728829E-5));
#3542=CARTESIAN_POINT('',(-0.00349999999999997,0.00238407456814269,2.86629478345858E-20));
#3543=CARTESIAN_POINT('',(-0.00349999999999997,0.00193649167310377,-3.60397651212208E-20));
#3544=CARTESIAN_POINT('',(-0.00474517220105923,0.00514619672984765,-0.0065));
#3545=CARTESIAN_POINT('',(-0.00465522092524527,0.00522913842754191,-0.00693448154057674));
#3546=CARTESIAN_POINT('',(-0.00440037342786685,0.00519851836851095,-0.00781249004395026));
#3547=CARTESIAN_POINT('',(-0.00387586667021665,0.00451889117303638,-0.00891040600890215));
#3548=CARTESIAN_POINT('',(-0.00352743853448778,0.00328689476418126,-0.00946008338952712));
#3549=CARTESIAN_POINT('',(-0.00349999999999997,0.00238407456814269,-0.0095));
#3550=CARTESIAN_POINT('',(-0.00349999999999997,0.00193649167310377,-0.0095));
#3551=CARTESIAN_POINT('',(-0.00445464889532957,0.00580638042593226,-0.00755884023927348));
#3552=CARTESIAN_POINT('',(-0.00421770386842086,0.00586986965454302,-0.00824738690909217));
#3553=CARTESIAN_POINT('',(-0.00389924875373449,0.00591724565210215,-0.00889417942267066));
#3554=CARTESIAN_POINT('',(-0.00349999999999996,0.0058493521151309,-0.0095));
#3555=CARTESIAN_POINT('',(0.,0.,-0.003));
#3556=CARTESIAN_POINT('',(-0.00644204936336256,-0.00273861278752583,-0.003));
#3557=CARTESIAN_POINT('',(-0.00656357257973828,-0.00245275325957327,-0.00255265225217887));
#3558=CARTESIAN_POINT('',(-0.00663694062724154,-0.00163620945888631,-0.00177937750182003));
#3559=CARTESIAN_POINT('',(-0.00657869053788933,1.69731830216698E-6,-0.001360704414344));
#3560=CARTESIAN_POINT('',(-0.00663675449684173,0.00163128016477147,-0.00177780492950966));
#3561=CARTESIAN_POINT('',(-0.00656416355770607,0.00245136309983349,-0.00255047676118451));
#3562=CARTESIAN_POINT('',(-0.00644204936336272,0.00273861278752586,-0.00300000000000002));
#3563=CARTESIAN_POINT('',(0.,0.,-0.0065));
#3564=CARTESIAN_POINT('',(-0.00644204936336234,0.00273861278752637,-0.00649999999999916));
#3565=CARTESIAN_POINT('',(-0.00656357257973818,0.0024527532595739,-0.00694734774782044));
#3566=CARTESIAN_POINT('',(-0.00663694062724157,0.00163620945888704,-0.00772062249817962));
#3567=CARTESIAN_POINT('',(-0.00657869053788932,-1.69731830164383E-6,-0.00813929558565604));
#3568=CARTESIAN_POINT('',(-0.00663675449684173,-0.00163128016477124,-0.00772219507049051));
#3569=CARTESIAN_POINT('',(-0.00656416355770609,-0.00245136309983345,-0.00694952323881556));
#3570=CARTESIAN_POINT('',(-0.00644204936336272,-0.00273861278752586,-0.00649999999999998));
#3571=CARTESIAN_POINT('',(-0.00147740661031255,0.,-0.00375));
#3572=CARTESIAN_POINT('',(-0.00741689552368559,-0.00137350935065728,-0.00180449969213089));
#3573=CARTESIAN_POINT('',(-0.00735198253390559,-0.000948521185050187,-0.00160632445588306));
#3574=CARTESIAN_POINT('',(-0.00726503610172732,-8.56213843031803E-7,-0.00139459627741844));
#3575=CARTESIAN_POINT('',(-0.00735137975852118,0.000944574788408151,-0.00160448422090676));
#3576=CARTESIAN_POINT('',(-0.00741689552368559,0.00137350935065728,-0.00180449969213089));
#3577=CARTESIAN_POINT('',(-0.00741689552368559,-0.00137350935065728,-0.00180449969213089));
#3578=CARTESIAN_POINT('',(-0.00147740661031255,0.00057199095721183,-0.00375));
#3579=CARTESIAN_POINT('',(-0.0070139225803686,-0.00232792126789332,-0.000850087774894839));
#3580=CARTESIAN_POINT('',(-0.00147740661031255,-0.00298066346043907,-0.00375));
#3581=CARTESIAN_POINT('',(-0.00147740661031255,0.00289478318839335,0.0025));
#3582=CARTESIAN_POINT('',(-0.00201439302765875,0.00262072215134703,0.0025));
#3583=CARTESIAN_POINT('',(-0.00290928939705607,0.00178915903871035,0.00235775581881076));
#3584=CARTESIAN_POINT('',(-0.00341930050626243,6.06984422741737E-7,0.00218638811382508));
#3585=CARTESIAN_POINT('',(-0.00291350654808759,-0.00178268964796509,0.0023568766457467));
#3586=CARTESIAN_POINT('',(-0.00201424366018113,-0.00262079838382609,0.0025));
#3587=CARTESIAN_POINT('',(-0.00147740661031255,-0.00289478318839335,0.0025));
#3588=CARTESIAN_POINT('',(-0.00147740661031255,0.00298066346043907,-0.00375));
#3589=CARTESIAN_POINT('',(-0.00147740661031255,0.,-0.00575));
#3590=CARTESIAN_POINT('',(-0.00147740661031255,-0.000571990957211831,-0.00575));
#3591=CARTESIAN_POINT('',(-0.0070139225803686,0.00232792126789332,-0.00864991222510516));
#3592=CARTESIAN_POINT('',(-0.00741689552368559,0.00137350935065728,-0.00769550030786911));
#3593=CARTESIAN_POINT('',(-0.00147740661031255,0.00298066346043907,-0.00575));
#3594=CARTESIAN_POINT('',(-0.00147740661031255,-0.00289478318839335,-0.012));
#3595=CARTESIAN_POINT('',(-0.00201439302765875,-0.00262072215134703,-0.012));
#3596=CARTESIAN_POINT('',(-0.00290928939705606,-0.00178915903871035,-0.0118577558188108));
#3597=CARTESIAN_POINT('',(-0.00341930050626244,-6.06984422742613E-7,-0.0116863881138251));
#3598=CARTESIAN_POINT('',(-0.00291350654808759,0.0017826896479651,-0.0118568766457467));
#3599=CARTESIAN_POINT('',(-0.00201424366018113,0.00262079838382609,-0.012));
#3600=CARTESIAN_POINT('',(-0.00147740661031255,0.00289478318839335,-0.012));
#3601=CARTESIAN_POINT('',(-0.00147740661031255,-0.00298066346043907,-0.00575));
#3602=CARTESIAN_POINT('',(-0.00741689552368559,0.00137350935065728,-0.00769550030786911));
#3603=CARTESIAN_POINT('',(-0.00735198253390559,0.000948521185050187,-0.00789367554411694));
#3604=CARTESIAN_POINT('',(-0.00726503610172731,8.56213843031045E-7,-0.00810540372258156));
#3605=CARTESIAN_POINT('',(-0.00735137975852118,-0.000944574788408148,-0.00789551577909324));
#3606=CARTESIAN_POINT('',(-0.00741689552368559,-0.00137350935065728,-0.00769550030786911));
#3607=CARTESIAN_POINT('',(-0.00084413334214117,0.00315034852123381,-0.001));
#3608=CARTESIAN_POINT('',(0.000382532787227242,0.00347903271998068,-0.001));
#3609=CARTESIAN_POINT('',(-0.00147740661031255,0.00298066346043907,-0.001));
#3610=CARTESIAN_POINT('',(-0.00238327326817136,0.00636140385245081,-0.001));
#3611=CARTESIAN_POINT('',(-0.00238327326817136,0.00636140385245081,0.0025));
#3612=CARTESIAN_POINT('',(-0.00147740661031255,0.00298066346043907,0.0025));
#3613=CARTESIAN_POINT('',(-0.00310322161422671,0.00616849427453316,-0.0010000000000076));
#3614=CARTESIAN_POINT('',(-0.00390653218582832,0.00595324785560002,0.00227061602855014));
#3615=CARTESIAN_POINT('',(-0.00311365285134694,0.00278775388252143,0.0025));
#3616=CARTESIAN_POINT('',(-0.00453738639167488,0.00578421098060276,-0.00159588687756104));
#3617=CARTESIAN_POINT('',(-0.00665751637676338,0.00521612386324983,0.000675274143695282));
#3618=CARTESIAN_POINT('',(-0.00637311825462718,0.002403470588591,0.00114571164189798));
#3619=CARTESIAN_POINT('',(-0.00513327326816099,0.00562454357326801,-0.00303005165181828));
#3620=CARTESIAN_POINT('',(-0.00772740661029441,0.0049294476391847,-0.00230214885982017));
#3621=CARTESIAN_POINT('',(-0.00772740661031256,0.0022438031812563,-0.00211375375413223));
#3622=CARTESIAN_POINT('',(-0.00513327326817137,0.00562454357326523,-0.00375));
#3623=CARTESIAN_POINT('',(-0.00772740661031255,0.00492944763917986,-0.00375000000000001));
#3624=CARTESIAN_POINT('',(-0.00772740661031255,0.00224380318125349,-0.00375000000000001));
#3625=CARTESIAN_POINT('',(-0.00662740661031255,0.00293259722980515,-0.000289222272508961));
#3626=CARTESIAN_POINT('',(-0.00678188079622774,0.00326611691379098,-0.000622741956494797));
#3627=CARTESIAN_POINT('',(-0.00683964508332423,0.00361502396073603,-0.000971649003439843));
#3628=CARTESIAN_POINT('',(-0.00678549315588509,0.00396419976158904,-0.00132082480429285));
#3629=CARTESIAN_POINT('',(-0.00662740661031255,0.00293259722980509,-0.000289222272508902));
#3630=CARTESIAN_POINT('',(-0.00662740661031255,0.00293259722980508,-0.000289222272508936));
#3631=CARTESIAN_POINT('',(-0.00662740661031255,0.00292126874390187,-0.000285888860478433));
#3632=CARTESIAN_POINT('',(-0.00662740661031255,0.00290990031447577,-0.000282653657841826));
#3633=CARTESIAN_POINT('',(-0.00662740661031255,0.00289849164217843,-0.000279517400608735));
#3634=CARTESIAN_POINT('',(-0.00422740661031255,0.00224380318125349,-0.00375));
#3635=CARTESIAN_POINT('',(-0.00762299250422016,0.00309232921921325,-0.00375));
#3636=CARTESIAN_POINT('',(-0.00763171580247088,0.00254998619921594,-0.00273503836666595));
#3637=CARTESIAN_POINT('',(-0.00766025952362702,0.00278680396775615,-0.00303473739394095));
#3638=CARTESIAN_POINT('',(-0.00765277842026485,0.00297313354125664,-0.00338140772225083));
#3639=CARTESIAN_POINT('',(-0.00762299250422016,0.00309232921921325,-0.00375));
#3640=CARTESIAN_POINT('',(-0.00763171580247088,0.00254998619921595,-0.00273503836666594));
#3641=CARTESIAN_POINT('',(-0.00762740661031255,0.00256701267701361,-0.00271801188886828));
#3642=CARTESIAN_POINT('',(-0.00762886410265794,0.00256133985385179,-0.0027236847120301));
#3643=CARTESIAN_POINT('',(-0.00763030050838219,0.00255566436230771,-0.00272936020357418));
#3644=CARTESIAN_POINT('',(-0.00763171580247088,0.00254998619921595,-0.00273503836666594));
#3645=CARTESIAN_POINT('',(-0.00422740661031255,0.00224380318125349,0.));
#3646=CARTESIAN_POINT('',(-0.00762299250422016,0.00309232921921325,-0.00375));
#3647=CARTESIAN_POINT('',(-0.00757053613677784,0.00330224629112901,-0.00439913269509678));
#3648=CARTESIAN_POINT('',(-0.0075705320928089,0.00330226247406653,-0.00510081726193265));
#3649=CARTESIAN_POINT('',(-0.00762299250422016,0.00309232921921325,-0.00575));
#3650=CARTESIAN_POINT('',(-0.00762299250422016,0.00309232921921325,-0.00575));
#3651=CARTESIAN_POINT('',(-0.00422740661031255,0.00224380318125349,-0.00575));
#3652=CARTESIAN_POINT('',(-0.00513327326817137,0.00562454357326523,-0.00575));
#3653=CARTESIAN_POINT('',(-0.00772740661031255,0.00492944763917986,-0.00575));
#3654=CARTESIAN_POINT('',(-0.00772740661031255,0.00224380318125349,-0.00575));
#3655=CARTESIAN_POINT('',(-0.00513327326816214,0.0056245435732677,-0.00646994834818));
#3656=CARTESIAN_POINT('',(-0.00772740661029403,0.00492944763918504,-0.00719785114017671));
#3657=CARTESIAN_POINT('',(-0.00772740661031255,0.0022438031812563,-0.00738624624586325));
#3658=CARTESIAN_POINT('',(-0.00453738639167458,0.00578421098060285,-0.00790411312243989));
#3659=CARTESIAN_POINT('',(-0.00665751637676403,0.00521612386324991,-0.0101752741436975));
#3660=CARTESIAN_POINT('',(-0.0063731182546274,0.002403470588591,-0.0106457116419002));
#3661=CARTESIAN_POINT('',(-0.00310322161422619,0.0061684942745333,-0.00849999999999224));
#3662=CARTESIAN_POINT('',(-0.00390653218582753,0.00595324785559946,-0.0117706160285493));
#3663=CARTESIAN_POINT('',(-0.00311365285134653,0.00278775388252143,-0.012));
#3664=CARTESIAN_POINT('',(-0.00238327326817136,0.00636140385245081,-0.0085));
#3665=CARTESIAN_POINT('',(-0.00238327326817135,0.00636140385245081,-0.012));
#3666=CARTESIAN_POINT('',(-0.00147740661031254,0.00298066346043907,-0.012));
#3667=CARTESIAN_POINT('',(-0.00763171580247088,0.00254998619921594,-0.00676496163333405));
#3668=CARTESIAN_POINT('',(-0.00763029981675364,0.00255566713712302,-0.00677064257124113));
#3669=CARTESIAN_POINT('',(-0.00762886339138432,0.00256134262225705,-0.00677631805637516));
#3670=CARTESIAN_POINT('',(-0.00762740661031255,0.00256701267701362,-0.00678198811113173));
#3671=CARTESIAN_POINT('',(-0.00763171580247088,0.00254998619921595,-0.00676496163333405));
#3672=CARTESIAN_POINT('',(-0.00762740661031255,0.00256701267701362,-0.00678198811113173));
#3673=CARTESIAN_POINT('',(-0.00762299250422016,0.00309232921921325,-0.00575));
#3674=CARTESIAN_POINT('',(-0.00765281976978648,0.00297296807096331,-0.00611910396637213));
#3675=CARTESIAN_POINT('',(-0.00766060619761826,0.00278968020665188,-0.00646162265114954));
#3676=CARTESIAN_POINT('',(-0.00763171580247088,0.00254998619921595,-0.00676496163333405));
#3677=CARTESIAN_POINT('',(-0.00147740661031255,0.00298066346043907,-0.0085));
#3678=CARTESIAN_POINT('',(-0.00662740661031255,0.00289849164217921,-0.00922048259939105));
#3679=CARTESIAN_POINT('',(-0.006780361192591,0.00271646982652915,-0.00903846078374099));
#3680=CARTESIAN_POINT('',(-0.00690990198216771,0.00252651752131376,-0.0088485084785256));
#3681=CARTESIAN_POINT('',(-0.0070139225803686,0.00232792126789332,-0.00864991222510516));
#3682=CARTESIAN_POINT('',(-0.00662740661031255,0.00289849164217893,-0.00922048259939076));
#3683=CARTESIAN_POINT('',(-0.00662740661031255,0.00293259722982928,-0.00921077772748394));
#3684=CARTESIAN_POINT('',(-0.00662740661031255,0.00292126874391828,-0.0092141111395169));
#3685=CARTESIAN_POINT('',(-0.00662740661031255,0.00290990031448431,-0.00921734634215582));
#3686=CARTESIAN_POINT('',(-0.00662740661031255,0.00289849164217906,-0.00922048259939109));
#3687=CARTESIAN_POINT('',(-0.00662740661031255,0.0029325972298293,-0.00921077772748398));
#3688=CARTESIAN_POINT('',(-0.0067854931558851,0.00396419976158904,-0.00817917519570715));
#3689=CARTESIAN_POINT('',(-0.00683967561063094,0.00361482711831009,-0.0085285478389861));
#3690=CARTESIAN_POINT('',(-0.00678195889035321,0.00326628552401995,-0.00887708943327624));
#3691=CARTESIAN_POINT('',(-0.00662740661031308,0.00293259722980506,-0.00921077772749113));
#3692=CARTESIAN_POINT('',(-0.0067854931558851,0.00396419976158904,-0.00817917519570715));
#3693=CARTESIAN_POINT('',(-0.00762740661031255,0.00256701267701362,-0.00678198811113173));
#3694=CARTESIAN_POINT('',(-0.0074972270972592,0.00307369482816165,-0.00728867026227976));
#3695=CARTESIAN_POINT('',(-0.00720549701288958,0.00354370547729817,-0.00775868091141627));
#3696=CARTESIAN_POINT('',(-0.00678549315588509,0.00396419976158903,-0.00817917519570714));
#3697=CARTESIAN_POINT('',(-0.00084413334214117,0.00315034852123381,-0.0085));
#3698=CARTESIAN_POINT('',(0.000382532787227242,0.00347903271998068,-0.0085));
#3699=CARTESIAN_POINT('',(-0.00084413334214117,-0.00315034852123381,-0.0085));
#3700=CARTESIAN_POINT('',(0.000382532787227242,-0.00347903271998068,-0.0085));
#3701=CARTESIAN_POINT('',(-0.00147740661031255,-0.00298066346043907,-0.0085));
#3702=CARTESIAN_POINT('',(-0.00772740661031255,-0.00224380318125349,-0.00575));
#3703=CARTESIAN_POINT('',(-0.00772740661031255,-0.00492944763917986,-0.00575));
#3704=CARTESIAN_POINT('',(-0.00513327326817137,-0.00562454357326523,-0.00575));
#3705=CARTESIAN_POINT('',(-0.00772740661031255,-0.0022438031812563,-0.00738624624586478));
#3706=CARTESIAN_POINT('',(-0.00772740661029443,-0.00492944763918529,-0.00719785114017867));
#3707=CARTESIAN_POINT('',(-0.00513327326816185,-0.00562454357326778,-0.00646994834818072));
#3708=CARTESIAN_POINT('',(-0.00637311825462728,-0.00240347058859086,-0.0106457116418994));
#3709=CARTESIAN_POINT('',(-0.00665751637676312,-0.00521612386324903,-0.0101752741436968));
#3710=CARTESIAN_POINT('',(-0.00453738639167473,-0.00578421098060281,-0.00790411312243953));
#3711=CARTESIAN_POINT('',(-0.0031136528513468,-0.00278775388252172,-0.012));
#3712=CARTESIAN_POINT('',(-0.0039065321858286,-0.00595324785560115,-0.0117706160285488));
#3713=CARTESIAN_POINT('',(-0.00310322161422617,-0.00616849427453331,-0.00849999999999224));
#3714=CARTESIAN_POINT('',(-0.00147740661031255,-0.00298066346043907,-0.012));
#3715=CARTESIAN_POINT('',(-0.00238327326817136,-0.00636140385245081,-0.012));
#3716=CARTESIAN_POINT('',(-0.00238327326817136,-0.00636140385245081,-0.0085));
#3717=CARTESIAN_POINT('',(-0.00662740661031255,-0.00293259722980515,-0.00921077772749104));
#3718=CARTESIAN_POINT('',(-0.00678188079622545,-0.00326611691378605,-0.00887725804351014));
#3719=CARTESIAN_POINT('',(-0.00683964508332343,-0.0036150239607412,-0.00852835099655499));
#3720=CARTESIAN_POINT('',(-0.00678549315588509,-0.00396419976158904,-0.00817917519570715));
#3721=CARTESIAN_POINT('',(-0.00662740661031255,-0.00293259722982076,-0.00921077772747543));
#3722=CARTESIAN_POINT('',(-0.00662740661031255,-0.00293259722982476,-0.00921077772748527));
#3723=CARTESIAN_POINT('',(-0.00662740661031255,-0.00292126874391504,-0.00921411113951782));
#3724=CARTESIAN_POINT('',(-0.00662740661031255,-0.00290990031448237,-0.00921734634215636));
#3725=CARTESIAN_POINT('',(-0.00662740661031255,-0.00289849164217843,-0.00922048259939127));
#3726=CARTESIAN_POINT('',(-0.00422740661031255,-0.00224380318125349,-0.00575));
#3727=CARTESIAN_POINT('',(-0.00762299250422016,-0.00309232921921325,-0.00575));
#3728=CARTESIAN_POINT('',(-0.00763171580247088,-0.00254998619921594,-0.00676496163333405));
#3729=CARTESIAN_POINT('',(-0.00766025952362702,-0.00278680396775616,-0.00646526260605905));
#3730=CARTESIAN_POINT('',(-0.00765277842026485,-0.00297313354125664,-0.00611859227774917));
#3731=CARTESIAN_POINT('',(-0.00762299250422016,-0.00309232921921325,-0.00575));
#3732=CARTESIAN_POINT('',(-0.00763171580247088,-0.00254998619921594,-0.00676496163333405));
#3733=CARTESIAN_POINT('',(-0.00762740661031255,-0.00256701267701361,-0.00678198811113172));
#3734=CARTESIAN_POINT('',(-0.00762886410265794,-0.00256133985385178,-0.00677631528796989));
#3735=CARTESIAN_POINT('',(-0.00763030050838219,-0.0025556643623077,-0.00677063979642581));
#3736=CARTESIAN_POINT('',(-0.00763171580247088,-0.00254998619921594,-0.00676496163333405));
#3737=CARTESIAN_POINT('',(-0.00422740661031255,-0.00224380318125349,0.0025));
#3738=CARTESIAN_POINT('',(-0.00762299250422016,-0.00309232921921325,-0.00575));
#3739=CARTESIAN_POINT('',(-0.00757053613677784,-0.00330224629112901,-0.00510086730490322));
#3740=CARTESIAN_POINT('',(-0.0075705320928089,-0.00330226247406653,-0.00439918273806735));
#3741=CARTESIAN_POINT('',(-0.00762299250422016,-0.00309232921921325,-0.00375));
#3742=CARTESIAN_POINT('',(-0.00762299250422016,-0.00309232921921325,-0.00375));
#3743=CARTESIAN_POINT('',(-0.00422740661031255,-0.00224380318125349,-0.00375));
#3744=CARTESIAN_POINT('',(-0.00147740661031255,-0.00298066346043907,0.0025));
#3745=CARTESIAN_POINT('',(-0.00238327326817136,-0.00636140385245081,0.0025));
#3746=CARTESIAN_POINT('',(-0.00238327326817136,-0.00636140385245081,-0.001));
#3747=CARTESIAN_POINT('',(-0.00311365285134729,-0.00278775388252172,0.0025));
#3748=CARTESIAN_POINT('',(-0.00390653218582827,-0.00595324785559939,0.00227061602854907));
#3749=CARTESIAN_POINT('',(-0.00310322161422702,-0.00616849427453308,-0.0010000000000076));
#3750=CARTESIAN_POINT('',(-0.00637311825462704,-0.00240347058859086,0.00114571164189935));
#3751=CARTESIAN_POINT('',(-0.0066575163767634,-0.00521612386325013,0.000675274143697176));
#3752=CARTESIAN_POINT('',(-0.00453738639167474,-0.00578421098060281,-0.00159588687756051));
#3753=CARTESIAN_POINT('',(-0.00772740661031256,-0.0022438031812563,-0.00211375375413504));
#3754=CARTESIAN_POINT('',(-0.00772740661029441,-0.0049294476391847,-0.00230214885982292));
#3755=CARTESIAN_POINT('',(-0.00513327326816099,-0.00562454357326801,-0.00303005165181937));
#3756=CARTESIAN_POINT('',(-0.00772740661031255,-0.00224380318125349,-0.00375000000000001));
#3757=CARTESIAN_POINT('',(-0.00772740661031255,-0.00492944763917986,-0.00375000000000001));
#3758=CARTESIAN_POINT('',(-0.00513327326817137,-0.00562454357326523,-0.00375));
#3759=CARTESIAN_POINT('',(-0.00763171580247088,-0.00254998619921594,-0.00273503836666595));
#3760=CARTESIAN_POINT('',(-0.00763029981675364,-0.00255566713712302,-0.00272935742875887));
#3761=CARTESIAN_POINT('',(-0.00762886339138432,-0.00256134262225704,-0.00272368194362485));
#3762=CARTESIAN_POINT('',(-0.00762740661031255,-0.00256701267701361,-0.00271801188886828));
#3763=CARTESIAN_POINT('',(-0.00763171580247088,-0.00254998619921594,-0.00273503836666595));
#3764=CARTESIAN_POINT('',(-0.00762740661031255,-0.00256701267701361,-0.00271801188886828));
#3765=CARTESIAN_POINT('',(-0.00762299250422016,-0.00309232921921325,-0.00375));
#3766=CARTESIAN_POINT('',(-0.00765281976978648,-0.00297296807096331,-0.00338089603362787));
#3767=CARTESIAN_POINT('',(-0.00766060619761826,-0.00278968020665188,-0.00303837734885046));
#3768=CARTESIAN_POINT('',(-0.00763171580247088,-0.00254998619921595,-0.00273503836666594));
#3769=CARTESIAN_POINT('',(-0.00147740661031255,-0.00298066346043907,-0.001));
#3770=CARTESIAN_POINT('',(-0.00662740661031255,-0.00289849164217921,-0.000279517400608952));
#3771=CARTESIAN_POINT('',(-0.00678036119259099,-0.00271646982652915,-0.000461539216259011));
#3772=CARTESIAN_POINT('',(-0.00690990198216771,-0.00252651752131376,-0.000651491521474404));
#3773=CARTESIAN_POINT('',(-0.0070139225803686,-0.00232792126789332,-0.00085008777489484));
#3774=CARTESIAN_POINT('',(-0.00662740661031255,-0.00289849164217892,-0.000279517400609236));
#3775=CARTESIAN_POINT('',(-0.00662740661031255,-0.00293259722982929,-0.000289222272516061));
#3776=CARTESIAN_POINT('',(-0.00662740661031255,-0.00292126874391828,-0.000285888860483104));
#3777=CARTESIAN_POINT('',(-0.00662740661031255,-0.00290990031448431,-0.000282653657844179));
#3778=CARTESIAN_POINT('',(-0.00662740661031255,-0.00289849164217905,-0.000279517400608906));
#3779=CARTESIAN_POINT('',(-0.00662740661031255,-0.00293259722982931,-0.000289222272516019));
#3780=CARTESIAN_POINT('',(-0.00678549315588516,-0.00396419976158904,-0.00132082480429285));
#3781=CARTESIAN_POINT('',(-0.006839675610631,-0.00361482711831009,-0.0009714521610139));
#3782=CARTESIAN_POINT('',(-0.00678195889035321,-0.00326628552401994,-0.000622910566723759));
#3783=CARTESIAN_POINT('',(-0.00662740661031308,-0.00293259722980506,-0.000289222272508873));
#3784=CARTESIAN_POINT('',(-0.00678549315588516,-0.00396419976158904,-0.00132082480429285));
#3785=CARTESIAN_POINT('',(-0.00762740661031255,-0.00256701267701361,-0.00271801188886828));
#3786=CARTESIAN_POINT('',(-0.0074972270972592,-0.00307369482816164,-0.00221132973772025));
#3787=CARTESIAN_POINT('',(-0.00720549701288959,-0.00354370547729815,-0.00174131908858373));
#3788=CARTESIAN_POINT('',(-0.00678549315588511,-0.00396419976158901,-0.00132082480429287));
#3789=CARTESIAN_POINT('',(-0.00084413334214117,-0.0031503485212338,-0.001));
#3790=CARTESIAN_POINT('',(0.000382532787227245,-0.00347903271998068,-0.001));
#3791=CARTESIAN_POINT('',(0.000382532787227244,-0.00347903271998068,-0.001));
#3792=CARTESIAN_POINT('',(0.000382532787227244,-0.00347903271998068,-0.001));
#3793=CARTESIAN_POINT('',(0.,0.,-0.001));
#3794=CARTESIAN_POINT('',(0.000382532787227243,0.00347903271998068,-0.001));
#3795=CARTESIAN_POINT('',(0.000382532787227242,0.00347903271998068,-0.001));
#3796=CARTESIAN_POINT('',(0.000382532787227242,-0.00347903271998068,-0.0085));
#3797=CARTESIAN_POINT('',(0.000382532787227242,-0.00347903271998068,-0.0085));
#3798=CARTESIAN_POINT('',(0.,0.,-0.0085));
#3799=CARTESIAN_POINT('',(0.000382532787227242,0.00347903271998068,-0.0085));
#3800=CARTESIAN_POINT('',(0.000382532787227242,0.00347903271998068,-0.0085));
#3801=CARTESIAN_POINT('',(0.00227259338968745,-5.81707229594993E-19,-0.00475));
#3802=CARTESIAN_POINT('',(-0.00762740661031255,0.00254998619921595,-0.00676496163333405));
#3803=CARTESIAN_POINT('',(-0.00762740661031255,0.00254998619921595,-0.00676496163333405));
#3804=CARTESIAN_POINT('',(-0.00762740661031255,3.16587034365767E-17,-0.00475));
#3805=CARTESIAN_POINT('',(-0.00762740661031255,0.00137350935065728,-0.00769550030786911));
#3806=CARTESIAN_POINT('',(-0.00662740661031255,0.00137350935065728,-0.00769550030786911));
#3807=CARTESIAN_POINT('',(-0.00762740661031255,3.16587034365767E-17,-0.00475));
#3808=CARTESIAN_POINT('',(-0.00762740661031255,-0.00254998619921594,-0.00676496163333405));
#3809=CARTESIAN_POINT('',(-0.00762740661031255,-0.00254998619921594,-0.00676496163333405));
#3810=CARTESIAN_POINT('',(-0.00762740661031255,-0.00254998619921594,-0.00273503836666595));
#3811=CARTESIAN_POINT('',(-0.00762740661031255,-0.00254998619921594,-0.00273503836666595));
#3812=CARTESIAN_POINT('',(-0.00762740661031255,3.16587034365767E-17,-0.00475));
#3813=CARTESIAN_POINT('',(-0.00762740661031255,-0.00137350935065728,-0.00180449969213088));
#3814=CARTESIAN_POINT('',(-0.00662740661031255,-0.00137350935065728,-0.00180449969213088));
#3815=CARTESIAN_POINT('',(-0.00762740661031255,3.16587034365767E-17,-0.00475));
#3816=CARTESIAN_POINT('',(-0.00762740661031255,0.00254998619921595,-0.00273503836666594));
#3817=CARTESIAN_POINT('',(-0.00762740661031255,0.00254998619921595,-0.00273503836666594));
#3818=CARTESIAN_POINT('',(0.,0.,-0.012));
#3819=CARTESIAN_POINT('',(0.,0.,-0.0175));
#3820=CARTESIAN_POINT('',(0.,0.,-0.0175));
#3821=CARTESIAN_POINT('',(0.,0.00375,-0.0175));
#3822=CARTESIAN_POINT('',(0.,0.,-0.0185));
#3823=CARTESIAN_POINT('',(0.,0.00375,-0.0185));
#3824=CARTESIAN_POINT('',(0.,0.,-0.0175));
#3825=CARTESIAN_POINT('',(0.,0.,-0.0185));
#3826=CARTESIAN_POINT('',(0.,0.,0.0025));
#3827=CARTESIAN_POINT('',(-0.00662740661031255,-0.00137350935065728,-0.00180449969213088));
#3828=CARTESIAN_POINT('',(-0.00762740661031255,-0.00185003182826236,-0.00132797721452581));
#3829=CARTESIAN_POINT('',(-0.00762740661031255,-0.00185003182826236,-0.00132797721452581));
#3830=CARTESIAN_POINT('',(-0.00852740661031255,-0.00185003182826236,-0.00132797721452581));
#3831=CARTESIAN_POINT('',(-0.00852740661031255,-0.00220358521885563,-0.000974423823932531));
#3832=CARTESIAN_POINT('',(-0.00902740661031255,-0.00220358521885563,-0.000974423823932534));
#3833=CARTESIAN_POINT('',(-0.00802740661031255,-0.00220358521885563,-0.000974423823932534));
#3834=CARTESIAN_POINT('',(-0.00802740661031255,-0.00291069200004217,-0.000267317042745985));
#3835=CARTESIAN_POINT('',(-0.00662740661031255,-0.00291069200004217,-0.000267317042745985));
#3836=CARTESIAN_POINT('',(-0.00662740661031255,-0.00291069200004217,-0.000267317042745985));
#3837=CARTESIAN_POINT('',(-0.00662740661031255,-0.00137350935065728,-0.00180449969213088));
#3838=CARTESIAN_POINT('',(-0.00762740661031255,-0.00158900452139408,-0.00158900452139408));
#3839=CARTESIAN_POINT('',(-0.00662740661031255,-0.00291069200004217,-0.000267317042745985));
#3840=CARTESIAN_POINT('',(-0.00802740661031255,-0.00291069200004217,-0.000267317042745985));
#3841=CARTESIAN_POINT('',(-0.00802740661031255,-0.00396419976158904,-0.00132082480429285));
#3842=CARTESIAN_POINT('',(-0.00662740661031255,-0.00396419976158904,-0.00132082480429285));
#3843=CARTESIAN_POINT('',(-0.00662740661031255,-0.00291069200004217,-0.000267317042745985));
#3844=CARTESIAN_POINT('',(-0.00662740661031255,-0.00254998619921594,-0.00273503836666595));
#3845=CARTESIAN_POINT('',(-0.00802740661031255,-0.00325709298040249,-0.0020279315854794));
#3846=CARTESIAN_POINT('',(-0.00902740661031255,-0.00325709298040249,-0.0020279315854794));
#3847=CARTESIAN_POINT('',(-0.00852740661031255,-0.0032570929804025,-0.00202793158547939));
#3848=CARTESIAN_POINT('',(-0.00852740661031255,-0.00290353958980923,-0.00238148497607267));
#3849=CARTESIAN_POINT('',(-0.00762740661031255,-0.00290353958980923,-0.00238148497607267));
#3850=CARTESIAN_POINT('',(-0.00762740661031255,-0.00290353958980923,-0.00238148497607267));
#3851=CARTESIAN_POINT('',(-0.00762740661031255,-0.00264251228294095,-0.00264251228294094));
#3852=CARTESIAN_POINT('',(-0.00662740661031255,3.16587034365767E-17,-0.00475));
#3853=CARTESIAN_POINT('',(-0.00662740661031255,0.00291069200004217,-0.000267317042745987));
#3854=CARTESIAN_POINT('',(-0.00802740661031255,0.00291069200004217,-0.000267317042745987));
#3855=CARTESIAN_POINT('',(-0.00662740661031255,0.00291069200004217,-0.000267317042745987));
#3856=CARTESIAN_POINT('',(-0.00662740661031255,3.16587034365767E-17,-0.00475));
#3857=CARTESIAN_POINT('',(-0.00662740661031255,-0.00291069200004217,-0.00923268295725401));
#3858=CARTESIAN_POINT('',(-0.00802740661031255,-0.00291069200004217,-0.00923268295725401));
#3859=CARTESIAN_POINT('',(-0.00662740661031255,-0.00291069200004217,-0.00923268295725401));
#3860=CARTESIAN_POINT('',(-0.00662740661031255,3.16587034365767E-17,-0.00475));
#3861=CARTESIAN_POINT('',(-0.00662740661031255,0.00137350935065728,-0.00769550030786911));
#3862=CARTESIAN_POINT('',(-0.00762740661031255,0.00185003182826239,-0.00817202278547423));
#3863=CARTESIAN_POINT('',(-0.00762740661031255,0.00185003182826239,-0.00817202278547423));
#3864=CARTESIAN_POINT('',(-0.00852740661031255,0.00185003182826239,-0.00817202278547423));
#3865=CARTESIAN_POINT('',(-0.00852740661031255,0.00220358521885566,-0.0085255761760675));
#3866=CARTESIAN_POINT('',(-0.00902740661031255,0.00220358521885563,-0.00852557617606746));
#3867=CARTESIAN_POINT('',(-0.00802740661031255,0.00220358521885563,-0.00852557617606746));
#3868=CARTESIAN_POINT('',(-0.00802740661031255,0.00291069200004217,-0.00923268295725401));
#3869=CARTESIAN_POINT('',(-0.00662740661031255,0.00291069200004217,-0.00923268295725401));
#3870=CARTESIAN_POINT('',(-0.00662740661031255,0.00291069200004217,-0.00923268295725401));
#3871=CARTESIAN_POINT('',(-0.00662740661031255,0.00137350935065728,-0.00769550030786911));
#3872=CARTESIAN_POINT('',(-0.00762740661031255,-0.00316099547860591,-0.0031609954786059));
#3873=CARTESIAN_POINT('',(-0.00662740661031255,0.00291069200004217,-0.00923268295725401));
#3874=CARTESIAN_POINT('',(-0.00802740661031255,0.00291069200004217,-0.00923268295725401));
#3875=CARTESIAN_POINT('',(-0.00802740661031255,0.00396419976158904,-0.00817917519570715));
#3876=CARTESIAN_POINT('',(-0.00662740661031255,0.00396419976158904,-0.00817917519570715));
#3877=CARTESIAN_POINT('',(-0.00662740661031255,0.00291069200004217,-0.00923268295725401));
#3878=CARTESIAN_POINT('',(-0.00662740661031255,0.00254998619921594,-0.00676496163333405));
#3879=CARTESIAN_POINT('',(-0.00802740661031255,0.00325709298040249,-0.0074720684145206));
#3880=CARTESIAN_POINT('',(-0.00902740661031255,0.00325709298040249,-0.0074720684145206));
#3881=CARTESIAN_POINT('',(-0.00852740661031255,0.00325709298040252,-0.00747206841452063));
#3882=CARTESIAN_POINT('',(-0.00852740661031255,0.00290353958980925,-0.00711851502392735));
#3883=CARTESIAN_POINT('',(-0.00762740661031255,0.00290353958980925,-0.00711851502392735));
#3884=CARTESIAN_POINT('',(-0.00762740661031255,0.00290353958980925,-0.00711851502392735));
#3885=CARTESIAN_POINT('',(-0.00762740661031255,-0.00210748771705905,-0.00210748771705904));
#3886=CARTESIAN_POINT('',(-0.00662740661031255,3.16587034365767E-17,-0.00475));
#3887=CARTESIAN_POINT('',(-0.00762740661031255,-0.00026102730686827,0.000261027306868272));
#3888=CARTESIAN_POINT('',(-0.00852740661031255,-0.00185003182826236,-0.00132797721452581));
#3889=CARTESIAN_POINT('',(-0.00762740661031255,-0.00026102730686827,0.000261027306868272));
#3890=CARTESIAN_POINT('',(-0.00762740661031255,-0.00264251228294095,-0.00264251228294094));
#3891=CARTESIAN_POINT('',(-0.00762740661031255,-0.00264251228294095,-0.00264251228294094));
#3892=CARTESIAN_POINT('',(-0.00762740661031255,0.,0.));
#3893=CARTESIAN_POINT('',(-0.00762740661031255,0.00210748771705905,-0.00210748771705904));
#3894=CARTESIAN_POINT('',(-0.00762740661031255,0.00210748771705905,-0.00210748771705904));
#3895=CARTESIAN_POINT('',(-0.00762740661031255,-0.00501102730686826,-0.00501102730686841));
#3896=CARTESIAN_POINT('',(-0.00852740661031255,-0.00501102730686826,-0.00501102730686841));
#3897=CARTESIAN_POINT('',(-0.00762740661031255,-0.00501102730686826,-0.00501102730686841));
#3898=CARTESIAN_POINT('',(-0.00762740661031255,0.,0.));
#3899=CARTESIAN_POINT('',(-0.00762740661031255,-0.00210748771705905,-0.00210748771705904));
#3900=CARTESIAN_POINT('',(-0.00762740661031255,-0.00210748771705905,-0.00210748771705904));
#3901=CARTESIAN_POINT('',(-0.00762740661031255,0.00501102730686833,-0.00501102730686822));
#3902=CARTESIAN_POINT('',(-0.00852740661031255,0.00185003182826239,-0.00817202278547423));
#3903=CARTESIAN_POINT('',(-0.00762740661031255,0.00501102730686833,-0.00501102730686822));
#3904=CARTESIAN_POINT('',(-0.00762740661031255,0.,0.));
#3905=CARTESIAN_POINT('',(-0.00762740661031255,0.00264251228294095,-0.00264251228294094));
#3906=CARTESIAN_POINT('',(-0.00762740661031255,0.00264251228294095,-0.00264251228294094));
#3907=CARTESIAN_POINT('',(-0.00762740661031255,0.000261027306868271,0.000261027306868273));
#3908=CARTESIAN_POINT('',(-0.00852740661031255,0.000261027306868271,0.000261027306868273));
#3909=CARTESIAN_POINT('',(-0.00762740661031255,0.000261027306868271,0.000261027306868273));
#3910=CARTESIAN_POINT('',(-0.00762740661031255,0.,0.));
#3911=CARTESIAN_POINT('',(-0.00802740661031255,0.00298958069746155,-0.00773958069746153));
#3912=CARTESIAN_POINT('',(-0.00902740661031255,0.00298958069746155,-0.00773958069746153));
#3913=CARTESIAN_POINT('',(-0.00802740661031255,-0.00298958069746152,-0.00773958069746157));
#3914=CARTESIAN_POINT('',(-0.00902740661031255,-0.00298958069746152,-0.00773958069746157));
#3915=CARTESIAN_POINT('',(-0.00802740661031255,-0.00298958069746155,-0.00176041930253846));
#3916=CARTESIAN_POINT('',(-0.00902740661031255,-0.00298958069746155,-0.00176041930253846));
#3917=CARTESIAN_POINT('',(-0.00802740661031255,0.00298958069746158,-0.00176041930253849));
#3918=CARTESIAN_POINT('',(-0.00902740661031255,0.00298958069746158,-0.00176041930253849));
#3919=CARTESIAN_POINT('',(-0.00852740661031255,0.00536458069746161,-0.00536458069746149));
#3920=CARTESIAN_POINT('',(-0.00852740661031255,-0.0029895806974615,-0.00773958069746165));
#3921=CARTESIAN_POINT('',(-0.00852740661031255,-0.000614580697461543,0.000614580697461547));
#3922=CARTESIAN_POINT('',(-0.00852740661031255,0.00298958069746157,-0.00176041930253847));
#3923=CARTESIAN_POINT('',(0.0111010270135288,5.91995093242451E-5,0.009739596305093));
#3924=CARTESIAN_POINT('',(0.00324906394467985,0.0018724538668233,0.00990000000000002));
#3925=CARTESIAN_POINT('',(0.0031754887661873,0.0018715150638706,0.00990000000000003));
#3926=CARTESIAN_POINT('',(0.00309827098620835,0.0018750028260124,0.00985673667657309));
#3927=CARTESIAN_POINT('',(0.00307718829760763,0.00187643288581517,0.00978514974900486));
#3928=CARTESIAN_POINT('',(0.00307718829760763,0.00187643288581517,0.00978514974900486));
#3929=CARTESIAN_POINT('',(0.00310167818176707,-4.28704068724719E-5,0.009739596305093));
#3930=CARTESIAN_POINT('',(0.0111010270135288,5.91995093242451E-5,0.009739596305093));
#3931=CARTESIAN_POINT('',(0.0034733212055992,-0.00141369721041493,0.0084));
#3932=CARTESIAN_POINT('',(0.00351082262308085,-0.00132155975154506,0.00830589502708467));
#3933=CARTESIAN_POINT('',(0.00351629111284505,-0.0011623848191868,0.00817306111089427));
#3934=CARTESIAN_POINT('',(0.00342672041075409,-0.000936891641226378,0.00803943665557955));
#3935=CARTESIAN_POINT('',(0.00330882405439562,-0.000852823225533328,0.008));
#3936=CARTESIAN_POINT('',(0.00323939511833686,-0.000853709123352535,0.008));
#3937=CARTESIAN_POINT('',(0.00310167818176707,-4.28704068724719E-5,0.009739596305093));
#3938=CARTESIAN_POINT('',(0.0031261216345034,-0.00195853481002312,0.00961297714335258));
#3939=CARTESIAN_POINT('',(0.00319903346386587,-0.00195670255712678,0.00959999999999938));
#3940=CARTESIAN_POINT('',(0.00317427389284366,-0.00195701848375937,0.00959999999999938));
#3941=CARTESIAN_POINT('',(0.00314927726748262,-0.0019576751000609,0.00960444042476268));
#3942=CARTESIAN_POINT('',(0.00312612163450291,-0.00195853481002331,0.00961297714335118));
#3943=CARTESIAN_POINT('',(0.00310167818176707,-4.28704068724719E-5,0.009739596305093));
#3944=CARTESIAN_POINT('',(0.0031261216345034,-0.00195853481002312,0.00961297714335257));
#3945=CARTESIAN_POINT('',(0.00312564585990457,-0.00192124775108194,0.00962197409458444));
#3946=CARTESIAN_POINT('',(0.00312472256913948,-0.00184888828241286,0.00964554353884263));
#3947=CARTESIAN_POINT('',(0.00312358273155808,-0.00175955776500964,0.00974889641856672));
#3948=CARTESIAN_POINT('',(0.00312470488830146,-0.00184750261270506,0.00985392583564132));
#3949=CARTESIAN_POINT('',(0.00312562441527142,-0.00191956710797441,0.00987748129478213));
#3950=CARTESIAN_POINT('',(0.00312610298844686,-0.00195707349491475,0.00988666760258943));
#3951=CARTESIAN_POINT('',(0.00307718829760764,0.00187643288581512,0.00978514974900488));
#3952=CARTESIAN_POINT('',(0.0030773220266818,0.00186595236860687,0.00976298662377262));
#3953=CARTESIAN_POINT('',(0.00307732096827303,0.00186603531744503,0.0097363300469712));
#3954=CARTESIAN_POINT('',(0.00307718356608573,0.00187680370119,0.00971407508574261));
#3955=CARTESIAN_POINT('',(0.00310167818176707,-4.2870406872472E-5,0.009739596305093));
#3956=CARTESIAN_POINT('',(0.00308837725130906,0.000999540388445353,0.00961428541548714));
#3957=CARTESIAN_POINT('',(0.000101922369856424,-8.11466254462405E-5,0.009739596305093));
#3958=CARTESIAN_POINT('',(4.98696381110262E-5,0.0039982920024357,0.01));
#3959=CARTESIAN_POINT('',(8.97498114095443E-5,0.00087283222375685,0.0110207944418425));
#3960=CARTESIAN_POINT('',(8.97498114095443E-5,0.00087283222375685,0.0110207944418425));
#3961=CARTESIAN_POINT('',(9.33701097262384E-5,0.000589104851487217,0.0109133687141931));
#3962=CARTESIAN_POINT('',(0.000101046676378402,-1.2517416552873E-5,0.0107269267567386));
#3963=CARTESIAN_POINT('',(0.000108519931335548,-0.000598205889106189,0.0109367423701002));
#3964=CARTESIAN_POINT('',(0.000112135570078634,-0.000881568084680411,0.0110460714712994));
#3965=CARTESIAN_POINT('',(0.000112135570078634,-0.00088156808468041,0.0110460714712994));
#3966=CARTESIAN_POINT('',(0.000148673670455474,-0.00374510536829064,0.01));
#3967=CARTESIAN_POINT('',(0.000125526037965847,-0.00193099604192378,0.010807694302593));
#3968=CARTESIAN_POINT('',(0.000125526037965847,-0.00193099604192378,0.008671498307593));
#3969=CARTESIAN_POINT('',(0.000125526037965847,-0.00193099604192378,0.008671498307593));
#3970=CARTESIAN_POINT('',(0.000101922369856424,-8.11466254462391E-5,0.007603400310093));
#3971=CARTESIAN_POINT('',(7.83187017470009E-5,0.00176870279103131,0.00867149830759299));
#3972=CARTESIAN_POINT('',(7.83187017470009E-5,0.00176870279103131,0.00867149830759299));
#3973=CARTESIAN_POINT('',(0.00190177585700281,-5.81808943019781E-5,0.007603400310093));
#3974=CARTESIAN_POINT('',(0.00190177585700281,-5.81808943019781E-5,0.007603400310093));
#3975=CARTESIAN_POINT('',(0.00187817218889339,0.00179166852217557,0.00867149830759299));
#3976=CARTESIAN_POINT('',(0.00187817218889339,0.00179166852217557,0.00867149830759299));
#3977=CARTESIAN_POINT('',(0.00187817218892944,0.00179166852219385,0.0108076943025999));
#3978=CARTESIAN_POINT('',(0.00192537952511223,-0.00190803031077952,0.010807694302593));
#3979=CARTESIAN_POINT('',(0.00192537952511223,-0.00190803031077952,0.008671498307593));
#3980=CARTESIAN_POINT('',(0.00192537952514829,-0.00190803031076124,0.0108076943025999));
#3981=CARTESIAN_POINT('',(0.00192537952511223,-0.00190803031077952,0.008671498307593));
#3982=CARTESIAN_POINT('',(0.00310167818176707,-4.2870406872472E-5,0.009739596305093));
#3983=CARTESIAN_POINT('',(0.,0.,0.0115));
#3984=CARTESIAN_POINT('',(-0.000626778609895251,-0.00160612844261528,0.0093));
#3985=CARTESIAN_POINT('',(-0.000915413895943518,-0.00234576016447955,0.0093));
#3986=CARTESIAN_POINT('',(-0.00119306866976344,-0.00305725417914386,0.00887921403092517));
#3987=CARTESIAN_POINT('',(-0.00134442486890894,-0.00344510643283574,0.0082030258564603));
#3988=CARTESIAN_POINT('',(-0.000626778609895251,-0.00160612844261528,0.0093));
#3989=CARTESIAN_POINT('',(-0.00134442486890894,-0.00344510643283574,0.0082030258564603));
#3990=CARTESIAN_POINT('',(-0.00121786189490076,-0.00312078714508836,0.0084));
#3991=CARTESIAN_POINT('',(-0.00136327824056055,-0.00349341844599443,0.00975));
#3992=CARTESIAN_POINT('',(0.,0.,0.01));
#3993=CARTESIAN_POINT('',(-0.000283737752754946,-0.000727081728298961,0.01));
#3994=CARTESIAN_POINT('',(-0.000283737752754946,-0.000727081728298961,0.009));
#3995=CARTESIAN_POINT('',(0.,0.,0.0093));
#3996=CARTESIAN_POINT('',(-0.00136327824056055,0.00349341844599443,0.0115));
#3997=CARTESIAN_POINT('',(-0.00121786189490076,0.00312078714508836,0.0084));
#3998=CARTESIAN_POINT('',(-0.00134442486890405,0.0034451064328232,0.00820302585648215));
#3999=CARTESIAN_POINT('',(-0.00134442486890405,0.0034451064328232,0.00820302585648215));
#4000=CARTESIAN_POINT('',(-0.00119306866975772,0.0030572541791292,0.0088792140309338));
#4001=CARTESIAN_POINT('',(-0.000915413895940409,0.00234576016447158,0.0093));
#4002=CARTESIAN_POINT('',(-0.000626778609895251,0.00160612844261528,0.0093));
#4003=CARTESIAN_POINT('',(-0.000626778609895251,0.00160612844261528,0.0093));
#4004=CARTESIAN_POINT('',(-0.00136327824056055,0.00349341844599443,0.0093));
#4005=CARTESIAN_POINT('',(-0.000283737752754945,0.000727081728298961,0.0115));
#4006=CARTESIAN_POINT('',(-0.000283737752754945,0.000727081728298961,0.01));
#4007=CARTESIAN_POINT('',(-0.00136327824056055,0.00349341844599443,0.01));
#4008=CARTESIAN_POINT('',(-0.00136327824056055,0.00349341844599443,0.00975));
#4009=CARTESIAN_POINT('',(0.,5.03627461058575E-18,0.0108076943025999));
#4010=CARTESIAN_POINT('',(0.000125526038001902,-0.0019309960419055,0.0108076943025999));
#4011=CARTESIAN_POINT('',(0.0018855260380019,-0.0019309960419055,0.0108076943025999));
#4012=CARTESIAN_POINT('',(0.0018855260380019,-0.0019309960419055,0.0108076943025999));
#4013=CARTESIAN_POINT('',(0.0018855260380019,-0.0019309960419055,0.0133076943025999));
#4014=CARTESIAN_POINT('',(0.0018855260380019,-0.0019309960419055,0.0133076943025999));
#4015=CARTESIAN_POINT('',(0.000125526038001902,-0.0019309960419055,0.0133076943025999));
#4016=CARTESIAN_POINT('',(0.000125526038001902,-0.00380442148131036,0.01));
#4017=CARTESIAN_POINT('',(0.000125526038001902,-0.0019309960419055,0.0113364685352995));
#4018=CARTESIAN_POINT('',(0.000125526038001902,-0.0019309960419055,0.0133076943025999));
#4019=CARTESIAN_POINT('',(0.000125526038001902,-0.0019309960419055,0.0133076943025999));
#4020=CARTESIAN_POINT('',(0.000856615134924048,-0.0019309960419055,0.01));
#4021=CARTESIAN_POINT('',(0.000125526038001902,0.00179166852219385,0.0133076943025999));
#4022=CARTESIAN_POINT('',(0.00091098657048796,0.00179166852219385,0.01));
#4023=CARTESIAN_POINT('',(0.000125526038001902,0.00179166852219385,0.0113094230949298));
#4024=CARTESIAN_POINT('',(0.000125526038001902,0.00179166852219385,0.0133076943025999));
#4025=CARTESIAN_POINT('',(0.000125526038001902,0.00179166852219385,0.0108076943025999));
#4026=CARTESIAN_POINT('',(0.000125526038001902,0.00179166852219385,0.0108076943025999));
#4027=CARTESIAN_POINT('',(0.000125526038001902,0.00179166852219385,0.0108076943025999));
#4028=CARTESIAN_POINT('',(0.0018855260380019,0.00179166852219385,0.0108076943025999));
#4029=CARTESIAN_POINT('',(0.0018855260380019,0.00179166852219385,0.0133076943025999));
#4030=CARTESIAN_POINT('',(0.000125526038001902,-0.0019309960419055,0.0133076943025999));
#4031=CARTESIAN_POINT('',(0.000125526038001902,0.00380442148131036,0.01));
#4032=CARTESIAN_POINT('',(0.000125526038001902,-0.0019309960419055,0.0108076943025999));
#4033=CARTESIAN_POINT('',(0.0018855260380019,-0.0019309960419055,0.0133076943025999));
#4034=CARTESIAN_POINT('',(0.0018855260380019,-0.0019309960419055,0.0108076943025999));
#4035=CARTESIAN_POINT('',(0.,5.03627461058575E-18,0.0108076943025999));
#4036=CARTESIAN_POINT('',(0.,5.03627461058575E-18,0.0108076943025999));
#4037=CARTESIAN_POINT('',(-0.00214689425728531,-1.0842021724855E-19,0.0115));
#4038=CARTESIAN_POINT('',(-0.00214689425728531,-1.0842021724855E-19,0.01));
#4039=CARTESIAN_POINT('',(0.,0.,0.00975));
#4040=CARTESIAN_POINT('',(0.,0.,0.00975));
#4041=CARTESIAN_POINT('',(0.,-0.00375,0.00975));
#4042=CARTESIAN_POINT('',(0.,0.,0.00975));
#4043=CARTESIAN_POINT('',(0.00139736737839777,-0.000545311296224218,0.01));
#4044=CARTESIAN_POINT('',(0.00111362962564283,-0.00127239302452318,0.01));
#4045=CARTESIAN_POINT('',(-0.00214689425728531,-1.0842021724855E-19,0.01));
#4046=CARTESIAN_POINT('',(0.00111362962564283,0.00127239302452318,0.01));
#4047=CARTESIAN_POINT('',(0.00139736737839777,0.000545311296224225,0.01));
#4048=CARTESIAN_POINT('',(0.,0.,0.007));
#4049=CARTESIAN_POINT('',(-0.000906252085574805,0.00149706618337043,0.009));
#4050=CARTESIAN_POINT('',(-0.00114461617422805,0.00215651122818995,0.009));
#4051=CARTESIAN_POINT('',(-0.00138955798814282,0.00278711110914029,0.00862176111151762));
#4052=CARTESIAN_POINT('',(-0.00151791625275983,0.00312159045142008,0.00801876565989516));
#4053=CARTESIAN_POINT('',(-0.00151791625275984,0.00312159045142008,0.00801876565989516));
#4054=CARTESIAN_POINT('',(0.,0.,0.00801876565989516));
#4055=CARTESIAN_POINT('',(-0.00151791625275983,-0.00312159045142007,0.00801876565989517));
#4056=CARTESIAN_POINT('',(-0.00151791625275983,-0.00312159045142007,0.00801876565989517));
#4057=CARTESIAN_POINT('',(-0.00138943273445534,-0.00278678471978677,0.00862234952243198));
#4058=CARTESIAN_POINT('',(-0.00114484691101922,-0.00215714957197092,0.009));
#4059=CARTESIAN_POINT('',(-0.000906252085574806,-0.00149706618337043,0.009));
#4060=CARTESIAN_POINT('',(-0.000626778609895251,-0.00160612844261527,0.0093));
#4061=CARTESIAN_POINT('',(-0.000626778609895251,-0.00160612844261527,0.009));
#4062=CARTESIAN_POINT('',(-0.000906252085574805,-0.00149706618337043,0.009));
#4063=CARTESIAN_POINT('',(-0.000923826661311877,-0.00236731798653322,0.00929999998110982));
#4064=CARTESIAN_POINT('',(-0.000878663372211956,-0.0022515864634111,0.00901747573147868));
#4065=CARTESIAN_POINT('',(-0.00114892496225599,-0.00216843164951073,0.009));
#4066=CARTESIAN_POINT('',(-0.00120989572115189,-0.00310037371994129,0.00884885941904048));
#4067=CARTESIAN_POINT('',(-0.00113868130010414,-0.00291788582810287,0.00862442351686445));
#4068=CARTESIAN_POINT('',(-0.00139663079112605,-0.00280558886299261,0.00860770383336069));
#4069=CARTESIAN_POINT('',(-0.00135730530849121,-0.00347811272890242,0.00814348875098657));
#4070=CARTESIAN_POINT('',(-0.0012691100646072,-0.00325211125490642,0.00800402958747402));
#4071=CARTESIAN_POINT('',(-0.00152303285457814,-0.00313492244868018,0.00799433804433615));
#4072=CARTESIAN_POINT('',(-0.00151791625275984,-0.00312159045142008,0.00801876565989515));
#4073=CARTESIAN_POINT('',(-0.00137883270267461,-0.00318922173888443,0.00801876565989516));
#4074=CARTESIAN_POINT('',(-0.00131670353164133,-0.0033740701409958,0.0080682521548059));
#4075=CARTESIAN_POINT('',(-0.0013444248689044,-0.00344510643282409,0.00820302585648379));
#4076=CARTESIAN_POINT('',(-0.000906252085574805,-0.00149706618337043,0.0093));
#4077=CARTESIAN_POINT('',(-0.000279473475679554,0.000109062259244844,0.0093));
#4078=CARTESIAN_POINT('',(-0.000906252085574805,0.00149706618337043,0.009));
#4079=CARTESIAN_POINT('',(-0.000626778609895251,0.00160612844261527,0.009));
#4080=CARTESIAN_POINT('',(-0.000626778609895251,0.00160612844261527,0.0093));
#4081=CARTESIAN_POINT('',(-0.0011489002016409,0.00216836314815095,0.009));
#4082=CARTESIAN_POINT('',(-0.000878638420167228,0.00225152252346617,0.00901747400030908));
#4083=CARTESIAN_POINT('',(-0.000923796352640245,0.00236724032016299,0.00929999998111175));
#4084=CARTESIAN_POINT('',(-0.00139657933463997,0.00280545443353389,0.00860780010192974));
#4085=CARTESIAN_POINT('',(-0.00113862816436899,0.00291774966708045,0.00862452002843413));
#4086=CARTESIAN_POINT('',(-0.00120983557827845,0.00310021960303602,0.00884897012790308));
#4087=CARTESIAN_POINT('',(-0.00152299415914728,0.00313482162981806,0.00799452579036829));
#4088=CARTESIAN_POINT('',(-0.00126907025922029,0.0032520092530782,0.00800421890085221));
#4089=CARTESIAN_POINT('',(-0.00135726018200925,0.00347799709169808,0.00814370465892354));
#4090=CARTESIAN_POINT('',(-0.00134442486890405,0.0034451064328232,0.00820302585648215));
#4091=CARTESIAN_POINT('',(-0.00131673107752361,0.00337414072767987,0.0080683860754907));
#4092=CARTESIAN_POINT('',(-0.00137882332844936,0.00318922629723027,0.00801876565989516));
#4093=CARTESIAN_POINT('',(-0.00151791625275984,0.00312159045142008,0.00801876565989515));
#4094=CARTESIAN_POINT('',(-0.000906252085574805,0.00149706618337043,0.0093));
#4095=CARTESIAN_POINT('',(-0.00164275171624011,0.00338435618674959,0.0093));
#4096=CARTESIAN_POINT('',(0.,0.,0.0084));
#4097=MECHANICAL_DESIGN_GEOMETRIC_PRESENTATION_REPRESENTATION('',(#2232),
#4098);
#4098=(
GEOMETRIC_REPRESENTATION_CONTEXT(3)
GLOBAL_UNCERTAINTY_ASSIGNED_CONTEXT((#4099))
GLOBAL_UNIT_ASSIGNED_CONTEXT((#4102,#4101,#4100))
REPRESENTATION_CONTEXT('second_thumb_hinge','TOP_LEVEL_ASSEMBLY_PART')
);
#4099=UNCERTAINTY_MEASURE_WITH_UNIT(LENGTH_MEASURE(2.E-5),#4102,
'DISTANCE_ACCURACY_VALUE','Maximum Tolerance applied to model');
#4100=(
NAMED_UNIT(*)
SI_UNIT($,.STERADIAN.)
SOLID_ANGLE_UNIT()
);
#4101=(
NAMED_UNIT(*)
PLANE_ANGLE_UNIT()
SI_UNIT($,.RADIAN.)
);
#4102=(
LENGTH_UNIT()
NAMED_UNIT(*)
SI_UNIT($,.METRE.)
);
#4103=PRODUCT_DEFINITION_SHAPE('','',#4104);
#4104=PRODUCT_DEFINITION('','',#4106,#4105);
#4105=PRODUCT_DEFINITION_CONTEXT('',#4112,'design');
#4106=PRODUCT_DEFINITION_FORMATION_WITH_SPECIFIED_SOURCE('','',#4108,
 .NOT_KNOWN.);
#4107=PRODUCT_RELATED_PRODUCT_CATEGORY('','',(#4108));
#4108=PRODUCT('second_thumb_hinge','second_thumb_hinge',
'second_thumb_hinge',(#4110));
#4109=PRODUCT_CATEGORY('','');
#4110=PRODUCT_CONTEXT('',#4112,'mechanical');
#4111=APPLICATION_PROTOCOL_DEFINITION('international standard',
'ap242_managed_model_based_3d_engineering',2020,#4112);
#4112=APPLICATION_CONTEXT('managed model based 3d engineering');
ENDSEC;
END-ISO-10303-21;
