ISO-10303-21;
HEADER;
/* Generated by software containing ST-Developer
 * from STEP Tools, Inc. (www.steptools.com) 
 */
/* OPTION: using custom renumber hook */

FILE_DESCRIPTION(
/* description */ ('STEP AP242 Edition 2',
'CAx-IF Rec.Pracs.---Representation and Presentation of Product Manufa
cturing Information (PMI)---4.0---2014-10-13',
'CAx-IF Rec.Pracs.---3D Tessellated Geometry---0.4---2014-09-14','2;1',
'CAx-IF Rec.Pracs.---User Defined Attributes---1.5---2016-08-15'),
/* implementation_level */ '2;1');

FILE_NAME(
/* name */ 'Robotic Hand_V5_simulacra - Shell1',
/* time_stamp */ '2026-09-25T22:15:32Z',
/* author */ (''),
/* organization */ (''),
/* preprocessor_version */ 'ST-DEVELOPER v20',
/* originating_system */ 'ONSHAPE BY PTC INC, 1.221',
/* authorisation */ '  ');

FILE_SCHEMA (('AP242_MANAGED_MODEL_BASED_3D_ENGINEERING_MIM_LF { 1 0 10303 442 3 1 4 }'));
ENDSEC;

DATA;
#10=SHAPE_REPRESENTATION_RELATIONSHIP('','',#1075,#11);
#11=ADVANCED_BREP_SHAPE_REPRESENTATION('',(#1073),#2146);
#12=ELLIPSE('',#1114,0.0296586559360904,0.006);
#13=ELLIPSE('',#1116,0.010580785752547,0.006);
#14=CIRCLE('',#1084,0.00105);
#15=CIRCLE('',#1085,0.00105);
#16=CIRCLE('',#1095,0.00105);
#17=CIRCLE('',#1096,0.00105);
#18=CIRCLE('',#1133,0.00125);
#19=CIRCLE('',#1135,0.00125);
#20=CIRCLE('',#1138,0.00125);
#21=CIRCLE('',#1140,0.00125);
#22=CIRCLE('',#1143,0.00125);
#23=CIRCLE('',#1145,0.00125);
#24=CYLINDRICAL_SURFACE('',#1083,0.00105);
#25=CYLINDRICAL_SURFACE('',#1094,0.00105);
#26=CYLINDRICAL_SURFACE('',#1134,0.00125);
#27=CYLINDRICAL_SURFACE('',#1139,0.00125);
#28=CYLINDRICAL_SURFACE('',#1144,0.00125);
#29=CYLINDRICAL_SURFACE('',#1149,0.006);
#30=LINE('',#1950,#109);
#31=LINE('',#1951,#110);
#32=LINE('',#1953,#111);
#33=LINE('',#1955,#112);
#34=LINE('',#1956,#113);
#35=LINE('',#1958,#114);
#36=LINE('',#1959,#115);
#37=LINE('',#1962,#116);
#38=LINE('',#1971,#117);
#39=LINE('',#1973,#118);
#40=LINE('',#1975,#119);
#41=LINE('',#1977,#120);
#42=LINE('',#1979,#121);
#43=LINE('',#1981,#122);
#44=LINE('',#1983,#123);
#45=LINE('',#1985,#124);
#46=LINE('',#1986,#125);
#47=LINE('',#1988,#126);
#48=LINE('',#1997,#127);
#49=LINE('',#2000,#128);
#50=LINE('',#2002,#129);
#51=LINE('',#2004,#130);
#52=LINE('',#2006,#131);
#53=LINE('',#2008,#132);
#54=LINE('',#2010,#133);
#55=LINE('',#2012,#134);
#56=LINE('',#2013,#135);
#57=LINE('',#2015,#136);
#58=LINE('',#2016,#137);
#59=LINE('',#2020,#138);
#60=LINE('',#2022,#139);
#61=LINE('',#2024,#140);
#62=LINE('',#2026,#141);
#63=LINE('',#2028,#142);
#64=LINE('',#2030,#143);
#65=LINE('',#2032,#144);
#66=LINE('',#2034,#145);
#67=LINE('',#2036,#146);
#68=LINE('',#2038,#147);
#69=LINE('',#2040,#148);
#70=LINE('',#2042,#149);
#71=LINE('',#2045,#150);
#72=LINE('',#2048,#151);
#73=LINE('',#2049,#152);
#74=LINE('',#2053,#153);
#75=LINE('',#2055,#154);
#76=LINE('',#2058,#155);
#77=LINE('',#2060,#156);
#78=LINE('',#2062,#157);
#79=LINE('',#2064,#158);
#80=LINE('',#2066,#159);
#81=LINE('',#2068,#160);
#82=LINE('',#2070,#161);
#83=LINE('',#2072,#162);
#84=LINE('',#2075,#163);
#85=LINE('',#2076,#164);
#86=LINE('',#2078,#165);
#87=LINE('',#2080,#166);
#88=LINE('',#2082,#167);
#89=LINE('',#2084,#168);
#90=LINE('',#2086,#169);
#91=LINE('',#2088,#170);
#92=LINE('',#2090,#171);
#93=LINE('',#2092,#172);
#94=LINE('',#2094,#173);
#95=LINE('',#2096,#174);
#96=LINE('',#2099,#175);
#97=LINE('',#2100,#176);
#98=LINE('',#2102,#177);
#99=LINE('',#2104,#178);
#100=LINE('',#2106,#179);
#101=LINE('',#2108,#180);
#102=LINE('',#2110,#181);
#103=LINE('',#2112,#182);
#104=LINE('',#2114,#183);
#105=LINE('',#2116,#184);
#106=LINE('',#2118,#185);
#107=LINE('',#2141,#186);
#108=LINE('',#2143,#187);
#109=VECTOR('',#1154,1.);
#110=VECTOR('',#1155,1.);
#111=VECTOR('',#1158,1.);
#112=VECTOR('',#1159,1.);
#113=VECTOR('',#1160,1.);
#114=VECTOR('',#1163,1.);
#115=VECTOR('',#1164,1.);
#116=VECTOR('',#1169,1.);
#117=VECTOR('',#1184,1.);
#118=VECTOR('',#1185,1.);
#119=VECTOR('',#1186,1.);
#120=VECTOR('',#1187,1.);
#121=VECTOR('',#1190,1.);
#122=VECTOR('',#1191,1.);
#123=VECTOR('',#1192,1.);
#124=VECTOR('',#1195,1.);
#125=VECTOR('',#1196,1.);
#126=VECTOR('',#1199,1.);
#127=VECTOR('',#1216,1.);
#128=VECTOR('',#1217,1.);
#129=VECTOR('',#1218,1.);
#130=VECTOR('',#1219,1.);
#131=VECTOR('',#1222,1.);
#132=VECTOR('',#1223,1.);
#133=VECTOR('',#1224,1.);
#134=VECTOR('',#1227,1.);
#135=VECTOR('',#1228,1.);
#136=VECTOR('',#1231,1.);
#137=VECTOR('',#1232,1.);
#138=VECTOR('',#1239,1.);
#139=VECTOR('',#1240,1.);
#140=VECTOR('',#1241,1.);
#141=VECTOR('',#1244,1.);
#142=VECTOR('',#1245,1.);
#143=VECTOR('',#1248,1.);
#144=VECTOR('',#1249,1.);
#145=VECTOR('',#1252,1.);
#146=VECTOR('',#1253,1.);
#147=VECTOR('',#1256,1.);
#148=VECTOR('',#1257,1.);
#149=VECTOR('',#1260,1.);
#150=VECTOR('',#1265,1.);
#151=VECTOR('',#1266,1.);
#152=VECTOR('',#1267,1.);
#153=VECTOR('',#1272,1.);
#154=VECTOR('',#1273,1.);
#155=VECTOR('',#1278,1.);
#156=VECTOR('',#1279,1.);
#157=VECTOR('',#1282,1.);
#158=VECTOR('',#1283,1.);
#159=VECTOR('',#1286,1.);
#160=VECTOR('',#1287,1.);
#161=VECTOR('',#1290,1.);
#162=VECTOR('',#1293,1.);
#163=VECTOR('',#1294,1.);
#164=VECTOR('',#1295,1.);
#165=VECTOR('',#1298,1.);
#166=VECTOR('',#1299,1.);
#167=VECTOR('',#1302,1.);
#168=VECTOR('',#1303,1.);
#169=VECTOR('',#1306,1.);
#170=VECTOR('',#1307,1.);
#171=VECTOR('',#1310,1.);
#172=VECTOR('',#1311,1.);
#173=VECTOR('',#1314,1.);
#174=VECTOR('',#1317,1.);
#175=VECTOR('',#1318,1.);
#176=VECTOR('',#1319,1.);
#177=VECTOR('',#1322,1.);
#178=VECTOR('',#1323,1.);
#179=VECTOR('',#1326,1.);
#180=VECTOR('',#1327,1.);
#181=VECTOR('',#1330,1.);
#182=VECTOR('',#1331,1.);
#183=VECTOR('',#1334,1.);
#184=VECTOR('',#1335,1.);
#185=VECTOR('',#1338,1.);
#186=VECTOR('',#1371,1.);
#187=VECTOR('',#1374,1.);
#188=PLANE('',#1077);
#189=PLANE('',#1078);
#190=PLANE('',#1079);
#191=PLANE('',#1080);
#192=PLANE('',#1081);
#193=PLANE('',#1082);
#194=PLANE('',#1086);
#195=PLANE('',#1087);
#196=PLANE('',#1088);
#197=PLANE('',#1089);
#198=PLANE('',#1090);
#199=PLANE('',#1091);
#200=PLANE('',#1092);
#201=PLANE('',#1093);
#202=PLANE('',#1097);
#203=PLANE('',#1098);
#204=PLANE('',#1099);
#205=PLANE('',#1100);
#206=PLANE('',#1101);
#207=PLANE('',#1102);
#208=PLANE('',#1103);
#209=PLANE('',#1104);
#210=PLANE('',#1105);
#211=PLANE('',#1106);
#212=PLANE('',#1107);
#213=PLANE('',#1108);
#214=PLANE('',#1109);
#215=PLANE('',#1110);
#216=PLANE('',#1111);
#217=PLANE('',#1112);
#218=PLANE('',#1113);
#219=PLANE('',#1115);
#220=PLANE('',#1117);
#221=PLANE('',#1118);
#222=PLANE('',#1119);
#223=PLANE('',#1120);
#224=PLANE('',#1121);
#225=PLANE('',#1122);
#226=PLANE('',#1123);
#227=PLANE('',#1124);
#228=PLANE('',#1125);
#229=PLANE('',#1126);
#230=PLANE('',#1127);
#231=PLANE('',#1128);
#232=PLANE('',#1129);
#233=PLANE('',#1130);
#234=PLANE('',#1131);
#235=PLANE('',#1132);
#236=PLANE('',#1136);
#237=PLANE('',#1137);
#238=PLANE('',#1141);
#239=PLANE('',#1142);
#240=PLANE('',#1146);
#241=PLANE('',#1147);
#242=PLANE('',#1148);
#243=ORIENTED_EDGE('',*,*,#539,.T.);
#244=ORIENTED_EDGE('',*,*,#540,.T.);
#245=ORIENTED_EDGE('',*,*,#541,.T.);
#246=ORIENTED_EDGE('',*,*,#542,.T.);
#247=ORIENTED_EDGE('',*,*,#543,.T.);
#248=ORIENTED_EDGE('',*,*,#544,.T.);
#249=ORIENTED_EDGE('',*,*,#545,.T.);
#250=ORIENTED_EDGE('',*,*,#546,.T.);
#251=ORIENTED_EDGE('',*,*,#547,.T.);
#252=ORIENTED_EDGE('',*,*,#548,.T.);
#253=ORIENTED_EDGE('',*,*,#549,.T.);
#254=ORIENTED_EDGE('',*,*,#550,.T.);
#255=ORIENTED_EDGE('',*,*,#551,.T.);
#256=ORIENTED_EDGE('',*,*,#552,.T.);
#257=ORIENTED_EDGE('',*,*,#553,.T.);
#258=ORIENTED_EDGE('',*,*,#554,.T.);
#259=ORIENTED_EDGE('',*,*,#555,.T.);
#260=ORIENTED_EDGE('',*,*,#556,.T.);
#261=ORIENTED_EDGE('',*,*,#557,.F.);
#262=ORIENTED_EDGE('',*,*,#558,.T.);
#263=ORIENTED_EDGE('',*,*,#559,.T.);
#264=ORIENTED_EDGE('',*,*,#560,.T.);
#265=ORIENTED_EDGE('',*,*,#561,.T.);
#266=ORIENTED_EDGE('',*,*,#562,.F.);
#267=ORIENTED_EDGE('',*,*,#563,.F.);
#268=ORIENTED_EDGE('',*,*,#564,.T.);
#269=ORIENTED_EDGE('',*,*,#565,.F.);
#270=ORIENTED_EDGE('',*,*,#566,.T.);
#271=ORIENTED_EDGE('',*,*,#567,.T.);
#272=ORIENTED_EDGE('',*,*,#568,.T.);
#273=ORIENTED_EDGE('',*,*,#569,.T.);
#274=ORIENTED_EDGE('',*,*,#570,.T.);
#275=ORIENTED_EDGE('',*,*,#571,.T.);
#276=ORIENTED_EDGE('',*,*,#572,.F.);
#277=ORIENTED_EDGE('',*,*,#573,.T.);
#278=ORIENTED_EDGE('',*,*,#574,.T.);
#279=ORIENTED_EDGE('',*,*,#575,.T.);
#280=ORIENTED_EDGE('',*,*,#576,.F.);
#281=ORIENTED_EDGE('',*,*,#577,.T.);
#282=ORIENTED_EDGE('',*,*,#578,.T.);
#283=ORIENTED_EDGE('',*,*,#579,.T.);
#284=ORIENTED_EDGE('',*,*,#580,.F.);
#285=ORIENTED_EDGE('',*,*,#581,.T.);
#286=ORIENTED_EDGE('',*,*,#582,.T.);
#287=ORIENTED_EDGE('',*,*,#583,.T.);
#288=ORIENTED_EDGE('',*,*,#584,.T.);
#289=ORIENTED_EDGE('',*,*,#585,.T.);
#290=ORIENTED_EDGE('',*,*,#586,.T.);
#291=ORIENTED_EDGE('',*,*,#587,.F.);
#292=ORIENTED_EDGE('',*,*,#588,.T.);
#293=ORIENTED_EDGE('',*,*,#589,.T.);
#294=ORIENTED_EDGE('',*,*,#590,.F.);
#295=ORIENTED_EDGE('',*,*,#591,.F.);
#296=ORIENTED_EDGE('',*,*,#592,.F.);
#297=ORIENTED_EDGE('',*,*,#593,.F.);
#298=ORIENTED_EDGE('',*,*,#594,.T.);
#299=ORIENTED_EDGE('',*,*,#595,.T.);
#300=ORIENTED_EDGE('',*,*,#589,.F.);
#301=ORIENTED_EDGE('',*,*,#596,.T.);
#302=ORIENTED_EDGE('',*,*,#563,.T.);
#303=ORIENTED_EDGE('',*,*,#597,.F.);
#304=ORIENTED_EDGE('',*,*,#598,.T.);
#305=ORIENTED_EDGE('',*,*,#559,.F.);
#306=ORIENTED_EDGE('',*,*,#599,.F.);
#307=ORIENTED_EDGE('',*,*,#594,.F.);
#308=ORIENTED_EDGE('',*,*,#600,.F.);
#309=ORIENTED_EDGE('',*,*,#598,.F.);
#310=ORIENTED_EDGE('',*,*,#601,.F.);
#311=ORIENTED_EDGE('',*,*,#592,.T.);
#312=ORIENTED_EDGE('',*,*,#602,.T.);
#313=ORIENTED_EDGE('',*,*,#560,.F.);
#314=ORIENTED_EDGE('',*,*,#601,.T.);
#315=ORIENTED_EDGE('',*,*,#600,.T.);
#316=ORIENTED_EDGE('',*,*,#593,.T.);
#317=ORIENTED_EDGE('',*,*,#603,.F.);
#318=ORIENTED_EDGE('',*,*,#561,.F.);
#319=ORIENTED_EDGE('',*,*,#602,.F.);
#320=ORIENTED_EDGE('',*,*,#591,.T.);
#321=ORIENTED_EDGE('',*,*,#597,.T.);
#322=ORIENTED_EDGE('',*,*,#562,.T.);
#323=ORIENTED_EDGE('',*,*,#603,.T.);
#324=ORIENTED_EDGE('',*,*,#590,.T.);
#325=ORIENTED_EDGE('',*,*,#604,.T.);
#326=ORIENTED_EDGE('',*,*,#605,.F.);
#327=ORIENTED_EDGE('',*,*,#586,.F.);
#328=ORIENTED_EDGE('',*,*,#604,.F.);
#329=ORIENTED_EDGE('',*,*,#605,.T.);
#330=ORIENTED_EDGE('',*,*,#585,.F.);
#331=ORIENTED_EDGE('',*,*,#606,.T.);
#332=ORIENTED_EDGE('',*,*,#607,.T.);
#333=ORIENTED_EDGE('',*,*,#608,.F.);
#334=ORIENTED_EDGE('',*,*,#609,.F.);
#335=ORIENTED_EDGE('',*,*,#581,.F.);
#336=ORIENTED_EDGE('',*,*,#610,.F.);
#337=ORIENTED_EDGE('',*,*,#607,.F.);
#338=ORIENTED_EDGE('',*,*,#611,.T.);
#339=ORIENTED_EDGE('',*,*,#612,.T.);
#340=ORIENTED_EDGE('',*,*,#613,.F.);
#341=ORIENTED_EDGE('',*,*,#612,.F.);
#342=ORIENTED_EDGE('',*,*,#614,.T.);
#343=ORIENTED_EDGE('',*,*,#584,.F.);
#344=ORIENTED_EDGE('',*,*,#609,.T.);
#345=ORIENTED_EDGE('',*,*,#615,.F.);
#346=ORIENTED_EDGE('',*,*,#582,.F.);
#347=ORIENTED_EDGE('',*,*,#580,.T.);
#348=ORIENTED_EDGE('',*,*,#614,.F.);
#349=ORIENTED_EDGE('',*,*,#611,.F.);
#350=ORIENTED_EDGE('',*,*,#606,.F.);
#351=ORIENTED_EDGE('',*,*,#615,.T.);
#352=ORIENTED_EDGE('',*,*,#608,.T.);
#353=ORIENTED_EDGE('',*,*,#610,.T.);
#354=ORIENTED_EDGE('',*,*,#613,.T.);
#355=ORIENTED_EDGE('',*,*,#583,.F.);
#356=ORIENTED_EDGE('',*,*,#616,.T.);
#357=ORIENTED_EDGE('',*,*,#579,.F.);
#358=ORIENTED_EDGE('',*,*,#617,.F.);
#359=ORIENTED_EDGE('',*,*,#577,.F.);
#360=ORIENTED_EDGE('',*,*,#576,.T.);
#361=ORIENTED_EDGE('',*,*,#616,.F.);
#362=ORIENTED_EDGE('',*,*,#617,.T.);
#363=ORIENTED_EDGE('',*,*,#578,.F.);
#364=ORIENTED_EDGE('',*,*,#618,.F.);
#365=ORIENTED_EDGE('',*,*,#619,.F.);
#366=ORIENTED_EDGE('',*,*,#620,.T.);
#367=ORIENTED_EDGE('',*,*,#621,.T.);
#368=ORIENTED_EDGE('',*,*,#622,.F.);
#369=ORIENTED_EDGE('',*,*,#621,.F.);
#370=ORIENTED_EDGE('',*,*,#623,.T.);
#371=ORIENTED_EDGE('',*,*,#624,.T.);
#372=ORIENTED_EDGE('',*,*,#625,.F.);
#373=ORIENTED_EDGE('',*,*,#624,.F.);
#374=ORIENTED_EDGE('',*,*,#626,.T.);
#375=ORIENTED_EDGE('',*,*,#575,.F.);
#376=ORIENTED_EDGE('',*,*,#627,.T.);
#377=ORIENTED_EDGE('',*,*,#619,.T.);
#378=ORIENTED_EDGE('',*,*,#628,.F.);
#379=ORIENTED_EDGE('',*,*,#573,.F.);
#380=ORIENTED_EDGE('',*,*,#572,.T.);
#381=ORIENTED_EDGE('',*,*,#626,.F.);
#382=ORIENTED_EDGE('',*,*,#623,.F.);
#383=ORIENTED_EDGE('',*,*,#620,.F.);
#384=ORIENTED_EDGE('',*,*,#627,.F.);
#385=ORIENTED_EDGE('',*,*,#628,.T.);
#386=ORIENTED_EDGE('',*,*,#618,.T.);
#387=ORIENTED_EDGE('',*,*,#622,.T.);
#388=ORIENTED_EDGE('',*,*,#625,.T.);
#389=ORIENTED_EDGE('',*,*,#574,.F.);
#390=ORIENTED_EDGE('',*,*,#629,.T.);
#391=ORIENTED_EDGE('',*,*,#630,.F.);
#392=ORIENTED_EDGE('',*,*,#631,.F.);
#393=ORIENTED_EDGE('',*,*,#540,.F.);
#394=ORIENTED_EDGE('',*,*,#632,.T.);
#395=ORIENTED_EDGE('',*,*,#633,.F.);
#396=ORIENTED_EDGE('',*,*,#629,.F.);
#397=ORIENTED_EDGE('',*,*,#539,.F.);
#398=ORIENTED_EDGE('',*,*,#634,.T.);
#399=ORIENTED_EDGE('',*,*,#635,.F.);
#400=ORIENTED_EDGE('',*,*,#632,.F.);
#401=ORIENTED_EDGE('',*,*,#544,.F.);
#402=ORIENTED_EDGE('',*,*,#636,.T.);
#403=ORIENTED_EDGE('',*,*,#637,.F.);
#404=ORIENTED_EDGE('',*,*,#634,.F.);
#405=ORIENTED_EDGE('',*,*,#543,.F.);
#406=ORIENTED_EDGE('',*,*,#638,.T.);
#407=ORIENTED_EDGE('',*,*,#639,.F.);
#408=ORIENTED_EDGE('',*,*,#636,.F.);
#409=ORIENTED_EDGE('',*,*,#542,.F.);
#410=ORIENTED_EDGE('',*,*,#631,.T.);
#411=ORIENTED_EDGE('',*,*,#640,.F.);
#412=ORIENTED_EDGE('',*,*,#638,.F.);
#413=ORIENTED_EDGE('',*,*,#541,.F.);
#414=ORIENTED_EDGE('',*,*,#630,.T.);
#415=ORIENTED_EDGE('',*,*,#633,.T.);
#416=ORIENTED_EDGE('',*,*,#635,.T.);
#417=ORIENTED_EDGE('',*,*,#637,.T.);
#418=ORIENTED_EDGE('',*,*,#639,.T.);
#419=ORIENTED_EDGE('',*,*,#640,.T.);
#420=ORIENTED_EDGE('',*,*,#641,.F.);
#421=ORIENTED_EDGE('',*,*,#642,.F.);
#422=ORIENTED_EDGE('',*,*,#567,.F.);
#423=ORIENTED_EDGE('',*,*,#643,.T.);
#424=ORIENTED_EDGE('',*,*,#644,.F.);
#425=ORIENTED_EDGE('',*,*,#645,.T.);
#426=ORIENTED_EDGE('',*,*,#646,.F.);
#427=ORIENTED_EDGE('',*,*,#643,.F.);
#428=ORIENTED_EDGE('',*,*,#566,.F.);
#429=ORIENTED_EDGE('',*,*,#647,.F.);
#430=ORIENTED_EDGE('',*,*,#571,.F.);
#431=ORIENTED_EDGE('',*,*,#648,.T.);
#432=ORIENTED_EDGE('',*,*,#649,.F.);
#433=ORIENTED_EDGE('',*,*,#645,.F.);
#434=ORIENTED_EDGE('',*,*,#650,.F.);
#435=ORIENTED_EDGE('',*,*,#648,.F.);
#436=ORIENTED_EDGE('',*,*,#570,.F.);
#437=ORIENTED_EDGE('',*,*,#651,.T.);
#438=ORIENTED_EDGE('',*,*,#652,.F.);
#439=ORIENTED_EDGE('',*,*,#651,.F.);
#440=ORIENTED_EDGE('',*,*,#569,.F.);
#441=ORIENTED_EDGE('',*,*,#653,.T.);
#442=ORIENTED_EDGE('',*,*,#654,.F.);
#443=ORIENTED_EDGE('',*,*,#653,.F.);
#444=ORIENTED_EDGE('',*,*,#568,.F.);
#445=ORIENTED_EDGE('',*,*,#642,.T.);
#446=ORIENTED_EDGE('',*,*,#655,.F.);
#447=ORIENTED_EDGE('',*,*,#656,.F.);
#448=ORIENTED_EDGE('',*,*,#546,.F.);
#449=ORIENTED_EDGE('',*,*,#657,.T.);
#450=ORIENTED_EDGE('',*,*,#658,.F.);
#451=ORIENTED_EDGE('',*,*,#657,.F.);
#452=ORIENTED_EDGE('',*,*,#545,.F.);
#453=ORIENTED_EDGE('',*,*,#659,.T.);
#454=ORIENTED_EDGE('',*,*,#660,.F.);
#455=ORIENTED_EDGE('',*,*,#659,.F.);
#456=ORIENTED_EDGE('',*,*,#550,.F.);
#457=ORIENTED_EDGE('',*,*,#661,.T.);
#458=ORIENTED_EDGE('',*,*,#662,.F.);
#459=ORIENTED_EDGE('',*,*,#661,.F.);
#460=ORIENTED_EDGE('',*,*,#549,.F.);
#461=ORIENTED_EDGE('',*,*,#663,.T.);
#462=ORIENTED_EDGE('',*,*,#664,.F.);
#463=ORIENTED_EDGE('',*,*,#663,.F.);
#464=ORIENTED_EDGE('',*,*,#548,.F.);
#465=ORIENTED_EDGE('',*,*,#665,.T.);
#466=ORIENTED_EDGE('',*,*,#666,.F.);
#467=ORIENTED_EDGE('',*,*,#665,.F.);
#468=ORIENTED_EDGE('',*,*,#547,.F.);
#469=ORIENTED_EDGE('',*,*,#656,.T.);
#470=ORIENTED_EDGE('',*,*,#667,.F.);
#471=ORIENTED_EDGE('',*,*,#668,.F.);
#472=ORIENTED_EDGE('',*,*,#552,.F.);
#473=ORIENTED_EDGE('',*,*,#669,.T.);
#474=ORIENTED_EDGE('',*,*,#670,.F.);
#475=ORIENTED_EDGE('',*,*,#669,.F.);
#476=ORIENTED_EDGE('',*,*,#551,.F.);
#477=ORIENTED_EDGE('',*,*,#671,.T.);
#478=ORIENTED_EDGE('',*,*,#672,.F.);
#479=ORIENTED_EDGE('',*,*,#671,.F.);
#480=ORIENTED_EDGE('',*,*,#556,.F.);
#481=ORIENTED_EDGE('',*,*,#673,.T.);
#482=ORIENTED_EDGE('',*,*,#674,.F.);
#483=ORIENTED_EDGE('',*,*,#673,.F.);
#484=ORIENTED_EDGE('',*,*,#555,.F.);
#485=ORIENTED_EDGE('',*,*,#675,.T.);
#486=ORIENTED_EDGE('',*,*,#676,.F.);
#487=ORIENTED_EDGE('',*,*,#675,.F.);
#488=ORIENTED_EDGE('',*,*,#554,.F.);
#489=ORIENTED_EDGE('',*,*,#677,.T.);
#490=ORIENTED_EDGE('',*,*,#678,.F.);
#491=ORIENTED_EDGE('',*,*,#677,.F.);
#492=ORIENTED_EDGE('',*,*,#553,.F.);
#493=ORIENTED_EDGE('',*,*,#668,.T.);
#494=ORIENTED_EDGE('',*,*,#670,.T.);
#495=ORIENTED_EDGE('',*,*,#672,.T.);
#496=ORIENTED_EDGE('',*,*,#674,.T.);
#497=ORIENTED_EDGE('',*,*,#676,.T.);
#498=ORIENTED_EDGE('',*,*,#678,.T.);
#499=ORIENTED_EDGE('',*,*,#667,.T.);
#500=ORIENTED_EDGE('',*,*,#679,.F.);
#501=ORIENTED_EDGE('',*,*,#679,.T.);
#502=ORIENTED_EDGE('',*,*,#680,.T.);
#503=ORIENTED_EDGE('',*,*,#680,.F.);
#504=ORIENTED_EDGE('',*,*,#666,.T.);
#505=ORIENTED_EDGE('',*,*,#655,.T.);
#506=ORIENTED_EDGE('',*,*,#658,.T.);
#507=ORIENTED_EDGE('',*,*,#660,.T.);
#508=ORIENTED_EDGE('',*,*,#662,.T.);
#509=ORIENTED_EDGE('',*,*,#664,.T.);
#510=ORIENTED_EDGE('',*,*,#681,.F.);
#511=ORIENTED_EDGE('',*,*,#681,.T.);
#512=ORIENTED_EDGE('',*,*,#682,.T.);
#513=ORIENTED_EDGE('',*,*,#682,.F.);
#514=ORIENTED_EDGE('',*,*,#650,.T.);
#515=ORIENTED_EDGE('',*,*,#652,.T.);
#516=ORIENTED_EDGE('',*,*,#654,.T.);
#517=ORIENTED_EDGE('',*,*,#641,.T.);
#518=ORIENTED_EDGE('',*,*,#646,.T.);
#519=ORIENTED_EDGE('',*,*,#649,.T.);
#520=ORIENTED_EDGE('',*,*,#683,.F.);
#521=ORIENTED_EDGE('',*,*,#683,.T.);
#522=ORIENTED_EDGE('',*,*,#684,.T.);
#523=ORIENTED_EDGE('',*,*,#684,.F.);
#524=ORIENTED_EDGE('',*,*,#596,.F.);
#525=ORIENTED_EDGE('',*,*,#588,.F.);
#526=ORIENTED_EDGE('',*,*,#685,.F.);
#527=ORIENTED_EDGE('',*,*,#564,.F.);
#528=ORIENTED_EDGE('',*,*,#686,.F.);
#529=ORIENTED_EDGE('',*,*,#595,.F.);
#530=ORIENTED_EDGE('',*,*,#599,.T.);
#531=ORIENTED_EDGE('',*,*,#558,.F.);
#532=ORIENTED_EDGE('',*,*,#587,.T.);
#533=ORIENTED_EDGE('',*,*,#686,.T.);
#534=ORIENTED_EDGE('',*,*,#557,.T.);
#535=ORIENTED_EDGE('',*,*,#647,.T.);
#536=ORIENTED_EDGE('',*,*,#644,.T.);
#537=ORIENTED_EDGE('',*,*,#565,.T.);
#538=ORIENTED_EDGE('',*,*,#685,.T.);
#539=EDGE_CURVE('',#687,#688,#788,.T.);
#540=EDGE_CURVE('',#688,#689,#789,.T.);
#541=EDGE_CURVE('',#689,#690,#790,.T.);
#542=EDGE_CURVE('',#690,#691,#791,.T.);
#543=EDGE_CURVE('',#691,#692,#792,.T.);
#544=EDGE_CURVE('',#692,#687,#793,.T.);
#545=EDGE_CURVE('',#693,#694,#794,.T.);
#546=EDGE_CURVE('',#694,#695,#795,.T.);
#547=EDGE_CURVE('',#695,#696,#796,.T.);
#548=EDGE_CURVE('',#696,#697,#797,.T.);
#549=EDGE_CURVE('',#697,#698,#798,.T.);
#550=EDGE_CURVE('',#698,#693,#799,.T.);
#551=EDGE_CURVE('',#699,#700,#800,.T.);
#552=EDGE_CURVE('',#700,#701,#801,.T.);
#553=EDGE_CURVE('',#701,#702,#802,.T.);
#554=EDGE_CURVE('',#702,#703,#803,.T.);
#555=EDGE_CURVE('',#703,#704,#804,.T.);
#556=EDGE_CURVE('',#704,#699,#805,.T.);
#557=EDGE_CURVE('',#705,#706,#806,.T.);
#558=EDGE_CURVE('',#705,#707,#807,.T.);
#559=EDGE_CURVE('',#707,#708,#808,.T.);
#560=EDGE_CURVE('',#708,#709,#809,.F.);
#561=EDGE_CURVE('',#709,#710,#810,.T.);
#562=EDGE_CURVE('',#711,#710,#811,.T.);
#563=EDGE_CURVE('',#712,#711,#812,.T.);
#564=EDGE_CURVE('',#712,#713,#813,.T.);
#565=EDGE_CURVE('',#714,#713,#814,.T.);
#566=EDGE_CURVE('',#714,#715,#815,.T.);
#567=EDGE_CURVE('',#715,#716,#816,.T.);
#568=EDGE_CURVE('',#716,#717,#817,.T.);
#569=EDGE_CURVE('',#717,#718,#818,.T.);
#570=EDGE_CURVE('',#718,#719,#819,.T.);
#571=EDGE_CURVE('',#719,#706,#820,.T.);
#572=EDGE_CURVE('',#720,#721,#821,.T.);
#573=EDGE_CURVE('',#720,#722,#822,.T.);
#574=EDGE_CURVE('',#722,#723,#823,.T.);
#575=EDGE_CURVE('',#723,#721,#824,.T.);
#576=EDGE_CURVE('',#724,#725,#825,.T.);
#577=EDGE_CURVE('',#724,#726,#826,.T.);
#578=EDGE_CURVE('',#726,#727,#827,.T.);
#579=EDGE_CURVE('',#727,#725,#828,.T.);
#580=EDGE_CURVE('',#728,#729,#829,.T.);
#581=EDGE_CURVE('',#728,#730,#830,.T.);
#582=EDGE_CURVE('',#730,#731,#831,.T.);
#583=EDGE_CURVE('',#731,#732,#832,.T.);
#584=EDGE_CURVE('',#732,#729,#833,.T.);
#585=EDGE_CURVE('',#733,#734,#834,.T.);
#586=EDGE_CURVE('',#734,#733,#835,.T.);
#587=EDGE_CURVE('',#735,#736,#836,.T.);
#588=EDGE_CURVE('',#735,#737,#837,.T.);
#589=EDGE_CURVE('',#737,#738,#838,.F.);
#590=EDGE_CURVE('',#739,#738,#839,.T.);
#591=EDGE_CURVE('',#740,#739,#840,.T.);
#592=EDGE_CURVE('',#741,#740,#841,.T.);
#593=EDGE_CURVE('',#742,#741,#842,.F.);
#594=EDGE_CURVE('',#742,#743,#843,.T.);
#595=EDGE_CURVE('',#743,#736,#844,.T.);
#596=EDGE_CURVE('',#737,#712,#30,.T.);
#597=EDGE_CURVE('',#738,#711,#31,.T.);
#598=EDGE_CURVE('',#744,#708,#32,.T.);
#599=EDGE_CURVE('',#743,#707,#33,.T.);
#600=EDGE_CURVE('',#744,#742,#34,.T.);
#601=EDGE_CURVE('',#741,#744,#35,.T.);
#602=EDGE_CURVE('',#740,#709,#36,.T.);
#603=EDGE_CURVE('',#710,#739,#37,.T.);
#604=EDGE_CURVE('',#745,#745,#14,.T.);
#605=EDGE_CURVE('',#733,#734,#15,.T.);
#606=EDGE_CURVE('',#728,#746,#38,.T.);
#607=EDGE_CURVE('',#746,#747,#39,.T.);
#608=EDGE_CURVE('',#748,#747,#40,.T.);
#609=EDGE_CURVE('',#730,#748,#41,.T.);
#610=EDGE_CURVE('',#747,#749,#42,.T.);
#611=EDGE_CURVE('',#746,#750,#43,.T.);
#612=EDGE_CURVE('',#750,#749,#44,.T.);
#613=EDGE_CURVE('',#749,#732,#45,.T.);
#614=EDGE_CURVE('',#750,#729,#46,.T.);
#615=EDGE_CURVE('',#731,#748,#47,.T.);
#616=EDGE_CURVE('',#724,#725,#16,.T.);
#617=EDGE_CURVE('',#726,#727,#17,.T.);
#618=EDGE_CURVE('',#751,#752,#48,.T.);
#619=EDGE_CURVE('',#753,#751,#49,.T.);
#620=EDGE_CURVE('',#753,#754,#50,.T.);
#621=EDGE_CURVE('',#754,#752,#51,.T.);
#622=EDGE_CURVE('',#752,#755,#52,.T.);
#623=EDGE_CURVE('',#754,#756,#53,.T.);
#624=EDGE_CURVE('',#756,#755,#54,.T.);
#625=EDGE_CURVE('',#755,#723,#55,.T.);
#626=EDGE_CURVE('',#756,#721,#56,.T.);
#627=EDGE_CURVE('',#720,#753,#57,.T.);
#628=EDGE_CURVE('',#722,#751,#58,.T.);
#629=EDGE_CURVE('',#688,#757,#59,.T.);
#630=EDGE_CURVE('',#758,#757,#60,.T.);
#631=EDGE_CURVE('',#689,#758,#61,.T.);
#632=EDGE_CURVE('',#687,#759,#62,.T.);
#633=EDGE_CURVE('',#757,#759,#63,.T.);
#634=EDGE_CURVE('',#692,#760,#64,.T.);
#635=EDGE_CURVE('',#759,#760,#65,.T.);
#636=EDGE_CURVE('',#691,#761,#66,.T.);
#637=EDGE_CURVE('',#760,#761,#67,.T.);
#638=EDGE_CURVE('',#690,#762,#68,.T.);
#639=EDGE_CURVE('',#761,#762,#69,.T.);
#640=EDGE_CURVE('',#762,#758,#70,.T.);
#641=EDGE_CURVE('',#763,#764,#71,.T.);
#642=EDGE_CURVE('',#716,#763,#72,.T.);
#643=EDGE_CURVE('',#715,#764,#73,.T.);
#644=EDGE_CURVE('',#765,#714,#12,.T.);
#645=EDGE_CURVE('',#765,#766,#74,.T.);
#646=EDGE_CURVE('',#764,#766,#75,.T.);
#647=EDGE_CURVE('',#706,#765,#13,.T.);
#648=EDGE_CURVE('',#719,#767,#76,.T.);
#649=EDGE_CURVE('',#766,#767,#77,.T.);
#650=EDGE_CURVE('',#767,#768,#78,.T.);
#651=EDGE_CURVE('',#718,#768,#79,.T.);
#652=EDGE_CURVE('',#768,#769,#80,.T.);
#653=EDGE_CURVE('',#717,#769,#81,.T.);
#654=EDGE_CURVE('',#769,#763,#82,.T.);
#655=EDGE_CURVE('',#770,#771,#83,.T.);
#656=EDGE_CURVE('',#695,#770,#84,.T.);
#657=EDGE_CURVE('',#694,#771,#85,.T.);
#658=EDGE_CURVE('',#771,#772,#86,.T.);
#659=EDGE_CURVE('',#693,#772,#87,.T.);
#660=EDGE_CURVE('',#772,#773,#88,.T.);
#661=EDGE_CURVE('',#698,#773,#89,.T.);
#662=EDGE_CURVE('',#773,#774,#90,.T.);
#663=EDGE_CURVE('',#697,#774,#91,.T.);
#664=EDGE_CURVE('',#774,#775,#92,.T.);
#665=EDGE_CURVE('',#696,#775,#93,.T.);
#666=EDGE_CURVE('',#775,#770,#94,.T.);
#667=EDGE_CURVE('',#776,#777,#95,.T.);
#668=EDGE_CURVE('',#701,#776,#96,.T.);
#669=EDGE_CURVE('',#700,#777,#97,.T.);
#670=EDGE_CURVE('',#777,#778,#98,.T.);
#671=EDGE_CURVE('',#699,#778,#99,.T.);
#672=EDGE_CURVE('',#778,#779,#100,.T.);
#673=EDGE_CURVE('',#704,#779,#101,.T.);
#674=EDGE_CURVE('',#779,#780,#102,.T.);
#675=EDGE_CURVE('',#703,#780,#103,.T.);
#676=EDGE_CURVE('',#780,#781,#104,.T.);
#677=EDGE_CURVE('',#702,#781,#105,.T.);
#678=EDGE_CURVE('',#781,#776,#106,.T.);
#679=EDGE_CURVE('',#782,#782,#18,.T.);
#680=EDGE_CURVE('',#783,#783,#19,.F.);
#681=EDGE_CURVE('',#784,#784,#20,.T.);
#682=EDGE_CURVE('',#785,#785,#21,.F.);
#683=EDGE_CURVE('',#786,#786,#22,.T.);
#684=EDGE_CURVE('',#787,#787,#23,.F.);
#685=EDGE_CURVE('',#713,#735,#107,.F.);
#686=EDGE_CURVE('',#736,#705,#108,.T.);
#687=VERTEX_POINT('',#1477);
#688=VERTEX_POINT('',#1478);
#689=VERTEX_POINT('',#1483);
#690=VERTEX_POINT('',#1488);
#691=VERTEX_POINT('',#1493);
#692=VERTEX_POINT('',#1498);
#693=VERTEX_POINT('',#1507);
#694=VERTEX_POINT('',#1508);
#695=VERTEX_POINT('',#1513);
#696=VERTEX_POINT('',#1518);
#697=VERTEX_POINT('',#1523);
#698=VERTEX_POINT('',#1528);
#699=VERTEX_POINT('',#1537);
#700=VERTEX_POINT('',#1538);
#701=VERTEX_POINT('',#1543);
#702=VERTEX_POINT('',#1548);
#703=VERTEX_POINT('',#1553);
#704=VERTEX_POINT('',#1558);
#705=VERTEX_POINT('',#1568);
#706=VERTEX_POINT('',#1569);
#707=VERTEX_POINT('',#1574);
#708=VERTEX_POINT('',#1589);
#709=VERTEX_POINT('',#1601);
#710=VERTEX_POINT('',#1607);
#711=VERTEX_POINT('',#1628);
#712=VERTEX_POINT('',#1637);
#713=VERTEX_POINT('',#1642);
#714=VERTEX_POINT('',#1647);
#715=VERTEX_POINT('',#1652);
#716=VERTEX_POINT('',#1657);
#717=VERTEX_POINT('',#1662);
#718=VERTEX_POINT('',#1667);
#719=VERTEX_POINT('',#1672);
#720=VERTEX_POINT('',#1776);
#721=VERTEX_POINT('',#1777);
#722=VERTEX_POINT('',#1782);
#723=VERTEX_POINT('',#1787);
#724=VERTEX_POINT('',#1796);
#725=VERTEX_POINT('',#1797);
#726=VERTEX_POINT('',#1804);
#727=VERTEX_POINT('',#1809);
#728=VERTEX_POINT('',#1820);
#729=VERTEX_POINT('',#1821);
#730=VERTEX_POINT('',#1826);
#731=VERTEX_POINT('',#1831);
#732=VERTEX_POINT('',#1836);
#733=VERTEX_POINT('',#1845);
#734=VERTEX_POINT('',#1846);
#735=VERTEX_POINT('',#1869);
#736=VERTEX_POINT('',#1870);
#737=VERTEX_POINT('',#1875);
#738=VERTEX_POINT('',#1883);
#739=VERTEX_POINT('',#1903);
#740=VERTEX_POINT('',#1909);
#741=VERTEX_POINT('',#1921);
#742=VERTEX_POINT('',#1927);
#743=VERTEX_POINT('',#1944);
#744=VERTEX_POINT('',#1954);
#745=VERTEX_POINT('',#1966);
#746=VERTEX_POINT('',#1972);
#747=VERTEX_POINT('',#1974);
#748=VERTEX_POINT('',#1976);
#749=VERTEX_POINT('',#1980);
#750=VERTEX_POINT('',#1982);
#751=VERTEX_POINT('',#1998);
#752=VERTEX_POINT('',#1999);
#753=VERTEX_POINT('',#2001);
#754=VERTEX_POINT('',#2003);
#755=VERTEX_POINT('',#2007);
#756=VERTEX_POINT('',#2009);
#757=VERTEX_POINT('',#2021);
#758=VERTEX_POINT('',#2023);
#759=VERTEX_POINT('',#2027);
#760=VERTEX_POINT('',#2031);
#761=VERTEX_POINT('',#2035);
#762=VERTEX_POINT('',#2039);
#763=VERTEX_POINT('',#2046);
#764=VERTEX_POINT('',#2047);
#765=VERTEX_POINT('',#2052);
#766=VERTEX_POINT('',#2054);
#767=VERTEX_POINT('',#2059);
#768=VERTEX_POINT('',#2063);
#769=VERTEX_POINT('',#2067);
#770=VERTEX_POINT('',#2073);
#771=VERTEX_POINT('',#2074);
#772=VERTEX_POINT('',#2079);
#773=VERTEX_POINT('',#2083);
#774=VERTEX_POINT('',#2087);
#775=VERTEX_POINT('',#2091);
#776=VERTEX_POINT('',#2097);
#777=VERTEX_POINT('',#2098);
#778=VERTEX_POINT('',#2103);
#779=VERTEX_POINT('',#2107);
#780=VERTEX_POINT('',#2111);
#781=VERTEX_POINT('',#2115);
#782=VERTEX_POINT('',#2121);
#783=VERTEX_POINT('',#2124);
#784=VERTEX_POINT('',#2128);
#785=VERTEX_POINT('',#2131);
#786=VERTEX_POINT('',#2135);
#787=VERTEX_POINT('',#2138);
#788=B_SPLINE_CURVE_WITH_KNOTS('',3,(#1473,#1474,#1475,#1476),
 .UNSPECIFIED.,.F.,.F.,(4,4),(0.000606346209893588,0.00320787114943774),
 .UNSPECIFIED.);
#789=B_SPLINE_CURVE_WITH_KNOTS('',3,(#1479,#1480,#1481,#1482),
 .UNSPECIFIED.,.F.,.F.,(4,4),(0.000835973185026476,0.00343400911884727),
 .UNSPECIFIED.);
#790=B_SPLINE_CURVE_WITH_KNOTS('',3,(#1484,#1485,#1486,#1487),
 .UNSPECIFIED.,.F.,.F.,(4,4),(0.000550751929509465,0.00314933749264246),
 .UNSPECIFIED.);
#791=B_SPLINE_CURVE_WITH_KNOTS('',3,(#1489,#1490,#1491,#1492),
 .UNSPECIFIED.,.F.,.F.,(4,4),(0.00223695857487631,0.00483707871743948),
 .UNSPECIFIED.);
#792=B_SPLINE_CURVE_WITH_KNOTS('',3,(#1494,#1495,#1496,#1497),
 .UNSPECIFIED.,.F.,.F.,(4,4),(0.00292526769687065,0.00552458648185735),
 .UNSPECIFIED.);
#793=B_SPLINE_CURVE_WITH_KNOTS('',3,(#1499,#1500,#1501,#1502),
 .UNSPECIFIED.,.F.,.F.,(4,4),(0.00191542083979297,0.00451483890076296),
 .UNSPECIFIED.);
#794=B_SPLINE_CURVE_WITH_KNOTS('',3,(#1503,#1504,#1505,#1506),
 .UNSPECIFIED.,.F.,.F.,(4,4),(0.00201035033916946,0.00460946737869267),
 .UNSPECIFIED.);
#795=B_SPLINE_CURVE_WITH_KNOTS('',3,(#1509,#1510,#1511,#1512),
 .UNSPECIFIED.,.F.,.F.,(4,4),(0.00228642867116404,0.0048849429920225),
 .UNSPECIFIED.);
#796=B_SPLINE_CURVE_WITH_KNOTS('',3,(#1514,#1515,#1516,#1517),
 .UNSPECIFIED.,.F.,.F.,(4,4),(0.00110004315752214,0.00369817672369909),
 .UNSPECIFIED.);
#797=B_SPLINE_CURVE_WITH_KNOTS('',3,(#1519,#1520,#1521,#1522),
 .UNSPECIFIED.,.F.,.F.,(4,4),(0.00419711434631798,0.00679512361930123),
 .UNSPECIFIED.);
#798=B_SPLINE_CURVE_WITH_KNOTS('',3,(#1524,#1525,#1526,#1527),
 .UNSPECIFIED.,.F.,.F.,(4,4),(0.00468803036051169,0.00728750831004478),
 .UNSPECIFIED.);
#799=B_SPLINE_CURVE_WITH_KNOTS('',3,(#1529,#1530,#1531,#1532),
 .UNSPECIFIED.,.F.,.F.,(4,4),(0.000564535797346175,0.00316298891121263),
 .UNSPECIFIED.);
#800=B_SPLINE_CURVE_WITH_KNOTS('',3,(#1533,#1534,#1535,#1536),
 .UNSPECIFIED.,.F.,.F.,(4,4),(0.00212441153071526,0.00472497548195565),
 .UNSPECIFIED.);
#801=B_SPLINE_CURVE_WITH_KNOTS('',3,(#1539,#1540,#1541,#1542),
 .UNSPECIFIED.,.F.,.F.,(4,4),(0.000738179340414155,0.00333677043017706),
 .UNSPECIFIED.);
#802=B_SPLINE_CURVE_WITH_KNOTS('',3,(#1544,#1545,#1546,#1547),
 .UNSPECIFIED.,.F.,.F.,(4,4),(0.000998458303704118,0.00359815152587145),
 .UNSPECIFIED.);
#803=B_SPLINE_CURVE_WITH_KNOTS('',3,(#1549,#1550,#1551,#1552),
 .UNSPECIFIED.,.F.,.F.,(4,4),(0.000726899422843202,0.00332620165649679),
 .UNSPECIFIED.);
#804=B_SPLINE_CURVE_WITH_KNOTS('',3,(#1554,#1555,#1556,#1557),
 .UNSPECIFIED.,.F.,.F.,(4,4),(0.00217170004372787,0.0047698437258423),
 .UNSPECIFIED.);
#805=B_SPLINE_CURVE_WITH_KNOTS('',3,(#1559,#1560,#1561,#1562),
 .UNSPECIFIED.,.F.,.F.,(4,4),(0.00308104928178468,0.00567917128943685),
 .UNSPECIFIED.);
#806=B_SPLINE_CURVE_WITH_KNOTS('',3,(#1563,#1564,#1565,#1566,#1567),
 .UNSPECIFIED.,.F.,.F.,(4,1,4),(9.81307786677359E-18,0.00362594866935244,
0.00725189733870488),.UNSPECIFIED.);
#807=B_SPLINE_CURVE_WITH_KNOTS('',3,(#1570,#1571,#1572,#1573),
 .UNSPECIFIED.,.F.,.F.,(4,4),(9.81307786677359E-18,0.00200459675454055),
 .UNSPECIFIED.);
#808=B_SPLINE_CURVE_WITH_KNOTS('',3,(#1575,#1576,#1577,#1578,#1579,#1580,
#1581,#1582,#1583,#1584,#1585,#1586,#1587,#1588),.UNSPECIFIED.,.F.,.F.,
(4,1,1,1,1,1,1,1,1,1,1,4),(0.0407608751055117,0.0524007257171235,0.0640405763287353,
0.0756804269403471,0.081500352246153,0.0873202775519589,0.0989601281635706,
0.104780053469377,0.110599978775182,0.122239829386794,0.1280597546926,0.133879679998406),
 .UNSPECIFIED.);
#809=B_SPLINE_CURVE_WITH_KNOTS('',3,(#1590,#1591,#1592,#1593,#1594,#1595,
#1596,#1597,#1598,#1599,#1600),.UNSPECIFIED.,.F.,.F.,(4,1,1,1,1,1,1,1,4),
(0.,0.125,0.25,0.375,0.5,0.625,0.75,0.875,1.),.UNSPECIFIED.);
#810=B_SPLINE_CURVE_WITH_KNOTS('',3,(#1602,#1603,#1604,#1605,#1606),
 .UNSPECIFIED.,.F.,.F.,(4,1,4),(0.,0.500351934048242,1.),.UNSPECIFIED.);
#811=B_SPLINE_CURVE_WITH_KNOTS('',3,(#1608,#1609,#1610,#1611,#1612,#1613,
#1614,#1615,#1616,#1617,#1618,#1619,#1620,#1621,#1622,#1623,#1624,#1625,
#1626,#1627),.UNSPECIFIED.,.F.,.F.,(4,1,1,1,1,1,1,1,1,1,1,1,1,1,1,1,1,4),
(0.,0.01756223836605,0.0351244767321,0.043905595915125,0.05268671509815,
0.0702489534642,0.079030072647225,0.08781119183025,0.096592311013275,0.100982870604788,
0.1053734301963,0.114154549379325,0.118545108970838,0.12293566856235,0.127326228153862,
0.131716787745375,0.136107347336888,0.1404979069284),.UNSPECIFIED.);
#812=B_SPLINE_CURVE_WITH_KNOTS('',3,(#1629,#1630,#1631,#1632,#1633,#1634,
#1635,#1636),.UNSPECIFIED.,.F.,.F.,(4,1,1,1,1,4),(0.,0.125,0.25,0.5,0.75,
1.),.UNSPECIFIED.);
#813=B_SPLINE_CURVE_WITH_KNOTS('',3,(#1638,#1639,#1640,#1641),
 .UNSPECIFIED.,.F.,.F.,(4,4),(0.,0.0355796739887946),.UNSPECIFIED.);
#814=B_SPLINE_CURVE_WITH_KNOTS('',3,(#1643,#1644,#1645,#1646),
 .UNSPECIFIED.,.F.,.F.,(4,4),(0.00961853834229405,0.0106139252524611),
 .UNSPECIFIED.);
#815=B_SPLINE_CURVE_WITH_KNOTS('',3,(#1648,#1649,#1650,#1651),
 .UNSPECIFIED.,.F.,.F.,(4,4),(0.00539110923168511,0.00735127873026131),
 .UNSPECIFIED.);
#816=B_SPLINE_CURVE_WITH_KNOTS('',3,(#1653,#1654,#1655,#1656),
 .UNSPECIFIED.,.F.,.F.,(4,4),(0.00390763566470434,0.00650688267840215),
 .UNSPECIFIED.);
#817=B_SPLINE_CURVE_WITH_KNOTS('',3,(#1658,#1659,#1660,#1661),
 .UNSPECIFIED.,.F.,.F.,(4,4),(0.000839268957852226,0.00343805697008045),
 .UNSPECIFIED.);
#818=B_SPLINE_CURVE_WITH_KNOTS('',3,(#1663,#1664,#1665,#1666),
 .UNSPECIFIED.,.F.,.F.,(4,4),(0.00217896851532235,0.00477913322132954),
 .UNSPECIFIED.);
#819=B_SPLINE_CURVE_WITH_KNOTS('',3,(#1668,#1669,#1670,#1671),
 .UNSPECIFIED.,.F.,.F.,(4,4),(0.00191452251625063,0.00451260232741468),
 .UNSPECIFIED.);
#820=B_SPLINE_CURVE_WITH_KNOTS('',3,(#1673,#1674,#1675,#1676),
 .UNSPECIFIED.,.F.,.F.,(4,4),(0.000422103353246409,0.00104280864669695),
 .UNSPECIFIED.);
#821=B_SPLINE_CURVE_WITH_KNOTS('',3,(#1772,#1773,#1774,#1775),
 .UNSPECIFIED.,.F.,.F.,(4,4),(0.000822598855674166,0.00459142817278916),
 .UNSPECIFIED.);
#822=B_SPLINE_CURVE_WITH_KNOTS('',3,(#1778,#1779,#1780,#1781),
 .UNSPECIFIED.,.F.,.F.,(4,4),(0.,0.00187768525413552),.UNSPECIFIED.);
#823=B_SPLINE_CURVE_WITH_KNOTS('',3,(#1783,#1784,#1785,#1786),
 .UNSPECIFIED.,.F.,.F.,(4,4),(0.000421809695030714,0.00419203474337026),
 .UNSPECIFIED.);
#824=B_SPLINE_CURVE_WITH_KNOTS('',3,(#1788,#1789,#1790,#1791),
 .UNSPECIFIED.,.F.,.F.,(4,4),(0.,0.00187567979897139),.UNSPECIFIED.);
#825=B_SPLINE_CURVE_WITH_KNOTS('',3,(#1792,#1793,#1794,#1795),
 .UNSPECIFIED.,.F.,.F.,(4,4),(0.000489580957747365,0.00134436091929153),
 .UNSPECIFIED.);
#826=B_SPLINE_CURVE_WITH_KNOTS('',3,(#1798,#1799,#1800,#1801,#1802,#1803),
 .UNSPECIFIED.,.F.,.F.,(4,1,1,4),(0.,0.000808610684069795,0.00161722136813959,
0.00323444273627918),.UNSPECIFIED.);
#827=B_SPLINE_CURVE_WITH_KNOTS('',3,(#1805,#1806,#1807,#1808),
 .UNSPECIFIED.,.F.,.F.,(4,4),(1.98478913356136E-5,0.00211737385736853),
 .UNSPECIFIED.);
#828=B_SPLINE_CURVE_WITH_KNOTS('',3,(#1810,#1811,#1812,#1813,#1814,#1815),
 .UNSPECIFIED.,.F.,.F.,(4,1,1,4),(2.84261848001446E-15,0.001610376301177,
0.00241556445176408,0.00322075260235116),.UNSPECIFIED.);
#829=B_SPLINE_CURVE_WITH_KNOTS('',3,(#1816,#1817,#1818,#1819),
 .UNSPECIFIED.,.F.,.F.,(4,4),(1.58652550390157E-5,0.00378885760736651),
 .UNSPECIFIED.);
#830=B_SPLINE_CURVE_WITH_KNOTS('',3,(#1822,#1823,#1824,#1825),
 .UNSPECIFIED.,.F.,.F.,(4,4),(0.,0.000169069350964656),.UNSPECIFIED.);
#831=B_SPLINE_CURVE_WITH_KNOTS('',3,(#1827,#1828,#1829,#1830),
 .UNSPECIFIED.,.F.,.F.,(4,4),(0.,0.00171518201890184),.UNSPECIFIED.);
#832=B_SPLINE_CURVE_WITH_KNOTS('',3,(#1832,#1833,#1834,#1835),
 .UNSPECIFIED.,.F.,.F.,(4,4),(0.000450461855026362,0.00428408617023423),
 .UNSPECIFIED.);
#833=B_SPLINE_CURVE_WITH_KNOTS('',3,(#1837,#1838,#1839,#1840),
 .UNSPECIFIED.,.F.,.F.,(4,4),(0.,0.00188067928461998),.UNSPECIFIED.);
#834=B_SPLINE_CURVE_WITH_KNOTS('',3,(#1841,#1842,#1843,#1844),
 .UNSPECIFIED.,.F.,.F.,(4,4),(9.91831336475343E-5,0.002129895361021),
 .UNSPECIFIED.);
#835=B_SPLINE_CURVE_WITH_KNOTS('',3,(#1847,#1848,#1849,#1850,#1851,#1852,
#1853,#1854,#1855,#1856,#1857,#1858,#1859,#1860,#1861),.UNSPECIFIED.,.F.,
 .F.,(4,1,1,1,1,1,1,1,1,1,1,1,4),(0.,0.000752836504045714,0.00150567300809143,
0.00188209126011428,0.00225850951213714,0.00263492776416,0.00301134601618286,
0.00338776426820571,0.00376418252022857,0.00414060077225143,0.00451701902427428,
0.00526985552832,0.00602269203236571),.UNSPECIFIED.);
#836=B_SPLINE_CURVE_WITH_KNOTS('',3,(#1862,#1863,#1864,#1865,#1866,#1867,
#1868),.UNSPECIFIED.,.F.,.F.,(4,1,1,1,4),(0.,0.00273189604485817,0.00546379208971633,
0.0081956881345745,0.0109275841794327),.UNSPECIFIED.);
#837=B_SPLINE_CURVE_WITH_KNOTS('',3,(#1871,#1872,#1873,#1874),
 .UNSPECIFIED.,.F.,.F.,(4,4),(0.000953988939284865,0.0366792114339239),
 .UNSPECIFIED.);
#838=B_SPLINE_CURVE_WITH_KNOTS('',3,(#1876,#1877,#1878,#1879,#1880,#1881,
#1882),.UNSPECIFIED.,.F.,.F.,(4,1,1,1,4),(0.,0.25,0.5,0.75,1.),
 .UNSPECIFIED.);
#839=B_SPLINE_CURVE_WITH_KNOTS('',3,(#1884,#1885,#1886,#1887,#1888,#1889,
#1890,#1891,#1892,#1893,#1894,#1895,#1896,#1897,#1898,#1899,#1900,#1901,
#1902),.UNSPECIFIED.,.F.,.F.,(4,1,1,1,1,1,1,1,1,1,1,1,1,1,1,1,4),(0.,0.00412816718278444,
0.00825633436556887,0.0123845015483533,0.0165126687311377,0.0206408359139222,
0.0247690030967066,0.0288971702794911,0.0330253374622755,0.0412816718278444,
0.0495380061934132,0.0577943405589821,0.066050674924551,0.0825633436556887,
0.0990760123868265,0.115588681117964,0.132101349849102),.UNSPECIFIED.);
#840=B_SPLINE_CURVE_WITH_KNOTS('',3,(#1904,#1905,#1906,#1907,#1908),
 .UNSPECIFIED.,.F.,.F.,(4,1,4),(0.,0.500351934048242,1.),.UNSPECIFIED.);
#841=B_SPLINE_CURVE_WITH_KNOTS('',3,(#1910,#1911,#1912,#1913,#1914,#1915,
#1916,#1917,#1918,#1919,#1920),.UNSPECIFIED.,.F.,.F.,(4,1,1,1,1,1,1,1,4),
(0.,0.125,0.25,0.375,0.5,0.625,0.75,0.875,1.),.UNSPECIFIED.);
#842=B_SPLINE_CURVE_WITH_KNOTS('',3,(#1922,#1923,#1924,#1925,#1926),
 .UNSPECIFIED.,.F.,.F.,(4,1,4),(0.,0.500351934048242,1.),.UNSPECIFIED.);
#843=B_SPLINE_CURVE_WITH_KNOTS('',3,(#1928,#1929,#1930,#1931,#1932,#1933,
#1934,#1935,#1936,#1937,#1938,#1939,#1940,#1941,#1942,#1943),
 .UNSPECIFIED.,.F.,.F.,(4,1,1,1,1,1,1,1,1,1,1,1,1,4),(0.,0.00599738516594566,
0.0119947703318913,0.017992155497837,0.0239895406637826,0.0299869258297283,
0.035984310995674,0.0419816961616196,0.0479790813275653,0.0599738516594566,
0.0659712368254023,0.0719686219913479,0.0839633923232393,0.0959581626551306),
 .UNSPECIFIED.);
#844=B_SPLINE_CURVE_WITH_KNOTS('',3,(#1945,#1946,#1947,#1948),
 .UNSPECIFIED.,.F.,.F.,(4,4),(6.29415434796808E-16,0.00212150113411081),
 .UNSPECIFIED.);
#845=EDGE_LOOP('',(#243,#244,#245,#246,#247,#248));
#846=EDGE_LOOP('',(#249,#250,#251,#252,#253,#254));
#847=EDGE_LOOP('',(#255,#256,#257,#258,#259,#260));
#848=EDGE_LOOP('',(#261,#262,#263,#264,#265,#266,#267,#268,#269,#270,#271,
#272,#273,#274,#275));
#849=EDGE_LOOP('',(#276,#277,#278,#279));
#850=EDGE_LOOP('',(#280,#281,#282,#283));
#851=EDGE_LOOP('',(#284,#285,#286,#287,#288));
#852=EDGE_LOOP('',(#289,#290));
#853=EDGE_LOOP('',(#291,#292,#293,#294,#295,#296,#297,#298,#299));
#854=EDGE_LOOP('',(#300,#301,#302,#303));
#855=EDGE_LOOP('',(#304,#305,#306,#307,#308));
#856=EDGE_LOOP('',(#309,#310,#311,#312,#313));
#857=EDGE_LOOP('',(#314,#315,#316));
#858=EDGE_LOOP('',(#317,#318,#319,#320));
#859=EDGE_LOOP('',(#321,#322,#323,#324));
#860=EDGE_LOOP('',(#325));
#861=EDGE_LOOP('',(#326,#327));
#862=EDGE_LOOP('',(#328));
#863=EDGE_LOOP('',(#329,#330));
#864=EDGE_LOOP('',(#331,#332,#333,#334,#335));
#865=EDGE_LOOP('',(#336,#337,#338,#339));
#866=EDGE_LOOP('',(#340,#341,#342,#343));
#867=EDGE_LOOP('',(#344,#345,#346));
#868=EDGE_LOOP('',(#347,#348,#349,#350));
#869=EDGE_LOOP('',(#351,#352,#353,#354,#355));
#870=EDGE_LOOP('',(#356,#357,#358,#359));
#871=EDGE_LOOP('',(#360,#361));
#872=EDGE_LOOP('',(#362,#363));
#873=EDGE_LOOP('',(#364,#365,#366,#367));
#874=EDGE_LOOP('',(#368,#369,#370,#371));
#875=EDGE_LOOP('',(#372,#373,#374,#375));
#876=EDGE_LOOP('',(#376,#377,#378,#379));
#877=EDGE_LOOP('',(#380,#381,#382,#383,#384));
#878=EDGE_LOOP('',(#385,#386,#387,#388,#389));
#879=EDGE_LOOP('',(#390,#391,#392,#393));
#880=EDGE_LOOP('',(#394,#395,#396,#397));
#881=EDGE_LOOP('',(#398,#399,#400,#401));
#882=EDGE_LOOP('',(#402,#403,#404,#405));
#883=EDGE_LOOP('',(#406,#407,#408,#409));
#884=EDGE_LOOP('',(#410,#411,#412,#413));
#885=EDGE_LOOP('',(#414,#415,#416,#417,#418,#419));
#886=EDGE_LOOP('',(#420,#421,#422,#423));
#887=EDGE_LOOP('',(#424,#425,#426,#427,#428));
#888=EDGE_LOOP('',(#429,#430,#431,#432,#433));
#889=EDGE_LOOP('',(#434,#435,#436,#437));
#890=EDGE_LOOP('',(#438,#439,#440,#441));
#891=EDGE_LOOP('',(#442,#443,#444,#445));
#892=EDGE_LOOP('',(#446,#447,#448,#449));
#893=EDGE_LOOP('',(#450,#451,#452,#453));
#894=EDGE_LOOP('',(#454,#455,#456,#457));
#895=EDGE_LOOP('',(#458,#459,#460,#461));
#896=EDGE_LOOP('',(#462,#463,#464,#465));
#897=EDGE_LOOP('',(#466,#467,#468,#469));
#898=EDGE_LOOP('',(#470,#471,#472,#473));
#899=EDGE_LOOP('',(#474,#475,#476,#477));
#900=EDGE_LOOP('',(#478,#479,#480,#481));
#901=EDGE_LOOP('',(#482,#483,#484,#485));
#902=EDGE_LOOP('',(#486,#487,#488,#489));
#903=EDGE_LOOP('',(#490,#491,#492,#493));
#904=EDGE_LOOP('',(#494,#495,#496,#497,#498,#499));
#905=EDGE_LOOP('',(#500));
#906=EDGE_LOOP('',(#501));
#907=EDGE_LOOP('',(#502));
#908=EDGE_LOOP('',(#503));
#909=EDGE_LOOP('',(#504,#505,#506,#507,#508,#509));
#910=EDGE_LOOP('',(#510));
#911=EDGE_LOOP('',(#511));
#912=EDGE_LOOP('',(#512));
#913=EDGE_LOOP('',(#513));
#914=EDGE_LOOP('',(#514,#515,#516,#517,#518,#519));
#915=EDGE_LOOP('',(#520));
#916=EDGE_LOOP('',(#521));
#917=EDGE_LOOP('',(#522));
#918=EDGE_LOOP('',(#523));
#919=EDGE_LOOP('',(#524,#525,#526,#527));
#920=EDGE_LOOP('',(#528,#529,#530,#531));
#921=EDGE_LOOP('',(#532,#533,#534,#535,#536,#537,#538));
#922=FACE_BOUND('',#845,.T.);
#923=FACE_BOUND('',#846,.T.);
#924=FACE_BOUND('',#847,.T.);
#925=FACE_BOUND('',#848,.T.);
#926=FACE_BOUND('',#849,.T.);
#927=FACE_BOUND('',#850,.T.);
#928=FACE_BOUND('',#851,.T.);
#929=FACE_BOUND('',#852,.T.);
#930=FACE_BOUND('',#853,.T.);
#931=FACE_BOUND('',#854,.T.);
#932=FACE_BOUND('',#855,.T.);
#933=FACE_BOUND('',#856,.T.);
#934=FACE_BOUND('',#857,.T.);
#935=FACE_BOUND('',#858,.T.);
#936=FACE_BOUND('',#859,.T.);
#937=FACE_BOUND('',#860,.T.);
#938=FACE_BOUND('',#861,.T.);
#939=FACE_BOUND('',#862,.T.);
#940=FACE_BOUND('',#863,.T.);
#941=FACE_BOUND('',#864,.T.);
#942=FACE_BOUND('',#865,.T.);
#943=FACE_BOUND('',#866,.T.);
#944=FACE_BOUND('',#867,.T.);
#945=FACE_BOUND('',#868,.T.);
#946=FACE_BOUND('',#869,.T.);
#947=FACE_BOUND('',#870,.T.);
#948=FACE_BOUND('',#871,.T.);
#949=FACE_BOUND('',#872,.T.);
#950=FACE_BOUND('',#873,.T.);
#951=FACE_BOUND('',#874,.T.);
#952=FACE_BOUND('',#875,.T.);
#953=FACE_BOUND('',#876,.T.);
#954=FACE_BOUND('',#877,.T.);
#955=FACE_BOUND('',#878,.T.);
#956=FACE_BOUND('',#879,.T.);
#957=FACE_BOUND('',#880,.T.);
#958=FACE_BOUND('',#881,.T.);
#959=FACE_BOUND('',#882,.T.);
#960=FACE_BOUND('',#883,.T.);
#961=FACE_BOUND('',#884,.T.);
#962=FACE_BOUND('',#885,.T.);
#963=FACE_BOUND('',#886,.T.);
#964=FACE_BOUND('',#887,.T.);
#965=FACE_BOUND('',#888,.T.);
#966=FACE_BOUND('',#889,.T.);
#967=FACE_BOUND('',#890,.T.);
#968=FACE_BOUND('',#891,.T.);
#969=FACE_BOUND('',#892,.T.);
#970=FACE_BOUND('',#893,.T.);
#971=FACE_BOUND('',#894,.T.);
#972=FACE_BOUND('',#895,.T.);
#973=FACE_BOUND('',#896,.T.);
#974=FACE_BOUND('',#897,.T.);
#975=FACE_BOUND('',#898,.T.);
#976=FACE_BOUND('',#899,.T.);
#977=FACE_BOUND('',#900,.T.);
#978=FACE_BOUND('',#901,.T.);
#979=FACE_BOUND('',#902,.T.);
#980=FACE_BOUND('',#903,.T.);
#981=FACE_BOUND('',#904,.T.);
#982=FACE_BOUND('',#905,.T.);
#983=FACE_BOUND('',#906,.T.);
#984=FACE_BOUND('',#907,.T.);
#985=FACE_BOUND('',#908,.T.);
#986=FACE_BOUND('',#909,.T.);
#987=FACE_BOUND('',#910,.T.);
#988=FACE_BOUND('',#911,.T.);
#989=FACE_BOUND('',#912,.T.);
#990=FACE_BOUND('',#913,.T.);
#991=FACE_BOUND('',#914,.T.);
#992=FACE_BOUND('',#915,.T.);
#993=FACE_BOUND('',#916,.T.);
#994=FACE_BOUND('',#917,.T.);
#995=FACE_BOUND('',#918,.T.);
#996=FACE_BOUND('',#919,.T.);
#997=FACE_BOUND('',#920,.T.);
#998=FACE_BOUND('',#921,.T.);
#999=B_SPLINE_SURFACE_WITH_KNOTS('',3,3,((#1378,#1379,#1380,#1381,#1382),
(#1383,#1384,#1385,#1386,#1387),(#1388,#1389,#1390,#1391,#1392),(#1393,
#1394,#1395,#1396,#1397),(#1398,#1399,#1400,#1401,#1402),(#1403,#1404,#1405,
#1406,#1407),(#1408,#1409,#1410,#1411,#1412),(#1413,#1414,#1415,#1416,#1417),
(#1418,#1419,#1420,#1421,#1422),(#1423,#1424,#1425,#1426,#1427),(#1428,
#1429,#1430,#1431,#1432),(#1433,#1434,#1435,#1436,#1437),(#1438,#1439,#1440,
#1441,#1442),(#1443,#1444,#1445,#1446,#1447),(#1448,#1449,#1450,#1451,#1452),
(#1453,#1454,#1455,#1456,#1457),(#1458,#1459,#1460,#1461,#1462),(#1463,
#1464,#1465,#1466,#1467),(#1468,#1469,#1470,#1471,#1472)),.UNSPECIFIED.,
 .F.,.F.,.F.,(4,1,1,1,1,1,1,1,1,1,1,1,1,1,1,1,4),(4,1,4),(0.0567358987671153,
0.0625,0.125,0.1875,0.25,0.3125,0.375,0.4375,0.5,0.5625,0.625,0.6875,0.75,
0.8125,0.875,0.9375,1.),(0.,0.500351934048242,1.),.UNSPECIFIED.);
#1000=B_SPLINE_SURFACE_WITH_KNOTS('',3,3,((#1677,#1678,#1679,#1680,#1681),
(#1682,#1683,#1684,#1685,#1686),(#1687,#1688,#1689,#1690,#1691),(#1692,
#1693,#1694,#1695,#1696),(#1697,#1698,#1699,#1700,#1701),(#1702,#1703,#1704,
#1705,#1706),(#1707,#1708,#1709,#1710,#1711),(#1712,#1713,#1714,#1715,#1716),
(#1717,#1718,#1719,#1720,#1721),(#1722,#1723,#1724,#1725,#1726),(#1727,
#1728,#1729,#1730,#1731),(#1732,#1733,#1734,#1735,#1736),(#1737,#1738,#1739,
#1740,#1741),(#1742,#1743,#1744,#1745,#1746),(#1747,#1748,#1749,#1750,#1751),
(#1752,#1753,#1754,#1755,#1756),(#1757,#1758,#1759,#1760,#1761),(#1762,
#1763,#1764,#1765,#1766),(#1767,#1768,#1769,#1770,#1771)),.UNSPECIFIED.,
 .F.,.F.,.F.,(4,1,1,1,1,1,1,1,1,1,1,1,1,1,1,1,4),(4,1,4),(0.,0.0625,0.125,
0.1875,0.25,0.3125,0.375,0.4375,0.5,0.5625,0.625,0.6875,0.75,0.8125,0.875,
0.9375,1.),(0.,0.500351934048242,1.),.UNSPECIFIED.);
#1001=ADVANCED_FACE('',(#922,#923,#924,#925),#999,.T.);
#1002=ADVANCED_FACE('',(#926,#927,#928,#929,#930),#1000,.T.);
#1003=ADVANCED_FACE('',(#931),#188,.T.);
#1004=ADVANCED_FACE('',(#932),#189,.T.);
#1005=ADVANCED_FACE('',(#933),#190,.F.);
#1006=ADVANCED_FACE('',(#934),#191,.T.);
#1007=ADVANCED_FACE('',(#935),#192,.T.);
#1008=ADVANCED_FACE('',(#936),#193,.F.);
#1009=ADVANCED_FACE('',(#937,#938),#24,.F.);
#1010=ADVANCED_FACE('',(#939),#194,.F.);
#1011=ADVANCED_FACE('',(#940),#195,.T.);
#1012=ADVANCED_FACE('',(#941),#196,.T.);
#1013=ADVANCED_FACE('',(#942),#197,.T.);
#1014=ADVANCED_FACE('',(#943),#198,.T.);
#1015=ADVANCED_FACE('',(#944),#199,.T.);
#1016=ADVANCED_FACE('',(#945),#200,.F.);
#1017=ADVANCED_FACE('',(#946),#201,.T.);
#1018=ADVANCED_FACE('',(#947),#25,.F.);
#1019=ADVANCED_FACE('',(#948),#202,.F.);
#1020=ADVANCED_FACE('',(#949),#203,.T.);
#1021=ADVANCED_FACE('',(#950),#204,.T.);
#1022=ADVANCED_FACE('',(#951),#205,.T.);
#1023=ADVANCED_FACE('',(#952),#206,.T.);
#1024=ADVANCED_FACE('',(#953),#207,.T.);
#1025=ADVANCED_FACE('',(#954),#208,.F.);
#1026=ADVANCED_FACE('',(#955),#209,.T.);
#1027=ADVANCED_FACE('',(#956),#210,.T.);
#1028=ADVANCED_FACE('',(#957),#211,.T.);
#1029=ADVANCED_FACE('',(#958),#212,.T.);
#1030=ADVANCED_FACE('',(#959),#213,.T.);
#1031=ADVANCED_FACE('',(#960),#214,.T.);
#1032=ADVANCED_FACE('',(#961),#215,.T.);
#1033=ADVANCED_FACE('',(#962),#216,.T.);
#1034=ADVANCED_FACE('',(#963),#217,.T.);
#1035=ADVANCED_FACE('',(#964),#218,.T.);
#1036=ADVANCED_FACE('',(#965),#219,.T.);
#1037=ADVANCED_FACE('',(#966),#220,.T.);
#1038=ADVANCED_FACE('',(#967),#221,.T.);
#1039=ADVANCED_FACE('',(#968),#222,.T.);
#1040=ADVANCED_FACE('',(#969),#223,.T.);
#1041=ADVANCED_FACE('',(#970),#224,.T.);
#1042=ADVANCED_FACE('',(#971),#225,.T.);
#1043=ADVANCED_FACE('',(#972),#226,.T.);
#1044=ADVANCED_FACE('',(#973),#227,.T.);
#1045=ADVANCED_FACE('',(#974),#228,.T.);
#1046=ADVANCED_FACE('',(#975),#229,.T.);
#1047=ADVANCED_FACE('',(#976),#230,.T.);
#1048=ADVANCED_FACE('',(#977),#231,.T.);
#1049=ADVANCED_FACE('',(#978),#232,.T.);
#1050=ADVANCED_FACE('',(#979),#233,.T.);
#1051=ADVANCED_FACE('',(#980),#234,.T.);
#1052=ADVANCED_FACE('',(#981,#982),#235,.T.);
#1053=ADVANCED_FACE('',(#983,#984),#26,.F.);
#1054=ADVANCED_FACE('',(#985),#236,.T.);
#1055=ADVANCED_FACE('',(#986,#987),#237,.T.);
#1056=ADVANCED_FACE('',(#988,#989),#27,.F.);
#1057=ADVANCED_FACE('',(#990),#238,.T.);
#1058=ADVANCED_FACE('',(#991,#992),#239,.T.);
#1059=ADVANCED_FACE('',(#993,#994),#28,.F.);
#1060=ADVANCED_FACE('',(#995),#240,.T.);
#1061=ADVANCED_FACE('',(#996),#241,.T.);
#1062=ADVANCED_FACE('',(#997),#242,.T.);
#1063=ADVANCED_FACE('',(#998),#29,.F.);
#1064=CLOSED_SHELL('',(#1001,#1002,#1003,#1004,#1005,#1006,#1007,#1008,
#1009,#1010,#1011,#1012,#1013,#1014,#1015,#1016,#1017,#1018,#1019,#1020,
#1021,#1022,#1023,#1024,#1025,#1026,#1027,#1028,#1029,#1030,#1031,#1032,
#1033,#1034,#1035,#1036,#1037,#1038,#1039,#1040,#1041,#1042,#1043,#1044,
#1045,#1046,#1047,#1048,#1049,#1050,#1051,#1052,#1053,#1054,#1055,#1056,
#1057,#1058,#1059,#1060,#1061,#1062,#1063));
#1065=STYLED_ITEM('',(#1066),#1073);
#1066=PRESENTATION_STYLE_ASSIGNMENT((#1067));
#1067=SURFACE_STYLE_USAGE(.BOTH.,#1068);
#1068=SURFACE_SIDE_STYLE('',(#1069));
#1069=SURFACE_STYLE_FILL_AREA(#1070);
#1070=FILL_AREA_STYLE('',(#1071));
#1071=FILL_AREA_STYLE_COLOUR('',#1072);
#1072=DRAUGHTING_PRE_DEFINED_COLOUR('black');
#1073=MANIFOLD_SOLID_BREP('Shell1',#1064);
#1074=SHAPE_DEFINITION_REPRESENTATION(#2151,#1075);
#1075=SHAPE_REPRESENTATION('Shell1',(#1076),#2146);
#1076=AXIS2_PLACEMENT_3D('',#1377,#1150,#1151);
#1077=AXIS2_PLACEMENT_3D('',#1949,#1152,#1153);
#1078=AXIS2_PLACEMENT_3D('',#1952,#1156,#1157);
#1079=AXIS2_PLACEMENT_3D('',#1957,#1161,#1162);
#1080=AXIS2_PLACEMENT_3D('',#1960,#1165,#1166);
#1081=AXIS2_PLACEMENT_3D('',#1961,#1167,#1168);
#1082=AXIS2_PLACEMENT_3D('',#1963,#1170,#1171);
#1083=AXIS2_PLACEMENT_3D('',#1964,#1172,#1173);
#1084=AXIS2_PLACEMENT_3D('',#1965,#1174,#1175);
#1085=AXIS2_PLACEMENT_3D('',#1967,#1176,#1177);
#1086=AXIS2_PLACEMENT_3D('',#1968,#1178,#1179);
#1087=AXIS2_PLACEMENT_3D('',#1969,#1180,#1181);
#1088=AXIS2_PLACEMENT_3D('',#1970,#1182,#1183);
#1089=AXIS2_PLACEMENT_3D('',#1978,#1188,#1189);
#1090=AXIS2_PLACEMENT_3D('',#1984,#1193,#1194);
#1091=AXIS2_PLACEMENT_3D('',#1987,#1197,#1198);
#1092=AXIS2_PLACEMENT_3D('',#1989,#1200,#1201);
#1093=AXIS2_PLACEMENT_3D('',#1990,#1202,#1203);
#1094=AXIS2_PLACEMENT_3D('',#1991,#1204,#1205);
#1095=AXIS2_PLACEMENT_3D('',#1992,#1206,#1207);
#1096=AXIS2_PLACEMENT_3D('',#1993,#1208,#1209);
#1097=AXIS2_PLACEMENT_3D('',#1994,#1210,#1211);
#1098=AXIS2_PLACEMENT_3D('',#1995,#1212,#1213);
#1099=AXIS2_PLACEMENT_3D('',#1996,#1214,#1215);
#1100=AXIS2_PLACEMENT_3D('',#2005,#1220,#1221);
#1101=AXIS2_PLACEMENT_3D('',#2011,#1225,#1226);
#1102=AXIS2_PLACEMENT_3D('',#2014,#1229,#1230);
#1103=AXIS2_PLACEMENT_3D('',#2017,#1233,#1234);
#1104=AXIS2_PLACEMENT_3D('',#2018,#1235,#1236);
#1105=AXIS2_PLACEMENT_3D('',#2019,#1237,#1238);
#1106=AXIS2_PLACEMENT_3D('',#2025,#1242,#1243);
#1107=AXIS2_PLACEMENT_3D('',#2029,#1246,#1247);
#1108=AXIS2_PLACEMENT_3D('',#2033,#1250,#1251);
#1109=AXIS2_PLACEMENT_3D('',#2037,#1254,#1255);
#1110=AXIS2_PLACEMENT_3D('',#2041,#1258,#1259);
#1111=AXIS2_PLACEMENT_3D('',#2043,#1261,#1262);
#1112=AXIS2_PLACEMENT_3D('',#2044,#1263,#1264);
#1113=AXIS2_PLACEMENT_3D('',#2050,#1268,#1269);
#1114=AXIS2_PLACEMENT_3D('',#2051,#1270,#1271);
#1115=AXIS2_PLACEMENT_3D('',#2056,#1274,#1275);
#1116=AXIS2_PLACEMENT_3D('',#2057,#1276,#1277);
#1117=AXIS2_PLACEMENT_3D('',#2061,#1280,#1281);
#1118=AXIS2_PLACEMENT_3D('',#2065,#1284,#1285);
#1119=AXIS2_PLACEMENT_3D('',#2069,#1288,#1289);
#1120=AXIS2_PLACEMENT_3D('',#2071,#1291,#1292);
#1121=AXIS2_PLACEMENT_3D('',#2077,#1296,#1297);
#1122=AXIS2_PLACEMENT_3D('',#2081,#1300,#1301);
#1123=AXIS2_PLACEMENT_3D('',#2085,#1304,#1305);
#1124=AXIS2_PLACEMENT_3D('',#2089,#1308,#1309);
#1125=AXIS2_PLACEMENT_3D('',#2093,#1312,#1313);
#1126=AXIS2_PLACEMENT_3D('',#2095,#1315,#1316);
#1127=AXIS2_PLACEMENT_3D('',#2101,#1320,#1321);
#1128=AXIS2_PLACEMENT_3D('',#2105,#1324,#1325);
#1129=AXIS2_PLACEMENT_3D('',#2109,#1328,#1329);
#1130=AXIS2_PLACEMENT_3D('',#2113,#1332,#1333);
#1131=AXIS2_PLACEMENT_3D('',#2117,#1336,#1337);
#1132=AXIS2_PLACEMENT_3D('',#2119,#1339,#1340);
#1133=AXIS2_PLACEMENT_3D('',#2120,#1341,#1342);
#1134=AXIS2_PLACEMENT_3D('',#2122,#1343,#1344);
#1135=AXIS2_PLACEMENT_3D('',#2123,#1345,#1346);
#1136=AXIS2_PLACEMENT_3D('',#2125,#1347,#1348);
#1137=AXIS2_PLACEMENT_3D('',#2126,#1349,#1350);
#1138=AXIS2_PLACEMENT_3D('',#2127,#1351,#1352);
#1139=AXIS2_PLACEMENT_3D('',#2129,#1353,#1354);
#1140=AXIS2_PLACEMENT_3D('',#2130,#1355,#1356);
#1141=AXIS2_PLACEMENT_3D('',#2132,#1357,#1358);
#1142=AXIS2_PLACEMENT_3D('',#2133,#1359,#1360);
#1143=AXIS2_PLACEMENT_3D('',#2134,#1361,#1362);
#1144=AXIS2_PLACEMENT_3D('',#2136,#1363,#1364);
#1145=AXIS2_PLACEMENT_3D('',#2137,#1365,#1366);
#1146=AXIS2_PLACEMENT_3D('',#2139,#1367,#1368);
#1147=AXIS2_PLACEMENT_3D('',#2140,#1369,#1370);
#1148=AXIS2_PLACEMENT_3D('',#2142,#1372,#1373);
#1149=AXIS2_PLACEMENT_3D('',#2144,#1375,#1376);
#1150=DIRECTION('',(0.,0.,1.));
#1151=DIRECTION('',(1.,0.,0.));
#1152=DIRECTION('',(0.,-1.,0.));
#1153=DIRECTION('',(1.,0.,0.));
#1154=DIRECTION('',(1.18468055752658E-15,0.,1.));
#1155=DIRECTION('',(1.19861442704538E-14,0.,1.));
#1156=DIRECTION('',(0.991444861373814,-0.130526192220021,9.11459528732912E-16));
#1157=DIRECTION('',(-0.130526192220021,-0.991444861373814,6.92322246395718E-15));
#1158=DIRECTION('',(-9.19324477076749E-16,0.,1.));
#1159=DIRECTION('',(-0.00450471111157138,-0.034216677952374,0.999404285826164));
#1160=DIRECTION('',(-0.130526192220021,-0.991444861373814,1.59848483507142E-17));
#1161=DIRECTION('',(0.,-1.,0.));
#1162=DIRECTION('',(1.,0.,0.));
#1163=DIRECTION('',(1.,0.,-1.22464679914736E-16));
#1164=DIRECTION('',(-1.,0.,-1.22464679914736E-16));
#1165=DIRECTION('',(-1.22464679914736E-16,0.,-1.));
#1166=DIRECTION('',(1.,0.,-1.22464679914736E-16));
#1167=DIRECTION('',(1.22464679914736E-16,-4.08215599715785E-18,-1.));
#1168=DIRECTION('',(1.,0.,1.22464679914736E-16));
#1169=DIRECTION('',(0.130526192220077,-0.991444861373807,2.00320809374295E-17));
#1170=DIRECTION('',(0.991444861373807,0.130526192220077,-1.18836011446265E-14));
#1171=DIRECTION('',(0.130526192220077,-0.991444861373807,5.49735224665548E-15));
#1172=DIRECTION('',(2.4980018054066E-16,1.,4.74003708345394E-17));
#1173=DIRECTION('',(0.999254170256162,-2.4980018054066E-16,0.0386148057831345));
#1174=DIRECTION('',(-2.4980018054066E-16,-1.,-4.74003708345394E-17));
#1175=DIRECTION('',(-0.999254170256162,2.4980018054066E-16,-0.0386148057831345));
#1176=DIRECTION('',(-2.4980018054066E-16,-1.,-4.74003708345394E-17));
#1177=DIRECTION('',(-0.999254170256162,2.4980018054066E-16,-0.0386148057831345));
#1178=DIRECTION('',(-2.4980018054066E-16,-1.,-4.74003708345394E-17));
#1179=DIRECTION('',(-0.999254170256162,2.4980018054066E-16,-0.0386148057831345));
#1180=DIRECTION('',(-2.4980018054066E-16,-1.,-4.74003708345394E-17));
#1181=DIRECTION('',(-0.999254170256162,2.4980018054066E-16,-0.0386148057831345));
#1182=DIRECTION('',(0.83703037931454,-1.09604051822023E-16,-0.547156416488519));
#1183=DIRECTION('',(-0.547156416488519,2.2755962126885E-16,-0.83703037931454));
#1184=DIRECTION('',(0.547156416488519,-2.2755962126885E-16,0.837030379314539));
#1185=DIRECTION('',(-1.94289029309402E-16,-1.,-1.2940357381864E-16));
#1186=DIRECTION('',(0.547156416488519,-2.2755962126885E-16,0.837030379314539));
#1187=DIRECTION('',(-1.94289029309402E-16,-1.,-1.2940357381864E-16));
#1188=DIRECTION('',(-0.0553361668654461,1.42270386983378E-16,-0.998467780469976));
#1189=DIRECTION('',(-0.998467780469976,2.08699703870003E-16,0.0553361668654461));
#1190=DIRECTION('',(0.998467780469976,-2.08699703870003E-16,-0.0553361668654462));
#1191=DIRECTION('',(0.998467780469976,-2.08699703870003E-16,-0.0553361668654462));
#1192=DIRECTION('',(-1.94289029309402E-16,-1.,-1.2940357381864E-16));
#1193=DIRECTION('',(-0.892366546179986,2.51874438805401E-16,-0.451311363981456));
#1194=DIRECTION('',(-0.451311363981456,-1.88599173988472E-17,0.892366546179987));
#1195=DIRECTION('',(0.451311363981456,1.88599173988472E-17,-0.892366546179986));
#1196=DIRECTION('',(0.451311363981456,1.88599173988472E-17,-0.892366546179986));
#1197=DIRECTION('',(0.892366546179986,-2.51874438805401E-16,0.451311363981456));
#1198=DIRECTION('',(0.451311363981456,1.88599173988472E-17,-0.892366546179987));
#1199=DIRECTION('',(-0.451311363981456,-1.88599173988472E-17,0.892366546179986));
#1200=DIRECTION('',(1.94289029309402E-16,1.,1.2940357381864E-16));
#1201=DIRECTION('',(-0.369831504408406,2.0122792321331E-16,-0.929098842076028));
#1202=DIRECTION('',(1.94289029309402E-16,1.,1.2940357381864E-16));
#1203=DIRECTION('',(-0.369831504408406,2.0122792321331E-16,-0.929098842076028));
#1204=DIRECTION('',(2.4980018054066E-16,1.,4.74003708345394E-17));
#1205=DIRECTION('',(0.999254170256162,-2.4980018054066E-16,0.0386148057831345));
#1206=DIRECTION('',(-2.4980018054066E-16,-1.,-4.74003708345394E-17));
#1207=DIRECTION('',(-0.999254170256162,2.4980018054066E-16,-0.0386148057831345));
#1208=DIRECTION('',(-2.4980018054066E-16,-1.,-4.74003708345394E-17));
#1209=DIRECTION('',(-0.999254170256162,2.4980018054066E-16,-0.0386148057831345));
#1210=DIRECTION('',(-2.4980018054066E-16,-1.,-4.74003708345394E-17));
#1211=DIRECTION('',(-0.999254170256162,2.4980018054066E-16,-0.0386148057831345));
#1212=DIRECTION('',(-2.4980018054066E-16,-1.,-4.74003708345394E-17));
#1213=DIRECTION('',(-0.999254170256162,2.4980018054066E-16,-0.0386148057831345));
#1214=DIRECTION('',(0.837030379314539,-2.05003417507558E-16,-0.547156416488521));
#1215=DIRECTION('',(-0.547156416488521,1.76109318183643E-16,-0.837030379314539));
#1216=DIRECTION('',(0.547156416488521,-1.76109318183643E-16,0.837030379314539));
#1217=DIRECTION('',(-2.4980018054066E-16,-1.,-3.22590591639392E-17));
#1218=DIRECTION('',(0.547156416488521,-1.76109318183643E-16,0.837030379314539));
#1219=DIRECTION('',(-2.4980018054066E-16,-1.,-3.22590591639392E-17));
#1220=DIRECTION('',(-0.0553361668654477,5.00134346364126E-17,-0.998467780469976));
#1221=DIRECTION('',(-0.998467780469976,2.65592826515995E-16,0.0553361668654478));
#1222=DIRECTION('',(0.998467780469976,-2.65592826515995E-16,-0.0553361668654478));
#1223=DIRECTION('',(0.998467780469976,-2.65592826515995E-16,-0.0553361668654478));
#1224=DIRECTION('',(-2.4980018054066E-16,-1.,-3.22590591639392E-17));
#1225=DIRECTION('',(-0.892366546179987,2.55016852143971E-16,-0.451311363981455));
#1226=DIRECTION('',(-0.451311363981455,8.94835083323513E-17,0.892366546179987));
#1227=DIRECTION('',(0.451311363981455,-8.94835083323512E-17,-0.892366546179987));
#1228=DIRECTION('',(0.451311363981455,-8.94835083323512E-17,-0.892366546179987));
#1229=DIRECTION('',(0.892366546179987,-2.55016852143971E-16,0.451311363981454));
#1230=DIRECTION('',(0.451311363981455,-8.94835083323512E-17,-0.892366546179987));
#1231=DIRECTION('',(-0.451311363981454,8.94835083323512E-17,0.892366546179987));
#1232=DIRECTION('',(-0.451311363981454,8.94835083323512E-17,0.892366546179987));
#1233=DIRECTION('',(2.4980018054066E-16,1.,3.22590591639392E-17));
#1234=DIRECTION('',(-0.369831504408407,1.31838984174237E-16,-0.929098842076027));
#1235=DIRECTION('',(2.4980018054066E-16,1.,3.22590591639392E-17));
#1236=DIRECTION('',(-0.369831504408407,1.31838984174237E-16,-0.929098842076027));
#1237=DIRECTION('',(-0.721920635052456,-0.69058371302377,0.0438717675933165));
#1238=DIRECTION('',(0.69124926822228,-0.722616391443041,0.));
#1239=DIRECTION('',(-0.266770130989128,0.219254668588163,-0.938488725299531));
#1240=DIRECTION('',(-0.638485938684246,0.689218053745401,0.342511577167691));
#1241=DIRECTION('',(-0.266770130989128,0.219254668588163,-0.938488725299531));
#1242=DIRECTION('',(0.191984725333482,-0.942172199802271,-0.274687843120837));
#1243=DIRECTION('',(0.,0.279894464064323,-0.960030775020335));
#1244=DIRECTION('',(-0.266770130989128,0.219254668588163,-0.938488725299531));
#1245=DIRECTION('',(-0.944444578813744,-0.253454012045667,0.209249853828586));
#1246=DIRECTION('',(0.913905360385939,-0.251588486778497,-0.318559610714153));
#1247=DIRECTION('',(0.329146849345208,0.,0.944278746751256));
#1248=DIRECTION('',(-0.266770130989128,0.219254668588163,-0.938488725299531));
#1249=DIRECTION('',(-0.305958640129496,-0.942672065791068,-0.13326172333911));
#1250=DIRECTION('',(0.721920635052452,0.690583713023774,-0.0438717675933145));
#1251=DIRECTION('',(-0.691249268222284,0.722616391443037,0.));
#1252=DIRECTION('',(-0.266770130989128,0.219254668588163,-0.938488725299531));
#1253=DIRECTION('',(0.63848593868425,-0.689218053745397,-0.342511577167691));
#1254=DIRECTION('',(-0.191984725333483,0.94217219980227,0.274687843120837));
#1255=DIRECTION('',(0.,-0.279894464064324,0.960030775020335));
#1256=DIRECTION('',(-0.266770130989128,0.219254668588163,-0.938488725299531));
#1257=DIRECTION('',(0.944444578813744,0.253454012045668,-0.209249853828584));
#1258=DIRECTION('',(-0.913905360385938,0.251588486778499,0.318559610714153));
#1259=DIRECTION('',(-0.329146849345208,0.,-0.944278746751256));
#1260=DIRECTION('',(0.305958640129498,0.942672065791068,0.133261723339108));
#1261=DIRECTION('',(0.266770130989129,-0.21925466858816,0.938488725299531));
#1262=DIRECTION('',(-0.961893849783327,0.,0.27342315510763));
#1263=DIRECTION('',(0.630485004678261,0.698638570294132,-0.338220057023862));
#1264=DIRECTION('',(-0.742389790529909,0.669968207392678,0.));
#1265=DIRECTION('',(0.532605900543416,-0.70636319327739,-0.466242419658813));
#1266=DIRECTION('',(-0.564641136990746,0.113820856086751,-0.817450426103918));
#1267=DIRECTION('',(-0.564641136990746,0.113820856086751,-0.817450426103918));
#1268=DIRECTION('',(-0.146007737736943,0.961047754823596,0.234667751234519));
#1269=DIRECTION('',(0.,-0.237209822629543,0.971458439691612));
#1270=DIRECTION('',(-0.146007737736943,0.961047754823596,0.234667751234519));
#1271=DIRECTION('',(0.0255614479647458,-0.233465703791789,0.972029000354902));
#1272=DIRECTION('',(-0.564641136990746,0.113820856086751,-0.817450426103918));
#1273=DIRECTION('',(0.812318981028224,0.251857153299678,-0.526028371281484));
#1274=DIRECTION('',(-0.776492742415206,0.262409184529464,0.572887808258383));
#1275=DIRECTION('',(-0.593692765963099,0.,-0.804691804135649));
#1276=DIRECTION('',(-0.776492742415206,0.262409184529464,0.572887808258383));
#1277=DIRECTION('',(0.529115130789048,-0.222199824666418,0.818941033462301));
#1278=DIRECTION('',(-0.564641136990746,0.113820856086751,-0.817450426103918));
#1279=DIRECTION('',(0.279713080484806,0.958220346577066,-0.0597859516226695));
#1280=DIRECTION('',(-0.630485004678262,-0.698638570294131,0.338220057023863));
#1281=DIRECTION('',(0.742389790529908,-0.669968207392679,0.));
#1282=DIRECTION('',(-0.532605900543416,0.706363193277391,0.466242419658813));
#1283=DIRECTION('',(-0.564641136990746,0.113820856086751,-0.817450426103918));
#1284=DIRECTION('',(0.146007737736943,-0.961047754823596,-0.23466775123452));
#1285=DIRECTION('',(0.,0.237209822629543,-0.971458439691612));
#1286=DIRECTION('',(-0.812318981028223,-0.251857153299679,0.526028371281485));
#1287=DIRECTION('',(-0.564641136990746,0.113820856086751,-0.817450426103918));
#1288=DIRECTION('',(0.776492742415207,-0.262409184529463,-0.572887808258383));
#1289=DIRECTION('',(0.593692765963099,0.,0.804691804135649));
#1290=DIRECTION('',(-0.279713080484807,-0.958220346577065,0.0597859516226691));
#1291=DIRECTION('',(-0.145923069913956,-0.947589491115894,0.284219306159185));
#1292=DIRECTION('',(0.,-0.287294523869068,-0.95784229211016));
#1293=DIRECTION('',(-0.812342518535827,0.278740682977634,0.512253125155945));
#1294=DIRECTION('',(-0.56462916170329,-0.156133878386084,-0.810441929921176));
#1295=DIRECTION('',(-0.56462916170329,-0.156133878386084,-0.810441929921176));
#1296=DIRECTION('',(0.630547722669278,-0.715191258084807,-0.301514566473426));
#1297=DIRECTION('',(0.750099721160986,0.661324737412877,0.));
#1298=DIRECTION('',(-0.532544344811607,-0.681266230176716,0.502267701957812));
#1299=DIRECTION('',(-0.56462916170329,-0.156133878386084,-0.810441929921176));
#1300=DIRECTION('',(0.776470792583232,0.232398233031091,-0.58573387263261));
#1301=DIRECTION('',(0.602222286375689,0.,0.798328452325506));
#1302=DIRECTION('',(0.279798173724219,-0.960006913154351,-0.00998542319813686));
#1303=DIRECTION('',(-0.56462916170329,-0.156133878386084,-0.810441929921176));
#1304=DIRECTION('',(0.145923069913953,0.947589491115895,-0.284219306159183));
#1305=DIRECTION('',(0.,0.287294523869066,0.957842292110161));
#1306=DIRECTION('',(0.812342518535827,-0.278740682977633,-0.512253125155944));
#1307=DIRECTION('',(-0.56462916170329,-0.156133878386084,-0.810441929921176));
#1308=DIRECTION('',(-0.630547722669278,0.715191258084807,0.301514566473426));
#1309=DIRECTION('',(-0.750099721160986,-0.661324737412877,0.));
#1310=DIRECTION('',(0.532544344811605,0.681266230176717,-0.502267701957813));
#1311=DIRECTION('',(-0.56462916170329,-0.156133878386084,-0.810441929921176));
#1312=DIRECTION('',(-0.776470792583232,-0.232398233031091,0.58573387263261));
#1313=DIRECTION('',(-0.602222286375688,0.,-0.798328452325506));
#1314=DIRECTION('',(-0.279798173724219,0.960006913154351,0.00998542319813686));
#1315=DIRECTION('',(0.91388378397597,0.234801008431875,-0.331187131128515));
#1316=DIRECTION('',(0.340712267561156,0.,0.940167618424149));
#1317=DIRECTION('',(0.30604191038458,-0.934460293077582,0.181995356395477));
#1318=DIRECTION('',(-0.266748530406299,-0.267679747274114,-0.925847057793752));
#1319=DIRECTION('',(-0.266748530406299,-0.267679747274114,-0.925847057793752));
#1320=DIRECTION('',(0.191901822972227,0.926666856848974,-0.323206167573546));
#1321=DIRECTION('',(0.,0.329326997036623,0.944215933472233));
#1322=DIRECTION('',(0.94446752822213,-0.263886508402578,-0.195818790766045));
#1323=DIRECTION('',(-0.266748530406299,-0.267679747274114,-0.925847057793752));
#1324=DIRECTION('',(-0.721981961003744,0.691865848417107,0.0079809635549664));
#1325=DIRECTION('',(-0.691887883936971,-0.722004955704059,0.));
#1326=DIRECTION('',(0.638425617837549,0.670573784675003,-0.37781414716152));
#1327=DIRECTION('',(-0.266748530406299,-0.267679747274114,-0.925847057793752));
#1328=DIRECTION('',(-0.91388378397597,-0.234801008431876,0.331187131128515));
#1329=DIRECTION('',(-0.340712267561156,0.,-0.940167618424149));
#1330=DIRECTION('',(-0.306041910384582,0.934460293077581,-0.181995356395478));
#1331=DIRECTION('',(-0.266748530406299,-0.267679747274114,-0.925847057793752));
#1332=DIRECTION('',(-0.191901822972226,-0.926666856848974,0.323206167573546));
#1333=DIRECTION('',(0.,-0.329326997036623,-0.944215933472233));
#1334=DIRECTION('',(-0.94446752822213,0.263886508402581,0.195818790766043));
#1335=DIRECTION('',(-0.266748530406299,-0.267679747274114,-0.925847057793752));
#1336=DIRECTION('',(0.721981961003741,-0.69186584841711,-0.0079809635549649));
#1337=DIRECTION('',(0.691887883936973,0.722004955704057,0.));
#1338=DIRECTION('',(-0.638425617837548,-0.670573784675002,0.377814147161523));
#1339=DIRECTION('',(0.266748530406299,0.267679747274112,0.925847057793752));
#1340=DIRECTION('',(0.,-0.960655282426614,0.277743457791255));
#1341=DIRECTION('',(0.266748530406299,0.267679747274114,0.925847057793752));
#1342=DIRECTION('',(0.,-0.960655282426613,0.277743457791257));
#1343=DIRECTION('',(-0.266748530406299,-0.267679747274114,-0.925847057793752));
#1344=DIRECTION('',(0.,0.960655282426613,-0.277743457791257));
#1345=DIRECTION('',(0.266748530406299,0.267679747274115,0.925847057793752));
#1346=DIRECTION('',(0.,-0.960655282426613,0.277743457791258));
#1347=DIRECTION('',(0.266748530406299,0.267679747274115,0.925847057793752));
#1348=DIRECTION('',(0.,-0.960655282426613,0.277743457791258));
#1349=DIRECTION('',(0.564629161703288,0.156133878386081,0.810441929921177));
#1350=DIRECTION('',(-0.820504679756242,0.,0.57163980835672));
#1351=DIRECTION('',(0.56462916170329,0.156133878386084,0.810441929921176));
#1352=DIRECTION('',(-0.82050467975624,0.,0.571639808356722));
#1353=DIRECTION('',(-0.56462916170329,-0.156133878386084,-0.810441929921176));
#1354=DIRECTION('',(0.82050467975624,0.,-0.571639808356722));
#1355=DIRECTION('',(0.56462916170329,0.156133878386083,0.810441929921175));
#1356=DIRECTION('',(-0.82050467975624,0.,0.571639808356722));
#1357=DIRECTION('',(0.56462916170329,0.156133878386083,0.810441929921175));
#1358=DIRECTION('',(-0.82050467975624,0.,0.571639808356722));
#1359=DIRECTION('',(0.564641136990747,-0.11382085608675,0.817450426103917));
#1360=DIRECTION('',(-0.822797548975427,0.,0.56833457874744));
#1361=DIRECTION('',(0.564641136990746,-0.113820856086751,0.817450426103917));
#1362=DIRECTION('',(-0.822797548975427,0.,0.568334578747439));
#1363=DIRECTION('',(-0.564641136990746,0.113820856086751,-0.817450426103917));
#1364=DIRECTION('',(0.822797548975427,0.,-0.568334578747439));
#1365=DIRECTION('',(0.564641136990746,-0.113820856086752,0.817450426103917));
#1366=DIRECTION('',(-0.822797548975427,0.,0.568334578747439));
#1367=DIRECTION('',(0.564641136990746,-0.113820856086752,0.817450426103917));
#1368=DIRECTION('',(-0.822797548975427,0.,0.568334578747439));
#1369=DIRECTION('',(0.991444861373814,-0.130526192220021,-1.17454545112919E-15));
#1370=DIRECTION('',(-0.130526192220021,-0.991444861373814,6.4155219383384E-14));
#1371=DIRECTION('',(-0.00450471111157138,-0.034216677952374,0.999404285826164));
#1372=DIRECTION('',(-0.130448435917259,-0.990854243617317,-0.0345119323176088));
#1373=DIRECTION('',(0.00450471111157138,0.0342166779523741,-0.999404285826164));
#1374=DIRECTION('',(-0.00450471111157138,-0.034216677952374,0.999404285826164));
#1375=DIRECTION('',(-0.00450471111157138,-0.0342166779523741,0.999404285826164));
#1376=DIRECTION('',(-0.130448435917259,-0.990854243617317,-0.0345119323176088));
#1377=CARTESIAN_POINT('',(0.,0.,0.));
#1378=CARTESIAN_POINT('',(0.0546208118688203,0.,0.00984011241574937));
#1379=CARTESIAN_POINT('',(0.0616714638825524,-0.0199708351989022,0.0111107212725744));
#1380=CARTESIAN_POINT('',(0.0688930892411926,-0.0599728553543798,0.0124109263990156));
#1381=CARTESIAN_POINT('',(0.0623276746132769,-0.0999708351989022,0.0112289212470184));
#1382=CARTESIAN_POINT('',(0.0556049712293565,-0.12,0.0100174123782355));
#1383=CARTESIAN_POINT('',(0.0545614337418439,0.,0.0101698119434302));
#1384=CARTESIAN_POINT('',(0.0616052422624167,-0.0199708351953915,0.0114829931443721));
#1385=CARTESIAN_POINT('',(0.0688173941727286,-0.0599728553578905,0.0128267624208068));
#1386=CARTESIAN_POINT('',(0.0622607014693474,-0.0999708351953915,0.011605153476725));
#1387=CARTESIAN_POINT('',(0.055544523268647,-0.12,0.0103530524424791));
#1388=CARTESIAN_POINT('',(0.0538228043746926,0.,0.0140680534718987));
#1389=CARTESIAN_POINT('',(0.0607802904189443,-0.0199708351572424,0.015884593130705));
#1390=CARTESIAN_POINT('',(0.0678769581205906,-0.0599728553960397,0.0177434474616205));
#1391=CARTESIAN_POINT('',(0.0614264566298592,-0.0999708351572425,0.0160535791802549));
#1392=CARTESIAN_POINT('',(0.0547925857969397,-0.12,0.014321532543439));
#1393=CARTESIAN_POINT('',(0.0516058841645924,0.,0.0213759084116572));
#1394=CARTESIAN_POINT('',(0.0582661839414425,-0.0199708351698329,0.0241360522183123));
#1395=CARTESIAN_POINT('',(0.0650915722389481,-0.0599728553834499,0.0269604885494275));
#1396=CARTESIAN_POINT('',(0.0588862305909263,-0.0999708351698327,0.0243928190563492));
#1397=CARTESIAN_POINT('',(0.0525357228058356,-0.12,0.0217610586699231));
#1398=CARTESIAN_POINT('',(0.0464441590759705,0.,0.0310329783002357));
#1399=CARTESIAN_POINT('',(0.0524421352204153,-0.0199708352774234,0.0350400966023841));
#1400=CARTESIAN_POINT('',(0.0585771587704008,-0.0599728552758584,0.0391405542400829));
#1401=CARTESIAN_POINT('',(0.0529999812340786,-0.0999708352774235,0.0354128642991492));
#1402=CARTESIAN_POINT('',(0.0472809900818416,-0.12,0.031592129845059));
#1403=CARTESIAN_POINT('',(0.0394974668844866,0.,0.0394974870980994));
#1404=CARTESIAN_POINT('',(0.044597339905762,-0.0199708352165828,0.0445975842284013));
#1405=CARTESIAN_POINT('',(0.0498167202528523,-0.0599728553366999,0.0498164797069009));
#1406=CARTESIAN_POINT('',(0.0450717960141951,-0.0999708352165826,0.0450720281504694));
#1407=CARTESIAN_POINT('',(0.0402091344386144,-0.12,0.0402091529812886));
#1408=CARTESIAN_POINT('',(0.0310329881314747,0.,0.0464441273213007));
#1409=CARTESIAN_POINT('',(0.0350401812193317,-0.0199708352469248,0.0524412106371056));
#1410=CARTESIAN_POINT('',(0.0391405239266854,-0.0599728553063569,0.058577986111987));
#1411=CARTESIAN_POINT('',(0.0354129470116661,-0.0999708352469249,0.0529990977373936));
#1412=CARTESIAN_POINT('',(0.0315921412686875,-0.12,0.0472809579717094));
#1413=CARTESIAN_POINT('',(0.0213758836900515,0.,0.0516059511573662));
#1414=CARTESIAN_POINT('',(0.0241360274251811,-0.0199708352327811,0.0582695551563672));
#1415=CARTESIAN_POINT('',(0.0269605151609919,-0.0599728553205016,0.0650883768219473));
#1416=CARTESIAN_POINT('',(0.0243927960397479,-0.099970835232781,0.0588894463757879));
#1417=CARTESIAN_POINT('',(0.0217610354255786,-0.12,0.0525357879865035));
#1418=CARTESIAN_POINT('',(0.0108973364377171,0.,0.0547845860137513));
#1419=CARTESIAN_POINT('',(0.0123044579648162,-0.0199708352390401,0.0618586318081158));
#1420=CARTESIAN_POINT('',(0.0137443433035175,-0.0599728553142413,0.069097455816647));
#1421=CARTESIAN_POINT('',(0.012435356804715,-0.0999708352390405,0.0625167048728608));
#1422=CARTESIAN_POINT('',(0.011093684994146,-0.12,0.0557716956108669));
#1423=CARTESIAN_POINT('',(5.55111512312578E-17,0.,0.0558578805258364));
#1424=CARTESIAN_POINT('',(7.2941817012808E-17,-0.019970835235938,0.0630705154489759));
#1425=CARTESIAN_POINT('',(6.02886103565536E-17,-0.0599728553173449,0.0704511568011286));
#1426=CARTESIAN_POINT('',(-4.76324817409693E-17,-0.0999708352359376,0.0637414810074847));
#1427=CARTESIAN_POINT('',(-1.23165366794353E-16,-0.12,0.0568643288636005));
#1428=CARTESIAN_POINT('',(-0.010897336437717,0.,0.0547845860137511));
#1429=CARTESIAN_POINT('',(-0.0123044579648162,-0.0199708352390401,0.0618586318081158));
#1430=CARTESIAN_POINT('',(-0.0137443433035176,-0.0599728553142415,0.0690974558166471));
#1431=CARTESIAN_POINT('',(-0.012435356804715,-0.0999708352390403,0.0625167048728607));
#1432=CARTESIAN_POINT('',(-0.0110936849941459,-0.12,0.0557716956108667));
#1433=CARTESIAN_POINT('',(-0.0213758836900514,0.,0.0516059511573665));
#1434=CARTESIAN_POINT('',(-0.024136027425181,-0.0199708352327811,0.0582695551563673));
#1435=CARTESIAN_POINT('',(-0.0269605151609917,-0.0599728553205017,0.0650883768219471));
#1436=CARTESIAN_POINT('',(-0.0243927960397479,-0.0999708352327811,0.0588894463757879));
#1437=CARTESIAN_POINT('',(-0.0217610354255788,-0.12,0.0525357879865037));
#1438=CARTESIAN_POINT('',(-0.0310329881314746,0.,0.0464441273213005));
#1439=CARTESIAN_POINT('',(-0.0350401812193317,-0.0199708352469247,0.0524412106371056));
#1440=CARTESIAN_POINT('',(-0.0391405239266854,-0.0599728553063566,0.0585779861119873));
#1441=CARTESIAN_POINT('',(-0.0354129470116661,-0.099970835246925,0.0529990977373937));
#1442=CARTESIAN_POINT('',(-0.0315921412686873,-0.12,0.0472809579717092));
#1443=CARTESIAN_POINT('',(-0.0394974668844867,0.,0.0394974870980996));
#1444=CARTESIAN_POINT('',(-0.0445973399057619,-0.0199708352165829,0.0445975842284013));
#1445=CARTESIAN_POINT('',(-0.0498167202528522,-0.0599728553366999,0.0498164797069007));
#1446=CARTESIAN_POINT('',(-0.0450717960141952,-0.0999708352165827,0.0450720281504694));
#1447=CARTESIAN_POINT('',(-0.0402091344386147,-0.12,0.0402091529812888));
#1448=CARTESIAN_POINT('',(-0.0464441590759702,0.,0.0310329783002356));
#1449=CARTESIAN_POINT('',(-0.0524421352204151,-0.0199708352774234,0.0350400966023842));
#1450=CARTESIAN_POINT('',(-0.0585771587704007,-0.0599728552758583,0.0391405542400832));
#1451=CARTESIAN_POINT('',(-0.0529999812340784,-0.0999708352774234,0.0354128642991493));
#1452=CARTESIAN_POINT('',(-0.0472809900818413,-0.12,0.0315921298450589));
#1453=CARTESIAN_POINT('',(-0.0516058841645925,0.,0.0213759084116574));
#1454=CARTESIAN_POINT('',(-0.0582661839414426,-0.0199708351698329,0.0241360522183123));
#1455=CARTESIAN_POINT('',(-0.0650915722389483,-0.05997285538345,0.0269604885494275));
#1456=CARTESIAN_POINT('',(-0.0588862305909264,-0.0999708351698327,0.0243928190563492));
#1457=CARTESIAN_POINT('',(-0.0525357228058357,-0.12,0.0217610586699232));
#1458=CARTESIAN_POINT('',(-0.0547846812157302,0.,0.0108973230179151));
#1459=CARTESIAN_POINT('',(-0.0618711103706926,-0.0199708351517797,0.0123044519217526));
#1460=CARTESIAN_POINT('',(-0.0690854807190578,-0.0599728554015021,0.0137443597520753));
#1461=CARTESIAN_POINT('',(-0.0625286093310336,-0.0999708351517799,0.0124353516625805));
#1462=CARTESIAN_POINT('',(-0.0557717930027957,-0.12,0.0110936726246393));
#1463=CARTESIAN_POINT('',(-0.0555,0.,0.00363246647672642));
#1464=CARTESIAN_POINT('',(-0.0626397588036466,-0.019970835289697,0.00410150944467226));
#1465=CARTESIAN_POINT('',(-0.0700258211541007,-0.0599728552635851,0.00458147303289985));
#1466=CARTESIAN_POINT('',(-0.0633076656391829,-0.099970835289697,0.00414514266913435));
#1467=CARTESIAN_POINT('',(-0.0565,-0.12,0.00369791632315392));
#1468=CARTESIAN_POINT('',(-0.0555,0.,6.79678973526781E-18));
#1469=CARTESIAN_POINT('',(-0.0626664236279888,-0.0199708353586557,7.67442351100285E-18));
#1470=CARTESIAN_POINT('',(-0.0699997772613024,-0.0599728551946264,8.57250031640816E-18));
#1471=CARTESIAN_POINT('',(-0.0633330902946555,-0.0999708353586556,7.75606663094601E-18));
#1472=CARTESIAN_POINT('',(-0.0565,-0.12,6.91925441518254E-18));
#1473=CARTESIAN_POINT('',(0.012393653802771,-0.100843343105818,0.0607187092210087));
#1474=CARTESIAN_POINT('',(0.013227693278491,-0.100637815613911,0.0605966817984418));
#1475=CARTESIAN_POINT('',(0.0140578295627489,-0.100428362018729,0.0604584599260243));
#1476=CARTESIAN_POINT('',(0.0148840974211317,-0.100215017289933,0.060304187847143));
#1477=CARTESIAN_POINT('',(0.0123936538027708,-0.100843343105817,0.0607187092210087));
#1478=CARTESIAN_POINT('',(0.0148840974211317,-0.100215017289933,0.0603041878471434));
#1479=CARTESIAN_POINT('',(0.0148840974211316,-0.100215017289933,0.0603041878471431));
#1480=CARTESIAN_POINT('',(0.0154423654387553,-0.100816275496364,0.0600262432021098));
#1481=CARTESIAN_POINT('',(0.0159974730802803,-0.101414933254906,0.0597372273423072));
#1482=CARTESIAN_POINT('',(0.0165494028588497,-0.102010976176872,0.0594370790089666));
#1483=CARTESIAN_POINT('',(0.0165494028588496,-0.102010976176872,0.0594370790089666));
#1484=CARTESIAN_POINT('',(0.0165494028588498,-0.102010976176872,0.0594370790089666));
#1485=CARTESIAN_POINT('',(0.0162815346972148,-0.102825166754018,0.0593116231376093));
#1486=CARTESIAN_POINT('',(0.0160118984313649,-0.103637707562261,0.0591797918730338));
#1487=CARTESIAN_POINT('',(0.0157405029008823,-0.104448606849568,0.0590416170888204));
#1488=CARTESIAN_POINT('',(0.0157405029008821,-0.104448606849568,0.0590416170888205));
#1489=CARTESIAN_POINT('',(0.0157405029008822,-0.104448606849568,0.0590416170888203));
#1490=CARTESIAN_POINT('',(0.0149170854484507,-0.104664095100301,0.0592052335971964));
#1491=CARTESIAN_POINT('',(0.0140895837411828,-0.104875713335983,0.059352721488134));
#1492=CARTESIAN_POINT('',(0.0132579631535137,-0.105083428747336,0.059483944026168));
#1493=CARTESIAN_POINT('',(0.0132579631535135,-0.105083428747335,0.0594839440261681));
#1494=CARTESIAN_POINT('',(0.0132579631535134,-0.105083428747335,0.0594839440261682));
#1495=CARTESIAN_POINT('',(0.012700385485916,-0.104482699106775,0.0597649284153296));
#1496=CARTESIAN_POINT('',(0.0121398176875125,-0.103879553778685,0.0600347347122118));
#1497=CARTESIAN_POINT('',(0.011576270928264,-0.10327400178713,0.060293404673803));
#1498=CARTESIAN_POINT('',(0.0115762709282641,-0.10327400178713,0.0602934046738029));
#1499=CARTESIAN_POINT('',(0.0115762709282643,-0.10327400178713,0.0602934046738029));
#1500=CARTESIAN_POINT('',(0.0118505073666972,-0.102465546462758,0.0604416598129412));
#1501=CARTESIAN_POINT('',(0.0121229701039666,-0.101655328670154,0.0605834344955268));
#1502=CARTESIAN_POINT('',(0.0123936538027711,-0.100843343105817,0.0607187092210088));
#1503=CARTESIAN_POINT('',(0.0328385498106954,-0.0328028625310145,0.0550720186086778));
#1504=CARTESIAN_POINT('',(0.033321384836414,-0.0322070065062155,0.0546683880459987));
#1505=CARTESIAN_POINT('',(0.0337975714276273,-0.0316128677997912,0.0542549272977258));
#1506=CARTESIAN_POINT('',(0.0342670822844207,-0.0310204534634235,0.0538315959989842));
#1507=CARTESIAN_POINT('',(0.0328385498106954,-0.0328028625310145,0.0550720186086778));
#1508=CARTESIAN_POINT('',(0.0342670822844209,-0.0310204534634234,0.0538315959989846));
#1509=CARTESIAN_POINT('',(0.0342670822844206,-0.0310204534634234,0.0538315959989842));
#1510=CARTESIAN_POINT('',(0.0349923495483735,-0.0312557686203896,0.0534194180024911));
#1511=CARTESIAN_POINT('',(0.0357083590577538,-0.0314937086078228,0.052993735709664));
#1512=CARTESIAN_POINT('',(0.0364151548541794,-0.0317342609387014,0.0525546133640577));
#1513=CARTESIAN_POINT('',(0.0364151548541794,-0.0317342609387014,0.0525546133640577));
#1514=CARTESIAN_POINT('',(0.0364151548541794,-0.0317342609387014,0.0525546133640577));
#1515=CARTESIAN_POINT('',(0.0366646922043395,-0.0325635931038828,0.0525563601202584));
#1516=CARTESIAN_POINT('',(0.0369103501938237,-0.0333940582351352,0.0525525147300513));
#1517=CARTESIAN_POINT('',(0.0371521124791327,-0.0342256611055723,0.0525430536340801));
#1518=CARTESIAN_POINT('',(0.0371521124791327,-0.0342256611055723,0.0525430536340801));
#1519=CARTESIAN_POINT('',(0.0371521124791328,-0.0342256611055724,0.0525430536340801));
#1520=CARTESIAN_POINT('',(0.0366935492149449,-0.0348149099001581,0.0529817706298739));
#1521=CARTESIAN_POINT('',(0.0362281487467558,-0.0354060661551338,0.0534107136885381));
#1522=CARTESIAN_POINT('',(0.0357559252133182,-0.0359991259260348,0.0538299030217384));
#1523=CARTESIAN_POINT('',(0.0357559252133181,-0.0359991259260347,0.0538299030217384));
#1524=CARTESIAN_POINT('',(0.0357559252133181,-0.0359991259260347,0.0538299030217384));
#1525=CARTESIAN_POINT('',(0.0350431760949728,-0.0357601223872235,0.0542608051442739));
#1526=CARTESIAN_POINT('',(0.034321410405525,-0.0355237740930671,0.0546782253970578));
#1527=CARTESIAN_POINT('',(0.0335906055649491,-0.0352900876930434,0.0550821300177032));
#1528=CARTESIAN_POINT('',(0.0335906055649491,-0.0352900876930435,0.0550821300177032));
#1529=CARTESIAN_POINT('',(0.0335906055649491,-0.0352900876930435,0.0550821300177032));
#1530=CARTESIAN_POINT('',(0.0333438374685559,-0.0344597923840864,0.0550844364291437));
#1531=CARTESIAN_POINT('',(0.0330931485006631,-0.0336307184878166,0.0550810605734203));
#1532=CARTESIAN_POINT('',(0.0328385498106954,-0.0328028625310145,0.0550720186086779));
#1533=CARTESIAN_POINT('',(0.0149767046843115,-0.0153880480677313,0.0584389149359573));
#1534=CARTESIAN_POINT('',(0.0141523942583866,-0.0151651996085819,0.0585884158199483));
#1535=CARTESIAN_POINT('',(0.0133240624078896,-0.0149471000654733,0.0587219133527469));
#1536=CARTESIAN_POINT('',(0.0124916684748895,-0.0147337974515155,0.0588392457351852));
#1537=CARTESIAN_POINT('',(0.0149767046843115,-0.0153880480677313,0.0584389149359573));
#1538=CARTESIAN_POINT('',(0.0124916684748895,-0.0147337974515155,0.0588392457351852));
#1539=CARTESIAN_POINT('',(0.0124916684748895,-0.0147337974515155,0.0588392457351851));
#1540=CARTESIAN_POINT('',(0.0122236662810095,-0.0139272945570606,0.0586715001891963));
#1541=CARTESIAN_POINT('',(0.011953910115959,-0.0131227609528129,0.0584975185399814));
#1542=CARTESIAN_POINT('',(0.0116824047069767,-0.0123201913312138,0.0583173175948567));
#1543=CARTESIAN_POINT('',(0.011682404706977,-0.0123201913312134,0.0583173175948579));
#1544=CARTESIAN_POINT('',(0.0116824047069767,-0.0123201913312137,0.0583173175948567));
#1545=CARTESIAN_POINT('',(0.0122468714978039,-0.011727852289333,0.0580310973680983));
#1546=CARTESIAN_POINT('',(0.0128083293485683,-0.011138523428421,0.0577336304996715));
#1547=CARTESIAN_POINT('',(0.0133667592441374,-0.0105522237714522,0.0574248459159172));
#1548=CARTESIAN_POINT('',(0.0133667592441374,-0.0105522237714522,0.0574248459159172));
#1549=CARTESIAN_POINT('',(0.013366759244134,-0.0105522237714687,0.0574248459159231));
#1550=CARTESIAN_POINT('',(0.0141965048194069,-0.0107684424079658,0.0572975805357922));
#1551=CARTESIAN_POINT('',(0.0150219462907566,-0.0109894414776661,0.0571540536021167));
#1552=CARTESIAN_POINT('',(0.0158431245689611,-0.0112151755422519,0.056994419681984));
#1553=CARTESIAN_POINT('',(0.0158431245689612,-0.0112151755422518,0.0569944196819843));
#1554=CARTESIAN_POINT('',(0.0158431245689611,-0.0112151755422519,0.056994419681984));
#1555=CARTESIAN_POINT('',(0.0161118083131841,-0.0120206845638982,0.0571647505341748));
#1556=CARTESIAN_POINT('',(0.0163787632063471,-0.0128280292321798,0.057329009349017));
#1557=CARTESIAN_POINT('',(0.0166439802399891,-0.0136372191120338,0.0574871644871665));
#1558=CARTESIAN_POINT('',(0.0166439802399891,-0.0136372191120338,0.0574871644871665));
#1559=CARTESIAN_POINT('',(0.0166439802399891,-0.0136372191120338,0.0574871644871665));
#1560=CARTESIAN_POINT('',(0.0160914478761116,-0.0142175918963585,0.0578156598144152));
#1561=CARTESIAN_POINT('',(0.0155356801122142,-0.0148012108242963,0.0581328777381949));
#1562=CARTESIAN_POINT('',(0.0149767046843115,-0.0153880480677313,0.0584389149359573));
#1563=CARTESIAN_POINT('',(0.0423808360697067,-0.0800939293607789,0.049924177133372));
#1564=CARTESIAN_POINT('',(0.0414574897787297,-0.0800001355133061,0.0507213810517486));
#1565=CARTESIAN_POINT('',(0.0395278585951561,-0.080220580264558,0.0522368088196083));
#1566=CARTESIAN_POINT('',(0.0376728978143055,-0.0814662129861087,0.0533856307105309));
#1567=CARTESIAN_POINT('',(0.0369393866302196,-0.0823724210749839,0.0537552440730087));
#1568=CARTESIAN_POINT('',(0.0423808360697067,-0.0800939293607788,0.049924177133372));
#1569=CARTESIAN_POINT('',(0.0369393866302197,-0.082372421074984,0.0537552440730086));
#1570=CARTESIAN_POINT('',(0.0423808360697067,-0.0800939293607789,0.049924177133372));
#1571=CARTESIAN_POINT('',(0.0428851765324465,-0.0801451604459079,0.0494887368256337));
#1572=CARTESIAN_POINT('',(0.0433828989555725,-0.0801952568027383,0.0490457328314855));
#1573=CARTESIAN_POINT('',(0.0438739937945369,-0.0802442167947633,0.0485951542425674));
#1574=CARTESIAN_POINT('',(0.0438739937945369,-0.0802442167947633,0.0485951542425681));
#1575=CARTESIAN_POINT('',(0.0438739937945361,-0.0802442167947633,0.0485951542425681));
#1576=CARTESIAN_POINT('',(0.0443845541483461,-0.0763661258875158,0.0487083737303253));
#1577=CARTESIAN_POINT('',(0.0454164724169827,-0.068527928454521,0.048571410090886));
#1578=CARTESIAN_POINT('',(0.0469328907624202,-0.0570095875705491,0.0472393165743144));
#1579=CARTESIAN_POINT('',(0.0481752609954957,-0.0475728487631368,0.0451639332782928));
#1580=CARTESIAN_POINT('',(0.04915456373118,-0.0401343059809578,0.0428738207383196));
#1581=CARTESIAN_POINT('',(0.0501224523212668,-0.0327824622421447,0.0401341310058528));
#1582=CARTESIAN_POINT('',(0.0510444730282312,-0.0257790196652013,0.0367685576063488));
#1583=CARTESIAN_POINT('',(0.0519172162925425,-0.0191498764259526,0.0326807961418056));
#1584=CARTESIAN_POINT('',(0.0527546234363385,-0.0127891376694384,0.0280206106242073));
#1585=CARTESIAN_POINT('',(0.0534981850104888,-0.00714122678451971,0.0226101741961831));
#1586=CARTESIAN_POINT('',(0.0541068581695411,-0.00251789513334152,0.0161560154796517));
#1587=CARTESIAN_POINT('',(0.0543413968613889,-0.000736396900145377,0.0126502098373925));
#1588=CARTESIAN_POINT('',(0.0544383453535668,8.03746163822316E-12,0.0108042163025024));
#1589=CARTESIAN_POINT('',(0.0544383453501976,0.,0.0108038806309582));
#1590=CARTESIAN_POINT('',(-0.0555,0.,1.79325447762017E-16));
#1591=CARTESIAN_POINT('',(-0.0555,0.,0.00681602522083053));
#1592=CARTESIAN_POINT('',(-0.052963335494796,0.,0.0204312632571772));
#1593=CARTESIAN_POINT('',(-0.0420584202753167,0.,0.0381284566429338));
#1594=CARTESIAN_POINT('',(-0.0255154225807682,0.,0.0507108342048999));
#1595=CARTESIAN_POINT('',(-0.00555201062745574,0.,0.0564962823502433));
#1596=CARTESIAN_POINT('',(0.0151557314894991,0.,0.0547076313174293));
#1597=CARTESIAN_POINT('',(0.0338315569279207,0.,0.045586499094382));
#1598=CARTESIAN_POINT('',(0.0479730325571105,0.,0.0303498431991505));
#1599=CARTESIAN_POINT('',(0.0531111712219577,0.,0.0174908781479532));
#1600=CARTESIAN_POINT('',(0.0544382810090974,0.,0.0108038678617683));
#1601=CARTESIAN_POINT('',(-0.0555,0.,-3.67394039744207E-19));
#1602=CARTESIAN_POINT('',(-0.0555,0.,6.79678973526781E-18));
#1603=CARTESIAN_POINT('',(-0.0626664236279888,-0.0199708353586557,7.67442351100285E-18));
#1604=CARTESIAN_POINT('',(-0.0699997772613024,-0.0599728551946264,8.57250031640816E-18));
#1605=CARTESIAN_POINT('',(-0.0633330902946555,-0.0999708353586556,7.75606663094601E-18));
#1606=CARTESIAN_POINT('',(-0.0565,-0.12,6.91925441518254E-18));
#1607=CARTESIAN_POINT('',(-0.0560450732360399,-0.00153832788423583,6.86354195464952E-18));
#1608=CARTESIAN_POINT('',(-0.0404492982331189,-0.119999999999614,0.0394476341847094));
#1609=CARTESIAN_POINT('',(-0.0411808167239655,-0.114443565414233,0.0414126512796226));
#1610=CARTESIAN_POINT('',(-0.0426613571474412,-0.103197744370149,0.0445678745556474));
#1611=CARTESIAN_POINT('',(-0.0445521557741814,-0.0888357029368642,0.0466210827428185));
#1612=CARTESIAN_POINT('',(-0.0460954167407001,-0.0771134721018434,0.0470457925231174));
#1613=CARTESIAN_POINT('',(-0.0476447655556064,-0.0653449994693658,0.0465977179147392));
#1614=CARTESIAN_POINT('',(-0.0491577145640653,-0.0538530108158553,0.0448367148637569));
#1615=CARTESIAN_POINT('',(-0.0506445152645378,-0.0425596382804695,0.0416310130882794));
#1616=CARTESIAN_POINT('',(-0.0517343324401459,-0.0342816549867224,0.0384441580780812));
#1617=CARTESIAN_POINT('',(-0.052595025955425,-0.0277440386782481,0.035153183558365));
#1618=CARTESIAN_POINT('',(-0.0532545417807662,-0.0227345186355064,0.03208131264917));
#1619=CARTESIAN_POINT('',(-0.0538945703566499,-0.017873018947977,0.0286710792580404));
#1620=CARTESIAN_POINT('',(-0.054483039215556,-0.0134031541927308,0.0248088453867836));
#1621=CARTESIAN_POINT('',(-0.055003626706603,-0.00944889961657952,0.0204136364812694));
#1622=CARTESIAN_POINT('',(-0.0553538201306428,-0.00678891647568072,0.0167963181648733));
#1623=CARTESIAN_POINT('',(-0.0556439819801618,-0.00458491841384126,0.0129616753769895));
#1624=CARTESIAN_POINT('',(-0.0558699795344146,-0.00286829656165995,0.00880441704106041));
#1625=CARTESIAN_POINT('',(-0.056011658081139,-0.00179214115769498,0.00446590099980938));
#1626=CARTESIAN_POINT('',(-0.0560448545225338,-0.00153998915144288,0.00150436382053815));
#1627=CARTESIAN_POINT('',(-0.0560450732334754,-0.00153832787690862,2.43648188448161E-12));
#1628=CARTESIAN_POINT('',(-0.0404492982309235,-0.12,0.0394475696083579));
#1629=CARTESIAN_POINT('',(0.0310753103861681,-0.12,0.0471865985678488));
#1630=CARTESIAN_POINT('',(0.0283548668565118,-0.12,0.0489781798565606));
#1631=CARTESIAN_POINT('',(0.0226276791765224,-0.12,0.0520764893953384));
#1632=CARTESIAN_POINT('',(0.0102538713228205,-0.12,0.0562299683827543));
#1633=CARTESIAN_POINT('',(-0.00619835921862016,-0.12,0.0572988301478868));
#1634=CARTESIAN_POINT('',(-0.0252183538350104,-0.12,0.0518213058051029));
#1635=CARTESIAN_POINT('',(-0.0359085025847667,-0.12,0.0441035918025948));
#1636=CARTESIAN_POINT('',(-0.0404492572059106,-0.12,0.0394475295993309));
#1637=CARTESIAN_POINT('',(0.0310753284368663,-0.12,0.047186625977102));
#1638=CARTESIAN_POINT('',(0.0310753284377726,-0.119999999999988,0.0471867247365755));
#1639=CARTESIAN_POINT('',(0.0325599913938469,-0.108722865245374,0.0508155989985504));
#1640=CARTESIAN_POINT('',(0.0340764406447799,-0.0972042896101241,0.0532012746436895));
#1641=CARTESIAN_POINT('',(0.0356294666695343,-0.0854078857954244,0.0541563905280462));
#1642=CARTESIAN_POINT('',(0.0356294666695327,-0.0854078857954367,0.0541563905280452));
#1643=CARTESIAN_POINT('',(0.0358444279708989,-0.0844234413409234,0.0541762997194759));
#1644=CARTESIAN_POINT('',(0.0357452667464285,-0.0847454639738745,0.0541900652676481));
#1645=CARTESIAN_POINT('',(0.0356734786751644,-0.0850735814226499,0.054183458049781));
#1646=CARTESIAN_POINT('',(0.0356294666695326,-0.0854078857954367,0.0541563905280452));
#1647=CARTESIAN_POINT('',(0.0358444279708989,-0.0844234413409234,0.0541762997194759));
#1648=CARTESIAN_POINT('',(0.0358444279708989,-0.0844234413409234,0.0541762997194758));
#1649=CARTESIAN_POINT('',(0.0353049134188134,-0.0845861697552973,0.054507050227995));
#1650=CARTESIAN_POINT('',(0.0347602030381801,-0.0847477915574714,0.0548300359783299));
#1651=CARTESIAN_POINT('',(0.034210289414474,-0.0849083051682936,0.0551452458900544));
#1652=CARTESIAN_POINT('',(0.034210289414474,-0.0849083051682936,0.0551452458900544));
#1653=CARTESIAN_POINT('',(0.034210289414474,-0.0849083051682937,0.0551452458900544));
#1654=CARTESIAN_POINT('',(0.0337398659405793,-0.0842945808304257,0.0555360463321886));
#1655=CARTESIAN_POINT('',(0.0332629781824456,-0.0836797002278905,0.0559171849487839));
#1656=CARTESIAN_POINT('',(0.0327796382252137,-0.0830636655223538,0.0562886798028643));
#1657=CARTESIAN_POINT('',(0.0327796382252137,-0.0830636655223538,0.0562886798028643));
#1658=CARTESIAN_POINT('',(0.0327796382252137,-0.0830636655223538,0.0562886798028643));
#1659=CARTESIAN_POINT('',(0.0330373790450743,-0.0822371296692686,0.0562594302309499));
#1660=CARTESIAN_POINT('',(0.0332910874473679,-0.0814095986956758,0.0562242593046496));
#1661=CARTESIAN_POINT('',(0.0335407566328753,-0.0805810709236633,0.0561831570397328));
#1662=CARTESIAN_POINT('',(0.0335407566328754,-0.0805810709236633,0.0561831570397328));
#1663=CARTESIAN_POINT('',(0.0335407566328754,-0.0805810709236633,0.0561831570397328));
#1664=CARTESIAN_POINT('',(0.0342748146075115,-0.080369293865874,0.0557725777370367));
#1665=CARTESIAN_POINT('',(0.0349999066019992,-0.0801555338434512,0.0553482989542453));
#1666=CARTESIAN_POINT('',(0.035716048824911,-0.0799397944411702,0.0549103454570854));
#1667=CARTESIAN_POINT('',(0.035716048824911,-0.0799397944411702,0.0549103454570854));
#1668=CARTESIAN_POINT('',(0.035716048824911,-0.0799397944411702,0.0549103454570854));
#1669=CARTESIAN_POINT('',(0.0361890149658311,-0.0805538836745801,0.0545235311278497));
#1670=CARTESIAN_POINT('',(0.0366553731810505,-0.081166641813539,0.0541271483414068));
#1671=CARTESIAN_POINT('',(0.0371151116005179,-0.0817780664669547,0.0537211799095978));
#1672=CARTESIAN_POINT('',(0.0371151116005179,-0.0817780664669547,0.0537211799095978));
#1673=CARTESIAN_POINT('',(0.0371151116005179,-0.0817780664669547,0.0537211799095978));
#1674=CARTESIAN_POINT('',(0.0370567661314381,-0.0819762365648234,0.0537328694941727));
#1675=CARTESIAN_POINT('',(0.0369981910819569,-0.0821743547540734,0.0537442241286736));
#1676=CARTESIAN_POINT('',(0.0369393866302197,-0.082372421074984,0.0537552440730086));
#1677=CARTESIAN_POINT('',(-0.0525,0.,6.4293956955236E-18));
#1678=CARTESIAN_POINT('',(-0.0591666666666667,-0.02,7.24582689495517E-18));
#1679=CARTESIAN_POINT('',(-0.0658333366362036,-0.059943690524384,8.06225849887169E-18));
#1680=CARTESIAN_POINT('',(-0.0591666666666667,-0.1,7.24582689495517E-18));
#1681=CARTESIAN_POINT('',(-0.0525,-0.12,6.4293956955236E-18));
#1682=CARTESIAN_POINT('',(-0.0525,0.,0.00343611693744391));
#1683=CARTESIAN_POINT('',(-0.0591418660047392,-0.02,0.0038724516702903));
#1684=CARTESIAN_POINT('',(-0.0658581373227051,-0.0599436905243841,0.00430877934931753));
#1685=CARTESIAN_POINT('',(-0.0591418660047392,-0.1,0.0038724516702903));
#1686=CARTESIAN_POINT('',(-0.0525,-0.12,0.00343611693744391));
#1687=CARTESIAN_POINT('',(-0.0518233469202833,0.,0.0103082728488242));
#1688=CARTESIAN_POINT('',(-0.0584156116011676,-0.02,0.0116172770473634));
#1689=CARTESIAN_POINT('',(-0.0649733494495468,-0.0599436905243837,0.0129262852684386));
#1690=CARTESIAN_POINT('',(-0.0584156116011676,-0.1,0.0116172770473634));
#1691=CARTESIAN_POINT('',(-0.0518233469202833,-0.12,0.0103082728488242));
#1692=CARTESIAN_POINT('',(-0.0488163806775737,0.,0.0202204643599536));
#1693=CARTESIAN_POINT('',(-0.0550122099737343,-0.02,0.0227881252019112));
#1694=CARTESIAN_POINT('',(-0.0612172946503332,-0.0599436905243841,0.0253557864119016));
#1695=CARTESIAN_POINT('',(-0.0550122099737343,-0.1,0.0227881252019112));
#1696=CARTESIAN_POINT('',(-0.0488163806775737,-0.12,0.0202204643599536));
#1697=CARTESIAN_POINT('',(-0.043933658040708,0.,0.0293555216873321));
#1698=CARTESIAN_POINT('',(-0.0495133647542045,-0.02,0.0330831999386819));
#1699=CARTESIAN_POINT('',(-0.0550905950872319,-0.0599436905243838,0.0368108802790811));
#1700=CARTESIAN_POINT('',(-0.0495133647542045,-0.1,0.0330831999386819));
#1701=CARTESIAN_POINT('',(-0.043933658040708,-0.12,0.0293555216873321));
#1702=CARTESIAN_POINT('',(-0.0373624676550516,0.,0.0373624916926245));
#1703=CARTESIAN_POINT('',(-0.0421066943631909,-0.02,0.0421069284736471));
#1704=CARTESIAN_POINT('',(-0.0468515876902351,-0.059943690524384,0.0468513675402979));
#1705=CARTESIAN_POINT('',(-0.0421066943631908,-0.1,0.042106928473647));
#1706=CARTESIAN_POINT('',(-0.0373624676550516,-0.12,0.0373624916926245));
#1707=CARTESIAN_POINT('',(-0.029355525922434,0.,0.043933634837742));
#1708=CARTESIAN_POINT('',(-0.0330832754362371,-0.02,0.049512506103792));
#1709=CARTESIAN_POINT('',(-0.0368108488678267,-0.0599436905243841,0.0550913801511839));
#1710=CARTESIAN_POINT('',(-0.0330832754362372,-0.1,0.049512506103792));
#1711=CARTESIAN_POINT('',(-0.029355525922434,-0.12,0.043933634837742));
#1712=CARTESIAN_POINT('',(-0.0202204291980069,0.,0.0488164413502341));
#1713=CARTESIAN_POINT('',(-0.0227880913748698,-0.02,0.055015352823047));
#1714=CARTESIAN_POINT('',(-0.0253558022715788,-0.0599436905243838,0.0612142673623057));
#1715=CARTESIAN_POINT('',(-0.0227880913748698,-0.1,0.055015352823047));
#1716=CARTESIAN_POINT('',(-0.0202204291980069,-0.12,0.0488164413502341));
#1717=CARTESIAN_POINT('',(-0.0103082900606903,0.,0.0518232569181635));
#1718=CARTESIAN_POINT('',(-0.011617285113311,-0.02,0.058403987826931));
#1719=CARTESIAN_POINT('',(-0.0129262689525108,-0.0599436905243839,0.064984721997332));
#1720=CARTESIAN_POINT('',(-0.011617285113311,-0.1,0.058403987826931));
#1721=CARTESIAN_POINT('',(-0.0103082900606903,-0.12,0.0518232569181635));
#1722=CARTESIAN_POINT('',(-5.72458747072346E-17,0.,0.0528385357764166));
#1723=CARTESIAN_POINT('',(3.33935873568262E-17,-0.02,0.0595481911280921));
#1724=CARTESIAN_POINT('',(1.16374513094988E-16,-0.0599436905243842,0.0662578498032667));
#1725=CARTESIAN_POINT('',(3.22315429713895E-17,-0.1,0.0595481911280922));
#1726=CARTESIAN_POINT('',(-5.72458747072346E-17,-0.12,0.0528385357764166));
#1727=CARTESIAN_POINT('',(0.0103082900606902,0.,0.0518232569181636));
#1728=CARTESIAN_POINT('',(0.011617285113311,-0.02,0.0584039878269309));
#1729=CARTESIAN_POINT('',(0.012926268952511,-0.0599436905243836,0.0649847219973317));
#1730=CARTESIAN_POINT('',(0.011617285113311,-0.1,0.0584039878269309));
#1731=CARTESIAN_POINT('',(0.0103082900606902,-0.12,0.0518232569181636));
#1732=CARTESIAN_POINT('',(0.0202204291980068,0.,0.048816441350234));
#1733=CARTESIAN_POINT('',(0.0227880913748699,-0.02,0.0550153528230469));
#1734=CARTESIAN_POINT('',(0.025355802271579,-0.0599436905243843,0.0612142673623056));
#1735=CARTESIAN_POINT('',(0.0227880913748699,-0.1,0.0550153528230469));
#1736=CARTESIAN_POINT('',(0.0202204291980068,-0.12,0.048816441350234));
#1737=CARTESIAN_POINT('',(0.029355525922434,0.,0.0439336348377421));
#1738=CARTESIAN_POINT('',(0.0330832754362372,-0.02,0.049512506103792));
#1739=CARTESIAN_POINT('',(0.0368108488678268,-0.0599436905243837,0.055091380151184));
#1740=CARTESIAN_POINT('',(0.0330832754362372,-0.1,0.049512506103792));
#1741=CARTESIAN_POINT('',(0.029355525922434,-0.12,0.0439336348377421));
#1742=CARTESIAN_POINT('',(0.0373624676550516,0.,0.0373624916926244));
#1743=CARTESIAN_POINT('',(0.0421066943631909,-0.02,0.0421069284736467));
#1744=CARTESIAN_POINT('',(0.0468515876902352,-0.0599436905243839,0.0468513675402973));
#1745=CARTESIAN_POINT('',(0.0421066943631909,-0.1,0.0421069284736467));
#1746=CARTESIAN_POINT('',(0.0373624676550516,-0.12,0.0373624916926244));
#1747=CARTESIAN_POINT('',(0.0439336580407079,0.,0.0293555216873323));
#1748=CARTESIAN_POINT('',(0.0495133647542047,-0.02,0.033083199938682));
#1749=CARTESIAN_POINT('',(0.0550905950872323,-0.0599436905243838,0.0368108802790812));
#1750=CARTESIAN_POINT('',(0.0495133647542047,-0.1,0.033083199938682));
#1751=CARTESIAN_POINT('',(0.0439336580407079,-0.12,0.0293555216873323));
#1752=CARTESIAN_POINT('',(0.0488163806775737,0.,0.0202204643599534));
#1753=CARTESIAN_POINT('',(0.0550122099737342,-0.02,0.022788125201911));
#1754=CARTESIAN_POINT('',(0.0612172946503327,-0.0599436905243841,0.0253557864119014));
#1755=CARTESIAN_POINT('',(0.0550122099737342,-0.1,0.022788125201911));
#1756=CARTESIAN_POINT('',(0.0488163806775737,-0.12,0.0202204643599534));
#1757=CARTESIAN_POINT('',(0.0518233469202833,0.,0.0103082728488243));
#1758=CARTESIAN_POINT('',(0.0584156116011678,-0.02,0.0116172770473634));
#1759=CARTESIAN_POINT('',(0.0649733494495473,-0.0599436905243837,0.0129262852684384));
#1760=CARTESIAN_POINT('',(0.0584156116011677,-0.1,0.0116172770473633));
#1761=CARTESIAN_POINT('',(0.0518233469202833,-0.12,0.0103082728488243));
#1762=CARTESIAN_POINT('',(0.0525,0.,0.0034361169374439));
#1763=CARTESIAN_POINT('',(0.0591418660047393,-0.02,0.00387245167029025));
#1764=CARTESIAN_POINT('',(0.065858137322705,-0.059943690524384,0.00430877934931757));
#1765=CARTESIAN_POINT('',(0.0591418660047393,-0.1,0.00387245167029025));
#1766=CARTESIAN_POINT('',(0.0525,-0.12,0.0034361169374439));
#1767=CARTESIAN_POINT('',(0.0525,0.,0.));
#1768=CARTESIAN_POINT('',(0.0591666666666667,-0.02,0.));
#1769=CARTESIAN_POINT('',(0.0658333366362036,-0.059943690524384,0.));
#1770=CARTESIAN_POINT('',(0.0591666666666667,-0.1,0.));
#1771=CARTESIAN_POINT('',(0.0525,-0.12,0.));
#1772=CARTESIAN_POINT('',(-0.0353107414379801,-0.111195874923609,0.0424532925352047));
#1773=CARTESIAN_POINT('',(-0.0343444823044994,-0.111195874923609,0.0432569690937868));
#1774=CARTESIAN_POINT('',(-0.0333518249993156,-0.111195874923609,0.0440269712076859));
#1775=CARTESIAN_POINT('',(-0.03233268939653,-0.111195874923609,0.0447631966654619));
#1776=CARTESIAN_POINT('',(-0.0353107414379802,-0.111195874923609,0.0424532925352048));
#1777=CARTESIAN_POINT('',(-0.0323326893965323,-0.111195874923609,0.0447631966654648));
#1778=CARTESIAN_POINT('',(-0.0353107414379802,-0.111195874923609,0.0424532925352048));
#1779=CARTESIAN_POINT('',(-0.0352316290807265,-0.111796728922983,0.042296865671986));
#1780=CARTESIAN_POINT('',(-0.0351512160454196,-0.112396727111854,0.0421378670109473));
#1781=CARTESIAN_POINT('',(-0.0350695105898342,-0.112995874923609,0.0419763128799775));
#1782=CARTESIAN_POINT('',(-0.0350695105898342,-0.112995874923609,0.0419763128799775));
#1783=CARTESIAN_POINT('',(-0.0350695105898342,-0.112995874923609,0.0419763128799774));
#1784=CARTESIAN_POINT('',(-0.0341044048650882,-0.112995874923609,0.0427825990742362));
#1785=CARTESIAN_POINT('',(-0.033112799493486,-0.112995874923609,0.043554691431702));
#1786=CARTESIAN_POINT('',(-0.0320946575367772,-0.112995874923609,0.0442925422890792));
#1787=CARTESIAN_POINT('',(-0.0320946575367772,-0.112995874923609,0.0442925422890792));
#1788=CARTESIAN_POINT('',(-0.0320946575367772,-0.112995874923609,0.0442925422890792));
#1789=CARTESIAN_POINT('',(-0.0321752725017331,-0.112396700124325,0.0444519402205061));
#1790=CARTESIAN_POINT('',(-0.0322546194654374,-0.111796702078854,0.0446088309651265));
#1791=CARTESIAN_POINT('',(-0.0323326893965306,-0.111195874923609,0.0447631966654616));
#1792=CARTESIAN_POINT('',(-0.0103963063848821,-0.1165,0.0526154137941412));
#1793=CARTESIAN_POINT('',(-0.0106758338291147,-0.1165,0.0525601829851465));
#1794=CARTESIAN_POINT('',(-0.0109549065067481,-0.1165,0.0525027200286874));
#1795=CARTESIAN_POINT('',(-0.011233525008907,-0.1165,0.0524430278262036));
#1796=CARTESIAN_POINT('',(-0.0103963063848821,-0.1165,0.0526154137941412));
#1797=CARTESIAN_POINT('',(-0.011233525008909,-0.1165,0.0524430278262135));
#1798=CARTESIAN_POINT('',(-0.0103963063848821,-0.1165,0.0526154137941412));
#1799=CARTESIAN_POINT('',(-0.0102620239769379,-0.116281837490014,0.0527117411891859));
#1800=CARTESIAN_POINT('',(-0.0101120932483682,-0.115792425943947,0.0528961020645507));
#1801=CARTESIAN_POINT('',(-0.00995594717558608,-0.114784944840722,0.0532412826816388));
#1802=CARTESIAN_POINT('',(-0.0099472001003494,-0.114016795689876,0.0534783845205237));
#1803=CARTESIAN_POINT('',(-0.00997084573832691,-0.1135,0.0536301939964333));
#1804=CARTESIAN_POINT('',(-0.00997084573832691,-0.1135,0.0536301939964333));
#1805=CARTESIAN_POINT('',(-0.00997084573832692,-0.1135,0.0536301939964334));
#1806=CARTESIAN_POINT('',(-0.0106583758655511,-0.1135,0.0535023929551251));
#1807=CARTESIAN_POINT('',(-0.0113431841279635,-0.1135,0.0533613830792223));
#1808=CARTESIAN_POINT('',(-0.0120252750287151,-0.1135,0.0532071862218963));
#1809=CARTESIAN_POINT('',(-0.0120252750287151,-0.1135,0.0532071862218963));
#1810=CARTESIAN_POINT('',(-0.0120252750286881,-0.1135,0.0532071862219024));
#1811=CARTESIAN_POINT('',(-0.0119870207928125,-0.114016847015767,0.0530583691524989));
#1812=CARTESIAN_POINT('',(-0.0118858533882285,-0.114785499751892,0.0528437552315076));
#1813=CARTESIAN_POINT('',(-0.0116029942641358,-0.115798674843878,0.0525871688233532));
#1814=CARTESIAN_POINT('',(-0.0113955188368424,-0.116281055875476,0.0524785976029503));
#1815=CARTESIAN_POINT('',(-0.0112335250088843,-0.1165,0.0524430278262081));
#1816=CARTESIAN_POINT('',(-0.0131056526604714,-0.111195874923609,0.0536412745978119));
#1817=CARTESIAN_POINT('',(-0.0118827856975214,-0.111195874923609,0.0539401252924939));
#1818=CARTESIAN_POINT('',(-0.0106515234960878,-0.111195874923609,0.0541967352120567));
#1819=CARTESIAN_POINT('',(-0.0094118652241405,-0.111195874923609,0.0544111001701273));
#1820=CARTESIAN_POINT('',(-0.0131056526604714,-0.111195874923609,0.053641274597812));
#1821=CARTESIAN_POINT('',(-0.0094118652241405,-0.111195874923609,0.0544111001701273));
#1822=CARTESIAN_POINT('',(-0.0131056526604714,-0.111195874923609,0.053641274597812));
#1823=CARTESIAN_POINT('',(-0.0131175013501459,-0.111247904825214,0.0536231486782144));
#1824=CARTESIAN_POINT('',(-0.0131293700804199,-0.111299919452322,0.0536049921008557));
#1825=CARTESIAN_POINT('',(-0.0131412588826995,-0.111351918780995,0.0535868048176917));
#1826=CARTESIAN_POINT('',(-0.0131412588826995,-0.111351918780995,0.0535868048176917));
#1827=CARTESIAN_POINT('',(-0.0131412588826995,-0.111351918780995,0.0535868048176917));
#1828=CARTESIAN_POINT('',(-0.0130687572441299,-0.111900618233019,0.0534434491613396));
#1829=CARTESIAN_POINT('',(-0.0129951703999602,-0.112448602236565,0.0532979477553996));
#1830=CARTESIAN_POINT('',(-0.0129205046176464,-0.112995874923609,0.0531503129923539));
#1831=CARTESIAN_POINT('',(-0.0129205046176464,-0.112995874923609,0.0531503129923539));
#1832=CARTESIAN_POINT('',(-0.0129205046176464,-0.112995874923609,0.0531503129923539));
#1833=CARTESIAN_POINT('',(-0.0116780001314954,-0.112995874923609,0.0534524387423631));
#1834=CARTESIAN_POINT('',(-0.0104264792128635,-0.112995874923609,0.0537106268658295));
#1835=CARTESIAN_POINT('',(-0.0091659296931763,-0.112995874923609,0.0539248180645465));
#1836=CARTESIAN_POINT('',(-0.00916592969317631,-0.112995874923609,0.0539248180645465));
#1837=CARTESIAN_POINT('',(-0.00916592969317631,-0.112995874923609,0.0539248180645465));
#1838=CARTESIAN_POINT('',(-0.00924923948944104,-0.112396767956758,0.0540895444177672));
#1839=CARTESIAN_POINT('',(-0.00933122034871292,-0.111796769532445,0.0542516430974811));
#1840=CARTESIAN_POINT('',(-0.00941186522414051,-0.111195874923609,0.0544111001701273));
#1841=CARTESIAN_POINT('',(-0.0326814175754088,-0.1135,0.043675239764819));
#1842=CARTESIAN_POINT('',(-0.0332234886705771,-0.1135,0.0432695665088616));
#1843=CARTESIAN_POINT('',(-0.0337577977820129,-0.1135,0.0428539743251267));
#1844=CARTESIAN_POINT('',(-0.0342843553884404,-0.1135,0.0424284766042259));
#1845=CARTESIAN_POINT('',(-0.0326814175754088,-0.1135,0.043675239764819));
#1846=CARTESIAN_POINT('',(-0.0342843553884404,-0.1135,0.0424284766042259));
#1847=CARTESIAN_POINT('',(-0.0342843553884404,-0.1135,0.0424284766042259));
#1848=CARTESIAN_POINT('',(-0.0342255708209156,-0.113741825382392,0.0423835873572764));
#1849=CARTESIAN_POINT('',(-0.0340957292156859,-0.114222118435994,0.0423037407300955));
#1850=CARTESIAN_POINT('',(-0.033894812292861,-0.11481305556409,0.0422354439653951));
#1851=CARTESIAN_POINT('',(-0.0337001416483036,-0.115275644453441,0.0422099055796149));
#1852=CARTESIAN_POINT('',(-0.0335232708785358,-0.115618365483914,0.0422158046655727));
#1853=CARTESIAN_POINT('',(-0.0333210999945691,-0.115932605245313,0.0422518276581902));
#1854=CARTESIAN_POINT('',(-0.0329974424119104,-0.11618141160992,0.0424072118126002));
#1855=CARTESIAN_POINT('',(-0.0327534816087136,-0.115951061329158,0.0426861833274707));
#1856=CARTESIAN_POINT('',(-0.0326658121580907,-0.115632579419475,0.0428772637244238));
#1857=CARTESIAN_POINT('',(-0.032615085028651,-0.115295012472132,0.0430464340190433));
#1858=CARTESIAN_POINT('',(-0.0325899704885156,-0.114827706674471,0.0432447713826609));
#1859=CARTESIAN_POINT('',(-0.0326064053125724,-0.114227704079542,0.0434600318557327));
#1860=CARTESIAN_POINT('',(-0.0326521691913915,-0.11374356219276,0.0436067263988909));
#1861=CARTESIAN_POINT('',(-0.0326814175754087,-0.1135,0.0436752397648188));
#1862=CARTESIAN_POINT('',(0.0356519761028277,-0.0852369096749109,0.0491625022299103));
#1863=CARTESIAN_POINT('',(0.0357723476850363,-0.0843225967342949,0.0492335577395233));
#1864=CARTESIAN_POINT('',(0.0364495450752586,-0.0825712699601837,0.0490308667288646));
#1865=CARTESIAN_POINT('',(0.0383121775886857,-0.0807753128787944,0.0478751066460585));
#1866=CARTESIAN_POINT('',(0.0403981213534805,-0.079920124803873,0.0462591702416649));
#1867=CARTESIAN_POINT('',(0.0417483596439303,-0.0798404926919798,0.0450385266656141));
#1868=CARTESIAN_POINT('',(0.0424057315749671,-0.0799048292243089,0.0444009206938824));
#1869=CARTESIAN_POINT('',(0.0356519761028277,-0.0852369096749109,0.0491625022299103));
#1870=CARTESIAN_POINT('',(0.0424057315749671,-0.0799048292243089,0.0444009206938824));
#1871=CARTESIAN_POINT('',(0.0356519761028277,-0.0852369096749109,0.0491625022299103));
#1872=CARTESIAN_POINT('',(0.0340922901651518,-0.0970839005505744,0.0482418174876778));
#1873=CARTESIAN_POINT('',(0.0325680266637494,-0.108661831310231,0.0459080896656886));
#1874=CARTESIAN_POINT('',(0.0310753284376745,-0.12,0.0423151854980097));
#1875=CARTESIAN_POINT('',(0.0310753284373568,-0.12,0.0423152130059186));
#1876=CARTESIAN_POINT('',(-0.0404493325566936,-0.12,0.033467917409334));
#1877=CARTESIAN_POINT('',(-0.0362269207268342,-0.12,0.038571125302684));
#1878=CARTESIAN_POINT('',(-0.0258407188852205,-0.12,0.0471489191351201));
#1879=CARTESIAN_POINT('',(-0.00660065891107831,-0.12,0.0533611562911205));
#1880=CARTESIAN_POINT('',(0.0135740069635145,-0.12,0.0520239241163813));
#1881=CARTESIAN_POINT('',(0.0257355692270079,-0.12,0.0462365716577434));
#1882=CARTESIAN_POINT('',(0.0310753098951922,-0.12,0.0423151877570899));
#1883=CARTESIAN_POINT('',(-0.040449298230202,-0.12,0.0334678890074765));
#1884=CARTESIAN_POINT('',(-0.05512994334885,-0.008489429479824,6.75147083815289E-18));
#1885=CARTESIAN_POINT('',(-0.0551289965058591,-0.00849662146636607,0.00139775170330709));
#1886=CARTESIAN_POINT('',(-0.055095081731887,-0.00875422972375258,0.00414363673365004));
#1887=CARTESIAN_POINT('',(-0.0549528337715452,-0.00983471026419313,0.00816115007468065));
#1888=CARTESIAN_POINT('',(-0.054728288266635,-0.0115403027037548,0.0119672964300846));
#1889=CARTESIAN_POINT('',(-0.0544382092151809,-0.013743671852617,0.0154815023412184));
#1890=CARTESIAN_POINT('',(-0.0540952566038632,-0.0163486555602974,0.0187192900866438));
#1891=CARTESIAN_POINT('',(-0.0537168819297751,-0.019222696547207,0.0216406873020425));
#1892=CARTESIAN_POINT('',(-0.0533063151107747,-0.0223412611511628,0.0243136725914919));
#1893=CARTESIAN_POINT('',(-0.0527195320984344,-0.0267983206304271,0.0275814856069751));
#1894=CARTESIAN_POINT('',(-0.0519465150736026,-0.0326699678759945,0.0310367064466034));
#1895=CARTESIAN_POINT('',(-0.0509684340412659,-0.0400992308999454,0.0343820222136267));
#1896=CARTESIAN_POINT('',(-0.0499403327039768,-0.0479084358609537,0.0370263049836304));
#1897=CARTESIAN_POINT('',(-0.0485508820140446,-0.058462361653436,0.0396004225873361));
#1898=CARTESIAN_POINT('',(-0.0467860736964441,-0.0718674116900042,0.0412355049230632));
#1899=CARTESIAN_POINT('',(-0.0446196415991874,-0.0883230972027365,0.040879654824198));
#1900=CARTESIAN_POINT('',(-0.0425105957023064,-0.104342891247679,0.0383807364929973));
#1901=CARTESIAN_POINT('',(-0.04112639849061,-0.114856912911774,0.0353388075578642));
#1902=CARTESIAN_POINT('',(-0.0404492982301355,-0.12,0.033467814609615));
#1903=CARTESIAN_POINT('',(-0.0551299433465083,-0.00848942947951565,-2.87419994661772E-19));
#1904=CARTESIAN_POINT('',(-0.0525,0.,0.));
#1905=CARTESIAN_POINT('',(-0.0591666666666667,-0.02,0.));
#1906=CARTESIAN_POINT('',(-0.0658333366362036,-0.0599436905243839,0.));
#1907=CARTESIAN_POINT('',(-0.0591666666666667,-0.1,0.));
#1908=CARTESIAN_POINT('',(-0.0525,-0.12,0.));
#1909=CARTESIAN_POINT('',(-0.0525,0.,0.));
#1910=CARTESIAN_POINT('',(0.0525,0.,0.));
#1911=CARTESIAN_POINT('',(0.0525,0.,0.00687702378614337));
#1912=CARTESIAN_POINT('',(0.0497664232580575,0.,0.020611273971918));
#1913=CARTESIAN_POINT('',(0.0380895713378545,0.,0.0380902866140753));
#1914=CARTESIAN_POINT('',(0.0206139274642872,0.,0.0497662156455432));
#1915=CARTESIAN_POINT('',(9.06416976466887E-17,0.,0.0538669035448068));
#1916=CARTESIAN_POINT('',(-0.0206139274642871,0.,0.0497661701752294));
#1917=CARTESIAN_POINT('',(-0.0380895713378544,0.,0.0380904684953312));
#1918=CARTESIAN_POINT('',(-0.0497664232580573,0.,0.0206105919172089));
#1919=CARTESIAN_POINT('',(-0.0525,0.,0.00687849399296114));
#1920=CARTESIAN_POINT('',(-0.0525,0.,1.69632180315421E-16));
#1921=CARTESIAN_POINT('',(0.0525,0.,0.));
#1922=CARTESIAN_POINT('',(0.0525,0.,0.));
#1923=CARTESIAN_POINT('',(0.0591666666666667,-0.02,0.));
#1924=CARTESIAN_POINT('',(0.0658333366362036,-0.0599436905243839,0.));
#1925=CARTESIAN_POINT('',(0.0591666666666667,-0.1,0.));
#1926=CARTESIAN_POINT('',(0.0525,-0.12,0.));
#1927=CARTESIAN_POINT('',(0.0538751724265603,-0.00427772303350647,4.15703134245811E-27));
#1928=CARTESIAN_POINT('',(0.0538751724265603,-0.00427772303350647,4.15703134245811E-27));
#1929=CARTESIAN_POINT('',(0.0538743862261521,-0.00428369481849077,0.00203097024697563));
#1930=CARTESIAN_POINT('',(0.0538065938149588,-0.00479862935578212,0.00599856256699764));
#1931=CARTESIAN_POINT('',(0.0535203217628216,-0.00697308145260096,0.0117034154589447));
#1932=CARTESIAN_POINT('',(0.0530994229721784,-0.0101701251781799,0.0167629602643465));
#1933=CARTESIAN_POINT('',(0.0525747459168667,-0.0141554430774407,0.0213106994174742));
#1934=CARTESIAN_POINT('',(0.0519904936933908,-0.0185932793071734,0.0252443004282323));
#1935=CARTESIAN_POINT('',(0.0513483888241498,-0.023470550008406,0.0287443720857855));
#1936=CARTESIAN_POINT('',(0.0506720562741859,-0.028607805756395,0.0317748570814348));
#1937=CARTESIAN_POINT('',(0.0497399636959397,-0.035687751791041,0.0352425719083495));
#1938=CARTESIAN_POINT('',(0.0487639505119244,-0.0431013079476046,0.0379625751108419));
#1939=CARTESIAN_POINT('',(0.0477508501272585,-0.0507965693610353,0.0400191090539325));
#1940=CARTESIAN_POINT('',(0.0467349407436128,-0.0585131672400203,0.0416141567987426));
#1941=CARTESIAN_POINT('',(0.0454538737545635,-0.068243837090769,0.0428172329143242));
#1942=CARTESIAN_POINT('',(0.0444193626087649,-0.0761017293811316,0.042999047718659));
#1943=CARTESIAN_POINT('',(0.0438996570853939,-0.0800492847476839,0.0429015587518913));
#1944=CARTESIAN_POINT('',(0.0438996570853946,-0.0800492847476844,0.0429015587518914));
#1945=CARTESIAN_POINT('',(0.0438996570853946,-0.0800492847476843,0.0429015587518905));
#1946=CARTESIAN_POINT('',(0.0434101547047092,-0.0800025471576284,0.043409924389995));
#1947=CARTESIAN_POINT('',(0.042912173977956,-0.0799543943890116,0.0439097060781707));
#1948=CARTESIAN_POINT('',(0.0424057315749671,-0.0799048292243089,0.0444009206938824));
#1949=CARTESIAN_POINT('',(0.,-0.12,0.));
#1950=CARTESIAN_POINT('',(0.0310753284376745,-0.12,-3.68143374188658E-17));
#1951=CARTESIAN_POINT('',(-0.0404492982300881,-0.12,4.84831124224447E-16));
#1952=CARTESIAN_POINT('',(0.0466709128596021,-0.0589995073033239,0.0139162633834339));
#1953=CARTESIAN_POINT('',(0.0544383453525087,0.,5.00465033741185E-17));
#1954=CARTESIAN_POINT('',(0.0544383453525087,6.50521303491303E-19,-2.37378843159189E-19));
#1955=CARTESIAN_POINT('',(0.0440112466667672,-0.079201677726036,0.0181445647704524));
#1956=CARTESIAN_POINT('',(0.0544053215943821,-0.000250840346607543,-2.33334599190637E-19));
#1957=CARTESIAN_POINT('',(0.,0.,0.));
#1958=CARTESIAN_POINT('',(7.8737388589748E-34,0.,6.42939569552362E-18));
#1959=CARTESIAN_POINT('',(-7.8737388589748E-34,0.,6.42939569552362E-18));
#1960=CARTESIAN_POINT('',(0.0525,0.,0.));
#1961=CARTESIAN_POINT('',(-0.0555,0.,-3.67394039744207E-19));
#1962=CARTESIAN_POINT('',(-0.0562348610495322,-9.67462925506276E-5,-4.56993629498636E-19));
#1963=CARTESIAN_POINT('',(-0.0488023731832681,-0.0565520965704931,0.0139162633834349));
#1964=CARTESIAN_POINT('',(-0.0336471031569172,-0.1165,0.0432629881939709));
#1965=CARTESIAN_POINT('',(-0.0336471031569172,-0.1165,0.0432629881939709));
#1966=CARTESIAN_POINT('',(-0.0346963200356862,-0.1165,0.0432224426478986));
#1967=CARTESIAN_POINT('',(-0.0336471031569172,-0.1135,0.0432629881939709));
#1968=CARTESIAN_POINT('',(-0.0336471031569172,-0.1165,0.0432629881939709));
#1969=CARTESIAN_POINT('',(-0.0336471031569172,-0.1135,0.0432629881939709));
#1970=CARTESIAN_POINT('',(-0.0131412588826995,-0.111195874923609,0.0535868048176917));
#1971=CARTESIAN_POINT('',(-0.0131412588826995,-0.111195874923609,0.0535868048176917));
#1972=CARTESIAN_POINT('',(-0.0119724255371582,-0.111195874923609,0.0553748657616767));
#1973=CARTESIAN_POINT('',(-0.0119724255371582,-0.111195874923609,0.0553748657616767));
#1974=CARTESIAN_POINT('',(-0.0119724255371582,-0.112995874923609,0.0553748657616767));
#1975=CARTESIAN_POINT('',(-0.0131412588826995,-0.112995874923609,0.0535868048176917));
#1976=CARTESIAN_POINT('',(-0.0131412588826995,-0.112995874923609,0.0535868048176917));
#1977=CARTESIAN_POINT('',(-0.0131412588826995,-0.111195874923609,0.0535868048176917));
#1978=CARTESIAN_POINT('',(-0.0119724255371582,-0.111195874923609,0.0553748657616767));
#1979=CARTESIAN_POINT('',(-0.0119724255371582,-0.112995874923609,0.0553748657616767));
#1980=CARTESIAN_POINT('',(-0.00983950266338167,-0.112995874923609,0.0552566568636401));
#1981=CARTESIAN_POINT('',(-0.0119724255371582,-0.111195874923609,0.0553748657616767));
#1982=CARTESIAN_POINT('',(-0.00983950266338167,-0.111195874923609,0.0552566568636401));
#1983=CARTESIAN_POINT('',(-0.00983950266338167,-0.111195874923609,0.0552566568636401));
#1984=CARTESIAN_POINT('',(-0.00983950266338167,-0.111195874923609,0.0552566568636401));
#1985=CARTESIAN_POINT('',(-0.00983950266338167,-0.112995874923609,0.0552566568636401));
#1986=CARTESIAN_POINT('',(-0.00983950266338167,-0.111195874923609,0.0552566568636401));
#1987=CARTESIAN_POINT('',(-0.0121771693544643,-0.111195874923609,0.05168053497567));
#1988=CARTESIAN_POINT('',(-0.0121771693544643,-0.112995874923609,0.05168053497567));
#1989=CARTESIAN_POINT('',(-0.011008336008923,-0.111195874923609,0.053468595919655));
#1990=CARTESIAN_POINT('',(-0.011008336008923,-0.112995874923609,0.053468595919655));
#1991=CARTESIAN_POINT('',(-0.011008336008923,-0.1165,0.053468595919655));
#1992=CARTESIAN_POINT('',(-0.011008336008923,-0.1165,0.053468595919655));
#1993=CARTESIAN_POINT('',(-0.011008336008923,-0.1135,0.053468595919655));
#1994=CARTESIAN_POINT('',(-0.011008336008923,-0.1165,0.053468595919655));
#1995=CARTESIAN_POINT('',(-0.011008336008923,-0.1135,0.053468595919655));
#1996=CARTESIAN_POINT('',(-0.0357800260306937,-0.111195874923609,0.0433811970920075));
#1997=CARTESIAN_POINT('',(-0.0357800260306937,-0.112995874923609,0.0433811970920075));
#1998=CARTESIAN_POINT('',(-0.0357800260306937,-0.112995874923609,0.0433811970920075));
#1999=CARTESIAN_POINT('',(-0.0346111926851523,-0.112995874923609,0.0451692580359925));
#2000=CARTESIAN_POINT('',(-0.0357800260306937,-0.111195874923609,0.0433811970920075));
#2001=CARTESIAN_POINT('',(-0.0357800260306937,-0.111195874923609,0.0433811970920075));
#2002=CARTESIAN_POINT('',(-0.0357800260306937,-0.111195874923609,0.0433811970920075));
#2003=CARTESIAN_POINT('',(-0.0346111926851523,-0.111195874923609,0.0451692580359925));
#2004=CARTESIAN_POINT('',(-0.0346111926851523,-0.111195874923609,0.0451692580359925));
#2005=CARTESIAN_POINT('',(-0.0346111926851523,-0.111195874923609,0.0451692580359925));
#2006=CARTESIAN_POINT('',(-0.0346111926851523,-0.112995874923609,0.0451692580359925));
#2007=CARTESIAN_POINT('',(-0.0324782698113758,-0.112995874923609,0.0450510491379559));
#2008=CARTESIAN_POINT('',(-0.0346111926851523,-0.111195874923609,0.0451692580359925));
#2009=CARTESIAN_POINT('',(-0.0324782698113758,-0.111195874923609,0.0450510491379559));
#2010=CARTESIAN_POINT('',(-0.0324782698113758,-0.111195874923609,0.0450510491379559));
#2011=CARTESIAN_POINT('',(-0.0324782698113758,-0.111195874923609,0.0450510491379559));
#2012=CARTESIAN_POINT('',(-0.0324782698113758,-0.112995874923609,0.0450510491379559));
#2013=CARTESIAN_POINT('',(-0.0324782698113758,-0.111195874923609,0.0450510491379559));
#2014=CARTESIAN_POINT('',(-0.0348159365024585,-0.111195874923609,0.0414749272499858));
#2015=CARTESIAN_POINT('',(-0.0348159365024585,-0.111195874923609,0.0414749272499858));
#2016=CARTESIAN_POINT('',(-0.0348159365024585,-0.112995874923609,0.0414749272499858));
#2017=CARTESIAN_POINT('',(-0.0336471031569172,-0.111195874923609,0.0432629881939709));
#2018=CARTESIAN_POINT('',(-0.0336471031569172,-0.112995874923609,0.0432629881939709));
#2019=CARTESIAN_POINT('',(0.0186208436595328,-0.103713464624772,0.0667243410024985));
#2020=CARTESIAN_POINT('',(0.0169620085318177,-0.101922823595834,0.0676142121827874));
#2021=CARTESIAN_POINT('',(0.0142943072219264,-0.0997302769099522,0.0582293249297921));
#2022=CARTESIAN_POINT('',(0.0159531423496415,-0.101520917938891,0.0573394537495032));
#2023=CARTESIAN_POINT('',(0.0159531423496415,-0.101520917938891,0.0573394537495032));
#2024=CARTESIAN_POINT('',(0.0186208436595328,-0.103713464624772,0.0667243410024985));
#2025=CARTESIAN_POINT('',(0.0169620085318177,-0.101922823595834,0.0676142121827874));
#2026=CARTESIAN_POINT('',(0.0145082695399383,-0.102581316434859,0.0681578592499655));
#2027=CARTESIAN_POINT('',(0.011840568230047,-0.100388769748977,0.0587729719969702));
#2028=CARTESIAN_POINT('',(0.0142943072219264,-0.0997302769099522,0.0582293249297921));
#2029=CARTESIAN_POINT('',(0.0145082695399383,-0.102581316434859,0.0681578592499655));
#2030=CARTESIAN_POINT('',(0.0137133656757739,-0.105030450302822,0.0678116351368545));
#2031=CARTESIAN_POINT('',(0.0110456643658826,-0.10283790361694,0.0584267478838592));
#2032=CARTESIAN_POINT('',(0.011840568230047,-0.100388769748977,0.0587729719969702));
#2033=CARTESIAN_POINT('',(0.0137133656757739,-0.105030450302822,0.0678116351368545));
#2034=CARTESIAN_POINT('',(0.0153722008034889,-0.106821091331761,0.0669217639565656));
#2035=CARTESIAN_POINT('',(0.0127044994935976,-0.104628544645879,0.0575368767035703));
#2036=CARTESIAN_POINT('',(0.0110456643658826,-0.10283790361694,0.0584267478838592));
#2037=CARTESIAN_POINT('',(0.0153722008034889,-0.106821091331761,0.0669217639565656));
#2038=CARTESIAN_POINT('',(0.0178259397953684,-0.106162598492736,0.0663781168893875));
#2039=CARTESIAN_POINT('',(0.0151582384854771,-0.103970051806854,0.0569932296363922));
#2040=CARTESIAN_POINT('',(0.0127044994935976,-0.104628544645879,0.0575368767035703));
#2041=CARTESIAN_POINT('',(0.0178259397953684,-0.106162598492736,0.0663781168893875));
#2042=CARTESIAN_POINT('',(0.0151582384854771,-0.103970051806854,0.0569932296363922));
#2043=CARTESIAN_POINT('',(0.0214288944515438,-0.0176121109727062,0.0753861602265625));
#2044=CARTESIAN_POINT('',(0.0366426153020055,-0.083842367832758,0.0618812447978318));
#2045=CARTESIAN_POINT('',(0.0312785245005934,-0.0827610696999339,0.0541154657498446));
#2046=CARTESIAN_POINT('',(0.0312785245005934,-0.0827610696999339,0.0541154657498446));
#2047=CARTESIAN_POINT('',(0.0326622752201009,-0.0845962551080075,0.0529041324112362));
#2048=CARTESIAN_POINT('',(0.0366426153020055,-0.083842367832758,0.0618812447978318));
#2049=CARTESIAN_POINT('',(0.0380263660215129,-0.0856775532408316,0.0606699114592234));
#2050=CARTESIAN_POINT('',(0.0380263660215129,-0.0856775532408316,0.0606699114592234));
#2051=CARTESIAN_POINT('',(0.0415215638699307,-0.0866207497061796,0.0667073101589486));
#2052=CARTESIAN_POINT('',(0.0359201732060298,-0.084173211251855,0.0531986465325521));
#2053=CARTESIAN_POINT('',(0.0401368326410538,-0.0850232091625255,0.0593032496620119));
#2054=CARTESIAN_POINT('',(0.0347727418396418,-0.0839419110297013,0.0515374706140248));
#2055=CARTESIAN_POINT('',(0.0326622752201009,-0.0845962551080075,0.0529041324112362));
#2056=CARTESIAN_POINT('',(0.0401368326410538,-0.0850232091625255,0.0593032496620119));
#2057=CARTESIAN_POINT('',(0.0415433877647621,-0.0864549807672582,0.0618655137623062));
#2058=CARTESIAN_POINT('',(0.0408635485410873,-0.0825336796761457,0.0591479212034088));
#2059=CARTESIAN_POINT('',(0.0354994577396752,-0.0814523815433215,0.0513821421554216));
#2060=CARTESIAN_POINT('',(0.0347727418396418,-0.0839419110297013,0.0515374706140247));
#2061=CARTESIAN_POINT('',(0.0408635485410873,-0.0825336796761457,0.0591479212034088));
#2062=CARTESIAN_POINT('',(0.0354994577396752,-0.0814523815433215,0.0513821421554216));
#2063=CARTESIAN_POINT('',(0.0341157070201678,-0.0796171961352479,0.05259347549403));
#2064=CARTESIAN_POINT('',(0.0394797978215798,-0.080698494268072,0.0603592545420172));
#2065=CARTESIAN_POINT('',(0.0394797978215798,-0.080698494268072,0.0603592545420172));
#2066=CARTESIAN_POINT('',(0.0341157070201677,-0.0796171961352478,0.05259347549403));
#2067=CARTESIAN_POINT('',(0.0320052404006269,-0.080271540213554,0.0539601372912415));
#2068=CARTESIAN_POINT('',(0.0373693312020389,-0.0813528383463782,0.0617259163392287));
#2069=CARTESIAN_POINT('',(0.0373693312020389,-0.0813528383463782,0.0617259163392287));
#2070=CARTESIAN_POINT('',(0.0320052404006268,-0.0802715402135541,0.0539601372912415));
#2071=CARTESIAN_POINT('',(0.0401344231012087,-0.0307057916077601,0.0578930746771858));
#2072=CARTESIAN_POINT('',(0.0347704460650274,-0.0321890634524279,0.0501938763429347));
#2073=CARTESIAN_POINT('',(0.0347704460650274,-0.0321890634524279,0.0501938763429347));
#2074=CARTESIAN_POINT('',(0.032659918293248,-0.0314648739152246,0.0515247490009005));
#2075=CARTESIAN_POINT('',(0.0401344231012087,-0.0307057916077601,0.0578930746771858));
#2076=CARTESIAN_POINT('',(0.0380238953294293,-0.0299816020705568,0.0592239473351516));
#2077=CARTESIAN_POINT('',(0.0380238953294293,-0.0299816020705568,0.0592239473351516));
#2078=CARTESIAN_POINT('',(0.032659918293248,-0.0314648739152246,0.0515247490009005));
#2079=CARTESIAN_POINT('',(0.0312763275002229,-0.0332348555005231,0.0528296787684084));
#2080=CARTESIAN_POINT('',(0.0366403045364042,-0.0317515836558553,0.0605288771026596));
#2081=CARTESIAN_POINT('',(0.0366403045364042,-0.0317515836558553,0.0605288771026596));
#2082=CARTESIAN_POINT('',(0.031276327500223,-0.0332348555005231,0.0528296787684084));
#2083=CARTESIAN_POINT('',(0.0320032644789773,-0.0357290266230249,0.0528037358779506));
#2084=CARTESIAN_POINT('',(0.0373672415151585,-0.0342457547783571,0.0605029342122017));
#2085=CARTESIAN_POINT('',(0.0373672415151585,-0.0342457547783571,0.0605029342122017));
#2086=CARTESIAN_POINT('',(0.0320032644789773,-0.0357290266230249,0.0528037358779506));
#2087=CARTESIAN_POINT('',(0.0341137922507567,-0.0364532161602283,0.0514728632199847));
#2088=CARTESIAN_POINT('',(0.039477769286938,-0.0349699443155605,0.0591720615542359));
#2089=CARTESIAN_POINT('',(0.039477769286938,-0.0349699443155605,0.0591720615542359));
#2090=CARTESIAN_POINT('',(0.0341137922507567,-0.0364532161602283,0.0514728632199848));
#2091=CARTESIAN_POINT('',(0.0354973830437818,-0.0346832345749298,0.0501679334524768));
#2092=CARTESIAN_POINT('',(0.040861360079963,-0.033199962730262,0.057867131786728));
#2093=CARTESIAN_POINT('',(0.040861360079963,-0.033199962730262,0.057867131786728));
#2094=CARTESIAN_POINT('',(0.0354973830437818,-0.0346832345749297,0.0501679334524768));
#2095=CARTESIAN_POINT('',(0.0137091627943385,-0.0102863578484784,0.0653519130964158));
#2096=CARTESIAN_POINT('',(0.0111750517554786,-0.0128293154475825,0.0565563660473751));
#2097=CARTESIAN_POINT('',(0.0111750517554786,-0.0128293154475825,0.0565563660473751));
#2098=CARTESIAN_POINT('',(0.0119701719621118,-0.015257114504217,0.0570292038531567));
#2099=CARTESIAN_POINT('',(0.0137091627943385,-0.0102863578484784,0.0653519130964158));
#2100=CARTESIAN_POINT('',(0.0145042830009716,-0.0127141569051129,0.0658247509021973));
#2101=CARTESIAN_POINT('',(0.0145042830009716,-0.0127141569051129,0.0658247509021973));
#2102=CARTESIAN_POINT('',(0.0119701719621118,-0.015257114504217,0.0570292038531567));
#2103=CARTESIAN_POINT('',(0.0144239705783032,-0.0159427117638377,0.0565204517113965));
#2104=CARTESIAN_POINT('',(0.016958081617163,-0.0133997541647336,0.0653159987604371));
#2105=CARTESIAN_POINT('',(0.016958081617163,-0.0133997541647336,0.0653159987604371));
#2106=CARTESIAN_POINT('',(0.0144239705783032,-0.0159427117638377,0.0565204517113965));
#2107=CARTESIAN_POINT('',(0.0160826489878615,-0.0142005099668239,0.0555388617638547));
#2108=CARTESIAN_POINT('',(0.0186167600267213,-0.0116575523677199,0.0643344088128953));
#2109=CARTESIAN_POINT('',(0.0186167600267213,-0.0116575523677199,0.0643344088128953));
#2110=CARTESIAN_POINT('',(0.0160826489878615,-0.0142005099668239,0.0555388617638547));
#2111=CARTESIAN_POINT('',(0.0152875287812284,-0.0117727109101894,0.0550660239580733));
#2112=CARTESIAN_POINT('',(0.0178216398200882,-0.00922975331108538,0.0638615710071138));
#2113=CARTESIAN_POINT('',(0.0178216398200882,-0.00922975331108538,0.0638615710071138));
#2114=CARTESIAN_POINT('',(0.0152875287812283,-0.0117727109101894,0.0550660239580731));
#2115=CARTESIAN_POINT('',(0.012833730165037,-0.0110871136505687,0.0555747760998334));
#2116=CARTESIAN_POINT('',(0.0153678412038968,-0.00854415605146465,0.064370323148874));
#2117=CARTESIAN_POINT('',(0.0153678412038968,-0.00854415605146465,0.064370323148874));
#2118=CARTESIAN_POINT('',(0.0128337301650369,-0.0110871136505687,0.0555747760998333));
#2119=CARTESIAN_POINT('',(0.0138467363770664,0.0138950752168674,0.048060096583197));
#2120=CARTESIAN_POINT('',(0.0136288503716701,-0.0135149127072032,0.0560476139056149));
#2121=CARTESIAN_POINT('',(0.0136288503716701,-0.0147157318102365,0.056394793227854));
#2122=CARTESIAN_POINT('',(0.0136288503716701,-0.0135149127072032,0.0560476139056149));
#2123=CARTESIAN_POINT('',(0.0134954761064669,-0.0136487525808403,0.055584690376718));
#2124=CARTESIAN_POINT('',(0.0134954761064669,-0.0148495716838736,0.0559318696989571));
#2125=CARTESIAN_POINT('',(0.0137133621118632,0.0137612353432305,0.0475971730543));
#2126=CARTESIAN_POINT('',(0.0312159898757911,0.00863199051261388,0.0448059519331566));
#2127=CARTESIAN_POINT('',(0.0333868552720024,-0.0339590450377264,0.0514988061104426));
#2128=CARTESIAN_POINT('',(0.0323612244223071,-0.0339590450377264,0.0522133558708885));
#2129=CARTESIAN_POINT('',(0.0333868552720024,-0.0339590450377264,0.0514988061104426));
#2130=CARTESIAN_POINT('',(0.0331045406911507,-0.0340371119769195,0.051093585145482));
#2131=CARTESIAN_POINT('',(0.0320789098414554,-0.0340371119769195,0.0518081349059279));
#2132=CARTESIAN_POINT('',(0.0309336752949395,0.0085539235734209,0.0444007309681959));
#2133=CARTESIAN_POINT('',(0.0402689568911858,-0.00811745168179329,0.0582987561708589));
#2134=CARTESIAN_POINT('',(0.0333889911201343,-0.0821067256216277,0.0527488039526331));
#2135=CARTESIAN_POINT('',(0.032360494183915,-0.0821067256216277,0.0534592221760674));
#2136=CARTESIAN_POINT('',(0.0333889911201343,-0.0821067256216277,0.0527488039526331));
#2137=CARTESIAN_POINT('',(0.0331066705516389,-0.0820498151935843,0.0523400787395811));
#2138=CARTESIAN_POINT('',(0.0320781736154196,-0.0820498151935843,0.0530504969630154));
#2139=CARTESIAN_POINT('',(0.0399866363226905,-0.00806054125375006,0.0578900309578071));
#2140=CARTESIAN_POINT('',(0.0359351203033339,-0.0830862159494205,0.0179751672483965));
#2141=CARTESIAN_POINT('',(0.03579271959096,-0.0841678567460897,0.0179374931765468));
#2142=CARTESIAN_POINT('',(0.0601933465375425,-0.0826978360764827,0.0573557485269847));
#2143=CARTESIAN_POINT('',(0.0423473390328138,-0.0803483646165223,0.0573557485269848));
#2144=CARTESIAN_POINT('',(0.0415646484173102,-0.0862934900782262,0.0571486769330791));
#2145=MECHANICAL_DESIGN_GEOMETRIC_PRESENTATION_REPRESENTATION('',(#1065),
#2146);
#2146=(
GEOMETRIC_REPRESENTATION_CONTEXT(3)
GLOBAL_UNCERTAINTY_ASSIGNED_CONTEXT((#2147))
GLOBAL_UNIT_ASSIGNED_CONTEXT((#2150,#2149,#2148))
REPRESENTATION_CONTEXT('Shell1','TOP_LEVEL_ASSEMBLY_PART')
);
#2147=UNCERTAINTY_MEASURE_WITH_UNIT(LENGTH_MEASURE(2.E-5),#2150,
'DISTANCE_ACCURACY_VALUE','Maximum Tolerance applied to model');
#2148=(
NAMED_UNIT(*)
SI_UNIT($,.STERADIAN.)
SOLID_ANGLE_UNIT()
);
#2149=(
NAMED_UNIT(*)
PLANE_ANGLE_UNIT()
SI_UNIT($,.RADIAN.)
);
#2150=(
LENGTH_UNIT()
NAMED_UNIT(*)
SI_UNIT($,.METRE.)
);
#2151=PRODUCT_DEFINITION_SHAPE('','',#2152);
#2152=PRODUCT_DEFINITION('','',#2154,#2153);
#2153=PRODUCT_DEFINITION_CONTEXT('',#2160,'design');
#2154=PRODUCT_DEFINITION_FORMATION_WITH_SPECIFIED_SOURCE('','',#2156,
 .NOT_KNOWN.);
#2155=PRODUCT_RELATED_PRODUCT_CATEGORY('','',(#2156));
#2156=PRODUCT('Shell1','Shell1','Shell1',(#2158));
#2157=PRODUCT_CATEGORY('','');
#2158=PRODUCT_CONTEXT('',#2160,'mechanical');
#2159=APPLICATION_PROTOCOL_DEFINITION('international standard',
'ap242_managed_model_based_3d_engineering',2020,#2160);
#2160=APPLICATION_CONTEXT('managed model based 3d engineering');
ENDSEC;
END-ISO-10303-21;
