ISO-10303-21;
HEADER;
/* Generated by software containing ST-Developer
 * from STEP Tools, Inc. (www.steptools.com) 
 */
/* OPTION: using custom renumber hook */

FILE_DESCRIPTION(
/* description */ ('STEP AP242 Edition 2',
'CAx-IF Rec.Pracs.---Representation and Presentation of Product Manufa
cturing Information (PMI)---4.0---2014-10-13',
'CAx-IF Rec.Pracs.---3D Tessellated Geometry---0.4---2014-09-14','2;1',
'CAx-IF Rec.Pracs.---User Defined Attributes---1.5---2016-08-15'),
/* implementation_level */ '2;1');

FILE_NAME(
/* name */ 'Robotic Hand_V5_simulacra - Base Bone 1.2_V02_pinky',
/* time_stamp */ '2026-09-25T22:15:30Z',
/* author */ (''),
/* organization */ (''),
/* preprocessor_version */ 'ST-DEVELOPER v20',
/* originating_system */ 'ONSHAPE BY PTC INC, 1.221',
/* authorisation */ '  ');

FILE_SCHEMA (('AP242_MANAGED_MODEL_BASED_3D_ENGINEERING_MIM_LF { 1 0 10303 442 3 1 4 }'));
ENDSEC;

DATA;
#10=SHAPE_REPRESENTATION_RELATIONSHIP('','',#5807,#11);
#11=ADVANCED_BREP_SHAPE_REPRESENTATION('',(#5805),#10229);
#12=B_SPLINE_SURFACE_WITH_KNOTS('',3,1,((#10178,#10179),(#10180,#10181),
(#10182,#10183),(#10184,#10185),(#10186,#10187)),
 .SURF_OF_LINEAR_EXTRUSION.,.F.,.F.,.F.,(4,1,4),(2,2),(1.04083408558608E-17,
0.5,1.),(0.,1.),.UNSPECIFIED.);
#13=(
BOUNDED_SURFACE()
B_SPLINE_SURFACE(3,2,((#8722,#8723,#8724),(#8725,#8726,#8727),(#8728,#8729,
#8730),(#8731,#8732,#8733),(#8734,#8735,#8736),(#8737,#8738,#8739),(#8740,
#8741,#8742),(#8743,#8744,#8745)),.UNSPECIFIED.,.F.,.F.,.F.)
B_SPLINE_SURFACE_WITH_KNOTS((4,1,1,1,1,4),(3,3),(-1.30104260698261E-17,
0.00185157732242068,0.00370315464484138,0.00462894330605173,0.00555473196726208,
0.00740630928968278),(0.,1.),.UNSPECIFIED.)
GEOMETRIC_REPRESENTATION_ITEM()
RATIONAL_B_SPLINE_SURFACE(((1.,0.707106781186549,1.),(1.,0.690672637055798,
1.),(1.,0.622786465490141,1.),(1.,0.561533643617992,1.),(1.,0.584662924643307,
1.),(1.,0.640257119163981,1.),(1.,0.690677426673645,1.),(1.,0.707106781186542,
1.)))
REPRESENTATION_ITEM('')
SURFACE()
);
#14=(
BOUNDED_SURFACE()
B_SPLINE_SURFACE(3,2,((#8987,#8988,#8989),(#8990,#8991,#8992),(#8993,#8994,
#8995),(#8996,#8997,#8998),(#8999,#9000,#9001),(#9002,#9003,#9004),(#9005,
#9006,#9007),(#9008,#9009,#9010)),.UNSPECIFIED.,.F.,.F.,.F.)
B_SPLINE_SURFACE_WITH_KNOTS((4,1,1,1,1,4),(3,3),(-1.7130394325271E-17,0.00185157732242068,
0.00370315464484138,0.00462894330605173,0.00555473196726208,0.00740630928968279),
(0.,1.),.UNSPECIFIED.)
GEOMETRIC_REPRESENTATION_ITEM()
RATIONAL_B_SPLINE_SURFACE(((1.,0.707106781186541,1.),(1.,0.690672637072287,
1.),(1.,0.622786465482223,1.),(1.,0.561533643619182,1.),(1.,0.584662924642745,
1.),(1.,0.640257119166136,1.),(1.,0.690677426664502,1.),(1.,0.707106781186549,
1.)))
REPRESENTATION_ITEM('')
SURFACE()
);
#15=(
BOUNDED_SURFACE()
B_SPLINE_SURFACE(3,2,((#9868,#9869,#9870),(#9871,#9872,#9873),(#9874,#9875,
#9876),(#9877,#9878,#9879),(#9880,#9881,#9882),(#9883,#9884,#9885),(#9886,
#9887,#9888),(#9889,#9890,#9891)),.UNSPECIFIED.,.F.,.F.,.F.)
B_SPLINE_SURFACE_WITH_KNOTS((4,1,1,1,1,4),(3,3),(-1.77809156287623E-17,
0.00185157732242068,0.00370315464484138,0.00462894330605173,0.00555473196726208,
0.00740630928968278),(0.,1.),.UNSPECIFIED.)
GEOMETRIC_REPRESENTATION_ITEM()
RATIONAL_B_SPLINE_SURFACE(((1.,0.707106781186541,1.),(1.,0.690672637072287,
1.),(1.,0.622786465482222,1.),(1.,0.561533643619186,1.),(1.,0.584662924642739,
1.),(1.,0.640257119166168,1.),(1.,0.690677426664363,1.),(1.,0.707106781186549,
1.)))
REPRESENTATION_ITEM('')
SURFACE()
);
#16=(
BOUNDED_SURFACE()
B_SPLINE_SURFACE(3,2,((#9892,#9893,#9894),(#9895,#9896,#9897),(#9898,#9899,
#9900),(#9901,#9902,#9903),(#9904,#9905,#9906),(#9907,#9908,#9909),(#9910,
#9911,#9912),(#9913,#9914,#9915)),.UNSPECIFIED.,.F.,.F.,.F.)
B_SPLINE_SURFACE_WITH_KNOTS((4,1,1,1,1,4),(3,3),(-1.21430643318376E-17,
0.00185157732242068,0.00370315464484138,0.00462894330605173,0.00555473196726207,
0.00740630928968277),(0.,1.),.UNSPECIFIED.)
GEOMETRIC_REPRESENTATION_ITEM()
RATIONAL_B_SPLINE_SURFACE(((1.,0.707106781186549,1.),(1.,0.690672637055798,
1.),(1.,0.622786465490142,1.),(1.,0.561533643617988,1.),(1.,0.584662924643313,
1.),(1.,0.640257119163949,1.),(1.,0.690677426673784,1.),(1.,0.707106781186541,
1.)))
REPRESENTATION_ITEM('')
SURFACE()
);
#17=SPHERICAL_SURFACE('',#5965,0.0015);
#18=SPHERICAL_SURFACE('',#5971,0.0015);
#19=SPHERICAL_SURFACE('',#6059,0.0015);
#20=SPHERICAL_SURFACE('',#6086,0.006);
#21=SPHERICAL_SURFACE('',#6218,0.006);
#22=SPHERICAL_SURFACE('',#6296,0.006);
#23=SPHERICAL_SURFACE('',#6300,0.006);
#24=TOROIDAL_SURFACE('',#5904,0.005,0.00075);
#25=TOROIDAL_SURFACE('',#5927,0.00335,0.0006);
#26=TOROIDAL_SURFACE('',#5931,0.00335,0.0006);
#27=TOROIDAL_SURFACE('',#5983,0.003,0.00075);
#28=TOROIDAL_SURFACE('',#5988,0.00335,0.0006);
#29=TOROIDAL_SURFACE('',#6036,0.003,0.00075);
#30=TOROIDAL_SURFACE('',#6063,0.005,0.00075);
#31=TOROIDAL_SURFACE('',#6162,0.003,0.0015);
#32=TOROIDAL_SURFACE('',#6167,0.003,0.0015);
#33=TOROIDAL_SURFACE('',#6185,0.00335,0.0006);
#34=TOROIDAL_SURFACE('',#6189,0.00335,0.0006);
#35=TOROIDAL_SURFACE('',#6259,0.00335,0.0006);
#36=B_SPLINE_CURVE_WITH_KNOTS('',3,(#8275,#8276,#8277,#8278),
 .UNSPECIFIED.,.F.,.F.,(4,4),(0.,0.00118993476882239),.UNSPECIFIED.);
#37=B_SPLINE_CURVE_WITH_KNOTS('',3,(#8282,#8283,#8284,#8285,#8286),
 .UNSPECIFIED.,.F.,.F.,(4,1,4),(3.81269371180124E-17,0.0033374197948201,
0.00667483958964016),.UNSPECIFIED.);
#38=B_SPLINE_CURVE_WITH_KNOTS('',3,(#8290,#8291,#8292,#8293,#8294,#8295,
#8296),.UNSPECIFIED.,.F.,.F.,(4,1,1,1,4),(0.,0.0019212685788971,0.00384253715779421,
0.00576380573669131,0.00768507431558841),.UNSPECIFIED.);
#39=B_SPLINE_CURVE_WITH_KNOTS('',3,(#8395,#8396,#8397,#8398,#8399,#8400,
#8401),.UNSPECIFIED.,.F.,.F.,(4,1,1,1,4),(0.,0.00192126857889711,0.00384253715779421,
0.00576380573669132,0.00768507431558843),.UNSPECIFIED.);
#40=B_SPLINE_CURVE_WITH_KNOTS('',3,(#8405,#8406,#8407,#8408,#8409),
 .UNSPECIFIED.,.F.,.F.,(4,1,4),(0.,0.00333741979482029,0.00667483958964059),
 .UNSPECIFIED.);
#41=B_SPLINE_CURVE_WITH_KNOTS('',3,(#8489,#8490,#8491,#8492),
 .UNSPECIFIED.,.F.,.F.,(4,4),(0.00829706777085864,0.00882195993738412),
 .UNSPECIFIED.);
#42=B_SPLINE_CURVE_WITH_KNOTS('',3,(#8509,#8510,#8511,#8512),
 .UNSPECIFIED.,.F.,.F.,(4,4),(0.00829706777085843,0.0088219599373841),
 .UNSPECIFIED.);
#43=B_SPLINE_CURVE_WITH_KNOTS('',3,(#8563,#8564,#8565,#8566),
 .UNSPECIFIED.,.F.,.F.,(4,4),(0.,0.000523940552808647),.UNSPECIFIED.);
#44=B_SPLINE_CURVE_WITH_KNOTS('',3,(#8570,#8571,#8572,#8573,#8574,#8575,
#8576),.UNSPECIFIED.,.F.,.F.,(4,1,1,1,4),(0.,0.00153341607373151,0.00306683214746303,
0.00460024822119454,0.00613366429492605),.UNSPECIFIED.);
#45=B_SPLINE_CURVE_WITH_KNOTS('',3,(#8581,#8582,#8583,#8584,#8585,#8586,
#8587),.UNSPECIFIED.,.F.,.F.,(4,1,1,1,4),(0.,0.00153341607373156,0.00306683214746313,
0.00460024822119469,0.00613366429492625),.UNSPECIFIED.);
#46=B_SPLINE_CURVE_WITH_KNOTS('',3,(#8652,#8653,#8654,#8655),
 .UNSPECIFIED.,.F.,.F.,(4,4),(0.00503005266454251,0.00522171114461407),
 .UNSPECIFIED.);
#47=B_SPLINE_CURVE_WITH_KNOTS('',3,(#8704,#8705,#8706,#8707,#8708,#8709,
#8710,#8711,#8712,#8713),.UNSPECIFIED.,.F.,.F.,(4,1,1,1,1,1,1,4),(-0.000597191133877872,
-0.000430256641087703,-0.000263322148297533,-9.63876555073634E-5,7.05468372828062E-5,
0.000237481330072976,0.000404415822863145,0.000738284808443485),
 .UNSPECIFIED.);
#48=B_SPLINE_CURVE_WITH_KNOTS('',3,(#8746,#8747,#8748,#8749,#8750,#8751,
#8752),.UNSPECIFIED.,.F.,.F.,(4,1,1,1,4),(0.,0.0019212685788971,0.0038425371577942,
0.00576380573669131,0.00768507431558841),.UNSPECIFIED.);
#49=B_SPLINE_CURVE_WITH_KNOTS('',3,(#8754,#8755,#8756,#8757,#8758,#8759,
#8760,#8761,#8762),.UNSPECIFIED.,.F.,.F.,(4,1,1,1,1,1,4),(5.61646027344503E-17,
0.000432120984143758,0.000648181476215608,0.000864241968287459,0.00108030246035931,
0.00129636295243116,0.00172848393657486),.UNSPECIFIED.);
#50=B_SPLINE_CURVE_WITH_KNOTS('',3,(#8767,#8768,#8769,#8770),
 .UNSPECIFIED.,.F.,.F.,(4,4),(0.00649354605467937,0.00765195436149047),
 .UNSPECIFIED.);
#51=B_SPLINE_CURVE_WITH_KNOTS('',3,(#8772,#8773,#8774,#8775),
 .UNSPECIFIED.,.F.,.F.,(4,4),(0.00191852877044741,0.00310952458775647),
 .UNSPECIFIED.);
#52=B_SPLINE_CURVE_WITH_KNOTS('',3,(#8777,#8778,#8779,#8780),
 .UNSPECIFIED.,.F.,.F.,(4,4),(0.00022167387701547,0.00132457924892989),
 .UNSPECIFIED.);
#53=B_SPLINE_CURVE_WITH_KNOTS('',3,(#8781,#8782,#8783,#8784),
 .UNSPECIFIED.,.F.,.F.,(4,4),(0.000209040621844822,0.00131977162246715),
 .UNSPECIFIED.);
#54=B_SPLINE_CURVE_WITH_KNOTS('',3,(#8810,#8811,#8812,#8813),
 .UNSPECIFIED.,.F.,.F.,(4,4),(0.000257470240764335,0.000507412111780331),
 .UNSPECIFIED.);
#55=B_SPLINE_CURVE_WITH_KNOTS('',3,(#8851,#8852,#8853,#8854),
 .UNSPECIFIED.,.F.,.F.,(4,4),(0.,0.000523940552809087),.UNSPECIFIED.);
#56=B_SPLINE_CURVE_WITH_KNOTS('',3,(#8888,#8889,#8890,#8891,#8892,#8893,
#8894,#8895,#8896,#8897,#8898),.UNSPECIFIED.,.F.,.F.,(4,1,1,1,1,1,1,1,4),
(0.,0.00136241841895415,0.0027248368379083,0.00408725525686245,0.0054496736758166,
0.00681209209477074,0.00817451051372489,0.00953692893267904,0.0108993473516332),
 .UNSPECIFIED.);
#57=B_SPLINE_CURVE_WITH_KNOTS('',3,(#8901,#8902,#8903,#8904,#8905),
 .UNSPECIFIED.,.F.,.F.,(4,1,4),(9.85133562538035E-18,0.00149318462329017,
0.00298636924658033),.UNSPECIFIED.);
#58=B_SPLINE_CURVE_WITH_KNOTS('',3,(#8917,#8918,#8919,#8920),
 .UNSPECIFIED.,.F.,.F.,(4,4),(0.00226320684312396,0.0040432425392552),
 .UNSPECIFIED.);
#59=B_SPLINE_CURVE_WITH_KNOTS('',3,(#8921,#8922,#8923,#8924,#8925),
 .UNSPECIFIED.,.F.,.F.,(4,1,4),(0.0164676045170778,0.019001503319289,0.0215354021215002),
 .UNSPECIFIED.);
#60=B_SPLINE_CURVE_WITH_KNOTS('',3,(#8958,#8959,#8960,#8961),
 .UNSPECIFIED.,.F.,.F.,(4,4),(0.,0.000210858128446731),.UNSPECIFIED.);
#61=B_SPLINE_CURVE_WITH_KNOTS('',3,(#8971,#8972,#8973,#8974,#8975),
 .UNSPECIFIED.,.F.,.F.,(4,1,4),(3.81269371180124E-17,0.00333741979482006,
0.00667483958964008),.UNSPECIFIED.);
#62=B_SPLINE_CURVE_WITH_KNOTS('',3,(#8979,#8980,#8981,#8982,#8983),
 .UNSPECIFIED.,.F.,.F.,(4,1,4),(0.,0.00333741979482029,0.00667483958964059),
 .UNSPECIFIED.);
#63=B_SPLINE_CURVE_WITH_KNOTS('',3,(#9011,#9012,#9013,#9014,#9015,#9016,
#9017),.UNSPECIFIED.,.F.,.F.,(4,1,1,1,4),(0.,0.00192126857889711,0.00384253715779421,
0.00576380573669132,0.00768507431558842),.UNSPECIFIED.);
#64=B_SPLINE_CURVE_WITH_KNOTS('',3,(#9019,#9020,#9021,#9022),
 .UNSPECIFIED.,.F.,.F.,(4,4),(0.00181493186954425,0.00283688441136612),
 .UNSPECIFIED.);
#65=B_SPLINE_CURVE_WITH_KNOTS('',3,(#9029,#9030,#9031,#9032,#9033,#9034,
#9035,#9036,#9037),.UNSPECIFIED.,.F.,.F.,(4,1,1,1,1,1,4),(6.31448876631291E-18,
0.000554527471724987,0.000831791207587477,0.00110905494344997,0.00138631867931246,
0.00166358241517495,0.00221810988689993),.UNSPECIFIED.);
#66=B_SPLINE_CURVE_WITH_KNOTS('',3,(#9042,#9043,#9044,#9045),
 .UNSPECIFIED.,.F.,.F.,(4,4),(0.000222813600277711,0.00139982158419331),
 .UNSPECIFIED.);
#67=B_SPLINE_CURVE_WITH_KNOTS('',3,(#9046,#9047,#9048,#9049),
 .UNSPECIFIED.,.F.,.F.,(4,4),(0.00024961976545002,0.00143136601132899),
 .UNSPECIFIED.);
#68=B_SPLINE_CURVE_WITH_KNOTS('',3,(#9051,#9052,#9053,#9054),
 .UNSPECIFIED.,.F.,.F.,(4,4),(0.00666852478901496,0.00768237620237518),
 .UNSPECIFIED.);
#69=B_SPLINE_CURVE_WITH_KNOTS('',3,(#9079,#9080,#9081,#9082,#9083,#9084,
#9085,#9086,#9087,#9088,#9089),.UNSPECIFIED.,.F.,.F.,(4,1,1,1,1,1,1,1,4),
(0.,0.00130809192985567,0.00261618385971135,0.00392427578956702,0.0052323677194227,
0.00654045964927837,0.00784855157913405,0.00915664350898972,0.0104647354388454),
 .UNSPECIFIED.);
#70=B_SPLINE_CURVE_WITH_KNOTS('',3,(#9091,#9092,#9093,#9094),
 .UNSPECIFIED.,.F.,.F.,(4,4),(0.,0.00199170923104992),.UNSPECIFIED.);
#71=B_SPLINE_CURVE_WITH_KNOTS('',3,(#9116,#9117,#9118,#9119,#9120,#9121,
#9122,#9123,#9124,#9125,#9126),.UNSPECIFIED.,.F.,.F.,(4,1,1,1,1,1,1,1,4),
(0.000428013857796375,0.00173693054452594,0.00304584723125551,0.00435476391798508,
0.00566368060471465,0.00697259729144422,0.00828151397817379,0.00959043066490336,
0.0108993473516329),.UNSPECIFIED.);
#72=B_SPLINE_CURVE_WITH_KNOTS('',3,(#9131,#9132,#9133,#9134),
 .UNSPECIFIED.,.F.,.F.,(4,4),(0.00204211336163305,0.00404378076016368),
 .UNSPECIFIED.);
#73=B_SPLINE_CURVE_WITH_KNOTS('',3,(#9147,#9148,#9149,#9150,#9151,#9152,
#9153,#9154,#9155,#9156,#9157),.UNSPECIFIED.,.F.,.F.,(4,1,1,1,1,1,1,1,4),
(0.,0.00134140071605637,0.00268280143211273,0.0040242021481691,0.00536560286422547,
0.00670700358028183,0.0080484042963382,0.00938980501239456,0.0107312057284509),
 .UNSPECIFIED.);
#74=B_SPLINE_CURVE_WITH_KNOTS('',3,(#9161,#9162,#9163,#9164),
 .UNSPECIFIED.,.F.,.F.,(4,4),(9.69739903612216E-18,0.00226012516184943),
 .UNSPECIFIED.);
#75=B_SPLINE_CURVE_WITH_KNOTS('',3,(#9176,#9177,#9178,#9179,#9180,#9181,
#9182,#9183,#9184,#9185,#9186),.UNSPECIFIED.,.F.,.F.,(4,1,1,1,1,1,1,1,4),
(0.,0.00134140071605642,0.00268280143211284,0.00402420214816927,0.00536560286422569,
0.00670700358028211,0.00804840429633853,0.00938980501239495,0.0107312057284514),
 .UNSPECIFIED.);
#76=B_SPLINE_CURVE_WITH_KNOTS('',3,(#9187,#9188,#9189,#9190,#9191),
 .UNSPECIFIED.,.F.,.F.,(4,1,4),(0.,0.000978039151925413,0.00195607830385083),
 .UNSPECIFIED.);
#77=B_SPLINE_CURVE_WITH_KNOTS('',3,(#9199,#9200,#9201,#9202,#9203,#9204,
#9205,#9206,#9207,#9208,#9209,#9210,#9211,#9212,#9213,#9214,#9215),
 .UNSPECIFIED.,.F.,.F.,(4,1,1,1,1,1,1,1,1,1,1,1,1,1,4),(0.00804423824277128,
0.00875962275483536,0.00947500726689944,0.00983269952293148,0.0101903917789635,
0.0105480840349956,0.0109057762910276,0.0110846224190436,0.0112634685470596,
0.0114423146750757,0.0116211608030917,0.0119788530591237,0.0123365453151558,
0.0130519298272198,0.0137673143392839),.UNSPECIFIED.);
#78=B_SPLINE_CURVE_WITH_KNOTS('',3,(#9218,#9219,#9220,#9221,#9222,#9223),
 .UNSPECIFIED.,.F.,.F.,(4,1,1,4),(1.97871800856857E-7,0.000548835021952017,
0.00109747217210318,0.0021947464724055),.UNSPECIFIED.);
#79=B_SPLINE_CURVE_WITH_KNOTS('',3,(#9236,#9237,#9238,#9239),
 .UNSPECIFIED.,.F.,.F.,(4,4),(0.,0.000249968682630991),.UNSPECIFIED.);
#80=B_SPLINE_CURVE_WITH_KNOTS('',3,(#9251,#9252,#9253,#9254),
 .UNSPECIFIED.,.F.,.F.,(4,4),(0.000257531030476036,0.00050747134063342),
 .UNSPECIFIED.);
#81=B_SPLINE_CURVE_WITH_KNOTS('',3,(#9258,#9259,#9260,#9261),
 .UNSPECIFIED.,.F.,.F.,(4,4),(0.,0.000249941871015996),.UNSPECIFIED.);
#82=B_SPLINE_CURVE_WITH_KNOTS('',3,(#9293,#9294,#9295,#9296,#9297,#9298,
#9299,#9300,#9301,#9302,#9303,#9304,#9305,#9306,#9307,#9308,#9309,#9310,
#9311,#9312),.UNSPECIFIED.,.F.,.F.,(4,1,1,1,1,1,1,1,1,1,1,1,1,1,1,1,1,4),
(0.000644813065847635,0.0020543567683556,0.00275912861960958,0.00346390047086356,
0.00416867232211754,0.00487344417337152,0.00522583009899851,0.0055782160246255,
0.00593060195025249,0.00628298787587948,0.00698775972713346,0.00769253157838744,
0.00839730342964142,0.00910207528089541,0.00980684713214939,0.0105116189834034,
0.0112163908346573,0.0119211626859113),.UNSPECIFIED.);
#83=B_SPLINE_CURVE_WITH_KNOTS('',3,(#9314,#9315,#9316,#9317,#9318,#9319,
#9320,#9321,#9322,#9323,#9324,#9325,#9326),.UNSPECIFIED.,.T.,.F.,(1,1,1,
1,1,1,1,1,1,1,1,1,1,1,1,1,1),(-0.00187876845923642,-0.00125251230615762,
-0.000626256153078808,0.,0.000626256153078808,0.000939384229618212,0.00125251230615762,
0.00156564038269702,0.00187876845923642,0.00250502461231523,0.00313128076539404,
0.00375753691847285,0.00438379307155166,0.00501004922463047,0.00563630537770927,
0.00594943345424868,0.00626256153078808),.UNSPECIFIED.);
#84=B_SPLINE_CURVE_WITH_KNOTS('',3,(#9353,#9354,#9355,#9356,#9357,#9358,
#9359,#9360,#9361,#9362,#9363),.UNSPECIFIED.,.F.,.F.,(4,1,1,1,1,1,1,1,4),
(0.,0.00272565751851695,0.00408848627777543,0.00545131503703391,0.00817697255555086,
0.0109026300740678,0.0136282875925848,0.0163539451111017,0.0218052601481356),
 .UNSPECIFIED.);
#85=B_SPLINE_CURVE_WITH_KNOTS('',3,(#9385,#9386,#9387,#9388,#9389,#9390,
#9391,#9392,#9393,#9394,#9395,#9396,#9397),.UNSPECIFIED.,.F.,.F.,(4,1,1,
1,1,1,1,1,1,1,4),(3.6799042000401E-18,0.00275994502340804,0.00551989004681607,
0.0082798350702241,0.0110397800936321,0.0137997251170402,0.0151796976287442,
0.0165596701404482,0.0179396426521522,0.0193196151638562,0.0220795601872643),
 .UNSPECIFIED.);
#86=B_SPLINE_CURVE_WITH_KNOTS('',3,(#9413,#9414,#9415,#9416),
 .UNSPECIFIED.,.F.,.F.,(4,4),(0.,0.000822934661158328),.UNSPECIFIED.);
#87=B_SPLINE_CURVE_WITH_KNOTS('',3,(#9422,#9423,#9424,#9425,#9426,#9427,
#9428,#9429,#9430,#9431,#9432),.UNSPECIFIED.,.F.,.F.,(4,1,1,1,1,1,1,1,4),
(0.000472885842609989,0.00313943263080052,0.00447270602489579,0.00580597941899105,
0.00847252620718159,0.0111390729953721,0.0138056197835627,0.0164721665717532,
0.0218052601481342),.UNSPECIFIED.);
#88=B_SPLINE_CURVE_WITH_KNOTS('',3,(#9448,#9449,#9450,#9451),
 .UNSPECIFIED.,.F.,.F.,(4,4),(2.57447224643739E-17,0.000580554977444958),
 .UNSPECIFIED.);
#89=B_SPLINE_CURVE_WITH_KNOTS('',3,(#9452,#9453,#9454,#9455,#9456,#9457,
#9458),.UNSPECIFIED.,.F.,.F.,(4,1,1,1,4),(8.67361737988404E-19,0.00328730140500135,
0.0065746028100027,0.00986190421500405,0.0131492056200054),
 .UNSPECIFIED.);
#90=B_SPLINE_CURVE_WITH_KNOTS('',3,(#9480,#9481,#9482,#9483,#9484,#9485,
#9486,#9487,#9488,#9489,#9490),.UNSPECIFIED.,.F.,.F.,(4,1,1,1,1,1,1,1,4),
(0.000472883361605208,0.00313943518072927,0.0044727110902913,0.00580598699985333,
0.00847253881897739,0.0111390906381014,0.0138056424572255,0.0164721942763496,
0.0218052979145977),.UNSPECIFIED.);
#91=B_SPLINE_CURVE_WITH_KNOTS('',3,(#9510,#9511,#9512,#9513,#9514),
 .UNSPECIFIED.,.F.,.F.,(4,1,4),(8.67361737988404E-19,0.00484171697361293,
0.00968343394722586),.UNSPECIFIED.);
#92=B_SPLINE_CURVE_WITH_KNOTS('',3,(#9515,#9516,#9517,#9518,#9519,#9520,
#9521),.UNSPECIFIED.,.F.,.F.,(4,1,1,1,4),(0.013775411885876,0.0157153984828135,
0.017655385079751,0.0195953716766885,0.021535358273626),.UNSPECIFIED.);
#93=B_SPLINE_CURVE_WITH_KNOTS('',3,(#9539,#9540,#9541,#9542,#9543,#9544,
#9545),.UNSPECIFIED.,.F.,.F.,(4,1,1,1,4),(3.44863561672451E-7,0.00096907762821207,
0.00193781039286247,0.00290654315751287,0.00387527592216326),
 .UNSPECIFIED.);
#94=B_SPLINE_CURVE_WITH_KNOTS('',3,(#9558,#9559,#9560,#9561,#9562),
 .UNSPECIFIED.,.F.,.F.,(4,1,4),(0.,0.00153561195406649,0.00307122390813298),
 .UNSPECIFIED.);
#95=B_SPLINE_CURVE_WITH_KNOTS('',3,(#9572,#9573,#9574,#9575,#9576),
 .UNSPECIFIED.,.F.,.F.,(4,1,4),(0.,0.00153561195406649,0.00307122390813298),
 .UNSPECIFIED.);
#96=B_SPLINE_CURVE_WITH_KNOTS('',3,(#9619,#9620,#9621,#9622,#9623,#9624,
#9625),.UNSPECIFIED.,.F.,.F.,(4,1,1,1,4),(0.,0.00153341607373156,0.00306683214746313,
0.00460024822119469,0.00613366429492625),.UNSPECIFIED.);
#97=B_SPLINE_CURVE_WITH_KNOTS('',3,(#9630,#9631,#9632,#9633,#9634,#9635,
#9636),.UNSPECIFIED.,.F.,.F.,(4,1,1,1,4),(0.,0.00153341607373151,0.00306683214746303,
0.00460024822119454,0.00613366429492606),.UNSPECIFIED.);
#98=B_SPLINE_CURVE_WITH_KNOTS('',3,(#9660,#9661,#9662,#9663,#9664),
 .UNSPECIFIED.,.F.,.F.,(4,1,4),(0.,0.00107162292351663,0.00214324584703325),
 .UNSPECIFIED.);
#99=B_SPLINE_CURVE_WITH_KNOTS('',3,(#9667,#9668,#9669,#9670),
 .UNSPECIFIED.,.F.,.F.,(4,4),(0.0104639436216752,0.0108993473516307),
 .UNSPECIFIED.);
#100=B_SPLINE_CURVE_WITH_KNOTS('',3,(#9694,#9695,#9696,#9697),
 .UNSPECIFIED.,.F.,.F.,(4,4),(0.,0.000434985255982018),.UNSPECIFIED.);
#101=B_SPLINE_CURVE_WITH_KNOTS('',3,(#9698,#9699,#9700,#9701),
 .UNSPECIFIED.,.F.,.F.,(4,4),(0.0102986399156112,0.0107312057284486),
 .UNSPECIFIED.);
#102=B_SPLINE_CURVE_WITH_KNOTS('',3,(#9753,#9754,#9755,#9756,#9757),
 .UNSPECIFIED.,.F.,.F.,(4,1,4),(0.,0.5,1.),.UNSPECIFIED.);
#103=B_SPLINE_CURVE_WITH_KNOTS('',3,(#9966,#9967,#9968,#9969,#9970),
 .UNSPECIFIED.,.F.,.F.,(4,1,4),(0.,0.5,1.),.UNSPECIFIED.);
#104=B_SPLINE_CURVE_WITH_KNOTS('',3,(#10188,#10189,#10190,#10191,#10192,
#10193,#10194,#10195,#10196,#10197,#10198,#10199,#10200,#10201,#10202,#10203,
#10204,#10205),.UNSPECIFIED.,.F.,.F.,(4,1,1,1,1,1,1,1,1,1,1,1,1,1,1,4),
(0.,0.0813649815032262,0.139072160753848,0.206159577675359,0.264915938295705,
0.314059252676301,0.366539176680408,0.430541233148084,0.48434561840087,
0.54304277199324,0.614321250855734,0.680635158868504,0.750052379719819,
0.823549080592934,0.900489118937517,1.),.UNSPECIFIED.);
#105=B_SPLINE_CURVE_WITH_KNOTS('',3,(#10206,#10207,#10208,#10209,#10210,
#10211,#10212,#10213,#10214,#10215,#10216,#10217,#10218,#10219,#10220,#10221,
#10222,#10223),.UNSPECIFIED.,.F.,.F.,(4,1,1,1,1,1,1,1,1,1,1,1,1,1,1,4),
(0.,0.0813649815032262,0.139072160753848,0.206159577675359,0.264915938295705,
0.314059252676301,0.366539176680408,0.430541233148084,0.48434561840087,
0.54304277199324,0.614321250855734,0.680635158868504,0.750052379719819,
0.823549080592934,0.900489118937517,1.),.UNSPECIFIED.);
#106=CYLINDRICAL_SURFACE('',#5847,0.006);
#107=CYLINDRICAL_SURFACE('',#5862,0.006);
#108=CYLINDRICAL_SURFACE('',#5885,0.00125);
#109=CYLINDRICAL_SURFACE('',#5897,0.00125);
#110=CYLINDRICAL_SURFACE('',#5902,0.008);
#111=CYLINDRICAL_SURFACE('',#5907,0.008);
#112=CYLINDRICAL_SURFACE('',#5910,0.006);
#113=CYLINDRICAL_SURFACE('',#5915,0.006);
#114=CYLINDRICAL_SURFACE('',#5921,0.008);
#115=CYLINDRICAL_SURFACE('',#5923,0.00275);
#116=CYLINDRICAL_SURFACE('',#5935,0.00075);
#117=CYLINDRICAL_SURFACE('',#5949,0.00613827546702941);
#118=CYLINDRICAL_SURFACE('',#5969,0.0015);
#119=CYLINDRICAL_SURFACE('',#5974,0.00075);
#120=CYLINDRICAL_SURFACE('',#5980,0.0015);
#121=CYLINDRICAL_SURFACE('',#5981,0.00075);
#122=CYLINDRICAL_SURFACE('',#5987,0.0015);
#123=CYLINDRICAL_SURFACE('',#5993,0.0015);
#124=CYLINDRICAL_SURFACE('',#5999,0.006);
#125=CYLINDRICAL_SURFACE('',#6004,0.008);
#126=CYLINDRICAL_SURFACE('',#6005,0.006);
#127=CYLINDRICAL_SURFACE('',#6015,0.00275);
#128=CYLINDRICAL_SURFACE('',#6018,0.00613827546702941);
#129=CYLINDRICAL_SURFACE('',#6026,0.00275);
#130=CYLINDRICAL_SURFACE('',#6028,0.0075);
#131=CYLINDRICAL_SURFACE('',#6033,0.00075);
#132=CYLINDRICAL_SURFACE('',#6043,0.00275);
#133=CYLINDRICAL_SURFACE('',#6048,0.00275);
#134=CYLINDRICAL_SURFACE('',#6053,0.00275);
#135=CYLINDRICAL_SURFACE('',#6058,0.00275);
#136=CYLINDRICAL_SURFACE('',#6066,0.0015);
#137=CYLINDRICAL_SURFACE('',#6071,0.0015);
#138=CYLINDRICAL_SURFACE('',#6083,0.00075);
#139=CYLINDRICAL_SURFACE('',#6092,0.0065);
#140=CYLINDRICAL_SURFACE('',#6099,0.00475);
#141=CYLINDRICAL_SURFACE('',#6107,0.00613827546702941);
#142=CYLINDRICAL_SURFACE('',#6113,0.0065);
#143=CYLINDRICAL_SURFACE('',#6120,0.00475);
#144=CYLINDRICAL_SURFACE('',#6126,0.00613827546702941);
#145=CYLINDRICAL_SURFACE('',#6132,0.0065);
#146=CYLINDRICAL_SURFACE('',#6139,0.00475);
#147=CYLINDRICAL_SURFACE('',#6146,0.00613827546702941);
#148=CYLINDRICAL_SURFACE('',#6150,0.00125);
#149=CYLINDRICAL_SURFACE('',#6151,0.00125);
#150=CYLINDRICAL_SURFACE('',#6152,0.00125);
#151=CYLINDRICAL_SURFACE('',#6153,0.00125);
#152=CYLINDRICAL_SURFACE('',#6154,0.00125);
#153=CYLINDRICAL_SURFACE('',#6155,0.00125);
#154=CYLINDRICAL_SURFACE('',#6156,0.00275);
#155=CYLINDRICAL_SURFACE('',#6165,0.0015);
#156=CYLINDRICAL_SURFACE('',#6169,0.00145);
#157=CYLINDRICAL_SURFACE('',#6175,0.006);
#158=CYLINDRICAL_SURFACE('',#6177,0.001);
#159=CYLINDRICAL_SURFACE('',#6181,0.00275);
#160=CYLINDRICAL_SURFACE('',#6195,0.00275);
#161=CYLINDRICAL_SURFACE('',#6200,0.0015);
#162=CYLINDRICAL_SURFACE('',#6204,0.006);
#163=CYLINDRICAL_SURFACE('',#6206,0.0015);
#164=CYLINDRICAL_SURFACE('',#6209,0.00275);
#165=CYLINDRICAL_SURFACE('',#6214,0.006);
#166=CYLINDRICAL_SURFACE('',#6216,0.006);
#167=CYLINDRICAL_SURFACE('',#6223,0.00613827546702941);
#168=CYLINDRICAL_SURFACE('',#6227,0.00475);
#169=CYLINDRICAL_SURFACE('',#6229,0.0065);
#170=CYLINDRICAL_SURFACE('',#6236,0.00613827546702941);
#171=CYLINDRICAL_SURFACE('',#6240,0.0065);
#172=CYLINDRICAL_SURFACE('',#6247,0.00613827546702941);
#173=CYLINDRICAL_SURFACE('',#6251,0.00475);
#174=CYLINDRICAL_SURFACE('',#6253,0.0065);
#175=CYLINDRICAL_SURFACE('',#6271,0.0075);
#176=CYLINDRICAL_SURFACE('',#6275,0.00145);
#177=CYLINDRICAL_SURFACE('',#6288,0.006);
#178=CYLINDRICAL_SURFACE('',#6290,0.006);
#179=CYLINDRICAL_SURFACE('',#6294,0.00475);
#180=CYLINDRICAL_SURFACE('',#6303,0.006);
#181=CYLINDRICAL_SURFACE('',#6317,0.00125);
#182=CYLINDRICAL_SURFACE('',#6328,0.00125);
#183=CYLINDRICAL_SURFACE('',#6331,0.00125);
#184=CYLINDRICAL_SURFACE('',#6342,0.00125);
#185=CYLINDRICAL_SURFACE('',#6345,0.00125);
#186=CYLINDRICAL_SURFACE('',#6356,0.00125);
#187=CIRCLE('',#5822,0.00125);
#188=CIRCLE('',#5823,0.00125);
#189=CIRCLE('',#5824,0.00125);
#190=CIRCLE('',#5825,0.00125);
#191=CIRCLE('',#5826,0.00125);
#192=CIRCLE('',#5827,0.00125);
#193=CIRCLE('',#5828,0.006);
#194=CIRCLE('',#5842,0.006);
#195=CIRCLE('',#5846,0.00475);
#196=CIRCLE('',#5849,0.006);
#197=CIRCLE('',#5850,0.006);
#198=CIRCLE('',#5879,0.006);
#199=CIRCLE('',#5880,0.006);
#200=CIRCLE('',#5881,0.006);
#201=CIRCLE('',#5886,0.00125);
#202=CIRCLE('',#5887,0.00125);
#203=CIRCLE('',#5896,0.00125);
#204=CIRCLE('',#5898,0.00125);
#205=CIRCLE('',#5901,0.00487339717240448);
#206=CIRCLE('',#5903,0.008);
#207=CIRCLE('',#5905,0.00075);
#208=CIRCLE('',#5906,0.00075);
#209=CIRCLE('',#5908,0.008);
#210=CIRCLE('',#5922,0.008);
#211=CIRCLE('',#5924,0.00275);
#212=CIRCLE('',#5925,0.00275);
#213=CIRCLE('',#5926,0.00275);
#214=CIRCLE('',#5928,0.0006);
#215=CIRCLE('',#5929,0.0006);
#216=CIRCLE('',#5930,0.00335);
#217=CIRCLE('',#5932,0.0006);
#218=CIRCLE('',#5933,0.0006);
#219=CIRCLE('',#5934,0.00335);
#220=CIRCLE('',#5936,0.00075);
#221=CIRCLE('',#5937,0.00075);
#222=CIRCLE('',#5939,0.0015);
#223=CIRCLE('',#5946,0.0015);
#224=CIRCLE('',#5948,0.00275);
#225=CIRCLE('',#5950,0.0061382754670294);
#226=CIRCLE('',#5952,0.00125);
#227=CIRCLE('',#5954,0.00125);
#228=CIRCLE('',#5956,0.00125);
#229=CIRCLE('',#5958,0.00125);
#230=CIRCLE('',#5961,0.00125);
#231=CIRCLE('',#5964,0.00125);
#232=CIRCLE('',#5966,0.0015);
#233=CIRCLE('',#5967,0.0015);
#234=CIRCLE('',#5968,0.0015);
#235=CIRCLE('',#5970,0.0015);
#236=CIRCLE('',#5972,0.0015);
#237=CIRCLE('',#5973,0.0015);
#238=CIRCLE('',#5982,0.00075);
#239=CIRCLE('',#5989,0.00335);
#240=CIRCLE('',#5991,0.00275);
#241=CIRCLE('',#6003,0.008);
#242=CIRCLE('',#6013,0.00275);
#243=CIRCLE('',#6014,0.00275);
#244=CIRCLE('',#6017,0.00275);
#245=CIRCLE('',#6019,0.0061382754670294);
#246=CIRCLE('',#6027,0.00275);
#247=CIRCLE('',#6029,0.0075);
#248=CIRCLE('',#6030,0.0075);
#249=CIRCLE('',#6034,0.00075);
#250=CIRCLE('',#6035,0.00075);
#251=CIRCLE('',#6042,0.00275);
#252=CIRCLE('',#6049,0.00275);
#253=CIRCLE('',#6051,0.00275);
#254=CIRCLE('',#6052,0.00275);
#255=CIRCLE('',#6054,0.00275);
#256=CIRCLE('',#6056,0.00275);
#257=CIRCLE('',#6057,0.00275);
#258=CIRCLE('',#6060,0.0015);
#259=CIRCLE('',#6061,0.0015);
#260=CIRCLE('',#6062,0.0015);
#261=CIRCLE('',#6065,0.00275);
#262=CIRCLE('',#6068,0.00275);
#263=CIRCLE('',#6069,0.00275);
#264=CIRCLE('',#6074,0.00275);
#265=CIRCLE('',#6075,0.00275);
#266=CIRCLE('',#6078,0.00275);
#267=CIRCLE('',#6079,0.00275);
#268=CIRCLE('',#6081,0.00275);
#269=CIRCLE('',#6082,0.00275);
#270=CIRCLE('',#6087,0.006);
#271=CIRCLE('',#6088,0.006);
#272=CIRCLE('',#6089,0.006);
#273=CIRCLE('',#6093,0.0065);
#274=CIRCLE('',#6094,0.0065);
#275=CIRCLE('',#6098,0.00475);
#276=CIRCLE('',#6100,0.00475);
#277=CIRCLE('',#6102,0.0061382754670294);
#278=CIRCLE('',#6103,0.0061382754670294);
#279=CIRCLE('',#6106,0.00613827546702941);
#280=CIRCLE('',#6114,0.0065);
#281=CIRCLE('',#6115,0.0065);
#282=CIRCLE('',#6119,0.00475);
#283=CIRCLE('',#6121,0.00475);
#284=CIRCLE('',#6125,0.00613827546702941);
#285=CIRCLE('',#6133,0.0065);
#286=CIRCLE('',#6134,0.0065);
#287=CIRCLE('',#6138,0.00475);
#288=CIRCLE('',#6140,0.00475);
#289=CIRCLE('',#6142,0.0061382754670294);
#290=CIRCLE('',#6145,0.00613827546702941);
#291=CIRCLE('',#6157,0.00275);
#292=CIRCLE('',#6159,0.00366571957465362);
#293=CIRCLE('',#6161,0.006);
#294=CIRCLE('',#6163,0.0015);
#295=CIRCLE('',#6164,0.003);
#296=CIRCLE('',#6166,0.0015);
#297=CIRCLE('',#6168,0.003);
#298=CIRCLE('',#6170,0.00145);
#299=CIRCLE('',#6171,0.00145);
#300=CIRCLE('',#6176,0.006);
#301=CIRCLE('',#6178,0.001);
#302=CIRCLE('',#6179,0.001);
#303=CIRCLE('',#6182,0.00275);
#304=CIRCLE('',#6183,0.00275);
#305=CIRCLE('',#6184,0.00275);
#306=CIRCLE('',#6186,0.0006);
#307=CIRCLE('',#6187,0.00335);
#308=CIRCLE('',#6188,0.0006);
#309=CIRCLE('',#6190,0.00335);
#310=CIRCLE('',#6192,0.00145);
#311=CIRCLE('',#6194,0.00275);
#312=CIRCLE('',#6196,0.00275);
#313=CIRCLE('',#6203,0.006);
#314=CIRCLE('',#6205,0.006);
#315=CIRCLE('',#6207,0.0015);
#316=CIRCLE('',#6210,0.00275);
#317=CIRCLE('',#6215,0.006);
#318=CIRCLE('',#6217,0.006);
#319=CIRCLE('',#6219,0.006);
#320=CIRCLE('',#6224,0.00613827546702941);
#321=CIRCLE('',#6226,0.00475);
#322=CIRCLE('',#6228,0.00475);
#323=CIRCLE('',#6230,0.0065);
#324=CIRCLE('',#6237,0.00613827546702941);
#325=CIRCLE('',#6239,0.00475);
#326=CIRCLE('',#6241,0.0065);
#327=CIRCLE('',#6248,0.00613827546702941);
#328=CIRCLE('',#6250,0.00475);
#329=CIRCLE('',#6252,0.00475);
#330=CIRCLE('',#6254,0.0065);
#331=CIRCLE('',#6260,0.0006);
#332=CIRCLE('',#6261,0.00335);
#333=CIRCLE('',#6262,0.0006);
#334=CIRCLE('',#6270,0.0075);
#335=CIRCLE('',#6272,0.0075);
#336=CIRCLE('',#6274,0.00145);
#337=CIRCLE('',#6276,0.00145);
#338=CIRCLE('',#6289,0.006);
#339=CIRCLE('',#6291,0.006);
#340=CIRCLE('',#6292,0.006);
#341=CIRCLE('',#6297,0.00550886364801571);
#342=CIRCLE('',#6298,0.006);
#343=CIRCLE('',#6299,0.00588272088977828);
#344=CIRCLE('',#6301,0.00576714685281182);
#345=CIRCLE('',#6302,0.006);
#346=CIRCLE('',#6310,0.00125);
#347=CIRCLE('',#6312,0.00125);
#348=CIRCLE('',#6314,0.00125);
#349=CIRCLE('',#6316,0.00125);
#350=CIRCLE('',#6318,0.00125);
#351=CIRCLE('',#6327,0.00125);
#352=CIRCLE('',#6330,0.00125);
#353=CIRCLE('',#6332,0.00125);
#354=CIRCLE('',#6341,0.00125);
#355=CIRCLE('',#6344,0.00125);
#356=CIRCLE('',#6346,0.00125);
#357=CIRCLE('',#6355,0.00125);
#358=ELLIPSE('',#5810,0.0119358430493504,0.00613827546702941);
#359=ELLIPSE('',#5811,0.00923634900208407,0.00475);
#360=ELLIPSE('',#5812,0.00923634900208407,0.00475);
#361=ELLIPSE('',#5813,0.0126392144239045,0.0065);
#362=ELLIPSE('',#5814,0.0119358430493504,0.00613827546702941);
#363=ELLIPSE('',#5815,0.00923634900208407,0.00475);
#364=ELLIPSE('',#5816,0.00923634900208407,0.00475);
#365=ELLIPSE('',#5817,0.0126392144239045,0.0065);
#366=ELLIPSE('',#5818,0.0119358430493504,0.00613827546702941);
#367=ELLIPSE('',#5819,0.00923634900208407,0.00475);
#368=ELLIPSE('',#5820,0.00923634900208407,0.00475);
#369=ELLIPSE('',#5821,0.0126392144239045,0.0065);
#370=ELLIPSE('',#5830,0.0126392144239045,0.0065);
#371=ELLIPSE('',#5831,0.00923634900208407,0.00475);
#372=ELLIPSE('',#5832,0.00923634900208407,0.00475);
#373=ELLIPSE('',#5833,0.0119358430493504,0.00613827546702941);
#374=ELLIPSE('',#5834,0.0126392144239045,0.0065);
#375=ELLIPSE('',#5835,0.00923634900208407,0.00475);
#376=ELLIPSE('',#5836,0.00923634900208407,0.00475);
#377=ELLIPSE('',#5837,0.0119358430493504,0.00613827546702941);
#378=ELLIPSE('',#5838,0.0126392144239045,0.0065);
#379=ELLIPSE('',#5839,0.00923634900208407,0.00475);
#380=ELLIPSE('',#5840,0.00923634900208407,0.00475);
#381=ELLIPSE('',#5841,0.0119358430493504,0.00613827546702941);
#382=ELLIPSE('',#5844,0.00699604955361151,0.006);
#383=ELLIPSE('',#5845,0.00699604955361151,0.006);
#384=ELLIPSE('',#5848,0.00607658469906925,0.006);
#385=ELLIPSE('',#5851,0.00607658469906925,0.006);
#386=ELLIPSE('',#5852,0.00607658469906925,0.006);
#387=ELLIPSE('',#5853,0.00699604955361151,0.006);
#388=ELLIPSE('',#5854,0.00699604955361151,0.006);
#389=ELLIPSE('',#5855,0.00607658469906933,0.006);
#390=ELLIPSE('',#5856,0.00607658469906935,0.006);
#391=ELLIPSE('',#5857,0.00699604955361151,0.006);
#392=ELLIPSE('',#5858,0.00607658469906933,0.006);
#393=ELLIPSE('',#5859,0.00607658469906933,0.006);
#394=ELLIPSE('',#5860,0.00699604955361151,0.006);
#395=ELLIPSE('',#5861,0.00699604955361151,0.006);
#396=ELLIPSE('',#5863,0.0379112177976267,0.006);
#397=ELLIPSE('',#5864,0.00607658469906925,0.006);
#398=ELLIPSE('',#5865,0.00699604955361151,0.006);
#399=ELLIPSE('',#5866,0.00699604955361151,0.006);
#400=ELLIPSE('',#5867,0.00607658469906933,0.006);
#401=ELLIPSE('',#5868,0.0379112177976083,0.006);
#402=ELLIPSE('',#5869,0.00607658469906933,0.006);
#403=ELLIPSE('',#5870,0.00699604955361151,0.006);
#404=ELLIPSE('',#5871,0.00607658469906935,0.006);
#405=ELLIPSE('',#5872,0.0379112177976079,0.006);
#406=ELLIPSE('',#5873,0.00607658469906933,0.006);
#407=ELLIPSE('',#5874,0.00699604955361151,0.006);
#408=ELLIPSE('',#5875,0.00699604955361151,0.006);
#409=ELLIPSE('',#5876,0.00607658469906925,0.006);
#410=ELLIPSE('',#5877,0.0379112177976275,0.006);
#411=ELLIPSE('',#5878,0.00607658469906925,0.006);
#412=ELLIPSE('',#5911,0.0159552171093947,0.006);
#413=ELLIPSE('',#5912,0.0435957441991341,0.006);
#414=ELLIPSE('',#5914,0.00359386674863565,0.00075);
#415=ELLIPSE('',#5916,0.0159552171093947,0.006);
#416=ELLIPSE('',#5917,0.0435957441991341,0.006);
#417=ELLIPSE('',#5920,0.004388101226958,0.00075);
#418=ELLIPSE('',#5941,0.000769320851369409,0.00075);
#419=ELLIPSE('',#5943,0.0043628046705145,0.00075);
#420=ELLIPSE('',#5945,0.000769320851369409,0.00075);
#421=ELLIPSE('',#5959,0.0126392144239045,0.0065);
#422=ELLIPSE('',#5962,0.0119358430493504,0.00613827546702941);
#423=ELLIPSE('',#5975,0.00220571810770871,0.00075);
#424=ELLIPSE('',#5976,0.00220571810770871,0.00075);
#425=ELLIPSE('',#5977,0.00438810122695799,0.00075);
#426=ELLIPSE('',#5979,0.003,0.0015);
#427=ELLIPSE('',#5985,0.003,0.0015);
#428=ELLIPSE('',#5992,0.00436280467051445,0.00075);
#429=ELLIPSE('',#5994,0.003,0.0015);
#430=ELLIPSE('',#5996,0.00221522260751305,0.00075);
#431=ELLIPSE('',#5997,0.0435957441991703,0.006);
#432=ELLIPSE('',#6000,0.0159552171093901,0.006);
#433=ELLIPSE('',#6006,0.0435957441991703,0.006);
#434=ELLIPSE('',#6007,0.0159552171093901,0.006);
#435=ELLIPSE('',#6009,0.00361761606402151,0.00075);
#436=ELLIPSE('',#6011,0.0043628046705145,0.00075);
#437=ELLIPSE('',#6021,0.0116669671605272,0.006);
#438=ELLIPSE('',#6022,0.0116669671605272,0.006);
#439=ELLIPSE('',#6024,0.0116669671605272,0.006);
#440=ELLIPSE('',#6025,0.0116669671605272,0.006);
#441=ELLIPSE('',#6039,0.0116669671605272,0.006);
#442=ELLIPSE('',#6040,0.0116669671605272,0.006);
#443=ELLIPSE('',#6045,0.00145751032366907,0.00125);
#444=ELLIPSE('',#6046,0.0116669671605272,0.006);
#445=ELLIPSE('',#6047,0.0116669671605272,0.006);
#446=ELLIPSE('',#6070,0.00436280467051445,0.00075);
#447=ELLIPSE('',#6084,0.00221522260751305,0.00075);
#448=ELLIPSE('',#6199,0.003,0.0015);
#449=ELLIPSE('',#6304,0.0379112177976267,0.006);
#450=ORIENTED_EDGE('',*,*,#2138,.T.);
#451=ORIENTED_EDGE('',*,*,#2139,.T.);
#452=ORIENTED_EDGE('',*,*,#2140,.T.);
#453=ORIENTED_EDGE('',*,*,#2141,.F.);
#454=ORIENTED_EDGE('',*,*,#2142,.F.);
#455=ORIENTED_EDGE('',*,*,#2143,.F.);
#456=ORIENTED_EDGE('',*,*,#2144,.F.);
#457=ORIENTED_EDGE('',*,*,#2145,.F.);
#458=ORIENTED_EDGE('',*,*,#2146,.T.);
#459=ORIENTED_EDGE('',*,*,#2147,.F.);
#460=ORIENTED_EDGE('',*,*,#2148,.F.);
#461=ORIENTED_EDGE('',*,*,#2149,.T.);
#462=ORIENTED_EDGE('',*,*,#2150,.F.);
#463=ORIENTED_EDGE('',*,*,#2151,.F.);
#464=ORIENTED_EDGE('',*,*,#2152,.T.);
#465=ORIENTED_EDGE('',*,*,#2153,.F.);
#466=ORIENTED_EDGE('',*,*,#2154,.T.);
#467=ORIENTED_EDGE('',*,*,#2155,.T.);
#468=ORIENTED_EDGE('',*,*,#2156,.T.);
#469=ORIENTED_EDGE('',*,*,#2157,.F.);
#470=ORIENTED_EDGE('',*,*,#2158,.F.);
#471=ORIENTED_EDGE('',*,*,#2159,.F.);
#472=ORIENTED_EDGE('',*,*,#2160,.F.);
#473=ORIENTED_EDGE('',*,*,#2161,.F.);
#474=ORIENTED_EDGE('',*,*,#2162,.T.);
#475=ORIENTED_EDGE('',*,*,#2163,.F.);
#476=ORIENTED_EDGE('',*,*,#2164,.F.);
#477=ORIENTED_EDGE('',*,*,#2165,.T.);
#478=ORIENTED_EDGE('',*,*,#2166,.F.);
#479=ORIENTED_EDGE('',*,*,#2167,.F.);
#480=ORIENTED_EDGE('',*,*,#2168,.T.);
#481=ORIENTED_EDGE('',*,*,#2169,.F.);
#482=ORIENTED_EDGE('',*,*,#2170,.T.);
#483=ORIENTED_EDGE('',*,*,#2171,.T.);
#484=ORIENTED_EDGE('',*,*,#2172,.T.);
#485=ORIENTED_EDGE('',*,*,#2173,.F.);
#486=ORIENTED_EDGE('',*,*,#2174,.F.);
#487=ORIENTED_EDGE('',*,*,#2175,.F.);
#488=ORIENTED_EDGE('',*,*,#2176,.F.);
#489=ORIENTED_EDGE('',*,*,#2177,.F.);
#490=ORIENTED_EDGE('',*,*,#2178,.T.);
#491=ORIENTED_EDGE('',*,*,#2179,.F.);
#492=ORIENTED_EDGE('',*,*,#2180,.F.);
#493=ORIENTED_EDGE('',*,*,#2181,.T.);
#494=ORIENTED_EDGE('',*,*,#2182,.F.);
#495=ORIENTED_EDGE('',*,*,#2183,.F.);
#496=ORIENTED_EDGE('',*,*,#2184,.T.);
#497=ORIENTED_EDGE('',*,*,#2185,.F.);
#498=ORIENTED_EDGE('',*,*,#2186,.F.);
#499=ORIENTED_EDGE('',*,*,#2187,.F.);
#500=ORIENTED_EDGE('',*,*,#2188,.F.);
#501=ORIENTED_EDGE('',*,*,#2189,.F.);
#502=ORIENTED_EDGE('',*,*,#2190,.F.);
#503=ORIENTED_EDGE('',*,*,#2191,.F.);
#504=ORIENTED_EDGE('',*,*,#2192,.F.);
#505=ORIENTED_EDGE('',*,*,#2193,.F.);
#506=ORIENTED_EDGE('',*,*,#2194,.T.);
#507=ORIENTED_EDGE('',*,*,#2195,.T.);
#508=ORIENTED_EDGE('',*,*,#2196,.F.);
#509=ORIENTED_EDGE('',*,*,#2197,.T.);
#510=ORIENTED_EDGE('',*,*,#2198,.T.);
#511=ORIENTED_EDGE('',*,*,#2199,.F.);
#512=ORIENTED_EDGE('',*,*,#2200,.T.);
#513=ORIENTED_EDGE('',*,*,#2201,.T.);
#514=ORIENTED_EDGE('',*,*,#2202,.F.);
#515=ORIENTED_EDGE('',*,*,#2203,.T.);
#516=ORIENTED_EDGE('',*,*,#2204,.T.);
#517=ORIENTED_EDGE('',*,*,#2205,.F.);
#518=ORIENTED_EDGE('',*,*,#2206,.T.);
#519=ORIENTED_EDGE('',*,*,#2207,.T.);
#520=ORIENTED_EDGE('',*,*,#2208,.T.);
#521=ORIENTED_EDGE('',*,*,#2209,.T.);
#522=ORIENTED_EDGE('',*,*,#2210,.T.);
#523=ORIENTED_EDGE('',*,*,#2211,.F.);
#524=ORIENTED_EDGE('',*,*,#2212,.F.);
#525=ORIENTED_EDGE('',*,*,#2213,.F.);
#526=ORIENTED_EDGE('',*,*,#2214,.T.);
#527=ORIENTED_EDGE('',*,*,#2215,.F.);
#528=ORIENTED_EDGE('',*,*,#2216,.T.);
#529=ORIENTED_EDGE('',*,*,#2217,.T.);
#530=ORIENTED_EDGE('',*,*,#2218,.F.);
#531=ORIENTED_EDGE('',*,*,#2219,.T.);
#532=ORIENTED_EDGE('',*,*,#2220,.T.);
#533=ORIENTED_EDGE('',*,*,#2221,.F.);
#534=ORIENTED_EDGE('',*,*,#2222,.T.);
#535=ORIENTED_EDGE('',*,*,#2223,.T.);
#536=ORIENTED_EDGE('',*,*,#2224,.T.);
#537=ORIENTED_EDGE('',*,*,#2225,.T.);
#538=ORIENTED_EDGE('',*,*,#2226,.T.);
#539=ORIENTED_EDGE('',*,*,#2227,.F.);
#540=ORIENTED_EDGE('',*,*,#2228,.F.);
#541=ORIENTED_EDGE('',*,*,#2229,.F.);
#542=ORIENTED_EDGE('',*,*,#2230,.T.);
#543=ORIENTED_EDGE('',*,*,#2231,.F.);
#544=ORIENTED_EDGE('',*,*,#2232,.T.);
#545=ORIENTED_EDGE('',*,*,#2233,.T.);
#546=ORIENTED_EDGE('',*,*,#2234,.F.);
#547=ORIENTED_EDGE('',*,*,#2235,.T.);
#548=ORIENTED_EDGE('',*,*,#2236,.T.);
#549=ORIENTED_EDGE('',*,*,#2237,.F.);
#550=ORIENTED_EDGE('',*,*,#2238,.T.);
#551=ORIENTED_EDGE('',*,*,#2239,.T.);
#552=ORIENTED_EDGE('',*,*,#2240,.T.);
#553=ORIENTED_EDGE('',*,*,#2241,.T.);
#554=ORIENTED_EDGE('',*,*,#2242,.T.);
#555=ORIENTED_EDGE('',*,*,#2243,.F.);
#556=ORIENTED_EDGE('',*,*,#2244,.F.);
#557=ORIENTED_EDGE('',*,*,#2245,.F.);
#558=ORIENTED_EDGE('',*,*,#2246,.T.);
#559=ORIENTED_EDGE('',*,*,#2247,.T.);
#560=ORIENTED_EDGE('',*,*,#2248,.F.);
#561=ORIENTED_EDGE('',*,*,#2249,.F.);
#562=ORIENTED_EDGE('',*,*,#2250,.F.);
#563=ORIENTED_EDGE('',*,*,#2251,.T.);
#564=ORIENTED_EDGE('',*,*,#2252,.T.);
#565=ORIENTED_EDGE('',*,*,#2253,.T.);
#566=ORIENTED_EDGE('',*,*,#2254,.T.);
#567=ORIENTED_EDGE('',*,*,#2255,.F.);
#568=ORIENTED_EDGE('',*,*,#2223,.F.);
#569=ORIENTED_EDGE('',*,*,#2256,.T.);
#570=ORIENTED_EDGE('',*,*,#2219,.F.);
#571=ORIENTED_EDGE('',*,*,#2257,.F.);
#572=ORIENTED_EDGE('',*,*,#2258,.F.);
#573=ORIENTED_EDGE('',*,*,#2259,.T.);
#574=ORIENTED_EDGE('',*,*,#2260,.F.);
#575=ORIENTED_EDGE('',*,*,#2261,.T.);
#576=ORIENTED_EDGE('',*,*,#2262,.T.);
#577=ORIENTED_EDGE('',*,*,#2263,.F.);
#578=ORIENTED_EDGE('',*,*,#2264,.T.);
#579=ORIENTED_EDGE('',*,*,#2265,.F.);
#580=ORIENTED_EDGE('',*,*,#2266,.T.);
#581=ORIENTED_EDGE('',*,*,#2267,.T.);
#582=ORIENTED_EDGE('',*,*,#2268,.T.);
#583=ORIENTED_EDGE('',*,*,#2269,.F.);
#584=ORIENTED_EDGE('',*,*,#2270,.T.);
#585=ORIENTED_EDGE('',*,*,#2271,.T.);
#586=ORIENTED_EDGE('',*,*,#2272,.T.);
#587=ORIENTED_EDGE('',*,*,#2273,.T.);
#588=ORIENTED_EDGE('',*,*,#2274,.T.);
#589=ORIENTED_EDGE('',*,*,#2275,.F.);
#590=ORIENTED_EDGE('',*,*,#2276,.F.);
#591=ORIENTED_EDGE('',*,*,#2277,.T.);
#592=ORIENTED_EDGE('',*,*,#2278,.F.);
#593=ORIENTED_EDGE('',*,*,#2279,.F.);
#594=ORIENTED_EDGE('',*,*,#2280,.F.);
#595=ORIENTED_EDGE('',*,*,#2281,.T.);
#596=ORIENTED_EDGE('',*,*,#2282,.T.);
#597=ORIENTED_EDGE('',*,*,#2283,.F.);
#598=ORIENTED_EDGE('',*,*,#2284,.F.);
#599=ORIENTED_EDGE('',*,*,#2285,.T.);
#600=ORIENTED_EDGE('',*,*,#2286,.F.);
#601=ORIENTED_EDGE('',*,*,#2287,.F.);
#602=ORIENTED_EDGE('',*,*,#2254,.F.);
#603=ORIENTED_EDGE('',*,*,#2288,.T.);
#604=ORIENTED_EDGE('',*,*,#2289,.T.);
#605=ORIENTED_EDGE('',*,*,#2290,.F.);
#606=ORIENTED_EDGE('',*,*,#2291,.F.);
#607=ORIENTED_EDGE('',*,*,#2292,.T.);
#608=ORIENTED_EDGE('',*,*,#2293,.F.);
#609=ORIENTED_EDGE('',*,*,#2294,.F.);
#610=ORIENTED_EDGE('',*,*,#2295,.F.);
#611=ORIENTED_EDGE('',*,*,#2296,.T.);
#612=ORIENTED_EDGE('',*,*,#2297,.T.);
#613=ORIENTED_EDGE('',*,*,#2298,.F.);
#614=ORIENTED_EDGE('',*,*,#2299,.F.);
#615=ORIENTED_EDGE('',*,*,#2300,.T.);
#616=ORIENTED_EDGE('',*,*,#2301,.F.);
#617=ORIENTED_EDGE('',*,*,#2302,.F.);
#618=ORIENTED_EDGE('',*,*,#2303,.F.);
#619=ORIENTED_EDGE('',*,*,#2304,.T.);
#620=ORIENTED_EDGE('',*,*,#2305,.T.);
#621=ORIENTED_EDGE('',*,*,#2306,.F.);
#622=ORIENTED_EDGE('',*,*,#2252,.F.);
#623=ORIENTED_EDGE('',*,*,#2307,.T.);
#624=ORIENTED_EDGE('',*,*,#2308,.F.);
#625=ORIENTED_EDGE('',*,*,#2309,.F.);
#626=ORIENTED_EDGE('',*,*,#2310,.F.);
#627=ORIENTED_EDGE('',*,*,#2311,.F.);
#628=ORIENTED_EDGE('',*,*,#2312,.T.);
#629=ORIENTED_EDGE('',*,*,#2313,.F.);
#630=ORIENTED_EDGE('',*,*,#2314,.F.);
#631=ORIENTED_EDGE('',*,*,#2315,.T.);
#632=ORIENTED_EDGE('',*,*,#2316,.F.);
#633=ORIENTED_EDGE('',*,*,#2317,.F.);
#634=ORIENTED_EDGE('',*,*,#2318,.F.);
#635=ORIENTED_EDGE('',*,*,#2319,.T.);
#636=ORIENTED_EDGE('',*,*,#2320,.T.);
#637=ORIENTED_EDGE('',*,*,#2321,.F.);
#638=ORIENTED_EDGE('',*,*,#2322,.T.);
#639=ORIENTED_EDGE('',*,*,#2323,.F.);
#640=ORIENTED_EDGE('',*,*,#2324,.T.);
#641=ORIENTED_EDGE('',*,*,#2325,.F.);
#642=ORIENTED_EDGE('',*,*,#2326,.F.);
#643=ORIENTED_EDGE('',*,*,#2327,.T.);
#644=ORIENTED_EDGE('',*,*,#2328,.F.);
#645=ORIENTED_EDGE('',*,*,#2329,.T.);
#646=ORIENTED_EDGE('',*,*,#2330,.T.);
#647=ORIENTED_EDGE('',*,*,#2331,.F.);
#648=ORIENTED_EDGE('',*,*,#2302,.T.);
#649=ORIENTED_EDGE('',*,*,#2332,.F.);
#650=ORIENTED_EDGE('',*,*,#2292,.F.);
#651=ORIENTED_EDGE('',*,*,#2333,.F.);
#652=ORIENTED_EDGE('',*,*,#2309,.T.);
#653=ORIENTED_EDGE('',*,*,#2334,.F.);
#654=ORIENTED_EDGE('',*,*,#2285,.F.);
#655=ORIENTED_EDGE('',*,*,#2335,.F.);
#656=ORIENTED_EDGE('',*,*,#2317,.T.);
#657=ORIENTED_EDGE('',*,*,#2336,.F.);
#658=ORIENTED_EDGE('',*,*,#2277,.F.);
#659=ORIENTED_EDGE('',*,*,#2337,.T.);
#660=ORIENTED_EDGE('',*,*,#2338,.T.);
#661=ORIENTED_EDGE('',*,*,#2339,.F.);
#662=ORIENTED_EDGE('',*,*,#2340,.F.);
#663=ORIENTED_EDGE('',*,*,#2341,.T.);
#664=ORIENTED_EDGE('',*,*,#2342,.T.);
#665=ORIENTED_EDGE('',*,*,#2343,.F.);
#666=ORIENTED_EDGE('',*,*,#2342,.F.);
#667=ORIENTED_EDGE('',*,*,#2344,.T.);
#668=ORIENTED_EDGE('',*,*,#2345,.T.);
#669=ORIENTED_EDGE('',*,*,#2346,.F.);
#670=ORIENTED_EDGE('',*,*,#2345,.F.);
#671=ORIENTED_EDGE('',*,*,#2347,.T.);
#672=ORIENTED_EDGE('',*,*,#2348,.T.);
#673=ORIENTED_EDGE('',*,*,#2349,.F.);
#674=ORIENTED_EDGE('',*,*,#2348,.F.);
#675=ORIENTED_EDGE('',*,*,#2350,.T.);
#676=ORIENTED_EDGE('',*,*,#2351,.T.);
#677=ORIENTED_EDGE('',*,*,#2352,.F.);
#678=ORIENTED_EDGE('',*,*,#2351,.F.);
#679=ORIENTED_EDGE('',*,*,#2353,.T.);
#680=ORIENTED_EDGE('',*,*,#2354,.T.);
#681=ORIENTED_EDGE('',*,*,#2355,.F.);
#682=ORIENTED_EDGE('',*,*,#2354,.F.);
#683=ORIENTED_EDGE('',*,*,#2356,.T.);
#684=ORIENTED_EDGE('',*,*,#2340,.T.);
#685=ORIENTED_EDGE('',*,*,#2337,.F.);
#686=ORIENTED_EDGE('',*,*,#2341,.F.);
#687=ORIENTED_EDGE('',*,*,#2356,.F.);
#688=ORIENTED_EDGE('',*,*,#2353,.F.);
#689=ORIENTED_EDGE('',*,*,#2350,.F.);
#690=ORIENTED_EDGE('',*,*,#2347,.F.);
#691=ORIENTED_EDGE('',*,*,#2344,.F.);
#692=ORIENTED_EDGE('',*,*,#2357,.T.);
#693=ORIENTED_EDGE('',*,*,#2339,.T.);
#694=ORIENTED_EDGE('',*,*,#2343,.T.);
#695=ORIENTED_EDGE('',*,*,#2346,.T.);
#696=ORIENTED_EDGE('',*,*,#2349,.T.);
#697=ORIENTED_EDGE('',*,*,#2352,.T.);
#698=ORIENTED_EDGE('',*,*,#2355,.T.);
#699=ORIENTED_EDGE('',*,*,#2358,.T.);
#700=ORIENTED_EDGE('',*,*,#2357,.F.);
#701=ORIENTED_EDGE('',*,*,#2358,.F.);
#702=ORIENTED_EDGE('',*,*,#2263,.T.);
#703=ORIENTED_EDGE('',*,*,#2359,.F.);
#704=ORIENTED_EDGE('',*,*,#2360,.F.);
#705=ORIENTED_EDGE('',*,*,#2361,.F.);
#706=ORIENTED_EDGE('',*,*,#2362,.F.);
#707=ORIENTED_EDGE('',*,*,#2338,.F.);
#708=ORIENTED_EDGE('',*,*,#2363,.T.);
#709=ORIENTED_EDGE('',*,*,#2364,.F.);
#710=ORIENTED_EDGE('',*,*,#2365,.F.);
#711=ORIENTED_EDGE('',*,*,#2366,.F.);
#712=ORIENTED_EDGE('',*,*,#2367,.T.);
#713=ORIENTED_EDGE('',*,*,#2368,.T.);
#714=ORIENTED_EDGE('',*,*,#2369,.T.);
#715=ORIENTED_EDGE('',*,*,#2370,.F.);
#716=ORIENTED_EDGE('',*,*,#2371,.F.);
#717=ORIENTED_EDGE('',*,*,#2369,.F.);
#718=ORIENTED_EDGE('',*,*,#2372,.T.);
#719=ORIENTED_EDGE('',*,*,#2373,.F.);
#720=ORIENTED_EDGE('',*,*,#2374,.T.);
#721=ORIENTED_EDGE('',*,*,#2375,.T.);
#722=ORIENTED_EDGE('',*,*,#2376,.F.);
#723=ORIENTED_EDGE('',*,*,#2370,.T.);
#724=ORIENTED_EDGE('',*,*,#2371,.T.);
#725=ORIENTED_EDGE('',*,*,#2377,.F.);
#726=ORIENTED_EDGE('',*,*,#2378,.T.);
#727=ORIENTED_EDGE('',*,*,#2379,.F.);
#728=ORIENTED_EDGE('',*,*,#2375,.F.);
#729=ORIENTED_EDGE('',*,*,#2380,.T.);
#730=ORIENTED_EDGE('',*,*,#2381,.T.);
#731=ORIENTED_EDGE('',*,*,#2382,.T.);
#732=ORIENTED_EDGE('',*,*,#2383,.T.);
#733=ORIENTED_EDGE('',*,*,#2363,.F.);
#734=ORIENTED_EDGE('',*,*,#2384,.F.);
#735=ORIENTED_EDGE('',*,*,#2381,.F.);
#736=ORIENTED_EDGE('',*,*,#2385,.T.);
#737=ORIENTED_EDGE('',*,*,#2364,.T.);
#738=ORIENTED_EDGE('',*,*,#2383,.F.);
#739=ORIENTED_EDGE('',*,*,#2386,.F.);
#740=ORIENTED_EDGE('',*,*,#2387,.F.);
#741=ORIENTED_EDGE('',*,*,#2388,.F.);
#742=ORIENTED_EDGE('',*,*,#2389,.T.);
#743=ORIENTED_EDGE('',*,*,#2390,.T.);
#744=ORIENTED_EDGE('',*,*,#2391,.T.);
#745=ORIENTED_EDGE('',*,*,#2392,.F.);
#746=ORIENTED_EDGE('',*,*,#2393,.T.);
#747=ORIENTED_EDGE('',*,*,#2394,.F.);
#748=ORIENTED_EDGE('',*,*,#2395,.T.);
#749=ORIENTED_EDGE('',*,*,#2396,.T.);
#750=ORIENTED_EDGE('',*,*,#2397,.T.);
#751=ORIENTED_EDGE('',*,*,#2398,.T.);
#752=ORIENTED_EDGE('',*,*,#2399,.T.);
#753=ORIENTED_EDGE('',*,*,#2400,.T.);
#754=ORIENTED_EDGE('',*,*,#2401,.F.);
#755=ORIENTED_EDGE('',*,*,#2400,.F.);
#756=ORIENTED_EDGE('',*,*,#2402,.F.);
#757=ORIENTED_EDGE('',*,*,#2403,.F.);
#758=ORIENTED_EDGE('',*,*,#2404,.T.);
#759=ORIENTED_EDGE('',*,*,#2398,.F.);
#760=ORIENTED_EDGE('',*,*,#2405,.T.);
#761=ORIENTED_EDGE('',*,*,#2406,.F.);
#762=ORIENTED_EDGE('',*,*,#2407,.T.);
#763=ORIENTED_EDGE('',*,*,#2408,.T.);
#764=ORIENTED_EDGE('',*,*,#2409,.T.);
#765=ORIENTED_EDGE('',*,*,#2410,.F.);
#766=ORIENTED_EDGE('',*,*,#2411,.F.);
#767=ORIENTED_EDGE('',*,*,#2412,.F.);
#768=ORIENTED_EDGE('',*,*,#2413,.F.);
#769=ORIENTED_EDGE('',*,*,#2414,.F.);
#770=ORIENTED_EDGE('',*,*,#2413,.T.);
#771=ORIENTED_EDGE('',*,*,#2415,.F.);
#772=ORIENTED_EDGE('',*,*,#2416,.F.);
#773=ORIENTED_EDGE('',*,*,#2417,.F.);
#774=ORIENTED_EDGE('',*,*,#2418,.T.);
#775=ORIENTED_EDGE('',*,*,#2419,.T.);
#776=ORIENTED_EDGE('',*,*,#2420,.T.);
#777=ORIENTED_EDGE('',*,*,#2421,.T.);
#778=ORIENTED_EDGE('',*,*,#2419,.F.);
#779=ORIENTED_EDGE('',*,*,#2422,.F.);
#780=ORIENTED_EDGE('',*,*,#2423,.F.);
#781=ORIENTED_EDGE('',*,*,#2424,.F.);
#782=ORIENTED_EDGE('',*,*,#2425,.T.);
#783=ORIENTED_EDGE('',*,*,#2426,.F.);
#784=ORIENTED_EDGE('',*,*,#2427,.F.);
#785=ORIENTED_EDGE('',*,*,#2428,.F.);
#786=ORIENTED_EDGE('',*,*,#2429,.T.);
#787=ORIENTED_EDGE('',*,*,#2430,.T.);
#788=ORIENTED_EDGE('',*,*,#2431,.T.);
#789=ORIENTED_EDGE('',*,*,#2432,.T.);
#790=ORIENTED_EDGE('',*,*,#2433,.T.);
#791=ORIENTED_EDGE('',*,*,#2434,.T.);
#792=ORIENTED_EDGE('',*,*,#2435,.T.);
#793=ORIENTED_EDGE('',*,*,#2436,.F.);
#794=ORIENTED_EDGE('',*,*,#2437,.F.);
#795=ORIENTED_EDGE('',*,*,#2438,.T.);
#796=ORIENTED_EDGE('',*,*,#2439,.F.);
#797=ORIENTED_EDGE('',*,*,#2440,.T.);
#798=ORIENTED_EDGE('',*,*,#2441,.F.);
#799=ORIENTED_EDGE('',*,*,#2442,.T.);
#800=ORIENTED_EDGE('',*,*,#2443,.F.);
#801=ORIENTED_EDGE('',*,*,#2390,.F.);
#802=ORIENTED_EDGE('',*,*,#2441,.T.);
#803=ORIENTED_EDGE('',*,*,#2444,.T.);
#804=ORIENTED_EDGE('',*,*,#2445,.T.);
#805=ORIENTED_EDGE('',*,*,#2446,.T.);
#806=ORIENTED_EDGE('',*,*,#2445,.F.);
#807=ORIENTED_EDGE('',*,*,#2447,.F.);
#808=ORIENTED_EDGE('',*,*,#2387,.T.);
#809=ORIENTED_EDGE('',*,*,#2448,.F.);
#810=ORIENTED_EDGE('',*,*,#2378,.F.);
#811=ORIENTED_EDGE('',*,*,#2449,.F.);
#812=ORIENTED_EDGE('',*,*,#2366,.T.);
#813=ORIENTED_EDGE('',*,*,#2450,.T.);
#814=ORIENTED_EDGE('',*,*,#2451,.T.);
#815=ORIENTED_EDGE('',*,*,#2388,.T.);
#816=ORIENTED_EDGE('',*,*,#2449,.T.);
#817=ORIENTED_EDGE('',*,*,#2377,.T.);
#818=ORIENTED_EDGE('',*,*,#2384,.T.);
#819=ORIENTED_EDGE('',*,*,#2365,.T.);
#820=ORIENTED_EDGE('',*,*,#2385,.F.);
#821=ORIENTED_EDGE('',*,*,#2452,.F.);
#822=ORIENTED_EDGE('',*,*,#2453,.T.);
#823=ORIENTED_EDGE('',*,*,#2454,.T.);
#824=ORIENTED_EDGE('',*,*,#2442,.F.);
#825=ORIENTED_EDGE('',*,*,#2389,.F.);
#826=ORIENTED_EDGE('',*,*,#2454,.F.);
#827=ORIENTED_EDGE('',*,*,#2455,.F.);
#828=ORIENTED_EDGE('',*,*,#2402,.T.);
#829=ORIENTED_EDGE('',*,*,#2399,.F.);
#830=ORIENTED_EDGE('',*,*,#2404,.F.);
#831=ORIENTED_EDGE('',*,*,#2456,.F.);
#832=ORIENTED_EDGE('',*,*,#2367,.F.);
#833=ORIENTED_EDGE('',*,*,#2457,.T.);
#834=ORIENTED_EDGE('',*,*,#2458,.T.);
#835=ORIENTED_EDGE('',*,*,#2459,.T.);
#836=ORIENTED_EDGE('',*,*,#2410,.T.);
#837=ORIENTED_EDGE('',*,*,#2460,.T.);
#838=ORIENTED_EDGE('',*,*,#2461,.T.);
#839=ORIENTED_EDGE('',*,*,#2458,.F.);
#840=ORIENTED_EDGE('',*,*,#2462,.T.);
#841=ORIENTED_EDGE('',*,*,#2379,.T.);
#842=ORIENTED_EDGE('',*,*,#2448,.T.);
#843=ORIENTED_EDGE('',*,*,#2392,.T.);
#844=ORIENTED_EDGE('',*,*,#2463,.T.);
#845=ORIENTED_EDGE('',*,*,#2464,.F.);
#846=ORIENTED_EDGE('',*,*,#2465,.F.);
#847=ORIENTED_EDGE('',*,*,#2372,.F.);
#848=ORIENTED_EDGE('',*,*,#2368,.F.);
#849=ORIENTED_EDGE('',*,*,#2376,.T.);
#850=ORIENTED_EDGE('',*,*,#2450,.F.);
#851=ORIENTED_EDGE('',*,*,#2466,.T.);
#852=ORIENTED_EDGE('',*,*,#2467,.F.);
#853=ORIENTED_EDGE('',*,*,#2452,.T.);
#854=ORIENTED_EDGE('',*,*,#2386,.T.);
#855=ORIENTED_EDGE('',*,*,#2382,.F.);
#856=ORIENTED_EDGE('',*,*,#2380,.F.);
#857=ORIENTED_EDGE('',*,*,#2374,.F.);
#858=ORIENTED_EDGE('',*,*,#2373,.T.);
#859=ORIENTED_EDGE('',*,*,#2465,.T.);
#860=ORIENTED_EDGE('',*,*,#2468,.T.);
#861=ORIENTED_EDGE('',*,*,#2469,.T.);
#862=ORIENTED_EDGE('',*,*,#2463,.F.);
#863=ORIENTED_EDGE('',*,*,#2391,.F.);
#864=ORIENTED_EDGE('',*,*,#2446,.F.);
#865=ORIENTED_EDGE('',*,*,#2470,.F.);
#866=ORIENTED_EDGE('',*,*,#2396,.F.);
#867=ORIENTED_EDGE('',*,*,#2471,.F.);
#868=ORIENTED_EDGE('',*,*,#2472,.F.);
#869=ORIENTED_EDGE('',*,*,#2473,.T.);
#870=ORIENTED_EDGE('',*,*,#2423,.T.);
#871=ORIENTED_EDGE('',*,*,#2474,.T.);
#872=ORIENTED_EDGE('',*,*,#2473,.F.);
#873=ORIENTED_EDGE('',*,*,#2475,.T.);
#874=ORIENTED_EDGE('',*,*,#2476,.F.);
#875=ORIENTED_EDGE('',*,*,#2477,.F.);
#876=ORIENTED_EDGE('',*,*,#2420,.F.);
#877=ORIENTED_EDGE('',*,*,#2424,.T.);
#878=ORIENTED_EDGE('',*,*,#2478,.F.);
#879=ORIENTED_EDGE('',*,*,#2421,.F.);
#880=ORIENTED_EDGE('',*,*,#2477,.T.);
#881=ORIENTED_EDGE('',*,*,#2479,.F.);
#882=ORIENTED_EDGE('',*,*,#2480,.T.);
#883=ORIENTED_EDGE('',*,*,#2481,.T.);
#884=ORIENTED_EDGE('',*,*,#2393,.F.);
#885=ORIENTED_EDGE('',*,*,#2482,.F.);
#886=ORIENTED_EDGE('',*,*,#2483,.F.);
#887=ORIENTED_EDGE('',*,*,#2484,.T.);
#888=ORIENTED_EDGE('',*,*,#2485,.F.);
#889=ORIENTED_EDGE('',*,*,#2394,.T.);
#890=ORIENTED_EDGE('',*,*,#2481,.F.);
#891=ORIENTED_EDGE('',*,*,#2486,.T.);
#892=ORIENTED_EDGE('',*,*,#2482,.T.);
#893=ORIENTED_EDGE('',*,*,#2395,.F.);
#894=ORIENTED_EDGE('',*,*,#2485,.T.);
#895=ORIENTED_EDGE('',*,*,#2487,.F.);
#896=ORIENTED_EDGE('',*,*,#2488,.F.);
#897=ORIENTED_EDGE('',*,*,#2489,.F.);
#898=ORIENTED_EDGE('',*,*,#2479,.T.);
#899=ORIENTED_EDGE('',*,*,#2476,.T.);
#900=ORIENTED_EDGE('',*,*,#2490,.T.);
#901=ORIENTED_EDGE('',*,*,#2491,.F.);
#902=ORIENTED_EDGE('',*,*,#2492,.F.);
#903=ORIENTED_EDGE('',*,*,#2493,.F.);
#904=ORIENTED_EDGE('',*,*,#2494,.F.);
#905=ORIENTED_EDGE('',*,*,#2492,.T.);
#906=ORIENTED_EDGE('',*,*,#2495,.F.);
#907=ORIENTED_EDGE('',*,*,#2493,.T.);
#908=ORIENTED_EDGE('',*,*,#2494,.T.);
#909=ORIENTED_EDGE('',*,*,#2496,.T.);
#910=ORIENTED_EDGE('',*,*,#2497,.F.);
#911=ORIENTED_EDGE('',*,*,#2498,.F.);
#912=ORIENTED_EDGE('',*,*,#2499,.T.);
#913=ORIENTED_EDGE('',*,*,#2500,.T.);
#914=ORIENTED_EDGE('',*,*,#2483,.T.);
#915=ORIENTED_EDGE('',*,*,#2486,.F.);
#916=ORIENTED_EDGE('',*,*,#2501,.F.);
#917=ORIENTED_EDGE('',*,*,#2497,.T.);
#918=ORIENTED_EDGE('',*,*,#2414,.T.);
#919=ORIENTED_EDGE('',*,*,#2417,.T.);
#920=ORIENTED_EDGE('',*,*,#2502,.T.);
#921=ORIENTED_EDGE('',*,*,#2503,.T.);
#922=ORIENTED_EDGE('',*,*,#2504,.T.);
#923=ORIENTED_EDGE('',*,*,#2505,.T.);
#924=ORIENTED_EDGE('',*,*,#2506,.T.);
#925=ORIENTED_EDGE('',*,*,#2507,.T.);
#926=ORIENTED_EDGE('',*,*,#2508,.F.);
#927=ORIENTED_EDGE('',*,*,#2509,.F.);
#928=ORIENTED_EDGE('',*,*,#2510,.T.);
#929=ORIENTED_EDGE('',*,*,#2511,.T.);
#930=ORIENTED_EDGE('',*,*,#2510,.F.);
#931=ORIENTED_EDGE('',*,*,#2512,.F.);
#932=ORIENTED_EDGE('',*,*,#2513,.F.);
#933=ORIENTED_EDGE('',*,*,#2507,.F.);
#934=ORIENTED_EDGE('',*,*,#2514,.T.);
#935=ORIENTED_EDGE('',*,*,#2515,.F.);
#936=ORIENTED_EDGE('',*,*,#2516,.T.);
#937=ORIENTED_EDGE('',*,*,#2517,.F.);
#938=ORIENTED_EDGE('',*,*,#2518,.T.);
#939=ORIENTED_EDGE('',*,*,#2515,.T.);
#940=ORIENTED_EDGE('',*,*,#2519,.T.);
#941=ORIENTED_EDGE('',*,*,#2520,.F.);
#942=ORIENTED_EDGE('',*,*,#2521,.T.);
#943=ORIENTED_EDGE('',*,*,#2522,.T.);
#944=ORIENTED_EDGE('',*,*,#2520,.T.);
#945=ORIENTED_EDGE('',*,*,#2523,.T.);
#946=ORIENTED_EDGE('',*,*,#2524,.T.);
#947=ORIENTED_EDGE('',*,*,#2525,.F.);
#948=ORIENTED_EDGE('',*,*,#2526,.T.);
#949=ORIENTED_EDGE('',*,*,#2527,.T.);
#950=ORIENTED_EDGE('',*,*,#2528,.T.);
#951=ORIENTED_EDGE('',*,*,#2529,.T.);
#952=ORIENTED_EDGE('',*,*,#2530,.F.);
#953=ORIENTED_EDGE('',*,*,#2531,.T.);
#954=ORIENTED_EDGE('',*,*,#2532,.T.);
#955=ORIENTED_EDGE('',*,*,#2533,.T.);
#956=ORIENTED_EDGE('',*,*,#2534,.T.);
#957=ORIENTED_EDGE('',*,*,#2535,.T.);
#958=ORIENTED_EDGE('',*,*,#2536,.T.);
#959=ORIENTED_EDGE('',*,*,#2537,.F.);
#960=ORIENTED_EDGE('',*,*,#2538,.F.);
#961=ORIENTED_EDGE('',*,*,#2539,.F.);
#962=ORIENTED_EDGE('',*,*,#2540,.T.);
#963=ORIENTED_EDGE('',*,*,#2541,.F.);
#964=ORIENTED_EDGE('',*,*,#2542,.T.);
#965=ORIENTED_EDGE('',*,*,#2403,.T.);
#966=ORIENTED_EDGE('',*,*,#2543,.F.);
#967=ORIENTED_EDGE('',*,*,#2540,.F.);
#968=ORIENTED_EDGE('',*,*,#2401,.T.);
#969=ORIENTED_EDGE('',*,*,#2544,.F.);
#970=ORIENTED_EDGE('',*,*,#2405,.F.);
#971=ORIENTED_EDGE('',*,*,#2397,.F.);
#972=ORIENTED_EDGE('',*,*,#2545,.F.);
#973=ORIENTED_EDGE('',*,*,#2407,.F.);
#974=ORIENTED_EDGE('',*,*,#2459,.F.);
#975=ORIENTED_EDGE('',*,*,#2546,.F.);
#976=ORIENTED_EDGE('',*,*,#2406,.T.);
#977=ORIENTED_EDGE('',*,*,#2547,.T.);
#978=ORIENTED_EDGE('',*,*,#2548,.T.);
#979=ORIENTED_EDGE('',*,*,#2549,.T.);
#980=ORIENTED_EDGE('',*,*,#2550,.F.);
#981=ORIENTED_EDGE('',*,*,#2545,.T.);
#982=ORIENTED_EDGE('',*,*,#2551,.T.);
#983=ORIENTED_EDGE('',*,*,#2550,.T.);
#984=ORIENTED_EDGE('',*,*,#2552,.T.);
#985=ORIENTED_EDGE('',*,*,#2553,.T.);
#986=ORIENTED_EDGE('',*,*,#2408,.F.);
#987=ORIENTED_EDGE('',*,*,#2553,.F.);
#988=ORIENTED_EDGE('',*,*,#2554,.T.);
#989=ORIENTED_EDGE('',*,*,#2555,.F.);
#990=ORIENTED_EDGE('',*,*,#2556,.F.);
#991=ORIENTED_EDGE('',*,*,#2460,.F.);
#992=ORIENTED_EDGE('',*,*,#2409,.F.);
#993=ORIENTED_EDGE('',*,*,#2557,.T.);
#994=ORIENTED_EDGE('',*,*,#2555,.T.);
#995=ORIENTED_EDGE('',*,*,#2558,.T.);
#996=ORIENTED_EDGE('',*,*,#2559,.T.);
#997=ORIENTED_EDGE('',*,*,#2560,.F.);
#998=ORIENTED_EDGE('',*,*,#2561,.T.);
#999=ORIENTED_EDGE('',*,*,#2562,.T.);
#1000=ORIENTED_EDGE('',*,*,#2563,.T.);
#1001=ORIENTED_EDGE('',*,*,#2564,.F.);
#1002=ORIENTED_EDGE('',*,*,#2565,.T.);
#1003=ORIENTED_EDGE('',*,*,#2566,.F.);
#1004=ORIENTED_EDGE('',*,*,#2563,.F.);
#1005=ORIENTED_EDGE('',*,*,#2567,.F.);
#1006=ORIENTED_EDGE('',*,*,#2437,.T.);
#1007=ORIENTED_EDGE('',*,*,#2568,.T.);
#1008=ORIENTED_EDGE('',*,*,#2569,.T.);
#1009=ORIENTED_EDGE('',*,*,#2570,.T.);
#1010=ORIENTED_EDGE('',*,*,#2571,.T.);
#1011=ORIENTED_EDGE('',*,*,#2572,.T.);
#1012=ORIENTED_EDGE('',*,*,#2573,.T.);
#1013=ORIENTED_EDGE('',*,*,#2574,.T.);
#1014=ORIENTED_EDGE('',*,*,#2575,.F.);
#1015=ORIENTED_EDGE('',*,*,#2576,.T.);
#1016=ORIENTED_EDGE('',*,*,#2577,.T.);
#1017=ORIENTED_EDGE('',*,*,#2516,.F.);
#1018=ORIENTED_EDGE('',*,*,#2518,.F.);
#1019=ORIENTED_EDGE('',*,*,#2578,.F.);
#1020=ORIENTED_EDGE('',*,*,#2579,.F.);
#1021=ORIENTED_EDGE('',*,*,#2425,.F.);
#1022=ORIENTED_EDGE('',*,*,#2580,.F.);
#1023=ORIENTED_EDGE('',*,*,#2581,.T.);
#1024=ORIENTED_EDGE('',*,*,#2582,.T.);
#1025=ORIENTED_EDGE('',*,*,#2583,.F.);
#1026=ORIENTED_EDGE('',*,*,#2584,.F.);
#1027=ORIENTED_EDGE('',*,*,#2585,.T.);
#1028=ORIENTED_EDGE('',*,*,#2586,.T.);
#1029=ORIENTED_EDGE('',*,*,#2585,.F.);
#1030=ORIENTED_EDGE('',*,*,#2587,.F.);
#1031=ORIENTED_EDGE('',*,*,#2429,.F.);
#1032=ORIENTED_EDGE('',*,*,#2588,.F.);
#1033=ORIENTED_EDGE('',*,*,#2589,.F.);
#1034=ORIENTED_EDGE('',*,*,#2582,.F.);
#1035=ORIENTED_EDGE('',*,*,#2590,.T.);
#1036=ORIENTED_EDGE('',*,*,#2591,.T.);
#1037=ORIENTED_EDGE('',*,*,#2592,.T.);
#1038=ORIENTED_EDGE('',*,*,#2434,.F.);
#1039=ORIENTED_EDGE('',*,*,#2593,.T.);
#1040=ORIENTED_EDGE('',*,*,#2594,.T.);
#1041=ORIENTED_EDGE('',*,*,#2595,.T.);
#1042=ORIENTED_EDGE('',*,*,#2594,.F.);
#1043=ORIENTED_EDGE('',*,*,#2596,.T.);
#1044=ORIENTED_EDGE('',*,*,#2591,.F.);
#1045=ORIENTED_EDGE('',*,*,#2597,.F.);
#1046=ORIENTED_EDGE('',*,*,#2598,.T.);
#1047=ORIENTED_EDGE('',*,*,#2599,.F.);
#1048=ORIENTED_EDGE('',*,*,#2548,.F.);
#1049=ORIENTED_EDGE('',*,*,#2600,.T.);
#1050=ORIENTED_EDGE('',*,*,#2601,.T.);
#1051=ORIENTED_EDGE('',*,*,#2602,.F.);
#1052=ORIENTED_EDGE('',*,*,#2603,.T.);
#1053=ORIENTED_EDGE('',*,*,#2604,.F.);
#1054=ORIENTED_EDGE('',*,*,#2605,.F.);
#1055=ORIENTED_EDGE('',*,*,#2606,.F.);
#1056=ORIENTED_EDGE('',*,*,#2607,.T.);
#1057=ORIENTED_EDGE('',*,*,#2608,.F.);
#1058=ORIENTED_EDGE('',*,*,#2411,.T.);
#1059=ORIENTED_EDGE('',*,*,#2505,.F.);
#1060=ORIENTED_EDGE('',*,*,#2597,.T.);
#1061=ORIENTED_EDGE('',*,*,#2609,.F.);
#1062=ORIENTED_EDGE('',*,*,#2610,.T.);
#1063=ORIENTED_EDGE('',*,*,#2611,.F.);
#1064=ORIENTED_EDGE('',*,*,#2612,.T.);
#1065=ORIENTED_EDGE('',*,*,#2415,.T.);
#1066=ORIENTED_EDGE('',*,*,#2412,.T.);
#1067=ORIENTED_EDGE('',*,*,#2608,.T.);
#1068=ORIENTED_EDGE('',*,*,#2610,.F.);
#1069=ORIENTED_EDGE('',*,*,#2613,.T.);
#1070=ORIENTED_EDGE('',*,*,#2614,.F.);
#1071=ORIENTED_EDGE('',*,*,#2615,.T.);
#1072=ORIENTED_EDGE('',*,*,#2616,.F.);
#1073=ORIENTED_EDGE('',*,*,#2617,.F.);
#1074=ORIENTED_EDGE('',*,*,#2618,.F.);
#1075=ORIENTED_EDGE('',*,*,#2614,.T.);
#1076=ORIENTED_EDGE('',*,*,#2619,.F.);
#1077=ORIENTED_EDGE('',*,*,#2620,.T.);
#1078=ORIENTED_EDGE('',*,*,#2621,.F.);
#1079=ORIENTED_EDGE('',*,*,#2617,.T.);
#1080=ORIENTED_EDGE('',*,*,#2620,.F.);
#1081=ORIENTED_EDGE('',*,*,#2622,.T.);
#1082=ORIENTED_EDGE('',*,*,#2623,.T.);
#1083=ORIENTED_EDGE('',*,*,#2624,.T.);
#1084=ORIENTED_EDGE('',*,*,#2623,.F.);
#1085=ORIENTED_EDGE('',*,*,#2625,.T.);
#1086=ORIENTED_EDGE('',*,*,#2626,.F.);
#1087=ORIENTED_EDGE('',*,*,#2627,.T.);
#1088=ORIENTED_EDGE('',*,*,#2628,.T.);
#1089=ORIENTED_EDGE('',*,*,#2629,.T.);
#1090=ORIENTED_EDGE('',*,*,#2600,.F.);
#1091=ORIENTED_EDGE('',*,*,#2630,.T.);
#1092=ORIENTED_EDGE('',*,*,#2612,.F.);
#1093=ORIENTED_EDGE('',*,*,#2631,.T.);
#1094=ORIENTED_EDGE('',*,*,#2474,.F.);
#1095=ORIENTED_EDGE('',*,*,#2422,.T.);
#1096=ORIENTED_EDGE('',*,*,#2418,.F.);
#1097=ORIENTED_EDGE('',*,*,#2478,.T.);
#1098=ORIENTED_EDGE('',*,*,#2500,.F.);
#1099=ORIENTED_EDGE('',*,*,#2632,.T.);
#1100=ORIENTED_EDGE('',*,*,#2502,.F.);
#1101=ORIENTED_EDGE('',*,*,#2416,.T.);
#1102=ORIENTED_EDGE('',*,*,#2633,.T.);
#1103=ORIENTED_EDGE('',*,*,#2534,.F.);
#1104=ORIENTED_EDGE('',*,*,#2634,.T.);
#1105=ORIENTED_EDGE('',*,*,#2635,.T.);
#1106=ORIENTED_EDGE('',*,*,#2636,.F.);
#1107=ORIENTED_EDGE('',*,*,#2637,.T.);
#1108=ORIENTED_EDGE('',*,*,#2638,.F.);
#1109=ORIENTED_EDGE('',*,*,#2639,.F.);
#1110=ORIENTED_EDGE('',*,*,#2153,.T.);
#1111=ORIENTED_EDGE('',*,*,#2640,.F.);
#1112=ORIENTED_EDGE('',*,*,#2641,.T.);
#1113=ORIENTED_EDGE('',*,*,#2642,.T.);
#1114=ORIENTED_EDGE('',*,*,#2643,.F.);
#1115=ORIENTED_EDGE('',*,*,#2640,.T.);
#1116=ORIENTED_EDGE('',*,*,#2152,.F.);
#1117=ORIENTED_EDGE('',*,*,#2151,.T.);
#1118=ORIENTED_EDGE('',*,*,#2644,.T.);
#1119=ORIENTED_EDGE('',*,*,#2645,.T.);
#1120=ORIENTED_EDGE('',*,*,#2646,.T.);
#1121=ORIENTED_EDGE('',*,*,#2530,.T.);
#1122=ORIENTED_EDGE('',*,*,#2647,.T.);
#1123=ORIENTED_EDGE('',*,*,#2526,.F.);
#1124=ORIENTED_EDGE('',*,*,#2642,.F.);
#1125=ORIENTED_EDGE('',*,*,#2150,.T.);
#1126=ORIENTED_EDGE('',*,*,#2648,.T.);
#1127=ORIENTED_EDGE('',*,*,#2644,.F.);
#1128=ORIENTED_EDGE('',*,*,#2649,.T.);
#1129=ORIENTED_EDGE('',*,*,#2645,.F.);
#1130=ORIENTED_EDGE('',*,*,#2648,.F.);
#1131=ORIENTED_EDGE('',*,*,#2149,.F.);
#1132=ORIENTED_EDGE('',*,*,#2650,.F.);
#1133=ORIENTED_EDGE('',*,*,#2146,.F.);
#1134=ORIENTED_EDGE('',*,*,#2147,.T.);
#1135=ORIENTED_EDGE('',*,*,#2650,.T.);
#1136=ORIENTED_EDGE('',*,*,#2145,.T.);
#1137=ORIENTED_EDGE('',*,*,#2651,.F.);
#1138=ORIENTED_EDGE('',*,*,#2652,.F.);
#1139=ORIENTED_EDGE('',*,*,#2512,.T.);
#1140=ORIENTED_EDGE('',*,*,#2509,.T.);
#1141=ORIENTED_EDGE('',*,*,#2653,.F.);
#1142=ORIENTED_EDGE('',*,*,#2531,.F.);
#1143=ORIENTED_EDGE('',*,*,#2646,.F.);
#1144=ORIENTED_EDGE('',*,*,#2649,.F.);
#1145=ORIENTED_EDGE('',*,*,#2148,.T.);
#1146=ORIENTED_EDGE('',*,*,#2651,.T.);
#1147=ORIENTED_EDGE('',*,*,#2144,.T.);
#1148=ORIENTED_EDGE('',*,*,#2654,.F.);
#1149=ORIENTED_EDGE('',*,*,#2143,.T.);
#1150=ORIENTED_EDGE('',*,*,#2655,.T.);
#1151=ORIENTED_EDGE('',*,*,#2656,.T.);
#1152=ORIENTED_EDGE('',*,*,#2654,.T.);
#1153=ORIENTED_EDGE('',*,*,#2142,.T.);
#1154=ORIENTED_EDGE('',*,*,#2657,.F.);
#1155=ORIENTED_EDGE('',*,*,#2655,.F.);
#1156=ORIENTED_EDGE('',*,*,#2508,.T.);
#1157=ORIENTED_EDGE('',*,*,#2513,.T.);
#1158=ORIENTED_EDGE('',*,*,#2652,.T.);
#1159=ORIENTED_EDGE('',*,*,#2656,.F.);
#1160=ORIENTED_EDGE('',*,*,#2657,.T.);
#1161=ORIENTED_EDGE('',*,*,#2141,.T.);
#1162=ORIENTED_EDGE('',*,*,#2658,.F.);
#1163=ORIENTED_EDGE('',*,*,#2524,.F.);
#1164=ORIENTED_EDGE('',*,*,#2659,.T.);
#1165=ORIENTED_EDGE('',*,*,#2532,.F.);
#1166=ORIENTED_EDGE('',*,*,#2653,.T.);
#1167=ORIENTED_EDGE('',*,*,#2660,.F.);
#1168=ORIENTED_EDGE('',*,*,#2661,.F.);
#1169=ORIENTED_EDGE('',*,*,#2658,.T.);
#1170=ORIENTED_EDGE('',*,*,#2140,.F.);
#1171=ORIENTED_EDGE('',*,*,#2662,.F.);
#1172=ORIENTED_EDGE('',*,*,#2660,.T.);
#1173=ORIENTED_EDGE('',*,*,#2139,.F.);
#1174=ORIENTED_EDGE('',*,*,#2641,.F.);
#1175=ORIENTED_EDGE('',*,*,#2643,.T.);
#1176=ORIENTED_EDGE('',*,*,#2525,.T.);
#1177=ORIENTED_EDGE('',*,*,#2661,.T.);
#1178=ORIENTED_EDGE('',*,*,#2662,.T.);
#1179=ORIENTED_EDGE('',*,*,#2138,.F.);
#1180=ORIENTED_EDGE('',*,*,#2169,.T.);
#1181=ORIENTED_EDGE('',*,*,#2663,.F.);
#1182=ORIENTED_EDGE('',*,*,#2664,.T.);
#1183=ORIENTED_EDGE('',*,*,#2665,.T.);
#1184=ORIENTED_EDGE('',*,*,#2666,.F.);
#1185=ORIENTED_EDGE('',*,*,#2663,.T.);
#1186=ORIENTED_EDGE('',*,*,#2168,.F.);
#1187=ORIENTED_EDGE('',*,*,#2667,.F.);
#1188=ORIENTED_EDGE('',*,*,#2576,.F.);
#1189=ORIENTED_EDGE('',*,*,#2665,.F.);
#1190=ORIENTED_EDGE('',*,*,#2167,.T.);
#1191=ORIENTED_EDGE('',*,*,#2668,.T.);
#1192=ORIENTED_EDGE('',*,*,#2669,.T.);
#1193=ORIENTED_EDGE('',*,*,#2670,.T.);
#1194=ORIENTED_EDGE('',*,*,#2528,.F.);
#1195=ORIENTED_EDGE('',*,*,#2671,.T.);
#1196=ORIENTED_EDGE('',*,*,#2568,.F.);
#1197=ORIENTED_EDGE('',*,*,#2436,.T.);
#1198=ORIENTED_EDGE('',*,*,#2166,.T.);
#1199=ORIENTED_EDGE('',*,*,#2672,.T.);
#1200=ORIENTED_EDGE('',*,*,#2668,.F.);
#1201=ORIENTED_EDGE('',*,*,#2673,.T.);
#1202=ORIENTED_EDGE('',*,*,#2669,.F.);
#1203=ORIENTED_EDGE('',*,*,#2672,.F.);
#1204=ORIENTED_EDGE('',*,*,#2165,.F.);
#1205=ORIENTED_EDGE('',*,*,#2674,.F.);
#1206=ORIENTED_EDGE('',*,*,#2162,.F.);
#1207=ORIENTED_EDGE('',*,*,#2163,.T.);
#1208=ORIENTED_EDGE('',*,*,#2674,.T.);
#1209=ORIENTED_EDGE('',*,*,#2161,.T.);
#1210=ORIENTED_EDGE('',*,*,#2675,.F.);
#1211=ORIENTED_EDGE('',*,*,#2164,.T.);
#1212=ORIENTED_EDGE('',*,*,#2675,.T.);
#1213=ORIENTED_EDGE('',*,*,#2160,.T.);
#1214=ORIENTED_EDGE('',*,*,#2676,.F.);
#1215=ORIENTED_EDGE('',*,*,#2521,.F.);
#1216=ORIENTED_EDGE('',*,*,#2522,.F.);
#1217=ORIENTED_EDGE('',*,*,#2670,.F.);
#1218=ORIENTED_EDGE('',*,*,#2673,.F.);
#1219=ORIENTED_EDGE('',*,*,#2677,.T.);
#1220=ORIENTED_EDGE('',*,*,#2578,.T.);
#1221=ORIENTED_EDGE('',*,*,#2517,.T.);
#1222=ORIENTED_EDGE('',*,*,#2676,.T.);
#1223=ORIENTED_EDGE('',*,*,#2159,.T.);
#1224=ORIENTED_EDGE('',*,*,#2426,.T.);
#1225=ORIENTED_EDGE('',*,*,#2579,.T.);
#1226=ORIENTED_EDGE('',*,*,#2677,.F.);
#1227=ORIENTED_EDGE('',*,*,#2158,.T.);
#1228=ORIENTED_EDGE('',*,*,#2678,.F.);
#1229=ORIENTED_EDGE('',*,*,#2679,.F.);
#1230=ORIENTED_EDGE('',*,*,#2439,.T.);
#1231=ORIENTED_EDGE('',*,*,#2680,.T.);
#1232=ORIENTED_EDGE('',*,*,#2580,.T.);
#1233=ORIENTED_EDGE('',*,*,#2427,.T.);
#1234=ORIENTED_EDGE('',*,*,#2678,.T.);
#1235=ORIENTED_EDGE('',*,*,#2157,.T.);
#1236=ORIENTED_EDGE('',*,*,#2681,.F.);
#1237=ORIENTED_EDGE('',*,*,#2574,.F.);
#1238=ORIENTED_EDGE('',*,*,#2682,.F.);
#1239=ORIENTED_EDGE('',*,*,#2683,.F.);
#1240=ORIENTED_EDGE('',*,*,#2681,.T.);
#1241=ORIENTED_EDGE('',*,*,#2156,.F.);
#1242=ORIENTED_EDGE('',*,*,#2684,.F.);
#1243=ORIENTED_EDGE('',*,*,#2682,.T.);
#1244=ORIENTED_EDGE('',*,*,#2155,.F.);
#1245=ORIENTED_EDGE('',*,*,#2664,.F.);
#1246=ORIENTED_EDGE('',*,*,#2666,.T.);
#1247=ORIENTED_EDGE('',*,*,#2575,.T.);
#1248=ORIENTED_EDGE('',*,*,#2683,.T.);
#1249=ORIENTED_EDGE('',*,*,#2684,.T.);
#1250=ORIENTED_EDGE('',*,*,#2154,.F.);
#1251=ORIENTED_EDGE('',*,*,#2185,.T.);
#1252=ORIENTED_EDGE('',*,*,#2685,.F.);
#1253=ORIENTED_EDGE('',*,*,#2686,.T.);
#1254=ORIENTED_EDGE('',*,*,#2687,.T.);
#1255=ORIENTED_EDGE('',*,*,#2688,.F.);
#1256=ORIENTED_EDGE('',*,*,#2685,.T.);
#1257=ORIENTED_EDGE('',*,*,#2184,.F.);
#1258=ORIENTED_EDGE('',*,*,#2183,.T.);
#1259=ORIENTED_EDGE('',*,*,#2689,.T.);
#1260=ORIENTED_EDGE('',*,*,#2690,.T.);
#1261=ORIENTED_EDGE('',*,*,#2691,.T.);
#1262=ORIENTED_EDGE('',*,*,#2570,.F.);
#1263=ORIENTED_EDGE('',*,*,#2692,.T.);
#1264=ORIENTED_EDGE('',*,*,#2561,.F.);
#1265=ORIENTED_EDGE('',*,*,#2687,.F.);
#1266=ORIENTED_EDGE('',*,*,#2182,.T.);
#1267=ORIENTED_EDGE('',*,*,#2693,.T.);
#1268=ORIENTED_EDGE('',*,*,#2689,.F.);
#1269=ORIENTED_EDGE('',*,*,#2694,.T.);
#1270=ORIENTED_EDGE('',*,*,#2690,.F.);
#1271=ORIENTED_EDGE('',*,*,#2693,.F.);
#1272=ORIENTED_EDGE('',*,*,#2181,.F.);
#1273=ORIENTED_EDGE('',*,*,#2695,.F.);
#1274=ORIENTED_EDGE('',*,*,#2178,.F.);
#1275=ORIENTED_EDGE('',*,*,#2179,.T.);
#1276=ORIENTED_EDGE('',*,*,#2695,.T.);
#1277=ORIENTED_EDGE('',*,*,#2177,.T.);
#1278=ORIENTED_EDGE('',*,*,#2696,.F.);
#1279=ORIENTED_EDGE('',*,*,#2430,.F.);
#1280=ORIENTED_EDGE('',*,*,#2587,.T.);
#1281=ORIENTED_EDGE('',*,*,#2584,.T.);
#1282=ORIENTED_EDGE('',*,*,#2697,.F.);
#1283=ORIENTED_EDGE('',*,*,#2571,.F.);
#1284=ORIENTED_EDGE('',*,*,#2691,.F.);
#1285=ORIENTED_EDGE('',*,*,#2694,.F.);
#1286=ORIENTED_EDGE('',*,*,#2180,.T.);
#1287=ORIENTED_EDGE('',*,*,#2696,.T.);
#1288=ORIENTED_EDGE('',*,*,#2176,.T.);
#1289=ORIENTED_EDGE('',*,*,#2698,.F.);
#1290=ORIENTED_EDGE('',*,*,#2699,.T.);
#1291=ORIENTED_EDGE('',*,*,#2588,.T.);
#1292=ORIENTED_EDGE('',*,*,#2428,.T.);
#1293=ORIENTED_EDGE('',*,*,#2698,.T.);
#1294=ORIENTED_EDGE('',*,*,#2175,.T.);
#1295=ORIENTED_EDGE('',*,*,#2700,.T.);
#1296=ORIENTED_EDGE('',*,*,#2174,.T.);
#1297=ORIENTED_EDGE('',*,*,#2701,.F.);
#1298=ORIENTED_EDGE('',*,*,#2700,.F.);
#1299=ORIENTED_EDGE('',*,*,#2583,.T.);
#1300=ORIENTED_EDGE('',*,*,#2589,.T.);
#1301=ORIENTED_EDGE('',*,*,#2699,.F.);
#1302=ORIENTED_EDGE('',*,*,#2701,.T.);
#1303=ORIENTED_EDGE('',*,*,#2173,.T.);
#1304=ORIENTED_EDGE('',*,*,#2702,.F.);
#1305=ORIENTED_EDGE('',*,*,#2559,.F.);
#1306=ORIENTED_EDGE('',*,*,#2703,.T.);
#1307=ORIENTED_EDGE('',*,*,#2564,.T.);
#1308=ORIENTED_EDGE('',*,*,#2566,.T.);
#1309=ORIENTED_EDGE('',*,*,#2704,.T.);
#1310=ORIENTED_EDGE('',*,*,#2572,.F.);
#1311=ORIENTED_EDGE('',*,*,#2697,.T.);
#1312=ORIENTED_EDGE('',*,*,#2705,.F.);
#1313=ORIENTED_EDGE('',*,*,#2706,.F.);
#1314=ORIENTED_EDGE('',*,*,#2702,.T.);
#1315=ORIENTED_EDGE('',*,*,#2172,.F.);
#1316=ORIENTED_EDGE('',*,*,#2707,.F.);
#1317=ORIENTED_EDGE('',*,*,#2705,.T.);
#1318=ORIENTED_EDGE('',*,*,#2171,.F.);
#1319=ORIENTED_EDGE('',*,*,#2686,.F.);
#1320=ORIENTED_EDGE('',*,*,#2688,.T.);
#1321=ORIENTED_EDGE('',*,*,#2560,.T.);
#1322=ORIENTED_EDGE('',*,*,#2706,.T.);
#1323=ORIENTED_EDGE('',*,*,#2707,.T.);
#1324=ORIENTED_EDGE('',*,*,#2170,.F.);
#1325=ORIENTED_EDGE('',*,*,#2431,.F.);
#1326=ORIENTED_EDGE('',*,*,#2186,.T.);
#1327=ORIENTED_EDGE('',*,*,#2432,.F.);
#1328=ORIENTED_EDGE('',*,*,#2187,.T.);
#1329=ORIENTED_EDGE('',*,*,#2188,.T.);
#1330=ORIENTED_EDGE('',*,*,#2592,.F.);
#1331=ORIENTED_EDGE('',*,*,#2596,.F.);
#1332=ORIENTED_EDGE('',*,*,#2593,.F.);
#1333=ORIENTED_EDGE('',*,*,#2433,.F.);
#1334=ORIENTED_EDGE('',*,*,#2567,.T.);
#1335=ORIENTED_EDGE('',*,*,#2667,.T.);
#1336=ORIENTED_EDGE('',*,*,#2435,.F.);
#1337=ORIENTED_EDGE('',*,*,#2189,.T.);
#1338=ORIENTED_EDGE('',*,*,#2679,.T.);
#1339=ORIENTED_EDGE('',*,*,#2438,.F.);
#1340=ORIENTED_EDGE('',*,*,#2190,.T.);
#1341=ORIENTED_EDGE('',*,*,#2440,.F.);
#1342=ORIENTED_EDGE('',*,*,#2191,.T.);
#1343=ORIENTED_EDGE('',*,*,#2708,.F.);
#1344=ORIENTED_EDGE('',*,*,#2709,.F.);
#1345=ORIENTED_EDGE('',*,*,#2708,.T.);
#1346=ORIENTED_EDGE('',*,*,#2710,.F.);
#1347=ORIENTED_EDGE('',*,*,#2711,.T.);
#1348=ORIENTED_EDGE('',*,*,#2712,.T.);
#1349=ORIENTED_EDGE('',*,*,#2713,.F.);
#1350=ORIENTED_EDGE('',*,*,#2714,.F.);
#1351=ORIENTED_EDGE('',*,*,#2715,.F.);
#1352=ORIENTED_EDGE('',*,*,#2716,.F.);
#1353=ORIENTED_EDGE('',*,*,#2443,.T.);
#1354=ORIENTED_EDGE('',*,*,#2717,.F.);
#1355=ORIENTED_EDGE('',*,*,#2444,.F.);
#1356=ORIENTED_EDGE('',*,*,#2716,.T.);
#1357=ORIENTED_EDGE('',*,*,#2718,.F.);
#1358=ORIENTED_EDGE('',*,*,#2719,.T.);
#1359=ORIENTED_EDGE('',*,*,#2447,.T.);
#1360=ORIENTED_EDGE('',*,*,#2719,.F.);
#1361=ORIENTED_EDGE('',*,*,#2720,.F.);
#1362=ORIENTED_EDGE('',*,*,#2721,.F.);
#1363=ORIENTED_EDGE('',*,*,#2722,.F.);
#1364=ORIENTED_EDGE('',*,*,#2723,.F.);
#1365=ORIENTED_EDGE('',*,*,#2724,.F.);
#1366=ORIENTED_EDGE('',*,*,#2466,.F.);
#1367=ORIENTED_EDGE('',*,*,#2451,.F.);
#1368=ORIENTED_EDGE('',*,*,#2469,.F.);
#1369=ORIENTED_EDGE('',*,*,#2725,.F.);
#1370=ORIENTED_EDGE('',*,*,#2717,.T.);
#1371=ORIENTED_EDGE('',*,*,#2455,.T.);
#1372=ORIENTED_EDGE('',*,*,#2453,.F.);
#1373=ORIENTED_EDGE('',*,*,#2467,.T.);
#1374=ORIENTED_EDGE('',*,*,#2724,.T.);
#1375=ORIENTED_EDGE('',*,*,#2726,.F.);
#1376=ORIENTED_EDGE('',*,*,#2727,.T.);
#1377=ORIENTED_EDGE('',*,*,#2728,.F.);
#1378=ORIENTED_EDGE('',*,*,#2729,.F.);
#1379=ORIENTED_EDGE('',*,*,#2713,.T.);
#1380=ORIENTED_EDGE('',*,*,#2730,.F.);
#1381=ORIENTED_EDGE('',*,*,#2714,.T.);
#1382=ORIENTED_EDGE('',*,*,#2729,.T.);
#1383=ORIENTED_EDGE('',*,*,#2731,.F.);
#1384=ORIENTED_EDGE('',*,*,#2462,.F.);
#1385=ORIENTED_EDGE('',*,*,#2457,.F.);
#1386=ORIENTED_EDGE('',*,*,#2461,.F.);
#1387=ORIENTED_EDGE('',*,*,#2556,.T.);
#1388=ORIENTED_EDGE('',*,*,#2557,.F.);
#1389=ORIENTED_EDGE('',*,*,#2692,.F.);
#1390=ORIENTED_EDGE('',*,*,#2569,.F.);
#1391=ORIENTED_EDGE('',*,*,#2671,.F.);
#1392=ORIENTED_EDGE('',*,*,#2527,.F.);
#1393=ORIENTED_EDGE('',*,*,#2647,.F.);
#1394=ORIENTED_EDGE('',*,*,#2529,.F.);
#1395=ORIENTED_EDGE('',*,*,#2636,.T.);
#1396=ORIENTED_EDGE('',*,*,#2638,.T.);
#1397=ORIENTED_EDGE('',*,*,#2732,.F.);
#1398=ORIENTED_EDGE('',*,*,#2711,.F.);
#1399=ORIENTED_EDGE('',*,*,#2730,.T.);
#1400=ORIENTED_EDGE('',*,*,#2733,.F.);
#1401=ORIENTED_EDGE('',*,*,#2734,.T.);
#1402=ORIENTED_EDGE('',*,*,#2541,.T.);
#1403=ORIENTED_EDGE('',*,*,#2543,.T.);
#1404=ORIENTED_EDGE('',*,*,#2456,.T.);
#1405=ORIENTED_EDGE('',*,*,#2546,.T.);
#1406=ORIENTED_EDGE('',*,*,#2735,.F.);
#1407=ORIENTED_EDGE('',*,*,#2736,.T.);
#1408=ORIENTED_EDGE('',*,*,#2737,.F.);
#1409=ORIENTED_EDGE('',*,*,#2738,.F.);
#1410=ORIENTED_EDGE('',*,*,#2739,.F.);
#1411=ORIENTED_EDGE('',*,*,#2470,.T.);
#1412=ORIENTED_EDGE('',*,*,#2721,.T.);
#1413=ORIENTED_EDGE('',*,*,#2738,.T.);
#1414=ORIENTED_EDGE('',*,*,#2740,.F.);
#1415=ORIENTED_EDGE('',*,*,#2722,.T.);
#1416=ORIENTED_EDGE('',*,*,#2468,.F.);
#1417=ORIENTED_EDGE('',*,*,#2464,.T.);
#1418=ORIENTED_EDGE('',*,*,#2741,.T.);
#1419=ORIENTED_EDGE('',*,*,#2742,.T.);
#1420=ORIENTED_EDGE('',*,*,#2743,.T.);
#1421=ORIENTED_EDGE('',*,*,#2744,.T.);
#1422=ORIENTED_EDGE('',*,*,#2745,.T.);
#1423=ORIENTED_EDGE('',*,*,#2746,.T.);
#1424=ORIENTED_EDGE('',*,*,#2747,.F.);
#1425=ORIENTED_EDGE('',*,*,#2748,.T.);
#1426=ORIENTED_EDGE('',*,*,#2743,.F.);
#1427=ORIENTED_EDGE('',*,*,#2749,.F.);
#1428=ORIENTED_EDGE('',*,*,#2741,.F.);
#1429=ORIENTED_EDGE('',*,*,#2471,.T.);
#1430=ORIENTED_EDGE('',*,*,#2536,.F.);
#1431=ORIENTED_EDGE('',*,*,#2750,.F.);
#1432=ORIENTED_EDGE('',*,*,#2538,.T.);
#1433=ORIENTED_EDGE('',*,*,#2734,.F.);
#1434=ORIENTED_EDGE('',*,*,#2751,.F.);
#1435=ORIENTED_EDGE('',*,*,#2752,.T.);
#1436=ORIENTED_EDGE('',*,*,#2753,.F.);
#1437=ORIENTED_EDGE('',*,*,#2754,.T.);
#1438=ORIENTED_EDGE('',*,*,#2537,.T.);
#1439=ORIENTED_EDGE('',*,*,#2753,.T.);
#1440=ORIENTED_EDGE('',*,*,#2755,.T.);
#1441=ORIENTED_EDGE('',*,*,#2756,.T.);
#1442=ORIENTED_EDGE('',*,*,#2757,.T.);
#1443=ORIENTED_EDGE('',*,*,#2758,.F.);
#1444=ORIENTED_EDGE('',*,*,#2488,.T.);
#1445=ORIENTED_EDGE('',*,*,#2475,.F.);
#1446=ORIENTED_EDGE('',*,*,#2472,.T.);
#1447=ORIENTED_EDGE('',*,*,#2631,.F.);
#1448=ORIENTED_EDGE('',*,*,#2611,.T.);
#1449=ORIENTED_EDGE('',*,*,#2615,.F.);
#1450=ORIENTED_EDGE('',*,*,#2618,.T.);
#1451=ORIENTED_EDGE('',*,*,#2621,.T.);
#1452=ORIENTED_EDGE('',*,*,#2624,.F.);
#1453=ORIENTED_EDGE('',*,*,#2627,.F.);
#1454=ORIENTED_EDGE('',*,*,#2759,.T.);
#1455=ORIENTED_EDGE('',*,*,#2756,.F.);
#1456=ORIENTED_EDGE('',*,*,#2489,.T.);
#1457=ORIENTED_EDGE('',*,*,#2758,.T.);
#1458=ORIENTED_EDGE('',*,*,#2760,.T.);
#1459=ORIENTED_EDGE('',*,*,#2761,.F.);
#1460=ORIENTED_EDGE('',*,*,#2762,.F.);
#1461=ORIENTED_EDGE('',*,*,#2490,.F.);
#1462=ORIENTED_EDGE('',*,*,#2498,.T.);
#1463=ORIENTED_EDGE('',*,*,#2501,.T.);
#1464=ORIENTED_EDGE('',*,*,#2487,.T.);
#1465=ORIENTED_EDGE('',*,*,#2484,.F.);
#1466=ORIENTED_EDGE('',*,*,#2480,.F.);
#1467=ORIENTED_EDGE('',*,*,#2632,.F.);
#1468=ORIENTED_EDGE('',*,*,#2499,.F.);
#1469=ORIENTED_EDGE('',*,*,#2496,.F.);
#1470=ORIENTED_EDGE('',*,*,#2495,.T.);
#1471=ORIENTED_EDGE('',*,*,#2491,.T.);
#1472=ORIENTED_EDGE('',*,*,#2762,.T.);
#1473=ORIENTED_EDGE('',*,*,#2763,.T.);
#1474=ORIENTED_EDGE('',*,*,#2764,.T.);
#1475=ORIENTED_EDGE('',*,*,#2503,.F.);
#1476=ORIENTED_EDGE('',*,*,#2598,.F.);
#1477=ORIENTED_EDGE('',*,*,#2504,.F.);
#1478=ORIENTED_EDGE('',*,*,#2764,.F.);
#1479=ORIENTED_EDGE('',*,*,#2765,.F.);
#1480=ORIENTED_EDGE('',*,*,#2604,.T.);
#1481=ORIENTED_EDGE('',*,*,#2766,.T.);
#1482=ORIENTED_EDGE('',*,*,#2767,.F.);
#1483=ORIENTED_EDGE('',*,*,#2768,.F.);
#1484=ORIENTED_EDGE('',*,*,#2769,.F.);
#1485=ORIENTED_EDGE('',*,*,#2605,.T.);
#1486=ORIENTED_EDGE('',*,*,#2768,.T.);
#1487=ORIENTED_EDGE('',*,*,#2770,.F.);
#1488=ORIENTED_EDGE('',*,*,#2595,.F.);
#1489=ORIENTED_EDGE('',*,*,#2590,.F.);
#1490=ORIENTED_EDGE('',*,*,#2586,.F.);
#1491=ORIENTED_EDGE('',*,*,#2581,.F.);
#1492=ORIENTED_EDGE('',*,*,#2577,.F.);
#1493=ORIENTED_EDGE('',*,*,#2680,.F.);
#1494=ORIENTED_EDGE('',*,*,#2573,.F.);
#1495=ORIENTED_EDGE('',*,*,#2704,.F.);
#1496=ORIENTED_EDGE('',*,*,#2565,.F.);
#1497=ORIENTED_EDGE('',*,*,#2562,.F.);
#1498=ORIENTED_EDGE('',*,*,#2703,.F.);
#1499=ORIENTED_EDGE('',*,*,#2558,.F.);
#1500=ORIENTED_EDGE('',*,*,#2554,.F.);
#1501=ORIENTED_EDGE('',*,*,#2552,.F.);
#1502=ORIENTED_EDGE('',*,*,#2549,.F.);
#1503=ORIENTED_EDGE('',*,*,#2551,.F.);
#1504=ORIENTED_EDGE('',*,*,#2547,.F.);
#1505=ORIENTED_EDGE('',*,*,#2544,.T.);
#1506=ORIENTED_EDGE('',*,*,#2542,.F.);
#1507=ORIENTED_EDGE('',*,*,#2539,.T.);
#1508=ORIENTED_EDGE('',*,*,#2750,.T.);
#1509=ORIENTED_EDGE('',*,*,#2535,.F.);
#1510=ORIENTED_EDGE('',*,*,#2754,.F.);
#1511=ORIENTED_EDGE('',*,*,#2759,.F.);
#1512=ORIENTED_EDGE('',*,*,#2626,.T.);
#1513=ORIENTED_EDGE('',*,*,#2771,.F.);
#1514=ORIENTED_EDGE('',*,*,#2628,.F.);
#1515=ORIENTED_EDGE('',*,*,#2772,.F.);
#1516=ORIENTED_EDGE('',*,*,#2602,.T.);
#1517=ORIENTED_EDGE('',*,*,#2769,.T.);
#1518=ORIENTED_EDGE('',*,*,#2773,.T.);
#1519=ORIENTED_EDGE('',*,*,#2774,.T.);
#1520=ORIENTED_EDGE('',*,*,#2634,.F.);
#1521=ORIENTED_EDGE('',*,*,#2533,.F.);
#1522=ORIENTED_EDGE('',*,*,#2659,.F.);
#1523=ORIENTED_EDGE('',*,*,#2523,.F.);
#1524=ORIENTED_EDGE('',*,*,#2519,.F.);
#1525=ORIENTED_EDGE('',*,*,#2514,.F.);
#1526=ORIENTED_EDGE('',*,*,#2511,.F.);
#1527=ORIENTED_EDGE('',*,*,#2506,.F.);
#1528=ORIENTED_EDGE('',*,*,#2775,.F.);
#1529=ORIENTED_EDGE('',*,*,#2776,.F.);
#1530=ORIENTED_EDGE('',*,*,#2599,.T.);
#1531=ORIENTED_EDGE('',*,*,#2777,.F.);
#1532=ORIENTED_EDGE('',*,*,#2778,.F.);
#1533=ORIENTED_EDGE('',*,*,#2779,.T.);
#1534=ORIENTED_EDGE('',*,*,#2606,.T.);
#1535=ORIENTED_EDGE('',*,*,#2776,.T.);
#1536=ORIENTED_EDGE('',*,*,#2633,.F.);
#1537=ORIENTED_EDGE('',*,*,#2629,.F.);
#1538=ORIENTED_EDGE('',*,*,#2771,.T.);
#1539=ORIENTED_EDGE('',*,*,#2625,.F.);
#1540=ORIENTED_EDGE('',*,*,#2622,.F.);
#1541=ORIENTED_EDGE('',*,*,#2619,.T.);
#1542=ORIENTED_EDGE('',*,*,#2616,.T.);
#1543=ORIENTED_EDGE('',*,*,#2613,.F.);
#1544=ORIENTED_EDGE('',*,*,#2609,.T.);
#1545=ORIENTED_EDGE('',*,*,#2607,.F.);
#1546=ORIENTED_EDGE('',*,*,#2779,.F.);
#1547=ORIENTED_EDGE('',*,*,#2780,.T.);
#1548=ORIENTED_EDGE('',*,*,#2766,.F.);
#1549=ORIENTED_EDGE('',*,*,#2603,.F.);
#1550=ORIENTED_EDGE('',*,*,#2772,.T.);
#1551=ORIENTED_EDGE('',*,*,#2630,.F.);
#1552=ORIENTED_EDGE('',*,*,#2601,.F.);
#1553=ORIENTED_EDGE('',*,*,#2781,.F.);
#1554=ORIENTED_EDGE('',*,*,#2782,.F.);
#1555=ORIENTED_EDGE('',*,*,#2783,.T.);
#1556=ORIENTED_EDGE('',*,*,#2784,.T.);
#1557=ORIENTED_EDGE('',*,*,#2785,.F.);
#1558=ORIENTED_EDGE('',*,*,#2786,.F.);
#1559=ORIENTED_EDGE('',*,*,#2787,.T.);
#1560=ORIENTED_EDGE('',*,*,#2788,.T.);
#1561=ORIENTED_EDGE('',*,*,#2789,.F.);
#1562=ORIENTED_EDGE('',*,*,#2790,.F.);
#1563=ORIENTED_EDGE('',*,*,#2791,.T.);
#1564=ORIENTED_EDGE('',*,*,#2792,.T.);
#1565=ORIENTED_EDGE('',*,*,#2793,.T.);
#1566=ORIENTED_EDGE('',*,*,#2794,.F.);
#1567=ORIENTED_EDGE('',*,*,#2639,.T.);
#1568=ORIENTED_EDGE('',*,*,#2635,.F.);
#1569=ORIENTED_EDGE('',*,*,#2795,.F.);
#1570=ORIENTED_EDGE('',*,*,#2796,.F.);
#1571=ORIENTED_EDGE('',*,*,#2797,.F.);
#1572=ORIENTED_EDGE('',*,*,#2798,.F.);
#1573=ORIENTED_EDGE('',*,*,#2637,.F.);
#1574=ORIENTED_EDGE('',*,*,#2774,.F.);
#1575=ORIENTED_EDGE('',*,*,#2799,.T.);
#1576=ORIENTED_EDGE('',*,*,#2793,.F.);
#1577=ORIENTED_EDGE('',*,*,#2710,.T.);
#1578=ORIENTED_EDGE('',*,*,#2709,.T.);
#1579=ORIENTED_EDGE('',*,*,#2245,.T.);
#1580=ORIENTED_EDGE('',*,*,#2800,.T.);
#1581=ORIENTED_EDGE('',*,*,#2791,.F.);
#1582=ORIENTED_EDGE('',*,*,#2801,.F.);
#1583=ORIENTED_EDGE('',*,*,#2244,.T.);
#1584=ORIENTED_EDGE('',*,*,#2802,.T.);
#1585=ORIENTED_EDGE('',*,*,#2803,.T.);
#1586=ORIENTED_EDGE('',*,*,#2792,.F.);
#1587=ORIENTED_EDGE('',*,*,#2800,.F.);
#1588=ORIENTED_EDGE('',*,*,#2243,.T.);
#1589=ORIENTED_EDGE('',*,*,#2804,.T.);
#1590=ORIENTED_EDGE('',*,*,#2805,.T.);
#1591=ORIENTED_EDGE('',*,*,#2802,.F.);
#1592=ORIENTED_EDGE('',*,*,#2806,.T.);
#1593=ORIENTED_EDGE('',*,*,#2804,.F.);
#1594=ORIENTED_EDGE('',*,*,#2242,.F.);
#1595=ORIENTED_EDGE('',*,*,#2237,.T.);
#1596=ORIENTED_EDGE('',*,*,#2807,.F.);
#1597=ORIENTED_EDGE('',*,*,#2808,.F.);
#1598=ORIENTED_EDGE('',*,*,#2238,.F.);
#1599=ORIENTED_EDGE('',*,*,#2807,.T.);
#1600=ORIENTED_EDGE('',*,*,#2236,.F.);
#1601=ORIENTED_EDGE('',*,*,#2809,.F.);
#1602=ORIENTED_EDGE('',*,*,#2810,.T.);
#1603=ORIENTED_EDGE('',*,*,#2232,.F.);
#1604=ORIENTED_EDGE('',*,*,#2231,.T.);
#1605=ORIENTED_EDGE('',*,*,#2811,.T.);
#1606=ORIENTED_EDGE('',*,*,#2812,.T.);
#1607=ORIENTED_EDGE('',*,*,#2809,.T.);
#1608=ORIENTED_EDGE('',*,*,#2801,.T.);
#1609=ORIENTED_EDGE('',*,*,#2790,.T.);
#1610=ORIENTED_EDGE('',*,*,#2813,.F.);
#1611=ORIENTED_EDGE('',*,*,#2811,.F.);
#1612=ORIENTED_EDGE('',*,*,#2230,.F.);
#1613=ORIENTED_EDGE('',*,*,#2229,.T.);
#1614=ORIENTED_EDGE('',*,*,#2814,.T.);
#1615=ORIENTED_EDGE('',*,*,#2787,.F.);
#1616=ORIENTED_EDGE('',*,*,#2815,.F.);
#1617=ORIENTED_EDGE('',*,*,#2228,.T.);
#1618=ORIENTED_EDGE('',*,*,#2816,.T.);
#1619=ORIENTED_EDGE('',*,*,#2817,.T.);
#1620=ORIENTED_EDGE('',*,*,#2788,.F.);
#1621=ORIENTED_EDGE('',*,*,#2814,.F.);
#1622=ORIENTED_EDGE('',*,*,#2227,.T.);
#1623=ORIENTED_EDGE('',*,*,#2818,.T.);
#1624=ORIENTED_EDGE('',*,*,#2819,.T.);
#1625=ORIENTED_EDGE('',*,*,#2816,.F.);
#1626=ORIENTED_EDGE('',*,*,#2820,.T.);
#1627=ORIENTED_EDGE('',*,*,#2818,.F.);
#1628=ORIENTED_EDGE('',*,*,#2226,.F.);
#1629=ORIENTED_EDGE('',*,*,#2221,.T.);
#1630=ORIENTED_EDGE('',*,*,#2821,.F.);
#1631=ORIENTED_EDGE('',*,*,#2822,.F.);
#1632=ORIENTED_EDGE('',*,*,#2823,.T.);
#1633=ORIENTED_EDGE('',*,*,#2216,.F.);
#1634=ORIENTED_EDGE('',*,*,#2215,.T.);
#1635=ORIENTED_EDGE('',*,*,#2824,.T.);
#1636=ORIENTED_EDGE('',*,*,#2825,.T.);
#1637=ORIENTED_EDGE('',*,*,#2822,.T.);
#1638=ORIENTED_EDGE('',*,*,#2815,.T.);
#1639=ORIENTED_EDGE('',*,*,#2786,.T.);
#1640=ORIENTED_EDGE('',*,*,#2826,.F.);
#1641=ORIENTED_EDGE('',*,*,#2824,.F.);
#1642=ORIENTED_EDGE('',*,*,#2214,.F.);
#1643=ORIENTED_EDGE('',*,*,#2213,.T.);
#1644=ORIENTED_EDGE('',*,*,#2827,.T.);
#1645=ORIENTED_EDGE('',*,*,#2783,.F.);
#1646=ORIENTED_EDGE('',*,*,#2828,.F.);
#1647=ORIENTED_EDGE('',*,*,#2212,.T.);
#1648=ORIENTED_EDGE('',*,*,#2829,.T.);
#1649=ORIENTED_EDGE('',*,*,#2830,.T.);
#1650=ORIENTED_EDGE('',*,*,#2784,.F.);
#1651=ORIENTED_EDGE('',*,*,#2827,.F.);
#1652=ORIENTED_EDGE('',*,*,#2211,.T.);
#1653=ORIENTED_EDGE('',*,*,#2831,.T.);
#1654=ORIENTED_EDGE('',*,*,#2832,.T.);
#1655=ORIENTED_EDGE('',*,*,#2829,.F.);
#1656=ORIENTED_EDGE('',*,*,#2833,.T.);
#1657=ORIENTED_EDGE('',*,*,#2831,.F.);
#1658=ORIENTED_EDGE('',*,*,#2210,.F.);
#1659=ORIENTED_EDGE('',*,*,#2205,.T.);
#1660=ORIENTED_EDGE('',*,*,#2834,.F.);
#1661=ORIENTED_EDGE('',*,*,#2835,.F.);
#1662=ORIENTED_EDGE('',*,*,#2206,.F.);
#1663=ORIENTED_EDGE('',*,*,#2834,.T.);
#1664=ORIENTED_EDGE('',*,*,#2204,.F.);
#1665=ORIENTED_EDGE('',*,*,#2836,.F.);
#1666=ORIENTED_EDGE('',*,*,#2837,.T.);
#1667=ORIENTED_EDGE('',*,*,#2200,.F.);
#1668=ORIENTED_EDGE('',*,*,#2199,.T.);
#1669=ORIENTED_EDGE('',*,*,#2838,.T.);
#1670=ORIENTED_EDGE('',*,*,#2839,.T.);
#1671=ORIENTED_EDGE('',*,*,#2836,.T.);
#1672=ORIENTED_EDGE('',*,*,#2828,.T.);
#1673=ORIENTED_EDGE('',*,*,#2782,.T.);
#1674=ORIENTED_EDGE('',*,*,#2840,.F.);
#1675=ORIENTED_EDGE('',*,*,#2838,.F.);
#1676=ORIENTED_EDGE('',*,*,#2198,.F.);
#1677=ORIENTED_EDGE('',*,*,#2249,.T.);
#1678=ORIENTED_EDGE('',*,*,#2841,.T.);
#1679=ORIENTED_EDGE('',*,*,#2196,.T.);
#1680=ORIENTED_EDGE('',*,*,#2842,.T.);
#1681=ORIENTED_EDGE('',*,*,#2193,.T.);
#1682=ORIENTED_EDGE('',*,*,#2843,.T.);
#1683=ORIENTED_EDGE('',*,*,#2246,.F.);
#1684=ORIENTED_EDGE('',*,*,#2844,.T.);
#1685=ORIENTED_EDGE('',*,*,#2845,.F.);
#1686=ORIENTED_EDGE('',*,*,#2846,.F.);
#1687=ORIENTED_EDGE('',*,*,#2847,.F.);
#1688=ORIENTED_EDGE('',*,*,#2745,.F.);
#1689=ORIENTED_EDGE('',*,*,#2848,.T.);
#1690=ORIENTED_EDGE('',*,*,#2234,.T.);
#1691=ORIENTED_EDGE('',*,*,#2849,.F.);
#1692=ORIENTED_EDGE('',*,*,#2315,.F.);
#1693=ORIENTED_EDGE('',*,*,#2850,.T.);
#1694=ORIENTED_EDGE('',*,*,#2202,.T.);
#1695=ORIENTED_EDGE('',*,*,#2851,.F.);
#1696=ORIENTED_EDGE('',*,*,#2300,.F.);
#1697=ORIENTED_EDGE('',*,*,#2852,.F.);
#1698=ORIENTED_EDGE('',*,*,#2739,.T.);
#1699=ORIENTED_EDGE('',*,*,#2720,.T.);
#1700=ORIENTED_EDGE('',*,*,#2718,.T.);
#1701=ORIENTED_EDGE('',*,*,#2715,.T.);
#1702=ORIENTED_EDGE('',*,*,#2725,.T.);
#1703=ORIENTED_EDGE('',*,*,#2853,.T.);
#1704=ORIENTED_EDGE('',*,*,#2727,.F.);
#1705=ORIENTED_EDGE('',*,*,#2712,.F.);
#1706=ORIENTED_EDGE('',*,*,#2732,.T.);
#1707=ORIENTED_EDGE('',*,*,#2798,.T.);
#1708=ORIENTED_EDGE('',*,*,#2197,.F.);
#1709=ORIENTED_EDGE('',*,*,#2841,.F.);
#1710=ORIENTED_EDGE('',*,*,#2248,.T.);
#1711=ORIENTED_EDGE('',*,*,#2854,.T.);
#1712=ORIENTED_EDGE('',*,*,#2329,.F.);
#1713=ORIENTED_EDGE('',*,*,#2855,.T.);
#1714=ORIENTED_EDGE('',*,*,#2735,.T.);
#1715=ORIENTED_EDGE('',*,*,#2852,.T.);
#1716=ORIENTED_EDGE('',*,*,#2328,.T.);
#1717=ORIENTED_EDGE('',*,*,#2327,.F.);
#1718=ORIENTED_EDGE('',*,*,#2856,.T.);
#1719=ORIENTED_EDGE('',*,*,#2736,.F.);
#1720=ORIENTED_EDGE('',*,*,#2855,.F.);
#1721=ORIENTED_EDGE('',*,*,#2740,.T.);
#1722=ORIENTED_EDGE('',*,*,#2737,.T.);
#1723=ORIENTED_EDGE('',*,*,#2856,.F.);
#1724=ORIENTED_EDGE('',*,*,#2326,.T.);
#1725=ORIENTED_EDGE('',*,*,#2857,.F.);
#1726=ORIENTED_EDGE('',*,*,#2858,.T.);
#1727=ORIENTED_EDGE('',*,*,#2751,.T.);
#1728=ORIENTED_EDGE('',*,*,#2733,.T.);
#1729=ORIENTED_EDGE('',*,*,#2731,.T.);
#1730=ORIENTED_EDGE('',*,*,#2728,.T.);
#1731=ORIENTED_EDGE('',*,*,#2853,.F.);
#1732=ORIENTED_EDGE('',*,*,#2726,.T.);
#1733=ORIENTED_EDGE('',*,*,#2723,.T.);
#1734=ORIENTED_EDGE('',*,*,#2845,.T.);
#1735=ORIENTED_EDGE('',*,*,#2744,.F.);
#1736=ORIENTED_EDGE('',*,*,#2748,.F.);
#1737=ORIENTED_EDGE('',*,*,#2322,.F.);
#1738=ORIENTED_EDGE('',*,*,#2847,.T.);
#1739=ORIENTED_EDGE('',*,*,#2272,.F.);
#1740=ORIENTED_EDGE('',*,*,#2746,.F.);
#1741=ORIENTED_EDGE('',*,*,#2742,.F.);
#1742=ORIENTED_EDGE('',*,*,#2323,.T.);
#1743=ORIENTED_EDGE('',*,*,#2747,.T.);
#1744=ORIENTED_EDGE('',*,*,#2271,.F.);
#1745=ORIENTED_EDGE('',*,*,#2859,.T.);
#1746=ORIENTED_EDGE('',*,*,#2859,.F.);
#1747=ORIENTED_EDGE('',*,*,#2270,.F.);
#1748=ORIENTED_EDGE('',*,*,#2860,.T.);
#1749=ORIENTED_EDGE('',*,*,#2324,.F.);
#1750=ORIENTED_EDGE('',*,*,#2749,.T.);
#1751=ORIENTED_EDGE('',*,*,#2269,.T.);
#1752=ORIENTED_EDGE('',*,*,#2861,.T.);
#1753=ORIENTED_EDGE('',*,*,#2857,.T.);
#1754=ORIENTED_EDGE('',*,*,#2325,.T.);
#1755=ORIENTED_EDGE('',*,*,#2860,.F.);
#1756=ORIENTED_EDGE('',*,*,#2757,.F.);
#1757=ORIENTED_EDGE('',*,*,#2755,.F.);
#1758=ORIENTED_EDGE('',*,*,#2752,.F.);
#1759=ORIENTED_EDGE('',*,*,#2858,.F.);
#1760=ORIENTED_EDGE('',*,*,#2861,.F.);
#1761=ORIENTED_EDGE('',*,*,#2268,.F.);
#1762=ORIENTED_EDGE('',*,*,#2862,.F.);
#1763=ORIENTED_EDGE('',*,*,#2760,.F.);
#1764=ORIENTED_EDGE('',*,*,#2863,.F.);
#1765=ORIENTED_EDGE('',*,*,#2777,.T.);
#1766=ORIENTED_EDGE('',*,*,#2765,.T.);
#1767=ORIENTED_EDGE('',*,*,#2763,.F.);
#1768=ORIENTED_EDGE('',*,*,#2761,.T.);
#1769=ORIENTED_EDGE('',*,*,#2862,.T.);
#1770=ORIENTED_EDGE('',*,*,#2267,.F.);
#1771=ORIENTED_EDGE('',*,*,#2864,.T.);
#1772=ORIENTED_EDGE('',*,*,#2266,.F.);
#1773=ORIENTED_EDGE('',*,*,#2865,.F.);
#1774=ORIENTED_EDGE('',*,*,#2864,.F.);
#1775=ORIENTED_EDGE('',*,*,#2780,.F.);
#1776=ORIENTED_EDGE('',*,*,#2778,.T.);
#1777=ORIENTED_EDGE('',*,*,#2775,.T.);
#1778=ORIENTED_EDGE('',*,*,#2863,.T.);
#1779=ORIENTED_EDGE('',*,*,#2865,.T.);
#1780=ORIENTED_EDGE('',*,*,#2265,.T.);
#1781=ORIENTED_EDGE('',*,*,#2866,.T.);
#1782=ORIENTED_EDGE('',*,*,#2250,.T.);
#1783=ORIENTED_EDGE('',*,*,#2842,.F.);
#1784=ORIENTED_EDGE('',*,*,#2195,.F.);
#1785=ORIENTED_EDGE('',*,*,#2867,.T.);
#1786=ORIENTED_EDGE('',*,*,#2773,.F.);
#1787=ORIENTED_EDGE('',*,*,#2770,.T.);
#1788=ORIENTED_EDGE('',*,*,#2767,.T.);
#1789=ORIENTED_EDGE('',*,*,#2299,.T.);
#1790=ORIENTED_EDGE('',*,*,#2868,.T.);
#1791=ORIENTED_EDGE('',*,*,#2295,.T.);
#1792=ORIENTED_EDGE('',*,*,#2869,.F.);
#1793=ORIENTED_EDGE('',*,*,#2207,.F.);
#1794=ORIENTED_EDGE('',*,*,#2835,.T.);
#1795=ORIENTED_EDGE('',*,*,#2203,.F.);
#1796=ORIENTED_EDGE('',*,*,#2850,.F.);
#1797=ORIENTED_EDGE('',*,*,#2294,.T.);
#1798=ORIENTED_EDGE('',*,*,#2870,.T.);
#1799=ORIENTED_EDGE('',*,*,#2208,.F.);
#1800=ORIENTED_EDGE('',*,*,#2869,.T.);
#1801=ORIENTED_EDGE('',*,*,#2301,.T.);
#1802=ORIENTED_EDGE('',*,*,#2851,.T.);
#1803=ORIENTED_EDGE('',*,*,#2201,.F.);
#1804=ORIENTED_EDGE('',*,*,#2837,.F.);
#1805=ORIENTED_EDGE('',*,*,#2839,.F.);
#1806=ORIENTED_EDGE('',*,*,#2840,.T.);
#1807=ORIENTED_EDGE('',*,*,#2781,.T.);
#1808=ORIENTED_EDGE('',*,*,#2830,.F.);
#1809=ORIENTED_EDGE('',*,*,#2832,.F.);
#1810=ORIENTED_EDGE('',*,*,#2833,.F.);
#1811=ORIENTED_EDGE('',*,*,#2209,.F.);
#1812=ORIENTED_EDGE('',*,*,#2870,.F.);
#1813=ORIENTED_EDGE('',*,*,#2293,.T.);
#1814=ORIENTED_EDGE('',*,*,#2332,.T.);
#1815=ORIENTED_EDGE('',*,*,#2308,.T.);
#1816=ORIENTED_EDGE('',*,*,#2871,.T.);
#1817=ORIENTED_EDGE('',*,*,#2217,.F.);
#1818=ORIENTED_EDGE('',*,*,#2823,.F.);
#1819=ORIENTED_EDGE('',*,*,#2825,.F.);
#1820=ORIENTED_EDGE('',*,*,#2826,.T.);
#1821=ORIENTED_EDGE('',*,*,#2785,.T.);
#1822=ORIENTED_EDGE('',*,*,#2817,.F.);
#1823=ORIENTED_EDGE('',*,*,#2819,.F.);
#1824=ORIENTED_EDGE('',*,*,#2820,.F.);
#1825=ORIENTED_EDGE('',*,*,#2225,.F.);
#1826=ORIENTED_EDGE('',*,*,#2872,.F.);
#1827=ORIENTED_EDGE('',*,*,#2286,.T.);
#1828=ORIENTED_EDGE('',*,*,#2334,.T.);
#1829=ORIENTED_EDGE('',*,*,#2314,.T.);
#1830=ORIENTED_EDGE('',*,*,#2873,.T.);
#1831=ORIENTED_EDGE('',*,*,#2280,.T.);
#1832=ORIENTED_EDGE('',*,*,#2874,.F.);
#1833=ORIENTED_EDGE('',*,*,#2239,.F.);
#1834=ORIENTED_EDGE('',*,*,#2808,.T.);
#1835=ORIENTED_EDGE('',*,*,#2235,.F.);
#1836=ORIENTED_EDGE('',*,*,#2848,.F.);
#1837=ORIENTED_EDGE('',*,*,#2279,.T.);
#1838=ORIENTED_EDGE('',*,*,#2875,.T.);
#1839=ORIENTED_EDGE('',*,*,#2240,.F.);
#1840=ORIENTED_EDGE('',*,*,#2874,.T.);
#1841=ORIENTED_EDGE('',*,*,#2316,.T.);
#1842=ORIENTED_EDGE('',*,*,#2849,.T.);
#1843=ORIENTED_EDGE('',*,*,#2233,.F.);
#1844=ORIENTED_EDGE('',*,*,#2810,.F.);
#1845=ORIENTED_EDGE('',*,*,#2812,.F.);
#1846=ORIENTED_EDGE('',*,*,#2813,.T.);
#1847=ORIENTED_EDGE('',*,*,#2789,.T.);
#1848=ORIENTED_EDGE('',*,*,#2803,.F.);
#1849=ORIENTED_EDGE('',*,*,#2805,.F.);
#1850=ORIENTED_EDGE('',*,*,#2806,.F.);
#1851=ORIENTED_EDGE('',*,*,#2241,.F.);
#1852=ORIENTED_EDGE('',*,*,#2875,.F.);
#1853=ORIENTED_EDGE('',*,*,#2278,.T.);
#1854=ORIENTED_EDGE('',*,*,#2336,.T.);
#1855=ORIENTED_EDGE('',*,*,#2876,.T.);
#1856=ORIENTED_EDGE('',*,*,#2877,.T.);
#1857=ORIENTED_EDGE('',*,*,#2795,.T.);
#1858=ORIENTED_EDGE('',*,*,#2794,.T.);
#1859=ORIENTED_EDGE('',*,*,#2878,.T.);
#1860=ORIENTED_EDGE('',*,*,#2879,.T.);
#1861=ORIENTED_EDGE('',*,*,#2880,.T.);
#1862=ORIENTED_EDGE('',*,*,#2881,.F.);
#1863=ORIENTED_EDGE('',*,*,#2251,.F.);
#1864=ORIENTED_EDGE('',*,*,#2866,.F.);
#1865=ORIENTED_EDGE('',*,*,#2882,.T.);
#1866=ORIENTED_EDGE('',*,*,#2878,.F.);
#1867=ORIENTED_EDGE('',*,*,#2799,.F.);
#1868=ORIENTED_EDGE('',*,*,#2867,.F.);
#1869=ORIENTED_EDGE('',*,*,#2194,.F.);
#1870=ORIENTED_EDGE('',*,*,#2844,.F.);
#1871=ORIENTED_EDGE('',*,*,#2883,.F.);
#1872=ORIENTED_EDGE('',*,*,#2880,.F.);
#1873=ORIENTED_EDGE('',*,*,#2884,.T.);
#1874=ORIENTED_EDGE('',*,*,#2854,.F.);
#1875=ORIENTED_EDGE('',*,*,#2885,.T.);
#1876=ORIENTED_EDGE('',*,*,#2257,.T.);
#1877=ORIENTED_EDGE('',*,*,#2218,.T.);
#1878=ORIENTED_EDGE('',*,*,#2871,.F.);
#1879=ORIENTED_EDGE('',*,*,#2307,.F.);
#1880=ORIENTED_EDGE('',*,*,#2256,.F.);
#1881=ORIENTED_EDGE('',*,*,#2222,.F.);
#1882=ORIENTED_EDGE('',*,*,#2821,.T.);
#1883=ORIENTED_EDGE('',*,*,#2220,.F.);
#1884=ORIENTED_EDGE('',*,*,#2287,.T.);
#1885=ORIENTED_EDGE('',*,*,#2872,.T.);
#1886=ORIENTED_EDGE('',*,*,#2224,.F.);
#1887=ORIENTED_EDGE('',*,*,#2255,.T.);
#1888=ORIENTED_EDGE('',*,*,#2886,.F.);
#1889=ORIENTED_EDGE('',*,*,#2330,.F.);
#1890=ORIENTED_EDGE('',*,*,#2884,.F.);
#1891=ORIENTED_EDGE('',*,*,#2887,.T.);
#1892=ORIENTED_EDGE('',*,*,#2888,.F.);
#1893=ORIENTED_EDGE('',*,*,#2889,.F.);
#1894=ORIENTED_EDGE('',*,*,#2890,.T.);
#1895=ORIENTED_EDGE('',*,*,#2882,.F.);
#1896=ORIENTED_EDGE('',*,*,#2264,.F.);
#1897=ORIENTED_EDGE('',*,*,#2362,.T.);
#1898=ORIENTED_EDGE('',*,*,#2891,.F.);
#1899=ORIENTED_EDGE('',*,*,#2887,.F.);
#1900=ORIENTED_EDGE('',*,*,#2879,.F.);
#1901=ORIENTED_EDGE('',*,*,#2890,.F.);
#1902=ORIENTED_EDGE('',*,*,#2313,.T.);
#1903=ORIENTED_EDGE('',*,*,#2892,.T.);
#1904=ORIENTED_EDGE('',*,*,#2281,.F.);
#1905=ORIENTED_EDGE('',*,*,#2873,.F.);
#1906=ORIENTED_EDGE('',*,*,#2321,.T.);
#1907=ORIENTED_EDGE('',*,*,#2893,.T.);
#1908=ORIENTED_EDGE('',*,*,#2273,.F.);
#1909=ORIENTED_EDGE('',*,*,#2846,.T.);
#1910=ORIENTED_EDGE('',*,*,#2298,.T.);
#1911=ORIENTED_EDGE('',*,*,#2894,.T.);
#1912=ORIENTED_EDGE('',*,*,#2261,.F.);
#1913=ORIENTED_EDGE('',*,*,#2868,.F.);
#1914=ORIENTED_EDGE('',*,*,#2306,.T.);
#1915=ORIENTED_EDGE('',*,*,#2895,.T.);
#1916=ORIENTED_EDGE('',*,*,#2288,.F.);
#1917=ORIENTED_EDGE('',*,*,#2253,.F.);
#1918=ORIENTED_EDGE('',*,*,#2275,.T.);
#1919=ORIENTED_EDGE('',*,*,#2896,.F.);
#1920=ORIENTED_EDGE('',*,*,#2897,.F.);
#1921=ORIENTED_EDGE('',*,*,#2898,.T.);
#1922=ORIENTED_EDGE('',*,*,#2899,.F.);
#1923=ORIENTED_EDGE('',*,*,#2283,.T.);
#1924=ORIENTED_EDGE('',*,*,#2900,.F.);
#1925=ORIENTED_EDGE('',*,*,#2901,.T.);
#1926=ORIENTED_EDGE('',*,*,#2902,.T.);
#1927=ORIENTED_EDGE('',*,*,#2903,.F.);
#1928=ORIENTED_EDGE('',*,*,#2259,.F.);
#1929=ORIENTED_EDGE('',*,*,#2904,.F.);
#1930=ORIENTED_EDGE('',*,*,#2905,.T.);
#1931=ORIENTED_EDGE('',*,*,#2290,.T.);
#1932=ORIENTED_EDGE('',*,*,#2906,.F.);
#1933=ORIENTED_EDGE('',*,*,#2907,.F.);
#1934=ORIENTED_EDGE('',*,*,#2908,.F.);
#1935=ORIENTED_EDGE('',*,*,#2908,.T.);
#1936=ORIENTED_EDGE('',*,*,#2909,.F.);
#1937=ORIENTED_EDGE('',*,*,#2909,.T.);
#1938=ORIENTED_EDGE('',*,*,#2910,.T.);
#1939=ORIENTED_EDGE('',*,*,#2911,.T.);
#1940=ORIENTED_EDGE('',*,*,#2912,.T.);
#1941=ORIENTED_EDGE('',*,*,#2913,.T.);
#1942=ORIENTED_EDGE('',*,*,#2914,.T.);
#1943=ORIENTED_EDGE('',*,*,#2915,.T.);
#1944=ORIENTED_EDGE('',*,*,#2911,.F.);
#1945=ORIENTED_EDGE('',*,*,#2916,.F.);
#1946=ORIENTED_EDGE('',*,*,#2917,.T.);
#1947=ORIENTED_EDGE('',*,*,#2918,.T.);
#1948=ORIENTED_EDGE('',*,*,#2912,.F.);
#1949=ORIENTED_EDGE('',*,*,#2918,.F.);
#1950=ORIENTED_EDGE('',*,*,#2919,.T.);
#1951=ORIENTED_EDGE('',*,*,#2920,.T.);
#1952=ORIENTED_EDGE('',*,*,#2913,.F.);
#1953=ORIENTED_EDGE('',*,*,#2920,.F.);
#1954=ORIENTED_EDGE('',*,*,#2921,.T.);
#1955=ORIENTED_EDGE('',*,*,#2922,.T.);
#1956=ORIENTED_EDGE('',*,*,#2914,.F.);
#1957=ORIENTED_EDGE('',*,*,#2922,.F.);
#1958=ORIENTED_EDGE('',*,*,#2923,.T.);
#1959=ORIENTED_EDGE('',*,*,#2924,.T.);
#1960=ORIENTED_EDGE('',*,*,#2915,.F.);
#1961=ORIENTED_EDGE('',*,*,#2924,.F.);
#1962=ORIENTED_EDGE('',*,*,#2925,.T.);
#1963=ORIENTED_EDGE('',*,*,#2926,.T.);
#1964=ORIENTED_EDGE('',*,*,#2910,.F.);
#1965=ORIENTED_EDGE('',*,*,#2926,.F.);
#1966=ORIENTED_EDGE('',*,*,#2927,.T.);
#1967=ORIENTED_EDGE('',*,*,#2916,.T.);
#1968=ORIENTED_EDGE('',*,*,#2928,.F.);
#1969=ORIENTED_EDGE('',*,*,#2927,.F.);
#1970=ORIENTED_EDGE('',*,*,#2925,.F.);
#1971=ORIENTED_EDGE('',*,*,#2923,.F.);
#1972=ORIENTED_EDGE('',*,*,#2921,.F.);
#1973=ORIENTED_EDGE('',*,*,#2919,.F.);
#1974=ORIENTED_EDGE('',*,*,#2917,.F.);
#1975=ORIENTED_EDGE('',*,*,#2928,.T.);
#1976=ORIENTED_EDGE('',*,*,#2899,.T.);
#1977=ORIENTED_EDGE('',*,*,#2929,.F.);
#1978=ORIENTED_EDGE('',*,*,#2929,.T.);
#1979=ORIENTED_EDGE('',*,*,#2930,.F.);
#1980=ORIENTED_EDGE('',*,*,#2930,.T.);
#1981=ORIENTED_EDGE('',*,*,#2931,.T.);
#1982=ORIENTED_EDGE('',*,*,#2932,.T.);
#1983=ORIENTED_EDGE('',*,*,#2933,.T.);
#1984=ORIENTED_EDGE('',*,*,#2934,.T.);
#1985=ORIENTED_EDGE('',*,*,#2935,.T.);
#1986=ORIENTED_EDGE('',*,*,#2936,.T.);
#1987=ORIENTED_EDGE('',*,*,#2932,.F.);
#1988=ORIENTED_EDGE('',*,*,#2937,.F.);
#1989=ORIENTED_EDGE('',*,*,#2938,.T.);
#1990=ORIENTED_EDGE('',*,*,#2939,.T.);
#1991=ORIENTED_EDGE('',*,*,#2933,.F.);
#1992=ORIENTED_EDGE('',*,*,#2939,.F.);
#1993=ORIENTED_EDGE('',*,*,#2940,.T.);
#1994=ORIENTED_EDGE('',*,*,#2941,.T.);
#1995=ORIENTED_EDGE('',*,*,#2934,.F.);
#1996=ORIENTED_EDGE('',*,*,#2941,.F.);
#1997=ORIENTED_EDGE('',*,*,#2942,.T.);
#1998=ORIENTED_EDGE('',*,*,#2943,.T.);
#1999=ORIENTED_EDGE('',*,*,#2935,.F.);
#2000=ORIENTED_EDGE('',*,*,#2943,.F.);
#2001=ORIENTED_EDGE('',*,*,#2944,.T.);
#2002=ORIENTED_EDGE('',*,*,#2945,.T.);
#2003=ORIENTED_EDGE('',*,*,#2936,.F.);
#2004=ORIENTED_EDGE('',*,*,#2945,.F.);
#2005=ORIENTED_EDGE('',*,*,#2946,.T.);
#2006=ORIENTED_EDGE('',*,*,#2947,.T.);
#2007=ORIENTED_EDGE('',*,*,#2931,.F.);
#2008=ORIENTED_EDGE('',*,*,#2947,.F.);
#2009=ORIENTED_EDGE('',*,*,#2948,.T.);
#2010=ORIENTED_EDGE('',*,*,#2937,.T.);
#2011=ORIENTED_EDGE('',*,*,#2949,.F.);
#2012=ORIENTED_EDGE('',*,*,#2948,.F.);
#2013=ORIENTED_EDGE('',*,*,#2946,.F.);
#2014=ORIENTED_EDGE('',*,*,#2944,.F.);
#2015=ORIENTED_EDGE('',*,*,#2942,.F.);
#2016=ORIENTED_EDGE('',*,*,#2940,.F.);
#2017=ORIENTED_EDGE('',*,*,#2938,.F.);
#2018=ORIENTED_EDGE('',*,*,#2949,.T.);
#2019=ORIENTED_EDGE('',*,*,#2903,.T.);
#2020=ORIENTED_EDGE('',*,*,#2950,.F.);
#2021=ORIENTED_EDGE('',*,*,#2950,.T.);
#2022=ORIENTED_EDGE('',*,*,#2951,.F.);
#2023=ORIENTED_EDGE('',*,*,#2951,.T.);
#2024=ORIENTED_EDGE('',*,*,#2952,.T.);
#2025=ORIENTED_EDGE('',*,*,#2953,.T.);
#2026=ORIENTED_EDGE('',*,*,#2954,.T.);
#2027=ORIENTED_EDGE('',*,*,#2955,.T.);
#2028=ORIENTED_EDGE('',*,*,#2956,.T.);
#2029=ORIENTED_EDGE('',*,*,#2957,.T.);
#2030=ORIENTED_EDGE('',*,*,#2953,.F.);
#2031=ORIENTED_EDGE('',*,*,#2958,.F.);
#2032=ORIENTED_EDGE('',*,*,#2959,.T.);
#2033=ORIENTED_EDGE('',*,*,#2960,.T.);
#2034=ORIENTED_EDGE('',*,*,#2954,.F.);
#2035=ORIENTED_EDGE('',*,*,#2960,.F.);
#2036=ORIENTED_EDGE('',*,*,#2961,.T.);
#2037=ORIENTED_EDGE('',*,*,#2962,.T.);
#2038=ORIENTED_EDGE('',*,*,#2955,.F.);
#2039=ORIENTED_EDGE('',*,*,#2962,.F.);
#2040=ORIENTED_EDGE('',*,*,#2963,.T.);
#2041=ORIENTED_EDGE('',*,*,#2964,.T.);
#2042=ORIENTED_EDGE('',*,*,#2956,.F.);
#2043=ORIENTED_EDGE('',*,*,#2964,.F.);
#2044=ORIENTED_EDGE('',*,*,#2965,.T.);
#2045=ORIENTED_EDGE('',*,*,#2966,.T.);
#2046=ORIENTED_EDGE('',*,*,#2957,.F.);
#2047=ORIENTED_EDGE('',*,*,#2966,.F.);
#2048=ORIENTED_EDGE('',*,*,#2967,.T.);
#2049=ORIENTED_EDGE('',*,*,#2968,.T.);
#2050=ORIENTED_EDGE('',*,*,#2952,.F.);
#2051=ORIENTED_EDGE('',*,*,#2968,.F.);
#2052=ORIENTED_EDGE('',*,*,#2969,.T.);
#2053=ORIENTED_EDGE('',*,*,#2958,.T.);
#2054=ORIENTED_EDGE('',*,*,#2970,.F.);
#2055=ORIENTED_EDGE('',*,*,#2969,.F.);
#2056=ORIENTED_EDGE('',*,*,#2967,.F.);
#2057=ORIENTED_EDGE('',*,*,#2965,.F.);
#2058=ORIENTED_EDGE('',*,*,#2963,.F.);
#2059=ORIENTED_EDGE('',*,*,#2961,.F.);
#2060=ORIENTED_EDGE('',*,*,#2959,.F.);
#2061=ORIENTED_EDGE('',*,*,#2970,.T.);
#2062=ORIENTED_EDGE('',*,*,#2907,.T.);
#2063=ORIENTED_EDGE('',*,*,#2258,.T.);
#2064=ORIENTED_EDGE('',*,*,#2971,.F.);
#2065=ORIENTED_EDGE('',*,*,#2304,.F.);
#2066=ORIENTED_EDGE('',*,*,#2972,.T.);
#2067=ORIENTED_EDGE('',*,*,#2904,.T.);
#2068=ORIENTED_EDGE('',*,*,#2291,.T.);
#2069=ORIENTED_EDGE('',*,*,#2905,.F.);
#2070=ORIENTED_EDGE('',*,*,#2972,.F.);
#2071=ORIENTED_EDGE('',*,*,#2303,.T.);
#2072=ORIENTED_EDGE('',*,*,#2331,.T.);
#2073=ORIENTED_EDGE('',*,*,#2260,.T.);
#2074=ORIENTED_EDGE('',*,*,#2906,.T.);
#2075=ORIENTED_EDGE('',*,*,#2289,.F.);
#2076=ORIENTED_EDGE('',*,*,#2895,.F.);
#2077=ORIENTED_EDGE('',*,*,#2305,.F.);
#2078=ORIENTED_EDGE('',*,*,#2971,.T.);
#2079=ORIENTED_EDGE('',*,*,#2311,.T.);
#2080=ORIENTED_EDGE('',*,*,#2973,.T.);
#2081=ORIENTED_EDGE('',*,*,#2901,.F.);
#2082=ORIENTED_EDGE('',*,*,#2974,.F.);
#2083=ORIENTED_EDGE('',*,*,#2892,.F.);
#2084=ORIENTED_EDGE('',*,*,#2312,.F.);
#2085=ORIENTED_EDGE('',*,*,#2974,.T.);
#2086=ORIENTED_EDGE('',*,*,#2900,.T.);
#2087=ORIENTED_EDGE('',*,*,#2282,.F.);
#2088=ORIENTED_EDGE('',*,*,#2284,.T.);
#2089=ORIENTED_EDGE('',*,*,#2902,.F.);
#2090=ORIENTED_EDGE('',*,*,#2973,.F.);
#2091=ORIENTED_EDGE('',*,*,#2310,.T.);
#2092=ORIENTED_EDGE('',*,*,#2333,.T.);
#2093=ORIENTED_EDGE('',*,*,#2975,.T.);
#2094=ORIENTED_EDGE('',*,*,#2897,.T.);
#2095=ORIENTED_EDGE('',*,*,#2976,.F.);
#2096=ORIENTED_EDGE('',*,*,#2319,.F.);
#2097=ORIENTED_EDGE('',*,*,#2893,.F.);
#2098=ORIENTED_EDGE('',*,*,#2320,.F.);
#2099=ORIENTED_EDGE('',*,*,#2976,.T.);
#2100=ORIENTED_EDGE('',*,*,#2896,.T.);
#2101=ORIENTED_EDGE('',*,*,#2274,.F.);
#2102=ORIENTED_EDGE('',*,*,#2276,.T.);
#2103=ORIENTED_EDGE('',*,*,#2898,.F.);
#2104=ORIENTED_EDGE('',*,*,#2975,.F.);
#2105=ORIENTED_EDGE('',*,*,#2318,.T.);
#2106=ORIENTED_EDGE('',*,*,#2335,.T.);
#2107=ORIENTED_EDGE('',*,*,#2894,.F.);
#2108=ORIENTED_EDGE('',*,*,#2297,.F.);
#2109=ORIENTED_EDGE('',*,*,#2977,.T.);
#2110=ORIENTED_EDGE('',*,*,#2359,.T.);
#2111=ORIENTED_EDGE('',*,*,#2262,.F.);
#2112=ORIENTED_EDGE('',*,*,#2886,.T.);
#2113=ORIENTED_EDGE('',*,*,#2978,.T.);
#2114=ORIENTED_EDGE('',*,*,#2360,.T.);
#2115=ORIENTED_EDGE('',*,*,#2977,.F.);
#2116=ORIENTED_EDGE('',*,*,#2296,.F.);
#2117=ORIENTED_EDGE('',*,*,#2888,.T.);
#2118=ORIENTED_EDGE('',*,*,#2891,.T.);
#2119=ORIENTED_EDGE('',*,*,#2889,.T.);
#2120=ORIENTED_EDGE('',*,*,#2361,.T.);
#2121=ORIENTED_EDGE('',*,*,#2978,.F.);
#2122=ORIENTED_EDGE('',*,*,#2797,.T.);
#2123=ORIENTED_EDGE('',*,*,#2979,.T.);
#2124=ORIENTED_EDGE('',*,*,#2876,.F.);
#2125=ORIENTED_EDGE('',*,*,#2980,.F.);
#2126=ORIENTED_EDGE('',*,*,#2885,.F.);
#2127=ORIENTED_EDGE('',*,*,#2981,.T.);
#2128=ORIENTED_EDGE('',*,*,#2192,.T.);
#2129=ORIENTED_EDGE('',*,*,#2981,.F.);
#2130=ORIENTED_EDGE('',*,*,#2247,.F.);
#2131=ORIENTED_EDGE('',*,*,#2843,.F.);
#2132=ORIENTED_EDGE('',*,*,#2881,.T.);
#2133=ORIENTED_EDGE('',*,*,#2883,.T.);
#2134=ORIENTED_EDGE('',*,*,#2980,.T.);
#2135=ORIENTED_EDGE('',*,*,#2979,.F.);
#2136=ORIENTED_EDGE('',*,*,#2796,.T.);
#2137=ORIENTED_EDGE('',*,*,#2877,.F.);
#2138=EDGE_CURVE('',#2982,#2983,#3543,.T.);
#2139=EDGE_CURVE('',#2983,#2984,#3544,.T.);
#2140=EDGE_CURVE('',#2984,#2985,#3545,.T.);
#2141=EDGE_CURVE('',#2986,#2985,#358,.F.);
#2142=EDGE_CURVE('',#2987,#2986,#3546,.T.);
#2143=EDGE_CURVE('',#2988,#2987,#3547,.T.);
#2144=EDGE_CURVE('',#2989,#2988,#3548,.T.);
#2145=EDGE_CURVE('',#2990,#2989,#359,.F.);
#2146=EDGE_CURVE('',#2990,#2991,#3549,.T.);
#2147=EDGE_CURVE('',#2992,#2991,#360,.F.);
#2148=EDGE_CURVE('',#2993,#2992,#3550,.T.);
#2149=EDGE_CURVE('',#2993,#2994,#3551,.T.);
#2150=EDGE_CURVE('',#2995,#2994,#3552,.T.);
#2151=EDGE_CURVE('',#2996,#2995,#361,.F.);
#2152=EDGE_CURVE('',#2996,#2997,#3553,.T.);
#2153=EDGE_CURVE('',#2982,#2997,#3554,.T.);
#2154=EDGE_CURVE('',#2998,#2999,#3555,.T.);
#2155=EDGE_CURVE('',#2999,#3000,#3556,.T.);
#2156=EDGE_CURVE('',#3000,#3001,#3557,.T.);
#2157=EDGE_CURVE('',#3002,#3001,#362,.F.);
#2158=EDGE_CURVE('',#3003,#3002,#3558,.T.);
#2159=EDGE_CURVE('',#3004,#3003,#3559,.T.);
#2160=EDGE_CURVE('',#3005,#3004,#3560,.T.);
#2161=EDGE_CURVE('',#3006,#3005,#363,.F.);
#2162=EDGE_CURVE('',#3006,#3007,#3561,.T.);
#2163=EDGE_CURVE('',#3008,#3007,#364,.F.);
#2164=EDGE_CURVE('',#3009,#3008,#3562,.T.);
#2165=EDGE_CURVE('',#3009,#3010,#3563,.T.);
#2166=EDGE_CURVE('',#3011,#3010,#3564,.T.);
#2167=EDGE_CURVE('',#3012,#3011,#365,.F.);
#2168=EDGE_CURVE('',#3012,#3013,#3565,.T.);
#2169=EDGE_CURVE('',#2998,#3013,#3566,.T.);
#2170=EDGE_CURVE('',#3014,#3015,#3567,.T.);
#2171=EDGE_CURVE('',#3015,#3016,#3568,.T.);
#2172=EDGE_CURVE('',#3016,#3017,#3569,.T.);
#2173=EDGE_CURVE('',#3018,#3017,#366,.F.);
#2174=EDGE_CURVE('',#3019,#3018,#3570,.T.);
#2175=EDGE_CURVE('',#3020,#3019,#3571,.T.);
#2176=EDGE_CURVE('',#3021,#3020,#3572,.T.);
#2177=EDGE_CURVE('',#3022,#3021,#367,.F.);
#2178=EDGE_CURVE('',#3022,#3023,#3573,.T.);
#2179=EDGE_CURVE('',#3024,#3023,#368,.F.);
#2180=EDGE_CURVE('',#3025,#3024,#3574,.T.);
#2181=EDGE_CURVE('',#3025,#3026,#3575,.T.);
#2182=EDGE_CURVE('',#3027,#3026,#3576,.T.);
#2183=EDGE_CURVE('',#3028,#3027,#369,.F.);
#2184=EDGE_CURVE('',#3028,#3029,#3577,.T.);
#2185=EDGE_CURVE('',#3014,#3029,#3578,.T.);
#2186=EDGE_CURVE('',#3030,#3030,#187,.T.);
#2187=EDGE_CURVE('',#3031,#3031,#188,.T.);
#2188=EDGE_CURVE('',#3032,#3032,#189,.T.);
#2189=EDGE_CURVE('',#3033,#3033,#190,.T.);
#2190=EDGE_CURVE('',#3034,#3034,#191,.T.);
#2191=EDGE_CURVE('',#3035,#3035,#192,.T.);
#2192=EDGE_CURVE('',#3036,#3037,#3579,.T.);
#2193=EDGE_CURVE('',#3038,#3036,#3580,.T.);
#2194=EDGE_CURVE('',#3038,#3039,#193,.F.);
#2195=EDGE_CURVE('',#3039,#3040,#3581,.T.);
#2196=EDGE_CURVE('',#3041,#3040,#3582,.T.);
#2197=EDGE_CURVE('',#3041,#3037,#3583,.T.);
#2198=EDGE_CURVE('',#3042,#3043,#3584,.T.);
#2199=EDGE_CURVE('',#3044,#3043,#3585,.T.);
#2200=EDGE_CURVE('',#3044,#3045,#370,.F.);
#2201=EDGE_CURVE('',#3045,#3046,#3586,.T.);
#2202=EDGE_CURVE('',#3047,#3046,#3587,.T.);
#2203=EDGE_CURVE('',#3047,#3048,#3588,.T.);
#2204=EDGE_CURVE('',#3048,#3049,#371,.F.);
#2205=EDGE_CURVE('',#3050,#3049,#3589,.T.);
#2206=EDGE_CURVE('',#3050,#3051,#372,.F.);
#2207=EDGE_CURVE('',#3051,#3052,#3590,.T.);
#2208=EDGE_CURVE('',#3052,#3053,#3591,.T.);
#2209=EDGE_CURVE('',#3053,#3054,#3592,.T.);
#2210=EDGE_CURVE('',#3054,#3055,#373,.F.);
#2211=EDGE_CURVE('',#3056,#3055,#3593,.T.);
#2212=EDGE_CURVE('',#3057,#3056,#3594,.T.);
#2213=EDGE_CURVE('',#3042,#3057,#3595,.T.);
#2214=EDGE_CURVE('',#3058,#3059,#3596,.T.);
#2215=EDGE_CURVE('',#3060,#3059,#3597,.T.);
#2216=EDGE_CURVE('',#3060,#3061,#374,.F.);
#2217=EDGE_CURVE('',#3061,#3062,#3598,.T.);
#2218=EDGE_CURVE('',#3063,#3062,#3599,.T.);
#2219=EDGE_CURVE('',#3063,#3064,#3600,.T.);
#2220=EDGE_CURVE('',#3064,#3065,#375,.F.);
#2221=EDGE_CURVE('',#3066,#3065,#3601,.T.);
#2222=EDGE_CURVE('',#3066,#3067,#376,.F.);
#2223=EDGE_CURVE('',#3067,#3068,#3602,.T.);
#2224=EDGE_CURVE('',#3068,#3069,#3603,.T.);
#2225=EDGE_CURVE('',#3069,#3070,#3604,.T.);
#2226=EDGE_CURVE('',#3070,#3071,#377,.F.);
#2227=EDGE_CURVE('',#3072,#3071,#3605,.T.);
#2228=EDGE_CURVE('',#3073,#3072,#3606,.T.);
#2229=EDGE_CURVE('',#3058,#3073,#3607,.T.);
#2230=EDGE_CURVE('',#3074,#3075,#3608,.T.);
#2231=EDGE_CURVE('',#3076,#3075,#3609,.T.);
#2232=EDGE_CURVE('',#3076,#3077,#378,.F.);
#2233=EDGE_CURVE('',#3077,#3078,#3610,.T.);
#2234=EDGE_CURVE('',#3079,#3078,#3611,.T.);
#2235=EDGE_CURVE('',#3079,#3080,#3612,.T.);
#2236=EDGE_CURVE('',#3080,#3081,#379,.F.);
#2237=EDGE_CURVE('',#3082,#3081,#3613,.T.);
#2238=EDGE_CURVE('',#3082,#3083,#380,.F.);
#2239=EDGE_CURVE('',#3083,#3084,#3614,.T.);
#2240=EDGE_CURVE('',#3084,#3085,#3615,.T.);
#2241=EDGE_CURVE('',#3085,#3086,#3616,.T.);
#2242=EDGE_CURVE('',#3086,#3087,#381,.F.);
#2243=EDGE_CURVE('',#3088,#3087,#3617,.T.);
#2244=EDGE_CURVE('',#3089,#3088,#3618,.T.);
#2245=EDGE_CURVE('',#3074,#3089,#3619,.T.);
#2246=EDGE_CURVE('',#3090,#3091,#3620,.T.);
#2247=EDGE_CURVE('',#3091,#3092,#3621,.T.);
#2248=EDGE_CURVE('',#3093,#3092,#3622,.T.);
#2249=EDGE_CURVE('',#3094,#3093,#3623,.T.);
#2250=EDGE_CURVE('',#3095,#3094,#3624,.T.);
#2251=EDGE_CURVE('',#3095,#3090,#194,.F.);
#2252=EDGE_CURVE('',#3096,#3097,#382,.T.);
#2253=EDGE_CURVE('',#3097,#3098,#3625,.T.);
#2254=EDGE_CURVE('',#3098,#3099,#383,.T.);
#2255=EDGE_CURVE('',#3068,#3099,#3626,.T.);
#2256=EDGE_CURVE('',#3067,#3064,#195,.T.);
#2257=EDGE_CURVE('',#3096,#3063,#3627,.T.);
#2258=EDGE_CURVE('',#3100,#3101,#3628,.T.);
#2259=EDGE_CURVE('',#3100,#3102,#3629,.T.);
#2260=EDGE_CURVE('',#3101,#3102,#3630,.T.);
#2261=EDGE_CURVE('',#3103,#3104,#3631,.T.);
#2262=EDGE_CURVE('',#3104,#3105,#384,.T.);
#2263=EDGE_CURVE('',#3106,#3105,#3632,.F.);
#2264=EDGE_CURVE('',#3106,#3107,#196,.F.);
#2265=EDGE_CURVE('',#3108,#3107,#3633,.T.);
#2266=EDGE_CURVE('',#3108,#3109,#197,.T.);
#2267=EDGE_CURVE('',#3109,#3110,#3634,.F.);
#2268=EDGE_CURVE('',#3110,#3111,#36,.T.);
#2269=EDGE_CURVE('',#3112,#3111,#3635,.T.);
#2270=EDGE_CURVE('',#3112,#3113,#37,.F.);
#2271=EDGE_CURVE('',#3113,#3114,#3636,.T.);
#2272=EDGE_CURVE('',#3114,#3115,#38,.T.);
#2273=EDGE_CURVE('',#3115,#3116,#3637,.T.);
#2274=EDGE_CURVE('',#3116,#3117,#385,.T.);
#2275=EDGE_CURVE('',#3118,#3117,#3638,.F.);
#2276=EDGE_CURVE('',#3119,#3118,#386,.T.);
#2277=EDGE_CURVE('',#3119,#3120,#3639,.T.);
#2278=EDGE_CURVE('',#3121,#3120,#387,.T.);
#2279=EDGE_CURVE('',#3122,#3121,#3640,.F.);
#2280=EDGE_CURVE('',#3123,#3122,#388,.T.);
#2281=EDGE_CURVE('',#3123,#3124,#3641,.T.);
#2282=EDGE_CURVE('',#3124,#3125,#389,.T.);
#2283=EDGE_CURVE('',#3126,#3125,#3642,.F.);
#2284=EDGE_CURVE('',#3127,#3126,#390,.T.);
#2285=EDGE_CURVE('',#3127,#3128,#3643,.T.);
#2286=EDGE_CURVE('',#3129,#3128,#391,.T.);
#2287=EDGE_CURVE('',#3099,#3129,#3644,.F.);
#2288=EDGE_CURVE('',#3098,#3130,#3645,.T.);
#2289=EDGE_CURVE('',#3130,#3131,#392,.T.);
#2290=EDGE_CURVE('',#3132,#3131,#3646,.F.);
#2291=EDGE_CURVE('',#3133,#3132,#393,.T.);
#2292=EDGE_CURVE('',#3133,#3134,#3647,.T.);
#2293=EDGE_CURVE('',#3135,#3134,#394,.T.);
#2294=EDGE_CURVE('',#3136,#3135,#3648,.F.);
#2295=EDGE_CURVE('',#3103,#3136,#395,.T.);
#2296=EDGE_CURVE('',#3137,#3138,#396,.T.);
#2297=EDGE_CURVE('',#3138,#3139,#397,.T.);
#2298=EDGE_CURVE('',#3140,#3139,#3649,.T.);
#2299=EDGE_CURVE('',#3141,#3140,#398,.T.);
#2300=EDGE_CURVE('',#3141,#3142,#3650,.F.);
#2301=EDGE_CURVE('',#3143,#3142,#399,.T.);
#2302=EDGE_CURVE('',#3144,#3143,#3651,.T.);
#2303=EDGE_CURVE('',#3145,#3144,#400,.T.);
#2304=EDGE_CURVE('',#3145,#3146,#401,.T.);
#2305=EDGE_CURVE('',#3146,#3147,#402,.T.);
#2306=EDGE_CURVE('',#3097,#3147,#3652,.T.);
#2307=EDGE_CURVE('',#3096,#3148,#3653,.F.);
#2308=EDGE_CURVE('',#3149,#3148,#403,.T.);
#2309=EDGE_CURVE('',#3150,#3149,#3654,.T.);
#2310=EDGE_CURVE('',#3151,#3150,#404,.T.);
#2311=EDGE_CURVE('',#3152,#3151,#405,.T.);
#2312=EDGE_CURVE('',#3152,#3153,#406,.T.);
#2313=EDGE_CURVE('',#3154,#3153,#3655,.T.);
#2314=EDGE_CURVE('',#3155,#3154,#407,.T.);
#2315=EDGE_CURVE('',#3155,#3156,#3656,.F.);
#2316=EDGE_CURVE('',#3157,#3156,#408,.T.);
#2317=EDGE_CURVE('',#3158,#3157,#3657,.T.);
#2318=EDGE_CURVE('',#3159,#3158,#409,.T.);
#2319=EDGE_CURVE('',#3159,#3160,#410,.T.);
#2320=EDGE_CURVE('',#3160,#3161,#411,.T.);
#2321=EDGE_CURVE('',#3162,#3161,#3658,.T.);
#2322=EDGE_CURVE('',#3162,#3163,#39,.T.);
#2323=EDGE_CURVE('',#3164,#3163,#3659,.T.);
#2324=EDGE_CURVE('',#3164,#3165,#40,.T.);
#2325=EDGE_CURVE('',#3166,#3165,#3660,.F.);
#2326=EDGE_CURVE('',#3167,#3166,#198,.T.);
#2327=EDGE_CURVE('',#3167,#3168,#3661,.T.);
#2328=EDGE_CURVE('',#3169,#3168,#199,.T.);
#2329=EDGE_CURVE('',#3169,#3170,#3662,.T.);
#2330=EDGE_CURVE('',#3170,#3137,#200,.F.);
#2331=EDGE_CURVE('',#3144,#3133,#3663,.T.);
#2332=EDGE_CURVE('',#3134,#3143,#3664,.T.);
#2333=EDGE_CURVE('',#3150,#3127,#3665,.T.);
#2334=EDGE_CURVE('',#3128,#3149,#3666,.T.);
#2335=EDGE_CURVE('',#3158,#3119,#3667,.T.);
#2336=EDGE_CURVE('',#3120,#3157,#3668,.T.);
#2337=EDGE_CURVE('',#3171,#3171,#201,.F.);
#2338=EDGE_CURVE('',#3172,#3172,#202,.T.);
#2339=EDGE_CURVE('',#3173,#3174,#3669,.T.);
#2340=EDGE_CURVE('',#3175,#3173,#3670,.T.);
#2341=EDGE_CURVE('',#3175,#3176,#3671,.T.);
#2342=EDGE_CURVE('',#3176,#3174,#3672,.T.);
#2343=EDGE_CURVE('',#3174,#3177,#3673,.T.);
#2344=EDGE_CURVE('',#3176,#3178,#3674,.T.);
#2345=EDGE_CURVE('',#3178,#3177,#3675,.T.);
#2346=EDGE_CURVE('',#3177,#3179,#3676,.T.);
#2347=EDGE_CURVE('',#3178,#3180,#3677,.T.);
#2348=EDGE_CURVE('',#3180,#3179,#3678,.T.);
#2349=EDGE_CURVE('',#3179,#3181,#3679,.T.);
#2350=EDGE_CURVE('',#3180,#3182,#3680,.T.);
#2351=EDGE_CURVE('',#3182,#3181,#3681,.T.);
#2352=EDGE_CURVE('',#3181,#3183,#3682,.T.);
#2353=EDGE_CURVE('',#3182,#3184,#3683,.T.);
#2354=EDGE_CURVE('',#3184,#3183,#3684,.T.);
#2355=EDGE_CURVE('',#3183,#3173,#3685,.T.);
#2356=EDGE_CURVE('',#3184,#3175,#3686,.T.);
#2357=EDGE_CURVE('',#3185,#3185,#203,.F.);
#2358=EDGE_CURVE('',#3186,#3186,#204,.T.);
#2359=EDGE_CURVE('',#3187,#3105,#3687,.T.);
#2360=EDGE_CURVE('',#3188,#3187,#3688,.T.);
#2361=EDGE_CURVE('',#3189,#3188,#3689,.T.);
#2362=EDGE_CURVE('',#3106,#3189,#205,.F.);
#2363=EDGE_CURVE('',#3190,#3191,#41,.T.);
#2364=EDGE_CURVE('',#3192,#3191,#206,.T.);
#2365=EDGE_CURVE('',#3190,#3192,#3690,.T.);
#2366=EDGE_CURVE('',#3193,#3193,#207,.T.);
#2367=EDGE_CURVE('',#3194,#3194,#208,.T.);
#2368=EDGE_CURVE('',#3195,#3196,#3691,.T.);
#2369=EDGE_CURVE('',#3196,#3197,#209,.T.);
#2370=EDGE_CURVE('',#3195,#3197,#42,.T.);
#2371=EDGE_CURVE('',#3197,#3198,#3692,.F.);
#2372=EDGE_CURVE('',#3196,#3199,#3693,.T.);
#2373=EDGE_CURVE('',#3198,#3199,#3694,.T.);
#2374=EDGE_CURVE('',#3198,#3200,#412,.F.);
#2375=EDGE_CURVE('',#3200,#3201,#3695,.T.);
#2376=EDGE_CURVE('',#3195,#3201,#413,.F.);
#2377=EDGE_CURVE('',#3202,#3203,#3696,.T.);
#2378=EDGE_CURVE('',#3202,#3204,#414,.F.);
#2379=EDGE_CURVE('',#3201,#3204,#3697,.T.);
#2380=EDGE_CURVE('',#3200,#3205,#3698,.T.);
#2381=EDGE_CURVE('',#3205,#3203,#3699,.T.);
#2382=EDGE_CURVE('',#3205,#3206,#415,.F.);
#2383=EDGE_CURVE('',#3206,#3191,#3700,.T.);
#2384=EDGE_CURVE('',#3203,#3190,#416,.F.);
#2385=EDGE_CURVE('',#3207,#3192,#3701,.T.);
#2386=EDGE_CURVE('',#3207,#3206,#3702,.T.);
#2387=EDGE_CURVE('',#3208,#3209,#417,.F.);
#2388=EDGE_CURVE('',#3210,#3208,#3703,.T.);
#2389=EDGE_CURVE('',#3210,#3211,#3704,.F.);
#2390=EDGE_CURVE('',#3211,#3212,#3705,.T.);
#2391=EDGE_CURVE('',#3212,#3213,#3706,.T.);
#2392=EDGE_CURVE('',#3209,#3213,#3707,.T.);
#2393=EDGE_CURVE('',#3214,#3215,#3708,.T.);
#2394=EDGE_CURVE('',#3216,#3215,#210,.T.);
#2395=EDGE_CURVE('',#3216,#3214,#43,.T.);
#2396=EDGE_CURVE('',#3217,#3217,#211,.F.);
#2397=EDGE_CURVE('',#3218,#3219,#44,.T.);
#2398=EDGE_CURVE('',#3219,#3220,#212,.F.);
#2399=EDGE_CURVE('',#3220,#3221,#45,.T.);
#2400=EDGE_CURVE('',#3221,#3218,#213,.F.);
#2401=EDGE_CURVE('',#3218,#3222,#214,.T.);
#2402=EDGE_CURVE('',#3223,#3221,#215,.T.);
#2403=EDGE_CURVE('',#3222,#3223,#216,.T.);
#2404=EDGE_CURVE('',#3224,#3220,#217,.T.);
#2405=EDGE_CURVE('',#3219,#3225,#218,.T.);
#2406=EDGE_CURVE('',#3224,#3225,#219,.T.);
#2407=EDGE_CURVE('',#3226,#3227,#3709,.F.);
#2408=EDGE_CURVE('',#3227,#3228,#220,.T.);
#2409=EDGE_CURVE('',#3228,#3229,#3710,.T.);
#2410=EDGE_CURVE('',#3226,#3229,#221,.T.);
#2411=EDGE_CURVE('',#3230,#3231,#222,.F.);
#2412=EDGE_CURVE('',#3232,#3230,#3711,.T.);
#2413=EDGE_CURVE('',#3233,#3232,#3712,.T.);
#2414=EDGE_CURVE('',#3231,#3233,#3713,.T.);
#2415=EDGE_CURVE('',#3234,#3232,#3714,.T.);
#2416=EDGE_CURVE('',#3235,#3234,#418,.T.);
#2417=EDGE_CURVE('',#3233,#3235,#3715,.T.);
#2418=EDGE_CURVE('',#3236,#3237,#419,.F.);
#2419=EDGE_CURVE('',#3237,#3238,#3716,.T.);
#2420=EDGE_CURVE('',#3238,#3239,#3717,.T.);
#2421=EDGE_CURVE('',#3239,#3236,#3718,.T.);
#2422=EDGE_CURVE('',#3240,#3237,#420,.T.);
#2423=EDGE_CURVE('',#3241,#3240,#3719,.T.);
#2424=EDGE_CURVE('',#3238,#3241,#223,.F.);
#2425=EDGE_CURVE('',#3242,#3243,#224,.T.);
#2426=EDGE_CURVE('',#3244,#3243,#3720,.T.);
#2427=EDGE_CURVE('',#3242,#3244,#3721,.F.);
#2428=EDGE_CURVE('',#3245,#3246,#3722,.T.);
#2429=EDGE_CURVE('',#3245,#3247,#46,.T.);
#2430=EDGE_CURVE('',#3247,#3246,#225,.T.);
#2431=EDGE_CURVE('',#3248,#3248,#226,.T.);
#2432=EDGE_CURVE('',#3249,#3249,#227,.T.);
#2433=EDGE_CURVE('',#3250,#3251,#228,.T.);
#2434=EDGE_CURVE('',#3251,#3250,#3723,.T.);
#2435=EDGE_CURVE('',#3252,#3253,#229,.T.);
#2436=EDGE_CURVE('',#3254,#3253,#421,.T.);
#2437=EDGE_CURVE('',#3252,#3254,#3724,.T.);
#2438=EDGE_CURVE('',#3255,#3256,#230,.T.);
#2439=EDGE_CURVE('',#3255,#3256,#422,.T.);
#2440=EDGE_CURVE('',#3257,#3257,#231,.T.);
#2441=EDGE_CURVE('',#3211,#3258,#232,.T.);
#2442=EDGE_CURVE('',#3211,#3259,#233,.T.);
#2443=EDGE_CURVE('',#3258,#3259,#234,.T.);
#2444=EDGE_CURVE('',#3258,#3260,#3725,.T.);
#2445=EDGE_CURVE('',#3260,#3212,#235,.F.);
#2446=EDGE_CURVE('',#3261,#3212,#236,.T.);
#2447=EDGE_CURVE('',#3261,#3260,#237,.T.);
#2448=EDGE_CURVE('',#3204,#3209,#423,.F.);
#2449=EDGE_CURVE('',#3208,#3202,#424,.F.);
#2450=EDGE_CURVE('',#3262,#3263,#425,.F.);
#2451=EDGE_CURVE('',#3263,#3262,#47,.T.);
#2452=EDGE_CURVE('',#3264,#3207,#3726,.T.);
#2453=EDGE_CURVE('',#3264,#3265,#3727,.T.);
#2454=EDGE_CURVE('',#3265,#3210,#426,.T.);
#2455=EDGE_CURVE('',#3259,#3265,#3728,.T.);
#2456=EDGE_CURVE('',#3223,#3224,#48,.T.);
#2457=EDGE_CURVE('',#3266,#3267,#49,.T.);
#2458=EDGE_CURVE('',#3267,#3266,#238,.T.);
#2459=EDGE_CURVE('',#3268,#3226,#50,.T.);
#2460=EDGE_CURVE('',#3229,#3269,#51,.T.);
#2461=EDGE_CURVE('',#3269,#3266,#52,.T.);
#2462=EDGE_CURVE('',#3267,#3268,#53,.T.);
#2463=EDGE_CURVE('',#3213,#3270,#427,.T.);
#2464=EDGE_CURVE('',#3271,#3270,#3729,.T.);
#2465=EDGE_CURVE('',#3199,#3271,#3730,.T.);
#2466=EDGE_CURVE('',#3262,#3272,#3731,.T.);
#2467=EDGE_CURVE('',#3264,#3272,#3732,.T.);
#2468=EDGE_CURVE('',#3271,#3273,#3733,.T.);
#2469=EDGE_CURVE('',#3273,#3263,#3734,.T.);
#2470=EDGE_CURVE('',#3270,#3261,#3735,.F.);
#2471=EDGE_CURVE('',#3274,#3274,#239,.T.);
#2472=EDGE_CURVE('',#3275,#3276,#240,.F.);
#2473=EDGE_CURVE('',#3275,#3241,#3736,.F.);
#2474=EDGE_CURVE('',#3240,#3276,#428,.T.);
#2475=EDGE_CURVE('',#3275,#3277,#54,.T.);
#2476=EDGE_CURVE('',#3278,#3277,#3737,.F.);
#2477=EDGE_CURVE('',#3239,#3278,#429,.F.);
#2478=EDGE_CURVE('',#3236,#3279,#430,.F.);
#2479=EDGE_CURVE('',#3280,#3278,#3738,.T.);
#2480=EDGE_CURVE('',#3280,#3281,#3739,.T.);
#2481=EDGE_CURVE('',#3281,#3215,#3740,.T.);
#2482=EDGE_CURVE('',#3282,#3214,#431,.F.);
#2483=EDGE_CURVE('',#3279,#3282,#3741,.T.);
#2484=EDGE_CURVE('',#3281,#3283,#3742,.T.);
#2485=EDGE_CURVE('',#3216,#3283,#3743,.F.);
#2486=EDGE_CURVE('',#3284,#3282,#3744,.T.);
#2487=EDGE_CURVE('',#3284,#3283,#432,.F.);
#2488=EDGE_CURVE('',#3285,#3277,#3745,.F.);
#2489=EDGE_CURVE('',#3280,#3285,#3746,.T.);
#2490=EDGE_CURVE('',#3286,#3287,#3747,.T.);
#2491=EDGE_CURVE('',#3288,#3287,#3748,.T.);
#2492=EDGE_CURVE('',#3289,#3288,#241,.T.);
#2493=EDGE_CURVE('',#3286,#3289,#3749,.T.);
#2494=EDGE_CURVE('',#3289,#3290,#55,.T.);
#2495=EDGE_CURVE('',#3290,#3288,#3750,.T.);
#2496=EDGE_CURVE('',#3290,#3291,#433,.F.);
#2497=EDGE_CURVE('',#3292,#3291,#3751,.T.);
#2498=EDGE_CURVE('',#3286,#3292,#434,.F.);
#2499=EDGE_CURVE('',#3291,#3293,#3752,.T.);
#2500=EDGE_CURVE('',#3293,#3279,#435,.F.);
#2501=EDGE_CURVE('',#3292,#3284,#3753,.T.);
#2502=EDGE_CURVE('',#3235,#3294,#436,.F.);
#2503=EDGE_CURVE('',#3294,#3295,#3754,.T.);
#2504=EDGE_CURVE('',#3295,#3296,#3755,.F.);
#2505=EDGE_CURVE('',#3296,#3231,#3756,.F.);
#2506=EDGE_CURVE('',#3297,#3298,#3757,.F.);
#2507=EDGE_CURVE('',#3298,#3299,#242,.T.);
#2508=EDGE_CURVE('',#3300,#3299,#3758,.T.);
#2509=EDGE_CURVE('',#3301,#3300,#3759,.T.);
#2510=EDGE_CURVE('',#3301,#3297,#243,.T.);
#2511=EDGE_CURVE('',#3298,#3297,#56,.T.);
#2512=EDGE_CURVE('',#3302,#3301,#3760,.T.);
#2513=EDGE_CURVE('',#3299,#3302,#57,.T.);
#2514=EDGE_CURVE('',#3303,#3304,#3761,.F.);
#2515=EDGE_CURVE('',#3305,#3304,#3762,.T.);
#2516=EDGE_CURVE('',#3305,#3303,#244,.T.);
#2517=EDGE_CURVE('',#3306,#3307,#3763,.T.);
#2518=EDGE_CURVE('',#3306,#3305,#58,.T.);
#2519=EDGE_CURVE('',#3304,#3308,#59,.T.);
#2520=EDGE_CURVE('',#3309,#3308,#3764,.T.);
#2521=EDGE_CURVE('',#3309,#3307,#245,.T.);
#2522=EDGE_CURVE('',#3310,#3309,#3765,.T.);
#2523=EDGE_CURVE('',#3308,#3311,#437,.T.);
#2524=EDGE_CURVE('',#3311,#3312,#3766,.F.);
#2525=EDGE_CURVE('',#3313,#3312,#3767,.T.);
#2526=EDGE_CURVE('',#3313,#3314,#3768,.T.);
#2527=EDGE_CURVE('',#3314,#3315,#438,.T.);
#2528=EDGE_CURVE('',#3315,#3310,#3769,.F.);
#2529=EDGE_CURVE('',#3316,#3317,#439,.T.);
#2530=EDGE_CURVE('',#3318,#3317,#3770,.T.);
#2531=EDGE_CURVE('',#3318,#3319,#3771,.T.);
#2532=EDGE_CURVE('',#3319,#3320,#3772,.T.);
#2533=EDGE_CURVE('',#3320,#3321,#440,.T.);
#2534=EDGE_CURVE('',#3321,#3316,#3773,.T.);
#2535=EDGE_CURVE('',#3322,#3323,#60,.T.);
#2536=EDGE_CURVE('',#3323,#3324,#3774,.T.);
#2537=EDGE_CURVE('',#3322,#3324,#246,.T.);
#2538=EDGE_CURVE('',#3325,#3326,#247,.F.);
#2539=EDGE_CURVE('',#3327,#3325,#61,.T.);
#2540=EDGE_CURVE('',#3327,#3328,#248,.F.);
#2541=EDGE_CURVE('',#3326,#3328,#62,.F.);
#2542=EDGE_CURVE('',#3327,#3222,#3775,.T.);
#2543=EDGE_CURVE('',#3328,#3223,#3776,.T.);
#2544=EDGE_CURVE('',#3225,#3222,#63,.T.);
#2545=EDGE_CURVE('',#3227,#3329,#64,.T.);
#2546=EDGE_CURVE('',#3224,#3268,#3777,.T.);
#2547=EDGE_CURVE('',#3225,#3329,#3778,.T.);
#2548=EDGE_CURVE('',#3330,#3330,#249,.T.);
#2549=EDGE_CURVE('',#3331,#3332,#65,.T.);
#2550=EDGE_CURVE('',#3331,#3332,#250,.T.);
#2551=EDGE_CURVE('',#3329,#3331,#66,.T.);
#2552=EDGE_CURVE('',#3332,#3333,#67,.T.);
#2553=EDGE_CURVE('',#3333,#3228,#68,.T.);
#2554=EDGE_CURVE('',#3333,#3334,#3779,.T.);
#2555=EDGE_CURVE('',#3335,#3334,#3780,.T.);
#2556=EDGE_CURVE('',#3269,#3335,#3781,.T.);
#2557=EDGE_CURVE('',#3336,#3335,#441,.T.);
#2558=EDGE_CURVE('',#3334,#3337,#442,.T.);
#2559=EDGE_CURVE('',#3337,#3338,#3782,.F.);
#2560=EDGE_CURVE('',#3339,#3338,#3783,.T.);
#2561=EDGE_CURVE('',#3339,#3336,#3784,.T.);
#2562=EDGE_CURVE('',#3340,#3341,#3785,.F.);
#2563=EDGE_CURVE('',#3341,#3342,#251,.T.);
#2564=EDGE_CURVE('',#3340,#3342,#3786,.F.);
#2565=EDGE_CURVE('',#3341,#3343,#69,.T.);
#2566=EDGE_CURVE('',#3342,#3343,#70,.T.);
#2567=EDGE_CURVE('',#3252,#3344,#443,.T.);
#2568=EDGE_CURVE('',#3254,#3345,#3787,.T.);
#2569=EDGE_CURVE('',#3345,#3346,#444,.T.);
#2570=EDGE_CURVE('',#3346,#3347,#3788,.F.);
#2571=EDGE_CURVE('',#3347,#3348,#3789,.T.);
#2572=EDGE_CURVE('',#3348,#3349,#3790,.T.);
#2573=EDGE_CURVE('',#3349,#3350,#445,.T.);
#2574=EDGE_CURVE('',#3350,#3351,#3791,.F.);
#2575=EDGE_CURVE('',#3352,#3351,#3792,.T.);
#2576=EDGE_CURVE('',#3352,#3344,#3793,.T.);
#2577=EDGE_CURVE('',#3353,#3303,#71,.T.);
#2578=EDGE_CURVE('',#3354,#3306,#252,.F.);
#2579=EDGE_CURVE('',#3243,#3354,#3794,.F.);
#2580=EDGE_CURVE('',#3353,#3242,#72,.T.);
#2581=EDGE_CURVE('',#3355,#3356,#3795,.F.);
#2582=EDGE_CURVE('',#3356,#3357,#253,.T.);
#2583=EDGE_CURVE('',#3358,#3357,#3796,.T.);
#2584=EDGE_CURVE('',#3359,#3358,#3797,.T.);
#2585=EDGE_CURVE('',#3359,#3355,#254,.T.);
#2586=EDGE_CURVE('',#3356,#3355,#73,.T.);
#2587=EDGE_CURVE('',#3247,#3359,#3798,.T.);
#2588=EDGE_CURVE('',#3360,#3245,#255,.F.);
#2589=EDGE_CURVE('',#3357,#3360,#74,.T.);
#2590=EDGE_CURVE('',#3361,#3362,#3799,.F.);
#2591=EDGE_CURVE('',#3362,#3363,#256,.T.);
#2592=EDGE_CURVE('',#3363,#3250,#3800,.F.);
#2593=EDGE_CURVE('',#3251,#3364,#3801,.T.);
#2594=EDGE_CURVE('',#3364,#3361,#257,.T.);
#2595=EDGE_CURVE('',#3362,#3361,#75,.T.);
#2596=EDGE_CURVE('',#3364,#3363,#76,.T.);
#2597=EDGE_CURVE('',#3296,#3365,#258,.F.);
#2598=EDGE_CURVE('',#3296,#3366,#259,.T.);
#2599=EDGE_CURVE('',#3365,#3366,#260,.T.);
#2600=EDGE_CURVE('',#3367,#3368,#77,.T.);
#2601=EDGE_CURVE('',#3368,#3367,#78,.T.);
#2602=EDGE_CURVE('',#3369,#3370,#3802,.T.);
#2603=EDGE_CURVE('',#3369,#3371,#261,.F.);
#2604=EDGE_CURVE('',#3372,#3371,#3803,.T.);
#2605=EDGE_CURVE('',#3370,#3372,#3804,.T.);
#2606=EDGE_CURVE('',#3373,#3365,#3805,.T.);
#2607=EDGE_CURVE('',#3373,#3374,#79,.T.);
#2608=EDGE_CURVE('',#3230,#3374,#3806,.F.);
#2609=EDGE_CURVE('',#3375,#3374,#262,.F.);
#2610=EDGE_CURVE('',#3375,#3376,#3807,.F.);
#2611=EDGE_CURVE('',#3377,#3376,#263,.F.);
#2612=EDGE_CURVE('',#3377,#3234,#446,.T.);
#2613=EDGE_CURVE('',#3375,#3378,#80,.T.);
#2614=EDGE_CURVE('',#3379,#3378,#3808,.F.);
#2615=EDGE_CURVE('',#3379,#3376,#81,.T.);
#2616=EDGE_CURVE('',#3380,#3378,#3809,.F.);
#2617=EDGE_CURVE('',#3381,#3380,#3810,.T.);
#2618=EDGE_CURVE('',#3379,#3381,#3811,.T.);
#2619=EDGE_CURVE('',#3382,#3380,#264,.F.);
#2620=EDGE_CURVE('',#3382,#3383,#3812,.T.);
#2621=EDGE_CURVE('',#3381,#3383,#265,.F.);
#2622=EDGE_CURVE('',#3382,#3384,#3813,.T.);
#2623=EDGE_CURVE('',#3384,#3385,#3814,.T.);
#2624=EDGE_CURVE('',#3385,#3383,#3815,.F.);
#2625=EDGE_CURVE('',#3384,#3386,#266,.F.);
#2626=EDGE_CURVE('',#3387,#3386,#3816,.T.);
#2627=EDGE_CURVE('',#3387,#3385,#267,.F.);
#2628=EDGE_CURVE('',#3388,#3389,#3817,.F.);
#2629=EDGE_CURVE('',#3389,#3368,#268,.T.);
#2630=EDGE_CURVE('',#3367,#3388,#269,.T.);
#2631=EDGE_CURVE('',#3377,#3276,#82,.T.);
#2632=EDGE_CURVE('',#3293,#3294,#447,.F.);
#2633=EDGE_CURVE('',#3390,#3390,#83,.T.);
#2634=EDGE_CURVE('',#3321,#3391,#3818,.T.);
#2635=EDGE_CURVE('',#3391,#3392,#3819,.T.);
#2636=EDGE_CURVE('',#3316,#3392,#3820,.T.);
#2637=EDGE_CURVE('',#3393,#3394,#270,.T.);
#2638=EDGE_CURVE('',#3392,#3394,#271,.F.);
#2639=EDGE_CURVE('',#3393,#3392,#272,.T.);
#2640=EDGE_CURVE('',#3395,#2997,#3821,.T.);
#2641=EDGE_CURVE('',#3395,#2982,#3822,.T.);
#2642=EDGE_CURVE('',#2996,#3313,#3823,.T.);
#2643=EDGE_CURVE('',#3395,#3313,#3824,.T.);
#2644=EDGE_CURVE('',#2995,#3396,#273,.T.);
#2645=EDGE_CURVE('',#3396,#3397,#3825,.T.);
#2646=EDGE_CURVE('',#3397,#3318,#274,.T.);
#2647=EDGE_CURVE('',#3317,#3314,#84,.T.);
#2648=EDGE_CURVE('',#2994,#3396,#3826,.T.);
#2649=EDGE_CURVE('',#2993,#3397,#3827,.T.);
#2650=EDGE_CURVE('',#2991,#2990,#275,.T.);
#2651=EDGE_CURVE('',#2992,#2989,#276,.T.);
#2652=EDGE_CURVE('',#3302,#3398,#277,.T.);
#2653=EDGE_CURVE('',#3319,#3300,#278,.T.);
#2654=EDGE_CURVE('',#3398,#2988,#3828,.T.);
#2655=EDGE_CURVE('',#2987,#3399,#3829,.T.);
#2656=EDGE_CURVE('',#3399,#3398,#3830,.T.);
#2657=EDGE_CURVE('',#3399,#2986,#279,.T.);
#2658=EDGE_CURVE('',#3312,#2985,#3831,.F.);
#2659=EDGE_CURVE('',#3311,#3320,#85,.T.);
#2660=EDGE_CURVE('',#3400,#2984,#3832,.T.);
#2661=EDGE_CURVE('',#3312,#3400,#3833,.T.);
#2662=EDGE_CURVE('',#3400,#2983,#3834,.T.);
#2663=EDGE_CURVE('',#3401,#3013,#3835,.T.);
#2664=EDGE_CURVE('',#3401,#2998,#3836,.T.);
#2665=EDGE_CURVE('',#3012,#3352,#3837,.T.);
#2666=EDGE_CURVE('',#3401,#3352,#3838,.T.);
#2667=EDGE_CURVE('',#3344,#3253,#86,.T.);
#2668=EDGE_CURVE('',#3011,#3402,#280,.T.);
#2669=EDGE_CURVE('',#3402,#3403,#3839,.T.);
#2670=EDGE_CURVE('',#3403,#3310,#281,.T.);
#2671=EDGE_CURVE('',#3315,#3345,#87,.T.);
#2672=EDGE_CURVE('',#3010,#3402,#3840,.T.);
#2673=EDGE_CURVE('',#3009,#3403,#3841,.T.);
#2674=EDGE_CURVE('',#3007,#3006,#282,.T.);
#2675=EDGE_CURVE('',#3008,#3005,#283,.T.);
#2676=EDGE_CURVE('',#3307,#3004,#3842,.T.);
#2677=EDGE_CURVE('',#3003,#3354,#3843,.T.);
#2678=EDGE_CURVE('',#3244,#3002,#284,.T.);
#2679=EDGE_CURVE('',#3255,#3256,#88,.T.);
#2680=EDGE_CURVE('',#3350,#3353,#89,.T.);
#2681=EDGE_CURVE('',#3351,#3001,#3844,.F.);
#2682=EDGE_CURVE('',#3404,#3000,#3845,.T.);
#2683=EDGE_CURVE('',#3351,#3404,#3846,.T.);
#2684=EDGE_CURVE('',#3404,#2999,#3847,.T.);
#2685=EDGE_CURVE('',#3405,#3029,#3848,.T.);
#2686=EDGE_CURVE('',#3405,#3014,#3849,.T.);
#2687=EDGE_CURVE('',#3028,#3339,#3850,.T.);
#2688=EDGE_CURVE('',#3405,#3339,#3851,.T.);
#2689=EDGE_CURVE('',#3027,#3406,#285,.T.);
#2690=EDGE_CURVE('',#3406,#3407,#3852,.T.);
#2691=EDGE_CURVE('',#3407,#3347,#286,.T.);
#2692=EDGE_CURVE('',#3346,#3336,#90,.T.);
#2693=EDGE_CURVE('',#3026,#3406,#3853,.T.);
#2694=EDGE_CURVE('',#3025,#3407,#3854,.T.);
#2695=EDGE_CURVE('',#3023,#3022,#287,.T.);
#2696=EDGE_CURVE('',#3024,#3021,#288,.T.);
#2697=EDGE_CURVE('',#3348,#3358,#289,.T.);
#2698=EDGE_CURVE('',#3246,#3020,#3855,.T.);
#2699=EDGE_CURVE('',#3408,#3360,#3856,.T.);
#2700=EDGE_CURVE('',#3019,#3408,#3857,.T.);
#2701=EDGE_CURVE('',#3408,#3018,#290,.T.);
#2702=EDGE_CURVE('',#3338,#3017,#3858,.F.);
#2703=EDGE_CURVE('',#3337,#3340,#91,.T.);
#2704=EDGE_CURVE('',#3343,#3349,#92,.T.);
#2705=EDGE_CURVE('',#3409,#3016,#3859,.T.);
#2706=EDGE_CURVE('',#3338,#3409,#3860,.T.);
#2707=EDGE_CURVE('',#3409,#3015,#3861,.T.);
#2708=EDGE_CURVE('',#3410,#3411,#291,.T.);
#2709=EDGE_CURVE('',#3411,#3410,#93,.T.);
#2710=EDGE_CURVE('',#3410,#3411,#292,.F.);
#2711=EDGE_CURVE('',#3412,#3413,#293,.T.);
#2712=EDGE_CURVE('',#3413,#3414,#3862,.T.);
#2713=EDGE_CURVE('',#3415,#3414,#3863,.T.);
#2714=EDGE_CURVE('',#3412,#3415,#3864,.T.);
#2715=EDGE_CURVE('',#3416,#3417,#94,.F.);
#2716=EDGE_CURVE('',#3258,#3416,#294,.F.);
#2717=EDGE_CURVE('',#3417,#3259,#295,.T.);
#2718=EDGE_CURVE('',#3418,#3416,#3865,.F.);
#2719=EDGE_CURVE('',#3418,#3260,#296,.T.);
#2720=EDGE_CURVE('',#3419,#3418,#95,.T.);
#2721=EDGE_CURVE('',#3261,#3419,#297,.F.);
#2722=EDGE_CURVE('',#3420,#3273,#298,.F.);
#2723=EDGE_CURVE('',#3421,#3420,#3866,.F.);
#2724=EDGE_CURVE('',#3272,#3421,#299,.T.);
#2725=EDGE_CURVE('',#3417,#3422,#3867,.T.);
#2726=EDGE_CURVE('',#3422,#3421,#3868,.T.);
#2727=EDGE_CURVE('',#3414,#3423,#3869,.T.);
#2728=EDGE_CURVE('',#3424,#3423,#3870,.T.);
#2729=EDGE_CURVE('',#3415,#3424,#3871,.T.);
#2730=EDGE_CURVE('',#3412,#3425,#3872,.F.);
#2731=EDGE_CURVE('',#3425,#3424,#3873,.T.);
#2732=EDGE_CURVE('',#3413,#3394,#3874,.T.);
#2733=EDGE_CURVE('',#3426,#3425,#300,.T.);
#2734=EDGE_CURVE('',#3426,#3326,#3875,.F.);
#2735=EDGE_CURVE('',#3427,#3428,#301,.F.);
#2736=EDGE_CURVE('',#3427,#3429,#3876,.T.);
#2737=EDGE_CURVE('',#3430,#3429,#302,.T.);
#2738=EDGE_CURVE('',#3419,#3430,#3877,.T.);
#2739=EDGE_CURVE('',#3428,#3419,#3878,.T.);
#2740=EDGE_CURVE('',#3420,#3430,#3879,.T.);
#2741=EDGE_CURVE('',#3431,#3431,#303,.T.);
#2742=EDGE_CURVE('',#3432,#3433,#96,.T.);
#2743=EDGE_CURVE('',#3433,#3434,#304,.F.);
#2744=EDGE_CURVE('',#3434,#3435,#97,.T.);
#2745=EDGE_CURVE('',#3435,#3432,#305,.F.);
#2746=EDGE_CURVE('',#3433,#3114,#306,.T.);
#2747=EDGE_CURVE('',#3163,#3114,#307,.T.);
#2748=EDGE_CURVE('',#3163,#3434,#308,.T.);
#2749=EDGE_CURVE('',#3436,#3436,#309,.F.);
#2750=EDGE_CURVE('',#3325,#3323,#3880,.T.);
#2751=EDGE_CURVE('',#3437,#3426,#3881,.T.);
#2752=EDGE_CURVE('',#3437,#3438,#310,.F.);
#2753=EDGE_CURVE('',#3324,#3438,#3882,.T.);
#2754=EDGE_CURVE('',#3439,#3322,#3883,.F.);
#2755=EDGE_CURVE('',#3438,#3440,#3884,.T.);
#2756=EDGE_CURVE('',#3440,#3439,#311,.T.);
#2757=EDGE_CURVE('',#3440,#3441,#98,.T.);
#2758=EDGE_CURVE('',#3285,#3441,#312,.F.);
#2759=EDGE_CURVE('',#3387,#3439,#99,.T.);
#2760=EDGE_CURVE('',#3441,#3442,#3885,.F.);
#2761=EDGE_CURVE('',#3443,#3442,#3886,.T.);
#2762=EDGE_CURVE('',#3287,#3443,#3887,.T.);
#2763=EDGE_CURVE('',#3443,#3444,#3888,.T.);
#2764=EDGE_CURVE('',#3444,#3295,#448,.F.);
#2765=EDGE_CURVE('',#3366,#3444,#3889,.T.);
#2766=EDGE_CURVE('',#3371,#3445,#3890,.F.);
#2767=EDGE_CURVE('',#3446,#3445,#3891,.T.);
#2768=EDGE_CURVE('',#3372,#3446,#3892,.T.);
#2769=EDGE_CURVE('',#3370,#3447,#313,.T.);
#2770=EDGE_CURVE('',#3447,#3446,#3893,.T.);
#2771=EDGE_CURVE('',#3389,#3386,#100,.T.);
#2772=EDGE_CURVE('',#3369,#3388,#101,.T.);
#2773=EDGE_CURVE('',#3447,#3448,#3894,.T.);
#2774=EDGE_CURVE('',#3448,#3391,#314,.F.);
#2775=EDGE_CURVE('',#3449,#3450,#315,.T.);
#2776=EDGE_CURVE('',#3365,#3449,#3895,.F.);
#2777=EDGE_CURVE('',#3450,#3366,#3896,.T.);
#2778=EDGE_CURVE('',#3451,#3449,#3897,.T.);
#2779=EDGE_CURVE('',#3451,#3373,#3898,.F.);
#2780=EDGE_CURVE('',#3451,#3445,#316,.F.);
#2781=EDGE_CURVE('',#3452,#3453,#3899,.T.);
#2782=EDGE_CURVE('',#3454,#3452,#3900,.T.);
#2783=EDGE_CURVE('',#3454,#3455,#3901,.T.);
#2784=EDGE_CURVE('',#3455,#3453,#3902,.T.);
#2785=EDGE_CURVE('',#3456,#3457,#3903,.T.);
#2786=EDGE_CURVE('',#3458,#3456,#3904,.T.);
#2787=EDGE_CURVE('',#3458,#3459,#3905,.T.);
#2788=EDGE_CURVE('',#3459,#3457,#3906,.T.);
#2789=EDGE_CURVE('',#3460,#3461,#3907,.T.);
#2790=EDGE_CURVE('',#3462,#3460,#3908,.T.);
#2791=EDGE_CURVE('',#3462,#3463,#3909,.T.);
#2792=EDGE_CURVE('',#3463,#3461,#3910,.T.);
#2793=EDGE_CURVE('',#3391,#3464,#317,.T.);
#2794=EDGE_CURVE('',#3393,#3464,#3911,.F.);
#2795=EDGE_CURVE('',#3465,#3393,#3912,.F.);
#2796=EDGE_CURVE('',#3466,#3465,#318,.F.);
#2797=EDGE_CURVE('',#3037,#3466,#102,.F.);
#2798=EDGE_CURVE('',#3394,#3037,#3913,.T.);
#2799=EDGE_CURVE('',#3448,#3464,#319,.T.);
#2800=EDGE_CURVE('',#3089,#3463,#3914,.T.);
#2801=EDGE_CURVE('',#3074,#3462,#3915,.T.);
#2802=EDGE_CURVE('',#3088,#3467,#3916,.T.);
#2803=EDGE_CURVE('',#3467,#3461,#3917,.T.);
#2804=EDGE_CURVE('',#3087,#3468,#3918,.F.);
#2805=EDGE_CURVE('',#3468,#3467,#3919,.T.);
#2806=EDGE_CURVE('',#3086,#3468,#320,.T.);
#2807=EDGE_CURVE('',#3082,#3081,#321,.T.);
#2808=EDGE_CURVE('',#3083,#3080,#322,.T.);
#2809=EDGE_CURVE('',#3469,#3076,#3920,.T.);
#2810=EDGE_CURVE('',#3469,#3077,#323,.T.);
#2811=EDGE_CURVE('',#3075,#3470,#3921,.T.);
#2812=EDGE_CURVE('',#3470,#3469,#3922,.T.);
#2813=EDGE_CURVE('',#3470,#3460,#3923,.T.);
#2814=EDGE_CURVE('',#3073,#3459,#3924,.T.);
#2815=EDGE_CURVE('',#3058,#3458,#3925,.T.);
#2816=EDGE_CURVE('',#3072,#3471,#3926,.T.);
#2817=EDGE_CURVE('',#3471,#3457,#3927,.T.);
#2818=EDGE_CURVE('',#3071,#3472,#3928,.F.);
#2819=EDGE_CURVE('',#3472,#3471,#3929,.T.);
#2820=EDGE_CURVE('',#3070,#3472,#324,.T.);
#2821=EDGE_CURVE('',#3066,#3065,#325,.T.);
#2822=EDGE_CURVE('',#3473,#3060,#3930,.T.);
#2823=EDGE_CURVE('',#3473,#3061,#326,.T.);
#2824=EDGE_CURVE('',#3059,#3474,#3931,.T.);
#2825=EDGE_CURVE('',#3474,#3473,#3932,.T.);
#2826=EDGE_CURVE('',#3474,#3456,#3933,.T.);
#2827=EDGE_CURVE('',#3057,#3455,#3934,.T.);
#2828=EDGE_CURVE('',#3042,#3454,#3935,.T.);
#2829=EDGE_CURVE('',#3056,#3475,#3936,.T.);
#2830=EDGE_CURVE('',#3475,#3453,#3937,.T.);
#2831=EDGE_CURVE('',#3055,#3476,#3938,.F.);
#2832=EDGE_CURVE('',#3476,#3475,#3939,.T.);
#2833=EDGE_CURVE('',#3054,#3476,#327,.T.);
#2834=EDGE_CURVE('',#3050,#3049,#328,.T.);
#2835=EDGE_CURVE('',#3051,#3048,#329,.T.);
#2836=EDGE_CURVE('',#3477,#3044,#3940,.T.);
#2837=EDGE_CURVE('',#3477,#3045,#330,.T.);
#2838=EDGE_CURVE('',#3043,#3478,#3941,.T.);
#2839=EDGE_CURVE('',#3478,#3477,#3942,.T.);
#2840=EDGE_CURVE('',#3478,#3452,#3943,.T.);
#2841=EDGE_CURVE('',#3093,#3041,#3944,.T.);
#2842=EDGE_CURVE('',#3040,#3094,#3945,.T.);
#2843=EDGE_CURVE('',#3036,#3091,#3946,.T.);
#2844=EDGE_CURVE('',#3090,#3038,#3947,.F.);
#2845=EDGE_CURVE('',#3162,#3435,#331,.T.);
#2846=EDGE_CURVE('',#3115,#3162,#332,.T.);
#2847=EDGE_CURVE('',#3432,#3115,#333,.T.);
#2848=EDGE_CURVE('',#3155,#3079,#3948,.T.);
#2849=EDGE_CURVE('',#3156,#3078,#3949,.T.);
#2850=EDGE_CURVE('',#3141,#3047,#3950,.T.);
#2851=EDGE_CURVE('',#3142,#3046,#3951,.T.);
#2852=EDGE_CURVE('',#3428,#3169,#3952,.T.);
#2853=EDGE_CURVE('',#3422,#3423,#3953,.T.);
#2854=EDGE_CURVE('',#3092,#3170,#3954,.T.);
#2855=EDGE_CURVE('',#3168,#3427,#3955,.T.);
#2856=EDGE_CURVE('',#3167,#3429,#3956,.T.);
#2857=EDGE_CURVE('',#3479,#3166,#3957,.T.);
#2858=EDGE_CURVE('',#3479,#3437,#3958,.T.);
#2859=EDGE_CURVE('',#3113,#3164,#334,.F.);
#2860=EDGE_CURVE('',#3112,#3165,#335,.F.);
#2861=EDGE_CURVE('',#3111,#3479,#336,.T.);
#2862=EDGE_CURVE('',#3442,#3110,#337,.F.);
#2863=EDGE_CURVE('',#3450,#3480,#3959,.T.);
#2864=EDGE_CURVE('',#3109,#3480,#3960,.T.);
#2865=EDGE_CURVE('',#3480,#3108,#3961,.T.);
#2866=EDGE_CURVE('',#3107,#3095,#3962,.T.);
#2867=EDGE_CURVE('',#3039,#3448,#3963,.T.);
#2868=EDGE_CURVE('',#3140,#3103,#3964,.T.);
#2869=EDGE_CURVE('',#3052,#3136,#3965,.T.);
#2870=EDGE_CURVE('',#3135,#3053,#3966,.T.);
#2871=EDGE_CURVE('',#3148,#3062,#3967,.T.);
#2872=EDGE_CURVE('',#3129,#3069,#3968,.T.);
#2873=EDGE_CURVE('',#3154,#3123,#3969,.T.);
#2874=EDGE_CURVE('',#3084,#3122,#3970,.T.);
#2875=EDGE_CURVE('',#3121,#3085,#3971,.T.);
#2876=EDGE_CURVE('',#3481,#3482,#3972,.T.);
#2877=EDGE_CURVE('',#3482,#3465,#3973,.T.);
#2878=EDGE_CURVE('',#3464,#3483,#3974,.F.);
#2879=EDGE_CURVE('',#3483,#3484,#3975,.F.);
#2880=EDGE_CURVE('',#3484,#3485,#3976,.F.);
#2881=EDGE_CURVE('',#3481,#3485,#3977,.T.);
#2882=EDGE_CURVE('',#3107,#3483,#338,.T.);
#2883=EDGE_CURVE('',#3485,#3486,#339,.F.);
#2884=EDGE_CURVE('',#3484,#3170,#340,.T.);
#2885=EDGE_CURVE('',#3092,#3486,#103,.T.);
#2886=EDGE_CURVE('',#3137,#3487,#341,.F.);
#2887=EDGE_CURVE('',#3484,#3488,#342,.T.);
#2888=EDGE_CURVE('',#3487,#3488,#343,.F.);
#2889=EDGE_CURVE('',#3489,#3189,#344,.F.);
#2890=EDGE_CURVE('',#3489,#3483,#345,.T.);
#2891=EDGE_CURVE('',#3488,#3489,#449,.F.);
#2892=EDGE_CURVE('',#3153,#3124,#3978,.T.);
#2893=EDGE_CURVE('',#3161,#3116,#3979,.T.);
#2894=EDGE_CURVE('',#3139,#3104,#3980,.T.);
#2895=EDGE_CURVE('',#3147,#3130,#3981,.T.);
#2896=EDGE_CURVE('',#3490,#3117,#3982,.T.);
#2897=EDGE_CURVE('',#3491,#3490,#3983,.T.);
#2898=EDGE_CURVE('',#3491,#3118,#3984,.T.);
#2899=EDGE_CURVE('',#3492,#3492,#346,.T.);
#2900=EDGE_CURVE('',#3493,#3125,#3985,.T.);
#2901=EDGE_CURVE('',#3493,#3494,#3986,.T.);
#2902=EDGE_CURVE('',#3494,#3126,#3987,.T.);
#2903=EDGE_CURVE('',#3495,#3495,#347,.T.);
#2904=EDGE_CURVE('',#3496,#3100,#3988,.T.);
#2905=EDGE_CURVE('',#3496,#3132,#3989,.T.);
#2906=EDGE_CURVE('',#3102,#3131,#3990,.T.);
#2907=EDGE_CURVE('',#3497,#3497,#348,.T.);
#2908=EDGE_CURVE('',#3498,#3498,#349,.T.);
#2909=EDGE_CURVE('',#3499,#3499,#350,.F.);
#2910=EDGE_CURVE('',#3500,#3501,#3991,.T.);
#2911=EDGE_CURVE('',#3501,#3502,#3992,.T.);
#2912=EDGE_CURVE('',#3502,#3503,#3993,.T.);
#2913=EDGE_CURVE('',#3503,#3504,#3994,.T.);
#2914=EDGE_CURVE('',#3504,#3505,#3995,.T.);
#2915=EDGE_CURVE('',#3505,#3500,#3996,.T.);
#2916=EDGE_CURVE('',#3506,#3501,#3997,.T.);
#2917=EDGE_CURVE('',#3506,#3507,#3998,.T.);
#2918=EDGE_CURVE('',#3507,#3502,#3999,.T.);
#2919=EDGE_CURVE('',#3507,#3508,#4000,.T.);
#2920=EDGE_CURVE('',#3508,#3503,#4001,.T.);
#2921=EDGE_CURVE('',#3508,#3509,#4002,.T.);
#2922=EDGE_CURVE('',#3509,#3504,#4003,.T.);
#2923=EDGE_CURVE('',#3509,#3510,#4004,.T.);
#2924=EDGE_CURVE('',#3510,#3505,#4005,.T.);
#2925=EDGE_CURVE('',#3510,#3511,#4006,.T.);
#2926=EDGE_CURVE('',#3511,#3500,#4007,.T.);
#2927=EDGE_CURVE('',#3511,#3506,#4008,.T.);
#2928=EDGE_CURVE('',#3512,#3512,#351,.F.);
#2929=EDGE_CURVE('',#3513,#3513,#352,.T.);
#2930=EDGE_CURVE('',#3514,#3514,#353,.F.);
#2931=EDGE_CURVE('',#3515,#3516,#4009,.T.);
#2932=EDGE_CURVE('',#3516,#3517,#4010,.T.);
#2933=EDGE_CURVE('',#3517,#3518,#4011,.T.);
#2934=EDGE_CURVE('',#3518,#3519,#4012,.T.);
#2935=EDGE_CURVE('',#3519,#3520,#4013,.T.);
#2936=EDGE_CURVE('',#3520,#3515,#4014,.T.);
#2937=EDGE_CURVE('',#3521,#3516,#4015,.T.);
#2938=EDGE_CURVE('',#3521,#3522,#4016,.T.);
#2939=EDGE_CURVE('',#3522,#3517,#4017,.T.);
#2940=EDGE_CURVE('',#3522,#3523,#4018,.T.);
#2941=EDGE_CURVE('',#3523,#3518,#4019,.T.);
#2942=EDGE_CURVE('',#3523,#3524,#4020,.T.);
#2943=EDGE_CURVE('',#3524,#3519,#4021,.T.);
#2944=EDGE_CURVE('',#3524,#3525,#4022,.T.);
#2945=EDGE_CURVE('',#3525,#3520,#4023,.T.);
#2946=EDGE_CURVE('',#3525,#3526,#4024,.T.);
#2947=EDGE_CURVE('',#3526,#3515,#4025,.T.);
#2948=EDGE_CURVE('',#3526,#3521,#4026,.T.);
#2949=EDGE_CURVE('',#3527,#3527,#354,.F.);
#2950=EDGE_CURVE('',#3528,#3528,#355,.T.);
#2951=EDGE_CURVE('',#3529,#3529,#356,.F.);
#2952=EDGE_CURVE('',#3530,#3531,#4027,.T.);
#2953=EDGE_CURVE('',#3531,#3532,#4028,.T.);
#2954=EDGE_CURVE('',#3532,#3533,#4029,.T.);
#2955=EDGE_CURVE('',#3533,#3534,#4030,.T.);
#2956=EDGE_CURVE('',#3534,#3535,#4031,.T.);
#2957=EDGE_CURVE('',#3535,#3530,#4032,.T.);
#2958=EDGE_CURVE('',#3536,#3531,#4033,.T.);
#2959=EDGE_CURVE('',#3536,#3537,#4034,.T.);
#2960=EDGE_CURVE('',#3537,#3532,#4035,.T.);
#2961=EDGE_CURVE('',#3537,#3538,#4036,.T.);
#2962=EDGE_CURVE('',#3538,#3533,#4037,.T.);
#2963=EDGE_CURVE('',#3538,#3539,#4038,.T.);
#2964=EDGE_CURVE('',#3539,#3534,#4039,.T.);
#2965=EDGE_CURVE('',#3539,#3540,#4040,.T.);
#2966=EDGE_CURVE('',#3540,#3535,#4041,.T.);
#2967=EDGE_CURVE('',#3540,#3541,#4042,.T.);
#2968=EDGE_CURVE('',#3541,#3530,#4043,.T.);
#2969=EDGE_CURVE('',#3541,#3536,#4044,.T.);
#2970=EDGE_CURVE('',#3542,#3542,#357,.F.);
#2971=EDGE_CURVE('',#3146,#3101,#4045,.T.);
#2972=EDGE_CURVE('',#3145,#3496,#4046,.T.);
#2973=EDGE_CURVE('',#3151,#3494,#4047,.T.);
#2974=EDGE_CURVE('',#3152,#3493,#4048,.T.);
#2975=EDGE_CURVE('',#3159,#3491,#4049,.T.);
#2976=EDGE_CURVE('',#3160,#3490,#4050,.T.);
#2977=EDGE_CURVE('',#3138,#3187,#4051,.T.);
#2978=EDGE_CURVE('',#3487,#3188,#4052,.T.);
#2979=EDGE_CURVE('',#3466,#3482,#104,.T.);
#2980=EDGE_CURVE('',#3486,#3481,#105,.T.);
#2981=EDGE_CURVE('',#3092,#3037,#4053,.T.);
#2982=VERTEX_POINT('',#8014);
#2983=VERTEX_POINT('',#8015);
#2984=VERTEX_POINT('',#8017);
#2985=VERTEX_POINT('',#8019);
#2986=VERTEX_POINT('',#8021);
#2987=VERTEX_POINT('',#8023);
#2988=VERTEX_POINT('',#8025);
#2989=VERTEX_POINT('',#8027);
#2990=VERTEX_POINT('',#8029);
#2991=VERTEX_POINT('',#8031);
#2992=VERTEX_POINT('',#8033);
#2993=VERTEX_POINT('',#8035);
#2994=VERTEX_POINT('',#8037);
#2995=VERTEX_POINT('',#8039);
#2996=VERTEX_POINT('',#8041);
#2997=VERTEX_POINT('',#8043);
#2998=VERTEX_POINT('',#8046);
#2999=VERTEX_POINT('',#8047);
#3000=VERTEX_POINT('',#8049);
#3001=VERTEX_POINT('',#8051);
#3002=VERTEX_POINT('',#8053);
#3003=VERTEX_POINT('',#8055);
#3004=VERTEX_POINT('',#8057);
#3005=VERTEX_POINT('',#8059);
#3006=VERTEX_POINT('',#8061);
#3007=VERTEX_POINT('',#8063);
#3008=VERTEX_POINT('',#8065);
#3009=VERTEX_POINT('',#8067);
#3010=VERTEX_POINT('',#8069);
#3011=VERTEX_POINT('',#8071);
#3012=VERTEX_POINT('',#8073);
#3013=VERTEX_POINT('',#8075);
#3014=VERTEX_POINT('',#8078);
#3015=VERTEX_POINT('',#8079);
#3016=VERTEX_POINT('',#8081);
#3017=VERTEX_POINT('',#8083);
#3018=VERTEX_POINT('',#8085);
#3019=VERTEX_POINT('',#8087);
#3020=VERTEX_POINT('',#8089);
#3021=VERTEX_POINT('',#8091);
#3022=VERTEX_POINT('',#8093);
#3023=VERTEX_POINT('',#8095);
#3024=VERTEX_POINT('',#8097);
#3025=VERTEX_POINT('',#8099);
#3026=VERTEX_POINT('',#8101);
#3027=VERTEX_POINT('',#8103);
#3028=VERTEX_POINT('',#8105);
#3029=VERTEX_POINT('',#8107);
#3030=VERTEX_POINT('',#8110);
#3031=VERTEX_POINT('',#8112);
#3032=VERTEX_POINT('',#8114);
#3033=VERTEX_POINT('',#8116);
#3034=VERTEX_POINT('',#8118);
#3035=VERTEX_POINT('',#8120);
#3036=VERTEX_POINT('',#8122);
#3037=VERTEX_POINT('',#8123);
#3038=VERTEX_POINT('',#8125);
#3039=VERTEX_POINT('',#8127);
#3040=VERTEX_POINT('',#8129);
#3041=VERTEX_POINT('',#8131);
#3042=VERTEX_POINT('',#8135);
#3043=VERTEX_POINT('',#8136);
#3044=VERTEX_POINT('',#8138);
#3045=VERTEX_POINT('',#8140);
#3046=VERTEX_POINT('',#8142);
#3047=VERTEX_POINT('',#8144);
#3048=VERTEX_POINT('',#8146);
#3049=VERTEX_POINT('',#8148);
#3050=VERTEX_POINT('',#8150);
#3051=VERTEX_POINT('',#8152);
#3052=VERTEX_POINT('',#8154);
#3053=VERTEX_POINT('',#8156);
#3054=VERTEX_POINT('',#8158);
#3055=VERTEX_POINT('',#8160);
#3056=VERTEX_POINT('',#8162);
#3057=VERTEX_POINT('',#8164);
#3058=VERTEX_POINT('',#8167);
#3059=VERTEX_POINT('',#8168);
#3060=VERTEX_POINT('',#8170);
#3061=VERTEX_POINT('',#8172);
#3062=VERTEX_POINT('',#8174);
#3063=VERTEX_POINT('',#8176);
#3064=VERTEX_POINT('',#8178);
#3065=VERTEX_POINT('',#8180);
#3066=VERTEX_POINT('',#8182);
#3067=VERTEX_POINT('',#8184);
#3068=VERTEX_POINT('',#8186);
#3069=VERTEX_POINT('',#8188);
#3070=VERTEX_POINT('',#8190);
#3071=VERTEX_POINT('',#8192);
#3072=VERTEX_POINT('',#8194);
#3073=VERTEX_POINT('',#8196);
#3074=VERTEX_POINT('',#8199);
#3075=VERTEX_POINT('',#8200);
#3076=VERTEX_POINT('',#8202);
#3077=VERTEX_POINT('',#8204);
#3078=VERTEX_POINT('',#8206);
#3079=VERTEX_POINT('',#8208);
#3080=VERTEX_POINT('',#8210);
#3081=VERTEX_POINT('',#8212);
#3082=VERTEX_POINT('',#8214);
#3083=VERTEX_POINT('',#8216);
#3084=VERTEX_POINT('',#8218);
#3085=VERTEX_POINT('',#8220);
#3086=VERTEX_POINT('',#8222);
#3087=VERTEX_POINT('',#8224);
#3088=VERTEX_POINT('',#8226);
#3089=VERTEX_POINT('',#8228);
#3090=VERTEX_POINT('',#8231);
#3091=VERTEX_POINT('',#8232);
#3092=VERTEX_POINT('',#8234);
#3093=VERTEX_POINT('',#8236);
#3094=VERTEX_POINT('',#8238);
#3095=VERTEX_POINT('',#8240);
#3096=VERTEX_POINT('',#8244);
#3097=VERTEX_POINT('',#8245);
#3098=VERTEX_POINT('',#8247);
#3099=VERTEX_POINT('',#8249);
#3100=VERTEX_POINT('',#8254);
#3101=VERTEX_POINT('',#8255);
#3102=VERTEX_POINT('',#8257);
#3103=VERTEX_POINT('',#8261);
#3104=VERTEX_POINT('',#8262);
#3105=VERTEX_POINT('',#8264);
#3106=VERTEX_POINT('',#8266);
#3107=VERTEX_POINT('',#8268);
#3108=VERTEX_POINT('',#8270);
#3109=VERTEX_POINT('',#8272);
#3110=VERTEX_POINT('',#8274);
#3111=VERTEX_POINT('',#8279);
#3112=VERTEX_POINT('',#8281);
#3113=VERTEX_POINT('',#8287);
#3114=VERTEX_POINT('',#8289);
#3115=VERTEX_POINT('',#8297);
#3116=VERTEX_POINT('',#8299);
#3117=VERTEX_POINT('',#8301);
#3118=VERTEX_POINT('',#8303);
#3119=VERTEX_POINT('',#8305);
#3120=VERTEX_POINT('',#8307);
#3121=VERTEX_POINT('',#8309);
#3122=VERTEX_POINT('',#8311);
#3123=VERTEX_POINT('',#8313);
#3124=VERTEX_POINT('',#8315);
#3125=VERTEX_POINT('',#8317);
#3126=VERTEX_POINT('',#8319);
#3127=VERTEX_POINT('',#8321);
#3128=VERTEX_POINT('',#8323);
#3129=VERTEX_POINT('',#8325);
#3130=VERTEX_POINT('',#8328);
#3131=VERTEX_POINT('',#8330);
#3132=VERTEX_POINT('',#8332);
#3133=VERTEX_POINT('',#8334);
#3134=VERTEX_POINT('',#8336);
#3135=VERTEX_POINT('',#8338);
#3136=VERTEX_POINT('',#8340);
#3137=VERTEX_POINT('',#8344);
#3138=VERTEX_POINT('',#8345);
#3139=VERTEX_POINT('',#8347);
#3140=VERTEX_POINT('',#8349);
#3141=VERTEX_POINT('',#8351);
#3142=VERTEX_POINT('',#8353);
#3143=VERTEX_POINT('',#8355);
#3144=VERTEX_POINT('',#8357);
#3145=VERTEX_POINT('',#8359);
#3146=VERTEX_POINT('',#8361);
#3147=VERTEX_POINT('',#8363);
#3148=VERTEX_POINT('',#8366);
#3149=VERTEX_POINT('',#8368);
#3150=VERTEX_POINT('',#8370);
#3151=VERTEX_POINT('',#8372);
#3152=VERTEX_POINT('',#8374);
#3153=VERTEX_POINT('',#8376);
#3154=VERTEX_POINT('',#8378);
#3155=VERTEX_POINT('',#8380);
#3156=VERTEX_POINT('',#8382);
#3157=VERTEX_POINT('',#8384);
#3158=VERTEX_POINT('',#8386);
#3159=VERTEX_POINT('',#8388);
#3160=VERTEX_POINT('',#8390);
#3161=VERTEX_POINT('',#8392);
#3162=VERTEX_POINT('',#8394);
#3163=VERTEX_POINT('',#8402);
#3164=VERTEX_POINT('',#8404);
#3165=VERTEX_POINT('',#8410);
#3166=VERTEX_POINT('',#8412);
#3167=VERTEX_POINT('',#8414);
#3168=VERTEX_POINT('',#8416);
#3169=VERTEX_POINT('',#8418);
#3170=VERTEX_POINT('',#8420);
#3171=VERTEX_POINT('',#8433);
#3172=VERTEX_POINT('',#8435);
#3173=VERTEX_POINT('',#8438);
#3174=VERTEX_POINT('',#8439);
#3175=VERTEX_POINT('',#8441);
#3176=VERTEX_POINT('',#8443);
#3177=VERTEX_POINT('',#8447);
#3178=VERTEX_POINT('',#8449);
#3179=VERTEX_POINT('',#8453);
#3180=VERTEX_POINT('',#8455);
#3181=VERTEX_POINT('',#8459);
#3182=VERTEX_POINT('',#8461);
#3183=VERTEX_POINT('',#8465);
#3184=VERTEX_POINT('',#8467);
#3185=VERTEX_POINT('',#8475);
#3186=VERTEX_POINT('',#8478);
#3187=VERTEX_POINT('',#8482);
#3188=VERTEX_POINT('',#8484);
#3189=VERTEX_POINT('',#8486);
#3190=VERTEX_POINT('',#8493);
#3191=VERTEX_POINT('',#8494);
#3192=VERTEX_POINT('',#8496);
#3193=VERTEX_POINT('',#8500);
#3194=VERTEX_POINT('',#8502);
#3195=VERTEX_POINT('',#8505);
#3196=VERTEX_POINT('',#8506);
#3197=VERTEX_POINT('',#8508);
#3198=VERTEX_POINT('',#8515);
#3199=VERTEX_POINT('',#8517);
#3200=VERTEX_POINT('',#8521);
#3201=VERTEX_POINT('',#8523);
#3202=VERTEX_POINT('',#8527);
#3203=VERTEX_POINT('',#8528);
#3204=VERTEX_POINT('',#8530);
#3205=VERTEX_POINT('',#8533);
#3206=VERTEX_POINT('',#8537);
#3207=VERTEX_POINT('',#8542);
#3208=VERTEX_POINT('',#8546);
#3209=VERTEX_POINT('',#8547);
#3210=VERTEX_POINT('',#8549);
#3211=VERTEX_POINT('',#8551);
#3212=VERTEX_POINT('',#8553);
#3213=VERTEX_POINT('',#8555);
#3214=VERTEX_POINT('',#8559);
#3215=VERTEX_POINT('',#8560);
#3216=VERTEX_POINT('',#8562);
#3217=VERTEX_POINT('',#8569);
#3218=VERTEX_POINT('',#8577);
#3219=VERTEX_POINT('',#8578);
#3220=VERTEX_POINT('',#8580);
#3221=VERTEX_POINT('',#8588);
#3222=VERTEX_POINT('',#8592);
#3223=VERTEX_POINT('',#8594);
#3224=VERTEX_POINT('',#8598);
#3225=VERTEX_POINT('',#8600);
#3226=VERTEX_POINT('',#8604);
#3227=VERTEX_POINT('',#8605);
#3228=VERTEX_POINT('',#8607);
#3229=VERTEX_POINT('',#8609);
#3230=VERTEX_POINT('',#8613);
#3231=VERTEX_POINT('',#8614);
#3232=VERTEX_POINT('',#8616);
#3233=VERTEX_POINT('',#8618);
#3234=VERTEX_POINT('',#8622);
#3235=VERTEX_POINT('',#8624);
#3236=VERTEX_POINT('',#8628);
#3237=VERTEX_POINT('',#8629);
#3238=VERTEX_POINT('',#8631);
#3239=VERTEX_POINT('',#8633);
#3240=VERTEX_POINT('',#8637);
#3241=VERTEX_POINT('',#8639);
#3242=VERTEX_POINT('',#8643);
#3243=VERTEX_POINT('',#8644);
#3244=VERTEX_POINT('',#8646);
#3245=VERTEX_POINT('',#8650);
#3246=VERTEX_POINT('',#8651);
#3247=VERTEX_POINT('',#8656);
#3248=VERTEX_POINT('',#8660);
#3249=VERTEX_POINT('',#8663);
#3250=VERTEX_POINT('',#8666);
#3251=VERTEX_POINT('',#8667);
#3252=VERTEX_POINT('',#8671);
#3253=VERTEX_POINT('',#8672);
#3254=VERTEX_POINT('',#8674);
#3255=VERTEX_POINT('',#8678);
#3256=VERTEX_POINT('',#8679);
#3257=VERTEX_POINT('',#8683);
#3258=VERTEX_POINT('',#8686);
#3259=VERTEX_POINT('',#8688);
#3260=VERTEX_POINT('',#8692);
#3261=VERTEX_POINT('',#8696);
#3262=VERTEX_POINT('',#8702);
#3263=VERTEX_POINT('',#8703);
#3264=VERTEX_POINT('',#8716);
#3265=VERTEX_POINT('',#8718);
#3266=VERTEX_POINT('',#8763);
#3267=VERTEX_POINT('',#8764);
#3268=VERTEX_POINT('',#8771);
#3269=VERTEX_POINT('',#8776);
#3270=VERTEX_POINT('',#8787);
#3271=VERTEX_POINT('',#8789);
#3272=VERTEX_POINT('',#8793);
#3273=VERTEX_POINT('',#8796);
#3274=VERTEX_POINT('',#8802);
#3275=VERTEX_POINT('',#8805);
#3276=VERTEX_POINT('',#8806);
#3277=VERTEX_POINT('',#8814);
#3278=VERTEX_POINT('',#8816);
#3279=VERTEX_POINT('',#8820);
#3280=VERTEX_POINT('',#8822);
#3281=VERTEX_POINT('',#8824);
#3282=VERTEX_POINT('',#8827);
#3283=VERTEX_POINT('',#8831);
#3284=VERTEX_POINT('',#8835);
#3285=VERTEX_POINT('',#8839);
#3286=VERTEX_POINT('',#8843);
#3287=VERTEX_POINT('',#8844);
#3288=VERTEX_POINT('',#8846);
#3289=VERTEX_POINT('',#8848);
#3290=VERTEX_POINT('',#8855);
#3291=VERTEX_POINT('',#8859);
#3292=VERTEX_POINT('',#8861);
#3293=VERTEX_POINT('',#8865);
#3294=VERTEX_POINT('',#8870);
#3295=VERTEX_POINT('',#8872);
#3296=VERTEX_POINT('',#8874);
#3297=VERTEX_POINT('',#8878);
#3298=VERTEX_POINT('',#8879);
#3299=VERTEX_POINT('',#8881);
#3300=VERTEX_POINT('',#8883);
#3301=VERTEX_POINT('',#8885);
#3302=VERTEX_POINT('',#8900);
#3303=VERTEX_POINT('',#8908);
#3304=VERTEX_POINT('',#8909);
#3305=VERTEX_POINT('',#8911);
#3306=VERTEX_POINT('',#8915);
#3307=VERTEX_POINT('',#8916);
#3308=VERTEX_POINT('',#8926);
#3309=VERTEX_POINT('',#8928);
#3310=VERTEX_POINT('',#8932);
#3311=VERTEX_POINT('',#8934);
#3312=VERTEX_POINT('',#8936);
#3313=VERTEX_POINT('',#8938);
#3314=VERTEX_POINT('',#8940);
#3315=VERTEX_POINT('',#8942);
#3316=VERTEX_POINT('',#8946);
#3317=VERTEX_POINT('',#8947);
#3318=VERTEX_POINT('',#8949);
#3319=VERTEX_POINT('',#8951);
#3320=VERTEX_POINT('',#8953);
#3321=VERTEX_POINT('',#8955);
#3322=VERTEX_POINT('',#8962);
#3323=VERTEX_POINT('',#8963);
#3324=VERTEX_POINT('',#8965);
#3325=VERTEX_POINT('',#8969);
#3326=VERTEX_POINT('',#8970);
#3327=VERTEX_POINT('',#8976);
#3328=VERTEX_POINT('',#8978);
#3329=VERTEX_POINT('',#9023);
#3330=VERTEX_POINT('',#9028);
#3331=VERTEX_POINT('',#9038);
#3332=VERTEX_POINT('',#9039);
#3333=VERTEX_POINT('',#9050);
#3334=VERTEX_POINT('',#9057);
#3335=VERTEX_POINT('',#9059);
#3336=VERTEX_POINT('',#9063);
#3337=VERTEX_POINT('',#9065);
#3338=VERTEX_POINT('',#9067);
#3339=VERTEX_POINT('',#9069);
#3340=VERTEX_POINT('',#9073);
#3341=VERTEX_POINT('',#9074);
#3342=VERTEX_POINT('',#9076);
#3343=VERTEX_POINT('',#9090);
#3344=VERTEX_POINT('',#9097);
#3345=VERTEX_POINT('',#9099);
#3346=VERTEX_POINT('',#9101);
#3347=VERTEX_POINT('',#9103);
#3348=VERTEX_POINT('',#9105);
#3349=VERTEX_POINT('',#9107);
#3350=VERTEX_POINT('',#9109);
#3351=VERTEX_POINT('',#9111);
#3352=VERTEX_POINT('',#9113);
#3353=VERTEX_POINT('',#9127);
#3354=VERTEX_POINT('',#9129);
#3355=VERTEX_POINT('',#9137);
#3356=VERTEX_POINT('',#9138);
#3357=VERTEX_POINT('',#9140);
#3358=VERTEX_POINT('',#9142);
#3359=VERTEX_POINT('',#9144);
#3360=VERTEX_POINT('',#9160);
#3361=VERTEX_POINT('',#9167);
#3362=VERTEX_POINT('',#9168);
#3363=VERTEX_POINT('',#9170);
#3364=VERTEX_POINT('',#9173);
#3365=VERTEX_POINT('',#9194);
#3366=VERTEX_POINT('',#9196);
#3367=VERTEX_POINT('',#9216);
#3368=VERTEX_POINT('',#9217);
#3369=VERTEX_POINT('',#9226);
#3370=VERTEX_POINT('',#9227);
#3371=VERTEX_POINT('',#9229);
#3372=VERTEX_POINT('',#9231);
#3373=VERTEX_POINT('',#9235);
#3374=VERTEX_POINT('',#9240);
#3375=VERTEX_POINT('',#9244);
#3376=VERTEX_POINT('',#9246);
#3377=VERTEX_POINT('',#9248);
#3378=VERTEX_POINT('',#9255);
#3379=VERTEX_POINT('',#9257);
#3380=VERTEX_POINT('',#9264);
#3381=VERTEX_POINT('',#9266);
#3382=VERTEX_POINT('',#9270);
#3383=VERTEX_POINT('',#9272);
#3384=VERTEX_POINT('',#9276);
#3385=VERTEX_POINT('',#9278);
#3386=VERTEX_POINT('',#9282);
#3387=VERTEX_POINT('',#9284);
#3388=VERTEX_POINT('',#9288);
#3389=VERTEX_POINT('',#9289);
#3390=VERTEX_POINT('',#9327);
#3391=VERTEX_POINT('',#9330);
#3392=VERTEX_POINT('',#9332);
#3393=VERTEX_POINT('',#9336);
#3394=VERTEX_POINT('',#9337);
#3395=VERTEX_POINT('',#9342);
#3396=VERTEX_POINT('',#9349);
#3397=VERTEX_POINT('',#9351);
#3398=VERTEX_POINT('',#9374);
#3399=VERTEX_POINT('',#9379);
#3400=VERTEX_POINT('',#9400);
#3401=VERTEX_POINT('',#9407);
#3402=VERTEX_POINT('',#9418);
#3403=VERTEX_POINT('',#9420);
#3404=VERTEX_POINT('',#9462);
#3405=VERTEX_POINT('',#9469);
#3406=VERTEX_POINT('',#9476);
#3407=VERTEX_POINT('',#9478);
#3408=VERTEX_POINT('',#9504);
#3409=VERTEX_POINT('',#9524);
#3410=VERTEX_POINT('',#9537);
#3411=VERTEX_POINT('',#9538);
#3412=VERTEX_POINT('',#9550);
#3413=VERTEX_POINT('',#9551);
#3414=VERTEX_POINT('',#9553);
#3415=VERTEX_POINT('',#9555);
#3416=VERTEX_POINT('',#9563);
#3417=VERTEX_POINT('',#9564);
#3418=VERTEX_POINT('',#9569);
#3419=VERTEX_POINT('',#9577);
#3420=VERTEX_POINT('',#9581);
#3421=VERTEX_POINT('',#9583);
#3422=VERTEX_POINT('',#9587);
#3423=VERTEX_POINT('',#9591);
#3424=VERTEX_POINT('',#9593);
#3425=VERTEX_POINT('',#9597);
#3426=VERTEX_POINT('',#9602);
#3427=VERTEX_POINT('',#9606);
#3428=VERTEX_POINT('',#9607);
#3429=VERTEX_POINT('',#9609);
#3430=VERTEX_POINT('',#9611);
#3431=VERTEX_POINT('',#9618);
#3432=VERTEX_POINT('',#9626);
#3433=VERTEX_POINT('',#9627);
#3434=VERTEX_POINT('',#9629);
#3435=VERTEX_POINT('',#9637);
#3436=VERTEX_POINT('',#9645);
#3437=VERTEX_POINT('',#9649);
#3438=VERTEX_POINT('',#9651);
#3439=VERTEX_POINT('',#9655);
#3440=VERTEX_POINT('',#9657);
#3441=VERTEX_POINT('',#9665);
#3442=VERTEX_POINT('',#9673);
#3443=VERTEX_POINT('',#9675);
#3444=VERTEX_POINT('',#9679);
#3445=VERTEX_POINT('',#9685);
#3446=VERTEX_POINT('',#9687);
#3447=VERTEX_POINT('',#9691);
#3448=VERTEX_POINT('',#9703);
#3449=VERTEX_POINT('',#9707);
#3450=VERTEX_POINT('',#9708);
#3451=VERTEX_POINT('',#9713);
#3452=VERTEX_POINT('',#9719);
#3453=VERTEX_POINT('',#9720);
#3454=VERTEX_POINT('',#9722);
#3455=VERTEX_POINT('',#9724);
#3456=VERTEX_POINT('',#9728);
#3457=VERTEX_POINT('',#9729);
#3458=VERTEX_POINT('',#9731);
#3459=VERTEX_POINT('',#9733);
#3460=VERTEX_POINT('',#9737);
#3461=VERTEX_POINT('',#9738);
#3462=VERTEX_POINT('',#9740);
#3463=VERTEX_POINT('',#9742);
#3464=VERTEX_POINT('',#9746);
#3465=VERTEX_POINT('',#9750);
#3466=VERTEX_POINT('',#9752);
#3467=VERTEX_POINT('',#9766);
#3468=VERTEX_POINT('',#9770);
#3469=VERTEX_POINT('',#9780);
#3470=VERTEX_POINT('',#9784);
#3471=VERTEX_POINT('',#9793);
#3472=VERTEX_POINT('',#9797);
#3473=VERTEX_POINT('',#9805);
#3474=VERTEX_POINT('',#9809);
#3475=VERTEX_POINT('',#9818);
#3476=VERTEX_POINT('',#9822);
#3477=VERTEX_POINT('',#9832);
#3478=VERTEX_POINT('',#9836);
#3479=VERTEX_POINT('',#9866);
#3480=VERTEX_POINT('',#9926);
#3481=VERTEX_POINT('',#9950);
#3482=VERTEX_POINT('',#9951);
#3483=VERTEX_POINT('',#9954);
#3484=VERTEX_POINT('',#9956);
#3485=VERTEX_POINT('',#9958);
#3486=VERTEX_POINT('',#9964);
#3487=VERTEX_POINT('',#9976);
#3488=VERTEX_POINT('',#9978);
#3489=VERTEX_POINT('',#9982);
#3490=VERTEX_POINT('',#9996);
#3491=VERTEX_POINT('',#9998);
#3492=VERTEX_POINT('',#10001);
#3493=VERTEX_POINT('',#10004);
#3494=VERTEX_POINT('',#10006);
#3495=VERTEX_POINT('',#10009);
#3496=VERTEX_POINT('',#10012);
#3497=VERTEX_POINT('',#10016);
#3498=VERTEX_POINT('',#10019);
#3499=VERTEX_POINT('',#10022);
#3500=VERTEX_POINT('',#10025);
#3501=VERTEX_POINT('',#10026);
#3502=VERTEX_POINT('',#10028);
#3503=VERTEX_POINT('',#10030);
#3504=VERTEX_POINT('',#10032);
#3505=VERTEX_POINT('',#10034);
#3506=VERTEX_POINT('',#10038);
#3507=VERTEX_POINT('',#10040);
#3508=VERTEX_POINT('',#10044);
#3509=VERTEX_POINT('',#10048);
#3510=VERTEX_POINT('',#10052);
#3511=VERTEX_POINT('',#10056);
#3512=VERTEX_POINT('',#10062);
#3513=VERTEX_POINT('',#10066);
#3514=VERTEX_POINT('',#10069);
#3515=VERTEX_POINT('',#10072);
#3516=VERTEX_POINT('',#10073);
#3517=VERTEX_POINT('',#10075);
#3518=VERTEX_POINT('',#10077);
#3519=VERTEX_POINT('',#10079);
#3520=VERTEX_POINT('',#10081);
#3521=VERTEX_POINT('',#10085);
#3522=VERTEX_POINT('',#10087);
#3523=VERTEX_POINT('',#10091);
#3524=VERTEX_POINT('',#10095);
#3525=VERTEX_POINT('',#10099);
#3526=VERTEX_POINT('',#10103);
#3527=VERTEX_POINT('',#10109);
#3528=VERTEX_POINT('',#10113);
#3529=VERTEX_POINT('',#10116);
#3530=VERTEX_POINT('',#10119);
#3531=VERTEX_POINT('',#10120);
#3532=VERTEX_POINT('',#10122);
#3533=VERTEX_POINT('',#10124);
#3534=VERTEX_POINT('',#10126);
#3535=VERTEX_POINT('',#10128);
#3536=VERTEX_POINT('',#10132);
#3537=VERTEX_POINT('',#10134);
#3538=VERTEX_POINT('',#10138);
#3539=VERTEX_POINT('',#10142);
#3540=VERTEX_POINT('',#10146);
#3541=VERTEX_POINT('',#10150);
#3542=VERTEX_POINT('',#10156);
#3543=LINE('',#8013,#4054);
#3544=LINE('',#8016,#4055);
#3545=LINE('',#8018,#4056);
#3546=LINE('',#8022,#4057);
#3547=LINE('',#8024,#4058);
#3548=LINE('',#8026,#4059);
#3549=LINE('',#8030,#4060);
#3550=LINE('',#8034,#4061);
#3551=LINE('',#8036,#4062);
#3552=LINE('',#8038,#4063);
#3553=LINE('',#8042,#4064);
#3554=LINE('',#8044,#4065);
#3555=LINE('',#8045,#4066);
#3556=LINE('',#8048,#4067);
#3557=LINE('',#8050,#4068);
#3558=LINE('',#8054,#4069);
#3559=LINE('',#8056,#4070);
#3560=LINE('',#8058,#4071);
#3561=LINE('',#8062,#4072);
#3562=LINE('',#8066,#4073);
#3563=LINE('',#8068,#4074);
#3564=LINE('',#8070,#4075);
#3565=LINE('',#8074,#4076);
#3566=LINE('',#8076,#4077);
#3567=LINE('',#8077,#4078);
#3568=LINE('',#8080,#4079);
#3569=LINE('',#8082,#4080);
#3570=LINE('',#8086,#4081);
#3571=LINE('',#8088,#4082);
#3572=LINE('',#8090,#4083);
#3573=LINE('',#8094,#4084);
#3574=LINE('',#8098,#4085);
#3575=LINE('',#8100,#4086);
#3576=LINE('',#8102,#4087);
#3577=LINE('',#8106,#4088);
#3578=LINE('',#8108,#4089);
#3579=LINE('',#8121,#4090);
#3580=LINE('',#8124,#4091);
#3581=LINE('',#8128,#4092);
#3582=LINE('',#8130,#4093);
#3583=LINE('',#8132,#4094);
#3584=LINE('',#8134,#4095);
#3585=LINE('',#8137,#4096);
#3586=LINE('',#8141,#4097);
#3587=LINE('',#8143,#4098);
#3588=LINE('',#8145,#4099);
#3589=LINE('',#8149,#4100);
#3590=LINE('',#8153,#4101);
#3591=LINE('',#8155,#4102);
#3592=LINE('',#8157,#4103);
#3593=LINE('',#8161,#4104);
#3594=LINE('',#8163,#4105);
#3595=LINE('',#8165,#4106);
#3596=LINE('',#8166,#4107);
#3597=LINE('',#8169,#4108);
#3598=LINE('',#8173,#4109);
#3599=LINE('',#8175,#4110);
#3600=LINE('',#8177,#4111);
#3601=LINE('',#8181,#4112);
#3602=LINE('',#8185,#4113);
#3603=LINE('',#8187,#4114);
#3604=LINE('',#8189,#4115);
#3605=LINE('',#8193,#4116);
#3606=LINE('',#8195,#4117);
#3607=LINE('',#8197,#4118);
#3608=LINE('',#8198,#4119);
#3609=LINE('',#8201,#4120);
#3610=LINE('',#8205,#4121);
#3611=LINE('',#8207,#4122);
#3612=LINE('',#8209,#4123);
#3613=LINE('',#8213,#4124);
#3614=LINE('',#8217,#4125);
#3615=LINE('',#8219,#4126);
#3616=LINE('',#8221,#4127);
#3617=LINE('',#8225,#4128);
#3618=LINE('',#8227,#4129);
#3619=LINE('',#8229,#4130);
#3620=LINE('',#8230,#4131);
#3621=LINE('',#8233,#4132);
#3622=LINE('',#8235,#4133);
#3623=LINE('',#8237,#4134);
#3624=LINE('',#8239,#4135);
#3625=LINE('',#8246,#4136);
#3626=LINE('',#8250,#4137);
#3627=LINE('',#8252,#4138);
#3628=LINE('',#8253,#4139);
#3629=LINE('',#8256,#4140);
#3630=LINE('',#8258,#4141);
#3631=LINE('',#8260,#4142);
#3632=LINE('',#8265,#4143);
#3633=LINE('',#8269,#4144);
#3634=LINE('',#8273,#4145);
#3635=LINE('',#8280,#4146);
#3636=LINE('',#8288,#4147);
#3637=LINE('',#8298,#4148);
#3638=LINE('',#8302,#4149);
#3639=LINE('',#8306,#4150);
#3640=LINE('',#8310,#4151);
#3641=LINE('',#8314,#4152);
#3642=LINE('',#8318,#4153);
#3643=LINE('',#8322,#4154);
#3644=LINE('',#8326,#4155);
#3645=LINE('',#8327,#4156);
#3646=LINE('',#8331,#4157);
#3647=LINE('',#8335,#4158);
#3648=LINE('',#8339,#4159);
#3649=LINE('',#8348,#4160);
#3650=LINE('',#8352,#4161);
#3651=LINE('',#8356,#4162);
#3652=LINE('',#8364,#4163);
#3653=LINE('',#8365,#4164);
#3654=LINE('',#8369,#4165);
#3655=LINE('',#8377,#4166);
#3656=LINE('',#8381,#4167);
#3657=LINE('',#8385,#4168);
#3658=LINE('',#8393,#4169);
#3659=LINE('',#8403,#4170);
#3660=LINE('',#8411,#4171);
#3661=LINE('',#8415,#4172);
#3662=LINE('',#8419,#4173);
#3663=LINE('',#8423,#4174);
#3664=LINE('',#8424,#4175);
#3665=LINE('',#8426,#4176);
#3666=LINE('',#8427,#4177);
#3667=LINE('',#8429,#4178);
#3668=LINE('',#8430,#4179);
#3669=LINE('',#8437,#4180);
#3670=LINE('',#8440,#4181);
#3671=LINE('',#8442,#4182);
#3672=LINE('',#8444,#4183);
#3673=LINE('',#8446,#4184);
#3674=LINE('',#8448,#4185);
#3675=LINE('',#8450,#4186);
#3676=LINE('',#8452,#4187);
#3677=LINE('',#8454,#4188);
#3678=LINE('',#8456,#4189);
#3679=LINE('',#8458,#4190);
#3680=LINE('',#8460,#4191);
#3681=LINE('',#8462,#4192);
#3682=LINE('',#8464,#4193);
#3683=LINE('',#8466,#4194);
#3684=LINE('',#8468,#4195);
#3685=LINE('',#8470,#4196);
#3686=LINE('',#8471,#4197);
#3687=LINE('',#8481,#4198);
#3688=LINE('',#8483,#4199);
#3689=LINE('',#8485,#4200);
#3690=LINE('',#8497,#4201);
#3691=LINE('',#8504,#4202);
#3692=LINE('',#8514,#4203);
#3693=LINE('',#8516,#4204);
#3694=LINE('',#8518,#4205);
#3695=LINE('',#8522,#4206);
#3696=LINE('',#8526,#4207);
#3697=LINE('',#8531,#4208);
#3698=LINE('',#8532,#4209);
#3699=LINE('',#8534,#4210);
#3700=LINE('',#8538,#4211);
#3701=LINE('',#8541,#4212);
#3702=LINE('',#8543,#4213);
#3703=LINE('',#8548,#4214);
#3704=LINE('',#8550,#4215);
#3705=LINE('',#8552,#4216);
#3706=LINE('',#8554,#4217);
#3707=LINE('',#8556,#4218);
#3708=LINE('',#8558,#4219);
#3709=LINE('',#8603,#4220);
#3710=LINE('',#8608,#4221);
#3711=LINE('',#8615,#4222);
#3712=LINE('',#8617,#4223);
#3713=LINE('',#8619,#4224);
#3714=LINE('',#8621,#4225);
#3715=LINE('',#8625,#4226);
#3716=LINE('',#8630,#4227);
#3717=LINE('',#8632,#4228);
#3718=LINE('',#8634,#4229);
#3719=LINE('',#8638,#4230);
#3720=LINE('',#8645,#4231);
#3721=LINE('',#8647,#4232);
#3722=LINE('',#8649,#4233);
#3723=LINE('',#8668,#4234);
#3724=LINE('',#8675,#4235);
#3725=LINE('',#8691,#4236);
#3726=LINE('',#8715,#4237);
#3727=LINE('',#8717,#4238);
#3728=LINE('',#8721,#4239);
#3729=LINE('',#8788,#4240);
#3730=LINE('',#8790,#4241);
#3731=LINE('',#8792,#4242);
#3732=LINE('',#8794,#4243);
#3733=LINE('',#8795,#4244);
#3734=LINE('',#8797,#4245);
#3735=LINE('',#8799,#4246);
#3736=LINE('',#8807,#4247);
#3737=LINE('',#8815,#4248);
#3738=LINE('',#8821,#4249);
#3739=LINE('',#8823,#4250);
#3740=LINE('',#8825,#4251);
#3741=LINE('',#8828,#4252);
#3742=LINE('',#8830,#4253);
#3743=LINE('',#8832,#4254);
#3744=LINE('',#8834,#4255);
#3745=LINE('',#8838,#4256);
#3746=LINE('',#8840,#4257);
#3747=LINE('',#8842,#4258);
#3748=LINE('',#8845,#4259);
#3749=LINE('',#8849,#4260);
#3750=LINE('',#8856,#4261);
#3751=LINE('',#8860,#4262);
#3752=LINE('',#8864,#4263);
#3753=LINE('',#8867,#4264);
#3754=LINE('',#8871,#4265);
#3755=LINE('',#8873,#4266);
#3756=LINE('',#8875,#4267);
#3757=LINE('',#8877,#4268);
#3758=LINE('',#8882,#4269);
#3759=LINE('',#8884,#4270);
#3760=LINE('',#8899,#4271);
#3761=LINE('',#8907,#4272);
#3762=LINE('',#8910,#4273);
#3763=LINE('',#8914,#4274);
#3764=LINE('',#8927,#4275);
#3765=LINE('',#8931,#4276);
#3766=LINE('',#8935,#4277);
#3767=LINE('',#8937,#4278);
#3768=LINE('',#8939,#4279);
#3769=LINE('',#8943,#4280);
#3770=LINE('',#8948,#4281);
#3771=LINE('',#8950,#4282);
#3772=LINE('',#8952,#4283);
#3773=LINE('',#8956,#4284);
#3774=LINE('',#8964,#4285);
#3775=LINE('',#8985,#4286);
#3776=LINE('',#8986,#4287);
#3777=LINE('',#9024,#4288);
#3778=LINE('',#9025,#4289);
#3779=LINE('',#9056,#4290);
#3780=LINE('',#9058,#4291);
#3781=LINE('',#9060,#4292);
#3782=LINE('',#9066,#4293);
#3783=LINE('',#9068,#4294);
#3784=LINE('',#9070,#4295);
#3785=LINE('',#9072,#4296);
#3786=LINE('',#9077,#4297);
#3787=LINE('',#9098,#4298);
#3788=LINE('',#9102,#4299);
#3789=LINE('',#9104,#4300);
#3790=LINE('',#9106,#4301);
#3791=LINE('',#9110,#4302);
#3792=LINE('',#9112,#4303);
#3793=LINE('',#9114,#4304);
#3794=LINE('',#9130,#4305);
#3795=LINE('',#9136,#4306);
#3796=LINE('',#9141,#4307);
#3797=LINE('',#9143,#4308);
#3798=LINE('',#9158,#4309);
#3799=LINE('',#9166,#4310);
#3800=LINE('',#9171,#4311);
#3801=LINE('',#9172,#4312);
#3802=LINE('',#9225,#4313);
#3803=LINE('',#9230,#4314);
#3804=LINE('',#9232,#4315);
#3805=LINE('',#9234,#4316);
#3806=LINE('',#9241,#4317);
#3807=LINE('',#9245,#4318);
#3808=LINE('',#9256,#4319);
#3809=LINE('',#9263,#4320);
#3810=LINE('',#9265,#4321);
#3811=LINE('',#9267,#4322);
#3812=LINE('',#9271,#4323);
#3813=LINE('',#9275,#4324);
#3814=LINE('',#9277,#4325);
#3815=LINE('',#9279,#4326);
#3816=LINE('',#9283,#4327);
#3817=LINE('',#9287,#4328);
#3818=LINE('',#9329,#4329);
#3819=LINE('',#9331,#4330);
#3820=LINE('',#9333,#4331);
#3821=LINE('',#9341,#4332);
#3822=LINE('',#9343,#4333);
#3823=LINE('',#9345,#4334);
#3824=LINE('',#9346,#4335);
#3825=LINE('',#9350,#4336);
#3826=LINE('',#9365,#4337);
#3827=LINE('',#9367,#4338);
#3828=LINE('',#9376,#4339);
#3829=LINE('',#9378,#4340);
#3830=LINE('',#9380,#4341);
#3831=LINE('',#9384,#4342);
#3832=LINE('',#9399,#4343);
#3833=LINE('',#9401,#4344);
#3834=LINE('',#9403,#4345);
#3835=LINE('',#9406,#4346);
#3836=LINE('',#9408,#4347);
#3837=LINE('',#9410,#4348);
#3838=LINE('',#9411,#4349);
#3839=LINE('',#9419,#4350);
#3840=LINE('',#9434,#4351);
#3841=LINE('',#9436,#4352);
#3842=LINE('',#9442,#4353);
#3843=LINE('',#9444,#4354);
#3844=LINE('',#9459,#4355);
#3845=LINE('',#9461,#4356);
#3846=LINE('',#9463,#4357);
#3847=LINE('',#9465,#4358);
#3848=LINE('',#9468,#4359);
#3849=LINE('',#9470,#4360);
#3850=LINE('',#9472,#4361);
#3851=LINE('',#9473,#4362);
#3852=LINE('',#9477,#4363);
#3853=LINE('',#9492,#4364);
#3854=LINE('',#9494,#4365);
#3855=LINE('',#9501,#4366);
#3856=LINE('',#9503,#4367);
#3857=LINE('',#9505,#4368);
#3858=LINE('',#9509,#4369);
#3859=LINE('',#9523,#4370);
#3860=LINE('',#9525,#4371);
#3861=LINE('',#9527,#4372);
#3862=LINE('',#9552,#4373);
#3863=LINE('',#9554,#4374);
#3864=LINE('',#9556,#4375);
#3865=LINE('',#9568,#4376);
#3866=LINE('',#9582,#4377);
#3867=LINE('',#9586,#4378);
#3868=LINE('',#9588,#4379);
#3869=LINE('',#9590,#4380);
#3870=LINE('',#9592,#4381);
#3871=LINE('',#9594,#4382);
#3872=LINE('',#9596,#4383);
#3873=LINE('',#9598,#4384);
#3874=LINE('',#9600,#4385);
#3875=LINE('',#9603,#4386);
#3876=LINE('',#9608,#4387);
#3877=LINE('',#9612,#4388);
#3878=LINE('',#9613,#4389);
#3879=LINE('',#9615,#4390);
#3880=LINE('',#9647,#4391);
#3881=LINE('',#9648,#4392);
#3882=LINE('',#9652,#4393);
#3883=LINE('',#9654,#4394);
#3884=LINE('',#9656,#4395);
#3885=LINE('',#9672,#4396);
#3886=LINE('',#9674,#4397);
#3887=LINE('',#9676,#4398);
#3888=LINE('',#9678,#4399);
#3889=LINE('',#9682,#4400);
#3890=LINE('',#9684,#4401);
#3891=LINE('',#9686,#4402);
#3892=LINE('',#9688,#4403);
#3893=LINE('',#9692,#4404);
#3894=LINE('',#9702,#4405);
#3895=LINE('',#9709,#4406);
#3896=LINE('',#9710,#4407);
#3897=LINE('',#9712,#4408);
#3898=LINE('',#9714,#4409);
#3899=LINE('',#9718,#4410);
#3900=LINE('',#9721,#4411);
#3901=LINE('',#9723,#4412);
#3902=LINE('',#9725,#4413);
#3903=LINE('',#9727,#4414);
#3904=LINE('',#9730,#4415);
#3905=LINE('',#9732,#4416);
#3906=LINE('',#9734,#4417);
#3907=LINE('',#9736,#4418);
#3908=LINE('',#9739,#4419);
#3909=LINE('',#9741,#4420);
#3910=LINE('',#9743,#4421);
#3911=LINE('',#9747,#4422);
#3912=LINE('',#9749,#4423);
#3913=LINE('',#9758,#4424);
#3914=LINE('',#9762,#4425);
#3915=LINE('',#9763,#4426);
#3916=LINE('',#9765,#4427);
#3917=LINE('',#9767,#4428);
#3918=LINE('',#9769,#4429);
#3919=LINE('',#9771,#4430);
#3920=LINE('',#9779,#4431);
#3921=LINE('',#9783,#4432);
#3922=LINE('',#9785,#4433);
#3923=LINE('',#9787,#4434);
#3924=LINE('',#9789,#4435);
#3925=LINE('',#9790,#4436);
#3926=LINE('',#9792,#4437);
#3927=LINE('',#9794,#4438);
#3928=LINE('',#9796,#4439);
#3929=LINE('',#9798,#4440);
#3930=LINE('',#9804,#4441);
#3931=LINE('',#9808,#4442);
#3932=LINE('',#9810,#4443);
#3933=LINE('',#9812,#4444);
#3934=LINE('',#9814,#4445);
#3935=LINE('',#9815,#4446);
#3936=LINE('',#9817,#4447);
#3937=LINE('',#9819,#4448);
#3938=LINE('',#9821,#4449);
#3939=LINE('',#9823,#4450);
#3940=LINE('',#9831,#4451);
#3941=LINE('',#9835,#4452);
#3942=LINE('',#9837,#4453);
#3943=LINE('',#9839,#4454);
#3944=LINE('',#9841,#4455);
#3945=LINE('',#9842,#4456);
#3946=LINE('',#9844,#4457);
#3947=LINE('',#9845,#4458);
#3948=LINE('',#9851,#4459);
#3949=LINE('',#9852,#4460);
#3950=LINE('',#9854,#4461);
#3951=LINE('',#9855,#4462);
#3952=LINE('',#9857,#4463);
#3953=LINE('',#9858,#4464);
#3954=LINE('',#9859,#4465);
#3955=LINE('',#9861,#4466);
#3956=LINE('',#9863,#4467);
#3957=LINE('',#9865,#4468);
#3958=LINE('',#9867,#4469);
#3959=LINE('',#9925,#4470);
#3960=LINE('',#9927,#4471);
#3961=LINE('',#9929,#4472);
#3962=LINE('',#9931,#4473);
#3963=LINE('',#9932,#4474);
#3964=LINE('',#9934,#4475);
#3965=LINE('',#9935,#4476);
#3966=LINE('',#9937,#4477);
#3967=LINE('',#9940,#4478);
#3968=LINE('',#9941,#4479);
#3969=LINE('',#9943,#4480);
#3970=LINE('',#9944,#4481);
#3971=LINE('',#9946,#4482);
#3972=LINE('',#9949,#4483);
#3973=LINE('',#9952,#4484);
#3974=LINE('',#9953,#4485);
#3975=LINE('',#9955,#4486);
#3976=LINE('',#9957,#4487);
#3977=LINE('',#9959,#4488);
#3978=LINE('',#9987,#4489);
#3979=LINE('',#9989,#4490);
#3980=LINE('',#9991,#4491);
#3981=LINE('',#9993,#4492);
#3982=LINE('',#9995,#4493);
#3983=LINE('',#9997,#4494);
#3984=LINE('',#9999,#4495);
#3985=LINE('',#10003,#4496);
#3986=LINE('',#10005,#4497);
#3987=LINE('',#10007,#4498);
#3988=LINE('',#10011,#4499);
#3989=LINE('',#10013,#4500);
#3990=LINE('',#10014,#4501);
#3991=LINE('',#10024,#4502);
#3992=LINE('',#10027,#4503);
#3993=LINE('',#10029,#4504);
#3994=LINE('',#10031,#4505);
#3995=LINE('',#10033,#4506);
#3996=LINE('',#10035,#4507);
#3997=LINE('',#10037,#4508);
#3998=LINE('',#10039,#4509);
#3999=LINE('',#10041,#4510);
#4000=LINE('',#10043,#4511);
#4001=LINE('',#10045,#4512);
#4002=LINE('',#10047,#4513);
#4003=LINE('',#10049,#4514);
#4004=LINE('',#10051,#4515);
#4005=LINE('',#10053,#4516);
#4006=LINE('',#10055,#4517);
#4007=LINE('',#10057,#4518);
#4008=LINE('',#10059,#4519);
#4009=LINE('',#10071,#4520);
#4010=LINE('',#10074,#4521);
#4011=LINE('',#10076,#4522);
#4012=LINE('',#10078,#4523);
#4013=LINE('',#10080,#4524);
#4014=LINE('',#10082,#4525);
#4015=LINE('',#10084,#4526);
#4016=LINE('',#10086,#4527);
#4017=LINE('',#10088,#4528);
#4018=LINE('',#10090,#4529);
#4019=LINE('',#10092,#4530);
#4020=LINE('',#10094,#4531);
#4021=LINE('',#10096,#4532);
#4022=LINE('',#10098,#4533);
#4023=LINE('',#10100,#4534);
#4024=LINE('',#10102,#4535);
#4025=LINE('',#10104,#4536);
#4026=LINE('',#10106,#4537);
#4027=LINE('',#10118,#4538);
#4028=LINE('',#10121,#4539);
#4029=LINE('',#10123,#4540);
#4030=LINE('',#10125,#4541);
#4031=LINE('',#10127,#4542);
#4032=LINE('',#10129,#4543);
#4033=LINE('',#10131,#4544);
#4034=LINE('',#10133,#4545);
#4035=LINE('',#10135,#4546);
#4036=LINE('',#10137,#4547);
#4037=LINE('',#10139,#4548);
#4038=LINE('',#10141,#4549);
#4039=LINE('',#10143,#4550);
#4040=LINE('',#10145,#4551);
#4041=LINE('',#10147,#4552);
#4042=LINE('',#10149,#4553);
#4043=LINE('',#10151,#4554);
#4044=LINE('',#10153,#4555);
#4045=LINE('',#10159,#4556);
#4046=LINE('',#10160,#4557);
#4047=LINE('',#10164,#4558);
#4048=LINE('',#10165,#4559);
#4049=LINE('',#10169,#4560);
#4050=LINE('',#10170,#4561);
#4051=LINE('',#10174,#4562);
#4052=LINE('',#10176,#4563);
#4053=LINE('',#10224,#4564);
#4054=VECTOR('',#6376,1.);
#4055=VECTOR('',#6377,1.);
#4056=VECTOR('',#6378,1.);
#4057=VECTOR('',#6381,1.);
#4058=VECTOR('',#6382,1.);
#4059=VECTOR('',#6383,1.);
#4060=VECTOR('',#6386,1.);
#4061=VECTOR('',#6389,1.);
#4062=VECTOR('',#6390,1.);
#4063=VECTOR('',#6391,1.);
#4064=VECTOR('',#6394,1.);
#4065=VECTOR('',#6395,1.);
#4066=VECTOR('',#6396,1.);
#4067=VECTOR('',#6397,1.);
#4068=VECTOR('',#6398,1.);
#4069=VECTOR('',#6401,1.);
#4070=VECTOR('',#6402,1.);
#4071=VECTOR('',#6403,1.);
#4072=VECTOR('',#6406,1.);
#4073=VECTOR('',#6409,1.);
#4074=VECTOR('',#6410,1.);
#4075=VECTOR('',#6411,1.);
#4076=VECTOR('',#6414,1.);
#4077=VECTOR('',#6415,1.);
#4078=VECTOR('',#6416,1.);
#4079=VECTOR('',#6417,1.);
#4080=VECTOR('',#6418,1.);
#4081=VECTOR('',#6421,1.);
#4082=VECTOR('',#6422,1.);
#4083=VECTOR('',#6423,1.);
#4084=VECTOR('',#6426,1.);
#4085=VECTOR('',#6429,1.);
#4086=VECTOR('',#6430,1.);
#4087=VECTOR('',#6431,1.);
#4088=VECTOR('',#6434,1.);
#4089=VECTOR('',#6435,1.);
#4090=VECTOR('',#6448,1.);
#4091=VECTOR('',#6449,1.);
#4092=VECTOR('',#6452,1.);
#4093=VECTOR('',#6453,1.);
#4094=VECTOR('',#6454,1.);
#4095=VECTOR('',#6457,1.);
#4096=VECTOR('',#6458,1.);
#4097=VECTOR('',#6461,1.);
#4098=VECTOR('',#6462,1.);
#4099=VECTOR('',#6463,1.);
#4100=VECTOR('',#6466,1.);
#4101=VECTOR('',#6469,1.);
#4102=VECTOR('',#6470,1.);
#4103=VECTOR('',#6471,1.);
#4104=VECTOR('',#6474,1.);
#4105=VECTOR('',#6475,1.);
#4106=VECTOR('',#6476,1.);
#4107=VECTOR('',#6477,1.);
#4108=VECTOR('',#6478,1.);
#4109=VECTOR('',#6481,1.);
#4110=VECTOR('',#6482,1.);
#4111=VECTOR('',#6483,1.);
#4112=VECTOR('',#6486,1.);
#4113=VECTOR('',#6489,1.);
#4114=VECTOR('',#6490,1.);
#4115=VECTOR('',#6491,1.);
#4116=VECTOR('',#6494,1.);
#4117=VECTOR('',#6495,1.);
#4118=VECTOR('',#6496,1.);
#4119=VECTOR('',#6497,1.);
#4120=VECTOR('',#6498,1.);
#4121=VECTOR('',#6501,1.);
#4122=VECTOR('',#6502,1.);
#4123=VECTOR('',#6503,1.);
#4124=VECTOR('',#6506,1.);
#4125=VECTOR('',#6509,1.);
#4126=VECTOR('',#6510,1.);
#4127=VECTOR('',#6511,1.);
#4128=VECTOR('',#6514,1.);
#4129=VECTOR('',#6515,1.);
#4130=VECTOR('',#6516,1.);
#4131=VECTOR('',#6517,1.);
#4132=VECTOR('',#6518,1.);
#4133=VECTOR('',#6519,1.);
#4134=VECTOR('',#6520,1.);
#4135=VECTOR('',#6521,1.);
#4136=VECTOR('',#6528,1.);
#4137=VECTOR('',#6531,1.);
#4138=VECTOR('',#6534,1.);
#4139=VECTOR('',#6535,1.);
#4140=VECTOR('',#6536,1.);
#4141=VECTOR('',#6537,1.);
#4142=VECTOR('',#6540,1.);
#4143=VECTOR('',#6543,1.);
#4144=VECTOR('',#6546,1.);
#4145=VECTOR('',#6549,1.);
#4146=VECTOR('',#6550,1.);
#4147=VECTOR('',#6551,1.);
#4148=VECTOR('',#6552,1.);
#4149=VECTOR('',#6555,1.);
#4150=VECTOR('',#6558,1.);
#4151=VECTOR('',#6561,1.);
#4152=VECTOR('',#6564,1.);
#4153=VECTOR('',#6567,1.);
#4154=VECTOR('',#6570,1.);
#4155=VECTOR('',#6573,1.);
#4156=VECTOR('',#6574,1.);
#4157=VECTOR('',#6577,1.);
#4158=VECTOR('',#6580,1.);
#4159=VECTOR('',#6583,1.);
#4160=VECTOR('',#6592,1.);
#4161=VECTOR('',#6595,1.);
#4162=VECTOR('',#6598,1.);
#4163=VECTOR('',#6605,1.);
#4164=VECTOR('',#6606,1.);
#4165=VECTOR('',#6609,1.);
#4166=VECTOR('',#6616,1.);
#4167=VECTOR('',#6619,1.);
#4168=VECTOR('',#6622,1.);
#4169=VECTOR('',#6629,1.);
#4170=VECTOR('',#6630,1.);
#4171=VECTOR('',#6631,1.);
#4172=VECTOR('',#6634,1.);
#4173=VECTOR('',#6637,1.);
#4174=VECTOR('',#6642,1.);
#4175=VECTOR('',#6643,1.);
#4176=VECTOR('',#6646,1.);
#4177=VECTOR('',#6647,1.);
#4178=VECTOR('',#6650,1.);
#4179=VECTOR('',#6651,1.);
#4180=VECTOR('',#6660,1.);
#4181=VECTOR('',#6661,1.);
#4182=VECTOR('',#6662,1.);
#4183=VECTOR('',#6663,1.);
#4184=VECTOR('',#6666,1.);
#4185=VECTOR('',#6667,1.);
#4186=VECTOR('',#6668,1.);
#4187=VECTOR('',#6671,1.);
#4188=VECTOR('',#6672,1.);
#4189=VECTOR('',#6673,1.);
#4190=VECTOR('',#6676,1.);
#4191=VECTOR('',#6677,1.);
#4192=VECTOR('',#6678,1.);
#4193=VECTOR('',#6681,1.);
#4194=VECTOR('',#6682,1.);
#4195=VECTOR('',#6683,1.);
#4196=VECTOR('',#6686,1.);
#4197=VECTOR('',#6687,1.);
#4198=VECTOR('',#6702,1.);
#4199=VECTOR('',#6703,1.);
#4200=VECTOR('',#6704,1.);
#4201=VECTOR('',#6711,1.);
#4202=VECTOR('',#6720,1.);
#4203=VECTOR('',#6725,1.);
#4204=VECTOR('',#6726,1.);
#4205=VECTOR('',#6727,1.);
#4206=VECTOR('',#6732,1.);
#4207=VECTOR('',#6737,1.);
#4208=VECTOR('',#6740,1.);
#4209=VECTOR('',#6741,1.);
#4210=VECTOR('',#6742,1.);
#4211=VECTOR('',#6747,1.);
#4212=VECTOR('',#6752,1.);
#4213=VECTOR('',#6753,1.);
#4214=VECTOR('',#6758,1.);
#4215=VECTOR('',#6759,1.);
#4216=VECTOR('',#6760,1.);
#4217=VECTOR('',#6761,1.);
#4218=VECTOR('',#6762,1.);
#4219=VECTOR('',#6765,1.);
#4220=VECTOR('',#6794,1.);
#4221=VECTOR('',#6797,1.);
#4222=VECTOR('',#6804,1.);
#4223=VECTOR('',#6805,1.);
#4224=VECTOR('',#6806,1.);
#4225=VECTOR('',#6809,1.);
#4226=VECTOR('',#6812,1.);
#4227=VECTOR('',#6817,1.);
#4228=VECTOR('',#6818,1.);
#4229=VECTOR('',#6819,1.);
#4230=VECTOR('',#6824,1.);
#4231=VECTOR('',#6831,1.);
#4232=VECTOR('',#6832,1.);
#4233=VECTOR('',#6835,1.);
#4234=VECTOR('',#6850,1.);
#4235=VECTOR('',#6857,1.);
#4236=VECTOR('',#6878,1.);
#4237=VECTOR('',#6897,1.);
#4238=VECTOR('',#6898,1.);
#4239=VECTOR('',#6903,1.);
#4240=VECTOR('',#6914,1.);
#4241=VECTOR('',#6915,1.);
#4242=VECTOR('',#6918,1.);
#4243=VECTOR('',#6919,1.);
#4244=VECTOR('',#6920,1.);
#4245=VECTOR('',#6921,1.);
#4246=VECTOR('',#6924,1.);
#4247=VECTOR('',#6933,1.);
#4248=VECTOR('',#6938,1.);
#4249=VECTOR('',#6945,1.);
#4250=VECTOR('',#6946,1.);
#4251=VECTOR('',#6947,1.);
#4252=VECTOR('',#6950,1.);
#4253=VECTOR('',#6953,1.);
#4254=VECTOR('',#6954,1.);
#4255=VECTOR('',#6957,1.);
#4256=VECTOR('',#6962,1.);
#4257=VECTOR('',#6963,1.);
#4258=VECTOR('',#6966,1.);
#4259=VECTOR('',#6967,1.);
#4260=VECTOR('',#6970,1.);
#4261=VECTOR('',#6973,1.);
#4262=VECTOR('',#6978,1.);
#4263=VECTOR('',#6983,1.);
#4264=VECTOR('',#6986,1.);
#4265=VECTOR('',#6991,1.);
#4266=VECTOR('',#6992,1.);
#4267=VECTOR('',#6993,1.);
#4268=VECTOR('',#6996,1.);
#4269=VECTOR('',#6999,1.);
#4270=VECTOR('',#7000,1.);
#4271=VECTOR('',#7005,1.);
#4272=VECTOR('',#7008,1.);
#4273=VECTOR('',#7009,1.);
#4274=VECTOR('',#7014,1.);
#4275=VECTOR('',#7015,1.);
#4276=VECTOR('',#7020,1.);
#4277=VECTOR('',#7023,1.);
#4278=VECTOR('',#7024,1.);
#4279=VECTOR('',#7025,1.);
#4280=VECTOR('',#7028,1.);
#4281=VECTOR('',#7033,1.);
#4282=VECTOR('',#7034,1.);
#4283=VECTOR('',#7035,1.);
#4284=VECTOR('',#7038,1.);
#4285=VECTOR('',#7041,1.);
#4286=VECTOR('',#7052,1.);
#4287=VECTOR('',#7053,1.);
#4288=VECTOR('',#7056,1.);
#4289=VECTOR('',#7057,1.);
#4290=VECTOR('',#7068,1.);
#4291=VECTOR('',#7069,1.);
#4292=VECTOR('',#7070,1.);
#4293=VECTOR('',#7077,1.);
#4294=VECTOR('',#7078,1.);
#4295=VECTOR('',#7079,1.);
#4296=VECTOR('',#7082,1.);
#4297=VECTOR('',#7085,1.);
#4298=VECTOR('',#7092,1.);
#4299=VECTOR('',#7095,1.);
#4300=VECTOR('',#7096,1.);
#4301=VECTOR('',#7097,1.);
#4302=VECTOR('',#7100,1.);
#4303=VECTOR('',#7101,1.);
#4304=VECTOR('',#7102,1.);
#4305=VECTOR('',#7107,1.);
#4306=VECTOR('',#7110,1.);
#4307=VECTOR('',#7113,1.);
#4308=VECTOR('',#7114,1.);
#4309=VECTOR('',#7119,1.);
#4310=VECTOR('',#7124,1.);
#4311=VECTOR('',#7127,1.);
#4312=VECTOR('',#7128,1.);
#4313=VECTOR('',#7145,1.);
#4314=VECTOR('',#7148,1.);
#4315=VECTOR('',#7149,1.);
#4316=VECTOR('',#7152,1.);
#4317=VECTOR('',#7153,1.);
#4318=VECTOR('',#7158,1.);
#4319=VECTOR('',#7165,1.);
#4320=VECTOR('',#7168,1.);
#4321=VECTOR('',#7169,1.);
#4322=VECTOR('',#7170,1.);
#4323=VECTOR('',#7175,1.);
#4324=VECTOR('',#7180,1.);
#4325=VECTOR('',#7181,1.);
#4326=VECTOR('',#7182,1.);
#4327=VECTOR('',#7187,1.);
#4328=VECTOR('',#7192,1.);
#4329=VECTOR('',#7203,1.);
#4330=VECTOR('',#7204,1.);
#4331=VECTOR('',#7205,1.);
#4332=VECTOR('',#7216,1.);
#4333=VECTOR('',#7217,1.);
#4334=VECTOR('',#7220,1.);
#4335=VECTOR('',#7221,1.);
#4336=VECTOR('',#7226,1.);
#4337=VECTOR('',#7231,1.);
#4338=VECTOR('',#7234,1.);
#4339=VECTOR('',#7249,1.);
#4340=VECTOR('',#7252,1.);
#4341=VECTOR('',#7253,1.);
#4342=VECTOR('',#7260,1.);
#4343=VECTOR('',#7263,1.);
#4344=VECTOR('',#7264,1.);
#4345=VECTOR('',#7267,1.);
#4346=VECTOR('',#7272,1.);
#4347=VECTOR('',#7273,1.);
#4348=VECTOR('',#7276,1.);
#4349=VECTOR('',#7277,1.);
#4350=VECTOR('',#7282,1.);
#4351=VECTOR('',#7287,1.);
#4352=VECTOR('',#7290,1.);
#4353=VECTOR('',#7301,1.);
#4354=VECTOR('',#7304,1.);
#4355=VECTOR('',#7311,1.);
#4356=VECTOR('',#7314,1.);
#4357=VECTOR('',#7315,1.);
#4358=VECTOR('',#7318,1.);
#4359=VECTOR('',#7323,1.);
#4360=VECTOR('',#7324,1.);
#4361=VECTOR('',#7327,1.);
#4362=VECTOR('',#7328,1.);
#4363=VECTOR('',#7333,1.);
#4364=VECTOR('',#7338,1.);
#4365=VECTOR('',#7341,1.);
#4366=VECTOR('',#7354,1.);
#4367=VECTOR('',#7357,1.);
#4368=VECTOR('',#7358,1.);
#4369=VECTOR('',#7365,1.);
#4370=VECTOR('',#7368,1.);
#4371=VECTOR('',#7369,1.);
#4372=VECTOR('',#7372,1.);
#4373=VECTOR('',#7399,1.);
#4374=VECTOR('',#7400,1.);
#4375=VECTOR('',#7401,1.);
#4376=VECTOR('',#7410,1.);
#4377=VECTOR('',#7421,1.);
#4378=VECTOR('',#7426,1.);
#4379=VECTOR('',#7427,1.);
#4380=VECTOR('',#7430,1.);
#4381=VECTOR('',#7431,1.);
#4382=VECTOR('',#7432,1.);
#4383=VECTOR('',#7435,1.);
#4384=VECTOR('',#7436,1.);
#4385=VECTOR('',#7439,1.);
#4386=VECTOR('',#7442,1.);
#4387=VECTOR('',#7447,1.);
#4388=VECTOR('',#7450,1.);
#4389=VECTOR('',#7451,1.);
#4390=VECTOR('',#7454,1.);
#4391=VECTOR('',#7477,1.);
#4392=VECTOR('',#7478,1.);
#4393=VECTOR('',#7481,1.);
#4394=VECTOR('',#7484,1.);
#4395=VECTOR('',#7485,1.);
#4396=VECTOR('',#7494,1.);
#4397=VECTOR('',#7495,1.);
#4398=VECTOR('',#7496,1.);
#4399=VECTOR('',#7499,1.);
#4400=VECTOR('',#7504,1.);
#4401=VECTOR('',#7507,1.);
#4402=VECTOR('',#7508,1.);
#4403=VECTOR('',#7509,1.);
#4404=VECTOR('',#7514,1.);
#4405=VECTOR('',#7517,1.);
#4406=VECTOR('',#7524,1.);
#4407=VECTOR('',#7525,1.);
#4408=VECTOR('',#7528,1.);
#4409=VECTOR('',#7529,1.);
#4410=VECTOR('',#7536,1.);
#4411=VECTOR('',#7537,1.);
#4412=VECTOR('',#7538,1.);
#4413=VECTOR('',#7539,1.);
#4414=VECTOR('',#7542,1.);
#4415=VECTOR('',#7543,1.);
#4416=VECTOR('',#7544,1.);
#4417=VECTOR('',#7545,1.);
#4418=VECTOR('',#7548,1.);
#4419=VECTOR('',#7549,1.);
#4420=VECTOR('',#7550,1.);
#4421=VECTOR('',#7551,1.);
#4422=VECTOR('',#7556,1.);
#4423=VECTOR('',#7559,1.);
#4424=VECTOR('',#7562,1.);
#4425=VECTOR('',#7569,1.);
#4426=VECTOR('',#7570,1.);
#4427=VECTOR('',#7573,1.);
#4428=VECTOR('',#7574,1.);
#4429=VECTOR('',#7577,1.);
#4430=VECTOR('',#7578,1.);
#4431=VECTOR('',#7593,1.);
#4432=VECTOR('',#7598,1.);
#4433=VECTOR('',#7599,1.);
#4434=VECTOR('',#7602,1.);
#4435=VECTOR('',#7605,1.);
#4436=VECTOR('',#7606,1.);
#4437=VECTOR('',#7609,1.);
#4438=VECTOR('',#7610,1.);
#4439=VECTOR('',#7613,1.);
#4440=VECTOR('',#7614,1.);
#4441=VECTOR('',#7625,1.);
#4442=VECTOR('',#7630,1.);
#4443=VECTOR('',#7631,1.);
#4444=VECTOR('',#7634,1.);
#4445=VECTOR('',#7637,1.);
#4446=VECTOR('',#7638,1.);
#4447=VECTOR('',#7641,1.);
#4448=VECTOR('',#7642,1.);
#4449=VECTOR('',#7645,1.);
#4450=VECTOR('',#7646,1.);
#4451=VECTOR('',#7661,1.);
#4452=VECTOR('',#7666,1.);
#4453=VECTOR('',#7667,1.);
#4454=VECTOR('',#7670,1.);
#4455=VECTOR('',#7673,1.);
#4456=VECTOR('',#7674,1.);
#4457=VECTOR('',#7677,1.);
#4458=VECTOR('',#7678,1.);
#4459=VECTOR('',#7689,1.);
#4460=VECTOR('',#7690,1.);
#4461=VECTOR('',#7693,1.);
#4462=VECTOR('',#7694,1.);
#4463=VECTOR('',#7697,1.);
#4464=VECTOR('',#7698,1.);
#4465=VECTOR('',#7699,1.);
#4466=VECTOR('',#7702,1.);
#4467=VECTOR('',#7705,1.);
#4468=VECTOR('',#7708,1.);
#4469=VECTOR('',#7709,1.);
#4470=VECTOR('',#7728,1.);
#4471=VECTOR('',#7729,1.);
#4472=VECTOR('',#7732,1.);
#4473=VECTOR('',#7735,1.);
#4474=VECTOR('',#7736,1.);
#4475=VECTOR('',#7739,1.);
#4476=VECTOR('',#7740,1.);
#4477=VECTOR('',#7743,1.);
#4478=VECTOR('',#7748,1.);
#4479=VECTOR('',#7749,1.);
#4480=VECTOR('',#7752,1.);
#4481=VECTOR('',#7753,1.);
#4482=VECTOR('',#7756,1.);
#4483=VECTOR('',#7761,1.);
#4484=VECTOR('',#7762,1.);
#4485=VECTOR('',#7763,1.);
#4486=VECTOR('',#7764,1.);
#4487=VECTOR('',#7765,1.);
#4488=VECTOR('',#7766,1.);
#4489=VECTOR('',#7803,1.);
#4490=VECTOR('',#7806,1.);
#4491=VECTOR('',#7809,1.);
#4492=VECTOR('',#7812,1.);
#4493=VECTOR('',#7815,1.);
#4494=VECTOR('',#7816,1.);
#4495=VECTOR('',#7817,1.);
#4496=VECTOR('',#7822,1.);
#4497=VECTOR('',#7823,1.);
#4498=VECTOR('',#7824,1.);
#4499=VECTOR('',#7829,1.);
#4500=VECTOR('',#7830,1.);
#4501=VECTOR('',#7831,1.);
#4502=VECTOR('',#7844,1.);
#4503=VECTOR('',#7845,1.);
#4504=VECTOR('',#7846,1.);
#4505=VECTOR('',#7847,1.);
#4506=VECTOR('',#7848,1.);
#4507=VECTOR('',#7849,1.);
#4508=VECTOR('',#7852,1.);
#4509=VECTOR('',#7853,1.);
#4510=VECTOR('',#7854,1.);
#4511=VECTOR('',#7857,1.);
#4512=VECTOR('',#7858,1.);
#4513=VECTOR('',#7861,1.);
#4514=VECTOR('',#7862,1.);
#4515=VECTOR('',#7865,1.);
#4516=VECTOR('',#7866,1.);
#4517=VECTOR('',#7869,1.);
#4518=VECTOR('',#7870,1.);
#4519=VECTOR('',#7873,1.);
#4520=VECTOR('',#7890,1.);
#4521=VECTOR('',#7891,1.);
#4522=VECTOR('',#7892,1.);
#4523=VECTOR('',#7893,1.);
#4524=VECTOR('',#7894,1.);
#4525=VECTOR('',#7895,1.);
#4526=VECTOR('',#7898,1.);
#4527=VECTOR('',#7899,1.);
#4528=VECTOR('',#7900,1.);
#4529=VECTOR('',#7903,1.);
#4530=VECTOR('',#7904,1.);
#4531=VECTOR('',#7907,1.);
#4532=VECTOR('',#7908,1.);
#4533=VECTOR('',#7911,1.);
#4534=VECTOR('',#7912,1.);
#4535=VECTOR('',#7915,1.);
#4536=VECTOR('',#7916,1.);
#4537=VECTOR('',#7919,1.);
#4538=VECTOR('',#7936,1.);
#4539=VECTOR('',#7937,1.);
#4540=VECTOR('',#7938,1.);
#4541=VECTOR('',#7939,1.);
#4542=VECTOR('',#7940,1.);
#4543=VECTOR('',#7941,1.);
#4544=VECTOR('',#7944,1.);
#4545=VECTOR('',#7945,1.);
#4546=VECTOR('',#7946,1.);
#4547=VECTOR('',#7949,1.);
#4548=VECTOR('',#7950,1.);
#4549=VECTOR('',#7953,1.);
#4550=VECTOR('',#7954,1.);
#4551=VECTOR('',#7957,1.);
#4552=VECTOR('',#7958,1.);
#4553=VECTOR('',#7961,1.);
#4554=VECTOR('',#7962,1.);
#4555=VECTOR('',#7965,1.);
#4556=VECTOR('',#7974,1.);
#4557=VECTOR('',#7975,1.);
#4558=VECTOR('',#7982,1.);
#4559=VECTOR('',#7983,1.);
#4560=VECTOR('',#7990,1.);
#4561=VECTOR('',#7991,1.);
#4562=VECTOR('',#7998,1.);
#4563=VECTOR('',#8001,1.);
#4564=VECTOR('',#8004,1.);
#4565=EDGE_LOOP('',(#450,#451,#452,#453,#454,#455,#456,#457,#458,#459,#460,
#461,#462,#463,#464,#465));
#4566=EDGE_LOOP('',(#466,#467,#468,#469,#470,#471,#472,#473,#474,#475,#476,
#477,#478,#479,#480,#481));
#4567=EDGE_LOOP('',(#482,#483,#484,#485,#486,#487,#488,#489,#490,#491,#492,
#493,#494,#495,#496,#497));
#4568=EDGE_LOOP('',(#498));
#4569=EDGE_LOOP('',(#499));
#4570=EDGE_LOOP('',(#500));
#4571=EDGE_LOOP('',(#501));
#4572=EDGE_LOOP('',(#502));
#4573=EDGE_LOOP('',(#503));
#4574=EDGE_LOOP('',(#504,#505,#506,#507,#508,#509));
#4575=EDGE_LOOP('',(#510,#511,#512,#513,#514,#515,#516,#517,#518,#519,#520,
#521,#522,#523,#524,#525));
#4576=EDGE_LOOP('',(#526,#527,#528,#529,#530,#531,#532,#533,#534,#535,#536,
#537,#538,#539,#540,#541));
#4577=EDGE_LOOP('',(#542,#543,#544,#545,#546,#547,#548,#549,#550,#551,#552,
#553,#554,#555,#556,#557));
#4578=EDGE_LOOP('',(#558,#559,#560,#561,#562,#563));
#4579=EDGE_LOOP('',(#564,#565,#566,#567,#568,#569,#570,#571));
#4580=EDGE_LOOP('',(#572,#573,#574));
#4581=EDGE_LOOP('',(#575,#576,#577,#578,#579,#580,#581,#582,#583,#584,#585,
#586,#587,#588,#589,#590,#591,#592,#593,#594,#595,#596,#597,#598,#599,#600,
#601,#602,#603,#604,#605,#606,#607,#608,#609,#610));
#4582=EDGE_LOOP('',(#611,#612,#613,#614,#615,#616,#617,#618,#619,#620,#621,
#622,#623,#624,#625,#626,#627,#628,#629,#630,#631,#632,#633,#634,#635,#636,
#637,#638,#639,#640,#641,#642,#643,#644,#645,#646));
#4583=EDGE_LOOP('',(#647,#648,#649,#650));
#4584=EDGE_LOOP('',(#651,#652,#653,#654));
#4585=EDGE_LOOP('',(#655,#656,#657,#658));
#4586=EDGE_LOOP('',(#659));
#4587=EDGE_LOOP('',(#660));
#4588=EDGE_LOOP('',(#661,#662,#663,#664));
#4589=EDGE_LOOP('',(#665,#666,#667,#668));
#4590=EDGE_LOOP('',(#669,#670,#671,#672));
#4591=EDGE_LOOP('',(#673,#674,#675,#676));
#4592=EDGE_LOOP('',(#677,#678,#679,#680));
#4593=EDGE_LOOP('',(#681,#682,#683,#684));
#4594=EDGE_LOOP('',(#685));
#4595=EDGE_LOOP('',(#686,#687,#688,#689,#690,#691));
#4596=EDGE_LOOP('',(#692));
#4597=EDGE_LOOP('',(#693,#694,#695,#696,#697,#698));
#4598=EDGE_LOOP('',(#699));
#4599=EDGE_LOOP('',(#700));
#4600=EDGE_LOOP('',(#701));
#4601=EDGE_LOOP('',(#702,#703,#704,#705,#706));
#4602=EDGE_LOOP('',(#707));
#4603=EDGE_LOOP('',(#708,#709,#710));
#4604=EDGE_LOOP('',(#711));
#4605=EDGE_LOOP('',(#712));
#4606=EDGE_LOOP('',(#713,#714,#715));
#4607=EDGE_LOOP('',(#716,#717,#718,#719));
#4608=EDGE_LOOP('',(#720,#721,#722,#723,#724));
#4609=EDGE_LOOP('',(#725,#726,#727,#728,#729,#730));
#4610=EDGE_LOOP('',(#731,#732,#733,#734,#735));
#4611=EDGE_LOOP('',(#736,#737,#738,#739));
#4612=EDGE_LOOP('',(#740,#741,#742,#743,#744,#745));
#4613=EDGE_LOOP('',(#746,#747,#748));
#4614=EDGE_LOOP('',(#749));
#4615=EDGE_LOOP('',(#750,#751,#752,#753));
#4616=EDGE_LOOP('',(#754,#755,#756,#757));
#4617=EDGE_LOOP('',(#758,#759,#760,#761));
#4618=EDGE_LOOP('',(#762,#763,#764,#765));
#4619=EDGE_LOOP('',(#766,#767,#768,#769));
#4620=EDGE_LOOP('',(#770,#771,#772,#773));
#4621=EDGE_LOOP('',(#774,#775,#776,#777));
#4622=EDGE_LOOP('',(#778,#779,#780,#781));
#4623=EDGE_LOOP('',(#782,#783,#784));
#4624=EDGE_LOOP('',(#785,#786,#787));
#4625=EDGE_LOOP('',(#788));
#4626=EDGE_LOOP('',(#789));
#4627=EDGE_LOOP('',(#790,#791));
#4628=EDGE_LOOP('',(#792,#793,#794));
#4629=EDGE_LOOP('',(#795,#796));
#4630=EDGE_LOOP('',(#797));
#4631=EDGE_LOOP('',(#798,#799,#800));
#4632=EDGE_LOOP('',(#801,#802,#803,#804));
#4633=EDGE_LOOP('',(#805,#806,#807));
#4634=EDGE_LOOP('',(#808,#809,#810,#811));
#4635=EDGE_LOOP('',(#812));
#4636=EDGE_LOOP('',(#813,#814));
#4637=EDGE_LOOP('',(#815,#816,#817,#818,#819,#820,#821,#822,#823));
#4638=EDGE_LOOP('',(#824,#825,#826,#827));
#4639=EDGE_LOOP('',(#828,#829,#830,#831));
#4640=EDGE_LOOP('',(#832));
#4641=EDGE_LOOP('',(#833,#834));
#4642=EDGE_LOOP('',(#835,#836,#837,#838,#839,#840));
#4643=EDGE_LOOP('',(#841,#842,#843,#844,#845,#846,#847,#848,#849));
#4644=EDGE_LOOP('',(#850,#851,#852,#853,#854,#855,#856,#857,#858,#859,#860,
#861));
#4645=EDGE_LOOP('',(#862,#863,#864,#865));
#4646=EDGE_LOOP('',(#866));
#4647=EDGE_LOOP('',(#867));
#4648=EDGE_LOOP('',(#868,#869,#870,#871));
#4649=EDGE_LOOP('',(#872,#873,#874,#875,#876,#877));
#4650=EDGE_LOOP('',(#878,#879,#880,#881,#882,#883,#884,#885,#886));
#4651=EDGE_LOOP('',(#887,#888,#889,#890));
#4652=EDGE_LOOP('',(#891,#892,#893,#894,#895));
#4653=EDGE_LOOP('',(#896,#897,#898,#899));
#4654=EDGE_LOOP('',(#900,#901,#902,#903));
#4655=EDGE_LOOP('',(#904,#905,#906));
#4656=EDGE_LOOP('',(#907,#908,#909,#910,#911));
#4657=EDGE_LOOP('',(#912,#913,#914,#915,#916,#917));
#4658=EDGE_LOOP('',(#918,#919,#920,#921,#922,#923));
#4659=EDGE_LOOP('',(#924,#925,#926,#927,#928));
#4660=EDGE_LOOP('',(#929,#930,#931,#932,#933));
#4661=EDGE_LOOP('',(#934,#935,#936));
#4662=EDGE_LOOP('',(#937,#938,#939,#940,#941,#942));
#4663=EDGE_LOOP('',(#943,#944,#945,#946,#947,#948,#949,#950));
#4664=EDGE_LOOP('',(#951,#952,#953,#954,#955,#956));
#4665=EDGE_LOOP('',(#957,#958,#959));
#4666=EDGE_LOOP('',(#960,#961,#962,#963));
#4667=EDGE_LOOP('',(#964,#965,#966,#967));
#4668=EDGE_LOOP('',(#968,#969,#970,#971));
#4669=EDGE_LOOP('',(#972,#973,#974,#975,#976,#977));
#4670=EDGE_LOOP('',(#978));
#4671=EDGE_LOOP('',(#979,#980));
#4672=EDGE_LOOP('',(#981,#982,#983,#984,#985,#986));
#4673=EDGE_LOOP('',(#987,#988,#989,#990,#991,#992));
#4674=EDGE_LOOP('',(#993,#994,#995,#996,#997,#998));
#4675=EDGE_LOOP('',(#999,#1000,#1001));
#4676=EDGE_LOOP('',(#1002,#1003,#1004));
#4677=EDGE_LOOP('',(#1005,#1006,#1007,#1008,#1009,#1010,#1011,#1012,#1013,
#1014,#1015));
#4678=EDGE_LOOP('',(#1016,#1017,#1018,#1019,#1020,#1021,#1022));
#4679=EDGE_LOOP('',(#1023,#1024,#1025,#1026,#1027));
#4680=EDGE_LOOP('',(#1028,#1029,#1030,#1031,#1032,#1033,#1034));
#4681=EDGE_LOOP('',(#1035,#1036,#1037,#1038,#1039,#1040));
#4682=EDGE_LOOP('',(#1041,#1042,#1043,#1044));
#4683=EDGE_LOOP('',(#1045,#1046,#1047));
#4684=EDGE_LOOP('',(#1048));
#4685=EDGE_LOOP('',(#1049,#1050));
#4686=EDGE_LOOP('',(#1051,#1052,#1053,#1054));
#4687=EDGE_LOOP('',(#1055,#1056,#1057,#1058,#1059,#1060));
#4688=EDGE_LOOP('',(#1061,#1062,#1063,#1064,#1065,#1066,#1067));
#4689=EDGE_LOOP('',(#1068,#1069,#1070,#1071));
#4690=EDGE_LOOP('',(#1072,#1073,#1074,#1075));
#4691=EDGE_LOOP('',(#1076,#1077,#1078,#1079));
#4692=EDGE_LOOP('',(#1080,#1081,#1082,#1083));
#4693=EDGE_LOOP('',(#1084,#1085,#1086,#1087));
#4694=EDGE_LOOP('',(#1088,#1089,#1090,#1091));
#4695=EDGE_LOOP('',(#1092,#1093,#1094,#1095,#1096,#1097,#1098,#1099,#1100,
#1101));
#4696=EDGE_LOOP('',(#1102));
#4697=EDGE_LOOP('',(#1103,#1104,#1105,#1106));
#4698=EDGE_LOOP('',(#1107,#1108,#1109));
#4699=EDGE_LOOP('',(#1110,#1111,#1112));
#4700=EDGE_LOOP('',(#1113,#1114,#1115,#1116));
#4701=EDGE_LOOP('',(#1117,#1118,#1119,#1120,#1121,#1122,#1123,#1124));
#4702=EDGE_LOOP('',(#1125,#1126,#1127));
#4703=EDGE_LOOP('',(#1128,#1129,#1130,#1131));
#4704=EDGE_LOOP('',(#1132,#1133));
#4705=EDGE_LOOP('',(#1134,#1135,#1136,#1137));
#4706=EDGE_LOOP('',(#1138,#1139,#1140,#1141,#1142,#1143,#1144,#1145,#1146,
#1147,#1148));
#4707=EDGE_LOOP('',(#1149,#1150,#1151,#1152));
#4708=EDGE_LOOP('',(#1153,#1154,#1155));
#4709=EDGE_LOOP('',(#1156,#1157,#1158,#1159,#1160,#1161,#1162,#1163,#1164,
#1165,#1166));
#4710=EDGE_LOOP('',(#1167,#1168,#1169,#1170));
#4711=EDGE_LOOP('',(#1171,#1172,#1173));
#4712=EDGE_LOOP('',(#1174,#1175,#1176,#1177,#1178,#1179));
#4713=EDGE_LOOP('',(#1180,#1181,#1182));
#4714=EDGE_LOOP('',(#1183,#1184,#1185,#1186));
#4715=EDGE_LOOP('',(#1187,#1188,#1189,#1190,#1191,#1192,#1193,#1194,#1195,
#1196,#1197));
#4716=EDGE_LOOP('',(#1198,#1199,#1200));
#4717=EDGE_LOOP('',(#1201,#1202,#1203,#1204));
#4718=EDGE_LOOP('',(#1205,#1206));
#4719=EDGE_LOOP('',(#1207,#1208,#1209,#1210));
#4720=EDGE_LOOP('',(#1211,#1212,#1213,#1214,#1215,#1216,#1217,#1218));
#4721=EDGE_LOOP('',(#1219,#1220,#1221,#1222,#1223));
#4722=EDGE_LOOP('',(#1224,#1225,#1226,#1227,#1228));
#4723=EDGE_LOOP('',(#1229,#1230));
#4724=EDGE_LOOP('',(#1231,#1232,#1233,#1234,#1235,#1236,#1237));
#4725=EDGE_LOOP('',(#1238,#1239,#1240,#1241));
#4726=EDGE_LOOP('',(#1242,#1243,#1244));
#4727=EDGE_LOOP('',(#1245,#1246,#1247,#1248,#1249,#1250));
#4728=EDGE_LOOP('',(#1251,#1252,#1253));
#4729=EDGE_LOOP('',(#1254,#1255,#1256,#1257));
#4730=EDGE_LOOP('',(#1258,#1259,#1260,#1261,#1262,#1263,#1264,#1265));
#4731=EDGE_LOOP('',(#1266,#1267,#1268));
#4732=EDGE_LOOP('',(#1269,#1270,#1271,#1272));
#4733=EDGE_LOOP('',(#1273,#1274));
#4734=EDGE_LOOP('',(#1275,#1276,#1277,#1278));
#4735=EDGE_LOOP('',(#1279,#1280,#1281,#1282,#1283,#1284,#1285,#1286,#1287,
#1288,#1289));
#4736=EDGE_LOOP('',(#1290,#1291,#1292,#1293,#1294,#1295));
#4737=EDGE_LOOP('',(#1296,#1297,#1298));
#4738=EDGE_LOOP('',(#1299,#1300,#1301,#1302,#1303,#1304,#1305,#1306,#1307,
#1308,#1309,#1310,#1311));
#4739=EDGE_LOOP('',(#1312,#1313,#1314,#1315));
#4740=EDGE_LOOP('',(#1316,#1317,#1318));
#4741=EDGE_LOOP('',(#1319,#1320,#1321,#1322,#1323,#1324));
#4742=EDGE_LOOP('',(#1325));
#4743=EDGE_LOOP('',(#1326));
#4744=EDGE_LOOP('',(#1327));
#4745=EDGE_LOOP('',(#1328));
#4746=EDGE_LOOP('',(#1329));
#4747=EDGE_LOOP('',(#1330,#1331,#1332,#1333));
#4748=EDGE_LOOP('',(#1334,#1335,#1336));
#4749=EDGE_LOOP('',(#1337));
#4750=EDGE_LOOP('',(#1338,#1339));
#4751=EDGE_LOOP('',(#1340));
#4752=EDGE_LOOP('',(#1341));
#4753=EDGE_LOOP('',(#1342));
#4754=EDGE_LOOP('',(#1343,#1344));
#4755=EDGE_LOOP('',(#1345,#1346));
#4756=EDGE_LOOP('',(#1347,#1348,#1349,#1350));
#4757=EDGE_LOOP('',(#1351,#1352,#1353,#1354));
#4758=EDGE_LOOP('',(#1355,#1356,#1357,#1358));
#4759=EDGE_LOOP('',(#1359,#1360,#1361,#1362));
#4760=EDGE_LOOP('',(#1363,#1364,#1365,#1366,#1367,#1368));
#4761=EDGE_LOOP('',(#1369,#1370,#1371,#1372,#1373,#1374,#1375));
#4762=EDGE_LOOP('',(#1376,#1377,#1378,#1379));
#4763=EDGE_LOOP('',(#1380,#1381,#1382,#1383));
#4764=EDGE_LOOP('',(#1384,#1385,#1386,#1387,#1388,#1389,#1390,#1391,#1392,
#1393,#1394,#1395,#1396,#1397,#1398,#1399,#1400,#1401,#1402,#1403,#1404,
#1405));
#4765=EDGE_LOOP('',(#1406,#1407,#1408,#1409,#1410));
#4766=EDGE_LOOP('',(#1411,#1412,#1413,#1414,#1415,#1416,#1417));
#4767=EDGE_LOOP('',(#1418));
#4768=EDGE_LOOP('',(#1419,#1420,#1421,#1422));
#4769=EDGE_LOOP('',(#1423,#1424,#1425,#1426));
#4770=EDGE_LOOP('',(#1427));
#4771=EDGE_LOOP('',(#1428));
#4772=EDGE_LOOP('',(#1429));
#4773=EDGE_LOOP('',(#1430,#1431,#1432,#1433,#1434,#1435,#1436));
#4774=EDGE_LOOP('',(#1437,#1438,#1439,#1440,#1441));
#4775=EDGE_LOOP('',(#1442,#1443,#1444,#1445,#1446,#1447,#1448,#1449,#1450,
#1451,#1452,#1453,#1454,#1455));
#4776=EDGE_LOOP('',(#1456,#1457,#1458,#1459,#1460,#1461,#1462,#1463,#1464,
#1465,#1466));
#4777=EDGE_LOOP('',(#1467,#1468,#1469,#1470,#1471,#1472,#1473,#1474,#1475));
#4778=EDGE_LOOP('',(#1476,#1477,#1478,#1479));
#4779=EDGE_LOOP('',(#1480,#1481,#1482,#1483));
#4780=EDGE_LOOP('',(#1484,#1485,#1486,#1487));
#4781=EDGE_LOOP('',(#1488,#1489));
#4782=EDGE_LOOP('',(#1490,#1491));
#4783=EDGE_LOOP('',(#1492,#1493,#1494,#1495,#1496,#1497,#1498,#1499,#1500,
#1501,#1502,#1503,#1504,#1505,#1506,#1507,#1508,#1509,#1510,#1511,#1512,
#1513,#1514,#1515,#1516,#1517,#1518,#1519,#1520,#1521,#1522,#1523,#1524,
#1525));
#4784=EDGE_LOOP('',(#1526,#1527));
#4785=EDGE_LOOP('',(#1528,#1529,#1530,#1531));
#4786=EDGE_LOOP('',(#1532,#1533,#1534,#1535));
#4787=EDGE_LOOP('',(#1536));
#4788=EDGE_LOOP('',(#1537,#1538,#1539,#1540,#1541,#1542,#1543,#1544,#1545,
#1546,#1547,#1548,#1549,#1550,#1551,#1552));
#4789=EDGE_LOOP('',(#1553,#1554,#1555,#1556));
#4790=EDGE_LOOP('',(#1557,#1558,#1559,#1560));
#4791=EDGE_LOOP('',(#1561,#1562,#1563,#1564));
#4792=EDGE_LOOP('',(#1565,#1566,#1567,#1568));
#4793=EDGE_LOOP('',(#1569,#1570,#1571,#1572,#1573));
#4794=EDGE_LOOP('',(#1574,#1575,#1576));
#4795=EDGE_LOOP('',(#1577,#1578));
#4796=EDGE_LOOP('',(#1579,#1580,#1581,#1582));
#4797=EDGE_LOOP('',(#1583,#1584,#1585,#1586,#1587));
#4798=EDGE_LOOP('',(#1588,#1589,#1590,#1591));
#4799=EDGE_LOOP('',(#1592,#1593,#1594));
#4800=EDGE_LOOP('',(#1595,#1596));
#4801=EDGE_LOOP('',(#1597,#1598,#1599,#1600));
#4802=EDGE_LOOP('',(#1601,#1602,#1603));
#4803=EDGE_LOOP('',(#1604,#1605,#1606,#1607));
#4804=EDGE_LOOP('',(#1608,#1609,#1610,#1611,#1612));
#4805=EDGE_LOOP('',(#1613,#1614,#1615,#1616));
#4806=EDGE_LOOP('',(#1617,#1618,#1619,#1620,#1621));
#4807=EDGE_LOOP('',(#1622,#1623,#1624,#1625));
#4808=EDGE_LOOP('',(#1626,#1627,#1628));
#4809=EDGE_LOOP('',(#1629,#1630));
#4810=EDGE_LOOP('',(#1631,#1632,#1633));
#4811=EDGE_LOOP('',(#1634,#1635,#1636,#1637));
#4812=EDGE_LOOP('',(#1638,#1639,#1640,#1641,#1642));
#4813=EDGE_LOOP('',(#1643,#1644,#1645,#1646));
#4814=EDGE_LOOP('',(#1647,#1648,#1649,#1650,#1651));
#4815=EDGE_LOOP('',(#1652,#1653,#1654,#1655));
#4816=EDGE_LOOP('',(#1656,#1657,#1658));
#4817=EDGE_LOOP('',(#1659,#1660));
#4818=EDGE_LOOP('',(#1661,#1662,#1663,#1664));
#4819=EDGE_LOOP('',(#1665,#1666,#1667));
#4820=EDGE_LOOP('',(#1668,#1669,#1670,#1671));
#4821=EDGE_LOOP('',(#1672,#1673,#1674,#1675,#1676));
#4822=EDGE_LOOP('',(#1677,#1678,#1679,#1680));
#4823=EDGE_LOOP('',(#1681,#1682,#1683,#1684));
#4824=EDGE_LOOP('',(#1685,#1686,#1687,#1688));
#4825=EDGE_LOOP('',(#1689,#1690,#1691,#1692));
#4826=EDGE_LOOP('',(#1693,#1694,#1695,#1696));
#4827=EDGE_LOOP('',(#1697,#1698,#1699,#1700,#1701,#1702,#1703,#1704,#1705,
#1706,#1707,#1708,#1709,#1710,#1711,#1712));
#4828=EDGE_LOOP('',(#1713,#1714,#1715,#1716));
#4829=EDGE_LOOP('',(#1717,#1718,#1719,#1720));
#4830=EDGE_LOOP('',(#1721,#1722,#1723,#1724,#1725,#1726,#1727,#1728,#1729,
#1730,#1731,#1732,#1733));
#4831=EDGE_LOOP('',(#1734,#1735,#1736,#1737));
#4832=EDGE_LOOP('',(#1738,#1739,#1740,#1741));
#4833=EDGE_LOOP('',(#1742,#1743,#1744,#1745));
#4834=EDGE_LOOP('',(#1746,#1747,#1748,#1749));
#4835=EDGE_LOOP('',(#1750));
#4836=EDGE_LOOP('',(#1751,#1752,#1753,#1754,#1755));
#4837=EDGE_LOOP('',(#1756,#1757,#1758,#1759,#1760,#1761,#1762,#1763));
#4838=EDGE_LOOP('',(#1764,#1765,#1766,#1767,#1768,#1769,#1770,#1771));
#4839=EDGE_LOOP('',(#1772,#1773,#1774));
#4840=EDGE_LOOP('',(#1775,#1776,#1777,#1778,#1779,#1780,#1781,#1782,#1783,
#1784,#1785,#1786,#1787,#1788));
#4841=EDGE_LOOP('',(#1789,#1790,#1791,#1792,#1793,#1794,#1795,#1796));
#4842=EDGE_LOOP('',(#1797,#1798,#1799,#1800));
#4843=EDGE_LOOP('',(#1801,#1802,#1803,#1804,#1805,#1806,#1807,#1808,#1809,
#1810,#1811,#1812,#1813,#1814));
#4844=EDGE_LOOP('',(#1815,#1816,#1817,#1818,#1819,#1820,#1821,#1822,#1823,
#1824,#1825,#1826,#1827,#1828));
#4845=EDGE_LOOP('',(#1829,#1830,#1831,#1832,#1833,#1834,#1835,#1836));
#4846=EDGE_LOOP('',(#1837,#1838,#1839,#1840));
#4847=EDGE_LOOP('',(#1841,#1842,#1843,#1844,#1845,#1846,#1847,#1848,#1849,
#1850,#1851,#1852,#1853,#1854));
#4848=EDGE_LOOP('',(#1855,#1856,#1857,#1858,#1859,#1860,#1861,#1862));
#4849=EDGE_LOOP('',(#1863,#1864,#1865,#1866,#1867,#1868,#1869,#1870));
#4850=EDGE_LOOP('',(#1871,#1872,#1873,#1874,#1875));
#4851=EDGE_LOOP('',(#1876,#1877,#1878,#1879));
#4852=EDGE_LOOP('',(#1880,#1881,#1882,#1883));
#4853=EDGE_LOOP('',(#1884,#1885,#1886,#1887));
#4854=EDGE_LOOP('',(#1888,#1889,#1890,#1891,#1892));
#4855=EDGE_LOOP('',(#1893,#1894,#1895,#1896,#1897));
#4856=EDGE_LOOP('',(#1898,#1899,#1900,#1901));
#4857=EDGE_LOOP('',(#1902,#1903,#1904,#1905));
#4858=EDGE_LOOP('',(#1906,#1907,#1908,#1909));
#4859=EDGE_LOOP('',(#1910,#1911,#1912,#1913));
#4860=EDGE_LOOP('',(#1914,#1915,#1916,#1917));
#4861=EDGE_LOOP('',(#1918,#1919,#1920,#1921));
#4862=EDGE_LOOP('',(#1922));
#4863=EDGE_LOOP('',(#1923,#1924,#1925,#1926));
#4864=EDGE_LOOP('',(#1927));
#4865=EDGE_LOOP('',(#1928,#1929,#1930,#1931,#1932));
#4866=EDGE_LOOP('',(#1933));
#4867=EDGE_LOOP('',(#1934));
#4868=EDGE_LOOP('',(#1935));
#4869=EDGE_LOOP('',(#1936));
#4870=EDGE_LOOP('',(#1937));
#4871=EDGE_LOOP('',(#1938,#1939,#1940,#1941,#1942,#1943));
#4872=EDGE_LOOP('',(#1944,#1945,#1946,#1947));
#4873=EDGE_LOOP('',(#1948,#1949,#1950,#1951));
#4874=EDGE_LOOP('',(#1952,#1953,#1954,#1955));
#4875=EDGE_LOOP('',(#1956,#1957,#1958,#1959));
#4876=EDGE_LOOP('',(#1960,#1961,#1962,#1963));
#4877=EDGE_LOOP('',(#1964,#1965,#1966,#1967));
#4878=EDGE_LOOP('',(#1968));
#4879=EDGE_LOOP('',(#1969,#1970,#1971,#1972,#1973,#1974));
#4880=EDGE_LOOP('',(#1975));
#4881=EDGE_LOOP('',(#1976));
#4882=EDGE_LOOP('',(#1977));
#4883=EDGE_LOOP('',(#1978));
#4884=EDGE_LOOP('',(#1979));
#4885=EDGE_LOOP('',(#1980));
#4886=EDGE_LOOP('',(#1981,#1982,#1983,#1984,#1985,#1986));
#4887=EDGE_LOOP('',(#1987,#1988,#1989,#1990));
#4888=EDGE_LOOP('',(#1991,#1992,#1993,#1994));
#4889=EDGE_LOOP('',(#1995,#1996,#1997,#1998));
#4890=EDGE_LOOP('',(#1999,#2000,#2001,#2002));
#4891=EDGE_LOOP('',(#2003,#2004,#2005,#2006));
#4892=EDGE_LOOP('',(#2007,#2008,#2009,#2010));
#4893=EDGE_LOOP('',(#2011));
#4894=EDGE_LOOP('',(#2012,#2013,#2014,#2015,#2016,#2017));
#4895=EDGE_LOOP('',(#2018));
#4896=EDGE_LOOP('',(#2019));
#4897=EDGE_LOOP('',(#2020));
#4898=EDGE_LOOP('',(#2021));
#4899=EDGE_LOOP('',(#2022));
#4900=EDGE_LOOP('',(#2023));
#4901=EDGE_LOOP('',(#2024,#2025,#2026,#2027,#2028,#2029));
#4902=EDGE_LOOP('',(#2030,#2031,#2032,#2033));
#4903=EDGE_LOOP('',(#2034,#2035,#2036,#2037));
#4904=EDGE_LOOP('',(#2038,#2039,#2040,#2041));
#4905=EDGE_LOOP('',(#2042,#2043,#2044,#2045));
#4906=EDGE_LOOP('',(#2046,#2047,#2048,#2049));
#4907=EDGE_LOOP('',(#2050,#2051,#2052,#2053));
#4908=EDGE_LOOP('',(#2054));
#4909=EDGE_LOOP('',(#2055,#2056,#2057,#2058,#2059,#2060));
#4910=EDGE_LOOP('',(#2061));
#4911=EDGE_LOOP('',(#2062));
#4912=EDGE_LOOP('',(#2063,#2064,#2065,#2066,#2067));
#4913=EDGE_LOOP('',(#2068,#2069,#2070,#2071,#2072));
#4914=EDGE_LOOP('',(#2073,#2074,#2075,#2076,#2077,#2078));
#4915=EDGE_LOOP('',(#2079,#2080,#2081,#2082));
#4916=EDGE_LOOP('',(#2083,#2084,#2085,#2086,#2087));
#4917=EDGE_LOOP('',(#2088,#2089,#2090,#2091,#2092));
#4918=EDGE_LOOP('',(#2093,#2094,#2095,#2096));
#4919=EDGE_LOOP('',(#2097,#2098,#2099,#2100,#2101));
#4920=EDGE_LOOP('',(#2102,#2103,#2104,#2105,#2106));
#4921=EDGE_LOOP('',(#2107,#2108,#2109,#2110,#2111));
#4922=EDGE_LOOP('',(#2112,#2113,#2114,#2115,#2116));
#4923=EDGE_LOOP('',(#2117,#2118,#2119,#2120,#2121));
#4924=EDGE_LOOP('',(#2122,#2123,#2124,#2125,#2126,#2127));
#4925=EDGE_LOOP('',(#2128,#2129,#2130,#2131));
#4926=EDGE_LOOP('',(#2132,#2133,#2134));
#4927=EDGE_LOOP('',(#2135,#2136,#2137));
#4928=FACE_BOUND('',#4565,.T.);
#4929=FACE_BOUND('',#4566,.T.);
#4930=FACE_BOUND('',#4567,.T.);
#4931=FACE_BOUND('',#4568,.T.);
#4932=FACE_BOUND('',#4569,.T.);
#4933=FACE_BOUND('',#4570,.T.);
#4934=FACE_BOUND('',#4571,.T.);
#4935=FACE_BOUND('',#4572,.T.);
#4936=FACE_BOUND('',#4573,.T.);
#4937=FACE_BOUND('',#4574,.T.);
#4938=FACE_BOUND('',#4575,.T.);
#4939=FACE_BOUND('',#4576,.T.);
#4940=FACE_BOUND('',#4577,.T.);
#4941=FACE_BOUND('',#4578,.T.);
#4942=FACE_BOUND('',#4579,.T.);
#4943=FACE_BOUND('',#4580,.T.);
#4944=FACE_BOUND('',#4581,.T.);
#4945=FACE_BOUND('',#4582,.T.);
#4946=FACE_BOUND('',#4583,.T.);
#4947=FACE_BOUND('',#4584,.T.);
#4948=FACE_BOUND('',#4585,.T.);
#4949=FACE_BOUND('',#4586,.T.);
#4950=FACE_BOUND('',#4587,.T.);
#4951=FACE_BOUND('',#4588,.T.);
#4952=FACE_BOUND('',#4589,.T.);
#4953=FACE_BOUND('',#4590,.T.);
#4954=FACE_BOUND('',#4591,.T.);
#4955=FACE_BOUND('',#4592,.T.);
#4956=FACE_BOUND('',#4593,.T.);
#4957=FACE_BOUND('',#4594,.T.);
#4958=FACE_BOUND('',#4595,.T.);
#4959=FACE_BOUND('',#4596,.T.);
#4960=FACE_BOUND('',#4597,.T.);
#4961=FACE_BOUND('',#4598,.T.);
#4962=FACE_BOUND('',#4599,.T.);
#4963=FACE_BOUND('',#4600,.T.);
#4964=FACE_BOUND('',#4601,.T.);
#4965=FACE_BOUND('',#4602,.T.);
#4966=FACE_BOUND('',#4603,.T.);
#4967=FACE_BOUND('',#4604,.T.);
#4968=FACE_BOUND('',#4605,.T.);
#4969=FACE_BOUND('',#4606,.T.);
#4970=FACE_BOUND('',#4607,.T.);
#4971=FACE_BOUND('',#4608,.T.);
#4972=FACE_BOUND('',#4609,.T.);
#4973=FACE_BOUND('',#4610,.T.);
#4974=FACE_BOUND('',#4611,.T.);
#4975=FACE_BOUND('',#4612,.T.);
#4976=FACE_BOUND('',#4613,.T.);
#4977=FACE_BOUND('',#4614,.T.);
#4978=FACE_BOUND('',#4615,.T.);
#4979=FACE_BOUND('',#4616,.T.);
#4980=FACE_BOUND('',#4617,.T.);
#4981=FACE_BOUND('',#4618,.T.);
#4982=FACE_BOUND('',#4619,.T.);
#4983=FACE_BOUND('',#4620,.T.);
#4984=FACE_BOUND('',#4621,.T.);
#4985=FACE_BOUND('',#4622,.T.);
#4986=FACE_BOUND('',#4623,.T.);
#4987=FACE_BOUND('',#4624,.T.);
#4988=FACE_BOUND('',#4625,.T.);
#4989=FACE_BOUND('',#4626,.T.);
#4990=FACE_BOUND('',#4627,.T.);
#4991=FACE_BOUND('',#4628,.T.);
#4992=FACE_BOUND('',#4629,.T.);
#4993=FACE_BOUND('',#4630,.T.);
#4994=FACE_BOUND('',#4631,.T.);
#4995=FACE_BOUND('',#4632,.T.);
#4996=FACE_BOUND('',#4633,.T.);
#4997=FACE_BOUND('',#4634,.T.);
#4998=FACE_BOUND('',#4635,.T.);
#4999=FACE_BOUND('',#4636,.T.);
#5000=FACE_BOUND('',#4637,.T.);
#5001=FACE_BOUND('',#4638,.T.);
#5002=FACE_BOUND('',#4639,.T.);
#5003=FACE_BOUND('',#4640,.T.);
#5004=FACE_BOUND('',#4641,.T.);
#5005=FACE_BOUND('',#4642,.T.);
#5006=FACE_BOUND('',#4643,.T.);
#5007=FACE_BOUND('',#4644,.T.);
#5008=FACE_BOUND('',#4645,.T.);
#5009=FACE_BOUND('',#4646,.T.);
#5010=FACE_BOUND('',#4647,.T.);
#5011=FACE_BOUND('',#4648,.T.);
#5012=FACE_BOUND('',#4649,.T.);
#5013=FACE_BOUND('',#4650,.T.);
#5014=FACE_BOUND('',#4651,.T.);
#5015=FACE_BOUND('',#4652,.T.);
#5016=FACE_BOUND('',#4653,.T.);
#5017=FACE_BOUND('',#4654,.T.);
#5018=FACE_BOUND('',#4655,.T.);
#5019=FACE_BOUND('',#4656,.T.);
#5020=FACE_BOUND('',#4657,.T.);
#5021=FACE_BOUND('',#4658,.T.);
#5022=FACE_BOUND('',#4659,.T.);
#5023=FACE_BOUND('',#4660,.T.);
#5024=FACE_BOUND('',#4661,.T.);
#5025=FACE_BOUND('',#4662,.T.);
#5026=FACE_BOUND('',#4663,.T.);
#5027=FACE_BOUND('',#4664,.T.);
#5028=FACE_BOUND('',#4665,.T.);
#5029=FACE_BOUND('',#4666,.T.);
#5030=FACE_BOUND('',#4667,.T.);
#5031=FACE_BOUND('',#4668,.T.);
#5032=FACE_BOUND('',#4669,.T.);
#5033=FACE_BOUND('',#4670,.T.);
#5034=FACE_BOUND('',#4671,.T.);
#5035=FACE_BOUND('',#4672,.T.);
#5036=FACE_BOUND('',#4673,.T.);
#5037=FACE_BOUND('',#4674,.T.);
#5038=FACE_BOUND('',#4675,.T.);
#5039=FACE_BOUND('',#4676,.T.);
#5040=FACE_BOUND('',#4677,.T.);
#5041=FACE_BOUND('',#4678,.T.);
#5042=FACE_BOUND('',#4679,.T.);
#5043=FACE_BOUND('',#4680,.T.);
#5044=FACE_BOUND('',#4681,.T.);
#5045=FACE_BOUND('',#4682,.T.);
#5046=FACE_BOUND('',#4683,.T.);
#5047=FACE_BOUND('',#4684,.T.);
#5048=FACE_BOUND('',#4685,.T.);
#5049=FACE_BOUND('',#4686,.T.);
#5050=FACE_BOUND('',#4687,.T.);
#5051=FACE_BOUND('',#4688,.T.);
#5052=FACE_BOUND('',#4689,.T.);
#5053=FACE_BOUND('',#4690,.T.);
#5054=FACE_BOUND('',#4691,.T.);
#5055=FACE_BOUND('',#4692,.T.);
#5056=FACE_BOUND('',#4693,.T.);
#5057=FACE_BOUND('',#4694,.T.);
#5058=FACE_BOUND('',#4695,.T.);
#5059=FACE_BOUND('',#4696,.T.);
#5060=FACE_BOUND('',#4697,.T.);
#5061=FACE_BOUND('',#4698,.T.);
#5062=FACE_BOUND('',#4699,.T.);
#5063=FACE_BOUND('',#4700,.T.);
#5064=FACE_BOUND('',#4701,.T.);
#5065=FACE_BOUND('',#4702,.T.);
#5066=FACE_BOUND('',#4703,.T.);
#5067=FACE_BOUND('',#4704,.T.);
#5068=FACE_BOUND('',#4705,.T.);
#5069=FACE_BOUND('',#4706,.T.);
#5070=FACE_BOUND('',#4707,.T.);
#5071=FACE_BOUND('',#4708,.T.);
#5072=FACE_BOUND('',#4709,.T.);
#5073=FACE_BOUND('',#4710,.T.);
#5074=FACE_BOUND('',#4711,.T.);
#5075=FACE_BOUND('',#4712,.T.);
#5076=FACE_BOUND('',#4713,.T.);
#5077=FACE_BOUND('',#4714,.T.);
#5078=FACE_BOUND('',#4715,.T.);
#5079=FACE_BOUND('',#4716,.T.);
#5080=FACE_BOUND('',#4717,.T.);
#5081=FACE_BOUND('',#4718,.T.);
#5082=FACE_BOUND('',#4719,.T.);
#5083=FACE_BOUND('',#4720,.T.);
#5084=FACE_BOUND('',#4721,.T.);
#5085=FACE_BOUND('',#4722,.T.);
#5086=FACE_BOUND('',#4723,.T.);
#5087=FACE_BOUND('',#4724,.T.);
#5088=FACE_BOUND('',#4725,.T.);
#5089=FACE_BOUND('',#4726,.T.);
#5090=FACE_BOUND('',#4727,.T.);
#5091=FACE_BOUND('',#4728,.T.);
#5092=FACE_BOUND('',#4729,.T.);
#5093=FACE_BOUND('',#4730,.T.);
#5094=FACE_BOUND('',#4731,.T.);
#5095=FACE_BOUND('',#4732,.T.);
#5096=FACE_BOUND('',#4733,.T.);
#5097=FACE_BOUND('',#4734,.T.);
#5098=FACE_BOUND('',#4735,.T.);
#5099=FACE_BOUND('',#4736,.T.);
#5100=FACE_BOUND('',#4737,.T.);
#5101=FACE_BOUND('',#4738,.T.);
#5102=FACE_BOUND('',#4739,.T.);
#5103=FACE_BOUND('',#4740,.T.);
#5104=FACE_BOUND('',#4741,.T.);
#5105=FACE_BOUND('',#4742,.T.);
#5106=FACE_BOUND('',#4743,.T.);
#5107=FACE_BOUND('',#4744,.T.);
#5108=FACE_BOUND('',#4745,.T.);
#5109=FACE_BOUND('',#4746,.T.);
#5110=FACE_BOUND('',#4747,.T.);
#5111=FACE_BOUND('',#4748,.T.);
#5112=FACE_BOUND('',#4749,.T.);
#5113=FACE_BOUND('',#4750,.T.);
#5114=FACE_BOUND('',#4751,.T.);
#5115=FACE_BOUND('',#4752,.T.);
#5116=FACE_BOUND('',#4753,.T.);
#5117=FACE_BOUND('',#4754,.T.);
#5118=FACE_BOUND('',#4755,.T.);
#5119=FACE_BOUND('',#4756,.T.);
#5120=FACE_BOUND('',#4757,.T.);
#5121=FACE_BOUND('',#4758,.T.);
#5122=FACE_BOUND('',#4759,.T.);
#5123=FACE_BOUND('',#4760,.T.);
#5124=FACE_BOUND('',#4761,.T.);
#5125=FACE_BOUND('',#4762,.T.);
#5126=FACE_BOUND('',#4763,.T.);
#5127=FACE_BOUND('',#4764,.T.);
#5128=FACE_BOUND('',#4765,.T.);
#5129=FACE_BOUND('',#4766,.T.);
#5130=FACE_BOUND('',#4767,.T.);
#5131=FACE_BOUND('',#4768,.T.);
#5132=FACE_BOUND('',#4769,.T.);
#5133=FACE_BOUND('',#4770,.T.);
#5134=FACE_BOUND('',#4771,.T.);
#5135=FACE_BOUND('',#4772,.T.);
#5136=FACE_BOUND('',#4773,.T.);
#5137=FACE_BOUND('',#4774,.T.);
#5138=FACE_BOUND('',#4775,.T.);
#5139=FACE_BOUND('',#4776,.T.);
#5140=FACE_BOUND('',#4777,.T.);
#5141=FACE_BOUND('',#4778,.T.);
#5142=FACE_BOUND('',#4779,.T.);
#5143=FACE_BOUND('',#4780,.T.);
#5144=FACE_BOUND('',#4781,.T.);
#5145=FACE_BOUND('',#4782,.T.);
#5146=FACE_BOUND('',#4783,.T.);
#5147=FACE_BOUND('',#4784,.T.);
#5148=FACE_BOUND('',#4785,.T.);
#5149=FACE_BOUND('',#4786,.T.);
#5150=FACE_BOUND('',#4787,.T.);
#5151=FACE_BOUND('',#4788,.T.);
#5152=FACE_BOUND('',#4789,.T.);
#5153=FACE_BOUND('',#4790,.T.);
#5154=FACE_BOUND('',#4791,.T.);
#5155=FACE_BOUND('',#4792,.T.);
#5156=FACE_BOUND('',#4793,.T.);
#5157=FACE_BOUND('',#4794,.T.);
#5158=FACE_BOUND('',#4795,.T.);
#5159=FACE_BOUND('',#4796,.T.);
#5160=FACE_BOUND('',#4797,.T.);
#5161=FACE_BOUND('',#4798,.T.);
#5162=FACE_BOUND('',#4799,.T.);
#5163=FACE_BOUND('',#4800,.T.);
#5164=FACE_BOUND('',#4801,.T.);
#5165=FACE_BOUND('',#4802,.T.);
#5166=FACE_BOUND('',#4803,.T.);
#5167=FACE_BOUND('',#4804,.T.);
#5168=FACE_BOUND('',#4805,.T.);
#5169=FACE_BOUND('',#4806,.T.);
#5170=FACE_BOUND('',#4807,.T.);
#5171=FACE_BOUND('',#4808,.T.);
#5172=FACE_BOUND('',#4809,.T.);
#5173=FACE_BOUND('',#4810,.T.);
#5174=FACE_BOUND('',#4811,.T.);
#5175=FACE_BOUND('',#4812,.T.);
#5176=FACE_BOUND('',#4813,.T.);
#5177=FACE_BOUND('',#4814,.T.);
#5178=FACE_BOUND('',#4815,.T.);
#5179=FACE_BOUND('',#4816,.T.);
#5180=FACE_BOUND('',#4817,.T.);
#5181=FACE_BOUND('',#4818,.T.);
#5182=FACE_BOUND('',#4819,.T.);
#5183=FACE_BOUND('',#4820,.T.);
#5184=FACE_BOUND('',#4821,.T.);
#5185=FACE_BOUND('',#4822,.T.);
#5186=FACE_BOUND('',#4823,.T.);
#5187=FACE_BOUND('',#4824,.T.);
#5188=FACE_BOUND('',#4825,.T.);
#5189=FACE_BOUND('',#4826,.T.);
#5190=FACE_BOUND('',#4827,.T.);
#5191=FACE_BOUND('',#4828,.T.);
#5192=FACE_BOUND('',#4829,.T.);
#5193=FACE_BOUND('',#4830,.T.);
#5194=FACE_BOUND('',#4831,.T.);
#5195=FACE_BOUND('',#4832,.T.);
#5196=FACE_BOUND('',#4833,.T.);
#5197=FACE_BOUND('',#4834,.T.);
#5198=FACE_BOUND('',#4835,.T.);
#5199=FACE_BOUND('',#4836,.T.);
#5200=FACE_BOUND('',#4837,.T.);
#5201=FACE_BOUND('',#4838,.T.);
#5202=FACE_BOUND('',#4839,.T.);
#5203=FACE_BOUND('',#4840,.T.);
#5204=FACE_BOUND('',#4841,.T.);
#5205=FACE_BOUND('',#4842,.T.);
#5206=FACE_BOUND('',#4843,.T.);
#5207=FACE_BOUND('',#4844,.T.);
#5208=FACE_BOUND('',#4845,.T.);
#5209=FACE_BOUND('',#4846,.T.);
#5210=FACE_BOUND('',#4847,.T.);
#5211=FACE_BOUND('',#4848,.T.);
#5212=FACE_BOUND('',#4849,.T.);
#5213=FACE_BOUND('',#4850,.T.);
#5214=FACE_BOUND('',#4851,.T.);
#5215=FACE_BOUND('',#4852,.T.);
#5216=FACE_BOUND('',#4853,.T.);
#5217=FACE_BOUND('',#4854,.T.);
#5218=FACE_BOUND('',#4855,.T.);
#5219=FACE_BOUND('',#4856,.T.);
#5220=FACE_BOUND('',#4857,.T.);
#5221=FACE_BOUND('',#4858,.T.);
#5222=FACE_BOUND('',#4859,.T.);
#5223=FACE_BOUND('',#4860,.T.);
#5224=FACE_BOUND('',#4861,.T.);
#5225=FACE_BOUND('',#4862,.T.);
#5226=FACE_BOUND('',#4863,.T.);
#5227=FACE_BOUND('',#4864,.T.);
#5228=FACE_BOUND('',#4865,.T.);
#5229=FACE_BOUND('',#4866,.T.);
#5230=FACE_BOUND('',#4867,.T.);
#5231=FACE_BOUND('',#4868,.T.);
#5232=FACE_BOUND('',#4869,.T.);
#5233=FACE_BOUND('',#4870,.T.);
#5234=FACE_BOUND('',#4871,.T.);
#5235=FACE_BOUND('',#4872,.T.);
#5236=FACE_BOUND('',#4873,.T.);
#5237=FACE_BOUND('',#4874,.T.);
#5238=FACE_BOUND('',#4875,.T.);
#5239=FACE_BOUND('',#4876,.T.);
#5240=FACE_BOUND('',#4877,.T.);
#5241=FACE_BOUND('',#4878,.T.);
#5242=FACE_BOUND('',#4879,.T.);
#5243=FACE_BOUND('',#4880,.T.);
#5244=FACE_BOUND('',#4881,.T.);
#5245=FACE_BOUND('',#4882,.T.);
#5246=FACE_BOUND('',#4883,.T.);
#5247=FACE_BOUND('',#4884,.T.);
#5248=FACE_BOUND('',#4885,.T.);
#5249=FACE_BOUND('',#4886,.T.);
#5250=FACE_BOUND('',#4887,.T.);
#5251=FACE_BOUND('',#4888,.T.);
#5252=FACE_BOUND('',#4889,.T.);
#5253=FACE_BOUND('',#4890,.T.);
#5254=FACE_BOUND('',#4891,.T.);
#5255=FACE_BOUND('',#4892,.T.);
#5256=FACE_BOUND('',#4893,.T.);
#5257=FACE_BOUND('',#4894,.T.);
#5258=FACE_BOUND('',#4895,.T.);
#5259=FACE_BOUND('',#4896,.T.);
#5260=FACE_BOUND('',#4897,.T.);
#5261=FACE_BOUND('',#4898,.T.);
#5262=FACE_BOUND('',#4899,.T.);
#5263=FACE_BOUND('',#4900,.T.);
#5264=FACE_BOUND('',#4901,.T.);
#5265=FACE_BOUND('',#4902,.T.);
#5266=FACE_BOUND('',#4903,.T.);
#5267=FACE_BOUND('',#4904,.T.);
#5268=FACE_BOUND('',#4905,.T.);
#5269=FACE_BOUND('',#4906,.T.);
#5270=FACE_BOUND('',#4907,.T.);
#5271=FACE_BOUND('',#4908,.T.);
#5272=FACE_BOUND('',#4909,.T.);
#5273=FACE_BOUND('',#4910,.T.);
#5274=FACE_BOUND('',#4911,.T.);
#5275=FACE_BOUND('',#4912,.T.);
#5276=FACE_BOUND('',#4913,.T.);
#5277=FACE_BOUND('',#4914,.T.);
#5278=FACE_BOUND('',#4915,.T.);
#5279=FACE_BOUND('',#4916,.T.);
#5280=FACE_BOUND('',#4917,.T.);
#5281=FACE_BOUND('',#4918,.T.);
#5282=FACE_BOUND('',#4919,.T.);
#5283=FACE_BOUND('',#4920,.T.);
#5284=FACE_BOUND('',#4921,.T.);
#5285=FACE_BOUND('',#4922,.T.);
#5286=FACE_BOUND('',#4923,.T.);
#5287=FACE_BOUND('',#4924,.T.);
#5288=FACE_BOUND('',#4925,.T.);
#5289=FACE_BOUND('',#4926,.T.);
#5290=FACE_BOUND('',#4927,.T.);
#5291=PLANE('',#5809);
#5292=PLANE('',#5829);
#5293=PLANE('',#5843);
#5294=PLANE('',#5882);
#5295=PLANE('',#5883);
#5296=PLANE('',#5884);
#5297=PLANE('',#5888);
#5298=PLANE('',#5889);
#5299=PLANE('',#5890);
#5300=PLANE('',#5891);
#5301=PLANE('',#5892);
#5302=PLANE('',#5893);
#5303=PLANE('',#5894);
#5304=PLANE('',#5895);
#5305=PLANE('',#5899);
#5306=PLANE('',#5900);
#5307=PLANE('',#5909);
#5308=PLANE('',#5913);
#5309=PLANE('',#5918);
#5310=PLANE('',#5919);
#5311=PLANE('',#5938);
#5312=PLANE('',#5940);
#5313=PLANE('',#5942);
#5314=PLANE('',#5944);
#5315=PLANE('',#5947);
#5316=PLANE('',#5951);
#5317=PLANE('',#5953);
#5318=PLANE('',#5955);
#5319=PLANE('',#5957);
#5320=PLANE('',#5960);
#5321=PLANE('',#5963);
#5322=PLANE('',#5978);
#5323=PLANE('',#5984);
#5324=PLANE('',#5986);
#5325=PLANE('',#5990);
#5326=PLANE('',#5995);
#5327=PLANE('',#5998);
#5328=PLANE('',#6001);
#5329=PLANE('',#6002);
#5330=PLANE('',#6008);
#5331=PLANE('',#6010);
#5332=PLANE('',#6012);
#5333=PLANE('',#6016);
#5334=PLANE('',#6020);
#5335=PLANE('',#6023);
#5336=PLANE('',#6031);
#5337=PLANE('',#6032);
#5338=PLANE('',#6037);
#5339=PLANE('',#6038);
#5340=PLANE('',#6041);
#5341=PLANE('',#6044);
#5342=PLANE('',#6050);
#5343=PLANE('',#6055);
#5344=PLANE('',#6064);
#5345=PLANE('',#6067);
#5346=PLANE('',#6072);
#5347=PLANE('',#6073);
#5348=PLANE('',#6076);
#5349=PLANE('',#6077);
#5350=PLANE('',#6080);
#5351=PLANE('',#6085);
#5352=PLANE('',#6090);
#5353=PLANE('',#6091);
#5354=PLANE('',#6095);
#5355=PLANE('',#6096);
#5356=PLANE('',#6097);
#5357=PLANE('',#6101);
#5358=PLANE('',#6104);
#5359=PLANE('',#6105);
#5360=PLANE('',#6108);
#5361=PLANE('',#6109);
#5362=PLANE('',#6110);
#5363=PLANE('',#6111);
#5364=PLANE('',#6112);
#5365=PLANE('',#6116);
#5366=PLANE('',#6117);
#5367=PLANE('',#6118);
#5368=PLANE('',#6122);
#5369=PLANE('',#6123);
#5370=PLANE('',#6124);
#5371=PLANE('',#6127);
#5372=PLANE('',#6128);
#5373=PLANE('',#6129);
#5374=PLANE('',#6130);
#5375=PLANE('',#6131);
#5376=PLANE('',#6135);
#5377=PLANE('',#6136);
#5378=PLANE('',#6137);
#5379=PLANE('',#6141);
#5380=PLANE('',#6143);
#5381=PLANE('',#6144);
#5382=PLANE('',#6147);
#5383=PLANE('',#6148);
#5384=PLANE('',#6149);
#5385=PLANE('',#6158);
#5386=PLANE('',#6160);
#5387=PLANE('',#6172);
#5388=PLANE('',#6173);
#5389=PLANE('',#6174);
#5390=PLANE('',#6180);
#5391=PLANE('',#6191);
#5392=PLANE('',#6193);
#5393=PLANE('',#6197);
#5394=PLANE('',#6198);
#5395=PLANE('',#6201);
#5396=PLANE('',#6202);
#5397=PLANE('',#6208);
#5398=PLANE('',#6211);
#5399=PLANE('',#6212);
#5400=PLANE('',#6213);
#5401=PLANE('',#6220);
#5402=PLANE('',#6221);
#5403=PLANE('',#6222);
#5404=PLANE('',#6225);
#5405=PLANE('',#6231);
#5406=PLANE('',#6232);
#5407=PLANE('',#6233);
#5408=PLANE('',#6234);
#5409=PLANE('',#6235);
#5410=PLANE('',#6238);
#5411=PLANE('',#6242);
#5412=PLANE('',#6243);
#5413=PLANE('',#6244);
#5414=PLANE('',#6245);
#5415=PLANE('',#6246);
#5416=PLANE('',#6249);
#5417=PLANE('',#6255);
#5418=PLANE('',#6256);
#5419=PLANE('',#6257);
#5420=PLANE('',#6258);
#5421=PLANE('',#6263);
#5422=PLANE('',#6264);
#5423=PLANE('',#6265);
#5424=PLANE('',#6266);
#5425=PLANE('',#6267);
#5426=PLANE('',#6268);
#5427=PLANE('',#6269);
#5428=PLANE('',#6273);
#5429=PLANE('',#6277);
#5430=PLANE('',#6278);
#5431=PLANE('',#6279);
#5432=PLANE('',#6280);
#5433=PLANE('',#6281);
#5434=PLANE('',#6282);
#5435=PLANE('',#6283);
#5436=PLANE('',#6284);
#5437=PLANE('',#6285);
#5438=PLANE('',#6286);
#5439=PLANE('',#6287);
#5440=PLANE('',#6293);
#5441=PLANE('',#6295);
#5442=PLANE('',#6305);
#5443=PLANE('',#6306);
#5444=PLANE('',#6307);
#5445=PLANE('',#6308);
#5446=PLANE('',#6309);
#5447=PLANE('',#6311);
#5448=PLANE('',#6313);
#5449=PLANE('',#6315);
#5450=PLANE('',#6319);
#5451=PLANE('',#6320);
#5452=PLANE('',#6321);
#5453=PLANE('',#6322);
#5454=PLANE('',#6323);
#5455=PLANE('',#6324);
#5456=PLANE('',#6325);
#5457=PLANE('',#6326);
#5458=PLANE('',#6329);
#5459=PLANE('',#6333);
#5460=PLANE('',#6334);
#5461=PLANE('',#6335);
#5462=PLANE('',#6336);
#5463=PLANE('',#6337);
#5464=PLANE('',#6338);
#5465=PLANE('',#6339);
#5466=PLANE('',#6340);
#5467=PLANE('',#6343);
#5468=PLANE('',#6347);
#5469=PLANE('',#6348);
#5470=PLANE('',#6349);
#5471=PLANE('',#6350);
#5472=PLANE('',#6351);
#5473=PLANE('',#6352);
#5474=PLANE('',#6353);
#5475=PLANE('',#6354);
#5476=PLANE('',#6357);
#5477=PLANE('',#6358);
#5478=PLANE('',#6359);
#5479=PLANE('',#6360);
#5480=PLANE('',#6361);
#5481=PLANE('',#6362);
#5482=PLANE('',#6363);
#5483=PLANE('',#6364);
#5484=PLANE('',#6365);
#5485=PLANE('',#6366);
#5486=PLANE('',#6367);
#5487=PLANE('',#6368);
#5488=PLANE('',#6369);
#5489=PLANE('',#6370);
#5490=PLANE('',#6371);
#5491=ADVANCED_FACE('',(#4928,#4929,#4930,#4931,#4932,#4933,#4934,#4935,
#4936,#4937),#5291,.F.);
#5492=ADVANCED_FACE('',(#4938,#4939,#4940,#4941),#5292,.T.);
#5493=ADVANCED_FACE('',(#4942,#4943),#5293,.T.);
#5494=ADVANCED_FACE('',(#4944),#106,.T.);
#5495=ADVANCED_FACE('',(#4945),#107,.T.);
#5496=ADVANCED_FACE('',(#4946),#5294,.F.);
#5497=ADVANCED_FACE('',(#4947),#5295,.F.);
#5498=ADVANCED_FACE('',(#4948),#5296,.F.);
#5499=ADVANCED_FACE('',(#4949,#4950),#108,.F.);
#5500=ADVANCED_FACE('',(#4951),#5297,.T.);
#5501=ADVANCED_FACE('',(#4952),#5298,.T.);
#5502=ADVANCED_FACE('',(#4953),#5299,.T.);
#5503=ADVANCED_FACE('',(#4954),#5300,.T.);
#5504=ADVANCED_FACE('',(#4955),#5301,.T.);
#5505=ADVANCED_FACE('',(#4956),#5302,.T.);
#5506=ADVANCED_FACE('',(#4957,#4958),#5303,.F.);
#5507=ADVANCED_FACE('',(#4959,#4960),#5304,.T.);
#5508=ADVANCED_FACE('',(#4961,#4962),#109,.F.);
#5509=ADVANCED_FACE('',(#4963),#5305,.F.);
#5510=ADVANCED_FACE('',(#4964,#4965),#5306,.T.);
#5511=ADVANCED_FACE('',(#4966),#110,.T.);
#5512=ADVANCED_FACE('',(#4967,#4968),#24,.F.);
#5513=ADVANCED_FACE('',(#4969),#111,.T.);
#5514=ADVANCED_FACE('',(#4970),#5307,.F.);
#5515=ADVANCED_FACE('',(#4971),#112,.F.);
#5516=ADVANCED_FACE('',(#4972),#5308,.T.);
#5517=ADVANCED_FACE('',(#4973),#113,.F.);
#5518=ADVANCED_FACE('',(#4974),#5309,.F.);
#5519=ADVANCED_FACE('',(#4975),#5310,.F.);
#5520=ADVANCED_FACE('',(#4976),#114,.T.);
#5521=ADVANCED_FACE('',(#4977,#4978),#115,.F.);
#5522=ADVANCED_FACE('',(#4979),#25,.T.);
#5523=ADVANCED_FACE('',(#4980),#26,.T.);
#5524=ADVANCED_FACE('',(#4981),#116,.F.);
#5525=ADVANCED_FACE('',(#4982),#5311,.T.);
#5526=ADVANCED_FACE('',(#4983),#5312,.T.);
#5527=ADVANCED_FACE('',(#4984),#5313,.T.);
#5528=ADVANCED_FACE('',(#4985),#5314,.T.);
#5529=ADVANCED_FACE('',(#4986),#5315,.T.);
#5530=ADVANCED_FACE('',(#4987),#117,.F.);
#5531=ADVANCED_FACE('',(#4988),#5316,.F.);
#5532=ADVANCED_FACE('',(#4989),#5317,.T.);
#5533=ADVANCED_FACE('',(#4990),#5318,.T.);
#5534=ADVANCED_FACE('',(#4991),#5319,.F.);
#5535=ADVANCED_FACE('',(#4992),#5320,.T.);
#5536=ADVANCED_FACE('',(#4993),#5321,.F.);
#5537=ADVANCED_FACE('',(#4994),#17,.T.);
#5538=ADVANCED_FACE('',(#4995),#118,.T.);
#5539=ADVANCED_FACE('',(#4996),#18,.T.);
#5540=ADVANCED_FACE('',(#4997,#4998,#4999),#119,.F.);
#5541=ADVANCED_FACE('',(#5000),#5322,.T.);
#5542=ADVANCED_FACE('',(#5001),#120,.T.);
#5543=ADVANCED_FACE('',(#5002),#13,.T.);
#5544=ADVANCED_FACE('',(#5003,#5004),#121,.F.);
#5545=ADVANCED_FACE('',(#5005),#27,.F.);
#5546=ADVANCED_FACE('',(#5006),#5323,.T.);
#5547=ADVANCED_FACE('',(#5007),#5324,.F.);
#5548=ADVANCED_FACE('',(#5008),#122,.T.);
#5549=ADVANCED_FACE('',(#5009,#5010),#28,.T.);
#5550=ADVANCED_FACE('',(#5011),#5325,.F.);
#5551=ADVANCED_FACE('',(#5012),#123,.T.);
#5552=ADVANCED_FACE('',(#5013),#5326,.F.);
#5553=ADVANCED_FACE('',(#5014),#5327,.F.);
#5554=ADVANCED_FACE('',(#5015),#124,.F.);
#5555=ADVANCED_FACE('',(#5016),#5328,.F.);
#5556=ADVANCED_FACE('',(#5017),#5329,.F.);
#5557=ADVANCED_FACE('',(#5018),#125,.T.);
#5558=ADVANCED_FACE('',(#5019),#126,.F.);
#5559=ADVANCED_FACE('',(#5020),#5330,.T.);
#5560=ADVANCED_FACE('',(#5021),#5331,.T.);
#5561=ADVANCED_FACE('',(#5022),#5332,.T.);
#5562=ADVANCED_FACE('',(#5023),#127,.F.);
#5563=ADVANCED_FACE('',(#5024),#5333,.T.);
#5564=ADVANCED_FACE('',(#5025),#128,.F.);
#5565=ADVANCED_FACE('',(#5026),#5334,.T.);
#5566=ADVANCED_FACE('',(#5027),#5335,.T.);
#5567=ADVANCED_FACE('',(#5028),#129,.F.);
#5568=ADVANCED_FACE('',(#5029),#130,.T.);
#5569=ADVANCED_FACE('',(#5030),#5336,.F.);
#5570=ADVANCED_FACE('',(#5031),#14,.T.);
#5571=ADVANCED_FACE('',(#5032),#5337,.F.);
#5572=ADVANCED_FACE('',(#5033,#5034),#131,.F.);
#5573=ADVANCED_FACE('',(#5035),#29,.F.);
#5574=ADVANCED_FACE('',(#5036),#5338,.F.);
#5575=ADVANCED_FACE('',(#5037),#5339,.T.);
#5576=ADVANCED_FACE('',(#5038),#5340,.T.);
#5577=ADVANCED_FACE('',(#5039),#132,.F.);
#5578=ADVANCED_FACE('',(#5040),#5341,.T.);
#5579=ADVANCED_FACE('',(#5041),#133,.F.);
#5580=ADVANCED_FACE('',(#5042),#5342,.T.);
#5581=ADVANCED_FACE('',(#5043),#134,.F.);
#5582=ADVANCED_FACE('',(#5044),#5343,.T.);
#5583=ADVANCED_FACE('',(#5045),#135,.F.);
#5584=ADVANCED_FACE('',(#5046),#19,.T.);
#5585=ADVANCED_FACE('',(#5047,#5048),#30,.F.);
#5586=ADVANCED_FACE('',(#5049),#5344,.T.);
#5587=ADVANCED_FACE('',(#5050),#136,.T.);
#5588=ADVANCED_FACE('',(#5051),#5345,.F.);
#5589=ADVANCED_FACE('',(#5052),#137,.T.);
#5590=ADVANCED_FACE('',(#5053),#5346,.F.);
#5591=ADVANCED_FACE('',(#5054),#5347,.F.);
#5592=ADVANCED_FACE('',(#5055),#5348,.T.);
#5593=ADVANCED_FACE('',(#5056),#5349,.T.);
#5594=ADVANCED_FACE('',(#5057),#5350,.T.);
#5595=ADVANCED_FACE('',(#5058,#5059),#138,.F.);
#5596=ADVANCED_FACE('',(#5060),#5351,.F.);
#5597=ADVANCED_FACE('',(#5061),#20,.T.);
#5598=ADVANCED_FACE('',(#5062),#5352,.T.);
#5599=ADVANCED_FACE('',(#5063),#5353,.F.);
#5600=ADVANCED_FACE('',(#5064),#139,.F.);
#5601=ADVANCED_FACE('',(#5065),#5354,.T.);
#5602=ADVANCED_FACE('',(#5066),#5355,.F.);
#5603=ADVANCED_FACE('',(#5067),#5356,.F.);
#5604=ADVANCED_FACE('',(#5068),#140,.F.);
#5605=ADVANCED_FACE('',(#5069),#5357,.T.);
#5606=ADVANCED_FACE('',(#5070),#5358,.T.);
#5607=ADVANCED_FACE('',(#5071),#5359,.T.);
#5608=ADVANCED_FACE('',(#5072),#141,.F.);
#5609=ADVANCED_FACE('',(#5073),#5360,.F.);
#5610=ADVANCED_FACE('',(#5074),#5361,.F.);
#5611=ADVANCED_FACE('',(#5075),#5362,.F.);
#5612=ADVANCED_FACE('',(#5076),#5363,.T.);
#5613=ADVANCED_FACE('',(#5077),#5364,.F.);
#5614=ADVANCED_FACE('',(#5078),#142,.F.);
#5615=ADVANCED_FACE('',(#5079),#5365,.T.);
#5616=ADVANCED_FACE('',(#5080),#5366,.F.);
#5617=ADVANCED_FACE('',(#5081),#5367,.F.);
#5618=ADVANCED_FACE('',(#5082),#143,.F.);
#5619=ADVANCED_FACE('',(#5083),#5368,.T.);
#5620=ADVANCED_FACE('',(#5084),#5369,.T.);
#5621=ADVANCED_FACE('',(#5085),#5370,.T.);
#5622=ADVANCED_FACE('',(#5086,#5087),#144,.F.);
#5623=ADVANCED_FACE('',(#5088),#5371,.F.);
#5624=ADVANCED_FACE('',(#5089),#5372,.F.);
#5625=ADVANCED_FACE('',(#5090),#5373,.F.);
#5626=ADVANCED_FACE('',(#5091),#5374,.T.);
#5627=ADVANCED_FACE('',(#5092),#5375,.F.);
#5628=ADVANCED_FACE('',(#5093),#145,.F.);
#5629=ADVANCED_FACE('',(#5094),#5376,.T.);
#5630=ADVANCED_FACE('',(#5095),#5377,.F.);
#5631=ADVANCED_FACE('',(#5096),#5378,.F.);
#5632=ADVANCED_FACE('',(#5097),#146,.F.);
#5633=ADVANCED_FACE('',(#5098),#5379,.T.);
#5634=ADVANCED_FACE('',(#5099),#5380,.T.);
#5635=ADVANCED_FACE('',(#5100),#5381,.T.);
#5636=ADVANCED_FACE('',(#5101),#147,.F.);
#5637=ADVANCED_FACE('',(#5102),#5382,.F.);
#5638=ADVANCED_FACE('',(#5103),#5383,.F.);
#5639=ADVANCED_FACE('',(#5104),#5384,.F.);
#5640=ADVANCED_FACE('',(#5105,#5106),#148,.F.);
#5641=ADVANCED_FACE('',(#5107,#5108),#149,.F.);
#5642=ADVANCED_FACE('',(#5109,#5110),#150,.F.);
#5643=ADVANCED_FACE('',(#5111,#5112),#151,.F.);
#5644=ADVANCED_FACE('',(#5113,#5114),#152,.F.);
#5645=ADVANCED_FACE('',(#5115,#5116),#153,.F.);
#5646=ADVANCED_FACE('',(#5117),#154,.F.);
#5647=ADVANCED_FACE('',(#5118),#5385,.T.);
#5648=ADVANCED_FACE('',(#5119),#5386,.F.);
#5649=ADVANCED_FACE('',(#5120),#31,.T.);
#5650=ADVANCED_FACE('',(#5121),#155,.F.);
#5651=ADVANCED_FACE('',(#5122),#32,.T.);
#5652=ADVANCED_FACE('',(#5123),#156,.F.);
#5653=ADVANCED_FACE('',(#5124),#5387,.F.);
#5654=ADVANCED_FACE('',(#5125),#5388,.F.);
#5655=ADVANCED_FACE('',(#5126),#5389,.T.);
#5656=ADVANCED_FACE('',(#5127),#157,.T.);
#5657=ADVANCED_FACE('',(#5128),#158,.T.);
#5658=ADVANCED_FACE('',(#5129),#5390,.T.);
#5659=ADVANCED_FACE('',(#5130,#5131),#159,.F.);
#5660=ADVANCED_FACE('',(#5132),#33,.T.);
#5661=ADVANCED_FACE('',(#5133,#5134),#34,.T.);
#5662=ADVANCED_FACE('',(#5135,#5136),#5391,.F.);
#5663=ADVANCED_FACE('',(#5137),#5392,.T.);
#5664=ADVANCED_FACE('',(#5138),#160,.F.);
#5665=ADVANCED_FACE('',(#5139),#5393,.T.);
#5666=ADVANCED_FACE('',(#5140),#5394,.F.);
#5667=ADVANCED_FACE('',(#5141),#161,.T.);
#5668=ADVANCED_FACE('',(#5142),#5395,.T.);
#5669=ADVANCED_FACE('',(#5143),#5396,.T.);
#5670=ADVANCED_FACE('',(#5144,#5145,#5146,#5147),#162,.T.);
#5671=ADVANCED_FACE('',(#5148),#163,.T.);
#5672=ADVANCED_FACE('',(#5149),#5397,.T.);
#5673=ADVANCED_FACE('',(#5150,#5151),#164,.F.);
#5674=ADVANCED_FACE('',(#5152),#5398,.T.);
#5675=ADVANCED_FACE('',(#5153),#5399,.T.);
#5676=ADVANCED_FACE('',(#5154),#5400,.T.);
#5677=ADVANCED_FACE('',(#5155),#165,.T.);
#5678=ADVANCED_FACE('',(#5156),#166,.T.);
#5679=ADVANCED_FACE('',(#5157,#5158),#21,.T.);
#5680=ADVANCED_FACE('',(#5159),#5401,.F.);
#5681=ADVANCED_FACE('',(#5160),#5402,.F.);
#5682=ADVANCED_FACE('',(#5161),#5403,.F.);
#5683=ADVANCED_FACE('',(#5162),#167,.F.);
#5684=ADVANCED_FACE('',(#5163),#5404,.F.);
#5685=ADVANCED_FACE('',(#5164),#168,.F.);
#5686=ADVANCED_FACE('',(#5165),#169,.F.);
#5687=ADVANCED_FACE('',(#5166),#5405,.F.);
#5688=ADVANCED_FACE('',(#5167),#5406,.T.);
#5689=ADVANCED_FACE('',(#5168),#5407,.F.);
#5690=ADVANCED_FACE('',(#5169),#5408,.F.);
#5691=ADVANCED_FACE('',(#5170),#5409,.F.);
#5692=ADVANCED_FACE('',(#5171),#170,.F.);
#5693=ADVANCED_FACE('',(#5172),#5410,.F.);
#5694=ADVANCED_FACE('',(#5173),#171,.F.);
#5695=ADVANCED_FACE('',(#5174),#5411,.F.);
#5696=ADVANCED_FACE('',(#5175),#5412,.T.);
#5697=ADVANCED_FACE('',(#5176),#5413,.F.);
#5698=ADVANCED_FACE('',(#5177),#5414,.F.);
#5699=ADVANCED_FACE('',(#5178),#5415,.F.);
#5700=ADVANCED_FACE('',(#5179),#172,.F.);
#5701=ADVANCED_FACE('',(#5180),#5416,.F.);
#5702=ADVANCED_FACE('',(#5181),#173,.F.);
#5703=ADVANCED_FACE('',(#5182),#174,.F.);
#5704=ADVANCED_FACE('',(#5183),#5417,.F.);
#5705=ADVANCED_FACE('',(#5184),#5418,.T.);
#5706=ADVANCED_FACE('',(#5185),#5419,.T.);
#5707=ADVANCED_FACE('',(#5186),#5420,.F.);
#5708=ADVANCED_FACE('',(#5187),#35,.T.);
#5709=ADVANCED_FACE('',(#5188),#5421,.F.);
#5710=ADVANCED_FACE('',(#5189),#5422,.F.);
#5711=ADVANCED_FACE('',(#5190),#5423,.F.);
#5712=ADVANCED_FACE('',(#5191),#5424,.F.);
#5713=ADVANCED_FACE('',(#5192),#5425,.T.);
#5714=ADVANCED_FACE('',(#5193),#5426,.T.);
#5715=ADVANCED_FACE('',(#5194),#15,.T.);
#5716=ADVANCED_FACE('',(#5195),#16,.T.);
#5717=ADVANCED_FACE('',(#5196),#5427,.F.);
#5718=ADVANCED_FACE('',(#5197),#175,.T.);
#5719=ADVANCED_FACE('',(#5198,#5199),#5428,.T.);
#5720=ADVANCED_FACE('',(#5200),#176,.F.);
#5721=ADVANCED_FACE('',(#5201),#5429,.T.);
#5722=ADVANCED_FACE('',(#5202),#5430,.T.);
#5723=ADVANCED_FACE('',(#5203),#5431,.F.);
#5724=ADVANCED_FACE('',(#5204),#5432,.T.);
#5725=ADVANCED_FACE('',(#5205),#5433,.T.);
#5726=ADVANCED_FACE('',(#5206),#5434,.T.);
#5727=ADVANCED_FACE('',(#5207),#5435,.T.);
#5728=ADVANCED_FACE('',(#5208),#5436,.T.);
#5729=ADVANCED_FACE('',(#5209),#5437,.T.);
#5730=ADVANCED_FACE('',(#5210),#5438,.T.);
#5731=ADVANCED_FACE('',(#5211),#5439,.T.);
#5732=ADVANCED_FACE('',(#5212),#177,.T.);
#5733=ADVANCED_FACE('',(#5213),#178,.T.);
#5734=ADVANCED_FACE('',(#5214),#5440,.F.);
#5735=ADVANCED_FACE('',(#5215),#179,.F.);
#5736=ADVANCED_FACE('',(#5216),#5441,.T.);
#5737=ADVANCED_FACE('',(#5217),#22,.T.);
#5738=ADVANCED_FACE('',(#5218),#23,.T.);
#5739=ADVANCED_FACE('',(#5219),#180,.T.);
#5740=ADVANCED_FACE('',(#5220),#5442,.F.);
#5741=ADVANCED_FACE('',(#5221),#5443,.F.);
#5742=ADVANCED_FACE('',(#5222),#5444,.F.);
#5743=ADVANCED_FACE('',(#5223),#5445,.F.);
#5744=ADVANCED_FACE('',(#5224,#5225),#5446,.T.);
#5745=ADVANCED_FACE('',(#5226,#5227),#5447,.T.);
#5746=ADVANCED_FACE('',(#5228,#5229),#5448,.T.);
#5747=ADVANCED_FACE('',(#5230),#5449,.F.);
#5748=ADVANCED_FACE('',(#5231,#5232),#181,.F.);
#5749=ADVANCED_FACE('',(#5233,#5234),#5450,.T.);
#5750=ADVANCED_FACE('',(#5235),#5451,.T.);
#5751=ADVANCED_FACE('',(#5236),#5452,.T.);
#5752=ADVANCED_FACE('',(#5237),#5453,.T.);
#5753=ADVANCED_FACE('',(#5238),#5454,.T.);
#5754=ADVANCED_FACE('',(#5239),#5455,.T.);
#5755=ADVANCED_FACE('',(#5240),#5456,.T.);
#5756=ADVANCED_FACE('',(#5241,#5242),#5457,.F.);
#5757=ADVANCED_FACE('',(#5243,#5244),#182,.F.);
#5758=ADVANCED_FACE('',(#5245),#5458,.F.);
#5759=ADVANCED_FACE('',(#5246,#5247),#183,.F.);
#5760=ADVANCED_FACE('',(#5248,#5249),#5459,.T.);
#5761=ADVANCED_FACE('',(#5250),#5460,.T.);
#5762=ADVANCED_FACE('',(#5251),#5461,.T.);
#5763=ADVANCED_FACE('',(#5252),#5462,.T.);
#5764=ADVANCED_FACE('',(#5253),#5463,.T.);
#5765=ADVANCED_FACE('',(#5254),#5464,.T.);
#5766=ADVANCED_FACE('',(#5255),#5465,.T.);
#5767=ADVANCED_FACE('',(#5256,#5257),#5466,.F.);
#5768=ADVANCED_FACE('',(#5258,#5259),#184,.F.);
#5769=ADVANCED_FACE('',(#5260),#5467,.F.);
#5770=ADVANCED_FACE('',(#5261,#5262),#185,.F.);
#5771=ADVANCED_FACE('',(#5263,#5264),#5468,.T.);
#5772=ADVANCED_FACE('',(#5265),#5469,.T.);
#5773=ADVANCED_FACE('',(#5266),#5470,.T.);
#5774=ADVANCED_FACE('',(#5267),#5471,.T.);
#5775=ADVANCED_FACE('',(#5268),#5472,.T.);
#5776=ADVANCED_FACE('',(#5269),#5473,.T.);
#5777=ADVANCED_FACE('',(#5270),#5474,.T.);
#5778=ADVANCED_FACE('',(#5271,#5272),#5475,.F.);
#5779=ADVANCED_FACE('',(#5273,#5274),#186,.F.);
#5780=ADVANCED_FACE('',(#5275),#5476,.F.);
#5781=ADVANCED_FACE('',(#5276),#5477,.T.);
#5782=ADVANCED_FACE('',(#5277),#5478,.F.);
#5783=ADVANCED_FACE('',(#5278),#5479,.T.);
#5784=ADVANCED_FACE('',(#5279),#5480,.F.);
#5785=ADVANCED_FACE('',(#5280),#5481,.T.);
#5786=ADVANCED_FACE('',(#5281),#5482,.F.);
#5787=ADVANCED_FACE('',(#5282),#5483,.F.);
#5788=ADVANCED_FACE('',(#5283),#5484,.T.);
#5789=ADVANCED_FACE('',(#5284),#5485,.F.);
#5790=ADVANCED_FACE('',(#5285),#5486,.F.);
#5791=ADVANCED_FACE('',(#5286),#5487,.F.);
#5792=ADVANCED_FACE('',(#5287),#12,.F.);
#5793=ADVANCED_FACE('',(#5288),#5488,.F.);
#5794=ADVANCED_FACE('',(#5289),#5489,.F.);
#5795=ADVANCED_FACE('',(#5290),#5490,.T.);
#5796=CLOSED_SHELL('',(#5491,#5492,#5493,#5494,#5495,#5496,#5497,#5498,
#5499,#5500,#5501,#5502,#5503,#5504,#5505,#5506,#5507,#5508,#5509,#5510,
#5511,#5512,#5513,#5514,#5515,#5516,#5517,#5518,#5519,#5520,#5521,#5522,
#5523,#5524,#5525,#5526,#5527,#5528,#5529,#5530,#5531,#5532,#5533,#5534,
#5535,#5536,#5537,#5538,#5539,#5540,#5541,#5542,#5543,#5544,#5545,#5546,
#5547,#5548,#5549,#5550,#5551,#5552,#5553,#5554,#5555,#5556,#5557,#5558,
#5559,#5560,#5561,#5562,#5563,#5564,#5565,#5566,#5567,#5568,#5569,#5570,
#5571,#5572,#5573,#5574,#5575,#5576,#5577,#5578,#5579,#5580,#5581,#5582,
#5583,#5584,#5585,#5586,#5587,#5588,#5589,#5590,#5591,#5592,#5593,#5594,
#5595,#5596,#5597,#5598,#5599,#5600,#5601,#5602,#5603,#5604,#5605,#5606,
#5607,#5608,#5609,#5610,#5611,#5612,#5613,#5614,#5615,#5616,#5617,#5618,
#5619,#5620,#5621,#5622,#5623,#5624,#5625,#5626,#5627,#5628,#5629,#5630,
#5631,#5632,#5633,#5634,#5635,#5636,#5637,#5638,#5639,#5640,#5641,#5642,
#5643,#5644,#5645,#5646,#5647,#5648,#5649,#5650,#5651,#5652,#5653,#5654,
#5655,#5656,#5657,#5658,#5659,#5660,#5661,#5662,#5663,#5664,#5665,#5666,
#5667,#5668,#5669,#5670,#5671,#5672,#5673,#5674,#5675,#5676,#5677,#5678,
#5679,#5680,#5681,#5682,#5683,#5684,#5685,#5686,#5687,#5688,#5689,#5690,
#5691,#5692,#5693,#5694,#5695,#5696,#5697,#5698,#5699,#5700,#5701,#5702,
#5703,#5704,#5705,#5706,#5707,#5708,#5709,#5710,#5711,#5712,#5713,#5714,
#5715,#5716,#5717,#5718,#5719,#5720,#5721,#5722,#5723,#5724,#5725,#5726,
#5727,#5728,#5729,#5730,#5731,#5732,#5733,#5734,#5735,#5736,#5737,#5738,
#5739,#5740,#5741,#5742,#5743,#5744,#5745,#5746,#5747,#5748,#5749,#5750,
#5751,#5752,#5753,#5754,#5755,#5756,#5757,#5758,#5759,#5760,#5761,#5762,
#5763,#5764,#5765,#5766,#5767,#5768,#5769,#5770,#5771,#5772,#5773,#5774,
#5775,#5776,#5777,#5778,#5779,#5780,#5781,#5782,#5783,#5784,#5785,#5786,
#5787,#5788,#5789,#5790,#5791,#5792,#5793,#5794,#5795));
#5797=STYLED_ITEM('',(#5798),#5805);
#5798=PRESENTATION_STYLE_ASSIGNMENT((#5799));
#5799=SURFACE_STYLE_USAGE(.BOTH.,#5800);
#5800=SURFACE_SIDE_STYLE('',(#5801));
#5801=SURFACE_STYLE_FILL_AREA(#5802);
#5802=FILL_AREA_STYLE('',(#5803));
#5803=FILL_AREA_STYLE_COLOUR('',#5804);
#5804=COLOUR_RGB('',0.796078431372549,0.823529411764706,0.937254901960784);
#5805=MANIFOLD_SOLID_BREP('Base Bone 1.2_V02_pinky',#5796);
#5806=SHAPE_DEFINITION_REPRESENTATION(#10234,#5807);
#5807=SHAPE_REPRESENTATION('Base Bone 1.2_V02_pinky',(#5808),#10229);
#5808=AXIS2_PLACEMENT_3D('',#8011,#6372,#6373);
#5809=AXIS2_PLACEMENT_3D('',#8012,#6374,#6375);
#5810=AXIS2_PLACEMENT_3D('',#8020,#6379,#6380);
#5811=AXIS2_PLACEMENT_3D('',#8028,#6384,#6385);
#5812=AXIS2_PLACEMENT_3D('',#8032,#6387,#6388);
#5813=AXIS2_PLACEMENT_3D('',#8040,#6392,#6393);
#5814=AXIS2_PLACEMENT_3D('',#8052,#6399,#6400);
#5815=AXIS2_PLACEMENT_3D('',#8060,#6404,#6405);
#5816=AXIS2_PLACEMENT_3D('',#8064,#6407,#6408);
#5817=AXIS2_PLACEMENT_3D('',#8072,#6412,#6413);
#5818=AXIS2_PLACEMENT_3D('',#8084,#6419,#6420);
#5819=AXIS2_PLACEMENT_3D('',#8092,#6424,#6425);
#5820=AXIS2_PLACEMENT_3D('',#8096,#6427,#6428);
#5821=AXIS2_PLACEMENT_3D('',#8104,#6432,#6433);
#5822=AXIS2_PLACEMENT_3D('',#8109,#6436,#6437);
#5823=AXIS2_PLACEMENT_3D('',#8111,#6438,#6439);
#5824=AXIS2_PLACEMENT_3D('',#8113,#6440,#6441);
#5825=AXIS2_PLACEMENT_3D('',#8115,#6442,#6443);
#5826=AXIS2_PLACEMENT_3D('',#8117,#6444,#6445);
#5827=AXIS2_PLACEMENT_3D('',#8119,#6446,#6447);
#5828=AXIS2_PLACEMENT_3D('',#8126,#6450,#6451);
#5829=AXIS2_PLACEMENT_3D('',#8133,#6455,#6456);
#5830=AXIS2_PLACEMENT_3D('',#8139,#6459,#6460);
#5831=AXIS2_PLACEMENT_3D('',#8147,#6464,#6465);
#5832=AXIS2_PLACEMENT_3D('',#8151,#6467,#6468);
#5833=AXIS2_PLACEMENT_3D('',#8159,#6472,#6473);
#5834=AXIS2_PLACEMENT_3D('',#8171,#6479,#6480);
#5835=AXIS2_PLACEMENT_3D('',#8179,#6484,#6485);
#5836=AXIS2_PLACEMENT_3D('',#8183,#6487,#6488);
#5837=AXIS2_PLACEMENT_3D('',#8191,#6492,#6493);
#5838=AXIS2_PLACEMENT_3D('',#8203,#6499,#6500);
#5839=AXIS2_PLACEMENT_3D('',#8211,#6504,#6505);
#5840=AXIS2_PLACEMENT_3D('',#8215,#6507,#6508);
#5841=AXIS2_PLACEMENT_3D('',#8223,#6512,#6513);
#5842=AXIS2_PLACEMENT_3D('',#8241,#6522,#6523);
#5843=AXIS2_PLACEMENT_3D('',#8242,#6524,#6525);
#5844=AXIS2_PLACEMENT_3D('',#8243,#6526,#6527);
#5845=AXIS2_PLACEMENT_3D('',#8248,#6529,#6530);
#5846=AXIS2_PLACEMENT_3D('',#8251,#6532,#6533);
#5847=AXIS2_PLACEMENT_3D('',#8259,#6538,#6539);
#5848=AXIS2_PLACEMENT_3D('',#8263,#6541,#6542);
#5849=AXIS2_PLACEMENT_3D('',#8267,#6544,#6545);
#5850=AXIS2_PLACEMENT_3D('',#8271,#6547,#6548);
#5851=AXIS2_PLACEMENT_3D('',#8300,#6553,#6554);
#5852=AXIS2_PLACEMENT_3D('',#8304,#6556,#6557);
#5853=AXIS2_PLACEMENT_3D('',#8308,#6559,#6560);
#5854=AXIS2_PLACEMENT_3D('',#8312,#6562,#6563);
#5855=AXIS2_PLACEMENT_3D('',#8316,#6565,#6566);
#5856=AXIS2_PLACEMENT_3D('',#8320,#6568,#6569);
#5857=AXIS2_PLACEMENT_3D('',#8324,#6571,#6572);
#5858=AXIS2_PLACEMENT_3D('',#8329,#6575,#6576);
#5859=AXIS2_PLACEMENT_3D('',#8333,#6578,#6579);
#5860=AXIS2_PLACEMENT_3D('',#8337,#6581,#6582);
#5861=AXIS2_PLACEMENT_3D('',#8341,#6584,#6585);
#5862=AXIS2_PLACEMENT_3D('',#8342,#6586,#6587);
#5863=AXIS2_PLACEMENT_3D('',#8343,#6588,#6589);
#5864=AXIS2_PLACEMENT_3D('',#8346,#6590,#6591);
#5865=AXIS2_PLACEMENT_3D('',#8350,#6593,#6594);
#5866=AXIS2_PLACEMENT_3D('',#8354,#6596,#6597);
#5867=AXIS2_PLACEMENT_3D('',#8358,#6599,#6600);
#5868=AXIS2_PLACEMENT_3D('',#8360,#6601,#6602);
#5869=AXIS2_PLACEMENT_3D('',#8362,#6603,#6604);
#5870=AXIS2_PLACEMENT_3D('',#8367,#6607,#6608);
#5871=AXIS2_PLACEMENT_3D('',#8371,#6610,#6611);
#5872=AXIS2_PLACEMENT_3D('',#8373,#6612,#6613);
#5873=AXIS2_PLACEMENT_3D('',#8375,#6614,#6615);
#5874=AXIS2_PLACEMENT_3D('',#8379,#6617,#6618);
#5875=AXIS2_PLACEMENT_3D('',#8383,#6620,#6621);
#5876=AXIS2_PLACEMENT_3D('',#8387,#6623,#6624);
#5877=AXIS2_PLACEMENT_3D('',#8389,#6625,#6626);
#5878=AXIS2_PLACEMENT_3D('',#8391,#6627,#6628);
#5879=AXIS2_PLACEMENT_3D('',#8413,#6632,#6633);
#5880=AXIS2_PLACEMENT_3D('',#8417,#6635,#6636);
#5881=AXIS2_PLACEMENT_3D('',#8421,#6638,#6639);
#5882=AXIS2_PLACEMENT_3D('',#8422,#6640,#6641);
#5883=AXIS2_PLACEMENT_3D('',#8425,#6644,#6645);
#5884=AXIS2_PLACEMENT_3D('',#8428,#6648,#6649);
#5885=AXIS2_PLACEMENT_3D('',#8431,#6652,#6653);
#5886=AXIS2_PLACEMENT_3D('',#8432,#6654,#6655);
#5887=AXIS2_PLACEMENT_3D('',#8434,#6656,#6657);
#5888=AXIS2_PLACEMENT_3D('',#8436,#6658,#6659);
#5889=AXIS2_PLACEMENT_3D('',#8445,#6664,#6665);
#5890=AXIS2_PLACEMENT_3D('',#8451,#6669,#6670);
#5891=AXIS2_PLACEMENT_3D('',#8457,#6674,#6675);
#5892=AXIS2_PLACEMENT_3D('',#8463,#6679,#6680);
#5893=AXIS2_PLACEMENT_3D('',#8469,#6684,#6685);
#5894=AXIS2_PLACEMENT_3D('',#8472,#6688,#6689);
#5895=AXIS2_PLACEMENT_3D('',#8473,#6690,#6691);
#5896=AXIS2_PLACEMENT_3D('',#8474,#6692,#6693);
#5897=AXIS2_PLACEMENT_3D('',#8476,#6694,#6695);
#5898=AXIS2_PLACEMENT_3D('',#8477,#6696,#6697);
#5899=AXIS2_PLACEMENT_3D('',#8479,#6698,#6699);
#5900=AXIS2_PLACEMENT_3D('',#8480,#6700,#6701);
#5901=AXIS2_PLACEMENT_3D('',#8487,#6705,#6706);
#5902=AXIS2_PLACEMENT_3D('',#8488,#6707,#6708);
#5903=AXIS2_PLACEMENT_3D('',#8495,#6709,#6710);
#5904=AXIS2_PLACEMENT_3D('',#8498,#6712,#6713);
#5905=AXIS2_PLACEMENT_3D('',#8499,#6714,#6715);
#5906=AXIS2_PLACEMENT_3D('',#8501,#6716,#6717);
#5907=AXIS2_PLACEMENT_3D('',#8503,#6718,#6719);
#5908=AXIS2_PLACEMENT_3D('',#8507,#6721,#6722);
#5909=AXIS2_PLACEMENT_3D('',#8513,#6723,#6724);
#5910=AXIS2_PLACEMENT_3D('',#8519,#6728,#6729);
#5911=AXIS2_PLACEMENT_3D('',#8520,#6730,#6731);
#5912=AXIS2_PLACEMENT_3D('',#8524,#6733,#6734);
#5913=AXIS2_PLACEMENT_3D('',#8525,#6735,#6736);
#5914=AXIS2_PLACEMENT_3D('',#8529,#6738,#6739);
#5915=AXIS2_PLACEMENT_3D('',#8535,#6743,#6744);
#5916=AXIS2_PLACEMENT_3D('',#8536,#6745,#6746);
#5917=AXIS2_PLACEMENT_3D('',#8539,#6748,#6749);
#5918=AXIS2_PLACEMENT_3D('',#8540,#6750,#6751);
#5919=AXIS2_PLACEMENT_3D('',#8544,#6754,#6755);
#5920=AXIS2_PLACEMENT_3D('',#8545,#6756,#6757);
#5921=AXIS2_PLACEMENT_3D('',#8557,#6763,#6764);
#5922=AXIS2_PLACEMENT_3D('',#8561,#6766,#6767);
#5923=AXIS2_PLACEMENT_3D('',#8567,#6768,#6769);
#5924=AXIS2_PLACEMENT_3D('',#8568,#6770,#6771);
#5925=AXIS2_PLACEMENT_3D('',#8579,#6772,#6773);
#5926=AXIS2_PLACEMENT_3D('',#8589,#6774,#6775);
#5927=AXIS2_PLACEMENT_3D('',#8590,#6776,#6777);
#5928=AXIS2_PLACEMENT_3D('',#8591,#6778,#6779);
#5929=AXIS2_PLACEMENT_3D('',#8593,#6780,#6781);
#5930=AXIS2_PLACEMENT_3D('',#8595,#6782,#6783);
#5931=AXIS2_PLACEMENT_3D('',#8596,#6784,#6785);
#5932=AXIS2_PLACEMENT_3D('',#8597,#6786,#6787);
#5933=AXIS2_PLACEMENT_3D('',#8599,#6788,#6789);
#5934=AXIS2_PLACEMENT_3D('',#8601,#6790,#6791);
#5935=AXIS2_PLACEMENT_3D('',#8602,#6792,#6793);
#5936=AXIS2_PLACEMENT_3D('',#8606,#6795,#6796);
#5937=AXIS2_PLACEMENT_3D('',#8610,#6798,#6799);
#5938=AXIS2_PLACEMENT_3D('',#8611,#6800,#6801);
#5939=AXIS2_PLACEMENT_3D('',#8612,#6802,#6803);
#5940=AXIS2_PLACEMENT_3D('',#8620,#6807,#6808);
#5941=AXIS2_PLACEMENT_3D('',#8623,#6810,#6811);
#5942=AXIS2_PLACEMENT_3D('',#8626,#6813,#6814);
#5943=AXIS2_PLACEMENT_3D('',#8627,#6815,#6816);
#5944=AXIS2_PLACEMENT_3D('',#8635,#6820,#6821);
#5945=AXIS2_PLACEMENT_3D('',#8636,#6822,#6823);
#5946=AXIS2_PLACEMENT_3D('',#8640,#6825,#6826);
#5947=AXIS2_PLACEMENT_3D('',#8641,#6827,#6828);
#5948=AXIS2_PLACEMENT_3D('',#8642,#6829,#6830);
#5949=AXIS2_PLACEMENT_3D('',#8648,#6833,#6834);
#5950=AXIS2_PLACEMENT_3D('',#8657,#6836,#6837);
#5951=AXIS2_PLACEMENT_3D('',#8658,#6838,#6839);
#5952=AXIS2_PLACEMENT_3D('',#8659,#6840,#6841);
#5953=AXIS2_PLACEMENT_3D('',#8661,#6842,#6843);
#5954=AXIS2_PLACEMENT_3D('',#8662,#6844,#6845);
#5955=AXIS2_PLACEMENT_3D('',#8664,#6846,#6847);
#5956=AXIS2_PLACEMENT_3D('',#8665,#6848,#6849);
#5957=AXIS2_PLACEMENT_3D('',#8669,#6851,#6852);
#5958=AXIS2_PLACEMENT_3D('',#8670,#6853,#6854);
#5959=AXIS2_PLACEMENT_3D('',#8673,#6855,#6856);
#5960=AXIS2_PLACEMENT_3D('',#8676,#6858,#6859);
#5961=AXIS2_PLACEMENT_3D('',#8677,#6860,#6861);
#5962=AXIS2_PLACEMENT_3D('',#8680,#6862,#6863);
#5963=AXIS2_PLACEMENT_3D('',#8681,#6864,#6865);
#5964=AXIS2_PLACEMENT_3D('',#8682,#6866,#6867);
#5965=AXIS2_PLACEMENT_3D('',#8684,#6868,#6869);
#5966=AXIS2_PLACEMENT_3D('',#8685,#6870,#6871);
#5967=AXIS2_PLACEMENT_3D('',#8687,#6872,#6873);
#5968=AXIS2_PLACEMENT_3D('',#8689,#6874,#6875);
#5969=AXIS2_PLACEMENT_3D('',#8690,#6876,#6877);
#5970=AXIS2_PLACEMENT_3D('',#8693,#6879,#6880);
#5971=AXIS2_PLACEMENT_3D('',#8694,#6881,#6882);
#5972=AXIS2_PLACEMENT_3D('',#8695,#6883,#6884);
#5973=AXIS2_PLACEMENT_3D('',#8697,#6885,#6886);
#5974=AXIS2_PLACEMENT_3D('',#8698,#6887,#6888);
#5975=AXIS2_PLACEMENT_3D('',#8699,#6889,#6890);
#5976=AXIS2_PLACEMENT_3D('',#8700,#6891,#6892);
#5977=AXIS2_PLACEMENT_3D('',#8701,#6893,#6894);
#5978=AXIS2_PLACEMENT_3D('',#8714,#6895,#6896);
#5979=AXIS2_PLACEMENT_3D('',#8719,#6899,#6900);
#5980=AXIS2_PLACEMENT_3D('',#8720,#6901,#6902);
#5981=AXIS2_PLACEMENT_3D('',#8753,#6904,#6905);
#5982=AXIS2_PLACEMENT_3D('',#8765,#6906,#6907);
#5983=AXIS2_PLACEMENT_3D('',#8766,#6908,#6909);
#5984=AXIS2_PLACEMENT_3D('',#8785,#6910,#6911);
#5985=AXIS2_PLACEMENT_3D('',#8786,#6912,#6913);
#5986=AXIS2_PLACEMENT_3D('',#8791,#6916,#6917);
#5987=AXIS2_PLACEMENT_3D('',#8798,#6922,#6923);
#5988=AXIS2_PLACEMENT_3D('',#8800,#6925,#6926);
#5989=AXIS2_PLACEMENT_3D('',#8801,#6927,#6928);
#5990=AXIS2_PLACEMENT_3D('',#8803,#6929,#6930);
#5991=AXIS2_PLACEMENT_3D('',#8804,#6931,#6932);
#5992=AXIS2_PLACEMENT_3D('',#8808,#6934,#6935);
#5993=AXIS2_PLACEMENT_3D('',#8809,#6936,#6937);
#5994=AXIS2_PLACEMENT_3D('',#8817,#6939,#6940);
#5995=AXIS2_PLACEMENT_3D('',#8818,#6941,#6942);
#5996=AXIS2_PLACEMENT_3D('',#8819,#6943,#6944);
#5997=AXIS2_PLACEMENT_3D('',#8826,#6948,#6949);
#5998=AXIS2_PLACEMENT_3D('',#8829,#6951,#6952);
#5999=AXIS2_PLACEMENT_3D('',#8833,#6955,#6956);
#6000=AXIS2_PLACEMENT_3D('',#8836,#6958,#6959);
#6001=AXIS2_PLACEMENT_3D('',#8837,#6960,#6961);
#6002=AXIS2_PLACEMENT_3D('',#8841,#6964,#6965);
#6003=AXIS2_PLACEMENT_3D('',#8847,#6968,#6969);
#6004=AXIS2_PLACEMENT_3D('',#8850,#6971,#6972);
#6005=AXIS2_PLACEMENT_3D('',#8857,#6974,#6975);
#6006=AXIS2_PLACEMENT_3D('',#8858,#6976,#6977);
#6007=AXIS2_PLACEMENT_3D('',#8862,#6979,#6980);
#6008=AXIS2_PLACEMENT_3D('',#8863,#6981,#6982);
#6009=AXIS2_PLACEMENT_3D('',#8866,#6984,#6985);
#6010=AXIS2_PLACEMENT_3D('',#8868,#6987,#6988);
#6011=AXIS2_PLACEMENT_3D('',#8869,#6989,#6990);
#6012=AXIS2_PLACEMENT_3D('',#8876,#6994,#6995);
#6013=AXIS2_PLACEMENT_3D('',#8880,#6997,#6998);
#6014=AXIS2_PLACEMENT_3D('',#8886,#7001,#7002);
#6015=AXIS2_PLACEMENT_3D('',#8887,#7003,#7004);
#6016=AXIS2_PLACEMENT_3D('',#8906,#7006,#7007);
#6017=AXIS2_PLACEMENT_3D('',#8912,#7010,#7011);
#6018=AXIS2_PLACEMENT_3D('',#8913,#7012,#7013);
#6019=AXIS2_PLACEMENT_3D('',#8929,#7016,#7017);
#6020=AXIS2_PLACEMENT_3D('',#8930,#7018,#7019);
#6021=AXIS2_PLACEMENT_3D('',#8933,#7021,#7022);
#6022=AXIS2_PLACEMENT_3D('',#8941,#7026,#7027);
#6023=AXIS2_PLACEMENT_3D('',#8944,#7029,#7030);
#6024=AXIS2_PLACEMENT_3D('',#8945,#7031,#7032);
#6025=AXIS2_PLACEMENT_3D('',#8954,#7036,#7037);
#6026=AXIS2_PLACEMENT_3D('',#8957,#7039,#7040);
#6027=AXIS2_PLACEMENT_3D('',#8966,#7042,#7043);
#6028=AXIS2_PLACEMENT_3D('',#8967,#7044,#7045);
#6029=AXIS2_PLACEMENT_3D('',#8968,#7046,#7047);
#6030=AXIS2_PLACEMENT_3D('',#8977,#7048,#7049);
#6031=AXIS2_PLACEMENT_3D('',#8984,#7050,#7051);
#6032=AXIS2_PLACEMENT_3D('',#9018,#7054,#7055);
#6033=AXIS2_PLACEMENT_3D('',#9026,#7058,#7059);
#6034=AXIS2_PLACEMENT_3D('',#9027,#7060,#7061);
#6035=AXIS2_PLACEMENT_3D('',#9040,#7062,#7063);
#6036=AXIS2_PLACEMENT_3D('',#9041,#7064,#7065);
#6037=AXIS2_PLACEMENT_3D('',#9055,#7066,#7067);
#6038=AXIS2_PLACEMENT_3D('',#9061,#7071,#7072);
#6039=AXIS2_PLACEMENT_3D('',#9062,#7073,#7074);
#6040=AXIS2_PLACEMENT_3D('',#9064,#7075,#7076);
#6041=AXIS2_PLACEMENT_3D('',#9071,#7080,#7081);
#6042=AXIS2_PLACEMENT_3D('',#9075,#7083,#7084);
#6043=AXIS2_PLACEMENT_3D('',#9078,#7086,#7087);
#6044=AXIS2_PLACEMENT_3D('',#9095,#7088,#7089);
#6045=AXIS2_PLACEMENT_3D('',#9096,#7090,#7091);
#6046=AXIS2_PLACEMENT_3D('',#9100,#7093,#7094);
#6047=AXIS2_PLACEMENT_3D('',#9108,#7098,#7099);
#6048=AXIS2_PLACEMENT_3D('',#9115,#7103,#7104);
#6049=AXIS2_PLACEMENT_3D('',#9128,#7105,#7106);
#6050=AXIS2_PLACEMENT_3D('',#9135,#7108,#7109);
#6051=AXIS2_PLACEMENT_3D('',#9139,#7111,#7112);
#6052=AXIS2_PLACEMENT_3D('',#9145,#7115,#7116);
#6053=AXIS2_PLACEMENT_3D('',#9146,#7117,#7118);
#6054=AXIS2_PLACEMENT_3D('',#9159,#7120,#7121);
#6055=AXIS2_PLACEMENT_3D('',#9165,#7122,#7123);
#6056=AXIS2_PLACEMENT_3D('',#9169,#7125,#7126);
#6057=AXIS2_PLACEMENT_3D('',#9174,#7129,#7130);
#6058=AXIS2_PLACEMENT_3D('',#9175,#7131,#7132);
#6059=AXIS2_PLACEMENT_3D('',#9192,#7133,#7134);
#6060=AXIS2_PLACEMENT_3D('',#9193,#7135,#7136);
#6061=AXIS2_PLACEMENT_3D('',#9195,#7137,#7138);
#6062=AXIS2_PLACEMENT_3D('',#9197,#7139,#7140);
#6063=AXIS2_PLACEMENT_3D('',#9198,#7141,#7142);
#6064=AXIS2_PLACEMENT_3D('',#9224,#7143,#7144);
#6065=AXIS2_PLACEMENT_3D('',#9228,#7146,#7147);
#6066=AXIS2_PLACEMENT_3D('',#9233,#7150,#7151);
#6067=AXIS2_PLACEMENT_3D('',#9242,#7154,#7155);
#6068=AXIS2_PLACEMENT_3D('',#9243,#7156,#7157);
#6069=AXIS2_PLACEMENT_3D('',#9247,#7159,#7160);
#6070=AXIS2_PLACEMENT_3D('',#9249,#7161,#7162);
#6071=AXIS2_PLACEMENT_3D('',#9250,#7163,#7164);
#6072=AXIS2_PLACEMENT_3D('',#9262,#7166,#7167);
#6073=AXIS2_PLACEMENT_3D('',#9268,#7171,#7172);
#6074=AXIS2_PLACEMENT_3D('',#9269,#7173,#7174);
#6075=AXIS2_PLACEMENT_3D('',#9273,#7176,#7177);
#6076=AXIS2_PLACEMENT_3D('',#9274,#7178,#7179);
#6077=AXIS2_PLACEMENT_3D('',#9280,#7183,#7184);
#6078=AXIS2_PLACEMENT_3D('',#9281,#7185,#7186);
#6079=AXIS2_PLACEMENT_3D('',#9285,#7188,#7189);
#6080=AXIS2_PLACEMENT_3D('',#9286,#7190,#7191);
#6081=AXIS2_PLACEMENT_3D('',#9290,#7193,#7194);
#6082=AXIS2_PLACEMENT_3D('',#9291,#7195,#7196);
#6083=AXIS2_PLACEMENT_3D('',#9292,#7197,#7198);
#6084=AXIS2_PLACEMENT_3D('',#9313,#7199,#7200);
#6085=AXIS2_PLACEMENT_3D('',#9328,#7201,#7202);
#6086=AXIS2_PLACEMENT_3D('',#9334,#7206,#7207);
#6087=AXIS2_PLACEMENT_3D('',#9335,#7208,#7209);
#6088=AXIS2_PLACEMENT_3D('',#9338,#7210,#7211);
#6089=AXIS2_PLACEMENT_3D('',#9339,#7212,#7213);
#6090=AXIS2_PLACEMENT_3D('',#9340,#7214,#7215);
#6091=AXIS2_PLACEMENT_3D('',#9344,#7218,#7219);
#6092=AXIS2_PLACEMENT_3D('',#9347,#7222,#7223);
#6093=AXIS2_PLACEMENT_3D('',#9348,#7224,#7225);
#6094=AXIS2_PLACEMENT_3D('',#9352,#7227,#7228);
#6095=AXIS2_PLACEMENT_3D('',#9364,#7229,#7230);
#6096=AXIS2_PLACEMENT_3D('',#9366,#7232,#7233);
#6097=AXIS2_PLACEMENT_3D('',#9368,#7235,#7236);
#6098=AXIS2_PLACEMENT_3D('',#9369,#7237,#7238);
#6099=AXIS2_PLACEMENT_3D('',#9370,#7239,#7240);
#6100=AXIS2_PLACEMENT_3D('',#9371,#7241,#7242);
#6101=AXIS2_PLACEMENT_3D('',#9372,#7243,#7244);
#6102=AXIS2_PLACEMENT_3D('',#9373,#7245,#7246);
#6103=AXIS2_PLACEMENT_3D('',#9375,#7247,#7248);
#6104=AXIS2_PLACEMENT_3D('',#9377,#7250,#7251);
#6105=AXIS2_PLACEMENT_3D('',#9381,#7254,#7255);
#6106=AXIS2_PLACEMENT_3D('',#9382,#7256,#7257);
#6107=AXIS2_PLACEMENT_3D('',#9383,#7258,#7259);
#6108=AXIS2_PLACEMENT_3D('',#9398,#7261,#7262);
#6109=AXIS2_PLACEMENT_3D('',#9402,#7265,#7266);
#6110=AXIS2_PLACEMENT_3D('',#9404,#7268,#7269);
#6111=AXIS2_PLACEMENT_3D('',#9405,#7270,#7271);
#6112=AXIS2_PLACEMENT_3D('',#9409,#7274,#7275);
#6113=AXIS2_PLACEMENT_3D('',#9412,#7278,#7279);
#6114=AXIS2_PLACEMENT_3D('',#9417,#7280,#7281);
#6115=AXIS2_PLACEMENT_3D('',#9421,#7283,#7284);
#6116=AXIS2_PLACEMENT_3D('',#9433,#7285,#7286);
#6117=AXIS2_PLACEMENT_3D('',#9435,#7288,#7289);
#6118=AXIS2_PLACEMENT_3D('',#9437,#7291,#7292);
#6119=AXIS2_PLACEMENT_3D('',#9438,#7293,#7294);
#6120=AXIS2_PLACEMENT_3D('',#9439,#7295,#7296);
#6121=AXIS2_PLACEMENT_3D('',#9440,#7297,#7298);
#6122=AXIS2_PLACEMENT_3D('',#9441,#7299,#7300);
#6123=AXIS2_PLACEMENT_3D('',#9443,#7302,#7303);
#6124=AXIS2_PLACEMENT_3D('',#9445,#7305,#7306);
#6125=AXIS2_PLACEMENT_3D('',#9446,#7307,#7308);
#6126=AXIS2_PLACEMENT_3D('',#9447,#7309,#7310);
#6127=AXIS2_PLACEMENT_3D('',#9460,#7312,#7313);
#6128=AXIS2_PLACEMENT_3D('',#9464,#7316,#7317);
#6129=AXIS2_PLACEMENT_3D('',#9466,#7319,#7320);
#6130=AXIS2_PLACEMENT_3D('',#9467,#7321,#7322);
#6131=AXIS2_PLACEMENT_3D('',#9471,#7325,#7326);
#6132=AXIS2_PLACEMENT_3D('',#9474,#7329,#7330);
#6133=AXIS2_PLACEMENT_3D('',#9475,#7331,#7332);
#6134=AXIS2_PLACEMENT_3D('',#9479,#7334,#7335);
#6135=AXIS2_PLACEMENT_3D('',#9491,#7336,#7337);
#6136=AXIS2_PLACEMENT_3D('',#9493,#7339,#7340);
#6137=AXIS2_PLACEMENT_3D('',#9495,#7342,#7343);
#6138=AXIS2_PLACEMENT_3D('',#9496,#7344,#7345);
#6139=AXIS2_PLACEMENT_3D('',#9497,#7346,#7347);
#6140=AXIS2_PLACEMENT_3D('',#9498,#7348,#7349);
#6141=AXIS2_PLACEMENT_3D('',#9499,#7350,#7351);
#6142=AXIS2_PLACEMENT_3D('',#9500,#7352,#7353);
#6143=AXIS2_PLACEMENT_3D('',#9502,#7355,#7356);
#6144=AXIS2_PLACEMENT_3D('',#9506,#7359,#7360);
#6145=AXIS2_PLACEMENT_3D('',#9507,#7361,#7362);
#6146=AXIS2_PLACEMENT_3D('',#9508,#7363,#7364);
#6147=AXIS2_PLACEMENT_3D('',#9522,#7366,#7367);
#6148=AXIS2_PLACEMENT_3D('',#9526,#7370,#7371);
#6149=AXIS2_PLACEMENT_3D('',#9528,#7373,#7374);
#6150=AXIS2_PLACEMENT_3D('',#9529,#7375,#7376);
#6151=AXIS2_PLACEMENT_3D('',#9530,#7377,#7378);
#6152=AXIS2_PLACEMENT_3D('',#9531,#7379,#7380);
#6153=AXIS2_PLACEMENT_3D('',#9532,#7381,#7382);
#6154=AXIS2_PLACEMENT_3D('',#9533,#7383,#7384);
#6155=AXIS2_PLACEMENT_3D('',#9534,#7385,#7386);
#6156=AXIS2_PLACEMENT_3D('',#9535,#7387,#7388);
#6157=AXIS2_PLACEMENT_3D('',#9536,#7389,#7390);
#6158=AXIS2_PLACEMENT_3D('',#9546,#7391,#7392);
#6159=AXIS2_PLACEMENT_3D('',#9547,#7393,#7394);
#6160=AXIS2_PLACEMENT_3D('',#9548,#7395,#7396);
#6161=AXIS2_PLACEMENT_3D('',#9549,#7397,#7398);
#6162=AXIS2_PLACEMENT_3D('',#9557,#7402,#7403);
#6163=AXIS2_PLACEMENT_3D('',#9565,#7404,#7405);
#6164=AXIS2_PLACEMENT_3D('',#9566,#7406,#7407);
#6165=AXIS2_PLACEMENT_3D('',#9567,#7408,#7409);
#6166=AXIS2_PLACEMENT_3D('',#9570,#7411,#7412);
#6167=AXIS2_PLACEMENT_3D('',#9571,#7413,#7414);
#6168=AXIS2_PLACEMENT_3D('',#9578,#7415,#7416);
#6169=AXIS2_PLACEMENT_3D('',#9579,#7417,#7418);
#6170=AXIS2_PLACEMENT_3D('',#9580,#7419,#7420);
#6171=AXIS2_PLACEMENT_3D('',#9584,#7422,#7423);
#6172=AXIS2_PLACEMENT_3D('',#9585,#7424,#7425);
#6173=AXIS2_PLACEMENT_3D('',#9589,#7428,#7429);
#6174=AXIS2_PLACEMENT_3D('',#9595,#7433,#7434);
#6175=AXIS2_PLACEMENT_3D('',#9599,#7437,#7438);
#6176=AXIS2_PLACEMENT_3D('',#9601,#7440,#7441);
#6177=AXIS2_PLACEMENT_3D('',#9604,#7443,#7444);
#6178=AXIS2_PLACEMENT_3D('',#9605,#7445,#7446);
#6179=AXIS2_PLACEMENT_3D('',#9610,#7448,#7449);
#6180=AXIS2_PLACEMENT_3D('',#9614,#7452,#7453);
#6181=AXIS2_PLACEMENT_3D('',#9616,#7455,#7456);
#6182=AXIS2_PLACEMENT_3D('',#9617,#7457,#7458);
#6183=AXIS2_PLACEMENT_3D('',#9628,#7459,#7460);
#6184=AXIS2_PLACEMENT_3D('',#9638,#7461,#7462);
#6185=AXIS2_PLACEMENT_3D('',#9639,#7463,#7464);
#6186=AXIS2_PLACEMENT_3D('',#9640,#7465,#7466);
#6187=AXIS2_PLACEMENT_3D('',#9641,#7467,#7468);
#6188=AXIS2_PLACEMENT_3D('',#9642,#7469,#7470);
#6189=AXIS2_PLACEMENT_3D('',#9643,#7471,#7472);
#6190=AXIS2_PLACEMENT_3D('',#9644,#7473,#7474);
#6191=AXIS2_PLACEMENT_3D('',#9646,#7475,#7476);
#6192=AXIS2_PLACEMENT_3D('',#9650,#7479,#7480);
#6193=AXIS2_PLACEMENT_3D('',#9653,#7482,#7483);
#6194=AXIS2_PLACEMENT_3D('',#9658,#7486,#7487);
#6195=AXIS2_PLACEMENT_3D('',#9659,#7488,#7489);
#6196=AXIS2_PLACEMENT_3D('',#9666,#7490,#7491);
#6197=AXIS2_PLACEMENT_3D('',#9671,#7492,#7493);
#6198=AXIS2_PLACEMENT_3D('',#9677,#7497,#7498);
#6199=AXIS2_PLACEMENT_3D('',#9680,#7500,#7501);
#6200=AXIS2_PLACEMENT_3D('',#9681,#7502,#7503);
#6201=AXIS2_PLACEMENT_3D('',#9683,#7505,#7506);
#6202=AXIS2_PLACEMENT_3D('',#9689,#7510,#7511);
#6203=AXIS2_PLACEMENT_3D('',#9690,#7512,#7513);
#6204=AXIS2_PLACEMENT_3D('',#9693,#7515,#7516);
#6205=AXIS2_PLACEMENT_3D('',#9704,#7518,#7519);
#6206=AXIS2_PLACEMENT_3D('',#9705,#7520,#7521);
#6207=AXIS2_PLACEMENT_3D('',#9706,#7522,#7523);
#6208=AXIS2_PLACEMENT_3D('',#9711,#7526,#7527);
#6209=AXIS2_PLACEMENT_3D('',#9715,#7530,#7531);
#6210=AXIS2_PLACEMENT_3D('',#9716,#7532,#7533);
#6211=AXIS2_PLACEMENT_3D('',#9717,#7534,#7535);
#6212=AXIS2_PLACEMENT_3D('',#9726,#7540,#7541);
#6213=AXIS2_PLACEMENT_3D('',#9735,#7546,#7547);
#6214=AXIS2_PLACEMENT_3D('',#9744,#7552,#7553);
#6215=AXIS2_PLACEMENT_3D('',#9745,#7554,#7555);
#6216=AXIS2_PLACEMENT_3D('',#9748,#7557,#7558);
#6217=AXIS2_PLACEMENT_3D('',#9751,#7560,#7561);
#6218=AXIS2_PLACEMENT_3D('',#9759,#7563,#7564);
#6219=AXIS2_PLACEMENT_3D('',#9760,#7565,#7566);
#6220=AXIS2_PLACEMENT_3D('',#9761,#7567,#7568);
#6221=AXIS2_PLACEMENT_3D('',#9764,#7571,#7572);
#6222=AXIS2_PLACEMENT_3D('',#9768,#7575,#7576);
#6223=AXIS2_PLACEMENT_3D('',#9772,#7579,#7580);
#6224=AXIS2_PLACEMENT_3D('',#9773,#7581,#7582);
#6225=AXIS2_PLACEMENT_3D('',#9774,#7583,#7584);
#6226=AXIS2_PLACEMENT_3D('',#9775,#7585,#7586);
#6227=AXIS2_PLACEMENT_3D('',#9776,#7587,#7588);
#6228=AXIS2_PLACEMENT_3D('',#9777,#7589,#7590);
#6229=AXIS2_PLACEMENT_3D('',#9778,#7591,#7592);
#6230=AXIS2_PLACEMENT_3D('',#9781,#7594,#7595);
#6231=AXIS2_PLACEMENT_3D('',#9782,#7596,#7597);
#6232=AXIS2_PLACEMENT_3D('',#9786,#7600,#7601);
#6233=AXIS2_PLACEMENT_3D('',#9788,#7603,#7604);
#6234=AXIS2_PLACEMENT_3D('',#9791,#7607,#7608);
#6235=AXIS2_PLACEMENT_3D('',#9795,#7611,#7612);
#6236=AXIS2_PLACEMENT_3D('',#9799,#7615,#7616);
#6237=AXIS2_PLACEMENT_3D('',#9800,#7617,#7618);
#6238=AXIS2_PLACEMENT_3D('',#9801,#7619,#7620);
#6239=AXIS2_PLACEMENT_3D('',#9802,#7621,#7622);
#6240=AXIS2_PLACEMENT_3D('',#9803,#7623,#7624);
#6241=AXIS2_PLACEMENT_3D('',#9806,#7626,#7627);
#6242=AXIS2_PLACEMENT_3D('',#9807,#7628,#7629);
#6243=AXIS2_PLACEMENT_3D('',#9811,#7632,#7633);
#6244=AXIS2_PLACEMENT_3D('',#9813,#7635,#7636);
#6245=AXIS2_PLACEMENT_3D('',#9816,#7639,#7640);
#6246=AXIS2_PLACEMENT_3D('',#9820,#7643,#7644);
#6247=AXIS2_PLACEMENT_3D('',#9824,#7647,#7648);
#6248=AXIS2_PLACEMENT_3D('',#9825,#7649,#7650);
#6249=AXIS2_PLACEMENT_3D('',#9826,#7651,#7652);
#6250=AXIS2_PLACEMENT_3D('',#9827,#7653,#7654);
#6251=AXIS2_PLACEMENT_3D('',#9828,#7655,#7656);
#6252=AXIS2_PLACEMENT_3D('',#9829,#7657,#7658);
#6253=AXIS2_PLACEMENT_3D('',#9830,#7659,#7660);
#6254=AXIS2_PLACEMENT_3D('',#9833,#7662,#7663);
#6255=AXIS2_PLACEMENT_3D('',#9834,#7664,#7665);
#6256=AXIS2_PLACEMENT_3D('',#9838,#7668,#7669);
#6257=AXIS2_PLACEMENT_3D('',#9840,#7671,#7672);
#6258=AXIS2_PLACEMENT_3D('',#9843,#7675,#7676);
#6259=AXIS2_PLACEMENT_3D('',#9846,#7679,#7680);
#6260=AXIS2_PLACEMENT_3D('',#9847,#7681,#7682);
#6261=AXIS2_PLACEMENT_3D('',#9848,#7683,#7684);
#6262=AXIS2_PLACEMENT_3D('',#9849,#7685,#7686);
#6263=AXIS2_PLACEMENT_3D('',#9850,#7687,#7688);
#6264=AXIS2_PLACEMENT_3D('',#9853,#7691,#7692);
#6265=AXIS2_PLACEMENT_3D('',#9856,#7695,#7696);
#6266=AXIS2_PLACEMENT_3D('',#9860,#7700,#7701);
#6267=AXIS2_PLACEMENT_3D('',#9862,#7703,#7704);
#6268=AXIS2_PLACEMENT_3D('',#9864,#7706,#7707);
#6269=AXIS2_PLACEMENT_3D('',#9916,#7710,#7711);
#6270=AXIS2_PLACEMENT_3D('',#9917,#7712,#7713);
#6271=AXIS2_PLACEMENT_3D('',#9918,#7714,#7715);
#6272=AXIS2_PLACEMENT_3D('',#9919,#7716,#7717);
#6273=AXIS2_PLACEMENT_3D('',#9920,#7718,#7719);
#6274=AXIS2_PLACEMENT_3D('',#9921,#7720,#7721);
#6275=AXIS2_PLACEMENT_3D('',#9922,#7722,#7723);
#6276=AXIS2_PLACEMENT_3D('',#9923,#7724,#7725);
#6277=AXIS2_PLACEMENT_3D('',#9924,#7726,#7727);
#6278=AXIS2_PLACEMENT_3D('',#9928,#7730,#7731);
#6279=AXIS2_PLACEMENT_3D('',#9930,#7733,#7734);
#6280=AXIS2_PLACEMENT_3D('',#9933,#7737,#7738);
#6281=AXIS2_PLACEMENT_3D('',#9936,#7741,#7742);
#6282=AXIS2_PLACEMENT_3D('',#9938,#7744,#7745);
#6283=AXIS2_PLACEMENT_3D('',#9939,#7746,#7747);
#6284=AXIS2_PLACEMENT_3D('',#9942,#7750,#7751);
#6285=AXIS2_PLACEMENT_3D('',#9945,#7754,#7755);
#6286=AXIS2_PLACEMENT_3D('',#9947,#7757,#7758);
#6287=AXIS2_PLACEMENT_3D('',#9948,#7759,#7760);
#6288=AXIS2_PLACEMENT_3D('',#9960,#7767,#7768);
#6289=AXIS2_PLACEMENT_3D('',#9961,#7769,#7770);
#6290=AXIS2_PLACEMENT_3D('',#9962,#7771,#7772);
#6291=AXIS2_PLACEMENT_3D('',#9963,#7773,#7774);
#6292=AXIS2_PLACEMENT_3D('',#9965,#7775,#7776);
#6293=AXIS2_PLACEMENT_3D('',#9971,#7777,#7778);
#6294=AXIS2_PLACEMENT_3D('',#9972,#7779,#7780);
#6295=AXIS2_PLACEMENT_3D('',#9973,#7781,#7782);
#6296=AXIS2_PLACEMENT_3D('',#9974,#7783,#7784);
#6297=AXIS2_PLACEMENT_3D('',#9975,#7785,#7786);
#6298=AXIS2_PLACEMENT_3D('',#9977,#7787,#7788);
#6299=AXIS2_PLACEMENT_3D('',#9979,#7789,#7790);
#6300=AXIS2_PLACEMENT_3D('',#9980,#7791,#7792);
#6301=AXIS2_PLACEMENT_3D('',#9981,#7793,#7794);
#6302=AXIS2_PLACEMENT_3D('',#9983,#7795,#7796);
#6303=AXIS2_PLACEMENT_3D('',#9984,#7797,#7798);
#6304=AXIS2_PLACEMENT_3D('',#9985,#7799,#7800);
#6305=AXIS2_PLACEMENT_3D('',#9986,#7801,#7802);
#6306=AXIS2_PLACEMENT_3D('',#9988,#7804,#7805);
#6307=AXIS2_PLACEMENT_3D('',#9990,#7807,#7808);
#6308=AXIS2_PLACEMENT_3D('',#9992,#7810,#7811);
#6309=AXIS2_PLACEMENT_3D('',#9994,#7813,#7814);
#6310=AXIS2_PLACEMENT_3D('',#10000,#7818,#7819);
#6311=AXIS2_PLACEMENT_3D('',#10002,#7820,#7821);
#6312=AXIS2_PLACEMENT_3D('',#10008,#7825,#7826);
#6313=AXIS2_PLACEMENT_3D('',#10010,#7827,#7828);
#6314=AXIS2_PLACEMENT_3D('',#10015,#7832,#7833);
#6315=AXIS2_PLACEMENT_3D('',#10017,#7834,#7835);
#6316=AXIS2_PLACEMENT_3D('',#10018,#7836,#7837);
#6317=AXIS2_PLACEMENT_3D('',#10020,#7838,#7839);
#6318=AXIS2_PLACEMENT_3D('',#10021,#7840,#7841);
#6319=AXIS2_PLACEMENT_3D('',#10023,#7842,#7843);
#6320=AXIS2_PLACEMENT_3D('',#10036,#7850,#7851);
#6321=AXIS2_PLACEMENT_3D('',#10042,#7855,#7856);
#6322=AXIS2_PLACEMENT_3D('',#10046,#7859,#7860);
#6323=AXIS2_PLACEMENT_3D('',#10050,#7863,#7864);
#6324=AXIS2_PLACEMENT_3D('',#10054,#7867,#7868);
#6325=AXIS2_PLACEMENT_3D('',#10058,#7871,#7872);
#6326=AXIS2_PLACEMENT_3D('',#10060,#7874,#7875);
#6327=AXIS2_PLACEMENT_3D('',#10061,#7876,#7877);
#6328=AXIS2_PLACEMENT_3D('',#10063,#7878,#7879);
#6329=AXIS2_PLACEMENT_3D('',#10064,#7880,#7881);
#6330=AXIS2_PLACEMENT_3D('',#10065,#7882,#7883);
#6331=AXIS2_PLACEMENT_3D('',#10067,#7884,#7885);
#6332=AXIS2_PLACEMENT_3D('',#10068,#7886,#7887);
#6333=AXIS2_PLACEMENT_3D('',#10070,#7888,#7889);
#6334=AXIS2_PLACEMENT_3D('',#10083,#7896,#7897);
#6335=AXIS2_PLACEMENT_3D('',#10089,#7901,#7902);
#6336=AXIS2_PLACEMENT_3D('',#10093,#7905,#7906);
#6337=AXIS2_PLACEMENT_3D('',#10097,#7909,#7910);
#6338=AXIS2_PLACEMENT_3D('',#10101,#7913,#7914);
#6339=AXIS2_PLACEMENT_3D('',#10105,#7917,#7918);
#6340=AXIS2_PLACEMENT_3D('',#10107,#7920,#7921);
#6341=AXIS2_PLACEMENT_3D('',#10108,#7922,#7923);
#6342=AXIS2_PLACEMENT_3D('',#10110,#7924,#7925);
#6343=AXIS2_PLACEMENT_3D('',#10111,#7926,#7927);
#6344=AXIS2_PLACEMENT_3D('',#10112,#7928,#7929);
#6345=AXIS2_PLACEMENT_3D('',#10114,#7930,#7931);
#6346=AXIS2_PLACEMENT_3D('',#10115,#7932,#7933);
#6347=AXIS2_PLACEMENT_3D('',#10117,#7934,#7935);
#6348=AXIS2_PLACEMENT_3D('',#10130,#7942,#7943);
#6349=AXIS2_PLACEMENT_3D('',#10136,#7947,#7948);
#6350=AXIS2_PLACEMENT_3D('',#10140,#7951,#7952);
#6351=AXIS2_PLACEMENT_3D('',#10144,#7955,#7956);
#6352=AXIS2_PLACEMENT_3D('',#10148,#7959,#7960);
#6353=AXIS2_PLACEMENT_3D('',#10152,#7963,#7964);
#6354=AXIS2_PLACEMENT_3D('',#10154,#7966,#7967);
#6355=AXIS2_PLACEMENT_3D('',#10155,#7968,#7969);
#6356=AXIS2_PLACEMENT_3D('',#10157,#7970,#7971);
#6357=AXIS2_PLACEMENT_3D('',#10158,#7972,#7973);
#6358=AXIS2_PLACEMENT_3D('',#10161,#7976,#7977);
#6359=AXIS2_PLACEMENT_3D('',#10162,#7978,#7979);
#6360=AXIS2_PLACEMENT_3D('',#10163,#7980,#7981);
#6361=AXIS2_PLACEMENT_3D('',#10166,#7984,#7985);
#6362=AXIS2_PLACEMENT_3D('',#10167,#7986,#7987);
#6363=AXIS2_PLACEMENT_3D('',#10168,#7988,#7989);
#6364=AXIS2_PLACEMENT_3D('',#10171,#7992,#7993);
#6365=AXIS2_PLACEMENT_3D('',#10172,#7994,#7995);
#6366=AXIS2_PLACEMENT_3D('',#10173,#7996,#7997);
#6367=AXIS2_PLACEMENT_3D('',#10175,#7999,#8000);
#6368=AXIS2_PLACEMENT_3D('',#10177,#8002,#8003);
#6369=AXIS2_PLACEMENT_3D('',#10225,#8005,#8006);
#6370=AXIS2_PLACEMENT_3D('',#10226,#8007,#8008);
#6371=AXIS2_PLACEMENT_3D('',#10227,#8009,#8010);
#6372=DIRECTION('',(0.,0.,1.));
#6373=DIRECTION('',(1.,0.,0.));
#6374=DIRECTION('',(-1.57225512913891E-16,1.,-2.76245981653977E-17));
#6375=DIRECTION('',(-1.,-1.57225512914225E-16,1.11022302462516E-16));
#6376=DIRECTION('',(1.14273645368066E-15,-2.76245981657335E-17,-1.));
#6377=DIRECTION('',(-1.,-1.57225512914225E-16,-9.71445146547012E-16));
#6378=DIRECTION('',(-4.95073921288632E-16,2.76245981657336E-17,1.));
#6379=DIRECTION('',(-1.57225512913891E-16,1.,-2.76245981653977E-17));
#6380=DIRECTION('',(1.,1.57225512914225E-16,1.14273645368066E-15));
#6381=DIRECTION('',(-1.14273645368066E-15,2.76245981657335E-17,1.));
#6382=DIRECTION('',(1.,1.57225512914225E-16,1.05284300456933E-15));
#6383=DIRECTION('',(1.14273645368066E-15,-2.76245981657335E-17,-1.));
#6384=DIRECTION('',(-1.57225512913891E-16,1.,-2.76245981653977E-17));
#6385=DIRECTION('',(1.,1.57225512914225E-16,1.14273645368066E-15));
#6386=DIRECTION('',(-1.14273645368066E-15,2.76245981657335E-17,1.));
#6387=DIRECTION('',(-1.57225512913891E-16,1.,-2.76245981653977E-17));
#6388=DIRECTION('',(1.,1.57225512914225E-16,1.14273645368066E-15));
#6389=DIRECTION('',(1.14273645368066E-15,-2.76245981657335E-17,-1.));
#6390=DIRECTION('',(1.,1.57225512914225E-16,1.09354193358049E-15));
#6391=DIRECTION('',(-1.14273645368066E-15,2.76245981657335E-17,1.));
#6392=DIRECTION('',(-1.57225512913891E-16,1.,-2.76245981653977E-17));
#6393=DIRECTION('',(1.,1.57225512914225E-16,1.14273645368066E-15));
#6394=DIRECTION('',(-4.95073921288632E-16,2.76245981657336E-17,1.));
#6395=DIRECTION('',(-1.,-1.57225512914225E-16,-9.71445146547012E-16));
#6396=DIRECTION('',(1.14273645368066E-15,-2.76245981657335E-17,-1.));
#6397=DIRECTION('',(-1.,-1.57225512914225E-16,-9.71445146547012E-16));
#6398=DIRECTION('',(-4.95073921288632E-16,2.76245981657336E-17,1.));
#6399=DIRECTION('',(-1.57225512913891E-16,1.,-2.76245981653977E-17));
#6400=DIRECTION('',(1.,1.57225512914225E-16,1.14273645368066E-15));
#6401=DIRECTION('',(-1.14273645368066E-15,2.76245981657335E-17,1.));
#6402=DIRECTION('',(1.,1.57225512914225E-16,1.05284300456933E-15));
#6403=DIRECTION('',(1.14273645368066E-15,-2.76245981657335E-17,-1.));
#6404=DIRECTION('',(-1.57225512913891E-16,1.,-2.76245981653977E-17));
#6405=DIRECTION('',(1.,1.57225512914225E-16,1.14273645368066E-15));
#6406=DIRECTION('',(-1.14273645368066E-15,2.76245981657335E-17,1.));
#6407=DIRECTION('',(-1.57225512913891E-16,1.,-2.76245981653977E-17));
#6408=DIRECTION('',(1.,1.57225512914225E-16,1.14273645368066E-15));
#6409=DIRECTION('',(1.14273645368066E-15,-2.76245981657335E-17,-1.));
#6410=DIRECTION('',(1.,1.57225512914225E-16,1.09354193358049E-15));
#6411=DIRECTION('',(-1.14273645368066E-15,2.76245981657335E-17,1.));
#6412=DIRECTION('',(-1.57225512913891E-16,1.,-2.76245981653977E-17));
#6413=DIRECTION('',(1.,1.57225512914225E-16,1.14273645368066E-15));
#6414=DIRECTION('',(-4.95073921288632E-16,2.76245981657336E-17,1.));
#6415=DIRECTION('',(-1.,-1.57225512914225E-16,-9.71445146547012E-16));
#6416=DIRECTION('',(1.14273645368066E-15,-2.76245981657335E-17,-1.));
#6417=DIRECTION('',(-1.,-1.57225512914225E-16,-9.71445146547012E-16));
#6418=DIRECTION('',(-4.95073921288632E-16,2.76245981657336E-17,1.));
#6419=DIRECTION('',(-1.57225512913891E-16,1.,-2.76245981653977E-17));
#6420=DIRECTION('',(1.,1.57225512914225E-16,1.14273645368066E-15));
#6421=DIRECTION('',(-1.14273645368066E-15,2.76245981657335E-17,1.));
#6422=DIRECTION('',(1.,1.57225512914225E-16,1.05284300456933E-15));
#6423=DIRECTION('',(1.14273645368066E-15,-2.76245981657335E-17,-1.));
#6424=DIRECTION('',(-1.57225512913891E-16,1.,-2.76245981653977E-17));
#6425=DIRECTION('',(1.,1.57225512914225E-16,1.14273645368066E-15));
#6426=DIRECTION('',(-1.14273645368066E-15,2.76245981657335E-17,1.));
#6427=DIRECTION('',(-1.57225512913891E-16,1.,-2.76245981653977E-17));
#6428=DIRECTION('',(1.,1.57225512914225E-16,1.14273645368066E-15));
#6429=DIRECTION('',(1.14273645368066E-15,-2.76245981657335E-17,-1.));
#6430=DIRECTION('',(1.,1.57225512914225E-16,1.09354193358049E-15));
#6431=DIRECTION('',(-1.14273645368066E-15,2.76245981657335E-17,1.));
#6432=DIRECTION('',(-1.57225512913891E-16,1.,-2.76245981653977E-17));
#6433=DIRECTION('',(1.,1.57225512914225E-16,1.14273645368066E-15));
#6434=DIRECTION('',(-4.95073921288632E-16,2.76245981657336E-17,1.));
#6435=DIRECTION('',(-1.,-1.57225512914225E-16,-9.71445146547012E-16));
#6436=DIRECTION('',(0.,-1.,0.));
#6437=DIRECTION('',(1.,0.,0.));
#6438=DIRECTION('',(0.,-1.,0.));
#6439=DIRECTION('',(1.,0.,0.));
#6440=DIRECTION('',(0.,-1.,0.));
#6441=DIRECTION('',(1.,0.,0.));
#6442=DIRECTION('',(0.,-1.,0.));
#6443=DIRECTION('',(1.,0.,0.));
#6444=DIRECTION('',(0.,-1.,0.));
#6445=DIRECTION('',(1.,0.,0.));
#6446=DIRECTION('',(0.,-1.,0.));
#6447=DIRECTION('',(1.,0.,0.));
#6448=DIRECTION('',(0.0454258672220538,0.,0.998967712484805));
#6449=DIRECTION('',(0.,0.,1.));
#6450=DIRECTION('',(0.,1.,0.));
#6451=DIRECTION('',(-1.,0.,0.));
#6452=DIRECTION('',(1.,1.57225512914225E-16,-1.11022302462516E-16));
#6453=DIRECTION('',(0.,0.,-1.));
#6454=DIRECTION('',(-1.,-1.57225512914225E-16,1.11022302462516E-16));
#6455=DIRECTION('',(-1.57225512913891E-16,1.,-2.76245981653977E-17));
#6456=DIRECTION('',(-1.,-1.57225512914225E-16,1.11022302462516E-16));
#6457=DIRECTION('',(-1.,-1.57225512914225E-16,-9.71445146547012E-16));
#6458=DIRECTION('',(-4.95073921288632E-16,2.76245981657336E-17,1.));
#6459=DIRECTION('',(-1.57225512913891E-16,1.,-2.76245981653977E-17));
#6460=DIRECTION('',(1.,1.57225512914225E-16,1.14273645368066E-15));
#6461=DIRECTION('',(-1.14273645368066E-15,2.76245981657335E-17,1.));
#6462=DIRECTION('',(1.,1.57225512914225E-16,1.09354193358049E-15));
#6463=DIRECTION('',(1.14273645368066E-15,-2.76245981657335E-17,-1.));
#6464=DIRECTION('',(-1.57225512913891E-16,1.,-2.76245981653977E-17));
#6465=DIRECTION('',(1.,1.57225512914225E-16,1.14273645368066E-15));
#6466=DIRECTION('',(-1.14273645368066E-15,2.76245981657335E-17,1.));
#6467=DIRECTION('',(-1.57225512913891E-16,1.,-2.76245981653977E-17));
#6468=DIRECTION('',(1.,1.57225512914225E-16,1.14273645368066E-15));
#6469=DIRECTION('',(1.14273645368066E-15,-2.76245981657335E-17,-1.));
#6470=DIRECTION('',(1.,1.57225512914225E-16,1.05284300456933E-15));
#6471=DIRECTION('',(-1.14273645368066E-15,2.76245981657335E-17,1.));
#6472=DIRECTION('',(-1.57225512913891E-16,1.,-2.76245981653977E-17));
#6473=DIRECTION('',(1.,1.57225512914225E-16,1.14273645368066E-15));
#6474=DIRECTION('',(-4.95073921288632E-16,2.76245981657336E-17,1.));
#6475=DIRECTION('',(-1.,-1.57225512914225E-16,-9.71445146547012E-16));
#6476=DIRECTION('',(1.14273645368066E-15,-2.76245981657335E-17,-1.));
#6477=DIRECTION('',(-1.,-1.57225512914225E-16,-9.71445146547012E-16));
#6478=DIRECTION('',(-4.95073921288632E-16,2.76245981657336E-17,1.));
#6479=DIRECTION('',(-1.57225512913891E-16,1.,-2.76245981653977E-17));
#6480=DIRECTION('',(1.,1.57225512914225E-16,1.14273645368066E-15));
#6481=DIRECTION('',(-1.14273645368066E-15,2.76245981657335E-17,1.));
#6482=DIRECTION('',(1.,1.57225512914225E-16,1.09354193358049E-15));
#6483=DIRECTION('',(1.14273645368066E-15,-2.76245981657335E-17,-1.));
#6484=DIRECTION('',(-1.57225512913891E-16,1.,-2.76245981653977E-17));
#6485=DIRECTION('',(1.,1.57225512914225E-16,1.14273645368066E-15));
#6486=DIRECTION('',(-1.14273645368066E-15,2.76245981657335E-17,1.));
#6487=DIRECTION('',(-1.57225512913891E-16,1.,-2.76245981653977E-17));
#6488=DIRECTION('',(1.,1.57225512914225E-16,1.14273645368066E-15));
#6489=DIRECTION('',(1.14273645368066E-15,-2.76245981657335E-17,-1.));
#6490=DIRECTION('',(1.,1.57225512914225E-16,1.05284300456933E-15));
#6491=DIRECTION('',(-1.14273645368066E-15,2.76245981657335E-17,1.));
#6492=DIRECTION('',(-1.57225512913891E-16,1.,-2.76245981653977E-17));
#6493=DIRECTION('',(1.,1.57225512914225E-16,1.14273645368066E-15));
#6494=DIRECTION('',(-4.95073921288632E-16,2.76245981657336E-17,1.));
#6495=DIRECTION('',(-1.,-1.57225512914225E-16,-9.71445146547012E-16));
#6496=DIRECTION('',(1.14273645368066E-15,-2.76245981657335E-17,-1.));
#6497=DIRECTION('',(-1.,-1.57225512914225E-16,-9.71445146547012E-16));
#6498=DIRECTION('',(-4.95073921288632E-16,2.76245981657336E-17,1.));
#6499=DIRECTION('',(-1.57225512913891E-16,1.,-2.76245981653977E-17));
#6500=DIRECTION('',(1.,1.57225512914225E-16,1.14273645368066E-15));
#6501=DIRECTION('',(-1.14273645368066E-15,2.76245981657335E-17,1.));
#6502=DIRECTION('',(1.,1.57225512914225E-16,1.09354193358049E-15));
#6503=DIRECTION('',(1.14273645368066E-15,-2.76245981657335E-17,-1.));
#6504=DIRECTION('',(-1.57225512913891E-16,1.,-2.76245981653977E-17));
#6505=DIRECTION('',(1.,1.57225512914225E-16,1.14273645368066E-15));
#6506=DIRECTION('',(-1.14273645368066E-15,2.76245981657335E-17,1.));
#6507=DIRECTION('',(-1.57225512913891E-16,1.,-2.76245981653977E-17));
#6508=DIRECTION('',(1.,1.57225512914225E-16,1.14273645368066E-15));
#6509=DIRECTION('',(1.14273645368066E-15,-2.76245981657335E-17,-1.));
#6510=DIRECTION('',(1.,1.57225512914225E-16,1.05284300456933E-15));
#6511=DIRECTION('',(-1.14273645368066E-15,2.76245981657335E-17,1.));
#6512=DIRECTION('',(-1.57225512913891E-16,1.,-2.76245981653977E-17));
#6513=DIRECTION('',(1.,1.57225512914225E-16,1.14273645368066E-15));
#6514=DIRECTION('',(-4.95073921288632E-16,2.76245981657336E-17,1.));
#6515=DIRECTION('',(-1.,-1.57225512914225E-16,-9.71445146547012E-16));
#6516=DIRECTION('',(1.14273645368066E-15,-2.76245981657335E-17,-1.));
#6517=DIRECTION('',(0.,0.,1.));
#6518=DIRECTION('',(0.0454258672220538,0.,0.998967712484805));
#6519=DIRECTION('',(-1.,-1.57225512914225E-16,1.11022302462516E-16));
#6520=DIRECTION('',(0.,0.,1.));
#6521=DIRECTION('',(1.,1.57225512914225E-16,-1.11022302462516E-16));
#6522=DIRECTION('',(0.,-1.,0.));
#6523=DIRECTION('',(1.,0.,0.));
#6524=DIRECTION('',(0.85762685841793,0.514272468366908,1.08246744900953E-15));
#6525=DIRECTION('',(-9.71445146547012E-16,-2.58029475594043E-16,1.));
#6526=DIRECTION('',(0.85762685841793,0.514272468366908,1.08246744900953E-15));
#6527=DIRECTION('',(-0.514272468366908,0.85762685841793,1.80517763391405E-15));
#6528=DIRECTION('',(1.26216598557368E-15,0.,-1.));
#6529=DIRECTION('',(0.85762685841793,0.514272468366908,1.08246744900953E-15));
#6530=DIRECTION('',(-0.514272468366908,0.85762685841793,1.80517763391405E-15));
#6531=DIRECTION('',(0.514272468366908,-0.85762685841793,6.49622286215431E-16));
#6532=DIRECTION('',(-0.85762685841793,-0.514272468366908,-1.08246744900953E-15));
#6533=DIRECTION('',(9.71445146547012E-16,2.58029475594043E-16,-1.));
#6534=DIRECTION('',(-0.514272468366908,0.85762685841793,-3.33066907387547E-16));
#6535=DIRECTION('',(0.512534158649865,-0.854727964945528,-0.0821513369163947));
#6536=DIRECTION('',(9.27472241551824E-16,5.58152267277919E-16,-1.));
#6537=DIRECTION('',(-0.153024454719128,0.255191343955539,-0.954704610980841));
#6538=DIRECTION('',(-1.,0.,0.));
#6539=DIRECTION('',(0.,-1.,0.));
#6540=DIRECTION('',(-1.,0.,0.));
#6541=DIRECTION('',(0.98739675280409,0.,-0.158264501869303));
#6542=DIRECTION('',(-0.158264501869303,0.,-0.98739675280409));
#6543=DIRECTION('',(-1.,0.,0.));
#6544=DIRECTION('',(-1.,0.,0.));
#6545=DIRECTION('',(0.,-1.,0.));
#6546=DIRECTION('',(-1.,0.,0.));
#6547=DIRECTION('',(-1.,0.,0.));
#6548=DIRECTION('',(0.,-1.,0.));
#6549=DIRECTION('',(-1.,0.,0.));
#6550=DIRECTION('',(-1.,0.,0.));
#6551=DIRECTION('',(-1.,0.,0.));
#6552=DIRECTION('',(-1.,0.,0.));
#6553=DIRECTION('',(0.98739675280409,0.,-0.158264501869301));
#6554=DIRECTION('',(-0.158264501869301,0.,-0.987396752804091));
#6555=DIRECTION('',(-1.,0.,0.));
#6556=DIRECTION('',(0.987396752804091,0.,-0.158264501869297));
#6557=DIRECTION('',(-0.158264501869297,0.,-0.987396752804091));
#6558=DIRECTION('',(-1.,0.,0.));
#6559=DIRECTION('',(-0.85762685841793,-0.514272468366908,-1.08246744900953E-15));
#6560=DIRECTION('',(-0.514272468366908,0.85762685841793,1.80517763391405E-15));
#6561=DIRECTION('',(-1.,0.,0.));
#6562=DIRECTION('',(0.85762685841793,0.514272468366908,1.08246744900953E-15));
#6563=DIRECTION('',(-0.514272468366908,0.85762685841793,1.80517763391405E-15));
#6564=DIRECTION('',(-1.,0.,0.));
#6565=DIRECTION('',(0.987396752804078,0.,-0.158264501869379));
#6566=DIRECTION('',(-0.158264501869379,0.,-0.987396752804078));
#6567=DIRECTION('',(-1.,0.,0.));
#6568=DIRECTION('',(0.987396752804074,0.,-0.158264501869401));
#6569=DIRECTION('',(-0.158264501869401,0.,-0.987396752804074));
#6570=DIRECTION('',(-1.,0.,0.));
#6571=DIRECTION('',(-0.85762685841793,-0.514272468366908,-1.08246744900953E-15));
#6572=DIRECTION('',(-0.514272468366908,0.85762685841793,1.80517763391405E-15));
#6573=DIRECTION('',(-1.,0.,0.));
#6574=DIRECTION('',(-1.,0.,0.));
#6575=DIRECTION('',(0.987396752804078,0.,-0.158264501869379));
#6576=DIRECTION('',(-0.158264501869379,0.,-0.987396752804078));
#6577=DIRECTION('',(-1.,0.,0.));
#6578=DIRECTION('',(0.987396752804078,0.,-0.158264501869379));
#6579=DIRECTION('',(-0.158264501869379,0.,-0.987396752804078));
#6580=DIRECTION('',(-1.,0.,0.));
#6581=DIRECTION('',(-0.85762685841793,-0.514272468366908,-1.08246744900953E-15));
#6582=DIRECTION('',(-0.514272468366908,0.85762685841793,1.80517763391405E-15));
#6583=DIRECTION('',(-1.,0.,0.));
#6584=DIRECTION('',(0.85762685841793,0.514272468366908,1.08246744900953E-15));
#6585=DIRECTION('',(-0.514272468366908,0.85762685841793,1.80517763391405E-15));
#6586=DIRECTION('',(-1.,0.,0.));
#6587=DIRECTION('',(0.,-1.,0.));
#6588=DIRECTION('',(0.158264501869302,0.,0.98739675280409));
#6589=DIRECTION('',(-0.98739675280409,0.,0.158264501869302));
#6590=DIRECTION('',(0.98739675280409,0.,-0.158264501869303));
#6591=DIRECTION('',(-0.158264501869303,0.,-0.98739675280409));
#6592=DIRECTION('',(-1.,0.,0.));
#6593=DIRECTION('',(0.85762685841793,0.514272468366908,1.08246744900953E-15));
#6594=DIRECTION('',(-0.514272468366908,0.85762685841793,1.80517763391405E-15));
#6595=DIRECTION('',(-1.,0.,0.));
#6596=DIRECTION('',(-0.85762685841793,-0.514272468366908,-1.08246744900953E-15));
#6597=DIRECTION('',(-0.514272468366908,0.85762685841793,1.80517763391405E-15));
#6598=DIRECTION('',(-1.,0.,0.));
#6599=DIRECTION('',(0.987396752804078,0.,-0.158264501869379));
#6600=DIRECTION('',(-0.158264501869379,0.,-0.987396752804078));
#6601=DIRECTION('',(0.158264501869378,0.,0.987396752804078));
#6602=DIRECTION('',(-0.987396752804078,0.,0.158264501869378));
#6603=DIRECTION('',(0.987396752804078,0.,-0.158264501869379));
#6604=DIRECTION('',(-0.158264501869379,0.,-0.987396752804078));
#6605=DIRECTION('',(-1.,0.,0.));
#6606=DIRECTION('',(-1.,0.,0.));
#6607=DIRECTION('',(-0.85762685841793,-0.514272468366908,-1.08246744900953E-15));
#6608=DIRECTION('',(-0.514272468366908,0.85762685841793,1.80517763391405E-15));
#6609=DIRECTION('',(-1.,0.,0.));
#6610=DIRECTION('',(0.987396752804074,0.,-0.158264501869401));
#6611=DIRECTION('',(-0.158264501869401,0.,-0.987396752804074));
#6612=DIRECTION('',(-0.15826450186938,0.,-0.987396752804078));
#6613=DIRECTION('',(-0.987396752804078,0.,0.15826450186938));
#6614=DIRECTION('',(0.987396752804078,0.,-0.158264501869379));
#6615=DIRECTION('',(-0.158264501869379,0.,-0.987396752804078));
#6616=DIRECTION('',(-1.,0.,0.));
#6617=DIRECTION('',(0.85762685841793,0.514272468366908,1.08246744900953E-15));
#6618=DIRECTION('',(-0.514272468366908,0.85762685841793,1.80517763391405E-15));
#6619=DIRECTION('',(-1.,0.,0.));
#6620=DIRECTION('',(-0.85762685841793,-0.514272468366908,-1.08246744900953E-15));
#6621=DIRECTION('',(-0.514272468366908,0.85762685841793,1.80517763391405E-15));
#6622=DIRECTION('',(-1.,0.,0.));
#6623=DIRECTION('',(0.987396752804091,0.,-0.158264501869297));
#6624=DIRECTION('',(-0.158264501869297,0.,-0.987396752804091));
#6625=DIRECTION('',(0.158264501869298,0.,0.987396752804091));
#6626=DIRECTION('',(-0.987396752804091,0.,0.158264501869298));
#6627=DIRECTION('',(0.98739675280409,0.,-0.158264501869301));
#6628=DIRECTION('',(-0.158264501869301,0.,-0.987396752804091));
#6629=DIRECTION('',(-1.,0.,0.));
#6630=DIRECTION('',(-1.,0.,0.));
#6631=DIRECTION('',(-1.,0.,0.));
#6632=DIRECTION('',(1.,0.,0.));
#6633=DIRECTION('',(0.,1.,0.));
#6634=DIRECTION('',(-1.,0.,0.));
#6635=DIRECTION('',(1.,0.,0.));
#6636=DIRECTION('',(0.,1.,0.));
#6637=DIRECTION('',(-1.,0.,0.));
#6638=DIRECTION('',(-1.,0.,0.));
#6639=DIRECTION('',(0.,-1.,0.));
#6640=DIRECTION('',(0.,1.,0.));
#6641=DIRECTION('',(-1.,0.,0.));
#6642=DIRECTION('',(-0.158264501869379,0.,-0.987396752804078));
#6643=DIRECTION('',(-1.26216598557368E-15,0.,1.));
#6644=DIRECTION('',(0.,1.,0.));
#6645=DIRECTION('',(-1.,0.,0.));
#6646=DIRECTION('',(-0.158264501869401,0.,-0.987396752804074));
#6647=DIRECTION('',(-1.26216598557368E-15,0.,1.));
#6648=DIRECTION('',(0.,1.,0.));
#6649=DIRECTION('',(-1.,0.,0.));
#6650=DIRECTION('',(-0.158264501869297,0.,-0.987396752804091));
#6651=DIRECTION('',(-1.26216598557368E-15,0.,1.));
#6652=DIRECTION('',(5.28831467835726E-16,-1.,7.04147735142035E-15));
#6653=DIRECTION('',(0.258819045102518,-6.66467317344107E-15,-0.965925826289069));
#6654=DIRECTION('',(6.04465341905779E-16,-1.,7.02121131594285E-15));
#6655=DIRECTION('',(0.,-7.02121131594285E-15,-1.));
#6656=DIRECTION('',(9.27455337502112E-16,-1.,-5.58152267277918E-16));
#6657=DIRECTION('',(1.,9.27455337502112E-16,0.));
#6658=DIRECTION('',(-0.965925826289069,-2.40109189309876E-15,-0.258819045102518));
#6659=DIRECTION('',(0.258819045102518,-6.62552219931264E-15,-0.965925826289069));
#6660=DIRECTION('',(-0.258819045102518,6.62552219931264E-15,0.965925826289069));
#6661=DIRECTION('',(-6.04465341905779E-16,1.,-7.02121131594285E-15));
#6662=DIRECTION('',(-0.258819045102518,6.62552219931264E-15,0.965925826289069));
#6663=DIRECTION('',(-6.04465341905779E-16,1.,-7.02121131594285E-15));
#6664=DIRECTION('',(-0.258819045102524,-6.93841648449187E-15,-0.965925826289068));
#6665=DIRECTION('',(0.965925826289068,-1.23335452341192E-15,-0.258819045102524));
#6666=DIRECTION('',(-0.965925826289067,1.23335452341192E-15,0.258819045102524));
#6667=DIRECTION('',(-0.965925826289067,1.23335452341192E-15,0.258819045102524));
#6668=DIRECTION('',(-6.04465341905779E-16,1.,-7.02121131594285E-15));
#6669=DIRECTION('',(0.707106781186545,-4.53732459139311E-15,-0.70710678118655));
#6670=DIRECTION('',(0.70710678118655,5.39216767590072E-15,0.707106781186545));
#6671=DIRECTION('',(-0.70710678118655,-5.39216767590072E-15,-0.707106781186545));
#6672=DIRECTION('',(-0.70710678118655,-5.39216767590072E-15,-0.707106781186545));
#6673=DIRECTION('',(-6.04465341905779E-16,1.,-7.02121131594285E-15));
#6674=DIRECTION('',(0.965925826289069,2.40109189309876E-15,0.258819045102518));
#6675=DIRECTION('',(-0.258819045102518,6.62552219931264E-15,0.965925826289069));
#6676=DIRECTION('',(0.258819045102518,-6.62552219931264E-15,-0.965925826289069));
#6677=DIRECTION('',(0.258819045102518,-6.62552219931264E-15,-0.965925826289069));
#6678=DIRECTION('',(-6.04465341905779E-16,1.,-7.02121131594285E-15));
#6679=DIRECTION('',(0.258819045102524,6.93841648449187E-15,0.965925826289068));
#6680=DIRECTION('',(-0.965925826289068,1.23335452341192E-15,0.258819045102524));
#6681=DIRECTION('',(0.965925826289068,-1.23335452341192E-15,-0.258819045102524));
#6682=DIRECTION('',(0.965925826289068,-1.23335452341192E-15,-0.258819045102524));
#6683=DIRECTION('',(-6.04465341905779E-16,1.,-7.02121131594285E-15));
#6684=DIRECTION('',(-0.707106781186545,4.53732459139311E-15,0.70710678118655));
#6685=DIRECTION('',(-0.70710678118655,-5.39216767590072E-15,-0.707106781186545));
#6686=DIRECTION('',(0.70710678118655,5.39216767590072E-15,0.707106781186545));
#6687=DIRECTION('',(0.70710678118655,5.39216767590072E-15,0.707106781186545));
#6688=DIRECTION('',(6.04465341905779E-16,-1.,7.02121131594285E-15));
#6689=DIRECTION('',(0.707106781186545,-4.53732459139311E-15,-0.70710678118655));
#6690=DIRECTION('',(6.04465341905779E-16,-1.,7.02121131594285E-15));
#6691=DIRECTION('',(0.707106781186545,-4.53732459139311E-15,-0.70710678118655));
#6692=DIRECTION('',(6.04465341905779E-16,-1.,7.02121131594285E-15));
#6693=DIRECTION('',(0.,-7.02121131594285E-15,-1.));
#6694=DIRECTION('',(5.28831467835726E-16,-1.,7.04147735142035E-15));
#6695=DIRECTION('',(0.258819045102518,-6.66467317344107E-15,-0.965925826289069));
#6696=DIRECTION('',(-5.28831467835726E-16,1.,-7.04147735142035E-15));
#6697=DIRECTION('',(-0.258819045102518,6.66467317344107E-15,0.965925826289069));
#6698=DIRECTION('',(-5.28831467835726E-16,1.,-7.04147735142035E-15));
#6699=DIRECTION('',(-0.258819045102518,6.66467317344107E-15,0.965925826289069));
#6700=DIRECTION('',(9.27455337502112E-16,-1.,-5.58152267277918E-16));
#6701=DIRECTION('',(-1.,-9.27455337502106E-16,-1.58206781009085E-15));
#6702=DIRECTION('',(-0.158264501869303,0.,-0.98739675280409));
#6703=DIRECTION('',(0.98739675280409,0.,-0.158264501869302));
#6704=DIRECTION('',(0.158264501869302,0.,0.98739675280409));
#6705=DIRECTION('',(9.27455337502112E-16,-1.,-5.58152267277918E-16));
#6706=DIRECTION('',(1.,9.27455337502112E-16,0.));
#6707=DIRECTION('',(-1.77136950940682E-14,-1.,-1.94289029309402E-16));
#6708=DIRECTION('',(0.376052544999141,-6.84521883620448E-15,0.926598339842927));
#6709=DIRECTION('',(-1.77136950940682E-14,-1.,-1.94289029309402E-16));
#6710=DIRECTION('',(0.376052544999141,-6.84521883620448E-15,0.926598339842927));
#6711=DIRECTION('',(-1.77136950940682E-14,-1.,-1.94289029309402E-16));
#6712=DIRECTION('',(-0.0118079610157898,0.75233708997936,0.658672509748234));
#6713=DIRECTION('',(-0.197230486202956,-0.647529855921307,0.736074195310959));
#6714=DIRECTION('',(-0.976087129814004,0.134318202827118,-0.170916749912793));
#6715=DIRECTION('',(0.130241383112867,0.990867956185882,0.0348980734261943));
#6716=DIRECTION('',(2.08166817117217E-15,0.658718433227238,-0.75238954387116));
#6717=DIRECTION('',(0.632647969522029,0.582680185803748,0.510137577258687));
#6718=DIRECTION('',(1.77136950940682E-14,1.,1.94289029309402E-16));
#6719=DIRECTION('',(-0.376052544999141,6.84521883620448E-15,-0.926598339842927));
#6720=DIRECTION('',(1.77136950940682E-14,1.,1.94289029309402E-16));
#6721=DIRECTION('',(-1.77136950940682E-14,-1.,-1.94289029309402E-16));
#6722=DIRECTION('',(0.376052544999141,-6.84521883620448E-15,0.926598339842927));
#6723=DIRECTION('',(-1.77136950940682E-14,-1.,-1.94289029309402E-16));
#6724=DIRECTION('',(-0.376052544999141,6.84521883620448E-15,-0.926598339842927));
#6725=DIRECTION('',(0.926598339842971,-1.63966062949328E-14,0.376052544999035));
#6726=DIRECTION('',(-0.866025403784438,1.54376544610095E-14,-0.5));
#6727=DIRECTION('',(1.,-1.77136950940682E-14,5.78241158658936E-17));
#6728=DIRECTION('',(0.926598339842971,-1.63966062949328E-14,0.376052544999035));
#6729=DIRECTION('',(0.376052544999035,-6.65092980689508E-15,-0.926598339842971));
#6730=DIRECTION('',(-5.78241158658936E-17,0.,1.));
#6731=DIRECTION('',(1.,-1.76954842134851E-14,5.78241158658936E-17));
#6732=DIRECTION('',(0.926598339842971,-1.63966062949328E-14,0.376052544999035));
#6733=DIRECTION('',(0.5,0.,-0.866025403784438));
#6734=DIRECTION('',(0.866025403784438,-1.65541358839346E-14,0.5));
#6735=DIRECTION('',(0.376052544999035,-6.65092980689508E-15,-0.92659833984297));
#6736=DIRECTION('',(-0.926598339842971,1.63966062949328E-14,-0.376052544999035));
#6737=DIRECTION('',(-4.18510001670756E-14,1.,-2.41626862123163E-14));
#6738=DIRECTION('',(0.376052544999035,-6.65092980689508E-15,-0.926598339842971));
#6739=DIRECTION('',(0.917817579551265,-0.137342191822038,0.372488943476415));
#6740=DIRECTION('',(-4.18510001670756E-14,1.,-2.41626862123163E-14));
#6741=DIRECTION('',(1.76861715080592E-14,1.,1.02268723050608E-30));
#6742=DIRECTION('',(0.926598339842971,-1.63966062949328E-14,0.376052544999035));
#6743=DIRECTION('',(0.926598339842971,-1.63966062949328E-14,0.376052544999035));
#6744=DIRECTION('',(0.376052544999035,-6.65092980689508E-15,-0.926598339842971));
#6745=DIRECTION('',(-5.78241158658936E-17,0.,1.));
#6746=DIRECTION('',(1.,-1.76954842134851E-14,5.78241158658936E-17));
#6747=DIRECTION('',(0.926598339842971,-1.63966062949328E-14,0.376052544999035));
#6748=DIRECTION('',(0.5,0.,-0.866025403784438));
#6749=DIRECTION('',(0.866025403784438,-1.65541358839346E-14,0.5));
#6750=DIRECTION('',(1.77136950940682E-14,1.,1.94289029309402E-16));
#6751=DIRECTION('',(-0.376052544999141,6.84521883620448E-15,-0.926598339842927));
#6752=DIRECTION('',(0.866025403784438,-1.54376544610095E-14,0.5));
#6753=DIRECTION('',(-1.,1.77136950940682E-14,-5.78241158658936E-17));
#6754=DIRECTION('',(3.33847688608259E-16,0.,-1.));
#6755=DIRECTION('',(1.,0.,3.33847688608259E-16));
#6756=DIRECTION('',(3.33847688608259E-16,0.,-1.));
#6757=DIRECTION('',(0.99066428554079,-0.136324148095474,3.30730981914545E-16));
#6758=DIRECTION('',(0.,-1.,0.));
#6759=DIRECTION('',(1.,0.,3.33847688608259E-16));
#6760=DIRECTION('',(0.,-1.,0.));
#6761=DIRECTION('',(1.,0.,3.33847688608259E-16));
#6762=DIRECTION('',(0.,-1.,0.));
#6763=DIRECTION('',(-1.77136950940682E-14,-1.,-1.94289029309402E-16));
#6764=DIRECTION('',(0.376052544999141,-6.84521883620448E-15,0.926598339842927));
#6765=DIRECTION('',(-1.77136950940682E-14,-1.,-1.94289029309402E-16));
#6766=DIRECTION('',(-1.77136950940682E-14,-1.,-1.94289029309402E-16));
#6767=DIRECTION('',(0.376052544999141,-6.84521883620448E-15,0.926598339842927));
#6768=DIRECTION('',(0.,-1.,0.));
#6769=DIRECTION('',(1.,0.,0.));
#6770=DIRECTION('',(-1.15648231731787E-16,1.,0.));
#6771=DIRECTION('',(-1.,-1.15648231731787E-16,0.));
#6772=DIRECTION('',(0.,-1.,0.));
#6773=DIRECTION('',(1.,0.,0.));
#6774=DIRECTION('',(0.,-1.,0.));
#6775=DIRECTION('',(1.,0.,0.));
#6776=DIRECTION('',(0.,-1.,0.));
#6777=DIRECTION('',(1.,0.,0.));
#6778=DIRECTION('',(-0.447761194029836,2.58518086027969E-15,-0.894153182134345));
#6779=DIRECTION('',(0.894153182134345,0.,-0.447761194029836));
#6780=DIRECTION('',(-0.447761194029832,0.,0.894153182134348));
#6781=DIRECTION('',(-0.894153182134348,0.,-0.447761194029832));
#6782=DIRECTION('',(0.,-1.,0.));
#6783=DIRECTION('',(1.,0.,0.));
#6784=DIRECTION('',(0.,-1.,0.));
#6785=DIRECTION('',(1.,0.,0.));
#6786=DIRECTION('',(-0.447761194029837,-6.46295215069922E-15,-0.894153182134345));
#6787=DIRECTION('',(0.894153182134345,0.,-0.447761194029837));
#6788=DIRECTION('',(-0.447761194029836,-4.84721411302442E-15,0.894153182134345));
#6789=DIRECTION('',(-0.894153182134345,0.,-0.447761194029836));
#6790=DIRECTION('',(0.,-1.,0.));
#6791=DIRECTION('',(1.,0.,0.));
#6792=DIRECTION('',(-3.80251385934116E-15,1.48827441533518E-15,1.));
#6793=DIRECTION('',(-1.,3.74830398276874E-16,-3.80251385934116E-15));
#6794=DIRECTION('',(-3.80251385934116E-15,1.48827441533518E-15,1.));
#6795=DIRECTION('',(5.30131494258512E-15,4.65034931676731E-15,-1.));
#6796=DIRECTION('',(0.632647969522032,0.774439504841824,6.99440505513849E-15));
#6797=DIRECTION('',(-3.80251385934116E-15,1.48827441533518E-15,1.));
#6798=DIRECTION('',(3.3584246494911E-15,-1.35873280401634E-15,-1.));
#6799=DIRECTION('',(0.632647969522032,0.774439504841824,1.13797860024079E-15));
#6800=DIRECTION('',(-1.05103981902477E-15,1.,5.58152267277918E-16));
#6801=DIRECTION('',(-1.58206781009085E-15,-5.58152267277917E-16,1.));
#6802=DIRECTION('',(-1.05103981902477E-15,1.,5.58152267277918E-16));
#6803=DIRECTION('',(-1.,-1.05103981902477E-15,0.));
#6804=DIRECTION('',(-1.,-1.05103981902476E-15,-1.58206781009085E-15));
#6805=DIRECTION('',(-1.58206781009085E-15,-5.58152267277916E-16,1.));
#6806=DIRECTION('',(1.,1.05103981902477E-15,-3.33847688608259E-16));
#6807=DIRECTION('',(-1.,-1.05103981902476E-15,-1.58206781009085E-15));
#6808=DIRECTION('',(1.58206781009085E-15,5.58152267277917E-16,-1.));
#6809=DIRECTION('',(1.05103981902477E-15,-1.,-5.58152267277918E-16));
#6810=DIRECTION('',(-1.,-1.05103981902476E-15,-1.58206781009085E-15));
#6811=DIRECTION('',(-1.88939258247871E-15,0.635735165818692,0.771907247628548));
#6812=DIRECTION('',(-1.05103981902476E-15,1.,3.5088721421666E-31));
#6813=DIRECTION('',(-3.33847688608259E-16,0.,-1.));
#6814=DIRECTION('',(1.,0.,-3.33847688608259E-16));
#6815=DIRECTION('',(-3.33847688608259E-16,0.,-1.));
#6816=DIRECTION('',(-0.989618231870189,0.143721101965302,3.30381759314455E-16));
#6817=DIRECTION('',(-1.05103981902476E-15,1.,3.5088721421666E-31));
#6818=DIRECTION('',(1.,0.,-3.33847688608259E-16));
#6819=DIRECTION('',(0.,-1.,0.));
#6820=DIRECTION('',(-1.,-1.05103981902476E-15,-1.58206781009085E-15));
#6821=DIRECTION('',(1.58206781009085E-15,5.58152267277917E-16,-1.));
#6822=DIRECTION('',(-1.,-1.05103981902476E-15,-1.58206781009085E-15));
#6823=DIRECTION('',(-1.88939258247871E-15,0.635735165818692,0.771907247628548));
#6824=DIRECTION('',(1.05103981902477E-15,-1.,-5.58152267277918E-16));
#6825=DIRECTION('',(-1.,-1.05103981902476E-15,-1.58206781009085E-15));
#6826=DIRECTION('',(1.58206781009085E-15,0.,-1.));
#6827=DIRECTION('',(1.72084568816899E-15,-1.05909311431649E-14,-1.));
#6828=DIRECTION('',(0.996518577449759,0.0833710069359136,8.60422844084496E-16));
#6829=DIRECTION('',(1.72084568816899E-15,-1.05909311431649E-14,-1.));
#6830=DIRECTION('',(0.996518577449759,0.0833710069359136,8.60422844084496E-16));
#6831=DIRECTION('',(0.514272468366908,-0.85762685841793,9.96805056376635E-15));
#6832=DIRECTION('',(0.85762685841793,0.514272468366908,1.08246744900953E-15));
#6833=DIRECTION('',(0.85762685841793,0.514272468366908,1.08246744900953E-15));
#6834=DIRECTION('',(-9.71445146547012E-16,-2.58029475594043E-16,1.));
#6835=DIRECTION('',(-0.85762685841793,-0.514272468366908,-1.08246744900953E-15));
#6836=DIRECTION('',(-0.85762685841793,-0.514272468366908,-1.08246744900953E-15));
#6837=DIRECTION('',(-9.71445146547012E-16,-2.58029475594043E-16,1.));
#6838=DIRECTION('',(-1.57225512913891E-16,1.,-2.76245981653977E-17));
#6839=DIRECTION('',(-1.,-1.57225512914225E-16,1.11022302462516E-16));
#6840=DIRECTION('',(0.,-1.,0.));
#6841=DIRECTION('',(1.,0.,0.));
#6842=DIRECTION('',(1.57225512913891E-16,-1.,2.76245981653977E-17));
#6843=DIRECTION('',(1.,1.57225512914225E-16,-1.11022302462516E-16));
#6844=DIRECTION('',(0.,-1.,0.));
#6845=DIRECTION('',(1.,0.,0.));
#6846=DIRECTION('',(1.57225512913891E-16,-1.,2.76245981653977E-17));
#6847=DIRECTION('',(1.,1.57225512914225E-16,-1.11022302462516E-16));
#6848=DIRECTION('',(0.,-1.,0.));
#6849=DIRECTION('',(1.,0.,0.));
#6850=DIRECTION('',(1.,1.57225512913891E-16,1.72084568816899E-15));
#6851=DIRECTION('',(-1.57225512913891E-16,1.,-2.76245981653977E-17));
#6852=DIRECTION('',(-1.,-1.57225512914225E-16,1.11022302462516E-16));
#6853=DIRECTION('',(0.,-1.,0.));
#6854=DIRECTION('',(1.,0.,0.));
#6855=DIRECTION('',(0.,-1.,0.));
#6856=DIRECTION('',(1.,0.,1.26216598557368E-15));
#6857=DIRECTION('',(-6.47646778458146E-16,0.,1.));
#6858=DIRECTION('',(1.57225512913891E-16,-1.,2.76245981653977E-17));
#6859=DIRECTION('',(1.,1.57225512914225E-16,-1.11022302462516E-16));
#6860=DIRECTION('',(0.,-1.,0.));
#6861=DIRECTION('',(1.,0.,0.));
#6862=DIRECTION('',(0.,-1.,0.));
#6863=DIRECTION('',(1.,0.,1.26216598557368E-15));
#6864=DIRECTION('',(-1.57225512913891E-16,1.,-2.76245981653977E-17));
#6865=DIRECTION('',(-1.,-1.57225512914225E-16,1.11022302462516E-16));
#6866=DIRECTION('',(0.,-1.,0.));
#6867=DIRECTION('',(1.,0.,0.));
#6868=DIRECTION('',(0.,-1.,0.));
#6869=DIRECTION('',(1.,0.,0.));
#6870=DIRECTION('',(0.,-1.,0.));
#6871=DIRECTION('',(1.,0.,0.));
#6872=DIRECTION('',(-1.,0.,0.));
#6873=DIRECTION('',(0.,-1.,0.));
#6874=DIRECTION('',(-2.31296463463574E-15,0.,-1.));
#6875=DIRECTION('',(1.,0.,-2.31296463463574E-15));
#6876=DIRECTION('',(0.,-1.,0.));
#6877=DIRECTION('',(1.,0.,0.));
#6878=DIRECTION('',(0.,-1.,0.));
#6879=DIRECTION('',(0.,-1.,0.));
#6880=DIRECTION('',(1.,0.,0.));
#6881=DIRECTION('',(0.,-1.,0.));
#6882=DIRECTION('',(1.,0.,0.));
#6883=DIRECTION('',(-1.,0.,0.));
#6884=DIRECTION('',(0.,-1.,0.));
#6885=DIRECTION('',(-2.31296463463574E-15,0.,-1.));
#6886=DIRECTION('',(1.,0.,-2.31296463463574E-15));
#6887=DIRECTION('',(0.976087129814005,-0.134318202827118,0.170916749912793));
#6888=DIRECTION('',(-0.130241383112867,-0.990867956185882,-0.0348980734261943));
#6889=DIRECTION('',(0.5,0.,-0.866025403784438));
#6890=DIRECTION('',(0.857146442994763,-0.14282845310103,0.494873729597958));
#6891=DIRECTION('',(0.5,0.,-0.866025403784438));
#6892=DIRECTION('',(0.857146442994763,-0.14282845310103,0.494873729597958));
#6893=DIRECTION('',(-5.78241158658936E-17,0.,1.));
#6894=DIRECTION('',(0.99066428554079,-0.136324148095474,5.72842864313133E-17));
#6895=DIRECTION('',(0.5,0.,-0.866025403784438));
#6896=DIRECTION('',(0.866025403784438,0.,0.5));
#6897=DIRECTION('',(0.,-1.,0.));
#6898=DIRECTION('',(0.866025403784438,0.,0.5));
#6899=DIRECTION('',(0.5,0.,-0.866025403784438));
#6900=DIRECTION('',(0.866025403784438,0.,0.5));
#6901=DIRECTION('',(1.,0.,3.33847688608259E-16));
#6902=DIRECTION('',(-3.33847688608259E-16,0.,1.));
#6903=DIRECTION('',(1.,0.,3.33847688608259E-16));
#6904=DIRECTION('',(-2.52575738102223E-15,-0.658718433227238,0.75238954387116));
#6905=DIRECTION('',(0.173816357215301,-0.740936733143866,-0.648691476314047));
#6906=DIRECTION('',(3.7470027081099E-15,0.65871843322725,-0.75238954387115));
#6907=DIRECTION('',(0.632647969522029,0.58268018580374,0.510137577258697));
#6908=DIRECTION('',(1.,4.9253133971155E-16,5.8564264548977E-15));
#6909=DIRECTION('',(-5.8564264548977E-15,1.04139893486153E-14,1.));
#6910=DIRECTION('',(0.5,0.,-0.866025403784438));
#6911=DIRECTION('',(0.866025403784438,0.,0.5));
#6912=DIRECTION('',(0.5,0.,-0.866025403784438));
#6913=DIRECTION('',(-0.866025403784438,0.,-0.5));
#6914=DIRECTION('',(0.866025403784438,0.,0.5));
#6915=DIRECTION('',(0.,-1.,0.));
#6916=DIRECTION('',(-5.78241158658936E-17,0.,1.));
#6917=DIRECTION('',(-1.,0.,-5.78241158658936E-17));
#6918=DIRECTION('',(0.,1.,0.));
#6919=DIRECTION('',(-1.,0.,-5.78241158658936E-17));
#6920=DIRECTION('',(-1.,0.,-5.78241158658936E-17));
#6921=DIRECTION('',(0.,1.,0.));
#6922=DIRECTION('',(-1.,0.,-3.33847688608259E-16));
#6923=DIRECTION('',(3.33847688608259E-16,0.,-1.));
#6924=DIRECTION('',(1.,0.,3.33847688608259E-16));
#6925=DIRECTION('',(-1.15648231731787E-16,1.,0.));
#6926=DIRECTION('',(-1.,-1.15648231731787E-16,0.));
#6927=DIRECTION('',(-1.15648231731787E-16,1.,0.));
#6928=DIRECTION('',(-1.,-1.15648231731787E-16,0.));
#6929=DIRECTION('',(-1.58206781009085E-15,-5.58152267277917E-16,1.));
#6930=DIRECTION('',(-1.,-1.05103981902476E-15,-1.58206781009085E-15));
#6931=DIRECTION('',(-1.58206781009085E-15,-5.58152267277916E-16,1.));
#6932=DIRECTION('',(-1.,0.,-1.58206781009085E-15));
#6933=DIRECTION('',(-1.,0.,3.33847688608259E-16));
#6934=DIRECTION('',(-1.58206781009085E-15,-5.58152267277916E-16,1.));
#6935=DIRECTION('',(-0.989618231870189,0.143721101965302,-1.48542489000323E-15));
#6936=DIRECTION('',(-1.,0.,3.33847688608259E-16));
#6937=DIRECTION('',(-3.33847688608259E-16,0.,-1.));
#6938=DIRECTION('',(1.,0.,-3.33847688608259E-16));
#6939=DIRECTION('',(-0.5,0.,-0.866025403784438));
#6940=DIRECTION('',(-0.866025403784438,0.,0.5));
#6941=DIRECTION('',(-0.5,0.,-0.866025403784438));
#6942=DIRECTION('',(0.866025403784438,0.,-0.5));
#6943=DIRECTION('',(-0.5,0.,-0.866025403784438));
#6944=DIRECTION('',(-0.856165628948104,0.150467785291499,0.494307456344095));
#6945=DIRECTION('',(0.866025403784438,0.,-0.5));
#6946=DIRECTION('',(0.,-1.,0.));
#6947=DIRECTION('',(0.866025403784438,-1.52433654317001E-14,-0.5));
#6948=DIRECTION('',(-0.5,0.,-0.866025403784438));
#6949=DIRECTION('',(0.866025403784438,-1.64980914120462E-14,-0.5));
#6950=DIRECTION('',(-4.30735645955705E-14,1.,2.48685341142094E-14));
#6951=DIRECTION('',(1.77136950940682E-14,1.,1.94289029309402E-16));
#6952=DIRECTION('',(-0.376052544999141,6.84521883620448E-15,-0.926598339842927));
#6953=DIRECTION('',(-1.,1.77136950940682E-14,5.78241158658936E-17));
#6954=DIRECTION('',(0.926598339842927,-1.63410951437015E-14,-0.376052544999141));
#6955=DIRECTION('',(0.926598339842927,-1.63410951437015E-14,-0.376052544999141));
#6956=DIRECTION('',(-0.376052544999141,6.84521883620448E-15,-0.926598339842927));
#6957=DIRECTION('',(0.926598339842927,-1.63410951437015E-14,-0.376052544999141));
#6958=DIRECTION('',(5.78241158658936E-17,0.,1.));
#6959=DIRECTION('',(1.,-1.76355756761572E-14,-5.78241158658936E-17));
#6960=DIRECTION('',(0.,-1.,0.));
#6961=DIRECTION('',(1.,0.,0.));
#6962=DIRECTION('',(-1.58206781009085E-15,-5.37319955226309E-16,1.));
#6963=DIRECTION('',(-1.,0.,5.78241158658936E-17));
#6964=DIRECTION('',(-1.77136950940682E-14,-1.,-1.94289029309402E-16));
#6965=DIRECTION('',(-0.376052544999141,6.84521883620448E-15,-0.926598339842927));
#6966=DIRECTION('',(1.,-1.77136950940682E-14,-5.78241158658936E-17));
#6967=DIRECTION('',(-0.866025403784438,1.52433654317001E-14,0.5));
#6968=DIRECTION('',(-1.77136950940682E-14,-1.,-1.94289029309402E-16));
#6969=DIRECTION('',(0.376052544999141,-6.84521883620448E-15,0.926598339842927));
#6970=DIRECTION('',(0.926598339842927,-1.63410951437015E-14,-0.376052544999141));
#6971=DIRECTION('',(1.77136950940682E-14,1.,1.94289029309402E-16));
#6972=DIRECTION('',(-0.376052544999141,6.84521883620448E-15,-0.926598339842927));
#6973=DIRECTION('',(1.77136950940682E-14,1.,1.94289029309402E-16));
#6974=DIRECTION('',(0.926598339842927,-1.63410951437015E-14,-0.376052544999141));
#6975=DIRECTION('',(-0.376052544999141,6.84521883620448E-15,-0.926598339842927));
#6976=DIRECTION('',(-0.5,0.,-0.866025403784438));
#6977=DIRECTION('',(0.866025403784438,-1.64980914120462E-14,-0.5));
#6978=DIRECTION('',(0.926598339842927,-1.63410951437015E-14,-0.376052544999141));
#6979=DIRECTION('',(5.78241158658936E-17,0.,1.));
#6980=DIRECTION('',(1.,-1.76355756761572E-14,-5.78241158658936E-17));
#6981=DIRECTION('',(0.376052544999141,-6.84521883620448E-15,0.926598339842927));
#6982=DIRECTION('',(0.926598339842927,-1.63410951437015E-14,-0.376052544999141));
#6983=DIRECTION('',(-4.30735645955705E-14,1.,2.48685341142094E-14));
#6984=DIRECTION('',(0.376052544999141,-6.84521883620448E-15,0.926598339842927));
#6985=DIRECTION('',(-0.916842909253412,0.144725931803557,0.372093381310837));
#6986=DIRECTION('',(1.82028254488216E-14,1.,-1.05256228783929E-30));
#6987=DIRECTION('',(-3.33847688608259E-16,0.,-1.));
#6988=DIRECTION('',(1.,0.,-3.33847688608259E-16));
#6989=DIRECTION('',(-3.33847688608259E-16,0.,-1.));
#6990=DIRECTION('',(-0.989618231870189,0.143721101965302,3.30381759314455E-16));
#6991=DIRECTION('',(0.,-1.,0.));
#6992=DIRECTION('',(1.,0.,-3.33847688608259E-16));
#6993=DIRECTION('',(0.,-1.,0.));
#6994=DIRECTION('',(1.82481558947582E-15,-1.06228995180098E-14,-1.));
#6995=DIRECTION('',(0.998132925539768,-0.0610791531819421,2.47024622979097E-15));
#6996=DIRECTION('',(-1.,0.,0.));
#6997=DIRECTION('',(1.82481558947582E-15,-1.06228995180098E-14,-1.));
#6998=DIRECTION('',(0.998132925539768,-0.0610791531819421,2.47024622979097E-15));
#6999=DIRECTION('',(0.85762685841793,0.514272468366908,1.08246744900953E-15));
#7000=DIRECTION('',(-0.514272468366908,0.85762685841793,-1.00489363584342E-14));
#7001=DIRECTION('',(1.82481558947582E-15,-1.06228995180098E-14,-1.));
#7002=DIRECTION('',(0.998132925539768,-0.0610791531819421,2.47024622979097E-15));
#7003=DIRECTION('',(-1.82481558947582E-15,1.06228995180098E-14,1.));
#7004=DIRECTION('',(-0.998132925539768,0.0610791531819421,-2.47024622979097E-15));
#7005=DIRECTION('',(-1.82481558947582E-15,1.06228995180098E-14,1.));
#7006=DIRECTION('',(1.72084568816899E-15,-1.05909311431649E-14,-1.));
#7007=DIRECTION('',(0.996518577449759,0.0833710069359136,8.60422844084496E-16));
#7008=DIRECTION('',(-1.,0.,0.));
#7009=DIRECTION('',(0.85762685841793,0.514272468366908,1.08246744900953E-15));
#7010=DIRECTION('',(1.72084568816899E-15,-1.05909311431649E-14,-1.));
#7011=DIRECTION('',(0.996518577449759,0.0833710069359136,8.60422844084496E-16));
#7012=DIRECTION('',(0.85762685841793,0.514272468366908,1.08246744900953E-15));
#7013=DIRECTION('',(-9.71445146547012E-16,-2.58029475594043E-16,1.));
#7014=DIRECTION('',(-0.85762685841793,-0.514272468366908,-1.08246744900953E-15));
#7015=DIRECTION('',(0.85762685841793,0.514272468366908,1.08246744900953E-15));
#7016=DIRECTION('',(-0.85762685841793,-0.514272468366908,-1.08246744900953E-15));
#7017=DIRECTION('',(-9.71445146547012E-16,-2.58029475594043E-16,1.));
#7018=DIRECTION('',(-0.514272468366908,0.85762685841793,-3.33066907387547E-16));
#7019=DIRECTION('',(-0.85762685841793,-0.514272468366908,-1.08246744900953E-15));
#7020=DIRECTION('',(1.09964029822724E-15,2.71036081503202E-16,-1.));
#7021=DIRECTION('',(-0.514272468366908,0.85762685841793,-3.33066907387547E-16));
#7022=DIRECTION('',(-0.85762685841793,-0.514272468366908,1.99722220581455E-16));
#7023=DIRECTION('',(0.85762685841793,0.514272468366908,1.08246744900953E-15));
#7024=DIRECTION('',(9.71445146547012E-16,2.58029475594043E-16,-1.));
#7025=DIRECTION('',(0.85762685841793,0.514272468366908,1.08246744900953E-15));
#7026=DIRECTION('',(-0.514272468366908,0.85762685841793,-3.33066907387547E-16));
#7027=DIRECTION('',(-0.85762685841793,-0.514272468366908,1.99722220581455E-16));
#7028=DIRECTION('',(0.85762685841793,0.514272468366908,1.08246744900953E-15));
#7029=DIRECTION('',(0.514272468366908,-0.85762685841793,3.33066907387547E-16));
#7030=DIRECTION('',(0.85762685841793,0.514272468366908,1.08246744900953E-15));
#7031=DIRECTION('',(0.514272468366908,-0.85762685841793,3.33066907387547E-16));
#7032=DIRECTION('',(-0.85762685841793,-0.514272468366908,1.99722220581455E-16));
#7033=DIRECTION('',(0.85762685841793,0.514272468366908,1.08246744900953E-15));
#7034=DIRECTION('',(6.21173008165938E-16,8.42161063631473E-16,-1.));
#7035=DIRECTION('',(0.85762685841793,0.514272468366908,1.08246744900953E-15));
#7036=DIRECTION('',(0.514272468366908,-0.85762685841793,3.33066907387547E-16));
#7037=DIRECTION('',(-0.85762685841793,-0.514272468366908,1.99722220581455E-16));
#7038=DIRECTION('',(-6.47646778458146E-16,0.,1.));
#7039=DIRECTION('',(-1.58206781009085E-15,-5.37319955226309E-16,1.));
#7040=DIRECTION('',(-0.990534462396918,0.137264266304265,-1.49880108324396E-15));
#7041=DIRECTION('',(-1.58206781009085E-15,-5.37319955226309E-16,1.));
#7042=DIRECTION('',(1.58206781009085E-15,5.37319955226309E-16,-1.));
#7043=DIRECTION('',(0.990534462396918,-0.137264266304265,1.49880108324396E-15));
#7044=DIRECTION('',(0.,1.,0.));
#7045=DIRECTION('',(-1.,0.,0.));
#7046=DIRECTION('',(-1.15648231731787E-16,1.,0.));
#7047=DIRECTION('',(-1.,-1.15648231731787E-16,0.));
#7048=DIRECTION('',(0.,1.,0.));
#7049=DIRECTION('',(-1.,0.,0.));
#7050=DIRECTION('',(0.,-1.,0.));
#7051=DIRECTION('',(1.,0.,0.));
#7052=DIRECTION('',(-1.,0.,0.));
#7053=DIRECTION('',(-1.,0.,0.));
#7054=DIRECTION('',(0.,-1.,0.));
#7055=DIRECTION('',(1.,0.,0.));
#7056=DIRECTION('',(-1.,0.,0.));
#7057=DIRECTION('',(-1.,0.,0.));
#7058=DIRECTION('',(9.43689570931383E-15,0.644135745782787,0.764911198117045));
#7059=DIRECTION('',(-0.170080950470816,-0.75376651391107,0.634750748556705));
#7060=DIRECTION('',(-1.19348975147204E-15,-0.644135745782786,-0.764911198117045));
#7061=DIRECTION('',(0.632647969522031,0.592377449517731,-0.498844168014941));
#7062=DIRECTION('',(-9.79771819231701E-15,-0.644135745782787,-0.764911198117045));
#7063=DIRECTION('',(0.632647969522031,0.592377449517727,-0.498844168014946));
#7064=DIRECTION('',(1.,-1.91676680546922E-14,5.8564264548977E-15));
#7065=DIRECTION('',(-5.8564264548977E-15,1.04139893486153E-14,1.));
#7066=DIRECTION('',(0.,-1.,0.));
#7067=DIRECTION('',(1.,0.,0.));
#7068=DIRECTION('',(-1.,0.,0.));
#7069=DIRECTION('',(6.47646778458146E-16,0.,-1.));
#7070=DIRECTION('',(-1.,0.,0.));
#7071=DIRECTION('',(-0.514272468366908,0.85762685841793,-3.33066907387547E-16));
#7072=DIRECTION('',(-0.85762685841793,-0.514272468366908,-1.08246744900953E-15));
#7073=DIRECTION('',(-0.514272468366908,0.85762685841793,-3.33066907387547E-16));
#7074=DIRECTION('',(-0.85762685841793,-0.514272468366908,1.99722220581455E-16));
#7075=DIRECTION('',(-0.514272468366908,0.85762685841793,-3.33066907387547E-16));
#7076=DIRECTION('',(-0.85762685841793,-0.514272468366908,1.99722220581455E-16));
#7077=DIRECTION('',(0.85762685841793,0.514272468366908,1.08246744900953E-15));
#7078=DIRECTION('',(9.71445146547012E-16,2.58029475594043E-16,-1.));
#7079=DIRECTION('',(0.85762685841793,0.514272468366908,1.08246744900953E-15));
#7080=DIRECTION('',(1.69309011255336E-15,-1.06079360895302E-14,-1.));
#7081=DIRECTION('',(1.,-4.30293671783577E-16,1.69309011255336E-15));
#7082=DIRECTION('',(-1.,0.,0.));
#7083=DIRECTION('',(1.69309011255336E-15,-1.06079360895302E-14,-1.));
#7084=DIRECTION('',(1.,-4.30293671783576E-16,1.69309011255336E-15));
#7085=DIRECTION('',(0.85762685841793,0.514272468366908,1.08246744900953E-15));
#7086=DIRECTION('',(-1.69309011255336E-15,1.06079360895302E-14,1.));
#7087=DIRECTION('',(-1.,4.30293671783576E-16,-1.69309011255336E-15));
#7088=DIRECTION('',(-0.514272468366908,0.85762685841793,-3.33066907387547E-16));
#7089=DIRECTION('',(-0.85762685841793,-0.514272468366908,-1.08246744900953E-15));
#7090=DIRECTION('',(-0.514272468366908,0.85762685841793,-3.33066907387547E-16));
#7091=DIRECTION('',(-0.85762685841793,-0.514272468366908,-5.55439271973553E-16));
#7092=DIRECTION('',(0.85762685841793,0.514272468366908,1.08246744900953E-15));
#7093=DIRECTION('',(-0.514272468366908,0.85762685841793,-3.33066907387547E-16));
#7094=DIRECTION('',(-0.85762685841793,-0.514272468366908,1.99722220581455E-16));
#7095=DIRECTION('',(0.85762685841793,0.514272468366908,1.08246744900953E-15));
#7096=DIRECTION('',(1.09964029822724E-15,2.71036081503202E-16,-1.));
#7097=DIRECTION('',(0.85762685841793,0.514272468366908,1.08246744900953E-15));
#7098=DIRECTION('',(-0.514272468366908,0.85762685841793,-3.33066907387547E-16));
#7099=DIRECTION('',(-0.85762685841793,-0.514272468366908,1.99722220581455E-16));
#7100=DIRECTION('',(0.85762685841793,0.514272468366908,1.08246744900953E-15));
#7101=DIRECTION('',(9.71445146547012E-16,2.58029475594043E-16,-1.));
#7102=DIRECTION('',(0.85762685841793,0.514272468366908,1.08246744900953E-15));
#7103=DIRECTION('',(-1.72084568816899E-15,1.05909311431649E-14,1.));
#7104=DIRECTION('',(-0.996518577449759,-0.0833710069359136,-8.60422844084496E-16));
#7105=DIRECTION('',(-1.05284300456933E-15,-1.22286278064315E-16,1.));
#7106=DIRECTION('',(-1.,0.,-1.05284300456933E-15));
#7107=DIRECTION('',(-1.72084568816899E-15,1.05909311431649E-14,1.));
#7108=DIRECTION('',(1.69309011255336E-15,-1.06079360895302E-14,-1.));
#7109=DIRECTION('',(1.,-4.30293671783577E-16,1.69309011255336E-15));
#7110=DIRECTION('',(-1.,0.,0.));
#7111=DIRECTION('',(1.69309011255336E-15,-1.06079360895302E-14,-1.));
#7112=DIRECTION('',(1.,-4.30293671783576E-16,1.69309011255336E-15));
#7113=DIRECTION('',(0.85762685841793,0.514272468366908,1.08246744900953E-15));
#7114=DIRECTION('',(-0.514272468366908,0.85762685841793,-9.96836053411241E-15));
#7115=DIRECTION('',(1.69309011255336E-15,-1.06079360895302E-14,-1.));
#7116=DIRECTION('',(1.,-4.30293671783576E-16,1.69309011255336E-15));
#7117=DIRECTION('',(-1.69309011255336E-15,1.06079360895302E-14,1.));
#7118=DIRECTION('',(-1.,4.30293671783576E-16,-1.69309011255336E-15));
#7119=DIRECTION('',(-1.69309011255336E-15,1.06079360895302E-14,1.));
#7120=DIRECTION('',(-1.05284300456933E-15,-1.22286278064315E-16,1.));
#7121=DIRECTION('',(-1.,0.,-1.05284300456933E-15));
#7122=DIRECTION('',(1.72084568816899E-15,-1.06079360895302E-14,-1.));
#7123=DIRECTION('',(1.,-4.30293671783592E-16,1.72084568816899E-15));
#7124=DIRECTION('',(-1.,0.,0.));
#7125=DIRECTION('',(1.72084568816899E-15,-1.06079360895302E-14,-1.));
#7126=DIRECTION('',(1.,-4.30293671783592E-16,1.72084568816899E-15));
#7127=DIRECTION('',(0.,-1.,0.));
#7128=DIRECTION('',(0.,-1.,0.));
#7129=DIRECTION('',(1.72084568816899E-15,-1.06079360895302E-14,-1.));
#7130=DIRECTION('',(1.,-4.30293671783592E-16,1.72084568816899E-15));
#7131=DIRECTION('',(-1.72084568816899E-15,1.06079360895302E-14,1.));
#7132=DIRECTION('',(-1.,4.30293671783592E-16,-1.72084568816899E-15));
#7133=DIRECTION('',(0.,-1.,0.));
#7134=DIRECTION('',(1.,0.,0.));
#7135=DIRECTION('',(0.,-1.,0.));
#7136=DIRECTION('',(1.,0.,0.));
#7137=DIRECTION('',(-1.,0.,0.));
#7138=DIRECTION('',(0.,-1.,0.));
#7139=DIRECTION('',(0.,0.,1.));
#7140=DIRECTION('',(0.,-1.,0.));
#7141=DIRECTION('',(-0.00249734754945422,0.764908812835364,-0.644133737124528));
#7142=DIRECTION('',(-0.200866575868223,0.630623574035161,0.749644266682602));
#7143=DIRECTION('',(0.,0.,1.));
#7144=DIRECTION('',(0.,1.,0.));
#7145=DIRECTION('',(-1.,0.,0.));
#7146=DIRECTION('',(0.,0.,1.));
#7147=DIRECTION('',(0.,-1.,0.));
#7148=DIRECTION('',(1.,0.,0.));
#7149=DIRECTION('',(0.,1.,0.));
#7150=DIRECTION('',(0.,-1.,0.));
#7151=DIRECTION('',(1.,0.,0.));
#7152=DIRECTION('',(0.,-1.,0.));
#7153=DIRECTION('',(0.,-1.,0.));
#7154=DIRECTION('',(-1.58206781009085E-15,-5.58152267277917E-16,1.));
#7155=DIRECTION('',(-1.,-1.05103981902476E-15,-1.58206781009085E-15));
#7156=DIRECTION('',(-1.58206781009085E-15,-5.58152267277916E-16,1.));
#7157=DIRECTION('',(-1.,0.,-1.58206781009085E-15));
#7158=DIRECTION('',(-1.,0.,3.33847688608259E-16));
#7159=DIRECTION('',(-1.58206781009085E-15,-5.58152267277916E-16,1.));
#7160=DIRECTION('',(-1.,0.,-1.58206781009085E-15));
#7161=DIRECTION('',(-1.58206781009085E-15,-5.58152267277916E-16,1.));
#7162=DIRECTION('',(-0.989618231870189,0.143721101965302,-1.48542489000323E-15));
#7163=DIRECTION('',(-1.,0.,3.33847688608259E-16));
#7164=DIRECTION('',(-3.33847688608259E-16,0.,-1.));
#7165=DIRECTION('',(1.,0.,-3.33847688608259E-16));
#7166=DIRECTION('',(0.,-1.,0.));
#7167=DIRECTION('',(1.,0.,0.));
#7168=DIRECTION('',(-1.60982338570648E-15,-5.42524125654239E-16,1.));
#7169=DIRECTION('',(-1.,0.,0.));
#7170=DIRECTION('',(-1.58206781009085E-15,-5.37319955226309E-16,1.));
#7171=DIRECTION('',(0.,0.,1.));
#7172=DIRECTION('',(0.,-1.,0.));
#7173=DIRECTION('',(0.,0.,1.));
#7174=DIRECTION('',(0.,-1.,0.));
#7175=DIRECTION('',(1.,0.,0.));
#7176=DIRECTION('',(0.,0.,1.));
#7177=DIRECTION('',(0.,-1.,0.));
#7178=DIRECTION('',(0.,1.,0.));
#7179=DIRECTION('',(-1.,0.,0.));
#7180=DIRECTION('',(-1.60982338570648E-15,-5.42524125654239E-16,1.));
#7181=DIRECTION('',(1.,0.,0.));
#7182=DIRECTION('',(-1.58206781009085E-15,-5.37319955226309E-16,1.));
#7183=DIRECTION('',(0.,0.,1.));
#7184=DIRECTION('',(0.,1.,0.));
#7185=DIRECTION('',(0.,0.,1.));
#7186=DIRECTION('',(0.,-1.,0.));
#7187=DIRECTION('',(-1.,0.,0.));
#7188=DIRECTION('',(0.,0.,1.));
#7189=DIRECTION('',(0.,-1.,0.));
#7190=DIRECTION('',(1.60982338570648E-15,5.42524125654239E-16,-1.));
#7191=DIRECTION('',(0.996689788349193,-0.0812986211472328,1.58206781009085E-15));
#7192=DIRECTION('',(-1.,0.,0.));
#7193=DIRECTION('',(1.60982338570648E-15,5.42524125654239E-16,-1.));
#7194=DIRECTION('',(0.996689788349193,-0.0812986211472328,1.58206781009085E-15));
#7195=DIRECTION('',(1.60982338570648E-15,5.42524125654239E-16,-1.));
#7196=DIRECTION('',(0.996689788349193,-0.0812986211472328,1.58206781009085E-15));
#7197=DIRECTION('',(-0.974885834258856,0.141581533037504,0.171907764990898));
#7198=DIRECTION('',(-0.17365708258738,-1.01906691446265E-14,-0.98480618279296));
#7199=DIRECTION('',(-0.5,0.,-0.866025403784438));
#7200=DIRECTION('',(-0.856165628948104,0.150467785291499,0.494307456344095));
#7201=DIRECTION('',(0.,-1.,0.));
#7202=DIRECTION('',(1.,0.,0.));
#7203=DIRECTION('',(-1.,0.,0.));
#7204=DIRECTION('',(0.,0.,1.));
#7205=DIRECTION('',(-1.,0.,0.));
#7206=DIRECTION('',(-1.,0.,0.));
#7207=DIRECTION('',(0.,-1.,0.));
#7208=DIRECTION('',(0.,1.,7.15573433840433E-15));
#7209=DIRECTION('',(0.,-7.15573433840433E-15,1.));
#7210=DIRECTION('',(-1.,0.,0.));
#7211=DIRECTION('',(0.,-1.,0.));
#7212=DIRECTION('',(0.,-7.2280144832367E-15,-1.));
#7213=DIRECTION('',(0.,1.,-7.2280144832367E-15));
#7214=DIRECTION('',(9.71445146547012E-16,2.58029475594043E-16,-1.));
#7215=DIRECTION('',(0.85762685841793,0.514272468366908,1.08246744900953E-15));
#7216=DIRECTION('',(-0.85762685841793,-0.514272468366908,-1.08246744900953E-15));
#7217=DIRECTION('',(0.514272468366908,-0.85762685841793,3.33066907387547E-16));
#7218=DIRECTION('',(-0.514272468366908,0.85762685841793,-3.33066907387547E-16));
#7219=DIRECTION('',(-0.85762685841793,-0.514272468366908,-1.08246744900953E-15));
#7220=DIRECTION('',(0.85762685841793,0.514272468366908,1.08246744900953E-15));
#7221=DIRECTION('',(9.71445146547012E-16,2.58029475594043E-16,-1.));
#7222=DIRECTION('',(0.85762685841793,0.514272468366908,1.08246744900953E-15));
#7223=DIRECTION('',(-9.71445146547012E-16,-2.58029475594043E-16,1.));
#7224=DIRECTION('',(-0.85762685841793,-0.514272468366908,-1.08246744900953E-15));
#7225=DIRECTION('',(9.71445146547012E-16,2.58029475594043E-16,-1.));
#7226=DIRECTION('',(-0.85762685841793,-0.514272468366908,-1.08246744900953E-15));
#7227=DIRECTION('',(-0.85762685841793,-0.514272468366908,-1.08246744900953E-15));
#7228=DIRECTION('',(-9.71445146547012E-16,-2.58029475594043E-16,1.));
#7229=DIRECTION('',(-0.85762685841793,-0.514272468366908,-1.08246744900953E-15));
#7230=DIRECTION('',(9.71445146547012E-16,2.58029475594043E-16,-1.));
#7231=DIRECTION('',(-0.514272468366908,0.85762685841793,-5.7048344150846E-16));
#7232=DIRECTION('',(-1.09354193358049E-15,-5.44146792994509E-17,1.));
#7233=DIRECTION('',(0.514272468366908,-0.85762685841793,5.7048344150846E-16));
#7234=DIRECTION('',(-0.514272468366908,0.85762685841793,-3.33066907387547E-16));
#7235=DIRECTION('',(-0.85762685841793,-0.514272468366908,-1.08246744900953E-15));
#7236=DIRECTION('',(9.71445146547012E-16,2.58029475594043E-16,-1.));
#7237=DIRECTION('',(-0.85762685841793,-0.514272468366908,-1.08246744900953E-15));
#7238=DIRECTION('',(9.71445146547012E-16,2.58029475594043E-16,-1.));
#7239=DIRECTION('',(0.85762685841793,0.514272468366908,1.08246744900953E-15));
#7240=DIRECTION('',(-9.71445146547012E-16,-2.58029475594043E-16,1.));
#7241=DIRECTION('',(-0.85762685841793,-0.514272468366908,-1.08246744900953E-15));
#7242=DIRECTION('',(9.71445146547012E-16,2.58029475594043E-16,-1.));
#7243=DIRECTION('',(0.85762685841793,0.514272468366908,1.08246744900953E-15));
#7244=DIRECTION('',(-9.71445146547012E-16,-2.58029475594043E-16,1.));
#7245=DIRECTION('',(-0.85762685841793,-0.514272468366908,-1.08246744900953E-15));
#7246=DIRECTION('',(-9.71445146547012E-16,-2.58029475594043E-16,1.));
#7247=DIRECTION('',(-0.85762685841793,-0.514272468366908,-1.08246744900953E-15));
#7248=DIRECTION('',(-9.71445146547012E-16,-2.58029475594043E-16,1.));
#7249=DIRECTION('',(0.514272468366908,-0.85762685841793,6.49622286215431E-16));
#7250=DIRECTION('',(-1.05284300456933E-15,-1.22286278064315E-16,1.));
#7251=DIRECTION('',(0.514272468366908,-0.85762685841793,4.91344596801489E-16));
#7252=DIRECTION('',(-0.514272468366908,0.85762685841793,-4.91344596801489E-16));
#7253=DIRECTION('',(-0.85762685841793,-0.514272468366908,-1.08246744900953E-15));
#7254=DIRECTION('',(-0.85762685841793,-0.514272468366908,-1.08246744900953E-15));
#7255=DIRECTION('',(9.71445146547012E-16,2.58029475594043E-16,-1.));
#7256=DIRECTION('',(-0.85762685841793,-0.514272468366908,-1.08246744900953E-15));
#7257=DIRECTION('',(9.71445146547012E-16,2.58029475594043E-16,-1.));
#7258=DIRECTION('',(0.85762685841793,0.514272468366908,1.08246744900953E-15));
#7259=DIRECTION('',(-9.71445146547012E-16,-2.58029475594043E-16,1.));
#7260=DIRECTION('',(0.85762685841793,0.514272468366908,1.08246744900953E-15));
#7261=DIRECTION('',(-0.514272468366908,0.85762685841793,-3.33066907387547E-16));
#7262=DIRECTION('',(-0.85762685841793,-0.514272468366908,-1.08246744900953E-15));
#7263=DIRECTION('',(-0.85762685841793,-0.514272468366908,-1.08246744900953E-15));
#7264=DIRECTION('',(9.71445146547012E-16,2.58029475594043E-16,-1.));
#7265=DIRECTION('',(9.71445146547012E-16,2.58029475594043E-16,-1.));
#7266=DIRECTION('',(0.85762685841793,0.514272468366908,1.08246744900953E-15));
#7267=DIRECTION('',(0.514272468366908,-0.85762685841793,3.33066907387547E-16));
#7268=DIRECTION('',(0.85762685841793,0.514272468366908,1.08246744900953E-15));
#7269=DIRECTION('',(-9.71445146547012E-16,-2.58029475594043E-16,1.));
#7270=DIRECTION('',(9.71445146547012E-16,2.58029475594043E-16,-1.));
#7271=DIRECTION('',(0.85762685841793,0.514272468366908,1.08246744900953E-15));
#7272=DIRECTION('',(-0.85762685841793,-0.514272468366908,-1.08246744900953E-15));
#7273=DIRECTION('',(0.514272468366908,-0.85762685841793,3.33066907387547E-16));
#7274=DIRECTION('',(-0.514272468366908,0.85762685841793,-3.33066907387547E-16));
#7275=DIRECTION('',(-0.85762685841793,-0.514272468366908,-1.08246744900953E-15));
#7276=DIRECTION('',(0.85762685841793,0.514272468366908,1.08246744900953E-15));
#7277=DIRECTION('',(9.71445146547012E-16,2.58029475594043E-16,-1.));
#7278=DIRECTION('',(0.85762685841793,0.514272468366908,1.08246744900953E-15));
#7279=DIRECTION('',(-9.71445146547012E-16,-2.58029475594043E-16,1.));
#7280=DIRECTION('',(-0.85762685841793,-0.514272468366908,-1.08246744900953E-15));
#7281=DIRECTION('',(9.71445146547012E-16,2.58029475594043E-16,-1.));
#7282=DIRECTION('',(-0.85762685841793,-0.514272468366908,-1.08246744900953E-15));
#7283=DIRECTION('',(-0.85762685841793,-0.514272468366908,-1.08246744900953E-15));
#7284=DIRECTION('',(-9.71445146547012E-16,-2.58029475594043E-16,1.));
#7285=DIRECTION('',(-0.85762685841793,-0.514272468366908,-1.08246744900953E-15));
#7286=DIRECTION('',(9.71445146547012E-16,2.58029475594043E-16,-1.));
#7287=DIRECTION('',(-0.514272468366908,0.85762685841793,-5.7048344150846E-16));
#7288=DIRECTION('',(-1.09354193358049E-15,-5.44146792994509E-17,1.));
#7289=DIRECTION('',(0.514272468366908,-0.85762685841793,5.7048344150846E-16));
#7290=DIRECTION('',(-0.514272468366908,0.85762685841793,-3.33066907387547E-16));
#7291=DIRECTION('',(-0.85762685841793,-0.514272468366908,-1.08246744900953E-15));
#7292=DIRECTION('',(9.71445146547012E-16,2.58029475594043E-16,-1.));
#7293=DIRECTION('',(-0.85762685841793,-0.514272468366908,-1.08246744900953E-15));
#7294=DIRECTION('',(9.71445146547012E-16,2.58029475594043E-16,-1.));
#7295=DIRECTION('',(0.85762685841793,0.514272468366908,1.08246744900953E-15));
#7296=DIRECTION('',(-9.71445146547012E-16,-2.58029475594043E-16,1.));
#7297=DIRECTION('',(-0.85762685841793,-0.514272468366908,-1.08246744900953E-15));
#7298=DIRECTION('',(9.71445146547012E-16,2.58029475594043E-16,-1.));
#7299=DIRECTION('',(0.85762685841793,0.514272468366908,1.08246744900953E-15));
#7300=DIRECTION('',(-9.71445146547012E-16,-2.58029475594043E-16,1.));
#7301=DIRECTION('',(0.514272468366908,-0.85762685841793,6.49622286215431E-16));
#7302=DIRECTION('',(-1.05284300456933E-15,-1.22286278064315E-16,1.));
#7303=DIRECTION('',(0.514272468366908,-0.85762685841793,4.91344596801489E-16));
#7304=DIRECTION('',(-0.514272468366908,0.85762685841793,-4.91344596801489E-16));
#7305=DIRECTION('',(-0.85762685841793,-0.514272468366908,-1.08246744900953E-15));
#7306=DIRECTION('',(9.71445146547012E-16,2.58029475594043E-16,-1.));
#7307=DIRECTION('',(-0.85762685841793,-0.514272468366908,-1.08246744900953E-15));
#7308=DIRECTION('',(9.71445146547012E-16,2.58029475594043E-16,-1.));
#7309=DIRECTION('',(0.85762685841793,0.514272468366908,1.08246744900953E-15));
#7310=DIRECTION('',(-9.71445146547012E-16,-2.58029475594043E-16,1.));
#7311=DIRECTION('',(0.85762685841793,0.514272468366908,1.08246744900953E-15));
#7312=DIRECTION('',(-0.514272468366908,0.85762685841793,-3.33066907387547E-16));
#7313=DIRECTION('',(-0.85762685841793,-0.514272468366908,-1.08246744900953E-15));
#7314=DIRECTION('',(-0.85762685841793,-0.514272468366908,-1.08246744900953E-15));
#7315=DIRECTION('',(9.71445146547012E-16,2.58029475594043E-16,-1.));
#7316=DIRECTION('',(9.71445146547012E-16,2.58029475594043E-16,-1.));
#7317=DIRECTION('',(0.85762685841793,0.514272468366908,1.08246744900953E-15));
#7318=DIRECTION('',(0.514272468366908,-0.85762685841793,3.33066907387547E-16));
#7319=DIRECTION('',(0.85762685841793,0.514272468366908,1.08246744900953E-15));
#7320=DIRECTION('',(-9.71445146547012E-16,-2.58029475594043E-16,1.));
#7321=DIRECTION('',(9.71445146547012E-16,2.58029475594043E-16,-1.));
#7322=DIRECTION('',(0.85762685841793,0.514272468366908,1.08246744900953E-15));
#7323=DIRECTION('',(-0.85762685841793,-0.514272468366908,-1.08246744900953E-15));
#7324=DIRECTION('',(0.514272468366908,-0.85762685841793,3.33066907387547E-16));
#7325=DIRECTION('',(-0.514272468366908,0.85762685841793,-3.33066907387547E-16));
#7326=DIRECTION('',(-0.85762685841793,-0.514272468366908,-1.08246744900953E-15));
#7327=DIRECTION('',(0.85762685841793,0.514272468366908,1.08246744900953E-15));
#7328=DIRECTION('',(9.71445146547012E-16,2.58029475594043E-16,-1.));
#7329=DIRECTION('',(0.85762685841793,0.514272468366908,1.08246744900953E-15));
#7330=DIRECTION('',(-9.71445146547012E-16,-2.58029475594043E-16,1.));
#7331=DIRECTION('',(-0.85762685841793,-0.514272468366908,-1.08246744900953E-15));
#7332=DIRECTION('',(9.71445146547012E-16,2.58029475594043E-16,-1.));
#7333=DIRECTION('',(-0.85762685841793,-0.514272468366908,-1.08246744900953E-15));
#7334=DIRECTION('',(-0.85762685841793,-0.514272468366908,-1.08246744900953E-15));
#7335=DIRECTION('',(-9.71445146547012E-16,-2.58029475594043E-16,1.));
#7336=DIRECTION('',(-0.85762685841793,-0.514272468366908,-1.08246744900953E-15));
#7337=DIRECTION('',(9.71445146547012E-16,2.58029475594043E-16,-1.));
#7338=DIRECTION('',(-0.514272468366908,0.85762685841793,-5.7048344150846E-16));
#7339=DIRECTION('',(-1.09354193358049E-15,-5.44146792994509E-17,1.));
#7340=DIRECTION('',(0.514272468366908,-0.85762685841793,5.7048344150846E-16));
#7341=DIRECTION('',(-0.514272468366908,0.85762685841793,-3.33066907387547E-16));
#7342=DIRECTION('',(-0.85762685841793,-0.514272468366908,-1.08246744900953E-15));
#7343=DIRECTION('',(9.71445146547012E-16,2.58029475594043E-16,-1.));
#7344=DIRECTION('',(-0.85762685841793,-0.514272468366908,-1.08246744900953E-15));
#7345=DIRECTION('',(9.71445146547012E-16,2.58029475594043E-16,-1.));
#7346=DIRECTION('',(0.85762685841793,0.514272468366908,1.08246744900953E-15));
#7347=DIRECTION('',(-9.71445146547012E-16,-2.58029475594043E-16,1.));
#7348=DIRECTION('',(-0.85762685841793,-0.514272468366908,-1.08246744900953E-15));
#7349=DIRECTION('',(9.71445146547012E-16,2.58029475594043E-16,-1.));
#7350=DIRECTION('',(0.85762685841793,0.514272468366908,1.08246744900953E-15));
#7351=DIRECTION('',(-9.71445146547012E-16,-2.58029475594043E-16,1.));
#7352=DIRECTION('',(-0.85762685841793,-0.514272468366908,-1.08246744900953E-15));
#7353=DIRECTION('',(-9.71445146547012E-16,-2.58029475594043E-16,1.));
#7354=DIRECTION('',(0.514272468366908,-0.85762685841793,6.49622286215431E-16));
#7355=DIRECTION('',(-1.05284300456933E-15,-1.22286278064315E-16,1.));
#7356=DIRECTION('',(0.514272468366908,-0.85762685841793,4.91344596801489E-16));
#7357=DIRECTION('',(-0.85762685841793,-0.514272468366908,-1.08246744900953E-15));
#7358=DIRECTION('',(-0.514272468366908,0.85762685841793,-4.91344596801489E-16));
#7359=DIRECTION('',(-0.85762685841793,-0.514272468366908,-1.08246744900953E-15));
#7360=DIRECTION('',(9.71445146547012E-16,2.58029475594043E-16,-1.));
#7361=DIRECTION('',(-0.85762685841793,-0.514272468366908,-1.08246744900953E-15));
#7362=DIRECTION('',(9.71445146547012E-16,2.58029475594043E-16,-1.));
#7363=DIRECTION('',(0.85762685841793,0.514272468366908,1.08246744900953E-15));
#7364=DIRECTION('',(-9.71445146547012E-16,-2.58029475594043E-16,1.));
#7365=DIRECTION('',(0.85762685841793,0.514272468366908,1.08246744900953E-15));
#7366=DIRECTION('',(-0.514272468366908,0.85762685841793,-3.33066907387547E-16));
#7367=DIRECTION('',(-0.85762685841793,-0.514272468366908,-1.08246744900953E-15));
#7368=DIRECTION('',(-0.85762685841793,-0.514272468366908,-1.08246744900953E-15));
#7369=DIRECTION('',(9.71445146547012E-16,2.58029475594043E-16,-1.));
#7370=DIRECTION('',(9.71445146547012E-16,2.58029475594043E-16,-1.));
#7371=DIRECTION('',(0.85762685841793,0.514272468366908,1.08246744900953E-15));
#7372=DIRECTION('',(0.514272468366908,-0.85762685841793,3.33066907387547E-16));
#7373=DIRECTION('',(0.85762685841793,0.514272468366908,1.08246744900953E-15));
#7374=DIRECTION('',(-9.71445146547012E-16,-2.58029475594043E-16,1.));
#7375=DIRECTION('',(0.,-1.,0.));
#7376=DIRECTION('',(1.,0.,0.));
#7377=DIRECTION('',(0.,-1.,0.));
#7378=DIRECTION('',(1.,0.,0.));
#7379=DIRECTION('',(0.,-1.,0.));
#7380=DIRECTION('',(1.,0.,0.));
#7381=DIRECTION('',(0.,-1.,0.));
#7382=DIRECTION('',(1.,0.,0.));
#7383=DIRECTION('',(0.,-1.,0.));
#7384=DIRECTION('',(1.,0.,0.));
#7385=DIRECTION('',(0.,-1.,0.));
#7386=DIRECTION('',(1.,0.,0.));
#7387=DIRECTION('',(-1.80411241501588E-15,1.06152172718286E-14,1.));
#7388=DIRECTION('',(-0.993523300247706,-0.113628569756498,-6.10622663543836E-16));
#7389=DIRECTION('',(1.80411241501588E-15,-1.06152172718286E-14,-1.));
#7390=DIRECTION('',(0.993523300247706,0.113628569756498,6.10622663543836E-16));
#7391=DIRECTION('',(1.80411241501588E-15,-1.06152172718286E-14,-1.));
#7392=DIRECTION('',(0.993523300247706,0.113628569756498,6.10622663543836E-16));
#7393=DIRECTION('',(1.80411241501588E-15,-1.06152172718286E-14,-1.));
#7394=DIRECTION('',(0.,1.,-1.06152172718286E-14));
#7395=DIRECTION('',(1.,0.,0.));
#7396=DIRECTION('',(0.,1.,0.));
#7397=DIRECTION('',(1.,0.,0.));
#7398=DIRECTION('',(0.,1.,0.));
#7399=DIRECTION('',(0.,1.,0.));
#7400=DIRECTION('',(0.,0.,1.));
#7401=DIRECTION('',(0.,1.,0.));
#7402=DIRECTION('',(0.,-1.,0.));
#7403=DIRECTION('',(1.,0.,0.));
#7404=DIRECTION('',(0.,-1.,0.));
#7405=DIRECTION('',(1.,0.,0.));
#7406=DIRECTION('',(0.,-1.,0.));
#7407=DIRECTION('',(1.,0.,0.));
#7408=DIRECTION('',(0.,1.,0.));
#7409=DIRECTION('',(-1.,0.,0.));
#7410=DIRECTION('',(0.,-1.,0.));
#7411=DIRECTION('',(0.,-1.,0.));
#7412=DIRECTION('',(1.,0.,0.));
#7413=DIRECTION('',(0.,-1.,0.));
#7414=DIRECTION('',(1.,0.,0.));
#7415=DIRECTION('',(0.,-1.,0.));
#7416=DIRECTION('',(1.,0.,0.));
#7417=DIRECTION('',(0.,1.,0.));
#7418=DIRECTION('',(-1.,0.,0.));
#7419=DIRECTION('',(0.,-1.,0.));
#7420=DIRECTION('',(1.,0.,0.));
#7421=DIRECTION('',(0.,1.,0.));
#7422=DIRECTION('',(0.,-1.,0.));
#7423=DIRECTION('',(1.,0.,0.));
#7424=DIRECTION('',(0.,-1.,0.));
#7425=DIRECTION('',(1.,0.,0.));
#7426=DIRECTION('',(1.,0.,0.));
#7427=DIRECTION('',(0.,0.,-1.));
#7428=DIRECTION('',(0.,-1.,0.));
#7429=DIRECTION('',(1.,0.,0.));
#7430=DIRECTION('',(1.,0.,0.));
#7431=DIRECTION('',(0.,0.,1.));
#7432=DIRECTION('',(1.,0.,0.));
#7433=DIRECTION('',(0.,0.,-1.));
#7434=DIRECTION('',(0.,1.,0.));
#7435=DIRECTION('',(-1.,0.,0.));
#7436=DIRECTION('',(0.,1.,0.));
#7437=DIRECTION('',(-1.,0.,0.));
#7438=DIRECTION('',(0.,-1.,0.));
#7439=DIRECTION('',(-1.,0.,0.));
#7440=DIRECTION('',(1.,0.,0.));
#7441=DIRECTION('',(0.,1.,0.));
#7442=DIRECTION('',(-1.,0.,0.));
#7443=DIRECTION('',(-1.,0.,0.));
#7444=DIRECTION('',(0.,-1.,0.));
#7445=DIRECTION('',(1.,0.,0.));
#7446=DIRECTION('',(0.,1.,0.));
#7447=DIRECTION('',(1.,0.,0.));
#7448=DIRECTION('',(1.,0.,0.));
#7449=DIRECTION('',(0.,1.,0.));
#7450=DIRECTION('',(1.,0.,0.));
#7451=DIRECTION('',(1.,0.,0.));
#7452=DIRECTION('',(0.,-1.,0.));
#7453=DIRECTION('',(1.,0.,0.));
#7454=DIRECTION('',(0.,0.,1.));
#7455=DIRECTION('',(0.,-1.,0.));
#7456=DIRECTION('',(1.,0.,0.));
#7457=DIRECTION('',(-1.73472347597681E-16,1.,0.));
#7458=DIRECTION('',(-1.,-1.73472347597681E-16,0.));
#7459=DIRECTION('',(0.,1.,0.));
#7460=DIRECTION('',(-1.,0.,0.));
#7461=DIRECTION('',(0.,1.,0.));
#7462=DIRECTION('',(-1.,0.,0.));
#7463=DIRECTION('',(0.,1.,0.));
#7464=DIRECTION('',(-1.,0.,0.));
#7465=DIRECTION('',(0.447761194029836,4.84721411302442E-15,0.894153182134345));
#7466=DIRECTION('',(-0.894153182134345,0.,0.447761194029836));
#7467=DIRECTION('',(0.,1.,0.));
#7468=DIRECTION('',(-1.,0.,0.));
#7469=DIRECTION('',(0.44776119402984,6.46295215069921E-15,-0.894153182134343));
#7470=DIRECTION('',(0.894153182134343,0.,0.44776119402984));
#7471=DIRECTION('',(-1.73472347597681E-16,1.,0.));
#7472=DIRECTION('',(-1.,-1.73472347597681E-16,0.));
#7473=DIRECTION('',(-1.73472347597681E-16,1.,0.));
#7474=DIRECTION('',(-1.,-1.73472347597681E-16,0.));
#7475=DIRECTION('',(-1.15648231731787E-16,1.,0.));
#7476=DIRECTION('',(-1.,-1.15648231731787E-16,0.));
#7477=DIRECTION('',(-1.,0.,0.));
#7478=DIRECTION('',(0.,0.,1.));
#7479=DIRECTION('',(-1.15648231731787E-16,1.,0.));
#7480=DIRECTION('',(-1.,-1.15648231731787E-16,0.));
#7481=DIRECTION('',(-1.,-1.15648231731787E-16,-1.58206781009085E-15));
#7482=DIRECTION('',(1.58206781009085E-15,5.37319955226309E-16,-1.));
#7483=DIRECTION('',(0.990534462396918,-0.137264266304265,1.49880108324396E-15));
#7484=DIRECTION('',(-1.,0.,0.));
#7485=DIRECTION('',(0.,-1.,0.));
#7486=DIRECTION('',(1.58206781009085E-15,5.37319955226309E-16,-1.));
#7487=DIRECTION('',(0.990534462396918,-0.137264266304265,1.49880108324396E-15));
#7488=DIRECTION('',(-1.58206781009085E-15,-5.37319955226309E-16,1.));
#7489=DIRECTION('',(-0.990534462396918,0.137264266304265,-1.49880108324396E-15));
#7490=DIRECTION('',(5.78241158658936E-17,0.,1.));
#7491=DIRECTION('',(-1.,0.,5.78241158658936E-17));
#7492=DIRECTION('',(5.78241158658936E-17,0.,1.));
#7493=DIRECTION('',(-1.,0.,5.78241158658936E-17));
#7494=DIRECTION('',(0.,1.,0.));
#7495=DIRECTION('',(-1.,0.,5.78241158658936E-17));
#7496=DIRECTION('',(0.,-1.,0.));
#7497=DIRECTION('',(-0.5,0.,-0.866025403784438));
#7498=DIRECTION('',(0.866025403784438,0.,-0.5));
#7499=DIRECTION('',(0.866025403784438,0.,-0.5));
#7500=DIRECTION('',(-0.5,0.,-0.866025403784438));
#7501=DIRECTION('',(0.866025403784438,0.,-0.5));
#7502=DIRECTION('',(1.,0.,-3.33847688608259E-16));
#7503=DIRECTION('',(3.33847688608259E-16,0.,1.));
#7504=DIRECTION('',(1.,0.,-3.33847688608259E-16));
#7505=DIRECTION('',(0.,1.,0.));
#7506=DIRECTION('',(-1.,0.,0.));
#7507=DIRECTION('',(-1.60982338570648E-15,-5.42524125654239E-16,1.));
#7508=DIRECTION('',(1.,0.,0.));
#7509=DIRECTION('',(0.,0.,-1.));
#7510=DIRECTION('',(-1.,0.,0.));
#7511=DIRECTION('',(0.,-1.,0.));
#7512=DIRECTION('',(-1.,0.,0.));
#7513=DIRECTION('',(0.,-1.,0.));
#7514=DIRECTION('',(0.,1.,0.));
#7515=DIRECTION('',(-1.,0.,0.));
#7516=DIRECTION('',(0.,-1.,0.));
#7517=DIRECTION('',(-1.,0.,0.));
#7518=DIRECTION('',(-1.,0.,0.));
#7519=DIRECTION('',(0.,-1.,0.));
#7520=DIRECTION('',(0.,0.,-1.));
#7521=DIRECTION('',(0.,1.,0.));
#7522=DIRECTION('',(0.,0.,1.));
#7523=DIRECTION('',(0.,-1.,0.));
#7524=DIRECTION('',(0.,0.,-1.));
#7525=DIRECTION('',(0.,0.,-1.));
#7526=DIRECTION('',(-1.,0.,0.));
#7527=DIRECTION('',(0.,-1.,0.));
#7528=DIRECTION('',(0.,-1.,0.));
#7529=DIRECTION('',(-1.60982338570648E-15,-5.42524125654239E-16,1.));
#7530=DIRECTION('',(-1.60982338570648E-15,-5.42524125654239E-16,1.));
#7531=DIRECTION('',(-0.996689788349193,0.0812986211472328,-1.58206781009085E-15));
#7532=DIRECTION('',(0.,0.,1.));
#7533=DIRECTION('',(0.,-1.,0.));
#7534=DIRECTION('',(-0.514272468366908,0.85762685841793,-3.33066907387547E-16));
#7535=DIRECTION('',(-0.85762685841793,-0.514272468366908,-1.08246744900953E-15));
#7536=DIRECTION('',(9.71445146547012E-16,2.58029475594043E-16,-1.));
#7537=DIRECTION('',(-0.85762685841793,-0.514272468366908,-1.08246744900953E-15));
#7538=DIRECTION('',(9.71445146547012E-16,2.58029475594043E-16,-1.));
#7539=DIRECTION('',(-0.85762685841793,-0.514272468366908,-1.08246744900953E-15));
#7540=DIRECTION('',(-0.514272468366908,0.85762685841793,-3.33066907387547E-16));
#7541=DIRECTION('',(-0.85762685841793,-0.514272468366908,-1.08246744900953E-15));
#7542=DIRECTION('',(9.71445146547012E-16,2.58029475594043E-16,-1.));
#7543=DIRECTION('',(-0.85762685841793,-0.514272468366908,-1.08246744900953E-15));
#7544=DIRECTION('',(9.71445146547012E-16,2.58029475594043E-16,-1.));
#7545=DIRECTION('',(-0.85762685841793,-0.514272468366908,-1.08246744900953E-15));
#7546=DIRECTION('',(-0.514272468366908,0.85762685841793,-3.33066907387547E-16));
#7547=DIRECTION('',(-0.85762685841793,-0.514272468366908,-1.08246744900953E-15));
#7548=DIRECTION('',(9.71445146547012E-16,2.58029475594043E-16,-1.));
#7549=DIRECTION('',(-0.85762685841793,-0.514272468366908,-1.08246744900953E-15));
#7550=DIRECTION('',(9.71445146547012E-16,2.58029475594043E-16,-1.));
#7551=DIRECTION('',(-0.85762685841793,-0.514272468366908,-1.08246744900953E-15));
#7552=DIRECTION('',(0.,0.,-1.));
#7553=DIRECTION('',(0.,1.,0.));
#7554=DIRECTION('',(-1.04488386739759E-30,-7.2280144832367E-15,1.));
#7555=DIRECTION('',(0.,-1.,-7.2280144832367E-15));
#7556=DIRECTION('',(0.,0.,1.));
#7557=DIRECTION('',(0.,1.,0.));
#7558=DIRECTION('',(-1.,0.,0.));
#7559=DIRECTION('',(0.,-1.,0.));
#7560=DIRECTION('',(0.,1.,0.));
#7561=DIRECTION('',(-1.,0.,0.));
#7562=DIRECTION('',(0.,-1.,0.));
#7563=DIRECTION('',(-1.,0.,0.));
#7564=DIRECTION('',(0.,-1.,0.));
#7565=DIRECTION('',(0.,1.,0.));
#7566=DIRECTION('',(-1.,0.,0.));
#7567=DIRECTION('',(0.85762685841793,0.514272468366908,1.08246744900953E-15));
#7568=DIRECTION('',(-9.71445146547012E-16,-2.58029475594043E-16,1.));
#7569=DIRECTION('',(0.514272468366908,-0.85762685841793,3.33066907387547E-16));
#7570=DIRECTION('',(0.514272468366908,-0.85762685841793,3.33066907387547E-16));
#7571=DIRECTION('',(9.71445146547012E-16,2.58029475594043E-16,-1.));
#7572=DIRECTION('',(0.85762685841793,0.514272468366908,1.08246744900953E-15));
#7573=DIRECTION('',(-0.85762685841793,-0.514272468366908,-1.08246744900953E-15));
#7574=DIRECTION('',(0.514272468366908,-0.85762685841793,3.33066907387547E-16));
#7575=DIRECTION('',(-0.514272468366908,0.85762685841793,-3.33066907387547E-16));
#7576=DIRECTION('',(-0.85762685841793,-0.514272468366908,-1.08246744900953E-15));
#7577=DIRECTION('',(0.85762685841793,0.514272468366908,1.08246744900953E-15));
#7578=DIRECTION('',(9.71445146547012E-16,2.58029475594043E-16,-1.));
#7579=DIRECTION('',(0.85762685841793,0.514272468366908,1.08246744900953E-15));
#7580=DIRECTION('',(-9.71445146547012E-16,-2.58029475594043E-16,1.));
#7581=DIRECTION('',(-0.85762685841793,-0.514272468366908,-1.08246744900953E-15));
#7582=DIRECTION('',(9.71445146547012E-16,2.58029475594043E-16,-1.));
#7583=DIRECTION('',(-0.85762685841793,-0.514272468366908,-1.08246744900953E-15));
#7584=DIRECTION('',(9.71445146547012E-16,2.58029475594043E-16,-1.));
#7585=DIRECTION('',(-0.85762685841793,-0.514272468366908,-1.08246744900953E-15));
#7586=DIRECTION('',(9.71445146547012E-16,2.58029475594043E-16,-1.));
#7587=DIRECTION('',(0.85762685841793,0.514272468366908,1.08246744900953E-15));
#7588=DIRECTION('',(-9.71445146547012E-16,-2.58029475594043E-16,1.));
#7589=DIRECTION('',(-0.85762685841793,-0.514272468366908,-1.08246744900953E-15));
#7590=DIRECTION('',(9.71445146547012E-16,2.58029475594043E-16,-1.));
#7591=DIRECTION('',(0.85762685841793,0.514272468366908,1.08246744900953E-15));
#7592=DIRECTION('',(-9.71445146547012E-16,-2.58029475594043E-16,1.));
#7593=DIRECTION('',(0.85762685841793,0.514272468366908,1.08246744900953E-15));
#7594=DIRECTION('',(-0.85762685841793,-0.514272468366908,-1.08246744900953E-15));
#7595=DIRECTION('',(9.71445146547012E-16,2.58029475594043E-16,-1.));
#7596=DIRECTION('',(-0.514272468366908,0.85762685841793,-3.33066907387547E-16));
#7597=DIRECTION('',(-0.85762685841793,-0.514272468366908,-1.08246744900953E-15));
#7598=DIRECTION('',(-0.85762685841793,-0.514272468366908,-1.08246744900953E-15));
#7599=DIRECTION('',(9.71445146547012E-16,2.58029475594043E-16,-1.));
#7600=DIRECTION('',(9.71445146547012E-16,2.58029475594043E-16,-1.));
#7601=DIRECTION('',(0.85762685841793,0.514272468366908,1.08246744900953E-15));
#7602=DIRECTION('',(0.514272468366908,-0.85762685841793,3.33066907387547E-16));
#7603=DIRECTION('',(0.85762685841793,0.514272468366908,1.08246744900953E-15));
#7604=DIRECTION('',(-9.71445146547012E-16,-2.58029475594043E-16,1.));
#7605=DIRECTION('',(0.514272468366908,-0.85762685841793,3.33066907387547E-16));
#7606=DIRECTION('',(0.514272468366908,-0.85762685841793,3.33066907387547E-16));
#7607=DIRECTION('',(9.71445146547012E-16,2.58029475594043E-16,-1.));
#7608=DIRECTION('',(0.85762685841793,0.514272468366908,1.08246744900953E-15));
#7609=DIRECTION('',(-0.85762685841793,-0.514272468366908,-1.08246744900953E-15));
#7610=DIRECTION('',(0.514272468366908,-0.85762685841793,3.33066907387547E-16));
#7611=DIRECTION('',(-0.514272468366908,0.85762685841793,-3.33066907387547E-16));
#7612=DIRECTION('',(-0.85762685841793,-0.514272468366908,-1.08246744900953E-15));
#7613=DIRECTION('',(0.85762685841793,0.514272468366908,1.08246744900953E-15));
#7614=DIRECTION('',(9.71445146547012E-16,2.58029475594043E-16,-1.));
#7615=DIRECTION('',(0.85762685841793,0.514272468366908,1.08246744900953E-15));
#7616=DIRECTION('',(-9.71445146547012E-16,-2.58029475594043E-16,1.));
#7617=DIRECTION('',(-0.85762685841793,-0.514272468366908,-1.08246744900953E-15));
#7618=DIRECTION('',(9.71445146547012E-16,2.58029475594043E-16,-1.));
#7619=DIRECTION('',(-0.85762685841793,-0.514272468366908,-1.08246744900953E-15));
#7620=DIRECTION('',(9.71445146547012E-16,2.58029475594043E-16,-1.));
#7621=DIRECTION('',(-0.85762685841793,-0.514272468366908,-1.08246744900953E-15));
#7622=DIRECTION('',(9.71445146547012E-16,2.58029475594043E-16,-1.));
#7623=DIRECTION('',(0.85762685841793,0.514272468366908,1.08246744900953E-15));
#7624=DIRECTION('',(-9.71445146547012E-16,-2.58029475594043E-16,1.));
#7625=DIRECTION('',(0.85762685841793,0.514272468366908,1.08246744900953E-15));
#7626=DIRECTION('',(-0.85762685841793,-0.514272468366908,-1.08246744900953E-15));
#7627=DIRECTION('',(9.71445146547012E-16,2.58029475594043E-16,-1.));
#7628=DIRECTION('',(-0.514272468366908,0.85762685841793,-3.33066907387547E-16));
#7629=DIRECTION('',(-0.85762685841793,-0.514272468366908,-1.08246744900953E-15));
#7630=DIRECTION('',(-0.85762685841793,-0.514272468366908,-1.08246744900953E-15));
#7631=DIRECTION('',(9.71445146547012E-16,2.58029475594043E-16,-1.));
#7632=DIRECTION('',(9.71445146547012E-16,2.58029475594043E-16,-1.));
#7633=DIRECTION('',(0.85762685841793,0.514272468366908,1.08246744900953E-15));
#7634=DIRECTION('',(0.514272468366908,-0.85762685841793,3.33066907387547E-16));
#7635=DIRECTION('',(0.85762685841793,0.514272468366908,1.08246744900953E-15));
#7636=DIRECTION('',(-9.71445146547012E-16,-2.58029475594043E-16,1.));
#7637=DIRECTION('',(0.514272468366908,-0.85762685841793,3.33066907387547E-16));
#7638=DIRECTION('',(0.514272468366908,-0.85762685841793,3.33066907387547E-16));
#7639=DIRECTION('',(9.71445146547012E-16,2.58029475594043E-16,-1.));
#7640=DIRECTION('',(0.85762685841793,0.514272468366908,1.08246744900953E-15));
#7641=DIRECTION('',(-0.85762685841793,-0.514272468366908,-1.08246744900953E-15));
#7642=DIRECTION('',(0.514272468366908,-0.85762685841793,3.33066907387547E-16));
#7643=DIRECTION('',(-0.514272468366908,0.85762685841793,-3.33066907387547E-16));
#7644=DIRECTION('',(-0.85762685841793,-0.514272468366908,-1.08246744900953E-15));
#7645=DIRECTION('',(0.85762685841793,0.514272468366908,1.08246744900953E-15));
#7646=DIRECTION('',(9.71445146547012E-16,2.58029475594043E-16,-1.));
#7647=DIRECTION('',(0.85762685841793,0.514272468366908,1.08246744900953E-15));
#7648=DIRECTION('',(-9.71445146547012E-16,-2.58029475594043E-16,1.));
#7649=DIRECTION('',(-0.85762685841793,-0.514272468366908,-1.08246744900953E-15));
#7650=DIRECTION('',(9.71445146547012E-16,2.58029475594043E-16,-1.));
#7651=DIRECTION('',(-0.85762685841793,-0.514272468366908,-1.08246744900953E-15));
#7652=DIRECTION('',(9.71445146547012E-16,2.58029475594043E-16,-1.));
#7653=DIRECTION('',(-0.85762685841793,-0.514272468366908,-1.08246744900953E-15));
#7654=DIRECTION('',(9.71445146547012E-16,2.58029475594043E-16,-1.));
#7655=DIRECTION('',(0.85762685841793,0.514272468366908,1.08246744900953E-15));
#7656=DIRECTION('',(-9.71445146547012E-16,-2.58029475594043E-16,1.));
#7657=DIRECTION('',(-0.85762685841793,-0.514272468366908,-1.08246744900953E-15));
#7658=DIRECTION('',(9.71445146547012E-16,2.58029475594043E-16,-1.));
#7659=DIRECTION('',(0.85762685841793,0.514272468366908,1.08246744900953E-15));
#7660=DIRECTION('',(-9.71445146547012E-16,-2.58029475594043E-16,1.));
#7661=DIRECTION('',(0.85762685841793,0.514272468366908,1.08246744900953E-15));
#7662=DIRECTION('',(-0.85762685841793,-0.514272468366908,-1.08246744900953E-15));
#7663=DIRECTION('',(9.71445146547012E-16,2.58029475594043E-16,-1.));
#7664=DIRECTION('',(-0.514272468366908,0.85762685841793,-3.33066907387547E-16));
#7665=DIRECTION('',(-0.85762685841793,-0.514272468366908,-1.08246744900953E-15));
#7666=DIRECTION('',(-0.85762685841793,-0.514272468366908,-1.08246744900953E-15));
#7667=DIRECTION('',(9.71445146547012E-16,2.58029475594043E-16,-1.));
#7668=DIRECTION('',(9.71445146547012E-16,2.58029475594043E-16,-1.));
#7669=DIRECTION('',(0.85762685841793,0.514272468366908,1.08246744900953E-15));
#7670=DIRECTION('',(0.514272468366908,-0.85762685841793,3.33066907387547E-16));
#7671=DIRECTION('',(-1.,0.,0.));
#7672=DIRECTION('',(0.,-1.,0.));
#7673=DIRECTION('',(0.,1.,0.));
#7674=DIRECTION('',(0.,-1.,0.));
#7675=DIRECTION('',(-1.,0.,0.));
#7676=DIRECTION('',(0.,-1.,0.));
#7677=DIRECTION('',(0.,-1.,0.));
#7678=DIRECTION('',(0.,-1.,0.));
#7679=DIRECTION('',(0.,1.,0.));
#7680=DIRECTION('',(-1.,0.,0.));
#7681=DIRECTION('',(0.447761194029831,0.,0.894153182134348));
#7682=DIRECTION('',(-0.894153182134348,0.,0.447761194029831));
#7683=DIRECTION('',(0.,1.,0.));
#7684=DIRECTION('',(-1.,0.,0.));
#7685=DIRECTION('',(0.447761194029836,-2.58518086027969E-15,-0.894153182134345));
#7686=DIRECTION('',(0.894153182134345,0.,0.447761194029836));
#7687=DIRECTION('',(-1.09354193358049E-15,-5.44146792994509E-17,1.));
#7688=DIRECTION('',(0.514272468366908,-0.85762685841793,5.7048344150846E-16));
#7689=DIRECTION('',(-0.514272468366908,0.85762685841793,-3.33066907387547E-16));
#7690=DIRECTION('',(-0.514272468366908,0.85762685841793,-5.7048344150846E-16));
#7691=DIRECTION('',(-1.09354193358049E-15,-5.44146792994509E-17,1.));
#7692=DIRECTION('',(0.514272468366908,-0.85762685841793,5.7048344150846E-16));
#7693=DIRECTION('',(-0.514272468366908,0.85762685841793,-3.33066907387547E-16));
#7694=DIRECTION('',(-0.514272468366908,0.85762685841793,-5.7048344150846E-16));
#7695=DIRECTION('',(0.,0.,-1.));
#7696=DIRECTION('',(0.,1.,0.));
#7697=DIRECTION('',(0.,1.,0.));
#7698=DIRECTION('',(0.,1.,0.));
#7699=DIRECTION('',(0.,-1.,0.));
#7700=DIRECTION('',(1.,0.,0.));
#7701=DIRECTION('',(0.,1.,0.));
#7702=DIRECTION('',(0.,-1.,0.));
#7703=DIRECTION('',(0.,0.,-1.));
#7704=DIRECTION('',(0.,-1.,0.));
#7705=DIRECTION('',(0.,-1.,0.));
#7706=DIRECTION('',(1.,0.,0.));
#7707=DIRECTION('',(0.,1.,0.));
#7708=DIRECTION('',(0.,0.,1.));
#7709=DIRECTION('',(0.,1.,0.));
#7710=DIRECTION('',(0.,1.,0.));
#7711=DIRECTION('',(-1.,0.,0.));
#7712=DIRECTION('',(0.,1.,0.));
#7713=DIRECTION('',(-1.,0.,0.));
#7714=DIRECTION('',(0.,1.,0.));
#7715=DIRECTION('',(-1.,0.,0.));
#7716=DIRECTION('',(-1.73472347597681E-16,1.,0.));
#7717=DIRECTION('',(-1.,-1.73472347597681E-16,0.));
#7718=DIRECTION('',(-1.73472347597681E-16,1.,0.));
#7719=DIRECTION('',(-1.,-1.73472347597681E-16,0.));
#7720=DIRECTION('',(-1.73472347597681E-16,1.,0.));
#7721=DIRECTION('',(-1.,-1.73472347597681E-16,0.));
#7722=DIRECTION('',(0.,-1.,0.));
#7723=DIRECTION('',(1.,0.,0.));
#7724=DIRECTION('',(0.,-1.,0.));
#7725=DIRECTION('',(1.,0.,0.));
#7726=DIRECTION('',(0.,-1.,0.));
#7727=DIRECTION('',(1.,0.,0.));
#7728=DIRECTION('',(-1.,0.,0.));
#7729=DIRECTION('',(0.,0.,-1.));
#7730=DIRECTION('',(-1.,0.,0.));
#7731=DIRECTION('',(0.,-1.,0.));
#7732=DIRECTION('',(0.,1.,0.));
#7733=DIRECTION('',(0.,0.,1.));
#7734=DIRECTION('',(0.,-1.,0.));
#7735=DIRECTION('',(0.,1.,0.));
#7736=DIRECTION('',(0.,1.,0.));
#7737=DIRECTION('',(0.85762685841793,0.514272468366908,1.08246744900953E-15));
#7738=DIRECTION('',(-9.71445146547012E-16,-2.58029475594043E-16,1.));
#7739=DIRECTION('',(1.26216598557368E-15,0.,-1.));
#7740=DIRECTION('',(0.514272468366908,-0.85762685841793,6.49622286215431E-16));
#7741=DIRECTION('',(-1.05284300456933E-15,-1.22286278064315E-16,1.));
#7742=DIRECTION('',(0.514272468366908,-0.85762685841793,4.91344596801489E-16));
#7743=DIRECTION('',(-0.514272468366908,0.85762685841793,-4.91344596801489E-16));
#7744=DIRECTION('',(-0.85762685841793,-0.514272468366908,-1.08246744900953E-15));
#7745=DIRECTION('',(9.71445146547012E-16,2.58029475594043E-16,-1.));
#7746=DIRECTION('',(-0.85762685841793,-0.514272468366908,-1.08246744900953E-15));
#7747=DIRECTION('',(9.71445146547012E-16,2.58029475594043E-16,-1.));
#7748=DIRECTION('',(-0.514272468366908,0.85762685841793,-5.7048344150846E-16));
#7749=DIRECTION('',(-0.514272468366908,0.85762685841793,-4.91344596801489E-16));
#7750=DIRECTION('',(0.85762685841793,0.514272468366908,1.08246744900953E-15));
#7751=DIRECTION('',(-9.71445146547012E-16,-2.58029475594043E-16,1.));
#7752=DIRECTION('',(1.26216598557368E-15,0.,-1.));
#7753=DIRECTION('',(0.514272468366908,-0.85762685841793,6.49622286215431E-16));
#7754=DIRECTION('',(-1.05284300456933E-15,-1.22286278064315E-16,1.));
#7755=DIRECTION('',(0.514272468366908,-0.85762685841793,4.91344596801489E-16));
#7756=DIRECTION('',(-0.514272468366908,0.85762685841793,-4.91344596801489E-16));
#7757=DIRECTION('',(-0.85762685841793,-0.514272468366908,-1.08246744900953E-15));
#7758=DIRECTION('',(9.71445146547012E-16,2.58029475594043E-16,-1.));
#7759=DIRECTION('',(-1.,0.,0.));
#7760=DIRECTION('',(0.,-1.,0.));
#7761=DIRECTION('',(0.,1.,1.21943984608003E-16));
#7762=DIRECTION('',(0.,-1.22418189036571E-16,1.));
#7763=DIRECTION('',(0.,1.,0.));
#7764=DIRECTION('',(0.,0.,-1.));
#7765=DIRECTION('',(0.,-1.,0.));
#7766=DIRECTION('',(0.,-1.22418189036571E-16,1.));
#7767=DIRECTION('',(0.,-1.,0.));
#7768=DIRECTION('',(1.,0.,0.));
#7769=DIRECTION('',(-1.05533270607156E-30,1.,7.30029462806906E-15));
#7770=DIRECTION('',(0.,-7.30029462806906E-15,1.));
#7771=DIRECTION('',(0.,1.,0.));
#7772=DIRECTION('',(-1.,0.,0.));
#7773=DIRECTION('',(0.,-1.,0.));
#7774=DIRECTION('',(1.,0.,0.));
#7775=DIRECTION('',(0.,1.,-7.2280144832367E-15));
#7776=DIRECTION('',(0.,7.2280144832367E-15,1.));
#7777=DIRECTION('',(-1.09354193358049E-15,-5.44146792994509E-17,1.));
#7778=DIRECTION('',(0.514272468366908,-0.85762685841793,5.7048344150846E-16));
#7779=DIRECTION('',(0.85762685841793,0.514272468366908,1.08246744900953E-15));
#7780=DIRECTION('',(-9.71445146547012E-16,-2.58029475594043E-16,1.));
#7781=DIRECTION('',(-1.05284300456933E-15,-1.22286278064315E-16,1.));
#7782=DIRECTION('',(0.514272468366908,-0.85762685841793,4.91344596801489E-16));
#7783=DIRECTION('',(-1.,0.,0.));
#7784=DIRECTION('',(0.,-1.,0.));
#7785=DIRECTION('',(0.158264501869302,0.,0.98739675280409));
#7786=DIRECTION('',(-0.98739675280409,0.,0.158264501869302));
#7787=DIRECTION('',(0.,-7.11959426598814E-15,1.));
#7788=DIRECTION('',(0.,-1.,-7.11959426598814E-15));
#7789=DIRECTION('',(-0.98739675280409,0.,0.158264501869302));
#7790=DIRECTION('',(-0.158264501869302,0.,-0.98739675280409));
#7791=DIRECTION('',(-1.,0.,0.));
#7792=DIRECTION('',(0.,-1.,0.));
#7793=DIRECTION('',(-0.98739675280409,0.,0.158264501869302));
#7794=DIRECTION('',(-0.158264501869302,0.,-0.98739675280409));
#7795=DIRECTION('',(0.,0.,-1.));
#7796=DIRECTION('',(0.,1.,0.));
#7797=DIRECTION('',(0.,0.,1.));
#7798=DIRECTION('',(0.,-1.,0.));
#7799=DIRECTION('',(-0.98739675280409,0.,0.158264501869302));
#7800=DIRECTION('',(0.158264501869302,0.,0.98739675280409));
#7801=DIRECTION('',(0.,1.,0.));
#7802=DIRECTION('',(-1.,0.,0.));
#7803=DIRECTION('',(-0.158264501869379,0.,-0.987396752804078));
#7804=DIRECTION('',(0.,1.,0.));
#7805=DIRECTION('',(-1.,0.,0.));
#7806=DIRECTION('',(-0.158264501869301,0.,-0.987396752804091));
#7807=DIRECTION('',(0.,1.,0.));
#7808=DIRECTION('',(-1.,0.,0.));
#7809=DIRECTION('',(-0.158264501869303,0.,-0.98739675280409));
#7810=DIRECTION('',(0.,1.,0.));
#7811=DIRECTION('',(-1.,0.,0.));
#7812=DIRECTION('',(-0.158264501869379,0.,-0.987396752804078));
#7813=DIRECTION('',(9.27455337502112E-16,-1.,-5.58152267277918E-16));
#7814=DIRECTION('',(-1.,-9.27455337502106E-16,-1.58206781009085E-15));
#7815=DIRECTION('',(-0.158264501869301,0.,-0.98739675280409));
#7816=DIRECTION('',(0.987396752804091,0.,-0.158264501869298));
#7817=DIRECTION('',(-0.158264501869297,0.,-0.987396752804091));
#7818=DIRECTION('',(9.27455337502112E-16,-1.,-5.58152267277918E-16));
#7819=DIRECTION('',(1.,9.27455337502112E-16,0.));
#7820=DIRECTION('',(9.27455337502112E-16,-1.,-5.58152267277918E-16));
#7821=DIRECTION('',(-1.,-9.27455337502106E-16,-1.58206781009085E-15));
#7822=DIRECTION('',(-0.158264501869379,0.,-0.987396752804078));
#7823=DIRECTION('',(-0.987396752804078,0.,0.15826450186938));
#7824=DIRECTION('',(-0.158264501869401,0.,-0.987396752804074));
#7825=DIRECTION('',(9.27455337502112E-16,-1.,-5.58152267277918E-16));
#7826=DIRECTION('',(1.,9.27455337502112E-16,0.));
#7827=DIRECTION('',(9.27455337502112E-16,-1.,-5.58152267277918E-16));
#7828=DIRECTION('',(-1.,-9.27455337502106E-16,-1.58206781009085E-15));
#7829=DIRECTION('',(0.987396752804078,0.,-0.158264501869378));
#7830=DIRECTION('',(-0.158264501869379,0.,-0.987396752804078));
#7831=DIRECTION('',(-0.158264501869379,0.,-0.987396752804078));
#7832=DIRECTION('',(9.27455337502112E-16,-1.,-5.58152267277918E-16));
#7833=DIRECTION('',(1.,9.27455337502112E-16,0.));
#7834=DIRECTION('',(-5.28831467835726E-16,1.,-7.04147735142035E-15));
#7835=DIRECTION('',(-0.258819045102518,6.66467317344107E-15,0.965925826289069));
#7836=DIRECTION('',(-5.28831467835726E-16,1.,-7.04147735142035E-15));
#7837=DIRECTION('',(-0.258819045102518,6.66467317344107E-15,0.965925826289069));
#7838=DIRECTION('',(5.28831467835726E-16,-1.,7.04147735142035E-15));
#7839=DIRECTION('',(0.258819045102518,-6.66467317344107E-15,-0.965925826289069));
#7840=DIRECTION('',(6.04465341905779E-16,-1.,7.02121131594285E-15));
#7841=DIRECTION('',(0.,-7.02121131594285E-15,-1.));
#7842=DIRECTION('',(6.04465341905779E-16,-1.,7.02121131594285E-15));
#7843=DIRECTION('',(0.707106781186545,-4.53732459139311E-15,-0.70710678118655));
#7844=DIRECTION('',(-0.258819045102518,6.62552219931264E-15,0.965925826289069));
#7845=DIRECTION('',(-0.965925826289067,1.23335452341192E-15,0.258819045102524));
#7846=DIRECTION('',(-0.70710678118655,-5.39216767590072E-15,-0.707106781186545));
#7847=DIRECTION('',(0.258819045102518,-6.62552219931264E-15,-0.965925826289069));
#7848=DIRECTION('',(0.965925826289068,-1.23335452341192E-15,-0.258819045102524));
#7849=DIRECTION('',(0.70710678118655,5.39216767590072E-15,0.707106781186545));
#7850=DIRECTION('',(-0.258819045102524,-6.93841648449187E-15,-0.965925826289068));
#7851=DIRECTION('',(0.965925826289068,-1.23335452341192E-15,-0.258819045102524));
#7852=DIRECTION('',(-6.04465341905779E-16,1.,-7.02121131594285E-15));
#7853=DIRECTION('',(-0.965925826289067,1.23335452341192E-15,0.258819045102524));
#7854=DIRECTION('',(-6.04465341905779E-16,1.,-7.02121131594285E-15));
#7855=DIRECTION('',(0.707106781186545,-4.53732459139311E-15,-0.70710678118655));
#7856=DIRECTION('',(0.70710678118655,5.39216767590072E-15,0.707106781186545));
#7857=DIRECTION('',(-0.70710678118655,-5.39216767590072E-15,-0.707106781186545));
#7858=DIRECTION('',(-6.04465341905779E-16,1.,-7.02121131594285E-15));
#7859=DIRECTION('',(0.965925826289069,2.40109189309876E-15,0.258819045102518));
#7860=DIRECTION('',(-0.258819045102518,6.62552219931264E-15,0.965925826289069));
#7861=DIRECTION('',(0.258819045102518,-6.62552219931264E-15,-0.965925826289069));
#7862=DIRECTION('',(-6.04465341905779E-16,1.,-7.02121131594285E-15));
#7863=DIRECTION('',(0.258819045102524,6.93841648449187E-15,0.965925826289068));
#7864=DIRECTION('',(-0.965925826289068,1.23335452341192E-15,0.258819045102524));
#7865=DIRECTION('',(0.965925826289068,-1.23335452341192E-15,-0.258819045102524));
#7866=DIRECTION('',(-6.04465341905779E-16,1.,-7.02121131594285E-15));
#7867=DIRECTION('',(-0.707106781186545,4.53732459139311E-15,0.70710678118655));
#7868=DIRECTION('',(-0.70710678118655,-5.39216767590072E-15,-0.707106781186545));
#7869=DIRECTION('',(0.70710678118655,5.39216767590072E-15,0.707106781186545));
#7870=DIRECTION('',(-6.04465341905779E-16,1.,-7.02121131594285E-15));
#7871=DIRECTION('',(-0.965925826289069,-2.40109189309876E-15,-0.258819045102518));
#7872=DIRECTION('',(0.258819045102518,-6.62552219931264E-15,-0.965925826289069));
#7873=DIRECTION('',(-0.258819045102518,6.62552219931264E-15,0.965925826289069));
#7874=DIRECTION('',(6.04465341905779E-16,-1.,7.02121131594285E-15));
#7875=DIRECTION('',(0.707106781186545,-4.53732459139311E-15,-0.70710678118655));
#7876=DIRECTION('',(6.04465341905779E-16,-1.,7.02121131594285E-15));
#7877=DIRECTION('',(0.,-7.02121131594285E-15,-1.));
#7878=DIRECTION('',(5.28831467835726E-16,-1.,7.04147735142035E-15));
#7879=DIRECTION('',(0.258819045102518,-6.66467317344107E-15,-0.965925826289069));
#7880=DIRECTION('',(-5.28831467835726E-16,1.,-7.04147735142035E-15));
#7881=DIRECTION('',(-0.258819045102518,6.66467317344107E-15,0.965925826289069));
#7882=DIRECTION('',(-5.28831467835726E-16,1.,-7.04147735142035E-15));
#7883=DIRECTION('',(-0.258819045102518,6.66467317344107E-15,0.965925826289069));
#7884=DIRECTION('',(5.28831467835726E-16,-1.,7.04147735142035E-15));
#7885=DIRECTION('',(0.258819045102518,-6.66467317344107E-15,-0.965925826289069));
#7886=DIRECTION('',(6.04465341905779E-16,-1.,7.02121131594285E-15));
#7887=DIRECTION('',(0.,-7.02121131594285E-15,-1.));
#7888=DIRECTION('',(6.04465341905779E-16,-1.,7.02121131594285E-15));
#7889=DIRECTION('',(0.707106781186545,-4.53732459139311E-15,-0.70710678118655));
#7890=DIRECTION('',(-0.258819045102518,6.62552219931264E-15,0.965925826289069));
#7891=DIRECTION('',(-0.965925826289067,1.23335452341192E-15,0.258819045102524));
#7892=DIRECTION('',(-0.70710678118655,-5.39216767590072E-15,-0.707106781186545));
#7893=DIRECTION('',(0.258819045102518,-6.62552219931264E-15,-0.965925826289069));
#7894=DIRECTION('',(0.965925826289068,-1.23335452341192E-15,-0.258819045102524));
#7895=DIRECTION('',(0.70710678118655,5.39216767590072E-15,0.707106781186545));
#7896=DIRECTION('',(-0.258819045102524,-6.93841648449187E-15,-0.965925826289068));
#7897=DIRECTION('',(0.965925826289068,-1.23335452341192E-15,-0.258819045102524));
#7898=DIRECTION('',(-6.04465341905779E-16,1.,-7.02121131594285E-15));
#7899=DIRECTION('',(-0.965925826289067,1.23335452341192E-15,0.258819045102524));
#7900=DIRECTION('',(-6.04465341905779E-16,1.,-7.02121131594285E-15));
#7901=DIRECTION('',(0.707106781186545,-4.53732459139311E-15,-0.70710678118655));
#7902=DIRECTION('',(0.70710678118655,5.39216767590072E-15,0.707106781186545));
#7903=DIRECTION('',(-0.70710678118655,-5.39216767590072E-15,-0.707106781186545));
#7904=DIRECTION('',(-6.04465341905779E-16,1.,-7.02121131594285E-15));
#7905=DIRECTION('',(0.965925826289069,2.40109189309876E-15,0.258819045102518));
#7906=DIRECTION('',(-0.258819045102518,6.62552219931264E-15,0.965925826289069));
#7907=DIRECTION('',(0.258819045102518,-6.62552219931264E-15,-0.965925826289069));
#7908=DIRECTION('',(-6.04465341905779E-16,1.,-7.02121131594285E-15));
#7909=DIRECTION('',(0.258819045102524,6.93841648449187E-15,0.965925826289068));
#7910=DIRECTION('',(-0.965925826289068,1.23335452341192E-15,0.258819045102524));
#7911=DIRECTION('',(0.965925826289068,-1.23335452341192E-15,-0.258819045102524));
#7912=DIRECTION('',(-6.04465341905779E-16,1.,-7.02121131594285E-15));
#7913=DIRECTION('',(-0.707106781186545,4.53732459139311E-15,0.70710678118655));
#7914=DIRECTION('',(-0.70710678118655,-5.39216767590072E-15,-0.707106781186545));
#7915=DIRECTION('',(0.70710678118655,5.39216767590072E-15,0.707106781186545));
#7916=DIRECTION('',(-6.04465341905779E-16,1.,-7.02121131594285E-15));
#7917=DIRECTION('',(-0.965925826289069,-2.40109189309876E-15,-0.258819045102518));
#7918=DIRECTION('',(0.258819045102518,-6.62552219931264E-15,-0.965925826289069));
#7919=DIRECTION('',(-0.258819045102518,6.62552219931264E-15,0.965925826289069));
#7920=DIRECTION('',(6.04465341905779E-16,-1.,7.02121131594285E-15));
#7921=DIRECTION('',(0.707106781186545,-4.53732459139311E-15,-0.70710678118655));
#7922=DIRECTION('',(6.04465341905779E-16,-1.,7.02121131594285E-15));
#7923=DIRECTION('',(0.,-7.02121131594285E-15,-1.));
#7924=DIRECTION('',(5.28831467835726E-16,-1.,7.04147735142035E-15));
#7925=DIRECTION('',(0.258819045102518,-6.66467317344107E-15,-0.965925826289069));
#7926=DIRECTION('',(-5.28831467835726E-16,1.,-7.04147735142035E-15));
#7927=DIRECTION('',(-0.258819045102518,6.66467317344107E-15,0.965925826289069));
#7928=DIRECTION('',(-5.28831467835726E-16,1.,-7.04147735142035E-15));
#7929=DIRECTION('',(-0.258819045102518,6.66467317344107E-15,0.965925826289069));
#7930=DIRECTION('',(5.28831467835726E-16,-1.,7.04147735142035E-15));
#7931=DIRECTION('',(0.258819045102518,-6.66467317344107E-15,-0.965925826289069));
#7932=DIRECTION('',(6.04465341905779E-16,-1.,7.02121131594285E-15));
#7933=DIRECTION('',(0.,-7.02121131594285E-15,-1.));
#7934=DIRECTION('',(6.04465341905779E-16,-1.,7.02121131594285E-15));
#7935=DIRECTION('',(0.707106781186545,-4.53732459139311E-15,-0.70710678118655));
#7936=DIRECTION('',(-0.258819045102518,6.62552219931264E-15,0.965925826289069));
#7937=DIRECTION('',(-0.965925826289067,1.23335452341192E-15,0.258819045102524));
#7938=DIRECTION('',(-0.70710678118655,-5.39216767590072E-15,-0.707106781186545));
#7939=DIRECTION('',(0.258819045102518,-6.62552219931264E-15,-0.965925826289069));
#7940=DIRECTION('',(0.965925826289068,-1.23335452341192E-15,-0.258819045102524));
#7941=DIRECTION('',(0.70710678118655,5.39216767590072E-15,0.707106781186545));
#7942=DIRECTION('',(-0.258819045102524,-6.93841648449187E-15,-0.965925826289068));
#7943=DIRECTION('',(0.965925826289068,-1.23335452341192E-15,-0.258819045102524));
#7944=DIRECTION('',(-6.04465341905779E-16,1.,-7.02121131594285E-15));
#7945=DIRECTION('',(-0.965925826289067,1.23335452341192E-15,0.258819045102524));
#7946=DIRECTION('',(-6.04465341905779E-16,1.,-7.02121131594285E-15));
#7947=DIRECTION('',(0.707106781186545,-4.53732459139311E-15,-0.70710678118655));
#7948=DIRECTION('',(0.70710678118655,5.39216767590072E-15,0.707106781186545));
#7949=DIRECTION('',(-0.70710678118655,-5.39216767590072E-15,-0.707106781186545));
#7950=DIRECTION('',(-6.04465341905779E-16,1.,-7.02121131594285E-15));
#7951=DIRECTION('',(0.965925826289069,2.40109189309876E-15,0.258819045102518));
#7952=DIRECTION('',(-0.258819045102518,6.62552219931264E-15,0.965925826289069));
#7953=DIRECTION('',(0.258819045102518,-6.62552219931264E-15,-0.965925826289069));
#7954=DIRECTION('',(-6.04465341905779E-16,1.,-7.02121131594285E-15));
#7955=DIRECTION('',(0.258819045102524,6.93841648449187E-15,0.965925826289068));
#7956=DIRECTION('',(-0.965925826289068,1.23335452341192E-15,0.258819045102524));
#7957=DIRECTION('',(0.965925826289068,-1.23335452341192E-15,-0.258819045102524));
#7958=DIRECTION('',(-6.04465341905779E-16,1.,-7.02121131594285E-15));
#7959=DIRECTION('',(-0.707106781186545,4.53732459139311E-15,0.70710678118655));
#7960=DIRECTION('',(-0.70710678118655,-5.39216767590072E-15,-0.707106781186545));
#7961=DIRECTION('',(0.70710678118655,5.39216767590072E-15,0.707106781186545));
#7962=DIRECTION('',(-6.04465341905779E-16,1.,-7.02121131594285E-15));
#7963=DIRECTION('',(-0.965925826289069,-2.40109189309876E-15,-0.258819045102518));
#7964=DIRECTION('',(0.258819045102518,-6.62552219931264E-15,-0.965925826289069));
#7965=DIRECTION('',(-0.258819045102518,6.62552219931264E-15,0.965925826289069));
#7966=DIRECTION('',(6.04465341905779E-16,-1.,7.02121131594285E-15));
#7967=DIRECTION('',(0.707106781186545,-4.53732459139311E-15,-0.70710678118655));
#7968=DIRECTION('',(6.04465341905779E-16,-1.,7.02121131594285E-15));
#7969=DIRECTION('',(0.,-7.02121131594285E-15,-1.));
#7970=DIRECTION('',(5.28831467835726E-16,-1.,7.04147735142035E-15));
#7971=DIRECTION('',(0.258819045102518,-6.66467317344107E-15,-0.965925826289069));
#7972=DIRECTION('',(0.158264501869378,0.,0.987396752804078));
#7973=DIRECTION('',(-0.987396752804078,0.,0.158264501869378));
#7974=DIRECTION('',(0.,1.,0.));
#7975=DIRECTION('',(0.,1.,0.));
#7976=DIRECTION('',(0.987396752804078,0.,-0.158264501869379));
#7977=DIRECTION('',(0.158264501869379,0.,0.987396752804078));
#7978=DIRECTION('',(0.987396752804078,0.,-0.158264501869379));
#7979=DIRECTION('',(0.158264501869379,0.,0.987396752804078));
#7980=DIRECTION('',(-0.15826450186938,0.,-0.987396752804078));
#7981=DIRECTION('',(0.987396752804078,0.,-0.15826450186938));
#7982=DIRECTION('',(0.,1.,0.));
#7983=DIRECTION('',(0.,1.,0.));
#7984=DIRECTION('',(0.987396752804078,0.,-0.158264501869379));
#7985=DIRECTION('',(0.158264501869379,0.,0.987396752804078));
#7986=DIRECTION('',(0.987396752804074,0.,-0.158264501869401));
#7987=DIRECTION('',(0.158264501869401,0.,0.987396752804074));
#7988=DIRECTION('',(0.158264501869298,0.,0.987396752804091));
#7989=DIRECTION('',(-0.987396752804091,0.,0.158264501869298));
#7990=DIRECTION('',(0.,1.,0.));
#7991=DIRECTION('',(0.,1.,0.));
#7992=DIRECTION('',(0.98739675280409,0.,-0.158264501869301));
#7993=DIRECTION('',(0.158264501869301,0.,0.987396752804091));
#7994=DIRECTION('',(0.987396752804091,0.,-0.158264501869297));
#7995=DIRECTION('',(0.158264501869297,0.,0.987396752804091));
#7996=DIRECTION('',(0.98739675280409,0.,-0.158264501869303));
#7997=DIRECTION('',(0.158264501869303,0.,0.98739675280409));
#7998=DIRECTION('',(0.,1.,0.));
#7999=DIRECTION('',(0.158264501869302,0.,0.98739675280409));
#8000=DIRECTION('',(-0.98739675280409,0.,0.158264501869302));
#8001=DIRECTION('',(0.,1.,0.));
#8002=DIRECTION('',(-0.98739675280409,0.,0.158264501869302));
#8003=DIRECTION('',(-0.158264501869302,0.,-0.98739675280409));
#8004=DIRECTION('',(0.,1.,0.));
#8005=DIRECTION('',(-0.998967712484805,0.,0.0454258672220538));
#8006=DIRECTION('',(-0.0454258672220538,0.,-0.998967712484805));
#8007=DIRECTION('',(0.,1.,0.));
#8008=DIRECTION('',(-1.,0.,0.));
#8009=DIRECTION('',(0.,1.,0.));
#8010=DIRECTION('',(-1.,0.,0.));
#8011=CARTESIAN_POINT('',(0.,0.,0.));
#8012=CARTESIAN_POINT('',(0.071,0.00110000000000029,-0.0075));
#8013=CARTESIAN_POINT('',(0.0204905253482953,0.00110000000000029,-0.00750000000000009));
#8014=CARTESIAN_POINT('',(0.0204905253482963,0.00110000000000029,0.00446277818072788));
#8015=CARTESIAN_POINT('',(0.0204905253482963,0.00110000000000029,-0.0042415903306442));
#8016=CARTESIAN_POINT('',(0.071,0.00110000000000029,-0.00424159033064618));
#8017=CARTESIAN_POINT('',(0.0197803795830887,0.00110000000000028,-0.0042415903306442));
#8018=CARTESIAN_POINT('',(0.0197803795830912,0.00110000000000029,-0.0075));
#8019=CARTESIAN_POINT('',(0.0197803795830887,0.00110000000000029,-0.0039915903306442));
#8020=CARTESIAN_POINT('',(0.0101551316756562,0.00110000000000029,-0.000361724532970631));
#8021=CARTESIAN_POINT('',(0.0169925005714905,0.00110000000000029,-0.00539305307749916));
#8022=CARTESIAN_POINT('',(0.0169925005714896,0.00110000000000029,-0.0075000000000001));
#8023=CARTESIAN_POINT('',(0.0169925005714905,0.00110000000000029,-0.006499999999998));
#8024=CARTESIAN_POINT('',(0.071,0.00110000000000029,-0.0065));
#8025=CARTESIAN_POINT('',(0.0111391391116356,0.00110000000000029,-0.00649999999999801));
#8026=CARTESIAN_POINT('',(0.0111391391116346,0.00110000000000029,-0.0075000000000001));
#8027=CARTESIAN_POINT('',(0.0111391391116351,0.00110000000000102,-0.00463475994631294));
#8028=CARTESIAN_POINT('',(0.0095912282628974,0.00110000000000029,4.80605380061691E-5));
#8029=CARTESIAN_POINT('',(0.00999645101787873,0.00110000000000078,-0.00469736584567624));
#8030=CARTESIAN_POINT('',(0.00999645101787809,0.00110000000000029,-0.0075000000000001));
#8031=CARTESIAN_POINT('',(0.00999645101787807,0.00110000000000028,0.00479348692169066));
#8032=CARTESIAN_POINT('',(0.0095912282628974,0.00110000000000029,4.80605380061691E-5));
#8033=CARTESIAN_POINT('',(0.0111391391116355,0.00110000000000045,0.00473088102232923));
#8034=CARTESIAN_POINT('',(0.0111391391116346,0.00110000000000029,-0.0075000000000001));
#8035=CARTESIAN_POINT('',(0.0111391391116356,0.00110000000000028,0.00650000000000199));
#8036=CARTESIAN_POINT('',(0.071,0.0011000000000003,0.0065));
#8037=CARTESIAN_POINT('',(0.0169925005714905,0.00110000000000028,0.006500000000002));
#8038=CARTESIAN_POINT('',(0.0169925005714896,0.00110000000000029,-0.0075000000000001));
#8039=CARTESIAN_POINT('',(0.0169925005714905,0.00110000000000029,0.00546679441847732));
#8040=CARTESIAN_POINT('',(0.0101551316756562,0.00110000000000029,-3.98986399474666E-17));
#8041=CARTESIAN_POINT('',(0.0197803795830887,0.00110000000000029,0.00421277818072788));
#8042=CARTESIAN_POINT('',(0.0197803795830912,0.00110000000000029,-0.0075));
#8043=CARTESIAN_POINT('',(0.0197803795830887,0.00110000000000028,0.00446277818072788));
#8044=CARTESIAN_POINT('',(0.071,0.0011000000000003,0.0044627781807259));
#8045=CARTESIAN_POINT('',(0.0404215942475294,0.00110000000000029,-0.0075));
#8046=CARTESIAN_POINT('',(0.0404215942475303,0.00110000000000029,0.00446277818072578));
#8047=CARTESIAN_POINT('',(0.0404215942475303,0.0011000000000003,-0.00424159033064631));
#8048=CARTESIAN_POINT('',(0.071,0.00110000000000029,-0.00424159033064627));
#8049=CARTESIAN_POINT('',(0.0397114484823228,0.00110000000000029,-0.00424159033064631));
#8050=CARTESIAN_POINT('',(0.0397114484823253,0.00110000000000029,-0.0075));
#8051=CARTESIAN_POINT('',(0.0397114484823228,0.00110000000000029,-0.00399159033064631));
#8052=CARTESIAN_POINT('',(0.0300862005748903,0.00110000000000029,-0.000361724532970703));
#8053=CARTESIAN_POINT('',(0.0369235694707246,0.00110000000000029,-0.00539305307750129));
#8054=CARTESIAN_POINT('',(0.0369235694707237,0.00110000000000029,-0.0075));
#8055=CARTESIAN_POINT('',(0.0369235694707245,0.00110000000000029,-0.00650000000000011));
#8056=CARTESIAN_POINT('',(0.071,0.00110000000000029,-0.0065));
#8057=CARTESIAN_POINT('',(0.0310702080108696,0.00110000000000028,-0.00650000000000012));
#8058=CARTESIAN_POINT('',(0.0310702080108687,0.00110000000000029,-0.0075));
#8059=CARTESIAN_POINT('',(0.0310702080108693,0.00110000000000071,-0.004634759946315));
#8060=CARTESIAN_POINT('',(0.0295222971621315,0.00110000000000029,4.80605380060971E-5));
#8061=CARTESIAN_POINT('',(0.0299275199171128,0.00110000000000069,-0.00469736584567835));
#8062=CARTESIAN_POINT('',(0.0299275199171121,0.00110000000000029,-0.0075));
#8063=CARTESIAN_POINT('',(0.0299275199171121,0.00110000000000029,0.00479348692169059));
#8064=CARTESIAN_POINT('',(0.0295222971621315,0.00110000000000029,4.80605380060971E-5));
#8065=CARTESIAN_POINT('',(0.0310702080108693,0.00110000000000072,0.00473088102232718));
#8066=CARTESIAN_POINT('',(0.0310702080108687,0.00110000000000029,-0.0075));
#8067=CARTESIAN_POINT('',(0.0310702080108696,0.00110000000000028,0.00649999999999988));
#8068=CARTESIAN_POINT('',(0.071,0.0011000000000003,0.00649999999999993));
#8069=CARTESIAN_POINT('',(0.0369235694707245,0.00110000000000029,0.00649999999999989));
#8070=CARTESIAN_POINT('',(0.0369235694707237,0.00110000000000029,-0.0075));
#8071=CARTESIAN_POINT('',(0.0369235694707245,0.00110000000000029,0.00546679441847524));
#8072=CARTESIAN_POINT('',(0.0300862005748903,0.00110000000000029,-1.11889664200504E-16));
#8073=CARTESIAN_POINT('',(0.0397114484823228,0.00110000000000029,0.00421277818072577));
#8074=CARTESIAN_POINT('',(0.0397114484823253,0.00110000000000029,-0.0075));
#8075=CARTESIAN_POINT('',(0.0397114484823228,0.00110000000000029,0.00446277818072577));
#8076=CARTESIAN_POINT('',(0.071,0.0011000000000003,0.00446277818072581));
#8077=CARTESIAN_POINT('',(0.0603526631431738,0.00110000000000029,-0.0075));
#8078=CARTESIAN_POINT('',(0.0603526631467643,0.00110000000000029,0.00446283396126385));
#8079=CARTESIAN_POINT('',(0.0603526631467643,0.0011000000000003,-0.00424153455010823));
#8080=CARTESIAN_POINT('',(0.071,0.00110000000000029,-0.00424153455010823));
#8081=CARTESIAN_POINT('',(0.0596425173815569,0.00110000000000029,-0.00424153455010823));
#8082=CARTESIAN_POINT('',(0.0596425173782456,0.00110000000000029,-0.0075));
#8083=CARTESIAN_POINT('',(0.059642517381557,0.00110000000000029,-0.00399153455010823));
#8084=CARTESIAN_POINT('',(0.0500172694708106,0.00110000000000029,-0.000361668752432641));
#8085=CARTESIAN_POINT('',(0.0568546383699586,0.00110000000000029,-0.00539299729696326));
#8086=CARTESIAN_POINT('',(0.056854638366368,0.00110000000000029,-0.0075));
#8087=CARTESIAN_POINT('',(0.0568546383699586,0.0011000000000003,-0.00649994421946203));
#8088=CARTESIAN_POINT('',(0.071,0.00110000000000029,-0.00649994421946203));
#8089=CARTESIAN_POINT('',(0.0510012769101036,0.00110000000000029,-0.00649994421946204));
#8090=CARTESIAN_POINT('',(0.051001276906513,0.00110000000000029,-0.0075));
#8091=CARTESIAN_POINT('',(0.0510012769091786,0.00110000000154291,-0.00463470416608261));
#8092=CARTESIAN_POINT('',(0.0494533660580518,0.00110000000000029,4.81163185441589E-5));
#8093=CARTESIAN_POINT('',(0.0498585888153991,0.00110000000158111,-0.0046973100652212));
#8094=CARTESIAN_POINT('',(0.0498585888127565,0.00110000000000029,-0.0075));
#8095=CARTESIAN_POINT('',(0.0498585888127565,0.00110000000000029,0.00479354270223489));
#8096=CARTESIAN_POINT('',(0.0494533660580518,0.00110000000000029,4.81163185441589E-5));
#8097=CARTESIAN_POINT('',(0.0510012769091786,0.00110000000154291,0.00473093680317095));
#8098=CARTESIAN_POINT('',(0.051001276906513,0.00110000000000029,-0.0075));
#8099=CARTESIAN_POINT('',(0.0510012769101036,0.00110000000000029,0.00650005578053796));
#8100=CARTESIAN_POINT('',(0.071,0.0011000000000003,0.00650005578053797));
#8101=CARTESIAN_POINT('',(0.0568546383699585,0.00110000000000029,0.00650005578053796));
#8102=CARTESIAN_POINT('',(0.056854638366368,0.00110000000000029,-0.0075));
#8103=CARTESIAN_POINT('',(0.0568546383699585,0.00110000000000029,0.00546685019901335));
#8104=CARTESIAN_POINT('',(0.0500172694708106,0.00110000000000029,5.57805379499191E-8));
#8105=CARTESIAN_POINT('',(0.0596425173815569,0.00110000000000029,0.00421283396126385));
#8106=CARTESIAN_POINT('',(0.0596425173782456,0.00110000000000029,-0.0075));
#8107=CARTESIAN_POINT('',(0.0596425173815569,0.00110000000000029,0.00446283396126385));
#8108=CARTESIAN_POINT('',(0.071,0.0011000000000003,0.00446283396126385));
#8109=CARTESIAN_POINT('',(0.0256544050398431,0.00110000000000028,0.00535));
#8110=CARTESIAN_POINT('',(0.0269044050398431,0.00110000000000028,0.00535));
#8111=CARTESIAN_POINT('',(0.0675130908152862,0.00110000000000028,-0.00535));
#8112=CARTESIAN_POINT('',(0.0687630908152862,0.00110000000000028,-0.00535));
#8113=CARTESIAN_POINT('',(0.0256544050398431,0.00110000000000028,-0.00535));
#8114=CARTESIAN_POINT('',(0.0269044050398431,0.00110000000000028,-0.00535));
#8115=CARTESIAN_POINT('',(0.0448523779470736,0.00110000000000028,0.00535));
#8116=CARTESIAN_POINT('',(0.0461023779470736,0.00110000000000028,0.00535));
#8117=CARTESIAN_POINT('',(0.0448523779470736,0.00110000000000028,-0.00535));
#8118=CARTESIAN_POINT('',(0.0461023779470736,0.00110000000000028,-0.00535));
#8119=CARTESIAN_POINT('',(0.0675130908152862,0.00110000000000028,0.00535));
#8120=CARTESIAN_POINT('',(0.0687630908152862,0.00110000000000028,0.00535));
#8121=CARTESIAN_POINT('',(0.00575,0.00110000000000028,0.00200220890884916));
#8122=CARTESIAN_POINT('',(0.00575,0.00110000000000028,0.00200220890884916));
#8123=CARTESIAN_POINT('',(0.006,0.00110000000000028,0.0075));
#8124=CARTESIAN_POINT('',(0.00575,0.00110000000000028,-0.0125));
#8125=CARTESIAN_POINT('',(0.00575,0.00110000000000028,-0.0074947894041409));
#8126=CARTESIAN_POINT('',(0.006,0.00110000000000028,-0.0015));
#8127=CARTESIAN_POINT('',(0.006,0.00110000000000028,-0.0075));
#8128=CARTESIAN_POINT('',(0.071,0.00110000000000029,-0.0075));
#8129=CARTESIAN_POINT('',(0.07125,0.0011000000000003,-0.0075));
#8130=CARTESIAN_POINT('',(0.07125,0.0011000000000003,-0.0075));
#8131=CARTESIAN_POINT('',(0.07125,0.0011000000000003,0.0075));
#8132=CARTESIAN_POINT('',(0.071,0.0011000000000003,0.0075));
#8133=CARTESIAN_POINT('',(0.071,0.000500000000000295,-0.0075));
#8134=CARTESIAN_POINT('',(0.071,0.000500000000000295,0.0044627781807259));
#8135=CARTESIAN_POINT('',(0.0208503129155716,0.000500000000000285,0.00446277818072788));
#8136=CARTESIAN_POINT('',(0.0187797891437739,0.000500000000000284,0.00446277818072788));
#8137=CARTESIAN_POINT('',(0.0187797891437764,0.000500000000000287,-0.0075));
#8138=CARTESIAN_POINT('',(0.0187797891437739,0.000500000000000287,0.00421277818072788));
#8139=CARTESIAN_POINT('',(0.0091545412363414,0.000500000000000286,-4.16333634234434E-17));
#8140=CARTESIAN_POINT('',(0.0173522881387658,0.000500000000000287,0.00494736227470084));
#8141=CARTESIAN_POINT('',(0.0173522881387649,0.000500000000000287,-0.0075000000000001));
#8142=CARTESIAN_POINT('',(0.0173522881387658,0.000500000000000284,0.006500000000002));
#8143=CARTESIAN_POINT('',(0.071,0.000500000000000295,0.0065));
#8144=CARTESIAN_POINT('',(0.0114989266789109,0.000500000000000281,0.00650000000000199));
#8145=CARTESIAN_POINT('',(0.0114989266789099,0.000500000000000286,-0.0075000000000001));
#8146=CARTESIAN_POINT('',(0.0114989266789109,0.00050000000000029,0.00455644411059335));
#8147=CARTESIAN_POINT('',(0.00859063782358258,0.000500000000000285,4.80605380061673E-5));
#8148=CARTESIAN_POINT('',(0.0103562385851542,0.000500000000000417,0.00471046723959076));
#8149=CARTESIAN_POINT('',(0.0103562385851534,0.000500000000000285,-0.0075000000000001));
#8150=CARTESIAN_POINT('',(0.0103562385851534,0.000500000000000285,-0.0046143461635767));
#8151=CARTESIAN_POINT('',(0.00859063782358258,0.000500000000000285,4.80605380061673E-5));
#8152=CARTESIAN_POINT('',(0.0114989266789103,0.00050000000000133,-0.00446032303457735));
#8153=CARTESIAN_POINT('',(0.0114989266789099,0.000500000000000286,-0.0075000000000001));
#8154=CARTESIAN_POINT('',(0.0114989266789109,0.000500000000000288,-0.00649999999999801));
#8155=CARTESIAN_POINT('',(0.071,0.000500000000000295,-0.0065));
#8156=CARTESIAN_POINT('',(0.0173522881387658,0.00050000000000029,-0.006499999999998));
#8157=CARTESIAN_POINT('',(0.0173522881387649,0.000500000000000287,-0.0075000000000001));
#8158=CARTESIAN_POINT('',(0.0173522881387658,0.000500000000000287,-0.00482320625838766));
#8159=CARTESIAN_POINT('',(0.0091545412363414,0.000500000000000286,-0.000361724532970633));
#8160=CARTESIAN_POINT('',(0.0187797891437739,0.000500000000000287,-0.0039915903306442));
#8161=CARTESIAN_POINT('',(0.0187797891437764,0.000500000000000287,-0.0075));
#8162=CARTESIAN_POINT('',(0.0187797891437739,0.000500000000000284,-0.0042415903306442));
#8163=CARTESIAN_POINT('',(0.071,0.000500000000000295,-0.00424159033064618));
#8164=CARTESIAN_POINT('',(0.0208503129155716,0.000500000000000288,-0.0042415903306442));
#8165=CARTESIAN_POINT('',(0.0208503129155706,0.000500000000000287,-0.00750000000000009));
#8166=CARTESIAN_POINT('',(0.071,0.000500000000000295,0.00446277818072581));
#8167=CARTESIAN_POINT('',(0.0407813818148056,0.000500000000000294,0.00446277818072578));
#8168=CARTESIAN_POINT('',(0.038710858043008,0.000500000000000288,0.00446277818072577));
#8169=CARTESIAN_POINT('',(0.0387108580430105,0.00050000000000029,-0.0075));
#8170=CARTESIAN_POINT('',(0.038710858043008,0.00050000000000029,0.00421277818072577));
#8171=CARTESIAN_POINT('',(0.0290856101355755,0.000500000000000289,-1.13624387676481E-16));
#8172=CARTESIAN_POINT('',(0.0372833570379998,0.000500000000000287,0.00494736227469876));
#8173=CARTESIAN_POINT('',(0.0372833570379989,0.00050000000000029,-0.0075));
#8174=CARTESIAN_POINT('',(0.0372833570379998,0.000500000000000287,0.00649999999999989));
#8175=CARTESIAN_POINT('',(0.071,0.000500000000000295,0.00649999999999993));
#8176=CARTESIAN_POINT('',(0.0314299955781449,0.000500000000000286,0.00649999999999988));
#8177=CARTESIAN_POINT('',(0.031429995578144,0.000500000000000289,-0.0075));
#8178=CARTESIAN_POINT('',(0.0314299955781446,0.000500000000000795,0.00455644411059145));
#8179=CARTESIAN_POINT('',(0.0285217067228167,0.000500000000000289,4.80605380060953E-5));
#8180=CARTESIAN_POINT('',(0.0302873074843881,0.000500000000000731,0.00471046723958873));
#8181=CARTESIAN_POINT('',(0.0302873074843874,0.000500000000000289,-0.0075));
#8182=CARTESIAN_POINT('',(0.0302873074843874,0.00050000000000029,-0.00461434616357677));
#8183=CARTESIAN_POINT('',(0.0285217067228167,0.000500000000000289,4.80605380060953E-5));
#8184=CARTESIAN_POINT('',(0.0314299955781446,0.000500000000000789,-0.00446032303457926));
#8185=CARTESIAN_POINT('',(0.031429995578144,0.000500000000000289,-0.0075));
#8186=CARTESIAN_POINT('',(0.0314299955781449,0.000500000000000292,-0.00650000000000012));
#8187=CARTESIAN_POINT('',(0.071,0.000500000000000295,-0.0065));
#8188=CARTESIAN_POINT('',(0.0372833570379998,0.000500000000000294,-0.00650000000000011));
#8189=CARTESIAN_POINT('',(0.0372833570379989,0.00050000000000029,-0.0075));
#8190=CARTESIAN_POINT('',(0.0372833570379998,0.000500000000000287,-0.00482320625838981));
#8191=CARTESIAN_POINT('',(0.0290856101355755,0.000500000000000289,-0.000361724532970705));
#8192=CARTESIAN_POINT('',(0.038710858043008,0.00050000000000029,-0.00399159033064631));
#8193=CARTESIAN_POINT('',(0.0387108580430105,0.00050000000000029,-0.0075));
#8194=CARTESIAN_POINT('',(0.038710858043008,0.000500000000000288,-0.00424159033064631));
#8195=CARTESIAN_POINT('',(0.071,0.000500000000000295,-0.00424159033064627));
#8196=CARTESIAN_POINT('',(0.0407813818148056,0.000500000000000298,-0.00424159033064631));
#8197=CARTESIAN_POINT('',(0.0407813818148047,0.00050000000000029,-0.0075));
#8198=CARTESIAN_POINT('',(0.071,0.000500000000000295,0.00446283396126385));
#8199=CARTESIAN_POINT('',(0.0607124507140396,0.000500000000000295,0.00446283396126385));
#8200=CARTESIAN_POINT('',(0.0586419269422421,0.000500000000000293,0.00446283396126385));
#8201=CARTESIAN_POINT('',(0.0586419269389308,0.000500000000000293,-0.0075));
#8202=CARTESIAN_POINT('',(0.0586419269422421,0.000500000000000293,0.00421283396126385));
#8203=CARTESIAN_POINT('',(0.0490166790314958,0.000500000000000292,5.57805379481843E-8));
#8204=CARTESIAN_POINT('',(0.0572144259372339,0.000500000000000291,0.00494741805523689));
#8205=CARTESIAN_POINT('',(0.0572144259336433,0.000500000000000293,-0.0075));
#8206=CARTESIAN_POINT('',(0.0572144259372339,0.000500000000000288,0.00650005578053797));
#8207=CARTESIAN_POINT('',(0.071,0.000500000000000295,0.00650005578053797));
#8208=CARTESIAN_POINT('',(0.0513610644773789,0.000500000000000287,0.00650005578053796));
#8209=CARTESIAN_POINT('',(0.0513610644737883,0.000500000000000292,-0.0075));
#8210=CARTESIAN_POINT('',(0.0513610644765161,0.000500000001439118,0.00455649989168592));
#8211=CARTESIAN_POINT('',(0.048452775618737,0.000500000000000292,4.81163185441572E-5));
#8212=CARTESIAN_POINT('',(0.0502183763827047,0.000500000001530556,0.00471052302047421));
#8213=CARTESIAN_POINT('',(0.0502183763800318,0.000500000000000292,-0.0075));
#8214=CARTESIAN_POINT('',(0.0502183763800318,0.000500000000000293,-0.00461429038306635));
#8215=CARTESIAN_POINT('',(0.048452775618737,0.000500000000000292,4.81163185441572E-5));
#8216=CARTESIAN_POINT('',(0.0513610644765161,0.000500000001439124,-0.00446026725459758));
#8217=CARTESIAN_POINT('',(0.0513610644737883,0.000500000000000292,-0.0075));
#8218=CARTESIAN_POINT('',(0.0513610644773789,0.000500000000000292,-0.00649994421946204));
#8219=CARTESIAN_POINT('',(0.071,0.000500000000000295,-0.00649994421946203));
#8220=CARTESIAN_POINT('',(0.0572144259372339,0.000500000000000295,-0.00649994421946203));
#8221=CARTESIAN_POINT('',(0.0572144259336433,0.000500000000000293,-0.0075));
#8222=CARTESIAN_POINT('',(0.0572144259372339,0.000500000000000291,-0.00482315047785179));
#8223=CARTESIAN_POINT('',(0.0490166790314958,0.000500000000000292,-0.000361668752432643));
#8224=CARTESIAN_POINT('',(0.0586419269422421,0.000500000000000293,-0.00399153455010823));
#8225=CARTESIAN_POINT('',(0.0586419269389308,0.000500000000000293,-0.0075));
#8226=CARTESIAN_POINT('',(0.0586419269422421,0.000500000000000293,-0.00424153455010823));
#8227=CARTESIAN_POINT('',(0.071,0.000500000000000295,-0.00424153455010823));
#8228=CARTESIAN_POINT('',(0.0607124507140396,0.000500000000000299,-0.00424153455010823));
#8229=CARTESIAN_POINT('',(0.0607124507104491,0.000500000000000293,-0.0075));
#8230=CARTESIAN_POINT('',(0.00575,0.000500000000000294,-0.0125));
#8231=CARTESIAN_POINT('',(0.00575,0.000500000000000294,-0.0074947894041409));
#8232=CARTESIAN_POINT('',(0.00575,0.000500000000000284,0.00200220890884916));
#8233=CARTESIAN_POINT('',(0.00575,0.000500000000000284,0.00200220890884916));
#8234=CARTESIAN_POINT('',(0.006,0.000500000000000294,0.0075));
#8235=CARTESIAN_POINT('',(0.071,0.000500000000000295,0.0075));
#8236=CARTESIAN_POINT('',(0.07125,0.000500000000000295,0.0075));
#8237=CARTESIAN_POINT('',(0.07125,0.000500000000000295,-0.0075));
#8238=CARTESIAN_POINT('',(0.07125,0.000500000000000295,-0.0075));
#8239=CARTESIAN_POINT('',(0.071,0.000500000000000295,-0.0075));
#8240=CARTESIAN_POINT('',(0.006,0.000500000000000294,-0.0075));
#8241=CARTESIAN_POINT('',(0.006,0.000500000000000294,-0.0015));
#8242=CARTESIAN_POINT('',(0.0308099614912569,0.00153400029898256,-1.62835855910259E-16));
#8243=CARTESIAN_POINT('',(0.0326292874690627,-0.0015,0.0015));
#8244=CARTESIAN_POINT('',(0.0346180880772077,-0.00481662479035557,0.00649999999999988));
#8245=CARTESIAN_POINT('',(0.0362271631418157,-0.0075,0.00149999999999996));
#8246=CARTESIAN_POINT('',(0.0362271631418157,-0.0075,-0.00150000000000003));
#8247=CARTESIAN_POINT('',(0.0362271631418157,-0.0075,-0.00149999999999996));
#8248=CARTESIAN_POINT('',(0.0326292874690627,-0.0015,-0.0015));
#8249=CARTESIAN_POINT('',(0.0346180880772075,-0.00481662479035523,-0.00650000000000012));
#8250=CARTESIAN_POINT('',(0.0364463877445582,-0.00786559006927793,-0.00650000000000011));
#8251=CARTESIAN_POINT('',(0.0306608224754305,0.00178271208792378,4.80605380060921E-5));
#8252=CARTESIAN_POINT('',(0.0308099614912569,0.00153400029898262,0.00649999999999988));
#8253=CARTESIAN_POINT('',(0.0309433508695692,0.00131155340457357,0.0031466097066176));
#8254=CARTESIAN_POINT('',(0.0347280482781686,-0.005,0.00253998096452656));
#8255=CARTESIAN_POINT('',(0.0353218763209406,-0.0059902977703244,0.00244479946922746));
#8256=CARTESIAN_POINT('',(0.0347280482781686,-0.005,-1.6284890625668E-16));
#8257=CARTESIAN_POINT('',(0.0347280482781686,-0.005,-0.00126003562791236));
#8258=CARTESIAN_POINT('',(0.0345652269548793,-0.00472847090100021,-0.00227586194401087));
#8259=CARTESIAN_POINT('',(0.0968,-0.0015,-0.0015));
#8260=CARTESIAN_POINT('',(0.0968,-0.0075,-0.00149999999999996));
#8261=CARTESIAN_POINT('',(0.0162960942425817,-0.0075,-0.00149999999999996));
#8262=CARTESIAN_POINT('',(0.0139448309437609,-0.0075,-0.00149999999999996));
#8263=CARTESIAN_POINT('',(0.0139448309437609,-0.0015,-0.0015));
#8264=CARTESIAN_POINT('',(0.0131637003863517,-0.005,-0.00637339717240448));
#8265=CARTESIAN_POINT('',(0.0968,-0.00499999999999991,-0.00637339717240455));
#8266=CARTESIAN_POINT('',(0.006,-0.005,-0.00637339717240449));
#8267=CARTESIAN_POINT('',(0.006,-0.0015,-0.0015));
#8268=CARTESIAN_POINT('',(0.006,-0.00149999999999996,-0.0075));
#8269=CARTESIAN_POINT('',(0.0968,-0.00149999999999996,-0.0075));
#8270=CARTESIAN_POINT('',(0.0643346220374522,-0.00149999999999996,-0.0075));
#8271=CARTESIAN_POINT('',(0.0643346220374522,-0.0015,-0.0015));
#8272=CARTESIAN_POINT('',(0.0643346220374522,-0.004,-0.00695435605731786));
#8273=CARTESIAN_POINT('',(0.0968,-0.004,-0.00695435605731786));
#8274=CARTESIAN_POINT('',(0.0821165803417994,-0.004,-0.00695435605731786));
#8275=CARTESIAN_POINT('',(0.0821165803417994,-0.004,-0.00695435605731786));
#8276=CARTESIAN_POINT('',(0.0819904670298834,-0.00434483845960258,-0.00679629960850025));
#8277=CARTESIAN_POINT('',(0.0818895256928651,-0.00467744385342909,-0.00660505210900411));
#8278=CARTESIAN_POINT('',(0.0818365240472931,-0.005,-0.00637339717240448));
#8279=CARTESIAN_POINT('',(0.0818365240472931,-0.005,-0.00637339717240448));
#8280=CARTESIAN_POINT('',(0.0968,-0.005,-0.00637339717240448));
#8281=CARTESIAN_POINT('',(0.0932534552587314,-0.005,-0.00637339717240451));
#8282=CARTESIAN_POINT('',(0.0966484692283495,-0.0075,-0.00149999999999996));
#8283=CARTESIAN_POINT('',(0.0964220396552095,-0.00750000000000001,-0.00260927383373852));
#8284=CARTESIAN_POINT('',(0.0954656909490343,-0.00687770959402907,-0.00462873958564954));
#8285=CARTESIAN_POINT('',(0.094022379819155,-0.00566413037005742,-0.00589642880455569));
#8286=CARTESIAN_POINT('',(0.0932534552587314,-0.00499999999999998,-0.00637339717240454));
#8287=CARTESIAN_POINT('',(0.0966484692283495,-0.0075,-0.0015));
#8288=CARTESIAN_POINT('',(0.0968,-0.0075,-0.00149999999999996));
#8289=CARTESIAN_POINT('',(0.0922954131601501,-0.0075,-0.00149999999999996));
#8290=CARTESIAN_POINT('',(0.0922954131601501,-0.0075,-0.00149999999999996));
#8291=CARTESIAN_POINT('',(0.0920284331076598,-0.0075,-0.0020923818983163));
#8292=CARTESIAN_POINT('',(0.0912155151029135,-0.00731435300792613,-0.00312184711394665));
#8293=CARTESIAN_POINT('',(0.0893016565450924,-0.00704841395110868,-0.0037714923731853));
#8294=CARTESIAN_POINT('',(0.0873887440731369,-0.00731341885817414,-0.00312551345160423));
#8295=CARTESIAN_POINT('',(0.0865715880222977,-0.0075,-0.00209242878198488));
#8296=CARTESIAN_POINT('',(0.0863045868398499,-0.0075,-0.00149999999999996));
#8297=CARTESIAN_POINT('',(0.0863045868398499,-0.0075,-0.00149999999999996));
#8298=CARTESIAN_POINT('',(0.0968,-0.0075,-0.00149999999999996));
#8299=CARTESIAN_POINT('',(0.0759259616281039,-0.0075,-0.00149999999999996));
#8300=CARTESIAN_POINT('',(0.0759259616281039,-0.0015,-0.0015));
#8301=CARTESIAN_POINT('',(0.0751448310706947,-0.005,-0.00637339717240448));
#8302=CARTESIAN_POINT('',(0.0968,-0.00499999999999991,-0.00637339717240455));
#8303=CARTESIAN_POINT('',(0.0630892340548418,-0.005,-0.00637339717240448));
#8304=CARTESIAN_POINT('',(0.063870364612251,-0.0015,-0.0015));
#8305=CARTESIAN_POINT('',(0.063870364612251,-0.0075,-0.00149999999999996));
#8306=CARTESIAN_POINT('',(0.0968,-0.0075,-0.00149999999999996));
#8307=CARTESIAN_POINT('',(0.0620115935009047,-0.0075,-0.00149999999999996));
#8308=CARTESIAN_POINT('',(0.0584137178281517,-0.0015,-0.0015));
#8309=CARTESIAN_POINT('',(0.0604025688609978,-0.0048167088811453,-0.00649994421946203));
#8310=CARTESIAN_POINT('',(0.0968,-0.00481670888114538,-0.00649994421946199));
#8311=CARTESIAN_POINT('',(0.0545492074011428,-0.00481670888114531,-0.00649994421946204));
#8312=CARTESIAN_POINT('',(0.0525603563682967,-0.0015,-0.0015));
#8313=CARTESIAN_POINT('',(0.0561582320410497,-0.0075,-0.00149999999999996));
#8314=CARTESIAN_POINT('',(0.0968,-0.0075,-0.00149999999999996));
#8315=CARTESIAN_POINT('',(0.0540244213929788,-0.0075,-0.00149999999999996));
#8316=CARTESIAN_POINT('',(0.0540244213929788,-0.0015,-0.0015));
#8317=CARTESIAN_POINT('',(0.0532432908355692,-0.005,-0.00637339717240448));
#8318=CARTESIAN_POINT('',(0.0968,-0.00499999999999991,-0.00637339717240455));
#8319=CARTESIAN_POINT('',(0.0436220317287097,-0.005,-0.00637339717240448));
#8320=CARTESIAN_POINT('',(0.0444031622861194,-0.0015,-0.0015));
#8321=CARTESIAN_POINT('',(0.0444031622861194,-0.0075,-0.00149999999999996));
#8322=CARTESIAN_POINT('',(0.0968,-0.0075,-0.00149999999999996));
#8323=CARTESIAN_POINT('',(0.0420805246016707,-0.0075,-0.00149999999999996));
#8324=CARTESIAN_POINT('',(0.0384826489289177,-0.0015,-0.0015));
#8325=CARTESIAN_POINT('',(0.0404714495370624,-0.00481662479035523,-0.00650000000000011));
#8326=CARTESIAN_POINT('',(0.0968,-0.00481662479035533,-0.0065));
#8327=CARTESIAN_POINT('',(0.0968,-0.0075,-0.00149999999999996));
#8328=CARTESIAN_POINT('',(0.034689585682756,-0.0075,-0.00149999999999996));
#8329=CARTESIAN_POINT('',(0.034689585682756,-0.0015,-0.0015));
#8330=CARTESIAN_POINT('',(0.0339084551253465,-0.005,-0.00637339717240448));
#8331=CARTESIAN_POINT('',(0.0968,-0.00499999999999991,-0.00637339717240455));
#8332=CARTESIAN_POINT('',(0.0242871960184866,-0.005,-0.00637339717240448));
#8333=CARTESIAN_POINT('',(0.0250683265758962,-0.0015,-0.0015));
#8334=CARTESIAN_POINT('',(0.0250683265758962,-0.0075,-0.00149999999999996));
#8335=CARTESIAN_POINT('',(0.0968,-0.0075,-0.00149999999999996));
#8336=CARTESIAN_POINT('',(0.0221494557024367,-0.0075,-0.00149999999999996));
#8337=CARTESIAN_POINT('',(0.0185515800296837,-0.0015,-0.0015));
#8338=CARTESIAN_POINT('',(0.0205403806378304,-0.00481662479035841,-0.006499999999998));
#8339=CARTESIAN_POINT('',(0.0968,-0.00481662479035854,-0.00649999999999792));
#8340=CARTESIAN_POINT('',(0.0146870191779754,-0.00481662479035841,-0.00649999999999801));
#8341=CARTESIAN_POINT('',(0.0126982185698287,-0.0015,-0.0015));
#8342=CARTESIAN_POINT('',(0.0968,-0.0015,0.0015));
#8343=CARTESIAN_POINT('',(0.0210222071787371,-0.0015,0.0015));
#8344=CARTESIAN_POINT('',(0.006,-0.0069956675169238,0.00390782859510983));
#8345=CARTESIAN_POINT('',(0.0145909121703636,-0.00741078453661783,0.00253083760199149));
#8346=CARTESIAN_POINT('',(0.0144256847689933,-0.0015,0.0015));
#8347=CARTESIAN_POINT('',(0.0144256847689933,-0.0075,0.00149999999999996));
#8348=CARTESIAN_POINT('',(0.0968,-0.0075,0.00149999999999996));
#8349=CARTESIAN_POINT('',(0.0162960942425817,-0.0075,0.00149999999999996));
#8350=CARTESIAN_POINT('',(0.0126982185698287,-0.0015,0.0015));
#8351=CARTESIAN_POINT('',(0.0146870191779718,-0.00481662479035239,0.00650000000000199));
#8352=CARTESIAN_POINT('',(0.0968,-0.00481662479035226,0.00650000000000208));
#8353=CARTESIAN_POINT('',(0.0205403806378267,-0.00481662479035238,0.006500000000002));
#8354=CARTESIAN_POINT('',(0.0185515800296837,-0.0015,0.0015));
#8355=CARTESIAN_POINT('',(0.0221494557024367,-0.0075,0.00149999999999996));
#8356=CARTESIAN_POINT('',(0.0968,-0.0075,0.00149999999999996));
#8357=CARTESIAN_POINT('',(0.0255491804011288,-0.0075,0.00149999999999996));
#8358=CARTESIAN_POINT('',(0.0255491804011288,-0.0015,0.0015));
#8359=CARTESIAN_POINT('',(0.0259416071693018,-0.00697775201978164,0.00394831223698656));
#8360=CARTESIAN_POINT('',(0.0412163878314002,-0.0015,0.0015));
#8361=CARTESIAN_POINT('',(0.0353218763209406,-0.00742514590224979,0.00244479946922746));
#8362=CARTESIAN_POINT('',(0.0351704395079887,-0.0015,0.0015));
#8363=CARTESIAN_POINT('',(0.0351704395079886,-0.0075,0.00149999999999996));
#8364=CARTESIAN_POINT('',(0.0968,-0.0075,0.00149999999999996));
#8365=CARTESIAN_POINT('',(0.0968,-0.00481662479035547,0.0065));
#8366=CARTESIAN_POINT('',(0.0404714495370626,-0.00481662479035555,0.00649999999999989));
#8367=CARTESIAN_POINT('',(0.0384826489289177,-0.0015,0.0015));
#8368=CARTESIAN_POINT('',(0.0420805246016707,-0.0075,0.00149999999999996));
#8369=CARTESIAN_POINT('',(0.0968,-0.0075,0.00149999999999996));
#8370=CARTESIAN_POINT('',(0.0448840161113521,-0.0075,0.00149999999999996));
#8371=CARTESIAN_POINT('',(0.0448840161113521,-0.0015,0.0015));
#8372=CARTESIAN_POINT('',(0.0452391239094733,-0.00707598743025951,0.00371548283170688));
#8373=CARTESIAN_POINT('',(0.0590613046769963,-0.0015,0.0015));
#8374=CARTESIAN_POINT('',(0.0546193930611116,-0.00745760846548698,0.00221197006394785));
#8375=CARTESIAN_POINT('',(0.0545052752182114,-0.0015,0.0015));
#8376=CARTESIAN_POINT('',(0.0545052752182114,-0.0075,0.00149999999999996));
#8377=CARTESIAN_POINT('',(0.0968,-0.0075,0.00149999999999996));
#8378=CARTESIAN_POINT('',(0.0561582320410497,-0.0075,0.00149999999999996));
#8379=CARTESIAN_POINT('',(0.0525603563682967,-0.0015,0.0015));
#8380=CARTESIAN_POINT('',(0.0545491065498993,-0.0048165406964952,0.00650005578053796));
#8381=CARTESIAN_POINT('',(0.0968,-0.00481654069649514,0.00650005578053801));
#8382=CARTESIAN_POINT('',(0.0604024680097542,-0.00481654069649518,0.00650005578053797));
#8383=CARTESIAN_POINT('',(0.0584137178281517,-0.0015,0.0015));
#8384=CARTESIAN_POINT('',(0.0620115935009047,-0.0075,0.00149999999999996));
#8385=CARTESIAN_POINT('',(0.0968,-0.0075,0.00149999999999996));
#8386=CARTESIAN_POINT('',(0.0643512184374834,-0.0075,0.00149999999999996));
#8387=CARTESIAN_POINT('',(0.0643512184374834,-0.0015,0.0015));
#8388=CARTESIAN_POINT('',(0.0647713179453577,-0.00689727430898908,0.00412095975427447));
#8389=CARTESIAN_POINT('',(0.0811232295871613,-0.0015,0.0015));
#8390=CARTESIAN_POINT('',(0.0765249505558514,-0.00745455975158896,0.0022370333538971));
#8391=CARTESIAN_POINT('',(0.0764068154533363,-0.0015,0.0015));
#8392=CARTESIAN_POINT('',(0.0764068154533362,-0.0075,0.00149999999999996));
#8393=CARTESIAN_POINT('',(0.0968,-0.0075,0.00149999999999996));
#8394=CARTESIAN_POINT('',(0.0863045868398499,-0.0075,0.00149999999999996));
#8395=CARTESIAN_POINT('',(0.0863045868398499,-0.0075,0.00149999999999996));
#8396=CARTESIAN_POINT('',(0.0865715668923402,-0.0075,0.0020923818983163));
#8397=CARTESIAN_POINT('',(0.0873844848970865,-0.00731435300792613,0.00312184711394664));
#8398=CARTESIAN_POINT('',(0.0892983434549076,-0.00704841395110868,0.0037714923731853));
#8399=CARTESIAN_POINT('',(0.0912112559268631,-0.00731341885817415,0.00312551345160424));
#8400=CARTESIAN_POINT('',(0.0920284119777024,-0.0075,0.00209242878198487));
#8401=CARTESIAN_POINT('',(0.0922954131601501,-0.0075,0.00149999999999996));
#8402=CARTESIAN_POINT('',(0.0922954131601501,-0.0075,0.00149999999999996));
#8403=CARTESIAN_POINT('',(0.0968,-0.0075,0.00149999999999996));
#8404=CARTESIAN_POINT('',(0.0966484692283495,-0.0075,0.00149999999999996));
#8405=CARTESIAN_POINT('',(0.0966484692283495,-0.0075,0.00149999999999996));
#8406=CARTESIAN_POINT('',(0.0964220396552095,-0.00750000000000001,0.00260927383373859));
#8407=CARTESIAN_POINT('',(0.0954656909490342,-0.00687770959402901,0.0046287395856497));
#8408=CARTESIAN_POINT('',(0.0940223798191547,-0.00566413037005722,0.00589642880455588));
#8409=CARTESIAN_POINT('',(0.0932534552587311,-0.00499999999999973,0.00637339717240472));
#8410=CARTESIAN_POINT('',(0.0932534552587308,-0.005,0.00637339717240448));
#8411=CARTESIAN_POINT('',(0.0968,-0.005,0.00637339717240448));
#8412=CARTESIAN_POINT('',(0.0818,-0.005,0.00637339717240448));
#8413=CARTESIAN_POINT('',(0.0818,-0.0015,0.0015));
#8414=CARTESIAN_POINT('',(0.0818,-0.00481662479035541,0.0065));
#8415=CARTESIAN_POINT('',(0.0968,-0.00481662479035541,0.0065));
#8416=CARTESIAN_POINT('',(0.0643346220374522,-0.00481662479035541,0.0065));
#8417=CARTESIAN_POINT('',(0.0643346220374522,-0.0015,0.0015));
#8418=CARTESIAN_POINT('',(0.0643346220374522,-0.00149999999999996,0.0075));
#8419=CARTESIAN_POINT('',(0.0968,-0.00149999999999996,0.0075));
#8420=CARTESIAN_POINT('',(0.006,-0.00149999999999996,0.0075));
#8421=CARTESIAN_POINT('',(0.006,-0.0015,0.0015));
#8422=CARTESIAN_POINT('',(0.0968,-0.0075,-0.00149999999999996));
#8423=CARTESIAN_POINT('',(0.026865036608794,-0.0075,0.0097094982213889));
#8424=CARTESIAN_POINT('',(0.0221494557024367,-0.0075,-0.00150000000000005));
#8425=CARTESIAN_POINT('',(0.0968,-0.0075,-0.00149999999999996));
#8426=CARTESIAN_POINT('',(0.0457155800719986,-0.0075,0.00668804624405803));
#8427=CARTESIAN_POINT('',(0.0420805246016707,-0.0075,-0.00150000000000003));
#8428=CARTESIAN_POINT('',(0.0968,-0.0075,-0.00149999999999996));
#8429=CARTESIAN_POINT('',(0.0646951746781053,-0.0075,0.003645909354817));
#8430=CARTESIAN_POINT('',(0.0620115935009047,-0.0075,-0.0015));
#8431=CARTESIAN_POINT('',(0.00863560643312888,-0.000500000000016374,0.000574482510049423));
#8432=CARTESIAN_POINT('',(0.00863560643312888,-0.00304672844440404,0.000574482510049441));
#8433=CARTESIAN_POINT('',(0.00863560643312888,-0.00304672844440405,-0.000675517489950559));
#8434=CARTESIAN_POINT('',(0.00863560643312888,-0.005,0.000574482510049455));
#8435=CARTESIAN_POINT('',(0.00988560643312888,-0.005,0.000574482510049455));
#8436=CARTESIAN_POINT('',(0.0111451553430351,-0.00304672844440404,-9.79490937263355E-5));
#8437=CARTESIAN_POINT('',(0.0111451553430351,-0.000946728444404041,-9.79490937263502E-5));
#8438=CARTESIAN_POINT('',(0.0111451553430351,-0.000946728444404041,-9.79490937263502E-5));
#8439=CARTESIAN_POINT('',(0.0104727237392593,-0.000946728444404024,0.00241159981617987));
#8440=CARTESIAN_POINT('',(0.0111451553430351,-0.00304672844440404,-9.79490937263355E-5));
#8441=CARTESIAN_POINT('',(0.0111451553430351,-0.00304672844440404,-9.79490937263355E-5));
#8442=CARTESIAN_POINT('',(0.0111451553430351,-0.00304672844440404,-9.79490937263355E-5));
#8443=CARTESIAN_POINT('',(0.0104727237392593,-0.00304672844440402,0.00241159981617989));
#8444=CARTESIAN_POINT('',(0.0104727237392593,-0.00304672844440402,0.00241159981617989));
#8445=CARTESIAN_POINT('',(0.0104727237392593,-0.00304672844440402,0.00241159981617989));
#8446=CARTESIAN_POINT('',(0.0104727237392593,-0.000946728444404024,0.00241159981617987));
#8447=CARTESIAN_POINT('',(0.00796317482935312,-0.00094672844440402,0.00308403141995566));
#8448=CARTESIAN_POINT('',(0.0104727237392593,-0.00304672844440402,0.00241159981617989));
#8449=CARTESIAN_POINT('',(0.00796317482935312,-0.00304672844440402,0.00308403141995567));
#8450=CARTESIAN_POINT('',(0.00796317482935312,-0.00304672844440402,0.00308403141995567));
#8451=CARTESIAN_POINT('',(0.00796317482935312,-0.00304672844440402,0.00308403141995567));
#8452=CARTESIAN_POINT('',(0.00796317482935312,-0.00094672844440402,0.00308403141995566));
#8453=CARTESIAN_POINT('',(0.00612605752322267,-0.000946728444404034,0.00124691411382522));
#8454=CARTESIAN_POINT('',(0.00796317482935312,-0.00304672844440402,0.00308403141995567));
#8455=CARTESIAN_POINT('',(0.00612605752322267,-0.00304672844440403,0.00124691411382523));
#8456=CARTESIAN_POINT('',(0.00612605752322267,-0.00304672844440403,0.00124691411382523));
#8457=CARTESIAN_POINT('',(0.00612605752322267,-0.00304672844440403,0.00124691411382523));
#8458=CARTESIAN_POINT('',(0.00612605752322267,-0.000946728444404034,0.00124691411382522));
#8459=CARTESIAN_POINT('',(0.00679848912699843,-0.000946728444404052,-0.00126263479608101));
#8460=CARTESIAN_POINT('',(0.00612605752322267,-0.00304672844440403,0.00124691411382523));
#8461=CARTESIAN_POINT('',(0.00679848912699843,-0.00304672844440405,-0.00126263479608099));
#8462=CARTESIAN_POINT('',(0.00679848912699843,-0.00304672844440405,-0.00126263479608099));
#8463=CARTESIAN_POINT('',(0.00679848912699843,-0.00304672844440405,-0.00126263479608099));
#8464=CARTESIAN_POINT('',(0.00679848912699843,-0.000946728444404052,-0.00126263479608101));
#8465=CARTESIAN_POINT('',(0.00930803803690465,-0.000946728444404055,-0.00193506639985679));
#8466=CARTESIAN_POINT('',(0.00679848912699843,-0.00304672844440405,-0.00126263479608099));
#8467=CARTESIAN_POINT('',(0.00930803803690465,-0.00304672844440406,-0.00193506639985678));
#8468=CARTESIAN_POINT('',(0.00930803803690465,-0.00304672844440406,-0.00193506639985678));
#8469=CARTESIAN_POINT('',(0.00930803803690465,-0.00304672844440406,-0.00193506639985678));
#8470=CARTESIAN_POINT('',(0.00930803803690465,-0.000946728444404055,-0.00193506639985679));
#8471=CARTESIAN_POINT('',(0.00930803803690465,-0.00304672844440406,-0.00193506639985678));
#8472=CARTESIAN_POINT('',(0.00863560643312889,-0.00304672844440404,0.000574482510049449));
#8473=CARTESIAN_POINT('',(0.00863560643312889,-0.000946728444404038,0.000574482510049434));
#8474=CARTESIAN_POINT('',(0.00863560643312888,-0.000946728444404038,0.000574482510049427));
#8475=CARTESIAN_POINT('',(0.00863560643312888,-0.000946728444404047,-0.000675517489950573));
#8476=CARTESIAN_POINT('',(0.00863560643312888,-0.000500000000016374,0.000574482510049423));
#8477=CARTESIAN_POINT('',(0.00863560643312888,-0.000500000000016374,0.000574482510049423));
#8478=CARTESIAN_POINT('',(0.00831208262675073,-0.000500000000016366,0.00178188979291076));
#8479=CARTESIAN_POINT('',(0.00863560643312888,-0.000500000000016374,0.000574482510049423));
#8480=CARTESIAN_POINT('',(0.0671399398740717,-0.00499999999999994,-0.0115));
#8481=CARTESIAN_POINT('',(0.0138299504462309,-0.005,-0.00221672819161494));
#8482=CARTESIAN_POINT('',(0.0145909121703636,-0.005,0.00253083760199149));
#8483=CARTESIAN_POINT('',(0.000760961724132727,-0.005,0.00474756579360642));
#8484=CARTESIAN_POINT('',(0.00521064301872557,-0.005,0.00403435036974974));
#8485=CARTESIAN_POINT('',(0.00444968129459284,-0.005,-0.000713215423856687));
#8486=CARTESIAN_POINT('',(0.00364013100380509,-0.005,-0.00576392053406229));
#8487=CARTESIAN_POINT('',(0.006,-0.005,-0.0015));
#8488=CARTESIAN_POINT('',(0.089300000000002,0.00749999999999428,4.1962960883879E-15));
#8489=CARTESIAN_POINT('',(0.0900970771576557,0.00371505233691189,0.00796019271153741));
#8490=CARTESIAN_POINT('',(0.0899835446534122,0.00358105633499487,0.00797156105010195));
#8491=CARTESIAN_POINT('',(0.0898736805269534,0.00344318349311935,0.00798009211469297));
#8492=CARTESIAN_POINT('',(0.0897690776681906,0.00329999999999428,0.0079862360434233));
#8493=CARTESIAN_POINT('',(0.0900970771576557,0.0037150523369119,0.00796019271153741));
#8494=CARTESIAN_POINT('',(0.0897690776681906,0.00329999999999428,0.0079862360434233));
#8495=CARTESIAN_POINT('',(0.0893000000000019,0.00329999999999428,4.19456136491192E-15));
#8496=CARTESIAN_POINT('',(0.0900970771576556,0.00329999999999427,0.00796019271153741));
#8497=CARTESIAN_POINT('',(0.0900970771576557,0.00749999999999421,0.00796019271153741));
#8498=CARTESIAN_POINT('',(0.0764375899345559,0.00630298589444529,0.00321423955466653));
#8499=CARTESIAN_POINT('',(0.0753522963444605,0.00307828620520805,0.00687804218820574));
#8500=CARTESIAN_POINT('',(0.0754499773817952,0.00382143717234746,0.00690421574327539));
#8501=CARTESIAN_POINT('',(0.0714379385165653,0.0062585649624317,0.00317534894676685));
#8502=CARTESIAN_POINT('',(0.0719124244937068,0.00669557510178451,0.00355795212971086));
#8503=CARTESIAN_POINT('',(0.0893000000000017,-0.00750000000000571,4.19282664143594E-15));
#8504=CARTESIAN_POINT('',(0.0900970771576556,-0.00750000000000578,0.00796019271153739));
#8505=CARTESIAN_POINT('',(0.0900970771576557,-0.0037150523369235,0.00796019271153739));
#8506=CARTESIAN_POINT('',(0.0900970771576557,-0.00330000000000573,0.00796019271153739));
#8507=CARTESIAN_POINT('',(0.0893000000000018,-0.00330000000000571,4.19456136491192E-15));
#8508=CARTESIAN_POINT('',(0.0897690776681905,-0.00330000000000572,0.0079862360434233));
#8509=CARTESIAN_POINT('',(0.0900970771576557,-0.00371505233692352,0.00796019271153739));
#8510=CARTESIAN_POINT('',(0.0899835446534122,-0.00358105633500645,0.00797156105010194));
#8511=CARTESIAN_POINT('',(0.0898736805269534,-0.00344318349313084,0.00798009211469297));
#8512=CARTESIAN_POINT('',(0.0897690776681905,-0.00330000000000572,0.0079862360434233));
#8513=CARTESIAN_POINT('',(0.0893000000000018,-0.00330000000000571,4.19456136491192E-15));
#8514=CARTESIAN_POINT('',(0.0797267058808621,-0.00330000000000554,0.00391061955884022));
#8515=CARTESIAN_POINT('',(0.0885709857616219,-0.0033000000000057,0.0075));
#8516=CARTESIAN_POINT('',(0.0190774047358084,-0.00330000000000446,-0.0330430342789753));
#8517=CARTESIAN_POINT('',(0.0893,-0.00330000000000571,0.0075));
#8518=CARTESIAN_POINT('',(-1.29743655055765E-16,-0.00330000000000413,0.0075));
#8519=CARTESIAN_POINT('',(0.0818790934676653,-0.00150000000000558,-0.00139289132322421));
#8520=CARTESIAN_POINT('',(0.103791292829392,-0.00150000000000597,0.0075));
#8521=CARTESIAN_POINT('',(0.0878360757199972,-0.00150000000000569,0.0075));
#8522=CARTESIAN_POINT('',(0.0796227781976711,-0.00150000000000554,0.00416669871583361));
#8523=CARTESIAN_POINT('',(0.0927641016151553,-0.00150000000000577,0.00950000000001013));
#8524=CARTESIAN_POINT('',(0.0550090796418171,-0.00150000000000511,-0.012297872099557));
#8525=CARTESIAN_POINT('',(0.0796227781976711,-0.00150000000000554,0.00416669871583361));
#8526=CARTESIAN_POINT('',(0.0927641016151551,0.00400000000000411,0.00950000000001));
#8527=CARTESIAN_POINT('',(0.0927641016151552,0.00131894533843851,0.00950000000001006));
#8528=CARTESIAN_POINT('',(0.0927641016151553,0.00149999999999422,0.0095000000000101));
#8529=CARTESIAN_POINT('',(0.094614332963401,0.000427659982998411,0.0102509016338968));
#8530=CARTESIAN_POINT('',(0.0927641016151552,6.55528345324249E-5,0.0095000000000101));
#8531=CARTESIAN_POINT('',(0.0927641016151551,0.00400000000000411,0.00950000000001));
#8532=CARTESIAN_POINT('',(0.0878360757199973,0.00399999999999845,0.0075));
#8533=CARTESIAN_POINT('',(0.0878360757199973,0.00149999999999431,0.0075));
#8534=CARTESIAN_POINT('',(0.0796227781976711,0.00149999999999446,0.00416669871583361));
#8535=CARTESIAN_POINT('',(0.0818790934676654,0.00149999999999442,-0.00139289132322421));
#8536=CARTESIAN_POINT('',(0.103791292829392,0.00149999999999403,0.0075));
#8537=CARTESIAN_POINT('',(0.0885709857616221,0.0032999999999943,0.0075));
#8538=CARTESIAN_POINT('',(0.0797267058808623,0.00329999999999445,0.00391061955884022));
#8539=CARTESIAN_POINT('',(0.0550090796418169,0.00149999999999489,-0.0122978720995571));
#8540=CARTESIAN_POINT('',(0.0893000000000019,0.00329999999999428,4.19456136491192E-15));
#8541=CARTESIAN_POINT('',(0.0190774047358084,0.00329999999999553,-0.0330430342789753));
#8542=CARTESIAN_POINT('',(0.0893,0.00329999999999428,0.0075));
#8543=CARTESIAN_POINT('',(-1.28332674349152E-17,0.00329999999999586,0.0075));
#8544=CARTESIAN_POINT('',(-3.50540073038671E-18,0.004,0.0105));
#8545=CARTESIAN_POINT('',(0.096036906873419,0.000231901259062795,0.0105));
#8546=CARTESIAN_POINT('',(0.0944961524227066,0.0011453684792384,0.0105));
#8547=CARTESIAN_POINT('',(0.0944961524227066,-0.000270138099681865,0.0105));
#8548=CARTESIAN_POINT('',(0.0944961524227066,0.004,0.0105));
#8549=CARTESIAN_POINT('',(0.0944961524227066,0.0025,0.0105));
#8550=CARTESIAN_POINT('',(-3.50540073038671E-18,0.0025,0.0105));
#8551=CARTESIAN_POINT('',(0.0758,0.0025,0.0105));
#8552=CARTESIAN_POINT('',(0.0758,0.004,0.0105));
#8553=CARTESIAN_POINT('',(0.0758,-0.0025,0.0105));
#8554=CARTESIAN_POINT('',(0.0944961524227066,-0.0025,0.0105));
#8555=CARTESIAN_POINT('',(0.0944961524227066,-0.0025,0.0105));
#8556=CARTESIAN_POINT('',(0.0944961524227066,0.004,0.0105));
#8557=CARTESIAN_POINT('',(0.089300000000002,0.00749999999999428,4.1962960883879E-15));
#8558=CARTESIAN_POINT('',(0.0900970771576433,0.00749999999999421,-0.00796019271153026));
#8559=CARTESIAN_POINT('',(0.0900970771576432,0.00371505233689833,-0.00796019271153026));
#8560=CARTESIAN_POINT('',(0.0900970771576432,0.00329999999999427,-0.00796019271153026));
#8561=CARTESIAN_POINT('',(0.0893000000000019,0.00329999999999428,4.19456136491192E-15));
#8562=CARTESIAN_POINT('',(0.0897690776681897,0.00329999999999428,-0.00798623604341497));
#8563=CARTESIAN_POINT('',(0.0897690776681897,0.00329999999999428,-0.00798623604341497));
#8564=CARTESIAN_POINT('',(0.0898738494681158,0.00344341474479044,-0.00798008219179651));
#8565=CARTESIAN_POINT('',(0.0899837167211798,0.0035812594168623,-0.00797154382044932));
#8566=CARTESIAN_POINT('',(0.0900970771576432,0.0037150523368983,-0.00796019271153027));
#8567=CARTESIAN_POINT('',(0.0893,0.0075,0.));
#8568=CARTESIAN_POINT('',(0.0893,0.0056,0.));
#8569=CARTESIAN_POINT('',(0.08655,0.0056,0.));
#8570=CARTESIAN_POINT('',(0.0917589212508694,0.0069,-0.00123134328358206));
#8571=CARTESIAN_POINT('',(0.0915279085223259,0.0069,-0.00169266232840965));
#8572=CARTESIAN_POINT('',(0.0908211416633514,0.00672005008944282,-0.00245903065034885));
#8573=CARTESIAN_POINT('',(0.0892988360124594,0.00649956779839573,-0.00289623198840752));
#8574=CARTESIAN_POINT('',(0.0877747790490188,0.00672096357276136,-0.00245603908376698));
#8575=CARTESIAN_POINT('',(0.0870721931951703,0.0069,-0.00169286545236097));
#8576=CARTESIAN_POINT('',(0.0868410787491305,0.0069,-0.00123134328358206));
#8577=CARTESIAN_POINT('',(0.0917589212508694,0.0069,-0.00123134328358206));
#8578=CARTESIAN_POINT('',(0.0868410787491305,0.0069,-0.00123134328358206));
#8579=CARTESIAN_POINT('',(0.0893,0.0069,0.));
#8580=CARTESIAN_POINT('',(0.0868410787491305,0.0069,0.00123134328358206));
#8581=CARTESIAN_POINT('',(0.0868410787491305,0.0069,0.00123134328358206));
#8582=CARTESIAN_POINT('',(0.087072091477674,0.0069,0.00169266232840967));
#8583=CARTESIAN_POINT('',(0.0877788583366487,0.00672005008944283,0.00245903065034882));
#8584=CARTESIAN_POINT('',(0.0893011639875406,0.00649956779839573,0.00289623198840752));
#8585=CARTESIAN_POINT('',(0.0908252209509812,0.00672096357276135,0.00245603908376703));
#8586=CARTESIAN_POINT('',(0.0915278068048296,0.0069,0.00169286545236095));
#8587=CARTESIAN_POINT('',(0.0917589212508694,0.0069,0.00123134328358206));
#8588=CARTESIAN_POINT('',(0.0917589212508694,0.0069,0.00123134328358206));
#8589=CARTESIAN_POINT('',(0.0893,0.0069,0.));
#8590=CARTESIAN_POINT('',(0.0893,0.0069,0.));
#8591=CARTESIAN_POINT('',(0.0922954131601501,0.0069,-0.00149999999999996));
#8592=CARTESIAN_POINT('',(0.0922954131601501,0.0075,-0.00149999999999996));
#8593=CARTESIAN_POINT('',(0.0922954131601501,0.0069,0.00149999999999996));
#8594=CARTESIAN_POINT('',(0.0922954131601501,0.0075,0.00149999999999996));
#8595=CARTESIAN_POINT('',(0.0893,0.0075,0.));
#8596=CARTESIAN_POINT('',(0.0893,0.0069,0.));
#8597=CARTESIAN_POINT('',(0.0863045868398499,0.0069,0.00149999999999996));
#8598=CARTESIAN_POINT('',(0.0863045868398499,0.0075,0.00149999999999996));
#8599=CARTESIAN_POINT('',(0.0863045868398499,0.0069,-0.00149999999999996));
#8600=CARTESIAN_POINT('',(0.0863045868398499,0.0075,-0.00149999999999996));
#8601=CARTESIAN_POINT('',(0.0893,0.0075,0.));
#8602=CARTESIAN_POINT('',(0.0714379385165653,0.00778946275549295,-0.000478342267997575));
#8603=CARTESIAN_POINT('',(0.0721298281849246,0.0075,-0.000478342267997573));
#8604=CARTESIAN_POINT('',(0.0721298281849246,0.0075,0.00029906256240263));
#8605=CARTESIAN_POINT('',(0.0721298281849246,0.0075,-0.000478342267997573));
#8606=CARTESIAN_POINT('',(0.0714379385165653,0.00778946275549295,-0.000478342267997575));
#8607=CARTESIAN_POINT('',(0.0707460488482059,0.0075,-0.00047834226799758));
#8608=CARTESIAN_POINT('',(0.0707460488482059,0.0075,-0.000478342267997578));
#8609=CARTESIAN_POINT('',(0.0707460488482059,0.0075,0.000299062562402625));
#8610=CARTESIAN_POINT('',(0.0714379385165653,0.00778946275549295,0.000299062562402627));
#8611=CARTESIAN_POINT('',(0.0668899398740717,-0.000382290236645114,-0.01175));
#8612=CARTESIAN_POINT('',(0.0758,-0.000382290236645106,-0.009));
#8613=CARTESIAN_POINT('',(0.0743209800542251,-0.000382290236645108,-0.00925));
#8614=CARTESIAN_POINT('',(0.0758,-0.000382290236645105,-0.0105));
#8615=CARTESIAN_POINT('',(0.0668899398740717,-0.000382290236645115,-0.00925));
#8616=CARTESIAN_POINT('',(0.0920899398740717,-0.000382290236645088,-0.00925));
#8617=CARTESIAN_POINT('',(0.0920899398740717,-0.000382290236645086,-0.01175));
#8618=CARTESIAN_POINT('',(0.0920899398740717,-0.000382290236645087,-0.0105));
#8619=CARTESIAN_POINT('',(1.10056080685087E-18,-0.000382290236645185,-0.0105));
#8620=CARTESIAN_POINT('',(0.0920899398740717,0.0211177097633549,-0.01175));
#8621=CARTESIAN_POINT('',(0.0920899398740717,0.0211177097633549,-0.00925));
#8622=CARTESIAN_POINT('',(0.0920899398740717,0.000523268522263535,-0.00925));
#8623=CARTESIAN_POINT('',(0.0920899398740717,0.000801927239751906,-0.00995101319899475));
#8624=CARTESIAN_POINT('',(0.0920899398740717,0.000263192704386091,-0.0105));
#8625=CARTESIAN_POINT('',(0.0920899398740717,0.0040000000000001,-0.0105));
#8626=CARTESIAN_POINT('',(-3.50540073038671E-18,0.004,-0.0105));
#8627=CARTESIAN_POINT('',(0.0952032341195262,0.000349787146442019,-0.0105));
#8628=CARTESIAN_POINT('',(0.0944961524227066,0.00119678816872984,-0.0105));
#8629=CARTESIAN_POINT('',(0.0920899398740717,0.001313391594362,-0.0105));
#8630=CARTESIAN_POINT('',(0.0920899398740717,0.0040000000000001,-0.0105));
#8631=CARTESIAN_POINT('',(0.0920899398740717,0.0025,-0.0105));
#8632=CARTESIAN_POINT('',(0.0944961524227066,0.0025,-0.0105));
#8633=CARTESIAN_POINT('',(0.0944961524227066,0.0025,-0.0105));
#8634=CARTESIAN_POINT('',(0.0944961524227066,0.004,-0.0105));
#8635=CARTESIAN_POINT('',(0.0920899398740717,0.0211177097633549,-0.01175));
#8636=CARTESIAN_POINT('',(0.0920899398740717,0.000801927239751906,-0.00995101319899475));
#8637=CARTESIAN_POINT('',(0.0920899398740717,0.00111540784478608,-0.00925));
#8638=CARTESIAN_POINT('',(0.0920899398740717,0.0211177097633549,-0.00925));
#8639=CARTESIAN_POINT('',(0.0920899398740717,0.00397901994577487,-0.00925));
#8640=CARTESIAN_POINT('',(0.0920899398740717,0.0025,-0.009));
#8641=CARTESIAN_POINT('',(0.0340821274329778,0.00428739233755426,-0.00625000000000014));
#8642=CARTESIAN_POINT('',(0.0340821274329778,0.00428739233755426,-0.00625000000000014));
#8643=CARTESIAN_POINT('',(0.036454791526234,0.00289708118512366,-0.00625000000000012));
#8644=CARTESIAN_POINT('',(0.0361197056920765,0.00244056401904484,-0.00625000000000012));
#8645=CARTESIAN_POINT('',(0.035115248320515,0.00411564809018441,-0.00625000000000014));
#8646=CARTESIAN_POINT('',(0.0360069792426599,0.00262855236495183,-0.00625000000000013));
#8647=CARTESIAN_POINT('',(0.0347205389550329,0.00185714366240142,-0.00625000000000012));
#8648=CARTESIAN_POINT('',(0.0537598769321221,0.00334423938763405,-0.000361668752432628));
#8649=CARTESIAN_POINT('',(0.055046317219749,0.00411564809018441,-0.00649994421946204));
#8650=CARTESIAN_POINT('',(0.0508832702787577,0.0016192938712642,-0.00649994421946204));
#8651=CARTESIAN_POINT('',(0.050741030390491,0.00153400029898253,-0.00649994421946204));
#8652=CARTESIAN_POINT('',(0.0508832702787577,0.0016192938712642,-0.00649994421946204));
#8653=CARTESIAN_POINT('',(0.0508189905726481,0.0016171110666064,-0.00649994421946204));
#8654=CARTESIAN_POINT('',(0.0507544820948651,0.00161717519153161,-0.00649970787061139));
#8655=CARTESIAN_POINT('',(0.0506897393998012,0.00161953575716116,-0.0064991339155764));
#8656=CARTESIAN_POINT('',(0.0506897393998012,0.00161953575716113,-0.0064991339155764));
#8657=CARTESIAN_POINT('',(0.050741030390491,0.00153400029898254,-0.00036166875243264));
#8658=CARTESIAN_POINT('',(0.0256544050398431,0.00410000000000029,0.00535));
#8659=CARTESIAN_POINT('',(0.0256544050398431,0.00410000000000028,0.00535));
#8660=CARTESIAN_POINT('',(0.0269044050398431,0.00410000000000028,0.00535));
#8661=CARTESIAN_POINT('',(0.0675130908152862,0.00410000000000029,-0.00535));
#8662=CARTESIAN_POINT('',(0.0675130908152862,0.00410000000000028,-0.00535));
#8663=CARTESIAN_POINT('',(0.0687630908152862,0.00410000000000028,-0.00535));
#8664=CARTESIAN_POINT('',(0.0256544050398431,0.00410000000000029,-0.00535));
#8665=CARTESIAN_POINT('',(0.0256544050398431,0.00410000000000028,-0.00535));
#8666=CARTESIAN_POINT('',(0.0265218726184879,0.00410000000000028,-0.00625000000000011));
#8667=CARTESIAN_POINT('',(0.0247869374611983,0.00410000000000028,-0.00625000000000012));
#8668=CARTESIAN_POINT('',(0.0256544050398431,0.00410000000000029,-0.00625000000000011));
#8669=CARTESIAN_POINT('',(0.0448523779470736,0.00410000000000029,0.00535));
#8670=CARTESIAN_POINT('',(0.0448523779470736,0.00410000000000028,0.00535));
#8671=CARTESIAN_POINT('',(0.0447144006788969,0.00410000000000028,0.00410763842885149));
#8672=CARTESIAN_POINT('',(0.043770277960694,0.00410000000000028,0.00472425275112278));
#8673=CARTESIAN_POINT('',(0.0350891527714619,0.00410000000000028,-1.12331995855224E-16));
#8674=CARTESIAN_POINT('',(0.0447144006788969,0.00410000000000028,0.00421277818072578));
#8675=CARTESIAN_POINT('',(0.0447144006788969,0.00410000000000028,0.00849999999999991));
#8676=CARTESIAN_POINT('',(0.0448523779470736,0.00410000000000029,-0.00535));
#8677=CARTESIAN_POINT('',(0.0448523779470736,0.00410000000000028,-0.00535));
#8678=CARTESIAN_POINT('',(0.0439741790362584,0.00410000000000028,-0.00446046828440855));
#8679=CARTESIAN_POINT('',(0.044461212405489,0.00410000000000028,-0.00416278076200019));
#8680=CARTESIAN_POINT('',(0.0350891527714619,0.00410000000000028,-0.000361724532970704));
#8681=CARTESIAN_POINT('',(0.0675130908152862,0.0041000000000003,0.00535));
#8682=CARTESIAN_POINT('',(0.0675130908152862,0.00410000000000028,0.00535));
#8683=CARTESIAN_POINT('',(0.0687630908152862,0.00410000000000028,0.00535));
#8684=CARTESIAN_POINT('',(0.0758,0.0025,0.009));
#8685=CARTESIAN_POINT('',(0.0758,0.0025,0.009));
#8686=CARTESIAN_POINT('',(0.0743,0.0025,0.009));
#8687=CARTESIAN_POINT('',(0.0758,0.0025,0.009));
#8688=CARTESIAN_POINT('',(0.0758,0.004,0.009));
#8689=CARTESIAN_POINT('',(0.0758,0.0025,0.009));
#8690=CARTESIAN_POINT('',(0.0758,0.004,0.009));
#8691=CARTESIAN_POINT('',(0.0743,-0.004,0.009));
#8692=CARTESIAN_POINT('',(0.0743,-0.0025,0.009));
#8693=CARTESIAN_POINT('',(0.0758,-0.0025,0.009));
#8694=CARTESIAN_POINT('',(0.0758,-0.0025,0.009));
#8695=CARTESIAN_POINT('',(0.0758,-0.0025,0.009));
#8696=CARTESIAN_POINT('',(0.0758,-0.004,0.009));
#8697=CARTESIAN_POINT('',(0.0758,-0.0025,0.009));
#8698=CARTESIAN_POINT('',(0.0753522963444603,0.00307828620520796,0.00687804218820585));
#8699=CARTESIAN_POINT('',(0.0938254383269309,0.000536218846806812,0.0101127630362546));
#8700=CARTESIAN_POINT('',(0.0938254383269309,0.000536218846806812,0.0101127630362546));
#8701=CARTESIAN_POINT('',(0.0789042303456,0.00258950874157668,0.0075));
#8702=CARTESIAN_POINT('',(0.08325,0.00203528921188934,0.0075));
#8703=CARTESIAN_POINT('',(0.08325,0.0019832768350507,0.0075));
#8704=CARTESIAN_POINT('',(0.08325,0.00198327683505069,0.0075));
#8705=CARTESIAN_POINT('',(0.0832387649238639,0.00192789828730686,0.0075));
#8706=CARTESIAN_POINT('',(0.0831403850531753,0.00185085308282447,0.00749924149371114));
#8707=CARTESIAN_POINT('',(0.0829702437692867,0.00185518600288468,0.00747601886882041));
#8708=CARTESIAN_POINT('',(0.0828206853636989,0.00191911202907081,0.007437244303904));
#8709=CARTESIAN_POINT('',(0.0827188468465771,0.00207873991964901,0.00739956798349246));
#8710=CARTESIAN_POINT('',(0.0828333457163307,0.00223020276806929,0.00744162539914492));
#8711=CARTESIAN_POINT('',(0.0830560337040215,0.00223898253323476,0.00749625081232635));
#8712=CARTESIAN_POINT('',(0.0832287198649544,0.00214586305887397,0.0075));
#8713=CARTESIAN_POINT('',(0.08325,0.00203528921188934,0.0075));
#8714=CARTESIAN_POINT('',(0.0190774047358085,0.004,-0.0330430342789753));
#8715=CARTESIAN_POINT('',(0.0893,0.004,0.0075));
#8716=CARTESIAN_POINT('',(0.0893,0.004,0.0075));
#8717=CARTESIAN_POINT('',(0.0190774047358085,0.004,-0.0330430342789753));
#8718=CARTESIAN_POINT('',(0.0918980762113533,0.004,0.009));
#8719=CARTESIAN_POINT('',(0.0918980762113533,0.0025,0.009));
#8720=CARTESIAN_POINT('',(-3.00462919747432E-18,0.0025,0.009));
#8721=CARTESIAN_POINT('',(-3.00462919747432E-18,0.004,0.009));
#8722=CARTESIAN_POINT('',(0.0917589212508695,0.0069,0.00123134328358206));
#8723=CARTESIAN_POINT('',(0.0917589212508695,0.0075,0.00123134328358206));
#8724=CARTESIAN_POINT('',(0.0922954131601501,0.0075,0.00149999999999996));
#8725=CARTESIAN_POINT('',(0.091528479207717,0.00689999998062954,0.00169152270272264));
#8726=CARTESIAN_POINT('',(0.0914974649384335,0.00752855325915909,0.00175345635032769));
#8727=CARTESIAN_POINT('',(0.092014692843102,0.0075,0.00212286910725349));
#8728=CARTESIAN_POINT('',(0.0908239267998841,0.00672012811364346,0.00245724777082922));
#8729=CARTESIAN_POINT('',(0.0906129787658522,0.00744835932426327,0.00257905085062738));
#8730=CARTESIAN_POINT('',(0.0911564199246523,0.00730014233842245,0.00315930506613932));
#8731=CARTESIAN_POINT('',(0.0895565097511166,0.00653849592825373,0.00282207604627055));
#8732=CARTESIAN_POINT('',(0.0895238305321515,0.00742634372815853,0.00280016571450314));
#8733=CARTESIAN_POINT('',(0.0896124755142334,0.00709832880996067,0.00365311303209912));
#8734=CARTESIAN_POINT('',(0.0885376056148368,0.00660632407518343,0.00267881253951724));
#8735=CARTESIAN_POINT('',(0.0886368957844213,0.00743434715468038,0.00269969235397097));
#8736=CARTESIAN_POINT('',(0.0883712650221255,0.00717369341746277,0.00345920081095323));
#8737=CARTESIAN_POINT('',(0.0876039392972045,0.00676708930177224,0.00226710908791085));
#8738=CARTESIAN_POINT('',(0.0877410290777879,0.00747044163900745,0.00236290753428715));
#8739=CARTESIAN_POINT('',(0.0872338896875938,0.00735232144206993,0.00290194563503173));
#8740=CARTESIAN_POINT('',(0.087071453635562,0.0068999999820527,0.00169138859463877));
#8741=CARTESIAN_POINT('',(0.0871024570517329,0.00752854474115366,0.00175330057569549));
#8742=CARTESIAN_POINT('',(0.0865852253452608,0.0075,0.00212268758862605));
#8743=CARTESIAN_POINT('',(0.0868410787491305,0.0069,0.00123134328358206));
#8744=CARTESIAN_POINT('',(0.0868410787491305,0.00750000000000001,0.00123134328358205));
#8745=CARTESIAN_POINT('',(0.0863045868398499,0.0075,0.00149999999999996));
#8746=CARTESIAN_POINT('',(0.0922954131601501,0.0075,0.00149999999999996));
#8747=CARTESIAN_POINT('',(0.0920284331076598,0.0075,0.0020923818983163));
#8748=CARTESIAN_POINT('',(0.0912155151029135,0.00731435300792613,0.00312184711394664));
#8749=CARTESIAN_POINT('',(0.0893016565450924,0.00704841395110868,0.0037714923731853));
#8750=CARTESIAN_POINT('',(0.087388744073137,0.00731341885817415,0.00312551345160423));
#8751=CARTESIAN_POINT('',(0.0865715880222977,0.0075,0.00209242878198488));
#8752=CARTESIAN_POINT('',(0.0863045868398499,0.0075,0.00149999999999996));
#8753=CARTESIAN_POINT('',(0.0714379385165653,0.0070466313871064,0.00227521786208437));
#8754=CARTESIAN_POINT('',(0.0708542678425857,0.00740099691360444,0.00258546553405959));
#8755=CARTESIAN_POINT('',(0.0709100338312133,0.0073765654610628,0.00271828405433437));
#8756=CARTESIAN_POINT('',(0.0710113016408116,0.00733525838239583,0.00290456449709057));
#8757=CARTESIAN_POINT('',(0.0712177995894324,0.00728040232466498,0.00311010449161029));
#8758=CARTESIAN_POINT('',(0.0714344374684318,0.00725653581089551,0.00319172672614227));
#8759=CARTESIAN_POINT('',(0.0716529231527371,0.00727932126751152,0.00311387521208406));
#8760=CARTESIAN_POINT('',(0.0718611639677994,0.00733397934789487,0.00290996598697354));
#8761=CARTESIAN_POINT('',(0.0719654420287385,0.00737638970441046,0.00271923953327905));
#8762=CARTESIAN_POINT('',(0.0720216091905448,0.00740099691360443,0.0025854655340596));
#8763=CARTESIAN_POINT('',(0.0708542678425858,0.00740099691360445,0.0025854655340596));
#8764=CARTESIAN_POINT('',(0.0720216091905448,0.00740099691360445,0.0025854655340596));
#8765=CARTESIAN_POINT('',(0.0714379385165653,0.00704663138710641,0.00227521786208436));
#8766=CARTESIAN_POINT('',(0.0714379385165653,0.00478946275549295,0.000299062562402627));
#8767=CARTESIAN_POINT('',(0.0721871058727875,0.0075,0.00149999999999996));
#8768=CARTESIAN_POINT('',(0.0721794497583866,0.0075,0.00109923625695615));
#8769=CARTESIAN_POINT('',(0.0721298281849247,0.0075,0.000700128403401465));
#8770=CARTESIAN_POINT('',(0.0721298281849247,0.0075,0.000299062562402628));
#8771=CARTESIAN_POINT('',(0.0721871058727875,0.0075,0.00149999999999996));
#8772=CARTESIAN_POINT('',(0.0707460488482059,0.0075,0.000299062562402624));
#8773=CARTESIAN_POINT('',(0.0707460488482059,0.0075,0.000698848467739904));
#8774=CARTESIAN_POINT('',(0.0706964126204835,0.0075,0.00110000334278371));
#8775=CARTESIAN_POINT('',(0.0706887711603434,0.0075,0.0014999999999836));
#8776=CARTESIAN_POINT('',(0.0706887711603434,0.0075,0.0014999999999836));
#8777=CARTESIAN_POINT('',(0.0706887711603385,0.0075,0.00149999999998399));
#8778=CARTESIAN_POINT('',(0.0706817035215703,0.00750000000000099,0.00186995964509782));
#8779=CARTESIAN_POINT('',(0.0707116358321652,0.00746348495119265,0.00224575717356809));
#8780=CARTESIAN_POINT('',(0.0708542678425857,0.0074009969136044,0.00258546553405961));
#8781=CARTESIAN_POINT('',(0.0720216091905448,0.0074009969136044,0.00258546553405961));
#8782=CARTESIAN_POINT('',(0.0721629437664357,0.00746291653644886,0.00224884728886286));
#8783=CARTESIAN_POINT('',(0.0721942066174369,0.0075,0.00187169259170468));
#8784=CARTESIAN_POINT('',(0.0721871058727875,0.0075,0.00149999999999996));
#8785=CARTESIAN_POINT('',(0.0190774047358085,0.004,-0.0330430342789753));
#8786=CARTESIAN_POINT('',(0.0918980762113533,-0.0025,0.009));
#8787=CARTESIAN_POINT('',(0.0918980762113533,-0.004,0.009));
#8788=CARTESIAN_POINT('',(0.0190774047358085,-0.004,-0.0330430342789753));
#8789=CARTESIAN_POINT('',(0.0893,-0.004,0.0075));
#8790=CARTESIAN_POINT('',(0.0893,0.004,0.0075));
#8791=CARTESIAN_POINT('',(-4.33680868994201E-19,0.004,0.0075));
#8792=CARTESIAN_POINT('',(0.08325,0.004,0.0075));
#8793=CARTESIAN_POINT('',(0.08325,0.004,0.0075));
#8794=CARTESIAN_POINT('',(-4.33680868994201E-19,0.004,0.0075));
#8795=CARTESIAN_POINT('',(-4.33680868994201E-19,-0.004,0.0075));
#8796=CARTESIAN_POINT('',(0.08325,-0.004,0.0075));
#8797=CARTESIAN_POINT('',(0.08325,0.004,0.0075));
#8798=CARTESIAN_POINT('',(-3.00462919747432E-18,-0.0025,0.009));
#8799=CARTESIAN_POINT('',(0.0758,-0.004,0.009));
#8800=CARTESIAN_POINT('',(0.0893,0.0056,0.));
#8801=CARTESIAN_POINT('',(0.0893,0.005,0.));
#8802=CARTESIAN_POINT('',(0.08595,0.005,0.));
#8803=CARTESIAN_POINT('',(0.0794899398740717,0.0103677097633549,-0.00925));
#8804=CARTESIAN_POINT('',(0.0834821274329778,0.00428739233755543,-0.00925));
#8805=CARTESIAN_POINT('',(0.0862147830036613,0.00397901994577487,-0.00925));
#8806=CARTESIAN_POINT('',(0.0854346588346504,0.00235086939023901,-0.00925000000000034));
#8807=CARTESIAN_POINT('',(-2.60911224495129E-18,0.00397901994577487,-0.00925000000000016));
#8808=CARTESIAN_POINT('',(0.0881145066679881,0.0013792747690997,-0.00925));
#8809=CARTESIAN_POINT('',(-3.00462919747432E-18,0.0025,-0.009));
#8810=CARTESIAN_POINT('',(0.0862147830036613,0.00397901994577491,-0.00925));
#8811=CARTESIAN_POINT('',(0.0862163496906009,0.00399290321129162,-0.00916786549355318));
#8812=CARTESIAN_POINT('',(0.0862170690492312,0.004,-0.0090845490217297));
#8813=CARTESIAN_POINT('',(0.0862170690492312,0.004,-0.009));
#8814=CARTESIAN_POINT('',(0.0862170690492312,0.004,-0.009));
#8815=CARTESIAN_POINT('',(0.0758,0.004,-0.009));
#8816=CARTESIAN_POINT('',(0.0918980762113533,0.004,-0.009));
#8817=CARTESIAN_POINT('',(0.0918980762113533,0.0025,-0.009));
#8818=CARTESIAN_POINT('',(0.0190774047358085,0.004,0.0330430342789753));
#8819=CARTESIAN_POINT('',(0.0941852301505935,0.000497630675904448,-0.0103204889424985));
#8820=CARTESIAN_POINT('',(0.0927641016151112,0.00122074716614656,-0.00949999999998469));
#8821=CARTESIAN_POINT('',(0.0190774047358085,0.004,0.0330430342789753));
#8822=CARTESIAN_POINT('',(0.0893,0.004,-0.0075));
#8823=CARTESIAN_POINT('',(0.0893,0.004,-0.0075));
#8824=CARTESIAN_POINT('',(0.0893,0.00329999999999429,-0.0075));
#8825=CARTESIAN_POINT('',(0.0190774047358084,0.00329999999999552,0.0330430342789753));
#8826=CARTESIAN_POINT('',(0.0550090796417418,0.00149999999999489,0.0122978720996005));
#8827=CARTESIAN_POINT('',(0.0927641016151112,0.00149999999999423,-0.00949999999998469));
#8828=CARTESIAN_POINT('',(0.0927641016151111,0.00400000000000423,-0.00949999999998462));
#8829=CARTESIAN_POINT('',(0.0893000000000019,0.00329999999999428,4.19456136491192E-15));
#8830=CARTESIAN_POINT('',(-1.28332674349151E-17,0.00329999999999587,-0.0075));
#8831=CARTESIAN_POINT('',(0.088570985761642,0.0032999999999943,-0.0075));
#8832=CARTESIAN_POINT('',(0.0797267058808618,0.00329999999999445,-0.00391061955883073));
#8833=CARTESIAN_POINT('',(0.0818790934676655,0.00149999999999442,0.00139289132323345));
#8834=CARTESIAN_POINT('',(0.0796227781976706,0.00149999999999446,-0.00416669871582411));
#8835=CARTESIAN_POINT('',(0.0878360757200175,0.00149999999999431,-0.0075));
#8836=CARTESIAN_POINT('',(0.103791292829408,0.00149999999999403,-0.0075));
#8837=CARTESIAN_POINT('',(0.,0.004,0.));
#8838=CARTESIAN_POINT('',(0.0862170690492312,0.004,-0.0095));
#8839=CARTESIAN_POINT('',(0.0862170690492312,0.004,-0.0075));
#8840=CARTESIAN_POINT('',(-4.33680868994201E-19,0.004,-0.0075));
#8841=CARTESIAN_POINT('',(0.0893000000000018,-0.00330000000000571,4.19456136491192E-15));
#8842=CARTESIAN_POINT('',(-1.29743655055765E-16,-0.00330000000000413,-0.0075));
#8843=CARTESIAN_POINT('',(0.0885709857616419,-0.0033000000000057,-0.0075));
#8844=CARTESIAN_POINT('',(0.0893,-0.00330000000000571,-0.0075));
#8845=CARTESIAN_POINT('',(0.0190774047358084,-0.00330000000000447,0.0330430342789753));
#8846=CARTESIAN_POINT('',(0.0900970771576433,-0.00330000000000572,-0.00796019271153024));
#8847=CARTESIAN_POINT('',(0.0893000000000018,-0.00330000000000571,4.19456136491192E-15));
#8848=CARTESIAN_POINT('',(0.0897690776681895,-0.00330000000000572,-0.00798623604341497));
#8849=CARTESIAN_POINT('',(0.0797267058808616,-0.00330000000000554,-0.00391061955883073));
#8850=CARTESIAN_POINT('',(0.0893000000000017,-0.00750000000000571,4.19282664143594E-15));
#8851=CARTESIAN_POINT('',(0.0897690776681895,-0.00330000000000572,-0.00798623604341497));
#8852=CARTESIAN_POINT('',(0.0898738494681157,-0.00344341474480201,-0.00798008219179651));
#8853=CARTESIAN_POINT('',(0.0899837167211798,-0.00358125941687395,-0.00797154382044931));
#8854=CARTESIAN_POINT('',(0.0900970771576433,-0.00371505233691006,-0.00796019271153025));
#8855=CARTESIAN_POINT('',(0.0900970771576433,-0.00371505233691007,-0.00796019271153024));
#8856=CARTESIAN_POINT('',(0.0900970771576433,-0.00750000000000578,-0.00796019271153024));
#8857=CARTESIAN_POINT('',(0.0818790934676654,-0.00150000000000558,0.00139289132323345));
#8858=CARTESIAN_POINT('',(0.0550090796417419,-0.00150000000000511,0.0122978720996004));
#8859=CARTESIAN_POINT('',(0.0927641016151113,-0.00150000000000577,-0.00949999999998473));
#8860=CARTESIAN_POINT('',(0.0796227781976706,-0.00150000000000554,-0.00416669871582411));
#8861=CARTESIAN_POINT('',(0.0878360757200175,-0.00150000000000568,-0.0075));
#8862=CARTESIAN_POINT('',(0.103791292829408,-0.00150000000000597,-0.0075));
#8863=CARTESIAN_POINT('',(0.0796227781976706,-0.00150000000000554,-0.00416669871582411));
#8864=CARTESIAN_POINT('',(0.0927641016151111,0.00400000000000423,-0.00949999999998462));
#8865=CARTESIAN_POINT('',(0.0927641016151113,0.00021560050384331,-0.00949999999998472));
#8866=CARTESIAN_POINT('',(0.0952472309726008,0.00034339753476829,-0.0105077582424658));
#8867=CARTESIAN_POINT('',(0.0878360757200175,0.0039999999999984,-0.0075));
#8868=CARTESIAN_POINT('',(-3.50540073038671E-18,0.004,-0.0105));
#8869=CARTESIAN_POINT('',(0.0952032341195262,0.000349787146442019,-0.0105));
#8870=CARTESIAN_POINT('',(0.0944961524227066,-0.000298030093593449,-0.0105));
#8871=CARTESIAN_POINT('',(0.0944961524227066,0.004,-0.0105));
#8872=CARTESIAN_POINT('',(0.0944961524227066,-0.0025,-0.0105));
#8873=CARTESIAN_POINT('',(-3.50540073038671E-18,-0.0025,-0.0105));
#8874=CARTESIAN_POINT('',(0.0758,-0.0025,-0.0105));
#8875=CARTESIAN_POINT('',(0.0758,0.004,-0.0105));
#8876=CARTESIAN_POINT('',(0.00938212743297773,0.00428739233755423,-0.00625000000000017));
#8877=CARTESIAN_POINT('',(0.0968,0.00516571957465377,-0.00625));
#8878=CARTESIAN_POINT('',(0.00677616479614482,0.00516571957465377,-0.00625000000000018));
#8879=CARTESIAN_POINT('',(0.0119880900698106,0.00516571957465377,-0.00625000000000018));
#8880=CARTESIAN_POINT('',(0.00938212743297773,0.00428739233755423,-0.00625000000000017));
#8881=CARTESIAN_POINT('',(0.0121320555704108,0.00430727295510058,-0.00625000000000016));
#8882=CARTESIAN_POINT('',(0.0130060082115128,0.00483133511286048,-0.00625000000000017));
#8883=CARTESIAN_POINT('',(0.00998716166988176,0.00302109602420898,-0.00625000000000017));
#8884=CARTESIAN_POINT('',(0.0108788925920229,0.00153400029898254,-0.00625000000000014));
#8885=CARTESIAN_POINT('',(0.0106812506512603,0.00186359802620703,-0.00625000000000014));
#8886=CARTESIAN_POINT('',(0.00938212743297773,0.00428739233755423,-0.00625000000000017));
#8887=CARTESIAN_POINT('',(0.00938212743297773,0.0042873923375542,-0.00950000000000017));
#8888=CARTESIAN_POINT('',(0.0119880900698106,0.00516571957465377,-0.00625000000000018));
#8889=CARTESIAN_POINT('',(0.012106619438317,0.00481404756375833,-0.00652139599456801));
#8890=CARTESIAN_POINT('',(0.012215773742047,0.00402513424319302,-0.00700291996936004));
#8891=CARTESIAN_POINT('',(0.0117921978870941,0.00273844853453805,-0.00741201385324077));
#8892=CARTESIAN_POINT('',(0.0107531491747384,0.00176949320372215,-0.0075052753128244));
#8893=CARTESIAN_POINT('',(0.00938702063380521,0.001421559794073,-0.00749725422839973));
#8894=CARTESIAN_POINT('',(0.00801300712407797,0.00176863561934193,-0.00750500858624336));
#8895=CARTESIAN_POINT('',(0.00697895801062674,0.0027286588288576,-0.00741390174989053));
#8896=CARTESIAN_POINT('',(0.00654722584435481,0.00402172543467628,-0.00700517789232869));
#8897=CARTESIAN_POINT('',(0.00665749561678573,0.00481363275041467,-0.00652171611865075));
#8898=CARTESIAN_POINT('',(0.00677616479614466,0.00516571957465372,-0.00625000000000007));
#8899=CARTESIAN_POINT('',(0.0106812506512604,0.00186359802620701,-0.00950000000000014));
#8900=CARTESIAN_POINT('',(0.0106812506512603,0.00186359802620702,-0.00648795736486417));
#8901=CARTESIAN_POINT('',(0.0121320555704108,0.00430727295510059,-0.00625000000000016));
#8902=CARTESIAN_POINT('',(0.0121355948848093,0.00381770766725012,-0.00637417669094608));
#8903=CARTESIAN_POINT('',(0.0118729913095939,0.00282456957489751,-0.00648439750567631));
#8904=CARTESIAN_POINT('',(0.0111261977085291,0.00210208404389355,-0.00648948126230442));
#8905=CARTESIAN_POINT('',(0.0106812506512603,0.00186359802620702,-0.00648795736486417));
#8906=CARTESIAN_POINT('',(0.0340821274329778,0.00428739233755426,-0.00625000000000014));
#8907=CARTESIAN_POINT('',(0.0968,0.00516571957465374,-0.00625));
#8908=CARTESIAN_POINT('',(0.0314761647961449,0.00516571957465374,-0.00625000000000015));
#8909=CARTESIAN_POINT('',(0.0334947136032756,0.0051657195746536,-0.00625000000000015));
#8910=CARTESIAN_POINT('',(0.0329370771107432,0.00483133511286664,-0.00625000000000015));
#8911=CARTESIAN_POINT('',(0.0313614984574299,0.00388654576165588,-0.00625000000000016));
#8912=CARTESIAN_POINT('',(0.0340821274329778,0.00428739233755426,-0.00625000000000014));
#8913=CARTESIAN_POINT('',(0.033828808032888,0.0033442393876341,-0.000361724532970705));
#8914=CARTESIAN_POINT('',(0.0351152483205149,0.00411564809018446,-0.00650000000000011));
#8915=CARTESIAN_POINT('',(0.0321455716421398,0.00233489351067317,-0.00650000000000012));
#8916=CARTESIAN_POINT('',(0.0308099614912569,0.00153400029898258,-0.00650000000000012));
#8917=CARTESIAN_POINT('',(0.0321455716421398,0.00233489351067319,-0.00650000000000012));
#8918=CARTESIAN_POINT('',(0.0317246415533098,0.00275238651493988,-0.00650000000000012));
#8919=CARTESIAN_POINT('',(0.0314461743087969,0.00331183316933307,-0.00640796827432967));
#8920=CARTESIAN_POINT('',(0.0313614984574299,0.00388654576165587,-0.00625000000000015));
#8921=CARTESIAN_POINT('',(0.0334947136032756,0.00516571957465358,-0.00625000000000016));
#8922=CARTESIAN_POINT('',(0.0326951379617027,0.00539895183084575,-0.00607000756906033));
#8923=CARTESIAN_POINT('',(0.0312529415039,0.00616439950830843,-0.00542913543130491));
#8924=CARTESIAN_POINT('',(0.0303071476332898,0.00692387051830809,-0.00417526487537957));
#8925=CARTESIAN_POINT('',(0.0299054287739325,0.00717144469486099,-0.00345824285346152));
#8926=CARTESIAN_POINT('',(0.0299054287739326,0.00717144469486101,-0.00345824285346148));
#8927=CARTESIAN_POINT('',(0.0311031639505434,0.00788966173724914,-0.00345824285346147));
#8928=CARTESIAN_POINT('',(0.0280843174089123,0.00607942264859763,-0.00345824285346148));
#8929=CARTESIAN_POINT('',(0.0308099614912569,0.00153400029898259,-0.000361724532970718));
#8930=CARTESIAN_POINT('',(0.0387416861709364,0.012470070616005,0.00850000000000202));
#8931=CARTESIAN_POINT('',(0.0280843174089123,0.00607942264859762,0.00850000000000201));
#8932=CARTESIAN_POINT('',(0.0280843174089123,0.00607942264859762,0.00376297754444521));
#8933=CARTESIAN_POINT('',(0.0204474398759648,0.0015,-0.0015));
#8934=CARTESIAN_POINT('',(0.0295498157440781,0.00695820278335648,-0.00399159033064419));
#8935=CARTESIAN_POINT('',(0.0164433878520702,-0.000901013561534622,-0.0039915903306442));
#8936=CARTESIAN_POINT('',(0.0203027087149509,0.00141321254611646,-0.0039915903306442));
#8937=CARTESIAN_POINT('',(0.0203027087149509,0.00141321254611646,0.008500000000002));
#8938=CARTESIAN_POINT('',(0.0203027087149509,0.00141321254611646,0.00421277818072788));
#8939=CARTESIAN_POINT('',(0.0164433878520702,-0.000901013561534625,0.00421277818072788));
#8940=CARTESIAN_POINT('',(0.029372228369621,0.00685171323429859,0.0042127781807279));
#8941=CARTESIAN_POINT('',(0.0204474398759648,0.0015,0.0015));
#8942=CARTESIAN_POINT('',(0.0297143774724177,0.00705688155653301,0.00376297754444522));
#8943=CARTESIAN_POINT('',(0.0311031639505434,0.00788966173724914,0.00376297754444522));
#8944=CARTESIAN_POINT('',(0.0329130118238749,0.0212180163952098,-0.00649999999999798));
#8945=CARTESIAN_POINT('',(3.02473450421309E-5,0.0015,0.0015));
#8946=CARTESIAN_POINT('',(0.0100361517381903,0.0075,0.00149999999999996));
#8947=CARTESIAN_POINT('',(0.00953040529265229,0.00719673119450294,0.00338341543414543));
#8948=CARTESIAN_POINT('',(0.0110435269342177,0.00810406845185363,0.00338341543414543));
#8949=CARTESIAN_POINT('',(0.00802468039258656,0.00629382936320212,0.00338341543414543));
#8950=CARTESIAN_POINT('',(0.00802468039258656,0.00629382936320212,0.00338341543414543));
#8951=CARTESIAN_POINT('',(0.00802468039258656,0.00629382936320212,-0.00298392317325791));
#8952=CARTESIAN_POINT('',(0.0110435269342177,0.00810406845185364,-0.00298392317325791));
#8953=CARTESIAN_POINT('',(0.00972530552224245,0.00731360232694567,-0.00298392317325792));
#8954=CARTESIAN_POINT('',(3.02473450421309E-5,0.0015,-0.0015));
#8955=CARTESIAN_POINT('',(0.0100361517381903,0.0075,-0.00149999999999996));
#8956=CARTESIAN_POINT('',(0.0100361517381903,0.0075,-0.0015));
#8957=CARTESIAN_POINT('',(0.0834821274329778,0.00428739233755543,-0.0095));
#8958=CARTESIAN_POINT('',(0.0860880900698111,0.00516571957465376,-0.00625));
#8959=CARTESIAN_POINT('',(0.0861064345669652,0.00511129216746894,-0.00629200328671896));
#8960=CARTESIAN_POINT('',(0.0861231544276482,0.00505605674049014,-0.00633313807084257));
#8961=CARTESIAN_POINT('',(0.0861381941338393,0.005,-0.0063733971724045));
#8962=CARTESIAN_POINT('',(0.0860880900698111,0.00516571957465376,-0.00625));
#8963=CARTESIAN_POINT('',(0.0861381941338393,0.005,-0.0063733971724045));
#8964=CARTESIAN_POINT('',(0.0861381941338393,0.005,-0.0095));
#8965=CARTESIAN_POINT('',(0.0861381941338393,0.005,-0.00625));
#8966=CARTESIAN_POINT('',(0.0834821274329778,0.00428739233755543,-0.00625));
#8967=CARTESIAN_POINT('',(0.0893,-0.0075,0.));
#8968=CARTESIAN_POINT('',(0.0893,0.005,0.));
#8969=CARTESIAN_POINT('',(0.0932534552587315,0.005,-0.00637339717240451));
#8970=CARTESIAN_POINT('',(0.0932534552587308,0.005,0.00637339717240448));
#8971=CARTESIAN_POINT('',(0.0966484692283495,0.0075,-0.00149999999999996));
#8972=CARTESIAN_POINT('',(0.0964220396552095,0.00750000000000001,-0.0026092738337385));
#8973=CARTESIAN_POINT('',(0.0954656909490343,0.0068777095940291,-0.0046287395856495));
#8974=CARTESIAN_POINT('',(0.094022379819155,0.00566413037005745,-0.00589642880455565));
#8975=CARTESIAN_POINT('',(0.0932534552587315,0.00500000000000003,-0.0063733971724045));
#8976=CARTESIAN_POINT('',(0.0966484692283495,0.0075,-0.0015));
#8977=CARTESIAN_POINT('',(0.0893,0.0075,0.));
#8978=CARTESIAN_POINT('',(0.0966484692283495,0.0075,0.00149999999999996));
#8979=CARTESIAN_POINT('',(0.0966484692283495,0.0075,0.00149999999999996));
#8980=CARTESIAN_POINT('',(0.0964220396552095,0.00750000000000001,0.00260927383373859));
#8981=CARTESIAN_POINT('',(0.0954656909490342,0.00687770959402901,0.0046287395856497));
#8982=CARTESIAN_POINT('',(0.0940223798191547,0.00566413037005722,0.00589642880455588));
#8983=CARTESIAN_POINT('',(0.0932534552587311,0.00499999999999973,0.00637339717240472));
#8984=CARTESIAN_POINT('',(0.0968,0.0075,-0.00149999999999996));
#8985=CARTESIAN_POINT('',(0.0968,0.0075,-0.00149999999999996));
#8986=CARTESIAN_POINT('',(0.0968,0.0075,0.00149999999999996));
#8987=CARTESIAN_POINT('',(0.0868410787491305,0.0069,-0.00123134328358206));
#8988=CARTESIAN_POINT('',(0.0868410787491305,0.00750000000000001,-0.00123134328358205));
#8989=CARTESIAN_POINT('',(0.0863045868398499,0.0075,-0.00149999999999996));
#8990=CARTESIAN_POINT('',(0.0870715207922837,0.00689999998062954,-0.00169152270272407));
#8991=CARTESIAN_POINT('',(0.0871025350615893,0.00752855325912889,-0.00175345635031219));
#8992=CARTESIAN_POINT('',(0.086585307156911,0.0075,-0.00212286910723718));
#8993=CARTESIAN_POINT('',(0.0877760732001156,0.00672012811364347,-0.00245724777082851));
#8994=CARTESIAN_POINT('',(0.0879870212341467,0.00744835932427834,-0.00257905085064614));
#8995=CARTESIAN_POINT('',(0.0874435800753417,0.00730014233842246,-0.00315930506614713));
#8996=CARTESIAN_POINT('',(0.0890434902488834,0.00653849592825373,-0.0028220760462707));
#8997=CARTESIAN_POINT('',(0.0890761694678471,0.00742634372815608,-0.00280016571449963));
#8998=CARTESIAN_POINT('',(0.088987524485767,0.00709832880996067,-0.00365311303209803));
#8999=CARTESIAN_POINT('',(0.0900623943851632,0.00660632407518342,-0.00267881253951712));
#9000=CARTESIAN_POINT('',(0.0899631042155793,0.00743434715468149,-0.00269969235397233));
#9001=CARTESIAN_POINT('',(0.090228734977875,0.00717369341746277,-0.00345920081095362));
#9002=CARTESIAN_POINT('',(0.0909960607027953,0.00676708930177224,-0.00226710908791146));
#9003=CARTESIAN_POINT('',(0.0908589709222092,0.0074704416390035,-0.00236290753428364));
#9004=CARTESIAN_POINT('',(0.0913661103124024,0.00735232144206993,-0.00290194563503045));
#9005=CARTESIAN_POINT('',(0.0915285463644393,0.0068999999820527,-0.00169138859463609));
#9006=CARTESIAN_POINT('',(0.0914975429482858,0.00752854474116995,-0.00175330057570096));
#9007=CARTESIAN_POINT('',(0.0920147746547566,0.0075,-0.00212268758863128));
#9008=CARTESIAN_POINT('',(0.0917589212508695,0.0069,-0.00123134328358206));
#9009=CARTESIAN_POINT('',(0.0917589212508695,0.0075,-0.00123134328358206));
#9010=CARTESIAN_POINT('',(0.0922954131601501,0.0075,-0.00149999999999996));
#9011=CARTESIAN_POINT('',(0.0863045868398499,0.0075,-0.00149999999999996));
#9012=CARTESIAN_POINT('',(0.0865715668923402,0.0075,-0.0020923818983163));
#9013=CARTESIAN_POINT('',(0.0873844848970865,0.00731435300792613,-0.00312184711394664));
#9014=CARTESIAN_POINT('',(0.0892983434549076,0.00704841395110868,-0.0037714923731853));
#9015=CARTESIAN_POINT('',(0.091211255926863,0.00731341885817414,-0.00312551345160423));
#9016=CARTESIAN_POINT('',(0.0920284119777024,0.0075,-0.00209242878198487));
#9017=CARTESIAN_POINT('',(0.0922954131601501,0.0075,-0.00149999999999996));
#9018=CARTESIAN_POINT('',(0.0968,0.0075,-0.00149999999999996));
#9019=CARTESIAN_POINT('',(0.0721298281849247,0.0075,-0.000478342267997572));
#9020=CARTESIAN_POINT('',(0.0721298281849247,0.0075,-0.000819016285948637));
#9021=CARTESIAN_POINT('',(0.0721640838611912,0.0075,-0.0011594454068433));
#9022=CARTESIAN_POINT('',(0.0721807887459096,0.0075,-0.00149999999999997));
#9023=CARTESIAN_POINT('',(0.0721807887459095,0.0075,-0.00149999999999997));
#9024=CARTESIAN_POINT('',(0.0968,0.0075,0.00149999999999996));
#9025=CARTESIAN_POINT('',(0.0968,0.0075,-0.00149999999999996));
#9026=CARTESIAN_POINT('',(0.0714379385165653,0.00636913693318764,-0.00325988256262545));
#9027=CARTESIAN_POINT('',(0.0714379385165653,0.00636913693318763,-0.00325988256262542));
#9028=CARTESIAN_POINT('',(0.0719124244937068,0.00681342002032593,-0.00363401568863663));
#9029=CARTESIAN_POINT('',(0.0720758816176584,0.00738585525463524,-0.00266477805674905));
#9030=CARTESIAN_POINT('',(0.0720225284870127,0.0073511950364679,-0.00283992303483737));
#9031=CARTESIAN_POINT('',(0.0719161200913141,0.00728902264507418,-0.00309124878648188));
#9032=CARTESIAN_POINT('',(0.0717050528531343,0.00719845429957155,-0.00338184507235978));
#9033=CARTESIAN_POINT('',(0.0714387070047598,0.00714631578539605,-0.00352988183163673));
#9034=CARTESIAN_POINT('',(0.0711724214771222,0.00719791440195513,-0.00338343711910229));
#9035=CARTESIAN_POINT('',(0.070960238952391,0.00728868840053564,-0.00309256845461783));
#9036=CARTESIAN_POINT('',(0.070853397112675,0.00735116348578836,-0.00284008246669745));
#9037=CARTESIAN_POINT('',(0.0707999954154709,0.00738585525463503,-0.00266477805674956));
#9038=CARTESIAN_POINT('',(0.0720758816176584,0.00738585525463525,-0.00266477805674906));
#9039=CARTESIAN_POINT('',(0.0707999954154722,0.00738585525463513,-0.00266477805674905));
#9040=CARTESIAN_POINT('',(0.0714379385165653,0.00708419634984407,-0.00241074950534596));
#9041=CARTESIAN_POINT('',(0.0714379385165653,0.00478946275549295,-0.000478342267997575));
#9042=CARTESIAN_POINT('',(0.0721807887459096,0.0075,-0.00149999999999997));
#9043=CARTESIAN_POINT('',(0.0722000854561578,0.0075,-0.0018933929158226));
#9044=CARTESIAN_POINT('',(0.0721888910516667,0.00745927047114241,-0.00229379636169922));
#9045=CARTESIAN_POINT('',(0.0720758816176585,0.00738585525463512,-0.00266477805674906));
#9046=CARTESIAN_POINT('',(0.0707999954154722,0.00738585525463513,-0.00266477805674904));
#9047=CARTESIAN_POINT('',(0.0706871906958435,0.0074591374809136,-0.00229446838778395));
#9048=CARTESIAN_POINT('',(0.070675787623058,0.00750000000000187,-0.00189347352238381));
#9049=CARTESIAN_POINT('',(0.0706950882872225,0.0075,-0.00149999999997154));
#9050=CARTESIAN_POINT('',(0.0706950882872225,0.0075,-0.00149999999997154));
#9051=CARTESIAN_POINT('',(0.0706950882872225,0.0075,-0.00149999999997154));
#9052=CARTESIAN_POINT('',(0.0707117930998056,0.0075,-0.00115944687742857));
#9053=CARTESIAN_POINT('',(0.070746048848206,0.0075,-0.000818927682892733));
#9054=CARTESIAN_POINT('',(0.070746048848206,0.0075,-0.000478342267997583));
#9055=CARTESIAN_POINT('',(0.0968,0.0075,-0.00149999999999996));
#9056=CARTESIAN_POINT('',(0.0968,0.0075,-0.00149999999999996));
#9057=CARTESIAN_POINT('',(0.0703154820675811,0.0075,-0.00149999999999996));
#9058=CARTESIAN_POINT('',(0.0703154820675811,0.0075,-0.00149999999999997));
#9059=CARTESIAN_POINT('',(0.0703154820675811,0.0075,0.00149999999999996));
#9060=CARTESIAN_POINT('',(0.0968,0.0075,0.00149999999999996));
#9061=CARTESIAN_POINT('',(0.0786038239694044,0.0124700706160049,0.00850005578053799));
#9062=CARTESIAN_POINT('',(0.060309577674433,0.0015,0.0015));
#9063=CARTESIAN_POINT('',(0.0692343190144905,0.00685168495883431,0.00421283396126386));
#9064=CARTESIAN_POINT('',(0.060309577674433,0.0015,-0.0015));
#9065=CARTESIAN_POINT('',(0.0694119960053707,0.00695822824601693,-0.00399153455010822));
#9066=CARTESIAN_POINT('',(0.0563055256505383,-0.000901013561534702,-0.00399153455010823));
#9067=CARTESIAN_POINT('',(0.060164846513419,0.00141321254611638,-0.00399153455010823));
#9068=CARTESIAN_POINT('',(0.060164846513419,0.00141321254611638,0.00850005578053797));
#9069=CARTESIAN_POINT('',(0.060164846513419,0.00141321254611638,0.00421283396126385));
#9070=CARTESIAN_POINT('',(0.0563055256505383,-0.000901013561534705,0.00421283396126385));
#9071=CARTESIAN_POINT('',(0.0587821274329779,0.00428739233755428,-0.00625000000000009));
#9072=CARTESIAN_POINT('',(0.0968,0.00516571957465375,-0.00625));
#9073=CARTESIAN_POINT('',(0.060168788545066,0.00516571957465371,-0.00625000000000007));
#9074=CARTESIAN_POINT('',(0.0613880900698108,0.00516571957465375,-0.0062500000000001));
#9075=CARTESIAN_POINT('',(0.0587821274329779,0.00428739233755428,-0.00625000000000009));
#9076=CARTESIAN_POINT('',(0.0564032542047697,0.00290773217500903,-0.00625000000000009));
#9077=CARTESIAN_POINT('',(0.0546515104339986,0.00185730612538336,-0.00625000000000007));
#9078=CARTESIAN_POINT('',(0.0587821274329779,0.00428739233755425,-0.0095));
#9079=CARTESIAN_POINT('',(0.0613880900698108,0.00516571957465375,-0.0062500000000001));
#9080=CARTESIAN_POINT('',(0.0615018930749941,0.00482807049929732,-0.00651057406839963));
#9081=CARTESIAN_POINT('',(0.0616114396480439,0.00407501169207077,-0.00697489792494136));
#9082=CARTESIAN_POINT('',(0.0612419799530038,0.0028385652239409,-0.0073886332100225));
#9083=CARTESIAN_POINT('',(0.0602966800782878,0.00186390643262008,-0.00750231457736766));
#9084=CARTESIAN_POINT('',(0.0590123403763507,0.00144025005306156,-0.00749810870861857));
#9085=CARTESIAN_POINT('',(0.0576752482204929,0.00165301856517595,-0.00750417776075062));
#9086=CARTESIAN_POINT('',(0.0565855642706469,0.00246122881531352,-0.00745334891075951));
#9087=CARTESIAN_POINT('',(0.0560087690848457,0.00365239420301932,-0.00715316756859827));
#9088=CARTESIAN_POINT('',(0.0560127066336167,0.00445594193483102,-0.00673931817683991));
#9089=CARTESIAN_POINT('',(0.0560836615734758,0.00481728100992009,-0.00649956465116949));
#9090=CARTESIAN_POINT('',(0.0560836615734758,0.00481728100992013,-0.00649956465116955));
#9091=CARTESIAN_POINT('',(0.0564032542047697,0.00290773217500903,-0.00625000000000009));
#9092=CARTESIAN_POINT('',(0.0560792508784557,0.00346639354665936,-0.0064401361097451));
#9093=CARTESIAN_POINT('',(0.0559553556674634,0.00416388129597456,-0.00650506291620219));
#9094=CARTESIAN_POINT('',(0.0560836615734758,0.00481728100992013,-0.00649956465116955));
#9095=CARTESIAN_POINT('',(0.0586727550701704,0.0124700706160049,0.00849999999999991));
#9096=CARTESIAN_POINT('',(0.0448523779470736,0.00418273750942792,0.00535));
#9097=CARTESIAN_POINT('',(0.0443335075068221,0.00387159895371271,0.00421277818072578));
#9098=CARTESIAN_POINT('',(0.0363744567513042,-0.000901013561534655,0.00421277818072577));
#9099=CARTESIAN_POINT('',(0.0493032972688569,0.00685171323429966,0.00421277818072579));
#9100=CARTESIAN_POINT('',(0.0403785087751989,0.0015,0.0015));
#9101=CARTESIAN_POINT('',(0.0496454084887584,0.00705685884020956,0.00376303332498327));
#9102=CARTESIAN_POINT('',(0.0510342328497774,0.00788966173724911,0.00376303332498327));
#9103=CARTESIAN_POINT('',(0.0480153863081463,0.0060794226485976,0.00376303332498325));
#9104=CARTESIAN_POINT('',(0.0480153863081463,0.00607942264859759,0.0084999999999999));
#9105=CARTESIAN_POINT('',(0.0480153863081463,0.0060794226485976,-0.00345818707292336));
#9106=CARTESIAN_POINT('',(0.0510342328497775,0.00788966173724911,-0.00345818707292336));
#9107=CARTESIAN_POINT('',(0.0498365297915534,0.00717146395452143,-0.00345818707292336));
#9108=CARTESIAN_POINT('',(0.0403785087751989,0.0015,-0.0015));
#9109=CARTESIAN_POINT('',(0.0494808846433106,0.00695820278335551,-0.00399159033064629));
#9110=CARTESIAN_POINT('',(0.0363744567513042,-0.000901013561534651,-0.00399159033064631));
#9111=CARTESIAN_POINT('',(0.0402337776141849,0.00141321254611643,-0.00399159033064631));
#9112=CARTESIAN_POINT('',(0.0402337776141849,0.00141321254611643,0.00849999999999989));
#9113=CARTESIAN_POINT('',(0.0402337776141849,0.00141321254611643,0.00421277818072577));
#9114=CARTESIAN_POINT('',(0.0363744567513042,-0.000901013561534655,0.00421277818072577));
#9115=CARTESIAN_POINT('',(0.0340821274329778,0.00428739233755422,-0.00950000000000014));
#9116=CARTESIAN_POINT('',(0.0367792306635084,0.00482417363739741,-0.00649498444726629));
#9117=CARTESIAN_POINT('',(0.0368505996252218,0.00446557422781866,-0.00673363317906771));
#9118=CARTESIAN_POINT('',(0.0368586440550234,0.00366635106597802,-0.00714799766332694));
#9119=CARTESIAN_POINT('',(0.0362857341097366,0.00246917468583185,-0.00745247016716857));
#9120=CARTESIAN_POINT('',(0.0351993846622029,0.00165744377557931,-0.00750412780560758));
#9121=CARTESIAN_POINT('',(0.0338609188168507,0.00143892703034621,-0.00749815548409646));
#9122=CARTESIAN_POINT('',(0.0325738411183286,0.00186060419995901,-0.00750220937628386));
#9123=CARTESIAN_POINT('',(0.0316283798173691,0.00282805502453822,-0.00739090608363921));
#9124=CARTESIAN_POINT('',(0.0312518081621347,0.00407062653757007,-0.00697764668594202));
#9125=CARTESIAN_POINT('',(0.0313621557172138,0.00482745908653003,-0.00651104591424153));
#9126=CARTESIAN_POINT('',(0.0314761647961447,0.00516571957465371,-0.00625000000000008));
#9127=CARTESIAN_POINT('',(0.0367792306635084,0.00482417363739741,-0.00649498444726629));
#9128=CARTESIAN_POINT('',(0.0340821274329778,0.00428739233755425,-0.00650000000000011));
#9129=CARTESIAN_POINT('',(0.0361197056920765,0.00244056401904484,-0.00650000000000011));
#9130=CARTESIAN_POINT('',(0.0361197056920765,0.00244056401904482,-0.00950000000000012));
#9131=CARTESIAN_POINT('',(0.0367792306635084,0.00482417363739741,-0.00649498444726628));
#9132=CARTESIAN_POINT('',(0.0369096429381373,0.0041689060874563,-0.00646953973954994));
#9133=CARTESIAN_POINT('',(0.0367932862383773,0.00347474629832914,-0.00634462823568356));
#9134=CARTESIAN_POINT('',(0.0364547915262339,0.00289708118512365,-0.00625000000000011));
#9135=CARTESIAN_POINT('',(0.0507899398144671,0.00436770967394678,-0.00625000000000012));
#9136=CARTESIAN_POINT('',(0.0968,0.00516571957465373,-0.00625));
#9137=CARTESIAN_POINT('',(0.0481582711046228,0.00516571957465373,-0.00625000000000013));
#9138=CARTESIAN_POINT('',(0.0534216085243114,0.00516571957465373,-0.00625000000000013));
#9139=CARTESIAN_POINT('',(0.0507899398144671,0.00436770967394678,-0.00625000000000012));
#9140=CARTESIAN_POINT('',(0.0534223064588467,0.00516341429851384,-0.00625000000000011));
#9141=CARTESIAN_POINT('',(0.0528682434302457,0.00483117264988456,-0.00625000000000012));
#9142=CARTESIAN_POINT('',(0.0498493968886146,0.00302093356123307,-0.00625000000000012));
#9143=CARTESIAN_POINT('',(0.050741030390491,0.00153400029898246,-0.00625000000000009));
#9144=CARTESIAN_POINT('',(0.0506897393998012,0.00161953575716116,-0.00625000000000009));
#9145=CARTESIAN_POINT('',(0.0507899398144671,0.00436770967394678,-0.00625000000000012));
#9146=CARTESIAN_POINT('',(0.0507899398144671,0.00436770967394674,-0.00950000000000012));
#9147=CARTESIAN_POINT('',(0.0534216085243114,0.00516571957465373,-0.00625000000000013));
#9148=CARTESIAN_POINT('',(0.0535272717824224,0.00481726438643543,-0.00651891347459832));
#9149=CARTESIAN_POINT('',(0.0536135335300456,0.00403920502777557,-0.00699426991196762));
#9150=CARTESIAN_POINT('',(0.053172280139113,0.0027832652011832,-0.00740033160424147));
#9151=CARTESIAN_POINT('',(0.0521398973590441,0.00184268178188387,-0.00750085099467105));
#9152=CARTESIAN_POINT('',(0.050795017042607,0.0015054869383883,-0.00749789627452376));
#9153=CARTESIAN_POINT('',(0.0494420783314181,0.00184164371985243,-0.0075006351583631));
#9154=CARTESIAN_POINT('',(0.0484145566546141,0.00277379760485896,-0.00740220126689253));
#9155=CARTESIAN_POINT('',(0.0479652876845859,0.00403522339277192,-0.00699677430519393));
#9156=CARTESIAN_POINT('',(0.0480524712154482,0.00481681380594204,-0.00651926120127921));
#9157=CARTESIAN_POINT('',(0.0481582711046228,0.0051657195746537,-0.00625000000000007));
#9158=CARTESIAN_POINT('',(0.0506897393998012,0.00161953575716113,-0.0095));
#9159=CARTESIAN_POINT('',(0.0507899398144671,0.00436770967394677,-0.00649994421946204));
#9160=CARTESIAN_POINT('',(0.0531703756330157,0.00299074732378218,-0.00649994421946204));
#9161=CARTESIAN_POINT('',(0.0534223064588467,0.00516341429851385,-0.00625000000000011));
#9162=CARTESIAN_POINT('',(0.0536349521350316,0.00445993543490256,-0.00645984351568546));
#9163=CARTESIAN_POINT('',(0.053548013593076,0.00364359228099091,-0.00649994421946204));
#9164=CARTESIAN_POINT('',(0.0531703756330157,0.00299074732378217,-0.00649994421946204));
#9165=CARTESIAN_POINT('',(0.026089939814467,0.00436770967394675,-0.00625000000000012));
#9166=CARTESIAN_POINT('',(0.0968,0.00516571957465379,-0.00625));
#9167=CARTESIAN_POINT('',(0.0234582711046227,0.00516571957465379,-0.00625000000000013));
#9168=CARTESIAN_POINT('',(0.0287216085243113,0.00516571957465379,-0.00625000000000013));
#9169=CARTESIAN_POINT('',(0.026089939814467,0.00436770967394675,-0.00625000000000012));
#9170=CARTESIAN_POINT('',(0.0265218726184879,0.00165184258352964,-0.00625000000000012));
#9171=CARTESIAN_POINT('',(0.0265218726184879,0.00410000000000027,-0.00625000000000011));
#9172=CARTESIAN_POINT('',(0.0247869374611983,0.00410000000000027,-0.00625000000000012));
#9173=CARTESIAN_POINT('',(0.0247869374611983,0.00194599852945074,-0.00625000000000012));
#9174=CARTESIAN_POINT('',(0.026089939814467,0.00436770967394675,-0.00625000000000012));
#9175=CARTESIAN_POINT('',(0.026089939814467,0.00436770967394672,-0.00950000000000012));
#9176=CARTESIAN_POINT('',(0.0287216085243113,0.00516571957465379,-0.00625000000000013));
#9177=CARTESIAN_POINT('',(0.0288272717824223,0.00481726438643549,-0.00651891347459833));
#9178=CARTESIAN_POINT('',(0.0289135335300455,0.00403920502777559,-0.0069942699119676));
#9179=CARTESIAN_POINT('',(0.0284722801391129,0.00278326520118318,-0.00740033160424148));
#9180=CARTESIAN_POINT('',(0.027439897359044,0.00184268178188385,-0.00750085099467105));
#9181=CARTESIAN_POINT('',(0.0260950170426069,0.00150548693838828,-0.00749789627452376));
#9182=CARTESIAN_POINT('',(0.024742078331418,0.00184164371985243,-0.0075006351583631));
#9183=CARTESIAN_POINT('',(0.023714556654614,0.00277379760485897,-0.00740220126689253));
#9184=CARTESIAN_POINT('',(0.0232652876845858,0.00403522339277198,-0.00699677430519392));
#9185=CARTESIAN_POINT('',(0.0233524712154481,0.00481681380594208,-0.00651926120127914));
#9186=CARTESIAN_POINT('',(0.0234582711046227,0.00516571957465374,-0.00625));
#9187=CARTESIAN_POINT('',(0.0247869374611983,0.00194599852945074,-0.00625000000000012));
#9188=CARTESIAN_POINT('',(0.0250087508148896,0.00182665179294871,-0.0064637954364864));
#9189=CARTESIAN_POINT('',(0.0256173251958978,0.00159175253246938,-0.0067285964113288));
#9190=CARTESIAN_POINT('',(0.0262850964425535,0.00161418558700077,-0.00647821739557632));
#9191=CARTESIAN_POINT('',(0.0265218726184879,0.00165184258352964,-0.00625000000000012));
#9192=CARTESIAN_POINT('',(0.0758,-0.0025,-0.009));
#9193=CARTESIAN_POINT('',(0.0758,-0.0025,-0.009));
#9194=CARTESIAN_POINT('',(0.0743,-0.0025,-0.009));
#9195=CARTESIAN_POINT('',(0.0758,-0.0025,-0.009));
#9196=CARTESIAN_POINT('',(0.0758,-0.004,-0.009));
#9197=CARTESIAN_POINT('',(0.0758,-0.0025,-0.009));
#9198=CARTESIAN_POINT('',(0.076437922924679,0.00637868817871849,-0.00326792571675667));
#9199=CARTESIAN_POINT('',(0.072778946375566,0.00482924469345955,-0.00625));
#9200=CARTESIAN_POINT('',(0.0730162369356972,0.00480436328218843,-0.00625));
#9201=CARTESIAN_POINT('',(0.0734742167441375,0.00463446797086386,-0.00625));
#9202=CARTESIAN_POINT('',(0.0739927138401994,0.0043453210062342,-0.00625));
#9203=CARTESIAN_POINT('',(0.0744011152416453,0.00409300376700901,-0.00625));
#9204=CARTESIAN_POINT('',(0.0747021569447966,0.00389766307031389,-0.00625));
#9205=CARTESIAN_POINT('',(0.0750010873721154,0.00369641217145242,-0.00625));
#9206=CARTESIAN_POINT('',(0.0752356103016266,0.00351512052189125,-0.00625));
#9207=CARTESIAN_POINT('',(0.0754157065715486,0.00334398933011787,-0.00625));
#9208=CARTESIAN_POINT('',(0.0754254853541433,0.00314566710288495,-0.00625));
#9209=CARTESIAN_POINT('',(0.0752540009804632,0.00304505782322682,-0.00625));
#9210=CARTESIAN_POINT('',(0.0750384809535682,0.0029608766728227,-0.00625));
#9211=CARTESIAN_POINT('',(0.0747423265545118,0.00290123742166393,-0.00625));
#9212=CARTESIAN_POINT('',(0.074273744962756,0.00286532870643078,-0.00625));
#9213=CARTESIAN_POINT('',(0.0736791593465063,0.00291759062683667,-0.00625));
#9214=CARTESIAN_POINT('',(0.0732276134214094,0.00306491607936211,-0.00625));
#9215=CARTESIAN_POINT('',(0.0730149416979952,0.00316900857551772,-0.00625));
#9216=CARTESIAN_POINT('',(0.072778946375566,0.00482924469345931,-0.00625));
#9217=CARTESIAN_POINT('',(0.0730149416979952,0.00316900857551773,-0.00625));
#9218=CARTESIAN_POINT('',(0.0730149416979808,0.00316900857551292,-0.00624999999999979));
#9219=CARTESIAN_POINT('',(0.07301802638618,0.00316263951696035,-0.00643484248210129));
#9220=CARTESIAN_POINT('',(0.0729133284052208,0.00336409755024025,-0.00677780336050364));
#9221=CARTESIAN_POINT('',(0.0727010222873847,0.00411549841677861,-0.00685655188843819));
#9222=CARTESIAN_POINT('',(0.07274313407658,0.00461888815824864,-0.00654920371986369));
#9223=CARTESIAN_POINT('',(0.072778946375566,0.0048292446934596,-0.00625000000000024));
#9224=CARTESIAN_POINT('',(0.,0.,-0.0065));
#9225=CARTESIAN_POINT('',(0.0968,0.00481662479035541,-0.0065));
#9226=CARTESIAN_POINT('',(0.0727768280920603,0.00481662479035541,-0.0065));
#9227=CARTESIAN_POINT('',(0.0643346220374522,0.00481662479035541,-0.0065));
#9228=CARTESIAN_POINT('',(0.0754899398144671,0.00436770967394792,-0.0065));
#9229=CARTESIAN_POINT('',(0.0728136160404104,0.005,-0.0065));
#9230=CARTESIAN_POINT('',(0.,0.005,-0.0065));
#9231=CARTESIAN_POINT('',(0.0643346220374522,0.005,-0.0065));
#9232=CARTESIAN_POINT('',(0.0643346220374522,0.,-0.0065));
#9233=CARTESIAN_POINT('',(0.0758,0.004,-0.009));
#9234=CARTESIAN_POINT('',(0.0743,0.004,-0.009));
#9235=CARTESIAN_POINT('',(0.0743,0.00188848736888004,-0.009));
#9236=CARTESIAN_POINT('',(0.0743,0.00188848736888004,-0.009));
#9237=CARTESIAN_POINT('',(0.0743,0.00188848736888004,-0.00908479469368644));
#9238=CARTESIAN_POINT('',(0.0743071352027939,0.00188502821967088,-0.00916809275434788));
#9239=CARTESIAN_POINT('',(0.0743209800542251,0.00187852645872752,-0.00925));
#9240=CARTESIAN_POINT('',(0.0743209800542251,0.0018785264587275,-0.00925));
#9241=CARTESIAN_POINT('',(0.0743209800542251,0.004,-0.00925));
#9242=CARTESIAN_POINT('',(0.0794899398740717,0.0103677097633549,-0.00925));
#9243=CARTESIAN_POINT('',(0.0754899398144671,0.00436770967394792,-0.00925));
#9244=CARTESIAN_POINT('',(0.0782123321989724,0.00397901994577487,-0.00925));
#9245=CARTESIAN_POINT('',(-2.60911224495129E-18,0.00397901994577487,-0.00925000000000016));
#9246=CARTESIAN_POINT('',(0.0807494718622943,0.00397901994577487,-0.00925));
#9247=CARTESIAN_POINT('',(0.0834821274329778,0.00428739233755543,-0.00925));
#9248=CARTESIAN_POINT('',(0.0841719008134572,0.00162530430678295,-0.00925));
#9249=CARTESIAN_POINT('',(0.0881145066679881,0.0013792747690997,-0.00925));
#9250=CARTESIAN_POINT('',(-3.00462919747432E-18,0.0025,-0.009));
#9251=CARTESIAN_POINT('',(0.0782123321989725,0.00397901994577491,-0.00925000000000001));
#9252=CARTESIAN_POINT('',(0.0782143141604155,0.00399290165230818,-0.00916787471662357));
#9253=CARTESIAN_POINT('',(0.0782152452277529,0.004,-0.00908455836284927));
#9254=CARTESIAN_POINT('',(0.0782152452277529,0.004,-0.009));
#9255=CARTESIAN_POINT('',(0.0782152452277529,0.004,-0.009));
#9256=CARTESIAN_POINT('',(0.0758,0.004,-0.009));
#9257=CARTESIAN_POINT('',(0.0807471858167245,0.004,-0.009));
#9258=CARTESIAN_POINT('',(0.0807471858167245,0.004,-0.009));
#9259=CARTESIAN_POINT('',(0.0807471858167245,0.004,-0.0090845490217297));
#9260=CARTESIAN_POINT('',(0.0807479051753547,0.00399290321129162,-0.00916786549355318));
#9261=CARTESIAN_POINT('',(0.0807494718622943,0.00397901994577491,-0.00925));
#9262=CARTESIAN_POINT('',(0.,0.004,0.));
#9263=CARTESIAN_POINT('',(0.0782152452277529,0.004,-0.0095));
#9264=CARTESIAN_POINT('',(0.0782152452277529,0.004,-0.0075));
#9265=CARTESIAN_POINT('',(0.,0.004,-0.0075));
#9266=CARTESIAN_POINT('',(0.0807471858167245,0.004,-0.0075));
#9267=CARTESIAN_POINT('',(0.0807471858167245,0.004,-0.0095));
#9268=CARTESIAN_POINT('',(0.0968,-0.00149999999999996,-0.0075));
#9269=CARTESIAN_POINT('',(0.0754899398144671,0.00436770967394792,-0.0075));
#9270=CARTESIAN_POINT('',(0.0781662635885237,0.005,-0.0075));
#9271=CARTESIAN_POINT('',(0.,0.005,-0.0075));
#9272=CARTESIAN_POINT('',(0.0808260607321163,0.005,-0.0075));
#9273=CARTESIAN_POINT('',(0.0834821274329778,0.00428739233755543,-0.0075));
#9274=CARTESIAN_POINT('',(0.,0.005,-0.0065));
#9275=CARTESIAN_POINT('',(0.0781662635885237,0.005,-0.0095));
#9276=CARTESIAN_POINT('',(0.0781662635885237,0.005,-0.0065));
#9277=CARTESIAN_POINT('',(0.,0.005,-0.0065));
#9278=CARTESIAN_POINT('',(0.0808260607321163,0.005,-0.0065));
#9279=CARTESIAN_POINT('',(0.0808260607321163,0.005,-0.0095));
#9280=CARTESIAN_POINT('',(0.,0.,-0.0065));
#9281=CARTESIAN_POINT('',(0.0754899398144671,0.00436770967394792,-0.0065));
#9282=CARTESIAN_POINT('',(0.0782030515368738,0.00481662479035541,-0.0065));
#9283=CARTESIAN_POINT('',(0.0968,0.00481662479035541,-0.0065));
#9284=CARTESIAN_POINT('',(0.0807835327967082,0.00481662479035541,-0.0065));
#9285=CARTESIAN_POINT('',(0.0834821274329778,0.00428739233755543,-0.0065));
#9286=CARTESIAN_POINT('',(0.0754899398144671,0.00436770967394792,-0.00625));
#9287=CARTESIAN_POINT('',(0.0968,0.0051657195746538,-0.00625));
#9288=CARTESIAN_POINT('',(0.0728582711046224,0.0051657195746538,-0.00625));
#9289=CARTESIAN_POINT('',(0.0781216085243117,0.0051657195746538,-0.00625));
#9290=CARTESIAN_POINT('',(0.0754899398144671,0.00436770967394792,-0.00625));
#9291=CARTESIAN_POINT('',(0.0754899398144671,0.00436770967394792,-0.00625));
#9292=CARTESIAN_POINT('',(0.0956186088716908,0.000289462755492958,-0.010573245648638));
#9293=CARTESIAN_POINT('',(0.0841719008134569,0.00162530430678267,-0.00925000000000129));
#9294=CARTESIAN_POINT('',(0.083739204247751,0.00151318834014349,-0.00909416813350635));
#9295=CARTESIAN_POINT('',(0.0830523997745583,0.0015000855778269,-0.00882897061251924));
#9296=CARTESIAN_POINT('',(0.0821563533237402,0.00184293856019954,-0.00887799103204945));
#9297=CARTESIAN_POINT('',(0.0815776220846003,0.00225992959633898,-0.00889287647755417));
#9298=CARTESIAN_POINT('',(0.0811292056380426,0.00281530201324825,-0.00872455796918916));
#9299=CARTESIAN_POINT('',(0.0809568310768249,0.0031986365670429,-0.00823320390854148));
#9300=CARTESIAN_POINT('',(0.0809686560659916,0.00316995589800506,-0.00773646063992194));
#9301=CARTESIAN_POINT('',(0.0810660202437414,0.0029624937935377,-0.00744197356314718));
#9302=CARTESIAN_POINT('',(0.0812486588070886,0.00266934667744276,-0.00731144119012468));
#9303=CARTESIAN_POINT('',(0.0815552632673439,0.0023002337442929,-0.00730773204963226));
#9304=CARTESIAN_POINT('',(0.0820037497798748,0.00193692754858315,-0.00747312553943078));
#9305=CARTESIAN_POINT('',(0.0825995369255069,0.00165430519881475,-0.00773586939758114));
#9306=CARTESIAN_POINT('',(0.0832823800950853,0.00151384394086451,-0.0079067996190862));
#9307=CARTESIAN_POINT('',(0.0840005857072482,0.00155571962795214,-0.00788161248242686));
#9308=CARTESIAN_POINT('',(0.0846753007241371,0.00177523132106024,-0.00785774044660728));
#9309=CARTESIAN_POINT('',(0.0852775556242873,0.00216702492936473,-0.00800278917223371));
#9310=CARTESIAN_POINT('',(0.0856400030066775,0.00258019890159903,-0.00855633584137861));
#9311=CARTESIAN_POINT('',(0.0855613038642738,0.00247856134325567,-0.00909242261666105));
#9312=CARTESIAN_POINT('',(0.0854346588346511,0.00235086939023919,-0.00925000000000096));
#9313=CARTESIAN_POINT('',(0.0941852301505935,0.000497630675904448,-0.0103204889424985));
#9314=CARTESIAN_POINT('',(0.0780937872380004,0.00343753791807243,-0.00807677041905843));
#9315=CARTESIAN_POINT('',(0.0778076555660361,0.00283470851129723,-0.00827213791686188));
#9316=CARTESIAN_POINT('',(0.0774793056282319,0.00245792381488354,-0.00802889644592967));
#9317=CARTESIAN_POINT('',(0.0772701402045304,0.00226927852123533,-0.00771838375985191));
#9318=CARTESIAN_POINT('',(0.0771720444884442,0.00219229609578037,-0.0074167228264262));
#9319=CARTESIAN_POINT('',(0.0772135000354928,0.00222358768466401,-0.0070917538750121));
#9320=CARTESIAN_POINT('',(0.0774338621196244,0.00240952649970994,-0.00676551987035549));
#9321=CARTESIAN_POINT('',(0.0777869816840576,0.00280500856797177,-0.00659845314565073));
#9322=CARTESIAN_POINT('',(0.078071582126534,0.00337594459671407,-0.00681228335105291));
#9323=CARTESIAN_POINT('',(0.0781486718678098,0.00367653971183528,-0.00742214972628414));
#9324=CARTESIAN_POINT('',(0.0780937872380004,0.00343753791807243,-0.00807677041905843));
#9325=CARTESIAN_POINT('',(0.0778076555660361,0.00283470851129723,-0.00827213791686188));
#9326=CARTESIAN_POINT('',(0.0774793056282319,0.00245792381488354,-0.00802889644592967));
#9327=CARTESIAN_POINT('',(0.0777896741904693,0.00285982313981036,-0.00819092837304153));
#9328=CARTESIAN_POINT('',(0.0968,0.0075,-0.00149999999999996));
#9329=CARTESIAN_POINT('',(0.0968,0.0075,-0.00149999999999996));
#9330=CARTESIAN_POINT('',(0.006,0.0075,-0.00149999999999996));
#9331=CARTESIAN_POINT('',(0.006,0.0075,0.00149999999999996));
#9332=CARTESIAN_POINT('',(0.006,0.0075,0.00149999999999996));
#9333=CARTESIAN_POINT('',(0.0968,0.0075,0.00149999999999996));
#9334=CARTESIAN_POINT('',(0.006,0.0015,0.0015));
#9335=CARTESIAN_POINT('',(0.006,0.0015,0.0015));
#9336=CARTESIAN_POINT('',(0.,0.0015,0.0015));
#9337=CARTESIAN_POINT('',(0.006,0.00149999999999996,0.0075));
#9338=CARTESIAN_POINT('',(0.006,0.0015,0.0015));
#9339=CARTESIAN_POINT('',(0.006,0.0015,0.0015));
#9340=CARTESIAN_POINT('',(0.0177570599965347,0.00565846549528521,0.00446277818072788));
#9341=CARTESIAN_POINT('',(0.0203027087149509,0.00141321254611646,0.00446277818072788));
#9342=CARTESIAN_POINT('',(0.0203027087149509,0.00141321254611646,0.00446277818072788));
#9343=CARTESIAN_POINT('',(0.0177570599965347,0.00565846549528521,0.00446277818072788));
#9344=CARTESIAN_POINT('',(0.0203027087149509,0.00141321254611646,2.00202077138556E-15));
#9345=CARTESIAN_POINT('',(0.0164433878520702,-0.000901013561534625,0.00421277818072788));
#9346=CARTESIAN_POINT('',(0.0203027087149509,0.00141321254611646,2.00202077138556E-15));
#9347=CARTESIAN_POINT('',(0.013897739133654,0.00334423938763413,1.99550098667345E-15));
#9348=CARTESIAN_POINT('',(0.0151841794212809,0.00411564809018449,1.99712468784696E-15));
#9349=CARTESIAN_POINT('',(0.0151841794212809,0.00411564809018449,0.00650000000000199));
#9350=CARTESIAN_POINT('',(0.0151841794212809,0.00411564809018449,0.00650000000000199));
#9351=CARTESIAN_POINT('',(0.0108788925920229,0.00153400029898265,0.00650000000000199));
#9352=CARTESIAN_POINT('',(0.0108788925920229,0.00153400029898259,1.94658789087754E-15));
#9353=CARTESIAN_POINT('',(0.00953040529265229,0.00719673119450294,0.00338341543414543));
#9354=CARTESIAN_POINT('',(0.0100054692378555,0.00694902345555629,0.00413265236721615));
#9355=CARTESIAN_POINT('',(0.0108222371892369,0.00636751748643501,0.00510385654377059));
#9356=CARTESIAN_POINT('',(0.0122440277468786,0.00557817038678601,0.00592101218699056));
#9357=CARTESIAN_POINT('',(0.0139195204403518,0.00496076928203518,0.00641770244415023));
#9358=CARTESIAN_POINT('',(0.016219773143367,0.00473872007205668,0.00654664937983101));
#9359=CARTESIAN_POINT('',(0.01891936226138,0.00494353551368902,0.00641893779887931));
#9360=CARTESIAN_POINT('',(0.0216128722001769,0.00533633965883597,0.0061256962096445));
#9361=CARTESIAN_POINT('',(0.0251228498644545,0.00597557368698789,0.00553915370969057));
#9362=CARTESIAN_POINT('',(0.0277009639579865,0.0065128787162621,0.00488122397821159));
#9363=CARTESIAN_POINT('',(0.029372228369621,0.00685171323429859,0.00421277818072789));
#9364=CARTESIAN_POINT('',(0.0151841794212809,0.00411564809018449,1.99712468784696E-15));
#9365=CARTESIAN_POINT('',(0.0151841794212809,0.00411564809018449,0.00650000000000199));
#9366=CARTESIAN_POINT('',(0.0151841794212809,0.00411564809018449,0.00650000000000199));
#9367=CARTESIAN_POINT('',(0.0108788925920229,0.00153400029898265,0.00650000000000199));
#9368=CARTESIAN_POINT('',(0.00988927925494693,0.00127872506892424,4.80605380082005E-5));
#9369=CARTESIAN_POINT('',(0.00988927925494693,0.00127872506892424,4.80605380082005E-5));
#9370=CARTESIAN_POINT('',(0.00988927925494693,0.00127872506892424,4.80605380082005E-5));
#9371=CARTESIAN_POINT('',(0.0107297535761965,0.00178271208792381,4.80605380082015E-5));
#9372=CARTESIAN_POINT('',(0.0108788925920229,0.00153400029898259,1.94658789087754E-15));
#9373=CARTESIAN_POINT('',(0.0108788925920229,0.00153400029898262,-0.000361724532968608));
#9374=CARTESIAN_POINT('',(0.0108788925920229,0.00153400029898261,-0.00649999999999801));
#9375=CARTESIAN_POINT('',(0.0108788925920229,0.00153400029898262,-0.000361724532968608));
#9376=CARTESIAN_POINT('',(0.0165153188453242,-0.0078655900692779,-0.006499999999998));
#9377=CARTESIAN_POINT('',(0.0151841794212809,0.00411564809018449,-0.006499999999998));
#9378=CARTESIAN_POINT('',(0.0151841794212809,0.00411564809018449,-0.006499999999998));
#9379=CARTESIAN_POINT('',(0.0151841794212809,0.00411564809018449,-0.006499999999998));
#9380=CARTESIAN_POINT('',(0.0151841794212809,0.00411564809018449,-0.006499999999998));
#9381=CARTESIAN_POINT('',(0.0151841794212809,0.00411564809018449,1.99712468784696E-15));
#9382=CARTESIAN_POINT('',(0.0151841794212809,0.00411564809018449,-0.000361724532968594));
#9383=CARTESIAN_POINT('',(0.013897739133654,0.00334423938763413,-0.000361724532968596));
#9384=CARTESIAN_POINT('',(0.0164433878520702,-0.000901013561534622,-0.0039915903306442));
#9385=CARTESIAN_POINT('',(0.0295498157440781,0.00695820278335648,-0.00399159033064418));
#9386=CARTESIAN_POINT('',(0.0287150785815249,0.00678398418335733,-0.00437324233648656));
#9387=CARTESIAN_POINT('',(0.0270067759569133,0.00642068543771453,-0.00497401784931343));
#9388=CARTESIAN_POINT('',(0.0243804996097198,0.0058790533486007,-0.00562551397588183));
#9389=CARTESIAN_POINT('',(0.0216983159598797,0.00537247474663892,-0.00609661152763848));
#9390=CARTESIAN_POINT('',(0.0189689918528134,0.0049538741414668,-0.00641149274396699));
#9391=CARTESIAN_POINT('',(0.0166523948924491,0.00477129883862327,-0.0065295173666872));
#9392=CARTESIAN_POINT('',(0.0148234698099193,0.00487317245812598,-0.00646297075185108));
#9393=CARTESIAN_POINT('',(0.0134544305525939,0.00515218895210606,-0.00626864829479892));
#9394=CARTESIAN_POINT('',(0.0122196666429602,0.0056678424502702,-0.00584178872528217));
#9395=CARTESIAN_POINT('',(0.010852787037429,0.00653187787840877,-0.00489616670766947));
#9396=CARTESIAN_POINT('',(0.010129649569366,0.00710427219498051,-0.00380402098170503));
#9397=CARTESIAN_POINT('',(0.00972530552224247,0.0073136023269457,-0.00298392317325791));
#9398=CARTESIAN_POINT('',(0.0203027087149509,0.00141321254611646,2.00202077138556E-15));
#9399=CARTESIAN_POINT('',(0.0203027087149509,0.00141321254611646,-0.0042415903306442));
#9400=CARTESIAN_POINT('',(0.0203027087149509,0.00141321254611646,-0.0042415903306442));
#9401=CARTESIAN_POINT('',(0.0203027087149509,0.00141321254611646,2.00202077138556E-15));
#9402=CARTESIAN_POINT('',(0.0177570599965347,0.00565846549528521,-0.0042415903306442));
#9403=CARTESIAN_POINT('',(0.0177570599965347,0.00565846549528521,-0.0042415903306442));
#9404=CARTESIAN_POINT('',(0.0177570599965347,0.00565846549528521,2.00037209019399E-15));
#9405=CARTESIAN_POINT('',(0.0376881288957687,0.00565846549528518,0.00446277818072577));
#9406=CARTESIAN_POINT('',(0.0402337776141849,0.00141321254611643,0.00446277818072578));
#9407=CARTESIAN_POINT('',(0.0402337776141849,0.00141321254611643,0.00446277818072578));
#9408=CARTESIAN_POINT('',(0.0376881288957687,0.00565846549528518,0.00446277818072577));
#9409=CARTESIAN_POINT('',(0.0402337776141849,0.00141321254611643,-1.07402975402238E-16));
#9410=CARTESIAN_POINT('',(0.0363744567513042,-0.000901013561534655,0.00421277818072577));
#9411=CARTESIAN_POINT('',(0.0402337776141849,0.00141321254611643,-1.07402975402238E-16));
#9412=CARTESIAN_POINT('',(0.033828808032888,0.0033442393876341,-1.13922760114349E-16));
#9413=CARTESIAN_POINT('',(0.0443335075068221,0.00387159895371271,0.00421277818072578));
#9414=CARTESIAN_POINT('',(0.0440819732621173,0.00383465491819293,0.00432754355198081));
#9415=CARTESIAN_POINT('',(0.0438807257349628,0.00393056684964123,0.00453325625014515));
#9416=CARTESIAN_POINT('',(0.043770277960694,0.00410000000000028,0.00472425275112278));
#9417=CARTESIAN_POINT('',(0.0351152483205149,0.00411564809018446,-1.12299058940835E-16));
#9418=CARTESIAN_POINT('',(0.0351152483205149,0.00411564809018446,0.00649999999999989));
#9419=CARTESIAN_POINT('',(0.0351152483205149,0.00411564809018446,0.00649999999999989));
#9420=CARTESIAN_POINT('',(0.0308099614912569,0.00153400029898262,0.00649999999999988));
#9421=CARTESIAN_POINT('',(0.0308099614912569,0.00153400029898256,-1.62835855910259E-16));
#9422=CARTESIAN_POINT('',(0.0297143774724177,0.007056881556533,0.00376297754444523));
#9423=CARTESIAN_POINT('',(0.0302010178023543,0.00677435456234381,0.00445674008180947));
#9424=CARTESIAN_POINT('',(0.0310516441056882,0.00616830335098388,0.00534445904998009));
#9425=CARTESIAN_POINT('',(0.0325126317170428,0.00543038425078191,0.0060479187924842));
#9426=CARTESIAN_POINT('',(0.0341963724241012,0.00490037961052387,0.00645424341800178));
#9427=CARTESIAN_POINT('',(0.036445010151435,0.00475015689054519,0.0065404544652642));
#9428=CARTESIAN_POINT('',(0.0390852288419391,0.00497283353833779,0.00639843666744894));
#9429=CARTESIAN_POINT('',(0.0417163388960515,0.00536633474338527,0.00610055994984076));
#9430=CARTESIAN_POINT('',(0.0451472940914219,0.00599506784380107,0.00551645829391714));
#9431=CARTESIAN_POINT('',(0.0476682771979987,0.00652022694533652,0.00486672754239394));
#9432=CARTESIAN_POINT('',(0.0493032972688569,0.00685171323429966,0.00421277818072578));
#9433=CARTESIAN_POINT('',(0.0351152483205149,0.00411564809018446,-1.12299058940835E-16));
#9434=CARTESIAN_POINT('',(0.0351152483205149,0.00411564809018446,0.00649999999999989));
#9435=CARTESIAN_POINT('',(0.0351152483205149,0.00411564809018446,0.00649999999999989));
#9436=CARTESIAN_POINT('',(0.0308099614912569,0.00153400029898262,0.00649999999999988));
#9437=CARTESIAN_POINT('',(0.029820348154181,0.00127872506892421,4.8060538006091E-5));
#9438=CARTESIAN_POINT('',(0.029820348154181,0.00127872506892421,4.8060538006091E-5));
#9439=CARTESIAN_POINT('',(0.029820348154181,0.00127872506892421,4.8060538006091E-5));
#9440=CARTESIAN_POINT('',(0.0306608224754305,0.00178271208792378,4.80605380060921E-5));
#9441=CARTESIAN_POINT('',(0.0308099614912569,0.00153400029898256,-1.62835855910259E-16));
#9442=CARTESIAN_POINT('',(0.0364463877445582,-0.00786559006927793,-0.00650000000000011));
#9443=CARTESIAN_POINT('',(0.0351152483205149,0.00411564809018446,-0.00650000000000011));
#9444=CARTESIAN_POINT('',(0.0351152483205149,0.00411564809018446,-0.00650000000000011));
#9445=CARTESIAN_POINT('',(0.0351152483205149,0.00411564809018446,-1.12299058940835E-16));
#9446=CARTESIAN_POINT('',(0.0351152483205149,0.00411564809018446,-0.000361724532970704));
#9447=CARTESIAN_POINT('',(0.033828808032888,0.0033442393876341,-0.000361724532970705));
#9448=CARTESIAN_POINT('',(0.0439741790362584,0.00410000000000028,-0.00446046828440859));
#9449=CARTESIAN_POINT('',(0.0441077914940076,0.00404215202741711,-0.00432855807501412));
#9450=CARTESIAN_POINT('',(0.0442817705602268,0.00404676487732396,-0.00422190334386065));
#9451=CARTESIAN_POINT('',(0.0444612124054891,0.0041000000000003,-0.00416278076200018));
#9452=CARTESIAN_POINT('',(0.0494808846433106,0.00695820278335552,-0.00399159033064629));
#9453=CARTESIAN_POINT('',(0.0484866501118271,0.00675069537154201,-0.00444616647777463));
#9454=CARTESIAN_POINT('',(0.0464442181608268,0.00631528824208162,-0.00512952308124495));
#9455=CARTESIAN_POINT('',(0.0432972259190715,0.00567583999967057,-0.00583617805721777));
#9456=CARTESIAN_POINT('',(0.0400723394137491,0.00510804056617586,-0.00630656199328817));
#9457=CARTESIAN_POINT('',(0.0378773134692905,0.00485679694162065,-0.00647327356327684));
#9458=CARTESIAN_POINT('',(0.0367792306635084,0.00482417363739741,-0.00649498444726628));
#9459=CARTESIAN_POINT('',(0.0363744567513042,-0.000901013561534651,-0.00399159033064631));
#9460=CARTESIAN_POINT('',(0.0402337776141849,0.00141321254611643,-1.07402975402238E-16));
#9461=CARTESIAN_POINT('',(0.0402337776141849,0.00141321254611643,-0.00424159033064631));
#9462=CARTESIAN_POINT('',(0.0402337776141849,0.00141321254611643,-0.00424159033064631));
#9463=CARTESIAN_POINT('',(0.0402337776141849,0.00141321254611643,-1.07402975402238E-16));
#9464=CARTESIAN_POINT('',(0.0376881288957687,0.00565846549528518,-0.00424159033064631));
#9465=CARTESIAN_POINT('',(0.0376881288957687,0.00565846549528518,-0.00424159033064631));
#9466=CARTESIAN_POINT('',(0.0376881288957687,0.00565846549528518,-1.09051656593806E-16));
#9467=CARTESIAN_POINT('',(0.0576191977950028,0.00565846549528513,0.00446283396126385));
#9468=CARTESIAN_POINT('',(0.060164846513419,0.00141321254611638,0.00446283396126385));
#9469=CARTESIAN_POINT('',(0.060164846513419,0.00141321254611638,0.00446283396126385));
#9470=CARTESIAN_POINT('',(0.0576191977950028,0.00565846549528513,0.00446283396126385));
#9471=CARTESIAN_POINT('',(0.060164846513419,0.00141321254611638,5.57805379700182E-8));
#9472=CARTESIAN_POINT('',(0.0563055256505383,-0.000901013561534705,0.00421283396126385));
#9473=CARTESIAN_POINT('',(0.060164846513419,0.00141321254611638,5.57805379700182E-8));
#9474=CARTESIAN_POINT('',(0.0537598769321221,0.00334423938763405,5.57805379634985E-8));
#9475=CARTESIAN_POINT('',(0.055046317219749,0.00411564809018441,5.57805379651222E-8));
#9476=CARTESIAN_POINT('',(0.055046317219749,0.00411564809018441,0.00650005578053796));
#9477=CARTESIAN_POINT('',(0.055046317219749,0.00411564809018441,0.00650005578053796));
#9478=CARTESIAN_POINT('',(0.0507410303904909,0.00153400029898257,0.00650005578053796));
#9479=CARTESIAN_POINT('',(0.050741030390491,0.00153400029898251,5.57805379145854E-8));
#9480=CARTESIAN_POINT('',(0.0496454084887584,0.00705685884020956,0.00376303332498328));
#9481=CARTESIAN_POINT('',(0.0501320387894136,0.00677432168879854,0.0044568008670576));
#9482=CARTESIAN_POINT('',(0.0509826491001806,0.00616825068715497,0.00534452594597952));
#9483=CARTESIAN_POINT('',(0.0524436282195515,0.00543030496524313,0.00604798783153471));
#9484=CARTESIAN_POINT('',(0.0541273697526301,0.00490028667441323,0.00645430722804371));
#9485=CARTESIAN_POINT('',(0.0563760120116433,0.00475007275801066,0.00654050867479901));
#9486=CARTESIAN_POINT('',(0.0590162382843687,0.00497276434887508,0.00639848613123266));
#9487=CARTESIAN_POINT('',(0.0616473493196558,0.00536627785080203,0.00610060809557684));
#9488=CARTESIAN_POINT('',(0.065078307365325,0.00599502447268484,0.00551650769634891));
#9489=CARTESIAN_POINT('',(0.0675992945526215,0.00652019210885165,0.00486677936468503));
#9490=CARTESIAN_POINT('',(0.0692343190144905,0.00685168495883431,0.00421283396126387));
#9491=CARTESIAN_POINT('',(0.055046317219749,0.00411564809018441,5.57805379651222E-8));
#9492=CARTESIAN_POINT('',(0.055046317219749,0.00411564809018441,0.00650005578053796));
#9493=CARTESIAN_POINT('',(0.055046317219749,0.00411564809018441,0.00650005578053796));
#9494=CARTESIAN_POINT('',(0.0507410303904909,0.00153400029898257,0.00650005578053796));
#9495=CARTESIAN_POINT('',(0.049751417053415,0.00127872506892416,4.81163185441685E-5));
#9496=CARTESIAN_POINT('',(0.049751417053415,0.00127872506892416,4.81163185441685E-5));
#9497=CARTESIAN_POINT('',(0.049751417053415,0.00127872506892416,4.81163185441685E-5));
#9498=CARTESIAN_POINT('',(0.0505918913746646,0.00178271208792373,4.81163185441695E-5));
#9499=CARTESIAN_POINT('',(0.050741030390491,0.00153400029898251,5.57805379145854E-8));
#9500=CARTESIAN_POINT('',(0.050741030390491,0.00153400029898254,-0.00036166875243264));
#9501=CARTESIAN_POINT('',(0.0563774566437923,-0.00786559006927798,-0.00649994421946204));
#9502=CARTESIAN_POINT('',(0.055046317219749,0.00411564809018441,-0.00649994421946204));
#9503=CARTESIAN_POINT('',(0.055046317219749,0.00411564809018441,-0.00649994421946204));
#9504=CARTESIAN_POINT('',(0.055046317219749,0.00411564809018441,-0.00649994421946204));
#9505=CARTESIAN_POINT('',(0.055046317219749,0.00411564809018441,-0.00649994421946204));
#9506=CARTESIAN_POINT('',(0.055046317219749,0.00411564809018441,5.57805379651222E-8));
#9507=CARTESIAN_POINT('',(0.055046317219749,0.00411564809018441,-0.000361668752432626));
#9508=CARTESIAN_POINT('',(0.0537598769321221,0.00334423938763405,-0.000361668752432628));
#9509=CARTESIAN_POINT('',(0.0563055256505383,-0.000901013561534702,-0.00399153455010823));
#9510=CARTESIAN_POINT('',(0.0694119960053707,0.00695822824601692,-0.00399153455010822));
#9511=CARTESIAN_POINT('',(0.0679476342698151,0.00665260563399256,-0.00466106488975387));
#9512=CARTESIAN_POINT('',(0.0649110129570231,0.00600221278684268,-0.00553934723486836));
#9513=CARTESIAN_POINT('',(0.061765313097494,0.00540174714465555,-0.00606785034031298));
#9514=CARTESIAN_POINT('',(0.060168788545066,0.00516571957465371,-0.00625000000000006));
#9515=CARTESIAN_POINT('',(0.0560836615734758,0.00481728100992001,-0.00649956465116955));
#9516=CARTESIAN_POINT('',(0.0554374578398523,0.00482293243312861,-0.00649581485289771));
#9517=CARTESIAN_POINT('',(0.0541417187455803,0.00491331774456595,-0.00643832446290032));
#9518=CARTESIAN_POINT('',(0.0522879188396372,0.0055148948875809,-0.00600129913727292));
#9519=CARTESIAN_POINT('',(0.0508431678390312,0.00645788886413928,-0.00499767199535556));
#9520=CARTESIAN_POINT('',(0.0501440986270046,0.00698192548254649,-0.00400714412951151));
#9521=CARTESIAN_POINT('',(0.0498365297915534,0.00717146395452144,-0.00345818707292333));
#9522=CARTESIAN_POINT('',(0.060164846513419,0.00141321254611638,5.57805379700182E-8));
#9523=CARTESIAN_POINT('',(0.060164846513419,0.00141321254611638,-0.00424153455010823));
#9524=CARTESIAN_POINT('',(0.060164846513419,0.00141321254611638,-0.00424153455010823));
#9525=CARTESIAN_POINT('',(0.060164846513419,0.00141321254611638,5.57805379700182E-8));
#9526=CARTESIAN_POINT('',(0.0576191977950028,0.00565846549528513,-0.00424153455010823));
#9527=CARTESIAN_POINT('',(0.0576191977950028,0.00565846549528513,-0.00424153455010823));
#9528=CARTESIAN_POINT('',(0.0576191977950028,0.00565846549528513,5.57805379683696E-8));
#9529=CARTESIAN_POINT('',(0.0256544050398431,0.00410000000000028,0.00535));
#9530=CARTESIAN_POINT('',(0.0675130908152862,0.00410000000000028,-0.00535));
#9531=CARTESIAN_POINT('',(0.0256544050398431,0.00410000000000028,-0.00535));
#9532=CARTESIAN_POINT('',(0.0448523779470736,0.00410000000000028,0.00535));
#9533=CARTESIAN_POINT('',(0.0448523779470736,0.00410000000000028,-0.00535));
#9534=CARTESIAN_POINT('',(0.0675130908152862,0.00410000000000028,0.00535));
#9535=CARTESIAN_POINT('',(0.00138993981446703,0.00436770967394669,-0.00950000000000017));
#9536=CARTESIAN_POINT('',(0.00138993981446703,0.00436770967394672,-0.00625000000000017));
#9537=CARTESIAN_POINT('',(0.00412539850664217,0.004650137971756,-0.00625000000000017));
#9538=CARTESIAN_POINT('',(0.00234570145585315,0.00178914036426065,-0.00625000000000014));
#9539=CARTESIAN_POINT('',(0.00234570145585314,0.00178914036426065,-0.00625000000000015));
#9540=CARTESIAN_POINT('',(0.00259645830403343,0.00188208484161301,-0.00643725608109538));
#9541=CARTESIAN_POINT('',(0.00310969937982284,0.00215538902028429,-0.00674781251866538));
#9542=CARTESIAN_POINT('',(0.00377385178663478,0.00287980425430499,-0.00692851946761483));
#9543=CARTESIAN_POINT('',(0.00413467193940611,0.00379975119538625,-0.0067496543910479));
#9544=CARTESIAN_POINT('',(0.00415290355701761,0.00438373786343881,-0.00643752802218933));
#9545=CARTESIAN_POINT('',(0.00412539850664217,0.004650137971756,-0.00625000000000017));
#9546=CARTESIAN_POINT('',(0.00138993981446703,0.00436770967394672,-0.00625000000000017));
#9547=CARTESIAN_POINT('',(0.006,0.00149999999999995,-0.00625000000000013));
#9548=CARTESIAN_POINT('',(0.0643346220374522,0.,0.0065));
#9549=CARTESIAN_POINT('',(0.0643346220374522,0.0015,0.0015));
#9550=CARTESIAN_POINT('',(0.0643346220374522,0.00481662479035541,0.0065));
#9551=CARTESIAN_POINT('',(0.0643346220374522,0.0015,0.0075));
#9552=CARTESIAN_POINT('',(0.0643346220374522,0.,0.0075));
#9553=CARTESIAN_POINT('',(0.0643346220374522,0.005,0.0075));
#9554=CARTESIAN_POINT('',(0.0643346220374522,0.005,0.0065));
#9555=CARTESIAN_POINT('',(0.0643346220374522,0.005,0.0065));
#9556=CARTESIAN_POINT('',(0.0643346220374522,0.,0.0065));
#9557=CARTESIAN_POINT('',(0.0728,0.0025,0.009));
#9558=CARTESIAN_POINT('',(0.0753980762113533,0.004,0.0075));
#9559=CARTESIAN_POINT('',(0.0748780954658355,0.00399999999999999,0.0075));
#9560=CARTESIAN_POINT('',(0.0738982471607691,0.00359926949128248,0.0075));
#9561=CARTESIAN_POINT('',(0.0731619478119025,0.0028619466054242,0.0075));
#9562=CARTESIAN_POINT('',(0.0728,0.0025,0.0075));
#9563=CARTESIAN_POINT('',(0.0728,0.0025,0.0075));
#9564=CARTESIAN_POINT('',(0.0753980762113533,0.004,0.0075));
#9565=CARTESIAN_POINT('',(0.0728,0.0025,0.009));
#9566=CARTESIAN_POINT('',(0.0728,0.004,0.009));
#9567=CARTESIAN_POINT('',(0.0728,0.004,0.009));
#9568=CARTESIAN_POINT('',(0.0728,0.004,0.0075));
#9569=CARTESIAN_POINT('',(0.0728,-0.0025,0.0075));
#9570=CARTESIAN_POINT('',(0.0728,-0.0025,0.009));
#9571=CARTESIAN_POINT('',(0.0728,-0.0025,0.009));
#9572=CARTESIAN_POINT('',(0.0753980762113533,-0.004,0.0075));
#9573=CARTESIAN_POINT('',(0.0748780954658355,-0.00399999999999999,0.0075));
#9574=CARTESIAN_POINT('',(0.0738982471607684,-0.00359926949128315,0.0075));
#9575=CARTESIAN_POINT('',(0.0731619478119038,-0.00286194660542287,0.0075));
#9576=CARTESIAN_POINT('',(0.0728,-0.0025,0.0075));
#9577=CARTESIAN_POINT('',(0.0753980762113533,-0.004,0.0075));
#9578=CARTESIAN_POINT('',(0.0728,-0.004,0.009));
#9579=CARTESIAN_POINT('',(0.08325,0.004,0.00605));
#9580=CARTESIAN_POINT('',(0.08325,-0.004,0.00605));
#9581=CARTESIAN_POINT('',(0.0818,-0.004,0.00605));
#9582=CARTESIAN_POINT('',(0.0818,0.,0.00605));
#9583=CARTESIAN_POINT('',(0.0818,0.004,0.00605));
#9584=CARTESIAN_POINT('',(0.08325,0.004,0.00605));
#9585=CARTESIAN_POINT('',(0.,0.004,0.));
#9586=CARTESIAN_POINT('',(0.,0.004,0.0075));
#9587=CARTESIAN_POINT('',(0.0818,0.004,0.0075));
#9588=CARTESIAN_POINT('',(0.0818,0.004,-0.0075));
#9589=CARTESIAN_POINT('',(0.,0.005,0.0065));
#9590=CARTESIAN_POINT('',(0.,0.005,0.0075));
#9591=CARTESIAN_POINT('',(0.0818,0.005,0.0075));
#9592=CARTESIAN_POINT('',(0.0818,0.005,0.0065));
#9593=CARTESIAN_POINT('',(0.0818,0.005,0.0065));
#9594=CARTESIAN_POINT('',(0.,0.005,0.0065));
#9595=CARTESIAN_POINT('',(0.,0.,0.0065));
#9596=CARTESIAN_POINT('',(0.0968,0.00481662479035541,0.0065));
#9597=CARTESIAN_POINT('',(0.0818,0.00481662479035541,0.0065));
#9598=CARTESIAN_POINT('',(0.0818,0.,0.0065));
#9599=CARTESIAN_POINT('',(0.0968,0.0015,0.0015));
#9600=CARTESIAN_POINT('',(0.0968,0.00149999999999996,0.0075));
#9601=CARTESIAN_POINT('',(0.0818,0.0015,0.0015));
#9602=CARTESIAN_POINT('',(0.0818,0.005,0.00637339717240448));
#9603=CARTESIAN_POINT('',(0.0968,0.005,0.00637339717240448));
#9604=CARTESIAN_POINT('',(0.0968,-0.004,0.0065));
#9605=CARTESIAN_POINT('',(0.0643346220374522,-0.004,0.0065));
#9606=CARTESIAN_POINT('',(0.0643346220374522,-0.005,0.0065));
#9607=CARTESIAN_POINT('',(0.0643346220374522,-0.004,0.0075));
#9608=CARTESIAN_POINT('',(0.,-0.005,0.0065));
#9609=CARTESIAN_POINT('',(0.0818,-0.005,0.0065));
#9610=CARTESIAN_POINT('',(0.0818,-0.004,0.0065));
#9611=CARTESIAN_POINT('',(0.0818,-0.004,0.0075));
#9612=CARTESIAN_POINT('',(0.,-0.004,0.0075));
#9613=CARTESIAN_POINT('',(0.0818,-0.004,0.0075));
#9614=CARTESIAN_POINT('',(0.,-0.004,0.));
#9615=CARTESIAN_POINT('',(0.0818,-0.004,0.));
#9616=CARTESIAN_POINT('',(0.0893,0.0075,0.));
#9617=CARTESIAN_POINT('',(0.0893,-0.0056,0.));
#9618=CARTESIAN_POINT('',(0.08655,-0.0056,0.));
#9619=CARTESIAN_POINT('',(0.0868410787491305,-0.0069,-0.00123134328358206));
#9620=CARTESIAN_POINT('',(0.087072091477674,-0.0069,-0.00169266232840967));
#9621=CARTESIAN_POINT('',(0.0877788583366486,-0.00672005008944283,-0.00245903065034882));
#9622=CARTESIAN_POINT('',(0.0893011639875406,-0.00649956779839574,-0.00289623198840752));
#9623=CARTESIAN_POINT('',(0.0908252209509812,-0.00672096357276135,-0.00245603908376703));
#9624=CARTESIAN_POINT('',(0.0915278068048296,-0.0069,-0.00169286545236095));
#9625=CARTESIAN_POINT('',(0.0917589212508694,-0.0069,-0.00123134328358206));
#9626=CARTESIAN_POINT('',(0.0868410787491305,-0.0069,-0.00123134328358206));
#9627=CARTESIAN_POINT('',(0.0917589212508694,-0.0069,-0.00123134328358206));
#9628=CARTESIAN_POINT('',(0.0893,-0.0069,0.));
#9629=CARTESIAN_POINT('',(0.0917589212508694,-0.0069,0.00123134328358206));
#9630=CARTESIAN_POINT('',(0.0917589212508694,-0.0069,0.00123134328358206));
#9631=CARTESIAN_POINT('',(0.0915279085223259,-0.0069,0.00169266232840965));
#9632=CARTESIAN_POINT('',(0.0908211416633514,-0.00672005008944282,0.00245903065034885));
#9633=CARTESIAN_POINT('',(0.0892988360124593,-0.00649956779839573,0.00289623198840752));
#9634=CARTESIAN_POINT('',(0.0877747790490188,-0.00672096357276137,0.00245603908376698));
#9635=CARTESIAN_POINT('',(0.0870721931951703,-0.0069,0.00169286545236097));
#9636=CARTESIAN_POINT('',(0.0868410787491305,-0.0069,0.00123134328358206));
#9637=CARTESIAN_POINT('',(0.0868410787491305,-0.0069,0.00123134328358206));
#9638=CARTESIAN_POINT('',(0.0893,-0.0069,0.));
#9639=CARTESIAN_POINT('',(0.0893,-0.0069,0.));
#9640=CARTESIAN_POINT('',(0.0922954131601501,-0.0069,-0.00149999999999996));
#9641=CARTESIAN_POINT('',(0.0893,-0.0075,0.));
#9642=CARTESIAN_POINT('',(0.0922954131601501,-0.0069,0.00149999999999996));
#9643=CARTESIAN_POINT('',(0.0893,-0.0056,0.));
#9644=CARTESIAN_POINT('',(0.0893,-0.005,0.));
#9645=CARTESIAN_POINT('',(0.08595,-0.005,0.));
#9646=CARTESIAN_POINT('',(-5.78241158658934E-19,0.005,-0.0075));
#9647=CARTESIAN_POINT('',(0.0968,0.005,-0.00637339717240448));
#9648=CARTESIAN_POINT('',(0.0818,0.005,-0.0075));
#9649=CARTESIAN_POINT('',(0.0818,0.005,-0.00605));
#9650=CARTESIAN_POINT('',(0.08325,0.005,-0.00605));
#9651=CARTESIAN_POINT('',(0.0818138593383655,0.005,-0.00625));
#9652=CARTESIAN_POINT('',(-2.55582592127221E-18,0.005,-0.00625000000000018));
#9653=CARTESIAN_POINT('',(0.0834821274329778,0.00428739233755543,-0.00625));
#9654=CARTESIAN_POINT('',(0.0968,0.00516571957465376,-0.00625));
#9655=CARTESIAN_POINT('',(0.0808761647961445,0.00516571957465376,-0.00625));
#9656=CARTESIAN_POINT('',(0.0818138593383655,1.07463991045289E-19,-0.00625));
#9657=CARTESIAN_POINT('',(0.0818138593383655,0.00210121266413,-0.00625));
#9658=CARTESIAN_POINT('',(0.0834821274329778,0.00428739233755543,-0.00625));
#9659=CARTESIAN_POINT('',(0.0834821274329778,0.00428739233755543,-0.0095));
#9660=CARTESIAN_POINT('',(0.0818138593383655,0.00210121266413,-0.00625));
#9661=CARTESIAN_POINT('',(0.0818637221822922,0.0020631624559789,-0.00660805028833935));
#9662=CARTESIAN_POINT('',(0.0822145526016175,0.00179292719271763,-0.00722851824266666));
#9663=CARTESIAN_POINT('',(0.0828880081170588,0.00157787195302016,-0.0075));
#9664=CARTESIAN_POINT('',(0.08325,0.00154720678638209,-0.0075));
#9665=CARTESIAN_POINT('',(0.08325,0.00154720678638209,-0.0075));
#9666=CARTESIAN_POINT('',(0.0834821274329778,0.00428739233755543,-0.0075));
#9667=CARTESIAN_POINT('',(0.0807835327967081,0.00481662479035541,-0.00649999999999999));
#9668=CARTESIAN_POINT('',(0.0808071229253448,0.00493691256611614,-0.00642021011618704));
#9669=CARTESIAN_POINT('',(0.0808382403211045,0.00505319913716618,-0.00633683544636776));
#9670=CARTESIAN_POINT('',(0.0808761647961444,0.00516571957465377,-0.00625));
#9671=CARTESIAN_POINT('',(-4.33680868994201E-19,0.004,-0.0075));
#9672=CARTESIAN_POINT('',(0.08325,-0.004,-0.0075));
#9673=CARTESIAN_POINT('',(0.08325,-0.004,-0.0075));
#9674=CARTESIAN_POINT('',(-4.33680868994201E-19,-0.004,-0.0075));
#9675=CARTESIAN_POINT('',(0.0893,-0.004,-0.0075));
#9676=CARTESIAN_POINT('',(0.0893,0.004,-0.0075));
#9677=CARTESIAN_POINT('',(0.0190774047358085,0.004,0.0330430342789753));
#9678=CARTESIAN_POINT('',(0.0190774047358085,-0.004,0.0330430342789753));
#9679=CARTESIAN_POINT('',(0.0918980762113533,-0.004,-0.009));
#9680=CARTESIAN_POINT('',(0.0918980762113533,-0.0025,-0.009));
#9681=CARTESIAN_POINT('',(-3.00462919747432E-18,-0.0025,-0.009));
#9682=CARTESIAN_POINT('',(-3.00462919747432E-18,-0.004,-0.009));
#9683=CARTESIAN_POINT('',(0.,0.005,-0.0065));
#9684=CARTESIAN_POINT('',(0.0728136160404104,0.005,-0.0095));
#9685=CARTESIAN_POINT('',(0.0728136160404104,0.005,-0.0075));
#9686=CARTESIAN_POINT('',(0.,0.005,-0.0075));
#9687=CARTESIAN_POINT('',(0.0643346220374522,0.005,-0.0075));
#9688=CARTESIAN_POINT('',(0.0643346220374522,0.005,-0.0065));
#9689=CARTESIAN_POINT('',(0.0643346220374522,0.,-0.0065));
#9690=CARTESIAN_POINT('',(0.0643346220374522,0.0015,-0.0015));
#9691=CARTESIAN_POINT('',(0.0643346220374522,0.00149999999999996,-0.0075));
#9692=CARTESIAN_POINT('',(0.0643346220374522,0.,-0.0075));
#9693=CARTESIAN_POINT('',(0.0968,0.0015,-0.0015));
#9694=CARTESIAN_POINT('',(0.0781216085243117,0.0051657195746538,-0.00625));
#9695=CARTESIAN_POINT('',(0.0781558726773176,0.00505272360899559,-0.00633720242593057));
#9696=CARTESIAN_POINT('',(0.0781832339525143,0.00493639647651735,-0.00642055245129852));
#9697=CARTESIAN_POINT('',(0.0782030515368738,0.00481662479035541,-0.00649999999999999));
#9698=CARTESIAN_POINT('',(0.0727768280920603,0.00481662479035541,-0.00650000000000001));
#9699=CARTESIAN_POINT('',(0.0727967330967643,0.0049369248195211,-0.00642020198819773));
#9700=CARTESIAN_POINT('',(0.0728241534733203,0.00505320680673897,-0.00633682952752501));
#9701=CARTESIAN_POINT('',(0.0728582711046224,0.00516571957465378,-0.00625));
#9702=CARTESIAN_POINT('',(0.0968,0.00149999999999996,-0.0075));
#9703=CARTESIAN_POINT('',(0.006,0.00149999999999996,-0.0075));
#9704=CARTESIAN_POINT('',(0.006,0.0015,-0.0015));
#9705=CARTESIAN_POINT('',(0.0758,-0.0025,0.));
#9706=CARTESIAN_POINT('',(0.0758,-0.0025,-0.0075));
#9707=CARTESIAN_POINT('',(0.0743,-0.0025,-0.0075));
#9708=CARTESIAN_POINT('',(0.0758,-0.004,-0.0075));
#9709=CARTESIAN_POINT('',(0.0743,-0.0025,0.));
#9710=CARTESIAN_POINT('',(0.0758,-0.004,0.));
#9711=CARTESIAN_POINT('',(0.0743,0.004,0.));
#9712=CARTESIAN_POINT('',(0.0743,0.004,-0.0075));
#9713=CARTESIAN_POINT('',(0.0743,0.00188848736888004,-0.0075));
#9714=CARTESIAN_POINT('',(0.0743,0.00188848736888004,-0.0095));
#9715=CARTESIAN_POINT('',(0.0754899398144671,0.00436770967394792,-0.0095));
#9716=CARTESIAN_POINT('',(0.0754899398144671,0.00436770967394792,-0.0075));
#9717=CARTESIAN_POINT('',(0.0213312536516847,-0.000302041170719396,2.00268690520033E-15));
#9718=CARTESIAN_POINT('',(0.0187583730764309,-0.00184485857582012,1.99943950285331E-15));
#9719=CARTESIAN_POINT('',(0.0187583730764309,-0.00184485857582012,0.00446277818072788));
#9720=CARTESIAN_POINT('',(0.0187583730764309,-0.00184485857582012,-0.0042415903306442));
#9721=CARTESIAN_POINT('',(0.0213312536516847,-0.000302041170719398,0.00446277818072789));
#9722=CARTESIAN_POINT('',(0.0213312536516847,-0.000302041170719398,0.00446277818072789));
#9723=CARTESIAN_POINT('',(0.0213312536516847,-0.000302041170719396,2.00268690520033E-15));
#9724=CARTESIAN_POINT('',(0.0213312536516847,-0.000302041170719395,-0.0042415903306442));
#9725=CARTESIAN_POINT('',(0.0213312536516847,-0.000302041170719395,-0.0042415903306442));
#9726=CARTESIAN_POINT('',(0.0412623225509187,-0.000302041170719426,-1.06736841587463E-16));
#9727=CARTESIAN_POINT('',(0.0386894419756649,-0.00184485857582015,-1.09984243934491E-16));
#9728=CARTESIAN_POINT('',(0.0386894419756649,-0.00184485857582015,0.00446277818072577));
#9729=CARTESIAN_POINT('',(0.0386894419756649,-0.00184485857582015,-0.00424159033064631));
#9730=CARTESIAN_POINT('',(0.0412623225509187,-0.000302041170719428,0.00446277818072578));
#9731=CARTESIAN_POINT('',(0.0412623225509187,-0.000302041170719428,0.00446277818072578));
#9732=CARTESIAN_POINT('',(0.0412623225509187,-0.000302041170719426,-1.06736841587463E-16));
#9733=CARTESIAN_POINT('',(0.0412623225509187,-0.000302041170719424,-0.00424159033064631));
#9734=CARTESIAN_POINT('',(0.0412623225509187,-0.000302041170719424,-0.00424159033064631));
#9735=CARTESIAN_POINT('',(0.0611933914501528,-0.000302041170719476,5.57805379706844E-8));
#9736=CARTESIAN_POINT('',(0.058620510874899,-0.0018448585758202,5.5780537967437E-8));
#9737=CARTESIAN_POINT('',(0.058620510874899,-0.0018448585758202,0.00446283396126385));
#9738=CARTESIAN_POINT('',(0.058620510874899,-0.0018448585758202,-0.00424153455010823));
#9739=CARTESIAN_POINT('',(0.0611933914501528,-0.000302041170719478,0.00446283396126385));
#9740=CARTESIAN_POINT('',(0.0611933914501528,-0.000302041170719478,0.00446283396126385));
#9741=CARTESIAN_POINT('',(0.0611933914501528,-0.000302041170719476,5.57805379706844E-8));
#9742=CARTESIAN_POINT('',(0.0611933914501528,-0.000302041170719474,-0.00424153455010823));
#9743=CARTESIAN_POINT('',(0.0611933914501528,-0.000302041170719474,-0.00424153455010823));
#9744=CARTESIAN_POINT('',(0.006,0.0015,-0.00149999999999996));
#9745=CARTESIAN_POINT('',(0.006,0.0015,-0.0015));
#9746=CARTESIAN_POINT('',(0.,0.00149999999999996,-0.0015));
#9747=CARTESIAN_POINT('',(0.,0.0015,-0.00149999999999996));
#9748=CARTESIAN_POINT('',(0.006,-0.00149999999999996,0.0015));
#9749=CARTESIAN_POINT('',(0.,0.00149999999999996,0.0015));
#9750=CARTESIAN_POINT('',(0.,0.00110000000000028,0.0015));
#9751=CARTESIAN_POINT('',(0.006,0.00110000000000028,0.0015));
#9752=CARTESIAN_POINT('',(1.12228262208245E-5,0.00110000000000028,0.00186680780092775));
#9753=CARTESIAN_POINT('',(1.122282622082E-5,0.00110000000000028,0.00186680780092775));
#9754=CARTESIAN_POINT('',(0.000103513108527194,0.00110000000000028,0.00337360764171662));
#9755=CARTESIAN_POINT('',(0.00148123629752747,0.00110000000000028,0.00630400241261542));
#9756=CARTESIAN_POINT('',(0.00449037645208831,0.00110000000000028,0.0075));
#9757=CARTESIAN_POINT('',(0.00600000000000002,0.00110000000000028,0.0075));
#9758=CARTESIAN_POINT('',(0.006,-0.00149999999999996,0.0075));
#9759=CARTESIAN_POINT('',(0.006,0.0015,-0.0015));
#9760=CARTESIAN_POINT('',(0.006,0.00149999999999996,-0.0015));
#9761=CARTESIAN_POINT('',(0.0576191977950028,0.00565846549528513,5.57805379683696E-8));
#9762=CARTESIAN_POINT('',(0.0576191977950028,0.00565846549528513,-0.00424153455010823));
#9763=CARTESIAN_POINT('',(0.0576191977950028,0.00565846549528513,0.00446283396126385));
#9764=CARTESIAN_POINT('',(0.0576191977950028,0.00565846549528513,-0.00424153455010823));
#9765=CARTESIAN_POINT('',(0.060164846513419,0.00141321254611638,-0.00424153455010823));
#9766=CARTESIAN_POINT('',(0.0575919659381652,-0.000129604858984339,-0.00424153455010823));
#9767=CARTESIAN_POINT('',(0.055046317219749,0.00411564809018441,-0.00424153455010823));
#9768=CARTESIAN_POINT('',(0.060164846513419,0.00141321254611638,5.57805379700182E-8));
#9769=CARTESIAN_POINT('',(0.0563055256505383,-0.000901013561534702,-0.00399153455010823));
#9770=CARTESIAN_POINT('',(0.0575919659381652,-0.000129604858984339,-0.00399153455010823));
#9771=CARTESIAN_POINT('',(0.0575919659381652,-0.00012960485898434,5.57805379667709E-8));
#9772=CARTESIAN_POINT('',(0.0537598769321221,0.00334423938763405,-0.000361668752432628));
#9773=CARTESIAN_POINT('',(0.055046317219749,0.00411564809018441,-0.000361668752432626));
#9774=CARTESIAN_POINT('',(0.049751417053415,0.00127872506892416,4.81163185441685E-5));
#9775=CARTESIAN_POINT('',(0.049751417053415,0.00127872506892416,4.81163185441685E-5));
#9776=CARTESIAN_POINT('',(0.049751417053415,0.00127872506892416,4.81163185441685E-5));
#9777=CARTESIAN_POINT('',(0.0505918913746646,0.00178271208792373,4.81163185441695E-5));
#9778=CARTESIAN_POINT('',(0.0537598769321221,0.00334423938763405,5.57805379634985E-8));
#9779=CARTESIAN_POINT('',(0.0563055256505383,-0.000901013561534705,0.00421283396126385));
#9780=CARTESIAN_POINT('',(0.0575919659381652,-0.000129604858984342,0.00421283396126385));
#9781=CARTESIAN_POINT('',(0.055046317219749,0.00411564809018441,5.57805379651222E-8));
#9782=CARTESIAN_POINT('',(0.060164846513419,0.00141321254611638,5.57805379700182E-8));
#9783=CARTESIAN_POINT('',(0.060164846513419,0.00141321254611638,0.00446283396126385));
#9784=CARTESIAN_POINT('',(0.0575919659381652,-0.000129604858984342,0.00446283396126385));
#9785=CARTESIAN_POINT('',(0.0575919659381652,-0.00012960485898434,5.57805379667709E-8));
#9786=CARTESIAN_POINT('',(0.0576191977950028,0.00565846549528513,0.00446283396126385));
#9787=CARTESIAN_POINT('',(0.055046317219749,0.00411564809018441,0.00446283396126385));
#9788=CARTESIAN_POINT('',(0.0376881288957687,0.00565846549528518,-1.09051656593806E-16));
#9789=CARTESIAN_POINT('',(0.0376881288957687,0.00565846549528518,-0.00424159033064631));
#9790=CARTESIAN_POINT('',(0.0376881288957687,0.00565846549528518,0.00446277818072577));
#9791=CARTESIAN_POINT('',(0.0376881288957687,0.00565846549528518,-0.00424159033064631));
#9792=CARTESIAN_POINT('',(0.0402337776141849,0.00141321254611643,-0.00424159033064631));
#9793=CARTESIAN_POINT('',(0.0376608970389311,-0.000129604858984288,-0.00424159033064631));
#9794=CARTESIAN_POINT('',(0.0351152483205149,0.00411564809018446,-0.00424159033064631));
#9795=CARTESIAN_POINT('',(0.0402337776141849,0.00141321254611643,-1.07402975402238E-16));
#9796=CARTESIAN_POINT('',(0.0363744567513042,-0.000901013561534651,-0.00399159033064631));
#9797=CARTESIAN_POINT('',(0.0376608970389311,-0.000129604858984288,-0.00399159033064631));
#9798=CARTESIAN_POINT('',(0.0376608970389311,-0.00012960485898429,-1.10650377749266E-16));
#9799=CARTESIAN_POINT('',(0.033828808032888,0.0033442393876341,-0.000361724532970705));
#9800=CARTESIAN_POINT('',(0.0351152483205149,0.00411564809018446,-0.000361724532970704));
#9801=CARTESIAN_POINT('',(0.029820348154181,0.00127872506892421,4.8060538006091E-5));
#9802=CARTESIAN_POINT('',(0.029820348154181,0.00127872506892421,4.8060538006091E-5));
#9803=CARTESIAN_POINT('',(0.033828808032888,0.0033442393876341,-1.13922760114349E-16));
#9804=CARTESIAN_POINT('',(0.0363744567513042,-0.000901013561534655,0.00421277818072577));
#9805=CARTESIAN_POINT('',(0.0376608970389311,-0.000129604858984292,0.00421277818072577));
#9806=CARTESIAN_POINT('',(0.0351152483205149,0.00411564809018446,-1.12299058940835E-16));
#9807=CARTESIAN_POINT('',(0.0402337776141849,0.00141321254611643,-1.07402975402238E-16));
#9808=CARTESIAN_POINT('',(0.0402337776141849,0.00141321254611643,0.00446277818072578));
#9809=CARTESIAN_POINT('',(0.0376608970389311,-0.000129604858984292,0.00446277818072577));
#9810=CARTESIAN_POINT('',(0.0376608970389311,-0.00012960485898429,-1.10650377749266E-16));
#9811=CARTESIAN_POINT('',(0.0376881288957687,0.00565846549528518,0.00446277818072577));
#9812=CARTESIAN_POINT('',(0.0351152483205149,0.00411564809018446,0.00446277818072577));
#9813=CARTESIAN_POINT('',(0.0177570599965347,0.00565846549528521,2.00037209019399E-15));
#9814=CARTESIAN_POINT('',(0.0177570599965347,0.00565846549528521,-0.0042415903306442));
#9815=CARTESIAN_POINT('',(0.0177570599965347,0.00565846549528521,0.00446277818072788));
#9816=CARTESIAN_POINT('',(0.0177570599965347,0.00565846549528521,-0.0042415903306442));
#9817=CARTESIAN_POINT('',(0.0203027087149509,0.00141321254611646,-0.0042415903306442));
#9818=CARTESIAN_POINT('',(0.0177298281396971,-0.000129604858984259,-0.0042415903306442));
#9819=CARTESIAN_POINT('',(0.0151841794212809,0.00411564809018449,-0.0042415903306442));
#9820=CARTESIAN_POINT('',(0.0203027087149509,0.00141321254611646,2.00202077138556E-15));
#9821=CARTESIAN_POINT('',(0.0164433878520702,-0.000901013561534622,-0.0039915903306442));
#9822=CARTESIAN_POINT('',(0.0177298281396971,-0.000129604858984259,-0.0039915903306442));
#9823=CARTESIAN_POINT('',(0.0177298281396971,-0.000129604858984261,1.99877336903853E-15));
#9824=CARTESIAN_POINT('',(0.013897739133654,0.00334423938763413,-0.000361724532968596));
#9825=CARTESIAN_POINT('',(0.0151841794212809,0.00411564809018449,-0.000361724532968594));
#9826=CARTESIAN_POINT('',(0.00988927925494693,0.00127872506892424,4.80605380082005E-5));
#9827=CARTESIAN_POINT('',(0.00988927925494693,0.00127872506892424,4.80605380082005E-5));
#9828=CARTESIAN_POINT('',(0.00988927925494693,0.00127872506892424,4.80605380082005E-5));
#9829=CARTESIAN_POINT('',(0.0107297535761965,0.00178271208792381,4.80605380082015E-5));
#9830=CARTESIAN_POINT('',(0.013897739133654,0.00334423938763413,1.99550098667345E-15));
#9831=CARTESIAN_POINT('',(0.0164433878520702,-0.000901013561534625,0.00421277818072788));
#9832=CARTESIAN_POINT('',(0.0177298281396971,-0.000129604858984262,0.00421277818072788));
#9833=CARTESIAN_POINT('',(0.0151841794212809,0.00411564809018449,1.99712468784696E-15));
#9834=CARTESIAN_POINT('',(0.0203027087149509,0.00141321254611646,2.00202077138556E-15));
#9835=CARTESIAN_POINT('',(0.0203027087149509,0.00141321254611646,0.00446277818072788));
#9836=CARTESIAN_POINT('',(0.0177298281396971,-0.000129604858984262,0.00446277818072788));
#9837=CARTESIAN_POINT('',(0.0177298281396971,-0.000129604858984261,1.99877336903853E-15));
#9838=CARTESIAN_POINT('',(0.0177570599965347,0.00565846549528521,0.00446277818072788));
#9839=CARTESIAN_POINT('',(0.0151841794212809,0.00411564809018449,0.00446277818072788));
#9840=CARTESIAN_POINT('',(0.07125,3.93063782285561E-20,-2.77555756156289E-20));
#9841=CARTESIAN_POINT('',(0.07125,0.000500000000000295,0.0075));
#9842=CARTESIAN_POINT('',(0.07125,0.000500000000000295,-0.0075));
#9843=CARTESIAN_POINT('',(0.00575,0.00110000000000028,-0.0125));
#9844=CARTESIAN_POINT('',(0.00575,0.00110000000000028,0.00200220890884916));
#9845=CARTESIAN_POINT('',(0.00575,-0.00149999999999996,-0.0074947894041409));
#9846=CARTESIAN_POINT('',(0.0893,-0.0069,0.));
#9847=CARTESIAN_POINT('',(0.0863045868398499,-0.0069,0.00149999999999996));
#9848=CARTESIAN_POINT('',(0.0893,-0.0075,0.));
#9849=CARTESIAN_POINT('',(0.0863045868398499,-0.0069,-0.00149999999999996));
#9850=CARTESIAN_POINT('',(0.055046317219749,0.00411564809018441,0.00650005578053796));
#9851=CARTESIAN_POINT('',(0.0507410303904909,0.00153400029898257,0.00650005578053796));
#9852=CARTESIAN_POINT('',(0.055046317219749,0.00411564809018441,0.00650005578053796));
#9853=CARTESIAN_POINT('',(0.0151841794212809,0.00411564809018449,0.00650000000000199));
#9854=CARTESIAN_POINT('',(0.0108788925920229,0.00153400029898265,0.00650000000000199));
#9855=CARTESIAN_POINT('',(0.0151841794212809,0.00411564809018449,0.00650000000000199));
#9856=CARTESIAN_POINT('',(0.0968,-0.00149999999999996,0.0075));
#9857=CARTESIAN_POINT('',(0.0643346220374522,0.,0.0075));
#9858=CARTESIAN_POINT('',(0.0818,0.,0.0075));
#9859=CARTESIAN_POINT('',(0.006,-0.00149999999999996,0.0075));
#9860=CARTESIAN_POINT('',(0.0643346220374522,0.,0.0065));
#9861=CARTESIAN_POINT('',(0.0643346220374522,0.,0.0065));
#9862=CARTESIAN_POINT('',(0.,0.,0.0065));
#9863=CARTESIAN_POINT('',(0.0818,0.,0.0065));
#9864=CARTESIAN_POINT('',(0.0818,0.,-0.0075));
#9865=CARTESIAN_POINT('',(0.0818,-0.005,-0.0075));
#9866=CARTESIAN_POINT('',(0.0818,-0.005,-0.00605));
#9867=CARTESIAN_POINT('',(0.0818,0.0018961698166061,-0.00605));
#9868=CARTESIAN_POINT('',(0.0868410787491305,-0.0069,0.00123134328358206));
#9869=CARTESIAN_POINT('',(0.0868410787491305,-0.00750000000000001,0.00123134328358205));
#9870=CARTESIAN_POINT('',(0.0863045868398499,-0.0075,0.00149999999999996));
#9871=CARTESIAN_POINT('',(0.0870715207922837,-0.00689999998062954,0.00169152270272407));
#9872=CARTESIAN_POINT('',(0.0871025350615894,-0.00752855325912889,0.00175345635031219));
#9873=CARTESIAN_POINT('',(0.086585307156911,-0.0075,0.00212286910723718));
#9874=CARTESIAN_POINT('',(0.0877760732001156,-0.00672012811364347,0.00245724777082856));
#9875=CARTESIAN_POINT('',(0.0879870212341466,-0.00744835932427836,0.00257905085064621));
#9876=CARTESIAN_POINT('',(0.0874435800753416,-0.00730014233842246,0.0031593050661472));
#9877=CARTESIAN_POINT('',(0.0890434902488835,-0.00653849592825372,0.00282207604627058));
#9878=CARTESIAN_POINT('',(0.0890761694678473,-0.00742634372815603,0.00280016571449941));
#9879=CARTESIAN_POINT('',(0.088987524485767,-0.00709832880996067,0.00365311303209783));
#9880=CARTESIAN_POINT('',(0.0900623943851631,-0.00660632407518343,0.00267881253951733));
#9881=CARTESIAN_POINT('',(0.0899631042155789,-0.00743434715468156,0.0026996923539727));
#9882=CARTESIAN_POINT('',(0.090228734977875,-0.00717369341746277,0.00345920081095397));
#9883=CARTESIAN_POINT('',(0.0909960607027958,-0.00676708930177224,0.0022671090879103));
#9884=CARTESIAN_POINT('',(0.0908589709222108,-0.00747044163900313,0.00236290753428184));
#9885=CARTESIAN_POINT('',(0.0913661103124024,-0.00735232144206993,0.00290194563502857));
#9886=CARTESIAN_POINT('',(0.0915285463644367,-0.0068999999820527,0.00169138859464125));
#9887=CARTESIAN_POINT('',(0.091497542948279,-0.00752854474117147,0.00175330057570825));
#9888=CARTESIAN_POINT('',(0.0920147746547566,-0.0075,0.00212268758863964));
#9889=CARTESIAN_POINT('',(0.0917589212508695,-0.0069,0.00123134328358206));
#9890=CARTESIAN_POINT('',(0.0917589212508695,-0.0075,0.00123134328358206));
#9891=CARTESIAN_POINT('',(0.0922954131601501,-0.0075,0.00149999999999996));
#9892=CARTESIAN_POINT('',(0.0917589212508695,-0.0069,-0.00123134328358206));
#9893=CARTESIAN_POINT('',(0.0917589212508695,-0.0075,-0.00123134328358206));
#9894=CARTESIAN_POINT('',(0.0922954131601501,-0.0075,-0.00149999999999996));
#9895=CARTESIAN_POINT('',(0.091528479207717,-0.00689999998062954,-0.00169152270272264));
#9896=CARTESIAN_POINT('',(0.0914974649384334,-0.00752855325915909,-0.00175345635032769));
#9897=CARTESIAN_POINT('',(0.092014692843102,-0.0075,-0.00212286910725349));
#9898=CARTESIAN_POINT('',(0.0908239267998841,-0.00672012811364347,-0.00245724777082922));
#9899=CARTESIAN_POINT('',(0.0906129787658521,-0.00744835932426328,-0.00257905085062737));
#9900=CARTESIAN_POINT('',(0.0911564199246523,-0.00730014233842246,-0.00315930506613932));
#9901=CARTESIAN_POINT('',(0.0895565097511166,-0.00653849592825373,-0.00282207604627055));
#9902=CARTESIAN_POINT('',(0.0895238305321516,-0.00742634372815853,-0.00280016571450316));
#9903=CARTESIAN_POINT('',(0.0896124755142334,-0.00709832880996067,-0.00365311303209912));
#9904=CARTESIAN_POINT('',(0.0885376056148368,-0.00660632407518343,-0.00267881253951725));
#9905=CARTESIAN_POINT('',(0.088636895784421,-0.00743434715468038,-0.00269969235397094));
#9906=CARTESIAN_POINT('',(0.0883712650221255,-0.00717369341746277,-0.00345920081095322));
#9907=CARTESIAN_POINT('',(0.0876039392972045,-0.00676708930177224,-0.00226710908791084));
#9908=CARTESIAN_POINT('',(0.0877410290777891,-0.00747044163900744,-0.0023629075342873));
#9909=CARTESIAN_POINT('',(0.0872338896875938,-0.00735232144206993,-0.00290194563503178));
#9910=CARTESIAN_POINT('',(0.0870714536355621,-0.0068999999820527,-0.00169138859463882));
#9911=CARTESIAN_POINT('',(0.0871024570517279,-0.00752854474115371,-0.00175330057569499));
#9912=CARTESIAN_POINT('',(0.0865852253452608,-0.0075,-0.00212268758862585));
#9913=CARTESIAN_POINT('',(0.0868410787491305,-0.0069,-0.00123134328358206));
#9914=CARTESIAN_POINT('',(0.0868410787491305,-0.00750000000000001,-0.00123134328358205));
#9915=CARTESIAN_POINT('',(0.0863045868398499,-0.0075,-0.00149999999999996));
#9916=CARTESIAN_POINT('',(0.0968,-0.0075,-0.00149999999999996));
#9917=CARTESIAN_POINT('',(0.0893,-0.0075,0.));
#9918=CARTESIAN_POINT('',(0.0893,-0.0075,0.));
#9919=CARTESIAN_POINT('',(0.0893,-0.005,0.));
#9920=CARTESIAN_POINT('',(8.67361737988406E-19,-0.005,-0.0075));
#9921=CARTESIAN_POINT('',(0.08325,-0.005,-0.00605));
#9922=CARTESIAN_POINT('',(0.08325,0.,-0.00605));
#9923=CARTESIAN_POINT('',(0.08325,-0.004,-0.00605));
#9924=CARTESIAN_POINT('',(0.,-0.004,0.));
#9925=CARTESIAN_POINT('',(0.,-0.004,-0.0075));
#9926=CARTESIAN_POINT('',(0.0643346220374522,-0.004,-0.0075));
#9927=CARTESIAN_POINT('',(0.0643346220374522,-0.004,-0.0065));
#9928=CARTESIAN_POINT('',(0.0643346220374522,0.,-0.0065));
#9929=CARTESIAN_POINT('',(0.0643346220374522,0.,-0.0075));
#9930=CARTESIAN_POINT('',(0.0968,-0.00149999999999996,-0.0075));
#9931=CARTESIAN_POINT('',(0.006,0.00149999999999996,-0.0075));
#9932=CARTESIAN_POINT('',(0.006,0.00149999999999996,-0.0075));
#9933=CARTESIAN_POINT('',(0.0108788925920229,0.00153400029898259,1.94658789087754E-15));
#9934=CARTESIAN_POINT('',(0.0162960942425817,-0.0075,-0.00150000000000006));
#9935=CARTESIAN_POINT('',(0.0165153188453242,-0.0078655900692779,-0.006499999999998));
#9936=CARTESIAN_POINT('',(0.0151841794212809,0.00411564809018449,-0.006499999999998));
#9937=CARTESIAN_POINT('',(0.0151841794212809,0.00411564809018449,-0.006499999999998));
#9938=CARTESIAN_POINT('',(0.0151841794212809,0.00411564809018449,1.99712468784696E-15));
#9939=CARTESIAN_POINT('',(0.0351152483205149,0.00411564809018446,-1.12299058940835E-16));
#9940=CARTESIAN_POINT('',(0.0351152483205149,0.00411564809018446,0.00649999999999989));
#9941=CARTESIAN_POINT('',(0.0351152483205149,0.00411564809018446,-0.00650000000000011));
#9942=CARTESIAN_POINT('',(0.050741030390491,0.00153400029898251,5.57805379145854E-8));
#9943=CARTESIAN_POINT('',(0.0561582320410497,-0.0075,-0.0015));
#9944=CARTESIAN_POINT('',(0.0563774566437923,-0.00786559006927798,-0.00649994421946204));
#9945=CARTESIAN_POINT('',(0.055046317219749,0.00411564809018441,-0.00649994421946204));
#9946=CARTESIAN_POINT('',(0.055046317219749,0.00411564809018441,-0.00649994421946204));
#9947=CARTESIAN_POINT('',(0.055046317219749,0.00411564809018441,5.57805379651222E-8));
#9948=CARTESIAN_POINT('',(0.,0.0015,-0.0015));
#9949=CARTESIAN_POINT('',(0.,0.0015,0.0014465560024401));
#9950=CARTESIAN_POINT('',(-2.71050543121376E-20,0.000500000000000284,0.0014465560024401));
#9951=CARTESIAN_POINT('',(-2.71050543121376E-20,0.00110000000000028,0.0014465560024401));
#9952=CARTESIAN_POINT('',(0.,0.00110000000003454,-0.0015));
#9953=CARTESIAN_POINT('',(0.,-0.00149999999999996,-0.0015));
#9954=CARTESIAN_POINT('',(0.,-0.0015,-0.0015));
#9955=CARTESIAN_POINT('',(0.,-0.0015,0.00149999999999996));
#9956=CARTESIAN_POINT('',(0.,-0.0015,0.0015));
#9957=CARTESIAN_POINT('',(0.,0.00149999999999996,0.0015));
#9958=CARTESIAN_POINT('',(5.20417042793042E-18,0.000500000000000284,0.0015));
#9959=CARTESIAN_POINT('',(0.,0.00050000000003454,-0.0015));
#9960=CARTESIAN_POINT('',(0.006,-0.00149999999999996,-0.0015));
#9961=CARTESIAN_POINT('',(0.006,-0.0015,-0.0015));
#9962=CARTESIAN_POINT('',(0.006,-0.00149999999999996,0.0015));
#9963=CARTESIAN_POINT('',(0.006,0.000500000000000294,0.0015));
#9964=CARTESIAN_POINT('',(1.12228262208245E-5,0.000500000000000284,0.00186680780092775));
#9965=CARTESIAN_POINT('',(0.006,-0.0015,0.0015));
#9966=CARTESIAN_POINT('',(0.00599999999999999,0.000500000000000295,0.0075));
#9967=CARTESIAN_POINT('',(0.00449037645208828,0.000500000000000295,0.0075));
#9968=CARTESIAN_POINT('',(0.00148123629752746,0.000500000000000295,0.00630400241261541));
#9969=CARTESIAN_POINT('',(0.000103513108527194,0.000500000000000295,0.00337360764171661));
#9970=CARTESIAN_POINT('',(1.122282622082E-5,0.000500000000000295,0.00186680780092775));
#9971=CARTESIAN_POINT('',(0.0351152483205149,0.00411564809018446,0.00649999999999989));
#9972=CARTESIAN_POINT('',(0.029820348154181,0.00127872506892421,4.8060538006091E-5));
#9973=CARTESIAN_POINT('',(0.0351152483205149,0.00411564809018446,-0.00650000000000011));
#9974=CARTESIAN_POINT('',(0.006,-0.0015,0.0015));
#9975=CARTESIAN_POINT('',(0.00637627102597624,-0.0015,0.0038475181410549));
#9976=CARTESIAN_POINT('',(0.00521064301872557,-0.00688089061024871,0.00403435036974974));
#9977=CARTESIAN_POINT('',(0.006,-0.0015,0.0015));
#9978=CARTESIAN_POINT('',(0.00480442566213445,-0.00737967703217084,0.00149999999999996));
#9979=CARTESIAN_POINT('',(0.00483437199274933,-0.0015,0.00168683222869484));
#9980=CARTESIAN_POINT('',(0.006,-0.0015,-0.0015));
#9981=CARTESIAN_POINT('',(0.00436556242705961,-0.0015,-0.00123802481364935));
#9982=CARTESIAN_POINT('',(0.00432357183690206,-0.00726104058430177,-0.00149999999999996));
#9983=CARTESIAN_POINT('',(0.006,-0.0015,-0.00149999999999996));
#9984=CARTESIAN_POINT('',(0.006,-0.0015,-0.00149999999999996));
#9985=CARTESIAN_POINT('',(0.006,-0.0015,0.00895907139630862));
#9986=CARTESIAN_POINT('',(0.0968,-0.0075,-0.00149999999999996));
#9987=CARTESIAN_POINT('',(0.0550958492236366,-0.0075,0.00518453347629786));
#9988=CARTESIAN_POINT('',(0.0968,-0.0075,-0.00149999999999996));
#9989=CARTESIAN_POINT('',(0.0764488072885989,-0.0075,0.00176198295443972));
#9990=CARTESIAN_POINT('',(0.0968,-0.0075,-0.00149999999999996));
#9991=CARTESIAN_POINT('',(0.0160201584304137,-0.0075,0.011447765273468));
#9992=CARTESIAN_POINT('',(0.0968,-0.0075,-0.00149999999999996));
#9993=CARTESIAN_POINT('',(0.0362453057604328,-0.0075,0.00820598545362979));
#9994=CARTESIAN_POINT('',(0.0671399398740717,-0.00499999999999994,-0.0115));
#9995=CARTESIAN_POINT('',(0.0765249505558514,-0.005,0.0022370333538971));
#9996=CARTESIAN_POINT('',(0.0765249505558514,-0.005,0.0022370333538971));
#9997=CARTESIAN_POINT('',(0.0698300043871408,-0.005,0.00331013017888025));
#9998=CARTESIAN_POINT('',(0.0647713179453577,-0.005,0.00412095975427447));
#9999=CARTESIAN_POINT('',(0.0633223558147161,-0.005,-0.00491897330609809));
#10000=CARTESIAN_POINT('',(0.0683045876105462,-0.00499999999999994,-0.00115581730206269));
#10001=CARTESIAN_POINT('',(0.0695545876105462,-0.00499999999999994,-0.00115581730206269));
#10002=CARTESIAN_POINT('',(0.0671399398740717,-0.00499999999999994,-0.0115));
#10003=CARTESIAN_POINT('',(0.0546193930611116,-0.005,0.00221197006394785));
#10004=CARTESIAN_POINT('',(0.0546193930611116,-0.005,0.00221197006394785));
#10005=CARTESIAN_POINT('',(0.0468124976751551,-0.005,0.00346329523379061));
#10006=CARTESIAN_POINT('',(0.0452391239094733,-0.005,0.00371548283170688));
#10007=CARTESIAN_POINT('',(0.0452391239094733,-0.005,0.00371548283170688));
#10008=CARTESIAN_POINT('',(0.0481243326060616,-0.005,-0.00103068198920876));
#10009=CARTESIAN_POINT('',(0.0493743326060616,-0.005,-0.00103068198920876));
#10010=CARTESIAN_POINT('',(0.0671399398740717,-0.00499999999999994,-0.0115));
#10011=CARTESIAN_POINT('',(0.0288808439533244,-0.005,0.00347719782003263));
#10012=CARTESIAN_POINT('',(0.0259416071693018,-0.005,0.00394831223698656));
#10013=CARTESIAN_POINT('',(0.0259416071693018,-0.005,0.00394831223698656));
#10014=CARTESIAN_POINT('',(0.0353218763209406,-0.005,0.00244479946922746));
#10015=CARTESIAN_POINT('',(0.0285142798664918,-0.005,-6.16012881244425E-5));
#10016=CARTESIAN_POINT('',(0.0297642798664918,-0.005,-6.16012881244425E-5));
#10017=CARTESIAN_POINT('',(0.0683045876105462,-0.00050000000000063,-0.00115581730206272));
#10018=CARTESIAN_POINT('',(0.0683045876105462,-0.00050000000000063,-0.00115581730206272));
#10019=CARTESIAN_POINT('',(0.067981063804168,-0.000500000000000622,5.15899807986163E-5));
#10020=CARTESIAN_POINT('',(0.0683045876105462,-0.00050000000000063,-0.00115581730206272));
#10021=CARTESIAN_POINT('',(0.0683045876105462,-0.000946728444388293,-0.00115581730206272));
#10022=CARTESIAN_POINT('',(0.0683045876105462,-0.000946728444388302,-0.00240581730206272));
#10023=CARTESIAN_POINT('',(0.0683045876105462,-0.000946728444388293,-0.00115581730206271));
#10024=CARTESIAN_POINT('',(0.0708141365204524,-0.000946728444388296,-0.0018282489058385));
#10025=CARTESIAN_POINT('',(0.0708141365204524,-0.000946728444388296,-0.0018282489058385));
#10026=CARTESIAN_POINT('',(0.0701417049166767,-0.000946728444388279,0.000681300004067727));
#10027=CARTESIAN_POINT('',(0.0701417049166767,-0.000946728444388279,0.000681300004067727));
#10028=CARTESIAN_POINT('',(0.0676321560067704,-0.000946728444388276,0.00135373160784351));
#10029=CARTESIAN_POINT('',(0.0676321560067704,-0.000946728444388276,0.00135373160784351));
#10030=CARTESIAN_POINT('',(0.06579503870064,-0.00094672844438829,-0.000483385698286927));
#10031=CARTESIAN_POINT('',(0.06579503870064,-0.00094672844438829,-0.000483385698286927));
#10032=CARTESIAN_POINT('',(0.0664674703044157,-0.000946728444388307,-0.00299293460819315));
#10033=CARTESIAN_POINT('',(0.0664674703044157,-0.000946728444388307,-0.00299293460819315));
#10034=CARTESIAN_POINT('',(0.068977019214322,-0.00094672844438831,-0.00366536621196894));
#10035=CARTESIAN_POINT('',(0.068977019214322,-0.00094672844438831,-0.00366536621196894));
#10036=CARTESIAN_POINT('',(0.0701417049166767,-0.00304672844438828,0.000681300004067742));
#10037=CARTESIAN_POINT('',(0.0701417049166767,-0.00304672844438828,0.000681300004067742));
#10038=CARTESIAN_POINT('',(0.0701417049166767,-0.00304672844438828,0.000681300004067742));
#10039=CARTESIAN_POINT('',(0.0701417049166767,-0.00304672844438828,0.000681300004067742));
#10040=CARTESIAN_POINT('',(0.0676321560067704,-0.00304672844438828,0.00135373160784353));
#10041=CARTESIAN_POINT('',(0.0676321560067704,-0.00304672844438828,0.00135373160784353));
#10042=CARTESIAN_POINT('',(0.0676321560067704,-0.00304672844438828,0.00135373160784353));
#10043=CARTESIAN_POINT('',(0.0676321560067704,-0.00304672844438828,0.00135373160784353));
#10044=CARTESIAN_POINT('',(0.06579503870064,-0.00304672844438829,-0.000483385698286912));
#10045=CARTESIAN_POINT('',(0.06579503870064,-0.00304672844438829,-0.000483385698286912));
#10046=CARTESIAN_POINT('',(0.06579503870064,-0.00304672844438829,-0.000483385698286912));
#10047=CARTESIAN_POINT('',(0.06579503870064,-0.00304672844438829,-0.000483385698286912));
#10048=CARTESIAN_POINT('',(0.0664674703044157,-0.00304672844438831,-0.00299293460819314));
#10049=CARTESIAN_POINT('',(0.0664674703044157,-0.00304672844438831,-0.00299293460819314));
#10050=CARTESIAN_POINT('',(0.0664674703044157,-0.00304672844438831,-0.00299293460819314));
#10051=CARTESIAN_POINT('',(0.0664674703044157,-0.00304672844438831,-0.00299293460819314));
#10052=CARTESIAN_POINT('',(0.068977019214322,-0.00304672844438831,-0.00366536621196892));
#10053=CARTESIAN_POINT('',(0.068977019214322,-0.00304672844438831,-0.00366536621196892));
#10054=CARTESIAN_POINT('',(0.068977019214322,-0.00304672844438831,-0.00366536621196892));
#10055=CARTESIAN_POINT('',(0.068977019214322,-0.00304672844438831,-0.00366536621196892));
#10056=CARTESIAN_POINT('',(0.0708141365204524,-0.0030467284443883,-0.00182824890583848));
#10057=CARTESIAN_POINT('',(0.0708141365204524,-0.0030467284443883,-0.00182824890583848));
#10058=CARTESIAN_POINT('',(0.0708141365204524,-0.0030467284443883,-0.00182824890583848));
#10059=CARTESIAN_POINT('',(0.0708141365204524,-0.0030467284443883,-0.00182824890583848));
#10060=CARTESIAN_POINT('',(0.0683045876105462,-0.00304672844438829,-0.0011558173020627));
#10061=CARTESIAN_POINT('',(0.0683045876105462,-0.00304672844438829,-0.0011558173020627));
#10062=CARTESIAN_POINT('',(0.0683045876105462,-0.0030467284443883,-0.0024058173020627));
#10063=CARTESIAN_POINT('',(0.0683045876105462,-0.00050000000000063,-0.00115581730206272));
#10064=CARTESIAN_POINT('',(0.0481243326060616,-0.000500000000013552,-0.00103068198920879));
#10065=CARTESIAN_POINT('',(0.0481243326060616,-0.000500000000013552,-0.00103068198920879));
#10066=CARTESIAN_POINT('',(0.0478008087996835,-0.000500000000013544,0.000176725293652546));
#10067=CARTESIAN_POINT('',(0.0481243326060616,-0.000500000000013552,-0.00103068198920879));
#10068=CARTESIAN_POINT('',(0.0481243326060616,-0.000946728444401215,-0.00103068198920878));
#10069=CARTESIAN_POINT('',(0.0481243326060616,-0.000946728444401224,-0.00228068198920878));
#10070=CARTESIAN_POINT('',(0.0481243326060616,-0.000946728444401215,-0.00103068198920879));
#10071=CARTESIAN_POINT('',(0.0506338815159678,-0.000946728444401218,-0.00170311359298457));
#10072=CARTESIAN_POINT('',(0.0506338815159678,-0.000946728444401218,-0.00170311359298457));
#10073=CARTESIAN_POINT('',(0.049961449912192,-0.000946728444401201,0.000806435316921649));
#10074=CARTESIAN_POINT('',(0.049961449912192,-0.000946728444401201,0.000806435316921649));
#10075=CARTESIAN_POINT('',(0.0474519010022858,-0.000946728444401197,0.00147886692069743));
#10076=CARTESIAN_POINT('',(0.0474519010022858,-0.000946728444401197,0.00147886692069743));
#10077=CARTESIAN_POINT('',(0.0456147836961553,-0.000946728444401211,-0.000358250385433005));
#10078=CARTESIAN_POINT('',(0.0456147836961553,-0.000946728444401211,-0.000358250385433005));
#10079=CARTESIAN_POINT('',(0.0462872152999311,-0.000946728444401229,-0.00286779929533923));
#10080=CARTESIAN_POINT('',(0.0462872152999311,-0.000946728444401229,-0.00286779929533923));
#10081=CARTESIAN_POINT('',(0.0487967642098373,-0.000946728444401232,-0.00354023089911501));
#10082=CARTESIAN_POINT('',(0.0487967642098373,-0.000946728444401232,-0.00354023089911501));
#10083=CARTESIAN_POINT('',(0.049961449912192,-0.0030467284444012,0.000806435316921664));
#10084=CARTESIAN_POINT('',(0.049961449912192,-0.0030467284444012,0.000806435316921664));
#10085=CARTESIAN_POINT('',(0.049961449912192,-0.0030467284444012,0.000806435316921664));
#10086=CARTESIAN_POINT('',(0.049961449912192,-0.0030467284444012,0.000806435316921664));
#10087=CARTESIAN_POINT('',(0.0474519010022858,-0.0030467284444012,0.00147886692069745));
#10088=CARTESIAN_POINT('',(0.0474519010022858,-0.0030467284444012,0.00147886692069745));
#10089=CARTESIAN_POINT('',(0.0474519010022858,-0.0030467284444012,0.00147886692069745));
#10090=CARTESIAN_POINT('',(0.0474519010022858,-0.0030467284444012,0.00147886692069745));
#10091=CARTESIAN_POINT('',(0.0456147836961553,-0.00304672844440121,-0.00035825038543299));
#10092=CARTESIAN_POINT('',(0.0456147836961553,-0.00304672844440121,-0.00035825038543299));
#10093=CARTESIAN_POINT('',(0.0456147836961553,-0.00304672844440121,-0.00035825038543299));
#10094=CARTESIAN_POINT('',(0.0456147836961553,-0.00304672844440121,-0.00035825038543299));
#10095=CARTESIAN_POINT('',(0.0462872152999311,-0.00304672844440123,-0.00286779929533922));
#10096=CARTESIAN_POINT('',(0.0462872152999311,-0.00304672844440123,-0.00286779929533922));
#10097=CARTESIAN_POINT('',(0.0462872152999311,-0.00304672844440123,-0.00286779929533922));
#10098=CARTESIAN_POINT('',(0.0462872152999311,-0.00304672844440123,-0.00286779929533922));
#10099=CARTESIAN_POINT('',(0.0487967642098373,-0.00304672844440123,-0.003540230899115));
#10100=CARTESIAN_POINT('',(0.0487967642098373,-0.00304672844440123,-0.003540230899115));
#10101=CARTESIAN_POINT('',(0.0487967642098373,-0.00304672844440123,-0.003540230899115));
#10102=CARTESIAN_POINT('',(0.0487967642098373,-0.00304672844440123,-0.003540230899115));
#10103=CARTESIAN_POINT('',(0.0506338815159678,-0.00304672844440122,-0.00170311359298456));
#10104=CARTESIAN_POINT('',(0.0506338815159678,-0.00304672844440122,-0.00170311359298456));
#10105=CARTESIAN_POINT('',(0.0506338815159678,-0.00304672844440122,-0.00170311359298456));
#10106=CARTESIAN_POINT('',(0.0506338815159678,-0.00304672844440122,-0.00170311359298456));
#10107=CARTESIAN_POINT('',(0.0481243326060616,-0.00304672844440121,-0.00103068198920878));
#10108=CARTESIAN_POINT('',(0.0481243326060616,-0.00304672844440121,-0.00103068198920877));
#10109=CARTESIAN_POINT('',(0.0481243326060616,-0.00304672844440122,-0.00228068198920877));
#10110=CARTESIAN_POINT('',(0.0481243326060616,-0.000500000000013552,-0.00103068198920879));
#10111=CARTESIAN_POINT('',(0.0285142798664918,-0.000500000000034931,-6.16012881244742E-5));
#10112=CARTESIAN_POINT('',(0.0285142798664918,-0.000500000000034931,-6.16012881244742E-5));
#10113=CARTESIAN_POINT('',(0.0281907560601137,-0.000500000000034923,0.00114580599473686));
#10114=CARTESIAN_POINT('',(0.0285142798664918,-0.000500000000034931,-6.16012881244742E-5));
#10115=CARTESIAN_POINT('',(0.0285142798664918,-0.000946728444422594,-6.1601288124471E-5));
#10116=CARTESIAN_POINT('',(0.0285142798664918,-0.000946728444422603,-0.00131160128812447));
#10117=CARTESIAN_POINT('',(0.0285142798664918,-0.000946728444422594,-6.16012881244771E-5));
#10118=CARTESIAN_POINT('',(0.031023828776398,-0.000946728444422597,-0.000734032891900262));
#10119=CARTESIAN_POINT('',(0.031023828776398,-0.000946728444422597,-0.000734032891900262));
#10120=CARTESIAN_POINT('',(0.0303513971726222,-0.00094672844442258,0.00177551601800596));
#10121=CARTESIAN_POINT('',(0.0303513971726222,-0.00094672844442258,0.00177551601800596));
#10122=CARTESIAN_POINT('',(0.027841848262716,-0.000946728444422577,0.00244794762178175));
#10123=CARTESIAN_POINT('',(0.027841848262716,-0.000946728444422577,0.00244794762178175));
#10124=CARTESIAN_POINT('',(0.0260047309565856,-0.000946728444422591,0.000610830315651308));
#10125=CARTESIAN_POINT('',(0.0260047309565856,-0.000946728444422591,0.000610830315651308));
#10126=CARTESIAN_POINT('',(0.0266771625603613,-0.000946728444422608,-0.00189871859425492));
#10127=CARTESIAN_POINT('',(0.0266771625603613,-0.000946728444422608,-0.00189871859425492));
#10128=CARTESIAN_POINT('',(0.0291867114702676,-0.000946728444422611,-0.0025711501980307));
#10129=CARTESIAN_POINT('',(0.0291867114702676,-0.000946728444422611,-0.0025711501980307));
#10130=CARTESIAN_POINT('',(0.0303513971726222,-0.00304672844442258,0.00177551601800598));
#10131=CARTESIAN_POINT('',(0.0303513971726222,-0.00304672844442258,0.00177551601800598));
#10132=CARTESIAN_POINT('',(0.0303513971726222,-0.00304672844442258,0.00177551601800598));
#10133=CARTESIAN_POINT('',(0.0303513971726222,-0.00304672844442258,0.00177551601800598));
#10134=CARTESIAN_POINT('',(0.027841848262716,-0.00304672844442258,0.00244794762178176));
#10135=CARTESIAN_POINT('',(0.027841848262716,-0.00304672844442258,0.00244794762178176));
#10136=CARTESIAN_POINT('',(0.027841848262716,-0.00304672844442258,0.00244794762178176));
#10137=CARTESIAN_POINT('',(0.027841848262716,-0.00304672844442258,0.00244794762178176));
#10138=CARTESIAN_POINT('',(0.0260047309565856,-0.00304672844442259,0.000610830315651323));
#10139=CARTESIAN_POINT('',(0.0260047309565856,-0.00304672844442259,0.000610830315651323));
#10140=CARTESIAN_POINT('',(0.0260047309565856,-0.00304672844442259,0.000610830315651323));
#10141=CARTESIAN_POINT('',(0.0260047309565856,-0.00304672844442259,0.000610830315651323));
#10142=CARTESIAN_POINT('',(0.0266771625603613,-0.00304672844442261,-0.0018987185942549));
#10143=CARTESIAN_POINT('',(0.0266771625603613,-0.00304672844442261,-0.0018987185942549));
#10144=CARTESIAN_POINT('',(0.0266771625603613,-0.00304672844442261,-0.0018987185942549));
#10145=CARTESIAN_POINT('',(0.0266771625603613,-0.00304672844442261,-0.0018987185942549));
#10146=CARTESIAN_POINT('',(0.0291867114702676,-0.00304672844442261,-0.00257115019803069));
#10147=CARTESIAN_POINT('',(0.0291867114702676,-0.00304672844442261,-0.00257115019803069));
#10148=CARTESIAN_POINT('',(0.0291867114702676,-0.00304672844442261,-0.00257115019803069));
#10149=CARTESIAN_POINT('',(0.0291867114702676,-0.00304672844442261,-0.00257115019803069));
#10150=CARTESIAN_POINT('',(0.031023828776398,-0.0030467284444226,-0.000734032891900247));
#10151=CARTESIAN_POINT('',(0.031023828776398,-0.0030467284444226,-0.000734032891900247));
#10152=CARTESIAN_POINT('',(0.031023828776398,-0.0030467284444226,-0.000734032891900247));
#10153=CARTESIAN_POINT('',(0.031023828776398,-0.0030467284444226,-0.000734032891900247));
#10154=CARTESIAN_POINT('',(0.0285142798664918,-0.00304672844442259,-6.16012881244623E-5));
#10155=CARTESIAN_POINT('',(0.0285142798664918,-0.00304672844442259,-6.16012881244562E-5));
#10156=CARTESIAN_POINT('',(0.0285142798664918,-0.0030467284444226,-0.00131160128812446));
#10157=CARTESIAN_POINT('',(0.0285142798664918,-0.000500000000034931,-6.16012881244742E-5));
#10158=CARTESIAN_POINT('',(0.0288808439533244,-0.015,0.00347719782003263));
#10159=CARTESIAN_POINT('',(0.0353218763209406,-0.015,0.00244479946922746));
#10160=CARTESIAN_POINT('',(0.0259416071693018,-0.015,0.00394831223698656));
#10161=CARTESIAN_POINT('',(0.0259416071693018,-0.015,0.00394831223698656));
#10162=CARTESIAN_POINT('',(0.0353218763209406,-0.015,0.00244479946922746));
#10163=CARTESIAN_POINT('',(0.0468124976751551,-0.015,0.00346329523379061));
#10164=CARTESIAN_POINT('',(0.0452391239094733,-0.015,0.00371548283170688));
#10165=CARTESIAN_POINT('',(0.0546193930611116,-0.015,0.00221197006394785));
#10166=CARTESIAN_POINT('',(0.0546193930611116,-0.015,0.00221197006394785));
#10167=CARTESIAN_POINT('',(0.0452391239094733,-0.015,0.00371548283170688));
#10168=CARTESIAN_POINT('',(0.0698300043871408,-0.015,0.00331013017888025));
#10169=CARTESIAN_POINT('',(0.0647713179453577,-0.015,0.00412095975427447));
#10170=CARTESIAN_POINT('',(0.0765249505558514,-0.015,0.0022370333538971));
#10171=CARTESIAN_POINT('',(0.0765249505558514,-0.015,0.0022370333538971));
#10172=CARTESIAN_POINT('',(0.0633223558147161,-0.015,-0.00491897330609809));
#10173=CARTESIAN_POINT('',(0.0138299504462309,-0.015,-0.00221672819161494));
#10174=CARTESIAN_POINT('',(0.0145909121703636,-0.015,0.00253083760199149));
#10175=CARTESIAN_POINT('',(0.000760961724132727,-0.015,0.00474756579360642));
#10176=CARTESIAN_POINT('',(0.00521064301872557,-0.015,0.00403435036974974));
#10177=CARTESIAN_POINT('',(0.00444968129459284,-0.015,-0.000713215423856687));
#10178=CARTESIAN_POINT('',(0.006,0.000500000000000284,0.0075));
#10179=CARTESIAN_POINT('',(0.006,0.00110000000000028,0.0075));
#10180=CARTESIAN_POINT('',(0.0044207731343607,0.000500000000000284,0.00750006395722815));
#10181=CARTESIAN_POINT('',(0.0044207731343607,0.00110000000000028,0.00750006395722815));
#10182=CARTESIAN_POINT('',(0.00127336998546801,0.000500000000000284,0.00618490720059462));
#10183=CARTESIAN_POINT('',(0.00127336998546801,0.00110000000000028,0.00618490720059462));
#10184=CARTESIAN_POINT('',(-1.25408794129894E-5,0.000500000000000284,0.00302588792788319));
#10185=CARTESIAN_POINT('',(-1.25408794129894E-5,0.00110000000000028,0.00302588792788319));
#10186=CARTESIAN_POINT('',(-2.68972282291805E-20,0.000500000000000284,0.0014465560024401));
#10187=CARTESIAN_POINT('',(-2.68972282291805E-20,0.00110000000000028,0.0014465560024401));
#10188=CARTESIAN_POINT('',(0.006,0.00110000000000028,0.0075));
#10189=CARTESIAN_POINT('',(0.00574301247057572,0.00110000000000028,0.00750001040775737));
#10190=CARTESIAN_POINT('',(0.0053037252282159,0.00110000000000028,0.0074717321721024));
#10191=CARTESIAN_POINT('',(0.00466159693354008,0.00110000000000028,0.00735881317793796));
#10192=CARTESIAN_POINT('',(0.00410224389630223,0.00110000000000028,0.00720240950502309));
#10193=CARTESIAN_POINT('',(0.00358668330929399,0.00110000000000028,0.00700121539821494));
#10194=CARTESIAN_POINT('',(0.00313177174615218,0.00110000000000028,0.00677737179954073));
#10195=CARTESIAN_POINT('',(0.0026819654296466,0.00110000000000028,0.00650926171644665));
#10196=CARTESIAN_POINT('',(0.0022464803652796,0.00110000000000028,0.00619205737800889));
#10197=CARTESIAN_POINT('',(0.00182787664961249,0.00110000000000028,0.00582299371139864));
#10198=CARTESIAN_POINT('',(0.00142771921585237,0.00110000000000028,0.00540145756560949));
#10199=CARTESIAN_POINT('',(0.00104842281788248,0.00110000000000028,0.00490939781419278));
#10200=CARTESIAN_POINT('',(0.000707213058101534,0.00110000000000028,0.00435037131332439));
#10201=CARTESIAN_POINT('',(0.000424711682296009,0.00110000000000028,0.00375155119493341));
#10202=CARTESIAN_POINT('',(0.000200602835412163,0.00110000000000028,0.00309275687676893));
#10203=CARTESIAN_POINT('',(3.63275909647641E-5,0.00110000000000028,0.0023185644276078));
#10204=CARTESIAN_POINT('',(-2.49590791936989E-6,0.00110000000000028,0.001760877425222));
#10205=CARTESIAN_POINT('',(-2.68972282291805E-20,0.00110000000000028,0.0014465560024401));
#10206=CARTESIAN_POINT('',(0.006,0.000500000000000284,0.0075));
#10207=CARTESIAN_POINT('',(0.00574301247057572,0.000500000000000284,0.00750001040775737));
#10208=CARTESIAN_POINT('',(0.0053037252282159,0.000500000000000284,0.0074717321721024));
#10209=CARTESIAN_POINT('',(0.00466159693354008,0.000500000000000284,0.00735881317793796));
#10210=CARTESIAN_POINT('',(0.00410224389630223,0.000500000000000284,0.00720240950502309));
#10211=CARTESIAN_POINT('',(0.00358668330929399,0.000500000000000284,0.00700121539821494));
#10212=CARTESIAN_POINT('',(0.00313177174615218,0.000500000000000284,0.00677737179954073));
#10213=CARTESIAN_POINT('',(0.0026819654296466,0.000500000000000284,0.00650926171644665));
#10214=CARTESIAN_POINT('',(0.0022464803652796,0.000500000000000284,0.00619205737800889));
#10215=CARTESIAN_POINT('',(0.00182787664961249,0.000500000000000284,0.00582299371139864));
#10216=CARTESIAN_POINT('',(0.00142771921585237,0.000500000000000284,0.00540145756560949));
#10217=CARTESIAN_POINT('',(0.00104842281788248,0.000500000000000284,0.00490939781419278));
#10218=CARTESIAN_POINT('',(0.000707213058101534,0.000500000000000284,0.00435037131332439));
#10219=CARTESIAN_POINT('',(0.000424711682296009,0.000500000000000284,0.00375155119493341));
#10220=CARTESIAN_POINT('',(0.000200602835412163,0.000500000000000284,0.00309275687676893));
#10221=CARTESIAN_POINT('',(3.63275909647641E-5,0.000500000000000284,0.0023185644276078));
#10222=CARTESIAN_POINT('',(-2.49590791936989E-6,0.000500000000000284,0.001760877425222));
#10223=CARTESIAN_POINT('',(-2.68972282291805E-20,0.000500000000000284,0.0014465560024401));
#10224=CARTESIAN_POINT('',(0.006,0.000500000000000284,0.0075));
#10225=CARTESIAN_POINT('',(0.00575,0.000500000000000284,0.00200220890884916));
#10226=CARTESIAN_POINT('',(0.00173874305647093,0.000500000000000284,0.00572394157157514));
#10227=CARTESIAN_POINT('',(0.00173874305647093,0.00110000000000028,0.00572394157157514));
#10228=MECHANICAL_DESIGN_GEOMETRIC_PRESENTATION_REPRESENTATION('',(#5797),
#10229);
#10229=(
GEOMETRIC_REPRESENTATION_CONTEXT(3)
GLOBAL_UNCERTAINTY_ASSIGNED_CONTEXT((#10230))
GLOBAL_UNIT_ASSIGNED_CONTEXT((#10233,#10232,#10231))
REPRESENTATION_CONTEXT('Base Bone 1.2_V02_pinky',
'TOP_LEVEL_ASSEMBLY_PART')
);
#10230=UNCERTAINTY_MEASURE_WITH_UNIT(LENGTH_MEASURE(2.E-5),#10233,
'DISTANCE_ACCURACY_VALUE','Maximum Tolerance applied to model');
#10231=(
NAMED_UNIT(*)
SI_UNIT($,.STERADIAN.)
SOLID_ANGLE_UNIT()
);
#10232=(
NAMED_UNIT(*)
PLANE_ANGLE_UNIT()
SI_UNIT($,.RADIAN.)
);
#10233=(
LENGTH_UNIT()
NAMED_UNIT(*)
SI_UNIT($,.METRE.)
);
#10234=PRODUCT_DEFINITION_SHAPE('','',#10235);
#10235=PRODUCT_DEFINITION('','',#10237,#10236);
#10236=PRODUCT_DEFINITION_CONTEXT('',#10243,'design');
#10237=PRODUCT_DEFINITION_FORMATION_WITH_SPECIFIED_SOURCE('','',#10239,
 .NOT_KNOWN.);
#10238=PRODUCT_RELATED_PRODUCT_CATEGORY('','',(#10239));
#10239=PRODUCT('Base Bone 1.2_V02_pinky','Base Bone 1.2_V02_pinky',
'Base Bone 1.2_V02_pinky',(#10241));
#10240=PRODUCT_CATEGORY('','');
#10241=PRODUCT_CONTEXT('',#10243,'mechanical');
#10242=APPLICATION_PROTOCOL_DEFINITION('international standard',
'ap242_managed_model_based_3d_engineering',2020,#10243);
#10243=APPLICATION_CONTEXT('managed model based 3d engineering');
ENDSEC;
END-ISO-10303-21;
